ISO-10303-21;
HEADER;
FILE_DESCRIPTION (( 'STEP AP214' ),
    '1' );
FILE_NAME ('LewanSoul LX-16A.STEP',
    '2022-10-04T17:29:40',
    ( '' ),
    ( '' ),
    'SwSTEP 2.0',
    'SolidWorks 2022',
    '' );
FILE_SCHEMA (( 'AUTOMOTIVE_DESIGN' ));
ENDSEC;

DATA;
#1 = ORIENTED_EDGE ( 'NONE', *, *, #1540, .F. ) ;
#2 = ORIENTED_EDGE ( 'NONE', *, *, #2379, .F. ) ;
#3 = LINE ( 'NONE', #2139, #2035 ) ;
#4 = DIRECTION ( 'NONE',  ( -0.000000000000000000, 0.000000000000000000, 1.000000000000000000 ) ) ;
#5 = AXIS2_PLACEMENT_3D ( 'NONE', #1236, #3109, #1780 ) ;
#6 = PLANE ( 'NONE',  #2221 ) ;
#7 = CIRCLE ( 'NONE', #898, 0.6750000000000002665 ) ;
#8 = DIRECTION ( 'NONE',  ( -0.000000000000000000, 0.000000000000000000, 1.000000000000000000 ) ) ;
#9 = PLANE ( 'NONE',  #2063 ) ;
#10 = DIRECTION ( 'NONE',  ( 0.000000000000000000, 0.000000000000000000, -1.000000000000000000 ) ) ;
#11 = CARTESIAN_POINT ( 'NONE',  ( -4.274747468305496234, -4.949747468305973008, 19.40000000000000213 ) ) ;
#12 = DIRECTION ( 'NONE',  ( -0.000000000000000000, 0.000000000000000000, 1.000000000000000000 ) ) ;
#13 = DIRECTION ( 'NONE',  ( 1.000000000000000000, 0.000000000000000000, 0.000000000000000000 ) ) ;
#14 = ADVANCED_FACE ( 'NONE', ( #658 ), #1723, .F. ) ;
#15 = CIRCLE ( 'NONE', #1803, 9.849999999999999645 ) ;
#16 = MECHANICAL_DESIGN_GEOMETRIC_PRESENTATION_REPRESENTATION (  '', ( #2084 ), #583 ) ;
#17 = CARTESIAN_POINT ( 'NONE',  ( 0.000000000000000000, -17.00000000000000000, -16.08789077452769689 ) ) ;
#18 = CIRCLE ( 'NONE', #1645, 0.6750000000000002665 ) ;
#19 = ORIENTED_EDGE ( 'NONE', *, *, #1802, .F. ) ;
#20 = VERTEX_POINT ( 'NONE', #2867 ) ;
#21 = VERTEX_POINT ( 'NONE', #2849 ) ;
#22 = FACE_OUTER_BOUND ( 'NONE', #280, .T. ) ;
#23 = CARTESIAN_POINT ( 'NONE',  ( 11.93045018441156735, 0.000000000000000000, 16.00000000000000000 ) ) ;
#24 = ADVANCED_FACE ( 'NONE', ( #167 ), #1456, .F. ) ;
#25 = CIRCLE ( 'NONE', #1815, 9.849999999999999645 ) ;
#26 = LINE ( 'NONE', #1951, #529 ) ;
#27 = DIRECTION ( 'NONE',  ( -0.000000000000000000, 0.000000000000000000, 1.000000000000000000 ) ) ;
#28 = CYLINDRICAL_SURFACE ( 'NONE', #1783, 0.6750000000000002665 ) ;
#29 = SURFACE_STYLE_USAGE ( .BOTH. , #1300 ) ;
#30 = VERTEX_POINT ( 'NONE', #436 ) ;
#31 = ORIENTED_EDGE ( 'NONE', *, *, #2400, .F. ) ;
#32 = DIRECTION ( 'NONE',  ( -1.000000000000000000, 0.000000000000000000, 0.000000000000000000 ) ) ;
#33 = LINE ( 'NONE', #1907, #3025 ) ;
#34 = ORIENTED_EDGE ( 'NONE', *, *, #439, .T. ) ;
#35 = EDGE_CURVE ( 'NONE', #3208, #370, #2278, .T. ) ;
#36 = CARTESIAN_POINT ( 'NONE',  ( 0.000000000000000000, 7.000000000000000000, 14.50000000000000000 ) ) ;
#37 = ORIENTED_EDGE ( 'NONE', *, *, #1469, .F. ) ;
#38 = CIRCLE ( 'NONE', #147, 11.00000000000000000 ) ;
#39 = EDGE_CURVE ( 'NONE', #416, #3188, #283, .T. ) ;
#40 = ORIENTED_EDGE ( 'NONE', *, *, #3102, .T. ) ;
#41 = CARTESIAN_POINT ( 'NONE',  ( -9.999999999999998224, -17.00000000000000355, -17.50000000000000000 ) ) ;
#42 = DIRECTION ( 'NONE',  ( -0.000000000000000000, -0.000000000000000000, -1.000000000000000000 ) ) ;
#43 = ORIENTED_EDGE ( 'NONE', *, *, #3147, .F. ) ;
#44 = DIRECTION ( 'NONE',  ( -0.000000000000000000, -0.000000000000000000, 1.000000000000000000 ) ) ;
#45 = FACE_OUTER_BOUND ( 'NONE', #577, .T. ) ;
#46 = FACE_OUTER_BOUND ( 'NONE', #1615, .T. ) ;
#47 = EDGE_CURVE ( 'NONE', #1679, #3276, #1001, .T. ) ;
#48 = DIRECTION ( 'NONE',  ( -0.000000000000000000, -0.000000000000000000, -1.000000000000000000 ) ) ;
#49 = EDGE_CURVE ( 'NONE', #3386, #1785, #2329, .T. ) ;
#50 = EDGE_LOOP ( 'NONE', ( #2406, #2105 ) ) ;
#51 = DIRECTION ( 'NONE',  ( -0.000000000000000000, -0.000000000000000000, -1.000000000000000000 ) ) ;
#52 = PLANE ( 'NONE',  #2631 ) ;
#53 = AXIS2_PLACEMENT_3D ( 'NONE', #1936, #3027, #912 ) ;
#54 = CARTESIAN_POINT ( 'NONE',  ( -11.84999999999975273, -5.794609564069373775, 16.00000000000000000 ) ) ;
#55 = VERTEX_POINT ( 'NONE', #2311 ) ;
#56 = EDGE_LOOP ( 'NONE', ( #3130, #2318, #2043, #973, #1891, #3286 ) ) ;
#57 = ADVANCED_FACE ( 'NONE', ( #3087 ), #932, .T. ) ;
#58 = ORIENTED_EDGE ( 'NONE', *, *, #3401, .T. ) ;
#59 = EDGE_CURVE ( 'NONE', #157, #3022, #2005, .T. ) ;
#60 = ADVANCED_FACE ( 'NONE', ( #2590 ), #1493, .T. ) ;
#61 = CYLINDRICAL_SURFACE ( 'NONE', #2208, 0.9250000000000004885 ) ;
#62 = CARTESIAN_POINT ( 'NONE',  ( 0.000000000000000000, 0.000000000000000000, -14.50000000000000000 ) ) ;
#63 = CARTESIAN_POINT ( 'NONE',  ( 12.35000000000022524, -35.10000000000000853, -15.58045018441134744 ) ) ;
#64 = CARTESIAN_POINT ( 'NONE',  ( 4.274747468306168585, -4.949747468305694120, -14.50000000000000000 ) ) ;
#65 = AXIS2_PLACEMENT_3D ( 'NONE', #243, #12, #2129 ) ;
#66 = VERTEX_POINT ( 'NONE', #2797 ) ;
#67 = VECTOR ( 'NONE', #295, 1000.000000000000000 ) ;
#68 = VERTEX_POINT ( 'NONE', #417 ) ;
#69 = FACE_BOUND ( 'NONE', #1558, .T. ) ;
#70 = DIRECTION ( 'NONE',  ( -0.000000000000000000, 0.000000000000000000, 1.000000000000000000 ) ) ;
#71 = EDGE_CURVE ( 'NONE', #1663, #2545, #2338, .T. ) ;
#72 = CYLINDRICAL_SURFACE ( 'NONE', #2877, 0.6750000000000002665 ) ;
#73 = ORIENTED_EDGE ( 'NONE', *, *, #2274, .F. ) ;
#74 = AXIS2_PLACEMENT_3D ( 'NONE', #2686, #2934, #1312 ) ;
#75 = ORIENTED_EDGE ( 'NONE', *, *, #3193, .T. ) ;
#76 = ORIENTED_EDGE ( 'NONE', *, *, #2177, .T. ) ;
#77 = ADVANCED_FACE ( 'NONE', ( #3419 ), #151, .F. ) ;
#78 = CARTESIAN_POINT ( 'NONE',  ( -9.849999999999999645, 0.000000000000000000, 19.40000000000000213 ) ) ;
#79 = DIRECTION ( 'NONE',  ( -0.000000000000000000, -0.000000000000000000, -1.000000000000000000 ) ) ;
#80 = CARTESIAN_POINT ( 'NONE',  ( 9.249999999999989342, -17.00000000000000000, -16.08789077452769689 ) ) ;
#81 = DIRECTION ( 'NONE',  ( -0.000000000000000000, 0.000000000000000000, 1.000000000000000000 ) ) ;
#82 = ORIENTED_EDGE ( 'NONE', *, *, #2945, .T. ) ;
#83 = EDGE_CURVE ( 'NONE', #429, #2071, #710, .T. ) ;
#84 = ORIENTED_EDGE ( 'NONE', *, *, #2718, .F. ) ;
#85 = CARTESIAN_POINT ( 'NONE',  ( 0.000000000000000000, 0.000000000000000000, -14.50000000000000000 ) ) ;
#86 = DIRECTION ( 'NONE',  ( 0.000000000000000000, 1.000000000000000000, 0.000000000000000000 ) ) ;
#87 = PLANE ( 'NONE',  #2193 ) ;
#88 = ORIENTED_EDGE ( 'NONE', *, *, #2948, .T. ) ;
#89 = ORIENTED_EDGE ( 'NONE', *, *, #2936, .F. ) ;
#90 = EDGE_CURVE ( 'NONE', #1118, #2636, #981, .T. ) ;
#91 = CIRCLE ( 'NONE', #3311, 0.9250000000000004885 ) ;
#92 = AXIS2_PLACEMENT_3D ( 'NONE', #94, #2632, #1786 ) ;
#93 = CIRCLE ( 'NONE', #549, 0.6750000000000000444 ) ;
#94 = CARTESIAN_POINT ( 'NONE',  ( 0.000000000000000000, 0.000000000000000000, -14.50000000000000000 ) ) ;
#95 = CARTESIAN_POINT ( 'NONE',  ( 0.000000000000000000, 0.000000000000000000, 17.05000000000000071 ) ) ;
#96 = CARTESIAN_POINT ( 'NONE',  ( 10.67180073764566295, 10.09999999999999964, 14.50000000000000000 ) ) ;
#97 = CARTESIAN_POINT ( 'NONE',  ( -9.575000000000001066, -8.500000000000001776, 11.00000000000000000 ) ) ;
#98 = VERTEX_POINT ( 'NONE', #1510 ) ;
#99 = EDGE_LOOP ( 'NONE', ( #682, #2505, #399, #3486 ) ) ;
#100 = ORIENTED_EDGE ( 'NONE', *, *, #1699, .F. ) ;
#101 = FILL_AREA_STYLE ('',( #347 ) ) ;
#102 = LINE ( 'NONE', #934, #322 ) ;
#103 = CARTESIAN_POINT ( 'NONE',  ( 11.23574889679288269, 9.427912755299406200, 14.50000000000000000 ) ) ;
#104 = AXIS2_PLACEMENT_3D ( 'NONE', #2938, #2902, #2075 ) ;
#105 = CARTESIAN_POINT ( 'NONE',  ( 0.6750000000003940626, -7.000000000000000000, -17.64999999999999858 ) ) ;
#106 = ORIENTED_EDGE ( 'NONE', *, *, #2948, .F. ) ;
#107 = AXIS2_PLACEMENT_3D ( 'NONE', #1319, #2098, #2407 ) ;
#108 = ORIENTED_EDGE ( 'NONE', *, *, #2988, .T. ) ;
#109 = CARTESIAN_POINT ( 'NONE',  ( 11.42499999999999893, -8.500000000000001776, -11.00000000000000000 ) ) ;
#110 = CYLINDRICAL_SURFACE ( 'NONE', #499, 0.9250000000000004885 ) ;
#111 = CYLINDRICAL_SURFACE ( 'NONE', #2565, 0.6750000000000002665 ) ;
#112 = DIRECTION ( 'NONE',  ( -0.000000000000000000, 0.000000000000000000, 1.000000000000000000 ) ) ;
#113 = ORIENTED_EDGE ( 'NONE', *, *, #2093, .T. ) ;
#114 = DIRECTION ( 'NONE',  ( 0.000000000000000000, -1.000000000000000000, 0.000000000000000000 ) ) ;
#115 = VERTEX_POINT ( 'NONE', #3068 ) ;
#116 = CARTESIAN_POINT ( 'NONE',  ( 10.00000000000000178, -11.99999999999999822, -17.50000000000000000 ) ) ;
#117 = LINE ( 'NONE', #2261, #1765 ) ;
#118 = AXIS2_PLACEMENT_3D ( 'NONE', #1303, #1042, #276 ) ;
#119 = LINE ( 'NONE', #349, #3344 ) ;
#120 = ORIENTED_EDGE ( 'NONE', *, *, #1429, .F. ) ;
#121 = ORIENTED_EDGE ( 'NONE', *, *, #2600, .T. ) ;
#122 = CARTESIAN_POINT ( 'NONE',  ( 11.93045018441156735, -35.10000000000000853, 16.00000000000000000 ) ) ;
#123 = ORIENTED_EDGE ( 'NONE', *, *, #1364, .T. ) ;
#124 = AXIS2_PLACEMENT_3D ( 'NONE', #17, #2392, #2679 ) ;
#125 = AXIS2_PLACEMENT_3D ( 'NONE', #758, #1085, #2654 ) ;
#126 = VERTEX_POINT ( 'NONE', #642 ) ;
#127 = CIRCLE ( 'NONE', #1351, 0.6750000000000002665 ) ;
#128 = AXIS2_PLACEMENT_3D ( 'NONE', #3106, #3441, #1481 ) ;
#129 = CARTESIAN_POINT ( 'NONE',  ( 9.349999999999772271, -5.794609564069373775, 16.00000000000000000 ) ) ;
#130 = CIRCLE ( 'NONE', #2087, 0.9250000000000004885 ) ;
#131 = DIRECTION ( 'NONE',  ( 0.000000000000000000, 0.000000000000000000, -1.000000000000000000 ) ) ;
#132 = ADVANCED_FACE ( 'NONE', ( #1706 ), #380, .F. ) ;
#133 = CARTESIAN_POINT ( 'NONE',  ( 10.00000000000000178, -16.99999999999999645, -17.50000000000000000 ) ) ;
#134 = EDGE_CURVE ( 'NONE', #157, #1623, #1543, .T. ) ;
#135 = ORIENTED_EDGE ( 'NONE', *, *, #3447, .F. ) ;
#136 = DIRECTION ( 'NONE',  ( -0.000000000000000000, 0.000000000000000000, 1.000000000000000000 ) ) ;
#137 = FILL_AREA_STYLE ('',( #2592 ) ) ;
#138 = DIRECTION ( 'NONE',  ( -0.000000000000000000, 0.000000000000000000, 1.000000000000000000 ) ) ;
#139 = CIRCLE ( 'NONE', #1082, 0.6750000000000002665 ) ;
#140 = CARTESIAN_POINT ( 'NONE',  ( -1.375000000000000000, 1.683889348827610506E-16, -18.19999999999999574 ) ) ;
#141 = ORIENTED_EDGE ( 'NONE', *, *, #3036, .F. ) ;
#142 = EDGE_LOOP ( 'NONE', ( #1204, #1614 ) ) ;
#143 = CARTESIAN_POINT ( 'NONE',  ( 0.6750000000003940626, -7.000000000000000000, 14.50000000000000000 ) ) ;
#144 = ORIENTED_EDGE ( 'NONE', *, *, #1282, .F. ) ;
#145 = ADVANCED_FACE ( 'NONE', ( #221 ), #1793, .T. ) ;
#146 = ORIENTED_EDGE ( 'NONE', *, *, #183, .T. ) ;
#147 = AXIS2_PLACEMENT_3D ( 'NONE', #474, #159, #3201 ) ;
#148 = DIRECTION ( 'NONE',  ( -0.000000000000000000, -0.000000000000000000, -1.000000000000000000 ) ) ;
#149 = LINE ( 'NONE', #483, #2433 ) ;
#150 = ORIENTED_EDGE ( 'NONE', *, *, #3470, .T. ) ;
#151 = CYLINDRICAL_SURFACE ( 'NONE', #1592, 0.9250000000000004885 ) ;
#152 = VERTEX_POINT ( 'NONE', #3174 ) ;
#153 = FACE_OUTER_BOUND ( 'NONE', #264, .T. ) ;
#154 = LINE ( 'NONE', #2296, #2028 ) ;
#155 = FILL_AREA_STYLE ('',( #3157 ) ) ;
#156 = CARTESIAN_POINT ( 'NONE',  ( 4.274747468305890585, 4.949747468305973008, 14.50000000000000000 ) ) ;
#157 = VERTEX_POINT ( 'NONE', #3456 ) ;
#158 = ORIENTED_EDGE ( 'NONE', *, *, #2742, .F. ) ;
#159 = DIRECTION ( 'NONE',  ( -0.000000000000000000, 0.000000000000000000, 1.000000000000000000 ) ) ;
#160 = ORIENTED_EDGE ( 'NONE', *, *, #897, .F. ) ;
#161 = VECTOR ( 'NONE', #2608, 1000.000000000000000 ) ;
#162 = AXIS2_PLACEMENT_3D ( 'NONE', #2644, #2675, #2369 ) ;
#163 = EDGE_LOOP ( 'NONE', ( #1753, #3432, #736, #838 ) ) ;
#164 = DIRECTION ( 'NONE',  ( -0.000000000000000000, 0.000000000000000000, 1.000000000000000000 ) ) ;
#165 = EDGE_CURVE ( 'NONE', #3276, #643, #3194, .T. ) ;
#166 = PLANE ( 'NONE',  #1127 ) ;
#167 = FACE_OUTER_BOUND ( 'NONE', #1358, .T. ) ;
#168 = CARTESIAN_POINT ( 'NONE',  ( 10.49999999999999822, -8.500000000000001776, -11.00000000000000000 ) ) ;
#169 = CARTESIAN_POINT ( 'NONE',  ( -4.274747468305496234, -4.949747468305973008, -17.64999999999999858 ) ) ;
#170 = CARTESIAN_POINT ( 'NONE',  ( -10.34999999999976339, 10.09999999999999964, -14.50000000000000000 ) ) ;
#171 = DIRECTION ( 'NONE',  ( 0.000000000000000000, 0.000000000000000000, 1.000000000000000000 ) ) ;
#172 = ORIENTED_EDGE ( 'NONE', *, *, #1302, .T. ) ;
#173 = ORIENTED_EDGE ( 'NONE', *, *, #1634, .T. ) ;
#174 = CARTESIAN_POINT ( 'NONE',  ( 0.000000000000000000, 0.000000000000000000, 19.90000000000000213 ) ) ;
#175 = ORIENTED_EDGE ( 'NONE', *, *, #669, .F. ) ;
#176 = CIRCLE ( 'NONE', #2127, 0.6750000000000002665 ) ;
#177 = EDGE_CURVE ( 'NONE', #1133, #381, #2688, .T. ) ;
#178 = CARTESIAN_POINT ( 'NONE',  ( -7.000000000000000000, -35.10000000000000853, 17.05000000000000071 ) ) ;
#179 = EDGE_CURVE ( 'NONE', #887, #1980, #1548, .T. ) ;
#180 = ORIENTED_EDGE ( 'NONE', *, *, #2154, .F. ) ;
#181 = FACE_OUTER_BOUND ( 'NONE', #2612, .T. ) ;
#182 = CIRCLE ( 'NONE', #1918, 0.9250000000000004885 ) ;
#183 = EDGE_CURVE ( 'NONE', #2288, #1340, #3137, .T. ) ;
#184 = DIRECTION ( 'NONE',  ( -0.000000000000000000, -0.000000000000000000, -1.000000000000000000 ) ) ;
#185 = CARTESIAN_POINT ( 'NONE',  ( 0.000000000000000000, 0.000000000000000000, -17.64999999999999858 ) ) ;
#186 = SURFACE_STYLE_FILL_AREA ( #137 ) ;
#187 = CARTESIAN_POINT ( 'NONE',  ( -9.250000000000010658, 0.000000000000000000, -17.85000000000000142 ) ) ;
#188 = EDGE_CURVE ( 'NONE', #115, #632, #2630, .T. ) ;
#189 = CARTESIAN_POINT ( 'NONE',  ( 0.000000000000000000, -35.10000000000000853, 16.00000000000000000 ) ) ;
#190 = ORIENTED_EDGE ( 'NONE', *, *, #2131, .F. ) ;
#191 = ORIENTED_EDGE ( 'NONE', *, *, #600, .F. ) ;
#192 = FACE_OUTER_BOUND ( 'NONE', #3146, .T. ) ;
#193 = VERTEX_POINT ( 'NONE', #269 ) ;
#194 = CARTESIAN_POINT ( 'NONE',  ( 5.624747468306169118, -4.949747468305694120, -17.64999999999999858 ) ) ;
#195 = EDGE_CURVE ( 'NONE', #68, #2006, #793, .T. ) ;
#196 = EDGE_LOOP ( 'NONE', ( #1098, #3115 ) ) ;
#197 = ORIENTED_EDGE ( 'NONE', *, *, #2770, .F. ) ;
#198 = EDGE_CURVE ( 'NONE', #2909, #735, #3154, .T. ) ;
#199 = DIRECTION ( 'NONE',  ( -0.000000000000000000, -0.000000000000000000, 1.000000000000000000 ) ) ;
#200 = DIRECTION ( 'NONE',  ( 1.000000000000000000, 0.000000000000000000, 0.000000000000000000 ) ) ;
#201 = ADVANCED_FACE ( 'NONE', ( #1575 ), #6, .T. ) ;
#202 = DIRECTION ( 'NONE',  ( 1.000000000000000000, 0.000000000000000000, 0.000000000000000000 ) ) ;
#203 = DIRECTION ( 'NONE',  ( 1.000000000000000000, 0.000000000000000000, 0.000000000000000000 ) ) ;
#204 = CARTESIAN_POINT ( 'NONE',  ( -11.42500000000000249, -8.500000000000001776, -11.00000000000000000 ) ) ;
#205 = AXIS2_PLACEMENT_3D ( 'NONE', #2831, #3402, #1986 ) ;
#206 = FACE_OUTER_BOUND ( 'NONE', #2561, .T. ) ;
#207 = AXIS2_PLACEMENT_3D ( 'NONE', #2858, #444, #2926 ) ;
#208 = LINE ( 'NONE', #242, #274 ) ;
#209 = CARTESIAN_POINT ( 'NONE',  ( -22.75799960703540137, -5.794609564069373775, -3.096229076596262786 ) ) ;
#210 = DIRECTION ( 'NONE',  ( 0.000000000000000000, 0.000000000000000000, 1.000000000000000000 ) ) ;
#211 = ORIENTED_EDGE ( 'NONE', *, *, #1023, .F. ) ;
#212 = CARTESIAN_POINT ( 'NONE',  ( -5.624747468305777431, 4.949747468305693232, 14.50000000000000000 ) ) ;
#213 = EDGE_LOOP ( 'NONE', ( #411, #649 ) ) ;
#214 = ORIENTED_EDGE ( 'NONE', *, *, #824, .T. ) ;
#215 = ORIENTED_EDGE ( 'NONE', *, *, #1990, .F. ) ;
#216 = ORIENTED_EDGE ( 'NONE', *, *, #824, .F. ) ;
#217 = DIRECTION ( 'NONE',  ( -0.000000000000000000, -0.7660444431189776804, -0.6427876096865396960 ) ) ;
#218 = CIRCLE ( 'NONE', #1224, 0.6750000000000002665 ) ;
#219 = CARTESIAN_POINT ( 'NONE',  ( 0.000000000000000000, 0.000000000000000000, 14.50000000000000000 ) ) ;
#220 = ADVANCED_FACE ( 'NONE', ( #470 ), #1846, .T. ) ;
#221 = FACE_OUTER_BOUND ( 'NONE', #631, .T. ) ;
#222 = DIRECTION ( 'NONE',  ( -0.000000000000000000, 0.000000000000000000, 1.000000000000000000 ) ) ;
#223 = LINE ( 'NONE', #1577, #885 ) ;
#224 = DIRECTION ( 'NONE',  ( 0.000000000000000000, -0.000000000000000000, 1.000000000000000000 ) ) ;
#225 = CARTESIAN_POINT ( 'NONE',  ( 1.375000000000000000, 0.000000000000000000, -18.19999999999999574 ) ) ;
#226 = DIRECTION ( 'NONE',  ( -0.000000000000000000, 0.000000000000000000, 1.000000000000000000 ) ) ;
#227 = PLANE ( 'NONE',  #207 ) ;
#228 = ORIENTED_EDGE ( 'NONE', *, *, #2227, .F. ) ;
#229 = EDGE_CURVE ( 'NONE', #370, #1197, #2032, .T. ) ;
#230 = CARTESIAN_POINT ( 'NONE',  ( 10.49999999999999822, -8.500000000000001776, -16.00000000000000000 ) ) ;
#231 = VERTEX_POINT ( 'NONE', #1262 ) ;
#232 = VECTOR ( 'NONE', #1498, 1000.000000000000000 ) ;
#233 = FACE_OUTER_BOUND ( 'NONE', #3039, .T. ) ;
#234 = CARTESIAN_POINT ( 'NONE',  ( -6.999999999999802824, -1.978189201313621547E-13, 19.40000000000000213 ) ) ;
#235 =( NAMED_UNIT ( * ) SI_UNIT ( $, .STERADIAN. ) SOLID_ANGLE_UNIT ( ) );
#236 = VECTOR ( 'NONE', #131, 1000.000000000000000 ) ;
#237 = CARTESIAN_POINT ( 'NONE',  ( -11.93045018441111615, -5.794609564069373775, -16.00000000000000000 ) ) ;
#238 = DIRECTION ( 'NONE',  ( 0.000000000000000000, 0.000000000000000000, 1.000000000000000000 ) ) ;
#239 = EDGE_CURVE ( 'NONE', #766, #152, #963, .T. ) ;
#240 = CARTESIAN_POINT ( 'NONE',  ( 9.349999999999772271, -5.794609564069373775, 16.00000000000000000 ) ) ;
#241 = EDGE_CURVE ( 'NONE', #590, #2717, #2782, .T. ) ;
#242 = CARTESIAN_POINT ( 'NONE',  ( -12.34999999999977405, 0.000000000000000000, -14.50000000000000000 ) ) ;
#243 = CARTESIAN_POINT ( 'NONE',  ( 0.000000000000000000, 0.000000000000000000, 14.50000000000000000 ) ) ;
#244 = CARTESIAN_POINT ( 'NONE',  ( -4.949747468305496945, -4.949747468305973008, 14.50000000000000000 ) ) ;
#245 = VERTEX_POINT ( 'NONE', #1345 ) ;
#246 = LINE ( 'NONE', #1873, #1743 ) ;
#247 = ORIENTED_EDGE ( 'NONE', *, *, #1169, .T. ) ;
#248 = AXIS2_PLACEMENT_3D ( 'NONE', #1563, #3459, #2096 ) ;
#249 = ORIENTED_EDGE ( 'NONE', *, *, #1271, .T. ) ;
#250 = EDGE_CURVE ( 'NONE', #2634, #1118, #1640, .T. ) ;
#251 = CARTESIAN_POINT ( 'NONE',  ( 0.000000000000000000, -5.794609564069373775, 16.00000000000000000 ) ) ;
#252 = FACE_BOUND ( 'NONE', #196, .T. ) ;
#253 = DIRECTION ( 'NONE',  ( 1.000000000000000000, 0.000000000000000000, 0.000000000000000000 ) ) ;
#254 = CARTESIAN_POINT ( 'NONE',  ( 7.000000000000197176, 1.969616673719589582E-13, -14.50000000000000000 ) ) ;
#255 = DIRECTION ( 'NONE',  ( 1.000000000000000000, 0.000000000000000000, 0.000000000000000000 ) ) ;
#256 = FILL_AREA_STYLE_COLOUR ( '', #2107 ) ;
#257 = PLANE ( 'NONE',  #3153 ) ;
#258 = AXIS2_PLACEMENT_3D ( 'NONE', #1407, #1460, #1676 ) ;
#259 = DIRECTION ( 'NONE',  ( 1.000000000000000000, 0.000000000000000000, 0.000000000000000000 ) ) ;
#260 = FACE_OUTER_BOUND ( 'NONE', #2769, .T. ) ;
#261 = UNCERTAINTY_MEASURE_WITH_UNIT (LENGTH_MEASURE( 1.000000000000000082E-05 ), #773, 'distance_accuracy_value', 'NONE');
#262 = DIRECTION ( 'NONE',  ( 1.000000000000000000, 0.000000000000000000, 0.000000000000000000 ) ) ;
#263 = ORIENTED_EDGE ( 'NONE', *, *, #2310, .F. ) ;
#264 = EDGE_LOOP ( 'NONE', ( #1323, #3372, #970, #2286 ) ) ;
#265 = CARTESIAN_POINT ( 'NONE',  ( 6.325000000000196465, 1.970443310309014063E-13, -17.64999999999999858 ) ) ;
#266 = EDGE_CURVE ( 'NONE', #2717, #395, #2507, .T. ) ;
#267 = FACE_OUTER_BOUND ( 'NONE', #3037, .T. ) ;
#268 = EDGE_CURVE ( 'NONE', #907, #880, #1752, .T. ) ;
#269 = CARTESIAN_POINT ( 'NONE',  ( 5.624747468305891118, 4.949747468305973008, 19.40000000000000213 ) ) ;
#270 = AXIS2_PLACEMENT_3D ( 'NONE', #2955, #1611, #203 ) ;
#271 = DIRECTION ( 'NONE',  ( 1.000000000000000000, 0.000000000000000000, 0.000000000000000000 ) ) ;
#272 = LINE ( 'NONE', #2939, #562 ) ;
#273 = EDGE_LOOP ( 'NONE', ( #425, #834 ) ) ;
#274 = VECTOR ( 'NONE', #748, 1000.000000000000000 ) ;
#275 = LINE ( 'NONE', #2351, #3218 ) ;
#276 = DIRECTION ( 'NONE',  ( 1.000000000000000000, 0.000000000000000000, 0.000000000000000000 ) ) ;
#277 = CARTESIAN_POINT ( 'NONE',  ( 3.939233347439179164E-13, -7.000000000000000000, 14.50000000000000000 ) ) ;
#278 = AXIS2_PLACEMENT_3D ( 'NONE', #2133, #1570, #262 ) ;
#279 = CARTESIAN_POINT ( 'NONE',  ( 10.49999999999999822, -8.500000000000001776, -11.00000000000000000 ) ) ;
#280 = EDGE_LOOP ( 'NONE', ( #180, #1179, #2543, #1392 ) ) ;
#281 = EDGE_CURVE ( 'NONE', #395, #1293, #26, .T. ) ;
#282 = ORIENTED_EDGE ( 'NONE', *, *, #2213, .F. ) ;
#283 = CIRCLE ( 'NONE', #840, 0.6750000000000002665 ) ;
#284 = LINE ( 'NONE', #251, #2264 ) ;
#285 = CYLINDRICAL_SURFACE ( 'NONE', #1635, 0.6750000000000000444 ) ;
#286 = AXIS2_PLACEMENT_3D ( 'NONE', #780, #2448, #1058 ) ;
#287 = CARTESIAN_POINT ( 'NONE',  ( -12.34999999999977049, -5.794609564069373775, 14.50000000000000000 ) ) ;
#288 = AXIS2_PLACEMENT_3D ( 'NONE', #1725, #3388, #3155 ) ;
#289 = CARTESIAN_POINT ( 'NONE',  ( -4.949747468305776721, 4.949747468305693232, 19.40000000000000213 ) ) ;
#290 = CARTESIAN_POINT ( 'NONE',  ( 0.000000000000000000, 0.000000000000000000, -17.64999999999999858 ) ) ;
#291 = CARTESIAN_POINT ( 'NONE',  ( -9.575000000000001066, -29.50000000000000711, 11.00000000000000000 ) ) ;
#292 = ORIENTED_EDGE ( 'NONE', *, *, #1356, .T. ) ;
#293 = ADVANCED_FACE ( 'NONE', ( #357 ), #1365, .F. ) ;
#294 = EDGE_LOOP ( 'NONE', ( #2234, #3300, #3414, #3098 ) ) ;
#295 = DIRECTION ( 'NONE',  ( -0.000000000000000000, -0.000000000000000000, -1.000000000000000000 ) ) ;
#296 = EDGE_CURVE ( 'NONE', #1673, #1980, #605, .T. ) ;
#297 = DIRECTION ( 'NONE',  ( 1.000000000000000000, 0.000000000000000000, 0.000000000000000000 ) ) ;
#298 = VECTOR ( 'NONE', #10, 1000.000000000000000 ) ;
#299 = VERTEX_POINT ( 'NONE', #2458 ) ;
#300 = CIRCLE ( 'NONE', #354, 0.6750000000000000444 ) ;
#301 = CARTESIAN_POINT ( 'NONE',  ( 7.000000000000197176, 1.969616673719589582E-13, -17.64999999999999858 ) ) ;
#302 = AXIS2_PLACEMENT_3D ( 'NONE', #972, #3183, #3463 ) ;
#303 = ORIENTED_EDGE ( 'NONE', *, *, #634, .F. ) ;
#304 = ORIENTED_EDGE ( 'NONE', *, *, #646, .T. ) ;
#305 = ADVANCED_FACE ( 'NONE', ( #573 ), #61, .F. ) ;
#306 = ORIENTED_EDGE ( 'NONE', *, *, #3081, .T. ) ;
#307 = CARTESIAN_POINT ( 'NONE',  ( 10.49999999999999822, -33.00000000000000000, -11.00000000000000000 ) ) ;
#308 = CYLINDRICAL_SURFACE ( 'NONE', #3295, 0.6750000000000002665 ) ;
#309 = ADVANCED_FACE ( 'NONE', ( #1071 ), #865, .F. ) ;
#310 = AXIS2_PLACEMENT_3D ( 'NONE', #1049, #1296, #3210 ) ;
#311 = DIRECTION ( 'NONE',  ( 1.000000000000000000, 0.000000000000000000, 0.000000000000000000 ) ) ;
#312 = LINE ( 'NONE', #1087, #1666 ) ;
#313 = CARTESIAN_POINT ( 'NONE',  ( 4.949747468306169296, -4.949747468305694120, 19.40000000000000213 ) ) ;
#314 = VERTEX_POINT ( 'NONE', #1920 ) ;
#315 = ORIENTED_EDGE ( 'NONE', *, *, #1888, .T. ) ;
#316 = LINE ( 'NONE', #626, #1568 ) ;
#317 = CARTESIAN_POINT ( 'NONE',  ( 11.42499999999999893, -8.500000000000001776, 11.00000000000000000 ) ) ;
#318 = ORIENTED_EDGE ( 'NONE', *, *, #1110, .F. ) ;
#319 = CARTESIAN_POINT ( 'NONE',  ( 0.000000000000000000, -5.794609564069373775, 16.00000000000000000 ) ) ;
#320 = EDGE_CURVE ( 'NONE', #3077, #2779, #636, .T. ) ;
#321 = PRESENTATION_LAYER_ASSIGNMENT (  '', '', ( #2047 ) ) ;
#322 = VECTOR ( 'NONE', #1976, 1000.000000000000000 ) ;
#323 = ORIENTED_EDGE ( 'NONE', *, *, #2042, .F. ) ;
#324 = DIRECTION ( 'NONE',  ( 0.000000000000000000, -1.000000000000000000, 0.000000000000000000 ) ) ;
#325 = LINE ( 'NONE', #1651, #1047 ) ;
#326 = FACE_OUTER_BOUND ( 'NONE', #1492, .T. ) ;
#327 = LINE ( 'NONE', #1419, #520 ) ;
#328 = EDGE_CURVE ( 'NONE', #1092, #2453, #1629, .T. ) ;
#329 = ORIENTED_EDGE ( 'NONE', *, *, #3481, .T. ) ;
#330 = DIRECTION ( 'NONE',  ( -0.000000000000000000, 0.000000000000000000, 1.000000000000000000 ) ) ;
#331 = DIRECTION ( 'NONE',  ( -0.000000000000000000, -0.000000000000000000, -1.000000000000000000 ) ) ;
#332 = CIRCLE ( 'NONE', #1778, 0.6750000000000002665 ) ;
#333 = LINE ( 'NONE', #103, #1126 ) ;
#334 = VERTEX_POINT ( 'NONE', #1935 ) ;
#335 = EDGE_LOOP ( 'NONE', ( #1886, #3313, #211, #870, #1688, #2467, #2490, #1932 ) ) ;
#336 = EDGE_CURVE ( 'NONE', #3243, #734, #3042, .T. ) ;
#337 = EDGE_LOOP ( 'NONE', ( #651, #2088, #3391, #1917 ) ) ;
#338 = DIRECTION ( 'NONE',  ( 0.000000000000000000, -0.000000000000000000, -1.000000000000000000 ) ) ;
#339 = LINE ( 'NONE', #1400, #1497 ) ;
#340 = DIRECTION ( 'NONE',  ( -0.000000000000000000, 0.000000000000000000, 1.000000000000000000 ) ) ;
#341 = LINE ( 'NONE', #2812, #905 ) ;
#342 = AXIS2_PLACEMENT_3D ( 'NONE', #1377, #1712, #1661 ) ;
#343 = ORIENTED_EDGE ( 'NONE', *, *, #1662, .F. ) ;
#344 = VECTOR ( 'NONE', #2465, 1000.000000000000000 ) ;
#345 = EDGE_LOOP ( 'NONE', ( #3225, #2416, #2195, #992, #1449 ) ) ;
#346 = EDGE_CURVE ( 'NONE', #98, #1353, #2495, .T. ) ;
#347 = FILL_AREA_STYLE_COLOUR ( '', #2132 ) ;
#348 = CARTESIAN_POINT ( 'NONE',  ( -3.875000000000000000, 4.745506346695993894E-16, -18.19999999999999574 ) ) ;
#349 = CARTESIAN_POINT ( 'NONE',  ( -12.34999999999977049, -5.794609564069373775, 16.00000000000000000 ) ) ;
#350 = ORIENTED_EDGE ( 'NONE', *, *, #2550, .T. ) ;
#351 = CIRCLE ( 'NONE', #74, 0.6750000000000002665 ) ;
#352 = EDGE_LOOP ( 'NONE', ( #806, #1674 ) ) ;
#353 = ORIENTED_EDGE ( 'NONE', *, *, #1589, .F. ) ;
#354 = AXIS2_PLACEMENT_3D ( 'NONE', #1532, #1513, #1218 ) ;
#355 = ADVANCED_FACE ( 'NONE', ( #809, #1137 ), #2217, .T. ) ;
#356 = EDGE_CURVE ( 'NONE', #2302, #373, #3247, .T. ) ;
#357 = FACE_OUTER_BOUND ( 'NONE', #479, .T. ) ;
#358 = DIRECTION ( 'NONE',  ( 1.000000000000000000, 0.000000000000000000, 0.000000000000000000 ) ) ;
#359 = LINE ( 'NONE', #1418, #3016 ) ;
#360 = CARTESIAN_POINT ( 'NONE',  ( 4.949747468306169296, -4.949747468305694120, -14.50000000000000000 ) ) ;
#361 = VERTEX_POINT ( 'NONE', #287 ) ;
#362 = VERTEX_POINT ( 'NONE', #2703 ) ;
#363 = ORIENTED_EDGE ( 'NONE', *, *, #3415, .F. ) ;
#364 = FACE_BOUND ( 'NONE', #1270, .T. ) ;
#365 = LINE ( 'NONE', #1944, #2799 ) ;
#366 = ORIENTED_EDGE ( 'NONE', *, *, #2078, .T. ) ;
#367 = DIRECTION ( 'NONE',  ( -0.000000000000000000, 0.000000000000000000, 1.000000000000000000 ) ) ;
#368 = EDGE_LOOP ( 'NONE', ( #366, #615, #1274, #2186, #1457 ) ) ;
#369 = CYLINDRICAL_SURFACE ( 'NONE', #3352, 0.9250000000000004885 ) ;
#370 = VERTEX_POINT ( 'NONE', #1086 ) ;
#371 = VERTEX_POINT ( 'NONE', #828 ) ;
#372 = CIRCLE ( 'NONE', #653, 0.6750000000000002665 ) ;
#373 = VERTEX_POINT ( 'NONE', #2031 ) ;
#374 = DIRECTION ( 'NONE',  ( -0.000000000000000000, -0.000000000000000000, 1.000000000000000000 ) ) ;
#375 = DIRECTION ( 'NONE',  ( 0.000000000000000000, 0.000000000000000000, -1.000000000000000000 ) ) ;
#376 = DIRECTION ( 'NONE',  ( 0.000000000000000000, 1.000000000000000000, -0.000000000000000000 ) ) ;
#377 = CARTESIAN_POINT ( 'NONE',  ( 12.35000000000022524, -5.794609564069373775, 15.49999999999998579 ) ) ;
#378 = ORIENTED_EDGE ( 'NONE', *, *, #1059, .F. ) ;
#379 = EDGE_CURVE ( 'NONE', #2136, #611, #1804, .T. ) ;
#380 = PLANE ( 'NONE',  #1257 ) ;
#381 = VERTEX_POINT ( 'NONE', #1007 ) ;
#382 = DIRECTION ( 'NONE',  ( 1.000000000000000000, 0.000000000000000000, 0.000000000000000000 ) ) ;
#383 = DIRECTION ( 'NONE',  ( -1.000000000000000000, 0.000000000000000000, -0.000000000000000000 ) ) ;
#384 = CARTESIAN_POINT ( 'NONE',  ( 5.624747468306169118, -4.949747468305694120, 14.50000000000000000 ) ) ;
#385 = ORIENTED_EDGE ( 'NONE', *, *, #1396, .F. ) ;
#386 = VECTOR ( 'NONE', #877, 1000.000000000000000 ) ;
#387 = DIRECTION ( 'NONE',  ( -0.000000000000000000, -0.000000000000000000, 1.000000000000000000 ) ) ;
#388 = EDGE_LOOP ( 'NONE', ( #1957, #814 ) ) ;
#389 = CIRCLE ( 'NONE', #1501, 1.375000000000000000 ) ;
#390 = EDGE_CURVE ( 'NONE', #1772, #2241, #432, .T. ) ;
#391 = ORIENTED_EDGE ( 'NONE', *, *, #835, .T. ) ;
#392 = EDGE_CURVE ( 'NONE', #1150, #1254, #1432, .T. ) ;
#393 = FACE_OUTER_BOUND ( 'NONE', #2185, .T. ) ;
#394 = CARTESIAN_POINT ( 'NONE',  ( 11.42500000000000071, -33.00000000000000000, -16.00000000000000000 ) ) ;
#395 = VERTEX_POINT ( 'NONE', #178 ) ;
#396 = DIRECTION ( 'NONE',  ( -1.000000000000000000, 0.000000000000000000, 0.000000000000000000 ) ) ;
#397 = ORIENTED_EDGE ( 'NONE', *, *, #1997, .T. ) ;
#398 = CARTESIAN_POINT ( 'NONE',  ( 3.875000000000000000, 0.000000000000000000, -17.64999999999999858 ) ) ;
#399 = ORIENTED_EDGE ( 'NONE', *, *, #3280, .T. ) ;
#400 = ADVANCED_FACE ( 'NONE', ( #1523 ), #1539, .F. ) ;
#401 = AXIS2_PLACEMENT_3D ( 'NONE', #2961, #2150, #3270 ) ;
#402 = ADVANCED_FACE ( 'NONE', ( #754 ), #1253, .F. ) ;
#403 = DIRECTION ( 'NONE',  ( -0.6427876096865428046, 0.000000000000000000, 0.7660444431189751269 ) ) ;
#404 = VERTEX_POINT ( 'NONE', #974 ) ;
#405 = VERTEX_POINT ( 'NONE', #2050 ) ;
#406 = FACE_OUTER_BOUND ( 'NONE', #1403, .T. ) ;
#407 = ORIENTED_EDGE ( 'NONE', *, *, #448, .T. ) ;
#408 = AXIS2_PLACEMENT_3D ( 'NONE', #1892, #802, #3483 ) ;
#409 = AXIS2_PLACEMENT_3D ( 'NONE', #360, #2253, #2760 ) ;
#410 = AXIS2_PLACEMENT_3D ( 'NONE', #2155, #2451, #2964 ) ;
#411 = ORIENTED_EDGE ( 'NONE', *, *, #1508, .T. ) ;
#412 = PRESENTATION_LAYER_ASSIGNMENT (  '', '', ( #2084 ) ) ;
#413 = LINE ( 'NONE', #928, #421 ) ;
#414 = VECTOR ( 'NONE', #1166, 1000.000000000000000 ) ;
#415 = SURFACE_SIDE_STYLE ('',( #2327 ) ) ;
#416 = VERTEX_POINT ( 'NONE', #3186 ) ;
#417 = CARTESIAN_POINT ( 'NONE',  ( 12.35000000000022524, -35.10000000000000853, 15.49999999999998579 ) ) ;
#418 = ORIENTED_EDGE ( 'NONE', *, *, #3169, .T. ) ;
#419 = CARTESIAN_POINT ( 'NONE',  ( 7.000000000000197176, 1.969616673719589582E-13, 14.50000000000000000 ) ) ;
#420 = SURFACE_STYLE_FILL_AREA ( #155 ) ;
#421 = VECTOR ( 'NONE', #1771, 1000.000000000000000 ) ;
#422 = EDGE_CURVE ( 'NONE', #245, #563, #1594, .T. ) ;
#423 = DIRECTION ( 'NONE',  ( -1.000000000000000000, -1.734723475976807094E-16, 0.000000000000000000 ) ) ;
#424 = ORIENTED_EDGE ( 'NONE', *, *, #2154, .T. ) ;
#425 = ORIENTED_EDGE ( 'NONE', *, *, #2157, .T. ) ;
#426 = DIRECTION ( 'NONE',  ( 1.000000000000000000, 0.000000000000000000, 0.000000000000000000 ) ) ;
#427 = EDGE_LOOP ( 'NONE', ( #1904, #3242, #858, #531 ) ) ;
#428 = ADVANCED_FACE ( 'NONE', ( #1273 ), #2322, .F. ) ;
#429 = VERTEX_POINT ( 'NONE', #109 ) ;
#430 = CIRCLE ( 'NONE', #2161, 0.6750000000000001554 ) ;
#431 = FACE_OUTER_BOUND ( 'NONE', #1965, .T. ) ;
#432 = CIRCLE ( 'NONE', #1148, 0.9250000000000004885 ) ;
#433 = CARTESIAN_POINT ( 'NONE',  ( 0.000000000000000000, 0.000000000000000000, 14.50000000000000000 ) ) ;
#434 = EDGE_LOOP ( 'NONE', ( #755, #904, #2214, #587 ) ) ;
#435 = PRESENTATION_LAYER_ASSIGNMENT (  '', '', ( #603 ) ) ;
#436 = CARTESIAN_POINT ( 'NONE',  ( -3.875000000000000000, 4.745506346695993894E-16, -17.64999999999999858 ) ) ;
#437 = DIRECTION ( 'NONE',  ( -1.000000000000000000, 0.000000000000000000, 0.000000000000000000 ) ) ;
#438 = CYLINDRICAL_SURFACE ( 'NONE', #128, 9.849999999999999645 ) ;
#439 = EDGE_CURVE ( 'NONE', #3451, #1486, #1153, .T. ) ;
#440 = SURFACE_STYLE_FILL_AREA ( #1246 ) ;
#441 = CARTESIAN_POINT ( 'NONE',  ( -6.999999999999802824, -1.978189201313621547E-13, -14.50000000000000000 ) ) ;
#442 = ORIENTED_EDGE ( 'NONE', *, *, #2315, .F. ) ;
#443 = ORIENTED_EDGE ( 'NONE', *, *, #1282, .T. ) ;
#444 = DIRECTION ( 'NONE',  ( -0.000000000000000000, 0.000000000000000000, 1.000000000000000000 ) ) ;
#445 = ORIENTED_EDGE ( 'NONE', *, *, #2003, .F. ) ;
#446 = CIRCLE ( 'NONE', #2809, 0.6750000000000002665 ) ;
#447 = DIRECTION ( 'NONE',  ( -0.000000000000000000, 0.000000000000000000, 1.000000000000000000 ) ) ;
#448 = EDGE_CURVE ( 'NONE', #1748, #940, #2700, .T. ) ;
#449 = AXIS2_PLACEMENT_3D ( 'NONE', #524, #486, #796 ) ;
#450 = VERTEX_POINT ( 'NONE', #635 ) ;
#451 = ADVANCED_FACE ( 'NONE', ( #477 ), #3333, .F. ) ;
#452 = CARTESIAN_POINT ( 'NONE',  ( 9.349999999999772271, -5.794609564069373775, -16.00000000000000000 ) ) ;
#453 = DIRECTION ( 'NONE',  ( 1.000000000000000000, 0.000000000000000000, 0.000000000000000000 ) ) ;
#454 = VECTOR ( 'NONE', #1967, 1000.000000000000000 ) ;
#455 = DIRECTION ( 'NONE',  ( 1.000000000000000000, 0.000000000000000000, 0.000000000000000000 ) ) ;
#456 = SURFACE_STYLE_USAGE ( .BOTH. , #3442 ) ;
#457 = DIRECTION ( 'NONE',  ( 1.000000000000000000, 0.000000000000000000, 0.000000000000000000 ) ) ;
#458 = VERTEX_POINT ( 'NONE', #212 ) ;
#459 = DIRECTION ( 'NONE',  ( 1.000000000000000000, 0.000000000000000000, 0.000000000000000000 ) ) ;
#460 = ORIENTED_EDGE ( 'NONE', *, *, #1845, .F. ) ;
#461 = ADVANCED_FACE ( 'NONE', ( #2875 ), #2617, .T. ) ;
#462 = AXIS2_PLACEMENT_3D ( 'NONE', #1638, #871, #3032 ) ;
#463 = LINE ( 'NONE', #194, #454 ) ;
#464 = VERTEX_POINT ( 'NONE', #719 ) ;
#465 = CARTESIAN_POINT ( 'NONE',  ( 0.000000000000000000, 0.000000000000000000, 19.40000000000000213 ) ) ;
#466 = LINE ( 'NONE', #1528, #1628 ) ;
#467 = AXIS2_PLACEMENT_3D ( 'NONE', #776, #1849, #560 ) ;
#468 = CIRCLE ( 'NONE', #1466, 0.9250000000000004885 ) ;
#469 = VECTOR ( 'NONE', #1013, 1000.000000000000000 ) ;
#470 = FACE_OUTER_BOUND ( 'NONE', #2581, .T. ) ;
#471 = LINE ( 'NONE', #204, #2438 ) ;
#472 = LINE ( 'NONE', #1760, #2708 ) ;
#473 = ORIENTED_EDGE ( 'NONE', *, *, #1463, .T. ) ;
#474 = CARTESIAN_POINT ( 'NONE',  ( 0.000000000000000000, 0.000000000000000000, -16.00000000000000000 ) ) ;
#475 = ORIENTED_EDGE ( 'NONE', *, *, #1911, .T. ) ;
#476 = AXIS2_PLACEMENT_3D ( 'NONE', #913, #656, #2810 ) ;
#477 = FACE_OUTER_BOUND ( 'NONE', #975, .T. ) ;
#478 = EDGE_CURVE ( 'NONE', #2395, #2070, #463, .T. ) ;
#479 = EDGE_LOOP ( 'NONE', ( #2930, #306, #3494, #3110 ) ) ;
#480 = EDGE_LOOP ( 'NONE', ( #3348, #1956 ) ) ;
#481 = ORIENTED_EDGE ( 'NONE', *, *, #1023, .T. ) ;
#482 = DIRECTION ( 'NONE',  ( 1.000000000000000000, 0.000000000000000000, 0.000000000000000000 ) ) ;
#483 = CARTESIAN_POINT ( 'NONE',  ( 4.274747468305890585, 4.949747468305973008, 19.40000000000000213 ) ) ;
#484 = DIRECTION ( 'NONE',  ( 0.000000000000000000, 0.000000000000000000, 1.000000000000000000 ) ) ;
#485 = CARTESIAN_POINT ( 'NONE',  ( 9.574999999999999289, -8.500000000000001776, -11.00000000000000000 ) ) ;
#486 = DIRECTION ( 'NONE',  ( -0.000000000000000000, 0.000000000000000000, 1.000000000000000000 ) ) ;
#487 = AXIS2_PLACEMENT_3D ( 'NONE', #2571, #965, #2039 ) ;
#488 = DIRECTION ( 'NONE',  ( -1.000000000000000000, -1.734723475976806848E-16, 0.000000000000000000 ) ) ;
#489 = AXIS2_PLACEMENT_3D ( 'NONE', #3445, #2045, #2029 ) ;
#490 = EDGE_CURVE ( 'NONE', #856, #3392, #1227, .T. ) ;
#491 = CARTESIAN_POINT ( 'NONE',  ( 4.949747468305890408, 4.949747468305973008, -17.64999999999999858 ) ) ;
#492 = CARTESIAN_POINT ( 'NONE',  ( -10.50000000000000178, -8.500000000000001776, 16.00000000000000000 ) ) ;
#493 = FACE_OUTER_BOUND ( 'NONE', #789, .T. ) ;
#494 = ORIENTED_EDGE ( 'NONE', *, *, #2584, .F. ) ;
#495 = DIRECTION ( 'NONE',  ( 0.000000000000000000, 0.000000000000000000, 1.000000000000000000 ) ) ;
#496 = VERTEX_POINT ( 'NONE', #958 ) ;
#497 = ADVANCED_FACE ( 'NONE', ( #2304 ), #1504, .T. ) ;
#498 = DIRECTION ( 'NONE',  ( 0.000000000000000000, -1.000000000000000000, 0.000000000000000000 ) ) ;
#499 = AXIS2_PLACEMENT_3D ( 'NONE', #2530, #375, #3350 ) ;
#500 = DIRECTION ( 'NONE',  ( -0.000000000000000000, 0.000000000000000000, 1.000000000000000000 ) ) ;
#501 = EDGE_CURVE ( 'NONE', #2596, #405, #3332, .T. ) ;
#502 =( NAMED_UNIT ( * ) PLANE_ANGLE_UNIT ( ) SI_UNIT ( $, .RADIAN. ) );
#503 = DIRECTION ( 'NONE',  ( -1.000000000000000000, 0.000000000000000000, 0.000000000000000000 ) ) ;
#504 = CYLINDRICAL_SURFACE ( 'NONE', #2982, 3.875000000000000000 ) ;
#505 = CARTESIAN_POINT ( 'NONE',  ( 10.00000000000000178, 0.000000000000000000, -17.50000000000000000 ) ) ;
#506 = DIRECTION ( 'NONE',  ( -1.000000000000000000, 9.776865389989693819E-17, 0.000000000000000000 ) ) ;
#507 = DIRECTION ( 'NONE',  ( 1.000000000000000000, 0.000000000000000000, 0.000000000000000000 ) ) ;
#508 = CARTESIAN_POINT ( 'NONE',  ( -6.999999999999802824, -1.978189201313621547E-13, 19.40000000000000213 ) ) ;
#509 = ORIENTED_EDGE ( 'NONE', *, *, #2093, .F. ) ;
#510 = UNCERTAINTY_MEASURE_WITH_UNIT (LENGTH_MEASURE( 1.000000000000000082E-05 ), #2345, 'distance_accuracy_value', 'NONE');
#511 = EDGE_CURVE ( 'NONE', #1994, #429, #1168, .T. ) ;
#512 = FACE_OUTER_BOUND ( 'NONE', #708, .T. ) ;
#513 = AXIS2_PLACEMENT_3D ( 'NONE', #1221, #2352, #3390 ) ;
#514 = ORIENTED_EDGE ( 'NONE', *, *, #35, .F. ) ;
#515 = ORIENTED_EDGE ( 'NONE', *, *, #1451, .F. ) ;
#516 = DIRECTION ( 'NONE',  ( -1.000000000000000000, 0.000000000000000000, 0.000000000000000000 ) ) ;
#517 = ORIENTED_EDGE ( 'NONE', *, *, #2310, .T. ) ;
#518 = CARTESIAN_POINT ( 'NONE',  ( 10.00000000000000178, -16.99999999999999645, -17.50000000000000000 ) ) ;
#519 = DIRECTION ( 'NONE',  ( -0.000000000000000000, -0.000000000000000000, -1.000000000000000000 ) ) ;
#520 = VECTOR ( 'NONE', #1453, 1000.000000000000000 ) ;
#521 = DIRECTION ( 'NONE',  ( 9.776865389989693819E-17, -1.000000000000000000, 0.000000000000000000 ) ) ;
#522 = LINE ( 'NONE', #559, #2842 ) ;
#523 = CARTESIAN_POINT ( 'NONE',  ( 1.375000000000000000, 0.000000000000000000, -18.19999999999999574 ) ) ;
#524 = CARTESIAN_POINT ( 'NONE',  ( 10.50000000000000178, -29.50000000000000711, 16.00000000000000000 ) ) ;
#525 = LINE ( 'NONE', #3200, #3450 ) ;
#526 = CARTESIAN_POINT ( 'NONE',  ( -7.000000000000002665, -8.485281374238565988, 16.00000000000000000 ) ) ;
#527 = ADVANCED_FACE ( 'NONE', ( #2666 ), #1081, .T. ) ;
#528 = EDGE_CURVE ( 'NONE', #1028, #3451, #767, .T. ) ;
#529 = VECTOR ( 'NONE', #311, 1000.000000000000000 ) ;
#530 = DIRECTION ( 'NONE',  ( 1.000000000000000000, 0.000000000000000000, 0.000000000000000000 ) ) ;
#531 = ORIENTED_EDGE ( 'NONE', *, *, #1380, .T. ) ;
#532 = AXIS2_PLACEMENT_3D ( 'NONE', #2108, #994, #3244 ) ;
#533 = ORIENTED_EDGE ( 'NONE', *, *, #2566, .T. ) ;
#534 = ADVANCED_FACE ( 'NONE', ( #512 ), #2983, .F. ) ;
#535 = LINE ( 'NONE', #1606, #2891 ) ;
#536 = DIRECTION ( 'NONE',  ( -0.000000000000000000, 0.000000000000000000, 1.000000000000000000 ) ) ;
#537 = DIRECTION ( 'NONE',  ( 0.000000000000000000, 0.000000000000000000, 1.000000000000000000 ) ) ;
#538 = DIRECTION ( 'NONE',  ( 1.000000000000000000, 0.000000000000000000, 0.000000000000000000 ) ) ;
#539 = CARTESIAN_POINT ( 'NONE',  ( 0.000000000000000000, 0.000000000000000000, -18.19999999999999574 ) ) ;
#540 = DIRECTION ( 'NONE',  ( -1.000000000000000000, 0.000000000000000000, -0.000000000000000000 ) ) ;
#541 = CYLINDRICAL_SURFACE ( 'NONE', #3041, 0.6750000000000002665 ) ;
#542 = ADVANCED_FACE ( 'NONE', ( #2430 ), #3240, .T. ) ;
#543 = AXIS2_PLACEMENT_3D ( 'NONE', #674, #3387, #455 ) ;
#544 = CIRCLE ( 'NONE', #2513, 0.6750000000000002665 ) ;
#545 = DIRECTION ( 'NONE',  ( -0.000000000000000000, 0.000000000000000000, 1.000000000000000000 ) ) ;
#546 = CYLINDRICAL_SURFACE ( 'NONE', #1313, 0.6750000000000000444 ) ;
#547 = VECTOR ( 'NONE', #1702, 1000.000000000000000 ) ;
#548 = EDGE_CURVE ( 'NONE', #2949, #3361, #246, .T. ) ;
#549 = AXIS2_PLACEMENT_3D ( 'NONE', #2022, #2593, #712 ) ;
#550 = DIRECTION ( 'NONE',  ( 0.000000000000000000, -0.000000000000000000, -1.000000000000000000 ) ) ;
#551 = EDGE_LOOP ( 'NONE', ( #3031, #1805, #2334, #3113 ) ) ;
#552 = ORIENTED_EDGE ( 'NONE', *, *, #2215, .F. ) ;
#553 = DIRECTION ( 'NONE',  ( 1.000000000000000000, 0.000000000000000000, 0.000000000000000000 ) ) ;
#554 = EDGE_CURVE ( 'NONE', #3127, #3022, #3290, .T. ) ;
#555 = DIRECTION ( 'NONE',  ( -0.000000000000000000, 0.000000000000000000, 1.000000000000000000 ) ) ;
#556 = EDGE_CURVE ( 'NONE', #580, #1654, #2103, .T. ) ;
#557 = DIRECTION ( 'NONE',  ( 0.000000000000000000, 1.000000000000000000, 0.000000000000000000 ) ) ;
#558 = FACE_OUTER_BOUND ( 'NONE', #942, .T. ) ;
#559 = CARTESIAN_POINT ( 'NONE',  ( 0.000000000000000000, -17.00000000000000000, -16.08789077452769689 ) ) ;
#560 = DIRECTION ( 'NONE',  ( 1.000000000000000000, 0.000000000000000000, 0.000000000000000000 ) ) ;
#561 = ORIENTED_EDGE ( 'NONE', *, *, #3058, .F. ) ;
#562 = VECTOR ( 'NONE', #2125, 1000.000000000000000 ) ;
#563 = VERTEX_POINT ( 'NONE', #2697 ) ;
#564 = DIRECTION ( 'NONE',  ( -1.000000000000000000, 0.000000000000000000, 0.000000000000000000 ) ) ;
#565 = DIRECTION ( 'NONE',  ( 1.000000000000000000, 0.000000000000000000, 0.000000000000000000 ) ) ;
#566 = ORIENTED_EDGE ( 'NONE', *, *, #134, .T. ) ;
#567 = ADVANCED_FACE ( 'NONE', ( #1307 ), #836, .F. ) ;
#568 = DIRECTION ( 'NONE',  ( 1.000000000000000000, 0.000000000000000000, 0.000000000000000000 ) ) ;
#569 = ORIENTED_EDGE ( 'NONE', *, *, #188, .T. ) ;
#570 = ORIENTED_EDGE ( 'NONE', *, *, #490, .T. ) ;
#571 = DIRECTION ( 'NONE',  ( -0.7660444431189751269, -0.000000000000000000, -0.6427876096865428046 ) ) ;
#572 = CARTESIAN_POINT ( 'NONE',  ( 4.949747468305890408, 4.949747468305973008, -14.50000000000000000 ) ) ;
#573 = FACE_OUTER_BOUND ( 'NONE', #434, .T. ) ;
#574 = DIRECTION ( 'NONE',  ( 1.000000000000000000, 0.000000000000000000, 0.000000000000000000 ) ) ;
#575 = DIRECTION ( 'NONE',  ( 0.000000000000000000, -0.000000000000000000, 1.000000000000000000 ) ) ;
#576 = DIRECTION ( 'NONE',  ( -1.000000000000000000, 0.000000000000000000, 0.000000000000000000 ) ) ;
#577 = EDGE_LOOP ( 'NONE', ( #1275, #3184, #1761, #315 ) ) ;
#578 = CIRCLE ( 'NONE', #1292, 0.6750000000000002665 ) ;
#579 = AXIS2_PLACEMENT_3D ( 'NONE', #2202, #895, #868 ) ;
#580 = VERTEX_POINT ( 'NONE', #785 ) ;
#581 = DIRECTION ( 'NONE',  ( 1.000000000000000000, 0.000000000000000000, 0.000000000000000000 ) ) ;
#582 = DIRECTION ( 'NONE',  ( 0.000000000000000000, -0.000000000000000000, -1.000000000000000000 ) ) ;
#583 =( GEOMETRIC_REPRESENTATION_CONTEXT ( 3 ) GLOBAL_UNCERTAINTY_ASSIGNED_CONTEXT ( ( #2153 ) ) GLOBAL_UNIT_ASSIGNED_CONTEXT ( ( #967, #1775, #2058 ) ) REPRESENTATION_CONTEXT ( 'NONE', 'WORKASPACE' ) );
#584 = DIRECTION ( 'NONE',  ( 0.000000000000000000, 0.000000000000000000, 1.000000000000000000 ) ) ;
#585 = VECTOR ( 'NONE', #1750, 1000.000000000000000 ) ;
#586 = VERTEX_POINT ( 'NONE', #822 ) ;
#587 = ORIENTED_EDGE ( 'NONE', *, *, #2014, .F. ) ;
#588 = EDGE_CURVE ( 'NONE', #3427, #2071, #3116, .T. ) ;
#589 = CIRCLE ( 'NONE', #1641, 0.6750000000000002665 ) ;
#590 = VERTEX_POINT ( 'NONE', #1291 ) ;
#591 = CARTESIAN_POINT ( 'NONE',  ( 4.949747468305890408, 4.949747468305973008, 14.50000000000000000 ) ) ;
#592 = CARTESIAN_POINT ( 'NONE',  ( -10.50000000000000178, -8.500000000000001776, -16.00000000000000000 ) ) ;
#593 = CARTESIAN_POINT ( 'NONE',  ( -12.34999999999977405, -5.794609564069373775, -14.50000000000000000 ) ) ;
#594 = PLANE ( 'NONE',  #1240 ) ;
#595 = VERTEX_POINT ( 'NONE', #1857 ) ;
#596 = ORIENTED_EDGE ( 'NONE', *, *, #1622, .F. ) ;
#597 = LINE ( 'NONE', #1373, #1683 ) ;
#598 = DIRECTION ( 'NONE',  ( -0.000000000000000000, -0.000000000000000000, -1.000000000000000000 ) ) ;
#599 = ADVANCED_FACE ( 'NONE', ( #1322 ), #2412, .F. ) ;
#600 = EDGE_CURVE ( 'NONE', #2636, #1318, #1915, .T. ) ;
#601 = DIRECTION ( 'NONE',  ( -0.6427876096865380307, 0.7660444431189791237, -0.000000000000000000 ) ) ;
#602 = ORIENTED_EDGE ( 'NONE', *, *, #1925, .F. ) ;
#603 = STYLED_ITEM ( 'NONE', ( #1832 ), #2928 ) ;
#604 = ORIENTED_EDGE ( 'NONE', *, *, #679, .F. ) ;
#605 = LINE ( 'NONE', #1399, #2951 ) ;
#606 = DIRECTION ( 'NONE',  ( -0.000000000000000000, 0.000000000000000000, 1.000000000000000000 ) ) ;
#607 = FACE_OUTER_BOUND ( 'NONE', #2355, .T. ) ;
#608 = ADVANCED_FACE ( 'NONE', ( #1586 ), #3274, .F. ) ;
#609 = DIRECTION ( 'NONE',  ( -1.000000000000000000, 0.000000000000000000, 0.000000000000000000 ) ) ;
#610 = ORIENTED_EDGE ( 'NONE', *, *, #2174, .T. ) ;
#611 = VERTEX_POINT ( 'NONE', #2650 ) ;
#612 = FACE_OUTER_BOUND ( 'NONE', #2321, .T. ) ;
#613 = DIRECTION ( 'NONE',  ( 1.000000000000000000, 0.000000000000000000, 0.000000000000000000 ) ) ;
#614 = DIRECTION ( 'NONE',  ( -1.000000000000000000, 0.000000000000000000, 0.000000000000000000 ) ) ;
#615 = ORIENTED_EDGE ( 'NONE', *, *, #1807, .T. ) ;
#616 = ORIENTED_EDGE ( 'NONE', *, *, #39, .T. ) ;
#617 = VERTEX_POINT ( 'NONE', #2376 ) ;
#618 = DIRECTION ( 'NONE',  ( -0.000000000000000000, 0.000000000000000000, 1.000000000000000000 ) ) ;
#619 = CARTESIAN_POINT ( 'NONE',  ( -11.42500000000000249, -29.50000000000000711, 11.00000000000000000 ) ) ;
#620 = DIRECTION ( 'NONE',  ( 1.000000000000000000, 0.000000000000000000, 0.000000000000000000 ) ) ;
#621 = DIRECTION ( 'NONE',  ( 0.000000000000000000, -1.000000000000000000, 0.000000000000000000 ) ) ;
#622 = ORIENTED_EDGE ( 'NONE', *, *, #3239, .F. ) ;
#623 = AXIS2_PLACEMENT_3D ( 'NONE', #2187, #2729, #2519 ) ;
#624 = ORIENTED_EDGE ( 'NONE', *, *, #801, .T. ) ;
#625 = ORIENTED_EDGE ( 'NONE', *, *, #908, .F. ) ;
#626 = CARTESIAN_POINT ( 'NONE',  ( 10.67180073764566295, 10.09999999999999964, -14.50000000000000000 ) ) ;
#627 = CARTESIAN_POINT ( 'NONE',  ( 0.000000000000000000, 0.000000000000000000, -17.85000000000000142 ) ) ;
#628 = PLANE ( 'NONE',  #731 ) ;
#629 = ORIENTED_EDGE ( 'NONE', *, *, #336, .T. ) ;
#630 = DIRECTION ( 'NONE',  ( 0.000000000000000000, 0.000000000000000000, 1.000000000000000000 ) ) ;
#631 = EDGE_LOOP ( 'NONE', ( #825, #3327, #604, #770 ) ) ;
#632 = VERTEX_POINT ( 'NONE', #3466 ) ;
#633 = AXIS2_PLACEMENT_3D ( 'NONE', #2971, #555, #2702 ) ;
#634 = EDGE_CURVE ( 'NONE', #2349, #2874, #850, .T. ) ;
#635 = CARTESIAN_POINT ( 'NONE',  ( 10.00000000000000178, -11.99999999999999822, -16.00000000000000000 ) ) ;
#636 = CIRCLE ( 'NONE', #3409, 3.875000000000000000 ) ;
#637 = CYLINDRICAL_SURFACE ( 'NONE', #2473, 3.875000000000000000 ) ;
#638 = DIRECTION ( 'NONE',  ( 1.000000000000000000, 0.000000000000000000, 0.000000000000000000 ) ) ;
#639 = DIRECTION ( 'NONE',  ( -1.000000000000000000, 0.000000000000000000, 0.000000000000000000 ) ) ;
#640 = ORIENTED_EDGE ( 'NONE', *, *, #2358, .T. ) ;
#641 = AXIS2_PLACEMENT_3D ( 'NONE', #943, #690, #960 ) ;
#642 = CARTESIAN_POINT ( 'NONE',  ( -12.34999999999977049, -5.794609564069373775, 15.58045018441134921 ) ) ;
#643 = VERTEX_POINT ( 'NONE', #1962 ) ;
#644 = CARTESIAN_POINT ( 'NONE',  ( -4.274747468305776898, 4.949747468305693232, -17.64999999999999858 ) ) ;
#645 = DIRECTION ( 'NONE',  ( 1.000000000000000000, 0.000000000000000000, 0.000000000000000000 ) ) ;
#646 = EDGE_CURVE ( 'NONE', #2431, #1654, #333, .T. ) ;
#647 = DIRECTION ( 'NONE',  ( -0.000000000000000000, -0.000000000000000000, 1.000000000000000000 ) ) ;
#648 = VERTEX_POINT ( 'NONE', #3075 ) ;
#649 = ORIENTED_EDGE ( 'NONE', *, *, #1945, .T. ) ;
#650 = CARTESIAN_POINT ( 'NONE',  ( 6.325000000000196465, 1.969616673719589582E-13, 19.40000000000000213 ) ) ;
#651 = ORIENTED_EDGE ( 'NONE', *, *, #90, .F. ) ;
#652 = VECTOR ( 'NONE', #484, 1000.000000000000000 ) ;
#653 = AXIS2_PLACEMENT_3D ( 'NONE', #729, #1269, #955 ) ;
#654 = DIRECTION ( 'NONE',  ( 0.000000000000000000, 0.000000000000000000, 1.000000000000000000 ) ) ;
#655 = EDGE_CURVE ( 'NONE', #193, #3292, #578, .T. ) ;
#656 = DIRECTION ( 'NONE',  ( -0.000000000000000000, 0.000000000000000000, 1.000000000000000000 ) ) ;
#657 = CARTESIAN_POINT ( 'NONE',  ( 0.000000000000000000, 0.000000000000000000, -14.50000000000000000 ) ) ;
#658 = FACE_OUTER_BOUND ( 'NONE', #3309, .T. ) ;
#659 = ORIENTED_EDGE ( 'NONE', *, *, #1435, .T. ) ;
#660 = CARTESIAN_POINT ( 'NONE',  ( 12.35000000000022524, -5.794609564069373775, -15.58045018441135454 ) ) ;
#661 = DIRECTION ( 'NONE',  ( 1.000000000000000000, 0.000000000000000000, 0.000000000000000000 ) ) ;
#662 = FACE_OUTER_BOUND ( 'NONE', #2267, .T. ) ;
#663 = ORIENTED_EDGE ( 'NONE', *, *, #422, .F. ) ;
#664 = ORIENTED_EDGE ( 'NONE', *, *, #1210, .F. ) ;
#665 = AXIS2_PLACEMENT_3D ( 'NONE', #1921, #27, #2163 ) ;
#666 = DIRECTION ( 'NONE',  ( 1.000000000000000000, 0.000000000000000000, 0.000000000000000000 ) ) ;
#667 = ORIENTED_EDGE ( 'NONE', *, *, #3147, .T. ) ;
#668 = EDGE_CURVE ( 'NONE', #193, #880, #2766, .T. ) ;
#669 = EDGE_CURVE ( 'NONE', #1350, #1973, #1008, .T. ) ;
#670 = VERTEX_POINT ( 'NONE', #1992 ) ;
#671 = LINE ( 'NONE', #1755, #696 ) ;
#672 = LINE ( 'NONE', #739, #236 ) ;
#673 = ORIENTED_EDGE ( 'NONE', *, *, #3470, .F. ) ;
#674 = CARTESIAN_POINT ( 'NONE',  ( 0.000000000000000000, 0.000000000000000000, 14.50000000000000000 ) ) ;
#675 = ORIENTED_EDGE ( 'NONE', *, *, #1169, .F. ) ;
#676 = CARTESIAN_POINT ( 'NONE',  ( 0.000000000000000000, 0.000000000000000000, -17.50000000000000000 ) ) ;
#677 = CARTESIAN_POINT ( 'NONE',  ( -9.849999999999999645, 1.206277097160142826E-15, -14.50000000000000000 ) ) ;
#678 = CARTESIAN_POINT ( 'NONE',  ( 4.949747468306169296, -4.949747468305694120, -17.64999999999999858 ) ) ;
#679 = EDGE_CURVE ( 'NONE', #2996, #3464, #1459, .T. ) ;
#680 = AXIS2_PLACEMENT_3D ( 'NONE', #935, #1536, #457 ) ;
#681 = CARTESIAN_POINT ( 'NONE',  ( -3.875000000000000000, 0.000000000000000000, 19.90000000000000213 ) ) ;
#682 = ORIENTED_EDGE ( 'NONE', *, *, #801, .F. ) ;
#683 = EDGE_LOOP ( 'NONE', ( #2994, #2839 ) ) ;
#684 = DIRECTION ( 'NONE',  ( 1.000000000000000000, 0.000000000000000000, 0.000000000000000000 ) ) ;
#685 = ORIENTED_EDGE ( 'NONE', *, *, #655, .F. ) ;
#686 = AXIS2_PLACEMENT_3D ( 'NONE', #3053, #3306, #1947 ) ;
#687 = CIRCLE ( 'NONE', #579, 0.9250000000000004885 ) ;
#688 = VERTEX_POINT ( 'NONE', #54 ) ;
#689 = ADVANCED_FACE ( 'NONE', ( #875 ), #628, .T. ) ;
#690 = DIRECTION ( 'NONE',  ( -0.000000000000000000, 0.000000000000000000, 1.000000000000000000 ) ) ;
#691 = CARTESIAN_POINT ( 'NONE',  ( 0.000000000000000000, -30.50000000000000000, -17.85000000000000142 ) ) ;
#692 = DIRECTION ( 'NONE',  ( 0.000000000000000000, 0.000000000000000000, -1.000000000000000000 ) ) ;
#693 = DIRECTION ( 'NONE',  ( 1.000000000000000000, 0.000000000000000000, 0.000000000000000000 ) ) ;
#694 = DIRECTION ( 'NONE',  ( -0.000000000000000000, 0.000000000000000000, 1.000000000000000000 ) ) ;
#695 = DIRECTION ( 'NONE',  ( 1.000000000000000000, 0.000000000000000000, 0.000000000000000000 ) ) ;
#696 = VECTOR ( 'NONE', #3369, 1000.000000000000000 ) ;
#697 = CARTESIAN_POINT ( 'NONE',  ( -9.575000000000001066, -8.500000000000001776, -16.00000000000000000 ) ) ;
#698 = EDGE_CURVE ( 'NONE', #1340, #2288, #176, .T. ) ;
#699 = VERTEX_POINT ( 'NONE', #1165 ) ;
#700 = EDGE_LOOP ( 'NONE', ( #144, #3202, #1524, #2452 ) ) ;
#701 = CARTESIAN_POINT ( 'NONE',  ( -10.50000000000000178, -8.500000000000001776, -11.00000000000000000 ) ) ;
#702 = ORIENTED_EDGE ( 'NONE', *, *, #1662, .T. ) ;
#703 = DIRECTION ( 'NONE',  ( 1.000000000000000000, 0.000000000000000000, 0.000000000000000000 ) ) ;
#704 = ORIENTED_EDGE ( 'NONE', *, *, #1162, .T. ) ;
#705 = VECTOR ( 'NONE', #1281, 1000.000000000000000 ) ;
#706 = AXIS2_PLACEMENT_3D ( 'NONE', #1929, #1321, #1112 ) ;
#707 = CARTESIAN_POINT ( 'NONE',  ( -10.50000000000000178, -33.00000000000000000, -11.00000000000000000 ) ) ;
#708 = EDGE_LOOP ( 'NONE', ( #927, #2030, #3076, #43 ) ) ;
#709 =( GEOMETRIC_REPRESENTATION_CONTEXT ( 3 ) GLOBAL_UNCERTAINTY_ASSIGNED_CONTEXT ( ( #1838 ) ) GLOBAL_UNIT_ASSIGNED_CONTEXT ( ( #3177, #2643, #2624 ) ) REPRESENTATION_CONTEXT ( 'NONE', 'WORKASPACE' ) );
#710 = LINE ( 'NONE', #2295, #925 ) ;
#711 = CARTESIAN_POINT ( 'NONE',  ( -0.6749999999996062483, -7.000000000000000000, -14.50000000000000000 ) ) ;
#712 = DIRECTION ( 'NONE',  ( 1.000000000000000000, 0.000000000000000000, 0.000000000000000000 ) ) ;
#713 = DIRECTION ( 'NONE',  ( 0.000000000000000000, 0.000000000000000000, 1.000000000000000000 ) ) ;
#714 = ORIENTED_EDGE ( 'NONE', *, *, #554, .F. ) ;
#715 = VERTEX_POINT ( 'NONE', #384 ) ;
#716 = DIRECTION ( 'NONE',  ( -0.000000000000000000, -0.000000000000000000, 1.000000000000000000 ) ) ;
#717 = ORIENTED_EDGE ( 'NONE', *, *, #266, .F. ) ;
#718 = AXIS2_PLACEMENT_3D ( 'NONE', #2740, #1901, #893 ) ;
#719 = CARTESIAN_POINT ( 'NONE',  ( 7.675000000000196998, 1.969616673719589582E-13, -14.50000000000000000 ) ) ;
#720 = CIRCLE ( 'NONE', #2236, 0.6750000000000002665 ) ;
#721 = EDGE_LOOP ( 'NONE', ( #3449, #2373 ) ) ;
#722 = PLANE ( 'NONE',  #1754 ) ;
#723 = FACE_OUTER_BOUND ( 'NONE', #3400, .T. ) ;
#724 = CARTESIAN_POINT ( 'NONE',  ( -9.999999999999998224, 0.000000000000000000, -17.50000000000000000 ) ) ;
#725 =( NAMED_UNIT ( * ) PLANE_ANGLE_UNIT ( ) SI_UNIT ( $, .RADIAN. ) );
#726 = LINE ( 'NONE', #3377, #1851 ) ;
#727 = ORIENTED_EDGE ( 'NONE', *, *, #511, .F. ) ;
#728 = ORIENTED_EDGE ( 'NONE', *, *, #1634, .F. ) ;
#729 = CARTESIAN_POINT ( 'NONE',  ( -6.999999999999802824, -1.978189201313621547E-13, -17.64999999999999858 ) ) ;
#730 = ORIENTED_EDGE ( 'NONE', *, *, #3426, .T. ) ;
#731 = AXIS2_PLACEMENT_3D ( 'NONE', #3021, #614, #2802 ) ;
#732 = CIRCLE ( 'NONE', #1797, 9.849999999999999645 ) ;
#733 = DIRECTION ( 'NONE',  ( 1.000000000000000000, 0.000000000000000000, 0.000000000000000000 ) ) ;
#734 = VERTEX_POINT ( 'NONE', #1695 ) ;
#735 = VERTEX_POINT ( 'NONE', #920 ) ;
#736 = ORIENTED_EDGE ( 'NONE', *, *, #2413, .T. ) ;
#737 = DIRECTION ( 'NONE',  ( 1.000000000000000000, 0.000000000000000000, 0.000000000000000000 ) ) ;
#738 = EDGE_CURVE ( 'NONE', #1254, #1673, #1115, .T. ) ;
#739 = CARTESIAN_POINT ( 'NONE',  ( -12.34999999999977405, 8.421800737645437351, 14.50000000000000000 ) ) ;
#740 = AXIS2_PLACEMENT_3D ( 'NONE', #2498, #1108, #639 ) ;
#741 = CIRCLE ( 'NONE', #3062, 0.6750000000000002665 ) ;
#742 = VECTOR ( 'NONE', #217, 1000.000000000000000 ) ;
#743 = CARTESIAN_POINT ( 'NONE',  ( 2.949029909160572455E-15, -17.00000000000000000, -16.00000000000000000 ) ) ;
#744 = FACE_OUTER_BOUND ( 'NONE', #3017, .T. ) ;
#745 =( NAMED_UNIT ( * ) PLANE_ANGLE_UNIT ( ) SI_UNIT ( $, .RADIAN. ) );
#746 = PLANE ( 'NONE',  #2968 ) ;
#747 = VECTOR ( 'NONE', #2199, 1000.000000000000000 ) ;
#748 = DIRECTION ( 'NONE',  ( 0.000000000000000000, 1.000000000000000000, -0.000000000000000000 ) ) ;
#749 = CARTESIAN_POINT ( 'NONE',  ( 0.000000000000000000, 0.000000000000000000, -14.50000000000000000 ) ) ;
#750 = DIRECTION ( 'NONE',  ( -1.000000000000000000, 0.000000000000000000, 0.000000000000000000 ) ) ;
#751 = ORIENTED_EDGE ( 'NONE', *, *, #379, .T. ) ;
#752 = EDGE_CURVE ( 'NONE', #2984, #3392, #2603, .T. ) ;
#753 = AXIS2_PLACEMENT_3D ( 'NONE', #1922, #2238, #638 ) ;
#754 = FACE_OUTER_BOUND ( 'NONE', #2778, .T. ) ;
#755 = ORIENTED_EDGE ( 'NONE', *, *, #2483, .F. ) ;
#756 = EDGE_LOOP ( 'NONE', ( #460, #1518, #570, #730 ) ) ;
#757 = FACE_OUTER_BOUND ( 'NONE', #2120, .T. ) ;
#758 = CARTESIAN_POINT ( 'NONE',  ( -4.949747468305776721, 4.949747468305693232, -14.50000000000000000 ) ) ;
#759 = CARTESIAN_POINT ( 'NONE',  ( -4.949747468305496945, -4.949747468305973008, -17.64999999999999858 ) ) ;
#760 = CARTESIAN_POINT ( 'NONE',  ( -12.34999999999977405, 8.421800737645437351, -14.50000000000000000 ) ) ;
#761 = DIRECTION ( 'NONE',  ( -0.000000000000000000, 0.000000000000000000, 1.000000000000000000 ) ) ;
#762 = AXIS2_PLACEMENT_3D ( 'NONE', #2873, #2580, #1004 ) ;
#763 = DIRECTION ( 'NONE',  ( 1.000000000000000000, 0.000000000000000000, 0.000000000000000000 ) ) ;
#764 = CARTESIAN_POINT ( 'NONE',  ( 0.000000000000000000, 0.000000000000000000, 16.00000000000000000 ) ) ;
#765 = CARTESIAN_POINT ( 'NONE',  ( 10.49999999999999822, -8.500000000000001776, 11.00000000000000000 ) ) ;
#766 = VERTEX_POINT ( 'NONE', #1390 ) ;
#767 = LINE ( 'NONE', #1031, #1746 ) ;
#768 = EDGE_LOOP ( 'NONE', ( #3070, #2020 ) ) ;
#769 = DIRECTION ( 'NONE',  ( 1.000000000000000000, 0.000000000000000000, 0.000000000000000000 ) ) ;
#770 = ORIENTED_EDGE ( 'NONE', *, *, #2771, .F. ) ;
#771 = AXIS2_PLACEMENT_3D ( 'NONE', #2622, #1180, #3089 ) ;
#772 = DIRECTION ( 'NONE',  ( 1.000000000000000000, 0.000000000000000000, 0.000000000000000000 ) ) ;
#773 =( LENGTH_UNIT ( ) NAMED_UNIT ( * ) SI_UNIT ( .MILLI., .METRE. ) );
#774 = DIRECTION ( 'NONE',  ( 0.000000000000000000, -1.000000000000000000, 0.000000000000000000 ) ) ;
#775 = DIRECTION ( 'NONE',  ( -0.000000000000000000, -0.000000000000000000, -1.000000000000000000 ) ) ;
#776 = CARTESIAN_POINT ( 'NONE',  ( -10.50000000000000178, -33.00000000000000000, -16.00000000000000000 ) ) ;
#777 = ADVANCED_FACE ( 'NONE', ( #2504 ), #2191, .T. ) ;
#778 = ORIENTED_EDGE ( 'NONE', *, *, #2905, .F. ) ;
#779 = CARTESIAN_POINT ( 'NONE',  ( -4.949747468305776721, 4.949747468305693232, 14.50000000000000000 ) ) ;
#780 = CARTESIAN_POINT ( 'NONE',  ( -10.50000000000000178, -29.50000000000000711, 11.00000000000000000 ) ) ;
#781 = DIRECTION ( 'NONE',  ( 1.000000000000000000, 0.000000000000000000, 0.000000000000000000 ) ) ;
#782 = ADVANCED_FACE ( 'NONE', ( #903 ), #72, .F. ) ;
#783 = PRODUCT_DEFINITION_CONTEXT ( 'detailed design', #1872, 'design' ) ;
#784 = UNCERTAINTY_MEASURE_WITH_UNIT (LENGTH_MEASURE( 1.000000000000000082E-05 ), #3422, 'distance_accuracy_value', 'NONE');
#785 = CARTESIAN_POINT ( 'NONE',  ( -10.34999999999976339, 10.09999999999999964, 14.50000000000000000 ) ) ;
#786 = CIRCLE ( 'NONE', #680, 0.6750000000000002665 ) ;
#787 = ORIENTED_EDGE ( 'NONE', *, *, #3221, .T. ) ;
#788 = CIRCLE ( 'NONE', #2768, 0.6750000000000002665 ) ;
#789 = EDGE_LOOP ( 'NONE', ( #727, #1696 ) ) ;
#790 = CARTESIAN_POINT ( 'NONE',  ( -6.324999999999803002, -1.977362564724197066E-13, 14.50000000000000000 ) ) ;
#791 = FACE_OUTER_BOUND ( 'NONE', #294, .T. ) ;
#792 = EDGE_CURVE ( 'NONE', #126, #361, #119, .T. ) ;
#793 = LINE ( 'NONE', #2640, #2910 ) ;
#794 = AXIS2_PLACEMENT_3D ( 'NONE', #2957, #2674, #2112 ) ;
#795 = DIRECTION ( 'NONE',  ( 1.000000000000000000, 0.000000000000000000, 0.000000000000000000 ) ) ;
#796 = DIRECTION ( 'NONE',  ( 1.000000000000000000, 0.000000000000000000, 0.000000000000000000 ) ) ;
#797 = CARTESIAN_POINT ( 'NONE',  ( 0.000000000000000000, 0.000000000000000000, 16.00000000000000000 ) ) ;
#798 = FACE_OUTER_BOUND ( 'NONE', #3088, .T. ) ;
#799 = DIRECTION ( 'NONE',  ( -0.000000000000000000, 0.000000000000000000, 1.000000000000000000 ) ) ;
#800 = DIRECTION ( 'NONE',  ( -0.000000000000000000, 0.000000000000000000, 1.000000000000000000 ) ) ;
#801 = EDGE_CURVE ( 'NONE', #3008, #2288, #1426, .T. ) ;
#802 = DIRECTION ( 'NONE',  ( -0.000000000000000000, 0.000000000000000000, 1.000000000000000000 ) ) ;
#803 = ORIENTED_EDGE ( 'NONE', *, *, #320, .T. ) ;
#804 = VECTOR ( 'NONE', #2775, 1000.000000000000000 ) ;
#805 = EDGE_CURVE ( 'NONE', #688, #3319, #1642, .T. ) ;
#806 = ORIENTED_EDGE ( 'NONE', *, *, #2594, .F. ) ;
#807 = FACE_OUTER_BOUND ( 'NONE', #56, .T. ) ;
#808 = FACE_BOUND ( 'NONE', #1428, .T. ) ;
#809 = FACE_BOUND ( 'NONE', #2745, .T. ) ;
#810 = LINE ( 'NONE', #3458, #2294 ) ;
#811 = DIRECTION ( 'NONE',  ( -0.000000000000000000, -0.000000000000000000, -1.000000000000000000 ) ) ;
#812 = ADVANCED_FACE ( 'NONE', ( #1409 ), #87, .T. ) ;
#813 = DIRECTION ( 'NONE',  ( -1.000000000000000000, 0.000000000000000000, 0.000000000000000000 ) ) ;
#814 = ORIENTED_EDGE ( 'NONE', *, *, #229, .F. ) ;
#815 = EDGE_CURVE ( 'NONE', #3077, #2754, #1516, .T. ) ;
#816 = FACE_OUTER_BOUND ( 'NONE', #700, .T. ) ;
#817 = AXIS2_PLACEMENT_3D ( 'NONE', #508, #1337, #2427 ) ;
#818 = LINE ( 'NONE', #1817, #67 ) ;
#819 = DIRECTION ( 'NONE',  ( 0.000000000000000000, -0.000000000000000000, -1.000000000000000000 ) ) ;
#820 = ORIENTED_EDGE ( 'NONE', *, *, #3207, .F. ) ;
#821 = STYLED_ITEM ( 'NONE', ( #3405 ), #2861 ) ;
#822 = CARTESIAN_POINT ( 'NONE',  ( 4.274747468306168585, -4.949747468305694120, 14.50000000000000000 ) ) ;
#823 = ORIENTED_EDGE ( 'NONE', *, *, #1012, .T. ) ;
#824 = EDGE_CURVE ( 'NONE', #2065, #2027, #1798, .T. ) ;
#825 = ORIENTED_EDGE ( 'NONE', *, *, #2594, .T. ) ;
#826 = CARTESIAN_POINT ( 'NONE',  ( 12.35000000000022524, 8.099999999999990763, 14.50000000000000000 ) ) ;
#827 = CARTESIAN_POINT ( 'NONE',  ( 0.000000000000000000, 0.000000000000000000, 19.40000000000000213 ) ) ;
#828 = CARTESIAN_POINT ( 'NONE',  ( 12.35000000000022524, -5.794609564069373775, -15.58045018441135632 ) ) ;
#829 = CARTESIAN_POINT ( 'NONE',  ( 0.6750000000000000444, 7.000000000000000000, -17.64999999999999858 ) ) ;
#830 = DIRECTION ( 'NONE',  ( 0.6427876096865327016, 0.000000000000000000, -0.7660444431189835646 ) ) ;
#831 = ORIENTED_EDGE ( 'NONE', *, *, #1888, .F. ) ;
#832 = DIRECTION ( 'NONE',  ( 1.000000000000000000, 0.000000000000000000, 0.000000000000000000 ) ) ;
#833 = CARTESIAN_POINT ( 'NONE',  ( -10.50000000000000178, -8.500000000000001776, 11.00000000000000000 ) ) ;
#834 = ORIENTED_EDGE ( 'NONE', *, *, #1622, .T. ) ;
#835 = EDGE_CURVE ( 'NONE', #2222, #956, #1063, .T. ) ;
#836 = PLANE ( 'NONE',  #124 ) ;
#837 = ORIENTED_EDGE ( 'NONE', *, *, #2258, .T. ) ;
#838 = ORIENTED_EDGE ( 'NONE', *, *, #946, .T. ) ;
#839 = ORIENTED_EDGE ( 'NONE', *, *, #1647, .F. ) ;
#840 = AXIS2_PLACEMENT_3D ( 'NONE', #2554, #2534, #1196 ) ;
#841 = DIRECTION ( 'NONE',  ( 1.000000000000000000, 0.000000000000000000, 0.000000000000000000 ) ) ;
#842 = EDGE_LOOP ( 'NONE', ( #89, #1819, #1113, #282 ) ) ;
#843 = CIRCLE ( 'NONE', #2365, 0.9250000000000004885 ) ;
#844 = EDGE_CURVE ( 'NONE', #2887, #580, #472, .T. ) ;
#845 = CARTESIAN_POINT ( 'NONE',  ( -12.34999999999977405, 8.421800737645437351, 14.50000000000000000 ) ) ;
#846 = PLANE ( 'NONE',  #938 ) ;
#847 = DIRECTION ( 'NONE',  ( -0.000000000000000000, -0.000000000000000000, -1.000000000000000000 ) ) ;
#848 = LINE ( 'NONE', #1705, #2772 ) ;
#849 = ORIENTED_EDGE ( 'NONE', *, *, #1908, .T. ) ;
#850 = CIRCLE ( 'NONE', #2826, 0.6750000000000001554 ) ;
#851 = ADVANCED_FACE ( 'NONE', ( #662 ), #1728, .F. ) ;
#852 =( GEOMETRIC_REPRESENTATION_CONTEXT ( 3 ) GLOBAL_UNCERTAINTY_ASSIGNED_CONTEXT ( ( #510 ) ) GLOBAL_UNIT_ASSIGNED_CONTEXT ( ( #2345, #1736, #1475 ) ) REPRESENTATION_CONTEXT ( 'NONE', 'WORKASPACE' ) );
#853 = VERTEX_POINT ( 'NONE', #2818 ) ;
#854 = FACE_BOUND ( 'NONE', #1222, .T. ) ;
#855 = CYLINDRICAL_SURFACE ( 'NONE', #706, 0.9250000000000004885 ) ;
#856 = VERTEX_POINT ( 'NONE', #681 ) ;
#857 = DIRECTION ( 'NONE',  ( -0.000000000000000000, -0.000000000000000000, -1.000000000000000000 ) ) ;
#858 = ORIENTED_EDGE ( 'NONE', *, *, #1070, .T. ) ;
#859 = VERTEX_POINT ( 'NONE', #1747 ) ;
#860 = EDGE_CURVE ( 'NONE', #1785, #734, #2611, .T. ) ;
#861 = ORIENTED_EDGE ( 'NONE', *, *, #1435, .F. ) ;
#862 = AXIS2_PLACEMENT_3D ( 'NONE', #3489, #2055, #202 ) ;
#863 = ADVANCED_FACE ( 'NONE', ( #1482 ), #2578, .F. ) ;
#864 = VECTOR ( 'NONE', #1194, 1000.000000000000000 ) ;
#865 = PLANE ( 'NONE',  #1413 ) ;
#866 = CYLINDRICAL_SURFACE ( 'NONE', #53, 0.6750000000000002665 ) ;
#867 = CARTESIAN_POINT ( 'NONE',  ( -4.274747468305496234, -4.949747468305973008, 14.50000000000000000 ) ) ;
#868 = DIRECTION ( 'NONE',  ( 1.000000000000000000, 0.000000000000000000, 0.000000000000000000 ) ) ;
#869 = VERTEX_POINT ( 'NONE', #2836 ) ;
#870 = ORIENTED_EDGE ( 'NONE', *, *, #177, .T. ) ;
#871 = DIRECTION ( 'NONE',  ( -0.000000000000000000, 0.000000000000000000, 1.000000000000000000 ) ) ;
#872 = EDGE_CURVE ( 'NONE', #1484, #2615, #2041, .T. ) ;
#873 = FACE_OUTER_BOUND ( 'NONE', #1913, .T. ) ;
#874 = AXIS2_PLACEMENT_3D ( 'NONE', #884, #3090, #1726 ) ;
#875 = FACE_OUTER_BOUND ( 'NONE', #1554, .T. ) ;
#876 = DIRECTION ( 'NONE',  ( 1.000000000000000000, 0.000000000000000000, 0.000000000000000000 ) ) ;
#877 = DIRECTION ( 'NONE',  ( -0.000000000000000000, -0.000000000000000000, 1.000000000000000000 ) ) ;
#878 = DIRECTION ( 'NONE',  ( -0.000000000000000000, -0.000000000000000000, 1.000000000000000000 ) ) ;
#879 = DIRECTION ( 'NONE',  ( 1.000000000000000000, 0.000000000000000000, 0.000000000000000000 ) ) ;
#880 = VERTEX_POINT ( 'NONE', #3444 ) ;
#881 = CIRCLE ( 'NONE', #1555, 0.6750000000000002665 ) ;
#882 = EDGE_LOOP ( 'NONE', ( #350, #1214 ) ) ;
#883 = LINE ( 'NONE', #1928, #1290 ) ;
#884 = CARTESIAN_POINT ( 'NONE',  ( 0.000000000000000000, 7.000000000000000000, 19.40000000000000213 ) ) ;
#885 = VECTOR ( 'NONE', #1316, 1000.000000000000000 ) ;
#886 = DIRECTION ( 'NONE',  ( -0.000000000000000000, -0.000000000000000000, -1.000000000000000000 ) ) ;
#887 = VERTEX_POINT ( 'NONE', #3122 ) ;
#888 = LINE ( 'NONE', #2436, #585 ) ;
#889 = EDGE_LOOP ( 'NONE', ( #1216, #2967, #120, #820 ) ) ;
#890 = EDGE_LOOP ( 'NONE', ( #2464, #1446 ) ) ;
#891 = VECTOR ( 'NONE', #2791, 1000.000000000000000 ) ;
#892 = DIRECTION ( 'NONE',  ( 1.000000000000000000, 0.000000000000000000, 0.000000000000000000 ) ) ;
#893 = DIRECTION ( 'NONE',  ( 1.000000000000000000, 0.000000000000000000, 0.000000000000000000 ) ) ;
#894 = LINE ( 'NONE', #2497, #1870 ) ;
#895 = DIRECTION ( 'NONE',  ( -0.000000000000000000, 0.000000000000000000, 1.000000000000000000 ) ) ;
#896 = VECTOR ( 'NONE', #3496, 1000.000000000000000 ) ;
#897 = EDGE_CURVE ( 'NONE', #1781, #2533, #786, .T. ) ;
#898 = AXIS2_PLACEMENT_3D ( 'NONE', #419, #3105, #693 ) ;
#899 = ORIENTED_EDGE ( 'NONE', *, *, #2600, .F. ) ;
#900 = EDGE_LOOP ( 'NONE', ( #2976, #2541 ) ) ;
#901 = SURFACE_STYLE_USAGE ( .BOTH. , #2243 ) ;
#902 = LINE ( 'NONE', #1692, #2048 ) ;
#903 = FACE_OUTER_BOUND ( 'NONE', #1223, .T. ) ;
#904 = ORIENTED_EDGE ( 'NONE', *, *, #90, .T. ) ;
#905 = VECTOR ( 'NONE', #48, 1000.000000000000000 ) ;
#906 = LINE ( 'NONE', #2822, #414 ) ;
#907 = VERTEX_POINT ( 'NONE', #156 ) ;
#908 = EDGE_CURVE ( 'NONE', #869, #563, #952, .T. ) ;
#909 = AXIS2_PLACEMENT_3D ( 'NONE', #234, #500, #772 ) ;
#910 = AXIS2_PLACEMENT_3D ( 'NONE', #3326, #387, #1731 ) ;
#911 = ADVANCED_FACE ( 'NONE', ( #2560 ), #2627, .F. ) ;
#912 = DIRECTION ( 'NONE',  ( -1.000000000000000000, 0.000000000000000000, 0.000000000000000000 ) ) ;
#913 = CARTESIAN_POINT ( 'NONE',  ( 0.000000000000000000, 7.000000000000000000, -14.50000000000000000 ) ) ;
#914 = FACE_OUTER_BOUND ( 'NONE', #1489, .T. ) ;
#915 = CIRCLE ( 'NONE', #2898, 0.6750000000000002665 ) ;
#916 = DIRECTION ( 'NONE',  ( -0.000000000000000000, -0.000000000000000000, 1.000000000000000000 ) ) ;
#917 = EDGE_CURVE ( 'NONE', #3319, #2324, #2025, .T. ) ;
#918 = EDGE_LOOP ( 'NONE', ( #2872, #3394 ) ) ;
#919 = FACE_OUTER_BOUND ( 'NONE', #213, .T. ) ;
#920 = CARTESIAN_POINT ( 'NONE',  ( 11.42500000000000249, -29.50000000000000711, 16.00000000000000000 ) ) ;
#921 = ORIENTED_EDGE ( 'NONE', *, *, #815, .F. ) ;
#922 = VERTEX_POINT ( 'NONE', #697 ) ;
#923 = DIRECTION ( 'NONE',  ( 1.000000000000000000, 0.000000000000000000, 0.000000000000000000 ) ) ;
#924 = ORIENTED_EDGE ( 'NONE', *, *, #1056, .T. ) ;
#925 = VECTOR ( 'NONE', #947, 1000.000000000000000 ) ;
#926 = VECTOR ( 'NONE', #2998, 1000.000000000000000 ) ;
#927 = ORIENTED_EDGE ( 'NONE', *, *, #929, .F. ) ;
#928 = CARTESIAN_POINT ( 'NONE',  ( 2.949029909160572455E-15, -17.00000000000000000, -17.50000000000000000 ) ) ;
#929 = EDGE_CURVE ( 'NONE', #956, #2500, #3142, .T. ) ;
#930 = CYLINDRICAL_SURFACE ( 'NONE', #1187, 0.6750000000000002665 ) ;
#931 = EDGE_LOOP ( 'NONE', ( #481, #292, #704, #509, #1664 ) ) ;
#932 = PLANE ( 'NONE',  #543 ) ;
#933 = ORIENTED_EDGE ( 'NONE', *, *, #478, .T. ) ;
#934 = CARTESIAN_POINT ( 'NONE',  ( 0.000000000000000000, -5.794609564069373775, 14.50000000000000000 ) ) ;
#935 = CARTESIAN_POINT ( 'NONE',  ( 7.000000000000197176, 1.969616673719589582E-13, 14.50000000000000000 ) ) ;
#936 = EDGE_LOOP ( 'NONE', ( #1740, #108, #2447, #343 ) ) ;
#937 = ORIENTED_EDGE ( 'NONE', *, *, #39, .F. ) ;
#938 = AXIS2_PLACEMENT_3D ( 'NONE', #62, #1106, #574 ) ;
#939 = FACE_OUTER_BOUND ( 'NONE', #2471, .T. ) ;
#940 = VERTEX_POINT ( 'NONE', #140 ) ;
#941 = EDGE_CURVE ( 'NONE', #2395, #2637, #3285, .T. ) ;
#942 = EDGE_LOOP ( 'NONE', ( #1837, #1203, #1993, #2981, #1858 ) ) ;
#943 = CARTESIAN_POINT ( 'NONE',  ( 10.50000000000000178, -29.50000000000000711, 11.00000000000000000 ) ) ;
#944 = LINE ( 'NONE', #2587, #2374 ) ;
#945 = ORIENTED_EDGE ( 'NONE', *, *, #2687, .F. ) ;
#946 = EDGE_CURVE ( 'NONE', #3241, #2435, #3052, .T. ) ;
#947 = DIRECTION ( 'NONE',  ( 0.000000000000000000, 0.000000000000000000, -1.000000000000000000 ) ) ;
#948 = AXIS2_PLACEMENT_3D ( 'NONE', #441, #2333, #2595 ) ;
#949 = DIRECTION ( 'NONE',  ( 1.000000000000000000, 0.000000000000000000, 0.000000000000000000 ) ) ;
#950 =( LENGTH_UNIT ( ) NAMED_UNIT ( * ) SI_UNIT ( .MILLI., .METRE. ) );
#951 = CIRCLE ( 'NONE', #288, 0.6750000000000001554 ) ;
#952 = LINE ( 'NONE', #1462, #1006 ) ;
#953 = ORIENTED_EDGE ( 'NONE', *, *, #1376, .F. ) ;
#954 = ORIENTED_EDGE ( 'NONE', *, *, #2808, .T. ) ;
#955 = DIRECTION ( 'NONE',  ( 1.000000000000000000, 0.000000000000000000, 0.000000000000000000 ) ) ;
#956 = VERTEX_POINT ( 'NONE', #984 ) ;
#957 = AXIS2_PLACEMENT_3D ( 'NONE', #1633, #576, #3066 ) ;
#958 = CARTESIAN_POINT ( 'NONE',  ( -0.6749999999996062483, -7.000000000000000000, 14.50000000000000000 ) ) ;
#959 = EDGE_LOOP ( 'NONE', ( #1826, #113, #2224, #2798 ) ) ;
#960 = DIRECTION ( 'NONE',  ( 1.000000000000000000, 0.000000000000000000, 0.000000000000000000 ) ) ;
#961 = LINE ( 'NONE', #2037, #1184 ) ;
#962 = ORIENTED_EDGE ( 'NONE', *, *, #3368, .F. ) ;
#963 = CIRCLE ( 'NONE', #2562, 1.375000000000000000 ) ;
#964 = EDGE_CURVE ( 'NONE', #1751, #126, #726, .T. ) ;
#965 = DIRECTION ( 'NONE',  ( -0.000000000000000000, 0.000000000000000000, 1.000000000000000000 ) ) ;
#966 = FACE_OUTER_BOUND ( 'NONE', #1360, .T. ) ;
#967 =( LENGTH_UNIT ( ) NAMED_UNIT ( * ) SI_UNIT ( .MILLI., .METRE. ) );
#968 = AXIS2_PLACEMENT_3D ( 'NONE', #1860, #2950, #1878 ) ;
#969 = DIRECTION ( 'NONE',  ( 1.000000000000000000, 0.000000000000000000, 0.000000000000000000 ) ) ;
#970 = ORIENTED_EDGE ( 'NONE', *, *, #3019, .T. ) ;
#971 = ORIENTED_EDGE ( 'NONE', *, *, #2525, .T. ) ;
#972 = CARTESIAN_POINT ( 'NONE',  ( 10.49999999999999822, -8.500000000000001776, 11.00000000000000000 ) ) ;
#973 = ORIENTED_EDGE ( 'NONE', *, *, #2539, .T. ) ;
#974 = CARTESIAN_POINT ( 'NONE',  ( 7.000000000000002665, -8.485281374238565988, 16.00000000000000000 ) ) ;
#975 = EDGE_LOOP ( 'NONE', ( #2815, #378, #2931, #1567 ) ) ;
#976 =( GEOMETRIC_REPRESENTATION_CONTEXT ( 3 ) GLOBAL_UNCERTAINTY_ASSIGNED_CONTEXT ( ( #261 ) ) GLOBAL_UNIT_ASSIGNED_CONTEXT ( ( #773, #502, #235 ) ) REPRESENTATION_CONTEXT ( 'NONE', 'WORKASPACE' ) );
#977 = CIRCLE ( 'NONE', #2966, 0.6750000000000002665 ) ;
#978 = LINE ( 'NONE', #1229, #864 ) ;
#979 = FILL_AREA_STYLE ('',( #1230 ) ) ;
#980 = PRESENTATION_LAYER_ASSIGNMENT (  '', '', ( #1769 ) ) ;
#981 = LINE ( 'NONE', #3120, #2456 ) ;
#982 = CARTESIAN_POINT ( 'NONE',  ( -9.999999999999998224, -11.99999999999999822, -17.50000000000000000 ) ) ;
#983 = PLANE ( 'NONE',  #2225 ) ;
#984 = CARTESIAN_POINT ( 'NONE',  ( -9.574999999999999289, -33.00000000000000000, -11.00000000000000000 ) ) ;
#985 = ORIENTED_EDGE ( 'NONE', *, *, #946, .F. ) ;
#986 = ORIENTED_EDGE ( 'NONE', *, *, #2733, .F. ) ;
#987 = DIRECTION ( 'NONE',  ( -0.000000000000000000, -0.000000000000000000, -1.000000000000000000 ) ) ;
#988 = ORIENTED_EDGE ( 'NONE', *, *, #1451, .T. ) ;
#989 = ADVANCED_FACE ( 'NONE', ( #1354 ), #1287, .F. ) ;
#990 = CARTESIAN_POINT ( 'NONE',  ( 10.50000000000000178, -29.50000000000000711, 11.00000000000000000 ) ) ;
#991 = EDGE_LOOP ( 'NONE', ( #3307, #1255 ) ) ;
#992 = ORIENTED_EDGE ( 'NONE', *, *, #336, .F. ) ;
#993 = ORIENTED_EDGE ( 'NONE', *, *, #2054, .T. ) ;
#994 = DIRECTION ( 'NONE',  ( 0.000000000000000000, 0.000000000000000000, 1.000000000000000000 ) ) ;
#995 = DIRECTION ( 'NONE',  ( -0.000000000000000000, -0.000000000000000000, -1.000000000000000000 ) ) ;
#996 = CARTESIAN_POINT ( 'NONE',  ( 11.42500000000000249, -29.50000000000000711, 11.00000000000000000 ) ) ;
#997 = DIRECTION ( 'NONE',  ( -0.000000000000000000, 0.000000000000000000, 1.000000000000000000 ) ) ;
#998 = CARTESIAN_POINT ( 'NONE',  ( 4.949747468305890408, 4.949747468305973008, -14.50000000000000000 ) ) ;
#999 = EDGE_CURVE ( 'NONE', #2779, #3077, #3166, .T. ) ;
#1000 = SURFACE_SIDE_STYLE ('',( #440 ) ) ;
#1001 = CIRCLE ( 'NONE', #2820, 0.6750000000000002665 ) ;
#1002 = CARTESIAN_POINT ( 'NONE',  ( 6.325000000000196465, 1.969616673719589582E-13, 14.50000000000000000 ) ) ;
#1003 = DIRECTION ( 'NONE',  ( -1.000000000000000000, 0.000000000000000000, -0.000000000000000000 ) ) ;
#1004 = DIRECTION ( 'NONE',  ( 1.000000000000000000, 0.000000000000000000, 0.000000000000000000 ) ) ;
#1005 = ORIENTED_EDGE ( 'NONE', *, *, #3280, .F. ) ;
#1006 = VECTOR ( 'NONE', #1267, 1000.000000000000000 ) ;
#1007 = CARTESIAN_POINT ( 'NONE',  ( 12.35000000000022524, 8.099999999999990763, -14.50000000000000000 ) ) ;
#1008 = CIRCLE ( 'NONE', #3000, 0.6750000000000001554 ) ;
#1009 = EDGE_CURVE ( 'NONE', #3464, #2996, #1119, .T. ) ;
#1010 = EDGE_LOOP ( 'NONE', ( #1176, #702 ) ) ;
#1011 = CIRCLE ( 'NONE', #3003, 11.00000000000000000 ) ;
#1012 = EDGE_CURVE ( 'NONE', #1197, #370, #2019, .T. ) ;
#1013 = DIRECTION ( 'NONE',  ( 1.000000000000000000, 0.000000000000000000, 0.000000000000000000 ) ) ;
#1014 = EDGE_LOOP ( 'NONE', ( #2567, #839, #1714, #1749 ) ) ;
#1015 = FACE_OUTER_BOUND ( 'NONE', #1455, .T. ) ;
#1016 = PRODUCT_DEFINITION_FORMATION_WITH_SPECIFIED_SOURCE ( 'ANY', '', #1438, .NOT_KNOWN. ) ;
#1017 = AXIS2_PLACEMENT_3D ( 'NONE', #307, #1362, #426 ) ;
#1018 = FILL_AREA_STYLE_COLOUR ( '', #3203 ) ;
#1019 = CARTESIAN_POINT ( 'NONE',  ( 0.000000000000000000, -5.794609564069373775, 16.00000000000000000 ) ) ;
#1020 = CARTESIAN_POINT ( 'NONE',  ( -6.999999999999802824, -1.978189201313621547E-13, 19.40000000000000213 ) ) ;
#1021 = CARTESIAN_POINT ( 'NONE',  ( 11.42499999999999893, -33.00000000000000000, -11.00000000000000000 ) ) ;
#1022 = VECTOR ( 'NONE', #2739, 1000.000000000000000 ) ;
#1023 = EDGE_CURVE ( 'NONE', #1133, #371, #818, .T. ) ;
#1024 = CYLINDRICAL_SURFACE ( 'NONE', #1163, 0.6750000000000001554 ) ;
#1025 = DIRECTION ( 'NONE',  ( -0.000000000000000000, -0.000000000000000000, 1.000000000000000000 ) ) ;
#1026 = VECTOR ( 'NONE', #2201, 1000.000000000000000 ) ;
#1027 = CARTESIAN_POINT ( 'NONE',  ( -4.949747468305496945, -4.949747468305973008, -17.64999999999999858 ) ) ;
#1028 = VERTEX_POINT ( 'NONE', #1889 ) ;
#1029 = EDGE_CURVE ( 'NONE', #869, #2618, #2423, .T. ) ;
#1030 = UNCERTAINTY_MEASURE_WITH_UNIT (LENGTH_MEASURE( 1.000000000000000082E-05 ), #3197, 'distance_accuracy_value', 'NONE');
#1031 = CARTESIAN_POINT ( 'NONE',  ( -11.93045018441111615, -35.10000000000000853, -16.00000000000000000 ) ) ;
#1032 = EDGE_LOOP ( 'NONE', ( #3259, #1720, #717, #837 ) ) ;
#1033 = FACE_BOUND ( 'NONE', #1010, .T. ) ;
#1034 = FACE_BOUND ( 'NONE', #2652, .T. ) ;
#1035 = EDGE_CURVE ( 'NONE', #2522, #922, #2693, .T. ) ;
#1036 = CARTESIAN_POINT ( 'NONE',  ( 9.249999999999989342, 0.000000000000000000, -17.85000000000000142 ) ) ;
#1037 = CARTESIAN_POINT ( 'NONE',  ( 0.6750000000003940626, -7.000000000000000000, 19.40000000000000213 ) ) ;
#1038 = CARTESIAN_POINT ( 'NONE',  ( 0.000000000000000000, 0.000000000000000000, -18.19999999999999574 ) ) ;
#1039 = MECHANICAL_DESIGN_GEOMETRIC_PRESENTATION_REPRESENTATION (  '', ( #603 ), #2854 ) ;
#1040 = ORIENTED_EDGE ( 'NONE', *, *, #1561, .T. ) ;
#1041 = LINE ( 'NONE', #2115, #1668 ) ;
#1042 = DIRECTION ( 'NONE',  ( -0.000000000000000000, 0.000000000000000000, 1.000000000000000000 ) ) ;
#1043 = CARTESIAN_POINT ( 'NONE',  ( 11.93045018441156735, -35.10000000000000853, 16.00000000000000000 ) ) ;
#1044 = DIRECTION ( 'NONE',  ( 1.000000000000000000, 0.000000000000000000, 0.000000000000000000 ) ) ;
#1045 = ADVANCED_FACE ( 'NONE', ( #2116 ), #3220, .F. ) ;
#1046 = VERTEX_POINT ( 'NONE', #2942 ) ;
#1047 = VECTOR ( 'NONE', #79, 1000.000000000000000 ) ;
#1048 = VERTEX_POINT ( 'NONE', #1835 ) ;
#1049 = CARTESIAN_POINT ( 'NONE',  ( 0.000000000000000000, 0.000000000000000000, -16.00000000000000000 ) ) ;
#1050 = CIRCLE ( 'NONE', #1898, 0.6750000000000002665 ) ;
#1051 = LINE ( 'NONE', #3471, #2316 ) ;
#1052 = CARTESIAN_POINT ( 'NONE',  ( -6.999999999999802824, -1.978189201313621547E-13, 14.50000000000000000 ) ) ;
#1053 = LINE ( 'NONE', #2656, #2695 ) ;
#1054 = FACE_OUTER_BOUND ( 'NONE', #1308, .T. ) ;
#1055 = EDGE_LOOP ( 'NONE', ( #2172, #1422, #2489, #2038 ) ) ;
#1056 = EDGE_CURVE ( 'NONE', #3149, #66, #1853, .T. ) ;
#1057 = FACE_OUTER_BOUND ( 'NONE', #1998, .T. ) ;
#1058 = DIRECTION ( 'NONE',  ( 1.000000000000000000, 0.000000000000000000, 0.000000000000000000 ) ) ;
#1059 = EDGE_CURVE ( 'NONE', #2909, #648, #843, .T. ) ;
#1060 = DIRECTION ( 'NONE',  ( 1.000000000000000000, 0.000000000000000000, 0.000000000000000000 ) ) ;
#1061 = ORIENTED_EDGE ( 'NONE', *, *, #2422, .T. ) ;
#1062 = CARTESIAN_POINT ( 'NONE',  ( 10.49999999999999822, -8.500000000000001776, 16.00000000000000000 ) ) ;
#1063 = CIRCLE ( 'NONE', #5, 0.9250000000000004885 ) ;
#1064 = VERTEX_POINT ( 'NONE', #1552 ) ;
#1065 = ORIENTED_EDGE ( 'NONE', *, *, #1256, .F. ) ;
#1066 = EDGE_CURVE ( 'NONE', #55, #2824, #1339, .T. ) ;
#1067 = ORIENTED_EDGE ( 'NONE', *, *, #3207, .T. ) ;
#1068 = PLANE ( 'NONE',  #310 ) ;
#1069 = CARTESIAN_POINT ( 'NONE',  ( 9.249999999999989342, -19.10000000000001918, -17.85000000000000142 ) ) ;
#1070 = EDGE_CURVE ( 'NONE', #2010, #464, #1600, .T. ) ;
#1071 = FACE_OUTER_BOUND ( 'NONE', #889, .T. ) ;
#1072 = AXIS2_PLACEMENT_3D ( 'NONE', #657, #2220, #2510 ) ;
#1073 = LINE ( 'NONE', #485, #2980 ) ;
#1074 = DIRECTION ( 'NONE',  ( 0.000000000000000000, 1.000000000000000000, 0.000000000000000000 ) ) ;
#1075 = DIRECTION ( 'NONE',  ( -0.000000000000000000, -0.000000000000000000, -1.000000000000000000 ) ) ;
#1076 = ORIENTED_EDGE ( 'NONE', *, *, #49, .F. ) ;
#1077 = CIRCLE ( 'NONE', #2375, 3.875000000000000000 ) ;
#1078 = CARTESIAN_POINT ( 'NONE',  ( 10.00000000000000178, -16.99999999999999645, -16.00000000000000000 ) ) ;
#1079 = CARTESIAN_POINT ( 'NONE',  ( 4.949747468305890408, 4.949747468305973008, 19.40000000000000213 ) ) ;
#1080 = CARTESIAN_POINT ( 'NONE',  ( -7.000000000000002665, -8.485281374238565988, 17.05000000000000071 ) ) ;
#1081 = PLANE ( 'NONE',  #410 ) ;
#1082 = AXIS2_PLACEMENT_3D ( 'NONE', #1452, #3117, #2878 ) ;
#1083 = ORIENTED_EDGE ( 'NONE', *, *, #3046, .T. ) ;
#1084 = CYLINDRICAL_SURFACE ( 'NONE', #910, 0.9250000000000004885 ) ;
#1085 = DIRECTION ( 'NONE',  ( -0.000000000000000000, 0.000000000000000000, 1.000000000000000000 ) ) ;
#1086 = CARTESIAN_POINT ( 'NONE',  ( -11.42500000000000249, -8.500000000000001776, 16.00000000000000000 ) ) ;
#1087 = CARTESIAN_POINT ( 'NONE',  ( 0.000000000000000000, -5.794609564069373775, 14.50000000000000000 ) ) ;
#1088 = CARTESIAN_POINT ( 'NONE',  ( 5.624747468305891118, 4.949747468305973008, -17.64999999999999858 ) ) ;
#1089 = FACE_BOUND ( 'NONE', #1141, .T. ) ;
#1090 = EDGE_CURVE ( 'NONE', #2061, #859, #525, .T. ) ;
#1091 = ORIENTED_EDGE ( 'NONE', *, *, #2548, .F. ) ;
#1092 = VERTEX_POINT ( 'NONE', #1616 ) ;
#1093 = AXIS2_PLACEMENT_3D ( 'NONE', #277, #819, #1374 ) ;
#1094 = FACE_BOUND ( 'NONE', #50, .T. ) ;
#1095 = CYLINDRICAL_SURFACE ( 'NONE', #874, 0.6750000000000000444 ) ;
#1096 = ORIENTED_EDGE ( 'NONE', *, *, #511, .T. ) ;
#1097 = DIRECTION ( 'NONE',  ( 0.000000000000000000, 0.000000000000000000, 1.000000000000000000 ) ) ;
#1098 = ORIENTED_EDGE ( 'NONE', *, *, #2698, .F. ) ;
#1099 = ORIENTED_EDGE ( 'NONE', *, *, #490, .F. ) ;
#1100 = ORIENTED_EDGE ( 'NONE', *, *, #346, .T. ) ;
#1101 = EDGE_CURVE ( 'NONE', #1987, #734, #2371, .T. ) ;
#1102 = CARTESIAN_POINT ( 'NONE',  ( -6.324999999999803002, -1.978189201313621547E-13, -17.64999999999999858 ) ) ;
#1103 = ADVANCED_FACE ( 'NONE', ( #1094, #1565 ), #2661, .T. ) ;
#1104 = CARTESIAN_POINT ( 'NONE',  ( 0.000000000000000000, 0.000000000000000000, 19.40000000000000213 ) ) ;
#1105 = DIRECTION ( 'NONE',  ( 1.000000000000000000, 0.000000000000000000, 0.000000000000000000 ) ) ;
#1106 = DIRECTION ( 'NONE',  ( -0.000000000000000000, 0.000000000000000000, 1.000000000000000000 ) ) ;
#1107 = CYLINDRICAL_SURFACE ( 'NONE', #2151, 0.6750000000000002665 ) ;
#1108 = DIRECTION ( 'NONE',  ( -0.000000000000000000, -0.000000000000000000, -1.000000000000000000 ) ) ;
#1109 = ORIENTED_EDGE ( 'NONE', *, *, #71, .T. ) ;
#1110 = EDGE_CURVE ( 'NONE', #3451, #1484, #3181, .T. ) ;
#1111 = DIRECTION ( 'NONE',  ( -1.000000000000000000, 0.000000000000000000, 0.000000000000000000 ) ) ;
#1112 = DIRECTION ( 'NONE',  ( -1.000000000000000000, 0.000000000000000000, 0.000000000000000000 ) ) ;
#1113 = ORIENTED_EDGE ( 'NONE', *, *, #2548, .T. ) ;
#1114 = ADVANCED_FACE ( 'NONE', ( #3236 ), #1869, .F. ) ;
#1115 = LINE ( 'NONE', #1931, #2765 ) ;
#1116 = ORIENTED_EDGE ( 'NONE', *, *, #2879, .T. ) ;
#1117 = EDGE_LOOP ( 'NONE', ( #1228, #3079, #2728, #1242 ) ) ;
#1118 = VERTEX_POINT ( 'NONE', #3050 ) ;
#1119 = CIRCLE ( 'NONE', #1511, 9.849999999999999645 ) ;
#1120 = EDGE_CURVE ( 'NONE', #1654, #2579, #883, .T. ) ;
#1121 = DIRECTION ( 'NONE',  ( 0.000000000000000000, 0.000000000000000000, -1.000000000000000000 ) ) ;
#1122 = FACE_OUTER_BOUND ( 'NONE', #2517, .T. ) ;
#1123 = DIRECTION ( 'NONE',  ( 1.000000000000000000, 0.000000000000000000, 0.000000000000000000 ) ) ;
#1124 = CARTESIAN_POINT ( 'NONE',  ( -0.6750000000000000444, 7.000000000000000000, 14.50000000000000000 ) ) ;
#1125 = ORIENTED_EDGE ( 'NONE', *, *, #2440, .F. ) ;
#1126 = VECTOR ( 'NONE', #601, 1000.000000000000000 ) ;
#1127 = AXIS2_PLACEMENT_3D ( 'NONE', #1195, #3417, #3171 ) ;
#1128 = EDGE_LOOP ( 'NONE', ( #675, #323, #1541, #988 ) ) ;
#1129 = FACE_BOUND ( 'NONE', #882, .T. ) ;
#1130 = DIRECTION ( 'NONE',  ( 1.000000000000000000, 0.000000000000000000, 0.000000000000000000 ) ) ;
#1131 = DIRECTION ( 'NONE',  ( 1.000000000000000000, 0.000000000000000000, 0.000000000000000000 ) ) ;
#1132 = ORIENTED_EDGE ( 'NONE', *, *, #668, .T. ) ;
#1133 = VERTEX_POINT ( 'NONE', #3018 ) ;
#1134 = AXIS2_PLACEMENT_3D ( 'NONE', #3170, #1343, #737 ) ;
#1135 = ORIENTED_EDGE ( 'NONE', *, *, #296, .T. ) ;
#1136 = EDGE_CURVE ( 'NONE', #2579, #381, #316, .T. ) ;
#1137 = FACE_OUTER_BOUND ( 'NONE', #1391, .T. ) ;
#1138 = DIRECTION ( 'NONE',  ( -0.000000000000000000, 0.000000000000000000, 1.000000000000000000 ) ) ;
#1139 = LINE ( 'NONE', #2219, #2953 ) ;
#1140 = PLANE ( 'NONE',  #1072 ) ;
#1141 = EDGE_LOOP ( 'NONE', ( #407, #475 ) ) ;
#1142 = EDGE_CURVE ( 'NONE', #1914, #299, #2016, .T. ) ;
#1143 = VERTEX_POINT ( 'NONE', #2800 ) ;
#1144 = PLANE ( 'NONE',  #1966 ) ;
#1145 = DIRECTION ( 'NONE',  ( -0.000000000000000000, 0.000000000000000000, 1.000000000000000000 ) ) ;
#1146 = CIRCLE ( 'NONE', #2738, 3.875000000000000000 ) ;
#1147 = DIRECTION ( 'NONE',  ( 0.000000000000000000, 1.000000000000000000, 0.000000000000000000 ) ) ;
#1148 = AXIS2_PLACEMENT_3D ( 'NONE', #3448, #2340, #3129 ) ;
#1149 = ORIENTED_EDGE ( 'NONE', *, *, #2668, .F. ) ;
#1150 = VERTEX_POINT ( 'NONE', #116 ) ;
#1151 = ADVANCED_FACE ( 'NONE', ( #2170 ), #1144, .F. ) ;
#1152 = EDGE_CURVE ( 'NONE', #98, #1092, #732, .T. ) ;
#1153 = LINE ( 'NONE', #3148, #547 ) ;
#1154 = FACE_BOUND ( 'NONE', #1910, .T. ) ;
#1155 = PLANE ( 'NONE',  #3187 ) ;
#1156 = CARTESIAN_POINT ( 'NONE',  ( 0.000000000000000000, -5.794609564069373775, 16.00000000000000000 ) ) ;
#1157 = CIRCLE ( 'NONE', #3436, 0.9250000000000004885 ) ;
#1158 = EDGE_LOOP ( 'NONE', ( #3434, #2838, #3433, #2890, #663, #1958, #993, #304 ) ) ;
#1159 = ORIENTED_EDGE ( 'NONE', *, *, #2303, .T. ) ;
#1160 = SURFACE_STYLE_FILL_AREA ( #101 ) ;
#1161 = PLANE ( 'NONE',  #3141 ) ;
#1162 = EDGE_CURVE ( 'NONE', #1867, #2138, #597, .T. ) ;
#1163 = AXIS2_PLACEMENT_3D ( 'NONE', #1868, #3235, #2960 ) ;
#1164 = EDGE_CURVE ( 'NONE', #699, #3167, #788, .T. ) ;
#1165 = CARTESIAN_POINT ( 'NONE',  ( -5.624747468305777431, 4.949747468305693232, -17.64999999999999858 ) ) ;
#1166 = DIRECTION ( 'NONE',  ( 0.000000000000000000, 1.000000000000000000, 0.000000000000000000 ) ) ;
#1167 = ORIENTED_EDGE ( 'NONE', *, *, #47, .F. ) ;
#1168 = CIRCLE ( 'NONE', #3005, 0.9250000000000004885 ) ;
#1169 = EDGE_CURVE ( 'NONE', #115, #416, #1691, .T. ) ;
#1170 = PRODUCT_CONTEXT ( 'NONE', #1261, 'mechanical' ) ;
#1171 = CARTESIAN_POINT ( 'NONE',  ( 5.624747468305891118, 4.949747468305973008, -17.64999999999999858 ) ) ;
#1172 = DIRECTION ( 'NONE',  ( -0.000000000000000000, -0.000000000000000000, -1.000000000000000000 ) ) ;
#1173 = EDGE_CURVE ( 'NONE', #3167, #1646, #2997, .T. ) ;
#1174 = CARTESIAN_POINT ( 'NONE',  ( 3.875000000000000000, 0.000000000000000000, -18.19999999999999574 ) ) ;
#1175 = VECTOR ( 'NONE', #1025, 1000.000000000000000 ) ;
#1176 = ORIENTED_EDGE ( 'NONE', *, *, #588, .T. ) ;
#1177 = AXIS2_PLACEMENT_3D ( 'NONE', #1757, #136, #949 ) ;
#1178 = DIRECTION ( 'NONE',  ( 0.000000000000000000, -0.000000000000000000, -1.000000000000000000 ) ) ;
#1179 = ORIENTED_EDGE ( 'NONE', *, *, #3269, .T. ) ;
#1180 = DIRECTION ( 'NONE',  ( -0.000000000000000000, -0.000000000000000000, 1.000000000000000000 ) ) ;
#1181 = AXIS2_PLACEMENT_3D ( 'NONE', #230, #1619, #1044 ) ;
#1182 = DIRECTION ( 'NONE',  ( 0.000000000000000000, 0.000000000000000000, 1.000000000000000000 ) ) ;
#1183 = ADVANCED_FACE ( 'NONE', ( #612 ), #1406, .F. ) ;
#1184 = VECTOR ( 'NONE', #1509, 1000.000000000000000 ) ;
#1185 = CARTESIAN_POINT ( 'NONE',  ( -11.84999999999975273, 0.000000000000000000, 16.00000000000000000 ) ) ;
#1186 = ORIENTED_EDGE ( 'NONE', *, *, #1699, .T. ) ;
#1187 = AXIS2_PLACEMENT_3D ( 'NONE', #3132, #2001, #3385 ) ;
#1188 = CARTESIAN_POINT ( 'NONE',  ( 4.949747468306169296, -4.949747468305694120, 14.50000000000000000 ) ) ;
#1189 = ORIENTED_EDGE ( 'NONE', *, *, #1727, .T. ) ;
#1190 = CIRCLE ( 'NONE', #3065, 1.375000000000000000 ) ;
#1191 = ORIENTED_EDGE ( 'NONE', *, *, #2879, .F. ) ;
#1192 = SHAPE_DEFINITION_REPRESENTATION ( #2203, #1937 ) ;
#1193 = AXIS2_PLACEMENT_3D ( 'NONE', #2307, #3398, #2326 ) ;
#1194 = DIRECTION ( 'NONE',  ( 0.000000000000000000, 0.000000000000000000, 1.000000000000000000 ) ) ;
#1195 = CARTESIAN_POINT ( 'NONE',  ( 0.000000000000000000, 0.000000000000000000, -14.50000000000000000 ) ) ;
#1196 = DIRECTION ( 'NONE',  ( 1.000000000000000000, 0.000000000000000000, 0.000000000000000000 ) ) ;
#1197 = VERTEX_POINT ( 'NONE', #2763 ) ;
#1198 = DIRECTION ( 'NONE',  ( -1.000000000000000000, 0.000000000000000000, 0.000000000000000000 ) ) ;
#1199 = DIRECTION ( 'NONE',  ( -0.000000000000000000, 0.000000000000000000, 1.000000000000000000 ) ) ;
#1200 = ADVANCED_FACE ( 'NONE', ( #2501, #854, #1129, #1959, #1943, #2746, #3341, #364, #69, #3304 ), #1442, .F. ) ;
#1201 = CARTESIAN_POINT ( 'NONE',  ( 9.849999999999999645, 0.000000000000000000, -17.64999999999999858 ) ) ;
#1202 = CARTESIAN_POINT ( 'NONE',  ( 4.949747468306169296, -4.949747468305694120, -17.64999999999999858 ) ) ;
#1203 = ORIENTED_EDGE ( 'NONE', *, *, #1268, .T. ) ;
#1204 = ORIENTED_EDGE ( 'NONE', *, *, #679, .T. ) ;
#1205 = DIRECTION ( 'NONE',  ( -0.000000000000000000, -0.000000000000000000, 1.000000000000000000 ) ) ;
#1206 = ORIENTED_EDGE ( 'NONE', *, *, #2415, .F. ) ;
#1207 = AXIS2_PLACEMENT_3D ( 'NONE', #1890, #2449, #1854 ) ;
#1208 = AXIS2_PLACEMENT_3D ( 'NONE', #2257, #2094, #3212 ) ;
#1209 = CIRCLE ( 'NONE', #817, 0.6750000000000002665 ) ;
#1210 = EDGE_CURVE ( 'NONE', #2070, #3111, #2712, .T. ) ;
#1211 = ORIENTED_EDGE ( 'NONE', *, *, #47, .T. ) ;
#1212 = ADVANCED_FACE ( 'NONE', ( #1423 ), #1675, .T. ) ;
#1213 = DIRECTION ( 'NONE',  ( -0.000000000000000000, 0.000000000000000000, 1.000000000000000000 ) ) ;
#1214 = ORIENTED_EDGE ( 'NONE', *, *, #2215, .T. ) ;
#1215 = DIRECTION ( 'NONE',  ( 0.000000000000000000, 0.000000000000000000, -1.000000000000000000 ) ) ;
#1216 = ORIENTED_EDGE ( 'NONE', *, *, #1578, .F. ) ;
#1217 = CARTESIAN_POINT ( 'NONE',  ( 7.000000000000000000, -35.10000000000000853, 17.05000000000000071 ) ) ;
#1218 = DIRECTION ( 'NONE',  ( 1.000000000000000000, 0.000000000000000000, 0.000000000000000000 ) ) ;
#1219 = DIRECTION ( 'NONE',  ( 0.000000000000000000, 0.000000000000000000, 1.000000000000000000 ) ) ;
#1220 = AXIS2_PLACEMENT_3D ( 'NONE', #254, #3195, #538 ) ;
#1221 = CARTESIAN_POINT ( 'NONE',  ( 0.000000000000000000, 7.000000000000000000, -17.64999999999999858 ) ) ;
#1222 = EDGE_LOOP ( 'NONE', ( #2169, #2699 ) ) ;
#1223 = EDGE_LOOP ( 'NONE', ( #197, #3143, #933, #1375 ) ) ;
#1224 = AXIS2_PLACEMENT_3D ( 'NONE', #2366, #3214, #2641 ) ;
#1225 = LINE ( 'NONE', #2889, #1655 ) ;
#1226 = ORIENTED_EDGE ( 'NONE', *, *, #2811, .F. ) ;
#1227 = LINE ( 'NONE', #3061, #891 ) ;
#1228 = ORIENTED_EDGE ( 'NONE', *, *, #3069, .F. ) ;
#1229 = CARTESIAN_POINT ( 'NONE',  ( 0.6750000000003940626, -7.000000000000000000, -17.64999999999999858 ) ) ;
#1230 = FILL_AREA_STYLE_COLOUR ( '', #2137 ) ;
#1231 = CARTESIAN_POINT ( 'NONE',  ( 4.949747468305890408, 4.949747468305973008, -17.64999999999999858 ) ) ;
#1232 = AXIS2_PLACEMENT_3D ( 'NONE', #492, #2389, #259 ) ;
#1233 = CARTESIAN_POINT ( 'NONE',  ( -7.674999999999803535, -1.978189201313621547E-13, 14.50000000000000000 ) ) ;
#1234 = LINE ( 'NONE', #187, #2518 ) ;
#1235 = AXIS2_PLACEMENT_3D ( 'NONE', #1388, #2206, #581 ) ;
#1236 = CARTESIAN_POINT ( 'NONE',  ( -10.50000000000000178, -33.00000000000000000, -11.00000000000000000 ) ) ;
#1237 = EDGE_LOOP ( 'NONE', ( #2663, #1381, #3346, #3006 ) ) ;
#1238 = DIRECTION ( 'NONE',  ( 0.000000000000000000, 0.000000000000000000, -1.000000000000000000 ) ) ;
#1239 = ORIENTED_EDGE ( 'NONE', *, *, #2131, .T. ) ;
#1240 = AXIS2_PLACEMENT_3D ( 'NONE', #3084, #2478, #2794 ) ;
#1241 = DIRECTION ( 'NONE',  ( 1.000000000000000000, 0.000000000000000000, 0.000000000000000000 ) ) ;
#1242 = ORIENTED_EDGE ( 'NONE', *, *, #1919, .F. ) ;
#1243 = CYLINDRICAL_SURFACE ( 'NONE', #1930, 9.849999999999999645 ) ;
#1244 = CARTESIAN_POINT ( 'NONE',  ( 10.49999999999999822, -33.00000000000000000, -11.00000000000000000 ) ) ;
#1245 = DIRECTION ( 'NONE',  ( -0.000000000000000000, 0.000000000000000000, 1.000000000000000000 ) ) ;
#1246 = FILL_AREA_STYLE ('',( #1777 ) ) ;
#1247 = VECTOR ( 'NONE', #1670, 1000.000000000000000 ) ;
#1248 = EDGE_CURVE ( 'NONE', #3319, #1751, #2833, .T. ) ;
#1249 = CARTESIAN_POINT ( 'NONE',  ( -9.575000000000001066, -33.00000000000000000, -11.00000000000000000 ) ) ;
#1250 = ORIENTED_EDGE ( 'NONE', *, *, #548, .T. ) ;
#1251 = CARTESIAN_POINT ( 'NONE',  ( 7.675000000000196998, 1.970443310309014063E-13, 14.50000000000000000 ) ) ;
#1252 = ORIENTED_EDGE ( 'NONE', *, *, #320, .F. ) ;
#1253 = CYLINDRICAL_SURFACE ( 'NONE', #3312, 0.6750000000000002665 ) ;
#1254 = VERTEX_POINT ( 'NONE', #982 ) ;
#1255 = ORIENTED_EDGE ( 'NONE', *, *, #1727, .F. ) ;
#1256 = EDGE_CURVE ( 'NONE', #2533, #1781, #7, .T. ) ;
#1257 = AXIS2_PLACEMENT_3D ( 'NONE', #1440, #114, #1178 ) ;
#1258 = DIRECTION ( 'NONE',  ( -0.000000000000000000, 0.000000000000000000, 1.000000000000000000 ) ) ;
#1259 = VECTOR ( 'NONE', #557, 1000.000000000000000 ) ;
#1260 = CARTESIAN_POINT ( 'NONE',  ( 0.6750000000003940626, -7.000000000000000000, 19.40000000000000213 ) ) ;
#1261 = APPLICATION_CONTEXT ( 'automotive_design' ) ;
#1262 = CARTESIAN_POINT ( 'NONE',  ( -9.575000000000001066, -29.50000000000000711, 11.00000000000000000 ) ) ;
#1263 = DIRECTION ( 'NONE',  ( 1.000000000000000000, 0.000000000000000000, 0.000000000000000000 ) ) ;
#1264 = FACE_OUTER_BOUND ( 'NONE', #3275, .T. ) ;
#1265 = DIRECTION ( 'NONE',  ( 0.000000000000000000, 1.000000000000000000, 0.000000000000000000 ) ) ;
#1266 = DIRECTION ( 'NONE',  ( 1.000000000000000000, 0.000000000000000000, 0.000000000000000000 ) ) ;
#1267 = DIRECTION ( 'NONE',  ( -0.000000000000000000, -0.000000000000000000, -1.000000000000000000 ) ) ;
#1268 = EDGE_CURVE ( 'NONE', #126, #688, #2260, .T. ) ;
#1269 = DIRECTION ( 'NONE',  ( -0.000000000000000000, 0.000000000000000000, 1.000000000000000000 ) ) ;
#1270 = EDGE_LOOP ( 'NONE', ( #1211, #1678 ) ) ;
#1271 = EDGE_CURVE ( 'NONE', #2378, #496, #951, .T. ) ;
#1272 = VECTOR ( 'NONE', #1813, 1000.000000000000000 ) ;
#1273 = FACE_OUTER_BOUND ( 'NONE', #3355, .T. ) ;
#1274 = ORIENTED_EDGE ( 'NONE', *, *, #1090, .T. ) ;
#1275 = ORIENTED_EDGE ( 'NONE', *, *, #241, .T. ) ;
#1276 = EDGE_LOOP ( 'NONE', ( #1996, #1394, #3256, #2148 ) ) ;
#1277 = ORIENTED_EDGE ( 'NONE', *, *, #588, .F. ) ;
#1278 = LINE ( 'NONE', #3453, #469 ) ;
#1279 = CARTESIAN_POINT ( 'NONE',  ( 7.000000000000000888, -35.10000000000000853, 16.00000000000000000 ) ) ;
#1280 = EDGE_CURVE ( 'NONE', #20, #3057, #2309, .T. ) ;
#1281 = DIRECTION ( 'NONE',  ( 0.000000000000000000, 1.000000000000000000, -0.000000000000000000 ) ) ;
#1282 = EDGE_CURVE ( 'NONE', #699, #2555, #3135, .T. ) ;
#1283 = DIRECTION ( 'NONE',  ( -0.000000000000000000, -0.000000000000000000, -1.000000000000000000 ) ) ;
#1284 = DIRECTION ( 'NONE',  ( 1.000000000000000000, 0.000000000000000000, 0.000000000000000000 ) ) ;
#1285 = SURFACE_STYLE_USAGE ( .BOTH. , #1000 ) ;
#1286 = DIRECTION ( 'NONE',  ( 1.000000000000000000, 0.000000000000000000, 0.000000000000000000 ) ) ;
#1287 = CYLINDRICAL_SURFACE ( 'NONE', #2935, 0.6750000000000002665 ) ;
#1288 = FACE_BOUND ( 'NONE', #388, .T. ) ;
#1289 = ORIENTED_EDGE ( 'NONE', *, *, #2174, .F. ) ;
#1290 = VECTOR ( 'NONE', #1975, 1000.000000000000000 ) ;
#1291 = CARTESIAN_POINT ( 'NONE',  ( 7.000000000000002665, -8.485281374238565988, 17.05000000000000071 ) ) ;
#1292 = AXIS2_PLACEMENT_3D ( 'NONE', #3324, #2749, #1677 ) ;
#1293 = VERTEX_POINT ( 'NONE', #1217 ) ;
#1294 = ADVANCED_FACE ( 'NONE', ( #2556 ), #2851, .F. ) ;
#1295 = AXIS2_PLACEMENT_3D ( 'NONE', #23, #2382, #2437 ) ;
#1296 = DIRECTION ( 'NONE',  ( -0.000000000000000000, 0.000000000000000000, 1.000000000000000000 ) ) ;
#1297 = CARTESIAN_POINT ( 'NONE',  ( -11.84999999999975273, -35.10000000000000853, 16.00000000000000000 ) ) ;
#1298 = CARTESIAN_POINT ( 'NONE',  ( 11.85000000000021814, -35.10000000000000853, -16.00000000000000000 ) ) ;
#1299 = LINE ( 'NONE', #3265, #2529 ) ;
#1300 = SURFACE_SIDE_STYLE ('',( #2097 ) ) ;
#1301 = DIRECTION ( 'NONE',  ( -0.000000000000000000, 0.000000000000000000, 1.000000000000000000 ) ) ;
#1302 = EDGE_CURVE ( 'NONE', #2874, #1350, #2057, .T. ) ;
#1303 = CARTESIAN_POINT ( 'NONE',  ( 0.000000000000000000, 0.000000000000000000, -18.19999999999999574 ) ) ;
#1304 = CIRCLE ( 'NONE', #1134, 0.9250000000000004885 ) ;
#1305 = CARTESIAN_POINT ( 'NONE',  ( 12.35000000000022524, -35.10000000000000853, -15.58045018441135454 ) ) ;
#1306 = VERTEX_POINT ( 'NONE', #1480 ) ;
#1307 = FACE_OUTER_BOUND ( 'NONE', #2262, .T. ) ;
#1308 = EDGE_LOOP ( 'NONE', ( #1621, #1715, #2947, #1412 ) ) ;
#1309 = ORIENTED_EDGE ( 'NONE', *, *, #250, .T. ) ;
#1310 = CARTESIAN_POINT ( 'NONE',  ( -6.999999999999802824, -1.978189201313621547E-13, -17.64999999999999858 ) ) ;
#1311 = ADVANCED_FACE ( 'NONE', ( #966 ), #1531, .F. ) ;
#1312 = DIRECTION ( 'NONE',  ( 1.000000000000000000, 0.000000000000000000, 0.000000000000000000 ) ) ;
#1313 = AXIS2_PLACEMENT_3D ( 'NONE', #1601, #2694, #565 ) ;
#1314 = PRESENTATION_STYLE_ASSIGNMENT (( #2919 ) ) ;
#1315 = PLANE ( 'NONE',  #1722 ) ;
#1316 = DIRECTION ( 'NONE',  ( -0.000000000000000000, -0.000000000000000000, -1.000000000000000000 ) ) ;
#1317 = FACE_OUTER_BOUND ( 'NONE', #959, .T. ) ;
#1318 = VERTEX_POINT ( 'NONE', #2040 ) ;
#1319 = CARTESIAN_POINT ( 'NONE',  ( -10.50000000000000178, -33.00000000000000000, -11.00000000000000000 ) ) ;
#1320 = CARTESIAN_POINT ( 'NONE',  ( 10.50000000000000178, -29.50000000000000711, 11.00000000000000000 ) ) ;
#1321 = DIRECTION ( 'NONE',  ( 0.000000000000000000, 0.000000000000000000, -1.000000000000000000 ) ) ;
#1322 = FACE_OUTER_BOUND ( 'NONE', #427, .T. ) ;
#1323 = ORIENTED_EDGE ( 'NONE', *, *, #2291, .F. ) ;
#1324 = ORIENTED_EDGE ( 'NONE', *, *, #2165, .T. ) ;
#1325 = AXIS2_PLACEMENT_3D ( 'NONE', #185, #1245, #1596 ) ;
#1326 = DIRECTION ( 'NONE',  ( -0.000000000000000000, 0.000000000000000000, 1.000000000000000000 ) ) ;
#1327 = AXIS2_PLACEMENT_3D ( 'NONE', #1852, #1599, #2659 ) ;
#1328 = PLANE ( 'NONE',  #1295 ) ;
#1329 = FILL_AREA_STYLE ('',( #1018 ) ) ;
#1330 = CARTESIAN_POINT ( 'NONE',  ( -7.000000000000002665, -8.485281374238565988, 16.00000000000000000 ) ) ;
#1331 = LINE ( 'NONE', #3492, #1607 ) ;
#1332 = LINE ( 'NONE', #1021, #298 ) ;
#1333 = ADVANCED_FACE ( 'NONE', ( #153 ), #1494, .F. ) ;
#1334 = AXIS2_PLACEMENT_3D ( 'NONE', #990, #1768, #892 ) ;
#1335 = CYLINDRICAL_SURFACE ( 'NONE', #1327, 0.6750000000000002665 ) ;
#1336 = DIRECTION ( 'NONE',  ( -0.000000000000000000, -0.000000000000000000, -1.000000000000000000 ) ) ;
#1337 = DIRECTION ( 'NONE',  ( -0.000000000000000000, 0.000000000000000000, 1.000000000000000000 ) ) ;
#1338 = DIRECTION ( 'NONE',  ( 0.000000000000000000, 0.000000000000000000, -1.000000000000000000 ) ) ;
#1339 = CIRCLE ( 'NONE', #1454, 0.6750000000000000444 ) ;
#1340 = VERTEX_POINT ( 'NONE', #1233 ) ;
#1341 = ORIENTED_EDGE ( 'NONE', *, *, #3073, .F. ) ;
#1342 = VECTOR ( 'NONE', #1988, 1000.000000000000114 ) ;
#1343 = DIRECTION ( 'NONE',  ( -0.000000000000000000, 0.000000000000000000, 1.000000000000000000 ) ) ;
#1344 = CARTESIAN_POINT ( 'NONE',  ( 4.274747468305890585, 4.949747468305973008, 19.40000000000000213 ) ) ;
#1345 = CARTESIAN_POINT ( 'NONE',  ( 9.349999999999772271, -5.794609564069373775, 14.50000000000000000 ) ) ;
#1346 = PRESENTATION_LAYER_ASSIGNMENT (  '', '', ( #3119 ) ) ;
#1347 = DIRECTION ( 'NONE',  ( 1.000000000000000000, 0.000000000000000000, 0.000000000000000000 ) ) ;
#1348 = DIRECTION ( 'NONE',  ( 0.000000000000000000, 0.000000000000000000, 1.000000000000000000 ) ) ;
#1349 = CARTESIAN_POINT ( 'NONE',  ( 0.6750000000000000444, 7.000000000000000000, 14.50000000000000000 ) ) ;
#1350 = VERTEX_POINT ( 'NONE', #711 ) ;
#1351 = AXIS2_PLACEMENT_3D ( 'NONE', #572, #2720, #841 ) ;
#1352 = VECTOR ( 'NONE', #2544, 1000.000000000000000 ) ;
#1353 = VERTEX_POINT ( 'NONE', #2868 ) ;
#1354 = FACE_OUTER_BOUND ( 'NONE', #1237, .T. ) ;
#1355 = FACE_OUTER_BOUND ( 'NONE', #2305, .T. ) ;
#1356 = EDGE_CURVE ( 'NONE', #371, #1867, #1512, .T. ) ;
#1357 = CARTESIAN_POINT ( 'NONE',  ( -10.50000000000000178, -33.00000000000000000, -11.00000000000000000 ) ) ;
#1358 = EDGE_LOOP ( 'NONE', ( #3067, #443, #58, #2965 ) ) ;
#1359 = VECTOR ( 'NONE', #2568, 1000.000000000000000 ) ;
#1360 = EDGE_LOOP ( 'NONE', ( #1643, #3339, #640, #1841 ) ) ;
#1361 = ORIENTED_EDGE ( 'NONE', *, *, #1256, .T. ) ;
#1362 = DIRECTION ( 'NONE',  ( -0.000000000000000000, 0.000000000000000000, 1.000000000000000000 ) ) ;
#1363 = DIRECTION ( 'NONE',  ( -1.000000000000000000, 0.000000000000000000, 0.000000000000000000 ) ) ;
#1364 = EDGE_CURVE ( 'NONE', #617, #2319, #3490, .T. ) ;
#1365 = CYLINDRICAL_SURFACE ( 'NONE', #3125, 0.6750000000000002665 ) ;
#1366 = CARTESIAN_POINT ( 'NONE',  ( 7.000000000000197176, 1.969616673719589582E-13, -17.64999999999999858 ) ) ;
#1367 = CARTESIAN_POINT ( 'NONE',  ( 11.93045018441156735, -5.794609564069373775, 16.00000000000000000 ) ) ;
#1368 = CARTESIAN_POINT ( 'NONE',  ( 11.42500000000000249, -29.50000000000000711, 11.00000000000000000 ) ) ;
#1369 = ORIENTED_EDGE ( 'NONE', *, *, #860, .T. ) ;
#1370 = ORIENTED_EDGE ( 'NONE', *, *, #379, .F. ) ;
#1371 = VECTOR ( 'NONE', #184, 1000.000000000000000 ) ;
#1372 = VECTOR ( 'NONE', #598, 1000.000000000000000 ) ;
#1373 = CARTESIAN_POINT ( 'NONE',  ( -0.000000000000000000, -5.794609564069373775, -16.00000000000000000 ) ) ;
#1374 = DIRECTION ( 'NONE',  ( 1.000000000000000000, 0.000000000000000000, 0.000000000000000000 ) ) ;
#1375 = ORIENTED_EDGE ( 'NONE', *, *, #1210, .T. ) ;
#1376 = EDGE_CURVE ( 'NONE', #2637, #2395, #3213, .T. ) ;
#1377 = CARTESIAN_POINT ( 'NONE',  ( 0.000000000000000000, 0.000000000000000000, 19.90000000000000213 ) ) ;
#1378 = ORIENTED_EDGE ( 'NONE', *, *, #328, .T. ) ;
#1379 = ORIENTED_EDGE ( 'NONE', *, *, #2282, .T. ) ;
#1380 = EDGE_CURVE ( 'NONE', #464, #373, #3325, .T. ) ;
#1381 = ORIENTED_EDGE ( 'NONE', *, *, #655, .T. ) ;
#1382 = DIRECTION ( 'NONE',  ( -0.000000000000000000, 0.000000000000000000, 1.000000000000000000 ) ) ;
#1383 = CARTESIAN_POINT ( 'NONE',  ( 0.000000000000000000, 0.000000000000000000, -18.19999999999999574 ) ) ;
#1384 = PLANE ( 'NONE',  #1473 ) ;
#1385 = FACE_OUTER_BOUND ( 'NONE', #1506, .T. ) ;
#1386 = ORIENTED_EDGE ( 'NONE', *, *, #1521, .F. ) ;
#1387 = ORIENTED_EDGE ( 'NONE', *, *, #3368, .T. ) ;
#1388 = CARTESIAN_POINT ( 'NONE',  ( 0.000000000000000000, 0.000000000000000000, -17.64999999999999858 ) ) ;
#1389 = DIRECTION ( 'NONE',  ( 0.000000000000000000, 0.000000000000000000, -1.000000000000000000 ) ) ;
#1390 = CARTESIAN_POINT ( 'NONE',  ( -1.375000000000000000, 1.683889348827610506E-16, 19.90000000000000213 ) ) ;
#1391 = EDGE_LOOP ( 'NONE', ( #1974, #2547 ) ) ;
#1392 = ORIENTED_EDGE ( 'NONE', *, *, #198, .F. ) ;
#1393 = ORIENTED_EDGE ( 'NONE', *, *, #3019, .F. ) ;
#1394 = ORIENTED_EDGE ( 'NONE', *, *, #71, .F. ) ;
#1395 = AXIS2_PLACEMENT_3D ( 'NONE', #764, #799, #507 ) ;
#1396 = EDGE_CURVE ( 'NONE', #1623, #157, #3038, .T. ) ;
#1397 = ORIENTED_EDGE ( 'NONE', *, *, #179, .F. ) ;
#1398 =( GEOMETRIC_REPRESENTATION_CONTEXT ( 3 ) GLOBAL_UNCERTAINTY_ASSIGNED_CONTEXT ( ( #3205 ) ) GLOBAL_UNIT_ASSIGNED_CONTEXT ( ( #2573, #725, #2816 ) ) REPRESENTATION_CONTEXT ( 'NONE', 'WORKASPACE' ) );
#1399 = CARTESIAN_POINT ( 'NONE',  ( -9.999999999999998224, 0.000000000000000000, -16.00000000000000000 ) ) ;
#1400 = CARTESIAN_POINT ( 'NONE',  ( -9.249649833285161549, 11.02330341905607369, 14.50000000000000000 ) ) ;
#1401 = CARTESIAN_POINT ( 'NONE',  ( -9.999999999999998224, -17.00000000000000000, -16.00000000000000000 ) ) ;
#1402 = CARTESIAN_POINT ( 'NONE',  ( -7.674999999999803535, -1.977362564724197066E-13, -17.64999999999999858 ) ) ;
#1403 = EDGE_LOOP ( 'NONE', ( #2709, #2176, #2871, #318 ) ) ;
#1404 = AXIS2_PLACEMENT_3D ( 'NONE', #505, #540, #3266 ) ;
#1405 = ORIENTED_EDGE ( 'NONE', *, *, #3302, .T. ) ;
#1406 = CYLINDRICAL_SURFACE ( 'NONE', #2606, 11.00000000000000000 ) ;
#1407 = CARTESIAN_POINT ( 'NONE',  ( -6.999999999999802824, -1.978189201313621547E-13, 19.40000000000000213 ) ) ;
#1408 = EDGE_CURVE ( 'NONE', #381, #2431, #810, .T. ) ;
#1409 = FACE_OUTER_BOUND ( 'NONE', #3381, .T. ) ;
#1410 = ORIENTED_EDGE ( 'NONE', *, *, #1779, .F. ) ;
#1411 = EDGE_LOOP ( 'NONE', ( #2806, #2015 ) ) ;
#1412 = ORIENTED_EDGE ( 'NONE', *, *, #964, .F. ) ;
#1413 = AXIS2_PLACEMENT_3D ( 'NONE', #845, #2757, #1121 ) ;
#1414 = AXIS2_PLACEMENT_3D ( 'NONE', #465, #1258, #1527 ) ;
#1415 = ADVANCED_FACE ( 'NONE', ( #558 ), #1315, .T. ) ;
#1416 = CARTESIAN_POINT ( 'NONE',  ( 10.49999999999999822, -8.500000000000001776, 11.00000000000000000 ) ) ;
#1417 = FACE_OUTER_BOUND ( 'NONE', #3162, .T. ) ;
#1418 = CARTESIAN_POINT ( 'NONE',  ( -12.34999999999977405, 0.000000000000000000, 14.50000000000000000 ) ) ;
#1419 = CARTESIAN_POINT ( 'NONE',  ( 11.93045018441156735, -5.794609564069373775, 16.00000000000000000 ) ) ;
#1420 = EDGE_CURVE ( 'NONE', #1973, #1350, #2059, .T. ) ;
#1421 = ORIENTED_EDGE ( 'NONE', *, *, #2525, .F. ) ;
#1422 = ORIENTED_EDGE ( 'NONE', *, *, #1999, .T. ) ;
#1423 = FACE_OUTER_BOUND ( 'NONE', #2212, .T. ) ;
#1424 = LINE ( 'NONE', #3020, #1372 ) ;
#1425 = AXIS2_PLACEMENT_3D ( 'NONE', #1052, #2901, #3473 ) ;
#1426 = LINE ( 'NONE', #3035, #2074 ) ;
#1427 = CARTESIAN_POINT ( 'NONE',  ( 10.00000000000000178, 0.000000000000000000, -16.00000000000000000 ) ) ;
#1428 = EDGE_LOOP ( 'NONE', ( #353, #2629 ) ) ;
#1429 = EDGE_CURVE ( 'NONE', #2535, #2887, #2672, .T. ) ;
#1430 = AXIS2_PLACEMENT_3D ( 'NONE', #2781, #2207, #3305 ) ;
#1431 = EDGE_CURVE ( 'NONE', #1046, #3361, #2145, .T. ) ;
#1432 = LINE ( 'NONE', #2085, #3140 ) ;
#1433 = FACE_OUTER_BOUND ( 'NONE', #3277, .T. ) ;
#1434 = CARTESIAN_POINT ( 'NONE',  ( -4.949747468305496945, -4.949747468305973008, -17.64999999999999858 ) ) ;
#1435 = EDGE_CURVE ( 'NONE', #2435, #3241, #881, .T. ) ;
#1436 = DIRECTION ( 'NONE',  ( 0.000000000000000000, -0.000000000000000000, -1.000000000000000000 ) ) ;
#1437 = ORIENTED_EDGE ( 'NONE', *, *, #3164, .F. ) ;
#1438 = PRODUCT ( 'LewanSoul LX-16A', 'LewanSoul LX-16A', '', ( #1170 ) ) ;
#1439 = CIRCLE ( 'NONE', #2755, 0.9250000000000004885 ) ;
#1440 = CARTESIAN_POINT ( 'NONE',  ( 0.000000000000000000, -5.794609564069373775, 16.00000000000000000 ) ) ;
#1441 = ORIENTED_EDGE ( 'NONE', *, *, #3080, .T. ) ;
#1442 = PLANE ( 'NONE',  #1235 ) ;
#1443 = PLANE ( 'NONE',  #1430 ) ;
#1444 = VECTOR ( 'NONE', #2921, 1000.000000000000000 ) ;
#1445 = DIRECTION ( 'NONE',  ( 0.000000000000000000, -0.000000000000000000, -1.000000000000000000 ) ) ;
#1446 = ORIENTED_EDGE ( 'NONE', *, *, #2687, .T. ) ;
#1447 = ORIENTED_EDGE ( 'NONE', *, *, #1248, .T. ) ;
#1448 = FACE_OUTER_BOUND ( 'NONE', #337, .T. ) ;
#1449 = ORIENTED_EDGE ( 'NONE', *, *, #2177, .F. ) ;
#1450 = ORIENTED_EDGE ( 'NONE', *, *, #2143, .T. ) ;
#1451 = EDGE_CURVE ( 'NONE', #3188, #416, #218, .T. ) ;
#1452 = CARTESIAN_POINT ( 'NONE',  ( 7.000000000000197176, 1.969616673719589582E-13, -17.64999999999999858 ) ) ;
#1453 = DIRECTION ( 'NONE',  ( 0.6427876096865441369, 0.000000000000000000, -0.7660444431189741277 ) ) ;
#1454 = AXIS2_PLACEMENT_3D ( 'NONE', #2710, #226, #2425 ) ;
#1455 = EDGE_LOOP ( 'NONE', ( #2819, #610 ) ) ;
#1456 = CYLINDRICAL_SURFACE ( 'NONE', #2990, 0.6750000000000002665 ) ;
#1457 = ORIENTED_EDGE ( 'NONE', *, *, #1997, .F. ) ;
#1458 = DIRECTION ( 'NONE',  ( 0.000000000000000000, 0.000000000000000000, 1.000000000000000000 ) ) ;
#1459 = CIRCLE ( 'NONE', #686, 9.849999999999999645 ) ;
#1460 = DIRECTION ( 'NONE',  ( -0.000000000000000000, -0.000000000000000000, -1.000000000000000000 ) ) ;
#1461 = VECTOR ( 'NONE', #1687, 1000.000000000000000 ) ;
#1462 = CARTESIAN_POINT ( 'NONE',  ( -9.349999999999772271, -5.794609564069373775, 16.00000000000000000 ) ) ;
#1463 = EDGE_CURVE ( 'NONE', #2615, #1028, #1053, .T. ) ;
#1464 = EDGE_LOOP ( 'NONE', ( #2275, #685 ) ) ;
#1465 = ORIENTED_EDGE ( 'NONE', *, *, #2434, .F. ) ;
#1466 = AXIS2_PLACEMENT_3D ( 'NONE', #2623, #1199, #2884 ) ;
#1467 = CYLINDRICAL_SURFACE ( 'NONE', #2616, 0.9250000000000004885 ) ;
#1468 = ORIENTED_EDGE ( 'NONE', *, *, #1505, .F. ) ;
#1469 = EDGE_CURVE ( 'NONE', #2618, #2324, #1847, .T. ) ;
#1470 = VECTOR ( 'NONE', #2269, 1000.000000000000000 ) ;
#1471 = AXIS2_PLACEMENT_3D ( 'NONE', #591, #338, #1650 ) ;
#1472 = ORIENTED_EDGE ( 'NONE', *, *, #2003, .T. ) ;
#1473 = AXIS2_PLACEMENT_3D ( 'NONE', #2477, #1213, #1474 ) ;
#1474 = DIRECTION ( 'NONE',  ( 1.000000000000000000, 0.000000000000000000, 0.000000000000000000 ) ) ;
#1475 =( NAMED_UNIT ( * ) SI_UNIT ( $, .STERADIAN. ) SOLID_ANGLE_UNIT ( ) );
#1476 = ADVANCED_FACE ( 'NONE', ( #744 ), #1830, .F. ) ;
#1477 = ORIENTED_EDGE ( 'NONE', *, *, #3484, .F. ) ;
#1478 = DIRECTION ( 'NONE',  ( 0.000000000000000000, 0.000000000000000000, 1.000000000000000000 ) ) ;
#1479 = ORIENTED_EDGE ( 'NONE', *, *, #1759, .F. ) ;
#1480 = CARTESIAN_POINT ( 'NONE',  ( -9.575000000000001066, -29.50000000000000711, 16.00000000000000000 ) ) ;
#1481 = DIRECTION ( 'NONE',  ( -1.000000000000000000, 0.000000000000000000, 0.000000000000000000 ) ) ;
#1482 = FACE_OUTER_BOUND ( 'NONE', #2086, .T. ) ;
#1483 = ORIENTED_EDGE ( 'NONE', *, *, #1561, .F. ) ;
#1484 = VERTEX_POINT ( 'NONE', #237 ) ;
#1485 = DIRECTION ( 'NONE',  ( 1.000000000000000000, 0.000000000000000000, 0.000000000000000000 ) ) ;
#1486 = VERTEX_POINT ( 'NONE', #1298 ) ;
#1487 = CIRCLE ( 'NONE', #1207, 0.6750000000000002665 ) ;
#1488 = EDGE_CURVE ( 'NONE', #1306, #1064, #2751, .T. ) ;
#1489 = EDGE_LOOP ( 'NONE', ( #985, #861 ) ) ;
#1490 = FACE_OUTER_BOUND ( 'NONE', #3093, .T. ) ;
#1491 = DIRECTION ( 'NONE',  ( 0.000000000000000000, 1.000000000000000000, 0.000000000000000000 ) ) ;
#1492 = EDGE_LOOP ( 'NONE', ( #1186, #1587, #3040, #3144, #3251, #1341, #2240, #214 ) ) ;
#1493 = CYLINDRICAL_SURFACE ( 'NONE', #205, 3.875000000000000000 ) ;
#1494 = CYLINDRICAL_SURFACE ( 'NONE', #771, 1.375000000000000000 ) ;
#1495 = CARTESIAN_POINT ( 'NONE',  ( -11.93045018441111615, -35.10000000000000853, -16.00000000000000000 ) ) ;
#1496 = DIRECTION ( 'NONE',  ( -1.734723475976806848E-16, 1.000000000000000000, 0.000000000000000000 ) ) ;
#1497 = VECTOR ( 'NONE', #2476, 999.9999999999998863 ) ;
#1498 = DIRECTION ( 'NONE',  ( 1.000000000000000000, 0.000000000000000000, 0.000000000000000000 ) ) ;
#1499 = ORIENTED_EDGE ( 'NONE', *, *, #1856, .F. ) ;
#1500 = ORIENTED_EDGE ( 'NONE', *, *, #239, .T. ) ;
#1501 = AXIS2_PLACEMENT_3D ( 'NONE', #1883, #1348, #2974 ) ;
#1502 = FACE_OUTER_BOUND ( 'NONE', #1128, .T. ) ;
#1503 = VERTEX_POINT ( 'NONE', #3474 ) ;
#1504 = PLANE ( 'NONE',  #2869 ) ;
#1505 = EDGE_CURVE ( 'NONE', #1994, #3427, #1073, .T. ) ;
#1506 = EDGE_LOOP ( 'NONE', ( #2667, #971, #1361, #3159 ) ) ;
#1507 = DIRECTION ( 'NONE',  ( 0.000000000000000000, 0.000000000000000000, -1.000000000000000000 ) ) ;
#1508 = EDGE_CURVE ( 'NONE', #231, #21, #1439, .T. ) ;
#1509 = DIRECTION ( 'NONE',  ( -0.000000000000000000, -0.000000000000000000, -1.000000000000000000 ) ) ;
#1510 = CARTESIAN_POINT ( 'NONE',  ( -9.849999999999999645, 0.000000000000000000, 19.40000000000000213 ) ) ;
#1511 = AXIS2_PLACEMENT_3D ( 'NONE', #749, #2907, #3462 ) ;
#1512 = LINE ( 'NONE', #660, #161 ) ;
#1513 = DIRECTION ( 'NONE',  ( -0.000000000000000000, 0.000000000000000000, 1.000000000000000000 ) ) ;
#1514 = DIRECTION ( 'NONE',  ( -0.000000000000000000, -0.000000000000000000, 1.000000000000000000 ) ) ;
#1515 = VECTOR ( 'NONE', #2007, 999.9999999999998863 ) ;
#1516 = LINE ( 'NONE', #2080, #2995 ) ;
#1517 = EDGE_LOOP ( 'NONE', ( #2069, #175 ) ) ;
#1518 = ORIENTED_EDGE ( 'NONE', *, *, #2574, .F. ) ;
#1519 = FACE_BOUND ( 'NONE', #480, .T. ) ;
#1520 = EDGE_LOOP ( 'NONE', ( #19, #2963 ) ) ;
#1521 = EDGE_CURVE ( 'NONE', #373, #464, #332, .T. ) ;
#1522 = VECTOR ( 'NONE', #2776, 1000.000000000000000 ) ;
#1523 = FACE_OUTER_BOUND ( 'NONE', #1850, .T. ) ;
#1524 = ORIENTED_EDGE ( 'NONE', *, *, #1173, .T. ) ;
#1525 =( GEOMETRIC_REPRESENTATION_CONTEXT ( 3 ) GLOBAL_UNCERTAINTY_ASSIGNED_CONTEXT ( ( #1585 ) ) GLOBAL_UNIT_ASSIGNED_CONTEXT ( ( #950, #745, #2313 ) ) REPRESENTATION_CONTEXT ( 'NONE', 'WORKASPACE' ) );
#1526 = CIRCLE ( 'NONE', #302, 0.9250000000000004885 ) ;
#1527 = DIRECTION ( 'NONE',  ( 1.000000000000000000, 0.000000000000000000, 0.000000000000000000 ) ) ;
#1528 = CARTESIAN_POINT ( 'NONE',  ( -9.999999999999998224, 0.000000000000000000, -17.50000000000000000 ) ) ;
#1529 = ADVANCED_FACE ( 'NONE', ( #3232 ), #1864, .F. ) ;
#1530 = CARTESIAN_POINT ( 'NONE',  ( 10.49999999999999822, -8.500000000000001776, 11.00000000000000000 ) ) ;
#1531 = CYLINDRICAL_SURFACE ( 'NONE', #3097, 0.6750000000000001554 ) ;
#1532 = CARTESIAN_POINT ( 'NONE',  ( 0.000000000000000000, 7.000000000000000000, -17.64999999999999858 ) ) ;
#1533 = VECTOR ( 'NONE', #199, 1000.000000000000000 ) ;
#1534 = ADVANCED_FACE ( 'NONE', ( #45 ), #2496, .T. ) ;
#1535 = CARTESIAN_POINT ( 'NONE',  ( 11.42500000000000071, -33.00000000000000000, -11.00000000000000000 ) ) ;
#1536 = DIRECTION ( 'NONE',  ( 0.000000000000000000, -0.000000000000000000, -1.000000000000000000 ) ) ;
#1537 = CYLINDRICAL_SURFACE ( 'NONE', #3258, 0.6750000000000001554 ) ;
#1538 = ORIENTED_EDGE ( 'NONE', *, *, #3058, .T. ) ;
#1539 = CYLINDRICAL_SURFACE ( 'NONE', #2396, 1.375000000000000000 ) ;
#1540 = EDGE_CURVE ( 'NONE', #1143, #922, #1157, .T. ) ;
#1541 = ORIENTED_EDGE ( 'NONE', *, *, #3484, .T. ) ;
#1542 = EDGE_CURVE ( 'NONE', #245, #66, #312, .T. ) ;
#1543 = CIRCLE ( 'NONE', #1208, 0.6750000000000000444 ) ;
#1544 = CIRCLE ( 'NONE', #3199, 3.875000000000000000 ) ;
#1545 = ORIENTED_EDGE ( 'NONE', *, *, #1694, .F. ) ;
#1546 = LINE ( 'NONE', #2638, #742 ) ;
#1547 = CARTESIAN_POINT ( 'NONE',  ( 0.000000000000000000, 7.000000000000000000, 19.40000000000000213 ) ) ;
#1548 = LINE ( 'NONE', #743, #2106 ) ;
#1549 = DIRECTION ( 'NONE',  ( 0.7660444431189793457, 0.6427876096865378086, -0.000000000000000000 ) ) ;
#1550 = CARTESIAN_POINT ( 'NONE',  ( 12.35000000000022524, -35.10000000000000853, 15.49999999999998579 ) ) ;
#1551 = DIRECTION ( 'NONE',  ( 1.000000000000000000, 0.000000000000000000, 0.000000000000000000 ) ) ;
#1552 = CARTESIAN_POINT ( 'NONE',  ( -11.42500000000000249, -29.50000000000000711, 16.00000000000000000 ) ) ;
#1553 = DIRECTION ( 'NONE',  ( -1.000000000000000000, 0.000000000000000000, 0.000000000000000000 ) ) ;
#1554 = EDGE_LOOP ( 'NONE', ( #2255, #473, #141, #3133, #1557, #1877, #1067, #100 ) ) ;
#1555 = AXIS2_PLACEMENT_3D ( 'NONE', #2973, #997, #1263 ) ;
#1556 = CARTESIAN_POINT ( 'NONE',  ( 0.000000000000000000, 0.000000000000000000, 14.50000000000000000 ) ) ;
#1557 = ORIENTED_EDGE ( 'NONE', *, *, #792, .T. ) ;
#1558 = EDGE_LOOP ( 'NONE', ( #1109, #3329 ) ) ;
#1559 = DIRECTION ( 'NONE',  ( 0.000000000000000000, 0.000000000000000000, 1.000000000000000000 ) ) ;
#1560 = DIRECTION ( 'NONE',  ( -0.000000000000000000, 0.000000000000000000, 1.000000000000000000 ) ) ;
#1561 = EDGE_CURVE ( 'NONE', #1293, #3308, #325, .T. ) ;
#1562 = DIRECTION ( 'NONE',  ( 0.000000000000000000, -0.000000000000000000, 1.000000000000000000 ) ) ;
#1563 = CARTESIAN_POINT ( 'NONE',  ( -10.50000000000000178, -29.50000000000000711, 11.00000000000000000 ) ) ;
#1564 = DIRECTION ( 'NONE',  ( 0.000000000000000000, 0.000000000000000000, 1.000000000000000000 ) ) ;
#1565 = FACE_OUTER_BOUND ( 'NONE', #1158, .T. ) ;
#1566 = DIRECTION ( 'NONE',  ( -0.000000000000000000, -0.000000000000000000, -1.000000000000000000 ) ) ;
#1567 = ORIENTED_EDGE ( 'NONE', *, *, #1802, .T. ) ;
#1568 = VECTOR ( 'NONE', #2536, 1000.000000000000000 ) ;
#1569 = EDGE_CURVE ( 'NONE', #362, #1717, #1895, .T. ) ;
#1570 = DIRECTION ( 'NONE',  ( -0.000000000000000000, 0.000000000000000000, 1.000000000000000000 ) ) ;
#1571 = ADVANCED_FACE ( 'NONE', ( #3334 ), #846, .F. ) ;
#1572 = ORIENTED_EDGE ( 'NONE', *, *, #2440, .T. ) ;
#1573 = CARTESIAN_POINT ( 'NONE',  ( 9.849999999999999645, 0.000000000000000000, -17.64999999999999858 ) ) ;
#1574 = CARTESIAN_POINT ( 'NONE',  ( -3.875000000000000000, 0.000000000000000000, 19.40000000000000213 ) ) ;
#1575 = FACE_OUTER_BOUND ( 'NONE', #551, .T. ) ;
#1576 = DIRECTION ( 'NONE',  ( -0.000000000000000000, 0.000000000000000000, 1.000000000000000000 ) ) ;
#1577 = CARTESIAN_POINT ( 'NONE',  ( -4.274747468305496234, -4.949747468305973008, 19.40000000000000213 ) ) ;
#1578 = EDGE_CURVE ( 'NONE', #580, #2715, #339, .T. ) ;
#1579 = DIRECTION ( 'NONE',  ( -0.000000000000000000, -0.000000000000000000, 1.000000000000000000 ) ) ;
#1580 = ADVANCED_FACE ( 'NONE', ( #1154, #2724, #2774 ), #2991, .T. ) ;
#1581 = DIRECTION ( 'NONE',  ( 1.000000000000000000, 0.000000000000000000, 0.000000000000000000 ) ) ;
#1582 = CARTESIAN_POINT ( 'NONE',  ( -11.93045018441111615, -5.794609564069373775, -16.00000000000000000 ) ) ;
#1583 = CIRCLE ( 'NONE', #753, 0.6750000000000002665 ) ;
#1584 = DIRECTION ( 'NONE',  ( 1.000000000000000000, 0.000000000000000000, 0.000000000000000000 ) ) ;
#1585 = UNCERTAINTY_MEASURE_WITH_UNIT (LENGTH_MEASURE( 1.000000000000000082E-05 ), #950, 'distance_accuracy_value', 'NONE');
#1586 = FACE_OUTER_BOUND ( 'NONE', #163, .T. ) ;
#1587 = ORIENTED_EDGE ( 'NONE', *, *, #1429, .T. ) ;
#1588 = EDGE_LOOP ( 'NONE', ( #3468, #1729 ) ) ;
#1589 = EDGE_CURVE ( 'NONE', #1927, #2429, #446, .T. ) ;
#1590 = DIRECTION ( 'NONE',  ( -0.000000000000000000, 0.000000000000000000, 1.000000000000000000 ) ) ;
#1591 = DIRECTION ( 'NONE',  ( 1.000000000000000000, 0.000000000000000000, 0.000000000000000000 ) ) ;
#1592 = AXIS2_PLACEMENT_3D ( 'NONE', #1244, #1215, #3134 ) ;
#1593 = VECTOR ( 'NONE', #1238, 1000.000000000000000 ) ;
#1594 = CIRCLE ( 'NONE', #3480, 11.00000000000000000 ) ;
#1595 = SURFACE_STYLE_FILL_AREA ( #1329 ) ;
#1596 = DIRECTION ( 'NONE',  ( 1.000000000000000000, 0.000000000000000000, 0.000000000000000000 ) ) ;
#1597 = CARTESIAN_POINT ( 'NONE',  ( 7.000000000000002665, -8.485281374238565988, 17.05000000000000071 ) ) ;
#1598 = AXIS2_PLACEMENT_3D ( 'NONE', #678, #1219, #2297 ) ;
#1599 = DIRECTION ( 'NONE',  ( 0.000000000000000000, 0.000000000000000000, 1.000000000000000000 ) ) ;
#1600 = LINE ( 'NONE', #2677, #2250 ) ;
#1601 = CARTESIAN_POINT ( 'NONE',  ( 0.000000000000000000, 7.000000000000000000, -17.64999999999999858 ) ) ;
#1602 = CARTESIAN_POINT ( 'NONE',  ( 0.000000000000000000, 10.09999999999999964, 14.50000000000000000 ) ) ;
#1603 = ORIENTED_EDGE ( 'NONE', *, *, #1101, .F. ) ;
#1604 = ORIENTED_EDGE ( 'NONE', *, *, #835, .F. ) ;
#1605 = AXIS2_PLACEMENT_3D ( 'NONE', #1366, #1669, #1953 ) ;
#1606 = CARTESIAN_POINT ( 'NONE',  ( -1.375000000000000000, 1.683889348827610506E-16, -18.19999999999999574 ) ) ;
#1607 = VECTOR ( 'NONE', #2443, 1000.000000000000000 ) ;
#1608 = DIRECTION ( 'NONE',  ( -0.000000000000000000, -0.000000000000000000, 1.000000000000000000 ) ) ;
#1609 = EDGE_CURVE ( 'NONE', #299, #1914, #2233, .T. ) ;
#1610 = DIRECTION ( 'NONE',  ( 0.000000000000000000, 0.000000000000000000, 1.000000000000000000 ) ) ;
#1611 = DIRECTION ( 'NONE',  ( -0.000000000000000000, -0.000000000000000000, 1.000000000000000000 ) ) ;
#1612 = DIRECTION ( 'NONE',  ( -0.000000000000000000, -0.000000000000000000, 1.000000000000000000 ) ) ;
#1613 = LINE ( 'NONE', #240, #2197 ) ;
#1614 = ORIENTED_EDGE ( 'NONE', *, *, #1009, .T. ) ;
#1615 = EDGE_LOOP ( 'NONE', ( #3303, #2488, #2361, #1370 ) ) ;
#1616 = CARTESIAN_POINT ( 'NONE',  ( 9.849999999999999645, 1.206277097160142826E-15, 19.40000000000000213 ) ) ;
#1617 = LINE ( 'NONE', #1305, #926 ) ;
#1618 = EDGE_LOOP ( 'NONE', ( #1924, #1250, #2445, #2862 ) ) ;
#1619 = DIRECTION ( 'NONE',  ( -0.000000000000000000, 0.000000000000000000, 1.000000000000000000 ) ) ;
#1620 = VECTOR ( 'NONE', #2855, 1000.000000000000000 ) ;
#1621 = ORIENTED_EDGE ( 'NONE', *, *, #1248, .F. ) ;
#1622 = EDGE_CURVE ( 'NONE', #2302, #2010, #1839, .T. ) ;
#1623 = VERTEX_POINT ( 'NONE', #1968 ) ;
#1624 = VECTOR ( 'NONE', #1458, 1000.000000000000000 ) ;
#1625 = AXIS2_PLACEMENT_3D ( 'NONE', #1357, #1338, #3255 ) ;
#1626 = DIRECTION ( 'NONE',  ( 0.000000000000000000, -1.000000000000000000, 0.000000000000000000 ) ) ;
#1627 = FACE_OUTER_BOUND ( 'NONE', #3023, .T. ) ;
#1628 = VECTOR ( 'NONE', #2620, 1000.000000000000000 ) ;
#1629 = LINE ( 'NONE', #2144, #747 ) ;
#1630 = AXIS2_PLACEMENT_3D ( 'NONE', #3136, #2331, #1742 ) ;
#1631 = DIRECTION ( 'NONE',  ( 1.000000000000000000, 0.000000000000000000, 0.000000000000000000 ) ) ;
#1632 = CARTESIAN_POINT ( 'NONE',  ( 7.000000000000002665, -8.485281374238565988, 16.00000000000000000 ) ) ;
#1633 = CARTESIAN_POINT ( 'NONE',  ( 12.35000000000022524, 0.000000000000000000, 14.50000000000000000 ) ) ;
#1634 = EDGE_CURVE ( 'NONE', #21, #1064, #3264, .T. ) ;
#1635 = AXIS2_PLACEMENT_3D ( 'NONE', #1547, #3488, #3245 ) ;
#1636 = CIRCLE ( 'NONE', #3465, 0.9250000000000004885 ) ;
#1637 = VERTEX_POINT ( 'NONE', #3063 ) ;
#1638 = CARTESIAN_POINT ( 'NONE',  ( 4.949747468306169296, -4.949747468305694120, -14.50000000000000000 ) ) ;
#1639 = CARTESIAN_POINT ( 'NONE',  ( 4.274747468306168585, -4.949747468305694120, -17.64999999999999858 ) ) ;
#1640 = CIRCLE ( 'NONE', #2381, 0.9250000000000004885 ) ;
#1641 = AXIS2_PLACEMENT_3D ( 'NONE', #3335, #3298, #2252 ) ;
#1642 = LINE ( 'NONE', #1185, #1737 ) ;
#1643 = ORIENTED_EDGE ( 'NONE', *, *, #3193, .F. ) ;
#1644 = ORIENTED_EDGE ( 'NONE', *, *, #2078, .F. ) ;
#1645 = AXIS2_PLACEMENT_3D ( 'NONE', #1188, #2248, #666 ) ;
#1646 = VERTEX_POINT ( 'NONE', #3297 ) ;
#1647 = EDGE_CURVE ( 'NONE', #1867, #1486, #3043, .T. ) ;
#1648 = ADVANCED_FACE ( 'NONE', ( #1417 ), #637, .T. ) ;
#1649 = ORIENTED_EDGE ( 'NONE', *, *, #999, .T. ) ;
#1650 = DIRECTION ( 'NONE',  ( 1.000000000000000000, 0.000000000000000000, 0.000000000000000000 ) ) ;
#1651 = CARTESIAN_POINT ( 'NONE',  ( 7.000000000000000000, -35.10000000000000853, 17.05000000000000071 ) ) ;
#1652 = DIRECTION ( 'NONE',  ( -1.000000000000000000, 0.000000000000000000, 0.000000000000000000 ) ) ;
#1653 = CYLINDRICAL_SURFACE ( 'NONE', #740, 0.6750000000000002665 ) ;
#1654 = VERTEX_POINT ( 'NONE', #2200 ) ;
#1655 = VECTOR ( 'NONE', #987, 1000.000000000000000 ) ;
#1656 = VECTOR ( 'NONE', #1610, 1000.000000000000000 ) ;
#1657 = ORIENTED_EDGE ( 'NONE', *, *, #195, .F. ) ;
#1658 = PRESENTATION_LAYER_ASSIGNMENT (  '', '', ( #821 ) ) ;
#1659 = DIRECTION ( 'NONE',  ( -1.000000000000000000, 0.000000000000000000, 0.000000000000000000 ) ) ;
#1660 = CARTESIAN_POINT ( 'NONE',  ( -10.50000000000000178, -8.500000000000001776, -11.00000000000000000 ) ) ;
#1661 = DIRECTION ( 'NONE',  ( -1.000000000000000000, 0.000000000000000000, 0.000000000000000000 ) ) ;
#1662 = EDGE_CURVE ( 'NONE', #2071, #3427, #2179, .T. ) ;
#1663 = VERTEX_POINT ( 'NONE', #829 ) ;
#1664 = ORIENTED_EDGE ( 'NONE', *, *, #3073, .T. ) ;
#1665 = EDGE_LOOP ( 'NONE', ( #596, #2913, #2927, #2896 ) ) ;
#1666 = VECTOR ( 'NONE', #1631, 1000.000000000000000 ) ;
#1667 = CARTESIAN_POINT ( 'NONE',  ( -4.949747468305776721, 4.949747468305693232, 19.40000000000000213 ) ) ;
#1668 = VECTOR ( 'NONE', #3219, 1000.000000000000000 ) ;
#1669 = DIRECTION ( 'NONE',  ( -0.000000000000000000, 0.000000000000000000, 1.000000000000000000 ) ) ;
#1670 = DIRECTION ( 'NONE',  ( 9.776865389989693819E-17, 1.000000000000000000, -0.000000000000000000 ) ) ;
#1671 = DIRECTION ( 'NONE',  ( -0.000000000000000000, -0.000000000000000000, -1.000000000000000000 ) ) ;
#1672 = ADVANCED_FACE ( 'NONE', ( #1122 ), #866, .F. ) ;
#1673 = VERTEX_POINT ( 'NONE', #2251 ) ;
#1674 = ORIENTED_EDGE ( 'NONE', *, *, #1364, .F. ) ;
#1675 = PLANE ( 'NONE',  #3056 ) ;
#1676 = DIRECTION ( 'NONE',  ( -1.000000000000000000, 0.000000000000000000, 0.000000000000000000 ) ) ;
#1677 = DIRECTION ( 'NONE',  ( 1.000000000000000000, 0.000000000000000000, 0.000000000000000000 ) ) ;
#1678 = ORIENTED_EDGE ( 'NONE', *, *, #3069, .T. ) ;
#1679 = VERTEX_POINT ( 'NONE', #1171 ) ;
#1680 = ADVANCED_FACE ( 'NONE', ( #1433 ), #110, .F. ) ;
#1681 = VECTOR ( 'NONE', #1003, 1000.000000000000000 ) ;
#1682 = ADVANCED_FACE ( 'NONE', ( #1703 ), #2792, .T. ) ;
#1683 = VECTOR ( 'NONE', #1659, 1000.000000000000000 ) ;
#1684 = DIRECTION ( 'NONE',  ( 1.000000000000000000, 0.000000000000000000, 0.000000000000000000 ) ) ;
#1685 = CARTESIAN_POINT ( 'NONE',  ( 11.85000000000021814, 0.000000000000000000, -16.00000000000000000 ) ) ;
#1686 = LINE ( 'NONE', #3283, #1026 ) ;
#1687 = DIRECTION ( 'NONE',  ( 0.000000000000000000, 0.000000000000000000, 1.000000000000000000 ) ) ;
#1688 = ORIENTED_EDGE ( 'NONE', *, *, #1408, .T. ) ;
#1689 = ADVANCED_FACE ( 'NONE', ( #816 ), #1335, .F. ) ;
#1690 = ORIENTED_EDGE ( 'NONE', *, *, #897, .T. ) ;
#1691 = LINE ( 'NONE', #1708, #3172 ) ;
#1692 = CARTESIAN_POINT ( 'NONE',  ( -0.6750000000000000444, 7.000000000000000000, 19.40000000000000213 ) ) ;
#1693 = VECTOR ( 'NONE', #1608, 1000.000000000000000 ) ;
#1694 = EDGE_CURVE ( 'NONE', #956, #2222, #3382, .T. ) ;
#1695 = CARTESIAN_POINT ( 'NONE',  ( 9.249999999999989342, -17.00000000000000000, -16.00000000000000000 ) ) ;
#1696 = ORIENTED_EDGE ( 'NONE', *, *, #2988, .F. ) ;
#1697 = DIRECTION ( 'NONE',  ( 1.000000000000000000, 0.000000000000000000, 0.000000000000000000 ) ) ;
#1698 = ORIENTED_EDGE ( 'NONE', *, *, #738, .T. ) ;
#1699 = EDGE_CURVE ( 'NONE', #2027, #2535, #208, .T. ) ;
#1700 = ADVANCED_FACE ( 'NONE', ( #798 ), #1024, .F. ) ;
#1701 = CIRCLE ( 'NONE', #641, 0.9250000000000004885 ) ;
#1702 = DIRECTION ( 'NONE',  ( 1.000000000000000000, 0.000000000000000000, 0.000000000000000000 ) ) ;
#1703 = FACE_OUTER_BOUND ( 'NONE', #2512, .T. ) ;
#1704 = PLANE ( 'NONE',  #2092 ) ;
#1705 = CARTESIAN_POINT ( 'NONE',  ( 0.000000000000000000, -30.50000000000000000, -16.00000000000000000 ) ) ;
#1706 = FACE_OUTER_BOUND ( 'NONE', #931, .T. ) ;
#1707 = ORIENTED_EDGE ( 'NONE', *, *, #392, .F. ) ;
#1708 = CARTESIAN_POINT ( 'NONE',  ( -5.624747468305496767, -4.949747468305973008, -17.64999999999999858 ) ) ;
#1709 = CARTESIAN_POINT ( 'NONE',  ( -10.50000000000000178, -8.500000000000001776, -11.00000000000000000 ) ) ;
#1710 = VECTOR ( 'NONE', #3371, 1000.000000000000000 ) ;
#1711 = AXIS2_PLACEMENT_3D ( 'NONE', #244, #582, #13 ) ;
#1712 = DIRECTION ( 'NONE',  ( -0.000000000000000000, -0.000000000000000000, -1.000000000000000000 ) ) ;
#1713 = AXIS2_PLACEMENT_3D ( 'NONE', #3314, #618, #3263 ) ;
#1714 = ORIENTED_EDGE ( 'NONE', *, *, #1356, .F. ) ;
#1715 = ORIENTED_EDGE ( 'NONE', *, *, #805, .F. ) ;
#1716 = DIRECTION ( 'NONE',  ( 0.000000000000000000, -1.000000000000000000, 0.000000000000000000 ) ) ;
#1717 = VERTEX_POINT ( 'NONE', #1816 ) ;
#1718 = DIRECTION ( 'NONE',  ( -0.000000000000000000, -0.000000000000000000, -1.000000000000000000 ) ) ;
#1719 = LINE ( 'NONE', #1402, #1522 ) ;
#1720 = ORIENTED_EDGE ( 'NONE', *, *, #1789, .F. ) ;
#1721 = ADVANCED_FACE ( 'NONE', ( #2424 ), #257, .T. ) ;
#1722 = AXIS2_PLACEMENT_3D ( 'NONE', #1019, #3491, #2095 ) ;
#1723 = CYLINDRICAL_SURFACE ( 'NONE', #2542, 0.9250000000000004885 ) ;
#1724 = VERTEX_POINT ( 'NONE', #1887 ) ;
#1725 = CARTESIAN_POINT ( 'NONE',  ( 3.939233347439179164E-13, -7.000000000000000000, 14.50000000000000000 ) ) ;
#1726 = DIRECTION ( 'NONE',  ( -1.000000000000000000, 0.000000000000000000, 0.000000000000000000 ) ) ;
#1727 = EDGE_CURVE ( 'NONE', #880, #907, #720, .T. ) ;
#1728 = CYLINDRICAL_SURFACE ( 'NONE', #2484, 0.6750000000000002665 ) ;
#1729 = ORIENTED_EDGE ( 'NONE', *, *, #1142, .F. ) ;
#1730 = VERTEX_POINT ( 'NONE', #11 ) ;
#1731 = DIRECTION ( 'NONE',  ( 1.000000000000000000, 0.000000000000000000, 0.000000000000000000 ) ) ;
#1732 = ORIENTED_EDGE ( 'NONE', *, *, #390, .F. ) ;
#1733 = ADVANCED_FACE ( 'NONE', ( #2692 ), #541, .F. ) ;
#1734 = ORIENTED_EDGE ( 'NONE', *, *, #1779, .T. ) ;
#1735 = CARTESIAN_POINT ( 'NONE',  ( -4.949747468305496945, -4.949747468305973008, 19.40000000000000213 ) ) ;
#1736 =( NAMED_UNIT ( * ) PLANE_ANGLE_UNIT ( ) SI_UNIT ( $, .RADIAN. ) );
#1737 = VECTOR ( 'NONE', #2734, 1000.000000000000000 ) ;
#1738 = ORIENTED_EDGE ( 'NONE', *, *, #179, .T. ) ;
#1739 = CARTESIAN_POINT ( 'NONE',  ( 0.6750000000000000444, 7.000000000000000000, 19.40000000000000213 ) ) ;
#1740 = ORIENTED_EDGE ( 'NONE', *, *, #83, .F. ) ;
#1741 = CARTESIAN_POINT ( 'NONE',  ( 3.939233347439179164E-13, -7.000000000000000000, 19.40000000000000213 ) ) ;
#1742 = DIRECTION ( 'NONE',  ( 0.000000000000000000, 0.000000000000000000, -1.000000000000000000 ) ) ;
#1743 = VECTOR ( 'NONE', #568, 1000.000000000000000 ) ;
#1744 = DIRECTION ( 'NONE',  ( -0.000000000000000000, 0.000000000000000000, 1.000000000000000000 ) ) ;
#1745 = CIRCLE ( 'NONE', #3175, 0.6750000000000002665 ) ;
#1746 = VECTOR ( 'NONE', #2946, 1000.000000000000114 ) ;
#1747 = CARTESIAN_POINT ( 'NONE',  ( 9.349999999999772271, -5.794609564069373775, 16.00000000000000000 ) ) ;
#1748 = VERTEX_POINT ( 'NONE', #225 ) ;
#1749 = ORIENTED_EDGE ( 'NONE', *, *, #1982, .F. ) ;
#1750 = DIRECTION ( 'NONE',  ( 0.000000000000000000, 0.000000000000000000, 1.000000000000000000 ) ) ;
#1751 = VERTEX_POINT ( 'NONE', #3252 ) ;
#1752 = CIRCLE ( 'NONE', #1471, 0.6750000000000002665 ) ;
#1753 = ORIENTED_EDGE ( 'NONE', *, *, #3046, .F. ) ;
#1754 = AXIS2_PLACEMENT_3D ( 'NONE', #707, #2827, #1790 ) ;
#1755 = CARTESIAN_POINT ( 'NONE',  ( 5.624747468306169118, -4.949747468305694120, 19.40000000000000213 ) ) ;
#1756 = DIRECTION ( 'NONE',  ( -0.000000000000000000, 0.000000000000000000, 1.000000000000000000 ) ) ;
#1757 = CARTESIAN_POINT ( 'NONE',  ( 10.49999999999999822, -33.00000000000000000, -16.00000000000000000 ) ) ;
#1758 = PRESENTATION_STYLE_ASSIGNMENT (( #3404 ) ) ;
#1759 = EDGE_CURVE ( 'NONE', #1503, #458, #3328, .T. ) ;
#1760 = CARTESIAN_POINT ( 'NONE',  ( -10.34999999999976339, 10.09999999999999964, 14.50000000000000000 ) ) ;
#1761 = ORIENTED_EDGE ( 'NONE', *, *, #281, .T. ) ;
#1762 = EDGE_LOOP ( 'NONE', ( #1894, #1649, #2479, #3165 ) ) ;
#1763 = FACE_OUTER_BOUND ( 'NONE', #3049, .T. ) ;
#1764 = ORIENTED_EDGE ( 'NONE', *, *, #1120, .T. ) ;
#1765 = VECTOR ( 'NONE', #2502, 1000.000000000000000 ) ;
#1766 = ADVANCED_FACE ( 'NONE', ( #2941 ), #2149, .F. ) ;
#1767 = VECTOR ( 'NONE', #3163, 1000.000000000000000 ) ;
#1768 = DIRECTION ( 'NONE',  ( -0.000000000000000000, -0.000000000000000000, 1.000000000000000000 ) ) ;
#1769 = STYLED_ITEM ( 'NONE', ( #2314 ), #2892 ) ;
#1770 = VERTEX_POINT ( 'NONE', #2977 ) ;
#1771 = DIRECTION ( 'NONE',  ( -1.000000000000000000, -1.734723475976807094E-16, 0.000000000000000000 ) ) ;
#1772 = VERTEX_POINT ( 'NONE', #1535 ) ;
#1773 = DIRECTION ( 'NONE',  ( -0.000000000000000000, -0.000000000000000000, 1.000000000000000000 ) ) ;
#1774 = CARTESIAN_POINT ( 'NONE',  ( -4.896134547323234720, -5.794609564069373775, 21.83498593659719234 ) ) ;
#1775 =( NAMED_UNIT ( * ) PLANE_ANGLE_UNIT ( ) SI_UNIT ( $, .RADIAN. ) );
#1776 = ADVANCED_FACE ( 'NONE', ( #1057 ), #3460, .F. ) ;
#1777 = FILL_AREA_STYLE_COLOUR ( '', #1885 ) ;
#1778 = AXIS2_PLACEMENT_3D ( 'NONE', #2403, #2124, #2347 ) ;
#1779 = EDGE_CURVE ( 'NONE', #590, #404, #275, .T. ) ;
#1780 = DIRECTION ( 'NONE',  ( 1.000000000000000000, 0.000000000000000000, 0.000000000000000000 ) ) ;
#1781 = VERTEX_POINT ( 'NONE', #1002 ) ;
#1782 = ORIENTED_EDGE ( 'NONE', *, *, #2685, .T. ) ;
#1783 = AXIS2_PLACEMENT_3D ( 'NONE', #1020, #775, #2642 ) ;
#1784 = DIRECTION ( 'NONE',  ( 1.000000000000000000, 0.000000000000000000, 0.000000000000000000 ) ) ;
#1785 = VERTEX_POINT ( 'NONE', #1078 ) ;
#1786 = DIRECTION ( 'NONE',  ( 1.000000000000000000, 0.000000000000000000, 0.000000000000000000 ) ) ;
#1787 = ADVANCED_FACE ( 'NONE', ( #3198 ), #2077, .F. ) ;
#1788 = ORIENTED_EDGE ( 'NONE', *, *, #3330, .T. ) ;
#1789 = EDGE_CURVE ( 'NONE', #395, #2324, #1041, .T. ) ;
#1790 = DIRECTION ( 'NONE',  ( 1.000000000000000000, 0.000000000000000000, 0.000000000000000000 ) ) ;
#1791 = CLOSED_SHELL ( 'NONE', ( #400, #1648, #777, #1680, #1776, #2474, #14, #305, #2426, #2168, #2356, #24, #2328, #851, #2514, #2894, #3260, #1733, #2646, #145, #293, #1876, #2066, #1897, #1672, #3059, #1476, #3357, #3430, #2246, #1580, #689, #3108, #3033, #2796, #1103, #2067, #132, #812, #2914, #1183, #1415, #3096, #2527, #3365, #2113, #2737, #989, #3418, #2056, #1311, #2204, #2783, #2491, #3323, #1721, #542, #57, #461, #3343, #3217, #1682, #2254, #1200, #911, #402, #599, #782, #1700, #2538, #608, #1689, #3185, #3179, #1151, #1571, #863, #428, #1961, #1787, #1114, #1766, #1534, #3278, #3439, #527, #2825, #567, #2892, #201, #2861, #2928, #1212, #1529, #2582, #1045, #2807, #451, #497, #2472, #220, #1294, #2494, #2676, #2850, #534, #2102, #77, #2402, #309, #2034, #2446, #2843, #3322, #1842, #60, #355, #1821, #2959, #1333 ) ) ;
#1792 = CARTESIAN_POINT ( 'NONE',  ( -4.274747468305496234, -4.949747468305973008, -14.50000000000000000 ) ) ;
#1793 = CYLINDRICAL_SURFACE ( 'NONE', #3257, 9.849999999999999645 ) ;
#1794 = VECTOR ( 'NONE', #423, 1000.000000000000000 ) ;
#1795 = DIRECTION ( 'NONE',  ( 0.000000000000000000, 0.000000000000000000, 1.000000000000000000 ) ) ;
#1796 =( NAMED_UNIT ( * ) PLANE_ANGLE_UNIT ( ) SI_UNIT ( $, .RADIAN. ) );
#1797 = AXIS2_PLACEMENT_3D ( 'NONE', #3287, #1906, #832 ) ;
#1798 = LINE ( 'NONE', #2886, #1681 ) ;
#1799 = EDGE_LOOP ( 'NONE', ( #514, #3048, #3002, #823 ) ) ;
#1800 = CARTESIAN_POINT ( 'NONE',  ( -4.949747468305776721, 4.949747468305693232, 19.40000000000000213 ) ) ;
#1801 = ORIENTED_EDGE ( 'NONE', *, *, #1911, .F. ) ;
#1802 = EDGE_CURVE ( 'NONE', #735, #1048, #2696, .T. ) ;
#1803 = AXIS2_PLACEMENT_3D ( 'NONE', #2308, #2865, #453 ) ;
#1804 = LINE ( 'NONE', #2528, #1767 ) ;
#1805 = ORIENTED_EDGE ( 'NONE', *, *, #738, .F. ) ;
#1806 = AXIS2_PLACEMENT_3D ( 'NONE', #2933, #1559, #2669 ) ;
#1807 = EDGE_CURVE ( 'NONE', #2432, #2061, #1331, .T. ) ;
#1808 = EDGE_CURVE ( 'NONE', #3149, #68, #2164, .T. ) ;
#1809 = ORIENTED_EDGE ( 'NONE', *, *, #1542, .F. ) ;
#1810 = FACE_BOUND ( 'NONE', #2002, .T. ) ;
#1811 = CARTESIAN_POINT ( 'NONE',  ( -11.42500000000000249, -8.500000000000001776, 11.00000000000000000 ) ) ;
#1812 = CARTESIAN_POINT ( 'NONE',  ( 4.274747468305890585, 4.949747468305973008, -17.64999999999999858 ) ) ;
#1813 = DIRECTION ( 'NONE',  ( 0.000000000000000000, 1.000000000000000000, 0.000000000000000000 ) ) ;
#1814 = CARTESIAN_POINT ( 'NONE',  ( 2.949029909160572455E-15, -17.00000000000000000, -17.50000000000000000 ) ) ;
#1815 = AXIS2_PLACEMENT_3D ( 'NONE', #2017, #164, #2604 ) ;
#1816 = CARTESIAN_POINT ( 'NONE',  ( -4.274747468305776898, 4.949747468305693232, 19.40000000000000213 ) ) ;
#1817 = CARTESIAN_POINT ( 'NONE',  ( 12.35000000000022524, -5.794609564069373775, 16.00000000000000000 ) ) ;
#1818 = DIRECTION ( 'NONE',  ( 1.000000000000000000, 0.000000000000000000, 0.000000000000000000 ) ) ;
#1819 = ORIENTED_EDGE ( 'NONE', *, *, #390, .T. ) ;
#1820 = DIRECTION ( 'NONE',  ( 1.000000000000000000, 0.000000000000000000, 0.000000000000000000 ) ) ;
#1821 = ADVANCED_FACE ( 'NONE', ( #2421 ), #504, .T. ) ;
#1822 = ORIENTED_EDGE ( 'NONE', *, *, #3036, .T. ) ;
#1823 = VECTOR ( 'NONE', #2954, 1000.000000000000000 ) ;
#1824 = AXIS2_PLACEMENT_3D ( 'NONE', #627, #1389, #383 ) ;
#1825 = EDGE_LOOP ( 'NONE', ( #2033, #2470 ) ) ;
#1826 = ORIENTED_EDGE ( 'NONE', *, *, #2397, .F. ) ;
#1827 = FACE_BOUND ( 'NONE', #2013, .T. ) ;
#1828 = DIRECTION ( 'NONE',  ( -0.000000000000000000, 0.000000000000000000, 1.000000000000000000 ) ) ;
#1829 = SURFACE_SIDE_STYLE ('',( #1595 ) ) ;
#1830 = CYLINDRICAL_SURFACE ( 'NONE', #3272, 0.6750000000000002665 ) ;
#1831 = DIRECTION ( 'NONE',  ( 1.000000000000000000, 0.000000000000000000, 0.000000000000000000 ) ) ;
#1832 = PRESENTATION_STYLE_ASSIGNMENT (( #29 ) ) ;
#1833 = EDGE_CURVE ( 'NONE', #1730, #2052, #223, .T. ) ;
#1834 = DIRECTION ( 'NONE',  ( 1.000000000000000000, 0.000000000000000000, 0.000000000000000000 ) ) ;
#1835 = CARTESIAN_POINT ( 'NONE',  ( 9.575000000000001066, -29.50000000000000711, 16.00000000000000000 ) ) ;
#1836 = CARTESIAN_POINT ( 'NONE',  ( -9.250000000000010658, -17.00000000000000000, -16.08789077452769689 ) ) ;
#1837 = ORIENTED_EDGE ( 'NONE', *, *, #792, .F. ) ;
#1838 = UNCERTAINTY_MEASURE_WITH_UNIT (LENGTH_MEASURE( 1.000000000000000082E-05 ), #3177, 'distance_accuracy_value', 'NONE');
#1839 = CIRCLE ( 'NONE', #1605, 0.6750000000000002665 ) ;
#1840 = DIRECTION ( 'NONE',  ( -0.000000000000000000, 0.000000000000000000, 1.000000000000000000 ) ) ;
#1841 = ORIENTED_EDGE ( 'NONE', *, *, #2649, .T. ) ;
#1842 = ADVANCED_FACE ( 'NONE', ( #1054 ), #9, .F. ) ;
#1843 = CYLINDRICAL_SURFACE ( 'NONE', #1806, 0.6750000000000002665 ) ;
#1844 = FACE_BOUND ( 'NONE', #1411, .T. ) ;
#1845 = EDGE_CURVE ( 'NONE', #670, #2984, #272, .T. ) ;
#1846 = PLANE ( 'NONE',  #2268 ) ;
#1847 = LINE ( 'NONE', #1330, #2526 ) ;
#1848 = DIRECTION ( 'NONE',  ( -0.000000000000000000, 0.000000000000000000, 1.000000000000000000 ) ) ;
#1849 = DIRECTION ( 'NONE',  ( -0.000000000000000000, 0.000000000000000000, 1.000000000000000000 ) ) ;
#1850 = EDGE_LOOP ( 'NONE', ( #1801, #2342, #1500, #1393 ) ) ;
#1851 = VECTOR ( 'NONE', #2060, 1000.000000000000000 ) ;
#1852 = CARTESIAN_POINT ( 'NONE',  ( -4.949747468305776721, 4.949747468305693232, -17.64999999999999858 ) ) ;
#1853 = LINE ( 'NONE', #2925, #2546 ) ;
#1854 = DIRECTION ( 'NONE',  ( 1.000000000000000000, 0.000000000000000000, 0.000000000000000000 ) ) ;
#1855 = VECTOR ( 'NONE', #2903, 1000.000000000000000 ) ;
#1856 = EDGE_CURVE ( 'NONE', #3054, #1197, #1299, .T. ) ;
#1857 = CARTESIAN_POINT ( 'NONE',  ( -6.324999999999803002, -1.978189201313621547E-13, -17.64999999999999858 ) ) ;
#1858 = ORIENTED_EDGE ( 'NONE', *, *, #2790, .T. ) ;
#1859 = AXIS2_PLACEMENT_3D ( 'NONE', #433, #2605, #200 ) ;
#1860 = CARTESIAN_POINT ( 'NONE',  ( -4.949747468305776721, 4.949747468305693232, 19.40000000000000213 ) ) ;
#1861 = PLANE ( 'NONE',  #2553 ) ;
#1862 = AXIS2_PLACEMENT_3D ( 'NONE', #2756, #654, #3367 ) ;
#1863 = DIRECTION ( 'NONE',  ( 1.000000000000000000, 0.000000000000000000, 0.000000000000000000 ) ) ;
#1864 = CYLINDRICAL_SURFACE ( 'NONE', #270, 0.9250000000000004885 ) ;
#1865 = CARTESIAN_POINT ( 'NONE',  ( -12.34999999999977405, 0.000000000000000000, 15.58045018441134921 ) ) ;
#1866 = DIRECTION ( 'NONE',  ( 0.000000000000000000, 1.000000000000000000, 0.000000000000000000 ) ) ;
#1867 = VERTEX_POINT ( 'NONE', #3233 ) ;
#1868 = CARTESIAN_POINT ( 'NONE',  ( 3.939233347439179164E-13, -7.000000000000000000, -17.64999999999999858 ) ) ;
#1869 = PLANE ( 'NONE',  #401 ) ;
#1870 = VECTOR ( 'NONE', #1969, 1000.000000000000000 ) ;
#1871 = DIRECTION ( 'NONE',  ( 1.000000000000000000, 0.000000000000000000, 0.000000000000000000 ) ) ;
#1872 = APPLICATION_CONTEXT ( 'automotive_design' ) ;
#1873 = CARTESIAN_POINT ( 'NONE',  ( 0.000000000000000000, -19.10000000000001918, -17.85000000000000142 ) ) ;
#1874 = EDGE_LOOP ( 'NONE', ( #2270, #363 ) ) ;
#1875 = ORIENTED_EDGE ( 'NONE', *, *, #2733, .T. ) ;
#1876 = ADVANCED_FACE ( 'NONE', ( #2146 ), #28, .F. ) ;
#1877 = ORIENTED_EDGE ( 'NONE', *, *, #2023, .T. ) ;
#1878 = DIRECTION ( 'NONE',  ( 1.000000000000000000, 0.000000000000000000, 0.000000000000000000 ) ) ;
#1879 = CARTESIAN_POINT ( 'NONE',  ( -9.250000000000010658, -30.50000000000000000, -17.85000000000000142 ) ) ;
#1880 = AXIS2_PLACEMENT_3D ( 'NONE', #3358, #86, #2280 ) ;
#1881 = DIRECTION ( 'NONE',  ( -0.000000000000000000, -0.000000000000000000, -1.000000000000000000 ) ) ;
#1882 = DIRECTION ( 'NONE',  ( 1.000000000000000000, 0.000000000000000000, 0.000000000000000000 ) ) ;
#1883 = CARTESIAN_POINT ( 'NONE',  ( 0.000000000000000000, 0.000000000000000000, -18.19999999999999574 ) ) ;
#1884 = DIRECTION ( 'NONE',  ( 1.000000000000000000, 0.000000000000000000, 0.000000000000000000 ) ) ;
#1885 = COLOUR_RGB ( '',1.000000000000000000, 1.000000000000000000, 1.000000000000000000 ) ;
#1886 = ORIENTED_EDGE ( 'NONE', *, *, #195, .T. ) ;
#1887 = CARTESIAN_POINT ( 'NONE',  ( -9.999999999999998224, -17.00000000000000355, -17.50000000000000000 ) ) ;
#1888 = EDGE_CURVE ( 'NONE', #1293, #590, #3475, .T. ) ;
#1889 = CARTESIAN_POINT ( 'NONE',  ( -12.34999999999977405, -35.10000000000000853, -15.49999999999997691 ) ) ;
#1890 = CARTESIAN_POINT ( 'NONE',  ( -4.949747468305496945, -4.949747468305973008, 19.40000000000000213 ) ) ;
#1891 = ORIENTED_EDGE ( 'NONE', *, *, #1162, .F. ) ;
#1892 = CARTESIAN_POINT ( 'NONE',  ( 0.000000000000000000, 0.000000000000000000, 14.50000000000000000 ) ) ;
#1893 = ORIENTED_EDGE ( 'NONE', *, *, #59, .F. ) ;
#1894 = ORIENTED_EDGE ( 'NONE', *, *, #3102, .F. ) ;
#1895 = CIRCLE ( 'NONE', #2586, 0.6750000000000002665 ) ;
#1896 = CARTESIAN_POINT ( 'NONE',  ( -9.849999999999999645, 1.206277097160142826E-15, -17.64999999999999858 ) ) ;
#1897 = ADVANCED_FACE ( 'NONE', ( #2657 ), #2404, .F. ) ;
#1898 = AXIS2_PLACEMENT_3D ( 'NONE', #2111, #1848, #1284 ) ;
#1899 = DIRECTION ( 'NONE',  ( -1.000000000000000000, 0.000000000000000000, 0.000000000000000000 ) ) ;
#1900 = DIRECTION ( 'NONE',  ( 0.000000000000000000, 0.000000000000000000, 1.000000000000000000 ) ) ;
#1901 = DIRECTION ( 'NONE',  ( -0.000000000000000000, 0.000000000000000000, 1.000000000000000000 ) ) ;
#1902 = CARTESIAN_POINT ( 'NONE',  ( 0.6750000000003940626, -7.000000000000000000, -14.50000000000000000 ) ) ;
#1903 = CARTESIAN_POINT ( 'NONE',  ( 3.875000000000000000, 4.745506346695993894E-16, 19.40000000000000213 ) ) ;
#1904 = ORIENTED_EDGE ( 'NONE', *, *, #356, .F. ) ;
#1905 = ORIENTED_EDGE ( 'NONE', *, *, #392, .T. ) ;
#1906 = DIRECTION ( 'NONE',  ( -0.000000000000000000, 0.000000000000000000, 1.000000000000000000 ) ) ;
#1907 = CARTESIAN_POINT ( 'NONE',  ( -9.349999999999772271, -5.794609564069373775, 16.00000000000000000 ) ) ;
#1908 = EDGE_CURVE ( 'NONE', #3292, #193, #1050, .T. ) ;
#1909 = DIRECTION ( 'NONE',  ( 1.000000000000000000, 0.000000000000000000, 0.000000000000000000 ) ) ;
#1910 = EDGE_LOOP ( 'NONE', ( #1942, #191 ) ) ;
#1911 = EDGE_CURVE ( 'NONE', #940, #1748, #389, .T. ) ;
#1912 = VECTOR ( 'NONE', #2408, 1000.000000000000000 ) ;
#1913 = EDGE_LOOP ( 'NONE', ( #2377, #2985, #1971, #1764 ) ) ;
#1914 = VERTEX_POINT ( 'NONE', #1037 ) ;
#1915 = CIRCLE ( 'NONE', #2370, 0.9250000000000004885 ) ;
#1916 = DIRECTION ( 'NONE',  ( -0.000000000000000000, 0.000000000000000000, 1.000000000000000000 ) ) ;
#1917 = ORIENTED_EDGE ( 'NONE', *, *, #3156, .T. ) ;
#1918 = AXIS2_PLACEMENT_3D ( 'NONE', #1985, #81, #3353 ) ;
#1919 = EDGE_CURVE ( 'NONE', #1679, #2895, #2956, .T. ) ;
#1920 = CARTESIAN_POINT ( 'NONE',  ( -11.42500000000000249, -8.500000000000001776, -11.00000000000000000 ) ) ;
#1921 = CARTESIAN_POINT ( 'NONE',  ( 10.49999999999999822, -8.500000000000001776, -16.00000000000000000 ) ) ;
#1922 = CARTESIAN_POINT ( 'NONE',  ( -4.949747468305776721, 4.949747468305693232, 14.50000000000000000 ) ) ;
#1923 = LINE ( 'NONE', #2743, #2716 ) ;
#1924 = ORIENTED_EDGE ( 'NONE', *, *, #2905, .T. ) ;
#1925 = EDGE_CURVE ( 'NONE', #1987, #2524, #522, .T. ) ;
#1926 = VECTOR ( 'NONE', #3380, 1000.000000000000000 ) ;
#1927 = VERTEX_POINT ( 'NONE', #2673 ) ;
#1928 = CARTESIAN_POINT ( 'NONE',  ( 10.67180073764566295, 10.09999999999999964, -14.50000000000000000 ) ) ;
#1929 = CARTESIAN_POINT ( 'NONE',  ( -10.50000000000000178, -8.500000000000001776, -11.00000000000000000 ) ) ;
#1930 = AXIS2_PLACEMENT_3D ( 'NONE', #3150, #1718, #3416 ) ;
#1931 = CARTESIAN_POINT ( 'NONE',  ( -9.999999999999998224, -11.99999999999999822, -17.50000000000000000 ) ) ;
#1932 = ORIENTED_EDGE ( 'NONE', *, *, #1808, .T. ) ;
#1933 = ORIENTED_EDGE ( 'NONE', *, *, #2753, .T. ) ;
#1934 = EDGE_CURVE ( 'NONE', #30, #2754, #2273, .T. ) ;
#1935 = CARTESIAN_POINT ( 'NONE',  ( -9.250000000000010658, -30.50000000000000000, -17.85000000000000142 ) ) ;
#1936 = CARTESIAN_POINT ( 'NONE',  ( 4.949747468306169296, -4.949747468305694120, 19.40000000000000213 ) ) ;
#1937 = ADVANCED_BREP_SHAPE_REPRESENTATION ( 'LewanSoul LX-16A', ( #3209, #1862 ), #1525 ) ;
#1938 = LINE ( 'NONE', #2793, #1981 ) ;
#1939 = CARTESIAN_POINT ( 'NONE',  ( -4.274747468305776898, 4.949747468305693232, -17.64999999999999858 ) ) ;
#1940 = EDGE_LOOP ( 'NONE', ( #728, #2736, #88, #2231 ) ) ;
#1941 = AXIS2_PLACEMENT_3D ( 'NONE', #1027, #3161, #1485 ) ;
#1942 = ORIENTED_EDGE ( 'NONE', *, *, #3156, .F. ) ;
#1943 = FACE_BOUND ( 'NONE', #2360, .T. ) ;
#1944 = CARTESIAN_POINT ( 'NONE',  ( -9.250000000000010658, -17.00000000000000000, -17.85000000000000142 ) ) ;
#1945 = EDGE_CURVE ( 'NONE', #21, #231, #2727, .T. ) ;
#1946 = EDGE_CURVE ( 'NONE', #670, #856, #3301, .T. ) ;
#1947 = DIRECTION ( 'NONE',  ( 1.000000000000000000, 0.000000000000000000, 0.000000000000000000 ) ) ;
#1948 = ORIENTED_EDGE ( 'NONE', *, *, #2635, .T. ) ;
#1949 = ORIENTED_EDGE ( 'NONE', *, *, #2165, .F. ) ;
#1950 = AXIS2_PLACEMENT_3D ( 'NONE', #95, #3012, #3282 ) ;
#1951 = CARTESIAN_POINT ( 'NONE',  ( -7.000000000000000000, -35.10000000000000853, 17.05000000000000071 ) ) ;
#1952 = AXIS2_PLACEMENT_3D ( 'NONE', #3180, #506, #2626 ) ;
#1953 = DIRECTION ( 'NONE',  ( 1.000000000000000000, 0.000000000000000000, 0.000000000000000000 ) ) ;
#1954 = CARTESIAN_POINT ( 'NONE',  ( 9.574999999999999289, -8.500000000000001776, -11.00000000000000000 ) ) ;
#1955 = CARTESIAN_POINT ( 'NONE',  ( 0.000000000000000000, -5.794609564069373775, -14.50000000000000000 ) ) ;
#1956 = ORIENTED_EDGE ( 'NONE', *, *, #3169, .F. ) ;
#1957 = ORIENTED_EDGE ( 'NONE', *, *, #1012, .F. ) ;
#1958 = ORIENTED_EDGE ( 'NONE', *, *, #1542, .T. ) ;
#1959 = FACE_BOUND ( 'NONE', #2599, .T. ) ;
#1960 = FACE_OUTER_BOUND ( 'NONE', #1014, .T. ) ;
#1961 = ADVANCED_FACE ( 'NONE', ( #3028 ), #1704, .F. ) ;
#1962 = CARTESIAN_POINT ( 'NONE',  ( 4.274747468305890585, 4.949747468305973008, -14.50000000000000000 ) ) ;
#1963 = ORIENTED_EDGE ( 'NONE', *, *, #2042, .T. ) ;
#1964 = CARTESIAN_POINT ( 'NONE',  ( 0.000000000000000000, 0.000000000000000000, 19.90000000000000213 ) ) ;
#1965 = EDGE_LOOP ( 'NONE', ( #1604, #1545 ) ) ;
#1966 = AXIS2_PLACEMENT_3D ( 'NONE', #85, #330, #2481 ) ;
#1967 = DIRECTION ( 'NONE',  ( 0.000000000000000000, 0.000000000000000000, 1.000000000000000000 ) ) ;
#1968 = CARTESIAN_POINT ( 'NONE',  ( -0.6750000000000000444, 7.000000000000000000, 19.40000000000000213 ) ) ;
#1969 = DIRECTION ( 'NONE',  ( -0.000000000000000000, -0.000000000000000000, -1.000000000000000000 ) ) ;
#1970 = CARTESIAN_POINT ( 'NONE',  ( 4.949747468305890408, 4.949747468305973008, -17.64999999999999858 ) ) ;
#1971 = ORIENTED_EDGE ( 'NONE', *, *, #556, .T. ) ;
#1972 = VECTOR ( 'NONE', #3284, 1000.000000000000000 ) ;
#1973 = VERTEX_POINT ( 'NONE', #1902 ) ;
#1974 = ORIENTED_EDGE ( 'NONE', *, *, #2574, .T. ) ;
#1975 = DIRECTION ( 'NONE',  ( 0.000000000000000000, 0.000000000000000000, -1.000000000000000000 ) ) ;
#1976 = DIRECTION ( 'NONE',  ( -1.000000000000000000, 0.000000000000000000, -0.000000000000000000 ) ) ;
#1977 = AXIS2_PLACEMENT_3D ( 'NONE', #701, #2336, #1553 ) ;
#1978 = CARTESIAN_POINT ( 'NONE',  ( 3.939233347439179164E-13, -7.000000000000000000, -14.50000000000000000 ) ) ;
#1979 = CARTESIAN_POINT ( 'NONE',  ( -11.93045018441111615, 0.000000000000000000, -16.00000000000000000 ) ) ;
#1980 = VERTEX_POINT ( 'NONE', #1401 ) ;
#1981 = VECTOR ( 'NONE', #376, 1000.000000000000000 ) ;
#1982 = EDGE_CURVE ( 'NONE', #2006, #371, #1686, .T. ) ;
#1983 = CARTESIAN_POINT ( 'NONE',  ( 0.000000000000000000, 0.000000000000000000, 14.50000000000000000 ) ) ;
#1984 = LINE ( 'NONE', #2290, #2209 ) ;
#1985 = CARTESIAN_POINT ( 'NONE',  ( -10.50000000000000178, -29.50000000000000711, 16.00000000000000000 ) ) ;
#1986 = DIRECTION ( 'NONE',  ( -1.000000000000000000, 0.000000000000000000, 0.000000000000000000 ) ) ;
#1987 = VERTEX_POINT ( 'NONE', #80 ) ;
#1988 = DIRECTION ( 'NONE',  ( 0.7660444431189835646, -0.000000000000000000, 0.6427876096865327016 ) ) ;
#1989 = FACE_OUTER_BOUND ( 'NONE', #99, .T. ) ;
#1990 = EDGE_CURVE ( 'NONE', #1663, #2824, #3044, .T. ) ;
#1991 = VECTOR ( 'NONE', #2764, 1000.000000000000000 ) ;
#1992 = CARTESIAN_POINT ( 'NONE',  ( 3.875000000000000000, 4.745506346695993894E-16, 19.90000000000000213 ) ) ;
#1993 = ORIENTED_EDGE ( 'NONE', *, *, #2274, .T. ) ;
#1994 = VERTEX_POINT ( 'NONE', #1954 ) ;
#1995 = FACE_OUTER_BOUND ( 'NONE', #2062, .T. ) ;
#1996 = ORIENTED_EDGE ( 'NONE', *, *, #2332, .F. ) ;
#1997 = EDGE_CURVE ( 'NONE', #3308, #404, #2992, .T. ) ;
#1998 = EDGE_LOOP ( 'NONE', ( #391, #2803, #3383, #3168 ) ) ;
#1999 = EDGE_CURVE ( 'NONE', #2429, #1927, #589, .T. ) ;
#2000 = LINE ( 'NONE', #2619, #1533 ) ;
#2001 = DIRECTION ( 'NONE',  ( 0.000000000000000000, 0.000000000000000000, 1.000000000000000000 ) ) ;
#2002 = EDGE_LOOP ( 'NONE', ( #3095, #3015 ) ) ;
#2003 = EDGE_CURVE ( 'NONE', #458, #1503, #1583, .T. ) ;
#2004 = VECTOR ( 'NONE', #1549, 999.9999999999998863 ) ;
#2005 = LINE ( 'NONE', #1739, #1371 ) ;
#2006 = VERTEX_POINT ( 'NONE', #63 ) ;
#2007 = DIRECTION ( 'NONE',  ( -0.7660444431189835646, 0.000000000000000000, -0.6427876096865327016 ) ) ;
#2008 = DIRECTION ( 'NONE',  ( 1.000000000000000000, 0.000000000000000000, 0.000000000000000000 ) ) ;
#2009 = DIRECTION ( 'NONE',  ( 1.000000000000000000, 0.000000000000000000, 0.000000000000000000 ) ) ;
#2010 = VERTEX_POINT ( 'NONE', #3316 ) ;
#2011 = ORIENTED_EDGE ( 'NONE', *, *, #281, .F. ) ;
#2012 = DIRECTION ( 'NONE',  ( 0.000000000000000000, 0.000000000000000000, 1.000000000000000000 ) ) ;
#2013 = EDGE_LOOP ( 'NONE', ( #3485, #2211, #2192, #1135, #1397, #1206, #2046, #629 ) ) ;
#2014 = EDGE_CURVE ( 'NONE', #2634, #1318, #1139, .T. ) ;
#2015 = ORIENTED_EDGE ( 'NONE', *, *, #3376, .F. ) ;
#2016 = CIRCLE ( 'NONE', #623, 0.6750000000000001554 ) ;
#2017 = CARTESIAN_POINT ( 'NONE',  ( 0.000000000000000000, 0.000000000000000000, 14.50000000000000000 ) ) ;
#2018 = DIRECTION ( 'NONE',  ( -0.000000000000000000, -0.000000000000000000, 1.000000000000000000 ) ) ;
#2019 = CIRCLE ( 'NONE', #1232, 0.9250000000000004885 ) ;
#2020 = ORIENTED_EDGE ( 'NONE', *, *, #1271, .F. ) ;
#2021 = DIRECTION ( 'NONE',  ( 1.000000000000000000, 0.000000000000000000, 0.000000000000000000 ) ) ;
#2022 = CARTESIAN_POINT ( 'NONE',  ( 0.000000000000000000, 7.000000000000000000, 14.50000000000000000 ) ) ;
#2023 = EDGE_CURVE ( 'NONE', #361, #2715, #359, .T. ) ;
#2024 = CIRCLE ( 'NONE', #125, 0.6750000000000002665 ) ;
#2025 = LINE ( 'NONE', #189, #232 ) ;
#2026 = EDGE_LOOP ( 'NONE', ( #1061, #1076, #2714, #1116 ) ) ;
#2027 = VERTEX_POINT ( 'NONE', #593 ) ;
#2028 = VECTOR ( 'NONE', #2348, 1000.000000000000000 ) ;
#2029 = DIRECTION ( 'NONE',  ( 1.000000000000000000, 0.000000000000000000, 0.000000000000000000 ) ) ;
#2030 = ORIENTED_EDGE ( 'NONE', *, *, #1694, .T. ) ;
#2031 = CARTESIAN_POINT ( 'NONE',  ( 6.325000000000196465, 1.970443310309014063E-13, -14.50000000000000000 ) ) ;
#2032 = CIRCLE ( 'NONE', #862, 0.9250000000000004885 ) ;
#2033 = ORIENTED_EDGE ( 'NONE', *, *, #1569, .F. ) ;
#2034 = ADVANCED_FACE ( 'NONE', ( #607 ), #1155, .T. ) ;
#2035 = VECTOR ( 'NONE', #2970, 1000.000000000000000 ) ;
#2036 = LINE ( 'NONE', #2053, #3246 ) ;
#2037 = CARTESIAN_POINT ( 'NONE',  ( -7.674999999999803535, -1.978189201313621547E-13, 19.40000000000000213 ) ) ;
#2038 = ORIENTED_EDGE ( 'NONE', *, *, #2811, .T. ) ;
#2039 = DIRECTION ( 'NONE',  ( 1.000000000000000000, 0.000000000000000000, 0.000000000000000000 ) ) ;
#2040 = CARTESIAN_POINT ( 'NONE',  ( 11.42499999999999893, -8.500000000000001776, 16.00000000000000000 ) ) ;
#2041 = LINE ( 'NONE', #209, #3395 ) ;
#2042 = EDGE_CURVE ( 'NONE', #632, #115, #2272, .T. ) ;
#2043 = ORIENTED_EDGE ( 'NONE', *, *, #2315, .T. ) ;
#2044 = ORIENTED_EDGE ( 'NONE', *, *, #917, .T. ) ;
#2045 = DIRECTION ( 'NONE',  ( -0.000000000000000000, 0.000000000000000000, 1.000000000000000000 ) ) ;
#2046 = ORIENTED_EDGE ( 'NONE', *, *, #3080, .F. ) ;
#2047 = STYLED_ITEM ( 'NONE', ( #1314 ), #201 ) ;
#2048 = VECTOR ( 'NONE', #331, 1000.000000000000000 ) ;
#2049 = EDGE_CURVE ( 'NONE', #1927, #586, #894, .T. ) ;
#2050 = CARTESIAN_POINT ( 'NONE',  ( 7.675000000000196998, 1.970443310309014063E-13, 19.40000000000000213 ) ) ;
#2051 =( GEOMETRIC_REPRESENTATION_CONTEXT ( 3 ) GLOBAL_UNCERTAINTY_ASSIGNED_CONTEXT ( ( #784 ) ) GLOBAL_UNIT_ASSIGNED_CONTEXT ( ( #3422, #1796, #2609 ) ) REPRESENTATION_CONTEXT ( 'NONE', 'WORKASPACE' ) );
#2052 = VERTEX_POINT ( 'NONE', #867 ) ;
#2053 = CARTESIAN_POINT ( 'NONE',  ( 0.000000000000000000, -35.10000000000000853, 16.00000000000000000 ) ) ;
#2054 = EDGE_CURVE ( 'NONE', #66, #2431, #1938, .T. ) ;
#2055 = DIRECTION ( 'NONE',  ( -0.000000000000000000, 0.000000000000000000, 1.000000000000000000 ) ) ;
#2056 = ADVANCED_FACE ( 'NONE', ( #2725 ), #111, .F. ) ;
#2057 = LINE ( 'NONE', #3373, #2487 ) ;
#2058 =( NAMED_UNIT ( * ) SI_UNIT ( $, .STERADIAN. ) SOLID_ANGLE_UNIT ( ) );
#2059 = CIRCLE ( 'NONE', #2118, 0.6750000000000001554 ) ;
#2060 = DIRECTION ( 'NONE',  ( 0.000000000000000000, 1.000000000000000000, 0.000000000000000000 ) ) ;
#2061 = VERTEX_POINT ( 'NONE', #1367 ) ;
#2062 = EDGE_LOOP ( 'NONE', ( #2744, #1732 ) ) ;
#2063 = AXIS2_PLACEMENT_3D ( 'NONE', #1865, #830, #1074 ) ;
#2064 = CYLINDRICAL_SURFACE ( 'NONE', #1941, 0.6750000000000002665 ) ;
#2065 = VERTEX_POINT ( 'NONE', #2460 ) ;
#2066 = ADVANCED_FACE ( 'NONE', ( #46 ), #1107, .F. ) ;
#2067 = ADVANCED_FACE ( 'NONE', ( #2741, #326 ), #1384, .F. ) ;
#2068 = CARTESIAN_POINT ( 'NONE',  ( 4.949747468305890408, 4.949747468305973008, -17.64999999999999858 ) ) ;
#2069 = ORIENTED_EDGE ( 'NONE', *, *, #1420, .F. ) ;
#2070 = VERTEX_POINT ( 'NONE', #2845 ) ;
#2071 = VERTEX_POINT ( 'NONE', #2585 ) ;
#2072 = DIRECTION ( 'NONE',  ( -0.000000000000000000, 0.000000000000000000, 1.000000000000000000 ) ) ;
#2073 = CARTESIAN_POINT ( 'NONE',  ( 0.000000000000000000, 0.000000000000000000, 19.90000000000000213 ) ) ;
#2074 = VECTOR ( 'NONE', #3360, 1000.000000000000000 ) ;
#2075 = DIRECTION ( 'NONE',  ( 1.000000000000000000, 0.000000000000000000, 0.000000000000000000 ) ) ;
#2076 = DIRECTION ( 'NONE',  ( 0.000000000000000000, 0.000000000000000000, 1.000000000000000000 ) ) ;
#2077 = PLANE ( 'NONE',  #2866 ) ;
#2078 = EDGE_CURVE ( 'NONE', #3308, #2432, #2036, .T. ) ;
#2079 = AXIS2_PLACEMENT_3D ( 'NONE', #36, #550, #2713 ) ;
#2080 = CARTESIAN_POINT ( 'NONE',  ( 3.875000000000000000, 0.000000000000000000, -18.19999999999999574 ) ) ;
#2081 = DIRECTION ( 'NONE',  ( -0.000000000000000000, 0.000000000000000000, 1.000000000000000000 ) ) ;
#2082 = ORIENTED_EDGE ( 'NONE', *, *, #165, .F. ) ;
#2083 = VECTOR ( 'NONE', #3250, 1000.000000000000000 ) ;
#2084 = STYLED_ITEM ( 'NONE', ( #1758 ), #1937 ) ;
#2085 = CARTESIAN_POINT ( 'NONE',  ( 0.000000000000000000, -11.99999999999999822, -17.50000000000000000 ) ) ;
#2086 = EDGE_LOOP ( 'NONE', ( #664, #1437 ) ) ;
#2087 = AXIS2_PLACEMENT_3D ( 'NONE', #3435, #1326, #482 ) ;
#2088 = ORIENTED_EDGE ( 'NONE', *, *, #250, .F. ) ;
#2089 = CARTESIAN_POINT ( 'NONE',  ( 10.00000000000000178, 0.000000000000000000, -17.50000000000000000 ) ) ;
#2090 = EDGE_CURVE ( 'NONE', #2222, #2281, #1984, .T. ) ;
#2091 = LINE ( 'NONE', #1879, #1693 ) ;
#2092 = AXIS2_PLACEMENT_3D ( 'NONE', #2531, #3013, #620 ) ;
#2093 = EDGE_CURVE ( 'NONE', #1637, #2138, #2344, .T. ) ;
#2094 = DIRECTION ( 'NONE',  ( -0.000000000000000000, 0.000000000000000000, 1.000000000000000000 ) ) ;
#2095 = DIRECTION ( 'NONE',  ( 0.000000000000000000, -0.000000000000000000, 1.000000000000000000 ) ) ;
#2096 = DIRECTION ( 'NONE',  ( 1.000000000000000000, 0.000000000000000000, 0.000000000000000000 ) ) ;
#2097 = SURFACE_STYLE_FILL_AREA ( #2658 ) ;
#2098 = DIRECTION ( 'NONE',  ( 0.000000000000000000, 0.000000000000000000, -1.000000000000000000 ) ) ;
#2099 = CARTESIAN_POINT ( 'NONE',  ( -9.575000000000001066, -8.500000000000001776, -11.00000000000000000 ) ) ;
#2100 = FACE_OUTER_BOUND ( 'NONE', #2752, .T. ) ;
#2101 = ORIENTED_EDGE ( 'NONE', *, *, #2900, .F. ) ;
#2102 = ADVANCED_FACE ( 'NONE', ( #431 ), #722, .F. ) ;
#2103 = LINE ( 'NONE', #1602, #3455 ) ;
#2104 = CIRCLE ( 'NONE', #1711, 0.6750000000000002665 ) ;
#2105 = ORIENTED_EDGE ( 'NONE', *, *, #2143, .F. ) ;
#2106 = VECTOR ( 'NONE', #2364, 1000.000000000000000 ) ;
#2107 = COLOUR_RGB ( '',1.000000000000000000, 1.000000000000000000, 1.000000000000000000 ) ;
#2108 = CARTESIAN_POINT ( 'NONE',  ( 0.000000000000000000, 0.000000000000000000, -17.64999999999999858 ) ) ;
#2109 = FACE_BOUND ( 'NONE', #3101, .T. ) ;
#2110 = DIRECTION ( 'NONE',  ( 0.000000000000000000, 0.000000000000000000, -1.000000000000000000 ) ) ;
#2111 = CARTESIAN_POINT ( 'NONE',  ( 4.949747468305890408, 4.949747468305973008, 19.40000000000000213 ) ) ;
#2112 = DIRECTION ( 'NONE',  ( 1.000000000000000000, 0.000000000000000000, 0.000000000000000000 ) ) ;
#2113 = ADVANCED_FACE ( 'NONE', ( #1490 ), #1243, .T. ) ;
#2114 = ORIENTED_EDGE ( 'NONE', *, *, #2748, .T. ) ;
#2115 = CARTESIAN_POINT ( 'NONE',  ( -7.000000000000000000, -35.10000000000000853, 17.05000000000000071 ) ) ;
#2116 = FACE_OUTER_BOUND ( 'NONE', #1940, .T. ) ;
#2117 = DIRECTION ( 'NONE',  ( -0.000000000000000000, 0.000000000000000000, 1.000000000000000000 ) ) ;
#2118 = AXIS2_PLACEMENT_3D ( 'NONE', #2385, #222, #271 ) ;
#2119 = DIRECTION ( 'NONE',  ( 1.000000000000000000, 0.000000000000000000, 0.000000000000000000 ) ) ;
#2120 = EDGE_LOOP ( 'NONE', ( #552, #1083, #659, #2932 ) ) ;
#2121 = CYLINDRICAL_SURFACE ( 'NONE', #532, 9.849999999999999645 ) ;
#2122 = DIRECTION ( 'NONE',  ( 1.000000000000000000, 0.000000000000000000, 0.000000000000000000 ) ) ;
#2123 = DIRECTION ( 'NONE',  ( 1.000000000000000000, 0.000000000000000000, 0.000000000000000000 ) ) ;
#2124 = DIRECTION ( 'NONE',  ( -0.000000000000000000, 0.000000000000000000, 1.000000000000000000 ) ) ;
#2125 = DIRECTION ( 'NONE',  ( -0.000000000000000000, -0.000000000000000000, -1.000000000000000000 ) ) ;
#2126 = EDGE_CURVE ( 'NONE', #1730, #2136, #3359, .T. ) ;
#2127 = AXIS2_PLACEMENT_3D ( 'NONE', #2785, #1445, #2265 ) ;
#2128 = DIRECTION ( 'NONE',  ( -0.000000000000000000, 0.000000000000000000, 1.000000000000000000 ) ) ;
#2129 = DIRECTION ( 'NONE',  ( 1.000000000000000000, 0.000000000000000000, 0.000000000000000000 ) ) ;
#2130 = DIRECTION ( 'NONE',  ( -0.000000000000000000, 0.000000000000000000, 1.000000000000000000 ) ) ;
#2131 = EDGE_CURVE ( 'NONE', #3386, #1724, #413, .T. ) ;
#2132 = COLOUR_RGB ( '',1.000000000000000000, 1.000000000000000000, 1.000000000000000000 ) ;
#2133 = CARTESIAN_POINT ( 'NONE',  ( 7.000000000000197176, 1.969616673719589582E-13, 19.40000000000000213 ) ) ;
#2134 = ORIENTED_EDGE ( 'NONE', *, *, #1009, .F. ) ;
#2135 = ORIENTED_EDGE ( 'NONE', *, *, #3164, .T. ) ;
#2136 = VERTEX_POINT ( 'NONE', #2863 ) ;
#2137 = COLOUR_RGB ( '',0.2980392156862745057, 0.2980392156862745057, 0.2980392156862745057 ) ;
#2138 = VERTEX_POINT ( 'NONE', #452 ) ;
#2139 = CARTESIAN_POINT ( 'NONE',  ( -7.000000000000002665, -8.485281374238565988, 17.05000000000000071 ) ) ;
#2140 = FACE_BOUND ( 'NONE', #1464, .T. ) ;
#2141 = AXIS2_PLACEMENT_3D ( 'NONE', #2952, #536, #1591 ) ;
#2142 = AXIS2_PLACEMENT_3D ( 'NONE', #1979, #571, #1626 ) ;
#2143 = EDGE_CURVE ( 'NONE', #2453, #1353, #25, .T. ) ;
#2144 = CARTESIAN_POINT ( 'NONE',  ( 9.849999999999999645, 1.206277097160142826E-15, 19.40000000000000213 ) ) ;
#2145 = LINE ( 'NONE', #1036, #1272 ) ;
#2146 = FACE_OUTER_BOUND ( 'NONE', #2680, .T. ) ;
#2147 = LINE ( 'NONE', #291, #2083 ) ;
#2148 = ORIENTED_EDGE ( 'NONE', *, *, #2190, .T. ) ;
#2149 = PLANE ( 'NONE',  #1952 ) ;
#2150 = DIRECTION ( 'NONE',  ( 1.000000000000000000, 9.776865389989693819E-17, -0.000000000000000000 ) ) ;
#2151 = AXIS2_PLACEMENT_3D ( 'NONE', #2183, #847, #1652 ) ;
#2152 = LINE ( 'NONE', #1043, #3086 ) ;
#2153 = UNCERTAINTY_MEASURE_WITH_UNIT (LENGTH_MEASURE( 1.000000000000000082E-05 ), #967, 'distance_accuracy_value', 'NONE');
#2154 = EDGE_CURVE ( 'NONE', #648, #2909, #1701, .T. ) ;
#2155 = CARTESIAN_POINT ( 'NONE',  ( 9.249999999999989342, 0.000000000000000000, -17.85000000000000142 ) ) ;
#2156 = ORIENTED_EDGE ( 'NONE', *, *, #3336, .F. ) ;
#2157 = EDGE_CURVE ( 'NONE', #2010, #2302, #139, .T. ) ;
#2158 = EDGE_LOOP ( 'NONE', ( #2821, #1538, #924, #1809, #2175 ) ) ;
#2159 = LINE ( 'NONE', #1427, #2730 ) ;
#2160 = DIRECTION ( 'NONE',  ( 1.000000000000000000, 0.000000000000000000, 0.000000000000000000 ) ) ;
#2161 = AXIS2_PLACEMENT_3D ( 'NONE', #2962, #800, #1871 ) ;
#2162 = CARTESIAN_POINT ( 'NONE',  ( -7.000000000000002665, -8.485281374238565988, 17.05000000000000071 ) ) ;
#2163 = DIRECTION ( 'NONE',  ( 1.000000000000000000, 0.000000000000000000, 0.000000000000000000 ) ) ;
#2164 = LINE ( 'NONE', #1550, #2411 ) ;
#2165 = EDGE_CURVE ( 'NONE', #2349, #1973, #978, .T. ) ;
#2166 = DIRECTION ( 'NONE',  ( -0.000000000000000000, 0.000000000000000000, 1.000000000000000000 ) ) ;
#2167 = ORIENTED_EDGE ( 'NONE', *, *, #2770, .T. ) ;
#2168 = ADVANCED_FACE ( 'NONE', ( #181 ), #3099, .F. ) ;
#2169 = ORIENTED_EDGE ( 'NONE', *, *, #2837, .T. ) ;
#2170 = FACE_OUTER_BOUND ( 'NONE', #2857, .T. ) ;
#2171 = FACE_OUTER_BOUND ( 'NONE', #2897, .T. ) ;
#2172 = ORIENTED_EDGE ( 'NONE', *, *, #2198, .F. ) ;
#2173 = DIRECTION ( 'NONE',  ( -0.000000000000000000, 0.000000000000000000, 1.000000000000000000 ) ) ;
#2174 = EDGE_CURVE ( 'NONE', #1092, #98, #3074, .T. ) ;
#2175 = ORIENTED_EDGE ( 'NONE', *, *, #2945, .F. ) ;
#2176 = ORIENTED_EDGE ( 'NONE', *, *, #1463, .F. ) ;
#2177 = EDGE_CURVE ( 'NONE', #1046, #3243, #2000, .T. ) ;
#2178 = ORIENTED_EDGE ( 'NONE', *, *, #1845, .T. ) ;
#2179 = CIRCLE ( 'NONE', #665, 0.9250000000000004885 ) ;
#2180 = DIRECTION ( 'NONE',  ( 1.000000000000000000, 0.000000000000000000, 0.000000000000000000 ) ) ;
#2181 = DIRECTION ( 'NONE',  ( -1.000000000000000000, 0.000000000000000000, 0.000000000000000000 ) ) ;
#2182 = DIRECTION ( 'NONE',  ( 1.000000000000000000, 0.000000000000000000, 0.000000000000000000 ) ) ;
#2183 = CARTESIAN_POINT ( 'NONE',  ( -4.949747468305496945, -4.949747468305973008, 19.40000000000000213 ) ) ;
#2184 = DIRECTION ( 'NONE',  ( -0.000000000000000000, 0.000000000000000000, 1.000000000000000000 ) ) ;
#2185 = EDGE_LOOP ( 'NONE', ( #2398, #3267, #751, #1405 ) ) ;
#2186 = ORIENTED_EDGE ( 'NONE', *, *, #3330, .F. ) ;
#2187 = CARTESIAN_POINT ( 'NONE',  ( 3.939233347439179164E-13, -7.000000000000000000, 19.40000000000000213 ) ) ;
#2188 = CARTESIAN_POINT ( 'NONE',  ( 9.574999999999999289, -8.500000000000001776, 16.00000000000000000 ) ) ;
#2189 = ORIENTED_EDGE ( 'NONE', *, *, #752, .T. ) ;
#2190 = EDGE_CURVE ( 'NONE', #2824, #55, #2325, .T. ) ;
#2191 = CYLINDRICAL_SURFACE ( 'NONE', #342, 3.875000000000000000 ) ;
#2192 = ORIENTED_EDGE ( 'NONE', *, *, #3336, .T. ) ;
#2193 = AXIS2_PLACEMENT_3D ( 'NONE', #319, #1147, #2229 ) ;
#2194 = ORIENTED_EDGE ( 'NONE', *, *, #1609, .T. ) ;
#2195 = ORIENTED_EDGE ( 'NONE', *, *, #1101, .T. ) ;
#2196 = VECTOR ( 'NONE', #857, 1000.000000000000000 ) ;
#2197 = VECTOR ( 'NONE', #3234, 1000.000000000000000 ) ;
#2198 = EDGE_CURVE ( 'NONE', #2429, #715, #671, .T. ) ;
#2199 = DIRECTION ( 'NONE',  ( -0.000000000000000000, -0.000000000000000000, -1.000000000000000000 ) ) ;
#2200 = CARTESIAN_POINT ( 'NONE',  ( 10.67180073764566295, 10.09999999999999964, 14.50000000000000000 ) ) ;
#2201 = DIRECTION ( 'NONE',  ( 0.000000000000000000, 1.000000000000000000, 0.000000000000000000 ) ) ;
#2202 = CARTESIAN_POINT ( 'NONE',  ( -10.50000000000000178, -33.00000000000000000, -16.00000000000000000 ) ) ;
#2203 = PRODUCT_DEFINITION_SHAPE ( 'NONE', 'NONE',  #3114 ) ;
#2204 = ADVANCED_FACE ( 'NONE', ( #393 ), #2276, .F. ) ;
#2205 = ORIENTED_EDGE ( 'NONE', *, *, #548, .F. ) ;
#2206 = DIRECTION ( 'NONE',  ( -0.000000000000000000, 0.000000000000000000, 1.000000000000000000 ) ) ;
#2207 = DIRECTION ( 'NONE',  ( -0.6427876096865384747, 0.000000000000000000, 0.7660444431189787906 ) ) ;
#2208 = AXIS2_PLACEMENT_3D ( 'NONE', #2475, #44, #1105 ) ;
#2209 = VECTOR ( 'NONE', #1507, 1000.000000000000000 ) ;
#2210 = CARTESIAN_POINT ( 'NONE',  ( 4.949747468306169296, -4.949747468305694120, -17.64999999999999858 ) ) ;
#2211 = ORIENTED_EDGE ( 'NONE', *, *, #2422, .F. ) ;
#2212 = EDGE_LOOP ( 'NONE', ( #2393, #1707, #2916, #1239 ) ) ;
#2213 = EDGE_CURVE ( 'NONE', #3057, #20, #1304, .T. ) ;
#2214 = ORIENTED_EDGE ( 'NONE', *, *, #600, .T. ) ;
#2215 = EDGE_CURVE ( 'NONE', #853, #595, #915, .T. ) ;
#2216 = ORIENTED_EDGE ( 'NONE', *, *, #183, .F. ) ;
#2217 = PLANE ( 'NONE',  #1713 ) ;
#2218 = CARTESIAN_POINT ( 'NONE',  ( 4.949747468306169296, -4.949747468305694120, 19.40000000000000213 ) ) ;
#2219 = CARTESIAN_POINT ( 'NONE',  ( 11.42499999999999893, -8.500000000000001776, 11.00000000000000000 ) ) ;
#2220 = DIRECTION ( 'NONE',  ( -0.000000000000000000, 0.000000000000000000, 1.000000000000000000 ) ) ;
#2221 = AXIS2_PLACEMENT_3D ( 'NONE', #724, #2882, #3438 ) ;
#2222 = VERTEX_POINT ( 'NONE', #3469 ) ;
#2223 = AXIS2_PLACEMENT_3D ( 'NONE', #2558, #138, #661 ) ;
#2224 = ORIENTED_EDGE ( 'NONE', *, *, #2539, .F. ) ;
#2225 = AXIS2_PLACEMENT_3D ( 'NONE', #2904, #1265, #224 ) ;
#2226 = DIRECTION ( 'NONE',  ( 0.000000000000000000, 0.000000000000000000, 1.000000000000000000 ) ) ;
#2227 = EDGE_CURVE ( 'NONE', #1046, #334, #3226, .T. ) ;
#2228 = PLANE ( 'NONE',  #2223 ) ;
#2229 = DIRECTION ( 'NONE',  ( 0.000000000000000000, -0.000000000000000000, 1.000000000000000000 ) ) ;
#2230 = DIRECTION ( 'NONE',  ( -0.000000000000000000, -0.000000000000000000, -1.000000000000000000 ) ) ;
#2231 = ORIENTED_EDGE ( 'NONE', *, *, #1488, .T. ) ;
#2232 = EDGE_LOOP ( 'NONE', ( #2266, #2178, #2189, #1099 ) ) ;
#2233 = CIRCLE ( 'NONE', #718, 0.6750000000000001554 ) ;
#2234 = ORIENTED_EDGE ( 'NONE', *, *, #1396, .T. ) ;
#2235 = DIRECTION ( 'NONE',  ( 0.000000000000000000, 0.000000000000000000, 1.000000000000000000 ) ) ;
#2236 = AXIS2_PLACEMENT_3D ( 'NONE', #2906, #3443, #1266 ) ;
#2237 = CARTESIAN_POINT ( 'NONE',  ( 0.000000000000000000, 0.000000000000000000, 16.00000000000000000 ) ) ;
#2238 = DIRECTION ( 'NONE',  ( 0.000000000000000000, -0.000000000000000000, -1.000000000000000000 ) ) ;
#2239 = LINE ( 'NONE', #3337, #1461 ) ;
#2240 = ORIENTED_EDGE ( 'NONE', *, *, #2397, .T. ) ;
#2241 = VERTEX_POINT ( 'NONE', #2399 ) ;
#2242 = EDGE_LOOP ( 'NONE', ( #2194, #75, #249, #3452 ) ) ;
#2243 = SURFACE_SIDE_STYLE ('',( #1160 ) ) ;
#2244 = PLANE ( 'NONE',  #1880 ) ;
#2245 = CARTESIAN_POINT ( 'NONE',  ( 0.000000000000000000, 0.000000000000000000, 19.40000000000000213 ) ) ;
#2246 = ADVANCED_FACE ( 'NONE', ( #1810, #3487, #2362, #1033, #807, #1827 ), #1068, .F. ) ;
#2247 = ORIENTED_EDGE ( 'NONE', *, *, #3081, .F. ) ;
#2248 = DIRECTION ( 'NONE',  ( 0.000000000000000000, -0.000000000000000000, -1.000000000000000000 ) ) ;
#2249 = ORIENTED_EDGE ( 'NONE', *, *, #1807, .F. ) ;
#2250 = VECTOR ( 'NONE', #2978, 1000.000000000000000 ) ;
#2251 = CARTESIAN_POINT ( 'NONE',  ( -9.999999999999998224, -11.99999999999999822, -16.00000000000000000 ) ) ;
#2252 = DIRECTION ( 'NONE',  ( 1.000000000000000000, 0.000000000000000000, 0.000000000000000000 ) ) ;
#2253 = DIRECTION ( 'NONE',  ( -0.000000000000000000, 0.000000000000000000, 1.000000000000000000 ) ) ;
#2254 = ADVANCED_FACE ( 'NONE', ( #233 ), #2121, .T. ) ;
#2255 = ORIENTED_EDGE ( 'NONE', *, *, #2668, .T. ) ;
#2256 = CIRCLE ( 'NONE', #794, 0.9250000000000004885 ) ;
#2257 = CARTESIAN_POINT ( 'NONE',  ( 0.000000000000000000, 7.000000000000000000, 19.40000000000000213 ) ) ;
#2258 = EDGE_CURVE ( 'NONE', #2717, #2618, #3, .T. ) ;
#2259 = ORIENTED_EDGE ( 'NONE', *, *, #752, .F. ) ;
#2260 = LINE ( 'NONE', #1774, #1342 ) ;
#2261 = CARTESIAN_POINT ( 'NONE',  ( 4.274747468306168585, -4.949747468305694120, -17.64999999999999858 ) ) ;
#2262 = EDGE_LOOP ( 'NONE', ( #158, #2205, #263, #602 ) ) ;
#2263 = CIRCLE ( 'NONE', #909, 0.6750000000000002665 ) ;
#2264 = VECTOR ( 'NONE', #769, 1000.000000000000000 ) ;
#2265 = DIRECTION ( 'NONE',  ( 1.000000000000000000, 0.000000000000000000, 0.000000000000000000 ) ) ;
#2266 = ORIENTED_EDGE ( 'NONE', *, *, #1946, .F. ) ;
#2267 = EDGE_LOOP ( 'NONE', ( #2583, #247, #616, #1477 ) ) ;
#2268 = AXIS2_PLACEMENT_3D ( 'NONE', #1530, #2621, #2123 ) ;
#2269 = DIRECTION ( 'NONE',  ( 0.000000000000000000, 0.000000000000000000, 1.000000000000000000 ) ) ;
#2270 = ORIENTED_EDGE ( 'NONE', *, *, #3481, .F. ) ;
#2271 = EDGE_CURVE ( 'NONE', #1717, #362, #2503, .T. ) ;
#2272 = CIRCLE ( 'NONE', #3412, 0.6750000000000002665 ) ;
#2273 = CIRCLE ( 'NONE', #3467, 3.875000000000000000 ) ;
#2274 = EDGE_CURVE ( 'NONE', #688, #869, #284, .T. ) ;
#2275 = ORIENTED_EDGE ( 'NONE', *, *, #1908, .F. ) ;
#2276 = CYLINDRICAL_SURFACE ( 'NONE', #2671, 0.6750000000000002665 ) ;
#2277 = FACE_OUTER_BOUND ( 'NONE', #918, .T. ) ;
#2278 = LINE ( 'NONE', #3354, #3338 ) ;
#2279 = ORIENTED_EDGE ( 'NONE', *, *, #1945, .F. ) ;
#2280 = DIRECTION ( 'NONE',  ( 0.000000000000000000, -0.000000000000000000, 1.000000000000000000 ) ) ;
#2281 = VERTEX_POINT ( 'NONE', #2701 ) ;
#2282 = EDGE_CURVE ( 'NONE', #2522, #314, #1636, .T. ) ;
#2283 = MECHANICAL_DESIGN_GEOMETRIC_PRESENTATION_REPRESENTATION (  '', ( #2047 ), #976 ) ;
#2284 = DIRECTION ( 'NONE',  ( -0.000000000000000000, 0.000000000000000000, 1.000000000000000000 ) ) ;
#2285 = ORIENTED_EDGE ( 'NONE', *, *, #1120, .F. ) ;
#2286 = ORIENTED_EDGE ( 'NONE', *, *, #2400, .T. ) ;
#2287 = CARTESIAN_POINT ( 'NONE',  ( -0.6749999999996062483, -7.000000000000000000, 19.40000000000000213 ) ) ;
#2288 = VERTEX_POINT ( 'NONE', #790 ) ;
#2289 = ORIENTED_EDGE ( 'NONE', *, *, #1919, .T. ) ;
#2290 = CARTESIAN_POINT ( 'NONE',  ( -11.42500000000000249, -33.00000000000000000, -11.00000000000000000 ) ) ;
#2291 = EDGE_CURVE ( 'NONE', #940, #766, #535, .T. ) ;
#2292 = FACE_OUTER_BOUND ( 'NONE', #1665, .T. ) ;
#2293 = ORIENTED_EDGE ( 'NONE', *, *, #2198, .T. ) ;
#2294 = VECTOR ( 'NONE', #1562, 1000.000000000000000 ) ;
#2295 = CARTESIAN_POINT ( 'NONE',  ( 11.42499999999999893, -8.500000000000001776, -11.00000000000000000 ) ) ;
#2296 = CARTESIAN_POINT ( 'NONE',  ( -0.000000000000000000, 10.09999999999999964, -14.50000000000000000 ) ) ;
#2297 = DIRECTION ( 'NONE',  ( 1.000000000000000000, 0.000000000000000000, 0.000000000000000000 ) ) ;
#2298 = CARTESIAN_POINT ( 'NONE',  ( 2.949029909160572455E-15, -17.00000000000000000, -16.00000000000000000 ) ) ;
#2299 = ORIENTED_EDGE ( 'NONE', *, *, #872, .T. ) ;
#2300 = EDGE_LOOP ( 'NONE', ( #2762, #494 ) ) ;
#2301 = CARTESIAN_POINT ( 'NONE',  ( -9.575000000000001066, -8.500000000000001776, -11.00000000000000000 ) ) ;
#2302 = VERTEX_POINT ( 'NONE', #265 ) ;
#2303 = EDGE_CURVE ( 'NONE', #2241, #1772, #130, .T. ) ;
#2304 = FACE_OUTER_BOUND ( 'NONE', #2480, .T. ) ;
#2305 = EDGE_LOOP ( 'NONE', ( #1893, #566, #1933, #2335 ) ) ;
#2306 = AXIS2_PLACEMENT_3D ( 'NONE', #2245, #367, #3091 ) ;
#2307 = CARTESIAN_POINT ( 'NONE',  ( -10.50000000000000178, -29.50000000000000711, 11.00000000000000000 ) ) ;
#2308 = CARTESIAN_POINT ( 'NONE',  ( 0.000000000000000000, 0.000000000000000000, 14.50000000000000000 ) ) ;
#2309 = CIRCLE ( 'NONE', #1177, 0.9250000000000004885 ) ;
#2310 = EDGE_CURVE ( 'NONE', #2524, #2949, #1546, .T. ) ;
#2311 = CARTESIAN_POINT ( 'NONE',  ( -0.6750000000000000444, 7.000000000000000000, -14.50000000000000000 ) ) ;
#2312 = CARTESIAN_POINT ( 'NONE',  ( -5.624747468305777431, 4.949747468305693232, -17.64999999999999858 ) ) ;
#2313 =( NAMED_UNIT ( * ) SI_UNIT ( $, .STERADIAN. ) SOLID_ANGLE_UNIT ( ) );
#2314 = PRESENTATION_STYLE_ASSIGNMENT (( #1285 ) ) ;
#2315 = EDGE_CURVE ( 'NONE', #1484, #1770, #1278, .T. ) ;
#2316 = VECTOR ( 'NONE', #1899, 1000.000000000000000 ) ;
#2317 = CARTESIAN_POINT ( 'NONE',  ( 0.000000000000000000, 0.000000000000000000, -14.50000000000000000 ) ) ;
#2318 = ORIENTED_EDGE ( 'NONE', *, *, #1110, .T. ) ;
#2319 = VERTEX_POINT ( 'NONE', #1573 ) ;
#2320 = FACE_OUTER_BOUND ( 'NONE', #3092, .T. ) ;
#2321 = EDGE_LOOP ( 'NONE', ( #82, #2651, #625, #2830, #2969, #2499, #1734, #1788 ) ) ;
#2322 = PLANE ( 'NONE',  #92 ) ;
#2323 = EDGE_CURVE ( 'NONE', #1150, #3386, #3191, .T. ) ;
#2324 = VERTEX_POINT ( 'NONE', #2653 ) ;
#2325 = CIRCLE ( 'NONE', #476, 0.6750000000000000444 ) ;
#2326 = DIRECTION ( 'NONE',  ( 1.000000000000000000, 0.000000000000000000, 0.000000000000000000 ) ) ;
#2327 = SURFACE_STYLE_FILL_AREA ( #979 ) ;
#2328 = ADVANCED_FACE ( 'NONE', ( #757 ), #1843, .F. ) ;
#2329 = LINE ( 'NONE', #133, #1710 ) ;
#2330 = DIRECTION ( 'NONE',  ( 0.000000000000000000, 0.000000000000000000, -1.000000000000000000 ) ) ;
#2331 = DIRECTION ( 'NONE',  ( 1.000000000000000000, -0.000000000000000000, 0.000000000000000000 ) ) ;
#2332 = EDGE_CURVE ( 'NONE', #2545, #55, #888, .T. ) ;
#2333 = DIRECTION ( 'NONE',  ( -0.000000000000000000, 0.000000000000000000, 1.000000000000000000 ) ) ;
#2334 = ORIENTED_EDGE ( 'NONE', *, *, #3289, .T. ) ;
#2335 = ORIENTED_EDGE ( 'NONE', *, *, #554, .T. ) ;
#2336 = DIRECTION ( 'NONE',  ( 0.000000000000000000, 0.000000000000000000, -1.000000000000000000 ) ) ;
#2337 = EDGE_LOOP ( 'NONE', ( #1875, #3123 ) ) ;
#2338 = CIRCLE ( 'NONE', #487, 0.6750000000000000444 ) ;
#2339 = CIRCLE ( 'NONE', #1093, 0.6750000000000001554 ) ;
#2340 = DIRECTION ( 'NONE',  ( -0.000000000000000000, 0.000000000000000000, 1.000000000000000000 ) ) ;
#2341 = COLOUR_RGB ( '',1.000000000000000000, 1.000000000000000000, 1.000000000000000000 ) ;
#2342 = ORIENTED_EDGE ( 'NONE', *, *, #2291, .T. ) ;
#2343 = EDGE_LOOP ( 'NONE', ( #1252, #2486 ) ) ;
#2344 = LINE ( 'NONE', #129, #1359 ) ;
#2345 =( LENGTH_UNIT ( ) NAMED_UNIT ( * ) SI_UNIT ( .MILLI., .METRE. ) );
#2346 = CARTESIAN_POINT ( 'NONE',  ( 0.000000000000000000, 0.000000000000000000, -17.64999999999999858 ) ) ;
#2347 = DIRECTION ( 'NONE',  ( 1.000000000000000000, 0.000000000000000000, 0.000000000000000000 ) ) ;
#2348 = DIRECTION ( 'NONE',  ( 1.000000000000000000, 0.000000000000000000, 0.000000000000000000 ) ) ;
#2349 = VERTEX_POINT ( 'NONE', #105 ) ;
#2350 = VECTOR ( 'NONE', #2459, 1000.000000000000000 ) ;
#2351 = CARTESIAN_POINT ( 'NONE',  ( 7.000000000000002665, -8.485281374238565988, 17.05000000000000071 ) ) ;
#2352 = DIRECTION ( 'NONE',  ( 0.000000000000000000, 0.000000000000000000, 1.000000000000000000 ) ) ;
#2353 = AXIS2_PLACEMENT_3D ( 'NONE', #779, #3495, #1286 ) ;
#2354 = CARTESIAN_POINT ( 'NONE',  ( -5.624747468305777431, 4.949747468305693232, -14.50000000000000000 ) ) ;
#2355 = EDGE_LOOP ( 'NONE', ( #2761, #3340, #3273, #2285 ) ) ;
#2356 = ADVANCED_FACE ( 'NONE', ( #939 ), #369, .F. ) ;
#2357 = DIRECTION ( 'NONE',  ( 1.000000000000000000, 0.000000000000000000, 0.000000000000000000 ) ) ;
#2358 = EDGE_CURVE ( 'NONE', #299, #496, #2787, .T. ) ;
#2359 = ORIENTED_EDGE ( 'NONE', *, *, #229, .T. ) ;
#2360 = EDGE_LOOP ( 'NONE', ( #2777, #121 ) ) ;
#2361 = ORIENTED_EDGE ( 'NONE', *, *, #2584, .T. ) ;
#2362 = FACE_BOUND ( 'NONE', #890, .T. ) ;
#2363 = CARTESIAN_POINT ( 'NONE',  ( 0.000000000000000000, 0.000000000000000000, 14.50000000000000000 ) ) ;
#2364 = DIRECTION ( 'NONE',  ( -1.000000000000000000, -1.734723475976807094E-16, 0.000000000000000000 ) ) ;
#2365 = AXIS2_PLACEMENT_3D ( 'NONE', #1320, #545, #3253 ) ;
#2366 = CARTESIAN_POINT ( 'NONE',  ( -4.949747468305496945, -4.949747468305973008, -14.50000000000000000 ) ) ;
#2367 = DIRECTION ( 'NONE',  ( -0.000000000000000000, 0.000000000000000000, 1.000000000000000000 ) ) ;
#2368 = PRODUCT_RELATED_PRODUCT_CATEGORY ( 'part', '', ( #1438 ) ) ;
#2369 = DIRECTION ( 'NONE',  ( 1.000000000000000000, 0.000000000000000000, 0.000000000000000000 ) ) ;
#2370 = AXIS2_PLACEMENT_3D ( 'NONE', #1062, #2173, #530 ) ;
#2371 = LINE ( 'NONE', #2645, #1175 ) ;
#2372 = DIRECTION ( 'NONE',  ( -0.000000000000000000, -0.000000000000000000, -1.000000000000000000 ) ) ;
#2373 = ORIENTED_EDGE ( 'NONE', *, *, #3406, .T. ) ;
#2374 = VECTOR ( 'NONE', #2018, 1000.000000000000000 ) ;
#2375 = AXIS2_PLACEMENT_3D ( 'NONE', #1104, #1916, #2180 ) ;
#2376 = CARTESIAN_POINT ( 'NONE',  ( -9.849999999999999645, 1.206277097160142826E-15, -17.64999999999999858 ) ) ;
#2377 = ORIENTED_EDGE ( 'NONE', *, *, #3472, .F. ) ;
#2378 = VERTEX_POINT ( 'NONE', #143 ) ;
#2379 = EDGE_CURVE ( 'NONE', #1724, #1980, #3363, .T. ) ;
#2380 = CARTESIAN_POINT ( 'NONE',  ( 0.000000000000000000, -30.50000000000000000, -17.85000000000000142 ) ) ;
#2381 = AXIS2_PLACEMENT_3D ( 'NONE', #1416, #2441, #3281 ) ;
#2382 = DIRECTION ( 'NONE',  ( 0.7660444431189741277, 0.000000000000000000, 0.6427876096865441369 ) ) ;
#2383 = AXIS2_PLACEMENT_3D ( 'NONE', #2549, #3384, #3083 ) ;
#2384 = DIRECTION ( 'NONE',  ( -0.000000000000000000, 0.000000000000000000, 1.000000000000000000 ) ) ;
#2385 = CARTESIAN_POINT ( 'NONE',  ( 3.939233347439179164E-13, -7.000000000000000000, -14.50000000000000000 ) ) ;
#2386 = DIRECTION ( 'NONE',  ( -1.000000000000000000, 0.000000000000000000, 0.000000000000000000 ) ) ;
#2387 = CARTESIAN_POINT ( 'NONE',  ( -9.250000000000010658, -19.10000000000001918, -17.85000000000000142 ) ) ;
#2388 = DIRECTION ( 'NONE',  ( -0.000000000000000000, -0.000000000000000000, -1.000000000000000000 ) ) ;
#2389 = DIRECTION ( 'NONE',  ( -0.000000000000000000, 0.000000000000000000, 1.000000000000000000 ) ) ;
#2390 = CARTESIAN_POINT ( 'NONE',  ( -10.50000000000000178, -8.500000000000001776, -16.00000000000000000 ) ) ;
#2391 = ORIENTED_EDGE ( 'NONE', *, *, #528, .T. ) ;
#2392 = DIRECTION ( 'NONE',  ( 0.000000000000000000, -0.6427876096865398070, 0.7660444431189777914 ) ) ;
#2393 = ORIENTED_EDGE ( 'NONE', *, *, #3289, .F. ) ;
#2394 = VECTOR ( 'NONE', #2731, 1000.000000000000000 ) ;
#2395 = VERTEX_POINT ( 'NONE', #2719 ) ;
#2396 = AXIS2_PLACEMENT_3D ( 'NONE', #3413, #374, #703 ) ;
#2397 = EDGE_CURVE ( 'NONE', #1637, #2065, #3007, .T. ) ;
#2398 = ORIENTED_EDGE ( 'NONE', *, *, #1833, .F. ) ;
#2399 = CARTESIAN_POINT ( 'NONE',  ( 9.574999999999997513, -33.00000000000000000, -11.00000000000000000 ) ) ;
#2400 = EDGE_CURVE ( 'NONE', #152, #766, #1190, .T. ) ;
#2401 = DIRECTION ( 'NONE',  ( 1.000000000000000000, 0.000000000000000000, 0.000000000000000000 ) ) ;
#2402 = ADVANCED_FACE ( 'NONE', ( #1995 ), #3094, .F. ) ;
#2403 = CARTESIAN_POINT ( 'NONE',  ( 7.000000000000197176, 1.969616673719589582E-13, -14.50000000000000000 ) ) ;
#2404 = CYLINDRICAL_SURFACE ( 'NONE', #2589, 0.6750000000000001554 ) ;
#2405 = CYLINDRICAL_SURFACE ( 'NONE', #3482, 11.00000000000000000 ) ;
#2406 = ORIENTED_EDGE ( 'NONE', *, *, #3221, .F. ) ;
#2407 = DIRECTION ( 'NONE',  ( -1.000000000000000000, 0.000000000000000000, 0.000000000000000000 ) ) ;
#2408 = DIRECTION ( 'NONE',  ( 0.000000000000000000, 1.000000000000000000, 0.000000000000000000 ) ) ;
#2409 = CARTESIAN_POINT ( 'NONE',  ( 6.325000000000196465, 1.969616673719589582E-13, 19.40000000000000213 ) ) ;
#2410 = AXIS2_PLACEMENT_3D ( 'NONE', #3176, #3440, #2689 ) ;
#2411 = VECTOR ( 'NONE', #3215, 1000.000000000000000 ) ;
#2412 = CYLINDRICAL_SURFACE ( 'NONE', #3173, 0.6750000000000002665 ) ;
#2413 = EDGE_CURVE ( 'NONE', #595, #3241, #3261, .T. ) ;
#2414 = ORIENTED_EDGE ( 'NONE', *, *, #501, .F. ) ;
#2415 = EDGE_CURVE ( 'NONE', #2469, #887, #906, .T. ) ;
#2416 = ORIENTED_EDGE ( 'NONE', *, *, #2742, .T. ) ;
#2417 = AXIS2_PLACEMENT_3D ( 'NONE', #2893, #2235, #1241 ) ;
#2418 = DIRECTION ( 'NONE',  ( 1.000000000000000000, 0.000000000000000000, 0.000000000000000000 ) ) ;
#2419 = FACE_OUTER_BOUND ( 'NONE', #2844, .T. ) ;
#2420 = CARTESIAN_POINT ( 'NONE',  ( -10.50000000000000178, -29.50000000000000711, 16.00000000000000000 ) ) ;
#2421 = FACE_OUTER_BOUND ( 'NONE', #1762, .T. ) ;
#2422 = EDGE_CURVE ( 'NONE', #450, #1785, #2159, .T. ) ;
#2423 = CIRCLE ( 'NONE', #1395, 11.00000000000000000 ) ;
#2424 = FACE_OUTER_BOUND ( 'NONE', #2788, .T. ) ;
#2425 = DIRECTION ( 'NONE',  ( 1.000000000000000000, 0.000000000000000000, 0.000000000000000000 ) ) ;
#2426 = ADVANCED_FACE ( 'NONE', ( #22 ), #1084, .F. ) ;
#2427 = DIRECTION ( 'NONE',  ( 1.000000000000000000, 0.000000000000000000, 0.000000000000000000 ) ) ;
#2428 = STYLED_ITEM ( 'NONE', ( #2591 ), #1212 ) ;
#2429 = VERTEX_POINT ( 'NONE', #2523 ) ;
#2430 = FACE_OUTER_BOUND ( 'NONE', #2300, .T. ) ;
#2431 = VERTEX_POINT ( 'NONE', #826 ) ;
#2432 = VERTEX_POINT ( 'NONE', #122 ) ;
#2433 = VECTOR ( 'NONE', #2551, 1000.000000000000000 ) ;
#2434 = EDGE_CURVE ( 'NONE', #617, #3464, #3055, .T. ) ;
#2435 = VERTEX_POINT ( 'NONE', #2986 ) ;
#2436 = CARTESIAN_POINT ( 'NONE',  ( -0.6750000000000000444, 7.000000000000000000, -17.64999999999999858 ) ) ;
#2437 = DIRECTION ( 'NONE',  ( 0.000000000000000000, -1.000000000000000000, 0.000000000000000000 ) ) ;
#2438 = VECTOR ( 'NONE', #2557, 1000.000000000000000 ) ;
#2439 = VECTOR ( 'NONE', #498, 1000.000000000000000 ) ;
#2440 = EDGE_CURVE ( 'NONE', #715, #586, #18, .T. ) ;
#2441 = DIRECTION ( 'NONE',  ( -0.000000000000000000, 0.000000000000000000, 1.000000000000000000 ) ) ;
#2442 = DIRECTION ( 'NONE',  ( 0.000000000000000000, 0.000000000000000000, 1.000000000000000000 ) ) ;
#2443 = DIRECTION ( 'NONE',  ( 0.000000000000000000, 1.000000000000000000, 0.000000000000000000 ) ) ;
#2444 = PLANE ( 'NONE',  #957 ) ;
#2445 = ORIENTED_EDGE ( 'NONE', *, *, #1431, .F. ) ;
#2446 = ADVANCED_FACE ( 'NONE', ( #406 ), #3347, .T. ) ;
#2447 = ORIENTED_EDGE ( 'NONE', *, *, #1505, .T. ) ;
#2448 = DIRECTION ( 'NONE',  ( -0.000000000000000000, -0.000000000000000000, 1.000000000000000000 ) ) ;
#2449 = DIRECTION ( 'NONE',  ( -0.000000000000000000, 0.000000000000000000, 1.000000000000000000 ) ) ;
#2450 = ORIENTED_EDGE ( 'NONE', *, *, #1302, .F. ) ;
#2451 = DIRECTION ( 'NONE',  ( 1.000000000000000000, -0.000000000000000000, 0.000000000000000000 ) ) ;
#2452 = ORIENTED_EDGE ( 'NONE', *, *, #3310, .T. ) ;
#2453 = VERTEX_POINT ( 'NONE', #2454 ) ;
#2454 = CARTESIAN_POINT ( 'NONE',  ( 9.849999999999999645, 1.206277097160142826E-15, 14.50000000000000000 ) ) ;
#2455 = CARTESIAN_POINT ( 'NONE',  ( 7.000000000000197176, 1.969616673719589582E-13, 19.40000000000000213 ) ) ;
#2456 = VECTOR ( 'NONE', #1773, 1000.000000000000000 ) ;
#2457 = CIRCLE ( 'NONE', #489, 0.6750000000000002665 ) ;
#2458 = CARTESIAN_POINT ( 'NONE',  ( -0.6749999999996062483, -7.000000000000000000, 19.40000000000000213 ) ) ;
#2459 = DIRECTION ( 'NONE',  ( 0.000000000000000000, -1.000000000000000000, 0.000000000000000000 ) ) ;
#2460 = CARTESIAN_POINT ( 'NONE',  ( -9.349999999999772271, -5.794609564069373775, -14.49999999999999822 ) ) ;
#2461 = FACE_OUTER_BOUND ( 'NONE', #2026, .T. ) ;
#2462 = EDGE_CURVE ( 'NONE', #2596, #1781, #3078, .T. ) ;
#2463 = ORIENTED_EDGE ( 'NONE', *, *, #2483, .T. ) ;
#2464 = ORIENTED_EDGE ( 'NONE', *, *, #1540, .T. ) ;
#2465 = DIRECTION ( 'NONE',  ( 0.000000000000000000, 0.000000000000000000, 1.000000000000000000 ) ) ;
#2466 = FACE_OUTER_BOUND ( 'NONE', #721, .T. ) ;
#2467 = ORIENTED_EDGE ( 'NONE', *, *, #2054, .F. ) ;
#2468 = DIRECTION ( 'NONE',  ( 1.000000000000000000, 0.000000000000000000, 0.000000000000000000 ) ) ;
#2469 = VERTEX_POINT ( 'NONE', #2805 ) ;
#2470 = ORIENTED_EDGE ( 'NONE', *, *, #2271, .F. ) ;
#2471 = EDGE_LOOP ( 'NONE', ( #3030, #2856, #2359, #1499 ) ) ;
#2472 = ADVANCED_FACE ( 'NONE', ( #1448 ), #1467, .F. ) ;
#2473 = AXIS2_PLACEMENT_3D ( 'NONE', #1383, #2442, #2704 ) ;
#2474 = ADVANCED_FACE ( 'NONE', ( #1763 ), #2628, .F. ) ;
#2475 = CARTESIAN_POINT ( 'NONE',  ( 10.49999999999999822, -8.500000000000001776, 11.00000000000000000 ) ) ;
#2476 = DIRECTION ( 'NONE',  ( -0.7660444431189793457, -0.6427876096865378086, -0.000000000000000000 ) ) ;
#2477 = CARTESIAN_POINT ( 'NONE',  ( 0.000000000000000000, 0.000000000000000000, -14.50000000000000000 ) ) ;
#2478 = DIRECTION ( 'NONE',  ( 0.000000000000000000, 1.000000000000000000, 0.000000000000000000 ) ) ;
#2479 = ORIENTED_EDGE ( 'NONE', *, *, #815, .T. ) ;
#2480 = EDGE_LOOP ( 'NONE', ( #2570, #424 ) ) ;
#2481 = DIRECTION ( 'NONE',  ( 1.000000000000000000, 0.000000000000000000, 0.000000000000000000 ) ) ;
#2482 = CARTESIAN_POINT ( 'NONE',  ( -4.949747468305776721, 4.949747468305693232, -17.64999999999999858 ) ) ;
#2483 = EDGE_CURVE ( 'NONE', #1118, #2634, #1526, .T. ) ;
#2484 = AXIS2_PLACEMENT_3D ( 'NONE', #2870, #713, #3158 ) ;
#2485 = CARTESIAN_POINT ( 'NONE',  ( 5.624747468305891118, 4.949747468305973008, 19.40000000000000213 ) ) ;
#2486 = ORIENTED_EDGE ( 'NONE', *, *, #999, .F. ) ;
#2487 = VECTOR ( 'NONE', #1795, 1000.000000000000000 ) ;
#2488 = ORIENTED_EDGE ( 'NONE', *, *, #1833, .T. ) ;
#2489 = ORIENTED_EDGE ( 'NONE', *, *, #2049, .T. ) ;
#2490 = ORIENTED_EDGE ( 'NONE', *, *, #1056, .F. ) ;
#2491 = ADVANCED_FACE ( 'NONE', ( #2100 ), #2614, .F. ) ;
#2492 = ORIENTED_EDGE ( 'NONE', *, *, #1035, .F. ) ;
#2493 = AXIS2_PLACEMENT_3D ( 'NONE', #2363, #3211, #2122 ) ;
#2494 = ADVANCED_FACE ( 'NONE', ( #493 ), #3126, .F. ) ;
#2495 = LINE ( 'NONE', #78, #2515 ) ;
#2496 = PLANE ( 'NONE',  #1950 ) ;
#2497 = CARTESIAN_POINT ( 'NONE',  ( 4.274747468306168585, -4.949747468305694120, 19.40000000000000213 ) ) ;
#2498 = CARTESIAN_POINT ( 'NONE',  ( 7.000000000000197176, 1.969616673719589582E-13, 19.40000000000000213 ) ) ;
#2499 = ORIENTED_EDGE ( 'NONE', *, *, #241, .F. ) ;
#2500 = VERTEX_POINT ( 'NONE', #3145 ) ;
#2501 = FACE_BOUND ( 'NONE', #2337, .T. ) ;
#2502 = DIRECTION ( 'NONE',  ( 0.000000000000000000, 0.000000000000000000, 1.000000000000000000 ) ) ;
#2503 = CIRCLE ( 'NONE', #968, 0.6750000000000002665 ) ;
#2504 = FACE_OUTER_BOUND ( 'NONE', #2232, .T. ) ;
#2505 = ORIENTED_EDGE ( 'NONE', *, *, #3376, .T. ) ;
#2506 = ORIENTED_EDGE ( 'NONE', *, *, #2847, .T. ) ;
#2507 = LINE ( 'NONE', #2162, #1022 ) ;
#2508 = DIRECTION ( 'NONE',  ( -0.000000000000000000, 0.000000000000000000, 1.000000000000000000 ) ) ;
#2509 = DIRECTION ( 'NONE',  ( 0.000000000000000000, 1.000000000000000000, -0.000000000000000000 ) ) ;
#2510 = DIRECTION ( 'NONE',  ( 1.000000000000000000, 0.000000000000000000, 0.000000000000000000 ) ) ;
#2511 = AXIS2_PLACEMENT_3D ( 'NONE', #759, #2384, #1863 ) ;
#2512 = EDGE_LOOP ( 'NONE', ( #714, #2101 ) ) ;
#2513 = AXIS2_PLACEMENT_3D ( 'NONE', #3034, #2747, #645 ) ;
#2514 = ADVANCED_FACE ( 'NONE', ( #192 ), #1537, .F. ) ;
#2515 = VECTOR ( 'NONE', #3026, 1000.000000000000000 ) ;
#2516 = ORIENTED_EDGE ( 'NONE', *, *, #1029, .F. ) ;
#2517 = EDGE_LOOP ( 'NONE', ( #2564, #2293, #1572, #2572 ) ) ;
#2518 = VECTOR ( 'NONE', #1866, 1000.000000000000000 ) ;
#2519 = DIRECTION ( 'NONE',  ( 1.000000000000000000, 0.000000000000000000, 0.000000000000000000 ) ) ;
#2520 = DIRECTION ( 'NONE',  ( -0.000000000000000000, -0.000000000000000000, 1.000000000000000000 ) ) ;
#2521 = DIRECTION ( 'NONE',  ( -0.000000000000000000, 0.000000000000000000, 1.000000000000000000 ) ) ;
#2522 = VERTEX_POINT ( 'NONE', #2301 ) ;
#2523 = CARTESIAN_POINT ( 'NONE',  ( 5.624747468306169118, -4.949747468305694120, 19.40000000000000213 ) ) ;
#2524 = VERTEX_POINT ( 'NONE', #1836 ) ;
#2525 = EDGE_CURVE ( 'NONE', #405, #2533, #1225, .T. ) ;
#2526 = VECTOR ( 'NONE', #521, 1000.000000000000000 ) ;
#2527 = ADVANCED_FACE ( 'NONE', ( #1519, #1288, #2320 ), #227, .T. ) ;
#2528 = CARTESIAN_POINT ( 'NONE',  ( -5.624747468305496767, -4.949747468305973008, 19.40000000000000213 ) ) ;
#2529 = VECTOR ( 'NONE', #1612, 1000.000000000000000 ) ;
#2530 = CARTESIAN_POINT ( 'NONE',  ( 10.49999999999999822, -33.00000000000000000, -11.00000000000000000 ) ) ;
#2531 = CARTESIAN_POINT ( 'NONE',  ( 0.000000000000000000, 0.000000000000000000, -14.50000000000000000 ) ) ;
#2532 = CARTESIAN_POINT ( 'NONE',  ( 10.49999999999999822, -8.500000000000001776, 16.00000000000000000 ) ) ;
#2533 = VERTEX_POINT ( 'NONE', #1251 ) ;
#2534 = DIRECTION ( 'NONE',  ( -0.000000000000000000, 0.000000000000000000, 1.000000000000000000 ) ) ;
#2535 = VERTEX_POINT ( 'NONE', #3428 ) ;
#2536 = DIRECTION ( 'NONE',  ( 0.6427876096865380307, -0.7660444431189791237, 0.000000000000000000 ) ) ;
#2537 = LINE ( 'NONE', #1201, #2911 ) ;
#2538 = ADVANCED_FACE ( 'NONE', ( #1502 ), #2064, .F. ) ;
#2539 = EDGE_CURVE ( 'NONE', #1770, #2138, #38, .T. ) ;
#2540 = DIRECTION ( 'NONE',  ( 1.000000000000000000, 0.000000000000000000, 0.000000000000000000 ) ) ;
#2541 = ORIENTED_EDGE ( 'NONE', *, *, #1376, .T. ) ;
#2542 = AXIS2_PLACEMENT_3D ( 'NONE', #3103, #692, #396 ) ;
#2543 = ORIENTED_EDGE ( 'NONE', *, *, #2732, .T. ) ;
#2544 = DIRECTION ( 'NONE',  ( -0.000000000000000000, -0.000000000000000000, -1.000000000000000000 ) ) ;
#2545 = VERTEX_POINT ( 'NONE', #3393 ) ;
#2546 = VECTOR ( 'NONE', #1336, 1000.000000000000000 ) ;
#2547 = ORIENTED_EDGE ( 'NONE', *, *, #1946, .T. ) ;
#2548 = EDGE_CURVE ( 'NONE', #2241, #20, #3410, .T. ) ;
#2549 = CARTESIAN_POINT ( 'NONE',  ( -4.949747468305496945, -4.949747468305973008, 19.40000000000000213 ) ) ;
#2550 = EDGE_CURVE ( 'NONE', #595, #853, #372, .T. ) ;
#2551 = DIRECTION ( 'NONE',  ( -0.000000000000000000, -0.000000000000000000, -1.000000000000000000 ) ) ;
#2552 = VECTOR ( 'NONE', #995, 1000.000000000000000 ) ;
#2553 = AXIS2_PLACEMENT_3D ( 'NONE', #827, #1560, #3454 ) ;
#2554 = CARTESIAN_POINT ( 'NONE',  ( -4.949747468305496945, -4.949747468305973008, -14.50000000000000000 ) ) ;
#2555 = VERTEX_POINT ( 'NONE', #2354 ) ;
#2556 = FACE_OUTER_BOUND ( 'NONE', #936, .T. ) ;
#2557 = DIRECTION ( 'NONE',  ( 0.000000000000000000, 0.000000000000000000, -1.000000000000000000 ) ) ;
#2558 = CARTESIAN_POINT ( 'NONE',  ( -10.50000000000000178, -29.50000000000000711, 11.00000000000000000 ) ) ;
#2559 = AXIS2_PLACEMENT_3D ( 'NONE', #3112, #2840, #1697 ) ;
#2560 = FACE_OUTER_BOUND ( 'NONE', #1276, .T. ) ;
#2561 = EDGE_LOOP ( 'NONE', ( #3227, #2506, #1738, #2, #190, #2682, #1369, #1603 ) ) ;
#2562 = AXIS2_PLACEMENT_3D ( 'NONE', #2073, #1900, #876 ) ;
#2563 = CARTESIAN_POINT ( 'NONE',  ( -10.50000000000000178, -8.500000000000001776, 11.00000000000000000 ) ) ;
#2564 = ORIENTED_EDGE ( 'NONE', *, *, #1589, .T. ) ;
#2565 = AXIS2_PLACEMENT_3D ( 'NONE', #313, #1172, #3351 ) ;
#2566 = EDGE_CURVE ( 'NONE', #405, #2596, #2457, .T. ) ;
#2567 = ORIENTED_EDGE ( 'NONE', *, *, #2635, .F. ) ;
#2568 = DIRECTION ( 'NONE',  ( -0.000000000000000000, -0.000000000000000000, -1.000000000000000000 ) ) ;
#2569 = FACE_OUTER_BOUND ( 'NONE', #991, .T. ) ;
#2570 = ORIENTED_EDGE ( 'NONE', *, *, #1059, .T. ) ;
#2571 = CARTESIAN_POINT ( 'NONE',  ( 0.000000000000000000, 7.000000000000000000, -17.64999999999999858 ) ) ;
#2572 = ORIENTED_EDGE ( 'NONE', *, *, #2049, .F. ) ;
#2573 =( LENGTH_UNIT ( ) NAMED_UNIT ( * ) SI_UNIT ( .MILLI., .METRE. ) );
#2574 = EDGE_CURVE ( 'NONE', #856, #670, #1146, .T. ) ;
#2575 = CARTESIAN_POINT ( 'NONE',  ( -0.6749999999996062483, -7.000000000000000000, -17.64999999999999858 ) ) ;
#2576 = CIRCLE ( 'NONE', #3204, 0.9250000000000004885 ) ;
#2577 = MECHANICAL_DESIGN_GEOMETRIC_PRESENTATION_REPRESENTATION (  '', ( #1769 ), #709 ) ;
#2578 = PLANE ( 'NONE',  #3229 ) ;
#2579 = VERTEX_POINT ( 'NONE', #2908 ) ;
#2580 = DIRECTION ( 'NONE',  ( -0.000000000000000000, 0.000000000000000000, 1.000000000000000000 ) ) ;
#2581 = EDGE_LOOP ( 'NONE', ( #1309, #2463 ) ) ;
#2582 = ADVANCED_FACE ( 'NONE', ( #2466 ), #52, .T. ) ;
#2583 = ORIENTED_EDGE ( 'NONE', *, *, #188, .F. ) ;
#2584 = EDGE_CURVE ( 'NONE', #2052, #611, #2104, .T. ) ;
#2585 = CARTESIAN_POINT ( 'NONE',  ( 11.42499999999999893, -8.500000000000001776, -16.00000000000000000 ) ) ;
#2586 = AXIS2_PLACEMENT_3D ( 'NONE', #289, #2508, #1347 ) ;
#2587 = CARTESIAN_POINT ( 'NONE',  ( 9.575000000000001066, -29.50000000000000711, 11.00000000000000000 ) ) ;
#2588 = ORIENTED_EDGE ( 'NONE', *, *, #3426, .F. ) ;
#2589 = AXIS2_PLACEMENT_3D ( 'NONE', #3249, #811, #2386 ) ;
#2590 = FACE_OUTER_BOUND ( 'NONE', #756, .T. ) ;
#2591 = PRESENTATION_STYLE_ASSIGNMENT (( #901 ) ) ;
#2592 = FILL_AREA_STYLE_COLOUR ( '', #2721 ) ;
#2593 = DIRECTION ( 'NONE',  ( 0.000000000000000000, -0.000000000000000000, -1.000000000000000000 ) ) ;
#2594 = EDGE_CURVE ( 'NONE', #2319, #617, #3139, .T. ) ;
#2595 = DIRECTION ( 'NONE',  ( 1.000000000000000000, 0.000000000000000000, 0.000000000000000000 ) ) ;
#2596 = VERTEX_POINT ( 'NONE', #2409 ) ;
#2597 = EDGE_LOOP ( 'NONE', ( #1822, #2391, #34, #1948, #1657, #3408, #1644, #1483, #2011, #3366, #3364, #1447 ) ) ;
#2598 = CARTESIAN_POINT ( 'NONE',  ( 9.574999999999999289, -33.00000000000000000, -11.00000000000000000 ) ) ;
#2599 = EDGE_LOOP ( 'NONE', ( #1963, #569 ) ) ;
#2600 = EDGE_CURVE ( 'NONE', #2874, #2349, #430, .T. ) ;
#2601 = DIRECTION ( 'NONE',  ( -0.000000000000000000, 0.000000000000000000, 1.000000000000000000 ) ) ;
#2602 = ORIENTED_EDGE ( 'NONE', *, *, #1066, .F. ) ;
#2603 = CIRCLE ( 'NONE', #2306, 3.875000000000000000 ) ;
#2604 = DIRECTION ( 'NONE',  ( 1.000000000000000000, 0.000000000000000000, 0.000000000000000000 ) ) ;
#2605 = DIRECTION ( 'NONE',  ( -0.000000000000000000, 0.000000000000000000, 1.000000000000000000 ) ) ;
#2606 = AXIS2_PLACEMENT_3D ( 'NONE', #2780, #51, #1111 ) ;
#2607 = DIRECTION ( 'NONE',  ( 1.000000000000000000, 0.000000000000000000, 0.000000000000000000 ) ) ;
#2608 = DIRECTION ( 'NONE',  ( -0.7660444431189786796, -0.000000000000000000, -0.6427876096865383637 ) ) ;
#2609 =( NAMED_UNIT ( * ) SI_UNIT ( $, .STERADIAN. ) SOLID_ANGLE_UNIT ( ) );
#2610 = AXIS2_PLACEMENT_3D ( 'NONE', #219, #4, #2160 ) ;
#2611 = LINE ( 'NONE', #2298, #1794 ) ;
#2612 = EDGE_LOOP ( 'NONE', ( #2279, #173, #418, #106 ) ) ;
#2613 = EDGE_LOOP ( 'NONE', ( #953, #2167, #2135, #3429 ) ) ;
#2614 = CYLINDRICAL_SURFACE ( 'NONE', #2681, 0.6750000000000002665 ) ;
#2615 = VERTEX_POINT ( 'NONE', #3288 ) ;
#2616 = AXIS2_PLACEMENT_3D ( 'NONE', #765, #716, #1784 ) ;
#2617 = PLANE ( 'NONE',  #3223 ) ;
#2618 = VERTEX_POINT ( 'NONE', #526 ) ;
#2619 = CARTESIAN_POINT ( 'NONE',  ( 9.249999999999989342, -30.50000000000000000, -17.85000000000000142 ) ) ;
#2620 = DIRECTION ( 'NONE',  ( 0.000000000000000000, -1.000000000000000000, 0.000000000000000000 ) ) ;
#2621 = DIRECTION ( 'NONE',  ( -0.000000000000000000, 0.000000000000000000, 1.000000000000000000 ) ) ;
#2622 = CARTESIAN_POINT ( 'NONE',  ( 0.000000000000000000, 0.000000000000000000, -18.19999999999999574 ) ) ;
#2623 = CARTESIAN_POINT ( 'NONE',  ( -10.50000000000000178, -8.500000000000001776, 11.00000000000000000 ) ) ;
#2624 =( NAMED_UNIT ( * ) SI_UNIT ( $, .STERADIAN. ) SOLID_ANGLE_UNIT ( ) );
#2625 = EDGE_CURVE ( 'NONE', #2065, #1770, #33, .T. ) ;
#2626 = DIRECTION ( 'NONE',  ( -9.776865389989693819E-17, -1.000000000000000000, 0.000000000000000000 ) ) ;
#2627 = CYLINDRICAL_SURFACE ( 'NONE', #513, 0.6750000000000000444 ) ;
#2628 = CYLINDRICAL_SURFACE ( 'NONE', #1977, 0.9250000000000004885 ) ;
#2629 = ORIENTED_EDGE ( 'NONE', *, *, #1999, .F. ) ;
#2630 = CIRCLE ( 'NONE', #2511, 0.6750000000000002665 ) ;
#2631 = AXIS2_PLACEMENT_3D ( 'NONE', #833, #2117, #781 ) ;
#2632 = DIRECTION ( 'NONE',  ( -0.000000000000000000, 0.000000000000000000, 1.000000000000000000 ) ) ;
#2633 = ORIENTED_EDGE ( 'NONE', *, *, #2271, .T. ) ;
#2634 = VERTEX_POINT ( 'NONE', #317 ) ;
#2635 = EDGE_CURVE ( 'NONE', #1486, #2006, #1617, .T. ) ;
#2636 = VERTEX_POINT ( 'NONE', #2188 ) ;
#2637 = VERTEX_POINT ( 'NONE', #1639 ) ;
#2638 = CARTESIAN_POINT ( 'NONE',  ( -9.250000000000010658, -17.00000000000000000, -16.08789077452769689 ) ) ;
#2639 = FACE_BOUND ( 'NONE', #1588, .T. ) ;
#2640 = CARTESIAN_POINT ( 'NONE',  ( 12.35000000000022524, -35.10000000000000853, 14.50000000000000000 ) ) ;
#2641 = DIRECTION ( 'NONE',  ( 1.000000000000000000, 0.000000000000000000, 0.000000000000000000 ) ) ;
#2642 = DIRECTION ( 'NONE',  ( -1.000000000000000000, 0.000000000000000000, 0.000000000000000000 ) ) ;
#2643 =( NAMED_UNIT ( * ) PLANE_ANGLE_UNIT ( ) SI_UNIT ( $, .RADIAN. ) );
#2644 = CARTESIAN_POINT ( 'NONE',  ( -10.50000000000000178, -33.00000000000000000, -11.00000000000000000 ) ) ;
#2645 = CARTESIAN_POINT ( 'NONE',  ( 9.249999999999989342, -17.00000000000000000, -17.85000000000000142 ) ) ;
#2646 = ADVANCED_FACE ( 'NONE', ( #2171 ), #546, .F. ) ;
#2647 = CARTESIAN_POINT ( 'NONE',  ( 3.939233347439179164E-13, -7.000000000000000000, -17.64999999999999858 ) ) ;
#2648 = ORIENTED_EDGE ( 'NONE', *, *, #3004, .T. ) ;
#2649 = EDGE_CURVE ( 'NONE', #496, #2378, #2339, .T. ) ;
#2650 = CARTESIAN_POINT ( 'NONE',  ( -5.624747468305496767, -4.949747468305973008, 14.50000000000000000 ) ) ;
#2651 = ORIENTED_EDGE ( 'NONE', *, *, #422, .T. ) ;
#2652 = EDGE_LOOP ( 'NONE', ( #2414, #2823 ) ) ;
#2653 = CARTESIAN_POINT ( 'NONE',  ( -7.000000000000000000, -35.10000000000000853, 16.00000000000000000 ) ) ;
#2654 = DIRECTION ( 'NONE',  ( 1.000000000000000000, 0.000000000000000000, 0.000000000000000000 ) ) ;
#2655 = AXIS2_PLACEMENT_3D ( 'NONE', #1202, #2284, #2009 ) ;
#2656 = CARTESIAN_POINT ( 'NONE',  ( -12.34999999999977405, -35.10000000000000853, -15.49999999999998401 ) ) ;
#2657 = FACE_OUTER_BOUND ( 'NONE', #2242, .T. ) ;
#2658 = FILL_AREA_STYLE ('',( #256 ) ) ;
#2659 = DIRECTION ( 'NONE',  ( 1.000000000000000000, 0.000000000000000000, 0.000000000000000000 ) ) ;
#2660 = AXIS2_PLACEMENT_3D ( 'NONE', #3001, #584, #2929 ) ;
#2661 = PLANE ( 'NONE',  #65 ) ;
#2662 = CARTESIAN_POINT ( 'NONE',  ( 0.000000000000000000, 0.000000000000000000, -17.64999999999999858 ) ) ;
#2663 = ORIENTED_EDGE ( 'NONE', *, *, #668, .F. ) ;
#2664 = MECHANICAL_DESIGN_GEOMETRIC_PRESENTATION_REPRESENTATION (  '', ( #3119 ), #852 ) ;
#2665 = CIRCLE ( 'NONE', #2141, 0.6750000000000002665 ) ;
#2666 = FACE_OUTER_BOUND ( 'NONE', #345, .T. ) ;
#2667 = ORIENTED_EDGE ( 'NONE', *, *, #501, .T. ) ;
#2668 = EDGE_CURVE ( 'NONE', #2027, #2615, #3237, .T. ) ;
#2669 = DIRECTION ( 'NONE',  ( 1.000000000000000000, 0.000000000000000000, 0.000000000000000000 ) ) ;
#2670 = PLANE ( 'NONE',  #2610 ) ;
#2671 = AXIS2_PLACEMENT_3D ( 'NONE', #1735, #148, #2684 ) ;
#2672 = LINE ( 'NONE', #760, #2004 ) ;
#2673 = CARTESIAN_POINT ( 'NONE',  ( 4.274747468306168585, -4.949747468305694120, 19.40000000000000213 ) ) ;
#2674 = DIRECTION ( 'NONE',  ( -0.000000000000000000, 0.000000000000000000, 1.000000000000000000 ) ) ;
#2675 = DIRECTION ( 'NONE',  ( -0.000000000000000000, 0.000000000000000000, 1.000000000000000000 ) ) ;
#2676 = ADVANCED_FACE ( 'NONE', ( #260 ), #855, .F. ) ;
#2677 = CARTESIAN_POINT ( 'NONE',  ( 7.675000000000196998, 1.969616673719589582E-13, -17.64999999999999858 ) ) ;
#2678 = DIRECTION ( 'NONE',  ( -0.000000000000000000, 0.000000000000000000, 1.000000000000000000 ) ) ;
#2679 = DIRECTION ( 'NONE',  ( -1.000000000000000000, 0.000000000000000000, 0.000000000000000000 ) ) ;
#2680 = EDGE_LOOP ( 'NONE', ( #1782, #624, #146, #1005 ) ) ;
#2681 = AXIS2_PLACEMENT_3D ( 'NONE', #1800, #2372, #750 ) ;
#2682 = ORIENTED_EDGE ( 'NONE', *, *, #49, .T. ) ;
#2683 = MECHANICAL_DESIGN_GEOMETRIC_PRESENTATION_REPRESENTATION (  '', ( #821 ), #2051 ) ;
#2684 = DIRECTION ( 'NONE',  ( -1.000000000000000000, 0.000000000000000000, 0.000000000000000000 ) ) ;
#2685 = EDGE_CURVE ( 'NONE', #2999, #3008, #1209, .T. ) ;
#2686 = CARTESIAN_POINT ( 'NONE',  ( -4.949747468305496945, -4.949747468305973008, 14.50000000000000000 ) ) ;
#2687 = EDGE_CURVE ( 'NONE', #922, #1143, #2576, .T. ) ;
#2688 = LINE ( 'NONE', #3230, #705 ) ;
#2689 = DIRECTION ( 'NONE',  ( 1.000000000000000000, 0.000000000000000000, 0.000000000000000000 ) ) ;
#2690 = DIRECTION ( 'NONE',  ( 1.000000000000000000, 0.000000000000000000, 0.000000000000000000 ) ) ;
#2691 = PLANE ( 'NONE',  #1404 ) ;
#2692 = FACE_OUTER_BOUND ( 'NONE', #1117, .T. ) ;
#2693 = LINE ( 'NONE', #2099, #896 ) ;
#2694 = DIRECTION ( 'NONE',  ( 0.000000000000000000, 0.000000000000000000, 1.000000000000000000 ) ) ;
#2695 = VECTOR ( 'NONE', #774, 1000.000000000000000 ) ;
#2696 = CIRCLE ( 'NONE', #449, 0.9250000000000004885 ) ;
#2697 = CARTESIAN_POINT ( 'NONE',  ( -9.349999999999772271, -5.794609564069373775, 14.50000000000000000 ) ) ;
#2698 = EDGE_CURVE ( 'NONE', #2136, #1730, #1487, .T. ) ;
#2699 = ORIENTED_EDGE ( 'NONE', *, *, #1164, .T. ) ;
#2700 = CIRCLE ( 'NONE', #2417, 1.375000000000000000 ) ;
#2701 = CARTESIAN_POINT ( 'NONE',  ( -11.42500000000000426, -33.00000000000000000, -16.00000000000000000 ) ) ;
#2702 = DIRECTION ( 'NONE',  ( 1.000000000000000000, 0.000000000000000000, 0.000000000000000000 ) ) ;
#2703 = CARTESIAN_POINT ( 'NONE',  ( -5.624747468305777431, 4.949747468305693232, 19.40000000000000213 ) ) ;
#2704 = DIRECTION ( 'NONE',  ( 1.000000000000000000, 0.000000000000000000, 0.000000000000000000 ) ) ;
#2705 = DIRECTION ( 'NONE',  ( -1.000000000000000000, 0.000000000000000000, 0.000000000000000000 ) ) ;
#2706 =( NAMED_UNIT ( * ) PLANE_ANGLE_UNIT ( ) SI_UNIT ( $, .RADIAN. ) );
#2707 = EDGE_LOOP ( 'NONE', ( #2648, #667 ) ) ;
#2708 = VECTOR ( 'NONE', #3407, 1000.000000000000000 ) ;
#2709 = ORIENTED_EDGE ( 'NONE', *, *, #528, .F. ) ;
#2710 = CARTESIAN_POINT ( 'NONE',  ( 0.000000000000000000, 7.000000000000000000, -14.50000000000000000 ) ) ;
#2711 = DIRECTION ( 'NONE',  ( -0.000000000000000000, 0.000000000000000000, 1.000000000000000000 ) ) ;
#2712 = CIRCLE ( 'NONE', #462, 0.6750000000000002665 ) ;
#2713 = DIRECTION ( 'NONE',  ( 1.000000000000000000, 0.000000000000000000, 0.000000000000000000 ) ) ;
#2714 = ORIENTED_EDGE ( 'NONE', *, *, #2323, .F. ) ;
#2715 = VERTEX_POINT ( 'NONE', #3497 ) ;
#2716 = VECTOR ( 'NONE', #1671, 1000.000000000000000 ) ;
#2717 = VERTEX_POINT ( 'NONE', #1080 ) ;
#2718 = EDGE_CURVE ( 'NONE', #68, #2432, #2152, .T. ) ;
#2719 = CARTESIAN_POINT ( 'NONE',  ( 5.624747468306169118, -4.949747468305694120, -17.64999999999999858 ) ) ;
#2720 = DIRECTION ( 'NONE',  ( -0.000000000000000000, 0.000000000000000000, 1.000000000000000000 ) ) ;
#2721 = COLOUR_RGB ( '',0.7921568627450980005, 0.8196078431372548767, 0.9333333333333333481 ) ;
#2722 = VECTOR ( 'NONE', #2230, 1000.000000000000000 ) ;
#2723 = DIRECTION ( 'NONE',  ( 1.000000000000000000, 0.000000000000000000, 0.000000000000000000 ) ) ;
#2724 = FACE_BOUND ( 'NONE', #1520, .T. ) ;
#2725 = FACE_OUTER_BOUND ( 'NONE', #1055, .T. ) ;
#2726 = LINE ( 'NONE', #523, #3060 ) ;
#2727 = CIRCLE ( 'NONE', #248, 0.9250000000000004885 ) ;
#2728 = ORIENTED_EDGE ( 'NONE', *, *, #3415, .T. ) ;
#2729 = DIRECTION ( 'NONE',  ( -0.000000000000000000, 0.000000000000000000, 1.000000000000000000 ) ) ;
#2730 = VECTOR ( 'NONE', #1716, 1000.000000000000000 ) ;
#2731 = DIRECTION ( 'NONE',  ( -0.000000000000000000, -0.000000000000000000, -1.000000000000000000 ) ) ;
#2732 = EDGE_CURVE ( 'NONE', #1048, #735, #3423, .T. ) ;
#2733 = EDGE_CURVE ( 'NONE', #2754, #30, #1544, .T. ) ;
#2734 = DIRECTION ( 'NONE',  ( 0.000000000000000000, -1.000000000000000000, 0.000000000000000000 ) ) ;
#2735 = ORIENTED_EDGE ( 'NONE', *, *, #2936, .T. ) ;
#2736 = ORIENTED_EDGE ( 'NONE', *, *, #1508, .F. ) ;
#2737 = ADVANCED_FACE ( 'NONE', ( #1355 ), #1095, .F. ) ;
#2738 = AXIS2_PLACEMENT_3D ( 'NONE', #174, #2081, #1818 ) ;
#2739 = DIRECTION ( 'NONE',  ( 9.776865389989693819E-17, -1.000000000000000000, 0.000000000000000000 ) ) ;
#2740 = CARTESIAN_POINT ( 'NONE',  ( 3.939233347439179164E-13, -7.000000000000000000, 19.40000000000000213 ) ) ;
#2741 = FACE_BOUND ( 'NONE', #142, .T. ) ;
#2742 = EDGE_CURVE ( 'NONE', #3361, #1987, #3321, .T. ) ;
#2743 = CARTESIAN_POINT ( 'NONE',  ( -4.274747468305776898, 4.949747468305693232, 19.40000000000000213 ) ) ;
#2744 = ORIENTED_EDGE ( 'NONE', *, *, #2303, .F. ) ;
#2745 = EDGE_LOOP ( 'NONE', ( #31, #3047 ) ) ;
#2746 = FACE_BOUND ( 'NONE', #900, .T. ) ;
#2747 = DIRECTION ( 'NONE',  ( 0.000000000000000000, -0.000000000000000000, -1.000000000000000000 ) ) ;
#2748 = EDGE_CURVE ( 'NONE', #314, #2522, #91, .T. ) ;
#2749 = DIRECTION ( 'NONE',  ( -0.000000000000000000, 0.000000000000000000, 1.000000000000000000 ) ) ;
#2750 = ORIENTED_EDGE ( 'NONE', *, *, #1380, .F. ) ;
#2751 = CIRCLE ( 'NONE', #2864, 0.9250000000000004885 ) ;
#2752 = EDGE_LOOP ( 'NONE', ( #2247, #2633, #954, #1472 ) ) ;
#2753 = EDGE_CURVE ( 'NONE', #1623, #3127, #902, .T. ) ;
#2754 = VERTEX_POINT ( 'NONE', #398 ) ;
#2755 = AXIS2_PLACEMENT_3D ( 'NONE', #3248, #1576, #1882 ) ;
#2756 = CARTESIAN_POINT ( 'NONE',  ( 0.000000000000000000, 0.000000000000000000, 0.000000000000000000 ) ) ;
#2757 = DIRECTION ( 'NONE',  ( 0.6427876096865378086, -0.7660444431189793457, 0.000000000000000000 ) ) ;
#2758 = DIRECTION ( 'NONE',  ( -0.000000000000000000, 0.000000000000000000, 1.000000000000000000 ) ) ;
#2759 = DIRECTION ( 'NONE',  ( 0.7660444431189791237, 0.6427876096865380307, 0.000000000000000000 ) ) ;
#2760 = DIRECTION ( 'NONE',  ( 1.000000000000000000, 0.000000000000000000, 0.000000000000000000 ) ) ;
#2761 = ORIENTED_EDGE ( 'NONE', *, *, #646, .F. ) ;
#2762 = ORIENTED_EDGE ( 'NONE', *, *, #3302, .F. ) ;
#2763 = CARTESIAN_POINT ( 'NONE',  ( -9.575000000000001066, -8.500000000000001776, 16.00000000000000000 ) ) ;
#2764 = DIRECTION ( 'NONE',  ( -0.000000000000000000, 0.7660444431189776804, 0.6427876096865396960 ) ) ;
#2765 = VECTOR ( 'NONE', #647, 1000.000000000000000 ) ;
#2766 = LINE ( 'NONE', #2485, #2196 ) ;
#2767 = ORIENTED_EDGE ( 'NONE', *, *, #1808, .F. ) ;
#2768 = AXIS2_PLACEMENT_3D ( 'NONE', #3320, #3071, #382 ) ;
#2769 = EDGE_LOOP ( 'NONE', ( #2492, #1379, #150, #945 ) ) ;
#2770 = EDGE_CURVE ( 'NONE', #2637, #3111, #117, .T. ) ;
#2771 = EDGE_CURVE ( 'NONE', #2319, #2996, #2537, .T. ) ;
#2772 = VECTOR ( 'NONE', #609, 1000.000000000000000 ) ;
#2773 = CARTESIAN_POINT ( 'NONE',  ( 0.000000000000000000, 0.000000000000000000, 17.05000000000000071 ) ) ;
#2774 = FACE_OUTER_BOUND ( 'NONE', #368, .T. ) ;
#2775 = DIRECTION ( 'NONE',  ( 0.000000000000000000, 0.000000000000000000, 1.000000000000000000 ) ) ;
#2776 = DIRECTION ( 'NONE',  ( 0.000000000000000000, 0.000000000000000000, 1.000000000000000000 ) ) ;
#2777 = ORIENTED_EDGE ( 'NONE', *, *, #634, .T. ) ;
#2778 = EDGE_LOOP ( 'NONE', ( #2082, #1167, #2289, #329 ) ) ;
#2779 = VERTEX_POINT ( 'NONE', #348 ) ;
#2780 = CARTESIAN_POINT ( 'NONE',  ( 0.000000000000000000, 0.000000000000000000, 16.00000000000000000 ) ) ;
#2781 = CARTESIAN_POINT ( 'NONE',  ( 12.35000000000022524, 0.000000000000000000, -15.58045018441135454 ) ) ;
#2782 = CIRCLE ( 'NONE', #3011, 11.00000000000000000 ) ;
#2783 = ADVANCED_FACE ( 'NONE', ( #1989 ), #3375, .F. ) ;
#2784 = AXIS2_PLACEMENT_3D ( 'NONE', #3196, #761, #1831 ) ;
#2785 = CARTESIAN_POINT ( 'NONE',  ( -6.999999999999802824, -1.978189201313621547E-13, 14.50000000000000000 ) ) ;
#2786 = ORIENTED_EDGE ( 'NONE', *, *, #1035, .T. ) ;
#2787 = LINE ( 'NONE', #2287, #2722 ) ;
#2788 = EDGE_LOOP ( 'NONE', ( #3378, #2216 ) ) ;
#2789 = ORIENTED_EDGE ( 'NONE', *, *, #1280, .F. ) ;
#2790 = EDGE_CURVE ( 'NONE', #563, #361, #102, .T. ) ;
#2791 = DIRECTION ( 'NONE',  ( -0.000000000000000000, -0.000000000000000000, -1.000000000000000000 ) ) ;
#2792 = PLANE ( 'NONE',  #2923 ) ;
#2793 = CARTESIAN_POINT ( 'NONE',  ( 12.35000000000022524, 0.000000000000000000, 14.50000000000000000 ) ) ;
#2794 = DIRECTION ( 'NONE',  ( 0.000000000000000000, -0.000000000000000000, 1.000000000000000000 ) ) ;
#2795 = AXIS2_PLACEMENT_3D ( 'NONE', #3271, #2678, #1060 ) ;
#2796 = ADVANCED_FACE ( 'NONE', ( #873 ), #2244, .T. ) ;
#2797 = CARTESIAN_POINT ( 'NONE',  ( 12.35000000000022524, -5.794609564069373775, 14.50000000000000000 ) ) ;
#2798 = ORIENTED_EDGE ( 'NONE', *, *, #2625, .F. ) ;
#2799 = VECTOR ( 'NONE', #2520, 1000.000000000000000 ) ;
#2800 = CARTESIAN_POINT ( 'NONE',  ( -11.42500000000000249, -8.500000000000001776, -16.00000000000000000 ) ) ;
#2801 = PLANE ( 'NONE',  #1824 ) ;
#2802 = DIRECTION ( 'NONE',  ( 0.000000000000000000, 0.000000000000000000, 1.000000000000000000 ) ) ;
#2803 = ORIENTED_EDGE ( 'NONE', *, *, #929, .T. ) ;
#2804 = ORIENTED_EDGE ( 'NONE', *, *, #1420, .T. ) ;
#2805 = CARTESIAN_POINT ( 'NONE',  ( -9.250000000000010658, -30.50000000000000000, -16.00000000000000000 ) ) ;
#2806 = ORIENTED_EDGE ( 'NONE', *, *, #2685, .F. ) ;
#2807 = ADVANCED_FACE ( 'NONE', ( #919 ), #2228, .T. ) ;
#2808 = EDGE_CURVE ( 'NONE', #362, #458, #1424, .T. ) ;
#2809 = AXIS2_PLACEMENT_3D ( 'NONE', #2218, #606, #3315 ) ;
#2810 = DIRECTION ( 'NONE',  ( 1.000000000000000000, 0.000000000000000000, 0.000000000000000000 ) ) ;
#2811 = EDGE_CURVE ( 'NONE', #586, #715, #544, .T. ) ;
#2812 = CARTESIAN_POINT ( 'NONE',  ( -12.34999999999977405, -35.10000000000000853, 14.50000000000000000 ) ) ;
#2813 = EDGE_LOOP ( 'NONE', ( #160, #1065 ) ) ;
#2814 = CARTESIAN_POINT ( 'NONE',  ( -4.949747468305776721, 4.949747468305693232, -17.64999999999999858 ) ) ;
#2815 = ORIENTED_EDGE ( 'NONE', *, *, #3269, .F. ) ;
#2816 =( NAMED_UNIT ( * ) SI_UNIT ( $, .STERADIAN. ) SOLID_ANGLE_UNIT ( ) );
#2817 = CARTESIAN_POINT ( 'NONE',  ( 9.249999999999989342, -7.891659903280832999, -8.445085958733402620 ) ) ;
#2818 = CARTESIAN_POINT ( 'NONE',  ( -7.674999999999803535, -1.977362564724197066E-13, -17.64999999999999858 ) ) ;
#2819 = ORIENTED_EDGE ( 'NONE', *, *, #1152, .T. ) ;
#2820 = AXIS2_PLACEMENT_3D ( 'NONE', #1231, #1756, #2021 ) ;
#2821 = ORIENTED_EDGE ( 'NONE', *, *, #1090, .F. ) ;
#2822 = CARTESIAN_POINT ( 'NONE',  ( -9.250000000000010658, 0.000000000000000000, -16.00000000000000000 ) ) ;
#2823 = ORIENTED_EDGE ( 'NONE', *, *, #2566, .F. ) ;
#2824 = VERTEX_POINT ( 'NONE', #3051 ) ;
#2825 = ADVANCED_FACE ( 'NONE', ( #3342 ), #2801, .T. ) ;
#2826 = AXIS2_PLACEMENT_3D ( 'NONE', #3206, #3345, #2468 ) ;
#2827 = DIRECTION ( 'NONE',  ( -0.000000000000000000, 0.000000000000000000, 1.000000000000000000 ) ) ;
#2828 = PRESENTATION_STYLE_ASSIGNMENT (( #3437 ) ) ;
#2829 = AXIS2_PLACEMENT_3D ( 'NONE', #691, #1491, #3399 ) ;
#2830 = ORIENTED_EDGE ( 'NONE', *, *, #1029, .T. ) ;
#2831 = CARTESIAN_POINT ( 'NONE',  ( 0.000000000000000000, 0.000000000000000000, 19.90000000000000213 ) ) ;
#2832 = ORIENTED_EDGE ( 'NONE', *, *, #134, .F. ) ;
#2833 = LINE ( 'NONE', #3420, #1515 ) ;
#2834 = LINE ( 'NONE', #169, #3182 ) ;
#2835 = LINE ( 'NONE', #2885, #3424 ) ;
#2836 = CARTESIAN_POINT ( 'NONE',  ( -9.349999999999772271, -5.794609564069373775, 16.00000000000000000 ) ) ;
#2837 = EDGE_CURVE ( 'NONE', #3167, #699, #977, .T. ) ;
#2838 = ORIENTED_EDGE ( 'NONE', *, *, #1578, .T. ) ;
#2839 = ORIENTED_EDGE ( 'NONE', *, *, #2282, .F. ) ;
#2840 = DIRECTION ( 'NONE',  ( 0.000000000000000000, -0.000000000000000000, -1.000000000000000000 ) ) ;
#2841 = ORIENTED_EDGE ( 'NONE', *, *, #328, .F. ) ;
#2842 = VECTOR ( 'NONE', #2705, 1000.000000000000000 ) ;
#2843 = ADVANCED_FACE ( 'NONE', ( #1960 ), #1443, .F. ) ;
#2844 = EDGE_LOOP ( 'NONE', ( #445, #1479 ) ) ;
#2845 = CARTESIAN_POINT ( 'NONE',  ( 5.624747468306169118, -4.949747468305694120, -14.50000000000000000 ) ) ;
#2846 = PLANE ( 'NONE',  #1859 ) ;
#2847 = EDGE_CURVE ( 'NONE', #2524, #887, #365, .T. ) ;
#2848 = EDGE_LOOP ( 'NONE', ( #2588, #2259 ) ) ;
#2849 = CARTESIAN_POINT ( 'NONE',  ( -11.42500000000000249, -29.50000000000000711, 11.00000000000000000 ) ) ;
#2850 = ADVANCED_FACE ( 'NONE', ( #3072 ), #1161, .F. ) ;
#2851 = CYLINDRICAL_SURFACE ( 'NONE', #2937, 0.9250000000000004885 ) ;
#2852 = CARTESIAN_POINT ( 'NONE',  ( 5.624747468305891118, 4.949747468305973008, -14.50000000000000000 ) ) ;
#2853 = AXIS2_PLACEMENT_3D ( 'NONE', #2662, #2130, #1584 ) ;
#2854 =( GEOMETRIC_REPRESENTATION_CONTEXT ( 3 ) GLOBAL_UNCERTAINTY_ASSIGNED_CONTEXT ( ( #1030 ) ) GLOBAL_UNIT_ASSIGNED_CONTEXT ( ( #3197, #2706, #2922 ) ) REPRESENTATION_CONTEXT ( 'NONE', 'WORKASPACE' ) );
#2855 = DIRECTION ( 'NONE',  ( 0.000000000000000000, 0.000000000000000000, -1.000000000000000000 ) ) ;
#2856 = ORIENTED_EDGE ( 'NONE', *, *, #35, .T. ) ;
#2857 = EDGE_LOOP ( 'NONE', ( #515, #937 ) ) ;
#2858 = CARTESIAN_POINT ( 'NONE',  ( 0.000000000000000000, 0.000000000000000000, 16.00000000000000000 ) ) ;
#2859 = ORIENTED_EDGE ( 'NONE', *, *, #2462, .T. ) ;
#2860 = CARTESIAN_POINT ( 'NONE',  ( 0.000000000000000000, 0.000000000000000000, 14.50000000000000000 ) ) ;
#2861 = ADVANCED_FACE ( 'NONE', ( #3389 ), #983, .T. ) ;
#2862 = ORIENTED_EDGE ( 'NONE', *, *, #2227, .T. ) ;
#2863 = CARTESIAN_POINT ( 'NONE',  ( -5.624747468305496767, -4.949747468305973008, 19.40000000000000213 ) ) ;
#2864 = AXIS2_PLACEMENT_3D ( 'NONE', #2420, #8, #795 ) ;
#2865 = DIRECTION ( 'NONE',  ( -0.000000000000000000, 0.000000000000000000, 1.000000000000000000 ) ) ;
#2866 = AXIS2_PLACEMENT_3D ( 'NONE', #3477, #2128, #763 ) ;
#2867 = CARTESIAN_POINT ( 'NONE',  ( 9.574999999999997513, -33.00000000000000000, -16.00000000000000000 ) ) ;
#2868 = CARTESIAN_POINT ( 'NONE',  ( -9.849999999999999645, 0.000000000000000000, 14.50000000000000000 ) ) ;
#2869 = AXIS2_PLACEMENT_3D ( 'NONE', #3396, #2601, #1909 ) ;
#2870 = CARTESIAN_POINT ( 'NONE',  ( -4.949747468305496945, -4.949747468305973008, -17.64999999999999858 ) ) ;
#2871 = ORIENTED_EDGE ( 'NONE', *, *, #872, .F. ) ;
#2872 = ORIENTED_EDGE ( 'NONE', *, *, #3310, .F. ) ;
#2873 = CARTESIAN_POINT ( 'NONE',  ( 10.49999999999999822, -8.500000000000001776, -11.00000000000000000 ) ) ;
#2874 = VERTEX_POINT ( 'NONE', #2575 ) ;
#2875 = FACE_OUTER_BOUND ( 'NONE', #3446, .T. ) ;
#2876 = ORIENTED_EDGE ( 'NONE', *, *, #346, .F. ) ;
#2877 = AXIS2_PLACEMENT_3D ( 'NONE', #2210, #3291, #2540 ) ;
#2878 = DIRECTION ( 'NONE',  ( 1.000000000000000000, 0.000000000000000000, 0.000000000000000000 ) ) ;
#2879 = EDGE_CURVE ( 'NONE', #1150, #450, #2835, .T. ) ;
#2880 = PLANE ( 'NONE',  #2829 ) ;
#2881 = MECHANICAL_DESIGN_GEOMETRIC_PRESENTATION_REPRESENTATION (  '', ( #2428 ), #1398 ) ;
#2882 = DIRECTION ( 'NONE',  ( -1.000000000000000000, 0.000000000000000000, -0.000000000000000000 ) ) ;
#2883 = DIRECTION ( 'NONE',  ( -0.000000000000000000, -0.000000000000000000, -1.000000000000000000 ) ) ;
#2884 = DIRECTION ( 'NONE',  ( 1.000000000000000000, 0.000000000000000000, 0.000000000000000000 ) ) ;
#2885 = CARTESIAN_POINT ( 'NONE',  ( 10.00000000000000178, -11.99999999999999822, -17.50000000000000000 ) ) ;
#2886 = CARTESIAN_POINT ( 'NONE',  ( -0.000000000000000000, -5.794609564069373775, -14.50000000000000000 ) ) ;
#2887 = VERTEX_POINT ( 'NONE', #170 ) ;
#2888 = CIRCLE ( 'NONE', #633, 0.9250000000000004885 ) ;
#2889 = CARTESIAN_POINT ( 'NONE',  ( 7.675000000000196998, 1.970443310309014063E-13, 19.40000000000000213 ) ) ;
#2890 = ORIENTED_EDGE ( 'NONE', *, *, #2790, .F. ) ;
#2891 = VECTOR ( 'NONE', #2899, 1000.000000000000000 ) ;
#2892 = ADVANCED_FACE ( 'NONE', ( #206 ), #746, .F. ) ;
#2893 = CARTESIAN_POINT ( 'NONE',  ( 0.000000000000000000, 0.000000000000000000, -18.19999999999999574 ) ) ;
#2894 = ADVANCED_FACE ( 'NONE', ( #3107 ), #3138, .F. ) ;
#2895 = VERTEX_POINT ( 'NONE', #2852 ) ;
#2896 = ORIENTED_EDGE ( 'NONE', *, *, #1070, .F. ) ;
#2897 = EDGE_LOOP ( 'NONE', ( #135, #3189, #3124, #215 ) ) ;
#2898 = AXIS2_PLACEMENT_3D ( 'NONE', #1310, #2072, #2418 ) ;
#2899 = DIRECTION ( 'NONE',  ( -0.000000000000000000, -0.000000000000000000, 1.000000000000000000 ) ) ;
#2900 = EDGE_CURVE ( 'NONE', #3022, #3127, #93, .T. ) ;
#2901 = DIRECTION ( 'NONE',  ( 0.000000000000000000, -0.000000000000000000, -1.000000000000000000 ) ) ;
#2902 = DIRECTION ( 'NONE',  ( -0.000000000000000000, 0.000000000000000000, 1.000000000000000000 ) ) ;
#2903 = DIRECTION ( 'NONE',  ( 0.000000000000000000, 0.000000000000000000, 1.000000000000000000 ) ) ;
#2904 = CARTESIAN_POINT ( 'NONE',  ( 0.000000000000000000, -11.99999999999999822, -17.50000000000000000 ) ) ;
#2905 = EDGE_CURVE ( 'NONE', #334, #2949, #1234, .T. ) ;
#2906 = CARTESIAN_POINT ( 'NONE',  ( 4.949747468305890408, 4.949747468305973008, 14.50000000000000000 ) ) ;
#2907 = DIRECTION ( 'NONE',  ( -0.000000000000000000, 0.000000000000000000, 1.000000000000000000 ) ) ;
#2908 = CARTESIAN_POINT ( 'NONE',  ( 10.67180073764566295, 10.09999999999999964, -14.50000000000000000 ) ) ;
#2909 = VERTEX_POINT ( 'NONE', #1368 ) ;
#2910 = VECTOR ( 'NONE', #519, 1000.000000000000000 ) ;
#2911 = VECTOR ( 'NONE', #1182, 1000.000000000000000 ) ;
#2912 = DIRECTION ( 'NONE',  ( -1.000000000000000000, 0.000000000000000000, 0.000000000000000000 ) ) ;
#2913 = ORIENTED_EDGE ( 'NONE', *, *, #356, .T. ) ;
#2914 = ADVANCED_FACE ( 'NONE', ( #1317 ), #2405, .F. ) ;
#2915 = ORIENTED_EDGE ( 'NONE', *, *, #2415, .T. ) ;
#2916 = ORIENTED_EDGE ( 'NONE', *, *, #2323, .T. ) ;
#2917 = CARTESIAN_POINT ( 'NONE',  ( -10.50000000000000178, -8.500000000000001776, -11.00000000000000000 ) ) ;
#2918 = FACE_BOUND ( 'NONE', #1825, .T. ) ;
#2919 = SURFACE_STYLE_USAGE ( .BOTH. , #1829 ) ;
#2920 = CARTESIAN_POINT ( 'NONE',  ( 4.949747468305890408, 4.949747468305973008, 19.40000000000000213 ) ) ;
#2921 = DIRECTION ( 'NONE',  ( 9.776865389989693819E-17, 1.000000000000000000, -0.000000000000000000 ) ) ;
#2922 =( NAMED_UNIT ( * ) SI_UNIT ( $, .STERADIAN. ) SOLID_ANGLE_UNIT ( ) );
#2923 = AXIS2_PLACEMENT_3D ( 'NONE', #1983, #3082, #1834 ) ;
#2924 = CARTESIAN_POINT ( 'NONE',  ( 0.000000000000000000, 0.000000000000000000, 14.50000000000000000 ) ) ;
#2925 = CARTESIAN_POINT ( 'NONE',  ( 12.35000000000022524, -5.794609564069373775, 16.00000000000000000 ) ) ;
#2926 = DIRECTION ( 'NONE',  ( 1.000000000000000000, 0.000000000000000000, 0.000000000000000000 ) ) ;
#2927 = ORIENTED_EDGE ( 'NONE', *, *, #1521, .T. ) ;
#2928 = ADVANCED_FACE ( 'NONE', ( #2461 ), #2691, .F. ) ;
#2929 = DIRECTION ( 'NONE',  ( 1.000000000000000000, 0.000000000000000000, 0.000000000000000000 ) ) ;
#2930 = ORIENTED_EDGE ( 'NONE', *, *, #1569, .T. ) ;
#2931 = ORIENTED_EDGE ( 'NONE', *, *, #198, .T. ) ;
#2932 = ORIENTED_EDGE ( 'NONE', *, *, #2413, .F. ) ;
#2933 = CARTESIAN_POINT ( 'NONE',  ( -6.999999999999802824, -1.978189201313621547E-13, -17.64999999999999858 ) ) ;
#2934 = DIRECTION ( 'NONE',  ( 0.000000000000000000, -0.000000000000000000, -1.000000000000000000 ) ) ;
#2935 = AXIS2_PLACEMENT_3D ( 'NONE', #1079, #3478, #32 ) ;
#2936 = EDGE_CURVE ( 'NONE', #1772, #3057, #1332, .T. ) ;
#2937 = AXIS2_PLACEMENT_3D ( 'NONE', #168, #3403, #1198 ) ;
#2938 = CARTESIAN_POINT ( 'NONE',  ( 4.949747468306169296, -4.949747468305694120, -17.64999999999999858 ) ) ;
#2939 = CARTESIAN_POINT ( 'NONE',  ( 3.875000000000000000, 4.745506346695993894E-16, 19.90000000000000213 ) ) ;
#2940 = CARTESIAN_POINT ( 'NONE',  ( -6.324999999999803002, -1.977362564724197066E-13, 19.40000000000000213 ) ) ;
#2941 = FACE_OUTER_BOUND ( 'NONE', #3411, .T. ) ;
#2942 = CARTESIAN_POINT ( 'NONE',  ( 9.249999999999989342, -30.50000000000000000, -17.85000000000000142 ) ) ;
#2943 = DIRECTION ( 'NONE',  ( -0.6427876096865440259, 0.000000000000000000, 0.7660444431189741277 ) ) ;
#2944 = CIRCLE ( 'NONE', #3349, 0.9250000000000004885 ) ;
#2945 = EDGE_CURVE ( 'NONE', #859, #245, #1613, .T. ) ;
#2946 = DIRECTION ( 'NONE',  ( 0.6427876096865428046, 0.000000000000000000, -0.7660444431189751269 ) ) ;
#2947 = ORIENTED_EDGE ( 'NONE', *, *, #1268, .F. ) ;
#2948 = EDGE_CURVE ( 'NONE', #231, #1306, #2147, .T. ) ;
#2949 = VERTEX_POINT ( 'NONE', #2387 ) ;
#2950 = DIRECTION ( 'NONE',  ( -0.000000000000000000, 0.000000000000000000, 1.000000000000000000 ) ) ;
#2951 = VECTOR ( 'NONE', #324, 1000.000000000000000 ) ;
#2952 = CARTESIAN_POINT ( 'NONE',  ( -4.949747468305776721, 4.949747468305693232, -14.50000000000000000 ) ) ;
#2953 = VECTOR ( 'NONE', #878, 1000.000000000000000 ) ;
#2954 = DIRECTION ( 'NONE',  ( -0.000000000000000000, -0.000000000000000000, 1.000000000000000000 ) ) ;
#2955 = CARTESIAN_POINT ( 'NONE',  ( -10.50000000000000178, -8.500000000000001776, 11.00000000000000000 ) ) ;
#2956 = LINE ( 'NONE', #1088, #1855 ) ;
#2957 = CARTESIAN_POINT ( 'NONE',  ( 10.49999999999999822, -8.500000000000001776, -11.00000000000000000 ) ) ;
#2958 = EDGE_LOOP ( 'NONE', ( #3379, #517, #778, #1387, #2915 ) ) ;
#2959 = ADVANCED_FACE ( 'NONE', ( #1089, #3493 ), #3476, .F. ) ;
#2960 = DIRECTION ( 'NONE',  ( 1.000000000000000000, 0.000000000000000000, 0.000000000000000000 ) ) ;
#2961 = CARTESIAN_POINT ( 'NONE',  ( -7.000000000000002665, -8.485281374238565988, 17.05000000000000071 ) ) ;
#2962 = CARTESIAN_POINT ( 'NONE',  ( 3.939233347439179164E-13, -7.000000000000000000, -17.64999999999999858 ) ) ;
#2963 = ORIENTED_EDGE ( 'NONE', *, *, #2732, .F. ) ;
#2964 = DIRECTION ( 'NONE',  ( 0.000000000000000000, 0.000000000000000000, -1.000000000000000000 ) ) ;
#2965 = ORIENTED_EDGE ( 'NONE', *, *, #1173, .F. ) ;
#2966 = AXIS2_PLACEMENT_3D ( 'NONE', #2482, #70, #1130 ) ;
#2967 = ORIENTED_EDGE ( 'NONE', *, *, #844, .F. ) ;
#2968 = AXIS2_PLACEMENT_3D ( 'NONE', #1814, #1496, #488 ) ;
#2969 = ORIENTED_EDGE ( 'NONE', *, *, #2258, .F. ) ;
#2970 = DIRECTION ( 'NONE',  ( -0.000000000000000000, -0.000000000000000000, -1.000000000000000000 ) ) ;
#2971 = CARTESIAN_POINT ( 'NONE',  ( -10.50000000000000178, -8.500000000000001776, 11.00000000000000000 ) ) ;
#2972 = CARTESIAN_POINT ( 'NONE',  ( 6.325000000000196465, 1.970443310309014063E-13, -17.64999999999999858 ) ) ;
#2973 = CARTESIAN_POINT ( 'NONE',  ( -6.999999999999802824, -1.978189201313621547E-13, -14.50000000000000000 ) ) ;
#2974 = DIRECTION ( 'NONE',  ( 1.000000000000000000, 0.000000000000000000, 0.000000000000000000 ) ) ;
#2975 = CARTESIAN_POINT ( 'NONE',  ( -7.674999999999803535, -1.978189201313621547E-13, 19.40000000000000213 ) ) ;
#2976 = ORIENTED_EDGE ( 'NONE', *, *, #941, .T. ) ;
#2977 = CARTESIAN_POINT ( 'NONE',  ( -9.349999999999772271, -5.794609564069373775, -16.00000000000000000 ) ) ;
#2978 = DIRECTION ( 'NONE',  ( 0.000000000000000000, 0.000000000000000000, 1.000000000000000000 ) ) ;
#2979 = CARTESIAN_POINT ( 'NONE',  ( 0.000000000000000000, 0.000000000000000000, -17.64999999999999858 ) ) ;
#2980 = VECTOR ( 'NONE', #2110, 1000.000000000000000 ) ;
#2981 = ORIENTED_EDGE ( 'NONE', *, *, #908, .T. ) ;
#2982 = AXIS2_PLACEMENT_3D ( 'NONE', #539, #238, #2690 ) ;
#2983 = CYLINDRICAL_SURFACE ( 'NONE', #1625, 0.9250000000000004885 ) ;
#2984 = VERTEX_POINT ( 'NONE', #1903 ) ;
#2985 = ORIENTED_EDGE ( 'NONE', *, *, #844, .T. ) ;
#2986 = CARTESIAN_POINT ( 'NONE',  ( -7.674999999999803535, -1.977362564724197066E-13, -14.50000000000000000 ) ) ;
#2987 = PLANE ( 'NONE',  #2493 ) ;
#2988 = EDGE_CURVE ( 'NONE', #429, #1994, #2256, .T. ) ;
#2989 = DIRECTION ( 'NONE',  ( -0.000000000000000000, -0.000000000000000000, -1.000000000000000000 ) ) ;
#2990 = AXIS2_PLACEMENT_3D ( 'NONE', #2814, #1478, #2607 ) ;
#2991 = PLANE ( 'NONE',  #3151 ) ;
#2992 = LINE ( 'NONE', #1632, #1247 ) ;
#2993 = FACE_OUTER_BOUND ( 'NONE', #335, .T. ) ;
#2994 = ORIENTED_EDGE ( 'NONE', *, *, #2748, .F. ) ;
#2995 = VECTOR ( 'NONE', #171, 1000.000000000000000 ) ;
#2996 = VERTEX_POINT ( 'NONE', #3216 ) ;
#2997 = LINE ( 'NONE', #644, #344 ) ;
#2998 = DIRECTION ( 'NONE',  ( 0.7660444431189789016, -0.000000000000000000, 0.6427876096865383637 ) ) ;
#2999 = VERTEX_POINT ( 'NONE', #2975 ) ;
#3000 = AXIS2_PLACEMENT_3D ( 'NONE', #1978, #2521, #1131 ) ;
#3001 = CARTESIAN_POINT ( 'NONE',  ( -6.999999999999802824, -1.978189201313621547E-13, -17.64999999999999858 ) ) ;
#3002 = ORIENTED_EDGE ( 'NONE', *, *, #1856, .T. ) ;
#3003 = AXIS2_PLACEMENT_3D ( 'NONE', #3228, #1828, #2401 ) ;
#3004 = EDGE_CURVE ( 'NONE', #2281, #2500, #3457, .T. ) ;
#3005 = AXIS2_PLACEMENT_3D ( 'NONE', #279, #1840, #3498 ) ;
#3006 = ORIENTED_EDGE ( 'NONE', *, *, #268, .T. ) ;
#3007 = CIRCLE ( 'NONE', #2559, 11.00000000000000000 ) ;
#3008 = VERTEX_POINT ( 'NONE', #2940 ) ;
#3009 = APPLICATION_PROTOCOL_DEFINITION ( 'draft international standard', 'automotive_design', 1998, #1872 ) ;
#3010 = CARTESIAN_POINT ( 'NONE',  ( 0.000000000000000000, 0.000000000000000000, -18.19999999999999574 ) ) ;
#3011 = AXIS2_PLACEMENT_3D ( 'NONE', #2773, #1881, #2723 ) ;
#3012 = DIRECTION ( 'NONE',  ( 0.000000000000000000, 0.000000000000000000, 1.000000000000000000 ) ) ;
#3013 = DIRECTION ( 'NONE',  ( -0.000000000000000000, 0.000000000000000000, 1.000000000000000000 ) ) ;
#3014 = FACE_OUTER_BOUND ( 'NONE', #2597, .T. ) ;
#3015 = ORIENTED_EDGE ( 'NONE', *, *, #2213, .T. ) ;
#3016 = VECTOR ( 'NONE', #2509, 1000.000000000000000 ) ;
#3017 = EDGE_LOOP ( 'NONE', ( #849, #1132, #1189, #622 ) ) ;
#3018 = CARTESIAN_POINT ( 'NONE',  ( 12.35000000000022524, -5.794609564069373775, -14.49999999999999822 ) ) ;
#3019 = EDGE_CURVE ( 'NONE', #1748, #152, #2726, .T. ) ;
#3020 = CARTESIAN_POINT ( 'NONE',  ( -5.624747468305777431, 4.949747468305693232, 19.40000000000000213 ) ) ;
#3021 = CARTESIAN_POINT ( 'NONE',  ( -12.34999999999977405, 0.000000000000000000, 14.50000000000000000 ) ) ;
#3022 = VERTEX_POINT ( 'NONE', #1349 ) ;
#3023 = EDGE_LOOP ( 'NONE', ( #1421, #533, #2859, #1690 ) ) ;
#3024 = ORIENTED_EDGE ( 'NONE', *, *, #2190, .F. ) ;
#3025 = VECTOR ( 'NONE', #1566, 1000.000000000000000 ) ;
#3026 = DIRECTION ( 'NONE',  ( -0.000000000000000000, -0.000000000000000000, -1.000000000000000000 ) ) ;
#3027 = DIRECTION ( 'NONE',  ( -0.000000000000000000, -0.000000000000000000, -1.000000000000000000 ) ) ;
#3028 = FACE_OUTER_BOUND ( 'NONE', #1874, .T. ) ;
#3029 = DIRECTION ( 'NONE',  ( 1.000000000000000000, 0.000000000000000000, 0.000000000000000000 ) ) ;
#3030 = ORIENTED_EDGE ( 'NONE', *, *, #3406, .F. ) ;
#3031 = ORIENTED_EDGE ( 'NONE', *, *, #296, .F. ) ;
#3032 = DIRECTION ( 'NONE',  ( 1.000000000000000000, 0.000000000000000000, 0.000000000000000000 ) ) ;
#3033 = ADVANCED_FACE ( 'NONE', ( #2993 ), #2444, .F. ) ;
#3034 = CARTESIAN_POINT ( 'NONE',  ( 4.949747468306169296, -4.949747468305694120, 14.50000000000000000 ) ) ;
#3035 = CARTESIAN_POINT ( 'NONE',  ( -6.324999999999803002, -1.977362564724197066E-13, 19.40000000000000213 ) ) ;
#3036 = EDGE_CURVE ( 'NONE', #1751, #1028, #341, .T. ) ;
#3037 = EDGE_LOOP ( 'NONE', ( #84, #2767, #561, #2249 ) ) ;
#3038 = CIRCLE ( 'NONE', #2410, 0.6750000000000000444 ) ;
#3039 = EDGE_LOOP ( 'NONE', ( #1465, #123, #3104, #2134 ) ) ;
#3040 = ORIENTED_EDGE ( 'NONE', *, *, #3472, .T. ) ;
#3041 = AXIS2_PLACEMENT_3D ( 'NONE', #491, #1564, #1551 ) ;
#3042 = LINE ( 'NONE', #3296, #1259 ) ;
#3043 = LINE ( 'NONE', #1685, #2350 ) ;
#3044 = LINE ( 'NONE', #3064, #804 ) ;
#3045 = FACE_OUTER_BOUND ( 'NONE', #2158, .T. ) ;
#3046 = EDGE_CURVE ( 'NONE', #853, #2435, #1719, .T. ) ;
#3047 = ORIENTED_EDGE ( 'NONE', *, *, #239, .F. ) ;
#3048 = ORIENTED_EDGE ( 'NONE', *, *, #3461, .F. ) ;
#3049 = EDGE_LOOP ( 'NONE', ( #2114, #2786, #1, #673 ) ) ;
#3050 = CARTESIAN_POINT ( 'NONE',  ( 9.574999999999999289, -8.500000000000001776, 11.00000000000000000 ) ) ;
#3051 = CARTESIAN_POINT ( 'NONE',  ( 0.6750000000000000444, 7.000000000000000000, -14.50000000000000000 ) ) ;
#3052 = CIRCLE ( 'NONE', #948, 0.6750000000000002665 ) ;
#3053 = CARTESIAN_POINT ( 'NONE',  ( 0.000000000000000000, 0.000000000000000000, -14.50000000000000000 ) ) ;
#3054 = VERTEX_POINT ( 'NONE', #97 ) ;
#3055 = LINE ( 'NONE', #1896, #3190 ) ;
#3056 = AXIS2_PLACEMENT_3D ( 'NONE', #676, #2330, #3356 ) ;
#3057 = VERTEX_POINT ( 'NONE', #394 ) ;
#3058 = EDGE_CURVE ( 'NONE', #2061, #3149, #327, .T. ) ;
#3059 = ADVANCED_FACE ( 'NONE', ( #1385 ), #1653, .F. ) ;
#3060 = VECTOR ( 'NONE', #1579, 1000.000000000000000 ) ;
#3061 = CARTESIAN_POINT ( 'NONE',  ( -3.875000000000000000, 0.000000000000000000, 19.90000000000000213 ) ) ;
#3062 = AXIS2_PLACEMENT_3D ( 'NONE', #998, #694, #2008 ) ;
#3063 = CARTESIAN_POINT ( 'NONE',  ( 9.349999999999772271, -5.794609564069373775, -14.50000000000000000 ) ) ;
#3064 = CARTESIAN_POINT ( 'NONE',  ( 0.6750000000000000444, 7.000000000000000000, -17.64999999999999858 ) ) ;
#3065 = AXIS2_PLACEMENT_3D ( 'NONE', #1964, #2012, #923 ) ;
#3066 = DIRECTION ( 'NONE',  ( 0.000000000000000000, 0.000000000000000000, 1.000000000000000000 ) ) ;
#3067 = ORIENTED_EDGE ( 'NONE', *, *, #1164, .F. ) ;
#3068 = CARTESIAN_POINT ( 'NONE',  ( -5.624747468305496767, -4.949747468305973008, -17.64999999999999858 ) ) ;
#3069 = EDGE_CURVE ( 'NONE', #3276, #1679, #1745, .T. ) ;
#3070 = ORIENTED_EDGE ( 'NONE', *, *, #2649, .F. ) ;
#3071 = DIRECTION ( 'NONE',  ( -0.000000000000000000, 0.000000000000000000, 1.000000000000000000 ) ) ;
#3072 = FACE_OUTER_BOUND ( 'NONE', #683, .T. ) ;
#3073 = EDGE_CURVE ( 'NONE', #1637, #1133, #3317, .T. ) ;
#3074 = CIRCLE ( 'NONE', #1414, 9.849999999999999645 ) ;
#3075 = CARTESIAN_POINT ( 'NONE',  ( 9.575000000000001066, -29.50000000000000711, 11.00000000000000000 ) ) ;
#3076 = ORIENTED_EDGE ( 'NONE', *, *, #2090, .T. ) ;
#3077 = VERTEX_POINT ( 'NONE', #1174 ) ;
#3078 = LINE ( 'NONE', #650, #1352 ) ;
#3079 = ORIENTED_EDGE ( 'NONE', *, *, #165, .T. ) ;
#3080 = EDGE_CURVE ( 'NONE', #3243, #2469, #848, .T. ) ;
#3081 = EDGE_CURVE ( 'NONE', #1717, #1503, #1923, .T. ) ;
#3082 = DIRECTION ( 'NONE',  ( -0.000000000000000000, 0.000000000000000000, 1.000000000000000000 ) ) ;
#3083 = DIRECTION ( 'NONE',  ( 1.000000000000000000, 0.000000000000000000, 0.000000000000000000 ) ) ;
#3084 = CARTESIAN_POINT ( 'NONE',  ( 0.000000000000000000, -35.10000000000000853, 14.50000000000000000 ) ) ;
#3085 = ORIENTED_EDGE ( 'NONE', *, *, #669, .T. ) ;
#3086 = VECTOR ( 'NONE', #2943, 999.9999999999998863 ) ;
#3087 = FACE_OUTER_BOUND ( 'NONE', #768, .T. ) ;
#3088 = EDGE_LOOP ( 'NONE', ( #2450, #303, #1324, #2804 ) ) ;
#3089 = DIRECTION ( 'NONE',  ( 1.000000000000000000, 0.000000000000000000, 0.000000000000000000 ) ) ;
#3090 = DIRECTION ( 'NONE',  ( -0.000000000000000000, -0.000000000000000000, -1.000000000000000000 ) ) ;
#3091 = DIRECTION ( 'NONE',  ( 1.000000000000000000, 0.000000000000000000, 0.000000000000000000 ) ) ;
#3092 = EDGE_LOOP ( 'NONE', ( #73, #3362, #2044, #37, #2516 ) ) ;
#3093 = EDGE_LOOP ( 'NONE', ( #2841, #3268, #1100, #787 ) ) ;
#3094 = PLANE ( 'NONE',  #1017 ) ;
#3095 = ORIENTED_EDGE ( 'NONE', *, *, #1280, .T. ) ;
#3096 = ADVANCED_FACE ( 'NONE', ( #3045 ), #3299, .F. ) ;
#3097 = AXIS2_PLACEMENT_3D ( 'NONE', #1741, #2883, #437 ) ;
#3098 = ORIENTED_EDGE ( 'NONE', *, *, #2753, .F. ) ;
#3099 = CYLINDRICAL_SURFACE ( 'NONE', #1193, 0.9250000000000004885 ) ;
#3100 = LINE ( 'NONE', #1260, #2552 ) ;
#3101 = EDGE_LOOP ( 'NONE', ( #385, #2832 ) ) ;
#3102 = EDGE_CURVE ( 'NONE', #2779, #30, #2239, .T. ) ;
#3103 = CARTESIAN_POINT ( 'NONE',  ( 10.49999999999999822, -8.500000000000001776, -11.00000000000000000 ) ) ;
#3104 = ORIENTED_EDGE ( 'NONE', *, *, #2771, .T. ) ;
#3105 = DIRECTION ( 'NONE',  ( 0.000000000000000000, -0.000000000000000000, -1.000000000000000000 ) ) ;
#3106 = CARTESIAN_POINT ( 'NONE',  ( 0.000000000000000000, 0.000000000000000000, 19.40000000000000213 ) ) ;
#3107 = FACE_OUTER_BOUND ( 'NONE', #2613, .T. ) ;
#3108 = ADVANCED_FACE ( 'NONE', ( #3014 ), #594, .F. ) ;
#3109 = DIRECTION ( 'NONE',  ( -0.000000000000000000, 0.000000000000000000, 1.000000000000000000 ) ) ;
#3110 = ORIENTED_EDGE ( 'NONE', *, *, #2808, .F. ) ;
#3111 = VERTEX_POINT ( 'NONE', #64 ) ;
#3112 = CARTESIAN_POINT ( 'NONE',  ( 0.000000000000000000, 0.000000000000000000, -14.49999999999999822 ) ) ;
#3113 = ORIENTED_EDGE ( 'NONE', *, *, #2379, .T. ) ;
#3114 = PRODUCT_DEFINITION ( 'UNKNOWN', '', #1016, #783 ) ;
#3115 = ORIENTED_EDGE ( 'NONE', *, *, #2126, .F. ) ;
#3116 = CIRCLE ( 'NONE', #1181, 0.9250000000000004885 ) ;
#3117 = DIRECTION ( 'NONE',  ( -0.000000000000000000, 0.000000000000000000, 1.000000000000000000 ) ) ;
#3118 = CARTESIAN_POINT ( 'NONE',  ( 4.274747468305890585, 4.949747468305973008, -17.64999999999999858 ) ) ;
#3119 = STYLED_ITEM ( 'NONE', ( #2828 ), #3209 ) ;
#3120 = CARTESIAN_POINT ( 'NONE',  ( 9.574999999999999289, -8.500000000000001776, 11.00000000000000000 ) ) ;
#3121 = FACE_OUTER_BOUND ( 'NONE', #2958, .T. ) ;
#3122 = CARTESIAN_POINT ( 'NONE',  ( -9.250000000000010658, -17.00000000000000000, -16.00000000000000000 ) ) ;
#3123 = ORIENTED_EDGE ( 'NONE', *, *, #1934, .T. ) ;
#3124 = ORIENTED_EDGE ( 'NONE', *, *, #1066, .T. ) ;
#3125 = AXIS2_PLACEMENT_3D ( 'NONE', #1667, #2989, #2181 ) ;
#3126 = PLANE ( 'NONE',  #762 ) ;
#3127 = VERTEX_POINT ( 'NONE', #1124 ) ;
#3128 = VECTOR ( 'NONE', #516, 1000.000000000000000 ) ;
#3129 = DIRECTION ( 'NONE',  ( 1.000000000000000000, 0.000000000000000000, 0.000000000000000000 ) ) ;
#3130 = ORIENTED_EDGE ( 'NONE', *, *, #439, .F. ) ;
#3131 = DIRECTION ( 'NONE',  ( 1.000000000000000000, 0.000000000000000000, 0.000000000000000000 ) ) ;
#3132 = CARTESIAN_POINT ( 'NONE',  ( 7.000000000000197176, 1.969616673719589582E-13, -17.64999999999999858 ) ) ;
#3133 = ORIENTED_EDGE ( 'NONE', *, *, #964, .T. ) ;
#3134 = DIRECTION ( 'NONE',  ( -1.000000000000000000, 0.000000000000000000, 0.000000000000000000 ) ) ;
#3135 = LINE ( 'NONE', #2312, #1624 ) ;
#3136 = CARTESIAN_POINT ( 'NONE',  ( -9.250000000000010658, 0.000000000000000000, -17.85000000000000142 ) ) ;
#3137 = CIRCLE ( 'NONE', #1425, 0.6750000000000002665 ) ;
#3138 = CYLINDRICAL_SURFACE ( 'NONE', #1598, 0.6750000000000002665 ) ;
#3139 = CIRCLE ( 'NONE', #2853, 9.849999999999999645 ) ;
#3140 = VECTOR ( 'NONE', #2912, 1000.000000000000000 ) ;
#3141 = AXIS2_PLACEMENT_3D ( 'NONE', #1709, #1744, #695 ) ;
#3142 = LINE ( 'NONE', #1249, #1620 ) ;
#3143 = ORIENTED_EDGE ( 'NONE', *, *, #941, .F. ) ;
#3144 = ORIENTED_EDGE ( 'NONE', *, *, #1136, .T. ) ;
#3145 = CARTESIAN_POINT ( 'NONE',  ( -9.574999999999999289, -33.00000000000000000, -16.00000000000000000 ) ) ;
#3146 = EDGE_LOOP ( 'NONE', ( #899, #172, #3085, #1949 ) ) ;
#3147 = EDGE_CURVE ( 'NONE', #2500, #2281, #687, .T. ) ;
#3148 = CARTESIAN_POINT ( 'NONE',  ( 0.000000000000000000, -35.10000000000000853, -16.00000000000000000 ) ) ;
#3149 = VERTEX_POINT ( 'NONE', #377 ) ;
#3150 = CARTESIAN_POINT ( 'NONE',  ( 0.000000000000000000, 0.000000000000000000, 19.40000000000000213 ) ) ;
#3151 = AXIS2_PLACEMENT_3D ( 'NONE', #2237, #1138, #2182 ) ;
#3152 = CARTESIAN_POINT ( 'NONE',  ( -6.324999999999803002, -1.978189201313621547E-13, -14.50000000000000000 ) ) ;
#3153 = AXIS2_PLACEMENT_3D ( 'NONE', #2924, #1301, #1581 ) ;
#3154 = LINE ( 'NONE', #996, #1823 ) ;
#3155 = DIRECTION ( 'NONE',  ( 1.000000000000000000, 0.000000000000000000, 0.000000000000000000 ) ) ;
#3156 = EDGE_CURVE ( 'NONE', #1318, #2636, #2944, .T. ) ;
#3157 = FILL_AREA_STYLE_COLOUR ( '', #2341 ) ;
#3158 = DIRECTION ( 'NONE',  ( 1.000000000000000000, 0.000000000000000000, 0.000000000000000000 ) ) ;
#3159 = ORIENTED_EDGE ( 'NONE', *, *, #2462, .F. ) ;
#3160 = ORIENTED_EDGE ( 'NONE', *, *, #2625, .T. ) ;
#3161 = DIRECTION ( 'NONE',  ( 0.000000000000000000, 0.000000000000000000, 1.000000000000000000 ) ) ;
#3162 = EDGE_LOOP ( 'NONE', ( #803, #40, #986, #921 ) ) ;
#3163 = DIRECTION ( 'NONE',  ( -0.000000000000000000, -0.000000000000000000, -1.000000000000000000 ) ) ;
#3164 = EDGE_CURVE ( 'NONE', #3111, #2070, #3178, .T. ) ;
#3165 = ORIENTED_EDGE ( 'NONE', *, *, #1934, .F. ) ;
#3166 = CIRCLE ( 'NONE', #118, 3.875000000000000000 ) ;
#3167 = VERTEX_POINT ( 'NONE', #1939 ) ;
#3168 = ORIENTED_EDGE ( 'NONE', *, *, #2090, .F. ) ;
#3169 = EDGE_CURVE ( 'NONE', #1064, #1306, #182, .T. ) ;
#3170 = CARTESIAN_POINT ( 'NONE',  ( 10.49999999999999822, -33.00000000000000000, -16.00000000000000000 ) ) ;
#3171 = DIRECTION ( 'NONE',  ( 1.000000000000000000, 0.000000000000000000, 0.000000000000000000 ) ) ;
#3172 = VECTOR ( 'NONE', #2226, 1000.000000000000000 ) ;
#3173 = AXIS2_PLACEMENT_3D ( 'NONE', #301, #1097, #3224 ) ;
#3174 = CARTESIAN_POINT ( 'NONE',  ( 1.375000000000000000, 0.000000000000000000, 19.90000000000000213 ) ) ;
#3175 = AXIS2_PLACEMENT_3D ( 'NONE', #1970, #2184, #879 ) ;
#3176 = CARTESIAN_POINT ( 'NONE',  ( 0.000000000000000000, 7.000000000000000000, 19.40000000000000213 ) ) ;
#3177 =( LENGTH_UNIT ( ) NAMED_UNIT ( * ) SI_UNIT ( .MILLI., .METRE. ) );
#3178 = CIRCLE ( 'NONE', #409, 0.6750000000000002665 ) ;
#3179 = ADVANCED_FACE ( 'NONE', ( #914 ), #1140, .F. ) ;
#3180 = CARTESIAN_POINT ( 'NONE',  ( 7.000000000000002665, -8.485281374238565988, 17.05000000000000071 ) ) ;
#3181 = LINE ( 'NONE', #1582, #1912 ) ;
#3182 = VECTOR ( 'NONE', #2076, 1000.000000000000000 ) ;
#3183 = DIRECTION ( 'NONE',  ( -0.000000000000000000, 0.000000000000000000, 1.000000000000000000 ) ) ;
#3184 = ORIENTED_EDGE ( 'NONE', *, *, #266, .T. ) ;
#3185 = ADVANCED_FACE ( 'NONE', ( #2277 ), #166, .F. ) ;
#3186 = CARTESIAN_POINT ( 'NONE',  ( -5.624747468305496767, -4.949747468305973008, -14.50000000000000000 ) ) ;
#3187 = AXIS2_PLACEMENT_3D ( 'NONE', #96, #2759, #575 ) ;
#3188 = VERTEX_POINT ( 'NONE', #1792 ) ;
#3189 = ORIENTED_EDGE ( 'NONE', *, *, #2332, .T. ) ;
#3190 = VECTOR ( 'NONE', #630, 1000.000000000000000 ) ;
#3191 = LINE ( 'NONE', #2089, #2439 ) ;
#3192 = FACE_OUTER_BOUND ( 'NONE', #2813, .T. ) ;
#3193 = EDGE_CURVE ( 'NONE', #1914, #2378, #3100, .T. ) ;
#3194 = LINE ( 'NONE', #1812, #652 ) ;
#3195 = DIRECTION ( 'NONE',  ( -0.000000000000000000, 0.000000000000000000, 1.000000000000000000 ) ) ;
#3196 = CARTESIAN_POINT ( 'NONE',  ( 0.000000000000000000, 0.000000000000000000, 19.90000000000000213 ) ) ;
#3197 =( LENGTH_UNIT ( ) NAMED_UNIT ( * ) SI_UNIT ( .MILLI., .METRE. ) );
#3198 = FACE_OUTER_BOUND ( 'NONE', #3294, .T. ) ;
#3199 = AXIS2_PLACEMENT_3D ( 'NONE', #2979, #2711, #297 ) ;
#3200 = CARTESIAN_POINT ( 'NONE',  ( 0.000000000000000000, -5.794609564069373775, 16.00000000000000000 ) ) ;
#3201 = DIRECTION ( 'NONE',  ( 1.000000000000000000, 0.000000000000000000, 0.000000000000000000 ) ) ;
#3202 = ORIENTED_EDGE ( 'NONE', *, *, #2837, .F. ) ;
#3203 = COLOUR_RGB ( '',1.000000000000000000, 1.000000000000000000, 1.000000000000000000 ) ;
#3204 = AXIS2_PLACEMENT_3D ( 'NONE', #2390, #3254, #3479 ) ;
#3205 = UNCERTAINTY_MEASURE_WITH_UNIT (LENGTH_MEASURE( 1.000000000000000082E-05 ), #2573, 'distance_accuracy_value', 'NONE');
#3206 = CARTESIAN_POINT ( 'NONE',  ( 3.939233347439179164E-13, -7.000000000000000000, -17.64999999999999858 ) ) ;
#3207 = EDGE_CURVE ( 'NONE', #2715, #2535, #672, .T. ) ;
#3208 = VERTEX_POINT ( 'NONE', #1811 ) ;
#3209 = MANIFOLD_SOLID_BREP ( 'Cut-Extrude3', #1791 ) ;
#3210 = DIRECTION ( 'NONE',  ( 1.000000000000000000, 0.000000000000000000, 0.000000000000000000 ) ) ;
#3211 = DIRECTION ( 'NONE',  ( -0.000000000000000000, 0.000000000000000000, 1.000000000000000000 ) ) ;
#3212 = DIRECTION ( 'NONE',  ( 1.000000000000000000, 0.000000000000000000, 0.000000000000000000 ) ) ;
#3213 = CIRCLE ( 'NONE', #104, 0.6750000000000002665 ) ;
#3214 = DIRECTION ( 'NONE',  ( -0.000000000000000000, 0.000000000000000000, 1.000000000000000000 ) ) ;
#3215 = DIRECTION ( 'NONE',  ( 0.000000000000000000, -1.000000000000000000, 0.000000000000000000 ) ) ;
#3216 = CARTESIAN_POINT ( 'NONE',  ( 9.849999999999999645, 0.000000000000000000, -14.50000000000000000 ) ) ;
#3217 = ADVANCED_FACE ( 'NONE', ( #2569 ), #2846, .T. ) ;
#3218 = VECTOR ( 'NONE', #2388, 1000.000000000000000 ) ;
#3219 = DIRECTION ( 'NONE',  ( -0.000000000000000000, -0.000000000000000000, -1.000000000000000000 ) ) ;
#3220 = CYLINDRICAL_SURFACE ( 'NONE', #286, 0.9250000000000004885 ) ;
#3221 = EDGE_CURVE ( 'NONE', #1353, #2453, #15, .T. ) ;
#3222 = CARTESIAN_POINT ( 'NONE',  ( -12.34999999999977049, -5.794609564069373775, 16.00000000000000000 ) ) ;
#3223 = AXIS2_PLACEMENT_3D ( 'NONE', #2860, #447, #2357 ) ;
#3224 = DIRECTION ( 'NONE',  ( 1.000000000000000000, 0.000000000000000000, 0.000000000000000000 ) ) ;
#3225 = ORIENTED_EDGE ( 'NONE', *, *, #1431, .T. ) ;
#3226 = LINE ( 'NONE', #2380, #3128 ) ;
#3227 = ORIENTED_EDGE ( 'NONE', *, *, #1925, .T. ) ;
#3228 = CARTESIAN_POINT ( 'NONE',  ( 0.000000000000000000, 0.000000000000000000, 16.00000000000000000 ) ) ;
#3229 = AXIS2_PLACEMENT_3D ( 'NONE', #2317, #3425, #969 ) ;
#3230 = CARTESIAN_POINT ( 'NONE',  ( 12.35000000000022524, 0.000000000000000000, -14.50000000000000000 ) ) ;
#3231 = PRESENTATION_LAYER_ASSIGNMENT (  '', '', ( #2428 ) ) ;
#3232 = FACE_OUTER_BOUND ( 'NONE', #1799, .T. ) ;
#3233 = CARTESIAN_POINT ( 'NONE',  ( 11.85000000000021814, -5.794609564069373775, -16.00000000000000000 ) ) ;
#3234 = DIRECTION ( 'NONE',  ( -0.000000000000000000, -0.000000000000000000, -1.000000000000000000 ) ) ;
#3235 = DIRECTION ( 'NONE',  ( 0.000000000000000000, 0.000000000000000000, 1.000000000000000000 ) ) ;
#3236 = FACE_OUTER_BOUND ( 'NONE', #1032, .T. ) ;
#3237 = LINE ( 'NONE', #3222, #2394 ) ;
#3238 = AXIS2_PLACEMENT_3D ( 'NONE', #1038, #2166, #1884 ) ;
#3239 = EDGE_CURVE ( 'NONE', #3292, #907, #149, .T. ) ;
#3240 = PLANE ( 'NONE',  #408 ) ;
#3241 = VERTEX_POINT ( 'NONE', #3152 ) ;
#3242 = ORIENTED_EDGE ( 'NONE', *, *, #2157, .F. ) ;
#3243 = VERTEX_POINT ( 'NONE', #3370 ) ;
#3244 = DIRECTION ( 'NONE',  ( 1.000000000000000000, 0.000000000000000000, 0.000000000000000000 ) ) ;
#3245 = DIRECTION ( 'NONE',  ( -1.000000000000000000, 0.000000000000000000, 0.000000000000000000 ) ) ;
#3246 = VECTOR ( 'NONE', #3131, 1000.000000000000000 ) ;
#3247 = LINE ( 'NONE', #2972, #1656 ) ;
#3248 = CARTESIAN_POINT ( 'NONE',  ( -10.50000000000000178, -29.50000000000000711, 11.00000000000000000 ) ) ;
#3249 = CARTESIAN_POINT ( 'NONE',  ( 3.939233347439179164E-13, -7.000000000000000000, 19.40000000000000213 ) ) ;
#3250 = DIRECTION ( 'NONE',  ( -0.000000000000000000, -0.000000000000000000, 1.000000000000000000 ) ) ;
#3251 = ORIENTED_EDGE ( 'NONE', *, *, #177, .F. ) ;
#3252 = CARTESIAN_POINT ( 'NONE',  ( -12.34999999999977405, -35.10000000000000853, 15.58045018441134921 ) ) ;
#3253 = DIRECTION ( 'NONE',  ( 1.000000000000000000, 0.000000000000000000, 0.000000000000000000 ) ) ;
#3254 = DIRECTION ( 'NONE',  ( -0.000000000000000000, 0.000000000000000000, 1.000000000000000000 ) ) ;
#3255 = DIRECTION ( 'NONE',  ( -1.000000000000000000, 0.000000000000000000, 0.000000000000000000 ) ) ;
#3256 = ORIENTED_EDGE ( 'NONE', *, *, #1990, .T. ) ;
#3257 = AXIS2_PLACEMENT_3D ( 'NONE', #2346, #537, #253 ) ;
#3258 = AXIS2_PLACEMENT_3D ( 'NONE', #2647, #210, #459 ) ;
#3259 = ORIENTED_EDGE ( 'NONE', *, *, #1469, .T. ) ;
#3260 = ADVANCED_FACE ( 'NONE', ( #2292 ), #930, .F. ) ;
#3261 = LINE ( 'NONE', #1102, #1470 ) ;
#3262 = FACE_BOUND ( 'NONE', #2848, .T. ) ;
#3263 = DIRECTION ( 'NONE',  ( 1.000000000000000000, 0.000000000000000000, 0.000000000000000000 ) ) ;
#3264 = LINE ( 'NONE', #619, #386 ) ;
#3265 = CARTESIAN_POINT ( 'NONE',  ( -9.575000000000001066, -8.500000000000001776, 11.00000000000000000 ) ) ;
#3266 = DIRECTION ( 'NONE',  ( -0.000000000000000000, 0.000000000000000000, 1.000000000000000000 ) ) ;
#3267 = ORIENTED_EDGE ( 'NONE', *, *, #2126, .T. ) ;
#3268 = ORIENTED_EDGE ( 'NONE', *, *, #1152, .F. ) ;
#3269 = EDGE_CURVE ( 'NONE', #648, #1048, #944, .T. ) ;
#3270 = DIRECTION ( 'NONE',  ( -9.776865389989693819E-17, 1.000000000000000000, 0.000000000000000000 ) ) ;
#3271 = CARTESIAN_POINT ( 'NONE',  ( 10.50000000000000178, -29.50000000000000711, 16.00000000000000000 ) ) ;
#3272 = AXIS2_PLACEMENT_3D ( 'NONE', #2920, #1283, #503 ) ;
#3273 = ORIENTED_EDGE ( 'NONE', *, *, #1136, .F. ) ;
#3274 = CYLINDRICAL_SURFACE ( 'NONE', #2660, 0.6750000000000002665 ) ;
#3275 = EDGE_LOOP ( 'NONE', ( #1289, #1378, #1450, #2876 ) ) ;
#3276 = VERTEX_POINT ( 'NONE', #3118 ) ;
#3277 = EDGE_LOOP ( 'NONE', ( #1159, #2735, #2789, #1091 ) ) ;
#3278 = ADVANCED_FACE ( 'NONE', ( #723 ), #2880, .F. ) ;
#3279 = CARTESIAN_POINT ( 'NONE',  ( 9.574999999999999289, -8.500000000000001776, -16.00000000000000000 ) ) ;
#3280 = EDGE_CURVE ( 'NONE', #2999, #1340, #961, .T. ) ;
#3281 = DIRECTION ( 'NONE',  ( 1.000000000000000000, 0.000000000000000000, 0.000000000000000000 ) ) ;
#3282 = DIRECTION ( 'NONE',  ( 1.000000000000000000, 0.000000000000000000, -0.000000000000000000 ) ) ;
#3283 = CARTESIAN_POINT ( 'NONE',  ( 12.35000000000022524, 0.000000000000000000, -15.58045018441135454 ) ) ;
#3284 = DIRECTION ( 'NONE',  ( 1.000000000000000000, 0.000000000000000000, 0.000000000000000000 ) ) ;
#3285 = CIRCLE ( 'NONE', #2655, 0.6750000000000002665 ) ;
#3286 = ORIENTED_EDGE ( 'NONE', *, *, #1647, .T. ) ;
#3287 = CARTESIAN_POINT ( 'NONE',  ( 0.000000000000000000, 0.000000000000000000, 19.40000000000000213 ) ) ;
#3288 = CARTESIAN_POINT ( 'NONE',  ( -12.34999999999977049, -5.794609564069373775, -15.49999999999998579 ) ) ;
#3289 = EDGE_CURVE ( 'NONE', #1254, #1724, #466, .T. ) ;
#3290 = CIRCLE ( 'NONE', #2079, 0.6750000000000000444 ) ;
#3291 = DIRECTION ( 'NONE',  ( 0.000000000000000000, 0.000000000000000000, 1.000000000000000000 ) ) ;
#3292 = VERTEX_POINT ( 'NONE', #1344 ) ;
#3293 = AXIS2_PLACEMENT_3D ( 'NONE', #1156, #621, #1436 ) ;
#3294 = EDGE_LOOP ( 'NONE', ( #3024, #2602 ) ) ;
#3295 = AXIS2_PLACEMENT_3D ( 'NONE', #2455, #42, #1363 ) ;
#3296 = CARTESIAN_POINT ( 'NONE',  ( 9.249999999999989342, 0.000000000000000000, -16.00000000000000000 ) ) ;
#3297 = CARTESIAN_POINT ( 'NONE',  ( -4.274747468305776898, 4.949747468305693232, -14.50000000000000000 ) ) ;
#3298 = DIRECTION ( 'NONE',  ( -0.000000000000000000, 0.000000000000000000, 1.000000000000000000 ) ) ;
#3299 = PLANE ( 'NONE',  #3293 ) ;
#3300 = ORIENTED_EDGE ( 'NONE', *, *, #59, .T. ) ;
#3301 = CIRCLE ( 'NONE', #2784, 3.875000000000000000 ) ;
#3302 = EDGE_CURVE ( 'NONE', #611, #2052, #351, .T. ) ;
#3303 = ORIENTED_EDGE ( 'NONE', *, *, #2698, .T. ) ;
#3304 = FACE_OUTER_BOUND ( 'NONE', #352, .T. ) ;
#3305 = DIRECTION ( 'NONE',  ( 0.000000000000000000, 1.000000000000000000, 0.000000000000000000 ) ) ;
#3306 = DIRECTION ( 'NONE',  ( -0.000000000000000000, 0.000000000000000000, 1.000000000000000000 ) ) ;
#3307 = ORIENTED_EDGE ( 'NONE', *, *, #268, .F. ) ;
#3308 = VERTEX_POINT ( 'NONE', #1279 ) ;
#3309 = EDGE_LOOP ( 'NONE', ( #1096, #3318, #1277, #1468 ) ) ;
#3310 = EDGE_CURVE ( 'NONE', #1646, #2555, #2024, .T. ) ;
#3311 = AXIS2_PLACEMENT_3D ( 'NONE', #1660, #1145, #613 ) ;
#3312 = AXIS2_PLACEMENT_3D ( 'NONE', #2068, #495, #1820 ) ;
#3313 = ORIENTED_EDGE ( 'NONE', *, *, #1982, .T. ) ;
#3314 = CARTESIAN_POINT ( 'NONE',  ( 0.000000000000000000, 0.000000000000000000, 19.90000000000000213 ) ) ;
#3315 = DIRECTION ( 'NONE',  ( 1.000000000000000000, 0.000000000000000000, 0.000000000000000000 ) ) ;
#3316 = CARTESIAN_POINT ( 'NONE',  ( 7.675000000000196998, 1.969616673719589582E-13, -17.64999999999999858 ) ) ;
#3317 = LINE ( 'NONE', #1955, #1972 ) ;
#3318 = ORIENTED_EDGE ( 'NONE', *, *, #83, .T. ) ;
#3319 = VERTEX_POINT ( 'NONE', #1297 ) ;
#3320 = CARTESIAN_POINT ( 'NONE',  ( -4.949747468305776721, 4.949747468305693232, -17.64999999999999858 ) ) ;
#3321 = LINE ( 'NONE', #2817, #1991 ) ;
#3322 = ADVANCED_FACE ( 'NONE', ( #267 ), #1328, .T. ) ;
#3323 = ADVANCED_FACE ( 'NONE', ( #2419 ), #2987, .T. ) ;
#3324 = CARTESIAN_POINT ( 'NONE',  ( 4.949747468305890408, 4.949747468305973008, 19.40000000000000213 ) ) ;
#3325 = CIRCLE ( 'NONE', #1220, 0.6750000000000002665 ) ;
#3326 = CARTESIAN_POINT ( 'NONE',  ( 10.50000000000000178, -29.50000000000000711, 11.00000000000000000 ) ) ;
#3327 = ORIENTED_EDGE ( 'NONE', *, *, #2434, .T. ) ;
#3328 = CIRCLE ( 'NONE', #2353, 0.6750000000000002665 ) ;
#3329 = ORIENTED_EDGE ( 'NONE', *, *, #3447, .T. ) ;
#3330 = EDGE_CURVE ( 'NONE', #404, #859, #1011, .T. ) ;
#3331 = APPLICATION_PROTOCOL_DEFINITION ( 'draft international standard', 'automotive_design', 1998, #1261 ) ;
#3332 = CIRCLE ( 'NONE', #278, 0.6750000000000002665 ) ;
#3333 = CYLINDRICAL_SURFACE ( 'NONE', #1334, 0.9250000000000004885 ) ;
#3334 = FACE_OUTER_BOUND ( 'NONE', #1517, .T. ) ;
#3335 = CARTESIAN_POINT ( 'NONE',  ( 4.949747468306169296, -4.949747468305694120, 19.40000000000000213 ) ) ;
#3336 = EDGE_CURVE ( 'NONE', #450, #1673, #1051, .T. ) ;
#3337 = CARTESIAN_POINT ( 'NONE',  ( -3.875000000000000000, 4.745506346695993894E-16, -18.19999999999999574 ) ) ;
#3338 = VECTOR ( 'NONE', #916, 1000.000000000000000 ) ;
#3339 = ORIENTED_EDGE ( 'NONE', *, *, #1142, .T. ) ;
#3340 = ORIENTED_EDGE ( 'NONE', *, *, #1408, .F. ) ;
#3341 = FACE_BOUND ( 'NONE', #273, .T. ) ;
#3342 = FACE_OUTER_BOUND ( 'NONE', #1618, .T. ) ;
#3343 = ADVANCED_FACE ( 'NONE', ( #3192 ), #2670, .T. ) ;
#3344 = VECTOR ( 'NONE', #886, 1000.000000000000000 ) ;
#3345 = DIRECTION ( 'NONE',  ( -0.000000000000000000, 0.000000000000000000, 1.000000000000000000 ) ) ;
#3346 = ORIENTED_EDGE ( 'NONE', *, *, #3239, .T. ) ;
#3347 = PLANE ( 'NONE',  #2142 ) ;
#3348 = ORIENTED_EDGE ( 'NONE', *, *, #1488, .F. ) ;
#3349 = AXIS2_PLACEMENT_3D ( 'NONE', #2532, #112, #3029 ) ;
#3350 = DIRECTION ( 'NONE',  ( -1.000000000000000000, 0.000000000000000000, 0.000000000000000000 ) ) ;
#3351 = DIRECTION ( 'NONE',  ( -1.000000000000000000, 0.000000000000000000, 0.000000000000000000 ) ) ;
#3352 = AXIS2_PLACEMENT_3D ( 'NONE', #2563, #1205, #684 ) ;
#3353 = DIRECTION ( 'NONE',  ( 1.000000000000000000, 0.000000000000000000, 0.000000000000000000 ) ) ;
#3354 = CARTESIAN_POINT ( 'NONE',  ( -11.42500000000000249, -8.500000000000001776, 11.00000000000000000 ) ) ;
#3355 = EDGE_LOOP ( 'NONE', ( #2750, #1386 ) ) ;
#3356 = DIRECTION ( 'NONE',  ( -1.000000000000000000, 0.000000000000000000, -0.000000000000000000 ) ) ;
#3357 = ADVANCED_FACE ( 'NONE', ( #791 ), #285, .F. ) ;
#3358 = CARTESIAN_POINT ( 'NONE',  ( 0.000000000000000000, 10.09999999999999964, 14.50000000000000000 ) ) ;
#3359 = CIRCLE ( 'NONE', #2383, 0.6750000000000002665 ) ;
#3360 = DIRECTION ( 'NONE',  ( -0.000000000000000000, -0.000000000000000000, -1.000000000000000000 ) ) ;
#3361 = VERTEX_POINT ( 'NONE', #1069 ) ;
#3362 = ORIENTED_EDGE ( 'NONE', *, *, #805, .T. ) ;
#3363 = LINE ( 'NONE', #41, #1926 ) ;
#3364 = ORIENTED_EDGE ( 'NONE', *, *, #917, .F. ) ;
#3365 = ADVANCED_FACE ( 'NONE', ( #3262, #1844, #2639, #1034, #2109, #1015, #2140, #808, #252, #2918 ), #1861, .T. ) ;
#3366 = ORIENTED_EDGE ( 'NONE', *, *, #1789, .T. ) ;
#3367 = DIRECTION ( 'NONE',  ( 1.000000000000000000, 0.000000000000000000, 0.000000000000000000 ) ) ;
#3368 = EDGE_CURVE ( 'NONE', #334, #2469, #2091, .T. ) ;
#3369 = DIRECTION ( 'NONE',  ( -0.000000000000000000, -0.000000000000000000, -1.000000000000000000 ) ) ;
#3370 = CARTESIAN_POINT ( 'NONE',  ( 9.249999999999989342, -30.50000000000000000, -16.00000000000000000 ) ) ;
#3371 = DIRECTION ( 'NONE',  ( -0.000000000000000000, -0.000000000000000000, 1.000000000000000000 ) ) ;
#3372 = ORIENTED_EDGE ( 'NONE', *, *, #448, .F. ) ;
#3373 = CARTESIAN_POINT ( 'NONE',  ( -0.6749999999996062483, -7.000000000000000000, -17.64999999999999858 ) ) ;
#3374 = SURFACE_SIDE_STYLE ('',( #186 ) ) ;
#3375 = CYLINDRICAL_SURFACE ( 'NONE', #258, 0.6750000000000002665 ) ;
#3376 = EDGE_CURVE ( 'NONE', #3008, #2999, #2263, .T. ) ;
#3377 = CARTESIAN_POINT ( 'NONE',  ( -12.34999999999977405, 0.000000000000000000, 15.58045018441134921 ) ) ;
#3378 = ORIENTED_EDGE ( 'NONE', *, *, #698, .F. ) ;
#3379 = ORIENTED_EDGE ( 'NONE', *, *, #2847, .F. ) ;
#3380 = DIRECTION ( 'NONE',  ( -0.000000000000000000, -0.000000000000000000, 1.000000000000000000 ) ) ;
#3381 = EDGE_LOOP ( 'NONE', ( #442, #2299, #1149, #216, #3160 ) ) ;
#3382 = CIRCLE ( 'NONE', #162, 0.9250000000000004885 ) ;
#3383 = ORIENTED_EDGE ( 'NONE', *, *, #3004, .F. ) ;
#3384 = DIRECTION ( 'NONE',  ( -0.000000000000000000, 0.000000000000000000, 1.000000000000000000 ) ) ;
#3385 = DIRECTION ( 'NONE',  ( 1.000000000000000000, 0.000000000000000000, 0.000000000000000000 ) ) ;
#3386 = VERTEX_POINT ( 'NONE', #518 ) ;
#3387 = DIRECTION ( 'NONE',  ( -0.000000000000000000, 0.000000000000000000, 1.000000000000000000 ) ) ;
#3388 = DIRECTION ( 'NONE',  ( 0.000000000000000000, -0.000000000000000000, -1.000000000000000000 ) ) ;
#3389 = FACE_OUTER_BOUND ( 'NONE', #3397, .T. ) ;
#3390 = DIRECTION ( 'NONE',  ( 1.000000000000000000, 0.000000000000000000, 0.000000000000000000 ) ) ;
#3391 = ORIENTED_EDGE ( 'NONE', *, *, #2014, .T. ) ;
#3392 = VERTEX_POINT ( 'NONE', #1574 ) ;
#3393 = CARTESIAN_POINT ( 'NONE',  ( -0.6750000000000000444, 7.000000000000000000, -17.64999999999999858 ) ) ;
#3394 = ORIENTED_EDGE ( 'NONE', *, *, #3401, .F. ) ;
#3395 = VECTOR ( 'NONE', #403, 1000.000000000000000 ) ;
#3396 = CARTESIAN_POINT ( 'NONE',  ( 10.50000000000000178, -29.50000000000000711, 11.00000000000000000 ) ) ;
#3397 = EDGE_LOOP ( 'NONE', ( #2156, #1191, #1905, #1698 ) ) ;
#3398 = DIRECTION ( 'NONE',  ( -0.000000000000000000, -0.000000000000000000, 1.000000000000000000 ) ) ;
#3399 = DIRECTION ( 'NONE',  ( 0.000000000000000000, -0.000000000000000000, 1.000000000000000000 ) ) ;
#3400 = EDGE_LOOP ( 'NONE', ( #1441, #962, #228, #76 ) ) ;
#3401 = EDGE_CURVE ( 'NONE', #2555, #1646, #2665, .T. ) ;
#3402 = DIRECTION ( 'NONE',  ( -0.000000000000000000, -0.000000000000000000, -1.000000000000000000 ) ) ;
#3403 = DIRECTION ( 'NONE',  ( 0.000000000000000000, 0.000000000000000000, -1.000000000000000000 ) ) ;
#3404 = SURFACE_STYLE_USAGE ( .BOTH. , #3374 ) ;
#3405 = PRESENTATION_STYLE_ASSIGNMENT (( #456 ) ) ;
#3406 = EDGE_CURVE ( 'NONE', #3208, #3054, #2888, .T. ) ;
#3407 = DIRECTION ( 'NONE',  ( 0.000000000000000000, 0.000000000000000000, 1.000000000000000000 ) ) ;
#3408 = ORIENTED_EDGE ( 'NONE', *, *, #2718, .T. ) ;
#3409 = AXIS2_PLACEMENT_3D ( 'NONE', #3010, #1382, #1684 ) ;
#3410 = LINE ( 'NONE', #2598, #1593 ) ;
#3411 = EDGE_LOOP ( 'NONE', ( #397, #1410, #831, #1040 ) ) ;
#3412 = AXIS2_PLACEMENT_3D ( 'NONE', #1434, #340, #1123 ) ;
#3413 = CARTESIAN_POINT ( 'NONE',  ( 0.000000000000000000, 0.000000000000000000, -18.19999999999999574 ) ) ;
#3414 = ORIENTED_EDGE ( 'NONE', *, *, #2900, .T. ) ;
#3415 = EDGE_CURVE ( 'NONE', #643, #2895, #127, .T. ) ;
#3416 = DIRECTION ( 'NONE',  ( -1.000000000000000000, 0.000000000000000000, 0.000000000000000000 ) ) ;
#3417 = DIRECTION ( 'NONE',  ( -0.000000000000000000, 0.000000000000000000, 1.000000000000000000 ) ) ;
#3418 = ADVANCED_FACE ( 'NONE', ( #1627 ), #308, .F. ) ;
#3419 = FACE_OUTER_BOUND ( 'NONE', #842, .T. ) ;
#3420 = CARTESIAN_POINT ( 'NONE',  ( -12.34999999999977405, -35.10000000000000853, 15.58045018441134921 ) ) ;
#3421 = PLANE ( 'NONE',  #1630 ) ;
#3422 =( LENGTH_UNIT ( ) NAMED_UNIT ( * ) SI_UNIT ( .MILLI., .METRE. ) );
#3423 = CIRCLE ( 'NONE', #2795, 0.9250000000000004885 ) ;
#3424 = VECTOR ( 'NONE', #1514, 1000.000000000000000 ) ;
#3425 = DIRECTION ( 'NONE',  ( -0.000000000000000000, 0.000000000000000000, 1.000000000000000000 ) ) ;
#3426 = EDGE_CURVE ( 'NONE', #3392, #2984, #1077, .T. ) ;
#3427 = VERTEX_POINT ( 'NONE', #3279 ) ;
#3428 = CARTESIAN_POINT ( 'NONE',  ( -12.34999999999977405, 8.421800737645437351, -14.50000000000000000 ) ) ;
#3429 = ORIENTED_EDGE ( 'NONE', *, *, #478, .F. ) ;
#3430 = ADVANCED_FACE ( 'NONE', ( #1264 ), #438, .T. ) ;
#3431 = DIRECTION ( 'NONE',  ( 0.000000000000000000, -0.000000000000000000, -1.000000000000000000 ) ) ;
#3432 = ORIENTED_EDGE ( 'NONE', *, *, #2550, .F. ) ;
#3433 = ORIENTED_EDGE ( 'NONE', *, *, #2023, .F. ) ;
#3434 = ORIENTED_EDGE ( 'NONE', *, *, #556, .F. ) ;
#3435 = CARTESIAN_POINT ( 'NONE',  ( 10.49999999999999822, -33.00000000000000000, -11.00000000000000000 ) ) ;
#3436 = AXIS2_PLACEMENT_3D ( 'NONE', #592, #2758, #358 ) ;
#3437 = SURFACE_STYLE_USAGE ( .BOTH. , #415 ) ;
#3438 = DIRECTION ( 'NONE',  ( -0.000000000000000000, 0.000000000000000000, 1.000000000000000000 ) ) ;
#3439 = ADVANCED_FACE ( 'NONE', ( #3121 ), #3421, .F. ) ;
#3440 = DIRECTION ( 'NONE',  ( -0.000000000000000000, 0.000000000000000000, 1.000000000000000000 ) ) ;
#3441 = DIRECTION ( 'NONE',  ( -0.000000000000000000, -0.000000000000000000, -1.000000000000000000 ) ) ;
#3442 = SURFACE_SIDE_STYLE ('',( #420 ) ) ;
#3443 = DIRECTION ( 'NONE',  ( 0.000000000000000000, -0.000000000000000000, -1.000000000000000000 ) ) ;
#3444 = CARTESIAN_POINT ( 'NONE',  ( 5.624747468305891118, 4.949747468305973008, 14.50000000000000000 ) ) ;
#3445 = CARTESIAN_POINT ( 'NONE',  ( 7.000000000000197176, 1.969616673719589582E-13, 19.40000000000000213 ) ) ;
#3446 = EDGE_LOOP ( 'NONE', ( #1226, #1125 ) ) ;
#3447 = EDGE_CURVE ( 'NONE', #2545, #1663, #300, .T. ) ;
#3448 = CARTESIAN_POINT ( 'NONE',  ( 10.49999999999999822, -33.00000000000000000, -11.00000000000000000 ) ) ;
#3449 = ORIENTED_EDGE ( 'NONE', *, *, #3461, .T. ) ;
#3450 = VECTOR ( 'NONE', #564, 1000.000000000000000 ) ;
#3451 = VERTEX_POINT ( 'NONE', #1495 ) ;
#3452 = ORIENTED_EDGE ( 'NONE', *, *, #2358, .F. ) ;
#3453 = CARTESIAN_POINT ( 'NONE',  ( 0.000000000000000000, -5.794609564069373775, -16.00000000000000000 ) ) ;
#3454 = DIRECTION ( 'NONE',  ( 1.000000000000000000, 0.000000000000000000, 0.000000000000000000 ) ) ;
#3455 = VECTOR ( 'NONE', #2119, 1000.000000000000000 ) ;
#3456 = CARTESIAN_POINT ( 'NONE',  ( 0.6750000000000000444, 7.000000000000000000, 19.40000000000000213 ) ) ;
#3457 = CIRCLE ( 'NONE', #467, 0.9250000000000004885 ) ;
#3458 = CARTESIAN_POINT ( 'NONE',  ( 12.35000000000022524, 8.099999999999990763, 14.50000000000000000 ) ) ;
#3459 = DIRECTION ( 'NONE',  ( -0.000000000000000000, 0.000000000000000000, 1.000000000000000000 ) ) ;
#3460 = CYLINDRICAL_SURFACE ( 'NONE', #107, 0.9250000000000004885 ) ;
#3461 = EDGE_CURVE ( 'NONE', #3054, #3208, #468, .T. ) ;
#3462 = DIRECTION ( 'NONE',  ( 1.000000000000000000, 0.000000000000000000, 0.000000000000000000 ) ) ;
#3463 = DIRECTION ( 'NONE',  ( 1.000000000000000000, 0.000000000000000000, 0.000000000000000000 ) ) ;
#3464 = VERTEX_POINT ( 'NONE', #677 ) ;
#3465 = AXIS2_PLACEMENT_3D ( 'NONE', #2917, #1590, #553 ) ;
#3466 = CARTESIAN_POINT ( 'NONE',  ( -4.274747468305496234, -4.949747468305973008, -17.64999999999999858 ) ) ;
#3467 = AXIS2_PLACEMENT_3D ( 'NONE', #290, #2367, #255 ) ;
#3468 = ORIENTED_EDGE ( 'NONE', *, *, #1609, .F. ) ;
#3469 = CARTESIAN_POINT ( 'NONE',  ( -11.42500000000000426, -33.00000000000000000, -11.00000000000000000 ) ) ;
#3470 = EDGE_CURVE ( 'NONE', #314, #1143, #471, .T. ) ;
#3471 = CARTESIAN_POINT ( 'NONE',  ( 0.000000000000000000, -11.99999999999999822, -16.00000000000000000 ) ) ;
#3472 = EDGE_CURVE ( 'NONE', #2887, #2579, #154, .T. ) ;
#3473 = DIRECTION ( 'NONE',  ( 1.000000000000000000, 0.000000000000000000, 0.000000000000000000 ) ) ;
#3474 = CARTESIAN_POINT ( 'NONE',  ( -4.274747468305776898, 4.949747468305693232, 14.50000000000000000 ) ) ;
#3475 = LINE ( 'NONE', #1597, #1444 ) ;
#3476 = PLANE ( 'NONE',  #3238 ) ;
#3477 = CARTESIAN_POINT ( 'NONE',  ( 0.000000000000000000, 0.000000000000000000, -14.50000000000000000 ) ) ;
#3478 = DIRECTION ( 'NONE',  ( -0.000000000000000000, -0.000000000000000000, -1.000000000000000000 ) ) ;
#3479 = DIRECTION ( 'NONE',  ( 1.000000000000000000, 0.000000000000000000, 0.000000000000000000 ) ) ;
#3480 = AXIS2_PLACEMENT_3D ( 'NONE', #1556, #3431, #733 ) ;
#3481 = EDGE_CURVE ( 'NONE', #2895, #643, #741, .T. ) ;
#3482 = AXIS2_PLACEMENT_3D ( 'NONE', #797, #1075, #813 ) ;
#3483 = DIRECTION ( 'NONE',  ( 1.000000000000000000, 0.000000000000000000, 0.000000000000000000 ) ) ;
#3484 = EDGE_CURVE ( 'NONE', #632, #3188, #2834, .T. ) ;
#3485 = ORIENTED_EDGE ( 'NONE', *, *, #860, .F. ) ;
#3486 = ORIENTED_EDGE ( 'NONE', *, *, #698, .T. ) ;
#3487 = FACE_BOUND ( 'NONE', #2707, .T. ) ;
#3488 = DIRECTION ( 'NONE',  ( -0.000000000000000000, -0.000000000000000000, -1.000000000000000000 ) ) ;
#3489 = CARTESIAN_POINT ( 'NONE',  ( -10.50000000000000178, -8.500000000000001776, 16.00000000000000000 ) ) ;
#3490 = CIRCLE ( 'NONE', #1325, 9.849999999999999645 ) ;
#3491 = DIRECTION ( 'NONE',  ( 0.000000000000000000, 1.000000000000000000, 0.000000000000000000 ) ) ;
#3492 = CARTESIAN_POINT ( 'NONE',  ( 11.93045018441156735, -5.794609564069373775, 16.00000000000000000 ) ) ;
#3493 = FACE_OUTER_BOUND ( 'NONE', #2343, .T. ) ;
#3494 = ORIENTED_EDGE ( 'NONE', *, *, #1759, .T. ) ;
#3495 = DIRECTION ( 'NONE',  ( 0.000000000000000000, -0.000000000000000000, -1.000000000000000000 ) ) ;
#3496 = DIRECTION ( 'NONE',  ( 0.000000000000000000, 0.000000000000000000, -1.000000000000000000 ) ) ;
#3497 = CARTESIAN_POINT ( 'NONE',  ( -12.34999999999977405, 8.421800737645437351, 14.50000000000000000 ) ) ;
#3498 = DIRECTION ( 'NONE',  ( 1.000000000000000000, 0.000000000000000000, 0.000000000000000000 ) ) ;
ENDSEC;
END-ISO-10303-21;
