ISO-10303-21;
HEADER;
FILE_DESCRIPTION (( 'STEP AP214' ),
    '1' );
FILE_NAME ('VL53L5CX_alt_front_mount.STEP',
    '2026-09-12T08:34:57',
    ( '' ),
    ( '' ),
    'SwSTEP 2.0',
    'SolidWorks 2024',
    '' );
FILE_SCHEMA (( 'AUTOMOTIVE_DESIGN' ));
ENDSEC;

DATA;
#1 = VECTOR ( 'NONE', #1297, 1000.000000000000000 ) ;
#2 = ORIENTED_EDGE ( 'NONE', *, *, #3638, .F. ) ;
#3 = AXIS2_PLACEMENT_3D ( 'NONE', #2283, #3061, #594 ) ;
#4 = VECTOR ( 'NONE', #4985, 1000.000000000000227 ) ;
#5 = CARTESIAN_POINT ( 'NONE',  ( 15.00000000000007638, 58.49999999999982236, -38.50000000000014211 ) ) ;
#6 = VERTEX_POINT ( 'NONE', #2963 ) ;
#7 = CARTESIAN_POINT ( 'NONE',  ( -55.00000000000000000, 27.50000000000000000, -2.500000000000001776 ) ) ;
#8 = DIRECTION ( 'NONE',  ( -0.000000000000000000, 0.2588190451025216832, -0.9659258262890680902 ) ) ;
#9 = VECTOR ( 'NONE', #3498, 1000.000000000000000 ) ;
#10 = DIRECTION ( 'NONE',  ( 0.000000000000000000, -0.7071067811865475727, 0.7071067811865475727 ) ) ;
#11 = VERTEX_POINT ( 'NONE', #4207 ) ;
#12 = VECTOR ( 'NONE', #123, 1000.000000000000114 ) ;
#13 = DIRECTION ( 'NONE',  ( 0.000000000000000000, 1.000000000000000000, -1.734723475976807341E-16 ) ) ;
#14 = ORIENTED_EDGE ( 'NONE', *, *, #5380, .T. ) ;
#15 = DIRECTION ( 'NONE',  ( 1.000000000000000000, 1.084202172485506529E-16, 0.000000000000000000 ) ) ;
#16 = DIRECTION ( 'NONE',  ( 0.000000000000000000, 1.882966322632667746E-16, -1.000000000000000000 ) ) ;
#17 = AXIS2_PLACEMENT_3D ( 'NONE', #2181, #3018, #4294 ) ;
#18 = LINE ( 'NONE', #3459, #4471 ) ;
#19 = ORIENTED_EDGE ( 'NONE', *, *, #5120, .T. ) ;
#20 = DIRECTION ( 'NONE',  ( -0.000000000000000000, -1.882966322632667746E-16, 1.000000000000000000 ) ) ;
#21 = DIRECTION ( 'NONE',  ( 0.7071067811865525687, 6.542051911182466531E-15, -0.7071067811865425767 ) ) ;
#22 = ADVANCED_FACE ( 'NONE', ( #3785 ), #2864, .T. ) ;
#23 = LINE ( 'NONE', #757, #2120 ) ;
#24 = LINE ( 'NONE', #4682, #1687 ) ;
#25 = LINE ( 'NONE', #3435, #3569 ) ;
#26 = FACE_OUTER_BOUND ( 'NONE', #5421, .T. ) ;
#27 = ORIENTED_EDGE ( 'NONE', *, *, #114, .T. ) ;
#28 = CARTESIAN_POINT ( 'NONE',  ( -9.749999999999998224, 21.13629669484373252, 8.180114128763401382 ) ) ;
#29 = ORIENTED_EDGE ( 'NONE', *, *, #5478, .T. ) ;
#30 = CYLINDRICAL_SURFACE ( 'NONE', #4159, 1.500000000000001110 ) ;
#31 = VERTEX_POINT ( 'NONE', #1594 ) ;
#32 = FACE_OUTER_BOUND ( 'NONE', #3076, .T. ) ;
#33 = VERTEX_POINT ( 'NONE', #4548 ) ;
#34 = CARTESIAN_POINT ( 'NONE',  ( 8.000000000000001776, 27.86670738044103146, 9.983522236699005958 ) ) ;
#35 = DIRECTION ( 'NONE',  ( 0.000000000000000000, 0.000000000000000000, -1.000000000000000000 ) ) ;
#36 = DIRECTION ( 'NONE',  ( 1.000000000000000000, 0.000000000000000000, 0.000000000000000000 ) ) ;
#37 = VERTEX_POINT ( 'NONE', #719 ) ;
#38 = ADVANCED_FACE ( 'NONE', ( #2015 ), #5399, .F. ) ;
#39 = ORIENTED_EDGE ( 'NONE', *, *, #57, .T. ) ;
#40 = CARTESIAN_POINT ( 'NONE',  ( -45.99999999999997158, 31.50000000000000000, -22.00000000000000355 ) ) ;
#41 = ORIENTED_EDGE ( 'NONE', *, *, #298, .T. ) ;
#42 = DIRECTION ( 'NONE',  ( 1.084202172485506529E-16, -1.000000000000000000, 0.000000000000000000 ) ) ;
#43 = CARTESIAN_POINT ( 'NONE',  ( 45.49999999999999289, 19.00000000000000355, 0.7499999999999954481 ) ) ;
#44 = PLANE ( 'NONE',  #214 ) ;
#45 = VERTEX_POINT ( 'NONE', #1992 ) ;
#46 = DIRECTION ( 'NONE',  ( 0.000000000000000000, 1.000000000000000000, 1.882966322632667746E-16 ) ) ;
#47 = DIRECTION ( 'NONE',  ( 0.000000000000000000, 0.000000000000000000, 1.000000000000000000 ) ) ;
#48 = CARTESIAN_POINT ( 'NONE',  ( 25.50000000000000000, 4.998909409702481987, 4.000000000000005329 ) ) ;
#49 = ADVANCED_FACE ( 'NONE', ( #750 ), #2562, .F. ) ;
#50 = EDGE_CURVE ( 'NONE', #908, #3425, #1939, .T. ) ;
#51 = LINE ( 'NONE', #5161, #1093 ) ;
#52 = CARTESIAN_POINT ( 'NONE',  ( -13.00000000000000533, -25.00000000000000000, 4.000000000000009770 ) ) ;
#53 = ORIENTED_EDGE ( 'NONE', *, *, #4442, .F. ) ;
#54 = CARTESIAN_POINT ( 'NONE',  ( 45.00000000000000000, -23.50000000000000000, -22.00000000000000711 ) ) ;
#55 = ORIENTED_EDGE ( 'NONE', *, *, #3351, .F. ) ;
#56 = DIRECTION ( 'NONE',  ( 0.000000000000000000, 0.7071067811865535679, 0.7071067811865415775 ) ) ;
#57 = EDGE_CURVE ( 'NONE', #1201, #664, #1568, .T. ) ;
#58 = EDGE_CURVE ( 'NONE', #1611, #2356, #2297, .T. ) ;
#59 = CARTESIAN_POINT ( 'NONE',  ( 9.750000000000001776, 21.13629669484373252, 8.180114128763403158 ) ) ;
#60 = DIRECTION ( 'NONE',  ( 0.000000000000000000, 1.000000000000000000, -1.734723475976807341E-16 ) ) ;
#61 = DIRECTION ( 'NONE',  ( 1.000000000000000000, 0.000000000000000000, 0.000000000000000000 ) ) ;
#62 = DIRECTION ( 'NONE',  ( 0.000000000000000000, 1.882966322632667746E-16, -1.000000000000000000 ) ) ;
#63 = DIRECTION ( 'NONE',  ( -1.000000000000000000, 0.000000000000000000, 0.000000000000000000 ) ) ;
#64 = VERTEX_POINT ( 'NONE', #2417 ) ;
#65 = VERTEX_POINT ( 'NONE', #330 ) ;
#66 = CARTESIAN_POINT ( 'NONE',  ( -55.00000000000000000, 25.00000000000000000, 0.9999999999999983347 ) ) ;
#67 = ORIENTED_EDGE ( 'NONE', *, *, #1474, .T. ) ;
#68 = CYLINDRICAL_SURFACE ( 'NONE', #2202, 2.500000000000002220 ) ;
#69 = CARTESIAN_POINT ( 'NONE',  ( -54.00000000000000711, 25.00000000000000000, -2.500000000000000000 ) ) ;
#70 = DIRECTION ( 'NONE',  ( -1.000000000000000000, 0.000000000000000000, -8.673617379884035472E-16 ) ) ;
#71 = EDGE_LOOP ( 'NONE', ( #3461, #1118, #27, #3346 ) ) ;
#72 = CARTESIAN_POINT ( 'NONE',  ( -45.49999999999998579, 13.00000000000000000, 3.250000000000015099 ) ) ;
#73 = LINE ( 'NONE', #2162, #2111 ) ;
#74 = DIRECTION ( 'NONE',  ( 1.000000000000000000, 0.000000000000000000, 0.000000000000000000 ) ) ;
#75 = VECTOR ( 'NONE', #1284, 1000.000000000000000 ) ;
#76 = CARTESIAN_POINT ( 'NONE',  ( -29.50000000000000355, 21.00000000000000000, 0.7499999999999954481 ) ) ;
#77 = ADVANCED_FACE ( 'NONE', ( #1679 ), #3306, .F. ) ;
#78 = CARTESIAN_POINT ( 'NONE',  ( -45.00000000000000000, -23.50000000000000000, -22.00000000000000355 ) ) ;
#80 = AXIS2_PLACEMENT_3D ( 'NONE', #4483, #5303, #2686 ) ;
#79 = DIRECTION ( 'NONE',  ( -0.000000000000000000, 1.000000000000000000, -0.000000000000000000 ) ) ;
#81 = VECTOR ( 'NONE', #1657, 1000.000000000000000 ) ;
#82 = VERTEX_POINT ( 'NONE', #2466 ) ;
#83 = EDGE_CURVE ( 'NONE', #2516, #4812, #5436, .T. ) ;
#84 = CONICAL_SURFACE ( 'NONE', #1155, 2.499999999999998668, 0.7853981633974473908 ) ;
#85 = DIRECTION ( 'NONE',  ( 0.000000000000000000, -0.9659258262890682012, -0.2588190451025214611 ) ) ;
#86 = DIRECTION ( 'NONE',  ( -1.084202172485506529E-16, -1.000000000000000000, 0.000000000000000000 ) ) ;
#87 = CARTESIAN_POINT ( 'NONE',  ( 47.49999999999999289, 30.50000000000001421, -22.00000000000000711 ) ) ;
#88 = CONICAL_SURFACE ( 'NONE', #2404, 2.000000000000001776, 0.7853981633974581600 ) ;
#89 = EDGE_CURVE ( 'NONE', #1582, #1477, #461, .T. ) ;
#90 = CARTESIAN_POINT ( 'NONE',  ( 27.49999999999998579, 18.99999999999998934, 0.7499999999999954481 ) ) ;
#91 = CARTESIAN_POINT ( 'NONE',  ( 45.00000000000000000, -23.50000000000000000, -8.500000000000000000 ) ) ;
#92 = AXIS2_PLACEMENT_3D ( 'NONE', #2971, #5465, #5494 ) ;
#93 = ORIENTED_EDGE ( 'NONE', *, *, #338, .F. ) ;
#94 = AXIS2_PLACEMENT_3D ( 'NONE', #3446, #5199, #840 ) ;
#95 = VERTEX_POINT ( 'NONE', #4758 ) ;
#96 = ADVANCED_FACE ( 'NONE', ( #5093 ), #3012, .T. ) ;
#97 = LINE ( 'NONE', #66, #2839 ) ;
#98 = VECTOR ( 'NONE', #1730, 1000.000000000000227 ) ;
#99 = ORIENTED_EDGE ( 'NONE', *, *, #3864, .T. ) ;
#100 = FACE_OUTER_BOUND ( 'NONE', #3815, .T. ) ;
#101 = AXIS2_PLACEMENT_3D ( 'NONE', #1300, #3437, #2165 ) ;
#102 = DIRECTION ( 'NONE',  ( -1.156482317317876458E-15, 1.000000000000000000, -1.734723475976807341E-16 ) ) ;
#103 = AXIS2_PLACEMENT_3D ( 'NONE', #1801, #2635, #4268 ) ;
#104 = EDGE_CURVE ( 'NONE', #1005, #4749, #955, .T. ) ;
#105 = LINE ( 'NONE', #3381, #112 ) ;
#106 = ORIENTED_EDGE ( 'NONE', *, *, #3153, .T. ) ;
#107 = PLANE ( 'NONE',  #3213 ) ;
#108 = VECTOR ( 'NONE', #4940, 1000.000000000000000 ) ;
#109 = CARTESIAN_POINT ( 'NONE',  ( -22.70885981545882260, -15.00000000000000178, 1.734723475976807094E-15 ) ) ;
#110 = LINE ( 'NONE', #1804, #2850 ) ;
#111 = AXIS2_PLACEMENT_3D ( 'NONE', #5151, #3933, #3487 ) ;
#112 = VECTOR ( 'NONE', #3822, 1000.000000000000000 ) ;
#113 = APPLICATION_PROTOCOL_DEFINITION ( 'draft international standard', 'automotive_design', 1998, #395 ) ;
#114 = EDGE_CURVE ( 'NONE', #343, #2265, #1291, .T. ) ;
#115 = AXIS2_PLACEMENT_3D ( 'NONE', #3501, #86, #3920 ) ;
#116 = CARTESIAN_POINT ( 'NONE',  ( 47.49999999999999289, 18.99999999999998579, 0.7499999999999954481 ) ) ;
#117 = FACE_OUTER_BOUND ( 'NONE', #780, .T. ) ;
#118 = ORIENTED_EDGE ( 'NONE', *, *, #1024, .T. ) ;
#119 = DIRECTION ( 'NONE',  ( -0.000000000000000000, 0.2588190451025218497, -0.9659258262890680902 ) ) ;
#120 = DIRECTION ( 'NONE',  ( -0.000000000000000000, 1.000000000000000000, -0.000000000000000000 ) ) ;
#121 = LINE ( 'NONE', #3088, #4898 ) ;
#122 = ORIENTED_EDGE ( 'NONE', *, *, #5072, .F. ) ;
#123 = DIRECTION ( 'NONE',  ( -0.7071067811865543451, 0.000000000000000000, -0.7071067811865408004 ) ) ;
#124 = LINE ( 'NONE', #1061, #4248 ) ;
#125 = DIRECTION ( 'NONE',  ( -1.000000000000000000, 0.000000000000000000, 0.000000000000000000 ) ) ;
#126 = ADVANCED_FACE ( 'NONE', ( #3455 ), #5204, .F. ) ;
#127 = EDGE_LOOP ( 'NONE', ( #4058, #3841, #1566, #930 ) ) ;
#128 = ORIENTED_EDGE ( 'NONE', *, *, #244, .F. ) ;
#129 = EDGE_CURVE ( 'NONE', #782, #664, #4290, .T. ) ;
#130 = CARTESIAN_POINT ( 'NONE',  ( 47.49999999999998579, 13.00000000000001066, 3.250000000000015099 ) ) ;
#131 = ORIENTED_EDGE ( 'NONE', *, *, #2661, .F. ) ;
#132 = DIRECTION ( 'NONE',  ( 0.000000000000000000, -0.2588190451025217387, 0.9659258262890680902 ) ) ;
#133 = LINE ( 'NONE', #2243, #4712 ) ;
#134 = EDGE_CURVE ( 'NONE', #1627, #3208, #2604, .T. ) ;
#135 = DIRECTION ( 'NONE',  ( -0.000000000000000000, -0.000000000000000000, 1.000000000000000000 ) ) ;
#136 = ORIENTED_EDGE ( 'NONE', *, *, #5413, .T. ) ;
#137 = CARTESIAN_POINT ( 'NONE',  ( -52.50000000000000000, 31.50000000000000000, -23.50000000000002842 ) ) ;
#138 = CARTESIAN_POINT ( 'NONE',  ( -47.49999999999999289, 18.99999999999998579, 0.7499999999999954481 ) ) ;
#139 = LINE ( 'NONE', #1353, #1240 ) ;
#140 = DIRECTION ( 'NONE',  ( -1.000000000000000000, 0.000000000000000000, 0.000000000000000000 ) ) ;
#141 = ORIENTED_EDGE ( 'NONE', *, *, #472, .F. ) ;
#142 = LINE ( 'NONE', #5128, #9 ) ;
#143 = PLANE ( 'NONE',  #2848 ) ;
#144 = VECTOR ( 'NONE', #272, 1000.000000000000114 ) ;
#145 = ORIENTED_EDGE ( 'NONE', *, *, #2569, .T. ) ;
#146 = CARTESIAN_POINT ( 'NONE',  ( -9.749999999999998224, 17.61685559458995343, 15.51929217142216544 ) ) ;
#147 = DIRECTION ( 'NONE',  ( 1.000000000000000000, 0.000000000000000000, 0.000000000000000000 ) ) ;
#148 = EDGE_LOOP ( 'NONE', ( #2878, #5268, #1182, #2019 ) ) ;
#149 = LINE ( 'NONE', #4056, #4270 ) ;
#150 = LINE ( 'NONE', #2318, #2662 ) ;
#151 = DIRECTION ( 'NONE',  ( 0.000000000000000000, 1.882966322632667746E-16, -1.000000000000000000 ) ) ;
#152 = ORIENTED_EDGE ( 'NONE', *, *, #302, .F. ) ;
#153 = ORIENTED_EDGE ( 'NONE', *, *, #2813, .F. ) ;
#154 = DIRECTION ( 'NONE',  ( 0.000000000000000000, 0.9659258262890678681, 0.2588190451025220162 ) ) ;
#155 = EDGE_CURVE ( 'NONE', #4520, #2129, #3978, .T. ) ;
#156 = VERTEX_POINT ( 'NONE', #3428 ) ;
#157 = CARTESIAN_POINT ( 'NONE',  ( -9.749999999999998224, 16.36115202041416694, 15.18282741278888537 ) ) ;
#158 = CARTESIAN_POINT ( 'NONE',  ( -18.00000000000000711, 20.00000000000000000, 3.000000000000004441 ) ) ;
#159 = EDGE_CURVE ( 'NONE', #3727, #3208, #2832, .T. ) ;
#160 = CARTESIAN_POINT ( 'NONE',  ( -47.50000000000000711, 27.50000000000000000, -23.50000000000000355 ) ) ;
#161 = VERTEX_POINT ( 'NONE', #931 ) ;
#162 = LINE ( 'NONE', #4850, #4628 ) ;
#163 = DIRECTION ( 'NONE',  ( 0.000000000000000000, -0.9659258262890678681, -0.2588190451025220162 ) ) ;
#164 = EDGE_CURVE ( 'NONE', #859, #4520, #871, .T. ) ;
#165 = CIRCLE ( 'NONE', #4606, 2.500000000000002220 ) ;
#166 = VERTEX_POINT ( 'NONE', #4347 ) ;
#167 = ADVANCED_FACE ( 'NONE', ( #3932 ), #68, .T. ) ;
#168 = FACE_OUTER_BOUND ( 'NONE', #2176, .T. ) ;
#169 = ORIENTED_EDGE ( 'NONE', *, *, #1241, .T. ) ;
#170 = DIRECTION ( 'NONE',  ( 1.000000000000000000, 0.000000000000000000, 0.000000000000000000 ) ) ;
#171 = DIRECTION ( 'NONE',  ( -0.000000000000000000, -1.000000000000000000, -0.000000000000000000 ) ) ;
#172 = ORIENTED_EDGE ( 'NONE', *, *, #4222, .T. ) ;
#173 = ADVANCED_FACE ( 'NONE', ( #1346 ), #2631, .F. ) ;
#174 = DIRECTION ( 'NONE',  ( -0.5773502691896250649, -0.5773502691896231775, 0.5773502691896290617 ) ) ;
#175 = CARTESIAN_POINT ( 'NONE',  ( -14.75000000000000533, -20.00000000000000000, 9.414831613163342183E-16 ) ) ;
#176 = VERTEX_POINT ( 'NONE', #4674 ) ;
#177 = DIRECTION ( 'NONE',  ( -0.7071067811865394681, 1.226634733346713362E-16, 0.7071067811865555663 ) ) ;
#178 = FACE_OUTER_BOUND ( 'NONE', #3497, .T. ) ;
#179 = CONICAL_SURFACE ( 'NONE', #4429, 2.000000000000001776, 0.7853981633974569387 ) ;
#180 = CIRCLE ( 'NONE', #1664, 1.500000000000001332 ) ;
#181 = ORIENTED_EDGE ( 'NONE', *, *, #4197, .T. ) ;
#182 = DIRECTION ( 'NONE',  ( 1.000000000000000000, 0.000000000000000000, 0.000000000000000000 ) ) ;
#183 = AXIS2_PLACEMENT_3D ( 'NONE', #4771, #3116, #2225 ) ;
#184 = ORIENTED_EDGE ( 'NONE', *, *, #5059, .T. ) ;
#185 = CARTESIAN_POINT ( 'NONE',  ( 29.49999999999998579, 19.00000000000000355, 3.250000000000015099 ) ) ;
#186 = DIRECTION ( 'NONE',  ( 1.000000000000000000, 0.000000000000000000, 0.000000000000000000 ) ) ;
#187 = EDGE_LOOP ( 'NONE', ( #5434, #4354, #5302, #2713 ) ) ;
#188 = AXIS2_PLACEMENT_3D ( 'NONE', #3032, #3917, #4776 ) ;
#189 = CARTESIAN_POINT ( 'NONE',  ( -27.49999999999998579, 18.99999999999998934, 0.7499999999999954481 ) ) ;
#190 = VECTOR ( 'NONE', #404, 1000.000000000000000 ) ;
#191 = ORIENTED_EDGE ( 'NONE', *, *, #4576, .F. ) ;
#192 = DIRECTION ( 'NONE',  ( 0.000000000000000000, 0.9659258262890678681, 0.2588190451025220162 ) ) ;
#193 = CYLINDRICAL_SURFACE ( 'NONE', #268, 2.000000000000000000 ) ;
#194 = VECTOR ( 'NONE', #4769, 1000.000000000000000 ) ;
#195 = VECTOR ( 'NONE', #4371, 1000.000000000000000 ) ;
#196 = EDGE_CURVE ( 'NONE', #2047, #1582, #3619, .T. ) ;
#197 = VERTEX_POINT ( 'NONE', #3895 ) ;
#198 = CARTESIAN_POINT ( 'NONE',  ( -7.999999999999998224, 32.00905688493267576, -19.96482397110749218 ) ) ;
#199 = ORIENTED_EDGE ( 'NONE', *, *, #5454, .T. ) ;
#200 = DIRECTION ( 'NONE',  ( 0.000000000000000000, -1.000000000000000000, -1.882966322632667746E-16 ) ) ;
#201 = DIRECTION ( 'NONE',  ( 1.000000000000000000, -0.000000000000000000, 0.000000000000000000 ) ) ;
#202 = ADVANCED_FACE ( 'NONE', ( #100 ), #1710, .T. ) ;
#203 = AXIS2_PLACEMENT_3D ( 'NONE', #274, #1046, #1968 ) ;
#204 = ORIENTED_EDGE ( 'NONE', *, *, #1476, .F. ) ;
#205 = DIRECTION ( 'NONE',  ( 0.000000000000000000, 0.000000000000000000, -1.000000000000000000 ) ) ;
#206 = AXIS2_PLACEMENT_3D ( 'NONE', #4748, #4836, #1813 ) ;
#207 = ORIENTED_EDGE ( 'NONE', *, *, #3914, .T. ) ;
#208 = DIRECTION ( 'NONE',  ( 0.000000000000000000, 0.000000000000000000, 1.000000000000000000 ) ) ;
#209 = ADVANCED_FACE ( 'NONE', ( #4231 ), #4069, .T. ) ;
#210 = AXIS2_PLACEMENT_3D ( 'NONE', #198, #3665, #5360 ) ;
#211 = VERTEX_POINT ( 'NONE', #3182 ) ;
#212 = LINE ( 'NONE', #3534, #1148 ) ;
#213 = VERTEX_POINT ( 'NONE', #3215 ) ;
#214 = AXIS2_PLACEMENT_3D ( 'NONE', #2550, #958, #3935 ) ;
#215 = LINE ( 'NONE', #403, #1225 ) ;
#216 = DIRECTION ( 'NONE',  ( -0.000000000000000000, 1.000000000000000000, -0.000000000000000000 ) ) ;
#217 = ORIENTED_EDGE ( 'NONE', *, *, #4164, .T. ) ;
#218 = LINE ( 'NONE', #1886, #1443 ) ;
#219 = ORIENTED_EDGE ( 'NONE', *, *, #3757, .T. ) ;
#220 = DIRECTION ( 'NONE',  ( 0.5773502691896271743, -0.5773502691896210681, -0.5773502691896290617 ) ) ;
#221 = VERTEX_POINT ( 'NONE', #1909 ) ;
#222 = FACE_OUTER_BOUND ( 'NONE', #1365, .T. ) ;
#223 = DIRECTION ( 'NONE',  ( 0.000000000000000000, 0.000000000000000000, 1.000000000000000000 ) ) ;
#224 = VERTEX_POINT ( 'NONE', #4845 ) ;
#225 = FACE_OUTER_BOUND ( 'NONE', #865, .T. ) ;
#226 = ORIENTED_EDGE ( 'NONE', *, *, #1285, .F. ) ;
#227 = DIRECTION ( 'NONE',  ( -1.000000000000000000, 0.000000000000000000, 0.000000000000000000 ) ) ;
#228 = EDGE_CURVE ( 'NONE', #3119, #1847, #683, .T. ) ;
#229 = DIRECTION ( 'NONE',  ( 0.000000000000000000, 0.000000000000000000, -1.000000000000000000 ) ) ;
#230 = ORIENTED_EDGE ( 'NONE', *, *, #2853, .T. ) ;
#231 = CARTESIAN_POINT ( 'NONE',  ( 52.50000000000000000, 31.50000000000000000, -23.50000000000000355 ) ) ;
#232 = EDGE_CURVE ( 'NONE', #3865, #4497, #3708, .T. ) ;
#233 = ORIENTED_EDGE ( 'NONE', *, *, #4917, .T. ) ;
#234 = DIRECTION ( 'NONE',  ( 1.000000000000000000, 0.000000000000000000, 0.000000000000000000 ) ) ;
#235 = EDGE_CURVE ( 'NONE', #4489, #1332, #3099, .T. ) ;
#236 = ORIENTED_EDGE ( 'NONE', *, *, #3400, .F. ) ;
#237 = DIRECTION ( 'NONE',  ( 0.000000000000000000, 0.000000000000000000, -1.000000000000000000 ) ) ;
#238 = EDGE_CURVE ( 'NONE', #6, #1395, #2377, .T. ) ;
#239 = ORIENTED_EDGE ( 'NONE', *, *, #743, .T. ) ;
#240 = DIRECTION ( 'NONE',  ( 0.7071067811865536790, 1.635512977795611900E-15, -0.7071067811865414665 ) ) ;
#241 = DIRECTION ( 'NONE',  ( 0.000000000000000000, 0.000000000000000000, 1.000000000000000000 ) ) ;
#242 = ORIENTED_EDGE ( 'NONE', *, *, #1577, .F. ) ;
#243 = CARTESIAN_POINT ( 'NONE',  ( -8.000000000000000000, 27.63745603159103581, -7.637456031591041139 ) ) ;
#244 = EDGE_CURVE ( 'NONE', #4497, #1586, #1426, .T. ) ;
#245 = EDGE_LOOP ( 'NONE', ( #2748, #3704, #1984, #3190 ) ) ;
#246 = DIRECTION ( 'NONE',  ( -0.000000000000000000, 1.734723475976807341E-16, 1.000000000000000000 ) ) ;
#247 = ORIENTED_EDGE ( 'NONE', *, *, #3782, .F. ) ;
#248 = FACE_OUTER_BOUND ( 'NONE', #3590, .T. ) ;
#249 = EDGE_LOOP ( 'NONE', ( #1642, #3744, #2810, #2203 ) ) ;
#250 = FACE_OUTER_BOUND ( 'NONE', #1541, .T. ) ;
#251 = ORIENTED_EDGE ( 'NONE', *, *, #4739, .T. ) ;
#252 = CARTESIAN_POINT ( 'NONE',  ( 55.00000000000000000, 30.50000000000001421, -22.00000000000000355 ) ) ;
#253 = LINE ( 'NONE', #2230, #2773 ) ;
#254 = CYLINDRICAL_SURFACE ( 'NONE', #2924, 2.000000000000001776 ) ;
#255 = EDGE_LOOP ( 'NONE', ( #3007, #2093, #3955, #1457 ) ) ;
#257 = VECTOR ( 'NONE', #2125, 1000.000000000000000 ) ;
#256 = LINE ( 'NONE', #4007, #3374 ) ;
#258 = ORIENTED_EDGE ( 'NONE', *, *, #2715, .F. ) ;
#259 = DIRECTION ( 'NONE',  ( 0.000000000000000000, 0.000000000000000000, -1.000000000000000000 ) ) ;
#260 = ORIENTED_EDGE ( 'NONE', *, *, #2608, .F. ) ;
#261 = CIRCLE ( 'NONE', #1672, 2.499999999999995115 ) ;
#262 = EDGE_CURVE ( 'NONE', #1867, #4020, #662, .T. ) ;
#263 = CIRCLE ( 'NONE', #5130, 2.500000000000002220 ) ;
#264 = EDGE_CURVE ( 'NONE', #3696, #2940, #2476, .T. ) ;
#265 = ORIENTED_EDGE ( 'NONE', *, *, #2090, .F. ) ;
#266 = AXIS2_PLACEMENT_3D ( 'NONE', #3588, #177, #3154 ) ;
#267 = DIRECTION ( 'NONE',  ( 0.000000000000000000, 1.000000000000000000, 1.882966322632666514E-16 ) ) ;
#268 = AXIS2_PLACEMENT_3D ( 'NONE', #2386, #1107, #1938 ) ;
#269 = CARTESIAN_POINT ( 'NONE',  ( 22.70885981545882260, -15.00000000000000178, -5.999999999999994671 ) ) ;
#270 = ORIENTED_EDGE ( 'NONE', *, *, #3930, .T. ) ;
#271 = EDGE_CURVE ( 'NONE', #3510, #2573, #4487, .T. ) ;
#272 = DIRECTION ( 'NONE',  ( -0.5773502691896250649, 0.5773502691896231775, -0.5773502691896290617 ) ) ;
#273 = ORIENTED_EDGE ( 'NONE', *, *, #1385, .T. ) ;
#274 = CARTESIAN_POINT ( 'NONE',  ( -29.49999999999998579, 19.00000000000000355, -5.999999999999994671 ) ) ;
#275 = VERTEX_POINT ( 'NONE', #1455 ) ;
#276 = CYLINDRICAL_SURFACE ( 'NONE', #4782, 1.500000000000001332 ) ;
#277 = VECTOR ( 'NONE', #4192, 1000.000000000000000 ) ;
#278 = VECTOR ( 'NONE', #1359, 1000.000000000000114 ) ;
#279 = EDGE_CURVE ( 'NONE', #607, #37, #4594, .T. ) ;
#280 = VECTOR ( 'NONE', #3505, 1000.000000000000114 ) ;
#281 = ORIENTED_EDGE ( 'NONE', *, *, #1441, .T. ) ;
#282 = LINE ( 'NONE', #1025, #746 ) ;
#283 = EDGE_LOOP ( 'NONE', ( #5030, #3069, #1982, #921, #2726, #1158, #1491, #4011, #3449, #4817 ) ) ;
#284 = LINE ( 'NONE', #1976, #375 ) ;
#285 = AXIS2_PLACEMENT_3D ( 'NONE', #4301, #4361, #505 ) ;
#286 = CARTESIAN_POINT ( 'NONE',  ( 52.50000000000000000, -25.00000000000000000, 0.9999999999999887867 ) ) ;
#287 = LINE ( 'NONE', #674, #1504 ) ;
#288 = VECTOR ( 'NONE', #2252, 1000.000000000000114 ) ;
#289 = ADVANCED_FACE ( 'NONE', ( #4900 ), #989, .T. ) ;
#290 = AXIS2_PLACEMENT_3D ( 'NONE', #2528, #4601, #2967 ) ;
#291 = CARTESIAN_POINT ( 'NONE',  ( -52.50000000000000000, 27.50000000000000000, -23.50000000000000355 ) ) ;
#292 = ORIENTED_EDGE ( 'NONE', *, *, #2616, .F. ) ;
#293 = DIRECTION ( 'NONE',  ( -0.000000000000000000, -0.2588190451025216832, 0.9659258262890679791 ) ) ;
#294 = CIRCLE ( 'NONE', #3132, 1.500000000000008216 ) ;
#295 = ORIENTED_EDGE ( 'NONE', *, *, #3615, .T. ) ;
#296 = AXIS2_PLACEMENT_3D ( 'NONE', #589, #1464, #4443 ) ;
#297 = ORIENTED_EDGE ( 'NONE', *, *, #3694, .F. ) ;
#298 = EDGE_CURVE ( 'NONE', #1270, #1232, #3094, .T. ) ;
#299 = CARTESIAN_POINT ( 'NONE',  ( -14.00000000000000178, 25.00000000000000000, 4.000000000000005329 ) ) ;
#300 = FACE_OUTER_BOUND ( 'NONE', #3318, .T. ) ;
#301 = ORIENTED_EDGE ( 'NONE', *, *, #633, .F. ) ;
#302 = EDGE_CURVE ( 'NONE', #95, #1534, #1880, .T. ) ;
#303 = AXIS2_PLACEMENT_3D ( 'NONE', #4080, #4474, #1084 ) ;
#304 = DIRECTION ( 'NONE',  ( -1.000000000000000000, 0.000000000000000000, 0.000000000000000000 ) ) ;
#305 = ORIENTED_EDGE ( 'NONE', *, *, #708, .F. ) ;
#306 = PLANE ( 'NONE',  #3919 ) ;
#307 = EDGE_CURVE ( 'NONE', #4473, #4982, #2270, .T. ) ;
#308 = ORIENTED_EDGE ( 'NONE', *, *, #3819, .F. ) ;
#309 = CARTESIAN_POINT ( 'NONE',  ( 24.20885981545882615, -15.00000000000000178, 4.000000000000005329 ) ) ;
#310 = EDGE_CURVE ( 'NONE', #1814, #5322, #3188, .T. ) ;
#311 = ORIENTED_EDGE ( 'NONE', *, *, #2602, .F. ) ;
#312 = DIRECTION ( 'NONE',  ( -1.000000000000000000, 0.000000000000000000, 0.000000000000000000 ) ) ;
#313 = VERTEX_POINT ( 'NONE', #4015 ) ;
#314 = DIRECTION ( 'NONE',  ( -0.7071067811865561215, 0.000000000000000000, -0.7071067811865389130 ) ) ;
#315 = ADVANCED_FACE ( 'NONE', ( #4822 ), #2304, .F. ) ;
#316 = FACE_OUTER_BOUND ( 'NONE', #4947, .T. ) ;
#317 = DIRECTION ( 'NONE',  ( 0.000000000000000000, 0.000000000000000000, -1.000000000000000000 ) ) ;
#318 = FACE_OUTER_BOUND ( 'NONE', #3587, .T. ) ;
#319 = ORIENTED_EDGE ( 'NONE', *, *, #411, .F. ) ;
#320 = FACE_OUTER_BOUND ( 'NONE', #1081, .T. ) ;
#321 = VERTEX_POINT ( 'NONE', #1040 ) ;
#322 = ORIENTED_EDGE ( 'NONE', *, *, #2267, .T. ) ;
#323 = CARTESIAN_POINT ( 'NONE',  ( -55.00000000000000000, 31.50000000000000000, -23.50000000000002842 ) ) ;
#324 = CARTESIAN_POINT ( 'NONE',  ( -55.00000000000000000, 25.00000000000000000, 4.000000000000000888 ) ) ;
#325 = VERTEX_POINT ( 'NONE', #2325 ) ;
#326 = EDGE_CURVE ( 'NONE', #2265, #385, #1147, .T. ) ;
#327 = CARTESIAN_POINT ( 'NONE',  ( 55.00000000000000000, -22.50000000000000000, 3.000000000000021760 ) ) ;
#328 = ORIENTED_EDGE ( 'NONE', *, *, #1202, .F. ) ;
#329 = CARTESIAN_POINT ( 'NONE',  ( -54.00000000000002842, -22.50000000000000000, 4.000000000000009770 ) ) ;
#330 = CARTESIAN_POINT ( 'NONE',  ( 20.50000000000000355, 20.00000000000000000, 0.7499999999999954481 ) ) ;
#331 = DIRECTION ( 'NONE',  ( 1.156482317317876458E-15, 1.000000000000000000, -1.734723475976807341E-16 ) ) ;
#332 = ADVANCED_FACE ( 'NONE', ( #2292 ), #1857, .F. ) ;
#333 = ORIENTED_EDGE ( 'NONE', *, *, #4671, .T. ) ;
#334 = CARTESIAN_POINT ( 'NONE',  ( -45.00000000000000000, 30.50000000000002842, -22.00000000000000355 ) ) ;
#335 = ORIENTED_EDGE ( 'NONE', *, *, #2161, .F. ) ;
#336 = CARTESIAN_POINT ( 'NONE',  ( 26.74999999999998934, 18.99999999999998224, 8.285051819583733548E-15 ) ) ;
#337 = DIRECTION ( 'NONE',  ( -1.541976423090494844E-15, -1.000000000000000000, 0.000000000000000000 ) ) ;
#338 = EDGE_CURVE ( 'NONE', #5474, #3399, #215, .T. ) ;
#339 = DIRECTION ( 'NONE',  ( 1.000000000000000000, 0.000000000000000000, 0.000000000000000000 ) ) ;
#340 = CARTESIAN_POINT ( 'NONE',  ( -45.49999999999999289, 19.00000000000000355, 8.285051819583736703E-15 ) ) ;
#341 = ADVANCED_FACE ( 'NONE', ( #4173 ), #2657, .T. ) ;
#342 = CARTESIAN_POINT ( 'NONE',  ( -54.00000000000000711, 27.50000000000000000, -22.00000000000000355 ) ) ;
#343 = VERTEX_POINT ( 'NONE', #1180 ) ;
#344 = CYLINDRICAL_SURFACE ( 'NONE', #3285, 2.500000000000000444 ) ;
#345 = ORIENTED_EDGE ( 'NONE', *, *, #5052, .F. ) ;
#346 = EDGE_CURVE ( 'NONE', #1972, #593, #3729, .T. ) ;
#347 = EDGE_LOOP ( 'NONE', ( #4259, #900 ) ) ;
#348 = DIRECTION ( 'NONE',  ( 0.000000000000000000, 0.000000000000000000, 1.000000000000000000 ) ) ;
#349 = CARTESIAN_POINT ( 'NONE',  ( -45.49999999999997868, 21.00000000000000000, 3.250000000000013323 ) ) ;
#350 = AXIS2_PLACEMENT_3D ( 'NONE', #2460, #4097, #2436 ) ;
#351 = VERTEX_POINT ( 'NONE', #4984 ) ;
#352 = AXIS2_PLACEMENT_3D ( 'NONE', #1281, #3030, #1778 ) ;
#353 = CIRCLE ( 'NONE', #3448, 2.800000000000000266 ) ;
#354 = ORIENTED_EDGE ( 'NONE', *, *, #3765, .F. ) ;
#355 = DIRECTION ( 'NONE',  ( 0.000000000000000000, 1.000000000000000000, 0.000000000000000000 ) ) ;
#356 = ORIENTED_EDGE ( 'NONE', *, *, #4591, .T. ) ;
#357 = LINE ( 'NONE', #5458, #5224 ) ;
#358 = AXIS2_PLACEMENT_3D ( 'NONE', #1412, #2703, #5216 ) ;
#359 = ORIENTED_EDGE ( 'NONE', *, *, #2639, .F. ) ;
#360 = DIRECTION ( 'NONE',  ( 0.000000000000000000, 0.000000000000000000, -1.000000000000000000 ) ) ;
#361 = ORIENTED_EDGE ( 'NONE', *, *, #1379, .T. ) ;
#362 = CARTESIAN_POINT ( 'NONE',  ( 25.50000000000000000, 4.998909409702481987, -5.999999999999994671 ) ) ;
#363 = VECTOR ( 'NONE', #4358, 1000.000000000000000 ) ;
#364 = DIRECTION ( 'NONE',  ( 1.000000000000000000, 0.000000000000000000, 0.000000000000000000 ) ) ;
#365 = DIRECTION ( 'NONE',  ( 8.403979335630167789E-16, 0.7071067811865439090, -0.7071067811865512365 ) ) ;
#366 = VECTOR ( 'NONE', #4124, 1000.000000000000000 ) ;
#367 = EDGE_CURVE ( 'NONE', #3093, #5002, #3797, .T. ) ;
#368 = VECTOR ( 'NONE', #174, 1000.000000000000114 ) ;
#369 = PLANE ( 'NONE',  #4954 ) ;
#370 = CARTESIAN_POINT ( 'NONE',  ( -7.001249498915014691, 28.38577440683629760, -20.93567958506326221 ) ) ;
#371 = VECTOR ( 'NONE', #1200, 1000.000000000000000 ) ;
#372 = ORIENTED_EDGE ( 'NONE', *, *, #1487, .F. ) ;
#373 = FACE_OUTER_BOUND ( 'NONE', #2772, .T. ) ;
#374 = ADVANCED_FACE ( 'NONE', ( #1562 ), #2206, .T. ) ;
#375 = VECTOR ( 'NONE', #5362, 1000.000000000000227 ) ;
#376 = ORIENTED_EDGE ( 'NONE', *, *, #1450, .F. ) ;
#377 = CIRCLE ( 'NONE', #3472, 2.750000000000003997 ) ;
#378 = VERTEX_POINT ( 'NONE', #2881 ) ;
#379 = FACE_OUTER_BOUND ( 'NONE', #3989, .T. ) ;
#380 = VECTOR ( 'NONE', #102, 1000.000000000000000 ) ;
#381 = FACE_BOUND ( 'NONE', #3781, .T. ) ;
#382 = AXIS2_PLACEMENT_3D ( 'NONE', #823, #2912, #3331 ) ;
#383 = VERTEX_POINT ( 'NONE', #3678 ) ;
#384 = VECTOR ( 'NONE', #2301, 1000.000000000000000 ) ;
#385 = VERTEX_POINT ( 'NONE', #1199 ) ;
#386 = CARTESIAN_POINT ( 'NONE',  ( -29.49999999999998579, 19.00000000000000355, 0.7499999999999954481 ) ) ;
#387 = CARTESIAN_POINT ( 'NONE',  ( -45.49999999999999289, 19.00000000000000355, 3.250000000000015099 ) ) ;
#388 = PLANE ( 'NONE',  #957 ) ;
#389 = DIRECTION ( 'NONE',  ( 0.000000000000000000, 0.000000000000000000, -1.000000000000000000 ) ) ;
#390 = ORIENTED_EDGE ( 'NONE', *, *, #1898, .F. ) ;
#391 = CARTESIAN_POINT ( 'NONE',  ( 29.49999999999998579, 19.00000000000000355, -5.999999999999994671 ) ) ;
#392 = CARTESIAN_POINT ( 'NONE',  ( -29.50000000000000711, 10.24999999999999645, 4.000000000000003553 ) ) ;
#393 = VECTOR ( 'NONE', #1210, 1000.000000000000000 ) ;
#394 = CARTESIAN_POINT ( 'NONE',  ( -47.49999999999998579, 13.00000000000001066, 3.250000000000015099 ) ) ;
#395 = APPLICATION_CONTEXT ( 'automotive_design' ) ;
#396 = EDGE_CURVE ( 'NONE', #2285, #1465, #740, .T. ) ;
#397 = DIRECTION ( 'NONE',  ( 1.000000000000000000, 0.000000000000000000, 1.734723475976807094E-15 ) ) ;
#398 = VERTEX_POINT ( 'NONE', #784 ) ;
#399 = CARTESIAN_POINT ( 'NONE',  ( 8.000000000000000000, 23.24756839296552968, 8.745827675277826785 ) ) ;
#400 = ORIENTED_EDGE ( 'NONE', *, *, #4983, .T. ) ;
#401 = ADVANCED_FACE ( 'NONE', ( #1151 ), #1539, .T. ) ;
#402 = EDGE_CURVE ( 'NONE', #2492, #4800, #706, .T. ) ;
#403 = CARTESIAN_POINT ( 'NONE',  ( 8.000000000000012434, 29.49999999999999289, -8.500000000000000000 ) ) ;
#404 = DIRECTION ( 'NONE',  ( 1.000000000000000000, 0.000000000000000000, 0.000000000000000000 ) ) ;
#405 = ORIENTED_EDGE ( 'NONE', *, *, #5078, .F. ) ;
#406 = ADVANCED_FACE ( 'NONE', ( #5372 ), #786, .F. ) ;
#407 = LINE ( 'NONE', #5091, #3640 ) ;
#408 = ORIENTED_EDGE ( 'NONE', *, *, #1285, .T. ) ;
#409 = DIRECTION ( 'NONE',  ( 0.000000000000000000, 0.000000000000000000, 1.000000000000000000 ) ) ;
#410 = DIRECTION ( 'NONE',  ( -0.000000000000000000, 1.000000000000000000, 0.000000000000000000 ) ) ;
#411 = EDGE_CURVE ( 'NONE', #4449, #213, #4953, .T. ) ;
#412 = CARTESIAN_POINT ( 'NONE',  ( -45.49999999999999289, 19.00000000000000355, 0.7499999999999954481 ) ) ;
#413 = ORIENTED_EDGE ( 'NONE', *, *, #1097, .F. ) ;
#414 = CARTESIAN_POINT ( 'NONE',  ( 11.50000000000000355, 25.00000000000000000, 4.000000000000000888 ) ) ;
#415 = DIRECTION ( 'NONE',  ( 0.000000000000000000, 1.882966322632667746E-16, -1.000000000000000000 ) ) ;
#416 = DIRECTION ( 'NONE',  ( 0.000000000000000000, -0.9659258262890680902, -0.2588190451025217387 ) ) ;
#417 = CARTESIAN_POINT ( 'NONE',  ( -55.00000000000000000, 25.00000000000000000, 0.9999999999999978906 ) ) ;
#418 = DIRECTION ( 'NONE',  ( 0.000000000000000000, 0.000000000000000000, -1.000000000000000000 ) ) ;
#419 = FACE_OUTER_BOUND ( 'NONE', #2253, .T. ) ;
#420 = ORIENTED_EDGE ( 'NONE', *, *, #4330, .F. ) ;
#421 = CARTESIAN_POINT ( 'NONE',  ( 9.750000000000001776, 28.90086804791938846, -20.79766065990863666 ) ) ;
#422 = PLANE ( 'NONE',  #1124 ) ;
#423 = DIRECTION ( 'NONE',  ( 0.000000000000000000, 0.000000000000000000, -1.000000000000000000 ) ) ;
#424 = DIRECTION ( 'NONE',  ( 1.000000000000000000, 0.000000000000000000, 0.000000000000000000 ) ) ;
#425 = ORIENTED_EDGE ( 'NONE', *, *, #5023, .T. ) ;
#426 = ADVANCED_FACE ( 'NONE', ( #379 ), #4123, .F. ) ;
#427 = DIRECTION ( 'NONE',  ( 1.000000000000000000, 3.351228413831871846E-15, 8.979589471384858469E-16 ) ) ;
#428 = ORIENTED_EDGE ( 'NONE', *, *, #3855, .F. ) ;
#429 = VECTOR ( 'NONE', #3651, 1000.000000000000000 ) ;
#430 = DIRECTION ( 'NONE',  ( 0.000000000000000000, 0.9659258262890678681, 0.2588190451025226269 ) ) ;
#431 = CARTESIAN_POINT ( 'NONE',  ( -45.00000000000000000, 28.49999999999998934, -8.500000000000000000 ) ) ;
#432 = EDGE_CURVE ( 'NONE', #2285, #2913, #1122, .T. ) ;
#433 = VECTOR ( 'NONE', #3421, 1000.000000000000000 ) ;
#434 = AXIS2_PLACEMENT_3D ( 'NONE', #1718, #4603, #800 ) ;
#435 = CARTESIAN_POINT ( 'NONE',  ( -45.49999999999997868, 21.75000000000000355, 8.802867558307720444E-15 ) ) ;
#436 = ORIENTED_EDGE ( 'NONE', *, *, #652, .F. ) ;
#437 = DIRECTION ( 'NONE',  ( 1.000000000000000000, 0.000000000000000000, 0.000000000000000000 ) ) ;
#438 = DIRECTION ( 'NONE',  ( -0.000000000000000000, 0.2588190451025217387, -0.9659258262890680902 ) ) ;
#439 = AXIS2_PLACEMENT_3D ( 'NONE', #1095, #1816, #4009 ) ;
#440 = DIRECTION ( 'NONE',  ( 0.000000000000000000, -1.000000000000000000, 0.000000000000000000 ) ) ;
#441 = CIRCLE ( 'NONE', #4508, 1.500000000000001110 ) ;
#442 = CARTESIAN_POINT ( 'NONE',  ( 8.000000000000193623, -23.49999999999982236, -8.500000000000000000 ) ) ;
#443 = AXIS2_PLACEMENT_3D ( 'NONE', #421, #481, #2112 ) ;
#444 = LINE ( 'NONE', #3025, #5426 ) ;
#445 = CARTESIAN_POINT ( 'NONE',  ( -9.749999999999998224, 20.51463307345716203, 16.29574930672972854 ) ) ;
#446 = ORIENTED_EDGE ( 'NONE', *, *, #5413, .F. ) ;
#447 = DIRECTION ( 'NONE',  ( 0.000000000000000000, -0.9659258262890679791, -0.2588190451025216277 ) ) ;
#448 = EDGE_CURVE ( 'NONE', #3865, #2447, #4950, .T. ) ;
#449 = CONICAL_SURFACE ( 'NONE', #2045, 2.499999999999995115, 0.7853981633974517207 ) ;
#450 = DIRECTION ( 'NONE',  ( 0.000000000000000000, -1.000000000000000000, 1.734723475976807341E-16 ) ) ;
#451 = CARTESIAN_POINT ( 'NONE',  ( -9.749999999999998224, 21.77033664763294851, 16.63221406536300861 ) ) ;
#452 = DIRECTION ( 'NONE',  ( 0.000000000000000000, 1.000000000000000000, 1.882966322632667993E-16 ) ) ;
#453 = AXIS2_PLACEMENT_3D ( 'NONE', #4831, #1438, #2787 ) ;
#454 = PLANE ( 'NONE',  #2934 ) ;
#455 = ORIENTED_EDGE ( 'NONE', *, *, #2846, .T. ) ;
#456 = VERTEX_POINT ( 'NONE', #2038 ) ;
#457 = AXIS2_PLACEMENT_3D ( 'NONE', #1742, #4762, #2159 ) ;
#458 = DIRECTION ( 'NONE',  ( 1.000000000000000000, -1.156482317317876458E-15, 0.000000000000000000 ) ) ;
#459 = EDGE_CURVE ( 'NONE', #1146, #943, #3758, .T. ) ;
#460 = ORIENTED_EDGE ( 'NONE', *, *, #2725, .T. ) ;
#461 = LINE ( 'NONE', #3869, #2998 ) ;
#462 = CARTESIAN_POINT ( 'NONE',  ( -27.49999999999998579, 13.00000000000001066, 0.7499999999999943379 ) ) ;
#463 = EDGE_CURVE ( 'NONE', #65, #3960, #4588, .T. ) ;
#464 = CONICAL_SURFACE ( 'NONE', #1176, 2.499999999999998668, 0.7853981633974569387 ) ;
#465 = EDGE_CURVE ( 'NONE', #3026, #4416, #1223, .T. ) ;
#466 = AXIS2_PLACEMENT_3D ( 'NONE', #4979, #4240, #1721 ) ;
#467 = CARTESIAN_POINT ( 'NONE',  ( 9.750000000000001776, 16.36115202041416694, 15.18282741278888537 ) ) ;
#468 = ORIENTED_EDGE ( 'NONE', *, *, #1497, .F. ) ;
#469 = DIRECTION ( 'NONE',  ( 0.000000000000000000, 0.000000000000000000, 1.000000000000000000 ) ) ;
#470 = DIRECTION ( 'NONE',  ( -0.7071067811865401342, 0.7071067811865549002, 0.000000000000000000 ) ) ;
#471 = DIRECTION ( 'NONE',  ( -1.387778780781445367E-17, -0.2588190451025217942, 0.9659258262890679791 ) ) ;
#472 = EDGE_CURVE ( 'NONE', #161, #4592, #4511, .T. ) ;
#473 = CARTESIAN_POINT ( 'NONE',  ( -55.00000000000000000, 30.50000000000002842, -2.500000000000000000 ) ) ;
#474 = FACE_OUTER_BOUND ( 'NONE', #547, .T. ) ;
#475 = EDGE_CURVE ( 'NONE', #3754, #1312, #948, .T. ) ;
#476 = DIRECTION ( 'NONE',  ( 0.000000000000000000, 0.000000000000000000, 1.000000000000000000 ) ) ;
#477 = VERTEX_POINT ( 'NONE', #90 ) ;
#478 = TOROIDAL_SURFACE ( 'NONE', #5174, 4.500000000000000000, 2.000000000000000000 ) ;
#479 = CARTESIAN_POINT ( 'NONE',  ( 54.00000000000000711, 27.50000000000000000, -22.00000000000000355 ) ) ;
#480 = EDGE_LOOP ( 'NONE', ( #233, #5320, #5104, #420 ) ) ;
#481 = DIRECTION ( 'NONE',  ( -0.000000000000000000, -0.2588190451025216832, 0.9659258262890679791 ) ) ;
#482 = CARTESIAN_POINT ( 'NONE',  ( -45.00000000000000000, -23.50000000000000000, -22.00000000000000355 ) ) ;
#483 = LINE ( 'NONE', #5138, #2948 ) ;
#484 = ORIENTED_EDGE ( 'NONE', *, *, #2613, .T. ) ;
#485 = CARTESIAN_POINT ( 'NONE',  ( 15.50000000000000533, -20.00000000000000000, 3.000000000000011546 ) ) ;
#486 = DIRECTION ( 'NONE',  ( -0.7071067811865493491, 0.000000000000000000, 0.7071067811865455743 ) ) ;
#487 = DIRECTION ( 'NONE',  ( -0.000000000000000000, -0.000000000000000000, 1.000000000000000000 ) ) ;
#488 = EDGE_LOOP ( 'NONE', ( #5122, #2899, #2603, #2385 ) ) ;
#489 = ORIENTED_EDGE ( 'NONE', *, *, #5115, .T. ) ;
#490 = DIRECTION ( 'NONE',  ( 0.000000000000000000, 0.000000000000000000, 1.000000000000000000 ) ) ;
#491 = VERTEX_POINT ( 'NONE', #2625 ) ;
#492 = DIRECTION ( 'NONE',  ( 0.000000000000000000, 1.000000000000000000, -1.734723475976807341E-16 ) ) ;
#493 = LINE ( 'NONE', #520, #2950 ) ;
#494 = EDGE_CURVE ( 'NONE', #1972, #1420, #874, .T. ) ;
#495 = CARTESIAN_POINT ( 'NONE',  ( -45.00000000000000000, 28.49999999999998934, -22.00000000000000355 ) ) ;
#496 = ORIENTED_EDGE ( 'NONE', *, *, #2199, .T. ) ;
#497 = DIRECTION ( 'NONE',  ( 1.000000000000000000, 0.000000000000000000, 0.000000000000000000 ) ) ;
#498 = CARTESIAN_POINT ( 'NONE',  ( 55.00000000000000000, -22.50000000000000000, 0.9999999999999887867 ) ) ;
#499 = CARTESIAN_POINT ( 'NONE',  ( -55.00000000000000000, 25.00000000000000000, -2.500000000000000000 ) ) ;
#500 = EDGE_CURVE ( 'NONE', #3584, #2009, #2171, .T. ) ;
#501 = LINE ( 'NONE', #1298, #5437 ) ;
#502 = ADVANCED_FACE ( 'NONE', ( #3397 ), #3098, .F. ) ;
#503 = DIRECTION ( 'NONE',  ( 0.000000000000000000, 1.000000000000000000, 1.882966322632666514E-16 ) ) ;
#504 = ORIENTED_EDGE ( 'NONE', *, *, #2606, .T. ) ;
#505 = DIRECTION ( 'NONE',  ( 0.000000000000000000, -1.000000000000000000, 1.734723475976807341E-16 ) ) ;
#506 = VERTEX_POINT ( 'NONE', #2198 ) ;
#507 = CYLINDRICAL_SURFACE ( 'NONE', #352, 1.500000000000001110 ) ;
#508 = EDGE_CURVE ( 'NONE', #3293, #4435, #3862, .T. ) ;
#509 = CARTESIAN_POINT ( 'NONE',  ( 18.00000000000000711, 20.00000000000000000, -5.999999999999994671 ) ) ;
#510 = DIRECTION ( 'NONE',  ( -3.351228413831871846E-15, 1.000000000000000000, 0.000000000000000000 ) ) ;
#511 = FACE_OUTER_BOUND ( 'NONE', #5046, .T. ) ;
#512 = CARTESIAN_POINT ( 'NONE',  ( -54.00000000000000711, 25.00000000000000000, 9.414831613163337449E-15 ) ) ;
#513 = CYLINDRICAL_SURFACE ( 'NONE', #4171, 2.499999999999998668 ) ;
#514 = EDGE_CURVE ( 'NONE', #1590, #518, #3002, .T. ) ;
#515 = ORIENTED_EDGE ( 'NONE', *, *, #2974, .F. ) ;
#516 = ORIENTED_EDGE ( 'NONE', *, *, #1372, .F. ) ;
#517 = DIRECTION ( 'NONE',  ( -6.542051911182442865E-15, -0.7071067811865532349, 0.7071067811865416886 ) ) ;
#518 = VERTEX_POINT ( 'NONE', #1786 ) ;
#519 = CARTESIAN_POINT ( 'NONE',  ( -52.50000000000000000, -22.50000000000000355, 4.000000000000009770 ) ) ;
#520 = CARTESIAN_POINT ( 'NONE',  ( -29.50000000000000355, 21.75000000000000355, 8.802867558307720444E-15 ) ) ;
#521 = EDGE_CURVE ( 'NONE', #518, #491, #4722, .T. ) ;
#522 = VECTOR ( 'NONE', #3043, 1000.000000000000227 ) ;
#523 = LINE ( 'NONE', #4705, #2254 ) ;
#524 = VERTEX_POINT ( 'NONE', #2649 ) ;
#525 = FACE_OUTER_BOUND ( 'NONE', #4735, .T. ) ;
#526 = CARTESIAN_POINT ( 'NONE',  ( -26.74999999999998579, 18.99999999999998224, 8.285051819583733548E-15 ) ) ;
#527 = DIRECTION ( 'NONE',  ( 0.000000000000000000, -1.000000000000000000, 1.734723475976807341E-16 ) ) ;
#528 = AXIS2_PLACEMENT_3D ( 'NONE', #4143, #3297, #348 ) ;
#529 = VECTOR ( 'NONE', #2545, 1000.000000000000000 ) ;
#530 = DIRECTION ( 'NONE',  ( -0.7071067811865500152, 0.7071067811865450192, 0.000000000000000000 ) ) ;
#531 = ORIENTED_EDGE ( 'NONE', *, *, #4988, .F. ) ;
#532 = CARTESIAN_POINT ( 'NONE',  ( -55.00000000000000000, 22.77607596902182863, 8.996074207720798908E-15 ) ) ;
#533 = EDGE_CURVE ( 'NONE', #6, #166, #261, .T. ) ;
#534 = AXIS2_PLACEMENT_3D ( 'NONE', #610, #2302, #3378 ) ;
#535 = VERTEX_POINT ( 'NONE', #3445 ) ;
#536 = CYLINDRICAL_SURFACE ( 'NONE', #628, 1.500000000000001110 ) ;
#537 = EDGE_CURVE ( 'NONE', #3211, #2716, #2566, .T. ) ;
#538 = CARTESIAN_POINT ( 'NONE',  ( -8.000000000000000000, 31.01213974604118917, -20.23194711339421303 ) ) ;
#539 = ADVANCED_FACE ( 'NONE', ( #5140 ), #3981, .T. ) ;
#540 = LINE ( 'NONE', #2707, #2238 ) ;
#541 = ORIENTED_EDGE ( 'NONE', *, *, #2209, .F. ) ;
#542 = DIRECTION ( 'NONE',  ( 0.000000000000000000, 0.000000000000000000, 1.000000000000000000 ) ) ;
#543 = AXIS2_PLACEMENT_3D ( 'NONE', #2582, #2530, #3357 ) ;
#544 = CARTESIAN_POINT ( 'NONE',  ( 47.49999999999999289, 30.50000000000001421, -22.00000000000000711 ) ) ;
#545 = DIRECTION ( 'NONE',  ( -1.000000000000000000, 0.000000000000000000, 0.000000000000000000 ) ) ;
#546 = CIRCLE ( 'NONE', #1244, 2.749999999999999112 ) ;
#547 = EDGE_LOOP ( 'NONE', ( #4286, #3382, #2665, #1102 ) ) ;
#548 = AXIS2_PLACEMENT_3D ( 'NONE', #2856, #5032, #4619 ) ;
#549 = ORIENTED_EDGE ( 'NONE', *, *, #684, .T. ) ;
#550 = DIRECTION ( 'NONE',  ( 0.7071067811865470176, 0.000000000000000000, 0.7071067811865481278 ) ) ;
#551 = VECTOR ( 'NONE', #2222, 1000.000000000000000 ) ;
#552 = ORIENTED_EDGE ( 'NONE', *, *, #3694, .T. ) ;
#553 = DIRECTION ( 'NONE',  ( -1.000000000000000000, 0.000000000000000000, 0.000000000000000000 ) ) ;
#554 = DIRECTION ( 'NONE',  ( 1.000000000000000000, 0.000000000000000000, 0.000000000000000000 ) ) ;
#555 = CONICAL_SURFACE ( 'NONE', #898, 1.999999999999998224, 0.7853981633974576049 ) ;
#556 = CARTESIAN_POINT ( 'NONE',  ( 10.00000000000000711, 29.50000000000000355, -2.500000000000000888 ) ) ;
#557 = ORIENTED_EDGE ( 'NONE', *, *, #2116, .F. ) ;
#558 = DIRECTION ( 'NONE',  ( 1.000000000000000000, 0.000000000000000000, 0.000000000000000000 ) ) ;
#559 = CIRCLE ( 'NONE', #2334, 3.249999999999999556 ) ;
#560 = CARTESIAN_POINT ( 'NONE',  ( -9.749999999999998224, 19.06574433402355950, 15.90752073907594699 ) ) ;
#561 = LINE ( 'NONE', #2250, #979 ) ;
#562 = VECTOR ( 'NONE', #663, 1000.000000000000000 ) ;
#563 = CARTESIAN_POINT ( 'NONE',  ( -54.00000000000000711, 27.50000000000000000, -22.00000000000000355 ) ) ;
#564 = DIRECTION ( 'NONE',  ( 0.000000000000000000, 1.067522139062650277E-15, 1.000000000000000000 ) ) ;
#565 = FACE_OUTER_BOUND ( 'NONE', #3470, .T. ) ;
#566 = ORIENTED_EDGE ( 'NONE', *, *, #3117, .T. ) ;
#567 = ADVANCED_FACE ( 'NONE', ( #893 ), #1670, .T. ) ;
#568 = CIRCLE ( 'NONE', #5081, 1.500000000000001332 ) ;
#569 = FACE_OUTER_BOUND ( 'NONE', #3963, .T. ) ;
#570 = PLANE ( 'NONE',  #4464 ) ;
#571 = ORIENTED_EDGE ( 'NONE', *, *, #4638, .F. ) ;
#572 = CARTESIAN_POINT ( 'NONE',  ( 10.00000000000003020, 25.00000000000000000, -2.500000000000000000 ) ) ;
#573 = DIRECTION ( 'NONE',  ( -0.000000000000000000, -0.000000000000000000, 1.000000000000000000 ) ) ;
#574 = FACE_OUTER_BOUND ( 'NONE', #580, .T. ) ;
#575 = ORIENTED_EDGE ( 'NONE', *, *, #5496, .F. ) ;
#576 = EDGE_CURVE ( 'NONE', #754, #4465, #1054, .T. ) ;
#577 = ORIENTED_EDGE ( 'NONE', *, *, #3078, .F. ) ;
#578 = CARTESIAN_POINT ( 'NONE',  ( -54.00000000000000711, 27.50000000000000000, -2.500000000000001776 ) ) ;
#579 = EDGE_CURVE ( 'NONE', #1485, #1197, #1337, .T. ) ;
#580 = EDGE_LOOP ( 'NONE', ( #1737, #4491, #5116, #1251 ) ) ;
#581 = DIRECTION ( 'NONE',  ( 0.000000000000000000, 0.7071067811865541231, -0.7071067811865409114 ) ) ;
#582 = CARTESIAN_POINT ( 'NONE',  ( -48.24999999999998579, 13.00000000000001066, 7.155272026004139112E-15 ) ) ;
#583 = DIRECTION ( 'NONE',  ( 0.000000000000000000, -1.000000000000000000, 3.154042683594191669E-16 ) ) ;
#584 = ORIENTED_EDGE ( 'NONE', *, *, #2468, .F. ) ;
#585 = CARTESIAN_POINT ( 'NONE',  ( -26.42331416492100260, 25.00000000000000000, 9.215390309173487893 ) ) ;
#586 = DIRECTION ( 'NONE',  ( 0.000000000000000000, -0.2588190451025216832, 0.9659258262890680902 ) ) ;
#587 = EDGE_CURVE ( 'NONE', #5441, #5175, #5172, .T. ) ;
#588 = ORIENTED_EDGE ( 'NONE', *, *, #648, .F. ) ;
#589 = CARTESIAN_POINT ( 'NONE',  ( -52.50000000000000000, 27.50000000000000000, -22.00000000000000355 ) ) ;
#590 = ORIENTED_EDGE ( 'NONE', *, *, #1660, .F. ) ;
#591 = DIRECTION ( 'NONE',  ( 0.000000000000000000, -1.000000000000000000, 0.000000000000000000 ) ) ;
#592 = CARTESIAN_POINT ( 'NONE',  ( -7.001249498915014691, 22.77607596902182863, 1.040834085586084257E-14 ) ) ;
#593 = VERTEX_POINT ( 'NONE', #1363 ) ;
#594 = DIRECTION ( 'NONE',  ( 1.000000000000000000, 0.000000000000000000, 0.000000000000000000 ) ) ;
#595 = FACE_OUTER_BOUND ( 'NONE', #2960, .T. ) ;
#596 = ORIENTED_EDGE ( 'NONE', *, *, #537, .F. ) ;
#597 = CARTESIAN_POINT ( 'NONE',  ( 9.750000000000001776, 21.13629669484373252, 8.180114128763401382 ) ) ;
#598 = DIRECTION ( 'NONE',  ( 0.000000000000000000, 0.000000000000000000, -1.000000000000000000 ) ) ;
#599 = ORIENTED_EDGE ( 'NONE', *, *, #4791, .F. ) ;
#600 = LINE ( 'NONE', #4040, #3284 ) ;
#601 = ORIENTED_EDGE ( 'NONE', *, *, #5335, .F. ) ;
#602 = DIRECTION ( 'NONE',  ( 0.000000000000000000, -0.9659258262890678681, -0.2588190451025226269 ) ) ;
#603 = LINE ( 'NONE', #1932, #1421 ) ;
#604 = VERTEX_POINT ( 'NONE', #925 ) ;
#605 = EDGE_CURVE ( 'NONE', #3246, #82, #710, .T. ) ;
#606 = CARTESIAN_POINT ( 'NONE',  ( 15.50000000000000533, 20.00000000000000000, 0.7499999999999951150 ) ) ;
#607 = VERTEX_POINT ( 'NONE', #2117 ) ;
#608 = CARTESIAN_POINT ( 'NONE',  ( -52.50000000000000000, -22.50000000000000355, 4.000000000000009770 ) ) ;
#609 = EDGE_CURVE ( 'NONE', #2573, #4435, #1229, .T. ) ;
#610 = CARTESIAN_POINT ( 'NONE',  ( -55.00000000000000000, 25.00000000000000000, -2.500000000000000000 ) ) ;
#611 = ORIENTED_EDGE ( 'NONE', *, *, #1246, .F. ) ;
#612 = CARTESIAN_POINT ( 'NONE',  ( 7.001249498915021796, 22.77607596902182863, 6.938893903907228378E-15 ) ) ;
#613 = EDGE_LOOP ( 'NONE', ( #4141, #977, #2189, #3113 ) ) ;
#614 = CARTESIAN_POINT ( 'NONE',  ( 27.49999999999998579, 18.99999999999998934, 0.7499999999999954481 ) ) ;
#615 = EDGE_CURVE ( 'NONE', #3698, #2247, #2564, .T. ) ;
#616 = VECTOR ( 'NONE', #486, 1000.000000000000114 ) ;
#617 = CARTESIAN_POINT ( 'NONE',  ( 45.00000000000000000, 28.49999999999998934, -22.00000000000000711 ) ) ;
#618 = VERTEX_POINT ( 'NONE', #2763 ) ;
#619 = VECTOR ( 'NONE', #765, 1000.000000000000000 ) ;
#620 = CONICAL_SURFACE ( 'NONE', #4775, 2.000000000000001776, 0.7853981633974587151 ) ;
#621 = DIRECTION ( 'NONE',  ( 1.156482317317876458E-15, 1.000000000000000000, 1.882966322632667746E-16 ) ) ;
#622 = EDGE_CURVE ( 'NONE', #4925, #4524, #2262, .T. ) ;
#623 = ORIENTED_EDGE ( 'NONE', *, *, #3045, .F. ) ;
#624 = FACE_OUTER_BOUND ( 'NONE', #2551, .T. ) ;
#625 = VECTOR ( 'NONE', #5391, 1000.000000000000114 ) ;
#626 = EDGE_LOOP ( 'NONE', ( #2684, #1549, #2849, #131 ) ) ;
#627 = DIRECTION ( 'NONE',  ( 0.000000000000000000, -0.000000000000000000, 1.000000000000000000 ) ) ;
#628 = AXIS2_PLACEMENT_3D ( 'NONE', #3911, #119, #1811 ) ;
#629 = ORIENTED_EDGE ( 'NONE', *, *, #847, .T. ) ;
#630 = DIRECTION ( 'NONE',  ( 0.000000000000000000, 0.000000000000000000, -1.000000000000000000 ) ) ;
#631 = CYLINDRICAL_SURFACE ( 'NONE', #3022, 1.789374506571836498 ) ;
#632 = ORIENTED_EDGE ( 'NONE', *, *, #5191, .T. ) ;
#633 = EDGE_CURVE ( 'NONE', #660, #5446, #3803, .T. ) ;
#634 = VECTOR ( 'NONE', #2760, 1000.000000000000000 ) ;
#635 = CARTESIAN_POINT ( 'NONE',  ( 48.24999999999999289, 18.99999999999998579, 8.285051819583733548E-15 ) ) ;
#636 = VERTEX_POINT ( 'NONE', #3975 ) ;
#637 = FACE_OUTER_BOUND ( 'NONE', #71, .T. ) ;
#638 = ADVANCED_FACE ( 'NONE', ( #5222 ), #3176, .T. ) ;
#639 = ORIENTED_EDGE ( 'NONE', *, *, #3518, .T. ) ;
#640 = CARTESIAN_POINT ( 'NONE',  ( 8.000000000000024869, 25.61134327749335782, -0.07590029143525120481 ) ) ;
#641 = CIRCLE ( 'NONE', #1338, 2.499999999999995115 ) ;
#642 = ADVANCED_FACE ( 'NONE', ( #2709 ), #5489, .F. ) ;
#643 = VERTEX_POINT ( 'NONE', #1873 ) ;
#644 = AXIS2_PLACEMENT_3D ( 'NONE', #1633, #1212, #1602 ) ;
#645 = DIRECTION ( 'NONE',  ( 0.000000000000000000, -0.2588190451025216832, 0.9659258262890680902 ) ) ;
#646 = EDGE_LOOP ( 'NONE', ( #623, #5017 ) ) ;
#647 = DIRECTION ( 'NONE',  ( 1.000000000000000000, 0.000000000000000000, 0.000000000000000000 ) ) ;
#648 = EDGE_CURVE ( 'NONE', #3392, #3698, #4604, .T. ) ;
#649 = DIRECTION ( 'NONE',  ( 6.542051911182448387E-15, 0.7071067811865539010, 0.7071067811865411334 ) ) ;
#650 = VECTOR ( 'NONE', #355, 1000.000000000000000 ) ;
#651 = ORIENTED_EDGE ( 'NONE', *, *, #2883, .F. ) ;
#652 = EDGE_CURVE ( 'NONE', #1465, #1654, #5049, .T. ) ;
#653 = DIRECTION ( 'NONE',  ( -0.000000000000000000, -0.000000000000000000, 1.000000000000000000 ) ) ;
#654 = PRODUCT_DEFINITION_FORMATION_WITH_SPECIFIED_SOURCE ( 'ANY', '', #2852, .NOT_KNOWN. ) ;
#655 = VERTEX_POINT ( 'NONE', #5255 ) ;
#656 = DIRECTION ( 'NONE',  ( -1.000000000000000000, 0.000000000000000000, 0.000000000000000000 ) ) ;
#657 = ORIENTED_EDGE ( 'NONE', *, *, #3045, .T. ) ;
#658 = EDGE_CURVE ( 'NONE', #166, #5290, #4395, .T. ) ;
#659 = DIRECTION ( 'NONE',  ( 1.156482317317876458E-15, -1.000000000000000000, 1.734723475976807341E-16 ) ) ;
#660 = VERTEX_POINT ( 'NONE', #3950 ) ;
#661 = AXIS2_PLACEMENT_3D ( 'NONE', #412, #360, #3311 ) ;
#662 = LINE ( 'NONE', #2770, #1668 ) ;
#663 = DIRECTION ( 'NONE',  ( 0.000000000000000000, -1.000000000000000000, 1.734723475976807341E-16 ) ) ;
#664 = VERTEX_POINT ( 'NONE', #1448 ) ;
#665 = DIRECTION ( 'NONE',  ( 1.000000000000000000, 0.000000000000000000, 0.000000000000000000 ) ) ;
#666 = ORIENTED_EDGE ( 'NONE', *, *, #235, .T. ) ;
#667 = CARTESIAN_POINT ( 'NONE',  ( -7.885074934503834676, 27.50000000000000000, -7.500000000000001776 ) ) ;
#668 = ORIENTED_EDGE ( 'NONE', *, *, #4472, .T. ) ;
#669 = CARTESIAN_POINT ( 'NONE',  ( -8.000000000000083489, -23.50000000000006040, -8.500000000000000000 ) ) ;
#670 = DIRECTION ( 'NONE',  ( 1.000000000000000000, 1.084202172485506529E-16, 2.041516177715383523E-32 ) ) ;
#671 = ORIENTED_EDGE ( 'NONE', *, *, #4110, .T. ) ;
#672 = CARTESIAN_POINT ( 'NONE',  ( -55.00000000000000000, -22.50000000000000000, 0.9999999999999883427 ) ) ;
#673 = DIRECTION ( 'NONE',  ( 1.000000000000000000, 0.000000000000000000, 0.000000000000000000 ) ) ;
#674 = CARTESIAN_POINT ( 'NONE',  ( 29.50000000000000355, 21.00000000000000000, 3.250000000000013323 ) ) ;
#675 = EDGE_LOOP ( 'NONE', ( #308, #3366, #1709, #2981 ) ) ;
#676 = EDGE_CURVE ( 'NONE', #4346, #4624, #150, .T. ) ;
#677 = CARTESIAN_POINT ( 'NONE',  ( -52.50000000000000000, 31.50000000000000000, -22.00000000000000355 ) ) ;
#678 = ORIENTED_EDGE ( 'NONE', *, *, #1275, .T. ) ;
#679 = CARTESIAN_POINT ( 'NONE',  ( 45.49999999999998579, 13.00000000000000000, -5.999999999999994671 ) ) ;
#680 = EDGE_CURVE ( 'NONE', #2708, #4982, #4078, .T. ) ;
#681 = ORIENTED_EDGE ( 'NONE', *, *, #4399, .T. ) ;
#682 = ORIENTED_EDGE ( 'NONE', *, *, #1082, .T. ) ;
#683 = LINE ( 'NONE', #1068, #429 ) ;
#684 = EDGE_CURVE ( 'NONE', #4524, #2819, #3889, .T. ) ;
#685 = DIRECTION ( 'NONE',  ( 0.000000000000000000, -1.000000000000000000, -1.882966322632667746E-16 ) ) ;
#686 = ORIENTED_EDGE ( 'NONE', *, *, #3395, .T. ) ;
#687 = DIRECTION ( 'NONE',  ( -0.7071067811865532349, 0.000000000000000000, -0.7071067811865416886 ) ) ;
#688 = ORIENTED_EDGE ( 'NONE', *, *, #4499, .F. ) ;
#689 = CARTESIAN_POINT ( 'NONE',  ( 8.016486971549070972, 25.00000000000000000, 2.256273420325494161 ) ) ;
#690 = ORIENTED_EDGE ( 'NONE', *, *, #2608, .T. ) ;
#691 = ADVANCED_FACE ( 'NONE', ( #1418 ), #2348, .F. ) ;
#692 = DIRECTION ( 'NONE',  ( 0.000000000000000000, 1.000000000000000000, 1.882966322632667746E-16 ) ) ;
#693 = ORIENTED_EDGE ( 'NONE', *, *, #1372, .T. ) ;
#694 = FACE_OUTER_BOUND ( 'NONE', #1638, .T. ) ;
#695 = ORIENTED_EDGE ( 'NONE', *, *, #3015, .T. ) ;
#696 = DIRECTION ( 'NONE',  ( 0.000000000000000000, 0.000000000000000000, -1.000000000000000000 ) ) ;
#697 = CARTESIAN_POINT ( 'NONE',  ( 52.50000000000000000, 30.50000000000001421, -24.50000000000000000 ) ) ;
#698 = AXIS2_PLACEMENT_3D ( 'NONE', #1048, #3142, #2807 ) ;
#699 = ADVANCED_FACE ( 'NONE', ( #2735 ), #3530, .F. ) ;
#701 = AXIS2_PLACEMENT_3D ( 'NONE', #3159, #1100, #630 ) ;
#700 = DIRECTION ( 'NONE',  ( 0.000000000000000000, -1.000000000000000000, -1.882966322632667746E-16 ) ) ;
#702 = ORIENTED_EDGE ( 'NONE', *, *, #4621, .F. ) ;
#703 = ADVANCED_FACE ( 'NONE', ( #624 ), #4813, .F. ) ;
#704 = CARTESIAN_POINT ( 'NONE',  ( -55.00000000000000000, -22.50000000000000000, 3.000000000000035971 ) ) ;
#705 = VERTEX_POINT ( 'NONE', #1010 ) ;
#706 = CIRCLE ( 'NONE', #350, 2.750000000000000888 ) ;
#707 = VECTOR ( 'NONE', #2655, 1000.000000000000114 ) ;
#708 = EDGE_CURVE ( 'NONE', #1420, #3754, #124, .T. ) ;
#709 = EDGE_LOOP ( 'NONE', ( #2653, #2815, #1262, #3985, #1222 ) ) ;
#710 = CIRCLE ( 'NONE', #2034, 2.000000000000000000 ) ;
#711 = DIRECTION ( 'NONE',  ( -1.261617073437678245E-15, 1.000000000000000000, 1.882966322632668732E-16 ) ) ;
#712 = VECTOR ( 'NONE', #1486, 1000.000000000000000 ) ;
#713 = FACE_BOUND ( 'NONE', #2060, .T. ) ;
#714 = ORIENTED_EDGE ( 'NONE', *, *, #4806, .T. ) ;
#715 = COLOUR_RGB ( '',0.7921568627450980005, 0.8196078431372548767, 0.9333333333333333481 ) ;
#716 = CARTESIAN_POINT ( 'NONE',  ( -14.00000000000000178, 25.00000000000000000, 6.000000000000005329 ) ) ;
#717 = VERTEX_POINT ( 'NONE', #1928 ) ;
#718 = LINE ( 'NONE', #1936, #5071 ) ;
#719 = CARTESIAN_POINT ( 'NONE',  ( 22.70885981545882260, -15.00000000000000178, 1.734723475976807094E-15 ) ) ;
#720 = DIRECTION ( 'NONE',  ( 0.000000000000000000, 0.000000000000000000, 1.000000000000000000 ) ) ;
#721 = CIRCLE ( 'NONE', #3811, 1.500000000000001332 ) ;
#722 = VECTOR ( 'NONE', #5252, 1000.000000000000000 ) ;
#723 = ORIENTED_EDGE ( 'NONE', *, *, #2078, .T. ) ;
#724 = DIRECTION ( 'NONE',  ( 0.000000000000000000, 0.000000000000000000, -1.000000000000000000 ) ) ;
#725 = ORIENTED_EDGE ( 'NONE', *, *, #4204, .F. ) ;
#726 = CARTESIAN_POINT ( 'NONE',  ( 20.50000000000000355, -20.00000000000000000, 3.000000000000011546 ) ) ;
#727 = DIRECTION ( 'NONE',  ( 1.000000000000000000, 0.000000000000000000, 0.000000000000000000 ) ) ;
#728 = DIRECTION ( 'NONE',  ( -1.000000000000000000, 0.000000000000000000, -0.000000000000000000 ) ) ;
#729 = VECTOR ( 'NONE', #5223, 1000.000000000000000 ) ;
#730 = CONICAL_SURFACE ( 'NONE', #3825, 2.000000000000001776, 0.7853981633974569387 ) ;
#731 = VECTOR ( 'NONE', #3710, 1000.000000000000000 ) ;
#732 = LINE ( 'NONE', #4943, #3298 ) ;
#733 = ORIENTED_EDGE ( 'NONE', *, *, #3755, .F. ) ;
#734 = CARTESIAN_POINT ( 'NONE',  ( -9.749999999999998224, 28.90086804791938846, -20.79766065990863666 ) ) ;
#735 = VECTOR ( 'NONE', #3327, 999.9999999999998863 ) ;
#736 = ADVANCED_FACE ( 'NONE', ( #5198 ), #3091, .F. ) ;
#737 = EDGE_LOOP ( 'NONE', ( #4111, #5201, #3674, #4644 ) ) ;
#738 = EDGE_CURVE ( 'NONE', #1650, #1654, #4505, .T. ) ;
#739 = EDGE_LOOP ( 'NONE', ( #4930, #1358, #723, #3724 ) ) ;
#740 = LINE ( 'NONE', #5429, #619 ) ;
#741 = CARTESIAN_POINT ( 'NONE',  ( -7.999999999999998224, 25.00000000000000000, 6.000000000000002665 ) ) ;
#742 = AXIS2_PLACEMENT_3D ( 'NONE', #3632, #645, #5294 ) ;
#743 = EDGE_CURVE ( 'NONE', #607, #4794, #5340, .T. ) ;
#744 = ORIENTED_EDGE ( 'NONE', *, *, #4576, .T. ) ;
#745 = EDGE_CURVE ( 'NONE', #717, #524, #4140, .T. ) ;
#746 = VECTOR ( 'NONE', #670, 1000.000000000000000 ) ;
#747 = FACE_OUTER_BOUND ( 'NONE', #3690, .T. ) ;
#748 = ORIENTED_EDGE ( 'NONE', *, *, #2817, .T. ) ;
#749 = CARTESIAN_POINT ( 'NONE',  ( 54.00000000000000000, 25.00000000000000000, 4.000000000000000888 ) ) ;
#750 = FACE_OUTER_BOUND ( 'NONE', #2522, .T. ) ;
#751 = DIRECTION ( 'NONE',  ( 1.261617073437678245E-15, -1.000000000000000000, 3.154042683594195614E-16 ) ) ;
#752 = ORIENTED_EDGE ( 'NONE', *, *, #3062, .F. ) ;
#753 = CARTESIAN_POINT ( 'NONE',  ( -27.49999999999998579, 18.99999999999998934, -5.999999999999994671 ) ) ;
#754 = VERTEX_POINT ( 'NONE', #781 ) ;
#755 = CARTESIAN_POINT ( 'NONE',  ( -54.00000000000002842, 31.50000000000000000, -2.500000000000000888 ) ) ;
#756 = DIRECTION ( 'NONE',  ( 0.7071067811865450192, -0.7071067811865500152, 0.000000000000000000 ) ) ;
#757 = CARTESIAN_POINT ( 'NONE',  ( 13.00000000000000533, -25.00000000000000000, 6.000000000000005329 ) ) ;
#758 = FACE_OUTER_BOUND ( 'NONE', #1507, .T. ) ;
#759 = ADVANCED_FACE ( 'NONE', ( #2004 ), #4167, .T. ) ;
#760 = CARTESIAN_POINT ( 'NONE',  ( 8.000000000000001776, 27.86670738044103146, 9.983522236699005958 ) ) ;
#761 = ORIENTED_EDGE ( 'NONE', *, *, #2295, .T. ) ;
#762 = CARTESIAN_POINT ( 'NONE',  ( 52.50000000000000000, -24.99999999999999645, 3.000000000000022204 ) ) ;
#763 = ORIENTED_EDGE ( 'NONE', *, *, #2290, .T. ) ;
#764 = ORIENTED_EDGE ( 'NONE', *, *, #3509, .T. ) ;
#765 = DIRECTION ( 'NONE',  ( -4.906538933386937659E-15, -0.7071067811865487940, -0.7071067811865463515 ) ) ;
#766 = LINE ( 'NONE', #5008, #4 ) ;
#767 = ORIENTED_EDGE ( 'NONE', *, *, #658, .F. ) ;
#768 = ORIENTED_EDGE ( 'NONE', *, *, #3794, .T. ) ;
#769 = CARTESIAN_POINT ( 'NONE',  ( 18.00000000000000711, 20.00000000000000000, 0.7499999999999954481 ) ) ;
#770 = VERTEX_POINT ( 'NONE', #4535 ) ;
#771 = CARTESIAN_POINT ( 'NONE',  ( -55.00000000000000000, 30.50000000000002842, -24.50000000000000000 ) ) ;
#772 = ADVANCED_FACE ( 'NONE', ( #320 ), #179, .F. ) ;
#773 = ORIENTED_EDGE ( 'NONE', *, *, #1321, .T. ) ;
#774 = CARTESIAN_POINT ( 'NONE',  ( 9.750000000000001776, 21.13629669484373608, 8.180114128763404935 ) ) ;
#775 = VERTEX_POINT ( 'NONE', #3752 ) ;
#776 = DIRECTION ( 'NONE',  ( 1.000000000000000000, 0.000000000000000000, 0.000000000000000000 ) ) ;
#777 = CARTESIAN_POINT ( 'NONE',  ( -55.00000000000000000, 28.49999999999998579, -22.00000000000000355 ) ) ;
#778 = CARTESIAN_POINT ( 'NONE',  ( 52.50000000000000000, 28.49999999999998579, -22.00000000000000355 ) ) ;
#779 = FACE_BOUND ( 'NONE', #2829, .T. ) ;
#780 = EDGE_LOOP ( 'NONE', ( #5477, #4561, #811, #2722 ) ) ;
#781 = CARTESIAN_POINT ( 'NONE',  ( -9.749999999999998224, 17.61685559458995343, 15.51929217142216544 ) ) ;
#782 = VERTEX_POINT ( 'NONE', #4945 ) ;
#783 = AXIS2_PLACEMENT_3D ( 'NONE', #3844, #42, #15 ) ;
#784 = CARTESIAN_POINT ( 'NONE',  ( -45.49999999999996447, 10.24999999999999822, 4.000000000000003553 ) ) ;
#785 = DIRECTION ( 'NONE',  ( 1.000000000000000000, 0.000000000000000000, 0.000000000000000000 ) ) ;
#786 = CONICAL_SURFACE ( 'NONE', #1583, 2.499999999999998668, 0.7853981633974582710 ) ;
#787 = ORIENTED_EDGE ( 'NONE', *, *, #129, .F. ) ;
#788 = VECTOR ( 'NONE', #4280, 1000.000000000000000 ) ;
#789 = CIRCLE ( 'NONE', #3890, 2.000000000000001776 ) ;
#790 = ORIENTED_EDGE ( 'NONE', *, *, #615, .T. ) ;
#791 = CARTESIAN_POINT ( 'NONE',  ( 45.49999999999997158, 11.00000000000000000, 3.250000000000015099 ) ) ;
#792 = ORIENTED_EDGE ( 'NONE', *, *, #1619, .F. ) ;
#793 = DIRECTION ( 'NONE',  ( 0.000000000000000000, 0.000000000000000000, -1.000000000000000000 ) ) ;
#794 = TOROIDAL_SURFACE ( 'NONE', #1234, 4.500000000000000000, 2.000000000000000000 ) ;
#795 = EDGE_CURVE ( 'NONE', #2630, #3119, #3339, .T. ) ;
#796 = PLANE ( 'NONE',  #4724 ) ;
#797 = EDGE_LOOP ( 'NONE', ( #2012, #328, #5376, #1125 ) ) ;
#798 = DIRECTION ( 'NONE',  ( 0.000000000000000000, 1.000000000000000000, 1.882966322632668732E-16 ) ) ;
#799 = VECTOR ( 'NONE', #4297, 1000.000000000000000 ) ;
#800 = DIRECTION ( 'NONE',  ( 1.000000000000000000, 0.000000000000000000, 0.000000000000000000 ) ) ;
#801 = DIRECTION ( 'NONE',  ( 0.000000000000000000, 0.000000000000000000, 1.000000000000000000 ) ) ;
#802 = VECTOR ( 'NONE', #4502, 1000.000000000000000 ) ;
#803 = ADVANCED_FACE ( 'NONE', ( #373 ), #2432, .T. ) ;
#804 = AXIS2_PLACEMENT_3D ( 'NONE', #4404, #3245, #186 ) ;
#805 = EDGE_CURVE ( 'NONE', #82, #878, #2061, .T. ) ;
#806 = AXIS2_PLACEMENT_3D ( 'NONE', #614, #3634, #200 ) ;
#807 = FACE_OUTER_BOUND ( 'NONE', #1599, .T. ) ;
#808 = ORIENTED_EDGE ( 'NONE', *, *, #4024, .T. ) ;
#809 = CARTESIAN_POINT ( 'NONE',  ( -54.00000000000000711, 25.00000000000000000, 9.414831613163337449E-15 ) ) ;
#810 = ADVANCED_FACE ( 'NONE', ( #2847 ), #344, .T. ) ;
#811 = ORIENTED_EDGE ( 'NONE', *, *, #2705, .T. ) ;
#812 = DIRECTION ( 'NONE',  ( 0.000000000000000000, 0.000000000000000000, -1.000000000000000000 ) ) ;
#813 = VECTOR ( 'NONE', #4044, 1000.000000000000000 ) ;
#814 = LINE ( 'NONE', #2518, #1245 ) ;
#815 = VECTOR ( 'NONE', #4490, 1000.000000000000000 ) ;
#816 = ADVANCED_FACE ( 'NONE', ( #2373 ), #3644, .F. ) ;
#817 = ORIENTED_EDGE ( 'NONE', *, *, #1869, .T. ) ;
#818 = CARTESIAN_POINT ( 'NONE',  ( 13.00000000000000533, -25.00000000000000000, 5.000000000000004441 ) ) ;
#819 = ORIENTED_EDGE ( 'NONE', *, *, #2315, .T. ) ;
#820 = LINE ( 'NONE', #329, #735 ) ;
#821 = ORIENTED_EDGE ( 'NONE', *, *, #4573, .T. ) ;
#822 = DIRECTION ( 'NONE',  ( -0.000000000000000000, -0.000000000000000000, 1.000000000000000000 ) ) ;
#823 = CARTESIAN_POINT ( 'NONE',  ( 45.49999999999998579, 13.00000000000000000, 3.250000000000015099 ) ) ;
#824 = ORIENTED_EDGE ( 'NONE', *, *, #4733, .T. ) ;
#825 = LINE ( 'NONE', #2552, #1343 ) ;
#826 = CARTESIAN_POINT ( 'NONE',  ( -50.00000000000000000, 27.50000000000000355, -18.99999999999999645 ) ) ;
#827 = VECTOR ( 'NONE', #1458, 1000.000000000000000 ) ;
#828 = CARTESIAN_POINT ( 'NONE',  ( -47.49999999999999289, 18.99999999999998579, 3.250000000000015099 ) ) ;
#829 = LINE ( 'NONE', #442, #4810 ) ;
#830 = CARTESIAN_POINT ( 'NONE',  ( -7.885074934503834676, 27.50000000000000000, -7.500000000000001776 ) ) ;
#831 = DIRECTION ( 'NONE',  ( -0.000000000000000000, -1.882966322632667746E-16, 1.000000000000000000 ) ) ;
#832 = VERTEX_POINT ( 'NONE', #3725 ) ;
#833 = CARTESIAN_POINT ( 'NONE',  ( 9.750000000000001776, 21.13629669484373252, 8.180114128763401382 ) ) ;
#834 = EDGE_CURVE ( 'NONE', #1663, #2799, #5129, .T. ) ;
#835 = ORIENTED_EDGE ( 'NONE', *, *, #89, .T. ) ;
#836 = DIRECTION ( 'NONE',  ( -0.5773502691896258421, -0.5773502691896218453, -0.5773502691896296168 ) ) ;
#837 = EDGE_CURVE ( 'NONE', #1197, #2927, #4120, .T. ) ;
#838 = DIRECTION ( 'NONE',  ( 0.000000000000000000, -0.000000000000000000, 1.000000000000000000 ) ) ;
#839 = CARTESIAN_POINT ( 'NONE',  ( -29.49999999999998579, 19.00000000000000355, 0.7499999999999954481 ) ) ;
#840 = DIRECTION ( 'NONE',  ( -3.469446951953613400E-15, 1.000000000000000000, 0.000000000000000000 ) ) ;
#841 = ORIENTED_EDGE ( 'NONE', *, *, #1145, .F. ) ;
#842 = CARTESIAN_POINT ( 'NONE',  ( -29.50000000000000355, 21.00000000000000000, 0.7499999999999954481 ) ) ;
#843 = EDGE_CURVE ( 'NONE', #3701, #1183, #1613, .T. ) ;
#844 = ORIENTED_EDGE ( 'NONE', *, *, #5433, .F. ) ;
#845 = DIRECTION ( 'NONE',  ( 0.000000000000000000, 0.2588190451025230154, -0.9659258262890677571 ) ) ;
#846 = FACE_OUTER_BOUND ( 'NONE', #4195, .T. ) ;
#847 = EDGE_CURVE ( 'NONE', #491, #1459, #3447, .T. ) ;
#848 = LINE ( 'NONE', #467, #3473 ) ;
#849 = ORIENTED_EDGE ( 'NONE', *, *, #4233, .T. ) ;
#850 = CARTESIAN_POINT ( 'NONE',  ( -45.49999999999997158, 11.00000000000000000, -5.999999999999994671 ) ) ;
#851 = DIRECTION ( 'NONE',  ( -0.7071067811865521247, 0.000000000000000000, 0.7071067811865430208 ) ) ;
#852 = DIRECTION ( 'NONE',  ( 1.000000000000000000, 0.000000000000000000, 0.000000000000000000 ) ) ;
#853 = VECTOR ( 'NONE', #836, 1000.000000000000000 ) ;
#854 = DIRECTION ( 'NONE',  ( -0.000000000000000000, -0.000000000000000000, 1.000000000000000000 ) ) ;
#855 = CARTESIAN_POINT ( 'NONE',  ( -14.75000000000000533, 20.00000000000000355, 8.473348451847003231E-15 ) ) ;
#856 = LINE ( 'NONE', #2478, #1960 ) ;
#857 = ORIENTED_EDGE ( 'NONE', *, *, #2651, .F. ) ;
#858 = CARTESIAN_POINT ( 'NONE',  ( -11.50000000000000178, 25.00000000000000000, 4.000000000000005329 ) ) ;
#859 = VERTEX_POINT ( 'NONE', #704 ) ;
#860 = ADVANCED_FACE ( 'NONE', ( #2401 ), #5368, .F. ) ;
#861 = DIRECTION ( 'NONE',  ( -1.387778780781444492E-15, -1.000000000000000000, 0.000000000000000000 ) ) ;
#862 = EDGE_CURVE ( 'NONE', #3579, #4664, #3290, .T. ) ;
#863 = DIRECTION ( 'NONE',  ( 0.000000000000000000, -0.9659258262890682012, -0.2588190451025214611 ) ) ;
#864 = CARTESIAN_POINT ( 'NONE',  ( 9.750000000000001776, 20.87747764974120557, 9.146039955052483350 ) ) ;
#865 = EDGE_LOOP ( 'NONE', ( #2489, #857, #4094, #5450 ) ) ;
#866 = AXIS2_PLACEMENT_3D ( 'NONE', #4438, #1520, #4470 ) ;
#867 = CARTESIAN_POINT ( 'NONE',  ( 29.49999999999998579, 19.00000000000000355, 8.285051819583736703E-15 ) ) ;
#868 = ADVANCED_FACE ( 'NONE', ( #2591 ), #5167, .T. ) ;
#869 = ORIENTED_EDGE ( 'NONE', *, *, #4746, .F. ) ;
#870 = VECTOR ( 'NONE', #4700, 1000.000000000000000 ) ;
#871 = LINE ( 'NONE', #2574, #4513 ) ;
#872 = CARTESIAN_POINT ( 'NONE',  ( -55.00000000000000000, -25.00000000000000000, 4.000000000000009770 ) ) ;
#873 = EDGE_CURVE ( 'NONE', #156, #959, #2750, .T. ) ;
#874 = CIRCLE ( 'NONE', #3883, 1.500000000000001332 ) ;
#875 = VECTOR ( 'NONE', #4158, 1000.000000000000114 ) ;
#876 = CARTESIAN_POINT ( 'NONE',  ( 10.00000000000001421, 29.50000000000000000, -8.500000000000000000 ) ) ;
#877 = AXIS2_PLACEMENT_3D ( 'NONE', #4381, #2273, #3959 ) ;
#878 = VERTEX_POINT ( 'NONE', #858 ) ;
#879 = CARTESIAN_POINT ( 'NONE',  ( -7.016361530679053438, 24.34561745758189488, 1.059992623717333245E-14 ) ) ;
#880 = DIRECTION ( 'NONE',  ( 0.000000000000000000, 0.000000000000000000, -1.000000000000000000 ) ) ;
#881 = AXIS2_PLACEMENT_3D ( 'NONE', #597, #1503, #3125 ) ;
#882 = DIRECTION ( 'NONE',  ( 0.000000000000000000, -1.000000000000000000, 0.000000000000000000 ) ) ;
#883 = DIRECTION ( 'NONE',  ( -0.000000000000000000, -0.7071067811865409114, -0.7071067811865541231 ) ) ;
#884 = CIRCLE ( 'NONE', #1682, 2.750000000000002665 ) ;
#885 = CARTESIAN_POINT ( 'NONE',  ( -54.00000000000002132, 31.50000000000000000, -22.00000000000000355 ) ) ;
#886 = LINE ( 'NONE', #532, #2226 ) ;
#887 = VERTEX_POINT ( 'NONE', #3471 ) ;
#888 = DIRECTION ( 'NONE',  ( 0.000000000000000000, 0.000000000000000000, 1.000000000000000000 ) ) ;
#889 = VECTOR ( 'NONE', #3160, 1000.000000000000000 ) ;
#890 = DIRECTION ( 'NONE',  ( -7.666467083416825084E-17, 0.7071067811865421326, 0.7071067811865530128 ) ) ;
#891 = DIRECTION ( 'NONE',  ( 0.000000000000000000, -0.7071067811865524577, 0.7071067811865425767 ) ) ;
#892 = ADVANCED_FACE ( 'NONE', ( #4196 ), #507, .F. ) ;
#893 = FACE_OUTER_BOUND ( 'NONE', #4579, .T. ) ;
#894 = AXIS2_PLACEMENT_3D ( 'NONE', #3716, #756, #5020 ) ;
#895 = LINE ( 'NONE', #2598, #1691 ) ;
#896 = ORIENTED_EDGE ( 'NONE', *, *, #228, .F. ) ;
#897 = VERTEX_POINT ( 'NONE', #5132 ) ;
#898 = AXIS2_PLACEMENT_3D ( 'NONE', #3258, #2000, #4336 ) ;
#899 = CARTESIAN_POINT ( 'NONE',  ( -45.00000000000000000, 28.49999999999998934, -8.500000000000000000 ) ) ;
#900 = ORIENTED_EDGE ( 'NONE', *, *, #310, .F. ) ;
#901 = ADVANCED_FACE ( 'NONE', ( #2621 ), #30, .F. ) ;
#902 = DIRECTION ( 'NONE',  ( 0.000000000000000000, -0.9659258262890679791, -0.2588190451025217387 ) ) ;
#903 = CARTESIAN_POINT ( 'NONE',  ( 47.49999999999998579, 13.00000000000001066, 0.7499999999999937828 ) ) ;
#904 = AXIS2_PLACEMENT_3D ( 'NONE', #4411, #4075, #3661 ) ;
#905 = ADVANCED_FACE ( 'NONE', ( #2953 ), #2561, .T. ) ;
#906 = VECTOR ( 'NONE', #3294, 1000.000000000000000 ) ;
#907 = CARTESIAN_POINT ( 'NONE',  ( 45.99999999999999289, 27.50000000000000000, -22.00000000000000711 ) ) ;
#908 = VERTEX_POINT ( 'NONE', #4642 ) ;
#909 = CARTESIAN_POINT ( 'NONE',  ( -47.50000000000001421, 28.49999999999998934, -24.50000000000000000 ) ) ;
#910 = EDGE_CURVE ( 'NONE', #1867, #705, #4218, .T. ) ;
#911 = LINE ( 'NONE', #2699, #2294 ) ;
#912 = FACE_OUTER_BOUND ( 'NONE', #3326, .T. ) ;
#913 = FACE_OUTER_BOUND ( 'NONE', #2369, .T. ) ;
#914 = DIRECTION ( 'NONE',  ( -1.000000000000000000, 0.000000000000000000, -0.000000000000000000 ) ) ;
#915 = EDGE_LOOP ( 'NONE', ( #790, #3450, #2296, #5242 ) ) ;
#916 = AXIS2_PLACEMENT_3D ( 'NONE', #2299, #1430, #3220 ) ;
#917 = LINE ( 'NONE', #3469, #551 ) ;
#918 = ORIENTED_EDGE ( 'NONE', *, *, #2008, .T. ) ;
#919 = ADVANCED_FACE ( 'NONE', ( #4717 ), #4246, .T. ) ;
#920 =( LENGTH_UNIT ( ) NAMED_UNIT ( * ) SI_UNIT ( .MILLI., .METRE. ) );
#921 = ORIENTED_EDGE ( 'NONE', *, *, #4958, .F. ) ;
#922 = DIRECTION ( 'NONE',  ( -0.000000000000000000, -0.2588190451025216832, 0.9659258262890680902 ) ) ;
#923 = DIRECTION ( 'NONE',  ( 0.7071067811865541231, 0.000000000000000000, 0.7071067811865409114 ) ) ;
#924 = LINE ( 'NONE', #34, #98 ) ;
#925 = CARTESIAN_POINT ( 'NONE',  ( 13.99999999999999822, 22.50000000000000355, 8.545517328095678877 ) ) ;
#926 = FACE_OUTER_BOUND ( 'NONE', #2719, .T. ) ;
#927 = ORIENTED_EDGE ( 'NONE', *, *, #2124, .T. ) ;
#928 = ORIENTED_EDGE ( 'NONE', *, *, #1428, .T. ) ;
#929 = DIRECTION ( 'NONE',  ( 1.000000000000000000, -1.084202172485506529E-16, 1.880790961315663844E-32 ) ) ;
#930 = ORIENTED_EDGE ( 'NONE', *, *, #4988, .T. ) ;
#931 = CARTESIAN_POINT ( 'NONE',  ( -14.00000000000000178, 22.50000000000000355, 4.000000000000005329 ) ) ;
#932 = DIRECTION ( 'NONE',  ( 0.000000000000000000, 0.2588190451025230154, -0.9659258262890677571 ) ) ;
#933 = LINE ( 'NONE', #2633, #4897 ) ;
#934 = ORIENTED_EDGE ( 'NONE', *, *, #2774, .F. ) ;
#935 = LINE ( 'NONE', #585, #1973 ) ;
#936 = EDGE_CURVE ( 'NONE', #4624, #378, #5412, .T. ) ;
#937 = FACE_OUTER_BOUND ( 'NONE', #4146, .T. ) ;
#938 = CARTESIAN_POINT ( 'NONE',  ( 55.00000000000000000, 30.50000000000001421, -2.500000000000000888 ) ) ;
#939 = PLANE ( 'NONE',  #466 ) ;
#940 = PLANE ( 'NONE',  #101 ) ;
#941 = ORIENTED_EDGE ( 'NONE', *, *, #4975, .T. ) ;
#942 = DIRECTION ( 'NONE',  ( 0.000000000000000000, 0.000000000000000000, -1.000000000000000000 ) ) ;
#943 = VERTEX_POINT ( 'NONE', #399 ) ;
#944 = PLANE ( 'NONE',  #4787 ) ;
#945 = CARTESIAN_POINT ( 'NONE',  ( -14.00000000000000178, 23.96446609406726580, 8.937919835343761221 ) ) ;
#946 = ORIENTED_EDGE ( 'NONE', *, *, #5487, .F. ) ;
#947 = DIRECTION ( 'NONE',  ( -0.7071067811865531239, 0.000000000000000000, 0.7071067811865420216 ) ) ;
#948 = LINE ( 'NONE', #512, #616 ) ;
#949 = B_SPLINE_CURVE_WITH_KNOTS ( 'NONE', 3,
 ( #640, #1462, #2781, #5354 ),
 .UNSPECIFIED., .F., .F.,
 ( 4, 4 ),
 ( 1.359636643909651276E-17, 0.0008174904253153927490 ),
 .UNSPECIFIED. ) ;
#950 = DIRECTION ( 'NONE',  ( 0.000000000000000000, -1.000000000000000000, 1.734723475976807341E-16 ) ) ;
#951 = ORIENTED_EDGE ( 'NONE', *, *, #2910, .F. ) ;
#952 = ORIENTED_EDGE ( 'NONE', *, *, #338, .T. ) ;
#953 = CARTESIAN_POINT ( 'NONE',  ( 54.00000000000001421, -22.50000000000000000, 4.707415806581655314E-16 ) ) ;
#954 = ORIENTED_EDGE ( 'NONE', *, *, #1659, .T. ) ;
#955 = LINE ( 'NONE', #1762, #870 ) ;
#956 = FACE_BOUND ( 'NONE', #1935, .T. ) ;
#957 = AXIS2_PLACEMENT_3D ( 'NONE', #431, #4992, #4575 ) ;
#958 = DIRECTION ( 'NONE',  ( 0.7071067811865411334, 9.509023144457424892E-16, -0.7071067811865539010 ) ) ;
#959 = VERTEX_POINT ( 'NONE', #1304 ) ;
#960 = MANIFOLD_SOLID_BREP ( 'Chamfer6', #5119 ) ;
#961 = LINE ( 'NONE', #5155, #4102 ) ;
#962 = CARTESIAN_POINT ( 'NONE',  ( -29.50000000000000355, 21.00000000000000000, 3.250000000000015099 ) ) ;
#963 = DIRECTION ( 'NONE',  ( 0.7071067811865532349, 0.000000000000000000, 0.7071067811865416886 ) ) ;
#964 = ADVANCED_FACE ( 'NONE', ( #4303 ), #3060, .F. ) ;
#965 = AXIS2_PLACEMENT_3D ( 'NONE', #2289, #1877, #627 ) ;
#966 = SHAPE_DEFINITION_REPRESENTATION ( #1162, #2672 ) ;
#967 = CARTESIAN_POINT ( 'NONE',  ( 27.49999999999998579, 18.99999999999998934, -5.999999999999994671 ) ) ;
#969 = AXIS2_PLACEMENT_3D ( 'NONE', #734, #293, #4585 ) ;
#968 = CARTESIAN_POINT ( 'NONE',  ( -54.00000000000002842, 25.00000000000000000, -2.500000000000000000 ) ) ;
#970 = AXIS2_PLACEMENT_3D ( 'NONE', #309, #1130, #3992 ) ;
#971 = DIRECTION ( 'NONE',  ( -1.000000000000000000, 1.623524136776981613E-15, 4.350219813418295278E-16 ) ) ;
#972 = EDGE_CURVE ( 'NONE', #3293, #3510, #4608, .T. ) ;
#973 = ORIENTED_EDGE ( 'NONE', *, *, #2017, .F. ) ;
#974 = ADVANCED_FACE ( 'NONE', ( #2342 ), #5247, .T. ) ;
#975 = LINE ( 'NONE', #3474, #4258 ) ;
#976 = LINE ( 'NONE', #1007, #3316 ) ;
#977 = ORIENTED_EDGE ( 'NONE', *, *, #3411, .F. ) ;
#978 = FACE_OUTER_BOUND ( 'NONE', #2282, .T. ) ;
#979 = VECTOR ( 'NONE', #2601, 1000.000000000000000 ) ;
#980 = DIRECTION ( 'NONE',  ( 1.000000000000000000, 0.000000000000000000, 0.000000000000000000 ) ) ;
#981 = CARTESIAN_POINT ( 'NONE',  ( 52.50000000000000000, 31.50000000000000000, -22.00000000000000355 ) ) ;
#982 = CIRCLE ( 'NONE', #4087, 3.800000000000007372 ) ;
#983 = EDGE_LOOP ( 'NONE', ( #1052, #3427, #1667, #4178 ) ) ;
#984 = CIRCLE ( 'NONE', #3300, 1.500000000000001332 ) ;
#985 = ORIENTED_EDGE ( 'NONE', *, *, #847, .F. ) ;
#986 = PLANE ( 'NONE',  #965 ) ;
#987 = AXIS2_PLACEMENT_3D ( 'NONE', #4498, #4114, #3667 ) ;
#988 = ORIENTED_EDGE ( 'NONE', *, *, #1828, .F. ) ;
#989 = CYLINDRICAL_SURFACE ( 'NONE', #701, 2.499999999999998668 ) ;
#990 = CIRCLE ( 'NONE', #5344, 1.500000000000001332 ) ;
#991 = EDGE_CURVE ( 'NONE', #3093, #3550, #3609, .T. ) ;
#992 = DIRECTION ( 'NONE',  ( 0.000000000000000000, -1.000000000000000000, 0.000000000000000000 ) ) ;
#993 = CIRCLE ( 'NONE', #4095, 2.800000000000000711 ) ;
#994 = DIRECTION ( 'NONE',  ( 0.000000000000000000, -1.734723475976807341E-16, -1.000000000000000000 ) ) ;
#995 = ORIENTED_EDGE ( 'NONE', *, *, #2078, .F. ) ;
#996 = CARTESIAN_POINT ( 'NONE',  ( 29.50000000000000355, 10.99999999999999822, 0.7499999999999937828 ) ) ;
#997 = CARTESIAN_POINT ( 'NONE',  ( 26.74999999999998934, 18.99999999999998224, 4.000000000000001776 ) ) ;
#998 = PLANE ( 'NONE',  #4523 ) ;
#999 =( NAMED_UNIT ( * ) SI_UNIT ( $, .STERADIAN. ) SOLID_ANGLE_UNIT ( ) );
#1000 = AXIS2_PLACEMENT_3D ( 'NONE', #2585, #3466, #2164 ) ;
#1001 = EDGE_LOOP ( 'NONE', ( #5176, #5270, #181, #5096, #1914, #1120, #3965, #2902, #2742, #3892, #2795, #3005, #191, #1303, #2415, #4113 ) ) ;
#1002 = DIRECTION ( 'NONE',  ( -0.000000000000000000, -0.000000000000000000, 1.000000000000000000 ) ) ;
#1003 = LINE ( 'NONE', #3522, #2768 ) ;
#1004 = DIRECTION ( 'NONE',  ( 0.000000000000000000, -1.000000000000000000, 3.154042683594191669E-16 ) ) ;
#1005 = VERTEX_POINT ( 'NONE', #3944 ) ;
#1006 = CARTESIAN_POINT ( 'NONE',  ( -45.00000000000000000, 28.49999999999998934, -8.500000000000000000 ) ) ;
#1007 = CARTESIAN_POINT ( 'NONE',  ( -11.50000000000000178, 25.00000000000000000, 6.000000000000005329 ) ) ;
#1008 = EDGE_LOOP ( 'NONE', ( #1622, #3977, #4610, #1942 ) ) ;
#1009 = EDGE_CURVE ( 'NONE', #211, #1795, #4083, .T. ) ;
#1010 = CARTESIAN_POINT ( 'NONE',  ( 13.99999999999999822, 13.00000000000000178, 6.000000000000002665 ) ) ;
#1011 = DIRECTION ( 'NONE',  ( -0.000000000000000000, 1.000000000000000000, 0.000000000000000000 ) ) ;
#1012 = ORIENTED_EDGE ( 'NONE', *, *, #4440, .T. ) ;
#1013 = ORIENTED_EDGE ( 'NONE', *, *, #1834, .T. ) ;
#1014 = ADVANCED_FACE ( 'NONE', ( #3172 ), #3523, .F. ) ;
#1015 = LINE ( 'NONE', #1452, #3798 ) ;
#1016 = VERTEX_POINT ( 'NONE', #617 ) ;
#1017 = CARTESIAN_POINT ( 'NONE',  ( 29.49999999999998579, 12.99999999999999822, 0.7499999999999937828 ) ) ;
#1018 = DIRECTION ( 'NONE',  ( 1.000000000000000000, 0.000000000000000000, 0.000000000000000000 ) ) ;
#1019 = EDGE_LOOP ( 'NONE', ( #4884, #552, #4755, #2449 ) ) ;
#1020 = DIRECTION ( 'NONE',  ( 1.000000000000000000, -0.000000000000000000, 0.000000000000000000 ) ) ;
#1021 = ORIENTED_EDGE ( 'NONE', *, *, #2435, .F. ) ;
#1022 = DIRECTION ( 'NONE',  ( 1.000000000000000000, 0.000000000000000000, 0.000000000000000000 ) ) ;
#1023 = DIRECTION ( 'NONE',  ( 0.000000000000000000, 0.000000000000000000, 1.000000000000000000 ) ) ;
#1024 = EDGE_CURVE ( 'NONE', #4866, #4563, #2281, .T. ) ;
#1025 = CARTESIAN_POINT ( 'NONE',  ( 45.49999999999997158, 10.24999999999999822, 6.637456287280152216E-15 ) ) ;
#1026 = VERTEX_POINT ( 'NONE', #1055 ) ;
#1027 = FACE_OUTER_BOUND ( 'NONE', #488, .T. ) ;
#1028 = DIRECTION ( 'NONE',  ( 2.523234146875354913E-14, -1.000000000000000000, 3.154042683594193641E-16 ) ) ;
#1029 = ORIENTED_EDGE ( 'NONE', *, *, #346, .F. ) ;
#1030 = CARTESIAN_POINT ( 'NONE',  ( 20.50000000000000355, 20.00000000000000000, 3.000000000000004441 ) ) ;
#1031 = CARTESIAN_POINT ( 'NONE',  ( -15.50000000000000533, 20.00000000000000000, 0.7499999999999954481 ) ) ;
#1032 = ORIENTED_EDGE ( 'NONE', *, *, #5181, .F. ) ;
#1033 = DIRECTION ( 'NONE',  ( 0.000000000000000000, 0.000000000000000000, 1.000000000000000000 ) ) ;
#1034 = DIRECTION ( 'NONE',  ( 0.000000000000000000, 0.000000000000000000, 1.000000000000000000 ) ) ;
#1035 = EDGE_CURVE ( 'NONE', #275, #2360, #884, .T. ) ;
#1036 = ORIENTED_EDGE ( 'NONE', *, *, #2381, .T. ) ;
#1037 = ADVANCED_FACE ( 'NONE', ( #3499 ), #143, .F. ) ;
#1038 = LINE ( 'NONE', #2322, #3720 ) ;
#1039 = ORIENTED_EDGE ( 'NONE', *, *, #302, .T. ) ;
#1040 = CARTESIAN_POINT ( 'NONE',  ( 47.49999999999997158, 31.50000000000000000, -23.50000000000000000 ) ) ;
#1041 = DIRECTION ( 'NONE',  ( 1.000000000000000000, 0.000000000000000000, 0.000000000000000000 ) ) ;
#1042 = EDGE_LOOP ( 'NONE', ( #2224, #1012, #4906, #761 ) ) ;
#1043 = ADVANCED_FACE ( 'NONE', ( #2757 ), #944, .F. ) ;
#1044 = LINE ( 'NONE', #2721, #2059 ) ;
#1045 = EDGE_LOOP ( 'NONE', ( #3995, #4125, #5245, #1179 ) ) ;
#1046 = DIRECTION ( 'NONE',  ( -0.000000000000000000, -0.000000000000000000, 1.000000000000000000 ) ) ;
#1047 = ORIENTED_EDGE ( 'NONE', *, *, #972, .T. ) ;
#1048 = CARTESIAN_POINT ( 'NONE',  ( 29.49999999999998579, 12.99999999999999822, 4.000000000000002665 ) ) ;
#1049 = AXIS2_PLACEMENT_3D ( 'NONE', #387, #5039, #2933 ) ;
#1050 = EDGE_LOOP ( 'NONE', ( #3802, #2791, #1194, #489, #1502, #5358 ) ) ;
#1051 = CARTESIAN_POINT ( 'NONE',  ( 24.20885981545882615, -15.00000000000000178, 4.000000000000005329 ) ) ;
#1052 = ORIENTED_EDGE ( 'NONE', *, *, #3193, .T. ) ;
#1053 = DIRECTION ( 'NONE',  ( 1.000000000000000000, 0.000000000000000000, 0.000000000000000000 ) ) ;
#1054 = CIRCLE ( 'NONE', #2479, 1.500000000000001110 ) ;
#1055 = CARTESIAN_POINT ( 'NONE',  ( 26.74999999999998934, 13.00000000000001599, 4.000000000000002665 ) ) ;
#1056 = EDGE_LOOP ( 'NONE', ( #5133, #322, #4726 ) ) ;
#1057 = AXIS2_PLACEMENT_3D ( 'NONE', #2144, #1699, #888 ) ;
#1058 = CONICAL_SURFACE ( 'NONE', #4516, 1.999999999999998224, 0.7853981633974576049 ) ;
#1059 = CARTESIAN_POINT ( 'NONE',  ( -14.00000000000000178, 22.50000000000000355, 8.545517328095678877 ) ) ;
#1060 = VERTEX_POINT ( 'NONE', #592 ) ;
#1061 = CARTESIAN_POINT ( 'NONE',  ( -54.00000000000000711, 25.00000000000000000, 9.414831613163337449E-15 ) ) ;
#1062 = AXIS2_PLACEMENT_3D ( 'NONE', #5334, #1192, #1138 ) ;
#1063 = ORIENTED_EDGE ( 'NONE', *, *, #2830, .F. ) ;
#1064 = CARTESIAN_POINT ( 'NONE',  ( -55.00000000000000000, -24.00000000000002842, 4.000000000000009770 ) ) ;
#1065 = AXIS2_PLACEMENT_3D ( 'NONE', #4229, #1314, #4257 ) ;
#1066 = ADVANCED_FACE ( 'NONE', ( #565 ), #84, .T. ) ;
#1067 = ORIENTED_EDGE ( 'NONE', *, *, #4591, .F. ) ;
#1068 = CARTESIAN_POINT ( 'NONE',  ( 13.99999999999999822, 25.00000000000000000, 4.000000000000005329 ) ) ;
#1069 = CARTESIAN_POINT ( 'NONE',  ( 47.49999999999999289, 18.99999999999998579, 0.7499999999999954481 ) ) ;
#1070 = VECTOR ( 'NONE', #2741, 1000.000000000000000 ) ;
#1071 = EDGE_LOOP ( 'NONE', ( #3688, #1177, #4182, #2519, #29, #1800, #4963, #2096 ) ) ;
#1072 = AXIS2_PLACEMENT_3D ( 'NONE', #1533, #4860, #2844 ) ;
#1073 = CARTESIAN_POINT ( 'NONE',  ( 29.50000000000000355, 10.24999999999999645, 4.000000000000003553 ) ) ;
#1074 = ORIENTED_EDGE ( 'NONE', *, *, #4197, .F. ) ;
#1075 = DIRECTION ( 'NONE',  ( -0.000000000000000000, 1.000000000000000000, -0.000000000000000000 ) ) ;
#1076 = ORIENTED_EDGE ( 'NONE', *, *, #2477, .F. ) ;
#1077 = CARTESIAN_POINT ( 'NONE',  ( -18.00000000000000711, 20.00000000000000000, 0.7499999999999954481 ) ) ;
#1078 = ADVANCED_FACE ( 'NONE', ( #1866 ), #3553, .F. ) ;
#1079 = VECTOR ( 'NONE', #3477, 1000.000000000000000 ) ;
#1080 = CIRCLE ( 'NONE', #2498, 1.500000000000001332 ) ;
#1081 = EDGE_LOOP ( 'NONE', ( #2590, #4938, #1967, #2485 ) ) ;
#1082 = EDGE_CURVE ( 'NONE', #3431, #3119, #4832, .T. ) ;
#1083 = AXIS2_PLACEMENT_3D ( 'NONE', #87, #1785, #2115 ) ;
#1084 = DIRECTION ( 'NONE',  ( 1.000000000000000000, 5.204170427930421283E-15, 0.000000000000000000 ) ) ;
#1085 = ORIENTED_EDGE ( 'NONE', *, *, #4665, .F. ) ;
#1086 = DIRECTION ( 'NONE',  ( 0.000000000000000000, -1.000000000000000000, -1.882966322632667746E-16 ) ) ;
#1087 = LINE ( 'NONE', #4477, #4622 ) ;
#1088 = CARTESIAN_POINT ( 'NONE',  ( -7.617966970656972592, 25.22781885169858285, 3.903127820947815962E-15 ) ) ;
#1089 = CIRCLE ( 'NONE', #4910, 2.000000000000000000 ) ;
#1090 = ORIENTED_EDGE ( 'NONE', *, *, #5080, .T. ) ;
#1091 = EDGE_CURVE ( 'NONE', #775, #1741, #3014, .T. ) ;
#1092 = CARTESIAN_POINT ( 'NONE',  ( 55.00000000000000000, 25.00000000000000000, 3.000000000000013323 ) ) ;
#1093 = VECTOR ( 'NONE', #3054, 1000.000000000000114 ) ;
#1094 = ORIENTED_EDGE ( 'NONE', *, *, #805, .F. ) ;
#1095 = CARTESIAN_POINT ( 'NONE',  ( -29.49999999999998579, 12.99999999999999822, 3.250000000000015099 ) ) ;
#1096 = ORIENTED_EDGE ( 'NONE', *, *, #2592, .T. ) ;
#1097 = EDGE_CURVE ( 'NONE', #4965, #4925, #4252, .T. ) ;
#1098 = ORIENTED_EDGE ( 'NONE', *, *, #3288, .T. ) ;
#1099 = AXIS2_PLACEMENT_3D ( 'NONE', #556, #1715, #70 ) ;
#1100 = DIRECTION ( 'NONE',  ( 0.000000000000000000, -1.000000000000000000, 0.000000000000000000 ) ) ;
#1101 = CARTESIAN_POINT ( 'NONE',  ( -9.749999999999998224, 23.58206996335059813, 9.870733281339546750 ) ) ;
#1102 = ORIENTED_EDGE ( 'NONE', *, *, #936, .T. ) ;
#1103 = CARTESIAN_POINT ( 'NONE',  ( 52.50000000000000000, -25.00000000000000000, 3.000000000000022204 ) ) ;
#1104 = EDGE_LOOP ( 'NONE', ( #1648, #3089, #3570, #3131 ) ) ;
#1105 = DIRECTION ( 'NONE',  ( 0.000000000000000000, 0.000000000000000000, -1.000000000000000000 ) ) ;
#1106 = ORIENTED_EDGE ( 'NONE', *, *, #4100, .F. ) ;
#1107 = DIRECTION ( 'NONE',  ( -4.350219813418295278E-16, 0.000000000000000000, -1.000000000000000000 ) ) ;
#1108 = ADVANCED_FACE ( 'NONE', ( #2644 ), #536, .F. ) ;
#1109 = EDGE_CURVE ( 'NONE', #4912, #5005, #5192, .T. ) ;
#1110 = ORIENTED_EDGE ( 'NONE', *, *, #4746, .T. ) ;
#1111 = ORIENTED_EDGE ( 'NONE', *, *, #2602, .T. ) ;
#1112 = DIRECTION ( 'NONE',  ( 0.000000000000000000, 0.000000000000000000, 1.000000000000000000 ) ) ;
#1113 = PLANE ( 'NONE',  #3648 ) ;
#1114 = CARTESIAN_POINT ( 'NONE',  ( -22.70885981545882260, -15.00000000000000178, 4.000000000000005329 ) ) ;
#1115 = EDGE_CURVE ( 'NONE', #82, #491, #3726, .T. ) ;
#1116 = FACE_OUTER_BOUND ( 'NONE', #4105, .T. ) ;
#1117 =( BOUNDED_CURVE ( )  B_SPLINE_CURVE ( 3, ( #3686, #1569, #3764, #4596 ),
 .UNSPECIFIED., .F., .F. ) 
 B_SPLINE_CURVE_WITH_KNOTS ( ( 4, 4 ),
 ( 3.816724186526824880, 3.870486119793794977 ),
 .UNSPECIFIED. ) 
 CURVE ( )  GEOMETRIC_REPRESENTATION_ITEM ( )  RATIONAL_B_SPLINE_CURVE ( ( 1.000000000000000000, 0.9997591523809076230, 0.9997591523809076230, 1.000000000000000000 ) ) 
 REPRESENTATION_ITEM ( '' )  );
#1118 = ORIENTED_EDGE ( 'NONE', *, *, #5009, .F. ) ;
#1119 = DIRECTION ( 'NONE',  ( -0.7071067811865521247, 0.000000000000000000, 0.7071067811865430208 ) ) ;
#1120 = ORIENTED_EDGE ( 'NONE', *, *, #5016, .F. ) ;
#1121 = EDGE_LOOP ( 'NONE', ( #4180, #3143, #2678, #4648, #2480, #118, #714, #566 ) ) ;
#1122 = LINE ( 'NONE', #323, #3361 ) ;
#1123 = LINE ( 'NONE', #1101, #4701 ) ;
#1124 = AXIS2_PLACEMENT_3D ( 'NONE', #4250, #1565, #2955 ) ;
#1125 = ORIENTED_EDGE ( 'NONE', *, *, #1681, .F. ) ;
#1126 = DIRECTION ( 'NONE',  ( 1.000000000000000000, 0.000000000000000000, 0.000000000000000000 ) ) ;
#1127 = EDGE_LOOP ( 'NONE', ( #1551, #2769, #3603, #4851 ) ) ;
#1128 = CARTESIAN_POINT ( 'NONE',  ( 47.49999999999999289, 18.99999999999998579, 0.7499999999999954481 ) ) ;
#1129 = EDGE_LOOP ( 'NONE', ( #484, #204, #152, #335 ) ) ;
#1130 = DIRECTION ( 'NONE',  ( 0.000000000000000000, 0.000000000000000000, 1.000000000000000000 ) ) ;
#1131 = ORIENTED_EDGE ( 'NONE', *, *, #3568, .F. ) ;
#1132 = FACE_OUTER_BOUND ( 'NONE', #4376, .T. ) ;
#1133 = ORIENTED_EDGE ( 'NONE', *, *, #3035, .T. ) ;
#1134 = VECTOR ( 'NONE', #5108, 1000.000000000000227 ) ;
#1135 = CARTESIAN_POINT ( 'NONE',  ( 54.00000000000001421, -22.50000000000000000, 4.707415806581655314E-16 ) ) ;
#1136 = ADVANCED_FACE ( 'NONE', ( #4970 ), #2054, .T. ) ;
#1137 = PLANE ( 'NONE',  #1429 ) ;
#1138 = DIRECTION ( 'NONE',  ( 1.000000000000000000, 0.000000000000000000, 0.000000000000000000 ) ) ;
#1139 = CIRCLE ( 'NONE', #866, 2.749999999999999112 ) ;
#1141 = AXIS2_PLACEMENT_3D ( 'NONE', #2100, #2444, #2043 ) ;
#1140 = FACE_OUTER_BOUND ( 'NONE', #983, .T. ) ;
#1142 = EDGE_CURVE ( 'NONE', #506, #4504, #2314, .T. ) ;
#1143 = ORIENTED_EDGE ( 'NONE', *, *, #3342, .T. ) ;
#1144 = DIRECTION ( 'NONE',  ( -0.000000000000000000, -0.000000000000000000, 1.000000000000000000 ) ) ;
#1145 = EDGE_CURVE ( 'NONE', #3584, #2690, #2895, .T. ) ;
#1146 = VERTEX_POINT ( 'NONE', #3201 ) ;
#1147 = CIRCLE ( 'NONE', #4774, 2.800000000000000711 ) ;
#1148 = VECTOR ( 'NONE', #1907, 1000.000000000000000 ) ;
#1149 = EDGE_CURVE ( 'NONE', #655, #636, #287, .T. ) ;
#1150 = ORIENTED_EDGE ( 'NONE', *, *, #1157, .T. ) ;
#1151 = FACE_OUTER_BOUND ( 'NONE', #4367, .T. ) ;
#1152 = CIRCLE ( 'NONE', #4249, 1.500000000000000444 ) ;
#1153 = DIRECTION ( 'NONE',  ( -0.000000000000000000, 1.734723475976807341E-16, 1.000000000000000000 ) ) ;
#1154 = ORIENTED_EDGE ( 'NONE', *, *, #3621, .T. ) ;
#1155 = AXIS2_PLACEMENT_3D ( 'NONE', #1495, #171, #1467 ) ;
#1156 = LINE ( 'NONE', #1283, #5381 ) ;
#1157 = EDGE_CURVE ( 'NONE', #1698, #2447, #1415, .T. ) ;
#1158 = ORIENTED_EDGE ( 'NONE', *, *, #3153, .F. ) ;
#1159 = CARTESIAN_POINT ( 'NONE',  ( 7.462608952153032327, 25.00000000000000000, 9.414831613163337449E-15 ) ) ;
#1160 = ORIENTED_EDGE ( 'NONE', *, *, #164, .F. ) ;
#1161 = DIRECTION ( 'NONE',  ( -1.000000000000000000, 0.000000000000000000, 0.000000000000000000 ) ) ;
#1162 = PRODUCT_DEFINITION_SHAPE ( 'NONE', 'NONE',  #1892 ) ;
#1163 = AXIS2_PLACEMENT_3D ( 'NONE', #5278, #5366, #2430 ) ;
#1164 = AXIS2_PLACEMENT_3D ( 'NONE', #4488, #1882, #3618 ) ;
#1165 = ORIENTED_EDGE ( 'NONE', *, *, #3000, .T. ) ;
#1166 = LINE ( 'NONE', #3713, #3672 ) ;
#1167 = ORIENTED_EDGE ( 'NONE', *, *, #2798, .F. ) ;
#1168 = DIRECTION ( 'NONE',  ( 0.000000000000000000, 0.000000000000000000, 1.000000000000000000 ) ) ;
#1169 = CARTESIAN_POINT ( 'NONE',  ( -14.75000000000000533, 20.00000000000000000, 8.473348451847003231E-15 ) ) ;
#1170 = CIRCLE ( 'NONE', #2861, 1.500000000000001332 ) ;
#1171 = VECTOR ( 'NONE', #497, 1000.000000000000000 ) ;
#1172 = AXIS2_PLACEMENT_3D ( 'NONE', #872, #992, #3073 ) ;
#1173 = DIRECTION ( 'NONE',  ( -1.000000000000000000, 1.084202172485506529E-16, -1.880790961315663844E-32 ) ) ;
#1174 = VERTEX_POINT ( 'NONE', #1114 ) ;
#1175 = CARTESIAN_POINT ( 'NONE',  ( -11.50000000000000178, 22.50000000000000355, 6.000000000000005329 ) ) ;
#1176 = AXIS2_PLACEMENT_3D ( 'NONE', #5377, #4625, #3271 ) ;
#1177 = ORIENTED_EDGE ( 'NONE', *, *, #5011, .T. ) ;
#1178 = ADVANCED_FACE ( 'NONE', ( #758 ), #2486, .F. ) ;
#1179 = ORIENTED_EDGE ( 'NONE', *, *, #1805, .F. ) ;
#1180 = CARTESIAN_POINT ( 'NONE',  ( 9.750000000000001776, 21.77033664763294851, 16.63221406536300861 ) ) ;
#1181 = CARTESIAN_POINT ( 'NONE',  ( 45.49999999999997868, 21.75000000000000355, 4.000000000000001776 ) ) ;
#1182 = ORIENTED_EDGE ( 'NONE', *, *, #89, .F. ) ;
#1183 = VERTEX_POINT ( 'NONE', #5364 ) ;
#1184 = DIRECTION ( 'NONE',  ( -1.000000000000000000, 0.000000000000000000, 0.000000000000000000 ) ) ;
#1185 = ORIENTED_EDGE ( 'NONE', *, *, #2645, .T. ) ;
#1186 = EDGE_CURVE ( 'NONE', #5166, #3375, #2365, .T. ) ;
#1187 = ORIENTED_EDGE ( 'NONE', *, *, #2788, .T. ) ;
#1188 = CARTESIAN_POINT ( 'NONE',  ( -7.999999999999996447, 24.39441762810860936, 9.053125001674663608 ) ) ;
#1189 = ORIENTED_EDGE ( 'NONE', *, *, #1859, .T. ) ;
#1190 = LINE ( 'NONE', #850, #1792 ) ;
#1191 = CARTESIAN_POINT ( 'NONE',  ( -55.00000000000000000, 27.50000000000000000, -23.50000000000000355 ) ) ;
#1192 = DIRECTION ( 'NONE',  ( -0.000000000000000000, 0.7071067811865429098, 0.7071067811865521247 ) ) ;
#1193 = CARTESIAN_POINT ( 'NONE',  ( -54.00000000000000711, 27.50000000000000000, -2.500000000000001776 ) ) ;
#1194 = ORIENTED_EDGE ( 'NONE', *, *, #3864, .F. ) ;
#1195 = CARTESIAN_POINT ( 'NONE',  ( 15.50000000000000533, 20.00000000000000000, -5.999999999999994671 ) ) ;
#1196 = ORIENTED_EDGE ( 'NONE', *, *, #1652, .T. ) ;
#1197 = VERTEX_POINT ( 'NONE', #3693 ) ;
#1198 = ADVANCED_FACE ( 'NONE', ( #1555 ), #3637, .T. ) ;
#1199 = CARTESIAN_POINT ( 'NONE',  ( 9.750000000000001776, 18.17288533613181656, 8.421346628765418174 ) ) ;
#1200 = DIRECTION ( 'NONE',  ( -1.000000000000000000, 0.000000000000000000, 0.000000000000000000 ) ) ;
#1201 = VERTEX_POINT ( 'NONE', #4888 ) ;
#1202 = EDGE_CURVE ( 'NONE', #4317, #5285, #1606, .T. ) ;
#1203 = ORIENTED_EDGE ( 'NONE', *, *, #4177, .F. ) ;
#1204 = CARTESIAN_POINT ( 'NONE',  ( 45.49999999999997158, 21.75000000000000355, 8.802867558307720444E-15 ) ) ;
#1205 = ADVANCED_FACE ( 'NONE', ( #3315 ), #4057, .F. ) ;
#1206 = ORIENTED_EDGE ( 'NONE', *, *, #5072, .T. ) ;
#1207 = CARTESIAN_POINT ( 'NONE',  ( 47.49999999999995737, 28.49999999999998934, -24.50000000000000000 ) ) ;
#1208 = ADVANCED_FACE ( 'NONE', ( #5000 ), #4160, .F. ) ;
#1209 = EDGE_LOOP ( 'NONE', ( #297, #1374, #1883, #4546, #3406 ) ) ;
#1210 = DIRECTION ( 'NONE',  ( 0.000000000000000000, 0.000000000000000000, 1.000000000000000000 ) ) ;
#1211 = ORIENTED_EDGE ( 'NONE', *, *, #3035, .F. ) ;
#1212 = DIRECTION ( 'NONE',  ( -1.000000000000000000, -0.000000000000000000, 0.000000000000000000 ) ) ;
#1213 = LINE ( 'NONE', #2082, #4977 ) ;
#1214 = EDGE_CURVE ( 'NONE', #5019, #11, #4163, .T. ) ;
#1215 = LINE ( 'NONE', #2106, #81 ) ;
#1216 = DIRECTION ( 'NONE',  ( 0.7071067811865411334, 9.404199622324667104E-16, 0.7071067811865539010 ) ) ;
#1217 = CARTESIAN_POINT ( 'NONE',  ( 54.00000000000000000, -22.50000000000000000, 4.707415806581655314E-16 ) ) ;
#1218 = VERTEX_POINT ( 'NONE', #1169 ) ;
#1219 = ADVANCED_FACE ( 'NONE', ( #2475 ), #254, .F. ) ;
#1220 = DIRECTION ( 'NONE',  ( -1.000000000000000000, 0.000000000000000000, 0.000000000000000000 ) ) ;
#1221 = ORIENTED_EDGE ( 'NONE', *, *, #5251, .F. ) ;
#1222 = ORIENTED_EDGE ( 'NONE', *, *, #1733, .T. ) ;
#1223 = LINE ( 'NONE', #3244, #3622 ) ;
#1224 = DIRECTION ( 'NONE',  ( 0.000000000000000000, -0.000000000000000000, -1.000000000000000000 ) ) ;
#1225 = VECTOR ( 'NONE', #2010, 1000.000000000000000 ) ;
#1226 = VECTOR ( 'NONE', #2554, 1000.000000000000227 ) ;
#1227 = ORIENTED_EDGE ( 'NONE', *, *, #1186, .F. ) ;
#1228 = FACE_OUTER_BOUND ( 'NONE', #2826, .T. ) ;
#1229 = CIRCLE ( 'NONE', #1949, 1.500000000000001110 ) ;
#1230 = ORIENTED_EDGE ( 'NONE', *, *, #1091, .T. ) ;
#1231 = DIRECTION ( 'NONE',  ( 0.000000000000000000, 0.000000000000000000, -1.000000000000000000 ) ) ;
#1232 = VERTEX_POINT ( 'NONE', #2812 ) ;
#1233 = CARTESIAN_POINT ( 'NONE',  ( 29.50000000000000355, 21.00000000000000000, -5.999999999999994671 ) ) ;
#1234 = AXIS2_PLACEMENT_3D ( 'NONE', #2969, #3828, #4272 ) ;
#1235 = ADVANCED_FACE ( 'NONE', ( #4501 ), #794, .T. ) ;
#1236 = DIRECTION ( 'NONE',  ( 1.000000000000000000, 0.000000000000000000, 0.000000000000000000 ) ) ;
#1237 = ORIENTED_EDGE ( 'NONE', *, *, #2782, .F. ) ;
#1238 = CARTESIAN_POINT ( 'NONE',  ( 45.49999999999996447, 10.24999999999999822, 4.000000000000003553 ) ) ;
#1240 = VECTOR ( 'NONE', #74, 1000.000000000000000 ) ;
#1239 = DIRECTION ( 'NONE',  ( 1.000000000000000000, 0.000000000000000000, 0.000000000000000000 ) ) ;
#1241 = EDGE_CURVE ( 'NONE', #5290, #4457, #4345, .T. ) ;
#1242 = CARTESIAN_POINT ( 'NONE',  ( -45.49999999999997158, 11.00000000000000000, 0.7499999999999937828 ) ) ;
#1243 = DIRECTION ( 'NONE',  ( 0.000000000000000000, 0.000000000000000000, 1.000000000000000000 ) ) ;
#1244 = AXIS2_PLACEMENT_3D ( 'NONE', #4640, #831, #4609 ) ;
#1245 = VECTOR ( 'NONE', #3344, 1000.000000000000000 ) ;
#1246 = EDGE_CURVE ( 'NONE', #3196, #1312, #2668, .T. ) ;
#1247 = DIRECTION ( 'NONE',  ( -1.000000000000000000, -0.000000000000000000, 0.000000000000000000 ) ) ;
#1248 = VECTOR ( 'NONE', #696, 1000.000000000000000 ) ;
#1249 = DIRECTION ( 'NONE',  ( -3.469446951953601961E-15, 0.9659258262890678681, 0.2588190451025219052 ) ) ;
#1250 = CIRCLE ( 'NONE', #4799, 1.999999999999998224 ) ;
#1251 = ORIENTED_EDGE ( 'NONE', *, *, #658, .T. ) ;
#1252 = CARTESIAN_POINT ( 'NONE',  ( 9.750000000000001776, 19.06574433402355950, 15.90752073907594699 ) ) ;
#1253 = VECTOR ( 'NONE', #437, 1000.000000000000000 ) ;
#1254 = ORIENTED_EDGE ( 'NONE', *, *, #4043, .F. ) ;
#1255 = ADVANCED_FACE ( 'NONE', ( #5077 ), #4710, .T. ) ;
#1256 = DIRECTION ( 'NONE',  ( 0.000000000000000000, 0.000000000000000000, 1.000000000000000000 ) ) ;
#1257 = VECTOR ( 'NONE', #4492, 1000.000000000000000 ) ;
#1258 = FACE_OUTER_BOUND ( 'NONE', #1366, .T. ) ;
#1259 = DIRECTION ( 'NONE',  ( -0.000000000000000000, 1.000000000000000000, -0.000000000000000000 ) ) ;
#1260 = LINE ( 'NONE', #2039, #3207 ) ;
#1261 =( BOUNDED_CURVE ( )  B_SPLINE_CURVE ( 3, ( #3336, #5125, #3409, #2163 ),
 .UNSPECIFIED., .F., .T. ) 
 B_SPLINE_CURVE_WITH_KNOTS ( ( 4, 4 ),
 ( 5.608053774242557132, 5.615574142784803158 ),
 .UNSPECIFIED. ) 
 CURVE ( )  GEOMETRIC_REPRESENTATION_ITEM ( )  RATIONAL_B_SPLINE_CURVE ( ( 1.000000000000000000, 0.9999952870103021585, 0.9999952870103021585, 1.000000000000000000 ) ) 
 REPRESENTATION_ITEM ( '' )  );
#1262 = ORIENTED_EDGE ( 'NONE', *, *, #1676, .F. ) ;
#1263 = EDGE_CURVE ( 'NONE', #275, #1924, #24, .T. ) ;
#1264 = AXIS2_PLACEMENT_3D ( 'NONE', #2531, #1354, #2556 ) ;
#1265 = CARTESIAN_POINT ( 'NONE',  ( -7.999999999999994671, 29.50000000000000000, -2.500000000000001776 ) ) ;
#1266 = ORIENTED_EDGE ( 'NONE', *, *, #2661, .T. ) ;
#1267 = ORIENTED_EDGE ( 'NONE', *, *, #3418, .F. ) ;
#1268 = DIRECTION ( 'NONE',  ( 0.000000000000000000, -1.734723475976807341E-16, -1.000000000000000000 ) ) ;
#1269 = CARTESIAN_POINT ( 'NONE',  ( -22.49999999999999645, 4.998909409702481987, -5.999999999999994671 ) ) ;
#1270 = VERTEX_POINT ( 'NONE', #48 ) ;
#1271 = DIRECTION ( 'NONE',  ( 0.7071067811865481278, 1.331458255479454634E-16, -0.7071067811865469066 ) ) ;
#1272 = CARTESIAN_POINT ( 'NONE',  ( -48.24999999999998579, 13.00000000000001066, 4.000000000000002665 ) ) ;
#1273 = CARTESIAN_POINT ( 'NONE',  ( -52.50000000000000000, -22.50000000000000355, 3.000000000000035971 ) ) ;
#1274 = CARTESIAN_POINT ( 'NONE',  ( -52.50000000000000000, 30.50000000000002842, -22.00000000000000355 ) ) ;
#1275 = EDGE_CURVE ( 'NONE', #593, #4725, #3020, .T. ) ;
#1276 = ADVANCED_FACE ( 'NONE', ( #912 ), #88, .F. ) ;
#1277 = CARTESIAN_POINT ( 'NONE',  ( -55.00000000000000000, 25.00000000000000000, 9.414831613163337449E-15 ) ) ;
#1278 = CARTESIAN_POINT ( 'NONE',  ( -52.50000000000000000, 27.50000000000000000, -22.00000000000000355 ) ) ;
#1279 = DIRECTION ( 'NONE',  ( 1.734723475976782640E-15, -0.7071067811865439090, 0.7071067811865512365 ) ) ;
#1280 = ORIENTED_EDGE ( 'NONE', *, *, #5416, .T. ) ;
#1281 = CARTESIAN_POINT ( 'NONE',  ( 9.750000000000001776, 19.06574433402355950, 15.90752073907594699 ) ) ;
#1282 = ADVANCED_FACE ( 'NONE', ( #2084 ), #3875, .F. ) ;
#1283 = CARTESIAN_POINT ( 'NONE',  ( 45.49999999999997868, 21.00000000000000000, -5.999999999999994671 ) ) ;
#1284 = DIRECTION ( 'NONE',  ( -0.000000000000000000, 1.000000000000000000, -0.000000000000000000 ) ) ;
#1285 = EDGE_CURVE ( 'NONE', #5002, #4837, #1719, .T. ) ;
#1286 = DIRECTION ( 'NONE',  ( -1.000000000000000000, 0.000000000000000000, 0.000000000000000000 ) ) ;
#1287 = ORIENTED_EDGE ( 'NONE', *, *, #1900, .T. ) ;
#1288 = CARTESIAN_POINT ( 'NONE',  ( 18.00000000000000711, -20.00000000000000000, 3.000000000000011546 ) ) ;
#1289 = ORIENTED_EDGE ( 'NONE', *, *, #3827, .F. ) ;
#1290 = CARTESIAN_POINT ( 'NONE',  ( -20.50000000000000355, -20.00000000000000000, -5.999999999999994671 ) ) ;
#1291 = LINE ( 'NONE', #1796, #1398 ) ;
#1292 = DIRECTION ( 'NONE',  ( 1.000000000000000000, -1.084202172485506529E-16, -2.041516177715383523E-32 ) ) ;
#1293 = DIRECTION ( 'NONE',  ( -0.000000000000000000, -0.000000000000000000, 1.000000000000000000 ) ) ;
#1294 = ORIENTED_EDGE ( 'NONE', *, *, #3295, .F. ) ;
#1295 = CARTESIAN_POINT ( 'NONE',  ( 24.20885981545882615, -15.00000000000000178, -5.999999999999994671 ) ) ;
#1296 = LINE ( 'NONE', #1829, #3788 ) ;
#1297 = DIRECTION ( 'NONE',  ( -0.7071067811865487940, 0.7071067811865463515, 0.000000000000000000 ) ) ;
#1298 = CARTESIAN_POINT ( 'NONE',  ( -55.00000000000000000, -22.50000000000000000, -2.500000000000000000 ) ) ;
#1299 = EDGE_CURVE ( 'NONE', #1766, #3246, #1261, .T. ) ;
#1300 = CARTESIAN_POINT ( 'NONE',  ( -55.00000000000000000, 27.50000000000000000, -23.50000000000000355 ) ) ;
#1301 = EDGE_LOOP ( 'NONE', ( #1990, #4784, #3593, #2482 ) ) ;
#1302 = DIRECTION ( 'NONE',  ( -0.000000000000000000, 1.000000000000000000, -0.000000000000000000 ) ) ;
#1303 = ORIENTED_EDGE ( 'NONE', *, *, #5109, .T. ) ;
#1304 = CARTESIAN_POINT ( 'NONE',  ( 9.750000000000001776, 17.46577855494526332, 7.196601757373817243 ) ) ;
#1305 = ORIENTED_EDGE ( 'NONE', *, *, #5241, .F. ) ;
#1306 = EDGE_CURVE ( 'NONE', #2940, #3701, #4214, .T. ) ;
#1307 = CARTESIAN_POINT ( 'NONE',  ( 11.50000000000000355, 25.00000000000000000, 9.215390309173487893 ) ) ;
#1308 = EDGE_CURVE ( 'NONE', #2129, #535, #3387, .T. ) ;
#1309 = DIRECTION ( 'NONE',  ( -1.000000000000000000, 0.000000000000000000, 0.000000000000000000 ) ) ;
#1310 = PLANE ( 'NONE',  #5235 ) ;
#1311 = VERTEX_POINT ( 'NONE', #1636 ) ;
#1312 = VERTEX_POINT ( 'NONE', #417 ) ;
#1313 = EDGE_CURVE ( 'NONE', #4590, #3960, #1744, .T. ) ;
#1314 = DIRECTION ( 'NONE',  ( -0.000000000000000000, 0.2588190451025216832, -0.9659258262890680902 ) ) ;
#1315 = ORIENTED_EDGE ( 'NONE', *, *, #3015, .F. ) ;
#1316 = AXIS2_PLACEMENT_3D ( 'NONE', #5472, #35, #3478 ) ;
#1317 = DIRECTION ( 'NONE',  ( 0.000000000000000000, 1.000000000000000000, -1.734723475976807341E-16 ) ) ;
#1318 = PLANE ( 'NONE',  #1885 ) ;
#1319 = AXIS2_PLACEMENT_3D ( 'NONE', #1581, #1558, #3263 ) ;
#1320 = CIRCLE ( 'NONE', #2305, 1.500000000000001332 ) ;
#1321 = EDGE_CURVE ( 'NONE', #4132, #3196, #4239, .T. ) ;
#1322 = DIRECTION ( 'NONE',  ( -0.000000000000000000, 0.2588190451025217942, -0.9659258262890679791 ) ) ;
#1323 = ORIENTED_EDGE ( 'NONE', *, *, #2018, .F. ) ;
#1324 = CARTESIAN_POINT ( 'NONE',  ( 14.49999999999998934, 20.00000000000000000, 4.000000000000001776 ) ) ;
#1325 = DIRECTION ( 'NONE',  ( 0.000000000000000000, -0.9659258262890682012, -0.2588190451025214611 ) ) ;
#1326 = AXIS2_PLACEMENT_3D ( 'NONE', #2816, #4562, #3319 ) ;
#1327 = CARTESIAN_POINT ( 'NONE',  ( 54.00000000000000000, 31.50000000000000000, -22.00000000000000355 ) ) ;
#1328 = DIRECTION ( 'NONE',  ( 0.000000000000000000, 0.000000000000000000, 1.000000000000000000 ) ) ;
#1329 = STYLED_ITEM ( 'NONE', ( #1727 ), #960 ) ;
#1330 = CARTESIAN_POINT ( 'NONE',  ( 55.00000000000000000, 25.00000000000000000, 3.000000000000013323 ) ) ;
#1331 = CARTESIAN_POINT ( 'NONE',  ( 55.00000000000000000, 25.00000000000000000, 0.9999999999999978906 ) ) ;
#1332 = VERTEX_POINT ( 'NONE', #394 ) ;
#1333 = DIRECTION ( 'NONE',  ( -1.000000000000000000, 0.000000000000000000, 0.000000000000000000 ) ) ;
#1334 = AXIS2_PLACEMENT_3D ( 'NONE', #4144, #3299, #1224 ) ;
#1335 = CARTESIAN_POINT ( 'NONE',  ( -55.00000000000000000, 31.50000000000000000, -2.500000000000000888 ) ) ;
#1336 = DIRECTION ( 'NONE',  ( 1.156482317317876458E-15, -1.000000000000000000, 0.000000000000000000 ) ) ;
#1337 = LINE ( 'NONE', #2957, #75 ) ;
#1338 = AXIS2_PLACEMENT_3D ( 'NONE', #3050, #2131, #3938 ) ;
#1339 = CARTESIAN_POINT ( 'NONE',  ( 45.49999999999998579, 13.00000000000000000, 0.7499999999999937828 ) ) ;
#1340 = EDGE_LOOP ( 'NONE', ( #1267, #273, #3325, #3198, #2390, #3799, #4507, #5142, #122 ) ) ;
#1341 = EDGE_LOOP ( 'NONE', ( #1756, #3610 ) ) ;
#1342 = ADVANCED_FACE ( 'NONE', ( #3771 ), #5463, .F. ) ;
#1343 = VECTOR ( 'NONE', #5461, 1000.000000000000000 ) ;
#1344 = DIRECTION ( 'NONE',  ( -0.000000000000000000, 0.2588190451025218497, -0.9659258262890680902 ) ) ;
#1345 = VERTEX_POINT ( 'NONE', #1327 ) ;
#1346 = FACE_OUTER_BOUND ( 'NONE', #3097, .T. ) ;
#1347 = VECTOR ( 'NONE', #3075, 1000.000000000000000 ) ;
#1348 = DIRECTION ( 'NONE',  ( 0.000000000000000000, 1.000000000000000000, 0.000000000000000000 ) ) ;
#1349 = DIRECTION ( 'NONE',  ( 0.000000000000000000, -0.000000000000000000, -1.000000000000000000 ) ) ;
#1350 = ORIENTED_EDGE ( 'NONE', *, *, #5085, .T. ) ;
#1351 = DIRECTION ( 'NONE',  ( 0.000000000000000000, 1.000000000000000000, 0.000000000000000000 ) ) ;
#1352 = CARTESIAN_POINT ( 'NONE',  ( 52.50000000000000000, 27.50000000000000000, -22.00000000000000355 ) ) ;
#1353 = CARTESIAN_POINT ( 'NONE',  ( 45.99999999999999289, 27.50000000000000000, -7.500000000000000000 ) ) ;
#1354 = DIRECTION ( 'NONE',  ( -0.000000000000000000, 0.2588190451025217387, -0.9659258262890680902 ) ) ;
#1355 = DIRECTION ( 'NONE',  ( 0.000000000000000000, 0.000000000000000000, 1.000000000000000000 ) ) ;
#1356 = ORIENTED_EDGE ( 'NONE', *, *, #537, .T. ) ;
#1357 = CARTESIAN_POINT ( 'NONE',  ( 45.49999999999997158, 21.75000000000000355, 4.000000000000001776 ) ) ;
#1358 = ORIENTED_EDGE ( 'NONE', *, *, #2477, .T. ) ;
#1359 = DIRECTION ( 'NONE',  ( -0.7071067811865543451, 0.000000000000000000, 0.7071067811865408004 ) ) ;
#1360 = DIRECTION ( 'NONE',  ( 1.000000000000000000, 0.000000000000000000, 0.000000000000000000 ) ) ;
#1361 = ORIENTED_EDGE ( 'NONE', *, *, #5206, .F. ) ;
#1362 = LINE ( 'NONE', #485, #2145 ) ;
#1363 = CARTESIAN_POINT ( 'NONE',  ( -52.50000000000000000, -25.00000000000000000, 0.9999999999999878986 ) ) ;
#1364 = DIRECTION ( 'NONE',  ( 0.000000000000000000, -0.9659258262890678681, -0.2588190451025226269 ) ) ;
#1365 = EDGE_LOOP ( 'NONE', ( #4882, #5371, #3166, #1640 ) ) ;
#1366 = EDGE_LOOP ( 'NONE', ( #5026, #19, #4406, #4134, #292, #5144, #3683, #2818, #4122 ) ) ;
#1367 = LINE ( 'NONE', #3070, #4073 ) ;
#1368 = EDGE_CURVE ( 'NONE', #4551, #2041, #721, .T. ) ;
#1369 = ORIENTED_EDGE ( 'NONE', *, *, #2798, .T. ) ;
#1370 = CARTESIAN_POINT ( 'NONE',  ( -9.749999999999998224, 21.13629669484373252, 8.180114128763401382 ) ) ;
#1371 = CARTESIAN_POINT ( 'NONE',  ( -21.50000000000002487, -20.00000000000000000, 4.000000000000008882 ) ) ;
#1372 = EDGE_CURVE ( 'NONE', #535, #3835, #2928, .T. ) ;
#1373 = DIRECTION ( 'NONE',  ( 1.000000000000000000, 0.000000000000000000, 0.000000000000000000 ) ) ;
#1374 = ORIENTED_EDGE ( 'NONE', *, *, #1385, .F. ) ;
#1375 = DIRECTION ( 'NONE',  ( 0.000000000000000000, -0.2588190451025218497, 0.9659258262890680902 ) ) ;
#1376 = CARTESIAN_POINT ( 'NONE',  ( -52.50000000000000000, 27.50000000000000000, -23.50000000000000355 ) ) ;
#1377 = ADVANCED_FACE ( 'NONE', ( #3519 ), #3080, .T. ) ;
#1378 = CARTESIAN_POINT ( 'NONE',  ( 27.49999999999998579, 13.00000000000001066, 3.250000000000015987 ) ) ;
#1379 = EDGE_CURVE ( 'NONE', #2819, #456, #1404, .T. ) ;
#1380 = DIRECTION ( 'NONE',  ( -0.7071067811865555663, 0.000000000000000000, -0.7071067811865394681 ) ) ;
#1381 = ORIENTED_EDGE ( 'NONE', *, *, #4499, .T. ) ;
#1382 = DIRECTION ( 'NONE',  ( 0.000000000000000000, 1.000000000000000000, 1.882966322632667746E-16 ) ) ;
#1383 = CARTESIAN_POINT ( 'NONE',  ( 14.49999999999999289, 20.00000000000000000, 4.000000000000001776 ) ) ;
#1384 = ORIENTED_EDGE ( 'NONE', *, *, #1379, .F. ) ;
#1385 = EDGE_CURVE ( 'NONE', #770, #3633, #139, .T. ) ;
#1386 = CARTESIAN_POINT ( 'NONE',  ( 8.005479226336053244, 25.00000000000000355, 2.222613530106555491 ) ) ;
#1387 = LINE ( 'NONE', #4811, #2783 ) ;
#1388 = EDGE_LOOP ( 'NONE', ( #5299, #2154, #4402, #1826 ) ) ;
#1389 = DIRECTION ( 'NONE',  ( -6.542051911182442865E-15, -0.7071067811865532349, 0.7071067811865416886 ) ) ;
#1390 = CARTESIAN_POINT ( 'NONE',  ( -29.49999999999998579, 12.99999999999999822, -5.999999999999994671 ) ) ;
#1391 = DIRECTION ( 'NONE',  ( -0.000000000000000000, -0.000000000000000000, 1.000000000000000000 ) ) ;
#1392 = ORIENTED_EDGE ( 'NONE', *, *, #2883, .T. ) ;
#1393 = VERTEX_POINT ( 'NONE', #1771 ) ;
#1394 = CYLINDRICAL_SURFACE ( 'NONE', #4869, 2.800000000000000711 ) ;
#1395 = VERTEX_POINT ( 'NONE', #5158 ) ;
#1396 = DIRECTION ( 'NONE',  ( 0.000000000000000000, 0.000000000000000000, -1.000000000000000000 ) ) ;
#1397 = FACE_BOUND ( 'NONE', #4840, .T. ) ;
#1398 = VECTOR ( 'NONE', #2155, 1000.000000000000114 ) ;
#1399 = CARTESIAN_POINT ( 'NONE',  ( 18.00000000000000711, 20.00000000000000000, 4.000000000000001776 ) ) ;
#1400 = ORIENTED_EDGE ( 'NONE', *, *, #298, .F. ) ;
#1401 = CARTESIAN_POINT ( 'NONE',  ( 50.00000000000000000, 27.50000000000000355, -20.78937450657182495 ) ) ;
#1402 = FACE_OUTER_BOUND ( 'NONE', #2524, .T. ) ;
#1403 = DIRECTION ( 'NONE',  ( -1.156482317317876458E-15, 1.000000000000000000, 1.882966322632667746E-16 ) ) ;
#1404 = LINE ( 'NONE', #5212, #2132 ) ;
#1405 = VECTOR ( 'NONE', #4672, 999.9999999999998863 ) ;
#1406 = PRODUCT_CONTEXT ( 'NONE', #395, 'mechanical' ) ;
#1407 = EDGE_CURVE ( 'NONE', #2434, #4524, #4320, .T. ) ;
#1408 = PLANE ( 'NONE',  #1782 ) ;
#1410 = AXIS2_PLACEMENT_3D ( 'NONE', #2088, #2973, #447 ) ;
#1409 = LINE ( 'NONE', #1331, #3121 ) ;
#1411 = AXIS2_PLACEMENT_3D ( 'NONE', #5186, #4709, #5157 ) ;
#1412 = CARTESIAN_POINT ( 'NONE',  ( 9.750000000000001776, 19.06574433402355950, 15.90752073907594699 ) ) ;
#1413 = EDGE_CURVE ( 'NONE', #3696, #1836, #3053, .T. ) ;
#1414 = ORIENTED_EDGE ( 'NONE', *, *, #3583, .F. ) ;
#1415 = CIRCLE ( 'NONE', #3635, 2.750000000000002665 ) ;
#1416 = CARTESIAN_POINT ( 'NONE',  ( -12.96446609406726225, 25.00000000000000000, 9.215390309173487893 ) ) ;
#1417 = EDGE_LOOP ( 'NONE', ( #3664, #1021, #973, #226 ) ) ;
#1418 = FACE_OUTER_BOUND ( 'NONE', #2288, .T. ) ;
#1419 = LINE ( 'NONE', #3976, #729 ) ;
#1420 = VERTEX_POINT ( 'NONE', #3903 ) ;
#1421 = VECTOR ( 'NONE', #2326, 1000.000000000000114 ) ;
#1422 = ORIENTED_EDGE ( 'NONE', *, *, #5120, .F. ) ;
#1423 = CARTESIAN_POINT ( 'NONE',  ( -14.49999999999998579, -20.00000000000000000, 4.000000000000008882 ) ) ;
#1424 = AXIS2_PLACEMENT_3D ( 'NONE', #2673, #2280, #170 ) ;
#1425 = ORIENTED_EDGE ( 'NONE', *, *, #3436, .T. ) ;
#1426 = LINE ( 'NONE', #4868, #4861 ) ;
#1427 = DIRECTION ( 'NONE',  ( 0.7071067811865537900, 0.000000000000000000, -0.7071067811865412445 ) ) ;
#1428 = EDGE_CURVE ( 'NONE', #65, #2382, #110, .T. ) ;
#1429 = AXIS2_PLACEMENT_3D ( 'NONE', #3282, #4368, #2811 ) ;
#1430 = DIRECTION ( 'NONE',  ( 0.000000000000000000, 0.000000000000000000, -1.000000000000000000 ) ) ;
#1431 = ORIENTED_EDGE ( 'NONE', *, *, #2616, .T. ) ;
#1432 = CARTESIAN_POINT ( 'NONE',  ( 52.50000000000000000, 27.50000000000000000, -24.50000000000000000 ) ) ;
#1433 = PLANE ( 'NONE',  #4234 ) ;
#1434 = AXIS2_PLACEMENT_3D ( 'NONE', #3023, #4298, #418 ) ;
#1435 = ORIENTED_EDGE ( 'NONE', *, *, #5356, .F. ) ;
#1436 = CARTESIAN_POINT ( 'NONE',  ( 0.000000000000000000, -24.00000000000001421, 6.000000000000005329 ) ) ;
#1437 = ORIENTED_EDGE ( 'NONE', *, *, #1202, .T. ) ;
#1438 = DIRECTION ( 'NONE',  ( 0.000000000000000000, 1.882966322632667746E-16, -1.000000000000000000 ) ) ;
#1439 = EDGE_CURVE ( 'NONE', #5285, #378, #5187, .T. ) ;
#1440 = CARTESIAN_POINT ( 'NONE',  ( -15.50000000000000533, -20.00000000000000000, -5.999999999999994671 ) ) ;
#1441 = EDGE_CURVE ( 'NONE', #2447, #2492, #2669, .T. ) ;
#1442 = ORIENTED_EDGE ( 'NONE', *, *, #1445, .F. ) ;
#1443 = VECTOR ( 'NONE', #135, 1000.000000000000000 ) ;
#1444 = LINE ( 'NONE', #538, #4614 ) ;
#1445 = EDGE_CURVE ( 'NONE', #1847, #604, #561, .T. ) ;
#1446 = CARTESIAN_POINT ( 'NONE',  ( -50.00000000000000000, 31.50000000000000000, -18.99999999999999645 ) ) ;
#1447 = ORIENTED_EDGE ( 'NONE', *, *, #3991, .T. ) ;
#1448 = CARTESIAN_POINT ( 'NONE',  ( -27.49999999999998579, 18.99999999999998934, 3.250000000000015099 ) ) ;
#1449 = LINE ( 'NONE', #3155, #4176 ) ;
#1450 = EDGE_CURVE ( 'NONE', #959, #660, #3457, .T. ) ;
#1451 = ORIENTED_EDGE ( 'NONE', *, *, #1439, .T. ) ;
#1452 = CARTESIAN_POINT ( 'NONE',  ( 27.49999999999998579, 18.99999999999998934, -5.999999999999994671 ) ) ;
#1453 = EDGE_CURVE ( 'NONE', #2913, #1590, #1506, .T. ) ;
#1454 = ORIENTED_EDGE ( 'NONE', *, *, #4904, .F. ) ;
#1455 = CARTESIAN_POINT ( 'NONE',  ( -48.24999999999999289, 18.99999999999997868, 4.000000000000001776 ) ) ;
#1456 = CARTESIAN_POINT ( 'NONE',  ( 8.000000000000019540, 25.05519818516172492, 1.999661449526489942 ) ) ;
#1457 = ORIENTED_EDGE ( 'NONE', *, *, #834, .T. ) ;
#1458 = DIRECTION ( 'NONE',  ( 1.000000000000000000, 0.000000000000000000, 0.000000000000000000 ) ) ;
#1459 = VERTEX_POINT ( 'NONE', #1265 ) ;
#1460 = FACE_OUTER_BOUND ( 'NONE', #4424, .T. ) ;
#1461 = ORIENTED_EDGE ( 'NONE', *, *, #3395, .F. ) ;
#1462 = CARTESIAN_POINT ( 'NONE',  ( 7.797093715441597794, 25.43096859118581321, -0.03041088705370337958 ) ) ;
#1463 = ORIENTED_EDGE ( 'NONE', *, *, #4110, .F. ) ;
#1464 = DIRECTION ( 'NONE',  ( 0.000000000000000000, -1.000000000000000000, 0.000000000000000000 ) ) ;
#1465 = VERTEX_POINT ( 'NONE', #3041 ) ;
#1466 = CARTESIAN_POINT ( 'NONE',  ( 45.49999999999997868, 21.00000000000000000, 0.7499999999999954481 ) ) ;
#1467 = DIRECTION ( 'NONE',  ( 0.000000000000000000, 0.000000000000000000, -1.000000000000000000 ) ) ;
#1468 = ORIENTED_EDGE ( 'NONE', *, *, #4279, .F. ) ;
#1469 = EDGE_CURVE ( 'NONE', #4311, #4590, #4168, .T. ) ;
#1470 = CARTESIAN_POINT ( 'NONE',  ( 8.000000000000014211, 28.50000000000005684, -8.500000000000063949 ) ) ;
#1471 = ORIENTED_EDGE ( 'NONE', *, *, #5210, .F. ) ;
#1472 = CARTESIAN_POINT ( 'NONE',  ( -20.50000000000000355, -20.00000000000000000, -5.999999999999994671 ) ) ;
#1473 = ORIENTED_EDGE ( 'NONE', *, *, #4570, .T. ) ;
#1474 = EDGE_CURVE ( 'NONE', #2927, #1650, #3373, .T. ) ;
#1475 = DIRECTION ( 'NONE',  ( 0.000000000000000000, 1.000000000000000000, 1.882966322632667746E-16 ) ) ;
#1476 = EDGE_CURVE ( 'NONE', #1534, #4866, #2219, .T. ) ;
#1477 = VERTEX_POINT ( 'NONE', #2961 ) ;
#1478 = DIRECTION ( 'NONE',  ( 0.000000000000000000, 0.000000000000000000, -1.000000000000000000 ) ) ;
#1479 = LINE ( 'NONE', #5314, #3219 ) ;
#1480 = ORIENTED_EDGE ( 'NONE', *, *, #1824, .F. ) ;
#1481 = EDGE_CURVE ( 'NONE', #3506, #33, #4879, .T. ) ;
#1482 = CARTESIAN_POINT ( 'NONE',  ( -29.50000000000000355, 21.00000000000000000, 3.250000000000013323 ) ) ;
#1483 = ORIENTED_EDGE ( 'NONE', *, *, #2237, .F. ) ;
#1484 = LINE ( 'NONE', #4826, #2062 ) ;
#1485 = VERTEX_POINT ( 'NONE', #899 ) ;
#1486 = DIRECTION ( 'NONE',  ( -0.7071067811865541231, 0.000000000000000000, -0.7071067811865409114 ) ) ;
#1487 = EDGE_CURVE ( 'NONE', #31, #3363, #407, .T. ) ;
#1488 = AXIS2_PLACEMENT_3D ( 'NONE', #4651, #3511, #1396 ) ;
#1489 = EDGE_LOOP ( 'NONE', ( #1400, #258 ) ) ;
#1490 = LINE ( 'NONE', #3578, #4993 ) ;
#1491 = ORIENTED_EDGE ( 'NONE', *, *, #2032, .T. ) ;
#1492 = CARTESIAN_POINT ( 'NONE',  ( -55.00000000000000000, 28.49999999999998579, -24.50000000000000000 ) ) ;
#1493 = CARTESIAN_POINT ( 'NONE',  ( -45.49999999999997868, 21.75000000000000711, 4.000000000000001776 ) ) ;
#1494 = VECTOR ( 'NONE', #2854, 1000.000000000000000 ) ;
#1495 = CARTESIAN_POINT ( 'NONE',  ( -47.50000000000000000, 30.50000000000002842, -22.00000000000000355 ) ) ;
#1496 = VECTOR ( 'NONE', #4657, 1000.000000000000000 ) ;
#1497 = EDGE_CURVE ( 'NONE', #4047, #313, #3893, .T. ) ;
#1498 = ORIENTED_EDGE ( 'NONE', *, *, #1024, .F. ) ;
#1499 = AXIS2_PLACEMENT_3D ( 'NONE', #679, #3923, #234 ) ;
#1500 = CIRCLE ( 'NONE', #4161, 1.944028270823329407 ) ;
#1501 = CARTESIAN_POINT ( 'NONE',  ( -9.749999999999998224, 21.13629669484373252, 8.180114128763401382 ) ) ;
#1502 = ORIENTED_EDGE ( 'NONE', *, *, #83, .T. ) ;
#1503 = DIRECTION ( 'NONE',  ( -0.000000000000000000, 0.2588190451025216832, -0.9659258262890680902 ) ) ;
#1504 = VECTOR ( 'NONE', #728, 1000.000000000000000 ) ;
#1505 = ORIENTED_EDGE ( 'NONE', *, *, #2133, .T. ) ;
#1506 = CIRCLE ( 'NONE', #4612, 1.500000000000022204 ) ;
#1507 = EDGE_LOOP ( 'NONE', ( #5316, #611, #4577, #3068 ) ) ;
#1508 = DIRECTION ( 'NONE',  ( 0.000000000000000000, 0.000000000000000000, 1.000000000000000000 ) ) ;
#1509 = AXIS2_PLACEMENT_3D ( 'NONE', #4165, #2951, #4194 ) ;
#1510 = DIRECTION ( 'NONE',  ( -1.156482317317876458E-15, -1.000000000000000000, -1.882966322632667746E-16 ) ) ;
#1511 = AXIS2_PLACEMENT_3D ( 'NONE', #4396, #598, #2710 ) ;
#1512 = ORIENTED_EDGE ( 'NONE', *, *, #738, .T. ) ;
#1513 = ADVANCED_FACE ( 'NONE', ( #1708 ), #2929, .F. ) ;
#1514 = VECTOR ( 'NONE', #1086, 1000.000000000000000 ) ;
#1515 = CARTESIAN_POINT ( 'NONE',  ( 54.00000000000001421, 27.50000000000000000, -2.500000000000001776 ) ) ;
#1516 = EDGE_LOOP ( 'NONE', ( #575, #1498, #3810, #4871 ) ) ;
#1517 = CARTESIAN_POINT ( 'NONE',  ( -7.960825245980736931, 27.59309935729676155, -7.593099357296763330 ) ) ;
#1518 = EDGE_CURVE ( 'NONE', #1312, #4454, #97, .T. ) ;
#1519 = EDGE_LOOP ( 'NONE', ( #5259, #311, #5221, #3533 ) ) ;
#1520 = DIRECTION ( 'NONE',  ( 0.000000000000000000, -1.734723475976807341E-16, -1.000000000000000000 ) ) ;
#1521 = AXIS2_PLACEMENT_3D ( 'NONE', #391, #3333, #5410 ) ;
#1522 = ORIENTED_EDGE ( 'NONE', *, *, #3853, .F. ) ;
#1523 = AXIS2_PLACEMENT_3D ( 'NONE', #2465, #2932, #3707 ) ;
#1524 = FACE_OUTER_BOUND ( 'NONE', #4052, .T. ) ;
#1525 = ORIENTED_EDGE ( 'NONE', *, *, #264, .T. ) ;
#1526 = CARTESIAN_POINT ( 'NONE',  ( 55.00000000000000000, 28.49999999999998579, -22.00000000000000355 ) ) ;
#1527 = EDGE_CURVE ( 'NONE', #4504, #2247, #2570, .T. ) ;
#1528 = CIRCLE ( 'NONE', #5342, 2.000000000000001776 ) ;
#1529 = FACE_OUTER_BOUND ( 'NONE', #1129, .T. ) ;
#1530 = DIRECTION ( 'NONE',  ( -0.000000000000000000, -0.000000000000000000, 1.000000000000000000 ) ) ;
#1531 = CIRCLE ( 'NONE', #5159, 2.000000000000000000 ) ;
#1532 = ORIENTED_EDGE ( 'NONE', *, *, #5356, .T. ) ;
#1533 = CARTESIAN_POINT ( 'NONE',  ( -18.00000000000000711, 20.00000000000000000, 4.000000000000001776 ) ) ;
#1534 = VERTEX_POINT ( 'NONE', #3401 ) ;
#1535 = CARTESIAN_POINT ( 'NONE',  ( 15.50000000000000533, -20.00000000000000000, -5.999999999999994671 ) ) ;
#1536 = ORIENTED_EDGE ( 'NONE', *, *, #5251, .T. ) ;
#1537 = ORIENTED_EDGE ( 'NONE', *, *, #4380, .F. ) ;
#1538 = CIRCLE ( 'NONE', #916, 2.499999999999998668 ) ;
#1539 = PLANE ( 'NONE',  #4597 ) ;
#1540 = CARTESIAN_POINT ( 'NONE',  ( -46.00000000000000000, 27.50000000000000000, -22.00000000000000355 ) ) ;
#1541 = EDGE_LOOP ( 'NONE', ( #4847, #2424 ) ) ;
#1542 = EDGE_CURVE ( 'NONE', #3701, #1964, #3426, .T. ) ;
#1543 = CARTESIAN_POINT ( 'NONE',  ( 29.50000000000000355, 10.99999999999999822, 3.250000000000015099 ) ) ;
#1544 = ORIENTED_EDGE ( 'NONE', *, *, #3451, .T. ) ;
#1545 = LINE ( 'NONE', #2416, #4807 ) ;
#1546 = ORIENTED_EDGE ( 'NONE', *, *, #4872, .F. ) ;
#1547 = CARTESIAN_POINT ( 'NONE',  ( -47.49999999999998579, 13.00000000000001066, 0.7499999999999937828 ) ) ;
#1548 = EDGE_CURVE ( 'NONE', #2089, #4520, #3783, .T. ) ;
#1549 = ORIENTED_EDGE ( 'NONE', *, *, #4043, .T. ) ;
#1550 = LINE ( 'NONE', #4802, #3046 ) ;
#1551 = ORIENTED_EDGE ( 'NONE', *, *, #862, .T. ) ;
#1552 = FACE_OUTER_BOUND ( 'NONE', #4493, .T. ) ;
#1553 = EDGE_CURVE ( 'NONE', #2433, #343, #2920, .T. ) ;
#1554 = DIRECTION ( 'NONE',  ( 0.000000000000000000, -0.7071067811865540120, -0.7071067811865410224 ) ) ;
#1555 = FACE_OUTER_BOUND ( 'NONE', #5439, .T. ) ;
#1556 = CARTESIAN_POINT ( 'NONE',  ( -25.70885981545882615, -15.00000000000000178, -5.999999999999994671 ) ) ;
#1557 = ORIENTED_EDGE ( 'NONE', *, *, #3926, .T. ) ;
#1558 = DIRECTION ( 'NONE',  ( 1.000000000000000000, 0.000000000000000000, 0.000000000000000000 ) ) ;
#1559 = ORIENTED_EDGE ( 'NONE', *, *, #1109, .T. ) ;
#1560 = ADVANCED_FACE ( 'NONE', ( #3452 ), #5145, .F. ) ;
#1561 = ORIENTED_EDGE ( 'NONE', *, *, #533, .T. ) ;
#1562 = FACE_OUTER_BOUND ( 'NONE', #4172, .T. ) ;
#1563 = DIRECTION ( 'NONE',  ( 1.000000000000000000, 0.000000000000000000, 0.000000000000000000 ) ) ;
#1564 = ORIENTED_EDGE ( 'NONE', *, *, #4177, .T. ) ;
#1565 = DIRECTION ( 'NONE',  ( 0.000000000000000000, -0.7071067811865417996, 0.7071067811865533459 ) ) ;
#1566 = ORIENTED_EDGE ( 'NONE', *, *, #3930, .F. ) ;
#1567 = DIRECTION ( 'NONE',  ( 0.000000000000000000, -1.000000000000000000, 0.000000000000000000 ) ) ;
#1568 = LINE ( 'NONE', #3763, #4683 ) ;
#1569 = CARTESIAN_POINT ( 'NONE',  ( 7.960825245980740483, 27.59309935729675090, -7.593099357296756224 ) ) ;
#1570 = VERTEX_POINT ( 'NONE', #818 ) ;
#1571 = CARTESIAN_POINT ( 'NONE',  ( 29.50000000000000355, 10.24999999999999822, 6.637456287280152216E-15 ) ) ;
#1572 = ORIENTED_EDGE ( 'NONE', *, *, #346, .T. ) ;
#1573 = DIRECTION ( 'NONE',  ( 1.000000000000000000, -1.623524136776981613E-15, -4.350219813418295278E-16 ) ) ;
#1574 = CARTESIAN_POINT ( 'NONE',  ( -20.50000000000000355, -20.00000000000000000, 0.7499999999999876765 ) ) ;
#1575 = CARTESIAN_POINT ( 'NONE',  ( 13.99999999999999822, 25.00000000000000000, 6.000000000000005329 ) ) ;
#1576 = AXIS2_PLACEMENT_3D ( 'NONE', #2275, #3107, #1803 ) ;
#1577 = EDGE_CURVE ( 'NONE', #5175, #4864, #5034, .T. ) ;
#1579 = AXIS2_PLACEMENT_3D ( 'NONE', #4595, #409, #5378 ) ;
#1578 = FACE_OUTER_BOUND ( 'NONE', #5065, .T. ) ;
#1580 = EDGE_LOOP ( 'NONE', ( #4978, #4217, #3529, #2269 ) ) ;
#1581 = CARTESIAN_POINT ( 'NONE',  ( 45.00000000000000000, -23.50000000000000000, -8.500000000000000000 ) ) ;
#1582 = VERTEX_POINT ( 'NONE', #2204 ) ;
#1583 = AXIS2_PLACEMENT_3D ( 'NONE', #3778, #2068, #2517 ) ;
#1584 = VECTOR ( 'NONE', #659, 1000.000000000000000 ) ;
#1585 = CARTESIAN_POINT ( 'NONE',  ( -45.00000000000000000, -23.50000000000000000, -8.500000000000000000 ) ) ;
#1586 = VERTEX_POINT ( 'NONE', #842 ) ;
#1587 = VECTOR ( 'NONE', #2481, 1000.000000000000000 ) ;
#1588 = DIRECTION ( 'NONE',  ( 0.000000000000000000, 0.9659258262890678681, 0.2588190451025226269 ) ) ;
#1589 = FACE_OUTER_BOUND ( 'NONE', #4482, .T. ) ;
#1590 = VERTEX_POINT ( 'NONE', #1793 ) ;
#1591 = AXIS2_PLACEMENT_3D ( 'NONE', #778, #4558, #5444 ) ;
#1592 = EDGE_LOOP ( 'NONE', ( #455, #1111, #3866, #1906 ) ) ;
#1593 = CARTESIAN_POINT ( 'NONE',  ( -50.00000000000000000, -23.50000000000000000, -17.05597172917666526 ) ) ;
#1594 = CARTESIAN_POINT ( 'NONE',  ( -15.50000000000000533, -20.00000000000000000, 3.000000000000011546 ) ) ;
#1595 = ADVANCED_FACE ( 'NONE', ( #1228 ), #620, .F. ) ;
#1596 = DIRECTION ( 'NONE',  ( -0.7071067811865462405, -0.7071067811865487940, -0.000000000000000000 ) ) ;
#1597 = CONICAL_SURFACE ( 'NONE', #1690, 2.000000000000001776, 0.7853981633974587151 ) ;
#1598 = VECTOR ( 'NONE', #1286, 1000.000000000000000 ) ;
#1599 = EDGE_LOOP ( 'NONE', ( #172, #1777, #3454, #247 ) ) ;
#1600 = DIRECTION ( 'NONE',  ( -0.000000000000000000, 0.2588190451025216832, -0.9659258262890680902 ) ) ;
#1601 = ORIENTED_EDGE ( 'NONE', *, *, #2830, .T. ) ;
#1602 = DIRECTION ( 'NONE',  ( 0.000000000000000000, 0.000000000000000000, 1.000000000000000000 ) ) ;
#1603 = CARTESIAN_POINT ( 'NONE',  ( 10.00000000000000178, 31.50000000000000000, -2.500000000000000888 ) ) ;
#1604 = AXIS2_PLACEMENT_3D ( 'NONE', #3083, #3966, #5103 ) ;
#1605 = DIRECTION ( 'NONE',  ( 0.000000000000000000, 0.000000000000000000, -1.000000000000000000 ) ) ;
#1606 = LINE ( 'NONE', #2001, #5134 ) ;
#1607 = AXIS2_PLACEMENT_3D ( 'NONE', #5363, #4084, #673 ) ;
#1608 = EDGE_CURVE ( 'NONE', #5019, #908, #5227, .T. ) ;
#1609 = AXIS2_PLACEMENT_3D ( 'NONE', #1763, #932, #4790 ) ;
#1610 = CARTESIAN_POINT ( 'NONE',  ( 55.00000000000000000, 28.49999999999998579, -2.500000000000000000 ) ) ;
#1611 = VERTEX_POINT ( 'NONE', #1423 ) ;
#1612 = ADVANCED_FACE ( 'NONE', ( #3954 ), #1394, .T. ) ;
#1613 = LINE ( 'NONE', #4924, #3194 ) ;
#1614 = CONICAL_SURFACE ( 'NONE', #3389, 6.499999999999999112, 0.7853981633974487231 ) ;
#1615 = EDGE_LOOP ( 'NONE', ( #3913, #2905, #5083, #2110 ) ) ;
#1616 = ADVANCED_FACE ( 'NONE', ( #1846 ), #2567, .T. ) ;
#1617 = AXIS2_PLACEMENT_3D ( 'NONE', #1585, #2138, #3388 ) ;
#1618 = ORIENTED_EDGE ( 'NONE', *, *, #5256, .F. ) ;
#1619 = EDGE_CURVE ( 'NONE', #1924, #1332, #4865, .T. ) ;
#1620 = DIRECTION ( 'NONE',  ( 0.000000000000000000, 1.000000000000000000, 1.882966322632667500E-16 ) ) ;
#1621 = CARTESIAN_POINT ( 'NONE',  ( -22.70885981545882260, -15.00000000000000178, -5.999999999999994671 ) ) ;
#1622 = ORIENTED_EDGE ( 'NONE', *, *, #4767, .T. ) ;
#1623 = EDGE_CURVE ( 'NONE', #4132, #4101, #2738, .T. ) ;
#1624 = VECTOR ( 'NONE', #2128, 1000.000000000000000 ) ;
#1625 = ORIENTED_EDGE ( 'NONE', *, *, #2092, .T. ) ;
#1626 = FACE_OUTER_BOUND ( 'NONE', #3480, .T. ) ;
#1627 = VERTEX_POINT ( 'NONE', #3133 ) ;
#1628 = CARTESIAN_POINT ( 'NONE',  ( 9.750000000000001776, 23.58206996335059813, 9.870733281339548526 ) ) ;
#1629 = EDGE_CURVE ( 'NONE', #4041, #4223, #3929, .T. ) ;
#1630 = ORIENTED_EDGE ( 'NONE', *, *, #680, .F. ) ;
#1631 = CARTESIAN_POINT ( 'NONE',  ( 45.00000000000000000, 30.50000000000001421, -8.500000000000000000 ) ) ;
#1632 = EDGE_LOOP ( 'NONE', ( #2966, #2400, #4974, #2568 ) ) ;
#1633 = CARTESIAN_POINT ( 'NONE',  ( -55.00000000000000000, 25.00000000000000000, -2.500000000000000000 ) ) ;
#1634 = DIRECTION ( 'NONE',  ( 0.000000000000000000, 1.000000000000000000, 1.882966322632667746E-16 ) ) ;
#1635 = CARTESIAN_POINT ( 'NONE',  ( 9.750000000000001776, 19.06574433402355950, 15.90752073907594699 ) ) ;
#1636 = CARTESIAN_POINT ( 'NONE',  ( 21.50000000000002487, -20.00000000000000000, 4.000000000000008882 ) ) ;
#1637 = DIRECTION ( 'NONE',  ( -1.000000000000000000, 0.000000000000000000, 0.000000000000000000 ) ) ;
#1638 = EDGE_LOOP ( 'NONE', ( #4081, #1185, #2142, #1926, #2869, #2458, #5431, #1887 ) ) ;
#1639 = DIRECTION ( 'NONE',  ( -1.000000000000000000, -0.000000000000000000, -0.000000000000000000 ) ) ;
#1640 = ORIENTED_EDGE ( 'NONE', *, *, #3509, .F. ) ;
#1641 = PRODUCT_RELATED_PRODUCT_CATEGORY ( 'part', '', ( #2852 ) ) ;
#1642 = ORIENTED_EDGE ( 'NONE', *, *, #4321, .T. ) ;
#1643 = DIRECTION ( 'NONE',  ( -1.000000000000000000, 0.000000000000000000, 0.000000000000000000 ) ) ;
#1644 = DIRECTION ( 'NONE',  ( -0.000000000000000000, -0.2588190451025230154, 0.9659258262890677571 ) ) ;
#1645 = ORIENTED_EDGE ( 'NONE', *, *, #4791, .T. ) ;
#1646 = ORIENTED_EDGE ( 'NONE', *, *, #5089, .T. ) ;
#1647 = EDGE_CURVE ( 'NONE', #2247, #166, #212, .T. ) ;
#1648 = ORIENTED_EDGE ( 'NONE', *, *, #1629, .T. ) ;
#1649 = FACE_OUTER_BOUND ( 'NONE', #4586, .T. ) ;
#1650 = VERTEX_POINT ( 'NONE', #5177 ) ;
#1651 = LINE ( 'NONE', #771, #3652 ) ;
#1652 = EDGE_CURVE ( 'NONE', #4107, #1964, #3564, .T. ) ;
#1653 = DIRECTION ( 'NONE',  ( 0.000000000000000000, 0.000000000000000000, 1.000000000000000000 ) ) ;
#1654 = VERTEX_POINT ( 'NONE', #3096 ) ;
#1655 = CARTESIAN_POINT ( 'NONE',  ( -45.49999999999996447, 10.24999999999999822, 6.637456287280152216E-15 ) ) ;
#1656 = CARTESIAN_POINT ( 'NONE',  ( -23.99999999999999645, 4.998909409702481987, 6.071532165918824830E-15 ) ) ;
#1657 = DIRECTION ( 'NONE',  ( 0.000000000000000000, 0.000000000000000000, 1.000000000000000000 ) ) ;
#1658 = DIRECTION ( 'NONE',  ( -1.156482317317876458E-15, 1.000000000000000000, -1.734723475976807341E-16 ) ) ;
#1659 = EDGE_CURVE ( 'NONE', #5336, #832, #4818, .T. ) ;
#1660 = EDGE_CURVE ( 'NONE', #477, #2434, #1015, .T. ) ;
#1661 = CARTESIAN_POINT ( 'NONE',  ( -7.960825245980735154, 27.49999999999999645, -7.245647825713246171 ) ) ;
#1662 = DIRECTION ( 'NONE',  ( 0.000000000000000000, 1.000000000000000000, 1.882966322632667746E-16 ) ) ;
#1663 = VERTEX_POINT ( 'NONE', #2239 ) ;
#1664 = AXIS2_PLACEMENT_3D ( 'NONE', #2445, #2525, #1680 ) ;
#1665 = DIRECTION ( 'NONE',  ( 0.000000000000000000, 1.000000000000000000, 1.882966322632667746E-16 ) ) ;
#1666 = ADVANCED_FACE ( 'NONE', ( #2268 ), #3591, .F. ) ;
#1667 = ORIENTED_EDGE ( 'NONE', *, *, #2532, .F. ) ;
#1668 = VECTOR ( 'NONE', #3982, 1000.000000000000114 ) ;
#1669 = DIRECTION ( 'NONE',  ( -1.000000000000000000, -1.084202172485506529E-16, 1.880790961315663844E-32 ) ) ;
#1670 = CYLINDRICAL_SURFACE ( 'NONE', #1761, 2.499999999999995115 ) ;
#1671 = DIRECTION ( 'NONE',  ( 0.000000000000000000, 0.000000000000000000, 1.000000000000000000 ) ) ;
#1672 = AXIS2_PLACEMENT_3D ( 'NONE', #544, #2977, #2232 ) ;
#1673 = ORIENTED_EDGE ( 'NONE', *, *, #4696, .F. ) ;
#1674 = DIRECTION ( 'NONE',  ( 0.000000000000000000, 0.000000000000000000, -1.000000000000000000 ) ) ;
#1675 = VECTOR ( 'NONE', #1144, 1000.000000000000000 ) ;
#1676 = EDGE_CURVE ( 'NONE', #1867, #643, #5202, .T. ) ;
#1677 = ORIENTED_EDGE ( 'NONE', *, *, #3687, .F. ) ;
#1678 =( BOUNDED_CURVE ( )  B_SPLINE_CURVE ( 3, ( #667, #3990, #1517, #4933 ),
 .UNSPECIFIED., .F., .F. ) 
 B_SPLINE_CURVE_WITH_KNOTS ( ( 4, 4 ),
 ( 2.412699187385789923, 2.466461120652764016 ),
 .UNSPECIFIED. ) 
 CURVE ( )  GEOMETRIC_REPRESENTATION_ITEM ( )  RATIONAL_B_SPLINE_CURVE ( ( 1.000000000000000000, 0.9997591523809076230, 0.9997591523809076230, 1.000000000000000000 ) ) 
 REPRESENTATION_ITEM ( '' )  );
#1679 = FACE_OUTER_BOUND ( 'NONE', #1875, .T. ) ;
#1680 = DIRECTION ( 'NONE',  ( 0.000000000000000000, 1.000000000000000000, 1.882966322632667993E-16 ) ) ;
#1681 = EDGE_CURVE ( 'NONE', #378, #717, #600, .T. ) ;
#1682 = AXIS2_PLACEMENT_3D ( 'NONE', #1897, #4362, #1004 ) ;
#1683 = ADVANCED_FACE ( 'NONE', ( #4786 ), #986, .F. ) ;
#1684 = CARTESIAN_POINT ( 'NONE',  ( -47.50000000000000000, 28.49999999999998934, -22.00000000000000355 ) ) ;
#1685 = VERTEX_POINT ( 'NONE', #3157 ) ;
#1686 = CARTESIAN_POINT ( 'NONE',  ( -46.00000000000000000, 27.50000000000000000, -22.00000000000000355 ) ) ;
#1687 = VECTOR ( 'NONE', #5022, 1000.000000000000114 ) ;
#1688 = FACE_OUTER_BOUND ( 'NONE', #3894, .T. ) ;
#1689 = DIRECTION ( 'NONE',  ( 0.000000000000000000, 1.000000000000000000, 1.882966322632666514E-16 ) ) ;
#1690 = AXIS2_PLACEMENT_3D ( 'NONE', #4453, #3238, #2002 ) ;
#1691 = VECTOR ( 'NONE', #4285, 1000.000000000000000 ) ;
#1692 = CARTESIAN_POINT ( 'NONE',  ( 47.49999999999999289, 18.99999999999998579, -5.999999999999994671 ) ) ;
#1693 = EDGE_CURVE ( 'NONE', #643, #3431, #1038, .T. ) ;
#1694 = CONICAL_SURFACE ( 'NONE', #2679, 1.500000000000001332, 0.7853981633974536081 ) ;
#1695 = FACE_OUTER_BOUND ( 'NONE', #4227, .T. ) ;
#1696 = DIRECTION ( 'NONE',  ( 0.000000000000000000, -0.9659258262890679791, -0.2588190451025217387 ) ) ;
#1697 = CIRCLE ( 'NONE', #2938, 1.500000000000000444 ) ;
#1698 = VERTEX_POINT ( 'NONE', #4460 ) ;
#1699 = DIRECTION ( 'NONE',  ( -0.000000000000000000, 1.000000000000000000, -0.000000000000000000 ) ) ;
#1700 = VECTOR ( 'NONE', #1554, 1000.000000000000114 ) ;
#1701 = CARTESIAN_POINT ( 'NONE',  ( 20.50000000000000355, -20.00000000000000000, -5.999999999999994671 ) ) ;
#1702 = VECTOR ( 'NONE', #4736, 1000.000000000000000 ) ;
#1703 = ORIENTED_EDGE ( 'NONE', *, *, #2097, .F. ) ;
#1704 = DIRECTION ( 'NONE',  ( 0.000000000000000000, 0.000000000000000000, 1.000000000000000000 ) ) ;
#1705 = DIRECTION ( 'NONE',  ( 0.000000000000000000, -0.9659258262890682012, -0.2588190451025214611 ) ) ;
#1706 = CARTESIAN_POINT ( 'NONE',  ( -27.49999999999998579, 18.99999999999998934, 3.250000000000015099 ) ) ;
#1707 = ORIENTED_EDGE ( 'NONE', *, *, #3400, .T. ) ;
#1708 = FACE_OUTER_BOUND ( 'NONE', #5339, .T. ) ;
#1709 = ORIENTED_EDGE ( 'NONE', *, *, #4926, .T. ) ;
#1710 = CYLINDRICAL_SURFACE ( 'NONE', #1488, 6.499999999999999112 ) ;
#1711 = DIRECTION ( 'NONE',  ( 0.000000000000000000, 1.000000000000000000, 1.882966322632667746E-16 ) ) ;
#1712 = EDGE_CURVE ( 'NONE', #378, #4311, #1367, .T. ) ;
#1713 = CONICAL_SURFACE ( 'NONE', #3485, 2.499999999999998668, 0.7853981633974582710 ) ;
#1714 = ADVANCED_FACE ( 'NONE', ( #2509 ), #3195, .T. ) ;
#1715 = DIRECTION ( 'NONE',  ( 8.673617379884036458E-16, -7.523163845262647057E-31, -1.000000000000000000 ) ) ;
#1716 = VERTEX_POINT ( 'NONE', #4927 ) ;
#1717 = FACE_OUTER_BOUND ( 'NONE', #4830, .T. ) ;
#1718 = CARTESIAN_POINT ( 'NONE',  ( -45.00000000000000000, -23.50000000000000000, -8.500000000000000000 ) ) ;
#1719 = LINE ( 'NONE', #3434, #799 ) ;
#1720 = ADVANCED_FACE ( 'NONE', ( #1695 ), #369, .F. ) ;
#1721 = DIRECTION ( 'NONE',  ( 0.000000000000000000, 1.000000000000000000, -1.734723475976807341E-16 ) ) ;
#1722 = EDGE_CURVE ( 'NONE', #2009, #5226, #4662, .T. ) ;
#1723 = CARTESIAN_POINT ( 'NONE',  ( 23.99999999999999645, 4.998909409702481987, -5.999999999999994671 ) ) ;
#1724 = EDGE_LOOP ( 'NONE', ( #361, #4944, #242, #1032 ) ) ;
#1725 = LINE ( 'NONE', #4560, #1878 ) ;
#1726 = ORIENTED_EDGE ( 'NONE', *, *, #676, .T. ) ;
#1727 = PRESENTATION_STYLE_ASSIGNMENT (( #5467 ) ) ;
#1728 = ORIENTED_EDGE ( 'NONE', *, *, #2193, .T. ) ;
#1729 = LINE ( 'NONE', #5350, #1134 ) ;
#1730 = DIRECTION ( 'NONE',  ( -3.469446951953601961E-15, 0.9659258262890678681, 0.2588190451025219052 ) ) ;
#1731 = DIRECTION ( 'NONE',  ( -9.813077866773654437E-15, 0.7071067811865451302, -0.7071067811865500152 ) ) ;
#1732 = DIRECTION ( 'NONE',  ( -0.7071067811865417996, 1.331458255479466960E-16, -0.7071067811865533459 ) ) ;
#1733 = EDGE_CURVE ( 'NONE', #4020, #161, #2085, .T. ) ;
#1734 = ORIENTED_EDGE ( 'NONE', *, *, #5152, .F. ) ;
#1735 = EDGE_LOOP ( 'NONE', ( #3945, #2886, #927, #3353, #3620, #3158, #230, #819 ) ) ;
#1736 = DIRECTION ( 'NONE',  ( -0.000000000000000000, -1.882966322632667746E-16, 1.000000000000000000 ) ) ;
#1737 = ORIENTED_EDGE ( 'NONE', *, *, #5078, .T. ) ;
#1738 = CARTESIAN_POINT ( 'NONE',  ( -26.42331416492100260, 25.00000000000000000, 9.215390309173487893 ) ) ;
#1739 = CARTESIAN_POINT ( 'NONE',  ( 21.25000000000000355, 20.00000000000000000, 8.473348451847003231E-15 ) ) ;
#1740 = CARTESIAN_POINT ( 'NONE',  ( 50.00000000000000000, 31.50000000000000000, -17.21062549342815373 ) ) ;
#1741 = VERTEX_POINT ( 'NONE', #777 ) ;
#1742 = CARTESIAN_POINT ( 'NONE',  ( -18.00000000000000711, -20.00000000000000000, 0.7499999999999876765 ) ) ;
#1743 = CYLINDRICAL_SURFACE ( 'NONE', #1411, 1.789374506571836498 ) ;
#1744 = LINE ( 'NONE', #2504, #277 ) ;
#1745 = CARTESIAN_POINT ( 'NONE',  ( 18.00000000000000711, -20.00000000000000000, -5.999999999999994671 ) ) ;
#1746 = DIRECTION ( 'NONE',  ( -0.000000000000000000, -0.000000000000000000, 1.000000000000000000 ) ) ;
#1747 = FACE_OUTER_BOUND ( 'NONE', #613, .T. ) ;
#1748 = ORIENTED_EDGE ( 'NONE', *, *, #4348, .T. ) ;
#1749 = SURFACE_SIDE_STYLE ('',( #3774 ) ) ;
#1750 = ADVANCED_FACE ( 'NONE', ( #3314 ), #1058, .F. ) ;
#1751 = ORIENTED_EDGE ( 'NONE', *, *, #2813, .T. ) ;
#1752 = CARTESIAN_POINT ( 'NONE',  ( 8.000000000000021316, 28.49999999999998579, -8.500000000000000000 ) ) ;
#1753 = CARTESIAN_POINT ( 'NONE',  ( 24.20885981545882615, -15.00000000000000178, -5.999999999999994671 ) ) ;
#1754 = CARTESIAN_POINT ( 'NONE',  ( 9.750000000000001776, 17.61685559458995343, 15.51929217142216544 ) ) ;
#1755 = CARTESIAN_POINT ( 'NONE',  ( -24.20885981545882615, -15.00000000000000178, 1.734723475976807094E-15 ) ) ;
#1756 = ORIENTED_EDGE ( 'NONE', *, *, #5009, .T. ) ;
#1757 = VECTOR ( 'NONE', #4067, 1000.000000000000000 ) ;
#1758 = ORIENTED_EDGE ( 'NONE', *, *, #4405, .F. ) ;
#1759 = DIRECTION ( 'NONE',  ( -1.000000000000000000, 0.000000000000000000, 0.000000000000000000 ) ) ;
#1760 = ORIENTED_EDGE ( 'NONE', *, *, #1864, .F. ) ;
#1761 = AXIS2_PLACEMENT_3D ( 'NONE', #4668, #1259, #2597 ) ;
#1762 = CARTESIAN_POINT ( 'NONE',  ( -20.50000000000000355, 20.00000000000000000, 3.000000000000004441 ) ) ;
#1763 = CARTESIAN_POINT ( 'NONE',  ( -9.749999999999998224, 20.87747764974120557, 9.146039955052483350 ) ) ;
#1764 = VECTOR ( 'NONE', #1904, 1000.000000000000000 ) ;
#1765 = LINE ( 'NONE', #3405, #1347 ) ;
#1766 = VERTEX_POINT ( 'NONE', #2024 ) ;
#1767 = FACE_OUTER_BOUND ( 'NONE', #3714, .T. ) ;
#1768 = DIRECTION ( 'NONE',  ( 0.000000000000000000, -0.000000000000000000, 1.000000000000000000 ) ) ;
#1769 = CARTESIAN_POINT ( 'NONE',  ( -9.749999999999998224, 19.06574433402355950, 15.90752073907594699 ) ) ;
#1770 = AXIS2_PLACEMENT_3D ( 'NONE', #3283, #4582, #317 ) ;
#1771 = CARTESIAN_POINT ( 'NONE',  ( -9.749999999999998224, 17.46577855494526332, 7.196601757373817243 ) ) ;
#1772 = DIRECTION ( 'NONE',  ( -1.000000000000000000, 0.000000000000000000, 0.000000000000000000 ) ) ;
#1773 = AXIS2_PLACEMENT_3D ( 'NONE', #1288, #490, #2153 ) ;
#1774 = DIRECTION ( 'NONE',  ( -0.000000000000000000, 0.000000000000000000, 1.000000000000000000 ) ) ;
#1775 = CARTESIAN_POINT ( 'NONE',  ( 52.50000000000000000, -22.50000000000000000, 4.336808689942017736E-16 ) ) ;
#1776 = VECTOR ( 'NONE', #621, 1000.000000000000000 ) ;
#1777 = ORIENTED_EDGE ( 'NONE', *, *, #4472, .F. ) ;
#1778 = DIRECTION ( 'NONE',  ( 0.000000000000000000, 0.9659258262890682012, 0.2588190451025214611 ) ) ;
#1779 = AXIS2_PLACEMENT_3D ( 'NONE', #5430, #1563, #2011 ) ;
#1780 = EDGE_CURVE ( 'NONE', #2630, #1570, #23, .T. ) ;
#1781 = AXIS2_PLACEMENT_3D ( 'NONE', #59, #3442, #85 ) ;
#1782 = AXIS2_PLACEMENT_3D ( 'NONE', #52, #3907, #1355 ) ;
#1783 = CARTESIAN_POINT ( 'NONE',  ( 15.50000000000000533, 20.00000000000000000, 3.000000000000004441 ) ) ;
#1784 = DIRECTION ( 'NONE',  ( 0.000000000000000000, 1.000000000000000000, 0.000000000000000000 ) ) ;
#1785 = DIRECTION ( 'NONE',  ( -0.000000000000000000, -1.000000000000000000, -0.000000000000000000 ) ) ;
#1786 = CARTESIAN_POINT ( 'NONE',  ( -54.00000000000002842, 31.50000000000000000, -2.500000000000000888 ) ) ;
#1787 = VECTOR ( 'NONE', #647, 1000.000000000000000 ) ;
#1788 = DIRECTION ( 'NONE',  ( -0.7071067811865411334, 1.226634733346710404E-16, 0.7071067811865539010 ) ) ;
#1789 = VERTEX_POINT ( 'NONE', #2474 ) ;
#1790 = ADVANCED_FACE ( 'NONE', ( #1688 ), #3356, .F. ) ;
#1791 = ORIENTED_EDGE ( 'NONE', *, *, #4153, .F. ) ;
#1792 = VECTOR ( 'NONE', #3791, 1000.000000000000000 ) ;
#1793 = CARTESIAN_POINT ( 'NONE',  ( -54.00000000000002842, 31.50000000000000000, -22.00000000000000355 ) ) ;
#1794 = EDGE_CURVE ( 'NONE', #5002, #5374, #2894, .T. ) ;
#1795 = VERTEX_POINT ( 'NONE', #392 ) ;
#1796 = CARTESIAN_POINT ( 'NONE',  ( 9.750000000000001776, 21.77033664763294851, 16.63221406536300861 ) ) ;
#1797 = VECTOR ( 'NONE', #2499, 1000.000000000000000 ) ;
#1798 = DIRECTION ( 'NONE',  ( 0.000000000000000000, 0.000000000000000000, 1.000000000000000000 ) ) ;
#1799 = LINE ( 'NONE', #435, #1808 ) ;
#1800 = ORIENTED_EDGE ( 'NONE', *, *, #164, .T. ) ;
#1801 = CARTESIAN_POINT ( 'NONE',  ( 15.50000000000000533, -20.00000000000000000, 3.000000000000011546 ) ) ;
#1802 = CARTESIAN_POINT ( 'NONE',  ( -25.70885981545882615, -15.00000000000000178, 1.734723475976807094E-15 ) ) ;
#1803 = DIRECTION ( 'NONE',  ( 0.000000000000000000, 0.000000000000000000, 1.000000000000000000 ) ) ;
#1804 = CARTESIAN_POINT ( 'NONE',  ( 20.50000000000000355, 20.00000000000000000, 0.7499999999999954481 ) ) ;
#1805 = EDGE_CURVE ( 'NONE', #3363, #1005, #2035, .T. ) ;
#1806 = PLANE ( 'NONE',  #2055 ) ;
#1807 = ORIENTED_EDGE ( 'NONE', *, *, #3081, .F. ) ;
#1808 = VECTOR ( 'NONE', #4352, 1000.000000000000000 ) ;
#1809 = CARTESIAN_POINT ( 'NONE',  ( 15.50000000000000533, -20.00000000000000000, 3.000000000000011546 ) ) ;
#1810 = VERTEX_POINT ( 'NONE', #1242 ) ;
#1811 = DIRECTION ( 'NONE',  ( 0.000000000000000000, 0.9659258262890682012, 0.2588190451025214611 ) ) ;
#1812 = CARTESIAN_POINT ( 'NONE',  ( 54.00000000000001421, 27.50000000000000000, -2.500000000000001776 ) ) ;
#1813 = DIRECTION ( 'NONE',  ( 0.000000000000000000, 0.000000000000000000, 1.000000000000000000 ) ) ;
#1814 = VERTEX_POINT ( 'NONE', #4635 ) ;
#1815 = DIRECTION ( 'NONE',  ( -3.469446951953614583E-15, 1.000000000000000000, 0.000000000000000000 ) ) ;
#1816 = DIRECTION ( 'NONE',  ( 0.000000000000000000, 0.000000000000000000, 1.000000000000000000 ) ) ;
#1817 = DIRECTION ( 'NONE',  ( -0.000000000000000000, -0.2588190451025230154, 0.9659258262890677571 ) ) ;
#1818 = ORIENTED_EDGE ( 'NONE', *, *, #5239, .T. ) ;
#1819 = ORIENTED_EDGE ( 'NONE', *, *, #4330, .T. ) ;
#1820 = DIRECTION ( 'NONE',  ( 0.000000000000000000, -1.000000000000000000, 0.000000000000000000 ) ) ;
#1821 = ORIENTED_EDGE ( 'NONE', *, *, #508, .T. ) ;
#1822 = DIRECTION ( 'NONE',  ( -1.000000000000000000, -0.000000000000000000, 0.000000000000000000 ) ) ;
#1823 = FACE_BOUND ( 'NONE', #2375, .T. ) ;
#1824 = EDGE_CURVE ( 'NONE', #45, #3733, #4191, .T. ) ;
#1825 = DIRECTION ( 'NONE',  ( -0.7071067811865411334, 1.331458255479467946E-16, -0.7071067811865539010 ) ) ;
#1826 = ORIENTED_EDGE ( 'NONE', *, *, #4397, .F. ) ;
#1827 = DIRECTION ( 'NONE',  ( 1.000000000000000000, 0.000000000000000000, 0.000000000000000000 ) ) ;
#1828 = EDGE_CURVE ( 'NONE', #2716, #3211, #1320, .T. ) ;
#1829 = CARTESIAN_POINT ( 'NONE',  ( 10.00000000000000711, 31.50000000000000000, -2.499999999999995115 ) ) ;
#1830 = DIRECTION ( 'NONE',  ( 0.000000000000000000, 0.000000000000000000, 1.000000000000000000 ) ) ;
#1831 =( BOUNDED_CURVE ( )  B_SPLINE_CURVE ( 3, ( #2664, #3490, #2179, #2213 ),
 .UNSPECIFIED., .F., .F. ) 
 B_SPLINE_CURVE_WITH_KNOTS ( ( 4, 4 ),
 ( 5.554291840975584371, 5.608053774242557132 ),
 .UNSPECIFIED. ) 
 CURVE ( )  GEOMETRIC_REPRESENTATION_ITEM ( )  RATIONAL_B_SPLINE_CURVE ( ( 1.000000000000000000, 0.9997591523809076230, 0.9997591523809076230, 1.000000000000000000 ) ) 
 REPRESENTATION_ITEM ( '' )  );
#1832 = CARTESIAN_POINT ( 'NONE',  ( -14.49999999999998579, -20.00000000000000000, 4.000000000000008882 ) ) ;
#1833 = CARTESIAN_POINT ( 'NONE',  ( 21.50000000000002132, 20.00000000000000000, 4.000000000000001776 ) ) ;
#1834 = EDGE_CURVE ( 'NONE', #1477, #859, #263, .T. ) ;
#1835 = DIRECTION ( 'NONE',  ( 0.000000000000000000, -1.000000000000000000, 0.000000000000000000 ) ) ;
#1836 = VERTEX_POINT ( 'NONE', #3746 ) ;
#1837 = CARTESIAN_POINT ( 'NONE',  ( 54.00000000000001421, 27.50000000000000000, -2.500000000000001776 ) ) ;
#1838 = EDGE_CURVE ( 'NONE', #3375, #1789, #3717, .T. ) ;
#1839 = DIRECTION ( 'NONE',  ( -0.000000000000000000, -0.000000000000000000, 1.000000000000000000 ) ) ;
#1840 = EDGE_LOOP ( 'NONE', ( #1912, #869, #2338, #4719 ) ) ;
#1841 = CARTESIAN_POINT ( 'NONE',  ( 45.49999999999996447, 10.24999999999999822, 6.637456287280152216E-15 ) ) ;
#1842 = DIRECTION ( 'NONE',  ( -0.7071067811865541231, 0.000000000000000000, 0.7071067811865409114 ) ) ;
#1843 = DIRECTION ( 'NONE',  ( 0.000000000000000000, 1.000000000000000000, 1.882966322632667746E-16 ) ) ;
#1844 = ORIENTED_EDGE ( 'NONE', *, *, #4804, .T. ) ;
#1845 = ORIENTED_EDGE ( 'NONE', *, *, #4917, .F. ) ;
#1846 = FACE_OUTER_BOUND ( 'NONE', #4388, .T. ) ;
#1847 = VERTEX_POINT ( 'NONE', #5443 ) ;
#1848 = DIRECTION ( 'NONE',  ( -0.000000000000000000, 0.2588190451025217942, -0.9659258262890679791 ) ) ;
#1849 = CARTESIAN_POINT ( 'NONE',  ( -55.00000000000000000, 27.50000000000000000, -23.50000000000000355 ) ) ;
#1850 = VECTOR ( 'NONE', #1403, 1000.000000000000000 ) ;
#1851 = EDGE_CURVE ( 'NONE', #5322, #1814, #1500, .T. ) ;
#1852 = CARTESIAN_POINT ( 'NONE',  ( -45.00000000000000000, 28.49999999999998934, -22.00000000000000355 ) ) ;
#1853 = EDGE_LOOP ( 'NONE', ( #1381, #1392, #1356, #4862 ) ) ;
#1854 = LINE ( 'NONE', #5237, #384 ) ;
#1855 = EDGE_CURVE ( 'NONE', #4982, #1393, #2529, .T. ) ;
#1856 = DIRECTION ( 'NONE',  ( 0.000000000000000000, -0.9659258262890679791, -0.2588190451025216277 ) ) ;
#1857 = CONICAL_SURFACE ( 'NONE', #2837, 2.000000000000001776, 0.7853981633974576049 ) ;
#1858 = AXIS2_PLACEMENT_3D ( 'NONE', #3008, #5476, #4727 ) ;
#1859 = EDGE_CURVE ( 'NONE', #197, #943, #353, .T. ) ;
#1860 = ORIENTED_EDGE ( 'NONE', *, *, #271, .T. ) ;
#1861 = PLANE ( 'NONE',  #210 ) ;
#1862 = ORIENTED_EDGE ( 'NONE', *, *, #587, .T. ) ;
#1863 = CARTESIAN_POINT ( 'NONE',  ( 9.750000000000001776, 19.68740795541013000, 7.791885561109620717 ) ) ;
#1864 = EDGE_CURVE ( 'NONE', #4592, #643, #1215, .T. ) ;
#1865 = CIRCLE ( 'NONE', #5313, 2.000000000000001776 ) ;
#1866 = FACE_OUTER_BOUND ( 'NONE', #5131, .T. ) ;
#1867 = VERTEX_POINT ( 'NONE', #4998 ) ;
#1868 = AXIS2_PLACEMENT_3D ( 'NONE', #2872, #3747, #3259 ) ;
#1869 = EDGE_CURVE ( 'NONE', #2327, #5441, #789, .T. ) ;
#1870 = LINE ( 'NONE', #4835, #2319 ) ;
#1871 = CARTESIAN_POINT ( 'NONE',  ( 8.000000000000001776, 35.63127873351668029, -18.99425255197303741 ) ) ;
#1872 = ORIENTED_EDGE ( 'NONE', *, *, #3355, .F. ) ;
#1873 = CARTESIAN_POINT ( 'NONE',  ( -14.00000000000000178, -24.00000000000001421, 6.000000000000005329 ) ) ;
#1874 = LINE ( 'NONE', #5257, #195 ) ;
#1875 = EDGE_LOOP ( 'NONE', ( #844, #5057, #1431, #3376, #1227 ) ) ;
#1876 = VECTOR ( 'NONE', #487, 1000.000000000000000 ) ;
#1877 = DIRECTION ( 'NONE',  ( 0.000000000000000000, 1.000000000000000000, 0.000000000000000000 ) ) ;
#1878 = VECTOR ( 'NONE', #1662, 1000.000000000000000 ) ;
#1879 = ORIENTED_EDGE ( 'NONE', *, *, #5206, .T. ) ;
#1880 = LINE ( 'NONE', #2800, #2119 ) ;
#1881 = VECTOR ( 'NONE', #1034, 1000.000000000000000 ) ;
#1882 = DIRECTION ( 'NONE',  ( -1.000000000000000000, 0.000000000000000000, 0.000000000000000000 ) ) ;
#1883 = ORIENTED_EDGE ( 'NONE', *, *, #2267, .F. ) ;
#1884 = CIRCLE ( 'NONE', #3740, 6.499999999999999112 ) ;
#1885 = AXIS2_PLACEMENT_3D ( 'NONE', #4349, #5180, #554 ) ;
#1886 = CARTESIAN_POINT ( 'NONE',  ( 22.49999999999999645, 4.998909409702481987, -5.999999999999994671 ) ) ;
#1887 = ORIENTED_EDGE ( 'NONE', *, *, #1145, .T. ) ;
#1888 = DIRECTION ( 'NONE',  ( 0.000000000000000000, 0.000000000000000000, -1.000000000000000000 ) ) ;
#1889 = VECTOR ( 'NONE', #5435, 1000.000000000000000 ) ;
#1890 = CARTESIAN_POINT ( 'NONE',  ( 23.99999999999999645, 4.998909409702481987, 6.071532165918824830E-15 ) ) ;
#1891 = EDGE_CURVE ( 'NONE', #1988, #3491, #2968, .T. ) ;
#1892 = PRODUCT_DEFINITION ( 'UNKNOWN', '', #654, #3146 ) ;
#1893 = ORIENTED_EDGE ( 'NONE', *, *, #4100, .T. ) ;
#1894 = PLANE ( 'NONE',  #2793 ) ;
#1895 = EDGE_LOOP ( 'NONE', ( #4236, #678, #199, #5236, #5112, #1369, #5448, #219 ) ) ;
#1896 = LINE ( 'NONE', #1466, #4450 ) ;
#1897 = CARTESIAN_POINT ( 'NONE',  ( -45.49999999999999289, 19.00000000000000355, 4.000000000000001776 ) ) ;
#1898 = EDGE_CURVE ( 'NONE', #1420, #4454, #2053, .T. ) ;
#1899 = ORIENTED_EDGE ( 'NONE', *, *, #4876, .T. ) ;
#1900 = EDGE_CURVE ( 'NONE', #3510, #3293, #1947, .T. ) ;
#1901 = AXIS2_PLACEMENT_3D ( 'NONE', #334, #3277, #724 ) ;
#1902 = DIRECTION ( 'NONE',  ( -1.000000000000000000, 0.000000000000000000, 0.000000000000000000 ) ) ;
#1903 = ORIENTED_EDGE ( 'NONE', *, *, #3355, .T. ) ;
#1904 = DIRECTION ( 'NONE',  ( 1.000000000000000000, 0.000000000000000000, 0.000000000000000000 ) ) ;
#1905 = EDGE_CURVE ( 'NONE', #1650, #2285, #2659, .T. ) ;
#1906 = ORIENTED_EDGE ( 'NONE', *, *, #3941, .T. ) ;
#1907 = DIRECTION ( 'NONE',  ( -0.000000000000000000, 1.000000000000000000, -0.000000000000000000 ) ) ;
#1908 = ORIENTED_EDGE ( 'NONE', *, *, #4004, .T. ) ;
#1909 = CARTESIAN_POINT ( 'NONE',  ( 45.00000000000000000, 28.49999999999998934, -8.500000000000000000 ) ) ;
#1910 = EDGE_CURVE ( 'NONE', #4694, #4486, #1296, .T. ) ;
#1911 = DIRECTION ( 'NONE',  ( 0.000000000000000000, 0.000000000000000000, 1.000000000000000000 ) ) ;
#1912 = ORIENTED_EDGE ( 'NONE', *, *, #104, .T. ) ;
#1913 = CARTESIAN_POINT ( 'NONE',  ( 9.750000000000001776, 20.51463307345716203, 16.29574930672972854 ) ) ;
#1914 = ORIENTED_EDGE ( 'NONE', *, *, #134, .F. ) ;
#1915 = DIRECTION ( 'NONE',  ( -1.000000000000000000, 0.000000000000000000, 0.000000000000000000 ) ) ;
#1916 = EDGE_LOOP ( 'NONE', ( #1844, #5196, #2103, #4825 ) ) ;
#1917 = FACE_OUTER_BOUND ( 'NONE', #1341, .T. ) ;
#1918 = ORIENTED_EDGE ( 'NONE', *, *, #4329, .F. ) ;
#1919 = CARTESIAN_POINT ( 'NONE',  ( 7.462608952153032327, 25.00000000000000000, 9.414831613163337449E-15 ) ) ;
#1920 = ORIENTED_EDGE ( 'NONE', *, *, #3801, .T. ) ;
#1921 = UNCERTAINTY_MEASURE_WITH_UNIT (LENGTH_MEASURE( 1.000000000000000082E-05 ), #3994, 'distance_accuracy_value', 'NONE');
#1922 = DIRECTION ( 'NONE',  ( 0.000000000000000000, 1.000000000000000000, 1.882966322632667746E-16 ) ) ;
#1923 = CARTESIAN_POINT ( 'NONE',  ( 29.49999999999998579, 12.99999999999999822, 0.7499999999999937828 ) ) ;
#1924 = VERTEX_POINT ( 'NONE', #3962 ) ;
#1925 = CARTESIAN_POINT ( 'NONE',  ( 29.50000000000000355, 21.00000000000000000, -5.999999999999994671 ) ) ;
#1926 = ORIENTED_EDGE ( 'NONE', *, *, #1838, .F. ) ;
#1927 = ADVANCED_FACE ( 'NONE', ( #4271 ), #4677, .T. ) ;
#1928 = CARTESIAN_POINT ( 'NONE',  ( 15.50000000000000533, 20.00000000000000000, 0.7499999999999954481 ) ) ;
#1929 = ORIENTED_EDGE ( 'NONE', *, *, #1115, .F. ) ;
#1930 = ORIENTED_EDGE ( 'NONE', *, *, #2209, .T. ) ;
#1931 = DIRECTION ( 'NONE',  ( 0.000000000000000000, 0.000000000000000000, -1.000000000000000000 ) ) ;
#1932 = CARTESIAN_POINT ( 'NONE',  ( -47.49999999999998579, 13.00000000000001066, 0.7499999999999937828 ) ) ;
#1933 = EDGE_LOOP ( 'NONE', ( #3507, #5069, #2331, #359 ) ) ;
#1934 = FACE_OUTER_BOUND ( 'NONE', #1933, .T. ) ;
#1935 = EDGE_LOOP ( 'NONE', ( #3017, #515 ) ) ;
#1936 = CARTESIAN_POINT ( 'NONE',  ( 13.99999999999999822, 25.00000000000000000, 9.215390309173487893 ) ) ;
#1937 = ORIENTED_EDGE ( 'NONE', *, *, #1481, .F. ) ;
#1938 = DIRECTION ( 'NONE',  ( -1.000000000000000000, 0.000000000000000000, 0.000000000000000000 ) ) ;
#1939 = CIRCLE ( 'NONE', #1141, 1.789374506571836498 ) ;
#1940 = ORIENTED_EDGE ( 'NONE', *, *, #3295, .T. ) ;
#1941 = CARTESIAN_POINT ( 'NONE',  ( -29.50000000000000711, 10.24999999999999645, 6.637456287280152216E-15 ) ) ;
#1942 = ORIENTED_EDGE ( 'NONE', *, *, #2911, .F. ) ;
#1943 = FACE_BOUND ( 'NONE', #2080, .T. ) ;
#1944 = DIRECTION ( 'NONE',  ( 1.000000000000000000, 0.000000000000000000, -0.000000000000000000 ) ) ;
#1945 = VECTOR ( 'NONE', #1848, 1000.000000000000114 ) ;
#1946 = CARTESIAN_POINT ( 'NONE',  ( -45.49999999999998579, 13.00000000000000000, -5.999999999999994671 ) ) ;
#1947 = CIRCLE ( 'NONE', #5043, 1.500000000000001110 ) ;
#1948 = ORIENTED_EDGE ( 'NONE', *, *, #326, .F. ) ;
#1949 = AXIS2_PLACEMENT_3D ( 'NONE', #3808, #8, #1705 ) ;
#1950 = VECTOR ( 'NONE', #2667, 1000.000000000000114 ) ;
#1951 = DIRECTION ( 'NONE',  ( -0.7071067811865522357, 0.000000000000000000, 0.7071067811865427988 ) ) ;
#1952 = ORIENTED_EDGE ( 'NONE', *, *, #1623, .F. ) ;
#1953 = DIRECTION ( 'NONE',  ( -1.000000000000000000, 0.000000000000000000, 0.000000000000000000 ) ) ;
#1954 = AXIS2_PLACEMENT_3D ( 'NONE', #4805, #3148, #1028 ) ;
#1955 = EDGE_CURVE ( 'NONE', #2099, #3865, #3079, .T. ) ;
#1956 = VERTEX_POINT ( 'NONE', #4384 ) ;
#1957 = DIRECTION ( 'NONE',  ( 0.000000000000000000, 1.000000000000000000, 0.000000000000000000 ) ) ;
#1958 = VECTOR ( 'NONE', #1674, 1000.000000000000000 ) ;
#1959 = CARTESIAN_POINT ( 'NONE',  ( 24.20885981545882615, -15.00000000000000178, 1.734723475976807094E-15 ) ) ;
#1960 = VECTOR ( 'NONE', #2533, 1000.000000000000000 ) ;
#1961 = LINE ( 'NONE', #1069, #2508 ) ;
#1962 = EDGE_CURVE ( 'NONE', #4465, #754, #441, .T. ) ;
#1963 = AXIS2_PLACEMENT_3D ( 'NONE', #4175, #5064, #5473 ) ;
#1964 = VERTEX_POINT ( 'NONE', #498 ) ;
#1965 = EDGE_CURVE ( 'NONE', #4620, #4473, #4948, .T. ) ;
#1966 = LINE ( 'NONE', #2860, #4400 ) ;
#1967 = ORIENTED_EDGE ( 'NONE', *, *, #1794, .F. ) ;
#1968 = DIRECTION ( 'NONE',  ( 1.000000000000000000, 0.000000000000000000, 0.000000000000000000 ) ) ;
#1969 = ORIENTED_EDGE ( 'NONE', *, *, #1115, .T. ) ;
#1970 = CARTESIAN_POINT ( 'NONE',  ( -23.99999999999999645, 4.998909409702481987, -5.999999999999994671 ) ) ;
#1971 = VECTOR ( 'NONE', #838, 1000.000000000000000 ) ;
#1972 = VERTEX_POINT ( 'NONE', #3052 ) ;
#1973 = VECTOR ( 'NONE', #1827, 1000.000000000000000 ) ;
#1974 = DIRECTION ( 'NONE',  ( 0.000000000000000000, 0.000000000000000000, 1.000000000000000000 ) ) ;
#1975 = ORIENTED_EDGE ( 'NONE', *, *, #3721, .T. ) ;
#1976 = CARTESIAN_POINT ( 'NONE',  ( 8.000000000000000000, 31.01213974604118206, -20.23194711339421659 ) ) ;
#1977 = DIRECTION ( 'NONE',  ( 0.000000000000000000, -0.7071067811865540120, -0.7071067811865410224 ) ) ;
#1978 = DIRECTION ( 'NONE',  ( 0.000000000000000000, 1.000000000000000000, 1.882966322632666267E-16 ) ) ;
#1979 = CIRCLE ( 'NONE', #296, 1.500000000000001332 ) ;
#1980 = ADVANCED_FACE ( 'NONE', ( #937 ), #998, .T. ) ;
#1981 = CARTESIAN_POINT ( 'NONE',  ( -55.00000000000000000, -24.00000000000002842, 4.000000000000009770 ) ) ;
#1982 = ORIENTED_EDGE ( 'NONE', *, *, #5433, .T. ) ;
#1983 = DIRECTION ( 'NONE',  ( 0.7071067811865474617, -0.7071067811865474617, 0.000000000000000000 ) ) ;
#1984 = ORIENTED_EDGE ( 'NONE', *, *, #738, .F. ) ;
#1985 = ORIENTED_EDGE ( 'NONE', *, *, #514, .T. ) ;
#1986 = CARTESIAN_POINT ( 'NONE',  ( 45.49999999999998579, 13.00000000000000000, 7.155272026004135957E-15 ) ) ;
#1987 = DIRECTION ( 'NONE',  ( -0.7071067811865522357, -6.542051911182464165E-15, -0.7071067811865427988 ) ) ;
#1988 = VERTEX_POINT ( 'NONE', #1376 ) ;
#1989 = DIRECTION ( 'NONE',  ( -0.000000000000000000, 1.000000000000000000, 0.000000000000000000 ) ) ;
#1990 = ORIENTED_EDGE ( 'NONE', *, *, #3010, .T. ) ;
#1991 = CARTESIAN_POINT ( 'NONE',  ( -20.50000000000000355, -20.00000000000000000, 3.000000000000011546 ) ) ;
#1992 = CARTESIAN_POINT ( 'NONE',  ( -7.001249498915014691, 20.62120305376064522, 8.042095203608782938 ) ) ;
#1993 = CARTESIAN_POINT ( 'NONE',  ( -20.50000000000000355, 20.00000000000000000, 0.7499999999999951150 ) ) ;
#1994 = ADVANCED_FACE ( 'NONE', ( #5211 ), #2182, .F. ) ;
#1995 = ORIENTED_EDGE ( 'NONE', *, *, #4570, .F. ) ;
#1996 = ADVANCED_FACE ( 'NONE', ( #3545 ), #2249, .F. ) ;
#1997 = FACE_OUTER_BOUND ( 'NONE', #245, .T. ) ;
#1998 = ORIENTED_EDGE ( 'NONE', *, *, #2910, .T. ) ;
#1999 = CARTESIAN_POINT ( 'NONE',  ( -8.000000000000001776, 24.99999999999999645, -2.500000000000000888 ) ) ;
#2000 = DIRECTION ( 'NONE',  ( 0.000000000000000000, 0.000000000000000000, -1.000000000000000000 ) ) ;
#2001 = CARTESIAN_POINT ( 'NONE',  ( 14.75000000000000533, -20.00000000000000000, 9.414831613163342183E-16 ) ) ;
#2002 = DIRECTION ( 'NONE',  ( 1.000000000000000000, 0.000000000000000000, 0.000000000000000000 ) ) ;
#2003 = EDGE_LOOP ( 'NONE', ( #1625, #5390, #2711, #1734 ) ) ;
#2004 = FACE_OUTER_BOUND ( 'NONE', #3161, .T. ) ;
#2005 = CIRCLE ( 'NONE', #5470, 2.500000000000002220 ) ;
#2006 = ORIENTED_EDGE ( 'NONE', *, *, #50, .F. ) ;
#2007 = FACE_OUTER_BOUND ( 'NONE', #2835, .T. ) ;
#2008 = EDGE_CURVE ( 'NONE', #3701, #3579, #165, .T. ) ;
#2009 = VERTEX_POINT ( 'NONE', #5124 ) ;
#2010 = DIRECTION ( 'NONE',  ( 8.979589471384858469E-16, 0.000000000000000000, -1.000000000000000000 ) ) ;
#2011 = DIRECTION ( 'NONE',  ( 0.000000000000000000, 0.000000000000000000, -1.000000000000000000 ) ) ;
#2012 = ORIENTED_EDGE ( 'NONE', *, *, #1439, .F. ) ;
#2013 = ORIENTED_EDGE ( 'NONE', *, *, #4032, .T. ) ;
#2014 = DIRECTION ( 'NONE',  ( -1.000000000000000000, 0.000000000000000000, 0.000000000000000000 ) ) ;
#2015 = FACE_OUTER_BOUND ( 'NONE', #4613, .T. ) ;
#2016 = CARTESIAN_POINT ( 'NONE',  ( -27.49999999999998579, 13.00000000000001066, 3.250000000000015099 ) ) ;
#2017 = EDGE_CURVE ( 'NONE', #4837, #1201, #2581, .T. ) ;
#2018 = EDGE_CURVE ( 'NONE', #1956, #211, #73, .T. ) ;
#2019 = ORIENTED_EDGE ( 'NONE', *, *, #196, .F. ) ;
#2020 = DIRECTION ( 'NONE',  ( -1.000000000000000000, 1.623524136776981613E-15, 4.350219813418295278E-16 ) ) ;
#2021 = ORIENTED_EDGE ( 'NONE', *, *, #1891, .F. ) ;
#2022 = PLANE ( 'NONE',  #3308 ) ;
#2023 = CARTESIAN_POINT ( 'NONE',  ( 45.49999999999999289, 19.00000000000000355, 8.285051819583736703E-15 ) ) ;
#2024 = CARTESIAN_POINT ( 'NONE',  ( -8.000000000000000000, 25.00000000000000000, 2.205663881035650586 ) ) ;
#2025 = DIRECTION ( 'NONE',  ( 0.000000000000000000, -0.9659258262890679791, -0.2588190451025216832 ) ) ;
#2026 = VECTOR ( 'NONE', #240, 1000.000000000000000 ) ;
#2027 = ADVANCED_FACE ( 'NONE', ( #3851 ), #1743, .F. ) ;
#2029 = VECTOR ( 'NONE', #5110, 1000.000000000000227 ) ;
#2028 = PLANE ( 'NONE',  #4798 ) ;
#2030 = ORIENTED_EDGE ( 'NONE', *, *, #1142, .T. ) ;
#2031 = CARTESIAN_POINT ( 'NONE',  ( -52.50000000000000000, 31.50000000000000000, -22.00000000000000355 ) ) ;
#2032 = EDGE_CURVE ( 'NONE', #5200, #3026, #911, .T. ) ;
#2033 = VERTEX_POINT ( 'NONE', #3902 ) ;
#2034 = AXIS2_PLACEMENT_3D ( 'NONE', #4646, #2541, #423 ) ;
#2035 = CIRCLE ( 'NONE', #3537, 2.499999999999998668 ) ;
#2036 = ORIENTED_EDGE ( 'NONE', *, *, #4667, .F. ) ;
#2037 = AXIS2_PLACEMENT_3D ( 'NONE', #4031, #2312, #229 ) ;
#2038 = CARTESIAN_POINT ( 'NONE',  ( 29.50000000000000355, 10.24999999999999467, 4.000000000000003553 ) ) ;
#2039 = CARTESIAN_POINT ( 'NONE',  ( -45.00000000000000000, 31.50000000000000000, -8.500000000000000000 ) ) ;
#2040 = ORIENTED_EDGE ( 'NONE', *, *, #2435, .T. ) ;
#2041 = VERTEX_POINT ( 'NONE', #109 ) ;
#2042 = DIRECTION ( 'NONE',  ( 0.7071067811865389130, 1.226634733346714348E-16, 0.7071067811865561215 ) ) ;
#2043 = DIRECTION ( 'NONE',  ( 0.000000000000000000, 0.000000000000000000, 1.000000000000000000 ) ) ;
#2044 = CARTESIAN_POINT ( 'NONE',  ( 9.750000000000001776, 23.58206996335059813, 9.870733281339546750 ) ) ;
#2045 = AXIS2_PLACEMENT_3D ( 'NONE', #2141, #2873, #5054 ) ;
#2046 = VECTOR ( 'NONE', #2882, 1000.000000000000000 ) ;
#2047 = VERTEX_POINT ( 'NONE', #4763 ) ;
#2048 = DIRECTION ( 'NONE',  ( 0.000000000000000000, -0.2588190451025217387, 0.9659258262890680902 ) ) ;
#2049 = ORIENTED_EDGE ( 'NONE', *, *, #159, .F. ) ;
#2050 = CARTESIAN_POINT ( 'NONE',  ( 25.70885981545882615, -15.00000000000000178, 4.000000000000005329 ) ) ;
#2051 = EDGE_CURVE ( 'NONE', #325, #4036, #2612, .T. ) ;
#2052 = VECTOR ( 'NONE', #1302, 1000.000000000000000 ) ;
#2053 = LINE ( 'NONE', #4581, #5307 ) ;
#2054 = CYLINDRICAL_SURFACE ( 'NONE', #5493, 2.800000000000004263 ) ;
#2055 = AXIS2_PLACEMENT_3D ( 'NONE', #967, #914, #1774 ) ;
#2056 = VECTOR ( 'NONE', #4634, 1000.000000000000000 ) ;
#2057 = AXIS2_PLACEMENT_3D ( 'NONE', #69, #2156, #1798 ) ;
#2058 = DIRECTION ( 'NONE',  ( -8.979589471384858469E-16, -0.000000000000000000, 1.000000000000000000 ) ) ;
#2059 = VECTOR ( 'NONE', #4824, 1000.000000000000000 ) ;
#2060 = EDGE_LOOP ( 'NONE', ( #2808, #5484, #4633, #5369, #3676, #3191, #1930, #690 ) ) ;
#2061 = LINE ( 'NONE', #5447, #5311 ) ;
#2062 = VECTOR ( 'NONE', #2778, 1000.000000000000000 ) ;
#2063 = ADVANCED_FACE ( 'NONE', ( #4357 ), #193, .T. ) ;
#2064 = ORIENTED_EDGE ( 'NONE', *, *, #5004, .T. ) ;
#2065 = AXIS2_PLACEMENT_3D ( 'NONE', #4026, #223, #4880 ) ;
#2066 = ADVANCED_FACE ( 'NONE', ( #222 ), #2663, .F. ) ;
#2067 = ORIENTED_EDGE ( 'NONE', *, *, #1214, .F. ) ;
#2068 = DIRECTION ( 'NONE',  ( 0.000000000000000000, 0.000000000000000000, 1.000000000000000000 ) ) ;
#2069 = CARTESIAN_POINT ( 'NONE',  ( 9.750000000000001776, 22.58518543427733860, 8.568342696417188264 ) ) ;
#2070 = ORIENTED_EDGE ( 'NONE', *, *, #5080, .F. ) ;
#2071 = VECTOR ( 'NONE', #4316, 1000.000000000000000 ) ;
#2072 = EDGE_CURVE ( 'NONE', #2728, #5396, #5238, .T. ) ;
#2073 = ORIENTED_EDGE ( 'NONE', *, *, #4565, .F. ) ;
#2074 = DIRECTION ( 'NONE',  ( -0.000000000000000000, -0.000000000000000000, 1.000000000000000000 ) ) ;
#2075 =( BOUNDED_CURVE ( )  B_SPLINE_CURVE ( 3, ( #3476, #1416, #945, #2259 ),
 .UNSPECIFIED., .F., .T. ) 
 B_SPLINE_CURVE_WITH_KNOTS ( ( 4, 4 ),
 ( 3.141592653589793116, 4.712388980384689674 ),
 .UNSPECIFIED. ) 
 CURVE ( )  GEOMETRIC_REPRESENTATION_ITEM ( )  RATIONAL_B_SPLINE_CURVE ( ( 1.000000000000000000, 0.8047378541243649375, 0.8047378541243649375, 1.000000000000000000 ) ) 
 REPRESENTATION_ITEM ( '' )  );
#2076 = DIRECTION ( 'NONE',  ( 0.7071067811865409114, 1.331458255479468192E-16, -0.7071067811865541231 ) ) ;
#2077 = DIRECTION ( 'NONE',  ( 0.7071067811865476838, -1.226634733346699064E-16, -0.7071067811865473507 ) ) ;
#2078 = EDGE_CURVE ( 'NONE', #2537, #4794, #2398, .T. ) ;
#2079 = FACE_OUTER_BOUND ( 'NONE', #3481, .T. ) ;
#2080 = EDGE_LOOP ( 'NONE', ( #3175, #2006 ) ) ;
#2081 = LINE ( 'NONE', #362, #2233 ) ;
#2082 = CARTESIAN_POINT ( 'NONE',  ( 48.24999999999999289, 18.99999999999998579, 4.000000000000001776 ) ) ;
#2083 = DIRECTION ( 'NONE',  ( 0.000000000000000000, 0.000000000000000000, -1.000000000000000000 ) ) ;
#2084 = FACE_OUTER_BOUND ( 'NONE', #2241, .T. ) ;
#2085 = LINE ( 'NONE', #3390, #2395 ) ;
#2086 = LINE ( 'NONE', #479, #5240 ) ;
#2087 = ORIENTED_EDGE ( 'NONE', *, *, #459, .F. ) ;
#2088 = CARTESIAN_POINT ( 'NONE',  ( -26.42331416492100260, 25.00000000000000000, 9.215390309173487893 ) ) ;
#2089 = VERTEX_POINT ( 'NONE', #3602 ) ;
#2090 = EDGE_CURVE ( 'NONE', #618, #4485, #4079, .T. ) ;
#2091 = PLANE ( 'NONE',  #3787 ) ;
#2092 = EDGE_CURVE ( 'NONE', #2358, #4504, #2831, .T. ) ;
#2093 = ORIENTED_EDGE ( 'NONE', *, *, #576, .T. ) ;
#2094 = CARTESIAN_POINT ( 'NONE',  ( -52.50000000000000000, -24.00000000000000000, 1.882966322632659365E-16 ) ) ;
#2095 = DIRECTION ( 'NONE',  ( 1.000000000000000000, 0.000000000000000000, 0.000000000000000000 ) ) ;
#2096 = ORIENTED_EDGE ( 'NONE', *, *, #1308, .T. ) ;
#2097 = EDGE_CURVE ( 'NONE', #33, #5200, #949, .T. ) ;
#2098 = DIRECTION ( 'NONE',  ( 1.156482317317876458E-15, 1.000000000000000000, 0.000000000000000000 ) ) ;
#2099 = VERTEX_POINT ( 'NONE', #1547 ) ;
#2100 = CARTESIAN_POINT ( 'NONE',  ( 50.00000000000000000, 31.50000000000000000, -18.99999999999998934 ) ) ;
#2101 = PLANE ( 'NONE',  #2384 ) ;
#2102 = DIRECTION ( 'NONE',  ( 0.000000000000000000, -0.9659258262890679791, -0.2588190451025216832 ) ) ;
#2103 = ORIENTED_EDGE ( 'NONE', *, *, #2682, .F. ) ;
#2104 = CARTESIAN_POINT ( 'NONE',  ( 55.00000000000000000, 25.00000000000000000, 0.9999999999999978906 ) ) ;
#2105 = CARTESIAN_POINT ( 'NONE',  ( 21.50000000000002487, -20.00000000000000000, 4.000000000000008882 ) ) ;
#2106 = CARTESIAN_POINT ( 'NONE',  ( -14.00000000000000178, -24.00000000000001421, 6.000000000000005329 ) ) ;
#2107 = CARTESIAN_POINT ( 'NONE',  ( -55.00000000000000000, -25.00000000000000000, 0.9999999999999878986 ) ) ;
#2108 = CARTESIAN_POINT ( 'NONE',  ( 52.50000000000000000, -25.00000000000000000, 4.000000000000008882 ) ) ;
#2109 = DIRECTION ( 'NONE',  ( -0.000000000000000000, -0.2588190451025216832, 0.9659258262890680902 ) ) ;
#2110 = ORIENTED_EDGE ( 'NONE', *, *, #4733, .F. ) ;
#2111 = VECTOR ( 'NONE', #4797, 1000.000000000000000 ) ;
#2112 = DIRECTION ( 'NONE',  ( 0.000000000000000000, -0.9659258262890679791, -0.2588190451025216832 ) ) ;
#2113 = AXIS2_PLACEMENT_3D ( 'NONE', #519, #2547, #2207 ) ;
#2114 = CARTESIAN_POINT ( 'NONE',  ( -55.00000000000000000, 31.50000000000000000, -2.500000000000001776 ) ) ;
#2115 = DIRECTION ( 'NONE',  ( 0.000000000000000000, 0.000000000000000000, -1.000000000000000000 ) ) ;
#2116 = EDGE_CURVE ( 'NONE', #456, #1026, #2843, .T. ) ;
#2117 = CARTESIAN_POINT ( 'NONE',  ( 25.70885981545882615, -15.00000000000000178, 1.734723475976807094E-15 ) ) ;
#2118 = CARTESIAN_POINT ( 'NONE',  ( 23.99999999999999645, 4.998909409702481987, 4.000000000000005329 ) ) ;
#2119 = VECTOR ( 'NONE', #581, 1000.000000000000000 ) ;
#2120 = VECTOR ( 'NONE', #2915, 1000.000000000000000 ) ;
#2121 = ORIENTED_EDGE ( 'NONE', *, *, #4153, .T. ) ;
#2122 = CARTESIAN_POINT ( 'NONE',  ( 55.00000000000000000, -22.50000000000000000, 0.000000000000000000 ) ) ;
#2123 = ORIENTED_EDGE ( 'NONE', *, *, #4062, .T. ) ;
#2124 = EDGE_CURVE ( 'NONE', #4036, #1956, #1139, .T. ) ;
#2125 = DIRECTION ( 'NONE',  ( 1.000000000000000000, 0.000000000000000000, 0.000000000000000000 ) ) ;
#2126 = DIRECTION ( 'NONE',  ( -0.7071067811865525687, 4.906538933386850096E-15, 0.7071067811865425767 ) ) ;
#2127 = EDGE_CURVE ( 'NONE', #4844, #3338, #1152, .T. ) ;
#2128 = DIRECTION ( 'NONE',  ( 0.000000000000000000, 0.000000000000000000, -1.000000000000000000 ) ) ;
#2129 = VERTEX_POINT ( 'NONE', #4909 ) ;
#2130 = PLANE ( 'NONE',  #644 ) ;
#2132 = VECTOR ( 'NONE', #3109, 1000.000000000000227 ) ;
#2131 = DIRECTION ( 'NONE',  ( -0.000000000000000000, 1.000000000000000000, -0.000000000000000000 ) ) ;
#2133 = EDGE_CURVE ( 'NONE', #1016, #221, #3575, .T. ) ;
#2134 = DIRECTION ( 'NONE',  ( -1.387778780781445367E-17, -0.2588190451025217942, 0.9659258262890679791 ) ) ;
#2135 = CARTESIAN_POINT ( 'NONE',  ( 52.50000000000000000, 30.50000000000001421, -22.00000000000000355 ) ) ;
#2136 = AXIS2_PLACEMENT_3D ( 'NONE', #3611, #205, #4533 ) ;
#2137 = VECTOR ( 'NONE', #3779, 1000.000000000000000 ) ;
#2138 = DIRECTION ( 'NONE',  ( -0.000000000000000000, 0.000000000000000000, 1.000000000000000000 ) ) ;
#2139 = AXIS2_PLACEMENT_3D ( 'NONE', #726, #2363, #2755 ) ;
#2140 = CARTESIAN_POINT ( 'NONE',  ( -24.20885981545882615, -15.00000000000000178, 4.000000000000005329 ) ) ;
#2141 = CARTESIAN_POINT ( 'NONE',  ( 47.49999999999999289, 28.49999999999998934, -22.00000000000000711 ) ) ;
#2142 = ORIENTED_EDGE ( 'NONE', *, *, #4517, .T. ) ;
#2143 = ADVANCED_FACE ( 'NONE', ( #4852 ), #276, .F. ) ;
#2144 = CARTESIAN_POINT ( 'NONE',  ( -47.50000000000000000, -23.50000000000000000, -22.00000000000000355 ) ) ;
#2145 = VECTOR ( 'NONE', #947, 999.9999999999998863 ) ;
#2146 = FACE_OUTER_BOUND ( 'NONE', #1050, .T. ) ;
#2147 = VECTOR ( 'NONE', #5291, 1000.000000000000000 ) ;
#2148 = DIRECTION ( 'NONE',  ( 1.000000000000000000, 0.000000000000000000, 0.000000000000000000 ) ) ;
#2149 = CARTESIAN_POINT ( 'NONE',  ( -22.49999999999999645, 4.998909409702481987, 4.000000000000005329 ) ) ;
#2150 = ORIENTED_EDGE ( 'NONE', *, *, #1900, .F. ) ;
#2151 = AXIS2_PLACEMENT_3D ( 'NONE', #5220, #3123, #147 ) ;
#2152 = EDGE_LOOP ( 'NONE', ( #5402, #2786, #1536, #3268 ) ) ;
#2153 = DIRECTION ( 'NONE',  ( 1.000000000000000000, 0.000000000000000000, 0.000000000000000000 ) ) ;
#2154 = ORIENTED_EDGE ( 'NONE', *, *, #4024, .F. ) ;
#2155 = DIRECTION ( 'NONE',  ( -0.000000000000000000, 0.2588190451025217942, -0.9659258262890679791 ) ) ;
#2156 = DIRECTION ( 'NONE',  ( -1.000000000000000000, 0.000000000000000000, 0.000000000000000000 ) ) ;
#2157 = AXIS2_PLACEMENT_3D ( 'NONE', #1482, #3104, #1020 ) ;
#2158 = VERTEX_POINT ( 'NONE', #2335 ) ;
#2159 = DIRECTION ( 'NONE',  ( -1.000000000000000000, 0.000000000000000000, 0.000000000000000000 ) ) ;
#2160 = CARTESIAN_POINT ( 'NONE',  ( 45.00000000000000000, 30.50000000000001421, -8.500000000000000000 ) ) ;
#2161 = EDGE_CURVE ( 'NONE', #477, #95, #4341, .T. ) ;
#2162 = CARTESIAN_POINT ( 'NONE',  ( -26.74999999999998579, 13.00000000000001066, 4.000000000000002665 ) ) ;
#2163 = CARTESIAN_POINT ( 'NONE',  ( -8.016486971549046103, 25.00000000000000355, 2.256273420325439094 ) ) ;
#2164 = DIRECTION ( 'NONE',  ( 0.000000000000000000, -1.000000000000000000, 3.469446951953616161E-16 ) ) ;
#2165 = DIRECTION ( 'NONE',  ( 1.000000000000000000, 0.000000000000000000, 0.000000000000000000 ) ) ;
#2166 = LINE ( 'NONE', #54, #2052 ) ;
#2167 = ORIENTED_EDGE ( 'NONE', *, *, #3813, .T. ) ;
#2168 = DIRECTION ( 'NONE',  ( 0.000000000000000000, 0.9659258262890682012, 0.2588190451025214611 ) ) ;
#2169 = CYLINDRICAL_SURFACE ( 'NONE', #4972, 2.499999999999998668 ) ;
#2170 = FACE_OUTER_BOUND ( 'NONE', #739, .T. ) ;
#2171 = LINE ( 'NONE', #3369, #2029 ) ;
#2172 = FACE_OUTER_BOUND ( 'NONE', #3662, .T. ) ;
#2173 = EDGE_LOOP ( 'NONE', ( #1131, #2627, #2884, #41 ) ) ;
#2174 = EDGE_LOOP ( 'NONE', ( #2737, #1154, #3548, #918 ) ) ;
#2175 = DIRECTION ( 'NONE',  ( 0.000000000000000000, 1.000000000000000000, 1.882966322632668732E-16 ) ) ;
#2176 = EDGE_LOOP ( 'NONE', ( #1646, #1167, #1677, #4410 ) ) ;
#2177 = DIRECTION ( 'NONE',  ( -0.000000000000000000, 0.2588190451025216832, -0.9659258262890680902 ) ) ;
#2178 = FACE_OUTER_BOUND ( 'NONE', #1895, .T. ) ;
#2179 = CARTESIAN_POINT ( 'NONE',  ( 7.960825245980742260, 27.49999999999999645, -7.245647825713248835 ) ) ;
#2180 = ORIENTED_EDGE ( 'NONE', *, *, #3999, .T. ) ;
#2181 = CARTESIAN_POINT ( 'NONE',  ( 9.750000000000001776, 19.06574433402355950, 15.90752073907594699 ) ) ;
#2182 = CYLINDRICAL_SURFACE ( 'NONE', #3971, 2.000000000000001776 ) ;
#2183 = DIRECTION ( 'NONE',  ( 1.000000000000000000, 0.000000000000000000, 0.000000000000000000 ) ) ;
#2184 = EDGE_CURVE ( 'NONE', #64, #2690, #4109, .T. ) ;
#2185 = AXIS2_PLACEMENT_3D ( 'NONE', #4221, #1256, #1126 ) ;
#2186 = ADVANCED_FACE ( 'NONE', ( #4827, #1917 ), #1433, .T. ) ;
#2187 = LINE ( 'NONE', #4322, #4631 ) ;
#2188 = CARTESIAN_POINT ( 'NONE',  ( -29.49999999999998579, 12.99999999999999822, 3.250000000000015099 ) ) ;
#2189 = ORIENTED_EDGE ( 'NONE', *, *, #4876, .F. ) ;
#2190 = FACE_BOUND ( 'NONE', #3170, .T. ) ;
#2191 = ORIENTED_EDGE ( 'NONE', *, *, #873, .F. ) ;
#2192 = CARTESIAN_POINT ( 'NONE',  ( 18.00000000000000711, -20.00000000000000000, 0.7499999999999876765 ) ) ;
#2193 = EDGE_CURVE ( 'NONE', #351, #655, #1865, .T. ) ;
#2194 = ADVANCED_FACE ( 'NONE', ( #248 ), #4412, .T. ) ;
#2195 = DIRECTION ( 'NONE',  ( 0.000000000000000000, 1.000000000000000000, 1.882966322632668486E-16 ) ) ;
#2196 = CARTESIAN_POINT ( 'NONE',  ( -27.49999999999998579, 13.00000000000001066, 0.7499999999999937828 ) ) ;
#2197 = CARTESIAN_POINT ( 'NONE',  ( -18.00000000000000711, -20.00000000000000000, 3.000000000000011546 ) ) ;
#2198 = CARTESIAN_POINT ( 'NONE',  ( 55.00000000000000000, 28.49999999999998579, -22.00000000000000355 ) ) ;
#2199 = EDGE_CURVE ( 'NONE', #4800, #3093, #357, .T. ) ;
#2200 = CARTESIAN_POINT ( 'NONE',  ( -18.00000000000000711, 20.00000000000000000, -5.999999999999994671 ) ) ;
#2201 = ORIENTED_EDGE ( 'NONE', *, *, #1263, .T. ) ;
#2202 = AXIS2_PLACEMENT_3D ( 'NONE', #5149, #5179, #553 ) ;
#2203 = ORIENTED_EDGE ( 'NONE', *, *, #3051, .F. ) ;
#2204 = CARTESIAN_POINT ( 'NONE',  ( -52.50000000000000000, -24.00000000000003197, 4.000000000000009770 ) ) ;
#2205 = ORIENTED_EDGE ( 'NONE', *, *, #587, .F. ) ;
#2206 = CONICAL_SURFACE ( 'NONE', #3441, 2.800000000000000711, 0.7853981633974476129 ) ;
#2207 = DIRECTION ( 'NONE',  ( 0.000000000000000000, -1.000000000000000000, 0.000000000000000000 ) ) ;
#2208 = VECTOR ( 'NONE', #517, 1000.000000000000114 ) ;
#2209 = EDGE_CURVE ( 'NONE', #3040, #5266, #3629, .T. ) ;
#2210 = FACE_OUTER_BOUND ( 'NONE', #4066, .T. ) ;
#2211 = AXIS2_PLACEMENT_3D ( 'NONE', #1390, #4780, #980 ) ;
#2212 = VECTOR ( 'NONE', #720, 1000.000000000000000 ) ;
#2213 = CARTESIAN_POINT ( 'NONE',  ( 8.000000000000008882, 27.49999999999999645, -7.124463137886515973 ) ) ;
#2214 = ORIENTED_EDGE ( 'NONE', *, *, #3364, .T. ) ;
#2215 = FACE_OUTER_BOUND ( 'NONE', #1519, .T. ) ;
#2216 = DIRECTION ( 'NONE',  ( 1.000000000000000000, 0.000000000000000000, 0.000000000000000000 ) ) ;
#2217 = VECTOR ( 'NONE', #2675, 1000.000000000000000 ) ;
#2218 = DIRECTION ( 'NONE',  ( 0.7071067811865426878, 1.226634733346707692E-16, 0.7071067811865523467 ) ) ;
#2219 = CIRCLE ( 'NONE', #4086, 2.749999999999999112 ) ;
#2220 = DIRECTION ( 'NONE',  ( -0.7071067811865379138, 9.509023144457393338E-16, -0.7071067811865572317 ) ) ;
#2221 = EDGE_LOOP ( 'NONE', ( #1522, #4364, #3677, #748 ) ) ;
#2222 = DIRECTION ( 'NONE',  ( 0.000000000000000000, -1.000000000000000000, 1.734723475976807341E-16 ) ) ;
#2223 = AXIS2_PLACEMENT_3D ( 'NONE', #677, #2370, #2316 ) ;
#2224 = ORIENTED_EDGE ( 'NONE', *, *, #4926, .F. ) ;
#2225 = DIRECTION ( 'NONE',  ( -1.156482317317876458E-15, -1.000000000000000000, 1.734723475976807341E-16 ) ) ;
#2226 = VECTOR ( 'NONE', #2588, 1000.000000000000000 ) ;
#2227 = LINE ( 'NONE', #146, #3814 ) ;
#2228 = DIRECTION ( 'NONE',  ( 0.000000000000000000, 0.9659258262890678681, 0.2588190451025220162 ) ) ;
#2229 = ORIENTED_EDGE ( 'NONE', *, *, #3179, .F. ) ;
#2230 = CARTESIAN_POINT ( 'NONE',  ( -21.50000000000002487, 20.00000000000000000, 4.000000000000001776 ) ) ;
#2231 = ADVANCED_FACE ( 'NONE', ( #4183 ), #3350, .F. ) ;
#2232 = DIRECTION ( 'NONE',  ( 0.000000000000000000, 0.000000000000000000, 1.000000000000000000 ) ) ;
#2233 = VECTOR ( 'NONE', #5047, 1000.000000000000000 ) ;
#2234 = CARTESIAN_POINT ( 'NONE',  ( 29.50000000000000355, 21.00000000000000000, 0.7499999999999954481 ) ) ;
#2235 = ORIENTED_EDGE ( 'NONE', *, *, #615, .F. ) ;
#2236 = EDGE_LOOP ( 'NONE', ( #4433, #1133, #1818, #808 ) ) ;
#2237 = EDGE_CURVE ( 'NONE', #4107, #897, #180, .T. ) ;
#2238 = VECTOR ( 'NONE', #1360, 1000.000000000000000 ) ;
#2239 = CARTESIAN_POINT ( 'NONE',  ( -9.749999999999998224, 22.58518543427733860, 8.568342696417188264 ) ) ;
#2240 = VECTOR ( 'NONE', #685, 1000.000000000000000 ) ;
#2241 = EDGE_LOOP ( 'NONE', ( #1975, #2300, #5409, #4444 ) ) ;
#2242 = DIRECTION ( 'NONE',  ( 0.000000000000000000, 0.000000000000000000, 1.000000000000000000 ) ) ;
#2243 = CARTESIAN_POINT ( 'NONE',  ( 27.49999999999998579, 13.00000000000001066, 3.250000000000015987 ) ) ;
#2244 = VECTOR ( 'NONE', #4684, 1000.000000000000000 ) ;
#2245 = EDGE_CURVE ( 'NONE', #3579, #2630, #4550, .T. ) ;
#2246 = FACE_OUTER_BOUND ( 'NONE', #737, .T. ) ;
#2247 = VERTEX_POINT ( 'NONE', #1207 ) ;
#2248 = CARTESIAN_POINT ( 'NONE',  ( 7.630548916494846345, 28.49999999999998934, -8.500000000000000000 ) ) ;
#2249 = CYLINDRICAL_SURFACE ( 'NONE', #5491, 1.500000000000001332 ) ;
#2250 = CARTESIAN_POINT ( 'NONE',  ( 13.99999999999999822, 22.50000000000000355, 6.000000000000005329 ) ) ;
#2251 = ADVANCED_FACE ( 'NONE', ( #846 ), #388, .T. ) ;
#2252 = DIRECTION ( 'NONE',  ( -0.7071067811865500152, -0.7071067811865451302, 0.000000000000000000 ) ) ;
#2253 = EDGE_LOOP ( 'NONE', ( #3879, #941 ) ) ;
#2254 = VECTOR ( 'NONE', #5095, 1000.000000000000114 ) ;
#2255 = FACE_OUTER_BOUND ( 'NONE', #4219, .T. ) ;
#2256 = DIRECTION ( 'NONE',  ( -1.623524136776981613E-15, -1.000000000000000000, 0.000000000000000000 ) ) ;
#2257 = ORIENTED_EDGE ( 'NONE', *, *, #4573, .F. ) ;
#2258 = LINE ( 'NONE', #1783, #278 ) ;
#2259 = CARTESIAN_POINT ( 'NONE',  ( -14.00000000000000178, 22.50000000000000355, 8.545517328095678877 ) ) ;
#2260 = ORIENTED_EDGE ( 'NONE', *, *, #1299, .F. ) ;
#2261 = CARTESIAN_POINT ( 'NONE',  ( 9.999999999999994671, 31.50000000000000000, -8.500000000000000000 ) ) ;
#2262 = LINE ( 'NONE', #4423, #4340 ) ;
#2263 = DIRECTION ( 'NONE',  ( -1.000000000000000000, 0.000000000000000000, 0.000000000000000000 ) ) ;
#2264 = ADVANCED_FACE ( 'NONE', ( #3329 ), #4208, .F. ) ;
#2265 = VERTEX_POINT ( 'NONE', #1628 ) ;
#2266 = VERTEX_POINT ( 'NONE', #5015 ) ;
#2267 = EDGE_CURVE ( 'NONE', #1685, #770, #1117, .T. ) ;
#2268 = FACE_OUTER_BOUND ( 'NONE', #2758, .T. ) ;
#2269 = ORIENTED_EDGE ( 'NONE', *, *, #3253, .T. ) ;
#2270 = LINE ( 'NONE', #157, #1945 ) ;
#2271 = FACE_OUTER_BOUND ( 'NONE', #4994, .T. ) ;
#2272 = ADVANCED_FACE ( 'NONE', ( #2964 ), #2909, .F. ) ;
#2273 = DIRECTION ( 'NONE',  ( 0.000000000000000000, 0.000000000000000000, 1.000000000000000000 ) ) ;
#2274 = ORIENTED_EDGE ( 'NONE', *, *, #3621, .F. ) ;
#2275 = CARTESIAN_POINT ( 'NONE',  ( -47.50000000000000000, 31.50000000000000000, -22.00000000000000355 ) ) ;
#2276 = ADVANCED_FACE ( 'NONE', ( #5405 ), #2101, .T. ) ;
#2277 = ORIENTED_EDGE ( 'NONE', *, *, #4671, .F. ) ;
#2278 = LINE ( 'NONE', #2308, #3670 ) ;
#2279 = ORIENTED_EDGE ( 'NONE', *, *, #4696, .T. ) ;
#2280 = DIRECTION ( 'NONE',  ( -0.000000000000000000, 0.000000000000000000, 1.000000000000000000 ) ) ;
#2281 = LINE ( 'NONE', #4858, #2217 ) ;
#2282 = EDGE_LOOP ( 'NONE', ( #270, #251, #590, #3515 ) ) ;
#2283 = CARTESIAN_POINT ( 'NONE',  ( 52.50000000000000000, -22.50000000000000000, -2.500000000000000000 ) ) ;
#2284 = CARTESIAN_POINT ( 'NONE',  ( -9.749999999999998224, 19.06574433402355950, 15.90752073907594699 ) ) ;
#2285 = VERTEX_POINT ( 'NONE', #4627 ) ;
#2286 = CARTESIAN_POINT ( 'NONE',  ( -55.00000000000000000, 30.50000000000001421, -24.50000000000000000 ) ) ;
#2287 = CARTESIAN_POINT ( 'NONE',  ( 46.00000000000000711, 31.50000000000000000, -8.500000000000000000 ) ) ;
#2288 = EDGE_LOOP ( 'NONE', ( #4663, #2469, #2257, #4600 ) ) ;
#2289 = CARTESIAN_POINT ( 'NONE',  ( -29.50000000000000355, 21.00000000000000000, -5.999999999999994671 ) ) ;
#2290 = EDGE_CURVE ( 'NONE', #897, #4725, #4150, .T. ) ;
#2291 = ORIENTED_EDGE ( 'NONE', *, *, #1824, .T. ) ;
#2292 = FACE_OUTER_BOUND ( 'NONE', #3203, .T. ) ;
#2293 = FACE_OUTER_BOUND ( 'NONE', #4127, .T. ) ;
#2294 = VECTOR ( 'NONE', #2216, 1000.000000000000000 ) ;
#2295 = EDGE_CURVE ( 'NONE', #3835, #1465, #1651, .T. ) ;
#2296 = ORIENTED_EDGE ( 'NONE', *, *, #2092, .F. ) ;
#2297 = CIRCLE ( 'NONE', #4327, 3.500000000000016875 ) ;
#2298 = EDGE_CURVE ( 'NONE', #2265, #156, #2467, .T. ) ;
#2299 = CARTESIAN_POINT ( 'NONE',  ( -18.00000000000000711, 20.00000000000000000, 0.7499999999999954481 ) ) ;
#2300 = ORIENTED_EDGE ( 'NONE', *, *, #1313, .T. ) ;
#2301 = DIRECTION ( 'NONE',  ( 1.000000000000000000, 0.000000000000000000, 0.000000000000000000 ) ) ;
#2302 = DIRECTION ( 'NONE',  ( 1.000000000000000000, 0.000000000000000000, 0.000000000000000000 ) ) ;
#2303 = EDGE_CURVE ( 'NONE', #4041, #351, #3274, .T. ) ;
#2304 = CONICAL_SURFACE ( 'NONE', #4243, 1.999999999999998224, 0.7853981633974569387 ) ;
#2305 = AXIS2_PLACEMENT_3D ( 'NONE', #5488, #5098, #5048 ) ;
#2306 = ORIENTED_EDGE ( 'NONE', *, *, #2652, .T. ) ;
#2307 = EDGE_CURVE ( 'NONE', #782, #211, #5040, .T. ) ;
#2308 = CARTESIAN_POINT ( 'NONE',  ( -47.50000000000000711, 27.50000000000000000, -23.50000000000000355 ) ) ;
#2309 = ORIENTED_EDGE ( 'NONE', *, *, #5089, .F. ) ;
#2311 = AXIS2_PLACEMENT_3D ( 'NONE', #2796, #4455, #4893 ) ;
#2310 = FACE_OUTER_BOUND ( 'NONE', #3029, .T. ) ;
#2312 = DIRECTION ( 'NONE',  ( 0.000000000000000000, 1.000000000000000000, 0.000000000000000000 ) ) ;
#2313 = EDGE_LOOP ( 'NONE', ( #671, #4206, #5029, #764 ) ) ;
#2314 = CIRCLE ( 'NONE', #1591, 2.499999999999998668 ) ;
#2315 = EDGE_CURVE ( 'NONE', #4489, #275, #3739, .T. ) ;
#2316 = DIRECTION ( 'NONE',  ( 0.000000000000000000, 0.000000000000000000, -1.000000000000000000 ) ) ;
#2317 = ORIENTED_EDGE ( 'NONE', *, *, #3110, .F. ) ;
#2318 = CARTESIAN_POINT ( 'NONE',  ( 21.25000000000000355, -20.00000000000000000, 9.414831613163342183E-16 ) ) ;
#2319 = VECTOR ( 'NONE', #3557, 1000.000000000000114 ) ;
#2320 = ORIENTED_EDGE ( 'NONE', *, *, #5283, .T. ) ;
#2321 = AXIS2_PLACEMENT_3D ( 'NONE', #1849, #4431, #1018 ) ;
#2322 = CARTESIAN_POINT ( 'NONE',  ( 0.000000000000000000, -24.00000000000001421, 6.000000000000005329 ) ) ;
#2323 = CIRCLE ( 'NONE', #3302, 3.249999999999999556 ) ;
#2324 = VERTEX_POINT ( 'NONE', #2660 ) ;
#2325 = CARTESIAN_POINT ( 'NONE',  ( -29.50000000000000355, 21.00000000000000000, 3.250000000000015099 ) ) ;
#2326 = DIRECTION ( 'NONE',  ( -0.7071067811865541231, -1.635512977795612886E-15, -0.7071067811865409114 ) ) ;
#2327 = VERTEX_POINT ( 'NONE', #903 ) ;
#2328 = VECTOR ( 'NONE', #2893, 1000.000000000000000 ) ;
#2329 = CIRCLE ( 'NONE', #2057, 2.500000000000003997 ) ;
#2330 = PLANE ( 'NONE',  #3365 ) ;
#2331 = ORIENTED_EDGE ( 'NONE', *, *, #4711, .T. ) ;
#2332 = LINE ( 'NONE', #4436, #1257 ) ;
#2333 = EDGE_LOOP ( 'NONE', ( #4293, #2634, #4391, #1013 ) ) ;
#2334 = AXIS2_PLACEMENT_3D ( 'NONE', #5403, #3347, #4106 ) ;
#2335 = CARTESIAN_POINT ( 'NONE',  ( -8.000000000000000000, 23.24756839296553679, 8.745827675277828561 ) ) ;
#2336 = CIRCLE ( 'NONE', #1264, 2.800000000000004263 ) ;
#2337 = ADVANCED_FACE ( 'NONE', ( #2178 ), #3896, .T. ) ;
#2338 = ORIENTED_EDGE ( 'NONE', *, *, #5388, .F. ) ;
#2339 = CARTESIAN_POINT ( 'NONE',  ( 7.016361530679058767, 24.34561745758188778, 1.059992623717333087E-14 ) ) ;
#2340 = ORIENTED_EDGE ( 'NONE', *, *, #3444, .F. ) ;
#2341 = PLANE ( 'NONE',  #5332 ) ;
#2342 = FACE_OUTER_BOUND ( 'NONE', #1104, .T. ) ;
#2343 = ADVANCED_FACE ( 'NONE', ( #2210 ), #3309, .T. ) ;
#2344 = ORIENTED_EDGE ( 'NONE', *, *, #622, .F. ) ;
#2345 = VECTOR ( 'NONE', #5182, 1000.000000000000000 ) ;
#2346 = LINE ( 'NONE', #4118, #1776 ) ;
#2347 = ORIENTED_EDGE ( 'NONE', *, *, #4665, .T. ) ;
#2348 = PLANE ( 'NONE',  #5406 ) ;
#2349 = ORIENTED_EDGE ( 'NONE', *, *, #1186, .T. ) ;
#2350 = DIRECTION ( 'NONE',  ( 0.000000000000000000, 0.7071067811865475727, -0.7071067811865475727 ) ) ;
#2351 = ORIENTED_EDGE ( 'NONE', *, *, #4975, .F. ) ;
#2352 = DIRECTION ( 'NONE',  ( 1.000000000000000000, 0.000000000000000000, -0.000000000000000000 ) ) ;
#2353 = CARTESIAN_POINT ( 'NONE',  ( 10.00000000000002665, 25.00000000000000000, 4.000000000000005329 ) ) ;
#2354 = VERTEX_POINT ( 'NONE', #3870 ) ;
#2355 = DIRECTION ( 'NONE',  ( 0.7071067811865474617, 0.7071067811865474617, 0.000000000000000000 ) ) ;
#2356 = VERTEX_POINT ( 'NONE', #1371 ) ;
#2357 = DIRECTION ( 'NONE',  ( 0.000000000000000000, -0.9659258262890679791, -0.2588190451025216277 ) ) ;
#2358 = VERTEX_POINT ( 'NONE', #3429 ) ;
#2359 = DIRECTION ( 'NONE',  ( -1.387778780781445367E-17, -0.2588190451025217942, 0.9659258262890679791 ) ) ;
#2360 = VERTEX_POINT ( 'NONE', #3512 ) ;
#2361 = CARTESIAN_POINT ( 'NONE',  ( 50.00000000000000000, -23.50000000000000000, -17.21062549342815373 ) ) ;
#2362 = ORIENTED_EDGE ( 'NONE', *, *, #3687, .T. ) ;
#2363 = DIRECTION ( 'NONE',  ( -0.7071067811865389130, 1.226634733346714348E-16, 0.7071067811865561215 ) ) ;
#2364 = ADVANCED_FACE ( 'NONE', ( #2605 ), #1318, .T. ) ;
#2365 = B_SPLINE_CURVE_WITH_KNOTS ( 'NONE', 3,
 ( #4530, #1088, #2790, #4478 ),
 .UNSPECIFIED., .F., .F.,
 ( 4, 4 ),
 ( 4.930144228435675211E-18, 0.0008174904253154050005 ),
 .UNSPECIFIED. ) ;
#2366 = DIRECTION ( 'NONE',  ( 0.000000000000000000, 1.000000000000000000, -1.734723475976807341E-16 ) ) ;
#2367 = DIRECTION ( 'NONE',  ( 0.000000000000000000, -1.000000000000000000, -1.882966322632667746E-16 ) ) ;
#2368 = EDGE_CURVE ( 'NONE', #4524, #1026, #133, .T. ) ;
#2369 = EDGE_LOOP ( 'NONE', ( #1940, #1461, #5148, #128 ) ) ;
#2370 = DIRECTION ( 'NONE',  ( 0.000000000000000000, -1.000000000000000000, 0.000000000000000000 ) ) ;
#2371 = EDGE_CURVE ( 'NONE', #3754, #4132, #2329, .T. ) ;
#2372 = ORIENTED_EDGE ( 'NONE', *, *, #396, .F. ) ;
#2373 = FACE_OUTER_BOUND ( 'NONE', #2654, .T. ) ;
#2374 = ADVANCED_FACE ( 'NONE', ( #5118 ), #5094, .T. ) ;
#2375 = EDGE_LOOP ( 'NONE', ( #1879, #2379, #3953, #1437 ) ) ;
#2376 = ORIENTED_EDGE ( 'NONE', *, *, #1035, .F. ) ;
#2377 = LINE ( 'NONE', #5230, #1757 ) ;
#2378 = CARTESIAN_POINT ( 'NONE',  ( 8.005445574576542711, 25.01388673683941022, 2.170814870939087093 ) ) ;
#2379 = ORIENTED_EDGE ( 'NONE', *, *, #4205, .T. ) ;
#2380 = PLANE ( 'NONE',  #3539 ) ;
#2381 = EDGE_CURVE ( 'NONE', #4202, #5074, #1528, .T. ) ;
#2382 = VERTEX_POINT ( 'NONE', #1739 ) ;
#2383 = CARTESIAN_POINT ( 'NONE',  ( 9.750000000000001776, 19.06574433402355950, 15.90752073907594699 ) ) ;
#2384 = AXIS2_PLACEMENT_3D ( 'NONE', #5480, #1596, #793 ) ;
#2385 = ORIENTED_EDGE ( 'NONE', *, *, #5423, .F. ) ;
#2386 = CARTESIAN_POINT ( 'NONE',  ( -10.00000000000000178, 29.50000000000000000, -19.96482397110749218 ) ) ;
#2387 = AXIS2_PLACEMENT_3D ( 'NONE', #3403, #3486, #2658 ) ;
#2388 = ORIENTED_EDGE ( 'NONE', *, *, #4509, .F. ) ;
#2389 = DIRECTION ( 'NONE',  ( 1.000000000000000000, 0.000000000000000000, 0.000000000000000000 ) ) ;
#2390 = ORIENTED_EDGE ( 'NONE', *, *, #4819, .T. ) ;
#2391 = CARTESIAN_POINT ( 'NONE',  ( -9.749999999999998224, 16.36115202041416694, 15.18282741278888537 ) ) ;
#2392 = DIRECTION ( 'NONE',  ( 1.000000000000000000, 0.000000000000000000, 0.000000000000000000 ) ) ;
#2393 = AXIS2_PLACEMENT_3D ( 'NONE', #4308, #5087, #2148 ) ;
#2394 = CARTESIAN_POINT ( 'NONE',  ( -8.000000000000000000, 28.49999999999997158, -8.499999999999978684 ) ) ;
#2395 = VECTOR ( 'NONE', #1605, 1000.000000000000000 ) ;
#2396 = CIRCLE ( 'NONE', #4247, 3.500000000000016875 ) ;
#2397 = AXIS2_PLACEMENT_3D ( 'NONE', #4063, #3240, #3675 ) ;
#2398 = CIRCLE ( 'NONE', #970, 1.500000000000001332 ) ;
#2399 = DIRECTION ( 'NONE',  ( 0.000000000000000000, 0.000000000000000000, -1.000000000000000000 ) ) ;
#2400 = ORIENTED_EDGE ( 'NONE', *, *, #4050, .F. ) ;
#2401 = FACE_OUTER_BOUND ( 'NONE', #4955, .T. ) ;
#2402 = ORIENTED_EDGE ( 'NONE', *, *, #4765, .T. ) ;
#2403 =( BOUNDED_CURVE ( )  B_SPLINE_CURVE ( 3, ( #2975, #3837, #2539, #1307 ),
 .UNSPECIFIED., .F., .F. ) 
 B_SPLINE_CURVE_WITH_KNOTS ( ( 4, 4 ),
 ( 1.570796326794896558, 3.141592653589791784 ),
 .UNSPECIFIED. ) 
 CURVE ( )  GEOMETRIC_REPRESENTATION_ITEM ( )  RATIONAL_B_SPLINE_CURVE ( ( 1.000000000000000000, 0.8047378541243652705, 0.8047378541243652705, 1.000000000000000000 ) ) 
 REPRESENTATION_ITEM ( '' )  );
#2404 = AXIS2_PLACEMENT_3D ( 'NONE', #2614, #1243, #2183 ) ;
#2405 = EDGE_CURVE ( 'NONE', #2266, #1586, #493, .T. ) ;
#2406 = ORIENTED_EDGE ( 'NONE', *, *, #1413, .F. ) ;
#2407 = CARTESIAN_POINT ( 'NONE',  ( -9.749999999999998224, 20.87747764974120557, 9.146039955052483350 ) ) ;
#2408 = VECTOR ( 'NONE', #3673, 1000.000000000000000 ) ;
#2409 = FACE_BOUND ( 'NONE', #2986, .T. ) ;
#2410 = CIRCLE ( 'NONE', #94, 4.500000000000000888 ) ;
#2411 = ORIENTED_EDGE ( 'NONE', *, *, #972, .F. ) ;
#2412 = ADVANCED_FACE ( 'NONE', ( #3456 ), #2632, .T. ) ;
#2413 = AXIS2_PLACEMENT_3D ( 'NONE', #2510, #2058, #397 ) ;
#2414 = CARTESIAN_POINT ( 'NONE',  ( -9.999999999999996447, 31.50000000000000000, -8.499999999999998224 ) ) ;
#2415 = ORIENTED_EDGE ( 'NONE', *, *, #873, .T. ) ;
#2416 = CARTESIAN_POINT ( 'NONE',  ( -9.333333333333310833, -28.66666666666665364, 1.333333333333300175 ) ) ;
#2417 = CARTESIAN_POINT ( 'NONE',  ( -7.999999999999996447, 29.49999999999999645, -8.500000000000000000 ) ) ;
#2418 = DIRECTION ( 'NONE',  ( -1.000000000000000000, 0.000000000000000000, 0.000000000000000000 ) ) ;
#2419 = CIRCLE ( 'NONE', #457, 2.499999999999998668 ) ;
#2420 = EDGE_CURVE ( 'NONE', #3425, #908, #4895, .T. ) ;
#2421 = ORIENTED_EDGE ( 'NONE', *, *, #1453, .F. ) ;
#2422 = CONICAL_SURFACE ( 'NONE', #3912, 2.499999999999998668, 0.7853981633974569387 ) ;
#2423 = DIRECTION ( 'NONE',  ( 0.000000000000000000, 0.000000000000000000, -1.000000000000000000 ) ) ;
#2424 = ORIENTED_EDGE ( 'NONE', *, *, #3918, .F. ) ;
#2425 = CARTESIAN_POINT ( 'NONE',  ( -8.005445574576521395, 25.01388673683941377, 2.170814870939049346 ) ) ;
#2426 = DIRECTION ( 'NONE',  ( 0.000000000000000000, 0.7071067811865426878, 0.7071067811865524577 ) ) ;
#2427 = CARTESIAN_POINT ( 'NONE',  ( 9.750000000000001776, 28.90086804791938846, -20.79766065990863666 ) ) ;
#2428 = ADVANCED_FACE ( 'NONE', ( #5205, #956, #1397, #4731, #2695, #4315, #4702, #1823, #3101 ), #4379, .T. ) ;
#2429 = AXIS2_PLACEMENT_3D ( 'NONE', #76, #883, #1772 ) ;
#2430 = DIRECTION ( 'NONE',  ( 0.000000000000000000, 0.000000000000000000, 1.000000000000000000 ) ) ;
#2431 = ORIENTED_EDGE ( 'NONE', *, *, #4806, .F. ) ;
#2432 = CYLINDRICAL_SURFACE ( 'NONE', #969, 2.800000000000004263 ) ;
#2433 = VERTEX_POINT ( 'NONE', #4675 ) ;
#2434 = VERTEX_POINT ( 'NONE', #2575 ) ;
#2435 = EDGE_CURVE ( 'NONE', #1201, #5374, #4263, .T. ) ;
#2436 = DIRECTION ( 'NONE',  ( 0.000000000000000000, 1.000000000000000000, 1.882966322632667500E-16 ) ) ;
#2437 = DIRECTION ( 'NONE',  ( 0.000000000000000000, -0.9659258262890678681, -0.2588190451025226269 ) ) ;
#2438 = EDGE_LOOP ( 'NONE', ( #4537, #1948, #3124, #2954, #301, #376 ) ) ;
#2439 = EDGE_CURVE ( 'NONE', #2089, #2047, #4068, .T. ) ;
#2440 = CARTESIAN_POINT ( 'NONE',  ( 55.00000000000000000, 30.50000000000001421, -2.500000000000000888 ) ) ;
#2441 = VERTEX_POINT ( 'NONE', #3957 ) ;
#2442 = FACE_OUTER_BOUND ( 'NONE', #1840, .T. ) ;
#2443 = EDGE_CURVE ( 'NONE', #5074, #3543, #1961, .T. ) ;
#2444 = DIRECTION ( 'NONE',  ( 0.000000000000000000, 1.000000000000000000, 0.000000000000000000 ) ) ;
#2445 = CARTESIAN_POINT ( 'NONE',  ( 52.50000000000000000, -22.50000000000000000, 4.707415806581655314E-16 ) ) ;
#2446 = EDGE_CURVE ( 'NONE', #5092, #2354, #4408, .T. ) ;
#2447 = VERTEX_POINT ( 'NONE', #4463 ) ;
#2448 = CARTESIAN_POINT ( 'NONE',  ( -8.016486971549046103, 25.00000000000000355, 2.256273420325439094 ) ) ;
#2449 = ORIENTED_EDGE ( 'NONE', *, *, #3384, .F. ) ;
#2450 = PLANE ( 'NONE',  #290 ) ;
#2451 = DIRECTION ( 'NONE',  ( -0.7071067811865540120, 0.000000000000000000, -0.7071067811865410224 ) ) ;
#2452 = EDGE_CURVE ( 'NONE', #5074, #2327, #1479, .T. ) ;
#2453 = CARTESIAN_POINT ( 'NONE',  ( -29.49999999999998579, 19.00000000000000355, 3.250000000000015099 ) ) ;
#2454 = DIRECTION ( 'NONE',  ( -1.000000000000000000, 0.000000000000000000, 0.000000000000000000 ) ) ;
#2455 = LINE ( 'NONE', #5025, #5233 ) ;
#2456 = VERTEX_POINT ( 'NONE', #2353 ) ;
#2457 = DIRECTION ( 'NONE',  ( 0.000000000000000000, 0.000000000000000000, 1.000000000000000000 ) ) ;
#2458 = ORIENTED_EDGE ( 'NONE', *, *, #3006, .T. ) ;
#2459 = AXIS2_PLACEMENT_3D ( 'NONE', #5375, #3269, #2195 ) ;
#2460 = CARTESIAN_POINT ( 'NONE',  ( -45.49999999999998579, 13.00000000000000000, 7.155272026004135957E-15 ) ) ;
#2461 = LINE ( 'NONE', #1181, #3377 ) ;
#2462 = ORIENTED_EDGE ( 'NONE', *, *, #5304, .F. ) ;
#2463 = EDGE_CURVE ( 'NONE', #1477, #593, #5265, .T. ) ;
#2464 = ORIENTED_EDGE ( 'NONE', *, *, #3700, .F. ) ;
#2465 = CARTESIAN_POINT ( 'NONE',  ( 18.00000000000000711, -20.00000000000000000, 9.414831613163342183E-16 ) ) ;
#2466 = CARTESIAN_POINT ( 'NONE',  ( -10.00000000000000888, 25.00000000000000000, 4.000000000000005329 ) ) ;
#2467 = LINE ( 'NONE', #2044, #4098 ) ;
#2468 = EDGE_CURVE ( 'NONE', #2708, #3727, #1123, .T. ) ;
#2469 = ORIENTED_EDGE ( 'NONE', *, *, #4092, .T. ) ;
#2470 = CARTESIAN_POINT ( 'NONE',  ( 10.00000000000002665, 25.00000000000000000, 1.999999999999999556 ) ) ;
#2471 = ORIENTED_EDGE ( 'NONE', *, *, #4517, .F. ) ;
#2472 = CARTESIAN_POINT ( 'NONE',  ( 45.49999999999998579, 13.00000000000000000, 3.250000000000015099 ) ) ;
#2473 = ADVANCED_FACE ( 'NONE', ( #3653 ), #3183, .F. ) ;
#2474 = CARTESIAN_POINT ( 'NONE',  ( -8.000000000000000000, 25.05519818516173203, 1.999661449526490387 ) ) ;
#2475 = FACE_OUTER_BOUND ( 'NONE', #1592, .T. ) ;
#2476 = CIRCLE ( 'NONE', #3184, 5.500000000000013323 ) ;
#2477 = EDGE_CURVE ( 'NONE', #37, #2537, #3216, .T. ) ;
#2479 = AXIS2_PLACEMENT_3D ( 'NONE', #3838, #4751, #863 ) ;
#2478 = CARTESIAN_POINT ( 'NONE',  ( 27.49999999999998579, 18.99999999999998934, 0.7499999999999954481 ) ) ;
#2480 = ORIENTED_EDGE ( 'NONE', *, *, #1476, .T. ) ;
#2481 = DIRECTION ( 'NONE',  ( -0.000000000000000000, -0.000000000000000000, 1.000000000000000000 ) ) ;
#2482 = ORIENTED_EDGE ( 'NONE', *, *, #3059, .F. ) ;
#2483 = VECTOR ( 'NONE', #4842, 1000.000000000000000 ) ;
#2484 = ADVANCED_FACE ( 'NONE', ( #2771 ), #5150, .F. ) ;
#2485 = ORIENTED_EDGE ( 'NONE', *, *, #367, .F. ) ;
#2486 = CONICAL_SURFACE ( 'NONE', #3453, 2.500000000000003997, 0.7853981633974452814 ) ;
#2487 = CARTESIAN_POINT ( 'NONE',  ( 8.000000000000000000, 31.01213974604118206, -20.23194711339421659 ) ) ;
#2488 = CARTESIAN_POINT ( 'NONE',  ( -7.999999999999994671, 29.49999999999999645, -2.500000000000003109 ) ) ;
#2489 = ORIENTED_EDGE ( 'NONE', *, *, #4621, .T. ) ;
#2490 = VECTOR ( 'NONE', #963, 1000.000000000000114 ) ;
#2491 = VECTOR ( 'NONE', #3772, 1000.000000000000000 ) ;
#2492 = VERTEX_POINT ( 'NONE', #582 ) ;
#2493 = LINE ( 'NONE', #1593, #3475 ) ;
#2494 = ORIENTED_EDGE ( 'NONE', *, *, #1445, .T. ) ;
#2495 = AXIS2_PLACEMENT_3D ( 'NONE', #2118, #3863, #545 ) ;
#2496 = DIRECTION ( 'NONE',  ( 0.000000000000000000, -0.7071067811865506814, 0.7071067811865443531 ) ) ;
#2497 = AXIS2_PLACEMENT_3D ( 'NONE', #1999, #1573, #337 ) ;
#2498 = AXIS2_PLACEMENT_3D ( 'NONE', #3856, #3468, #503 ) ;
#2499 = DIRECTION ( 'NONE',  ( -0.000000000000000000, -0.000000000000000000, 1.000000000000000000 ) ) ;
#2500 = ORIENTED_EDGE ( 'NONE', *, *, #3780, .F. ) ;
#2501 = FACE_OUTER_BOUND ( 'NONE', #3222, .T. ) ;
#2502 = VECTOR ( 'NONE', #314, 1000.000000000000000 ) ;
#2503 = CARTESIAN_POINT ( 'NONE',  ( -26.74999999999998579, 13.00000000000001066, 7.155272026004139112E-15 ) ) ;
#2504 = CARTESIAN_POINT ( 'NONE',  ( 20.50000000000000355, 20.00000000000000000, 3.000000000000004441 ) ) ;
#2505 = B_SPLINE_CURVE_WITH_KNOTS ( 'NONE', 3,
 ( #3232, #4055, #2425, #3171 ),
 .UNSPECIFIED., .F., .F.,
 ( 4, 4 ),
 ( 1.301042606982605321E-18, 0.0002618192592738287469 ),
 .UNSPECIFIED. ) ;
#2506 = ADVANCED_FACE ( 'NONE', ( #2718 ), #5420, .F. ) ;
#2507 = CONICAL_SURFACE ( 'NONE', #1607, 1.500000000000008216, 0.7853981633974522758 ) ;
#2508 = VECTOR ( 'NONE', #1427, 1000.000000000000114 ) ;
#2509 = FACE_OUTER_BOUND ( 'NONE', #1301, .T. ) ;
#2510 = CARTESIAN_POINT ( 'NONE',  ( 10.00000000000002309, 29.50000000000000000, -18.99425255197303386 ) ) ;
#2511 = AXIS2_PLACEMENT_3D ( 'NONE', #1684, #5153, #3847 ) ;
#2512 = VERTEX_POINT ( 'NONE', #1540 ) ;
#2513 = DIRECTION ( 'NONE',  ( 0.7071067811865456854, -1.331458255479459564E-16, 0.7071067811865494601 ) ) ;
#2514 = ADVANCED_FACE ( 'NONE', ( #2293 ), #5348, .F. ) ;
#2515 = AXIS2_PLACEMENT_3D ( 'NONE', #1753, #2074, #3762 ) ;
#2516 = VERTEX_POINT ( 'NONE', #4929 ) ;
#2517 = DIRECTION ( 'NONE',  ( 1.000000000000000000, 0.000000000000000000, 0.000000000000000000 ) ) ;
#2518 = CARTESIAN_POINT ( 'NONE',  ( -55.00000000000000000, 31.50000000000000000, -23.50000000000000000 ) ) ;
#2519 = ORIENTED_EDGE ( 'NONE', *, *, #1518, .T. ) ;
#2520 = AXIS2_PLACEMENT_3D ( 'NONE', #4964, #2423, #5440 ) ;
#2521 = CARTESIAN_POINT ( 'NONE',  ( 8.000000000000028422, 25.00000000000000000, -2.500000000000000000 ) ) ;
#2522 = EDGE_LOOP ( 'NONE', ( #4654, #3680, #3627, #1067 ) ) ;
#2523 = DIRECTION ( 'NONE',  ( -1.000000000000000000, -0.000000000000000000, -0.000000000000000000 ) ) ;
#2524 = EDGE_LOOP ( 'NONE', ( #601, #5225, #2908, #4785 ) ) ;
#2525 = DIRECTION ( 'NONE',  ( 0.000000000000000000, 1.882966322632667746E-16, -1.000000000000000000 ) ) ;
#2526 = LINE ( 'NONE', #4210, #3489 ) ;
#2527 = ORIENTED_EDGE ( 'NONE', *, *, #3813, .F. ) ;
#2528 = CARTESIAN_POINT ( 'NONE',  ( -55.00000000000000000, 31.50000000000000000, -24.50000000000000000 ) ) ;
#2529 = LINE ( 'NONE', #5414, #2751 ) ;
#2530 = DIRECTION ( 'NONE',  ( 1.000000000000000000, -0.000000000000000000, 0.000000000000000000 ) ) ;
#2531 = CARTESIAN_POINT ( 'NONE',  ( -9.749999999999998224, 21.13629669484373608, 8.180114128763404935 ) ) ;
#2532 = EDGE_CURVE ( 'NONE', #2099, #2492, #603, .T. ) ;
#2533 = DIRECTION ( 'NONE',  ( 0.000000000000000000, 1.000000000000000000, 1.882966322632667746E-16 ) ) ;
#2534 = ORIENTED_EDGE ( 'NONE', *, *, #910, .F. ) ;
#2535 = ADVANCED_FACE ( 'NONE', ( #2271 ), #3554, .T. ) ;
#2536 = DIRECTION ( 'NONE',  ( 0.000000000000000000, -0.9659258262890679791, -0.2588190451025217387 ) ) ;
#2537 = VERTEX_POINT ( 'NONE', #3538 ) ;
#2538 = EDGE_CURVE ( 'NONE', #535, #1741, #5231, .T. ) ;
#2539 = CARTESIAN_POINT ( 'NONE',  ( 12.96446609406726580, 24.99999999999999645, 9.215390309173487893 ) ) ;
#2540 = ADVANCED_FACE ( 'NONE', ( #3137 ), #631, .F. ) ;
#2541 = DIRECTION ( 'NONE',  ( 0.000000000000000000, -1.000000000000000000, 0.000000000000000000 ) ) ;
#2542 = PLANE ( 'NONE',  #4089 ) ;
#2543 = ORIENTED_EDGE ( 'NONE', *, *, #2290, .F. ) ;
#2544 = ADVANCED_FACE ( 'NONE', ( #5287 ), #4589, .F. ) ;
#2545 = DIRECTION ( 'NONE',  ( 0.000000000000000000, 0.000000000000000000, -1.000000000000000000 ) ) ;
#2546 = EDGE_LOOP ( 'NONE', ( #3910, #504, #2191, #4899 ) ) ;
#2547 = DIRECTION ( 'NONE',  ( -0.000000000000000000, 1.734723475976807341E-16, 1.000000000000000000 ) ) ;
#2548 = DIRECTION ( 'NONE',  ( 0.000000000000000000, -0.000000000000000000, 1.000000000000000000 ) ) ;
#2549 = EDGE_CURVE ( 'NONE', #176, #1174, #3118, .T. ) ;
#2550 = CARTESIAN_POINT ( 'NONE',  ( -47.49999999999999289, 18.99999999999998579, 0.7499999999999954481 ) ) ;
#2551 = EDGE_LOOP ( 'NONE', ( #821, #356, #446, #400 ) ) ;
#2552 = CARTESIAN_POINT ( 'NONE',  ( 29.50000000000000355, 10.99999999999999822, 0.7499999999999937828 ) ) ;
#2553 = CARTESIAN_POINT ( 'NONE',  ( -45.49999999999997868, 21.00000000000000000, 0.7499999999999954481 ) ) ;
#2554 = DIRECTION ( 'NONE',  ( -0.000000000000000000, -0.2588190451025216832, 0.9659258262890680902 ) ) ;
#2555 = DIRECTION ( 'NONE',  ( 0.000000000000000000, -1.000000000000000000, 1.734723475976807341E-16 ) ) ;
#2556 = DIRECTION ( 'NONE',  ( 0.000000000000000000, -0.9659258262890679791, -0.2588190451025216832 ) ) ;
#2557 = DIRECTION ( 'NONE',  ( 0.000000000000000000, 1.000000000000000000, 1.882966322632667746E-16 ) ) ;
#2558 = LINE ( 'NONE', #370, #5058 ) ;
#2559 = ORIENTED_EDGE ( 'NONE', *, *, #4911, .T. ) ;
#2560 = AXIS2_PLACEMENT_3D ( 'NONE', #1769, #3517, #163 ) ;
#2561 = CYLINDRICAL_SURFACE ( 'NONE', #1057, 2.499999999999998668 ) ;
#2562 = CONICAL_SURFACE ( 'NONE', #1579, 2.499999999999998668, 0.7853981633974582710 ) ;
#2563 = DIRECTION ( 'NONE',  ( 0.000000000000000000, -0.000000000000000000, -1.000000000000000000 ) ) ;
#2564 = LINE ( 'NONE', #4254, #3540 ) ;
#2565 = CARTESIAN_POINT ( 'NONE',  ( -20.50000000000000355, 20.00000000000000000, 0.7499999999999954481 ) ) ;
#2566 = CIRCLE ( 'NONE', #2393, 1.500000000000001332 ) ;
#2567 = CONICAL_SURFACE ( 'NONE', #3624, 1.500000000000001332, 0.7853981633974541632 ) ;
#2568 = ORIENTED_EDGE ( 'NONE', *, *, #2452, .F. ) ;
#2569 = EDGE_CURVE ( 'NONE', #4982, #2708, #4616, .T. ) ;
#2570 = LINE ( 'NONE', #3842, #5483 ) ;
#2571 = AXIS2_PLACEMENT_3D ( 'NONE', #2031, #2922, #2457 ) ;
#2572 = AXIS2_PLACEMENT_3D ( 'NONE', #4232, #2077, #3786 ) ;
#2573 = VERTEX_POINT ( 'NONE', #2069 ) ;
#2574 = CARTESIAN_POINT ( 'NONE',  ( -55.00000000000000000, 25.00000000000000000, 3.000000000000027534 ) ) ;
#2575 = CARTESIAN_POINT ( 'NONE',  ( 27.49999999999998579, 18.99999999999998934, 3.250000000000015099 ) ) ;
#2576 = ADVANCED_FACE ( 'NONE', ( #3759, #3267 ), #4951, .T. ) ;
#2577 = AXIS2_PLACEMENT_3D ( 'NONE', #1923, #5298, #4745 ) ;
#2578 = LINE ( 'NONE', #4235, #2345 ) ;
#2579 = ORIENTED_EDGE ( 'NONE', *, *, #2184, .T. ) ;
#2580 = DIRECTION ( 'NONE',  ( 0.000000000000000000, -0.7071067811865474617, -0.7071067811865474617 ) ) ;
#2581 = LINE ( 'NONE', #526, #5051 ) ;
#2582 = CARTESIAN_POINT ( 'NONE',  ( 20.50000000000000355, -20.00000000000000000, -5.999999999999994671 ) ) ;
#2583 = VECTOR ( 'NONE', #2794, 1000.000000000000000 ) ;
#2584 = AXIS2_PLACEMENT_3D ( 'NONE', #2926, #1644, #2437 ) ;
#2585 = CARTESIAN_POINT ( 'NONE',  ( -11.50000000000000178, 22.50000000000000355, 4.000000000000001776 ) ) ;
#2586 = CIRCLE ( 'NONE', #4179, 6.500000000000000888 ) ;
#2587 = DIRECTION ( 'NONE',  ( 0.000000000000000000, 0.000000000000000000, 1.000000000000000000 ) ) ;
#2588 = DIRECTION ( 'NONE',  ( -1.000000000000000000, 0.000000000000000000, 0.000000000000000000 ) ) ;
#2589 = AXIS2_PLACEMENT_3D ( 'NONE', #2688, #2736, #4814 ) ;
#2590 = ORIENTED_EDGE ( 'NONE', *, *, #991, .T. ) ;
#2591 = FACE_OUTER_BOUND ( 'NONE', #1001, .T. ) ;
#2592 = EDGE_CURVE ( 'NONE', #3997, #321, #814, .T. ) ;
#2593 = CIRCLE ( 'NONE', #5066, 1.499999999999994449 ) ;
#2594 = CARTESIAN_POINT ( 'NONE',  ( 8.000000000000010658, 25.00000000000000000, 2.205663881035626606 ) ) ;
#2595 = AXIS2_PLACEMENT_3D ( 'NONE', #608, #1888, #1915 ) ;
#2596 = DIRECTION ( 'NONE',  ( 1.000000000000000000, 0.000000000000000000, 0.000000000000000000 ) ) ;
#2597 = DIRECTION ( 'NONE',  ( 0.000000000000000000, 0.000000000000000000, 1.000000000000000000 ) ) ;
#2598 = CARTESIAN_POINT ( 'NONE',  ( 47.49999999999998579, 13.00000000000001066, -5.999999999999994671 ) ) ;
#2599 = ORIENTED_EDGE ( 'NONE', *, *, #3436, .F. ) ;
#2600 = ORIENTED_EDGE ( 'NONE', *, *, #1910, .F. ) ;
#2601 = DIRECTION ( 'NONE',  ( -0.000000000000000000, -0.000000000000000000, 1.000000000000000000 ) ) ;
#2602 = EDGE_CURVE ( 'NONE', #1332, #4047, #4448, .T. ) ;
#2603 = ORIENTED_EDGE ( 'NONE', *, *, #4503, .F. ) ;
#2604 = LINE ( 'NONE', #5117, #522 ) ;
#2605 = FACE_OUTER_BOUND ( 'NONE', #1209, .T. ) ;
#2606 = EDGE_CURVE ( 'NONE', #385, #959, #766, .T. ) ;
#2607 = VECTOR ( 'NONE', #312, 1000.000000000000000 ) ;
#2608 = EDGE_CURVE ( 'NONE', #5266, #4343, #2461, .T. ) ;
#2609 = CARTESIAN_POINT ( 'NONE',  ( -22.49999999999999645, 4.998909409702481987, 6.071532165918824830E-15 ) ) ;
#2610 = ORIENTED_EDGE ( 'NONE', *, *, #4260, .T. ) ;
#2611 = LINE ( 'NONE', #137, #5243 ) ;
#2612 = LINE ( 'NONE', #962, #1950 ) ;
#2613 = EDGE_CURVE ( 'NONE', #477, #4866, #5373, .T. ) ;
#2614 = CARTESIAN_POINT ( 'NONE',  ( 29.49999999999998579, 12.99999999999999822, 3.250000000000015099 ) ) ;
#2615 = PLANE ( 'NONE',  #2429 ) ;
#2616 = EDGE_CURVE ( 'NONE', #4132, #5385, #3370, .T. ) ;
#2617 = CARTESIAN_POINT ( 'NONE',  ( -45.99999999999997158, 31.50000000000000000, -8.500000000000000000 ) ) ;
#2618 = ORIENTED_EDGE ( 'NONE', *, *, #605, .T. ) ;
#2619 = FACE_BOUND ( 'NONE', #646, .T. ) ;
#2620 = EDGE_LOOP ( 'NONE', ( #3709, #571, #4245, #4650 ) ) ;
#2621 = FACE_OUTER_BOUND ( 'NONE', #3248, .T. ) ;
#2622 = EDGE_CURVE ( 'NONE', #1627, #1766, #4542, .T. ) ;
#2623 = DIRECTION ( 'NONE',  ( -0.000000000000000000, -0.000000000000000000, 1.000000000000000000 ) ) ;
#2624 = CARTESIAN_POINT ( 'NONE',  ( 52.50000000000000000, 30.50000000000001421, -24.50000000000000000 ) ) ;
#2625 = CARTESIAN_POINT ( 'NONE',  ( -10.00000000000000178, 31.50000000000000000, -2.500000000000000888 ) ) ;
#2626 = CARTESIAN_POINT ( 'NONE',  ( -7.999999999999998224, 24.24448553185702693, 9.012950817564549411 ) ) ;
#2627 = ORIENTED_EDGE ( 'NONE', *, *, #2127, .T. ) ;
#2628 = ORIENTED_EDGE ( 'NONE', *, *, #4834, .T. ) ;
#2629 = DIRECTION ( 'NONE',  ( 0.000000000000000000, 0.9659258262890682012, 0.2588190451025214611 ) ) ;
#2630 = VERTEX_POINT ( 'NONE', #4567 ) ;
#2631 = PLANE ( 'NONE',  #2995 ) ;
#2632 = PLANE ( 'NONE',  #111 ) ;
#2633 = CARTESIAN_POINT ( 'NONE',  ( 13.99999999999999822, 25.00000000000000000, 6.000000000000005329 ) ) ;
#2634 = ORIENTED_EDGE ( 'NONE', *, *, #3081, .T. ) ;
#2635 = DIRECTION ( 'NONE',  ( 0.7071067811865420216, 1.226634733346709171E-16, 0.7071067811865531239 ) ) ;
#2636 = DIRECTION ( 'NONE',  ( 1.000000000000000000, 0.000000000000000000, 0.000000000000000000 ) ) ;
#2637 = DIRECTION ( 'NONE',  ( -0.7071067811865524577, 0.7071067811865426878, 0.000000000000000000 ) ) ;
#2638 = CARTESIAN_POINT ( 'NONE',  ( -8.000000000000000000, 27.50000000000000000, -2.500000000000001776 ) ) ;
#2639 = EDGE_CURVE ( 'NONE', #325, #3289, #3703, .T. ) ;
#2640 = LINE ( 'NONE', #5188, #3905 ) ;
#2641 = ORIENTED_EDGE ( 'NONE', *, *, #3794, .F. ) ;
#2642 = LINE ( 'NONE', #4715, #4890 ) ;
#2643 = ORIENTED_EDGE ( 'NONE', *, *, #5280, .F. ) ;
#2644 = FACE_OUTER_BOUND ( 'NONE', #4673, .T. ) ;
#2645 = EDGE_CURVE ( 'NONE', #64, #1459, #4201, .T. ) ;
#2646 = CARTESIAN_POINT ( 'NONE',  ( 8.010974909420173873, 25.00000000000000355, 2.239483456044292886 ) ) ;
#2647 = CARTESIAN_POINT ( 'NONE',  ( 14.75000000000000533, -20.00000000000000000, 9.414831613163342183E-16 ) ) ;
#2648 = EDGE_LOOP ( 'NONE', ( #3502, #4256, #1110, #3574 ) ) ;
#2649 = CARTESIAN_POINT ( 'NONE',  ( 15.50000000000000533, 20.00000000000000000, 3.000000000000004441 ) ) ;
#2650 = CARTESIAN_POINT ( 'NONE',  ( -15.50000000000000533, -20.00000000000000000, 0.7499999999999876765 ) ) ;
#2651 = EDGE_CURVE ( 'NONE', #1311, #4912, #2761, .T. ) ;
#2652 = EDGE_CURVE ( 'NONE', #2927, #2033, #1260, .T. ) ;
#2653 = ORIENTED_EDGE ( 'NONE', *, *, #472, .T. ) ;
#2654 = EDGE_LOOP ( 'NONE', ( #3095, #4923, #3565, #4386 ) ) ;
#2655 = DIRECTION ( 'NONE',  ( -0.7071067811865532349, 0.000000000000000000, 0.7071067811865416886 ) ) ;
#2656 = ORIENTED_EDGE ( 'NONE', *, *, #4452, .F. ) ;
#2657 = CONICAL_SURFACE ( 'NONE', #3004, 2.800000000000000711, 0.7853981633974476129 ) ;
#2658 = DIRECTION ( 'NONE',  ( 0.000000000000000000, -1.000000000000000000, -1.882966322632667746E-16 ) ) ;
#2659 = CIRCLE ( 'NONE', #1576, 1.500000000000029088 ) ;
#2660 = CARTESIAN_POINT ( 'NONE',  ( 48.24999999999999289, 18.99999999999998579, 4.000000000000001776 ) ) ;
#2661 = EDGE_CURVE ( 'NONE', #2041, #1174, #4512, .T. ) ;
#2662 = VECTOR ( 'NONE', #1842, 1000.000000000000000 ) ;
#2663 = CONICAL_SURFACE ( 'NONE', #3541, 2.499999999999998668, 0.7853981633974569387 ) ;
#2664 = CARTESIAN_POINT ( 'NONE',  ( 7.885074934503844446, 27.50000000000000000, -7.500000000000000000 ) ) ;
#2665 = ORIENTED_EDGE ( 'NONE', *, *, #3721, .F. ) ;
#2666 = CARTESIAN_POINT ( 'NONE',  ( -9.749999999999998224, 21.13629669484373252, 8.180114128763403158 ) ) ;
#2667 = DIRECTION ( 'NONE',  ( 0.000000000000000000, 0.7071067811865540120, 0.7071067811865410224 ) ) ;
#2668 = CIRCLE ( 'NONE', #2670, 3.499999999999992006 ) ;
#2669 = LINE ( 'NONE', #3940, #363 ) ;
#2670 = AXIS2_PLACEMENT_3D ( 'NONE', #499, #4636, #4658 ) ;
#2671 = LINE ( 'NONE', #1832, #3647 ) ;
#2672 = ADVANCED_BREP_SHAPE_REPRESENTATION ( 'VL53L5CX_alt_front_mount', ( #960, #2065 ), #3138 ) ;
#2673 = CARTESIAN_POINT ( 'NONE',  ( 0.000000000000000000, 0.000000000000000000, 6.000000000000005329 ) ) ;
#2674 = ADVANCED_FACE ( 'NONE', ( #381, #713, #2409, #4099, #300 ), #3324, .T. ) ;
#2675 = DIRECTION ( 'NONE',  ( 0.000000000000000000, -1.000000000000000000, -1.882966322632667746E-16 ) ) ;
#2676 = AXIS2_PLACEMENT_3D ( 'NONE', #864, #1817, #1364 ) ;
#2677 = ADVANCED_FACE ( 'NONE', ( #1589 ), #4339, .T. ) ;
#2678 = ORIENTED_EDGE ( 'NONE', *, *, #4539, .T. ) ;
#2679 = AXIS2_PLACEMENT_3D ( 'NONE', #1775, #1112, #1053 ) ;
#2680 = VECTOR ( 'NONE', #530, 1000.000000000000000 ) ;
#2681 = DIRECTION ( 'NONE',  ( -0.000000000000000000, -0.000000000000000000, 1.000000000000000000 ) ) ;
#2682 = EDGE_CURVE ( 'NONE', #3550, #313, #2958, .T. ) ;
#2683 = CYLINDRICAL_SURFACE ( 'NONE', #2151, 1.500000000000001332 ) ;
#2684 = ORIENTED_EDGE ( 'NONE', *, *, #2782, .T. ) ;
#2685 = CYLINDRICAL_SURFACE ( 'NONE', #1521, 2.000000000000001776 ) ;
#2686 = DIRECTION ( 'NONE',  ( 0.000000000000000000, 0.000000000000000000, -1.000000000000000000 ) ) ;
#2687 = AXIS2_PLACEMENT_3D ( 'NONE', #3443, #891, #2596 ) ;
#2688 = CARTESIAN_POINT ( 'NONE',  ( -45.49999999999998579, 13.00000000000000000, 4.000000000000002665 ) ) ;
#2689 = ORIENTED_EDGE ( 'NONE', *, *, #3780, .T. ) ;
#2690 = VERTEX_POINT ( 'NONE', #3067 ) ;
#2691 = CIRCLE ( 'NONE', #17, 2.800000000000000711 ) ;
#2692 = DIRECTION ( 'NONE',  ( 0.000000000000000000, 0.000000000000000000, -1.000000000000000000 ) ) ;
#2693 = ORIENTED_EDGE ( 'NONE', *, *, #2725, .F. ) ;
#2694 = CARTESIAN_POINT ( 'NONE',  ( 23.99999999999999645, 4.998909409702481987, 4.000000000000005329 ) ) ;
#2695 = FACE_BOUND ( 'NONE', #3605, .T. ) ;
#2696 = DIRECTION ( 'NONE',  ( 0.000000000000000000, -1.000000000000000000, 2.478176394252569801E-16 ) ) ;
#2697 = EDGE_LOOP ( 'NONE', ( #4129, #345, #4996, #2890 ) ) ;
#2698 = LINE ( 'NONE', #2248, #2943 ) ;
#2699 = CARTESIAN_POINT ( 'NONE',  ( -55.00000000000000000, 25.00000000000000000, 9.414831613163337449E-15 ) ) ;
#2700 = VERTEX_POINT ( 'NONE', #3003 ) ;
#2701 = DIRECTION ( 'NONE',  ( -0.000000000000000000, 0.2588190451025217942, -0.9659258262890679791 ) ) ;
#2702 = PLANE ( 'NONE',  #1424 ) ;
#2703 = DIRECTION ( 'NONE',  ( -1.387778780781445367E-17, -0.2588190451025217942, 0.9659258262890679791 ) ) ;
#2704 = EDGE_LOOP ( 'NONE', ( #3256, #1454, #4414, #599 ) ) ;
#2705 = EDGE_CURVE ( 'NONE', #385, #2265, #5060, .T. ) ;
#2706 = LINE ( 'NONE', #1335, #722 ) ;
#2707 = CARTESIAN_POINT ( 'NONE',  ( -55.00000000000000000, 25.00000000000000000, 4.000000000000000888 ) ) ;
#2708 = VERTEX_POINT ( 'NONE', #2978 ) ;
#2709 = FACE_OUTER_BOUND ( 'NONE', #1008, .T. ) ;
#2710 = DIRECTION ( 'NONE',  ( -1.000000000000000000, 0.000000000000000000, -0.000000000000000000 ) ) ;
#2711 = ORIENTED_EDGE ( 'NONE', *, *, #4222, .F. ) ;
#2712 = ADVANCED_FACE ( 'NONE', ( #3423 ), #1310, .T. ) ;
#2713 = ORIENTED_EDGE ( 'NONE', *, *, #2420, .T. ) ;
#2714 = DIRECTION ( 'NONE',  ( -0.000000000000000000, -0.000000000000000000, 1.000000000000000000 ) ) ;
#2715 = EDGE_CURVE ( 'NONE', #1232, #1270, #2857, .T. ) ;
#2716 = VERTEX_POINT ( 'NONE', #2149 ) ;
#2717 = CARTESIAN_POINT ( 'NONE',  ( 9.750000000000001776, 20.87747764974120557, 9.146039955052483350 ) ) ;
#2718 = FACE_OUTER_BOUND ( 'NONE', #1045, .T. ) ;
#2719 = EDGE_LOOP ( 'NONE', ( #333, #4049, #934, #319 ) ) ;
#2720 = ADVANCED_FACE ( 'NONE', ( #4752 ), #513, .F. ) ;
#2721 = CARTESIAN_POINT ( 'NONE',  ( -13.00000000000000533, -25.00000000000000000, 4.000000000000005329 ) ) ;
#2722 = ORIENTED_EDGE ( 'NONE', *, *, #114, .F. ) ;
#2723 = CARTESIAN_POINT ( 'NONE',  ( -50.00000000000000000, -23.50000000000000000, -18.99999999999999645 ) ) ;
#2724 = DIRECTION ( 'NONE',  ( 1.000000000000000000, 0.000000000000000000, 0.000000000000000000 ) ) ;
#2725 = EDGE_CURVE ( 'NONE', #221, #3241, #3888, .T. ) ;
#2726 = ORIENTED_EDGE ( 'NONE', *, *, #4260, .F. ) ;
#2727 = PLANE ( 'NONE',  #742 ) ;
#2728 = VERTEX_POINT ( 'NONE', #2565 ) ;
#2729 = CARTESIAN_POINT ( 'NONE',  ( -9.749999999999998224, 20.51463307345716203, 16.29574930672972854 ) ) ;
#2730 = DIRECTION ( 'NONE',  ( 1.000000000000000000, 3.351228413831871846E-15, 8.979589471384858469E-16 ) ) ;
#2731 = ORIENTED_EDGE ( 'NONE', *, *, #795, .T. ) ;
#2732 = CARTESIAN_POINT ( 'NONE',  ( 47.49999999999998579, 13.00000000000001066, 3.250000000000015099 ) ) ;
#2733 = DIRECTION ( 'NONE',  ( 9.813077866773654437E-15, 0.7071067811865426878, 0.7071067811865524577 ) ) ;
#2734 = ORIENTED_EDGE ( 'NONE', *, *, #1518, .F. ) ;
#2735 = FACE_OUTER_BOUND ( 'NONE', #3614, .T. ) ;
#2736 = DIRECTION ( 'NONE',  ( 0.000000000000000000, -1.734723475976807341E-16, -1.000000000000000000 ) ) ;
#2737 = ORIENTED_EDGE ( 'NONE', *, *, #5454, .F. ) ;
#2738 = LINE ( 'NONE', #578, #3362 ) ;
#2739 = ORIENTED_EDGE ( 'NONE', *, *, #1855, .F. ) ;
#2740 = DIRECTION ( 'NONE',  ( 1.000000000000000000, 0.000000000000000000, 0.000000000000000000 ) ) ;
#2741 = DIRECTION ( 'NONE',  ( -0.000000000000000000, -0.000000000000000000, 1.000000000000000000 ) ) ;
#2742 = ORIENTED_EDGE ( 'NONE', *, *, #910, .T. ) ;
#2743 = ADVANCED_FACE ( 'NONE', ( #926 ), #4881, .F. ) ;
#2744 = CARTESIAN_POINT ( 'NONE',  ( -29.50000000000000355, 21.75000000000000355, 4.000000000000001776 ) ) ;
#2745 = ORIENTED_EDGE ( 'NONE', *, *, #3458, .F. ) ;
#2746 = FACE_OUTER_BOUND ( 'NONE', #2152, .T. ) ;
#2747 = ADVANCED_FACE ( 'NONE', ( #4255 ), #454, .T. ) ;
#2748 = ORIENTED_EDGE ( 'NONE', *, *, #837, .F. ) ;
#2749 = CARTESIAN_POINT ( 'NONE',  ( -50.00000000000000000, 31.50000000000000000, -18.99999999999999645 ) ) ;
#2750 = CIRCLE ( 'NONE', #4522, 3.800000000000007372 ) ;
#2751 = VECTOR ( 'NONE', #4238, 1000.000000000000227 ) ;
#2752 = EDGE_LOOP ( 'NONE', ( #688, #3646 ) ) ;
#2753 = DIRECTION ( 'NONE',  ( 0.7071067811865539010, 0.000000000000000000, -0.7071067811865411334 ) ) ;
#2754 = ORIENTED_EDGE ( 'NONE', *, *, #2788, .F. ) ;
#2756 = PRESENTATION_LAYER_ASSIGNMENT (  '', '', ( #1329 ) ) ;
#2755 = DIRECTION ( 'NONE',  ( 0.000000000000000000, -1.000000000000000000, 1.734723475976807341E-16 ) ) ;
#2757 = FACE_OUTER_BOUND ( 'NONE', #5272, .T. ) ;
#2758 = EDGE_LOOP ( 'NONE', ( #835, #5383, #428, #4773 ) ) ;
#2759 = AXIS2_PLACEMENT_3D ( 'NONE', #828, #1216, #1658 ) ;
#2760 = DIRECTION ( 'NONE',  ( 1.000000000000000000, 0.000000000000000000, 0.000000000000000000 ) ) ;
#2761 = CIRCLE ( 'NONE', #1963, 3.500000000000016875 ) ;
#2762 = ORIENTED_EDGE ( 'NONE', *, *, #837, .T. ) ;
#2763 = CARTESIAN_POINT ( 'NONE',  ( -50.00000000000000000, 31.50000000000000000, -17.05597172917666526 ) ) ;
#2764 = AXIS2_PLACEMENT_3D ( 'NONE', #3946, #2681, #3150 ) ;
#2765 = ORIENTED_EDGE ( 'NONE', *, *, #1157, .F. ) ;
#2766 = AXIS2_PLACEMENT_3D ( 'NONE', #3567, #3595, #2801 ) ;
#2767 = DIRECTION ( 'NONE',  ( 1.000000000000000000, 0.000000000000000000, 0.000000000000000000 ) ) ;
#2768 = VECTOR ( 'NONE', #3057, 1000.000000000000000 ) ;
#2769 = ORIENTED_EDGE ( 'NONE', *, *, #4432, .F. ) ;
#2770 = CARTESIAN_POINT ( 'NONE',  ( -14.00000000000000178, 25.00000000000000000, 9.215390309173487893 ) ) ;
#2771 = FACE_OUTER_BOUND ( 'NONE', #4849, .T. ) ;
#2772 = EDGE_LOOP ( 'NONE', ( #2349, #3402, #681, #2260, #3239, #5349, #1203, #2824 ) ) ;
#2773 = VECTOR ( 'NONE', #3692, 1000.000000000000000 ) ;
#2774 = EDGE_CURVE ( 'NONE', #213, #2327, #3839, .T. ) ;
#2775 = DIRECTION ( 'NONE',  ( 0.000000000000000000, 0.000000000000000000, 1.000000000000000000 ) ) ;
#2776 = CIRCLE ( 'NONE', #1099, 2.000000000000000000 ) ;
#2777 = ORIENTED_EDGE ( 'NONE', *, *, #4264, .T. ) ;
#2778 = DIRECTION ( 'NONE',  ( 1.000000000000000000, 0.000000000000000000, 0.000000000000000000 ) ) ;
#2779 = ORIENTED_EDGE ( 'NONE', *, *, #4413, .T. ) ;
#2780 = VECTOR ( 'NONE', #4128, 1000.000000000000000 ) ;
#2781 = CARTESIAN_POINT ( 'NONE',  ( 7.617966970656985026, 25.22781885169858285, 3.799343794348042781E-15 ) ) ;
#2782 = EDGE_CURVE ( 'NONE', #2041, #4551, #984, .T. ) ;
#2783 = VECTOR ( 'NONE', #4777, 1000.000000000000000 ) ;
#2784 = ORIENTED_EDGE ( 'NONE', *, *, #3655, .F. ) ;
#2785 = DIRECTION ( 'NONE',  ( -1.000000000000000000, 0.000000000000000000, 0.000000000000000000 ) ) ;
#2786 = ORIENTED_EDGE ( 'NONE', *, *, #310, .T. ) ;
#2787 = DIRECTION ( 'NONE',  ( 0.000000000000000000, 1.000000000000000000, 1.882966322632667746E-16 ) ) ;
#2788 = EDGE_CURVE ( 'NONE', #2354, #5474, #2410, .T. ) ;
#2789 = CARTESIAN_POINT ( 'NONE',  ( 52.50000000000000000, -23.99999999999999289, 4.000000000000009770 ) ) ;
#2790 = CARTESIAN_POINT ( 'NONE',  ( -7.797093715441590689, 25.43096859118581321, -0.03041088705370455919 ) ) ;
#2791 = ORIENTED_EDGE ( 'NONE', *, *, #3237, .T. ) ;
#2792 = ADVANCED_FACE ( 'NONE', ( #2172 ), #2542, .F. ) ;
#2793 = AXIS2_PLACEMENT_3D ( 'NONE', #1436, #5273, #3144 ) ;
#2794 = DIRECTION ( 'NONE',  ( -0.000000000000000000, -0.000000000000000000, 1.000000000000000000 ) ) ;
#2795 = ORIENTED_EDGE ( 'NONE', *, *, #3655, .T. ) ;
#2796 = CARTESIAN_POINT ( 'NONE',  ( 29.49999999999998579, 12.99999999999999822, 3.250000000000015099 ) ) ;
#2797 = ORIENTED_EDGE ( 'NONE', *, *, #4872, .T. ) ;
#2798 = EDGE_CURVE ( 'NONE', #1570, #2700, #3398, .T. ) ;
#2799 = VERTEX_POINT ( 'NONE', #5111 ) ;
#2800 = CARTESIAN_POINT ( 'NONE',  ( 29.50000000000000355, 21.00000000000000000, 0.7499999999999954481 ) ) ;
#2801 = DIRECTION ( 'NONE',  ( 0.000000000000000000, 0.000000000000000000, -1.000000000000000000 ) ) ;
#2802 = EDGE_LOOP ( 'NONE', ( #2643, #1435, #946, #5455 ) ) ;
#2803 = CARTESIAN_POINT ( 'NONE',  ( 8.000000000000014211, 27.50000000000000000, -2.500000000000001776 ) ) ;
#2804 = ORIENTED_EDGE ( 'NONE', *, *, #57, .F. ) ;
#2805 = LINE ( 'NONE', #3573, #4012 ) ;
#2806 = ORIENTED_EDGE ( 'NONE', *, *, #745, .F. ) ;
#2807 = DIRECTION ( 'NONE',  ( 0.000000000000000000, -1.000000000000000000, 3.154042683594191669E-16 ) ) ;
#2808 = ORIENTED_EDGE ( 'NONE', *, *, #3583, .T. ) ;
#2809 = DIRECTION ( 'NONE',  ( 0.000000000000000000, 0.000000000000000000, 1.000000000000000000 ) ) ;
#2810 = ORIENTED_EDGE ( 'NONE', *, *, #50, .T. ) ;
#2811 = DIRECTION ( 'NONE',  ( 1.000000000000000000, 0.000000000000000000, 0.000000000000000000 ) ) ;
#2812 = CARTESIAN_POINT ( 'NONE',  ( 22.49999999999999645, 4.998909409702481987, 4.000000000000005329 ) ) ;
#2813 = EDGE_CURVE ( 'NONE', #2327, #4041, #895, .T. ) ;
#2814 = DIRECTION ( 'NONE',  ( 0.000000000000000000, 0.7071067811865439090, -0.7071067811865512365 ) ) ;
#2815 = ORIENTED_EDGE ( 'NONE', *, *, #1864, .T. ) ;
#2816 = CARTESIAN_POINT ( 'NONE',  ( -10.00000000000000178, 29.50000000000000000, -2.500000000000000444 ) ) ;
#2817 = EDGE_CURVE ( 'NONE', #3208, #2158, #3037, .T. ) ;
#2818 = ORIENTED_EDGE ( 'NONE', *, *, #1891, .T. ) ;
#2819 = VERTEX_POINT ( 'NONE', #3951 ) ;
#2820 = DIRECTION ( 'NONE',  ( 0.7071067811865469066, 0.000000000000000000, 0.7071067811865482389 ) ) ;
#2821 = ADVANCED_FACE ( 'NONE', ( #574 ), #3531, .T. ) ;
#2822 = CARTESIAN_POINT ( 'NONE',  ( 8.000000000000024869, 25.03226038168094547, 2.085266497530851471 ) ) ;
#2823 =( BOUNDED_CURVE ( )  B_SPLINE_CURVE ( 3, ( #1919, #2339, #4496, #612 ),
 .UNSPECIFIED., .F., .F. ) 
 B_SPLINE_CURVE_WITH_KNOTS ( ( 4, 4 ),
 ( 4.097652354014060805, 4.904011016216684560 ),
 .UNSPECIFIED. ) 
 CURVE ( )  GEOMETRIC_REPRESENTATION_ITEM ( )  RATIONAL_B_SPLINE_CURVE ( ( 1.000000000000000000, 0.9465455007572425306, 0.9465455007572425306, 1.000000000000000000 ) ) 
 REPRESENTATION_ITEM ( '' )  );
#2824 = ORIENTED_EDGE ( 'NONE', *, *, #4958, .T. ) ;
#2825 = CARTESIAN_POINT ( 'NONE',  ( 9.333333333333332149, -28.66666666666665009, 1.333333333333306170 ) ) ;
#2826 = EDGE_LOOP ( 'NONE', ( #2779, #5229, #3130, #2901 ) ) ;
#2827 = DIRECTION ( 'NONE',  ( 0.000000000000000000, -1.000000000000000000, 0.000000000000000000 ) ) ;
#2828 = AXIS2_PLACEMENT_3D ( 'NONE', #1352, #4738, #47 ) ;
#2829 = EDGE_LOOP ( 'NONE', ( #4324, #4372 ) ) ;
#2830 = EDGE_CURVE ( 'NONE', #1345, #3997, #1170, .T. ) ;
#2831 = LINE ( 'NONE', #3226, #3527 ) ;
#2832 = CIRCLE ( 'NONE', #5038, 3.800000000000007372 ) ;
#2833 = ORIENTED_EDGE ( 'NONE', *, *, #3819, .T. ) ;
#2834 = LINE ( 'NONE', #5018, #393 ) ;
#2835 = EDGE_LOOP ( 'NONE', ( #3921, #1707, #3011, #5274, #2693, #3276 ) ) ;
#2836 = CARTESIAN_POINT ( 'NONE',  ( 29.49999999999998579, 19.00000000000000355, 3.250000000000015099 ) ) ;
#2837 = AXIS2_PLACEMENT_3D ( 'NONE', #185, #1508, #3566 ) ;
#2838 = CARTESIAN_POINT ( 'NONE',  ( -54.00000000000000711, 25.00000000000000000, -2.500000000000000000 ) ) ;
#2839 = VECTOR ( 'NONE', #4697, 1000.000000000000000 ) ;
#2840 = VECTOR ( 'NONE', #3571, 1000.000000000000000 ) ;
#2841 = VECTOR ( 'NONE', #1983, 1000.000000000000114 ) ;
#2842 = EDGE_CURVE ( 'NONE', #1395, #224, #4839, .T. ) ;
#2843 = CIRCLE ( 'NONE', #698, 2.750000000000002665 ) ;
#2844 = DIRECTION ( 'NONE',  ( 0.000000000000000000, -1.000000000000000000, 2.478176394252569801E-16 ) ) ;
#2845 = ORIENTED_EDGE ( 'NONE', *, *, #1407, .T. ) ;
#2846 = EDGE_CURVE ( 'NONE', #2099, #1332, #1419, .T. ) ;
#2847 = FACE_OUTER_BOUND ( 'NONE', #2802, .T. ) ;
#2848 = AXIS2_PLACEMENT_3D ( 'NONE', #4328, #971, #2256 ) ;
#2849 = ORIENTED_EDGE ( 'NONE', *, *, #2549, .T. ) ;
#2850 = VECTOR ( 'NONE', #3495, 1000.000000000000114 ) ;
#2851 = ORIENTED_EDGE ( 'NONE', *, *, #3322, .F. ) ;
#2852 = PRODUCT ( 'VL53L5CX_alt_front_mount', 'VL53L5CX_alt_front_mount', '', ( #1406 ) ) ;
#2853 = EDGE_CURVE ( 'NONE', #398, #4489, #4538, .T. ) ;
#2854 = DIRECTION ( 'NONE',  ( 0.000000000000000000, -0.7071067811865522357, 0.7071067811865429098 ) ) ;
#2855 = VECTOR ( 'NONE', #1249, 1000.000000000000227 ) ;
#2856 = CARTESIAN_POINT ( 'NONE',  ( -24.20885981545882615, -15.00000000000000178, 4.000000000000005329 ) ) ;
#2857 = CIRCLE ( 'NONE', #2495, 1.500000000000001332 ) ;
#2858 = ORIENTED_EDGE ( 'NONE', *, *, #2452, .T. ) ;
#2859 = CIRCLE ( 'NONE', #453, 1.500000000000000444 ) ;
#2860 = CARTESIAN_POINT ( 'NONE',  ( -14.49999999999998579, -19.99999999999999645, 4.000000000000008882 ) ) ;
#2861 = AXIS2_PLACEMENT_3D ( 'NONE', #981, #1011, #4781 ) ;
#2862 = ORIENTED_EDGE ( 'NONE', *, *, #3926, .F. ) ;
#2863 = LINE ( 'NONE', #4147, #650 ) ;
#2864 = PLANE ( 'NONE',  #3358 ) ;
#2865 = CARTESIAN_POINT ( 'NONE',  ( -55.00000000000000000, -25.00000000000000000, 3.000000000000022649 ) ) ;
#2866 = AXIS2_PLACEMENT_3D ( 'NONE', #2472, #1168, #776 ) ;
#2867 = ORIENTED_EDGE ( 'NONE', *, *, #5283, .F. ) ;
#2868 = CARTESIAN_POINT ( 'NONE',  ( -45.49999999999997158, 11.00000000000000000, 0.7499999999999937828 ) ) ;
#2869 = ORIENTED_EDGE ( 'NONE', *, *, #3730, .T. ) ;
#2870 = CARTESIAN_POINT ( 'NONE',  ( 11.50000000000000000, 22.50000000000000355, 4.000000000000001776 ) ) ;
#2871 = DIRECTION ( 'NONE',  ( 0.000000000000000000, -1.000000000000000000, 0.000000000000000000 ) ) ;
#2872 = CARTESIAN_POINT ( 'NONE',  ( -10.00000000000001599, 25.00000000000000000, -2.500000000000000000 ) ) ;
#2873 = DIRECTION ( 'NONE',  ( -0.000000000000000000, 1.000000000000000000, -0.000000000000000000 ) ) ;
#2874 = EDGE_LOOP ( 'NONE', ( #1998, #3761, #2277, #4022 ) ) ;
#2875 = DIRECTION ( 'NONE',  ( 0.5773502691896310601, 0.5773502691896269523, 0.5773502691896191807 ) ) ;
#2876 = EDGE_CURVE ( 'NONE', #1814, #4485, #1874, .T. ) ;
#2877 = AXIS2_PLACEMENT_3D ( 'NONE', #3597, #4848, #583 ) ;
#2878 = ORIENTED_EDGE ( 'NONE', *, *, #5194, .T. ) ;
#2879 = ADVANCED_FACE ( 'NONE', ( #178 ), #4006, .F. ) ;
#2880 = EDGE_LOOP ( 'NONE', ( #5330, #2030, #405, #169 ) ) ;
#2881 = CARTESIAN_POINT ( 'NONE',  ( 15.50000000000000533, -20.00000000000000000, 0.7499999999999876765 ) ) ;
#2882 = DIRECTION ( 'NONE',  ( -4.350219813418295278E-16, 0.000000000000000000, -1.000000000000000000 ) ) ;
#2883 = EDGE_CURVE ( 'NONE', #1716, #3211, #1449, .T. ) ;
#2884 = ORIENTED_EDGE ( 'NONE', *, *, #4815, .T. ) ;
#2885 = EDGE_CURVE ( 'NONE', #1716, #3414, #1697, .T. ) ;
#2886 = ORIENTED_EDGE ( 'NONE', *, *, #3513, .T. ) ;
#2887 = CARTESIAN_POINT ( 'NONE',  ( 45.49999999999997158, 11.00000000000000000, 3.250000000000015099 ) ) ;
#2888 = DIRECTION ( 'NONE',  ( 0.000000000000000000, -1.734723475976807341E-16, -1.000000000000000000 ) ) ;
#2889 = DIRECTION ( 'NONE',  ( 1.000000000000000000, 0.000000000000000000, 0.000000000000000000 ) ) ;
#2890 = ORIENTED_EDGE ( 'NONE', *, *, #2008, .F. ) ;
#2891 = PLANE ( 'NONE',  #1901 ) ;
#2892 = EDGE_LOOP ( 'NONE', ( #1480, #4033, #3156, #2180 ) ) ;
#2893 = DIRECTION ( 'NONE',  ( 1.000000000000000000, 0.000000000000000000, 0.000000000000000000 ) ) ;
#2894 = LINE ( 'NONE', #2503, #875 ) ;
#2895 = LINE ( 'NONE', #2394, #3291 ) ;
#2896 = EDGE_CURVE ( 'NONE', #1611, #31, #2671, .T. ) ;
#2897 = VECTOR ( 'NONE', #3396, 1000.000000000000000 ) ;
#2898 = DIRECTION ( 'NONE',  ( 0.000000000000000000, 0.000000000000000000, 1.000000000000000000 ) ) ;
#2899 = ORIENTED_EDGE ( 'NONE', *, *, #1313, .F. ) ;
#2900 = CARTESIAN_POINT ( 'NONE',  ( 14.66666666666666607, -23.33333333333335347, 4.666666666666650976 ) ) ;
#2901 = ORIENTED_EDGE ( 'NONE', *, *, #2381, .F. ) ;
#2902 = ORIENTED_EDGE ( 'NONE', *, *, #262, .F. ) ;
#2903 = DIRECTION ( 'NONE',  ( -0.000000000000000000, -0.2588190451025216832, 0.9659258262890680902 ) ) ;
#2904 = CARTESIAN_POINT ( 'NONE',  ( -45.49999999999998579, 13.00000000000000000, 3.250000000000015099 ) ) ;
#2905 = ORIENTED_EDGE ( 'NONE', *, *, #2124, .F. ) ;
#2906 = ORIENTED_EDGE ( 'NONE', *, *, #1082, .F. ) ;
#2907 = DIRECTION ( 'NONE',  ( -1.000000000000000000, -1.156482317317876458E-15, 0.000000000000000000 ) ) ;
#2908 = ORIENTED_EDGE ( 'NONE', *, *, #238, .F. ) ;
#2909 = CYLINDRICAL_SURFACE ( 'NONE', #5475, 1.500000000000001332 ) ;
#2910 = EDGE_CURVE ( 'NONE', #3321, #4965, #444, .T. ) ;
#2911 = EDGE_CURVE ( 'NONE', #313, #782, #1250, .T. ) ;
#2912 = DIRECTION ( 'NONE',  ( 0.000000000000000000, 0.000000000000000000, 1.000000000000000000 ) ) ;
#2913 = VERTEX_POINT ( 'NONE', #4275 ) ;
#2914 = FACE_OUTER_BOUND ( 'NONE', #1042, .T. ) ;
#2915 = DIRECTION ( 'NONE',  ( 0.000000000000000000, 0.000000000000000000, 1.000000000000000000 ) ) ;
#2916 = DIRECTION ( 'NONE',  ( 0.000000000000000000, 0.000000000000000000, -1.000000000000000000 ) ) ;
#2917 = DIRECTION ( 'NONE',  ( 0.7071067811865450192, 0.7071067811865500152, 0.000000000000000000 ) ) ;
#2919 = VECTOR ( 'NONE', #2903, 1000.000000000000227 ) ;
#2918 = LINE ( 'NONE', #760, #2855 ) ;
#2920 = CIRCLE ( 'NONE', #1858, 2.800000000000000711 ) ;
#2921 = ORIENTED_EDGE ( 'NONE', *, *, #432, .F. ) ;
#2922 = DIRECTION ( 'NONE',  ( 0.000000000000000000, 1.000000000000000000, 0.000000000000000000 ) ) ;
#2923 = ORIENTED_EDGE ( 'NONE', *, *, #2315, .F. ) ;
#2924 = AXIS2_PLACEMENT_3D ( 'NONE', #1946, #1530, #3234 ) ;
#2925 = DIRECTION ( 'NONE',  ( -0.000000000000000000, -1.882966322632667746E-16, 1.000000000000000000 ) ) ;
#2926 = CARTESIAN_POINT ( 'NONE',  ( -9.749999999999998224, 20.87747764974120557, 9.146039955052483350 ) ) ;
#2927 = VERTEX_POINT ( 'NONE', #2617 ) ;
#2928 = CIRCLE ( 'NONE', #3372, 2.499999999999998668 ) ;
#2929 = PLANE ( 'NONE',  #5401 ) ;
#2930 = CIRCLE ( 'NONE', #1781, 1.500000000000001110 ) ;
#2931 = ORIENTED_EDGE ( 'NONE', *, *, #2468, .T. ) ;
#2932 = DIRECTION ( 'NONE',  ( -0.000000000000000000, -1.882966322632667746E-16, 1.000000000000000000 ) ) ;
#2933 = DIRECTION ( 'NONE',  ( 1.000000000000000000, 0.000000000000000000, 0.000000000000000000 ) ) ;
#2934 = AXIS2_PLACEMENT_3D ( 'NONE', #2234, #3924, #125 ) ;
#2935 = CARTESIAN_POINT ( 'NONE',  ( -24.20885981545882615, -15.00000000000000178, -5.999999999999994671 ) ) ;
#2936 = ADVANCED_FACE ( 'NONE', ( #3942 ), #2991, .T. ) ;
#2937 = VECTOR ( 'NONE', #227, 1000.000000000000000 ) ;
#2938 = AXIS2_PLACEMENT_3D ( 'NONE', #3092, #151, #1843 ) ;
#2939 = CARTESIAN_POINT ( 'NONE',  ( 9.750000000000001776, 17.61685559458995343, 15.51929217142216544 ) ) ;
#2940 = VERTEX_POINT ( 'NONE', #1330 ) ;
#2941 = LINE ( 'NONE', #1686, #2056 ) ;
#2942 = CARTESIAN_POINT ( 'NONE',  ( -50.00000000000000000, 31.50000000000000000, -20.94402827082332408 ) ) ;
#2943 = VECTOR ( 'NONE', #5184, 1000.000000000000000 ) ;
#2944 = DIRECTION ( 'NONE',  ( 0.000000000000000000, 0.000000000000000000, 1.000000000000000000 ) ) ;
#2945 = DIRECTION ( 'NONE',  ( 0.000000000000000000, -0.9659258262890680902, -0.2588190451025216832 ) ) ;
#2946 = ADVANCED_FACE ( 'NONE', ( #26 ), #3413, .F. ) ;
#2947 = LINE ( 'NONE', #1692, #4718 ) ;
#2948 = VECTOR ( 'NONE', #2523, 1000.000000000000000 ) ;
#2949 = ADVANCED_FACE ( 'NONE', ( #5101 ), #4714, .F. ) ;
#2950 = VECTOR ( 'NONE', #3404, 1000.000000000000000 ) ;
#2951 = DIRECTION ( 'NONE',  ( 0.000000000000000000, 0.000000000000000000, -1.000000000000000000 ) ) ;
#2952 = ORIENTED_EDGE ( 'NONE', *, *, #622, .T. ) ;
#2953 = FACE_OUTER_BOUND ( 'NONE', #675, .T. ) ;
#2954 = ORIENTED_EDGE ( 'NONE', *, *, #5109, .F. ) ;
#2955 = DIRECTION ( 'NONE',  ( 1.000000000000000000, 0.000000000000000000, 0.000000000000000000 ) ) ;
#2956 = CARTESIAN_POINT ( 'NONE',  ( -45.00000000000000000, 30.50000000000002842, -8.500000000000000000 ) ) ;
#2957 = CARTESIAN_POINT ( 'NONE',  ( -45.00000000000000000, -23.50000000000000000, -8.500000000000000000 ) ) ;
#2958 = LINE ( 'NONE', #5173, #1876 ) ;
#2959 = ADVANCED_FACE ( 'NONE', ( #4742 ), #1806, .F. ) ;
#2960 = EDGE_LOOP ( 'NONE', ( #2351, #5407, #145, #2229 ) ) ;
#2961 = CARTESIAN_POINT ( 'NONE',  ( -52.50000000000000000, -25.00000000000000000, 3.000000000000035971 ) ) ;
#2962 = EDGE_LOOP ( 'NONE', ( #1143, #2600, #236, #93 ) ) ;
#2963 = CARTESIAN_POINT ( 'NONE',  ( 45.00000000000000000, 30.50000000000001421, -22.00000000000000711 ) ) ;
#2964 = FACE_OUTER_BOUND ( 'NONE', #4064, .T. ) ;
#2965 = CARTESIAN_POINT ( 'NONE',  ( 25.50000000000000000, 4.998909409702481987, 6.071532165918824830E-15 ) ) ;
#2966 = ORIENTED_EDGE ( 'NONE', *, *, #2443, .T. ) ;
#2967 = DIRECTION ( 'NONE',  ( -1.000000000000000000, 0.000000000000000000, -0.000000000000000000 ) ) ;
#2968 = LINE ( 'NONE', #1191, #1496 ) ;
#2969 = CARTESIAN_POINT ( 'NONE',  ( 10.00000000000003020, 25.00000000000000000, -2.500000000000000000 ) ) ;
#2970 = CARTESIAN_POINT ( 'NONE',  ( 45.49999999999997158, 11.00000000000000000, 0.7499999999999937828 ) ) ;
#2971 = CARTESIAN_POINT ( 'NONE',  ( -9.749999999999998224, 19.06574433402355950, 15.90752073907594699 ) ) ;
#2972 = ORIENTED_EDGE ( 'NONE', *, *, #1428, .F. ) ;
#2973 = DIRECTION ( 'NONE',  ( 0.000000000000000000, -0.2588190451025216832, 0.9659258262890680902 ) ) ;
#2974 = EDGE_CURVE ( 'NONE', #37, #607, #1080, .T. ) ;
#2975 = CARTESIAN_POINT ( 'NONE',  ( 13.99999999999999822, 22.50000000000000355, 8.545517328095678877 ) ) ;
#2976 = CARTESIAN_POINT ( 'NONE',  ( 20.50000000000000355, -20.00000000000000000, 3.000000000000011546 ) ) ;
#2977 = DIRECTION ( 'NONE',  ( -0.000000000000000000, -1.000000000000000000, -0.000000000000000000 ) ) ;
#2978 = CARTESIAN_POINT ( 'NONE',  ( -9.749999999999998224, 23.58206996335059813, 9.870733281339548526 ) ) ;
#2979 = ORIENTED_EDGE ( 'NONE', *, *, #5380, .F. ) ;
#2980 = CARTESIAN_POINT ( 'NONE',  ( -54.00000000000002842, 25.00000000000000000, 4.000000000000000888 ) ) ;
#2981 = ORIENTED_EDGE ( 'NONE', *, *, #652, .T. ) ;
#2982 = CARTESIAN_POINT ( 'NONE',  ( -27.49999999999998579, 18.99999999999998934, 3.250000000000015099 ) ) ;
#2983 = DIRECTION ( 'NONE',  ( -1.000000000000000000, 0.000000000000000000, 0.000000000000000000 ) ) ;
#2984 = ADVANCED_FACE ( 'NONE', ( #3877 ), #1408, .T. ) ;
#2985 = CARTESIAN_POINT ( 'NONE',  ( 45.99999999999999289, 27.50000000000000000, -22.00000000000000711 ) ) ;
#2986 = EDGE_LOOP ( 'NONE', ( #752, #995 ) ) ;
#2987 = DIRECTION ( 'NONE',  ( -0.000000000000000000, -0.000000000000000000, 1.000000000000000000 ) ) ;
#2988 = DIRECTION ( 'NONE',  ( -0.000000000000000000, -0.000000000000000000, 1.000000000000000000 ) ) ;
#2989 = DIRECTION ( 'NONE',  ( 0.000000000000000000, 0.2588190451025216832, -0.9659258262890680902 ) ) ;
#2990 = CARTESIAN_POINT ( 'NONE',  ( -20.50000000000000355, -20.00000000000000000, 3.000000000000011546 ) ) ;
#2991 = PLANE ( 'NONE',  #3028 ) ;
#2992 = ORIENTED_EDGE ( 'NONE', *, *, #5487, .T. ) ;
#2993 = FACE_BOUND ( 'NONE', #1735, .T. ) ;
#2994 = EDGE_LOOP ( 'NONE', ( #3601, #2734, #5254, #305 ) ) ;
#2995 = AXIS2_PLACEMENT_3D ( 'NONE', #3072, #132, #4314 ) ;
#2996 = FILL_AREA_STYLE ('',( #3836 ) ) ;
#2997 = ADVANCED_FACE ( 'NONE', ( #5213 ), #940, .F. ) ;
#2998 = VECTOR ( 'NONE', #4261, 1000.000000000000000 ) ;
#2999 = DIRECTION ( 'NONE',  ( 0.000000000000000000, -0.000000000000000000, 1.000000000000000000 ) ) ;
#3000 = EDGE_CURVE ( 'NONE', #1836, #1345, #4685, .T. ) ;
#3001 = CARTESIAN_POINT ( 'NONE',  ( -14.00000000000000178, -24.00000000000002842, 4.000000000000005329 ) ) ;
#3002 = LINE ( 'NONE', #4225, #3711 ) ;
#3003 = CARTESIAN_POINT ( 'NONE',  ( -13.00000000000000533, -25.00000000000000000, 5.000000000000004441 ) ) ;
#3004 = AXIS2_PLACEMENT_3D ( 'NONE', #4928, #4541, #1588 ) ;
#3005 = ORIENTED_EDGE ( 'NONE', *, *, #83, .F. ) ;
#3006 = EDGE_CURVE ( 'NONE', #5385, #2009, #2640, .T. ) ;
#3007 = ORIENTED_EDGE ( 'NONE', *, *, #3914, .F. ) ;
#3008 = CARTESIAN_POINT ( 'NONE',  ( 9.750000000000001776, 19.06574433402355950, 15.90752073907594699 ) ) ;
#3009 = VECTOR ( 'NONE', #2875, 1000.000000000000114 ) ;
#3010 = EDGE_CURVE ( 'NONE', #4101, #1741, #3082, .T. ) ;
#3011 = ORIENTED_EDGE ( 'NONE', *, *, #3322, .T. ) ;
#3012 = PLANE ( 'NONE',  #2387 ) ;
#3013 = DIRECTION ( 'NONE',  ( 7.666467083416818922E-17, 0.7071067811865414665, -0.7071067811865536790 ) ) ;
#3014 = CIRCLE ( 'NONE', #2037, 2.499999999999998668 ) ;
#3015 = EDGE_CURVE ( 'NONE', #1590, #535, #4360, .T. ) ;
#3016 = CARTESIAN_POINT ( 'NONE',  ( 13.99999999999999822, -24.00000000000001421, 6.000000000000005329 ) ) ;
#3017 = ORIENTED_EDGE ( 'NONE', *, *, #279, .F. ) ;
#3018 = DIRECTION ( 'NONE',  ( -1.387778780781445367E-17, -0.2588190451025217942, 0.9659258262890679791 ) ) ;
#3019 = DIRECTION ( 'NONE',  ( 1.000000000000000000, 0.000000000000000000, 0.000000000000000000 ) ) ;
#3020 = LINE ( 'NONE', #2107, #3111 ) ;
#3021 = VECTOR ( 'NONE', #2814, 999.9999999999998863 ) ;
#3022 = AXIS2_PLACEMENT_3D ( 'NONE', #4016, #216, #1911 ) ;
#3023 = CARTESIAN_POINT ( 'NONE',  ( -47.50000000000000000, 27.50000000000000000, -22.00000000000000355 ) ) ;
#3024 = CIRCLE ( 'NONE', #2497, 4.500000000000000888 ) ;
#3025 = CARTESIAN_POINT ( 'NONE',  ( 29.50000000000000355, 10.24999999999999822, 6.637456287280152216E-15 ) ) ;
#3026 = VERTEX_POINT ( 'NONE', #3521 ) ;
#3027 = CARTESIAN_POINT ( 'NONE',  ( 55.00000000000000000, 28.49999999999999289, -2.500000000000001776 ) ) ;
#3028 = AXIS2_PLACEMENT_3D ( 'NONE', #116, #2220, #4299 ) ;
#3029 = EDGE_LOOP ( 'NONE', ( #2851, #3559, #2167, #1165, #1601, #1096, #4695, #4744 ) ) ;
#3030 = DIRECTION ( 'NONE',  ( -0.000000000000000000, 0.2588190451025218497, -0.9659258262890680902 ) ) ;
#3031 = AXIS2_PLACEMENT_3D ( 'NONE', #3354, #20, #798 ) ;
#3032 = CARTESIAN_POINT ( 'NONE',  ( 54.00000000000001421, 25.00000000000000000, -2.500000000000000000 ) ) ;
#3033 = AXIS2_PLACEMENT_3D ( 'NONE', #5352, #246, #2827 ) ;
#3034 = FACE_OUTER_BOUND ( 'NONE', #3577, .T. ) ;
#3035 = EDGE_CURVE ( 'NONE', #5336, #1218, #3112, .T. ) ;
#3036 = DIRECTION ( 'NONE',  ( -0.000000000000000000, -0.000000000000000000, 1.000000000000000000 ) ) ;
#3037 = LINE ( 'NONE', #2626, #3899 ) ;
#3038 = ORIENTED_EDGE ( 'NONE', *, *, #2097, .T. ) ;
#3039 = CIRCLE ( 'NONE', #1000, 2.499999999999998668 ) ;
#3040 = VERTEX_POINT ( 'NONE', #4241 ) ;
#3041 = CARTESIAN_POINT ( 'NONE',  ( -47.50000000000001421, 30.50000000000002842, -24.50000000000000000 ) ) ;
#3042 = ORIENTED_EDGE ( 'NONE', *, *, #3668, .F. ) ;
#3043 = DIRECTION ( 'NONE',  ( -1.680795867126050913E-15, -0.9659258262890677571, -0.2588190451025224603 ) ) ;
#3044 = DIRECTION ( 'NONE',  ( 0.000000000000000000, 0.000000000000000000, 1.000000000000000000 ) ) ;
#3045 = EDGE_CURVE ( 'NONE', #1174, #176, #990, .T. ) ;
#3046 = VECTOR ( 'NONE', #1002, 1000.000000000000000 ) ;
#3047 = LINE ( 'NONE', #3871, #3236 ) ;
#3048 = ORIENTED_EDGE ( 'NONE', *, *, #1722, .T. ) ;
#3049 = LINE ( 'NONE', #5209, #1702 ) ;
#3050 = CARTESIAN_POINT ( 'NONE',  ( 47.49999999999999289, 28.49999999999998934, -22.00000000000000711 ) ) ;
#3051 = EDGE_CURVE ( 'NONE', #11, #3425, #4028, .T. ) ;
#3052 = CARTESIAN_POINT ( 'NONE',  ( -52.50000000000000000, -24.00000000000000000, 1.882966322632659365E-16 ) ) ;
#3053 = LINE ( 'NONE', #938, #5232 ) ;
#3054 = DIRECTION ( 'NONE',  ( 0.7071067811865522357, -4.906538933386847729E-15, 0.7071067811865427988 ) ) ;
#3055 = DIRECTION ( 'NONE',  ( 0.000000000000000000, 0.000000000000000000, 1.000000000000000000 ) ) ;
#3056 = VERTEX_POINT ( 'NONE', #4883 ) ;
#3057 = DIRECTION ( 'NONE',  ( -0.000000000000000000, -0.000000000000000000, 1.000000000000000000 ) ) ;
#3058 = ORIENTED_EDGE ( 'NONE', *, *, #2885, .T. ) ;
#3059 = EDGE_CURVE ( 'NONE', #4101, #1988, #1979, .T. ) ;
#3060 = PLANE ( 'NONE',  #3546 ) ;
#3061 = DIRECTION ( 'NONE',  ( 0.000000000000000000, 0.000000000000000000, 1.000000000000000000 ) ) ;
#3062 = EDGE_CURVE ( 'NONE', #4794, #2537, #568, .T. ) ;
#3063 = CARTESIAN_POINT ( 'NONE',  ( -50.00000000000000000, 27.50000000000000355, -17.05597172917666526 ) ) ;
#3064 = ORIENTED_EDGE ( 'NONE', *, *, #4767, .F. ) ;
#3065 = CARTESIAN_POINT ( 'NONE',  ( 20.50000000000000355, -20.00000000000000000, 0.7499999999999876765 ) ) ;
#3066 = DIRECTION ( 'NONE',  ( -0.000000000000000000, 0.2588190451025217942, -0.9659258262890679791 ) ) ;
#3067 = CARTESIAN_POINT ( 'NONE',  ( -7.999999999999998224, 28.49999999999998579, -8.500000000000000000 ) ) ;
#3068 = ORIENTED_EDGE ( 'NONE', *, *, #2371, .F. ) ;
#3069 = ORIENTED_EDGE ( 'NONE', *, *, #708, .T. ) ;
#3070 = CARTESIAN_POINT ( 'NONE',  ( 15.50000000000000533, -20.00000000000000000, -5.999999999999994671 ) ) ;
#3071 = ORIENTED_EDGE ( 'NONE', *, *, #232, .T. ) ;
#3072 = CARTESIAN_POINT ( 'NONE',  ( 9.750000000000001776, 21.13629669484373608, 8.180114128763404935 ) ) ;
#3073 = DIRECTION ( 'NONE',  ( 0.000000000000000000, -0.000000000000000000, -1.000000000000000000 ) ) ;
#3074 = ADVANCED_FACE ( 'NONE', ( #225 ), #1713, .F. ) ;
#3075 = DIRECTION ( 'NONE',  ( 0.000000000000000000, 0.000000000000000000, -1.000000000000000000 ) ) ;
#3076 = EDGE_LOOP ( 'NONE', ( #5261, #3524, #3848, #67, #3168, #4534, #3304, #1985 ) ) ;
#3077 = CARTESIAN_POINT ( 'NONE',  ( -9.749999999999998224, 18.17288533613181656, 8.421346628765418174 ) ) ;
#3078 = EDGE_CURVE ( 'NONE', #2033, #64, #4821, .T. ) ;
#3079 = LINE ( 'NONE', #138, #1850 ) ;
#3080 = PLANE ( 'NONE',  #4531 ) ;
#3081 = EDGE_CURVE ( 'NONE', #4454, #593, #4281, .T. ) ;
#3082 = LINE ( 'NONE', #563, #2680 ) ;
#3083 = CARTESIAN_POINT ( 'NONE',  ( 9.750000000000001776, 19.06574433402355950, 15.90752073907594699 ) ) ;
#3084 = DIRECTION ( 'NONE',  ( 0.000000000000000000, 0.000000000000000000, -1.000000000000000000 ) ) ;
#3085 = ORIENTED_EDGE ( 'NONE', *, *, #1676, .T. ) ;
#3087 = VECTOR ( 'NONE', #2496, 1000.000000000000114 ) ;
#3086 = FACE_OUTER_BOUND ( 'NONE', #4267, .T. ) ;
#3088 = CARTESIAN_POINT ( 'NONE',  ( -47.49999999999999289, 18.99999999999998579, -5.999999999999994671 ) ) ;
#3089 = ORIENTED_EDGE ( 'NONE', *, *, #3972, .F. ) ;
#3090 = LINE ( 'NONE', #697, #4981 ) ;
#3091 = CYLINDRICAL_SURFACE ( 'NONE', #2211, 1.999999999999998224 ) ;
#3092 = CARTESIAN_POINT ( 'NONE',  ( -23.99999999999999645, 4.998909409702481987, 6.071532165918824830E-15 ) ) ;
#3093 = VERTEX_POINT ( 'NONE', #1941 ) ;
#3094 = CIRCLE ( 'NONE', #5215, 1.500000000000001332 ) ;
#3095 = ORIENTED_EDGE ( 'NONE', *, *, #745, .T. ) ;
#3096 = CARTESIAN_POINT ( 'NONE',  ( -45.00000000000000000, 30.50000000000002842, -22.00000000000000355 ) ) ;
#3097 = EDGE_LOOP ( 'NONE', ( #1106, #4510, #1546, #3439 ) ) ;
#3098 = CONICAL_SURFACE ( 'NONE', #5482, 2.000000000000001776, 0.7853981633974576049 ) ;
#3099 = LINE ( 'NONE', #3536, #2026 ) ;
#3100 = VECTOR ( 'NONE', #550, 1000.000000000000000 ) ;
#3101 = FACE_OUTER_BOUND ( 'NONE', #283, .T. ) ;
#3102 = VECTOR ( 'NONE', #56, 1000.000000000000000 ) ;
#3103 = AXIS2_PLACEMENT_3D ( 'NONE', #4935, #4521, #2418 ) ;
#3104 = DIRECTION ( 'NONE',  ( -0.000000000000000000, -0.7071067811865417996, 0.7071067811865533459 ) ) ;
#3105 = ORIENTED_EDGE ( 'NONE', *, *, #4440, .F. ) ;
#3106 = DIRECTION ( 'NONE',  ( -0.000000000000000000, 0.2588190451025216832, -0.9659258262890680902 ) ) ;
#3107 = DIRECTION ( 'NONE',  ( -0.000000000000000000, 1.000000000000000000, 0.000000000000000000 ) ) ;
#3108 = AXIS2_PLACEMENT_3D ( 'NONE', #1575, #2454, #4116 ) ;
#3109 = DIRECTION ( 'NONE',  ( 0.000000000000000000, -0.7071067811865540120, 0.7071067811865410224 ) ) ;
#3110 = EDGE_CURVE ( 'NONE', #3491, #4934, #2278, .T. ) ;
#3111 = VECTOR ( 'NONE', #852, 1000.000000000000000 ) ;
#3112 = LINE ( 'NONE', #855, #3380 ) ;
#3113 = ORIENTED_EDGE ( 'NONE', *, *, #5449, .F. ) ;
#3114 = LINE ( 'NONE', #1833, #194 ) ;
#3115 = CIRCLE ( 'NONE', #1072, 3.500000000000016875 ) ;
#3116 = DIRECTION ( 'NONE',  ( -0.7071067811865378028, 9.404199622324635549E-16, 0.7071067811865573427 ) ) ;
#3117 = EDGE_CURVE ( 'NONE', #3321, #4449, #282, .T. ) ;
#3118 = CIRCLE ( 'NONE', #548, 1.500000000000001332 ) ;
#3119 = VERTEX_POINT ( 'NONE', #5329 ) ;
#3120 = ADVANCED_FACE ( 'NONE', ( #250 ), #2727, .T. ) ;
#3121 = VECTOR ( 'NONE', #1382, 1000.000000000000000 ) ;
#3122 = DIRECTION ( 'NONE',  ( 6.542051911182442865E-15, -0.7071067811865532349, -0.7071067811865416886 ) ) ;
#3123 = DIRECTION ( 'NONE',  ( -0.000000000000000000, -0.000000000000000000, 1.000000000000000000 ) ) ;
#3124 = ORIENTED_EDGE ( 'NONE', *, *, #2298, .T. ) ;
#3125 = DIRECTION ( 'NONE',  ( 9.130123557772650338E-16, -0.9659258262890679791, -0.2588190451025217387 ) ) ;
#3126 = ADVANCED_FACE ( 'NONE', ( #1524 ), #4855, .T. ) ;
#3127 = AXIS2_PLACEMENT_3D ( 'NONE', #3949, #542, #2392 ) ;
#3128 = CARTESIAN_POINT ( 'NONE',  ( -18.00000000000000711, -20.00000000000000000, 0.7499999999999876765 ) ) ;
#3129 = VECTOR ( 'NONE', #331, 1000.000000000000000 ) ;
#3130 = ORIENTED_EDGE ( 'NONE', *, *, #2443, .F. ) ;
#3131 = ORIENTED_EDGE ( 'NONE', *, *, #2303, .F. ) ;
#3132 = AXIS2_PLACEMENT_3D ( 'NONE', #4572, #1567, #4990 ) ;
#3133 = CARTESIAN_POINT ( 'NONE',  ( -7.999999999999996447, 25.00000000000000000, 9.215390309173489669 ) ) ;
#3134 = ORIENTED_EDGE ( 'NONE', *, *, #5194, .F. ) ;
#3135 = DIRECTION ( 'NONE',  ( 0.000000000000000000, 0.000000000000000000, 1.000000000000000000 ) ) ;
#3136 = EDGE_CURVE ( 'NONE', #5310, #1218, #1490, .T. ) ;
#3137 = FACE_OUTER_BOUND ( 'NONE', #187, .T. ) ;
#3138 =( GEOMETRIC_REPRESENTATION_CONTEXT ( 3 ) GLOBAL_UNCERTAINTY_ASSIGNED_CONTEXT ( ( #1921 ) ) GLOBAL_UNIT_ASSIGNED_CONTEXT ( ( #3994, #3906, #999 ) ) REPRESENTATION_CONTEXT ( 'NONE', 'WORKASPACE' ) );
#3139 = PLANE ( 'NONE',  #4458 ) ;
#3140 = ORIENTED_EDGE ( 'NONE', *, *, #3136, .T. ) ;
#3141 = DIRECTION ( 'NONE',  ( 0.000000000000000000, 0.000000000000000000, 1.000000000000000000 ) ) ;
#3142 = DIRECTION ( 'NONE',  ( 0.000000000000000000, -1.734723475976807341E-16, -1.000000000000000000 ) ) ;
#3143 = ORIENTED_EDGE ( 'NONE', *, *, #4050, .T. ) ;
#3144 = DIRECTION ( 'NONE',  ( 1.000000000000000000, 0.000000000000000000, 0.000000000000000000 ) ) ;
#3145 = ORIENTED_EDGE ( 'NONE', *, *, #5325, .F. ) ;
#3146 = PRODUCT_DEFINITION_CONTEXT ( 'detailed design', #5355, 'design' ) ;
#3147 = CYLINDRICAL_SURFACE ( 'NONE', #4093, 2.000000000000001776 ) ;
#3148 = DIRECTION ( 'NONE',  ( 0.000000000000000000, -1.734723475976807341E-16, -1.000000000000000000 ) ) ;
#3149 = ORIENTED_EDGE ( 'NONE', *, *, #1855, .T. ) ;
#3150 = DIRECTION ( 'NONE',  ( 1.000000000000000000, 0.000000000000000000, 0.000000000000000000 ) ) ;
#3151 = FACE_OUTER_BOUND ( 'NONE', #626, .T. ) ;
#3152 = ORIENTED_EDGE ( 'NONE', *, *, #3525, .F. ) ;
#3153 = EDGE_CURVE ( 'NONE', #5200, #5279, #2823, .T. ) ;
#3154 = DIRECTION ( 'NONE',  ( 0.000000000000000000, -1.000000000000000000, 1.734723475976807341E-16 ) ) ;
#3155 = CARTESIAN_POINT ( 'NONE',  ( -25.50000000000000000, 4.998909409702481987, -5.999999999999994671 ) ) ;
#3156 = ORIENTED_EDGE ( 'NONE', *, *, #2817, .F. ) ;
#3157 = CARTESIAN_POINT ( 'NONE',  ( 8.000000000000000000, 27.63745603159102515, -7.637456031591029593 ) ) ;
#3158 = ORIENTED_EDGE ( 'NONE', *, *, #4162, .T. ) ;
#3159 = CARTESIAN_POINT ( 'NONE',  ( 52.50000000000000000, 25.00000000000000000, -22.00000000000000355 ) ) ;
#3160 = DIRECTION ( 'NONE',  ( -0.000000000000000000, -1.000000000000000000, -0.000000000000000000 ) ) ;
#3161 = EDGE_LOOP ( 'NONE', ( #1305, #1230, #5295, #693 ) ) ;
#3162 = ADVANCED_FACE ( 'NONE', ( #694 ), #1861, .F. ) ;
#3163 = FACE_OUTER_BOUND ( 'NONE', #5183, .T. ) ;
#3164 = ORIENTED_EDGE ( 'NONE', *, *, #5496, .T. ) ;
#3165 = CYLINDRICAL_SURFACE ( 'NONE', #203, 1.999999999999998224 ) ;
#3166 = ORIENTED_EDGE ( 'NONE', *, *, #3136, .F. ) ;
#3167 = CARTESIAN_POINT ( 'NONE',  ( 45.00000000000000000, 28.49999999999998934, -8.500000000000000000 ) ) ;
#3168 = ORIENTED_EDGE ( 'NONE', *, *, #1905, .T. ) ;
#3169 = CARTESIAN_POINT ( 'NONE',  ( -29.50000000000000355, 10.99999999999999822, 3.250000000000015099 ) ) ;
#3170 = EDGE_LOOP ( 'NONE', ( #988, #596 ) ) ;
#3171 = CARTESIAN_POINT ( 'NONE',  ( -8.016486971549046103, 25.00000000000000355, 2.256273420325439094 ) ) ;
#3172 = FACE_OUTER_BOUND ( 'NONE', #4587, .T. ) ;
#3173 = ORIENTED_EDGE ( 'NONE', *, *, #3062, .T. ) ;
#3174 = LINE ( 'NONE', #1556, #3731 ) ;
#3175 = ORIENTED_EDGE ( 'NONE', *, *, #2420, .F. ) ;
#3176 = PLANE ( 'NONE',  #266 ) ;
#3177 = EDGE_CURVE ( 'NONE', #4497, #3289, #1550, .T. ) ;
#3178 = ORIENTED_EDGE ( 'NONE', *, *, #4038, .F. ) ;
#3179 = EDGE_CURVE ( 'NONE', #4620, #2708, #3964, .T. ) ;
#3180 = CARTESIAN_POINT ( 'NONE',  ( 52.50000000000000000, 31.50000000000000000, -22.00000000000000355 ) ) ;
#3181 = EDGE_LOOP ( 'NONE', ( #4949, #1323, #2340, #787 ) ) ;
#3182 = CARTESIAN_POINT ( 'NONE',  ( -26.74999999999998579, 13.00000000000001066, 4.000000000000002665 ) ) ;
#3183 = PLANE ( 'NONE',  #2321 ) ;
#3184 = AXIS2_PLACEMENT_3D ( 'NONE', #4789, #2352, #5263 ) ;
#3185 = ADVANCED_FACE ( 'NONE', ( #168 ), #1894, .F. ) ;
#3186 = ORIENTED_EDGE ( 'NONE', *, *, #2405, .F. ) ;
#3187 = ADVANCED_FACE ( 'NONE', ( #4829 ), #4198, .F. ) ;
#3188 = CIRCLE ( 'NONE', #4331, 1.944028270823329407 ) ;
#3189 = PLANE ( 'NONE',  #2157 ) ;
#3190 = ORIENTED_EDGE ( 'NONE', *, *, #1474, .F. ) ;
#3191 = ORIENTED_EDGE ( 'NONE', *, *, #4741, .T. ) ;
#3192 = DIRECTION ( 'NONE',  ( 0.000000000000000000, -0.9659258262890679791, -0.2588190451025217942 ) ) ;
#3193 = EDGE_CURVE ( 'NONE', #1810, #4800, #4599, .T. ) ;
#3194 = VECTOR ( 'NONE', #1119, 999.9999999999998863 ) ;
#3195 = CONICAL_SURFACE ( 'NONE', #4244, 1.500000000000001332, 0.7853981633974541632 ) ;
#3196 = VERTEX_POINT ( 'NONE', #4995 ) ;
#3197 = CARTESIAN_POINT ( 'NONE',  ( 18.00000000000000711, -20.00000000000000000, 3.000000000000011546 ) ) ;
#3198 = ORIENTED_EDGE ( 'NONE', *, *, #648, .T. ) ;
#3199 = DIRECTION ( 'NONE',  ( 0.000000000000000000, 1.000000000000000000, 1.882966322632667253E-16 ) ) ;
#3200 = CARTESIAN_POINT ( 'NONE',  ( -21.25000000000000355, -20.00000000000000000, 9.414831613163342183E-16 ) ) ;
#3201 = CARTESIAN_POINT ( 'NONE',  ( 8.000000000000010658, 25.00000000000000000, 2.205663881035626606 ) ) ;
#3202 = ADVANCED_FACE ( 'NONE', ( #1997 ), #2891, .T. ) ;
#3203 = EDGE_LOOP ( 'NONE', ( #1473, #4166, #1085, #541 ) ) ;
#3204 = VECTOR ( 'NONE', #2555, 1000.000000000000000 ) ;
#3205 = CIRCLE ( 'NONE', #2136, 2.000000000000001776 ) ;
#3206 = DIRECTION ( 'NONE',  ( -1.156482317317876458E-15, -1.000000000000000000, 1.734723475976807341E-16 ) ) ;
#3207 = VECTOR ( 'NONE', #3732, 1000.000000000000000 ) ;
#3208 = VERTEX_POINT ( 'NONE', #1188 ) ;
#3209 = DIRECTION ( 'NONE',  ( -0.000000000000000000, -0.2588190451025230154, 0.9659258262890677571 ) ) ;
#3210 = CIRCLE ( 'NONE', #3904, 2.499999999999998668 ) ;
#3211 = VERTEX_POINT ( 'NONE', #4578 ) ;
#3212 = VECTOR ( 'NONE', #4768, 1000.000000000000000 ) ;
#3213 = AXIS2_PLACEMENT_3D ( 'NONE', #4383, #4795, #46 ) ;
#3214 = ORIENTED_EDGE ( 'NONE', *, *, #2439, .T. ) ;
#3215 = CARTESIAN_POINT ( 'NONE',  ( 48.24999999999998579, 13.00000000000001066, 7.155272026004137534E-15 ) ) ;
#3216 = LINE ( 'NONE', #269, #1070 ) ;
#3217 = EDGE_LOOP ( 'NONE', ( #763, #5036, #1029, #725 ) ) ;
#3218 = VECTOR ( 'NONE', #3849, 1000.000000000000000 ) ;
#3219 = VECTOR ( 'NONE', #1510, 1000.000000000000000 ) ;
#3220 = DIRECTION ( 'NONE',  ( -1.000000000000000000, 0.000000000000000000, 0.000000000000000000 ) ) ;
#3221 = VECTOR ( 'NONE', #4653, 1000.000000000000000 ) ;
#3222 = EDGE_LOOP ( 'NONE', ( #4854, #1468, #4571, #53 ) ) ;
#3223 = CYLINDRICAL_SURFACE ( 'NONE', #3563, 2.800000000000000711 ) ;
#3224 = EDGE_LOOP ( 'NONE', ( #2402, #372, #4920, #2464 ) ) ;
#3225 = VECTOR ( 'NONE', #2733, 1000.000000000000000 ) ;
#3226 = CARTESIAN_POINT ( 'NONE',  ( 52.50000000000000000, 27.50000000000000000, -23.50000000000000355 ) ) ;
#3227 = ADVANCED_FACE ( 'NONE', ( #5459 ), #796, .F. ) ;
#3228 = EDGE_LOOP ( 'NONE', ( #4932, #3840, #4526, #3270 ) ) ;
#3229 = ADVANCED_FACE ( 'NONE', ( #2079 ), #478, .T. ) ;
#3230 = DIRECTION ( 'NONE',  ( 1.000000000000000000, 0.000000000000000000, 0.000000000000000000 ) ) ;
#3231 = ORIENTED_EDGE ( 'NONE', *, *, #4413, .F. ) ;
#3232 = CARTESIAN_POINT ( 'NONE',  ( -8.000000000000000000, 25.05519818516173203, 1.999661449526490387 ) ) ;
#3233 = DIRECTION ( 'NONE',  ( 0.000000000000000000, 0.000000000000000000, 1.000000000000000000 ) ) ;
#3234 = DIRECTION ( 'NONE',  ( 1.000000000000000000, 0.000000000000000000, 0.000000000000000000 ) ) ;
#3235 = ORIENTED_EDGE ( 'NONE', *, *, #2193, .F. ) ;
#3236 = VECTOR ( 'NONE', #4734, 1000.000000000000114 ) ;
#3237 = EDGE_CURVE ( 'NONE', #2456, #5092, #1531, .T. ) ;
#3238 = DIRECTION ( 'NONE',  ( 0.000000000000000000, 0.000000000000000000, 1.000000000000000000 ) ) ;
#3239 = ORIENTED_EDGE ( 'NONE', *, *, #3853, .T. ) ;
#3240 = DIRECTION ( 'NONE',  ( -0.000000000000000000, 0.2588190451025216832, -0.9659258262890680902 ) ) ;
#3241 = VERTEX_POINT ( 'NONE', #1631 ) ;
#3242 = ADVANCED_FACE ( 'NONE', ( #5408 ), #4186, .F. ) ;
#3243 = ORIENTED_EDGE ( 'NONE', *, *, #3000, .F. ) ;
#3244 = CARTESIAN_POINT ( 'NONE',  ( 54.00000000000001421, 25.00000000000000000, 3.776980316238715181E-15 ) ) ;
#3245 = DIRECTION ( 'NONE',  ( -0.000000000000000000, -0.000000000000000000, 1.000000000000000000 ) ) ;
#3246 = VERTEX_POINT ( 'NONE', #2448 ) ;
#3247 = LINE ( 'NONE', #4104, #4732 ) ;
#3248 = EDGE_LOOP ( 'NONE', ( #1287, #1821, #3706, #4199 ) ) ;
#3249 = FACE_OUTER_BOUND ( 'NONE', #148, .T. ) ;
#3250 = EDGE_LOOP ( 'NONE', ( #1903, #3254, #3712, #3741 ) ) ;
#3251 = DIRECTION ( 'NONE',  ( 1.000000000000000000, 0.000000000000000000, 0.000000000000000000 ) ) ;
#3252 = ADVANCED_FACE ( 'NONE', ( #1132 ), #3255, .F. ) ;
#3253 = EDGE_CURVE ( 'NONE', #5374, #3550, #3753, .T. ) ;
#3254 = ORIENTED_EDGE ( 'NONE', *, *, #2639, .T. ) ;
#3255 = PLANE ( 'NONE',  #4630 ) ;
#3256 = ORIENTED_EDGE ( 'NONE', *, *, #1577, .T. ) ;
#3257 = PLANE ( 'NONE',  #2139 ) ;
#3258 = CARTESIAN_POINT ( 'NONE',  ( 29.49999999999998579, 19.00000000000000355, 0.7499999999999954481 ) ) ;
#3259 = DIRECTION ( 'NONE',  ( -1.601283208593976007E-15, -1.000000000000000000, 0.000000000000000000 ) ) ;
#3260 = EDGE_CURVE ( 'NONE', #2512, #3936, #2834, .T. ) ;
#3261 = CARTESIAN_POINT ( 'NONE',  ( -45.49999999999997158, 11.00000000000000000, 3.250000000000015099 ) ) ;
#3262 = ORIENTED_EDGE ( 'NONE', *, *, #2651, .T. ) ;
#3263 = DIRECTION ( 'NONE',  ( 0.000000000000000000, 0.000000000000000000, -1.000000000000000000 ) ) ;
#3264 = EDGE_LOOP ( 'NONE', ( #1447, #4679, #4475, #4859 ) ) ;
#3265 = ORIENTED_EDGE ( 'NONE', *, *, #605, .F. ) ;
#3266 = DIRECTION ( 'NONE',  ( 0.000000000000000000, -1.000000000000000000, 0.000000000000000000 ) ) ;
#3267 = FACE_BOUND ( 'NONE', #5055, .T. ) ;
#3268 = ORIENTED_EDGE ( 'NONE', *, *, #2090, .T. ) ;
#3269 = DIRECTION ( 'NONE',  ( -0.000000000000000000, -1.882966322632667746E-16, 1.000000000000000000 ) ) ;
#3270 = ORIENTED_EDGE ( 'NONE', *, *, #4815, .F. ) ;
#3271 = DIRECTION ( 'NONE',  ( -1.000000000000000000, 0.000000000000000000, 0.000000000000000000 ) ) ;
#3272 = AXIS2_PLACEMENT_3D ( 'NONE', #2749, #5271, #3663 ) ;
#3273 = EDGE_LOOP ( 'NONE', ( #5288, #2036, #5292, #2754, #3562 ) ) ;
#3274 = LINE ( 'NONE', #4960, #3129 ) ;
#3275 = AXIS2_PLACEMENT_3D ( 'NONE', #3328, #4991, #4574 ) ;
#3276 = ORIENTED_EDGE ( 'NONE', *, *, #4971, .T. ) ;
#3277 = DIRECTION ( 'NONE',  ( 0.7071067811865475727, 0.7071067811865475727, 0.000000000000000000 ) ) ;
#3278 = ORIENTED_EDGE ( 'NONE', *, *, #991, .F. ) ;
#3279 = DIRECTION ( 'NONE',  ( 0.000000000000000000, -1.000000000000000000, -1.882966322632667746E-16 ) ) ;
#3280 = CARTESIAN_POINT ( 'NONE',  ( -55.00000000000000000, 25.00000000000000000, 3.000000000000027534 ) ) ;
#3281 = EDGE_CURVE ( 'NONE', #2728, #1005, #3766, .T. ) ;
#3282 = CARTESIAN_POINT ( 'NONE',  ( -55.00000000000000000, -24.00000000000000000, 4.000000000000009770 ) ) ;
#3283 = CARTESIAN_POINT ( 'NONE',  ( 50.00000000000000000, 27.50000000000000355, -18.99999999999998934 ) ) ;
#3284 = VECTOR ( 'NONE', #1475, 1000.000000000000000 ) ;
#3285 = AXIS2_PLACEMENT_3D ( 'NONE', #1175, #5027, #4611 ) ;
#3286 = VECTOR ( 'NONE', #1161, 1000.000000000000000 ) ;
#3287 = LINE ( 'NONE', #5338, #2408 ) ;
#3288 = EDGE_CURVE ( 'NONE', #3289, #1924, #3576, .T. ) ;
#3289 = VERTEX_POINT ( 'NONE', #3352 ) ;
#3290 = LINE ( 'NONE', #762, #3102 ) ;
#3291 = VECTOR ( 'NONE', #365, 1000.000000000000000 ) ;
#3292 = EDGE_CURVE ( 'NONE', #3733, #1393, #4999, .T. ) ;
#3293 = VERTEX_POINT ( 'NONE', #2939 ) ;
#3294 = DIRECTION ( 'NONE',  ( -0.7071067811865561215, 0.000000000000000000, 0.7071067811865389130 ) ) ;
#3295 = EDGE_CURVE ( 'NONE', #4497, #1698, #2526, .T. ) ;
#3296 = EDGE_LOOP ( 'NONE', ( #3756, #682, #4688, #2494, #184 ) ) ;
#3297 = DIRECTION ( 'NONE',  ( 0.7071067811865475727, -0.7071067811865475727, 0.000000000000000000 ) ) ;
#3298 = VECTOR ( 'NONE', #700, 1000.000000000000000 ) ;
#3299 = DIRECTION ( 'NONE',  ( 0.000000000000000000, -1.000000000000000000, 0.000000000000000000 ) ) ;
#3300 = AXIS2_PLACEMENT_3D ( 'NONE', #1755, #4226, #4693 ) ;
#3301 = ORIENTED_EDGE ( 'NONE', *, *, #2127, .F. ) ;
#3302 = AXIS2_PLACEMENT_3D ( 'NONE', #5275, #3998, #3199 ) ;
#3303 = EDGE_CURVE ( 'NONE', #5178, #1534, #4525, .T. ) ;
#3304 = ORIENTED_EDGE ( 'NONE', *, *, #1453, .T. ) ;
#3305 = DIRECTION ( 'NONE',  ( 0.000000000000000000, 0.000000000000000000, -1.000000000000000000 ) ) ;
#3306 = CYLINDRICAL_SURFACE ( 'NONE', #3275, 2.500000000000004441 ) ;
#3307 = CARTESIAN_POINT ( 'NONE',  ( -48.24999999999999289, 18.99999999999998579, 4.000000000000001776 ) ) ;
#3308 = AXIS2_PLACEMENT_3D ( 'NONE', #2104, #1271, #3279 ) ;
#3309 = CONICAL_SURFACE ( 'NONE', #1609, 2.800000000000000711, 0.7853981633974476129 ) ;
#3310 = EDGE_LOOP ( 'NONE', ( #1908, #3105, #2317, #2021 ) ) ;
#3311 = DIRECTION ( 'NONE',  ( -1.000000000000000000, 0.000000000000000000, 0.000000000000000000 ) ) ;
#3312 = ORIENTED_EDGE ( 'NONE', *, *, #2032, .F. ) ;
#3313 = LINE ( 'NONE', #755, #3385 ) ;
#3314 = FACE_OUTER_BOUND ( 'NONE', #1615, .T. ) ;
#3315 = FACE_OUTER_BOUND ( 'NONE', #3296, .T. ) ;
#3316 = VECTOR ( 'NONE', #1839, 1000.000000000000000 ) ;
#3317 = DIRECTION ( 'NONE',  ( 0.7071067811865475727, -0.7071067811865475727, 0.000000000000000000 ) ) ;
#3318 = EDGE_LOOP ( 'NONE', ( #896, #4300, #5277, #3654, #3345, #2559 ) ) ;
#3319 = DIRECTION ( 'NONE',  ( -1.000000000000000000, 0.000000000000000000, 6.505213034913026604E-16 ) ) ;
#3320 = AXIS2_PLACEMENT_3D ( 'NONE', #4188, #1653, #1236 ) ;
#3321 = VERTEX_POINT ( 'NONE', #1571 ) ;
#3322 = EDGE_CURVE ( 'NONE', #4694, #224, #1166, .T. ) ;
#3323 = CARTESIAN_POINT ( 'NONE',  ( 55.00000000000000000, 30.50000000000001421, -2.500000000000000000 ) ) ;
#3324 = PLANE ( 'NONE',  #3642 ) ;
#3325 = ORIENTED_EDGE ( 'NONE', *, *, #3348, .T. ) ;
#3326 = EDGE_LOOP ( 'NONE', ( #4289, #557, #1384, #4874 ) ) ;
#3327 = DIRECTION ( 'NONE',  ( -0.7071067811865472397, 0.000000000000000000, -0.7071067811865479058 ) ) ;
#3328 = CARTESIAN_POINT ( 'NONE',  ( -55.00000000000000000, 25.00000000000000000, -2.500000000000000000 ) ) ;
#3329 = FACE_OUTER_BOUND ( 'NONE', #127, .T. ) ;
#3330 = ORIENTED_EDGE ( 'NONE', *, *, #2439, .F. ) ;
#3331 = DIRECTION ( 'NONE',  ( 1.000000000000000000, 0.000000000000000000, 0.000000000000000000 ) ) ;
#3332 = ORIENTED_EDGE ( 'NONE', *, *, #4321, .F. ) ;
#3333 = DIRECTION ( 'NONE',  ( -0.000000000000000000, -0.000000000000000000, 1.000000000000000000 ) ) ;
#3334 = CARTESIAN_POINT ( 'NONE',  ( 52.50000000000000000, 28.49999999999998579, -24.50000000000000000 ) ) ;
#3335 = DIRECTION ( 'NONE',  ( 1.000000000000000000, 0.000000000000000000, 0.000000000000000000 ) ) ;
#3336 = CARTESIAN_POINT ( 'NONE',  ( -8.000000000000000000, 25.00000000000000000, 2.205663881035650586 ) ) ;
#3337 = CYLINDRICAL_SURFACE ( 'NONE', #2413, 2.000000000000000000 ) ;
#3338 = VERTEX_POINT ( 'NONE', #2965 ) ;
#3339 = LINE ( 'NONE', #2900, #3009 ) ;
#3340 = ORIENTED_EDGE ( 'NONE', *, *, #5023, .F. ) ;
#3341 = ORIENTED_EDGE ( 'NONE', *, *, #1487, .T. ) ;
#3342 = EDGE_CURVE ( 'NONE', #5474, #4486, #2776, .T. ) ;
#3343 = DIRECTION ( 'NONE',  ( -0.000000000000000000, -0.000000000000000000, 1.000000000000000000 ) ) ;
#3344 = DIRECTION ( 'NONE',  ( -1.000000000000000000, 0.000000000000000000, 0.000000000000000000 ) ) ;
#3345 = ORIENTED_EDGE ( 'NONE', *, *, #4834, .F. ) ;
#3346 = ORIENTED_EDGE ( 'NONE', *, *, #326, .T. ) ;
#3347 = DIRECTION ( 'NONE',  ( -0.000000000000000000, -1.882966322632667746E-16, 1.000000000000000000 ) ) ;
#3348 = EDGE_CURVE ( 'NONE', #3633, #3392, #1765, .T. ) ;
#3349 = CARTESIAN_POINT ( 'NONE',  ( -20.50000000000000355, -20.00000000000000000, 0.7499999999999876765 ) ) ;
#3350 = PLANE ( 'NONE',  #2572 ) ;
#3351 = EDGE_CURVE ( 'NONE', #398, #4047, #523, .T. ) ;
#3352 = CARTESIAN_POINT ( 'NONE',  ( -45.49999999999997868, 21.00000000000000000, 3.250000000000015099 ) ) ;
#3353 = ORIENTED_EDGE ( 'NONE', *, *, #2018, .T. ) ;
#3354 = CARTESIAN_POINT ( 'NONE',  ( 29.49999999999998579, 12.99999999999999822, 7.155272026004135957E-15 ) ) ;
#3355 = EDGE_CURVE ( 'NONE', #1586, #325, #18, .T. ) ;
#3356 = PLANE ( 'NONE',  #434 ) ;
#3357 = DIRECTION ( 'NONE',  ( 0.000000000000000000, 0.000000000000000000, -1.000000000000000000 ) ) ;
#3358 = AXIS2_PLACEMENT_3D ( 'NONE', #3349, #2076, #4149 ) ;
#3359 = CARTESIAN_POINT ( 'NONE',  ( -7.922507662116502480, 27.49999999999999645, -7.370856936067196052 ) ) ;
#3361 = VECTOR ( 'NONE', #1643, 1000.000000000000000 ) ;
#3360 = LINE ( 'NONE', #3723, #2491 ) ;
#3362 = VECTOR ( 'NONE', #3508, 1000.000000000000000 ) ;
#3363 = VERTEX_POINT ( 'NONE', #3430 ) ;
#3364 = EDGE_CURVE ( 'NONE', #4965, #2819, #2578, .T. ) ;
#3365 = AXIS2_PLACEMENT_3D ( 'NONE', #3514, #5207, #4019 ) ;
#3366 = ORIENTED_EDGE ( 'NONE', *, *, #3411, .T. ) ;
#3367 = PLANE ( 'NONE',  #3608 ) ;
#3368 = MECHANICAL_DESIGN_GEOMETRIC_PRESENTATION_REPRESENTATION (  '', ( #1329 ), #5228 ) ;
#3369 = CARTESIAN_POINT ( 'NONE',  ( -8.000000000000000000, 31.01213974604118917, -20.23194711339421303 ) ) ;
#3370 = LINE ( 'NONE', #5452, #190 ) ;
#3371 = ORIENTED_EDGE ( 'NONE', *, *, #1548, .T. ) ;
#3372 = AXIS2_PLACEMENT_3D ( 'NONE', #1274, #882, #1830 ) ;
#3373 = LINE ( 'NONE', #40, #1958 ) ;
#3374 = VECTOR ( 'NONE', #3206, 1000.000000000000000 ) ;
#3375 = VERTEX_POINT ( 'NONE', #4760 ) ;
#3376 = ORIENTED_EDGE ( 'NONE', *, *, #3730, .F. ) ;
#3377 = VECTOR ( 'NONE', #785, 1000.000000000000000 ) ;
#3378 = DIRECTION ( 'NONE',  ( 0.000000000000000000, 0.000000000000000000, -1.000000000000000000 ) ) ;
#3379 = AXIS2_PLACEMENT_3D ( 'NONE', #5189, #79, #4803 ) ;
#3380 = VECTOR ( 'NONE', #2557, 1000.000000000000000 ) ;
#3381 = CARTESIAN_POINT ( 'NONE',  ( 55.00000000000000000, 30.50000000000001421, -22.00000000000000355 ) ) ;
#3382 = ORIENTED_EDGE ( 'NONE', *, *, #1469, .T. ) ;
#3383 = CARTESIAN_POINT ( 'NONE',  ( 45.49999999999998579, 13.00000000000000000, 4.000000000000002665 ) ) ;
#3384 = EDGE_CURVE ( 'NONE', #3392, #1016, #4678, .T. ) ;
#3385 = VECTOR ( 'NONE', #5123, 1000.000000000000114 ) ;
#3386 = DIRECTION ( 'NONE',  ( 0.000000000000000000, 0.000000000000000000, -1.000000000000000000 ) ) ;
#3387 = LINE ( 'NONE', #473, #3897 ) ;
#3388 = DIRECTION ( 'NONE',  ( 1.000000000000000000, 0.000000000000000000, 0.000000000000000000 ) ) ;
#3389 = AXIS2_PLACEMENT_3D ( 'NONE', #4907, #5321, #1105 ) ;
#3390 = CARTESIAN_POINT ( 'NONE',  ( -14.00000000000000178, 22.50000000000000355, 6.000000000000005329 ) ) ;
#3391 = CARTESIAN_POINT ( 'NONE',  ( 45.49999999999997868, 21.00000000000000000, 0.7499999999999954481 ) ) ;
#3392 = VERTEX_POINT ( 'NONE', #907 ) ;
#3393 =( NAMED_UNIT ( * ) PLANE_ANGLE_UNIT ( ) SI_UNIT ( $, .RADIAN. ) );
#3394 = AXIS2_PLACEMENT_3D ( 'NONE', #3886, #1247, #1328 ) ;
#3395 = EDGE_CURVE ( 'NONE', #2266, #1698, #1799, .T. ) ;
#3396 = DIRECTION ( 'NONE',  ( -0.000000000000000000, -0.000000000000000000, 1.000000000000000000 ) ) ;
#3397 = FACE_OUTER_BOUND ( 'NONE', #3823, .T. ) ;
#3398 = LINE ( 'NONE', #5088, #1598 ) ;
#3399 = VERTEX_POINT ( 'NONE', #4266 ) ;
#3400 = EDGE_CURVE ( 'NONE', #3399, #4694, #1089, .T. ) ;
#3401 = CARTESIAN_POINT ( 'NONE',  ( 29.50000000000000355, 21.75000000000000355, 8.802867558307720444E-15 ) ) ;
#3402 = ORIENTED_EDGE ( 'NONE', *, *, #1838, .T. ) ;
#3403 = CARTESIAN_POINT ( 'NONE',  ( 15.50000000000000533, -20.00000000000000000, 0.7499999999999876765 ) ) ;
#3404 = DIRECTION ( 'NONE',  ( 0.000000000000000000, -0.7071067811865541231, 0.7071067811865409114 ) ) ;
#3405 = CARTESIAN_POINT ( 'NONE',  ( 45.99999999999999289, 27.50000000000000000, -22.00000000000000711 ) ) ;
#3406 = ORIENTED_EDGE ( 'NONE', *, *, #4971, .F. ) ;
#3407 = CYLINDRICAL_SURFACE ( 'NONE', #5432, 1.500000000000001332 ) ;
#3408 = CARTESIAN_POINT ( 'NONE',  ( -18.00000000000000711, 20.00000000000000000, 3.000000000000004441 ) ) ;
#3409 = CARTESIAN_POINT ( 'NONE',  ( -8.010974909420152557, 25.00000000000000355, 2.239483456044260912 ) ) ;
#3410 = EDGE_CURVE ( 'NONE', #2433, #385, #848, .T. ) ;
#3411 = EDGE_CURVE ( 'NONE', #4670, #4934, #4025, .T. ) ;
#3412 = DIRECTION ( 'NONE',  ( 0.000000000000000000, -1.000000000000000000, 1.734723475976807341E-16 ) ) ;
#3413 = PLANE ( 'NONE',  #3735 ) ;
#3414 = VERTEX_POINT ( 'NONE', #2609 ) ;
#3415 = CARTESIAN_POINT ( 'NONE',  ( 21.25000000000000355, -20.00000000000000000, 9.414831613163342183E-16 ) ) ;
#3416 = ORIENTED_EDGE ( 'NONE', *, *, #1306, .T. ) ;
#3417 = ORIENTED_EDGE ( 'NONE', *, *, #367, .T. ) ;
#3418 = EDGE_CURVE ( 'NONE', #770, #887, #1831, .T. ) ;
#3419 = LINE ( 'NONE', #5, #144 ) ;
#3420 = EDGE_LOOP ( 'NONE', ( #2952, #549, #4045, #5404 ) ) ;
#3421 = DIRECTION ( 'NONE',  ( 1.000000000000000000, 0.000000000000000000, 0.000000000000000000 ) ) ;
#3422 = ADVANCED_FACE ( 'NONE', ( #2246 ), #44, .T. ) ;
#3423 = FACE_OUTER_BOUND ( 'NONE', #3181, .T. ) ;
#3424 = ORIENTED_EDGE ( 'NONE', *, *, #5137, .T. ) ;
#3425 = VERTEX_POINT ( 'NONE', #1740 ) ;
#3426 = LINE ( 'NONE', #2122, #529 ) ;
#3427 = ORIENTED_EDGE ( 'NONE', *, *, #402, .F. ) ;
#3428 = CARTESIAN_POINT ( 'NONE',  ( 9.750000000000001776, 24.80681483474220883, 9.163626500152989962 ) ) ;
#3429 = CARTESIAN_POINT ( 'NONE',  ( 52.50000000000000000, 27.50000000000000000, -23.50000000000001066 ) ) ;
#3430 = CARTESIAN_POINT ( 'NONE',  ( -15.50000000000000533, 20.00000000000000000, 3.000000000000004441 ) ) ;
#3431 = VERTEX_POINT ( 'NONE', #3016 ) ;
#3432 = CARTESIAN_POINT ( 'NONE',  ( -26.74999999999998579, 13.00000000000001066, 7.155272026004139112E-15 ) ) ;
#3433 = CARTESIAN_POINT ( 'NONE',  ( -26.42331416492100260, 25.00000000000000000, 9.215390309173487893 ) ) ;
#3434 = CARTESIAN_POINT ( 'NONE',  ( -26.74999999999998579, 18.99999999999998934, 8.285051819583735125E-15 ) ) ;
#3435 = CARTESIAN_POINT ( 'NONE',  ( -15.50000000000000533, -20.00000000000000000, -5.999999999999994671 ) ) ;
#3436 = EDGE_CURVE ( 'NONE', #1485, #4670, #4292, .T. ) ;
#3437 = DIRECTION ( 'NONE',  ( -0.000000000000000000, 0.7071067811865512365, 0.7071067811865439090 ) ) ;
#3438 = FACE_BOUND ( 'NONE', #2648, .T. ) ;
#3439 = ORIENTED_EDGE ( 'NONE', *, *, #633, .T. ) ;
#3440 = DIRECTION ( 'NONE',  ( -0.000000000000000000, 0.2588190451025218497, -0.9659258262890680902 ) ) ;
#3441 = AXIS2_PLACEMENT_3D ( 'NONE', #2407, #5031, #4617 ) ;
#3442 = DIRECTION ( 'NONE',  ( -0.000000000000000000, 0.2588190451025216832, -0.9659258262890680902 ) ) ;
#3443 = CARTESIAN_POINT ( 'NONE',  ( -55.00000000000000000, 30.50000000000001421, -24.50000000000000000 ) ) ;
#3444 = EDGE_CURVE ( 'NONE', #664, #1956, #3047, .T. ) ;
#3445 = CARTESIAN_POINT ( 'NONE',  ( -55.00000000000000000, 30.50000000000002842, -22.00000000000000355 ) ) ;
#3446 = CARTESIAN_POINT ( 'NONE',  ( 8.000000000000023093, 24.99999999999999289, -2.500000000000001776 ) ) ;
#3447 = CIRCLE ( 'NONE', #1326, 2.000000000000000000 ) ;
#3448 = AXIS2_PLACEMENT_3D ( 'NONE', #5462, #438, #416 ) ;
#3449 = ORIENTED_EDGE ( 'NONE', *, *, #2237, .T. ) ;
#3450 = ORIENTED_EDGE ( 'NONE', *, *, #1527, .F. ) ;
#3451 = EDGE_CURVE ( 'NONE', #3431, #705, #933, .T. ) ;
#3452 = FACE_OUTER_BOUND ( 'NONE', #255, .T. ) ;
#3453 = AXIS2_PLACEMENT_3D ( 'NONE', #2838, #3671, #5415 ) ;
#3454 = ORIENTED_EDGE ( 'NONE', *, *, #3518, .F. ) ;
#3455 = FACE_OUTER_BOUND ( 'NONE', #5217, .T. ) ;
#3456 = FACE_OUTER_BOUND ( 'NONE', #2874, .T. ) ;
#3457 = CIRCLE ( 'NONE', #1065, 3.800000000000007372 ) ;
#3458 = EDGE_CURVE ( 'NONE', #4457, #1345, #105, .T. ) ;
#3459 = CARTESIAN_POINT ( 'NONE',  ( -29.50000000000000355, 21.00000000000000000, -5.999999999999994671 ) ) ;
#3460 = AXIS2_PLACEMENT_3D ( 'NONE', #2650, #1732, #3479 ) ;
#3461 = ORIENTED_EDGE ( 'NONE', *, *, #3410, .F. ) ;
#3462 = CARTESIAN_POINT ( 'NONE',  ( 45.49999999999997868, 21.00000000000000000, 0.7499999999999954481 ) ) ;
#3463 = DIRECTION ( 'NONE',  ( -0.7071067811865537900, 6.542051911182449176E-15, 0.7071067811865412445 ) ) ;
#3464 = DIRECTION ( 'NONE',  ( 0.000000000000000000, 1.000000000000000000, -1.734723475976807341E-16 ) ) ;
#3465 = AXIS2_PLACEMENT_3D ( 'NONE', #4088, #2399, #1902 ) ;
#3466 = DIRECTION ( 'NONE',  ( 0.000000000000000000, -1.734723475976807341E-16, -1.000000000000000000 ) ) ;
#3467 = VECTOR ( 'NONE', #21, 999.9999999999998863 ) ;
#3468 = DIRECTION ( 'NONE',  ( 0.000000000000000000, 1.882966322632667746E-16, -1.000000000000000000 ) ) ;
#3469 = CARTESIAN_POINT ( 'NONE',  ( 15.50000000000000533, -20.00000000000000000, 3.000000000000011546 ) ) ;
#3470 = EDGE_LOOP ( 'NONE', ( #1512, #436, #2372, #3952 ) ) ;
#3471 = CARTESIAN_POINT ( 'NONE',  ( 8.000000000000008882, 27.49999999999999645, -7.124463137886515973 ) ) ;
#3472 = AXIS2_PLACEMENT_3D ( 'NONE', #3383, #4966, #4212 ) ;
#3473 = VECTOR ( 'NONE', #1322, 1000.000000000000114 ) ;
#3474 = CARTESIAN_POINT ( 'NONE',  ( -45.49999999999997158, 11.00000000000000000, 0.7499999999999937828 ) ) ;
#3475 = VECTOR ( 'NONE', #4181, 1000.000000000000000 ) ;
#3476 = CARTESIAN_POINT ( 'NONE',  ( -11.50000000000000178, 25.00000000000000000, 9.215390309173487893 ) ) ;
#3477 = DIRECTION ( 'NONE',  ( -0.000000000000000000, -0.000000000000000000, 1.000000000000000000 ) ) ;
#3478 = DIRECTION ( 'NONE',  ( -1.000000000000000000, 0.000000000000000000, 0.000000000000000000 ) ) ;
#3479 = DIRECTION ( 'NONE',  ( 0.000000000000000000, 1.000000000000000000, 1.882966322632667746E-16 ) ) ;
#3480 = EDGE_LOOP ( 'NONE', ( #5353, #354, #2972, #1537 ) ) ;
#3481 = EDGE_LOOP ( 'NONE', ( #3736, #2471, #985, #1929, #3265 ) ) ;
#3482 = EDGE_CURVE ( 'NONE', #3414, #2716, #5073, .T. ) ;
#3483 = CARTESIAN_POINT ( 'NONE',  ( -9.749999999999998224, 19.06574433402355950, 15.90752073907594699 ) ) ;
#3484 = ORIENTED_EDGE ( 'NONE', *, *, #2846, .F. ) ;
#3485 = AXIS2_PLACEMENT_3D ( 'NONE', #3197, #1974, #2389 ) ;
#3486 = DIRECTION ( 'NONE',  ( 0.7071067811865417996, 1.331458255479466960E-16, -0.7071067811865533459 ) ) ;
#3487 = DIRECTION ( 'NONE',  ( 1.000000000000000000, 1.084202172485506529E-16, 2.041516177715383523E-32 ) ) ;
#3488 = ADVANCED_FACE ( 'NONE', ( #1934 ), #3189, .T. ) ;
#3489 = VECTOR ( 'NONE', #4937, 1000.000000000000114 ) ;
#3490 = CARTESIAN_POINT ( 'NONE',  ( 7.922507662116513139, 27.49999999999999645, -7.370856936067196052 ) ) ;
#3491 = VERTEX_POINT ( 'NONE', #160 ) ;
#3492 = CARTESIAN_POINT ( 'NONE',  ( -6.853890223922386227, 23.56244537580346687, 1.045245757169184306E-14 ) ) ;
#3493 = CARTESIAN_POINT ( 'NONE',  ( 26.74999999999998934, 13.00000000000001599, 7.155272026004139112E-15 ) ) ;
#3494 = DIRECTION ( 'NONE',  ( 1.000000000000000000, 0.000000000000000000, 0.000000000000000000 ) ) ;
#3495 = DIRECTION ( 'NONE',  ( 0.7071067811865539010, 0.000000000000000000, -0.7071067811865411334 ) ) ;
#3496 = DIRECTION ( 'NONE',  ( 1.000000000000000000, 0.000000000000000000, 0.000000000000000000 ) ) ;
#3497 = EDGE_LOOP ( 'NONE', ( #632, #5208, #3925, #1758 ) ) ;
#3498 = DIRECTION ( 'NONE',  ( 0.000000000000000000, 0.000000000000000000, -1.000000000000000000 ) ) ;
#3499 = FACE_OUTER_BOUND ( 'NONE', #2221, .T. ) ;
#3500 = LINE ( 'NONE', #3885, #4174 ) ;
#3501 = CARTESIAN_POINT ( 'NONE',  ( -29.50000000000000355, 10.99999999999999822, -5.999999999999994671 ) ) ;
#3502 = ORIENTED_EDGE ( 'NONE', *, *, #3700, .T. ) ;
#3503 = LINE ( 'NONE', #5197, #4708 ) ;
#3504 = DIRECTION ( 'NONE',  ( 0.000000000000000000, 1.000000000000000000, 1.882966322632667746E-16 ) ) ;
#3505 = DIRECTION ( 'NONE',  ( -0.7071067811865541231, 1.635512977795612886E-15, 0.7071067811865409114 ) ) ;
#3506 = VERTEX_POINT ( 'NONE', #2803 ) ;
#3507 = ORIENTED_EDGE ( 'NONE', *, *, #2051, .T. ) ;
#3508 = DIRECTION ( 'NONE',  ( 0.000000000000000000, 0.000000000000000000, -1.000000000000000000 ) ) ;
#3509 = EDGE_CURVE ( 'NONE', #2728, #5310, #1538, .T. ) ;
#3510 = VERTEX_POINT ( 'NONE', #1913 ) ;
#3511 = DIRECTION ( 'NONE',  ( 1.000000000000000000, 0.000000000000000000, 0.000000000000000000 ) ) ;
#3512 = CARTESIAN_POINT ( 'NONE',  ( -45.49999999999997868, 21.75000000000000711, 4.000000000000001776 ) ) ;
#3513 = EDGE_CURVE ( 'NONE', #2360, #4036, #3988, .T. ) ;
#3514 = CARTESIAN_POINT ( 'NONE',  ( 55.00000000000000000, 25.00000000000000000, -2.500000000000000000 ) ) ;
#3515 = ORIENTED_EDGE ( 'NONE', *, *, #2161, .T. ) ;
#3516 = CARTESIAN_POINT ( 'NONE',  ( -9.749999999999998224, 19.06574433402355950, 15.90752073907594699 ) ) ;
#3517 = DIRECTION ( 'NONE',  ( 0.000000000000000000, -0.2588190451025218497, 0.9659258262890680902 ) ) ;
#3518 = EDGE_CURVE ( 'NONE', #3928, #4335, #5319, .T. ) ;
#3519 = FACE_OUTER_BOUND ( 'NONE', #3948, .T. ) ;
#3520 = ADVANCED_FACE ( 'NONE', ( #4873 ), #3139, .T. ) ;
#3521 = CARTESIAN_POINT ( 'NONE',  ( 54.00000000000001421, 25.00000000000000000, 9.414831613163337449E-15 ) ) ;
#3522 = CARTESIAN_POINT ( 'NONE',  ( -27.49999999999998579, 13.00000000000001066, -5.999999999999994671 ) ) ;
#3523 = PLANE ( 'NONE',  #3807 ) ;
#3524 = ORIENTED_EDGE ( 'NONE', *, *, #3691, .T. ) ;
#3525 = EDGE_CURVE ( 'NONE', #2700, #4342, #1044, .T. ) ;
#3527 = VECTOR ( 'NONE', #5323, 999.9999999999998863 ) ;
#3526 = LINE ( 'NONE', #1925, #2583 ) ;
#3528 = DIRECTION ( 'NONE',  ( 0.000000000000000000, 0.000000000000000000, 1.000000000000000000 ) ) ;
#3529 = ORIENTED_EDGE ( 'NONE', *, *, #4264, .F. ) ;
#3530 = CYLINDRICAL_SURFACE ( 'NONE', #1499, 2.000000000000001776 ) ;
#3531 = PLANE ( 'NONE',  #1511 ) ;
#3532 = ORIENTED_EDGE ( 'NONE', *, *, #3078, .T. ) ;
#3533 = ORIENTED_EDGE ( 'NONE', *, *, #2853, .F. ) ;
#3534 = CARTESIAN_POINT ( 'NONE',  ( 47.49999999999995737, -23.50000000000000000, -24.50000000000000000 ) ) ;
#3535 = ORIENTED_EDGE ( 'NONE', *, *, #396, .T. ) ;
#3536 = CARTESIAN_POINT ( 'NONE',  ( -48.24999999999998579, 13.00000000000001066, 4.000000000000002665 ) ) ;
#3537 = AXIS2_PLACEMENT_3D ( 'NONE', #3408, #4136, #5021 ) ;
#3538 = CARTESIAN_POINT ( 'NONE',  ( 22.70885981545882260, -15.00000000000000178, 4.000000000000005329 ) ) ;
#3539 = AXIS2_PLACEMENT_3D ( 'NONE', #189, #1825, #5267 ) ;
#3540 = VECTOR ( 'NONE', #1731, 1000.000000000000114 ) ;
#3541 = AXIS2_PLACEMENT_3D ( 'NONE', #1077, #3628, #4077 ) ;
#3542 = FACE_OUTER_BOUND ( 'NONE', #1724, .T. ) ;
#3543 = VERTEX_POINT ( 'NONE', #635 ) ;
#3544 = LINE ( 'NONE', #4468, #2147 ) ;
#3545 = FACE_OUTER_BOUND ( 'NONE', #2173, .T. ) ;
#3546 = AXIS2_PLACEMENT_3D ( 'NONE', #809, #2513, #1665 ) ;
#3547 = EDGE_CURVE ( 'NONE', #4864, #456, #4905, .T. ) ;
#3548 = ORIENTED_EDGE ( 'NONE', *, *, #1542, .F. ) ;
#3549 = CARTESIAN_POINT ( 'NONE',  ( -9.749999999999998224, 21.77033664763294851, 16.63221406536300861 ) ) ;
#3550 = VERTEX_POINT ( 'NONE', #4409 ) ;
#3551 = LINE ( 'NONE', #1492, #2937 ) ;
#3552 = VECTOR ( 'NONE', #5445, 1000.000000000000114 ) ;
#3553 = PLANE ( 'NONE',  #4691 ) ;
#3554 = CONICAL_SURFACE ( 'NONE', #1164, 5.500000000000013323, 0.7853981633974410625 ) ;
#3555 = ORIENTED_EDGE ( 'NONE', *, *, #579, .F. ) ;
#3556 = CIRCLE ( 'NONE', #4265, 2.750000000000002665 ) ;
#3557 = DIRECTION ( 'NONE',  ( 0.5773502691896297279, -0.5773502691896237327, -0.5773502691896237327 ) ) ;
#3558 = CARTESIAN_POINT ( 'NONE',  ( -20.50000000000000355, -20.00000000000000000, 3.000000000000011546 ) ) ;
#3559 = ORIENTED_EDGE ( 'NONE', *, *, #1910, .T. ) ;
#3560 = CARTESIAN_POINT ( 'NONE',  ( -47.50000000000000000, 30.50000000000002842, -22.00000000000000355 ) ) ;
#3561 = DIRECTION ( 'NONE',  ( 0.000000000000000000, 0.000000000000000000, -1.000000000000000000 ) ) ;
#3562 = ORIENTED_EDGE ( 'NONE', *, *, #2446, .F. ) ;
#3563 = AXIS2_PLACEMENT_3D ( 'NONE', #2383, #4519, #192 ) ;
#3564 = LINE ( 'NONE', #953, #3100 ) ;
#3565 = ORIENTED_EDGE ( 'NONE', *, *, #1712, .F. ) ;
#3566 = DIRECTION ( 'NONE',  ( 1.000000000000000000, 0.000000000000000000, 0.000000000000000000 ) ) ;
#3567 = CARTESIAN_POINT ( 'NONE',  ( 55.00000000000000000, 25.00000000000000000, -2.500000000000000000 ) ) ;
#3568 = EDGE_CURVE ( 'NONE', #4844, #1232, #218, .T. ) ;
#3569 = VECTOR ( 'NONE', #5394, 1000.000000000000000 ) ;
#3570 = ORIENTED_EDGE ( 'NONE', *, *, #4509, .T. ) ;
#3571 = DIRECTION ( 'NONE',  ( 0.000000000000000000, 0.000000000000000000, -1.000000000000000000 ) ) ;
#3572 = ORIENTED_EDGE ( 'NONE', *, *, #4911, .F. ) ;
#3573 = CARTESIAN_POINT ( 'NONE',  ( -45.99999999999999289, 28.49999999999998934, -8.500000000000000000 ) ) ;
#3574 = ORIENTED_EDGE ( 'NONE', *, *, #3958, .T. ) ;
#3575 = LINE ( 'NONE', #3167, #2212 ) ;
#3576 = CIRCLE ( 'NONE', #3320, 2.000000000000001776 ) ;
#3577 = EDGE_LOOP ( 'NONE', ( #5400, #3773, #3484, #3599 ) ) ;
#3578 = CARTESIAN_POINT ( 'NONE',  ( -15.50000000000000711, 20.00000000000000000, 0.7499999999999954481 ) ) ;
#3579 = VERTEX_POINT ( 'NONE', #1103 ) ;
#3580 = DIRECTION ( 'NONE',  ( 0.000000000000000000, -0.000000000000000000, 1.000000000000000000 ) ) ;
#3581 = EDGE_CURVE ( 'NONE', #717, #4317, #4793, .T. ) ;
#3582 = DIRECTION ( 'NONE',  ( -3.351228413831871846E-15, 1.000000000000000000, 0.000000000000000000 ) ) ;
#3583 = EDGE_CURVE ( 'NONE', #4343, #2324, #5262, .T. ) ;
#3584 = VERTEX_POINT ( 'NONE', #243 ) ;
#3585 = LINE ( 'NONE', #1470, #4446 ) ;
#3586 = EDGE_CURVE ( 'NONE', #4812, #4908, #5234, .T. ) ;
#3587 = EDGE_LOOP ( 'NONE', ( #5393, #516, #1315, #2421 ) ) ;
#3588 = CARTESIAN_POINT ( 'NONE',  ( -15.50000000000000533, -20.00000000000000000, 3.000000000000011546 ) ) ;
#3589 = EDGE_CURVE ( 'NONE', #3733, #660, #4434, .T. ) ;
#3590 = EDGE_LOOP ( 'NONE', ( #2527, #3649, #1471, #2628, #4074 ) ) ;
#3591 = PLANE ( 'NONE',  #4332 ) ;
#3592 = ADVANCED_FACE ( 'NONE', ( #3623 ), #2380, .T. ) ;
#3593 = ORIENTED_EDGE ( 'NONE', *, *, #4004, .F. ) ;
#3594 = CARTESIAN_POINT ( 'NONE',  ( 9.750000000000001776, 20.51463307345716203, 16.29574930672972854 ) ) ;
#3595 = DIRECTION ( 'NONE',  ( 1.000000000000000000, -0.000000000000000000, -0.000000000000000000 ) ) ;
#3596 = ORIENTED_EDGE ( 'NONE', *, *, #3801, .F. ) ;
#3597 = CARTESIAN_POINT ( 'NONE',  ( 45.49999999999999289, 19.00000000000000355, 4.000000000000001776 ) ) ;
#3598 = ADVANCED_FACE ( 'NONE', ( #3163 ), #2330, .F. ) ;
#3599 = ORIENTED_EDGE ( 'NONE', *, *, #1955, .T. ) ;
#3600 = LINE ( 'NONE', #1432, #3830 ) ;
#3601 = ORIENTED_EDGE ( 'NONE', *, *, #1898, .T. ) ;
#3602 = CARTESIAN_POINT ( 'NONE',  ( -54.00000000000002842, 25.00000000000000000, 4.000000000000000888 ) ) ;
#3603 = ORIENTED_EDGE ( 'NONE', *, *, #795, .F. ) ;
#3604 = DIRECTION ( 'NONE',  ( -0.000000000000000000, 1.000000000000000000, -0.000000000000000000 ) ) ;
#3605 = EDGE_LOOP ( 'NONE', ( #2121, #686, #1150, #281, #4543, #496, #3417, #408 ) ) ;
#3606 = FACE_OUTER_BOUND ( 'NONE', #1516, .T. ) ;
#3607 = FACE_OUTER_BOUND ( 'NONE', #709, .T. ) ;
#3608 = AXIS2_PLACEMENT_3D ( 'NONE', #2114, #1989, #2999 ) ;
#3609 = LINE ( 'NONE', #4001, #4968 ) ;
#3610 = ORIENTED_EDGE ( 'NONE', *, *, #1553, .T. ) ;
#3611 = CARTESIAN_POINT ( 'NONE',  ( -45.49999999999998579, 13.00000000000000000, 0.7499999999999937828 ) ) ;
#3612 = ORIENTED_EDGE ( 'NONE', *, *, #1368, .T. ) ;
#3613 = DIRECTION ( 'NONE',  ( -0.000000000000000000, -0.000000000000000000, 1.000000000000000000 ) ) ;
#3614 = EDGE_LOOP ( 'NONE', ( #1862, #1645, #153, #817 ) ) ;
#3615 = EDGE_CURVE ( 'NONE', #5005, #3056, #2396, .T. ) ;
#3616 = ORIENTED_EDGE ( 'NONE', *, *, #805, .T. ) ;
#3617 = DIRECTION ( 'NONE',  ( 0.000000000000000000, 1.882966322632667746E-16, -1.000000000000000000 ) ) ;
#3618 = DIRECTION ( 'NONE',  ( 0.000000000000000000, 0.000000000000000000, 1.000000000000000000 ) ) ;
#3619 = CIRCLE ( 'NONE', #2113, 1.500000000000029088 ) ;
#3620 = ORIENTED_EDGE ( 'NONE', *, *, #1009, .T. ) ;
#3621 = EDGE_CURVE ( 'NONE', #4725, #1964, #4959, .T. ) ;
#3622 = VECTOR ( 'NONE', #2820, 999.9999999999998863 ) ;
#3624 = AXIS2_PLACEMENT_3D ( 'NONE', #3180, #1820, #2692 ) ;
#3623 = FACE_OUTER_BOUND ( 'NONE', #1417, .T. ) ;
#3625 = ORIENTED_EDGE ( 'NONE', *, *, #1962, .T. ) ;
#3626 = DIRECTION ( 'NONE',  ( 0.000000000000000000, -1.000000000000000000, -0.000000000000000000 ) ) ;
#3627 = ORIENTED_EDGE ( 'NONE', *, *, #2896, .T. ) ;
#3628 = DIRECTION ( 'NONE',  ( 0.000000000000000000, 0.000000000000000000, -1.000000000000000000 ) ) ;
#3629 = CIRCLE ( 'NONE', #4962, 2.749999999999999112 ) ;
#3630 = ADVANCED_FACE ( 'NONE', ( #3542 ), #5061, .T. ) ;
#3631 = ORIENTED_EDGE ( 'NONE', *, *, #4228, .F. ) ;
#3632 = CARTESIAN_POINT ( 'NONE',  ( -26.42331416492100260, 25.00000000000000000, 9.215390309173487893 ) ) ;
#3633 = VERTEX_POINT ( 'NONE', #4545 ) ;
#3635 = AXIS2_PLACEMENT_3D ( 'NONE', #340, #4941, #1978 ) ;
#3634 = DIRECTION ( 'NONE',  ( 0.7071067811865427988, 1.331458255479464988E-16, -0.7071067811865523467 ) ) ;
#3636 = CARTESIAN_POINT ( 'NONE',  ( 47.49999999999999289, 31.50000000000000000, -22.00000000000000711 ) ) ;
#3637 = CYLINDRICAL_SURFACE ( 'NONE', #4528, 2.800000000000004263 ) ;
#3638 = EDGE_CURVE ( 'NONE', #3960, #524, #4754, .T. ) ;
#3639 = ORIENTED_EDGE ( 'NONE', *, *, #4980, .F. ) ;
#3640 = VECTOR ( 'NONE', #13, 1000.000000000000000 ) ;
#3641 = LINE ( 'NONE', #5300, #802 ) ;
#3642 = AXIS2_PLACEMENT_3D ( 'NONE', #324, #1153, #5398 ) ;
#3643 = ORIENTED_EDGE ( 'NONE', *, *, #2876, .T. ) ;
#3644 = PLANE ( 'NONE',  #4689 ) ;
#3645 = CIRCLE ( 'NONE', #5424, 1.500000000000000444 ) ;
#3646 = ORIENTED_EDGE ( 'NONE', *, *, #2885, .F. ) ;
#3647 = VECTOR ( 'NONE', #1380, 1000.000000000000114 ) ;
#3648 = AXIS2_PLACEMENT_3D ( 'NONE', #5386, #1944, #4529 ) ;
#3649 = ORIENTED_EDGE ( 'NONE', *, *, #4667, .T. ) ;
#3650 = ADVANCED_FACE ( 'NONE', ( #32, #4645 ), #3367, .T. ) ;
#3651 = DIRECTION ( 'NONE',  ( -0.000000000000000000, 1.000000000000000000, -0.000000000000000000 ) ) ;
#3652 = VECTOR ( 'NONE', #2889, 1000.000000000000000 ) ;
#3653 = FACE_OUTER_BOUND ( 'NONE', #3310, .T. ) ;
#3654 = ORIENTED_EDGE ( 'NONE', *, *, #5218, .T. ) ;
#3655 = EDGE_CURVE ( 'NONE', #604, #4812, #2403, .T. ) ;
#3656 = VECTOR ( 'NONE', #923, 1000.000000000000000 ) ;
#3657 = ORIENTED_EDGE ( 'NONE', *, *, #4637, .T. ) ;
#3658 = LINE ( 'NONE', #1701, #2897 ) ;
#3659 = VECTOR ( 'NONE', #3604, 1000.000000000000000 ) ;
#3660 = ORIENTED_EDGE ( 'NONE', *, *, #2622, .T. ) ;
#3661 = DIRECTION ( 'NONE',  ( 2.739037067331795299E-15, -0.9659258262890679791, -0.2588190451025217387 ) ) ;
#3662 = EDGE_LOOP ( 'NONE', ( #3535, #4936, #3639, #2921 ) ) ;
#3663 = DIRECTION ( 'NONE',  ( 0.000000000000000000, 0.000000000000000000, 1.000000000000000000 ) ) ;
#3664 = ORIENTED_EDGE ( 'NONE', *, *, #1794, .T. ) ;
#3665 = DIRECTION ( 'NONE',  ( -1.000000000000000000, 1.623524136776981613E-15, 4.350219813418295278E-16 ) ) ;
#3666 = ORIENTED_EDGE ( 'NONE', *, *, #264, .F. ) ;
#3667 = DIRECTION ( 'NONE',  ( -1.000000000000000000, 0.000000000000000000, 0.000000000000000000 ) ) ;
#3668 = EDGE_CURVE ( 'NONE', #4202, #655, #1156, .T. ) ;
#3669 = FACE_OUTER_BOUND ( 'NONE', #1127, .T. ) ;
#3670 = VECTOR ( 'NONE', #5244, 999.9999999999998863 ) ;
#3671 = DIRECTION ( 'NONE',  ( -1.000000000000000000, 0.000000000000000000, 0.000000000000000000 ) ) ;
#3672 = VECTOR ( 'NONE', #1373, 1000.000000000000000 ) ;
#3673 = DIRECTION ( 'NONE',  ( 0.000000000000000000, 0.000000000000000000, 1.000000000000000000 ) ) ;
#3674 = ORIENTED_EDGE ( 'NONE', *, *, #448, .F. ) ;
#3675 = DIRECTION ( 'NONE',  ( 0.000000000000000000, -0.9659258262890682012, -0.2588190451025214611 ) ) ;
#3676 = ORIENTED_EDGE ( 'NONE', *, *, #2116, .T. ) ;
#3677 = ORIENTED_EDGE ( 'NONE', *, *, #134, .T. ) ;
#3678 = CARTESIAN_POINT ( 'NONE',  ( -11.50000000000000178, 25.00000000000000000, 9.215390309173487893 ) ) ;
#3679 = CARTESIAN_POINT ( 'NONE',  ( 27.49999999999998579, 18.99999999999998934, 0.7499999999999954481 ) ) ;
#3680 = ORIENTED_EDGE ( 'NONE', *, *, #58, .F. ) ;
#3681 = ADVANCED_FACE ( 'NONE', ( #747 ), #422, .T. ) ;
#3682 = CARTESIAN_POINT ( 'NONE',  ( -5.987603248298362324, 20.62120305376064522, 8.042095203608782938 ) ) ;
#3683 = ORIENTED_EDGE ( 'NONE', *, *, #3059, .T. ) ;
#3684 = CARTESIAN_POINT ( 'NONE',  ( 7.001249498915021796, 22.77607596902182863, 6.938893903907228378E-15 ) ) ;
#3685 = ORIENTED_EDGE ( 'NONE', *, *, #448, .T. ) ;
#3686 = CARTESIAN_POINT ( 'NONE',  ( 8.000000000000000000, 27.63745603159102515, -7.637456031591029593 ) ) ;
#3687 = EDGE_CURVE ( 'NONE', #3431, #1570, #3805, .T. ) ;
#3688 = ORIENTED_EDGE ( 'NONE', *, *, #2538, .T. ) ;
#3689 = DIRECTION ( 'NONE',  ( -1.623524136776981613E-15, -1.000000000000000000, 9.675292645052441655E-33 ) ) ;
#3690 = EDGE_LOOP ( 'NONE', ( #2347, #4461, #2641, #260 ) ) ;
#3691 = EDGE_CURVE ( 'NONE', #491, #2033, #4072, .T. ) ;
#3692 = DIRECTION ( 'NONE',  ( 0.000000000000000000, 1.000000000000000000, -1.734723475976807341E-16 ) ) ;
#3693 = CARTESIAN_POINT ( 'NONE',  ( -45.00000000000000000, 30.50000000000002842, -8.500000000000000000 ) ) ;
#3694 = EDGE_CURVE ( 'NONE', #3633, #221, #3419, .T. ) ;
#3695 = LINE ( 'NONE', #291, #3021 ) ;
#3696 = VERTEX_POINT ( 'NONE', #2440 ) ;
#3697 = CARTESIAN_POINT ( 'NONE',  ( -29.49999999999998579, 12.99999999999999822, 0.7499999999999937828 ) ) ;
#3698 = VERTEX_POINT ( 'NONE', #4126 ) ;
#3699 = DIRECTION ( 'NONE',  ( 1.000000000000000000, 0.000000000000000000, 0.000000000000000000 ) ) ;
#3700 = EDGE_CURVE ( 'NONE', #3784, #1611, #1966, .T. ) ;
#3701 = VERTEX_POINT ( 'NONE', #327 ) ;
#3702 = CARTESIAN_POINT ( 'NONE',  ( -29.49999999999998579, 12.99999999999999822, 7.155272026004135957E-15 ) ) ;
#3703 = LINE ( 'NONE', #349, #371 ) ;
#3704 = ORIENTED_EDGE ( 'NONE', *, *, #4637, .F. ) ;
#3705 =( BOUNDED_CURVE ( )  B_SPLINE_CURVE ( 3, ( #2594, #1386, #2646, #4282 ),
 .UNSPECIFIED., .F., .T. ) 
 B_SPLINE_CURVE_WITH_KNOTS ( ( 4, 4 ),
 ( 5.608053774242557132, 5.615574142784812928 ),
 .UNSPECIFIED. ) 
 CURVE ( )  GEOMETRIC_REPRESENTATION_ITEM ( )  RATIONAL_B_SPLINE_CURVE ( ( 1.000000000000000000, 0.9999952870103021585, 0.9999952870103021585, 1.000000000000000000 ) ) 
 REPRESENTATION_ITEM ( '' )  );
#3706 = ORIENTED_EDGE ( 'NONE', *, *, #3918, .T. ) ;
#3707 = DIRECTION ( 'NONE',  ( 0.000000000000000000, 1.000000000000000000, 1.882966322632667253E-16 ) ) ;
#3708 = CIRCLE ( 'NONE', #4421, 2.000000000000001776 ) ;
#3709 = ORIENTED_EDGE ( 'NONE', *, *, #238, .T. ) ;
#3710 = DIRECTION ( 'NONE',  ( 0.7071067811865536790, 0.000000000000000000, 0.7071067811865414665 ) ) ;
#3711 = VECTOR ( 'NONE', #4692, 1000.000000000000000 ) ;
#3712 = ORIENTED_EDGE ( 'NONE', *, *, #3177, .F. ) ;
#3713 = CARTESIAN_POINT ( 'NONE',  ( -45.00000000000000000, 31.50000000000000000, -8.500000000000000000 ) ) ;
#3714 = EDGE_LOOP ( 'NONE', ( #1557, #4373, #702, #4753 ) ) ;
#3715 = CARTESIAN_POINT ( 'NONE',  ( -55.00000000000000000, 27.50000000000000000, -23.50000000000000355 ) ) ;
#3716 = CARTESIAN_POINT ( 'NONE',  ( 13.99999999999999822, -24.00000000000001421, 6.000000000000005329 ) ) ;
#3717 = LINE ( 'NONE', #3769, #1226 ) ;
#3718 = VECTOR ( 'NONE', #3266, 1000.000000000000000 ) ;
#3719 = DIRECTION ( 'NONE',  ( 0.000000000000000000, 1.000000000000000000, -1.734723475976807341E-16 ) ) ;
#3720 = VECTOR ( 'NONE', #2767, 1000.000000000000000 ) ;
#3721 = EDGE_CURVE ( 'NONE', #4624, #4590, #3658, .T. ) ;
#3722 = AXIS2_PLACEMENT_3D ( 'NONE', #3560, #4370, #208 ) ;
#3723 = CARTESIAN_POINT ( 'NONE',  ( -15.50000000000000533, 20.00000000000000000, -5.999999999999994671 ) ) ;
#3724 = ORIENTED_EDGE ( 'NONE', *, *, #743, .F. ) ;
#3725 = CARTESIAN_POINT ( 'NONE',  ( -15.50000000000000533, -20.00000000000000000, 0.7499999999999876765 ) ) ;
#3726 = CIRCLE ( 'NONE', #1868, 6.499999999999999112 ) ;
#3727 = VERTEX_POINT ( 'NONE', #5086 ) ;
#3728 = ORIENTED_EDGE ( 'NONE', *, *, #5315, .T. ) ;
#3729 = LINE ( 'NONE', #2094, #1494 ) ;
#3730 = EDGE_CURVE ( 'NONE', #3375, #5385, #2005, .T. ) ;
#3731 = VECTOR ( 'NONE', #653, 1000.000000000000000 ) ;
#3732 = DIRECTION ( 'NONE',  ( 1.000000000000000000, 0.000000000000000000, 0.000000000000000000 ) ) ;
#3733 = VERTEX_POINT ( 'NONE', #3682 ) ;
#3734 = VECTOR ( 'NONE', #1637, 1000.000000000000000 ) ;
#3735 = AXIS2_PLACEMENT_3D ( 'NONE', #78, #140, #476 ) ;
#3736 = ORIENTED_EDGE ( 'NONE', *, *, #4399, .F. ) ;
#3737 = CARTESIAN_POINT ( 'NONE',  ( -47.49999999999999289, 18.99999999999998579, -5.999999999999994671 ) ) ;
#3738 = DIRECTION ( 'NONE',  ( 0.000000000000000000, -1.000000000000000000, 2.478176394252569801E-16 ) ) ;
#3739 = LINE ( 'NONE', #3307, #380 ) ;
#3740 = AXIS2_PLACEMENT_3D ( 'NONE', #572, #4887, #1815 ) ;
#3741 = ORIENTED_EDGE ( 'NONE', *, *, #244, .T. ) ;
#3742 = AXIS2_PLACEMENT_3D ( 'NONE', #2666, #3106, #3961 ) ;
#3743 = DIRECTION ( 'NONE',  ( 1.000000000000000000, 0.000000000000000000, 0.000000000000000000 ) ) ;
#3744 = ORIENTED_EDGE ( 'NONE', *, *, #1608, .T. ) ;
#3745 = DIRECTION ( 'NONE',  ( 1.000000000000000000, 0.000000000000000000, 0.000000000000000000 ) ) ;
#3746 = CARTESIAN_POINT ( 'NONE',  ( 54.00000000000000000, 31.50000000000000000, -2.500000000000000888 ) ) ;
#3747 = DIRECTION ( 'NONE',  ( -1.000000000000000000, 1.623524136776981613E-15, 4.350219813418295278E-16 ) ) ;
#3748 = AXIS2_PLACEMENT_3D ( 'NONE', #1745, #3795, #4659 ) ;
#3749 = ADVANCED_FACE ( 'NONE', ( #2146 ), #2091, .F. ) ;
#3750 = DIRECTION ( 'NONE',  ( 0.000000000000000000, -1.000000000000000000, 1.734723475976807341E-16 ) ) ;
#3751 = ORIENTED_EDGE ( 'NONE', *, *, #5135, .F. ) ;
#3752 = CARTESIAN_POINT ( 'NONE',  ( -52.50000000000000000, 28.49999999999998579, -24.50000000000000000 ) ) ;
#3753 = CIRCLE ( 'NONE', #2520, 2.000000000000001776 ) ;
#3754 = VERTEX_POINT ( 'NONE', #3776 ) ;
#3755 = EDGE_CURVE ( 'NONE', #33, #2354, #1729, .T. ) ;
#3756 = ORIENTED_EDGE ( 'NONE', *, *, #3451, .F. ) ;
#3757 = EDGE_CURVE ( 'NONE', #4342, #1477, #3247, .T. ) ;
#3758 = LINE ( 'NONE', #2487, #2919 ) ;
#3759 = FACE_OUTER_BOUND ( 'NONE', #1340, .T. ) ;
#3760 = EDGE_LOOP ( 'NONE', ( #265, #3145 ) ) ;
#3761 = ORIENTED_EDGE ( 'NONE', *, *, #4853, .F. ) ;
#3762 = DIRECTION ( 'NONE',  ( 1.000000000000000000, 0.000000000000000000, 0.000000000000000000 ) ) ;
#3763 = CARTESIAN_POINT ( 'NONE',  ( -27.49999999999998579, 18.99999999999998934, -5.999999999999994671 ) ) ;
#3764 = CARTESIAN_POINT ( 'NONE',  ( 7.922507662116511362, 27.54726964212196094, -7.547269642121963606 ) ) ;
#3765 = EDGE_CURVE ( 'NONE', #2382, #4317, #4568, .T. ) ;
#3766 = LINE ( 'NONE', #4632, #1797 ) ;
#3767 = ORIENTED_EDGE ( 'NONE', *, *, #680, .T. ) ;
#3768 = FACE_OUTER_BOUND ( 'NONE', #1071, .T. ) ;
#3769 = CARTESIAN_POINT ( 'NONE',  ( -8.000000000000000000, 31.01213974604118917, -20.23194711339421303 ) ) ;
#3770 = CIRCLE ( 'NONE', #188, 2.500000000000003997 ) ;
#3771 = FACE_OUTER_BOUND ( 'NONE', #4877, .T. ) ;
#3772 = DIRECTION ( 'NONE',  ( -0.000000000000000000, -0.000000000000000000, 1.000000000000000000 ) ) ;
#3773 = ORIENTED_EDGE ( 'NONE', *, *, #1619, .T. ) ;
#3774 = SURFACE_STYLE_FILL_AREA ( #2996 ) ;
#3775 = EDGE_LOOP ( 'NONE', ( #2599, #1920, #4090, #1899 ) ) ;
#3776 = CARTESIAN_POINT ( 'NONE',  ( -54.00000000000000711, 25.00000000000000000, 9.414831613163337449E-15 ) ) ;
#3777 = LINE ( 'NONE', #2956, #1971 ) ;
#3778 = CARTESIAN_POINT ( 'NONE',  ( 18.00000000000000711, 20.00000000000000000, 3.000000000000004441 ) ) ;
#3779 = DIRECTION ( 'NONE',  ( 4.350219813418295278E-16, 0.000000000000000000, 1.000000000000000000 ) ) ;
#3780 = EDGE_CURVE ( 'NONE', #3928, #3026, #3770, .T. ) ;
#3781 = EDGE_LOOP ( 'NONE', ( #5164, #3262, #1559, #295 ) ) ;
#3782 = EDGE_CURVE ( 'NONE', #2441, #3928, #4809, .T. ) ;
#3783 = LINE ( 'NONE', #2980, #1405 ) ;
#3784 = VERTEX_POINT ( 'NONE', #3970 ) ;
#3785 = FACE_OUTER_BOUND ( 'NONE', #1388, .T. ) ;
#3786 = DIRECTION ( 'NONE',  ( 0.000000000000000000, -1.000000000000000000, 1.734723475976807341E-16 ) ) ;
#3787 = AXIS2_PLACEMENT_3D ( 'NONE', #716, #5469, #2563 ) ;
#3788 = VECTOR ( 'NONE', #4319, 1000.000000000000000 ) ;
#3789 = DIRECTION ( 'NONE',  ( 6.542051911182448387E-15, -0.7071067811865539010, -0.7071067811865411334 ) ) ;
#3790 = ORIENTED_EDGE ( 'NONE', *, *, #1542, .T. ) ;
#3791 = DIRECTION ( 'NONE',  ( -0.000000000000000000, -0.000000000000000000, 1.000000000000000000 ) ) ;
#3792 = LINE ( 'NONE', #2105, #2502 ) ;
#3793 = DIRECTION ( 'NONE',  ( 0.000000000000000000, 0.000000000000000000, -1.000000000000000000 ) ) ;
#3794 = EDGE_CURVE ( 'NONE', #4343, #655, #3500, .T. ) ;
#3795 = DIRECTION ( 'NONE',  ( -0.000000000000000000, -0.000000000000000000, 1.000000000000000000 ) ) ;
#3797 = CIRCLE ( 'NONE', #4425, 2.749999999999999112 ) ;
#3796 = DIRECTION ( 'NONE',  ( -0.000000000000000000, 0.2588190451025216832, -0.9659258262890680902 ) ) ;
#3798 = VECTOR ( 'NONE', #2714, 1000.000000000000000 ) ;
#3799 = ORIENTED_EDGE ( 'NONE', *, *, #5152, .T. ) ;
#3800 = DIRECTION ( 'NONE',  ( -0.000000000000000000, 0.2588190451025216832, -0.9659258262890680902 ) ) ;
#3801 = EDGE_CURVE ( 'NONE', #1485, #3936, #5136, .T. ) ;
#3802 = ORIENTED_EDGE ( 'NONE', *, *, #5210, .T. ) ;
#3803 = CIRCLE ( 'NONE', #881, 3.800000000000007372 ) ;
#3804 = VECTOR ( 'NONE', #4023, 1000.000000000000000 ) ;
#3805 = LINE ( 'NONE', #2825, #853 ) ;
#3806 = FACE_OUTER_BOUND ( 'NONE', #2620, .T. ) ;
#3807 = AXIS2_PLACEMENT_3D ( 'NONE', #5276, #1835, #3968 ) ;
#3808 = CARTESIAN_POINT ( 'NONE',  ( 9.750000000000001776, 21.13629669484373252, 8.180114128763403158 ) ) ;
#3809 = DIRECTION ( 'NONE',  ( 0.000000000000000000, 0.000000000000000000, -1.000000000000000000 ) ) ;
#3810 = ORIENTED_EDGE ( 'NONE', *, *, #2613, .F. ) ;
#3811 = AXIS2_PLACEMENT_3D ( 'NONE', #5490, #3852, #1689 ) ;
#3812 = DIRECTION ( 'NONE',  ( -0.000000000000000000, 1.000000000000000000, 0.000000000000000000 ) ) ;
#3813 = EDGE_CURVE ( 'NONE', #4486, #1836, #2706, .T. ) ;
#3814 = VECTOR ( 'NONE', #3859, 1000.000000000000114 ) ;
#3815 = EDGE_LOOP ( 'NONE', ( #1094, #1969, #3872, #1819, #2320 ) ) ;
#3816 = CARTESIAN_POINT ( 'NONE',  ( 9.750000000000001776, 20.87747764974120557, 9.146039955052483350 ) ) ;
#3817 = VECTOR ( 'NONE', #1987, 1000.000000000000114 ) ;
#3818 = CARTESIAN_POINT ( 'NONE',  ( -55.00000000000000000, 25.00000000000000000, 9.414831613163337449E-15 ) ) ;
#3819 = EDGE_CURVE ( 'NONE', #4670, #1654, #4392, .T. ) ;
#3820 = AXIS2_PLACEMENT_3D ( 'NONE', #3909, #591, #942 ) ;
#3821 = AXIS2_PLACEMENT_3D ( 'NONE', #3128, #3561, #2263 ) ;
#3822 = DIRECTION ( 'NONE',  ( -0.7071067811865524577, 0.7071067811865426878, 0.000000000000000000 ) ) ;
#3823 = EDGE_LOOP ( 'NONE', ( #3974, #1618, #3186, #1791 ) ) ;
#3824 = DIRECTION ( 'NONE',  ( 0.000000000000000000, -1.000000000000000000, 3.469446951953616161E-16 ) ) ;
#3825 = AXIS2_PLACEMENT_3D ( 'NONE', #72, #469, #558 ) ;
#3826 = DIRECTION ( 'NONE',  ( 0.000000000000000000, -0.9659258262890682012, -0.2588190451025214611 ) ) ;
#3827 = EDGE_CURVE ( 'NONE', #3550, #1810, #975, .T. ) ;
#3828 = DIRECTION ( 'NONE',  ( 1.000000000000000000, 3.351228413831871846E-15, 8.979589471384858469E-16 ) ) ;
#3829 = CARTESIAN_POINT ( 'NONE',  ( -21.25000000000000355, 20.00000000000000000, 8.473348451847003231E-15 ) ) ;
#3830 = VECTOR ( 'NONE', #3626, 1000.000000000000000 ) ;
#3831 = ADVANCED_FACE ( 'NONE', ( #4747 ), #5169, .T. ) ;
#3832 = DIRECTION ( 'NONE',  ( 0.000000000000000000, 0.7071067811865531239, 0.7071067811865420216 ) ) ;
#3833 = EDGE_LOOP ( 'NONE', ( #4828, #2845, #2344, #217 ) ) ;
#3834 = PLANE ( 'NONE',  #92 ) ;
#3835 = VERTEX_POINT ( 'NONE', #4720 ) ;
#3836 = FILL_AREA_STYLE_COLOUR ( '', #715 ) ;
#3837 = CARTESIAN_POINT ( 'NONE',  ( 14.00000000000000000, 23.96446609406726580, 8.937919835343761221 ) ) ;
#3838 = CARTESIAN_POINT ( 'NONE',  ( -9.749999999999998224, 19.06574433402355950, 15.90752073907594699 ) ) ;
#3839 = LINE ( 'NONE', #4647, #280 ) ;
#3840 = ORIENTED_EDGE ( 'NONE', *, *, #3568, .T. ) ;
#3841 = ORIENTED_EDGE ( 'NONE', *, *, #1149, .T. ) ;
#3842 = CARTESIAN_POINT ( 'NONE',  ( -55.00000000000000000, 28.49999999999998579, -24.50000000000000000 ) ) ;
#3843 = ORIENTED_EDGE ( 'NONE', *, *, #4711, .F. ) ;
#3844 = CARTESIAN_POINT ( 'NONE',  ( 29.50000000000000355, 10.99999999999999822, -5.999999999999994671 ) ) ;
#3845 = CARTESIAN_POINT ( 'NONE',  ( -29.50000000000000355, 10.99999999999999822, 0.7499999999999937828 ) ) ;
#3846 = ADVANCED_FACE ( 'NONE', ( #3086 ), #5219, .F. ) ;
#3847 = DIRECTION ( 'NONE',  ( 1.665334536937735757E-14, 0.000000000000000000, -1.000000000000000000 ) ) ;
#3848 = ORIENTED_EDGE ( 'NONE', *, *, #2652, .F. ) ;
#3849 = DIRECTION ( 'NONE',  ( -0.000000000000000000, 1.000000000000000000, -0.000000000000000000 ) ) ;
#3850 = LINE ( 'NONE', #1290, #1079 ) ;
#3851 = FACE_OUTER_BOUND ( 'NONE', #249, .T. ) ;
#3852 = DIRECTION ( 'NONE',  ( 0.000000000000000000, 1.882966322632667746E-16, -1.000000000000000000 ) ) ;
#3853 = EDGE_CURVE ( 'NONE', #1766, #2158, #1444, .T. ) ;
#3854 = FACE_OUTER_BOUND ( 'NONE', #3264, .T. ) ;
#3855 = EDGE_CURVE ( 'NONE', #4592, #4342, #1870, .T. ) ;
#3856 = CARTESIAN_POINT ( 'NONE',  ( 24.20885981545882615, -15.00000000000000178, 1.734723475976807094E-15 ) ) ;
#3857 = DIRECTION ( 'NONE',  ( 1.000000000000000000, -0.000000000000000000, -0.000000000000000000 ) ) ;
#3858 = ORIENTED_EDGE ( 'NONE', *, *, #4479, .T. ) ;
#3859 = DIRECTION ( 'NONE',  ( -0.000000000000000000, 0.2588190451025217942, -0.9659258262890679791 ) ) ;
#3860 = CYLINDRICAL_SURFACE ( 'NONE', #2515, 1.500000000000001332 ) ;
#3861 = PLANE ( 'NONE',  #2687 ) ;
#3862 = LINE ( 'NONE', #1754, #4071 ) ;
#3863 = DIRECTION ( 'NONE',  ( 0.000000000000000000, 0.000000000000000000, 1.000000000000000000 ) ) ;
#3864 = EDGE_CURVE ( 'NONE', #1146, #5092, #3705, .T. ) ;
#3865 = VERTEX_POINT ( 'NONE', #4365 ) ;
#3866 = ORIENTED_EDGE ( 'NONE', *, *, #4804, .F. ) ;
#3867 = CARTESIAN_POINT ( 'NONE',  ( -29.50000000000000355, 10.99999999999999822, 3.250000000000015099 ) ) ;
#3868 = EDGE_LOOP ( 'NONE', ( #1350, #2689, #3312, #1703, #1937 ) ) ;
#3869 = CARTESIAN_POINT ( 'NONE',  ( -52.50000000000000000, -24.00000000000003197, 4.000000000000009770 ) ) ;
#3870 = CARTESIAN_POINT ( 'NONE',  ( 8.000000000000019540, 25.05519818516172492, 1.999661449526489942 ) ) ;
#3871 = CARTESIAN_POINT ( 'NONE',  ( -27.49999999999998579, 18.99999999999998934, 3.250000000000015099 ) ) ;
#3872 = ORIENTED_EDGE ( 'NONE', *, *, #521, .F. ) ;
#3873 = CARTESIAN_POINT ( 'NONE',  ( 27.49999999999998579, 13.00000000000001066, 0.7499999999999945599 ) ) ;
#3874 = CARTESIAN_POINT ( 'NONE',  ( 52.50000000000000000, -22.50000000000000000, 3.000000000000022204 ) ) ;
#3875 = PLANE ( 'NONE',  #543 ) ;
#3876 = CYLINDRICAL_SURFACE ( 'NONE', #3748, 2.499999999999998668 ) ;
#3877 = FACE_OUTER_BOUND ( 'NONE', #4856, .T. ) ;
#3878 = FACE_OUTER_BOUND ( 'NONE', #5343, .T. ) ;
#3879 = ORIENTED_EDGE ( 'NONE', *, *, #1965, .T. ) ;
#3880 = AXIS2_PLACEMENT_3D ( 'NONE', #4730, #1822, #2242 ) ;
#3881 = CARTESIAN_POINT ( 'NONE',  ( -26.42331416492100260, 13.00000000000000178, 6.000000000000002665 ) ) ;
#3882 = ADVANCED_FACE ( 'NONE', ( #569 ), #2169, .F. ) ;
#3883 = AXIS2_PLACEMENT_3D ( 'NONE', #5062, #62, #452 ) ;
#3884 = VECTOR ( 'NONE', #4013, 1000.000000000000000 ) ;
#3885 = CARTESIAN_POINT ( 'NONE',  ( 45.49999999999997158, 21.75000000000000355, 4.000000000000001776 ) ) ;
#3886 = CARTESIAN_POINT ( 'NONE',  ( 55.00000000000000000, 25.00000000000000000, -2.500000000000000000 ) ) ;
#3887 = DIRECTION ( 'NONE',  ( 0.000000000000000000, 0.000000000000000000, -1.000000000000000000 ) ) ;
#3888 = LINE ( 'NONE', #91, #4262 ) ;
#3889 = CIRCLE ( 'NONE', #2311, 2.000000000000001776 ) ;
#3890 = AXIS2_PLACEMENT_3D ( 'NONE', #4556, #3793, #5076 ) ;
#3891 = EDGE_LOOP ( 'NONE', ( #3085, #4903, #1544, #2534 ) ) ;
#3892 = ORIENTED_EDGE ( 'NONE', *, *, #5059, .F. ) ;
#3893 = LINE ( 'NONE', #3867, #5056 ) ;
#3894 = EDGE_LOOP ( 'NONE', ( #2306, #3532, #2579, #3424, #4889, #2762 ) ) ;
#3895 = CARTESIAN_POINT ( 'NONE',  ( 7.001249498915021796, 20.62120305376064522, 8.042095203608782938 ) ) ;
#3896 = PLANE ( 'NONE',  #1172 ) ;
#3897 = VECTOR ( 'NONE', #2916, 1000.000000000000000 ) ;
#3898 = DIRECTION ( 'NONE',  ( -0.000000000000000000, 1.000000000000000000, -0.000000000000000000 ) ) ;
#3899 = VECTOR ( 'NONE', #4723, 1000.000000000000227 ) ;
#3900 = ORIENTED_EDGE ( 'NONE', *, *, #5365, .F. ) ;
#3901 = CARTESIAN_POINT ( 'NONE',  ( -7.001249498915014691, 22.77607596902182863, 1.040834085586084257E-14 ) ) ;
#3902 = CARTESIAN_POINT ( 'NONE',  ( -10.00000000000000888, 31.50000000000000000, -8.500000000000000000 ) ) ;
#3903 = CARTESIAN_POINT ( 'NONE',  ( -54.00000000000000000, -22.50000000000000000, 4.707415806581655314E-16 ) ) ;
#3904 = AXIS2_PLACEMENT_3D ( 'NONE', #2197, #1704, #61 ) ;
#3905 = VECTOR ( 'NONE', #4323, 1000.000000000000000 ) ;
#3906 =( NAMED_UNIT ( * ) PLANE_ANGLE_UNIT ( ) SI_UNIT ( $, .RADIAN. ) );
#3907 = DIRECTION ( 'NONE',  ( -0.7071067811865439090, -0.7071067811865512365, 0.000000000000000000 ) ) ;
#3908 = VERTEX_POINT ( 'NONE', #1752 ) ;
#3909 = CARTESIAN_POINT ( 'NONE',  ( 50.00000000000000000, 27.50000000000000355, -18.99999999999998934 ) ) ;
#3910 = ORIENTED_EDGE ( 'NONE', *, *, #2705, .F. ) ;
#3911 = CARTESIAN_POINT ( 'NONE',  ( -9.749999999999998224, 19.06574433402355950, 15.90752073907594699 ) ) ;
#3912 = AXIS2_PLACEMENT_3D ( 'NONE', #769, #1231, #2014 ) ;
#3913 = ORIENTED_EDGE ( 'NONE', *, *, #3444, .T. ) ;
#3914 = EDGE_CURVE ( 'NONE', #754, #2799, #2227, .T. ) ;
#3915 = AXIS2_PLACEMENT_3D ( 'NONE', #4759, #1348, #3044 ) ;
#3916 = VECTOR ( 'NONE', #3789, 1000.000000000000000 ) ;
#3917 = DIRECTION ( 'NONE',  ( 1.000000000000000000, -0.000000000000000000, -0.000000000000000000 ) ) ;
#3918 = EDGE_CURVE ( 'NONE', #4435, #2573, #2930, .T. ) ;
#3919 = AXIS2_PLACEMENT_3D ( 'NONE', #1991, #2042, #60 ) ;
#3920 = DIRECTION ( 'NONE',  ( 1.000000000000000000, -1.084202172485506529E-16, 0.000000000000000000 ) ) ;
#3921 = ORIENTED_EDGE ( 'NONE', *, *, #5419, .T. ) ;
#3922 = CARTESIAN_POINT ( 'NONE',  ( -14.49999999999998934, 20.00000000000000000, 4.000000000000001776 ) ) ;
#3923 = DIRECTION ( 'NONE',  ( -0.000000000000000000, -0.000000000000000000, 1.000000000000000000 ) ) ;
#3924 = DIRECTION ( 'NONE',  ( -0.000000000000000000, -0.7071067811865409114, -0.7071067811865541231 ) ) ;
#3925 = ORIENTED_EDGE ( 'NONE', *, *, #1659, .F. ) ;
#3926 = EDGE_CURVE ( 'NONE', #524, #5005, #2258, .T. ) ;
#3927 = VECTOR ( 'NONE', #3699, 1000.000000000000000 ) ;
#3928 = VERTEX_POINT ( 'NONE', #1837 ) ;
#3929 = LINE ( 'NONE', #130, #2483 ) ;
#3930 = EDGE_CURVE ( 'NONE', #95, #636, #3526, .T. ) ;
#3931 = ORIENTED_EDGE ( 'NONE', *, *, #307, .F. ) ;
#3932 = FACE_OUTER_BOUND ( 'NONE', #2333, .T. ) ;
#3933 = DIRECTION ( 'NONE',  ( -7.666467083416818922E-17, 0.7071067811865414665, -0.7071067811865536790 ) ) ;
#3934 = AXIS2_PLACEMENT_3D ( 'NONE', #5044, #1600, #4552 ) ;
#3935 = DIRECTION ( 'NONE',  ( 1.156482317317876458E-15, -1.000000000000000000, -1.882966322632667746E-16 ) ) ;
#3936 = VERTEX_POINT ( 'NONE', #4922 ) ;
#3937 = DIRECTION ( 'NONE',  ( 0.000000000000000000, -0.9659258262890678681, -0.2588190451025220162 ) ) ;
#3938 = DIRECTION ( 'NONE',  ( -1.387778780781448358E-14, 0.000000000000000000, -1.000000000000000000 ) ) ;
#3939 = CARTESIAN_POINT ( 'NONE',  ( 23.99999999999999645, 4.998909409702481987, -5.999999999999994671 ) ) ;
#3940 = CARTESIAN_POINT ( 'NONE',  ( -48.24999999999998579, 13.00000000000001066, 7.155272026004139112E-15 ) ) ;
#3941 = EDGE_CURVE ( 'NONE', #1810, #2099, #3205, .T. ) ;
#3942 = FACE_OUTER_BOUND ( 'NONE', #1632, .T. ) ;
#3943 = DIRECTION ( 'NONE',  ( 0.000000000000000000, -1.000000000000000000, -1.882966322632667746E-16 ) ) ;
#3944 = CARTESIAN_POINT ( 'NONE',  ( -20.50000000000000355, 20.00000000000000000, 3.000000000000004441 ) ) ;
#3945 = ORIENTED_EDGE ( 'NONE', *, *, #1035, .T. ) ;
#3946 = CARTESIAN_POINT ( 'NONE',  ( -23.99999999999999645, 4.998909409702481987, -5.999999999999994671 ) ) ;
#3947 = FACE_OUTER_BOUND ( 'NONE', #1916, .T. ) ;
#3948 = EDGE_LOOP ( 'NONE', ( #1995, #4096, #4039, #5113 ) ) ;
#3949 = CARTESIAN_POINT ( 'NONE',  ( -29.49999999999998579, 19.00000000000000355, 3.250000000000015099 ) ) ;
#3950 = CARTESIAN_POINT ( 'NONE',  ( 5.987603248298365877, 20.62120305376064522, 8.042095203608782938 ) ) ;
#3951 = CARTESIAN_POINT ( 'NONE',  ( 29.50000000000000355, 10.99999999999999822, 3.250000000000015099 ) ) ;
#3952 = ORIENTED_EDGE ( 'NONE', *, *, #1905, .F. ) ;
#3953 = ORIENTED_EDGE ( 'NONE', *, *, #3765, .T. ) ;
#3954 = FACE_OUTER_BOUND ( 'NONE', #5012, .T. ) ;
#3955 = ORIENTED_EDGE ( 'NONE', *, *, #4131, .T. ) ;
#3956 = DIRECTION ( 'NONE',  ( -0.000000000000000000, 0.2588190451025217942, -0.9659258262890679791 ) ) ;
#3957 = CARTESIAN_POINT ( 'NONE',  ( 54.00000000000001421, 27.50000000000000000, -22.00000000000000355 ) ) ;
#3958 = EDGE_CURVE ( 'NONE', #4749, #3784, #3115, .T. ) ;
#3959 = DIRECTION ( 'NONE',  ( -1.000000000000000000, 0.000000000000000000, 0.000000000000000000 ) ) ;
#3960 = VERTEX_POINT ( 'NONE', #1030 ) ;
#3961 = DIRECTION ( 'NONE',  ( 0.000000000000000000, -0.9659258262890682012, -0.2588190451025214611 ) ) ;
#3962 = CARTESIAN_POINT ( 'NONE',  ( -47.49999999999999289, 18.99999999999998579, 3.250000000000015099 ) ) ;
#3963 = EDGE_LOOP ( 'NONE', ( #4419, #5351, #2806, #4816 ) ) ;
#3964 = LINE ( 'NONE', #3549, #4643 ) ;
#3965 = ORIENTED_EDGE ( 'NONE', *, *, #5280, .T. ) ;
#3966 = DIRECTION ( 'NONE',  ( -0.000000000000000000, 0.2588190451025218497, -0.9659258262890680902 ) ) ;
#3967 = EDGE_CURVE ( 'NONE', #5310, #832, #732, .T. ) ;
#3968 = DIRECTION ( 'NONE',  ( 0.000000000000000000, -0.000000000000000000, -1.000000000000000000 ) ) ;
#3969 = ORIENTED_EDGE ( 'NONE', *, *, #3292, .F. ) ;
#3971 = AXIS2_PLACEMENT_3D ( 'NONE', #4681, #4296, #2636 ) ;
#3970 = CARTESIAN_POINT ( 'NONE',  ( -14.49999999999998934, 20.00000000000000000, 4.000000000000001776 ) ) ;
#3972 = EDGE_CURVE ( 'NONE', #2324, #4223, #256, .T. ) ;
#3973 = LINE ( 'NONE', #5195, #3225 ) ;
#3974 = ORIENTED_EDGE ( 'NONE', *, *, #2017, .T. ) ;
#3975 = CARTESIAN_POINT ( 'NONE',  ( 29.50000000000000355, 21.00000000000000000, 3.250000000000015099 ) ) ;
#3976 = CARTESIAN_POINT ( 'NONE',  ( -47.49999999999998579, 13.00000000000001066, -5.999999999999994671 ) ) ;
#3977 = ORIENTED_EDGE ( 'NONE', *, *, #1009, .F. ) ;
#3978 = CIRCLE ( 'NONE', #3880, 5.500000000000025757 ) ;
#3979 = DIRECTION ( 'NONE',  ( -1.000000000000000000, 0.000000000000000000, 0.000000000000000000 ) ) ;
#3980 = EDGE_LOOP ( 'NONE', ( #666, #792, #5006, #2923 ) ) ;
#3981 = CONICAL_SURFACE ( 'NONE', #1316, 1.499999999999994449, 0.7853981633974561616 ) ;
#3982 = DIRECTION ( 'NONE',  ( 0.000000000000000000, 0.9659258262890679791, 0.2588190451025216277 ) ) ;
#3983 = VECTOR ( 'NONE', #339, 1000.000000000000000 ) ;
#3984 = CARTESIAN_POINT ( 'NONE',  ( -54.00000000000002842, 25.00000000000000000, 4.000000000000000888 ) ) ;
#3985 = ORIENTED_EDGE ( 'NONE', *, *, #262, .T. ) ;
#3986 = AXIS2_PLACEMENT_3D ( 'NONE', #4838, #3209, #5281 ) ;
#3987 = ADVANCED_FACE ( 'NONE', ( #1140 ), #4000, .F. ) ;
#3988 = LINE ( 'NONE', #2744, #827 ) ;
#3989 = EDGE_LOOP ( 'NONE', ( #695, #5453, #1845, #4553 ) ) ;
#3990 = CARTESIAN_POINT ( 'NONE',  ( -7.922507662116506033, 27.54726964212196449, -7.547269642121967159 ) ) ;
#3991 = EDGE_CURVE ( 'NONE', #2940, #4808, #4035, .T. ) ;
#3992 = DIRECTION ( 'NONE',  ( -1.000000000000000000, 0.000000000000000000, 0.000000000000000000 ) ) ;
#3993 = ADVANCED_FACE ( 'NONE', ( #1116 ), #1597, .F. ) ;
#3994 =( LENGTH_UNIT ( ) NAMED_UNIT ( * ) SI_UNIT ( .MILLI., .METRE. ) );
#3995 = ORIENTED_EDGE ( 'NONE', *, *, #4765, .F. ) ;
#3996 = DIRECTION ( 'NONE',  ( 0.000000000000000000, 0.000000000000000000, 1.000000000000000000 ) ) ;
#3997 = VERTEX_POINT ( 'NONE', #231 ) ;
#3998 = DIRECTION ( 'NONE',  ( -0.000000000000000000, -1.882966322632667746E-16, 1.000000000000000000 ) ) ;
#3999 = EDGE_CURVE ( 'NONE', #3208, #3733, #4170, .T. ) ;
#4000 = CONICAL_SURFACE ( 'NONE', #3465, 2.000000000000001776, 0.7853981633974581600 ) ;
#4001 = CARTESIAN_POINT ( 'NONE',  ( -29.50000000000000711, 10.24999999999999645, 6.637456287280152216E-15 ) ) ;
#4002 = AXIS2_PLACEMENT_3D ( 'NONE', #1339, #3809, #63 ) ;
#4003 = EDGE_LOOP ( 'NONE', ( #2656, #3301 ) ) ;
#4004 = EDGE_CURVE ( 'NONE', #1988, #775, #3695, .T. ) ;
#4005 = AXIS2_PLACEMENT_3D ( 'NONE', #2160, #470, #1768 ) ;
#4006 = CONICAL_SURFACE ( 'NONE', #3821, 2.499999999999998668, 0.7853981633974569387 ) ;
#4007 = CARTESIAN_POINT ( 'NONE',  ( 48.24999999999999289, 13.00000000000001066, 4.000000000000002665 ) ) ;
#4008 = ORIENTED_EDGE ( 'NONE', *, *, #2199, .F. ) ;
#4009 = DIRECTION ( 'NONE',  ( 1.000000000000000000, 0.000000000000000000, 0.000000000000000000 ) ) ;
#4010 = AXIS2_PLACEMENT_3D ( 'NONE', #2836, #4500, #727 ) ;
#4011 = ORIENTED_EDGE ( 'NONE', *, *, #4442, .T. ) ;
#4012 = VECTOR ( 'NONE', #5269, 1000.000000000000000 ) ;
#4013 = DIRECTION ( 'NONE',  ( -0.000000000000000000, 1.000000000000000000, -0.000000000000000000 ) ) ;
#4014 = ORIENTED_EDGE ( 'NONE', *, *, #3179, .T. ) ;
#4015 = CARTESIAN_POINT ( 'NONE',  ( -29.50000000000000355, 10.99999999999999822, 3.250000000000015099 ) ) ;
#4016 = CARTESIAN_POINT ( 'NONE',  ( 50.00000000000000000, -23.50000000000000000, -18.99999999999998934 ) ) ;
#4017 = CIRCLE ( 'NONE', #206, 6.500000000000000888 ) ;
#4018 = ORIENTED_EDGE ( 'NONE', *, *, #1780, .F. ) ;
#4019 = DIRECTION ( 'NONE',  ( 0.000000000000000000, 0.000000000000000000, 1.000000000000000000 ) ) ;
#4020 = VERTEX_POINT ( 'NONE', #1059 ) ;
#4021 = DIRECTION ( 'NONE',  ( -0.000000000000000000, -0.2588190451025216832, 0.9659258262890680902 ) ) ;
#4022 = ORIENTED_EDGE ( 'NONE', *, *, #3117, .F. ) ;
#4023 = DIRECTION ( 'NONE',  ( -1.623524136776981613E-15, -1.000000000000000000, 0.000000000000000000 ) ) ;
#4024 = EDGE_CURVE ( 'NONE', #5396, #4716, #3641, .T. ) ;
#4025 = CIRCLE ( 'NONE', #2511, 2.499999999999998668 ) ;
#4026 = CARTESIAN_POINT ( 'NONE',  ( 0.000000000000000000, 0.000000000000000000, 0.000000000000000000 ) ) ;
#4027 = ORIENTED_EDGE ( 'NONE', *, *, #2303, .T. ) ;
#4028 = LINE ( 'NONE', #2361, #3659 ) ;
#4029 = ORIENTED_EDGE ( 'NONE', *, *, #936, .F. ) ;
#4030 = DIRECTION ( 'NONE',  ( -6.542051911182451543E-15, 0.7071067811865541231, -0.7071067811865409114 ) ) ;
#4031 = CARTESIAN_POINT ( 'NONE',  ( -52.50000000000000000, 28.49999999999998579, -22.00000000000000355 ) ) ;
#4032 = EDGE_CURVE ( 'NONE', #1582, #4592, #5389, .T. ) ;
#4033 = ORIENTED_EDGE ( 'NONE', *, *, #5427, .F. ) ;
#4034 = ADVANCED_FACE ( 'NONE', ( #1578 ), #4891, .F. ) ;
#4035 = LINE ( 'NONE', #1092, #5326 ) ;
#4036 = VERTEX_POINT ( 'NONE', #4420 ) ;
#4037 = CARTESIAN_POINT ( 'NONE',  ( -18.00000000000000711, -20.00000000000000000, -5.999999999999994671 ) ) ;
#4038 = EDGE_CURVE ( 'NONE', #4457, #3696, #3287, .T. ) ;
#4039 = ORIENTED_EDGE ( 'NONE', *, *, #2368, .F. ) ;
#4040 = CARTESIAN_POINT ( 'NONE',  ( 15.50000000000000533, 20.00000000000000000, 0.7499999999999951150 ) ) ;
#4041 = VERTEX_POINT ( 'NONE', #2732 ) ;
#4042 = CARTESIAN_POINT ( 'NONE',  ( -50.00000000000000000, 27.50000000000000355, -18.99999999999999645 ) ) ;
#4043 = EDGE_CURVE ( 'NONE', #4551, #176, #3174, .T. ) ;
#4044 = DIRECTION ( 'NONE',  ( 0.000000000000000000, 0.000000000000000000, -1.000000000000000000 ) ) ;
#4045 = ORIENTED_EDGE ( 'NONE', *, *, #3364, .F. ) ;
#4046 = DIRECTION ( 'NONE',  ( 0.7071067811865462405, -0.7071067811865487940, 0.000000000000000000 ) ) ;
#4047 = VERTEX_POINT ( 'NONE', #3261 ) ;
#4048 = CYLINDRICAL_SURFACE ( 'NONE', #4987, 1.944028270823329407 ) ;
#4049 = ORIENTED_EDGE ( 'NONE', *, *, #1869, .F. ) ;
#4050 = EDGE_CURVE ( 'NONE', #213, #3543, #2346, .T. ) ;
#4051 = DIRECTION ( 'NONE',  ( -0.000000000000000000, -0.000000000000000000, 1.000000000000000000 ) ) ;
#4052 = EDGE_LOOP ( 'NONE', ( #55, #4287, #3064, #468 ) ) ;
#4053 = CARTESIAN_POINT ( 'NONE',  ( -52.50000000000000000, -22.50000000000000355, 0.9999999999999883427 ) ) ;
#4054 = ORIENTED_EDGE ( 'NONE', *, *, #4131, .F. ) ;
#4055 = CARTESIAN_POINT ( 'NONE',  ( -8.000000000000007105, 25.03226038168094547, 2.085266497530829710 ) ) ;
#4056 = CARTESIAN_POINT ( 'NONE',  ( 29.50000000000000355, 21.75000000000000355, 4.000000000000001776 ) ) ;
#4057 = PLANE ( 'NONE',  #3108 ) ;
#4058 = ORIENTED_EDGE ( 'NONE', *, *, #3668, .T. ) ;
#4059 = ADVANCED_FACE ( 'NONE', ( #318 ), #4532, .T. ) ;
#4060 = DIRECTION ( 'NONE',  ( -0.000000000000000000, 0.2588190451025216832, -0.9659258262890680902 ) ) ;
#4061 = EDGE_LOOP ( 'NONE', ( #4540, #4761, #1893, #744 ) ) ;
#4062 = EDGE_CURVE ( 'NONE', #3908, #1685, #3585, .T. ) ;
#4063 = CARTESIAN_POINT ( 'NONE',  ( -9.749999999999998224, 21.13629669484373252, 8.180114128763403158 ) ) ;
#4064 = EDGE_LOOP ( 'NONE', ( #1254, #3612, #1266, #657 ) ) ;
#4065 = AXIS2_PLACEMENT_3D ( 'NONE', #1233, #410, #2548 ) ;
#4066 = EDGE_LOOP ( 'NONE', ( #2739, #1630, #2931, #1074 ) ) ;
#4067 = DIRECTION ( 'NONE',  ( 0.7071067811865549002, 0.7071067811865401342, 0.000000000000000000 ) ) ;
#4068 = LINE ( 'NONE', #3984, #562 ) ;
#4069 = CONICAL_SURFACE ( 'NONE', #4148, 2.800000000000000711, 0.7853981633974476129 ) ;
#4070 = ORIENTED_EDGE ( 'NONE', *, *, #3288, .F. ) ;
#4071 = VECTOR ( 'NONE', #3066, 1000.000000000000114 ) ;
#4073 = VECTOR ( 'NONE', #4756, 1000.000000000000000 ) ;
#4072 = LINE ( 'NONE', #2414, #4306 ) ;
#4074 = ORIENTED_EDGE ( 'NONE', *, *, #5365, .T. ) ;
#4075 = DIRECTION ( 'NONE',  ( -0.000000000000000000, 0.2588190451025216832, -0.9659258262890680902 ) ) ;
#4076 = ORIENTED_EDGE ( 'NONE', *, *, #2569, .F. ) ;
#4077 = DIRECTION ( 'NONE',  ( -1.000000000000000000, 0.000000000000000000, 0.000000000000000000 ) ) ;
#4078 = CIRCLE ( 'NONE', #3986, 2.800000000000000711 ) ;
#4079 = CIRCLE ( 'NONE', #3272, 1.944028270823329407 ) ;
#4080 = CARTESIAN_POINT ( 'NONE',  ( -9.999999999999996447, 29.50000000000000000, -8.500000000000000000 ) ) ;
#4081 = ORIENTED_EDGE ( 'NONE', *, *, #2184, .F. ) ;
#4083 = CIRCLE ( 'NONE', #1954, 2.750000000000000888 ) ;
#4082 = CARTESIAN_POINT ( 'NONE',  ( -55.00000000000000000, 31.50000000000000000, -2.500000000000001776 ) ) ;
#4084 = DIRECTION ( 'NONE',  ( 0.000000000000000000, 0.000000000000000000, 1.000000000000000000 ) ) ;
#4085 = DIRECTION ( 'NONE',  ( -0.000000000000000000, -0.2588190451025216832, 0.9659258262890679791 ) ) ;
#4086 = AXIS2_PLACEMENT_3D ( 'NONE', #867, #1736, #2175 ) ;
#4087 = AXIS2_PLACEMENT_3D ( 'NONE', #28, #3796, #1696 ) ;
#4088 = CARTESIAN_POINT ( 'NONE',  ( -45.49999999999998579, 13.00000000000000000, 0.7499999999999937828 ) ) ;
#4089 = AXIS2_PLACEMENT_3D ( 'NONE', #5141, #10, #36 ) ;
#4090 = ORIENTED_EDGE ( 'NONE', *, *, #3260, .F. ) ;
#4091 = CARTESIAN_POINT ( 'NONE',  ( 25.70885981545882615, -15.00000000000000178, -5.999999999999994671 ) ) ;
#4092 = EDGE_CURVE ( 'NONE', #1005, #5305, #2455, .T. ) ;
#4093 = AXIS2_PLACEMENT_3D ( 'NONE', #4417, #4555, #1239 ) ;
#4094 = ORIENTED_EDGE ( 'NONE', *, *, #4503, .T. ) ;
#4095 = AXIS2_PLACEMENT_3D ( 'NONE', #3516, #1375, #3937 ) ;
#4096 = ORIENTED_EDGE ( 'NONE', *, *, #4741, .F. ) ;
#4097 = DIRECTION ( 'NONE',  ( -0.000000000000000000, -1.882966322632667746E-16, 1.000000000000000000 ) ) ;
#4098 = VECTOR ( 'NONE', #4130, 1000.000000000000114 ) ;
#4099 = FACE_BOUND ( 'NONE', #1489, .T. ) ;
#4100 = EDGE_CURVE ( 'NONE', #943, #5446, #2918, .T. ) ;
#4101 = VERTEX_POINT ( 'NONE', #342 ) ;
#4102 = VECTOR ( 'NONE', #1351, 1000.000000000000000 ) ;
#4103 = ADVANCED_FACE ( 'NONE', ( #4973 ), #449, .T. ) ;
#4104 = CARTESIAN_POINT ( 'NONE',  ( -55.00000000000000000, -25.00000000000000000, 3.000000000000036415 ) ) ;
#4105 = EDGE_LOOP ( 'NONE', ( #768, #3235, #2388, #1414 ) ) ;
#4106 = DIRECTION ( 'NONE',  ( 0.000000000000000000, 1.000000000000000000, 1.882966322632668486E-16 ) ) ;
#4107 = VERTEX_POINT ( 'NONE', #1217 ) ;
#4108 = AXIS2_PLACEMENT_3D ( 'NONE', #1446, #1784, #3528 ) ;
#4109 = LINE ( 'NONE', #669, #3804 ) ;
#4110 = EDGE_CURVE ( 'NONE', #5310, #3363, #3360, .T. ) ;
#4111 = ORIENTED_EDGE ( 'NONE', *, *, #2532, .T. ) ;
#4112 = CARTESIAN_POINT ( 'NONE',  ( 29.50000000000000355, 21.75000000000000355, 8.802867558307720444E-15 ) ) ;
#4113 = ORIENTED_EDGE ( 'NONE', *, *, #1450, .T. ) ;
#4114 = DIRECTION ( 'NONE',  ( 0.000000000000000000, 0.000000000000000000, -1.000000000000000000 ) ) ;
#4115 = DIRECTION ( 'NONE',  ( -0.000000000000000000, 1.000000000000000000, 0.000000000000000000 ) ) ;
#4116 = DIRECTION ( 'NONE',  ( 0.000000000000000000, 0.000000000000000000, 1.000000000000000000 ) ) ;
#4117 = ADVANCED_FACE ( 'NONE', ( #5001 ), #4216, .T. ) ;
#4118 = CARTESIAN_POINT ( 'NONE',  ( 48.25000000000000000, 18.99999999999998934, 8.285051819583735125E-15 ) ) ;
#4119 = ORIENTED_EDGE ( 'NONE', *, *, #609, .T. ) ;
#4120 = LINE ( 'NONE', #5422, #625 ) ;
#4121 = ORIENTED_EDGE ( 'NONE', *, *, #129, .T. ) ;
#4122 = ORIENTED_EDGE ( 'NONE', *, *, #5449, .T. ) ;
#4123 = PLANE ( 'NONE',  #528 ) ;
#4124 = DIRECTION ( 'NONE',  ( -0.000000000000000000, -0.000000000000000000, 1.000000000000000000 ) ) ;
#4125 = ORIENTED_EDGE ( 'NONE', *, *, #3958, .F. ) ;
#4126 = CARTESIAN_POINT ( 'NONE',  ( 47.49999999999997158, 27.50000000000000000, -23.50000000000000355 ) ) ;
#4127 = EDGE_LOOP ( 'NONE', ( #4145, #1098, #2462, #3071 ) ) ;
#4128 = DIRECTION ( 'NONE',  ( 1.000000000000000000, 1.084202172485506529E-16, -1.880790961315663844E-32 ) ) ;
#4129 = ORIENTED_EDGE ( 'NONE', *, *, #843, .T. ) ;
#4130 = DIRECTION ( 'NONE',  ( 0.000000000000000000, 0.8660254037844393737, -0.4999999999999985567 ) ) ;
#4131 = EDGE_CURVE ( 'NONE', #4465, #1663, #5418, .T. ) ;
#4132 = VERTEX_POINT ( 'NONE', #1193 ) ;
#4133 = CARTESIAN_POINT ( 'NONE',  ( -10.00000000000000888, 25.00000000000000000, -2.500000000000000000 ) ) ;
#4134 = ORIENTED_EDGE ( 'NONE', *, *, #3006, .F. ) ;
#4135 = CARTESIAN_POINT ( 'NONE',  ( -26.74999999999998579, 18.99999999999998224, 8.285051819583733548E-15 ) ) ;
#4136 = DIRECTION ( 'NONE',  ( 0.000000000000000000, 0.000000000000000000, 1.000000000000000000 ) ) ;
#4137 = CARTESIAN_POINT ( 'NONE',  ( -9.749999999999998224, 28.90086804791938846, -20.79766065990863666 ) ) ;
#4138 = LINE ( 'NONE', #4242, #3734 ) ;
#4139 = ORIENTED_EDGE ( 'NONE', *, *, #676, .F. ) ;
#4140 = LINE ( 'NONE', #1195, #1587 ) ;
#4141 = ORIENTED_EDGE ( 'NONE', *, *, #3110, .T. ) ;
#4142 = ORIENTED_EDGE ( 'NONE', *, *, #4853, .T. ) ;
#4143 = CARTESIAN_POINT ( 'NONE',  ( -54.00000000000002842, 31.50000000000000000, -2.500000000000001776 ) ) ;
#4144 = CARTESIAN_POINT ( 'NONE',  ( -55.00000000000000000, 27.50000000000000000, -2.500000000000001776 ) ) ;
#4145 = ORIENTED_EDGE ( 'NONE', *, *, #3177, .T. ) ;
#4146 = EDGE_LOOP ( 'NONE', ( #4833, #3340 ) ) ;
#4147 = CARTESIAN_POINT ( 'NONE',  ( -52.50000000000000000, 31.50000000000000000, -24.50000000000000000 ) ) ;
#4148 = AXIS2_PLACEMENT_3D ( 'NONE', #3816, #845, #430 ) ;
#4149 = DIRECTION ( 'NONE',  ( 0.000000000000000000, -1.000000000000000000, -1.882966322632667746E-16 ) ) ;
#4150 = LINE ( 'NONE', #4652, #3087 ) ;
#4151 = ADVANCED_FACE ( 'NONE', ( #419, #779 ), #3834, .T. ) ;
#4152 = VECTOR ( 'NONE', #3343, 1000.000000000000000 ) ;
#4153 = EDGE_CURVE ( 'NONE', #4837, #2266, #546, .T. ) ;
#4154 = EDGE_LOOP ( 'NONE', ( #577, #4313, #629, #4441 ) ) ;
#4155 = DIRECTION ( 'NONE',  ( 0.000000000000000000, -1.000000000000000000, 0.000000000000000000 ) ) ;
#4156 = EDGE_LOOP ( 'NONE', ( #3164, #413, #951, #2431 ) ) ;
#4157 = CARTESIAN_POINT ( 'NONE',  ( 11.50000000000000355, 25.00000000000000000, 9.215390309173487893 ) ) ;
#4158 = DIRECTION ( 'NONE',  ( -0.7071067811865541231, 0.000000000000000000, 0.7071067811865409114 ) ) ;
#4159 = AXIS2_PLACEMENT_3D ( 'NONE', #1252, #3440, #2168 ) ;
#4160 = PLANE ( 'NONE',  #1062 ) ;
#4161 = AXIS2_PLACEMENT_3D ( 'NONE', #826, #2871, #2083 ) ;
#4162 = EDGE_CURVE ( 'NONE', #1795, #398, #4661, .T. ) ;
#4163 = CIRCLE ( 'NONE', #1770, 1.789374506571836498 ) ;
#4164 = EDGE_CURVE ( 'NONE', #4925, #477, #856, .T. ) ;
#4165 = CARTESIAN_POINT ( 'NONE',  ( 11.50000000000000000, 22.50000000000000355, 6.000000000000005329 ) ) ;
#4166 = ORIENTED_EDGE ( 'NONE', *, *, #4739, .F. ) ;
#4167 = CYLINDRICAL_SURFACE ( 'NONE', #2571, 2.499999999999998668 ) ;
#4168 = CIRCLE ( 'NONE', #1773, 2.499999999999998668 ) ;
#4169 = ORIENTED_EDGE ( 'NONE', *, *, #1368, .F. ) ;
#4170 = CIRCLE ( 'NONE', #5417, 3.800000000000007372 ) ;
#4171 = AXIS2_PLACEMENT_3D ( 'NONE', #2200, #4309, #424 ) ;
#4172 = EDGE_LOOP ( 'NONE', ( #4076, #3149, #3969, #4495, #2049, #584 ) ) ;
#4173 = FACE_OUTER_BOUND ( 'NONE', #2546, .T. ) ;
#4174 = VECTOR ( 'NONE', #3122, 1000.000000000000114 ) ;
#4175 = CARTESIAN_POINT ( 'NONE',  ( 18.00000000000000711, -20.00000000000000000, 4.000000000000008882 ) ) ;
#4176 = VECTOR ( 'NONE', #1391, 1000.000000000000000 ) ;
#4177 = EDGE_CURVE ( 'NONE', #1060, #45, #2558, .T. ) ;
#4178 = ORIENTED_EDGE ( 'NONE', *, *, #3941, .F. ) ;
#4179 = AXIS2_PLACEMENT_3D ( 'NONE', #968, #3857, #564 ) ;
#4180 = ORIENTED_EDGE ( 'NONE', *, *, #411, .T. ) ;
#4181 = DIRECTION ( 'NONE',  ( -0.000000000000000000, 1.000000000000000000, -0.000000000000000000 ) ) ;
#4182 = ORIENTED_EDGE ( 'NONE', *, *, #1246, .T. ) ;
#4183 = FACE_OUTER_BOUND ( 'NONE', #4820, .T. ) ;
#4184 = CIRCLE ( 'NONE', #4010, 2.000000000000001776 ) ;
#4185 = AXIS2_PLACEMENT_3D ( 'NONE', #3845, #3013, #1292 ) ;
#4186 = CONICAL_SURFACE ( 'NONE', #382, 2.000000000000001776, 0.7853981633974581600 ) ;
#4187 = CIRCLE ( 'NONE', #5341, 2.000000000000001776 ) ;
#4188 = CARTESIAN_POINT ( 'NONE',  ( -45.49999999999999289, 19.00000000000000355, 3.250000000000015099 ) ) ;
#4189 = ORIENTED_EDGE ( 'NONE', *, *, #1965, .F. ) ;
#4190 = CARTESIAN_POINT ( 'NONE',  ( 54.00000000000000000, 25.00000000000000000, 4.000000000000000888 ) ) ;
#4191 = LINE ( 'NONE', #4213, #3983 ) ;
#4192 = DIRECTION ( 'NONE',  ( 0.000000000000000000, 1.000000000000000000, -1.734723475976807341E-16 ) ) ;
#4193 = DIRECTION ( 'NONE',  ( 0.000000000000000000, 0.000000000000000000, -1.000000000000000000 ) ) ;
#4194 = DIRECTION ( 'NONE',  ( -1.000000000000000000, 0.000000000000000000, 0.000000000000000000 ) ) ;
#4195 = EDGE_LOOP ( 'NONE', ( #3751, #1422, #3596, #4706, #841 ) ) ;
#4196 = FACE_OUTER_BOUND ( 'NONE', #4326, .T. ) ;
#4197 = EDGE_CURVE ( 'NONE', #1393, #3727, #982, .T. ) ;
#4198 = CONICAL_SURFACE ( 'NONE', #661, 2.000000000000001776, 0.7853981633974587151 ) ;
#4199 = ORIENTED_EDGE ( 'NONE', *, *, #271, .F. ) ;
#4200 = CARTESIAN_POINT ( 'NONE',  ( -47.49999999999999289, 18.99999999999998579, 0.7499999999999954481 ) ) ;
#4201 = LINE ( 'NONE', #2488, #2137 ) ;
#4202 = VERTEX_POINT ( 'NONE', #3391 ) ;
#4203 = DIRECTION ( 'NONE',  ( -3.469446951953611033E-15, 1.000000000000000000, 0.000000000000000000 ) ) ;
#4204 = EDGE_CURVE ( 'NONE', #897, #1972, #4138, .T. ) ;
#4205 = EDGE_CURVE ( 'NONE', #4346, #2382, #1725, .T. ) ;
#4206 = ORIENTED_EDGE ( 'NONE', *, *, #1805, .T. ) ;
#4207 = CARTESIAN_POINT ( 'NONE',  ( 50.00000000000000000, 27.50000000000000355, -17.21062549342815373 ) ) ;
#4208 = PLANE ( 'NONE',  #4065 ) ;
#4209 = ADVANCED_FACE ( 'NONE', ( #807 ), #2028, .T. ) ;
#4210 = CARTESIAN_POINT ( 'NONE',  ( -45.49999999999997868, 21.00000000000000000, 0.7499999999999954481 ) ) ;
#4211 = ORIENTED_EDGE ( 'NONE', *, *, #3755, .T. ) ;
#4212 = DIRECTION ( 'NONE',  ( 2.523234146875352073E-14, -1.000000000000000000, 3.154042683594190190E-16 ) ) ;
#4213 = CARTESIAN_POINT ( 'NONE',  ( -7.001249498915014691, 20.62120305376064522, 8.042095203608782938 ) ) ;
#4214 = LINE ( 'NONE', #4605, #3204 ) ;
#4215 = LINE ( 'NONE', #2990, #906 ) ;
#4216 = CYLINDRICAL_SURFACE ( 'NONE', #1509, 2.500000000000000444 ) ;
#4217 = ORIENTED_EDGE ( 'NONE', *, *, #2911, .T. ) ;
#4218 = LINE ( 'NONE', #3881, #788 ) ;
#4219 = EDGE_LOOP ( 'NONE', ( #5033, #2013, #141, #2992, #2867, #3214 ) ) ;
#4220 = ADVANCED_FACE ( 'NONE', ( #4583 ), #3337, .T. ) ;
#4221 = CARTESIAN_POINT ( 'NONE',  ( 18.00000000000000711, 20.00000000000000000, 3.000000000000004441 ) ) ;
#4222 = EDGE_CURVE ( 'NONE', #2441, #506, #2086, .T. ) ;
#4223 = VERTEX_POINT ( 'NONE', #4325 ) ;
#4224 = FACE_BOUND ( 'NONE', #347, .T. ) ;
#4225 = CARTESIAN_POINT ( 'NONE',  ( -54.00000000000002842, 31.50000000000000000, -2.500000000000001776 ) ) ;
#4226 = DIRECTION ( 'NONE',  ( 0.000000000000000000, 1.882966322632667746E-16, -1.000000000000000000 ) ) ;
#4227 = EDGE_LOOP ( 'NONE', ( #773, #4778, #5495, #1952 ) ) ;
#4228 = EDGE_CURVE ( 'NONE', #65, #4624, #2642, .T. ) ;
#4229 = CARTESIAN_POINT ( 'NONE',  ( 9.750000000000001776, 21.13629669484373252, 8.180114128763401382 ) ) ;
#4230 = ORIENTED_EDGE ( 'NONE', *, *, #4348, .F. ) ;
#4231 = FACE_OUTER_BOUND ( 'NONE', #2438, .T. ) ;
#4232 = CARTESIAN_POINT ( 'NONE',  ( -54.00000000000002842, 25.00000000000000000, 4.000000000000000888 ) ) ;
#4233 = EDGE_CURVE ( 'NONE', #3241, #6, #142, .T. ) ;
#4234 = AXIS2_PLACEMENT_3D ( 'NONE', #5293, #2359, #3192 ) ;
#4235 = CARTESIAN_POINT ( 'NONE',  ( 29.50000000000000355, 10.99999999999999822, -5.999999999999994671 ) ) ;
#4236 = ORIENTED_EDGE ( 'NONE', *, *, #2463, .T. ) ;
#4237 = CARTESIAN_POINT ( 'NONE',  ( -7.001249498915014691, 20.62120305376064522, 8.042095203608782938 ) ) ;
#4238 = DIRECTION ( 'NONE',  ( 8.659560562354927928E-17, -0.4999999999999973355, -0.8660254037844402619 ) ) ;
#4239 = LINE ( 'NONE', #5099, #1 ) ;
#4240 = DIRECTION ( 'NONE',  ( 0.7071067811865427988, 1.226634733346707692E-16, 0.7071067811865522357 ) ) ;
#4241 = CARTESIAN_POINT ( 'NONE',  ( 26.74999999999998934, 18.99999999999998224, 4.000000000000001776 ) ) ;
#4243 = AXIS2_PLACEMENT_3D ( 'NONE', #1017, #1931, #5312 ) ;
#4242 = CARTESIAN_POINT ( 'NONE',  ( -55.00000000000000000, -24.00000000000000000, 1.882966322632652955E-16 ) ) ;
#4244 = AXIS2_PLACEMENT_3D ( 'NONE', #1278, #1957, #5309 ) ;
#4245 = ORIENTED_EDGE ( 'NONE', *, *, #5315, .F. ) ;
#4246 = CYLINDRICAL_SURFACE ( 'NONE', #443, 2.800000000000004263 ) ;
#4247 = AXIS2_PLACEMENT_3D ( 'NONE', #1399, #994, #2696 ) ;
#4248 = VECTOR ( 'NONE', #3504, 1000.000000000000000 ) ;
#4249 = AXIS2_PLACEMENT_3D ( 'NONE', #1890, #4494, #692 ) ;
#4250 = CARTESIAN_POINT ( 'NONE',  ( 29.50000000000000355, 21.00000000000000000, 3.250000000000013323 ) ) ;
#4251 = DIRECTION ( 'NONE',  ( 0.000000000000000000, -0.000000000000000000, -1.000000000000000000 ) ) ;
#4252 = CIRCLE ( 'NONE', #2577, 1.999999999999998224 ) ;
#4253 = ADVANCED_FACE ( 'NONE', ( #1747 ), #4886, .T. ) ;
#4254 = CARTESIAN_POINT ( 'NONE',  ( 47.49999999999997158, 27.50000000000000000, -23.50000000000000355 ) ) ;
#4255 = FACE_OUTER_BOUND ( 'NONE', #4788, .T. ) ;
#4256 = ORIENTED_EDGE ( 'NONE', *, *, #58, .T. ) ;
#4257 = DIRECTION ( 'NONE',  ( 0.000000000000000000, -0.9659258262890679791, -0.2588190451025217387 ) ) ;
#4258 = VECTOR ( 'NONE', #4333, 1000.000000000000000 ) ;
#4259 = ORIENTED_EDGE ( 'NONE', *, *, #1851, .F. ) ;
#4260 = EDGE_CURVE ( 'NONE', #5279, #1060, #886, .T. ) ;
#4261 = DIRECTION ( 'NONE',  ( 0.000000000000000000, -0.7071067811865462405, -0.7071067811865489050 ) ) ;
#4262 = VECTOR ( 'NONE', #4669, 1000.000000000000000 ) ;
#4263 = LINE ( 'NONE', #462, #2240 ) ;
#4264 = EDGE_CURVE ( 'NONE', #5374, #782, #1003, .T. ) ;
#4265 = AXIS2_PLACEMENT_3D ( 'NONE', #2023, #5411, #4737 ) ;
#4266 = CARTESIAN_POINT ( 'NONE',  ( 8.000000000000017764, 29.49999999999998934, -8.500000000000000000 ) ) ;
#4267 = EDGE_LOOP ( 'NONE', ( #651, #3058, #4278, #4564 ) ) ;
#4268 = DIRECTION ( 'NONE',  ( 0.000000000000000000, 1.000000000000000000, -1.734723475976807341E-16 ) ) ;
#4269 = ADVANCED_FACE ( 'NONE', ( #117 ), #5214, .T. ) ;
#4270 = VECTOR ( 'NONE', #1977, 1000.000000000000114 ) ;
#4271 = FACE_OUTER_BOUND ( 'NONE', #2003, .T. ) ;
#4272 = DIRECTION ( 'NONE',  ( -3.351228413831872241E-15, 1.000000000000000000, 1.061553940240510961E-31 ) ) ;
#4273 = LINE ( 'NONE', #2108, #2244 ) ;
#4274 = CIRCLE ( 'NONE', #1523, 3.249999999999999556 ) ;
#4275 = CARTESIAN_POINT ( 'NONE',  ( -52.50000000000000000, 31.50000000000000000, -23.50000000000002487 ) ) ;
#4276 = CARTESIAN_POINT ( 'NONE',  ( 14.75000000000000533, 20.00000000000000000, 8.473348451847003231E-15 ) ) ;
#4277 =( BOUNDED_CURVE ( )  B_SPLINE_CURVE ( 3, ( #3901, #3492, #879, #4318 ),
 .UNSPECIFIED., .F., .F. ) 
 B_SPLINE_CURVE_WITH_KNOTS ( ( 4, 4 ),
 ( 1.379174290962903449, 2.185532953165525871 ),
 .UNSPECIFIED. ) 
 CURVE ( )  GEOMETRIC_REPRESENTATION_ITEM ( )  RATIONAL_B_SPLINE_CURVE ( ( 1.000000000000000000, 0.9465455007572427526, 0.9465455007572427526, 1.000000000000000000 ) ) 
 REPRESENTATION_ITEM ( '' )  );
#4278 = ORIENTED_EDGE ( 'NONE', *, *, #3482, .T. ) ;
#4279 = EDGE_CURVE ( 'NONE', #1964, #4416, #1409, .T. ) ;
#4280 = DIRECTION ( 'NONE',  ( 1.000000000000000000, 0.000000000000000000, 0.000000000000000000 ) ) ;
#4281 = CIRCLE ( 'NONE', #4377, 2.500000000000002220 ) ;
#4282 = CARTESIAN_POINT ( 'NONE',  ( 8.016486971549070972, 25.00000000000000000, 2.256273420325494161 ) ) ;
#4283 = CARTESIAN_POINT ( 'NONE',  ( -7.885074934503834676, 27.50000000000000000, -7.500000000000001776 ) ) ;
#4284 = CARTESIAN_POINT ( 'NONE',  ( 45.49999999999997158, 11.00000000000000000, -5.999999999999994671 ) ) ;
#4285 = DIRECTION ( 'NONE',  ( -0.000000000000000000, -0.000000000000000000, 1.000000000000000000 ) ) ;
#4286 = ORIENTED_EDGE ( 'NONE', *, *, #1712, .T. ) ;
#4287 = ORIENTED_EDGE ( 'NONE', *, *, #4162, .F. ) ;
#4288 = DIRECTION ( 'NONE',  ( 0.000000000000000000, 0.000000000000000000, 1.000000000000000000 ) ) ;
#4289 = ORIENTED_EDGE ( 'NONE', *, *, #2368, .T. ) ;
#4290 = LINE ( 'NONE', #2982, #5395 ) ;
#4291 = DIRECTION ( 'NONE',  ( 0.000000000000000000, 0.000000000000000000, -1.000000000000000000 ) ) ;
#4292 = LINE ( 'NONE', #495, #1624 ) ;
#4293 = ORIENTED_EDGE ( 'NONE', *, *, #5478, .F. ) ;
#4294 = DIRECTION ( 'NONE',  ( 0.000000000000000000, -0.9659258262890678681, -0.2588190451025220162 ) ) ;
#4295 = EDGE_CURVE ( 'NONE', #524, #4311, #917, .T. ) ;
#4296 = DIRECTION ( 'NONE',  ( -0.000000000000000000, -0.000000000000000000, 1.000000000000000000 ) ) ;
#4297 = DIRECTION ( 'NONE',  ( 0.000000000000000000, 1.000000000000000000, 1.882966322632667746E-16 ) ) ;
#4298 = DIRECTION ( 'NONE',  ( 0.000000000000000000, -1.000000000000000000, 0.000000000000000000 ) ) ;
#4299 = DIRECTION ( 'NONE',  ( 1.156482317317876458E-15, 1.000000000000000000, 1.882966322632667746E-16 ) ) ;
#4300 = ORIENTED_EDGE ( 'NONE', *, *, #4432, .T. ) ;
#4301 = CARTESIAN_POINT ( 'NONE',  ( -55.00000000000000000, 25.00000000000000000, 4.000000000000000888 ) ) ;
#4302 = ORIENTED_EDGE ( 'NONE', *, *, #3458, .T. ) ;
#4303 = FACE_OUTER_BOUND ( 'NONE', #2994, .T. ) ;
#4304 = ORIENTED_EDGE ( 'NONE', *, *, #500, .T. ) ;
#4305 = DIRECTION ( 'NONE',  ( 0.000000000000000000, 0.000000000000000000, 1.000000000000000000 ) ) ;
#4306 = VECTOR ( 'NONE', #4690, 1000.000000000000000 ) ;
#4307 = DIRECTION ( 'NONE',  ( 1.000000000000000000, 3.351228413831871846E-15, 8.979589471384858469E-16 ) ) ;
#4308 = CARTESIAN_POINT ( 'NONE',  ( -23.99999999999999645, 4.998909409702481987, 4.000000000000005329 ) ) ;
#4309 = DIRECTION ( 'NONE',  ( -0.000000000000000000, -0.000000000000000000, 1.000000000000000000 ) ) ;
#4310 = ORIENTED_EDGE ( 'NONE', *, *, #3991, .F. ) ;
#4311 = VERTEX_POINT ( 'NONE', #1809 ) ;
#4312 = CARTESIAN_POINT ( 'NONE',  ( 45.49999999999997158, 11.00000000000000000, 3.250000000000015099 ) ) ;
#4313 = ORIENTED_EDGE ( 'NONE', *, *, #3691, .F. ) ;
#4314 = DIRECTION ( 'NONE',  ( 0.000000000000000000, -0.9659258262890679791, -0.2588190451025216832 ) ) ;
#4315 = FACE_BOUND ( 'NONE', #2236, .T. ) ;
#4316 = DIRECTION ( 'NONE',  ( -0.7071067811865487940, 0.7071067811865463515, 0.000000000000000000 ) ) ;
#4317 = VERTEX_POINT ( 'NONE', #4276 ) ;
#4318 = CARTESIAN_POINT ( 'NONE',  ( -7.462608952153032327, 25.00000000000000000, 9.414831613163337449E-15 ) ) ;
#4319 = DIRECTION ( 'NONE',  ( -8.979589471384858469E-16, -0.000000000000000000, 1.000000000000000000 ) ) ;
#4320 = LINE ( 'NONE', #1378, #4350 ) ;
#4321 = EDGE_CURVE ( 'NONE', #11, #5019, #5063, .T. ) ;
#4322 = CARTESIAN_POINT ( 'NONE',  ( 21.50000000000002487, -19.99999999999999645, 4.000000000000008882 ) ) ;
#4323 = DIRECTION ( 'NONE',  ( -4.350219813418295278E-16, 0.000000000000000000, -1.000000000000000000 ) ) ;
#4324 = ORIENTED_EDGE ( 'NONE', *, *, #1962, .F. ) ;
#4325 = CARTESIAN_POINT ( 'NONE',  ( 48.24999999999998579, 13.00000000000001066, 4.000000000000002665 ) ) ;
#4326 = EDGE_LOOP ( 'NONE', ( #4422, #1047, #1860, #4119 ) ) ;
#4327 = AXIS2_PLACEMENT_3D ( 'NONE', #4957, #2888, #3738 ) ;
#4328 = CARTESIAN_POINT ( 'NONE',  ( -7.999999999999998224, 32.00905688493267576, -19.96482397110749218 ) ) ;
#4329 = EDGE_CURVE ( 'NONE', #3056, #3960, #3114, .T. ) ;
#4330 = EDGE_CURVE ( 'NONE', #518, #2089, #2586, .T. ) ;
#4331 = AXIS2_PLACEMENT_3D ( 'NONE', #4042, #4430, #1478 ) ;
#4332 = AXIS2_PLACEMENT_3D ( 'NONE', #1064, #2350, #182 ) ;
#4333 = DIRECTION ( 'NONE',  ( -1.000000000000000000, 1.084202172485506529E-16, 2.041516177715383523E-32 ) ) ;
#4334 = DIRECTION ( 'NONE',  ( -0.000000000000000000, 0.2588190451025218497, -0.9659258262890680902 ) ) ;
#4335 = VERTEX_POINT ( 'NONE', #3027 ) ;
#4336 = DIRECTION ( 'NONE',  ( -1.000000000000000000, 0.000000000000000000, 0.000000000000000000 ) ) ;
#4337 = CARTESIAN_POINT ( 'NONE',  ( -55.00000000000000000, 31.50000000000000000, -2.500000000000000888 ) ) ;
#4338 = ADVANCED_FACE ( 'NONE', ( #4743 ), #2702, .T. ) ;
#4339 = PLANE ( 'NONE',  #3460 ) ;
#4340 = VECTOR ( 'NONE', #573, 1000.000000000000000 ) ;
#4341 = CIRCLE ( 'NONE', #3103, 1.999999999999998224 ) ;
#4342 = VERTEX_POINT ( 'NONE', #5165 ) ;
#4343 = VERTEX_POINT ( 'NONE', #1357 ) ;
#4344 = CARTESIAN_POINT ( 'NONE',  ( 50.00000000000000000, -23.50000000000000000, -20.78937450657182495 ) ) ;
#4345 = CIRCLE ( 'NONE', #5053, 2.499999999999998668 ) ;
#4346 = VERTEX_POINT ( 'NONE', #3415 ) ;
#4347 = CARTESIAN_POINT ( 'NONE',  ( 47.49999999999995737, 30.50000000000001421, -24.50000000000000000 ) ) ;
#4348 = EDGE_CURVE ( 'NONE', #1016, #6, #2166, .T. ) ;
#4349 = CARTESIAN_POINT ( 'NONE',  ( -45.00000000000000000, 28.49999999999998934, -8.500000000000000000 ) ) ;
#4350 = VECTOR ( 'NONE', #527, 1000.000000000000000 ) ;
#4351 = VECTOR ( 'NONE', #1173, 1000.000000000000000 ) ;
#4352 = DIRECTION ( 'NONE',  ( -1.000000000000000000, 0.000000000000000000, 0.000000000000000000 ) ) ;
#4353 = AXIS2_PLACEMENT_3D ( 'NONE', #2904, #1671, #2095 ) ;
#4354 = ORIENTED_EDGE ( 'NONE', *, *, #1214, .T. ) ;
#4355 = CARTESIAN_POINT ( 'NONE',  ( -47.50000000000001421, -23.50000000000000000, -24.50000000000000000 ) ) ;
#4356 = PLANE ( 'NONE',  #4005 ) ;
#4357 = FACE_OUTER_BOUND ( 'NONE', #4154, .T. ) ;
#4358 = DIRECTION ( 'NONE',  ( 1.156482317317876458E-15, -1.000000000000000000, -1.882966322632667746E-16 ) ) ;
#4359 = CIRCLE ( 'NONE', #2866, 2.000000000000001776 ) ;
#4360 = LINE ( 'NONE', #885, #288 ) ;
#4361 = DIRECTION ( 'NONE',  ( -0.000000000000000000, 1.734723475976807341E-16, 1.000000000000000000 ) ) ;
#4362 = DIRECTION ( 'NONE',  ( 0.000000000000000000, -1.734723475976807341E-16, -1.000000000000000000 ) ) ;
#4363 = CIRCLE ( 'NONE', #3742, 1.500000000000001110 ) ;
#4364 = ORIENTED_EDGE ( 'NONE', *, *, #2622, .F. ) ;
#4365 = CARTESIAN_POINT ( 'NONE',  ( -47.49999999999999289, 18.99999999999998579, 0.7499999999999954481 ) ) ;
#4366 = FACE_OUTER_BOUND ( 'NONE', #4061, .T. ) ;
#4367 = EDGE_LOOP ( 'NONE', ( #4302, #3243, #2406, #3178 ) ) ;
#4368 = DIRECTION ( 'NONE',  ( 0.000000000000000000, 0.7071067811865425767, -0.7071067811865524577 ) ) ;
#4369 = ADVANCED_FACE ( 'NONE', ( #3438, #2993, #2190, #2619, #2255 ), #4686, .T. ) ;
#4370 = DIRECTION ( 'NONE',  ( -0.000000000000000000, -1.000000000000000000, -0.000000000000000000 ) ) ;
#4371 = DIRECTION ( 'NONE',  ( -0.000000000000000000, 1.000000000000000000, -0.000000000000000000 ) ) ;
#4372 = ORIENTED_EDGE ( 'NONE', *, *, #576, .F. ) ;
#4373 = ORIENTED_EDGE ( 'NONE', *, *, #1109, .F. ) ;
#4374 = ADVANCED_FACE ( 'NONE', ( #3878 ), #1694, .T. ) ;
#4375 = CARTESIAN_POINT ( 'NONE',  ( -47.49999999999998579, 13.00000000000001243, 3.250000000000015987 ) ) ;
#4376 = EDGE_LOOP ( 'NONE', ( #2777, #4121, #2804, #2040 ) ) ;
#4377 = AXIS2_PLACEMENT_3D ( 'NONE', #4053, #3996, #2785 ) ;
#4378 = DIRECTION ( 'NONE',  ( -1.000000000000000000, 0.000000000000000000, 0.000000000000000000 ) ) ;
#4379 = PLANE ( 'NONE',  #4629 ) ;
#4380 = EDGE_CURVE ( 'NONE', #717, #65, #4704, .T. ) ;
#4381 = CARTESIAN_POINT ( 'NONE',  ( 52.50000000000000000, -22.50000000000000000, 0.9999999999999887867 ) ) ;
#4382 = ORIENTED_EDGE ( 'NONE', *, *, #1851, .T. ) ;
#4383 = CARTESIAN_POINT ( 'NONE',  ( 20.50000000000000355, -20.00000000000000000, 0.7499999999999876765 ) ) ;
#4384 = CARTESIAN_POINT ( 'NONE',  ( -26.74999999999998579, 18.99999999999998224, 4.000000000000001776 ) ) ;
#4385 = ADVANCED_FACE ( 'NONE', ( #2310, #1943 ), #2341, .T. ) ;
#4386 = ORIENTED_EDGE ( 'NONE', *, *, #1681, .T. ) ;
#4387 = DIRECTION ( 'NONE',  ( -1.000000000000000000, 0.000000000000000000, 0.000000000000000000 ) ) ;
#4388 = EDGE_LOOP ( 'NONE', ( #2279, #1063, #2745, #5466 ) ) ;
#4389 = DIRECTION ( 'NONE',  ( 0.7071067811865500152, 0.7071067811865450192, 0.000000000000000000 ) ) ;
#4390 = DIRECTION ( 'NONE',  ( 0.000000000000000000, 0.000000000000000000, -1.000000000000000000 ) ) ;
#4391 = ORIENTED_EDGE ( 'NONE', *, *, #2463, .F. ) ;
#4392 = LINE ( 'NONE', #482, #4698 ) ;
#4393 = DIRECTION ( 'NONE',  ( -0.000000000000000000, -0.000000000000000000, 1.000000000000000000 ) ) ;
#4394 = EDGE_LOOP ( 'NONE', ( #3685, #2765, #1294, #5010 ) ) ;
#4395 = LINE ( 'NONE', #2286, #1764 ) ;
#4396 = CARTESIAN_POINT ( 'NONE',  ( -55.00000000000000000, 31.50000000000000000, -24.50000000000000000 ) ) ;
#4397 = EDGE_CURVE ( 'NONE', #4757, #2728, #5246, .T. ) ;
#4398 = ORIENTED_EDGE ( 'NONE', *, *, #4038, .T. ) ;
#4399 = EDGE_CURVE ( 'NONE', #1789, #3246, #2505, .T. ) ;
#4400 = VECTOR ( 'NONE', #450, 1000.000000000000000 ) ;
#4401 = DIRECTION ( 'NONE',  ( 0.000000000000000000, -1.000000000000000000, 0.000000000000000000 ) ) ;
#4402 = ORIENTED_EDGE ( 'NONE', *, *, #2072, .F. ) ;
#4403 = DIRECTION ( 'NONE',  ( -0.000000000000000000, -0.2588190451025230154, 0.9659258262890677571 ) ) ;
#4404 = CARTESIAN_POINT ( 'NONE',  ( -45.49999999999999289, 19.00000000000000355, -5.999999999999994671 ) ) ;
#4405 = EDGE_CURVE ( 'NONE', #4716, #5336, #2323, .T. ) ;
#4406 = ORIENTED_EDGE ( 'NONE', *, *, #1722, .F. ) ;
#4407 = ADVANCED_FACE ( 'NONE', ( #3606 ), #5296, .T. ) ;
#4408 = B_SPLINE_CURVE_WITH_KNOTS ( 'NONE', 3,
 ( #4870, #2378, #2822, #1456 ),
 .UNSPECIFIED., .F., .F.,
 ( 4, 4 ),
 ( 0.0003025580033525935111, 0.0005643772626264759260 ),
 .UNSPECIFIED. ) ;
#4409 = CARTESIAN_POINT ( 'NONE',  ( -29.50000000000000355, 10.99999999999999822, 0.7499999999999937828 ) ) ;
#4410 = ORIENTED_EDGE ( 'NONE', *, *, #1693, .F. ) ;
#4411 = CARTESIAN_POINT ( 'NONE',  ( 9.750000000000001776, 21.13629669484373252, 8.180114128763401382 ) ) ;
#4412 = CYLINDRICAL_SURFACE ( 'NONE', #534, 6.499999999999999112 ) ;
#4413 = EDGE_CURVE ( 'NONE', #4202, #5178, #1896, .T. ) ;
#4414 = ORIENTED_EDGE ( 'NONE', *, *, #1629, .F. ) ;
#4415 = DIRECTION ( 'NONE',  ( 7.666467083416825084E-17, 0.7071067811865421326, 0.7071067811865530128 ) ) ;
#4416 = VERTEX_POINT ( 'NONE', #4857 ) ;
#4417 = CARTESIAN_POINT ( 'NONE',  ( 45.49999999999999289, 19.00000000000000355, -5.999999999999994671 ) ) ;
#4418 = CARTESIAN_POINT ( 'NONE',  ( 13.99999999999999822, -24.00000000000001421, 4.000000000000005329 ) ) ;
#4419 = ORIENTED_EDGE ( 'NONE', *, *, #463, .T. ) ;
#4421 = AXIS2_PLACEMENT_3D ( 'NONE', #4462, #5286, #5347 ) ;
#4420 = CARTESIAN_POINT ( 'NONE',  ( -29.50000000000000355, 21.75000000000000355, 4.000000000000001776 ) ) ;
#4422 = ORIENTED_EDGE ( 'NONE', *, *, #508, .F. ) ;
#4423 = CARTESIAN_POINT ( 'NONE',  ( 27.49999999999998579, 13.00000000000001066, -5.999999999999994671 ) ) ;
#4424 = EDGE_LOOP ( 'NONE', ( #39, #824, #1872, #4626 ) ) ;
#4425 = AXIS2_PLACEMENT_3D ( 'NONE', #3702, #2925, #711 ) ;
#4426 = CARTESIAN_POINT ( 'NONE',  ( -14.75000000000000533, -20.00000000000000000, 9.414831613163342183E-16 ) ) ;
#4427 = ADVANCED_FACE ( 'NONE', ( #1027 ), #3257, .T. ) ;
#4428 = ORIENTED_EDGE ( 'NONE', *, *, #494, .F. ) ;
#4429 = AXIS2_PLACEMENT_3D ( 'NONE', #3697, #259, #1953 ) ;
#4430 = DIRECTION ( 'NONE',  ( 0.000000000000000000, -1.000000000000000000, 0.000000000000000000 ) ) ;
#4431 = DIRECTION ( 'NONE',  ( -0.000000000000000000, 0.7071067811865512365, 0.7071067811865439090 ) ) ;
#4432 = EDGE_CURVE ( 'NONE', #3119, #4664, #4445, .T. ) ;
#4433 = ORIENTED_EDGE ( 'NONE', *, *, #4405, .T. ) ;
#4434 = LINE ( 'NONE', #4466, #5045 ) ;
#4435 = VERTEX_POINT ( 'NONE', #1863 ) ;
#4436 = CARTESIAN_POINT ( 'NONE',  ( 8.000000000000014211, 27.50000000000000000, -2.499999999999945377 ) ) ;
#4437 = EDGE_LOOP ( 'NONE', ( #5367, #2073, #2235, #588 ) ) ;
#4438 = CARTESIAN_POINT ( 'NONE',  ( -29.49999999999998579, 19.00000000000000355, 4.000000000000001776 ) ) ;
#4439 = VECTOR ( 'NONE', #3719, 1000.000000000000000 ) ;
#4440 = EDGE_CURVE ( 'NONE', #4934, #775, #3551, .T. ) ;
#4441 = ORIENTED_EDGE ( 'NONE', *, *, #2645, .F. ) ;
#4442 = EDGE_CURVE ( 'NONE', #3026, #4107, #4885, .T. ) ;
#4443 = DIRECTION ( 'NONE',  ( 0.000000000000000000, 0.000000000000000000, -1.000000000000000000 ) ) ;
#4444 = ORIENTED_EDGE ( 'NONE', *, *, #4228, .T. ) ;
#4445 = LINE ( 'NONE', #4939, #1787 ) ;
#4446 = VECTOR ( 'NONE', #1279, 1000.000000000000000 ) ;
#4447 = CARTESIAN_POINT ( 'NONE',  ( 8.000000000000001776, 35.63127873351668029, -18.99425255197303741 ) ) ;
#4448 = CIRCLE ( 'NONE', #4353, 2.000000000000001776 ) ;
#4449 = VERTEX_POINT ( 'NONE', #4916 ) ;
#4450 = VECTOR ( 'NONE', #4030, 1000.000000000000000 ) ;
#4451 = AXIS2_PLACEMENT_3D ( 'NONE', #1723, #1746, #5127 ) ;
#4452 = EDGE_CURVE ( 'NONE', #3338, #4844, #2859, .T. ) ;
#4453 = CARTESIAN_POINT ( 'NONE',  ( 45.49999999999999289, 19.00000000000000355, 3.250000000000015099 ) ) ;
#4454 = VERTEX_POINT ( 'NONE', #672 ) ;
#4455 = DIRECTION ( 'NONE',  ( 0.000000000000000000, 0.000000000000000000, 1.000000000000000000 ) ) ;
#4456 = CONICAL_SURFACE ( 'NONE', #1083, 2.499999999999995115, 0.7853981633974552734 ) ;
#4457 = VERTEX_POINT ( 'NONE', #252 ) ;
#4458 = AXIS2_PLACEMENT_3D ( 'NONE', #1852, #4046, #2775 ) ;
#4459 = CIRCLE ( 'NONE', #3033, 1.499999999999994449 ) ;
#4460 = CARTESIAN_POINT ( 'NONE',  ( -45.49999999999997868, 21.75000000000000711, 8.802867558307722022E-15 ) ) ;
#4461 = ORIENTED_EDGE ( 'NONE', *, *, #1149, .F. ) ;
#4462 = CARTESIAN_POINT ( 'NONE',  ( -45.49999999999999289, 19.00000000000000355, 0.7499999999999954481 ) ) ;
#4463 = CARTESIAN_POINT ( 'NONE',  ( -48.24999999999999289, 18.99999999999997868, 8.285051819583731970E-15 ) ) ;
#4464 = AXIS2_PLACEMENT_3D ( 'NONE', #1871, #4307, #510 ) ;
#4465 = VERTEX_POINT ( 'NONE', #2729 ) ;
#4466 = CARTESIAN_POINT ( 'NONE',  ( -7.001249498915014691, 20.62120305376064522, 8.042095203608782938 ) ) ;
#4467 = ORIENTED_EDGE ( 'NONE', *, *, #2592, .F. ) ;
#4468 = CARTESIAN_POINT ( 'NONE',  ( 8.000000000000017764, 25.00000000000000000, 6.000000000000024869 ) ) ;
#4469 = ORIENTED_EDGE ( 'NONE', *, *, #3586, .F. ) ;
#4470 = DIRECTION ( 'NONE',  ( 1.261617073437678245E-15, -1.000000000000000000, 3.154042683594195614E-16 ) ) ;
#4471 = VECTOR ( 'NONE', #1293, 1000.000000000000000 ) ;
#4472 = EDGE_CURVE ( 'NONE', #4335, #506, #5331, .T. ) ;
#4473 = VERTEX_POINT ( 'NONE', #2391 ) ;
#4474 = DIRECTION ( 'NONE',  ( 0.000000000000000000, -0.000000000000000000, -1.000000000000000000 ) ) ;
#4475 = ORIENTED_EDGE ( 'NONE', *, *, #843, .F. ) ;
#4476 = CARTESIAN_POINT ( 'NONE',  ( -20.50000000000000355, 20.00000000000000000, 0.7499999999999951150 ) ) ;
#4477 = CARTESIAN_POINT ( 'NONE',  ( 26.74999999999998934, 18.99999999999998934, 4.000000000000001776 ) ) ;
#4478 = CARTESIAN_POINT ( 'NONE',  ( -8.000000000000005329, 25.61134327749336848, -0.07590029143525336974 ) ) ;
#4479 = EDGE_CURVE ( 'NONE', #1685, #887, #284, .T. ) ;
#4480 = ORIENTED_EDGE ( 'NONE', *, *, #3615, .F. ) ;
#4481 = DIRECTION ( 'NONE',  ( 0.000000000000000000, -0.9659258262890679791, -0.2588190451025217387 ) ) ;
#4482 = EDGE_LOOP ( 'NONE', ( #3140, #1211, #954, #5282 ) ) ;
#4483 = CARTESIAN_POINT ( 'NONE',  ( 47.49999999999999289, 27.50000000000000000, -22.00000000000000711 ) ) ;
#4484 = ADVANCED_FACE ( 'NONE', ( #1552 ), #3147, .F. ) ;
#4485 = VERTEX_POINT ( 'NONE', #2942 ) ;
#4486 = VERTEX_POINT ( 'NONE', #1603 ) ;
#4487 = LINE ( 'NONE', #3594, #4770 ) ;
#4488 = CARTESIAN_POINT ( 'NONE',  ( 55.00000000000000000, 25.00000000000000000, -2.500000000000000000 ) ) ;
#4489 = VERTEX_POINT ( 'NONE', #1272 ) ;
#4490 = DIRECTION ( 'NONE',  ( -1.000000000000000000, -1.084202172485506529E-16, 1.880790961315663844E-32 ) ) ;
#4491 = ORIENTED_EDGE ( 'NONE', *, *, #1527, .T. ) ;
#4492 = DIRECTION ( 'NONE',  ( -8.979589471384858469E-16, 0.000000000000000000, 1.000000000000000000 ) ) ;
#4493 = EDGE_LOOP ( 'NONE', ( #1280, #1728, #3042, #1036 ) ) ;
#4494 = DIRECTION ( 'NONE',  ( 0.000000000000000000, 1.882966322632667746E-16, -1.000000000000000000 ) ) ;
#4495 = ORIENTED_EDGE ( 'NONE', *, *, #3999, .F. ) ;
#4496 = CARTESIAN_POINT ( 'NONE',  ( 6.853890223922394220, 23.56244537580346332, 1.045245757169184306E-14 ) ) ;
#4497 = VERTEX_POINT ( 'NONE', #2553 ) ;
#4498 = CARTESIAN_POINT ( 'NONE',  ( 18.00000000000000711, 20.00000000000000000, 0.7499999999999954481 ) ) ;
#4499 = EDGE_CURVE ( 'NONE', #3414, #1716, #3645, .T. ) ;
#4500 = DIRECTION ( 'NONE',  ( 0.000000000000000000, 0.000000000000000000, 1.000000000000000000 ) ) ;
#4501 = FACE_OUTER_BOUND ( 'NONE', #3273, .T. ) ;
#4502 = DIRECTION ( 'NONE',  ( 0.000000000000000000, -1.000000000000000000, -1.882966322632667746E-16 ) ) ;
#4503 = EDGE_CURVE ( 'NONE', #1311, #4590, #3792, .T. ) ;
#4504 = VERTEX_POINT ( 'NONE', #3334 ) ;
#4505 = LINE ( 'NONE', #5003, #2841 ) ;
#4506 = ADVANCED_FACE ( 'NONE', ( #5486 ), #4656, .T. ) ;
#4507 = ORIENTED_EDGE ( 'NONE', *, *, #3782, .T. ) ;
#4508 = AXIS2_PLACEMENT_3D ( 'NONE', #560, #471, #1325 ) ;
#4509 = EDGE_CURVE ( 'NONE', #2324, #351, #1213, .T. ) ;
#4510 = ORIENTED_EDGE ( 'NONE', *, *, #1859, .F. ) ;
#4511 = LINE ( 'NONE', #299, #3718 ) ;
#4512 = LINE ( 'NONE', #1621, #366 ) ;
#4513 = VECTOR ( 'NONE', #1317, 1000.000000000000000 ) ;
#4514 = ORIENTED_EDGE ( 'NONE', *, *, #1299, .T. ) ;
#4516 = AXIS2_PLACEMENT_3D ( 'NONE', #2453, #2944, #3335 ) ;
#4515 = DIRECTION ( 'NONE',  ( -1.000000000000000000, 1.623524136776981613E-15, 4.350219813418295278E-16 ) ) ;
#4517 = EDGE_CURVE ( 'NONE', #1459, #1789, #3024, .T. ) ;
#4518 = EDGE_LOOP ( 'NONE', ( #3278, #4008, #5014, #1289 ) ) ;
#4519 = DIRECTION ( 'NONE',  ( -0.000000000000000000, 0.2588190451025218497, -0.9659258262890680902 ) ) ;
#4520 = VERTEX_POINT ( 'NONE', #3280 ) ;
#4521 = DIRECTION ( 'NONE',  ( 0.000000000000000000, 0.000000000000000000, -1.000000000000000000 ) ) ;
#4522 = AXIS2_PLACEMENT_3D ( 'NONE', #833, #3800, #2536 ) ;
#4523 = AXIS2_PLACEMENT_3D ( 'NONE', #3433, #586, #1856 ) ;
#4524 = VERTEX_POINT ( 'NONE', #4967 ) ;
#4525 = LINE ( 'NONE', #4112, #2607 ) ;
#4526 = ORIENTED_EDGE ( 'NONE', *, *, #2715, .T. ) ;
#4528 = AXIS2_PLACEMENT_3D ( 'NONE', #2427, #5387, #2025 ) ;
#4527 = DIRECTION ( 'NONE',  ( -0.000000000000000000, 1.000000000000000000, 0.000000000000000000 ) ) ;
#4529 = DIRECTION ( 'NONE',  ( -0.000000000000000000, 0.000000000000000000, -1.000000000000000000 ) ) ;
#4530 = CARTESIAN_POINT ( 'NONE',  ( -7.462608952153032327, 25.00000000000000000, 9.414831613163337449E-15 ) ) ;
#4531 = AXIS2_PLACEMENT_3D ( 'NONE', #4740, #2218, #3464 ) ;
#4532 = CONICAL_SURFACE ( 'NONE', #2223, 1.500000000000025535, 0.7853981633974489451 ) ;
#4533 = DIRECTION ( 'NONE',  ( -1.000000000000000000, 0.000000000000000000, 0.000000000000000000 ) ) ;
#4534 = ORIENTED_EDGE ( 'NONE', *, *, #432, .T. ) ;
#4535 = CARTESIAN_POINT ( 'NONE',  ( 7.885074934503844446, 27.50000000000000000, -7.500000000000000000 ) ) ;
#4536 = VECTOR ( 'NONE', #1922, 1000.000000000000000 ) ;
#4537 = ORIENTED_EDGE ( 'NONE', *, *, #2606, .F. ) ;
#4538 = CIRCLE ( 'NONE', #2589, 2.750000000000002665 ) ;
#4539 = EDGE_CURVE ( 'NONE', #3543, #5178, #3556, .T. ) ;
#4540 = ORIENTED_EDGE ( 'NONE', *, *, #5115, .F. ) ;
#4541 = DIRECTION ( 'NONE',  ( 0.000000000000000000, 0.2588190451025230154, -0.9659258262890677571 ) ) ;
#4542 = LINE ( 'NONE', #741, #2046 ) ;
#4543 = ORIENTED_EDGE ( 'NONE', *, *, #402, .T. ) ;
#4544 = CIRCLE ( 'NONE', #904, 3.800000000000007372 ) ;
#4545 = CARTESIAN_POINT ( 'NONE',  ( 45.99999999999999289, 27.50000000000000000, -7.500000000000000000 ) ) ;
#4546 = ORIENTED_EDGE ( 'NONE', *, *, #4062, .F. ) ;
#4547 = PLANE ( 'NONE',  #5162 ) ;
#4548 = CARTESIAN_POINT ( 'NONE',  ( 8.000000000000024869, 25.61134327749335782, -0.07590029143525120481 ) ) ;
#4549 = CIRCLE ( 'NONE', #3394, 3.499999999999992895 ) ;
#4550 = LINE ( 'NONE', #2865, #3286 ) ;
#4551 = VERTEX_POINT ( 'NONE', #1802 ) ;
#4552 = DIRECTION ( 'NONE',  ( 0.000000000000000000, -0.9659258262890679791, -0.2588190451025217387 ) ) ;
#4553 = ORIENTED_EDGE ( 'NONE', *, *, #514, .F. ) ;
#4554 = CARTESIAN_POINT ( 'NONE',  ( 14.49999999999999289, -20.00000000000000000, 4.000000000000008882 ) ) ;
#4555 = DIRECTION ( 'NONE',  ( -0.000000000000000000, -0.000000000000000000, 1.000000000000000000 ) ) ;
#4556 = CARTESIAN_POINT ( 'NONE',  ( 45.49999999999998579, 13.00000000000000000, 0.7499999999999937828 ) ) ;
#4557 = VECTOR ( 'NONE', #687, 1000.000000000000114 ) ;
#4558 = DIRECTION ( 'NONE',  ( 0.000000000000000000, 1.000000000000000000, 0.000000000000000000 ) ) ;
#4559 = ADVANCED_FACE ( 'NONE', ( #1402 ), #4356, .T. ) ;
#4560 = CARTESIAN_POINT ( 'NONE',  ( 21.25000000000001066, 20.00000000000000355, 8.473348451847003231E-15 ) ) ;
#4561 = ORIENTED_EDGE ( 'NONE', *, *, #3410, .T. ) ;
#4562 = DIRECTION ( 'NONE',  ( -6.505213034913003924E-16, -2.168404344971006896E-16, -1.000000000000000000 ) ) ;
#4563 = VERTEX_POINT ( 'NONE', #3493 ) ;
#4564 = ORIENTED_EDGE ( 'NONE', *, *, #1828, .T. ) ;
#4565 = EDGE_CURVE ( 'NONE', #2247, #1016, #641, .T. ) ;
#4566 = DIRECTION ( 'NONE',  ( -0.000000000000000000, -1.882966322632667746E-16, 1.000000000000000000 ) ) ;
#4567 = CARTESIAN_POINT ( 'NONE',  ( 13.00000000000000533, -25.00000000000000000, 3.000000000000022649 ) ) ;
#4568 = CIRCLE ( 'NONE', #2459, 3.249999999999999556 ) ;
#4569 = EDGE_LOOP ( 'NONE', ( #2362, #4018, #2731, #2906 ) ) ;
#4570 = EDGE_CURVE ( 'NONE', #3040, #2434, #4796, .T. ) ;
#4571 = ORIENTED_EDGE ( 'NONE', *, *, #1652, .F. ) ;
#4572 = CARTESIAN_POINT ( 'NONE',  ( 52.50000000000000000, 27.50000000000000000, -22.00000000000000355 ) ) ;
#4573 = EDGE_CURVE ( 'NONE', #4757, #5305, #3850, .T. ) ;
#4574 = DIRECTION ( 'NONE',  ( 0.000000000000000000, 0.000000000000000000, -1.000000000000000000 ) ) ;
#4575 = DIRECTION ( 'NONE',  ( 1.000000000000000000, 0.000000000000000000, 0.000000000000000000 ) ) ;
#4576 = EDGE_CURVE ( 'NONE', #5446, #2516, #924, .T. ) ;
#4577 = ORIENTED_EDGE ( 'NONE', *, *, #1321, .F. ) ;
#4578 = CARTESIAN_POINT ( 'NONE',  ( -25.50000000000000000, 4.998909409702481987, 4.000000000000005329 ) ) ;
#4579 = EDGE_LOOP ( 'NONE', ( #5328, #5090, #1748, #1561 ) ) ;
#4580 = CARTESIAN_POINT ( 'NONE',  ( -55.00000000000000000, 25.00000000000000000, 4.000000000000000888 ) ) ;
#4581 = CARTESIAN_POINT ( 'NONE',  ( -54.00000000000000000, -22.50000000000000000, 4.707415806581655314E-16 ) ) ;
#4582 = DIRECTION ( 'NONE',  ( 0.000000000000000000, -1.000000000000000000, 0.000000000000000000 ) ) ;
#4583 = FACE_OUTER_BOUND ( 'NONE', #2962, .T. ) ;
#4584 = ORIENTED_EDGE ( 'NONE', *, *, #3589, .T. ) ;
#4585 = DIRECTION ( 'NONE',  ( 0.000000000000000000, -0.9659258262890679791, -0.2588190451025216832 ) ) ;
#4586 = EDGE_LOOP ( 'NONE', ( #1451, #4029, #4139, #1361 ) ) ;
#4587 = EDGE_LOOP ( 'NONE', ( #5460, #3660, #4514, #2618, #3616, #1532 ) ) ;
#4588 = LINE ( 'NONE', #5451, #4152 ) ;
#4589 = CYLINDRICAL_SURFACE ( 'NONE', #1779, 2.500000000000004441 ) ;
#4590 = VERTEX_POINT ( 'NONE', #2976 ) ;
#4591 = EDGE_CURVE ( 'NONE', #5305, #31, #3210, .T. ) ;
#4592 = VERTEX_POINT ( 'NONE', #3001 ) ;
#4593 = CARTESIAN_POINT ( 'NONE',  ( -7.462608952153032327, 25.00000000000000000, 9.414831613163337449E-15 ) ) ;
#4594 = CIRCLE ( 'NONE', #5301, 1.500000000000001332 ) ;
#4595 = CARTESIAN_POINT ( 'NONE',  ( -18.00000000000000711, -20.00000000000000000, 3.000000000000011546 ) ) ;
#4596 = CARTESIAN_POINT ( 'NONE',  ( 7.885074934503844446, 27.50000000000000000, -7.500000000000000000 ) ) ;
#4597 = AXIS2_PLACEMENT_3D ( 'NONE', #3323, #5397, #812 ) ;
#4598 = VECTOR ( 'NONE', #4401, 1000.000000000000000 ) ;
#4599 = LINE ( 'NONE', #2868, #3916 ) ;
#4600 = ORIENTED_EDGE ( 'NONE', *, *, #4397, .T. ) ;
#4601 = DIRECTION ( 'NONE',  ( 0.000000000000000000, 0.000000000000000000, -1.000000000000000000 ) ) ;
#4602 = ADVANCED_FACE ( 'NONE', ( #1258, #4224 ), #5171, .T. ) ;
#4603 = DIRECTION ( 'NONE',  ( -0.000000000000000000, 0.000000000000000000, 1.000000000000000000 ) ) ;
#4604 = CIRCLE ( 'NONE', #80, 1.499999999999997780 ) ;
#4605 = CARTESIAN_POINT ( 'NONE',  ( 55.00000000000000000, -22.50000000000000000, 3.000000000000021760 ) ) ;
#4606 = AXIS2_PLACEMENT_3D ( 'NONE', #3874, #880, #3019 ) ;
#4607 = ADVANCED_FACE ( 'NONE', ( #511 ), #3861, .F. ) ;
#4608 = CIRCLE ( 'NONE', #358, 1.500000000000001110 ) ;
#4609 = DIRECTION ( 'NONE',  ( 1.892425610156517289E-14, 1.000000000000000000, 1.882966322632668732E-16 ) ) ;
#4610 = ORIENTED_EDGE ( 'NONE', *, *, #2307, .F. ) ;
#4611 = DIRECTION ( 'NONE',  ( -1.000000000000000000, 0.000000000000000000, 0.000000000000000000 ) ) ;
#4612 = AXIS2_PLACEMENT_3D ( 'NONE', #5067, #3812, #4288 ) ;
#4613 = EDGE_LOOP ( 'NONE', ( #2201, #4070, #3843, #2376 ) ) ;
#4614 = VECTOR ( 'NONE', #922, 1000.000000000000227 ) ;
#4615 = ADVANCED_FACE ( 'NONE', ( #3806 ), #4456, .T. ) ;
#4616 = CIRCLE ( 'NONE', #2584, 2.800000000000000711 ) ;
#4617 = DIRECTION ( 'NONE',  ( 0.000000000000000000, 0.9659258262890678681, 0.2588190451025226269 ) ) ;
#4618 = AXIS2_PLACEMENT_3D ( 'NONE', #7, #4750, #4251 ) ;
#4619 = DIRECTION ( 'NONE',  ( 1.000000000000000000, 0.000000000000000000, 0.000000000000000000 ) ) ;
#4620 = VERTEX_POINT ( 'NONE', #451 ) ;
#4621 = EDGE_CURVE ( 'NONE', #4311, #4912, #1362, .T. ) ;
#4622 = VECTOR ( 'NONE', #2366, 1000.000000000000000 ) ;
#4623 = CARTESIAN_POINT ( 'NONE',  ( 45.49999999999999289, 19.00000000000000355, 0.7499999999999954481 ) ) ;
#4624 = VERTEX_POINT ( 'NONE', #3065 ) ;
#4625 = DIRECTION ( 'NONE',  ( 0.000000000000000000, 0.000000000000000000, -1.000000000000000000 ) ) ;
#4626 = ORIENTED_EDGE ( 'NONE', *, *, #5256, .T. ) ;
#4627 = CARTESIAN_POINT ( 'NONE',  ( -47.50000000000000711, 31.50000000000000000, -23.50000000000002842 ) ) ;
#4628 = VECTOR ( 'NONE', #4021, 1000.000000000000227 ) ;
#4629 = AXIS2_PLACEMENT_3D ( 'NONE', #3818, #16, #1711 ) ;
#4630 = AXIS2_PLACEMENT_3D ( 'NONE', #753, #3743, #389 ) ;
#4631 = VECTOR ( 'NONE', #3412, 1000.000000000000000 ) ;
#4632 = CARTESIAN_POINT ( 'NONE',  ( -20.50000000000000355, 20.00000000000000000, -5.999999999999994671 ) ) ;
#4633 = ORIENTED_EDGE ( 'NONE', *, *, #4904, .T. ) ;
#4634 = DIRECTION ( 'NONE',  ( 0.7071067811865512365, 0.7071067811865439090, 0.000000000000000000 ) ) ;
#4635 = CARTESIAN_POINT ( 'NONE',  ( -50.00000000000000000, 27.50000000000000355, -20.94402827082332408 ) ) ;
#4636 = DIRECTION ( 'NONE',  ( 1.000000000000000000, 0.000000000000000000, -0.000000000000000000 ) ) ;
#4637 = EDGE_CURVE ( 'NONE', #1654, #1197, #3777, .T. ) ;
#4638 = EDGE_CURVE ( 'NONE', #321, #1395, #2593, .T. ) ;
#4639 = DIRECTION ( 'NONE',  ( -0.000000000000000000, -0.000000000000000000, 1.000000000000000000 ) ) ;
#4640 = CARTESIAN_POINT ( 'NONE',  ( -29.49999999999998579, 19.00000000000000355, 8.285051819583736703E-15 ) ) ;
#4641 = ORIENTED_EDGE ( 'NONE', *, *, #5325, .T. ) ;
#4642 = CARTESIAN_POINT ( 'NONE',  ( 50.00000000000000000, 31.50000000000000000, -20.78937450657182495 ) ) ;
#4643 = VECTOR ( 'NONE', #2701, 1000.000000000000114 ) ;
#4644 = ORIENTED_EDGE ( 'NONE', *, *, #1955, .F. ) ;
#4645 = FACE_BOUND ( 'NONE', #3760, .T. ) ;
#4646 = CARTESIAN_POINT ( 'NONE',  ( -10.00000000000000711, 25.00000000000000000, 1.999999999999999556 ) ) ;
#4647 = CARTESIAN_POINT ( 'NONE',  ( 48.24999999999998579, 13.00000000000001066, 7.155272026004137534E-15 ) ) ;
#4648 = ORIENTED_EDGE ( 'NONE', *, *, #3303, .T. ) ;
#4649 = CARTESIAN_POINT ( 'NONE',  ( -9.749999999999998224, 19.06574433402355950, 15.90752073907594699 ) ) ;
#4650 = ORIENTED_EDGE ( 'NONE', *, *, #533, .F. ) ;
#4651 = CARTESIAN_POINT ( 'NONE',  ( -55.00000000000000000, 25.00000000000000000, -2.500000000000000000 ) ) ;
#4652 = CARTESIAN_POINT ( 'NONE',  ( 52.50000000000000000, -24.00000000000000000, 1.882966322632659365E-16 ) ) ;
#4653 = DIRECTION ( 'NONE',  ( -0.000000000000000000, -0.000000000000000000, 1.000000000000000000 ) ) ;
#4654 = ORIENTED_EDGE ( 'NONE', *, *, #5388, .T. ) ;
#4655 = CARTESIAN_POINT ( 'NONE',  ( 22.49999999999999645, 4.998909409702481987, 6.071532165918824830E-15 ) ) ;
#4656 = PLANE ( 'NONE',  #894 ) ;
#4657 = DIRECTION ( 'NONE',  ( 1.000000000000000000, 0.000000000000000000, 0.000000000000000000 ) ) ;
#4658 = DIRECTION ( 'NONE',  ( 0.000000000000000000, -9.912705577010348229E-16, 1.000000000000000000 ) ) ;
#4659 = DIRECTION ( 'NONE',  ( 1.000000000000000000, 0.000000000000000000, 0.000000000000000000 ) ) ;
#4660 = ADVANCED_FACE ( 'NONE', ( #3669 ), #1137, .F. ) ;
#4661 = LINE ( 'NONE', #5082, #4351 ) ;
#4662 =( BOUNDED_CURVE ( )  B_SPLINE_CURVE ( 3, ( #5464, #1661, #3359, #830 ),
 .UNSPECIFIED., .F., .F. ) 
 B_SPLINE_CURVE_WITH_KNOTS ( ( 4, 4 ),
 ( 0.6751315329370300988, 0.7288934662040047474 ),
 .UNSPECIFIED. ) 
 CURVE ( )  GEOMETRIC_REPRESENTATION_ITEM ( )  RATIONAL_B_SPLINE_CURVE ( ( 1.000000000000000000, 0.9997591523809076230, 0.9997591523809076230, 1.000000000000000000 ) ) 
 REPRESENTATION_ITEM ( '' )  );
#4663 = ORIENTED_EDGE ( 'NONE', *, *, #3281, .T. ) ;
#4664 = VERTEX_POINT ( 'NONE', #2789 ) ;
#4665 = EDGE_CURVE ( 'NONE', #5266, #636, #149, .T. ) ;
#4666 = CARTESIAN_POINT ( 'NONE',  ( -8.000000000000007105, 25.00000000000000000, -2.500000000000000000 ) ) ;
#4667 = EDGE_CURVE ( 'NONE', #4486, #2456, #1884, .T. ) ;
#4668 = CARTESIAN_POINT ( 'NONE',  ( 47.49999999999999289, -23.50000000000000000, -22.00000000000000711 ) ) ;
#4669 = DIRECTION ( 'NONE',  ( -0.000000000000000000, 1.000000000000000000, -0.000000000000000000 ) ) ;
#4670 = VERTEX_POINT ( 'NONE', #4918 ) ;
#4671 = EDGE_CURVE ( 'NONE', #4449, #5441, #5333, .T. ) ;
#4672 = DIRECTION ( 'NONE',  ( -0.7071067811865469066, 0.000000000000000000, -0.7071067811865482389 ) ) ;
#4673 = EDGE_LOOP ( 'NONE', ( #3625, #207, #425, #4054 ) ) ;
#4674 = CARTESIAN_POINT ( 'NONE',  ( -25.70885981545882615, -15.00000000000000178, 4.000000000000005329 ) ) ;
#4675 = CARTESIAN_POINT ( 'NONE',  ( 9.750000000000001776, 16.36115202041416694, 15.18282741278888537 ) ) ;
#4676 = ADVANCED_FACE ( 'NONE', ( #3607 ), #1113, .F. ) ;
#4677 = CONICAL_SURFACE ( 'NONE', #2828, 1.500000000000004885, 0.7853981633974523868 ) ;
#4678 = LINE ( 'NONE', #2985, #2071 ) ;
#4679 = ORIENTED_EDGE ( 'NONE', *, *, #5218, .F. ) ;
#4680 = LINE ( 'NONE', #3462, #1171 ) ;
#4681 = CARTESIAN_POINT ( 'NONE',  ( 29.49999999999998579, 12.99999999999999822, -5.999999999999994671 ) ) ;
#4682 = CARTESIAN_POINT ( 'NONE',  ( -48.24999999999999289, 18.99999999999997868, 4.000000000000001776 ) ) ;
#4683 = VECTOR ( 'NONE', #5479, 1000.000000000000000 ) ;
#4684 = DIRECTION ( 'NONE',  ( -0.000000000000000000, -0.000000000000000000, 1.000000000000000000 ) ) ;
#4685 = LINE ( 'NONE', #5163, #3212 ) ;
#4686 = PLANE ( 'NONE',  #285 ) ;
#4687 = AXIS2_PLACEMENT_3D ( 'NONE', #4649, #1344, #2629 ) ;
#4688 = ORIENTED_EDGE ( 'NONE', *, *, #228, .T. ) ;
#4689 = AXIS2_PLACEMENT_3D ( 'NONE', #1535, #1220, #4976 ) ;
#4690 = DIRECTION ( 'NONE',  ( -4.350219813418295278E-16, -0.000000000000000000, -1.000000000000000000 ) ) ;
#4691 = AXIS2_PLACEMENT_3D ( 'NONE', #4447, #2730, #3582 ) ;
#4692 = DIRECTION ( 'NONE',  ( 0.000000000000000000, 0.000000000000000000, 1.000000000000000000 ) ) ;
#4693 = DIRECTION ( 'NONE',  ( 0.000000000000000000, 1.000000000000000000, 1.882966322632666514E-16 ) ) ;
#4694 = VERTEX_POINT ( 'NONE', #2261 ) ;
#4695 = ORIENTED_EDGE ( 'NONE', *, *, #4638, .T. ) ;
#4696 = EDGE_CURVE ( 'NONE', #5290, #3997, #3090, .T. ) ;
#4697 = DIRECTION ( 'NONE',  ( 0.000000000000000000, -1.000000000000000000, -1.882966322632667746E-16 ) ) ;
#4698 = VECTOR ( 'NONE', #120, 1000.000000000000000 ) ;
#4699 = ORIENTED_EDGE ( 'NONE', *, *, #1481, .T. ) ;
#4700 = DIRECTION ( 'NONE',  ( -0.7071067811865549002, 0.000000000000000000, 0.7071067811865401342 ) ) ;
#4701 = VECTOR ( 'NONE', #4823, 1000.000000000000114 ) ;
#4702 = FACE_BOUND ( 'NONE', #1121, .T. ) ;
#4703 = ADVANCED_FACE ( 'NONE', ( #316 ), #2507, .T. ) ;
#4704 = CIRCLE ( 'NONE', #987, 2.499999999999998668 ) ;
#4705 = CARTESIAN_POINT ( 'NONE',  ( -45.49999999999996447, 10.24999999999999822, 4.000000000000003553 ) ) ;
#4706 = ORIENTED_EDGE ( 'NONE', *, *, #5137, .F. ) ;
#4707 = LINE ( 'NONE', #4355, #3218 ) ;
#4708 = VECTOR ( 'NONE', #1389, 1000.000000000000114 ) ;
#4709 = DIRECTION ( 'NONE',  ( -0.000000000000000000, 1.000000000000000000, -0.000000000000000000 ) ) ;
#4710 = PLANE ( 'NONE',  #2759 ) ;
#4711 = EDGE_CURVE ( 'NONE', #2360, #3289, #5297, .T. ) ;
#4712 = VECTOR ( 'NONE', #2126, 999.9999999999998863 ) ;
#4713 = CARTESIAN_POINT ( 'NONE',  ( 8.000000000000007105, 29.49999999999999645, -2.500000000000002665 ) ) ;
#4714 = CYLINDRICAL_SURFACE ( 'NONE', #4451, 1.500000000000001332 ) ;
#4715 = CARTESIAN_POINT ( 'NONE',  ( 20.50000000000000355, -20.00000000000000000, 0.7499999999999876765 ) ) ;
#4716 = VERTEX_POINT ( 'NONE', #3200 ) ;
#4717 = FACE_OUTER_BOUND ( 'NONE', #1056, .T. ) ;
#4718 = VECTOR ( 'NONE', #4639, 1000.000000000000000 ) ;
#4719 = ORIENTED_EDGE ( 'NONE', *, *, #4092, .F. ) ;
#4720 = CARTESIAN_POINT ( 'NONE',  ( -52.50000000000000000, 30.50000000000002842, -24.50000000000000000 ) ) ;
#4721 = LINE ( 'NONE', #2887, #2780 ) ;
#4722 = LINE ( 'NONE', #4337, #433 ) ;
#4723 = DIRECTION ( 'NONE',  ( -1.680795867126050913E-15, -0.9659258262890677571, -0.2588190451025224603 ) ) ;
#4724 = AXIS2_PLACEMENT_3D ( 'NONE', #774, #2048, #2102 ) ;
#4725 = VERTEX_POINT ( 'NONE', #286 ) ;
#4726 = ORIENTED_EDGE ( 'NONE', *, *, #3418, .T. ) ;
#4727 = DIRECTION ( 'NONE',  ( 0.000000000000000000, -0.9659258262890678681, -0.2588190451025220162 ) ) ;
#4728 = ADVANCED_FACE ( 'NONE', ( #1529 ), #555, .F. ) ;
#4729 = EDGE_LOOP ( 'NONE', ( #2150, #2411 ) ) ;
#4730 = CARTESIAN_POINT ( 'NONE',  ( -55.00000000000000000, 25.00000000000000000, -2.500000000000000000 ) ) ;
#4731 = FACE_BOUND ( 'NONE', #2752, .T. ) ;
#4732 = VECTOR ( 'NONE', #304, 1000.000000000000000 ) ;
#4733 = EDGE_CURVE ( 'NONE', #664, #325, #5156, .T. ) ;
#4734 = DIRECTION ( 'NONE',  ( 0.7071067811865540120, -6.542051911182450754E-15, 0.7071067811865410224 ) ) ;
#4735 = EDGE_LOOP ( 'NONE', ( #928, #4986, #1726, #3631 ) ) ;
#4736 = DIRECTION ( 'NONE',  ( 0.000000000000000000, 0.000000000000000000, 1.000000000000000000 ) ) ;
#4737 = DIRECTION ( 'NONE',  ( 2.523234146875353335E-14, 1.000000000000000000, 1.882966322632666267E-16 ) ) ;
#4738 = DIRECTION ( 'NONE',  ( 0.000000000000000000, 1.000000000000000000, 0.000000000000000000 ) ) ;
#4739 = EDGE_CURVE ( 'NONE', #636, #2434, #4184, .T. ) ;
#4740 = CARTESIAN_POINT ( 'NONE',  ( 27.49999999999998579, 18.99999999999998934, 3.250000000000015099 ) ) ;
#4741 = EDGE_CURVE ( 'NONE', #1026, #3040, #1087, .T. ) ;
#4742 = FACE_OUTER_BOUND ( 'NONE', #3833, .T. ) ;
#4743 = FACE_OUTER_BOUND ( 'NONE', #3891, .T. ) ;
#4744 = ORIENTED_EDGE ( 'NONE', *, *, #2842, .T. ) ;
#4745 = DIRECTION ( 'NONE',  ( -1.000000000000000000, 0.000000000000000000, 0.000000000000000000 ) ) ;
#4746 = EDGE_CURVE ( 'NONE', #2356, #4749, #253, .T. ) ;
#4747 = FACE_OUTER_BOUND ( 'NONE', #2174, .T. ) ;
#4748 = CARTESIAN_POINT ( 'NONE',  ( 54.00000000000000000, 25.00000000000000000, -2.500000000000000000 ) ) ;
#4749 = VERTEX_POINT ( 'NONE', #4779 ) ;
#4750 = DIRECTION ( 'NONE',  ( 0.000000000000000000, -1.000000000000000000, 0.000000000000000000 ) ) ;
#4751 = DIRECTION ( 'NONE',  ( -1.387778780781445367E-17, -0.2588190451025217942, 0.9659258262890679791 ) ) ;
#4752 = FACE_OUTER_BOUND ( 'NONE', #2313, .T. ) ;
#4753 = ORIENTED_EDGE ( 'NONE', *, *, #4295, .F. ) ;
#4754 = CIRCLE ( 'NONE', #2185, 2.499999999999998668 ) ;
#4755 = ORIENTED_EDGE ( 'NONE', *, *, #2133, .F. ) ;
#4756 = DIRECTION ( 'NONE',  ( -0.000000000000000000, -0.000000000000000000, 1.000000000000000000 ) ) ;
#4757 = VERTEX_POINT ( 'NONE', #1574 ) ;
#4758 = CARTESIAN_POINT ( 'NONE',  ( 29.50000000000000355, 21.00000000000000000, 0.7499999999999954481 ) ) ;
#4759 = CARTESIAN_POINT ( 'NONE',  ( 50.00000000000000000, 31.50000000000000000, -18.99999999999998934 ) ) ;
#4760 = CARTESIAN_POINT ( 'NONE',  ( -8.000000000000005329, 25.61134327749336848, -0.07590029143525336974 ) ) ;
#4761 = ORIENTED_EDGE ( 'NONE', *, *, #459, .T. ) ;
#4762 = DIRECTION ( 'NONE',  ( 0.000000000000000000, 0.000000000000000000, -1.000000000000000000 ) ) ;
#4763 = CARTESIAN_POINT ( 'NONE',  ( -54.00000000000002842, -22.50000000000000000, 4.000000000000009770 ) ) ;
#4764 = CARTESIAN_POINT ( 'NONE',  ( 14.75000000000000533, -20.00000000000000000, 9.414831613163342183E-16 ) ) ;
#4765 = EDGE_CURVE ( 'NONE', #3784, #3363, #4969, .T. ) ;
#4766 = APPLICATION_PROTOCOL_DEFINITION ( 'draft international standard', 'automotive_design', 1998, #5355 ) ;
#4767 = EDGE_CURVE ( 'NONE', #313, #1795, #3503, .T. ) ;
#4768 = DIRECTION ( 'NONE',  ( 0.000000000000000000, 0.000000000000000000, -1.000000000000000000 ) ) ;
#4769 = DIRECTION ( 'NONE',  ( -0.7071067811865549002, 0.000000000000000000, -0.7071067811865401342 ) ) ;
#4770 = VECTOR ( 'NONE', #3956, 1000.000000000000114 ) ;
#4771 = CARTESIAN_POINT ( 'NONE',  ( 47.49999999999999289, 18.99999999999998579, 3.250000000000015099 ) ) ;
#4772 = ADVANCED_FACE ( 'NONE', ( #978 ), #2685, .F. ) ;
#4773 = ORIENTED_EDGE ( 'NONE', *, *, #4032, .F. ) ;
#4774 = AXIS2_PLACEMENT_3D ( 'NONE', #2717, #4403, #602 ) ;
#4775 = AXIS2_PLACEMENT_3D ( 'NONE', #4623, #237, #3979 ) ;
#4776 = DIRECTION ( 'NONE',  ( 0.000000000000000000, -1.387778780781443506E-15, 1.000000000000000000 ) ) ;
#4777 = DIRECTION ( 'NONE',  ( -0.7071067811865549002, -0.7071067811865401342, 0.000000000000000000 ) ) ;
#4778 = ORIENTED_EDGE ( 'NONE', *, *, #5011, .F. ) ;
#4779 = CARTESIAN_POINT ( 'NONE',  ( -21.50000000000002132, 20.00000000000000000, 4.000000000000001776 ) ) ;
#4780 = DIRECTION ( 'NONE',  ( -0.000000000000000000, -0.000000000000000000, 1.000000000000000000 ) ) ;
#4781 = DIRECTION ( 'NONE',  ( 0.000000000000000000, 0.000000000000000000, 1.000000000000000000 ) ) ;
#4782 = AXIS2_PLACEMENT_3D ( 'NONE', #1970, #4051, #3251 ) ;
#4783 = ADVANCED_FACE ( 'NONE', ( #2501 ), #2022, .T. ) ;
#4784 = ORIENTED_EDGE ( 'NONE', *, *, #1091, .F. ) ;
#4785 = ORIENTED_EDGE ( 'NONE', *, *, #4233, .F. ) ;
#4786 = FACE_OUTER_BOUND ( 'NONE', #3250, .T. ) ;
#4787 = AXIS2_PLACEMENT_3D ( 'NONE', #1440, #201, #4390 ) ;
#4788 = EDGE_LOOP ( 'NONE', ( #1039, #4989, #3231, #531 ) ) ;
#4789 = CARTESIAN_POINT ( 'NONE',  ( 55.00000000000000000, 25.00000000000000000, -2.500000000000000000 ) ) ;
#4790 = DIRECTION ( 'NONE',  ( 0.000000000000000000, 0.9659258262890678681, 0.2588190451025226269 ) ) ;
#4791 = EDGE_CURVE ( 'NONE', #5175, #4041, #4359, .T. ) ;
#4792 = AXIS2_PLACEMENT_3D ( 'NONE', #5050, #2945, #2989 ) ;
#4793 = LINE ( 'NONE', #606, #4557 ) ;
#4794 = VERTEX_POINT ( 'NONE', #2050 ) ;
#4795 = DIRECTION ( 'NONE',  ( -0.7071067811865375807, 1.331458255479474602E-16, -0.7071067811865574537 ) ) ;
#4796 = LINE ( 'NONE', #997, #3467 ) ;
#4797 = DIRECTION ( 'NONE',  ( 0.000000000000000000, -1.000000000000000000, 1.734723475976807341E-16 ) ) ;
#4798 = AXIS2_PLACEMENT_3D ( 'NONE', #1610, #3317, #2898 ) ;
#4799 = AXIS2_PLACEMENT_3D ( 'NONE', #2188, #3055, #3496 ) ;
#4800 = VERTEX_POINT ( 'NONE', #1655 ) ;
#4801 = CIRCLE ( 'NONE', #3031, 2.749999999999999112 ) ;
#4802 = CARTESIAN_POINT ( 'NONE',  ( -45.49999999999997868, 21.00000000000000000, -5.999999999999994671 ) ) ;
#4803 = DIRECTION ( 'NONE',  ( 0.000000000000000000, 0.000000000000000000, 1.000000000000000000 ) ) ;
#4804 = EDGE_CURVE ( 'NONE', #1810, #4047, #1190, .T. ) ;
#4805 = CARTESIAN_POINT ( 'NONE',  ( -29.49999999999998579, 12.99999999999999822, 4.000000000000002665 ) ) ;
#4806 = EDGE_CURVE ( 'NONE', #4563, #3321, #4801, .T. ) ;
#4807 = VECTOR ( 'NONE', #220, 1000.000000000000000 ) ;
#4808 = VERTEX_POINT ( 'NONE', #4190 ) ;
#4809 = LINE ( 'NONE', #1812, #5147 ) ;
#4810 = VECTOR ( 'NONE', #5079, 1000.000000000000000 ) ;
#4811 = CARTESIAN_POINT ( 'NONE',  ( -27.00000000000094857, -41.49999999999942446, -8.500000000000000000 ) ) ;
#4812 = VERTEX_POINT ( 'NONE', #4157 ) ;
#4813 = CYLINDRICAL_SURFACE ( 'NONE', #4867, 2.499999999999998668 ) ;
#4814 = DIRECTION ( 'NONE',  ( 0.000000000000000000, -1.000000000000000000, 3.154042683594191669E-16 ) ) ;
#4815 = EDGE_CURVE ( 'NONE', #3338, #1270, #2081, .T. ) ;
#4816 = ORIENTED_EDGE ( 'NONE', *, *, #4380, .T. ) ;
#4817 = ORIENTED_EDGE ( 'NONE', *, *, #4204, .T. ) ;
#4818 = LINE ( 'NONE', #4426, #707 ) ;
#4819 = EDGE_CURVE ( 'NONE', #3698, #2358, #5442, .T. ) ;
#4820 = EDGE_LOOP ( 'NONE', ( #3371, #1160, #3134, #3330 ) ) ;
#4821 = CIRCLE ( 'NONE', #303, 2.000000000000000000 ) ;
#4822 = FACE_OUTER_BOUND ( 'NONE', #4156, .T. ) ;
#4823 = DIRECTION ( 'NONE',  ( 0.000000000000000000, 0.8660254037844393737, -0.4999999999999985567 ) ) ;
#4824 = DIRECTION ( 'NONE',  ( 0.000000000000000000, 0.000000000000000000, -1.000000000000000000 ) ) ;
#4825 = ORIENTED_EDGE ( 'NONE', *, *, #3827, .T. ) ;
#4826 = CARTESIAN_POINT ( 'NONE',  ( -55.00000000000000000, 27.50000000000000000, -2.500000000000001776 ) ) ;
#4827 = FACE_BOUND ( 'NONE', #4729, .T. ) ;
#4828 = ORIENTED_EDGE ( 'NONE', *, *, #1660, .T. ) ;
#4829 = FACE_OUTER_BOUND ( 'NONE', #4394, .T. ) ;
#4830 = EDGE_LOOP ( 'NONE', ( #1076, #5102, #239, #3173 ) ) ;
#4831 = CARTESIAN_POINT ( 'NONE',  ( 23.99999999999999645, 4.998909409702481987, 6.071532165918824830E-15 ) ) ;
#4832 = LINE ( 'NONE', #4418, #5317 ) ;
#4833 = ORIENTED_EDGE ( 'NONE', *, *, #834, .F. ) ;
#4834 = EDGE_CURVE ( 'NONE', #4908, #4808, #4997, .T. ) ;
#4835 = CARTESIAN_POINT ( 'NONE',  ( -13.33333333333333037, -24.66666666666668206, 3.333333333333358350 ) ) ;
#4836 = DIRECTION ( 'NONE',  ( -1.000000000000000000, 0.000000000000000000, 0.000000000000000000 ) ) ;
#4837 = VERTEX_POINT ( 'NONE', #4135 ) ;
#4838 = CARTESIAN_POINT ( 'NONE',  ( -9.749999999999998224, 20.87747764974120557, 9.146039955052483350 ) ) ;
#4839 = LINE ( 'NONE', #2287, #1881 ) ;
#4840 = EDGE_LOOP ( 'NONE', ( #1237, #4169 ) ) ;
#4841 = ADVANCED_FACE ( 'NONE', ( #3768 ), #2130, .T. ) ;
#4842 = DIRECTION ( 'NONE',  ( 0.7071067811865536790, -1.635512977795611900E-15, 0.7071067811865414665 ) ) ;
#4843 = ADVANCED_FACE ( 'NONE', ( #2914 ), #2450, .T. ) ;
#4844 = VERTEX_POINT ( 'NONE', #4655 ) ;
#4845 = CARTESIAN_POINT ( 'NONE',  ( 46.00000000000000711, 31.50000000000000000, -8.500000000000000000 ) ) ;
#4846 = CARTESIAN_POINT ( 'NONE',  ( -55.00000000000000000, 25.00000000000000000, -22.00000000000000355 ) ) ;
#4847 = ORIENTED_EDGE ( 'NONE', *, *, #609, .F. ) ;
#4848 = DIRECTION ( 'NONE',  ( 0.000000000000000000, -1.734723475976807341E-16, -1.000000000000000000 ) ) ;
#4849 = EDGE_LOOP ( 'NONE', ( #639, #2979, #5203, #2500 ) ) ;
#4850 = CARTESIAN_POINT ( 'NONE',  ( 7.001249498915021796, 28.38577440683629760, -20.93567958506326221 ) ) ;
#4851 = ORIENTED_EDGE ( 'NONE', *, *, #2245, .F. ) ;
#4852 = FACE_OUTER_BOUND ( 'NONE', #1853, .T. ) ;
#4853 = EDGE_CURVE ( 'NONE', #5441, #4965, #825, .T. ) ;
#4854 = ORIENTED_EDGE ( 'NONE', *, *, #465, .T. ) ;
#4855 = PLANE ( 'NONE',  #5258 ) ;
#4856 = EDGE_LOOP ( 'NONE', ( #5457, #3152, #2309, #1760 ) ) ;
#4857 = CARTESIAN_POINT ( 'NONE',  ( 55.00000000000000000, 25.00000000000000000, 0.9999999999999978906 ) ) ;
#4858 = CARTESIAN_POINT ( 'NONE',  ( 26.74999999999998934, 13.00000000000001066, 7.155272026004139112E-15 ) ) ;
#4859 = ORIENTED_EDGE ( 'NONE', *, *, #1306, .F. ) ;
#4861 = VECTOR ( 'NONE', #2740, 1000.000000000000000 ) ;
#4860 = DIRECTION ( 'NONE',  ( 0.000000000000000000, -1.734723475976807341E-16, -1.000000000000000000 ) ) ;
#4862 = ORIENTED_EDGE ( 'NONE', *, *, #3482, .F. ) ;
#4863 = DIRECTION ( 'NONE',  ( 1.000000000000000000, 0.000000000000000000, 0.000000000000000000 ) ) ;
#4864 = VERTEX_POINT ( 'NONE', #1238 ) ;
#4865 = LINE ( 'NONE', #4375, #1584 ) ;
#4866 = VERTEX_POINT ( 'NONE', #336 ) ;
#4867 = AXIS2_PLACEMENT_3D ( 'NONE', #4037, #3613, #4863 ) ;
#4868 = CARTESIAN_POINT ( 'NONE',  ( -29.50000000000000355, 21.00000000000000000, 0.7499999999999954481 ) ) ;
#4869 = AXIS2_PLACEMENT_3D ( 'NONE', #3483, #5260, #154 ) ;
#4870 = CARTESIAN_POINT ( 'NONE',  ( 8.016486971549070972, 25.00000000000000000, 2.256273420325494161 ) ) ;
#4871 = ORIENTED_EDGE ( 'NONE', *, *, #4164, .F. ) ;
#4872 = EDGE_CURVE ( 'NONE', #660, #197, #5485, .T. ) ;
#4873 = FACE_OUTER_BOUND ( 'NONE', #3775, .T. ) ;
#4874 = ORIENTED_EDGE ( 'NONE', *, *, #684, .F. ) ;
#4875 = FACE_OUTER_BOUND ( 'NONE', #480, .T. ) ;
#4876 = EDGE_CURVE ( 'NONE', #2512, #4670, #2941, .T. ) ;
#4877 = EDGE_LOOP ( 'NONE', ( #2610, #1564, #2291, #4584, #2797, #2070 ) ) ;
#4878 = CARTESIAN_POINT ( 'NONE',  ( 45.49999999999999289, 19.00000000000000355, 3.250000000000015099 ) ) ;
#4879 = CIRCLE ( 'NONE', #5324, 2.500000000000002220 ) ;
#4880 = DIRECTION ( 'NONE',  ( 1.000000000000000000, 0.000000000000000000, 0.000000000000000000 ) ) ;
#4881 = CONICAL_SURFACE ( 'NONE', #4002, 2.000000000000001776, 0.7853981633974569387 ) ;
#4882 = ORIENTED_EDGE ( 'NONE', *, *, #2072, .T. ) ;
#4883 = CARTESIAN_POINT ( 'NONE',  ( 21.50000000000002132, 20.00000000000000000, 4.000000000000001776 ) ) ;
#4884 = ORIENTED_EDGE ( 'NONE', *, *, #3348, .F. ) ;
#4885 = LINE ( 'NONE', #1135, #1514 ) ;
#4886 = CONICAL_SURFACE ( 'NONE', #3379, 2.499999999999998668, 0.7853981633974526089 ) ;
#4887 = DIRECTION ( 'NONE',  ( 1.000000000000000000, 3.351228413831871846E-15, 8.979589471384858469E-16 ) ) ;
#4888 = CARTESIAN_POINT ( 'NONE',  ( -27.49999999999998579, 18.99999999999998934, 0.7499999999999954481 ) ) ;
#4889 = ORIENTED_EDGE ( 'NONE', *, *, #579, .T. ) ;
#4890 = VECTOR ( 'NONE', #3943, 1000.000000000000000 ) ;
#4891 = CYLINDRICAL_SURFACE ( 'NONE', #1163, 1.944028270823329407 ) ;
#4892 = EDGE_LOOP ( 'NONE', ( #2784, #1442, #3572, #4469 ) ) ;
#4893 = DIRECTION ( 'NONE',  ( 1.000000000000000000, 0.000000000000000000, 0.000000000000000000 ) ) ;
#4894 = AXIS2_PLACEMENT_3D ( 'NONE', #2870, #5075, #3824 ) ;
#4895 = CIRCLE ( 'NONE', #3915, 1.789374506571836498 ) ;
#4896 = ORIENTED_EDGE ( 'NONE', *, *, #1413, .T. ) ;
#4897 = VECTOR ( 'NONE', #3898, 1000.000000000000000 ) ;
#4898 = VECTOR ( 'NONE', #4393, 1000.000000000000000 ) ;
#4899 = ORIENTED_EDGE ( 'NONE', *, *, #2298, .F. ) ;
#4900 = FACE_OUTER_BOUND ( 'NONE', #2880, .T. ) ;
#4901 = CARTESIAN_POINT ( 'NONE',  ( -52.50000000000000000, -25.00000000000000000, 4.000000000000009770 ) ) ;
#4902 = AXIS2_PLACEMENT_3D ( 'NONE', #2284, #4334, #2228 ) ;
#4903 = ORIENTED_EDGE ( 'NONE', *, *, #1693, .T. ) ;
#4904 = EDGE_CURVE ( 'NONE', #4223, #4864, #377, .T. ) ;
#4905 = LINE ( 'NONE', #1073, #815 ) ;
#4906 = ORIENTED_EDGE ( 'NONE', *, *, #5241, .T. ) ;
#4907 = CARTESIAN_POINT ( 'NONE',  ( -54.00000000000002842, 25.00000000000000000, -2.500000000000000000 ) ) ;
#4908 = VERTEX_POINT ( 'NONE', #414 ) ;
#4909 = CARTESIAN_POINT ( 'NONE',  ( -55.00000000000000000, 30.50000000000002842, -2.500000000000000888 ) ) ;
#4910 = AXIS2_PLACEMENT_3D ( 'NONE', #876, #1349, #5121 ) ;
#4911 = EDGE_CURVE ( 'NONE', #4908, #1847, #5337, .T. ) ;
#4912 = VERTEX_POINT ( 'NONE', #4554 ) ;
#4913 = DIRECTION ( 'NONE',  ( -1.000000000000000000, 1.084202172485506529E-16, -1.880790961315663844E-32 ) ) ;
#4914 = ORIENTED_EDGE ( 'NONE', *, *, #2446, .T. ) ;
#4915 = UNCERTAINTY_MEASURE_WITH_UNIT (LENGTH_MEASURE( 1.000000000000000082E-05 ), #920, 'distance_accuracy_value', 'NONE');
#4916 = CARTESIAN_POINT ( 'NONE',  ( 45.49999999999996447, 10.24999999999999822, 6.637456287280152216E-15 ) ) ;
#4917 = EDGE_CURVE ( 'NONE', #518, #2129, #3313, .T. ) ;
#4918 = CARTESIAN_POINT ( 'NONE',  ( -45.00000000000000000, 28.49999999999998934, -22.00000000000000355 ) ) ;
#4919 = DIRECTION ( 'NONE',  ( 0.000000000000000000, -0.9659258262890679791, -0.2588190451025216832 ) ) ;
#4920 = ORIENTED_EDGE ( 'NONE', *, *, #2896, .F. ) ;
#4921 = ADVANCED_FACE ( 'NONE', ( #2215 ), #730, .F. ) ;
#4922 = CARTESIAN_POINT ( 'NONE',  ( -45.99999999999999289, 27.50000000000000000, -7.500000000000000000 ) ) ;
#4923 = ORIENTED_EDGE ( 'NONE', *, *, #4295, .T. ) ;
#4924 = CARTESIAN_POINT ( 'NONE',  ( 55.00000000000000000, -22.50000000000000000, 3.000000000000021760 ) ) ;
#4925 = VERTEX_POINT ( 'NONE', #3873 ) ;
#4926 = EDGE_CURVE ( 'NONE', #4934, #1465, #4707, .T. ) ;
#4927 = CARTESIAN_POINT ( 'NONE',  ( -25.50000000000000000, 4.998909409702481987, 6.071532165918824830E-15 ) ) ;
#4928 = CARTESIAN_POINT ( 'NONE',  ( 9.750000000000001776, 20.87747764974120557, 9.146039955052483350 ) ) ;
#4929 = CARTESIAN_POINT ( 'NONE',  ( 8.000000000000012434, 25.00000000000000000, 9.215390309173489669 ) ) ;
#4930 = ORIENTED_EDGE ( 'NONE', *, *, #279, .T. ) ;
#4931 = DIRECTION ( 'NONE',  ( -0.000000000000000000, -0.000000000000000000, 1.000000000000000000 ) ) ;
#4932 = ORIENTED_EDGE ( 'NONE', *, *, #4452, .T. ) ;
#4933 = CARTESIAN_POINT ( 'NONE',  ( -8.000000000000000000, 27.63745603159103581, -7.637456031591041139 ) ) ;
#4934 = VERTEX_POINT ( 'NONE', #909 ) ;
#4935 = CARTESIAN_POINT ( 'NONE',  ( 29.49999999999998579, 19.00000000000000355, 0.7499999999999954481 ) ) ;
#4936 = ORIENTED_EDGE ( 'NONE', *, *, #2295, .F. ) ;
#4937 = DIRECTION ( 'NONE',  ( 0.000000000000000000, 0.7071067811865556774, -0.7071067811865392461 ) ) ;
#4938 = ORIENTED_EDGE ( 'NONE', *, *, #3253, .F. ) ;
#4939 = CARTESIAN_POINT ( 'NONE',  ( -55.00000000000000000, -24.00000000000000000, 4.000000000000009770 ) ) ;
#4940 = DIRECTION ( 'NONE',  ( 6.542051911182448387E-15, 0.7071067811865539010, 0.7071067811865411334 ) ) ;
#4941 = DIRECTION ( 'NONE',  ( -0.000000000000000000, -1.882966322632667746E-16, 1.000000000000000000 ) ) ;
#4942 = ADVANCED_FACE ( 'NONE', ( #1767 ), #5097, .T. ) ;
#4943 = CARTESIAN_POINT ( 'NONE',  ( -15.50000000000000533, -20.00000000000000000, 0.7499999999999876765 ) ) ;
#4944 = ORIENTED_EDGE ( 'NONE', *, *, #3547, .F. ) ;
#4945 = CARTESIAN_POINT ( 'NONE',  ( -27.49999999999998579, 13.00000000000001066, 3.250000000000015099 ) ) ;
#4946 = ADVANCED_FACE ( 'NONE', ( #525 ), #107, .T. ) ;
#4947 = EDGE_LOOP ( 'NONE', ( #1572, #1807, #390, #4428 ) ) ;
#4948 = CIRCLE ( 'NONE', #2560, 2.800000000000000711 ) ;
#4949 = ORIENTED_EDGE ( 'NONE', *, *, #2307, .T. ) ;
#4950 = LINE ( 'NONE', #4200, #5306 ) ;
#4951 = PLANE ( 'NONE',  #1334 ) ;
#4952 = ORIENTED_EDGE ( 'NONE', *, *, #4279, .T. ) ;
#4953 = CIRCLE ( 'NONE', #5042, 2.750000000000000888 ) ;
#4954 = AXIS2_PLACEMENT_3D ( 'NONE', #5024, #2917, #4193 ) ;
#4955 = EDGE_LOOP ( 'NONE', ( #4230, #1505, #460, #849 ) ) ;
#4956 = LINE ( 'NONE', #5013, #3656 ) ;
#4957 = CARTESIAN_POINT ( 'NONE',  ( -18.00000000000000711, -20.00000000000000000, 4.000000000000008882 ) ) ;
#4958 = EDGE_CURVE ( 'NONE', #1060, #5166, #4277, .T. ) ;
#4959 = CIRCLE ( 'NONE', #877, 2.500000000000002220 ) ;
#4960 = CARTESIAN_POINT ( 'NONE',  ( 47.49999999999999289, 18.99999999999998579, 3.250000000000015099 ) ) ;
#4961 = VECTOR ( 'NONE', #3036, 1000.000000000000000 ) ;
#4962 = AXIS2_PLACEMENT_3D ( 'NONE', #5438, #1268, #751 ) ;
#4963 = ORIENTED_EDGE ( 'NONE', *, *, #155, .T. ) ;
#4964 = CARTESIAN_POINT ( 'NONE',  ( -29.49999999999998579, 12.99999999999999822, 0.7499999999999937828 ) ) ;
#4965 = VERTEX_POINT ( 'NONE', #996 ) ;
#4966 = DIRECTION ( 'NONE',  ( 0.000000000000000000, -1.734723475976807341E-16, -1.000000000000000000 ) ) ;
#4968 = VECTOR ( 'NONE', #649, 1000.000000000000000 ) ;
#4967 = CARTESIAN_POINT ( 'NONE',  ( 27.49999999999998579, 13.00000000000001066, 3.250000000000016875 ) ) ;
#4969 = LINE ( 'NONE', #3922, #12 ) ;
#4970 = FACE_OUTER_BOUND ( 'NONE', #5425, .T. ) ;
#4971 = EDGE_CURVE ( 'NONE', #221, #3908, #2698, .T. ) ;
#4972 = AXIS2_PLACEMENT_3D ( 'NONE', #509, #2623, #5193 ) ;
#4973 = FACE_OUTER_BOUND ( 'NONE', #4437, .T. ) ;
#4974 = ORIENTED_EDGE ( 'NONE', *, *, #2774, .T. ) ;
#4975 = EDGE_CURVE ( 'NONE', #4473, #4620, #993, .T. ) ;
#4976 = DIRECTION ( 'NONE',  ( 0.000000000000000000, 0.000000000000000000, 1.000000000000000000 ) ) ;
#4977 = VECTOR ( 'NONE', #2451, 1000.000000000000114 ) ;
#4978 = ORIENTED_EDGE ( 'NONE', *, *, #2682, .T. ) ;
#4979 = CARTESIAN_POINT ( 'NONE',  ( 55.00000000000000000, 25.00000000000000000, 3.000000000000013323 ) ) ;
#4980 = EDGE_CURVE ( 'NONE', #2913, #3835, #2611, .T. ) ;
#4981 = VECTOR ( 'NONE', #2426, 1000.000000000000000 ) ;
#4982 = VERTEX_POINT ( 'NONE', #3077 ) ;
#4983 = EDGE_CURVE ( 'NONE', #832, #4757, #2419, .T. ) ;
#4984 = CARTESIAN_POINT ( 'NONE',  ( 47.49999999999999289, 18.99999999999998579, 3.250000000000015099 ) ) ;
#4985 = DIRECTION ( 'NONE',  ( 8.659560562354927928E-17, -0.4999999999999973355, -0.8660254037844402619 ) ) ;
#4986 = ORIENTED_EDGE ( 'NONE', *, *, #4205, .F. ) ;
#4987 = AXIS2_PLACEMENT_3D ( 'NONE', #2723, #1075, #3141 ) ;
#4988 = EDGE_CURVE ( 'NONE', #95, #4202, #4680, .T. ) ;
#4989 = ORIENTED_EDGE ( 'NONE', *, *, #3303, .F. ) ;
#4990 = DIRECTION ( 'NONE',  ( 0.000000000000000000, 0.000000000000000000, -1.000000000000000000 ) ) ;
#4991 = DIRECTION ( 'NONE',  ( 1.000000000000000000, 0.000000000000000000, 0.000000000000000000 ) ) ;
#4992 = DIRECTION ( 'NONE',  ( 0.000000000000000000, -0.7071067811865512365, -0.7071067811865439090 ) ) ;
#4993 = VECTOR ( 'NONE', #2753, 1000.000000000000114 ) ;
#4994 = EDGE_LOOP ( 'NONE', ( #4896, #3900, #4310, #3666 ) ) ;
#4995 = CARTESIAN_POINT ( 'NONE',  ( -55.00000000000000000, 28.49999999999999289, -2.500000000000001776 ) ) ;
#4996 = ORIENTED_EDGE ( 'NONE', *, *, #862, .F. ) ;
#4997 = LINE ( 'NONE', #4580, #5428 ) ;
#4998 = CARTESIAN_POINT ( 'NONE',  ( -14.00000000000000178, 13.00000000000000178, 6.000000000000005329 ) ) ;
#4999 = CIRCLE ( 'NONE', #3934, 3.800000000000007372 ) ;
#5000 = FACE_OUTER_BOUND ( 'NONE', #3217, .T. ) ;
#5001 = FACE_OUTER_BOUND ( 'NONE', #4892, .T. ) ;
#5002 = VERTEX_POINT ( 'NONE', #3432 ) ;
#5003 = CARTESIAN_POINT ( 'NONE',  ( -45.99999999999997158, 31.50000000000000000, -22.00000000000000355 ) ) ;
#5004 = EDGE_CURVE ( 'NONE', #506, #4457, #961, .T. ) ;
#5005 = VERTEX_POINT ( 'NONE', #1324 ) ;
#5006 = ORIENTED_EDGE ( 'NONE', *, *, #1263, .F. ) ;
#5007 = DIRECTION ( 'NONE',  ( -0.7071067811865537900, -6.542051911182449176E-15, -0.7071067811865412445 ) ) ;
#5008 = CARTESIAN_POINT ( 'NONE',  ( 9.750000000000001776, 18.17288533613181656, 8.421346628765419950 ) ) ;
#5009 = EDGE_CURVE ( 'NONE', #343, #2433, #2691, .T. ) ;
#5010 = ORIENTED_EDGE ( 'NONE', *, *, #232, .F. ) ;
#5011 = EDGE_CURVE ( 'NONE', #1741, #3196, #3049, .T. ) ;
#5012 = EDGE_LOOP ( 'NONE', ( #3931, #4189, #4014, #3767 ) ) ;
#5013 = CARTESIAN_POINT ( 'NONE',  ( -21.25000000000000355, -20.00000000000000000, 9.414831613163342183E-16 ) ) ;
#5014 = ORIENTED_EDGE ( 'NONE', *, *, #3193, .F. ) ;
#5015 = CARTESIAN_POINT ( 'NONE',  ( -29.50000000000000355, 21.75000000000000355, 8.802867558307720444E-15 ) ) ;
#5016 = EDGE_CURVE ( 'NONE', #383, #1627, #935, .T. ) ;
#5017 = ORIENTED_EDGE ( 'NONE', *, *, #2549, .F. ) ;
#5018 = CARTESIAN_POINT ( 'NONE',  ( -45.99999999999999289, 27.50000000000000000, -8.500000000000000000 ) ) ;
#5019 = VERTEX_POINT ( 'NONE', #1401 ) ;
#5020 = DIRECTION ( 'NONE',  ( 0.000000000000000000, 0.000000000000000000, 1.000000000000000000 ) ) ;
#5021 = DIRECTION ( 'NONE',  ( 1.000000000000000000, 0.000000000000000000, 0.000000000000000000 ) ) ;
#5022 = DIRECTION ( 'NONE',  ( 0.7071067811865540120, 6.542051911182450754E-15, -0.7071067811865410224 ) ) ;
#5023 = EDGE_CURVE ( 'NONE', #2799, #1663, #4363, .T. ) ;
#5024 = CARTESIAN_POINT ( 'NONE',  ( -54.00000000000000711, 27.50000000000000000, -2.500000000000001776 ) ) ;
#5025 = CARTESIAN_POINT ( 'NONE',  ( -20.50000000000000355, -20.00000000000000000, 3.000000000000011546 ) ) ;
#5026 = ORIENTED_EDGE ( 'NONE', *, *, #3260, .T. ) ;
#5027 = DIRECTION ( 'NONE',  ( 0.000000000000000000, 0.000000000000000000, -1.000000000000000000 ) ) ;
#5028 = ADVANCED_FACE ( 'NONE', ( #1717 ), #3407, .F. ) ;
#5029 = ORIENTED_EDGE ( 'NONE', *, *, #3281, .F. ) ;
#5030 = ORIENTED_EDGE ( 'NONE', *, *, #494, .T. ) ;
#5031 = DIRECTION ( 'NONE',  ( 0.000000000000000000, 0.2588190451025230154, -0.9659258262890677571 ) ) ;
#5032 = DIRECTION ( 'NONE',  ( 0.000000000000000000, 0.000000000000000000, 1.000000000000000000 ) ) ;
#5033 = ORIENTED_EDGE ( 'NONE', *, *, #196, .T. ) ;
#5034 = LINE ( 'NONE', #4312, #2208 ) ;
#5035 = ADVANCED_FACE ( 'NONE', ( #637 ), #3223, .T. ) ;
#5036 = ORIENTED_EDGE ( 'NONE', *, *, #1275, .F. ) ;
#5037 = CARTESIAN_POINT ( 'NONE',  ( 29.50000000000000355, 21.75000000000000355, 4.000000000000001776 ) ) ;
#5038 = AXIS2_PLACEMENT_3D ( 'NONE', #1370, #2177, #902 ) ;
#5039 = DIRECTION ( 'NONE',  ( 0.000000000000000000, 0.000000000000000000, 1.000000000000000000 ) ) ;
#5040 = LINE ( 'NONE', #2016, #731 ) ;
#5041 = ADVANCED_FACE ( 'NONE', ( #2746 ), #4048, .F. ) ;
#5042 = AXIS2_PLACEMENT_3D ( 'NONE', #1986, #4566, #1620 ) ;
#5043 = AXIS2_PLACEMENT_3D ( 'NONE', #1635, #2134, #3826 ) ;
#5044 = CARTESIAN_POINT ( 'NONE',  ( -9.749999999999998224, 21.13629669484373252, 8.180114128763401382 ) ) ;
#5045 = VECTOR ( 'NONE', #665, 1000.000000000000000 ) ;
#5046 = EDGE_LOOP ( 'NONE', ( #3728, #4467, #1673, #767 ) ) ;
#5047 = DIRECTION ( 'NONE',  ( -0.000000000000000000, -0.000000000000000000, 1.000000000000000000 ) ) ;
#5048 = DIRECTION ( 'NONE',  ( 1.000000000000000000, 0.000000000000000000, 0.000000000000000000 ) ) ;
#5049 = CIRCLE ( 'NONE', #3722, 2.499999999999998668 ) ;
#5050 = CARTESIAN_POINT ( 'NONE',  ( -7.001249498915014691, 28.38577440683629760, -20.93567958506326221 ) ) ;
#5051 = VECTOR ( 'NONE', #3463, 1000.000000000000114 ) ;
#5052 = EDGE_CURVE ( 'NONE', #4664, #1183, #4459, .T. ) ;
#5053 = AXIS2_PLACEMENT_3D ( 'NONE', #2135, #440, #801 ) ;
#5054 = DIRECTION ( 'NONE',  ( 0.000000000000000000, 0.000000000000000000, 1.000000000000000000 ) ) ;
#5055 = EDGE_LOOP ( 'NONE', ( #3332, #2067 ) ) ;
#5056 = VECTOR ( 'NONE', #929, 1000.000000000000000 ) ;
#5057 = ORIENTED_EDGE ( 'NONE', *, *, #2371, .T. ) ;
#5058 = VECTOR ( 'NONE', #2109, 1000.000000000000227 ) ;
#5059 = EDGE_CURVE ( 'NONE', #604, #705, #718, .T. ) ;
#5060 = CIRCLE ( 'NONE', #2676, 2.800000000000000711 ) ;
#5061 = PLANE ( 'NONE',  #5107 ) ;
#5062 = CARTESIAN_POINT ( 'NONE',  ( -52.50000000000000000, -22.50000000000000355, 4.707415806581655314E-16 ) ) ;
#5063 = CIRCLE ( 'NONE', #3820, 1.789374506571836498 ) ;
#5064 = DIRECTION ( 'NONE',  ( 0.000000000000000000, -1.734723475976807341E-16, -1.000000000000000000 ) ) ;
#5065 = EDGE_LOOP ( 'NONE', ( #4382, #3643, #4641, #1221 ) ) ;
#5066 = AXIS2_PLACEMENT_3D ( 'NONE', #3636, #4115, #3233 ) ;
#5067 = CARTESIAN_POINT ( 'NONE',  ( -52.50000000000000000, 31.50000000000000000, -22.00000000000000355 ) ) ;
#5068 = ORIENTED_EDGE ( 'NONE', *, *, #5181, .T. ) ;
#5069 = ORIENTED_EDGE ( 'NONE', *, *, #3513, .F. ) ;
#5070 = DIRECTION ( 'NONE',  ( 1.000000000000000000, -1.084202172485506529E-16, -2.041516177715383523E-32 ) ) ;
#5071 = VECTOR ( 'NONE', #2357, 1000.000000000000114 ) ;
#5072 = EDGE_CURVE ( 'NONE', #887, #3506, #2332, .T. ) ;
#5073 = LINE ( 'NONE', #1269, #3221 ) ;
#5074 = VERTEX_POINT ( 'NONE', #1128 ) ;
#5075 = DIRECTION ( 'NONE',  ( 0.000000000000000000, -1.734723475976807341E-16, -1.000000000000000000 ) ) ;
#5076 = DIRECTION ( 'NONE',  ( -1.000000000000000000, 0.000000000000000000, 0.000000000000000000 ) ) ;
#5077 = FACE_OUTER_BOUND ( 'NONE', #3980, .T. ) ;
#5078 = EDGE_CURVE ( 'NONE', #5290, #4504, #3600, .T. ) ;
#5079 = DIRECTION ( 'NONE',  ( -3.351228413831871846E-15, 1.000000000000000000, -0.000000000000000000 ) ) ;
#5080 = EDGE_CURVE ( 'NONE', #5279, #197, #162, .T. ) ;
#5081 = AXIS2_PLACEMENT_3D ( 'NONE', #1051, #2809, #4387 ) ;
#5082 = CARTESIAN_POINT ( 'NONE',  ( -45.49999999999997158, 10.24999999999999822, 4.000000000000003553 ) ) ;
#5083 = ORIENTED_EDGE ( 'NONE', *, *, #2051, .F. ) ;
#5084 = DIRECTION ( 'NONE',  ( 0.000000000000000000, 0.000000000000000000, -1.000000000000000000 ) ) ;
#5085 = EDGE_CURVE ( 'NONE', #3506, #3928, #1484, .T. ) ;
#5086 = CARTESIAN_POINT ( 'NONE',  ( -9.749999999999998224, 24.80681483474220883, 9.163626500152989962 ) ) ;
#5087 = DIRECTION ( 'NONE',  ( 0.000000000000000000, 0.000000000000000000, 1.000000000000000000 ) ) ;
#5088 = CARTESIAN_POINT ( 'NONE',  ( -55.00000000000000000, -25.00000000000000000, 5.000000000000004441 ) ) ;
#5089 = EDGE_CURVE ( 'NONE', #643, #2700, #1545, .T. ) ;
#5090 = ORIENTED_EDGE ( 'NONE', *, *, #4565, .T. ) ;
#5091 = CARTESIAN_POINT ( 'NONE',  ( -15.50000000000000533, 20.00000000000000000, 3.000000000000004441 ) ) ;
#5092 = VERTEX_POINT ( 'NONE', #689 ) ;
#5093 = FACE_OUTER_BOUND ( 'NONE', #797, .T. ) ;
#5094 = PLANE ( 'NONE',  #4185 ) ;
#5095 = DIRECTION ( 'NONE',  ( -6.542051911182442865E-15, 0.7071067811865532349, -0.7071067811865416886 ) ) ;
#5096 = ORIENTED_EDGE ( 'NONE', *, *, #159, .T. ) ;
#5097 = PLANE ( 'NONE',  #103 ) ;
#5098 = DIRECTION ( 'NONE',  ( 0.000000000000000000, 0.000000000000000000, 1.000000000000000000 ) ) ;
#5099 = CARTESIAN_POINT ( 'NONE',  ( -54.00000000000000711, 27.50000000000000355, -2.500000000000001776 ) ) ;
#5100 = CARTESIAN_POINT ( 'NONE',  ( 8.000000000000014211, 24.39441762810860936, 9.053125001674667161 ) ) ;
#5101 = FACE_OUTER_BOUND ( 'NONE', #3228, .T. ) ;
#5102 = ORIENTED_EDGE ( 'NONE', *, *, #2974, .T. ) ;
#5103 = DIRECTION ( 'NONE',  ( 0.000000000000000000, 0.9659258262890678681, 0.2588190451025220162 ) ) ;
#5104 = ORIENTED_EDGE ( 'NONE', *, *, #1548, .F. ) ;
#5105 =( NAMED_UNIT ( * ) SI_UNIT ( $, .STERADIAN. ) SOLID_ANGLE_UNIT ( ) );
#5106 = ADVANCED_FACE ( 'NONE', ( #3249 ), #5249, .T. ) ;
#5107 = AXIS2_PLACEMENT_3D ( 'NONE', #1543, #890, #1669 ) ;
#5108 = DIRECTION ( 'NONE',  ( -0.000000000000000000, -0.2588190451025216832, 0.9659258262890680902 ) ) ;
#5109 = EDGE_CURVE ( 'NONE', #5446, #156, #4544, .T. ) ;
#5110 = DIRECTION ( 'NONE',  ( -0.000000000000000000, -0.2588190451025216832, 0.9659258262890680902 ) ) ;
#5111 = CARTESIAN_POINT ( 'NONE',  ( -9.749999999999998224, 19.68740795541013000, 7.791885561109620717 ) ) ;
#5112 = ORIENTED_EDGE ( 'NONE', *, *, #1780, .T. ) ;
#5113 = ORIENTED_EDGE ( 'NONE', *, *, #1407, .F. ) ;
#5114 = CARTESIAN_POINT ( 'NONE',  ( 47.49999999999999289, 18.99999999999998579, -5.999999999999994671 ) ) ;
#5115 = EDGE_CURVE ( 'NONE', #1146, #2516, #3544, .T. ) ;
#5116 = ORIENTED_EDGE ( 'NONE', *, *, #1647, .T. ) ;
#5117 = CARTESIAN_POINT ( 'NONE',  ( -7.999999999999998224, 24.24448553185702693, 9.012950817564549411 ) ) ;
#5118 = FACE_OUTER_BOUND ( 'NONE', #4518, .T. ) ;
#5119 = CLOSED_SHELL ( 'NONE', ( #2143, #5359, #5264, #2949, #374, #341, #1108, #5318, #4269, #901, #4034, #2027, #3162, #1078, #77, #2428, #202, #3650, #4602, #1790, #1014, #2674, #4369, #4843, #2544, #2337, #2194, #4385, #2821, #2576, #4841, #3598, #5382, #2946, #905, #567, #860, #2540, #5041, #3831, #167, #289, #759, #1205, #3749, #4676, #4338, #868, #892, #5035, #2186, #3120, #4151, #1612, #1560, #1980, #810, #4117, #209, #2343, #5471, #816, #3882, #1282, #1996, #5028, #2272, #3846, #736, #5308, #1219, #5160, #2514, #1683, #5146, #3252, #703, #691, #2720, #1043, #699, #126, #1994, #2959, #4772, #2264, #4484, #1513, #96, #5185, #5190, #4946, #1377, #1276, #332, #3630, #3681, #3242, #3993, #974, #4407, #4728, #315, #2747, #2412, #1595, #2743, #2936, #22, #2066, #2879, #2677, #3126, #642, #4921, #2712, #1255, #1750, #38, #3488, #2374, #3987, #772, #3422, #3592, #3187, #502, #5481, #1198, #803, #5370, #1037, #173, #3227, #919, #1342, #1136, #2276, #4103, #2997, #1927, #4209, #2484, #4783, #4374, #1208, #4703, #964, #1178, #1720, #1714, #2473, #4253, #3520, #3202, #1066, #2792, #4559, #4059, #4615, #426, #4607, #5143, #1616, #2231, #401, #5106, #2535, #1666, #5392, #2984, #539, #3185, #4660, #4506, #2251, #2364, #1235, #4220, #3229, #2063, #406, #4942, #4427, #3074, #2506, #5248, #638, #49 ) ) ;
#5120 = EDGE_CURVE ( 'NONE', #3936, #5226, #1854, .T. ) ;
#5121 = DIRECTION ( 'NONE',  ( 1.000000000000000000, 0.000000000000000000, 0.000000000000000000 ) ) ;
#5122 = ORIENTED_EDGE ( 'NONE', *, *, #4329, .T. ) ;
#5123 = DIRECTION ( 'NONE',  ( -0.7071067811865474617, -0.7071067811865474617, 0.000000000000000000 ) ) ;
#5124 = CARTESIAN_POINT ( 'NONE',  ( -8.000000000000000000, 27.50000000000000355, -7.124463137886512420 ) ) ;
#5125 = CARTESIAN_POINT ( 'NONE',  ( -8.005479226336040810, 25.00000000000000355, 2.222613530106545277 ) ) ;
#5126 = LINE ( 'NONE', #1277, #3927 ) ;
#5127 = DIRECTION ( 'NONE',  ( 1.000000000000000000, 0.000000000000000000, 0.000000000000000000 ) ) ;
#5129 = CIRCLE ( 'NONE', #2397, 1.500000000000001110 ) ;
#5128 = CARTESIAN_POINT ( 'NONE',  ( 45.00000000000000000, 30.50000000000001421, -22.00000000000000711 ) ) ;
#5130 = AXIS2_PLACEMENT_3D ( 'NONE', #1273, #3386, #364 ) ;
#5131 = EDGE_LOOP ( 'NONE', ( #1187, #952, #5250, #2123, #3858, #1206, #4699, #4211 ) ) ;
#5132 = CARTESIAN_POINT ( 'NONE',  ( 52.50000000000000000, -24.00000000000000000, 1.882966322632659365E-16 ) ) ;
#5133 = ORIENTED_EDGE ( 'NONE', *, *, #4479, .F. ) ;
#5134 = VECTOR ( 'NONE', #2367, 1000.000000000000000 ) ;
#5135 = EDGE_CURVE ( 'NONE', #5226, #3584, #1678, .T. ) ;
#5136 = LINE ( 'NONE', #1006, #368 ) ;
#5137 = EDGE_CURVE ( 'NONE', #2690, #1485, #2805, .T. ) ;
#5138 = CARTESIAN_POINT ( 'NONE',  ( -14.00000000000000178, 25.00000000000000000, 4.000000000000005329 ) ) ;
#5139 = AXIS2_PLACEMENT_3D ( 'NONE', #2192, #5084, #1333 ) ;
#5140 = FACE_OUTER_BOUND ( 'NONE', #2697, .T. ) ;
#5141 = CARTESIAN_POINT ( 'NONE',  ( -55.00000000000000000, 30.50000000000002842, -24.50000000000000000 ) ) ;
#5142 = ORIENTED_EDGE ( 'NONE', *, *, #5085, .F. ) ;
#5143 = ADVANCED_FACE ( 'NONE', ( #4875 ), #1614, .T. ) ;
#5144 = ORIENTED_EDGE ( 'NONE', *, *, #1623, .T. ) ;
#5145 = CYLINDRICAL_SURFACE ( 'NONE', #4687, 1.500000000000001110 ) ;
#5146 = ADVANCED_FACE ( 'NONE', ( #1460 ), #3165, .F. ) ;
#5147 = VECTOR ( 'NONE', #4305, 1000.000000000000000 ) ;
#5148 = ORIENTED_EDGE ( 'NONE', *, *, #2405, .T. ) ;
#5149 = CARTESIAN_POINT ( 'NONE',  ( -52.50000000000000000, -22.50000000000000355, 4.000000000000009770 ) ) ;
#5150 = CONICAL_SURFACE ( 'NONE', #2766, 3.499999999999993339, 0.7853981633974491672 ) ;
#5151 = CARTESIAN_POINT ( 'NONE',  ( 29.50000000000000355, 10.99999999999999822, 0.7499999999999937828 ) ) ;
#5152 = EDGE_CURVE ( 'NONE', #2358, #2441, #294, .T. ) ;
#5153 = DIRECTION ( 'NONE',  ( -0.000000000000000000, 1.000000000000000000, -0.000000000000000000 ) ) ;
#5154 = ORIENTED_EDGE ( 'NONE', *, *, #3967, .T. ) ;
#5155 = CARTESIAN_POINT ( 'NONE',  ( 55.00000000000000000, 31.50000000000000000, -22.00000000000000355 ) ) ;
#5156 = CIRCLE ( 'NONE', #3127, 1.999999999999998224 ) ;
#5157 = DIRECTION ( 'NONE',  ( 0.000000000000000000, 0.000000000000000000, 1.000000000000000000 ) ) ;
#5158 = CARTESIAN_POINT ( 'NONE',  ( 46.00000000000000000, 31.50000000000000000, -22.00000000000000711 ) ) ;
#5159 = AXIS2_PLACEMENT_3D ( 'NONE', #2470, #4155, #5384 ) ;
#5160 = ADVANCED_FACE ( 'NONE', ( #3034 ), #4547, .F. ) ;
#5161 = CARTESIAN_POINT ( 'NONE',  ( 26.74999999999998934, 13.00000000000001599, 7.155272026004139112E-15 ) ) ;
#5162 = AXIS2_PLACEMENT_3D ( 'NONE', #3737, #2907, #1336 ) ;
#5163 = CARTESIAN_POINT ( 'NONE',  ( 54.00000000000000000, 31.50000000000000000, -22.00000000000000355 ) ) ;
#5164 = ORIENTED_EDGE ( 'NONE', *, *, #5423, .T. ) ;
#5165 = CARTESIAN_POINT ( 'NONE',  ( -13.00000000000000533, -25.00000000000000000, 3.000000000000036415 ) ) ;
#5166 = VERTEX_POINT ( 'NONE', #4593 ) ;
#5167 = PLANE ( 'NONE',  #1410 ) ;
#5168 = CIRCLE ( 'NONE', #1434, 1.500000000000001332 ) ;
#5169 = CYLINDRICAL_SURFACE ( 'NONE', #3, 2.500000000000002220 ) ;
#5170 = PLANE ( 'NONE',  #115 ) ;
#5171 = PLANE ( 'NONE',  #4618 ) ;
#5172 = LINE ( 'NONE', #4284, #4961 ) ;
#5173 = CARTESIAN_POINT ( 'NONE',  ( -29.50000000000000355, 10.99999999999999822, -5.999999999999994671 ) ) ;
#5174 = AXIS2_PLACEMENT_3D ( 'NONE', #4133, #2020, #3689 ) ;
#5175 = VERTEX_POINT ( 'NONE', #791 ) ;
#5176 = ORIENTED_EDGE ( 'NONE', *, *, #3589, .F. ) ;
#5177 = CARTESIAN_POINT ( 'NONE',  ( -45.99999999999997158, 31.50000000000000000, -22.00000000000000355 ) ) ;
#5178 = VERTEX_POINT ( 'NONE', #1204 ) ;
#5179 = DIRECTION ( 'NONE',  ( 0.000000000000000000, 0.000000000000000000, -1.000000000000000000 ) ) ;
#5180 = DIRECTION ( 'NONE',  ( 0.000000000000000000, -0.7071067811865512365, -0.7071067811865439090 ) ) ;
#5181 = EDGE_CURVE ( 'NONE', #2819, #5175, #4721, .T. ) ;
#5182 = DIRECTION ( 'NONE',  ( -0.000000000000000000, -0.000000000000000000, 1.000000000000000000 ) ) ;
#5183 = EDGE_LOOP ( 'NONE', ( #14, #668, #2064, #4398, #1525, #3416, #3790, #4952 ) ) ;
#5184 = DIRECTION ( 'NONE',  ( -1.000000000000000000, 0.000000000000000000, -0.000000000000000000 ) ) ;
#5185 = ADVANCED_FACE ( 'NONE', ( #1626 ), #2422, .F. ) ;
#5186 = CARTESIAN_POINT ( 'NONE',  ( 50.00000000000000000, -23.50000000000000000, -18.99999999999998934 ) ) ;
#5187 = LINE ( 'NONE', #4764, #2490 ) ;
#5188 = CARTESIAN_POINT ( 'NONE',  ( -8.000000000000000000, 27.50000000000000000, -2.500000000000022204 ) ) ;
#5189 = CARTESIAN_POINT ( 'NONE',  ( -47.50000000000000000, 28.49999999999998934, -22.00000000000000355 ) ) ;
#5190 = ADVANCED_FACE ( 'NONE', ( #1649 ), #464, .F. ) ;
#5191 = EDGE_CURVE ( 'NONE', #4716, #4757, #4956, .T. ) ;
#5192 = LINE ( 'NONE', #1383, #4439 ) ;
#5193 = DIRECTION ( 'NONE',  ( 1.000000000000000000, 0.000000000000000000, 0.000000000000000000 ) ) ;
#5194 = EDGE_CURVE ( 'NONE', #2047, #859, #820, .T. ) ;
#5195 = CARTESIAN_POINT ( 'NONE',  ( 47.49999999999995737, 30.50000000000001421, -24.50000000000000000 ) ) ;
#5196 = ORIENTED_EDGE ( 'NONE', *, *, #1497, .T. ) ;
#5197 = CARTESIAN_POINT ( 'NONE',  ( -29.50000000000000355, 10.99999999999999822, 3.250000000000015099 ) ) ;
#5198 = FACE_OUTER_BOUND ( 'NONE', #1580, .T. ) ;
#5199 = DIRECTION ( 'NONE',  ( -1.000000000000000000, -3.351228413831871846E-15, -8.979589471384858469E-16 ) ) ;
#5200 = VERTEX_POINT ( 'NONE', #1159 ) ;
#5201 = ORIENTED_EDGE ( 'NONE', *, *, #1441, .F. ) ;
#5202 = LINE ( 'NONE', #5284, #4598 ) ;
#5203 = ORIENTED_EDGE ( 'NONE', *, *, #465, .F. ) ;
#5204 = PLANE ( 'NONE',  #783 ) ;
#5205 = FACE_BOUND ( 'NONE', #4003, .T. ) ;
#5206 = EDGE_CURVE ( 'NONE', #5285, #4346, #4274, .T. ) ;
#5207 = DIRECTION ( 'NONE',  ( -1.000000000000000000, -0.000000000000000000, 0.000000000000000000 ) ) ;
#5208 = ORIENTED_EDGE ( 'NONE', *, *, #4983, .F. ) ;
#5209 = CARTESIAN_POINT ( 'NONE',  ( -55.00000000000000000, 28.49999999999998579, -2.500000000000000000 ) ) ;
#5210 = EDGE_CURVE ( 'NONE', #4908, #2456, #483, .T. ) ;
#5211 = FACE_OUTER_BOUND ( 'NONE', #3420, .T. ) ;
#5212 = CARTESIAN_POINT ( 'NONE',  ( 29.50000000000000355, 10.99999999999999822, 3.250000000000015099 ) ) ;
#5213 = FACE_OUTER_BOUND ( 'NONE', #915, .T. ) ;
#5214 = CYLINDRICAL_SURFACE ( 'NONE', #1604, 2.800000000000000711 ) ;
#5215 = AXIS2_PLACEMENT_3D ( 'NONE', #2694, #3135, #4378 ) ;
#5216 = DIRECTION ( 'NONE',  ( 0.000000000000000000, -0.9659258262890682012, -0.2588190451025214611 ) ) ;
#5217 = EDGE_LOOP ( 'NONE', ( #2214, #5068, #2205, #4142 ) ) ;
#5218 = EDGE_CURVE ( 'NONE', #1183, #4808, #5456, .T. ) ;
#5219 = CYLINDRICAL_SURFACE ( 'NONE', #2764, 1.500000000000001332 ) ;
#5220 = CARTESIAN_POINT ( 'NONE',  ( -24.20885981545882615, -15.00000000000000178, -5.999999999999994671 ) ) ;
#5221 = ORIENTED_EDGE ( 'NONE', *, *, #235, .F. ) ;
#5222 = FACE_OUTER_BOUND ( 'NONE', #3224, .T. ) ;
#5223 = DIRECTION ( 'NONE',  ( -0.000000000000000000, -0.000000000000000000, 1.000000000000000000 ) ) ;
#5224 = VECTOR ( 'NONE', #5070, 1000.000000000000000 ) ;
#5225 = ORIENTED_EDGE ( 'NONE', *, *, #2842, .F. ) ;
#5226 = VERTEX_POINT ( 'NONE', #4283 ) ;
#5227 = LINE ( 'NONE', #4344, #3884 ) ;
#5228 =( GEOMETRIC_REPRESENTATION_CONTEXT ( 3 ) GLOBAL_UNCERTAINTY_ASSIGNED_CONTEXT ( ( #4915 ) ) GLOBAL_UNIT_ASSIGNED_CONTEXT ( ( #920, #3393, #5105 ) ) REPRESENTATION_CONTEXT ( 'NONE', 'WORKASPACE' ) );
#5229 = ORIENTED_EDGE ( 'NONE', *, *, #4539, .F. ) ;
#5230 = CARTESIAN_POINT ( 'NONE',  ( 45.00000000000000000, 30.50000000000001421, -22.00000000000000711 ) ) ;
#5231 = LINE ( 'NONE', #4846, #889 ) ;
#5232 = VECTOR ( 'NONE', #2637, 1000.000000000000000 ) ;
#5233 = VECTOR ( 'NONE', #3750, 1000.000000000000000 ) ;
#5234 = LINE ( 'NONE', #5289, #2840 ) ;
#5235 = AXIS2_PLACEMENT_3D ( 'NONE', #1706, #1788, #950 ) ;
#5236 = ORIENTED_EDGE ( 'NONE', *, *, #2245, .T. ) ;
#5237 = CARTESIAN_POINT ( 'NONE',  ( -7.630548916494839240, 27.50000000000000000, -7.500000000000000000 ) ) ;
#5238 = LINE ( 'NONE', #1993, #712 ) ;
#5239 = EDGE_CURVE ( 'NONE', #1218, #5396, #559, .T. ) ;
#5240 = VECTOR ( 'NONE', #4389, 1000.000000000000000 ) ;
#5241 = EDGE_CURVE ( 'NONE', #775, #3835, #2863, .T. ) ;
#5242 = ORIENTED_EDGE ( 'NONE', *, *, #4819, .F. ) ;
#5243 = VECTOR ( 'NONE', #2580, 1000.000000000000114 ) ;
#5244 = DIRECTION ( 'NONE',  ( -4.906538933386835107E-15, 0.7071067811865439090, -0.7071067811865512365 ) ) ;
#5245 = ORIENTED_EDGE ( 'NONE', *, *, #104, .F. ) ;
#5246 = LINE ( 'NONE', #4476, #4536 ) ;
#5247 = PLANE ( 'NONE',  #183 ) ;
#5248 = ADVANCED_FACE ( 'NONE', ( #2442 ), #306, .T. ) ;
#5249 = CONICAL_SURFACE ( 'NONE', #2595, 1.500000000000029088, 0.7853981633974471688 ) ;
#5250 = ORIENTED_EDGE ( 'NONE', *, *, #5419, .F. ) ;
#5251 = EDGE_CURVE ( 'NONE', #5322, #618, #2493, .T. ) ;
#5252 = DIRECTION ( 'NONE',  ( 1.000000000000000000, 0.000000000000000000, 0.000000000000000000 ) ) ;
#5253 = CYLINDRICAL_SURFACE ( 'NONE', #4902, 2.800000000000000711 ) ;
#5254 = ORIENTED_EDGE ( 'NONE', *, *, #475, .F. ) ;
#5255 = CARTESIAN_POINT ( 'NONE',  ( 45.49999999999997868, 21.00000000000000000, 3.250000000000013323 ) ) ;
#5256 = EDGE_CURVE ( 'NONE', #1586, #1201, #4187, .T. ) ;
#5257 = CARTESIAN_POINT ( 'NONE',  ( -50.00000000000000000, -23.50000000000000000, -20.94402827082332408 ) ) ;
#5258 = AXIS2_PLACEMENT_3D ( 'NONE', #3169, #4415, #4913 ) ;
#5259 = ORIENTED_EDGE ( 'NONE', *, *, #3351, .T. ) ;
#5260 = DIRECTION ( 'NONE',  ( -0.000000000000000000, 0.2588190451025218497, -0.9659258262890680902 ) ) ;
#5261 = ORIENTED_EDGE ( 'NONE', *, *, #521, .T. ) ;
#5262 = CIRCLE ( 'NONE', #2877, 2.750000000000002665 ) ;
#5263 = DIRECTION ( 'NONE',  ( 0.000000000000000000, 6.308085367188374464E-16, 1.000000000000000000 ) ) ;
#5264 = ADVANCED_FACE ( 'NONE', ( #2170 ), #3860, .F. ) ;
#5265 = LINE ( 'NONE', #4901, #813 ) ;
#5266 = VERTEX_POINT ( 'NONE', #5037 ) ;
#5267 = DIRECTION ( 'NONE',  ( -0.000000000000000000, 1.000000000000000000, 1.882966322632667746E-16 ) ) ;
#5268 = ORIENTED_EDGE ( 'NONE', *, *, #1834, .F. ) ;
#5269 = DIRECTION ( 'NONE',  ( -1.000000000000000000, 0.000000000000000000, -0.000000000000000000 ) ) ;
#5270 = ORIENTED_EDGE ( 'NONE', *, *, #3292, .T. ) ;
#5271 = DIRECTION ( 'NONE',  ( 0.000000000000000000, 1.000000000000000000, 0.000000000000000000 ) ) ;
#5272 = EDGE_LOOP ( 'NONE', ( #136, #3341, #1463, #5154 ) ) ;
#5273 = DIRECTION ( 'NONE',  ( 0.000000000000000000, 0.7071067811865524577, -0.7071067811865425767 ) ) ;
#5274 = ORIENTED_EDGE ( 'NONE', *, *, #5335, .T. ) ;
#5275 = CARTESIAN_POINT ( 'NONE',  ( -18.00000000000000711, -20.00000000000000000, 9.414831613163342183E-16 ) ) ;
#5276 = CARTESIAN_POINT ( 'NONE',  ( -14.00000000000000178, 25.00000000000000000, 6.000000000000005329 ) ) ;
#5277 = ORIENTED_EDGE ( 'NONE', *, *, #5052, .T. ) ;
#5278 = CARTESIAN_POINT ( 'NONE',  ( -50.00000000000000000, -23.50000000000000000, -18.99999999999999645 ) ) ;
#5279 = VERTEX_POINT ( 'NONE', #3684 ) ;
#5280 = EDGE_CURVE ( 'NONE', #383, #4020, #2075, .T. ) ;
#5281 = DIRECTION ( 'NONE',  ( 0.000000000000000000, -0.9659258262890678681, -0.2588190451025226269 ) ) ;
#5282 = ORIENTED_EDGE ( 'NONE', *, *, #3967, .F. ) ;
#5283 = EDGE_CURVE ( 'NONE', #2089, #878, #540, .T. ) ;
#5284 = CARTESIAN_POINT ( 'NONE',  ( -14.00000000000000178, 25.00000000000000000, 6.000000000000005329 ) ) ;
#5285 = VERTEX_POINT ( 'NONE', #2647 ) ;
#5286 = DIRECTION ( 'NONE',  ( 0.000000000000000000, 0.000000000000000000, -1.000000000000000000 ) ) ;
#5287 = FACE_OUTER_BOUND ( 'NONE', #3868, .T. ) ;
#5288 = ORIENTED_EDGE ( 'NONE', *, *, #3237, .F. ) ;
#5289 = CARTESIAN_POINT ( 'NONE',  ( 11.50000000000000000, 25.00000000000000000, 6.000000000000005329 ) ) ;
#5290 = VERTEX_POINT ( 'NONE', #2624 ) ;
#5291 = DIRECTION ( 'NONE',  ( -8.979589471384858469E-16, 0.000000000000000000, 1.000000000000000000 ) ) ;
#5292 = ORIENTED_EDGE ( 'NONE', *, *, #3342, .F. ) ;
#5293 = CARTESIAN_POINT ( 'NONE',  ( -3.373561668076380315E-17, -2.699717485419025564, 10.07548282166584919 ) ) ;
#5294 = DIRECTION ( 'NONE',  ( 0.000000000000000000, -0.9659258262890679791, -0.2588190451025216277 ) ) ;
#5295 = ORIENTED_EDGE ( 'NONE', *, *, #2538, .F. ) ;
#5296 = PLANE ( 'NONE',  #806 ) ;
#5297 = LINE ( 'NONE', #1493, #1700 ) ;
#5298 = DIRECTION ( 'NONE',  ( 0.000000000000000000, 0.000000000000000000, -1.000000000000000000 ) ) ;
#5299 = ORIENTED_EDGE ( 'NONE', *, *, #5191, .F. ) ;
#5301 = AXIS2_PLACEMENT_3D ( 'NONE', #1959, #3617, #267 ) ;
#5300 = CARTESIAN_POINT ( 'NONE',  ( -21.25000000000000355, -20.00000000000000000, 9.414831613163342183E-16 ) ) ;
#5302 = ORIENTED_EDGE ( 'NONE', *, *, #3051, .T. ) ;
#5303 = DIRECTION ( 'NONE',  ( 0.000000000000000000, -1.000000000000000000, 0.000000000000000000 ) ) ;
#5304 = EDGE_CURVE ( 'NONE', #3865, #1924, #121, .T. ) ;
#5305 = VERTEX_POINT ( 'NONE', #3558 ) ;
#5306 = VECTOR ( 'NONE', #5007, 1000.000000000000114 ) ;
#5307 = VECTOR ( 'NONE', #851, 999.9999999999998863 ) ;
#5308 = ADVANCED_FACE ( 'NONE', ( #3947 ), #5170, .F. ) ;
#5309 = DIRECTION ( 'NONE',  ( 0.000000000000000000, 0.000000000000000000, 1.000000000000000000 ) ) ;
#5310 = VERTEX_POINT ( 'NONE', #1031 ) ;
#5311 = VECTOR ( 'NONE', #1639, 1000.000000000000000 ) ;
#5312 = DIRECTION ( 'NONE',  ( -1.000000000000000000, 0.000000000000000000, 0.000000000000000000 ) ) ;
#5313 = AXIS2_PLACEMENT_3D ( 'NONE', #4878, #1023, #2724 ) ;
#5314 = CARTESIAN_POINT ( 'NONE',  ( 47.49999999999998579, 13.00000000000001243, 0.7499999999999943379 ) ) ;
#5315 = EDGE_CURVE ( 'NONE', #166, #321, #3973, .T. ) ;
#5316 = ORIENTED_EDGE ( 'NONE', *, *, #475, .T. ) ;
#5317 = VECTOR ( 'NONE', #3084, 1000.000000000000000 ) ;
#5318 = ADVANCED_FACE ( 'NONE', ( #595 ), #5253, .T. ) ;
#5319 = LINE ( 'NONE', #1515, #5357 ) ;
#5320 = ORIENTED_EDGE ( 'NONE', *, *, #155, .F. ) ;
#5321 = DIRECTION ( 'NONE',  ( 1.000000000000000000, -0.000000000000000000, -0.000000000000000000 ) ) ;
#5322 = VERTEX_POINT ( 'NONE', #3063 ) ;
#5323 = DIRECTION ( 'NONE',  ( 0.000000000000000000, 0.7071067811865439090, -0.7071067811865512365 ) ) ;
#5324 = AXIS2_PLACEMENT_3D ( 'NONE', #2521, #427, #4203 ) ;
#5325 = EDGE_CURVE ( 'NONE', #4485, #618, #5345, .T. ) ;
#5326 = VECTOR ( 'NONE', #1951, 1000.000000000000000 ) ;
#5327 = AXIS2_PLACEMENT_3D ( 'NONE', #158, #241, #1041 ) ;
#5328 = ORIENTED_EDGE ( 'NONE', *, *, #1647, .F. ) ;
#5329 = CARTESIAN_POINT ( 'NONE',  ( 13.99999999999999822, -24.00000000000000000, 4.000000000000005329 ) ) ;
#5330 = ORIENTED_EDGE ( 'NONE', *, *, #5004, .F. ) ;
#5331 = LINE ( 'NONE', #1526, #1248 ) ;
#5332 = AXIS2_PLACEMENT_3D ( 'NONE', #4082, #4527, #3580 ) ;
#5333 = LINE ( 'NONE', #1841, #108 ) ;
#5334 = CARTESIAN_POINT ( 'NONE',  ( -55.00000000000000000, -25.00000000000000000, 0.9999999999999878986 ) ) ;
#5335 = EDGE_CURVE ( 'NONE', #224, #3241, #1387, .T. ) ;
#5336 = VERTEX_POINT ( 'NONE', #175 ) ;
#5337 = CIRCLE ( 'NONE', #4894, 2.499999999999998668 ) ;
#5338 = CARTESIAN_POINT ( 'NONE',  ( 55.00000000000000000, 30.50000000000001421, -2.500000000000000888 ) ) ;
#5339 = EDGE_LOOP ( 'NONE', ( #1751, #4027, #5346, #2858 ) ) ;
#5340 = LINE ( 'NONE', #4091, #1675 ) ;
#5341 = AXIS2_PLACEMENT_3D ( 'NONE', #386, #3305, #1184 ) ;
#5342 = AXIS2_PLACEMENT_3D ( 'NONE', #43, #4291, #2983 ) ;
#5343 = EDGE_LOOP ( 'NONE', ( #1196, #2274, #2543, #1483 ) ) ;
#5344 = AXIS2_PLACEMENT_3D ( 'NONE', #2140, #2587, #3230 ) ;
#5345 = CIRCLE ( 'NONE', #4108, 1.944028270823329407 ) ;
#5346 = ORIENTED_EDGE ( 'NONE', *, *, #5416, .F. ) ;
#5347 = DIRECTION ( 'NONE',  ( -1.000000000000000000, 0.000000000000000000, 0.000000000000000000 ) ) ;
#5348 = CYLINDRICAL_SURFACE ( 'NONE', #804, 2.000000000000001776 ) ;
#5349 = ORIENTED_EDGE ( 'NONE', *, *, #5427, .T. ) ;
#5350 = CARTESIAN_POINT ( 'NONE',  ( 8.000000000000000000, 31.01213974604118206, -20.23194711339421659 ) ) ;
#5351 = ORIENTED_EDGE ( 'NONE', *, *, #3638, .T. ) ;
#5352 = CARTESIAN_POINT ( 'NONE',  ( 52.50000000000000000, -22.50000000000000000, 4.000000000000009770 ) ) ;
#5353 = ORIENTED_EDGE ( 'NONE', *, *, #3581, .T. ) ;
#5354 = CARTESIAN_POINT ( 'NONE',  ( 7.462608952153032327, 25.00000000000000000, 9.414831613163337449E-15 ) ) ;
#5355 = APPLICATION_CONTEXT ( 'automotive_design' ) ;
#5356 = EDGE_CURVE ( 'NONE', #878, #383, #976, .T. ) ;
#5357 = VECTOR ( 'NONE', #2355, 1000.000000000000114 ) ;
#5358 = ORIENTED_EDGE ( 'NONE', *, *, #3586, .T. ) ;
#5359 = ADVANCED_FACE ( 'NONE', ( #3151 ), #2683, .F. ) ;
#5360 = DIRECTION ( 'NONE',  ( -1.623524136776981613E-15, -1.000000000000000000, 0.000000000000000000 ) ) ;
#5361 = ORIENTED_EDGE ( 'NONE', *, *, #5135, .T. ) ;
#5362 = DIRECTION ( 'NONE',  ( -0.000000000000000000, -0.2588190451025216832, 0.9659258262890680902 ) ) ;
#5363 = CARTESIAN_POINT ( 'NONE',  ( -52.50000000000000000, -22.50000000000000355, 8.673617379884035472E-16 ) ) ;
#5364 = CARTESIAN_POINT ( 'NONE',  ( 54.00000000000000000, -22.50000000000000000, 4.000000000000009770 ) ) ;
#5365 = EDGE_CURVE ( 'NONE', #4808, #1836, #4017, .T. ) ;
#5366 = DIRECTION ( 'NONE',  ( -0.000000000000000000, 1.000000000000000000, -0.000000000000000000 ) ) ;
#5367 = ORIENTED_EDGE ( 'NONE', *, *, #3384, .T. ) ;
#5368 = PLANE ( 'NONE',  #1319 ) ;
#5369 = ORIENTED_EDGE ( 'NONE', *, *, #3547, .T. ) ;
#5370 = ADVANCED_FACE ( 'NONE', ( #4366 ), #570, .F. ) ;
#5371 = ORIENTED_EDGE ( 'NONE', *, *, #5239, .F. ) ;
#5372 = FACE_OUTER_BOUND ( 'NONE', #5468, .T. ) ;
#5373 = LINE ( 'NONE', #3679, #3817 ) ;
#5374 = VERTEX_POINT ( 'NONE', #2196 ) ;
#5375 = CARTESIAN_POINT ( 'NONE',  ( 18.00000000000000711, 20.00000000000000000, 8.473348451847003231E-15 ) ) ;
#5376 = ORIENTED_EDGE ( 'NONE', *, *, #3581, .F. ) ;
#5377 = CARTESIAN_POINT ( 'NONE',  ( 18.00000000000000711, -20.00000000000000000, 0.7499999999999876765 ) ) ;
#5378 = DIRECTION ( 'NONE',  ( 1.000000000000000000, 0.000000000000000000, 0.000000000000000000 ) ) ;
#5379 = DIRECTION ( 'NONE',  ( 1.000000000000000000, 0.000000000000000000, 0.000000000000000000 ) ) ;
#5380 = EDGE_CURVE ( 'NONE', #4416, #4335, #4549, .T. ) ;
#5381 = VECTOR ( 'NONE', #4931, 1000.000000000000000 ) ;
#5382 = ADVANCED_FACE ( 'NONE', ( #2007 ), #5492, .F. ) ;
#5383 = ORIENTED_EDGE ( 'NONE', *, *, #3757, .F. ) ;
#5384 = DIRECTION ( 'NONE',  ( 0.000000000000000000, 0.000000000000000000, -1.000000000000000000 ) ) ;
#5385 = VERTEX_POINT ( 'NONE', #2638 ) ;
#5386 = CARTESIAN_POINT ( 'NONE',  ( -14.00000000000000178, 25.00000000000000000, 6.000000000000005329 ) ) ;
#5387 = DIRECTION ( 'NONE',  ( -0.000000000000000000, -0.2588190451025216832, 0.9659258262890679791 ) ) ;
#5388 = EDGE_CURVE ( 'NONE', #5305, #2356, #4215, .T. ) ;
#5389 = LINE ( 'NONE', #1981, #634 ) ;
#5390 = ORIENTED_EDGE ( 'NONE', *, *, #1142, .F. ) ;
#5391 = DIRECTION ( 'NONE',  ( -0.7071067811865474617, 0.7071067811865474617, -0.000000000000000000 ) ) ;
#5392 = ADVANCED_FACE ( 'NONE', ( #3854 ), #939, .T. ) ;
#5393 = ORIENTED_EDGE ( 'NONE', *, *, #4980, .T. ) ;
#5394 = DIRECTION ( 'NONE',  ( -0.000000000000000000, -0.000000000000000000, 1.000000000000000000 ) ) ;
#5395 = VECTOR ( 'NONE', #492, 1000.000000000000000 ) ;
#5396 = VERTEX_POINT ( 'NONE', #3829 ) ;
#5397 = DIRECTION ( 'NONE',  ( 0.7071067811865425767, 0.7071067811865524577, 0.000000000000000000 ) ) ;
#5398 = DIRECTION ( 'NONE',  ( 0.000000000000000000, -1.000000000000000000, 1.734723475976807341E-16 ) ) ;
#5399 = CONICAL_SURFACE ( 'NONE', #1049, 2.000000000000001776, 0.7853981633974587151 ) ;
#5400 = ORIENTED_EDGE ( 'NONE', *, *, #5304, .T. ) ;
#5401 = AXIS2_PLACEMENT_3D ( 'NONE', #5114, #458, #2098 ) ;
#5402 = ORIENTED_EDGE ( 'NONE', *, *, #2876, .F. ) ;
#5403 = CARTESIAN_POINT ( 'NONE',  ( -18.00000000000000711, 20.00000000000000000, 8.473348451847003231E-15 ) ) ;
#5404 = ORIENTED_EDGE ( 'NONE', *, *, #1097, .T. ) ;
#5405 = FACE_OUTER_BOUND ( 'NONE', #1019, .T. ) ;
#5406 = AXIS2_PLACEMENT_3D ( 'NONE', #1472, #656, #1033 ) ;
#5407 = ORIENTED_EDGE ( 'NONE', *, *, #307, .T. ) ;
#5408 = FACE_OUTER_BOUND ( 'NONE', #2704, .T. ) ;
#5409 = ORIENTED_EDGE ( 'NONE', *, *, #463, .F. ) ;
#5410 = DIRECTION ( 'NONE',  ( 1.000000000000000000, 0.000000000000000000, 0.000000000000000000 ) ) ;
#5412 = CIRCLE ( 'NONE', #5139, 2.499999999999998668 ) ;
#5411 = DIRECTION ( 'NONE',  ( -0.000000000000000000, -1.882966322632667746E-16, 1.000000000000000000 ) ) ;
#5413 = EDGE_CURVE ( 'NONE', #832, #31, #25, .T. ) ;
#5414 = CARTESIAN_POINT ( 'NONE',  ( -9.749999999999998224, 18.17288533613181656, 8.421346628765419950 ) ) ;
#5415 = DIRECTION ( 'NONE',  ( 0.000000000000000000, 0.000000000000000000, 1.000000000000000000 ) ) ;
#5416 = EDGE_CURVE ( 'NONE', #5074, #351, #2947, .T. ) ;
#5417 = AXIS2_PLACEMENT_3D ( 'NONE', #1501, #4060, #4481 ) ;
#5418 = LINE ( 'NONE', #445, #3552 ) ;
#5419 = EDGE_CURVE ( 'NONE', #3908, #3399, #829, .T. ) ;
#5420 = CONICAL_SURFACE ( 'NONE', #5327, 2.499999999999998668, 0.7853981633974582710 ) ;
#5421 = EDGE_LOOP ( 'NONE', ( #3555, #1425, #2833, #3657 ) ) ;
#5422 = CARTESIAN_POINT ( 'NONE',  ( -17.99999999999998579, 3.500000000000013323, -8.500000000000000000 ) ) ;
#5423 = EDGE_CURVE ( 'NONE', #3056, #1311, #2187, .T. ) ;
#5424 = AXIS2_PLACEMENT_3D ( 'NONE', #1656, #415, #1634 ) ;
#5425 = EDGE_LOOP ( 'NONE', ( #3048, #5361, #4304 ) ) ;
#5426 = VECTOR ( 'NONE', #3832, 1000.000000000000000 ) ;
#5427 = EDGE_CURVE ( 'NONE', #2158, #45, #2336, .T. ) ;
#5428 = VECTOR ( 'NONE', #3745, 1000.000000000000000 ) ;
#5429 = CARTESIAN_POINT ( 'NONE',  ( -47.50000000000000711, 31.50000000000000000, -23.50000000000003197 ) ) ;
#5430 = CARTESIAN_POINT ( 'NONE',  ( -55.00000000000000000, 25.00000000000000000, -2.500000000000000000 ) ) ;
#5431 = ORIENTED_EDGE ( 'NONE', *, *, #500, .F. ) ;
#5432 = AXIS2_PLACEMENT_3D ( 'NONE', #1295, #2987, #1022 ) ;
#5433 = EDGE_CURVE ( 'NONE', #3754, #5166, #5126, .T. ) ;
#5434 = ORIENTED_EDGE ( 'NONE', *, *, #1608, .F. ) ;
#5435 = DIRECTION ( 'NONE',  ( 0.000000000000000000, 1.000000000000000000, -1.734723475976807341E-16 ) ) ;
#5436 = LINE ( 'NONE', #1738, #257 ) ;
#5437 = VECTOR ( 'NONE', #854, 1000.000000000000000 ) ;
#5438 = CARTESIAN_POINT ( 'NONE',  ( 29.49999999999998579, 19.00000000000000355, 4.000000000000001776 ) ) ;
#5439 = EDGE_LOOP ( 'NONE', ( #3038, #106, #1090, #1189, #2087, #99, #4914, #733 ) ) ;
#5440 = DIRECTION ( 'NONE',  ( -1.000000000000000000, 0.000000000000000000, 0.000000000000000000 ) ) ;
#5441 = VERTEX_POINT ( 'NONE', #2970 ) ;
#5442 = LINE ( 'NONE', #3715, #2328 ) ;
#5443 = CARTESIAN_POINT ( 'NONE',  ( 13.99999999999999822, 22.50000000000000355, 4.000000000000005329 ) ) ;
#5444 = DIRECTION ( 'NONE',  ( 0.000000000000000000, 0.000000000000000000, -1.000000000000000000 ) ) ;
#5445 = DIRECTION ( 'NONE',  ( -0.000000000000000000, 0.2588190451025217942, -0.9659258262890679791 ) ) ;
#5446 = VERTEX_POINT ( 'NONE', #5100 ) ;
#5447 = CARTESIAN_POINT ( 'NONE',  ( -14.00000000000000178, 25.00000000000000000, 4.000000000000005329 ) ) ;
#5448 = ORIENTED_EDGE ( 'NONE', *, *, #3525, .T. ) ;
#5449 = EDGE_CURVE ( 'NONE', #3491, #2512, #5168, .T. ) ;
#5450 = ORIENTED_EDGE ( 'NONE', *, *, #1469, .F. ) ;
#5451 = CARTESIAN_POINT ( 'NONE',  ( 20.50000000000000355, 20.00000000000000000, -5.999999999999994671 ) ) ;
#5452 = CARTESIAN_POINT ( 'NONE',  ( -55.00000000000000000, 27.50000000000000000, -2.500000000000001776 ) ) ;
#5453 = ORIENTED_EDGE ( 'NONE', *, *, #1308, .F. ) ;
#5454 = EDGE_CURVE ( 'NONE', #4725, #3579, #4273, .T. ) ;
#5455 = ORIENTED_EDGE ( 'NONE', *, *, #1733, .F. ) ;
#5456 = LINE ( 'NONE', #749, #1889 ) ;
#5457 = ORIENTED_EDGE ( 'NONE', *, *, #3855, .T. ) ;
#5458 = CARTESIAN_POINT ( 'NONE',  ( -29.50000000000000355, 10.24999999999999645, 6.637456287280152216E-15 ) ) ;
#5459 = FACE_OUTER_BOUND ( 'NONE', #2892, .T. ) ;
#5460 = ORIENTED_EDGE ( 'NONE', *, *, #5016, .T. ) ;
#5461 = DIRECTION ( 'NONE',  ( -1.000000000000000000, -1.084202172485506529E-16, -2.041516177715383523E-32 ) ) ;
#5462 = CARTESIAN_POINT ( 'NONE',  ( 9.750000000000001776, 21.13629669484373608, 8.180114128763404935 ) ) ;
#5463 = PLANE ( 'NONE',  #4792 ) ;
#5464 = CARTESIAN_POINT ( 'NONE',  ( -8.000000000000000000, 27.50000000000000355, -7.124463137886512420 ) ) ;
#5465 = DIRECTION ( 'NONE',  ( 0.000000000000000000, -0.2588190451025217942, 0.9659258262890679791 ) ) ;
#5466 = ORIENTED_EDGE ( 'NONE', *, *, #1241, .F. ) ;
#5467 = SURFACE_STYLE_USAGE ( .BOTH. , #1749 ) ;
#5468 = EDGE_LOOP ( 'NONE', ( #1918, #4480, #2862, #2 ) ) ;
#5469 = DIRECTION ( 'NONE',  ( 0.000000000000000000, -1.000000000000000000, 0.000000000000000000 ) ) ;
#5470 = AXIS2_PLACEMENT_3D ( 'NONE', #4666, #4515, #861 ) ;
#5471 = ADVANCED_FACE ( 'NONE', ( #474 ), #3876, .F. ) ;
#5472 = CARTESIAN_POINT ( 'NONE',  ( 52.50000000000000000, -22.50000000000000000, 4.000000000000008882 ) ) ;
#5473 = DIRECTION ( 'NONE',  ( 0.000000000000000000, -1.000000000000000000, 2.478176394252569801E-16 ) ) ;
#5474 = VERTEX_POINT ( 'NONE', #4713 ) ;
#5475 = AXIS2_PLACEMENT_3D ( 'NONE', #2935, #822, #5379 ) ;
#5476 = DIRECTION ( 'NONE',  ( -1.387778780781445367E-17, -0.2588190451025217942, 0.9659258262890679791 ) ) ;
#5477 = ORIENTED_EDGE ( 'NONE', *, *, #1553, .F. ) ;
#5478 = EDGE_CURVE ( 'NONE', #4454, #859, #501, .T. ) ;
#5479 = DIRECTION ( 'NONE',  ( -0.000000000000000000, -0.000000000000000000, 1.000000000000000000 ) ) ;
#5480 = CARTESIAN_POINT ( 'NONE',  ( 45.00000000000000000, 28.49999999999998934, -8.500000000000000000 ) ) ;
#5481 = ADVANCED_FACE ( 'NONE', ( #913 ), #2615, .T. ) ;
#5482 = AXIS2_PLACEMENT_3D ( 'NONE', #839, #3887, #1309 ) ;
#5483 = VECTOR ( 'NONE', #1759, 1000.000000000000000 ) ;
#5484 = ORIENTED_EDGE ( 'NONE', *, *, #3972, .T. ) ;
#5485 = LINE ( 'NONE', #4237, #1253 ) ;
#5486 = FACE_OUTER_BOUND ( 'NONE', #4569, .T. ) ;
#5487 = EDGE_CURVE ( 'NONE', #161, #878, #3039, .T. ) ;
#5488 = CARTESIAN_POINT ( 'NONE',  ( -23.99999999999999645, 4.998909409702481987, 4.000000000000005329 ) ) ;
#5489 = CONICAL_SURFACE ( 'NONE', #439, 1.999999999999998224, 0.7853981633974569387 ) ;
#5490 = CARTESIAN_POINT ( 'NONE',  ( -24.20885981545882615, -15.00000000000000178, 1.734723475976807094E-15 ) ) ;
#5491 = AXIS2_PLACEMENT_3D ( 'NONE', #3939, #2988, #3494 ) ;
#5492 = PLANE ( 'NONE',  #1617 ) ;
#5493 = AXIS2_PLACEMENT_3D ( 'NONE', #4137, #4085, #4919 ) ;
#5494 = DIRECTION ( 'NONE',  ( 0.000000000000000000, -0.9659258262890679791, -0.2588190451025217942 ) ) ;
#5495 = ORIENTED_EDGE ( 'NONE', *, *, #3010, .F. ) ;
#5496 = EDGE_CURVE ( 'NONE', #4563, #4925, #51, .T. ) ;
ENDSEC;
END-ISO-10303-21;
