time_s,mode,segment,robot_x,robot_y,robot_th_deg,n_obstacles,max_obs_speed,min_obstacle_dist,path_y,vx_cmd,vy_cmd,vy_rep,corrected_x,corrected_y,corrected_yaw_deg
0.156,apt_walk_2,PARKED,0.0,0.0,0.0,0,0.0,999.0,0.0,0.0,0.0,0.0,0.0,0.0,0.0
0.257,apt_walk_2,PARKED,0.0,0.0,0.0,0,0.0,999.0,0.0,0.0,0.0,0.0,0.0,0.0,0.0
0.357,apt_walk_2,PARKED,0.0,0.0,0.0,2,0.0,3.761,0.0,0.0,0.0,0.0,0.0,0.0,0.0
0.476,apt_walk_2,PARKED,0.0,0.0,0.0,2,0.0,3.782,0.0,0.0,0.0,0.0,0.0,0.0,0.0
0.557,apt_walk_2,PARKED,0.0,0.0,0.0,2,0.0,3.768,0.0,0.0,0.0,0.0,0.0,0.0,0.0
0.657,apt_walk_2,PARKED,0.0,0.0,0.0,2,0.0,3.768,0.0,0.0,0.0,0.0,0.0,0.0,0.0
0.796,apt_walk_2,PARKED,0.0,0.0,0.0,2,0.0,3.695,0.0,0.0,0.0,0.0,0.0,0.0,0.0
0.858,apt_walk_2,PARKED,0.0,0.0,0.0,2,0.0,3.695,0.0,0.0,0.0,0.0,0.0,0.0,0.0
0.997,apt_walk_2,PARKED,0.0,0.0,0.0,2,0.0,3.721,0.0,0.0,0.0,0.0,0.0,0.0,0.0
1.058,apt_walk_2,PARKED,0.0,0.0,0.0,2,0.0,3.721,0.0,0.0,0.0,0.0,0.0,0.0,0.0
1.156,apt_walk_2,PARKED,0.0,0.0,0.0,2,0.0,3.721,0.0,0.0,0.0,0.0,0.0,0.0,0.0
1.298,apt_walk_2,PARKED,0.0,0.0,0.0,2,0.0,3.727,0.0,0.0,0.0,0.0,0.0,0.0,0.0
1.357,apt_walk_2,PARKED,0.0,0.0,0.0,2,0.0,3.727,0.0,0.0,0.0,0.0,0.0,0.0,0.0
1.457,apt_walk_2,PARKED,0.0,0.0,0.0,2,0.0,3.713,0.0,0.0,0.0,0.0,0.0,0.0,0.0
1.557,apt_walk_2,PARKED,0.0,0.0,0.0,2,0.0,3.713,0.0,0.0,0.0,0.0,0.0,0.0,0.0
1.675,apt_walk_2,PARKED,0.0,0.0,0.0,2,0.0,3.772,0.0,0.0,0.0,0.0,0.0,0.0,0.0
1.806,apt_walk_2,PARKED,0.0,0.0,0.0,2,0.0,3.743,0.0,0.0,0.0,0.0,0.0,0.0,0.0
1.862,apt_walk_2,PARKED,0.0,0.0,0.0,2,0.0,3.731,0.0,0.0,0.0,0.0,0.0,0.0,0.0
1.957,apt_walk_2,PARKED,0.0,0.0,0.0,2,0.0,3.739,0.0,0.0,0.0,0.0,0.0,0.0,0.0
2.066,apt_walk_2,PARKED,0.0,0.0,0.0,2,0.0,3.739,0.0,0.0,0.0,0.0,0.0,0.0,0.0
2.195,apt_walk_2,PARKED,0.0,0.0,0.0,2,0.0,3.727,0.0,0.0,0.0,0.0,0.0,0.0,0.0
2.292,apt_walk_2,PARKED,0.0,0.0,0.0,2,0.0,3.726,0.0,0.0,0.0,0.0,0.0,0.0,0.0
2.357,apt_walk_2,PARKED,0.0,0.0,0.0,2,0.0,3.726,0.0,0.0,0.0,0.0,0.0,0.0,0.0
2.457,apt_walk_2,PARKED,0.0,0.0,0.0,2,0.0,3.726,0.0,0.0,0.0,0.0,0.0,0.0,0.0
2.557,apt_walk_2,PARKED,0.0,0.0,0.0,2,0.0,3.726,0.0,0.0,0.0,0.0,0.0,0.0,0.0
2.657,apt_walk_2,PARKED,0.0,0.0,0.0,2,0.0,3.726,0.0,0.0,0.0,0.0,0.0,0.0,0.0
2.757,apt_walk_2,PARKED,0.0,0.0,0.0,3,0.0,3.715,0.0,0.0,0.0,0.0,0.0,0.0,0.0
2.857,apt_walk_2,PARKED,0.0,0.0,0.0,3,0.0,3.715,0.0,0.0,0.0,0.0,0.0,0.0,0.0
2.957,apt_walk_2,PARKED,0.0,0.0,0.0,3,0.0,3.715,0.0,0.0,0.0,0.0,0.0,0.0,0.0
3.057,apt_walk_2,PARKED,0.0,0.0,0.0,3,0.0,3.715,0.0,0.0,0.0,0.0,0.0,0.0,0.0
3.201,apt_walk_2,PARKED,0.0,0.0,0.0,3,0.0,3.699,0.0,0.0,0.0,0.0,0.0,0.0,0.0
3.258,apt_walk_2,PARKED,0.0,0.0,0.0,3,0.0,3.699,0.0,0.0,0.0,0.0,0.0,0.0,0.0
3.383,apt_walk_2,PARKED,0.0,0.0,0.0,3,0.0,3.738,0.0,0.0,0.0,0.0,0.0,0.0,0.0
3.457,apt_walk_2,PARKED,0.0,0.0,0.0,3,0.0,3.738,0.0,0.0,0.0,0.0,0.0,0.0,0.0
3.588,apt_walk_2,PARKED,0.0,0.0,0.0,4,0.0,3.671,0.0,0.0,0.0,0.0,0.0,0.0,0.0
3.705,apt_walk_2,PARKED,0.0,0.0,0.0,4,0.0,3.688,0.0,0.0,0.0,0.0,0.0,0.0,0.0
3.758,apt_walk_2,PARKED,0.0,0.0,0.0,4,0.0,3.688,0.0,0.0,0.0,0.0,0.0,0.0,0.0
3.862,apt_walk_2,PARKED,0.0,0.0,0.0,4,0.0,3.805,0.0,0.0,0.0,0.0,0.0,0.0,0.0
3.957,apt_walk_2,PARKED,0.0,0.0,0.0,4,0.0,3.805,0.0,0.0,0.0,0.0,0.0,0.0,0.0
4.057,apt_walk_2,PARKED,0.0,0.0,0.0,4,0.0,3.812,0.0,0.0,0.0,0.0,0.0,0.0,0.0
4.158,apt_walk_2,PARKED,0.0,0.0,0.0,4,0.0,3.699,0.0,0.0,0.0,0.0,0.0,0.0,0.0
4.257,apt_walk_2,PARKED,0.0,0.0,0.0,4,0.0,3.699,0.0,0.0,0.0,0.0,0.0,0.0,0.0
4.358,apt_walk_2,PARKED,0.0,0.0,0.0,4,0.0,3.699,0.0,0.0,0.0,0.0,0.0,0.0,0.0
4.457,apt_walk_2,PARKED,0.0,0.0,0.0,4,0.0,3.757,0.0,0.0,0.0,0.0,0.0,0.0,0.0
4.572,apt_walk_2,PARKED,0.0,0.0,0.0,4,0.0,3.664,0.0,0.0,0.0,0.0,0.0,0.0,0.0
4.657,apt_walk_2,PARKED,0.0,0.0,0.0,4,0.0,3.664,0.0,0.0,0.0,0.0,0.0,0.0,0.0
4.791,apt_walk_2,PARKED,0.0,0.0,0.0,4,0.0,3.675,0.0,0.0,0.0,0.0,0.0,0.0,0.0
4.857,apt_walk_2,PARKED,0.0,0.0,0.0,4,0.0,3.675,0.0,0.0,0.0,0.0,0.0,0.0,0.0
4.957,apt_walk_2,PARKED,0.0,0.0,0.0,4,0.0,3.675,0.0,0.0,0.0,0.0,0.0,0.0,0.0
5.057,apt_walk_2,PARKED,0.0,0.0,0.0,4,0.0,3.675,0.0,0.0,0.0,0.0,0.0,0.0,0.0
5.157,apt_walk_2,PARKED,0.0,0.0,0.0,4,0.0,3.675,0.0,0.0,0.0,0.0,0.0,0.0,0.0
5.257,apt_walk_2,PARKED,0.0,0.0,0.0,4,0.0,3.675,0.0,0.0,0.0,0.0,0.0,0.0,0.0
5.357,apt_walk_2,PARKED,0.0,0.0,0.0,4,0.0,3.675,0.0,0.0,0.0,0.0,0.0,0.0,0.0
5.505,apt_walk_2,PARKED,0.0,0.0,0.0,4,0.0,3.683,0.0,0.0,0.0,0.0,0.0,0.0,0.0
5.558,apt_walk_2,PARKED,0.0,0.0,0.0,4,0.0,3.683,0.0,0.0,0.0,0.0,0.0,0.0,0.0
5.657,apt_walk_2,PARKED,0.0,0.0,0.0,4,0.0,3.683,0.0,0.0,0.0,0.0,0.0,0.0,0.0
5.757,apt_walk_2,PARKED,0.0,0.0,0.0,4,0.0,3.683,0.0,0.0,0.0,0.0,0.0,0.0,0.0
5.871,apt_walk_2,PARKED,0.0,0.0,0.0,4,0.0,3.192,0.0,0.0,0.0,0.0,0.0,0.0,0.0
5.957,apt_walk_2,PARKED,0.0,0.0,0.0,4,0.0,2.952,0.0,0.0,0.0,0.0,0.0,0.0,0.0
6.057,apt_walk_2,PARKED,0.0,0.0,0.0,4,0.0,2.828,0.0,0.0,0.0,0.0,0.0,0.0,0.0
6.158,apt_walk_2,PARKED,0.0,0.0,0.0,4,0.0,2.68,0.0,0.0,0.0,0.0,0.0,0.0,0.0
6.272,apt_walk_2,PARKED,0.0,0.0,0.0,4,0.0,2.625,0.0,0.0,0.0,0.0,0.0,0.0,0.0
6.386,apt_walk_2,PARKED,0.0,0.0,0.0,4,0.0,2.487,0.0,0.0,0.0,0.0,0.0,0.0,0.0
6.457,apt_walk_2,PARKED,0.0,0.0,0.0,4,0.0,2.487,0.0,0.0,0.0,0.0,0.0,0.0,0.0
6.557,apt_walk_2,PARKED,0.0,0.0,0.0,4,0.0,2.487,0.0,0.0,0.0,0.0,0.0,0.0,0.0
6.657,apt_walk_2,PARKED,0.0,0.0,0.0,4,0.0,2.336,0.0,0.0,0.0,0.0,0.0,0.0,0.0
6.757,apt_walk_2,PARKED,0.0,0.0,0.0,4,0.0,2.336,0.0,0.0,0.0,0.0,0.0,0.0,0.0
6.864,apt_walk_2,PARKED,0.0,0.0,0.0,3,0.0,2.04,0.0,0.0,0.0,0.0,0.0,0.0,0.0
6.956,apt_walk_2,PARKED,0.0,0.0,0.0,3,0.0,2.04,0.0,0.0,0.0,0.0,0.0,0.0,0.0
7.057,apt_walk_2,PARKED,0.0,0.0,0.0,3,0.0,1.934,0.0,0.0,0.0,0.0,0.0,0.0,0.0
7.16,apt_walk_2,PARKED,0.0,0.0,0.0,3,0.0,1.856,0.0,0.0,0.0,0.0,0.0,0.0,0.0
7.289,apt_walk_2,PARKED,0.0,0.0,0.0,3,0.0,1.856,0.0,0.0,0.0,0.0,0.0,0.0,0.0
7.357,apt_walk_2,PARKED,0.0,0.0,0.0,3,0.032,1.709,0.0,0.0,0.0,0.0,0.0,0.0,0.0
7.471,apt_walk_2,PARKED,0.0,0.0,0.0,3,0.0117,1.677,0.0,0.0,0.0,0.0,0.0,0.0,0.0
7.594,apt_walk_2,PARKED,0.0,0.0,0.0,3,0.0117,1.677,0.0,0.0,0.0,0.0,0.0,0.0,0.0
7.657,apt_walk_2,PARKED,0.0,0.0,0.0,3,0.0117,1.677,0.0,0.0,0.0,0.0,0.0,0.0,0.0
7.758,apt_walk_2,PARKED,0.0,0.0,0.0,3,0.2996,1.635,0.0,0.0,0.0,0.0,0.0,0.0,0.0
7.857,apt_walk_2,PARKED,0.0,0.0,0.0,3,0.2996,1.635,0.0,0.0,0.0,0.0,0.0,0.0,0.0
7.958,apt_walk_2,PARKED,0.0,0.0,0.0,3,0.2163,1.619,0.0,0.0,0.0,0.0,0.0,0.0,0.0
8.104,apt_walk_2,PARKED,0.0,0.0,0.0,3,0.1109,1.625,0.0,0.0,0.0,0.0,0.0,0.0,0.0
8.159,apt_walk_2,PARKED,0.0,0.0,0.0,3,0.1109,1.625,0.0,0.0,0.0,0.0,0.0,0.0,0.0
8.257,apt_walk_2,PARKED,0.0,0.0,0.0,3,0.1109,1.625,0.0,0.0,0.0,0.0,0.0,0.0,0.0
8.357,apt_walk_2,PARKED,0.0,0.0,0.0,3,0.4114,1.68,0.0,0.0,0.0,0.0,0.0,0.0,0.0
8.482,apt_walk_2,PARKED,0.0,0.0,0.0,3,0.0,1.939,0.0,0.0,0.0,0.0,0.0,0.0,0.0
8.558,apt_walk_2,PARKED,0.0,0.0,0.0,3,0.0,1.939,0.0,0.0,0.0,0.0,0.0,0.0,0.0
8.661,apt_walk_2,PARKED,0.0,0.0,0.0,3,0.0,1.939,0.0,0.0,0.0,0.0,0.0,0.0,0.0
8.757,apt_walk_2,PARKED,0.0,0.0,0.0,3,0.0,1.939,0.0,0.0,0.0,0.0,0.0,0.0,0.0
8.857,apt_walk_2,PARKED,0.0,0.0,0.0,3,0.0,2.069,0.0,0.0,0.0,0.0,0.0,0.0,0.0
8.986,apt_walk_2,PARKED,0.0,0.0,0.0,3,0.0,2.333,0.0,0.0,0.0,0.0,0.0,0.0,0.0
9.057,apt_walk_2,PARKED,0.0,0.0,0.0,3,0.0,2.333,0.0,0.0,0.0,0.0,0.0,0.0,0.0
9.157,apt_walk_2,PARKED,0.0,0.0,0.0,3,0.0,2.484,0.0,0.0,0.0,0.0,0.0,0.0,0.0
9.294,apt_walk_2,PARKED,0.0,0.0,0.0,3,0.0,2.559,0.0,0.0,0.0,0.0,0.0,0.0,0.0
9.37,apt_walk_2,PARKED,0.0,0.0,0.0,3,0.0,2.681,0.0,0.0,0.0,0.0,0.0,0.0,0.0
9.457,apt_walk_2,PARKED,0.0,0.0,0.0,3,0.0,2.911,0.0,0.0,0.0,0.0,0.0,0.0,0.0
9.557,apt_walk_2,PARKED,0.0,0.0,0.0,3,0.0,2.911,0.0,0.0,0.0,0.0,0.0,0.0,0.0
9.657,apt_walk_2,PARKED,0.0,0.0,0.0,3,0.0,3.002,0.0,0.0,0.0,0.0,0.0,0.0,0.0
9.757,apt_walk_2,PARKED,0.0,0.0,0.0,4,0.0,3.071,0.0,0.0,0.0,0.0,0.0,0.0,0.0
9.893,apt_walk_2,PARKED,0.0,0.0,0.0,3,0.0,3.266,0.0,0.0,0.0,0.0,0.0,0.0,0.0
9.957,apt_walk_2,PARKED,0.0,0.0,0.0,3,0.0,3.266,0.0,0.0,0.0,0.0,0.0,0.0,0.0
10.057,apt_walk_2,PARKED,0.0,0.0,0.0,3,0.0,3.266,0.0,0.0,0.0,0.0,0.0,0.0,0.0
10.157,apt_walk_2,PARKED,0.0,0.0,0.0,3,0.0,3.507,0.0,0.0,0.0,0.0,0.0,0.0,0.0
10.257,apt_walk_2,PARKED,0.0,0.0,0.0,3,0.0,3.604,0.0,0.0,0.0,0.0,0.0,0.0,0.0
10.367,apt_walk_2,PARKED,0.0,0.0,0.0,3,0.0,3.709,0.0,0.0,0.0,0.0,0.0,0.0,0.0
10.504,apt_walk_2,PARKED,0.0,0.0,0.0,4,0.0,3.733,0.0,0.0,0.0,0.0,0.0,0.0,0.0
10.558,apt_walk_2,PARKED,0.0,0.0,0.0,4,0.0,3.733,0.0,0.0,0.0,0.0,0.0,0.0,0.0
10.657,apt_walk_2,PARKED,0.0,0.0,0.0,4,0.0,3.733,0.0,0.0,0.0,0.0,0.0,0.0,0.0
10.794,apt_walk_2,PARKED,0.0,0.0,0.0,4,0.0,3.689,0.0,0.0,0.0,0.0,0.0,0.0,0.0
10.857,apt_walk_2,PARKED,0.0,0.0,0.0,4,0.0,3.791,0.0,0.0,0.0,0.0,0.0,0.0,0.0
10.957,apt_walk_2,PARKED,0.0,0.0,0.0,4,0.0,3.791,0.0,0.0,0.0,0.0,0.0,0.0,0.0
11.057,apt_walk_2,PARKED,0.0,0.0,0.0,4,0.0,3.791,0.0,0.0,0.0,0.0,0.0,0.0,0.0
11.157,apt_walk_2,PARKED,0.0,0.0,0.0,4,0.0,3.791,0.0,0.0,0.0,0.0,0.0,0.0,0.0
11.256,apt_walk_2,PARKED,0.0,0.0,0.0,3,0.0,3.698,0.0,0.0,0.0,0.0,0.0,0.0,0.0
11.388,apt_walk_2,PARKED,0.0,0.0,0.0,3,0.0,3.81,0.0,0.0,0.0,0.0,0.0,0.0,0.0
11.457,apt_walk_2,PARKED,0.0,0.0,0.0,3,0.0,3.81,0.0,0.0,0.0,0.0,0.0,0.0,0.0
11.577,apt_walk_2,PARKED,0.0,0.0,0.0,3,0.0,3.768,0.0,0.0,0.0,0.0,0.0,0.0,0.0
11.696,apt_walk_2,PARKED,0.0,0.0,0.0,3,0.0,3.811,0.0,0.0,0.0,0.0,0.0,0.0,0.0
11.757,apt_walk_2,PARKED,0.0,0.0,0.0,3,0.0,3.798,0.0,0.0,0.0,0.0,0.0,0.0,0.0
11.881,apt_walk_2,PARKED,0.0,0.0,0.0,3,0.0,3.808,0.0,0.0,0.0,0.0,0.0,0.0,0.0
11.958,apt_walk_2,PARKED,0.0,0.0,0.0,3,0.0,3.808,0.0,0.0,0.0,0.0,0.0,0.0,0.0
12.058,apt_walk_2,PARKED,0.0,0.0,0.0,3,0.0,3.808,0.0,0.0,0.0,0.0,0.0,0.0,0.0
12.157,apt_walk_2,PARKED,0.0,0.0,0.0,3,0.0,3.806,0.0,0.0,0.0,0.0,0.0,0.0,0.0
12.257,apt_walk_2,PARKED,0.0,0.0,0.0,3,0.0,3.806,0.0,0.0,0.0,0.0,0.0,0.0,0.0
12.357,apt_walk_2,PARKED,0.0,0.0,0.0,3,0.0,3.806,0.0,0.0,0.0,0.0,0.0,0.0,0.0
12.458,apt_walk_2,PARKED,0.0,0.0,0.0,4,0.0,3.756,0.0,0.0,0.0,0.0,0.0,0.0,0.0
12.596,apt_walk_2,PARKED,0.0,0.0,0.0,4,0.0,3.747,0.0,0.0,0.0,0.0,0.0,0.0,0.0
12.666,apt_walk_2,PARKED,0.0,0.0,0.0,3,0.0,3.722,0.0,0.0,0.0,0.0,0.0,0.0,0.0
12.757,apt_walk_2,PARKED,0.0,0.0,0.0,3,0.0,3.661,0.0,0.0,0.0,0.0,0.0,0.0,0.0
12.857,apt_walk_2,PARKED,0.0,0.0,0.0,3,0.0,3.661,0.0,0.0,0.0,0.0,0.0,0.0,0.0
12.956,apt_walk_2,PARKED,0.0,0.0,0.0,3,0.0,3.643,0.0,0.0,0.0,0.0,0.0,0.0,0.0
13.057,apt_walk_2,PARKED,0.0,0.0,0.0,3,0.0,3.643,0.0,0.0,0.0,0.0,0.0,0.0,0.0
13.158,apt_walk_2,PARKED,0.0,0.0,0.0,3,0.0,3.643,0.0,0.0,0.0,0.0,0.0,0.0,0.0
13.257,apt_walk_2,PARKED,0.0,0.0,0.0,3,0.0,3.481,0.0,0.0,0.0,0.0,0.0,0.0,0.0
13.391,apt_walk_2,PARKED,0.0,0.0,0.0,3,0.0,3.141,0.0,0.0,0.0,0.0,0.0,0.0,0.0
13.458,apt_walk_2,PARKED,0.0,0.0,0.0,3,0.0,3.141,0.0,0.0,0.0,0.0,0.0,0.0,0.0
13.558,apt_walk_2,PARKED,0.0,0.0,0.0,3,0.0,3.141,0.0,0.0,0.0,0.0,0.0,0.0,0.0
13.701,apt_walk_2,PARKED,0.0,0.0,0.0,3,0.0,3.077,0.0,0.0,0.0,0.0,0.0,0.0,0.0
13.774,apt_walk_2,PARKED,0.0,0.0,0.0,3,0.0,2.779,0.0,0.0,0.0,0.0,0.0,0.0,0.0
13.858,apt_walk_2,PARKED,0.0,0.0,0.0,3,0.0,2.779,0.0,0.0,0.0,0.0,0.0,0.0,0.0
13.957,apt_walk_2,PARKED,0.0,0.0,0.0,3,0.0,2.654,0.0,0.0,0.0,0.0,0.0,0.0,0.0
14.057,apt_walk_2,PARKED,0.0,0.0,0.0,3,0.0,2.654,0.0,0.0,0.0,0.0,0.0,0.0,0.0
14.157,apt_walk_2,PARKED,0.0,0.0,0.0,3,0.0,2.654,0.0,0.0,0.0,0.0,0.0,0.0,0.0
14.271,apt_walk_2,PARKED,0.0,0.0,0.0,3,0.0,2.274,0.0,0.0,0.0,0.0,0.0,0.0,0.0
14.357,apt_walk_2,PARKED,0.0,0.0,0.0,3,0.0,2.274,0.0,0.0,0.0,0.0,0.0,0.0,0.0
14.457,apt_walk_2,PARKED,0.0,0.0,0.0,3,0.0,2.274,0.0,0.0,0.0,0.0,0.0,0.0,0.0
14.557,apt_walk_2,PARKED,0.0,0.0,0.0,3,0.0,2.274,0.0,0.0,0.0,0.0,0.0,0.0,0.0
14.705,apt_walk_2,PARKED,0.0,0.0,0.0,3,0.0,1.886,0.0,0.0,0.0,0.0,0.0,0.0,0.0
14.77,apt_walk_2,PARKED,0.0,0.0,0.0,3,0.0,1.813,0.0,0.0,0.0,0.0,0.0,0.0,0.0
14.858,apt_walk_2,PARKED,0.0,0.0,0.0,3,0.0,1.813,0.0,0.0,0.0,0.0,0.0,0.0,0.0
14.958,apt_walk_2,PARKED,0.0,0.0,0.0,3,0.0,1.813,0.0,0.0,0.0,0.0,0.0,0.0,0.0
15.057,apt_walk_2,PARKED,0.0,0.0,0.0,3,0.3003,1.719,0.0,0.0,0.0,0.0,0.0,0.0,0.0
15.186,apt_walk_2,PARKED,0.0,0.0,0.0,3,0.083,1.685,0.0,0.0,0.0,0.0,0.0,0.0,0.0
15.257,apt_walk_2,PARKED,0.0,0.0,0.0,3,0.083,1.685,0.0,0.0,0.0,0.0,0.0,0.0,0.0
15.357,apt_walk_2,PARKED,0.0,0.0,0.0,3,0.0182,1.663,0.0,0.0,0.0,0.0,0.0,0.0,0.0
15.457,apt_walk_2,PARKED,0.0,0.0,0.0,3,0.0182,1.663,0.0,0.0,0.0,0.0,0.0,0.0,0.0
15.557,apt_walk_2,PARKED,0.0,0.0,0.0,3,0.1936,1.66,0.0,0.0,0.0,0.0,0.0,0.0,0.0
15.657,apt_walk_2,PARKED,0.0,0.0,0.0,3,0.1936,1.66,0.0,0.0,0.0,0.0,0.0,0.0,0.0
15.757,apt_walk_2,PARKED,0.0,0.0,0.0,3,0.176,1.667,0.0,0.0,0.0,0.0,0.0,0.0,0.0
15.868,apt_walk_2,PARKED,0.0,0.0,0.0,3,0.2232,1.683,0.0,0.0,0.0,0.0,0.0,0.0,0.0
15.982,apt_walk_2,PARKED,0.0,0.0,0.0,3,0.215,1.701,0.0,0.0,0.0,0.0,0.0,0.0,0.0
16.058,apt_walk_2,PARKED,0.0,0.0,0.0,3,0.0,1.867,0.0,0.0,0.0,0.0,0.0,0.0,0.0
16.157,apt_walk_2,PARKED,0.0,0.0,0.0,3,0.0,1.959,0.0,0.0,0.0,0.0,0.0,0.0,0.0
16.287,apt_walk_2,PARKED,0.0,0.0,0.0,3,0.0,2.02,0.0,0.0,0.0,0.0,0.0,0.0,0.0
16.357,apt_walk_2,PARKED,0.0,0.0,0.0,3,0.0,2.02,0.0,0.0,0.0,0.0,0.0,0.0,0.0
16.457,apt_walk_2,PARKED,0.0,0.0,0.0,3,0.0,2.081,0.0,0.0,0.0,0.0,0.0,0.0,0.0
16.557,apt_walk_2,PARKED,0.0,0.0,0.0,3,0.0,2.081,0.0,0.0,0.0,0.0,0.0,0.0,0.0
16.658,apt_walk_2,PARKED,0.0,0.0,0.0,3,0.0,2.424,0.0,0.0,0.0,0.0,0.0,0.0,0.0
16.758,apt_walk_2,PARKED,0.0,0.0,0.0,3,0.0,2.424,0.0,0.0,0.0,0.0,0.0,0.0,0.0
16.864,apt_walk_2,PARKED,0.0,0.0,0.0,3,0.0,2.536,0.0,0.0,0.0,0.0,0.0,0.0,0.0
16.957,apt_walk_2,PARKED,0.0,0.0,0.0,3,0.0,2.536,0.0,0.0,0.0,0.0,0.0,0.0,0.0
17.057,apt_walk_2,PARKED,0.0,0.0,0.0,3,0.0,2.536,0.0,0.0,0.0,0.0,0.0,0.0,0.0
17.186,apt_walk_2,PARKED,0.0,0.0,0.0,3,0.0,2.742,0.0,0.0,0.0,0.0,0.0,0.0,0.0
17.302,apt_walk_2,PARKED,0.0,0.0,0.0,3,0.0,2.97,0.0,0.0,0.0,0.0,0.0,0.0,0.0
17.357,apt_walk_2,PARKED,0.0,0.0,0.0,3,0.0,2.97,0.0,0.0,0.0,0.0,0.0,0.0,0.0
17.464,apt_walk_2,PARKED,0.0,0.0,0.0,3,0.0,2.97,0.0,0.0,0.0,0.0,0.0,0.0,0.0
17.557,apt_walk_2,PARKED,0.0,0.0,0.0,3,0.0,2.97,0.0,0.0,0.0,0.0,0.0,0.0,0.0
17.657,apt_walk_2,PARKED,0.0,0.0,0.0,3,0.0,2.97,0.0,0.0,0.0,0.0,0.0,0.0,0.0
17.788,apt_walk_2,PARKED,0.0,0.0,0.0,3,0.0,3.275,0.0,0.0,0.0,0.0,0.0,0.0,0.0
17.857,apt_walk_2,PARKED,0.0,0.0,0.0,3,0.0,3.443,0.0,0.0,0.0,0.0,0.0,0.0,0.0
17.983,apt_walk_2,PARKED,0.0,0.0,0.0,3,0.0,3.589,0.0,0.0,0.0,0.0,0.0,0.0,0.0
18.057,apt_walk_2,PARKED,0.0,0.0,0.0,3,0.0,3.589,0.0,0.0,0.0,0.0,0.0,0.0,0.0
18.158,apt_walk_2,PARKED,0.0,0.0,0.0,3,0.0,3.589,0.0,0.0,0.0,0.0,0.0,0.0,0.0
18.291,apt_walk_2,PARKED,0.0,0.0,0.0,3,0.0,3.681,0.0,0.0,0.0,0.0,0.0,0.0,0.0
18.36,apt_walk_2,PARKED,0.0,0.0,0.0,3,0.0,3.744,0.0,0.0,0.0,0.0,0.0,0.0,0.0
18.457,apt_walk_2,PARKED,0.0,0.0,0.0,3,0.0,3.744,0.0,0.0,0.0,0.0,0.0,0.0,0.0
18.576,apt_walk_2,PARKED,0.0,0.0,0.0,3,0.0,3.7,0.0,0.0,0.0,0.0,0.0,0.0,0.0
18.657,apt_walk_2,PARKED,0.0,0.0,0.0,3,0.0,3.7,0.0,0.0,0.0,0.0,0.0,0.0,0.0
18.757,apt_walk_2,PARKED,0.0,0.0,0.0,3,0.0,3.7,0.0,0.0,0.0,0.0,0.0,0.0,0.0
18.864,apt_walk_2,PARKED,0.0,0.0,0.0,4,0.0,3.789,0.0,0.0,0.0,0.0,0.0,0.0,0.0
18.957,apt_walk_2,PARKED,0.0,0.0,0.0,4,0.0,3.789,0.0,0.0,0.0,0.0,0.0,0.0,0.0
19.057,apt_walk_2,PARKED,0.0,0.0,0.0,4,0.0,3.789,0.0,0.0,0.0,0.0,0.0,0.0,0.0
19.162,apt_walk_2,PARKED,0.0,0.0,0.0,4,0.0,3.778,0.0,0.0,0.0,0.0,0.0,0.0,0.0
19.257,apt_walk_2,PARKED,0.0,0.0,0.0,4,0.0,3.809,0.0,0.0,0.0,0.0,0.0,0.0,0.0
19.357,apt_walk_2,PARKED,0.0,0.0,0.0,4,0.0,3.809,0.0,0.0,0.0,0.0,0.0,0.0,0.0
19.456,apt_walk_2,PARKED,0.0,0.0,0.0,4,0.0,3.695,0.0,0.0,0.0,0.0,0.0,0.0,0.0
19.577,apt_walk_2,PARKED,0.0,0.0,0.0,4,0.0,3.715,0.0,0.0,0.0,0.0,0.0,0.0,0.0
19.657,apt_walk_2,PARKED,0.0,0.0,0.0,4,0.0,3.715,0.0,0.0,0.0,0.0,0.0,0.0,0.0
19.799,apt_walk_2,PARKED,0.0,0.0,0.0,4,0.0,3.642,0.0,0.0,0.0,0.0,0.0,0.0,0.0
19.857,apt_walk_2,PARKED,0.0,0.0,0.0,4,0.0,3.642,0.0,0.0,0.0,0.0,0.0,0.0,0.0
19.958,apt_walk_2,PARKED,0.0,0.0,0.0,4,0.0,3.642,0.0,0.0,0.0,0.0,0.0,0.0,0.0
20.057,apt_walk_2,PARKED,0.0,0.0,0.0,4,0.0,3.655,0.0,0.0,0.0,0.0,0.0,0.0,0.0
20.203,apt_walk_2,PARKED,0.0,0.0,0.0,4,0.0,3.716,0.0,0.0,0.0,0.0,0.0,0.0,0.0
20.257,apt_walk_2,PARKED,0.0,0.0,0.0,4,0.0,3.716,0.0,0.0,0.0,0.0,0.0,0.0,0.0
20.386,apt_walk_2,PARKED,0.0,0.0,0.0,4,0.0,3.716,0.0,0.0,0.0,0.0,0.0,0.0,0.0
20.457,apt_walk_2,PARKED,0.0,0.0,0.0,4,0.0,3.716,0.0,0.0,0.0,0.0,0.0,0.0,0.0
20.557,apt_walk_2,PARKED,0.0,0.0,0.0,4,0.0,3.656,0.0,0.0,0.0,0.0,0.0,0.0,0.0
20.658,apt_walk_2,PARKED,0.0,0.0,0.0,4,0.0,3.656,0.0,0.0,0.0,0.0,0.0,0.0,0.0
20.757,apt_walk_2,PARKED,0.0,0.0,0.0,4,0.0,3.656,0.0,0.0,0.0,0.0,0.0,0.0,0.0
20.857,apt_walk_2,PARKED,0.0,0.0,0.0,4,0.0,3.656,0.0,0.0,0.0,0.0,0.0,0.0,0.0
20.995,apt_walk_2,PARKED,0.0,0.0,0.0,5,0.0,3.012,0.0,0.0,0.0,0.0,0.0,0.0,0.0
21.063,apt_walk_2,PARKED,0.0,0.0,0.0,5,0.0,2.887,0.0,0.0,0.0,0.0,0.0,0.0,0.0
21.157,apt_walk_2,PARKED,0.0,0.0,0.0,5,0.0,2.887,0.0,0.0,0.0,0.0,0.0,0.0,0.0
21.257,apt_walk_2,PARKED,0.0,0.0,0.0,5,0.0,2.887,0.0,0.0,0.0,0.0,0.0,0.0,0.0
21.373,apt_walk_2,PARKED,0.0,0.0,0.0,5,0.0,2.756,0.0,0.0,0.0,0.0,0.0,0.0,0.0
21.457,apt_walk_2,PARKED,0.0,0.0,0.0,5,0.0,2.644,0.0,0.0,0.0,0.0,0.0,0.0,0.0
21.573,apt_walk_2,PARKED,0.0,0.0,0.0,5,0.0,2.401,0.0,0.0,0.0,0.0,0.0,0.0,0.0
21.657,apt_walk_2,PARKED,0.0,0.0,0.0,5,0.0,2.401,0.0,0.0,0.0,0.0,0.0,0.0,0.0
21.789,apt_walk_2,PARKED,0.0,0.0,0.0,5,0.0,2.311,0.0,0.0,0.0,0.0,0.0,0.0,0.0
21.858,apt_walk_2,PARKED,0.0,0.0,0.0,5,0.0,2.311,0.0,0.0,0.0,0.0,0.0,0.0,0.0
21.974,apt_walk_2,PARKED,0.0,0.0,0.0,4,0.0,2.039,0.0,0.0,0.0,0.0,0.0,0.0,0.0
22.058,apt_walk_2,PARKED,0.0,0.0,0.0,4,0.0,2.039,0.0,0.0,0.0,0.0,0.0,0.0,0.0
22.158,apt_walk_2,PARKED,0.0,0.0,0.0,4,0.0,2.039,0.0,0.0,0.0,0.0,0.0,0.0,0.0
22.257,apt_walk_2,PARKED,0.0,0.0,0.0,4,0.0,1.922,0.0,0.0,0.0,0.0,0.0,0.0,0.0
22.405,apt_walk_2,PARKED,0.0,0.0,0.0,4,0.3162,1.7,0.0,0.0,0.0,0.0,0.0,0.0,0.0
22.472,apt_walk_2,PARKED,0.0,0.0,0.0,4,0.3162,1.7,0.0,0.0,0.0,0.0,0.0,0.0,0.0
22.557,apt_walk_2,PARKED,0.0,0.0,0.0,4,0.3162,1.7,0.0,0.0,0.0,0.0,0.0,0.0,0.0
22.658,apt_walk_2,PARKED,0.0,0.0,0.0,4,0.2818,1.621,0.0,0.0,0.0,0.0,0.0,0.0,0.0
22.777,apt_walk_2,PARKED,0.0,0.0,0.0,4,0.2818,1.621,0.0,0.0,0.0,0.0,0.0,0.0,0.0
22.858,apt_walk_2,PARKED,0.0,0.0,0.0,3,0.2536,1.495,0.0,0.0,0.0,0.0,0.0,0.0,0.0
22.957,apt_walk_2,PARKED,0.0,0.0,0.0,3,0.2536,1.495,0.0,0.0,0.0,0.0,0.0,0.0,0.0
23.085,apt_walk_2,PARKED,0.0,0.0,0.0,3,0.0344,1.447,0.0,0.0,0.0,0.0,0.0,0.0,0.0
23.158,apt_walk_2,PARKED,0.0,0.0,0.0,3,0.0344,1.447,0.0,0.0,0.0,0.0,0.0,0.0,0.0
23.278,apt_walk_2,PARKED,0.0,0.0,0.0,3,0.0488,1.421,0.0,0.0,0.0,0.0,0.0,0.0,0.0
23.357,apt_walk_2,PARKED,0.0,0.0,0.0,3,0.0488,1.421,0.0,0.0,0.0,0.0,0.0,0.0,0.0
23.497,apt_walk_2,PARKED,0.0,0.0,0.0,3,0.4089,1.44,0.0,0.0,0.0,0.0,0.0,0.0,0.0
23.581,apt_walk_2,PARKED,0.0,0.0,0.0,3,0.4089,1.44,0.0,0.0,0.0,0.0,0.0,0.0,0.0
23.657,apt_walk_2,PARKED,0.0,0.0,0.0,3,0.4089,1.44,0.0,0.0,0.0,0.0,0.0,0.0,0.0
23.757,apt_walk_2,PARKED,0.0,0.0,0.0,3,0.4089,1.44,0.0,0.0,0.0,0.0,0.0,0.0,0.0
23.857,apt_walk_2,PARKED,0.0,0.0,0.0,3,0.6244,1.494,0.0,0.0,0.0,0.0,0.0,0.0,0.0
23.998,apt_walk_2,PARKED,0.0,0.0,0.0,3,0.615,1.845,0.0,0.0,0.0,0.0,0.0,0.0,0.0
24.058,apt_walk_2,PARKED,0.0,0.0,0.0,3,0.615,1.845,0.0,0.0,0.0,0.0,0.0,0.0,0.0
24.174,apt_walk_2,PARKED,0.0,0.0,0.0,3,0.615,1.845,0.0,0.0,0.0,0.0,0.0,0.0,0.0
24.281,apt_walk_2,PARKED,0.0,0.0,0.0,3,0.315,1.945,0.0,0.0,0.0,0.0,0.0,0.0,0.0
24.357,apt_walk_2,PARKED,0.0,0.0,0.0,3,0.0,2.169,0.0,0.0,0.0,0.0,0.0,0.0,0.0
24.457,apt_walk_2,PARKED,0.0,0.0,0.0,3,0.0,2.169,0.0,0.0,0.0,0.0,0.0,0.0,0.0
24.557,apt_walk_2,PARKED,0.0,0.0,0.0,3,0.0,2.315,0.0,0.0,0.0,0.0,0.0,0.0,0.0
24.693,apt_walk_2,PARKED,0.0,0.0,0.0,3,0.0,2.315,0.0,0.0,0.0,0.0,0.0,0.0,0.0
24.803,apt_walk_2,PARKED,0.0,0.0,0.0,3,0.0,2.388,0.0,0.0,0.0,0.0,0.0,0.0,0.0
24.861,apt_walk_2,PARKED,0.0,0.0,0.0,3,0.0,2.547,0.0,0.0,0.0,0.0,0.0,0.0,0.0
24.995,apt_walk_2,PARKED,0.0,0.0,0.0,3,0.0,2.547,0.0,0.0,0.0,0.0,0.0,0.0,0.0
25.057,apt_walk_2,PARKED,0.0,0.0,0.0,3,0.0,2.547,0.0,0.0,0.0,0.0,0.0,0.0,0.0
25.157,apt_walk_2,PARKED,0.0,0.0,0.0,3,0.0,2.547,0.0,0.0,0.0,0.0,0.0,0.0,0.0
25.287,apt_walk_2,PARKED,0.0,0.0,0.0,3,0.0,2.997,0.0,0.0,0.0,0.0,0.0,0.0,0.0
25.357,apt_walk_2,PARKED,0.0,0.0,0.0,4,0.0,3.112,0.0,0.0,0.0,0.0,0.0,0.0,0.0
25.457,apt_walk_2,PARKED,0.0,0.0,0.0,4,0.0,3.112,0.0,0.0,0.0,0.0,0.0,0.0,0.0
25.557,apt_walk_2,PARKED,0.0,0.0,0.0,4,0.0,3.112,0.0,0.0,0.0,0.0,0.0,0.0,0.0
25.658,apt_walk_2,PARKED,0.0,0.0,0.0,4,0.0,3.244,0.0,0.0,0.0,0.0,0.0,0.0,0.0
25.757,apt_walk_2,PARKED,0.0,0.0,0.0,4,0.0,3.56,0.0,0.0,0.0,0.0,0.0,0.0,0.0
25.857,apt_walk_2,PARKED,0.0,0.0,0.0,4,0.0,3.682,0.0,0.0,0.0,0.0,0.0,0.0,0.0
25.982,apt_walk_2,PARKED,0.0,0.0,0.0,4,0.0,3.682,0.0,0.0,0.0,0.0,0.0,0.0,0.0
26.057,apt_walk_2,PARKED,0.0,0.0,0.0,4,0.0,3.682,0.0,0.0,0.0,0.0,0.0,0.0,0.0
26.188,apt_walk_2,PARKED,0.0,0.0,0.0,4,0.0,3.774,0.0,0.0,0.0,0.0,0.0,0.0,0.0
26.258,apt_walk_2,PARKED,0.0,0.0,0.0,4,0.0,3.812,0.0,0.0,0.0,0.0,0.0,0.0,0.0
26.358,apt_walk_2,PARKED,0.0,0.0,0.0,4,0.0,3.812,0.0,0.0,0.0,0.0,0.0,0.0,0.0
26.457,apt_walk_2,PARKED,0.0,0.0,0.0,4,0.0,3.812,0.0,0.0,0.0,0.0,0.0,0.0,0.0
26.557,apt_walk_2,PARKED,0.0,0.0,0.0,4,0.0,3.73,0.0,0.0,0.0,0.0,0.0,0.0,0.0
26.693,apt_walk_2,PARKED,0.0,0.0,0.0,4,0.0,3.723,0.0,0.0,0.0,0.0,0.0,0.0,0.0
26.758,apt_walk_2,PARKED,0.0,0.0,0.0,4,0.0,3.723,0.0,0.0,0.0,0.0,0.0,0.0,0.0
26.857,apt_walk_2,PARKED,0.0,0.0,0.0,4,0.0,3.76,0.0,0.0,0.0,0.0,0.0,0.0,0.0
26.957,apt_walk_2,PARKED,0.0,0.0,0.0,4,0.0,3.76,0.0,0.0,0.0,0.0,0.0,0.0,0.0
27.058,apt_walk_2,PARKED,0.0,0.0,0.0,4,0.0,3.785,0.0,0.0,0.0,0.0,0.0,0.0,0.0
27.202,apt_walk_2,PARKED,0.0,0.0,0.0,4,0.0,3.736,0.0,0.0,0.0,0.0,0.0,0.0,0.0
27.258,apt_walk_2,PARKED,0.0,0.0,0.0,4,0.0,3.736,0.0,0.0,0.0,0.0,0.0,0.0,0.0
27.357,apt_walk_2,PARKED,0.0,0.0,0.0,4,0.0,3.736,0.0,0.0,0.0,0.0,0.0,0.0,0.0
27.457,apt_walk_2,PARKED,0.0,0.0,0.0,4,0.0,3.709,0.0,0.0,0.0,0.0,0.0,0.0,0.0
27.584,apt_walk_2,PARKED,0.0,0.0,0.0,4,0.0,3.715,0.0,0.0,0.0,0.0,0.0,0.0,0.0
27.657,apt_walk_2,PARKED,0.0,0.0,0.0,4,0.0,3.769,0.0,0.0,0.0,0.0,0.0,0.0,0.0
27.779,apt_walk_2,PARKED,0.0,0.0,0.0,4,0.0,3.769,0.0,0.0,0.0,0.0,0.0,0.0,0.0
27.857,apt_walk_2,PARKED,0.0,0.0,0.0,4,0.0,3.769,0.0,0.0,0.0,0.0,0.0,0.0,0.0
27.958,apt_walk_2,PARKED,0.0,0.0,0.0,4,0.0,3.769,0.0,0.0,0.0,0.0,0.0,0.0,0.0
28.095,apt_walk_2,PARKED,0.0,0.0,0.0,4,0.0,3.719,0.0,0.0,0.0,0.0,0.0,0.0,0.0
28.157,apt_walk_2,PARKED,0.0,0.0,0.0,4,0.0,3.719,0.0,0.0,0.0,0.0,0.0,0.0,0.0
28.258,apt_walk_2,PARKED,0.0,0.0,0.0,4,0.0,3.719,0.0,0.0,0.0,0.0,0.0,0.0,0.0
28.358,apt_walk_2,PARKED,0.0,0.0,0.0,4,0.0,3.719,0.0,0.0,0.0,0.0,0.0,0.0,0.0
28.495,apt_walk_2,PARKED,0.0,0.0,0.0,3,0.0,3.337,0.0,0.0,0.0,0.0,0.0,0.0,0.0
28.557,apt_walk_2,PARKED,0.0,0.0,0.0,3,0.0,3.337,0.0,0.0,0.0,0.0,0.0,0.0,0.0
28.657,apt_walk_2,PARKED,0.0,0.0,0.0,3,0.0,3.337,0.0,0.0,0.0,0.0,0.0,0.0,0.0
28.757,apt_walk_2,PARKED,0.0,0.0,0.0,3,0.0,3.337,0.0,0.0,0.0,0.0,0.0,0.0,0.0
28.858,apt_walk_2,PARKED,0.0,0.0,0.0,3,0.0,3.222,0.0,0.0,0.0,0.0,0.0,0.0,0.0
29.004,apt_walk_2,PARKED,0.0,0.0,0.0,3,0.0,2.938,0.0,0.0,0.0,0.0,0.0,0.0,0.0
29.058,apt_walk_2,PARKED,0.0,0.0,0.0,3,0.0,2.938,0.0,0.0,0.0,0.0,0.0,0.0,0.0
29.157,apt_walk_2,PARKED,0.0,0.0,0.0,3,0.0,2.938,0.0,0.0,0.0,0.0,0.0,0.0,0.0
29.258,apt_walk_2,PARKED,0.0,0.0,0.0,3,0.0,2.849,0.0,0.0,0.0,0.0,0.0,0.0,0.0
29.357,apt_walk_2,PARKED,0.0,0.0,0.0,3,0.0,2.849,0.0,0.0,0.0,0.0,0.0,0.0,0.0
29.457,apt_walk_2,PARKED,0.0,0.0,0.0,3,0.0,2.474,0.0,0.0,0.0,0.0,0.0,0.0,0.0
29.602,apt_walk_2,PARKED,0.0,0.0,0.0,3,0.0,2.337,0.0,0.0,0.0,0.0,0.0,0.0,0.0
29.703,apt_walk_2,PARKED,0.0,0.0,0.0,3,0.0,2.337,0.0,0.0,0.0,0.0,0.0,0.0,0.0
29.764,apt_walk_2,PARKED,0.0,0.0,0.0,3,0.0,2.119,0.0,0.0,0.0,0.0,0.0,0.0,0.0
29.895,apt_walk_2,PARKED,0.0,0.0,0.0,3,0.0,2.008,0.0,0.0,0.0,0.0,0.0,0.0,0.0
29.958,apt_walk_2,PARKED,0.0,0.0,0.0,3,0.0,2.008,0.0,0.0,0.0,0.0,0.0,0.0,0.0
30.102,apt_walk_2,PARKED,0.0,0.0,0.0,3,0.0,1.89,0.0,0.0,0.0,0.0,0.0,0.0,0.0
30.157,apt_walk_2,PARKED,0.0,0.0,0.0,3,0.0,1.89,0.0,0.0,0.0,0.0,0.0,0.0,0.0
30.275,apt_walk_2,PARKED,0.0,0.0,0.0,3,0.0,1.815,0.0,0.0,0.0,0.0,0.0,0.0,0.0
30.357,apt_walk_2,PARKED,0.0,0.0,0.0,3,0.0,1.815,0.0,0.0,0.0,0.0,0.0,0.0,0.0
30.494,apt_walk_2,PARKED,0.0,0.0,0.0,3,0.6028,1.622,0.0,0.0,0.0,0.0,0.0,0.0,0.0
30.561,apt_walk_2,PARKED,0.0,0.0,0.0,3,0.4671,1.564,0.0,0.0,0.0,0.0,0.0,0.0,0.0
30.694,apt_walk_2,PARKED,0.0,0.0,0.0,3,0.4671,1.564,0.0,0.0,0.0,0.0,0.0,0.0,0.0
30.784,apt_walk_2,PARKED,0.0,0.0,0.0,3,0.058,1.54,0.0,0.0,0.0,0.0,0.0,0.0,0.0
30.858,apt_walk_2,PARKED,0.0,0.0,0.0,3,0.058,1.54,0.0,0.0,0.0,0.0,0.0,0.0,0.0
30.957,apt_walk_2,PARKED,0.0,0.0,0.0,3,0.058,1.54,0.0,0.0,0.0,0.0,0.0,0.0,0.0
31.057,apt_walk_2,PARKED,0.0,0.0,0.0,3,0.021,1.469,0.0,0.0,0.0,0.0,0.0,0.0,0.0
31.157,apt_walk_2,PARKED,0.0,0.0,0.0,3,0.021,1.469,0.0,0.0,0.0,0.0,0.0,0.0,0.0
31.257,apt_walk_2,PARKED,0.0,0.0,0.0,3,0.2758,1.464,0.0,0.0,0.0,0.0,0.0,0.0,0.0
31.357,apt_walk_2,PARKED,0.0,0.0,0.0,3,0.2758,1.464,0.0,0.0,0.0,0.0,0.0,0.0,0.0
31.458,apt_walk_2,PARKED,0.0,0.0,0.0,3,0.2758,1.464,0.0,0.0,0.0,0.0,0.0,0.0,0.0
31.557,apt_walk_2,PARKED,0.0,0.0,0.0,3,0.2758,1.464,0.0,0.0,0.0,0.0,0.0,0.0,0.0
31.678,apt_walk_2,PARKED,0.0,0.0,0.0,3,0.5979,1.683,0.0,0.0,0.0,0.0,0.0,0.0,0.0
31.763,apt_walk_2,PARKED,0.0,0.0,0.0,3,0.5979,1.683,0.0,0.0,0.0,0.0,0.0,0.0,0.0
31.857,apt_walk_2,PARKED,0.0,0.0,0.0,3,0.5979,1.683,0.0,0.0,0.0,0.0,0.0,0.0,0.0
31.957,apt_walk_2,PARKED,0.0,0.0,0.0,3,0.5979,1.683,0.0,0.0,0.0,0.0,0.0,0.0,0.0
32.057,apt_walk_2,PARKED,0.0,0.0,0.0,3,0.0,2.01,0.0,0.0,0.0,0.0,0.0,0.0,0.0
32.171,apt_walk_2,PARKED,0.0,0.0,0.0,3,0.0,2.01,0.0,0.0,0.0,0.0,0.0,0.0,0.0
32.257,apt_walk_2,PARKED,0.0,0.0,0.0,3,0.0,2.127,0.0,0.0,0.0,0.0,0.0,0.0,0.0
32.357,apt_walk_2,PARKED,0.0,0.0,0.0,3,0.0,2.231,0.0,0.0,0.0,0.0,0.0,0.0,0.0
32.457,apt_walk_2,PARKED,0.0,0.0,0.0,3,0.0,2.231,0.0,0.0,0.0,0.0,0.0,0.0,0.0
32.6,apt_walk_2,PARKED,0.0,0.0,0.0,3,0.0,2.559,0.0,0.0,0.0,0.0,0.0,0.0,0.0
32.679,apt_walk_2,PARKED,0.0,0.0,0.0,3,0.0,2.559,0.0,0.0,0.0,0.0,0.0,0.0,0.0
32.789,apt_walk_2,PARKED,0.0,0.0,0.0,3,0.0,2.559,0.0,0.0,0.0,0.0,0.0,0.0,0.0
32.858,apt_walk_2,PARKED,0.0,0.0,0.0,3,0.0,2.937,0.0,0.0,0.0,0.0,0.0,0.0,0.0
32.961,apt_walk_2,PARKED,0.0,0.0,0.0,4,0.0,2.99,0.0,0.0,0.0,0.0,0.0,0.0,0.0
33.056,apt_walk_2,PARKED,0.0,0.0,0.0,5,0.0,2.996,0.0,0.0,0.0,0.0,0.0,0.0,0.0
33.157,apt_walk_2,PARKED,0.0,0.0,0.0,5,0.0,2.996,0.0,0.0,0.0,0.0,0.0,0.0,0.0
33.257,apt_walk_2,PARKED,0.0,0.0,0.0,5,0.0,2.996,0.0,0.0,0.0,0.0,0.0,0.0,0.0
33.357,apt_walk_2,PARKED,0.0,0.0,0.0,4,0.0,2.971,0.0,0.0,0.0,0.0,0.0,0.0,0.0
33.458,apt_walk_2,PARKED,0.0,0.0,0.0,4,0.0,3.037,0.0,0.0,0.0,0.0,0.0,0.0,0.0
33.558,apt_walk_2,PARKED,0.0,0.0,0.0,4,0.0,3.037,0.0,0.0,0.0,0.0,0.0,0.0,0.0
33.66,apt_walk_2,PARKED,0.0,0.0,0.0,4,0.0,3.037,0.0,0.0,0.0,0.0,0.0,0.0,0.0
33.783,apt_walk_2,PARKED,0.0,0.0,0.0,4,0.0,3.037,0.0,0.0,0.0,0.0,0.0,0.0,0.0
33.894,apt_walk_2,PARKED,0.0,0.0,0.0,3,0.0,3.696,0.0,0.0,0.0,0.0,0.0,0.0,0.0
33.971,apt_walk_2,PARKED,0.0,0.0,0.0,3,0.0,3.709,0.0,0.0,0.0,0.0,0.0,0.0,0.0
34.058,apt_walk_2,PARKED,0.0,0.0,0.0,3,0.0,3.709,0.0,0.0,0.0,0.0,0.0,0.0,0.0
34.157,apt_walk_2,PARKED,0.0,0.0,0.0,3,0.0,3.709,0.0,0.0,0.0,0.0,0.0,0.0,0.0
34.257,apt_walk_2,PARKED,0.0,0.0,0.0,3,0.0,3.671,0.0,0.0,0.0,0.0,0.0,0.0,0.0
34.38,apt_walk_2,PARKED,0.0,0.0,0.0,4,0.0,3.719,0.0,0.0,0.0,0.0,0.0,0.0,0.0
34.458,apt_walk_2,PARKED,0.0,0.0,0.0,4,0.0,3.719,0.0,0.0,0.0,0.0,0.0,0.0,0.0
34.595,apt_walk_2,PARKED,0.0,0.0,0.0,4,0.0,3.697,0.0,0.0,0.0,0.0,0.0,0.0,0.0
34.657,apt_walk_2,PARKED,0.0,0.0,0.0,4,0.0,3.697,0.0,0.0,0.0,0.0,0.0,0.0,0.0
34.757,apt_walk_2,PARKED,0.0,0.0,0.0,4,0.0,3.697,0.0,0.0,0.0,0.0,0.0,0.0,0.0
34.857,apt_walk_2,PARKED,0.0,0.0,0.0,4,0.0,3.762,0.0,0.0,0.0,0.0,0.0,0.0,0.0
34.957,apt_walk_2,PARKED,0.0,0.0,0.0,3,0.0,3.717,0.0,0.0,0.0,0.0,0.0,0.0,0.0
35.057,apt_walk_2,PARKED,0.0,0.0,0.0,3,0.0,3.717,0.0,0.0,0.0,0.0,0.0,0.0,0.0
35.157,apt_walk_2,PARKED,0.0,0.0,0.0,3,0.0,3.717,0.0,0.0,0.0,0.0,0.0,0.0,0.0
35.274,apt_walk_2,PARKED,0.0,0.0,0.0,3,0.0,3.757,0.0,0.0,0.0,0.0,0.0,0.0,0.0
35.357,apt_walk_2,PARKED,0.0,0.0,0.0,3,0.0,3.736,0.0,0.0,0.0,0.0,0.0,0.0,0.0
35.495,apt_walk_2,PARKED,0.0,0.0,0.0,3,0.0,3.736,0.0,0.0,0.0,0.0,0.0,0.0,0.0
35.557,apt_walk_2,PARKED,0.0,0.0,0.0,3,0.0,3.736,0.0,0.0,0.0,0.0,0.0,0.0,0.0
35.657,apt_walk_2,PARKED,0.0,0.0,0.0,3,0.0,3.708,0.0,0.0,0.0,0.0,0.0,0.0,0.0
35.757,apt_walk_2,PARKED,0.0,0.0,0.0,3,0.0,3.708,0.0,0.0,0.0,0.0,0.0,0.0,0.0
35.857,apt_walk_2,PARKED,0.0,0.0,0.0,3,0.0,3.747,0.0,0.0,0.0,0.0,0.0,0.0,0.0
35.956,apt_walk_2,PARKED,0.0,0.0,0.0,3,0.0,3.747,0.0,0.0,0.0,0.0,0.0,0.0,0.0
36.057,apt_walk_2,PARKED,0.0,0.0,0.0,3,0.0,3.787,0.0,0.0,0.0,0.0,0.0,0.0,0.0
36.178,apt_walk_2,PARKED,0.0,0.0,0.0,3,0.0,3.675,0.0,0.0,0.0,0.0,0.0,0.0,0.0
36.256,apt_walk_2,PARKED,0.0,0.0,0.0,3,0.0,3.608,0.0,0.0,0.0,0.0,0.0,0.0,0.0
36.357,apt_walk_2,PARKED,0.0,0.0,0.0,3,0.0,3.608,0.0,0.0,0.0,0.0,0.0,0.0,0.0
36.457,apt_walk_2,PARKED,0.0,0.0,0.0,3,0.0,3.608,0.0,0.0,0.0,0.0,0.0,0.0,0.0
36.557,apt_walk_2,PARKED,0.0,0.0,0.0,3,0.0,3.608,0.0,0.0,0.0,0.0,0.0,0.0,0.0
36.657,apt_walk_2,PARKED,0.0,0.0,0.0,3,0.0,3.608,0.0,0.0,0.0,0.0,0.0,0.0,0.0
36.764,apt_walk_2,PARKED,0.0,0.0,0.0,3,0.0,3.608,0.0,0.0,0.0,0.0,0.0,0.0,0.0
36.89,apt_walk_2,PARKED,0.0,0.0,0.0,3,0.0,3.232,0.0,0.0,0.0,0.0,0.0,0.0,0.0
36.958,apt_walk_2,PARKED,0.0,0.0,0.0,3,0.0,3.232,0.0,0.0,0.0,0.0,0.0,0.0,0.0
37.057,apt_walk_2,PARKED,0.0,0.0,0.0,3,0.0,3.076,0.0,0.0,0.0,0.0,0.0,0.0,0.0
37.164,apt_walk_2,PARKED,0.0,0.0,0.0,3,0.0,2.895,0.0,0.0,0.0,0.0,0.0,0.0,0.0
37.294,apt_walk_2,PARKED,0.0,0.0,0.0,3,0.0,2.697,0.0,0.0,0.0,0.0,0.0,0.0,0.0
37.357,apt_walk_2,PARKED,0.0,0.0,0.0,3,0.0,2.697,0.0,0.0,0.0,0.0,0.0,0.0,0.0
37.457,apt_walk_2,PARKED,0.0,0.0,0.0,3,0.0,2.602,0.0,0.0,0.0,0.0,0.0,0.0,0.0
37.557,apt_walk_2,PARKED,0.0,0.0,0.0,3,0.0,2.502,0.0,0.0,0.0,0.0,0.0,0.0,0.0
37.671,apt_walk_2,PARKED,0.0,0.0,0.0,3,0.0,2.261,0.0,0.0,0.0,0.0,0.0,0.0,0.0
37.802,apt_walk_2,PARKED,0.0,0.0,0.0,3,0.0,2.171,0.0,0.0,0.0,0.0,0.0,0.0,0.0
37.857,apt_walk_2,PARKED,0.0,0.0,0.0,3,0.0,2.171,0.0,0.0,0.0,0.0,0.0,0.0,0.0
37.957,apt_walk_2,PARKED,0.0,0.0,0.0,3,0.0,2.171,0.0,0.0,0.0,0.0,0.0,0.0,0.0
38.057,apt_walk_2,PARKED,0.0,0.0,0.0,3,0.0,2.171,0.0,0.0,0.0,0.0,0.0,0.0,0.0
38.186,apt_walk_2,PARKED,0.0,0.0,0.0,3,0.0,1.922,0.0,0.0,0.0,0.0,0.0,0.0,0.0
38.27,apt_walk_2,PARKED,0.0,0.0,0.0,3,0.0,1.814,0.0,0.0,0.0,0.0,0.0,0.0,0.0
38.356,apt_walk_2,PARKED,0.0,0.0,0.0,3,0.0,1.814,0.0,0.0,0.0,0.0,0.0,0.0,0.0
38.484,apt_walk_2,PARKED,0.0,0.0,0.0,3,0.3377,1.741,0.0,0.0,0.0,0.0,0.0,0.0,0.0
38.557,apt_walk_2,PARKED,0.0,0.0,0.0,3,0.3377,1.741,0.0,0.0,0.0,0.0,0.0,0.0,0.0
38.657,apt_walk_2,PARKED,0.0,0.0,0.0,3,0.6063,1.632,0.0,0.0,0.0,0.0,0.0,0.0,0.0
38.771,apt_walk_2,PARKED,0.0,0.0,0.0,3,0.6113,1.49,0.0,0.0,0.0,0.0,0.0,0.0,0.0
38.856,apt_walk_2,PARKED,0.0,0.0,0.0,3,0.439,1.431,0.0,0.0,0.0,0.0,0.0,0.0,0.0
38.957,apt_walk_2,PARKED,0.0,0.0,0.0,3,0.439,1.431,0.0,0.0,0.0,0.0,0.0,0.0,0.0
39.057,apt_walk_2,PARKED,0.0,0.0,0.0,3,0.439,1.431,0.0,0.0,0.0,0.0,0.0,0.0,0.0
39.164,apt_walk_2,PARKED,0.0,0.0,0.0,3,0.301,1.356,0.0,0.0,0.0,0.0,0.0,0.0,0.0
39.303,apt_walk_2,PARKED,0.0,0.0,0.0,3,0.301,1.356,0.0,0.0,0.0,0.0,0.0,0.0,0.0
39.379,apt_walk_2,PARKED,0.0,0.0,0.0,3,0.0456,1.353,0.0,0.0,0.0,0.0,0.0,0.0,0.0
39.458,apt_walk_2,PARKED,0.0,0.0,0.0,3,0.0456,1.353,0.0,0.0,0.0,0.0,0.0,0.0,0.0
39.557,apt_walk_2,PARKED,0.0,0.0,0.0,3,0.3442,1.375,0.0,0.0,0.0,0.0,0.0,0.0,0.0
39.657,apt_walk_2,PARKED,0.0,0.0,0.0,3,0.3442,1.375,0.0,0.0,0.0,0.0,0.0,0.0,0.0
39.802,apt_walk_2,PARKED,0.0,0.0,0.0,3,0.8241,1.58,0.0,0.0,0.0,0.0,0.0,0.0,0.0
39.857,apt_walk_2,PARKED,0.0,0.0,0.0,3,0.8241,1.58,0.0,0.0,0.0,0.0,0.0,0.0,0.0
39.971,apt_walk_2,PARKED,0.0,0.0,0.0,3,0.8241,1.58,0.0,0.0,0.0,0.0,0.0,0.0,0.0
40.057,apt_walk_2,PARKED,0.0,0.0,0.0,3,0.8241,1.58,0.0,0.0,0.0,0.0,0.0,0.0,0.0
40.158,apt_walk_2,PARKED,0.0,0.0,0.0,3,0.7539,1.749,0.0,0.0,0.0,0.0,0.0,0.0,0.0
40.269,apt_walk_2,PARKED,0.0,0.0,0.0,3,0.7539,1.749,0.0,0.0,0.0,0.0,0.0,0.0,0.0
40.37,apt_walk_2,PARKED,0.0,0.0,0.0,3,0.444,1.839,0.0,0.0,0.0,0.0,0.0,0.0,0.0
40.457,apt_walk_2,PARKED,0.0,0.0,0.0,3,0.144,2.013,0.0,0.0,0.0,0.0,0.0,0.0,0.0
40.557,apt_walk_2,PARKED,0.0,0.0,0.0,3,0.144,2.013,0.0,0.0,0.0,0.0,0.0,0.0,0.0
40.668,apt_walk_2,PARKED,0.0,0.0,0.0,3,0.0,2.234,0.0,0.0,0.0,0.0,0.0,0.0,0.0
40.757,apt_walk_2,PARKED,0.0,0.0,0.0,3,0.0,2.234,0.0,0.0,0.0,0.0,0.0,0.0,0.0
40.88,apt_walk_2,PARKED,0.0,0.0,0.0,3,0.0,2.324,0.0,0.0,0.0,0.0,0.0,0.0,0.0
40.957,apt_walk_2,PARKED,0.0,0.0,0.0,3,0.0,2.41,0.0,0.0,0.0,0.0,0.0,0.0,0.0
41.058,apt_walk_2,PARKED,0.0,0.0,0.0,3,0.0,2.41,0.0,0.0,0.0,0.0,0.0,0.0,0.0
41.156,apt_walk_2,PARKED,0.0,0.0,0.0,3,0.0,2.41,0.0,0.0,0.0,0.0,0.0,0.0,0.0
41.257,apt_walk_2,PARKED,0.0,0.0,0.0,3,0.0,2.41,0.0,0.0,0.0,0.0,0.0,0.0,0.0
41.357,apt_walk_2,PARKED,0.0,0.0,0.0,3,0.0,2.41,0.0,0.0,0.0,0.0,0.0,0.0,0.0
41.494,apt_walk_2,PARKED,0.0,0.0,0.0,4,0.0,3.027,0.0,0.0,0.0,0.0,0.0,0.0,0.0
41.561,apt_walk_2,PARKED,0.0,0.0,0.0,3,0.0,3.123,0.0,0.0,0.0,0.0,0.0,0.0,0.0
41.657,apt_walk_2,PARKED,0.0,0.0,0.0,3,0.0,3.283,0.0,0.0,0.0,0.0,0.0,0.0,0.0
41.757,apt_walk_2,PARKED,0.0,0.0,0.0,3,0.0,3.283,0.0,0.0,0.0,0.0,0.0,0.0,0.0
41.881,apt_walk_2,PARKED,0.0,0.0,0.0,3,0.0,3.283,0.0,0.0,0.0,0.0,0.0,0.0,0.0
42.0,apt_walk_2,PARKED,0.0,0.0,0.0,4,0.0,3.455,0.0,0.0,0.0,0.0,0.0,0.0,0.0
42.058,apt_walk_2,PARKED,0.0,0.0,0.0,3,0.0,3.684,0.0,0.0,0.0,0.0,0.0,0.0,0.0
42.157,apt_walk_2,PARKED,0.0,0.0,0.0,3,0.0,3.684,0.0,0.0,0.0,0.0,0.0,0.0,0.0
42.257,apt_walk_2,PARKED,0.0,0.0,0.0,3,0.0,3.684,0.0,0.0,0.0,0.0,0.0,0.0,0.0
42.393,apt_walk_2,PARKED,0.0,0.0,0.0,3,0.0,3.675,0.0,0.0,0.0,0.0,0.0,0.0,0.0
42.481,apt_walk_2,PARKED,0.0,0.0,0.0,3,0.0,3.675,0.0,0.0,0.0,0.0,0.0,0.0,0.0
42.591,apt_walk_2,PARKED,0.0,0.0,0.0,3,0.0,3.717,0.0,0.0,0.0,0.0,0.0,0.0,0.0
42.657,apt_walk_2,PARKED,0.0,0.0,0.0,3,0.0,3.717,0.0,0.0,0.0,0.0,0.0,0.0,0.0
42.758,apt_walk_2,PARKED,0.0,0.0,0.0,3,0.0,3.717,0.0,0.0,0.0,0.0,0.0,0.0,0.0
42.858,apt_walk_2,PARKED,0.0,0.0,0.0,3,0.0,3.689,0.0,0.0,0.0,0.0,0.0,0.0,0.0
42.966,apt_walk_2,PARKED,0.0,0.0,0.0,3,0.0,3.7,0.0,0.0,0.0,0.0,0.0,0.0,0.0
43.083,apt_walk_2,PARKED,0.0,0.0,0.0,3,0.0,3.7,0.0,0.0,0.0,0.0,0.0,0.0,0.0
43.157,apt_walk_2,PARKED,0.0,0.0,0.0,3,0.0,3.7,0.0,0.0,0.0,0.0,0.0,0.0,0.0
43.257,apt_walk_2,PARKED,0.0,0.0,0.0,3,0.0,3.7,0.0,0.0,0.0,0.0,0.0,0.0,0.0
43.387,apt_walk_2,PARKED,0.0,0.0,0.0,4,0.0,3.765,0.0,0.0,0.0,0.0,0.0,0.0,0.0
43.457,apt_walk_2,PARKED,0.0,0.0,0.0,4,0.0,3.765,0.0,0.0,0.0,0.0,0.0,0.0,0.0
43.557,apt_walk_2,PARKED,0.0,0.0,0.0,4,0.0,3.713,0.0,0.0,0.0,0.0,0.0,0.0,0.0
43.657,apt_walk_2,PARKED,0.0,0.0,0.0,4,0.0,3.713,0.0,0.0,0.0,0.0,0.0,0.0,0.0
43.768,apt_walk_2,PARKED,0.0,0.0,0.0,4,0.0,3.674,0.0,0.0,0.0,0.0,0.0,0.0,0.0
43.857,apt_walk_2,PARKED,0.0,0.0,0.0,4,0.0,3.674,0.0,0.0,0.0,0.0,0.0,0.0,0.0
43.957,apt_walk_2,PARKED,0.0,0.0,0.0,4,0.0,3.674,0.0,0.0,0.0,0.0,0.0,0.0,0.0
44.057,apt_walk_2,PARKED,0.0,0.0,0.0,4,0.0,3.721,0.0,0.0,0.0,0.0,0.0,0.0,0.0
44.157,apt_walk_2,PARKED,0.0,0.0,0.0,4,0.0,3.684,0.0,0.0,0.0,0.0,0.0,0.0,0.0
44.257,apt_walk_2,PARKED,0.0,0.0,0.0,4,0.0,3.684,0.0,0.0,0.0,0.0,0.0,0.0,0.0
44.357,apt_walk_2,PARKED,0.0,0.0,0.0,4,0.0,3.757,0.0,0.0,0.0,0.0,0.0,0.0,0.0
44.457,apt_walk_2,PARKED,0.0,0.0,0.0,4,0.0,3.757,0.0,0.0,0.0,0.0,0.0,0.0,0.0
44.557,apt_walk_2,PARKED,0.0,0.0,0.0,4,0.0,3.757,0.0,0.0,0.0,0.0,0.0,0.0,0.0
44.657,apt_walk_2,PARKED,0.0,0.0,0.0,4,0.0,3.772,0.0,0.0,0.0,0.0,0.0,0.0,0.0
44.757,apt_walk_2,PARKED,0.0,0.0,0.0,4,0.0,3.665,0.0,0.0,0.0,0.0,0.0,0.0,0.0
44.858,apt_walk_2,PARKED,0.0,0.0,0.0,4,0.0,3.665,0.0,0.0,0.0,0.0,0.0,0.0,0.0
44.958,apt_walk_2,PARKED,0.0,0.0,0.0,4,0.0,3.584,0.0,0.0,0.0,0.0,0.0,0.0,0.0
45.064,apt_walk_2,PARKED,0.0,0.0,0.0,4,0.0,3.584,0.0,0.0,0.0,0.0,0.0,0.0,0.0
45.158,apt_walk_2,PARKED,0.0,0.0,0.0,4,0.0,3.446,0.0,0.0,0.0,0.0,0.0,0.0,0.0
45.257,apt_walk_2,PARKED,0.0,0.0,0.0,4,0.0,3.374,0.0,0.0,0.0,0.0,0.0,0.0,0.0
45.357,apt_walk_2,PARKED,0.0,0.0,0.0,4,0.0,3.374,0.0,0.0,0.0,0.0,0.0,0.0,0.0
45.457,apt_walk_2,PARKED,0.0,0.0,0.0,4,0.0,3.374,0.0,0.0,0.0,0.0,0.0,0.0,0.0
45.588,apt_walk_2,PARKED,0.0,0.0,0.0,4,0.0,2.929,0.0,0.0,0.0,0.0,0.0,0.0,0.0
45.658,apt_walk_2,PARKED,0.0,0.0,0.0,4,0.0,2.786,0.0,0.0,0.0,0.0,0.0,0.0,0.0
45.793,apt_walk_2,PARKED,0.0,0.0,0.0,4,0.0,2.786,0.0,0.0,0.0,0.0,0.0,0.0,0.0
45.857,apt_walk_2,PARKED,0.0,0.0,0.0,4,0.0,2.786,0.0,0.0,0.0,0.0,0.0,0.0,0.0
45.99,apt_walk_2,PARKED,0.0,0.0,0.0,4,0.0,2.439,0.0,0.0,0.0,0.0,0.0,0.0,0.0
46.057,apt_walk_2,PARKED,0.0,0.0,0.0,4,0.0,2.439,0.0,0.0,0.0,0.0,0.0,0.0,0.0
46.178,apt_walk_2,PARKED,0.0,0.0,0.0,4,0.0,2.318,0.0,0.0,0.0,0.0,0.0,0.0,0.0
46.257,apt_walk_2,PARKED,0.0,0.0,0.0,4,0.0,2.318,0.0,0.0,0.0,0.0,0.0,0.0,0.0
46.357,apt_walk_2,PARKED,0.0,0.0,0.0,4,0.0,2.318,0.0,0.0,0.0,0.0,0.0,0.0,0.0
46.457,apt_walk_2,PARKED,0.0,0.0,0.0,4,0.0,2.195,0.0,0.0,0.0,0.0,0.0,0.0,0.0
46.581,apt_walk_2,PARKED,0.0,0.0,0.0,4,0.0,2.121,0.0,0.0,0.0,0.0,0.0,0.0,0.0
46.657,apt_walk_2,PARKED,0.0,0.0,0.0,4,0.0,1.902,0.0,0.0,0.0,0.0,0.0,0.0,0.0
46.758,apt_walk_2,PARKED,0.0,0.0,0.0,4,0.0,1.902,0.0,0.0,0.0,0.0,0.0,0.0,0.0
46.883,apt_walk_2,PARKED,0.0,0.0,0.0,4,0.4243,1.786,0.0,0.0,0.0,0.0,0.0,0.0,0.0
46.957,apt_walk_2,PARKED,0.0,0.0,0.0,4,0.4243,1.786,0.0,0.0,0.0,0.0,0.0,0.0,0.0
47.057,apt_walk_2,PARKED,0.0,0.0,0.0,4,0.0,1.739,0.0,0.0,0.0,0.0,0.0,0.0,0.0
47.186,apt_walk_2,PARKED,0.0,0.0,0.0,3,0.6415,1.567,0.0,0.0,0.0,0.0,0.0,0.0,0.0
47.257,apt_walk_2,PARKED,0.0,0.0,0.0,3,0.6415,1.567,0.0,0.0,0.0,0.0,0.0,0.0,0.0
47.357,apt_walk_2,PARKED,0.0,0.0,0.0,3,0.6415,1.567,0.0,0.0,0.0,0.0,0.0,0.0,0.0
47.458,apt_walk_2,PARKED,0.0,0.0,0.0,3,0.6415,1.567,0.0,0.0,0.0,0.0,0.0,0.0,0.0
47.557,apt_walk_2,PARKED,0.0,0.0,0.0,3,0.6415,1.567,0.0,0.0,0.0,0.0,0.0,0.0,0.0
47.657,apt_walk_2,PARKED,0.0,0.0,0.0,3,0.202,1.485,0.0,0.0,0.0,0.0,0.0,0.0,0.0
47.757,apt_walk_2,PARKED,0.0,0.0,0.0,3,0.202,1.485,0.0,0.0,0.0,0.0,0.0,0.0,0.0
47.858,apt_walk_2,PARKED,0.0,0.0,0.0,3,0.273,1.462,0.0,0.0,0.0,0.0,0.0,0.0,0.0
47.957,apt_walk_2,PARKED,0.0,0.0,0.0,3,0.273,1.462,0.0,0.0,0.0,0.0,0.0,0.0,0.0
48.09,apt_walk_2,PARKED,0.0,0.0,0.0,3,0.2954,1.513,0.0,0.0,0.0,0.0,0.0,0.0,0.0
48.159,apt_walk_2,PARKED,0.0,0.0,0.0,3,0.2954,1.513,0.0,0.0,0.0,0.0,0.0,0.0,0.0
48.257,apt_walk_2,PARKED,0.0,0.0,0.0,3,0.2954,1.513,0.0,0.0,0.0,0.0,0.0,0.0,0.0
48.357,apt_walk_2,PARKED,0.0,0.0,0.0,3,0.2954,1.513,0.0,0.0,0.0,0.0,0.0,0.0,0.0
48.458,apt_walk_2,PARKED,0.0,0.0,0.0,3,0.2954,1.513,0.0,0.0,0.0,0.0,0.0,0.0,0.0
48.577,apt_walk_2,PARKED,0.0,0.0,0.0,3,0.45,1.859,0.0,0.0,0.0,0.0,0.0,0.0,0.0
48.657,apt_walk_2,PARKED,0.0,0.0,0.0,3,0.45,1.859,0.0,0.0,0.0,0.0,0.0,0.0,0.0
48.803,apt_walk_2,PARKED,0.0,0.0,0.0,3,0.15,1.932,0.0,0.0,0.0,0.0,0.0,0.0,0.0
48.886,apt_walk_2,PARKED,0.0,0.0,0.0,3,0.0,2.111,0.0,0.0,0.0,0.0,0.0,0.0,0.0
48.957,apt_walk_2,PARKED,0.0,0.0,0.0,3,0.0,2.229,0.0,0.0,0.0,0.0,0.0,0.0,0.0
49.057,apt_walk_2,PARKED,0.0,0.0,0.0,3,0.0,2.229,0.0,0.0,0.0,0.0,0.0,0.0,0.0
49.193,apt_walk_2,PARKED,0.0,0.0,0.0,3,0.0,2.348,0.0,0.0,0.0,0.0,0.0,0.0,0.0
49.257,apt_walk_2,PARKED,0.0,0.0,0.0,3,0.0,2.348,0.0,0.0,0.0,0.0,0.0,0.0,0.0
49.357,apt_walk_2,PARKED,0.0,0.0,0.0,3,0.0,2.484,0.0,0.0,0.0,0.0,0.0,0.0,0.0
49.487,apt_walk_2,PARKED,0.0,0.0,0.0,3,0.0,2.737,0.0,0.0,0.0,0.0,0.0,0.0,0.0
49.557,apt_walk_2,PARKED,0.0,0.0,0.0,3,0.0,2.737,0.0,0.0,0.0,0.0,0.0,0.0,0.0
49.657,apt_walk_2,PARKED,0.0,0.0,0.0,3,0.0,2.795,0.0,0.0,0.0,0.0,0.0,0.0,0.0
49.802,apt_walk_2,PARKED,0.0,0.0,0.0,4,0.0,2.874,0.0,0.0,0.0,0.0,0.0,0.0,0.0
49.861,apt_walk_2,PARKED,0.0,0.0,0.0,4,0.0,3.041,0.0,0.0,0.0,0.0,0.0,0.0,0.0
49.957,apt_walk_2,PARKED,0.0,0.0,0.0,4,0.0,3.041,0.0,0.0,0.0,0.0,0.0,0.0,0.0
50.057,apt_walk_2,PARKED,0.0,0.0,0.0,4,0.0,3.041,0.0,0.0,0.0,0.0,0.0,0.0,0.0
50.157,apt_walk_2,PARKED,0.0,0.0,0.0,3,0.0,3.178,0.0,0.0,0.0,0.0,0.0,0.0,0.0
50.257,apt_walk_2,PARKED,0.0,0.0,0.0,3,0.0,3.178,0.0,0.0,0.0,0.0,0.0,0.0,0.0
50.357,apt_walk_2,PARKED,0.0,0.0,0.0,4,0.0,3.318,0.0,0.0,0.0,0.0,0.0,0.0,0.0
50.457,apt_walk_2,PARKED,0.0,0.0,0.0,4,0.0,3.318,0.0,0.0,0.0,0.0,0.0,0.0,0.0
50.557,apt_walk_2,PARKED,0.0,0.0,0.0,4,0.0,3.627,0.0,0.0,0.0,0.0,0.0,0.0,0.0
50.672,apt_walk_2,PARKED,0.0,0.0,0.0,4,0.0,3.674,0.0,0.0,0.0,0.0,0.0,0.0,0.0
50.757,apt_walk_2,PARKED,0.0,0.0,0.0,4,0.0,3.674,0.0,0.0,0.0,0.0,0.0,0.0,0.0
50.894,apt_walk_2,PARKED,0.0,0.0,0.0,4,0.0,3.739,0.0,0.0,0.0,0.0,0.0,0.0,0.0
50.957,apt_walk_2,PARKED,0.0,0.0,0.0,4,0.0,3.739,0.0,0.0,0.0,0.0,0.0,0.0,0.0
51.057,apt_walk_2,PARKED,0.0,0.0,0.0,4,0.0,3.761,0.0,0.0,0.0,0.0,0.0,0.0,0.0
51.157,apt_walk_2,PARKED,0.0,0.0,0.0,4,0.0,3.705,0.0,0.0,0.0,0.0,0.0,0.0,0.0
51.257,apt_walk_2,PARKED,0.0,0.0,0.0,4,0.0,3.693,0.0,0.0,0.0,0.0,0.0,0.0,0.0
51.357,apt_walk_2,PARKED,0.0,0.0,0.0,4,0.0,3.693,0.0,0.0,0.0,0.0,0.0,0.0,0.0
51.457,apt_walk_2,PARKED,0.0,0.0,0.0,4,0.0,3.714,0.0,0.0,0.0,0.0,0.0,0.0,0.0
51.604,apt_walk_2,PARKED,0.0,0.0,0.0,5,0.0,3.757,0.0,0.0,0.0,0.0,0.0,0.0,0.0
51.658,apt_walk_2,PARKED,0.0,0.0,0.0,5,0.0,3.757,0.0,0.0,0.0,0.0,0.0,0.0,0.0
51.757,apt_walk_2,PARKED,0.0,0.0,0.0,5,0.0,3.757,0.0,0.0,0.0,0.0,0.0,0.0,0.0
51.896,apt_walk_2,PARKED,0.0,0.0,0.0,4,0.0,3.741,0.0,0.0,0.0,0.0,0.0,0.0,0.0
51.957,apt_walk_2,PARKED,0.0,0.0,0.0,4,0.0,3.741,0.0,0.0,0.0,0.0,0.0,0.0,0.0
52.103,apt_walk_2,PARKED,0.0,0.0,0.0,4,0.0,3.82,0.0,0.0,0.0,0.0,0.0,0.0,0.0
52.166,apt_walk_2,PARKED,0.0,0.0,0.0,4,0.0,3.82,0.0,0.0,0.0,0.0,0.0,0.0,0.0
52.279,apt_walk_2,PARKED,0.0,0.0,0.0,4,0.0,3.735,0.0,0.0,0.0,0.0,0.0,0.0,0.0
52.37,apt_walk_2,PARKED,0.0,0.0,0.0,4,0.0,3.703,0.0,0.0,0.0,0.0,0.0,0.0,0.0
52.457,apt_walk_2,PARKED,0.0,0.0,0.0,4,0.0,3.703,0.0,0.0,0.0,0.0,0.0,0.0,0.0
52.557,apt_walk_2,PARKED,0.0,0.0,0.0,4,0.0,3.703,0.0,0.0,0.0,0.0,0.0,0.0,0.0
52.657,apt_walk_2,PARKED,0.0,0.0,0.0,4,0.0,3.703,0.0,0.0,0.0,0.0,0.0,0.0,0.0
52.803,apt_walk_2,PARKED,0.0,0.0,0.0,4,0.0,3.694,0.0,0.0,0.0,0.0,0.0,0.0,0.0
52.857,apt_walk_2,PARKED,0.0,0.0,0.0,4,0.0,3.694,0.0,0.0,0.0,0.0,0.0,0.0,0.0
52.957,apt_walk_2,PARKED,0.0,0.0,0.0,4,0.0,3.625,0.0,0.0,0.0,0.0,0.0,0.0,0.0
53.071,apt_walk_2,PARKED,0.0,0.0,0.0,4,0.0,3.584,0.0,0.0,0.0,0.0,0.0,0.0,0.0
53.204,apt_walk_2,PARKED,0.0,0.0,0.0,4,0.0,3.412,0.0,0.0,0.0,0.0,0.0,0.0,0.0
53.276,apt_walk_2,PARKED,0.0,0.0,0.0,4,0.0,3.412,0.0,0.0,0.0,0.0,0.0,0.0,0.0
53.358,apt_walk_2,PARKED,0.0,0.0,0.0,4,0.0,3.412,0.0,0.0,0.0,0.0,0.0,0.0,0.0
53.457,apt_walk_2,PARKED,0.0,0.0,0.0,4,0.0,3.329,0.0,0.0,0.0,0.0,0.0,0.0,0.0
53.557,apt_walk_2,PARKED,0.0,0.0,0.0,4,0.0,3.159,0.0,0.0,0.0,0.0,0.0,0.0,0.0
53.657,apt_walk_2,PARKED,0.0,0.0,0.0,4,0.0,3.159,0.0,0.0,0.0,0.0,0.0,0.0,0.0
53.757,apt_walk_2,PARKED,0.0,0.0,0.0,4,0.0,3.159,0.0,0.0,0.0,0.0,0.0,0.0,0.0
53.857,apt_walk_2,PARKED,0.0,0.0,0.0,3,0.0,2.875,0.0,0.0,0.0,0.0,0.0,0.0,0.0
53.988,apt_walk_2,PARKED,0.0,0.0,0.0,3,0.0,2.713,0.0,0.0,0.0,0.0,0.0,0.0,0.0
54.057,apt_walk_2,PARKED,0.0,0.0,0.0,3,0.0,2.713,0.0,0.0,0.0,0.0,0.0,0.0,0.0
54.19,apt_walk_2,PARKED,0.0,0.0,0.0,3,0.0,2.643,0.0,0.0,0.0,0.0,0.0,0.0,0.0
54.257,apt_walk_2,PARKED,0.0,0.0,0.0,3,0.0,2.332,0.0,0.0,0.0,0.0,0.0,0.0,0.0
54.357,apt_walk_2,PARKED,0.0,0.0,0.0,3,0.0,2.332,0.0,0.0,0.0,0.0,0.0,0.0,0.0
54.474,apt_walk_2,PARKED,0.0,0.0,0.0,3,0.0,2.263,0.0,0.0,0.0,0.0,0.0,0.0,0.0
54.557,apt_walk_2,PARKED,0.0,0.0,0.0,3,0.0,2.263,0.0,0.0,0.0,0.0,0.0,0.0,0.0
54.657,apt_walk_2,PARKED,0.0,0.0,0.0,3,0.0,2.241,0.0,0.0,0.0,0.0,0.0,0.0,0.0
54.789,apt_walk_2,PARKED,0.0,0.0,0.0,3,0.0,1.951,0.0,0.0,0.0,0.0,0.0,0.0,0.0
54.857,apt_walk_2,PARKED,0.0,0.0,0.0,3,0.0,1.951,0.0,0.0,0.0,0.0,0.0,0.0,0.0
54.993,apt_walk_2,PARKED,0.0,0.0,0.0,3,0.0,1.873,0.0,0.0,0.0,0.0,0.0,0.0,0.0
55.058,apt_walk_2,PARKED,0.0,0.0,0.0,3,0.0,1.873,0.0,0.0,0.0,0.0,0.0,0.0,0.0
55.188,apt_walk_2,PARKED,0.0,0.0,0.0,3,0.6261,1.636,0.0,0.0,0.0,0.0,0.0,0.0,0.0
55.257,apt_walk_2,PARKED,0.0,0.0,0.0,3,0.6261,1.636,0.0,0.0,0.0,0.0,0.0,0.0,0.0
55.363,apt_walk_2,PARKED,0.0,0.0,0.0,3,0.6261,1.636,0.0,0.0,0.0,0.0,0.0,0.0,0.0
55.457,apt_walk_2,PARKED,0.0,0.0,0.0,3,0.6261,1.636,0.0,0.0,0.0,0.0,0.0,0.0,0.0
55.557,apt_walk_2,PARKED,0.0,0.0,0.0,3,0.6261,1.636,0.0,0.0,0.0,0.0,0.0,0.0,0.0
55.657,apt_walk_2,PARKED,0.0,0.0,0.0,3,0.3024,1.568,0.0,0.0,0.0,0.0,0.0,0.0,0.0
55.757,apt_walk_2,PARKED,0.0,0.0,0.0,3,0.3024,1.568,0.0,0.0,0.0,0.0,0.0,0.0,0.0
55.856,apt_walk_2,PARKED,0.0,0.0,0.0,3,0.3024,1.568,0.0,0.0,0.0,0.0,0.0,0.0,0.0
55.957,apt_walk_2,PARKED,0.0,0.0,0.0,3,0.3024,1.568,0.0,0.0,0.0,0.0,0.0,0.0,0.0
56.057,apt_walk_2,PARKED,0.0,0.0,0.0,3,0.0995,1.513,0.0,0.0,0.0,0.0,0.0,0.0,0.0
56.157,apt_walk_2,PARKED,0.0,0.0,0.0,3,0.0995,1.513,0.0,0.0,0.0,0.0,0.0,0.0,0.0
56.257,apt_walk_2,PARKED,0.0,0.0,0.0,3,0.0995,1.513,0.0,0.0,0.0,0.0,0.0,0.0,0.0
56.357,apt_walk_2,PARKED,0.0,0.0,0.0,3,0.2463,1.462,0.0,0.0,0.0,0.0,0.0,0.0,0.0
56.495,apt_walk_2,PARKED,0.0,0.0,0.0,3,0.3447,1.509,0.0,0.0,0.0,0.0,0.0,0.0,0.0
56.568,apt_walk_2,PARKED,0.0,0.0,0.0,3,0.7328,1.668,0.0,0.0,0.0,0.0,0.0,0.0,0.0
56.657,apt_walk_2,PARKED,0.0,0.0,0.0,3,0.7328,1.668,0.0,0.0,0.0,0.0,0.0,0.0,0.0
56.757,apt_walk_2,PARKED,0.0,0.0,0.0,3,0.3447,1.816,0.0,0.0,0.0,0.0,0.0,0.0,0.0
56.892,apt_walk_2,PARKED,0.0,0.0,0.0,3,0.04,1.93,0.0,0.0,0.0,0.0,0.0,0.0,0.0
56.968,apt_walk_2,PARKED,0.0,0.0,0.0,3,0.0,2.02,0.0,0.0,0.0,0.0,0.0,0.0,0.0
57.057,apt_walk_2,PARKED,0.0,0.0,0.0,3,0.0,2.02,0.0,0.0,0.0,0.0,0.0,0.0,0.0
57.157,apt_walk_2,PARKED,0.0,0.0,0.0,3,0.0,2.02,0.0,0.0,0.0,0.0,0.0,0.0,0.0
57.258,apt_walk_2,PARKED,0.0,0.0,0.0,3,0.0,2.02,0.0,0.0,0.0,0.0,0.0,0.0,0.0
57.367,apt_walk_2,PARKED,0.0,0.0,0.0,3,0.0,2.159,0.0,0.0,0.0,0.0,0.0,0.0,0.0
57.476,apt_walk_2,PARKED,0.0,0.0,0.0,3,0.0,2.474,0.0,0.0,0.0,0.0,0.0,0.0,0.0
57.557,apt_walk_2,PARKED,0.0,0.0,0.0,3,0.0,2.474,0.0,0.0,0.0,0.0,0.0,0.0,0.0
57.657,apt_walk_2,PARKED,0.0,0.0,0.0,3,0.0,2.56,0.0,0.0,0.0,0.0,0.0,0.0,0.0
57.804,apt_walk_2,PARKED,0.0,0.0,0.0,3,0.0,2.598,0.0,0.0,0.0,0.0,0.0,0.0,0.0
57.871,apt_walk_2,PARKED,0.0,0.0,0.0,3,0.0,2.696,0.0,0.0,0.0,0.0,0.0,0.0,0.0
57.957,apt_walk_2,PARKED,0.0,0.0,0.0,3,0.0,2.696,0.0,0.0,0.0,0.0,0.0,0.0,0.0
58.057,apt_walk_2,PARKED,0.0,0.0,0.0,3,0.0,2.696,0.0,0.0,0.0,0.0,0.0,0.0,0.0
58.178,apt_walk_2,PARKED,0.0,0.0,0.0,3,0.0,2.958,0.0,0.0,0.0,0.0,0.0,0.0,0.0
58.286,apt_walk_2,PARKED,0.0,0.0,0.0,3,0.0,3.122,0.0,0.0,0.0,0.0,0.0,0.0,0.0
58.364,apt_walk_2,PARKED,0.0,0.0,0.0,3,0.0,3.305,0.0,0.0,0.0,0.0,0.0,0.0,0.0
58.458,apt_walk_2,PARKED,0.0,0.0,0.0,3,0.0,3.305,0.0,0.0,0.0,0.0,0.0,0.0,0.0
58.557,apt_walk_2,PARKED,0.0,0.0,0.0,3,0.0,3.305,0.0,0.0,0.0,0.0,0.0,0.0,0.0
58.657,apt_walk_2,PARKED,0.0,0.0,0.0,3,0.0,3.305,0.0,0.0,0.0,0.0,0.0,0.0,0.0
58.783,apt_walk_2,PARKED,0.0,0.0,0.0,3,0.0,3.696,0.0,0.0,0.0,0.0,0.0,0.0,0.0
58.857,apt_walk_2,PARKED,0.0,0.0,0.0,3,0.0,3.735,0.0,0.0,0.0,0.0,0.0,0.0,0.0
58.986,apt_walk_2,PARKED,0.0,0.0,0.0,3,0.0,3.735,0.0,0.0,0.0,0.0,0.0,0.0,0.0
59.057,apt_walk_2,PARKED,0.0,0.0,0.0,3,0.0,3.735,0.0,0.0,0.0,0.0,0.0,0.0,0.0
59.158,apt_walk_2,PARKED,0.0,0.0,0.0,3,0.0,3.682,0.0,0.0,0.0,0.0,0.0,0.0,0.0
59.305,apt_walk_2,PARKED,0.0,0.0,0.0,3,0.0,3.747,0.0,0.0,0.0,0.0,0.0,0.0,0.0
59.357,apt_walk_2,PARKED,0.0,0.0,0.0,3,0.0,3.747,0.0,0.0,0.0,0.0,0.0,0.0,0.0
59.457,apt_walk_2,PARKED,0.0,0.0,0.0,3,0.0,3.747,0.0,0.0,0.0,0.0,0.0,0.0,0.0
59.558,apt_walk_2,PARKED,0.0,0.0,0.0,3,0.0,3.747,0.0,0.0,0.0,0.0,0.0,0.0,0.0
59.657,apt_walk_2,PARKED,0.0,0.0,0.0,3,0.0,3.747,0.0,0.0,0.0,0.0,0.0,0.0,0.0
59.788,apt_walk_2,PARKED,0.0,0.0,0.0,4,0.0,3.846,0.0,0.0,0.0,0.0,0.0,0.0,0.0
59.857,apt_walk_2,PARKED,0.0,0.0,0.0,4,0.0,3.846,0.0,0.0,0.0,0.0,0.0,0.0,0.0
59.957,apt_walk_2,PARKED,0.0,0.0,0.0,4,0.0,3.846,0.0,0.0,0.0,0.0,0.0,0.0,0.0
60.057,apt_walk_2,PARKED,0.0,0.0,0.0,4,0.0,3.846,0.0,0.0,0.0,0.0,0.0,0.0,0.0
60.157,apt_walk_2,PARKED,0.0,0.0,0.0,3,0.0,3.74,0.0,0.0,0.0,0.0,0.0,0.0,0.0
60.257,apt_walk_2,PARKED,0.0,0.0,0.0,4,0.0,3.775,0.0,0.0,0.0,0.0,0.0,0.0,0.0
60.363,apt_walk_2,PARKED,0.0,0.0,0.0,4,0.0,3.775,0.0,0.0,0.0,0.0,0.0,0.0,0.0
60.457,apt_walk_2,PARKED,0.0,0.0,0.0,4,0.0,3.775,0.0,0.0,0.0,0.0,0.0,0.0,0.0
60.6,apt_walk_2,PARKED,0.0,0.0,0.0,4,0.0,3.693,0.0,0.0,0.0,0.0,0.0,0.0,0.0
60.657,apt_walk_2,PARKED,0.0,0.0,0.0,4,0.0,3.693,0.0,0.0,0.0,0.0,0.0,0.0,0.0
60.757,apt_walk_2,PARKED,0.0,0.0,0.0,4,0.0,3.693,0.0,0.0,0.0,0.0,0.0,0.0,0.0
60.857,apt_walk_2,PARKED,0.0,0.0,0.0,4,0.0,3.693,0.0,0.0,0.0,0.0,0.0,0.0,0.0
60.957,apt_walk_2,PARKED,0.0,0.0,0.0,4,0.0,3.693,0.0,0.0,0.0,0.0,0.0,0.0,0.0
61.102,apt_walk_2,PARKED,0.0,0.0,0.0,4,0.0,3.718,0.0,0.0,0.0,0.0,0.0,0.0,0.0
61.157,apt_walk_2,PARKED,0.0,0.0,0.0,4,0.0,3.718,0.0,0.0,0.0,0.0,0.0,0.0,0.0
61.257,apt_walk_2,PARKED,0.0,0.0,0.0,4,0.0,3.718,0.0,0.0,0.0,0.0,0.0,0.0,0.0
61.396,apt_walk_2,PARKED,0.0,0.0,0.0,4,0.0,3.718,0.0,0.0,0.0,0.0,0.0,0.0,0.0
61.465,apt_walk_2,PARKED,0.0,0.0,0.0,4,0.0,3.476,0.0,0.0,0.0,0.0,0.0,0.0,0.0
61.592,apt_walk_2,PARKED,0.0,0.0,0.0,4,0.0,3.362,0.0,0.0,0.0,0.0,0.0,0.0,0.0
61.657,apt_walk_2,PARKED,0.0,0.0,0.0,4,0.0,3.362,0.0,0.0,0.0,0.0,0.0,0.0,0.0
61.757,apt_walk_2,PARKED,0.0,0.0,0.0,4,0.0,3.362,0.0,0.0,0.0,0.0,0.0,0.0,0.0
61.857,apt_walk_2,PARKED,0.0,0.0,0.0,4,0.0,3.362,0.0,0.0,0.0,0.0,0.0,0.0,0.0
61.957,apt_walk_2,PARKED,0.0,0.0,0.0,4,0.0,3.055,0.0,0.0,0.0,0.0,0.0,0.0,0.0
62.057,apt_walk_2,PARKED,0.0,0.0,0.0,3,0.0,2.939,0.0,0.0,0.0,0.0,0.0,0.0,0.0
62.197,apt_walk_2,PARKED,0.0,0.0,0.0,3,0.0,2.939,0.0,0.0,0.0,0.0,0.0,0.0,0.0
62.258,apt_walk_2,PARKED,0.0,0.0,0.0,3,0.0,2.939,0.0,0.0,0.0,0.0,0.0,0.0,0.0
62.404,apt_walk_2,PARKED,0.0,0.0,0.0,3,0.0,2.581,0.0,0.0,0.0,0.0,0.0,0.0,0.0
62.463,apt_walk_2,PARKED,0.0,0.0,0.0,3,0.0,2.581,0.0,0.0,0.0,0.0,0.0,0.0,0.0
62.558,apt_walk_2,PARKED,0.0,0.0,0.0,3,0.0,2.581,0.0,0.0,0.0,0.0,0.0,0.0,0.0
62.662,apt_walk_2,PARKED,0.0,0.0,0.0,3,0.0,2.477,0.0,0.0,0.0,0.0,0.0,0.0,0.0
62.757,apt_walk_2,PARKED,0.0,0.0,0.0,3,0.0,2.477,0.0,0.0,0.0,0.0,0.0,0.0,0.0
62.856,apt_walk_2,PARKED,0.0,0.0,0.0,3,0.0,2.145,0.0,0.0,0.0,0.0,0.0,0.0,0.0
62.957,apt_walk_2,PARKED,0.0,0.0,0.0,3,0.0,2.145,0.0,0.0,0.0,0.0,0.0,0.0,0.0
63.104,apt_walk_2,PARKED,0.0,0.0,0.0,3,0.0,2.145,0.0,0.0,0.0,0.0,0.0,0.0,0.0
63.182,apt_walk_2,PARKED,0.0,0.0,0.0,3,0.0,1.957,0.0,0.0,0.0,0.0,0.0,0.0,0.0
63.257,apt_walk_2,PARKED,0.0,0.0,0.0,3,0.0,1.957,0.0,0.0,0.0,0.0,0.0,0.0,0.0
63.357,apt_walk_2,PARKED,0.0,0.0,0.0,3,0.0,1.957,0.0,0.0,0.0,0.0,0.0,0.0,0.0
63.467,apt_walk_2,PARKED,0.0,0.0,0.0,3,0.0,1.89,0.0,0.0,0.0,0.0,0.0,0.0,0.0
63.604,apt_walk_2,PARKED,0.0,0.0,0.0,3,0.0,1.89,0.0,0.0,0.0,0.0,0.0,0.0,0.0
63.687,apt_walk_2,PARKED,0.0,0.0,0.0,3,0.6997,1.685,0.0,0.0,0.0,0.0,0.0,0.0,0.0
63.757,apt_walk_2,PARKED,0.0,0.0,0.0,3,0.6997,1.685,0.0,0.0,0.0,0.0,0.0,0.0,0.0
63.857,apt_walk_2,PARKED,0.0,0.0,0.0,3,0.6997,1.685,0.0,0.0,0.0,0.0,0.0,0.0,0.0
63.957,apt_walk_2,PARKED,0.0,0.0,0.0,3,0.6997,1.685,0.0,0.0,0.0,0.0,0.0,0.0,0.0
64.071,apt_walk_2,PARKED,0.0,0.0,0.0,3,0.333,1.531,0.0,0.0,0.0,0.0,0.0,0.0,0.0
64.157,apt_walk_2,PARKED,0.0,0.0,0.0,3,0.1225,1.511,0.0,0.0,0.0,0.0,0.0,0.0,0.0
64.257,apt_walk_2,PARKED,0.0,0.0,0.0,3,0.1225,1.511,0.0,0.0,0.0,0.0,0.0,0.0,0.0
64.357,apt_walk_2,PARKED,0.0,0.0,0.0,3,0.1225,1.511,0.0,0.0,0.0,0.0,0.0,0.0,0.0
64.457,apt_walk_2,PARKED,0.0,0.0,0.0,3,0.283,1.5,0.0,0.0,0.0,0.0,0.0,0.0,0.0
64.581,apt_walk_2,PARKED,0.0,0.0,0.0,3,0.413,1.505,0.0,0.0,0.0,0.0,0.0,0.0,0.0
64.657,apt_walk_2,PARKED,0.0,0.0,0.0,3,0.413,1.505,0.0,0.0,0.0,0.0,0.0,0.0,0.0
64.757,apt_walk_2,PARKED,0.0,0.0,0.0,3,0.413,1.505,0.0,0.0,0.0,0.0,0.0,0.0,0.0
64.857,apt_walk_2,PARKED,0.0,0.0,0.0,3,0.4852,1.572,0.0,0.0,0.0,0.0,0.0,0.0,0.0
64.957,apt_walk_2,PARKED,0.0,0.0,0.0,3,0.78,1.725,0.0,0.0,0.0,0.0,0.0,0.0,0.0
65.058,apt_walk_2,PARKED,0.0,0.0,0.0,3,0.473,1.859,0.0,0.0,0.0,0.0,0.0,0.0,0.0
65.186,apt_walk_2,PARKED,0.0,0.0,0.0,3,0.173,1.935,0.0,0.0,0.0,0.0,0.0,0.0,0.0
65.257,apt_walk_2,PARKED,0.0,0.0,0.0,3,0.173,1.935,0.0,0.0,0.0,0.0,0.0,0.0,0.0
65.404,apt_walk_2,PARKED,0.0,0.0,0.0,3,0.0,2.08,0.0,0.0,0.0,0.0,0.0,0.0,0.0
65.475,apt_walk_2,PARKED,0.0,0.0,0.0,3,0.0,2.173,0.0,0.0,0.0,0.0,0.0,0.0,0.0
65.557,apt_walk_2,PARKED,0.0,0.0,0.0,3,0.0,2.173,0.0,0.0,0.0,0.0,0.0,0.0,0.0
65.658,apt_walk_2,PARKED,0.0,0.0,0.0,3,0.0,2.225,0.0,0.0,0.0,0.0,0.0,0.0,0.0
65.769,apt_walk_2,PARKED,0.0,0.0,0.0,3,0.0,2.225,0.0,0.0,0.0,0.0,0.0,0.0,0.0
65.858,apt_walk_2,PARKED,0.0,0.0,0.0,3,0.0,2.225,0.0,0.0,0.0,0.0,0.0,0.0,0.0
65.973,apt_walk_2,PARKED,0.0,0.0,0.0,3,0.0,2.612,0.0,0.0,0.0,0.0,0.0,0.0,0.0
66.057,apt_walk_2,PARKED,0.0,0.0,0.0,3,0.0,2.612,0.0,0.0,0.0,0.0,0.0,0.0,0.0
66.157,apt_walk_2,PARKED,0.0,0.0,0.0,3,0.0,2.612,0.0,0.0,0.0,0.0,0.0,0.0,0.0
66.257,apt_walk_2,PARKED,0.0,0.0,0.0,3,0.0,2.612,0.0,0.0,0.0,0.0,0.0,0.0,0.0
66.357,apt_walk_2,PARKED,0.0,0.0,0.0,3,0.0,2.971,0.0,0.0,0.0,0.0,0.0,0.0,0.0
66.458,apt_walk_2,PARKED,0.0,0.0,0.0,3,0.0,3.034,0.0,0.0,0.0,0.0,0.0,0.0,0.0
66.558,apt_walk_2,PARKED,0.0,0.0,0.0,3,0.0,3.034,0.0,0.0,0.0,0.0,0.0,0.0,0.0
66.657,apt_walk_2,PARKED,0.0,0.0,0.0,3,0.0,3.133,0.0,0.0,0.0,0.0,0.0,0.0,0.0
66.781,apt_walk_2,PARKED,0.0,0.0,0.0,4,0.0,3.293,0.0,0.0,0.0,0.0,0.0,0.0,0.0
66.857,apt_walk_2,PARKED,0.0,0.0,0.0,3,0.0,3.488,0.0,0.0,0.0,0.0,0.0,0.0,0.0
66.957,apt_walk_2,PARKED,0.0,0.0,0.0,3,0.0,3.488,0.0,0.0,0.0,0.0,0.0,0.0,0.0
67.058,apt_walk_2,PARKED,0.0,0.0,0.0,3,0.0,3.574,0.0,0.0,0.0,0.0,0.0,0.0,0.0
67.158,apt_walk_2,PARKED,0.0,0.0,0.0,3,0.0,3.574,0.0,0.0,0.0,0.0,0.0,0.0,0.0
67.257,apt_walk_2,PARKED,0.0,0.0,0.0,3,0.0,3.699,0.0,0.0,0.0,0.0,0.0,0.0,0.0
67.358,apt_walk_2,PARKED,0.0,0.0,0.0,3,0.0,3.699,0.0,0.0,0.0,0.0,0.0,0.0,0.0
67.47,apt_walk_2,PARKED,0.0,0.0,0.0,4,0.0,3.674,0.0,0.0,0.0,0.0,0.0,0.0,0.0
67.557,apt_walk_2,PARKED,0.0,0.0,0.0,4,0.0,3.674,0.0,0.0,0.0,0.0,0.0,0.0,0.0
67.657,apt_walk_2,PARKED,0.0,0.0,0.0,4,0.0,3.674,0.0,0.0,0.0,0.0,0.0,0.0,0.0
67.758,apt_walk_2,PARKED,0.0,0.0,0.0,4,0.0,3.674,0.0,0.0,0.0,0.0,0.0,0.0,0.0
67.903,apt_walk_2,PARKED,0.0,0.0,0.0,4,0.0,3.732,0.0,0.0,0.0,0.0,0.0,0.0,0.0
67.957,apt_walk_2,PARKED,0.0,0.0,0.0,4,0.0,3.732,0.0,0.0,0.0,0.0,0.0,0.0,0.0
68.061,apt_walk_2,PARKED,0.0,0.0,0.0,4,0.0,3.712,0.0,0.0,0.0,0.0,0.0,0.0,0.0
68.157,apt_walk_2,PARKED,0.0,0.0,0.0,4,0.0,3.712,0.0,0.0,0.0,0.0,0.0,0.0,0.0
68.257,apt_walk_2,PARKED,0.0,0.0,0.0,4,0.0,3.712,0.0,0.0,0.0,0.0,0.0,0.0,0.0
68.361,apt_walk_2,PARKED,0.0,0.0,0.0,3,0.0,3.707,0.0,0.0,0.0,0.0,0.0,0.0,0.0
68.503,apt_walk_2,PARKED,0.0,0.0,0.0,4,0.0,3.732,0.0,0.0,0.0,0.0,0.0,0.0,0.0
68.572,apt_walk_2,PARKED,0.0,0.0,0.0,4,0.0,3.732,0.0,0.0,0.0,0.0,0.0,0.0,0.0
68.657,apt_walk_2,PARKED,0.0,0.0,0.0,4,0.0,3.732,0.0,0.0,0.0,0.0,0.0,0.0,0.0
68.794,apt_walk_2,PARKED,0.0,0.0,0.0,3,0.0,3.767,0.0,0.0,0.0,0.0,0.0,0.0,0.0
68.857,apt_walk_2,PARKED,0.0,0.0,0.0,3,0.0,3.767,0.0,0.0,0.0,0.0,0.0,0.0,0.0
68.957,apt_walk_2,PARKED,0.0,0.0,0.0,3,0.0,3.767,0.0,0.0,0.0,0.0,0.0,0.0,0.0
69.074,apt_walk_2,PARKED,0.0,0.0,0.0,3,0.0,3.693,0.0,0.0,0.0,0.0,0.0,0.0,0.0
69.2,apt_walk_2,PARKED,0.0,0.0,0.0,3,0.0,3.692,0.0,0.0,0.0,0.0,0.0,0.0,0.0
69.257,apt_walk_2,PARKED,0.0,0.0,0.0,3,0.0,3.692,0.0,0.0,0.0,0.0,0.0,0.0,0.0
69.357,apt_walk_2,PARKED,0.0,0.0,0.0,3,0.0,3.692,0.0,0.0,0.0,0.0,0.0,0.0,0.0
69.457,apt_walk_2,PARKED,0.0,0.0,0.0,3,0.0,3.692,0.0,0.0,0.0,0.0,0.0,0.0,0.0
69.557,apt_walk_2,PARKED,0.0,0.0,0.0,3,0.0,3.692,0.0,0.0,0.0,0.0,0.0,0.0,0.0
69.658,apt_walk_2,PARKED,0.0,0.0,0.0,3,0.0,3.495,0.0,0.0,0.0,0.0,0.0,0.0,0.0
69.792,apt_walk_2,PARKED,0.0,0.0,0.0,3,0.0,3.251,0.0,0.0,0.0,0.0,0.0,0.0,0.0
69.856,apt_walk_2,PARKED,0.0,0.0,0.0,3,0.0,3.251,0.0,0.0,0.0,0.0,0.0,0.0,0.0
69.957,apt_walk_2,PARKED,0.0,0.0,0.0,3,0.0,3.251,0.0,0.0,0.0,0.0,0.0,0.0,0.0
70.057,apt_walk_2,PARKED,0.0,0.0,0.0,4,0.0,2.983,0.0,0.0,0.0,0.0,0.0,0.0,0.0
70.168,apt_walk_2,PARKED,0.0,0.0,0.0,3,0.0,2.902,0.0,0.0,0.0,0.0,0.0,0.0,0.0
70.257,apt_walk_2,PARKED,0.0,0.0,0.0,3,0.0,2.902,0.0,0.0,0.0,0.0,0.0,0.0,0.0
70.357,apt_walk_2,PARKED,0.0,0.0,0.0,3,0.0,2.84,0.0,0.0,0.0,0.0,0.0,0.0,0.0
70.457,apt_walk_2,PARKED,0.0,0.0,0.0,3,0.0,2.84,0.0,0.0,0.0,0.0,0.0,0.0,0.0
70.606,apt_walk_2,PARKED,0.0,0.0,0.0,3,0.0,2.459,0.0,0.0,0.0,0.0,0.0,0.0,0.0
70.665,apt_walk_2,PARKED,0.0,0.0,0.0,3,0.0,2.459,0.0,0.0,0.0,0.0,0.0,0.0,0.0
70.757,apt_walk_2,PARKED,0.0,0.0,0.0,3,0.0,2.459,0.0,0.0,0.0,0.0,0.0,0.0,0.0
70.857,apt_walk_2,PARKED,0.0,0.0,0.0,3,0.0,2.459,0.0,0.0,0.0,0.0,0.0,0.0,0.0
71.002,apt_walk_2,PARKED,0.0,0.0,0.0,3,0.0,2.248,0.0,0.0,0.0,0.0,0.0,0.0,0.0
71.061,apt_walk_2,PARKED,0.0,0.0,0.0,3,0.0,2.091,0.0,0.0,0.0,0.0,0.0,0.0,0.0
71.158,apt_walk_2,PARKED,0.0,0.0,0.0,3,0.0,1.994,0.0,0.0,0.0,0.0,0.0,0.0,0.0
71.257,apt_walk_2,PARKED,0.0,0.0,0.0,3,0.0,1.994,0.0,0.0,0.0,0.0,0.0,0.0,0.0
71.358,apt_walk_2,PARKED,0.0,0.0,0.0,3,0.0,1.994,0.0,0.0,0.0,0.0,0.0,0.0,0.0
71.457,apt_walk_2,PARKED,0.0,0.0,0.0,3,0.0,1.994,0.0,0.0,0.0,0.0,0.0,0.0,0.0
71.558,apt_walk_2,PARKED,0.0,0.0,0.0,3,0.3099,1.689,0.0,0.0,0.0,0.0,0.0,0.0,0.0
71.682,apt_walk_2,PARKED,0.0,0.0,0.0,3,0.3099,1.689,0.0,0.0,0.0,0.0,0.0,0.0,0.0
71.757,apt_walk_2,PARKED,0.0,0.0,0.0,3,0.3099,1.689,0.0,0.0,0.0,0.0,0.0,0.0,0.0
71.857,apt_walk_2,PARKED,0.0,0.0,0.0,3,0.2213,1.655,0.0,0.0,0.0,0.0,0.0,0.0,0.0
71.957,apt_walk_2,PARKED,0.0,0.0,0.0,3,0.2213,1.655,0.0,0.0,0.0,0.0,0.0,0.0,0.0
72.057,apt_walk_2,PARKED,0.0,0.0,0.0,3,0.2213,1.655,0.0,0.0,0.0,0.0,0.0,0.0,0.0
72.157,apt_walk_2,PARKED,0.0,0.0,0.0,3,0.2213,1.655,0.0,0.0,0.0,0.0,0.0,0.0,0.0
72.306,apt_walk_2,PARKED,0.0,0.0,0.0,3,0.2402,1.565,0.0,0.0,0.0,0.0,0.0,0.0,0.0
72.389,apt_walk_2,PARKED,0.0,0.0,0.0,3,0.1325,1.543,0.0,0.0,0.0,0.0,0.0,0.0,0.0
72.458,apt_walk_2,PARKED,0.0,0.0,0.0,3,0.1325,1.543,0.0,0.0,0.0,0.0,0.0,0.0,0.0
72.558,apt_walk_2,PARKED,0.0,0.0,0.0,3,0.1325,1.543,0.0,0.0,0.0,0.0,0.0,0.0,0.0
72.657,apt_walk_2,PARKED,0.0,0.0,0.0,3,0.1325,1.543,0.0,0.0,0.0,0.0,0.0,0.0,0.0
72.757,apt_walk_2,PARKED,0.0,0.0,0.0,3,0.1325,1.543,0.0,0.0,0.0,0.0,0.0,0.0,0.0
72.892,apt_walk_2,PARKED,0.0,0.0,0.0,3,0.7704,1.773,0.0,0.0,0.0,0.0,0.0,0.0,0.0
72.957,apt_walk_2,PARKED,0.0,0.0,0.0,3,0.7704,1.773,0.0,0.0,0.0,0.0,0.0,0.0,0.0
73.058,apt_walk_2,PARKED,0.0,0.0,0.0,3,0.7704,1.773,0.0,0.0,0.0,0.0,0.0,0.0,0.0
73.157,apt_walk_2,PARKED,0.0,0.0,0.0,3,0.7704,1.773,0.0,0.0,0.0,0.0,0.0,0.0,0.0
73.257,apt_walk_2,PARKED,0.0,0.0,0.0,3,0.456,1.874,0.0,0.0,0.0,0.0,0.0,0.0,0.0
73.379,apt_walk_2,PARKED,0.0,0.0,0.0,3,0.0,2.185,0.0,0.0,0.0,0.0,0.0,0.0,0.0
73.457,apt_walk_2,PARKED,0.0,0.0,0.0,3,0.0,2.185,0.0,0.0,0.0,0.0,0.0,0.0,0.0
73.557,apt_walk_2,PARKED,0.0,0.0,0.0,3,0.0,2.185,0.0,0.0,0.0,0.0,0.0,0.0,0.0
73.657,apt_walk_2,PARKED,0.0,0.0,0.0,3,0.0,2.399,0.0,0.0,0.0,0.0,0.0,0.0,0.0
73.795,apt_walk_2,PARKED,0.0,0.0,0.0,3,0.0,2.574,0.0,0.0,0.0,0.0,0.0,0.0,0.0
73.857,apt_walk_2,PARKED,0.0,0.0,0.0,3,0.0,2.574,0.0,0.0,0.0,0.0,0.0,0.0,0.0
73.957,apt_walk_2,PARKED,0.0,0.0,0.0,3,0.0,2.702,0.0,0.0,0.0,0.0,0.0,0.0,0.0
74.088,apt_walk_2,PARKED,0.0,0.0,0.0,4,0.0,2.791,0.0,0.0,0.0,0.0,0.0,0.0,0.0
74.175,apt_walk_2,PARKED,0.0,0.0,0.0,4,0.0,2.848,0.0,0.0,0.0,0.0,0.0,0.0,0.0
74.257,apt_walk_2,PARKED,0.0,0.0,0.0,4,0.0,3.006,0.0,0.0,0.0,0.0,0.0,0.0,0.0
74.357,apt_walk_2,PARKED,0.0,0.0,0.0,4,0.0,3.006,0.0,0.0,0.0,0.0,0.0,0.0,0.0
74.457,apt_walk_2,PARKED,0.0,0.0,0.0,4,0.0,3.077,0.0,0.0,0.0,0.0,0.0,0.0,0.0
74.557,apt_walk_2,PARKED,0.0,0.0,0.0,4,0.0,3.077,0.0,0.0,0.0,0.0,0.0,0.0,0.0
74.679,apt_walk_2,PARKED,0.0,0.0,0.0,4,0.0,3.363,0.0,0.0,0.0,0.0,0.0,0.0,0.0
74.758,apt_walk_2,PARKED,0.0,0.0,0.0,4,0.0,3.472,0.0,0.0,0.0,0.0,0.0,0.0,0.0
74.857,apt_walk_2,PARKED,0.0,0.0,0.0,4,0.0,3.472,0.0,0.0,0.0,0.0,0.0,0.0,0.0
74.959,apt_walk_2,PARKED,0.0,0.0,0.0,4,0.0,3.523,0.0,0.0,0.0,0.0,0.0,0.0,0.0
75.098,apt_walk_2,PARKED,0.0,0.0,0.0,4,0.0,3.523,0.0,0.0,0.0,0.0,0.0,0.0,0.0
75.159,apt_walk_2,PARKED,0.0,0.0,0.0,4,0.0,3.738,0.0,0.0,0.0,0.0,0.0,0.0,0.0
75.257,apt_walk_2,PARKED,0.0,0.0,0.0,4,0.0,3.738,0.0,0.0,0.0,0.0,0.0,0.0,0.0
75.357,apt_walk_2,PARKED,0.0,0.0,0.0,4,0.0,3.746,0.0,0.0,0.0,0.0,0.0,0.0,0.0
75.457,apt_walk_2,PARKED,0.0,0.0,0.0,4,0.0,3.746,0.0,0.0,0.0,0.0,0.0,0.0,0.0
75.557,apt_walk_2,PARKED,0.0,0.0,0.0,4,0.0,3.746,0.0,0.0,0.0,0.0,0.0,0.0,0.0
75.657,apt_walk_2,PARKED,0.0,0.0,0.0,4,0.0,3.763,0.0,0.0,0.0,0.0,0.0,0.0,0.0
75.757,apt_walk_2,PARKED,0.0,0.0,0.0,4,0.0,3.757,0.0,0.0,0.0,0.0,0.0,0.0,0.0
75.857,apt_walk_2,PARKED,0.0,0.0,0.0,4,0.0,3.757,0.0,0.0,0.0,0.0,0.0,0.0,0.0
75.957,apt_walk_2,PARKED,0.0,0.0,0.0,4,0.0,3.757,0.0,0.0,0.0,0.0,0.0,0.0,0.0
76.088,apt_walk_2,PARKED,0.0,0.0,0.0,4,0.0,3.739,0.0,0.0,0.0,0.0,0.0,0.0,0.0
76.157,apt_walk_2,PARKED,0.0,0.0,0.0,4,0.0,3.739,0.0,0.0,0.0,0.0,0.0,0.0,0.0
76.257,apt_walk_2,PARKED,0.0,0.0,0.0,4,0.0,3.703,0.0,0.0,0.0,0.0,0.0,0.0,0.0
76.406,apt_walk_2,PARKED,0.0,0.0,0.0,4,0.0,3.703,0.0,0.0,0.0,0.0,0.0,0.0,0.0
76.47,apt_walk_2,PARKED,0.0,0.0,0.0,4,0.0,3.656,0.0,0.0,0.0,0.0,0.0,0.0,0.0
76.557,apt_walk_2,PARKED,0.0,0.0,0.0,4,0.0,3.656,0.0,0.0,0.0,0.0,0.0,0.0,0.0
76.657,apt_walk_2,PARKED,0.0,0.0,0.0,4,0.0,3.656,0.0,0.0,0.0,0.0,0.0,0.0,0.0
76.757,apt_walk_2,PARKED,0.0,0.0,0.0,4,0.0,3.656,0.0,0.0,0.0,0.0,0.0,0.0,0.0
76.857,apt_walk_2,PARKED,0.0,0.0,0.0,4,0.0,3.656,0.0,0.0,0.0,0.0,0.0,0.0,0.0
76.988,apt_walk_2,PARKED,0.0,0.0,0.0,4,0.0,3.826,0.0,0.0,0.0,0.0,0.0,0.0,0.0
77.057,apt_walk_2,PARKED,0.0,0.0,0.0,4,0.0,3.826,0.0,0.0,0.0,0.0,0.0,0.0,0.0
77.157,apt_walk_2,PARKED,0.0,0.0,0.0,4,0.0,3.826,0.0,0.0,0.0,0.0,0.0,0.0,0.0
77.273,apt_walk_2,PARKED,0.0,0.0,0.0,4,0.0,3.826,0.0,0.0,0.0,0.0,0.0,0.0,0.0
77.403,apt_walk_2,PARKED,0.0,0.0,0.0,4,0.0,3.738,0.0,0.0,0.0,0.0,0.0,0.0,0.0
77.466,apt_walk_2,PARKED,0.0,0.0,0.0,4,0.0,3.682,0.0,0.0,0.0,0.0,0.0,0.0,0.0
77.557,apt_walk_2,PARKED,0.0,0.0,0.0,4,0.0,3.682,0.0,0.0,0.0,0.0,0.0,0.0,0.0
77.656,apt_walk_2,PARKED,0.0,0.0,0.0,4,0.0,3.65,0.0,0.0,0.0,0.0,0.0,0.0,0.0
77.758,apt_walk_2,PARKED,0.0,0.0,0.0,4,0.0,3.65,0.0,0.0,0.0,0.0,0.0,0.0,0.0
77.884,apt_walk_2,PARKED,0.0,0.0,0.0,4,0.0,3.406,0.0,0.0,0.0,0.0,0.0,0.0,0.0
77.958,apt_walk_2,PARKED,0.0,0.0,0.0,4,0.0,3.406,0.0,0.0,0.0,0.0,0.0,0.0,0.0
78.064,apt_walk_2,PARKED,0.0,0.0,0.0,4,0.0,3.277,0.0,0.0,0.0,0.0,0.0,0.0,0.0
78.157,apt_walk_2,PARKED,0.0,0.0,0.0,4,0.0,3.277,0.0,0.0,0.0,0.0,0.0,0.0,0.0
78.257,apt_walk_2,PARKED,0.0,0.0,0.0,4,0.0,3.162,0.0,0.0,0.0,0.0,0.0,0.0,0.0
78.358,apt_walk_2,PARKED,0.0,0.0,0.0,4,0.0,2.925,0.0,0.0,0.0,0.0,0.0,0.0,0.0
78.472,apt_walk_2,PARKED,0.0,0.0,0.0,4,0.0,2.754,0.0,0.0,0.0,0.0,0.0,0.0,0.0
78.557,apt_walk_2,PARKED,0.0,0.0,0.0,4,0.0,2.754,0.0,0.0,0.0,0.0,0.0,0.0,0.0
78.658,apt_walk_2,PARKED,0.0,0.0,0.0,4,0.0,2.754,0.0,0.0,0.0,0.0,0.0,0.0,0.0
78.757,apt_walk_2,PARKED,0.0,0.0,0.0,4,0.0,2.676,0.0,0.0,0.0,0.0,0.0,0.0,0.0
78.88,apt_walk_2,PARKED,0.0,0.0,0.0,3,0.0,2.332,0.0,0.0,0.0,0.0,0.0,0.0,0.0
79.005,apt_walk_2,PARKED,0.0,0.0,0.0,3,0.0,2.332,0.0,0.0,0.0,0.0,0.0,0.0,0.0
79.057,apt_walk_2,PARKED,0.0,0.0,0.0,3,0.0,2.332,0.0,0.0,0.0,0.0,0.0,0.0,0.0
79.177,apt_walk_2,PARKED,0.0,0.0,0.0,3,0.0,2.284,0.0,0.0,0.0,0.0,0.0,0.0,0.0
79.258,apt_walk_2,PARKED,0.0,0.0,0.0,3,0.0,2.091,0.0,0.0,0.0,0.0,0.0,0.0,0.0
79.357,apt_walk_2,PARKED,0.0,0.0,0.0,3,0.0,2.091,0.0,0.0,0.0,0.0,0.0,0.0,0.0
79.457,apt_walk_2,PARKED,0.0,0.0,0.0,3,0.0,2.019,0.0,0.0,0.0,0.0,0.0,0.0,0.0
79.578,apt_walk_2,PARKED,0.0,0.0,0.0,3,0.0,1.908,0.0,0.0,0.0,0.0,0.0,0.0,0.0
79.658,apt_walk_2,PARKED,0.0,0.0,0.0,3,0.0,1.845,0.0,0.0,0.0,0.0,0.0,0.0,0.0
79.758,apt_walk_2,PARKED,0.0,0.0,0.0,3,0.4243,1.748,0.0,0.0,0.0,0.0,0.0,0.0,0.0
79.857,apt_walk_2,PARKED,0.0,0.0,0.0,3,0.0,1.69,0.0,0.0,0.0,0.0,0.0,0.0,0.0
79.957,apt_walk_2,PARKED,0.0,0.0,0.0,3,0.0,1.69,0.0,0.0,0.0,0.0,0.0,0.0,0.0
80.057,apt_walk_2,PARKED,0.0,0.0,0.0,3,0.0,1.69,0.0,0.0,0.0,0.0,0.0,0.0,0.0
80.205,apt_walk_2,PARKED,0.0,0.0,0.0,3,0.2624,1.505,0.0,0.0,0.0,0.0,0.0,0.0,0.0
80.265,apt_walk_2,PARKED,0.0,0.0,0.0,3,0.2085,1.476,0.0,0.0,0.0,0.0,0.0,0.0,0.0
80.358,apt_walk_2,PARKED,0.0,0.0,0.0,3,0.2085,1.476,0.0,0.0,0.0,0.0,0.0,0.0,0.0
80.457,apt_walk_2,PARKED,0.0,0.0,0.0,3,0.2085,1.476,0.0,0.0,0.0,0.0,0.0,0.0,0.0
80.571,apt_walk_2,PARKED,0.0,0.0,0.0,3,0.1317,1.462,0.0,0.0,0.0,0.0,0.0,0.0,0.0
80.7,apt_walk_2,PARKED,0.0,0.0,0.0,3,0.1764,1.515,0.0,0.0,0.0,0.0,0.0,0.0,0.0
80.758,apt_walk_2,PARKED,0.0,0.0,0.0,3,0.3782,1.551,0.0,0.0,0.0,0.0,0.0,0.0,0.0
80.871,apt_walk_2,PARKED,0.0,0.0,0.0,3,0.3782,1.551,0.0,0.0,0.0,0.0,0.0,0.0,0.0
80.958,apt_walk_2,PARKED,0.0,0.0,0.0,3,0.3782,1.551,0.0,0.0,0.0,0.0,0.0,0.0,0.0
81.062,apt_walk_2,PARKED,0.0,0.0,0.0,3,0.3782,1.551,0.0,0.0,0.0,0.0,0.0,0.0,0.0
81.157,apt_walk_2,PARKED,0.0,0.0,0.0,3,0.3782,1.551,0.0,0.0,0.0,0.0,0.0,0.0,0.0
81.29,apt_walk_2,PARKED,0.0,0.0,0.0,3,0.43,1.911,0.0,0.0,0.0,0.0,0.0,0.0,0.0
81.358,apt_walk_2,PARKED,0.0,0.0,0.0,3,0.43,1.911,0.0,0.0,0.0,0.0,0.0,0.0,0.0
81.457,apt_walk_2,PARKED,0.0,0.0,0.0,3,0.13,1.964,0.0,0.0,0.0,0.0,0.0,0.0,0.0
81.573,apt_walk_2,PARKED,0.0,0.0,0.0,3,0.0,2.009,0.0,0.0,0.0,0.0,0.0,0.0,0.0
81.687,apt_walk_2,PARKED,0.0,0.0,0.0,3,0.0,2.18,0.0,0.0,0.0,0.0,0.0,0.0,0.0
81.757,apt_walk_2,PARKED,0.0,0.0,0.0,3,0.0,2.321,0.0,0.0,0.0,0.0,0.0,0.0,0.0
81.858,apt_walk_2,PARKED,0.0,0.0,0.0,3,0.0,2.321,0.0,0.0,0.0,0.0,0.0,0.0,0.0
81.979,apt_walk_2,PARKED,0.0,0.0,0.0,3,0.0,2.357,0.0,0.0,0.0,0.0,0.0,0.0,0.0
82.057,apt_walk_2,PARKED,0.0,0.0,0.0,3,0.0,2.357,0.0,0.0,0.0,0.0,0.0,0.0,0.0
82.157,apt_walk_2,PARKED,0.0,0.0,0.0,3,0.0,2.52,0.0,0.0,0.0,0.0,0.0,0.0,0.0
82.257,apt_walk_2,PARKED,0.0,0.0,0.0,3,0.0,2.52,0.0,0.0,0.0,0.0,0.0,0.0,0.0
82.358,apt_walk_2,PARKED,0.0,0.0,0.0,3,0.0,2.683,0.0,0.0,0.0,0.0,0.0,0.0,0.0
82.458,apt_walk_2,PARKED,0.0,0.0,0.0,3,0.0,2.683,0.0,0.0,0.0,0.0,0.0,0.0,0.0
82.564,apt_walk_2,PARKED,0.0,0.0,0.0,3,0.0,2.683,0.0,0.0,0.0,0.0,0.0,0.0,0.0
82.658,apt_walk_2,PARKED,0.0,0.0,0.0,3,0.0,3.055,0.0,0.0,0.0,0.0,0.0,0.0,0.0
82.786,apt_walk_2,PARKED,0.0,0.0,0.0,4,0.0,3.187,0.0,0.0,0.0,0.0,0.0,0.0,0.0
82.856,apt_walk_2,PARKED,0.0,0.0,0.0,4,0.0,3.187,0.0,0.0,0.0,0.0,0.0,0.0,0.0
82.957,apt_walk_2,PARKED,0.0,0.0,0.0,4,0.0,3.187,0.0,0.0,0.0,0.0,0.0,0.0,0.0
83.083,apt_walk_2,PARKED,0.0,0.0,0.0,3,0.0,3.31,0.0,0.0,0.0,0.0,0.0,0.0,0.0
83.202,apt_walk_2,PARKED,0.0,0.0,0.0,3,0.0,3.595,0.0,0.0,0.0,0.0,0.0,0.0,0.0
83.257,apt_walk_2,PARKED,0.0,0.0,0.0,3,0.0,3.595,0.0,0.0,0.0,0.0,0.0,0.0,0.0
83.357,apt_walk_2,PARKED,0.0,0.0,0.0,3,0.0,3.595,0.0,0.0,0.0,0.0,0.0,0.0,0.0
83.457,apt_walk_2,PARKED,0.0,0.0,0.0,3,0.0,3.595,0.0,0.0,0.0,0.0,0.0,0.0,0.0
83.558,apt_walk_2,PARKED,0.0,0.0,0.0,3,0.0,3.696,0.0,0.0,0.0,0.0,0.0,0.0,0.0
83.657,apt_walk_2,PARKED,0.0,0.0,0.0,5,0.0,3.688,0.0,0.0,0.0,0.0,0.0,0.0,0.0
83.799,apt_walk_2,PARKED,0.0,0.0,0.0,5,0.0,3.698,0.0,0.0,0.0,0.0,0.0,0.0,0.0
83.856,apt_walk_2,PARKED,0.0,0.0,0.0,5,0.0,3.698,0.0,0.0,0.0,0.0,0.0,0.0,0.0
83.966,apt_walk_2,PARKED,0.0,0.0,0.0,5,0.0,3.684,0.0,0.0,0.0,0.0,0.0,0.0,0.0
84.097,apt_walk_2,PARKED,0.0,0.0,0.0,5,0.0,3.716,0.0,0.0,0.0,0.0,0.0,0.0,0.0
84.16,apt_walk_2,PARKED,0.0,0.0,0.0,5,0.0,3.748,0.0,0.0,0.0,0.0,0.0,0.0,0.0
84.257,apt_walk_2,PARKED,0.0,0.0,0.0,5,0.0,3.748,0.0,0.0,0.0,0.0,0.0,0.0,0.0
84.357,apt_walk_2,PARKED,0.0,0.0,0.0,5,0.0,3.748,0.0,0.0,0.0,0.0,0.0,0.0,0.0
84.456,apt_walk_2,PARKED,0.0,0.0,0.0,4,0.0,3.72,0.0,0.0,0.0,0.0,0.0,0.0,0.0
84.569,apt_walk_2,PARKED,0.0,0.0,0.0,4,0.0,3.695,0.0,0.0,0.0,0.0,0.0,0.0,0.0
84.657,apt_walk_2,PARKED,0.0,0.0,0.0,4,0.0,3.695,0.0,0.0,0.0,0.0,0.0,0.0,0.0
84.758,apt_walk_2,PARKED,0.0,0.0,0.0,4,0.0,3.695,0.0,0.0,0.0,0.0,0.0,0.0,0.0
84.887,apt_walk_2,PARKED,0.0,0.0,0.0,4,0.0,3.668,0.0,0.0,0.0,0.0,0.0,0.0,0.0
84.957,apt_walk_2,PARKED,0.0,0.0,0.0,4,0.0,3.668,0.0,0.0,0.0,0.0,0.0,0.0,0.0
85.095,apt_walk_2,PARKED,0.0,0.0,0.0,4,0.0,3.695,0.0,0.0,0.0,0.0,0.0,0.0,0.0
85.167,apt_walk_2,PARKED,0.0,0.0,0.0,4,0.0,3.675,0.0,0.0,0.0,0.0,0.0,0.0,0.0
85.256,apt_walk_2,PARKED,0.0,0.0,0.0,4,0.0,3.658,0.0,0.0,0.0,0.0,0.0,0.0,0.0
85.357,apt_walk_2,PARKED,0.0,0.0,0.0,4,0.0,3.658,0.0,0.0,0.0,0.0,0.0,0.0,0.0
85.457,apt_walk_2,PARKED,0.0,0.0,0.0,4,0.0,3.658,0.0,0.0,0.0,0.0,0.0,0.0,0.0
85.592,apt_walk_2,PARKED,0.0,0.0,0.0,4,0.0,3.775,0.0,0.0,0.0,0.0,0.0,0.0,0.0
85.658,apt_walk_2,PARKED,0.0,0.0,0.0,4,0.0,3.775,0.0,0.0,0.0,0.0,0.0,0.0,0.0
85.758,apt_walk_2,PARKED,0.0,0.0,0.0,4,0.0,3.775,0.0,0.0,0.0,0.0,0.0,0.0,0.0
85.857,apt_walk_2,PARKED,0.0,0.0,0.0,4,0.0,3.775,0.0,0.0,0.0,0.0,0.0,0.0,0.0
85.989,apt_walk_2,PARKED,0.0,0.0,0.0,4,0.0,3.626,0.0,0.0,0.0,0.0,0.0,0.0,0.0
86.063,apt_walk_2,PARKED,0.0,0.0,0.0,4,0.0,3.626,0.0,0.0,0.0,0.0,0.0,0.0,0.0
86.157,apt_walk_2,PARKED,0.0,0.0,0.0,4,0.0,3.551,0.0,0.0,0.0,0.0,0.0,0.0,0.0
86.294,apt_walk_2,PARKED,0.0,0.0,0.0,4,0.0,3.492,0.0,0.0,0.0,0.0,0.0,0.0,0.0
86.356,apt_walk_2,PARKED,0.0,0.0,0.0,4,0.0,3.492,0.0,0.0,0.0,0.0,0.0,0.0,0.0
86.457,apt_walk_2,PARKED,0.0,0.0,0.0,4,0.0,3.492,0.0,0.0,0.0,0.0,0.0,0.0,0.0
86.557,apt_walk_2,PARKED,0.0,0.0,0.0,4,0.0,3.138,0.0,0.0,0.0,0.0,0.0,0.0,0.0
86.657,apt_walk_2,PARKED,0.0,0.0,0.0,4,0.0,3.138,0.0,0.0,0.0,0.0,0.0,0.0,0.0
86.757,apt_walk_2,PARKED,0.0,0.0,0.0,4,0.0,3.094,0.0,0.0,0.0,0.0,0.0,0.0,0.0
86.891,apt_walk_2,PARKED,0.0,0.0,0.0,4,0.0,2.967,0.0,0.0,0.0,0.0,0.0,0.0,0.0
86.957,apt_walk_2,PARKED,0.0,0.0,0.0,4,0.0,2.723,0.0,0.0,0.0,0.0,0.0,0.0,0.0
87.057,apt_walk_2,PARKED,0.0,0.0,0.0,4,0.0,2.634,0.0,0.0,0.0,0.0,0.0,0.0,0.0
87.157,apt_walk_2,PARKED,0.0,0.0,0.0,4,0.0,2.634,0.0,0.0,0.0,0.0,0.0,0.0,0.0
87.259,apt_walk_2,PARKED,0.0,0.0,0.0,4,0.0,2.634,0.0,0.0,0.0,0.0,0.0,0.0,0.0
87.357,apt_walk_2,PARKED,0.0,0.0,0.0,4,0.0,2.634,0.0,0.0,0.0,0.0,0.0,0.0,0.0
87.457,apt_walk_2,PARKED,0.0,0.0,0.0,4,0.0,2.532,0.0,0.0,0.0,0.0,0.0,0.0,0.0
87.557,apt_walk_2,PARKED,0.0,0.0,0.0,4,0.0,2.532,0.0,0.0,0.0,0.0,0.0,0.0,0.0
87.657,apt_walk_2,PARKED,0.0,0.0,0.0,4,0.0,2.123,0.0,0.0,0.0,0.0,0.0,0.0,0.0
87.757,apt_walk_2,PARKED,0.0,0.0,0.0,4,0.0,2.123,0.0,0.0,0.0,0.0,0.0,0.0,0.0
87.857,apt_walk_2,PARKED,0.0,0.0,0.0,4,0.0,2.123,0.0,0.0,0.0,0.0,0.0,0.0,0.0
88.0,apt_walk_2,PARKED,0.0,0.0,0.0,3,0.0,1.864,0.0,0.0,0.0,0.0,0.0,0.0,0.0
88.079,apt_walk_2,PARKED,0.0,0.0,0.0,3,0.0,1.864,0.0,0.0,0.0,0.0,0.0,0.0,0.0
88.157,apt_walk_2,PARKED,0.0,0.0,0.0,3,0.0,1.864,0.0,0.0,0.0,0.0,0.0,0.0,0.0
88.257,apt_walk_2,PARKED,0.0,0.0,0.0,3,0.0,1.864,0.0,0.0,0.0,0.0,0.0,0.0,0.0
88.357,apt_walk_2,PARKED,0.0,0.0,0.0,3,0.2512,1.771,0.0,0.0,0.0,0.0,0.0,0.0,0.0
88.48,apt_walk_2,PARKED,0.0,0.0,0.0,3,0.0716,1.709,0.0,0.0,0.0,0.0,0.0,0.0,0.0
88.557,apt_walk_2,PARKED,0.0,0.0,0.0,3,0.0716,1.709,0.0,0.0,0.0,0.0,0.0,0.0,0.0
88.657,apt_walk_2,PARKED,0.0,0.0,0.0,3,0.0716,1.709,0.0,0.0,0.0,0.0,0.0,0.0,0.0
88.757,apt_walk_2,PARKED,0.0,0.0,0.0,3,0.0716,1.709,0.0,0.0,0.0,0.0,0.0,0.0,0.0
88.857,apt_walk_2,PARKED,0.0,0.0,0.0,3,0.0716,1.709,0.0,0.0,0.0,0.0,0.0,0.0,0.0
89.0,apt_walk_2,PARKED,0.0,0.0,0.0,3,0.5293,1.474,0.0,0.0,0.0,0.0,0.0,0.0,0.0
89.057,apt_walk_2,PARKED,0.0,0.0,0.0,3,0.5293,1.474,0.0,0.0,0.0,0.0,0.0,0.0,0.0
89.173,apt_walk_2,PARKED,0.0,0.0,0.0,3,0.0041,1.483,0.0,0.0,0.0,0.0,0.0,0.0,0.0
89.286,apt_walk_2,PARKED,0.0,0.0,0.0,3,0.0041,1.483,0.0,0.0,0.0,0.0,0.0,0.0,0.0
89.358,apt_walk_2,PARKED,0.0,0.0,0.0,3,0.2978,1.537,0.0,0.0,0.0,0.0,0.0,0.0,0.0
89.457,apt_walk_2,PARKED,0.0,0.0,0.0,3,0.5455,1.599,0.0,0.0,0.0,0.0,0.0,0.0,0.0
89.573,apt_walk_2,PARKED,0.0,0.0,0.0,3,0.5455,1.599,0.0,0.0,0.0,0.0,0.0,0.0,0.0
89.657,apt_walk_2,PARKED,0.0,0.0,0.0,3,0.5455,1.599,0.0,0.0,0.0,0.0,0.0,0.0,0.0
89.757,apt_walk_2,PARKED,0.0,0.0,0.0,3,0.5455,1.599,0.0,0.0,0.0,0.0,0.0,0.0,0.0
89.883,apt_walk_2,PARKED,0.0,0.0,0.0,3,0.053,2.013,0.0,0.0,0.0,0.0,0.0,0.0,0.0
89.958,apt_walk_2,PARKED,0.0,0.0,0.0,3,0.053,2.013,0.0,0.0,0.0,0.0,0.0,0.0,0.0
90.057,apt_walk_2,PARKED,0.0,0.0,0.0,3,0.053,2.013,0.0,0.0,0.0,0.0,0.0,0.0,0.0
90.206,apt_walk_2,PARKED,0.0,0.0,0.0,3,0.0,2.109,0.0,0.0,0.0,0.0,0.0,0.0,0.0
90.279,apt_walk_2,PARKED,0.0,0.0,0.0,3,0.0,2.316,0.0,0.0,0.0,0.0,0.0,0.0,0.0
90.358,apt_walk_2,PARKED,0.0,0.0,0.0,3,0.0,2.316,0.0,0.0,0.0,0.0,0.0,0.0,0.0
90.506,apt_walk_2,PARKED,0.0,0.0,0.0,3,0.0,2.386,0.0,0.0,0.0,0.0,0.0,0.0,0.0
90.557,apt_walk_2,PARKED,0.0,0.0,0.0,3,0.0,2.386,0.0,0.0,0.0,0.0,0.0,0.0,0.0
90.657,apt_walk_2,PARKED,0.0,0.0,0.0,3,0.0,2.386,0.0,0.0,0.0,0.0,0.0,0.0,0.0
90.757,apt_walk_2,PARKED,0.0,0.0,0.0,3,0.0,2.54,0.0,0.0,0.0,0.0,0.0,0.0,0.0
90.857,apt_walk_2,PARKED,0.0,0.0,0.0,3,0.0,2.54,0.0,0.0,0.0,0.0,0.0,0.0,0.0
90.958,apt_walk_2,PARKED,0.0,0.0,0.0,3,0.0,2.931,0.0,0.0,0.0,0.0,0.0,0.0,0.0
91.093,apt_walk_2,PARKED,0.0,0.0,0.0,3,0.0,2.937,0.0,0.0,0.0,0.0,0.0,0.0,0.0
91.16,apt_walk_2,PARKED,0.0,0.0,0.0,4,0.0,3.046,0.0,0.0,0.0,0.0,0.0,0.0,0.0
91.283,apt_walk_2,PARKED,0.0,0.0,0.0,4,0.0,3.341,0.0,0.0,0.0,0.0,0.0,0.0,0.0
91.357,apt_walk_2,PARKED,0.0,0.0,0.0,4,0.0,3.341,0.0,0.0,0.0,0.0,0.0,0.0,0.0
91.458,apt_walk_2,PARKED,0.0,0.0,0.0,4,0.0,3.341,0.0,0.0,0.0,0.0,0.0,0.0,0.0
91.559,apt_walk_2,PARKED,0.0,0.0,0.0,5,0.0,3.393,0.0,0.0,0.0,0.0,0.0,0.0,0.0
91.657,apt_walk_2,PARKED,0.0,0.0,0.0,4,0.0,3.611,0.0,0.0,0.0,0.0,0.0,0.0,0.0
91.757,apt_walk_2,PARKED,0.0,0.0,0.0,4,0.0,3.68,0.0,0.0,0.0,0.0,0.0,0.0,0.0
91.874,apt_walk_2,PARKED,0.0,0.0,0.0,4,0.0,3.68,0.0,0.0,0.0,0.0,0.0,0.0,0.0
91.957,apt_walk_2,PARKED,0.0,0.0,0.0,4,0.0,3.68,0.0,0.0,0.0,0.0,0.0,0.0,0.0
92.057,apt_walk_2,PARKED,0.0,0.0,0.0,4,0.0,3.68,0.0,0.0,0.0,0.0,0.0,0.0,0.0
92.165,apt_walk_2,PARKED,0.0,0.0,0.0,4,0.0,3.823,0.0,0.0,0.0,0.0,0.0,0.0,0.0
92.257,apt_walk_2,PARKED,0.0,0.0,0.0,4,0.0,3.823,0.0,0.0,0.0,0.0,0.0,0.0,0.0
92.357,apt_walk_2,PARKED,0.0,0.0,0.0,4,0.0,3.823,0.0,0.0,0.0,0.0,0.0,0.0,0.0
92.482,apt_walk_2,PARKED,0.0,0.0,0.0,4,0.0,3.749,0.0,0.0,0.0,0.0,0.0,0.0,0.0
92.557,apt_walk_2,PARKED,0.0,0.0,0.0,4,0.0,3.749,0.0,0.0,0.0,0.0,0.0,0.0,0.0
92.694,apt_walk_2,PARKED,0.0,0.0,0.0,4,0.0,3.708,0.0,0.0,0.0,0.0,0.0,0.0,0.0
92.781,apt_walk_2,PARKED,0.0,0.0,0.0,4,0.0,3.708,0.0,0.0,0.0,0.0,0.0,0.0,0.0
92.857,apt_walk_2,PARKED,0.0,0.0,0.0,4,0.0,3.708,0.0,0.0,0.0,0.0,0.0,0.0,0.0
92.958,apt_walk_2,PARKED,0.0,0.0,0.0,4,0.0,3.747,0.0,0.0,0.0,0.0,0.0,0.0,0.0
93.057,apt_walk_2,PARKED,0.0,0.0,0.0,4,0.0,3.747,0.0,0.0,0.0,0.0,0.0,0.0,0.0
93.157,apt_walk_2,PARKED,0.0,0.0,0.0,4,0.0,3.747,0.0,0.0,0.0,0.0,0.0,0.0,0.0
93.257,apt_walk_2,PARKED,0.0,0.0,0.0,4,0.0,3.762,0.0,0.0,0.0,0.0,0.0,0.0,0.0
93.357,apt_walk_2,PARKED,0.0,0.0,0.0,4,0.0,3.762,0.0,0.0,0.0,0.0,0.0,0.0,0.0
93.457,apt_walk_2,PARKED,0.0,0.0,0.0,4,0.0,3.762,0.0,0.0,0.0,0.0,0.0,0.0,0.0
93.587,apt_walk_2,PARKED,0.0,0.0,0.0,4,0.0,3.765,0.0,0.0,0.0,0.0,0.0,0.0,0.0
93.657,apt_walk_2,PARKED,0.0,0.0,0.0,4,0.0,3.681,0.0,0.0,0.0,0.0,0.0,0.0,0.0
93.758,apt_walk_2,PARKED,0.0,0.0,0.0,4,0.0,3.772,0.0,0.0,0.0,0.0,0.0,0.0,0.0
93.857,apt_walk_2,PARKED,0.0,0.0,0.0,4,0.0,3.772,0.0,0.0,0.0,0.0,0.0,0.0,0.0
93.957,apt_walk_2,PARKED,0.0,0.0,0.0,4,0.0,3.772,0.0,0.0,0.0,0.0,0.0,0.0,0.0
94.057,apt_walk_2,PARKED,0.0,0.0,0.0,4,0.0,3.695,0.0,0.0,0.0,0.0,0.0,0.0,0.0
94.157,apt_walk_2,PARKED,0.0,0.0,0.0,4,0.0,3.695,0.0,0.0,0.0,0.0,0.0,0.0,0.0
94.305,apt_walk_2,PARKED,0.0,0.0,0.0,4,0.0,3.53,0.0,0.0,0.0,0.0,0.0,0.0,0.0
94.357,apt_walk_2,PARKED,0.0,0.0,0.0,4,0.0,3.53,0.0,0.0,0.0,0.0,0.0,0.0,0.0
94.496,apt_walk_2,PARKED,0.0,0.0,0.0,4,0.0,3.488,0.0,0.0,0.0,0.0,0.0,0.0,0.0
94.584,apt_walk_2,PARKED,0.0,0.0,0.0,4,0.0,3.164,0.0,0.0,0.0,0.0,0.0,0.0,0.0
94.658,apt_walk_2,PARKED,0.0,0.0,0.0,4,0.0,3.164,0.0,0.0,0.0,0.0,0.0,0.0,0.0
94.757,apt_walk_2,PARKED,0.0,0.0,0.0,4,0.0,3.164,0.0,0.0,0.0,0.0,0.0,0.0,0.0
94.857,apt_walk_2,PARKED,0.0,0.0,0.0,4,0.0,3.164,0.0,0.0,0.0,0.0,0.0,0.0,0.0
94.987,apt_walk_2,PARKED,0.0,0.0,0.0,4,0.0,3.059,0.0,0.0,0.0,0.0,0.0,0.0,0.0
95.057,apt_walk_2,PARKED,0.0,0.0,0.0,4,0.0,2.743,0.0,0.0,0.0,0.0,0.0,0.0,0.0
95.158,apt_walk_2,PARKED,0.0,0.0,0.0,4,0.0,2.743,0.0,0.0,0.0,0.0,0.0,0.0,0.0
95.257,apt_walk_2,PARKED,0.0,0.0,0.0,4,0.0,2.743,0.0,0.0,0.0,0.0,0.0,0.0,0.0
95.358,apt_walk_2,PARKED,0.0,0.0,0.0,4,0.0,2.388,0.0,0.0,0.0,0.0,0.0,0.0,0.0
95.496,apt_walk_2,PARKED,0.0,0.0,0.0,4,0.0,2.249,0.0,0.0,0.0,0.0,0.0,0.0,0.0
95.562,apt_walk_2,PARKED,0.0,0.0,0.0,4,0.0,2.139,0.0,0.0,0.0,0.0,0.0,0.0,0.0
95.657,apt_walk_2,PARKED,0.0,0.0,0.0,4,0.0,2.139,0.0,0.0,0.0,0.0,0.0,0.0,0.0
95.757,apt_walk_2,PARKED,0.0,0.0,0.0,4,0.0,2.139,0.0,0.0,0.0,0.0,0.0,0.0,0.0
95.857,apt_walk_2,PARKED,0.0,0.0,0.0,4,0.0,2.067,0.0,0.0,0.0,0.0,0.0,0.0,0.0
95.981,apt_walk_2,PARKED,0.0,0.0,0.0,4,0.0,1.806,0.0,0.0,0.0,0.0,0.0,0.0,0.0
96.057,apt_walk_2,PARKED,0.0,0.0,0.0,4,0.0,1.806,0.0,0.0,0.0,0.0,0.0,0.0,0.0
96.157,apt_walk_2,PARKED,0.0,0.0,0.0,4,0.0,1.806,0.0,0.0,0.0,0.0,0.0,0.0,0.0
96.257,apt_walk_2,PARKED,0.0,0.0,0.0,4,0.0,1.806,0.0,0.0,0.0,0.0,0.0,0.0,0.0
96.357,apt_walk_2,PARKED,0.0,0.0,0.0,4,0.0,1.806,0.0,0.0,0.0,0.0,0.0,0.0,0.0
96.457,apt_walk_2,PARKED,0.0,0.0,0.0,3,0.4586,1.628,0.0,0.0,0.0,0.0,0.0,0.0,0.0
96.572,apt_walk_2,PARKED,0.0,0.0,0.0,3,0.2406,1.576,0.0,0.0,0.0,0.0,0.0,0.0,0.0
96.657,apt_walk_2,PARKED,0.0,0.0,0.0,3,0.2406,1.576,0.0,0.0,0.0,0.0,0.0,0.0,0.0
96.806,apt_walk_2,PARKED,0.0,0.0,0.0,3,0.1451,1.558,0.0,0.0,0.0,0.0,0.0,0.0,0.0
96.857,apt_walk_2,PARKED,0.0,0.0,0.0,3,0.1451,1.558,0.0,0.0,0.0,0.0,0.0,0.0,0.0
96.984,apt_walk_2,PARKED,0.0,0.0,0.0,3,0.3589,1.522,0.0,0.0,0.0,0.0,0.0,0.0,0.0
97.058,apt_walk_2,PARKED,0.0,0.0,0.0,3,0.3589,1.522,0.0,0.0,0.0,0.0,0.0,0.0,0.0
97.159,apt_walk_2,PARKED,0.0,0.0,0.0,3,0.3589,1.522,0.0,0.0,0.0,0.0,0.0,0.0,0.0
97.29,apt_walk_2,PARKED,0.0,0.0,0.0,3,0.2434,1.528,0.0,0.0,0.0,0.0,0.0,0.0,0.0
97.357,apt_walk_2,PARKED,0.0,0.0,0.0,3,0.2434,1.528,0.0,0.0,0.0,0.0,0.0,0.0,0.0
97.457,apt_walk_2,PARKED,0.0,0.0,0.0,3,0.3544,1.639,0.0,0.0,0.0,0.0,0.0,0.0,0.0
97.557,apt_walk_2,PARKED,0.0,0.0,0.0,3,0.3544,1.639,0.0,0.0,0.0,0.0,0.0,0.0,0.0
97.657,apt_walk_2,PARKED,0.0,0.0,0.0,3,0.0,1.894,0.0,0.0,0.0,0.0,0.0,0.0,0.0
97.776,apt_walk_2,PARKED,0.0,0.0,0.0,3,0.0,2.032,0.0,0.0,0.0,0.0,0.0,0.0,0.0
97.857,apt_walk_2,PARKED,0.0,0.0,0.0,3,0.0,2.032,0.0,0.0,0.0,0.0,0.0,0.0,0.0
97.957,apt_walk_2,PARKED,0.0,0.0,0.0,3,0.0,2.032,0.0,0.0,0.0,0.0,0.0,0.0,0.0
98.088,apt_walk_2,PARKED,0.0,0.0,0.0,3,0.0,2.125,0.0,0.0,0.0,0.0,0.0,0.0,0.0
98.157,apt_walk_2,PARKED,0.0,0.0,0.0,3,0.0,2.283,0.0,0.0,0.0,0.0,0.0,0.0,0.0
98.257,apt_walk_2,PARKED,0.0,0.0,0.0,3,0.0,2.283,0.0,0.0,0.0,0.0,0.0,0.0,0.0
98.357,apt_walk_2,PARKED,0.0,0.0,0.0,3,0.0,2.283,0.0,0.0,0.0,0.0,0.0,0.0,0.0
98.476,apt_walk_2,PARKED,0.0,0.0,0.0,3,0.0,2.492,0.0,0.0,0.0,0.0,0.0,0.0,0.0
98.556,apt_walk_2,PARKED,0.0,0.0,0.0,3,0.0,2.773,0.0,0.0,0.0,0.0,0.0,0.0,0.0
98.66,apt_walk_2,PARKED,0.0,0.0,0.0,3,0.0,2.773,0.0,0.0,0.0,0.0,0.0,0.0,0.0
98.756,apt_walk_2,PARKED,0.0,0.0,0.0,3,0.0,2.773,0.0,0.0,0.0,0.0,0.0,0.0,0.0
98.883,apt_walk_2,PARKED,0.0,0.0,0.0,4,0.0,3.092,0.0,0.0,0.0,0.0,0.0,0.0,0.0
98.96,apt_walk_2,PARKED,0.0,0.0,0.0,4,0.0,3.092,0.0,0.0,0.0,0.0,0.0,0.0,0.0
99.057,apt_walk_2,PARKED,0.0,0.0,0.0,4,0.0,3.092,0.0,0.0,0.0,0.0,0.0,0.0,0.0
99.157,apt_walk_2,PARKED,0.0,0.0,0.0,4,0.0,3.23,0.0,0.0,0.0,0.0,0.0,0.0,0.0
99.27,apt_walk_2,PARKED,0.0,0.0,0.0,5,0.0,3.339,0.0,0.0,0.0,0.0,0.0,0.0,0.0
99.357,apt_walk_2,PARKED,0.0,0.0,0.0,5,0.0,3.339,0.0,0.0,0.0,0.0,0.0,0.0,0.0
99.457,apt_walk_2,PARKED,0.0,0.0,0.0,5,0.0,3.339,0.0,0.0,0.0,0.0,0.0,0.0,0.0
99.557,apt_walk_2,PARKED,0.0,0.0,0.0,5,0.0,3.339,0.0,0.0,0.0,0.0,0.0,0.0,0.0
99.657,apt_walk_2,PARKED,0.0,0.0,0.0,5,0.0,3.339,0.0,0.0,0.0,0.0,0.0,0.0,0.0
99.756,apt_walk_2,PARKED,0.0,0.0,0.0,5,0.0,3.339,0.0,0.0,0.0,0.0,0.0,0.0,0.0
99.892,apt_walk_2,PARKED,0.0,0.0,0.0,4,0.0,3.738,0.0,0.0,0.0,0.0,0.0,0.0,0.0
99.992,apt_walk_2,PARKED,0.0,0.0,0.0,4,0.0,3.738,0.0,0.0,0.0,0.0,0.0,0.0,0.0
100.057,apt_walk_2,PARKED,0.0,0.0,0.0,4,0.0,3.738,0.0,0.0,0.0,0.0,0.0,0.0,0.0
100.157,apt_walk_2,PARKED,0.0,0.0,0.0,4,0.0,3.738,0.0,0.0,0.0,0.0,0.0,0.0,0.0
100.264,apt_walk_2,PARKED,0.0,0.0,0.0,4,0.0,3.72,0.0,0.0,0.0,0.0,0.0,0.0,0.0
100.357,apt_walk_2,PARKED,0.0,0.0,0.0,4,0.0,3.719,0.0,0.0,0.0,0.0,0.0,0.0,0.0
100.457,apt_walk_2,PARKED,0.0,0.0,0.0,4,0.0,3.772,0.0,0.0,0.0,0.0,0.0,0.0,0.0
100.602,apt_walk_2,PARKED,0.0,0.0,0.0,4,0.0,3.772,0.0,0.0,0.0,0.0,0.0,0.0,0.0
100.657,apt_walk_2,PARKED,0.0,0.0,0.0,4,0.0,3.772,0.0,0.0,0.0,0.0,0.0,0.0,0.0
100.757,apt_walk_2,PARKED,0.0,0.0,0.0,3,0.0,3.714,0.0,0.0,0.0,0.0,0.0,0.0,0.0
100.89,apt_walk_2,PARKED,0.0,0.0,0.0,3,0.0,3.772,0.0,0.0,0.0,0.0,0.0,0.0,0.0
100.957,apt_walk_2,PARKED,0.0,0.0,0.0,3,0.0,3.772,0.0,0.0,0.0,0.0,0.0,0.0,0.0
101.091,apt_walk_2,PARKED,0.0,0.0,0.0,3,0.0,3.772,0.0,0.0,0.0,0.0,0.0,0.0,0.0
101.158,apt_walk_2,PARKED,0.0,0.0,0.0,3,0.0,3.772,0.0,0.0,0.0,0.0,0.0,0.0,0.0
101.281,apt_walk_2,PARKED,0.0,0.0,0.0,3,0.0,3.733,0.0,0.0,0.0,0.0,0.0,0.0,0.0
101.357,apt_walk_2,PARKED,0.0,0.0,0.0,3,0.0,3.733,0.0,0.0,0.0,0.0,0.0,0.0,0.0
101.457,apt_walk_2,PARKED,0.0,0.0,0.0,3,0.0,3.733,0.0,0.0,0.0,0.0,0.0,0.0,0.0
101.557,apt_walk_2,PARKED,0.0,0.0,0.0,3,0.0,3.733,0.0,0.0,0.0,0.0,0.0,0.0,0.0
101.686,apt_walk_2,PARKED,0.0,0.0,0.0,4,0.0,3.764,0.0,0.0,0.0,0.0,0.0,0.0,0.0
101.759,apt_walk_2,PARKED,0.0,0.0,0.0,4,0.0,3.782,0.0,0.0,0.0,0.0,0.0,0.0,0.0
101.857,apt_walk_2,PARKED,0.0,0.0,0.0,4,0.0,3.782,0.0,0.0,0.0,0.0,0.0,0.0,0.0
101.957,apt_walk_2,PARKED,0.0,0.0,0.0,3,0.0,3.793,0.0,0.0,0.0,0.0,0.0,0.0,0.0
102.097,apt_walk_2,PARKED,0.0,0.0,0.0,3,0.0,3.651,0.0,0.0,0.0,0.0,0.0,0.0,0.0
102.174,apt_walk_2,PARKED,0.0,0.0,0.0,3,0.0,3.491,0.0,0.0,0.0,0.0,0.0,0.0,0.0
102.302,apt_walk_2,PARKED,0.0,0.0,0.0,3,0.0,3.342,0.0,0.0,0.0,0.0,0.0,0.0,0.0
102.357,apt_walk_2,PARKED,0.0,0.0,0.0,3,0.0,3.342,0.0,0.0,0.0,0.0,0.0,0.0,0.0
102.457,apt_walk_2,PARKED,0.0,0.0,0.0,3,0.0,3.342,0.0,0.0,0.0,0.0,0.0,0.0,0.0
102.556,apt_walk_2,PARKED,0.0,0.0,0.0,3,0.0,3.342,0.0,0.0,0.0,0.0,0.0,0.0,0.0
102.656,apt_walk_2,PARKED,0.0,0.0,0.0,3,0.0,3.068,0.0,0.0,0.0,0.0,0.0,0.0,0.0
102.758,apt_walk_2,PARKED,0.0,0.0,0.0,3,0.0,3.068,0.0,0.0,0.0,0.0,0.0,0.0,0.0
102.862,apt_walk_2,PARKED,0.0,0.0,0.0,3,0.0,2.95,0.0,0.0,0.0,0.0,0.0,0.0,0.0
102.956,apt_walk_2,PARKED,0.0,0.0,0.0,3,0.0,2.95,0.0,0.0,0.0,0.0,0.0,0.0,0.0
103.068,apt_walk_2,PARKED,0.0,0.0,0.0,3,0.0,2.868,0.0,0.0,0.0,0.0,0.0,0.0,0.0
103.157,apt_walk_2,PARKED,0.0,0.0,0.0,3,0.0,2.582,0.0,0.0,0.0,0.0,0.0,0.0,0.0
103.293,apt_walk_2,PARKED,0.0,0.0,0.0,3,0.0,2.476,0.0,0.0,0.0,0.0,0.0,0.0,0.0
103.357,apt_walk_2,PARKED,0.0,0.0,0.0,3,0.0,2.476,0.0,0.0,0.0,0.0,0.0,0.0,0.0
103.471,apt_walk_2,PARKED,0.0,0.0,0.0,3,0.0,2.408,0.0,0.0,0.0,0.0,0.0,0.0,0.0
103.557,apt_walk_2,PARKED,0.0,0.0,0.0,3,0.0,2.408,0.0,0.0,0.0,0.0,0.0,0.0,0.0
103.657,apt_walk_2,PARKED,0.0,0.0,0.0,3,0.0,2.408,0.0,0.0,0.0,0.0,0.0,0.0,0.0
103.795,apt_walk_2,PARKED,0.0,0.0,0.0,3,0.0,2.111,0.0,0.0,0.0,0.0,0.0,0.0,0.0
103.857,apt_walk_2,PARKED,0.0,0.0,0.0,3,0.0,2.111,0.0,0.0,0.0,0.0,0.0,0.0,0.0
103.991,apt_walk_2,PARKED,0.0,0.0,0.0,3,0.0,1.854,0.0,0.0,0.0,0.0,0.0,0.0,0.0
104.085,apt_walk_2,PARKED,0.0,0.0,0.0,3,0.3118,1.756,0.0,0.0,0.0,0.0,0.0,0.0,0.0
104.158,apt_walk_2,PARKED,0.0,0.0,0.0,3,0.3118,1.756,0.0,0.0,0.0,0.0,0.0,0.0,0.0
104.257,apt_walk_2,PARKED,0.0,0.0,0.0,3,0.3118,1.756,0.0,0.0,0.0,0.0,0.0,0.0,0.0
104.383,apt_walk_2,PARKED,0.0,0.0,0.0,3,0.2899,1.641,0.0,0.0,0.0,0.0,0.0,0.0,0.0
104.457,apt_walk_2,PARKED,0.0,0.0,0.0,3,0.2899,1.641,0.0,0.0,0.0,0.0,0.0,0.0,0.0
104.557,apt_walk_2,PARKED,0.0,0.0,0.0,3,0.193,1.6,0.0,0.0,0.0,0.0,0.0,0.0,0.0
104.692,apt_walk_2,PARKED,0.0,0.0,0.0,3,0.3038,1.589,0.0,0.0,0.0,0.0,0.0,0.0,0.0
104.757,apt_walk_2,PARKED,0.0,0.0,0.0,3,0.3038,1.589,0.0,0.0,0.0,0.0,0.0,0.0,0.0
104.88,apt_walk_2,PARKED,0.0,0.0,0.0,3,0.3038,1.589,0.0,0.0,0.0,0.0,0.0,0.0,0.0
104.957,apt_walk_2,PARKED,0.0,0.0,0.0,3,0.3038,1.589,0.0,0.0,0.0,0.0,0.0,0.0,0.0
105.077,apt_walk_2,PARKED,0.0,0.0,0.0,3,0.3038,1.593,0.0,0.0,0.0,0.0,0.0,0.0,0.0
105.169,apt_walk_2,PARKED,0.0,0.0,0.0,3,0.3038,1.593,0.0,0.0,0.0,0.0,0.0,0.0,0.0
105.258,apt_walk_2,PARKED,0.0,0.0,0.0,3,0.3038,1.593,0.0,0.0,0.0,0.0,0.0,0.0,0.0
105.357,apt_walk_2,PARKED,0.0,0.0,0.0,3,0.5103,1.65,0.0,0.0,0.0,0.0,0.0,0.0,0.0
105.457,apt_walk_2,PARKED,0.0,0.0,0.0,3,0.7954,1.748,0.0,0.0,0.0,0.0,0.0,0.0,0.0
105.557,apt_walk_2,PARKED,0.0,0.0,0.0,3,0.195,1.962,0.0,0.0,0.0,0.0,0.0,0.0,0.0
105.656,apt_walk_2,PARKED,0.0,0.0,0.0,3,0.195,1.962,0.0,0.0,0.0,0.0,0.0,0.0,0.0
105.757,apt_walk_2,PARKED,0.0,0.0,0.0,3,0.195,1.962,0.0,0.0,0.0,0.0,0.0,0.0,0.0
105.882,apt_walk_2,PARKED,0.0,0.0,0.0,3,0.0,2.123,0.0,0.0,0.0,0.0,0.0,0.0,0.0
105.957,apt_walk_2,PARKED,0.0,0.0,0.0,3,0.0,2.254,0.0,0.0,0.0,0.0,0.0,0.0,0.0
106.057,apt_walk_2,PARKED,0.0,0.0,0.0,3,0.0,2.358,0.0,0.0,0.0,0.0,0.0,0.0,0.0
106.205,apt_walk_2,PARKED,0.0,0.0,0.0,3,0.0,2.534,0.0,0.0,0.0,0.0,0.0,0.0,0.0
106.257,apt_walk_2,PARKED,0.0,0.0,0.0,3,0.0,2.534,0.0,0.0,0.0,0.0,0.0,0.0,0.0
106.387,apt_walk_2,PARKED,0.0,0.0,0.0,3,0.0,2.612,0.0,0.0,0.0,0.0,0.0,0.0,0.0
106.457,apt_walk_2,PARKED,0.0,0.0,0.0,3,0.0,2.776,0.0,0.0,0.0,0.0,0.0,0.0,0.0
106.557,apt_walk_2,PARKED,0.0,0.0,0.0,3,0.0,2.784,0.0,0.0,0.0,0.0,0.0,0.0,0.0
106.656,apt_walk_2,PARKED,0.0,0.0,0.0,3,0.0,2.784,0.0,0.0,0.0,0.0,0.0,0.0,0.0
106.757,apt_walk_2,PARKED,0.0,0.0,0.0,3,0.0,2.784,0.0,0.0,0.0,0.0,0.0,0.0,0.0
106.88,apt_walk_2,PARKED,0.0,0.0,0.0,3,0.0,3.127,0.0,0.0,0.0,0.0,0.0,0.0,0.0
106.958,apt_walk_2,PARKED,0.0,0.0,0.0,3,0.0,3.291,0.0,0.0,0.0,0.0,0.0,0.0,0.0
107.089,apt_walk_2,PARKED,0.0,0.0,0.0,3,0.0,3.291,0.0,0.0,0.0,0.0,0.0,0.0,0.0
107.158,apt_walk_2,PARKED,0.0,0.0,0.0,3,0.0,3.291,0.0,0.0,0.0,0.0,0.0,0.0,0.0
107.257,apt_walk_2,PARKED,0.0,0.0,0.0,3,0.0,3.388,0.0,0.0,0.0,0.0,0.0,0.0,0.0
107.377,apt_walk_2,PARKED,0.0,0.0,0.0,3,0.0,3.764,0.0,0.0,0.0,0.0,0.0,0.0,0.0
107.457,apt_walk_2,PARKED,0.0,0.0,0.0,3,0.0,3.754,0.0,0.0,0.0,0.0,0.0,0.0,0.0
107.558,apt_walk_2,PARKED,0.0,0.0,0.0,3,0.0,3.754,0.0,0.0,0.0,0.0,0.0,0.0,0.0
107.683,apt_walk_2,PARKED,0.0,0.0,0.0,3,0.0,3.751,0.0,0.0,0.0,0.0,0.0,0.0,0.0
107.757,apt_walk_2,PARKED,0.0,0.0,0.0,3,0.0,3.751,0.0,0.0,0.0,0.0,0.0,0.0,0.0
107.857,apt_walk_2,PARKED,0.0,0.0,0.0,4,0.0,3.715,0.0,0.0,0.0,0.0,0.0,0.0,0.0
107.957,apt_walk_2,PARKED,0.0,0.0,0.0,4,0.0,3.682,0.0,0.0,0.0,0.0,0.0,0.0,0.0
108.057,apt_walk_2,PARKED,0.0,0.0,0.0,4,0.0,3.682,0.0,0.0,0.0,0.0,0.0,0.0,0.0
108.192,apt_walk_2,PARKED,0.0,0.0,0.0,3,0.0,3.754,0.0,0.0,0.0,0.0,0.0,0.0,0.0
108.271,apt_walk_2,PARKED,0.0,0.0,0.0,3,0.0,3.754,0.0,0.0,0.0,0.0,0.0,0.0,0.0
108.357,apt_walk_2,PARKED,0.0,0.0,0.0,3,0.0,3.764,0.0,0.0,0.0,0.0,0.0,0.0,0.0
108.484,apt_walk_2,PARKED,0.0,0.0,0.0,3,0.0,3.702,0.0,0.0,0.0,0.0,0.0,0.0,0.0
108.599,apt_walk_2,PARKED,0.0,0.0,0.0,3,0.0,3.702,0.0,0.0,0.0,0.0,0.0,0.0,0.0
108.671,apt_walk_2,PARKED,0.0,0.0,0.0,4,0.0,3.736,0.0,0.0,0.0,0.0,0.0,0.0,0.0
108.757,apt_walk_2,PARKED,0.0,0.0,0.0,4,0.0,3.736,0.0,0.0,0.0,0.0,0.0,0.0,0.0
108.856,apt_walk_2,PARKED,0.0,0.0,0.0,4,0.0,3.736,0.0,0.0,0.0,0.0,0.0,0.0,0.0
108.957,apt_walk_2,PARKED,0.0,0.0,0.0,4,0.0,3.736,0.0,0.0,0.0,0.0,0.0,0.0,0.0
109.082,apt_walk_2,PARKED,0.0,0.0,0.0,4,0.0,3.759,0.0,0.0,0.0,0.0,0.0,0.0,0.0
109.157,apt_walk_2,PARKED,0.0,0.0,0.0,4,0.0,3.66,0.0,0.0,0.0,0.0,0.0,0.0,0.0
109.257,apt_walk_2,PARKED,0.0,0.0,0.0,4,0.0,3.664,0.0,0.0,0.0,0.0,0.0,0.0,0.0
109.357,apt_walk_2,PARKED,0.0,0.0,0.0,4,0.0,3.664,0.0,0.0,0.0,0.0,0.0,0.0,0.0
109.457,apt_walk_2,PARKED,0.0,0.0,0.0,4,0.0,3.664,0.0,0.0,0.0,0.0,0.0,0.0,0.0
109.557,apt_walk_2,PARKED,0.0,0.0,0.0,4,0.0,3.679,0.0,0.0,0.0,0.0,0.0,0.0,0.0
109.68,apt_walk_2,PARKED,0.0,0.0,0.0,4,0.0,3.758,0.0,0.0,0.0,0.0,0.0,0.0,0.0
109.756,apt_walk_2,PARKED,0.0,0.0,0.0,4,0.0,3.758,0.0,0.0,0.0,0.0,0.0,0.0,0.0
109.857,apt_walk_2,PARKED,0.0,0.0,0.0,4,0.0,3.758,0.0,0.0,0.0,0.0,0.0,0.0,0.0
109.957,apt_walk_2,PARKED,0.0,0.0,0.0,4,0.0,3.758,0.0,0.0,0.0,0.0,0.0,0.0,0.0
110.057,apt_walk_2,PARKED,0.0,0.0,0.0,4,0.0,3.758,0.0,0.0,0.0,0.0,0.0,0.0,0.0
110.157,apt_walk_2,PARKED,0.0,0.0,0.0,4,0.0,3.758,0.0,0.0,0.0,0.0,0.0,0.0,0.0
110.287,apt_walk_2,PARKED,0.0,0.0,0.0,4,0.0,3.525,0.0,0.0,0.0,0.0,0.0,0.0,0.0
110.357,apt_walk_2,PARKED,0.0,0.0,0.0,4,0.0,3.525,0.0,0.0,0.0,0.0,0.0,0.0,0.0
110.458,apt_walk_2,PARKED,0.0,0.0,0.0,4,0.0,3.404,0.0,0.0,0.0,0.0,0.0,0.0,0.0
110.572,apt_walk_2,PARKED,0.0,0.0,0.0,4,0.0,3.182,0.0,0.0,0.0,0.0,0.0,0.0,0.0
110.706,apt_walk_2,PARKED,0.0,0.0,0.0,4,0.0,2.966,0.0,0.0,0.0,0.0,0.0,0.0,0.0
110.767,apt_walk_2,PARKED,0.0,0.0,0.0,4,0.0,2.862,0.0,0.0,0.0,0.0,0.0,0.0,0.0
110.857,apt_walk_2,PARKED,0.0,0.0,0.0,4,0.0,2.862,0.0,0.0,0.0,0.0,0.0,0.0,0.0
110.991,apt_walk_2,PARKED,0.0,0.0,0.0,3,0.0,2.798,0.0,0.0,0.0,0.0,0.0,0.0,0.0
111.057,apt_walk_2,PARKED,0.0,0.0,0.0,3,0.0,2.798,0.0,0.0,0.0,0.0,0.0,0.0,0.0
111.19,apt_walk_2,PARKED,0.0,0.0,0.0,3,0.0,2.478,0.0,0.0,0.0,0.0,0.0,0.0,0.0
111.257,apt_walk_2,PARKED,0.0,0.0,0.0,3,0.0,2.478,0.0,0.0,0.0,0.0,0.0,0.0,0.0
111.357,apt_walk_2,PARKED,0.0,0.0,0.0,3,0.0,2.478,0.0,0.0,0.0,0.0,0.0,0.0,0.0
111.467,apt_walk_2,PARKED,0.0,0.0,0.0,3,0.0,2.291,0.0,0.0,0.0,0.0,0.0,0.0,0.0
111.589,apt_walk_2,PARKED,0.0,0.0,0.0,3,0.0,2.055,0.0,0.0,0.0,0.0,0.0,0.0,0.0
111.658,apt_walk_2,PARKED,0.0,0.0,0.0,3,0.0,2.055,0.0,0.0,0.0,0.0,0.0,0.0,0.0
111.757,apt_walk_2,PARKED,0.0,0.0,0.0,3,0.0,2.055,0.0,0.0,0.0,0.0,0.0,0.0,0.0
111.879,apt_walk_2,PARKED,0.0,0.0,0.0,3,0.0,1.969,0.0,0.0,0.0,0.0,0.0,0.0,0.0
112.007,apt_walk_2,PARKED,0.0,0.0,0.0,3,0.3057,1.756,0.0,0.0,0.0,0.0,0.0,0.0,0.0
112.057,apt_walk_2,PARKED,0.0,0.0,0.0,3,0.3057,1.756,0.0,0.0,0.0,0.0,0.0,0.0,0.0
112.157,apt_walk_2,PARKED,0.0,0.0,0.0,3,0.3057,1.756,0.0,0.0,0.0,0.0,0.0,0.0,0.0
112.257,apt_walk_2,PARKED,0.0,0.0,0.0,3,0.564,1.684,0.0,0.0,0.0,0.0,0.0,0.0,0.0
112.357,apt_walk_2,PARKED,0.0,0.0,0.0,3,0.564,1.684,0.0,0.0,0.0,0.0,0.0,0.0,0.0
112.482,apt_walk_2,PARKED,0.0,0.0,0.0,3,0.3473,1.537,0.0,0.0,0.0,0.0,0.0,0.0,0.0
112.557,apt_walk_2,PARKED,0.0,0.0,0.0,3,0.3473,1.537,0.0,0.0,0.0,0.0,0.0,0.0,0.0
112.702,apt_walk_2,PARKED,0.0,0.0,0.0,3,0.0893,1.507,0.0,0.0,0.0,0.0,0.0,0.0,0.0
112.757,apt_walk_2,PARKED,0.0,0.0,0.0,3,0.0893,1.507,0.0,0.0,0.0,0.0,0.0,0.0,0.0
112.857,apt_walk_2,PARKED,0.0,0.0,0.0,3,0.0792,1.496,0.0,0.0,0.0,0.0,0.0,0.0,0.0
112.971,apt_walk_2,PARKED,0.0,0.0,0.0,3,0.281,1.516,0.0,0.0,0.0,0.0,0.0,0.0,0.0
113.057,apt_walk_2,PARKED,0.0,0.0,0.0,3,0.281,1.516,0.0,0.0,0.0,0.0,0.0,0.0,0.0
113.173,apt_walk_2,PARKED,0.0,0.0,0.0,3,0.281,1.516,0.0,0.0,0.0,0.0,0.0,0.0,0.0
113.257,apt_walk_2,PARKED,0.0,0.0,0.0,3,0.281,1.516,0.0,0.0,0.0,0.0,0.0,0.0,0.0
113.357,apt_walk_2,PARKED,0.0,0.0,0.0,3,0.281,1.516,0.0,0.0,0.0,0.0,0.0,0.0,0.0
113.457,apt_walk_2,PARKED,0.0,0.0,0.0,3,0.281,1.516,0.0,0.0,0.0,0.0,0.0,0.0,0.0
113.557,apt_walk_2,PARKED,0.0,0.0,0.0,3,0.281,1.516,0.0,0.0,0.0,0.0,0.0,0.0,0.0
113.657,apt_walk_2,PARKED,0.0,0.0,0.0,3,0.281,1.516,0.0,0.0,0.0,0.0,0.0,0.0,0.0
113.787,apt_walk_2,PARKED,0.0,0.0,0.0,3,0.303,2.031,0.0,0.0,0.0,0.0,0.0,0.0,0.0
113.864,apt_walk_2,PARKED,0.0,0.0,0.0,3,0.303,2.031,0.0,0.0,0.0,0.0,0.0,0.0,0.0
113.957,apt_walk_2,PARKED,0.0,0.0,0.0,3,0.003,2.167,0.0,0.0,0.0,0.0,0.0,0.0,0.0
114.104,apt_walk_2,PARKED,0.0,0.0,0.0,3,0.0,2.248,0.0,0.0,0.0,0.0,0.0,0.0,0.0
114.158,apt_walk_2,PARKED,0.0,0.0,0.0,3,0.0,2.248,0.0,0.0,0.0,0.0,0.0,0.0,0.0
114.26,apt_walk_2,PARKED,0.0,0.0,0.0,3,0.0,2.248,0.0,0.0,0.0,0.0,0.0,0.0,0.0
114.357,apt_walk_2,PARKED,0.0,0.0,0.0,3,0.0,2.248,0.0,0.0,0.0,0.0,0.0,0.0,0.0
114.457,apt_walk_2,PARKED,0.0,0.0,0.0,3,0.0,2.248,0.0,0.0,0.0,0.0,0.0,0.0,0.0
114.557,apt_walk_2,PARKED,0.0,0.0,0.0,3,0.0,2.71,0.0,0.0,0.0,0.0,0.0,0.0,0.0
114.669,apt_walk_2,PARKED,0.0,0.0,0.0,3,0.0,2.815,0.0,0.0,0.0,0.0,0.0,0.0,0.0
114.806,apt_walk_2,PARKED,0.0,0.0,0.0,4,0.0,2.901,0.0,0.0,0.0,0.0,0.0,0.0,0.0
114.857,apt_walk_2,PARKED,0.0,0.0,0.0,4,0.0,2.901,0.0,0.0,0.0,0.0,0.0,0.0,0.0
114.966,apt_walk_2,PARKED,0.0,0.0,0.0,3,0.0,3.093,0.0,0.0,0.0,0.0,0.0,0.0,0.0
115.072,apt_walk_2,PARKED,0.0,0.0,0.0,3,0.0,3.093,0.0,0.0,0.0,0.0,0.0,0.0,0.0
115.181,apt_walk_2,PARKED,0.0,0.0,0.0,3,0.0,3.125,0.0,0.0,0.0,0.0,0.0,0.0,0.0
115.258,apt_walk_2,PARKED,0.0,0.0,0.0,3,0.0,3.631,0.0,0.0,0.0,0.0,0.0,0.0,0.0
115.378,apt_walk_2,PARKED,0.0,0.0,0.0,3,0.0,3.631,0.0,0.0,0.0,0.0,0.0,0.0,0.0
115.457,apt_walk_2,PARKED,0.0,0.0,0.0,3,0.0,3.631,0.0,0.0,0.0,0.0,0.0,0.0,0.0
115.585,apt_walk_2,PARKED,0.0,0.0,0.0,3,0.0,3.719,0.0,0.0,0.0,0.0,0.0,0.0,0.0
115.657,apt_walk_2,PARKED,0.0,0.0,0.0,3,0.0,3.752,0.0,0.0,0.0,0.0,0.0,0.0,0.0
115.757,apt_walk_2,PARKED,0.0,0.0,0.0,3,0.0,3.752,0.0,0.0,0.0,0.0,0.0,0.0,0.0
115.858,apt_walk_2,PARKED,0.0,0.0,0.0,4,0.0,3.761,0.0,0.0,0.0,0.0,0.0,0.0,0.0
115.956,apt_walk_2,PARKED,0.0,0.0,0.0,4,0.0,3.783,0.0,0.0,0.0,0.0,0.0,0.0,0.0
116.087,apt_walk_2,PARKED,0.0,0.0,0.0,4,0.0,3.752,0.0,0.0,0.0,0.0,0.0,0.0,0.0
116.157,apt_walk_2,PARKED,0.0,0.0,0.0,4,0.0,3.7,0.0,0.0,0.0,0.0,0.0,0.0,0.0
116.257,apt_walk_2,PARKED,0.0,0.0,0.0,4,0.0,3.7,0.0,0.0,0.0,0.0,0.0,0.0,0.0
116.392,apt_walk_2,PARKED,0.0,0.0,0.0,4,0.0,3.7,0.0,0.0,0.0,0.0,0.0,0.0,0.0
116.457,apt_walk_2,PARKED,0.0,0.0,0.0,4,0.0,3.7,0.0,0.0,0.0,0.0,0.0,0.0,0.0
116.557,apt_walk_2,PARKED,0.0,0.0,0.0,4,0.0,3.7,0.0,0.0,0.0,0.0,0.0,0.0,0.0
116.68,apt_walk_2,PARKED,0.0,0.0,0.0,4,0.0,3.704,0.0,0.0,0.0,0.0,0.0,0.0,0.0
116.757,apt_walk_2,PARKED,0.0,0.0,0.0,4,0.0,3.671,0.0,0.0,0.0,0.0,0.0,0.0,0.0
116.857,apt_walk_2,PARKED,0.0,0.0,0.0,4,0.0,3.671,0.0,0.0,0.0,0.0,0.0,0.0,0.0
116.957,apt_walk_2,PARKED,0.0,0.0,0.0,4,0.0,3.671,0.0,0.0,0.0,0.0,0.0,0.0,0.0
117.057,apt_walk_2,PARKED,0.0,0.0,0.0,4,0.0,3.697,0.0,0.0,0.0,0.0,0.0,0.0,0.0
117.191,apt_walk_2,PARKED,0.0,0.0,0.0,4,0.0,3.717,0.0,0.0,0.0,0.0,0.0,0.0,0.0
117.257,apt_walk_2,PARKED,0.0,0.0,0.0,4,0.0,3.717,0.0,0.0,0.0,0.0,0.0,0.0,0.0
117.358,apt_walk_2,PARKED,0.0,0.0,0.0,4,0.0,3.646,0.0,0.0,0.0,0.0,0.0,0.0,0.0
117.457,apt_walk_2,PARKED,0.0,0.0,0.0,4,0.0,3.646,0.0,0.0,0.0,0.0,0.0,0.0,0.0
117.586,apt_walk_2,PARKED,0.0,0.0,0.0,4,0.0,3.694,0.0,0.0,0.0,0.0,0.0,0.0,0.0
117.657,apt_walk_2,PARKED,0.0,0.0,0.0,4,0.0,3.694,0.0,0.0,0.0,0.0,0.0,0.0,0.0
117.757,apt_walk_2,PARKED,0.0,0.0,0.0,4,0.0,3.694,0.0,0.0,0.0,0.0,0.0,0.0,0.0
117.857,apt_walk_2,PARKED,0.0,0.0,0.0,4,0.0,3.694,0.0,0.0,0.0,0.0,0.0,0.0,0.0
117.957,apt_walk_2,PARKED,0.0,0.0,0.0,4,0.0,3.694,0.0,0.0,0.0,0.0,0.0,0.0,0.0
118.083,apt_walk_2,PARKED,0.0,0.0,0.0,4,0.0,3.528,0.0,0.0,0.0,0.0,0.0,0.0,0.0
118.157,apt_walk_2,PARKED,0.0,0.0,0.0,4,0.0,3.528,0.0,0.0,0.0,0.0,0.0,0.0,0.0
118.257,apt_walk_2,PARKED,0.0,0.0,0.0,4,0.0,3.528,0.0,0.0,0.0,0.0,0.0,0.0,0.0
118.388,apt_walk_2,PARKED,0.0,0.0,0.0,3,0.0,3.414,0.0,0.0,0.0,0.0,0.0,0.0,0.0
118.457,apt_walk_2,PARKED,0.0,0.0,0.0,3,0.0,3.198,0.0,0.0,0.0,0.0,0.0,0.0,0.0
118.571,apt_walk_2,PARKED,0.0,0.0,0.0,3,0.0,3.11,0.0,0.0,0.0,0.0,0.0,0.0,0.0
118.686,apt_walk_2,PARKED,0.0,0.0,0.0,3,0.0,3.031,0.0,0.0,0.0,0.0,0.0,0.0,0.0
118.757,apt_walk_2,PARKED,0.0,0.0,0.0,3,0.0,3.031,0.0,0.0,0.0,0.0,0.0,0.0,0.0
118.857,apt_walk_2,PARKED,0.0,0.0,0.0,3,0.0,3.031,0.0,0.0,0.0,0.0,0.0,0.0,0.0
118.964,apt_walk_2,PARKED,0.0,0.0,0.0,3,0.0,2.726,0.0,0.0,0.0,0.0,0.0,0.0,0.0
119.057,apt_walk_2,PARKED,0.0,0.0,0.0,3,0.0,2.567,0.0,0.0,0.0,0.0,0.0,0.0,0.0
119.157,apt_walk_2,PARKED,0.0,0.0,0.0,3,0.0,2.567,0.0,0.0,0.0,0.0,0.0,0.0,0.0
119.257,apt_walk_2,PARKED,0.0,0.0,0.0,3,0.0,2.567,0.0,0.0,0.0,0.0,0.0,0.0,0.0
119.386,apt_walk_2,PARKED,0.0,0.0,0.0,3,0.0,2.45,0.0,0.0,0.0,0.0,0.0,0.0,0.0
119.504,apt_walk_2,PARKED,0.0,0.0,0.0,3,0.0,2.212,0.0,0.0,0.0,0.0,0.0,0.0,0.0
119.558,apt_walk_2,PARKED,0.0,0.0,0.0,3,0.0,2.212,0.0,0.0,0.0,0.0,0.0,0.0,0.0
119.658,apt_walk_2,PARKED,0.0,0.0,0.0,3,0.0,2.212,0.0,0.0,0.0,0.0,0.0,0.0,0.0
119.757,apt_walk_2,PARKED,0.0,0.0,0.0,3,0.0,2.058,0.0,0.0,0.0,0.0,0.0,0.0,0.0
119.857,apt_walk_2,PARKED,0.0,0.0,0.0,3,0.0,2.058,0.0,0.0,0.0,0.0,0.0,0.0,0.0
119.957,apt_walk_2,PARKED,0.0,0.0,0.0,3,0.0,2.058,0.0,0.0,0.0,0.0,0.0,0.0,0.0
120.057,apt_walk_2,PARKED,0.0,0.0,0.0,3,0.0,2.058,0.0,0.0,0.0,0.0,0.0,0.0,0.0
120.157,apt_walk_2,PARKED,0.0,0.0,0.0,3,0.3007,1.754,0.0,0.0,0.0,0.0,0.0,0.0,0.0
120.272,apt_walk_2,PARKED,0.0,0.0,0.0,3,0.6419,1.615,0.0,0.0,0.0,0.0,0.0,0.0,0.0
120.358,apt_walk_2,PARKED,0.0,0.0,0.0,3,0.6419,1.615,0.0,0.0,0.0,0.0,0.0,0.0,0.0
120.499,apt_walk_2,PARKED,0.0,0.0,0.0,3,0.6481,1.449,0.0,0.0,0.0,0.0,0.0,0.0,0.0
120.57,apt_walk_2,PARKED,0.0,0.0,0.0,3,0.6481,1.449,0.0,0.0,0.0,0.0,0.0,0.0,0.0
120.703,apt_walk_2,PARKED,0.0,0.0,0.0,3,0.305,1.419,0.0,0.0,0.0,0.0,0.0,0.0,0.0
120.758,apt_walk_2,PARKED,0.0,0.0,0.0,3,0.305,1.419,0.0,0.0,0.0,0.0,0.0,0.0,0.0
120.857,apt_walk_2,PARKED,0.0,0.0,0.0,3,0.305,1.419,0.0,0.0,0.0,0.0,0.0,0.0,0.0
120.958,apt_walk_2,PARKED,0.0,0.0,0.0,3,0.0,1.405,0.0,0.0,0.0,0.0,0.0,0.0,0.0
121.057,apt_walk_2,PARKED,0.0,0.0,0.0,3,0.0,1.405,0.0,0.0,0.0,0.0,0.0,0.0,0.0
121.157,apt_walk_2,PARKED,0.0,0.0,0.0,3,0.0,1.405,0.0,0.0,0.0,0.0,0.0,0.0,0.0
121.257,apt_walk_2,PARKED,0.0,0.0,0.0,3,0.0,1.405,0.0,0.0,0.0,0.0,0.0,0.0,0.0
121.402,apt_walk_2,PARKED,0.0,0.0,0.0,3,0.5397,1.496,0.0,0.0,0.0,0.0,0.0,0.0,0.0
121.495,apt_walk_2,PARKED,0.0,0.0,0.0,3,0.5791,1.686,0.0,0.0,0.0,0.0,0.0,0.0,0.0
121.558,apt_walk_2,PARKED,0.0,0.0,0.0,3,0.5791,1.686,0.0,0.0,0.0,0.0,0.0,0.0,0.0
121.656,apt_walk_2,PARKED,0.0,0.0,0.0,3,0.5791,1.686,0.0,0.0,0.0,0.0,0.0,0.0,0.0
121.757,apt_walk_2,PARKED,0.0,0.0,0.0,3,0.5791,1.686,0.0,0.0,0.0,0.0,0.0,0.0,0.0
121.869,apt_walk_2,PARKED,0.0,0.0,0.0,3,0.217,1.818,0.0,0.0,0.0,0.0,0.0,0.0,0.0
121.956,apt_walk_2,PARKED,0.0,0.0,0.0,3,0.0,2.068,0.0,0.0,0.0,0.0,0.0,0.0,0.0
122.09,apt_walk_2,PARKED,0.0,0.0,0.0,3,0.0,2.068,0.0,0.0,0.0,0.0,0.0,0.0,0.0
122.159,apt_walk_2,PARKED,0.0,0.0,0.0,3,0.0,2.068,0.0,0.0,0.0,0.0,0.0,0.0,0.0
122.257,apt_walk_2,PARKED,0.0,0.0,0.0,3,0.0,2.068,0.0,0.0,0.0,0.0,0.0,0.0,0.0
122.402,apt_walk_2,PARKED,0.0,0.0,0.0,3,0.0,2.389,0.0,0.0,0.0,0.0,0.0,0.0,0.0
122.457,apt_walk_2,PARKED,0.0,0.0,0.0,3,0.0,2.389,0.0,0.0,0.0,0.0,0.0,0.0,0.0
122.557,apt_walk_2,PARKED,0.0,0.0,0.0,3,0.0,2.389,0.0,0.0,0.0,0.0,0.0,0.0,0.0
122.657,apt_walk_2,PARKED,0.0,0.0,0.0,3,0.0,2.389,0.0,0.0,0.0,0.0,0.0,0.0,0.0
122.8,apt_walk_2,PARKED,0.0,0.0,0.0,3,0.0,2.568,0.0,0.0,0.0,0.0,0.0,0.0,0.0
122.861,apt_walk_2,PARKED,0.0,0.0,0.0,3,0.0,2.864,0.0,0.0,0.0,0.0,0.0,0.0,0.0
123.005,apt_walk_2,PARKED,0.0,0.0,0.0,3,0.0,2.864,0.0,0.0,0.0,0.0,0.0,0.0,0.0
123.059,apt_walk_2,PARKED,0.0,0.0,0.0,3,0.0,2.864,0.0,0.0,0.0,0.0,0.0,0.0,0.0
123.204,apt_walk_2,PARKED,0.0,0.0,0.0,4,0.0,3.138,0.0,0.0,0.0,0.0,0.0,0.0,0.0
123.258,apt_walk_2,PARKED,0.0,0.0,0.0,4,0.0,3.138,0.0,0.0,0.0,0.0,0.0,0.0,0.0
123.357,apt_walk_2,PARKED,0.0,0.0,0.0,4,0.0,3.138,0.0,0.0,0.0,0.0,0.0,0.0,0.0
123.457,apt_walk_2,PARKED,0.0,0.0,0.0,4,0.0,3.138,0.0,0.0,0.0,0.0,0.0,0.0,0.0
123.603,apt_walk_2,PARKED,0.0,0.0,0.0,3,0.0,3.593,0.0,0.0,0.0,0.0,0.0,0.0,0.0
123.693,apt_walk_2,PARKED,0.0,0.0,0.0,3,0.0,3.593,0.0,0.0,0.0,0.0,0.0,0.0,0.0
123.758,apt_walk_2,PARKED,0.0,0.0,0.0,3,0.0,3.699,0.0,0.0,0.0,0.0,0.0,0.0,0.0
123.905,apt_walk_2,PARKED,0.0,0.0,0.0,3,0.0,3.738,0.0,0.0,0.0,0.0,0.0,0.0,0.0
123.959,apt_walk_2,PARKED,0.0,0.0,0.0,3,0.0,3.738,0.0,0.0,0.0,0.0,0.0,0.0,0.0
124.106,apt_walk_2,PARKED,0.0,0.0,0.0,4,0.0,3.743,0.0,0.0,0.0,0.0,0.0,0.0,0.0
124.157,apt_walk_2,PARKED,0.0,0.0,0.0,4,0.0,3.743,0.0,0.0,0.0,0.0,0.0,0.0,0.0
124.257,apt_walk_2,PARKED,0.0,0.0,0.0,4,0.0,3.743,0.0,0.0,0.0,0.0,0.0,0.0,0.0
124.371,apt_walk_2,PARKED,0.0,0.0,0.0,5,0.0,3.737,0.0,0.0,0.0,0.0,0.0,0.0,0.0
124.456,apt_walk_2,PARKED,0.0,0.0,0.0,5,0.0,3.737,0.0,0.0,0.0,0.0,0.0,0.0,0.0
124.558,apt_walk_2,PARKED,0.0,0.0,0.0,3,0.0,3.7,0.0,0.0,0.0,0.0,0.0,0.0,0.0
124.657,apt_walk_2,PARKED,0.0,0.0,0.0,3,0.0,3.7,0.0,0.0,0.0,0.0,0.0,0.0,0.0
124.757,apt_walk_2,PARKED,0.0,0.0,0.0,3,0.0,3.7,0.0,0.0,0.0,0.0,0.0,0.0,0.0
124.857,apt_walk_2,PARKED,0.0,0.0,0.0,3,0.0,3.7,0.0,0.0,0.0,0.0,0.0,0.0,0.0
124.961,apt_walk_2,PARKED,0.0,0.0,0.0,3,0.0,3.788,0.0,0.0,0.0,0.0,0.0,0.0,0.0
125.092,apt_walk_2,PARKED,0.0,0.0,0.0,3,0.0,3.707,0.0,0.0,0.0,0.0,0.0,0.0,0.0
125.157,apt_walk_2,PARKED,0.0,0.0,0.0,3,0.0,3.707,0.0,0.0,0.0,0.0,0.0,0.0,0.0
125.258,apt_walk_2,PARKED,0.0,0.0,0.0,3,0.0,3.707,0.0,0.0,0.0,0.0,0.0,0.0,0.0
125.357,apt_walk_2,PARKED,0.0,0.0,0.0,3,0.0,3.707,0.0,0.0,0.0,0.0,0.0,0.0,0.0
125.457,apt_walk_2,PARKED,0.0,0.0,0.0,3,0.0,3.801,0.0,0.0,0.0,0.0,0.0,0.0,0.0
125.557,apt_walk_2,PARKED,0.0,0.0,0.0,3,0.0,3.801,0.0,0.0,0.0,0.0,0.0,0.0,0.0
125.657,apt_walk_2,PARKED,0.0,0.0,0.0,3,0.0,3.704,0.0,0.0,0.0,0.0,0.0,0.0,0.0
125.757,apt_walk_2,PARKED,0.0,0.0,0.0,3,0.0,3.706,0.0,0.0,0.0,0.0,0.0,0.0,0.0
125.89,apt_walk_2,PARKED,0.0,0.0,0.0,3,0.0,3.694,0.0,0.0,0.0,0.0,0.0,0.0,0.0
125.998,apt_walk_2,PARKED,0.0,0.0,0.0,3,0.0,3.735,0.0,0.0,0.0,0.0,0.0,0.0,0.0
126.076,apt_walk_2,PARKED,0.0,0.0,0.0,3,0.0,3.688,0.0,0.0,0.0,0.0,0.0,0.0,0.0
126.201,apt_walk_2,PARKED,0.0,0.0,0.0,3,0.0,3.64,0.0,0.0,0.0,0.0,0.0,0.0,0.0
126.257,apt_walk_2,PARKED,0.0,0.0,0.0,3,0.0,3.64,0.0,0.0,0.0,0.0,0.0,0.0,0.0
126.358,apt_walk_2,PARKED,0.0,0.0,0.0,3,0.0,3.502,0.0,0.0,0.0,0.0,0.0,0.0,0.0
126.474,apt_walk_2,PARKED,0.0,0.0,0.0,3,0.0,3.308,0.0,0.0,0.0,0.0,0.0,0.0,0.0
126.557,apt_walk_2,PARKED,0.0,0.0,0.0,3,0.0,3.308,0.0,0.0,0.0,0.0,0.0,0.0,0.0
126.657,apt_walk_2,PARKED,0.0,0.0,0.0,4,0.0,3.128,0.0,0.0,0.0,0.0,0.0,0.0,0.0
126.758,apt_walk_2,PARKED,0.0,0.0,0.0,4,0.0,3.128,0.0,0.0,0.0,0.0,0.0,0.0,0.0
126.857,apt_walk_2,PARKED,0.0,0.0,0.0,4,0.0,3.128,0.0,0.0,0.0,0.0,0.0,0.0,0.0
126.961,apt_walk_2,PARKED,0.0,0.0,0.0,4,0.0,3.088,0.0,0.0,0.0,0.0,0.0,0.0,0.0
127.092,apt_walk_2,PARKED,0.0,0.0,0.0,4,0.0,2.703,0.0,0.0,0.0,0.0,0.0,0.0,0.0
127.157,apt_walk_2,PARKED,0.0,0.0,0.0,4,0.0,2.703,0.0,0.0,0.0,0.0,0.0,0.0,0.0
127.257,apt_walk_2,PARKED,0.0,0.0,0.0,4,0.0,2.552,0.0,0.0,0.0,0.0,0.0,0.0,0.0
127.368,apt_walk_2,PARKED,0.0,0.0,0.0,4,0.0,2.484,0.0,0.0,0.0,0.0,0.0,0.0,0.0
127.457,apt_walk_2,PARKED,0.0,0.0,0.0,3,0.0,2.415,0.0,0.0,0.0,0.0,0.0,0.0,0.0
127.557,apt_walk_2,PARKED,0.0,0.0,0.0,3,0.0,2.263,0.0,0.0,0.0,0.0,0.0,0.0,0.0
127.657,apt_walk_2,PARKED,0.0,0.0,0.0,3,0.0,2.263,0.0,0.0,0.0,0.0,0.0,0.0,0.0
127.757,apt_walk_2,PARKED,0.0,0.0,0.0,3,0.0,2.263,0.0,0.0,0.0,0.0,0.0,0.0,0.0
127.857,apt_walk_2,PARKED,0.0,0.0,0.0,3,0.0,2.263,0.0,0.0,0.0,0.0,0.0,0.0,0.0
127.957,apt_walk_2,PARKED,0.0,0.0,0.0,3,0.0,1.965,0.0,0.0,0.0,0.0,0.0,0.0,0.0
128.088,apt_walk_2,PARKED,0.0,0.0,0.0,3,0.0,1.869,0.0,0.0,0.0,0.0,0.0,0.0,0.0
128.204,apt_walk_2,PARKED,0.0,0.0,0.0,3,0.0,1.869,0.0,0.0,0.0,0.0,0.0,0.0,0.0
128.258,apt_walk_2,PARKED,0.0,0.0,0.0,3,0.4243,1.752,0.0,0.0,0.0,0.0,0.0,0.0,0.0
128.374,apt_walk_2,PARKED,0.0,0.0,0.0,3,0.637,1.61,0.0,0.0,0.0,0.0,0.0,0.0,0.0
128.458,apt_walk_2,PARKED,0.0,0.0,0.0,3,0.637,1.61,0.0,0.0,0.0,0.0,0.0,0.0,0.0
128.557,apt_walk_2,PARKED,0.0,0.0,0.0,3,0.3121,1.547,0.0,0.0,0.0,0.0,0.0,0.0,0.0
128.657,apt_walk_2,PARKED,0.0,0.0,0.0,3,0.3121,1.547,0.0,0.0,0.0,0.0,0.0,0.0,0.0
128.757,apt_walk_2,PARKED,0.0,0.0,0.0,3,0.3121,1.547,0.0,0.0,0.0,0.0,0.0,0.0,0.0
128.895,apt_walk_2,PARKED,0.0,0.0,0.0,3,0.0741,1.486,0.0,0.0,0.0,0.0,0.0,0.0,0.0
128.957,apt_walk_2,PARKED,0.0,0.0,0.0,3,0.0741,1.486,0.0,0.0,0.0,0.0,0.0,0.0,0.0
129.057,apt_walk_2,PARKED,0.0,0.0,0.0,3,0.1231,1.462,0.0,0.0,0.0,0.0,0.0,0.0,0.0
129.18,apt_walk_2,PARKED,0.0,0.0,0.0,3,0.1231,1.462,0.0,0.0,0.0,0.0,0.0,0.0,0.0
129.257,apt_walk_2,PARKED,0.0,0.0,0.0,3,0.402,1.495,0.0,0.0,0.0,0.0,0.0,0.0,0.0
129.358,apt_walk_2,PARKED,0.0,0.0,0.0,3,0.528,1.549,0.0,0.0,0.0,0.0,0.0,0.0,0.0
129.478,apt_walk_2,PARKED,0.0,0.0,0.0,3,0.528,1.549,0.0,0.0,0.0,0.0,0.0,0.0,0.0
129.557,apt_walk_2,PARKED,0.0,0.0,0.0,3,0.981,1.752,0.0,0.0,0.0,0.0,0.0,0.0,0.0
129.657,apt_walk_2,PARKED,0.0,0.0,0.0,3,0.981,1.752,0.0,0.0,0.0,0.0,0.0,0.0,0.0
129.778,apt_walk_2,PARKED,0.0,0.0,0.0,3,0.378,1.93,0.0,0.0,0.0,0.0,0.0,0.0,0.0
129.857,apt_walk_2,PARKED,0.0,0.0,0.0,3,0.378,1.93,0.0,0.0,0.0,0.0,0.0,0.0,0.0
129.982,apt_walk_2,PARKED,0.0,0.0,0.0,3,0.0,2.058,0.0,0.0,0.0,0.0,0.0,0.0,0.0
130.09,apt_walk_2,PARKED,0.0,0.0,0.0,3,0.0,2.058,0.0,0.0,0.0,0.0,0.0,0.0,0.0
130.165,apt_walk_2,PARKED,0.0,0.0,0.0,3,0.0,2.265,0.0,0.0,0.0,0.0,0.0,0.0,0.0
130.293,apt_walk_2,PARKED,0.0,0.0,0.0,3,0.0,2.369,0.0,0.0,0.0,0.0,0.0,0.0,0.0
130.357,apt_walk_2,PARKED,0.0,0.0,0.0,3,0.0,2.369,0.0,0.0,0.0,0.0,0.0,0.0,0.0
130.457,apt_walk_2,PARKED,0.0,0.0,0.0,3,0.0,2.369,0.0,0.0,0.0,0.0,0.0,0.0,0.0
130.557,apt_walk_2,PARKED,0.0,0.0,0.0,3,0.0,2.459,0.0,0.0,0.0,0.0,0.0,0.0,0.0
130.679,apt_walk_2,PARKED,0.0,0.0,0.0,3,0.0,2.688,0.0,0.0,0.0,0.0,0.0,0.0,0.0
130.757,apt_walk_2,PARKED,0.0,0.0,0.0,3,0.0,2.688,0.0,0.0,0.0,0.0,0.0,0.0,0.0
130.857,apt_walk_2,PARKED,0.0,0.0,0.0,3,0.0,2.688,0.0,0.0,0.0,0.0,0.0,0.0,0.0
130.957,apt_walk_2,PARKED,0.0,0.0,0.0,3,0.0,2.688,0.0,0.0,0.0,0.0,0.0,0.0,0.0
131.098,apt_walk_2,PARKED,0.0,0.0,0.0,3,0.0,3.043,0.0,0.0,0.0,0.0,0.0,0.0,0.0
131.157,apt_walk_2,PARKED,0.0,0.0,0.0,3,0.0,3.105,0.0,0.0,0.0,0.0,0.0,0.0,0.0
131.273,apt_walk_2,PARKED,0.0,0.0,0.0,4,0.0,3.161,0.0,0.0,0.0,0.0,0.0,0.0,0.0
131.403,apt_walk_2,PARKED,0.0,0.0,0.0,4,0.0,3.161,0.0,0.0,0.0,0.0,0.0,0.0,0.0
131.457,apt_walk_2,PARKED,0.0,0.0,0.0,4,0.0,3.161,0.0,0.0,0.0,0.0,0.0,0.0,0.0
131.558,apt_walk_2,PARKED,0.0,0.0,0.0,4,0.0,3.45,0.0,0.0,0.0,0.0,0.0,0.0,0.0
131.657,apt_walk_2,PARKED,0.0,0.0,0.0,4,0.0,3.45,0.0,0.0,0.0,0.0,0.0,0.0,0.0
131.757,apt_walk_2,PARKED,0.0,0.0,0.0,4,0.0,3.606,0.0,0.0,0.0,0.0,0.0,0.0,0.0
131.857,apt_walk_2,PARKED,0.0,0.0,0.0,4,0.0,3.606,0.0,0.0,0.0,0.0,0.0,0.0,0.0
131.992,apt_walk_2,PARKED,0.0,0.0,0.0,3,0.0,3.686,0.0,0.0,0.0,0.0,0.0,0.0,0.0
132.057,apt_walk_2,PARKED,0.0,0.0,0.0,4,0.0,3.758,0.0,0.0,0.0,0.0,0.0,0.0,0.0
132.157,apt_walk_2,PARKED,0.0,0.0,0.0,4,0.0,3.758,0.0,0.0,0.0,0.0,0.0,0.0,0.0
132.257,apt_walk_2,PARKED,0.0,0.0,0.0,4,0.0,3.758,0.0,0.0,0.0,0.0,0.0,0.0,0.0
132.357,apt_walk_2,PARKED,0.0,0.0,0.0,4,0.0,3.758,0.0,0.0,0.0,0.0,0.0,0.0,0.0
132.483,apt_walk_2,PARKED,0.0,0.0,0.0,4,0.0,3.758,0.0,0.0,0.0,0.0,0.0,0.0,0.0
132.558,apt_walk_2,PARKED,0.0,0.0,0.0,4,0.0,3.68,0.0,0.0,0.0,0.0,0.0,0.0,0.0
132.657,apt_walk_2,PARKED,0.0,0.0,0.0,4,0.0,3.68,0.0,0.0,0.0,0.0,0.0,0.0,0.0
132.757,apt_walk_2,PARKED,0.0,0.0,0.0,4,0.0,3.68,0.0,0.0,0.0,0.0,0.0,0.0,0.0
132.877,apt_walk_2,PARKED,0.0,0.0,0.0,3,0.0,3.729,0.0,0.0,0.0,0.0,0.0,0.0,0.0
132.957,apt_walk_2,PARKED,0.0,0.0,0.0,3,0.0,3.729,0.0,0.0,0.0,0.0,0.0,0.0,0.0
133.072,apt_walk_2,PARKED,0.0,0.0,0.0,4,0.0,3.665,0.0,0.0,0.0,0.0,0.0,0.0,0.0
133.157,apt_walk_2,PARKED,0.0,0.0,0.0,4,0.0,3.704,0.0,0.0,0.0,0.0,0.0,0.0,0.0
133.258,apt_walk_2,PARKED,0.0,0.0,0.0,4,0.0,3.704,0.0,0.0,0.0,0.0,0.0,0.0,0.0
133.358,apt_walk_2,PARKED,0.0,0.0,0.0,4,0.0,3.704,0.0,0.0,0.0,0.0,0.0,0.0,0.0
133.458,apt_walk_2,PARKED,0.0,0.0,0.0,4,0.0,3.721,0.0,0.0,0.0,0.0,0.0,0.0,0.0
133.584,apt_walk_2,PARKED,0.0,0.0,0.0,4,0.0,3.727,0.0,0.0,0.0,0.0,0.0,0.0,0.0
133.656,apt_walk_2,PARKED,0.0,0.0,0.0,4,0.0,3.727,0.0,0.0,0.0,0.0,0.0,0.0,0.0
133.757,apt_walk_2,PARKED,0.0,0.0,0.0,4,0.0,3.727,0.0,0.0,0.0,0.0,0.0,0.0,0.0
133.867,apt_walk_2,PARKED,0.0,0.0,0.0,4,0.0,3.638,0.0,0.0,0.0,0.0,0.0,0.0,0.0
133.958,apt_walk_2,PARKED,0.0,0.0,0.0,4,0.0,3.596,0.0,0.0,0.0,0.0,0.0,0.0,0.0
134.057,apt_walk_2,PARKED,0.0,0.0,0.0,4,0.0,3.541,0.0,0.0,0.0,0.0,0.0,0.0,0.0
134.2,apt_walk_2,PARKED,0.0,0.0,0.0,3,0.0,3.477,0.0,0.0,0.0,0.0,0.0,0.0,0.0
134.257,apt_walk_2,PARKED,0.0,0.0,0.0,3,0.0,3.477,0.0,0.0,0.0,0.0,0.0,0.0,0.0
134.401,apt_walk_2,PARKED,0.0,0.0,0.0,3,0.0,3.177,0.0,0.0,0.0,0.0,0.0,0.0,0.0
134.464,apt_walk_2,PARKED,0.0,0.0,0.0,3,0.0,3.106,0.0,0.0,0.0,0.0,0.0,0.0,0.0
134.601,apt_walk_2,PARKED,0.0,0.0,0.0,3,0.0,3.068,0.0,0.0,0.0,0.0,0.0,0.0,0.0
134.658,apt_walk_2,PARKED,0.0,0.0,0.0,3,0.0,2.925,0.0,0.0,0.0,0.0,0.0,0.0,0.0
134.757,apt_walk_2,PARKED,0.0,0.0,0.0,3,0.0,2.925,0.0,0.0,0.0,0.0,0.0,0.0,0.0
134.894,apt_walk_2,PARKED,0.0,0.0,0.0,3,0.0,2.697,0.0,0.0,0.0,0.0,0.0,0.0,0.0
134.957,apt_walk_2,PARKED,0.0,0.0,0.0,3,0.0,2.697,0.0,0.0,0.0,0.0,0.0,0.0,0.0
135.057,apt_walk_2,PARKED,0.0,0.0,0.0,3,0.0,2.697,0.0,0.0,0.0,0.0,0.0,0.0,0.0
135.157,apt_walk_2,PARKED,0.0,0.0,0.0,3,0.0,2.697,0.0,0.0,0.0,0.0,0.0,0.0,0.0
135.258,apt_walk_2,PARKED,0.0,0.0,0.0,3,0.0,2.697,0.0,0.0,0.0,0.0,0.0,0.0,0.0
135.358,apt_walk_2,PARKED,0.0,0.0,0.0,3,0.0,2.697,0.0,0.0,0.0,0.0,0.0,0.0,0.0
135.495,apt_walk_2,PARKED,0.0,0.0,0.0,3,0.0,2.079,0.0,0.0,0.0,0.0,0.0,0.0,0.0
135.558,apt_walk_2,PARKED,0.0,0.0,0.0,3,0.0,2.079,0.0,0.0,0.0,0.0,0.0,0.0,0.0
135.683,apt_walk_2,PARKED,0.0,0.0,0.0,3,0.0,2.006,0.0,0.0,0.0,0.0,0.0,0.0,0.0
135.758,apt_walk_2,PARKED,0.0,0.0,0.0,3,0.0,2.006,0.0,0.0,0.0,0.0,0.0,0.0,0.0
135.857,apt_walk_2,PARKED,0.0,0.0,0.0,3,0.0,1.936,0.0,0.0,0.0,0.0,0.0,0.0,0.0
135.957,apt_walk_2,PARKED,0.0,0.0,0.0,3,0.0,1.828,0.0,0.0,0.0,0.0,0.0,0.0,0.0
136.057,apt_walk_2,PARKED,0.0,0.0,0.0,3,0.3861,1.738,0.0,0.0,0.0,0.0,0.0,0.0,0.0
136.157,apt_walk_2,PARKED,0.0,0.0,0.0,3,0.3861,1.738,0.0,0.0,0.0,0.0,0.0,0.0,0.0
136.257,apt_walk_2,PARKED,0.0,0.0,0.0,3,0.3861,1.738,0.0,0.0,0.0,0.0,0.0,0.0,0.0
136.4,apt_walk_2,PARKED,0.0,0.0,0.0,3,0.1903,1.593,0.0,0.0,0.0,0.0,0.0,0.0,0.0
136.474,apt_walk_2,PARKED,0.0,0.0,0.0,3,0.1903,1.593,0.0,0.0,0.0,0.0,0.0,0.0,0.0
136.557,apt_walk_2,PARKED,0.0,0.0,0.0,3,0.1903,1.593,0.0,0.0,0.0,0.0,0.0,0.0,0.0
136.697,apt_walk_2,PARKED,0.0,0.0,0.0,3,0.0707,1.581,0.0,0.0,0.0,0.0,0.0,0.0,0.0
136.758,apt_walk_2,PARKED,0.0,0.0,0.0,3,0.0707,1.581,0.0,0.0,0.0,0.0,0.0,0.0,0.0
136.901,apt_walk_2,PARKED,0.0,0.0,0.0,3,0.2116,1.546,0.0,0.0,0.0,0.0,0.0,0.0,0.0
136.957,apt_walk_2,PARKED,0.0,0.0,0.0,3,0.2116,1.546,0.0,0.0,0.0,0.0,0.0,0.0,0.0
137.057,apt_walk_2,PARKED,0.0,0.0,0.0,3,0.2116,1.546,0.0,0.0,0.0,0.0,0.0,0.0,0.0
137.187,apt_walk_2,PARKED,0.0,0.0,0.0,3,0.2116,1.546,0.0,0.0,0.0,0.0,0.0,0.0,0.0
137.258,apt_walk_2,PARKED,0.0,0.0,0.0,3,0.2116,1.546,0.0,0.0,0.0,0.0,0.0,0.0,0.0
137.401,apt_walk_2,PARKED,0.0,0.0,0.0,3,0.094,1.848,0.0,0.0,0.0,0.0,0.0,0.0,0.0
137.481,apt_walk_2,PARKED,0.0,0.0,0.0,3,0.094,1.848,0.0,0.0,0.0,0.0,0.0,0.0,0.0
137.557,apt_walk_2,PARKED,0.0,0.0,0.0,3,0.094,1.848,0.0,0.0,0.0,0.0,0.0,0.0,0.0
137.705,apt_walk_2,PARKED,0.0,0.0,0.0,3,0.0,2.122,0.0,0.0,0.0,0.0,0.0,0.0,0.0
137.76,apt_walk_2,PARKED,0.0,0.0,0.0,3,0.0,2.122,0.0,0.0,0.0,0.0,0.0,0.0,0.0
137.857,apt_walk_2,PARKED,0.0,0.0,0.0,3,0.0,2.232,0.0,0.0,0.0,0.0,0.0,0.0,0.0
137.957,apt_walk_2,PARKED,0.0,0.0,0.0,3,0.0,2.232,0.0,0.0,0.0,0.0,0.0,0.0,0.0
138.057,apt_walk_2,PARKED,0.0,0.0,0.0,3,0.0,2.232,0.0,0.0,0.0,0.0,0.0,0.0,0.0
138.188,apt_walk_2,PARKED,0.0,0.0,0.0,3,0.0,2.5,0.0,0.0,0.0,0.0,0.0,0.0,0.0
138.266,apt_walk_2,PARKED,0.0,0.0,0.0,3,0.0,2.705,0.0,0.0,0.0,0.0,0.0,0.0,0.0
138.357,apt_walk_2,PARKED,0.0,0.0,0.0,3,0.0,2.705,0.0,0.0,0.0,0.0,0.0,0.0,0.0
138.497,apt_walk_2,PARKED,0.0,0.0,0.0,3,0.0,2.948,0.0,0.0,0.0,0.0,0.0,0.0,0.0
138.567,apt_walk_2,PARKED,0.0,0.0,0.0,3,0.0,2.912,0.0,0.0,0.0,0.0,0.0,0.0,0.0
138.657,apt_walk_2,PARKED,0.0,0.0,0.0,3,0.0,2.912,0.0,0.0,0.0,0.0,0.0,0.0,0.0
138.757,apt_walk_2,PARKED,0.0,0.0,0.0,3,0.0,2.912,0.0,0.0,0.0,0.0,0.0,0.0,0.0
138.902,apt_walk_2,PARKED,0.0,0.0,0.0,3,0.0,3.107,0.0,0.0,0.0,0.0,0.0,0.0,0.0
138.963,apt_walk_2,PARKED,0.0,0.0,0.0,4,0.0,3.2,0.0,0.0,0.0,0.0,0.0,0.0,0.0
139.058,apt_walk_2,PARKED,0.0,0.0,0.0,3,0.0,3.449,0.0,0.0,0.0,0.0,0.0,0.0,0.0
139.172,apt_walk_2,PARKED,0.0,0.0,0.0,3,0.0,3.449,0.0,0.0,0.0,0.0,0.0,0.0,0.0
139.257,apt_walk_2,PARKED,0.0,0.0,0.0,3,0.0,3.449,0.0,0.0,0.0,0.0,0.0,0.0,0.0
139.357,apt_walk_2,PARKED,0.0,0.0,0.0,3,0.0,3.518,0.0,0.0,0.0,0.0,0.0,0.0,0.0
139.457,apt_walk_2,PARKED,0.0,0.0,0.0,3,0.0,3.518,0.0,0.0,0.0,0.0,0.0,0.0,0.0
139.557,apt_walk_2,PARKED,0.0,0.0,0.0,3,0.0,3.518,0.0,0.0,0.0,0.0,0.0,0.0,0.0
139.657,apt_walk_2,PARKED,0.0,0.0,0.0,3,0.0,3.518,0.0,0.0,0.0,0.0,0.0,0.0,0.0
139.769,apt_walk_2,PARKED,0.0,0.0,0.0,3,0.0,3.663,0.0,0.0,0.0,0.0,0.0,0.0,0.0
139.88,apt_walk_2,PARKED,0.0,0.0,0.0,4,0.0,3.743,0.0,0.0,0.0,0.0,0.0,0.0,0.0
139.957,apt_walk_2,PARKED,0.0,0.0,0.0,4,0.0,3.743,0.0,0.0,0.0,0.0,0.0,0.0,0.0
140.063,apt_walk_2,PARKED,0.0,0.0,0.0,4,0.0,3.731,0.0,0.0,0.0,0.0,0.0,0.0,0.0
140.158,apt_walk_2,PARKED,0.0,0.0,0.0,4,0.0,3.751,0.0,0.0,0.0,0.0,0.0,0.0,0.0
140.277,apt_walk_2,PARKED,0.0,0.0,0.0,4,0.0,3.751,0.0,0.0,0.0,0.0,0.0,0.0,0.0
140.357,apt_walk_2,PARKED,0.0,0.0,0.0,3,0.0,3.73,0.0,0.0,0.0,0.0,0.0,0.0,0.0
140.494,apt_walk_2,PARKED,0.0,0.0,0.0,3,0.0,3.717,0.0,0.0,0.0,0.0,0.0,0.0,0.0
140.557,apt_walk_2,PARKED,0.0,0.0,0.0,3,0.0,3.717,0.0,0.0,0.0,0.0,0.0,0.0,0.0
140.657,apt_walk_2,PARKED,0.0,0.0,0.0,3,0.0,3.717,0.0,0.0,0.0,0.0,0.0,0.0,0.0
140.757,apt_walk_2,PARKED,0.0,0.0,0.0,3,0.0,3.717,0.0,0.0,0.0,0.0,0.0,0.0,0.0
140.857,apt_walk_2,PARKED,0.0,0.0,0.0,3,0.0,3.801,0.0,0.0,0.0,0.0,0.0,0.0,0.0
140.959,apt_walk_2,PARKED,0.0,0.0,0.0,3,0.0,3.801,0.0,0.0,0.0,0.0,0.0,0.0,0.0
141.056,apt_walk_2,PARKED,0.0,0.0,0.0,3,0.0,3.801,0.0,0.0,0.0,0.0,0.0,0.0,0.0
141.178,apt_walk_2,PARKED,0.0,0.0,0.0,4,0.0,3.783,0.0,0.0,0.0,0.0,0.0,0.0,0.0
141.257,apt_walk_2,PARKED,0.0,0.0,0.0,4,0.0,3.713,0.0,0.0,0.0,0.0,0.0,0.0,0.0
141.357,apt_walk_2,PARKED,0.0,0.0,0.0,4,0.0,3.713,0.0,0.0,0.0,0.0,0.0,0.0,0.0
141.458,apt_walk_2,PARKED,0.0,0.0,0.0,4,0.0,3.713,0.0,0.0,0.0,0.0,0.0,0.0,0.0
141.581,apt_walk_2,PARKED,0.0,0.0,0.0,3,0.0,3.706,0.0,0.0,0.0,0.0,0.0,0.0,0.0
141.657,apt_walk_2,PARKED,0.0,0.0,0.0,3,0.0,3.706,0.0,0.0,0.0,0.0,0.0,0.0,0.0
141.757,apt_walk_2,PARKED,0.0,0.0,0.0,3,0.0,3.706,0.0,0.0,0.0,0.0,0.0,0.0,0.0
141.888,apt_walk_2,PARKED,0.0,0.0,0.0,3,0.0,3.43,0.0,0.0,0.0,0.0,0.0,0.0,0.0
141.957,apt_walk_2,PARKED,0.0,0.0,0.0,3,0.0,3.43,0.0,0.0,0.0,0.0,0.0,0.0,0.0
142.057,apt_walk_2,PARKED,0.0,0.0,0.0,3,0.0,3.384,0.0,0.0,0.0,0.0,0.0,0.0,0.0
142.196,apt_walk_2,PARKED,0.0,0.0,0.0,4,0.0,3.151,0.0,0.0,0.0,0.0,0.0,0.0,0.0
142.278,apt_walk_2,PARKED,0.0,0.0,0.0,4,0.0,3.151,0.0,0.0,0.0,0.0,0.0,0.0,0.0
142.357,apt_walk_2,PARKED,0.0,0.0,0.0,4,0.0,2.938,0.0,0.0,0.0,0.0,0.0,0.0,0.0
142.457,apt_walk_2,PARKED,0.0,0.0,0.0,4,0.0,2.938,0.0,0.0,0.0,0.0,0.0,0.0,0.0
142.557,apt_walk_2,PARKED,0.0,0.0,0.0,4,0.0,2.938,0.0,0.0,0.0,0.0,0.0,0.0,0.0
142.657,apt_walk_2,PARKED,0.0,0.0,0.0,4,0.0,2.856,0.0,0.0,0.0,0.0,0.0,0.0,0.0
142.757,apt_walk_2,PARKED,0.0,0.0,0.0,4,0.0,2.856,0.0,0.0,0.0,0.0,0.0,0.0,0.0
142.857,apt_walk_2,PARKED,0.0,0.0,0.0,4,0.0,2.856,0.0,0.0,0.0,0.0,0.0,0.0,0.0
142.957,apt_walk_2,PARKED,0.0,0.0,0.0,4,0.0,2.856,0.0,0.0,0.0,0.0,0.0,0.0,0.0
143.083,apt_walk_2,PARKED,0.0,0.0,0.0,3,0.0,2.217,0.0,0.0,0.0,0.0,0.0,0.0,0.0
143.204,apt_walk_2,PARKED,0.0,0.0,0.0,3,0.0,2.12,0.0,0.0,0.0,0.0,0.0,0.0,0.0
143.258,apt_walk_2,PARKED,0.0,0.0,0.0,3,0.0,2.12,0.0,0.0,0.0,0.0,0.0,0.0,0.0
143.357,apt_walk_2,PARKED,0.0,0.0,0.0,3,0.0,2.007,0.0,0.0,0.0,0.0,0.0,0.0,0.0
143.483,apt_walk_2,PARKED,0.0,0.0,0.0,3,0.0,1.942,0.0,0.0,0.0,0.0,0.0,0.0,0.0
143.558,apt_walk_2,PARKED,0.0,0.0,0.0,3,0.0,1.846,0.0,0.0,0.0,0.0,0.0,0.0,0.0
143.658,apt_walk_2,PARKED,0.0,0.0,0.0,4,0.3294,1.788,0.0,0.0,0.0,0.0,0.0,0.0,0.0
143.758,apt_walk_2,PARKED,0.0,0.0,0.0,4,0.3294,1.788,0.0,0.0,0.0,0.0,0.0,0.0,0.0
143.857,apt_walk_2,PARKED,0.0,0.0,0.0,4,0.3294,1.788,0.0,0.0,0.0,0.0,0.0,0.0,0.0
143.958,apt_walk_2,PARKED,0.0,0.0,0.0,4,0.3294,1.788,0.0,0.0,0.0,0.0,0.0,0.0,0.0
144.058,apt_walk_2,PARKED,0.0,0.0,0.0,4,0.3294,1.788,0.0,0.0,0.0,0.0,0.0,0.0,0.0
144.158,apt_walk_2,PARKED,0.0,0.0,0.0,4,0.6839,1.589,0.0,0.0,0.0,0.0,0.0,0.0,0.0
144.257,apt_walk_2,PARKED,0.0,0.0,0.0,3,0.2966,1.546,0.0,0.0,0.0,0.0,0.0,0.0,0.0
144.358,apt_walk_2,PARKED,0.0,0.0,0.0,3,0.2966,1.546,0.0,0.0,0.0,0.0,0.0,0.0,0.0
144.49,apt_walk_2,PARKED,0.0,0.0,0.0,3,0.3432,1.472,0.0,0.0,0.0,0.0,0.0,0.0,0.0
144.566,apt_walk_2,PARKED,0.0,0.0,0.0,3,0.0952,1.463,0.0,0.0,0.0,0.0,0.0,0.0,0.0
144.703,apt_walk_2,PARKED,0.0,0.0,0.0,3,0.0952,1.463,0.0,0.0,0.0,0.0,0.0,0.0,0.0
144.757,apt_walk_2,PARKED,0.0,0.0,0.0,3,0.0952,1.463,0.0,0.0,0.0,0.0,0.0,0.0,0.0
144.892,apt_walk_2,PARKED,0.0,0.0,0.0,3,0.5202,1.561,0.0,0.0,0.0,0.0,0.0,0.0,0.0
144.957,apt_walk_2,PARKED,0.0,0.0,0.0,3,0.5202,1.561,0.0,0.0,0.0,0.0,0.0,0.0,0.0
145.062,apt_walk_2,PARKED,0.0,0.0,0.0,3,0.5172,1.636,0.0,0.0,0.0,0.0,0.0,0.0,0.0
145.157,apt_walk_2,PARKED,0.0,0.0,0.0,3,0.5172,1.636,0.0,0.0,0.0,0.0,0.0,0.0,0.0
145.294,apt_walk_2,PARKED,0.0,0.0,0.0,3,0.7465,1.725,0.0,0.0,0.0,0.0,0.0,0.0,0.0
145.357,apt_walk_2,PARKED,0.0,0.0,0.0,3,0.394,1.912,0.0,0.0,0.0,0.0,0.0,0.0,0.0
145.485,apt_walk_2,PARKED,0.0,0.0,0.0,3,0.094,2.008,0.0,0.0,0.0,0.0,0.0,0.0,0.0
145.557,apt_walk_2,PARKED,0.0,0.0,0.0,3,0.0,2.103,0.0,0.0,0.0,0.0,0.0,0.0,0.0
145.658,apt_walk_2,PARKED,0.0,0.0,0.0,3,0.0,2.103,0.0,0.0,0.0,0.0,0.0,0.0,0.0
145.79,apt_walk_2,PARKED,0.0,0.0,0.0,3,0.0,2.147,0.0,0.0,0.0,0.0,0.0,0.0,0.0
145.858,apt_walk_2,PARKED,0.0,0.0,0.0,3,0.0,2.24,0.0,0.0,0.0,0.0,0.0,0.0,0.0
145.957,apt_walk_2,PARKED,0.0,0.0,0.0,3,0.0,2.429,0.0,0.0,0.0,0.0,0.0,0.0,0.0
146.057,apt_walk_2,PARKED,0.0,0.0,0.0,3,0.0,2.429,0.0,0.0,0.0,0.0,0.0,0.0,0.0
146.157,apt_walk_2,PARKED,0.0,0.0,0.0,3,0.0,2.429,0.0,0.0,0.0,0.0,0.0,0.0,0.0
146.257,apt_walk_2,PARKED,0.0,0.0,0.0,3,0.0,2.681,0.0,0.0,0.0,0.0,0.0,0.0,0.0
146.391,apt_walk_2,PARKED,0.0,0.0,0.0,3,0.0,2.803,0.0,0.0,0.0,0.0,0.0,0.0,0.0
146.456,apt_walk_2,PARKED,0.0,0.0,0.0,3,0.0,2.803,0.0,0.0,0.0,0.0,0.0,0.0,0.0
146.569,apt_walk_2,PARKED,0.0,0.0,0.0,3,0.0,2.918,0.0,0.0,0.0,0.0,0.0,0.0,0.0
146.657,apt_walk_2,PARKED,0.0,0.0,0.0,3,0.0,2.918,0.0,0.0,0.0,0.0,0.0,0.0,0.0
146.773,apt_walk_2,PARKED,0.0,0.0,0.0,3,0.0,3.229,0.0,0.0,0.0,0.0,0.0,0.0,0.0
146.857,apt_walk_2,PARKED,0.0,0.0,0.0,3,0.0,3.37,0.0,0.0,0.0,0.0,0.0,0.0,0.0
147.006,apt_walk_2,PARKED,0.0,0.0,0.0,3,0.0,3.37,0.0,0.0,0.0,0.0,0.0,0.0,0.0
147.057,apt_walk_2,PARKED,0.0,0.0,0.0,3,0.0,3.37,0.0,0.0,0.0,0.0,0.0,0.0,0.0
147.157,apt_walk_2,PARKED,0.0,0.0,0.0,3,0.0,3.37,0.0,0.0,0.0,0.0,0.0,0.0,0.0
147.257,apt_walk_2,PARKED,0.0,0.0,0.0,3,0.0,3.718,0.0,0.0,0.0,0.0,0.0,0.0,0.0
147.357,apt_walk_2,PARKED,0.0,0.0,0.0,3,0.0,3.718,0.0,0.0,0.0,0.0,0.0,0.0,0.0
147.47,apt_walk_2,PARKED,0.0,0.0,0.0,3,0.0,3.718,0.0,0.0,0.0,0.0,0.0,0.0,0.0
147.571,apt_walk_2,PARKED,0.0,0.0,0.0,3,0.0,3.714,0.0,0.0,0.0,0.0,0.0,0.0,0.0
147.703,apt_walk_2,PARKED,0.0,0.0,0.0,4,0.0,3.781,0.0,0.0,0.0,0.0,0.0,0.0,0.0
147.765,apt_walk_2,PARKED,0.0,0.0,0.0,4,0.0,3.711,0.0,0.0,0.0,0.0,0.0,0.0,0.0
147.878,apt_walk_2,PARKED,0.0,0.0,0.0,4,0.0,3.711,0.0,0.0,0.0,0.0,0.0,0.0,0.0
147.957,apt_walk_2,PARKED,0.0,0.0,0.0,4,0.0,3.711,0.0,0.0,0.0,0.0,0.0,0.0,0.0
148.071,apt_walk_2,PARKED,0.0,0.0,0.0,4,0.0,3.711,0.0,0.0,0.0,0.0,0.0,0.0,0.0
148.157,apt_walk_2,PARKED,0.0,0.0,0.0,3,0.0,3.678,0.0,0.0,0.0,0.0,0.0,0.0,0.0
148.257,apt_walk_2,PARKED,0.0,0.0,0.0,3,0.0,3.678,0.0,0.0,0.0,0.0,0.0,0.0,0.0
148.357,apt_walk_2,PARKED,0.0,0.0,0.0,3,0.0,3.678,0.0,0.0,0.0,0.0,0.0,0.0,0.0
148.458,apt_walk_2,PARKED,0.0,0.0,0.0,4,0.0,3.764,0.0,0.0,0.0,0.0,0.0,0.0,0.0
148.577,apt_walk_2,PARKED,0.0,0.0,0.0,4,0.0,3.683,0.0,0.0,0.0,0.0,0.0,0.0,0.0
148.658,apt_walk_2,PARKED,0.0,0.0,0.0,4,0.0,3.683,0.0,0.0,0.0,0.0,0.0,0.0,0.0
148.758,apt_walk_2,PARKED,0.0,0.0,0.0,4,0.0,3.683,0.0,0.0,0.0,0.0,0.0,0.0,0.0
148.866,apt_walk_2,PARKED,0.0,0.0,0.0,4,0.0,3.755,0.0,0.0,0.0,0.0,0.0,0.0,0.0
148.982,apt_walk_2,PARKED,0.0,0.0,0.0,4,0.0,3.748,0.0,0.0,0.0,0.0,0.0,0.0,0.0
149.106,apt_walk_2,PARKED,0.0,0.0,0.0,4,0.0,3.667,0.0,0.0,0.0,0.0,0.0,0.0,0.0
149.157,apt_walk_2,PARKED,0.0,0.0,0.0,4,0.0,3.667,0.0,0.0,0.0,0.0,0.0,0.0,0.0
149.257,apt_walk_2,PARKED,0.0,0.0,0.0,4,0.0,3.667,0.0,0.0,0.0,0.0,0.0,0.0,0.0
149.404,apt_walk_2,PARKED,0.0,0.0,0.0,4,0.0,3.474,0.0,0.0,0.0,0.0,0.0,0.0,0.0
149.479,apt_walk_2,PARKED,0.0,0.0,0.0,4,0.0,3.444,0.0,0.0,0.0,0.0,0.0,0.0,0.0
149.558,apt_walk_2,PARKED,0.0,0.0,0.0,4,0.0,3.336,0.0,0.0,0.0,0.0,0.0,0.0,0.0
149.687,apt_walk_2,PARKED,0.0,0.0,0.0,4,0.0,3.336,0.0,0.0,0.0,0.0,0.0,0.0,0.0
149.757,apt_walk_2,PARKED,0.0,0.0,0.0,4,0.0,3.336,0.0,0.0,0.0,0.0,0.0,0.0,0.0
149.869,apt_walk_2,PARKED,0.0,0.0,0.0,4,0.0,3.665,0.0,0.0,0.0,0.0,0.0,0.0,0.0
149.959,apt_walk_2,PARKED,0.0,0.0,0.0,4,0.0,3.354,0.0,0.0,0.0,0.0,0.0,0.0,0.0
150.077,apt_walk_2,PARKED,0.0,0.0,0.0,4,0.0,2.888,0.0,0.0,0.0,0.0,0.0,0.0,0.0
150.157,apt_walk_2,PARKED,0.0,0.0,0.0,4,0.0,2.888,0.0,0.0,0.0,0.0,0.0,0.0,0.0
150.257,apt_walk_2,PARKED,0.0,0.0,0.0,4,0.0,2.888,0.0,0.0,0.0,0.0,0.0,0.0,0.0
150.357,apt_walk_2,PARKED,0.0,0.0,0.0,4,0.0,2.888,0.0,0.0,0.0,0.0,0.0,0.0,0.0
150.471,apt_walk_2,PARKED,0.0,0.0,0.0,3,0.0,2.342,0.0,0.0,0.0,0.0,0.0,0.0,0.0
150.558,apt_walk_2,PARKED,0.0,0.0,0.0,3,0.0,2.342,0.0,0.0,0.0,0.0,0.0,0.0,0.0
150.679,apt_walk_2,PARKED,0.0,0.0,0.0,3,0.0,2.342,0.0,0.0,0.0,0.0,0.0,0.0,0.0
150.804,apt_walk_2,PARKED,0.0,0.0,0.0,3,0.0,2.271,0.0,0.0,0.0,0.0,0.0,0.0,0.0
150.878,apt_walk_2,PARKED,0.0,0.0,0.0,3,0.0,2.111,0.0,0.0,0.0,0.0,0.0,0.0,0.0
150.957,apt_walk_2,PARKED,0.0,0.0,0.0,3,0.0,2.016,0.0,0.0,0.0,0.0,0.0,0.0,0.0
151.057,apt_walk_2,PARKED,0.0,0.0,0.0,3,0.0,2.016,0.0,0.0,0.0,0.0,0.0,0.0,0.0
151.157,apt_walk_2,PARKED,0.0,0.0,0.0,3,0.0,2.016,0.0,0.0,0.0,0.0,0.0,0.0,0.0
151.29,apt_walk_2,PARKED,0.0,0.0,0.0,3,0.0,1.801,0.0,0.0,0.0,0.0,0.0,0.0,0.0
151.357,apt_walk_2,PARKED,0.0,0.0,0.0,3,0.395,1.683,0.0,0.0,0.0,0.0,0.0,0.0,0.0
151.457,apt_walk_2,PARKED,0.0,0.0,0.0,3,0.395,1.683,0.0,0.0,0.0,0.0,0.0,0.0,0.0
151.557,apt_walk_2,PARKED,0.0,0.0,0.0,3,0.395,1.683,0.0,0.0,0.0,0.0,0.0,0.0,0.0
151.667,apt_walk_2,PARKED,0.0,0.0,0.0,3,0.6001,1.591,0.0,0.0,0.0,0.0,0.0,0.0,0.0
151.804,apt_walk_2,PARKED,0.0,0.0,0.0,3,0.1152,1.512,0.0,0.0,0.0,0.0,0.0,0.0,0.0
151.858,apt_walk_2,PARKED,0.0,0.0,0.0,3,0.1152,1.512,0.0,0.0,0.0,0.0,0.0,0.0,0.0
151.963,apt_walk_2,PARKED,0.0,0.0,0.0,3,0.2542,1.488,0.0,0.0,0.0,0.0,0.0,0.0,0.0
152.057,apt_walk_2,PARKED,0.0,0.0,0.0,3,0.2542,1.488,0.0,0.0,0.0,0.0,0.0,0.0,0.0
152.174,apt_walk_2,PARKED,0.0,0.0,0.0,3,0.3489,1.445,0.0,0.0,0.0,0.0,0.0,0.0,0.0
152.257,apt_walk_2,PARKED,0.0,0.0,0.0,3,0.3489,1.445,0.0,0.0,0.0,0.0,0.0,0.0,0.0
152.357,apt_walk_2,PARKED,0.0,0.0,0.0,3,0.2154,1.424,0.0,0.0,0.0,0.0,0.0,0.0,0.0
152.48,apt_walk_2,PARKED,0.0,0.0,0.0,3,0.2154,1.424,0.0,0.0,0.0,0.0,0.0,0.0,0.0
152.593,apt_walk_2,PARKED,0.0,0.0,0.0,3,0.2303,1.441,0.0,0.0,0.0,0.0,0.0,0.0,0.0
152.657,apt_walk_2,PARKED,0.0,0.0,0.0,3,0.4342,1.479,0.0,0.0,0.0,0.0,0.0,0.0,0.0
152.775,apt_walk_2,PARKED,0.0,0.0,0.0,3,0.7314,1.642,0.0,0.0,0.0,0.0,0.0,0.0,0.0
152.894,apt_walk_2,PARKED,0.0,0.0,0.0,3,0.7314,1.642,0.0,0.0,0.0,0.0,0.0,0.0,0.0
152.957,apt_walk_2,PARKED,0.0,0.0,0.0,3,0.7314,1.642,0.0,0.0,0.0,0.0,0.0,0.0,0.0
153.096,apt_walk_2,PARKED,0.0,0.0,0.0,3,0.09,1.924,0.0,0.0,0.0,0.0,0.0,0.0,0.0
153.182,apt_walk_2,PARKED,0.0,0.0,0.0,3,0.0,2.029,0.0,0.0,0.0,0.0,0.0,0.0,0.0
153.257,apt_walk_2,PARKED,0.0,0.0,0.0,3,0.0,2.029,0.0,0.0,0.0,0.0,0.0,0.0,0.0
153.357,apt_walk_2,PARKED,0.0,0.0,0.0,3,0.0,2.029,0.0,0.0,0.0,0.0,0.0,0.0,0.0
153.489,apt_walk_2,PARKED,0.0,0.0,0.0,3,0.0,2.303,0.0,0.0,0.0,0.0,0.0,0.0,0.0
153.558,apt_walk_2,PARKED,0.0,0.0,0.0,3,0.0,2.303,0.0,0.0,0.0,0.0,0.0,0.0,0.0
153.658,apt_walk_2,PARKED,0.0,0.0,0.0,3,0.0,2.303,0.0,0.0,0.0,0.0,0.0,0.0,0.0
153.787,apt_walk_2,PARKED,0.0,0.0,0.0,3,0.0,2.574,0.0,0.0,0.0,0.0,0.0,0.0,0.0
153.869,apt_walk_2,PARKED,0.0,0.0,0.0,3,0.0,2.606,0.0,0.0,0.0,0.0,0.0,0.0,0.0
153.957,apt_walk_2,PARKED,0.0,0.0,0.0,3,0.0,2.751,0.0,0.0,0.0,0.0,0.0,0.0,0.0
154.09,apt_walk_2,PARKED,0.0,0.0,0.0,3,0.0,2.751,0.0,0.0,0.0,0.0,0.0,0.0,0.0
154.157,apt_walk_2,PARKED,0.0,0.0,0.0,3,0.0,2.751,0.0,0.0,0.0,0.0,0.0,0.0,0.0
154.257,apt_walk_2,PARKED,0.0,0.0,0.0,3,0.0,2.994,0.0,0.0,0.0,0.0,0.0,0.0,0.0
154.395,apt_walk_2,PARKED,0.0,0.0,0.0,3,0.0,3.26,0.0,0.0,0.0,0.0,0.0,0.0,0.0
154.457,apt_walk_2,PARKED,0.0,0.0,0.0,3,0.0,3.26,0.0,0.0,0.0,0.0,0.0,0.0,0.0
154.585,apt_walk_2,PARKED,0.0,0.0,0.0,3,0.0,3.337,0.0,0.0,0.0,0.0,0.0,0.0,0.0
154.696,apt_walk_2,PARKED,0.0,0.0,0.0,3,0.0,3.36,0.0,0.0,0.0,0.0,0.0,0.0,0.0
154.757,apt_walk_2,PARKED,0.0,0.0,0.0,3,0.0,3.36,0.0,0.0,0.0,0.0,0.0,0.0,0.0
154.858,apt_walk_2,PARKED,0.0,0.0,0.0,3,0.0,3.36,0.0,0.0,0.0,0.0,0.0,0.0,0.0
154.979,apt_walk_2,PARKED,0.0,0.0,0.0,3,0.0,3.36,0.0,0.0,0.0,0.0,0.0,0.0,0.0
155.057,apt_walk_2,PARKED,0.0,0.0,0.0,3,0.0,3.36,0.0,0.0,0.0,0.0,0.0,0.0,0.0
155.166,apt_walk_2,PARKED,0.0,0.0,0.0,4,0.0,3.36,0.0,0.0,0.0,0.0,0.0,0.0,0.0
155.258,apt_walk_2,PARKED,0.0,0.0,0.0,4,0.0,3.723,0.0,0.0,0.0,0.0,0.0,0.0,0.0
155.357,apt_walk_2,PARKED,0.0,0.0,0.0,4,0.0,3.723,0.0,0.0,0.0,0.0,0.0,0.0,0.0
155.457,apt_walk_2,PARKED,0.0,0.0,0.0,4,0.0,3.723,0.0,0.0,0.0,0.0,0.0,0.0,0.0
155.58,apt_walk_2,PARKED,0.0,0.0,0.0,4,0.0,3.65,0.0,0.0,0.0,0.0,0.0,0.0,0.0
155.667,apt_walk_2,PARKED,0.0,0.0,0.0,5,0.0,3.804,0.0,0.0,0.0,0.0,0.0,0.0,0.0
155.757,apt_walk_2,PARKED,0.0,0.0,0.0,5,0.0,3.804,0.0,0.0,0.0,0.0,0.0,0.0,0.0
155.857,apt_walk_2,PARKED,0.0,0.0,0.0,5,0.0,3.804,0.0,0.0,0.0,0.0,0.0,0.0,0.0
155.957,apt_walk_2,PARKED,0.0,0.0,0.0,4,0.0,3.771,0.0,0.0,0.0,0.0,0.0,0.0,0.0
156.089,apt_walk_2,PARKED,0.0,0.0,0.0,4,0.0,3.712,0.0,0.0,0.0,0.0,0.0,0.0,0.0
156.157,apt_walk_2,PARKED,0.0,0.0,0.0,4,0.0,3.752,0.0,0.0,0.0,0.0,0.0,0.0,0.0
156.29,apt_walk_2,PARKED,0.0,0.0,0.0,4,0.0,3.752,0.0,0.0,0.0,0.0,0.0,0.0,0.0
156.357,apt_walk_2,PARKED,0.0,0.0,0.0,4,0.0,3.752,0.0,0.0,0.0,0.0,0.0,0.0,0.0
156.458,apt_walk_2,PARKED,0.0,0.0,0.0,4,0.0,3.752,0.0,0.0,0.0,0.0,0.0,0.0,0.0
156.557,apt_walk_2,PARKED,0.0,0.0,0.0,4,0.0,3.752,0.0,0.0,0.0,0.0,0.0,0.0,0.0
156.657,apt_walk_2,PARKED,0.0,0.0,0.0,4,0.0,3.646,0.0,0.0,0.0,0.0,0.0,0.0,0.0
156.757,apt_walk_2,PARKED,0.0,0.0,0.0,4,0.0,3.646,0.0,0.0,0.0,0.0,0.0,0.0,0.0
156.858,apt_walk_2,PARKED,0.0,0.0,0.0,4,0.0,3.646,0.0,0.0,0.0,0.0,0.0,0.0,0.0
156.957,apt_walk_2,PARKED,0.0,0.0,0.0,4,0.0,3.646,0.0,0.0,0.0,0.0,0.0,0.0,0.0
157.078,apt_walk_2,PARKED,0.0,0.0,0.0,4,0.0,3.523,0.0,0.0,0.0,0.0,0.0,0.0,0.0
157.157,apt_walk_2,PARKED,0.0,0.0,0.0,4,0.0,3.523,0.0,0.0,0.0,0.0,0.0,0.0,0.0
157.3,apt_walk_2,PARKED,0.0,0.0,0.0,3,0.0,3.444,0.0,0.0,0.0,0.0,0.0,0.0,0.0
157.357,apt_walk_2,PARKED,0.0,0.0,0.0,3,0.0,3.444,0.0,0.0,0.0,0.0,0.0,0.0,0.0
157.457,apt_walk_2,PARKED,0.0,0.0,0.0,3,0.0,3.444,0.0,0.0,0.0,0.0,0.0,0.0,0.0
157.558,apt_walk_2,PARKED,0.0,0.0,0.0,3,0.0,3.194,0.0,0.0,0.0,0.0,0.0,0.0,0.0
157.657,apt_walk_2,PARKED,0.0,0.0,0.0,3,0.0,3.194,0.0,0.0,0.0,0.0,0.0,0.0,0.0
157.786,apt_walk_2,PARKED,0.0,0.0,0.0,3,0.0,3.014,0.0,0.0,0.0,0.0,0.0,0.0,0.0
157.901,apt_walk_2,PARKED,0.0,0.0,0.0,3,0.0,2.877,0.0,0.0,0.0,0.0,0.0,0.0,0.0
157.966,apt_walk_2,PARKED,0.0,0.0,0.0,3,0.0,2.63,0.0,0.0,0.0,0.0,0.0,0.0,0.0
158.058,apt_walk_2,PARKED,0.0,0.0,0.0,3,0.0,2.63,0.0,0.0,0.0,0.0,0.0,0.0,0.0
158.157,apt_walk_2,PARKED,0.0,0.0,0.0,3,0.0,2.63,0.0,0.0,0.0,0.0,0.0,0.0,0.0
158.301,apt_walk_2,PARKED,0.0,0.0,0.0,3,0.0,2.471,0.0,0.0,0.0,0.0,0.0,0.0,0.0
158.357,apt_walk_2,PARKED,0.0,0.0,0.0,3,0.0,2.471,0.0,0.0,0.0,0.0,0.0,0.0,0.0
158.457,apt_walk_2,PARKED,0.0,0.0,0.0,3,0.0,2.229,0.0,0.0,0.0,0.0,0.0,0.0,0.0
158.589,apt_walk_2,PARKED,0.0,0.0,0.0,3,0.0,2.023,0.0,0.0,0.0,0.0,0.0,0.0,0.0
158.657,apt_walk_2,PARKED,0.0,0.0,0.0,3,0.0,2.023,0.0,0.0,0.0,0.0,0.0,0.0,0.0
158.757,apt_walk_2,PARKED,0.0,0.0,0.0,3,0.0,2.023,0.0,0.0,0.0,0.0,0.0,0.0,0.0
158.857,apt_walk_2,PARKED,0.0,0.0,0.0,3,0.0,2.023,0.0,0.0,0.0,0.0,0.0,0.0,0.0
158.972,apt_walk_2,PARKED,0.0,0.0,0.0,3,0.4243,1.793,0.0,0.0,0.0,0.0,0.0,0.0,0.0
159.057,apt_walk_2,PARKED,0.0,0.0,0.0,3,0.4243,1.793,0.0,0.0,0.0,0.0,0.0,0.0,0.0
159.193,apt_walk_2,PARKED,0.0,0.0,0.0,3,0.621,1.681,0.0,0.0,0.0,0.0,0.0,0.0,0.0
159.257,apt_walk_2,PARKED,0.0,0.0,0.0,3,0.621,1.681,0.0,0.0,0.0,0.0,0.0,0.0,0.0
159.357,apt_walk_2,PARKED,0.0,0.0,0.0,3,0.3311,1.627,0.0,0.0,0.0,0.0,0.0,0.0,0.0
159.476,apt_walk_2,PARKED,0.0,0.0,0.0,3,0.621,1.528,0.0,0.0,0.0,0.0,0.0,0.0,0.0
159.557,apt_walk_2,PARKED,0.0,0.0,0.0,3,0.621,1.528,0.0,0.0,0.0,0.0,0.0,0.0,0.0
159.657,apt_walk_2,PARKED,0.0,0.0,0.0,3,0.621,1.528,0.0,0.0,0.0,0.0,0.0,0.0,0.0
159.795,apt_walk_2,PARKED,0.0,0.0,0.0,3,0.0376,1.439,0.0,0.0,0.0,0.0,0.0,0.0,0.0
159.857,apt_walk_2,PARKED,0.0,0.0,0.0,3,0.0376,1.439,0.0,0.0,0.0,0.0,0.0,0.0,0.0
159.957,apt_walk_2,PARKED,0.0,0.0,0.0,3,0.3001,1.452,0.0,0.0,0.0,0.0,0.0,0.0,0.0
160.085,apt_walk_2,PARKED,0.0,0.0,0.0,3,0.1351,1.443,0.0,0.0,0.0,0.0,0.0,0.0,0.0
160.158,apt_walk_2,PARKED,0.0,0.0,0.0,3,0.1351,1.443,0.0,0.0,0.0,0.0,0.0,0.0,0.0
160.257,apt_walk_2,PARKED,0.0,0.0,0.0,3,0.1351,1.443,0.0,0.0,0.0,0.0,0.0,0.0,0.0
160.392,apt_walk_2,PARKED,0.0,0.0,0.0,3,0.6104,1.56,0.0,0.0,0.0,0.0,0.0,0.0,0.0
160.46,apt_walk_2,PARKED,0.0,0.0,0.0,3,0.8761,1.661,0.0,0.0,0.0,0.0,0.0,0.0,0.0
160.557,apt_walk_2,PARKED,0.0,0.0,0.0,3,0.8761,1.661,0.0,0.0,0.0,0.0,0.0,0.0,0.0
160.687,apt_walk_2,PARKED,0.0,0.0,0.0,3,0.26,1.884,0.0,0.0,0.0,0.0,0.0,0.0,0.0
160.758,apt_walk_2,PARKED,0.0,0.0,0.0,3,0.0,1.948,0.0,0.0,0.0,0.0,0.0,0.0,0.0
160.857,apt_walk_2,PARKED,0.0,0.0,0.0,3,0.0,1.948,0.0,0.0,0.0,0.0,0.0,0.0,0.0
160.957,apt_walk_2,PARKED,0.0,0.0,0.0,3,0.0,1.948,0.0,0.0,0.0,0.0,0.0,0.0,0.0
161.057,apt_walk_2,PARKED,0.0,0.0,0.0,3,0.0,2.058,0.0,0.0,0.0,0.0,0.0,0.0,0.0
161.171,apt_walk_2,PARKED,0.0,0.0,0.0,3,0.0,2.198,0.0,0.0,0.0,0.0,0.0,0.0,0.0
161.257,apt_walk_2,PARKED,0.0,0.0,0.0,3,0.0,2.198,0.0,0.0,0.0,0.0,0.0,0.0,0.0
161.385,apt_walk_2,PARKED,0.0,0.0,0.0,3,0.0,2.337,0.0,0.0,0.0,0.0,0.0,0.0,0.0
161.486,apt_walk_2,PARKED,0.0,0.0,0.0,3,0.0,2.337,0.0,0.0,0.0,0.0,0.0,0.0,0.0
161.557,apt_walk_2,PARKED,0.0,0.0,0.0,3,0.0,2.721,0.0,0.0,0.0,0.0,0.0,0.0,0.0
161.657,apt_walk_2,PARKED,0.0,0.0,0.0,3,0.0,2.721,0.0,0.0,0.0,0.0,0.0,0.0,0.0
161.757,apt_walk_2,PARKED,0.0,0.0,0.0,3,0.0,2.721,0.0,0.0,0.0,0.0,0.0,0.0,0.0
161.893,apt_walk_2,PARKED,0.0,0.0,0.0,4,0.0,2.98,0.0,0.0,0.0,0.0,0.0,0.0,0.0
161.973,apt_walk_2,PARKED,0.0,0.0,0.0,4,0.0,2.98,0.0,0.0,0.0,0.0,0.0,0.0,0.0
162.057,apt_walk_2,PARKED,0.0,0.0,0.0,3,0.0,3.161,0.0,0.0,0.0,0.0,0.0,0.0,0.0
162.157,apt_walk_2,PARKED,0.0,0.0,0.0,4,0.0,3.088,0.0,0.0,0.0,0.0,0.0,0.0,0.0
162.257,apt_walk_2,PARKED,0.0,0.0,0.0,4,0.0,3.088,0.0,0.0,0.0,0.0,0.0,0.0,0.0
162.359,apt_walk_2,PARKED,0.0,0.0,0.0,4,0.0,3.088,0.0,0.0,0.0,0.0,0.0,0.0,0.0
162.456,apt_walk_2,PARKED,0.0,0.0,0.0,4,0.0,3.542,0.0,0.0,0.0,0.0,0.0,0.0,0.0
162.566,apt_walk_2,PARKED,0.0,0.0,0.0,4,0.0,3.676,0.0,0.0,0.0,0.0,0.0,0.0,0.0
162.657,apt_walk_2,PARKED,0.0,0.0,0.0,4,0.0,3.676,0.0,0.0,0.0,0.0,0.0,0.0,0.0
162.769,apt_walk_2,PARKED,0.0,0.0,0.0,4,0.0,3.72,0.0,0.0,0.0,0.0,0.0,0.0,0.0
162.857,apt_walk_2,PARKED,0.0,0.0,0.0,4,0.0,3.721,0.0,0.0,0.0,0.0,0.0,0.0,0.0
162.961,apt_walk_2,PARKED,0.0,0.0,0.0,4,0.0,3.747,0.0,0.0,0.0,0.0,0.0,0.0,0.0
163.057,apt_walk_2,PARKED,0.0,0.0,0.0,4,0.0,3.739,0.0,0.0,0.0,0.0,0.0,0.0,0.0
163.157,apt_walk_2,PARKED,0.0,0.0,0.0,4,0.0,3.739,0.0,0.0,0.0,0.0,0.0,0.0,0.0
163.257,apt_walk_2,PARKED,0.0,0.0,0.0,4,0.0,3.739,0.0,0.0,0.0,0.0,0.0,0.0,0.0
163.357,apt_walk_2,PARKED,0.0,0.0,0.0,4,0.0,3.739,0.0,0.0,0.0,0.0,0.0,0.0,0.0
163.457,apt_walk_2,PARKED,0.0,0.0,0.0,4,0.0,3.739,0.0,0.0,0.0,0.0,0.0,0.0,0.0
163.59,apt_walk_2,PARKED,0.0,0.0,0.0,4,0.0,3.768,0.0,0.0,0.0,0.0,0.0,0.0,0.0
163.664,apt_walk_2,PARKED,0.0,0.0,0.0,4,0.0,3.759,0.0,0.0,0.0,0.0,0.0,0.0,0.0
163.756,apt_walk_2,PARKED,0.0,0.0,0.0,4,0.0,3.759,0.0,0.0,0.0,0.0,0.0,0.0,0.0
163.857,apt_walk_2,PARKED,0.0,0.0,0.0,4,0.0,3.759,0.0,0.0,0.0,0.0,0.0,0.0,0.0
163.957,apt_walk_2,PARKED,0.0,0.0,0.0,4,0.0,3.759,0.0,0.0,0.0,0.0,0.0,0.0,0.0
164.105,apt_walk_2,PARKED,0.0,0.0,0.0,4,0.0,3.725,0.0,0.0,0.0,0.0,0.0,0.0,0.0
164.187,apt_walk_2,PARKED,0.0,0.0,0.0,4,0.0,3.767,0.0,0.0,0.0,0.0,0.0,0.0,0.0
164.257,apt_walk_2,PARKED,0.0,0.0,0.0,4,0.0,3.767,0.0,0.0,0.0,0.0,0.0,0.0,0.0
164.359,apt_walk_2,PARKED,0.0,0.0,0.0,4,0.0,3.745,0.0,0.0,0.0,0.0,0.0,0.0,0.0
164.482,apt_walk_2,PARKED,0.0,0.0,0.0,4,0.0,3.76,0.0,0.0,0.0,0.0,0.0,0.0,0.0
164.556,apt_walk_2,PARKED,0.0,0.0,0.0,4,0.0,3.747,0.0,0.0,0.0,0.0,0.0,0.0,0.0
164.657,apt_walk_2,PARKED,0.0,0.0,0.0,4,0.0,3.747,0.0,0.0,0.0,0.0,0.0,0.0,0.0
164.757,apt_walk_2,PARKED,0.0,0.0,0.0,4,0.0,3.747,0.0,0.0,0.0,0.0,0.0,0.0,0.0
164.857,apt_walk_2,PARKED,0.0,0.0,0.0,4,0.0,3.747,0.0,0.0,0.0,0.0,0.0,0.0,0.0
164.957,apt_walk_2,PARKED,0.0,0.0,0.0,4,0.0,3.747,0.0,0.0,0.0,0.0,0.0,0.0,0.0
165.072,apt_walk_2,PARKED,0.0,0.0,0.0,4,0.0,3.417,0.0,0.0,0.0,0.0,0.0,0.0,0.0
165.188,apt_walk_2,PARKED,0.0,0.0,0.0,4,0.0,3.417,0.0,0.0,0.0,0.0,0.0,0.0,0.0
165.257,apt_walk_2,PARKED,0.0,0.0,0.0,4,0.0,3.162,0.0,0.0,0.0,0.0,0.0,0.0,0.0
165.39,apt_walk_2,PARKED,0.0,0.0,0.0,4,0.0,3.096,0.0,0.0,0.0,0.0,0.0,0.0,0.0
165.458,apt_walk_2,PARKED,0.0,0.0,0.0,4,0.0,3.096,0.0,0.0,0.0,0.0,0.0,0.0,0.0
165.557,apt_walk_2,PARKED,0.0,0.0,0.0,4,0.0,2.997,0.0,0.0,0.0,0.0,0.0,0.0,0.0
165.701,apt_walk_2,PARKED,0.0,0.0,0.0,4,0.0,2.841,0.0,0.0,0.0,0.0,0.0,0.0,0.0
165.757,apt_walk_2,PARKED,0.0,0.0,0.0,4,0.0,2.841,0.0,0.0,0.0,0.0,0.0,0.0,0.0
165.857,apt_walk_2,PARKED,0.0,0.0,0.0,4,0.0,2.675,0.0,0.0,0.0,0.0,0.0,0.0,0.0
165.957,apt_walk_2,PARKED,0.0,0.0,0.0,4,0.0,2.551,0.0,0.0,0.0,0.0,0.0,0.0,0.0
166.102,apt_walk_2,PARKED,0.0,0.0,0.0,4,0.0,2.454,0.0,0.0,0.0,0.0,0.0,0.0,0.0
166.163,apt_walk_2,PARKED,0.0,0.0,0.0,3,0.0,2.37,0.0,0.0,0.0,0.0,0.0,0.0,0.0
166.289,apt_walk_2,PARKED,0.0,0.0,0.0,3,0.0,2.28,0.0,0.0,0.0,0.0,0.0,0.0,0.0
166.358,apt_walk_2,PARKED,0.0,0.0,0.0,3,0.0,2.28,0.0,0.0,0.0,0.0,0.0,0.0,0.0
166.457,apt_walk_2,PARKED,0.0,0.0,0.0,4,0.0,2.192,0.0,0.0,0.0,0.0,0.0,0.0,0.0
166.557,apt_walk_2,PARKED,0.0,0.0,0.0,4,0.0,2.125,0.0,0.0,0.0,0.0,0.0,0.0,0.0
166.657,apt_walk_2,PARKED,0.0,0.0,0.0,4,0.0,1.945,0.0,0.0,0.0,0.0,0.0,0.0,0.0
166.773,apt_walk_2,PARKED,0.0,0.0,0.0,4,0.0,1.851,0.0,0.0,0.0,0.0,0.0,0.0,0.0
166.894,apt_walk_2,PARKED,0.0,0.0,0.0,4,0.4166,1.767,0.0,0.0,0.0,0.0,0.0,0.0,0.0
166.957,apt_walk_2,PARKED,0.0,0.0,0.0,4,0.4166,1.767,0.0,0.0,0.0,0.0,0.0,0.0,0.0
167.058,apt_walk_2,PARKED,0.0,0.0,0.0,4,0.011,1.717,0.0,0.0,0.0,0.0,0.0,0.0,0.0
167.165,apt_walk_2,PARKED,0.0,0.0,0.0,4,0.329,1.627,0.0,0.0,0.0,0.0,0.0,0.0,0.0
167.265,apt_walk_2,PARKED,0.0,0.0,0.0,3,0.669,1.528,0.0,0.0,0.0,0.0,0.0,0.0,0.0
167.357,apt_walk_2,PARKED,0.0,0.0,0.0,3,0.3509,1.493,0.0,0.0,0.0,0.0,0.0,0.0,0.0
167.457,apt_walk_2,PARKED,0.0,0.0,0.0,3,0.3509,1.493,0.0,0.0,0.0,0.0,0.0,0.0,0.0
167.557,apt_walk_2,PARKED,0.0,0.0,0.0,3,0.091,1.484,0.0,0.0,0.0,0.0,0.0,0.0,0.0
167.701,apt_walk_2,PARKED,0.0,0.0,0.0,3,0.199,1.448,0.0,0.0,0.0,0.0,0.0,0.0,0.0
167.767,apt_walk_2,PARKED,0.0,0.0,0.0,3,0.3165,1.412,0.0,0.0,0.0,0.0,0.0,0.0,0.0
167.857,apt_walk_2,PARKED,0.0,0.0,0.0,3,0.3165,1.412,0.0,0.0,0.0,0.0,0.0,0.0,0.0
167.958,apt_walk_2,PARKED,0.0,0.0,0.0,3,0.3165,1.412,0.0,0.0,0.0,0.0,0.0,0.0,0.0
168.057,apt_walk_2,PARKED,0.0,0.0,0.0,3,0.3165,1.412,0.0,0.0,0.0,0.0,0.0,0.0,0.0
168.192,apt_walk_2,PARKED,0.0,0.0,0.0,3,0.2325,1.423,0.0,0.0,0.0,0.0,0.0,0.0,0.0
168.257,apt_walk_2,PARKED,0.0,0.0,0.0,3,0.5375,1.487,0.0,0.0,0.0,0.0,0.0,0.0,0.0
168.357,apt_walk_2,PARKED,0.0,0.0,0.0,3,0.5375,1.487,0.0,0.0,0.0,0.0,0.0,0.0,0.0
168.458,apt_walk_2,PARKED,0.0,0.0,0.0,3,0.5375,1.487,0.0,0.0,0.0,0.0,0.0,0.0,0.0
168.557,apt_walk_2,PARKED,0.0,0.0,0.0,3,0.5375,1.487,0.0,0.0,0.0,0.0,0.0,0.0,0.0
168.705,apt_walk_2,PARKED,0.0,0.0,0.0,3,0.641,1.853,0.0,0.0,0.0,0.0,0.0,0.0,0.0
168.787,apt_walk_2,PARKED,0.0,0.0,0.0,3,0.641,1.853,0.0,0.0,0.0,0.0,0.0,0.0,0.0
168.857,apt_walk_2,PARKED,0.0,0.0,0.0,3,0.341,1.957,0.0,0.0,0.0,0.0,0.0,0.0,0.0
168.957,apt_walk_2,PARKED,0.0,0.0,0.0,3,0.341,1.957,0.0,0.0,0.0,0.0,0.0,0.0,0.0
169.057,apt_walk_2,PARKED,0.0,0.0,0.0,3,0.041,2.031,0.0,0.0,0.0,0.0,0.0,0.0,0.0
169.158,apt_walk_2,PARKED,0.0,0.0,0.0,3,0.041,2.031,0.0,0.0,0.0,0.0,0.0,0.0,0.0
169.302,apt_walk_2,PARKED,0.0,0.0,0.0,3,0.0,2.398,0.0,0.0,0.0,0.0,0.0,0.0,0.0
169.357,apt_walk_2,PARKED,0.0,0.0,0.0,3,0.0,2.398,0.0,0.0,0.0,0.0,0.0,0.0,0.0
169.457,apt_walk_2,PARKED,0.0,0.0,0.0,3,0.0,2.398,0.0,0.0,0.0,0.0,0.0,0.0,0.0
169.557,apt_walk_2,PARKED,0.0,0.0,0.0,3,0.0,2.398,0.0,0.0,0.0,0.0,0.0,0.0,0.0
169.671,apt_walk_2,PARKED,0.0,0.0,0.0,3,0.0,2.655,0.0,0.0,0.0,0.0,0.0,0.0,0.0
169.801,apt_walk_2,PARKED,0.0,0.0,0.0,3,0.0,2.888,0.0,0.0,0.0,0.0,0.0,0.0,0.0
169.857,apt_walk_2,PARKED,0.0,0.0,0.0,3,0.0,2.888,0.0,0.0,0.0,0.0,0.0,0.0,0.0
169.979,apt_walk_2,PARKED,0.0,0.0,0.0,3,0.0,2.888,0.0,0.0,0.0,0.0,0.0,0.0,0.0
170.087,apt_walk_2,PARKED,0.0,0.0,0.0,3,0.0,2.974,0.0,0.0,0.0,0.0,0.0,0.0,0.0
170.157,apt_walk_2,PARKED,0.0,0.0,0.0,3,0.0,2.974,0.0,0.0,0.0,0.0,0.0,0.0,0.0
170.257,apt_walk_2,PARKED,0.0,0.0,0.0,3,0.0,3.269,0.0,0.0,0.0,0.0,0.0,0.0,0.0
170.37,apt_walk_2,PARKED,0.0,0.0,0.0,3,0.0,3.269,0.0,0.0,0.0,0.0,0.0,0.0,0.0
170.457,apt_walk_2,PARKED,0.0,0.0,0.0,3,0.0,3.269,0.0,0.0,0.0,0.0,0.0,0.0,0.0
170.557,apt_walk_2,PARKED,0.0,0.0,0.0,4,0.0,3.354,0.0,0.0,0.0,0.0,0.0,0.0,0.0
170.677,apt_walk_2,PARKED,0.0,0.0,0.0,4,0.0,3.525,0.0,0.0,0.0,0.0,0.0,0.0,0.0
170.804,apt_walk_2,PARKED,0.0,0.0,0.0,4,0.0,3.671,0.0,0.0,0.0,0.0,0.0,0.0,0.0
170.858,apt_walk_2,PARKED,0.0,0.0,0.0,4,0.0,3.671,0.0,0.0,0.0,0.0,0.0,0.0,0.0
171.003,apt_walk_2,PARKED,0.0,0.0,0.0,4,0.0,3.734,0.0,0.0,0.0,0.0,0.0,0.0,0.0
171.057,apt_walk_2,PARKED,0.0,0.0,0.0,4,0.0,3.734,0.0,0.0,0.0,0.0,0.0,0.0,0.0
171.157,apt_walk_2,PARKED,0.0,0.0,0.0,4,0.0,3.689,0.0,0.0,0.0,0.0,0.0,0.0,0.0
171.265,apt_walk_2,PARKED,0.0,0.0,0.0,4,0.0,3.699,0.0,0.0,0.0,0.0,0.0,0.0,0.0
171.402,apt_walk_2,PARKED,0.0,0.0,0.0,4,0.0,3.782,0.0,0.0,0.0,0.0,0.0,0.0,0.0
171.457,apt_walk_2,PARKED,0.0,0.0,0.0,4,0.0,3.782,0.0,0.0,0.0,0.0,0.0,0.0,0.0
171.58,apt_walk_2,PARKED,0.0,0.0,0.0,4,0.0,3.735,0.0,0.0,0.0,0.0,0.0,0.0,0.0
171.657,apt_walk_2,PARKED,0.0,0.0,0.0,4,0.0,3.716,0.0,0.0,0.0,0.0,0.0,0.0,0.0
171.787,apt_walk_2,PARKED,0.0,0.0,0.0,4,0.0,3.772,0.0,0.0,0.0,0.0,0.0,0.0,0.0
171.858,apt_walk_2,PARKED,0.0,0.0,0.0,4,0.0,3.772,0.0,0.0,0.0,0.0,0.0,0.0,0.0
171.957,apt_walk_2,PARKED,0.0,0.0,0.0,4,0.0,3.749,0.0,0.0,0.0,0.0,0.0,0.0,0.0
172.058,apt_walk_2,PARKED,0.0,0.0,0.0,4,0.0,3.745,0.0,0.0,0.0,0.0,0.0,0.0,0.0
172.173,apt_walk_2,PARKED,0.0,0.0,0.0,4,0.0,3.751,0.0,0.0,0.0,0.0,0.0,0.0,0.0
172.257,apt_walk_2,PARKED,0.0,0.0,0.0,4,0.0,3.751,0.0,0.0,0.0,0.0,0.0,0.0,0.0
172.357,apt_walk_2,PARKED,0.0,0.0,0.0,4,0.0,3.751,0.0,0.0,0.0,0.0,0.0,0.0,0.0
172.457,apt_walk_2,PARKED,0.0,0.0,0.0,4,0.0,3.751,0.0,0.0,0.0,0.0,0.0,0.0,0.0
172.569,apt_walk_2,PARKED,0.0,0.0,0.0,4,0.0,3.695,0.0,0.0,0.0,0.0,0.0,0.0,0.0
172.657,apt_walk_2,PARKED,0.0,0.0,0.0,3,0.0,3.716,0.0,0.0,0.0,0.0,0.0,0.0,0.0
172.758,apt_walk_2,PARKED,0.0,0.0,0.0,3,0.0,3.716,0.0,0.0,0.0,0.0,0.0,0.0,0.0
172.857,apt_walk_2,PARKED,0.0,0.0,0.0,3,0.0,3.716,0.0,0.0,0.0,0.0,0.0,0.0,0.0
172.957,apt_walk_2,PARKED,0.0,0.0,0.0,3,0.0,3.759,0.0,0.0,0.0,0.0,0.0,0.0,0.0
173.057,apt_walk_2,PARKED,0.0,0.0,0.0,3,0.0,3.61,0.0,0.0,0.0,0.0,0.0,0.0,0.0
173.157,apt_walk_2,PARKED,0.0,0.0,0.0,3,0.0,3.61,0.0,0.0,0.0,0.0,0.0,0.0,0.0
173.257,apt_walk_2,PARKED,0.0,0.0,0.0,3,0.0,3.61,0.0,0.0,0.0,0.0,0.0,0.0,0.0
173.378,apt_walk_2,PARKED,0.0,0.0,0.0,3,0.0,3.496,0.0,0.0,0.0,0.0,0.0,0.0,0.0
173.458,apt_walk_2,PARKED,0.0,0.0,0.0,3,0.0,3.496,0.0,0.0,0.0,0.0,0.0,0.0,0.0
173.557,apt_walk_2,PARKED,0.0,0.0,0.0,3,0.0,3.116,0.0,0.0,0.0,0.0,0.0,0.0,0.0
173.658,apt_walk_2,PARKED,0.0,0.0,0.0,3,0.0,3.057,0.0,0.0,0.0,0.0,0.0,0.0,0.0
173.76,apt_walk_2,PARKED,0.0,0.0,0.0,3,0.0,3.057,0.0,0.0,0.0,0.0,0.0,0.0,0.0
173.901,apt_walk_2,PARKED,0.0,0.0,0.0,3,0.0,2.887,0.0,0.0,0.0,0.0,0.0,0.0,0.0
173.973,apt_walk_2,PARKED,0.0,0.0,0.0,3,0.0,2.695,0.0,0.0,0.0,0.0,0.0,0.0,0.0
174.058,apt_walk_2,PARKED,0.0,0.0,0.0,3,0.0,2.564,0.0,0.0,0.0,0.0,0.0,0.0,0.0
174.157,apt_walk_2,PARKED,0.0,0.0,0.0,3,0.0,2.564,0.0,0.0,0.0,0.0,0.0,0.0,0.0
174.258,apt_walk_2,PARKED,0.0,0.0,0.0,3,0.0,2.564,0.0,0.0,0.0,0.0,0.0,0.0,0.0
174.357,apt_walk_2,PARKED,0.0,0.0,0.0,3,0.0,2.485,0.0,0.0,0.0,0.0,0.0,0.0,0.0
174.457,apt_walk_2,PARKED,0.0,0.0,0.0,3,0.0,2.328,0.0,0.0,0.0,0.0,0.0,0.0,0.0
174.557,apt_walk_2,PARKED,0.0,0.0,0.0,3,0.0,2.328,0.0,0.0,0.0,0.0,0.0,0.0,0.0
174.659,apt_walk_2,PARKED,0.0,0.0,0.0,3,0.0,2.259,0.0,0.0,0.0,0.0,0.0,0.0,0.0
174.757,apt_walk_2,PARKED,0.0,0.0,0.0,3,0.0,2.259,0.0,0.0,0.0,0.0,0.0,0.0,0.0
174.9,apt_walk_2,PARKED,0.0,0.0,0.0,3,0.0,2.013,0.0,0.0,0.0,0.0,0.0,0.0,0.0
174.957,apt_walk_2,PARKED,0.0,0.0,0.0,3,0.0,2.013,0.0,0.0,0.0,0.0,0.0,0.0,0.0
175.057,apt_walk_2,PARKED,0.0,0.0,0.0,3,0.0,2.013,0.0,0.0,0.0,0.0,0.0,0.0,0.0
175.157,apt_walk_2,PARKED,0.0,0.0,0.0,3,0.0,2.013,0.0,0.0,0.0,0.0,0.0,0.0,0.0
175.256,apt_walk_2,PARKED,0.0,0.0,0.0,4,0.3216,1.662,0.0,0.0,0.0,0.0,0.0,0.0,0.0
175.372,apt_walk_2,PARKED,0.0,0.0,0.0,4,0.3216,1.662,0.0,0.0,0.0,0.0,0.0,0.0,0.0
175.457,apt_walk_2,PARKED,0.0,0.0,0.0,4,0.3216,1.662,0.0,0.0,0.0,0.0,0.0,0.0,0.0
175.557,apt_walk_2,PARKED,0.0,0.0,0.0,4,0.3216,1.662,0.0,0.0,0.0,0.0,0.0,0.0,0.0
175.657,apt_walk_2,PARKED,0.0,0.0,0.0,3,0.101,1.604,0.0,0.0,0.0,0.0,0.0,0.0,0.0
175.757,apt_walk_2,PARKED,0.0,0.0,0.0,3,0.101,1.604,0.0,0.0,0.0,0.0,0.0,0.0,0.0
175.878,apt_walk_2,PARKED,0.0,0.0,0.0,3,0.2143,1.484,0.0,0.0,0.0,0.0,0.0,0.0,0.0
175.957,apt_walk_2,PARKED,0.0,0.0,0.0,3,0.2143,1.484,0.0,0.0,0.0,0.0,0.0,0.0,0.0
176.081,apt_walk_2,PARKED,0.0,0.0,0.0,3,0.2343,1.467,0.0,0.0,0.0,0.0,0.0,0.0,0.0
176.157,apt_walk_2,PARKED,0.0,0.0,0.0,3,0.2343,1.467,0.0,0.0,0.0,0.0,0.0,0.0,0.0
176.289,apt_walk_2,PARKED,0.0,0.0,0.0,3,0.4158,1.496,0.0,0.0,0.0,0.0,0.0,0.0,0.0
176.357,apt_walk_2,PARKED,0.0,0.0,0.0,3,0.4158,1.496,0.0,0.0,0.0,0.0,0.0,0.0,0.0
176.499,apt_walk_2,PARKED,0.0,0.0,0.0,3,0.4574,1.54,0.0,0.0,0.0,0.0,0.0,0.0,0.0
176.556,apt_walk_2,PARKED,0.0,0.0,0.0,3,0.7963,1.632,0.0,0.0,0.0,0.0,0.0,0.0,0.0
176.679,apt_walk_2,PARKED,0.0,0.0,0.0,3,0.9792,1.76,0.0,0.0,0.0,0.0,0.0,0.0,0.0
176.757,apt_walk_2,PARKED,0.0,0.0,0.0,3,0.9792,1.76,0.0,0.0,0.0,0.0,0.0,0.0,0.0
176.857,apt_walk_2,PARKED,0.0,0.0,0.0,3,0.9792,1.76,0.0,0.0,0.0,0.0,0.0,0.0,0.0
176.957,apt_walk_2,PARKED,0.0,0.0,0.0,3,0.9792,1.76,0.0,0.0,0.0,0.0,0.0,0.0,0.0
177.104,apt_walk_2,PARKED,0.0,0.0,0.0,3,0.079,2.089,0.0,0.0,0.0,0.0,0.0,0.0,0.0
177.157,apt_walk_2,PARKED,0.0,0.0,0.0,3,0.079,2.089,0.0,0.0,0.0,0.0,0.0,0.0,0.0
177.257,apt_walk_2,PARKED,0.0,0.0,0.0,3,0.079,2.089,0.0,0.0,0.0,0.0,0.0,0.0,0.0
177.357,apt_walk_2,PARKED,0.0,0.0,0.0,3,0.079,2.089,0.0,0.0,0.0,0.0,0.0,0.0,0.0
177.458,apt_walk_2,PARKED,0.0,0.0,0.0,3,0.079,2.089,0.0,0.0,0.0,0.0,0.0,0.0,0.0
177.558,apt_walk_2,PARKED,0.0,0.0,0.0,3,0.079,2.089,0.0,0.0,0.0,0.0,0.0,0.0,0.0
177.668,apt_walk_2,PARKED,0.0,0.0,0.0,3,0.0,2.553,0.0,0.0,0.0,0.0,0.0,0.0,0.0
177.758,apt_walk_2,PARKED,0.0,0.0,0.0,3,0.0,2.553,0.0,0.0,0.0,0.0,0.0,0.0,0.0
177.857,apt_walk_2,PARKED,0.0,0.0,0.0,3,0.0,2.686,0.0,0.0,0.0,0.0,0.0,0.0,0.0
177.957,apt_walk_2,PARKED,0.0,0.0,0.0,3,0.0,2.686,0.0,0.0,0.0,0.0,0.0,0.0,0.0
178.061,apt_walk_2,PARKED,0.0,0.0,0.0,3,0.0,2.997,0.0,0.0,0.0,0.0,0.0,0.0,0.0
178.158,apt_walk_2,PARKED,0.0,0.0,0.0,3,0.0,2.997,0.0,0.0,0.0,0.0,0.0,0.0,0.0
178.257,apt_walk_2,PARKED,0.0,0.0,0.0,3,0.0,2.997,0.0,0.0,0.0,0.0,0.0,0.0,0.0
178.357,apt_walk_2,PARKED,0.0,0.0,0.0,3,0.0,2.997,0.0,0.0,0.0,0.0,0.0,0.0,0.0
178.474,apt_walk_2,PARKED,0.0,0.0,0.0,4,0.0,3.046,0.0,0.0,0.0,0.0,0.0,0.0,0.0
178.558,apt_walk_2,PARKED,0.0,0.0,0.0,4,0.0,3.372,0.0,0.0,0.0,0.0,0.0,0.0,0.0
178.686,apt_walk_2,PARKED,0.0,0.0,0.0,4,0.0,3.372,0.0,0.0,0.0,0.0,0.0,0.0,0.0
178.757,apt_walk_2,PARKED,0.0,0.0,0.0,3,0.0,3.542,0.0,0.0,0.0,0.0,0.0,0.0,0.0
178.863,apt_walk_2,PARKED,0.0,0.0,0.0,4,0.0,3.491,0.0,0.0,0.0,0.0,0.0,0.0,0.0
178.958,apt_walk_2,PARKED,0.0,0.0,0.0,4,0.0,3.491,0.0,0.0,0.0,0.0,0.0,0.0,0.0
179.057,apt_walk_2,PARKED,0.0,0.0,0.0,4,0.0,3.562,0.0,0.0,0.0,0.0,0.0,0.0,0.0
179.157,apt_walk_2,PARKED,0.0,0.0,0.0,4,0.0,3.562,0.0,0.0,0.0,0.0,0.0,0.0,0.0
179.29,apt_walk_2,PARKED,0.0,0.0,0.0,5,0.0,3.707,0.0,0.0,0.0,0.0,0.0,0.0,0.0
179.357,apt_walk_2,PARKED,0.0,0.0,0.0,5,0.0,3.707,0.0,0.0,0.0,0.0,0.0,0.0,0.0
179.457,apt_walk_2,PARKED,0.0,0.0,0.0,5,0.0,3.707,0.0,0.0,0.0,0.0,0.0,0.0,0.0
179.558,apt_walk_2,PARKED,0.0,0.0,0.0,5,0.0,3.707,0.0,0.0,0.0,0.0,0.0,0.0,0.0
179.662,apt_walk_2,PARKED,0.0,0.0,0.0,5,0.0,3.681,0.0,0.0,0.0,0.0,0.0,0.0,0.0
179.784,apt_walk_2,PARKED,0.0,0.0,0.0,5,0.0,3.776,0.0,0.0,0.0,0.0,0.0,0.0,0.0
179.858,apt_walk_2,PARKED,0.0,0.0,0.0,5,0.0,3.776,0.0,0.0,0.0,0.0,0.0,0.0,0.0
179.957,apt_walk_2,PARKED,0.0,0.0,0.0,5,0.0,3.776,0.0,0.0,0.0,0.0,0.0,0.0,0.0
180.058,apt_walk_2,PARKED,0.0,0.0,0.0,5,0.0,3.82,0.0,0.0,0.0,0.0,0.0,0.0,0.0
180.157,apt_walk_2,PARKED,0.0,0.0,0.0,5,0.0,3.82,0.0,0.0,0.0,0.0,0.0,0.0,0.0
180.257,apt_walk_2,PARKED,0.0,0.0,0.0,5,0.0,3.701,0.0,0.0,0.0,0.0,0.0,0.0,0.0
180.385,apt_walk_2,PARKED,0.0,0.0,0.0,5,0.0,3.701,0.0,0.0,0.0,0.0,0.0,0.0,0.0
180.5,apt_walk_2,PARKED,0.0,0.0,0.0,4,0.0,3.686,0.0,0.0,0.0,0.0,0.0,0.0,0.0
180.558,apt_walk_2,PARKED,0.0,0.0,0.0,4,0.0,3.678,0.0,0.0,0.0,0.0,0.0,0.0,0.0
180.676,apt_walk_2,PARKED,0.0,0.0,0.0,4,0.0,3.632,0.0,0.0,0.0,0.0,0.0,0.0,0.0
180.804,apt_walk_2,PARKED,0.0,0.0,0.0,4,0.0,3.693,0.0,0.0,0.0,0.0,0.0,0.0,0.0
180.858,apt_walk_2,PARKED,0.0,0.0,0.0,4,0.0,3.693,0.0,0.0,0.0,0.0,0.0,0.0,0.0
180.961,apt_walk_2,PARKED,0.0,0.0,0.0,4,0.0,3.687,0.0,0.0,0.0,0.0,0.0,0.0,0.0
181.088,apt_walk_2,PARKED,0.0,0.0,0.0,4,0.0,3.618,0.0,0.0,0.0,0.0,0.0,0.0,0.0
181.157,apt_walk_2,PARKED,0.0,0.0,0.0,4,0.0,3.618,0.0,0.0,0.0,0.0,0.0,0.0,0.0
181.257,apt_walk_2,PARKED,0.0,0.0,0.0,4,0.0,3.618,0.0,0.0,0.0,0.0,0.0,0.0,0.0
181.357,apt_walk_2,PARKED,0.0,0.0,0.0,4,0.0,3.44,0.0,0.0,0.0,0.0,0.0,0.0,0.0
181.457,apt_walk_2,PARKED,0.0,0.0,0.0,4,0.0,3.369,0.0,0.0,0.0,0.0,0.0,0.0,0.0
181.558,apt_walk_2,PARKED,0.0,0.0,0.0,4,0.0,3.177,0.0,0.0,0.0,0.0,0.0,0.0,0.0
181.657,apt_walk_2,PARKED,0.0,0.0,0.0,4,0.0,3.177,0.0,0.0,0.0,0.0,0.0,0.0,0.0
181.779,apt_walk_2,PARKED,0.0,0.0,0.0,4,0.0,2.892,0.0,0.0,0.0,0.0,0.0,0.0,0.0
181.857,apt_walk_2,PARKED,0.0,0.0,0.0,4,0.0,2.892,0.0,0.0,0.0,0.0,0.0,0.0,0.0
181.994,apt_walk_2,PARKED,0.0,0.0,0.0,4,0.0,2.892,0.0,0.0,0.0,0.0,0.0,0.0,0.0
182.057,apt_walk_2,PARKED,0.0,0.0,0.0,4,0.0,2.85,0.0,0.0,0.0,0.0,0.0,0.0,0.0
182.157,apt_walk_2,PARKED,0.0,0.0,0.0,4,0.0,2.85,0.0,0.0,0.0,0.0,0.0,0.0,0.0
182.27,apt_walk_2,PARKED,0.0,0.0,0.0,3,0.0,2.631,0.0,0.0,0.0,0.0,0.0,0.0,0.0
182.357,apt_walk_2,PARKED,0.0,0.0,0.0,3,0.0,2.506,0.0,0.0,0.0,0.0,0.0,0.0,0.0
182.457,apt_walk_2,PARKED,0.0,0.0,0.0,3,0.0,2.506,0.0,0.0,0.0,0.0,0.0,0.0,0.0
182.557,apt_walk_2,PARKED,0.0,0.0,0.0,3,0.0,2.506,0.0,0.0,0.0,0.0,0.0,0.0,0.0
182.656,apt_walk_2,PARKED,0.0,0.0,0.0,3,0.0,2.416,0.0,0.0,0.0,0.0,0.0,0.0,0.0
182.782,apt_walk_2,PARKED,0.0,0.0,0.0,3,0.0,2.11,0.0,0.0,0.0,0.0,0.0,0.0,0.0
182.906,apt_walk_2,PARKED,0.0,0.0,0.0,3,0.0,2.11,0.0,0.0,0.0,0.0,0.0,0.0,0.0
182.958,apt_walk_2,PARKED,0.0,0.0,0.0,3,0.0,2.11,0.0,0.0,0.0,0.0,0.0,0.0,0.0
183.067,apt_walk_2,PARKED,0.0,0.0,0.0,3,0.0,1.898,0.0,0.0,0.0,0.0,0.0,0.0,0.0
183.157,apt_walk_2,PARKED,0.0,0.0,0.0,3,0.0,1.898,0.0,0.0,0.0,0.0,0.0,0.0,0.0
183.257,apt_walk_2,PARKED,0.0,0.0,0.0,3,0.0,1.831,0.0,0.0,0.0,0.0,0.0,0.0,0.0
183.357,apt_walk_2,PARKED,0.0,0.0,0.0,3,0.0,1.831,0.0,0.0,0.0,0.0,0.0,0.0,0.0
183.469,apt_walk_2,PARKED,0.0,0.0,0.0,3,0.393,1.714,0.0,0.0,0.0,0.0,0.0,0.0,0.0
183.557,apt_walk_2,PARKED,0.0,0.0,0.0,3,0.6005,1.65,0.0,0.0,0.0,0.0,0.0,0.0,0.0
183.658,apt_walk_2,PARKED,0.0,0.0,0.0,3,0.6005,1.65,0.0,0.0,0.0,0.0,0.0,0.0,0.0
183.764,apt_walk_2,PARKED,0.0,0.0,0.0,3,0.3506,1.627,0.0,0.0,0.0,0.0,0.0,0.0,0.0
183.881,apt_walk_2,PARKED,0.0,0.0,0.0,3,0.3506,1.627,0.0,0.0,0.0,0.0,0.0,0.0,0.0
184.004,apt_walk_2,PARKED,0.0,0.0,0.0,3,0.4916,1.519,0.0,0.0,0.0,0.0,0.0,0.0,0.0
184.058,apt_walk_2,PARKED,0.0,0.0,0.0,3,0.4916,1.519,0.0,0.0,0.0,0.0,0.0,0.0,0.0
184.157,apt_walk_2,PARKED,0.0,0.0,0.0,3,0.4916,1.519,0.0,0.0,0.0,0.0,0.0,0.0,0.0
184.257,apt_walk_2,PARKED,0.0,0.0,0.0,3,0.3292,1.477,0.0,0.0,0.0,0.0,0.0,0.0,0.0
184.357,apt_walk_2,PARKED,0.0,0.0,0.0,3,0.3292,1.477,0.0,0.0,0.0,0.0,0.0,0.0,0.0
184.457,apt_walk_2,PARKED,0.0,0.0,0.0,3,0.3292,1.477,0.0,0.0,0.0,0.0,0.0,0.0,0.0
184.557,apt_walk_2,PARKED,0.0,0.0,0.0,3,0.3292,1.477,0.0,0.0,0.0,0.0,0.0,0.0,0.0
184.689,apt_walk_2,PARKED,0.0,0.0,0.0,3,0.0782,1.466,0.0,0.0,0.0,0.0,0.0,0.0,0.0
184.76,apt_walk_2,PARKED,0.0,0.0,0.0,3,0.4478,1.497,0.0,0.0,0.0,0.0,0.0,0.0,0.0
184.897,apt_walk_2,PARKED,0.0,0.0,0.0,3,0.6673,1.676,0.0,0.0,0.0,0.0,0.0,0.0,0.0
184.958,apt_walk_2,PARKED,0.0,0.0,0.0,3,0.6673,1.676,0.0,0.0,0.0,0.0,0.0,0.0,0.0
185.058,apt_walk_2,PARKED,0.0,0.0,0.0,3,0.4333,1.752,0.0,0.0,0.0,0.0,0.0,0.0,0.0
185.157,apt_walk_2,PARKED,0.0,0.0,0.0,3,0.4333,1.752,0.0,0.0,0.0,0.0,0.0,0.0,0.0
185.257,apt_walk_2,PARKED,0.0,0.0,0.0,3,0.4333,1.752,0.0,0.0,0.0,0.0,0.0,0.0,0.0
185.357,apt_walk_2,PARKED,0.0,0.0,0.0,3,0.066,1.901,0.0,0.0,0.0,0.0,0.0,0.0,0.0
185.457,apt_walk_2,PARKED,0.0,0.0,0.0,3,0.066,1.901,0.0,0.0,0.0,0.0,0.0,0.0,0.0
185.558,apt_walk_2,PARKED,0.0,0.0,0.0,3,0.066,1.901,0.0,0.0,0.0,0.0,0.0,0.0,0.0
185.658,apt_walk_2,PARKED,0.0,0.0,0.0,3,0.066,1.901,0.0,0.0,0.0,0.0,0.0,0.0,0.0
185.801,apt_walk_2,PARKED,0.0,0.0,0.0,3,0.0,2.409,0.0,0.0,0.0,0.0,0.0,0.0,0.0
185.857,apt_walk_2,PARKED,0.0,0.0,0.0,3,0.0,2.409,0.0,0.0,0.0,0.0,0.0,0.0,0.0
185.957,apt_walk_2,PARKED,0.0,0.0,0.0,3,0.0,2.409,0.0,0.0,0.0,0.0,0.0,0.0,0.0
186.057,apt_walk_2,PARKED,0.0,0.0,0.0,3,0.0,2.528,0.0,0.0,0.0,0.0,0.0,0.0,0.0
186.157,apt_walk_2,PARKED,0.0,0.0,0.0,3,0.0,2.528,0.0,0.0,0.0,0.0,0.0,0.0,0.0
186.301,apt_walk_2,PARKED,0.0,0.0,0.0,3,0.0,2.845,0.0,0.0,0.0,0.0,0.0,0.0,0.0
186.357,apt_walk_2,PARKED,0.0,0.0,0.0,3,0.0,2.845,0.0,0.0,0.0,0.0,0.0,0.0,0.0
186.457,apt_walk_2,PARKED,0.0,0.0,0.0,3,0.0,2.845,0.0,0.0,0.0,0.0,0.0,0.0,0.0
186.557,apt_walk_2,PARKED,0.0,0.0,0.0,3,0.0,2.845,0.0,0.0,0.0,0.0,0.0,0.0,0.0
186.701,apt_walk_2,PARKED,0.0,0.0,0.0,3,0.0,3.307,0.0,0.0,0.0,0.0,0.0,0.0,0.0
186.757,apt_walk_2,PARKED,0.0,0.0,0.0,3,0.0,3.307,0.0,0.0,0.0,0.0,0.0,0.0,0.0
186.886,apt_walk_2,PARKED,0.0,0.0,0.0,3,0.0,3.394,0.0,0.0,0.0,0.0,0.0,0.0,0.0
186.957,apt_walk_2,PARKED,0.0,0.0,0.0,3,0.0,3.394,0.0,0.0,0.0,0.0,0.0,0.0,0.0
187.071,apt_walk_2,PARKED,0.0,0.0,0.0,3,0.0,3.438,0.0,0.0,0.0,0.0,0.0,0.0,0.0
187.157,apt_walk_2,PARKED,0.0,0.0,0.0,3,0.0,3.694,0.0,0.0,0.0,0.0,0.0,0.0,0.0
187.258,apt_walk_2,PARKED,0.0,0.0,0.0,3,0.0,3.694,0.0,0.0,0.0,0.0,0.0,0.0,0.0
187.357,apt_walk_2,PARKED,0.0,0.0,0.0,3,0.0,3.694,0.0,0.0,0.0,0.0,0.0,0.0,0.0
187.457,apt_walk_2,PARKED,0.0,0.0,0.0,3,0.0,3.694,0.0,0.0,0.0,0.0,0.0,0.0,0.0
187.596,apt_walk_2,PARKED,0.0,0.0,0.0,3,0.0,3.691,0.0,0.0,0.0,0.0,0.0,0.0,0.0
187.658,apt_walk_2,PARKED,0.0,0.0,0.0,3,0.0,3.691,0.0,0.0,0.0,0.0,0.0,0.0,0.0
187.757,apt_walk_2,PARKED,0.0,0.0,0.0,3,0.0,3.691,0.0,0.0,0.0,0.0,0.0,0.0,0.0
187.856,apt_walk_2,PARKED,0.0,0.0,0.0,4,0.0,3.802,0.0,0.0,0.0,0.0,0.0,0.0,0.0
187.969,apt_walk_2,PARKED,0.0,0.0,0.0,3,0.0,3.8,0.0,0.0,0.0,0.0,0.0,0.0,0.0
188.058,apt_walk_2,PARKED,0.0,0.0,0.0,4,0.0,3.74,0.0,0.0,0.0,0.0,0.0,0.0,0.0
188.158,apt_walk_2,PARKED,0.0,0.0,0.0,4,0.0,3.74,0.0,0.0,0.0,0.0,0.0,0.0,0.0
188.282,apt_walk_2,PARKED,0.0,0.0,0.0,4,0.0,3.74,0.0,0.0,0.0,0.0,0.0,0.0,0.0
188.358,apt_walk_2,PARKED,0.0,0.0,0.0,4,0.0,3.74,0.0,0.0,0.0,0.0,0.0,0.0,0.0
188.457,apt_walk_2,PARKED,0.0,0.0,0.0,3,0.0,3.741,0.0,0.0,0.0,0.0,0.0,0.0,0.0
188.558,apt_walk_2,PARKED,0.0,0.0,0.0,3,0.0,3.741,0.0,0.0,0.0,0.0,0.0,0.0,0.0
188.657,apt_walk_2,PARKED,0.0,0.0,0.0,4,0.0,3.773,0.0,0.0,0.0,0.0,0.0,0.0,0.0
188.757,apt_walk_2,PARKED,0.0,0.0,0.0,4,0.0,3.773,0.0,0.0,0.0,0.0,0.0,0.0,0.0
188.892,apt_walk_2,PARKED,0.0,0.0,0.0,4,0.0,3.694,0.0,0.0,0.0,0.0,0.0,0.0,0.0
188.964,apt_walk_2,PARKED,0.0,0.0,0.0,4,0.0,3.694,0.0,0.0,0.0,0.0,0.0,0.0,0.0
189.071,apt_walk_2,PARKED,0.0,0.0,0.0,4,0.0,3.695,0.0,0.0,0.0,0.0,0.0,0.0,0.0
189.157,apt_walk_2,PARKED,0.0,0.0,0.0,4,0.0,3.695,0.0,0.0,0.0,0.0,0.0,0.0,0.0
189.284,apt_walk_2,PARKED,0.0,0.0,0.0,4,0.0,3.537,0.0,0.0,0.0,0.0,0.0,0.0,0.0
189.358,apt_walk_2,PARKED,0.0,0.0,0.0,4,0.0,3.537,0.0,0.0,0.0,0.0,0.0,0.0,0.0
189.457,apt_walk_2,PARKED,0.0,0.0,0.0,4,0.0,3.537,0.0,0.0,0.0,0.0,0.0,0.0,0.0
189.557,apt_walk_2,PARKED,0.0,0.0,0.0,4,0.0,3.472,0.0,0.0,0.0,0.0,0.0,0.0,0.0
189.657,apt_walk_2,PARKED,0.0,0.0,0.0,4,0.0,3.472,0.0,0.0,0.0,0.0,0.0,0.0,0.0
189.757,apt_walk_2,PARKED,0.0,0.0,0.0,4,0.0,3.241,0.0,0.0,0.0,0.0,0.0,0.0,0.0
189.857,apt_walk_2,PARKED,0.0,0.0,0.0,4,0.0,3.241,0.0,0.0,0.0,0.0,0.0,0.0,0.0
189.957,apt_walk_2,PARKED,0.0,0.0,0.0,4,0.0,3.118,0.0,0.0,0.0,0.0,0.0,0.0,0.0
190.057,apt_walk_2,PARKED,0.0,0.0,0.0,4,0.0,3.187,0.0,0.0,0.0,0.0,0.0,0.0,0.0
190.198,apt_walk_2,PARKED,0.0,0.0,0.0,4,0.0,2.68,0.0,0.0,0.0,0.0,0.0,0.0,0.0
190.257,apt_walk_2,PARKED,0.0,0.0,0.0,4,0.0,2.68,0.0,0.0,0.0,0.0,0.0,0.0,0.0
190.357,apt_walk_2,PARKED,0.0,0.0,0.0,4,0.0,2.68,0.0,0.0,0.0,0.0,0.0,0.0,0.0
190.489,apt_walk_2,PARKED,0.0,0.0,0.0,4,0.0,2.486,0.0,0.0,0.0,0.0,0.0,0.0,0.0
190.557,apt_walk_2,PARKED,0.0,0.0,0.0,4,0.0,2.361,0.0,0.0,0.0,0.0,0.0,0.0,0.0
190.658,apt_walk_2,PARKED,0.0,0.0,0.0,4,0.0,2.361,0.0,0.0,0.0,0.0,0.0,0.0,0.0
190.756,apt_walk_2,PARKED,0.0,0.0,0.0,4,0.0,2.361,0.0,0.0,0.0,0.0,0.0,0.0,0.0
190.858,apt_walk_2,PARKED,0.0,0.0,0.0,4,0.0,2.361,0.0,0.0,0.0,0.0,0.0,0.0,0.0
190.957,apt_walk_2,PARKED,0.0,0.0,0.0,4,0.0,2.361,0.0,0.0,0.0,0.0,0.0,0.0,0.0
191.096,apt_walk_2,PARKED,0.0,0.0,0.0,3,0.0,1.956,0.0,0.0,0.0,0.0,0.0,0.0,0.0
191.157,apt_walk_2,PARKED,0.0,0.0,0.0,3,0.0,1.956,0.0,0.0,0.0,0.0,0.0,0.0,0.0
191.265,apt_walk_2,PARKED,0.0,0.0,0.0,3,0.0,1.956,0.0,0.0,0.0,0.0,0.0,0.0,0.0
191.357,apt_walk_2,PARKED,0.0,0.0,0.0,3,0.0,1.956,0.0,0.0,0.0,0.0,0.0,0.0,0.0
191.49,apt_walk_2,PARKED,0.0,0.0,0.0,3,0.0,1.804,0.0,0.0,0.0,0.0,0.0,0.0,0.0
191.558,apt_walk_2,PARKED,0.0,0.0,0.0,3,0.3924,1.731,0.0,0.0,0.0,0.0,0.0,0.0,0.0
191.657,apt_walk_2,PARKED,0.0,0.0,0.0,3,0.3924,1.731,0.0,0.0,0.0,0.0,0.0,0.0,0.0
191.757,apt_walk_2,PARKED,0.0,0.0,0.0,3,0.3924,1.731,0.0,0.0,0.0,0.0,0.0,0.0,0.0
191.857,apt_walk_2,PARKED,0.0,0.0,0.0,3,0.3924,1.731,0.0,0.0,0.0,0.0,0.0,0.0,0.0
191.998,apt_walk_2,PARKED,0.0,0.0,0.0,3,0.3414,1.555,0.0,0.0,0.0,0.0,0.0,0.0,0.0
192.057,apt_walk_2,PARKED,0.0,0.0,0.0,3,0.3414,1.555,0.0,0.0,0.0,0.0,0.0,0.0,0.0
192.157,apt_walk_2,PARKED,0.0,0.0,0.0,3,0.3414,1.555,0.0,0.0,0.0,0.0,0.0,0.0,0.0
192.257,apt_walk_2,PARKED,0.0,0.0,0.0,3,0.3414,1.555,0.0,0.0,0.0,0.0,0.0,0.0,0.0
192.357,apt_walk_2,PARKED,0.0,0.0,0.0,3,0.3414,1.555,0.0,0.0,0.0,0.0,0.0,0.0,0.0
192.457,apt_walk_2,PARKED,0.0,0.0,0.0,3,0.3414,1.555,0.0,0.0,0.0,0.0,0.0,0.0,0.0
192.556,apt_walk_2,PARKED,0.0,0.0,0.0,3,0.3414,1.555,0.0,0.0,0.0,0.0,0.0,0.0,0.0
192.657,apt_walk_2,PARKED,0.0,0.0,0.0,3,0.3414,1.555,0.0,0.0,0.0,0.0,0.0,0.0,0.0
192.777,apt_walk_2,PARKED,0.0,0.0,0.0,3,0.3118,1.565,0.0,0.0,0.0,0.0,0.0,0.0,0.0
192.857,apt_walk_2,PARKED,0.0,0.0,0.0,3,0.3118,1.565,0.0,0.0,0.0,0.0,0.0,0.0,0.0
192.957,apt_walk_2,PARKED,0.0,0.0,0.0,3,0.3,1.855,0.0,0.0,0.0,0.0,0.0,0.0,0.0
193.06,apt_walk_2,PARKED,0.0,0.0,0.0,3,0.3,1.855,0.0,0.0,0.0,0.0,0.0,0.0,0.0
193.205,apt_walk_2,PARKED,0.0,0.0,0.0,3,0.0,1.973,0.0,0.0,0.0,0.0,0.0,0.0,0.0
193.276,apt_walk_2,PARKED,0.0,0.0,0.0,3,0.0,2.054,0.0,0.0,0.0,0.0,0.0,0.0,0.0
193.357,apt_walk_2,PARKED,0.0,0.0,0.0,3,0.0,2.164,0.0,0.0,0.0,0.0,0.0,0.0,0.0
193.457,apt_walk_2,PARKED,0.0,0.0,0.0,3,0.0,2.164,0.0,0.0,0.0,0.0,0.0,0.0,0.0
193.557,apt_walk_2,PARKED,0.0,0.0,0.0,3,0.0,2.164,0.0,0.0,0.0,0.0,0.0,0.0,0.0
193.674,apt_walk_2,PARKED,0.0,0.0,0.0,3,0.0,2.461,0.0,0.0,0.0,0.0,0.0,0.0,0.0
193.757,apt_walk_2,PARKED,0.0,0.0,0.0,3,0.0,2.461,0.0,0.0,0.0,0.0,0.0,0.0,0.0
193.857,apt_walk_2,PARKED,0.0,0.0,0.0,3,0.0,2.537,0.0,0.0,0.0,0.0,0.0,0.0,0.0
193.97,apt_walk_2,PARKED,0.0,0.0,0.0,3,0.0,2.782,0.0,0.0,0.0,0.0,0.0,0.0,0.0
194.083,apt_walk_2,PARKED,0.0,0.0,0.0,3,0.0,2.811,0.0,0.0,0.0,0.0,0.0,0.0,0.0
194.157,apt_walk_2,PARKED,0.0,0.0,0.0,3,0.0,2.919,0.0,0.0,0.0,0.0,0.0,0.0,0.0
194.266,apt_walk_2,PARKED,0.0,0.0,0.0,3,0.0,2.919,0.0,0.0,0.0,0.0,0.0,0.0,0.0
194.384,apt_walk_2,PARKED,0.0,0.0,0.0,3,0.0,3.078,0.0,0.0,0.0,0.0,0.0,0.0,0.0
194.457,apt_walk_2,PARKED,0.0,0.0,0.0,3,0.0,3.199,0.0,0.0,0.0,0.0,0.0,0.0,0.0
194.557,apt_walk_2,PARKED,0.0,0.0,0.0,3,0.0,3.199,0.0,0.0,0.0,0.0,0.0,0.0,0.0
194.657,apt_walk_2,PARKED,0.0,0.0,0.0,3,0.0,3.199,0.0,0.0,0.0,0.0,0.0,0.0,0.0
194.762,apt_walk_2,PARKED,0.0,0.0,0.0,3,0.0,3.289,0.0,0.0,0.0,0.0,0.0,0.0,0.0
194.858,apt_walk_2,PARKED,0.0,0.0,0.0,3,0.0,3.487,0.0,0.0,0.0,0.0,0.0,0.0,0.0
194.957,apt_walk_2,PARKED,0.0,0.0,0.0,3,0.0,3.487,0.0,0.0,0.0,0.0,0.0,0.0,0.0
195.057,apt_walk_2,PARKED,0.0,0.0,0.0,3,0.0,3.695,0.0,0.0,0.0,0.0,0.0,0.0,0.0
195.157,apt_walk_2,PARKED,0.0,0.0,0.0,3,0.0,3.695,0.0,0.0,0.0,0.0,0.0,0.0,0.0
195.281,apt_walk_2,PARKED,0.0,0.0,0.0,3,0.0,3.677,0.0,0.0,0.0,0.0,0.0,0.0,0.0
195.358,apt_walk_2,PARKED,0.0,0.0,0.0,3,0.0,3.775,0.0,0.0,0.0,0.0,0.0,0.0,0.0
195.503,apt_walk_2,PARKED,0.0,0.0,0.0,3,0.0,3.764,0.0,0.0,0.0,0.0,0.0,0.0,0.0
195.557,apt_walk_2,PARKED,0.0,0.0,0.0,3,0.0,3.764,0.0,0.0,0.0,0.0,0.0,0.0,0.0
195.673,apt_walk_2,PARKED,0.0,0.0,0.0,3,0.0,3.69,0.0,0.0,0.0,0.0,0.0,0.0,0.0
195.803,apt_walk_2,PARKED,0.0,0.0,0.0,4,0.0,3.742,0.0,0.0,0.0,0.0,0.0,0.0,0.0
195.857,apt_walk_2,PARKED,0.0,0.0,0.0,4,0.0,3.742,0.0,0.0,0.0,0.0,0.0,0.0,0.0
195.957,apt_walk_2,PARKED,0.0,0.0,0.0,4,0.0,3.742,0.0,0.0,0.0,0.0,0.0,0.0,0.0
196.106,apt_walk_2,PARKED,0.0,0.0,0.0,3,0.0,3.758,0.0,0.0,0.0,0.0,0.0,0.0,0.0
196.17,apt_walk_2,PARKED,0.0,0.0,0.0,3,0.0,3.739,0.0,0.0,0.0,0.0,0.0,0.0,0.0
196.258,apt_walk_2,PARKED,0.0,0.0,0.0,3,0.0,3.739,0.0,0.0,0.0,0.0,0.0,0.0,0.0
196.357,apt_walk_2,PARKED,0.0,0.0,0.0,3,0.0,3.739,0.0,0.0,0.0,0.0,0.0,0.0,0.0
196.48,apt_walk_2,PARKED,0.0,0.0,0.0,3,0.0,3.716,0.0,0.0,0.0,0.0,0.0,0.0,0.0
196.557,apt_walk_2,PARKED,0.0,0.0,0.0,3,0.0,3.695,0.0,0.0,0.0,0.0,0.0,0.0,0.0
196.689,apt_walk_2,PARKED,0.0,0.0,0.0,3,0.0,3.695,0.0,0.0,0.0,0.0,0.0,0.0,0.0
196.757,apt_walk_2,PARKED,0.0,0.0,0.0,3,0.0,3.721,0.0,0.0,0.0,0.0,0.0,0.0,0.0
196.875,apt_walk_2,PARKED,0.0,0.0,0.0,3,0.0,3.721,0.0,0.0,0.0,0.0,0.0,0.0,0.0
196.957,apt_walk_2,PARKED,0.0,0.0,0.0,3,0.0,3.721,0.0,0.0,0.0,0.0,0.0,0.0,0.0
197.056,apt_walk_2,PARKED,0.0,0.0,0.0,3,0.0,3.743,0.0,0.0,0.0,0.0,0.0,0.0,0.0
197.183,apt_walk_2,PARKED,0.0,0.0,0.0,3,0.0,3.731,0.0,0.0,0.0,0.0,0.0,0.0,0.0
197.257,apt_walk_2,PARKED,0.0,0.0,0.0,3,0.0,3.731,0.0,0.0,0.0,0.0,0.0,0.0,0.0
197.357,apt_walk_2,PARKED,0.0,0.0,0.0,3,0.0,3.718,0.0,0.0,0.0,0.0,0.0,0.0,0.0
197.483,apt_walk_2,PARKED,0.0,0.0,0.0,3,0.0,3.646,0.0,0.0,0.0,0.0,0.0,0.0,0.0
197.601,apt_walk_2,PARKED,0.0,0.0,0.0,3,0.0,3.46,0.0,0.0,0.0,0.0,0.0,0.0,0.0
197.656,apt_walk_2,PARKED,0.0,0.0,0.0,3,0.0,3.46,0.0,0.0,0.0,0.0,0.0,0.0,0.0
197.758,apt_walk_2,PARKED,0.0,0.0,0.0,3,0.0,3.46,0.0,0.0,0.0,0.0,0.0,0.0,0.0
197.871,apt_walk_2,PARKED,0.0,0.0,0.0,3,0.0,3.323,0.0,0.0,0.0,0.0,0.0,0.0,0.0
197.957,apt_walk_2,PARKED,0.0,0.0,0.0,3,0.0,3.196,0.0,0.0,0.0,0.0,0.0,0.0,0.0
198.058,apt_walk_2,PARKED,0.0,0.0,0.0,3,0.0,3.081,0.0,0.0,0.0,0.0,0.0,0.0,0.0
198.177,apt_walk_2,PARKED,0.0,0.0,0.0,3,0.0,3.081,0.0,0.0,0.0,0.0,0.0,0.0,0.0
198.257,apt_walk_2,PARKED,0.0,0.0,0.0,3,0.0,3.002,0.0,0.0,0.0,0.0,0.0,0.0,0.0
198.403,apt_walk_2,PARKED,0.0,0.0,0.0,3,0.0,2.691,0.0,0.0,0.0,0.0,0.0,0.0,0.0
198.473,apt_walk_2,PARKED,0.0,0.0,0.0,3,0.0,2.691,0.0,0.0,0.0,0.0,0.0,0.0,0.0
198.556,apt_walk_2,PARKED,0.0,0.0,0.0,3,0.0,2.621,0.0,0.0,0.0,0.0,0.0,0.0,0.0
198.701,apt_walk_2,PARKED,0.0,0.0,0.0,3,0.0,2.621,0.0,0.0,0.0,0.0,0.0,0.0,0.0
198.805,apt_walk_2,PARKED,0.0,0.0,0.0,3,0.0,2.621,0.0,0.0,0.0,0.0,0.0,0.0,0.0
198.866,apt_walk_2,PARKED,0.0,0.0,0.0,3,0.0,2.358,0.0,0.0,0.0,0.0,0.0,0.0,0.0
198.985,apt_walk_2,PARKED,0.0,0.0,0.0,3,0.0,2.23,0.0,0.0,0.0,0.0,0.0,0.0,0.0
199.058,apt_walk_2,PARKED,0.0,0.0,0.0,3,0.0,2.23,0.0,0.0,0.0,0.0,0.0,0.0,0.0
199.157,apt_walk_2,PARKED,0.0,0.0,0.0,3,0.0,2.23,0.0,0.0,0.0,0.0,0.0,0.0,0.0
199.257,apt_walk_2,PARKED,0.0,0.0,0.0,3,0.0,2.23,0.0,0.0,0.0,0.0,0.0,0.0,0.0
199.391,apt_walk_2,PARKED,0.0,0.0,0.0,3,0.0,1.981,0.0,0.0,0.0,0.0,0.0,0.0,0.0
199.458,apt_walk_2,PARKED,0.0,0.0,0.0,3,0.0,1.874,0.0,0.0,0.0,0.0,0.0,0.0,0.0
199.595,apt_walk_2,PARKED,0.0,0.0,0.0,3,0.0,1.832,0.0,0.0,0.0,0.0,0.0,0.0,0.0
199.657,apt_walk_2,PARKED,0.0,0.0,0.0,3,0.0,1.832,0.0,0.0,0.0,0.0,0.0,0.0,0.0
199.757,apt_walk_2,PARKED,0.0,0.0,0.0,3,0.158,1.797,0.0,0.0,0.0,0.0,0.0,0.0,0.0
199.877,apt_walk_2,PARKED,0.0,0.0,0.0,3,0.6905,1.644,0.0,0.0,0.0,0.0,0.0,0.0,0.0
199.998,apt_walk_2,PARKED,0.0,0.0,0.0,3,0.6905,1.644,0.0,0.0,0.0,0.0,0.0,0.0,0.0
200.084,apt_walk_2,PARKED,0.0,0.0,0.0,3,0.4652,1.58,0.0,0.0,0.0,0.0,0.0,0.0,0.0
200.157,apt_walk_2,PARKED,0.0,0.0,0.0,3,0.4652,1.58,0.0,0.0,0.0,0.0,0.0,0.0,0.0
200.257,apt_walk_2,PARKED,0.0,0.0,0.0,3,0.4652,1.58,0.0,0.0,0.0,0.0,0.0,0.0,0.0
200.357,apt_walk_2,PARKED,0.0,0.0,0.0,3,0.1915,1.543,0.0,0.0,0.0,0.0,0.0,0.0,0.0
200.475,apt_walk_2,PARKED,0.0,0.0,0.0,3,0.2697,1.517,0.0,0.0,0.0,0.0,0.0,0.0,0.0
200.557,apt_walk_2,PARKED,0.0,0.0,0.0,3,0.1063,1.519,0.0,0.0,0.0,0.0,0.0,0.0,0.0
200.657,apt_walk_2,PARKED,0.0,0.0,0.0,3,0.1063,1.519,0.0,0.0,0.0,0.0,0.0,0.0,0.0
200.786,apt_walk_2,PARKED,0.0,0.0,0.0,3,0.6446,1.622,0.0,0.0,0.0,0.0,0.0,0.0,0.0
200.856,apt_walk_2,PARKED,0.0,0.0,0.0,3,0.6446,1.622,0.0,0.0,0.0,0.0,0.0,0.0,0.0
200.958,apt_walk_2,PARKED,0.0,0.0,0.0,3,0.5251,1.69,0.0,0.0,0.0,0.0,0.0,0.0,0.0
201.075,apt_walk_2,PARKED,0.0,0.0,0.0,3,0.4983,1.747,0.0,0.0,0.0,0.0,0.0,0.0,0.0
201.157,apt_walk_2,PARKED,0.0,0.0,0.0,3,0.4983,1.747,0.0,0.0,0.0,0.0,0.0,0.0,0.0
201.276,apt_walk_2,PARKED,0.0,0.0,0.0,3,0.165,1.821,0.0,0.0,0.0,0.0,0.0,0.0,0.0
201.402,apt_walk_2,PARKED,0.0,0.0,0.0,3,0.0,1.933,0.0,0.0,0.0,0.0,0.0,0.0,0.0
201.457,apt_walk_2,PARKED,0.0,0.0,0.0,3,0.0,1.933,0.0,0.0,0.0,0.0,0.0,0.0,0.0
201.557,apt_walk_2,PARKED,0.0,0.0,0.0,3,0.0,2.027,0.0,0.0,0.0,0.0,0.0,0.0,0.0
201.696,apt_walk_2,PARKED,0.0,0.0,0.0,3,0.0,2.115,0.0,0.0,0.0,0.0,0.0,0.0,0.0
201.77,apt_walk_2,PARKED,0.0,0.0,0.0,3,0.0,2.223,0.0,0.0,0.0,0.0,0.0,0.0,0.0
201.857,apt_walk_2,PARKED,0.0,0.0,0.0,3,0.0,2.405,0.0,0.0,0.0,0.0,0.0,0.0,0.0
201.957,apt_walk_2,PARKED,0.0,0.0,0.0,4,0.0,2.47,0.0,0.0,0.0,0.0,0.0,0.0,0.0
202.064,apt_walk_2,PARKED,0.0,0.0,0.0,4,0.0,2.47,0.0,0.0,0.0,0.0,0.0,0.0,0.0
202.156,apt_walk_2,PARKED,0.0,0.0,0.0,4,0.0,2.47,0.0,0.0,0.0,0.0,0.0,0.0,0.0
202.291,apt_walk_2,PARKED,0.0,0.0,0.0,4,0.0,2.763,0.0,0.0,0.0,0.0,0.0,0.0,0.0
202.357,apt_walk_2,PARKED,0.0,0.0,0.0,4,0.0,2.763,0.0,0.0,0.0,0.0,0.0,0.0,0.0
202.457,apt_walk_2,PARKED,0.0,0.0,0.0,4,0.0,2.763,0.0,0.0,0.0,0.0,0.0,0.0,0.0
202.557,apt_walk_2,PARKED,0.0,0.0,0.0,4,0.0,2.763,0.0,0.0,0.0,0.0,0.0,0.0,0.0
202.657,apt_walk_2,PARKED,0.0,0.0,0.0,4,0.0,2.929,0.0,0.0,0.0,0.0,0.0,0.0,0.0
202.757,apt_walk_2,PARKED,0.0,0.0,0.0,4,0.0,2.929,0.0,0.0,0.0,0.0,0.0,0.0,0.0
202.857,apt_walk_2,PARKED,0.0,0.0,0.0,4,0.0,2.929,0.0,0.0,0.0,0.0,0.0,0.0,0.0
202.958,apt_walk_2,PARKED,0.0,0.0,0.0,4,0.0,2.929,0.0,0.0,0.0,0.0,0.0,0.0,0.0
203.093,apt_walk_2,PARKED,0.0,0.0,0.0,3,0.0,3.35,0.0,0.0,0.0,0.0,0.0,0.0,0.0
203.161,apt_walk_2,PARKED,0.0,0.0,0.0,4,0.0,3.499,0.0,0.0,0.0,0.0,0.0,0.0,0.0
203.257,apt_walk_2,PARKED,0.0,0.0,0.0,3,0.0,3.67,0.0,0.0,0.0,0.0,0.0,0.0,0.0
203.357,apt_walk_2,PARKED,0.0,0.0,0.0,3,0.0,3.67,0.0,0.0,0.0,0.0,0.0,0.0,0.0
203.457,apt_walk_2,PARKED,0.0,0.0,0.0,3,0.0,3.67,0.0,0.0,0.0,0.0,0.0,0.0,0.0
203.557,apt_walk_2,PARKED,0.0,0.0,0.0,3,0.0,3.67,0.0,0.0,0.0,0.0,0.0,0.0,0.0
203.657,apt_walk_2,PARKED,0.0,0.0,0.0,3,0.0,3.692,0.0,0.0,0.0,0.0,0.0,0.0,0.0
203.797,apt_walk_2,PARKED,0.0,0.0,0.0,4,0.0,3.651,0.0,0.0,0.0,0.0,0.0,0.0,0.0
203.858,apt_walk_2,PARKED,0.0,0.0,0.0,4,0.0,3.651,0.0,0.0,0.0,0.0,0.0,0.0,0.0
203.958,apt_walk_2,PARKED,0.0,0.0,0.0,4,0.0,3.724,0.0,0.0,0.0,0.0,0.0,0.0,0.0
204.103,apt_walk_2,PARKED,0.0,0.0,0.0,3,0.0,3.717,0.0,0.0,0.0,0.0,0.0,0.0,0.0
204.157,apt_walk_2,PARKED,0.0,0.0,0.0,3,0.0,3.717,0.0,0.0,0.0,0.0,0.0,0.0,0.0
204.257,apt_walk_2,PARKED,0.0,0.0,0.0,3,0.0,3.717,0.0,0.0,0.0,0.0,0.0,0.0,0.0
204.357,apt_walk_2,PARKED,0.0,0.0,0.0,3,0.0,3.757,0.0,0.0,0.0,0.0,0.0,0.0,0.0
204.469,apt_walk_2,PARKED,0.0,0.0,0.0,3,0.0,3.812,0.0,0.0,0.0,0.0,0.0,0.0,0.0
204.557,apt_walk_2,PARKED,0.0,0.0,0.0,4,0.0,3.833,0.0,0.0,0.0,0.0,0.0,0.0,0.0
204.657,apt_walk_2,PARKED,0.0,0.0,0.0,4,0.0,3.833,0.0,0.0,0.0,0.0,0.0,0.0,0.0
204.757,apt_walk_2,PARKED,0.0,0.0,0.0,4,0.0,3.833,0.0,0.0,0.0,0.0,0.0,0.0,0.0
204.857,apt_walk_2,PARKED,0.0,0.0,0.0,4,0.0,3.833,0.0,0.0,0.0,0.0,0.0,0.0,0.0
205.001,apt_walk_2,PARKED,0.0,0.0,0.0,4,0.0,3.764,0.0,0.0,0.0,0.0,0.0,0.0,0.0
205.057,apt_walk_2,PARKED,0.0,0.0,0.0,4,0.0,3.764,0.0,0.0,0.0,0.0,0.0,0.0,0.0
205.157,apt_walk_2,PARKED,0.0,0.0,0.0,4,0.0,3.764,0.0,0.0,0.0,0.0,0.0,0.0,0.0
205.257,apt_walk_2,PARKED,0.0,0.0,0.0,4,0.0,3.764,0.0,0.0,0.0,0.0,0.0,0.0,0.0
205.357,apt_walk_2,PARKED,0.0,0.0,0.0,4,0.0,3.764,0.0,0.0,0.0,0.0,0.0,0.0,0.0
205.458,apt_walk_2,PARKED,0.0,0.0,0.0,4,0.0,3.68,0.0,0.0,0.0,0.0,0.0,0.0,0.0
205.598,apt_walk_2,PARKED,0.0,0.0,0.0,4,0.0,3.498,0.0,0.0,0.0,0.0,0.0,0.0,0.0
205.657,apt_walk_2,PARKED,0.0,0.0,0.0,4,0.0,3.498,0.0,0.0,0.0,0.0,0.0,0.0,0.0
205.757,apt_walk_2,PARKED,0.0,0.0,0.0,4,0.0,3.498,0.0,0.0,0.0,0.0,0.0,0.0,0.0
205.857,apt_walk_2,PARKED,0.0,0.0,0.0,4,0.0,3.498,0.0,0.0,0.0,0.0,0.0,0.0,0.0
205.996,apt_walk_2,PARKED,0.0,0.0,0.0,4,0.0,3.183,0.0,0.0,0.0,0.0,0.0,0.0,0.0
206.057,apt_walk_2,PARKED,0.0,0.0,0.0,4,0.0,3.104,0.0,0.0,0.0,0.0,0.0,0.0,0.0
206.158,apt_walk_2,PARKED,0.0,0.0,0.0,4,0.0,3.104,0.0,0.0,0.0,0.0,0.0,0.0,0.0
206.258,apt_walk_2,PARKED,0.0,0.0,0.0,4,0.0,3.104,0.0,0.0,0.0,0.0,0.0,0.0,0.0
206.39,apt_walk_2,PARKED,0.0,0.0,0.0,4,0.0,3.012,0.0,0.0,0.0,0.0,0.0,0.0,0.0
206.458,apt_walk_2,PARKED,0.0,0.0,0.0,3,0.0,2.69,0.0,0.0,0.0,0.0,0.0,0.0,0.0
206.558,apt_walk_2,PARKED,0.0,0.0,0.0,3,0.0,2.69,0.0,0.0,0.0,0.0,0.0,0.0,0.0
206.657,apt_walk_2,PARKED,0.0,0.0,0.0,3,0.0,2.69,0.0,0.0,0.0,0.0,0.0,0.0,0.0
206.781,apt_walk_2,PARKED,0.0,0.0,0.0,3,0.0,2.568,0.0,0.0,0.0,0.0,0.0,0.0,0.0
206.857,apt_walk_2,PARKED,0.0,0.0,0.0,3,0.0,2.568,0.0,0.0,0.0,0.0,0.0,0.0,0.0
206.957,apt_walk_2,PARKED,0.0,0.0,0.0,3,0.0,2.568,0.0,0.0,0.0,0.0,0.0,0.0,0.0
207.089,apt_walk_2,PARKED,0.0,0.0,0.0,3,0.0,2.272,0.0,0.0,0.0,0.0,0.0,0.0,0.0
207.157,apt_walk_2,PARKED,0.0,0.0,0.0,3,0.0,2.094,0.0,0.0,0.0,0.0,0.0,0.0,0.0
207.293,apt_walk_2,PARKED,0.0,0.0,0.0,3,0.0,2.028,0.0,0.0,0.0,0.0,0.0,0.0,0.0
207.366,apt_walk_2,PARKED,0.0,0.0,0.0,3,0.0,1.91,0.0,0.0,0.0,0.0,0.0,0.0,0.0
207.457,apt_walk_2,PARKED,0.0,0.0,0.0,3,0.0,1.844,0.0,0.0,0.0,0.0,0.0,0.0,0.0
207.571,apt_walk_2,PARKED,0.0,0.0,0.0,3,0.0,1.844,0.0,0.0,0.0,0.0,0.0,0.0,0.0
207.7,apt_walk_2,PARKED,0.0,0.0,0.0,3,0.2704,1.739,0.0,0.0,0.0,0.0,0.0,0.0,0.0
207.761,apt_walk_2,PARKED,0.0,0.0,0.0,3,0.5504,1.684,0.0,0.0,0.0,0.0,0.0,0.0,0.0
207.857,apt_walk_2,PARKED,0.0,0.0,0.0,3,0.5504,1.684,0.0,0.0,0.0,0.0,0.0,0.0,0.0
207.958,apt_walk_2,PARKED,0.0,0.0,0.0,3,0.4016,1.633,0.0,0.0,0.0,0.0,0.0,0.0,0.0
208.057,apt_walk_2,PARKED,0.0,0.0,0.0,3,0.7014,1.549,0.0,0.0,0.0,0.0,0.0,0.0,0.0
208.157,apt_walk_2,PARKED,0.0,0.0,0.0,3,0.7014,1.549,0.0,0.0,0.0,0.0,0.0,0.0,0.0
208.257,apt_walk_2,PARKED,0.0,0.0,0.0,3,0.7014,1.549,0.0,0.0,0.0,0.0,0.0,0.0,0.0
208.385,apt_walk_2,PARKED,0.0,0.0,0.0,3,0.4301,1.529,0.0,0.0,0.0,0.0,0.0,0.0,0.0
208.457,apt_walk_2,PARKED,0.0,0.0,0.0,3,0.4118,1.442,0.0,0.0,0.0,0.0,0.0,0.0,0.0
208.557,apt_walk_2,PARKED,0.0,0.0,0.0,3,0.4118,1.442,0.0,0.0,0.0,0.0,0.0,0.0,0.0
208.657,apt_walk_2,PARKED,0.0,0.0,0.0,3,0.4118,1.442,0.0,0.0,0.0,0.0,0.0,0.0,0.0
208.757,apt_walk_2,PARKED,0.0,0.0,0.0,3,0.4118,1.442,0.0,0.0,0.0,0.0,0.0,0.0,0.0
208.857,apt_walk_2,PARKED,0.0,0.0,0.0,3,0.2336,1.432,0.0,0.0,0.0,0.0,0.0,0.0,0.0
208.957,apt_walk_2,PARKED,0.0,0.0,0.0,3,0.2336,1.432,0.0,0.0,0.0,0.0,0.0,0.0,0.0
209.095,apt_walk_2,PARKED,0.0,0.0,0.0,3,0.3194,1.46,0.0,0.0,0.0,0.0,0.0,0.0,0.0
209.157,apt_walk_2,PARKED,0.0,0.0,0.0,3,0.3194,1.46,0.0,0.0,0.0,0.0,0.0,0.0,0.0
209.257,apt_walk_2,PARKED,0.0,0.0,0.0,3,0.5592,1.586,0.0,0.0,0.0,0.0,0.0,0.0,0.0
209.4,apt_walk_2,PARKED,0.0,0.0,0.0,3,0.5764,1.772,0.0,0.0,0.0,0.0,0.0,0.0,0.0
209.457,apt_walk_2,PARKED,0.0,0.0,0.0,3,0.5764,1.772,0.0,0.0,0.0,0.0,0.0,0.0,0.0
209.557,apt_walk_2,PARKED,0.0,0.0,0.0,3,0.5764,1.772,0.0,0.0,0.0,0.0,0.0,0.0,0.0
209.656,apt_walk_2,PARKED,0.0,0.0,0.0,3,0.5764,1.772,0.0,0.0,0.0,0.0,0.0,0.0,0.0
209.761,apt_walk_2,PARKED,0.0,0.0,0.0,3,0.256,1.844,0.0,0.0,0.0,0.0,0.0,0.0,0.0
209.857,apt_walk_2,PARKED,0.0,0.0,0.0,3,0.0,2.054,0.0,0.0,0.0,0.0,0.0,0.0,0.0
209.964,apt_walk_2,PARKED,0.0,0.0,0.0,3,0.0,2.137,0.0,0.0,0.0,0.0,0.0,0.0,0.0
210.057,apt_walk_2,PARKED,0.0,0.0,0.0,3,0.0,2.137,0.0,0.0,0.0,0.0,0.0,0.0,0.0
210.157,apt_walk_2,PARKED,0.0,0.0,0.0,3,0.0,2.137,0.0,0.0,0.0,0.0,0.0,0.0,0.0
210.257,apt_walk_2,PARKED,0.0,0.0,0.0,3,0.0,2.398,0.0,0.0,0.0,0.0,0.0,0.0,0.0
210.357,apt_walk_2,PARKED,0.0,0.0,0.0,3,0.0,2.521,0.0,0.0,0.0,0.0,0.0,0.0,0.0
210.458,apt_walk_2,PARKED,0.0,0.0,0.0,3,0.0,2.58,0.0,0.0,0.0,0.0,0.0,0.0,0.0
210.572,apt_walk_2,PARKED,0.0,0.0,0.0,3,0.0,2.626,0.0,0.0,0.0,0.0,0.0,0.0,0.0
210.657,apt_walk_2,PARKED,0.0,0.0,0.0,3,0.0,2.755,0.0,0.0,0.0,0.0,0.0,0.0,0.0
210.758,apt_walk_2,PARKED,0.0,0.0,0.0,3,0.0,2.755,0.0,0.0,0.0,0.0,0.0,0.0,0.0
210.892,apt_walk_2,PARKED,0.0,0.0,0.0,3,0.0,3.056,0.0,0.0,0.0,0.0,0.0,0.0,0.0
210.957,apt_walk_2,PARKED,0.0,0.0,0.0,3,0.0,3.056,0.0,0.0,0.0,0.0,0.0,0.0,0.0
211.057,apt_walk_2,PARKED,0.0,0.0,0.0,3,0.0,3.056,0.0,0.0,0.0,0.0,0.0,0.0,0.0
211.157,apt_walk_2,PARKED,0.0,0.0,0.0,3,0.0,3.056,0.0,0.0,0.0,0.0,0.0,0.0,0.0
211.257,apt_walk_2,PARKED,0.0,0.0,0.0,3,0.0,3.056,0.0,0.0,0.0,0.0,0.0,0.0,0.0
211.358,apt_walk_2,PARKED,0.0,0.0,0.0,3,0.0,3.253,0.0,0.0,0.0,0.0,0.0,0.0,0.0
211.457,apt_walk_2,PARKED,0.0,0.0,0.0,3,0.0,3.253,0.0,0.0,0.0,0.0,0.0,0.0,0.0
211.557,apt_walk_2,PARKED,0.0,0.0,0.0,3,0.0,3.253,0.0,0.0,0.0,0.0,0.0,0.0,0.0
211.657,apt_walk_2,PARKED,0.0,0.0,0.0,3,0.0,3.253,0.0,0.0,0.0,0.0,0.0,0.0,0.0
211.78,apt_walk_2,PARKED,0.0,0.0,0.0,4,0.0,3.733,0.0,0.0,0.0,0.0,0.0,0.0,0.0
211.858,apt_walk_2,PARKED,0.0,0.0,0.0,4,0.0,3.733,0.0,0.0,0.0,0.0,0.0,0.0,0.0
211.957,apt_walk_2,PARKED,0.0,0.0,0.0,4,0.0,3.733,0.0,0.0,0.0,0.0,0.0,0.0,0.0
212.095,apt_walk_2,PARKED,0.0,0.0,0.0,4,0.0,3.779,0.0,0.0,0.0,0.0,0.0,0.0,0.0
212.157,apt_walk_2,PARKED,0.0,0.0,0.0,4,0.0,3.699,0.0,0.0,0.0,0.0,0.0,0.0,0.0
212.257,apt_walk_2,PARKED,0.0,0.0,0.0,4,0.0,3.699,0.0,0.0,0.0,0.0,0.0,0.0,0.0
212.389,apt_walk_2,PARKED,0.0,0.0,0.0,4,0.0,3.707,0.0,0.0,0.0,0.0,0.0,0.0,0.0
212.458,apt_walk_2,PARKED,0.0,0.0,0.0,4,0.0,3.707,0.0,0.0,0.0,0.0,0.0,0.0,0.0
212.558,apt_walk_2,PARKED,0.0,0.0,0.0,4,0.0,3.707,0.0,0.0,0.0,0.0,0.0,0.0,0.0
212.687,apt_walk_2,PARKED,0.0,0.0,0.0,4,0.0,3.711,0.0,0.0,0.0,0.0,0.0,0.0,0.0
212.757,apt_walk_2,PARKED,0.0,0.0,0.0,4,0.0,3.711,0.0,0.0,0.0,0.0,0.0,0.0,0.0
212.857,apt_walk_2,PARKED,0.0,0.0,0.0,4,0.0,3.711,0.0,0.0,0.0,0.0,0.0,0.0,0.0
212.968,apt_walk_2,PARKED,0.0,0.0,0.0,4,0.0,3.711,0.0,0.0,0.0,0.0,0.0,0.0,0.0
213.086,apt_walk_2,PARKED,0.0,0.0,0.0,3,0.0,3.731,0.0,0.0,0.0,0.0,0.0,0.0,0.0
213.158,apt_walk_2,PARKED,0.0,0.0,0.0,3,0.0,3.697,0.0,0.0,0.0,0.0,0.0,0.0,0.0
213.257,apt_walk_2,PARKED,0.0,0.0,0.0,3,0.0,3.697,0.0,0.0,0.0,0.0,0.0,0.0,0.0
213.357,apt_walk_2,PARKED,0.0,0.0,0.0,3,0.0,3.697,0.0,0.0,0.0,0.0,0.0,0.0,0.0
213.457,apt_walk_2,PARKED,0.0,0.0,0.0,3,0.0,3.697,0.0,0.0,0.0,0.0,0.0,0.0,0.0
213.557,apt_walk_2,PARKED,0.0,0.0,0.0,3,0.0,3.697,0.0,0.0,0.0,0.0,0.0,0.0,0.0
213.657,apt_walk_2,PARKED,0.0,0.0,0.0,3,0.0,3.708,0.0,0.0,0.0,0.0,0.0,0.0,0.0
213.767,apt_walk_2,PARKED,0.0,0.0,0.0,3,0.0,3.609,0.0,0.0,0.0,0.0,0.0,0.0,0.0
213.857,apt_walk_2,PARKED,0.0,0.0,0.0,3,0.0,3.609,0.0,0.0,0.0,0.0,0.0,0.0,0.0
213.957,apt_walk_2,PARKED,0.0,0.0,0.0,3,0.0,3.527,0.0,0.0,0.0,0.0,0.0,0.0,0.0
214.058,apt_walk_2,PARKED,0.0,0.0,0.0,3,0.0,3.435,0.0,0.0,0.0,0.0,0.0,0.0,0.0
214.176,apt_walk_2,PARKED,0.0,0.0,0.0,3,0.0,3.339,0.0,0.0,0.0,0.0,0.0,0.0,0.0
214.257,apt_walk_2,PARKED,0.0,0.0,0.0,3,0.0,3.339,0.0,0.0,0.0,0.0,0.0,0.0,0.0
214.381,apt_walk_2,PARKED,0.0,0.0,0.0,3,0.0,3.186,0.0,0.0,0.0,0.0,0.0,0.0,0.0
214.457,apt_walk_2,PARKED,0.0,0.0,0.0,3,0.0,3.186,0.0,0.0,0.0,0.0,0.0,0.0,0.0
214.558,apt_walk_2,PARKED,0.0,0.0,0.0,3,0.0,3.186,0.0,0.0,0.0,0.0,0.0,0.0,0.0
214.681,apt_walk_2,PARKED,0.0,0.0,0.0,3,0.0,2.842,0.0,0.0,0.0,0.0,0.0,0.0,0.0
214.757,apt_walk_2,PARKED,0.0,0.0,0.0,3,0.0,2.842,0.0,0.0,0.0,0.0,0.0,0.0,0.0
214.857,apt_walk_2,PARKED,0.0,0.0,0.0,3,0.0,2.842,0.0,0.0,0.0,0.0,0.0,0.0,0.0
214.957,apt_walk_2,PARKED,0.0,0.0,0.0,3,0.0,2.693,0.0,0.0,0.0,0.0,0.0,0.0,0.0
215.057,apt_walk_2,PARKED,0.0,0.0,0.0,3,0.0,2.693,0.0,0.0,0.0,0.0,0.0,0.0,0.0
215.157,apt_walk_2,PARKED,0.0,0.0,0.0,3,0.0,2.426,0.0,0.0,0.0,0.0,0.0,0.0,0.0
215.267,apt_walk_2,PARKED,0.0,0.0,0.0,3,0.0,2.426,0.0,0.0,0.0,0.0,0.0,0.0,0.0
215.357,apt_walk_2,PARKED,0.0,0.0,0.0,3,0.0,2.163,0.0,0.0,0.0,0.0,0.0,0.0,0.0
215.457,apt_walk_2,PARKED,0.0,0.0,0.0,3,0.0,2.057,0.0,0.0,0.0,0.0,0.0,0.0,0.0
215.557,apt_walk_2,PARKED,0.0,0.0,0.0,3,0.0,2.057,0.0,0.0,0.0,0.0,0.0,0.0,0.0
215.703,apt_walk_2,PARKED,0.0,0.0,0.0,3,0.0,1.939,0.0,0.0,0.0,0.0,0.0,0.0,0.0
215.772,apt_walk_2,PARKED,0.0,0.0,0.0,3,0.0,1.868,0.0,0.0,0.0,0.0,0.0,0.0,0.0
215.857,apt_walk_2,PARKED,0.0,0.0,0.0,3,0.0,1.803,0.0,0.0,0.0,0.0,0.0,0.0,0.0
215.958,apt_walk_2,PARKED,0.0,0.0,0.0,3,0.0,1.803,0.0,0.0,0.0,0.0,0.0,0.0,0.0
216.058,apt_walk_2,PARKED,0.0,0.0,0.0,3,0.0,1.803,0.0,0.0,0.0,0.0,0.0,0.0,0.0
216.188,apt_walk_2,PARKED,0.0,0.0,0.0,3,0.0,1.803,0.0,0.0,0.0,0.0,0.0,0.0,0.0
216.262,apt_walk_2,PARKED,0.0,0.0,0.0,3,0.3013,1.747,0.0,0.0,0.0,0.0,0.0,0.0,0.0
216.357,apt_walk_2,PARKED,0.0,0.0,0.0,3,0.6086,1.611,0.0,0.0,0.0,0.0,0.0,0.0,0.0
216.457,apt_walk_2,PARKED,0.0,0.0,0.0,3,0.6086,1.611,0.0,0.0,0.0,0.0,0.0,0.0,0.0
216.557,apt_walk_2,PARKED,0.0,0.0,0.0,3,0.6086,1.611,0.0,0.0,0.0,0.0,0.0,0.0,0.0
216.657,apt_walk_2,PARKED,0.0,0.0,0.0,3,0.6086,1.611,0.0,0.0,0.0,0.0,0.0,0.0,0.0
216.776,apt_walk_2,PARKED,0.0,0.0,0.0,3,0.2261,1.528,0.0,0.0,0.0,0.0,0.0,0.0,0.0
216.857,apt_walk_2,PARKED,0.0,0.0,0.0,3,0.2261,1.528,0.0,0.0,0.0,0.0,0.0,0.0,0.0
216.957,apt_walk_2,PARKED,0.0,0.0,0.0,3,0.2261,1.528,0.0,0.0,0.0,0.0,0.0,0.0,0.0
217.062,apt_walk_2,PARKED,0.0,0.0,0.0,3,0.1361,1.519,0.0,0.0,0.0,0.0,0.0,0.0,0.0
217.156,apt_walk_2,PARKED,0.0,0.0,0.0,3,0.363,1.572,0.0,0.0,0.0,0.0,0.0,0.0,0.0
217.257,apt_walk_2,PARKED,0.0,0.0,0.0,3,0.6837,1.646,0.0,0.0,0.0,0.0,0.0,0.0,0.0
217.357,apt_walk_2,PARKED,0.0,0.0,0.0,3,0.6837,1.646,0.0,0.0,0.0,0.0,0.0,0.0,0.0
217.457,apt_walk_2,PARKED,0.0,0.0,0.0,3,0.6837,1.646,0.0,0.0,0.0,0.0,0.0,0.0,0.0
217.557,apt_walk_2,PARKED,0.0,0.0,0.0,3,0.6837,1.646,0.0,0.0,0.0,0.0,0.0,0.0,0.0
217.657,apt_walk_2,PARKED,0.0,0.0,0.0,3,0.6837,1.646,0.0,0.0,0.0,0.0,0.0,0.0,0.0
217.757,apt_walk_2,PARKED,0.0,0.0,0.0,3,0.052,2.064,0.0,0.0,0.0,0.0,0.0,0.0,0.0
217.857,apt_walk_2,PARKED,0.0,0.0,0.0,3,0.052,2.064,0.0,0.0,0.0,0.0,0.0,0.0,0.0
217.99,apt_walk_2,PARKED,0.0,0.0,0.0,3,0.052,2.064,0.0,0.0,0.0,0.0,0.0,0.0,0.0
218.073,apt_walk_2,PARKED,0.0,0.0,0.0,3,0.0,2.191,0.0,0.0,0.0,0.0,0.0,0.0,0.0
218.157,apt_walk_2,PARKED,0.0,0.0,0.0,3,0.0,2.421,0.0,0.0,0.0,0.0,0.0,0.0,0.0
218.257,apt_walk_2,PARKED,0.0,0.0,0.0,3,0.0,2.537,0.0,0.0,0.0,0.0,0.0,0.0,0.0
218.357,apt_walk_2,PARKED,0.0,0.0,0.0,3,0.0,2.537,0.0,0.0,0.0,0.0,0.0,0.0,0.0
218.456,apt_walk_2,PARKED,0.0,0.0,0.0,3,0.0,2.592,0.0,0.0,0.0,0.0,0.0,0.0,0.0
218.593,apt_walk_2,PARKED,0.0,0.0,0.0,3,0.0,2.777,0.0,0.0,0.0,0.0,0.0,0.0,0.0
218.657,apt_walk_2,PARKED,0.0,0.0,0.0,3,0.0,2.777,0.0,0.0,0.0,0.0,0.0,0.0,0.0
218.757,apt_walk_2,PARKED,0.0,0.0,0.0,3,0.0,2.777,0.0,0.0,0.0,0.0,0.0,0.0,0.0
218.857,apt_walk_2,PARKED,0.0,0.0,0.0,3,0.0,2.777,0.0,0.0,0.0,0.0,0.0,0.0,0.0
218.957,apt_walk_2,PARKED,0.0,0.0,0.0,3,0.0,2.777,0.0,0.0,0.0,0.0,0.0,0.0,0.0
219.095,apt_walk_2,PARKED,0.0,0.0,0.0,3,0.0,3.299,0.0,0.0,0.0,0.0,0.0,0.0,0.0
219.167,apt_walk_2,PARKED,0.0,0.0,0.0,3,0.0,3.299,0.0,0.0,0.0,0.0,0.0,0.0,0.0
219.258,apt_walk_2,PARKED,0.0,0.0,0.0,3,0.0,3.299,0.0,0.0,0.0,0.0,0.0,0.0,0.0
219.357,apt_walk_2,PARKED,0.0,0.0,0.0,3,0.0,3.476,0.0,0.0,0.0,0.0,0.0,0.0,0.0
219.457,apt_walk_2,PARKED,0.0,0.0,0.0,3,0.0,3.476,0.0,0.0,0.0,0.0,0.0,0.0,0.0
219.594,apt_walk_2,PARKED,0.0,0.0,0.0,3,0.0,3.678,0.0,0.0,0.0,0.0,0.0,0.0,0.0
219.657,apt_walk_2,PARKED,0.0,0.0,0.0,3,0.0,3.678,0.0,0.0,0.0,0.0,0.0,0.0,0.0
219.757,apt_walk_2,PARKED,0.0,0.0,0.0,3,0.0,3.678,0.0,0.0,0.0,0.0,0.0,0.0,0.0
219.857,apt_walk_2,PARKED,0.0,0.0,0.0,3,0.0,3.678,0.0,0.0,0.0,0.0,0.0,0.0,0.0
219.969,apt_walk_2,PARKED,0.0,0.0,0.0,4,0.0,3.708,0.0,0.0,0.0,0.0,0.0,0.0,0.0
220.057,apt_walk_2,PARKED,0.0,0.0,0.0,4,0.0,3.708,0.0,0.0,0.0,0.0,0.0,0.0,0.0
220.158,apt_walk_2,PARKED,0.0,0.0,0.0,4,0.0,3.802,0.0,0.0,0.0,0.0,0.0,0.0,0.0
220.259,apt_walk_2,PARKED,0.0,0.0,0.0,4,0.0,3.689,0.0,0.0,0.0,0.0,0.0,0.0,0.0
220.357,apt_walk_2,PARKED,0.0,0.0,0.0,4,0.0,3.689,0.0,0.0,0.0,0.0,0.0,0.0,0.0
220.5,apt_walk_2,PARKED,0.0,0.0,0.0,4,0.0,3.703,0.0,0.0,0.0,0.0,0.0,0.0,0.0
220.561,apt_walk_2,PARKED,0.0,0.0,0.0,4,0.0,3.702,0.0,0.0,0.0,0.0,0.0,0.0,0.0
220.657,apt_walk_2,PARKED,0.0,0.0,0.0,4,0.0,3.702,0.0,0.0,0.0,0.0,0.0,0.0,0.0
220.757,apt_walk_2,PARKED,0.0,0.0,0.0,4,0.0,3.702,0.0,0.0,0.0,0.0,0.0,0.0,0.0
220.857,apt_walk_2,PARKED,0.0,0.0,0.0,4,0.0,3.702,0.0,0.0,0.0,0.0,0.0,0.0,0.0
220.957,apt_walk_2,PARKED,0.0,0.0,0.0,4,0.0,3.767,0.0,0.0,0.0,0.0,0.0,0.0,0.0
221.057,apt_walk_2,PARKED,0.0,0.0,0.0,4,0.0,3.767,0.0,0.0,0.0,0.0,0.0,0.0,0.0
221.18,apt_walk_2,PARKED,0.0,0.0,0.0,4,0.0,3.678,0.0,0.0,0.0,0.0,0.0,0.0,0.0
221.305,apt_walk_2,PARKED,0.0,0.0,0.0,4,0.0,3.69,0.0,0.0,0.0,0.0,0.0,0.0,0.0
221.403,apt_walk_2,PARKED,0.0,0.0,0.0,4,0.0,3.618,0.0,0.0,0.0,0.0,0.0,0.0,0.0
221.469,apt_walk_2,PARKED,0.0,0.0,0.0,4,0.0,3.565,0.0,0.0,0.0,0.0,0.0,0.0,0.0
221.557,apt_walk_2,PARKED,0.0,0.0,0.0,4,0.0,3.565,0.0,0.0,0.0,0.0,0.0,0.0,0.0
221.657,apt_walk_2,PARKED,0.0,0.0,0.0,4,0.0,3.565,0.0,0.0,0.0,0.0,0.0,0.0,0.0
221.765,apt_walk_2,PARKED,0.0,0.0,0.0,4,0.0,3.513,0.0,0.0,0.0,0.0,0.0,0.0,0.0
221.857,apt_walk_2,PARKED,0.0,0.0,0.0,4,0.0,3.513,0.0,0.0,0.0,0.0,0.0,0.0,0.0
221.957,apt_walk_2,PARKED,0.0,0.0,0.0,3,0.0,3.45,0.0,0.0,0.0,0.0,0.0,0.0,0.0
222.057,apt_walk_2,PARKED,0.0,0.0,0.0,3,0.0,3.45,0.0,0.0,0.0,0.0,0.0,0.0,0.0
222.157,apt_walk_2,PARKED,0.0,0.0,0.0,3,0.0,3.45,0.0,0.0,0.0,0.0,0.0,0.0,0.0
222.294,apt_walk_2,PARKED,0.0,0.0,0.0,3,0.0,2.962,0.0,0.0,0.0,0.0,0.0,0.0,0.0
222.358,apt_walk_2,PARKED,0.0,0.0,0.0,3,0.0,2.859,0.0,0.0,0.0,0.0,0.0,0.0,0.0
222.457,apt_walk_2,PARKED,0.0,0.0,0.0,3,0.0,2.859,0.0,0.0,0.0,0.0,0.0,0.0,0.0
222.557,apt_walk_2,PARKED,0.0,0.0,0.0,4,0.0,2.809,0.0,0.0,0.0,0.0,0.0,0.0,0.0
222.702,apt_walk_2,PARKED,0.0,0.0,0.0,4,0.0,2.809,0.0,0.0,0.0,0.0,0.0,0.0,0.0
222.774,apt_walk_2,PARKED,0.0,0.0,0.0,4,0.0,2.719,0.0,0.0,0.0,0.0,0.0,0.0,0.0
222.858,apt_walk_2,PARKED,0.0,0.0,0.0,4,0.0,2.452,0.0,0.0,0.0,0.0,0.0,0.0,0.0
222.99,apt_walk_2,PARKED,0.0,0.0,0.0,4,0.0,2.305,0.0,0.0,0.0,0.0,0.0,0.0,0.0
223.057,apt_walk_2,PARKED,0.0,0.0,0.0,4,0.0,2.305,0.0,0.0,0.0,0.0,0.0,0.0,0.0
223.157,apt_walk_2,PARKED,0.0,0.0,0.0,4,0.0,2.305,0.0,0.0,0.0,0.0,0.0,0.0,0.0
223.257,apt_walk_2,PARKED,0.0,0.0,0.0,4,0.0,2.305,0.0,0.0,0.0,0.0,0.0,0.0,0.0
223.397,apt_walk_2,PARKED,0.0,0.0,0.0,4,0.0,1.96,0.0,0.0,0.0,0.0,0.0,0.0,0.0
223.457,apt_walk_2,PARKED,0.0,0.0,0.0,3,0.0,1.85,0.0,0.0,0.0,0.0,0.0,0.0,0.0
223.59,apt_walk_2,PARKED,0.0,0.0,0.0,3,0.0,1.85,0.0,0.0,0.0,0.0,0.0,0.0,0.0
223.658,apt_walk_2,PARKED,0.0,0.0,0.0,3,0.0,1.85,0.0,0.0,0.0,0.0,0.0,0.0,0.0
223.8,apt_walk_2,PARKED,0.0,0.0,0.0,3,0.0,1.802,0.0,0.0,0.0,0.0,0.0,0.0,0.0
223.873,apt_walk_2,PARKED,0.0,0.0,0.0,3,0.3242,1.695,0.0,0.0,0.0,0.0,0.0,0.0,0.0
223.957,apt_walk_2,PARKED,0.0,0.0,0.0,3,0.6011,1.614,0.0,0.0,0.0,0.0,0.0,0.0,0.0
224.057,apt_walk_2,PARKED,0.0,0.0,0.0,3,0.6011,1.614,0.0,0.0,0.0,0.0,0.0,0.0,0.0
224.157,apt_walk_2,PARKED,0.0,0.0,0.0,3,0.6011,1.614,0.0,0.0,0.0,0.0,0.0,0.0,0.0
224.257,apt_walk_2,PARKED,0.0,0.0,0.0,3,0.6011,1.614,0.0,0.0,0.0,0.0,0.0,0.0,0.0
224.37,apt_walk_2,PARKED,0.0,0.0,0.0,3,0.2665,1.416,0.0,0.0,0.0,0.0,0.0,0.0,0.0
224.458,apt_walk_2,PARKED,0.0,0.0,0.0,3,0.2665,1.416,0.0,0.0,0.0,0.0,0.0,0.0,0.0
224.584,apt_walk_2,PARKED,0.0,0.0,0.0,3,0.2665,1.416,0.0,0.0,0.0,0.0,0.0,0.0,0.0
224.658,apt_walk_2,PARKED,0.0,0.0,0.0,3,0.2665,1.416,0.0,0.0,0.0,0.0,0.0,0.0,0.0
224.787,apt_walk_2,PARKED,0.0,0.0,0.0,3,0.391,1.346,0.0,0.0,0.0,0.0,0.0,0.0,0.0
224.857,apt_walk_2,PARKED,0.0,0.0,0.0,3,0.391,1.346,0.0,0.0,0.0,0.0,0.0,0.0,0.0
224.981,apt_walk_2,PARKED,0.0,0.0,0.0,3,0.067,1.331,0.0,0.0,0.0,0.0,0.0,0.0,0.0
225.083,apt_walk_2,PARKED,0.0,0.0,0.0,3,0.3783,1.386,0.0,0.0,0.0,0.0,0.0,0.0,0.0
225.157,apt_walk_2,PARKED,0.0,0.0,0.0,3,0.3783,1.386,0.0,0.0,0.0,0.0,0.0,0.0,0.0
225.259,apt_walk_2,PARKED,0.0,0.0,0.0,3,0.6188,1.513,0.0,0.0,0.0,0.0,0.0,0.0,0.0
225.357,apt_walk_2,PARKED,0.0,0.0,0.0,3,0.6188,1.513,0.0,0.0,0.0,0.0,0.0,0.0,0.0
225.457,apt_walk_2,PARKED,0.0,0.0,0.0,3,0.5991,1.697,0.0,0.0,0.0,0.0,0.0,0.0,0.0
225.582,apt_walk_2,PARKED,0.0,0.0,0.0,3,0.298,1.81,0.0,0.0,0.0,0.0,0.0,0.0,0.0
225.657,apt_walk_2,PARKED,0.0,0.0,0.0,3,0.298,1.81,0.0,0.0,0.0,0.0,0.0,0.0,0.0
225.758,apt_walk_2,PARKED,0.0,0.0,0.0,3,0.0,1.92,0.0,0.0,0.0,0.0,0.0,0.0,0.0
225.889,apt_walk_2,PARKED,0.0,0.0,0.0,3,0.0,1.946,0.0,0.0,0.0,0.0,0.0,0.0,0.0
225.958,apt_walk_2,PARKED,0.0,0.0,0.0,3,0.0,2.162,0.0,0.0,0.0,0.0,0.0,0.0,0.0
226.057,apt_walk_2,PARKED,0.0,0.0,0.0,3,0.0,2.293,0.0,0.0,0.0,0.0,0.0,0.0,0.0
226.157,apt_walk_2,PARKED,0.0,0.0,0.0,3,0.0,2.293,0.0,0.0,0.0,0.0,0.0,0.0,0.0
226.257,apt_walk_2,PARKED,0.0,0.0,0.0,3,0.0,2.293,0.0,0.0,0.0,0.0,0.0,0.0,0.0
226.357,apt_walk_2,PARKED,0.0,0.0,0.0,3,0.0,2.293,0.0,0.0,0.0,0.0,0.0,0.0,0.0
226.457,apt_walk_2,PARKED,0.0,0.0,0.0,3,0.0,2.531,0.0,0.0,0.0,0.0,0.0,0.0,0.0
226.558,apt_walk_2,PARKED,0.0,0.0,0.0,3,0.0,2.531,0.0,0.0,0.0,0.0,0.0,0.0,0.0
226.668,apt_walk_2,PARKED,0.0,0.0,0.0,3,0.0,2.661,0.0,0.0,0.0,0.0,0.0,0.0,0.0
226.757,apt_walk_2,PARKED,0.0,0.0,0.0,3,0.0,2.661,0.0,0.0,0.0,0.0,0.0,0.0,0.0
226.892,apt_walk_2,PARKED,0.0,0.0,0.0,3,0.0,2.922,0.0,0.0,0.0,0.0,0.0,0.0,0.0
226.957,apt_walk_2,PARKED,0.0,0.0,0.0,3,0.0,2.922,0.0,0.0,0.0,0.0,0.0,0.0,0.0
227.057,apt_walk_2,PARKED,0.0,0.0,0.0,3,0.0,2.922,0.0,0.0,0.0,0.0,0.0,0.0,0.0
227.196,apt_walk_2,PARKED,0.0,0.0,0.0,3,0.0,3.025,0.0,0.0,0.0,0.0,0.0,0.0,0.0
227.262,apt_walk_2,PARKED,0.0,0.0,0.0,3,0.0,3.192,0.0,0.0,0.0,0.0,0.0,0.0,0.0
227.357,apt_walk_2,PARKED,0.0,0.0,0.0,3,0.0,3.192,0.0,0.0,0.0,0.0,0.0,0.0,0.0
227.457,apt_walk_2,PARKED,0.0,0.0,0.0,3,0.0,3.192,0.0,0.0,0.0,0.0,0.0,0.0,0.0
227.557,apt_walk_2,PARKED,0.0,0.0,0.0,3,0.0,3.192,0.0,0.0,0.0,0.0,0.0,0.0,0.0
227.657,apt_walk_2,PARKED,0.0,0.0,0.0,3,0.0,3.192,0.0,0.0,0.0,0.0,0.0,0.0,0.0
227.792,apt_walk_2,PARKED,0.0,0.0,0.0,3,0.0,3.738,0.0,0.0,0.0,0.0,0.0,0.0,0.0
227.857,apt_walk_2,PARKED,0.0,0.0,0.0,3,0.0,3.738,0.0,0.0,0.0,0.0,0.0,0.0,0.0
227.958,apt_walk_2,PARKED,0.0,0.0,0.0,3,0.0,3.738,0.0,0.0,0.0,0.0,0.0,0.0,0.0
228.058,apt_walk_2,PARKED,0.0,0.0,0.0,3,0.0,3.732,0.0,0.0,0.0,0.0,0.0,0.0,0.0
228.172,apt_walk_2,PARKED,0.0,0.0,0.0,3,0.0,3.74,0.0,0.0,0.0,0.0,0.0,0.0,0.0
228.259,apt_walk_2,PARKED,0.0,0.0,0.0,3,0.0,3.74,0.0,0.0,0.0,0.0,0.0,0.0,0.0
228.404,apt_walk_2,PARKED,0.0,0.0,0.0,4,0.0,3.678,0.0,0.0,0.0,0.0,0.0,0.0,0.0
228.458,apt_walk_2,PARKED,0.0,0.0,0.0,4,0.0,3.678,0.0,0.0,0.0,0.0,0.0,0.0,0.0
228.557,apt_walk_2,PARKED,0.0,0.0,0.0,4,0.0,3.678,0.0,0.0,0.0,0.0,0.0,0.0,0.0
228.666,apt_walk_2,PARKED,0.0,0.0,0.0,4,0.0,3.757,0.0,0.0,0.0,0.0,0.0,0.0,0.0
228.757,apt_walk_2,PARKED,0.0,0.0,0.0,4,0.0,3.754,0.0,0.0,0.0,0.0,0.0,0.0,0.0
228.857,apt_walk_2,PARKED,0.0,0.0,0.0,4,0.0,3.754,0.0,0.0,0.0,0.0,0.0,0.0,0.0
228.996,apt_walk_2,PARKED,0.0,0.0,0.0,4,0.0,3.7,0.0,0.0,0.0,0.0,0.0,0.0,0.0
229.069,apt_walk_2,PARKED,0.0,0.0,0.0,3,0.0,3.68,0.0,0.0,0.0,0.0,0.0,0.0,0.0
229.157,apt_walk_2,PARKED,0.0,0.0,0.0,3,0.0,3.683,0.0,0.0,0.0,0.0,0.0,0.0,0.0
229.257,apt_walk_2,PARKED,0.0,0.0,0.0,3,0.0,3.683,0.0,0.0,0.0,0.0,0.0,0.0,0.0
229.357,apt_walk_2,PARKED,0.0,0.0,0.0,3,0.0,3.648,0.0,0.0,0.0,0.0,0.0,0.0,0.0
229.457,apt_walk_2,PARKED,0.0,0.0,0.0,3,0.0,3.48,0.0,0.0,0.0,0.0,0.0,0.0,0.0
229.557,apt_walk_2,PARKED,0.0,0.0,0.0,3,0.0,3.48,0.0,0.0,0.0,0.0,0.0,0.0,0.0
229.657,apt_walk_2,PARKED,0.0,0.0,0.0,3,0.0,3.403,0.0,0.0,0.0,0.0,0.0,0.0,0.0
229.758,apt_walk_2,PARKED,0.0,0.0,0.0,3,0.0,3.336,0.0,0.0,0.0,0.0,0.0,0.0,0.0
229.857,apt_walk_2,PARKED,0.0,0.0,0.0,3,0.0,3.336,0.0,0.0,0.0,0.0,0.0,0.0,0.0
229.981,apt_walk_2,PARKED,0.0,0.0,0.0,3,0.0,3.193,0.0,0.0,0.0,0.0,0.0,0.0,0.0
230.057,apt_walk_2,PARKED,0.0,0.0,0.0,3,0.0,3.111,0.0,0.0,0.0,0.0,0.0,0.0,0.0
230.157,apt_walk_2,PARKED,0.0,0.0,0.0,3,0.0,3.111,0.0,0.0,0.0,0.0,0.0,0.0,0.0
230.3,apt_walk_2,PARKED,0.0,0.0,0.0,3,0.0,2.984,0.0,0.0,0.0,0.0,0.0,0.0,0.0
230.357,apt_walk_2,PARKED,0.0,0.0,0.0,3,0.0,2.984,0.0,0.0,0.0,0.0,0.0,0.0,0.0
230.491,apt_walk_2,PARKED,0.0,0.0,0.0,3,0.0,2.684,0.0,0.0,0.0,0.0,0.0,0.0,0.0
230.58,apt_walk_2,PARKED,0.0,0.0,0.0,3,0.0,2.684,0.0,0.0,0.0,0.0,0.0,0.0,0.0
230.657,apt_walk_2,PARKED,0.0,0.0,0.0,3,0.0,2.684,0.0,0.0,0.0,0.0,0.0,0.0,0.0
230.758,apt_walk_2,PARKED,0.0,0.0,0.0,3,0.0,2.684,0.0,0.0,0.0,0.0,0.0,0.0,0.0
230.858,apt_walk_2,PARKED,0.0,0.0,0.0,3,0.0,2.684,0.0,0.0,0.0,0.0,0.0,0.0,0.0
230.993,apt_walk_2,PARKED,0.0,0.0,0.0,3,0.0,2.277,0.0,0.0,0.0,0.0,0.0,0.0,0.0
231.057,apt_walk_2,PARKED,0.0,0.0,0.0,3,0.0,2.277,0.0,0.0,0.0,0.0,0.0,0.0,0.0
231.157,apt_walk_2,PARKED,0.0,0.0,0.0,3,0.0,2.277,0.0,0.0,0.0,0.0,0.0,0.0,0.0
231.288,apt_walk_2,PARKED,0.0,0.0,0.0,3,0.0,2.15,0.0,0.0,0.0,0.0,0.0,0.0,0.0
231.357,apt_walk_2,PARKED,0.0,0.0,0.0,3,0.0,1.986,0.0,0.0,0.0,0.0,0.0,0.0,0.0
231.479,apt_walk_2,PARKED,0.0,0.0,0.0,3,0.0,1.869,0.0,0.0,0.0,0.0,0.0,0.0,0.0
231.595,apt_walk_2,PARKED,0.0,0.0,0.0,3,0.0,1.804,0.0,0.0,0.0,0.0,0.0,0.0,0.0
231.657,apt_walk_2,PARKED,0.0,0.0,0.0,3,0.0,1.804,0.0,0.0,0.0,0.0,0.0,0.0,0.0
231.757,apt_walk_2,PARKED,0.0,0.0,0.0,3,0.0,1.804,0.0,0.0,0.0,0.0,0.0,0.0,0.0
231.887,apt_walk_2,PARKED,0.0,0.0,0.0,3,0.6967,1.593,0.0,0.0,0.0,0.0,0.0,0.0,0.0
231.957,apt_walk_2,PARKED,0.0,0.0,0.0,3,0.6967,1.593,0.0,0.0,0.0,0.0,0.0,0.0,0.0
232.057,apt_walk_2,PARKED,0.0,0.0,0.0,3,0.4005,1.554,0.0,0.0,0.0,0.0,0.0,0.0,0.0
232.157,apt_walk_2,PARKED,0.0,0.0,0.0,3,0.1708,1.561,0.0,0.0,0.0,0.0,0.0,0.0,0.0
232.281,apt_walk_2,PARKED,0.0,0.0,0.0,3,0.4254,1.475,0.0,0.0,0.0,0.0,0.0,0.0,0.0
232.357,apt_walk_2,PARKED,0.0,0.0,0.0,3,0.1168,1.434,0.0,0.0,0.0,0.0,0.0,0.0,0.0
232.486,apt_walk_2,PARKED,0.0,0.0,0.0,3,0.2125,1.435,0.0,0.0,0.0,0.0,0.0,0.0,0.0
232.592,apt_walk_2,PARKED,0.0,0.0,0.0,3,0.092,1.421,0.0,0.0,0.0,0.0,0.0,0.0,0.0
232.658,apt_walk_2,PARKED,0.0,0.0,0.0,3,0.3289,1.409,0.0,0.0,0.0,0.0,0.0,0.0,0.0
232.757,apt_walk_2,PARKED,0.0,0.0,0.0,3,0.3289,1.409,0.0,0.0,0.0,0.0,0.0,0.0,0.0
232.857,apt_walk_2,PARKED,0.0,0.0,0.0,3,0.3289,1.409,0.0,0.0,0.0,0.0,0.0,0.0,0.0
232.966,apt_walk_2,PARKED,0.0,0.0,0.0,3,0.1434,1.437,0.0,0.0,0.0,0.0,0.0,0.0,0.0
233.057,apt_walk_2,PARKED,0.0,0.0,0.0,3,0.1434,1.437,0.0,0.0,0.0,0.0,0.0,0.0,0.0
233.178,apt_walk_2,PARKED,0.0,0.0,0.0,3,0.7431,1.709,0.0,0.0,0.0,0.0,0.0,0.0,0.0
233.272,apt_walk_2,PARKED,0.0,0.0,0.0,3,0.7431,1.709,0.0,0.0,0.0,0.0,0.0,0.0,0.0
233.357,apt_walk_2,PARKED,0.0,0.0,0.0,3,0.7431,1.709,0.0,0.0,0.0,0.0,0.0,0.0,0.0
233.457,apt_walk_2,PARKED,0.0,0.0,0.0,3,0.7431,1.709,0.0,0.0,0.0,0.0,0.0,0.0,0.0
233.591,apt_walk_2,PARKED,0.0,0.0,0.0,3,0.143,2.02,0.0,0.0,0.0,0.0,0.0,0.0,0.0
233.689,apt_walk_2,PARKED,0.0,0.0,0.0,3,0.0,2.171,0.0,0.0,0.0,0.0,0.0,0.0,0.0
233.758,apt_walk_2,PARKED,0.0,0.0,0.0,3,0.0,2.171,0.0,0.0,0.0,0.0,0.0,0.0,0.0
233.857,apt_walk_2,PARKED,0.0,0.0,0.0,3,0.0,2.171,0.0,0.0,0.0,0.0,0.0,0.0,0.0
233.957,apt_walk_2,PARKED,0.0,0.0,0.0,3,0.0,2.171,0.0,0.0,0.0,0.0,0.0,0.0,0.0
234.057,apt_walk_2,PARKED,0.0,0.0,0.0,3,0.0,2.401,0.0,0.0,0.0,0.0,0.0,0.0,0.0
234.165,apt_walk_2,PARKED,0.0,0.0,0.0,3,0.0,2.576,0.0,0.0,0.0,0.0,0.0,0.0,0.0
234.257,apt_walk_2,PARKED,0.0,0.0,0.0,3,0.0,2.576,0.0,0.0,0.0,0.0,0.0,0.0,0.0
234.357,apt_walk_2,PARKED,0.0,0.0,0.0,3,0.0,2.576,0.0,0.0,0.0,0.0,0.0,0.0,0.0
234.457,apt_walk_2,PARKED,0.0,0.0,0.0,3,0.0,2.576,0.0,0.0,0.0,0.0,0.0,0.0,0.0
234.587,apt_walk_2,PARKED,0.0,0.0,0.0,3,0.0,2.91,0.0,0.0,0.0,0.0,0.0,0.0,0.0
234.657,apt_walk_2,PARKED,0.0,0.0,0.0,3,0.0,2.91,0.0,0.0,0.0,0.0,0.0,0.0,0.0
234.757,apt_walk_2,PARKED,0.0,0.0,0.0,3,0.0,2.95,0.0,0.0,0.0,0.0,0.0,0.0,0.0
234.857,apt_walk_2,PARKED,0.0,0.0,0.0,3,0.0,2.95,0.0,0.0,0.0,0.0,0.0,0.0,0.0
234.957,apt_walk_2,PARKED,0.0,0.0,0.0,3,0.0,2.95,0.0,0.0,0.0,0.0,0.0,0.0,0.0
235.057,apt_walk_2,PARKED,0.0,0.0,0.0,3,0.0,3.48,0.0,0.0,0.0,0.0,0.0,0.0,0.0
235.192,apt_walk_2,PARKED,0.0,0.0,0.0,3,0.0,3.547,0.0,0.0,0.0,0.0,0.0,0.0,0.0
235.257,apt_walk_2,PARKED,0.0,0.0,0.0,3,0.0,3.547,0.0,0.0,0.0,0.0,0.0,0.0,0.0
235.406,apt_walk_2,PARKED,0.0,0.0,0.0,3,0.0,3.683,0.0,0.0,0.0,0.0,0.0,0.0,0.0
235.488,apt_walk_2,PARKED,0.0,0.0,0.0,3,0.0,3.68,0.0,0.0,0.0,0.0,0.0,0.0,0.0
235.557,apt_walk_2,PARKED,0.0,0.0,0.0,3,0.0,3.68,0.0,0.0,0.0,0.0,0.0,0.0,0.0
235.657,apt_walk_2,PARKED,0.0,0.0,0.0,3,0.0,3.68,0.0,0.0,0.0,0.0,0.0,0.0,0.0
235.801,apt_walk_2,PARKED,0.0,0.0,0.0,3,0.0,3.735,0.0,0.0,0.0,0.0,0.0,0.0,0.0
235.857,apt_walk_2,PARKED,0.0,0.0,0.0,3,0.0,3.735,0.0,0.0,0.0,0.0,0.0,0.0,0.0
235.958,apt_walk_2,PARKED,0.0,0.0,0.0,3,0.0,3.735,0.0,0.0,0.0,0.0,0.0,0.0,0.0
236.084,apt_walk_2,PARKED,0.0,0.0,0.0,3,0.0,3.728,0.0,0.0,0.0,0.0,0.0,0.0,0.0
236.158,apt_walk_2,PARKED,0.0,0.0,0.0,3,0.0,3.728,0.0,0.0,0.0,0.0,0.0,0.0,0.0
236.258,apt_walk_2,PARKED,0.0,0.0,0.0,3,0.0,3.728,0.0,0.0,0.0,0.0,0.0,0.0,0.0
236.375,apt_walk_2,PARKED,0.0,0.0,0.0,3,0.0,3.691,0.0,0.0,0.0,0.0,0.0,0.0,0.0
236.457,apt_walk_2,PARKED,0.0,0.0,0.0,3,0.0,3.691,0.0,0.0,0.0,0.0,0.0,0.0,0.0
236.584,apt_walk_2,PARKED,0.0,0.0,0.0,3,0.0,3.665,0.0,0.0,0.0,0.0,0.0,0.0,0.0
236.658,apt_walk_2,PARKED,0.0,0.0,0.0,3,0.0,3.665,0.0,0.0,0.0,0.0,0.0,0.0,0.0
236.792,apt_walk_2,PARKED,0.0,0.0,0.0,4,0.0,3.722,0.0,0.0,0.0,0.0,0.0,0.0,0.0
236.876,apt_walk_2,PARKED,0.0,0.0,0.0,4,0.0,3.748,0.0,0.0,0.0,0.0,0.0,0.0,0.0
236.957,apt_walk_2,PARKED,0.0,0.0,0.0,4,0.0,3.748,0.0,0.0,0.0,0.0,0.0,0.0,0.0
237.057,apt_walk_2,PARKED,0.0,0.0,0.0,4,0.0,3.748,0.0,0.0,0.0,0.0,0.0,0.0,0.0
237.157,apt_walk_2,PARKED,0.0,0.0,0.0,4,0.0,3.748,0.0,0.0,0.0,0.0,0.0,0.0,0.0
237.259,apt_walk_2,PARKED,0.0,0.0,0.0,5,0.0,3.73,0.0,0.0,0.0,0.0,0.0,0.0,0.0
237.357,apt_walk_2,PARKED,0.0,0.0,0.0,4,0.0,3.763,0.0,0.0,0.0,0.0,0.0,0.0,0.0
237.458,apt_walk_2,PARKED,0.0,0.0,0.0,4,0.0,3.763,0.0,0.0,0.0,0.0,0.0,0.0,0.0
237.584,apt_walk_2,PARKED,0.0,0.0,0.0,4,0.0,3.705,0.0,0.0,0.0,0.0,0.0,0.0,0.0
237.693,apt_walk_2,PARKED,0.0,0.0,0.0,4,0.0,3.593,0.0,0.0,0.0,0.0,0.0,0.0,0.0
237.758,apt_walk_2,PARKED,0.0,0.0,0.0,4,0.0,3.496,0.0,0.0,0.0,0.0,0.0,0.0,0.0
237.857,apt_walk_2,PARKED,0.0,0.0,0.0,4,0.0,3.496,0.0,0.0,0.0,0.0,0.0,0.0,0.0
237.971,apt_walk_2,PARKED,0.0,0.0,0.0,3,0.0,3.427,0.0,0.0,0.0,0.0,0.0,0.0,0.0
238.057,apt_walk_2,PARKED,0.0,0.0,0.0,3,0.0,3.427,0.0,0.0,0.0,0.0,0.0,0.0,0.0
238.158,apt_walk_2,PARKED,0.0,0.0,0.0,3,0.0,3.207,0.0,0.0,0.0,0.0,0.0,0.0,0.0
238.257,apt_walk_2,PARKED,0.0,0.0,0.0,4,0.0,3.099,0.0,0.0,0.0,0.0,0.0,0.0,0.0
238.358,apt_walk_2,PARKED,0.0,0.0,0.0,4,0.0,3.099,0.0,0.0,0.0,0.0,0.0,0.0,0.0
238.457,apt_walk_2,PARKED,0.0,0.0,0.0,4,0.0,3.099,0.0,0.0,0.0,0.0,0.0,0.0,0.0
238.557,apt_walk_2,PARKED,0.0,0.0,0.0,3,0.0,2.755,0.0,0.0,0.0,0.0,0.0,0.0,0.0
238.684,apt_walk_2,PARKED,0.0,0.0,0.0,3,0.0,2.638,0.0,0.0,0.0,0.0,0.0,0.0,0.0
238.758,apt_walk_2,PARKED,0.0,0.0,0.0,3,0.0,2.638,0.0,0.0,0.0,0.0,0.0,0.0,0.0
238.858,apt_walk_2,PARKED,0.0,0.0,0.0,3,0.0,2.638,0.0,0.0,0.0,0.0,0.0,0.0,0.0
239.007,apt_walk_2,PARKED,0.0,0.0,0.0,3,0.0,2.514,0.0,0.0,0.0,0.0,0.0,0.0,0.0
239.057,apt_walk_2,PARKED,0.0,0.0,0.0,3,0.0,2.514,0.0,0.0,0.0,0.0,0.0,0.0,0.0
239.157,apt_walk_2,PARKED,0.0,0.0,0.0,3,0.0,2.19,0.0,0.0,0.0,0.0,0.0,0.0,0.0
239.257,apt_walk_2,PARKED,0.0,0.0,0.0,3,0.0,2.19,0.0,0.0,0.0,0.0,0.0,0.0,0.0
239.357,apt_walk_2,PARKED,0.0,0.0,0.0,3,0.0,2.19,0.0,0.0,0.0,0.0,0.0,0.0,0.0
239.458,apt_walk_2,PARKED,0.0,0.0,0.0,3,0.0,2.067,0.0,0.0,0.0,0.0,0.0,0.0,0.0
239.558,apt_walk_2,PARKED,0.0,0.0,0.0,3,0.0,2.067,0.0,0.0,0.0,0.0,0.0,0.0,0.0
239.658,apt_walk_2,PARKED,0.0,0.0,0.0,3,0.0,1.949,0.0,0.0,0.0,0.0,0.0,0.0,0.0
239.757,apt_walk_2,PARKED,0.0,0.0,0.0,3,0.0,1.949,0.0,0.0,0.0,0.0,0.0,0.0,0.0
239.857,apt_walk_2,PARKED,0.0,0.0,0.0,3,0.0,1.839,0.0,0.0,0.0,0.0,0.0,0.0,0.0
240.002,apt_walk_2,PARKED,0.0,0.0,0.0,3,0.6288,1.64,0.0,0.0,0.0,0.0,0.0,0.0,0.0
240.103,apt_walk_2,PARKED,0.0,0.0,0.0,3,0.6288,1.64,0.0,0.0,0.0,0.0,0.0,0.0,0.0
240.158,apt_walk_2,PARKED,0.0,0.0,0.0,3,0.6288,1.64,0.0,0.0,0.0,0.0,0.0,0.0,0.0
240.257,apt_walk_2,PARKED,0.0,0.0,0.0,3,0.6288,1.64,0.0,0.0,0.0,0.0,0.0,0.0,0.0
240.357,apt_walk_2,PARKED,0.0,0.0,0.0,3,0.6288,1.64,0.0,0.0,0.0,0.0,0.0,0.0,0.0
240.479,apt_walk_2,PARKED,0.0,0.0,0.0,3,0.0502,1.474,0.0,0.0,0.0,0.0,0.0,0.0,0.0
240.557,apt_walk_2,PARKED,0.0,0.0,0.0,3,0.0502,1.474,0.0,0.0,0.0,0.0,0.0,0.0,0.0
240.683,apt_walk_2,PARKED,0.0,0.0,0.0,3,0.2314,1.457,0.0,0.0,0.0,0.0,0.0,0.0,0.0
240.782,apt_walk_2,PARKED,0.0,0.0,0.0,3,0.243,1.449,0.0,0.0,0.0,0.0,0.0,0.0,0.0
240.866,apt_walk_2,PARKED,0.0,0.0,0.0,3,0.1945,1.476,0.0,0.0,0.0,0.0,0.0,0.0,0.0
240.957,apt_walk_2,PARKED,0.0,0.0,0.0,3,0.1945,1.476,0.0,0.0,0.0,0.0,0.0,0.0,0.0
241.058,apt_walk_2,PARKED,0.0,0.0,0.0,3,0.4648,1.553,0.0,0.0,0.0,0.0,0.0,0.0,0.0
241.157,apt_walk_2,PARKED,0.0,0.0,0.0,3,0.4648,1.553,0.0,0.0,0.0,0.0,0.0,0.0,0.0
241.257,apt_walk_2,PARKED,0.0,0.0,0.0,3,0.6745,1.644,0.0,0.0,0.0,0.0,0.0,0.0,0.0
241.375,apt_walk_2,PARKED,0.0,0.0,0.0,3,0.06,1.907,0.0,0.0,0.0,0.0,0.0,0.0,0.0
241.457,apt_walk_2,PARKED,0.0,0.0,0.0,3,0.06,1.907,0.0,0.0,0.0,0.0,0.0,0.0,0.0
241.557,apt_walk_2,PARKED,0.0,0.0,0.0,3,0.06,1.907,0.0,0.0,0.0,0.0,0.0,0.0,0.0
241.657,apt_walk_2,PARKED,0.0,0.0,0.0,3,0.0,1.971,0.0,0.0,0.0,0.0,0.0,0.0,0.0
241.8,apt_walk_2,PARKED,0.0,0.0,0.0,3,0.0,2.182,0.0,0.0,0.0,0.0,0.0,0.0,0.0
241.874,apt_walk_2,PARKED,0.0,0.0,0.0,3,0.0,2.182,0.0,0.0,0.0,0.0,0.0,0.0,0.0
241.957,apt_walk_2,PARKED,0.0,0.0,0.0,3,0.0,2.182,0.0,0.0,0.0,0.0,0.0,0.0,0.0
242.092,apt_walk_2,PARKED,0.0,0.0,0.0,3,0.0,2.319,0.0,0.0,0.0,0.0,0.0,0.0,0.0
242.196,apt_walk_2,PARKED,0.0,0.0,0.0,3,0.0,2.459,0.0,0.0,0.0,0.0,0.0,0.0,0.0
242.268,apt_walk_2,PARKED,0.0,0.0,0.0,3,0.0,2.657,0.0,0.0,0.0,0.0,0.0,0.0,0.0
242.357,apt_walk_2,PARKED,0.0,0.0,0.0,3,0.0,2.657,0.0,0.0,0.0,0.0,0.0,0.0,0.0
242.457,apt_walk_2,PARKED,0.0,0.0,0.0,3,0.0,2.657,0.0,0.0,0.0,0.0,0.0,0.0,0.0
242.557,apt_walk_2,PARKED,0.0,0.0,0.0,3,0.0,2.657,0.0,0.0,0.0,0.0,0.0,0.0,0.0
242.657,apt_walk_2,PARKED,0.0,0.0,0.0,3,0.0,2.657,0.0,0.0,0.0,0.0,0.0,0.0,0.0
242.761,apt_walk_2,PARKED,0.0,0.0,0.0,3,0.0,3.037,0.0,0.0,0.0,0.0,0.0,0.0,0.0
242.895,apt_walk_2,PARKED,0.0,0.0,0.0,4,0.0,3.256,0.0,0.0,0.0,0.0,0.0,0.0,0.0
242.957,apt_walk_2,PARKED,0.0,0.0,0.0,4,0.0,3.256,0.0,0.0,0.0,0.0,0.0,0.0,0.0
243.058,apt_walk_2,PARKED,0.0,0.0,0.0,4,0.0,3.256,0.0,0.0,0.0,0.0,0.0,0.0,0.0
243.157,apt_walk_2,PARKED,0.0,0.0,0.0,4,0.0,3.256,0.0,0.0,0.0,0.0,0.0,0.0,0.0
243.292,apt_walk_2,PARKED,0.0,0.0,0.0,3,0.0,3.626,0.0,0.0,0.0,0.0,0.0,0.0,0.0
243.357,apt_walk_2,PARKED,0.0,0.0,0.0,3,0.0,3.626,0.0,0.0,0.0,0.0,0.0,0.0,0.0
243.457,apt_walk_2,PARKED,0.0,0.0,0.0,3,0.0,3.626,0.0,0.0,0.0,0.0,0.0,0.0,0.0
243.557,apt_walk_2,PARKED,0.0,0.0,0.0,3,0.0,3.626,0.0,0.0,0.0,0.0,0.0,0.0,0.0
243.657,apt_walk_2,PARKED,0.0,0.0,0.0,3,0.0,3.626,0.0,0.0,0.0,0.0,0.0,0.0,0.0
243.76,apt_walk_2,PARKED,0.0,0.0,0.0,3,0.0,3.681,0.0,0.0,0.0,0.0,0.0,0.0,0.0
243.857,apt_walk_2,PARKED,0.0,0.0,0.0,3,0.0,3.708,0.0,0.0,0.0,0.0,0.0,0.0,0.0
243.957,apt_walk_2,PARKED,0.0,0.0,0.0,3,0.0,3.708,0.0,0.0,0.0,0.0,0.0,0.0,0.0
244.106,apt_walk_2,PARKED,0.0,0.0,0.0,3,0.0,3.694,0.0,0.0,0.0,0.0,0.0,0.0,0.0
244.194,apt_walk_2,PARKED,0.0,0.0,0.0,3,0.0,3.794,0.0,0.0,0.0,0.0,0.0,0.0,0.0
244.263,apt_walk_2,PARKED,0.0,0.0,0.0,3,0.0,3.722,0.0,0.0,0.0,0.0,0.0,0.0,0.0
244.356,apt_walk_2,PARKED,0.0,0.0,0.0,3,0.0,3.714,0.0,0.0,0.0,0.0,0.0,0.0,0.0
244.457,apt_walk_2,PARKED,0.0,0.0,0.0,3,0.0,3.714,0.0,0.0,0.0,0.0,0.0,0.0,0.0
244.557,apt_walk_2,PARKED,0.0,0.0,0.0,3,0.0,3.714,0.0,0.0,0.0,0.0,0.0,0.0,0.0
244.657,apt_walk_2,PARKED,0.0,0.0,0.0,3,0.0,3.661,0.0,0.0,0.0,0.0,0.0,0.0,0.0
244.757,apt_walk_2,PARKED,0.0,0.0,0.0,3,0.0,3.661,0.0,0.0,0.0,0.0,0.0,0.0,0.0
244.857,apt_walk_2,PARKED,0.0,0.0,0.0,3,0.0,3.793,0.0,0.0,0.0,0.0,0.0,0.0,0.0
244.957,apt_walk_2,PARKED,0.0,0.0,0.0,3,0.0,3.793,0.0,0.0,0.0,0.0,0.0,0.0,0.0
245.091,apt_walk_2,PARKED,0.0,0.0,0.0,3,0.0,3.74,0.0,0.0,0.0,0.0,0.0,0.0,0.0
245.157,apt_walk_2,PARKED,0.0,0.0,0.0,3,0.0,3.74,0.0,0.0,0.0,0.0,0.0,0.0,0.0
245.257,apt_walk_2,PARKED,0.0,0.0,0.0,3,0.0,3.665,0.0,0.0,0.0,0.0,0.0,0.0,0.0
245.369,apt_walk_2,PARKED,0.0,0.0,0.0,3,0.0,3.665,0.0,0.0,0.0,0.0,0.0,0.0,0.0
245.457,apt_walk_2,PARKED,0.0,0.0,0.0,3,0.0,3.665,0.0,0.0,0.0,0.0,0.0,0.0,0.0
245.557,apt_walk_2,PARKED,0.0,0.0,0.0,3,0.0,3.665,0.0,0.0,0.0,0.0,0.0,0.0,0.0
245.657,apt_walk_2,PARKED,0.0,0.0,0.0,3,0.0,3.665,0.0,0.0,0.0,0.0,0.0,0.0,0.0
245.757,apt_walk_2,PARKED,0.0,0.0,0.0,3,0.0,3.665,0.0,0.0,0.0,0.0,0.0,0.0,0.0
245.857,apt_walk_2,PARKED,0.0,0.0,0.0,3,0.0,3.665,0.0,0.0,0.0,0.0,0.0,0.0,0.0
245.976,apt_walk_2,PARKED,0.0,0.0,0.0,3,0.0,3.453,0.0,0.0,0.0,0.0,0.0,0.0,0.0
246.106,apt_walk_2,PARKED,0.0,0.0,0.0,3,0.0,3.089,0.0,0.0,0.0,0.0,0.0,0.0,0.0
246.157,apt_walk_2,PARKED,0.0,0.0,0.0,3,0.0,3.089,0.0,0.0,0.0,0.0,0.0,0.0,0.0
246.301,apt_walk_2,PARKED,0.0,0.0,0.0,3,0.0,3.089,0.0,0.0,0.0,0.0,0.0,0.0,0.0
246.357,apt_walk_2,PARKED,0.0,0.0,0.0,3,0.0,3.089,0.0,0.0,0.0,0.0,0.0,0.0,0.0
246.457,apt_walk_2,PARKED,0.0,0.0,0.0,3,0.0,2.908,0.0,0.0,0.0,0.0,0.0,0.0,0.0
246.557,apt_walk_2,PARKED,0.0,0.0,0.0,3,0.0,2.908,0.0,0.0,0.0,0.0,0.0,0.0,0.0
246.657,apt_walk_2,PARKED,0.0,0.0,0.0,3,0.0,2.908,0.0,0.0,0.0,0.0,0.0,0.0,0.0
246.757,apt_walk_2,PARKED,0.0,0.0,0.0,3,0.0,2.908,0.0,0.0,0.0,0.0,0.0,0.0,0.0
246.867,apt_walk_2,PARKED,0.0,0.0,0.0,3,0.0,2.311,0.0,0.0,0.0,0.0,0.0,0.0,0.0
246.957,apt_walk_2,PARKED,0.0,0.0,0.0,3,0.0,2.266,0.0,0.0,0.0,0.0,0.0,0.0,0.0
247.057,apt_walk_2,PARKED,0.0,0.0,0.0,3,0.0,2.266,0.0,0.0,0.0,0.0,0.0,0.0,0.0
247.157,apt_walk_2,PARKED,0.0,0.0,0.0,3,0.0,2.266,0.0,0.0,0.0,0.0,0.0,0.0,0.0
247.268,apt_walk_2,PARKED,0.0,0.0,0.0,3,0.0,2.174,0.0,0.0,0.0,0.0,0.0,0.0,0.0
247.395,apt_walk_2,PARKED,0.0,0.0,0.0,3,0.0,1.961,0.0,0.0,0.0,0.0,0.0,0.0,0.0
247.457,apt_walk_2,PARKED,0.0,0.0,0.0,3,0.0,1.854,0.0,0.0,0.0,0.0,0.0,0.0,0.0
247.557,apt_walk_2,PARKED,0.0,0.0,0.0,3,0.0,1.854,0.0,0.0,0.0,0.0,0.0,0.0,0.0
247.657,apt_walk_2,PARKED,0.0,0.0,0.0,3,0.0,1.854,0.0,0.0,0.0,0.0,0.0,0.0,0.0
247.757,apt_walk_2,PARKED,0.0,0.0,0.0,3,0.0,1.854,0.0,0.0,0.0,0.0,0.0,0.0,0.0
247.875,apt_walk_2,PARKED,0.0,0.0,0.0,3,0.6,1.657,0.0,0.0,0.0,0.0,0.0,0.0,0.0
247.957,apt_walk_2,PARKED,0.0,0.0,0.0,3,0.6,1.657,0.0,0.0,0.0,0.0,0.0,0.0,0.0
248.095,apt_walk_2,PARKED,0.0,0.0,0.0,3,0.4243,1.605,0.0,0.0,0.0,0.0,0.0,0.0,0.0
248.203,apt_walk_2,PARKED,0.0,0.0,0.0,3,0.4243,1.605,0.0,0.0,0.0,0.0,0.0,0.0,0.0
248.286,apt_walk_2,PARKED,0.0,0.0,0.0,3,0.3983,1.481,0.0,0.0,0.0,0.0,0.0,0.0,0.0
248.376,apt_walk_2,PARKED,0.0,0.0,0.0,3,0.3983,1.481,0.0,0.0,0.0,0.0,0.0,0.0,0.0
248.49,apt_walk_2,PARKED,0.0,0.0,0.0,3,0.038,1.479,0.0,0.0,0.0,0.0,0.0,0.0,0.0
248.559,apt_walk_2,PARKED,0.0,0.0,0.0,3,0.038,1.479,0.0,0.0,0.0,0.0,0.0,0.0,0.0
248.658,apt_walk_2,PARKED,0.0,0.0,0.0,3,0.038,1.479,0.0,0.0,0.0,0.0,0.0,0.0,0.0
248.789,apt_walk_2,PARKED,0.0,0.0,0.0,3,0.2073,1.449,0.0,0.0,0.0,0.0,0.0,0.0,0.0
248.857,apt_walk_2,PARKED,0.0,0.0,0.0,3,0.2073,1.449,0.0,0.0,0.0,0.0,0.0,0.0,0.0
248.99,apt_walk_2,PARKED,0.0,0.0,0.0,3,0.18,1.458,0.0,0.0,0.0,0.0,0.0,0.0,0.0
249.058,apt_walk_2,PARKED,0.0,0.0,0.0,3,0.18,1.458,0.0,0.0,0.0,0.0,0.0,0.0,0.0
249.177,apt_walk_2,PARKED,0.0,0.0,0.0,3,0.3879,1.514,0.0,0.0,0.0,0.0,0.0,0.0,0.0
249.305,apt_walk_2,PARKED,0.0,0.0,0.0,3,0.6983,1.697,0.0,0.0,0.0,0.0,0.0,0.0,0.0
249.357,apt_walk_2,PARKED,0.0,0.0,0.0,3,0.6983,1.697,0.0,0.0,0.0,0.0,0.0,0.0,0.0
249.497,apt_walk_2,PARKED,0.0,0.0,0.0,3,0.372,1.824,0.0,0.0,0.0,0.0,0.0,0.0,0.0
249.557,apt_walk_2,PARKED,0.0,0.0,0.0,3,0.372,1.824,0.0,0.0,0.0,0.0,0.0,0.0,0.0
249.657,apt_walk_2,PARKED,0.0,0.0,0.0,3,0.372,1.824,0.0,0.0,0.0,0.0,0.0,0.0,0.0
249.757,apt_walk_2,PARKED,0.0,0.0,0.0,3,0.0,2.068,0.0,0.0,0.0,0.0,0.0,0.0,0.0
249.857,apt_walk_2,PARKED,0.0,0.0,0.0,3,0.0,2.166,0.0,0.0,0.0,0.0,0.0,0.0,0.0
249.957,apt_walk_2,PARKED,0.0,0.0,0.0,3,0.0,2.226,0.0,0.0,0.0,0.0,0.0,0.0,0.0
250.094,apt_walk_2,PARKED,0.0,0.0,0.0,3,0.0,2.39,0.0,0.0,0.0,0.0,0.0,0.0,0.0
250.161,apt_walk_2,PARKED,0.0,0.0,0.0,3,0.0,2.39,0.0,0.0,0.0,0.0,0.0,0.0,0.0
250.257,apt_walk_2,PARKED,0.0,0.0,0.0,3,0.0,2.56,0.0,0.0,0.0,0.0,0.0,0.0,0.0
250.358,apt_walk_2,PARKED,0.0,0.0,0.0,3,0.0,2.56,0.0,0.0,0.0,0.0,0.0,0.0,0.0
250.461,apt_walk_2,PARKED,0.0,0.0,0.0,3,0.0,2.765,0.0,0.0,0.0,0.0,0.0,0.0,0.0
250.593,apt_walk_2,PARKED,0.0,0.0,0.0,3,0.0,2.832,0.0,0.0,0.0,0.0,0.0,0.0,0.0
250.657,apt_walk_2,PARKED,0.0,0.0,0.0,3,0.0,2.832,0.0,0.0,0.0,0.0,0.0,0.0,0.0
250.757,apt_walk_2,PARKED,0.0,0.0,0.0,3,0.0,2.832,0.0,0.0,0.0,0.0,0.0,0.0,0.0
250.856,apt_walk_2,PARKED,0.0,0.0,0.0,3,0.0,2.832,0.0,0.0,0.0,0.0,0.0,0.0,0.0
250.968,apt_walk_2,PARKED,0.0,0.0,0.0,4,0.0,3.347,0.0,0.0,0.0,0.0,0.0,0.0,0.0
251.057,apt_walk_2,PARKED,0.0,0.0,0.0,4,0.0,3.347,0.0,0.0,0.0,0.0,0.0,0.0,0.0
251.157,apt_walk_2,PARKED,0.0,0.0,0.0,4,0.0,3.446,0.0,0.0,0.0,0.0,0.0,0.0,0.0
251.257,apt_walk_2,PARKED,0.0,0.0,0.0,3,0.0,3.549,0.0,0.0,0.0,0.0,0.0,0.0,0.0
251.357,apt_walk_2,PARKED,0.0,0.0,0.0,3,0.0,3.549,0.0,0.0,0.0,0.0,0.0,0.0,0.0
251.491,apt_walk_2,PARKED,0.0,0.0,0.0,3,0.0,3.707,0.0,0.0,0.0,0.0,0.0,0.0,0.0
251.557,apt_walk_2,PARKED,0.0,0.0,0.0,3,0.0,3.713,0.0,0.0,0.0,0.0,0.0,0.0,0.0
251.681,apt_walk_2,PARKED,0.0,0.0,0.0,3,0.0,3.713,0.0,0.0,0.0,0.0,0.0,0.0,0.0
251.757,apt_walk_2,PARKED,0.0,0.0,0.0,3,0.0,3.713,0.0,0.0,0.0,0.0,0.0,0.0,0.0
251.858,apt_walk_2,PARKED,0.0,0.0,0.0,3,0.0,3.713,0.0,0.0,0.0,0.0,0.0,0.0,0.0
251.958,apt_walk_2,PARKED,0.0,0.0,0.0,3,0.0,3.726,0.0,0.0,0.0,0.0,0.0,0.0,0.0
252.057,apt_walk_2,PARKED,0.0,0.0,0.0,4,0.0,3.705,0.0,0.0,0.0,0.0,0.0,0.0,0.0
252.167,apt_walk_2,PARKED,0.0,0.0,0.0,4,0.0,3.705,0.0,0.0,0.0,0.0,0.0,0.0,0.0
252.257,apt_walk_2,PARKED,0.0,0.0,0.0,4,0.0,3.705,0.0,0.0,0.0,0.0,0.0,0.0,0.0
252.36,apt_walk_2,PARKED,0.0,0.0,0.0,3,0.0,3.678,0.0,0.0,0.0,0.0,0.0,0.0,0.0
252.457,apt_walk_2,PARKED,0.0,0.0,0.0,3,0.0,3.655,0.0,0.0,0.0,0.0,0.0,0.0,0.0
252.557,apt_walk_2,PARKED,0.0,0.0,0.0,3,0.0,3.655,0.0,0.0,0.0,0.0,0.0,0.0,0.0
252.705,apt_walk_2,PARKED,0.0,0.0,0.0,4,0.0,3.67,0.0,0.0,0.0,0.0,0.0,0.0,0.0
252.77,apt_walk_2,PARKED,0.0,0.0,0.0,3,0.0,3.681,0.0,0.0,0.0,0.0,0.0,0.0,0.0
252.857,apt_walk_2,PARKED,0.0,0.0,0.0,3,0.0,3.681,0.0,0.0,0.0,0.0,0.0,0.0,0.0
252.957,apt_walk_2,PARKED,0.0,0.0,0.0,3,0.0,3.681,0.0,0.0,0.0,0.0,0.0,0.0,0.0
253.079,apt_walk_2,PARKED,0.0,0.0,0.0,3,0.0,3.737,0.0,0.0,0.0,0.0,0.0,0.0,0.0
253.202,apt_walk_2,PARKED,0.0,0.0,0.0,3,0.0,3.712,0.0,0.0,0.0,0.0,0.0,0.0,0.0
253.257,apt_walk_2,PARKED,0.0,0.0,0.0,3,0.0,3.733,0.0,0.0,0.0,0.0,0.0,0.0,0.0
253.358,apt_walk_2,PARKED,0.0,0.0,0.0,3,0.0,3.743,0.0,0.0,0.0,0.0,0.0,0.0,0.0
253.457,apt_walk_2,PARKED,0.0,0.0,0.0,3,0.0,3.743,0.0,0.0,0.0,0.0,0.0,0.0,0.0
253.557,apt_walk_2,PARKED,0.0,0.0,0.0,3,0.0,3.6,0.0,0.0,0.0,0.0,0.0,0.0,0.0
253.667,apt_walk_2,PARKED,0.0,0.0,0.0,3,0.0,3.47,0.0,0.0,0.0,0.0,0.0,0.0,0.0
253.756,apt_walk_2,PARKED,0.0,0.0,0.0,3,0.0,3.299,0.0,0.0,0.0,0.0,0.0,0.0,0.0
253.857,apt_walk_2,PARKED,0.0,0.0,0.0,3,0.0,3.299,0.0,0.0,0.0,0.0,0.0,0.0,0.0
253.957,apt_walk_2,PARKED,0.0,0.0,0.0,3,0.0,3.299,0.0,0.0,0.0,0.0,0.0,0.0,0.0
254.057,apt_walk_2,PARKED,0.0,0.0,0.0,3,0.0,3.299,0.0,0.0,0.0,0.0,0.0,0.0,0.0
254.158,apt_walk_2,PARKED,0.0,0.0,0.0,3,0.0,2.943,0.0,0.0,0.0,0.0,0.0,0.0,0.0
254.305,apt_walk_2,PARKED,0.0,0.0,0.0,3,0.0,2.943,0.0,0.0,0.0,0.0,0.0,0.0,0.0
254.387,apt_walk_2,PARKED,0.0,0.0,0.0,3,0.0,2.873,0.0,0.0,0.0,0.0,0.0,0.0,0.0
254.457,apt_walk_2,PARKED,0.0,0.0,0.0,3,0.0,2.684,0.0,0.0,0.0,0.0,0.0,0.0,0.0
254.557,apt_walk_2,PARKED,0.0,0.0,0.0,3,0.0,2.573,0.0,0.0,0.0,0.0,0.0,0.0,0.0
254.656,apt_walk_2,PARKED,0.0,0.0,0.0,3,0.0,2.573,0.0,0.0,0.0,0.0,0.0,0.0,0.0
254.77,apt_walk_2,PARKED,0.0,0.0,0.0,4,0.0,2.333,0.0,0.0,0.0,0.0,0.0,0.0,0.0
254.857,apt_walk_2,PARKED,0.0,0.0,0.0,4,0.0,2.333,0.0,0.0,0.0,0.0,0.0,0.0,0.0
254.957,apt_walk_2,PARKED,0.0,0.0,0.0,4,0.0,2.333,0.0,0.0,0.0,0.0,0.0,0.0,0.0
255.072,apt_walk_2,PARKED,0.0,0.0,0.0,4,0.0,2.107,0.0,0.0,0.0,0.0,0.0,0.0,0.0
255.157,apt_walk_2,PARKED,0.0,0.0,0.0,4,0.0,2.107,0.0,0.0,0.0,0.0,0.0,0.0,0.0
255.275,apt_walk_2,PARKED,0.0,0.0,0.0,4,0.0,2.011,0.0,0.0,0.0,0.0,0.0,0.0,0.0
255.357,apt_walk_2,PARKED,0.0,0.0,0.0,3,0.0,1.866,0.0,0.0,0.0,0.0,0.0,0.0,0.0
255.457,apt_walk_2,PARKED,0.0,0.0,0.0,3,0.0,1.866,0.0,0.0,0.0,0.0,0.0,0.0,0.0
255.557,apt_walk_2,PARKED,0.0,0.0,0.0,3,0.0,1.809,0.0,0.0,0.0,0.0,0.0,0.0,0.0
255.657,apt_walk_2,PARKED,0.0,0.0,0.0,3,0.0,1.809,0.0,0.0,0.0,0.0,0.0,0.0,0.0
255.804,apt_walk_2,PARKED,0.0,0.0,0.0,3,0.6,1.615,0.0,0.0,0.0,0.0,0.0,0.0,0.0
255.858,apt_walk_2,PARKED,0.0,0.0,0.0,3,0.6,1.615,0.0,0.0,0.0,0.0,0.0,0.0,0.0
255.958,apt_walk_2,PARKED,0.0,0.0,0.0,3,0.6,1.615,0.0,0.0,0.0,0.0,0.0,0.0,0.0
256.057,apt_walk_2,PARKED,0.0,0.0,0.0,3,0.6,1.615,0.0,0.0,0.0,0.0,0.0,0.0,0.0
256.184,apt_walk_2,PARKED,0.0,0.0,0.0,3,0.2252,1.452,0.0,0.0,0.0,0.0,0.0,0.0,0.0
256.257,apt_walk_2,PARKED,0.0,0.0,0.0,3,0.2252,1.452,0.0,0.0,0.0,0.0,0.0,0.0,0.0
256.358,apt_walk_2,PARKED,0.0,0.0,0.0,3,0.1006,1.442,0.0,0.0,0.0,0.0,0.0,0.0,0.0
256.499,apt_walk_2,PARKED,0.0,0.0,0.0,3,0.0,1.437,0.0,0.0,0.0,0.0,0.0,0.0,0.0
256.556,apt_walk_2,PARKED,0.0,0.0,0.0,3,0.0,1.437,0.0,0.0,0.0,0.0,0.0,0.0,0.0
256.657,apt_walk_2,PARKED,0.0,0.0,0.0,3,0.0,1.437,0.0,0.0,0.0,0.0,0.0,0.0,0.0
256.792,apt_walk_2,PARKED,0.0,0.0,0.0,3,0.064,1.411,0.0,0.0,0.0,0.0,0.0,0.0,0.0
256.873,apt_walk_2,PARKED,0.0,0.0,0.0,3,0.4717,1.461,0.0,0.0,0.0,0.0,0.0,0.0,0.0
256.956,apt_walk_2,PARKED,0.0,0.0,0.0,3,0.6034,1.546,0.0,0.0,0.0,0.0,0.0,0.0,0.0
257.057,apt_walk_2,PARKED,0.0,0.0,0.0,3,0.6034,1.546,0.0,0.0,0.0,0.0,0.0,0.0,0.0
257.157,apt_walk_2,PARKED,0.0,0.0,0.0,3,0.6034,1.546,0.0,0.0,0.0,0.0,0.0,0.0,0.0
257.305,apt_walk_2,PARKED,0.0,0.0,0.0,3,0.588,1.903,0.0,0.0,0.0,0.0,0.0,0.0,0.0
257.357,apt_walk_2,PARKED,0.0,0.0,0.0,3,0.588,1.903,0.0,0.0,0.0,0.0,0.0,0.0,0.0
257.464,apt_walk_2,PARKED,0.0,0.0,0.0,3,0.588,1.903,0.0,0.0,0.0,0.0,0.0,0.0,0.0
257.557,apt_walk_2,PARKED,0.0,0.0,0.0,3,0.588,1.903,0.0,0.0,0.0,0.0,0.0,0.0,0.0
257.657,apt_walk_2,PARKED,0.0,0.0,0.0,3,0.288,2.019,0.0,0.0,0.0,0.0,0.0,0.0,0.0
257.776,apt_walk_2,PARKED,0.0,0.0,0.0,3,0.0,2.207,0.0,0.0,0.0,0.0,0.0,0.0,0.0
257.858,apt_walk_2,PARKED,0.0,0.0,0.0,3,0.0,2.296,0.0,0.0,0.0,0.0,0.0,0.0,0.0
257.969,apt_walk_2,PARKED,0.0,0.0,0.0,3,0.0,2.477,0.0,0.0,0.0,0.0,0.0,0.0,0.0
258.058,apt_walk_2,PARKED,0.0,0.0,0.0,3,0.0,2.58,0.0,0.0,0.0,0.0,0.0,0.0,0.0
258.157,apt_walk_2,PARKED,0.0,0.0,0.0,3,0.0,2.58,0.0,0.0,0.0,0.0,0.0,0.0,0.0
258.257,apt_walk_2,PARKED,0.0,0.0,0.0,3,0.0,2.669,0.0,0.0,0.0,0.0,0.0,0.0,0.0
258.38,apt_walk_2,PARKED,0.0,0.0,0.0,3,0.0,2.717,0.0,0.0,0.0,0.0,0.0,0.0,0.0
258.491,apt_walk_2,PARKED,0.0,0.0,0.0,3,0.0,2.995,0.0,0.0,0.0,0.0,0.0,0.0,0.0
258.604,apt_walk_2,PARKED,0.0,0.0,0.0,3,0.0,3.053,0.0,0.0,0.0,0.0,0.0,0.0,0.0
258.657,apt_walk_2,PARKED,0.0,0.0,0.0,3,0.0,3.053,0.0,0.0,0.0,0.0,0.0,0.0,0.0
258.769,apt_walk_2,PARKED,0.0,0.0,0.0,3,0.0,3.053,0.0,0.0,0.0,0.0,0.0,0.0,0.0
258.886,apt_walk_2,PARKED,0.0,0.0,0.0,4,0.0,3.133,0.0,0.0,0.0,0.0,0.0,0.0,0.0
258.957,apt_walk_2,PARKED,0.0,0.0,0.0,4,0.0,3.427,0.0,0.0,0.0,0.0,0.0,0.0,0.0
259.057,apt_walk_2,PARKED,0.0,0.0,0.0,4,0.0,3.427,0.0,0.0,0.0,0.0,0.0,0.0,0.0
259.174,apt_walk_2,PARKED,0.0,0.0,0.0,4,0.0,3.602,0.0,0.0,0.0,0.0,0.0,0.0,0.0
259.256,apt_walk_2,PARKED,0.0,0.0,0.0,4,0.0,3.602,0.0,0.0,0.0,0.0,0.0,0.0,0.0
259.357,apt_walk_2,PARKED,0.0,0.0,0.0,4,0.0,3.602,0.0,0.0,0.0,0.0,0.0,0.0,0.0
259.458,apt_walk_2,PARKED,0.0,0.0,0.0,4,0.0,3.602,0.0,0.0,0.0,0.0,0.0,0.0,0.0
259.587,apt_walk_2,PARKED,0.0,0.0,0.0,5,0.0,3.761,0.0,0.0,0.0,0.0,0.0,0.0,0.0
259.657,apt_walk_2,PARKED,0.0,0.0,0.0,4,0.0,3.774,0.0,0.0,0.0,0.0,0.0,0.0,0.0
259.757,apt_walk_2,PARKED,0.0,0.0,0.0,4,0.0,3.752,0.0,0.0,0.0,0.0,0.0,0.0,0.0
259.857,apt_walk_2,PARKED,0.0,0.0,0.0,4,0.0,3.752,0.0,0.0,0.0,0.0,0.0,0.0,0.0
259.957,apt_walk_2,PARKED,0.0,0.0,0.0,4,0.0,3.752,0.0,0.0,0.0,0.0,0.0,0.0,0.0
260.057,apt_walk_2,PARKED,0.0,0.0,0.0,4,0.0,3.752,0.0,0.0,0.0,0.0,0.0,0.0,0.0
260.175,apt_walk_2,PARKED,0.0,0.0,0.0,4,0.0,3.751,0.0,0.0,0.0,0.0,0.0,0.0,0.0
260.295,apt_walk_2,PARKED,0.0,0.0,0.0,4,0.0,3.805,0.0,0.0,0.0,0.0,0.0,0.0,0.0
260.356,apt_walk_2,PARKED,0.0,0.0,0.0,4,0.0,3.805,0.0,0.0,0.0,0.0,0.0,0.0,0.0
260.457,apt_walk_2,PARKED,0.0,0.0,0.0,4,0.0,3.805,0.0,0.0,0.0,0.0,0.0,0.0,0.0
260.557,apt_walk_2,PARKED,0.0,0.0,0.0,4,0.0,3.708,0.0,0.0,0.0,0.0,0.0,0.0,0.0
260.677,apt_walk_2,PARKED,0.0,0.0,0.0,4,0.0,3.657,0.0,0.0,0.0,0.0,0.0,0.0,0.0
260.757,apt_walk_2,PARKED,0.0,0.0,0.0,4,0.0,3.657,0.0,0.0,0.0,0.0,0.0,0.0,0.0
260.898,apt_walk_2,PARKED,0.0,0.0,0.0,4,0.0,3.7,0.0,0.0,0.0,0.0,0.0,0.0,0.0
260.984,apt_walk_2,PARKED,0.0,0.0,0.0,4,0.0,3.696,0.0,0.0,0.0,0.0,0.0,0.0,0.0
261.101,apt_walk_2,PARKED,0.0,0.0,0.0,4,0.0,3.729,0.0,0.0,0.0,0.0,0.0,0.0,0.0
261.157,apt_walk_2,PARKED,0.0,0.0,0.0,4,0.0,3.729,0.0,0.0,0.0,0.0,0.0,0.0,0.0
261.268,apt_walk_2,PARKED,0.0,0.0,0.0,4,0.0,3.618,0.0,0.0,0.0,0.0,0.0,0.0,0.0
261.378,apt_walk_2,PARKED,0.0,0.0,0.0,4,0.0,3.603,0.0,0.0,0.0,0.0,0.0,0.0,0.0
261.456,apt_walk_2,PARKED,0.0,0.0,0.0,4,0.0,3.603,0.0,0.0,0.0,0.0,0.0,0.0,0.0
261.59,apt_walk_2,PARKED,0.0,0.0,0.0,4,0.0,3.248,0.0,0.0,0.0,0.0,0.0,0.0,0.0
261.657,apt_walk_2,PARKED,0.0,0.0,0.0,4,0.0,3.248,0.0,0.0,0.0,0.0,0.0,0.0,0.0
261.757,apt_walk_2,PARKED,0.0,0.0,0.0,4,0.0,3.144,0.0,0.0,0.0,0.0,0.0,0.0,0.0
261.857,apt_walk_2,PARKED,0.0,0.0,0.0,4,0.0,3.098,0.0,0.0,0.0,0.0,0.0,0.0,0.0
261.957,apt_walk_2,PARKED,0.0,0.0,0.0,4,0.0,3.057,0.0,0.0,0.0,0.0,0.0,0.0,0.0
262.057,apt_walk_2,PARKED,0.0,0.0,0.0,4,0.0,2.892,0.0,0.0,0.0,0.0,0.0,0.0,0.0
262.157,apt_walk_2,PARKED,0.0,0.0,0.0,4,0.0,2.892,0.0,0.0,0.0,0.0,0.0,0.0,0.0
262.27,apt_walk_2,PARKED,0.0,0.0,0.0,4,0.0,2.739,0.0,0.0,0.0,0.0,0.0,0.0,0.0
262.381,apt_walk_2,PARKED,0.0,0.0,0.0,4,0.0,2.666,0.0,0.0,0.0,0.0,0.0,0.0,0.0
262.457,apt_walk_2,PARKED,0.0,0.0,0.0,4,0.0,2.469,0.0,0.0,0.0,0.0,0.0,0.0,0.0
262.557,apt_walk_2,PARKED,0.0,0.0,0.0,4,0.0,2.469,0.0,0.0,0.0,0.0,0.0,0.0,0.0
262.657,apt_walk_2,PARKED,0.0,0.0,0.0,4,0.0,2.469,0.0,0.0,0.0,0.0,0.0,0.0,0.0
262.786,apt_walk_2,PARKED,0.0,0.0,0.0,4,0.0,2.272,0.0,0.0,0.0,0.0,0.0,0.0,0.0
262.906,apt_walk_2,PARKED,0.0,0.0,0.0,4,0.0,2.031,0.0,0.0,0.0,0.0,0.0,0.0,0.0
262.958,apt_walk_2,PARKED,0.0,0.0,0.0,4,0.0,2.031,0.0,0.0,0.0,0.0,0.0,0.0,0.0
263.057,apt_walk_2,PARKED,0.0,0.0,0.0,4,0.0,2.031,0.0,0.0,0.0,0.0,0.0,0.0,0.0
263.157,apt_walk_2,PARKED,0.0,0.0,0.0,4,0.0,2.031,0.0,0.0,0.0,0.0,0.0,0.0,0.0
263.279,apt_walk_2,PARKED,0.0,0.0,0.0,4,0.0,1.944,0.0,0.0,0.0,0.0,0.0,0.0,0.0
263.404,apt_walk_2,PARKED,0.0,0.0,0.0,3,0.2851,1.757,0.0,0.0,0.0,0.0,0.0,0.0,0.0
263.458,apt_walk_2,PARKED,0.0,0.0,0.0,3,0.2851,1.757,0.0,0.0,0.0,0.0,0.0,0.0,0.0
263.557,apt_walk_2,PARKED,0.0,0.0,0.0,3,0.2851,1.757,0.0,0.0,0.0,0.0,0.0,0.0,0.0
263.657,apt_walk_2,PARKED,0.0,0.0,0.0,3,0.2851,1.757,0.0,0.0,0.0,0.0,0.0,0.0,0.0
263.79,apt_walk_2,PARKED,0.0,0.0,0.0,3,0.2655,1.6,0.0,0.0,0.0,0.0,0.0,0.0,0.0
263.86,apt_walk_2,PARKED,0.0,0.0,0.0,3,0.4163,1.554,0.0,0.0,0.0,0.0,0.0,0.0,0.0
263.983,apt_walk_2,PARKED,0.0,0.0,0.0,3,0.1509,1.529,0.0,0.0,0.0,0.0,0.0,0.0,0.0
264.08,apt_walk_2,PARKED,0.0,0.0,0.0,3,0.1146,1.5,0.0,0.0,0.0,0.0,0.0,0.0,0.0
264.158,apt_walk_2,PARKED,0.0,0.0,0.0,3,0.1146,1.5,0.0,0.0,0.0,0.0,0.0,0.0,0.0
264.282,apt_walk_2,PARKED,0.0,0.0,0.0,3,0.3295,1.516,0.0,0.0,0.0,0.0,0.0,0.0,0.0
264.357,apt_walk_2,PARKED,0.0,0.0,0.0,3,0.3295,1.516,0.0,0.0,0.0,0.0,0.0,0.0,0.0
264.457,apt_walk_2,PARKED,0.0,0.0,0.0,3,0.3295,1.516,0.0,0.0,0.0,0.0,0.0,0.0,0.0
264.557,apt_walk_2,PARKED,0.0,0.0,0.0,3,0.3295,1.516,0.0,0.0,0.0,0.0,0.0,0.0,0.0
264.657,apt_walk_2,PARKED,0.0,0.0,0.0,3,0.3295,1.516,0.0,0.0,0.0,0.0,0.0,0.0,0.0
264.757,apt_walk_2,PARKED,0.0,0.0,0.0,3,0.1441,1.529,0.0,0.0,0.0,0.0,0.0,0.0,0.0
264.858,apt_walk_2,PARKED,0.0,0.0,0.0,3,0.1441,1.529,0.0,0.0,0.0,0.0,0.0,0.0,0.0
264.958,apt_walk_2,PARKED,0.0,0.0,0.0,3,0.1441,1.529,0.0,0.0,0.0,0.0,0.0,0.0,0.0
265.057,apt_walk_2,PARKED,0.0,0.0,0.0,3,0.1441,1.529,0.0,0.0,0.0,0.0,0.0,0.0,0.0
265.195,apt_walk_2,PARKED,0.0,0.0,0.0,3,0.0,2.198,0.0,0.0,0.0,0.0,0.0,0.0,0.0
265.272,apt_walk_2,PARKED,0.0,0.0,0.0,3,0.0,2.329,0.0,0.0,0.0,0.0,0.0,0.0,0.0
265.357,apt_walk_2,PARKED,0.0,0.0,0.0,3,0.0,2.467,0.0,0.0,0.0,0.0,0.0,0.0,0.0
265.484,apt_walk_2,PARKED,0.0,0.0,0.0,3,0.0,2.467,0.0,0.0,0.0,0.0,0.0,0.0,0.0
265.558,apt_walk_2,PARKED,0.0,0.0,0.0,3,0.0,2.467,0.0,0.0,0.0,0.0,0.0,0.0,0.0
265.694,apt_walk_2,PARKED,0.0,0.0,0.0,3,0.0,2.558,0.0,0.0,0.0,0.0,0.0,0.0,0.0
265.758,apt_walk_2,PARKED,0.0,0.0,0.0,3,0.0,2.756,0.0,0.0,0.0,0.0,0.0,0.0,0.0
265.858,apt_walk_2,PARKED,0.0,0.0,0.0,3,0.0,2.756,0.0,0.0,0.0,0.0,0.0,0.0,0.0
265.957,apt_walk_2,PARKED,0.0,0.0,0.0,3,0.0,2.756,0.0,0.0,0.0,0.0,0.0,0.0,0.0
266.058,apt_walk_2,PARKED,0.0,0.0,0.0,3,0.0,2.756,0.0,0.0,0.0,0.0,0.0,0.0,0.0
266.157,apt_walk_2,PARKED,0.0,0.0,0.0,3,0.0,2.756,0.0,0.0,0.0,0.0,0.0,0.0,0.0
266.259,apt_walk_2,PARKED,0.0,0.0,0.0,3,0.0,3.27,0.0,0.0,0.0,0.0,0.0,0.0,0.0
266.373,apt_walk_2,PARKED,0.0,0.0,0.0,3,0.0,3.352,0.0,0.0,0.0,0.0,0.0,0.0,0.0
266.457,apt_walk_2,PARKED,0.0,0.0,0.0,3,0.0,3.352,0.0,0.0,0.0,0.0,0.0,0.0,0.0
266.573,apt_walk_2,PARKED,0.0,0.0,0.0,3,0.0,3.373,0.0,0.0,0.0,0.0,0.0,0.0,0.0
266.657,apt_walk_2,PARKED,0.0,0.0,0.0,3,0.0,3.696,0.0,0.0,0.0,0.0,0.0,0.0,0.0
266.757,apt_walk_2,PARKED,0.0,0.0,0.0,3,0.0,3.696,0.0,0.0,0.0,0.0,0.0,0.0,0.0
266.888,apt_walk_2,PARKED,0.0,0.0,0.0,3,0.0,3.677,0.0,0.0,0.0,0.0,0.0,0.0,0.0
266.958,apt_walk_2,PARKED,0.0,0.0,0.0,3,0.0,3.677,0.0,0.0,0.0,0.0,0.0,0.0,0.0
267.057,apt_walk_2,PARKED,0.0,0.0,0.0,3,0.0,3.677,0.0,0.0,0.0,0.0,0.0,0.0,0.0
267.158,apt_walk_2,PARKED,0.0,0.0,0.0,5,0.0,3.782,0.0,0.0,0.0,0.0,0.0,0.0,0.0
267.257,apt_walk_2,PARKED,0.0,0.0,0.0,5,0.0,3.782,0.0,0.0,0.0,0.0,0.0,0.0,0.0
267.357,apt_walk_2,PARKED,0.0,0.0,0.0,5,0.0,3.821,0.0,0.0,0.0,0.0,0.0,0.0,0.0
267.462,apt_walk_2,PARKED,0.0,0.0,0.0,5,0.0,3.758,0.0,0.0,0.0,0.0,0.0,0.0,0.0
267.557,apt_walk_2,PARKED,0.0,0.0,0.0,5,0.0,3.776,0.0,0.0,0.0,0.0,0.0,0.0,0.0
267.657,apt_walk_2,PARKED,0.0,0.0,0.0,5,0.0,3.776,0.0,0.0,0.0,0.0,0.0,0.0,0.0
267.757,apt_walk_2,PARKED,0.0,0.0,0.0,5,0.0,3.776,0.0,0.0,0.0,0.0,0.0,0.0,0.0
267.857,apt_walk_2,PARKED,0.0,0.0,0.0,5,0.0,3.749,0.0,0.0,0.0,0.0,0.0,0.0,0.0
267.957,apt_walk_2,PARKED,0.0,0.0,0.0,5,0.0,3.731,0.0,0.0,0.0,0.0,0.0,0.0,0.0
268.057,apt_walk_2,PARKED,0.0,0.0,0.0,5,0.0,3.731,0.0,0.0,0.0,0.0,0.0,0.0,0.0
268.157,apt_walk_2,PARKED,0.0,0.0,0.0,5,0.0,3.731,0.0,0.0,0.0,0.0,0.0,0.0,0.0
268.257,apt_walk_2,PARKED,0.0,0.0,0.0,5,0.0,3.692,0.0,0.0,0.0,0.0,0.0,0.0,0.0
268.357,apt_walk_2,PARKED,0.0,0.0,0.0,5,0.0,3.692,0.0,0.0,0.0,0.0,0.0,0.0,0.0
268.457,apt_walk_2,PARKED,0.0,0.0,0.0,5,0.0,3.737,0.0,0.0,0.0,0.0,0.0,0.0,0.0
268.557,apt_walk_2,PARKED,0.0,0.0,0.0,5,0.0,3.703,0.0,0.0,0.0,0.0,0.0,0.0,0.0
268.657,apt_walk_2,PARKED,0.0,0.0,0.0,5,0.0,3.703,0.0,0.0,0.0,0.0,0.0,0.0,0.0
268.785,apt_walk_2,PARKED,0.0,0.0,0.0,5,0.0,3.743,0.0,0.0,0.0,0.0,0.0,0.0,0.0
268.856,apt_walk_2,PARKED,0.0,0.0,0.0,4,0.0,3.786,0.0,0.0,0.0,0.0,0.0,0.0,0.0
268.971,apt_walk_2,PARKED,0.0,0.0,0.0,4,0.0,3.715,0.0,0.0,0.0,0.0,0.0,0.0,0.0
269.057,apt_walk_2,PARKED,0.0,0.0,0.0,4,0.0,3.715,0.0,0.0,0.0,0.0,0.0,0.0,0.0
269.157,apt_walk_2,PARKED,0.0,0.0,0.0,4,0.0,3.715,0.0,0.0,0.0,0.0,0.0,0.0,0.0
269.257,apt_walk_2,PARKED,0.0,0.0,0.0,4,0.0,3.715,0.0,0.0,0.0,0.0,0.0,0.0,0.0
269.357,apt_walk_2,PARKED,0.0,0.0,0.0,4,0.0,3.715,0.0,0.0,0.0,0.0,0.0,0.0,0.0
269.493,apt_walk_2,PARKED,0.0,0.0,0.0,4,0.0,3.355,0.0,0.0,0.0,0.0,0.0,0.0,0.0
269.557,apt_walk_2,PARKED,0.0,0.0,0.0,4,0.0,3.159,0.0,0.0,0.0,0.0,0.0,0.0,0.0
269.657,apt_walk_2,PARKED,0.0,0.0,0.0,4,0.0,3.084,0.0,0.0,0.0,0.0,0.0,0.0,0.0
269.757,apt_walk_2,PARKED,0.0,0.0,0.0,4,0.0,3.084,0.0,0.0,0.0,0.0,0.0,0.0,0.0
269.896,apt_walk_2,PARKED,0.0,0.0,0.0,3,0.0,2.996,0.0,0.0,0.0,0.0,0.0,0.0,0.0
269.97,apt_walk_2,PARKED,0.0,0.0,0.0,4,0.0,2.875,0.0,0.0,0.0,0.0,0.0,0.0,0.0
270.057,apt_walk_2,PARKED,0.0,0.0,0.0,3,0.0,2.714,0.0,0.0,0.0,0.0,0.0,0.0,0.0
270.157,apt_walk_2,PARKED,0.0,0.0,0.0,3,0.0,2.714,0.0,0.0,0.0,0.0,0.0,0.0,0.0
270.257,apt_walk_2,PARKED,0.0,0.0,0.0,3,0.0,2.714,0.0,0.0,0.0,0.0,0.0,0.0,0.0
270.358,apt_walk_2,PARKED,0.0,0.0,0.0,3,0.0,2.714,0.0,0.0,0.0,0.0,0.0,0.0,0.0
270.46,apt_walk_2,PARKED,0.0,0.0,0.0,4,0.0,2.392,0.0,0.0,0.0,0.0,0.0,0.0,0.0
270.557,apt_walk_2,PARKED,0.0,0.0,0.0,3,0.0,2.296,0.0,0.0,0.0,0.0,0.0,0.0,0.0
270.657,apt_walk_2,PARKED,0.0,0.0,0.0,3,0.0,2.296,0.0,0.0,0.0,0.0,0.0,0.0,0.0
270.757,apt_walk_2,PARKED,0.0,0.0,0.0,3,0.0,2.296,0.0,0.0,0.0,0.0,0.0,0.0,0.0
270.857,apt_walk_2,PARKED,0.0,0.0,0.0,3,0.0,2.257,0.0,0.0,0.0,0.0,0.0,0.0,0.0
271.006,apt_walk_2,PARKED,0.0,0.0,0.0,3,0.0,2.105,0.0,0.0,0.0,0.0,0.0,0.0,0.0
271.082,apt_walk_2,PARKED,0.0,0.0,0.0,3,0.0,1.938,0.0,0.0,0.0,0.0,0.0,0.0,0.0
271.157,apt_walk_2,PARKED,0.0,0.0,0.0,3,0.0,1.938,0.0,0.0,0.0,0.0,0.0,0.0,0.0
271.257,apt_walk_2,PARKED,0.0,0.0,0.0,3,0.0,1.938,0.0,0.0,0.0,0.0,0.0,0.0,0.0
271.357,apt_walk_2,PARKED,0.0,0.0,0.0,3,0.0,1.938,0.0,0.0,0.0,0.0,0.0,0.0,0.0
271.459,apt_walk_2,PARKED,0.0,0.0,0.0,3,0.115,1.683,0.0,0.0,0.0,0.0,0.0,0.0,0.0
271.557,apt_walk_2,PARKED,0.0,0.0,0.0,3,0.2004,1.621,0.0,0.0,0.0,0.0,0.0,0.0,0.0
271.658,apt_walk_2,PARKED,0.0,0.0,0.0,3,0.2004,1.621,0.0,0.0,0.0,0.0,0.0,0.0,0.0
271.804,apt_walk_2,PARKED,0.0,0.0,0.0,3,0.2172,1.594,0.0,0.0,0.0,0.0,0.0,0.0,0.0
271.857,apt_walk_2,PARKED,0.0,0.0,0.0,3,0.2172,1.594,0.0,0.0,0.0,0.0,0.0,0.0,0.0
271.98,apt_walk_2,PARKED,0.0,0.0,0.0,3,0.478,1.502,0.0,0.0,0.0,0.0,0.0,0.0,0.0
272.057,apt_walk_2,PARKED,0.0,0.0,0.0,3,0.478,1.502,0.0,0.0,0.0,0.0,0.0,0.0,0.0
272.164,apt_walk_2,PARKED,0.0,0.0,0.0,3,0.478,1.502,0.0,0.0,0.0,0.0,0.0,0.0,0.0
272.258,apt_walk_2,PARKED,0.0,0.0,0.0,3,0.478,1.502,0.0,0.0,0.0,0.0,0.0,0.0,0.0
272.371,apt_walk_2,PARKED,0.0,0.0,0.0,3,0.3801,1.563,0.0,0.0,0.0,0.0,0.0,0.0,0.0
272.457,apt_walk_2,PARKED,0.0,0.0,0.0,3,0.6973,1.672,0.0,0.0,0.0,0.0,0.0,0.0,0.0
272.557,apt_walk_2,PARKED,0.0,0.0,0.0,3,0.6973,1.672,0.0,0.0,0.0,0.0,0.0,0.0,0.0
272.657,apt_walk_2,PARKED,0.0,0.0,0.0,3,0.6973,1.672,0.0,0.0,0.0,0.0,0.0,0.0,0.0
272.782,apt_walk_2,PARKED,0.0,0.0,0.0,3,0.075,1.821,0.0,0.0,0.0,0.0,0.0,0.0,0.0
272.86,apt_walk_2,PARKED,0.0,0.0,0.0,3,0.0,1.897,0.0,0.0,0.0,0.0,0.0,0.0,0.0
272.957,apt_walk_2,PARKED,0.0,0.0,0.0,3,0.0,1.998,0.0,0.0,0.0,0.0,0.0,0.0,0.0
273.057,apt_walk_2,PARKED,0.0,0.0,0.0,3,0.0,1.998,0.0,0.0,0.0,0.0,0.0,0.0,0.0
273.172,apt_walk_2,PARKED,0.0,0.0,0.0,3,0.0,2.131,0.0,0.0,0.0,0.0,0.0,0.0,0.0
273.257,apt_walk_2,PARKED,0.0,0.0,0.0,3,0.0,2.131,0.0,0.0,0.0,0.0,0.0,0.0,0.0
273.357,apt_walk_2,PARKED,0.0,0.0,0.0,3,0.0,2.348,0.0,0.0,0.0,0.0,0.0,0.0,0.0
273.466,apt_walk_2,PARKED,0.0,0.0,0.0,3,0.0,2.348,0.0,0.0,0.0,0.0,0.0,0.0,0.0
273.557,apt_walk_2,PARKED,0.0,0.0,0.0,3,0.0,2.348,0.0,0.0,0.0,0.0,0.0,0.0,0.0
273.69,apt_walk_2,PARKED,0.0,0.0,0.0,3,0.0,2.495,0.0,0.0,0.0,0.0,0.0,0.0,0.0
273.757,apt_walk_2,PARKED,0.0,0.0,0.0,3,0.0,2.808,0.0,0.0,0.0,0.0,0.0,0.0,0.0
273.857,apt_walk_2,PARKED,0.0,0.0,0.0,3,0.0,2.824,0.0,0.0,0.0,0.0,0.0,0.0,0.0
273.957,apt_walk_2,PARKED,0.0,0.0,0.0,3,0.0,2.824,0.0,0.0,0.0,0.0,0.0,0.0,0.0
274.057,apt_walk_2,PARKED,0.0,0.0,0.0,3,0.0,2.824,0.0,0.0,0.0,0.0,0.0,0.0,0.0
274.177,apt_walk_2,PARKED,0.0,0.0,0.0,3,0.0,3.168,0.0,0.0,0.0,0.0,0.0,0.0,0.0
274.257,apt_walk_2,PARKED,0.0,0.0,0.0,3,0.0,3.168,0.0,0.0,0.0,0.0,0.0,0.0,0.0
274.356,apt_walk_2,PARKED,0.0,0.0,0.0,4,0.0,3.288,0.0,0.0,0.0,0.0,0.0,0.0,0.0
274.457,apt_walk_2,PARKED,0.0,0.0,0.0,4,0.0,3.288,0.0,0.0,0.0,0.0,0.0,0.0,0.0
274.557,apt_walk_2,PARKED,0.0,0.0,0.0,3,0.0,3.329,0.0,0.0,0.0,0.0,0.0,0.0,0.0
274.657,apt_walk_2,PARKED,0.0,0.0,0.0,4,0.0,3.497,0.0,0.0,0.0,0.0,0.0,0.0,0.0
274.758,apt_walk_2,PARKED,0.0,0.0,0.0,4,0.0,3.55,0.0,0.0,0.0,0.0,0.0,0.0,0.0
274.897,apt_walk_2,PARKED,0.0,0.0,0.0,4,0.0,3.694,0.0,0.0,0.0,0.0,0.0,0.0,0.0
274.958,apt_walk_2,PARKED,0.0,0.0,0.0,4,0.0,3.694,0.0,0.0,0.0,0.0,0.0,0.0,0.0
275.093,apt_walk_2,PARKED,0.0,0.0,0.0,4,0.0,3.707,0.0,0.0,0.0,0.0,0.0,0.0,0.0
275.158,apt_walk_2,PARKED,0.0,0.0,0.0,4,0.0,3.707,0.0,0.0,0.0,0.0,0.0,0.0,0.0
275.304,apt_walk_2,PARKED,0.0,0.0,0.0,4,0.0,3.734,0.0,0.0,0.0,0.0,0.0,0.0,0.0
275.358,apt_walk_2,PARKED,0.0,0.0,0.0,4,0.0,3.734,0.0,0.0,0.0,0.0,0.0,0.0,0.0
275.458,apt_walk_2,PARKED,0.0,0.0,0.0,4,0.0,3.734,0.0,0.0,0.0,0.0,0.0,0.0,0.0
275.557,apt_walk_2,PARKED,0.0,0.0,0.0,3,0.0,3.724,0.0,0.0,0.0,0.0,0.0,0.0,0.0
275.658,apt_walk_2,PARKED,0.0,0.0,0.0,3,0.0,3.778,0.0,0.0,0.0,0.0,0.0,0.0,0.0
275.793,apt_walk_2,PARKED,0.0,0.0,0.0,3,0.0,3.751,0.0,0.0,0.0,0.0,0.0,0.0,0.0
275.857,apt_walk_2,PARKED,0.0,0.0,0.0,3,0.0,3.751,0.0,0.0,0.0,0.0,0.0,0.0,0.0
275.979,apt_walk_2,PARKED,0.0,0.0,0.0,3,0.0,3.788,0.0,0.0,0.0,0.0,0.0,0.0,0.0
276.057,apt_walk_2,PARKED,0.0,0.0,0.0,3,0.0,3.788,0.0,0.0,0.0,0.0,0.0,0.0,0.0
276.157,apt_walk_2,PARKED,0.0,0.0,0.0,3,0.0,3.731,0.0,0.0,0.0,0.0,0.0,0.0,0.0
276.257,apt_walk_2,PARKED,0.0,0.0,0.0,3,0.0,3.731,0.0,0.0,0.0,0.0,0.0,0.0,0.0
276.397,apt_walk_2,PARKED,0.0,0.0,0.0,4,0.0,3.717,0.0,0.0,0.0,0.0,0.0,0.0,0.0
276.457,apt_walk_2,PARKED,0.0,0.0,0.0,4,0.0,3.717,0.0,0.0,0.0,0.0,0.0,0.0,0.0
276.558,apt_walk_2,PARKED,0.0,0.0,0.0,3,0.0,3.755,0.0,0.0,0.0,0.0,0.0,0.0,0.0
276.661,apt_walk_2,PARKED,0.0,0.0,0.0,3,0.0,3.706,0.0,0.0,0.0,0.0,0.0,0.0,0.0
276.757,apt_walk_2,PARKED,0.0,0.0,0.0,3,0.0,3.706,0.0,0.0,0.0,0.0,0.0,0.0,0.0
276.9,apt_walk_2,PARKED,0.0,0.0,0.0,4,0.0,3.446,0.0,0.0,0.0,0.0,0.0,0.0,0.0
276.964,apt_walk_2,PARKED,0.0,0.0,0.0,3,0.0,3.44,0.0,0.0,0.0,0.0,0.0,0.0,0.0
277.057,apt_walk_2,PARKED,0.0,0.0,0.0,3,0.0,3.44,0.0,0.0,0.0,0.0,0.0,0.0,0.0
277.191,apt_walk_2,PARKED,0.0,0.0,0.0,3,0.0,3.44,0.0,0.0,0.0,0.0,0.0,0.0,0.0
277.257,apt_walk_2,PARKED,0.0,0.0,0.0,3,0.0,3.44,0.0,0.0,0.0,0.0,0.0,0.0,0.0
277.374,apt_walk_2,PARKED,0.0,0.0,0.0,3,0.0,3.063,0.0,0.0,0.0,0.0,0.0,0.0,0.0
277.457,apt_walk_2,PARKED,0.0,0.0,0.0,3,0.0,2.897,0.0,0.0,0.0,0.0,0.0,0.0,0.0
277.557,apt_walk_2,PARKED,0.0,0.0,0.0,3,0.0,2.897,0.0,0.0,0.0,0.0,0.0,0.0,0.0
277.657,apt_walk_2,PARKED,0.0,0.0,0.0,3,0.0,2.897,0.0,0.0,0.0,0.0,0.0,0.0,0.0
277.767,apt_walk_2,PARKED,0.0,0.0,0.0,3,0.0,2.693,0.0,0.0,0.0,0.0,0.0,0.0,0.0
277.857,apt_walk_2,PARKED,0.0,0.0,0.0,3,0.0,2.622,0.0,0.0,0.0,0.0,0.0,0.0,0.0
277.974,apt_walk_2,PARKED,0.0,0.0,0.0,3,0.0,2.486,0.0,0.0,0.0,0.0,0.0,0.0,0.0
278.057,apt_walk_2,PARKED,0.0,0.0,0.0,3,0.0,2.486,0.0,0.0,0.0,0.0,0.0,0.0,0.0
278.181,apt_walk_2,PARKED,0.0,0.0,0.0,3,0.0,2.256,0.0,0.0,0.0,0.0,0.0,0.0,0.0
278.258,apt_walk_2,PARKED,0.0,0.0,0.0,3,0.0,2.256,0.0,0.0,0.0,0.0,0.0,0.0,0.0
278.357,apt_walk_2,PARKED,0.0,0.0,0.0,3,0.0,2.159,0.0,0.0,0.0,0.0,0.0,0.0,0.0
278.457,apt_walk_2,PARKED,0.0,0.0,0.0,3,0.0,2.159,0.0,0.0,0.0,0.0,0.0,0.0,0.0
278.557,apt_walk_2,PARKED,0.0,0.0,0.0,3,0.0,2.159,0.0,0.0,0.0,0.0,0.0,0.0,0.0
278.657,apt_walk_2,PARKED,0.0,0.0,0.0,3,0.0,2.159,0.0,0.0,0.0,0.0,0.0,0.0,0.0
278.762,apt_walk_2,PARKED,0.0,0.0,0.0,4,0.0,1.863,0.0,0.0,0.0,0.0,0.0,0.0,0.0
278.877,apt_walk_2,PARKED,0.0,0.0,0.0,4,0.0,1.812,0.0,0.0,0.0,0.0,0.0,0.0,0.0
278.957,apt_walk_2,PARKED,0.0,0.0,0.0,4,0.3014,1.734,0.0,0.0,0.0,0.0,0.0,0.0,0.0
279.092,apt_walk_2,PARKED,0.0,0.0,0.0,4,0.3274,1.631,0.0,0.0,0.0,0.0,0.0,0.0,0.0
279.158,apt_walk_2,PARKED,0.0,0.0,0.0,4,0.3274,1.631,0.0,0.0,0.0,0.0,0.0,0.0,0.0
279.256,apt_walk_2,PARKED,0.0,0.0,0.0,4,0.3274,1.631,0.0,0.0,0.0,0.0,0.0,0.0,0.0
279.375,apt_walk_2,PARKED,0.0,0.0,0.0,3,0.3513,1.566,0.0,0.0,0.0,0.0,0.0,0.0,0.0
279.457,apt_walk_2,PARKED,0.0,0.0,0.0,3,0.1316,1.553,0.0,0.0,0.0,0.0,0.0,0.0,0.0
279.558,apt_walk_2,PARKED,0.0,0.0,0.0,3,0.3539,1.541,0.0,0.0,0.0,0.0,0.0,0.0,0.0
279.657,apt_walk_2,PARKED,0.0,0.0,0.0,3,0.3539,1.541,0.0,0.0,0.0,0.0,0.0,0.0,0.0
279.757,apt_walk_2,PARKED,0.0,0.0,0.0,3,0.3539,1.541,0.0,0.0,0.0,0.0,0.0,0.0,0.0
279.873,apt_walk_2,PARKED,0.0,0.0,0.0,3,0.2712,1.69,0.0,0.0,0.0,0.0,0.0,0.0,0.0
279.985,apt_walk_2,PARKED,0.0,0.0,0.0,3,0.0,1.807,0.0,0.0,0.0,0.0,0.0,0.0,0.0
280.058,apt_walk_2,PARKED,0.0,0.0,0.0,3,0.0,1.807,0.0,0.0,0.0,0.0,0.0,0.0,0.0
280.157,apt_walk_2,PARKED,0.0,0.0,0.0,3,0.0,1.916,0.0,0.0,0.0,0.0,0.0,0.0,0.0
280.257,apt_walk_2,PARKED,0.0,0.0,0.0,3,0.0,1.961,0.0,0.0,0.0,0.0,0.0,0.0,0.0
280.404,apt_walk_2,PARKED,0.0,0.0,0.0,3,0.0,2.123,0.0,0.0,0.0,0.0,0.0,0.0,0.0
280.479,apt_walk_2,PARKED,0.0,0.0,0.0,3,0.0,2.206,0.0,0.0,0.0,0.0,0.0,0.0,0.0
280.557,apt_walk_2,PARKED,0.0,0.0,0.0,3,0.0,2.206,0.0,0.0,0.0,0.0,0.0,0.0,0.0
280.662,apt_walk_2,PARKED,0.0,0.0,0.0,3,0.0,2.327,0.0,0.0,0.0,0.0,0.0,0.0,0.0
280.757,apt_walk_2,PARKED,0.0,0.0,0.0,3,0.0,2.327,0.0,0.0,0.0,0.0,0.0,0.0,0.0
280.906,apt_walk_2,PARKED,0.0,0.0,0.0,3,0.0,2.582,0.0,0.0,0.0,0.0,0.0,0.0,0.0
280.957,apt_walk_2,PARKED,0.0,0.0,0.0,3,0.0,2.582,0.0,0.0,0.0,0.0,0.0,0.0,0.0
281.057,apt_walk_2,PARKED,0.0,0.0,0.0,4,0.0,2.767,0.0,0.0,0.0,0.0,0.0,0.0,0.0
281.206,apt_walk_2,PARKED,0.0,0.0,0.0,3,0.0,2.889,0.0,0.0,0.0,0.0,0.0,0.0,0.0
281.257,apt_walk_2,PARKED,0.0,0.0,0.0,3,0.0,2.889,0.0,0.0,0.0,0.0,0.0,0.0,0.0
281.405,apt_walk_2,PARKED,0.0,0.0,0.0,4,0.0,3.066,0.0,0.0,0.0,0.0,0.0,0.0,0.0
281.475,apt_walk_2,PARKED,0.0,0.0,0.0,4,0.0,3.265,0.0,0.0,0.0,0.0,0.0,0.0,0.0
281.557,apt_walk_2,PARKED,0.0,0.0,0.0,4,0.0,3.265,0.0,0.0,0.0,0.0,0.0,0.0,0.0
281.658,apt_walk_2,PARKED,0.0,0.0,0.0,4,0.0,3.265,0.0,0.0,0.0,0.0,0.0,0.0,0.0
281.758,apt_walk_2,PARKED,0.0,0.0,0.0,4,0.0,3.265,0.0,0.0,0.0,0.0,0.0,0.0,0.0
281.857,apt_walk_2,PARKED,0.0,0.0,0.0,3,0.0,3.366,0.0,0.0,0.0,0.0,0.0,0.0,0.0
281.957,apt_walk_2,PARKED,0.0,0.0,0.0,3,0.0,3.626,0.0,0.0,0.0,0.0,0.0,0.0,0.0
282.067,apt_walk_2,PARKED,0.0,0.0,0.0,4,0.0,3.683,0.0,0.0,0.0,0.0,0.0,0.0,0.0
282.157,apt_walk_2,PARKED,0.0,0.0,0.0,4,0.0,3.683,0.0,0.0,0.0,0.0,0.0,0.0,0.0
282.257,apt_walk_2,PARKED,0.0,0.0,0.0,4,0.0,3.683,0.0,0.0,0.0,0.0,0.0,0.0,0.0
282.402,apt_walk_2,PARKED,0.0,0.0,0.0,4,0.0,3.753,0.0,0.0,0.0,0.0,0.0,0.0,0.0
282.467,apt_walk_2,PARKED,0.0,0.0,0.0,4,0.0,3.753,0.0,0.0,0.0,0.0,0.0,0.0,0.0
282.557,apt_walk_2,PARKED,0.0,0.0,0.0,4,0.0,3.764,0.0,0.0,0.0,0.0,0.0,0.0,0.0
282.657,apt_walk_2,PARKED,0.0,0.0,0.0,5,0.0,3.732,0.0,0.0,0.0,0.0,0.0,0.0,0.0
282.777,apt_walk_2,PARKED,0.0,0.0,0.0,5,0.0,3.732,0.0,0.0,0.0,0.0,0.0,0.0,0.0
282.9,apt_walk_2,PARKED,0.0,0.0,0.0,5,0.0,3.769,0.0,0.0,0.0,0.0,0.0,0.0,0.0
282.957,apt_walk_2,PARKED,0.0,0.0,0.0,5,0.0,3.769,0.0,0.0,0.0,0.0,0.0,0.0,0.0
283.057,apt_walk_2,PARKED,0.0,0.0,0.0,5,0.0,3.769,0.0,0.0,0.0,0.0,0.0,0.0,0.0
283.157,apt_walk_2,PARKED,0.0,0.0,0.0,5,0.0,3.769,0.0,0.0,0.0,0.0,0.0,0.0,0.0
283.257,apt_walk_2,PARKED,0.0,0.0,0.0,4,0.0,3.712,0.0,0.0,0.0,0.0,0.0,0.0,0.0
283.357,apt_walk_2,PARKED,0.0,0.0,0.0,4,0.0,3.745,0.0,0.0,0.0,0.0,0.0,0.0,0.0
283.457,apt_walk_2,PARKED,0.0,0.0,0.0,4,0.0,3.707,0.0,0.0,0.0,0.0,0.0,0.0,0.0
283.557,apt_walk_2,PARKED,0.0,0.0,0.0,4,0.0,3.707,0.0,0.0,0.0,0.0,0.0,0.0,0.0
283.658,apt_walk_2,PARKED,0.0,0.0,0.0,4,0.0,3.667,0.0,0.0,0.0,0.0,0.0,0.0,0.0
283.765,apt_walk_2,PARKED,0.0,0.0,0.0,4,0.0,3.679,0.0,0.0,0.0,0.0,0.0,0.0,0.0
283.858,apt_walk_2,PARKED,0.0,0.0,0.0,4,0.0,3.689,0.0,0.0,0.0,0.0,0.0,0.0,0.0
283.957,apt_walk_2,PARKED,0.0,0.0,0.0,3,0.0,3.746,0.0,0.0,0.0,0.0,0.0,0.0,0.0
284.057,apt_walk_2,PARKED,0.0,0.0,0.0,3,0.0,3.746,0.0,0.0,0.0,0.0,0.0,0.0,0.0
284.157,apt_walk_2,PARKED,0.0,0.0,0.0,3,0.0,3.746,0.0,0.0,0.0,0.0,0.0,0.0,0.0
284.257,apt_walk_2,PARKED,0.0,0.0,0.0,3,0.0,3.746,0.0,0.0,0.0,0.0,0.0,0.0,0.0
284.358,apt_walk_2,PARKED,0.0,0.0,0.0,4,0.0,3.42,0.0,0.0,0.0,0.0,0.0,0.0,0.0
284.457,apt_walk_2,PARKED,0.0,0.0,0.0,4,0.0,3.42,0.0,0.0,0.0,0.0,0.0,0.0,0.0
284.582,apt_walk_2,PARKED,0.0,0.0,0.0,4,0.0,3.253,0.0,0.0,0.0,0.0,0.0,0.0,0.0
284.657,apt_walk_2,PARKED,0.0,0.0,0.0,4,0.0,3.253,0.0,0.0,0.0,0.0,0.0,0.0,0.0
284.795,apt_walk_2,PARKED,0.0,0.0,0.0,4,0.0,2.931,0.0,0.0,0.0,0.0,0.0,0.0,0.0
284.867,apt_walk_2,PARKED,0.0,0.0,0.0,4,0.0,2.931,0.0,0.0,0.0,0.0,0.0,0.0,0.0
284.957,apt_walk_2,PARKED,0.0,0.0,0.0,4,0.0,2.931,0.0,0.0,0.0,0.0,0.0,0.0,0.0
285.058,apt_walk_2,PARKED,0.0,0.0,0.0,4,0.0,2.931,0.0,0.0,0.0,0.0,0.0,0.0,0.0
285.157,apt_walk_2,PARKED,0.0,0.0,0.0,4,0.0,2.931,0.0,0.0,0.0,0.0,0.0,0.0,0.0
285.258,apt_walk_2,PARKED,0.0,0.0,0.0,4,0.0,2.931,0.0,0.0,0.0,0.0,0.0,0.0,0.0
285.357,apt_walk_2,PARKED,0.0,0.0,0.0,3,0.0,2.482,0.0,0.0,0.0,0.0,0.0,0.0,0.0
285.496,apt_walk_2,PARKED,0.0,0.0,0.0,3,0.0,2.353,0.0,0.0,0.0,0.0,0.0,0.0,0.0
285.563,apt_walk_2,PARKED,0.0,0.0,0.0,3,0.0,2.259,0.0,0.0,0.0,0.0,0.0,0.0,0.0
285.657,apt_walk_2,PARKED,0.0,0.0,0.0,3,0.0,2.259,0.0,0.0,0.0,0.0,0.0,0.0,0.0
285.771,apt_walk_2,PARKED,0.0,0.0,0.0,3,0.0,2.177,0.0,0.0,0.0,0.0,0.0,0.0,0.0
285.906,apt_walk_2,PARKED,0.0,0.0,0.0,3,0.0,2.177,0.0,0.0,0.0,0.0,0.0,0.0,0.0
285.97,apt_walk_2,PARKED,0.0,0.0,0.0,3,0.0,1.907,0.0,0.0,0.0,0.0,0.0,0.0,0.0
286.058,apt_walk_2,PARKED,0.0,0.0,0.0,3,0.0,1.907,0.0,0.0,0.0,0.0,0.0,0.0,0.0
286.161,apt_walk_2,PARKED,0.0,0.0,0.0,3,0.0,1.907,0.0,0.0,0.0,0.0,0.0,0.0,0.0
286.257,apt_walk_2,PARKED,0.0,0.0,0.0,3,0.0,1.907,0.0,0.0,0.0,0.0,0.0,0.0,0.0
286.376,apt_walk_2,PARKED,0.0,0.0,0.0,3,0.116,1.633,0.0,0.0,0.0,0.0,0.0,0.0,0.0
286.504,apt_walk_2,PARKED,0.0,0.0,0.0,3,0.265,1.581,0.0,0.0,0.0,0.0,0.0,0.0,0.0
286.558,apt_walk_2,PARKED,0.0,0.0,0.0,3,0.265,1.581,0.0,0.0,0.0,0.0,0.0,0.0,0.0
286.707,apt_walk_2,PARKED,0.0,0.0,0.0,3,0.2259,1.547,0.0,0.0,0.0,0.0,0.0,0.0,0.0
286.757,apt_walk_2,PARKED,0.0,0.0,0.0,3,0.2259,1.547,0.0,0.0,0.0,0.0,0.0,0.0,0.0
286.857,apt_walk_2,PARKED,0.0,0.0,0.0,3,0.265,1.494,0.0,0.0,0.0,0.0,0.0,0.0,0.0
286.956,apt_walk_2,PARKED,0.0,0.0,0.0,3,0.4071,1.482,0.0,0.0,0.0,0.0,0.0,0.0,0.0
287.08,apt_walk_2,PARKED,0.0,0.0,0.0,3,0.4071,1.482,0.0,0.0,0.0,0.0,0.0,0.0,0.0
287.158,apt_walk_2,PARKED,0.0,0.0,0.0,3,0.6424,1.482,0.0,0.0,0.0,0.0,0.0,0.0,0.0
287.262,apt_walk_2,PARKED,0.0,0.0,0.0,3,0.6424,1.482,0.0,0.0,0.0,0.0,0.0,0.0,0.0
287.357,apt_walk_2,PARKED,0.0,0.0,0.0,3,0.6424,1.482,0.0,0.0,0.0,0.0,0.0,0.0,0.0
287.506,apt_walk_2,PARKED,0.0,0.0,0.0,3,0.1096,1.584,0.0,0.0,0.0,0.0,0.0,0.0,0.0
287.557,apt_walk_2,PARKED,0.0,0.0,0.0,3,0.1096,1.584,0.0,0.0,0.0,0.0,0.0,0.0,0.0
287.657,apt_walk_2,PARKED,0.0,0.0,0.0,3,0.3525,1.699,0.0,0.0,0.0,0.0,0.0,0.0,0.0
287.794,apt_walk_2,PARKED,0.0,0.0,0.0,3,0.0835,1.752,0.0,0.0,0.0,0.0,0.0,0.0,0.0
287.857,apt_walk_2,PARKED,0.0,0.0,0.0,3,0.0,1.933,0.0,0.0,0.0,0.0,0.0,0.0,0.0
287.976,apt_walk_2,PARKED,0.0,0.0,0.0,3,0.0,2.061,0.0,0.0,0.0,0.0,0.0,0.0,0.0
288.057,apt_walk_2,PARKED,0.0,0.0,0.0,3,0.0,2.061,0.0,0.0,0.0,0.0,0.0,0.0,0.0
288.171,apt_walk_2,PARKED,0.0,0.0,0.0,3,0.0,2.209,0.0,0.0,0.0,0.0,0.0,0.0,0.0
288.269,apt_walk_2,PARKED,0.0,0.0,0.0,3,0.0,2.209,0.0,0.0,0.0,0.0,0.0,0.0,0.0
288.357,apt_walk_2,PARKED,0.0,0.0,0.0,3,0.0,2.431,0.0,0.0,0.0,0.0,0.0,0.0,0.0
288.457,apt_walk_2,PARKED,0.0,0.0,0.0,3,0.0,2.431,0.0,0.0,0.0,0.0,0.0,0.0,0.0
288.56,apt_walk_2,PARKED,0.0,0.0,0.0,3,0.0,2.61,0.0,0.0,0.0,0.0,0.0,0.0,0.0
288.7,apt_walk_2,PARKED,0.0,0.0,0.0,3,0.0,2.665,0.0,0.0,0.0,0.0,0.0,0.0,0.0
288.764,apt_walk_2,PARKED,0.0,0.0,0.0,3,0.0,2.755,0.0,0.0,0.0,0.0,0.0,0.0,0.0
288.857,apt_walk_2,PARKED,0.0,0.0,0.0,3,0.0,2.927,0.0,0.0,0.0,0.0,0.0,0.0,0.0
288.98,apt_walk_2,PARKED,0.0,0.0,0.0,3,0.0,2.927,0.0,0.0,0.0,0.0,0.0,0.0,0.0
289.057,apt_walk_2,PARKED,0.0,0.0,0.0,3,0.0,2.927,0.0,0.0,0.0,0.0,0.0,0.0,0.0
289.168,apt_walk_2,PARKED,0.0,0.0,0.0,4,0.0,2.85,0.0,0.0,0.0,0.0,0.0,0.0,0.0
289.258,apt_walk_2,PARKED,0.0,0.0,0.0,3,0.0,3.336,0.0,0.0,0.0,0.0,0.0,0.0,0.0
289.357,apt_walk_2,PARKED,0.0,0.0,0.0,3,0.0,3.336,0.0,0.0,0.0,0.0,0.0,0.0,0.0
289.457,apt_walk_2,PARKED,0.0,0.0,0.0,3,0.0,3.336,0.0,0.0,0.0,0.0,0.0,0.0,0.0
289.557,apt_walk_2,PARKED,0.0,0.0,0.0,3,0.0,3.336,0.0,0.0,0.0,0.0,0.0,0.0,0.0
289.675,apt_walk_2,PARKED,0.0,0.0,0.0,3,0.0,3.667,0.0,0.0,0.0,0.0,0.0,0.0,0.0
289.799,apt_walk_2,PARKED,0.0,0.0,0.0,3,0.0,3.738,0.0,0.0,0.0,0.0,0.0,0.0,0.0
289.856,apt_walk_2,PARKED,0.0,0.0,0.0,3,0.0,3.738,0.0,0.0,0.0,0.0,0.0,0.0,0.0
289.973,apt_walk_2,PARKED,0.0,0.0,0.0,3,0.0,3.742,0.0,0.0,0.0,0.0,0.0,0.0,0.0
290.057,apt_walk_2,PARKED,0.0,0.0,0.0,3,0.0,3.742,0.0,0.0,0.0,0.0,0.0,0.0,0.0
290.183,apt_walk_2,PARKED,0.0,0.0,0.0,5,0.0,3.701,0.0,0.0,0.0,0.0,0.0,0.0,0.0
290.257,apt_walk_2,PARKED,0.0,0.0,0.0,5,0.0,3.722,0.0,0.0,0.0,0.0,0.0,0.0,0.0
290.357,apt_walk_2,PARKED,0.0,0.0,0.0,5,0.0,3.722,0.0,0.0,0.0,0.0,0.0,0.0,0.0
290.457,apt_walk_2,PARKED,0.0,0.0,0.0,5,0.0,3.722,0.0,0.0,0.0,0.0,0.0,0.0,0.0
290.557,apt_walk_2,PARKED,0.0,0.0,0.0,5,0.0,3.722,0.0,0.0,0.0,0.0,0.0,0.0,0.0
290.707,apt_walk_2,PARKED,0.0,0.0,0.0,4,0.0,3.741,0.0,0.0,0.0,0.0,0.0,0.0,0.0
290.757,apt_walk_2,PARKED,0.0,0.0,0.0,4,0.0,3.741,0.0,0.0,0.0,0.0,0.0,0.0,0.0
290.858,apt_walk_2,PARKED,0.0,0.0,0.0,4,0.0,3.741,0.0,0.0,0.0,0.0,0.0,0.0,0.0
290.982,apt_walk_2,PARKED,0.0,0.0,0.0,5,0.0,3.778,0.0,0.0,0.0,0.0,0.0,0.0,0.0
291.058,apt_walk_2,PARKED,0.0,0.0,0.0,4,0.0,3.731,0.0,0.0,0.0,0.0,0.0,0.0,0.0
291.157,apt_walk_2,PARKED,0.0,0.0,0.0,4,0.0,3.77,0.0,0.0,0.0,0.0,0.0,0.0,0.0
291.258,apt_walk_2,PARKED,0.0,0.0,0.0,4,0.0,3.77,0.0,0.0,0.0,0.0,0.0,0.0,0.0
291.391,apt_walk_2,PARKED,0.0,0.0,0.0,4,0.0,3.729,0.0,0.0,0.0,0.0,0.0,0.0,0.0
291.458,apt_walk_2,PARKED,0.0,0.0,0.0,3,0.0,3.668,0.0,0.0,0.0,0.0,0.0,0.0,0.0
291.581,apt_walk_2,PARKED,0.0,0.0,0.0,3,0.0,3.668,0.0,0.0,0.0,0.0,0.0,0.0,0.0
291.657,apt_walk_2,PARKED,0.0,0.0,0.0,3,0.0,3.668,0.0,0.0,0.0,0.0,0.0,0.0,0.0
291.804,apt_walk_2,PARKED,0.0,0.0,0.0,3,0.0,3.426,0.0,0.0,0.0,0.0,0.0,0.0,0.0
291.863,apt_walk_2,PARKED,0.0,0.0,0.0,3,0.0,3.426,0.0,0.0,0.0,0.0,0.0,0.0,0.0
292.006,apt_walk_2,PARKED,0.0,0.0,0.0,3,0.0,3.358,0.0,0.0,0.0,0.0,0.0,0.0,0.0
292.077,apt_walk_2,PARKED,0.0,0.0,0.0,3,0.0,3.272,0.0,0.0,0.0,0.0,0.0,0.0,0.0
292.167,apt_walk_2,PARKED,0.0,0.0,0.0,3,0.0,3.15,0.0,0.0,0.0,0.0,0.0,0.0,0.0
292.281,apt_walk_2,PARKED,0.0,0.0,0.0,3,0.0,2.992,0.0,0.0,0.0,0.0,0.0,0.0,0.0
292.357,apt_walk_2,PARKED,0.0,0.0,0.0,3,0.0,2.992,0.0,0.0,0.0,0.0,0.0,0.0,0.0
292.469,apt_walk_2,PARKED,0.0,0.0,0.0,3,0.0,2.884,0.0,0.0,0.0,0.0,0.0,0.0,0.0
292.557,apt_walk_2,PARKED,0.0,0.0,0.0,3,0.0,2.884,0.0,0.0,0.0,0.0,0.0,0.0,0.0
292.657,apt_walk_2,PARKED,0.0,0.0,0.0,3,0.0,2.837,0.0,0.0,0.0,0.0,0.0,0.0,0.0
292.773,apt_walk_2,PARKED,0.0,0.0,0.0,3,0.0,2.518,0.0,0.0,0.0,0.0,0.0,0.0,0.0
292.886,apt_walk_2,PARKED,0.0,0.0,0.0,3,0.0,2.434,0.0,0.0,0.0,0.0,0.0,0.0,0.0
292.957,apt_walk_2,PARKED,0.0,0.0,0.0,3,0.0,2.33,0.0,0.0,0.0,0.0,0.0,0.0,0.0
293.057,apt_walk_2,PARKED,0.0,0.0,0.0,3,0.0,2.33,0.0,0.0,0.0,0.0,0.0,0.0,0.0
293.158,apt_walk_2,PARKED,0.0,0.0,0.0,3,0.0,2.273,0.0,0.0,0.0,0.0,0.0,0.0,0.0
293.269,apt_walk_2,PARKED,0.0,0.0,0.0,3,0.0,2.112,0.0,0.0,0.0,0.0,0.0,0.0,0.0
293.39,apt_walk_2,PARKED,0.0,0.0,0.0,3,0.0,1.986,0.0,0.0,0.0,0.0,0.0,0.0,0.0
293.457,apt_walk_2,PARKED,0.0,0.0,0.0,3,0.0,1.986,0.0,0.0,0.0,0.0,0.0,0.0,0.0
293.557,apt_walk_2,PARKED,0.0,0.0,0.0,3,0.0,1.986,0.0,0.0,0.0,0.0,0.0,0.0,0.0
293.677,apt_walk_2,PARKED,0.0,0.0,0.0,3,0.0,1.832,0.0,0.0,0.0,0.0,0.0,0.0,0.0
293.757,apt_walk_2,PARKED,0.0,0.0,0.0,3,0.0,1.832,0.0,0.0,0.0,0.0,0.0,0.0,0.0
293.857,apt_walk_2,PARKED,0.0,0.0,0.0,3,0.3018,1.7,0.0,0.0,0.0,0.0,0.0,0.0,0.0
293.957,apt_walk_2,PARKED,0.0,0.0,0.0,3,0.3018,1.7,0.0,0.0,0.0,0.0,0.0,0.0,0.0
294.058,apt_walk_2,PARKED,0.0,0.0,0.0,3,0.3018,1.7,0.0,0.0,0.0,0.0,0.0,0.0,0.0
294.157,apt_walk_2,PARKED,0.0,0.0,0.0,3,0.103,1.636,0.0,0.0,0.0,0.0,0.0,0.0,0.0
294.257,apt_walk_2,PARKED,0.0,0.0,0.0,3,0.5024,1.561,0.0,0.0,0.0,0.0,0.0,0.0,0.0
294.376,apt_walk_2,PARKED,0.0,0.0,0.0,3,0.1786,1.484,0.0,0.0,0.0,0.0,0.0,0.0,0.0
294.457,apt_walk_2,PARKED,0.0,0.0,0.0,3,0.1786,1.484,0.0,0.0,0.0,0.0,0.0,0.0,0.0
294.57,apt_walk_2,PARKED,0.0,0.0,0.0,3,0.1782,1.475,0.0,0.0,0.0,0.0,0.0,0.0,0.0
294.657,apt_walk_2,PARKED,0.0,0.0,0.0,3,0.1782,1.475,0.0,0.0,0.0,0.0,0.0,0.0,0.0
294.759,apt_walk_2,PARKED,0.0,0.0,0.0,3,0.032,1.468,0.0,0.0,0.0,0.0,0.0,0.0,0.0
294.893,apt_walk_2,PARKED,0.0,0.0,0.0,3,0.5082,1.619,0.0,0.0,0.0,0.0,0.0,0.0,0.0
294.969,apt_walk_2,PARKED,0.0,0.0,0.0,3,0.5082,1.619,0.0,0.0,0.0,0.0,0.0,0.0,0.0
295.063,apt_walk_2,PARKED,0.0,0.0,0.0,3,0.5082,1.619,0.0,0.0,0.0,0.0,0.0,0.0,0.0
295.196,apt_walk_2,PARKED,0.0,0.0,0.0,3,0.5129,1.781,0.0,0.0,0.0,0.0,0.0,0.0,0.0
295.257,apt_walk_2,PARKED,0.0,0.0,0.0,3,0.5129,1.781,0.0,0.0,0.0,0.0,0.0,0.0,0.0
295.397,apt_walk_2,PARKED,0.0,0.0,0.0,3,0.0,2.001,0.0,0.0,0.0,0.0,0.0,0.0,0.0
295.457,apt_walk_2,PARKED,0.0,0.0,0.0,3,0.0,2.001,0.0,0.0,0.0,0.0,0.0,0.0,0.0
295.557,apt_walk_2,PARKED,0.0,0.0,0.0,3,0.0,2.001,0.0,0.0,0.0,0.0,0.0,0.0,0.0
295.657,apt_walk_2,PARKED,0.0,0.0,0.0,3,0.0,2.001,0.0,0.0,0.0,0.0,0.0,0.0,0.0
295.792,apt_walk_2,PARKED,0.0,0.0,0.0,3,0.0,2.086,0.0,0.0,0.0,0.0,0.0,0.0,0.0
295.857,apt_walk_2,PARKED,0.0,0.0,0.0,3,0.0,2.086,0.0,0.0,0.0,0.0,0.0,0.0,0.0
295.958,apt_walk_2,PARKED,0.0,0.0,0.0,3,0.0,2.421,0.0,0.0,0.0,0.0,0.0,0.0,0.0
296.092,apt_walk_2,PARKED,0.0,0.0,0.0,3,0.0,2.551,0.0,0.0,0.0,0.0,0.0,0.0,0.0
296.158,apt_walk_2,PARKED,0.0,0.0,0.0,3,0.0,2.551,0.0,0.0,0.0,0.0,0.0,0.0,0.0
296.256,apt_walk_2,PARKED,0.0,0.0,0.0,3,0.0,2.965,0.0,0.0,0.0,0.0,0.0,0.0,0.0
296.37,apt_walk_2,PARKED,0.0,0.0,0.0,4,0.0,3.033,0.0,0.0,0.0,0.0,0.0,0.0,0.0
296.457,apt_walk_2,PARKED,0.0,0.0,0.0,4,0.0,3.033,0.0,0.0,0.0,0.0,0.0,0.0,0.0
296.579,apt_walk_2,PARKED,0.0,0.0,0.0,4,0.0,3.062,0.0,0.0,0.0,0.0,0.0,0.0,0.0
296.657,apt_walk_2,PARKED,0.0,0.0,0.0,4,0.0,3.062,0.0,0.0,0.0,0.0,0.0,0.0,0.0
296.789,apt_walk_2,PARKED,0.0,0.0,0.0,4,0.0,3.34,0.0,0.0,0.0,0.0,0.0,0.0,0.0
296.859,apt_walk_2,PARKED,0.0,0.0,0.0,4,0.0,3.405,0.0,0.0,0.0,0.0,0.0,0.0,0.0
296.958,apt_walk_2,PARKED,0.0,0.0,0.0,4,0.0,3.405,0.0,0.0,0.0,0.0,0.0,0.0,0.0
297.057,apt_walk_2,PARKED,0.0,0.0,0.0,4,0.0,3.405,0.0,0.0,0.0,0.0,0.0,0.0,0.0
297.188,apt_walk_2,PARKED,0.0,0.0,0.0,4,0.0,3.692,0.0,0.0,0.0,0.0,0.0,0.0,0.0
297.257,apt_walk_2,PARKED,0.0,0.0,0.0,4,0.0,3.736,0.0,0.0,0.0,0.0,0.0,0.0,0.0
297.357,apt_walk_2,PARKED,0.0,0.0,0.0,4,0.0,3.736,0.0,0.0,0.0,0.0,0.0,0.0,0.0
297.457,apt_walk_2,PARKED,0.0,0.0,0.0,4,0.0,3.736,0.0,0.0,0.0,0.0,0.0,0.0,0.0
297.557,apt_walk_2,PARKED,0.0,0.0,0.0,4,0.0,3.739,0.0,0.0,0.0,0.0,0.0,0.0,0.0
297.689,apt_walk_2,PARKED,0.0,0.0,0.0,4,0.0,3.704,0.0,0.0,0.0,0.0,0.0,0.0,0.0
297.763,apt_walk_2,PARKED,0.0,0.0,0.0,4,0.0,3.704,0.0,0.0,0.0,0.0,0.0,0.0,0.0
297.906,apt_walk_2,PARKED,0.0,0.0,0.0,4,0.0,3.769,0.0,0.0,0.0,0.0,0.0,0.0,0.0
297.958,apt_walk_2,PARKED,0.0,0.0,0.0,4,0.0,3.769,0.0,0.0,0.0,0.0,0.0,0.0,0.0
298.057,apt_walk_2,PARKED,0.0,0.0,0.0,4,0.0,3.769,0.0,0.0,0.0,0.0,0.0,0.0,0.0
298.157,apt_walk_2,PARKED,0.0,0.0,0.0,4,0.0,3.769,0.0,0.0,0.0,0.0,0.0,0.0,0.0
298.257,apt_walk_2,PARKED,0.0,0.0,0.0,4,0.0,3.769,0.0,0.0,0.0,0.0,0.0,0.0,0.0
298.357,apt_walk_2,PARKED,0.0,0.0,0.0,4,0.0,3.727,0.0,0.0,0.0,0.0,0.0,0.0,0.0
298.457,apt_walk_2,PARKED,0.0,0.0,0.0,4,0.0,3.727,0.0,0.0,0.0,0.0,0.0,0.0,0.0
298.557,apt_walk_2,PARKED,0.0,0.0,0.0,4,0.0,3.727,0.0,0.0,0.0,0.0,0.0,0.0,0.0
298.697,apt_walk_2,PARKED,0.0,0.0,0.0,4,0.0,3.736,0.0,0.0,0.0,0.0,0.0,0.0,0.0
298.758,apt_walk_2,PARKED,0.0,0.0,0.0,4,0.0,3.736,0.0,0.0,0.0,0.0,0.0,0.0,0.0
298.857,apt_walk_2,PARKED,0.0,0.0,0.0,4,0.0,3.672,0.0,0.0,0.0,0.0,0.0,0.0,0.0
298.973,apt_walk_2,PARKED,0.0,0.0,0.0,4,0.0,3.722,0.0,0.0,0.0,0.0,0.0,0.0,0.0
299.057,apt_walk_2,PARKED,0.0,0.0,0.0,4,0.0,3.722,0.0,0.0,0.0,0.0,0.0,0.0,0.0
299.157,apt_walk_2,PARKED,0.0,0.0,0.0,4,0.0,3.668,0.0,0.0,0.0,0.0,0.0,0.0,0.0
299.257,apt_walk_2,PARKED,0.0,0.0,0.0,4,0.0,3.668,0.0,0.0,0.0,0.0,0.0,0.0,0.0
299.38,apt_walk_2,PARKED,0.0,0.0,0.0,4,0.0,3.668,0.0,0.0,0.0,0.0,0.0,0.0,0.0
299.46,apt_walk_2,PARKED,0.0,0.0,0.0,4,0.0,3.497,0.0,0.0,0.0,0.0,0.0,0.0,0.0
299.59,apt_walk_2,PARKED,0.0,0.0,0.0,4,0.0,3.497,0.0,0.0,0.0,0.0,0.0,0.0,0.0
299.657,apt_walk_2,PARKED,0.0,0.0,0.0,4,0.0,3.408,0.0,0.0,0.0,0.0,0.0,0.0,0.0
299.757,apt_walk_2,PARKED,0.0,0.0,0.0,4,0.0,3.174,0.0,0.0,0.0,0.0,0.0,0.0,0.0
299.861,apt_walk_2,PARKED,0.0,0.0,0.0,4,0.0,3.174,0.0,0.0,0.0,0.0,0.0,0.0,0.0
299.985,apt_walk_2,PARKED,0.0,0.0,0.0,4,0.0,3.097,0.0,0.0,0.0,0.0,0.0,0.0,0.0
300.058,apt_walk_2,PARKED,0.0,0.0,0.0,4,0.0,3.097,0.0,0.0,0.0,0.0,0.0,0.0,0.0
