time_s,mode,segment,robot_x,robot_y,robot_th_deg,n_obstacles,max_obs_speed,min_obstacle_dist,path_y,vx_cmd,vy_cmd,vy_rep,corrected_x,corrected_y,corrected_yaw_deg
0.092,apt_walk_4_features,PARKED,0.0,0.0,0.0,0,0.0,999.0,0.0,0.0,0.0,0.0,0.0,0.0,0.0
0.144,apt_walk_4_features,PARKED,0.0,0.0,0.0,0,0.0,999.0,0.0,0.0,0.0,0.0,0.0,0.0,0.0
0.201,apt_walk_4_features,PARKED,0.0,0.0,0.0,0,0.0,999.0,0.0,0.0,0.0,0.0,0.0,0.0,0.0
0.335,apt_walk_4_features,PARKED,0.0,0.0,0.0,2,0.6137,3.797,0.0,0.0,0.0,0.0,0.0,0.0,0.0
0.401,apt_walk_4_features,PARKED,0.0,0.0,0.0,2,0.3487,3.791,0.0,0.0,0.0,0.0,0.0,0.0,0.0
0.502,apt_walk_4_features,PARKED,0.0,0.0,0.0,2,0.3487,3.791,0.0,0.0,0.0,0.0,0.0,0.0,0.0
0.601,apt_walk_4_features,PARKED,0.0,0.0,0.0,2,0.6031,3.737,0.0,0.0,0.0,0.0,0.0,0.0,0.0
0.743,apt_walk_4_features,PARKED,0.0,0.0,0.0,3,0.5463,3.673,0.0,0.0,0.0,0.0,0.0,0.0,0.0
0.802,apt_walk_4_features,PARKED,0.0,0.0,0.0,3,0.3525,3.688,0.0,0.0,0.0,0.0,0.0,0.0,0.0
0.903,apt_walk_4_features,PARKED,0.0,0.0,0.0,3,0.3525,3.688,0.0,0.0,0.0,0.0,0.0,0.0,0.0
1.001,apt_walk_4_features,PARKED,0.0,0.0,0.0,4,0.5578,3.672,0.0,0.0,0.0,0.0,0.0,0.0,0.0
1.101,apt_walk_4_features,PARKED,0.0,0.0,0.0,4,0.5578,3.672,0.0,0.0,0.0,0.0,0.0,0.0,0.0
1.202,apt_walk_4_features,PARKED,0.0,0.0,0.0,4,0.5578,3.672,0.0,0.0,0.0,0.0,0.0,0.0,0.0
1.302,apt_walk_4_features,PARKED,0.0,0.0,0.0,4,0.7572,3.614,0.0,0.0,0.0,0.0,0.0,0.0,0.0
1.401,apt_walk_4_features,PARKED,0.0,0.0,0.0,4,0.4773,3.63,0.0,0.0,0.0,0.0,0.0,0.0,0.0
1.545,apt_walk_4_features,PARKED,0.0,0.0,0.0,4,0.4773,3.63,0.0,0.0,0.0,0.0,0.0,0.0,0.0
1.633,apt_walk_4_features,PARKED,0.0,0.0,0.0,4,0.4773,3.63,0.0,0.0,0.0,0.0,0.0,0.0,0.0
1.701,apt_walk_4_features,PARKED,0.0,0.0,0.0,4,0.4589,3.841,0.0,0.0,0.0,0.0,0.0,0.0,0.0
1.825,apt_walk_4_features,PARKED,0.0,0.0,0.0,4,0.4279,3.781,0.0,0.0,0.0,0.0,0.0,0.0,0.0
1.922,apt_walk_4_features,PARKED,0.0,0.0,0.0,4,0.4279,3.781,0.0,0.0,0.0,0.0,0.0,0.0,0.0
2.035,apt_walk_4_features,PARKED,0.0,0.0,0.0,4,0.4279,3.781,0.0,0.0,0.0,0.0,0.0,0.0,0.0
2.116,apt_walk_4_features,PARKED,0.0,0.0,0.0,4,0.4279,3.781,0.0,0.0,0.0,0.0,0.0,0.0,0.0
2.201,apt_walk_4_features,PARKED,0.0,0.0,0.0,4,0.574,3.694,0.0,0.0,0.0,0.0,0.0,0.0,0.0
2.301,apt_walk_4_features,PARKED,0.0,0.0,0.0,4,0.574,3.694,0.0,0.0,0.0,0.0,0.0,0.0,0.0
2.4,apt_walk_4_features,PARKED,0.0,0.0,0.0,4,0.574,3.694,0.0,0.0,0.0,0.0,0.0,0.0,0.0
2.501,apt_walk_4_features,PARKED,0.0,0.0,0.0,4,0.574,3.694,0.0,0.0,0.0,0.0,0.0,0.0,0.0
2.621,apt_walk_4_features,PARKED,0.0,0.0,0.0,4,0.4676,3.692,0.0,0.0,0.0,0.0,0.0,0.0,0.0
2.74,apt_walk_4_features,PARKED,0.0,0.0,0.0,4,0.4368,3.578,0.0,0.0,0.0,0.0,0.0,0.0,0.0
2.8,apt_walk_4_features,PARKED,0.0,0.0,0.0,4,0.4368,3.578,0.0,0.0,0.0,0.0,0.0,0.0,0.0
2.923,apt_walk_4_features,PARKED,0.0,0.0,0.0,4,0.4368,3.478,0.0,0.0,0.0,0.0,0.0,0.0,0.0
3.023,apt_walk_4_features,PARKED,0.0,0.0,0.0,4,0.4368,3.478,0.0,0.0,0.0,0.0,0.0,0.0,0.0
3.15,apt_walk_4_features,PARKED,0.0,0.0,0.0,4,0.6874,3.002,0.0,0.0,0.0,0.0,0.0,0.0,0.0
3.201,apt_walk_4_features,PARKED,0.0,0.0,0.0,4,0.6874,3.002,0.0,0.0,0.0,0.0,0.0,0.0,0.0
3.301,apt_walk_4_features,PARKED,0.0,0.0,0.0,4,0.6874,3.002,0.0,0.0,0.0,0.0,0.0,0.0,0.0
3.401,apt_walk_4_features,PARKED,0.0,0.0,0.0,4,0.6874,3.002,0.0,0.0,0.0,0.0,0.0,0.0,0.0
3.501,apt_walk_4_features,PARKED,0.0,0.0,0.0,4,0.6874,3.002,0.0,0.0,0.0,0.0,0.0,0.0,0.0
3.601,apt_walk_4_features,PARKED,0.0,0.0,0.0,4,0.6874,3.002,0.0,0.0,0.0,0.0,0.0,0.0,0.0
3.701,apt_walk_4_features,PARKED,0.0,0.0,0.0,4,1.0046,2.46,0.0,0.0,0.0,0.0,0.0,0.0,0.0
3.828,apt_walk_4_features,PARKED,0.0,0.0,0.0,3,0.8171,2.289,0.0,0.0,0.0,0.0,0.0,0.0,0.0
3.934,apt_walk_4_features,PARKED,0.0,0.0,0.0,3,0.8171,2.289,0.0,0.0,0.0,0.0,0.0,0.0,0.0
4.049,apt_walk_4_features,PARKED,0.0,0.0,0.0,3,0.5846,2.255,0.0,0.0,0.0,0.0,0.0,0.0,0.0
4.108,apt_walk_4_features,PARKED,0.0,0.0,0.0,3,0.4502,1.935,0.0,0.0,0.0,0.0,0.0,0.0,0.0
4.201,apt_walk_4_features,PARKED,0.0,0.0,0.0,3,0.4502,1.935,0.0,0.0,0.0,0.0,0.0,0.0,0.0
4.302,apt_walk_4_features,PARKED,0.0,0.0,0.0,3,0.4502,1.935,0.0,0.0,0.0,0.0,0.0,0.0,0.0
4.401,apt_walk_4_features,PARKED,0.0,0.0,0.0,3,0.4502,1.935,0.0,0.0,0.0,0.0,0.0,0.0,0.0
4.515,apt_walk_4_features,PARKED,0.0,0.0,0.0,3,0.4387,1.73,0.0,0.0,0.0,0.0,0.0,0.0,0.0
4.627,apt_walk_4_features,PARKED,0.0,0.0,0.0,3,0.3774,1.736,0.0,0.0,0.0,0.0,0.0,0.0,0.0
4.701,apt_walk_4_features,PARKED,0.0,0.0,0.0,3,0.1996,1.74,0.0,0.0,0.0,0.0,0.0,0.0,0.0
4.801,apt_walk_4_features,PARKED,0.0,0.0,0.0,3,0.1996,1.74,0.0,0.0,0.0,0.0,0.0,0.0,0.0
4.928,apt_walk_4_features,PARKED,0.0,0.0,0.0,3,0.3013,1.704,0.0,0.0,0.0,0.0,0.0,0.0,0.0
5.001,apt_walk_4_features,PARKED,0.0,0.0,0.0,3,0.503,1.797,0.0,0.0,0.0,0.0,0.0,0.0,0.0
5.101,apt_walk_4_features,PARKED,0.0,0.0,0.0,3,0.503,1.797,0.0,0.0,0.0,0.0,0.0,0.0,0.0
5.201,apt_walk_4_features,PARKED,0.0,0.0,0.0,3,0.5839,1.887,0.0,0.0,0.0,0.0,0.0,0.0,0.0
5.301,apt_walk_4_features,PARKED,0.0,0.0,0.0,3,0.5839,1.887,0.0,0.0,0.0,0.0,0.0,0.0,0.0
5.401,apt_walk_4_features,PARKED,0.0,0.0,0.0,3,1.0475,2.151,0.0,0.0,0.0,0.0,0.0,0.0,0.0
5.509,apt_walk_4_features,PARKED,0.0,0.0,0.0,3,0.7654,2.262,0.0,0.0,0.0,0.0,0.0,0.0,0.0
5.601,apt_walk_4_features,PARKED,0.0,0.0,0.0,3,0.7654,2.262,0.0,0.0,0.0,0.0,0.0,0.0,0.0
5.702,apt_walk_4_features,PARKED,0.0,0.0,0.0,3,0.5504,2.358,0.0,0.0,0.0,0.0,0.0,0.0,0.0
5.801,apt_walk_4_features,PARKED,0.0,0.0,0.0,3,0.5504,2.358,0.0,0.0,0.0,0.0,0.0,0.0,0.0
5.901,apt_walk_4_features,PARKED,0.0,0.0,0.0,3,0.543,2.688,0.0,0.0,0.0,0.0,0.0,0.0,0.0
6.014,apt_walk_4_features,PARKED,0.0,0.0,0.0,3,0.543,2.688,0.0,0.0,0.0,0.0,0.0,0.0,0.0
6.102,apt_walk_4_features,PARKED,0.0,0.0,0.0,3,0.8504,2.865,0.0,0.0,0.0,0.0,0.0,0.0,0.0
6.202,apt_walk_4_features,PARKED,0.0,0.0,0.0,3,0.8504,2.865,0.0,0.0,0.0,0.0,0.0,0.0,0.0
6.301,apt_walk_4_features,PARKED,0.0,0.0,0.0,3,0.8504,2.865,0.0,0.0,0.0,0.0,0.0,0.0,0.0
6.401,apt_walk_4_features,PARKED,0.0,0.0,0.0,3,0.8504,2.865,0.0,0.0,0.0,0.0,0.0,0.0,0.0
6.527,apt_walk_4_features,PARKED,0.0,0.0,0.0,3,1.2264,3.337,0.0,0.0,0.0,0.0,0.0,0.0,0.0
6.613,apt_walk_4_features,PARKED,0.0,0.0,0.0,3,1.2264,3.337,0.0,0.0,0.0,0.0,0.0,0.0,0.0
6.701,apt_walk_4_features,PARKED,0.0,0.0,0.0,3,1.2264,3.337,0.0,0.0,0.0,0.0,0.0,0.0,0.0
6.811,apt_walk_4_features,PARKED,0.0,0.0,0.0,3,0.6766,3.449,0.0,0.0,0.0,0.0,0.0,0.0,0.0
6.929,apt_walk_4_features,PARKED,0.0,0.0,0.0,3,0.4368,3.449,0.0,0.0,0.0,0.0,0.0,0.0,0.0
7.0,apt_walk_4_features,PARKED,0.0,0.0,0.0,3,0.4368,3.449,0.0,0.0,0.0,0.0,0.0,0.0,0.0
7.102,apt_walk_4_features,PARKED,0.0,0.0,0.0,4,0.2949,3.659,0.0,0.0,0.0,0.0,0.0,0.0,0.0
7.25,apt_walk_4_features,PARKED,0.0,0.0,0.0,4,0.2949,3.659,0.0,0.0,0.0,0.0,0.0,0.0,0.0
7.306,apt_walk_4_features,PARKED,0.0,0.0,0.0,3,0.2812,3.681,0.0,0.0,0.0,0.0,0.0,0.0,0.0
7.411,apt_walk_4_features,PARKED,0.0,0.0,0.0,3,0.5785,3.65,0.0,0.0,0.0,0.0,0.0,0.0,0.0
7.501,apt_walk_4_features,PARKED,0.0,0.0,0.0,3,0.5785,3.65,0.0,0.0,0.0,0.0,0.0,0.0,0.0
7.643,apt_walk_4_features,PARKED,0.0,0.0,0.0,4,0.8777,3.742,0.0,0.0,0.0,0.0,0.0,0.0,0.0
7.707,apt_walk_4_features,PARKED,0.0,0.0,0.0,4,0.8777,3.742,0.0,0.0,0.0,0.0,0.0,0.0,0.0
7.83,apt_walk_4_features,PARKED,0.0,0.0,0.0,4,1.4696,3.644,0.0,0.0,0.0,0.0,0.0,0.0,0.0
7.901,apt_walk_4_features,PARKED,0.0,0.0,0.0,4,1.6134,3.723,0.0,0.0,0.0,0.0,0.0,0.0,0.0
8.001,apt_walk_4_features,PARKED,0.0,0.0,0.0,4,1.2108,3.689,0.0,0.0,0.0,0.0,0.0,0.0,0.0
8.101,apt_walk_4_features,PARKED,0.0,0.0,0.0,4,0.8301,3.702,0.0,0.0,0.0,0.0,0.0,0.0,0.0
8.222,apt_walk_4_features,PARKED,0.0,0.0,0.0,4,0.7038,3.744,0.0,0.0,0.0,0.0,0.0,0.0,0.0
8.301,apt_walk_4_features,PARKED,0.0,0.0,0.0,4,0.8571,3.732,0.0,0.0,0.0,0.0,0.0,0.0,0.0
8.401,apt_walk_4_features,PARKED,0.0,0.0,0.0,4,0.8571,3.732,0.0,0.0,0.0,0.0,0.0,0.0,0.0
8.501,apt_walk_4_features,PARKED,0.0,0.0,0.0,4,0.8571,3.732,0.0,0.0,0.0,0.0,0.0,0.0,0.0
8.601,apt_walk_4_features,PARKED,0.0,0.0,0.0,4,0.8571,3.732,0.0,0.0,0.0,0.0,0.0,0.0,0.0
8.714,apt_walk_4_features,PARKED,0.0,0.0,0.0,4,1.1171,3.607,0.0,0.0,0.0,0.0,0.0,0.0,0.0
8.832,apt_walk_4_features,PARKED,0.0,0.0,0.0,4,0.8259,3.642,0.0,0.0,0.0,0.0,0.0,0.0,0.0
8.926,apt_walk_4_features,PARKED,0.0,0.0,0.0,4,0.8259,3.642,0.0,0.0,0.0,0.0,0.0,0.0,0.0
9.018,apt_walk_4_features,PARKED,0.0,0.0,0.0,4,0.8259,3.642,0.0,0.0,0.0,0.0,0.0,0.0,0.0
9.146,apt_walk_4_features,PARKED,0.0,0.0,0.0,4,1.2966,3.429,0.0,0.0,0.0,0.0,0.0,0.0,0.0
9.21,apt_walk_4_features,PARKED,0.0,0.0,0.0,4,1.2966,3.429,0.0,0.0,0.0,0.0,0.0,0.0,0.0
9.329,apt_walk_4_features,PARKED,0.0,0.0,0.0,4,1.2966,3.198,0.0,0.0,0.0,0.0,0.0,0.0,0.0
9.434,apt_walk_4_features,PARKED,0.0,0.0,0.0,4,1.2966,2.987,0.0,0.0,0.0,0.0,0.0,0.0,0.0
9.536,apt_walk_4_features,PARKED,0.0,0.0,0.0,4,1.2966,2.987,0.0,0.0,0.0,0.0,0.0,0.0,0.0
9.633,apt_walk_4_features,PARKED,0.0,0.0,0.0,4,1.2966,2.987,0.0,0.0,0.0,0.0,0.0,0.0,0.0
9.711,apt_walk_4_features,PARKED,0.0,0.0,0.0,4,1.2966,2.987,0.0,0.0,0.0,0.0,0.0,0.0,0.0
9.827,apt_walk_4_features,PARKED,0.0,0.0,0.0,4,1.2662,2.696,0.0,0.0,0.0,0.0,0.0,0.0,0.0
9.902,apt_walk_4_features,PARKED,0.0,0.0,0.0,4,0.9591,2.51,0.0,0.0,0.0,0.0,0.0,0.0,0.0
10.001,apt_walk_4_features,PARKED,0.0,0.0,0.0,4,0.9591,2.51,0.0,0.0,0.0,0.0,0.0,0.0,0.0
10.101,apt_walk_4_features,PARKED,0.0,0.0,0.0,4,0.9591,2.51,0.0,0.0,0.0,0.0,0.0,0.0,0.0
10.217,apt_walk_4_features,PARKED,0.0,0.0,0.0,4,0.6902,2.179,0.0,0.0,0.0,0.0,0.0,0.0,0.0
10.334,apt_walk_4_features,PARKED,0.0,0.0,0.0,4,0.9866,2.031,0.0,0.0,0.0,0.0,0.0,0.0,0.0
10.402,apt_walk_4_features,PARKED,0.0,0.0,0.0,4,0.9866,2.031,0.0,0.0,0.0,0.0,0.0,0.0,0.0
10.501,apt_walk_4_features,PARKED,0.0,0.0,0.0,4,0.9866,2.031,0.0,0.0,0.0,0.0,0.0,0.0,0.0
10.601,apt_walk_4_features,PARKED,0.0,0.0,0.0,4,0.9866,2.031,0.0,0.0,0.0,0.0,0.0,0.0,0.0
10.745,apt_walk_4_features,PARKED,0.0,0.0,0.0,4,0.809,1.782,0.0,0.0,0.0,0.0,0.0,0.0,0.0
10.806,apt_walk_4_features,PARKED,0.0,0.0,0.0,4,0.6118,1.732,0.0,0.0,0.0,0.0,0.0,0.0,0.0
10.902,apt_walk_4_features,PARKED,0.0,0.0,0.0,4,0.6118,1.732,0.0,0.0,0.0,0.0,0.0,0.0,0.0
11.001,apt_walk_4_features,PARKED,0.0,0.0,0.0,4,0.4349,1.67,0.0,0.0,0.0,0.0,0.0,0.0,0.0
11.101,apt_walk_4_features,PARKED,0.0,0.0,0.0,4,0.4349,1.67,0.0,0.0,0.0,0.0,0.0,0.0,0.0
11.218,apt_walk_4_features,PARKED,0.0,0.0,0.0,3,0.2509,1.63,0.0,0.0,0.0,0.0,0.0,0.0,0.0
11.332,apt_walk_4_features,PARKED,0.0,0.0,0.0,3,0.5044,1.613,0.0,0.0,0.0,0.0,0.0,0.0,0.0
11.401,apt_walk_4_features,PARKED,0.0,0.0,0.0,3,0.5044,1.613,0.0,0.0,0.0,0.0,0.0,0.0,0.0
11.501,apt_walk_4_features,PARKED,0.0,0.0,0.0,3,0.5044,1.613,0.0,0.0,0.0,0.0,0.0,0.0,0.0
11.601,apt_walk_4_features,PARKED,0.0,0.0,0.0,3,0.5044,1.613,0.0,0.0,0.0,0.0,0.0,0.0,0.0
11.724,apt_walk_4_features,PARKED,0.0,0.0,0.0,3,0.6898,1.79,0.0,0.0,0.0,0.0,0.0,0.0,0.0
11.801,apt_walk_4_features,PARKED,0.0,0.0,0.0,3,0.8949,1.897,0.0,0.0,0.0,0.0,0.0,0.0,0.0
11.951,apt_walk_4_features,PARKED,0.0,0.0,0.0,3,0.8949,1.897,0.0,0.0,0.0,0.0,0.0,0.0,0.0
12.03,apt_walk_4_features,PARKED,0.0,0.0,0.0,3,0.8949,1.897,0.0,0.0,0.0,0.0,0.0,0.0,0.0
12.15,apt_walk_4_features,PARKED,0.0,0.0,0.0,3,0.9207,2.138,0.0,0.0,0.0,0.0,0.0,0.0,0.0
12.212,apt_walk_4_features,PARKED,0.0,0.0,0.0,3,0.6124,2.222,0.0,0.0,0.0,0.0,0.0,0.0,0.0
12.315,apt_walk_4_features,PARKED,0.0,0.0,0.0,3,0.6124,2.222,0.0,0.0,0.0,0.0,0.0,0.0,0.0
12.401,apt_walk_4_features,PARKED,0.0,0.0,0.0,3,0.6124,2.222,0.0,0.0,0.0,0.0,0.0,0.0,0.0
12.502,apt_walk_4_features,PARKED,0.0,0.0,0.0,3,0.6124,2.222,0.0,0.0,0.0,0.0,0.0,0.0,0.0
12.647,apt_walk_4_features,PARKED,0.0,0.0,0.0,3,1.0877,2.666,0.0,0.0,0.0,0.0,0.0,0.0,0.0
12.707,apt_walk_4_features,PARKED,0.0,0.0,0.0,3,0.7855,2.804,0.0,0.0,0.0,0.0,0.0,0.0,0.0
12.804,apt_walk_4_features,PARKED,0.0,0.0,0.0,3,0.7855,2.804,0.0,0.0,0.0,0.0,0.0,0.0,0.0
12.901,apt_walk_4_features,PARKED,0.0,0.0,0.0,3,0.7855,2.804,0.0,0.0,0.0,0.0,0.0,0.0,0.0
13.027,apt_walk_4_features,PARKED,0.0,0.0,0.0,3,0.7855,3.147,0.0,0.0,0.0,0.0,0.0,0.0,0.0
13.143,apt_walk_4_features,PARKED,0.0,0.0,0.0,3,0.5961,3.286,0.0,0.0,0.0,0.0,0.0,0.0,0.0
13.201,apt_walk_4_features,PARKED,0.0,0.0,0.0,3,0.5961,3.286,0.0,0.0,0.0,0.0,0.0,0.0,0.0
13.301,apt_walk_4_features,PARKED,0.0,0.0,0.0,3,0.5961,3.286,0.0,0.0,0.0,0.0,0.0,0.0,0.0
13.401,apt_walk_4_features,PARKED,0.0,0.0,0.0,3,0.5961,3.286,0.0,0.0,0.0,0.0,0.0,0.0,0.0
13.501,apt_walk_4_features,PARKED,0.0,0.0,0.0,3,0.5961,3.286,0.0,0.0,0.0,0.0,0.0,0.0,0.0
13.612,apt_walk_4_features,PARKED,0.0,0.0,0.0,3,0.6238,3.66,0.0,0.0,0.0,0.0,0.0,0.0,0.0
13.702,apt_walk_4_features,PARKED,0.0,0.0,0.0,3,0.6238,3.66,0.0,0.0,0.0,0.0,0.0,0.0,0.0
13.801,apt_walk_4_features,PARKED,0.0,0.0,0.0,3,0.6238,3.66,0.0,0.0,0.0,0.0,0.0,0.0,0.0
13.92,apt_walk_4_features,PARKED,0.0,0.0,0.0,3,0.5795,3.663,0.0,0.0,0.0,0.0,0.0,0.0,0.0
14.035,apt_walk_4_features,PARKED,0.0,0.0,0.0,3,0.4596,3.666,0.0,0.0,0.0,0.0,0.0,0.0,0.0
14.102,apt_walk_4_features,PARKED,0.0,0.0,0.0,3,0.4596,3.666,0.0,0.0,0.0,0.0,0.0,0.0,0.0
14.202,apt_walk_4_features,PARKED,0.0,0.0,0.0,3,0.6157,3.708,0.0,0.0,0.0,0.0,0.0,0.0,0.0
14.301,apt_walk_4_features,PARKED,0.0,0.0,0.0,3,0.2916,3.642,0.0,0.0,0.0,0.0,0.0,0.0,0.0
14.413,apt_walk_4_features,PARKED,0.0,0.0,0.0,3,0.6157,3.676,0.0,0.0,0.0,0.0,0.0,0.0,0.0
14.501,apt_walk_4_features,PARKED,0.0,0.0,0.0,3,0.6157,3.676,0.0,0.0,0.0,0.0,0.0,0.0,0.0
14.601,apt_walk_4_features,PARKED,0.0,0.0,0.0,3,0.6157,3.676,0.0,0.0,0.0,0.0,0.0,0.0,0.0
14.701,apt_walk_4_features,PARKED,0.0,0.0,0.0,3,0.6157,3.676,0.0,0.0,0.0,0.0,0.0,0.0,0.0
14.801,apt_walk_4_features,PARKED,0.0,0.0,0.0,3,0.6157,3.676,0.0,0.0,0.0,0.0,0.0,0.0,0.0
14.901,apt_walk_4_features,PARKED,0.0,0.0,0.0,3,0.6157,3.676,0.0,0.0,0.0,0.0,0.0,0.0,0.0
15.001,apt_walk_4_features,PARKED,0.0,0.0,0.0,3,0.6157,3.676,0.0,0.0,0.0,0.0,0.0,0.0,0.0
15.101,apt_walk_4_features,PARKED,0.0,0.0,0.0,3,0.6157,3.676,0.0,0.0,0.0,0.0,0.0,0.0,0.0
15.201,apt_walk_4_features,PARKED,0.0,0.0,0.0,3,0.6157,3.676,0.0,0.0,0.0,0.0,0.0,0.0,0.0
15.301,apt_walk_4_features,PARKED,0.0,0.0,0.0,3,0.6157,3.676,0.0,0.0,0.0,0.0,0.0,0.0,0.0
15.401,apt_walk_4_features,PARKED,0.0,0.0,0.0,3,0.6157,3.676,0.0,0.0,0.0,0.0,0.0,0.0,0.0
15.501,apt_walk_4_features,PARKED,0.0,0.0,0.0,3,0.6157,3.676,0.0,0.0,0.0,0.0,0.0,0.0,0.0
15.601,apt_walk_4_features,PARKED,0.0,0.0,0.0,3,0.6157,3.676,0.0,0.0,0.0,0.0,0.0,0.0,0.0
15.701,apt_walk_4_features,PARKED,0.0,0.0,0.0,3,0.6157,3.676,0.0,0.0,0.0,0.0,0.0,0.0,0.0
15.801,apt_walk_4_features,PARKED,0.0,0.0,0.0,3,0.6157,3.676,0.0,0.0,0.0,0.0,0.0,0.0,0.0
15.901,apt_walk_4_features,PARKED,0.0,0.0,0.0,3,0.6157,3.676,0.0,0.0,0.0,0.0,0.0,0.0,0.0
16.001,apt_walk_4_features,PARKED,0.0,0.0,0.0,3,0.6157,3.676,0.0,0.0,0.0,0.0,0.0,0.0,0.0
16.101,apt_walk_4_features,PARKED,0.0,0.0,0.0,3,0.6157,3.676,0.0,0.0,0.0,0.0,0.0,0.0,0.0
16.201,apt_walk_4_features,PARKED,0.0,0.0,0.0,3,0.6157,3.676,0.0,0.0,0.0,0.0,0.0,0.0,0.0
16.301,apt_walk_4_features,PARKED,0.0,0.0,0.0,3,0.6157,3.676,0.0,0.0,0.0,0.0,0.0,0.0,0.0
16.401,apt_walk_4_features,PARKED,0.0,0.0,0.0,3,0.6157,3.676,0.0,0.0,0.0,0.0,0.0,0.0,0.0
16.501,apt_walk_4_features,PARKED,0.0,0.0,0.0,3,0.6157,3.676,0.0,0.0,0.0,0.0,0.0,0.0,0.0
16.601,apt_walk_4_features,PARKED,0.0,0.0,0.0,3,0.6157,3.676,0.0,0.0,0.0,0.0,0.0,0.0,0.0
16.701,apt_walk_4_features,PARKED,0.0,0.0,0.0,3,0.6157,3.676,0.0,0.0,0.0,0.0,0.0,0.0,0.0
16.801,apt_walk_4_features,PARKED,0.0,0.0,0.0,3,0.6157,3.676,0.0,0.0,0.0,0.0,0.0,0.0,0.0
16.901,apt_walk_4_features,PARKED,0.0,0.0,0.0,3,0.523,3.676,0.0,0.0,0.0,0.0,0.0,0.0,0.0
17.051,apt_walk_4_features,PARKED,0.0,0.0,0.0,3,0.523,3.624,0.0,0.0,0.0,0.0,0.0,0.0,0.0
17.131,apt_walk_4_features,PARKED,0.0,0.0,0.0,3,0.523,3.624,0.0,0.0,0.0,0.0,0.0,0.0,0.0
17.218,apt_walk_4_features,PARKED,0.0,0.0,0.0,3,0.523,3.624,0.0,0.0,0.0,0.0,0.0,0.0,0.0
17.301,apt_walk_4_features,PARKED,0.0,0.0,0.0,3,0.523,3.651,0.0,0.0,0.0,0.0,0.0,0.0,0.0
17.41,apt_walk_4_features,PARKED,0.0,0.0,0.0,3,0.523,3.674,0.0,0.0,0.0,0.0,0.0,0.0,0.0
17.501,apt_walk_4_features,PARKED,0.0,0.0,0.0,3,0.523,3.674,0.0,0.0,0.0,0.0,0.0,0.0,0.0
17.603,apt_walk_4_features,PARKED,0.0,0.0,0.0,3,0.369,3.661,0.0,0.0,0.0,0.0,0.0,0.0,0.0
17.744,apt_walk_4_features,PARKED,0.0,0.0,0.0,3,0.369,3.661,0.0,0.0,0.0,0.0,0.0,0.0,0.0
17.803,apt_walk_4_features,PARKED,0.0,0.0,0.0,4,0.365,3.685,0.0,0.0,0.0,0.0,0.0,0.0,0.0
17.901,apt_walk_4_features,PARKED,0.0,0.0,0.0,4,0.365,3.685,0.0,0.0,0.0,0.0,0.0,0.0,0.0
18.001,apt_walk_4_features,PARKED,0.0,0.0,0.0,4,0.365,3.685,0.0,0.0,0.0,0.0,0.0,0.0,0.0
18.101,apt_walk_4_features,PARKED,0.0,0.0,0.0,4,0.365,3.685,0.0,0.0,0.0,0.0,0.0,0.0,0.0
18.22,apt_walk_4_features,PARKED,0.0,0.0,0.0,3,0.4785,3.716,0.0,0.0,0.0,0.0,0.0,0.0,0.0
18.347,apt_walk_4_features,PARKED,0.0,0.0,0.0,3,0.3499,3.726,0.0,0.0,0.0,0.0,0.0,0.0,0.0
18.406,apt_walk_4_features,PARKED,0.0,0.0,0.0,3,0.6264,3.686,0.0,0.0,0.0,0.0,0.0,0.0,0.0
18.547,apt_walk_4_features,PARKED,0.0,0.0,0.0,3,0.6918,3.676,0.0,0.0,0.0,0.0,0.0,0.0,0.0
18.623,apt_walk_4_features,PARKED,0.0,0.0,0.0,3,0.6918,3.676,0.0,0.0,0.0,0.0,0.0,0.0,0.0
18.701,apt_walk_4_features,PARKED,0.0,0.0,0.0,3,0.6918,3.663,0.0,0.0,0.0,0.0,0.0,0.0,0.0
18.811,apt_walk_4_features,PARKED,0.0,0.0,0.0,3,0.6918,3.622,0.0,0.0,0.0,0.0,0.0,0.0,0.0
18.945,apt_walk_4_features,PARKED,0.0,0.0,0.0,3,0.6918,3.68,0.0,0.0,0.0,0.0,0.0,0.0,0.0
19.001,apt_walk_4_features,PARKED,0.0,0.0,0.0,3,0.6918,3.68,0.0,0.0,0.0,0.0,0.0,0.0,0.0
19.101,apt_walk_4_features,PARKED,0.0,0.0,0.0,3,0.6918,3.68,0.0,0.0,0.0,0.0,0.0,0.0,0.0
19.201,apt_walk_4_features,PARKED,0.0,0.0,0.0,3,0.6918,3.68,0.0,0.0,0.0,0.0,0.0,0.0,0.0
19.33,apt_walk_4_features,PARKED,0.0,0.0,0.0,4,1.1723,2.502,0.0,0.0,0.0,0.0,0.0,0.0,0.0
19.441,apt_walk_4_features,PARKED,0.0,0.0,0.0,4,1.1723,2.502,0.0,0.0,0.0,0.0,0.0,0.0,0.0
19.511,apt_walk_4_features,PARKED,0.0,0.0,0.0,4,1.1723,2.502,0.0,0.0,0.0,0.0,0.0,0.0,0.0
19.601,apt_walk_4_features,PARKED,0.0,0.0,0.0,4,1.4534,2.604,0.0,0.0,0.0,0.0,0.0,0.0,0.0
19.724,apt_walk_4_features,PARKED,0.0,0.0,0.0,4,1.1823,2.915,0.0,0.0,0.0,0.0,0.0,0.0,0.0
19.848,apt_walk_4_features,PARKED,0.0,0.0,0.0,4,0.8838,3.03,0.0,0.0,0.0,0.0,0.0,0.0,0.0
19.947,apt_walk_4_features,PARKED,0.0,0.0,0.0,4,1.112,3.189,0.0,0.0,0.0,0.0,0.0,0.0,0.0
20.048,apt_walk_4_features,PARKED,0.0,0.0,0.0,4,1.1917,3.192,0.0,0.0,0.0,0.0,0.0,0.0,0.0
20.101,apt_walk_4_features,PARKED,0.0,0.0,0.0,4,1.1917,3.192,0.0,0.0,0.0,0.0,0.0,0.0,0.0
20.236,apt_walk_4_features,PARKED,0.0,0.0,0.0,4,1.026,3.411,0.0,0.0,0.0,0.0,0.0,0.0,0.0
20.301,apt_walk_4_features,PARKED,0.0,0.0,0.0,4,1.026,3.411,0.0,0.0,0.0,0.0,0.0,0.0,0.0
20.4,apt_walk_4_features,PARKED,0.0,0.0,0.0,4,1.13,3.411,0.0,0.0,0.0,0.0,0.0,0.0,0.0
20.543,apt_walk_4_features,PARKED,0.0,0.0,0.0,4,1.13,3.411,0.0,0.0,0.0,0.0,0.0,0.0,0.0
20.604,apt_walk_4_features,PARKED,0.0,0.0,0.0,4,1.13,3.411,0.0,0.0,0.0,0.0,0.0,0.0,0.0
20.728,apt_walk_4_features,PARKED,0.0,0.0,0.0,4,1.4617,3.682,0.0,0.0,0.0,0.0,0.0,0.0,0.0
20.838,apt_walk_4_features,PARKED,0.0,0.0,0.0,4,1.4617,3.682,0.0,0.0,0.0,0.0,0.0,0.0,0.0
20.93,apt_walk_4_features,PARKED,0.0,0.0,0.0,4,1.4617,3.682,0.0,0.0,0.0,0.0,0.0,0.0,0.0
21.042,apt_walk_4_features,PARKED,0.0,0.0,0.0,4,1.4617,3.682,0.0,0.0,0.0,0.0,0.0,0.0,0.0
21.101,apt_walk_4_features,PARKED,0.0,0.0,0.0,4,1.4617,3.682,0.0,0.0,0.0,0.0,0.0,0.0,0.0
21.201,apt_walk_4_features,PARKED,0.0,0.0,0.0,4,1.4617,3.682,0.0,0.0,0.0,0.0,0.0,0.0,0.0
21.35,apt_walk_4_features,PARKED,0.0,0.0,0.0,4,1.1869,3.661,0.0,0.0,0.0,0.0,0.0,0.0,0.0
21.401,apt_walk_4_features,PARKED,0.0,0.0,0.0,4,1.1869,3.661,0.0,0.0,0.0,0.0,0.0,0.0,0.0
21.501,apt_walk_4_features,PARKED,0.0,0.0,0.0,4,1.1869,3.661,0.0,0.0,0.0,0.0,0.0,0.0,0.0
21.601,apt_walk_4_features,PARKED,0.0,0.0,0.0,4,1.0566,3.611,0.0,0.0,0.0,0.0,0.0,0.0,0.0
21.712,apt_walk_4_features,PARKED,0.0,0.0,0.0,4,0.6714,3.661,0.0,0.0,0.0,0.0,0.0,0.0,0.0
21.829,apt_walk_4_features,PARKED,0.0,0.0,0.0,4,0.5962,3.719,0.0,0.0,0.0,0.0,0.0,0.0,0.0
21.95,apt_walk_4_features,PARKED,0.0,0.0,0.0,4,0.5962,3.719,0.0,0.0,0.0,0.0,0.0,0.0,0.0
22.001,apt_walk_4_features,PARKED,0.0,0.0,0.0,4,0.5962,3.719,0.0,0.0,0.0,0.0,0.0,0.0,0.0
22.146,apt_walk_4_features,PARKED,0.0,0.0,0.0,4,0.5962,3.719,0.0,0.0,0.0,0.0,0.0,0.0,0.0
22.202,apt_walk_4_features,PARKED,0.0,0.0,0.0,4,0.5962,3.719,0.0,0.0,0.0,0.0,0.0,0.0,0.0
22.301,apt_walk_4_features,PARKED,0.0,0.0,0.0,4,0.3994,3.655,0.0,0.0,0.0,0.0,0.0,0.0,0.0
22.401,apt_walk_4_features,PARKED,0.0,0.0,0.0,4,0.3994,3.655,0.0,0.0,0.0,0.0,0.0,0.0,0.0
22.501,apt_walk_4_features,PARKED,0.0,0.0,0.0,4,0.3994,3.655,0.0,0.0,0.0,0.0,0.0,0.0,0.0
22.613,apt_walk_4_features,PARKED,0.0,0.0,0.0,4,0.9298,3.685,0.0,0.0,0.0,0.0,0.0,0.0,0.0
22.727,apt_walk_4_features,PARKED,0.0,0.0,0.0,4,0.5707,3.649,0.0,0.0,0.0,0.0,0.0,0.0,0.0
22.805,apt_walk_4_features,PARKED,0.0,0.0,0.0,4,0.8526,3.568,0.0,0.0,0.0,0.0,0.0,0.0,0.0
22.925,apt_walk_4_features,PARKED,0.0,0.0,0.0,4,0.8526,3.568,0.0,0.0,0.0,0.0,0.0,0.0,0.0
23.037,apt_walk_4_features,PARKED,0.0,0.0,0.0,4,0.7978,3.441,0.0,0.0,0.0,0.0,0.0,0.0,0.0
23.15,apt_walk_4_features,PARKED,0.0,0.0,0.0,5,0.6947,3.16,0.0,0.0,0.0,0.0,0.0,0.0,0.0
23.239,apt_walk_4_features,PARKED,0.0,0.0,0.0,5,0.634,3.059,0.0,0.0,0.0,0.0,0.0,0.0,0.0
23.301,apt_walk_4_features,PARKED,0.0,0.0,0.0,5,0.634,3.059,0.0,0.0,0.0,0.0,0.0,0.0,0.0
23.447,apt_walk_4_features,PARKED,0.0,0.0,0.0,5,0.9342,2.919,0.0,0.0,0.0,0.0,0.0,0.0,0.0
23.522,apt_walk_4_features,PARKED,0.0,0.0,0.0,5,0.9342,2.919,0.0,0.0,0.0,0.0,0.0,0.0,0.0
23.643,apt_walk_4_features,PARKED,0.0,0.0,0.0,4,0.9342,2.77,0.0,0.0,0.0,0.0,0.0,0.0,0.0
23.701,apt_walk_4_features,PARKED,0.0,0.0,0.0,4,0.6372,2.622,0.0,0.0,0.0,0.0,0.0,0.0,0.0
23.827,apt_walk_4_features,PARKED,0.0,0.0,0.0,4,0.6372,2.622,0.0,0.0,0.0,0.0,0.0,0.0,0.0
23.901,apt_walk_4_features,PARKED,0.0,0.0,0.0,4,0.6372,2.622,0.0,0.0,0.0,0.0,0.0,0.0,0.0
24.048,apt_walk_4_features,PARKED,0.0,0.0,0.0,4,0.9634,2.391,0.0,0.0,0.0,0.0,0.0,0.0,0.0
24.119,apt_walk_4_features,PARKED,0.0,0.0,0.0,4,0.7264,2.069,0.0,0.0,0.0,0.0,0.0,0.0,0.0
24.201,apt_walk_4_features,PARKED,0.0,0.0,0.0,4,0.7264,2.069,0.0,0.0,0.0,0.0,0.0,0.0,0.0
24.301,apt_walk_4_features,PARKED,0.0,0.0,0.0,4,0.7264,2.069,0.0,0.0,0.0,0.0,0.0,0.0,0.0
24.401,apt_walk_4_features,PARKED,0.0,0.0,0.0,4,0.7264,2.069,0.0,0.0,0.0,0.0,0.0,0.0,0.0
24.501,apt_walk_4_features,PARKED,0.0,0.0,0.0,4,0.7264,2.069,0.0,0.0,0.0,0.0,0.0,0.0,0.0
24.632,apt_walk_4_features,PARKED,0.0,0.0,0.0,3,0.6508,1.751,0.0,0.0,0.0,0.0,0.0,0.0,0.0
24.701,apt_walk_4_features,PARKED,0.0,0.0,0.0,3,0.318,1.694,0.0,0.0,0.0,0.0,0.0,0.0,0.0
24.801,apt_walk_4_features,PARKED,0.0,0.0,0.0,3,0.318,1.694,0.0,0.0,0.0,0.0,0.0,0.0,0.0
24.918,apt_walk_4_features,PARKED,0.0,0.0,0.0,3,0.318,1.694,0.0,0.0,0.0,0.0,0.0,0.0,0.0
25.033,apt_walk_4_features,PARKED,0.0,0.0,0.0,3,0.6827,1.557,0.0,0.0,0.0,0.0,0.0,0.0,0.0
25.101,apt_walk_4_features,PARKED,0.0,0.0,0.0,3,0.4392,1.568,0.0,0.0,0.0,0.0,0.0,0.0,0.0
25.206,apt_walk_4_features,PARKED,0.0,0.0,0.0,3,0.4392,1.568,0.0,0.0,0.0,0.0,0.0,0.0,0.0
25.301,apt_walk_4_features,PARKED,0.0,0.0,0.0,3,0.4392,1.568,0.0,0.0,0.0,0.0,0.0,0.0,0.0
25.401,apt_walk_4_features,PARKED,0.0,0.0,0.0,3,0.4392,1.568,0.0,0.0,0.0,0.0,0.0,0.0,0.0
25.501,apt_walk_4_features,PARKED,0.0,0.0,0.0,3,0.4392,1.568,0.0,0.0,0.0,0.0,0.0,0.0,0.0
25.601,apt_walk_4_features,PARKED,0.0,0.0,0.0,3,0.4356,1.673,0.0,0.0,0.0,0.0,0.0,0.0,0.0
25.715,apt_walk_4_features,PARKED,0.0,0.0,0.0,3,0.6041,1.773,0.0,0.0,0.0,0.0,0.0,0.0,0.0
25.828,apt_walk_4_features,PARKED,0.0,0.0,0.0,3,0.6041,1.773,0.0,0.0,0.0,0.0,0.0,0.0,0.0
25.902,apt_walk_4_features,PARKED,0.0,0.0,0.0,3,0.6041,1.773,0.0,0.0,0.0,0.0,0.0,0.0,0.0
26.019,apt_walk_4_features,PARKED,0.0,0.0,0.0,3,0.7051,2.136,0.0,0.0,0.0,0.0,0.0,0.0,0.0
26.134,apt_walk_4_features,PARKED,0.0,0.0,0.0,3,0.6914,2.23,0.0,0.0,0.0,0.0,0.0,0.0,0.0
26.201,apt_walk_4_features,PARKED,0.0,0.0,0.0,3,0.6914,2.23,0.0,0.0,0.0,0.0,0.0,0.0,0.0
26.301,apt_walk_4_features,PARKED,0.0,0.0,0.0,3,0.6914,2.23,0.0,0.0,0.0,0.0,0.0,0.0,0.0
26.401,apt_walk_4_features,PARKED,0.0,0.0,0.0,3,0.6914,2.23,0.0,0.0,0.0,0.0,0.0,0.0,0.0
26.53,apt_walk_4_features,PARKED,0.0,0.0,0.0,3,0.7302,2.546,0.0,0.0,0.0,0.0,0.0,0.0,0.0
26.644,apt_walk_4_features,PARKED,0.0,0.0,0.0,3,1.0316,2.71,0.0,0.0,0.0,0.0,0.0,0.0,0.0
26.702,apt_walk_4_features,PARKED,0.0,0.0,0.0,3,1.0316,2.71,0.0,0.0,0.0,0.0,0.0,0.0,0.0
26.834,apt_walk_4_features,PARKED,0.0,0.0,0.0,3,1.1964,2.89,0.0,0.0,0.0,0.0,0.0,0.0,0.0
26.917,apt_walk_4_features,PARKED,0.0,0.0,0.0,4,0.9045,2.921,0.0,0.0,0.0,0.0,0.0,0.0,0.0
27.03,apt_walk_4_features,PARKED,0.0,0.0,0.0,4,1.1897,3.128,0.0,0.0,0.0,0.0,0.0,0.0,0.0
27.102,apt_walk_4_features,PARKED,0.0,0.0,0.0,4,1.0932,3.233,0.0,0.0,0.0,0.0,0.0,0.0,0.0
27.212,apt_walk_4_features,PARKED,0.0,0.0,0.0,3,0.9776,3.332,0.0,0.0,0.0,0.0,0.0,0.0,0.0
27.301,apt_walk_4_features,PARKED,0.0,0.0,0.0,3,0.9776,3.332,0.0,0.0,0.0,0.0,0.0,0.0,0.0
27.45,apt_walk_4_features,PARKED,0.0,0.0,0.0,3,0.9959,3.691,0.0,0.0,0.0,0.0,0.0,0.0,0.0
27.536,apt_walk_4_features,PARKED,0.0,0.0,0.0,3,0.9959,3.691,0.0,0.0,0.0,0.0,0.0,0.0,0.0
27.601,apt_walk_4_features,PARKED,0.0,0.0,0.0,3,1.4322,3.589,0.0,0.0,0.0,0.0,0.0,0.0,0.0
27.713,apt_walk_4_features,PARKED,0.0,0.0,0.0,4,1.0228,3.656,0.0,0.0,0.0,0.0,0.0,0.0,0.0
27.802,apt_walk_4_features,PARKED,0.0,0.0,0.0,4,1.0228,3.656,0.0,0.0,0.0,0.0,0.0,0.0,0.0
27.95,apt_walk_4_features,PARKED,0.0,0.0,0.0,4,1.0228,3.656,0.0,0.0,0.0,0.0,0.0,0.0,0.0
28.026,apt_walk_4_features,PARKED,0.0,0.0,0.0,3,0.7908,3.751,0.0,0.0,0.0,0.0,0.0,0.0,0.0
28.146,apt_walk_4_features,PARKED,0.0,0.0,0.0,4,0.4231,3.704,0.0,0.0,0.0,0.0,0.0,0.0,0.0
28.205,apt_walk_4_features,PARKED,0.0,0.0,0.0,4,0.4234,3.709,0.0,0.0,0.0,0.0,0.0,0.0,0.0
28.301,apt_walk_4_features,PARKED,0.0,0.0,0.0,4,0.4234,3.709,0.0,0.0,0.0,0.0,0.0,0.0,0.0
28.401,apt_walk_4_features,PARKED,0.0,0.0,0.0,4,0.4234,3.709,0.0,0.0,0.0,0.0,0.0,0.0,0.0
28.501,apt_walk_4_features,PARKED,0.0,0.0,0.0,4,0.4234,3.709,0.0,0.0,0.0,0.0,0.0,0.0,0.0
28.601,apt_walk_4_features,PARKED,0.0,0.0,0.0,4,0.6027,3.669,0.0,0.0,0.0,0.0,0.0,0.0,0.0
28.717,apt_walk_4_features,PARKED,0.0,0.0,0.0,4,0.6027,3.669,0.0,0.0,0.0,0.0,0.0,0.0,0.0
28.816,apt_walk_4_features,PARKED,0.0,0.0,0.0,4,0.6027,3.669,0.0,0.0,0.0,0.0,0.0,0.0,0.0
28.901,apt_walk_4_features,PARKED,0.0,0.0,0.0,4,0.6027,3.669,0.0,0.0,0.0,0.0,0.0,0.0,0.0
29.046,apt_walk_4_features,PARKED,0.0,0.0,0.0,4,1.05,3.664,0.0,0.0,0.0,0.0,0.0,0.0,0.0
29.11,apt_walk_4_features,PARKED,0.0,0.0,0.0,4,1.195,3.653,0.0,0.0,0.0,0.0,0.0,0.0,0.0
29.237,apt_walk_4_features,PARKED,0.0,0.0,0.0,4,1.195,3.668,0.0,0.0,0.0,0.0,0.0,0.0,0.0
29.315,apt_walk_4_features,PARKED,0.0,0.0,0.0,4,1.195,3.668,0.0,0.0,0.0,0.0,0.0,0.0,0.0
29.401,apt_walk_4_features,PARKED,0.0,0.0,0.0,4,1.195,3.668,0.0,0.0,0.0,0.0,0.0,0.0,0.0
29.523,apt_walk_4_features,PARKED,0.0,0.0,0.0,4,1.195,3.541,0.0,0.0,0.0,0.0,0.0,0.0,0.0
29.648,apt_walk_4_features,PARKED,0.0,0.0,0.0,4,1.195,3.421,0.0,0.0,0.0,0.0,0.0,0.0,0.0
29.728,apt_walk_4_features,PARKED,0.0,0.0,0.0,4,1.195,3.421,0.0,0.0,0.0,0.0,0.0,0.0,0.0
29.801,apt_walk_4_features,PARKED,0.0,0.0,0.0,4,1.196,3.404,0.0,0.0,0.0,0.0,0.0,0.0,0.0
29.932,apt_walk_4_features,PARKED,0.0,0.0,0.0,4,1.196,3.404,0.0,0.0,0.0,0.0,0.0,0.0,0.0
30.002,apt_walk_4_features,PARKED,0.0,0.0,0.0,4,1.2326,2.992,0.0,0.0,0.0,0.0,0.0,0.0,0.0
30.115,apt_walk_4_features,PARKED,0.0,0.0,0.0,4,1.1957,2.859,0.0,0.0,0.0,0.0,0.0,0.0,0.0
30.216,apt_walk_4_features,PARKED,0.0,0.0,0.0,4,1.1957,2.859,0.0,0.0,0.0,0.0,0.0,0.0,0.0
30.301,apt_walk_4_features,PARKED,0.0,0.0,0.0,4,1.1957,2.859,0.0,0.0,0.0,0.0,0.0,0.0,0.0
30.422,apt_walk_4_features,PARKED,0.0,0.0,0.0,3,1.1201,2.51,0.0,0.0,0.0,0.0,0.0,0.0,0.0
30.528,apt_walk_4_features,PARKED,0.0,0.0,0.0,3,0.8065,2.392,0.0,0.0,0.0,0.0,0.0,0.0,0.0
30.63,apt_walk_4_features,PARKED,0.0,0.0,0.0,3,0.8065,2.392,0.0,0.0,0.0,0.0,0.0,0.0,0.0
30.724,apt_walk_4_features,PARKED,0.0,0.0,0.0,3,0.8065,2.392,0.0,0.0,0.0,0.0,0.0,0.0,0.0
30.811,apt_walk_4_features,PARKED,0.0,0.0,0.0,3,0.5216,2.297,0.0,0.0,0.0,0.0,0.0,0.0,0.0
30.929,apt_walk_4_features,PARKED,0.0,0.0,0.0,4,0.8066,2.11,0.0,0.0,0.0,0.0,0.0,0.0,0.0
31.049,apt_walk_4_features,PARKED,0.0,0.0,0.0,3,0.6187,1.989,0.0,0.0,0.0,0.0,0.0,0.0,0.0
31.101,apt_walk_4_features,PARKED,0.0,0.0,0.0,3,0.6187,1.989,0.0,0.0,0.0,0.0,0.0,0.0,0.0
31.201,apt_walk_4_features,PARKED,0.0,0.0,0.0,3,0.6187,1.989,0.0,0.0,0.0,0.0,0.0,0.0,0.0
31.302,apt_walk_4_features,PARKED,0.0,0.0,0.0,4,0.7125,1.916,0.0,0.0,0.0,0.0,0.0,0.0,0.0
31.427,apt_walk_4_features,PARKED,0.0,0.0,0.0,4,0.9073,1.64,0.0,0.0,0.0,0.0,0.0,0.0,0.0
31.529,apt_walk_4_features,PARKED,0.0,0.0,0.0,4,0.5612,1.57,0.0,0.0,0.0,0.0,0.0,0.0,0.0
31.612,apt_walk_4_features,PARKED,0.0,0.0,0.0,4,0.5612,1.57,0.0,0.0,0.0,0.0,0.0,0.0,0.0
31.701,apt_walk_4_features,PARKED,0.0,0.0,0.0,4,0.5612,1.57,0.0,0.0,0.0,0.0,0.0,0.0,0.0
31.824,apt_walk_4_features,PARKED,0.0,0.0,0.0,3,0.3566,1.509,0.0,0.0,0.0,0.0,0.0,0.0,0.0
31.942,apt_walk_4_features,PARKED,0.0,0.0,0.0,4,0.1422,1.507,0.0,0.0,0.0,0.0,0.0,0.0,0.0
32.001,apt_walk_4_features,PARKED,0.0,0.0,0.0,4,0.1422,1.507,0.0,0.0,0.0,0.0,0.0,0.0,0.0
32.101,apt_walk_4_features,PARKED,0.0,0.0,0.0,3,0.315,1.496,0.0,0.0,0.0,0.0,0.0,0.0,0.0
32.231,apt_walk_4_features,PARKED,0.0,0.0,0.0,3,0.315,1.496,0.0,0.0,0.0,0.0,0.0,0.0,0.0
32.347,apt_walk_4_features,PARKED,0.0,0.0,0.0,3,0.3934,1.532,0.0,0.0,0.0,0.0,0.0,0.0,0.0
32.403,apt_walk_4_features,PARKED,0.0,0.0,0.0,3,0.6648,1.626,0.0,0.0,0.0,0.0,0.0,0.0,0.0
32.501,apt_walk_4_features,PARKED,0.0,0.0,0.0,3,0.6648,1.626,0.0,0.0,0.0,0.0,0.0,0.0,0.0
32.601,apt_walk_4_features,PARKED,0.0,0.0,0.0,3,0.6648,1.626,0.0,0.0,0.0,0.0,0.0,0.0,0.0
32.7,apt_walk_4_features,PARKED,0.0,0.0,0.0,3,0.6648,1.626,0.0,0.0,0.0,0.0,0.0,0.0,0.0
32.839,apt_walk_4_features,PARKED,0.0,0.0,0.0,3,0.9818,2.051,0.0,0.0,0.0,0.0,0.0,0.0,0.0
32.906,apt_walk_4_features,PARKED,0.0,0.0,0.0,3,0.9818,2.051,0.0,0.0,0.0,0.0,0.0,0.0,0.0
33.036,apt_walk_4_features,PARKED,0.0,0.0,0.0,3,0.6223,2.158,0.0,0.0,0.0,0.0,0.0,0.0,0.0
33.103,apt_walk_4_features,PARKED,0.0,0.0,0.0,3,0.6223,2.158,0.0,0.0,0.0,0.0,0.0,0.0,0.0
33.239,apt_walk_4_features,PARKED,0.0,0.0,0.0,3,0.817,2.386,0.0,0.0,0.0,0.0,0.0,0.0,0.0
33.308,apt_walk_4_features,PARKED,0.0,0.0,0.0,3,0.817,2.386,0.0,0.0,0.0,0.0,0.0,0.0,0.0
33.401,apt_walk_4_features,PARKED,0.0,0.0,0.0,3,1.1085,2.531,0.0,0.0,0.0,0.0,0.0,0.0,0.0
33.5,apt_walk_4_features,PARKED,0.0,0.0,0.0,3,1.1085,2.531,0.0,0.0,0.0,0.0,0.0,0.0,0.0
33.601,apt_walk_4_features,PARKED,0.0,0.0,0.0,3,1.1085,2.531,0.0,0.0,0.0,0.0,0.0,0.0,0.0
33.733,apt_walk_4_features,PARKED,0.0,0.0,0.0,3,1.1348,2.813,0.0,0.0,0.0,0.0,0.0,0.0,0.0
33.847,apt_walk_4_features,PARKED,0.0,0.0,0.0,3,1.3851,3.021,0.0,0.0,0.0,0.0,0.0,0.0,0.0
33.944,apt_walk_4_features,PARKED,0.0,0.0,0.0,3,1.3851,3.021,0.0,0.0,0.0,0.0,0.0,0.0,0.0
34.047,apt_walk_4_features,PARKED,0.0,0.0,0.0,3,1.3851,3.021,0.0,0.0,0.0,0.0,0.0,0.0,0.0
34.123,apt_walk_4_features,PARKED,0.0,0.0,0.0,3,1.3851,3.021,0.0,0.0,0.0,0.0,0.0,0.0,0.0
34.246,apt_walk_4_features,PARKED,0.0,0.0,0.0,4,0.7871,3.214,0.0,0.0,0.0,0.0,0.0,0.0,0.0
34.301,apt_walk_4_features,PARKED,0.0,0.0,0.0,4,0.7871,3.214,0.0,0.0,0.0,0.0,0.0,0.0,0.0
34.401,apt_walk_4_features,PARKED,0.0,0.0,0.0,4,0.9215,3.3,0.0,0.0,0.0,0.0,0.0,0.0,0.0
34.501,apt_walk_4_features,PARKED,0.0,0.0,0.0,4,0.9215,3.3,0.0,0.0,0.0,0.0,0.0,0.0,0.0
34.601,apt_walk_4_features,PARKED,0.0,0.0,0.0,4,0.9215,3.3,0.0,0.0,0.0,0.0,0.0,0.0,0.0
34.709,apt_walk_4_features,PARKED,0.0,0.0,0.0,4,1.079,3.732,0.0,0.0,0.0,0.0,0.0,0.0,0.0
34.825,apt_walk_4_features,PARKED,0.0,0.0,0.0,4,0.7798,3.705,0.0,0.0,0.0,0.0,0.0,0.0,0.0
34.925,apt_walk_4_features,PARKED,0.0,0.0,0.0,4,0.7798,3.705,0.0,0.0,0.0,0.0,0.0,0.0,0.0
35.035,apt_walk_4_features,PARKED,0.0,0.0,0.0,4,0.5474,3.704,0.0,0.0,0.0,0.0,0.0,0.0,0.0
35.102,apt_walk_4_features,PARKED,0.0,0.0,0.0,4,0.5927,3.726,0.0,0.0,0.0,0.0,0.0,0.0,0.0
35.23,apt_walk_4_features,PARKED,0.0,0.0,0.0,4,0.3875,3.668,0.0,0.0,0.0,0.0,0.0,0.0,0.0
35.344,apt_walk_4_features,PARKED,0.0,0.0,0.0,4,0.3875,3.668,0.0,0.0,0.0,0.0,0.0,0.0,0.0
35.45,apt_walk_4_features,PARKED,0.0,0.0,0.0,4,0.3875,3.668,0.0,0.0,0.0,0.0,0.0,0.0,0.0
35.511,apt_walk_4_features,PARKED,0.0,0.0,0.0,4,0.769,3.647,0.0,0.0,0.0,0.0,0.0,0.0,0.0
35.601,apt_walk_4_features,PARKED,0.0,0.0,0.0,4,0.769,3.647,0.0,0.0,0.0,0.0,0.0,0.0,0.0
35.702,apt_walk_4_features,PARKED,0.0,0.0,0.0,4,0.5584,3.625,0.0,0.0,0.0,0.0,0.0,0.0,0.0
35.801,apt_walk_4_features,PARKED,0.0,0.0,0.0,4,0.5584,3.625,0.0,0.0,0.0,0.0,0.0,0.0,0.0
35.932,apt_walk_4_features,PARKED,0.0,0.0,0.0,4,0.5584,3.625,0.0,0.0,0.0,0.0,0.0,0.0,0.0
36.015,apt_walk_4_features,PARKED,0.0,0.0,0.0,4,1.009,3.754,0.0,0.0,0.0,0.0,0.0,0.0,0.0
36.143,apt_walk_4_features,PARKED,0.0,0.0,0.0,4,0.9969,3.704,0.0,0.0,0.0,0.0,0.0,0.0,0.0
36.235,apt_walk_4_features,PARKED,0.0,0.0,0.0,4,0.9969,3.704,0.0,0.0,0.0,0.0,0.0,0.0,0.0
36.301,apt_walk_4_features,PARKED,0.0,0.0,0.0,4,0.9969,3.704,0.0,0.0,0.0,0.0,0.0,0.0,0.0
36.449,apt_walk_4_features,PARKED,0.0,0.0,0.0,4,0.9969,3.704,0.0,0.0,0.0,0.0,0.0,0.0,0.0
36.508,apt_walk_4_features,PARKED,0.0,0.0,0.0,4,0.5325,3.586,0.0,0.0,0.0,0.0,0.0,0.0,0.0
36.602,apt_walk_4_features,PARKED,0.0,0.0,0.0,4,0.5325,3.586,0.0,0.0,0.0,0.0,0.0,0.0,0.0
36.701,apt_walk_4_features,PARKED,0.0,0.0,0.0,4,0.5325,3.586,0.0,0.0,0.0,0.0,0.0,0.0,0.0
36.802,apt_walk_4_features,PARKED,0.0,0.0,0.0,4,0.5325,3.586,0.0,0.0,0.0,0.0,0.0,0.0,0.0
36.934,apt_walk_4_features,PARKED,0.0,0.0,0.0,4,0.4773,3.199,0.0,0.0,0.0,0.0,0.0,0.0,0.0
37.001,apt_walk_4_features,PARKED,0.0,0.0,0.0,4,0.4773,3.199,0.0,0.0,0.0,0.0,0.0,0.0,0.0
37.101,apt_walk_4_features,PARKED,0.0,0.0,0.0,4,0.4773,3.199,0.0,0.0,0.0,0.0,0.0,0.0,0.0
37.246,apt_walk_4_features,PARKED,0.0,0.0,0.0,4,0.4773,3.199,0.0,0.0,0.0,0.0,0.0,0.0,0.0
37.308,apt_walk_4_features,PARKED,0.0,0.0,0.0,4,0.6011,3.115,0.0,0.0,0.0,0.0,0.0,0.0,0.0
37.429,apt_walk_4_features,PARKED,0.0,0.0,0.0,3,0.6011,2.97,0.0,0.0,0.0,0.0,0.0,0.0,0.0
37.502,apt_walk_4_features,PARKED,0.0,0.0,0.0,3,0.6011,2.97,0.0,0.0,0.0,0.0,0.0,0.0,0.0
37.601,apt_walk_4_features,PARKED,0.0,0.0,0.0,3,0.6011,2.97,0.0,0.0,0.0,0.0,0.0,0.0,0.0
37.701,apt_walk_4_features,PARKED,0.0,0.0,0.0,3,0.6011,2.97,0.0,0.0,0.0,0.0,0.0,0.0,0.0
37.836,apt_walk_4_features,PARKED,0.0,0.0,0.0,3,0.8212,2.348,0.0,0.0,0.0,0.0,0.0,0.0,0.0
37.901,apt_walk_4_features,PARKED,0.0,0.0,0.0,3,0.42,2.216,0.0,0.0,0.0,0.0,0.0,0.0,0.0
38.013,apt_walk_4_features,PARKED,0.0,0.0,0.0,3,0.42,2.216,0.0,0.0,0.0,0.0,0.0,0.0,0.0
38.141,apt_walk_4_features,PARKED,0.0,0.0,0.0,3,0.7191,2.095,0.0,0.0,0.0,0.0,0.0,0.0,0.0
38.208,apt_walk_4_features,PARKED,0.0,0.0,0.0,3,1.0076,1.886,0.0,0.0,0.0,0.0,0.0,0.0,0.0
38.329,apt_walk_4_features,PARKED,0.0,0.0,0.0,4,0.8212,1.813,0.0,0.0,0.0,0.0,0.0,0.0,0.0
38.401,apt_walk_4_features,PARKED,0.0,0.0,0.0,4,0.42,1.744,0.0,0.0,0.0,0.0,0.0,0.0,0.0
38.501,apt_walk_4_features,PARKED,0.0,0.0,0.0,4,0.42,1.744,0.0,0.0,0.0,0.0,0.0,0.0,0.0
38.601,apt_walk_4_features,PARKED,0.0,0.0,0.0,4,0.7073,1.65,0.0,0.0,0.0,0.0,0.0,0.0,0.0
38.701,apt_walk_4_features,PARKED,0.0,0.0,0.0,4,0.7073,1.65,0.0,0.0,0.0,0.0,0.0,0.0,0.0
38.82,apt_walk_4_features,PARKED,0.0,0.0,0.0,3,0.7073,1.495,0.0,0.0,0.0,0.0,0.0,0.0,0.0
38.901,apt_walk_4_features,PARKED,0.0,0.0,0.0,3,0.7073,1.495,0.0,0.0,0.0,0.0,0.0,0.0,0.0
39.001,apt_walk_4_features,PARKED,0.0,0.0,0.0,3,0.4064,1.466,0.0,0.0,0.0,0.0,0.0,0.0,0.0
39.108,apt_walk_4_features,PARKED,0.0,0.0,0.0,3,0.4064,1.466,0.0,0.0,0.0,0.0,0.0,0.0,0.0
39.229,apt_walk_4_features,PARKED,0.0,0.0,0.0,3,0.4188,1.458,0.0,0.0,0.0,0.0,0.0,0.0,0.0
39.301,apt_walk_4_features,PARKED,0.0,0.0,0.0,3,0.3348,1.489,0.0,0.0,0.0,0.0,0.0,0.0,0.0
39.442,apt_walk_4_features,PARKED,0.0,0.0,0.0,3,0.3348,1.489,0.0,0.0,0.0,0.0,0.0,0.0,0.0
39.525,apt_walk_4_features,PARKED,0.0,0.0,0.0,3,0.3348,1.489,0.0,0.0,0.0,0.0,0.0,0.0,0.0
39.605,apt_walk_4_features,PARKED,0.0,0.0,0.0,3,0.3348,1.489,0.0,0.0,0.0,0.0,0.0,0.0,0.0
39.701,apt_walk_4_features,PARKED,0.0,0.0,0.0,3,0.9248,1.723,0.0,0.0,0.0,0.0,0.0,0.0,0.0
39.801,apt_walk_4_features,PARKED,0.0,0.0,0.0,3,0.9248,1.723,0.0,0.0,0.0,0.0,0.0,0.0,0.0
39.901,apt_walk_4_features,PARKED,0.0,0.0,0.0,3,0.9248,1.723,0.0,0.0,0.0,0.0,0.0,0.0,0.0
40.001,apt_walk_4_features,PARKED,0.0,0.0,0.0,3,0.9248,1.723,0.0,0.0,0.0,0.0,0.0,0.0,0.0
40.119,apt_walk_4_features,PARKED,0.0,0.0,0.0,3,1.0062,2.159,0.0,0.0,0.0,0.0,0.0,0.0,0.0
40.244,apt_walk_4_features,PARKED,0.0,0.0,0.0,3,0.6852,2.266,0.0,0.0,0.0,0.0,0.0,0.0,0.0
40.301,apt_walk_4_features,PARKED,0.0,0.0,0.0,3,0.6852,2.266,0.0,0.0,0.0,0.0,0.0,0.0,0.0
40.401,apt_walk_4_features,PARKED,0.0,0.0,0.0,3,1.0426,2.399,0.0,0.0,0.0,0.0,0.0,0.0,0.0
40.548,apt_walk_4_features,PARKED,0.0,0.0,0.0,3,1.0426,2.399,0.0,0.0,0.0,0.0,0.0,0.0,0.0
40.608,apt_walk_4_features,PARKED,0.0,0.0,0.0,3,0.7116,2.583,0.0,0.0,0.0,0.0,0.0,0.0,0.0
40.701,apt_walk_4_features,PARKED,0.0,0.0,0.0,3,0.7116,2.583,0.0,0.0,0.0,0.0,0.0,0.0,0.0
40.801,apt_walk_4_features,PARKED,0.0,0.0,0.0,3,0.7116,2.583,0.0,0.0,0.0,0.0,0.0,0.0,0.0
40.901,apt_walk_4_features,PARKED,0.0,0.0,0.0,3,0.7116,2.583,0.0,0.0,0.0,0.0,0.0,0.0,0.0
41.039,apt_walk_4_features,PARKED,0.0,0.0,0.0,3,0.5876,3.024,0.0,0.0,0.0,0.0,0.0,0.0,0.0
41.101,apt_walk_4_features,PARKED,0.0,0.0,0.0,3,0.9105,3.184,0.0,0.0,0.0,0.0,0.0,0.0,0.0
41.226,apt_walk_4_features,PARKED,0.0,0.0,0.0,3,0.7464,3.298,0.0,0.0,0.0,0.0,0.0,0.0,0.0
41.327,apt_walk_4_features,PARKED,0.0,0.0,0.0,3,0.7464,3.298,0.0,0.0,0.0,0.0,0.0,0.0,0.0
41.427,apt_walk_4_features,PARKED,0.0,0.0,0.0,3,0.7464,3.298,0.0,0.0,0.0,0.0,0.0,0.0,0.0
41.52,apt_walk_4_features,PARKED,0.0,0.0,0.0,3,0.7464,3.298,0.0,0.0,0.0,0.0,0.0,0.0,0.0
41.639,apt_walk_4_features,PARKED,0.0,0.0,0.0,3,0.7328,3.653,0.0,0.0,0.0,0.0,0.0,0.0,0.0
41.703,apt_walk_4_features,PARKED,0.0,0.0,0.0,3,0.3306,3.683,0.0,0.0,0.0,0.0,0.0,0.0,0.0
41.801,apt_walk_4_features,PARKED,0.0,0.0,0.0,3,0.3306,3.683,0.0,0.0,0.0,0.0,0.0,0.0,0.0
41.901,apt_walk_4_features,PARKED,0.0,0.0,0.0,3,0.3306,3.683,0.0,0.0,0.0,0.0,0.0,0.0,0.0
42.001,apt_walk_4_features,PARKED,0.0,0.0,0.0,3,0.3306,3.683,0.0,0.0,0.0,0.0,0.0,0.0,0.0
42.132,apt_walk_4_features,PARKED,0.0,0.0,0.0,4,0.4866,3.667,0.0,0.0,0.0,0.0,0.0,0.0,0.0
42.201,apt_walk_4_features,PARKED,0.0,0.0,0.0,4,0.4866,3.667,0.0,0.0,0.0,0.0,0.0,0.0,0.0
42.301,apt_walk_4_features,PARKED,0.0,0.0,0.0,4,0.4073,3.674,0.0,0.0,0.0,0.0,0.0,0.0,0.0
42.401,apt_walk_4_features,PARKED,0.0,0.0,0.0,4,0.4073,3.674,0.0,0.0,0.0,0.0,0.0,0.0,0.0
42.526,apt_walk_4_features,PARKED,0.0,0.0,0.0,4,0.1989,3.673,0.0,0.0,0.0,0.0,0.0,0.0,0.0
42.601,apt_walk_4_features,PARKED,0.0,0.0,0.0,4,0.1989,3.673,0.0,0.0,0.0,0.0,0.0,0.0,0.0
42.713,apt_walk_4_features,PARKED,0.0,0.0,0.0,3,0.4138,3.69,0.0,0.0,0.0,0.0,0.0,0.0,0.0
42.802,apt_walk_4_features,PARKED,0.0,0.0,0.0,3,0.4138,3.69,0.0,0.0,0.0,0.0,0.0,0.0,0.0
42.901,apt_walk_4_features,PARKED,0.0,0.0,0.0,3,0.4138,3.69,0.0,0.0,0.0,0.0,0.0,0.0,0.0
43.03,apt_walk_4_features,PARKED,0.0,0.0,0.0,3,0.5944,3.693,0.0,0.0,0.0,0.0,0.0,0.0,0.0
43.101,apt_walk_4_features,PARKED,0.0,0.0,0.0,3,0.5944,3.693,0.0,0.0,0.0,0.0,0.0,0.0,0.0
43.201,apt_walk_4_features,PARKED,0.0,0.0,0.0,3,0.5944,3.693,0.0,0.0,0.0,0.0,0.0,0.0,0.0
43.302,apt_walk_4_features,PARKED,0.0,0.0,0.0,3,0.5944,3.693,0.0,0.0,0.0,0.0,0.0,0.0,0.0
43.402,apt_walk_4_features,PARKED,0.0,0.0,0.0,3,0.5944,3.693,0.0,0.0,0.0,0.0,0.0,0.0,0.0
43.514,apt_walk_4_features,PARKED,0.0,0.0,0.0,3,0.2848,3.65,0.0,0.0,0.0,0.0,0.0,0.0,0.0
43.602,apt_walk_4_features,PARKED,0.0,0.0,0.0,3,0.2848,3.65,0.0,0.0,0.0,0.0,0.0,0.0,0.0
43.701,apt_walk_4_features,PARKED,0.0,0.0,0.0,3,0.6401,3.525,0.0,0.0,0.0,0.0,0.0,0.0,0.0
43.801,apt_walk_4_features,PARKED,0.0,0.0,0.0,3,0.6401,3.525,0.0,0.0,0.0,0.0,0.0,0.0,0.0
43.901,apt_walk_4_features,PARKED,0.0,0.0,0.0,3,0.6401,3.525,0.0,0.0,0.0,0.0,0.0,0.0,0.0
44.033,apt_walk_4_features,PARKED,0.0,0.0,0.0,3,0.6401,3.195,0.0,0.0,0.0,0.0,0.0,0.0,0.0
44.143,apt_walk_4_features,PARKED,0.0,0.0,0.0,3,0.4338,3.103,0.0,0.0,0.0,0.0,0.0,0.0,0.0
44.238,apt_walk_4_features,PARKED,0.0,0.0,0.0,3,0.4338,3.103,0.0,0.0,0.0,0.0,0.0,0.0,0.0
44.338,apt_walk_4_features,PARKED,0.0,0.0,0.0,3,0.4338,3.103,0.0,0.0,0.0,0.0,0.0,0.0,0.0
44.421,apt_walk_4_features,PARKED,0.0,0.0,0.0,3,0.26,3.058,0.0,0.0,0.0,0.0,0.0,0.0,0.0
44.543,apt_walk_4_features,PARKED,0.0,0.0,0.0,3,0.6264,2.681,0.0,0.0,0.0,0.0,0.0,0.0,0.0
44.606,apt_walk_4_features,PARKED,0.0,0.0,0.0,3,0.8357,2.499,0.0,0.0,0.0,0.0,0.0,0.0,0.0
44.701,apt_walk_4_features,PARKED,0.0,0.0,0.0,3,0.8357,2.499,0.0,0.0,0.0,0.0,0.0,0.0,0.0
44.801,apt_walk_4_features,PARKED,0.0,0.0,0.0,3,0.8357,2.499,0.0,0.0,0.0,0.0,0.0,0.0,0.0
44.902,apt_walk_4_features,PARKED,0.0,0.0,0.0,3,0.8357,2.499,0.0,0.0,0.0,0.0,0.0,0.0,0.0
45.011,apt_walk_4_features,PARKED,0.0,0.0,0.0,3,0.5492,2.221,0.0,0.0,0.0,0.0,0.0,0.0,0.0
45.127,apt_walk_4_features,PARKED,0.0,0.0,0.0,3,0.7801,2.082,0.0,0.0,0.0,0.0,0.0,0.0,0.0
45.215,apt_walk_4_features,PARKED,0.0,0.0,0.0,3,0.7801,2.082,0.0,0.0,0.0,0.0,0.0,0.0,0.0
45.301,apt_walk_4_features,PARKED,0.0,0.0,0.0,3,0.7801,2.082,0.0,0.0,0.0,0.0,0.0,0.0,0.0
45.446,apt_walk_4_features,PARKED,0.0,0.0,0.0,3,0.7626,1.912,0.0,0.0,0.0,0.0,0.0,0.0,0.0
45.5,apt_walk_4_features,PARKED,0.0,0.0,0.0,3,0.7626,1.912,0.0,0.0,0.0,0.0,0.0,0.0,0.0
45.61,apt_walk_4_features,PARKED,0.0,0.0,0.0,3,0.9315,1.689,0.0,0.0,0.0,0.0,0.0,0.0,0.0
45.729,apt_walk_4_features,PARKED,0.0,0.0,0.0,3,0.6742,1.652,0.0,0.0,0.0,0.0,0.0,0.0,0.0
45.802,apt_walk_4_features,PARKED,0.0,0.0,0.0,3,0.6742,1.652,0.0,0.0,0.0,0.0,0.0,0.0,0.0
45.901,apt_walk_4_features,PARKED,0.0,0.0,0.0,3,0.6742,1.652,0.0,0.0,0.0,0.0,0.0,0.0,0.0
46.001,apt_walk_4_features,PARKED,0.0,0.0,0.0,3,0.6742,1.652,0.0,0.0,0.0,0.0,0.0,0.0,0.0
46.15,apt_walk_4_features,PARKED,0.0,0.0,0.0,3,0.3815,1.567,0.0,0.0,0.0,0.0,0.0,0.0,0.0
46.209,apt_walk_4_features,PARKED,0.0,0.0,0.0,3,0.3815,1.567,0.0,0.0,0.0,0.0,0.0,0.0,0.0
46.309,apt_walk_4_features,PARKED,0.0,0.0,0.0,3,0.3207,1.594,0.0,0.0,0.0,0.0,0.0,0.0,0.0
46.423,apt_walk_4_features,PARKED,0.0,0.0,0.0,3,0.3207,1.594,0.0,0.0,0.0,0.0,0.0,0.0,0.0
46.501,apt_walk_4_features,PARKED,0.0,0.0,0.0,3,0.242,1.607,0.0,0.0,0.0,0.0,0.0,0.0,0.0
46.639,apt_walk_4_features,PARKED,0.0,0.0,0.0,3,0.242,1.607,0.0,0.0,0.0,0.0,0.0,0.0,0.0
46.701,apt_walk_4_features,PARKED,0.0,0.0,0.0,3,0.635,1.89,0.0,0.0,0.0,0.0,0.0,0.0,0.0
46.825,apt_walk_4_features,PARKED,0.0,0.0,0.0,3,0.635,1.89,0.0,0.0,0.0,0.0,0.0,0.0,0.0
46.901,apt_walk_4_features,PARKED,0.0,0.0,0.0,3,0.635,1.89,0.0,0.0,0.0,0.0,0.0,0.0,0.0
47.001,apt_walk_4_features,PARKED,0.0,0.0,0.0,3,0.6652,2.154,0.0,0.0,0.0,0.0,0.0,0.0,0.0
47.118,apt_walk_4_features,PARKED,0.0,0.0,0.0,3,0.301,2.209,0.0,0.0,0.0,0.0,0.0,0.0,0.0
47.231,apt_walk_4_features,PARKED,0.0,0.0,0.0,3,0.3032,2.245,0.0,0.0,0.0,0.0,0.0,0.0,0.0
47.351,apt_walk_4_features,PARKED,0.0,0.0,0.0,3,0.31,2.423,0.0,0.0,0.0,0.0,0.0,0.0,0.0
47.406,apt_walk_4_features,PARKED,0.0,0.0,0.0,3,0.6811,2.556,0.0,0.0,0.0,0.0,0.0,0.0,0.0
47.502,apt_walk_4_features,PARKED,0.0,0.0,0.0,3,0.595,2.66,0.0,0.0,0.0,0.0,0.0,0.0,0.0
47.601,apt_walk_4_features,PARKED,0.0,0.0,0.0,3,0.595,2.66,0.0,0.0,0.0,0.0,0.0,0.0,0.0
47.701,apt_walk_4_features,PARKED,0.0,0.0,0.0,3,0.595,2.66,0.0,0.0,0.0,0.0,0.0,0.0,0.0
47.829,apt_walk_4_features,PARKED,0.0,0.0,0.0,4,1.2321,2.975,0.0,0.0,0.0,0.0,0.0,0.0,0.0
47.901,apt_walk_4_features,PARKED,0.0,0.0,0.0,4,1.2321,2.975,0.0,0.0,0.0,0.0,0.0,0.0,0.0
48.001,apt_walk_4_features,PARKED,0.0,0.0,0.0,4,1.2321,2.975,0.0,0.0,0.0,0.0,0.0,0.0,0.0
48.101,apt_walk_4_features,PARKED,0.0,0.0,0.0,4,1.2321,2.975,0.0,0.0,0.0,0.0,0.0,0.0,0.0
48.201,apt_walk_4_features,PARKED,0.0,0.0,0.0,4,1.2321,2.975,0.0,0.0,0.0,0.0,0.0,0.0,0.0
48.301,apt_walk_4_features,PARKED,0.0,0.0,0.0,3,1.384,3.504,0.0,0.0,0.0,0.0,0.0,0.0,0.0
48.41,apt_walk_4_features,PARKED,0.0,0.0,0.0,3,1.384,3.504,0.0,0.0,0.0,0.0,0.0,0.0,0.0
48.501,apt_walk_4_features,PARKED,0.0,0.0,0.0,3,1.1247,3.6,0.0,0.0,0.0,0.0,0.0,0.0,0.0
48.625,apt_walk_4_features,PARKED,0.0,0.0,0.0,3,1.1247,3.6,0.0,0.0,0.0,0.0,0.0,0.0,0.0
48.744,apt_walk_4_features,PARKED,0.0,0.0,0.0,4,0.6425,3.747,0.0,0.0,0.0,0.0,0.0,0.0,0.0
48.806,apt_walk_4_features,PARKED,0.0,0.0,0.0,4,0.6425,3.747,0.0,0.0,0.0,0.0,0.0,0.0,0.0
48.93,apt_walk_4_features,PARKED,0.0,0.0,0.0,4,0.8142,3.763,0.0,0.0,0.0,0.0,0.0,0.0,0.0
49.001,apt_walk_4_features,PARKED,0.0,0.0,0.0,4,0.8142,3.763,0.0,0.0,0.0,0.0,0.0,0.0,0.0
49.101,apt_walk_4_features,PARKED,0.0,0.0,0.0,4,0.8142,3.763,0.0,0.0,0.0,0.0,0.0,0.0,0.0
49.211,apt_walk_4_features,PARKED,0.0,0.0,0.0,4,0.4421,3.712,0.0,0.0,0.0,0.0,0.0,0.0,0.0
49.33,apt_walk_4_features,PARKED,0.0,0.0,0.0,3,0.3916,3.703,0.0,0.0,0.0,0.0,0.0,0.0,0.0
49.401,apt_walk_4_features,PARKED,0.0,0.0,0.0,3,0.3547,3.671,0.0,0.0,0.0,0.0,0.0,0.0,0.0
49.531,apt_walk_4_features,PARKED,0.0,0.0,0.0,3,0.5091,3.658,0.0,0.0,0.0,0.0,0.0,0.0,0.0
49.645,apt_walk_4_features,PARKED,0.0,0.0,0.0,3,0.5091,3.658,0.0,0.0,0.0,0.0,0.0,0.0,0.0
49.704,apt_walk_4_features,PARKED,0.0,0.0,0.0,3,0.5892,3.626,0.0,0.0,0.0,0.0,0.0,0.0,0.0
49.821,apt_walk_4_features,PARKED,0.0,0.0,0.0,3,0.3435,3.623,0.0,0.0,0.0,0.0,0.0,0.0,0.0
49.94,apt_walk_4_features,PARKED,0.0,0.0,0.0,3,0.3435,3.623,0.0,0.0,0.0,0.0,0.0,0.0,0.0
50.001,apt_walk_4_features,PARKED,0.0,0.0,0.0,3,0.3435,3.623,0.0,0.0,0.0,0.0,0.0,0.0,0.0
50.101,apt_walk_4_features,PARKED,0.0,0.0,0.0,3,0.3435,3.623,0.0,0.0,0.0,0.0,0.0,0.0,0.0
50.223,apt_walk_4_features,PARKED,0.0,0.0,0.0,3,0.4012,3.659,0.0,0.0,0.0,0.0,0.0,0.0,0.0
50.301,apt_walk_4_features,PARKED,0.0,0.0,0.0,3,0.4012,3.659,0.0,0.0,0.0,0.0,0.0,0.0,0.0
50.404,apt_walk_4_features,PARKED,0.0,0.0,0.0,4,0.7335,3.716,0.0,0.0,0.0,0.0,0.0,0.0,0.0
50.501,apt_walk_4_features,PARKED,0.0,0.0,0.0,4,0.7335,3.716,0.0,0.0,0.0,0.0,0.0,0.0,0.0
50.601,apt_walk_4_features,PARKED,0.0,0.0,0.0,4,0.7335,3.716,0.0,0.0,0.0,0.0,0.0,0.0,0.0
50.716,apt_walk_4_features,PARKED,0.0,0.0,0.0,4,0.722,3.744,0.0,0.0,0.0,0.0,0.0,0.0,0.0
50.802,apt_walk_4_features,PARKED,0.0,0.0,0.0,3,0.945,3.599,0.0,0.0,0.0,0.0,0.0,0.0,0.0
50.905,apt_walk_4_features,PARKED,0.0,0.0,0.0,3,0.945,3.599,0.0,0.0,0.0,0.0,0.0,0.0,0.0
51.001,apt_walk_4_features,PARKED,0.0,0.0,0.0,3,0.945,3.599,0.0,0.0,0.0,0.0,0.0,0.0,0.0
51.102,apt_walk_4_features,PARKED,0.0,0.0,0.0,3,0.945,3.599,0.0,0.0,0.0,0.0,0.0,0.0,0.0
51.23,apt_walk_4_features,PARKED,0.0,0.0,0.0,4,0.7389,3.129,0.0,0.0,0.0,0.0,0.0,0.0,0.0
51.301,apt_walk_4_features,PARKED,0.0,0.0,0.0,4,0.7389,3.129,0.0,0.0,0.0,0.0,0.0,0.0,0.0
51.401,apt_walk_4_features,PARKED,0.0,0.0,0.0,4,0.7389,3.129,0.0,0.0,0.0,0.0,0.0,0.0,0.0
51.502,apt_walk_4_features,PARKED,0.0,0.0,0.0,4,0.7389,3.129,0.0,0.0,0.0,0.0,0.0,0.0,0.0
51.624,apt_walk_4_features,PARKED,0.0,0.0,0.0,4,0.7267,2.744,0.0,0.0,0.0,0.0,0.0,0.0,0.0
51.745,apt_walk_4_features,PARKED,0.0,0.0,0.0,3,0.779,2.546,0.0,0.0,0.0,0.0,0.0,0.0,0.0
51.801,apt_walk_4_features,PARKED,0.0,0.0,0.0,3,0.779,2.546,0.0,0.0,0.0,0.0,0.0,0.0,0.0
51.926,apt_walk_4_features,PARKED,0.0,0.0,0.0,3,0.4811,2.43,0.0,0.0,0.0,0.0,0.0,0.0,0.0
52.01,apt_walk_4_features,PARKED,0.0,0.0,0.0,3,0.4811,2.43,0.0,0.0,0.0,0.0,0.0,0.0,0.0
52.103,apt_walk_4_features,PARKED,0.0,0.0,0.0,3,0.4754,2.301,0.0,0.0,0.0,0.0,0.0,0.0,0.0
52.222,apt_walk_4_features,PARKED,0.0,0.0,0.0,3,0.5102,2.215,0.0,0.0,0.0,0.0,0.0,0.0,0.0
52.301,apt_walk_4_features,PARKED,0.0,0.0,0.0,3,0.5102,2.215,0.0,0.0,0.0,0.0,0.0,0.0,0.0
52.401,apt_walk_4_features,PARKED,0.0,0.0,0.0,3,0.6113,2.114,0.0,0.0,0.0,0.0,0.0,0.0,0.0
52.507,apt_walk_4_features,PARKED,0.0,0.0,0.0,3,0.5612,2.035,0.0,0.0,0.0,0.0,0.0,0.0,0.0
52.601,apt_walk_4_features,PARKED,0.0,0.0,0.0,3,0.6901,1.882,0.0,0.0,0.0,0.0,0.0,0.0,0.0
52.73,apt_walk_4_features,PARKED,0.0,0.0,0.0,3,0.1987,1.719,0.0,0.0,0.0,0.0,0.0,0.0,0.0
52.842,apt_walk_4_features,PARKED,0.0,0.0,0.0,3,0.3588,1.703,0.0,0.0,0.0,0.0,0.0,0.0,0.0
52.902,apt_walk_4_features,PARKED,0.0,0.0,0.0,3,0.3588,1.703,0.0,0.0,0.0,0.0,0.0,0.0,0.0
53.002,apt_walk_4_features,PARKED,0.0,0.0,0.0,3,0.3588,1.703,0.0,0.0,0.0,0.0,0.0,0.0,0.0
53.102,apt_walk_4_features,PARKED,0.0,0.0,0.0,3,0.3588,1.703,0.0,0.0,0.0,0.0,0.0,0.0,0.0
53.201,apt_walk_4_features,PARKED,0.0,0.0,0.0,3,0.3588,1.703,0.0,0.0,0.0,0.0,0.0,0.0,0.0
53.301,apt_walk_4_features,PARKED,0.0,0.0,0.0,3,0.6151,1.63,0.0,0.0,0.0,0.0,0.0,0.0,0.0
53.401,apt_walk_4_features,PARKED,0.0,0.0,0.0,3,0.6151,1.63,0.0,0.0,0.0,0.0,0.0,0.0,0.0
53.508,apt_walk_4_features,PARKED,0.0,0.0,0.0,3,0.6151,1.63,0.0,0.0,0.0,0.0,0.0,0.0,0.0
53.605,apt_walk_4_features,PARKED,0.0,0.0,0.0,3,0.6151,1.63,0.0,0.0,0.0,0.0,0.0,0.0,0.0
53.745,apt_walk_4_features,PARKED,0.0,0.0,0.0,3,0.6706,1.821,0.0,0.0,0.0,0.0,0.0,0.0,0.0
53.814,apt_walk_4_features,PARKED,0.0,0.0,0.0,3,0.6706,1.821,0.0,0.0,0.0,0.0,0.0,0.0,0.0
53.927,apt_walk_4_features,PARKED,0.0,0.0,0.0,3,0.6416,1.979,0.0,0.0,0.0,0.0,0.0,0.0,0.0
54.019,apt_walk_4_features,PARKED,0.0,0.0,0.0,3,0.6416,1.979,0.0,0.0,0.0,0.0,0.0,0.0,0.0
54.101,apt_walk_4_features,PARKED,0.0,0.0,0.0,3,0.6416,1.979,0.0,0.0,0.0,0.0,0.0,0.0,0.0
54.201,apt_walk_4_features,PARKED,0.0,0.0,0.0,3,0.8474,2.326,0.0,0.0,0.0,0.0,0.0,0.0,0.0
54.306,apt_walk_4_features,PARKED,0.0,0.0,0.0,3,0.8474,2.326,0.0,0.0,0.0,0.0,0.0,0.0,0.0
54.401,apt_walk_4_features,PARKED,0.0,0.0,0.0,3,0.9578,2.451,0.0,0.0,0.0,0.0,0.0,0.0,0.0
54.501,apt_walk_4_features,PARKED,0.0,0.0,0.0,3,0.9578,2.451,0.0,0.0,0.0,0.0,0.0,0.0,0.0
54.641,apt_walk_4_features,PARKED,0.0,0.0,0.0,3,0.8439,2.718,0.0,0.0,0.0,0.0,0.0,0.0,0.0
54.703,apt_walk_4_features,PARKED,0.0,0.0,0.0,3,0.5607,2.79,0.0,0.0,0.0,0.0,0.0,0.0,0.0
54.811,apt_walk_4_features,PARKED,0.0,0.0,0.0,3,0.8407,2.913,0.0,0.0,0.0,0.0,0.0,0.0,0.0
54.905,apt_walk_4_features,PARKED,0.0,0.0,0.0,3,0.8407,2.913,0.0,0.0,0.0,0.0,0.0,0.0,0.0
55.048,apt_walk_4_features,PARKED,0.0,0.0,0.0,3,0.8407,2.913,0.0,0.0,0.0,0.0,0.0,0.0,0.0
55.105,apt_walk_4_features,PARKED,0.0,0.0,0.0,3,0.8386,3.12,0.0,0.0,0.0,0.0,0.0,0.0,0.0
55.211,apt_walk_4_features,PARKED,0.0,0.0,0.0,3,1.1985,3.399,0.0,0.0,0.0,0.0,0.0,0.0,0.0
55.301,apt_walk_4_features,PARKED,0.0,0.0,0.0,3,1.1985,3.399,0.0,0.0,0.0,0.0,0.0,0.0,0.0
55.435,apt_walk_4_features,PARKED,0.0,0.0,0.0,4,0.8386,3.518,0.0,0.0,0.0,0.0,0.0,0.0,0.0
55.51,apt_walk_4_features,PARKED,0.0,0.0,0.0,3,0.7563,3.623,0.0,0.0,0.0,0.0,0.0,0.0,0.0
55.627,apt_walk_4_features,PARKED,0.0,0.0,0.0,3,0.3662,3.659,0.0,0.0,0.0,0.0,0.0,0.0,0.0
55.749,apt_walk_4_features,PARKED,0.0,0.0,0.0,4,0.666,3.635,0.0,0.0,0.0,0.0,0.0,0.0,0.0
55.803,apt_walk_4_features,PARKED,0.0,0.0,0.0,4,0.666,3.635,0.0,0.0,0.0,0.0,0.0,0.0,0.0
55.901,apt_walk_4_features,PARKED,0.0,0.0,0.0,4,0.666,3.635,0.0,0.0,0.0,0.0,0.0,0.0,0.0
56.01,apt_walk_4_features,PARKED,0.0,0.0,0.0,4,0.251,3.66,0.0,0.0,0.0,0.0,0.0,0.0,0.0
56.101,apt_walk_4_features,PARKED,0.0,0.0,0.0,3,0.6054,3.657,0.0,0.0,0.0,0.0,0.0,0.0,0.0
56.201,apt_walk_4_features,PARKED,0.0,0.0,0.0,3,0.6054,3.657,0.0,0.0,0.0,0.0,0.0,0.0,0.0
56.301,apt_walk_4_features,PARKED,0.0,0.0,0.0,3,0.6054,3.657,0.0,0.0,0.0,0.0,0.0,0.0,0.0
56.447,apt_walk_4_features,PARKED,0.0,0.0,0.0,3,0.7355,3.757,0.0,0.0,0.0,0.0,0.0,0.0,0.0
56.512,apt_walk_4_features,PARKED,0.0,0.0,0.0,3,0.7355,3.773,0.0,0.0,0.0,0.0,0.0,0.0,0.0
56.645,apt_walk_4_features,PARKED,0.0,0.0,0.0,3,0.5087,3.676,0.0,0.0,0.0,0.0,0.0,0.0,0.0
56.707,apt_walk_4_features,PARKED,0.0,0.0,0.0,3,0.5087,3.676,0.0,0.0,0.0,0.0,0.0,0.0,0.0
56.801,apt_walk_4_features,PARKED,0.0,0.0,0.0,3,0.5087,3.676,0.0,0.0,0.0,0.0,0.0,0.0,0.0
56.901,apt_walk_4_features,PARKED,0.0,0.0,0.0,3,0.5087,3.676,0.0,0.0,0.0,0.0,0.0,0.0,0.0
57.05,apt_walk_4_features,PARKED,0.0,0.0,0.0,3,0.5087,3.676,0.0,0.0,0.0,0.0,0.0,0.0,0.0
57.135,apt_walk_4_features,PARKED,0.0,0.0,0.0,3,0.5087,3.676,0.0,0.0,0.0,0.0,0.0,0.0,0.0
57.201,apt_walk_4_features,PARKED,0.0,0.0,0.0,3,0.5087,3.676,0.0,0.0,0.0,0.0,0.0,0.0,0.0
57.301,apt_walk_4_features,PARKED,0.0,0.0,0.0,3,0.5087,3.676,0.0,0.0,0.0,0.0,0.0,0.0,0.0
57.401,apt_walk_4_features,PARKED,0.0,0.0,0.0,3,0.5087,3.676,0.0,0.0,0.0,0.0,0.0,0.0,0.0
57.502,apt_walk_4_features,PARKED,0.0,0.0,0.0,3,0.5087,3.676,0.0,0.0,0.0,0.0,0.0,0.0,0.0
57.601,apt_walk_4_features,PARKED,0.0,0.0,0.0,3,0.5087,3.676,0.0,0.0,0.0,0.0,0.0,0.0,0.0
57.701,apt_walk_4_features,PARKED,0.0,0.0,0.0,3,0.5087,3.676,0.0,0.0,0.0,0.0,0.0,0.0,0.0
57.801,apt_walk_4_features,PARKED,0.0,0.0,0.0,3,0.5087,3.676,0.0,0.0,0.0,0.0,0.0,0.0,0.0
57.901,apt_walk_4_features,PARKED,0.0,0.0,0.0,3,0.5087,3.676,0.0,0.0,0.0,0.0,0.0,0.0,0.0
58.001,apt_walk_4_features,PARKED,0.0,0.0,0.0,3,0.5087,3.676,0.0,0.0,0.0,0.0,0.0,0.0,0.0
58.101,apt_walk_4_features,PARKED,0.0,0.0,0.0,3,0.5087,3.676,0.0,0.0,0.0,0.0,0.0,0.0,0.0
58.201,apt_walk_4_features,PARKED,0.0,0.0,0.0,3,0.5087,3.676,0.0,0.0,0.0,0.0,0.0,0.0,0.0
58.301,apt_walk_4_features,PARKED,0.0,0.0,0.0,3,0.5087,3.676,0.0,0.0,0.0,0.0,0.0,0.0,0.0
58.401,apt_walk_4_features,PARKED,0.0,0.0,0.0,3,0.5087,3.676,0.0,0.0,0.0,0.0,0.0,0.0,0.0
58.501,apt_walk_4_features,PARKED,0.0,0.0,0.0,3,0.5087,3.676,0.0,0.0,0.0,0.0,0.0,0.0,0.0
58.602,apt_walk_4_features,PARKED,0.0,0.0,0.0,3,0.5087,3.676,0.0,0.0,0.0,0.0,0.0,0.0,0.0
58.701,apt_walk_4_features,PARKED,0.0,0.0,0.0,3,0.5087,3.676,0.0,0.0,0.0,0.0,0.0,0.0,0.0
58.801,apt_walk_4_features,PARKED,0.0,0.0,0.0,3,0.5087,3.676,0.0,0.0,0.0,0.0,0.0,0.0,0.0
58.901,apt_walk_4_features,PARKED,0.0,0.0,0.0,3,0.5087,3.676,0.0,0.0,0.0,0.0,0.0,0.0,0.0
59.001,apt_walk_4_features,PARKED,0.0,0.0,0.0,3,0.5087,3.676,0.0,0.0,0.0,0.0,0.0,0.0,0.0
59.101,apt_walk_4_features,PARKED,0.0,0.0,0.0,3,0.5087,3.676,0.0,0.0,0.0,0.0,0.0,0.0,0.0
59.202,apt_walk_4_features,PARKED,0.0,0.0,0.0,3,0.5087,3.676,0.0,0.0,0.0,0.0,0.0,0.0,0.0
59.302,apt_walk_4_features,PARKED,0.0,0.0,0.0,3,0.5087,3.676,0.0,0.0,0.0,0.0,0.0,0.0,0.0
59.402,apt_walk_4_features,PARKED,0.0,0.0,0.0,3,0.5087,3.676,0.0,0.0,0.0,0.0,0.0,0.0,0.0
59.501,apt_walk_4_features,PARKED,0.0,0.0,0.0,3,0.5087,3.676,0.0,0.0,0.0,0.0,0.0,0.0,0.0
59.602,apt_walk_4_features,PARKED,0.0,0.0,0.0,3,0.5087,3.676,0.0,0.0,0.0,0.0,0.0,0.0,0.0
59.701,apt_walk_4_features,PARKED,0.0,0.0,0.0,3,0.5087,3.676,0.0,0.0,0.0,0.0,0.0,0.0,0.0
59.801,apt_walk_4_features,PARKED,0.0,0.0,0.0,3,0.5087,3.676,0.0,0.0,0.0,0.0,0.0,0.0,0.0
59.901,apt_walk_4_features,PARKED,0.0,0.0,0.0,3,0.5087,3.676,0.0,0.0,0.0,0.0,0.0,0.0,0.0
60.001,apt_walk_4_features,PARKED,0.0,0.0,0.0,3,0.5087,3.676,0.0,0.0,0.0,0.0,0.0,0.0,0.0
60.101,apt_walk_4_features,PARKED,0.0,0.0,0.0,3,0.5087,3.676,0.0,0.0,0.0,0.0,0.0,0.0,0.0
60.202,apt_walk_4_features,PARKED,0.0,0.0,0.0,3,0.5087,3.676,0.0,0.0,0.0,0.0,0.0,0.0,0.0
60.301,apt_walk_4_features,PARKED,0.0,0.0,0.0,3,0.5087,3.676,0.0,0.0,0.0,0.0,0.0,0.0,0.0
60.401,apt_walk_4_features,PARKED,0.0,0.0,0.0,3,0.5087,3.676,0.0,0.0,0.0,0.0,0.0,0.0,0.0
60.501,apt_walk_4_features,PARKED,0.0,0.0,0.0,3,0.5087,3.676,0.0,0.0,0.0,0.0,0.0,0.0,0.0
60.601,apt_walk_4_features,PARKED,0.0,0.0,0.0,3,0.5087,3.676,0.0,0.0,0.0,0.0,0.0,0.0,0.0
60.701,apt_walk_4_features,PARKED,0.0,0.0,0.0,3,0.5087,3.676,0.0,0.0,0.0,0.0,0.0,0.0,0.0
60.801,apt_walk_4_features,PARKED,0.0,0.0,0.0,3,0.5087,3.676,0.0,0.0,0.0,0.0,0.0,0.0,0.0
60.901,apt_walk_4_features,PARKED,0.0,0.0,0.0,3,0.5087,3.676,0.0,0.0,0.0,0.0,0.0,0.0,0.0
61.001,apt_walk_4_features,PARKED,0.0,0.0,0.0,3,0.4484,3.701,0.0,0.0,0.0,0.0,0.0,0.0,0.0
61.101,apt_walk_4_features,PARKED,0.0,0.0,0.0,3,0.6028,3.695,0.0,0.0,0.0,0.0,0.0,0.0,0.0
61.201,apt_walk_4_features,PARKED,0.0,0.0,0.0,3,0.6028,3.695,0.0,0.0,0.0,0.0,0.0,0.0,0.0
61.332,apt_walk_4_features,PARKED,0.0,0.0,0.0,3,0.4484,3.652,0.0,0.0,0.0,0.0,0.0,0.0,0.0
61.448,apt_walk_4_features,PARKED,0.0,0.0,0.0,3,0.4484,3.67,0.0,0.0,0.0,0.0,0.0,0.0,0.0
61.502,apt_walk_4_features,PARKED,0.0,0.0,0.0,3,0.4484,3.67,0.0,0.0,0.0,0.0,0.0,0.0,0.0
61.601,apt_walk_4_features,PARKED,0.0,0.0,0.0,3,0.4484,3.67,0.0,0.0,0.0,0.0,0.0,0.0,0.0
61.71,apt_walk_4_features,PARKED,0.0,0.0,0.0,3,0.4484,3.67,0.0,0.0,0.0,0.0,0.0,0.0,0.0
61.827,apt_walk_4_features,PARKED,0.0,0.0,0.0,4,0.6208,2.835,0.0,0.0,0.0,0.0,0.0,0.0,0.0
61.901,apt_walk_4_features,PARKED,0.0,0.0,0.0,4,0.6208,2.835,0.0,0.0,0.0,0.0,0.0,0.0,0.0
62.028,apt_walk_4_features,PARKED,0.0,0.0,0.0,4,0.4484,2.988,0.0,0.0,0.0,0.0,0.0,0.0,0.0
62.102,apt_walk_4_features,PARKED,0.0,0.0,0.0,4,0.4484,2.988,0.0,0.0,0.0,0.0,0.0,0.0,0.0
62.201,apt_walk_4_features,PARKED,0.0,0.0,0.0,4,0.4484,2.988,0.0,0.0,0.0,0.0,0.0,0.0,0.0
62.342,apt_walk_4_features,PARKED,0.0,0.0,0.0,4,0.7206,3.559,0.0,0.0,0.0,0.0,0.0,0.0,0.0
62.401,apt_walk_4_features,PARKED,0.0,0.0,0.0,4,0.7206,3.559,0.0,0.0,0.0,0.0,0.0,0.0,0.0
62.502,apt_walk_4_features,PARKED,0.0,0.0,0.0,4,0.7206,3.559,0.0,0.0,0.0,0.0,0.0,0.0,0.0
62.643,apt_walk_4_features,PARKED,0.0,0.0,0.0,4,1.0705,3.451,0.0,0.0,0.0,0.0,0.0,0.0,0.0
62.702,apt_walk_4_features,PARKED,0.0,0.0,0.0,4,0.3599,3.627,0.0,0.0,0.0,0.0,0.0,0.0,0.0
62.824,apt_walk_4_features,PARKED,0.0,0.0,0.0,4,0.6765,3.663,0.0,0.0,0.0,0.0,0.0,0.0,0.0
62.924,apt_walk_4_features,PARKED,0.0,0.0,0.0,4,0.6765,3.663,0.0,0.0,0.0,0.0,0.0,0.0,0.0
63.005,apt_walk_4_features,PARKED,0.0,0.0,0.0,4,0.6765,3.663,0.0,0.0,0.0,0.0,0.0,0.0,0.0
63.135,apt_walk_4_features,PARKED,0.0,0.0,0.0,4,0.4113,3.628,0.0,0.0,0.0,0.0,0.0,0.0,0.0
63.2,apt_walk_4_features,PARKED,0.0,0.0,0.0,4,0.727,3.668,0.0,0.0,0.0,0.0,0.0,0.0,0.0
63.315,apt_walk_4_features,PARKED,0.0,0.0,0.0,4,0.727,3.668,0.0,0.0,0.0,0.0,0.0,0.0,0.0
63.409,apt_walk_4_features,PARKED,0.0,0.0,0.0,4,0.727,3.668,0.0,0.0,0.0,0.0,0.0,0.0,0.0
63.501,apt_walk_4_features,PARKED,0.0,0.0,0.0,4,0.727,3.668,0.0,0.0,0.0,0.0,0.0,0.0,0.0
63.65,apt_walk_4_features,PARKED,0.0,0.0,0.0,4,0.951,3.678,0.0,0.0,0.0,0.0,0.0,0.0,0.0
63.711,apt_walk_4_features,PARKED,0.0,0.0,0.0,4,0.684,3.684,0.0,0.0,0.0,0.0,0.0,0.0,0.0
63.801,apt_walk_4_features,PARKED,0.0,0.0,0.0,4,0.6191,3.685,0.0,0.0,0.0,0.0,0.0,0.0,0.0
63.941,apt_walk_4_features,PARKED,0.0,0.0,0.0,4,0.6191,3.685,0.0,0.0,0.0,0.0,0.0,0.0,0.0
64.024,apt_walk_4_features,PARKED,0.0,0.0,0.0,4,0.6191,3.685,0.0,0.0,0.0,0.0,0.0,0.0,0.0
64.102,apt_walk_4_features,PARKED,0.0,0.0,0.0,4,0.3382,3.66,0.0,0.0,0.0,0.0,0.0,0.0,0.0
64.201,apt_walk_4_features,PARKED,0.0,0.0,0.0,4,0.3382,3.66,0.0,0.0,0.0,0.0,0.0,0.0,0.0
64.301,apt_walk_4_features,PARKED,0.0,0.0,0.0,4,0.3382,3.66,0.0,0.0,0.0,0.0,0.0,0.0,0.0
64.4,apt_walk_4_features,PARKED,0.0,0.0,0.0,4,0.3382,3.66,0.0,0.0,0.0,0.0,0.0,0.0,0.0
64.501,apt_walk_4_features,PARKED,0.0,0.0,0.0,4,0.3382,3.66,0.0,0.0,0.0,0.0,0.0,0.0,0.0
64.634,apt_walk_4_features,PARKED,0.0,0.0,0.0,4,1.0953,3.656,0.0,0.0,0.0,0.0,0.0,0.0,0.0
64.701,apt_walk_4_features,PARKED,0.0,0.0,0.0,4,1.0953,3.656,0.0,0.0,0.0,0.0,0.0,0.0,0.0
64.801,apt_walk_4_features,PARKED,0.0,0.0,0.0,4,1.03,3.61,0.0,0.0,0.0,0.0,0.0,0.0,0.0
64.901,apt_walk_4_features,PARKED,0.0,0.0,0.0,4,1.03,3.61,0.0,0.0,0.0,0.0,0.0,0.0,0.0
65.001,apt_walk_4_features,PARKED,0.0,0.0,0.0,4,1.03,3.61,0.0,0.0,0.0,0.0,0.0,0.0,0.0
65.101,apt_walk_4_features,PARKED,0.0,0.0,0.0,4,0.6884,3.316,0.0,0.0,0.0,0.0,0.0,0.0,0.0
65.201,apt_walk_4_features,PARKED,0.0,0.0,0.0,4,0.6884,3.316,0.0,0.0,0.0,0.0,0.0,0.0,0.0
65.304,apt_walk_4_features,PARKED,0.0,0.0,0.0,4,0.7151,3.159,0.0,0.0,0.0,0.0,0.0,0.0,0.0
65.429,apt_walk_4_features,PARKED,0.0,0.0,0.0,4,0.7785,3.068,0.0,0.0,0.0,0.0,0.0,0.0,0.0
65.514,apt_walk_4_features,PARKED,0.0,0.0,0.0,4,0.7785,3.068,0.0,0.0,0.0,0.0,0.0,0.0,0.0
65.602,apt_walk_4_features,PARKED,0.0,0.0,0.0,4,0.8092,2.931,0.0,0.0,0.0,0.0,0.0,0.0,0.0
65.731,apt_walk_4_features,PARKED,0.0,0.0,0.0,4,0.968,2.65,0.0,0.0,0.0,0.0,0.0,0.0,0.0
65.801,apt_walk_4_features,PARKED,0.0,0.0,0.0,4,1.3051,2.453,0.0,0.0,0.0,0.0,0.0,0.0,0.0
65.901,apt_walk_4_features,PARKED,0.0,0.0,0.0,4,1.3051,2.453,0.0,0.0,0.0,0.0,0.0,0.0,0.0
66.001,apt_walk_4_features,PARKED,0.0,0.0,0.0,3,0.6785,2.286,0.0,0.0,0.0,0.0,0.0,0.0,0.0
66.128,apt_walk_4_features,PARKED,0.0,0.0,0.0,3,0.9959,2.161,0.0,0.0,0.0,0.0,0.0,0.0,0.0
66.201,apt_walk_4_features,PARKED,0.0,0.0,0.0,3,0.9959,2.161,0.0,0.0,0.0,0.0,0.0,0.0,0.0
66.301,apt_walk_4_features,PARKED,0.0,0.0,0.0,3,0.9959,2.161,0.0,0.0,0.0,0.0,0.0,0.0,0.0
66.401,apt_walk_4_features,PARKED,0.0,0.0,0.0,3,0.9959,2.161,0.0,0.0,0.0,0.0,0.0,0.0,0.0
66.501,apt_walk_4_features,PARKED,0.0,0.0,0.0,3,0.9959,2.161,0.0,0.0,0.0,0.0,0.0,0.0,0.0
66.634,apt_walk_4_features,PARKED,0.0,0.0,0.0,3,0.8547,1.896,0.0,0.0,0.0,0.0,0.0,0.0,0.0
66.702,apt_walk_4_features,PARKED,0.0,0.0,0.0,3,1.151,1.739,0.0,0.0,0.0,0.0,0.0,0.0,0.0
66.803,apt_walk_4_features,PARKED,0.0,0.0,0.0,3,1.151,1.739,0.0,0.0,0.0,0.0,0.0,0.0,0.0
66.901,apt_walk_4_features,PARKED,0.0,0.0,0.0,3,1.151,1.739,0.0,0.0,0.0,0.0,0.0,0.0,0.0
67.035,apt_walk_4_features,PARKED,0.0,0.0,0.0,3,1.151,1.739,0.0,0.0,0.0,0.0,0.0,0.0,0.0
67.101,apt_walk_4_features,PARKED,0.0,0.0,0.0,3,0.5544,1.59,0.0,0.0,0.0,0.0,0.0,0.0,0.0
67.212,apt_walk_4_features,PARKED,0.0,0.0,0.0,3,0.3014,1.575,0.0,0.0,0.0,0.0,0.0,0.0,0.0
67.302,apt_walk_4_features,PARKED,0.0,0.0,0.0,3,0.3014,1.575,0.0,0.0,0.0,0.0,0.0,0.0,0.0
67.401,apt_walk_4_features,PARKED,0.0,0.0,0.0,3,0.3014,1.575,0.0,0.0,0.0,0.0,0.0,0.0,0.0
67.501,apt_walk_4_features,PARKED,0.0,0.0,0.0,3,0.3014,1.575,0.0,0.0,0.0,0.0,0.0,0.0,0.0
67.612,apt_walk_4_features,PARKED,0.0,0.0,0.0,3,0.4262,1.636,0.0,0.0,0.0,0.0,0.0,0.0,0.0
67.701,apt_walk_4_features,PARKED,0.0,0.0,0.0,3,0.4262,1.636,0.0,0.0,0.0,0.0,0.0,0.0,0.0
67.801,apt_walk_4_features,PARKED,0.0,0.0,0.0,3,0.5433,1.701,0.0,0.0,0.0,0.0,0.0,0.0,0.0
67.938,apt_walk_4_features,PARKED,0.0,0.0,0.0,3,0.5433,1.701,0.0,0.0,0.0,0.0,0.0,0.0,0.0
68.001,apt_walk_4_features,PARKED,0.0,0.0,0.0,3,0.8332,1.936,0.0,0.0,0.0,0.0,0.0,0.0,0.0
68.11,apt_walk_4_features,PARKED,0.0,0.0,0.0,3,0.8742,2.043,0.0,0.0,0.0,0.0,0.0,0.0,0.0
68.201,apt_walk_4_features,PARKED,0.0,0.0,0.0,3,0.8742,2.043,0.0,0.0,0.0,0.0,0.0,0.0,0.0
68.301,apt_walk_4_features,PARKED,0.0,0.0,0.0,3,0.8742,2.043,0.0,0.0,0.0,0.0,0.0,0.0,0.0
68.401,apt_walk_4_features,PARKED,0.0,0.0,0.0,3,0.8742,2.043,0.0,0.0,0.0,0.0,0.0,0.0,0.0
68.535,apt_walk_4_features,PARKED,0.0,0.0,0.0,3,0.8397,2.493,0.0,0.0,0.0,0.0,0.0,0.0,0.0
68.601,apt_walk_4_features,PARKED,0.0,0.0,0.0,3,0.8397,2.493,0.0,0.0,0.0,0.0,0.0,0.0,0.0
68.708,apt_walk_4_features,PARKED,0.0,0.0,0.0,3,0.6421,2.582,0.0,0.0,0.0,0.0,0.0,0.0,0.0
68.801,apt_walk_4_features,PARKED,0.0,0.0,0.0,3,0.6421,2.582,0.0,0.0,0.0,0.0,0.0,0.0,0.0
68.921,apt_walk_4_features,PARKED,0.0,0.0,0.0,3,0.6177,2.873,0.0,0.0,0.0,0.0,0.0,0.0,0.0
69.035,apt_walk_4_features,PARKED,0.0,0.0,0.0,3,0.4465,2.997,0.0,0.0,0.0,0.0,0.0,0.0,0.0
69.101,apt_walk_4_features,PARKED,0.0,0.0,0.0,3,0.4465,2.997,0.0,0.0,0.0,0.0,0.0,0.0,0.0
69.243,apt_walk_4_features,PARKED,0.0,0.0,0.0,3,0.7664,3.141,0.0,0.0,0.0,0.0,0.0,0.0,0.0
69.301,apt_walk_4_features,PARKED,0.0,0.0,0.0,3,0.7664,3.141,0.0,0.0,0.0,0.0,0.0,0.0,0.0
69.401,apt_walk_4_features,PARKED,0.0,0.0,0.0,3,0.7664,3.141,0.0,0.0,0.0,0.0,0.0,0.0,0.0
69.55,apt_walk_4_features,PARKED,0.0,0.0,0.0,3,0.8055,3.615,0.0,0.0,0.0,0.0,0.0,0.0,0.0
69.613,apt_walk_4_features,PARKED,0.0,0.0,0.0,3,0.8055,3.615,0.0,0.0,0.0,0.0,0.0,0.0,0.0
69.74,apt_walk_4_features,PARKED,0.0,0.0,0.0,3,0.7288,3.661,0.0,0.0,0.0,0.0,0.0,0.0,0.0
69.842,apt_walk_4_features,PARKED,0.0,0.0,0.0,3,0.7288,3.661,0.0,0.0,0.0,0.0,0.0,0.0,0.0
69.927,apt_walk_4_features,PARKED,0.0,0.0,0.0,3,0.7288,3.661,0.0,0.0,0.0,0.0,0.0,0.0,0.0
70.024,apt_walk_4_features,PARKED,0.0,0.0,0.0,3,0.7288,3.661,0.0,0.0,0.0,0.0,0.0,0.0,0.0
70.101,apt_walk_4_features,PARKED,0.0,0.0,0.0,3,0.7288,3.661,0.0,0.0,0.0,0.0,0.0,0.0,0.0
70.216,apt_walk_4_features,PARKED,0.0,0.0,0.0,3,0.5188,3.674,0.0,0.0,0.0,0.0,0.0,0.0,0.0
70.332,apt_walk_4_features,PARKED,0.0,0.0,0.0,3,0.6981,3.698,0.0,0.0,0.0,0.0,0.0,0.0,0.0
70.401,apt_walk_4_features,PARKED,0.0,0.0,0.0,3,0.6981,3.698,0.0,0.0,0.0,0.0,0.0,0.0,0.0
70.501,apt_walk_4_features,PARKED,0.0,0.0,0.0,3,0.6981,3.698,0.0,0.0,0.0,0.0,0.0,0.0,0.0
70.601,apt_walk_4_features,PARKED,0.0,0.0,0.0,3,0.6981,3.698,0.0,0.0,0.0,0.0,0.0,0.0,0.0
70.702,apt_walk_4_features,PARKED,0.0,0.0,0.0,3,0.6981,3.698,0.0,0.0,0.0,0.0,0.0,0.0,0.0
70.801,apt_walk_4_features,PARKED,0.0,0.0,0.0,4,0.6069,3.688,0.0,0.0,0.0,0.0,0.0,0.0,0.0
70.902,apt_walk_4_features,PARKED,0.0,0.0,0.0,4,0.6069,3.688,0.0,0.0,0.0,0.0,0.0,0.0,0.0
71.046,apt_walk_4_features,PARKED,0.0,0.0,0.0,4,0.2927,3.71,0.0,0.0,0.0,0.0,0.0,0.0,0.0
71.109,apt_walk_4_features,PARKED,0.0,0.0,0.0,4,0.3097,3.679,0.0,0.0,0.0,0.0,0.0,0.0,0.0
71.226,apt_walk_4_features,PARKED,0.0,0.0,0.0,4,0.4574,3.695,0.0,0.0,0.0,0.0,0.0,0.0,0.0
71.301,apt_walk_4_features,PARKED,0.0,0.0,0.0,4,0.4574,3.695,0.0,0.0,0.0,0.0,0.0,0.0,0.0
71.401,apt_walk_4_features,PARKED,0.0,0.0,0.0,4,0.4574,3.695,0.0,0.0,0.0,0.0,0.0,0.0,0.0
71.501,apt_walk_4_features,PARKED,0.0,0.0,0.0,4,0.4574,3.695,0.0,0.0,0.0,0.0,0.0,0.0,0.0
71.602,apt_walk_4_features,PARKED,0.0,0.0,0.0,4,0.4574,3.695,0.0,0.0,0.0,0.0,0.0,0.0,0.0
71.713,apt_walk_4_features,PARKED,0.0,0.0,0.0,4,0.8453,3.66,0.0,0.0,0.0,0.0,0.0,0.0,0.0
71.836,apt_walk_4_features,PARKED,0.0,0.0,0.0,4,0.8453,3.66,0.0,0.0,0.0,0.0,0.0,0.0,0.0
71.921,apt_walk_4_features,PARKED,0.0,0.0,0.0,4,0.8453,3.66,0.0,0.0,0.0,0.0,0.0,0.0,0.0
72.001,apt_walk_4_features,PARKED,0.0,0.0,0.0,4,0.4604,3.593,0.0,0.0,0.0,0.0,0.0,0.0,0.0
72.126,apt_walk_4_features,PARKED,0.0,0.0,0.0,4,0.8602,3.461,0.0,0.0,0.0,0.0,0.0,0.0,0.0
72.201,apt_walk_4_features,PARKED,0.0,0.0,0.0,3,1.2759,3.262,0.0,0.0,0.0,0.0,0.0,0.0,0.0
72.302,apt_walk_4_features,PARKED,0.0,0.0,0.0,3,1.2759,3.262,0.0,0.0,0.0,0.0,0.0,0.0,0.0
72.401,apt_walk_4_features,PARKED,0.0,0.0,0.0,3,1.2759,3.262,0.0,0.0,0.0,0.0,0.0,0.0,0.0
72.501,apt_walk_4_features,PARKED,0.0,0.0,0.0,3,1.2759,3.262,0.0,0.0,0.0,0.0,0.0,0.0,0.0
72.634,apt_walk_4_features,PARKED,0.0,0.0,0.0,3,1.4091,2.753,0.0,0.0,0.0,0.0,0.0,0.0,0.0
72.709,apt_walk_4_features,PARKED,0.0,0.0,0.0,3,1.4091,2.753,0.0,0.0,0.0,0.0,0.0,0.0,0.0
72.801,apt_walk_4_features,PARKED,0.0,0.0,0.0,3,1.4091,2.753,0.0,0.0,0.0,0.0,0.0,0.0,0.0
72.901,apt_walk_4_features,PARKED,0.0,0.0,0.0,3,1.1705,2.655,0.0,0.0,0.0,0.0,0.0,0.0,0.0
73.028,apt_walk_4_features,PARKED,0.0,0.0,0.0,3,0.9778,2.412,0.0,0.0,0.0,0.0,0.0,0.0,0.0
73.101,apt_walk_4_features,PARKED,0.0,0.0,0.0,3,0.9778,2.412,0.0,0.0,0.0,0.0,0.0,0.0,0.0
73.201,apt_walk_4_features,PARKED,0.0,0.0,0.0,3,0.9559,2.2,0.0,0.0,0.0,0.0,0.0,0.0,0.0
73.301,apt_walk_4_features,PARKED,0.0,0.0,0.0,3,0.6278,2.122,0.0,0.0,0.0,0.0,0.0,0.0,0.0
73.401,apt_walk_4_features,PARKED,0.0,0.0,0.0,3,0.6278,2.122,0.0,0.0,0.0,0.0,0.0,0.0,0.0
73.545,apt_walk_4_features,PARKED,0.0,0.0,0.0,3,0.9487,1.865,0.0,0.0,0.0,0.0,0.0,0.0,0.0
73.602,apt_walk_4_features,PARKED,0.0,0.0,0.0,3,0.755,1.961,0.0,0.0,0.0,0.0,0.0,0.0,0.0
73.701,apt_walk_4_features,PARKED,0.0,0.0,0.0,3,0.755,1.961,0.0,0.0,0.0,0.0,0.0,0.0,0.0
73.802,apt_walk_4_features,PARKED,0.0,0.0,0.0,3,0.755,1.961,0.0,0.0,0.0,0.0,0.0,0.0,0.0
73.901,apt_walk_4_features,PARKED,0.0,0.0,0.0,3,0.755,1.646,0.0,0.0,0.0,0.0,0.0,0.0,0.0
74.013,apt_walk_4_features,PARKED,0.0,0.0,0.0,3,0.3566,1.558,0.0,0.0,0.0,0.0,0.0,0.0,0.0
74.102,apt_walk_4_features,PARKED,0.0,0.0,0.0,3,0.3566,1.558,0.0,0.0,0.0,0.0,0.0,0.0,0.0
74.202,apt_walk_4_features,PARKED,0.0,0.0,0.0,3,0.3566,1.558,0.0,0.0,0.0,0.0,0.0,0.0,0.0
74.318,apt_walk_4_features,PARKED,0.0,0.0,0.0,3,0.2333,1.532,0.0,0.0,0.0,0.0,0.0,0.0,0.0
74.401,apt_walk_4_features,PARKED,0.0,0.0,0.0,3,0.4231,1.571,0.0,0.0,0.0,0.0,0.0,0.0,0.0
74.501,apt_walk_4_features,PARKED,0.0,0.0,0.0,3,0.4231,1.571,0.0,0.0,0.0,0.0,0.0,0.0,0.0
74.6,apt_walk_4_features,PARKED,0.0,0.0,0.0,3,0.4231,1.571,0.0,0.0,0.0,0.0,0.0,0.0,0.0
74.701,apt_walk_4_features,PARKED,0.0,0.0,0.0,3,0.4231,1.571,0.0,0.0,0.0,0.0,0.0,0.0,0.0
74.85,apt_walk_4_features,PARKED,0.0,0.0,0.0,3,0.5454,1.653,0.0,0.0,0.0,0.0,0.0,0.0,0.0
74.911,apt_walk_4_features,PARKED,0.0,0.0,0.0,3,0.8561,1.765,0.0,0.0,0.0,0.0,0.0,0.0,0.0
75.001,apt_walk_4_features,PARKED,0.0,0.0,0.0,3,0.8561,1.765,0.0,0.0,0.0,0.0,0.0,0.0,0.0
75.115,apt_walk_4_features,PARKED,0.0,0.0,0.0,3,1.0734,1.909,0.0,0.0,0.0,0.0,0.0,0.0,0.0
75.242,apt_walk_4_features,PARKED,0.0,0.0,0.0,3,1.0734,1.909,0.0,0.0,0.0,0.0,0.0,0.0,0.0
75.337,apt_walk_4_features,PARKED,0.0,0.0,0.0,3,1.0734,1.909,0.0,0.0,0.0,0.0,0.0,0.0,0.0
75.401,apt_walk_4_features,PARKED,0.0,0.0,0.0,3,1.3701,2.263,0.0,0.0,0.0,0.0,0.0,0.0,0.0
75.502,apt_walk_4_features,PARKED,0.0,0.0,0.0,3,1.3701,2.263,0.0,0.0,0.0,0.0,0.0,0.0,0.0
75.601,apt_walk_4_features,PARKED,0.0,0.0,0.0,3,1.3701,2.263,0.0,0.0,0.0,0.0,0.0,0.0,0.0
75.701,apt_walk_4_features,PARKED,0.0,0.0,0.0,3,1.3701,2.263,0.0,0.0,0.0,0.0,0.0,0.0,0.0
75.801,apt_walk_4_features,PARKED,0.0,0.0,0.0,3,1.3701,2.263,0.0,0.0,0.0,0.0,0.0,0.0,0.0
75.901,apt_walk_4_features,PARKED,0.0,0.0,0.0,3,1.1409,2.533,0.0,0.0,0.0,0.0,0.0,0.0,0.0
76.001,apt_walk_4_features,PARKED,0.0,0.0,0.0,3,1.4279,2.75,0.0,0.0,0.0,0.0,0.0,0.0,0.0
76.144,apt_walk_4_features,PARKED,0.0,0.0,0.0,3,1.4279,2.75,0.0,0.0,0.0,0.0,0.0,0.0,0.0
76.215,apt_walk_4_features,PARKED,0.0,0.0,0.0,3,1.4279,2.75,0.0,0.0,0.0,0.0,0.0,0.0,0.0
76.331,apt_walk_4_features,PARKED,0.0,0.0,0.0,3,1.1373,3.05,0.0,0.0,0.0,0.0,0.0,0.0,0.0
76.45,apt_walk_4_features,PARKED,0.0,0.0,0.0,3,0.82,3.196,0.0,0.0,0.0,0.0,0.0,0.0,0.0
76.501,apt_walk_4_features,PARKED,0.0,0.0,0.0,3,0.82,3.196,0.0,0.0,0.0,0.0,0.0,0.0,0.0
76.601,apt_walk_4_features,PARKED,0.0,0.0,0.0,3,0.82,3.196,0.0,0.0,0.0,0.0,0.0,0.0,0.0
76.701,apt_walk_4_features,PARKED,0.0,0.0,0.0,3,0.82,3.196,0.0,0.0,0.0,0.0,0.0,0.0,0.0
76.827,apt_walk_4_features,PARKED,0.0,0.0,0.0,4,0.759,3.508,0.0,0.0,0.0,0.0,0.0,0.0,0.0
76.901,apt_walk_4_features,PARKED,0.0,0.0,0.0,3,1.1449,3.658,0.0,0.0,0.0,0.0,0.0,0.0,0.0
77.001,apt_walk_4_features,PARKED,0.0,0.0,0.0,3,1.1449,3.658,0.0,0.0,0.0,0.0,0.0,0.0,0.0
77.127,apt_walk_4_features,PARKED,0.0,0.0,0.0,3,1.1449,3.658,0.0,0.0,0.0,0.0,0.0,0.0,0.0
77.203,apt_walk_4_features,PARKED,0.0,0.0,0.0,3,1.017,3.647,0.0,0.0,0.0,0.0,0.0,0.0,0.0
77.328,apt_walk_4_features,PARKED,0.0,0.0,0.0,3,1.2168,3.662,0.0,0.0,0.0,0.0,0.0,0.0,0.0
77.402,apt_walk_4_features,PARKED,0.0,0.0,0.0,3,1.2168,3.662,0.0,0.0,0.0,0.0,0.0,0.0,0.0
77.501,apt_walk_4_features,PARKED,0.0,0.0,0.0,3,1.2168,3.662,0.0,0.0,0.0,0.0,0.0,0.0,0.0
77.601,apt_walk_4_features,PARKED,0.0,0.0,0.0,3,1.2168,3.662,0.0,0.0,0.0,0.0,0.0,0.0,0.0
77.701,apt_walk_4_features,PARKED,0.0,0.0,0.0,3,1.2168,3.662,0.0,0.0,0.0,0.0,0.0,0.0,0.0
77.801,apt_walk_4_features,PARKED,0.0,0.0,0.0,3,1.2168,3.662,0.0,0.0,0.0,0.0,0.0,0.0,0.0
77.947,apt_walk_4_features,PARKED,0.0,0.0,0.0,4,0.4519,3.665,0.0,0.0,0.0,0.0,0.0,0.0,0.0
78.008,apt_walk_4_features,PARKED,0.0,0.0,0.0,4,0.4519,3.665,0.0,0.0,0.0,0.0,0.0,0.0,0.0
78.101,apt_walk_4_features,PARKED,0.0,0.0,0.0,4,0.4519,3.665,0.0,0.0,0.0,0.0,0.0,0.0,0.0
78.207,apt_walk_4_features,PARKED,0.0,0.0,0.0,4,0.4006,3.665,0.0,0.0,0.0,0.0,0.0,0.0,0.0
78.33,apt_walk_4_features,PARKED,0.0,0.0,0.0,4,0.5639,3.664,0.0,0.0,0.0,0.0,0.0,0.0,0.0
78.401,apt_walk_4_features,PARKED,0.0,0.0,0.0,4,0.4519,3.712,0.0,0.0,0.0,0.0,0.0,0.0,0.0
78.502,apt_walk_4_features,PARKED,0.0,0.0,0.0,4,0.4519,3.712,0.0,0.0,0.0,0.0,0.0,0.0,0.0
78.602,apt_walk_4_features,PARKED,0.0,0.0,0.0,4,0.4519,3.712,0.0,0.0,0.0,0.0,0.0,0.0,0.0
78.701,apt_walk_4_features,PARKED,0.0,0.0,0.0,4,0.4519,3.712,0.0,0.0,0.0,0.0,0.0,0.0,0.0
78.802,apt_walk_4_features,PARKED,0.0,0.0,0.0,4,0.7142,3.66,0.0,0.0,0.0,0.0,0.0,0.0,0.0
78.915,apt_walk_4_features,PARKED,0.0,0.0,0.0,4,0.7142,3.66,0.0,0.0,0.0,0.0,0.0,0.0,0.0
79.047,apt_walk_4_features,PARKED,0.0,0.0,0.0,4,0.7102,3.661,0.0,0.0,0.0,0.0,0.0,0.0,0.0
79.125,apt_walk_4_features,PARKED,0.0,0.0,0.0,4,0.7102,3.661,0.0,0.0,0.0,0.0,0.0,0.0,0.0
79.203,apt_walk_4_features,PARKED,0.0,0.0,0.0,4,0.6248,3.354,0.0,0.0,0.0,0.0,0.0,0.0,0.0
79.31,apt_walk_4_features,PARKED,0.0,0.0,0.0,4,0.6248,3.354,0.0,0.0,0.0,0.0,0.0,0.0,0.0
79.434,apt_walk_4_features,PARKED,0.0,0.0,0.0,4,0.6357,3.117,0.0,0.0,0.0,0.0,0.0,0.0,0.0
79.524,apt_walk_4_features,PARKED,0.0,0.0,0.0,4,0.6357,3.117,0.0,0.0,0.0,0.0,0.0,0.0,0.0
79.65,apt_walk_4_features,PARKED,0.0,0.0,0.0,4,0.6757,3.08,0.0,0.0,0.0,0.0,0.0,0.0,0.0
79.701,apt_walk_4_features,PARKED,0.0,0.0,0.0,4,0.6757,3.08,0.0,0.0,0.0,0.0,0.0,0.0,0.0
79.846,apt_walk_4_features,PARKED,0.0,0.0,0.0,4,0.9442,2.75,0.0,0.0,0.0,0.0,0.0,0.0,0.0
79.901,apt_walk_4_features,PARKED,0.0,0.0,0.0,4,0.9442,2.75,0.0,0.0,0.0,0.0,0.0,0.0,0.0
80.001,apt_walk_4_features,PARKED,0.0,0.0,0.0,3,0.6841,2.645,0.0,0.0,0.0,0.0,0.0,0.0,0.0
80.101,apt_walk_4_features,PARKED,0.0,0.0,0.0,3,0.6841,2.645,0.0,0.0,0.0,0.0,0.0,0.0,0.0
80.202,apt_walk_4_features,PARKED,0.0,0.0,0.0,4,0.8498,2.539,0.0,0.0,0.0,0.0,0.0,0.0,0.0
80.312,apt_walk_4_features,PARKED,0.0,0.0,0.0,4,0.8352,2.281,0.0,0.0,0.0,0.0,0.0,0.0,0.0
80.401,apt_walk_4_features,PARKED,0.0,0.0,0.0,3,0.8921,2.165,0.0,0.0,0.0,0.0,0.0,0.0,0.0
80.501,apt_walk_4_features,PARKED,0.0,0.0,0.0,3,0.8921,2.165,0.0,0.0,0.0,0.0,0.0,0.0,0.0
80.601,apt_walk_4_features,PARKED,0.0,0.0,0.0,3,0.8921,2.165,0.0,0.0,0.0,0.0,0.0,0.0,0.0
80.701,apt_walk_4_features,PARKED,0.0,0.0,0.0,3,0.8921,2.165,0.0,0.0,0.0,0.0,0.0,0.0,0.0
80.801,apt_walk_4_features,PARKED,0.0,0.0,0.0,3,0.8921,2.165,0.0,0.0,0.0,0.0,0.0,0.0,0.0
80.928,apt_walk_4_features,PARKED,0.0,0.0,0.0,3,0.8603,1.686,0.0,0.0,0.0,0.0,0.0,0.0,0.0
81.001,apt_walk_4_features,PARKED,0.0,0.0,0.0,3,0.8603,1.686,0.0,0.0,0.0,0.0,0.0,0.0,0.0
81.104,apt_walk_4_features,PARKED,0.0,0.0,0.0,4,0.577,1.644,0.0,0.0,0.0,0.0,0.0,0.0,0.0
81.202,apt_walk_4_features,PARKED,0.0,0.0,0.0,4,0.577,1.644,0.0,0.0,0.0,0.0,0.0,0.0,0.0
81.345,apt_walk_4_features,PARKED,0.0,0.0,0.0,4,0.5609,1.551,0.0,0.0,0.0,0.0,0.0,0.0,0.0
81.412,apt_walk_4_features,PARKED,0.0,0.0,0.0,4,0.5609,1.551,0.0,0.0,0.0,0.0,0.0,0.0,0.0
81.501,apt_walk_4_features,PARKED,0.0,0.0,0.0,4,0.261,1.799,0.0,0.0,0.0,0.0,0.0,0.0,0.0
81.601,apt_walk_4_features,PARKED,0.0,0.0,0.0,4,0.261,1.799,0.0,0.0,0.0,0.0,0.0,0.0,0.0
81.702,apt_walk_4_features,PARKED,0.0,0.0,0.0,4,0.261,1.799,0.0,0.0,0.0,0.0,0.0,0.0,0.0
81.801,apt_walk_4_features,PARKED,0.0,0.0,0.0,4,0.261,1.799,0.0,0.0,0.0,0.0,0.0,0.0,0.0
81.911,apt_walk_4_features,PARKED,0.0,0.0,0.0,4,0.3373,1.74,0.0,0.0,0.0,0.0,0.0,0.0,0.0
82.001,apt_walk_4_features,PARKED,0.0,0.0,0.0,4,0.3373,1.74,0.0,0.0,0.0,0.0,0.0,0.0,0.0
82.101,apt_walk_4_features,PARKED,0.0,0.0,0.0,4,0.3373,1.74,0.0,0.0,0.0,0.0,0.0,0.0,0.0
82.201,apt_walk_4_features,PARKED,0.0,0.0,0.0,4,0.3373,1.74,0.0,0.0,0.0,0.0,0.0,0.0,0.0
82.311,apt_walk_4_features,PARKED,0.0,0.0,0.0,3,0.7332,2.043,0.0,0.0,0.0,0.0,0.0,0.0,0.0
82.43,apt_walk_4_features,PARKED,0.0,0.0,0.0,3,0.7648,2.195,0.0,0.0,0.0,0.0,0.0,0.0,0.0
82.516,apt_walk_4_features,PARKED,0.0,0.0,0.0,3,0.7648,2.195,0.0,0.0,0.0,0.0,0.0,0.0,0.0
82.614,apt_walk_4_features,PARKED,0.0,0.0,0.0,3,0.7648,2.195,0.0,0.0,0.0,0.0,0.0,0.0,0.0
82.701,apt_walk_4_features,PARKED,0.0,0.0,0.0,3,0.7648,2.195,0.0,0.0,0.0,0.0,0.0,0.0,0.0
82.849,apt_walk_4_features,PARKED,0.0,0.0,0.0,3,0.5197,2.628,0.0,0.0,0.0,0.0,0.0,0.0,0.0
82.91,apt_walk_4_features,PARKED,0.0,0.0,0.0,3,0.5197,2.628,0.0,0.0,0.0,0.0,0.0,0.0,0.0
83.018,apt_walk_4_features,PARKED,0.0,0.0,0.0,3,0.5197,2.628,0.0,0.0,0.0,0.0,0.0,0.0,0.0
83.137,apt_walk_4_features,PARKED,0.0,0.0,0.0,3,0.3446,2.716,0.0,0.0,0.0,0.0,0.0,0.0,0.0
83.218,apt_walk_4_features,PARKED,0.0,0.0,0.0,3,0.3446,2.716,0.0,0.0,0.0,0.0,0.0,0.0,0.0
83.337,apt_walk_4_features,PARKED,0.0,0.0,0.0,3,0.6639,2.99,0.0,0.0,0.0,0.0,0.0,0.0,0.0
83.401,apt_walk_4_features,PARKED,0.0,0.0,0.0,3,1.0269,3.307,0.0,0.0,0.0,0.0,0.0,0.0,0.0
83.501,apt_walk_4_features,PARKED,0.0,0.0,0.0,3,1.0269,3.307,0.0,0.0,0.0,0.0,0.0,0.0,0.0
83.601,apt_walk_4_features,PARKED,0.0,0.0,0.0,3,1.0269,3.307,0.0,0.0,0.0,0.0,0.0,0.0,0.0
83.718,apt_walk_4_features,PARKED,0.0,0.0,0.0,3,0.5575,3.53,0.0,0.0,0.0,0.0,0.0,0.0,0.0
83.827,apt_walk_4_features,PARKED,0.0,0.0,0.0,4,0.389,3.451,0.0,0.0,0.0,0.0,0.0,0.0,0.0
83.901,apt_walk_4_features,PARKED,0.0,0.0,0.0,4,0.389,3.451,0.0,0.0,0.0,0.0,0.0,0.0,0.0
84.047,apt_walk_4_features,PARKED,0.0,0.0,0.0,3,0.739,3.638,0.0,0.0,0.0,0.0,0.0,0.0,0.0
84.101,apt_walk_4_features,PARKED,0.0,0.0,0.0,3,0.739,3.638,0.0,0.0,0.0,0.0,0.0,0.0,0.0
84.226,apt_walk_4_features,PARKED,0.0,0.0,0.0,4,1.1117,3.686,0.0,0.0,0.0,0.0,0.0,0.0,0.0
84.301,apt_walk_4_features,PARKED,0.0,0.0,0.0,4,0.8216,3.688,0.0,0.0,0.0,0.0,0.0,0.0,0.0
84.401,apt_walk_4_features,PARKED,0.0,0.0,0.0,4,0.8216,3.688,0.0,0.0,0.0,0.0,0.0,0.0,0.0
84.501,apt_walk_4_features,PARKED,0.0,0.0,0.0,4,0.8216,3.688,0.0,0.0,0.0,0.0,0.0,0.0,0.0
84.639,apt_walk_4_features,PARKED,0.0,0.0,0.0,4,0.8216,3.688,0.0,0.0,0.0,0.0,0.0,0.0,0.0
84.702,apt_walk_4_features,PARKED,0.0,0.0,0.0,4,0.6885,3.651,0.0,0.0,0.0,0.0,0.0,0.0,0.0
84.834,apt_walk_4_features,PARKED,0.0,0.0,0.0,4,0.9432,3.728,0.0,0.0,0.0,0.0,0.0,0.0,0.0
84.918,apt_walk_4_features,PARKED,0.0,0.0,0.0,4,0.9432,3.728,0.0,0.0,0.0,0.0,0.0,0.0,0.0
85.002,apt_walk_4_features,PARKED,0.0,0.0,0.0,4,1.1312,3.679,0.0,0.0,0.0,0.0,0.0,0.0,0.0
85.13,apt_walk_4_features,PARKED,0.0,0.0,0.0,4,1.0519,3.677,0.0,0.0,0.0,0.0,0.0,0.0,0.0
85.245,apt_walk_4_features,PARKED,0.0,0.0,0.0,4,1.0277,3.71,0.0,0.0,0.0,0.0,0.0,0.0,0.0
85.309,apt_walk_4_features,PARKED,0.0,0.0,0.0,4,1.0277,3.71,0.0,0.0,0.0,0.0,0.0,0.0,0.0
85.407,apt_walk_4_features,PARKED,0.0,0.0,0.0,4,1.0277,3.71,0.0,0.0,0.0,0.0,0.0,0.0,0.0
85.502,apt_walk_4_features,PARKED,0.0,0.0,0.0,4,1.0277,3.71,0.0,0.0,0.0,0.0,0.0,0.0,0.0
85.616,apt_walk_4_features,PARKED,0.0,0.0,0.0,4,0.5512,3.641,0.0,0.0,0.0,0.0,0.0,0.0,0.0
85.738,apt_walk_4_features,PARKED,0.0,0.0,0.0,4,0.6838,3.675,0.0,0.0,0.0,0.0,0.0,0.0,0.0
85.801,apt_walk_4_features,PARKED,0.0,0.0,0.0,4,0.6838,3.675,0.0,0.0,0.0,0.0,0.0,0.0,0.0
85.901,apt_walk_4_features,PARKED,0.0,0.0,0.0,4,0.6838,3.675,0.0,0.0,0.0,0.0,0.0,0.0,0.0
86.001,apt_walk_4_features,PARKED,0.0,0.0,0.0,4,0.6838,3.675,0.0,0.0,0.0,0.0,0.0,0.0,0.0
86.103,apt_walk_4_features,PARKED,0.0,0.0,0.0,5,1.1572,3.564,0.0,0.0,0.0,0.0,0.0,0.0,0.0
86.216,apt_walk_4_features,PARKED,0.0,0.0,0.0,4,1.3142,3.498,0.0,0.0,0.0,0.0,0.0,0.0,0.0
86.315,apt_walk_4_features,PARKED,0.0,0.0,0.0,4,1.3142,3.498,0.0,0.0,0.0,0.0,0.0,0.0,0.0
86.401,apt_walk_4_features,PARKED,0.0,0.0,0.0,4,1.3142,3.498,0.0,0.0,0.0,0.0,0.0,0.0,0.0
86.53,apt_walk_4_features,PARKED,0.0,0.0,0.0,4,1.7446,3.255,0.0,0.0,0.0,0.0,0.0,0.0,0.0
86.642,apt_walk_4_features,PARKED,0.0,0.0,0.0,5,1.7687,3.1,0.0,0.0,0.0,0.0,0.0,0.0,0.0
86.748,apt_walk_4_features,PARKED,0.0,0.0,0.0,4,1.7687,2.902,0.0,0.0,0.0,0.0,0.0,0.0,0.0
86.802,apt_walk_4_features,PARKED,0.0,0.0,0.0,4,1.7687,2.902,0.0,0.0,0.0,0.0,0.0,0.0,0.0
86.901,apt_walk_4_features,PARKED,0.0,0.0,0.0,4,1.7687,2.902,0.0,0.0,0.0,0.0,0.0,0.0,0.0
87.041,apt_walk_4_features,PARKED,0.0,0.0,0.0,3,0.6807,2.455,0.0,0.0,0.0,0.0,0.0,0.0,0.0
87.105,apt_walk_4_features,PARKED,0.0,0.0,0.0,3,0.6807,2.455,0.0,0.0,0.0,0.0,0.0,0.0,0.0
87.221,apt_walk_4_features,PARKED,0.0,0.0,0.0,3,0.9644,2.329,0.0,0.0,0.0,0.0,0.0,0.0,0.0
87.301,apt_walk_4_features,PARKED,0.0,0.0,0.0,3,0.9644,2.329,0.0,0.0,0.0,0.0,0.0,0.0,0.0
87.412,apt_walk_4_features,PARKED,0.0,0.0,0.0,4,0.9715,2.044,0.0,0.0,0.0,0.0,0.0,0.0,0.0
87.501,apt_walk_4_features,PARKED,0.0,0.0,0.0,4,0.9885,2.034,0.0,0.0,0.0,0.0,0.0,0.0,0.0
87.619,apt_walk_4_features,PARKED,0.0,0.0,0.0,4,0.7369,1.951,0.0,0.0,0.0,0.0,0.0,0.0,0.0
87.729,apt_walk_4_features,PARKED,0.0,0.0,0.0,3,1.0417,1.845,0.0,0.0,0.0,0.0,0.0,0.0,0.0
87.802,apt_walk_4_features,PARKED,0.0,0.0,0.0,3,0.8505,1.772,0.0,0.0,0.0,0.0,0.0,0.0,0.0
87.901,apt_walk_4_features,PARKED,0.0,0.0,0.0,3,0.8505,1.772,0.0,0.0,0.0,0.0,0.0,0.0,0.0
88.001,apt_walk_4_features,PARKED,0.0,0.0,0.0,3,0.8505,1.772,0.0,0.0,0.0,0.0,0.0,0.0,0.0
88.101,apt_walk_4_features,PARKED,0.0,0.0,0.0,3,0.8505,1.772,0.0,0.0,0.0,0.0,0.0,0.0,0.0
88.229,apt_walk_4_features,PARKED,0.0,0.0,0.0,3,0.2324,1.624,0.0,0.0,0.0,0.0,0.0,0.0,0.0
88.301,apt_walk_4_features,PARKED,0.0,0.0,0.0,3,0.2324,1.624,0.0,0.0,0.0,0.0,0.0,0.0,0.0
88.401,apt_walk_4_features,PARKED,0.0,0.0,0.0,3,0.2324,1.624,0.0,0.0,0.0,0.0,0.0,0.0,0.0
88.524,apt_walk_4_features,PARKED,0.0,0.0,0.0,3,0.2324,1.624,0.0,0.0,0.0,0.0,0.0,0.0,0.0
88.641,apt_walk_4_features,PARKED,0.0,0.0,0.0,3,0.276,1.64,0.0,0.0,0.0,0.0,0.0,0.0,0.0
88.705,apt_walk_4_features,PARKED,0.0,0.0,0.0,3,0.4543,1.678,0.0,0.0,0.0,0.0,0.0,0.0,0.0
88.801,apt_walk_4_features,PARKED,0.0,0.0,0.0,3,0.4543,1.678,0.0,0.0,0.0,0.0,0.0,0.0,0.0
88.901,apt_walk_4_features,PARKED,0.0,0.0,0.0,3,0.4543,1.678,0.0,0.0,0.0,0.0,0.0,0.0,0.0
89.034,apt_walk_4_features,PARKED,0.0,0.0,0.0,3,0.7084,1.98,0.0,0.0,0.0,0.0,0.0,0.0,0.0
89.149,apt_walk_4_features,PARKED,0.0,0.0,0.0,3,0.7184,2.07,0.0,0.0,0.0,0.0,0.0,0.0,0.0
89.202,apt_walk_4_features,PARKED,0.0,0.0,0.0,3,0.7184,2.07,0.0,0.0,0.0,0.0,0.0,0.0,0.0
89.301,apt_walk_4_features,PARKED,0.0,0.0,0.0,3,0.6603,2.16,0.0,0.0,0.0,0.0,0.0,0.0,0.0
89.417,apt_walk_4_features,PARKED,0.0,0.0,0.0,3,0.6603,2.16,0.0,0.0,0.0,0.0,0.0,0.0,0.0
89.544,apt_walk_4_features,PARKED,0.0,0.0,0.0,3,0.6619,2.313,0.0,0.0,0.0,0.0,0.0,0.0,0.0
89.601,apt_walk_4_features,PARKED,0.0,0.0,0.0,3,0.9905,2.453,0.0,0.0,0.0,0.0,0.0,0.0,0.0
89.74,apt_walk_4_features,PARKED,0.0,0.0,0.0,3,0.7591,2.576,0.0,0.0,0.0,0.0,0.0,0.0,0.0
89.823,apt_walk_4_features,PARKED,0.0,0.0,0.0,3,0.7591,2.576,0.0,0.0,0.0,0.0,0.0,0.0,0.0
89.911,apt_walk_4_features,PARKED,0.0,0.0,0.0,3,0.7591,2.576,0.0,0.0,0.0,0.0,0.0,0.0,0.0
90.014,apt_walk_4_features,PARKED,0.0,0.0,0.0,3,1.4032,2.982,0.0,0.0,0.0,0.0,0.0,0.0,0.0
90.13,apt_walk_4_features,PARKED,0.0,0.0,0.0,3,1.0585,3.07,0.0,0.0,0.0,0.0,0.0,0.0,0.0
90.234,apt_walk_4_features,PARKED,0.0,0.0,0.0,3,1.0585,3.07,0.0,0.0,0.0,0.0,0.0,0.0,0.0
90.302,apt_walk_4_features,PARKED,0.0,0.0,0.0,3,1.0585,3.07,0.0,0.0,0.0,0.0,0.0,0.0,0.0
90.45,apt_walk_4_features,PARKED,0.0,0.0,0.0,3,0.8815,3.462,0.0,0.0,0.0,0.0,0.0,0.0,0.0
90.509,apt_walk_4_features,PARKED,0.0,0.0,0.0,3,0.8815,3.462,0.0,0.0,0.0,0.0,0.0,0.0,0.0
90.628,apt_walk_4_features,PARKED,0.0,0.0,0.0,3,1.1224,3.65,0.0,0.0,0.0,0.0,0.0,0.0,0.0
90.702,apt_walk_4_features,PARKED,0.0,0.0,0.0,3,1.1224,3.65,0.0,0.0,0.0,0.0,0.0,0.0,0.0
90.802,apt_walk_4_features,PARKED,0.0,0.0,0.0,3,1.1224,3.65,0.0,0.0,0.0,0.0,0.0,0.0,0.0
90.91,apt_walk_4_features,PARKED,0.0,0.0,0.0,3,0.6488,3.683,0.0,0.0,0.0,0.0,0.0,0.0,0.0
91.001,apt_walk_4_features,PARKED,0.0,0.0,0.0,3,0.6488,3.683,0.0,0.0,0.0,0.0,0.0,0.0,0.0
91.102,apt_walk_4_features,PARKED,0.0,0.0,0.0,3,0.8685,3.727,0.0,0.0,0.0,0.0,0.0,0.0,0.0
91.201,apt_walk_4_features,PARKED,0.0,0.0,0.0,4,0.5822,3.662,0.0,0.0,0.0,0.0,0.0,0.0,0.0
91.332,apt_walk_4_features,PARKED,0.0,0.0,0.0,4,0.5822,3.662,0.0,0.0,0.0,0.0,0.0,0.0,0.0
91.451,apt_walk_4_features,PARKED,0.0,0.0,0.0,4,0.6837,3.643,0.0,0.0,0.0,0.0,0.0,0.0,0.0
91.512,apt_walk_4_features,PARKED,0.0,0.0,0.0,4,0.4978,3.697,0.0,0.0,0.0,0.0,0.0,0.0,0.0
91.63,apt_walk_4_features,PARKED,0.0,0.0,0.0,4,0.4978,3.697,0.0,0.0,0.0,0.0,0.0,0.0,0.0
91.72,apt_walk_4_features,PARKED,0.0,0.0,0.0,4,0.4978,3.697,0.0,0.0,0.0,0.0,0.0,0.0,0.0
91.851,apt_walk_4_features,PARKED,0.0,0.0,0.0,3,0.6438,3.72,0.0,0.0,0.0,0.0,0.0,0.0,0.0
91.907,apt_walk_4_features,PARKED,0.0,0.0,0.0,3,0.6438,3.72,0.0,0.0,0.0,0.0,0.0,0.0,0.0
92.001,apt_walk_4_features,PARKED,0.0,0.0,0.0,3,0.7102,3.722,0.0,0.0,0.0,0.0,0.0,0.0,0.0
92.101,apt_walk_4_features,PARKED,0.0,0.0,0.0,3,0.7102,3.722,0.0,0.0,0.0,0.0,0.0,0.0,0.0
92.201,apt_walk_4_features,PARKED,0.0,0.0,0.0,3,0.7102,3.722,0.0,0.0,0.0,0.0,0.0,0.0,0.0
92.301,apt_walk_4_features,PARKED,0.0,0.0,0.0,4,0.5367,3.728,0.0,0.0,0.0,0.0,0.0,0.0,0.0
92.414,apt_walk_4_features,PARKED,0.0,0.0,0.0,4,0.7777,3.691,0.0,0.0,0.0,0.0,0.0,0.0,0.0
92.531,apt_walk_4_features,PARKED,0.0,0.0,0.0,4,0.3866,3.747,0.0,0.0,0.0,0.0,0.0,0.0,0.0
92.632,apt_walk_4_features,PARKED,0.0,0.0,0.0,4,0.3866,3.747,0.0,0.0,0.0,0.0,0.0,0.0,0.0
92.71,apt_walk_4_features,PARKED,0.0,0.0,0.0,4,0.3866,3.747,0.0,0.0,0.0,0.0,0.0,0.0,0.0
92.805,apt_walk_4_features,PARKED,0.0,0.0,0.0,4,0.3866,3.747,0.0,0.0,0.0,0.0,0.0,0.0,0.0
92.928,apt_walk_4_features,PARKED,0.0,0.0,0.0,4,0.7109,3.617,0.0,0.0,0.0,0.0,0.0,0.0,0.0
93.001,apt_walk_4_features,PARKED,0.0,0.0,0.0,4,0.7109,3.557,0.0,0.0,0.0,0.0,0.0,0.0,0.0
93.101,apt_walk_4_features,PARKED,0.0,0.0,0.0,4,0.7109,3.557,0.0,0.0,0.0,0.0,0.0,0.0,0.0
93.202,apt_walk_4_features,PARKED,0.0,0.0,0.0,4,0.7109,3.557,0.0,0.0,0.0,0.0,0.0,0.0,0.0
93.301,apt_walk_4_features,PARKED,0.0,0.0,0.0,4,0.7109,3.557,0.0,0.0,0.0,0.0,0.0,0.0,0.0
93.446,apt_walk_4_features,PARKED,0.0,0.0,0.0,4,0.7109,3.162,0.0,0.0,0.0,0.0,0.0,0.0,0.0
93.501,apt_walk_4_features,PARKED,0.0,0.0,0.0,4,0.7109,3.162,0.0,0.0,0.0,0.0,0.0,0.0,0.0
93.601,apt_walk_4_features,PARKED,0.0,0.0,0.0,5,0.9321,2.977,0.0,0.0,0.0,0.0,0.0,0.0,0.0
93.724,apt_walk_4_features,PARKED,0.0,0.0,0.0,5,0.9321,2.977,0.0,0.0,0.0,0.0,0.0,0.0,0.0
93.847,apt_walk_4_features,PARKED,0.0,0.0,0.0,4,0.7108,2.643,0.0,0.0,0.0,0.0,0.0,0.0,0.0
93.911,apt_walk_4_features,PARKED,0.0,0.0,0.0,4,0.993,2.482,0.0,0.0,0.0,0.0,0.0,0.0,0.0
94.001,apt_walk_4_features,PARKED,0.0,0.0,0.0,4,0.993,2.482,0.0,0.0,0.0,0.0,0.0,0.0,0.0
94.103,apt_walk_4_features,PARKED,0.0,0.0,0.0,4,0.993,2.482,0.0,0.0,0.0,0.0,0.0,0.0,0.0
94.202,apt_walk_4_features,PARKED,0.0,0.0,0.0,4,0.993,2.482,0.0,0.0,0.0,0.0,0.0,0.0,0.0
94.301,apt_walk_4_features,PARKED,0.0,0.0,0.0,3,0.784,2.033,0.0,0.0,0.0,0.0,0.0,0.0,0.0
94.411,apt_walk_4_features,PARKED,0.0,0.0,0.0,3,0.784,2.033,0.0,0.0,0.0,0.0,0.0,0.0,0.0
94.508,apt_walk_4_features,PARKED,0.0,0.0,0.0,3,0.784,2.033,0.0,0.0,0.0,0.0,0.0,0.0,0.0
94.601,apt_walk_4_features,PARKED,0.0,0.0,0.0,3,0.784,2.033,0.0,0.0,0.0,0.0,0.0,0.0,0.0
94.741,apt_walk_4_features,PARKED,0.0,0.0,0.0,3,0.745,1.777,0.0,0.0,0.0,0.0,0.0,0.0,0.0
94.805,apt_walk_4_features,PARKED,0.0,0.0,0.0,3,0.745,1.777,0.0,0.0,0.0,0.0,0.0,0.0,0.0
94.901,apt_walk_4_features,PARKED,0.0,0.0,0.0,3,0.5108,1.7,0.0,0.0,0.0,0.0,0.0,0.0,0.0
95.002,apt_walk_4_features,PARKED,0.0,0.0,0.0,3,0.5108,1.7,0.0,0.0,0.0,0.0,0.0,0.0,0.0
95.101,apt_walk_4_features,PARKED,0.0,0.0,0.0,3,0.5108,1.7,0.0,0.0,0.0,0.0,0.0,0.0,0.0
95.202,apt_walk_4_features,PARKED,0.0,0.0,0.0,3,0.5108,1.7,0.0,0.0,0.0,0.0,0.0,0.0,0.0
95.327,apt_walk_4_features,PARKED,0.0,0.0,0.0,3,0.3467,1.551,0.0,0.0,0.0,0.0,0.0,0.0,0.0
95.432,apt_walk_4_features,PARKED,0.0,0.0,0.0,3,0.3467,1.551,0.0,0.0,0.0,0.0,0.0,0.0,0.0
95.533,apt_walk_4_features,PARKED,0.0,0.0,0.0,3,0.3467,1.551,0.0,0.0,0.0,0.0,0.0,0.0,0.0
95.61,apt_walk_4_features,PARKED,0.0,0.0,0.0,3,0.3467,1.551,0.0,0.0,0.0,0.0,0.0,0.0,0.0
95.727,apt_walk_4_features,PARKED,0.0,0.0,0.0,3,0.2735,1.601,0.0,0.0,0.0,0.0,0.0,0.0,0.0
95.801,apt_walk_4_features,PARKED,0.0,0.0,0.0,3,0.5772,1.69,0.0,0.0,0.0,0.0,0.0,0.0,0.0
95.926,apt_walk_4_features,PARKED,0.0,0.0,0.0,3,0.5772,1.69,0.0,0.0,0.0,0.0,0.0,0.0,0.0
96.042,apt_walk_4_features,PARKED,0.0,0.0,0.0,3,0.8257,1.858,0.0,0.0,0.0,0.0,0.0,0.0,0.0
96.101,apt_walk_4_features,PARKED,0.0,0.0,0.0,3,0.8257,1.858,0.0,0.0,0.0,0.0,0.0,0.0,0.0
96.201,apt_walk_4_features,PARKED,0.0,0.0,0.0,3,0.6647,2.099,0.0,0.0,0.0,0.0,0.0,0.0,0.0
96.301,apt_walk_4_features,PARKED,0.0,0.0,0.0,3,0.6647,2.099,0.0,0.0,0.0,0.0,0.0,0.0,0.0
96.402,apt_walk_4_features,PARKED,0.0,0.0,0.0,3,0.6647,2.099,0.0,0.0,0.0,0.0,0.0,0.0,0.0
96.536,apt_walk_4_features,PARKED,0.0,0.0,0.0,3,0.3551,2.171,0.0,0.0,0.0,0.0,0.0,0.0,0.0
96.649,apt_walk_4_features,PARKED,0.0,0.0,0.0,3,0.3828,2.5,0.0,0.0,0.0,0.0,0.0,0.0,0.0
96.704,apt_walk_4_features,PARKED,0.0,0.0,0.0,3,0.6705,2.642,0.0,0.0,0.0,0.0,0.0,0.0,0.0
96.804,apt_walk_4_features,PARKED,0.0,0.0,0.0,3,0.6705,2.642,0.0,0.0,0.0,0.0,0.0,0.0,0.0
96.901,apt_walk_4_features,PARKED,0.0,0.0,0.0,3,0.6705,2.642,0.0,0.0,0.0,0.0,0.0,0.0,0.0
97.024,apt_walk_4_features,PARKED,0.0,0.0,0.0,3,0.9545,3.008,0.0,0.0,0.0,0.0,0.0,0.0,0.0
97.1,apt_walk_4_features,PARKED,0.0,0.0,0.0,3,0.9545,3.008,0.0,0.0,0.0,0.0,0.0,0.0,0.0
97.201,apt_walk_4_features,PARKED,0.0,0.0,0.0,3,0.9545,3.008,0.0,0.0,0.0,0.0,0.0,0.0,0.0
97.301,apt_walk_4_features,PARKED,0.0,0.0,0.0,3,0.9545,3.008,0.0,0.0,0.0,0.0,0.0,0.0,0.0
97.401,apt_walk_4_features,PARKED,0.0,0.0,0.0,3,0.9545,3.008,0.0,0.0,0.0,0.0,0.0,0.0,0.0
97.501,apt_walk_4_features,PARKED,0.0,0.0,0.0,3,0.6711,3.29,0.0,0.0,0.0,0.0,0.0,0.0,0.0
97.61,apt_walk_4_features,PARKED,0.0,0.0,0.0,3,0.6711,3.479,0.0,0.0,0.0,0.0,0.0,0.0,0.0
97.702,apt_walk_4_features,PARKED,0.0,0.0,0.0,3,0.6711,3.479,0.0,0.0,0.0,0.0,0.0,0.0,0.0
97.802,apt_walk_4_features,PARKED,0.0,0.0,0.0,3,0.974,3.62,0.0,0.0,0.0,0.0,0.0,0.0,0.0
97.915,apt_walk_4_features,PARKED,0.0,0.0,0.0,3,0.974,3.62,0.0,0.0,0.0,0.0,0.0,0.0,0.0
98.002,apt_walk_4_features,PARKED,0.0,0.0,0.0,3,0.974,3.62,0.0,0.0,0.0,0.0,0.0,0.0,0.0
98.102,apt_walk_4_features,PARKED,0.0,0.0,0.0,4,0.6518,3.627,0.0,0.0,0.0,0.0,0.0,0.0,0.0
98.201,apt_walk_4_features,PARKED,0.0,0.0,0.0,4,0.6518,3.627,0.0,0.0,0.0,0.0,0.0,0.0,0.0
98.301,apt_walk_4_features,PARKED,0.0,0.0,0.0,4,0.6518,3.627,0.0,0.0,0.0,0.0,0.0,0.0,0.0
98.436,apt_walk_4_features,PARKED,0.0,0.0,0.0,4,0.8333,3.718,0.0,0.0,0.0,0.0,0.0,0.0,0.0
98.501,apt_walk_4_features,PARKED,0.0,0.0,0.0,4,0.8333,3.718,0.0,0.0,0.0,0.0,0.0,0.0,0.0
98.601,apt_walk_4_features,PARKED,0.0,0.0,0.0,5,0.4122,3.691,0.0,0.0,0.0,0.0,0.0,0.0,0.0
98.707,apt_walk_4_features,PARKED,0.0,0.0,0.0,4,0.8317,3.668,0.0,0.0,0.0,0.0,0.0,0.0,0.0
98.832,apt_walk_4_features,PARKED,0.0,0.0,0.0,4,0.8317,3.668,0.0,0.0,0.0,0.0,0.0,0.0,0.0
98.901,apt_walk_4_features,PARKED,0.0,0.0,0.0,4,0.8317,3.668,0.0,0.0,0.0,0.0,0.0,0.0,0.0
99.015,apt_walk_4_features,PARKED,0.0,0.0,0.0,4,0.4497,3.707,0.0,0.0,0.0,0.0,0.0,0.0,0.0
99.101,apt_walk_4_features,PARKED,0.0,0.0,0.0,4,0.4497,3.707,0.0,0.0,0.0,0.0,0.0,0.0,0.0
99.201,apt_walk_4_features,PARKED,0.0,0.0,0.0,4,0.4497,3.707,0.0,0.0,0.0,0.0,0.0,0.0,0.0
99.301,apt_walk_4_features,PARKED,0.0,0.0,0.0,4,0.4497,3.707,0.0,0.0,0.0,0.0,0.0,0.0,0.0
99.401,apt_walk_4_features,PARKED,0.0,0.0,0.0,4,0.9856,3.631,0.0,0.0,0.0,0.0,0.0,0.0,0.0
99.515,apt_walk_4_features,PARKED,0.0,0.0,0.0,4,0.6708,3.638,0.0,0.0,0.0,0.0,0.0,0.0,0.0
99.601,apt_walk_4_features,PARKED,0.0,0.0,0.0,4,0.4178,3.69,0.0,0.0,0.0,0.0,0.0,0.0,0.0
99.731,apt_walk_4_features,PARKED,0.0,0.0,0.0,4,0.509,3.683,0.0,0.0,0.0,0.0,0.0,0.0,0.0
99.801,apt_walk_4_features,PARKED,0.0,0.0,0.0,4,0.509,3.683,0.0,0.0,0.0,0.0,0.0,0.0,0.0
99.928,apt_walk_4_features,PARKED,0.0,0.0,0.0,4,0.509,3.683,0.0,0.0,0.0,0.0,0.0,0.0,0.0
100.001,apt_walk_4_features,PARKED,0.0,0.0,0.0,4,0.509,3.683,0.0,0.0,0.0,0.0,0.0,0.0,0.0
100.143,apt_walk_4_features,PARKED,0.0,0.0,0.0,4,0.509,3.683,0.0,0.0,0.0,0.0,0.0,0.0,0.0
100.201,apt_walk_4_features,PARKED,0.0,0.0,0.0,4,0.509,3.683,0.0,0.0,0.0,0.0,0.0,0.0,0.0
100.301,apt_walk_4_features,PARKED,0.0,0.0,0.0,4,0.509,3.683,0.0,0.0,0.0,0.0,0.0,0.0,0.0
100.401,apt_walk_4_features,PARKED,0.0,0.0,0.0,4,0.509,3.683,0.0,0.0,0.0,0.0,0.0,0.0,0.0
100.501,apt_walk_4_features,PARKED,0.0,0.0,0.0,4,0.509,3.683,0.0,0.0,0.0,0.0,0.0,0.0,0.0
100.601,apt_walk_4_features,PARKED,0.0,0.0,0.0,4,0.509,3.683,0.0,0.0,0.0,0.0,0.0,0.0,0.0
100.701,apt_walk_4_features,PARKED,0.0,0.0,0.0,4,0.509,3.683,0.0,0.0,0.0,0.0,0.0,0.0,0.0
100.801,apt_walk_4_features,PARKED,0.0,0.0,0.0,4,0.509,3.683,0.0,0.0,0.0,0.0,0.0,0.0,0.0
100.901,apt_walk_4_features,PARKED,0.0,0.0,0.0,4,0.509,3.683,0.0,0.0,0.0,0.0,0.0,0.0,0.0
101.001,apt_walk_4_features,PARKED,0.0,0.0,0.0,4,0.509,3.683,0.0,0.0,0.0,0.0,0.0,0.0,0.0
101.101,apt_walk_4_features,PARKED,0.0,0.0,0.0,4,0.509,3.683,0.0,0.0,0.0,0.0,0.0,0.0,0.0
101.201,apt_walk_4_features,PARKED,0.0,0.0,0.0,4,0.509,3.683,0.0,0.0,0.0,0.0,0.0,0.0,0.0
101.301,apt_walk_4_features,PARKED,0.0,0.0,0.0,4,0.509,3.683,0.0,0.0,0.0,0.0,0.0,0.0,0.0
101.401,apt_walk_4_features,PARKED,0.0,0.0,0.0,4,0.509,3.683,0.0,0.0,0.0,0.0,0.0,0.0,0.0
101.501,apt_walk_4_features,PARKED,0.0,0.0,0.0,4,0.509,3.683,0.0,0.0,0.0,0.0,0.0,0.0,0.0
101.601,apt_walk_4_features,PARKED,0.0,0.0,0.0,4,0.509,3.683,0.0,0.0,0.0,0.0,0.0,0.0,0.0
101.701,apt_walk_4_features,PARKED,0.0,0.0,0.0,4,0.509,3.683,0.0,0.0,0.0,0.0,0.0,0.0,0.0
101.801,apt_walk_4_features,PARKED,0.0,0.0,0.0,4,0.509,3.683,0.0,0.0,0.0,0.0,0.0,0.0,0.0
101.901,apt_walk_4_features,PARKED,0.0,0.0,0.0,4,0.509,3.683,0.0,0.0,0.0,0.0,0.0,0.0,0.0
102.001,apt_walk_4_features,PARKED,0.0,0.0,0.0,4,0.509,3.683,0.0,0.0,0.0,0.0,0.0,0.0,0.0
102.102,apt_walk_4_features,PARKED,0.0,0.0,0.0,4,0.509,3.683,0.0,0.0,0.0,0.0,0.0,0.0,0.0
102.201,apt_walk_4_features,PARKED,0.0,0.0,0.0,4,0.509,3.683,0.0,0.0,0.0,0.0,0.0,0.0,0.0
102.301,apt_walk_4_features,PARKED,0.0,0.0,0.0,4,0.509,3.683,0.0,0.0,0.0,0.0,0.0,0.0,0.0
102.402,apt_walk_4_features,PARKED,0.0,0.0,0.0,4,0.509,3.683,0.0,0.0,0.0,0.0,0.0,0.0,0.0
102.5,apt_walk_4_features,PARKED,0.0,0.0,0.0,4,0.509,3.683,0.0,0.0,0.0,0.0,0.0,0.0,0.0
102.602,apt_walk_4_features,PARKED,0.0,0.0,0.0,4,0.509,3.683,0.0,0.0,0.0,0.0,0.0,0.0,0.0
102.701,apt_walk_4_features,PARKED,0.0,0.0,0.0,4,0.509,3.683,0.0,0.0,0.0,0.0,0.0,0.0,0.0
102.802,apt_walk_4_features,PARKED,0.0,0.0,0.0,4,0.509,3.683,0.0,0.0,0.0,0.0,0.0,0.0,0.0
102.901,apt_walk_4_features,PARKED,0.0,0.0,0.0,4,0.509,3.683,0.0,0.0,0.0,0.0,0.0,0.0,0.0
103.001,apt_walk_4_features,PARKED,0.0,0.0,0.0,4,0.509,3.683,0.0,0.0,0.0,0.0,0.0,0.0,0.0
103.101,apt_walk_4_features,PARKED,0.0,0.0,0.0,4,0.509,3.683,0.0,0.0,0.0,0.0,0.0,0.0,0.0
103.201,apt_walk_4_features,PARKED,0.0,0.0,0.0,4,0.509,3.683,0.0,0.0,0.0,0.0,0.0,0.0,0.0
103.301,apt_walk_4_features,PARKED,0.0,0.0,0.0,4,0.509,3.683,0.0,0.0,0.0,0.0,0.0,0.0,0.0
103.401,apt_walk_4_features,PARKED,0.0,0.0,0.0,4,0.509,3.683,0.0,0.0,0.0,0.0,0.0,0.0,0.0
103.501,apt_walk_4_features,PARKED,0.0,0.0,0.0,4,0.509,3.683,0.0,0.0,0.0,0.0,0.0,0.0,0.0
103.601,apt_walk_4_features,PARKED,0.0,0.0,0.0,4,0.509,3.683,0.0,0.0,0.0,0.0,0.0,0.0,0.0
103.702,apt_walk_4_features,PARKED,0.0,0.0,0.0,4,0.509,3.683,0.0,0.0,0.0,0.0,0.0,0.0,0.0
103.802,apt_walk_4_features,PARKED,0.0,0.0,0.0,4,0.509,3.683,0.0,0.0,0.0,0.0,0.0,0.0,0.0
103.901,apt_walk_4_features,PARKED,0.0,0.0,0.0,4,0.509,3.683,0.0,0.0,0.0,0.0,0.0,0.0,0.0
104.001,apt_walk_4_features,PARKED,0.0,0.0,0.0,4,0.509,3.683,0.0,0.0,0.0,0.0,0.0,0.0,0.0
104.101,apt_walk_4_features,PARKED,0.0,0.0,0.0,4,0.509,3.683,0.0,0.0,0.0,0.0,0.0,0.0,0.0
104.202,apt_walk_4_features,PARKED,0.0,0.0,0.0,4,0.7701,3.603,0.0,0.0,0.0,0.0,0.0,0.0,0.0
104.345,apt_walk_4_features,PARKED,0.0,0.0,0.0,4,0.7861,2.964,0.0,0.0,0.0,0.0,0.0,0.0,0.0
104.412,apt_walk_4_features,PARKED,0.0,0.0,0.0,4,0.6067,3.016,0.0,0.0,0.0,0.0,0.0,0.0,0.0
104.512,apt_walk_4_features,PARKED,0.0,0.0,0.0,4,0.6067,3.016,0.0,0.0,0.0,0.0,0.0,0.0,0.0
104.602,apt_walk_4_features,PARKED,0.0,0.0,0.0,4,0.6067,3.016,0.0,0.0,0.0,0.0,0.0,0.0,0.0
104.728,apt_walk_4_features,PARKED,0.0,0.0,0.0,3,0.3772,3.274,0.0,0.0,0.0,0.0,0.0,0.0,0.0
104.848,apt_walk_4_features,PARKED,0.0,0.0,0.0,4,0.7038,3.381,0.0,0.0,0.0,0.0,0.0,0.0,0.0
104.949,apt_walk_4_features,PARKED,0.0,0.0,0.0,4,0.7038,3.381,0.0,0.0,0.0,0.0,0.0,0.0,0.0
105.029,apt_walk_4_features,PARKED,0.0,0.0,0.0,4,0.7038,3.381,0.0,0.0,0.0,0.0,0.0,0.0,0.0
105.101,apt_walk_4_features,PARKED,0.0,0.0,0.0,4,0.7038,3.381,0.0,0.0,0.0,0.0,0.0,0.0,0.0
105.213,apt_walk_4_features,PARKED,0.0,0.0,0.0,4,0.6245,3.646,0.0,0.0,0.0,0.0,0.0,0.0,0.0
105.329,apt_walk_4_features,PARKED,0.0,0.0,0.0,4,0.365,3.713,0.0,0.0,0.0,0.0,0.0,0.0,0.0
105.409,apt_walk_4_features,PARKED,0.0,0.0,0.0,4,0.4817,3.677,0.0,0.0,0.0,0.0,0.0,0.0,0.0
105.501,apt_walk_4_features,PARKED,0.0,0.0,0.0,4,0.4817,3.677,0.0,0.0,0.0,0.0,0.0,0.0,0.0
105.639,apt_walk_4_features,PARKED,0.0,0.0,0.0,5,0.7196,3.739,0.0,0.0,0.0,0.0,0.0,0.0,0.0
105.701,apt_walk_4_features,PARKED,0.0,0.0,0.0,5,0.7196,3.739,0.0,0.0,0.0,0.0,0.0,0.0,0.0
105.801,apt_walk_4_features,PARKED,0.0,0.0,0.0,5,0.927,3.762,0.0,0.0,0.0,0.0,0.0,0.0,0.0
105.901,apt_walk_4_features,PARKED,0.0,0.0,0.0,5,0.927,3.762,0.0,0.0,0.0,0.0,0.0,0.0,0.0
106.031,apt_walk_4_features,PARKED,0.0,0.0,0.0,5,0.927,3.762,0.0,0.0,0.0,0.0,0.0,0.0,0.0
106.147,apt_walk_4_features,PARKED,0.0,0.0,0.0,4,1.522,3.747,0.0,0.0,0.0,0.0,0.0,0.0,0.0
106.207,apt_walk_4_features,PARKED,0.0,0.0,0.0,4,1.2225,3.648,0.0,0.0,0.0,0.0,0.0,0.0,0.0
106.302,apt_walk_4_features,PARKED,0.0,0.0,0.0,4,1.2225,3.648,0.0,0.0,0.0,0.0,0.0,0.0,0.0
106.401,apt_walk_4_features,PARKED,0.0,0.0,0.0,4,1.2225,3.648,0.0,0.0,0.0,0.0,0.0,0.0,0.0
106.507,apt_walk_4_features,PARKED,0.0,0.0,0.0,4,0.4128,3.643,0.0,0.0,0.0,0.0,0.0,0.0,0.0
106.627,apt_walk_4_features,PARKED,0.0,0.0,0.0,4,0.2684,3.639,0.0,0.0,0.0,0.0,0.0,0.0,0.0
106.701,apt_walk_4_features,PARKED,0.0,0.0,0.0,4,0.2684,3.639,0.0,0.0,0.0,0.0,0.0,0.0,0.0
106.809,apt_walk_4_features,PARKED,0.0,0.0,0.0,4,0.4223,3.634,0.0,0.0,0.0,0.0,0.0,0.0,0.0
106.902,apt_walk_4_features,PARKED,0.0,0.0,0.0,4,0.4223,3.634,0.0,0.0,0.0,0.0,0.0,0.0,0.0
107.017,apt_walk_4_features,PARKED,0.0,0.0,0.0,4,0.8882,3.666,0.0,0.0,0.0,0.0,0.0,0.0,0.0
107.133,apt_walk_4_features,PARKED,0.0,0.0,0.0,4,1.1877,3.51,0.0,0.0,0.0,0.0,0.0,0.0,0.0
107.202,apt_walk_4_features,PARKED,0.0,0.0,0.0,4,1.1877,3.51,0.0,0.0,0.0,0.0,0.0,0.0,0.0
107.301,apt_walk_4_features,PARKED,0.0,0.0,0.0,4,1.1877,3.51,0.0,0.0,0.0,0.0,0.0,0.0,0.0
107.401,apt_walk_4_features,PARKED,0.0,0.0,0.0,4,1.1877,3.51,0.0,0.0,0.0,0.0,0.0,0.0,0.0
107.501,apt_walk_4_features,PARKED,0.0,0.0,0.0,4,1.7736,3.279,0.0,0.0,0.0,0.0,0.0,0.0,0.0
107.617,apt_walk_4_features,PARKED,0.0,0.0,0.0,4,1.3931,3.151,0.0,0.0,0.0,0.0,0.0,0.0,0.0
107.701,apt_walk_4_features,PARKED,0.0,0.0,0.0,4,1.3931,3.151,0.0,0.0,0.0,0.0,0.0,0.0,0.0
107.839,apt_walk_4_features,PARKED,0.0,0.0,0.0,4,1.0469,3.05,0.0,0.0,0.0,0.0,0.0,0.0,0.0
107.915,apt_walk_4_features,PARKED,0.0,0.0,0.0,4,0.8287,3.0,0.0,0.0,0.0,0.0,0.0,0.0,0.0
108.04,apt_walk_4_features,PARKED,0.0,0.0,0.0,4,0.9739,2.992,0.0,0.0,0.0,0.0,0.0,0.0,0.0
108.101,apt_walk_4_features,PARKED,0.0,0.0,0.0,4,1.1773,2.71,0.0,0.0,0.0,0.0,0.0,0.0,0.0
108.201,apt_walk_4_features,PARKED,0.0,0.0,0.0,4,1.1773,2.71,0.0,0.0,0.0,0.0,0.0,0.0,0.0
108.3,apt_walk_4_features,PARKED,0.0,0.0,0.0,4,1.1773,2.71,0.0,0.0,0.0,0.0,0.0,0.0,0.0
108.401,apt_walk_4_features,PARKED,0.0,0.0,0.0,4,1.1773,2.71,0.0,0.0,0.0,0.0,0.0,0.0,0.0
108.501,apt_walk_4_features,PARKED,0.0,0.0,0.0,4,0.4854,2.287,0.0,0.0,0.0,0.0,0.0,0.0,0.0
108.601,apt_walk_4_features,PARKED,0.0,0.0,0.0,4,0.4854,2.287,0.0,0.0,0.0,0.0,0.0,0.0,0.0
108.702,apt_walk_4_features,PARKED,0.0,0.0,0.0,4,0.637,2.217,0.0,0.0,0.0,0.0,0.0,0.0,0.0
108.801,apt_walk_4_features,PARKED,0.0,0.0,0.0,4,0.637,2.217,0.0,0.0,0.0,0.0,0.0,0.0,0.0
108.91,apt_walk_4_features,PARKED,0.0,0.0,0.0,4,0.4954,2.004,0.0,0.0,0.0,0.0,0.0,0.0,0.0
109.047,apt_walk_4_features,PARKED,0.0,0.0,0.0,4,0.5721,1.868,0.0,0.0,0.0,0.0,0.0,0.0,0.0
109.144,apt_walk_4_features,PARKED,0.0,0.0,0.0,4,0.5721,1.868,0.0,0.0,0.0,0.0,0.0,0.0,0.0
109.201,apt_walk_4_features,PARKED,0.0,0.0,0.0,4,0.5721,1.868,0.0,0.0,0.0,0.0,0.0,0.0,0.0
109.301,apt_walk_4_features,PARKED,0.0,0.0,0.0,4,0.5721,1.868,0.0,0.0,0.0,0.0,0.0,0.0,0.0
109.433,apt_walk_4_features,PARKED,0.0,0.0,0.0,4,0.5458,1.67,0.0,0.0,0.0,0.0,0.0,0.0,0.0
109.501,apt_walk_4_features,PARKED,0.0,0.0,0.0,4,0.3479,1.621,0.0,0.0,0.0,0.0,0.0,0.0,0.0
109.601,apt_walk_4_features,PARKED,0.0,0.0,0.0,4,0.3479,1.621,0.0,0.0,0.0,0.0,0.0,0.0,0.0
109.746,apt_walk_4_features,PARKED,0.0,0.0,0.0,3,0.5443,1.552,0.0,0.0,0.0,0.0,0.0,0.0,0.0
109.832,apt_walk_4_features,PARKED,0.0,0.0,0.0,3,0.5443,1.552,0.0,0.0,0.0,0.0,0.0,0.0,0.0
109.902,apt_walk_4_features,PARKED,0.0,0.0,0.0,3,0.5739,1.48,0.0,0.0,0.0,0.0,0.0,0.0,0.0
110.037,apt_walk_4_features,PARKED,0.0,0.0,0.0,3,0.3146,1.47,0.0,0.0,0.0,0.0,0.0,0.0,0.0
110.116,apt_walk_4_features,PARKED,0.0,0.0,0.0,3,0.3146,1.47,0.0,0.0,0.0,0.0,0.0,0.0,0.0
110.201,apt_walk_4_features,PARKED,0.0,0.0,0.0,3,0.3682,1.519,0.0,0.0,0.0,0.0,0.0,0.0,0.0
110.328,apt_walk_4_features,PARKED,0.0,0.0,0.0,3,0.4026,1.609,0.0,0.0,0.0,0.0,0.0,0.0,0.0
110.402,apt_walk_4_features,PARKED,0.0,0.0,0.0,3,0.4026,1.609,0.0,0.0,0.0,0.0,0.0,0.0,0.0
110.501,apt_walk_4_features,PARKED,0.0,0.0,0.0,3,0.4026,1.609,0.0,0.0,0.0,0.0,0.0,0.0,0.0
110.646,apt_walk_4_features,PARKED,0.0,0.0,0.0,3,0.6115,1.917,0.0,0.0,0.0,0.0,0.0,0.0,0.0
110.701,apt_walk_4_features,PARKED,0.0,0.0,0.0,3,0.6115,1.917,0.0,0.0,0.0,0.0,0.0,0.0,0.0
110.801,apt_walk_4_features,PARKED,0.0,0.0,0.0,3,0.6115,1.917,0.0,0.0,0.0,0.0,0.0,0.0,0.0
110.901,apt_walk_4_features,PARKED,0.0,0.0,0.0,3,0.6115,1.917,0.0,0.0,0.0,0.0,0.0,0.0,0.0
111.05,apt_walk_4_features,PARKED,0.0,0.0,0.0,3,0.4996,2.215,0.0,0.0,0.0,0.0,0.0,0.0,0.0
111.111,apt_walk_4_features,PARKED,0.0,0.0,0.0,3,0.4996,2.215,0.0,0.0,0.0,0.0,0.0,0.0,0.0
111.201,apt_walk_4_features,PARKED,0.0,0.0,0.0,3,0.6429,2.333,0.0,0.0,0.0,0.0,0.0,0.0,0.0
111.301,apt_walk_4_features,PARKED,0.0,0.0,0.0,3,0.6429,2.333,0.0,0.0,0.0,0.0,0.0,0.0,0.0
111.401,apt_walk_4_features,PARKED,0.0,0.0,0.0,3,0.6429,2.333,0.0,0.0,0.0,0.0,0.0,0.0,0.0
111.501,apt_walk_4_features,PARKED,0.0,0.0,0.0,3,0.6429,2.333,0.0,0.0,0.0,0.0,0.0,0.0,0.0
111.601,apt_walk_4_features,PARKED,0.0,0.0,0.0,3,0.6429,2.333,0.0,0.0,0.0,0.0,0.0,0.0,0.0
111.731,apt_walk_4_features,PARKED,0.0,0.0,0.0,3,0.8962,2.824,0.0,0.0,0.0,0.0,0.0,0.0,0.0
111.801,apt_walk_4_features,PARKED,0.0,0.0,0.0,3,0.8962,2.824,0.0,0.0,0.0,0.0,0.0,0.0,0.0
111.901,apt_walk_4_features,PARKED,0.0,0.0,0.0,3,0.8962,2.824,0.0,0.0,0.0,0.0,0.0,0.0,0.0
112.007,apt_walk_4_features,PARKED,0.0,0.0,0.0,3,0.8962,2.824,0.0,0.0,0.0,0.0,0.0,0.0,0.0
112.116,apt_walk_4_features,PARKED,0.0,0.0,0.0,4,0.9622,2.949,0.0,0.0,0.0,0.0,0.0,0.0,0.0
112.248,apt_walk_4_features,PARKED,0.0,0.0,0.0,4,1.1782,3.255,0.0,0.0,0.0,0.0,0.0,0.0,0.0
112.336,apt_walk_4_features,PARKED,0.0,0.0,0.0,4,1.1782,3.255,0.0,0.0,0.0,0.0,0.0,0.0,0.0
112.401,apt_walk_4_features,PARKED,0.0,0.0,0.0,4,1.1782,3.255,0.0,0.0,0.0,0.0,0.0,0.0,0.0
112.501,apt_walk_4_features,PARKED,0.0,0.0,0.0,4,1.1782,3.255,0.0,0.0,0.0,0.0,0.0,0.0,0.0
112.601,apt_walk_4_features,PARKED,0.0,0.0,0.0,4,1.1782,3.255,0.0,0.0,0.0,0.0,0.0,0.0,0.0
112.702,apt_walk_4_features,PARKED,0.0,0.0,0.0,3,1.478,3.666,0.0,0.0,0.0,0.0,0.0,0.0,0.0
112.823,apt_walk_4_features,PARKED,0.0,0.0,0.0,3,1.0604,3.704,0.0,0.0,0.0,0.0,0.0,0.0,0.0
112.901,apt_walk_4_features,PARKED,0.0,0.0,0.0,3,0.8913,3.695,0.0,0.0,0.0,0.0,0.0,0.0,0.0
113.001,apt_walk_4_features,PARKED,0.0,0.0,0.0,3,0.8913,3.695,0.0,0.0,0.0,0.0,0.0,0.0,0.0
113.101,apt_walk_4_features,PARKED,0.0,0.0,0.0,3,0.8913,3.695,0.0,0.0,0.0,0.0,0.0,0.0,0.0
113.237,apt_walk_4_features,PARKED,0.0,0.0,0.0,3,0.8389,3.663,0.0,0.0,0.0,0.0,0.0,0.0,0.0
113.301,apt_walk_4_features,PARKED,0.0,0.0,0.0,3,0.8389,3.663,0.0,0.0,0.0,0.0,0.0,0.0,0.0
113.425,apt_walk_4_features,PARKED,0.0,0.0,0.0,3,0.8186,3.667,0.0,0.0,0.0,0.0,0.0,0.0,0.0
113.501,apt_walk_4_features,PARKED,0.0,0.0,0.0,3,0.8186,3.667,0.0,0.0,0.0,0.0,0.0,0.0,0.0
113.601,apt_walk_4_features,PARKED,0.0,0.0,0.0,3,0.8186,3.667,0.0,0.0,0.0,0.0,0.0,0.0,0.0
113.748,apt_walk_4_features,PARKED,0.0,0.0,0.0,3,0.2388,3.624,0.0,0.0,0.0,0.0,0.0,0.0,0.0
113.812,apt_walk_4_features,PARKED,0.0,0.0,0.0,3,0.2388,3.624,0.0,0.0,0.0,0.0,0.0,0.0,0.0
113.901,apt_walk_4_features,PARKED,0.0,0.0,0.0,3,0.2388,3.624,0.0,0.0,0.0,0.0,0.0,0.0,0.0
114.05,apt_walk_4_features,PARKED,0.0,0.0,0.0,4,0.419,3.623,0.0,0.0,0.0,0.0,0.0,0.0,0.0
114.112,apt_walk_4_features,PARKED,0.0,0.0,0.0,4,0.3506,3.685,0.0,0.0,0.0,0.0,0.0,0.0,0.0
114.233,apt_walk_4_features,PARKED,0.0,0.0,0.0,4,0.4908,3.685,0.0,0.0,0.0,0.0,0.0,0.0,0.0
114.302,apt_walk_4_features,PARKED,0.0,0.0,0.0,4,0.7811,3.687,0.0,0.0,0.0,0.0,0.0,0.0,0.0
114.401,apt_walk_4_features,PARKED,0.0,0.0,0.0,4,0.7811,3.687,0.0,0.0,0.0,0.0,0.0,0.0,0.0
114.501,apt_walk_4_features,PARKED,0.0,0.0,0.0,4,0.7811,3.687,0.0,0.0,0.0,0.0,0.0,0.0,0.0
114.601,apt_walk_4_features,PARKED,0.0,0.0,0.0,4,0.7811,3.687,0.0,0.0,0.0,0.0,0.0,0.0,0.0
114.704,apt_walk_4_features,PARKED,0.0,0.0,0.0,4,0.9021,3.34,0.0,0.0,0.0,0.0,0.0,0.0,0.0
114.847,apt_walk_4_features,PARKED,0.0,0.0,0.0,4,0.9021,3.34,0.0,0.0,0.0,0.0,0.0,0.0,0.0
114.901,apt_walk_4_features,PARKED,0.0,0.0,0.0,4,0.9021,3.34,0.0,0.0,0.0,0.0,0.0,0.0,0.0
115.002,apt_walk_4_features,PARKED,0.0,0.0,0.0,4,0.9021,3.34,0.0,0.0,0.0,0.0,0.0,0.0,0.0
115.127,apt_walk_4_features,PARKED,0.0,0.0,0.0,4,0.9019,2.953,0.0,0.0,0.0,0.0,0.0,0.0,0.0
115.244,apt_walk_4_features,PARKED,0.0,0.0,0.0,4,0.9019,2.78,0.0,0.0,0.0,0.0,0.0,0.0,0.0
115.311,apt_walk_4_features,PARKED,0.0,0.0,0.0,4,0.9019,2.78,0.0,0.0,0.0,0.0,0.0,0.0,0.0
115.401,apt_walk_4_features,PARKED,0.0,0.0,0.0,4,0.9019,2.78,0.0,0.0,0.0,0.0,0.0,0.0,0.0
115.501,apt_walk_4_features,PARKED,0.0,0.0,0.0,4,0.9019,2.78,0.0,0.0,0.0,0.0,0.0,0.0,0.0
115.601,apt_walk_4_features,PARKED,0.0,0.0,0.0,4,0.9019,2.78,0.0,0.0,0.0,0.0,0.0,0.0,0.0
115.702,apt_walk_4_features,PARKED,0.0,0.0,0.0,3,0.6785,2.399,0.0,0.0,0.0,0.0,0.0,0.0,0.0
115.818,apt_walk_4_features,PARKED,0.0,0.0,0.0,3,0.4663,2.406,0.0,0.0,0.0,0.0,0.0,0.0,0.0
115.945,apt_walk_4_features,PARKED,0.0,0.0,0.0,3,0.6785,2.205,0.0,0.0,0.0,0.0,0.0,0.0,0.0
116.001,apt_walk_4_features,PARKED,0.0,0.0,0.0,3,0.6785,2.205,0.0,0.0,0.0,0.0,0.0,0.0,0.0
116.109,apt_walk_4_features,PARKED,0.0,0.0,0.0,3,0.6785,2.205,0.0,0.0,0.0,0.0,0.0,0.0,0.0
116.231,apt_walk_4_features,PARKED,0.0,0.0,0.0,3,0.7247,1.956,0.0,0.0,0.0,0.0,0.0,0.0,0.0
116.306,apt_walk_4_features,PARKED,0.0,0.0,0.0,3,0.7343,1.819,0.0,0.0,0.0,0.0,0.0,0.0,0.0
116.449,apt_walk_4_features,PARKED,0.0,0.0,0.0,3,0.7343,1.819,0.0,0.0,0.0,0.0,0.0,0.0,0.0
116.501,apt_walk_4_features,PARKED,0.0,0.0,0.0,3,0.7343,1.819,0.0,0.0,0.0,0.0,0.0,0.0,0.0
116.601,apt_walk_4_features,PARKED,0.0,0.0,0.0,3,0.7343,1.819,0.0,0.0,0.0,0.0,0.0,0.0,0.0
116.715,apt_walk_4_features,PARKED,0.0,0.0,0.0,3,0.4442,1.543,0.0,0.0,0.0,0.0,0.0,0.0,0.0
116.85,apt_walk_4_features,PARKED,0.0,0.0,0.0,3,0.4442,1.543,0.0,0.0,0.0,0.0,0.0,0.0,0.0
116.932,apt_walk_4_features,PARKED,0.0,0.0,0.0,3,0.4442,1.543,0.0,0.0,0.0,0.0,0.0,0.0,0.0
117.023,apt_walk_4_features,PARKED,0.0,0.0,0.0,3,0.1596,1.498,0.0,0.0,0.0,0.0,0.0,0.0,0.0
117.101,apt_walk_4_features,PARKED,0.0,0.0,0.0,3,0.5254,1.485,0.0,0.0,0.0,0.0,0.0,0.0,0.0
117.209,apt_walk_4_features,PARKED,0.0,0.0,0.0,3,0.4579,1.453,0.0,0.0,0.0,0.0,0.0,0.0,0.0
117.301,apt_walk_4_features,PARKED,0.0,0.0,0.0,3,0.4579,1.453,0.0,0.0,0.0,0.0,0.0,0.0,0.0
117.401,apt_walk_4_features,PARKED,0.0,0.0,0.0,3,0.4579,1.453,0.0,0.0,0.0,0.0,0.0,0.0,0.0
117.534,apt_walk_4_features,PARKED,0.0,0.0,0.0,3,0.3158,1.552,0.0,0.0,0.0,0.0,0.0,0.0,0.0
117.601,apt_walk_4_features,PARKED,0.0,0.0,0.0,3,0.3158,1.552,0.0,0.0,0.0,0.0,0.0,0.0,0.0
117.701,apt_walk_4_features,PARKED,0.0,0.0,0.0,3,0.3158,1.552,0.0,0.0,0.0,0.0,0.0,0.0,0.0
117.801,apt_walk_4_features,PARKED,0.0,0.0,0.0,3,0.3158,1.552,0.0,0.0,0.0,0.0,0.0,0.0,0.0
117.901,apt_walk_4_features,PARKED,0.0,0.0,0.0,3,0.3158,1.552,0.0,0.0,0.0,0.0,0.0,0.0,0.0
118.047,apt_walk_4_features,PARKED,0.0,0.0,0.0,3,0.2949,1.967,0.0,0.0,0.0,0.0,0.0,0.0,0.0
118.107,apt_walk_4_features,PARKED,0.0,0.0,0.0,3,0.2949,1.967,0.0,0.0,0.0,0.0,0.0,0.0,0.0
118.208,apt_walk_4_features,PARKED,0.0,0.0,0.0,3,0.4705,2.058,0.0,0.0,0.0,0.0,0.0,0.0,0.0
118.305,apt_walk_4_features,PARKED,0.0,0.0,0.0,3,0.4705,2.058,0.0,0.0,0.0,0.0,0.0,0.0,0.0
118.426,apt_walk_4_features,PARKED,0.0,0.0,0.0,3,0.4953,2.306,0.0,0.0,0.0,0.0,0.0,0.0,0.0
118.544,apt_walk_4_features,PARKED,0.0,0.0,0.0,3,0.8211,2.477,0.0,0.0,0.0,0.0,0.0,0.0,0.0
118.609,apt_walk_4_features,PARKED,0.0,0.0,0.0,3,0.8211,2.477,0.0,0.0,0.0,0.0,0.0,0.0,0.0
118.701,apt_walk_4_features,PARKED,0.0,0.0,0.0,3,0.8211,2.477,0.0,0.0,0.0,0.0,0.0,0.0,0.0
118.801,apt_walk_4_features,PARKED,0.0,0.0,0.0,3,0.8211,2.477,0.0,0.0,0.0,0.0,0.0,0.0,0.0
118.925,apt_walk_4_features,PARKED,0.0,0.0,0.0,3,0.6816,2.709,0.0,0.0,0.0,0.0,0.0,0.0,0.0
119.041,apt_walk_4_features,PARKED,0.0,0.0,0.0,3,0.9071,2.889,0.0,0.0,0.0,0.0,0.0,0.0,0.0
119.112,apt_walk_4_features,PARKED,0.0,0.0,0.0,3,0.9071,2.889,0.0,0.0,0.0,0.0,0.0,0.0,0.0
119.201,apt_walk_4_features,PARKED,0.0,0.0,0.0,3,0.9071,2.889,0.0,0.0,0.0,0.0,0.0,0.0,0.0
119.342,apt_walk_4_features,PARKED,0.0,0.0,0.0,3,0.6749,3.279,0.0,0.0,0.0,0.0,0.0,0.0,0.0
119.401,apt_walk_4_features,PARKED,0.0,0.0,0.0,3,0.6749,3.279,0.0,0.0,0.0,0.0,0.0,0.0,0.0
119.511,apt_walk_4_features,PARKED,0.0,0.0,0.0,3,0.7041,3.32,0.0,0.0,0.0,0.0,0.0,0.0,0.0
119.602,apt_walk_4_features,PARKED,0.0,0.0,0.0,3,0.7041,3.32,0.0,0.0,0.0,0.0,0.0,0.0,0.0
119.7,apt_walk_4_features,PARKED,0.0,0.0,0.0,3,0.9317,3.642,0.0,0.0,0.0,0.0,0.0,0.0,0.0
119.841,apt_walk_4_features,PARKED,0.0,0.0,0.0,3,0.9094,3.667,0.0,0.0,0.0,0.0,0.0,0.0,0.0
119.901,apt_walk_4_features,PARKED,0.0,0.0,0.0,3,0.9094,3.667,0.0,0.0,0.0,0.0,0.0,0.0,0.0
120.001,apt_walk_4_features,PARKED,0.0,0.0,0.0,3,0.9712,3.704,0.0,0.0,0.0,0.0,0.0,0.0,0.0
120.101,apt_walk_4_features,PARKED,0.0,0.0,0.0,3,0.5698,3.728,0.0,0.0,0.0,0.0,0.0,0.0,0.0
120.246,apt_walk_4_features,PARKED,0.0,0.0,0.0,3,0.5698,3.728,0.0,0.0,0.0,0.0,0.0,0.0,0.0
120.305,apt_walk_4_features,PARKED,0.0,0.0,0.0,4,0.514,3.729,0.0,0.0,0.0,0.0,0.0,0.0,0.0
120.425,apt_walk_4_features,PARKED,0.0,0.0,0.0,4,0.5326,3.68,0.0,0.0,0.0,0.0,0.0,0.0,0.0
120.502,apt_walk_4_features,PARKED,0.0,0.0,0.0,4,0.5606,3.731,0.0,0.0,0.0,0.0,0.0,0.0,0.0
120.644,apt_walk_4_features,PARKED,0.0,0.0,0.0,4,0.5606,3.731,0.0,0.0,0.0,0.0,0.0,0.0,0.0
120.7,apt_walk_4_features,PARKED,0.0,0.0,0.0,4,0.5606,3.731,0.0,0.0,0.0,0.0,0.0,0.0,0.0
120.817,apt_walk_4_features,PARKED,0.0,0.0,0.0,4,0.4215,3.724,0.0,0.0,0.0,0.0,0.0,0.0,0.0
120.941,apt_walk_4_features,PARKED,0.0,0.0,0.0,4,0.3976,3.666,0.0,0.0,0.0,0.0,0.0,0.0,0.0
121.002,apt_walk_4_features,PARKED,0.0,0.0,0.0,4,0.3976,3.666,0.0,0.0,0.0,0.0,0.0,0.0,0.0
121.139,apt_walk_4_features,PARKED,0.0,0.0,0.0,4,0.5504,3.673,0.0,0.0,0.0,0.0,0.0,0.0,0.0
121.214,apt_walk_4_features,PARKED,0.0,0.0,0.0,4,0.5504,3.673,0.0,0.0,0.0,0.0,0.0,0.0,0.0
121.33,apt_walk_4_features,PARKED,0.0,0.0,0.0,4,0.7247,3.717,0.0,0.0,0.0,0.0,0.0,0.0,0.0
121.446,apt_walk_4_features,PARKED,0.0,0.0,0.0,4,0.7646,3.686,0.0,0.0,0.0,0.0,0.0,0.0,0.0
121.524,apt_walk_4_features,PARKED,0.0,0.0,0.0,4,1.002,3.647,0.0,0.0,0.0,0.0,0.0,0.0,0.0
121.601,apt_walk_4_features,PARKED,0.0,0.0,0.0,4,1.002,3.647,0.0,0.0,0.0,0.0,0.0,0.0,0.0
121.716,apt_walk_4_features,PARKED,0.0,0.0,0.0,4,1.3354,3.672,0.0,0.0,0.0,0.0,0.0,0.0,0.0
121.801,apt_walk_4_features,PARKED,0.0,0.0,0.0,4,1.6365,3.737,0.0,0.0,0.0,0.0,0.0,0.0,0.0
121.921,apt_walk_4_features,PARKED,0.0,0.0,0.0,4,1.2715,3.522,0.0,0.0,0.0,0.0,0.0,0.0,0.0
122.031,apt_walk_4_features,PARKED,0.0,0.0,0.0,4,0.9576,3.455,0.0,0.0,0.0,0.0,0.0,0.0,0.0
122.124,apt_walk_4_features,PARKED,0.0,0.0,0.0,4,0.9576,3.455,0.0,0.0,0.0,0.0,0.0,0.0,0.0
122.221,apt_walk_4_features,PARKED,0.0,0.0,0.0,4,0.9576,3.455,0.0,0.0,0.0,0.0,0.0,0.0,0.0
122.347,apt_walk_4_features,PARKED,0.0,0.0,0.0,4,0.8521,3.22,0.0,0.0,0.0,0.0,0.0,0.0,0.0
122.401,apt_walk_4_features,PARKED,0.0,0.0,0.0,4,0.8521,3.22,0.0,0.0,0.0,0.0,0.0,0.0,0.0
122.55,apt_walk_4_features,PARKED,0.0,0.0,0.0,4,0.9287,3.086,0.0,0.0,0.0,0.0,0.0,0.0,0.0
122.641,apt_walk_4_features,PARKED,0.0,0.0,0.0,4,0.9287,3.086,0.0,0.0,0.0,0.0,0.0,0.0,0.0
122.703,apt_walk_4_features,PARKED,0.0,0.0,0.0,4,1.427,2.693,0.0,0.0,0.0,0.0,0.0,0.0,0.0
122.847,apt_walk_4_features,PARKED,0.0,0.0,0.0,4,1.2808,2.496,0.0,0.0,0.0,0.0,0.0,0.0,0.0
122.901,apt_walk_4_features,PARKED,0.0,0.0,0.0,4,1.2808,2.496,0.0,0.0,0.0,0.0,0.0,0.0,0.0
123.001,apt_walk_4_features,PARKED,0.0,0.0,0.0,4,1.2808,2.496,0.0,0.0,0.0,0.0,0.0,0.0,0.0
123.147,apt_walk_4_features,PARKED,0.0,0.0,0.0,4,0.9375,2.384,0.0,0.0,0.0,0.0,0.0,0.0,0.0
123.208,apt_walk_4_features,PARKED,0.0,0.0,0.0,4,1.2446,2.16,0.0,0.0,0.0,0.0,0.0,0.0,0.0
123.328,apt_walk_4_features,PARKED,0.0,0.0,0.0,4,0.8421,1.968,0.0,0.0,0.0,0.0,0.0,0.0,0.0
123.416,apt_walk_4_features,PARKED,0.0,0.0,0.0,4,0.8421,1.968,0.0,0.0,0.0,0.0,0.0,0.0,0.0
123.501,apt_walk_4_features,PARKED,0.0,0.0,0.0,4,0.8421,1.968,0.0,0.0,0.0,0.0,0.0,0.0,0.0
123.648,apt_walk_4_features,PARKED,0.0,0.0,0.0,4,0.8647,1.773,0.0,0.0,0.0,0.0,0.0,0.0,0.0
123.711,apt_walk_4_features,PARKED,0.0,0.0,0.0,4,0.9211,1.679,0.0,0.0,0.0,0.0,0.0,0.0,0.0
123.801,apt_walk_4_features,PARKED,0.0,0.0,0.0,4,0.9211,1.679,0.0,0.0,0.0,0.0,0.0,0.0,0.0
123.901,apt_walk_4_features,PARKED,0.0,0.0,0.0,4,0.9211,1.679,0.0,0.0,0.0,0.0,0.0,0.0,0.0
124.001,apt_walk_4_features,PARKED,0.0,0.0,0.0,4,0.9211,1.679,0.0,0.0,0.0,0.0,0.0,0.0,0.0
124.139,apt_walk_4_features,PARKED,0.0,0.0,0.0,4,0.958,1.514,0.0,0.0,0.0,0.0,0.0,0.0,0.0
124.201,apt_walk_4_features,PARKED,0.0,0.0,0.0,4,0.8508,1.485,0.0,0.0,0.0,0.0,0.0,0.0,0.0
124.33,apt_walk_4_features,PARKED,0.0,0.0,0.0,4,0.8508,1.485,0.0,0.0,0.0,0.0,0.0,0.0,0.0
124.413,apt_walk_4_features,PARKED,0.0,0.0,0.0,4,0.745,1.477,0.0,0.0,0.0,0.0,0.0,0.0,0.0
124.501,apt_walk_4_features,PARKED,0.0,0.0,0.0,4,0.5479,1.45,0.0,0.0,0.0,0.0,0.0,0.0,0.0
124.613,apt_walk_4_features,PARKED,0.0,0.0,0.0,4,0.5479,1.45,0.0,0.0,0.0,0.0,0.0,0.0,0.0
124.701,apt_walk_4_features,PARKED,0.0,0.0,0.0,4,0.4824,1.462,0.0,0.0,0.0,0.0,0.0,0.0,0.0
124.801,apt_walk_4_features,PARKED,0.0,0.0,0.0,4,0.4824,1.462,0.0,0.0,0.0,0.0,0.0,0.0,0.0
124.901,apt_walk_4_features,PARKED,0.0,0.0,0.0,4,0.4824,1.462,0.0,0.0,0.0,0.0,0.0,0.0,0.0
125.009,apt_walk_4_features,PARKED,0.0,0.0,0.0,4,0.7056,1.696,0.0,0.0,0.0,0.0,0.0,0.0,0.0
125.126,apt_walk_4_features,PARKED,0.0,0.0,0.0,4,0.695,1.821,0.0,0.0,0.0,0.0,0.0,0.0,0.0
125.201,apt_walk_4_features,PARKED,0.0,0.0,0.0,3,0.554,1.911,0.0,0.0,0.0,0.0,0.0,0.0,0.0
125.301,apt_walk_4_features,PARKED,0.0,0.0,0.0,3,0.554,1.911,0.0,0.0,0.0,0.0,0.0,0.0,0.0
125.449,apt_walk_4_features,PARKED,0.0,0.0,0.0,3,0.503,2.042,0.0,0.0,0.0,0.0,0.0,0.0,0.0
125.506,apt_walk_4_features,PARKED,0.0,0.0,0.0,3,0.7762,2.205,0.0,0.0,0.0,0.0,0.0,0.0,0.0
125.623,apt_walk_4_features,PARKED,0.0,0.0,0.0,3,0.9483,2.341,0.0,0.0,0.0,0.0,0.0,0.0,0.0
125.701,apt_walk_4_features,PARKED,0.0,0.0,0.0,3,0.9483,2.341,0.0,0.0,0.0,0.0,0.0,0.0,0.0
125.801,apt_walk_4_features,PARKED,0.0,0.0,0.0,3,0.9483,2.341,0.0,0.0,0.0,0.0,0.0,0.0,0.0
125.901,apt_walk_4_features,PARKED,0.0,0.0,0.0,3,0.9483,2.341,0.0,0.0,0.0,0.0,0.0,0.0,0.0
126.016,apt_walk_4_features,PARKED,0.0,0.0,0.0,3,1.0382,2.629,0.0,0.0,0.0,0.0,0.0,0.0,0.0
126.101,apt_walk_4_features,PARKED,0.0,0.0,0.0,3,1.1782,2.795,0.0,0.0,0.0,0.0,0.0,0.0,0.0
126.201,apt_walk_4_features,PARKED,0.0,0.0,0.0,3,1.1782,2.795,0.0,0.0,0.0,0.0,0.0,0.0,0.0
126.301,apt_walk_4_features,PARKED,0.0,0.0,0.0,3,1.1782,2.795,0.0,0.0,0.0,0.0,0.0,0.0,0.0
126.426,apt_walk_4_features,PARKED,0.0,0.0,0.0,3,1.0951,3.008,0.0,0.0,0.0,0.0,0.0,0.0,0.0
126.549,apt_walk_4_features,PARKED,0.0,0.0,0.0,3,1.3425,3.262,0.0,0.0,0.0,0.0,0.0,0.0,0.0
126.603,apt_walk_4_features,PARKED,0.0,0.0,0.0,3,1.3425,3.262,0.0,0.0,0.0,0.0,0.0,0.0,0.0
126.701,apt_walk_4_features,PARKED,0.0,0.0,0.0,3,1.3425,3.262,0.0,0.0,0.0,0.0,0.0,0.0,0.0
126.8,apt_walk_4_features,PARKED,0.0,0.0,0.0,3,1.3425,3.262,0.0,0.0,0.0,0.0,0.0,0.0,0.0
126.902,apt_walk_4_features,PARKED,0.0,0.0,0.0,3,1.3425,3.262,0.0,0.0,0.0,0.0,0.0,0.0,0.0
127.002,apt_walk_4_features,PARKED,0.0,0.0,0.0,3,1.0896,3.643,0.0,0.0,0.0,0.0,0.0,0.0,0.0
127.113,apt_walk_4_features,PARKED,0.0,0.0,0.0,3,0.8317,3.687,0.0,0.0,0.0,0.0,0.0,0.0,0.0
127.201,apt_walk_4_features,PARKED,0.0,0.0,0.0,3,0.8317,3.687,0.0,0.0,0.0,0.0,0.0,0.0,0.0
127.336,apt_walk_4_features,PARKED,0.0,0.0,0.0,3,0.8317,3.687,0.0,0.0,0.0,0.0,0.0,0.0,0.0
127.401,apt_walk_4_features,PARKED,0.0,0.0,0.0,3,0.3239,3.64,0.0,0.0,0.0,0.0,0.0,0.0,0.0
127.501,apt_walk_4_features,PARKED,0.0,0.0,0.0,3,0.3239,3.64,0.0,0.0,0.0,0.0,0.0,0.0,0.0
127.601,apt_walk_4_features,PARKED,0.0,0.0,0.0,4,0.477,3.642,0.0,0.0,0.0,0.0,0.0,0.0,0.0
127.701,apt_walk_4_features,PARKED,0.0,0.0,0.0,4,0.477,3.642,0.0,0.0,0.0,0.0,0.0,0.0,0.0
127.827,apt_walk_4_features,PARKED,0.0,0.0,0.0,4,0.6911,3.701,0.0,0.0,0.0,0.0,0.0,0.0,0.0
127.901,apt_walk_4_features,PARKED,0.0,0.0,0.0,4,0.6911,3.701,0.0,0.0,0.0,0.0,0.0,0.0,0.0
128.001,apt_walk_4_features,PARKED,0.0,0.0,0.0,4,0.6911,3.701,0.0,0.0,0.0,0.0,0.0,0.0,0.0
128.102,apt_walk_4_features,PARKED,0.0,0.0,0.0,4,0.6911,3.701,0.0,0.0,0.0,0.0,0.0,0.0,0.0
128.201,apt_walk_4_features,PARKED,0.0,0.0,0.0,4,0.6911,3.701,0.0,0.0,0.0,0.0,0.0,0.0,0.0
128.301,apt_walk_4_features,PARKED,0.0,0.0,0.0,4,0.2546,3.694,0.0,0.0,0.0,0.0,0.0,0.0,0.0
128.435,apt_walk_4_features,PARKED,0.0,0.0,0.0,4,0.5353,3.771,0.0,0.0,0.0,0.0,0.0,0.0,0.0
128.501,apt_walk_4_features,PARKED,0.0,0.0,0.0,4,0.5353,3.771,0.0,0.0,0.0,0.0,0.0,0.0,0.0
128.631,apt_walk_4_features,PARKED,0.0,0.0,0.0,4,0.5792,3.733,0.0,0.0,0.0,0.0,0.0,0.0,0.0
128.719,apt_walk_4_features,PARKED,0.0,0.0,0.0,4,0.5792,3.733,0.0,0.0,0.0,0.0,0.0,0.0,0.0
128.84,apt_walk_4_features,PARKED,0.0,0.0,0.0,4,0.3861,3.623,0.0,0.0,0.0,0.0,0.0,0.0,0.0
128.901,apt_walk_4_features,PARKED,0.0,0.0,0.0,4,0.3861,3.623,0.0,0.0,0.0,0.0,0.0,0.0,0.0
129.001,apt_walk_4_features,PARKED,0.0,0.0,0.0,4,0.3861,3.623,0.0,0.0,0.0,0.0,0.0,0.0,0.0
129.101,apt_walk_4_features,PARKED,0.0,0.0,0.0,4,0.3861,3.623,0.0,0.0,0.0,0.0,0.0,0.0,0.0
129.201,apt_walk_4_features,PARKED,0.0,0.0,0.0,4,0.3861,3.623,0.0,0.0,0.0,0.0,0.0,0.0,0.0
129.343,apt_walk_4_features,PARKED,0.0,0.0,0.0,3,0.2262,3.435,0.0,0.0,0.0,0.0,0.0,0.0,0.0
129.405,apt_walk_4_features,PARKED,0.0,0.0,0.0,3,0.5556,3.14,0.0,0.0,0.0,0.0,0.0,0.0,0.0
129.53,apt_walk_4_features,PARKED,0.0,0.0,0.0,3,0.9244,2.948,0.0,0.0,0.0,0.0,0.0,0.0,0.0
129.601,apt_walk_4_features,PARKED,0.0,0.0,0.0,3,0.9244,2.948,0.0,0.0,0.0,0.0,0.0,0.0,0.0
129.701,apt_walk_4_features,PARKED,0.0,0.0,0.0,3,0.9244,2.948,0.0,0.0,0.0,0.0,0.0,0.0,0.0
129.802,apt_walk_4_features,PARKED,0.0,0.0,0.0,3,0.9244,2.948,0.0,0.0,0.0,0.0,0.0,0.0,0.0
129.902,apt_walk_4_features,PARKED,0.0,0.0,0.0,3,0.9244,2.948,0.0,0.0,0.0,0.0,0.0,0.0,0.0
130.049,apt_walk_4_features,PARKED,0.0,0.0,0.0,3,1.0991,2.383,0.0,0.0,0.0,0.0,0.0,0.0,0.0
130.129,apt_walk_4_features,PARKED,0.0,0.0,0.0,3,1.0991,2.383,0.0,0.0,0.0,0.0,0.0,0.0,0.0
130.202,apt_walk_4_features,PARKED,0.0,0.0,0.0,3,1.0991,2.383,0.0,0.0,0.0,0.0,0.0,0.0,0.0
130.302,apt_walk_4_features,PARKED,0.0,0.0,0.0,3,1.0991,2.383,0.0,0.0,0.0,0.0,0.0,0.0,0.0
130.445,apt_walk_4_features,PARKED,0.0,0.0,0.0,4,0.8795,2.016,0.0,0.0,0.0,0.0,0.0,0.0,0.0
130.507,apt_walk_4_features,PARKED,0.0,0.0,0.0,4,0.8795,2.016,0.0,0.0,0.0,0.0,0.0,0.0,0.0
130.642,apt_walk_4_features,PARKED,0.0,0.0,0.0,4,0.5192,1.942,0.0,0.0,0.0,0.0,0.0,0.0,0.0
130.701,apt_walk_4_features,PARKED,0.0,0.0,0.0,4,0.7893,1.915,0.0,0.0,0.0,0.0,0.0,0.0,0.0
130.821,apt_walk_4_features,PARKED,0.0,0.0,0.0,4,0.7893,1.915,0.0,0.0,0.0,0.0,0.0,0.0,0.0
130.936,apt_walk_4_features,PARKED,0.0,0.0,0.0,4,0.6886,1.789,0.0,0.0,0.0,0.0,0.0,0.0,0.0
131.018,apt_walk_4_features,PARKED,0.0,0.0,0.0,4,0.9641,1.652,0.0,0.0,0.0,0.0,0.0,0.0,0.0
131.116,apt_walk_4_features,PARKED,0.0,0.0,0.0,4,0.9641,1.652,0.0,0.0,0.0,0.0,0.0,0.0,0.0
131.201,apt_walk_4_features,PARKED,0.0,0.0,0.0,4,0.8056,1.573,0.0,0.0,0.0,0.0,0.0,0.0,0.0
131.301,apt_walk_4_features,PARKED,0.0,0.0,0.0,4,0.8056,1.519,0.0,0.0,0.0,0.0,0.0,0.0,0.0
131.409,apt_walk_4_features,PARKED,0.0,0.0,0.0,4,0.806,1.507,0.0,0.0,0.0,0.0,0.0,0.0,0.0
131.502,apt_walk_4_features,PARKED,0.0,0.0,0.0,4,0.806,1.486,0.0,0.0,0.0,0.0,0.0,0.0,0.0
131.615,apt_walk_4_features,PARKED,0.0,0.0,0.0,4,0.806,1.486,0.0,0.0,0.0,0.0,0.0,0.0,0.0
131.72,apt_walk_4_features,PARKED,0.0,0.0,0.0,4,0.806,1.486,0.0,0.0,0.0,0.0,0.0,0.0,0.0
131.826,apt_walk_4_features,PARKED,0.0,0.0,0.0,4,0.806,1.474,0.0,0.0,0.0,0.0,0.0,0.0,0.0
131.947,apt_walk_4_features,PARKED,0.0,0.0,0.0,4,0.806,1.607,0.0,0.0,0.0,0.0,0.0,0.0,0.0
132.002,apt_walk_4_features,PARKED,0.0,0.0,0.0,4,0.806,1.607,0.0,0.0,0.0,0.0,0.0,0.0,0.0
132.101,apt_walk_4_features,PARKED,0.0,0.0,0.0,4,0.806,1.607,0.0,0.0,0.0,0.0,0.0,0.0,0.0
132.201,apt_walk_4_features,PARKED,0.0,0.0,0.0,4,0.806,1.607,0.0,0.0,0.0,0.0,0.0,0.0,0.0
132.301,apt_walk_4_features,PARKED,0.0,0.0,0.0,3,0.5126,1.909,0.0,0.0,0.0,0.0,0.0,0.0,0.0
132.412,apt_walk_4_features,PARKED,0.0,0.0,0.0,3,0.8403,2.04,0.0,0.0,0.0,0.0,0.0,0.0,0.0
132.501,apt_walk_4_features,PARKED,0.0,0.0,0.0,3,0.8403,2.04,0.0,0.0,0.0,0.0,0.0,0.0,0.0
132.601,apt_walk_4_features,PARKED,0.0,0.0,0.0,3,0.8403,2.04,0.0,0.0,0.0,0.0,0.0,0.0,0.0
132.734,apt_walk_4_features,PARKED,0.0,0.0,0.0,3,1.0402,2.346,0.0,0.0,0.0,0.0,0.0,0.0,0.0
132.849,apt_walk_4_features,PARKED,0.0,0.0,0.0,3,1.3715,2.517,0.0,0.0,0.0,0.0,0.0,0.0,0.0
132.901,apt_walk_4_features,PARKED,0.0,0.0,0.0,3,1.3715,2.517,0.0,0.0,0.0,0.0,0.0,0.0,0.0
133.001,apt_walk_4_features,PARKED,0.0,0.0,0.0,3,1.3715,2.517,0.0,0.0,0.0,0.0,0.0,0.0,0.0
133.101,apt_walk_4_features,PARKED,0.0,0.0,0.0,3,1.3715,2.517,0.0,0.0,0.0,0.0,0.0,0.0,0.0
133.238,apt_walk_4_features,PARKED,0.0,0.0,0.0,3,1.372,2.797,0.0,0.0,0.0,0.0,0.0,0.0,0.0
133.301,apt_walk_4_features,PARKED,0.0,0.0,0.0,3,1.0315,2.98,0.0,0.0,0.0,0.0,0.0,0.0,0.0
133.426,apt_walk_4_features,PARKED,0.0,0.0,0.0,3,1.0315,2.98,0.0,0.0,0.0,0.0,0.0,0.0,0.0
133.517,apt_walk_4_features,PARKED,0.0,0.0,0.0,3,0.7722,3.055,0.0,0.0,0.0,0.0,0.0,0.0,0.0
133.607,apt_walk_4_features,PARKED,0.0,0.0,0.0,3,0.7722,3.055,0.0,0.0,0.0,0.0,0.0,0.0,0.0
133.732,apt_walk_4_features,PARKED,0.0,0.0,0.0,3,0.7722,3.412,0.0,0.0,0.0,0.0,0.0,0.0,0.0
133.802,apt_walk_4_features,PARKED,0.0,0.0,0.0,4,1.0323,3.482,0.0,0.0,0.0,0.0,0.0,0.0,0.0
133.901,apt_walk_4_features,PARKED,0.0,0.0,0.0,4,1.0323,3.482,0.0,0.0,0.0,0.0,0.0,0.0,0.0
134.001,apt_walk_4_features,PARKED,0.0,0.0,0.0,4,1.0323,3.482,0.0,0.0,0.0,0.0,0.0,0.0,0.0
134.138,apt_walk_4_features,PARKED,0.0,0.0,0.0,4,1.0247,3.669,0.0,0.0,0.0,0.0,0.0,0.0,0.0
134.201,apt_walk_4_features,PARKED,0.0,0.0,0.0,4,0.9436,3.717,0.0,0.0,0.0,0.0,0.0,0.0,0.0
134.301,apt_walk_4_features,PARKED,0.0,0.0,0.0,4,0.9436,3.717,0.0,0.0,0.0,0.0,0.0,0.0,0.0
134.401,apt_walk_4_features,PARKED,0.0,0.0,0.0,4,0.5823,3.697,0.0,0.0,0.0,0.0,0.0,0.0,0.0
134.501,apt_walk_4_features,PARKED,0.0,0.0,0.0,4,0.5823,3.697,0.0,0.0,0.0,0.0,0.0,0.0,0.0
134.611,apt_walk_4_features,PARKED,0.0,0.0,0.0,4,0.4009,3.772,0.0,0.0,0.0,0.0,0.0,0.0,0.0
134.7,apt_walk_4_features,PARKED,0.0,0.0,0.0,5,0.677,3.694,0.0,0.0,0.0,0.0,0.0,0.0,0.0
134.849,apt_walk_4_features,PARKED,0.0,0.0,0.0,5,0.677,3.694,0.0,0.0,0.0,0.0,0.0,0.0,0.0
134.933,apt_walk_4_features,PARKED,0.0,0.0,0.0,5,0.677,3.694,0.0,0.0,0.0,0.0,0.0,0.0,0.0
135.018,apt_walk_4_features,PARKED,0.0,0.0,0.0,5,0.677,3.694,0.0,0.0,0.0,0.0,0.0,0.0,0.0
135.102,apt_walk_4_features,PARKED,0.0,0.0,0.0,5,0.677,3.694,0.0,0.0,0.0,0.0,0.0,0.0,0.0
135.21,apt_walk_4_features,PARKED,0.0,0.0,0.0,5,0.7295,3.681,0.0,0.0,0.0,0.0,0.0,0.0,0.0
135.326,apt_walk_4_features,PARKED,0.0,0.0,0.0,5,0.4298,3.68,0.0,0.0,0.0,0.0,0.0,0.0,0.0
135.402,apt_walk_4_features,PARKED,0.0,0.0,0.0,5,0.334,3.667,0.0,0.0,0.0,0.0,0.0,0.0,0.0
135.529,apt_walk_4_features,PARKED,0.0,0.0,0.0,4,0.3885,3.68,0.0,0.0,0.0,0.0,0.0,0.0,0.0
135.635,apt_walk_4_features,PARKED,0.0,0.0,0.0,4,0.3885,3.68,0.0,0.0,0.0,0.0,0.0,0.0,0.0
135.7,apt_walk_4_features,PARKED,0.0,0.0,0.0,4,0.7798,3.652,0.0,0.0,0.0,0.0,0.0,0.0,0.0
135.81,apt_walk_4_features,PARKED,0.0,0.0,0.0,4,1.0865,3.621,0.0,0.0,0.0,0.0,0.0,0.0,0.0
135.901,apt_walk_4_features,PARKED,0.0,0.0,0.0,4,1.0865,3.621,0.0,0.0,0.0,0.0,0.0,0.0,0.0
136.023,apt_walk_4_features,PARKED,0.0,0.0,0.0,4,0.8801,3.662,0.0,0.0,0.0,0.0,0.0,0.0,0.0
136.102,apt_walk_4_features,PARKED,0.0,0.0,0.0,4,0.8801,3.662,0.0,0.0,0.0,0.0,0.0,0.0,0.0
136.232,apt_walk_4_features,PARKED,0.0,0.0,0.0,4,1.0453,3.446,0.0,0.0,0.0,0.0,0.0,0.0,0.0
136.301,apt_walk_4_features,PARKED,0.0,0.0,0.0,4,1.0453,3.446,0.0,0.0,0.0,0.0,0.0,0.0,0.0
136.402,apt_walk_4_features,PARKED,0.0,0.0,0.0,4,1.0453,3.446,0.0,0.0,0.0,0.0,0.0,0.0,0.0
136.501,apt_walk_4_features,PARKED,0.0,0.0,0.0,4,0.9964,3.369,0.0,0.0,0.0,0.0,0.0,0.0,0.0
136.627,apt_walk_4_features,PARKED,0.0,0.0,0.0,4,1.6957,3.053,0.0,0.0,0.0,0.0,0.0,0.0,0.0
136.702,apt_walk_4_features,PARKED,0.0,0.0,0.0,4,1.6957,3.053,0.0,0.0,0.0,0.0,0.0,0.0,0.0
136.801,apt_walk_4_features,PARKED,0.0,0.0,0.0,4,1.3244,2.892,0.0,0.0,0.0,0.0,0.0,0.0,0.0
136.901,apt_walk_4_features,PARKED,0.0,0.0,0.0,4,1.3244,2.892,0.0,0.0,0.0,0.0,0.0,0.0,0.0
137.025,apt_walk_4_features,PARKED,0.0,0.0,0.0,4,1.0132,2.833,0.0,0.0,0.0,0.0,0.0,0.0,0.0
137.101,apt_walk_4_features,PARKED,0.0,0.0,0.0,4,0.751,2.597,0.0,0.0,0.0,0.0,0.0,0.0,0.0
137.202,apt_walk_4_features,PARKED,0.0,0.0,0.0,4,0.751,2.597,0.0,0.0,0.0,0.0,0.0,0.0,0.0
137.302,apt_walk_4_features,PARKED,0.0,0.0,0.0,4,0.751,2.597,0.0,0.0,0.0,0.0,0.0,0.0,0.0
137.401,apt_walk_4_features,PARKED,0.0,0.0,0.0,4,0.4075,2.378,0.0,0.0,0.0,0.0,0.0,0.0,0.0
137.524,apt_walk_4_features,PARKED,0.0,0.0,0.0,4,0.768,2.163,0.0,0.0,0.0,0.0,0.0,0.0,0.0
137.645,apt_walk_4_features,PARKED,0.0,0.0,0.0,4,1.0001,2.03,0.0,0.0,0.0,0.0,0.0,0.0,0.0
137.701,apt_walk_4_features,PARKED,0.0,0.0,0.0,4,1.0001,2.03,0.0,0.0,0.0,0.0,0.0,0.0,0.0
137.801,apt_walk_4_features,PARKED,0.0,0.0,0.0,4,0.835,1.949,0.0,0.0,0.0,0.0,0.0,0.0,0.0
137.901,apt_walk_4_features,PARKED,0.0,0.0,0.0,4,0.835,1.949,0.0,0.0,0.0,0.0,0.0,0.0,0.0
138.027,apt_walk_4_features,PARKED,0.0,0.0,0.0,4,0.9214,1.747,0.0,0.0,0.0,0.0,0.0,0.0,0.0
138.101,apt_walk_4_features,PARKED,0.0,0.0,0.0,4,0.9214,1.747,0.0,0.0,0.0,0.0,0.0,0.0,0.0
138.201,apt_walk_4_features,PARKED,0.0,0.0,0.0,4,0.9214,1.747,0.0,0.0,0.0,0.0,0.0,0.0,0.0
138.301,apt_walk_4_features,PARKED,0.0,0.0,0.0,4,0.9214,1.747,0.0,0.0,0.0,0.0,0.0,0.0,0.0
138.425,apt_walk_4_features,PARKED,0.0,0.0,0.0,4,0.491,1.583,0.0,0.0,0.0,0.0,0.0,0.0,0.0
138.55,apt_walk_4_features,PARKED,0.0,0.0,0.0,3,0.2079,1.495,0.0,0.0,0.0,0.0,0.0,0.0,0.0
138.606,apt_walk_4_features,PARKED,0.0,0.0,0.0,3,0.2079,1.495,0.0,0.0,0.0,0.0,0.0,0.0,0.0
138.701,apt_walk_4_features,PARKED,0.0,0.0,0.0,3,0.2079,1.495,0.0,0.0,0.0,0.0,0.0,0.0,0.0
138.801,apt_walk_4_features,PARKED,0.0,0.0,0.0,3,0.2079,1.495,0.0,0.0,0.0,0.0,0.0,0.0,0.0
138.925,apt_walk_4_features,PARKED,0.0,0.0,0.0,3,0.4756,1.509,0.0,0.0,0.0,0.0,0.0,0.0,0.0
139.049,apt_walk_4_features,PARKED,0.0,0.0,0.0,4,0.4547,1.509,0.0,0.0,0.0,0.0,0.0,0.0,0.0
139.101,apt_walk_4_features,PARKED,0.0,0.0,0.0,4,0.4547,1.509,0.0,0.0,0.0,0.0,0.0,0.0,0.0
139.201,apt_walk_4_features,PARKED,0.0,0.0,0.0,4,0.4547,1.509,0.0,0.0,0.0,0.0,0.0,0.0,0.0
139.301,apt_walk_4_features,PARKED,0.0,0.0,0.0,4,0.4547,1.509,0.0,0.0,0.0,0.0,0.0,0.0,0.0
139.401,apt_walk_4_features,PARKED,0.0,0.0,0.0,3,0.6604,1.766,0.0,0.0,0.0,0.0,0.0,0.0,0.0
139.501,apt_walk_4_features,PARKED,0.0,0.0,0.0,3,0.6604,1.766,0.0,0.0,0.0,0.0,0.0,0.0,0.0
139.618,apt_walk_4_features,PARKED,0.0,0.0,0.0,3,0.6461,1.948,0.0,0.0,0.0,0.0,0.0,0.0,0.0
139.742,apt_walk_4_features,PARKED,0.0,0.0,0.0,3,0.8326,2.057,0.0,0.0,0.0,0.0,0.0,0.0,0.0
139.812,apt_walk_4_features,PARKED,0.0,0.0,0.0,3,0.8326,2.057,0.0,0.0,0.0,0.0,0.0,0.0,0.0
139.901,apt_walk_4_features,PARKED,0.0,0.0,0.0,3,0.8963,2.203,0.0,0.0,0.0,0.0,0.0,0.0,0.0
140.001,apt_walk_4_features,PARKED,0.0,0.0,0.0,3,0.8963,2.203,0.0,0.0,0.0,0.0,0.0,0.0,0.0
140.1,apt_walk_4_features,PARKED,0.0,0.0,0.0,3,0.5143,2.271,0.0,0.0,0.0,0.0,0.0,0.0,0.0
140.201,apt_walk_4_features,PARKED,0.0,0.0,0.0,3,0.5143,2.271,0.0,0.0,0.0,0.0,0.0,0.0,0.0
140.342,apt_walk_4_features,PARKED,0.0,0.0,0.0,3,1.1061,2.577,0.0,0.0,0.0,0.0,0.0,0.0,0.0
140.401,apt_walk_4_features,PARKED,0.0,0.0,0.0,3,1.057,2.714,0.0,0.0,0.0,0.0,0.0,0.0,0.0
140.536,apt_walk_4_features,PARKED,0.0,0.0,0.0,3,0.7391,2.801,0.0,0.0,0.0,0.0,0.0,0.0,0.0
140.614,apt_walk_4_features,PARKED,0.0,0.0,0.0,3,0.7391,2.801,0.0,0.0,0.0,0.0,0.0,0.0,0.0
140.701,apt_walk_4_features,PARKED,0.0,0.0,0.0,3,0.691,3.112,0.0,0.0,0.0,0.0,0.0,0.0,0.0
140.802,apt_walk_4_features,PARKED,0.0,0.0,0.0,3,0.691,3.112,0.0,0.0,0.0,0.0,0.0,0.0,0.0
140.929,apt_walk_4_features,PARKED,0.0,0.0,0.0,3,0.8639,3.254,0.0,0.0,0.0,0.0,0.0,0.0,0.0
141.047,apt_walk_4_features,PARKED,0.0,0.0,0.0,3,1.1603,3.439,0.0,0.0,0.0,0.0,0.0,0.0,0.0
141.101,apt_walk_4_features,PARKED,0.0,0.0,0.0,3,1.1603,3.439,0.0,0.0,0.0,0.0,0.0,0.0,0.0
141.201,apt_walk_4_features,PARKED,0.0,0.0,0.0,3,1.1603,3.439,0.0,0.0,0.0,0.0,0.0,0.0,0.0
141.301,apt_walk_4_features,PARKED,0.0,0.0,0.0,3,1.1603,3.439,0.0,0.0,0.0,0.0,0.0,0.0,0.0
141.401,apt_walk_4_features,PARKED,0.0,0.0,0.0,3,1.1603,3.439,0.0,0.0,0.0,0.0,0.0,0.0,0.0
141.51,apt_walk_4_features,PARKED,0.0,0.0,0.0,3,0.9403,3.741,0.0,0.0,0.0,0.0,0.0,0.0,0.0
141.601,apt_walk_4_features,PARKED,0.0,0.0,0.0,3,0.9403,3.741,0.0,0.0,0.0,0.0,0.0,0.0,0.0
141.702,apt_walk_4_features,PARKED,0.0,0.0,0.0,3,0.9403,3.741,0.0,0.0,0.0,0.0,0.0,0.0,0.0
141.802,apt_walk_4_features,PARKED,0.0,0.0,0.0,3,0.9403,3.741,0.0,0.0,0.0,0.0,0.0,0.0,0.0
141.901,apt_walk_4_features,PARKED,0.0,0.0,0.0,4,0.5638,3.636,0.0,0.0,0.0,0.0,0.0,0.0,0.0
142.031,apt_walk_4_features,PARKED,0.0,0.0,0.0,4,0.5307,3.679,0.0,0.0,0.0,0.0,0.0,0.0,0.0
142.122,apt_walk_4_features,PARKED,0.0,0.0,0.0,4,0.5307,3.679,0.0,0.0,0.0,0.0,0.0,0.0,0.0
142.229,apt_walk_4_features,PARKED,0.0,0.0,0.0,4,0.3497,3.671,0.0,0.0,0.0,0.0,0.0,0.0,0.0
142.302,apt_walk_4_features,PARKED,0.0,0.0,0.0,4,0.3497,3.671,0.0,0.0,0.0,0.0,0.0,0.0,0.0
142.446,apt_walk_4_features,PARKED,0.0,0.0,0.0,4,0.8131,3.67,0.0,0.0,0.0,0.0,0.0,0.0,0.0
142.501,apt_walk_4_features,PARKED,0.0,0.0,0.0,4,0.8131,3.67,0.0,0.0,0.0,0.0,0.0,0.0,0.0
142.601,apt_walk_4_features,PARKED,0.0,0.0,0.0,4,1.0601,3.617,0.0,0.0,0.0,0.0,0.0,0.0,0.0
142.731,apt_walk_4_features,PARKED,0.0,0.0,0.0,4,1.3681,3.644,0.0,0.0,0.0,0.0,0.0,0.0,0.0
142.801,apt_walk_4_features,PARKED,0.0,0.0,0.0,4,1.0601,3.638,0.0,0.0,0.0,0.0,0.0,0.0,0.0
142.927,apt_walk_4_features,PARKED,0.0,0.0,0.0,4,1.0601,3.638,0.0,0.0,0.0,0.0,0.0,0.0,0.0
143.034,apt_walk_4_features,PARKED,0.0,0.0,0.0,4,1.0601,3.638,0.0,0.0,0.0,0.0,0.0,0.0,0.0
143.101,apt_walk_4_features,PARKED,0.0,0.0,0.0,4,1.2557,3.683,0.0,0.0,0.0,0.0,0.0,0.0,0.0
143.202,apt_walk_4_features,PARKED,0.0,0.0,0.0,4,1.2557,3.683,0.0,0.0,0.0,0.0,0.0,0.0,0.0
143.302,apt_walk_4_features,PARKED,0.0,0.0,0.0,4,1.2557,3.683,0.0,0.0,0.0,0.0,0.0,0.0,0.0
143.401,apt_walk_4_features,PARKED,0.0,0.0,0.0,4,1.2557,3.683,0.0,0.0,0.0,0.0,0.0,0.0,0.0
143.501,apt_walk_4_features,PARKED,0.0,0.0,0.0,4,1.2557,3.683,0.0,0.0,0.0,0.0,0.0,0.0,0.0
143.601,apt_walk_4_features,PARKED,0.0,0.0,0.0,4,1.2557,3.683,0.0,0.0,0.0,0.0,0.0,0.0,0.0
143.701,apt_walk_4_features,PARKED,0.0,0.0,0.0,4,1.2557,3.683,0.0,0.0,0.0,0.0,0.0,0.0,0.0
143.801,apt_walk_4_features,PARKED,0.0,0.0,0.0,4,1.2557,3.683,0.0,0.0,0.0,0.0,0.0,0.0,0.0
143.901,apt_walk_4_features,PARKED,0.0,0.0,0.0,4,1.2557,3.683,0.0,0.0,0.0,0.0,0.0,0.0,0.0
144.001,apt_walk_4_features,PARKED,0.0,0.0,0.0,4,1.2557,3.683,0.0,0.0,0.0,0.0,0.0,0.0,0.0
144.101,apt_walk_4_features,PARKED,0.0,0.0,0.0,4,1.2557,3.683,0.0,0.0,0.0,0.0,0.0,0.0,0.0
144.202,apt_walk_4_features,PARKED,0.0,0.0,0.0,4,1.2557,3.683,0.0,0.0,0.0,0.0,0.0,0.0,0.0
144.301,apt_walk_4_features,PARKED,0.0,0.0,0.0,4,1.2557,3.683,0.0,0.0,0.0,0.0,0.0,0.0,0.0
144.401,apt_walk_4_features,PARKED,0.0,0.0,0.0,4,1.2557,3.683,0.0,0.0,0.0,0.0,0.0,0.0,0.0
144.501,apt_walk_4_features,PARKED,0.0,0.0,0.0,4,1.2557,3.683,0.0,0.0,0.0,0.0,0.0,0.0,0.0
144.601,apt_walk_4_features,PARKED,0.0,0.0,0.0,4,1.2557,3.683,0.0,0.0,0.0,0.0,0.0,0.0,0.0
144.701,apt_walk_4_features,PARKED,0.0,0.0,0.0,4,1.2557,3.683,0.0,0.0,0.0,0.0,0.0,0.0,0.0
144.801,apt_walk_4_features,PARKED,0.0,0.0,0.0,4,1.2557,3.683,0.0,0.0,0.0,0.0,0.0,0.0,0.0
144.901,apt_walk_4_features,PARKED,0.0,0.0,0.0,4,1.2557,3.683,0.0,0.0,0.0,0.0,0.0,0.0,0.0
145.001,apt_walk_4_features,PARKED,0.0,0.0,0.0,4,1.2557,3.683,0.0,0.0,0.0,0.0,0.0,0.0,0.0
145.101,apt_walk_4_features,PARKED,0.0,0.0,0.0,4,1.2557,3.683,0.0,0.0,0.0,0.0,0.0,0.0,0.0
145.201,apt_walk_4_features,PARKED,0.0,0.0,0.0,4,1.2557,3.683,0.0,0.0,0.0,0.0,0.0,0.0,0.0
145.301,apt_walk_4_features,PARKED,0.0,0.0,0.0,4,1.2557,3.683,0.0,0.0,0.0,0.0,0.0,0.0,0.0
145.401,apt_walk_4_features,PARKED,0.0,0.0,0.0,4,1.2557,3.683,0.0,0.0,0.0,0.0,0.0,0.0,0.0
145.501,apt_walk_4_features,PARKED,0.0,0.0,0.0,4,1.2557,3.683,0.0,0.0,0.0,0.0,0.0,0.0,0.0
145.601,apt_walk_4_features,PARKED,0.0,0.0,0.0,4,1.2557,3.683,0.0,0.0,0.0,0.0,0.0,0.0,0.0
145.701,apt_walk_4_features,PARKED,0.0,0.0,0.0,4,1.2557,3.683,0.0,0.0,0.0,0.0,0.0,0.0,0.0
145.801,apt_walk_4_features,PARKED,0.0,0.0,0.0,4,1.2557,3.683,0.0,0.0,0.0,0.0,0.0,0.0,0.0
145.901,apt_walk_4_features,PARKED,0.0,0.0,0.0,4,1.2557,3.683,0.0,0.0,0.0,0.0,0.0,0.0,0.0
146.001,apt_walk_4_features,PARKED,0.0,0.0,0.0,4,1.2557,3.683,0.0,0.0,0.0,0.0,0.0,0.0,0.0
146.101,apt_walk_4_features,PARKED,0.0,0.0,0.0,4,1.2557,3.683,0.0,0.0,0.0,0.0,0.0,0.0,0.0
146.201,apt_walk_4_features,PARKED,0.0,0.0,0.0,4,1.2557,3.683,0.0,0.0,0.0,0.0,0.0,0.0,0.0
146.301,apt_walk_4_features,PARKED,0.0,0.0,0.0,4,1.2557,3.683,0.0,0.0,0.0,0.0,0.0,0.0,0.0
146.401,apt_walk_4_features,PARKED,0.0,0.0,0.0,4,1.2557,3.683,0.0,0.0,0.0,0.0,0.0,0.0,0.0
146.501,apt_walk_4_features,PARKED,0.0,0.0,0.0,4,1.2557,3.683,0.0,0.0,0.0,0.0,0.0,0.0,0.0
146.601,apt_walk_4_features,PARKED,0.0,0.0,0.0,4,1.2557,3.683,0.0,0.0,0.0,0.0,0.0,0.0,0.0
146.701,apt_walk_4_features,PARKED,0.0,0.0,0.0,4,1.2557,3.683,0.0,0.0,0.0,0.0,0.0,0.0,0.0
146.801,apt_walk_4_features,PARKED,0.0,0.0,0.0,4,1.2557,3.683,0.0,0.0,0.0,0.0,0.0,0.0,0.0
146.901,apt_walk_4_features,PARKED,0.0,0.0,0.0,4,1.2557,3.683,0.0,0.0,0.0,0.0,0.0,0.0,0.0
147.001,apt_walk_4_features,PARKED,0.0,0.0,0.0,4,1.2557,3.683,0.0,0.0,0.0,0.0,0.0,0.0,0.0
147.101,apt_walk_4_features,PARKED,0.0,0.0,0.0,4,1.2557,3.683,0.0,0.0,0.0,0.0,0.0,0.0,0.0
147.207,apt_walk_4_features,PARKED,0.0,0.0,0.0,4,1.2557,3.683,0.0,0.0,0.0,0.0,0.0,0.0,0.0
147.301,apt_walk_4_features,PARKED,0.0,0.0,0.0,4,1.2557,3.683,0.0,0.0,0.0,0.0,0.0,0.0,0.0
147.401,apt_walk_4_features,PARKED,0.0,0.0,0.0,4,1.2557,3.683,0.0,0.0,0.0,0.0,0.0,0.0,0.0
147.501,apt_walk_4_features,PARKED,0.0,0.0,0.0,4,1.2557,3.683,0.0,0.0,0.0,0.0,0.0,0.0,0.0
147.601,apt_walk_4_features,PARKED,0.0,0.0,0.0,4,1.2557,3.683,0.0,0.0,0.0,0.0,0.0,0.0,0.0
147.701,apt_walk_4_features,PARKED,0.0,0.0,0.0,4,1.2557,3.683,0.0,0.0,0.0,0.0,0.0,0.0,0.0
147.801,apt_walk_4_features,PARKED,0.0,0.0,0.0,4,1.2557,3.683,0.0,0.0,0.0,0.0,0.0,0.0,0.0
147.901,apt_walk_4_features,PARKED,0.0,0.0,0.0,4,1.2557,3.683,0.0,0.0,0.0,0.0,0.0,0.0,0.0
148.002,apt_walk_4_features,PARKED,0.0,0.0,0.0,4,1.2557,3.683,0.0,0.0,0.0,0.0,0.0,0.0,0.0
148.101,apt_walk_4_features,PARKED,0.0,0.0,0.0,4,1.2557,3.683,0.0,0.0,0.0,0.0,0.0,0.0,0.0
148.201,apt_walk_4_features,PARKED,0.0,0.0,0.0,4,1.2557,3.683,0.0,0.0,0.0,0.0,0.0,0.0,0.0
148.301,apt_walk_4_features,PARKED,0.0,0.0,0.0,4,1.2557,3.683,0.0,0.0,0.0,0.0,0.0,0.0,0.0
148.401,apt_walk_4_features,PARKED,0.0,0.0,0.0,4,1.2557,3.683,0.0,0.0,0.0,0.0,0.0,0.0,0.0
148.501,apt_walk_4_features,PARKED,0.0,0.0,0.0,4,1.2557,3.683,0.0,0.0,0.0,0.0,0.0,0.0,0.0
148.601,apt_walk_4_features,PARKED,0.0,0.0,0.0,4,1.2557,3.683,0.0,0.0,0.0,0.0,0.0,0.0,0.0
148.701,apt_walk_4_features,PARKED,0.0,0.0,0.0,4,1.2557,3.683,0.0,0.0,0.0,0.0,0.0,0.0,0.0
148.801,apt_walk_4_features,PARKED,0.0,0.0,0.0,4,2.0425,3.563,0.0,0.0,0.0,0.0,0.0,0.0,0.0
148.932,apt_walk_4_features,PARKED,0.0,0.0,0.0,4,2.0426,3.675,0.0,0.0,0.0,0.0,0.0,0.0,0.0
149.045,apt_walk_4_features,PARKED,0.0,0.0,0.0,4,2.0426,3.651,0.0,0.0,0.0,0.0,0.0,0.0,0.0
149.141,apt_walk_4_features,PARKED,0.0,0.0,0.0,4,2.0426,3.651,0.0,0.0,0.0,0.0,0.0,0.0,0.0
149.22,apt_walk_4_features,PARKED,0.0,0.0,0.0,4,2.0426,3.62,0.0,0.0,0.0,0.0,0.0,0.0,0.0
149.344,apt_walk_4_features,PARKED,0.0,0.0,0.0,5,2.0426,3.654,0.0,0.0,0.0,0.0,0.0,0.0,0.0
149.405,apt_walk_4_features,PARKED,0.0,0.0,0.0,5,2.0426,3.681,0.0,0.0,0.0,0.0,0.0,0.0,0.0
149.502,apt_walk_4_features,PARKED,0.0,0.0,0.0,5,2.0426,3.681,0.0,0.0,0.0,0.0,0.0,0.0,0.0
149.601,apt_walk_4_features,PARKED,0.0,0.0,0.0,5,2.0426,3.681,0.0,0.0,0.0,0.0,0.0,0.0,0.0
149.703,apt_walk_4_features,PARKED,0.0,0.0,0.0,5,2.0426,3.681,0.0,0.0,0.0,0.0,0.0,0.0,0.0
149.801,apt_walk_4_features,PARKED,0.0,0.0,0.0,5,2.0426,3.681,0.0,0.0,0.0,0.0,0.0,0.0,0.0
149.929,apt_walk_4_features,PARKED,0.0,0.0,0.0,4,0.7315,3.722,0.0,0.0,0.0,0.0,0.0,0.0,0.0
150.001,apt_walk_4_features,PARKED,0.0,0.0,0.0,4,0.7315,3.722,0.0,0.0,0.0,0.0,0.0,0.0,0.0
150.129,apt_walk_4_features,PARKED,0.0,0.0,0.0,4,0.7315,3.722,0.0,0.0,0.0,0.0,0.0,0.0,0.0
150.209,apt_walk_4_features,PARKED,0.0,0.0,0.0,4,0.7315,3.722,0.0,0.0,0.0,0.0,0.0,0.0,0.0
150.332,apt_walk_4_features,PARKED,0.0,0.0,0.0,4,0.513,3.681,0.0,0.0,0.0,0.0,0.0,0.0,0.0
150.431,apt_walk_4_features,PARKED,0.0,0.0,0.0,4,0.524,3.678,0.0,0.0,0.0,0.0,0.0,0.0,0.0
150.507,apt_walk_4_features,PARKED,0.0,0.0,0.0,4,0.524,3.678,0.0,0.0,0.0,0.0,0.0,0.0,0.0
150.614,apt_walk_4_features,PARKED,0.0,0.0,0.0,4,0.3937,3.658,0.0,0.0,0.0,0.0,0.0,0.0,0.0
150.726,apt_walk_4_features,PARKED,0.0,0.0,0.0,4,0.3836,3.654,0.0,0.0,0.0,0.0,0.0,0.0,0.0
150.801,apt_walk_4_features,PARKED,0.0,0.0,0.0,4,0.1845,3.639,0.0,0.0,0.0,0.0,0.0,0.0,0.0
150.901,apt_walk_4_features,PARKED,0.0,0.0,0.0,4,0.1845,3.639,0.0,0.0,0.0,0.0,0.0,0.0,0.0
151.0,apt_walk_4_features,PARKED,0.0,0.0,0.0,4,0.1845,3.639,0.0,0.0,0.0,0.0,0.0,0.0,0.0
151.101,apt_walk_4_features,PARKED,0.0,0.0,0.0,4,0.1845,3.639,0.0,0.0,0.0,0.0,0.0,0.0,0.0
151.201,apt_walk_4_features,PARKED,0.0,0.0,0.0,4,0.1845,3.639,0.0,0.0,0.0,0.0,0.0,0.0,0.0
151.313,apt_walk_4_features,PARKED,0.0,0.0,0.0,3,0.693,3.165,0.0,0.0,0.0,0.0,0.0,0.0,0.0
151.425,apt_walk_4_features,PARKED,0.0,0.0,0.0,3,0.7001,3.023,0.0,0.0,0.0,0.0,0.0,0.0,0.0
151.525,apt_walk_4_features,PARKED,0.0,0.0,0.0,3,0.7001,3.023,0.0,0.0,0.0,0.0,0.0,0.0,0.0
151.617,apt_walk_4_features,PARKED,0.0,0.0,0.0,3,0.7001,3.023,0.0,0.0,0.0,0.0,0.0,0.0,0.0
151.741,apt_walk_4_features,PARKED,0.0,0.0,0.0,3,1.1566,2.725,0.0,0.0,0.0,0.0,0.0,0.0,0.0
151.803,apt_walk_4_features,PARKED,0.0,0.0,0.0,3,1.1566,2.725,0.0,0.0,0.0,0.0,0.0,0.0,0.0
151.9,apt_walk_4_features,PARKED,0.0,0.0,0.0,3,0.8519,2.588,0.0,0.0,0.0,0.0,0.0,0.0,0.0
152.002,apt_walk_4_features,PARKED,0.0,0.0,0.0,3,0.8519,2.588,0.0,0.0,0.0,0.0,0.0,0.0,0.0
152.101,apt_walk_4_features,PARKED,0.0,0.0,0.0,3,0.8519,2.588,0.0,0.0,0.0,0.0,0.0,0.0,0.0
152.224,apt_walk_4_features,PARKED,0.0,0.0,0.0,3,0.8519,2.323,0.0,0.0,0.0,0.0,0.0,0.0,0.0
152.344,apt_walk_4_features,PARKED,0.0,0.0,0.0,3,0.7438,2.203,0.0,0.0,0.0,0.0,0.0,0.0,0.0
152.444,apt_walk_4_features,PARKED,0.0,0.0,0.0,3,0.7438,2.203,0.0,0.0,0.0,0.0,0.0,0.0,0.0
152.51,apt_walk_4_features,PARKED,0.0,0.0,0.0,3,0.497,2.117,0.0,0.0,0.0,0.0,0.0,0.0,0.0
152.638,apt_walk_4_features,PARKED,0.0,0.0,0.0,3,0.497,2.117,0.0,0.0,0.0,0.0,0.0,0.0,0.0
152.7,apt_walk_4_features,PARKED,0.0,0.0,0.0,3,1.0983,1.859,0.0,0.0,0.0,0.0,0.0,0.0,0.0
152.808,apt_walk_4_features,PARKED,0.0,0.0,0.0,3,0.8098,1.788,0.0,0.0,0.0,0.0,0.0,0.0,0.0
152.9,apt_walk_4_features,PARKED,0.0,0.0,0.0,3,0.8098,1.788,0.0,0.0,0.0,0.0,0.0,0.0,0.0
153.001,apt_walk_4_features,PARKED,0.0,0.0,0.0,3,0.8098,1.788,0.0,0.0,0.0,0.0,0.0,0.0,0.0
153.147,apt_walk_4_features,PARKED,0.0,0.0,0.0,3,0.6526,1.58,0.0,0.0,0.0,0.0,0.0,0.0,0.0
153.206,apt_walk_4_features,PARKED,0.0,0.0,0.0,3,0.5342,1.518,0.0,0.0,0.0,0.0,0.0,0.0,0.0
153.301,apt_walk_4_features,PARKED,0.0,0.0,0.0,3,0.5342,1.518,0.0,0.0,0.0,0.0,0.0,0.0,0.0
153.401,apt_walk_4_features,PARKED,0.0,0.0,0.0,3,0.4755,1.468,0.0,0.0,0.0,0.0,0.0,0.0,0.0
153.501,apt_walk_4_features,PARKED,0.0,0.0,0.0,3,0.4755,1.468,0.0,0.0,0.0,0.0,0.0,0.0,0.0
153.601,apt_walk_4_features,PARKED,0.0,0.0,0.0,3,0.2445,1.463,0.0,0.0,0.0,0.0,0.0,0.0,0.0
153.713,apt_walk_4_features,PARKED,0.0,0.0,0.0,3,0.2445,1.463,0.0,0.0,0.0,0.0,0.0,0.0,0.0
153.802,apt_walk_4_features,PARKED,0.0,0.0,0.0,3,0.2445,1.463,0.0,0.0,0.0,0.0,0.0,0.0,0.0
153.901,apt_walk_4_features,PARKED,0.0,0.0,0.0,3,0.4454,1.445,0.0,0.0,0.0,0.0,0.0,0.0,0.0
154.001,apt_walk_4_features,PARKED,0.0,0.0,0.0,3,0.4454,1.445,0.0,0.0,0.0,0.0,0.0,0.0,0.0
154.128,apt_walk_4_features,PARKED,0.0,0.0,0.0,3,0.4347,1.62,0.0,0.0,0.0,0.0,0.0,0.0,0.0
154.201,apt_walk_4_features,PARKED,0.0,0.0,0.0,3,0.4577,1.733,0.0,0.0,0.0,0.0,0.0,0.0,0.0
154.32,apt_walk_4_features,PARKED,0.0,0.0,0.0,3,0.4577,1.733,0.0,0.0,0.0,0.0,0.0,0.0,0.0
154.407,apt_walk_4_features,PARKED,0.0,0.0,0.0,3,0.4577,1.733,0.0,0.0,0.0,0.0,0.0,0.0,0.0
154.526,apt_walk_4_features,PARKED,0.0,0.0,0.0,3,0.4607,1.971,0.0,0.0,0.0,0.0,0.0,0.0,0.0
154.648,apt_walk_4_features,PARKED,0.0,0.0,0.0,3,0.2617,2.064,0.0,0.0,0.0,0.0,0.0,0.0,0.0
154.714,apt_walk_4_features,PARKED,0.0,0.0,0.0,3,0.2617,2.064,0.0,0.0,0.0,0.0,0.0,0.0,0.0
154.845,apt_walk_4_features,PARKED,0.0,0.0,0.0,3,0.4777,2.156,0.0,0.0,0.0,0.0,0.0,0.0,0.0
154.901,apt_walk_4_features,PARKED,0.0,0.0,0.0,3,0.4777,2.156,0.0,0.0,0.0,0.0,0.0,0.0,0.0
155.008,apt_walk_4_features,PARKED,0.0,0.0,0.0,3,0.6041,2.46,0.0,0.0,0.0,0.0,0.0,0.0,0.0
155.113,apt_walk_4_features,PARKED,0.0,0.0,0.0,3,0.3932,2.565,0.0,0.0,0.0,0.0,0.0,0.0,0.0
155.201,apt_walk_4_features,PARKED,0.0,0.0,0.0,3,0.3932,2.565,0.0,0.0,0.0,0.0,0.0,0.0,0.0
155.301,apt_walk_4_features,PARKED,0.0,0.0,0.0,3,0.3932,2.565,0.0,0.0,0.0,0.0,0.0,0.0,0.0
155.401,apt_walk_4_features,PARKED,0.0,0.0,0.0,3,0.3932,2.565,0.0,0.0,0.0,0.0,0.0,0.0,0.0
155.52,apt_walk_4_features,PARKED,0.0,0.0,0.0,3,0.6169,2.998,0.0,0.0,0.0,0.0,0.0,0.0,0.0
155.601,apt_walk_4_features,PARKED,0.0,0.0,0.0,3,0.6169,2.998,0.0,0.0,0.0,0.0,0.0,0.0,0.0
155.704,apt_walk_4_features,PARKED,0.0,0.0,0.0,5,0.5588,3.088,0.0,0.0,0.0,0.0,0.0,0.0,0.0
155.801,apt_walk_4_features,PARKED,0.0,0.0,0.0,5,0.5588,3.088,0.0,0.0,0.0,0.0,0.0,0.0,0.0
155.911,apt_walk_4_features,PARKED,0.0,0.0,0.0,3,0.3347,3.324,0.0,0.0,0.0,0.0,0.0,0.0,0.0
156.001,apt_walk_4_features,PARKED,0.0,0.0,0.0,3,0.3347,3.324,0.0,0.0,0.0,0.0,0.0,0.0,0.0
156.101,apt_walk_4_features,PARKED,0.0,0.0,0.0,3,0.3347,3.324,0.0,0.0,0.0,0.0,0.0,0.0,0.0
156.201,apt_walk_4_features,PARKED,0.0,0.0,0.0,3,0.3347,3.324,0.0,0.0,0.0,0.0,0.0,0.0,0.0
156.346,apt_walk_4_features,PARKED,0.0,0.0,0.0,3,1.2594,3.655,0.0,0.0,0.0,0.0,0.0,0.0,0.0
156.407,apt_walk_4_features,PARKED,0.0,0.0,0.0,3,1.2594,3.655,0.0,0.0,0.0,0.0,0.0,0.0,0.0
156.53,apt_walk_4_features,PARKED,0.0,0.0,0.0,4,0.7347,3.692,0.0,0.0,0.0,0.0,0.0,0.0,0.0
156.636,apt_walk_4_features,PARKED,0.0,0.0,0.0,4,0.7347,3.692,0.0,0.0,0.0,0.0,0.0,0.0,0.0
156.717,apt_walk_4_features,PARKED,0.0,0.0,0.0,4,0.7347,3.692,0.0,0.0,0.0,0.0,0.0,0.0,0.0
156.801,apt_walk_4_features,PARKED,0.0,0.0,0.0,4,0.7347,3.692,0.0,0.0,0.0,0.0,0.0,0.0,0.0
156.916,apt_walk_4_features,PARKED,0.0,0.0,0.0,4,0.5987,3.696,0.0,0.0,0.0,0.0,0.0,0.0,0.0
157.001,apt_walk_4_features,PARKED,0.0,0.0,0.0,4,0.4162,3.714,0.0,0.0,0.0,0.0,0.0,0.0,0.0
157.111,apt_walk_4_features,PARKED,0.0,0.0,0.0,4,0.4338,3.641,0.0,0.0,0.0,0.0,0.0,0.0,0.0
157.201,apt_walk_4_features,PARKED,0.0,0.0,0.0,4,0.4338,3.641,0.0,0.0,0.0,0.0,0.0,0.0,0.0
157.301,apt_walk_4_features,PARKED,0.0,0.0,0.0,4,0.4338,3.641,0.0,0.0,0.0,0.0,0.0,0.0,0.0
157.429,apt_walk_4_features,PARKED,0.0,0.0,0.0,3,0.3982,3.73,0.0,0.0,0.0,0.0,0.0,0.0,0.0
157.541,apt_walk_4_features,PARKED,0.0,0.0,0.0,3,0.4929,3.724,0.0,0.0,0.0,0.0,0.0,0.0,0.0
157.635,apt_walk_4_features,PARKED,0.0,0.0,0.0,3,0.4929,3.724,0.0,0.0,0.0,0.0,0.0,0.0,0.0
157.715,apt_walk_4_features,PARKED,0.0,0.0,0.0,3,0.4929,3.724,0.0,0.0,0.0,0.0,0.0,0.0,0.0
157.844,apt_walk_4_features,PARKED,0.0,0.0,0.0,3,0.6444,3.675,0.0,0.0,0.0,0.0,0.0,0.0,0.0
157.907,apt_walk_4_features,PARKED,0.0,0.0,0.0,3,0.8099,3.68,0.0,0.0,0.0,0.0,0.0,0.0,0.0
158.025,apt_walk_4_features,PARKED,0.0,0.0,0.0,3,0.9523,3.737,0.0,0.0,0.0,0.0,0.0,0.0,0.0
158.126,apt_walk_4_features,PARKED,0.0,0.0,0.0,3,0.9523,3.737,0.0,0.0,0.0,0.0,0.0,0.0,0.0
158.201,apt_walk_4_features,PARKED,0.0,0.0,0.0,3,0.9523,3.737,0.0,0.0,0.0,0.0,0.0,0.0,0.0
158.305,apt_walk_4_features,PARKED,0.0,0.0,0.0,3,0.9523,3.645,0.0,0.0,0.0,0.0,0.0,0.0,0.0
158.426,apt_walk_4_features,PARKED,0.0,0.0,0.0,3,0.9526,3.548,0.0,0.0,0.0,0.0,0.0,0.0,0.0
158.526,apt_walk_4_features,PARKED,0.0,0.0,0.0,3,0.9526,3.548,0.0,0.0,0.0,0.0,0.0,0.0,0.0
158.614,apt_walk_4_features,PARKED,0.0,0.0,0.0,3,0.9526,3.548,0.0,0.0,0.0,0.0,0.0,0.0,0.0
158.75,apt_walk_4_features,PARKED,0.0,0.0,0.0,3,0.9762,3.305,0.0,0.0,0.0,0.0,0.0,0.0,0.0
158.809,apt_walk_4_features,PARKED,0.0,0.0,0.0,3,1.3976,3.118,0.0,0.0,0.0,0.0,0.0,0.0,0.0
158.901,apt_walk_4_features,PARKED,0.0,0.0,0.0,3,1.3976,3.118,0.0,0.0,0.0,0.0,0.0,0.0,0.0
159.018,apt_walk_4_features,PARKED,0.0,0.0,0.0,3,1.3976,3.118,0.0,0.0,0.0,0.0,0.0,0.0,0.0
159.147,apt_walk_4_features,PARKED,0.0,0.0,0.0,3,1.3793,2.742,0.0,0.0,0.0,0.0,0.0,0.0,0.0
159.201,apt_walk_4_features,PARKED,0.0,0.0,0.0,3,1.3793,2.742,0.0,0.0,0.0,0.0,0.0,0.0,0.0
159.301,apt_walk_4_features,PARKED,0.0,0.0,0.0,3,1.0325,2.526,0.0,0.0,0.0,0.0,0.0,0.0,0.0
159.401,apt_walk_4_features,PARKED,0.0,0.0,0.0,3,1.0325,2.526,0.0,0.0,0.0,0.0,0.0,0.0,0.0
159.501,apt_walk_4_features,PARKED,0.0,0.0,0.0,3,0.7001,2.449,0.0,0.0,0.0,0.0,0.0,0.0,0.0
159.601,apt_walk_4_features,PARKED,0.0,0.0,0.0,3,0.7001,2.449,0.0,0.0,0.0,0.0,0.0,0.0,0.0
159.73,apt_walk_4_features,PARKED,0.0,0.0,0.0,3,1.2255,2.153,0.0,0.0,0.0,0.0,0.0,0.0,0.0
159.801,apt_walk_4_features,PARKED,0.0,0.0,0.0,3,1.2255,2.153,0.0,0.0,0.0,0.0,0.0,0.0,0.0
159.903,apt_walk_4_features,PARKED,0.0,0.0,0.0,3,0.9731,2.039,0.0,0.0,0.0,0.0,0.0,0.0,0.0
160.049,apt_walk_4_features,PARKED,0.0,0.0,0.0,3,0.9731,2.039,0.0,0.0,0.0,0.0,0.0,0.0,0.0
160.108,apt_walk_4_features,PARKED,0.0,0.0,0.0,3,0.775,1.841,0.0,0.0,0.0,0.0,0.0,0.0,0.0
160.202,apt_walk_4_features,PARKED,0.0,0.0,0.0,3,0.775,1.841,0.0,0.0,0.0,0.0,0.0,0.0,0.0
160.301,apt_walk_4_features,PARKED,0.0,0.0,0.0,3,0.775,1.841,0.0,0.0,0.0,0.0,0.0,0.0,0.0
160.401,apt_walk_4_features,PARKED,0.0,0.0,0.0,3,0.775,1.841,0.0,0.0,0.0,0.0,0.0,0.0,0.0
160.501,apt_walk_4_features,PARKED,0.0,0.0,0.0,3,0.775,1.841,0.0,0.0,0.0,0.0,0.0,0.0,0.0
160.609,apt_walk_4_features,PARKED,0.0,0.0,0.0,3,0.6515,1.598,0.0,0.0,0.0,0.0,0.0,0.0,0.0
160.727,apt_walk_4_features,PARKED,0.0,0.0,0.0,3,0.3676,1.563,0.0,0.0,0.0,0.0,0.0,0.0,0.0
160.826,apt_walk_4_features,PARKED,0.0,0.0,0.0,3,0.3676,1.563,0.0,0.0,0.0,0.0,0.0,0.0,0.0
160.91,apt_walk_4_features,PARKED,0.0,0.0,0.0,3,0.3676,1.563,0.0,0.0,0.0,0.0,0.0,0.0,0.0
161.048,apt_walk_4_features,PARKED,0.0,0.0,0.0,3,0.4706,1.526,0.0,0.0,0.0,0.0,0.0,0.0,0.0
161.106,apt_walk_4_features,PARKED,0.0,0.0,0.0,3,0.4706,1.526,0.0,0.0,0.0,0.0,0.0,0.0,0.0
161.202,apt_walk_4_features,PARKED,0.0,0.0,0.0,3,0.7602,1.55,0.0,0.0,0.0,0.0,0.0,0.0,0.0
161.301,apt_walk_4_features,PARKED,0.0,0.0,0.0,3,0.7602,1.55,0.0,0.0,0.0,0.0,0.0,0.0,0.0
161.401,apt_walk_4_features,PARKED,0.0,0.0,0.0,3,0.7602,1.55,0.0,0.0,0.0,0.0,0.0,0.0,0.0
161.526,apt_walk_4_features,PARKED,0.0,0.0,0.0,3,0.8605,1.842,0.0,0.0,0.0,0.0,0.0,0.0,0.0
161.643,apt_walk_4_features,PARKED,0.0,0.0,0.0,3,0.5703,1.941,0.0,0.0,0.0,0.0,0.0,0.0,0.0
161.705,apt_walk_4_features,PARKED,0.0,0.0,0.0,3,0.8235,2.054,0.0,0.0,0.0,0.0,0.0,0.0,0.0
161.831,apt_walk_4_features,PARKED,0.0,0.0,0.0,3,0.4801,2.088,0.0,0.0,0.0,0.0,0.0,0.0,0.0
161.937,apt_walk_4_features,PARKED,0.0,0.0,0.0,3,0.4801,2.088,0.0,0.0,0.0,0.0,0.0,0.0,0.0
162.003,apt_walk_4_features,PARKED,0.0,0.0,0.0,3,0.7809,2.196,0.0,0.0,0.0,0.0,0.0,0.0,0.0
162.125,apt_walk_4_features,PARKED,0.0,0.0,0.0,3,0.523,2.255,0.0,0.0,0.0,0.0,0.0,0.0,0.0
162.201,apt_walk_4_features,PARKED,0.0,0.0,0.0,3,0.779,2.36,0.0,0.0,0.0,0.0,0.0,0.0,0.0
162.301,apt_walk_4_features,PARKED,0.0,0.0,0.0,3,0.779,2.36,0.0,0.0,0.0,0.0,0.0,0.0,0.0
162.401,apt_walk_4_features,PARKED,0.0,0.0,0.0,3,0.779,2.36,0.0,0.0,0.0,0.0,0.0,0.0,0.0
162.501,apt_walk_4_features,PARKED,0.0,0.0,0.0,3,0.779,2.36,0.0,0.0,0.0,0.0,0.0,0.0,0.0
162.61,apt_walk_4_features,PARKED,0.0,0.0,0.0,3,0.7123,2.79,0.0,0.0,0.0,0.0,0.0,0.0,0.0
162.743,apt_walk_4_features,PARKED,0.0,0.0,0.0,3,0.7123,2.79,0.0,0.0,0.0,0.0,0.0,0.0,0.0
162.824,apt_walk_4_features,PARKED,0.0,0.0,0.0,3,0.7123,2.79,0.0,0.0,0.0,0.0,0.0,0.0,0.0
162.905,apt_walk_4_features,PARKED,0.0,0.0,0.0,3,0.7123,2.79,0.0,0.0,0.0,0.0,0.0,0.0,0.0
163.025,apt_walk_4_features,PARKED,0.0,0.0,0.0,3,0.7701,3.038,0.0,0.0,0.0,0.0,0.0,0.0,0.0
163.101,apt_walk_4_features,PARKED,0.0,0.0,0.0,3,1.0107,3.231,0.0,0.0,0.0,0.0,0.0,0.0,0.0
163.228,apt_walk_4_features,PARKED,0.0,0.0,0.0,3,1.0107,3.231,0.0,0.0,0.0,0.0,0.0,0.0,0.0
163.302,apt_walk_4_features,PARKED,0.0,0.0,0.0,3,1.0107,3.231,0.0,0.0,0.0,0.0,0.0,0.0,0.0
163.402,apt_walk_4_features,PARKED,0.0,0.0,0.0,3,1.0107,3.231,0.0,0.0,0.0,0.0,0.0,0.0,0.0
163.513,apt_walk_4_features,PARKED,0.0,0.0,0.0,4,0.6817,3.571,0.0,0.0,0.0,0.0,0.0,0.0,0.0
163.627,apt_walk_4_features,PARKED,0.0,0.0,0.0,3,0.9614,3.64,0.0,0.0,0.0,0.0,0.0,0.0,0.0
163.73,apt_walk_4_features,PARKED,0.0,0.0,0.0,3,0.9614,3.64,0.0,0.0,0.0,0.0,0.0,0.0,0.0
163.842,apt_walk_4_features,PARKED,0.0,0.0,0.0,3,0.4369,3.705,0.0,0.0,0.0,0.0,0.0,0.0,0.0
163.901,apt_walk_4_features,PARKED,0.0,0.0,0.0,4,0.6555,3.702,0.0,0.0,0.0,0.0,0.0,0.0,0.0
164.023,apt_walk_4_features,PARKED,0.0,0.0,0.0,4,0.4936,3.7,0.0,0.0,0.0,0.0,0.0,0.0,0.0
164.102,apt_walk_4_features,PARKED,0.0,0.0,0.0,4,0.4936,3.7,0.0,0.0,0.0,0.0,0.0,0.0,0.0
164.214,apt_walk_4_features,PARKED,0.0,0.0,0.0,4,0.6555,3.714,0.0,0.0,0.0,0.0,0.0,0.0,0.0
164.303,apt_walk_4_features,PARKED,0.0,0.0,0.0,4,0.6555,3.714,0.0,0.0,0.0,0.0,0.0,0.0,0.0
164.432,apt_walk_4_features,PARKED,0.0,0.0,0.0,4,1.2787,3.679,0.0,0.0,0.0,0.0,0.0,0.0,0.0
164.5,apt_walk_4_features,PARKED,0.0,0.0,0.0,5,1.1012,3.624,0.0,0.0,0.0,0.0,0.0,0.0,0.0
164.601,apt_walk_4_features,PARKED,0.0,0.0,0.0,5,1.1012,3.624,0.0,0.0,0.0,0.0,0.0,0.0,0.0
164.702,apt_walk_4_features,PARKED,0.0,0.0,0.0,4,1.2787,3.655,0.0,0.0,0.0,0.0,0.0,0.0,0.0
164.841,apt_walk_4_features,PARKED,0.0,0.0,0.0,4,1.2787,3.655,0.0,0.0,0.0,0.0,0.0,0.0,0.0
164.912,apt_walk_4_features,PARKED,0.0,0.0,0.0,4,0.6554,3.677,0.0,0.0,0.0,0.0,0.0,0.0,0.0
165.029,apt_walk_4_features,PARKED,0.0,0.0,0.0,4,0.5965,3.664,0.0,0.0,0.0,0.0,0.0,0.0,0.0
165.102,apt_walk_4_features,PARKED,0.0,0.0,0.0,4,0.5965,3.664,0.0,0.0,0.0,0.0,0.0,0.0,0.0
165.25,apt_walk_4_features,PARKED,0.0,0.0,0.0,4,0.7892,3.667,0.0,0.0,0.0,0.0,0.0,0.0,0.0
165.301,apt_walk_4_features,PARKED,0.0,0.0,0.0,4,0.7892,3.667,0.0,0.0,0.0,0.0,0.0,0.0,0.0
165.419,apt_walk_4_features,PARKED,0.0,0.0,0.0,4,1.4224,3.632,0.0,0.0,0.0,0.0,0.0,0.0,0.0
165.545,apt_walk_4_features,PARKED,0.0,0.0,0.0,4,1.7268,3.53,0.0,0.0,0.0,0.0,0.0,0.0,0.0
165.601,apt_walk_4_features,PARKED,0.0,0.0,0.0,4,1.7268,3.53,0.0,0.0,0.0,0.0,0.0,0.0,0.0
165.701,apt_walk_4_features,PARKED,0.0,0.0,0.0,4,2.021,3.492,0.0,0.0,0.0,0.0,0.0,0.0,0.0
165.801,apt_walk_4_features,PARKED,0.0,0.0,0.0,4,2.0606,3.404,0.0,0.0,0.0,0.0,0.0,0.0,0.0
165.934,apt_walk_4_features,PARKED,0.0,0.0,0.0,4,2.0606,3.236,0.0,0.0,0.0,0.0,0.0,0.0,0.0
166.001,apt_walk_4_features,PARKED,0.0,0.0,0.0,4,2.0608,3.134,0.0,0.0,0.0,0.0,0.0,0.0,0.0
166.132,apt_walk_4_features,PARKED,0.0,0.0,0.0,4,2.0608,3.073,0.0,0.0,0.0,0.0,0.0,0.0,0.0
166.223,apt_walk_4_features,PARKED,0.0,0.0,0.0,4,2.0608,3.073,0.0,0.0,0.0,0.0,0.0,0.0,0.0
166.301,apt_walk_4_features,PARKED,0.0,0.0,0.0,4,2.0608,3.073,0.0,0.0,0.0,0.0,0.0,0.0,0.0
166.401,apt_walk_4_features,PARKED,0.0,0.0,0.0,4,2.0608,2.834,0.0,0.0,0.0,0.0,0.0,0.0,0.0
166.501,apt_walk_4_features,PARKED,0.0,0.0,0.0,4,2.0609,2.673,0.0,0.0,0.0,0.0,0.0,0.0,0.0
166.601,apt_walk_4_features,PARKED,0.0,0.0,0.0,4,2.0609,2.673,0.0,0.0,0.0,0.0,0.0,0.0,0.0
166.701,apt_walk_4_features,PARKED,0.0,0.0,0.0,4,2.0609,2.673,0.0,0.0,0.0,0.0,0.0,0.0,0.0
166.841,apt_walk_4_features,PARKED,0.0,0.0,0.0,3,1.5421,2.321,0.0,0.0,0.0,0.0,0.0,0.0,0.0
166.928,apt_walk_4_features,PARKED,0.0,0.0,0.0,3,1.5421,2.321,0.0,0.0,0.0,0.0,0.0,0.0,0.0
167.047,apt_walk_4_features,PARKED,0.0,0.0,0.0,4,1.2852,2.203,0.0,0.0,0.0,0.0,0.0,0.0,0.0
167.109,apt_walk_4_features,PARKED,0.0,0.0,0.0,4,1.0283,2.122,0.0,0.0,0.0,0.0,0.0,0.0,0.0
167.201,apt_walk_4_features,PARKED,0.0,0.0,0.0,4,0.9382,1.993,0.0,0.0,0.0,0.0,0.0,0.0,0.0
167.301,apt_walk_4_features,PARKED,0.0,0.0,0.0,4,0.9382,1.993,0.0,0.0,0.0,0.0,0.0,0.0,0.0
167.401,apt_walk_4_features,PARKED,0.0,0.0,0.0,4,0.9382,1.993,0.0,0.0,0.0,0.0,0.0,0.0,0.0
167.547,apt_walk_4_features,PARKED,0.0,0.0,0.0,4,0.9824,1.828,0.0,0.0,0.0,0.0,0.0,0.0,0.0
167.6,apt_walk_4_features,PARKED,0.0,0.0,0.0,4,0.9824,1.828,0.0,0.0,0.0,0.0,0.0,0.0,0.0
167.709,apt_walk_4_features,PARKED,0.0,0.0,0.0,4,0.9824,1.828,0.0,0.0,0.0,0.0,0.0,0.0,0.0
167.825,apt_walk_4_features,PARKED,0.0,0.0,0.0,4,0.8822,1.573,0.0,0.0,0.0,0.0,0.0,0.0,0.0
167.901,apt_walk_4_features,PARKED,0.0,0.0,0.0,4,0.6079,1.502,0.0,0.0,0.0,0.0,0.0,0.0,0.0
168.035,apt_walk_4_features,PARKED,0.0,0.0,0.0,4,0.5794,1.494,0.0,0.0,0.0,0.0,0.0,0.0,0.0
168.121,apt_walk_4_features,PARKED,0.0,0.0,0.0,4,0.5794,1.494,0.0,0.0,0.0,0.0,0.0,0.0,0.0
168.251,apt_walk_4_features,PARKED,0.0,0.0,0.0,3,0.514,1.445,0.0,0.0,0.0,0.0,0.0,0.0,0.0
168.312,apt_walk_4_features,PARKED,0.0,0.0,0.0,3,0.514,1.445,0.0,0.0,0.0,0.0,0.0,0.0,0.0
168.401,apt_walk_4_features,PARKED,0.0,0.0,0.0,3,0.514,1.445,0.0,0.0,0.0,0.0,0.0,0.0,0.0
168.501,apt_walk_4_features,PARKED,0.0,0.0,0.0,3,0.514,1.445,0.0,0.0,0.0,0.0,0.0,0.0,0.0
168.612,apt_walk_4_features,PARKED,0.0,0.0,0.0,3,0.38,1.512,0.0,0.0,0.0,0.0,0.0,0.0,0.0
168.725,apt_walk_4_features,PARKED,0.0,0.0,0.0,3,0.7637,1.671,0.0,0.0,0.0,0.0,0.0,0.0,0.0
168.829,apt_walk_4_features,PARKED,0.0,0.0,0.0,3,0.7637,1.671,0.0,0.0,0.0,0.0,0.0,0.0,0.0
168.901,apt_walk_4_features,PARKED,0.0,0.0,0.0,3,0.3643,1.739,0.0,0.0,0.0,0.0,0.0,0.0,0.0
169.008,apt_walk_4_features,PARKED,0.0,0.0,0.0,3,0.9075,1.932,0.0,0.0,0.0,0.0,0.0,0.0,0.0
169.129,apt_walk_4_features,PARKED,0.0,0.0,0.0,3,0.8756,2.047,0.0,0.0,0.0,0.0,0.0,0.0,0.0
169.209,apt_walk_4_features,PARKED,0.0,0.0,0.0,3,0.8756,2.047,0.0,0.0,0.0,0.0,0.0,0.0,0.0
169.301,apt_walk_4_features,PARKED,0.0,0.0,0.0,3,0.8756,2.047,0.0,0.0,0.0,0.0,0.0,0.0,0.0
169.401,apt_walk_4_features,PARKED,0.0,0.0,0.0,3,0.5481,2.089,0.0,0.0,0.0,0.0,0.0,0.0,0.0
169.51,apt_walk_4_features,PARKED,0.0,0.0,0.0,3,1.1446,2.325,0.0,0.0,0.0,0.0,0.0,0.0,0.0
169.627,apt_walk_4_features,PARKED,0.0,0.0,0.0,3,1.0594,2.462,0.0,0.0,0.0,0.0,0.0,0.0,0.0
169.75,apt_walk_4_features,PARKED,0.0,0.0,0.0,3,1.0594,2.462,0.0,0.0,0.0,0.0,0.0,0.0,0.0
169.842,apt_walk_4_features,PARKED,0.0,0.0,0.0,3,1.0594,2.462,0.0,0.0,0.0,0.0,0.0,0.0,0.0
169.914,apt_walk_4_features,PARKED,0.0,0.0,0.0,3,0.7269,2.546,0.0,0.0,0.0,0.0,0.0,0.0,0.0
170.03,apt_walk_4_features,PARKED,0.0,0.0,0.0,3,1.0398,2.713,0.0,0.0,0.0,0.0,0.0,0.0,0.0
170.1,apt_walk_4_features,PARKED,0.0,0.0,0.0,3,1.0398,2.965,0.0,0.0,0.0,0.0,0.0,0.0,0.0
170.208,apt_walk_4_features,PARKED,0.0,0.0,0.0,3,0.7377,3.042,0.0,0.0,0.0,0.0,0.0,0.0,0.0
170.301,apt_walk_4_features,PARKED,0.0,0.0,0.0,3,0.7377,3.042,0.0,0.0,0.0,0.0,0.0,0.0,0.0
170.401,apt_walk_4_features,PARKED,0.0,0.0,0.0,3,0.7377,3.042,0.0,0.0,0.0,0.0,0.0,0.0,0.0
170.501,apt_walk_4_features,PARKED,0.0,0.0,0.0,3,0.7377,3.042,0.0,0.0,0.0,0.0,0.0,0.0,0.0
170.601,apt_walk_4_features,PARKED,0.0,0.0,0.0,3,0.7377,3.042,0.0,0.0,0.0,0.0,0.0,0.0,0.0
170.75,apt_walk_4_features,PARKED,0.0,0.0,0.0,3,0.8643,3.545,0.0,0.0,0.0,0.0,0.0,0.0,0.0
170.807,apt_walk_4_features,PARKED,0.0,0.0,0.0,3,0.5863,3.63,0.0,0.0,0.0,0.0,0.0,0.0,0.0
170.901,apt_walk_4_features,PARKED,0.0,0.0,0.0,3,0.5863,3.63,0.0,0.0,0.0,0.0,0.0,0.0,0.0
171.001,apt_walk_4_features,PARKED,0.0,0.0,0.0,3,0.7959,3.668,0.0,0.0,0.0,0.0,0.0,0.0,0.0
171.101,apt_walk_4_features,PARKED,0.0,0.0,0.0,3,0.7959,3.668,0.0,0.0,0.0,0.0,0.0,0.0,0.0
171.221,apt_walk_4_features,PARKED,0.0,0.0,0.0,3,0.7529,3.695,0.0,0.0,0.0,0.0,0.0,0.0,0.0
171.342,apt_walk_4_features,PARKED,0.0,0.0,0.0,3,1.0724,3.67,0.0,0.0,0.0,0.0,0.0,0.0,0.0
171.401,apt_walk_4_features,PARKED,0.0,0.0,0.0,3,1.0724,3.67,0.0,0.0,0.0,0.0,0.0,0.0,0.0
171.501,apt_walk_4_features,PARKED,0.0,0.0,0.0,3,1.0724,3.67,0.0,0.0,0.0,0.0,0.0,0.0,0.0
171.601,apt_walk_4_features,PARKED,0.0,0.0,0.0,3,1.0724,3.67,0.0,0.0,0.0,0.0,0.0,0.0,0.0
171.716,apt_walk_4_features,PARKED,0.0,0.0,0.0,3,1.0724,3.69,0.0,0.0,0.0,0.0,0.0,0.0,0.0
171.801,apt_walk_4_features,PARKED,0.0,0.0,0.0,3,0.754,3.65,0.0,0.0,0.0,0.0,0.0,0.0,0.0
171.901,apt_walk_4_features,PARKED,0.0,0.0,0.0,3,0.754,3.65,0.0,0.0,0.0,0.0,0.0,0.0,0.0
172.037,apt_walk_4_features,PARKED,0.0,0.0,0.0,4,0.524,3.677,0.0,0.0,0.0,0.0,0.0,0.0,0.0
172.146,apt_walk_4_features,PARKED,0.0,0.0,0.0,4,0.524,3.677,0.0,0.0,0.0,0.0,0.0,0.0,0.0
172.203,apt_walk_4_features,PARKED,0.0,0.0,0.0,4,0.4697,3.73,0.0,0.0,0.0,0.0,0.0,0.0,0.0
172.332,apt_walk_4_features,PARKED,0.0,0.0,0.0,4,0.7526,3.77,0.0,0.0,0.0,0.0,0.0,0.0,0.0
172.429,apt_walk_4_features,PARKED,0.0,0.0,0.0,4,0.7526,3.77,0.0,0.0,0.0,0.0,0.0,0.0,0.0
172.502,apt_walk_4_features,PARKED,0.0,0.0,0.0,4,0.7526,3.77,0.0,0.0,0.0,0.0,0.0,0.0,0.0
172.601,apt_walk_4_features,PARKED,0.0,0.0,0.0,4,0.7526,3.77,0.0,0.0,0.0,0.0,0.0,0.0,0.0
172.748,apt_walk_4_features,PARKED,0.0,0.0,0.0,4,1.0237,3.535,0.0,0.0,0.0,0.0,0.0,0.0,0.0
172.802,apt_walk_4_features,PARKED,0.0,0.0,0.0,4,1.0237,3.535,0.0,0.0,0.0,0.0,0.0,0.0,0.0
172.948,apt_walk_4_features,PARKED,0.0,0.0,0.0,4,1.0237,3.412,0.0,0.0,0.0,0.0,0.0,0.0,0.0
173.001,apt_walk_4_features,PARKED,0.0,0.0,0.0,4,1.0237,3.412,0.0,0.0,0.0,0.0,0.0,0.0,0.0
173.117,apt_walk_4_features,PARKED,0.0,0.0,0.0,4,1.0237,3.257,0.0,0.0,0.0,0.0,0.0,0.0,0.0
173.25,apt_walk_4_features,PARKED,0.0,0.0,0.0,4,1.0237,3.149,0.0,0.0,0.0,0.0,0.0,0.0,0.0
173.302,apt_walk_4_features,PARKED,0.0,0.0,0.0,4,1.0237,3.149,0.0,0.0,0.0,0.0,0.0,0.0,0.0
173.401,apt_walk_4_features,PARKED,0.0,0.0,0.0,4,1.0237,3.095,0.0,0.0,0.0,0.0,0.0,0.0,0.0
173.501,apt_walk_4_features,PARKED,0.0,0.0,0.0,4,1.0237,3.095,0.0,0.0,0.0,0.0,0.0,0.0,0.0
173.601,apt_walk_4_features,PARKED,0.0,0.0,0.0,4,1.0237,3.095,0.0,0.0,0.0,0.0,0.0,0.0,0.0
173.71,apt_walk_4_features,PARKED,0.0,0.0,0.0,3,0.664,2.627,0.0,0.0,0.0,0.0,0.0,0.0,0.0
173.801,apt_walk_4_features,PARKED,0.0,0.0,0.0,3,0.664,2.627,0.0,0.0,0.0,0.0,0.0,0.0,0.0
173.901,apt_walk_4_features,PARKED,0.0,0.0,0.0,3,0.664,2.627,0.0,0.0,0.0,0.0,0.0,0.0,0.0
174.044,apt_walk_4_features,PARKED,0.0,0.0,0.0,4,0.5258,2.29,0.0,0.0,0.0,0.0,0.0,0.0,0.0
174.106,apt_walk_4_features,PARKED,0.0,0.0,0.0,4,0.5258,2.29,0.0,0.0,0.0,0.0,0.0,0.0,0.0
174.25,apt_walk_4_features,PARKED,0.0,0.0,0.0,3,0.5756,2.182,0.0,0.0,0.0,0.0,0.0,0.0,0.0
174.326,apt_walk_4_features,PARKED,0.0,0.0,0.0,3,0.5756,2.182,0.0,0.0,0.0,0.0,0.0,0.0,0.0
174.434,apt_walk_4_features,PARKED,0.0,0.0,0.0,3,0.5756,2.182,0.0,0.0,0.0,0.0,0.0,0.0,0.0
174.501,apt_walk_4_features,PARKED,0.0,0.0,0.0,3,0.5756,2.182,0.0,0.0,0.0,0.0,0.0,0.0,0.0
174.6,apt_walk_4_features,PARKED,0.0,0.0,0.0,3,0.5756,2.182,0.0,0.0,0.0,0.0,0.0,0.0,0.0
174.701,apt_walk_4_features,PARKED,0.0,0.0,0.0,3,0.5756,2.182,0.0,0.0,0.0,0.0,0.0,0.0,0.0
174.801,apt_walk_4_features,PARKED,0.0,0.0,0.0,3,0.5756,2.182,0.0,0.0,0.0,0.0,0.0,0.0,0.0
174.901,apt_walk_4_features,PARKED,0.0,0.0,0.0,3,0.5756,2.182,0.0,0.0,0.0,0.0,0.0,0.0,0.0
175.033,apt_walk_4_features,PARKED,0.0,0.0,0.0,3,0.779,1.61,0.0,0.0,0.0,0.0,0.0,0.0,0.0
175.101,apt_walk_4_features,PARKED,0.0,0.0,0.0,3,0.4758,1.532,0.0,0.0,0.0,0.0,0.0,0.0,0.0
175.213,apt_walk_4_features,PARKED,0.0,0.0,0.0,3,0.4758,1.532,0.0,0.0,0.0,0.0,0.0,0.0,0.0
175.305,apt_walk_4_features,PARKED,0.0,0.0,0.0,3,0.4758,1.532,0.0,0.0,0.0,0.0,0.0,0.0,0.0
175.429,apt_walk_4_features,PARKED,0.0,0.0,0.0,3,0.517,1.446,0.0,0.0,0.0,0.0,0.0,0.0,0.0
175.549,apt_walk_4_features,PARKED,0.0,0.0,0.0,3,0.2283,1.444,0.0,0.0,0.0,0.0,0.0,0.0,0.0
175.601,apt_walk_4_features,PARKED,0.0,0.0,0.0,3,0.2283,1.444,0.0,0.0,0.0,0.0,0.0,0.0,0.0
175.701,apt_walk_4_features,PARKED,0.0,0.0,0.0,3,0.2283,1.444,0.0,0.0,0.0,0.0,0.0,0.0,0.0
175.801,apt_walk_4_features,PARKED,0.0,0.0,0.0,3,0.2283,1.444,0.0,0.0,0.0,0.0,0.0,0.0,0.0
175.945,apt_walk_4_features,PARKED,0.0,0.0,0.0,3,0.2244,1.531,0.0,0.0,0.0,0.0,0.0,0.0,0.0
176.004,apt_walk_4_features,PARKED,0.0,0.0,0.0,3,0.5627,1.623,0.0,0.0,0.0,0.0,0.0,0.0,0.0
176.131,apt_walk_4_features,PARKED,0.0,0.0,0.0,3,0.5627,1.623,0.0,0.0,0.0,0.0,0.0,0.0,0.0
176.227,apt_walk_4_features,PARKED,0.0,0.0,0.0,3,0.5984,1.706,0.0,0.0,0.0,0.0,0.0,0.0,0.0
176.322,apt_walk_4_features,PARKED,0.0,0.0,0.0,3,0.5984,1.706,0.0,0.0,0.0,0.0,0.0,0.0,0.0
176.448,apt_walk_4_features,PARKED,0.0,0.0,0.0,3,1.0162,1.951,0.0,0.0,0.0,0.0,0.0,0.0,0.0
176.508,apt_walk_4_features,PARKED,0.0,0.0,0.0,3,0.6894,2.038,0.0,0.0,0.0,0.0,0.0,0.0,0.0
176.602,apt_walk_4_features,PARKED,0.0,0.0,0.0,3,0.6894,2.038,0.0,0.0,0.0,0.0,0.0,0.0,0.0
176.701,apt_walk_4_features,PARKED,0.0,0.0,0.0,3,0.6894,2.038,0.0,0.0,0.0,0.0,0.0,0.0,0.0
176.801,apt_walk_4_features,PARKED,0.0,0.0,0.0,3,0.6894,2.038,0.0,0.0,0.0,0.0,0.0,0.0,0.0
176.932,apt_walk_4_features,PARKED,0.0,0.0,0.0,3,0.9359,2.47,0.0,0.0,0.0,0.0,0.0,0.0,0.0
177.001,apt_walk_4_features,PARKED,0.0,0.0,0.0,3,0.9359,2.47,0.0,0.0,0.0,0.0,0.0,0.0,0.0
177.119,apt_walk_4_features,PARKED,0.0,0.0,0.0,3,0.6284,2.556,0.0,0.0,0.0,0.0,0.0,0.0,0.0
177.246,apt_walk_4_features,PARKED,0.0,0.0,0.0,3,0.6284,2.556,0.0,0.0,0.0,0.0,0.0,0.0,0.0
177.301,apt_walk_4_features,PARKED,0.0,0.0,0.0,3,0.6284,2.556,0.0,0.0,0.0,0.0,0.0,0.0,0.0
177.414,apt_walk_4_features,PARKED,0.0,0.0,0.0,3,1.2683,2.922,0.0,0.0,0.0,0.0,0.0,0.0,0.0
177.501,apt_walk_4_features,PARKED,0.0,0.0,0.0,3,0.953,2.897,0.0,0.0,0.0,0.0,0.0,0.0,0.0
177.602,apt_walk_4_features,PARKED,0.0,0.0,0.0,3,0.953,2.897,0.0,0.0,0.0,0.0,0.0,0.0,0.0
177.702,apt_walk_4_features,PARKED,0.0,0.0,0.0,3,0.953,2.897,0.0,0.0,0.0,0.0,0.0,0.0,0.0
177.801,apt_walk_4_features,PARKED,0.0,0.0,0.0,3,0.953,2.897,0.0,0.0,0.0,0.0,0.0,0.0,0.0
177.901,apt_walk_4_features,PARKED,0.0,0.0,0.0,3,0.953,2.897,0.0,0.0,0.0,0.0,0.0,0.0,0.0
178.001,apt_walk_4_features,PARKED,0.0,0.0,0.0,4,1.0648,3.549,0.0,0.0,0.0,0.0,0.0,0.0,0.0
178.101,apt_walk_4_features,PARKED,0.0,0.0,0.0,4,1.0648,3.549,0.0,0.0,0.0,0.0,0.0,0.0,0.0
178.211,apt_walk_4_features,PARKED,0.0,0.0,0.0,4,0.8956,3.62,0.0,0.0,0.0,0.0,0.0,0.0,0.0
178.328,apt_walk_4_features,PARKED,0.0,0.0,0.0,4,0.6467,3.693,0.0,0.0,0.0,0.0,0.0,0.0,0.0
178.402,apt_walk_4_features,PARKED,0.0,0.0,0.0,4,0.6467,3.693,0.0,0.0,0.0,0.0,0.0,0.0,0.0
178.525,apt_walk_4_features,PARKED,0.0,0.0,0.0,4,0.8832,3.744,0.0,0.0,0.0,0.0,0.0,0.0,0.0
178.629,apt_walk_4_features,PARKED,0.0,0.0,0.0,4,0.8832,3.744,0.0,0.0,0.0,0.0,0.0,0.0,0.0
178.702,apt_walk_4_features,PARKED,0.0,0.0,0.0,4,0.8832,3.744,0.0,0.0,0.0,0.0,0.0,0.0,0.0
178.83,apt_walk_4_features,PARKED,0.0,0.0,0.0,4,0.7014,3.653,0.0,0.0,0.0,0.0,0.0,0.0,0.0
178.901,apt_walk_4_features,PARKED,0.0,0.0,0.0,4,0.88,3.64,0.0,0.0,0.0,0.0,0.0,0.0,0.0
179.012,apt_walk_4_features,PARKED,0.0,0.0,0.0,4,0.88,3.64,0.0,0.0,0.0,0.0,0.0,0.0,0.0
179.112,apt_walk_4_features,PARKED,0.0,0.0,0.0,4,0.88,3.64,0.0,0.0,0.0,0.0,0.0,0.0,0.0
179.201,apt_walk_4_features,PARKED,0.0,0.0,0.0,4,0.88,3.64,0.0,0.0,0.0,0.0,0.0,0.0,0.0
179.313,apt_walk_4_features,PARKED,0.0,0.0,0.0,4,0.5083,3.738,0.0,0.0,0.0,0.0,0.0,0.0,0.0
179.402,apt_walk_4_features,PARKED,0.0,0.0,0.0,4,0.5083,3.738,0.0,0.0,0.0,0.0,0.0,0.0,0.0
179.501,apt_walk_4_features,PARKED,0.0,0.0,0.0,4,0.5959,3.727,0.0,0.0,0.0,0.0,0.0,0.0,0.0
179.645,apt_walk_4_features,PARKED,0.0,0.0,0.0,4,0.5959,3.727,0.0,0.0,0.0,0.0,0.0,0.0,0.0
179.71,apt_walk_4_features,PARKED,0.0,0.0,0.0,4,0.9019,3.712,0.0,0.0,0.0,0.0,0.0,0.0,0.0
179.801,apt_walk_4_features,PARKED,0.0,0.0,0.0,4,0.9019,3.712,0.0,0.0,0.0,0.0,0.0,0.0,0.0
179.901,apt_walk_4_features,PARKED,0.0,0.0,0.0,4,0.9019,3.712,0.0,0.0,0.0,0.0,0.0,0.0,0.0
180.001,apt_walk_4_features,PARKED,0.0,0.0,0.0,4,0.9019,3.712,0.0,0.0,0.0,0.0,0.0,0.0,0.0
180.101,apt_walk_4_features,PARKED,0.0,0.0,0.0,4,0.6432,3.4,0.0,0.0,0.0,0.0,0.0,0.0,0.0
180.21,apt_walk_4_features,PARKED,0.0,0.0,0.0,4,0.6432,3.4,0.0,0.0,0.0,0.0,0.0,0.0,0.0
180.301,apt_walk_4_features,PARKED,0.0,0.0,0.0,5,1.0619,3.028,0.0,0.0,0.0,0.0,0.0,0.0,0.0
180.401,apt_walk_4_features,PARKED,0.0,0.0,0.0,5,1.0619,3.028,0.0,0.0,0.0,0.0,0.0,0.0,0.0
180.501,apt_walk_4_features,PARKED,0.0,0.0,0.0,4,0.8787,3.218,0.0,0.0,0.0,0.0,0.0,0.0,0.0
180.616,apt_walk_4_features,PARKED,0.0,0.0,0.0,4,1.0164,2.98,0.0,0.0,0.0,0.0,0.0,0.0,0.0
180.701,apt_walk_4_features,PARKED,0.0,0.0,0.0,4,0.8746,2.865,0.0,0.0,0.0,0.0,0.0,0.0,0.0
180.801,apt_walk_4_features,PARKED,0.0,0.0,0.0,4,0.8746,2.865,0.0,0.0,0.0,0.0,0.0,0.0,0.0
180.9,apt_walk_4_features,PARKED,0.0,0.0,0.0,4,0.8746,2.865,0.0,0.0,0.0,0.0,0.0,0.0,0.0
181.001,apt_walk_4_features,PARKED,0.0,0.0,0.0,4,0.8746,2.865,0.0,0.0,0.0,0.0,0.0,0.0,0.0
181.101,apt_walk_4_features,PARKED,0.0,0.0,0.0,4,0.8746,2.865,0.0,0.0,0.0,0.0,0.0,0.0,0.0
181.225,apt_walk_4_features,PARKED,0.0,0.0,0.0,4,1.4535,2.353,0.0,0.0,0.0,0.0,0.0,0.0,0.0
181.301,apt_walk_4_features,PARKED,0.0,0.0,0.0,4,1.8614,2.28,0.0,0.0,0.0,0.0,0.0,0.0,0.0
181.401,apt_walk_4_features,PARKED,0.0,0.0,0.0,4,2.152,2.186,0.0,0.0,0.0,0.0,0.0,0.0,0.0
181.501,apt_walk_4_features,PARKED,0.0,0.0,0.0,4,2.152,2.186,0.0,0.0,0.0,0.0,0.0,0.0,0.0
181.615,apt_walk_4_features,PARKED,0.0,0.0,0.0,4,2.152,2.186,0.0,0.0,0.0,0.0,0.0,0.0,0.0
181.732,apt_walk_4_features,PARKED,0.0,0.0,0.0,4,1.6554,1.961,0.0,0.0,0.0,0.0,0.0,0.0,0.0
181.801,apt_walk_4_features,PARKED,0.0,0.0,0.0,4,1.6554,1.961,0.0,0.0,0.0,0.0,0.0,0.0,0.0
181.901,apt_walk_4_features,PARKED,0.0,0.0,0.0,4,1.6554,1.961,0.0,0.0,0.0,0.0,0.0,0.0,0.0
182.0,apt_walk_4_features,PARKED,0.0,0.0,0.0,4,1.6554,1.961,0.0,0.0,0.0,0.0,0.0,0.0,0.0
182.101,apt_walk_4_features,PARKED,0.0,0.0,0.0,4,1.519,1.705,0.0,0.0,0.0,0.0,0.0,0.0,0.0
182.216,apt_walk_4_features,PARKED,0.0,0.0,0.0,4,1.519,1.567,0.0,0.0,0.0,0.0,0.0,0.0,0.0
182.301,apt_walk_4_features,PARKED,0.0,0.0,0.0,4,1.519,1.567,0.0,0.0,0.0,0.0,0.0,0.0,0.0
182.445,apt_walk_4_features,PARKED,0.0,0.0,0.0,4,1.519,1.537,0.0,0.0,0.0,0.0,0.0,0.0,0.0
182.519,apt_walk_4_features,PARKED,0.0,0.0,0.0,4,1.519,1.537,0.0,0.0,0.0,0.0,0.0,0.0,0.0
182.631,apt_walk_4_features,PARKED,0.0,0.0,0.0,4,1.5202,1.465,0.0,0.0,0.0,0.0,0.0,0.0,0.0
182.701,apt_walk_4_features,PARKED,0.0,0.0,0.0,4,1.5202,1.465,0.0,0.0,0.0,0.0,0.0,0.0,0.0
182.801,apt_walk_4_features,PARKED,0.0,0.0,0.0,4,1.6636,1.451,0.0,0.0,0.0,0.0,0.0,0.0,0.0
182.901,apt_walk_4_features,PARKED,0.0,0.0,0.0,4,1.6636,1.451,0.0,0.0,0.0,0.0,0.0,0.0,0.0
183.017,apt_walk_4_features,PARKED,0.0,0.0,0.0,4,1.6794,1.48,0.0,0.0,0.0,0.0,0.0,0.0,0.0
183.133,apt_walk_4_features,PARKED,0.0,0.0,0.0,4,1.6794,1.593,0.0,0.0,0.0,0.0,0.0,0.0,0.0
183.201,apt_walk_4_features,PARKED,0.0,0.0,0.0,4,1.6794,1.593,0.0,0.0,0.0,0.0,0.0,0.0,0.0
183.305,apt_walk_4_features,PARKED,0.0,0.0,0.0,4,1.6788,1.69,0.0,0.0,0.0,0.0,0.0,0.0,0.0
183.437,apt_walk_4_features,PARKED,0.0,0.0,0.0,4,1.6788,1.731,0.0,0.0,0.0,0.0,0.0,0.0,0.0
183.501,apt_walk_4_features,PARKED,0.0,0.0,0.0,4,1.6788,1.87,0.0,0.0,0.0,0.0,0.0,0.0,0.0
183.628,apt_walk_4_features,PARKED,0.0,0.0,0.0,4,1.6788,1.914,0.0,0.0,0.0,0.0,0.0,0.0,0.0
183.701,apt_walk_4_features,PARKED,0.0,0.0,0.0,4,1.6788,1.914,0.0,0.0,0.0,0.0,0.0,0.0,0.0
183.802,apt_walk_4_features,PARKED,0.0,0.0,0.0,4,1.6788,1.914,0.0,0.0,0.0,0.0,0.0,0.0,0.0
183.901,apt_walk_4_features,PARKED,0.0,0.0,0.0,4,1.6788,1.914,0.0,0.0,0.0,0.0,0.0,0.0,0.0
184.002,apt_walk_4_features,PARKED,0.0,0.0,0.0,4,1.6788,1.914,0.0,0.0,0.0,0.0,0.0,0.0,0.0
184.109,apt_walk_4_features,PARKED,0.0,0.0,0.0,3,1.176,2.484,0.0,0.0,0.0,0.0,0.0,0.0,0.0
184.238,apt_walk_4_features,PARKED,0.0,0.0,0.0,3,0.9234,2.58,0.0,0.0,0.0,0.0,0.0,0.0,0.0
184.302,apt_walk_4_features,PARKED,0.0,0.0,0.0,3,0.9234,2.58,0.0,0.0,0.0,0.0,0.0,0.0,0.0
184.445,apt_walk_4_features,PARKED,0.0,0.0,0.0,3,0.5761,2.611,0.0,0.0,0.0,0.0,0.0,0.0,0.0
184.519,apt_walk_4_features,PARKED,0.0,0.0,0.0,3,0.5761,2.611,0.0,0.0,0.0,0.0,0.0,0.0,0.0
184.601,apt_walk_4_features,PARKED,0.0,0.0,0.0,3,0.684,3.124,0.0,0.0,0.0,0.0,0.0,0.0,0.0
184.71,apt_walk_4_features,PARKED,0.0,0.0,0.0,3,0.9286,3.401,0.0,0.0,0.0,0.0,0.0,0.0,0.0
184.801,apt_walk_4_features,PARKED,0.0,0.0,0.0,3,0.989,3.649,0.0,0.0,0.0,0.0,0.0,0.0,0.0
184.901,apt_walk_4_features,PARKED,0.0,0.0,0.0,3,0.989,3.649,0.0,0.0,0.0,0.0,0.0,0.0,0.0
185.001,apt_walk_4_features,PARKED,0.0,0.0,0.0,3,0.989,3.649,0.0,0.0,0.0,0.0,0.0,0.0,0.0
185.104,apt_walk_4_features,PARKED,0.0,0.0,0.0,3,0.9963,3.406,0.0,0.0,0.0,0.0,0.0,0.0,0.0
185.201,apt_walk_4_features,PARKED,0.0,0.0,0.0,4,1.3289,3.482,0.0,0.0,0.0,0.0,0.0,0.0,0.0
185.301,apt_walk_4_features,PARKED,0.0,0.0,0.0,4,1.3289,3.482,0.0,0.0,0.0,0.0,0.0,0.0,0.0
185.401,apt_walk_4_features,PARKED,0.0,0.0,0.0,4,1.3289,3.482,0.0,0.0,0.0,0.0,0.0,0.0,0.0
185.523,apt_walk_4_features,PARKED,0.0,0.0,0.0,4,0.7017,3.68,0.0,0.0,0.0,0.0,0.0,0.0,0.0
185.649,apt_walk_4_features,PARKED,0.0,0.0,0.0,4,0.4233,3.664,0.0,0.0,0.0,0.0,0.0,0.0,0.0
185.701,apt_walk_4_features,PARKED,0.0,0.0,0.0,4,0.4233,3.664,0.0,0.0,0.0,0.0,0.0,0.0,0.0
185.801,apt_walk_4_features,PARKED,0.0,0.0,0.0,4,0.4233,3.664,0.0,0.0,0.0,0.0,0.0,0.0,0.0
185.901,apt_walk_4_features,PARKED,0.0,0.0,0.0,4,0.2898,3.7,0.0,0.0,0.0,0.0,0.0,0.0,0.0
186.001,apt_walk_4_features,PARKED,0.0,0.0,0.0,4,0.2898,3.7,0.0,0.0,0.0,0.0,0.0,0.0,0.0
186.123,apt_walk_4_features,PARKED,0.0,0.0,0.0,4,0.4563,3.671,0.0,0.0,0.0,0.0,0.0,0.0,0.0
186.201,apt_walk_4_features,PARKED,0.0,0.0,0.0,4,0.4563,3.671,0.0,0.0,0.0,0.0,0.0,0.0,0.0
186.301,apt_walk_4_features,PARKED,0.0,0.0,0.0,4,0.4563,3.671,0.0,0.0,0.0,0.0,0.0,0.0,0.0
186.448,apt_walk_4_features,PARKED,0.0,0.0,0.0,5,0.5438,3.712,0.0,0.0,0.0,0.0,0.0,0.0,0.0
186.51,apt_walk_4_features,PARKED,0.0,0.0,0.0,5,0.5438,3.712,0.0,0.0,0.0,0.0,0.0,0.0,0.0
186.601,apt_walk_4_features,PARKED,0.0,0.0,0.0,4,0.3509,3.692,0.0,0.0,0.0,0.0,0.0,0.0,0.0
186.702,apt_walk_4_features,PARKED,0.0,0.0,0.0,4,0.3509,3.692,0.0,0.0,0.0,0.0,0.0,0.0,0.0
186.801,apt_walk_4_features,PARKED,0.0,0.0,0.0,4,0.3509,3.692,0.0,0.0,0.0,0.0,0.0,0.0,0.0
186.93,apt_walk_4_features,PARKED,0.0,0.0,0.0,5,0.5938,3.679,0.0,0.0,0.0,0.0,0.0,0.0,0.0
187.001,apt_walk_4_features,PARKED,0.0,0.0,0.0,5,0.5938,3.679,0.0,0.0,0.0,0.0,0.0,0.0,0.0
187.101,apt_walk_4_features,PARKED,0.0,0.0,0.0,5,0.5938,3.679,0.0,0.0,0.0,0.0,0.0,0.0,0.0
187.201,apt_walk_4_features,PARKED,0.0,0.0,0.0,5,0.5938,3.679,0.0,0.0,0.0,0.0,0.0,0.0,0.0
187.301,apt_walk_4_features,PARKED,0.0,0.0,0.0,5,0.5938,3.679,0.0,0.0,0.0,0.0,0.0,0.0,0.0
187.401,apt_walk_4_features,PARKED,0.0,0.0,0.0,5,0.5938,3.679,0.0,0.0,0.0,0.0,0.0,0.0,0.0
187.501,apt_walk_4_features,PARKED,0.0,0.0,0.0,5,0.5938,3.679,0.0,0.0,0.0,0.0,0.0,0.0,0.0
187.601,apt_walk_4_features,PARKED,0.0,0.0,0.0,5,0.5938,3.679,0.0,0.0,0.0,0.0,0.0,0.0,0.0
187.701,apt_walk_4_features,PARKED,0.0,0.0,0.0,5,0.5938,3.679,0.0,0.0,0.0,0.0,0.0,0.0,0.0
187.801,apt_walk_4_features,PARKED,0.0,0.0,0.0,5,0.5938,3.679,0.0,0.0,0.0,0.0,0.0,0.0,0.0
187.902,apt_walk_4_features,PARKED,0.0,0.0,0.0,5,0.5938,3.679,0.0,0.0,0.0,0.0,0.0,0.0,0.0
188.001,apt_walk_4_features,PARKED,0.0,0.0,0.0,5,0.5938,3.679,0.0,0.0,0.0,0.0,0.0,0.0,0.0
188.101,apt_walk_4_features,PARKED,0.0,0.0,0.0,5,0.5938,3.679,0.0,0.0,0.0,0.0,0.0,0.0,0.0
188.201,apt_walk_4_features,PARKED,0.0,0.0,0.0,5,0.5938,3.679,0.0,0.0,0.0,0.0,0.0,0.0,0.0
188.301,apt_walk_4_features,PARKED,0.0,0.0,0.0,5,0.5938,3.679,0.0,0.0,0.0,0.0,0.0,0.0,0.0
188.4,apt_walk_4_features,PARKED,0.0,0.0,0.0,5,0.5938,3.679,0.0,0.0,0.0,0.0,0.0,0.0,0.0
188.501,apt_walk_4_features,PARKED,0.0,0.0,0.0,5,0.5938,3.679,0.0,0.0,0.0,0.0,0.0,0.0,0.0
188.601,apt_walk_4_features,PARKED,0.0,0.0,0.0,5,0.5938,3.679,0.0,0.0,0.0,0.0,0.0,0.0,0.0
188.701,apt_walk_4_features,PARKED,0.0,0.0,0.0,5,0.5938,3.679,0.0,0.0,0.0,0.0,0.0,0.0,0.0
188.801,apt_walk_4_features,PARKED,0.0,0.0,0.0,5,0.5938,3.679,0.0,0.0,0.0,0.0,0.0,0.0,0.0
188.901,apt_walk_4_features,PARKED,0.0,0.0,0.0,5,0.5938,3.679,0.0,0.0,0.0,0.0,0.0,0.0,0.0
189.001,apt_walk_4_features,PARKED,0.0,0.0,0.0,5,0.5938,3.679,0.0,0.0,0.0,0.0,0.0,0.0,0.0
189.101,apt_walk_4_features,PARKED,0.0,0.0,0.0,5,0.5938,3.679,0.0,0.0,0.0,0.0,0.0,0.0,0.0
189.201,apt_walk_4_features,PARKED,0.0,0.0,0.0,5,0.5938,3.679,0.0,0.0,0.0,0.0,0.0,0.0,0.0
189.301,apt_walk_4_features,PARKED,0.0,0.0,0.0,5,0.5938,3.679,0.0,0.0,0.0,0.0,0.0,0.0,0.0
189.401,apt_walk_4_features,PARKED,0.0,0.0,0.0,5,0.5938,3.679,0.0,0.0,0.0,0.0,0.0,0.0,0.0
189.501,apt_walk_4_features,PARKED,0.0,0.0,0.0,5,0.5938,3.679,0.0,0.0,0.0,0.0,0.0,0.0,0.0
189.601,apt_walk_4_features,PARKED,0.0,0.0,0.0,5,0.5938,3.679,0.0,0.0,0.0,0.0,0.0,0.0,0.0
189.701,apt_walk_4_features,PARKED,0.0,0.0,0.0,5,0.5938,3.679,0.0,0.0,0.0,0.0,0.0,0.0,0.0
189.801,apt_walk_4_features,PARKED,0.0,0.0,0.0,5,0.5938,3.679,0.0,0.0,0.0,0.0,0.0,0.0,0.0
189.901,apt_walk_4_features,PARKED,0.0,0.0,0.0,5,0.5938,3.679,0.0,0.0,0.0,0.0,0.0,0.0,0.0
190.001,apt_walk_4_features,PARKED,0.0,0.0,0.0,5,0.5938,3.679,0.0,0.0,0.0,0.0,0.0,0.0,0.0
190.1,apt_walk_4_features,PARKED,0.0,0.0,0.0,5,0.5938,3.679,0.0,0.0,0.0,0.0,0.0,0.0,0.0
190.211,apt_walk_4_features,PARKED,0.0,0.0,0.0,5,0.5938,3.679,0.0,0.0,0.0,0.0,0.0,0.0,0.0
190.301,apt_walk_4_features,PARKED,0.0,0.0,0.0,5,0.5938,3.679,0.0,0.0,0.0,0.0,0.0,0.0,0.0
190.401,apt_walk_4_features,PARKED,0.0,0.0,0.0,5,0.5938,3.679,0.0,0.0,0.0,0.0,0.0,0.0,0.0
190.501,apt_walk_4_features,PARKED,0.0,0.0,0.0,5,0.5938,3.679,0.0,0.0,0.0,0.0,0.0,0.0,0.0
190.601,apt_walk_4_features,PARKED,0.0,0.0,0.0,5,0.5938,3.679,0.0,0.0,0.0,0.0,0.0,0.0,0.0
190.701,apt_walk_4_features,PARKED,0.0,0.0,0.0,5,0.5938,3.679,0.0,0.0,0.0,0.0,0.0,0.0,0.0
190.801,apt_walk_4_features,PARKED,0.0,0.0,0.0,5,0.5938,3.679,0.0,0.0,0.0,0.0,0.0,0.0,0.0
190.901,apt_walk_4_features,PARKED,0.0,0.0,0.0,5,0.5938,3.679,0.0,0.0,0.0,0.0,0.0,0.0,0.0
191.001,apt_walk_4_features,PARKED,0.0,0.0,0.0,5,0.5938,3.679,0.0,0.0,0.0,0.0,0.0,0.0,0.0
191.101,apt_walk_4_features,PARKED,0.0,0.0,0.0,5,0.5938,3.679,0.0,0.0,0.0,0.0,0.0,0.0,0.0
191.201,apt_walk_4_features,PARKED,0.0,0.0,0.0,5,0.5938,3.679,0.0,0.0,0.0,0.0,0.0,0.0,0.0
191.301,apt_walk_4_features,PARKED,0.0,0.0,0.0,5,0.5938,3.679,0.0,0.0,0.0,0.0,0.0,0.0,0.0
191.401,apt_walk_4_features,PARKED,0.0,0.0,0.0,5,0.5938,3.679,0.0,0.0,0.0,0.0,0.0,0.0,0.0
191.501,apt_walk_4_features,PARKED,0.0,0.0,0.0,5,0.5938,3.679,0.0,0.0,0.0,0.0,0.0,0.0,0.0
191.601,apt_walk_4_features,PARKED,0.0,0.0,0.0,5,0.5938,3.679,0.0,0.0,0.0,0.0,0.0,0.0,0.0
191.701,apt_walk_4_features,PARKED,0.0,0.0,0.0,5,0.5938,3.679,0.0,0.0,0.0,0.0,0.0,0.0,0.0
191.801,apt_walk_4_features,PARKED,0.0,0.0,0.0,5,0.5938,3.679,0.0,0.0,0.0,0.0,0.0,0.0,0.0
191.901,apt_walk_4_features,PARKED,0.0,0.0,0.0,5,0.5938,3.679,0.0,0.0,0.0,0.0,0.0,0.0,0.0
192.001,apt_walk_4_features,PARKED,0.0,0.0,0.0,5,0.5938,3.679,0.0,0.0,0.0,0.0,0.0,0.0,0.0
192.101,apt_walk_4_features,PARKED,0.0,0.0,0.0,5,0.5938,3.679,0.0,0.0,0.0,0.0,0.0,0.0,0.0
192.201,apt_walk_4_features,PARKED,0.0,0.0,0.0,5,0.5938,3.679,0.0,0.0,0.0,0.0,0.0,0.0,0.0
192.301,apt_walk_4_features,PARKED,0.0,0.0,0.0,5,0.5938,3.679,0.0,0.0,0.0,0.0,0.0,0.0,0.0
192.402,apt_walk_4_features,PARKED,0.0,0.0,0.0,5,0.5938,3.679,0.0,0.0,0.0,0.0,0.0,0.0,0.0
192.501,apt_walk_4_features,PARKED,0.0,0.0,0.0,5,0.5938,3.679,0.0,0.0,0.0,0.0,0.0,0.0,0.0
192.601,apt_walk_4_features,PARKED,0.0,0.0,0.0,5,0.5938,3.679,0.0,0.0,0.0,0.0,0.0,0.0,0.0
192.701,apt_walk_4_features,PARKED,0.0,0.0,0.0,5,0.5938,3.679,0.0,0.0,0.0,0.0,0.0,0.0,0.0
192.801,apt_walk_4_features,PARKED,0.0,0.0,0.0,4,1.0329,3.613,0.0,0.0,0.0,0.0,0.0,0.0,0.0
192.901,apt_walk_4_features,PARKED,0.0,0.0,0.0,4,1.0329,3.613,0.0,0.0,0.0,0.0,0.0,0.0,0.0
193.001,apt_walk_4_features,PARKED,0.0,0.0,0.0,4,1.0329,3.613,0.0,0.0,0.0,0.0,0.0,0.0,0.0
193.101,apt_walk_4_features,PARKED,0.0,0.0,0.0,4,1.0329,3.613,0.0,0.0,0.0,0.0,0.0,0.0,0.0
193.215,apt_walk_4_features,PARKED,0.0,0.0,0.0,5,0.4244,3.674,0.0,0.0,0.0,0.0,0.0,0.0,0.0
193.333,apt_walk_4_features,PARKED,0.0,0.0,0.0,5,0.4754,3.712,0.0,0.0,0.0,0.0,0.0,0.0,0.0
193.449,apt_walk_4_features,PARKED,0.0,0.0,0.0,5,0.4754,3.712,0.0,0.0,0.0,0.0,0.0,0.0,0.0
193.55,apt_walk_4_features,PARKED,0.0,0.0,0.0,5,0.4754,3.712,0.0,0.0,0.0,0.0,0.0,0.0,0.0
193.645,apt_walk_4_features,PARKED,0.0,0.0,0.0,5,0.4754,3.712,0.0,0.0,0.0,0.0,0.0,0.0,0.0
193.711,apt_walk_4_features,PARKED,0.0,0.0,0.0,5,0.3622,3.662,0.0,0.0,0.0,0.0,0.0,0.0,0.0
193.801,apt_walk_4_features,PARKED,0.0,0.0,0.0,5,0.3622,3.662,0.0,0.0,0.0,0.0,0.0,0.0,0.0
193.901,apt_walk_4_features,PARKED,0.0,0.0,0.0,5,0.3622,3.662,0.0,0.0,0.0,0.0,0.0,0.0,0.0
194.001,apt_walk_4_features,PARKED,0.0,0.0,0.0,5,0.3622,3.662,0.0,0.0,0.0,0.0,0.0,0.0,0.0
194.101,apt_walk_4_features,PARKED,0.0,0.0,0.0,5,0.3622,3.662,0.0,0.0,0.0,0.0,0.0,0.0,0.0
194.201,apt_walk_4_features,PARKED,0.0,0.0,0.0,3,0.5162,3.612,0.0,0.0,0.0,0.0,0.0,0.0,0.0
194.301,apt_walk_4_features,PARKED,0.0,0.0,0.0,3,0.5162,3.612,0.0,0.0,0.0,0.0,0.0,0.0,0.0
194.401,apt_walk_4_features,PARKED,0.0,0.0,0.0,3,0.5162,3.612,0.0,0.0,0.0,0.0,0.0,0.0,0.0
194.501,apt_walk_4_features,PARKED,0.0,0.0,0.0,3,0.5162,3.612,0.0,0.0,0.0,0.0,0.0,0.0,0.0
194.609,apt_walk_4_features,PARKED,0.0,0.0,0.0,3,0.5162,3.612,0.0,0.0,0.0,0.0,0.0,0.0,0.0
194.728,apt_walk_4_features,PARKED,0.0,0.0,0.0,3,0.7856,3.339,0.0,0.0,0.0,0.0,0.0,0.0,0.0
194.801,apt_walk_4_features,PARKED,0.0,0.0,0.0,3,0.452,3.203,0.0,0.0,0.0,0.0,0.0,0.0,0.0
194.916,apt_walk_4_features,PARKED,0.0,0.0,0.0,3,0.452,3.203,0.0,0.0,0.0,0.0,0.0,0.0,0.0
195.002,apt_walk_4_features,PARKED,0.0,0.0,0.0,3,0.452,3.203,0.0,0.0,0.0,0.0,0.0,0.0,0.0
195.101,apt_walk_4_features,PARKED,0.0,0.0,0.0,3,0.452,3.203,0.0,0.0,0.0,0.0,0.0,0.0,0.0
195.201,apt_walk_4_features,PARKED,0.0,0.0,0.0,3,0.6127,2.852,0.0,0.0,0.0,0.0,0.0,0.0,0.0
195.347,apt_walk_4_features,PARKED,0.0,0.0,0.0,3,0.7641,2.683,0.0,0.0,0.0,0.0,0.0,0.0,0.0
195.414,apt_walk_4_features,PARKED,0.0,0.0,0.0,3,0.7641,2.683,0.0,0.0,0.0,0.0,0.0,0.0,0.0
195.527,apt_walk_4_features,PARKED,0.0,0.0,0.0,3,0.448,2.621,0.0,0.0,0.0,0.0,0.0,0.0,0.0
195.601,apt_walk_4_features,PARKED,0.0,0.0,0.0,3,0.7516,2.41,0.0,0.0,0.0,0.0,0.0,0.0,0.0
195.711,apt_walk_4_features,PARKED,0.0,0.0,0.0,3,0.4764,2.284,0.0,0.0,0.0,0.0,0.0,0.0,0.0
195.814,apt_walk_4_features,PARKED,0.0,0.0,0.0,3,0.4764,2.284,0.0,0.0,0.0,0.0,0.0,0.0,0.0
195.915,apt_walk_4_features,PARKED,0.0,0.0,0.0,3,0.4764,2.284,0.0,0.0,0.0,0.0,0.0,0.0,0.0
196.02,apt_walk_4_features,PARKED,0.0,0.0,0.0,3,0.7089,2.017,0.0,0.0,0.0,0.0,0.0,0.0,0.0
196.135,apt_walk_4_features,PARKED,0.0,0.0,0.0,3,0.7719,1.89,0.0,0.0,0.0,0.0,0.0,0.0,0.0
196.201,apt_walk_4_features,PARKED,0.0,0.0,0.0,3,0.7719,1.89,0.0,0.0,0.0,0.0,0.0,0.0,0.0
196.301,apt_walk_4_features,PARKED,0.0,0.0,0.0,3,0.5153,1.811,0.0,0.0,0.0,0.0,0.0,0.0,0.0
196.401,apt_walk_4_features,PARKED,0.0,0.0,0.0,3,0.5153,1.811,0.0,0.0,0.0,0.0,0.0,0.0,0.0
196.511,apt_walk_4_features,PARKED,0.0,0.0,0.0,3,0.4895,1.655,0.0,0.0,0.0,0.0,0.0,0.0,0.0
196.636,apt_walk_4_features,PARKED,0.0,0.0,0.0,3,0.3215,1.585,0.0,0.0,0.0,0.0,0.0,0.0,0.0
196.742,apt_walk_4_features,PARKED,0.0,0.0,0.0,3,0.3215,1.585,0.0,0.0,0.0,0.0,0.0,0.0,0.0
196.834,apt_walk_4_features,PARKED,0.0,0.0,0.0,3,0.3215,1.585,0.0,0.0,0.0,0.0,0.0,0.0,0.0
196.921,apt_walk_4_features,PARKED,0.0,0.0,0.0,3,0.3215,1.585,0.0,0.0,0.0,0.0,0.0,0.0,0.0
197.05,apt_walk_4_features,PARKED,0.0,0.0,0.0,3,0.4872,1.487,0.0,0.0,0.0,0.0,0.0,0.0,0.0
197.101,apt_walk_4_features,PARKED,0.0,0.0,0.0,3,0.4872,1.487,0.0,0.0,0.0,0.0,0.0,0.0,0.0
197.233,apt_walk_4_features,PARKED,0.0,0.0,0.0,3,0.2731,1.475,0.0,0.0,0.0,0.0,0.0,0.0,0.0
197.341,apt_walk_4_features,PARKED,0.0,0.0,0.0,3,0.2731,1.475,0.0,0.0,0.0,0.0,0.0,0.0,0.0
197.401,apt_walk_4_features,PARKED,0.0,0.0,0.0,3,0.6489,1.544,0.0,0.0,0.0,0.0,0.0,0.0,0.0
197.534,apt_walk_4_features,PARKED,0.0,0.0,0.0,3,0.7444,1.638,0.0,0.0,0.0,0.0,0.0,0.0,0.0
197.65,apt_walk_4_features,PARKED,0.0,0.0,0.0,3,1.0277,1.768,0.0,0.0,0.0,0.0,0.0,0.0,0.0
197.711,apt_walk_4_features,PARKED,0.0,0.0,0.0,3,1.0277,1.768,0.0,0.0,0.0,0.0,0.0,0.0,0.0
197.81,apt_walk_4_features,PARKED,0.0,0.0,0.0,3,0.7167,1.855,0.0,0.0,0.0,0.0,0.0,0.0,0.0
197.903,apt_walk_4_features,PARKED,0.0,0.0,0.0,3,0.7167,1.855,0.0,0.0,0.0,0.0,0.0,0.0,0.0
198.001,apt_walk_4_features,PARKED,0.0,0.0,0.0,3,0.7167,1.855,0.0,0.0,0.0,0.0,0.0,0.0,0.0
198.121,apt_walk_4_features,PARKED,0.0,0.0,0.0,3,1.0274,2.099,0.0,0.0,0.0,0.0,0.0,0.0,0.0
198.241,apt_walk_4_features,PARKED,0.0,0.0,0.0,3,0.7479,2.204,0.0,0.0,0.0,0.0,0.0,0.0,0.0
198.327,apt_walk_4_features,PARKED,0.0,0.0,0.0,3,0.7479,2.204,0.0,0.0,0.0,0.0,0.0,0.0,0.0
198.417,apt_walk_4_features,PARKED,0.0,0.0,0.0,3,0.7479,2.204,0.0,0.0,0.0,0.0,0.0,0.0,0.0
198.532,apt_walk_4_features,PARKED,0.0,0.0,0.0,3,0.8974,2.503,0.0,0.0,0.0,0.0,0.0,0.0,0.0
198.647,apt_walk_4_features,PARKED,0.0,0.0,0.0,3,0.8346,2.653,0.0,0.0,0.0,0.0,0.0,0.0,0.0
198.734,apt_walk_4_features,PARKED,0.0,0.0,0.0,3,0.8346,2.653,0.0,0.0,0.0,0.0,0.0,0.0,0.0
198.829,apt_walk_4_features,PARKED,0.0,0.0,0.0,3,0.6293,2.768,0.0,0.0,0.0,0.0,0.0,0.0,0.0
198.918,apt_walk_4_features,PARKED,0.0,0.0,0.0,3,0.6293,2.768,0.0,0.0,0.0,0.0,0.0,0.0,0.0
199.001,apt_walk_4_features,PARKED,0.0,0.0,0.0,3,0.7458,2.995,0.0,0.0,0.0,0.0,0.0,0.0,0.0
199.101,apt_walk_4_features,PARKED,0.0,0.0,0.0,3,0.7458,2.995,0.0,0.0,0.0,0.0,0.0,0.0,0.0
199.201,apt_walk_4_features,PARKED,0.0,0.0,0.0,3,0.7458,2.995,0.0,0.0,0.0,0.0,0.0,0.0,0.0
199.301,apt_walk_4_features,PARKED,0.0,0.0,0.0,3,0.7458,2.995,0.0,0.0,0.0,0.0,0.0,0.0,0.0
199.424,apt_walk_4_features,PARKED,0.0,0.0,0.0,3,0.3313,3.435,0.0,0.0,0.0,0.0,0.0,0.0,0.0
199.545,apt_walk_4_features,PARKED,0.0,0.0,0.0,3,0.6335,3.608,0.0,0.0,0.0,0.0,0.0,0.0,0.0
199.633,apt_walk_4_features,PARKED,0.0,0.0,0.0,3,0.6335,3.608,0.0,0.0,0.0,0.0,0.0,0.0,0.0
199.715,apt_walk_4_features,PARKED,0.0,0.0,0.0,3,0.6335,3.608,0.0,0.0,0.0,0.0,0.0,0.0,0.0
199.802,apt_walk_4_features,PARKED,0.0,0.0,0.0,3,0.6335,3.608,0.0,0.0,0.0,0.0,0.0,0.0,0.0
199.911,apt_walk_4_features,PARKED,0.0,0.0,0.0,4,0.395,3.695,0.0,0.0,0.0,0.0,0.0,0.0,0.0
200.001,apt_walk_4_features,PARKED,0.0,0.0,0.0,4,0.4281,3.715,0.0,0.0,0.0,0.0,0.0,0.0,0.0
200.102,apt_walk_4_features,PARKED,0.0,0.0,0.0,4,0.4281,3.715,0.0,0.0,0.0,0.0,0.0,0.0,0.0
200.201,apt_walk_4_features,PARKED,0.0,0.0,0.0,4,0.4281,3.715,0.0,0.0,0.0,0.0,0.0,0.0,0.0
200.301,apt_walk_4_features,PARKED,0.0,0.0,0.0,4,0.4281,3.715,0.0,0.0,0.0,0.0,0.0,0.0,0.0
200.43,apt_walk_4_features,PARKED,0.0,0.0,0.0,4,0.2471,3.753,0.0,0.0,0.0,0.0,0.0,0.0,0.0
200.501,apt_walk_4_features,PARKED,0.0,0.0,0.0,4,0.2471,3.753,0.0,0.0,0.0,0.0,0.0,0.0,0.0
200.601,apt_walk_4_features,PARKED,0.0,0.0,0.0,4,0.2471,3.753,0.0,0.0,0.0,0.0,0.0,0.0,0.0
200.747,apt_walk_4_features,PARKED,0.0,0.0,0.0,4,0.2471,3.753,0.0,0.0,0.0,0.0,0.0,0.0,0.0
200.808,apt_walk_4_features,PARKED,0.0,0.0,0.0,4,0.6003,3.686,0.0,0.0,0.0,0.0,0.0,0.0,0.0
200.925,apt_walk_4_features,PARKED,0.0,0.0,0.0,4,0.8498,3.655,0.0,0.0,0.0,0.0,0.0,0.0,0.0
201.028,apt_walk_4_features,PARKED,0.0,0.0,0.0,4,0.8498,3.655,0.0,0.0,0.0,0.0,0.0,0.0,0.0
201.11,apt_walk_4_features,PARKED,0.0,0.0,0.0,4,0.8498,3.655,0.0,0.0,0.0,0.0,0.0,0.0,0.0
201.202,apt_walk_4_features,PARKED,0.0,0.0,0.0,4,0.8498,3.655,0.0,0.0,0.0,0.0,0.0,0.0,0.0
201.324,apt_walk_4_features,PARKED,0.0,0.0,0.0,4,0.6966,3.657,0.0,0.0,0.0,0.0,0.0,0.0,0.0
201.401,apt_walk_4_features,PARKED,0.0,0.0,0.0,4,0.8816,3.577,0.0,0.0,0.0,0.0,0.0,0.0,0.0
201.503,apt_walk_4_features,PARKED,0.0,0.0,0.0,4,0.8816,3.577,0.0,0.0,0.0,0.0,0.0,0.0,0.0
201.602,apt_walk_4_features,PARKED,0.0,0.0,0.0,4,0.8816,3.577,0.0,0.0,0.0,0.0,0.0,0.0,0.0
201.716,apt_walk_4_features,PARKED,0.0,0.0,0.0,4,0.8207,3.374,0.0,0.0,0.0,0.0,0.0,0.0,0.0
201.807,apt_walk_4_features,PARKED,0.0,0.0,0.0,4,0.8207,3.374,0.0,0.0,0.0,0.0,0.0,0.0,0.0
201.939,apt_walk_4_features,PARKED,0.0,0.0,0.0,4,1.1644,3.056,0.0,0.0,0.0,0.0,0.0,0.0,0.0
202.005,apt_walk_4_features,PARKED,0.0,0.0,0.0,4,1.1644,3.056,0.0,0.0,0.0,0.0,0.0,0.0,0.0
202.107,apt_walk_4_features,PARKED,0.0,0.0,0.0,4,1.1644,3.056,0.0,0.0,0.0,0.0,0.0,0.0,0.0
202.201,apt_walk_4_features,PARKED,0.0,0.0,0.0,4,1.1644,3.056,0.0,0.0,0.0,0.0,0.0,0.0,0.0
202.301,apt_walk_4_features,PARKED,0.0,0.0,0.0,4,1.1644,3.056,0.0,0.0,0.0,0.0,0.0,0.0,0.0
202.44,apt_walk_4_features,PARKED,0.0,0.0,0.0,3,0.8735,2.647,0.0,0.0,0.0,0.0,0.0,0.0,0.0
202.501,apt_walk_4_features,PARKED,0.0,0.0,0.0,3,0.8735,2.647,0.0,0.0,0.0,0.0,0.0,0.0,0.0
202.602,apt_walk_4_features,PARKED,0.0,0.0,0.0,3,0.9909,2.502,0.0,0.0,0.0,0.0,0.0,0.0,0.0
202.74,apt_walk_4_features,PARKED,0.0,0.0,0.0,3,0.9909,2.502,0.0,0.0,0.0,0.0,0.0,0.0,0.0
202.801,apt_walk_4_features,PARKED,0.0,0.0,0.0,3,0.99,2.29,0.0,0.0,0.0,0.0,0.0,0.0,0.0
202.912,apt_walk_4_features,PARKED,0.0,0.0,0.0,3,0.9528,2.161,0.0,0.0,0.0,0.0,0.0,0.0,0.0
203.001,apt_walk_4_features,PARKED,0.0,0.0,0.0,3,0.9528,2.161,0.0,0.0,0.0,0.0,0.0,0.0,0.0
203.101,apt_walk_4_features,PARKED,0.0,0.0,0.0,3,0.9528,2.161,0.0,0.0,0.0,0.0,0.0,0.0,0.0
203.201,apt_walk_4_features,PARKED,0.0,0.0,0.0,3,0.9528,2.161,0.0,0.0,0.0,0.0,0.0,0.0,0.0
203.301,apt_walk_4_features,PARKED,0.0,0.0,0.0,3,1.0388,1.87,0.0,0.0,0.0,0.0,0.0,0.0,0.0
203.411,apt_walk_4_features,PARKED,0.0,0.0,0.0,3,1.0388,1.87,0.0,0.0,0.0,0.0,0.0,0.0,0.0
203.544,apt_walk_4_features,PARKED,0.0,0.0,0.0,3,0.693,1.803,0.0,0.0,0.0,0.0,0.0,0.0,0.0
203.601,apt_walk_4_features,PARKED,0.0,0.0,0.0,3,1.035,1.658,0.0,0.0,0.0,0.0,0.0,0.0,0.0
203.716,apt_walk_4_features,PARKED,0.0,0.0,0.0,3,0.7355,1.547,0.0,0.0,0.0,0.0,0.0,0.0,0.0
203.81,apt_walk_4_features,PARKED,0.0,0.0,0.0,3,0.7355,1.547,0.0,0.0,0.0,0.0,0.0,0.0,0.0
203.902,apt_walk_4_features,PARKED,0.0,0.0,0.0,3,0.7355,1.547,0.0,0.0,0.0,0.0,0.0,0.0,0.0
204.044,apt_walk_4_features,PARKED,0.0,0.0,0.0,3,0.3461,1.469,0.0,0.0,0.0,0.0,0.0,0.0,0.0
204.102,apt_walk_4_features,PARKED,0.0,0.0,0.0,3,0.3461,1.469,0.0,0.0,0.0,0.0,0.0,0.0,0.0
204.201,apt_walk_4_features,PARKED,0.0,0.0,0.0,3,0.6619,1.464,0.0,0.0,0.0,0.0,0.0,0.0,0.0
204.301,apt_walk_4_features,PARKED,0.0,0.0,0.0,3,0.6619,1.464,0.0,0.0,0.0,0.0,0.0,0.0,0.0
204.401,apt_walk_4_features,PARKED,0.0,0.0,0.0,3,0.6619,1.464,0.0,0.0,0.0,0.0,0.0,0.0,0.0
204.539,apt_walk_4_features,PARKED,0.0,0.0,0.0,3,0.6458,1.556,0.0,0.0,0.0,0.0,0.0,0.0,0.0
204.601,apt_walk_4_features,PARKED,0.0,0.0,0.0,3,0.7447,1.644,0.0,0.0,0.0,0.0,0.0,0.0,0.0
204.724,apt_walk_4_features,PARKED,0.0,0.0,0.0,3,0.7447,1.644,0.0,0.0,0.0,0.0,0.0,0.0,0.0
204.817,apt_walk_4_features,PARKED,0.0,0.0,0.0,3,0.7447,1.644,0.0,0.0,0.0,0.0,0.0,0.0,0.0
204.901,apt_walk_4_features,PARKED,0.0,0.0,0.0,3,0.7447,1.644,0.0,0.0,0.0,0.0,0.0,0.0,0.0
205.012,apt_walk_4_features,PARKED,0.0,0.0,0.0,3,0.7769,1.884,0.0,0.0,0.0,0.0,0.0,0.0,0.0
205.143,apt_walk_4_features,PARKED,0.0,0.0,0.0,3,0.6627,2.008,0.0,0.0,0.0,0.0,0.0,0.0,0.0
205.215,apt_walk_4_features,PARKED,0.0,0.0,0.0,3,0.6627,2.008,0.0,0.0,0.0,0.0,0.0,0.0,0.0
205.301,apt_walk_4_features,PARKED,0.0,0.0,0.0,3,0.8181,2.125,0.0,0.0,0.0,0.0,0.0,0.0,0.0
205.401,apt_walk_4_features,PARKED,0.0,0.0,0.0,3,0.8181,2.125,0.0,0.0,0.0,0.0,0.0,0.0,0.0
205.501,apt_walk_4_features,PARKED,0.0,0.0,0.0,3,0.8181,2.125,0.0,0.0,0.0,0.0,0.0,0.0,0.0
205.601,apt_walk_4_features,PARKED,0.0,0.0,0.0,3,0.8181,2.125,0.0,0.0,0.0,0.0,0.0,0.0,0.0
205.722,apt_walk_4_features,PARKED,0.0,0.0,0.0,3,0.7952,2.564,0.0,0.0,0.0,0.0,0.0,0.0,0.0
205.8,apt_walk_4_features,PARKED,0.0,0.0,0.0,3,1.1164,2.694,0.0,0.0,0.0,0.0,0.0,0.0,0.0
205.901,apt_walk_4_features,PARKED,0.0,0.0,0.0,3,1.1164,2.694,0.0,0.0,0.0,0.0,0.0,0.0,0.0
206.001,apt_walk_4_features,PARKED,0.0,0.0,0.0,3,1.1434,2.826,0.0,0.0,0.0,0.0,0.0,0.0,0.0
206.133,apt_walk_4_features,PARKED,0.0,0.0,0.0,3,1.1434,2.826,0.0,0.0,0.0,0.0,0.0,0.0,0.0
206.251,apt_walk_4_features,PARKED,0.0,0.0,0.0,4,1.122,3.058,0.0,0.0,0.0,0.0,0.0,0.0,0.0
206.309,apt_walk_4_features,PARKED,0.0,0.0,0.0,4,1.2417,3.222,0.0,0.0,0.0,0.0,0.0,0.0,0.0
206.426,apt_walk_4_features,PARKED,0.0,0.0,0.0,4,1.2417,3.222,0.0,0.0,0.0,0.0,0.0,0.0,0.0
206.5,apt_walk_4_features,PARKED,0.0,0.0,0.0,4,1.2417,3.222,0.0,0.0,0.0,0.0,0.0,0.0,0.0
206.601,apt_walk_4_features,PARKED,0.0,0.0,0.0,4,1.2417,3.222,0.0,0.0,0.0,0.0,0.0,0.0,0.0
206.701,apt_walk_4_features,PARKED,0.0,0.0,0.0,4,1.2417,3.222,0.0,0.0,0.0,0.0,0.0,0.0,0.0
206.801,apt_walk_4_features,PARKED,0.0,0.0,0.0,4,1.5299,3.636,0.0,0.0,0.0,0.0,0.0,0.0,0.0
206.902,apt_walk_4_features,PARKED,0.0,0.0,0.0,4,1.5299,3.636,0.0,0.0,0.0,0.0,0.0,0.0,0.0
207.035,apt_walk_4_features,PARKED,0.0,0.0,0.0,4,1.5299,3.636,0.0,0.0,0.0,0.0,0.0,0.0,0.0
207.101,apt_walk_4_features,PARKED,0.0,0.0,0.0,4,0.9311,3.667,0.0,0.0,0.0,0.0,0.0,0.0,0.0
207.208,apt_walk_4_features,PARKED,0.0,0.0,0.0,4,0.732,3.658,0.0,0.0,0.0,0.0,0.0,0.0,0.0
207.306,apt_walk_4_features,PARKED,0.0,0.0,0.0,4,0.732,3.658,0.0,0.0,0.0,0.0,0.0,0.0,0.0
207.422,apt_walk_4_features,PARKED,0.0,0.0,0.0,4,0.732,3.658,0.0,0.0,0.0,0.0,0.0,0.0,0.0
207.501,apt_walk_4_features,PARKED,0.0,0.0,0.0,4,0.732,3.658,0.0,0.0,0.0,0.0,0.0,0.0,0.0
207.643,apt_walk_4_features,PARKED,0.0,0.0,0.0,4,0.658,3.633,0.0,0.0,0.0,0.0,0.0,0.0,0.0
207.709,apt_walk_4_features,PARKED,0.0,0.0,0.0,4,0.658,3.633,0.0,0.0,0.0,0.0,0.0,0.0,0.0
207.823,apt_walk_4_features,PARKED,0.0,0.0,0.0,3,0.8298,3.702,0.0,0.0,0.0,0.0,0.0,0.0,0.0
207.913,apt_walk_4_features,PARKED,0.0,0.0,0.0,3,0.8298,3.702,0.0,0.0,0.0,0.0,0.0,0.0,0.0
208.03,apt_walk_4_features,PARKED,0.0,0.0,0.0,3,0.9649,3.647,0.0,0.0,0.0,0.0,0.0,0.0,0.0
208.136,apt_walk_4_features,PARKED,0.0,0.0,0.0,3,1.2939,3.712,0.0,0.0,0.0,0.0,0.0,0.0,0.0
208.219,apt_walk_4_features,PARKED,0.0,0.0,0.0,3,1.2939,3.712,0.0,0.0,0.0,0.0,0.0,0.0,0.0
208.318,apt_walk_4_features,PARKED,0.0,0.0,0.0,3,1.2508,3.704,0.0,0.0,0.0,0.0,0.0,0.0,0.0
208.432,apt_walk_4_features,PARKED,0.0,0.0,0.0,3,1.2011,3.678,0.0,0.0,0.0,0.0,0.0,0.0,0.0
208.501,apt_walk_4_features,PARKED,0.0,0.0,0.0,3,1.1824,3.551,0.0,0.0,0.0,0.0,0.0,0.0,0.0
208.601,apt_walk_4_features,PARKED,0.0,0.0,0.0,3,1.1824,3.551,0.0,0.0,0.0,0.0,0.0,0.0,0.0
208.701,apt_walk_4_features,PARKED,0.0,0.0,0.0,3,1.1824,3.551,0.0,0.0,0.0,0.0,0.0,0.0,0.0
208.801,apt_walk_4_features,PARKED,0.0,0.0,0.0,3,1.1824,3.551,0.0,0.0,0.0,0.0,0.0,0.0,0.0
208.912,apt_walk_4_features,PARKED,0.0,0.0,0.0,4,1.3599,3.275,0.0,0.0,0.0,0.0,0.0,0.0,0.0
209.001,apt_walk_4_features,PARKED,0.0,0.0,0.0,4,1.4549,3.155,0.0,0.0,0.0,0.0,0.0,0.0,0.0
209.101,apt_walk_4_features,PARKED,0.0,0.0,0.0,4,1.4549,3.155,0.0,0.0,0.0,0.0,0.0,0.0,0.0
209.201,apt_walk_4_features,PARKED,0.0,0.0,0.0,4,1.4549,3.155,0.0,0.0,0.0,0.0,0.0,0.0,0.0
209.301,apt_walk_4_features,PARKED,0.0,0.0,0.0,4,1.4549,3.155,0.0,0.0,0.0,0.0,0.0,0.0,0.0
209.401,apt_walk_4_features,PARKED,0.0,0.0,0.0,4,1.4549,3.095,0.0,0.0,0.0,0.0,0.0,0.0,0.0
209.525,apt_walk_4_features,PARKED,0.0,0.0,0.0,4,1.4549,2.73,0.0,0.0,0.0,0.0,0.0,0.0,0.0
209.601,apt_walk_4_features,PARKED,0.0,0.0,0.0,4,1.4549,2.73,0.0,0.0,0.0,0.0,0.0,0.0,0.0
209.701,apt_walk_4_features,PARKED,0.0,0.0,0.0,4,1.4549,2.73,0.0,0.0,0.0,0.0,0.0,0.0,0.0
209.801,apt_walk_4_features,PARKED,0.0,0.0,0.0,4,1.4549,2.73,0.0,0.0,0.0,0.0,0.0,0.0,0.0
209.949,apt_walk_4_features,PARKED,0.0,0.0,0.0,3,0.9086,2.34,0.0,0.0,0.0,0.0,0.0,0.0,0.0
210.01,apt_walk_4_features,PARKED,0.0,0.0,0.0,3,0.9086,2.34,0.0,0.0,0.0,0.0,0.0,0.0,0.0
210.101,apt_walk_4_features,PARKED,0.0,0.0,0.0,4,0.8404,2.169,0.0,0.0,0.0,0.0,0.0,0.0,0.0
210.201,apt_walk_4_features,PARKED,0.0,0.0,0.0,4,0.8404,2.169,0.0,0.0,0.0,0.0,0.0,0.0,0.0
210.3,apt_walk_4_features,PARKED,0.0,0.0,0.0,4,0.8404,2.169,0.0,0.0,0.0,0.0,0.0,0.0,0.0
210.422,apt_walk_4_features,PARKED,0.0,0.0,0.0,4,0.7588,1.881,0.0,0.0,0.0,0.0,0.0,0.0,0.0
210.501,apt_walk_4_features,PARKED,0.0,0.0,0.0,4,0.7588,1.881,0.0,0.0,0.0,0.0,0.0,0.0,0.0
210.601,apt_walk_4_features,PARKED,0.0,0.0,0.0,4,0.7588,1.881,0.0,0.0,0.0,0.0,0.0,0.0,0.0
210.701,apt_walk_4_features,PARKED,0.0,0.0,0.0,4,0.7588,1.881,0.0,0.0,0.0,0.0,0.0,0.0,0.0
210.8,apt_walk_4_features,PARKED,0.0,0.0,0.0,4,0.7588,1.881,0.0,0.0,0.0,0.0,0.0,0.0,0.0
210.926,apt_walk_4_features,PARKED,0.0,0.0,0.0,3,0.7163,1.507,0.0,0.0,0.0,0.0,0.0,0.0,0.0
211.001,apt_walk_4_features,PARKED,0.0,0.0,0.0,3,0.5261,1.438,0.0,0.0,0.0,0.0,0.0,0.0,0.0
211.101,apt_walk_4_features,PARKED,0.0,0.0,0.0,3,0.5261,1.438,0.0,0.0,0.0,0.0,0.0,0.0,0.0
211.202,apt_walk_4_features,PARKED,0.0,0.0,0.0,3,0.5261,1.438,0.0,0.0,0.0,0.0,0.0,0.0,0.0
211.329,apt_walk_4_features,PARKED,0.0,0.0,0.0,3,0.2109,1.438,0.0,0.0,0.0,0.0,0.0,0.0,0.0
211.401,apt_walk_4_features,PARKED,0.0,0.0,0.0,3,0.2109,1.438,0.0,0.0,0.0,0.0,0.0,0.0,0.0
211.536,apt_walk_4_features,PARKED,0.0,0.0,0.0,3,0.3341,1.414,0.0,0.0,0.0,0.0,0.0,0.0,0.0
211.601,apt_walk_4_features,PARKED,0.0,0.0,0.0,3,0.3341,1.414,0.0,0.0,0.0,0.0,0.0,0.0,0.0
211.701,apt_walk_4_features,PARKED,0.0,0.0,0.0,3,0.3341,1.414,0.0,0.0,0.0,0.0,0.0,0.0,0.0
211.801,apt_walk_4_features,PARKED,0.0,0.0,0.0,3,0.3341,1.414,0.0,0.0,0.0,0.0,0.0,0.0,0.0
211.901,apt_walk_4_features,PARKED,0.0,0.0,0.0,3,0.515,1.574,0.0,0.0,0.0,0.0,0.0,0.0,0.0
212.001,apt_walk_4_features,PARKED,0.0,0.0,0.0,3,0.7729,1.708,0.0,0.0,0.0,0.0,0.0,0.0,0.0
212.102,apt_walk_4_features,PARKED,0.0,0.0,0.0,3,0.7729,1.708,0.0,0.0,0.0,0.0,0.0,0.0,0.0
212.249,apt_walk_4_features,PARKED,0.0,0.0,0.0,3,0.8645,1.933,0.0,0.0,0.0,0.0,0.0,0.0,0.0
212.309,apt_walk_4_features,PARKED,0.0,0.0,0.0,3,0.8645,1.933,0.0,0.0,0.0,0.0,0.0,0.0,0.0
212.401,apt_walk_4_features,PARKED,0.0,0.0,0.0,3,0.8721,2.047,0.0,0.0,0.0,0.0,0.0,0.0,0.0
212.502,apt_walk_4_features,PARKED,0.0,0.0,0.0,3,0.8721,2.047,0.0,0.0,0.0,0.0,0.0,0.0,0.0
212.601,apt_walk_4_features,PARKED,0.0,0.0,0.0,3,0.8721,2.047,0.0,0.0,0.0,0.0,0.0,0.0,0.0
212.727,apt_walk_4_features,PARKED,0.0,0.0,0.0,3,0.9627,2.351,0.0,0.0,0.0,0.0,0.0,0.0,0.0
212.802,apt_walk_4_features,PARKED,0.0,0.0,0.0,3,0.8059,2.504,0.0,0.0,0.0,0.0,0.0,0.0,0.0
212.901,apt_walk_4_features,PARKED,0.0,0.0,0.0,3,0.8059,2.504,0.0,0.0,0.0,0.0,0.0,0.0,0.0
213.001,apt_walk_4_features,PARKED,0.0,0.0,0.0,3,0.8059,2.504,0.0,0.0,0.0,0.0,0.0,0.0,0.0
213.128,apt_walk_4_features,PARKED,0.0,0.0,0.0,3,0.8081,2.718,0.0,0.0,0.0,0.0,0.0,0.0,0.0
213.201,apt_walk_4_features,PARKED,0.0,0.0,0.0,3,0.5243,2.82,0.0,0.0,0.0,0.0,0.0,0.0,0.0
213.322,apt_walk_4_features,PARKED,0.0,0.0,0.0,3,0.8263,2.957,0.0,0.0,0.0,0.0,0.0,0.0,0.0
213.417,apt_walk_4_features,PARKED,0.0,0.0,0.0,3,0.8263,2.957,0.0,0.0,0.0,0.0,0.0,0.0,0.0
213.505,apt_walk_4_features,PARKED,0.0,0.0,0.0,3,0.8263,2.957,0.0,0.0,0.0,0.0,0.0,0.0,0.0
213.602,apt_walk_4_features,PARKED,0.0,0.0,0.0,3,0.5219,3.036,0.0,0.0,0.0,0.0,0.0,0.0,0.0
213.701,apt_walk_4_features,PARKED,0.0,0.0,0.0,3,0.5219,3.036,0.0,0.0,0.0,0.0,0.0,0.0,0.0
213.801,apt_walk_4_features,PARKED,0.0,0.0,0.0,3,0.5219,3.036,0.0,0.0,0.0,0.0,0.0,0.0,0.0
213.909,apt_walk_4_features,PARKED,0.0,0.0,0.0,3,1.1055,3.385,0.0,0.0,0.0,0.0,0.0,0.0,0.0
214.001,apt_walk_4_features,PARKED,0.0,0.0,0.0,3,0.8342,3.508,0.0,0.0,0.0,0.0,0.0,0.0,0.0
214.111,apt_walk_4_features,PARKED,0.0,0.0,0.0,3,0.694,3.656,0.0,0.0,0.0,0.0,0.0,0.0,0.0
214.201,apt_walk_4_features,PARKED,0.0,0.0,0.0,3,0.8099,3.671,0.0,0.0,0.0,0.0,0.0,0.0,0.0
214.301,apt_walk_4_features,PARKED,0.0,0.0,0.0,3,0.8099,3.671,0.0,0.0,0.0,0.0,0.0,0.0,0.0
214.419,apt_walk_4_features,PARKED,0.0,0.0,0.0,3,0.9325,3.631,0.0,0.0,0.0,0.0,0.0,0.0,0.0
214.546,apt_walk_4_features,PARKED,0.0,0.0,0.0,3,0.7678,3.637,0.0,0.0,0.0,0.0,0.0,0.0,0.0
214.604,apt_walk_4_features,PARKED,0.0,0.0,0.0,3,0.3493,3.704,0.0,0.0,0.0,0.0,0.0,0.0,0.0
214.701,apt_walk_4_features,PARKED,0.0,0.0,0.0,3,0.3493,3.704,0.0,0.0,0.0,0.0,0.0,0.0,0.0
214.801,apt_walk_4_features,PARKED,0.0,0.0,0.0,3,0.3493,3.704,0.0,0.0,0.0,0.0,0.0,0.0,0.0
214.901,apt_walk_4_features,PARKED,0.0,0.0,0.0,3,0.3493,3.704,0.0,0.0,0.0,0.0,0.0,0.0,0.0
215.011,apt_walk_4_features,PARKED,0.0,0.0,0.0,4,0.1395,3.705,0.0,0.0,0.0,0.0,0.0,0.0,0.0
215.13,apt_walk_4_features,PARKED,0.0,0.0,0.0,3,0.4557,3.669,0.0,0.0,0.0,0.0,0.0,0.0,0.0
215.23,apt_walk_4_features,PARKED,0.0,0.0,0.0,4,0.6404,3.699,0.0,0.0,0.0,0.0,0.0,0.0,0.0
215.302,apt_walk_4_features,PARKED,0.0,0.0,0.0,4,0.6404,3.699,0.0,0.0,0.0,0.0,0.0,0.0,0.0
215.446,apt_walk_4_features,PARKED,0.0,0.0,0.0,5,0.6001,3.641,0.0,0.0,0.0,0.0,0.0,0.0,0.0
215.509,apt_walk_4_features,PARKED,0.0,0.0,0.0,4,0.4321,3.738,0.0,0.0,0.0,0.0,0.0,0.0,0.0
215.601,apt_walk_4_features,PARKED,0.0,0.0,0.0,4,0.5937,3.702,0.0,0.0,0.0,0.0,0.0,0.0,0.0
215.701,apt_walk_4_features,PARKED,0.0,0.0,0.0,4,0.5937,3.702,0.0,0.0,0.0,0.0,0.0,0.0,0.0
215.801,apt_walk_4_features,PARKED,0.0,0.0,0.0,4,0.5937,3.702,0.0,0.0,0.0,0.0,0.0,0.0,0.0
215.901,apt_walk_4_features,PARKED,0.0,0.0,0.0,4,0.5937,3.702,0.0,0.0,0.0,0.0,0.0,0.0,0.0
216.001,apt_walk_4_features,PARKED,0.0,0.0,0.0,4,0.2903,3.663,0.0,0.0,0.0,0.0,0.0,0.0,0.0
216.101,apt_walk_4_features,PARKED,0.0,0.0,0.0,4,0.4574,3.691,0.0,0.0,0.0,0.0,0.0,0.0,0.0
216.201,apt_walk_4_features,PARKED,0.0,0.0,0.0,4,0.4574,3.691,0.0,0.0,0.0,0.0,0.0,0.0,0.0
216.301,apt_walk_4_features,PARKED,0.0,0.0,0.0,4,0.4574,3.691,0.0,0.0,0.0,0.0,0.0,0.0,0.0
216.435,apt_walk_4_features,PARKED,0.0,0.0,0.0,5,0.8343,3.141,0.0,0.0,0.0,0.0,0.0,0.0,0.0
216.505,apt_walk_4_features,PARKED,0.0,0.0,0.0,5,0.8343,3.141,0.0,0.0,0.0,0.0,0.0,0.0,0.0
216.601,apt_walk_4_features,PARKED,0.0,0.0,0.0,5,0.8343,2.987,0.0,0.0,0.0,0.0,0.0,0.0,0.0
216.703,apt_walk_4_features,PARKED,0.0,0.0,0.0,5,0.8343,2.987,0.0,0.0,0.0,0.0,0.0,0.0,0.0
216.801,apt_walk_4_features,PARKED,0.0,0.0,0.0,5,0.8343,2.987,0.0,0.0,0.0,0.0,0.0,0.0,0.0
216.901,apt_walk_4_features,PARKED,0.0,0.0,0.0,5,0.8343,2.987,0.0,0.0,0.0,0.0,0.0,0.0,0.0
217.001,apt_walk_4_features,PARKED,0.0,0.0,0.0,5,0.8343,2.682,0.0,0.0,0.0,0.0,0.0,0.0,0.0
217.101,apt_walk_4_features,PARKED,0.0,0.0,0.0,4,0.8343,2.501,0.0,0.0,0.0,0.0,0.0,0.0,0.0
217.201,apt_walk_4_features,PARKED,0.0,0.0,0.0,4,0.8343,2.501,0.0,0.0,0.0,0.0,0.0,0.0,0.0
217.327,apt_walk_4_features,PARKED,0.0,0.0,0.0,4,0.8343,2.281,0.0,0.0,0.0,0.0,0.0,0.0,0.0
217.449,apt_walk_4_features,PARKED,0.0,0.0,0.0,3,1.0856,2.134,0.0,0.0,0.0,0.0,0.0,0.0,0.0
217.502,apt_walk_4_features,PARKED,0.0,0.0,0.0,3,1.0856,2.134,0.0,0.0,0.0,0.0,0.0,0.0,0.0
217.602,apt_walk_4_features,PARKED,0.0,0.0,0.0,3,1.0856,2.134,0.0,0.0,0.0,0.0,0.0,0.0,0.0
217.701,apt_walk_4_features,PARKED,0.0,0.0,0.0,3,0.7813,2.045,0.0,0.0,0.0,0.0,0.0,0.0,0.0
217.801,apt_walk_4_features,PARKED,0.0,0.0,0.0,3,0.7813,2.045,0.0,0.0,0.0,0.0,0.0,0.0,0.0
217.919,apt_walk_4_features,PARKED,0.0,0.0,0.0,3,0.898,1.677,0.0,0.0,0.0,0.0,0.0,0.0,0.0
218.001,apt_walk_4_features,PARKED,0.0,0.0,0.0,3,0.898,1.677,0.0,0.0,0.0,0.0,0.0,0.0,0.0
218.134,apt_walk_4_features,PARKED,0.0,0.0,0.0,3,0.898,1.677,0.0,0.0,0.0,0.0,0.0,0.0,0.0
218.214,apt_walk_4_features,PARKED,0.0,0.0,0.0,3,0.898,1.677,0.0,0.0,0.0,0.0,0.0,0.0,0.0
218.334,apt_walk_4_features,PARKED,0.0,0.0,0.0,3,0.8979,1.501,0.0,0.0,0.0,0.0,0.0,0.0,0.0
218.401,apt_walk_4_features,PARKED,0.0,0.0,0.0,3,0.5924,1.483,0.0,0.0,0.0,0.0,0.0,0.0,0.0
218.516,apt_walk_4_features,PARKED,0.0,0.0,0.0,3,0.5924,1.483,0.0,0.0,0.0,0.0,0.0,0.0,0.0
218.625,apt_walk_4_features,PARKED,0.0,0.0,0.0,3,0.5924,1.483,0.0,0.0,0.0,0.0,0.0,0.0,0.0
218.731,apt_walk_4_features,PARKED,0.0,0.0,0.0,3,0.291,1.473,0.0,0.0,0.0,0.0,0.0,0.0,0.0
218.801,apt_walk_4_features,PARKED,0.0,0.0,0.0,3,0.291,1.473,0.0,0.0,0.0,0.0,0.0,0.0,0.0
218.901,apt_walk_4_features,PARKED,0.0,0.0,0.0,3,0.2701,1.488,0.0,0.0,0.0,0.0,0.0,0.0,0.0
219.001,apt_walk_4_features,PARKED,0.0,0.0,0.0,3,0.2701,1.488,0.0,0.0,0.0,0.0,0.0,0.0,0.0
219.101,apt_walk_4_features,PARKED,0.0,0.0,0.0,3,0.2701,1.488,0.0,0.0,0.0,0.0,0.0,0.0,0.0
219.23,apt_walk_4_features,PARKED,0.0,0.0,0.0,3,0.789,1.757,0.0,0.0,0.0,0.0,0.0,0.0,0.0
219.351,apt_walk_4_features,PARKED,0.0,0.0,0.0,3,0.4888,1.853,0.0,0.0,0.0,0.0,0.0,0.0,0.0
219.402,apt_walk_4_features,PARKED,0.0,0.0,0.0,3,0.4888,1.853,0.0,0.0,0.0,0.0,0.0,0.0,0.0
219.523,apt_walk_4_features,PARKED,0.0,0.0,0.0,3,0.6369,1.948,0.0,0.0,0.0,0.0,0.0,0.0,0.0
219.615,apt_walk_4_features,PARKED,0.0,0.0,0.0,3,0.6369,1.948,0.0,0.0,0.0,0.0,0.0,0.0,0.0
219.742,apt_walk_4_features,PARKED,0.0,0.0,0.0,3,0.8869,2.062,0.0,0.0,0.0,0.0,0.0,0.0,0.0
219.802,apt_walk_4_features,PARKED,0.0,0.0,0.0,3,0.8869,2.062,0.0,0.0,0.0,0.0,0.0,0.0,0.0
219.901,apt_walk_4_features,PARKED,0.0,0.0,0.0,3,0.8869,2.062,0.0,0.0,0.0,0.0,0.0,0.0,0.0
220.001,apt_walk_4_features,PARKED,0.0,0.0,0.0,3,0.8869,2.062,0.0,0.0,0.0,0.0,0.0,0.0,0.0
220.101,apt_walk_4_features,PARKED,0.0,0.0,0.0,3,0.8869,2.062,0.0,0.0,0.0,0.0,0.0,0.0,0.0
220.244,apt_walk_4_features,PARKED,0.0,0.0,0.0,3,0.5856,2.63,0.0,0.0,0.0,0.0,0.0,0.0,0.0
220.308,apt_walk_4_features,PARKED,0.0,0.0,0.0,3,0.5856,2.63,0.0,0.0,0.0,0.0,0.0,0.0,0.0
220.401,apt_walk_4_features,PARKED,0.0,0.0,0.0,3,0.5856,2.63,0.0,0.0,0.0,0.0,0.0,0.0,0.0
220.546,apt_walk_4_features,PARKED,0.0,0.0,0.0,3,0.5856,2.63,0.0,0.0,0.0,0.0,0.0,0.0,0.0
220.609,apt_walk_4_features,PARKED,0.0,0.0,0.0,3,0.8171,2.946,0.0,0.0,0.0,0.0,0.0,0.0,0.0
220.729,apt_walk_4_features,PARKED,0.0,0.0,0.0,4,1.1236,2.946,0.0,0.0,0.0,0.0,0.0,0.0,0.0
220.847,apt_walk_4_features,PARKED,0.0,0.0,0.0,4,1.1236,2.946,0.0,0.0,0.0,0.0,0.0,0.0,0.0
220.901,apt_walk_4_features,PARKED,0.0,0.0,0.0,4,1.1236,2.946,0.0,0.0,0.0,0.0,0.0,0.0,0.0
221.001,apt_walk_4_features,PARKED,0.0,0.0,0.0,4,1.1236,2.946,0.0,0.0,0.0,0.0,0.0,0.0,0.0
221.101,apt_walk_4_features,PARKED,0.0,0.0,0.0,4,1.1236,2.946,0.0,0.0,0.0,0.0,0.0,0.0,0.0
221.202,apt_walk_4_features,PARKED,0.0,0.0,0.0,4,1.1236,2.946,0.0,0.0,0.0,0.0,0.0,0.0,0.0
221.316,apt_walk_4_features,PARKED,0.0,0.0,0.0,4,1.5954,3.594,0.0,0.0,0.0,0.0,0.0,0.0,0.0
221.447,apt_walk_4_features,PARKED,0.0,0.0,0.0,4,1.5954,3.594,0.0,0.0,0.0,0.0,0.0,0.0,0.0
221.501,apt_walk_4_features,PARKED,0.0,0.0,0.0,4,1.5954,3.594,0.0,0.0,0.0,0.0,0.0,0.0,0.0
221.628,apt_walk_4_features,PARKED,0.0,0.0,0.0,4,0.9553,3.667,0.0,0.0,0.0,0.0,0.0,0.0,0.0
221.701,apt_walk_4_features,PARKED,0.0,0.0,0.0,4,0.9553,3.667,0.0,0.0,0.0,0.0,0.0,0.0,0.0
221.832,apt_walk_4_features,PARKED,0.0,0.0,0.0,4,0.9553,3.667,0.0,0.0,0.0,0.0,0.0,0.0,0.0
221.901,apt_walk_4_features,PARKED,0.0,0.0,0.0,4,0.9553,3.667,0.0,0.0,0.0,0.0,0.0,0.0,0.0
222.002,apt_walk_4_features,PARKED,0.0,0.0,0.0,4,0.9553,3.667,0.0,0.0,0.0,0.0,0.0,0.0,0.0
222.102,apt_walk_4_features,PARKED,0.0,0.0,0.0,4,0.9553,3.667,0.0,0.0,0.0,0.0,0.0,0.0,0.0
222.201,apt_walk_4_features,PARKED,0.0,0.0,0.0,4,0.9491,3.678,0.0,0.0,0.0,0.0,0.0,0.0,0.0
222.301,apt_walk_4_features,PARKED,0.0,0.0,0.0,4,1.2046,3.748,0.0,0.0,0.0,0.0,0.0,0.0,0.0
222.415,apt_walk_4_features,PARKED,0.0,0.0,0.0,4,1.2046,3.748,0.0,0.0,0.0,0.0,0.0,0.0,0.0
222.501,apt_walk_4_features,PARKED,0.0,0.0,0.0,4,1.2046,3.748,0.0,0.0,0.0,0.0,0.0,0.0,0.0
222.601,apt_walk_4_features,PARKED,0.0,0.0,0.0,4,1.2046,3.748,0.0,0.0,0.0,0.0,0.0,0.0,0.0
222.717,apt_walk_4_features,PARKED,0.0,0.0,0.0,4,1.0982,3.749,0.0,0.0,0.0,0.0,0.0,0.0,0.0
222.822,apt_walk_4_features,PARKED,0.0,0.0,0.0,4,1.0982,3.749,0.0,0.0,0.0,0.0,0.0,0.0,0.0
222.901,apt_walk_4_features,PARKED,0.0,0.0,0.0,4,1.0982,3.749,0.0,0.0,0.0,0.0,0.0,0.0,0.0
223.001,apt_walk_4_features,PARKED,0.0,0.0,0.0,4,1.0982,3.749,0.0,0.0,0.0,0.0,0.0,0.0,0.0
223.134,apt_walk_4_features,PARKED,0.0,0.0,0.0,4,0.4899,3.462,0.0,0.0,0.0,0.0,0.0,0.0,0.0
223.211,apt_walk_4_features,PARKED,0.0,0.0,0.0,4,0.4899,3.462,0.0,0.0,0.0,0.0,0.0,0.0,0.0
223.312,apt_walk_4_features,PARKED,0.0,0.0,0.0,4,0.4899,3.462,0.0,0.0,0.0,0.0,0.0,0.0,0.0
223.401,apt_walk_4_features,PARKED,0.0,0.0,0.0,4,0.4899,3.466,0.0,0.0,0.0,0.0,0.0,0.0,0.0
223.51,apt_walk_4_features,PARKED,0.0,0.0,0.0,4,0.4899,3.466,0.0,0.0,0.0,0.0,0.0,0.0,0.0
223.645,apt_walk_4_features,PARKED,0.0,0.0,0.0,4,0.7373,3.144,0.0,0.0,0.0,0.0,0.0,0.0,0.0
223.706,apt_walk_4_features,PARKED,0.0,0.0,0.0,4,0.7373,2.929,0.0,0.0,0.0,0.0,0.0,0.0,0.0
223.817,apt_walk_4_features,PARKED,0.0,0.0,0.0,4,0.7373,2.929,0.0,0.0,0.0,0.0,0.0,0.0,0.0
223.901,apt_walk_4_features,PARKED,0.0,0.0,0.0,4,0.7373,2.929,0.0,0.0,0.0,0.0,0.0,0.0,0.0
224.001,apt_walk_4_features,PARKED,0.0,0.0,0.0,4,0.7373,2.929,0.0,0.0,0.0,0.0,0.0,0.0,0.0
224.101,apt_walk_4_features,PARKED,0.0,0.0,0.0,4,0.7373,2.929,0.0,0.0,0.0,0.0,0.0,0.0,0.0
224.201,apt_walk_4_features,PARKED,0.0,0.0,0.0,4,0.7373,2.929,0.0,0.0,0.0,0.0,0.0,0.0,0.0
224.34,apt_walk_4_features,PARKED,0.0,0.0,0.0,4,0.7373,2.319,0.0,0.0,0.0,0.0,0.0,0.0,0.0
224.437,apt_walk_4_features,PARKED,0.0,0.0,0.0,4,0.7373,2.319,0.0,0.0,0.0,0.0,0.0,0.0,0.0
224.538,apt_walk_4_features,PARKED,0.0,0.0,0.0,4,0.7373,2.319,0.0,0.0,0.0,0.0,0.0,0.0,0.0
224.616,apt_walk_4_features,PARKED,0.0,0.0,0.0,4,0.9391,2.187,0.0,0.0,0.0,0.0,0.0,0.0,0.0
224.745,apt_walk_4_features,PARKED,0.0,0.0,0.0,4,1.0583,2.064,0.0,0.0,0.0,0.0,0.0,0.0,0.0
224.804,apt_walk_4_features,PARKED,0.0,0.0,0.0,4,1.303,1.906,0.0,0.0,0.0,0.0,0.0,0.0,0.0
224.941,apt_walk_4_features,PARKED,0.0,0.0,0.0,4,1.303,1.906,0.0,0.0,0.0,0.0,0.0,0.0,0.0
225.002,apt_walk_4_features,PARKED,0.0,0.0,0.0,4,1.303,1.906,0.0,0.0,0.0,0.0,0.0,0.0,0.0
225.101,apt_walk_4_features,PARKED,0.0,0.0,0.0,4,1.303,1.906,0.0,0.0,0.0,0.0,0.0,0.0,0.0
225.201,apt_walk_4_features,PARKED,0.0,0.0,0.0,4,1.303,1.906,0.0,0.0,0.0,0.0,0.0,0.0,0.0
225.332,apt_walk_4_features,PARKED,0.0,0.0,0.0,3,0.985,1.563,0.0,0.0,0.0,0.0,0.0,0.0,0.0
225.401,apt_walk_4_features,PARKED,0.0,0.0,0.0,3,0.6854,1.504,0.0,0.0,0.0,0.0,0.0,0.0,0.0
225.502,apt_walk_4_features,PARKED,0.0,0.0,0.0,3,0.6854,1.504,0.0,0.0,0.0,0.0,0.0,0.0,0.0
225.633,apt_walk_4_features,PARKED,0.0,0.0,0.0,3,0.6854,1.504,0.0,0.0,0.0,0.0,0.0,0.0,0.0
225.748,apt_walk_4_features,PARKED,0.0,0.0,0.0,3,0.3365,1.435,0.0,0.0,0.0,0.0,0.0,0.0,0.0
225.812,apt_walk_4_features,PARKED,0.0,0.0,0.0,3,0.3216,1.409,0.0,0.0,0.0,0.0,0.0,0.0,0.0
225.936,apt_walk_4_features,PARKED,0.0,0.0,0.0,3,0.3216,1.409,0.0,0.0,0.0,0.0,0.0,0.0,0.0
226.001,apt_walk_4_features,PARKED,0.0,0.0,0.0,3,0.3216,1.409,0.0,0.0,0.0,0.0,0.0,0.0,0.0
226.101,apt_walk_4_features,PARKED,0.0,0.0,0.0,3,0.3216,1.409,0.0,0.0,0.0,0.0,0.0,0.0,0.0
226.216,apt_walk_4_features,PARKED,0.0,0.0,0.0,3,0.1428,1.491,0.0,0.0,0.0,0.0,0.0,0.0,0.0
226.331,apt_walk_4_features,PARKED,0.0,0.0,0.0,3,0.41,1.571,0.0,0.0,0.0,0.0,0.0,0.0,0.0
226.422,apt_walk_4_features,PARKED,0.0,0.0,0.0,3,0.4778,1.636,0.0,0.0,0.0,0.0,0.0,0.0,0.0
226.532,apt_walk_4_features,PARKED,0.0,0.0,0.0,3,0.4778,1.636,0.0,0.0,0.0,0.0,0.0,0.0,0.0
226.602,apt_walk_4_features,PARKED,0.0,0.0,0.0,3,0.4778,1.636,0.0,0.0,0.0,0.0,0.0,0.0,0.0
226.701,apt_walk_4_features,PARKED,0.0,0.0,0.0,3,0.3349,1.672,0.0,0.0,0.0,0.0,0.0,0.0,0.0
226.826,apt_walk_4_features,PARKED,0.0,0.0,0.0,3,0.2935,1.942,0.0,0.0,0.0,0.0,0.0,0.0,0.0
226.901,apt_walk_4_features,PARKED,0.0,0.0,0.0,3,0.41,2.059,0.0,0.0,0.0,0.0,0.0,0.0,0.0
227.011,apt_walk_4_features,PARKED,0.0,0.0,0.0,3,0.41,2.059,0.0,0.0,0.0,0.0,0.0,0.0,0.0
227.101,apt_walk_4_features,PARKED,0.0,0.0,0.0,3,0.41,2.059,0.0,0.0,0.0,0.0,0.0,0.0,0.0
227.201,apt_walk_4_features,PARKED,0.0,0.0,0.0,3,0.41,2.059,0.0,0.0,0.0,0.0,0.0,0.0,0.0
227.328,apt_walk_4_features,PARKED,0.0,0.0,0.0,3,1.201,2.518,0.0,0.0,0.0,0.0,0.0,0.0,0.0
227.401,apt_walk_4_features,PARKED,0.0,0.0,0.0,3,1.201,2.518,0.0,0.0,0.0,0.0,0.0,0.0,0.0
227.502,apt_walk_4_features,PARKED,0.0,0.0,0.0,3,0.8929,2.586,0.0,0.0,0.0,0.0,0.0,0.0,0.0
227.604,apt_walk_4_features,PARKED,0.0,0.0,0.0,3,0.8929,2.586,0.0,0.0,0.0,0.0,0.0,0.0,0.0
227.711,apt_walk_4_features,PARKED,0.0,0.0,0.0,3,0.5874,2.617,0.0,0.0,0.0,0.0,0.0,0.0,0.0
227.828,apt_walk_4_features,PARKED,0.0,0.0,0.0,3,0.9494,2.922,0.0,0.0,0.0,0.0,0.0,0.0,0.0
227.943,apt_walk_4_features,PARKED,0.0,0.0,0.0,3,0.7771,3.026,0.0,0.0,0.0,0.0,0.0,0.0,0.0
228.041,apt_walk_4_features,PARKED,0.0,0.0,0.0,3,0.7771,3.026,0.0,0.0,0.0,0.0,0.0,0.0,0.0
228.102,apt_walk_4_features,PARKED,0.0,0.0,0.0,3,0.7771,3.026,0.0,0.0,0.0,0.0,0.0,0.0,0.0
228.201,apt_walk_4_features,PARKED,0.0,0.0,0.0,3,0.7771,3.026,0.0,0.0,0.0,0.0,0.0,0.0,0.0
228.306,apt_walk_4_features,PARKED,0.0,0.0,0.0,3,0.8696,3.439,0.0,0.0,0.0,0.0,0.0,0.0,0.0
228.403,apt_walk_4_features,PARKED,0.0,0.0,0.0,3,0.8696,3.439,0.0,0.0,0.0,0.0,0.0,0.0,0.0
228.541,apt_walk_4_features,PARKED,0.0,0.0,0.0,3,0.8696,3.439,0.0,0.0,0.0,0.0,0.0,0.0,0.0
228.602,apt_walk_4_features,PARKED,0.0,0.0,0.0,3,0.8696,3.439,0.0,0.0,0.0,0.0,0.0,0.0,0.0
228.722,apt_walk_4_features,PARKED,0.0,0.0,0.0,3,0.4348,3.635,0.0,0.0,0.0,0.0,0.0,0.0,0.0
228.801,apt_walk_4_features,PARKED,0.0,0.0,0.0,3,0.4348,3.635,0.0,0.0,0.0,0.0,0.0,0.0,0.0
228.901,apt_walk_4_features,PARKED,0.0,0.0,0.0,3,0.4348,3.635,0.0,0.0,0.0,0.0,0.0,0.0,0.0
229.015,apt_walk_4_features,PARKED,0.0,0.0,0.0,3,0.2839,3.621,0.0,0.0,0.0,0.0,0.0,0.0,0.0
229.101,apt_walk_4_features,PARKED,0.0,0.0,0.0,3,0.2839,3.621,0.0,0.0,0.0,0.0,0.0,0.0,0.0
229.201,apt_walk_4_features,PARKED,0.0,0.0,0.0,3,0.2839,3.621,0.0,0.0,0.0,0.0,0.0,0.0,0.0
229.301,apt_walk_4_features,PARKED,0.0,0.0,0.0,3,0.2839,3.621,0.0,0.0,0.0,0.0,0.0,0.0,0.0
229.402,apt_walk_4_features,PARKED,0.0,0.0,0.0,4,0.577,3.729,0.0,0.0,0.0,0.0,0.0,0.0,0.0
229.517,apt_walk_4_features,PARKED,0.0,0.0,0.0,4,0.3589,3.644,0.0,0.0,0.0,0.0,0.0,0.0,0.0
229.616,apt_walk_4_features,PARKED,0.0,0.0,0.0,4,0.3589,3.644,0.0,0.0,0.0,0.0,0.0,0.0,0.0
229.704,apt_walk_4_features,PARKED,0.0,0.0,0.0,4,0.3589,3.644,0.0,0.0,0.0,0.0,0.0,0.0,0.0
229.829,apt_walk_4_features,PARKED,0.0,0.0,0.0,4,0.4335,3.693,0.0,0.0,0.0,0.0,0.0,0.0,0.0
229.903,apt_walk_4_features,PARKED,0.0,0.0,0.0,4,0.4335,3.693,0.0,0.0,0.0,0.0,0.0,0.0,0.0
230.049,apt_walk_4_features,PARKED,0.0,0.0,0.0,4,0.577,3.765,0.0,0.0,0.0,0.0,0.0,0.0,0.0
230.102,apt_walk_4_features,PARKED,0.0,0.0,0.0,4,0.577,3.765,0.0,0.0,0.0,0.0,0.0,0.0,0.0
230.201,apt_walk_4_features,PARKED,0.0,0.0,0.0,4,0.577,3.765,0.0,0.0,0.0,0.0,0.0,0.0,0.0
230.301,apt_walk_4_features,PARKED,0.0,0.0,0.0,4,0.5174,3.638,0.0,0.0,0.0,0.0,0.0,0.0,0.0
230.444,apt_walk_4_features,PARKED,0.0,0.0,0.0,4,0.8985,3.545,0.0,0.0,0.0,0.0,0.0,0.0,0.0
230.5,apt_walk_4_features,PARKED,0.0,0.0,0.0,4,0.8985,3.545,0.0,0.0,0.0,0.0,0.0,0.0,0.0
230.638,apt_walk_4_features,PARKED,0.0,0.0,0.0,3,1.0675,3.316,0.0,0.0,0.0,0.0,0.0,0.0,0.0
230.703,apt_walk_4_features,PARKED,0.0,0.0,0.0,3,0.8712,3.151,0.0,0.0,0.0,0.0,0.0,0.0,0.0
230.801,apt_walk_4_features,PARKED,0.0,0.0,0.0,3,0.8712,3.151,0.0,0.0,0.0,0.0,0.0,0.0,0.0
230.902,apt_walk_4_features,PARKED,0.0,0.0,0.0,4,0.4769,3.092,0.0,0.0,0.0,0.0,0.0,0.0,0.0
231.001,apt_walk_4_features,PARKED,0.0,0.0,0.0,3,0.6781,2.978,0.0,0.0,0.0,0.0,0.0,0.0,0.0
231.101,apt_walk_4_features,PARKED,0.0,0.0,0.0,3,0.6781,2.978,0.0,0.0,0.0,0.0,0.0,0.0,0.0
231.207,apt_walk_4_features,PARKED,0.0,0.0,0.0,3,0.9077,2.693,0.0,0.0,0.0,0.0,0.0,0.0,0.0
231.301,apt_walk_4_features,PARKED,0.0,0.0,0.0,4,0.5953,2.58,0.0,0.0,0.0,0.0,0.0,0.0,0.0
231.448,apt_walk_4_features,PARKED,0.0,0.0,0.0,3,0.4883,2.493,0.0,0.0,0.0,0.0,0.0,0.0,0.0
231.547,apt_walk_4_features,PARKED,0.0,0.0,0.0,3,0.4883,2.493,0.0,0.0,0.0,0.0,0.0,0.0,0.0
231.605,apt_walk_4_features,PARKED,0.0,0.0,0.0,3,0.7252,2.382,0.0,0.0,0.0,0.0,0.0,0.0,0.0
231.723,apt_walk_4_features,PARKED,0.0,0.0,0.0,3,1.0517,2.25,0.0,0.0,0.0,0.0,0.0,0.0,0.0
231.811,apt_walk_4_features,PARKED,0.0,0.0,0.0,3,1.0517,2.25,0.0,0.0,0.0,0.0,0.0,0.0,0.0
231.916,apt_walk_4_features,PARKED,0.0,0.0,0.0,3,0.7252,2.157,0.0,0.0,0.0,0.0,0.0,0.0,0.0
232.001,apt_walk_4_features,PARKED,0.0,0.0,0.0,3,0.7252,2.157,0.0,0.0,0.0,0.0,0.0,0.0,0.0
232.101,apt_walk_4_features,PARKED,0.0,0.0,0.0,3,1.0517,2.032,0.0,0.0,0.0,0.0,0.0,0.0,0.0
232.216,apt_walk_4_features,PARKED,0.0,0.0,0.0,3,0.8766,1.805,0.0,0.0,0.0,0.0,0.0,0.0,0.0
232.31,apt_walk_4_features,PARKED,0.0,0.0,0.0,3,0.8766,1.805,0.0,0.0,0.0,0.0,0.0,0.0,0.0
232.401,apt_walk_4_features,PARKED,0.0,0.0,0.0,3,0.4752,1.682,0.0,0.0,0.0,0.0,0.0,0.0,0.0
232.51,apt_walk_4_features,PARKED,0.0,0.0,0.0,3,0.5572,1.564,0.0,0.0,0.0,0.0,0.0,0.0,0.0
232.628,apt_walk_4_features,PARKED,0.0,0.0,0.0,4,0.4582,1.482,0.0,0.0,0.0,0.0,0.0,0.0,0.0
232.701,apt_walk_4_features,PARKED,0.0,0.0,0.0,3,0.1649,1.426,0.0,0.0,0.0,0.0,0.0,0.0,0.0
232.802,apt_walk_4_features,PARKED,0.0,0.0,0.0,3,0.1649,1.426,0.0,0.0,0.0,0.0,0.0,0.0,0.0
232.901,apt_walk_4_features,PARKED,0.0,0.0,0.0,3,0.1649,1.426,0.0,0.0,0.0,0.0,0.0,0.0,0.0
233.008,apt_walk_4_features,PARKED,0.0,0.0,0.0,3,0.1649,1.426,0.0,0.0,0.0,0.0,0.0,0.0,0.0
233.102,apt_walk_4_features,PARKED,0.0,0.0,0.0,3,0.4195,1.373,0.0,0.0,0.0,0.0,0.0,0.0,0.0
233.201,apt_walk_4_features,PARKED,0.0,0.0,0.0,3,0.4195,1.373,0.0,0.0,0.0,0.0,0.0,0.0,0.0
233.301,apt_walk_4_features,PARKED,0.0,0.0,0.0,3,0.4195,1.373,0.0,0.0,0.0,0.0,0.0,0.0,0.0
233.401,apt_walk_4_features,PARKED,0.0,0.0,0.0,3,0.4195,1.373,0.0,0.0,0.0,0.0,0.0,0.0,0.0
233.532,apt_walk_4_features,PARKED,0.0,0.0,0.0,3,0.5534,1.523,0.0,0.0,0.0,0.0,0.0,0.0,0.0
233.601,apt_walk_4_features,PARKED,0.0,0.0,0.0,3,0.7019,1.632,0.0,0.0,0.0,0.0,0.0,0.0,0.0
233.72,apt_walk_4_features,PARKED,0.0,0.0,0.0,3,0.7019,1.632,0.0,0.0,0.0,0.0,0.0,0.0,0.0
233.834,apt_walk_4_features,PARKED,0.0,0.0,0.0,3,0.7019,1.632,0.0,0.0,0.0,0.0,0.0,0.0,0.0
233.928,apt_walk_4_features,PARKED,0.0,0.0,0.0,3,0.7019,1.632,0.0,0.0,0.0,0.0,0.0,0.0,0.0
234.049,apt_walk_4_features,PARKED,0.0,0.0,0.0,3,0.9444,1.9,0.0,0.0,0.0,0.0,0.0,0.0,0.0
234.101,apt_walk_4_features,PARKED,0.0,0.0,0.0,3,0.9444,1.9,0.0,0.0,0.0,0.0,0.0,0.0,0.0
234.2,apt_walk_4_features,PARKED,0.0,0.0,0.0,3,0.9444,1.9,0.0,0.0,0.0,0.0,0.0,0.0,0.0
234.301,apt_walk_4_features,PARKED,0.0,0.0,0.0,3,0.9444,1.9,0.0,0.0,0.0,0.0,0.0,0.0,0.0
234.401,apt_walk_4_features,PARKED,0.0,0.0,0.0,3,0.9444,1.9,0.0,0.0,0.0,0.0,0.0,0.0,0.0
234.501,apt_walk_4_features,PARKED,0.0,0.0,0.0,3,0.9444,1.9,0.0,0.0,0.0,0.0,0.0,0.0,0.0
234.601,apt_walk_4_features,PARKED,0.0,0.0,0.0,3,0.9444,1.9,0.0,0.0,0.0,0.0,0.0,0.0,0.0
234.701,apt_walk_4_features,PARKED,0.0,0.0,0.0,3,0.9444,1.9,0.0,0.0,0.0,0.0,0.0,0.0,0.0
234.801,apt_walk_4_features,PARKED,0.0,0.0,0.0,3,0.9444,1.9,0.0,0.0,0.0,0.0,0.0,0.0,0.0
234.901,apt_walk_4_features,PARKED,0.0,0.0,0.0,3,0.9444,1.9,0.0,0.0,0.0,0.0,0.0,0.0,0.0
235.001,apt_walk_4_features,PARKED,0.0,0.0,0.0,3,0.9444,1.9,0.0,0.0,0.0,0.0,0.0,0.0,0.0
235.101,apt_walk_4_features,PARKED,0.0,0.0,0.0,3,0.9444,1.9,0.0,0.0,0.0,0.0,0.0,0.0,0.0
235.201,apt_walk_4_features,PARKED,0.0,0.0,0.0,3,0.9444,1.9,0.0,0.0,0.0,0.0,0.0,0.0,0.0
235.301,apt_walk_4_features,PARKED,0.0,0.0,0.0,3,0.9444,1.9,0.0,0.0,0.0,0.0,0.0,0.0,0.0
235.401,apt_walk_4_features,PARKED,0.0,0.0,0.0,3,0.9444,1.9,0.0,0.0,0.0,0.0,0.0,0.0,0.0
235.501,apt_walk_4_features,PARKED,0.0,0.0,0.0,3,0.9444,1.9,0.0,0.0,0.0,0.0,0.0,0.0,0.0
235.601,apt_walk_4_features,PARKED,0.0,0.0,0.0,3,0.9444,1.9,0.0,0.0,0.0,0.0,0.0,0.0,0.0
235.743,apt_walk_4_features,PARKED,0.0,0.0,0.0,3,1.4187,2.282,0.0,0.0,0.0,0.0,0.0,0.0,0.0
235.801,apt_walk_4_features,PARKED,0.0,0.0,0.0,3,1.4187,2.282,0.0,0.0,0.0,0.0,0.0,0.0,0.0
235.901,apt_walk_4_features,PARKED,0.0,0.0,0.0,3,1.4187,2.282,0.0,0.0,0.0,0.0,0.0,0.0,0.0
236.001,apt_walk_4_features,PARKED,0.0,0.0,0.0,3,1.4187,2.282,0.0,0.0,0.0,0.0,0.0,0.0,0.0
236.101,apt_walk_4_features,PARKED,0.0,0.0,0.0,3,1.4187,2.282,0.0,0.0,0.0,0.0,0.0,0.0,0.0
236.201,apt_walk_4_features,PARKED,0.0,0.0,0.0,3,1.4187,2.282,0.0,0.0,0.0,0.0,0.0,0.0,0.0
236.301,apt_walk_4_features,PARKED,0.0,0.0,0.0,3,1.4187,2.282,0.0,0.0,0.0,0.0,0.0,0.0,0.0
236.401,apt_walk_4_features,PARKED,0.0,0.0,0.0,3,1.4187,2.282,0.0,0.0,0.0,0.0,0.0,0.0,0.0
236.501,apt_walk_4_features,PARKED,0.0,0.0,0.0,3,1.4187,2.282,0.0,0.0,0.0,0.0,0.0,0.0,0.0
236.601,apt_walk_4_features,PARKED,0.0,0.0,0.0,3,1.4187,2.282,0.0,0.0,0.0,0.0,0.0,0.0,0.0
236.701,apt_walk_4_features,PARKED,0.0,0.0,0.0,3,1.4187,2.282,0.0,0.0,0.0,0.0,0.0,0.0,0.0
236.801,apt_walk_4_features,PARKED,0.0,0.0,0.0,3,1.4187,2.282,0.0,0.0,0.0,0.0,0.0,0.0,0.0
236.901,apt_walk_4_features,PARKED,0.0,0.0,0.0,3,1.4187,2.282,0.0,0.0,0.0,0.0,0.0,0.0,0.0
237.001,apt_walk_4_features,PARKED,0.0,0.0,0.0,3,1.4187,2.282,0.0,0.0,0.0,0.0,0.0,0.0,0.0
237.101,apt_walk_4_features,PARKED,0.0,0.0,0.0,3,1.4187,2.282,0.0,0.0,0.0,0.0,0.0,0.0,0.0
237.201,apt_walk_4_features,PARKED,0.0,0.0,0.0,3,1.4187,2.282,0.0,0.0,0.0,0.0,0.0,0.0,0.0
237.301,apt_walk_4_features,PARKED,0.0,0.0,0.0,3,1.4187,2.282,0.0,0.0,0.0,0.0,0.0,0.0,0.0
237.401,apt_walk_4_features,PARKED,0.0,0.0,0.0,3,1.4187,2.282,0.0,0.0,0.0,0.0,0.0,0.0,0.0
237.501,apt_walk_4_features,PARKED,0.0,0.0,0.0,3,1.4187,2.282,0.0,0.0,0.0,0.0,0.0,0.0,0.0
237.601,apt_walk_4_features,PARKED,0.0,0.0,0.0,3,1.4187,2.282,0.0,0.0,0.0,0.0,0.0,0.0,0.0
237.701,apt_walk_4_features,PARKED,0.0,0.0,0.0,3,1.4187,2.282,0.0,0.0,0.0,0.0,0.0,0.0,0.0
237.801,apt_walk_4_features,PARKED,0.0,0.0,0.0,3,1.4187,2.282,0.0,0.0,0.0,0.0,0.0,0.0,0.0
237.901,apt_walk_4_features,PARKED,0.0,0.0,0.0,3,1.4187,2.282,0.0,0.0,0.0,0.0,0.0,0.0,0.0
238.001,apt_walk_4_features,PARKED,0.0,0.0,0.0,3,1.4187,2.282,0.0,0.0,0.0,0.0,0.0,0.0,0.0
238.101,apt_walk_4_features,PARKED,0.0,0.0,0.0,3,1.4187,2.282,0.0,0.0,0.0,0.0,0.0,0.0,0.0
238.201,apt_walk_4_features,PARKED,0.0,0.0,0.0,3,1.4187,2.282,0.0,0.0,0.0,0.0,0.0,0.0,0.0
238.301,apt_walk_4_features,PARKED,0.0,0.0,0.0,3,1.4187,2.282,0.0,0.0,0.0,0.0,0.0,0.0,0.0
238.401,apt_walk_4_features,PARKED,0.0,0.0,0.0,3,1.4187,2.282,0.0,0.0,0.0,0.0,0.0,0.0,0.0
238.501,apt_walk_4_features,PARKED,0.0,0.0,0.0,3,1.4187,2.282,0.0,0.0,0.0,0.0,0.0,0.0,0.0
238.601,apt_walk_4_features,PARKED,0.0,0.0,0.0,3,1.4187,2.282,0.0,0.0,0.0,0.0,0.0,0.0,0.0
238.701,apt_walk_4_features,PARKED,0.0,0.0,0.0,3,1.4187,2.282,0.0,0.0,0.0,0.0,0.0,0.0,0.0
238.841,apt_walk_4_features,PARKED,0.0,0.0,0.0,3,1.4187,2.282,0.0,0.0,0.0,0.0,0.0,0.0,0.0
238.902,apt_walk_4_features,PARKED,0.0,0.0,0.0,3,1.4187,2.282,0.0,0.0,0.0,0.0,0.0,0.0,0.0
239.001,apt_walk_4_features,PARKED,0.0,0.0,0.0,3,1.4187,2.282,0.0,0.0,0.0,0.0,0.0,0.0,0.0
239.101,apt_walk_4_features,PARKED,0.0,0.0,0.0,3,1.4187,2.282,0.0,0.0,0.0,0.0,0.0,0.0,0.0
239.201,apt_walk_4_features,PARKED,0.0,0.0,0.0,3,1.4187,2.282,0.0,0.0,0.0,0.0,0.0,0.0,0.0
239.301,apt_walk_4_features,PARKED,0.0,0.0,0.0,3,1.4187,2.282,0.0,0.0,0.0,0.0,0.0,0.0,0.0
239.401,apt_walk_4_features,PARKED,0.0,0.0,0.0,3,1.4187,2.282,0.0,0.0,0.0,0.0,0.0,0.0,0.0
239.501,apt_walk_4_features,PARKED,0.0,0.0,0.0,3,1.4187,2.282,0.0,0.0,0.0,0.0,0.0,0.0,0.0
239.601,apt_walk_4_features,PARKED,0.0,0.0,0.0,3,1.4187,2.282,0.0,0.0,0.0,0.0,0.0,0.0,0.0
239.701,apt_walk_4_features,PARKED,0.0,0.0,0.0,3,1.4187,2.282,0.0,0.0,0.0,0.0,0.0,0.0,0.0
239.802,apt_walk_4_features,PARKED,0.0,0.0,0.0,3,1.4187,2.282,0.0,0.0,0.0,0.0,0.0,0.0,0.0
239.901,apt_walk_4_features,PARKED,0.0,0.0,0.0,3,1.4187,2.282,0.0,0.0,0.0,0.0,0.0,0.0,0.0
240.001,apt_walk_4_features,PARKED,0.0,0.0,0.0,3,1.4187,2.282,0.0,0.0,0.0,0.0,0.0,0.0,0.0
240.101,apt_walk_4_features,PARKED,0.0,0.0,0.0,3,1.4187,2.282,0.0,0.0,0.0,0.0,0.0,0.0,0.0
240.201,apt_walk_4_features,PARKED,0.0,0.0,0.0,3,1.4187,2.282,0.0,0.0,0.0,0.0,0.0,0.0,0.0
240.301,apt_walk_4_features,PARKED,0.0,0.0,0.0,3,1.4187,2.282,0.0,0.0,0.0,0.0,0.0,0.0,0.0
240.4,apt_walk_4_features,PARKED,0.0,0.0,0.0,3,1.4187,2.282,0.0,0.0,0.0,0.0,0.0,0.0,0.0
240.501,apt_walk_4_features,PARKED,0.0,0.0,0.0,3,1.4187,2.282,0.0,0.0,0.0,0.0,0.0,0.0,0.0
240.602,apt_walk_4_features,PARKED,0.0,0.0,0.0,3,0.5629,2.378,0.0,0.0,0.0,0.0,0.0,0.0,0.0
240.702,apt_walk_4_features,PARKED,0.0,0.0,0.0,3,0.5629,2.378,0.0,0.0,0.0,0.0,0.0,0.0,0.0
240.829,apt_walk_4_features,PARKED,0.0,0.0,0.0,3,0.5571,2.378,0.0,0.0,0.0,0.0,0.0,0.0,0.0
240.949,apt_walk_4_features,PARKED,0.0,0.0,0.0,4,0.5571,1.414,0.0,0.0,0.0,0.0,0.0,0.0,0.0
241.001,apt_walk_4_features,PARKED,0.0,0.0,0.0,4,0.5571,1.414,0.0,0.0,0.0,0.0,0.0,0.0,0.0
241.101,apt_walk_4_features,PARKED,0.0,0.0,0.0,4,0.5571,1.414,0.0,0.0,0.0,0.0,0.0,0.0,0.0
241.211,apt_walk_4_features,PARKED,0.0,0.0,0.0,4,0.9525,1.568,0.0,0.0,0.0,0.0,0.0,0.0,0.0
241.333,apt_walk_4_features,PARKED,0.0,0.0,0.0,4,0.5597,1.568,0.0,0.0,0.0,0.0,0.0,0.0,0.0
241.4,apt_walk_4_features,PARKED,0.0,0.0,0.0,4,0.5459,1.843,0.0,0.0,0.0,0.0,0.0,0.0,0.0
241.501,apt_walk_4_features,PARKED,0.0,0.0,0.0,4,0.5459,1.843,0.0,0.0,0.0,0.0,0.0,0.0,0.0
241.601,apt_walk_4_features,PARKED,0.0,0.0,0.0,4,0.5459,1.843,0.0,0.0,0.0,0.0,0.0,0.0,0.0
241.701,apt_walk_4_features,PARKED,0.0,0.0,0.0,4,0.5459,1.843,0.0,0.0,0.0,0.0,0.0,0.0,0.0
241.818,apt_walk_4_features,PARKED,0.0,0.0,0.0,3,0.4431,2.111,0.0,0.0,0.0,0.0,0.0,0.0,0.0
241.932,apt_walk_4_features,PARKED,0.0,0.0,0.0,3,0.7739,2.278,0.0,0.0,0.0,0.0,0.0,0.0,0.0
242.001,apt_walk_4_features,PARKED,0.0,0.0,0.0,3,0.7739,2.278,0.0,0.0,0.0,0.0,0.0,0.0,0.0
242.101,apt_walk_4_features,PARKED,0.0,0.0,0.0,3,0.438,2.364,0.0,0.0,0.0,0.0,0.0,0.0,0.0
242.232,apt_walk_4_features,PARKED,0.0,0.0,0.0,3,0.4972,2.548,0.0,0.0,0.0,0.0,0.0,0.0,0.0
242.345,apt_walk_4_features,PARKED,0.0,0.0,0.0,3,0.7501,2.668,0.0,0.0,0.0,0.0,0.0,0.0,0.0
242.407,apt_walk_4_features,PARKED,0.0,0.0,0.0,3,0.7501,2.668,0.0,0.0,0.0,0.0,0.0,0.0,0.0
242.511,apt_walk_4_features,PARKED,0.0,0.0,0.0,3,0.7501,2.668,0.0,0.0,0.0,0.0,0.0,0.0,0.0
242.601,apt_walk_4_features,PARKED,0.0,0.0,0.0,3,0.7501,2.668,0.0,0.0,0.0,0.0,0.0,0.0,0.0
242.701,apt_walk_4_features,PARKED,0.0,0.0,0.0,3,0.7501,2.668,0.0,0.0,0.0,0.0,0.0,0.0,0.0
242.802,apt_walk_4_features,PARKED,0.0,0.0,0.0,3,0.7501,2.668,0.0,0.0,0.0,0.0,0.0,0.0,0.0
242.945,apt_walk_4_features,PARKED,0.0,0.0,0.0,3,0.7909,3.17,0.0,0.0,0.0,0.0,0.0,0.0,0.0
243.003,apt_walk_4_features,PARKED,0.0,0.0,0.0,3,0.7909,3.17,0.0,0.0,0.0,0.0,0.0,0.0,0.0
243.149,apt_walk_4_features,PARKED,0.0,0.0,0.0,3,1.1697,3.343,0.0,0.0,0.0,0.0,0.0,0.0,0.0
243.205,apt_walk_4_features,PARKED,0.0,0.0,0.0,3,1.0456,3.479,0.0,0.0,0.0,0.0,0.0,0.0,0.0
243.32,apt_walk_4_features,PARKED,0.0,0.0,0.0,3,1.0456,3.479,0.0,0.0,0.0,0.0,0.0,0.0,0.0
243.446,apt_walk_4_features,PARKED,0.0,0.0,0.0,3,0.8973,3.667,0.0,0.0,0.0,0.0,0.0,0.0,0.0
243.509,apt_walk_4_features,PARKED,0.0,0.0,0.0,3,0.7782,3.627,0.0,0.0,0.0,0.0,0.0,0.0,0.0
243.603,apt_walk_4_features,PARKED,0.0,0.0,0.0,3,0.7782,3.627,0.0,0.0,0.0,0.0,0.0,0.0,0.0
243.701,apt_walk_4_features,PARKED,0.0,0.0,0.0,3,0.7782,3.627,0.0,0.0,0.0,0.0,0.0,0.0,0.0
243.801,apt_walk_4_features,PARKED,0.0,0.0,0.0,3,0.7782,3.627,0.0,0.0,0.0,0.0,0.0,0.0,0.0
243.901,apt_walk_4_features,PARKED,0.0,0.0,0.0,3,0.7782,3.627,0.0,0.0,0.0,0.0,0.0,0.0,0.0
244.001,apt_walk_4_features,PARKED,0.0,0.0,0.0,4,0.6771,3.631,0.0,0.0,0.0,0.0,0.0,0.0,0.0
244.101,apt_walk_4_features,PARKED,0.0,0.0,0.0,4,0.8859,3.716,0.0,0.0,0.0,0.0,0.0,0.0,0.0
244.201,apt_walk_4_features,PARKED,0.0,0.0,0.0,4,0.8859,3.716,0.0,0.0,0.0,0.0,0.0,0.0,0.0
244.301,apt_walk_4_features,PARKED,0.0,0.0,0.0,4,0.8859,3.716,0.0,0.0,0.0,0.0,0.0,0.0,0.0
244.414,apt_walk_4_features,PARKED,0.0,0.0,0.0,3,0.8859,3.714,0.0,0.0,0.0,0.0,0.0,0.0,0.0
244.534,apt_walk_4_features,PARKED,0.0,0.0,0.0,4,0.6049,3.679,0.0,0.0,0.0,0.0,0.0,0.0,0.0
244.601,apt_walk_4_features,PARKED,0.0,0.0,0.0,4,0.5022,3.64,0.0,0.0,0.0,0.0,0.0,0.0,0.0
244.701,apt_walk_4_features,PARKED,0.0,0.0,0.0,4,0.5022,3.64,0.0,0.0,0.0,0.0,0.0,0.0,0.0
244.801,apt_walk_4_features,PARKED,0.0,0.0,0.0,4,0.5022,3.64,0.0,0.0,0.0,0.0,0.0,0.0,0.0
244.901,apt_walk_4_features,PARKED,0.0,0.0,0.0,4,0.5022,3.64,0.0,0.0,0.0,0.0,0.0,0.0,0.0
245.027,apt_walk_4_features,PARKED,0.0,0.0,0.0,3,0.5022,3.705,0.0,0.0,0.0,0.0,0.0,0.0,0.0
245.101,apt_walk_4_features,PARKED,0.0,0.0,0.0,4,0.548,3.652,0.0,0.0,0.0,0.0,0.0,0.0,0.0
245.201,apt_walk_4_features,PARKED,0.0,0.0,0.0,4,0.548,3.652,0.0,0.0,0.0,0.0,0.0,0.0,0.0
245.301,apt_walk_4_features,PARKED,0.0,0.0,0.0,4,0.548,3.652,0.0,0.0,0.0,0.0,0.0,0.0,0.0
245.414,apt_walk_4_features,PARKED,0.0,0.0,0.0,3,0.6596,3.417,0.0,0.0,0.0,0.0,0.0,0.0,0.0
245.532,apt_walk_4_features,PARKED,0.0,0.0,0.0,3,0.4979,3.327,0.0,0.0,0.0,0.0,0.0,0.0,0.0
245.619,apt_walk_4_features,PARKED,0.0,0.0,0.0,3,0.4979,3.327,0.0,0.0,0.0,0.0,0.0,0.0,0.0
245.701,apt_walk_4_features,PARKED,0.0,0.0,0.0,3,0.4979,3.327,0.0,0.0,0.0,0.0,0.0,0.0,0.0
245.801,apt_walk_4_features,PARKED,0.0,0.0,0.0,3,0.4979,3.327,0.0,0.0,0.0,0.0,0.0,0.0,0.0
245.941,apt_walk_4_features,PARKED,0.0,0.0,0.0,3,0.7579,2.944,0.0,0.0,0.0,0.0,0.0,0.0,0.0
246.001,apt_walk_4_features,PARKED,0.0,0.0,0.0,3,0.645,2.867,0.0,0.0,0.0,0.0,0.0,0.0,0.0
246.101,apt_walk_4_features,PARKED,0.0,0.0,0.0,3,0.3507,2.822,0.0,0.0,0.0,0.0,0.0,0.0,0.0
246.201,apt_walk_4_features,PARKED,0.0,0.0,0.0,3,0.3507,2.822,0.0,0.0,0.0,0.0,0.0,0.0,0.0
246.334,apt_walk_4_features,PARKED,0.0,0.0,0.0,3,0.6581,2.572,0.0,0.0,0.0,0.0,0.0,0.0,0.0
246.449,apt_walk_4_features,PARKED,0.0,0.0,0.0,3,0.8921,2.459,0.0,0.0,0.0,0.0,0.0,0.0,0.0
246.506,apt_walk_4_features,PARKED,0.0,0.0,0.0,3,0.9311,2.336,0.0,0.0,0.0,0.0,0.0,0.0,0.0
246.618,apt_walk_4_features,PARKED,0.0,0.0,0.0,3,0.9311,2.336,0.0,0.0,0.0,0.0,0.0,0.0,0.0
246.701,apt_walk_4_features,PARKED,0.0,0.0,0.0,3,0.9311,2.336,0.0,0.0,0.0,0.0,0.0,0.0,0.0
246.801,apt_walk_4_features,PARKED,0.0,0.0,0.0,3,0.9311,2.336,0.0,0.0,0.0,0.0,0.0,0.0,0.0
246.939,apt_walk_4_features,PARKED,0.0,0.0,0.0,3,0.8452,1.967,0.0,0.0,0.0,0.0,0.0,0.0,0.0
247.001,apt_walk_4_features,PARKED,0.0,0.0,0.0,3,0.8452,1.967,0.0,0.0,0.0,0.0,0.0,0.0,0.0
247.11,apt_walk_4_features,PARKED,0.0,0.0,0.0,3,0.825,1.873,0.0,0.0,0.0,0.0,0.0,0.0,0.0
247.201,apt_walk_4_features,PARKED,0.0,0.0,0.0,3,0.825,1.873,0.0,0.0,0.0,0.0,0.0,0.0,0.0
247.329,apt_walk_4_features,PARKED,0.0,0.0,0.0,4,1.0127,1.832,0.0,0.0,0.0,0.0,0.0,0.0,0.0
247.401,apt_walk_4_features,PARKED,0.0,0.0,0.0,4,1.0127,1.832,0.0,0.0,0.0,0.0,0.0,0.0,0.0
247.514,apt_walk_4_features,PARKED,0.0,0.0,0.0,4,1.1799,1.596,0.0,0.0,0.0,0.0,0.0,0.0,0.0
247.616,apt_walk_4_features,PARKED,0.0,0.0,0.0,4,1.1799,1.596,0.0,0.0,0.0,0.0,0.0,0.0,0.0
247.742,apt_walk_4_features,PARKED,0.0,0.0,0.0,4,1.1799,1.559,0.0,0.0,0.0,0.0,0.0,0.0,0.0
247.801,apt_walk_4_features,PARKED,0.0,0.0,0.0,4,1.1799,1.559,0.0,0.0,0.0,0.0,0.0,0.0,0.0
247.901,apt_walk_4_features,PARKED,0.0,0.0,0.0,4,1.1799,1.559,0.0,0.0,0.0,0.0,0.0,0.0,0.0
248.022,apt_walk_4_features,PARKED,0.0,0.0,0.0,3,0.4582,1.5,0.0,0.0,0.0,0.0,0.0,0.0,0.0
248.14,apt_walk_4_features,PARKED,0.0,0.0,0.0,3,0.2106,1.486,0.0,0.0,0.0,0.0,0.0,0.0,0.0
248.236,apt_walk_4_features,PARKED,0.0,0.0,0.0,3,0.2106,1.486,0.0,0.0,0.0,0.0,0.0,0.0,0.0
248.322,apt_walk_4_features,PARKED,0.0,0.0,0.0,3,0.2106,1.486,0.0,0.0,0.0,0.0,0.0,0.0,0.0
248.415,apt_walk_4_features,PARKED,0.0,0.0,0.0,3,0.2106,1.486,0.0,0.0,0.0,0.0,0.0,0.0,0.0
248.542,apt_walk_4_features,PARKED,0.0,0.0,0.0,3,0.2462,1.572,0.0,0.0,0.0,0.0,0.0,0.0,0.0
248.6,apt_walk_4_features,PARKED,0.0,0.0,0.0,3,0.2341,1.66,0.0,0.0,0.0,0.0,0.0,0.0,0.0
248.71,apt_walk_4_features,PARKED,0.0,0.0,0.0,3,0.2341,1.66,0.0,0.0,0.0,0.0,0.0,0.0,0.0
248.801,apt_walk_4_features,PARKED,0.0,0.0,0.0,3,0.2341,1.66,0.0,0.0,0.0,0.0,0.0,0.0,0.0
248.902,apt_walk_4_features,PARKED,0.0,0.0,0.0,3,0.2341,1.66,0.0,0.0,0.0,0.0,0.0,0.0,0.0
249.011,apt_walk_4_features,PARKED,0.0,0.0,0.0,3,0.531,2.063,0.0,0.0,0.0,0.0,0.0,0.0,0.0
249.101,apt_walk_4_features,PARKED,0.0,0.0,0.0,3,0.531,2.063,0.0,0.0,0.0,0.0,0.0,0.0,0.0
249.206,apt_walk_4_features,PARKED,0.0,0.0,0.0,3,0.531,2.063,0.0,0.0,0.0,0.0,0.0,0.0,0.0
249.301,apt_walk_4_features,PARKED,0.0,0.0,0.0,3,0.531,2.063,0.0,0.0,0.0,0.0,0.0,0.0,0.0
249.4,apt_walk_4_features,PARKED,0.0,0.0,0.0,3,0.7343,2.382,0.0,0.0,0.0,0.0,0.0,0.0,0.0
249.51,apt_walk_4_features,PARKED,0.0,0.0,0.0,3,0.4703,2.519,0.0,0.0,0.0,0.0,0.0,0.0,0.0
249.601,apt_walk_4_features,PARKED,0.0,0.0,0.0,3,0.1955,2.6,0.0,0.0,0.0,0.0,0.0,0.0,0.0
249.701,apt_walk_4_features,PARKED,0.0,0.0,0.0,3,0.1955,2.6,0.0,0.0,0.0,0.0,0.0,0.0,0.0
249.801,apt_walk_4_features,PARKED,0.0,0.0,0.0,3,0.1955,2.6,0.0,0.0,0.0,0.0,0.0,0.0,0.0
249.926,apt_walk_4_features,PARKED,0.0,0.0,0.0,3,0.2922,2.909,0.0,0.0,0.0,0.0,0.0,0.0,0.0
250.042,apt_walk_4_features,PARKED,0.0,0.0,0.0,3,0.3883,3.022,0.0,0.0,0.0,0.0,0.0,0.0,0.0
250.101,apt_walk_4_features,PARKED,0.0,0.0,0.0,3,0.3883,3.022,0.0,0.0,0.0,0.0,0.0,0.0,0.0
250.201,apt_walk_4_features,PARKED,0.0,0.0,0.0,3,0.3883,3.022,0.0,0.0,0.0,0.0,0.0,0.0,0.0
250.327,apt_walk_4_features,PARKED,0.0,0.0,0.0,3,0.7143,3.294,0.0,0.0,0.0,0.0,0.0,0.0,0.0
250.402,apt_walk_4_features,PARKED,0.0,0.0,0.0,3,0.7143,3.294,0.0,0.0,0.0,0.0,0.0,0.0,0.0
250.501,apt_walk_4_features,PARKED,0.0,0.0,0.0,3,0.4032,3.393,0.0,0.0,0.0,0.0,0.0,0.0,0.0
250.65,apt_walk_4_features,PARKED,0.0,0.0,0.0,3,0.4032,3.393,0.0,0.0,0.0,0.0,0.0,0.0,0.0
250.708,apt_walk_4_features,PARKED,0.0,0.0,0.0,3,0.5972,3.653,0.0,0.0,0.0,0.0,0.0,0.0,0.0
250.825,apt_walk_4_features,PARKED,0.0,0.0,0.0,4,0.9251,3.656,0.0,0.0,0.0,0.0,0.0,0.0,0.0
250.901,apt_walk_4_features,PARKED,0.0,0.0,0.0,4,0.9251,3.656,0.0,0.0,0.0,0.0,0.0,0.0,0.0
251.001,apt_walk_4_features,PARKED,0.0,0.0,0.0,4,0.9251,3.656,0.0,0.0,0.0,0.0,0.0,0.0,0.0
251.102,apt_walk_4_features,PARKED,0.0,0.0,0.0,4,0.9251,3.656,0.0,0.0,0.0,0.0,0.0,0.0,0.0
251.201,apt_walk_4_features,PARKED,0.0,0.0,0.0,4,0.9251,3.656,0.0,0.0,0.0,0.0,0.0,0.0,0.0
251.334,apt_walk_4_features,PARKED,0.0,0.0,0.0,4,0.6256,3.656,0.0,0.0,0.0,0.0,0.0,0.0,0.0
251.401,apt_walk_4_features,PARKED,0.0,0.0,0.0,4,0.6256,3.656,0.0,0.0,0.0,0.0,0.0,0.0,0.0
251.501,apt_walk_4_features,PARKED,0.0,0.0,0.0,4,0.6256,3.656,0.0,0.0,0.0,0.0,0.0,0.0,0.0
251.612,apt_walk_4_features,PARKED,0.0,0.0,0.0,4,0.633,3.746,0.0,0.0,0.0,0.0,0.0,0.0,0.0
251.701,apt_walk_4_features,PARKED,0.0,0.0,0.0,4,0.633,3.746,0.0,0.0,0.0,0.0,0.0,0.0,0.0
251.823,apt_walk_4_features,PARKED,0.0,0.0,0.0,4,0.3827,3.723,0.0,0.0,0.0,0.0,0.0,0.0,0.0
251.901,apt_walk_4_features,PARKED,0.0,0.0,0.0,4,0.3827,3.723,0.0,0.0,0.0,0.0,0.0,0.0,0.0
252.001,apt_walk_4_features,PARKED,0.0,0.0,0.0,4,0.3827,3.723,0.0,0.0,0.0,0.0,0.0,0.0,0.0
252.101,apt_walk_4_features,PARKED,0.0,0.0,0.0,4,0.3827,3.723,0.0,0.0,0.0,0.0,0.0,0.0,0.0
252.218,apt_walk_4_features,PARKED,0.0,0.0,0.0,4,0.6396,3.71,0.0,0.0,0.0,0.0,0.0,0.0,0.0
252.301,apt_walk_4_features,PARKED,0.0,0.0,0.0,4,0.6396,3.71,0.0,0.0,0.0,0.0,0.0,0.0,0.0
252.407,apt_walk_4_features,PARKED,0.0,0.0,0.0,4,0.3672,3.701,0.0,0.0,0.0,0.0,0.0,0.0,0.0
252.501,apt_walk_4_features,PARKED,0.0,0.0,0.0,4,0.3672,3.701,0.0,0.0,0.0,0.0,0.0,0.0,0.0
252.65,apt_walk_4_features,PARKED,0.0,0.0,0.0,4,0.6277,3.687,0.0,0.0,0.0,0.0,0.0,0.0,0.0
252.706,apt_walk_4_features,PARKED,0.0,0.0,0.0,4,0.6277,3.687,0.0,0.0,0.0,0.0,0.0,0.0,0.0
252.801,apt_walk_4_features,PARKED,0.0,0.0,0.0,4,0.6059,3.595,0.0,0.0,0.0,0.0,0.0,0.0,0.0
252.901,apt_walk_4_features,PARKED,0.0,0.0,0.0,4,0.6059,3.595,0.0,0.0,0.0,0.0,0.0,0.0,0.0
253.001,apt_walk_4_features,PARKED,0.0,0.0,0.0,4,0.6059,3.595,0.0,0.0,0.0,0.0,0.0,0.0,0.0
253.101,apt_walk_4_features,PARKED,0.0,0.0,0.0,4,0.6059,3.595,0.0,0.0,0.0,0.0,0.0,0.0,0.0
253.229,apt_walk_4_features,PARKED,0.0,0.0,0.0,4,0.3986,3.145,0.0,0.0,0.0,0.0,0.0,0.0,0.0
253.302,apt_walk_4_features,PARKED,0.0,0.0,0.0,4,0.3986,3.145,0.0,0.0,0.0,0.0,0.0,0.0,0.0
253.401,apt_walk_4_features,PARKED,0.0,0.0,0.0,4,0.3986,3.145,0.0,0.0,0.0,0.0,0.0,0.0,0.0
253.501,apt_walk_4_features,PARKED,0.0,0.0,0.0,4,0.3986,3.145,0.0,0.0,0.0,0.0,0.0,0.0,0.0
253.618,apt_walk_4_features,PARKED,0.0,0.0,0.0,4,0.7459,2.797,0.0,0.0,0.0,0.0,0.0,0.0,0.0
253.751,apt_walk_4_features,PARKED,0.0,0.0,0.0,4,0.6179,2.662,0.0,0.0,0.0,0.0,0.0,0.0,0.0
253.801,apt_walk_4_features,PARKED,0.0,0.0,0.0,4,0.6179,2.662,0.0,0.0,0.0,0.0,0.0,0.0,0.0
253.901,apt_walk_4_features,PARKED,0.0,0.0,0.0,4,0.6179,2.662,0.0,0.0,0.0,0.0,0.0,0.0,0.0
254.001,apt_walk_4_features,PARKED,0.0,0.0,0.0,4,0.6179,2.662,0.0,0.0,0.0,0.0,0.0,0.0,0.0
254.146,apt_walk_4_features,PARKED,0.0,0.0,0.0,4,0.7006,2.414,0.0,0.0,0.0,0.0,0.0,0.0,0.0
254.21,apt_walk_4_features,PARKED,0.0,0.0,0.0,4,1.1039,2.235,0.0,0.0,0.0,0.0,0.0,0.0,0.0
254.313,apt_walk_4_features,PARKED,0.0,0.0,0.0,4,1.1039,2.235,0.0,0.0,0.0,0.0,0.0,0.0,0.0
254.401,apt_walk_4_features,PARKED,0.0,0.0,0.0,4,1.1039,2.235,0.0,0.0,0.0,0.0,0.0,0.0,0.0
254.501,apt_walk_4_features,PARKED,0.0,0.0,0.0,4,1.1039,2.235,0.0,0.0,0.0,0.0,0.0,0.0,0.0
254.612,apt_walk_4_features,PARKED,0.0,0.0,0.0,4,0.7188,1.939,0.0,0.0,0.0,0.0,0.0,0.0,0.0
254.702,apt_walk_4_features,PARKED,0.0,0.0,0.0,4,0.4584,1.835,0.0,0.0,0.0,0.0,0.0,0.0,0.0
254.805,apt_walk_4_features,PARKED,0.0,0.0,0.0,4,0.4584,1.835,0.0,0.0,0.0,0.0,0.0,0.0,0.0
254.929,apt_walk_4_features,PARKED,0.0,0.0,0.0,3,0.3492,1.761,0.0,0.0,0.0,0.0,0.0,0.0,0.0
255.002,apt_walk_4_features,PARKED,0.0,0.0,0.0,3,0.3492,1.761,0.0,0.0,0.0,0.0,0.0,0.0,0.0
255.127,apt_walk_4_features,PARKED,0.0,0.0,0.0,3,0.2964,1.551,0.0,0.0,0.0,0.0,0.0,0.0,0.0
255.201,apt_walk_4_features,PARKED,0.0,0.0,0.0,3,0.2964,1.551,0.0,0.0,0.0,0.0,0.0,0.0,0.0
255.301,apt_walk_4_features,PARKED,0.0,0.0,0.0,3,0.6414,1.519,0.0,0.0,0.0,0.0,0.0,0.0,0.0
255.445,apt_walk_4_features,PARKED,0.0,0.0,0.0,3,0.6414,1.519,0.0,0.0,0.0,0.0,0.0,0.0,0.0
255.504,apt_walk_4_features,PARKED,0.0,0.0,0.0,3,0.7012,1.55,0.0,0.0,0.0,0.0,0.0,0.0,0.0
255.629,apt_walk_4_features,PARKED,0.0,0.0,0.0,3,0.3141,1.524,0.0,0.0,0.0,0.0,0.0,0.0,0.0
255.702,apt_walk_4_features,PARKED,0.0,0.0,0.0,3,0.3141,1.524,0.0,0.0,0.0,0.0,0.0,0.0,0.0
255.801,apt_walk_4_features,PARKED,0.0,0.0,0.0,3,0.3141,1.524,0.0,0.0,0.0,0.0,0.0,0.0,0.0
255.901,apt_walk_4_features,PARKED,0.0,0.0,0.0,3,0.5796,1.54,0.0,0.0,0.0,0.0,0.0,0.0,0.0
256.002,apt_walk_4_features,PARKED,0.0,0.0,0.0,3,0.5796,1.54,0.0,0.0,0.0,0.0,0.0,0.0,0.0
256.147,apt_walk_4_features,PARKED,0.0,0.0,0.0,3,0.4433,1.856,0.0,0.0,0.0,0.0,0.0,0.0,0.0
256.247,apt_walk_4_features,PARKED,0.0,0.0,0.0,3,0.4433,1.856,0.0,0.0,0.0,0.0,0.0,0.0,0.0
256.301,apt_walk_4_features,PARKED,0.0,0.0,0.0,3,0.4433,1.856,0.0,0.0,0.0,0.0,0.0,0.0,0.0
256.426,apt_walk_4_features,PARKED,0.0,0.0,0.0,3,0.7341,2.036,0.0,0.0,0.0,0.0,0.0,0.0,0.0
256.55,apt_walk_4_features,PARKED,0.0,0.0,0.0,3,1.1123,2.186,0.0,0.0,0.0,0.0,0.0,0.0,0.0
256.601,apt_walk_4_features,PARKED,0.0,0.0,0.0,3,1.1123,2.186,0.0,0.0,0.0,0.0,0.0,0.0,0.0
256.74,apt_walk_4_features,PARKED,0.0,0.0,0.0,3,1.1123,2.186,0.0,0.0,0.0,0.0,0.0,0.0,0.0
256.818,apt_walk_4_features,PARKED,0.0,0.0,0.0,3,1.1123,2.186,0.0,0.0,0.0,0.0,0.0,0.0,0.0
256.911,apt_walk_4_features,PARKED,0.0,0.0,0.0,3,0.7337,2.272,0.0,0.0,0.0,0.0,0.0,0.0,0.0
257.001,apt_walk_4_features,PARKED,0.0,0.0,0.0,3,0.7534,2.575,0.0,0.0,0.0,0.0,0.0,0.0,0.0
257.114,apt_walk_4_features,PARKED,0.0,0.0,0.0,3,1.0217,2.719,0.0,0.0,0.0,0.0,0.0,0.0,0.0
257.245,apt_walk_4_features,PARKED,0.0,0.0,0.0,3,0.7466,2.825,0.0,0.0,0.0,0.0,0.0,0.0,0.0
257.329,apt_walk_4_features,PARKED,0.0,0.0,0.0,3,0.7466,2.825,0.0,0.0,0.0,0.0,0.0,0.0,0.0
257.406,apt_walk_4_features,PARKED,0.0,0.0,0.0,3,0.7466,2.825,0.0,0.0,0.0,0.0,0.0,0.0,0.0
257.53,apt_walk_4_features,PARKED,0.0,0.0,0.0,3,0.7466,3.025,0.0,0.0,0.0,0.0,0.0,0.0,0.0
257.65,apt_walk_4_features,PARKED,0.0,0.0,0.0,3,0.7373,3.259,0.0,0.0,0.0,0.0,0.0,0.0,0.0
257.75,apt_walk_4_features,PARKED,0.0,0.0,0.0,3,0.7373,3.259,0.0,0.0,0.0,0.0,0.0,0.0,0.0
257.801,apt_walk_4_features,PARKED,0.0,0.0,0.0,3,0.7373,3.259,0.0,0.0,0.0,0.0,0.0,0.0,0.0
257.902,apt_walk_4_features,PARKED,0.0,0.0,0.0,3,0.7373,3.259,0.0,0.0,0.0,0.0,0.0,0.0,0.0
258.029,apt_walk_4_features,PARKED,0.0,0.0,0.0,3,0.7373,3.479,0.0,0.0,0.0,0.0,0.0,0.0,0.0
258.102,apt_walk_4_features,PARKED,0.0,0.0,0.0,3,0.7373,3.479,0.0,0.0,0.0,0.0,0.0,0.0,0.0
258.201,apt_walk_4_features,PARKED,0.0,0.0,0.0,3,0.7373,3.479,0.0,0.0,0.0,0.0,0.0,0.0,0.0
258.301,apt_walk_4_features,PARKED,0.0,0.0,0.0,3,0.7373,3.479,0.0,0.0,0.0,0.0,0.0,0.0,0.0
258.42,apt_walk_4_features,PARKED,0.0,0.0,0.0,3,0.7794,3.711,0.0,0.0,0.0,0.0,0.0,0.0,0.0
258.532,apt_walk_4_features,PARKED,0.0,0.0,0.0,3,0.3982,3.672,0.0,0.0,0.0,0.0,0.0,0.0,0.0
258.601,apt_walk_4_features,PARKED,0.0,0.0,0.0,3,0.3982,3.672,0.0,0.0,0.0,0.0,0.0,0.0,0.0
258.701,apt_walk_4_features,PARKED,0.0,0.0,0.0,3,0.3982,3.672,0.0,0.0,0.0,0.0,0.0,0.0,0.0
258.8,apt_walk_4_features,PARKED,0.0,0.0,0.0,3,0.3982,3.672,0.0,0.0,0.0,0.0,0.0,0.0,0.0
258.908,apt_walk_4_features,PARKED,0.0,0.0,0.0,3,0.7768,3.651,0.0,0.0,0.0,0.0,0.0,0.0,0.0
259.031,apt_walk_4_features,PARKED,0.0,0.0,0.0,3,0.95,3.664,0.0,0.0,0.0,0.0,0.0,0.0,0.0
259.101,apt_walk_4_features,PARKED,0.0,0.0,0.0,3,0.95,3.664,0.0,0.0,0.0,0.0,0.0,0.0,0.0
259.201,apt_walk_4_features,PARKED,0.0,0.0,0.0,3,0.95,3.664,0.0,0.0,0.0,0.0,0.0,0.0,0.0
259.301,apt_walk_4_features,PARKED,0.0,0.0,0.0,3,0.95,3.664,0.0,0.0,0.0,0.0,0.0,0.0,0.0
259.401,apt_walk_4_features,PARKED,0.0,0.0,0.0,3,0.95,3.664,0.0,0.0,0.0,0.0,0.0,0.0,0.0
259.502,apt_walk_4_features,PARKED,0.0,0.0,0.0,3,0.6056,3.675,0.0,0.0,0.0,0.0,0.0,0.0,0.0
259.609,apt_walk_4_features,PARKED,0.0,0.0,0.0,3,0.6056,3.675,0.0,0.0,0.0,0.0,0.0,0.0,0.0
259.701,apt_walk_4_features,PARKED,0.0,0.0,0.0,3,0.6056,3.675,0.0,0.0,0.0,0.0,0.0,0.0,0.0
259.831,apt_walk_4_features,PARKED,0.0,0.0,0.0,5,0.651,3.662,0.0,0.0,0.0,0.0,0.0,0.0,0.0
259.901,apt_walk_4_features,PARKED,0.0,0.0,0.0,3,1.0831,3.664,0.0,0.0,0.0,0.0,0.0,0.0,0.0
260.009,apt_walk_4_features,PARKED,0.0,0.0,0.0,3,1.0831,3.664,0.0,0.0,0.0,0.0,0.0,0.0,0.0
260.101,apt_walk_4_features,PARKED,0.0,0.0,0.0,3,1.0831,3.664,0.0,0.0,0.0,0.0,0.0,0.0,0.0
260.201,apt_walk_4_features,PARKED,0.0,0.0,0.0,3,1.0831,3.664,0.0,0.0,0.0,0.0,0.0,0.0,0.0
260.311,apt_walk_4_features,PARKED,0.0,0.0,0.0,3,0.3522,3.665,0.0,0.0,0.0,0.0,0.0,0.0,0.0
260.449,apt_walk_4_features,PARKED,0.0,0.0,0.0,3,0.3885,3.644,0.0,0.0,0.0,0.0,0.0,0.0,0.0
260.509,apt_walk_4_features,PARKED,0.0,0.0,0.0,3,0.7046,3.48,0.0,0.0,0.0,0.0,0.0,0.0,0.0
260.627,apt_walk_4_features,PARKED,0.0,0.0,0.0,3,0.4117,3.399,0.0,0.0,0.0,0.0,0.0,0.0,0.0
260.738,apt_walk_4_features,PARKED,0.0,0.0,0.0,3,0.4117,3.399,0.0,0.0,0.0,0.0,0.0,0.0,0.0
260.846,apt_walk_4_features,PARKED,0.0,0.0,0.0,3,0.4117,3.399,0.0,0.0,0.0,0.0,0.0,0.0,0.0
260.925,apt_walk_4_features,PARKED,0.0,0.0,0.0,3,0.4117,3.399,0.0,0.0,0.0,0.0,0.0,0.0,0.0
261.041,apt_walk_4_features,PARKED,0.0,0.0,0.0,3,0.5152,3.119,0.0,0.0,0.0,0.0,0.0,0.0,0.0
261.102,apt_walk_4_features,PARKED,0.0,0.0,0.0,3,0.6256,3.104,0.0,0.0,0.0,0.0,0.0,0.0,0.0
261.202,apt_walk_4_features,PARKED,0.0,0.0,0.0,3,0.6256,3.104,0.0,0.0,0.0,0.0,0.0,0.0,0.0
261.301,apt_walk_4_features,PARKED,0.0,0.0,0.0,3,0.6256,3.104,0.0,0.0,0.0,0.0,0.0,0.0,0.0
261.401,apt_walk_4_features,PARKED,0.0,0.0,0.0,3,0.6256,3.104,0.0,0.0,0.0,0.0,0.0,0.0,0.0
261.537,apt_walk_4_features,PARKED,0.0,0.0,0.0,4,0.7999,2.572,0.0,0.0,0.0,0.0,0.0,0.0,0.0
261.601,apt_walk_4_features,PARKED,0.0,0.0,0.0,4,0.7999,2.572,0.0,0.0,0.0,0.0,0.0,0.0,0.0
261.701,apt_walk_4_features,PARKED,0.0,0.0,0.0,3,0.5229,2.457,0.0,0.0,0.0,0.0,0.0,0.0,0.0
261.801,apt_walk_4_features,PARKED,0.0,0.0,0.0,3,0.5229,2.457,0.0,0.0,0.0,0.0,0.0,0.0,0.0
261.922,apt_walk_4_features,PARKED,0.0,0.0,0.0,3,0.7161,2.173,0.0,0.0,0.0,0.0,0.0,0.0,0.0
262.041,apt_walk_4_features,PARKED,0.0,0.0,0.0,4,0.5065,2.049,0.0,0.0,0.0,0.0,0.0,0.0,0.0
262.102,apt_walk_4_features,PARKED,0.0,0.0,0.0,4,0.5065,2.049,0.0,0.0,0.0,0.0,0.0,0.0,0.0
262.201,apt_walk_4_features,PARKED,0.0,0.0,0.0,4,0.5065,2.049,0.0,0.0,0.0,0.0,0.0,0.0,0.0
262.301,apt_walk_4_features,PARKED,0.0,0.0,0.0,4,0.5065,2.049,0.0,0.0,0.0,0.0,0.0,0.0,0.0
262.414,apt_walk_4_features,PARKED,0.0,0.0,0.0,3,0.6766,1.782,0.0,0.0,0.0,0.0,0.0,0.0,0.0
262.532,apt_walk_4_features,PARKED,0.0,0.0,0.0,3,0.4496,1.672,0.0,0.0,0.0,0.0,0.0,0.0,0.0
262.64,apt_walk_4_features,PARKED,0.0,0.0,0.0,3,0.4496,1.672,0.0,0.0,0.0,0.0,0.0,0.0,0.0
262.725,apt_walk_4_features,PARKED,0.0,0.0,0.0,3,0.4389,1.625,0.0,0.0,0.0,0.0,0.0,0.0,0.0
262.815,apt_walk_4_features,PARKED,0.0,0.0,0.0,3,0.4389,1.625,0.0,0.0,0.0,0.0,0.0,0.0,0.0
262.939,apt_walk_4_features,PARKED,0.0,0.0,0.0,3,0.4389,1.556,0.0,0.0,0.0,0.0,0.0,0.0,0.0
263.001,apt_walk_4_features,PARKED,0.0,0.0,0.0,3,0.2589,1.569,0.0,0.0,0.0,0.0,0.0,0.0,0.0
263.143,apt_walk_4_features,PARKED,0.0,0.0,0.0,3,0.2589,1.569,0.0,0.0,0.0,0.0,0.0,0.0,0.0
263.201,apt_walk_4_features,PARKED,0.0,0.0,0.0,3,0.2589,1.569,0.0,0.0,0.0,0.0,0.0,0.0,0.0
263.301,apt_walk_4_features,PARKED,0.0,0.0,0.0,3,0.2589,1.569,0.0,0.0,0.0,0.0,0.0,0.0,0.0
263.401,apt_walk_4_features,PARKED,0.0,0.0,0.0,3,0.1824,1.566,0.0,0.0,0.0,0.0,0.0,0.0,0.0
263.513,apt_walk_4_features,PARKED,0.0,0.0,0.0,3,0.304,1.616,0.0,0.0,0.0,0.0,0.0,0.0,0.0
263.621,apt_walk_4_features,PARKED,0.0,0.0,0.0,3,0.5543,1.697,0.0,0.0,0.0,0.0,0.0,0.0,0.0
263.701,apt_walk_4_features,PARKED,0.0,0.0,0.0,3,0.5695,1.769,0.0,0.0,0.0,0.0,0.0,0.0,0.0
263.831,apt_walk_4_features,PARKED,0.0,0.0,0.0,3,0.7873,1.864,0.0,0.0,0.0,0.0,0.0,0.0,0.0
263.946,apt_walk_4_features,PARKED,0.0,0.0,0.0,3,0.5006,1.939,0.0,0.0,0.0,0.0,0.0,0.0,0.0
264.001,apt_walk_4_features,PARKED,0.0,0.0,0.0,3,0.5006,1.939,0.0,0.0,0.0,0.0,0.0,0.0,0.0
264.137,apt_walk_4_features,PARKED,0.0,0.0,0.0,3,0.668,2.015,0.0,0.0,0.0,0.0,0.0,0.0,0.0
264.21,apt_walk_4_features,PARKED,0.0,0.0,0.0,3,0.668,2.015,0.0,0.0,0.0,0.0,0.0,0.0,0.0
264.301,apt_walk_4_features,PARKED,0.0,0.0,0.0,3,0.668,2.015,0.0,0.0,0.0,0.0,0.0,0.0,0.0
264.401,apt_walk_4_features,PARKED,0.0,0.0,0.0,3,0.5235,2.386,0.0,0.0,0.0,0.0,0.0,0.0,0.0
264.501,apt_walk_4_features,PARKED,0.0,0.0,0.0,3,0.5235,2.386,0.0,0.0,0.0,0.0,0.0,0.0,0.0
264.602,apt_walk_4_features,PARKED,0.0,0.0,0.0,3,0.9092,2.586,0.0,0.0,0.0,0.0,0.0,0.0,0.0
264.728,apt_walk_4_features,PARKED,0.0,0.0,0.0,3,0.9092,2.586,0.0,0.0,0.0,0.0,0.0,0.0,0.0
264.843,apt_walk_4_features,PARKED,0.0,0.0,0.0,3,0.812,2.78,0.0,0.0,0.0,0.0,0.0,0.0,0.0
264.903,apt_walk_4_features,PARKED,0.0,0.0,0.0,3,0.8305,2.935,0.0,0.0,0.0,0.0,0.0,0.0,0.0
265.04,apt_walk_4_features,PARKED,0.0,0.0,0.0,3,0.5295,3.0,0.0,0.0,0.0,0.0,0.0,0.0,0.0
265.107,apt_walk_4_features,PARKED,0.0,0.0,0.0,3,0.1887,3.042,0.0,0.0,0.0,0.0,0.0,0.0,0.0
265.21,apt_walk_4_features,PARKED,0.0,0.0,0.0,3,0.1887,3.042,0.0,0.0,0.0,0.0,0.0,0.0,0.0
265.301,apt_walk_4_features,PARKED,0.0,0.0,0.0,3,0.1887,3.042,0.0,0.0,0.0,0.0,0.0,0.0,0.0
265.426,apt_walk_4_features,PARKED,0.0,0.0,0.0,3,0.8186,3.45,0.0,0.0,0.0,0.0,0.0,0.0,0.0
265.512,apt_walk_4_features,PARKED,0.0,0.0,0.0,3,0.8186,3.45,0.0,0.0,0.0,0.0,0.0,0.0,0.0
265.604,apt_walk_4_features,PARKED,0.0,0.0,0.0,3,0.8186,3.45,0.0,0.0,0.0,0.0,0.0,0.0,0.0
265.701,apt_walk_4_features,PARKED,0.0,0.0,0.0,3,0.8186,3.45,0.0,0.0,0.0,0.0,0.0,0.0,0.0
265.814,apt_walk_4_features,PARKED,0.0,0.0,0.0,3,0.9795,3.662,0.0,0.0,0.0,0.0,0.0,0.0,0.0
265.902,apt_walk_4_features,PARKED,0.0,0.0,0.0,3,0.6825,3.68,0.0,0.0,0.0,0.0,0.0,0.0,0.0
266.005,apt_walk_4_features,PARKED,0.0,0.0,0.0,3,0.6825,3.68,0.0,0.0,0.0,0.0,0.0,0.0,0.0
266.122,apt_walk_4_features,PARKED,0.0,0.0,0.0,3,0.9884,3.748,0.0,0.0,0.0,0.0,0.0,0.0,0.0
266.217,apt_walk_4_features,PARKED,0.0,0.0,0.0,3,0.9884,3.748,0.0,0.0,0.0,0.0,0.0,0.0,0.0
266.301,apt_walk_4_features,PARKED,0.0,0.0,0.0,4,0.9884,3.633,0.0,0.0,0.0,0.0,0.0,0.0,0.0
266.401,apt_walk_4_features,PARKED,0.0,0.0,0.0,4,0.9884,3.633,0.0,0.0,0.0,0.0,0.0,0.0,0.0
266.501,apt_walk_4_features,PARKED,0.0,0.0,0.0,4,0.9884,3.633,0.0,0.0,0.0,0.0,0.0,0.0,0.0
266.648,apt_walk_4_features,PARKED,0.0,0.0,0.0,4,0.4116,3.649,0.0,0.0,0.0,0.0,0.0,0.0,0.0
266.707,apt_walk_4_features,PARKED,0.0,0.0,0.0,4,0.4116,3.649,0.0,0.0,0.0,0.0,0.0,0.0,0.0
266.826,apt_walk_4_features,PARKED,0.0,0.0,0.0,4,0.538,3.7,0.0,0.0,0.0,0.0,0.0,0.0,0.0
266.923,apt_walk_4_features,PARKED,0.0,0.0,0.0,4,0.538,3.7,0.0,0.0,0.0,0.0,0.0,0.0,0.0
267.002,apt_walk_4_features,PARKED,0.0,0.0,0.0,4,0.538,3.7,0.0,0.0,0.0,0.0,0.0,0.0,0.0
267.102,apt_walk_4_features,PARKED,0.0,0.0,0.0,5,0.5333,3.67,0.0,0.0,0.0,0.0,0.0,0.0,0.0
267.234,apt_walk_4_features,PARKED,0.0,0.0,0.0,5,0.3229,3.712,0.0,0.0,0.0,0.0,0.0,0.0,0.0
267.301,apt_walk_4_features,PARKED,0.0,0.0,0.0,5,0.3229,3.712,0.0,0.0,0.0,0.0,0.0,0.0,0.0
267.401,apt_walk_4_features,PARKED,0.0,0.0,0.0,5,0.3229,3.712,0.0,0.0,0.0,0.0,0.0,0.0,0.0
267.501,apt_walk_4_features,PARKED,0.0,0.0,0.0,5,0.3229,3.712,0.0,0.0,0.0,0.0,0.0,0.0,0.0
267.63,apt_walk_4_features,PARKED,0.0,0.0,0.0,4,0.4806,3.639,0.0,0.0,0.0,0.0,0.0,0.0,0.0
267.701,apt_walk_4_features,PARKED,0.0,0.0,0.0,4,0.4806,3.639,0.0,0.0,0.0,0.0,0.0,0.0,0.0
267.811,apt_walk_4_features,PARKED,0.0,0.0,0.0,4,0.8442,3.663,0.0,0.0,0.0,0.0,0.0,0.0,0.0
267.926,apt_walk_4_features,PARKED,0.0,0.0,0.0,4,1.0179,3.644,0.0,0.0,0.0,0.0,0.0,0.0,0.0
268.038,apt_walk_4_features,PARKED,0.0,0.0,0.0,4,1.0411,3.681,0.0,0.0,0.0,0.0,0.0,0.0,0.0
268.12,apt_walk_4_features,PARKED,0.0,0.0,0.0,4,1.0411,3.681,0.0,0.0,0.0,0.0,0.0,0.0,0.0
268.201,apt_walk_4_features,PARKED,0.0,0.0,0.0,4,0.8924,3.628,0.0,0.0,0.0,0.0,0.0,0.0,0.0
268.321,apt_walk_4_features,PARKED,0.0,0.0,0.0,4,0.8769,3.266,0.0,0.0,0.0,0.0,0.0,0.0,0.0
268.432,apt_walk_4_features,PARKED,0.0,0.0,0.0,4,0.7697,3.129,0.0,0.0,0.0,0.0,0.0,0.0,0.0
268.531,apt_walk_4_features,PARKED,0.0,0.0,0.0,4,0.7697,3.129,0.0,0.0,0.0,0.0,0.0,0.0,0.0
268.627,apt_walk_4_features,PARKED,0.0,0.0,0.0,4,0.7697,3.129,0.0,0.0,0.0,0.0,0.0,0.0,0.0
268.705,apt_walk_4_features,PARKED,0.0,0.0,0.0,4,0.7697,3.129,0.0,0.0,0.0,0.0,0.0,0.0,0.0
268.827,apt_walk_4_features,PARKED,0.0,0.0,0.0,4,0.7697,2.886,0.0,0.0,0.0,0.0,0.0,0.0,0.0
268.902,apt_walk_4_features,PARKED,0.0,0.0,0.0,4,1.0327,2.695,0.0,0.0,0.0,0.0,0.0,0.0,0.0
269.013,apt_walk_4_features,PARKED,0.0,0.0,0.0,4,0.7879,2.619,0.0,0.0,0.0,0.0,0.0,0.0,0.0
269.101,apt_walk_4_features,PARKED,0.0,0.0,0.0,4,1.0327,2.426,0.0,0.0,0.0,0.0,0.0,0.0,0.0
269.215,apt_walk_4_features,PARKED,0.0,0.0,0.0,4,0.7485,2.365,0.0,0.0,0.0,0.0,0.0,0.0,0.0
269.332,apt_walk_4_features,PARKED,0.0,0.0,0.0,4,0.6311,2.311,0.0,0.0,0.0,0.0,0.0,0.0,0.0
269.401,apt_walk_4_features,PARKED,0.0,0.0,0.0,4,0.6311,2.311,0.0,0.0,0.0,0.0,0.0,0.0,0.0
269.544,apt_walk_4_features,PARKED,0.0,0.0,0.0,4,0.7378,2.081,0.0,0.0,0.0,0.0,0.0,0.0,0.0
269.601,apt_walk_4_features,PARKED,0.0,0.0,0.0,4,0.7378,2.081,0.0,0.0,0.0,0.0,0.0,0.0,0.0
269.734,apt_walk_4_features,PARKED,0.0,0.0,0.0,4,0.8907,1.962,0.0,0.0,0.0,0.0,0.0,0.0,0.0
269.801,apt_walk_4_features,PARKED,0.0,0.0,0.0,4,0.8418,1.752,0.0,0.0,0.0,0.0,0.0,0.0,0.0
269.901,apt_walk_4_features,PARKED,0.0,0.0,0.0,4,0.8418,1.752,0.0,0.0,0.0,0.0,0.0,0.0,0.0
270.036,apt_walk_4_features,PARKED,0.0,0.0,0.0,4,0.7186,1.656,0.0,0.0,0.0,0.0,0.0,0.0,0.0
270.127,apt_walk_4_features,PARKED,0.0,0.0,0.0,4,0.7186,1.656,0.0,0.0,0.0,0.0,0.0,0.0,0.0
270.25,apt_walk_4_features,PARKED,0.0,0.0,0.0,3,0.7068,1.527,0.0,0.0,0.0,0.0,0.0,0.0,0.0
270.307,apt_walk_4_features,PARKED,0.0,0.0,0.0,3,0.7068,1.527,0.0,0.0,0.0,0.0,0.0,0.0,0.0
270.401,apt_walk_4_features,PARKED,0.0,0.0,0.0,3,0.7068,1.527,0.0,0.0,0.0,0.0,0.0,0.0,0.0
270.501,apt_walk_4_features,PARKED,0.0,0.0,0.0,3,0.7068,1.527,0.0,0.0,0.0,0.0,0.0,0.0,0.0
270.601,apt_walk_4_features,PARKED,0.0,0.0,0.0,3,0.7068,1.527,0.0,0.0,0.0,0.0,0.0,0.0,0.0
270.701,apt_walk_4_features,PARKED,0.0,0.0,0.0,3,0.7068,1.527,0.0,0.0,0.0,0.0,0.0,0.0,0.0
270.82,apt_walk_4_features,PARKED,0.0,0.0,0.0,3,0.3348,1.47,0.0,0.0,0.0,0.0,0.0,0.0,0.0
270.935,apt_walk_4_features,PARKED,0.0,0.0,0.0,3,0.4251,1.505,0.0,0.0,0.0,0.0,0.0,0.0,0.0
271.001,apt_walk_4_features,PARKED,0.0,0.0,0.0,3,0.6857,1.57,0.0,0.0,0.0,0.0,0.0,0.0,0.0
271.15,apt_walk_4_features,PARKED,0.0,0.0,0.0,3,0.6857,1.57,0.0,0.0,0.0,0.0,0.0,0.0,0.0
271.222,apt_walk_4_features,PARKED,0.0,0.0,0.0,3,0.6857,1.57,0.0,0.0,0.0,0.0,0.0,0.0,0.0
271.338,apt_walk_4_features,PARKED,0.0,0.0,0.0,3,0.8431,1.756,0.0,0.0,0.0,0.0,0.0,0.0,0.0
271.401,apt_walk_4_features,PARKED,0.0,0.0,0.0,3,0.7299,1.865,0.0,0.0,0.0,0.0,0.0,0.0,0.0
271.502,apt_walk_4_features,PARKED,0.0,0.0,0.0,3,0.7299,1.865,0.0,0.0,0.0,0.0,0.0,0.0,0.0
271.601,apt_walk_4_features,PARKED,0.0,0.0,0.0,3,0.4509,1.934,0.0,0.0,0.0,0.0,0.0,0.0,0.0
271.701,apt_walk_4_features,PARKED,0.0,0.0,0.0,3,0.4509,1.934,0.0,0.0,0.0,0.0,0.0,0.0,0.0
271.84,apt_walk_4_features,PARKED,0.0,0.0,0.0,3,0.448,2.19,0.0,0.0,0.0,0.0,0.0,0.0,0.0
271.901,apt_walk_4_features,PARKED,0.0,0.0,0.0,3,0.448,2.19,0.0,0.0,0.0,0.0,0.0,0.0,0.0
272.032,apt_walk_4_features,PARKED,0.0,0.0,0.0,3,0.7608,2.327,0.0,0.0,0.0,0.0,0.0,0.0,0.0
272.101,apt_walk_4_features,PARKED,0.0,0.0,0.0,3,1.0009,2.506,0.0,0.0,0.0,0.0,0.0,0.0,0.0
272.202,apt_walk_4_features,PARKED,0.0,0.0,0.0,3,1.0009,2.506,0.0,0.0,0.0,0.0,0.0,0.0,0.0
272.301,apt_walk_4_features,PARKED,0.0,0.0,0.0,3,1.2673,2.685,0.0,0.0,0.0,0.0,0.0,0.0,0.0
272.401,apt_walk_4_features,PARKED,0.0,0.0,0.0,3,1.2673,2.685,0.0,0.0,0.0,0.0,0.0,0.0,0.0
272.533,apt_walk_4_features,PARKED,0.0,0.0,0.0,3,0.6564,3.005,0.0,0.0,0.0,0.0,0.0,0.0,0.0
272.644,apt_walk_4_features,PARKED,0.0,0.0,0.0,3,0.6564,3.005,0.0,0.0,0.0,0.0,0.0,0.0,0.0
272.732,apt_walk_4_features,PARKED,0.0,0.0,0.0,3,0.6564,3.005,0.0,0.0,0.0,0.0,0.0,0.0,0.0
272.823,apt_walk_4_features,PARKED,0.0,0.0,0.0,3,0.6564,3.005,0.0,0.0,0.0,0.0,0.0,0.0,0.0
272.945,apt_walk_4_features,PARKED,0.0,0.0,0.0,4,0.6682,3.269,0.0,0.0,0.0,0.0,0.0,0.0,0.0
273.003,apt_walk_4_features,PARKED,0.0,0.0,0.0,4,0.9697,3.445,0.0,0.0,0.0,0.0,0.0,0.0,0.0
273.128,apt_walk_4_features,PARKED,0.0,0.0,0.0,4,0.9697,3.445,0.0,0.0,0.0,0.0,0.0,0.0,0.0
273.209,apt_walk_4_features,PARKED,0.0,0.0,0.0,4,0.9697,3.445,0.0,0.0,0.0,0.0,0.0,0.0,0.0
273.342,apt_walk_4_features,PARKED,0.0,0.0,0.0,4,0.6067,3.666,0.0,0.0,0.0,0.0,0.0,0.0,0.0
273.41,apt_walk_4_features,PARKED,0.0,0.0,0.0,4,0.6067,3.666,0.0,0.0,0.0,0.0,0.0,0.0,0.0
273.501,apt_walk_4_features,PARKED,0.0,0.0,0.0,4,0.6067,3.666,0.0,0.0,0.0,0.0,0.0,0.0,0.0
273.602,apt_walk_4_features,PARKED,0.0,0.0,0.0,4,0.6067,3.666,0.0,0.0,0.0,0.0,0.0,0.0,0.0
273.701,apt_walk_4_features,PARKED,0.0,0.0,0.0,4,0.6067,3.666,0.0,0.0,0.0,0.0,0.0,0.0,0.0
273.817,apt_walk_4_features,PARKED,0.0,0.0,0.0,4,1.0957,3.695,0.0,0.0,0.0,0.0,0.0,0.0,0.0
273.932,apt_walk_4_features,PARKED,0.0,0.0,0.0,4,0.9129,3.715,0.0,0.0,0.0,0.0,0.0,0.0,0.0
274.034,apt_walk_4_features,PARKED,0.0,0.0,0.0,4,0.9129,3.715,0.0,0.0,0.0,0.0,0.0,0.0,0.0
274.129,apt_walk_4_features,PARKED,0.0,0.0,0.0,4,0.9129,3.715,0.0,0.0,0.0,0.0,0.0,0.0,0.0
274.221,apt_walk_4_features,PARKED,0.0,0.0,0.0,4,0.9129,3.715,0.0,0.0,0.0,0.0,0.0,0.0,0.0
274.349,apt_walk_4_features,PARKED,0.0,0.0,0.0,4,1.478,3.657,0.0,0.0,0.0,0.0,0.0,0.0,0.0
274.401,apt_walk_4_features,PARKED,0.0,0.0,0.0,4,1.478,3.657,0.0,0.0,0.0,0.0,0.0,0.0,0.0
274.501,apt_walk_4_features,PARKED,0.0,0.0,0.0,4,1.478,3.657,0.0,0.0,0.0,0.0,0.0,0.0,0.0
274.601,apt_walk_4_features,PARKED,0.0,0.0,0.0,4,1.478,3.657,0.0,0.0,0.0,0.0,0.0,0.0,0.0
274.701,apt_walk_4_features,PARKED,0.0,0.0,0.0,4,1.478,3.657,0.0,0.0,0.0,0.0,0.0,0.0,0.0
274.801,apt_walk_4_features,PARKED,0.0,0.0,0.0,4,1.478,3.657,0.0,0.0,0.0,0.0,0.0,0.0,0.0
274.901,apt_walk_4_features,PARKED,0.0,0.0,0.0,4,1.478,3.657,0.0,0.0,0.0,0.0,0.0,0.0,0.0
275.001,apt_walk_4_features,PARKED,0.0,0.0,0.0,4,1.478,3.657,0.0,0.0,0.0,0.0,0.0,0.0,0.0
275.101,apt_walk_4_features,PARKED,0.0,0.0,0.0,4,0.7351,3.653,0.0,0.0,0.0,0.0,0.0,0.0,0.0
275.239,apt_walk_4_features,PARKED,0.0,0.0,0.0,4,0.3957,3.639,0.0,0.0,0.0,0.0,0.0,0.0,0.0
275.301,apt_walk_4_features,PARKED,0.0,0.0,0.0,4,0.3957,3.639,0.0,0.0,0.0,0.0,0.0,0.0,0.0
275.442,apt_walk_4_features,PARKED,0.0,0.0,0.0,4,0.3747,3.554,0.0,0.0,0.0,0.0,0.0,0.0,0.0
275.501,apt_walk_4_features,PARKED,0.0,0.0,0.0,4,0.3747,3.554,0.0,0.0,0.0,0.0,0.0,0.0,0.0
275.645,apt_walk_4_features,PARKED,0.0,0.0,0.0,4,0.8373,3.439,0.0,0.0,0.0,0.0,0.0,0.0,0.0
275.703,apt_walk_4_features,PARKED,0.0,0.0,0.0,4,0.7901,3.243,0.0,0.0,0.0,0.0,0.0,0.0,0.0
275.802,apt_walk_4_features,PARKED,0.0,0.0,0.0,4,0.7901,3.243,0.0,0.0,0.0,0.0,0.0,0.0,0.0
275.901,apt_walk_4_features,PARKED,0.0,0.0,0.0,4,0.7901,3.243,0.0,0.0,0.0,0.0,0.0,0.0,0.0
276.004,apt_walk_4_features,PARKED,0.0,0.0,0.0,4,1.0667,3.086,0.0,0.0,0.0,0.0,0.0,0.0,0.0
276.147,apt_walk_4_features,PARKED,0.0,0.0,0.0,4,1.3605,2.947,0.0,0.0,0.0,0.0,0.0,0.0,0.0
276.206,apt_walk_4_features,PARKED,0.0,0.0,0.0,4,1.0357,2.848,0.0,0.0,0.0,0.0,0.0,0.0,0.0
276.323,apt_walk_4_features,PARKED,0.0,0.0,0.0,4,0.7777,2.674,0.0,0.0,0.0,0.0,0.0,0.0,0.0
276.44,apt_walk_4_features,PARKED,0.0,0.0,0.0,4,1.0355,2.522,0.0,0.0,0.0,0.0,0.0,0.0,0.0
276.501,apt_walk_4_features,PARKED,0.0,0.0,0.0,4,1.0355,2.522,0.0,0.0,0.0,0.0,0.0,0.0,0.0
276.601,apt_walk_4_features,PARKED,0.0,0.0,0.0,4,1.0355,2.522,0.0,0.0,0.0,0.0,0.0,0.0,0.0
276.716,apt_walk_4_features,PARKED,0.0,0.0,0.0,3,0.961,2.343,0.0,0.0,0.0,0.0,0.0,0.0,0.0
276.847,apt_walk_4_features,PARKED,0.0,0.0,0.0,3,1.2544,2.163,0.0,0.0,0.0,0.0,0.0,0.0,0.0
276.949,apt_walk_4_features,PARKED,0.0,0.0,0.0,3,1.2544,2.163,0.0,0.0,0.0,0.0,0.0,0.0,0.0
277.031,apt_walk_4_features,PARKED,0.0,0.0,0.0,3,1.2544,2.163,0.0,0.0,0.0,0.0,0.0,0.0,0.0
277.113,apt_walk_4_features,PARKED,0.0,0.0,0.0,3,0.9565,2.066,0.0,0.0,0.0,0.0,0.0,0.0,0.0
277.242,apt_walk_4_features,PARKED,0.0,0.0,0.0,3,0.9565,1.84,0.0,0.0,0.0,0.0,0.0,0.0,0.0
277.336,apt_walk_4_features,PARKED,0.0,0.0,0.0,3,1.087,1.722,0.0,0.0,0.0,0.0,0.0,0.0,0.0
277.406,apt_walk_4_features,PARKED,0.0,0.0,0.0,3,1.087,1.722,0.0,0.0,0.0,0.0,0.0,0.0,0.0
277.501,apt_walk_4_features,PARKED,0.0,0.0,0.0,3,0.6745,1.656,0.0,0.0,0.0,0.0,0.0,0.0,0.0
277.647,apt_walk_4_features,PARKED,0.0,0.0,0.0,3,0.4876,1.534,0.0,0.0,0.0,0.0,0.0,0.0,0.0
277.703,apt_walk_4_features,PARKED,0.0,0.0,0.0,3,0.4876,1.534,0.0,0.0,0.0,0.0,0.0,0.0,0.0
277.801,apt_walk_4_features,PARKED,0.0,0.0,0.0,3,0.4854,1.519,0.0,0.0,0.0,0.0,0.0,0.0,0.0
277.901,apt_walk_4_features,PARKED,0.0,0.0,0.0,3,0.4854,1.519,0.0,0.0,0.0,0.0,0.0,0.0,0.0
278.048,apt_walk_4_features,PARKED,0.0,0.0,0.0,3,0.5064,1.489,0.0,0.0,0.0,0.0,0.0,0.0,0.0
278.109,apt_walk_4_features,PARKED,0.0,0.0,0.0,3,0.5064,1.489,0.0,0.0,0.0,0.0,0.0,0.0,0.0
278.201,apt_walk_4_features,PARKED,0.0,0.0,0.0,3,0.2581,1.475,0.0,0.0,0.0,0.0,0.0,0.0,0.0
278.302,apt_walk_4_features,PARKED,0.0,0.0,0.0,3,0.2581,1.475,0.0,0.0,0.0,0.0,0.0,0.0,0.0
278.401,apt_walk_4_features,PARKED,0.0,0.0,0.0,3,0.2581,1.475,0.0,0.0,0.0,0.0,0.0,0.0,0.0
278.508,apt_walk_4_features,PARKED,0.0,0.0,0.0,3,0.6292,1.684,0.0,0.0,0.0,0.0,0.0,0.0,0.0
278.601,apt_walk_4_features,PARKED,0.0,0.0,0.0,3,0.6292,1.684,0.0,0.0,0.0,0.0,0.0,0.0,0.0
278.701,apt_walk_4_features,PARKED,0.0,0.0,0.0,3,0.6292,1.684,0.0,0.0,0.0,0.0,0.0,0.0,0.0
278.801,apt_walk_4_features,PARKED,0.0,0.0,0.0,3,0.6292,1.684,0.0,0.0,0.0,0.0,0.0,0.0,0.0
278.901,apt_walk_4_features,PARKED,0.0,0.0,0.0,3,0.6292,1.684,0.0,0.0,0.0,0.0,0.0,0.0,0.0
279.001,apt_walk_4_features,PARKED,0.0,0.0,0.0,3,0.6292,1.684,0.0,0.0,0.0,0.0,0.0,0.0,0.0
279.118,apt_walk_4_features,PARKED,0.0,0.0,0.0,3,1.1563,2.157,0.0,0.0,0.0,0.0,0.0,0.0,0.0
279.246,apt_walk_4_features,PARKED,0.0,0.0,0.0,3,0.9067,2.278,0.0,0.0,0.0,0.0,0.0,0.0,0.0
279.342,apt_walk_4_features,PARKED,0.0,0.0,0.0,3,0.9067,2.278,0.0,0.0,0.0,0.0,0.0,0.0,0.0
279.433,apt_walk_4_features,PARKED,0.0,0.0,0.0,3,0.9067,2.278,0.0,0.0,0.0,0.0,0.0,0.0,0.0
279.518,apt_walk_4_features,PARKED,0.0,0.0,0.0,3,0.556,2.368,0.0,0.0,0.0,0.0,0.0,0.0,0.0
279.64,apt_walk_4_features,PARKED,0.0,0.0,0.0,3,0.8853,2.575,0.0,0.0,0.0,0.0,0.0,0.0,0.0
279.711,apt_walk_4_features,PARKED,0.0,0.0,0.0,3,0.8853,2.575,0.0,0.0,0.0,0.0,0.0,0.0,0.0
279.843,apt_walk_4_features,PARKED,0.0,0.0,0.0,3,0.8853,2.575,0.0,0.0,0.0,0.0,0.0,0.0,0.0
279.944,apt_walk_4_features,PARKED,0.0,0.0,0.0,3,0.8853,2.575,0.0,0.0,0.0,0.0,0.0,0.0,0.0
280.023,apt_walk_4_features,PARKED,0.0,0.0,0.0,3,0.8853,2.575,0.0,0.0,0.0,0.0,0.0,0.0,0.0
280.102,apt_walk_4_features,PARKED,0.0,0.0,0.0,3,0.8853,2.575,0.0,0.0,0.0,0.0,0.0,0.0,0.0
280.201,apt_walk_4_features,PARKED,0.0,0.0,0.0,3,0.8853,2.575,0.0,0.0,0.0,0.0,0.0,0.0,0.0
280.35,apt_walk_4_features,PARKED,0.0,0.0,0.0,3,0.8853,2.575,0.0,0.0,0.0,0.0,0.0,0.0,0.0
280.444,apt_walk_4_features,PARKED,0.0,0.0,0.0,3,0.8853,2.575,0.0,0.0,0.0,0.0,0.0,0.0,0.0
280.514,apt_walk_4_features,PARKED,0.0,0.0,0.0,3,0.8853,2.575,0.0,0.0,0.0,0.0,0.0,0.0,0.0
280.601,apt_walk_4_features,PARKED,0.0,0.0,0.0,3,0.8853,2.575,0.0,0.0,0.0,0.0,0.0,0.0,0.0
280.701,apt_walk_4_features,PARKED,0.0,0.0,0.0,3,0.8853,2.575,0.0,0.0,0.0,0.0,0.0,0.0,0.0
280.801,apt_walk_4_features,PARKED,0.0,0.0,0.0,3,0.8853,2.575,0.0,0.0,0.0,0.0,0.0,0.0,0.0
280.901,apt_walk_4_features,PARKED,0.0,0.0,0.0,3,0.8853,2.575,0.0,0.0,0.0,0.0,0.0,0.0,0.0
281.001,apt_walk_4_features,PARKED,0.0,0.0,0.0,3,0.8853,2.575,0.0,0.0,0.0,0.0,0.0,0.0,0.0
281.101,apt_walk_4_features,PARKED,0.0,0.0,0.0,3,0.8853,2.575,0.0,0.0,0.0,0.0,0.0,0.0,0.0
281.201,apt_walk_4_features,PARKED,0.0,0.0,0.0,3,0.8853,2.575,0.0,0.0,0.0,0.0,0.0,0.0,0.0
281.301,apt_walk_4_features,PARKED,0.0,0.0,0.0,3,0.8853,2.575,0.0,0.0,0.0,0.0,0.0,0.0,0.0
281.401,apt_walk_4_features,PARKED,0.0,0.0,0.0,3,0.8853,2.575,0.0,0.0,0.0,0.0,0.0,0.0,0.0
281.501,apt_walk_4_features,PARKED,0.0,0.0,0.0,3,0.8853,2.575,0.0,0.0,0.0,0.0,0.0,0.0,0.0
281.6,apt_walk_4_features,PARKED,0.0,0.0,0.0,3,0.8853,2.575,0.0,0.0,0.0,0.0,0.0,0.0,0.0
281.701,apt_walk_4_features,PARKED,0.0,0.0,0.0,3,0.8853,2.575,0.0,0.0,0.0,0.0,0.0,0.0,0.0
281.801,apt_walk_4_features,PARKED,0.0,0.0,0.0,3,0.8853,2.575,0.0,0.0,0.0,0.0,0.0,0.0,0.0
281.901,apt_walk_4_features,PARKED,0.0,0.0,0.0,3,0.8853,2.575,0.0,0.0,0.0,0.0,0.0,0.0,0.0
282.001,apt_walk_4_features,PARKED,0.0,0.0,0.0,3,0.8853,2.575,0.0,0.0,0.0,0.0,0.0,0.0,0.0
282.102,apt_walk_4_features,PARKED,0.0,0.0,0.0,3,0.8853,2.575,0.0,0.0,0.0,0.0,0.0,0.0,0.0
282.201,apt_walk_4_features,PARKED,0.0,0.0,0.0,3,0.8853,2.575,0.0,0.0,0.0,0.0,0.0,0.0,0.0
282.301,apt_walk_4_features,PARKED,0.0,0.0,0.0,3,0.8853,2.575,0.0,0.0,0.0,0.0,0.0,0.0,0.0
282.401,apt_walk_4_features,PARKED,0.0,0.0,0.0,3,0.8853,2.575,0.0,0.0,0.0,0.0,0.0,0.0,0.0
282.502,apt_walk_4_features,PARKED,0.0,0.0,0.0,3,0.8853,2.575,0.0,0.0,0.0,0.0,0.0,0.0,0.0
282.602,apt_walk_4_features,PARKED,0.0,0.0,0.0,3,0.8853,2.575,0.0,0.0,0.0,0.0,0.0,0.0,0.0
282.701,apt_walk_4_features,PARKED,0.0,0.0,0.0,3,0.8853,2.575,0.0,0.0,0.0,0.0,0.0,0.0,0.0
282.801,apt_walk_4_features,PARKED,0.0,0.0,0.0,3,0.8853,2.575,0.0,0.0,0.0,0.0,0.0,0.0,0.0
282.901,apt_walk_4_features,PARKED,0.0,0.0,0.0,3,0.8853,2.575,0.0,0.0,0.0,0.0,0.0,0.0,0.0
283.001,apt_walk_4_features,PARKED,0.0,0.0,0.0,3,0.8853,2.575,0.0,0.0,0.0,0.0,0.0,0.0,0.0
283.101,apt_walk_4_features,PARKED,0.0,0.0,0.0,3,0.8853,2.575,0.0,0.0,0.0,0.0,0.0,0.0,0.0
283.201,apt_walk_4_features,PARKED,0.0,0.0,0.0,3,0.8853,2.575,0.0,0.0,0.0,0.0,0.0,0.0,0.0
283.301,apt_walk_4_features,PARKED,0.0,0.0,0.0,3,0.8853,2.575,0.0,0.0,0.0,0.0,0.0,0.0,0.0
283.401,apt_walk_4_features,PARKED,0.0,0.0,0.0,3,0.8853,2.575,0.0,0.0,0.0,0.0,0.0,0.0,0.0
283.501,apt_walk_4_features,PARKED,0.0,0.0,0.0,3,0.8853,2.575,0.0,0.0,0.0,0.0,0.0,0.0,0.0
283.601,apt_walk_4_features,PARKED,0.0,0.0,0.0,3,0.8853,2.575,0.0,0.0,0.0,0.0,0.0,0.0,0.0
283.701,apt_walk_4_features,PARKED,0.0,0.0,0.0,3,0.8853,2.575,0.0,0.0,0.0,0.0,0.0,0.0,0.0
283.801,apt_walk_4_features,PARKED,0.0,0.0,0.0,3,0.8853,2.575,0.0,0.0,0.0,0.0,0.0,0.0,0.0
283.901,apt_walk_4_features,PARKED,0.0,0.0,0.0,3,0.8853,2.575,0.0,0.0,0.0,0.0,0.0,0.0,0.0
284.001,apt_walk_4_features,PARKED,0.0,0.0,0.0,3,0.8853,2.575,0.0,0.0,0.0,0.0,0.0,0.0,0.0
284.101,apt_walk_4_features,PARKED,0.0,0.0,0.0,3,0.8853,2.575,0.0,0.0,0.0,0.0,0.0,0.0,0.0
284.201,apt_walk_4_features,PARKED,0.0,0.0,0.0,3,0.8853,2.575,0.0,0.0,0.0,0.0,0.0,0.0,0.0
284.301,apt_walk_4_features,PARKED,0.0,0.0,0.0,3,0.8853,2.575,0.0,0.0,0.0,0.0,0.0,0.0,0.0
284.402,apt_walk_4_features,PARKED,0.0,0.0,0.0,3,0.8853,2.575,0.0,0.0,0.0,0.0,0.0,0.0,0.0
284.501,apt_walk_4_features,PARKED,0.0,0.0,0.0,3,0.8853,2.575,0.0,0.0,0.0,0.0,0.0,0.0,0.0
284.601,apt_walk_4_features,PARKED,0.0,0.0,0.0,3,0.8853,2.575,0.0,0.0,0.0,0.0,0.0,0.0,0.0
284.701,apt_walk_4_features,PARKED,0.0,0.0,0.0,3,0.8853,2.575,0.0,0.0,0.0,0.0,0.0,0.0,0.0
284.801,apt_walk_4_features,PARKED,0.0,0.0,0.0,3,0.8853,2.575,0.0,0.0,0.0,0.0,0.0,0.0,0.0
284.901,apt_walk_4_features,PARKED,0.0,0.0,0.0,3,0.8853,2.575,0.0,0.0,0.0,0.0,0.0,0.0,0.0
285.001,apt_walk_4_features,PARKED,0.0,0.0,0.0,3,0.8853,2.575,0.0,0.0,0.0,0.0,0.0,0.0,0.0
285.101,apt_walk_4_features,PARKED,0.0,0.0,0.0,3,0.8853,2.575,0.0,0.0,0.0,0.0,0.0,0.0,0.0
285.201,apt_walk_4_features,PARKED,0.0,0.0,0.0,3,0.8853,2.575,0.0,0.0,0.0,0.0,0.0,0.0,0.0
285.301,apt_walk_4_features,PARKED,0.0,0.0,0.0,3,0.8853,2.575,0.0,0.0,0.0,0.0,0.0,0.0,0.0
285.401,apt_walk_4_features,PARKED,0.0,0.0,0.0,3,0.8853,2.575,0.0,0.0,0.0,0.0,0.0,0.0,0.0
285.501,apt_walk_4_features,PARKED,0.0,0.0,0.0,3,0.8853,2.575,0.0,0.0,0.0,0.0,0.0,0.0,0.0
285.601,apt_walk_4_features,PARKED,0.0,0.0,0.0,3,0.8853,2.575,0.0,0.0,0.0,0.0,0.0,0.0,0.0
285.701,apt_walk_4_features,PARKED,0.0,0.0,0.0,3,0.8853,2.575,0.0,0.0,0.0,0.0,0.0,0.0,0.0
285.801,apt_walk_4_features,PARKED,0.0,0.0,0.0,3,0.8853,2.575,0.0,0.0,0.0,0.0,0.0,0.0,0.0
285.901,apt_walk_4_features,PARKED,0.0,0.0,0.0,3,0.8853,2.575,0.0,0.0,0.0,0.0,0.0,0.0,0.0
286.001,apt_walk_4_features,PARKED,0.0,0.0,0.0,3,0.8853,2.575,0.0,0.0,0.0,0.0,0.0,0.0,0.0
286.101,apt_walk_4_features,PARKED,0.0,0.0,0.0,3,0.8853,2.575,0.0,0.0,0.0,0.0,0.0,0.0,0.0
286.24,apt_walk_4_features,PARKED,0.0,0.0,0.0,3,1.0804,2.749,0.0,0.0,0.0,0.0,0.0,0.0,0.0
286.301,apt_walk_4_features,PARKED,0.0,0.0,0.0,3,1.0804,2.749,0.0,0.0,0.0,0.0,0.0,0.0,0.0
286.445,apt_walk_4_features,PARKED,0.0,0.0,0.0,4,1.0804,1.902,0.0,0.0,0.0,0.0,0.0,0.0,0.0
286.501,apt_walk_4_features,PARKED,0.0,0.0,0.0,4,1.0804,1.902,0.0,0.0,0.0,0.0,0.0,0.0,0.0
286.616,apt_walk_4_features,PARKED,0.0,0.0,0.0,4,1.0804,1.946,0.0,0.0,0.0,0.0,0.0,0.0,0.0
286.701,apt_walk_4_features,PARKED,0.0,0.0,0.0,4,1.0804,1.946,0.0,0.0,0.0,0.0,0.0,0.0,0.0
286.81,apt_walk_4_features,PARKED,0.0,0.0,0.0,3,1.0663,2.302,0.0,0.0,0.0,0.0,0.0,0.0,0.0
286.922,apt_walk_4_features,PARKED,0.0,0.0,0.0,3,0.8317,2.361,0.0,0.0,0.0,0.0,0.0,0.0,0.0
287.024,apt_walk_4_features,PARKED,0.0,0.0,0.0,3,0.8317,2.361,0.0,0.0,0.0,0.0,0.0,0.0,0.0
287.115,apt_walk_4_features,PARKED,0.0,0.0,0.0,3,0.8317,2.361,0.0,0.0,0.0,0.0,0.0,0.0,0.0
287.201,apt_walk_4_features,PARKED,0.0,0.0,0.0,3,0.8872,2.599,0.0,0.0,0.0,0.0,0.0,0.0,0.0
287.301,apt_walk_4_features,PARKED,0.0,0.0,0.0,3,0.8872,2.599,0.0,0.0,0.0,0.0,0.0,0.0,0.0
287.403,apt_walk_4_features,PARKED,0.0,0.0,0.0,3,0.8721,2.867,0.0,0.0,0.0,0.0,0.0,0.0,0.0
287.501,apt_walk_4_features,PARKED,0.0,0.0,0.0,3,0.8721,2.867,0.0,0.0,0.0,0.0,0.0,0.0,0.0
287.608,apt_walk_4_features,PARKED,0.0,0.0,0.0,3,0.7494,2.996,0.0,0.0,0.0,0.0,0.0,0.0,0.0
287.73,apt_walk_4_features,PARKED,0.0,0.0,0.0,3,0.7494,2.996,0.0,0.0,0.0,0.0,0.0,0.0,0.0
287.803,apt_walk_4_features,PARKED,0.0,0.0,0.0,3,0.7494,2.996,0.0,0.0,0.0,0.0,0.0,0.0,0.0
287.923,apt_walk_4_features,PARKED,0.0,0.0,0.0,3,0.7552,3.287,0.0,0.0,0.0,0.0,0.0,0.0,0.0
288.001,apt_walk_4_features,PARKED,0.0,0.0,0.0,3,0.7552,3.287,0.0,0.0,0.0,0.0,0.0,0.0,0.0
288.101,apt_walk_4_features,PARKED,0.0,0.0,0.0,4,0.528,3.4,0.0,0.0,0.0,0.0,0.0,0.0,0.0
288.201,apt_walk_4_features,PARKED,0.0,0.0,0.0,4,0.528,3.4,0.0,0.0,0.0,0.0,0.0,0.0,0.0
288.302,apt_walk_4_features,PARKED,0.0,0.0,0.0,4,0.4013,3.405,0.0,0.0,0.0,0.0,0.0,0.0,0.0
288.401,apt_walk_4_features,PARKED,0.0,0.0,0.0,4,0.4013,3.405,0.0,0.0,0.0,0.0,0.0,0.0,0.0
288.501,apt_walk_4_features,PARKED,0.0,0.0,0.0,4,0.4013,3.405,0.0,0.0,0.0,0.0,0.0,0.0,0.0
288.601,apt_walk_4_features,PARKED,0.0,0.0,0.0,4,0.4013,3.405,0.0,0.0,0.0,0.0,0.0,0.0,0.0
288.709,apt_walk_4_features,PARKED,0.0,0.0,0.0,4,0.8184,3.756,0.0,0.0,0.0,0.0,0.0,0.0,0.0
288.832,apt_walk_4_features,PARKED,0.0,0.0,0.0,4,0.7852,3.704,0.0,0.0,0.0,0.0,0.0,0.0,0.0
288.901,apt_walk_4_features,PARKED,0.0,0.0,0.0,4,0.7852,3.704,0.0,0.0,0.0,0.0,0.0,0.0,0.0
289.002,apt_walk_4_features,PARKED,0.0,0.0,0.0,4,0.7852,3.704,0.0,0.0,0.0,0.0,0.0,0.0,0.0
289.102,apt_walk_4_features,PARKED,0.0,0.0,0.0,4,0.7852,3.704,0.0,0.0,0.0,0.0,0.0,0.0,0.0
289.247,apt_walk_4_features,PARKED,0.0,0.0,0.0,4,0.6293,3.774,0.0,0.0,0.0,0.0,0.0,0.0,0.0
289.306,apt_walk_4_features,PARKED,0.0,0.0,0.0,4,0.6293,3.774,0.0,0.0,0.0,0.0,0.0,0.0,0.0
289.402,apt_walk_4_features,PARKED,0.0,0.0,0.0,4,0.6293,3.774,0.0,0.0,0.0,0.0,0.0,0.0,0.0
289.501,apt_walk_4_features,PARKED,0.0,0.0,0.0,4,0.6293,3.774,0.0,0.0,0.0,0.0,0.0,0.0,0.0
289.601,apt_walk_4_features,PARKED,0.0,0.0,0.0,4,0.6293,3.774,0.0,0.0,0.0,0.0,0.0,0.0,0.0
289.743,apt_walk_4_features,PARKED,0.0,0.0,0.0,4,0.4737,3.66,0.0,0.0,0.0,0.0,0.0,0.0,0.0
289.807,apt_walk_4_features,PARKED,0.0,0.0,0.0,4,0.4737,3.66,0.0,0.0,0.0,0.0,0.0,0.0,0.0
289.901,apt_walk_4_features,PARKED,0.0,0.0,0.0,4,0.4737,3.66,0.0,0.0,0.0,0.0,0.0,0.0,0.0
290.002,apt_walk_4_features,PARKED,0.0,0.0,0.0,4,0.4737,3.66,0.0,0.0,0.0,0.0,0.0,0.0,0.0
290.12,apt_walk_4_features,PARKED,0.0,0.0,0.0,4,0.5421,3.677,0.0,0.0,0.0,0.0,0.0,0.0,0.0
290.25,apt_walk_4_features,PARKED,0.0,0.0,0.0,4,0.6507,3.595,0.0,0.0,0.0,0.0,0.0,0.0,0.0
290.301,apt_walk_4_features,PARKED,0.0,0.0,0.0,4,0.6507,3.595,0.0,0.0,0.0,0.0,0.0,0.0,0.0
290.401,apt_walk_4_features,PARKED,0.0,0.0,0.0,4,0.6507,3.595,0.0,0.0,0.0,0.0,0.0,0.0,0.0
290.501,apt_walk_4_features,PARKED,0.0,0.0,0.0,4,0.6507,3.595,0.0,0.0,0.0,0.0,0.0,0.0,0.0
290.616,apt_walk_4_features,PARKED,0.0,0.0,0.0,4,1.031,3.334,0.0,0.0,0.0,0.0,0.0,0.0,0.0
290.701,apt_walk_4_features,PARKED,0.0,0.0,0.0,4,1.031,3.334,0.0,0.0,0.0,0.0,0.0,0.0,0.0
290.845,apt_walk_4_features,PARKED,0.0,0.0,0.0,4,1.2998,3.158,0.0,0.0,0.0,0.0,0.0,0.0,0.0
290.901,apt_walk_4_features,PARKED,0.0,0.0,0.0,4,1.2998,3.158,0.0,0.0,0.0,0.0,0.0,0.0,0.0
291.046,apt_walk_4_features,PARKED,0.0,0.0,0.0,4,1.2998,3.158,0.0,0.0,0.0,0.0,0.0,0.0,0.0
291.132,apt_walk_4_features,PARKED,0.0,0.0,0.0,4,1.2998,3.158,0.0,0.0,0.0,0.0,0.0,0.0,0.0
291.201,apt_walk_4_features,PARKED,0.0,0.0,0.0,4,1.5287,2.697,0.0,0.0,0.0,0.0,0.0,0.0,0.0
291.321,apt_walk_4_features,PARKED,0.0,0.0,0.0,4,1.2542,2.525,0.0,0.0,0.0,0.0,0.0,0.0,0.0
291.401,apt_walk_4_features,PARKED,0.0,0.0,0.0,4,1.2542,2.525,0.0,0.0,0.0,0.0,0.0,0.0,0.0
291.501,apt_walk_4_features,PARKED,0.0,0.0,0.0,4,1.2542,2.525,0.0,0.0,0.0,0.0,0.0,0.0,0.0
291.601,apt_walk_4_features,PARKED,0.0,0.0,0.0,4,1.2542,2.525,0.0,0.0,0.0,0.0,0.0,0.0,0.0
291.701,apt_walk_4_features,PARKED,0.0,0.0,0.0,4,1.2542,2.525,0.0,0.0,0.0,0.0,0.0,0.0,0.0
291.821,apt_walk_4_features,PARKED,0.0,0.0,0.0,3,0.8352,2.129,0.0,0.0,0.0,0.0,0.0,0.0,0.0
291.919,apt_walk_4_features,PARKED,0.0,0.0,0.0,3,0.8352,2.129,0.0,0.0,0.0,0.0,0.0,0.0,0.0
292.001,apt_walk_4_features,PARKED,0.0,0.0,0.0,3,0.8352,2.129,0.0,0.0,0.0,0.0,0.0,0.0,0.0
292.118,apt_walk_4_features,PARKED,0.0,0.0,0.0,3,0.6358,2.051,0.0,0.0,0.0,0.0,0.0,0.0,0.0
292.249,apt_walk_4_features,PARKED,0.0,0.0,0.0,3,0.9744,1.844,0.0,0.0,0.0,0.0,0.0,0.0,0.0
292.308,apt_walk_4_features,PARKED,0.0,0.0,0.0,3,0.6096,1.753,0.0,0.0,0.0,0.0,0.0,0.0,0.0
292.401,apt_walk_4_features,PARKED,0.0,0.0,0.0,3,0.6096,1.753,0.0,0.0,0.0,0.0,0.0,0.0,0.0
292.501,apt_walk_4_features,PARKED,0.0,0.0,0.0,3,0.6096,1.753,0.0,0.0,0.0,0.0,0.0,0.0,0.0
292.601,apt_walk_4_features,PARKED,0.0,0.0,0.0,3,0.6096,1.753,0.0,0.0,0.0,0.0,0.0,0.0,0.0
292.75,apt_walk_4_features,PARKED,0.0,0.0,0.0,3,0.7351,1.531,0.0,0.0,0.0,0.0,0.0,0.0,0.0
292.814,apt_walk_4_features,PARKED,0.0,0.0,0.0,3,0.4358,1.449,0.0,0.0,0.0,0.0,0.0,0.0,0.0
292.924,apt_walk_4_features,PARKED,0.0,0.0,0.0,3,0.4358,1.449,0.0,0.0,0.0,0.0,0.0,0.0,0.0
293.001,apt_walk_4_features,PARKED,0.0,0.0,0.0,3,0.5031,1.385,0.0,0.0,0.0,0.0,0.0,0.0,0.0
293.141,apt_walk_4_features,PARKED,0.0,0.0,0.0,3,0.6403,1.349,0.0,0.0,0.0,0.0,0.0,0.0,0.0
293.207,apt_walk_4_features,PARKED,0.0,0.0,0.0,3,0.6403,1.349,0.0,0.0,0.0,0.0,0.0,0.0,0.0
293.301,apt_walk_4_features,PARKED,0.0,0.0,0.0,3,0.3539,1.367,0.0,0.0,0.0,0.0,0.0,0.0,0.0
293.403,apt_walk_4_features,PARKED,0.0,0.0,0.0,3,0.3539,1.367,0.0,0.0,0.0,0.0,0.0,0.0,0.0
293.501,apt_walk_4_features,PARKED,0.0,0.0,0.0,3,0.3539,1.367,0.0,0.0,0.0,0.0,0.0,0.0,0.0
293.601,apt_walk_4_features,PARKED,0.0,0.0,0.0,3,0.3539,1.367,0.0,0.0,0.0,0.0,0.0,0.0,0.0
293.701,apt_walk_4_features,PARKED,0.0,0.0,0.0,3,1.1101,1.689,0.0,0.0,0.0,0.0,0.0,0.0,0.0
293.802,apt_walk_4_features,PARKED,0.0,0.0,0.0,3,1.1101,1.689,0.0,0.0,0.0,0.0,0.0,0.0,0.0
293.916,apt_walk_4_features,PARKED,0.0,0.0,0.0,3,0.8156,1.755,0.0,0.0,0.0,0.0,0.0,0.0,0.0
294.001,apt_walk_4_features,PARKED,0.0,0.0,0.0,3,0.8156,1.755,0.0,0.0,0.0,0.0,0.0,0.0,0.0
294.123,apt_walk_4_features,PARKED,0.0,0.0,0.0,3,0.6272,1.949,0.0,0.0,0.0,0.0,0.0,0.0,0.0
294.201,apt_walk_4_features,PARKED,0.0,0.0,0.0,3,0.8268,2.047,0.0,0.0,0.0,0.0,0.0,0.0,0.0
294.303,apt_walk_4_features,PARKED,0.0,0.0,0.0,3,0.8268,2.047,0.0,0.0,0.0,0.0,0.0,0.0,0.0
294.401,apt_walk_4_features,PARKED,0.0,0.0,0.0,3,0.8268,2.047,0.0,0.0,0.0,0.0,0.0,0.0,0.0
294.5,apt_walk_4_features,PARKED,0.0,0.0,0.0,3,0.8268,2.047,0.0,0.0,0.0,0.0,0.0,0.0,0.0
294.629,apt_walk_4_features,PARKED,0.0,0.0,0.0,3,1.0976,2.525,0.0,0.0,0.0,0.0,0.0,0.0,0.0
294.701,apt_walk_4_features,PARKED,0.0,0.0,0.0,3,1.0976,2.525,0.0,0.0,0.0,0.0,0.0,0.0,0.0
294.801,apt_walk_4_features,PARKED,0.0,0.0,0.0,3,0.7111,2.54,0.0,0.0,0.0,0.0,0.0,0.0,0.0
294.923,apt_walk_4_features,PARKED,0.0,0.0,0.0,3,0.7111,2.54,0.0,0.0,0.0,0.0,0.0,0.0,0.0
295.012,apt_walk_4_features,PARKED,0.0,0.0,0.0,3,0.7111,2.54,0.0,0.0,0.0,0.0,0.0,0.0,0.0
295.101,apt_walk_4_features,PARKED,0.0,0.0,0.0,3,0.6892,2.744,0.0,0.0,0.0,0.0,0.0,0.0,0.0
295.202,apt_walk_4_features,PARKED,0.0,0.0,0.0,3,0.6892,2.744,0.0,0.0,0.0,0.0,0.0,0.0,0.0
295.304,apt_walk_4_features,PARKED,0.0,0.0,0.0,3,0.6892,2.744,0.0,0.0,0.0,0.0,0.0,0.0,0.0
295.401,apt_walk_4_features,PARKED,0.0,0.0,0.0,3,1.0284,3.06,0.0,0.0,0.0,0.0,0.0,0.0,0.0
295.501,apt_walk_4_features,PARKED,0.0,0.0,0.0,3,0.9842,3.212,0.0,0.0,0.0,0.0,0.0,0.0,0.0
295.601,apt_walk_4_features,PARKED,0.0,0.0,0.0,3,0.9842,3.428,0.0,0.0,0.0,0.0,0.0,0.0,0.0
295.726,apt_walk_4_features,PARKED,0.0,0.0,0.0,3,0.9842,3.428,0.0,0.0,0.0,0.0,0.0,0.0,0.0
295.801,apt_walk_4_features,PARKED,0.0,0.0,0.0,3,0.757,3.569,0.0,0.0,0.0,0.0,0.0,0.0,0.0
295.948,apt_walk_4_features,PARKED,0.0,0.0,0.0,3,0.6516,3.724,0.0,0.0,0.0,0.0,0.0,0.0,0.0
296.007,apt_walk_4_features,PARKED,0.0,0.0,0.0,3,0.6516,3.724,0.0,0.0,0.0,0.0,0.0,0.0,0.0
296.126,apt_walk_4_features,PARKED,0.0,0.0,0.0,3,0.3105,3.697,0.0,0.0,0.0,0.0,0.0,0.0,0.0
296.225,apt_walk_4_features,PARKED,0.0,0.0,0.0,3,0.3105,3.697,0.0,0.0,0.0,0.0,0.0,0.0,0.0
296.332,apt_walk_4_features,PARKED,0.0,0.0,0.0,3,0.3105,3.697,0.0,0.0,0.0,0.0,0.0,0.0,0.0
296.45,apt_walk_4_features,PARKED,0.0,0.0,0.0,3,0.2192,3.695,0.0,0.0,0.0,0.0,0.0,0.0,0.0
296.501,apt_walk_4_features,PARKED,0.0,0.0,0.0,3,0.2192,3.695,0.0,0.0,0.0,0.0,0.0,0.0,0.0
296.601,apt_walk_4_features,PARKED,0.0,0.0,0.0,4,0.2922,3.7,0.0,0.0,0.0,0.0,0.0,0.0,0.0
296.7,apt_walk_4_features,PARKED,0.0,0.0,0.0,4,0.314,3.643,0.0,0.0,0.0,0.0,0.0,0.0,0.0
296.801,apt_walk_4_features,PARKED,0.0,0.0,0.0,4,0.314,3.643,0.0,0.0,0.0,0.0,0.0,0.0,0.0
296.919,apt_walk_4_features,PARKED,0.0,0.0,0.0,4,0.4806,3.65,0.0,0.0,0.0,0.0,0.0,0.0,0.0
297.001,apt_walk_4_features,PARKED,0.0,0.0,0.0,4,0.4951,3.647,0.0,0.0,0.0,0.0,0.0,0.0,0.0
297.101,apt_walk_4_features,PARKED,0.0,0.0,0.0,4,0.4951,3.647,0.0,0.0,0.0,0.0,0.0,0.0,0.0
297.201,apt_walk_4_features,PARKED,0.0,0.0,0.0,5,0.5203,3.626,0.0,0.0,0.0,0.0,0.0,0.0,0.0
297.301,apt_walk_4_features,PARKED,0.0,0.0,0.0,5,0.5203,3.626,0.0,0.0,0.0,0.0,0.0,0.0,0.0
297.441,apt_walk_4_features,PARKED,0.0,0.0,0.0,5,0.8163,3.663,0.0,0.0,0.0,0.0,0.0,0.0,0.0
297.512,apt_walk_4_features,PARKED,0.0,0.0,0.0,5,1.1359,3.642,0.0,0.0,0.0,0.0,0.0,0.0,0.0
297.601,apt_walk_4_features,PARKED,0.0,0.0,0.0,5,1.1359,3.642,0.0,0.0,0.0,0.0,0.0,0.0,0.0
297.703,apt_walk_4_features,PARKED,0.0,0.0,0.0,5,1.1616,3.678,0.0,0.0,0.0,0.0,0.0,0.0,0.0
297.818,apt_walk_4_features,PARKED,0.0,0.0,0.0,5,1.1616,3.678,0.0,0.0,0.0,0.0,0.0,0.0,0.0
297.941,apt_walk_4_features,PARKED,0.0,0.0,0.0,5,0.9285,3.687,0.0,0.0,0.0,0.0,0.0,0.0,0.0
298.002,apt_walk_4_features,PARKED,0.0,0.0,0.0,5,0.6969,3.629,0.0,0.0,0.0,0.0,0.0,0.0,0.0
298.131,apt_walk_4_features,PARKED,0.0,0.0,0.0,4,0.8883,3.509,0.0,0.0,0.0,0.0,0.0,0.0,0.0
298.215,apt_walk_4_features,PARKED,0.0,0.0,0.0,4,0.8883,3.509,0.0,0.0,0.0,0.0,0.0,0.0,0.0
298.349,apt_walk_4_features,PARKED,0.0,0.0,0.0,4,0.9037,3.296,0.0,0.0,0.0,0.0,0.0,0.0,0.0
298.406,apt_walk_4_features,PARKED,0.0,0.0,0.0,4,0.9037,3.296,0.0,0.0,0.0,0.0,0.0,0.0,0.0
298.501,apt_walk_4_features,PARKED,0.0,0.0,0.0,4,0.8271,3.189,0.0,0.0,0.0,0.0,0.0,0.0,0.0
298.601,apt_walk_4_features,PARKED,0.0,0.0,0.0,4,0.8271,3.189,0.0,0.0,0.0,0.0,0.0,0.0,0.0
298.701,apt_walk_4_features,PARKED,0.0,0.0,0.0,4,0.8271,3.189,0.0,0.0,0.0,0.0,0.0,0.0,0.0
298.85,apt_walk_4_features,PARKED,0.0,0.0,0.0,4,0.6861,2.886,0.0,0.0,0.0,0.0,0.0,0.0,0.0
298.909,apt_walk_4_features,PARKED,0.0,0.0,0.0,4,0.514,2.743,0.0,0.0,0.0,0.0,0.0,0.0,0.0
299.001,apt_walk_4_features,PARKED,0.0,0.0,0.0,4,0.514,2.743,0.0,0.0,0.0,0.0,0.0,0.0,0.0
299.101,apt_walk_4_features,PARKED,0.0,0.0,0.0,4,0.5463,2.643,0.0,0.0,0.0,0.0,0.0,0.0,0.0
299.24,apt_walk_4_features,PARKED,0.0,0.0,0.0,4,0.5463,2.643,0.0,0.0,0.0,0.0,0.0,0.0,0.0
299.302,apt_walk_4_features,PARKED,0.0,0.0,0.0,4,0.8023,2.368,0.0,0.0,0.0,0.0,0.0,0.0,0.0
299.417,apt_walk_4_features,PARKED,0.0,0.0,0.0,4,0.6615,2.275,0.0,0.0,0.0,0.0,0.0,0.0,0.0
299.502,apt_walk_4_features,PARKED,0.0,0.0,0.0,4,0.6615,2.275,0.0,0.0,0.0,0.0,0.0,0.0,0.0
299.602,apt_walk_4_features,PARKED,0.0,0.0,0.0,4,0.6615,2.275,0.0,0.0,0.0,0.0,0.0,0.0,0.0
299.701,apt_walk_4_features,PARKED,0.0,0.0,0.0,4,0.6615,2.275,0.0,0.0,0.0,0.0,0.0,0.0,0.0
299.839,apt_walk_4_features,PARKED,0.0,0.0,0.0,3,0.6163,1.852,0.0,0.0,0.0,0.0,0.0,0.0,0.0
299.901,apt_walk_4_features,PARKED,0.0,0.0,0.0,3,0.6163,1.852,0.0,0.0,0.0,0.0,0.0,0.0,0.0
300.001,apt_walk_4_features,PARKED,0.0,0.0,0.0,3,0.3337,1.796,0.0,0.0,0.0,0.0,0.0,0.0,0.0
