time_s,mode,segment,robot_x,robot_y,robot_th_deg,n_obstacles,max_obs_speed,min_obstacle_dist,path_y,vx_cmd,vy_cmd,vy_rep,corrected_x,corrected_y,corrected_yaw_deg
0.05,apt_marker_maskon,PARKED,0.0,0.0,0.0,0,0.0,999.0,0.0,0.0,0.0,0.0,0.0,0.0,0.0
0.104,apt_marker_maskon,PARKED,0.0,0.0,0.0,0,0.0,999.0,0.0,0.0,0.0,0.0,0.0,0.0,0.0
0.231,apt_marker_maskon,PARKED,0.0,0.0,0.0,2,0.0,3.728,0.0,0.0,0.0,0.0,0.0,0.0,0.0
0.35,apt_marker_maskon,PARKED,0.0,0.0,0.0,2,0.0,3.689,0.0,0.0,0.0,0.0,0.0,0.0,0.0
0.43,apt_marker_maskon,PARKED,0.0,0.0,0.0,2,0.0,3.677,0.0,0.0,0.0,0.0,0.0,0.0,0.0
0.501,apt_marker_maskon,PARKED,0.0,0.0,0.0,2,0.0,3.677,0.0,0.0,0.0,0.0,0.0,0.0,0.0
0.613,apt_marker_maskon,PARKED,0.0,0.0,0.0,2,0.0,3.71,0.0,0.0,0.0,0.0,0.0,0.0,0.0
0.741,apt_marker_maskon,PARKED,0.0,0.0,0.0,2,0.0,3.782,0.0,0.0,0.0,0.0,0.0,0.0,0.0
0.802,apt_marker_maskon,PARKED,0.0,0.0,0.0,2,0.0,3.782,0.0,0.0,0.0,0.0,0.0,0.0,0.0
0.901,apt_marker_maskon,PARKED,0.0,0.0,0.0,2,0.0,3.782,0.0,0.0,0.0,0.0,0.0,0.0,0.0
1.03,apt_marker_maskon,PARKED,0.0,0.0,0.0,2,0.0,3.75,0.0,0.0,0.0,0.0,0.0,0.0,0.0
1.101,apt_marker_maskon,PARKED,0.0,0.0,0.0,2,0.0,3.762,0.0,0.0,0.0,0.0,0.0,0.0,0.0
1.201,apt_marker_maskon,PARKED,0.0,0.0,0.0,2,0.0,3.659,0.0,0.0,0.0,0.0,0.0,0.0,0.0
1.345,apt_marker_maskon,PARKED,0.0,0.0,0.0,2,0.0,3.785,0.0,0.0,0.0,0.0,0.0,0.0,0.0
1.402,apt_marker_maskon,PARKED,0.0,0.0,0.0,2,0.0,3.785,0.0,0.0,0.0,0.0,0.0,0.0,0.0
1.502,apt_marker_maskon,PARKED,0.0,0.0,0.0,2,0.0,3.785,0.0,0.0,0.0,0.0,0.0,0.0,0.0
1.601,apt_marker_maskon,PARKED,0.0,0.0,0.0,2,0.0,3.697,0.0,0.0,0.0,0.0,0.0,0.0,0.0
1.702,apt_marker_maskon,PARKED,0.0,0.0,0.0,2,0.0,3.667,0.0,0.0,0.0,0.0,0.0,0.0,0.0
1.801,apt_marker_maskon,PARKED,0.0,0.0,0.0,2,0.0,3.745,0.0,0.0,0.0,0.0,0.0,0.0,0.0
1.901,apt_marker_maskon,PARKED,0.0,0.0,0.0,2,0.0,3.745,0.0,0.0,0.0,0.0,0.0,0.0,0.0
2.001,apt_marker_maskon,PARKED,0.0,0.0,0.0,2,0.0,3.745,0.0,0.0,0.0,0.0,0.0,0.0,0.0
2.101,apt_marker_maskon,PARKED,0.0,0.0,0.0,2,0.0,3.718,0.0,0.0,0.0,0.0,0.0,0.0,0.0
2.242,apt_marker_maskon,PARKED,0.0,0.0,0.0,2,0.0,3.656,0.0,0.0,0.0,0.0,0.0,0.0,0.0
2.301,apt_marker_maskon,PARKED,0.0,0.0,0.0,2,0.0,3.656,0.0,0.0,0.0,0.0,0.0,0.0,0.0
2.446,apt_marker_maskon,PARKED,0.0,0.0,0.0,2,0.0,3.669,0.0,0.0,0.0,0.0,0.0,0.0,0.0
2.505,apt_marker_maskon,PARKED,0.0,0.0,0.0,2,0.0,3.669,0.0,0.0,0.0,0.0,0.0,0.0,0.0
2.601,apt_marker_maskon,PARKED,0.0,0.0,0.0,2,0.0,3.663,0.0,0.0,0.0,0.0,0.0,0.0,0.0
2.702,apt_marker_maskon,PARKED,0.0,0.0,0.0,2,0.0,3.663,0.0,0.0,0.0,0.0,0.0,0.0,0.0
2.839,apt_marker_maskon,PARKED,0.0,0.0,0.0,2,0.0,3.678,0.0,0.0,0.0,0.0,0.0,0.0,0.0
2.901,apt_marker_maskon,PARKED,0.0,0.0,0.0,2,0.0,3.678,0.0,0.0,0.0,0.0,0.0,0.0,0.0
3.037,apt_marker_maskon,PARKED,0.0,0.0,0.0,2,0.0,3.788,0.0,0.0,0.0,0.0,0.0,0.0,0.0
3.103,apt_marker_maskon,PARKED,0.0,0.0,0.0,2,0.0,3.731,0.0,0.0,0.0,0.0,0.0,0.0,0.0
3.201,apt_marker_maskon,PARKED,0.0,0.0,0.0,2,0.0,3.684,0.0,0.0,0.0,0.0,0.0,0.0,0.0
3.301,apt_marker_maskon,PARKED,0.0,0.0,0.0,2,0.0,3.684,0.0,0.0,0.0,0.0,0.0,0.0,0.0
3.402,apt_marker_maskon,PARKED,0.0,0.0,0.0,2,0.0,3.748,0.0,0.0,0.0,0.0,0.0,0.0,0.0
3.52,apt_marker_maskon,PARKED,0.0,0.0,0.0,2,0.0,3.748,0.0,0.0,0.0,0.0,0.0,0.0,0.0
3.602,apt_marker_maskon,PARKED,0.0,0.0,0.0,2,0.0,3.656,0.0,0.0,0.0,0.0,0.0,0.0,0.0
3.701,apt_marker_maskon,PARKED,0.0,0.0,0.0,2,0.0,3.656,0.0,0.0,0.0,0.0,0.0,0.0,0.0
3.817,apt_marker_maskon,PARKED,0.0,0.0,0.0,2,0.0,3.648,0.0,0.0,0.0,0.0,0.0,0.0,0.0
3.901,apt_marker_maskon,PARKED,0.0,0.0,0.0,2,0.0,3.645,0.0,0.0,0.0,0.0,0.0,0.0,0.0
4.032,apt_marker_maskon,PARKED,0.0,0.0,0.0,2,0.0,3.743,0.0,0.0,0.0,0.0,0.0,0.0,0.0
4.141,apt_marker_maskon,PARKED,0.0,0.0,0.0,2,0.0,3.674,0.0,0.0,0.0,0.0,0.0,0.0,0.0
4.24,apt_marker_maskon,PARKED,0.0,0.0,0.0,2,0.0,3.694,0.0,0.0,0.0,0.0,0.0,0.0,0.0
4.313,apt_marker_maskon,PARKED,0.0,0.0,0.0,2,0.0,3.694,0.0,0.0,0.0,0.0,0.0,0.0,0.0
4.438,apt_marker_maskon,PARKED,0.0,0.0,0.0,2,0.0,3.781,0.0,0.0,0.0,0.0,0.0,0.0,0.0
4.508,apt_marker_maskon,PARKED,0.0,0.0,0.0,2,0.0,3.759,0.0,0.0,0.0,0.0,0.0,0.0,0.0
4.629,apt_marker_maskon,PARKED,0.0,0.0,0.0,2,0.0,3.718,0.0,0.0,0.0,0.0,0.0,0.0,0.0
4.746,apt_marker_maskon,PARKED,0.0,0.0,0.0,2,0.0,3.646,0.0,0.0,0.0,0.0,0.0,0.0,0.0
4.801,apt_marker_maskon,PARKED,0.0,0.0,0.0,2,0.0,3.742,0.0,0.0,0.0,0.0,0.0,0.0,0.0
4.925,apt_marker_maskon,PARKED,0.0,0.0,0.0,2,0.0,3.742,0.0,0.0,0.0,0.0,0.0,0.0,0.0
5.001,apt_marker_maskon,PARKED,0.0,0.0,0.0,2,0.0,3.742,0.0,0.0,0.0,0.0,0.0,0.0,0.0
5.101,apt_marker_maskon,PARKED,0.0,0.0,0.0,2,0.0,3.634,0.0,0.0,0.0,0.0,0.0,0.0,0.0
5.24,apt_marker_maskon,PARKED,0.0,0.0,0.0,2,0.0,3.609,0.0,0.0,0.0,0.0,0.0,0.0,0.0
5.301,apt_marker_maskon,PARKED,0.0,0.0,0.0,2,0.0,3.609,0.0,0.0,0.0,0.0,0.0,0.0,0.0
5.401,apt_marker_maskon,PARKED,0.0,0.0,0.0,2,0.0,3.616,0.0,0.0,0.0,0.0,0.0,0.0,0.0
5.533,apt_marker_maskon,PARKED,0.0,0.0,0.0,2,0.0,3.695,0.0,0.0,0.0,0.0,0.0,0.0,0.0
5.602,apt_marker_maskon,PARKED,0.0,0.0,0.0,2,0.0,3.695,0.0,0.0,0.0,0.0,0.0,0.0,0.0
5.701,apt_marker_maskon,PARKED,0.0,0.0,0.0,2,0.0,3.742,0.0,0.0,0.0,0.0,0.0,0.0,0.0
5.801,apt_marker_maskon,PARKED,0.0,0.0,0.0,2,0.0,3.787,0.0,0.0,0.0,0.0,0.0,0.0,0.0
5.93,apt_marker_maskon,PARKED,0.0,0.0,0.0,2,0.0,3.78,0.0,0.0,0.0,0.0,0.0,0.0,0.0
6.002,apt_marker_maskon,PARKED,0.0,0.0,0.0,2,0.0,3.78,0.0,0.0,0.0,0.0,0.0,0.0,0.0
6.124,apt_marker_maskon,PARKED,0.0,0.0,0.0,2,0.0,3.671,0.0,0.0,0.0,0.0,0.0,0.0,0.0
6.201,apt_marker_maskon,PARKED,0.0,0.0,0.0,2,0.0,3.782,0.0,0.0,0.0,0.0,0.0,0.0,0.0
6.301,apt_marker_maskon,PARKED,0.0,0.0,0.0,2,0.0,3.808,0.0,0.0,0.0,0.0,0.0,0.0,0.0
6.423,apt_marker_maskon,PARKED,0.0,0.0,0.0,2,0.0,3.794,0.0,0.0,0.0,0.0,0.0,0.0,0.0
6.501,apt_marker_maskon,PARKED,0.0,0.0,0.0,2,0.0,3.737,0.0,0.0,0.0,0.0,0.0,0.0,0.0
6.605,apt_marker_maskon,PARKED,0.0,0.0,0.0,2,0.0,3.728,0.0,0.0,0.0,0.0,0.0,0.0,0.0
6.721,apt_marker_maskon,PARKED,0.0,0.0,0.0,2,0.0,3.726,0.0,0.0,0.0,0.0,0.0,0.0,0.0
6.822,apt_marker_maskon,PARKED,0.0,0.0,0.0,2,0.0,3.745,0.0,0.0,0.0,0.0,0.0,0.0,0.0
6.901,apt_marker_maskon,PARKED,0.0,0.0,0.0,2,0.0,3.655,0.0,0.0,0.0,0.0,0.0,0.0,0.0
7.029,apt_marker_maskon,PARKED,0.0,0.0,0.0,2,0.0,3.655,0.0,0.0,0.0,0.0,0.0,0.0,0.0
7.102,apt_marker_maskon,PARKED,0.0,0.0,0.0,2,0.0,3.655,0.0,0.0,0.0,0.0,0.0,0.0,0.0
7.201,apt_marker_maskon,PARKED,0.0,0.0,0.0,2,0.0,3.655,0.0,0.0,0.0,0.0,0.0,0.0,0.0
7.301,apt_marker_maskon,PARKED,0.0,0.0,0.0,2,0.0,3.659,0.0,0.0,0.0,0.0,0.0,0.0,0.0
7.401,apt_marker_maskon,PARKED,0.0,0.0,0.0,2,0.0,3.659,0.0,0.0,0.0,0.0,0.0,0.0,0.0
7.515,apt_marker_maskon,PARKED,0.0,0.0,0.0,2,0.0,3.669,0.0,0.0,0.0,0.0,0.0,0.0,0.0
7.639,apt_marker_maskon,PARKED,0.0,0.0,0.0,2,0.0,3.672,0.0,0.0,0.0,0.0,0.0,0.0,0.0
7.702,apt_marker_maskon,PARKED,0.0,0.0,0.0,2,0.0,3.672,0.0,0.0,0.0,0.0,0.0,0.0,0.0
7.83,apt_marker_maskon,PARKED,0.0,0.0,0.0,2,0.0,3.708,0.0,0.0,0.0,0.0,0.0,0.0,0.0
7.944,apt_marker_maskon,PARKED,0.0,0.0,0.0,2,0.0,3.706,0.0,0.0,0.0,0.0,0.0,0.0,0.0
8.0,apt_marker_maskon,PARKED,0.0,0.0,0.0,2,0.0,3.706,0.0,0.0,0.0,0.0,0.0,0.0,0.0
8.101,apt_marker_maskon,PARKED,0.0,0.0,0.0,2,0.0,3.687,0.0,0.0,0.0,0.0,0.0,0.0,0.0
8.201,apt_marker_maskon,PARKED,0.0,0.0,0.0,2,0.0,3.687,0.0,0.0,0.0,0.0,0.0,0.0,0.0
8.302,apt_marker_maskon,PARKED,0.0,0.0,0.0,2,0.0,3.739,0.0,0.0,0.0,0.0,0.0,0.0,0.0
8.401,apt_marker_maskon,PARKED,0.0,0.0,0.0,2,0.0,3.739,0.0,0.0,0.0,0.0,0.0,0.0,0.0
8.501,apt_marker_maskon,PARKED,0.0,0.0,0.0,2,0.0,3.739,0.0,0.0,0.0,0.0,0.0,0.0,0.0
8.637,apt_marker_maskon,PARKED,0.0,0.0,0.0,2,0.0,3.765,0.0,0.0,0.0,0.0,0.0,0.0,0.0
8.748,apt_marker_maskon,PARKED,0.0,0.0,0.0,2,0.0,3.655,0.0,0.0,0.0,0.0,0.0,0.0,0.0
8.802,apt_marker_maskon,PARKED,0.0,0.0,0.0,2,0.0,3.655,0.0,0.0,0.0,0.0,0.0,0.0,0.0
8.937,apt_marker_maskon,PARKED,0.0,0.0,0.0,2,0.0,3.61,0.0,0.0,0.0,0.0,0.0,0.0,0.0
9.004,apt_marker_maskon,PARKED,0.0,0.0,0.0,2,0.0,3.61,0.0,0.0,0.0,0.0,0.0,0.0,0.0
9.101,apt_marker_maskon,PARKED,0.0,0.0,0.0,2,0.0,3.658,0.0,0.0,0.0,0.0,0.0,0.0,0.0
9.201,apt_marker_maskon,PARKED,0.0,0.0,0.0,2,0.0,3.658,0.0,0.0,0.0,0.0,0.0,0.0,0.0
9.34,apt_marker_maskon,PARKED,0.0,0.0,0.0,2,0.0,3.74,0.0,0.0,0.0,0.0,0.0,0.0,0.0
9.401,apt_marker_maskon,PARKED,0.0,0.0,0.0,2,0.0,3.74,0.0,0.0,0.0,0.0,0.0,0.0,0.0
9.523,apt_marker_maskon,PARKED,0.0,0.0,0.0,2,0.0,3.666,0.0,0.0,0.0,0.0,0.0,0.0,0.0
9.642,apt_marker_maskon,PARKED,0.0,0.0,0.0,2,0.0,3.681,0.0,0.0,0.0,0.0,0.0,0.0,0.0
9.702,apt_marker_maskon,PARKED,0.0,0.0,0.0,2,0.0,3.733,0.0,0.0,0.0,0.0,0.0,0.0,0.0
9.801,apt_marker_maskon,PARKED,0.0,0.0,0.0,2,0.0,3.733,0.0,0.0,0.0,0.0,0.0,0.0,0.0
9.902,apt_marker_maskon,PARKED,0.0,0.0,0.0,2,0.0,3.724,0.0,0.0,0.0,0.0,0.0,0.0,0.0
10.023,apt_marker_maskon,PARKED,0.0,0.0,0.0,2,0.0,3.665,0.0,0.0,0.0,0.0,0.0,0.0,0.0
10.101,apt_marker_maskon,PARKED,0.0,0.0,0.0,2,0.0,3.665,0.0,0.0,0.0,0.0,0.0,0.0,0.0
10.201,apt_marker_maskon,PARKED,0.0,0.0,0.0,2,0.0,3.665,0.0,0.0,0.0,0.0,0.0,0.0,0.0
10.301,apt_marker_maskon,PARKED,0.0,0.0,0.0,2,0.0,3.665,0.0,0.0,0.0,0.0,0.0,0.0,0.0
10.423,apt_marker_maskon,PARKED,0.0,0.0,0.0,2,0.0,3.713,0.0,0.0,0.0,0.0,0.0,0.0,0.0
10.502,apt_marker_maskon,PARKED,0.0,0.0,0.0,2,0.0,3.713,0.0,0.0,0.0,0.0,0.0,0.0,0.0
10.601,apt_marker_maskon,PARKED,0.0,0.0,0.0,2,0.0,3.713,0.0,0.0,0.0,0.0,0.0,0.0,0.0
10.701,apt_marker_maskon,PARKED,0.0,0.0,0.0,2,0.0,3.713,0.0,0.0,0.0,0.0,0.0,0.0,0.0
10.801,apt_marker_maskon,PARKED,0.0,0.0,0.0,2,0.0,3.713,0.0,0.0,0.0,0.0,0.0,0.0,0.0
10.925,apt_marker_maskon,PARKED,0.0,0.0,0.0,2,0.0,3.64,0.0,0.0,0.0,0.0,0.0,0.0,0.0
11.041,apt_marker_maskon,PARKED,0.0,0.0,0.0,2,0.0,3.699,0.0,0.0,0.0,0.0,0.0,0.0,0.0
11.101,apt_marker_maskon,PARKED,0.0,0.0,0.0,2,0.0,3.723,0.0,0.0,0.0,0.0,0.0,0.0,0.0
11.201,apt_marker_maskon,PARKED,0.0,0.0,0.0,2,0.0,3.723,0.0,0.0,0.0,0.0,0.0,0.0,0.0
11.338,apt_marker_maskon,PARKED,0.0,0.0,0.0,2,0.0,3.704,0.0,0.0,0.0,0.0,0.0,0.0,0.0
11.401,apt_marker_maskon,PARKED,0.0,0.0,0.0,2,0.0,3.764,0.0,0.0,0.0,0.0,0.0,0.0,0.0
11.501,apt_marker_maskon,PARKED,0.0,0.0,0.0,2,0.0,3.764,0.0,0.0,0.0,0.0,0.0,0.0,0.0
11.602,apt_marker_maskon,PARKED,0.0,0.0,0.0,2,0.0,3.707,0.0,0.0,0.0,0.0,0.0,0.0,0.0
11.701,apt_marker_maskon,PARKED,0.0,0.0,0.0,2,0.0,3.755,0.0,0.0,0.0,0.0,0.0,0.0,0.0
11.801,apt_marker_maskon,PARKED,0.0,0.0,0.0,2,0.0,3.684,0.0,0.0,0.0,0.0,0.0,0.0,0.0
11.948,apt_marker_maskon,PARKED,0.0,0.0,0.0,2,0.0,3.659,0.0,0.0,0.0,0.0,0.0,0.0,0.0
12.041,apt_marker_maskon,PARKED,0.0,0.0,0.0,2,0.0,3.659,0.0,0.0,0.0,0.0,0.0,0.0,0.0
12.102,apt_marker_maskon,PARKED,0.0,0.0,0.0,2,0.0,3.659,0.0,0.0,0.0,0.0,0.0,0.0,0.0
12.201,apt_marker_maskon,PARKED,0.0,0.0,0.0,2,0.0,3.675,0.0,0.0,0.0,0.0,0.0,0.0,0.0
12.301,apt_marker_maskon,PARKED,0.0,0.0,0.0,2,0.0,3.675,0.0,0.0,0.0,0.0,0.0,0.0,0.0
12.401,apt_marker_maskon,PARKED,0.0,0.0,0.0,2,0.0,3.681,0.0,0.0,0.0,0.0,0.0,0.0,0.0
12.51,apt_marker_maskon,PARKED,0.0,0.0,0.0,2,0.0,3.681,0.0,0.0,0.0,0.0,0.0,0.0,0.0
12.64,apt_marker_maskon,PARKED,0.0,0.0,0.0,2,0.0,3.745,0.0,0.0,0.0,0.0,0.0,0.0,0.0
12.702,apt_marker_maskon,PARKED,0.0,0.0,0.0,2,0.0,3.745,0.0,0.0,0.0,0.0,0.0,0.0,0.0
12.826,apt_marker_maskon,PARKED,0.0,0.0,0.0,2,0.0,3.736,0.0,0.0,0.0,0.0,0.0,0.0,0.0
12.901,apt_marker_maskon,PARKED,0.0,0.0,0.0,2,0.0,3.736,0.0,0.0,0.0,0.0,0.0,0.0,0.0
13.017,apt_marker_maskon,PARKED,0.0,0.0,0.0,2,0.0,3.709,0.0,0.0,0.0,0.0,0.0,0.0,0.0
13.13,apt_marker_maskon,PARKED,0.0,0.0,0.0,2,0.0,3.749,0.0,0.0,0.0,0.0,0.0,0.0,0.0
13.242,apt_marker_maskon,PARKED,0.0,0.0,0.0,2,0.0,3.756,0.0,0.0,0.0,0.0,0.0,0.0,0.0
13.302,apt_marker_maskon,PARKED,0.0,0.0,0.0,2,0.0,3.756,0.0,0.0,0.0,0.0,0.0,0.0,0.0
13.401,apt_marker_maskon,PARKED,0.0,0.0,0.0,2,0.0,3.756,0.0,0.0,0.0,0.0,0.0,0.0,0.0
13.546,apt_marker_maskon,PARKED,0.0,0.0,0.0,2,0.0,3.8,0.0,0.0,0.0,0.0,0.0,0.0,0.0
13.605,apt_marker_maskon,PARKED,0.0,0.0,0.0,2,0.0,3.755,0.0,0.0,0.0,0.0,0.0,0.0,0.0
13.713,apt_marker_maskon,PARKED,0.0,0.0,0.0,2,0.0,3.755,0.0,0.0,0.0,0.0,0.0,0.0,0.0
13.802,apt_marker_maskon,PARKED,0.0,0.0,0.0,2,0.0,3.755,0.0,0.0,0.0,0.0,0.0,0.0,0.0
13.902,apt_marker_maskon,PARKED,0.0,0.0,0.0,2,0.0,3.707,0.0,0.0,0.0,0.0,0.0,0.0,0.0
14.02,apt_marker_maskon,PARKED,0.0,0.0,0.0,2,0.0,3.685,0.0,0.0,0.0,0.0,0.0,0.0,0.0
14.101,apt_marker_maskon,PARKED,0.0,0.0,0.0,2,0.0,3.665,0.0,0.0,0.0,0.0,0.0,0.0,0.0
14.244,apt_marker_maskon,PARKED,0.0,0.0,0.0,2,0.0,3.672,0.0,0.0,0.0,0.0,0.0,0.0,0.0
14.301,apt_marker_maskon,PARKED,0.0,0.0,0.0,2,0.0,3.672,0.0,0.0,0.0,0.0,0.0,0.0,0.0
14.401,apt_marker_maskon,PARKED,0.0,0.0,0.0,2,0.0,3.695,0.0,0.0,0.0,0.0,0.0,0.0,0.0
14.542,apt_marker_maskon,PARKED,0.0,0.0,0.0,2,0.0,3.73,0.0,0.0,0.0,0.0,0.0,0.0,0.0
14.636,apt_marker_maskon,PARKED,0.0,0.0,0.0,2,0.0,3.646,0.0,0.0,0.0,0.0,0.0,0.0,0.0
14.701,apt_marker_maskon,PARKED,0.0,0.0,0.0,2,0.0,3.646,0.0,0.0,0.0,0.0,0.0,0.0,0.0
14.802,apt_marker_maskon,PARKED,0.0,0.0,0.0,2,0.0,3.662,0.0,0.0,0.0,0.0,0.0,0.0,0.0
14.95,apt_marker_maskon,PARKED,0.0,0.0,0.0,2,0.0,3.64,0.0,0.0,0.0,0.0,0.0,0.0,0.0
15.002,apt_marker_maskon,PARKED,0.0,0.0,0.0,2,0.0,3.64,0.0,0.0,0.0,0.0,0.0,0.0,0.0
15.135,apt_marker_maskon,PARKED,0.0,0.0,0.0,2,0.0,3.647,0.0,0.0,0.0,0.0,0.0,0.0,0.0
15.236,apt_marker_maskon,PARKED,0.0,0.0,0.0,2,0.0,3.647,0.0,0.0,0.0,0.0,0.0,0.0,0.0
15.304,apt_marker_maskon,PARKED,0.0,0.0,0.0,2,0.0,3.733,0.0,0.0,0.0,0.0,0.0,0.0,0.0
15.401,apt_marker_maskon,PARKED,0.0,0.0,0.0,2,0.0,3.747,0.0,0.0,0.0,0.0,0.0,0.0,0.0
15.501,apt_marker_maskon,PARKED,0.0,0.0,0.0,2,0.0,3.747,0.0,0.0,0.0,0.0,0.0,0.0,0.0
15.601,apt_marker_maskon,PARKED,0.0,0.0,0.0,2,0.0,3.747,0.0,0.0,0.0,0.0,0.0,0.0,0.0
15.702,apt_marker_maskon,PARKED,0.0,0.0,0.0,2,0.0,3.739,0.0,0.0,0.0,0.0,0.0,0.0,0.0
15.846,apt_marker_maskon,PARKED,0.0,0.0,0.0,2,0.0,3.783,0.0,0.0,0.0,0.0,0.0,0.0,0.0
15.912,apt_marker_maskon,PARKED,0.0,0.0,0.0,2,0.0,3.775,0.0,0.0,0.0,0.0,0.0,0.0,0.0
16.042,apt_marker_maskon,PARKED,0.0,0.0,0.0,2,0.0,3.713,0.0,0.0,0.0,0.0,0.0,0.0,0.0
16.101,apt_marker_maskon,PARKED,0.0,0.0,0.0,2,0.0,3.713,0.0,0.0,0.0,0.0,0.0,0.0,0.0
16.201,apt_marker_maskon,PARKED,0.0,0.0,0.0,2,0.0,3.782,0.0,0.0,0.0,0.0,0.0,0.0,0.0
16.302,apt_marker_maskon,PARKED,0.0,0.0,0.0,2,0.0,3.68,0.0,0.0,0.0,0.0,0.0,0.0,0.0
16.402,apt_marker_maskon,PARKED,0.0,0.0,0.0,2,0.0,3.68,0.0,0.0,0.0,0.0,0.0,0.0,0.0
16.515,apt_marker_maskon,PARKED,0.0,0.0,0.0,2,0.0,3.69,0.0,0.0,0.0,0.0,0.0,0.0,0.0
16.611,apt_marker_maskon,PARKED,0.0,0.0,0.0,2,0.0,3.659,0.0,0.0,0.0,0.0,0.0,0.0,0.0
16.715,apt_marker_maskon,PARKED,0.0,0.0,0.0,2,0.0,3.661,0.0,0.0,0.0,0.0,0.0,0.0,0.0
16.801,apt_marker_maskon,PARKED,0.0,0.0,0.0,2,0.0,3.663,0.0,0.0,0.0,0.0,0.0,0.0,0.0
16.933,apt_marker_maskon,PARKED,0.0,0.0,0.0,2,0.0,3.619,0.0,0.0,0.0,0.0,0.0,0.0,0.0
17.002,apt_marker_maskon,PARKED,0.0,0.0,0.0,2,0.0,3.619,0.0,0.0,0.0,0.0,0.0,0.0,0.0
17.101,apt_marker_maskon,PARKED,0.0,0.0,0.0,2,0.0,3.654,0.0,0.0,0.0,0.0,0.0,0.0,0.0
17.212,apt_marker_maskon,PARKED,0.0,0.0,0.0,2,0.0,3.693,0.0,0.0,0.0,0.0,0.0,0.0,0.0
17.344,apt_marker_maskon,PARKED,0.0,0.0,0.0,2,0.0,3.724,0.0,0.0,0.0,0.0,0.0,0.0,0.0
17.402,apt_marker_maskon,PARKED,0.0,0.0,0.0,2,0.0,3.707,0.0,0.0,0.0,0.0,0.0,0.0,0.0
17.501,apt_marker_maskon,PARKED,0.0,0.0,0.0,2,0.0,3.707,0.0,0.0,0.0,0.0,0.0,0.0,0.0
17.601,apt_marker_maskon,PARKED,0.0,0.0,0.0,2,0.0,3.707,0.0,0.0,0.0,0.0,0.0,0.0,0.0
17.701,apt_marker_maskon,PARKED,0.0,0.0,0.0,2,0.0,3.653,0.0,0.0,0.0,0.0,0.0,0.0,0.0
17.829,apt_marker_maskon,PARKED,0.0,0.0,0.0,2,0.0,3.678,0.0,0.0,0.0,0.0,0.0,0.0,0.0
17.901,apt_marker_maskon,PARKED,0.0,0.0,0.0,2,0.0,3.726,0.0,0.0,0.0,0.0,0.0,0.0,0.0
18.021,apt_marker_maskon,PARKED,0.0,0.0,0.0,2,0.0,3.726,0.0,0.0,0.0,0.0,0.0,0.0,0.0
18.101,apt_marker_maskon,PARKED,0.0,0.0,0.0,2,0.0,3.754,0.0,0.0,0.0,0.0,0.0,0.0,0.0
18.221,apt_marker_maskon,PARKED,0.0,0.0,0.0,2,0.0,3.702,0.0,0.0,0.0,0.0,0.0,0.0,0.0
18.301,apt_marker_maskon,PARKED,0.0,0.0,0.0,2,0.0,3.702,0.0,0.0,0.0,0.0,0.0,0.0,0.0
18.435,apt_marker_maskon,PARKED,0.0,0.0,0.0,2,0.0,3.693,0.0,0.0,0.0,0.0,0.0,0.0,0.0
18.501,apt_marker_maskon,PARKED,0.0,0.0,0.0,2,0.0,3.693,0.0,0.0,0.0,0.0,0.0,0.0,0.0
18.601,apt_marker_maskon,PARKED,0.0,0.0,0.0,2,0.0,3.668,0.0,0.0,0.0,0.0,0.0,0.0,0.0
18.723,apt_marker_maskon,PARKED,0.0,0.0,0.0,2,0.0,3.62,0.0,0.0,0.0,0.0,0.0,0.0,0.0
18.801,apt_marker_maskon,PARKED,0.0,0.0,0.0,2,0.0,3.62,0.0,0.0,0.0,0.0,0.0,0.0,0.0
18.901,apt_marker_maskon,PARKED,0.0,0.0,0.0,2,0.0,3.67,0.0,0.0,0.0,0.0,0.0,0.0,0.0
19.001,apt_marker_maskon,PARKED,0.0,0.0,0.0,2,0.0,3.708,0.0,0.0,0.0,0.0,0.0,0.0,0.0
19.101,apt_marker_maskon,PARKED,0.0,0.0,0.0,2,0.0,3.708,0.0,0.0,0.0,0.0,0.0,0.0,0.0
19.224,apt_marker_maskon,PARKED,0.0,0.0,0.0,2,0.0,3.695,0.0,0.0,0.0,0.0,0.0,0.0,0.0
19.302,apt_marker_maskon,PARKED,0.0,0.0,0.0,2,0.0,3.763,0.0,0.0,0.0,0.0,0.0,0.0,0.0
19.402,apt_marker_maskon,PARKED,0.0,0.0,0.0,2,0.0,3.763,0.0,0.0,0.0,0.0,0.0,0.0,0.0
19.501,apt_marker_maskon,PARKED,0.0,0.0,0.0,2,0.0,3.732,0.0,0.0,0.0,0.0,0.0,0.0,0.0
19.622,apt_marker_maskon,PARKED,0.0,0.0,0.0,2,0.0,3.732,0.0,0.0,0.0,0.0,0.0,0.0,0.0
19.701,apt_marker_maskon,PARKED,0.0,0.0,0.0,2,0.0,3.732,0.0,0.0,0.0,0.0,0.0,0.0,0.0
19.801,apt_marker_maskon,PARKED,0.0,0.0,0.0,2,0.0,3.667,0.0,0.0,0.0,0.0,0.0,0.0,0.0
19.901,apt_marker_maskon,PARKED,0.0,0.0,0.0,2,0.0,3.676,0.0,0.0,0.0,0.0,0.0,0.0,0.0
20.001,apt_marker_maskon,PARKED,0.0,0.0,0.0,2,0.0,3.708,0.0,0.0,0.0,0.0,0.0,0.0,0.0
20.101,apt_marker_maskon,PARKED,0.0,0.0,0.0,2,0.0,3.655,0.0,0.0,0.0,0.0,0.0,0.0,0.0
20.201,apt_marker_maskon,PARKED,0.0,0.0,0.0,2,0.0,3.641,0.0,0.0,0.0,0.0,0.0,0.0,0.0
20.321,apt_marker_maskon,PARKED,0.0,0.0,0.0,2,0.0,3.672,0.0,0.0,0.0,0.0,0.0,0.0,0.0
20.401,apt_marker_maskon,PARKED,0.0,0.0,0.0,2,0.0,3.708,0.0,0.0,0.0,0.0,0.0,0.0,0.0
20.501,apt_marker_maskon,PARKED,0.0,0.0,0.0,2,0.0,3.708,0.0,0.0,0.0,0.0,0.0,0.0,0.0
20.602,apt_marker_maskon,PARKED,0.0,0.0,0.0,2,0.0,3.736,0.0,0.0,0.0,0.0,0.0,0.0,0.0
20.701,apt_marker_maskon,PARKED,0.0,0.0,0.0,2,0.0,3.736,0.0,0.0,0.0,0.0,0.0,0.0,0.0
20.84,apt_marker_maskon,PARKED,0.0,0.0,0.0,2,0.0,3.713,0.0,0.0,0.0,0.0,0.0,0.0,0.0
20.901,apt_marker_maskon,PARKED,0.0,0.0,0.0,2,0.0,3.687,0.0,0.0,0.0,0.0,0.0,0.0,0.0
21.0,apt_marker_maskon,PARKED,0.0,0.0,0.0,2,0.0,3.687,0.0,0.0,0.0,0.0,0.0,0.0,0.0
21.105,apt_marker_maskon,PARKED,0.0,0.0,0.0,2,0.0,3.663,0.0,0.0,0.0,0.0,0.0,0.0,0.0
21.216,apt_marker_maskon,PARKED,0.0,0.0,0.0,2,0.0,3.63,0.0,0.0,0.0,0.0,0.0,0.0,0.0
21.301,apt_marker_maskon,PARKED,0.0,0.0,0.0,2,0.0,3.701,0.0,0.0,0.0,0.0,0.0,0.0,0.0
21.449,apt_marker_maskon,PARKED,0.0,0.0,0.0,2,0.0,3.701,0.0,0.0,0.0,0.0,0.0,0.0,0.0
21.502,apt_marker_maskon,PARKED,0.0,0.0,0.0,2,0.0,3.701,0.0,0.0,0.0,0.0,0.0,0.0,0.0
21.601,apt_marker_maskon,PARKED,0.0,0.0,0.0,2,0.0,3.74,0.0,0.0,0.0,0.0,0.0,0.0,0.0
21.727,apt_marker_maskon,PARKED,0.0,0.0,0.0,2,0.0,3.718,0.0,0.0,0.0,0.0,0.0,0.0,0.0
21.802,apt_marker_maskon,PARKED,0.0,0.0,0.0,2,0.0,3.718,0.0,0.0,0.0,0.0,0.0,0.0,0.0
21.902,apt_marker_maskon,PARKED,0.0,0.0,0.0,2,0.0,3.718,0.0,0.0,0.0,0.0,0.0,0.0,0.0
22.001,apt_marker_maskon,PARKED,0.0,0.0,0.0,2,0.0,3.718,0.0,0.0,0.0,0.0,0.0,0.0,0.0
22.101,apt_marker_maskon,PARKED,0.0,0.0,0.0,2,0.0,3.718,0.0,0.0,0.0,0.0,0.0,0.0,0.0
22.23,apt_marker_maskon,PARKED,0.0,0.0,0.0,2,0.0,3.714,0.0,0.0,0.0,0.0,0.0,0.0,0.0
22.343,apt_marker_maskon,PARKED,0.0,0.0,0.0,2,0.0,3.714,0.0,0.0,0.0,0.0,0.0,0.0,0.0
22.441,apt_marker_maskon,PARKED,0.0,0.0,0.0,2,0.0,3.731,0.0,0.0,0.0,0.0,0.0,0.0,0.0
22.548,apt_marker_maskon,PARKED,0.0,0.0,0.0,2,0.0,3.684,0.0,0.0,0.0,0.0,0.0,0.0,0.0
22.608,apt_marker_maskon,PARKED,0.0,0.0,0.0,2,0.0,3.668,0.0,0.0,0.0,0.0,0.0,0.0,0.0
22.701,apt_marker_maskon,PARKED,0.0,0.0,0.0,2,0.0,3.657,0.0,0.0,0.0,0.0,0.0,0.0,0.0
22.801,apt_marker_maskon,PARKED,0.0,0.0,0.0,2,0.0,3.657,0.0,0.0,0.0,0.0,0.0,0.0,0.0
22.901,apt_marker_maskon,PARKED,0.0,0.0,0.0,2,0.0,3.657,0.0,0.0,0.0,0.0,0.0,0.0,0.0
23.003,apt_marker_maskon,PARKED,0.0,0.0,0.0,2,0.0,3.708,0.0,0.0,0.0,0.0,0.0,0.0,0.0
23.118,apt_marker_maskon,PARKED,0.0,0.0,0.0,2,0.0,3.684,0.0,0.0,0.0,0.0,0.0,0.0,0.0
23.217,apt_marker_maskon,PARKED,0.0,0.0,0.0,2,0.0,3.684,0.0,0.0,0.0,0.0,0.0,0.0,0.0
23.301,apt_marker_maskon,PARKED,0.0,0.0,0.0,2,0.0,3.668,0.0,0.0,0.0,0.0,0.0,0.0,0.0
23.429,apt_marker_maskon,PARKED,0.0,0.0,0.0,2,0.0,3.744,0.0,0.0,0.0,0.0,0.0,0.0,0.0
23.507,apt_marker_maskon,PARKED,0.0,0.0,0.0,2,0.0,3.744,0.0,0.0,0.0,0.0,0.0,0.0,0.0
23.641,apt_marker_maskon,PARKED,0.0,0.0,0.0,2,0.0,3.721,0.0,0.0,0.0,0.0,0.0,0.0,0.0
23.709,apt_marker_maskon,PARKED,0.0,0.0,0.0,2,0.0,3.721,0.0,0.0,0.0,0.0,0.0,0.0,0.0
23.801,apt_marker_maskon,PARKED,0.0,0.0,0.0,2,0.0,3.7,0.0,0.0,0.0,0.0,0.0,0.0,0.0
23.901,apt_marker_maskon,PARKED,0.0,0.0,0.0,2,0.0,3.7,0.0,0.0,0.0,0.0,0.0,0.0,0.0
24.022,apt_marker_maskon,PARKED,0.0,0.0,0.0,2,0.0,3.755,0.0,0.0,0.0,0.0,0.0,0.0,0.0
24.127,apt_marker_maskon,PARKED,0.0,0.0,0.0,2,0.0,3.755,0.0,0.0,0.0,0.0,0.0,0.0,0.0
24.201,apt_marker_maskon,PARKED,0.0,0.0,0.0,2,0.0,3.654,0.0,0.0,0.0,0.0,0.0,0.0,0.0
24.317,apt_marker_maskon,PARKED,0.0,0.0,0.0,2,0.0,3.662,0.0,0.0,0.0,0.0,0.0,0.0,0.0
24.45,apt_marker_maskon,PARKED,0.0,0.0,0.0,2,0.0,3.72,0.0,0.0,0.0,0.0,0.0,0.0,0.0
24.502,apt_marker_maskon,PARKED,0.0,0.0,0.0,2,0.0,3.72,0.0,0.0,0.0,0.0,0.0,0.0,0.0
24.601,apt_marker_maskon,PARKED,0.0,0.0,0.0,2,0.0,3.72,0.0,0.0,0.0,0.0,0.0,0.0,0.0
24.701,apt_marker_maskon,PARKED,0.0,0.0,0.0,2,0.0,3.772,0.0,0.0,0.0,0.0,0.0,0.0,0.0
24.844,apt_marker_maskon,PARKED,0.0,0.0,0.0,2,0.0,3.718,0.0,0.0,0.0,0.0,0.0,0.0,0.0
24.925,apt_marker_maskon,PARKED,0.0,0.0,0.0,2,0.0,3.667,0.0,0.0,0.0,0.0,0.0,0.0,0.0
25.001,apt_marker_maskon,PARKED,0.0,0.0,0.0,2,0.0,3.667,0.0,0.0,0.0,0.0,0.0,0.0,0.0
25.101,apt_marker_maskon,PARKED,0.0,0.0,0.0,2,0.0,3.667,0.0,0.0,0.0,0.0,0.0,0.0,0.0
25.246,apt_marker_maskon,PARKED,0.0,0.0,0.0,2,0.0,3.671,0.0,0.0,0.0,0.0,0.0,0.0,0.0
25.325,apt_marker_maskon,PARKED,0.0,0.0,0.0,2,0.0,3.675,0.0,0.0,0.0,0.0,0.0,0.0,0.0
25.401,apt_marker_maskon,PARKED,0.0,0.0,0.0,2,0.0,3.675,0.0,0.0,0.0,0.0,0.0,0.0,0.0
25.501,apt_marker_maskon,PARKED,0.0,0.0,0.0,2,0.0,3.691,0.0,0.0,0.0,0.0,0.0,0.0,0.0
25.602,apt_marker_maskon,PARKED,0.0,0.0,0.0,2,0.0,3.67,0.0,0.0,0.0,0.0,0.0,0.0,0.0
25.702,apt_marker_maskon,PARKED,0.0,0.0,0.0,2,0.0,3.659,0.0,0.0,0.0,0.0,0.0,0.0,0.0
25.824,apt_marker_maskon,PARKED,0.0,0.0,0.0,2,0.0,3.675,0.0,0.0,0.0,0.0,0.0,0.0,0.0
25.901,apt_marker_maskon,PARKED,0.0,0.0,0.0,2,0.0,3.675,0.0,0.0,0.0,0.0,0.0,0.0,0.0
26.001,apt_marker_maskon,PARKED,0.0,0.0,0.0,2,0.0,3.675,0.0,0.0,0.0,0.0,0.0,0.0,0.0
26.102,apt_marker_maskon,PARKED,0.0,0.0,0.0,2,0.0,3.675,0.0,0.0,0.0,0.0,0.0,0.0,0.0
26.201,apt_marker_maskon,PARKED,0.0,0.0,0.0,2,0.0,3.687,0.0,0.0,0.0,0.0,0.0,0.0,0.0
26.324,apt_marker_maskon,PARKED,0.0,0.0,0.0,2,0.0,3.826,0.0,0.0,0.0,0.0,0.0,0.0,0.0
26.4,apt_marker_maskon,PARKED,0.0,0.0,0.0,2,0.0,3.826,0.0,0.0,0.0,0.0,0.0,0.0,0.0
26.502,apt_marker_maskon,PARKED,0.0,0.0,0.0,2,0.0,3.826,0.0,0.0,0.0,0.0,0.0,0.0,0.0
26.65,apt_marker_maskon,PARKED,0.0,0.0,0.0,2,0.0,3.712,0.0,0.0,0.0,0.0,0.0,0.0,0.0
26.721,apt_marker_maskon,PARKED,0.0,0.0,0.0,2,0.0,3.713,0.0,0.0,0.0,0.0,0.0,0.0,0.0
26.801,apt_marker_maskon,PARKED,0.0,0.0,0.0,2,0.0,3.713,0.0,0.0,0.0,0.0,0.0,0.0,0.0
26.901,apt_marker_maskon,PARKED,0.0,0.0,0.0,2,0.0,3.713,0.0,0.0,0.0,0.0,0.0,0.0,0.0
27.001,apt_marker_maskon,PARKED,0.0,0.0,0.0,2,0.0,3.702,0.0,0.0,0.0,0.0,0.0,0.0,0.0
27.138,apt_marker_maskon,PARKED,0.0,0.0,0.0,2,0.0,3.695,0.0,0.0,0.0,0.0,0.0,0.0,0.0
27.202,apt_marker_maskon,PARKED,0.0,0.0,0.0,2,0.0,3.692,0.0,0.0,0.0,0.0,0.0,0.0,0.0
27.35,apt_marker_maskon,PARKED,0.0,0.0,0.0,2,0.0,3.662,0.0,0.0,0.0,0.0,0.0,0.0,0.0
27.423,apt_marker_maskon,PARKED,0.0,0.0,0.0,2,0.0,3.637,0.0,0.0,0.0,0.0,0.0,0.0,0.0
27.549,apt_marker_maskon,PARKED,0.0,0.0,0.0,2,0.0,3.637,0.0,0.0,0.0,0.0,0.0,0.0,0.0
27.602,apt_marker_maskon,PARKED,0.0,0.0,0.0,2,0.0,3.762,0.0,0.0,0.0,0.0,0.0,0.0,0.0
27.701,apt_marker_maskon,PARKED,0.0,0.0,0.0,2,0.0,3.762,0.0,0.0,0.0,0.0,0.0,0.0,0.0
27.801,apt_marker_maskon,PARKED,0.0,0.0,0.0,2,0.0,3.789,0.0,0.0,0.0,0.0,0.0,0.0,0.0
27.901,apt_marker_maskon,PARKED,0.0,0.0,0.0,2,0.0,3.789,0.0,0.0,0.0,0.0,0.0,0.0,0.0
28.019,apt_marker_maskon,PARKED,0.0,0.0,0.0,2,0.0,3.756,0.0,0.0,0.0,0.0,0.0,0.0,0.0
28.101,apt_marker_maskon,PARKED,0.0,0.0,0.0,2,0.0,3.756,0.0,0.0,0.0,0.0,0.0,0.0,0.0
28.201,apt_marker_maskon,PARKED,0.0,0.0,0.0,2,0.0,3.756,0.0,0.0,0.0,0.0,0.0,0.0,0.0
28.317,apt_marker_maskon,PARKED,0.0,0.0,0.0,2,0.0,3.784,0.0,0.0,0.0,0.0,0.0,0.0,0.0
28.449,apt_marker_maskon,PARKED,0.0,0.0,0.0,2,0.0,3.794,0.0,0.0,0.0,0.0,0.0,0.0,0.0
28.515,apt_marker_maskon,PARKED,0.0,0.0,0.0,2,0.0,3.686,0.0,0.0,0.0,0.0,0.0,0.0,0.0
28.601,apt_marker_maskon,PARKED,0.0,0.0,0.0,2,0.0,3.686,0.0,0.0,0.0,0.0,0.0,0.0,0.0
28.71,apt_marker_maskon,PARKED,0.0,0.0,0.0,2,0.0,3.652,0.0,0.0,0.0,0.0,0.0,0.0,0.0
28.801,apt_marker_maskon,PARKED,0.0,0.0,0.0,2,0.0,3.652,0.0,0.0,0.0,0.0,0.0,0.0,0.0
28.934,apt_marker_maskon,PARKED,0.0,0.0,0.0,2,0.0,3.638,0.0,0.0,0.0,0.0,0.0,0.0,0.0
29.001,apt_marker_maskon,PARKED,0.0,0.0,0.0,2,0.0,3.713,0.0,0.0,0.0,0.0,0.0,0.0,0.0
29.101,apt_marker_maskon,PARKED,0.0,0.0,0.0,2,0.0,3.713,0.0,0.0,0.0,0.0,0.0,0.0,0.0
29.201,apt_marker_maskon,PARKED,0.0,0.0,0.0,2,0.0,3.713,0.0,0.0,0.0,0.0,0.0,0.0,0.0
29.301,apt_marker_maskon,PARKED,0.0,0.0,0.0,2,0.0,3.713,0.0,0.0,0.0,0.0,0.0,0.0,0.0
29.449,apt_marker_maskon,PARKED,0.0,0.0,0.0,2,0.0,3.699,0.0,0.0,0.0,0.0,0.0,0.0,0.0
29.501,apt_marker_maskon,PARKED,0.0,0.0,0.0,2,0.0,3.699,0.0,0.0,0.0,0.0,0.0,0.0,0.0
29.617,apt_marker_maskon,PARKED,0.0,0.0,0.0,2,0.0,3.743,0.0,0.0,0.0,0.0,0.0,0.0,0.0
29.701,apt_marker_maskon,PARKED,0.0,0.0,0.0,2,0.0,3.743,0.0,0.0,0.0,0.0,0.0,0.0,0.0
29.801,apt_marker_maskon,PARKED,0.0,0.0,0.0,2,0.0,3.743,0.0,0.0,0.0,0.0,0.0,0.0,0.0
29.901,apt_marker_maskon,PARKED,0.0,0.0,0.0,2,0.0,3.743,0.0,0.0,0.0,0.0,0.0,0.0,0.0
30.003,apt_marker_maskon,PARKED,0.0,0.0,0.0,2,0.0,3.685,0.0,0.0,0.0,0.0,0.0,0.0,0.0
30.128,apt_marker_maskon,PARKED,0.0,0.0,0.0,2,0.0,3.671,0.0,0.0,0.0,0.0,0.0,0.0,0.0
30.202,apt_marker_maskon,PARKED,0.0,0.0,0.0,2,0.0,3.671,0.0,0.0,0.0,0.0,0.0,0.0,0.0
30.301,apt_marker_maskon,PARKED,0.0,0.0,0.0,2,0.0,3.671,0.0,0.0,0.0,0.0,0.0,0.0,0.0
30.403,apt_marker_maskon,PARKED,0.0,0.0,0.0,2,0.0,3.721,0.0,0.0,0.0,0.0,0.0,0.0,0.0
30.501,apt_marker_maskon,PARKED,0.0,0.0,0.0,2,0.0,3.676,0.0,0.0,0.0,0.0,0.0,0.0,0.0
30.604,apt_marker_maskon,PARKED,0.0,0.0,0.0,2,0.0,3.676,0.0,0.0,0.0,0.0,0.0,0.0,0.0
30.701,apt_marker_maskon,PARKED,0.0,0.0,0.0,2,0.0,3.708,0.0,0.0,0.0,0.0,0.0,0.0,0.0
30.813,apt_marker_maskon,PARKED,0.0,0.0,0.0,2,0.0,3.715,0.0,0.0,0.0,0.0,0.0,0.0,0.0
30.947,apt_marker_maskon,PARKED,0.0,0.0,0.0,2,0.0,3.702,0.0,0.0,0.0,0.0,0.0,0.0,0.0
31.001,apt_marker_maskon,PARKED,0.0,0.0,0.0,2,0.0,3.702,0.0,0.0,0.0,0.0,0.0,0.0,0.0
31.144,apt_marker_maskon,PARKED,0.0,0.0,0.0,2,0.0,3.736,0.0,0.0,0.0,0.0,0.0,0.0,0.0
31.201,apt_marker_maskon,PARKED,0.0,0.0,0.0,2,0.0,3.736,0.0,0.0,0.0,0.0,0.0,0.0,0.0
31.301,apt_marker_maskon,PARKED,0.0,0.0,0.0,2,0.0,3.736,0.0,0.0,0.0,0.0,0.0,0.0,0.0
31.401,apt_marker_maskon,PARKED,0.0,0.0,0.0,2,0.0,3.71,0.0,0.0,0.0,0.0,0.0,0.0,0.0
31.54,apt_marker_maskon,PARKED,0.0,0.0,0.0,2,0.0,3.71,0.0,0.0,0.0,0.0,0.0,0.0,0.0
31.615,apt_marker_maskon,PARKED,0.0,0.0,0.0,2,0.0,3.664,0.0,0.0,0.0,0.0,0.0,0.0,0.0
31.718,apt_marker_maskon,PARKED,0.0,0.0,0.0,2,0.0,3.664,0.0,0.0,0.0,0.0,0.0,0.0,0.0
31.841,apt_marker_maskon,PARKED,0.0,0.0,0.0,2,0.0,3.693,0.0,0.0,0.0,0.0,0.0,0.0,0.0
31.902,apt_marker_maskon,PARKED,0.0,0.0,0.0,2,0.0,3.693,0.0,0.0,0.0,0.0,0.0,0.0,0.0
32.001,apt_marker_maskon,PARKED,0.0,0.0,0.0,2,0.0,3.693,0.0,0.0,0.0,0.0,0.0,0.0,0.0
32.121,apt_marker_maskon,PARKED,0.0,0.0,0.0,2,0.0,3.709,0.0,0.0,0.0,0.0,0.0,0.0,0.0
32.244,apt_marker_maskon,PARKED,0.0,0.0,0.0,2,0.0,3.735,0.0,0.0,0.0,0.0,0.0,0.0,0.0
32.301,apt_marker_maskon,PARKED,0.0,0.0,0.0,2,0.0,3.735,0.0,0.0,0.0,0.0,0.0,0.0,0.0
32.434,apt_marker_maskon,PARKED,0.0,0.0,0.0,2,0.0,3.738,0.0,0.0,0.0,0.0,0.0,0.0,0.0
32.501,apt_marker_maskon,PARKED,0.0,0.0,0.0,2,0.0,3.738,0.0,0.0,0.0,0.0,0.0,0.0,0.0
32.622,apt_marker_maskon,PARKED,0.0,0.0,0.0,2,0.0,3.706,0.0,0.0,0.0,0.0,0.0,0.0,0.0
32.723,apt_marker_maskon,PARKED,0.0,0.0,0.0,2,0.0,3.706,0.0,0.0,0.0,0.0,0.0,0.0,0.0
32.807,apt_marker_maskon,PARKED,0.0,0.0,0.0,2,0.0,3.611,0.0,0.0,0.0,0.0,0.0,0.0,0.0
32.938,apt_marker_maskon,PARKED,0.0,0.0,0.0,2,0.0,3.808,0.0,0.0,0.0,0.0,0.0,0.0,0.0
33.051,apt_marker_maskon,PARKED,0.0,0.0,0.0,2,0.0,3.808,0.0,0.0,0.0,0.0,0.0,0.0,0.0
33.102,apt_marker_maskon,PARKED,0.0,0.0,0.0,2,0.0,3.808,0.0,0.0,0.0,0.0,0.0,0.0,0.0
33.2,apt_marker_maskon,PARKED,0.0,0.0,0.0,2,0.0,3.773,0.0,0.0,0.0,0.0,0.0,0.0,0.0
33.301,apt_marker_maskon,PARKED,0.0,0.0,0.0,2,0.0,3.765,0.0,0.0,0.0,0.0,0.0,0.0,0.0
33.401,apt_marker_maskon,PARKED,0.0,0.0,0.0,2,0.0,3.765,0.0,0.0,0.0,0.0,0.0,0.0,0.0
33.536,apt_marker_maskon,PARKED,0.0,0.0,0.0,2,0.0,3.722,0.0,0.0,0.0,0.0,0.0,0.0,0.0
33.628,apt_marker_maskon,PARKED,0.0,0.0,0.0,2,0.0,3.722,0.0,0.0,0.0,0.0,0.0,0.0,0.0
33.701,apt_marker_maskon,PARKED,0.0,0.0,0.0,2,0.0,3.655,0.0,0.0,0.0,0.0,0.0,0.0,0.0
33.834,apt_marker_maskon,PARKED,0.0,0.0,0.0,2,0.0,3.721,0.0,0.0,0.0,0.0,0.0,0.0,0.0
33.936,apt_marker_maskon,PARKED,0.0,0.0,0.0,2,0.0,3.708,0.0,0.0,0.0,0.0,0.0,0.0,0.0
34.046,apt_marker_maskon,PARKED,0.0,0.0,0.0,2,0.0,3.737,0.0,0.0,0.0,0.0,0.0,0.0,0.0
34.101,apt_marker_maskon,PARKED,0.0,0.0,0.0,2,0.0,3.737,0.0,0.0,0.0,0.0,0.0,0.0,0.0
34.239,apt_marker_maskon,PARKED,0.0,0.0,0.0,2,0.0,3.735,0.0,0.0,0.0,0.0,0.0,0.0,0.0
34.301,apt_marker_maskon,PARKED,0.0,0.0,0.0,2,0.0,3.735,0.0,0.0,0.0,0.0,0.0,0.0,0.0
34.401,apt_marker_maskon,PARKED,0.0,0.0,0.0,2,0.0,3.735,0.0,0.0,0.0,0.0,0.0,0.0,0.0
34.501,apt_marker_maskon,PARKED,0.0,0.0,0.0,2,0.0,3.735,0.0,0.0,0.0,0.0,0.0,0.0,0.0
34.619,apt_marker_maskon,PARKED,0.0,0.0,0.0,2,0.0,3.78,0.0,0.0,0.0,0.0,0.0,0.0,0.0
34.733,apt_marker_maskon,PARKED,0.0,0.0,0.0,2,0.0,3.718,0.0,0.0,0.0,0.0,0.0,0.0,0.0
34.82,apt_marker_maskon,PARKED,0.0,0.0,0.0,2,0.0,3.69,0.0,0.0,0.0,0.0,0.0,0.0,0.0
34.902,apt_marker_maskon,PARKED,0.0,0.0,0.0,2,0.0,3.781,0.0,0.0,0.0,0.0,0.0,0.0,0.0
35.035,apt_marker_maskon,PARKED,0.0,0.0,0.0,2,0.0,3.771,0.0,0.0,0.0,0.0,0.0,0.0,0.0
35.101,apt_marker_maskon,PARKED,0.0,0.0,0.0,2,0.0,3.771,0.0,0.0,0.0,0.0,0.0,0.0,0.0
35.2,apt_marker_maskon,PARKED,0.0,0.0,0.0,2,0.0,3.77,0.0,0.0,0.0,0.0,0.0,0.0,0.0
35.32,apt_marker_maskon,PARKED,0.0,0.0,0.0,2,0.0,3.719,0.0,0.0,0.0,0.0,0.0,0.0,0.0
35.401,apt_marker_maskon,PARKED,0.0,0.0,0.0,2,0.0,3.719,0.0,0.0,0.0,0.0,0.0,0.0,0.0
35.516,apt_marker_maskon,PARKED,0.0,0.0,0.0,2,0.0,3.755,0.0,0.0,0.0,0.0,0.0,0.0,0.0
35.627,apt_marker_maskon,PARKED,0.0,0.0,0.0,2,0.0,3.732,0.0,0.0,0.0,0.0,0.0,0.0,0.0
35.738,apt_marker_maskon,PARKED,0.0,0.0,0.0,2,0.0,3.732,0.0,0.0,0.0,0.0,0.0,0.0,0.0
35.801,apt_marker_maskon,PARKED,0.0,0.0,0.0,2,0.0,3.722,0.0,0.0,0.0,0.0,0.0,0.0,0.0
35.901,apt_marker_maskon,PARKED,0.0,0.0,0.0,2,0.0,3.697,0.0,0.0,0.0,0.0,0.0,0.0,0.0
36.035,apt_marker_maskon,PARKED,0.0,0.0,0.0,2,0.0,3.691,0.0,0.0,0.0,0.0,0.0,0.0,0.0
36.103,apt_marker_maskon,PARKED,0.0,0.0,0.0,2,0.0,3.666,0.0,0.0,0.0,0.0,0.0,0.0,0.0
36.241,apt_marker_maskon,PARKED,0.0,0.0,0.0,2,0.0,3.686,0.0,0.0,0.0,0.0,0.0,0.0,0.0
36.302,apt_marker_maskon,PARKED,0.0,0.0,0.0,2,0.0,3.686,0.0,0.0,0.0,0.0,0.0,0.0,0.0
36.401,apt_marker_maskon,PARKED,0.0,0.0,0.0,2,0.0,3.691,0.0,0.0,0.0,0.0,0.0,0.0,0.0
36.535,apt_marker_maskon,PARKED,0.0,0.0,0.0,2,0.0,3.645,0.0,0.0,0.0,0.0,0.0,0.0,0.0
36.643,apt_marker_maskon,PARKED,0.0,0.0,0.0,2,0.0,3.704,0.0,0.0,0.0,0.0,0.0,0.0,0.0
36.701,apt_marker_maskon,PARKED,0.0,0.0,0.0,2,0.0,3.704,0.0,0.0,0.0,0.0,0.0,0.0,0.0
36.802,apt_marker_maskon,PARKED,0.0,0.0,0.0,2,0.0,3.674,0.0,0.0,0.0,0.0,0.0,0.0,0.0
36.901,apt_marker_maskon,PARKED,0.0,0.0,0.0,2,0.0,3.646,0.0,0.0,0.0,0.0,0.0,0.0,0.0
37.001,apt_marker_maskon,PARKED,0.0,0.0,0.0,2,0.0,3.728,0.0,0.0,0.0,0.0,0.0,0.0,0.0
37.119,apt_marker_maskon,PARKED,0.0,0.0,0.0,2,0.0,3.763,0.0,0.0,0.0,0.0,0.0,0.0,0.0
37.201,apt_marker_maskon,PARKED,0.0,0.0,0.0,2,0.0,3.71,0.0,0.0,0.0,0.0,0.0,0.0,0.0
37.319,apt_marker_maskon,PARKED,0.0,0.0,0.0,2,0.0,3.71,0.0,0.0,0.0,0.0,0.0,0.0,0.0
37.401,apt_marker_maskon,PARKED,0.0,0.0,0.0,2,0.0,3.725,0.0,0.0,0.0,0.0,0.0,0.0,0.0
37.502,apt_marker_maskon,PARKED,0.0,0.0,0.0,2,0.0,3.725,0.0,0.0,0.0,0.0,0.0,0.0,0.0
37.602,apt_marker_maskon,PARKED,0.0,0.0,0.0,2,0.0,3.725,0.0,0.0,0.0,0.0,0.0,0.0,0.0
37.701,apt_marker_maskon,PARKED,0.0,0.0,0.0,2,0.0,3.725,0.0,0.0,0.0,0.0,0.0,0.0,0.0
37.802,apt_marker_maskon,PARKED,0.0,0.0,0.0,2,0.0,3.691,0.0,0.0,0.0,0.0,0.0,0.0,0.0
37.901,apt_marker_maskon,PARKED,0.0,0.0,0.0,2,0.0,3.691,0.0,0.0,0.0,0.0,0.0,0.0,0.0
38.008,apt_marker_maskon,PARKED,0.0,0.0,0.0,2,0.0,3.717,0.0,0.0,0.0,0.0,0.0,0.0,0.0
38.102,apt_marker_maskon,PARKED,0.0,0.0,0.0,2,0.0,3.715,0.0,0.0,0.0,0.0,0.0,0.0,0.0
38.201,apt_marker_maskon,PARKED,0.0,0.0,0.0,2,0.0,3.715,0.0,0.0,0.0,0.0,0.0,0.0,0.0
38.324,apt_marker_maskon,PARKED,0.0,0.0,0.0,2,0.0,3.727,0.0,0.0,0.0,0.0,0.0,0.0,0.0
38.401,apt_marker_maskon,PARKED,0.0,0.0,0.0,2,0.0,3.815,0.0,0.0,0.0,0.0,0.0,0.0,0.0
38.501,apt_marker_maskon,PARKED,0.0,0.0,0.0,2,0.0,3.815,0.0,0.0,0.0,0.0,0.0,0.0,0.0
38.602,apt_marker_maskon,PARKED,0.0,0.0,0.0,2,0.0,3.815,0.0,0.0,0.0,0.0,0.0,0.0,0.0
38.701,apt_marker_maskon,PARKED,0.0,0.0,0.0,2,0.0,3.706,0.0,0.0,0.0,0.0,0.0,0.0,0.0
38.822,apt_marker_maskon,PARKED,0.0,0.0,0.0,2,0.0,3.706,0.0,0.0,0.0,0.0,0.0,0.0,0.0
38.901,apt_marker_maskon,PARKED,0.0,0.0,0.0,2,0.0,3.706,0.0,0.0,0.0,0.0,0.0,0.0,0.0
39.001,apt_marker_maskon,PARKED,0.0,0.0,0.0,2,0.0,3.706,0.0,0.0,0.0,0.0,0.0,0.0,0.0
39.12,apt_marker_maskon,PARKED,0.0,0.0,0.0,2,0.0,3.713,0.0,0.0,0.0,0.0,0.0,0.0,0.0
39.237,apt_marker_maskon,PARKED,0.0,0.0,0.0,2,0.0,3.713,0.0,0.0,0.0,0.0,0.0,0.0,0.0
39.301,apt_marker_maskon,PARKED,0.0,0.0,0.0,2,0.0,3.713,0.0,0.0,0.0,0.0,0.0,0.0,0.0
39.451,apt_marker_maskon,PARKED,0.0,0.0,0.0,2,0.0,3.702,0.0,0.0,0.0,0.0,0.0,0.0,0.0
39.502,apt_marker_maskon,PARKED,0.0,0.0,0.0,2,0.0,3.702,0.0,0.0,0.0,0.0,0.0,0.0,0.0
39.601,apt_marker_maskon,PARKED,0.0,0.0,0.0,2,0.0,3.702,0.0,0.0,0.0,0.0,0.0,0.0,0.0
39.702,apt_marker_maskon,PARKED,0.0,0.0,0.0,2,0.0,3.702,0.0,0.0,0.0,0.0,0.0,0.0,0.0
39.801,apt_marker_maskon,PARKED,0.0,0.0,0.0,2,0.0,3.644,0.0,0.0,0.0,0.0,0.0,0.0,0.0
39.934,apt_marker_maskon,PARKED,0.0,0.0,0.0,2,0.0,3.671,0.0,0.0,0.0,0.0,0.0,0.0,0.0
40.004,apt_marker_maskon,PARKED,0.0,0.0,0.0,2,0.0,3.732,0.0,0.0,0.0,0.0,0.0,0.0,0.0
40.1,apt_marker_maskon,PARKED,0.0,0.0,0.0,2,0.0,3.738,0.0,0.0,0.0,0.0,0.0,0.0,0.0
40.224,apt_marker_maskon,PARKED,0.0,0.0,0.0,2,0.0,3.738,0.0,0.0,0.0,0.0,0.0,0.0,0.0
40.301,apt_marker_maskon,PARKED,0.0,0.0,0.0,2,0.0,3.738,0.0,0.0,0.0,0.0,0.0,0.0,0.0
40.448,apt_marker_maskon,PARKED,0.0,0.0,0.0,2,0.0,3.792,0.0,0.0,0.0,0.0,0.0,0.0,0.0
40.502,apt_marker_maskon,PARKED,0.0,0.0,0.0,2,0.0,3.792,0.0,0.0,0.0,0.0,0.0,0.0,0.0
40.602,apt_marker_maskon,PARKED,0.0,0.0,0.0,2,0.0,3.792,0.0,0.0,0.0,0.0,0.0,0.0,0.0
40.701,apt_marker_maskon,PARKED,0.0,0.0,0.0,2,0.0,3.792,0.0,0.0,0.0,0.0,0.0,0.0,0.0
40.801,apt_marker_maskon,PARKED,0.0,0.0,0.0,2,0.0,3.706,0.0,0.0,0.0,0.0,0.0,0.0,0.0
40.902,apt_marker_maskon,PARKED,0.0,0.0,0.0,2,0.0,3.706,0.0,0.0,0.0,0.0,0.0,0.0,0.0
41.009,apt_marker_maskon,PARKED,0.0,0.0,0.0,2,0.0,3.757,0.0,0.0,0.0,0.0,0.0,0.0,0.0
41.136,apt_marker_maskon,PARKED,0.0,0.0,0.0,2,0.0,3.749,0.0,0.0,0.0,0.0,0.0,0.0,0.0
41.201,apt_marker_maskon,PARKED,0.0,0.0,0.0,2,0.0,3.717,0.0,0.0,0.0,0.0,0.0,0.0,0.0
41.301,apt_marker_maskon,PARKED,0.0,0.0,0.0,2,0.0,3.742,0.0,0.0,0.0,0.0,0.0,0.0,0.0
41.402,apt_marker_maskon,PARKED,0.0,0.0,0.0,2,0.0,3.742,0.0,0.0,0.0,0.0,0.0,0.0,0.0
41.501,apt_marker_maskon,PARKED,0.0,0.0,0.0,2,0.0,3.742,0.0,0.0,0.0,0.0,0.0,0.0,0.0
41.601,apt_marker_maskon,PARKED,0.0,0.0,0.0,2,0.0,3.674,0.0,0.0,0.0,0.0,0.0,0.0,0.0
41.701,apt_marker_maskon,PARKED,0.0,0.0,0.0,2,0.0,3.674,0.0,0.0,0.0,0.0,0.0,0.0,0.0
41.801,apt_marker_maskon,PARKED,0.0,0.0,0.0,2,0.0,3.774,0.0,0.0,0.0,0.0,0.0,0.0,0.0
41.913,apt_marker_maskon,PARKED,0.0,0.0,0.0,2,0.0,3.699,0.0,0.0,0.0,0.0,0.0,0.0,0.0
42.028,apt_marker_maskon,PARKED,0.0,0.0,0.0,2,0.0,3.66,0.0,0.0,0.0,0.0,0.0,0.0,0.0
42.101,apt_marker_maskon,PARKED,0.0,0.0,0.0,2,0.0,3.66,0.0,0.0,0.0,0.0,0.0,0.0,0.0
42.248,apt_marker_maskon,PARKED,0.0,0.0,0.0,2,0.0,3.632,0.0,0.0,0.0,0.0,0.0,0.0,0.0
42.322,apt_marker_maskon,PARKED,0.0,0.0,0.0,2,0.0,3.68,0.0,0.0,0.0,0.0,0.0,0.0,0.0
42.428,apt_marker_maskon,PARKED,0.0,0.0,0.0,2,0.0,3.691,0.0,0.0,0.0,0.0,0.0,0.0,0.0
42.501,apt_marker_maskon,PARKED,0.0,0.0,0.0,2,0.0,3.69,0.0,0.0,0.0,0.0,0.0,0.0,0.0
42.601,apt_marker_maskon,PARKED,0.0,0.0,0.0,2,0.0,3.69,0.0,0.0,0.0,0.0,0.0,0.0,0.0
42.701,apt_marker_maskon,PARKED,0.0,0.0,0.0,2,0.0,3.69,0.0,0.0,0.0,0.0,0.0,0.0,0.0
42.801,apt_marker_maskon,PARKED,0.0,0.0,0.0,2,0.0,3.69,0.0,0.0,0.0,0.0,0.0,0.0,0.0
42.902,apt_marker_maskon,PARKED,0.0,0.0,0.0,2,0.0,3.69,0.0,0.0,0.0,0.0,0.0,0.0,0.0
43.002,apt_marker_maskon,PARKED,0.0,0.0,0.0,2,0.0,3.717,0.0,0.0,0.0,0.0,0.0,0.0,0.0
43.136,apt_marker_maskon,PARKED,0.0,0.0,0.0,2,0.0,3.717,0.0,0.0,0.0,0.0,0.0,0.0,0.0
43.208,apt_marker_maskon,PARKED,0.0,0.0,0.0,2,0.0,3.707,0.0,0.0,0.0,0.0,0.0,0.0,0.0
43.302,apt_marker_maskon,PARKED,0.0,0.0,0.0,2,0.0,3.707,0.0,0.0,0.0,0.0,0.0,0.0,0.0
43.421,apt_marker_maskon,PARKED,0.0,0.0,0.0,2,0.0,3.737,0.0,0.0,0.0,0.0,0.0,0.0,0.0
43.501,apt_marker_maskon,PARKED,0.0,0.0,0.0,2,0.0,3.737,0.0,0.0,0.0,0.0,0.0,0.0,0.0
43.62,apt_marker_maskon,PARKED,0.0,0.0,0.0,2,0.0,3.779,0.0,0.0,0.0,0.0,0.0,0.0,0.0
43.75,apt_marker_maskon,PARKED,0.0,0.0,0.0,2,0.0,3.752,0.0,0.0,0.0,0.0,0.0,0.0,0.0
43.846,apt_marker_maskon,PARKED,0.0,0.0,0.0,2,0.0,3.752,0.0,0.0,0.0,0.0,0.0,0.0,0.0
43.929,apt_marker_maskon,PARKED,0.0,0.0,0.0,2,0.0,3.696,0.0,0.0,0.0,0.0,0.0,0.0,0.0
44.028,apt_marker_maskon,PARKED,0.0,0.0,0.0,2,0.0,3.696,0.0,0.0,0.0,0.0,0.0,0.0,0.0
44.107,apt_marker_maskon,PARKED,0.0,0.0,0.0,2,0.0,3.692,0.0,0.0,0.0,0.0,0.0,0.0,0.0
44.2,apt_marker_maskon,PARKED,0.0,0.0,0.0,2,0.0,3.68,0.0,0.0,0.0,0.0,0.0,0.0,0.0
44.3,apt_marker_maskon,PARKED,0.0,0.0,0.0,2,0.0,3.68,0.0,0.0,0.0,0.0,0.0,0.0,0.0
44.426,apt_marker_maskon,PARKED,0.0,0.0,0.0,2,0.0,3.727,0.0,0.0,0.0,0.0,0.0,0.0,0.0
44.502,apt_marker_maskon,PARKED,0.0,0.0,0.0,2,0.0,3.727,0.0,0.0,0.0,0.0,0.0,0.0,0.0
44.601,apt_marker_maskon,PARKED,0.0,0.0,0.0,2,0.0,3.739,0.0,0.0,0.0,0.0,0.0,0.0,0.0
44.701,apt_marker_maskon,PARKED,0.0,0.0,0.0,2,0.0,3.697,0.0,0.0,0.0,0.0,0.0,0.0,0.0
44.801,apt_marker_maskon,PARKED,0.0,0.0,0.0,2,0.0,3.697,0.0,0.0,0.0,0.0,0.0,0.0,0.0
44.901,apt_marker_maskon,PARKED,0.0,0.0,0.0,2,0.0,3.697,0.0,0.0,0.0,0.0,0.0,0.0,0.0
45.001,apt_marker_maskon,PARKED,0.0,0.0,0.0,2,0.0,3.697,0.0,0.0,0.0,0.0,0.0,0.0,0.0
45.134,apt_marker_maskon,PARKED,0.0,0.0,0.0,2,0.0,3.749,0.0,0.0,0.0,0.0,0.0,0.0,0.0
45.202,apt_marker_maskon,PARKED,0.0,0.0,0.0,2,0.0,3.749,0.0,0.0,0.0,0.0,0.0,0.0,0.0
45.301,apt_marker_maskon,PARKED,0.0,0.0,0.0,2,0.0,3.749,0.0,0.0,0.0,0.0,0.0,0.0,0.0
45.428,apt_marker_maskon,PARKED,0.0,0.0,0.0,2,0.0,3.718,0.0,0.0,0.0,0.0,0.0,0.0,0.0
45.506,apt_marker_maskon,PARKED,0.0,0.0,0.0,2,0.0,3.718,0.0,0.0,0.0,0.0,0.0,0.0,0.0
45.601,apt_marker_maskon,PARKED,0.0,0.0,0.0,2,0.0,3.743,0.0,0.0,0.0,0.0,0.0,0.0,0.0
45.72,apt_marker_maskon,PARKED,0.0,0.0,0.0,2,0.0,3.695,0.0,0.0,0.0,0.0,0.0,0.0,0.0
45.801,apt_marker_maskon,PARKED,0.0,0.0,0.0,2,0.0,3.695,0.0,0.0,0.0,0.0,0.0,0.0,0.0
45.92,apt_marker_maskon,PARKED,0.0,0.0,0.0,2,0.0,3.727,0.0,0.0,0.0,0.0,0.0,0.0,0.0
46.001,apt_marker_maskon,PARKED,0.0,0.0,0.0,2,0.0,3.709,0.0,0.0,0.0,0.0,0.0,0.0,0.0
46.15,apt_marker_maskon,PARKED,0.0,0.0,0.0,2,0.0,3.648,0.0,0.0,0.0,0.0,0.0,0.0,0.0
46.21,apt_marker_maskon,PARKED,0.0,0.0,0.0,2,0.0,3.74,0.0,0.0,0.0,0.0,0.0,0.0,0.0
46.3,apt_marker_maskon,PARKED,0.0,0.0,0.0,2,0.0,3.726,0.0,0.0,0.0,0.0,0.0,0.0,0.0
46.417,apt_marker_maskon,PARKED,0.0,0.0,0.0,2,0.0,3.726,0.0,0.0,0.0,0.0,0.0,0.0,0.0
46.532,apt_marker_maskon,PARKED,0.0,0.0,0.0,2,0.0,3.748,0.0,0.0,0.0,0.0,0.0,0.0,0.0
46.601,apt_marker_maskon,PARKED,0.0,0.0,0.0,2,0.0,3.739,0.0,0.0,0.0,0.0,0.0,0.0,0.0
46.721,apt_marker_maskon,PARKED,0.0,0.0,0.0,2,0.0,3.742,0.0,0.0,0.0,0.0,0.0,0.0,0.0
46.8,apt_marker_maskon,PARKED,0.0,0.0,0.0,2,0.0,3.742,0.0,0.0,0.0,0.0,0.0,0.0,0.0
46.901,apt_marker_maskon,PARKED,0.0,0.0,0.0,2,0.0,3.742,0.0,0.0,0.0,0.0,0.0,0.0,0.0
47.001,apt_marker_maskon,PARKED,0.0,0.0,0.0,2,0.0,3.742,0.0,0.0,0.0,0.0,0.0,0.0,0.0
47.101,apt_marker_maskon,PARKED,0.0,0.0,0.0,2,0.0,3.742,0.0,0.0,0.0,0.0,0.0,0.0,0.0
47.225,apt_marker_maskon,PARKED,0.0,0.0,0.0,2,0.0,3.745,0.0,0.0,0.0,0.0,0.0,0.0,0.0
47.301,apt_marker_maskon,PARKED,0.0,0.0,0.0,2,0.0,3.835,0.0,0.0,0.0,0.0,0.0,0.0,0.0
47.401,apt_marker_maskon,PARKED,0.0,0.0,0.0,2,0.0,3.858,0.0,0.0,0.0,0.0,0.0,0.0,0.0
47.501,apt_marker_maskon,PARKED,0.0,0.0,0.0,2,0.0,3.858,0.0,0.0,0.0,0.0,0.0,0.0,0.0
47.602,apt_marker_maskon,PARKED,0.0,0.0,0.0,2,0.0,3.77,0.0,0.0,0.0,0.0,0.0,0.0,0.0
47.747,apt_marker_maskon,PARKED,0.0,0.0,0.0,2,0.0,3.747,0.0,0.0,0.0,0.0,0.0,0.0,0.0
47.801,apt_marker_maskon,PARKED,0.0,0.0,0.0,2,0.0,3.747,0.0,0.0,0.0,0.0,0.0,0.0,0.0
47.901,apt_marker_maskon,PARKED,0.0,0.0,0.0,2,0.0,3.747,0.0,0.0,0.0,0.0,0.0,0.0,0.0
48.002,apt_marker_maskon,PARKED,0.0,0.0,0.0,2,0.0,3.688,0.0,0.0,0.0,0.0,0.0,0.0,0.0
48.111,apt_marker_maskon,PARKED,0.0,0.0,0.0,2,0.0,3.764,0.0,0.0,0.0,0.0,0.0,0.0,0.0
48.202,apt_marker_maskon,PARKED,0.0,0.0,0.0,2,0.0,3.764,0.0,0.0,0.0,0.0,0.0,0.0,0.0
48.342,apt_marker_maskon,PARKED,0.0,0.0,0.0,2,0.0,3.675,0.0,0.0,0.0,0.0,0.0,0.0,0.0
48.401,apt_marker_maskon,PARKED,0.0,0.0,0.0,2,0.0,3.711,0.0,0.0,0.0,0.0,0.0,0.0,0.0
48.518,apt_marker_maskon,PARKED,0.0,0.0,0.0,2,0.0,3.711,0.0,0.0,0.0,0.0,0.0,0.0,0.0
48.601,apt_marker_maskon,PARKED,0.0,0.0,0.0,2,0.0,3.806,0.0,0.0,0.0,0.0,0.0,0.0,0.0
48.701,apt_marker_maskon,PARKED,0.0,0.0,0.0,2,0.0,3.806,0.0,0.0,0.0,0.0,0.0,0.0,0.0
48.801,apt_marker_maskon,PARKED,0.0,0.0,0.0,2,0.0,3.716,0.0,0.0,0.0,0.0,0.0,0.0,0.0
48.901,apt_marker_maskon,PARKED,0.0,0.0,0.0,2,0.0,3.716,0.0,0.0,0.0,0.0,0.0,0.0,0.0
49.015,apt_marker_maskon,PARKED,0.0,0.0,0.0,2,0.0,3.769,0.0,0.0,0.0,0.0,0.0,0.0,0.0
49.137,apt_marker_maskon,PARKED,0.0,0.0,0.0,2,0.0,3.769,0.0,0.0,0.0,0.0,0.0,0.0,0.0
49.201,apt_marker_maskon,PARKED,0.0,0.0,0.0,2,0.0,3.769,0.0,0.0,0.0,0.0,0.0,0.0,0.0
49.336,apt_marker_maskon,PARKED,0.0,0.0,0.0,2,0.0,3.694,0.0,0.0,0.0,0.0,0.0,0.0,0.0
49.401,apt_marker_maskon,PARKED,0.0,0.0,0.0,2,0.0,3.694,0.0,0.0,0.0,0.0,0.0,0.0,0.0
49.502,apt_marker_maskon,PARKED,0.0,0.0,0.0,2,0.0,3.688,0.0,0.0,0.0,0.0,0.0,0.0,0.0
49.603,apt_marker_maskon,PARKED,0.0,0.0,0.0,2,0.0,3.682,0.0,0.0,0.0,0.0,0.0,0.0,0.0
49.706,apt_marker_maskon,PARKED,0.0,0.0,0.0,2,0.0,3.67,0.0,0.0,0.0,0.0,0.0,0.0,0.0
49.801,apt_marker_maskon,PARKED,0.0,0.0,0.0,2,0.0,3.682,0.0,0.0,0.0,0.0,0.0,0.0,0.0
49.901,apt_marker_maskon,PARKED,0.0,0.0,0.0,2,0.0,3.682,0.0,0.0,0.0,0.0,0.0,0.0,0.0
50.001,apt_marker_maskon,PARKED,0.0,0.0,0.0,2,0.0,3.682,0.0,0.0,0.0,0.0,0.0,0.0,0.0
50.102,apt_marker_maskon,PARKED,0.0,0.0,0.0,2,0.0,3.682,0.0,0.0,0.0,0.0,0.0,0.0,0.0
50.238,apt_marker_maskon,PARKED,0.0,0.0,0.0,2,0.0,3.728,0.0,0.0,0.0,0.0,0.0,0.0,0.0
50.301,apt_marker_maskon,PARKED,0.0,0.0,0.0,2,0.0,3.728,0.0,0.0,0.0,0.0,0.0,0.0,0.0
50.401,apt_marker_maskon,PARKED,0.0,0.0,0.0,2,0.0,3.722,0.0,0.0,0.0,0.0,0.0,0.0,0.0
50.507,apt_marker_maskon,PARKED,0.0,0.0,0.0,2,0.0,3.791,0.0,0.0,0.0,0.0,0.0,0.0,0.0
50.601,apt_marker_maskon,PARKED,0.0,0.0,0.0,2,0.0,3.787,0.0,0.0,0.0,0.0,0.0,0.0,0.0
50.701,apt_marker_maskon,PARKED,0.0,0.0,0.0,2,0.0,3.785,0.0,0.0,0.0,0.0,0.0,0.0,0.0
50.806,apt_marker_maskon,PARKED,0.0,0.0,0.0,2,0.0,3.707,0.0,0.0,0.0,0.0,0.0,0.0,0.0
50.901,apt_marker_maskon,PARKED,0.0,0.0,0.0,2,0.0,3.665,0.0,0.0,0.0,0.0,0.0,0.0,0.0
51.001,apt_marker_maskon,PARKED,0.0,0.0,0.0,2,0.0,3.665,0.0,0.0,0.0,0.0,0.0,0.0,0.0
51.115,apt_marker_maskon,PARKED,0.0,0.0,0.0,2,0.0,3.692,0.0,0.0,0.0,0.0,0.0,0.0,0.0
51.201,apt_marker_maskon,PARKED,0.0,0.0,0.0,2,0.0,3.692,0.0,0.0,0.0,0.0,0.0,0.0,0.0
51.315,apt_marker_maskon,PARKED,0.0,0.0,0.0,2,0.0,3.678,0.0,0.0,0.0,0.0,0.0,0.0,0.0
51.401,apt_marker_maskon,PARKED,0.0,0.0,0.0,2,0.0,3.678,0.0,0.0,0.0,0.0,0.0,0.0,0.0
51.501,apt_marker_maskon,PARKED,0.0,0.0,0.0,2,0.0,3.729,0.0,0.0,0.0,0.0,0.0,0.0,0.0
51.602,apt_marker_maskon,PARKED,0.0,0.0,0.0,2,0.0,3.729,0.0,0.0,0.0,0.0,0.0,0.0,0.0
51.729,apt_marker_maskon,PARKED,0.0,0.0,0.0,2,0.0,3.815,0.0,0.0,0.0,0.0,0.0,0.0,0.0
51.801,apt_marker_maskon,PARKED,0.0,0.0,0.0,2,0.0,3.775,0.0,0.0,0.0,0.0,0.0,0.0,0.0
51.915,apt_marker_maskon,PARKED,0.0,0.0,0.0,2,0.0,3.766,0.0,0.0,0.0,0.0,0.0,0.0,0.0
52.05,apt_marker_maskon,PARKED,0.0,0.0,0.0,2,0.0,3.711,0.0,0.0,0.0,0.0,0.0,0.0,0.0
52.1,apt_marker_maskon,PARKED,0.0,0.0,0.0,2,0.0,3.711,0.0,0.0,0.0,0.0,0.0,0.0,0.0
52.237,apt_marker_maskon,PARKED,0.0,0.0,0.0,2,0.0,3.697,0.0,0.0,0.0,0.0,0.0,0.0,0.0
52.338,apt_marker_maskon,PARKED,0.0,0.0,0.0,2,0.0,3.697,0.0,0.0,0.0,0.0,0.0,0.0,0.0
52.426,apt_marker_maskon,PARKED,0.0,0.0,0.0,2,0.0,3.706,0.0,0.0,0.0,0.0,0.0,0.0,0.0
52.501,apt_marker_maskon,PARKED,0.0,0.0,0.0,2,0.0,3.7,0.0,0.0,0.0,0.0,0.0,0.0,0.0
52.626,apt_marker_maskon,PARKED,0.0,0.0,0.0,2,0.0,3.7,0.0,0.0,0.0,0.0,0.0,0.0,0.0
52.701,apt_marker_maskon,PARKED,0.0,0.0,0.0,2,0.0,3.683,0.0,0.0,0.0,0.0,0.0,0.0,0.0
52.801,apt_marker_maskon,PARKED,0.0,0.0,0.0,2,0.0,3.683,0.0,0.0,0.0,0.0,0.0,0.0,0.0
52.928,apt_marker_maskon,PARKED,0.0,0.0,0.0,2,0.0,3.664,0.0,0.0,0.0,0.0,0.0,0.0,0.0
53.002,apt_marker_maskon,PARKED,0.0,0.0,0.0,2,0.0,3.664,0.0,0.0,0.0,0.0,0.0,0.0,0.0
53.101,apt_marker_maskon,PARKED,0.0,0.0,0.0,2,0.0,3.664,0.0,0.0,0.0,0.0,0.0,0.0,0.0
53.201,apt_marker_maskon,PARKED,0.0,0.0,0.0,2,0.0,3.664,0.0,0.0,0.0,0.0,0.0,0.0,0.0
53.344,apt_marker_maskon,PARKED,0.0,0.0,0.0,2,0.0,3.748,0.0,0.0,0.0,0.0,0.0,0.0,0.0
53.404,apt_marker_maskon,PARKED,0.0,0.0,0.0,2,0.0,3.703,0.0,0.0,0.0,0.0,0.0,0.0,0.0
53.501,apt_marker_maskon,PARKED,0.0,0.0,0.0,2,0.0,3.703,0.0,0.0,0.0,0.0,0.0,0.0,0.0
53.639,apt_marker_maskon,PARKED,0.0,0.0,0.0,2,0.0,3.805,0.0,0.0,0.0,0.0,0.0,0.0,0.0
53.701,apt_marker_maskon,PARKED,0.0,0.0,0.0,2,0.0,3.805,0.0,0.0,0.0,0.0,0.0,0.0,0.0
53.821,apt_marker_maskon,PARKED,0.0,0.0,0.0,2,0.0,3.754,0.0,0.0,0.0,0.0,0.0,0.0,0.0
53.902,apt_marker_maskon,PARKED,0.0,0.0,0.0,2,0.0,3.754,0.0,0.0,0.0,0.0,0.0,0.0,0.0
54.002,apt_marker_maskon,PARKED,0.0,0.0,0.0,2,0.0,3.706,0.0,0.0,0.0,0.0,0.0,0.0,0.0
54.101,apt_marker_maskon,PARKED,0.0,0.0,0.0,2,0.0,3.706,0.0,0.0,0.0,0.0,0.0,0.0,0.0
54.224,apt_marker_maskon,PARKED,0.0,0.0,0.0,2,0.0,3.76,0.0,0.0,0.0,0.0,0.0,0.0,0.0
54.346,apt_marker_maskon,PARKED,0.0,0.0,0.0,2,0.0,3.768,0.0,0.0,0.0,0.0,0.0,0.0,0.0
54.401,apt_marker_maskon,PARKED,0.0,0.0,0.0,2,0.0,3.768,0.0,0.0,0.0,0.0,0.0,0.0,0.0
54.544,apt_marker_maskon,PARKED,0.0,0.0,0.0,2,0.0,3.696,0.0,0.0,0.0,0.0,0.0,0.0,0.0
54.601,apt_marker_maskon,PARKED,0.0,0.0,0.0,2,0.0,3.696,0.0,0.0,0.0,0.0,0.0,0.0,0.0
54.743,apt_marker_maskon,PARKED,0.0,0.0,0.0,2,0.0,3.735,0.0,0.0,0.0,0.0,0.0,0.0,0.0
54.801,apt_marker_maskon,PARKED,0.0,0.0,0.0,2,0.0,3.735,0.0,0.0,0.0,0.0,0.0,0.0,0.0
54.938,apt_marker_maskon,PARKED,0.0,0.0,0.0,2,0.0,3.774,0.0,0.0,0.0,0.0,0.0,0.0,0.0
55.041,apt_marker_maskon,PARKED,0.0,0.0,0.0,2,0.0,3.783,0.0,0.0,0.0,0.0,0.0,0.0,0.0
55.102,apt_marker_maskon,PARKED,0.0,0.0,0.0,2,0.0,3.783,0.0,0.0,0.0,0.0,0.0,0.0,0.0
55.201,apt_marker_maskon,PARKED,0.0,0.0,0.0,2,0.0,3.783,0.0,0.0,0.0,0.0,0.0,0.0,0.0
55.342,apt_marker_maskon,PARKED,0.0,0.0,0.0,2,0.0,3.784,0.0,0.0,0.0,0.0,0.0,0.0,0.0
55.402,apt_marker_maskon,PARKED,0.0,0.0,0.0,2,0.0,3.784,0.0,0.0,0.0,0.0,0.0,0.0,0.0
55.501,apt_marker_maskon,PARKED,0.0,0.0,0.0,2,0.0,3.725,0.0,0.0,0.0,0.0,0.0,0.0,0.0
55.602,apt_marker_maskon,PARKED,0.0,0.0,0.0,2,0.0,3.777,0.0,0.0,0.0,0.0,0.0,0.0,0.0
55.701,apt_marker_maskon,PARKED,0.0,0.0,0.0,2,0.0,3.789,0.0,0.0,0.0,0.0,0.0,0.0,0.0
55.826,apt_marker_maskon,PARKED,0.0,0.0,0.0,2,0.0,3.758,0.0,0.0,0.0,0.0,0.0,0.0,0.0
55.901,apt_marker_maskon,PARKED,0.0,0.0,0.0,2,0.0,3.758,0.0,0.0,0.0,0.0,0.0,0.0,0.0
56.001,apt_marker_maskon,PARKED,0.0,0.0,0.0,2,0.0,3.753,0.0,0.0,0.0,0.0,0.0,0.0,0.0
56.101,apt_marker_maskon,PARKED,0.0,0.0,0.0,2,0.0,3.697,0.0,0.0,0.0,0.0,0.0,0.0,0.0
56.201,apt_marker_maskon,PARKED,0.0,0.0,0.0,2,0.0,3.697,0.0,0.0,0.0,0.0,0.0,0.0,0.0
56.336,apt_marker_maskon,PARKED,0.0,0.0,0.0,2,0.0,3.728,0.0,0.0,0.0,0.0,0.0,0.0,0.0
56.401,apt_marker_maskon,PARKED,0.0,0.0,0.0,2,0.0,3.763,0.0,0.0,0.0,0.0,0.0,0.0,0.0
56.502,apt_marker_maskon,PARKED,0.0,0.0,0.0,2,0.0,3.744,0.0,0.0,0.0,0.0,0.0,0.0,0.0
56.601,apt_marker_maskon,PARKED,0.0,0.0,0.0,2,0.0,3.744,0.0,0.0,0.0,0.0,0.0,0.0,0.0
56.733,apt_marker_maskon,PARKED,0.0,0.0,0.0,2,0.0,3.731,0.0,0.0,0.0,0.0,0.0,0.0,0.0
56.802,apt_marker_maskon,PARKED,0.0,0.0,0.0,2,0.0,3.778,0.0,0.0,0.0,0.0,0.0,0.0,0.0
56.901,apt_marker_maskon,PARKED,0.0,0.0,0.0,2,0.0,3.789,0.0,0.0,0.0,0.0,0.0,0.0,0.0
57.018,apt_marker_maskon,PARKED,0.0,0.0,0.0,2,0.0,3.78,0.0,0.0,0.0,0.0,0.0,0.0,0.0
57.101,apt_marker_maskon,PARKED,0.0,0.0,0.0,2,0.0,3.748,0.0,0.0,0.0,0.0,0.0,0.0,0.0
57.201,apt_marker_maskon,PARKED,0.0,0.0,0.0,2,0.0,3.748,0.0,0.0,0.0,0.0,0.0,0.0,0.0
57.324,apt_marker_maskon,PARKED,0.0,0.0,0.0,2,0.0,3.762,0.0,0.0,0.0,0.0,0.0,0.0,0.0
57.402,apt_marker_maskon,PARKED,0.0,0.0,0.0,2,0.0,3.825,0.0,0.0,0.0,0.0,0.0,0.0,0.0
57.507,apt_marker_maskon,PARKED,0.0,0.0,0.0,2,0.0,3.825,0.0,0.0,0.0,0.0,0.0,0.0,0.0
57.639,apt_marker_maskon,PARKED,0.0,0.0,0.0,2,0.0,3.753,0.0,0.0,0.0,0.0,0.0,0.0,0.0
57.729,apt_marker_maskon,PARKED,0.0,0.0,0.0,2,0.0,3.72,0.0,0.0,0.0,0.0,0.0,0.0,0.0
57.802,apt_marker_maskon,PARKED,0.0,0.0,0.0,2,0.0,3.754,0.0,0.0,0.0,0.0,0.0,0.0,0.0
57.95,apt_marker_maskon,PARKED,0.0,0.0,0.0,2,0.0,3.754,0.0,0.0,0.0,0.0,0.0,0.0,0.0
58.025,apt_marker_maskon,PARKED,0.0,0.0,0.0,2,0.0,3.696,0.0,0.0,0.0,0.0,0.0,0.0,0.0
58.101,apt_marker_maskon,PARKED,0.0,0.0,0.0,2,0.0,3.696,0.0,0.0,0.0,0.0,0.0,0.0,0.0
58.201,apt_marker_maskon,PARKED,0.0,0.0,0.0,2,0.0,3.705,0.0,0.0,0.0,0.0,0.0,0.0,0.0
58.301,apt_marker_maskon,PARKED,0.0,0.0,0.0,2,0.0,3.705,0.0,0.0,0.0,0.0,0.0,0.0,0.0
58.401,apt_marker_maskon,PARKED,0.0,0.0,0.0,2,0.0,3.713,0.0,0.0,0.0,0.0,0.0,0.0,0.0
58.501,apt_marker_maskon,PARKED,0.0,0.0,0.0,2,0.0,3.639,0.0,0.0,0.0,0.0,0.0,0.0,0.0
58.601,apt_marker_maskon,PARKED,0.0,0.0,0.0,2,0.0,3.639,0.0,0.0,0.0,0.0,0.0,0.0,0.0
58.701,apt_marker_maskon,PARKED,0.0,0.0,0.0,2,0.0,3.676,0.0,0.0,0.0,0.0,0.0,0.0,0.0
58.826,apt_marker_maskon,PARKED,0.0,0.0,0.0,2,0.0,3.653,0.0,0.0,0.0,0.0,0.0,0.0,0.0
58.901,apt_marker_maskon,PARKED,0.0,0.0,0.0,2,0.0,3.653,0.0,0.0,0.0,0.0,0.0,0.0,0.0
59.014,apt_marker_maskon,PARKED,0.0,0.0,0.0,2,0.0,3.71,0.0,0.0,0.0,0.0,0.0,0.0,0.0
59.101,apt_marker_maskon,PARKED,0.0,0.0,0.0,2,0.0,3.764,0.0,0.0,0.0,0.0,0.0,0.0,0.0
59.249,apt_marker_maskon,PARKED,0.0,0.0,0.0,2,0.0,3.764,0.0,0.0,0.0,0.0,0.0,0.0,0.0
59.302,apt_marker_maskon,PARKED,0.0,0.0,0.0,2,0.0,3.764,0.0,0.0,0.0,0.0,0.0,0.0,0.0
59.401,apt_marker_maskon,PARKED,0.0,0.0,0.0,2,0.0,3.764,0.0,0.0,0.0,0.0,0.0,0.0,0.0
59.501,apt_marker_maskon,PARKED,0.0,0.0,0.0,2,0.0,3.726,0.0,0.0,0.0,0.0,0.0,0.0,0.0
59.622,apt_marker_maskon,PARKED,0.0,0.0,0.0,2,0.0,3.716,0.0,0.0,0.0,0.0,0.0,0.0,0.0
59.701,apt_marker_maskon,PARKED,0.0,0.0,0.0,2,0.0,3.716,0.0,0.0,0.0,0.0,0.0,0.0,0.0
59.834,apt_marker_maskon,PARKED,0.0,0.0,0.0,2,0.0,3.7,0.0,0.0,0.0,0.0,0.0,0.0,0.0
59.923,apt_marker_maskon,PARKED,0.0,0.0,0.0,2,0.0,3.7,0.0,0.0,0.0,0.0,0.0,0.0,0.0
60.004,apt_marker_maskon,PARKED,0.0,0.0,0.0,2,0.0,3.66,0.0,0.0,0.0,0.0,0.0,0.0,0.0
60.101,apt_marker_maskon,PARKED,0.0,0.0,0.0,2,0.0,3.723,0.0,0.0,0.0,0.0,0.0,0.0,0.0
60.207,apt_marker_maskon,PARKED,0.0,0.0,0.0,2,0.0,3.723,0.0,0.0,0.0,0.0,0.0,0.0,0.0
60.343,apt_marker_maskon,PARKED,0.0,0.0,0.0,2,0.0,3.776,0.0,0.0,0.0,0.0,0.0,0.0,0.0
60.4,apt_marker_maskon,PARKED,0.0,0.0,0.0,2,0.0,3.776,0.0,0.0,0.0,0.0,0.0,0.0,0.0
60.535,apt_marker_maskon,PARKED,0.0,0.0,0.0,2,0.0,3.752,0.0,0.0,0.0,0.0,0.0,0.0,0.0
60.601,apt_marker_maskon,PARKED,0.0,0.0,0.0,2,0.0,3.752,0.0,0.0,0.0,0.0,0.0,0.0,0.0
60.702,apt_marker_maskon,PARKED,0.0,0.0,0.0,2,0.0,3.77,0.0,0.0,0.0,0.0,0.0,0.0,0.0
60.801,apt_marker_maskon,PARKED,0.0,0.0,0.0,2,0.0,3.749,0.0,0.0,0.0,0.0,0.0,0.0,0.0
60.927,apt_marker_maskon,PARKED,0.0,0.0,0.0,2,0.0,3.729,0.0,0.0,0.0,0.0,0.0,0.0,0.0
61.035,apt_marker_maskon,PARKED,0.0,0.0,0.0,2,0.0,3.729,0.0,0.0,0.0,0.0,0.0,0.0,0.0
61.102,apt_marker_maskon,PARKED,0.0,0.0,0.0,2,0.0,3.696,0.0,0.0,0.0,0.0,0.0,0.0,0.0
61.236,apt_marker_maskon,PARKED,0.0,0.0,0.0,2,0.0,3.696,0.0,0.0,0.0,0.0,0.0,0.0,0.0
61.301,apt_marker_maskon,PARKED,0.0,0.0,0.0,2,0.0,3.721,0.0,0.0,0.0,0.0,0.0,0.0,0.0
61.402,apt_marker_maskon,PARKED,0.0,0.0,0.0,2,0.0,3.727,0.0,0.0,0.0,0.0,0.0,0.0,0.0
61.533,apt_marker_maskon,PARKED,0.0,0.0,0.0,2,0.0,3.773,0.0,0.0,0.0,0.0,0.0,0.0,0.0
61.602,apt_marker_maskon,PARKED,0.0,0.0,0.0,2,0.0,3.773,0.0,0.0,0.0,0.0,0.0,0.0,0.0
61.707,apt_marker_maskon,PARKED,0.0,0.0,0.0,2,0.0,3.773,0.0,0.0,0.0,0.0,0.0,0.0,0.0
61.8,apt_marker_maskon,PARKED,0.0,0.0,0.0,2,0.0,3.671,0.0,0.0,0.0,0.0,0.0,0.0,0.0
61.935,apt_marker_maskon,PARKED,0.0,0.0,0.0,2,0.0,3.713,0.0,0.0,0.0,0.0,0.0,0.0,0.0
62.001,apt_marker_maskon,PARKED,0.0,0.0,0.0,2,0.0,3.69,0.0,0.0,0.0,0.0,0.0,0.0,0.0
62.131,apt_marker_maskon,PARKED,0.0,0.0,0.0,2,0.0,3.69,0.0,0.0,0.0,0.0,0.0,0.0,0.0
62.201,apt_marker_maskon,PARKED,0.0,0.0,0.0,2,0.0,3.69,0.0,0.0,0.0,0.0,0.0,0.0,0.0
62.301,apt_marker_maskon,PARKED,0.0,0.0,0.0,2,0.0,3.698,0.0,0.0,0.0,0.0,0.0,0.0,0.0
62.401,apt_marker_maskon,PARKED,0.0,0.0,0.0,2,0.0,3.698,0.0,0.0,0.0,0.0,0.0,0.0,0.0
62.501,apt_marker_maskon,PARKED,0.0,0.0,0.0,2,0.0,3.698,0.0,0.0,0.0,0.0,0.0,0.0,0.0
62.601,apt_marker_maskon,PARKED,0.0,0.0,0.0,2,0.0,3.698,0.0,0.0,0.0,0.0,0.0,0.0,0.0
62.711,apt_marker_maskon,PARKED,0.0,0.0,0.0,2,0.0,3.729,0.0,0.0,0.0,0.0,0.0,0.0,0.0
62.801,apt_marker_maskon,PARKED,0.0,0.0,0.0,2,0.0,3.729,0.0,0.0,0.0,0.0,0.0,0.0,0.0
62.939,apt_marker_maskon,PARKED,0.0,0.0,0.0,2,0.0,3.704,0.0,0.0,0.0,0.0,0.0,0.0,0.0
63.001,apt_marker_maskon,PARKED,0.0,0.0,0.0,2,0.0,3.704,0.0,0.0,0.0,0.0,0.0,0.0,0.0
63.141,apt_marker_maskon,PARKED,0.0,0.0,0.0,2,0.0,3.703,0.0,0.0,0.0,0.0,0.0,0.0,0.0
63.206,apt_marker_maskon,PARKED,0.0,0.0,0.0,2,0.0,3.734,0.0,0.0,0.0,0.0,0.0,0.0,0.0
63.301,apt_marker_maskon,PARKED,0.0,0.0,0.0,2,0.0,3.734,0.0,0.0,0.0,0.0,0.0,0.0,0.0
63.438,apt_marker_maskon,PARKED,0.0,0.0,0.0,2,0.0,3.698,0.0,0.0,0.0,0.0,0.0,0.0,0.0
63.501,apt_marker_maskon,PARKED,0.0,0.0,0.0,2,0.0,3.698,0.0,0.0,0.0,0.0,0.0,0.0,0.0
63.601,apt_marker_maskon,PARKED,0.0,0.0,0.0,2,0.0,3.644,0.0,0.0,0.0,0.0,0.0,0.0,0.0
63.701,apt_marker_maskon,PARKED,0.0,0.0,0.0,2,0.0,3.644,0.0,0.0,0.0,0.0,0.0,0.0,0.0
63.811,apt_marker_maskon,PARKED,0.0,0.0,0.0,2,0.0,3.643,0.0,0.0,0.0,0.0,0.0,0.0,0.0
63.901,apt_marker_maskon,PARKED,0.0,0.0,0.0,2,0.0,3.643,0.0,0.0,0.0,0.0,0.0,0.0,0.0
64.002,apt_marker_maskon,PARKED,0.0,0.0,0.0,2,0.0,3.643,0.0,0.0,0.0,0.0,0.0,0.0,0.0
64.102,apt_marker_maskon,PARKED,0.0,0.0,0.0,2,0.0,3.737,0.0,0.0,0.0,0.0,0.0,0.0,0.0
64.201,apt_marker_maskon,PARKED,0.0,0.0,0.0,2,0.0,3.737,0.0,0.0,0.0,0.0,0.0,0.0,0.0
64.301,apt_marker_maskon,PARKED,0.0,0.0,0.0,2,0.0,3.693,0.0,0.0,0.0,0.0,0.0,0.0,0.0
64.414,apt_marker_maskon,PARKED,0.0,0.0,0.0,2,0.0,3.755,0.0,0.0,0.0,0.0,0.0,0.0,0.0
64.501,apt_marker_maskon,PARKED,0.0,0.0,0.0,2,0.0,3.779,0.0,0.0,0.0,0.0,0.0,0.0,0.0
64.608,apt_marker_maskon,PARKED,0.0,0.0,0.0,2,0.0,3.786,0.0,0.0,0.0,0.0,0.0,0.0,0.0
64.701,apt_marker_maskon,PARKED,0.0,0.0,0.0,2,0.0,3.802,0.0,0.0,0.0,0.0,0.0,0.0,0.0
64.801,apt_marker_maskon,PARKED,0.0,0.0,0.0,2,0.0,3.802,0.0,0.0,0.0,0.0,0.0,0.0,0.0
64.901,apt_marker_maskon,PARKED,0.0,0.0,0.0,2,0.0,3.742,0.0,0.0,0.0,0.0,0.0,0.0,0.0
65.042,apt_marker_maskon,PARKED,0.0,0.0,0.0,2,0.0,3.682,0.0,0.0,0.0,0.0,0.0,0.0,0.0
65.101,apt_marker_maskon,PARKED,0.0,0.0,0.0,2,0.0,3.682,0.0,0.0,0.0,0.0,0.0,0.0,0.0
65.242,apt_marker_maskon,PARKED,0.0,0.0,0.0,2,0.0,3.707,0.0,0.0,0.0,0.0,0.0,0.0,0.0
65.308,apt_marker_maskon,PARKED,0.0,0.0,0.0,2,0.0,3.707,0.0,0.0,0.0,0.0,0.0,0.0,0.0
65.447,apt_marker_maskon,PARKED,0.0,0.0,0.0,2,0.0,3.684,0.0,0.0,0.0,0.0,0.0,0.0,0.0
65.501,apt_marker_maskon,PARKED,0.0,0.0,0.0,2,0.0,3.684,0.0,0.0,0.0,0.0,0.0,0.0,0.0
65.601,apt_marker_maskon,PARKED,0.0,0.0,0.0,2,0.0,3.684,0.0,0.0,0.0,0.0,0.0,0.0,0.0
65.712,apt_marker_maskon,PARKED,0.0,0.0,0.0,2,0.0,3.733,0.0,0.0,0.0,0.0,0.0,0.0,0.0
65.801,apt_marker_maskon,PARKED,0.0,0.0,0.0,2,0.0,3.793,0.0,0.0,0.0,0.0,0.0,0.0,0.0
65.901,apt_marker_maskon,PARKED,0.0,0.0,0.0,2,0.0,3.793,0.0,0.0,0.0,0.0,0.0,0.0,0.0
66.001,apt_marker_maskon,PARKED,0.0,0.0,0.0,2,0.0,3.755,0.0,0.0,0.0,0.0,0.0,0.0,0.0
66.101,apt_marker_maskon,PARKED,0.0,0.0,0.0,2,0.0,3.755,0.0,0.0,0.0,0.0,0.0,0.0,0.0
66.202,apt_marker_maskon,PARKED,0.0,0.0,0.0,2,0.0,3.675,0.0,0.0,0.0,0.0,0.0,0.0,0.0
66.316,apt_marker_maskon,PARKED,0.0,0.0,0.0,2,0.0,3.708,0.0,0.0,0.0,0.0,0.0,0.0,0.0
66.401,apt_marker_maskon,PARKED,0.0,0.0,0.0,2,0.0,3.76,0.0,0.0,0.0,0.0,0.0,0.0,0.0
66.522,apt_marker_maskon,PARKED,0.0,0.0,0.0,2,0.0,3.773,0.0,0.0,0.0,0.0,0.0,0.0,0.0
66.602,apt_marker_maskon,PARKED,0.0,0.0,0.0,2,0.0,3.78,0.0,0.0,0.0,0.0,0.0,0.0,0.0
66.701,apt_marker_maskon,PARKED,0.0,0.0,0.0,2,0.0,3.755,0.0,0.0,0.0,0.0,0.0,0.0,0.0
66.814,apt_marker_maskon,PARKED,0.0,0.0,0.0,2,0.0,3.755,0.0,0.0,0.0,0.0,0.0,0.0,0.0
66.949,apt_marker_maskon,PARKED,0.0,0.0,0.0,2,0.0,3.782,0.0,0.0,0.0,0.0,0.0,0.0,0.0
67.002,apt_marker_maskon,PARKED,0.0,0.0,0.0,2,0.0,3.782,0.0,0.0,0.0,0.0,0.0,0.0,0.0
67.101,apt_marker_maskon,PARKED,0.0,0.0,0.0,2,0.0,3.738,0.0,0.0,0.0,0.0,0.0,0.0,0.0
67.201,apt_marker_maskon,PARKED,0.0,0.0,0.0,2,0.0,3.738,0.0,0.0,0.0,0.0,0.0,0.0,0.0
67.301,apt_marker_maskon,PARKED,0.0,0.0,0.0,2,0.0,3.756,0.0,0.0,0.0,0.0,0.0,0.0,0.0
67.401,apt_marker_maskon,PARKED,0.0,0.0,0.0,2,0.0,3.756,0.0,0.0,0.0,0.0,0.0,0.0,0.0
67.521,apt_marker_maskon,PARKED,0.0,0.0,0.0,2,0.0,3.756,0.0,0.0,0.0,0.0,0.0,0.0,0.0
67.601,apt_marker_maskon,PARKED,0.0,0.0,0.0,2,0.0,3.737,0.0,0.0,0.0,0.0,0.0,0.0,0.0
67.701,apt_marker_maskon,PARKED,0.0,0.0,0.0,2,0.0,3.737,0.0,0.0,0.0,0.0,0.0,0.0,0.0
67.838,apt_marker_maskon,PARKED,0.0,0.0,0.0,2,0.0,3.744,0.0,0.0,0.0,0.0,0.0,0.0,0.0
67.901,apt_marker_maskon,PARKED,0.0,0.0,0.0,2,0.0,3.744,0.0,0.0,0.0,0.0,0.0,0.0,0.0
68.001,apt_marker_maskon,PARKED,0.0,0.0,0.0,2,0.0,3.677,0.0,0.0,0.0,0.0,0.0,0.0,0.0
68.101,apt_marker_maskon,PARKED,0.0,0.0,0.0,2,0.0,3.767,0.0,0.0,0.0,0.0,0.0,0.0,0.0
68.201,apt_marker_maskon,PARKED,0.0,0.0,0.0,2,0.0,3.767,0.0,0.0,0.0,0.0,0.0,0.0,0.0
68.308,apt_marker_maskon,PARKED,0.0,0.0,0.0,2,0.0,3.719,0.0,0.0,0.0,0.0,0.0,0.0,0.0
68.402,apt_marker_maskon,PARKED,0.0,0.0,0.0,2,0.0,3.774,0.0,0.0,0.0,0.0,0.0,0.0,0.0
68.501,apt_marker_maskon,PARKED,0.0,0.0,0.0,2,0.0,3.746,0.0,0.0,0.0,0.0,0.0,0.0,0.0
68.619,apt_marker_maskon,PARKED,0.0,0.0,0.0,2,0.0,3.818,0.0,0.0,0.0,0.0,0.0,0.0,0.0
68.75,apt_marker_maskon,PARKED,0.0,0.0,0.0,2,0.0,3.83,0.0,0.0,0.0,0.0,0.0,0.0,0.0
68.801,apt_marker_maskon,PARKED,0.0,0.0,0.0,2,0.0,3.83,0.0,0.0,0.0,0.0,0.0,0.0,0.0
68.901,apt_marker_maskon,PARKED,0.0,0.0,0.0,2,0.0,3.78,0.0,0.0,0.0,0.0,0.0,0.0,0.0
69.023,apt_marker_maskon,PARKED,0.0,0.0,0.0,2,0.0,3.755,0.0,0.0,0.0,0.0,0.0,0.0,0.0
69.101,apt_marker_maskon,PARKED,0.0,0.0,0.0,2,0.0,3.755,0.0,0.0,0.0,0.0,0.0,0.0,0.0
69.205,apt_marker_maskon,PARKED,0.0,0.0,0.0,2,0.0,3.755,0.0,0.0,0.0,0.0,0.0,0.0,0.0
69.301,apt_marker_maskon,PARKED,0.0,0.0,0.0,2,0.0,3.755,0.0,0.0,0.0,0.0,0.0,0.0,0.0
69.402,apt_marker_maskon,PARKED,0.0,0.0,0.0,2,0.0,3.755,0.0,0.0,0.0,0.0,0.0,0.0,0.0
69.502,apt_marker_maskon,PARKED,0.0,0.0,0.0,2,0.0,3.755,0.0,0.0,0.0,0.0,0.0,0.0,0.0
69.616,apt_marker_maskon,PARKED,0.0,0.0,0.0,2,0.0,3.757,0.0,0.0,0.0,0.0,0.0,0.0,0.0
69.701,apt_marker_maskon,PARKED,0.0,0.0,0.0,2,0.0,3.757,0.0,0.0,0.0,0.0,0.0,0.0,0.0
69.802,apt_marker_maskon,PARKED,0.0,0.0,0.0,2,0.0,3.774,0.0,0.0,0.0,0.0,0.0,0.0,0.0
69.937,apt_marker_maskon,PARKED,0.0,0.0,0.0,2,0.0,3.756,0.0,0.0,0.0,0.0,0.0,0.0,0.0
70.001,apt_marker_maskon,PARKED,0.0,0.0,0.0,2,0.0,3.756,0.0,0.0,0.0,0.0,0.0,0.0,0.0
70.101,apt_marker_maskon,PARKED,0.0,0.0,0.0,2,0.0,3.756,0.0,0.0,0.0,0.0,0.0,0.0,0.0
70.219,apt_marker_maskon,PARKED,0.0,0.0,0.0,2,0.0,3.715,0.0,0.0,0.0,0.0,0.0,0.0,0.0
70.301,apt_marker_maskon,PARKED,0.0,0.0,0.0,2,0.0,3.715,0.0,0.0,0.0,0.0,0.0,0.0,0.0
70.402,apt_marker_maskon,PARKED,0.0,0.0,0.0,2,0.0,3.778,0.0,0.0,0.0,0.0,0.0,0.0,0.0
70.52,apt_marker_maskon,PARKED,0.0,0.0,0.0,2,0.0,3.739,0.0,0.0,0.0,0.0,0.0,0.0,0.0
70.632,apt_marker_maskon,PARKED,0.0,0.0,0.0,2,0.0,3.719,0.0,0.0,0.0,0.0,0.0,0.0,0.0
70.744,apt_marker_maskon,PARKED,0.0,0.0,0.0,2,0.0,3.709,0.0,0.0,0.0,0.0,0.0,0.0,0.0
70.801,apt_marker_maskon,PARKED,0.0,0.0,0.0,2,0.0,3.709,0.0,0.0,0.0,0.0,0.0,0.0,0.0
70.902,apt_marker_maskon,PARKED,0.0,0.0,0.0,2,0.0,3.733,0.0,0.0,0.0,0.0,0.0,0.0,0.0
71.001,apt_marker_maskon,PARKED,0.0,0.0,0.0,2,0.0,3.678,0.0,0.0,0.0,0.0,0.0,0.0,0.0
71.114,apt_marker_maskon,PARKED,0.0,0.0,0.0,2,0.0,3.81,0.0,0.0,0.0,0.0,0.0,0.0,0.0
71.201,apt_marker_maskon,PARKED,0.0,0.0,0.0,2,0.0,3.81,0.0,0.0,0.0,0.0,0.0,0.0,0.0
71.32,apt_marker_maskon,PARKED,0.0,0.0,0.0,2,0.0,3.789,0.0,0.0,0.0,0.0,0.0,0.0,0.0
71.401,apt_marker_maskon,PARKED,0.0,0.0,0.0,2,0.0,3.789,0.0,0.0,0.0,0.0,0.0,0.0,0.0
71.534,apt_marker_maskon,PARKED,0.0,0.0,0.0,2,0.0,3.68,0.0,0.0,0.0,0.0,0.0,0.0,0.0
71.612,apt_marker_maskon,PARKED,0.0,0.0,0.0,2,0.0,3.816,0.0,0.0,0.0,0.0,0.0,0.0,0.0
71.701,apt_marker_maskon,PARKED,0.0,0.0,0.0,2,0.0,3.816,0.0,0.0,0.0,0.0,0.0,0.0,0.0
71.801,apt_marker_maskon,PARKED,0.0,0.0,0.0,2,0.0,3.766,0.0,0.0,0.0,0.0,0.0,0.0,0.0
71.901,apt_marker_maskon,PARKED,0.0,0.0,0.0,2,0.0,3.766,0.0,0.0,0.0,0.0,0.0,0.0,0.0
72.001,apt_marker_maskon,PARKED,0.0,0.0,0.0,2,0.0,3.745,0.0,0.0,0.0,0.0,0.0,0.0,0.0
72.101,apt_marker_maskon,PARKED,0.0,0.0,0.0,2,0.0,3.745,0.0,0.0,0.0,0.0,0.0,0.0,0.0
72.232,apt_marker_maskon,PARKED,0.0,0.0,0.0,2,0.0,3.753,0.0,0.0,0.0,0.0,0.0,0.0,0.0
72.301,apt_marker_maskon,PARKED,0.0,0.0,0.0,2,0.0,3.753,0.0,0.0,0.0,0.0,0.0,0.0,0.0
72.401,apt_marker_maskon,PARKED,0.0,0.0,0.0,2,0.0,3.753,0.0,0.0,0.0,0.0,0.0,0.0,0.0
72.5,apt_marker_maskon,PARKED,0.0,0.0,0.0,2,0.0,3.753,0.0,0.0,0.0,0.0,0.0,0.0,0.0
72.64,apt_marker_maskon,PARKED,0.0,0.0,0.0,2,0.0,3.788,0.0,0.0,0.0,0.0,0.0,0.0,0.0
72.704,apt_marker_maskon,PARKED,0.0,0.0,0.0,2,0.0,3.761,0.0,0.0,0.0,0.0,0.0,0.0,0.0
72.801,apt_marker_maskon,PARKED,0.0,0.0,0.0,2,0.0,3.761,0.0,0.0,0.0,0.0,0.0,0.0,0.0
72.902,apt_marker_maskon,PARKED,0.0,0.0,0.0,2,0.0,3.792,0.0,0.0,0.0,0.0,0.0,0.0,0.0
73.006,apt_marker_maskon,PARKED,0.0,0.0,0.0,2,0.0,3.734,0.0,0.0,0.0,0.0,0.0,0.0,0.0
73.141,apt_marker_maskon,PARKED,0.0,0.0,0.0,2,0.0,3.747,0.0,0.0,0.0,0.0,0.0,0.0,0.0
73.202,apt_marker_maskon,PARKED,0.0,0.0,0.0,2,0.0,3.747,0.0,0.0,0.0,0.0,0.0,0.0,0.0
73.301,apt_marker_maskon,PARKED,0.0,0.0,0.0,2,0.0,3.71,0.0,0.0,0.0,0.0,0.0,0.0,0.0
73.402,apt_marker_maskon,PARKED,0.0,0.0,0.0,2,0.0,3.679,0.0,0.0,0.0,0.0,0.0,0.0,0.0
73.501,apt_marker_maskon,PARKED,0.0,0.0,0.0,2,0.0,3.679,0.0,0.0,0.0,0.0,0.0,0.0,0.0
73.618,apt_marker_maskon,PARKED,0.0,0.0,0.0,2,0.0,3.652,0.0,0.0,0.0,0.0,0.0,0.0,0.0
73.701,apt_marker_maskon,PARKED,0.0,0.0,0.0,2,0.0,3.652,0.0,0.0,0.0,0.0,0.0,0.0,0.0
73.801,apt_marker_maskon,PARKED,0.0,0.0,0.0,2,0.0,3.728,0.0,0.0,0.0,0.0,0.0,0.0,0.0
73.95,apt_marker_maskon,PARKED,0.0,0.0,0.0,2,0.0,3.766,0.0,0.0,0.0,0.0,0.0,0.0,0.0
74.05,apt_marker_maskon,PARKED,0.0,0.0,0.0,2,0.0,3.766,0.0,0.0,0.0,0.0,0.0,0.0,0.0
74.112,apt_marker_maskon,PARKED,0.0,0.0,0.0,2,0.0,3.689,0.0,0.0,0.0,0.0,0.0,0.0,0.0
74.237,apt_marker_maskon,PARKED,0.0,0.0,0.0,2,0.0,3.764,0.0,0.0,0.0,0.0,0.0,0.0,0.0
74.301,apt_marker_maskon,PARKED,0.0,0.0,0.0,2,0.0,3.764,0.0,0.0,0.0,0.0,0.0,0.0,0.0
74.401,apt_marker_maskon,PARKED,0.0,0.0,0.0,2,0.0,3.764,0.0,0.0,0.0,0.0,0.0,0.0,0.0
74.501,apt_marker_maskon,PARKED,0.0,0.0,0.0,2,0.0,3.826,0.0,0.0,0.0,0.0,0.0,0.0,0.0
74.601,apt_marker_maskon,PARKED,0.0,0.0,0.0,2,0.0,3.826,0.0,0.0,0.0,0.0,0.0,0.0,0.0
74.714,apt_marker_maskon,PARKED,0.0,0.0,0.0,2,0.0,3.697,0.0,0.0,0.0,0.0,0.0,0.0,0.0
74.801,apt_marker_maskon,PARKED,0.0,0.0,0.0,2,0.0,3.742,0.0,0.0,0.0,0.0,0.0,0.0,0.0
74.936,apt_marker_maskon,PARKED,0.0,0.0,0.0,2,0.0,3.705,0.0,0.0,0.0,0.0,0.0,0.0,0.0
75.001,apt_marker_maskon,PARKED,0.0,0.0,0.0,2,0.0,3.705,0.0,0.0,0.0,0.0,0.0,0.0,0.0
75.125,apt_marker_maskon,PARKED,0.0,0.0,0.0,2,0.0,3.716,0.0,0.0,0.0,0.0,0.0,0.0,0.0
75.201,apt_marker_maskon,PARKED,0.0,0.0,0.0,2,0.0,3.716,0.0,0.0,0.0,0.0,0.0,0.0,0.0
75.301,apt_marker_maskon,PARKED,0.0,0.0,0.0,2,0.0,3.725,0.0,0.0,0.0,0.0,0.0,0.0,0.0
75.401,apt_marker_maskon,PARKED,0.0,0.0,0.0,2,0.0,3.768,0.0,0.0,0.0,0.0,0.0,0.0,0.0
75.533,apt_marker_maskon,PARKED,0.0,0.0,0.0,2,0.0,3.693,0.0,0.0,0.0,0.0,0.0,0.0,0.0
75.601,apt_marker_maskon,PARKED,0.0,0.0,0.0,2,0.0,3.693,0.0,0.0,0.0,0.0,0.0,0.0,0.0
75.701,apt_marker_maskon,PARKED,0.0,0.0,0.0,2,0.0,3.693,0.0,0.0,0.0,0.0,0.0,0.0,0.0
75.801,apt_marker_maskon,PARKED,0.0,0.0,0.0,2,0.0,3.693,0.0,0.0,0.0,0.0,0.0,0.0,0.0
75.901,apt_marker_maskon,PARKED,0.0,0.0,0.0,2,0.0,3.771,0.0,0.0,0.0,0.0,0.0,0.0,0.0
76.025,apt_marker_maskon,PARKED,0.0,0.0,0.0,2,0.0,3.758,0.0,0.0,0.0,0.0,0.0,0.0,0.0
76.101,apt_marker_maskon,PARKED,0.0,0.0,0.0,2,0.0,3.758,0.0,0.0,0.0,0.0,0.0,0.0,0.0
76.212,apt_marker_maskon,PARKED,0.0,0.0,0.0,2,0.0,3.769,0.0,0.0,0.0,0.0,0.0,0.0,0.0
76.301,apt_marker_maskon,PARKED,0.0,0.0,0.0,2,0.0,3.769,0.0,0.0,0.0,0.0,0.0,0.0,0.0
76.411,apt_marker_maskon,PARKED,0.0,0.0,0.0,2,0.0,3.746,0.0,0.0,0.0,0.0,0.0,0.0,0.0
76.501,apt_marker_maskon,PARKED,0.0,0.0,0.0,2,0.0,3.746,0.0,0.0,0.0,0.0,0.0,0.0,0.0
76.602,apt_marker_maskon,PARKED,0.0,0.0,0.0,2,0.0,3.741,0.0,0.0,0.0,0.0,0.0,0.0,0.0
76.701,apt_marker_maskon,PARKED,0.0,0.0,0.0,2,0.0,3.741,0.0,0.0,0.0,0.0,0.0,0.0,0.0
76.813,apt_marker_maskon,PARKED,0.0,0.0,0.0,2,0.0,3.76,0.0,0.0,0.0,0.0,0.0,0.0,0.0
76.901,apt_marker_maskon,PARKED,0.0,0.0,0.0,2,0.0,3.76,0.0,0.0,0.0,0.0,0.0,0.0,0.0
77.001,apt_marker_maskon,PARKED,0.0,0.0,0.0,2,0.0,3.725,0.0,0.0,0.0,0.0,0.0,0.0,0.0
77.15,apt_marker_maskon,PARKED,0.0,0.0,0.0,2,0.0,3.731,0.0,0.0,0.0,0.0,0.0,0.0,0.0
77.232,apt_marker_maskon,PARKED,0.0,0.0,0.0,2,0.0,3.775,0.0,0.0,0.0,0.0,0.0,0.0,0.0
77.301,apt_marker_maskon,PARKED,0.0,0.0,0.0,2,0.0,3.775,0.0,0.0,0.0,0.0,0.0,0.0,0.0
77.401,apt_marker_maskon,PARKED,0.0,0.0,0.0,2,0.0,3.792,0.0,0.0,0.0,0.0,0.0,0.0,0.0
77.501,apt_marker_maskon,PARKED,0.0,0.0,0.0,2,0.0,3.792,0.0,0.0,0.0,0.0,0.0,0.0,0.0
77.628,apt_marker_maskon,PARKED,0.0,0.0,0.0,2,0.0,3.697,0.0,0.0,0.0,0.0,0.0,0.0,0.0
77.702,apt_marker_maskon,PARKED,0.0,0.0,0.0,2,0.0,3.697,0.0,0.0,0.0,0.0,0.0,0.0,0.0
77.841,apt_marker_maskon,PARKED,0.0,0.0,0.0,2,0.0,3.758,0.0,0.0,0.0,0.0,0.0,0.0,0.0
77.95,apt_marker_maskon,PARKED,0.0,0.0,0.0,2,0.0,3.708,0.0,0.0,0.0,0.0,0.0,0.0,0.0
78.001,apt_marker_maskon,PARKED,0.0,0.0,0.0,2,0.0,3.708,0.0,0.0,0.0,0.0,0.0,0.0,0.0
78.115,apt_marker_maskon,PARKED,0.0,0.0,0.0,2,0.0,3.739,0.0,0.0,0.0,0.0,0.0,0.0,0.0
78.237,apt_marker_maskon,PARKED,0.0,0.0,0.0,2,0.0,3.753,0.0,0.0,0.0,0.0,0.0,0.0,0.0
78.301,apt_marker_maskon,PARKED,0.0,0.0,0.0,2,0.0,3.753,0.0,0.0,0.0,0.0,0.0,0.0,0.0
78.401,apt_marker_maskon,PARKED,0.0,0.0,0.0,2,0.0,3.753,0.0,0.0,0.0,0.0,0.0,0.0,0.0
78.501,apt_marker_maskon,PARKED,0.0,0.0,0.0,2,0.0,3.753,0.0,0.0,0.0,0.0,0.0,0.0,0.0
78.602,apt_marker_maskon,PARKED,0.0,0.0,0.0,2,0.0,3.753,0.0,0.0,0.0,0.0,0.0,0.0,0.0
78.701,apt_marker_maskon,PARKED,0.0,0.0,0.0,2,0.0,3.705,0.0,0.0,0.0,0.0,0.0,0.0,0.0
78.801,apt_marker_maskon,PARKED,0.0,0.0,0.0,2,0.0,3.705,0.0,0.0,0.0,0.0,0.0,0.0,0.0
78.901,apt_marker_maskon,PARKED,0.0,0.0,0.0,2,0.0,3.733,0.0,0.0,0.0,0.0,0.0,0.0,0.0
79.003,apt_marker_maskon,PARKED,0.0,0.0,0.0,2,0.0,3.773,0.0,0.0,0.0,0.0,0.0,0.0,0.0
79.103,apt_marker_maskon,PARKED,0.0,0.0,0.0,2,0.0,3.833,0.0,0.0,0.0,0.0,0.0,0.0,0.0
79.248,apt_marker_maskon,PARKED,0.0,0.0,0.0,2,0.0,3.664,0.0,0.0,0.0,0.0,0.0,0.0,0.0
79.307,apt_marker_maskon,PARKED,0.0,0.0,0.0,2,0.0,3.687,0.0,0.0,0.0,0.0,0.0,0.0,0.0
79.4,apt_marker_maskon,PARKED,0.0,0.0,0.0,2,0.0,3.687,0.0,0.0,0.0,0.0,0.0,0.0,0.0
79.517,apt_marker_maskon,PARKED,0.0,0.0,0.0,2,0.0,3.779,0.0,0.0,0.0,0.0,0.0,0.0,0.0
79.631,apt_marker_maskon,PARKED,0.0,0.0,0.0,2,0.0,3.736,0.0,0.0,0.0,0.0,0.0,0.0,0.0
79.734,apt_marker_maskon,PARKED,0.0,0.0,0.0,2,0.0,3.736,0.0,0.0,0.0,0.0,0.0,0.0,0.0
79.802,apt_marker_maskon,PARKED,0.0,0.0,0.0,2,0.0,3.736,0.0,0.0,0.0,0.0,0.0,0.0,0.0
79.901,apt_marker_maskon,PARKED,0.0,0.0,0.0,2,0.0,3.736,0.0,0.0,0.0,0.0,0.0,0.0,0.0
80.008,apt_marker_maskon,PARKED,0.0,0.0,0.0,2,0.0,3.738,0.0,0.0,0.0,0.0,0.0,0.0,0.0
80.101,apt_marker_maskon,PARKED,0.0,0.0,0.0,2,0.0,3.73,0.0,0.0,0.0,0.0,0.0,0.0,0.0
80.2,apt_marker_maskon,PARKED,0.0,0.0,0.0,2,0.0,3.752,0.0,0.0,0.0,0.0,0.0,0.0,0.0
80.301,apt_marker_maskon,PARKED,0.0,0.0,0.0,2,0.0,3.752,0.0,0.0,0.0,0.0,0.0,0.0,0.0
80.42,apt_marker_maskon,PARKED,0.0,0.0,0.0,2,0.0,3.714,0.0,0.0,0.0,0.0,0.0,0.0,0.0
80.536,apt_marker_maskon,PARKED,0.0,0.0,0.0,2,0.0,3.657,0.0,0.0,0.0,0.0,0.0,0.0,0.0
80.616,apt_marker_maskon,PARKED,0.0,0.0,0.0,2,0.0,3.657,0.0,0.0,0.0,0.0,0.0,0.0,0.0
80.703,apt_marker_maskon,PARKED,0.0,0.0,0.0,2,0.0,3.65,0.0,0.0,0.0,0.0,0.0,0.0,0.0
80.801,apt_marker_maskon,PARKED,0.0,0.0,0.0,2,0.0,3.709,0.0,0.0,0.0,0.0,0.0,0.0,0.0
80.901,apt_marker_maskon,PARKED,0.0,0.0,0.0,2,0.0,3.72,0.0,0.0,0.0,0.0,0.0,0.0,0.0
81.001,apt_marker_maskon,PARKED,0.0,0.0,0.0,2,0.0,3.706,0.0,0.0,0.0,0.0,0.0,0.0,0.0
81.101,apt_marker_maskon,PARKED,0.0,0.0,0.0,2,0.0,3.713,0.0,0.0,0.0,0.0,0.0,0.0,0.0
81.201,apt_marker_maskon,PARKED,0.0,0.0,0.0,2,0.0,3.728,0.0,0.0,0.0,0.0,0.0,0.0,0.0
81.341,apt_marker_maskon,PARKED,0.0,0.0,0.0,2,0.0,3.741,0.0,0.0,0.0,0.0,0.0,0.0,0.0
81.45,apt_marker_maskon,PARKED,0.0,0.0,0.0,2,0.0,3.752,0.0,0.0,0.0,0.0,0.0,0.0,0.0
81.503,apt_marker_maskon,PARKED,0.0,0.0,0.0,2,0.0,3.752,0.0,0.0,0.0,0.0,0.0,0.0,0.0
81.648,apt_marker_maskon,PARKED,0.0,0.0,0.0,2,0.0,3.697,0.0,0.0,0.0,0.0,0.0,0.0,0.0
81.705,apt_marker_maskon,PARKED,0.0,0.0,0.0,2,0.0,3.691,0.0,0.0,0.0,0.0,0.0,0.0,0.0
81.802,apt_marker_maskon,PARKED,0.0,0.0,0.0,2,0.0,3.691,0.0,0.0,0.0,0.0,0.0,0.0,0.0
81.903,apt_marker_maskon,PARKED,0.0,0.0,0.0,2,0.0,3.737,0.0,0.0,0.0,0.0,0.0,0.0,0.0
82.018,apt_marker_maskon,PARKED,0.0,0.0,0.0,2,0.0,3.744,0.0,0.0,0.0,0.0,0.0,0.0,0.0
82.136,apt_marker_maskon,PARKED,0.0,0.0,0.0,2,0.0,3.744,0.0,0.0,0.0,0.0,0.0,0.0,0.0
82.201,apt_marker_maskon,PARKED,0.0,0.0,0.0,2,0.0,3.744,0.0,0.0,0.0,0.0,0.0,0.0,0.0
82.301,apt_marker_maskon,PARKED,0.0,0.0,0.0,2,0.0,3.711,0.0,0.0,0.0,0.0,0.0,0.0,0.0
82.431,apt_marker_maskon,PARKED,0.0,0.0,0.0,2,0.0,3.742,0.0,0.0,0.0,0.0,0.0,0.0,0.0
82.5,apt_marker_maskon,PARKED,0.0,0.0,0.0,2,0.0,3.742,0.0,0.0,0.0,0.0,0.0,0.0,0.0
82.6,apt_marker_maskon,PARKED,0.0,0.0,0.0,2,0.0,3.742,0.0,0.0,0.0,0.0,0.0,0.0,0.0
82.703,apt_marker_maskon,PARKED,0.0,0.0,0.0,2,0.0,3.773,0.0,0.0,0.0,0.0,0.0,0.0,0.0
82.816,apt_marker_maskon,PARKED,0.0,0.0,0.0,2,0.0,3.857,0.0,0.0,0.0,0.0,0.0,0.0,0.0
82.923,apt_marker_maskon,PARKED,0.0,0.0,0.0,2,0.0,3.784,0.0,0.0,0.0,0.0,0.0,0.0,0.0
83.001,apt_marker_maskon,PARKED,0.0,0.0,0.0,2,0.0,3.784,0.0,0.0,0.0,0.0,0.0,0.0,0.0
83.101,apt_marker_maskon,PARKED,0.0,0.0,0.0,2,0.0,3.784,0.0,0.0,0.0,0.0,0.0,0.0,0.0
83.201,apt_marker_maskon,PARKED,0.0,0.0,0.0,2,0.0,3.784,0.0,0.0,0.0,0.0,0.0,0.0,0.0
83.319,apt_marker_maskon,PARKED,0.0,0.0,0.0,2,0.0,3.712,0.0,0.0,0.0,0.0,0.0,0.0,0.0
83.401,apt_marker_maskon,PARKED,0.0,0.0,0.0,2,0.0,3.712,0.0,0.0,0.0,0.0,0.0,0.0,0.0
83.527,apt_marker_maskon,PARKED,0.0,0.0,0.0,2,0.0,3.712,0.0,0.0,0.0,0.0,0.0,0.0,0.0
83.619,apt_marker_maskon,PARKED,0.0,0.0,0.0,2,0.0,3.712,0.0,0.0,0.0,0.0,0.0,0.0,0.0
83.72,apt_marker_maskon,PARKED,0.0,0.0,0.0,2,0.0,3.778,0.0,0.0,0.0,0.0,0.0,0.0,0.0
83.834,apt_marker_maskon,PARKED,0.0,0.0,0.0,2,0.0,3.711,0.0,0.0,0.0,0.0,0.0,0.0,0.0
83.901,apt_marker_maskon,PARKED,0.0,0.0,0.0,2,0.0,3.711,0.0,0.0,0.0,0.0,0.0,0.0,0.0
84.0,apt_marker_maskon,PARKED,0.0,0.0,0.0,2,0.0,3.711,0.0,0.0,0.0,0.0,0.0,0.0,0.0
84.101,apt_marker_maskon,PARKED,0.0,0.0,0.0,2,0.0,3.711,0.0,0.0,0.0,0.0,0.0,0.0,0.0
84.201,apt_marker_maskon,PARKED,0.0,0.0,0.0,2,0.0,3.706,0.0,0.0,0.0,0.0,0.0,0.0,0.0
84.301,apt_marker_maskon,PARKED,0.0,0.0,0.0,2,0.0,3.706,0.0,0.0,0.0,0.0,0.0,0.0,0.0
84.426,apt_marker_maskon,PARKED,0.0,0.0,0.0,2,0.0,3.755,0.0,0.0,0.0,0.0,0.0,0.0,0.0
84.52,apt_marker_maskon,PARKED,0.0,0.0,0.0,2,0.0,3.755,0.0,0.0,0.0,0.0,0.0,0.0,0.0
84.621,apt_marker_maskon,PARKED,0.0,0.0,0.0,2,0.0,3.793,0.0,0.0,0.0,0.0,0.0,0.0,0.0
84.738,apt_marker_maskon,PARKED,0.0,0.0,0.0,2,0.0,3.689,0.0,0.0,0.0,0.0,0.0,0.0,0.0
84.801,apt_marker_maskon,PARKED,0.0,0.0,0.0,2,0.0,3.689,0.0,0.0,0.0,0.0,0.0,0.0,0.0
84.901,apt_marker_maskon,PARKED,0.0,0.0,0.0,2,0.0,3.689,0.0,0.0,0.0,0.0,0.0,0.0,0.0
85.001,apt_marker_maskon,PARKED,0.0,0.0,0.0,2,0.0,3.745,0.0,0.0,0.0,0.0,0.0,0.0,0.0
85.101,apt_marker_maskon,PARKED,0.0,0.0,0.0,2,0.0,3.729,0.0,0.0,0.0,0.0,0.0,0.0,0.0
85.201,apt_marker_maskon,PARKED,0.0,0.0,0.0,2,0.0,3.729,0.0,0.0,0.0,0.0,0.0,0.0,0.0
85.301,apt_marker_maskon,PARKED,0.0,0.0,0.0,2,0.0,3.768,0.0,0.0,0.0,0.0,0.0,0.0,0.0
85.406,apt_marker_maskon,PARKED,0.0,0.0,0.0,2,0.0,3.735,0.0,0.0,0.0,0.0,0.0,0.0,0.0
85.509,apt_marker_maskon,PARKED,0.0,0.0,0.0,2,0.0,3.699,0.0,0.0,0.0,0.0,0.0,0.0,0.0
85.618,apt_marker_maskon,PARKED,0.0,0.0,0.0,2,0.0,3.754,0.0,0.0,0.0,0.0,0.0,0.0,0.0
85.732,apt_marker_maskon,PARKED,0.0,0.0,0.0,2,0.0,3.754,0.0,0.0,0.0,0.0,0.0,0.0,0.0
85.828,apt_marker_maskon,PARKED,0.0,0.0,0.0,2,0.0,3.684,0.0,0.0,0.0,0.0,0.0,0.0,0.0
85.901,apt_marker_maskon,PARKED,0.0,0.0,0.0,2,0.0,3.712,0.0,0.0,0.0,0.0,0.0,0.0,0.0
86.031,apt_marker_maskon,PARKED,0.0,0.0,0.0,2,0.0,3.707,0.0,0.0,0.0,0.0,0.0,0.0,0.0
86.101,apt_marker_maskon,PARKED,0.0,0.0,0.0,2,0.0,3.719,0.0,0.0,0.0,0.0,0.0,0.0,0.0
86.201,apt_marker_maskon,PARKED,0.0,0.0,0.0,2,0.0,3.719,0.0,0.0,0.0,0.0,0.0,0.0,0.0
86.301,apt_marker_maskon,PARKED,0.0,0.0,0.0,2,0.0,3.719,0.0,0.0,0.0,0.0,0.0,0.0,0.0
86.417,apt_marker_maskon,PARKED,0.0,0.0,0.0,2,0.0,3.752,0.0,0.0,0.0,0.0,0.0,0.0,0.0
86.526,apt_marker_maskon,PARKED,0.0,0.0,0.0,2,0.0,3.713,0.0,0.0,0.0,0.0,0.0,0.0,0.0
86.601,apt_marker_maskon,PARKED,0.0,0.0,0.0,2,0.0,3.776,0.0,0.0,0.0,0.0,0.0,0.0,0.0
86.701,apt_marker_maskon,PARKED,0.0,0.0,0.0,2,0.0,3.776,0.0,0.0,0.0,0.0,0.0,0.0,0.0
86.809,apt_marker_maskon,PARKED,0.0,0.0,0.0,2,0.0,3.741,0.0,0.0,0.0,0.0,0.0,0.0,0.0
86.9,apt_marker_maskon,PARKED,0.0,0.0,0.0,2,0.0,3.68,0.0,0.0,0.0,0.0,0.0,0.0,0.0
87.011,apt_marker_maskon,PARKED,0.0,0.0,0.0,2,0.0,3.698,0.0,0.0,0.0,0.0,0.0,0.0,0.0
87.1,apt_marker_maskon,PARKED,0.0,0.0,0.0,2,0.0,3.698,0.0,0.0,0.0,0.0,0.0,0.0,0.0
87.202,apt_marker_maskon,PARKED,0.0,0.0,0.0,2,0.0,3.773,0.0,0.0,0.0,0.0,0.0,0.0,0.0
87.301,apt_marker_maskon,PARKED,0.0,0.0,0.0,2,0.0,3.773,0.0,0.0,0.0,0.0,0.0,0.0,0.0
87.432,apt_marker_maskon,PARKED,0.0,0.0,0.0,2,0.0,3.709,0.0,0.0,0.0,0.0,0.0,0.0,0.0
87.501,apt_marker_maskon,PARKED,0.0,0.0,0.0,2,0.0,3.709,0.0,0.0,0.0,0.0,0.0,0.0,0.0
87.601,apt_marker_maskon,PARKED,0.0,0.0,0.0,2,0.0,3.709,0.0,0.0,0.0,0.0,0.0,0.0,0.0
87.701,apt_marker_maskon,PARKED,0.0,0.0,0.0,2,0.0,3.681,0.0,0.0,0.0,0.0,0.0,0.0,0.0
87.82,apt_marker_maskon,PARKED,0.0,0.0,0.0,2,0.0,3.73,0.0,0.0,0.0,0.0,0.0,0.0,0.0
87.901,apt_marker_maskon,PARKED,0.0,0.0,0.0,2,0.0,3.73,0.0,0.0,0.0,0.0,0.0,0.0,0.0
88.001,apt_marker_maskon,PARKED,0.0,0.0,0.0,2,0.0,3.788,0.0,0.0,0.0,0.0,0.0,0.0,0.0
88.112,apt_marker_maskon,PARKED,0.0,0.0,0.0,2,0.0,3.858,0.0,0.0,0.0,0.0,0.0,0.0,0.0
88.229,apt_marker_maskon,PARKED,0.0,0.0,0.0,2,0.0,3.771,0.0,0.0,0.0,0.0,0.0,0.0,0.0
88.302,apt_marker_maskon,PARKED,0.0,0.0,0.0,2,0.0,3.727,0.0,0.0,0.0,0.0,0.0,0.0,0.0
88.401,apt_marker_maskon,PARKED,0.0,0.0,0.0,2,0.0,3.727,0.0,0.0,0.0,0.0,0.0,0.0,0.0
88.501,apt_marker_maskon,PARKED,0.0,0.0,0.0,2,0.0,3.727,0.0,0.0,0.0,0.0,0.0,0.0,0.0
88.637,apt_marker_maskon,PARKED,0.0,0.0,0.0,2,0.0,3.671,0.0,0.0,0.0,0.0,0.0,0.0,0.0
88.714,apt_marker_maskon,PARKED,0.0,0.0,0.0,2,0.0,3.671,0.0,0.0,0.0,0.0,0.0,0.0,0.0
88.85,apt_marker_maskon,PARKED,0.0,0.0,0.0,2,0.0,3.748,0.0,0.0,0.0,0.0,0.0,0.0,0.0
88.94,apt_marker_maskon,PARKED,0.0,0.0,0.0,2,0.0,3.748,0.0,0.0,0.0,0.0,0.0,0.0,0.0
89.001,apt_marker_maskon,PARKED,0.0,0.0,0.0,2,0.0,3.712,0.0,0.0,0.0,0.0,0.0,0.0,0.0
89.101,apt_marker_maskon,PARKED,0.0,0.0,0.0,2,0.0,3.681,0.0,0.0,0.0,0.0,0.0,0.0,0.0
89.209,apt_marker_maskon,PARKED,0.0,0.0,0.0,2,0.0,3.673,0.0,0.0,0.0,0.0,0.0,0.0,0.0
89.301,apt_marker_maskon,PARKED,0.0,0.0,0.0,2,0.0,3.728,0.0,0.0,0.0,0.0,0.0,0.0,0.0
89.4,apt_marker_maskon,PARKED,0.0,0.0,0.0,2,0.0,3.728,0.0,0.0,0.0,0.0,0.0,0.0,0.0
89.501,apt_marker_maskon,PARKED,0.0,0.0,0.0,2,0.0,3.728,0.0,0.0,0.0,0.0,0.0,0.0,0.0
89.601,apt_marker_maskon,PARKED,0.0,0.0,0.0,2,0.0,3.838,0.0,0.0,0.0,0.0,0.0,0.0,0.0
89.718,apt_marker_maskon,PARKED,0.0,0.0,0.0,2,0.0,3.754,0.0,0.0,0.0,0.0,0.0,0.0,0.0
89.839,apt_marker_maskon,PARKED,0.0,0.0,0.0,2,0.0,3.757,0.0,0.0,0.0,0.0,0.0,0.0,0.0
89.934,apt_marker_maskon,PARKED,0.0,0.0,0.0,2,0.0,3.75,0.0,0.0,0.0,0.0,0.0,0.0,0.0
90.001,apt_marker_maskon,PARKED,0.0,0.0,0.0,2,0.0,3.75,0.0,0.0,0.0,0.0,0.0,0.0,0.0
90.105,apt_marker_maskon,PARKED,0.0,0.0,0.0,2,0.0,3.797,0.0,0.0,0.0,0.0,0.0,0.0,0.0
90.201,apt_marker_maskon,PARKED,0.0,0.0,0.0,2,0.0,3.817,0.0,0.0,0.0,0.0,0.0,0.0,0.0
90.301,apt_marker_maskon,PARKED,0.0,0.0,0.0,2,0.0,3.738,0.0,0.0,0.0,0.0,0.0,0.0,0.0
90.401,apt_marker_maskon,PARKED,0.0,0.0,0.0,2,0.0,3.759,0.0,0.0,0.0,0.0,0.0,0.0,0.0
90.528,apt_marker_maskon,PARKED,0.0,0.0,0.0,2,0.0,3.715,0.0,0.0,0.0,0.0,0.0,0.0,0.0
90.603,apt_marker_maskon,PARKED,0.0,0.0,0.0,2,0.0,3.746,0.0,0.0,0.0,0.0,0.0,0.0,0.0
90.701,apt_marker_maskon,PARKED,0.0,0.0,0.0,2,0.0,3.746,0.0,0.0,0.0,0.0,0.0,0.0,0.0
90.801,apt_marker_maskon,PARKED,0.0,0.0,0.0,2,0.0,3.765,0.0,0.0,0.0,0.0,0.0,0.0,0.0
90.922,apt_marker_maskon,PARKED,0.0,0.0,0.0,2,0.0,3.775,0.0,0.0,0.0,0.0,0.0,0.0,0.0
91.002,apt_marker_maskon,PARKED,0.0,0.0,0.0,2,0.0,3.775,0.0,0.0,0.0,0.0,0.0,0.0,0.0
91.143,apt_marker_maskon,PARKED,0.0,0.0,0.0,2,0.0,3.773,0.0,0.0,0.0,0.0,0.0,0.0,0.0
91.205,apt_marker_maskon,PARKED,0.0,0.0,0.0,2,0.0,3.773,0.0,0.0,0.0,0.0,0.0,0.0,0.0
91.332,apt_marker_maskon,PARKED,0.0,0.0,0.0,2,0.0,3.753,0.0,0.0,0.0,0.0,0.0,0.0,0.0
91.4,apt_marker_maskon,PARKED,0.0,0.0,0.0,2,0.0,3.777,0.0,0.0,0.0,0.0,0.0,0.0,0.0
91.501,apt_marker_maskon,PARKED,0.0,0.0,0.0,2,0.0,3.777,0.0,0.0,0.0,0.0,0.0,0.0,0.0
91.602,apt_marker_maskon,PARKED,0.0,0.0,0.0,2,0.0,3.805,0.0,0.0,0.0,0.0,0.0,0.0,0.0
91.708,apt_marker_maskon,PARKED,0.0,0.0,0.0,2,0.0,3.744,0.0,0.0,0.0,0.0,0.0,0.0,0.0
91.841,apt_marker_maskon,PARKED,0.0,0.0,0.0,2,0.0,3.744,0.0,0.0,0.0,0.0,0.0,0.0,0.0
91.904,apt_marker_maskon,PARKED,0.0,0.0,0.0,2,0.0,3.698,0.0,0.0,0.0,0.0,0.0,0.0,0.0
92.004,apt_marker_maskon,PARKED,0.0,0.0,0.0,2,0.0,3.698,0.0,0.0,0.0,0.0,0.0,0.0,0.0
92.131,apt_marker_maskon,PARKED,0.0,0.0,0.0,2,0.0,3.697,0.0,0.0,0.0,0.0,0.0,0.0,0.0
92.2,apt_marker_maskon,PARKED,0.0,0.0,0.0,2,0.0,3.697,0.0,0.0,0.0,0.0,0.0,0.0,0.0
92.301,apt_marker_maskon,PARKED,0.0,0.0,0.0,2,0.0,3.67,0.0,0.0,0.0,0.0,0.0,0.0,0.0
92.404,apt_marker_maskon,PARKED,0.0,0.0,0.0,2,0.0,3.777,0.0,0.0,0.0,0.0,0.0,0.0,0.0
92.521,apt_marker_maskon,PARKED,0.0,0.0,0.0,2,0.0,3.747,0.0,0.0,0.0,0.0,0.0,0.0,0.0
92.601,apt_marker_maskon,PARKED,0.0,0.0,0.0,2,0.0,3.747,0.0,0.0,0.0,0.0,0.0,0.0,0.0
92.701,apt_marker_maskon,PARKED,0.0,0.0,0.0,2,0.0,3.747,0.0,0.0,0.0,0.0,0.0,0.0,0.0
92.802,apt_marker_maskon,PARKED,0.0,0.0,0.0,2,0.0,3.695,0.0,0.0,0.0,0.0,0.0,0.0,0.0
92.94,apt_marker_maskon,PARKED,0.0,0.0,0.0,2,0.0,3.719,0.0,0.0,0.0,0.0,0.0,0.0,0.0
93.005,apt_marker_maskon,PARKED,0.0,0.0,0.0,2,0.0,3.757,0.0,0.0,0.0,0.0,0.0,0.0,0.0
93.101,apt_marker_maskon,PARKED,0.0,0.0,0.0,2,0.0,3.757,0.0,0.0,0.0,0.0,0.0,0.0,0.0
93.201,apt_marker_maskon,PARKED,0.0,0.0,0.0,2,0.0,3.711,0.0,0.0,0.0,0.0,0.0,0.0,0.0
93.305,apt_marker_maskon,PARKED,0.0,0.0,0.0,2,0.0,3.711,0.0,0.0,0.0,0.0,0.0,0.0,0.0
93.413,apt_marker_maskon,PARKED,0.0,0.0,0.0,2,0.0,3.708,0.0,0.0,0.0,0.0,0.0,0.0,0.0
93.537,apt_marker_maskon,PARKED,0.0,0.0,0.0,2,0.0,3.769,0.0,0.0,0.0,0.0,0.0,0.0,0.0
93.601,apt_marker_maskon,PARKED,0.0,0.0,0.0,2,0.0,3.769,0.0,0.0,0.0,0.0,0.0,0.0,0.0
93.7,apt_marker_maskon,PARKED,0.0,0.0,0.0,2,0.0,3.769,0.0,0.0,0.0,0.0,0.0,0.0,0.0
93.836,apt_marker_maskon,PARKED,0.0,0.0,0.0,2,0.0,3.784,0.0,0.0,0.0,0.0,0.0,0.0,0.0
93.901,apt_marker_maskon,PARKED,0.0,0.0,0.0,2,0.0,3.784,0.0,0.0,0.0,0.0,0.0,0.0,0.0
94.002,apt_marker_maskon,PARKED,0.0,0.0,0.0,2,0.0,3.734,0.0,0.0,0.0,0.0,0.0,0.0,0.0
94.132,apt_marker_maskon,PARKED,0.0,0.0,0.0,2,0.0,3.808,0.0,0.0,0.0,0.0,0.0,0.0,0.0
94.217,apt_marker_maskon,PARKED,0.0,0.0,0.0,2,0.0,3.827,0.0,0.0,0.0,0.0,0.0,0.0,0.0
94.348,apt_marker_maskon,PARKED,0.0,0.0,0.0,2,0.0,3.773,0.0,0.0,0.0,0.0,0.0,0.0,0.0
94.404,apt_marker_maskon,PARKED,0.0,0.0,0.0,2,0.0,3.745,0.0,0.0,0.0,0.0,0.0,0.0,0.0
94.544,apt_marker_maskon,PARKED,0.0,0.0,0.0,2,0.0,3.763,0.0,0.0,0.0,0.0,0.0,0.0,0.0
94.602,apt_marker_maskon,PARKED,0.0,0.0,0.0,2,0.0,3.786,0.0,0.0,0.0,0.0,0.0,0.0,0.0
94.701,apt_marker_maskon,PARKED,0.0,0.0,0.0,2,0.0,3.786,0.0,0.0,0.0,0.0,0.0,0.0,0.0
94.801,apt_marker_maskon,PARKED,0.0,0.0,0.0,2,0.0,3.759,0.0,0.0,0.0,0.0,0.0,0.0,0.0
94.901,apt_marker_maskon,PARKED,0.0,0.0,0.0,2,0.0,3.731,0.0,0.0,0.0,0.0,0.0,0.0,0.0
95.043,apt_marker_maskon,PARKED,0.0,0.0,0.0,2,0.0,3.733,0.0,0.0,0.0,0.0,0.0,0.0,0.0
95.102,apt_marker_maskon,PARKED,0.0,0.0,0.0,2,0.0,3.733,0.0,0.0,0.0,0.0,0.0,0.0,0.0
95.201,apt_marker_maskon,PARKED,0.0,0.0,0.0,2,0.0,3.733,0.0,0.0,0.0,0.0,0.0,0.0,0.0
95.301,apt_marker_maskon,PARKED,0.0,0.0,0.0,2,0.0,3.733,0.0,0.0,0.0,0.0,0.0,0.0,0.0
95.401,apt_marker_maskon,PARKED,0.0,0.0,0.0,2,0.0,3.733,0.0,0.0,0.0,0.0,0.0,0.0,0.0
95.501,apt_marker_maskon,PARKED,0.0,0.0,0.0,2,0.0,3.733,0.0,0.0,0.0,0.0,0.0,0.0,0.0
95.601,apt_marker_maskon,PARKED,0.0,0.0,0.0,2,0.0,3.863,0.0,0.0,0.0,0.0,0.0,0.0,0.0
95.701,apt_marker_maskon,PARKED,0.0,0.0,0.0,2,0.0,3.741,0.0,0.0,0.0,0.0,0.0,0.0,0.0
95.801,apt_marker_maskon,PARKED,0.0,0.0,0.0,2,0.0,3.741,0.0,0.0,0.0,0.0,0.0,0.0,0.0
95.901,apt_marker_maskon,PARKED,0.0,0.0,0.0,2,0.0,3.782,0.0,0.0,0.0,0.0,0.0,0.0,0.0
96.011,apt_marker_maskon,PARKED,0.0,0.0,0.0,2,0.0,3.788,0.0,0.0,0.0,0.0,0.0,0.0,0.0
96.101,apt_marker_maskon,PARKED,0.0,0.0,0.0,2,0.0,3.783,0.0,0.0,0.0,0.0,0.0,0.0,0.0
96.216,apt_marker_maskon,PARKED,0.0,0.0,0.0,2,0.0,3.774,0.0,0.0,0.0,0.0,0.0,0.0,0.0
96.302,apt_marker_maskon,PARKED,0.0,0.0,0.0,2,0.0,3.777,0.0,0.0,0.0,0.0,0.0,0.0,0.0
96.401,apt_marker_maskon,PARKED,0.0,0.0,0.0,2,0.0,3.777,0.0,0.0,0.0,0.0,0.0,0.0,0.0
96.542,apt_marker_maskon,PARKED,0.0,0.0,0.0,2,0.0,3.725,0.0,0.0,0.0,0.0,0.0,0.0,0.0
96.602,apt_marker_maskon,PARKED,0.0,0.0,0.0,2,0.0,3.725,0.0,0.0,0.0,0.0,0.0,0.0,0.0
96.715,apt_marker_maskon,PARKED,0.0,0.0,0.0,2,0.0,3.728,0.0,0.0,0.0,0.0,0.0,0.0,0.0
96.801,apt_marker_maskon,PARKED,0.0,0.0,0.0,2,0.0,3.728,0.0,0.0,0.0,0.0,0.0,0.0,0.0
96.901,apt_marker_maskon,PARKED,0.0,0.0,0.0,2,0.0,3.728,0.0,0.0,0.0,0.0,0.0,0.0,0.0
97.023,apt_marker_maskon,PARKED,0.0,0.0,0.0,2,0.0,3.68,0.0,0.0,0.0,0.0,0.0,0.0,0.0
97.127,apt_marker_maskon,PARKED,0.0,0.0,0.0,2,0.0,3.704,0.0,0.0,0.0,0.0,0.0,0.0,0.0
97.201,apt_marker_maskon,PARKED,0.0,0.0,0.0,2,0.0,3.704,0.0,0.0,0.0,0.0,0.0,0.0,0.0
97.301,apt_marker_maskon,PARKED,0.0,0.0,0.0,2,0.0,3.744,0.0,0.0,0.0,0.0,0.0,0.0,0.0
97.434,apt_marker_maskon,PARKED,0.0,0.0,0.0,2,0.0,3.705,0.0,0.0,0.0,0.0,0.0,0.0,0.0
97.524,apt_marker_maskon,PARKED,0.0,0.0,0.0,2,0.0,3.702,0.0,0.0,0.0,0.0,0.0,0.0,0.0
97.601,apt_marker_maskon,PARKED,0.0,0.0,0.0,2,0.0,3.702,0.0,0.0,0.0,0.0,0.0,0.0,0.0
97.737,apt_marker_maskon,PARKED,0.0,0.0,0.0,2,0.0,3.681,0.0,0.0,0.0,0.0,0.0,0.0,0.0
97.801,apt_marker_maskon,PARKED,0.0,0.0,0.0,2,0.0,3.681,0.0,0.0,0.0,0.0,0.0,0.0,0.0
97.901,apt_marker_maskon,PARKED,0.0,0.0,0.0,2,0.0,3.681,0.0,0.0,0.0,0.0,0.0,0.0,0.0
98.001,apt_marker_maskon,PARKED,0.0,0.0,0.0,2,0.0,3.681,0.0,0.0,0.0,0.0,0.0,0.0,0.0
98.138,apt_marker_maskon,PARKED,0.0,0.0,0.0,2,0.0,3.848,0.0,0.0,0.0,0.0,0.0,0.0,0.0
98.201,apt_marker_maskon,PARKED,0.0,0.0,0.0,2,0.0,3.848,0.0,0.0,0.0,0.0,0.0,0.0,0.0
98.301,apt_marker_maskon,PARKED,0.0,0.0,0.0,2,0.0,3.703,0.0,0.0,0.0,0.0,0.0,0.0,0.0
98.425,apt_marker_maskon,PARKED,0.0,0.0,0.0,2,0.0,3.731,0.0,0.0,0.0,0.0,0.0,0.0,0.0
98.501,apt_marker_maskon,PARKED,0.0,0.0,0.0,2,0.0,3.731,0.0,0.0,0.0,0.0,0.0,0.0,0.0
98.614,apt_marker_maskon,PARKED,0.0,0.0,0.0,2,0.0,3.692,0.0,0.0,0.0,0.0,0.0,0.0,0.0
98.701,apt_marker_maskon,PARKED,0.0,0.0,0.0,2,0.0,3.692,0.0,0.0,0.0,0.0,0.0,0.0,0.0
98.801,apt_marker_maskon,PARKED,0.0,0.0,0.0,2,0.0,3.726,0.0,0.0,0.0,0.0,0.0,0.0,0.0
98.901,apt_marker_maskon,PARKED,0.0,0.0,0.0,2,0.0,3.726,0.0,0.0,0.0,0.0,0.0,0.0,0.0
99.026,apt_marker_maskon,PARKED,0.0,0.0,0.0,2,0.0,3.68,0.0,0.0,0.0,0.0,0.0,0.0,0.0
99.119,apt_marker_maskon,PARKED,0.0,0.0,0.0,2,0.0,3.758,0.0,0.0,0.0,0.0,0.0,0.0,0.0
99.215,apt_marker_maskon,PARKED,0.0,0.0,0.0,2,0.0,3.803,0.0,0.0,0.0,0.0,0.0,0.0,0.0
99.301,apt_marker_maskon,PARKED,0.0,0.0,0.0,2,0.0,3.765,0.0,0.0,0.0,0.0,0.0,0.0,0.0
99.448,apt_marker_maskon,PARKED,0.0,0.0,0.0,2,0.0,3.689,0.0,0.0,0.0,0.0,0.0,0.0,0.0
99.503,apt_marker_maskon,PARKED,0.0,0.0,0.0,2,0.0,3.711,0.0,0.0,0.0,0.0,0.0,0.0,0.0
99.601,apt_marker_maskon,PARKED,0.0,0.0,0.0,2,0.0,3.724,0.0,0.0,0.0,0.0,0.0,0.0,0.0
99.717,apt_marker_maskon,PARKED,0.0,0.0,0.0,2,0.0,3.693,0.0,0.0,0.0,0.0,0.0,0.0,0.0
99.825,apt_marker_maskon,PARKED,0.0,0.0,0.0,2,0.0,3.705,0.0,0.0,0.0,0.0,0.0,0.0,0.0
99.901,apt_marker_maskon,PARKED,0.0,0.0,0.0,2,0.0,3.705,0.0,0.0,0.0,0.0,0.0,0.0,0.0
100.001,apt_marker_maskon,PARKED,0.0,0.0,0.0,2,0.0,3.677,0.0,0.0,0.0,0.0,0.0,0.0,0.0
100.101,apt_marker_maskon,PARKED,0.0,0.0,0.0,2,0.0,3.734,0.0,0.0,0.0,0.0,0.0,0.0,0.0
100.247,apt_marker_maskon,PARKED,0.0,0.0,0.0,2,0.0,3.758,0.0,0.0,0.0,0.0,0.0,0.0,0.0
100.311,apt_marker_maskon,PARKED,0.0,0.0,0.0,2,0.0,3.827,0.0,0.0,0.0,0.0,0.0,0.0,0.0
100.418,apt_marker_maskon,PARKED,0.0,0.0,0.0,2,0.0,3.772,0.0,0.0,0.0,0.0,0.0,0.0,0.0
100.537,apt_marker_maskon,PARKED,0.0,0.0,0.0,2,0.0,3.772,0.0,0.0,0.0,0.0,0.0,0.0,0.0
100.642,apt_marker_maskon,PARKED,0.0,0.0,0.0,2,0.0,3.842,0.0,0.0,0.0,0.0,0.0,0.0,0.0
100.736,apt_marker_maskon,PARKED,0.0,0.0,0.0,2,0.0,3.793,0.0,0.0,0.0,0.0,0.0,0.0,0.0
100.801,apt_marker_maskon,PARKED,0.0,0.0,0.0,2,0.0,3.73,0.0,0.0,0.0,0.0,0.0,0.0,0.0
100.901,apt_marker_maskon,PARKED,0.0,0.0,0.0,2,0.0,3.709,0.0,0.0,0.0,0.0,0.0,0.0,0.0
101.001,apt_marker_maskon,PARKED,0.0,0.0,0.0,2,0.0,3.709,0.0,0.0,0.0,0.0,0.0,0.0,0.0
101.101,apt_marker_maskon,PARKED,0.0,0.0,0.0,2,0.0,3.724,0.0,0.0,0.0,0.0,0.0,0.0,0.0
101.219,apt_marker_maskon,PARKED,0.0,0.0,0.0,2,0.0,3.685,0.0,0.0,0.0,0.0,0.0,0.0,0.0
101.335,apt_marker_maskon,PARKED,0.0,0.0,0.0,2,0.0,3.772,0.0,0.0,0.0,0.0,0.0,0.0,0.0
101.401,apt_marker_maskon,PARKED,0.0,0.0,0.0,2,0.0,3.772,0.0,0.0,0.0,0.0,0.0,0.0,0.0
101.501,apt_marker_maskon,PARKED,0.0,0.0,0.0,2,0.0,3.772,0.0,0.0,0.0,0.0,0.0,0.0,0.0
101.601,apt_marker_maskon,PARKED,0.0,0.0,0.0,2,0.0,3.711,0.0,0.0,0.0,0.0,0.0,0.0,0.0
101.708,apt_marker_maskon,PARKED,0.0,0.0,0.0,2,0.0,3.767,0.0,0.0,0.0,0.0,0.0,0.0,0.0
101.801,apt_marker_maskon,PARKED,0.0,0.0,0.0,2,0.0,3.791,0.0,0.0,0.0,0.0,0.0,0.0,0.0
101.907,apt_marker_maskon,PARKED,0.0,0.0,0.0,2,0.0,3.718,0.0,0.0,0.0,0.0,0.0,0.0,0.0
102.001,apt_marker_maskon,PARKED,0.0,0.0,0.0,2,0.0,3.718,0.0,0.0,0.0,0.0,0.0,0.0,0.0
102.101,apt_marker_maskon,PARKED,0.0,0.0,0.0,2,0.0,3.718,0.0,0.0,0.0,0.0,0.0,0.0,0.0
102.201,apt_marker_maskon,PARKED,0.0,0.0,0.0,2,0.0,3.732,0.0,0.0,0.0,0.0,0.0,0.0,0.0
102.301,apt_marker_maskon,PARKED,0.0,0.0,0.0,2,0.0,3.732,0.0,0.0,0.0,0.0,0.0,0.0,0.0
102.401,apt_marker_maskon,PARKED,0.0,0.0,0.0,2,0.0,3.732,0.0,0.0,0.0,0.0,0.0,0.0,0.0
102.537,apt_marker_maskon,PARKED,0.0,0.0,0.0,2,0.0,3.722,0.0,0.0,0.0,0.0,0.0,0.0,0.0
102.601,apt_marker_maskon,PARKED,0.0,0.0,0.0,2,0.0,3.722,0.0,0.0,0.0,0.0,0.0,0.0,0.0
102.721,apt_marker_maskon,PARKED,0.0,0.0,0.0,2,0.0,3.736,0.0,0.0,0.0,0.0,0.0,0.0,0.0
102.802,apt_marker_maskon,PARKED,0.0,0.0,0.0,2,0.0,3.737,0.0,0.0,0.0,0.0,0.0,0.0,0.0
102.901,apt_marker_maskon,PARKED,0.0,0.0,0.0,2,0.0,3.737,0.0,0.0,0.0,0.0,0.0,0.0,0.0
103.001,apt_marker_maskon,PARKED,0.0,0.0,0.0,2,0.0,3.684,0.0,0.0,0.0,0.0,0.0,0.0,0.0
103.101,apt_marker_maskon,PARKED,0.0,0.0,0.0,2,0.0,3.684,0.0,0.0,0.0,0.0,0.0,0.0,0.0
103.24,apt_marker_maskon,PARKED,0.0,0.0,0.0,2,0.0,3.714,0.0,0.0,0.0,0.0,0.0,0.0,0.0
103.301,apt_marker_maskon,PARKED,0.0,0.0,0.0,2,0.0,3.768,0.0,0.0,0.0,0.0,0.0,0.0,0.0
103.42,apt_marker_maskon,PARKED,0.0,0.0,0.0,2,0.0,3.768,0.0,0.0,0.0,0.0,0.0,0.0,0.0
103.501,apt_marker_maskon,PARKED,0.0,0.0,0.0,2,0.0,3.761,0.0,0.0,0.0,0.0,0.0,0.0,0.0
103.638,apt_marker_maskon,PARKED,0.0,0.0,0.0,2,0.0,3.676,0.0,0.0,0.0,0.0,0.0,0.0,0.0
103.701,apt_marker_maskon,PARKED,0.0,0.0,0.0,2,0.0,3.744,0.0,0.0,0.0,0.0,0.0,0.0,0.0
103.801,apt_marker_maskon,PARKED,0.0,0.0,0.0,2,0.0,3.744,0.0,0.0,0.0,0.0,0.0,0.0,0.0
103.901,apt_marker_maskon,PARKED,0.0,0.0,0.0,2,0.0,3.688,0.0,0.0,0.0,0.0,0.0,0.0,0.0
104.001,apt_marker_maskon,PARKED,0.0,0.0,0.0,2,0.0,3.73,0.0,0.0,0.0,0.0,0.0,0.0,0.0
104.101,apt_marker_maskon,PARKED,0.0,0.0,0.0,2,0.0,3.73,0.0,0.0,0.0,0.0,0.0,0.0,0.0
104.236,apt_marker_maskon,PARKED,0.0,0.0,0.0,2,0.0,3.781,0.0,0.0,0.0,0.0,0.0,0.0,0.0
104.331,apt_marker_maskon,PARKED,0.0,0.0,0.0,2,0.0,3.791,0.0,0.0,0.0,0.0,0.0,0.0,0.0
104.428,apt_marker_maskon,PARKED,0.0,0.0,0.0,2,0.0,3.791,0.0,0.0,0.0,0.0,0.0,0.0,0.0
104.531,apt_marker_maskon,PARKED,0.0,0.0,0.0,2,0.0,3.804,0.0,0.0,0.0,0.0,0.0,0.0,0.0
104.648,apt_marker_maskon,PARKED,0.0,0.0,0.0,2,0.0,3.813,0.0,0.0,0.0,0.0,0.0,0.0,0.0
104.714,apt_marker_maskon,PARKED,0.0,0.0,0.0,2,0.0,3.813,0.0,0.0,0.0,0.0,0.0,0.0,0.0
104.841,apt_marker_maskon,PARKED,0.0,0.0,0.0,2,0.0,3.8,0.0,0.0,0.0,0.0,0.0,0.0,0.0
104.945,apt_marker_maskon,PARKED,0.0,0.0,0.0,2,0.0,3.8,0.0,0.0,0.0,0.0,0.0,0.0,0.0
105.014,apt_marker_maskon,PARKED,0.0,0.0,0.0,2,0.0,3.707,0.0,0.0,0.0,0.0,0.0,0.0,0.0
105.101,apt_marker_maskon,PARKED,0.0,0.0,0.0,2,0.0,3.764,0.0,0.0,0.0,0.0,0.0,0.0,0.0
105.201,apt_marker_maskon,PARKED,0.0,0.0,0.0,2,0.0,3.764,0.0,0.0,0.0,0.0,0.0,0.0,0.0
105.301,apt_marker_maskon,PARKED,0.0,0.0,0.0,2,0.0,3.764,0.0,0.0,0.0,0.0,0.0,0.0,0.0
105.437,apt_marker_maskon,PARKED,0.0,0.0,0.0,2,0.0,3.733,0.0,0.0,0.0,0.0,0.0,0.0,0.0
105.548,apt_marker_maskon,PARKED,0.0,0.0,0.0,2,0.0,3.757,0.0,0.0,0.0,0.0,0.0,0.0,0.0
105.602,apt_marker_maskon,PARKED,0.0,0.0,0.0,2,0.0,3.736,0.0,0.0,0.0,0.0,0.0,0.0,0.0
105.701,apt_marker_maskon,PARKED,0.0,0.0,0.0,2,0.0,3.736,0.0,0.0,0.0,0.0,0.0,0.0,0.0
105.801,apt_marker_maskon,PARKED,0.0,0.0,0.0,2,0.0,3.779,0.0,0.0,0.0,0.0,0.0,0.0,0.0
105.901,apt_marker_maskon,PARKED,0.0,0.0,0.0,2,0.0,3.697,0.0,0.0,0.0,0.0,0.0,0.0,0.0
106.007,apt_marker_maskon,PARKED,0.0,0.0,0.0,2,0.0,3.657,0.0,0.0,0.0,0.0,0.0,0.0,0.0
106.134,apt_marker_maskon,PARKED,0.0,0.0,0.0,2,0.0,3.723,0.0,0.0,0.0,0.0,0.0,0.0,0.0
106.201,apt_marker_maskon,PARKED,0.0,0.0,0.0,2,0.0,3.723,0.0,0.0,0.0,0.0,0.0,0.0,0.0
106.301,apt_marker_maskon,PARKED,0.0,0.0,0.0,2,0.0,3.723,0.0,0.0,0.0,0.0,0.0,0.0,0.0
106.401,apt_marker_maskon,PARKED,0.0,0.0,0.0,2,0.0,3.733,0.0,0.0,0.0,0.0,0.0,0.0,0.0
106.529,apt_marker_maskon,PARKED,0.0,0.0,0.0,2,0.0,3.684,0.0,0.0,0.0,0.0,0.0,0.0,0.0
106.62,apt_marker_maskon,PARKED,0.0,0.0,0.0,2,0.0,3.684,0.0,0.0,0.0,0.0,0.0,0.0,0.0
106.702,apt_marker_maskon,PARKED,0.0,0.0,0.0,2,0.0,3.745,0.0,0.0,0.0,0.0,0.0,0.0,0.0
106.801,apt_marker_maskon,PARKED,0.0,0.0,0.0,2,0.0,3.745,0.0,0.0,0.0,0.0,0.0,0.0,0.0
106.937,apt_marker_maskon,PARKED,0.0,0.0,0.0,2,0.0,3.768,0.0,0.0,0.0,0.0,0.0,0.0,0.0
107.001,apt_marker_maskon,PARKED,0.0,0.0,0.0,2,0.0,3.768,0.0,0.0,0.0,0.0,0.0,0.0,0.0
107.101,apt_marker_maskon,PARKED,0.0,0.0,0.0,2,0.0,3.768,0.0,0.0,0.0,0.0,0.0,0.0,0.0
107.201,apt_marker_maskon,PARKED,0.0,0.0,0.0,2,0.0,3.782,0.0,0.0,0.0,0.0,0.0,0.0,0.0
107.301,apt_marker_maskon,PARKED,0.0,0.0,0.0,2,0.0,3.782,0.0,0.0,0.0,0.0,0.0,0.0,0.0
107.416,apt_marker_maskon,PARKED,0.0,0.0,0.0,2,0.0,3.857,0.0,0.0,0.0,0.0,0.0,0.0,0.0
107.502,apt_marker_maskon,PARKED,0.0,0.0,0.0,2,0.0,3.857,0.0,0.0,0.0,0.0,0.0,0.0,0.0
107.638,apt_marker_maskon,PARKED,0.0,0.0,0.0,2,0.0,3.825,0.0,0.0,0.0,0.0,0.0,0.0,0.0
107.701,apt_marker_maskon,PARKED,0.0,0.0,0.0,2,0.0,3.825,0.0,0.0,0.0,0.0,0.0,0.0,0.0
107.827,apt_marker_maskon,PARKED,0.0,0.0,0.0,2,0.0,3.692,0.0,0.0,0.0,0.0,0.0,0.0,0.0
107.937,apt_marker_maskon,PARKED,0.0,0.0,0.0,2,0.0,3.692,0.0,0.0,0.0,0.0,0.0,0.0,0.0
108.001,apt_marker_maskon,PARKED,0.0,0.0,0.0,2,0.0,3.692,0.0,0.0,0.0,0.0,0.0,0.0,0.0
108.101,apt_marker_maskon,PARKED,0.0,0.0,0.0,2,0.0,3.71,0.0,0.0,0.0,0.0,0.0,0.0,0.0
108.25,apt_marker_maskon,PARKED,0.0,0.0,0.0,2,0.0,3.757,0.0,0.0,0.0,0.0,0.0,0.0,0.0
108.3,apt_marker_maskon,PARKED,0.0,0.0,0.0,2,0.0,3.757,0.0,0.0,0.0,0.0,0.0,0.0,0.0
108.401,apt_marker_maskon,PARKED,0.0,0.0,0.0,2,0.0,3.757,0.0,0.0,0.0,0.0,0.0,0.0,0.0
108.539,apt_marker_maskon,PARKED,0.0,0.0,0.0,2,0.0,3.777,0.0,0.0,0.0,0.0,0.0,0.0,0.0
108.601,apt_marker_maskon,PARKED,0.0,0.0,0.0,2,0.0,3.774,0.0,0.0,0.0,0.0,0.0,0.0,0.0
108.736,apt_marker_maskon,PARKED,0.0,0.0,0.0,2,0.0,3.699,0.0,0.0,0.0,0.0,0.0,0.0,0.0
108.801,apt_marker_maskon,PARKED,0.0,0.0,0.0,2,0.0,3.699,0.0,0.0,0.0,0.0,0.0,0.0,0.0
108.931,apt_marker_maskon,PARKED,0.0,0.0,0.0,2,0.0,3.734,0.0,0.0,0.0,0.0,0.0,0.0,0.0
109.001,apt_marker_maskon,PARKED,0.0,0.0,0.0,2,0.0,3.724,0.0,0.0,0.0,0.0,0.0,0.0,0.0
109.136,apt_marker_maskon,PARKED,0.0,0.0,0.0,2,0.0,3.701,0.0,0.0,0.0,0.0,0.0,0.0,0.0
109.201,apt_marker_maskon,PARKED,0.0,0.0,0.0,2,0.0,3.72,0.0,0.0,0.0,0.0,0.0,0.0,0.0
109.345,apt_marker_maskon,PARKED,0.0,0.0,0.0,2,0.0,3.72,0.0,0.0,0.0,0.0,0.0,0.0,0.0
109.401,apt_marker_maskon,PARKED,0.0,0.0,0.0,2,0.0,3.72,0.0,0.0,0.0,0.0,0.0,0.0,0.0
109.501,apt_marker_maskon,PARKED,0.0,0.0,0.0,2,0.0,3.72,0.0,0.0,0.0,0.0,0.0,0.0,0.0
109.615,apt_marker_maskon,PARKED,0.0,0.0,0.0,2,0.0,3.784,0.0,0.0,0.0,0.0,0.0,0.0,0.0
109.701,apt_marker_maskon,PARKED,0.0,0.0,0.0,2,0.0,3.784,0.0,0.0,0.0,0.0,0.0,0.0,0.0
109.801,apt_marker_maskon,PARKED,0.0,0.0,0.0,2,0.0,3.738,0.0,0.0,0.0,0.0,0.0,0.0,0.0
109.901,apt_marker_maskon,PARKED,0.0,0.0,0.0,2,0.0,3.726,0.0,0.0,0.0,0.0,0.0,0.0,0.0
110.001,apt_marker_maskon,PARKED,0.0,0.0,0.0,2,0.0,3.767,0.0,0.0,0.0,0.0,0.0,0.0,0.0
110.101,apt_marker_maskon,PARKED,0.0,0.0,0.0,2,0.0,3.832,0.0,0.0,0.0,0.0,0.0,0.0,0.0
110.201,apt_marker_maskon,PARKED,0.0,0.0,0.0,2,0.0,3.832,0.0,0.0,0.0,0.0,0.0,0.0,0.0
110.301,apt_marker_maskon,PARKED,0.0,0.0,0.0,2,0.0,3.832,0.0,0.0,0.0,0.0,0.0,0.0,0.0
110.422,apt_marker_maskon,PARKED,0.0,0.0,0.0,2,0.0,3.832,0.0,0.0,0.0,0.0,0.0,0.0,0.0
110.543,apt_marker_maskon,PARKED,0.0,0.0,0.0,2,0.0,3.716,0.0,0.0,0.0,0.0,0.0,0.0,0.0
110.601,apt_marker_maskon,PARKED,0.0,0.0,0.0,2,0.0,3.716,0.0,0.0,0.0,0.0,0.0,0.0,0.0
110.745,apt_marker_maskon,PARKED,0.0,0.0,0.0,2,0.0,3.706,0.0,0.0,0.0,0.0,0.0,0.0,0.0
110.801,apt_marker_maskon,PARKED,0.0,0.0,0.0,2,0.0,3.717,0.0,0.0,0.0,0.0,0.0,0.0,0.0
110.908,apt_marker_maskon,PARKED,0.0,0.0,0.0,2,0.0,3.741,0.0,0.0,0.0,0.0,0.0,0.0,0.0
111.001,apt_marker_maskon,PARKED,0.0,0.0,0.0,2,0.0,3.681,0.0,0.0,0.0,0.0,0.0,0.0,0.0
111.101,apt_marker_maskon,PARKED,0.0,0.0,0.0,2,0.0,3.681,0.0,0.0,0.0,0.0,0.0,0.0,0.0
111.202,apt_marker_maskon,PARKED,0.0,0.0,0.0,2,0.0,3.745,0.0,0.0,0.0,0.0,0.0,0.0,0.0
111.336,apt_marker_maskon,PARKED,0.0,0.0,0.0,2,0.0,3.742,0.0,0.0,0.0,0.0,0.0,0.0,0.0
111.401,apt_marker_maskon,PARKED,0.0,0.0,0.0,2,0.0,3.715,0.0,0.0,0.0,0.0,0.0,0.0,0.0
111.501,apt_marker_maskon,PARKED,0.0,0.0,0.0,2,0.0,3.715,0.0,0.0,0.0,0.0,0.0,0.0,0.0
111.601,apt_marker_maskon,PARKED,0.0,0.0,0.0,2,0.0,3.715,0.0,0.0,0.0,0.0,0.0,0.0,0.0
111.701,apt_marker_maskon,PARKED,0.0,0.0,0.0,2,0.0,3.715,0.0,0.0,0.0,0.0,0.0,0.0,0.0
111.839,apt_marker_maskon,PARKED,0.0,0.0,0.0,2,0.0,3.663,0.0,0.0,0.0,0.0,0.0,0.0,0.0
111.901,apt_marker_maskon,PARKED,0.0,0.0,0.0,2,0.0,3.661,0.0,0.0,0.0,0.0,0.0,0.0,0.0
112.046,apt_marker_maskon,PARKED,0.0,0.0,0.0,2,0.0,3.624,0.0,0.0,0.0,0.0,0.0,0.0,0.0
112.101,apt_marker_maskon,PARKED,0.0,0.0,0.0,2,0.0,3.624,0.0,0.0,0.0,0.0,0.0,0.0,0.0
112.201,apt_marker_maskon,PARKED,0.0,0.0,0.0,2,0.0,3.651,0.0,0.0,0.0,0.0,0.0,0.0,0.0
112.333,apt_marker_maskon,PARKED,0.0,0.0,0.0,2,0.0,3.751,0.0,0.0,0.0,0.0,0.0,0.0,0.0
112.401,apt_marker_maskon,PARKED,0.0,0.0,0.0,2,0.0,3.747,0.0,0.0,0.0,0.0,0.0,0.0,0.0
112.501,apt_marker_maskon,PARKED,0.0,0.0,0.0,2,0.0,3.747,0.0,0.0,0.0,0.0,0.0,0.0,0.0
112.601,apt_marker_maskon,PARKED,0.0,0.0,0.0,2,0.0,3.747,0.0,0.0,0.0,0.0,0.0,0.0,0.0
112.739,apt_marker_maskon,PARKED,0.0,0.0,0.0,2,0.0,3.708,0.0,0.0,0.0,0.0,0.0,0.0,0.0
112.801,apt_marker_maskon,PARKED,0.0,0.0,0.0,2,0.0,3.721,0.0,0.0,0.0,0.0,0.0,0.0,0.0
112.944,apt_marker_maskon,PARKED,0.0,0.0,0.0,2,0.0,3.721,0.0,0.0,0.0,0.0,0.0,0.0,0.0
113.001,apt_marker_maskon,PARKED,0.0,0.0,0.0,2,0.0,3.721,0.0,0.0,0.0,0.0,0.0,0.0,0.0
113.113,apt_marker_maskon,PARKED,0.0,0.0,0.0,2,0.0,3.714,0.0,0.0,0.0,0.0,0.0,0.0,0.0
113.202,apt_marker_maskon,PARKED,0.0,0.0,0.0,2,0.0,3.714,0.0,0.0,0.0,0.0,0.0,0.0,0.0
113.343,apt_marker_maskon,PARKED,0.0,0.0,0.0,2,0.0,3.723,0.0,0.0,0.0,0.0,0.0,0.0,0.0
113.401,apt_marker_maskon,PARKED,0.0,0.0,0.0,2,0.0,3.723,0.0,0.0,0.0,0.0,0.0,0.0,0.0
113.502,apt_marker_maskon,PARKED,0.0,0.0,0.0,2,0.0,3.723,0.0,0.0,0.0,0.0,0.0,0.0,0.0
113.602,apt_marker_maskon,PARKED,0.0,0.0,0.0,2,0.0,3.769,0.0,0.0,0.0,0.0,0.0,0.0,0.0
113.701,apt_marker_maskon,PARKED,0.0,0.0,0.0,2,0.0,3.769,0.0,0.0,0.0,0.0,0.0,0.0,0.0
113.801,apt_marker_maskon,PARKED,0.0,0.0,0.0,2,0.0,3.769,0.0,0.0,0.0,0.0,0.0,0.0,0.0
113.901,apt_marker_maskon,PARKED,0.0,0.0,0.0,2,0.0,3.728,0.0,0.0,0.0,0.0,0.0,0.0,0.0
114.001,apt_marker_maskon,PARKED,0.0,0.0,0.0,2,0.0,3.728,0.0,0.0,0.0,0.0,0.0,0.0,0.0
114.102,apt_marker_maskon,PARKED,0.0,0.0,0.0,2,0.0,3.796,0.0,0.0,0.0,0.0,0.0,0.0,0.0
114.201,apt_marker_maskon,PARKED,0.0,0.0,0.0,2,0.0,3.751,0.0,0.0,0.0,0.0,0.0,0.0,0.0
114.301,apt_marker_maskon,PARKED,0.0,0.0,0.0,2,0.0,3.74,0.0,0.0,0.0,0.0,0.0,0.0,0.0
114.402,apt_marker_maskon,PARKED,0.0,0.0,0.0,2,0.0,3.74,0.0,0.0,0.0,0.0,0.0,0.0,0.0
114.506,apt_marker_maskon,PARKED,0.0,0.0,0.0,2,0.0,3.794,0.0,0.0,0.0,0.0,0.0,0.0,0.0
114.601,apt_marker_maskon,PARKED,0.0,0.0,0.0,2,0.0,3.731,0.0,0.0,0.0,0.0,0.0,0.0,0.0
114.744,apt_marker_maskon,PARKED,0.0,0.0,0.0,2,0.0,3.731,0.0,0.0,0.0,0.0,0.0,0.0,0.0
114.801,apt_marker_maskon,PARKED,0.0,0.0,0.0,2,0.0,3.731,0.0,0.0,0.0,0.0,0.0,0.0,0.0
114.901,apt_marker_maskon,PARKED,0.0,0.0,0.0,2,0.0,3.731,0.0,0.0,0.0,0.0,0.0,0.0,0.0
115.03,apt_marker_maskon,PARKED,0.0,0.0,0.0,2,0.0,3.783,0.0,0.0,0.0,0.0,0.0,0.0,0.0
115.101,apt_marker_maskon,PARKED,0.0,0.0,0.0,2,0.0,3.783,0.0,0.0,0.0,0.0,0.0,0.0,0.0
115.228,apt_marker_maskon,PARKED,0.0,0.0,0.0,2,0.0,3.801,0.0,0.0,0.0,0.0,0.0,0.0,0.0
115.306,apt_marker_maskon,PARKED,0.0,0.0,0.0,2,0.0,3.806,0.0,0.0,0.0,0.0,0.0,0.0,0.0
115.402,apt_marker_maskon,PARKED,0.0,0.0,0.0,2,0.0,3.806,0.0,0.0,0.0,0.0,0.0,0.0,0.0
115.518,apt_marker_maskon,PARKED,0.0,0.0,0.0,2,0.0,3.718,0.0,0.0,0.0,0.0,0.0,0.0,0.0
115.601,apt_marker_maskon,PARKED,0.0,0.0,0.0,2,0.0,3.718,0.0,0.0,0.0,0.0,0.0,0.0,0.0
115.701,apt_marker_maskon,PARKED,0.0,0.0,0.0,2,0.0,3.76,0.0,0.0,0.0,0.0,0.0,0.0,0.0
115.801,apt_marker_maskon,PARKED,0.0,0.0,0.0,2,0.0,3.797,0.0,0.0,0.0,0.0,0.0,0.0,0.0
115.901,apt_marker_maskon,PARKED,0.0,0.0,0.0,2,0.0,3.773,0.0,0.0,0.0,0.0,0.0,0.0,0.0
116.001,apt_marker_maskon,PARKED,0.0,0.0,0.0,2,0.0,3.773,0.0,0.0,0.0,0.0,0.0,0.0,0.0
116.145,apt_marker_maskon,PARKED,0.0,0.0,0.0,2,0.0,3.801,0.0,0.0,0.0,0.0,0.0,0.0,0.0
116.225,apt_marker_maskon,PARKED,0.0,0.0,0.0,2,0.0,3.864,0.0,0.0,0.0,0.0,0.0,0.0,0.0
116.301,apt_marker_maskon,PARKED,0.0,0.0,0.0,2,0.0,3.864,0.0,0.0,0.0,0.0,0.0,0.0,0.0
116.428,apt_marker_maskon,PARKED,0.0,0.0,0.0,2,0.0,3.768,0.0,0.0,0.0,0.0,0.0,0.0,0.0
116.502,apt_marker_maskon,PARKED,0.0,0.0,0.0,2,0.0,3.768,0.0,0.0,0.0,0.0,0.0,0.0,0.0
116.62,apt_marker_maskon,PARKED,0.0,0.0,0.0,2,0.0,3.761,0.0,0.0,0.0,0.0,0.0,0.0,0.0
116.701,apt_marker_maskon,PARKED,0.0,0.0,0.0,2,0.0,3.761,0.0,0.0,0.0,0.0,0.0,0.0,0.0
116.831,apt_marker_maskon,PARKED,0.0,0.0,0.0,2,0.0,3.757,0.0,0.0,0.0,0.0,0.0,0.0,0.0
116.901,apt_marker_maskon,PARKED,0.0,0.0,0.0,2,0.0,3.686,0.0,0.0,0.0,0.0,0.0,0.0,0.0
117.001,apt_marker_maskon,PARKED,0.0,0.0,0.0,2,0.0,3.686,0.0,0.0,0.0,0.0,0.0,0.0,0.0
117.101,apt_marker_maskon,PARKED,0.0,0.0,0.0,2,0.0,3.686,0.0,0.0,0.0,0.0,0.0,0.0,0.0
117.201,apt_marker_maskon,PARKED,0.0,0.0,0.0,2,0.0,3.674,0.0,0.0,0.0,0.0,0.0,0.0,0.0
117.342,apt_marker_maskon,PARKED,0.0,0.0,0.0,2,0.0,3.737,0.0,0.0,0.0,0.0,0.0,0.0,0.0
117.401,apt_marker_maskon,PARKED,0.0,0.0,0.0,2,0.0,3.737,0.0,0.0,0.0,0.0,0.0,0.0,0.0
117.501,apt_marker_maskon,PARKED,0.0,0.0,0.0,2,0.0,3.695,0.0,0.0,0.0,0.0,0.0,0.0,0.0
117.607,apt_marker_maskon,PARKED,0.0,0.0,0.0,2,0.0,3.7,0.0,0.0,0.0,0.0,0.0,0.0,0.0
117.744,apt_marker_maskon,PARKED,0.0,0.0,0.0,2,0.0,3.702,0.0,0.0,0.0,0.0,0.0,0.0,0.0
117.824,apt_marker_maskon,PARKED,0.0,0.0,0.0,2,0.0,3.702,0.0,0.0,0.0,0.0,0.0,0.0,0.0
117.901,apt_marker_maskon,PARKED,0.0,0.0,0.0,2,0.0,3.702,0.0,0.0,0.0,0.0,0.0,0.0,0.0
118.001,apt_marker_maskon,PARKED,0.0,0.0,0.0,2,0.0,3.662,0.0,0.0,0.0,0.0,0.0,0.0,0.0
118.102,apt_marker_maskon,PARKED,0.0,0.0,0.0,2,0.0,3.662,0.0,0.0,0.0,0.0,0.0,0.0,0.0
118.203,apt_marker_maskon,PARKED,0.0,0.0,0.0,2,0.0,3.72,0.0,0.0,0.0,0.0,0.0,0.0,0.0
118.301,apt_marker_maskon,PARKED,0.0,0.0,0.0,2,0.0,3.72,0.0,0.0,0.0,0.0,0.0,0.0,0.0
118.402,apt_marker_maskon,PARKED,0.0,0.0,0.0,2,0.0,3.739,0.0,0.0,0.0,0.0,0.0,0.0,0.0
118.513,apt_marker_maskon,PARKED,0.0,0.0,0.0,2,0.0,3.708,0.0,0.0,0.0,0.0,0.0,0.0,0.0
118.621,apt_marker_maskon,PARKED,0.0,0.0,0.0,2,0.0,3.708,0.0,0.0,0.0,0.0,0.0,0.0,0.0
118.701,apt_marker_maskon,PARKED,0.0,0.0,0.0,2,0.0,3.711,0.0,0.0,0.0,0.0,0.0,0.0,0.0
118.841,apt_marker_maskon,PARKED,0.0,0.0,0.0,2,0.0,3.699,0.0,0.0,0.0,0.0,0.0,0.0,0.0
118.901,apt_marker_maskon,PARKED,0.0,0.0,0.0,2,0.0,3.673,0.0,0.0,0.0,0.0,0.0,0.0,0.0
119.001,apt_marker_maskon,PARKED,0.0,0.0,0.0,2,0.0,3.666,0.0,0.0,0.0,0.0,0.0,0.0,0.0
119.101,apt_marker_maskon,PARKED,0.0,0.0,0.0,2,0.0,3.659,0.0,0.0,0.0,0.0,0.0,0.0,0.0
119.201,apt_marker_maskon,PARKED,0.0,0.0,0.0,2,0.0,3.659,0.0,0.0,0.0,0.0,0.0,0.0,0.0
119.301,apt_marker_maskon,PARKED,0.0,0.0,0.0,2,0.0,3.659,0.0,0.0,0.0,0.0,0.0,0.0,0.0
119.449,apt_marker_maskon,PARKED,0.0,0.0,0.0,2,0.0,3.702,0.0,0.0,0.0,0.0,0.0,0.0,0.0
119.514,apt_marker_maskon,PARKED,0.0,0.0,0.0,2,0.0,3.671,0.0,0.0,0.0,0.0,0.0,0.0,0.0
119.601,apt_marker_maskon,PARKED,0.0,0.0,0.0,2,0.0,3.688,0.0,0.0,0.0,0.0,0.0,0.0,0.0
119.738,apt_marker_maskon,PARKED,0.0,0.0,0.0,2,0.0,3.688,0.0,0.0,0.0,0.0,0.0,0.0,0.0
119.818,apt_marker_maskon,PARKED,0.0,0.0,0.0,2,0.0,3.735,0.0,0.0,0.0,0.0,0.0,0.0,0.0
119.911,apt_marker_maskon,PARKED,0.0,0.0,0.0,2,0.0,3.735,0.0,0.0,0.0,0.0,0.0,0.0,0.0
120.025,apt_marker_maskon,PARKED,0.0,0.0,0.0,2,0.0,3.751,0.0,0.0,0.0,0.0,0.0,0.0,0.0
120.101,apt_marker_maskon,PARKED,0.0,0.0,0.0,2,0.0,3.751,0.0,0.0,0.0,0.0,0.0,0.0,0.0
120.201,apt_marker_maskon,PARKED,0.0,0.0,0.0,2,0.0,3.703,0.0,0.0,0.0,0.0,0.0,0.0,0.0
120.301,apt_marker_maskon,PARKED,0.0,0.0,0.0,2,0.0,3.703,0.0,0.0,0.0,0.0,0.0,0.0,0.0
120.419,apt_marker_maskon,PARKED,0.0,0.0,0.0,2,0.0,3.734,0.0,0.0,0.0,0.0,0.0,0.0,0.0
120.501,apt_marker_maskon,PARKED,0.0,0.0,0.0,2,0.0,3.716,0.0,0.0,0.0,0.0,0.0,0.0,0.0
120.611,apt_marker_maskon,PARKED,0.0,0.0,0.0,2,0.0,3.716,0.0,0.0,0.0,0.0,0.0,0.0,0.0
120.701,apt_marker_maskon,PARKED,0.0,0.0,0.0,2,0.0,3.781,0.0,0.0,0.0,0.0,0.0,0.0,0.0
120.85,apt_marker_maskon,PARKED,0.0,0.0,0.0,2,0.0,3.718,0.0,0.0,0.0,0.0,0.0,0.0,0.0
120.906,apt_marker_maskon,PARKED,0.0,0.0,0.0,2,0.0,3.698,0.0,0.0,0.0,0.0,0.0,0.0,0.0
121.002,apt_marker_maskon,PARKED,0.0,0.0,0.0,2,0.0,3.698,0.0,0.0,0.0,0.0,0.0,0.0,0.0
121.102,apt_marker_maskon,PARKED,0.0,0.0,0.0,2,0.0,3.754,0.0,0.0,0.0,0.0,0.0,0.0,0.0
121.209,apt_marker_maskon,PARKED,0.0,0.0,0.0,2,0.0,3.754,0.0,0.0,0.0,0.0,0.0,0.0,0.0
121.301,apt_marker_maskon,PARKED,0.0,0.0,0.0,2,0.0,3.754,0.0,0.0,0.0,0.0,0.0,0.0,0.0
121.401,apt_marker_maskon,PARKED,0.0,0.0,0.0,2,0.0,3.754,0.0,0.0,0.0,0.0,0.0,0.0,0.0
121.535,apt_marker_maskon,PARKED,0.0,0.0,0.0,2,0.0,3.787,0.0,0.0,0.0,0.0,0.0,0.0,0.0
121.602,apt_marker_maskon,PARKED,0.0,0.0,0.0,2,0.0,3.787,0.0,0.0,0.0,0.0,0.0,0.0,0.0
121.706,apt_marker_maskon,PARKED,0.0,0.0,0.0,2,0.0,3.791,0.0,0.0,0.0,0.0,0.0,0.0,0.0
121.819,apt_marker_maskon,PARKED,0.0,0.0,0.0,2,0.0,3.814,0.0,0.0,0.0,0.0,0.0,0.0,0.0
121.901,apt_marker_maskon,PARKED,0.0,0.0,0.0,2,0.0,3.714,0.0,0.0,0.0,0.0,0.0,0.0,0.0
122.038,apt_marker_maskon,PARKED,0.0,0.0,0.0,2,0.0,3.662,0.0,0.0,0.0,0.0,0.0,0.0,0.0
122.101,apt_marker_maskon,PARKED,0.0,0.0,0.0,2,0.0,3.662,0.0,0.0,0.0,0.0,0.0,0.0,0.0
122.201,apt_marker_maskon,PARKED,0.0,0.0,0.0,2,0.0,3.662,0.0,0.0,0.0,0.0,0.0,0.0,0.0
122.301,apt_marker_maskon,PARKED,0.0,0.0,0.0,2,0.0,3.75,0.0,0.0,0.0,0.0,0.0,0.0,0.0
122.401,apt_marker_maskon,PARKED,0.0,0.0,0.0,2,0.0,3.75,0.0,0.0,0.0,0.0,0.0,0.0,0.0
122.502,apt_marker_maskon,PARKED,0.0,0.0,0.0,2,0.0,3.75,0.0,0.0,0.0,0.0,0.0,0.0,0.0
122.62,apt_marker_maskon,PARKED,0.0,0.0,0.0,2,0.0,3.774,0.0,0.0,0.0,0.0,0.0,0.0,0.0
122.702,apt_marker_maskon,PARKED,0.0,0.0,0.0,2,0.0,3.774,0.0,0.0,0.0,0.0,0.0,0.0,0.0
122.801,apt_marker_maskon,PARKED,0.0,0.0,0.0,2,0.0,3.774,0.0,0.0,0.0,0.0,0.0,0.0,0.0
122.945,apt_marker_maskon,PARKED,0.0,0.0,0.0,2,0.0,3.64,0.0,0.0,0.0,0.0,0.0,0.0,0.0
123.001,apt_marker_maskon,PARKED,0.0,0.0,0.0,2,0.0,3.64,0.0,0.0,0.0,0.0,0.0,0.0,0.0
123.101,apt_marker_maskon,PARKED,0.0,0.0,0.0,2,0.0,3.64,0.0,0.0,0.0,0.0,0.0,0.0,0.0
123.219,apt_marker_maskon,PARKED,0.0,0.0,0.0,2,0.0,3.738,0.0,0.0,0.0,0.0,0.0,0.0,0.0
123.3,apt_marker_maskon,PARKED,0.0,0.0,0.0,2,0.0,3.694,0.0,0.0,0.0,0.0,0.0,0.0,0.0
123.401,apt_marker_maskon,PARKED,0.0,0.0,0.0,2,0.0,3.694,0.0,0.0,0.0,0.0,0.0,0.0,0.0
123.501,apt_marker_maskon,PARKED,0.0,0.0,0.0,2,0.0,3.694,0.0,0.0,0.0,0.0,0.0,0.0,0.0
123.647,apt_marker_maskon,PARKED,0.0,0.0,0.0,2,0.0,3.728,0.0,0.0,0.0,0.0,0.0,0.0,0.0
123.749,apt_marker_maskon,PARKED,0.0,0.0,0.0,2,0.0,3.719,0.0,0.0,0.0,0.0,0.0,0.0,0.0
123.803,apt_marker_maskon,PARKED,0.0,0.0,0.0,2,0.0,3.815,0.0,0.0,0.0,0.0,0.0,0.0,0.0
123.901,apt_marker_maskon,PARKED,0.0,0.0,0.0,2,0.0,3.815,0.0,0.0,0.0,0.0,0.0,0.0,0.0
124.017,apt_marker_maskon,PARKED,0.0,0.0,0.0,2,0.0,3.715,0.0,0.0,0.0,0.0,0.0,0.0,0.0
124.144,apt_marker_maskon,PARKED,0.0,0.0,0.0,2,0.0,3.715,0.0,0.0,0.0,0.0,0.0,0.0,0.0
124.201,apt_marker_maskon,PARKED,0.0,0.0,0.0,2,0.0,3.715,0.0,0.0,0.0,0.0,0.0,0.0,0.0
124.301,apt_marker_maskon,PARKED,0.0,0.0,0.0,2,0.0,3.757,0.0,0.0,0.0,0.0,0.0,0.0,0.0
124.413,apt_marker_maskon,PARKED,0.0,0.0,0.0,2,0.0,3.794,0.0,0.0,0.0,0.0,0.0,0.0,0.0
124.502,apt_marker_maskon,PARKED,0.0,0.0,0.0,2,0.0,3.794,0.0,0.0,0.0,0.0,0.0,0.0,0.0
124.601,apt_marker_maskon,PARKED,0.0,0.0,0.0,2,0.0,3.719,0.0,0.0,0.0,0.0,0.0,0.0,0.0
124.701,apt_marker_maskon,PARKED,0.0,0.0,0.0,2,0.0,3.694,0.0,0.0,0.0,0.0,0.0,0.0,0.0
124.801,apt_marker_maskon,PARKED,0.0,0.0,0.0,2,0.0,3.694,0.0,0.0,0.0,0.0,0.0,0.0,0.0
124.946,apt_marker_maskon,PARKED,0.0,0.0,0.0,2,0.0,3.763,0.0,0.0,0.0,0.0,0.0,0.0,0.0
125.007,apt_marker_maskon,PARKED,0.0,0.0,0.0,2,0.0,3.763,0.0,0.0,0.0,0.0,0.0,0.0,0.0
125.103,apt_marker_maskon,PARKED,0.0,0.0,0.0,2,0.0,3.807,0.0,0.0,0.0,0.0,0.0,0.0,0.0
125.201,apt_marker_maskon,PARKED,0.0,0.0,0.0,2,0.0,3.807,0.0,0.0,0.0,0.0,0.0,0.0,0.0
125.302,apt_marker_maskon,PARKED,0.0,0.0,0.0,2,0.0,3.74,0.0,0.0,0.0,0.0,0.0,0.0,0.0
125.428,apt_marker_maskon,PARKED,0.0,0.0,0.0,2,0.0,3.779,0.0,0.0,0.0,0.0,0.0,0.0,0.0
125.501,apt_marker_maskon,PARKED,0.0,0.0,0.0,2,0.0,3.779,0.0,0.0,0.0,0.0,0.0,0.0,0.0
125.601,apt_marker_maskon,PARKED,0.0,0.0,0.0,2,0.0,3.779,0.0,0.0,0.0,0.0,0.0,0.0,0.0
125.701,apt_marker_maskon,PARKED,0.0,0.0,0.0,2,0.0,3.779,0.0,0.0,0.0,0.0,0.0,0.0,0.0
125.802,apt_marker_maskon,PARKED,0.0,0.0,0.0,2,0.0,3.718,0.0,0.0,0.0,0.0,0.0,0.0,0.0
125.94,apt_marker_maskon,PARKED,0.0,0.0,0.0,2,0.0,3.775,0.0,0.0,0.0,0.0,0.0,0.0,0.0
126.001,apt_marker_maskon,PARKED,0.0,0.0,0.0,2,0.0,3.775,0.0,0.0,0.0,0.0,0.0,0.0,0.0
126.102,apt_marker_maskon,PARKED,0.0,0.0,0.0,2,0.0,3.727,0.0,0.0,0.0,0.0,0.0,0.0,0.0
126.202,apt_marker_maskon,PARKED,0.0,0.0,0.0,2,0.0,3.685,0.0,0.0,0.0,0.0,0.0,0.0,0.0
126.312,apt_marker_maskon,PARKED,0.0,0.0,0.0,2,0.0,3.743,0.0,0.0,0.0,0.0,0.0,0.0,0.0
126.401,apt_marker_maskon,PARKED,0.0,0.0,0.0,2,0.0,3.738,0.0,0.0,0.0,0.0,0.0,0.0,0.0
126.501,apt_marker_maskon,PARKED,0.0,0.0,0.0,2,0.0,3.748,0.0,0.0,0.0,0.0,0.0,0.0,0.0
126.601,apt_marker_maskon,PARKED,0.0,0.0,0.0,2,0.0,3.748,0.0,0.0,0.0,0.0,0.0,0.0,0.0
126.7,apt_marker_maskon,PARKED,0.0,0.0,0.0,2,0.0,3.748,0.0,0.0,0.0,0.0,0.0,0.0,0.0
126.819,apt_marker_maskon,PARKED,0.0,0.0,0.0,2,0.0,3.701,0.0,0.0,0.0,0.0,0.0,0.0,0.0
126.901,apt_marker_maskon,PARKED,0.0,0.0,0.0,2,0.0,3.701,0.0,0.0,0.0,0.0,0.0,0.0,0.0
127.001,apt_marker_maskon,PARKED,0.0,0.0,0.0,2,0.0,3.726,0.0,0.0,0.0,0.0,0.0,0.0,0.0
127.119,apt_marker_maskon,PARKED,0.0,0.0,0.0,2,0.0,3.702,0.0,0.0,0.0,0.0,0.0,0.0,0.0
127.201,apt_marker_maskon,PARKED,0.0,0.0,0.0,2,0.0,3.756,0.0,0.0,0.0,0.0,0.0,0.0,0.0
127.322,apt_marker_maskon,PARKED,0.0,0.0,0.0,2,0.0,3.736,0.0,0.0,0.0,0.0,0.0,0.0,0.0
127.424,apt_marker_maskon,PARKED,0.0,0.0,0.0,2,0.0,3.701,0.0,0.0,0.0,0.0,0.0,0.0,0.0
127.501,apt_marker_maskon,PARKED,0.0,0.0,0.0,2,0.0,3.701,0.0,0.0,0.0,0.0,0.0,0.0,0.0
127.601,apt_marker_maskon,PARKED,0.0,0.0,0.0,2,0.0,3.739,0.0,0.0,0.0,0.0,0.0,0.0,0.0
127.701,apt_marker_maskon,PARKED,0.0,0.0,0.0,2,0.0,3.739,0.0,0.0,0.0,0.0,0.0,0.0,0.0
127.801,apt_marker_maskon,PARKED,0.0,0.0,0.0,2,0.0,3.739,0.0,0.0,0.0,0.0,0.0,0.0,0.0
127.901,apt_marker_maskon,PARKED,0.0,0.0,0.0,2,0.0,3.739,0.0,0.0,0.0,0.0,0.0,0.0,0.0
128.002,apt_marker_maskon,PARKED,0.0,0.0,0.0,2,0.0,3.739,0.0,0.0,0.0,0.0,0.0,0.0,0.0
128.12,apt_marker_maskon,PARKED,0.0,0.0,0.0,2,0.0,3.658,0.0,0.0,0.0,0.0,0.0,0.0,0.0
128.202,apt_marker_maskon,PARKED,0.0,0.0,0.0,2,0.0,3.658,0.0,0.0,0.0,0.0,0.0,0.0,0.0
128.324,apt_marker_maskon,PARKED,0.0,0.0,0.0,2,0.0,3.684,0.0,0.0,0.0,0.0,0.0,0.0,0.0
128.401,apt_marker_maskon,PARKED,0.0,0.0,0.0,2,0.0,3.684,0.0,0.0,0.0,0.0,0.0,0.0,0.0
128.52,apt_marker_maskon,PARKED,0.0,0.0,0.0,2,0.0,3.679,0.0,0.0,0.0,0.0,0.0,0.0,0.0
128.601,apt_marker_maskon,PARKED,0.0,0.0,0.0,2,0.0,3.722,0.0,0.0,0.0,0.0,0.0,0.0,0.0
128.702,apt_marker_maskon,PARKED,0.0,0.0,0.0,2,0.0,3.722,0.0,0.0,0.0,0.0,0.0,0.0,0.0
128.844,apt_marker_maskon,PARKED,0.0,0.0,0.0,2,0.0,3.679,0.0,0.0,0.0,0.0,0.0,0.0,0.0
128.901,apt_marker_maskon,PARKED,0.0,0.0,0.0,2,0.0,3.679,0.0,0.0,0.0,0.0,0.0,0.0,0.0
129.025,apt_marker_maskon,PARKED,0.0,0.0,0.0,2,0.0,3.74,0.0,0.0,0.0,0.0,0.0,0.0,0.0
129.101,apt_marker_maskon,PARKED,0.0,0.0,0.0,2,0.0,3.74,0.0,0.0,0.0,0.0,0.0,0.0,0.0
129.201,apt_marker_maskon,PARKED,0.0,0.0,0.0,2,0.0,3.777,0.0,0.0,0.0,0.0,0.0,0.0,0.0
129.301,apt_marker_maskon,PARKED,0.0,0.0,0.0,2,0.0,3.777,0.0,0.0,0.0,0.0,0.0,0.0,0.0
129.402,apt_marker_maskon,PARKED,0.0,0.0,0.0,2,0.0,3.84,0.0,0.0,0.0,0.0,0.0,0.0,0.0
129.531,apt_marker_maskon,PARKED,0.0,0.0,0.0,2,0.0,3.738,0.0,0.0,0.0,0.0,0.0,0.0,0.0
129.601,apt_marker_maskon,PARKED,0.0,0.0,0.0,2,0.0,3.738,0.0,0.0,0.0,0.0,0.0,0.0,0.0
129.705,apt_marker_maskon,PARKED,0.0,0.0,0.0,2,0.0,3.738,0.0,0.0,0.0,0.0,0.0,0.0,0.0
129.801,apt_marker_maskon,PARKED,0.0,0.0,0.0,2,0.0,3.738,0.0,0.0,0.0,0.0,0.0,0.0,0.0
129.901,apt_marker_maskon,PARKED,0.0,0.0,0.0,2,0.0,3.738,0.0,0.0,0.0,0.0,0.0,0.0,0.0
130.001,apt_marker_maskon,PARKED,0.0,0.0,0.0,2,0.0,3.644,0.0,0.0,0.0,0.0,0.0,0.0,0.0
130.149,apt_marker_maskon,PARKED,0.0,0.0,0.0,2,0.0,3.644,0.0,0.0,0.0,0.0,0.0,0.0,0.0
130.21,apt_marker_maskon,PARKED,0.0,0.0,0.0,2,0.0,3.726,0.0,0.0,0.0,0.0,0.0,0.0,0.0
130.334,apt_marker_maskon,PARKED,0.0,0.0,0.0,2,0.0,3.726,0.0,0.0,0.0,0.0,0.0,0.0,0.0
130.445,apt_marker_maskon,PARKED,0.0,0.0,0.0,2,0.0,3.691,0.0,0.0,0.0,0.0,0.0,0.0,0.0
130.501,apt_marker_maskon,PARKED,0.0,0.0,0.0,2,0.0,3.691,0.0,0.0,0.0,0.0,0.0,0.0,0.0
130.635,apt_marker_maskon,PARKED,0.0,0.0,0.0,2,0.0,3.739,0.0,0.0,0.0,0.0,0.0,0.0,0.0
130.742,apt_marker_maskon,PARKED,0.0,0.0,0.0,2,0.0,3.778,0.0,0.0,0.0,0.0,0.0,0.0,0.0
130.802,apt_marker_maskon,PARKED,0.0,0.0,0.0,2,0.0,3.778,0.0,0.0,0.0,0.0,0.0,0.0,0.0
130.901,apt_marker_maskon,PARKED,0.0,0.0,0.0,2,0.0,3.778,0.0,0.0,0.0,0.0,0.0,0.0,0.0
131.001,apt_marker_maskon,PARKED,0.0,0.0,0.0,2,0.0,3.685,0.0,0.0,0.0,0.0,0.0,0.0,0.0
131.101,apt_marker_maskon,PARKED,0.0,0.0,0.0,2,0.0,3.685,0.0,0.0,0.0,0.0,0.0,0.0,0.0
131.237,apt_marker_maskon,PARKED,0.0,0.0,0.0,2,0.0,3.702,0.0,0.0,0.0,0.0,0.0,0.0,0.0
131.31,apt_marker_maskon,PARKED,0.0,0.0,0.0,2,0.0,3.746,0.0,0.0,0.0,0.0,0.0,0.0,0.0
131.433,apt_marker_maskon,PARKED,0.0,0.0,0.0,2,0.0,3.813,0.0,0.0,0.0,0.0,0.0,0.0,0.0
131.514,apt_marker_maskon,PARKED,0.0,0.0,0.0,2,0.0,3.813,0.0,0.0,0.0,0.0,0.0,0.0,0.0
131.612,apt_marker_maskon,PARKED,0.0,0.0,0.0,2,0.0,3.738,0.0,0.0,0.0,0.0,0.0,0.0,0.0
131.701,apt_marker_maskon,PARKED,0.0,0.0,0.0,2,0.0,3.738,0.0,0.0,0.0,0.0,0.0,0.0,0.0
131.801,apt_marker_maskon,PARKED,0.0,0.0,0.0,2,0.0,3.723,0.0,0.0,0.0,0.0,0.0,0.0,0.0
131.901,apt_marker_maskon,PARKED,0.0,0.0,0.0,2,0.0,3.723,0.0,0.0,0.0,0.0,0.0,0.0,0.0
132.035,apt_marker_maskon,PARKED,0.0,0.0,0.0,2,0.0,3.729,0.0,0.0,0.0,0.0,0.0,0.0,0.0
132.101,apt_marker_maskon,PARKED,0.0,0.0,0.0,2,0.0,3.729,0.0,0.0,0.0,0.0,0.0,0.0,0.0
132.227,apt_marker_maskon,PARKED,0.0,0.0,0.0,2,0.0,3.715,0.0,0.0,0.0,0.0,0.0,0.0,0.0
132.301,apt_marker_maskon,PARKED,0.0,0.0,0.0,2,0.0,3.754,0.0,0.0,0.0,0.0,0.0,0.0,0.0
132.421,apt_marker_maskon,PARKED,0.0,0.0,0.0,2,0.0,3.754,0.0,0.0,0.0,0.0,0.0,0.0,0.0
132.503,apt_marker_maskon,PARKED,0.0,0.0,0.0,2,0.0,3.786,0.0,0.0,0.0,0.0,0.0,0.0,0.0
132.607,apt_marker_maskon,PARKED,0.0,0.0,0.0,2,0.0,3.786,0.0,0.0,0.0,0.0,0.0,0.0,0.0
132.723,apt_marker_maskon,PARKED,0.0,0.0,0.0,2,0.0,3.694,0.0,0.0,0.0,0.0,0.0,0.0,0.0
132.801,apt_marker_maskon,PARKED,0.0,0.0,0.0,2,0.0,3.694,0.0,0.0,0.0,0.0,0.0,0.0,0.0
132.9,apt_marker_maskon,PARKED,0.0,0.0,0.0,2,0.0,3.694,0.0,0.0,0.0,0.0,0.0,0.0,0.0
133.001,apt_marker_maskon,PARKED,0.0,0.0,0.0,2,0.0,3.694,0.0,0.0,0.0,0.0,0.0,0.0,0.0
133.101,apt_marker_maskon,PARKED,0.0,0.0,0.0,2,0.0,3.694,0.0,0.0,0.0,0.0,0.0,0.0,0.0
133.223,apt_marker_maskon,PARKED,0.0,0.0,0.0,2,0.0,3.728,0.0,0.0,0.0,0.0,0.0,0.0,0.0
133.301,apt_marker_maskon,PARKED,0.0,0.0,0.0,2,0.0,3.728,0.0,0.0,0.0,0.0,0.0,0.0,0.0
133.401,apt_marker_maskon,PARKED,0.0,0.0,0.0,2,0.0,3.758,0.0,0.0,0.0,0.0,0.0,0.0,0.0
133.501,apt_marker_maskon,PARKED,0.0,0.0,0.0,2,0.0,3.755,0.0,0.0,0.0,0.0,0.0,0.0,0.0
133.623,apt_marker_maskon,PARKED,0.0,0.0,0.0,2,0.0,3.714,0.0,0.0,0.0,0.0,0.0,0.0,0.0
133.709,apt_marker_maskon,PARKED,0.0,0.0,0.0,2,0.0,3.757,0.0,0.0,0.0,0.0,0.0,0.0,0.0
133.841,apt_marker_maskon,PARKED,0.0,0.0,0.0,2,0.0,3.825,0.0,0.0,0.0,0.0,0.0,0.0,0.0
133.949,apt_marker_maskon,PARKED,0.0,0.0,0.0,2,0.0,3.825,0.0,0.0,0.0,0.0,0.0,0.0,0.0
134.002,apt_marker_maskon,PARKED,0.0,0.0,0.0,2,0.0,3.825,0.0,0.0,0.0,0.0,0.0,0.0,0.0
134.119,apt_marker_maskon,PARKED,0.0,0.0,0.0,2,0.0,3.822,0.0,0.0,0.0,0.0,0.0,0.0,0.0
134.2,apt_marker_maskon,PARKED,0.0,0.0,0.0,2,0.0,3.722,0.0,0.0,0.0,0.0,0.0,0.0,0.0
134.301,apt_marker_maskon,PARKED,0.0,0.0,0.0,2,0.0,3.722,0.0,0.0,0.0,0.0,0.0,0.0,0.0
134.419,apt_marker_maskon,PARKED,0.0,0.0,0.0,2,0.0,3.712,0.0,0.0,0.0,0.0,0.0,0.0,0.0
134.534,apt_marker_maskon,PARKED,0.0,0.0,0.0,2,0.0,3.715,0.0,0.0,0.0,0.0,0.0,0.0,0.0
134.601,apt_marker_maskon,PARKED,0.0,0.0,0.0,2,0.0,3.715,0.0,0.0,0.0,0.0,0.0,0.0,0.0
134.738,apt_marker_maskon,PARKED,0.0,0.0,0.0,2,0.0,3.713,0.0,0.0,0.0,0.0,0.0,0.0,0.0
134.801,apt_marker_maskon,PARKED,0.0,0.0,0.0,2,0.0,3.713,0.0,0.0,0.0,0.0,0.0,0.0,0.0
134.901,apt_marker_maskon,PARKED,0.0,0.0,0.0,2,0.0,3.717,0.0,0.0,0.0,0.0,0.0,0.0,0.0
135.002,apt_marker_maskon,PARKED,0.0,0.0,0.0,2,0.0,3.717,0.0,0.0,0.0,0.0,0.0,0.0,0.0
135.101,apt_marker_maskon,PARKED,0.0,0.0,0.0,2,0.0,3.717,0.0,0.0,0.0,0.0,0.0,0.0,0.0
135.201,apt_marker_maskon,PARKED,0.0,0.0,0.0,2,0.0,3.717,0.0,0.0,0.0,0.0,0.0,0.0,0.0
135.301,apt_marker_maskon,PARKED,0.0,0.0,0.0,2,0.0,3.766,0.0,0.0,0.0,0.0,0.0,0.0,0.0
135.402,apt_marker_maskon,PARKED,0.0,0.0,0.0,2,0.0,3.766,0.0,0.0,0.0,0.0,0.0,0.0,0.0
135.502,apt_marker_maskon,PARKED,0.0,0.0,0.0,2,0.0,3.791,0.0,0.0,0.0,0.0,0.0,0.0,0.0
135.609,apt_marker_maskon,PARKED,0.0,0.0,0.0,2,0.0,3.741,0.0,0.0,0.0,0.0,0.0,0.0,0.0
135.701,apt_marker_maskon,PARKED,0.0,0.0,0.0,2,0.0,3.741,0.0,0.0,0.0,0.0,0.0,0.0,0.0
135.842,apt_marker_maskon,PARKED,0.0,0.0,0.0,2,0.0,3.832,0.0,0.0,0.0,0.0,0.0,0.0,0.0
135.926,apt_marker_maskon,PARKED,0.0,0.0,0.0,2,0.0,3.832,0.0,0.0,0.0,0.0,0.0,0.0,0.0
136.003,apt_marker_maskon,PARKED,0.0,0.0,0.0,2,0.0,3.813,0.0,0.0,0.0,0.0,0.0,0.0,0.0
136.101,apt_marker_maskon,PARKED,0.0,0.0,0.0,2,0.0,3.813,0.0,0.0,0.0,0.0,0.0,0.0,0.0
136.201,apt_marker_maskon,PARKED,0.0,0.0,0.0,2,0.0,3.813,0.0,0.0,0.0,0.0,0.0,0.0,0.0
136.322,apt_marker_maskon,PARKED,0.0,0.0,0.0,2,0.0,3.696,0.0,0.0,0.0,0.0,0.0,0.0,0.0
136.4,apt_marker_maskon,PARKED,0.0,0.0,0.0,2,0.0,3.696,0.0,0.0,0.0,0.0,0.0,0.0,0.0
136.501,apt_marker_maskon,PARKED,0.0,0.0,0.0,2,0.0,3.696,0.0,0.0,0.0,0.0,0.0,0.0,0.0
136.602,apt_marker_maskon,PARKED,0.0,0.0,0.0,2,0.0,3.664,0.0,0.0,0.0,0.0,0.0,0.0,0.0
136.706,apt_marker_maskon,PARKED,0.0,0.0,0.0,2,0.0,3.664,0.0,0.0,0.0,0.0,0.0,0.0,0.0
136.802,apt_marker_maskon,PARKED,0.0,0.0,0.0,2,0.0,3.71,0.0,0.0,0.0,0.0,0.0,0.0,0.0
136.944,apt_marker_maskon,PARKED,0.0,0.0,0.0,2,0.0,3.71,0.0,0.0,0.0,0.0,0.0,0.0,0.0
137.001,apt_marker_maskon,PARKED,0.0,0.0,0.0,2,0.0,3.71,0.0,0.0,0.0,0.0,0.0,0.0,0.0
137.101,apt_marker_maskon,PARKED,0.0,0.0,0.0,2,0.0,3.783,0.0,0.0,0.0,0.0,0.0,0.0,0.0
137.201,apt_marker_maskon,PARKED,0.0,0.0,0.0,2,0.0,3.783,0.0,0.0,0.0,0.0,0.0,0.0,0.0
137.301,apt_marker_maskon,PARKED,0.0,0.0,0.0,2,0.0,3.731,0.0,0.0,0.0,0.0,0.0,0.0,0.0
137.401,apt_marker_maskon,PARKED,0.0,0.0,0.0,2,0.0,3.731,0.0,0.0,0.0,0.0,0.0,0.0,0.0
137.501,apt_marker_maskon,PARKED,0.0,0.0,0.0,2,0.0,3.737,0.0,0.0,0.0,0.0,0.0,0.0,0.0
137.602,apt_marker_maskon,PARKED,0.0,0.0,0.0,2,0.0,3.671,0.0,0.0,0.0,0.0,0.0,0.0,0.0
137.723,apt_marker_maskon,PARKED,0.0,0.0,0.0,2,0.0,3.754,0.0,0.0,0.0,0.0,0.0,0.0,0.0
137.801,apt_marker_maskon,PARKED,0.0,0.0,0.0,2,0.0,3.754,0.0,0.0,0.0,0.0,0.0,0.0,0.0
137.902,apt_marker_maskon,PARKED,0.0,0.0,0.0,2,0.0,3.705,0.0,0.0,0.0,0.0,0.0,0.0,0.0
138.049,apt_marker_maskon,PARKED,0.0,0.0,0.0,2,0.0,3.692,0.0,0.0,0.0,0.0,0.0,0.0,0.0
138.114,apt_marker_maskon,PARKED,0.0,0.0,0.0,2,0.0,3.681,0.0,0.0,0.0,0.0,0.0,0.0,0.0
138.201,apt_marker_maskon,PARKED,0.0,0.0,0.0,2,0.0,3.681,0.0,0.0,0.0,0.0,0.0,0.0,0.0
138.301,apt_marker_maskon,PARKED,0.0,0.0,0.0,2,0.0,3.681,0.0,0.0,0.0,0.0,0.0,0.0,0.0
138.401,apt_marker_maskon,PARKED,0.0,0.0,0.0,2,0.0,3.681,0.0,0.0,0.0,0.0,0.0,0.0,0.0
138.501,apt_marker_maskon,PARKED,0.0,0.0,0.0,2,0.0,3.706,0.0,0.0,0.0,0.0,0.0,0.0,0.0
138.601,apt_marker_maskon,PARKED,0.0,0.0,0.0,2,0.0,3.688,0.0,0.0,0.0,0.0,0.0,0.0,0.0
138.701,apt_marker_maskon,PARKED,0.0,0.0,0.0,2,0.0,3.688,0.0,0.0,0.0,0.0,0.0,0.0,0.0
138.814,apt_marker_maskon,PARKED,0.0,0.0,0.0,2,0.0,3.688,0.0,0.0,0.0,0.0,0.0,0.0,0.0
138.901,apt_marker_maskon,PARKED,0.0,0.0,0.0,2,0.0,3.732,0.0,0.0,0.0,0.0,0.0,0.0,0.0
139.004,apt_marker_maskon,PARKED,0.0,0.0,0.0,2,0.0,3.732,0.0,0.0,0.0,0.0,0.0,0.0,0.0
139.122,apt_marker_maskon,PARKED,0.0,0.0,0.0,2,0.0,3.858,0.0,0.0,0.0,0.0,0.0,0.0,0.0
139.201,apt_marker_maskon,PARKED,0.0,0.0,0.0,2,0.0,3.858,0.0,0.0,0.0,0.0,0.0,0.0,0.0
139.301,apt_marker_maskon,PARKED,0.0,0.0,0.0,2,0.0,3.858,0.0,0.0,0.0,0.0,0.0,0.0,0.0
139.401,apt_marker_maskon,PARKED,0.0,0.0,0.0,2,0.0,3.858,0.0,0.0,0.0,0.0,0.0,0.0,0.0
139.537,apt_marker_maskon,PARKED,0.0,0.0,0.0,2,0.0,3.703,0.0,0.0,0.0,0.0,0.0,0.0,0.0
139.601,apt_marker_maskon,PARKED,0.0,0.0,0.0,2,0.0,3.703,0.0,0.0,0.0,0.0,0.0,0.0,0.0
139.739,apt_marker_maskon,PARKED,0.0,0.0,0.0,2,0.0,3.707,0.0,0.0,0.0,0.0,0.0,0.0,0.0
139.801,apt_marker_maskon,PARKED,0.0,0.0,0.0,2,0.0,3.707,0.0,0.0,0.0,0.0,0.0,0.0,0.0
139.901,apt_marker_maskon,PARKED,0.0,0.0,0.0,2,0.0,3.707,0.0,0.0,0.0,0.0,0.0,0.0,0.0
140.025,apt_marker_maskon,PARKED,0.0,0.0,0.0,2,0.0,3.731,0.0,0.0,0.0,0.0,0.0,0.0,0.0
140.137,apt_marker_maskon,PARKED,0.0,0.0,0.0,2,0.0,3.732,0.0,0.0,0.0,0.0,0.0,0.0,0.0
140.201,apt_marker_maskon,PARKED,0.0,0.0,0.0,2,0.0,3.732,0.0,0.0,0.0,0.0,0.0,0.0,0.0
140.302,apt_marker_maskon,PARKED,0.0,0.0,0.0,2,0.0,3.79,0.0,0.0,0.0,0.0,0.0,0.0,0.0
140.436,apt_marker_maskon,PARKED,0.0,0.0,0.0,2,0.0,3.699,0.0,0.0,0.0,0.0,0.0,0.0,0.0
140.501,apt_marker_maskon,PARKED,0.0,0.0,0.0,2,0.0,3.699,0.0,0.0,0.0,0.0,0.0,0.0,0.0
140.601,apt_marker_maskon,PARKED,0.0,0.0,0.0,2,0.0,3.749,0.0,0.0,0.0,0.0,0.0,0.0,0.0
140.744,apt_marker_maskon,PARKED,0.0,0.0,0.0,2,0.0,3.73,0.0,0.0,0.0,0.0,0.0,0.0,0.0
140.813,apt_marker_maskon,PARKED,0.0,0.0,0.0,2,0.0,3.782,0.0,0.0,0.0,0.0,0.0,0.0,0.0
140.933,apt_marker_maskon,PARKED,0.0,0.0,0.0,2,0.0,3.795,0.0,0.0,0.0,0.0,0.0,0.0,0.0
141.002,apt_marker_maskon,PARKED,0.0,0.0,0.0,2,0.0,3.795,0.0,0.0,0.0,0.0,0.0,0.0,0.0
141.101,apt_marker_maskon,PARKED,0.0,0.0,0.0,2,0.0,3.775,0.0,0.0,0.0,0.0,0.0,0.0,0.0
141.243,apt_marker_maskon,PARKED,0.0,0.0,0.0,2,0.0,3.685,0.0,0.0,0.0,0.0,0.0,0.0,0.0
141.301,apt_marker_maskon,PARKED,0.0,0.0,0.0,2,0.0,3.685,0.0,0.0,0.0,0.0,0.0,0.0,0.0
141.401,apt_marker_maskon,PARKED,0.0,0.0,0.0,2,0.0,3.685,0.0,0.0,0.0,0.0,0.0,0.0,0.0
141.542,apt_marker_maskon,PARKED,0.0,0.0,0.0,2,0.0,3.748,0.0,0.0,0.0,0.0,0.0,0.0,0.0
141.601,apt_marker_maskon,PARKED,0.0,0.0,0.0,2,0.0,3.748,0.0,0.0,0.0,0.0,0.0,0.0,0.0
141.701,apt_marker_maskon,PARKED,0.0,0.0,0.0,2,0.0,3.761,0.0,0.0,0.0,0.0,0.0,0.0,0.0
141.822,apt_marker_maskon,PARKED,0.0,0.0,0.0,2,0.0,3.838,0.0,0.0,0.0,0.0,0.0,0.0,0.0
141.902,apt_marker_maskon,PARKED,0.0,0.0,0.0,2,0.0,3.821,0.0,0.0,0.0,0.0,0.0,0.0,0.0
142.001,apt_marker_maskon,PARKED,0.0,0.0,0.0,2,0.0,3.821,0.0,0.0,0.0,0.0,0.0,0.0,0.0
142.12,apt_marker_maskon,PARKED,0.0,0.0,0.0,2,0.0,3.688,0.0,0.0,0.0,0.0,0.0,0.0,0.0
142.201,apt_marker_maskon,PARKED,0.0,0.0,0.0,2,0.0,3.688,0.0,0.0,0.0,0.0,0.0,0.0,0.0
142.31,apt_marker_maskon,PARKED,0.0,0.0,0.0,2,0.0,3.733,0.0,0.0,0.0,0.0,0.0,0.0,0.0
142.401,apt_marker_maskon,PARKED,0.0,0.0,0.0,2,0.0,3.733,0.0,0.0,0.0,0.0,0.0,0.0,0.0
142.502,apt_marker_maskon,PARKED,0.0,0.0,0.0,2,0.0,3.733,0.0,0.0,0.0,0.0,0.0,0.0,0.0
142.632,apt_marker_maskon,PARKED,0.0,0.0,0.0,2,0.0,3.722,0.0,0.0,0.0,0.0,0.0,0.0,0.0
142.702,apt_marker_maskon,PARKED,0.0,0.0,0.0,2,0.0,3.756,0.0,0.0,0.0,0.0,0.0,0.0,0.0
142.801,apt_marker_maskon,PARKED,0.0,0.0,0.0,2,0.0,3.685,0.0,0.0,0.0,0.0,0.0,0.0,0.0
142.902,apt_marker_maskon,PARKED,0.0,0.0,0.0,2,0.0,3.707,0.0,0.0,0.0,0.0,0.0,0.0,0.0
143.001,apt_marker_maskon,PARKED,0.0,0.0,0.0,2,0.0,3.707,0.0,0.0,0.0,0.0,0.0,0.0,0.0
143.101,apt_marker_maskon,PARKED,0.0,0.0,0.0,2,0.0,3.765,0.0,0.0,0.0,0.0,0.0,0.0,0.0
143.212,apt_marker_maskon,PARKED,0.0,0.0,0.0,2,0.0,3.635,0.0,0.0,0.0,0.0,0.0,0.0,0.0
143.301,apt_marker_maskon,PARKED,0.0,0.0,0.0,2,0.0,3.635,0.0,0.0,0.0,0.0,0.0,0.0,0.0
143.401,apt_marker_maskon,PARKED,0.0,0.0,0.0,2,0.0,3.635,0.0,0.0,0.0,0.0,0.0,0.0,0.0
143.501,apt_marker_maskon,PARKED,0.0,0.0,0.0,2,0.0,3.635,0.0,0.0,0.0,0.0,0.0,0.0,0.0
143.627,apt_marker_maskon,PARKED,0.0,0.0,0.0,2,0.0,3.635,0.0,0.0,0.0,0.0,0.0,0.0,0.0
143.701,apt_marker_maskon,PARKED,0.0,0.0,0.0,2,0.0,3.635,0.0,0.0,0.0,0.0,0.0,0.0,0.0
143.801,apt_marker_maskon,PARKED,0.0,0.0,0.0,2,0.0,3.635,0.0,0.0,0.0,0.0,0.0,0.0,0.0
143.901,apt_marker_maskon,PARKED,0.0,0.0,0.0,2,0.0,3.635,0.0,0.0,0.0,0.0,0.0,0.0,0.0
144.002,apt_marker_maskon,PARKED,0.0,0.0,0.0,2,0.0,3.729,0.0,0.0,0.0,0.0,0.0,0.0,0.0
144.138,apt_marker_maskon,PARKED,0.0,0.0,0.0,2,0.0,3.703,0.0,0.0,0.0,0.0,0.0,0.0,0.0
144.201,apt_marker_maskon,PARKED,0.0,0.0,0.0,2,0.0,3.764,0.0,0.0,0.0,0.0,0.0,0.0,0.0
144.302,apt_marker_maskon,PARKED,0.0,0.0,0.0,2,0.0,3.764,0.0,0.0,0.0,0.0,0.0,0.0,0.0
144.401,apt_marker_maskon,PARKED,0.0,0.0,0.0,2,0.0,3.758,0.0,0.0,0.0,0.0,0.0,0.0,0.0
144.508,apt_marker_maskon,PARKED,0.0,0.0,0.0,2,0.0,3.833,0.0,0.0,0.0,0.0,0.0,0.0,0.0
144.639,apt_marker_maskon,PARKED,0.0,0.0,0.0,2,0.0,3.735,0.0,0.0,0.0,0.0,0.0,0.0,0.0
144.701,apt_marker_maskon,PARKED,0.0,0.0,0.0,2,0.0,3.735,0.0,0.0,0.0,0.0,0.0,0.0,0.0
144.804,apt_marker_maskon,PARKED,0.0,0.0,0.0,2,0.0,3.71,0.0,0.0,0.0,0.0,0.0,0.0,0.0
144.901,apt_marker_maskon,PARKED,0.0,0.0,0.0,2,0.0,3.71,0.0,0.0,0.0,0.0,0.0,0.0,0.0
145.001,apt_marker_maskon,PARKED,0.0,0.0,0.0,2,0.0,3.698,0.0,0.0,0.0,0.0,0.0,0.0,0.0
145.101,apt_marker_maskon,PARKED,0.0,0.0,0.0,2,0.0,3.698,0.0,0.0,0.0,0.0,0.0,0.0,0.0
145.201,apt_marker_maskon,PARKED,0.0,0.0,0.0,2,0.0,3.714,0.0,0.0,0.0,0.0,0.0,0.0,0.0
145.316,apt_marker_maskon,PARKED,0.0,0.0,0.0,2,0.0,3.742,0.0,0.0,0.0,0.0,0.0,0.0,0.0
145.401,apt_marker_maskon,PARKED,0.0,0.0,0.0,2,0.0,3.742,0.0,0.0,0.0,0.0,0.0,0.0,0.0
145.522,apt_marker_maskon,PARKED,0.0,0.0,0.0,2,0.0,3.717,0.0,0.0,0.0,0.0,0.0,0.0,0.0
145.628,apt_marker_maskon,PARKED,0.0,0.0,0.0,2,0.0,3.711,0.0,0.0,0.0,0.0,0.0,0.0,0.0
145.701,apt_marker_maskon,PARKED,0.0,0.0,0.0,2,0.0,3.678,0.0,0.0,0.0,0.0,0.0,0.0,0.0
145.801,apt_marker_maskon,PARKED,0.0,0.0,0.0,2,0.0,3.678,0.0,0.0,0.0,0.0,0.0,0.0,0.0
145.901,apt_marker_maskon,PARKED,0.0,0.0,0.0,2,0.0,3.748,0.0,0.0,0.0,0.0,0.0,0.0,0.0
146.015,apt_marker_maskon,PARKED,0.0,0.0,0.0,2,0.0,3.779,0.0,0.0,0.0,0.0,0.0,0.0,0.0
146.101,apt_marker_maskon,PARKED,0.0,0.0,0.0,2,0.0,3.779,0.0,0.0,0.0,0.0,0.0,0.0,0.0
146.215,apt_marker_maskon,PARKED,0.0,0.0,0.0,2,0.0,3.721,0.0,0.0,0.0,0.0,0.0,0.0,0.0
146.301,apt_marker_maskon,PARKED,0.0,0.0,0.0,2,0.0,3.67,0.0,0.0,0.0,0.0,0.0,0.0,0.0
146.434,apt_marker_maskon,PARKED,0.0,0.0,0.0,2,0.0,3.775,0.0,0.0,0.0,0.0,0.0,0.0,0.0
146.502,apt_marker_maskon,PARKED,0.0,0.0,0.0,2,0.0,3.775,0.0,0.0,0.0,0.0,0.0,0.0,0.0
146.634,apt_marker_maskon,PARKED,0.0,0.0,0.0,2,0.0,3.733,0.0,0.0,0.0,0.0,0.0,0.0,0.0
146.702,apt_marker_maskon,PARKED,0.0,0.0,0.0,2,0.0,3.733,0.0,0.0,0.0,0.0,0.0,0.0,0.0
146.801,apt_marker_maskon,PARKED,0.0,0.0,0.0,2,0.0,3.765,0.0,0.0,0.0,0.0,0.0,0.0,0.0
146.947,apt_marker_maskon,PARKED,0.0,0.0,0.0,2,0.0,3.759,0.0,0.0,0.0,0.0,0.0,0.0,0.0
147.001,apt_marker_maskon,PARKED,0.0,0.0,0.0,2,0.0,3.759,0.0,0.0,0.0,0.0,0.0,0.0,0.0
147.101,apt_marker_maskon,PARKED,0.0,0.0,0.0,2,0.0,3.787,0.0,0.0,0.0,0.0,0.0,0.0,0.0
147.205,apt_marker_maskon,PARKED,0.0,0.0,0.0,2,0.0,3.774,0.0,0.0,0.0,0.0,0.0,0.0,0.0
147.331,apt_marker_maskon,PARKED,0.0,0.0,0.0,2,0.0,3.749,0.0,0.0,0.0,0.0,0.0,0.0,0.0
147.402,apt_marker_maskon,PARKED,0.0,0.0,0.0,2,0.0,3.749,0.0,0.0,0.0,0.0,0.0,0.0,0.0
147.55,apt_marker_maskon,PARKED,0.0,0.0,0.0,2,0.0,3.818,0.0,0.0,0.0,0.0,0.0,0.0,0.0
147.619,apt_marker_maskon,PARKED,0.0,0.0,0.0,2,0.0,3.813,0.0,0.0,0.0,0.0,0.0,0.0,0.0
147.701,apt_marker_maskon,PARKED,0.0,0.0,0.0,2,0.0,3.813,0.0,0.0,0.0,0.0,0.0,0.0,0.0
147.801,apt_marker_maskon,PARKED,0.0,0.0,0.0,2,0.0,3.786,0.0,0.0,0.0,0.0,0.0,0.0,0.0
147.901,apt_marker_maskon,PARKED,0.0,0.0,0.0,2,0.0,3.786,0.0,0.0,0.0,0.0,0.0,0.0,0.0
148.002,apt_marker_maskon,PARKED,0.0,0.0,0.0,2,0.0,3.786,0.0,0.0,0.0,0.0,0.0,0.0,0.0
148.101,apt_marker_maskon,PARKED,0.0,0.0,0.0,2,0.0,3.786,0.0,0.0,0.0,0.0,0.0,0.0,0.0
148.201,apt_marker_maskon,PARKED,0.0,0.0,0.0,2,0.0,3.786,0.0,0.0,0.0,0.0,0.0,0.0,0.0
148.301,apt_marker_maskon,PARKED,0.0,0.0,0.0,2,0.0,3.715,0.0,0.0,0.0,0.0,0.0,0.0,0.0
148.404,apt_marker_maskon,PARKED,0.0,0.0,0.0,2,0.0,3.676,0.0,0.0,0.0,0.0,0.0,0.0,0.0
148.501,apt_marker_maskon,PARKED,0.0,0.0,0.0,2,0.0,3.718,0.0,0.0,0.0,0.0,0.0,0.0,0.0
148.601,apt_marker_maskon,PARKED,0.0,0.0,0.0,2,0.0,3.756,0.0,0.0,0.0,0.0,0.0,0.0,0.0
148.701,apt_marker_maskon,PARKED,0.0,0.0,0.0,2,0.0,3.756,0.0,0.0,0.0,0.0,0.0,0.0,0.0
148.801,apt_marker_maskon,PARKED,0.0,0.0,0.0,2,0.0,3.737,0.0,0.0,0.0,0.0,0.0,0.0,0.0
148.901,apt_marker_maskon,PARKED,0.0,0.0,0.0,2,0.0,3.737,0.0,0.0,0.0,0.0,0.0,0.0,0.0
149.001,apt_marker_maskon,PARKED,0.0,0.0,0.0,2,0.0,3.737,0.0,0.0,0.0,0.0,0.0,0.0,0.0
149.101,apt_marker_maskon,PARKED,0.0,0.0,0.0,2,0.0,3.737,0.0,0.0,0.0,0.0,0.0,0.0,0.0
149.236,apt_marker_maskon,PARKED,0.0,0.0,0.0,2,0.0,3.747,0.0,0.0,0.0,0.0,0.0,0.0,0.0
149.302,apt_marker_maskon,PARKED,0.0,0.0,0.0,2,0.0,3.747,0.0,0.0,0.0,0.0,0.0,0.0,0.0
149.402,apt_marker_maskon,PARKED,0.0,0.0,0.0,2,0.0,3.701,0.0,0.0,0.0,0.0,0.0,0.0,0.0
149.521,apt_marker_maskon,PARKED,0.0,0.0,0.0,2,0.0,3.685,0.0,0.0,0.0,0.0,0.0,0.0,0.0
149.601,apt_marker_maskon,PARKED,0.0,0.0,0.0,2,0.0,3.691,0.0,0.0,0.0,0.0,0.0,0.0,0.0
149.701,apt_marker_maskon,PARKED,0.0,0.0,0.0,2,0.0,3.692,0.0,0.0,0.0,0.0,0.0,0.0,0.0
149.834,apt_marker_maskon,PARKED,0.0,0.0,0.0,2,0.0,3.736,0.0,0.0,0.0,0.0,0.0,0.0,0.0
149.902,apt_marker_maskon,PARKED,0.0,0.0,0.0,2,0.0,3.736,0.0,0.0,0.0,0.0,0.0,0.0,0.0
150.001,apt_marker_maskon,PARKED,0.0,0.0,0.0,2,0.0,3.736,0.0,0.0,0.0,0.0,0.0,0.0,0.0
150.102,apt_marker_maskon,PARKED,0.0,0.0,0.0,2,0.0,3.736,0.0,0.0,0.0,0.0,0.0,0.0,0.0
150.201,apt_marker_maskon,PARKED,0.0,0.0,0.0,2,0.0,3.736,0.0,0.0,0.0,0.0,0.0,0.0,0.0
150.301,apt_marker_maskon,PARKED,0.0,0.0,0.0,2,0.0,3.718,0.0,0.0,0.0,0.0,0.0,0.0,0.0
150.415,apt_marker_maskon,PARKED,0.0,0.0,0.0,2,0.0,3.718,0.0,0.0,0.0,0.0,0.0,0.0,0.0
150.501,apt_marker_maskon,PARKED,0.0,0.0,0.0,2,0.0,3.718,0.0,0.0,0.0,0.0,0.0,0.0,0.0
150.623,apt_marker_maskon,PARKED,0.0,0.0,0.0,2,0.0,3.667,0.0,0.0,0.0,0.0,0.0,0.0,0.0
150.702,apt_marker_maskon,PARKED,0.0,0.0,0.0,2,0.0,3.667,0.0,0.0,0.0,0.0,0.0,0.0,0.0
150.845,apt_marker_maskon,PARKED,0.0,0.0,0.0,2,0.0,3.706,0.0,0.0,0.0,0.0,0.0,0.0,0.0
150.922,apt_marker_maskon,PARKED,0.0,0.0,0.0,2,0.0,3.715,0.0,0.0,0.0,0.0,0.0,0.0,0.0
151.001,apt_marker_maskon,PARKED,0.0,0.0,0.0,2,0.0,3.715,0.0,0.0,0.0,0.0,0.0,0.0,0.0
151.101,apt_marker_maskon,PARKED,0.0,0.0,0.0,2,0.0,3.726,0.0,0.0,0.0,0.0,0.0,0.0,0.0
151.201,apt_marker_maskon,PARKED,0.0,0.0,0.0,2,0.0,3.726,0.0,0.0,0.0,0.0,0.0,0.0,0.0
151.301,apt_marker_maskon,PARKED,0.0,0.0,0.0,2,0.0,3.749,0.0,0.0,0.0,0.0,0.0,0.0,0.0
151.401,apt_marker_maskon,PARKED,0.0,0.0,0.0,2,0.0,3.749,0.0,0.0,0.0,0.0,0.0,0.0,0.0
151.509,apt_marker_maskon,PARKED,0.0,0.0,0.0,2,0.0,3.668,0.0,0.0,0.0,0.0,0.0,0.0,0.0
151.601,apt_marker_maskon,PARKED,0.0,0.0,0.0,2,0.0,3.668,0.0,0.0,0.0,0.0,0.0,0.0,0.0
151.701,apt_marker_maskon,PARKED,0.0,0.0,0.0,2,0.0,3.653,0.0,0.0,0.0,0.0,0.0,0.0,0.0
151.821,apt_marker_maskon,PARKED,0.0,0.0,0.0,2,0.0,3.742,0.0,0.0,0.0,0.0,0.0,0.0,0.0
151.901,apt_marker_maskon,PARKED,0.0,0.0,0.0,2,0.0,3.742,0.0,0.0,0.0,0.0,0.0,0.0,0.0
152.001,apt_marker_maskon,PARKED,0.0,0.0,0.0,2,0.0,3.794,0.0,0.0,0.0,0.0,0.0,0.0,0.0
152.141,apt_marker_maskon,PARKED,0.0,0.0,0.0,2,0.0,3.729,0.0,0.0,0.0,0.0,0.0,0.0,0.0
152.202,apt_marker_maskon,PARKED,0.0,0.0,0.0,2,0.0,3.729,0.0,0.0,0.0,0.0,0.0,0.0,0.0
152.302,apt_marker_maskon,PARKED,0.0,0.0,0.0,2,0.0,3.729,0.0,0.0,0.0,0.0,0.0,0.0,0.0
152.401,apt_marker_maskon,PARKED,0.0,0.0,0.0,2,0.0,3.694,0.0,0.0,0.0,0.0,0.0,0.0,0.0
152.501,apt_marker_maskon,PARKED,0.0,0.0,0.0,2,0.0,3.793,0.0,0.0,0.0,0.0,0.0,0.0,0.0
152.601,apt_marker_maskon,PARKED,0.0,0.0,0.0,2,0.0,3.792,0.0,0.0,0.0,0.0,0.0,0.0,0.0
152.727,apt_marker_maskon,PARKED,0.0,0.0,0.0,2,0.0,3.742,0.0,0.0,0.0,0.0,0.0,0.0,0.0
152.838,apt_marker_maskon,PARKED,0.0,0.0,0.0,2,0.0,3.712,0.0,0.0,0.0,0.0,0.0,0.0,0.0
152.901,apt_marker_maskon,PARKED,0.0,0.0,0.0,2,0.0,3.712,0.0,0.0,0.0,0.0,0.0,0.0,0.0
153.002,apt_marker_maskon,PARKED,0.0,0.0,0.0,2,0.0,3.68,0.0,0.0,0.0,0.0,0.0,0.0,0.0
153.115,apt_marker_maskon,PARKED,0.0,0.0,0.0,2,0.0,3.752,0.0,0.0,0.0,0.0,0.0,0.0,0.0
153.201,apt_marker_maskon,PARKED,0.0,0.0,0.0,2,0.0,3.72,0.0,0.0,0.0,0.0,0.0,0.0,0.0
153.302,apt_marker_maskon,PARKED,0.0,0.0,0.0,2,0.0,3.72,0.0,0.0,0.0,0.0,0.0,0.0,0.0
153.401,apt_marker_maskon,PARKED,0.0,0.0,0.0,2,0.0,3.72,0.0,0.0,0.0,0.0,0.0,0.0,0.0
153.501,apt_marker_maskon,PARKED,0.0,0.0,0.0,2,0.0,3.818,0.0,0.0,0.0,0.0,0.0,0.0,0.0
153.603,apt_marker_maskon,PARKED,0.0,0.0,0.0,2,0.0,3.818,0.0,0.0,0.0,0.0,0.0,0.0,0.0
153.75,apt_marker_maskon,PARKED,0.0,0.0,0.0,2,0.0,3.642,0.0,0.0,0.0,0.0,0.0,0.0,0.0
153.801,apt_marker_maskon,PARKED,0.0,0.0,0.0,2,0.0,3.642,0.0,0.0,0.0,0.0,0.0,0.0,0.0
153.901,apt_marker_maskon,PARKED,0.0,0.0,0.0,2,0.0,3.696,0.0,0.0,0.0,0.0,0.0,0.0,0.0
154.002,apt_marker_maskon,PARKED,0.0,0.0,0.0,2,0.0,3.747,0.0,0.0,0.0,0.0,0.0,0.0,0.0
154.117,apt_marker_maskon,PARKED,0.0,0.0,0.0,2,0.0,3.818,0.0,0.0,0.0,0.0,0.0,0.0,0.0
154.201,apt_marker_maskon,PARKED,0.0,0.0,0.0,2,0.0,3.83,0.0,0.0,0.0,0.0,0.0,0.0,0.0
154.301,apt_marker_maskon,PARKED,0.0,0.0,0.0,2,0.0,3.849,0.0,0.0,0.0,0.0,0.0,0.0,0.0
154.401,apt_marker_maskon,PARKED,0.0,0.0,0.0,2,0.0,3.849,0.0,0.0,0.0,0.0,0.0,0.0,0.0
154.501,apt_marker_maskon,PARKED,0.0,0.0,0.0,2,0.0,3.849,0.0,0.0,0.0,0.0,0.0,0.0,0.0
154.648,apt_marker_maskon,PARKED,0.0,0.0,0.0,2,0.0,3.747,0.0,0.0,0.0,0.0,0.0,0.0,0.0
154.702,apt_marker_maskon,PARKED,0.0,0.0,0.0,2,0.0,3.747,0.0,0.0,0.0,0.0,0.0,0.0,0.0
154.834,apt_marker_maskon,PARKED,0.0,0.0,0.0,2,0.0,3.769,0.0,0.0,0.0,0.0,0.0,0.0,0.0
154.939,apt_marker_maskon,PARKED,0.0,0.0,0.0,2,0.0,3.769,0.0,0.0,0.0,0.0,0.0,0.0,0.0
155.002,apt_marker_maskon,PARKED,0.0,0.0,0.0,2,0.0,3.644,0.0,0.0,0.0,0.0,0.0,0.0,0.0
155.101,apt_marker_maskon,PARKED,0.0,0.0,0.0,2,0.0,3.644,0.0,0.0,0.0,0.0,0.0,0.0,0.0
155.201,apt_marker_maskon,PARKED,0.0,0.0,0.0,2,0.0,3.689,0.0,0.0,0.0,0.0,0.0,0.0,0.0
155.302,apt_marker_maskon,PARKED,0.0,0.0,0.0,2,0.0,3.69,0.0,0.0,0.0,0.0,0.0,0.0,0.0
155.401,apt_marker_maskon,PARKED,0.0,0.0,0.0,2,0.0,3.69,0.0,0.0,0.0,0.0,0.0,0.0,0.0
155.543,apt_marker_maskon,PARKED,0.0,0.0,0.0,2,0.0,3.769,0.0,0.0,0.0,0.0,0.0,0.0,0.0
155.601,apt_marker_maskon,PARKED,0.0,0.0,0.0,2,0.0,3.769,0.0,0.0,0.0,0.0,0.0,0.0,0.0
155.701,apt_marker_maskon,PARKED,0.0,0.0,0.0,2,0.0,3.748,0.0,0.0,0.0,0.0,0.0,0.0,0.0
155.817,apt_marker_maskon,PARKED,0.0,0.0,0.0,2,0.0,3.728,0.0,0.0,0.0,0.0,0.0,0.0,0.0
155.902,apt_marker_maskon,PARKED,0.0,0.0,0.0,2,0.0,3.674,0.0,0.0,0.0,0.0,0.0,0.0,0.0
156.002,apt_marker_maskon,PARKED,0.0,0.0,0.0,2,0.0,3.66,0.0,0.0,0.0,0.0,0.0,0.0,0.0
156.137,apt_marker_maskon,PARKED,0.0,0.0,0.0,2,0.0,3.739,0.0,0.0,0.0,0.0,0.0,0.0,0.0
156.201,apt_marker_maskon,PARKED,0.0,0.0,0.0,2,0.0,3.739,0.0,0.0,0.0,0.0,0.0,0.0,0.0
156.301,apt_marker_maskon,PARKED,0.0,0.0,0.0,2,0.0,3.826,0.0,0.0,0.0,0.0,0.0,0.0,0.0
156.401,apt_marker_maskon,PARKED,0.0,0.0,0.0,2,0.0,3.75,0.0,0.0,0.0,0.0,0.0,0.0,0.0
156.512,apt_marker_maskon,PARKED,0.0,0.0,0.0,2,0.0,3.75,0.0,0.0,0.0,0.0,0.0,0.0,0.0
156.601,apt_marker_maskon,PARKED,0.0,0.0,0.0,2,0.0,3.759,0.0,0.0,0.0,0.0,0.0,0.0,0.0
156.725,apt_marker_maskon,PARKED,0.0,0.0,0.0,2,0.0,3.766,0.0,0.0,0.0,0.0,0.0,0.0,0.0
156.823,apt_marker_maskon,PARKED,0.0,0.0,0.0,2,0.0,3.767,0.0,0.0,0.0,0.0,0.0,0.0,0.0
156.946,apt_marker_maskon,PARKED,0.0,0.0,0.0,2,0.0,3.758,0.0,0.0,0.0,0.0,0.0,0.0,0.0
157.003,apt_marker_maskon,PARKED,0.0,0.0,0.0,2,0.0,3.751,0.0,0.0,0.0,0.0,0.0,0.0,0.0
157.102,apt_marker_maskon,PARKED,0.0,0.0,0.0,2,0.0,3.751,0.0,0.0,0.0,0.0,0.0,0.0,0.0
157.213,apt_marker_maskon,PARKED,0.0,0.0,0.0,2,0.0,3.769,0.0,0.0,0.0,0.0,0.0,0.0,0.0
157.348,apt_marker_maskon,PARKED,0.0,0.0,0.0,2,0.0,3.761,0.0,0.0,0.0,0.0,0.0,0.0,0.0
157.411,apt_marker_maskon,PARKED,0.0,0.0,0.0,2,0.0,3.732,0.0,0.0,0.0,0.0,0.0,0.0,0.0
157.502,apt_marker_maskon,PARKED,0.0,0.0,0.0,2,0.0,3.732,0.0,0.0,0.0,0.0,0.0,0.0,0.0
157.601,apt_marker_maskon,PARKED,0.0,0.0,0.0,2,0.0,3.732,0.0,0.0,0.0,0.0,0.0,0.0,0.0
157.701,apt_marker_maskon,PARKED,0.0,0.0,0.0,2,0.0,3.828,0.0,0.0,0.0,0.0,0.0,0.0,0.0
157.801,apt_marker_maskon,PARKED,0.0,0.0,0.0,2,0.0,3.782,0.0,0.0,0.0,0.0,0.0,0.0,0.0
157.936,apt_marker_maskon,PARKED,0.0,0.0,0.0,2,0.0,3.78,0.0,0.0,0.0,0.0,0.0,0.0,0.0
158.001,apt_marker_maskon,PARKED,0.0,0.0,0.0,2,0.0,3.779,0.0,0.0,0.0,0.0,0.0,0.0,0.0
158.144,apt_marker_maskon,PARKED,0.0,0.0,0.0,2,0.0,3.779,0.0,0.0,0.0,0.0,0.0,0.0,0.0
158.201,apt_marker_maskon,PARKED,0.0,0.0,0.0,2,0.0,3.779,0.0,0.0,0.0,0.0,0.0,0.0,0.0
158.323,apt_marker_maskon,PARKED,0.0,0.0,0.0,2,0.0,3.697,0.0,0.0,0.0,0.0,0.0,0.0,0.0
158.402,apt_marker_maskon,PARKED,0.0,0.0,0.0,2,0.0,3.697,0.0,0.0,0.0,0.0,0.0,0.0,0.0
158.501,apt_marker_maskon,PARKED,0.0,0.0,0.0,2,0.0,3.691,0.0,0.0,0.0,0.0,0.0,0.0,0.0
158.601,apt_marker_maskon,PARKED,0.0,0.0,0.0,2,0.0,3.691,0.0,0.0,0.0,0.0,0.0,0.0,0.0
158.709,apt_marker_maskon,PARKED,0.0,0.0,0.0,2,0.0,3.759,0.0,0.0,0.0,0.0,0.0,0.0,0.0
158.83,apt_marker_maskon,PARKED,0.0,0.0,0.0,2,0.0,3.715,0.0,0.0,0.0,0.0,0.0,0.0,0.0
158.901,apt_marker_maskon,PARKED,0.0,0.0,0.0,2,0.0,3.715,0.0,0.0,0.0,0.0,0.0,0.0,0.0
159.001,apt_marker_maskon,PARKED,0.0,0.0,0.0,2,0.0,3.715,0.0,0.0,0.0,0.0,0.0,0.0,0.0
159.117,apt_marker_maskon,PARKED,0.0,0.0,0.0,2,0.0,3.735,0.0,0.0,0.0,0.0,0.0,0.0,0.0
159.214,apt_marker_maskon,PARKED,0.0,0.0,0.0,2,0.0,3.68,0.0,0.0,0.0,0.0,0.0,0.0,0.0
159.306,apt_marker_maskon,PARKED,0.0,0.0,0.0,2,0.0,3.666,0.0,0.0,0.0,0.0,0.0,0.0,0.0
159.429,apt_marker_maskon,PARKED,0.0,0.0,0.0,2,0.0,3.757,0.0,0.0,0.0,0.0,0.0,0.0,0.0
159.501,apt_marker_maskon,PARKED,0.0,0.0,0.0,2,0.0,3.72,0.0,0.0,0.0,0.0,0.0,0.0,0.0
159.601,apt_marker_maskon,PARKED,0.0,0.0,0.0,2,0.0,3.72,0.0,0.0,0.0,0.0,0.0,0.0,0.0
159.717,apt_marker_maskon,PARKED,0.0,0.0,0.0,2,0.0,3.726,0.0,0.0,0.0,0.0,0.0,0.0,0.0
159.841,apt_marker_maskon,PARKED,0.0,0.0,0.0,2,0.0,3.712,0.0,0.0,0.0,0.0,0.0,0.0,0.0
159.936,apt_marker_maskon,PARKED,0.0,0.0,0.0,2,0.0,3.712,0.0,0.0,0.0,0.0,0.0,0.0,0.0
160.001,apt_marker_maskon,PARKED,0.0,0.0,0.0,2,0.0,3.712,0.0,0.0,0.0,0.0,0.0,0.0,0.0
160.15,apt_marker_maskon,PARKED,0.0,0.0,0.0,2,0.0,3.732,0.0,0.0,0.0,0.0,0.0,0.0,0.0
160.204,apt_marker_maskon,PARKED,0.0,0.0,0.0,2,0.0,3.732,0.0,0.0,0.0,0.0,0.0,0.0,0.0
160.302,apt_marker_maskon,PARKED,0.0,0.0,0.0,2,0.0,3.798,0.0,0.0,0.0,0.0,0.0,0.0,0.0
160.445,apt_marker_maskon,PARKED,0.0,0.0,0.0,2,0.0,3.798,0.0,0.0,0.0,0.0,0.0,0.0,0.0
160.502,apt_marker_maskon,PARKED,0.0,0.0,0.0,2,0.0,3.798,0.0,0.0,0.0,0.0,0.0,0.0,0.0
160.601,apt_marker_maskon,PARKED,0.0,0.0,0.0,2,0.0,3.747,0.0,0.0,0.0,0.0,0.0,0.0,0.0
160.701,apt_marker_maskon,PARKED,0.0,0.0,0.0,2,0.0,3.747,0.0,0.0,0.0,0.0,0.0,0.0,0.0
160.838,apt_marker_maskon,PARKED,0.0,0.0,0.0,2,0.0,3.697,0.0,0.0,0.0,0.0,0.0,0.0,0.0
160.901,apt_marker_maskon,PARKED,0.0,0.0,0.0,2,0.0,3.697,0.0,0.0,0.0,0.0,0.0,0.0,0.0
161.03,apt_marker_maskon,PARKED,0.0,0.0,0.0,2,0.0,3.777,0.0,0.0,0.0,0.0,0.0,0.0,0.0
161.101,apt_marker_maskon,PARKED,0.0,0.0,0.0,2,0.0,3.777,0.0,0.0,0.0,0.0,0.0,0.0,0.0
161.201,apt_marker_maskon,PARKED,0.0,0.0,0.0,2,0.0,3.777,0.0,0.0,0.0,0.0,0.0,0.0,0.0
161.301,apt_marker_maskon,PARKED,0.0,0.0,0.0,2,0.0,3.777,0.0,0.0,0.0,0.0,0.0,0.0,0.0
161.415,apt_marker_maskon,PARKED,0.0,0.0,0.0,2,0.0,3.797,0.0,0.0,0.0,0.0,0.0,0.0,0.0
161.501,apt_marker_maskon,PARKED,0.0,0.0,0.0,2,0.0,3.78,0.0,0.0,0.0,0.0,0.0,0.0,0.0
161.621,apt_marker_maskon,PARKED,0.0,0.0,0.0,2,0.0,3.834,0.0,0.0,0.0,0.0,0.0,0.0,0.0
161.702,apt_marker_maskon,PARKED,0.0,0.0,0.0,2,0.0,3.834,0.0,0.0,0.0,0.0,0.0,0.0,0.0
161.82,apt_marker_maskon,PARKED,0.0,0.0,0.0,2,0.0,3.827,0.0,0.0,0.0,0.0,0.0,0.0,0.0
161.949,apt_marker_maskon,PARKED,0.0,0.0,0.0,2,0.0,3.85,0.0,0.0,0.0,0.0,0.0,0.0,0.0
162.001,apt_marker_maskon,PARKED,0.0,0.0,0.0,2,0.0,3.85,0.0,0.0,0.0,0.0,0.0,0.0,0.0
162.132,apt_marker_maskon,PARKED,0.0,0.0,0.0,2,0.0,3.8,0.0,0.0,0.0,0.0,0.0,0.0,0.0
162.225,apt_marker_maskon,PARKED,0.0,0.0,0.0,2,0.0,3.795,0.0,0.0,0.0,0.0,0.0,0.0,0.0
162.344,apt_marker_maskon,PARKED,0.0,0.0,0.0,2,0.0,3.691,0.0,0.0,0.0,0.0,0.0,0.0,0.0
162.401,apt_marker_maskon,PARKED,0.0,0.0,0.0,2,0.0,3.758,0.0,0.0,0.0,0.0,0.0,0.0,0.0
162.502,apt_marker_maskon,PARKED,0.0,0.0,0.0,2,0.0,3.758,0.0,0.0,0.0,0.0,0.0,0.0,0.0
162.601,apt_marker_maskon,PARKED,0.0,0.0,0.0,2,0.0,3.758,0.0,0.0,0.0,0.0,0.0,0.0,0.0
162.702,apt_marker_maskon,PARKED,0.0,0.0,0.0,2,0.0,3.76,0.0,0.0,0.0,0.0,0.0,0.0,0.0
162.801,apt_marker_maskon,PARKED,0.0,0.0,0.0,2,0.0,3.76,0.0,0.0,0.0,0.0,0.0,0.0,0.0
162.901,apt_marker_maskon,PARKED,0.0,0.0,0.0,2,0.0,3.759,0.0,0.0,0.0,0.0,0.0,0.0,0.0
163.001,apt_marker_maskon,PARKED,0.0,0.0,0.0,2,0.0,3.734,0.0,0.0,0.0,0.0,0.0,0.0,0.0
163.135,apt_marker_maskon,PARKED,0.0,0.0,0.0,2,0.0,3.684,0.0,0.0,0.0,0.0,0.0,0.0,0.0
163.201,apt_marker_maskon,PARKED,0.0,0.0,0.0,2,0.0,3.684,0.0,0.0,0.0,0.0,0.0,0.0,0.0
163.315,apt_marker_maskon,PARKED,0.0,0.0,0.0,2,0.0,3.747,0.0,0.0,0.0,0.0,0.0,0.0,0.0
163.403,apt_marker_maskon,PARKED,0.0,0.0,0.0,2,0.0,3.747,0.0,0.0,0.0,0.0,0.0,0.0,0.0
163.531,apt_marker_maskon,PARKED,0.0,0.0,0.0,2,0.0,3.712,0.0,0.0,0.0,0.0,0.0,0.0,0.0
163.601,apt_marker_maskon,PARKED,0.0,0.0,0.0,2,0.0,3.756,0.0,0.0,0.0,0.0,0.0,0.0,0.0
163.709,apt_marker_maskon,PARKED,0.0,0.0,0.0,2,0.0,3.656,0.0,0.0,0.0,0.0,0.0,0.0,0.0
163.801,apt_marker_maskon,PARKED,0.0,0.0,0.0,2,0.0,3.656,0.0,0.0,0.0,0.0,0.0,0.0,0.0
163.902,apt_marker_maskon,PARKED,0.0,0.0,0.0,2,0.0,3.656,0.0,0.0,0.0,0.0,0.0,0.0,0.0
164.023,apt_marker_maskon,PARKED,0.0,0.0,0.0,2,0.0,3.716,0.0,0.0,0.0,0.0,0.0,0.0,0.0
164.101,apt_marker_maskon,PARKED,0.0,0.0,0.0,2,0.0,3.773,0.0,0.0,0.0,0.0,0.0,0.0,0.0
164.246,apt_marker_maskon,PARKED,0.0,0.0,0.0,2,0.0,3.773,0.0,0.0,0.0,0.0,0.0,0.0,0.0
164.303,apt_marker_maskon,PARKED,0.0,0.0,0.0,2,0.0,3.708,0.0,0.0,0.0,0.0,0.0,0.0,0.0
164.402,apt_marker_maskon,PARKED,0.0,0.0,0.0,2,0.0,3.708,0.0,0.0,0.0,0.0,0.0,0.0,0.0
164.509,apt_marker_maskon,PARKED,0.0,0.0,0.0,2,0.0,3.712,0.0,0.0,0.0,0.0,0.0,0.0,0.0
164.644,apt_marker_maskon,PARKED,0.0,0.0,0.0,2,0.0,3.756,0.0,0.0,0.0,0.0,0.0,0.0,0.0
164.701,apt_marker_maskon,PARKED,0.0,0.0,0.0,2,0.0,3.756,0.0,0.0,0.0,0.0,0.0,0.0,0.0
164.801,apt_marker_maskon,PARKED,0.0,0.0,0.0,2,0.0,3.756,0.0,0.0,0.0,0.0,0.0,0.0,0.0
164.901,apt_marker_maskon,PARKED,0.0,0.0,0.0,2,0.0,3.756,0.0,0.0,0.0,0.0,0.0,0.0,0.0
165.04,apt_marker_maskon,PARKED,0.0,0.0,0.0,2,0.0,3.763,0.0,0.0,0.0,0.0,0.0,0.0,0.0
165.101,apt_marker_maskon,PARKED,0.0,0.0,0.0,2,0.0,3.763,0.0,0.0,0.0,0.0,0.0,0.0,0.0
165.201,apt_marker_maskon,PARKED,0.0,0.0,0.0,2,0.0,3.708,0.0,0.0,0.0,0.0,0.0,0.0,0.0
165.302,apt_marker_maskon,PARKED,0.0,0.0,0.0,2,0.0,3.691,0.0,0.0,0.0,0.0,0.0,0.0,0.0
165.418,apt_marker_maskon,PARKED,0.0,0.0,0.0,2,0.0,3.713,0.0,0.0,0.0,0.0,0.0,0.0,0.0
165.502,apt_marker_maskon,PARKED,0.0,0.0,0.0,2,0.0,3.713,0.0,0.0,0.0,0.0,0.0,0.0,0.0
165.62,apt_marker_maskon,PARKED,0.0,0.0,0.0,2,0.0,3.701,0.0,0.0,0.0,0.0,0.0,0.0,0.0
165.743,apt_marker_maskon,PARKED,0.0,0.0,0.0,2,0.0,3.685,0.0,0.0,0.0,0.0,0.0,0.0,0.0
165.801,apt_marker_maskon,PARKED,0.0,0.0,0.0,2,0.0,3.685,0.0,0.0,0.0,0.0,0.0,0.0,0.0
165.901,apt_marker_maskon,PARKED,0.0,0.0,0.0,2,0.0,3.685,0.0,0.0,0.0,0.0,0.0,0.0,0.0
166.002,apt_marker_maskon,PARKED,0.0,0.0,0.0,2,0.0,3.698,0.0,0.0,0.0,0.0,0.0,0.0,0.0
166.1,apt_marker_maskon,PARKED,0.0,0.0,0.0,2,0.0,3.676,0.0,0.0,0.0,0.0,0.0,0.0,0.0
166.201,apt_marker_maskon,PARKED,0.0,0.0,0.0,2,0.0,3.676,0.0,0.0,0.0,0.0,0.0,0.0,0.0
166.338,apt_marker_maskon,PARKED,0.0,0.0,0.0,2,0.0,3.786,0.0,0.0,0.0,0.0,0.0,0.0,0.0
166.405,apt_marker_maskon,PARKED,0.0,0.0,0.0,2,0.0,3.786,0.0,0.0,0.0,0.0,0.0,0.0,0.0
166.54,apt_marker_maskon,PARKED,0.0,0.0,0.0,2,0.0,3.698,0.0,0.0,0.0,0.0,0.0,0.0,0.0
166.601,apt_marker_maskon,PARKED,0.0,0.0,0.0,2,0.0,3.698,0.0,0.0,0.0,0.0,0.0,0.0,0.0
166.703,apt_marker_maskon,PARKED,0.0,0.0,0.0,2,0.0,3.676,0.0,0.0,0.0,0.0,0.0,0.0,0.0
166.841,apt_marker_maskon,PARKED,0.0,0.0,0.0,2,0.0,3.812,0.0,0.0,0.0,0.0,0.0,0.0,0.0
166.902,apt_marker_maskon,PARKED,0.0,0.0,0.0,2,0.0,3.812,0.0,0.0,0.0,0.0,0.0,0.0,0.0
167.001,apt_marker_maskon,PARKED,0.0,0.0,0.0,2,0.0,3.812,0.0,0.0,0.0,0.0,0.0,0.0,0.0
167.102,apt_marker_maskon,PARKED,0.0,0.0,0.0,2,0.0,3.812,0.0,0.0,0.0,0.0,0.0,0.0,0.0
167.215,apt_marker_maskon,PARKED,0.0,0.0,0.0,2,0.0,3.817,0.0,0.0,0.0,0.0,0.0,0.0,0.0
167.302,apt_marker_maskon,PARKED,0.0,0.0,0.0,2,0.0,3.765,0.0,0.0,0.0,0.0,0.0,0.0,0.0
167.425,apt_marker_maskon,PARKED,0.0,0.0,0.0,2,0.0,3.765,0.0,0.0,0.0,0.0,0.0,0.0,0.0
167.501,apt_marker_maskon,PARKED,0.0,0.0,0.0,2,0.0,3.765,0.0,0.0,0.0,0.0,0.0,0.0,0.0
167.601,apt_marker_maskon,PARKED,0.0,0.0,0.0,2,0.0,3.69,0.0,0.0,0.0,0.0,0.0,0.0,0.0
167.716,apt_marker_maskon,PARKED,0.0,0.0,0.0,2,0.0,3.79,0.0,0.0,0.0,0.0,0.0,0.0,0.0
167.801,apt_marker_maskon,PARKED,0.0,0.0,0.0,2,0.0,3.79,0.0,0.0,0.0,0.0,0.0,0.0,0.0
167.901,apt_marker_maskon,PARKED,0.0,0.0,0.0,2,0.0,3.79,0.0,0.0,0.0,0.0,0.0,0.0,0.0
168.001,apt_marker_maskon,PARKED,0.0,0.0,0.0,2,0.0,3.731,0.0,0.0,0.0,0.0,0.0,0.0,0.0
168.101,apt_marker_maskon,PARKED,0.0,0.0,0.0,2,0.0,3.731,0.0,0.0,0.0,0.0,0.0,0.0,0.0
168.201,apt_marker_maskon,PARKED,0.0,0.0,0.0,2,0.0,3.8,0.0,0.0,0.0,0.0,0.0,0.0,0.0
168.32,apt_marker_maskon,PARKED,0.0,0.0,0.0,2,0.0,3.831,0.0,0.0,0.0,0.0,0.0,0.0,0.0
168.401,apt_marker_maskon,PARKED,0.0,0.0,0.0,2,0.0,3.797,0.0,0.0,0.0,0.0,0.0,0.0,0.0
168.501,apt_marker_maskon,PARKED,0.0,0.0,0.0,2,0.0,3.797,0.0,0.0,0.0,0.0,0.0,0.0,0.0
168.624,apt_marker_maskon,PARKED,0.0,0.0,0.0,2,0.0,3.713,0.0,0.0,0.0,0.0,0.0,0.0,0.0
168.749,apt_marker_maskon,PARKED,0.0,0.0,0.0,2,0.0,3.72,0.0,0.0,0.0,0.0,0.0,0.0,0.0
168.818,apt_marker_maskon,PARKED,0.0,0.0,0.0,2,0.0,3.771,0.0,0.0,0.0,0.0,0.0,0.0,0.0
168.915,apt_marker_maskon,PARKED,0.0,0.0,0.0,2,0.0,3.784,0.0,0.0,0.0,0.0,0.0,0.0,0.0
169.042,apt_marker_maskon,PARKED,0.0,0.0,0.0,2,0.0,3.797,0.0,0.0,0.0,0.0,0.0,0.0,0.0
169.101,apt_marker_maskon,PARKED,0.0,0.0,0.0,2,0.0,3.797,0.0,0.0,0.0,0.0,0.0,0.0,0.0
169.201,apt_marker_maskon,PARKED,0.0,0.0,0.0,2,0.0,3.797,0.0,0.0,0.0,0.0,0.0,0.0,0.0
169.301,apt_marker_maskon,PARKED,0.0,0.0,0.0,2,0.0,3.797,0.0,0.0,0.0,0.0,0.0,0.0,0.0
169.402,apt_marker_maskon,PARKED,0.0,0.0,0.0,2,0.0,3.734,0.0,0.0,0.0,0.0,0.0,0.0,0.0
169.529,apt_marker_maskon,PARKED,0.0,0.0,0.0,2,0.0,3.791,0.0,0.0,0.0,0.0,0.0,0.0,0.0
169.602,apt_marker_maskon,PARKED,0.0,0.0,0.0,2,0.0,3.791,0.0,0.0,0.0,0.0,0.0,0.0,0.0
169.701,apt_marker_maskon,PARKED,0.0,0.0,0.0,2,0.0,3.785,0.0,0.0,0.0,0.0,0.0,0.0,0.0
169.851,apt_marker_maskon,PARKED,0.0,0.0,0.0,2,0.0,3.761,0.0,0.0,0.0,0.0,0.0,0.0,0.0
169.922,apt_marker_maskon,PARKED,0.0,0.0,0.0,2,0.0,3.761,0.0,0.0,0.0,0.0,0.0,0.0,0.0
170.001,apt_marker_maskon,PARKED,0.0,0.0,0.0,2,0.0,3.794,0.0,0.0,0.0,0.0,0.0,0.0,0.0
170.115,apt_marker_maskon,PARKED,0.0,0.0,0.0,2,0.0,3.762,0.0,0.0,0.0,0.0,0.0,0.0,0.0
170.201,apt_marker_maskon,PARKED,0.0,0.0,0.0,2,0.0,3.762,0.0,0.0,0.0,0.0,0.0,0.0,0.0
170.301,apt_marker_maskon,PARKED,0.0,0.0,0.0,2,0.0,3.762,0.0,0.0,0.0,0.0,0.0,0.0,0.0
170.443,apt_marker_maskon,PARKED,0.0,0.0,0.0,2,0.0,3.678,0.0,0.0,0.0,0.0,0.0,0.0,0.0
170.502,apt_marker_maskon,PARKED,0.0,0.0,0.0,2,0.0,3.678,0.0,0.0,0.0,0.0,0.0,0.0,0.0
170.602,apt_marker_maskon,PARKED,0.0,0.0,0.0,2,0.0,3.715,0.0,0.0,0.0,0.0,0.0,0.0,0.0
170.709,apt_marker_maskon,PARKED,0.0,0.0,0.0,2,0.0,3.685,0.0,0.0,0.0,0.0,0.0,0.0,0.0
170.84,apt_marker_maskon,PARKED,0.0,0.0,0.0,2,0.0,3.729,0.0,0.0,0.0,0.0,0.0,0.0,0.0
170.901,apt_marker_maskon,PARKED,0.0,0.0,0.0,2,0.0,3.729,0.0,0.0,0.0,0.0,0.0,0.0,0.0
171.013,apt_marker_maskon,PARKED,0.0,0.0,0.0,2,0.0,3.689,0.0,0.0,0.0,0.0,0.0,0.0,0.0
171.146,apt_marker_maskon,PARKED,0.0,0.0,0.0,2,0.0,3.715,0.0,0.0,0.0,0.0,0.0,0.0,0.0
171.201,apt_marker_maskon,PARKED,0.0,0.0,0.0,2,0.0,3.715,0.0,0.0,0.0,0.0,0.0,0.0,0.0
171.301,apt_marker_maskon,PARKED,0.0,0.0,0.0,2,0.0,3.775,0.0,0.0,0.0,0.0,0.0,0.0,0.0
171.401,apt_marker_maskon,PARKED,0.0,0.0,0.0,2,0.0,3.698,0.0,0.0,0.0,0.0,0.0,0.0,0.0
171.544,apt_marker_maskon,PARKED,0.0,0.0,0.0,2,0.0,3.698,0.0,0.0,0.0,0.0,0.0,0.0,0.0
171.601,apt_marker_maskon,PARKED,0.0,0.0,0.0,2,0.0,3.698,0.0,0.0,0.0,0.0,0.0,0.0,0.0
171.701,apt_marker_maskon,PARKED,0.0,0.0,0.0,2,0.0,3.699,0.0,0.0,0.0,0.0,0.0,0.0,0.0
171.804,apt_marker_maskon,PARKED,0.0,0.0,0.0,2,0.0,3.674,0.0,0.0,0.0,0.0,0.0,0.0,0.0
171.934,apt_marker_maskon,PARKED,0.0,0.0,0.0,2,0.0,3.718,0.0,0.0,0.0,0.0,0.0,0.0,0.0
172.001,apt_marker_maskon,PARKED,0.0,0.0,0.0,2,0.0,3.718,0.0,0.0,0.0,0.0,0.0,0.0,0.0
172.101,apt_marker_maskon,PARKED,0.0,0.0,0.0,2,0.0,3.718,0.0,0.0,0.0,0.0,0.0,0.0,0.0
172.201,apt_marker_maskon,PARKED,0.0,0.0,0.0,2,0.0,3.746,0.0,0.0,0.0,0.0,0.0,0.0,0.0
172.301,apt_marker_maskon,PARKED,0.0,0.0,0.0,2,0.0,3.746,0.0,0.0,0.0,0.0,0.0,0.0,0.0
172.401,apt_marker_maskon,PARKED,0.0,0.0,0.0,2,0.0,3.746,0.0,0.0,0.0,0.0,0.0,0.0,0.0
172.501,apt_marker_maskon,PARKED,0.0,0.0,0.0,2,0.0,3.758,0.0,0.0,0.0,0.0,0.0,0.0,0.0
172.616,apt_marker_maskon,PARKED,0.0,0.0,0.0,2,0.0,3.725,0.0,0.0,0.0,0.0,0.0,0.0,0.0
172.701,apt_marker_maskon,PARKED,0.0,0.0,0.0,2,0.0,3.725,0.0,0.0,0.0,0.0,0.0,0.0,0.0
172.804,apt_marker_maskon,PARKED,0.0,0.0,0.0,2,0.0,3.739,0.0,0.0,0.0,0.0,0.0,0.0,0.0
172.901,apt_marker_maskon,PARKED,0.0,0.0,0.0,2,0.0,3.754,0.0,0.0,0.0,0.0,0.0,0.0,0.0
173.046,apt_marker_maskon,PARKED,0.0,0.0,0.0,2,0.0,3.724,0.0,0.0,0.0,0.0,0.0,0.0,0.0
173.107,apt_marker_maskon,PARKED,0.0,0.0,0.0,2,0.0,3.724,0.0,0.0,0.0,0.0,0.0,0.0,0.0
173.24,apt_marker_maskon,PARKED,0.0,0.0,0.0,2,0.0,3.754,0.0,0.0,0.0,0.0,0.0,0.0,0.0
173.301,apt_marker_maskon,PARKED,0.0,0.0,0.0,2,0.0,3.754,0.0,0.0,0.0,0.0,0.0,0.0,0.0
173.451,apt_marker_maskon,PARKED,0.0,0.0,0.0,2,0.0,3.694,0.0,0.0,0.0,0.0,0.0,0.0,0.0
173.505,apt_marker_maskon,PARKED,0.0,0.0,0.0,2,0.0,3.779,0.0,0.0,0.0,0.0,0.0,0.0,0.0
173.601,apt_marker_maskon,PARKED,0.0,0.0,0.0,2,0.0,3.779,0.0,0.0,0.0,0.0,0.0,0.0,0.0
173.701,apt_marker_maskon,PARKED,0.0,0.0,0.0,2,0.0,3.735,0.0,0.0,0.0,0.0,0.0,0.0,0.0
173.801,apt_marker_maskon,PARKED,0.0,0.0,0.0,2,0.0,3.751,0.0,0.0,0.0,0.0,0.0,0.0,0.0
173.922,apt_marker_maskon,PARKED,0.0,0.0,0.0,2,0.0,3.758,0.0,0.0,0.0,0.0,0.0,0.0,0.0
174.002,apt_marker_maskon,PARKED,0.0,0.0,0.0,2,0.0,3.761,0.0,0.0,0.0,0.0,0.0,0.0,0.0
174.101,apt_marker_maskon,PARKED,0.0,0.0,0.0,2,0.0,3.761,0.0,0.0,0.0,0.0,0.0,0.0,0.0
174.244,apt_marker_maskon,PARKED,0.0,0.0,0.0,2,0.0,3.74,0.0,0.0,0.0,0.0,0.0,0.0,0.0
174.301,apt_marker_maskon,PARKED,0.0,0.0,0.0,2,0.0,3.74,0.0,0.0,0.0,0.0,0.0,0.0,0.0
174.401,apt_marker_maskon,PARKED,0.0,0.0,0.0,2,0.0,3.74,0.0,0.0,0.0,0.0,0.0,0.0,0.0
174.501,apt_marker_maskon,PARKED,0.0,0.0,0.0,2,0.0,3.74,0.0,0.0,0.0,0.0,0.0,0.0,0.0
174.601,apt_marker_maskon,PARKED,0.0,0.0,0.0,2,0.0,3.821,0.0,0.0,0.0,0.0,0.0,0.0,0.0
174.701,apt_marker_maskon,PARKED,0.0,0.0,0.0,2,0.0,3.737,0.0,0.0,0.0,0.0,0.0,0.0,0.0
174.816,apt_marker_maskon,PARKED,0.0,0.0,0.0,2,0.0,3.681,0.0,0.0,0.0,0.0,0.0,0.0,0.0
174.902,apt_marker_maskon,PARKED,0.0,0.0,0.0,2,0.0,3.681,0.0,0.0,0.0,0.0,0.0,0.0,0.0
175.001,apt_marker_maskon,PARKED,0.0,0.0,0.0,2,0.0,3.681,0.0,0.0,0.0,0.0,0.0,0.0,0.0
175.124,apt_marker_maskon,PARKED,0.0,0.0,0.0,2,0.0,3.768,0.0,0.0,0.0,0.0,0.0,0.0,0.0
175.242,apt_marker_maskon,PARKED,0.0,0.0,0.0,2,0.0,3.768,0.0,0.0,0.0,0.0,0.0,0.0,0.0
175.317,apt_marker_maskon,PARKED,0.0,0.0,0.0,2,0.0,3.736,0.0,0.0,0.0,0.0,0.0,0.0,0.0
175.401,apt_marker_maskon,PARKED,0.0,0.0,0.0,2,0.0,3.736,0.0,0.0,0.0,0.0,0.0,0.0,0.0
175.501,apt_marker_maskon,PARKED,0.0,0.0,0.0,2,0.0,3.736,0.0,0.0,0.0,0.0,0.0,0.0,0.0
175.601,apt_marker_maskon,PARKED,0.0,0.0,0.0,2,0.0,3.736,0.0,0.0,0.0,0.0,0.0,0.0,0.0
175.729,apt_marker_maskon,PARKED,0.0,0.0,0.0,2,0.0,3.763,0.0,0.0,0.0,0.0,0.0,0.0,0.0
175.82,apt_marker_maskon,PARKED,0.0,0.0,0.0,2,0.0,3.785,0.0,0.0,0.0,0.0,0.0,0.0,0.0
175.912,apt_marker_maskon,PARKED,0.0,0.0,0.0,2,0.0,3.731,0.0,0.0,0.0,0.0,0.0,0.0,0.0
176.002,apt_marker_maskon,PARKED,0.0,0.0,0.0,2,0.0,3.762,0.0,0.0,0.0,0.0,0.0,0.0,0.0
176.101,apt_marker_maskon,PARKED,0.0,0.0,0.0,2,0.0,3.762,0.0,0.0,0.0,0.0,0.0,0.0,0.0
176.201,apt_marker_maskon,PARKED,0.0,0.0,0.0,2,0.0,3.694,0.0,0.0,0.0,0.0,0.0,0.0,0.0
176.301,apt_marker_maskon,PARKED,0.0,0.0,0.0,2,0.0,3.677,0.0,0.0,0.0,0.0,0.0,0.0,0.0
176.401,apt_marker_maskon,PARKED,0.0,0.0,0.0,2,0.0,3.677,0.0,0.0,0.0,0.0,0.0,0.0,0.0
176.501,apt_marker_maskon,PARKED,0.0,0.0,0.0,2,0.0,3.677,0.0,0.0,0.0,0.0,0.0,0.0,0.0
176.602,apt_marker_maskon,PARKED,0.0,0.0,0.0,2,0.0,3.695,0.0,0.0,0.0,0.0,0.0,0.0,0.0
176.701,apt_marker_maskon,PARKED,0.0,0.0,0.0,2,0.0,3.695,0.0,0.0,0.0,0.0,0.0,0.0,0.0
176.801,apt_marker_maskon,PARKED,0.0,0.0,0.0,2,0.0,3.772,0.0,0.0,0.0,0.0,0.0,0.0,0.0
176.901,apt_marker_maskon,PARKED,0.0,0.0,0.0,2,0.0,3.792,0.0,0.0,0.0,0.0,0.0,0.0,0.0
177.001,apt_marker_maskon,PARKED,0.0,0.0,0.0,2,0.0,3.726,0.0,0.0,0.0,0.0,0.0,0.0,0.0
177.101,apt_marker_maskon,PARKED,0.0,0.0,0.0,2,0.0,3.726,0.0,0.0,0.0,0.0,0.0,0.0,0.0
177.202,apt_marker_maskon,PARKED,0.0,0.0,0.0,2,0.0,3.726,0.0,0.0,0.0,0.0,0.0,0.0,0.0
177.301,apt_marker_maskon,PARKED,0.0,0.0,0.0,2,0.0,3.726,0.0,0.0,0.0,0.0,0.0,0.0,0.0
177.438,apt_marker_maskon,PARKED,0.0,0.0,0.0,2,0.0,3.709,0.0,0.0,0.0,0.0,0.0,0.0,0.0
177.501,apt_marker_maskon,PARKED,0.0,0.0,0.0,2,0.0,3.709,0.0,0.0,0.0,0.0,0.0,0.0,0.0
177.601,apt_marker_maskon,PARKED,0.0,0.0,0.0,2,0.0,3.709,0.0,0.0,0.0,0.0,0.0,0.0,0.0
177.701,apt_marker_maskon,PARKED,0.0,0.0,0.0,2,0.0,3.823,0.0,0.0,0.0,0.0,0.0,0.0,0.0
177.801,apt_marker_maskon,PARKED,0.0,0.0,0.0,2,0.0,3.823,0.0,0.0,0.0,0.0,0.0,0.0,0.0
177.945,apt_marker_maskon,PARKED,0.0,0.0,0.0,2,0.0,3.816,0.0,0.0,0.0,0.0,0.0,0.0,0.0
178.001,apt_marker_maskon,PARKED,0.0,0.0,0.0,2,0.0,3.816,0.0,0.0,0.0,0.0,0.0,0.0,0.0
178.101,apt_marker_maskon,PARKED,0.0,0.0,0.0,2,0.0,3.722,0.0,0.0,0.0,0.0,0.0,0.0,0.0
178.202,apt_marker_maskon,PARKED,0.0,0.0,0.0,2,0.0,3.714,0.0,0.0,0.0,0.0,0.0,0.0,0.0
178.309,apt_marker_maskon,PARKED,0.0,0.0,0.0,2,0.0,3.711,0.0,0.0,0.0,0.0,0.0,0.0,0.0
178.436,apt_marker_maskon,PARKED,0.0,0.0,0.0,2,0.0,3.74,0.0,0.0,0.0,0.0,0.0,0.0,0.0
178.502,apt_marker_maskon,PARKED,0.0,0.0,0.0,2,0.0,3.74,0.0,0.0,0.0,0.0,0.0,0.0,0.0
178.601,apt_marker_maskon,PARKED,0.0,0.0,0.0,2,0.0,3.74,0.0,0.0,0.0,0.0,0.0,0.0,0.0
178.701,apt_marker_maskon,PARKED,0.0,0.0,0.0,2,0.0,3.74,0.0,0.0,0.0,0.0,0.0,0.0,0.0
178.832,apt_marker_maskon,PARKED,0.0,0.0,0.0,2,0.0,3.692,0.0,0.0,0.0,0.0,0.0,0.0,0.0
178.901,apt_marker_maskon,PARKED,0.0,0.0,0.0,2,0.0,3.728,0.0,0.0,0.0,0.0,0.0,0.0,0.0
179.001,apt_marker_maskon,PARKED,0.0,0.0,0.0,2,0.0,3.728,0.0,0.0,0.0,0.0,0.0,0.0,0.0
179.102,apt_marker_maskon,PARKED,0.0,0.0,0.0,2,0.0,3.728,0.0,0.0,0.0,0.0,0.0,0.0,0.0
179.232,apt_marker_maskon,PARKED,0.0,0.0,0.0,2,0.0,3.703,0.0,0.0,0.0,0.0,0.0,0.0,0.0
179.301,apt_marker_maskon,PARKED,0.0,0.0,0.0,2,0.0,3.703,0.0,0.0,0.0,0.0,0.0,0.0,0.0
179.402,apt_marker_maskon,PARKED,0.0,0.0,0.0,2,0.0,3.703,0.0,0.0,0.0,0.0,0.0,0.0,0.0
179.501,apt_marker_maskon,PARKED,0.0,0.0,0.0,2,0.0,3.68,0.0,0.0,0.0,0.0,0.0,0.0,0.0
179.601,apt_marker_maskon,PARKED,0.0,0.0,0.0,2,0.0,3.68,0.0,0.0,0.0,0.0,0.0,0.0,0.0
179.702,apt_marker_maskon,PARKED,0.0,0.0,0.0,2,0.0,3.68,0.0,0.0,0.0,0.0,0.0,0.0,0.0
179.801,apt_marker_maskon,PARKED,0.0,0.0,0.0,2,0.0,3.68,0.0,0.0,0.0,0.0,0.0,0.0,0.0
179.902,apt_marker_maskon,PARKED,0.0,0.0,0.0,2,0.0,3.682,0.0,0.0,0.0,0.0,0.0,0.0,0.0
180.002,apt_marker_maskon,PARKED,0.0,0.0,0.0,2,0.0,3.664,0.0,0.0,0.0,0.0,0.0,0.0,0.0
180.125,apt_marker_maskon,PARKED,0.0,0.0,0.0,2,0.0,3.733,0.0,0.0,0.0,0.0,0.0,0.0,0.0
180.203,apt_marker_maskon,PARKED,0.0,0.0,0.0,2,0.0,3.75,0.0,0.0,0.0,0.0,0.0,0.0,0.0
180.313,apt_marker_maskon,PARKED,0.0,0.0,0.0,2,0.0,3.76,0.0,0.0,0.0,0.0,0.0,0.0,0.0
180.401,apt_marker_maskon,PARKED,0.0,0.0,0.0,2,0.0,3.76,0.0,0.0,0.0,0.0,0.0,0.0,0.0
180.52,apt_marker_maskon,PARKED,0.0,0.0,0.0,2,0.0,3.759,0.0,0.0,0.0,0.0,0.0,0.0,0.0
180.601,apt_marker_maskon,PARKED,0.0,0.0,0.0,2,0.0,3.724,0.0,0.0,0.0,0.0,0.0,0.0,0.0
180.701,apt_marker_maskon,PARKED,0.0,0.0,0.0,2,0.0,3.724,0.0,0.0,0.0,0.0,0.0,0.0,0.0
180.801,apt_marker_maskon,PARKED,0.0,0.0,0.0,2,0.0,3.724,0.0,0.0,0.0,0.0,0.0,0.0,0.0
180.901,apt_marker_maskon,PARKED,0.0,0.0,0.0,2,0.0,3.675,0.0,0.0,0.0,0.0,0.0,0.0,0.0
181.001,apt_marker_maskon,PARKED,0.0,0.0,0.0,2,0.0,3.675,0.0,0.0,0.0,0.0,0.0,0.0,0.0
181.108,apt_marker_maskon,PARKED,0.0,0.0,0.0,2,0.0,3.708,0.0,0.0,0.0,0.0,0.0,0.0,0.0
181.201,apt_marker_maskon,PARKED,0.0,0.0,0.0,2,0.0,3.698,0.0,0.0,0.0,0.0,0.0,0.0,0.0
181.324,apt_marker_maskon,PARKED,0.0,0.0,0.0,2,0.0,3.698,0.0,0.0,0.0,0.0,0.0,0.0,0.0
181.401,apt_marker_maskon,PARKED,0.0,0.0,0.0,2,0.0,3.785,0.0,0.0,0.0,0.0,0.0,0.0,0.0
181.501,apt_marker_maskon,PARKED,0.0,0.0,0.0,2,0.0,3.785,0.0,0.0,0.0,0.0,0.0,0.0,0.0
181.631,apt_marker_maskon,PARKED,0.0,0.0,0.0,2,0.0,3.702,0.0,0.0,0.0,0.0,0.0,0.0,0.0
181.701,apt_marker_maskon,PARKED,0.0,0.0,0.0,2,0.0,3.702,0.0,0.0,0.0,0.0,0.0,0.0,0.0
181.801,apt_marker_maskon,PARKED,0.0,0.0,0.0,2,0.0,3.702,0.0,0.0,0.0,0.0,0.0,0.0,0.0
181.902,apt_marker_maskon,PARKED,0.0,0.0,0.0,2,0.0,3.645,0.0,0.0,0.0,0.0,0.0,0.0,0.0
182.009,apt_marker_maskon,PARKED,0.0,0.0,0.0,2,0.0,3.645,0.0,0.0,0.0,0.0,0.0,0.0,0.0
182.101,apt_marker_maskon,PARKED,0.0,0.0,0.0,2,0.0,3.712,0.0,0.0,0.0,0.0,0.0,0.0,0.0
182.202,apt_marker_maskon,PARKED,0.0,0.0,0.0,2,0.0,3.712,0.0,0.0,0.0,0.0,0.0,0.0,0.0
182.318,apt_marker_maskon,PARKED,0.0,0.0,0.0,2,0.0,3.806,0.0,0.0,0.0,0.0,0.0,0.0,0.0
182.401,apt_marker_maskon,PARKED,0.0,0.0,0.0,2,0.0,3.806,0.0,0.0,0.0,0.0,0.0,0.0,0.0
182.506,apt_marker_maskon,PARKED,0.0,0.0,0.0,2,0.0,3.81,0.0,0.0,0.0,0.0,0.0,0.0,0.0
182.601,apt_marker_maskon,PARKED,0.0,0.0,0.0,2,0.0,3.786,0.0,0.0,0.0,0.0,0.0,0.0,0.0
182.701,apt_marker_maskon,PARKED,0.0,0.0,0.0,2,0.0,3.779,0.0,0.0,0.0,0.0,0.0,0.0,0.0
182.821,apt_marker_maskon,PARKED,0.0,0.0,0.0,2,0.0,3.68,0.0,0.0,0.0,0.0,0.0,0.0,0.0
182.901,apt_marker_maskon,PARKED,0.0,0.0,0.0,2,0.0,3.68,0.0,0.0,0.0,0.0,0.0,0.0,0.0
183.002,apt_marker_maskon,PARKED,0.0,0.0,0.0,2,0.0,3.68,0.0,0.0,0.0,0.0,0.0,0.0,0.0
183.134,apt_marker_maskon,PARKED,0.0,0.0,0.0,2,0.0,3.694,0.0,0.0,0.0,0.0,0.0,0.0,0.0
183.201,apt_marker_maskon,PARKED,0.0,0.0,0.0,2,0.0,3.679,0.0,0.0,0.0,0.0,0.0,0.0,0.0
183.317,apt_marker_maskon,PARKED,0.0,0.0,0.0,2,0.0,3.716,0.0,0.0,0.0,0.0,0.0,0.0,0.0
183.401,apt_marker_maskon,PARKED,0.0,0.0,0.0,2,0.0,3.716,0.0,0.0,0.0,0.0,0.0,0.0,0.0
183.518,apt_marker_maskon,PARKED,0.0,0.0,0.0,2,0.0,3.736,0.0,0.0,0.0,0.0,0.0,0.0,0.0
183.628,apt_marker_maskon,PARKED,0.0,0.0,0.0,2,0.0,3.736,0.0,0.0,0.0,0.0,0.0,0.0,0.0
183.701,apt_marker_maskon,PARKED,0.0,0.0,0.0,2,0.0,3.774,0.0,0.0,0.0,0.0,0.0,0.0,0.0
183.801,apt_marker_maskon,PARKED,0.0,0.0,0.0,2,0.0,3.774,0.0,0.0,0.0,0.0,0.0,0.0,0.0
183.901,apt_marker_maskon,PARKED,0.0,0.0,0.0,2,0.0,3.774,0.0,0.0,0.0,0.0,0.0,0.0,0.0
184.001,apt_marker_maskon,PARKED,0.0,0.0,0.0,2,0.0,3.774,0.0,0.0,0.0,0.0,0.0,0.0,0.0
184.102,apt_marker_maskon,PARKED,0.0,0.0,0.0,2,0.0,3.749,0.0,0.0,0.0,0.0,0.0,0.0,0.0
184.202,apt_marker_maskon,PARKED,0.0,0.0,0.0,2,0.0,3.749,0.0,0.0,0.0,0.0,0.0,0.0,0.0
184.319,apt_marker_maskon,PARKED,0.0,0.0,0.0,2,0.0,3.698,0.0,0.0,0.0,0.0,0.0,0.0,0.0
184.438,apt_marker_maskon,PARKED,0.0,0.0,0.0,2,0.0,3.678,0.0,0.0,0.0,0.0,0.0,0.0,0.0
184.508,apt_marker_maskon,PARKED,0.0,0.0,0.0,2,0.0,3.738,0.0,0.0,0.0,0.0,0.0,0.0,0.0
184.601,apt_marker_maskon,PARKED,0.0,0.0,0.0,2,0.0,3.688,0.0,0.0,0.0,0.0,0.0,0.0,0.0
184.701,apt_marker_maskon,PARKED,0.0,0.0,0.0,2,0.0,3.688,0.0,0.0,0.0,0.0,0.0,0.0,0.0
184.801,apt_marker_maskon,PARKED,0.0,0.0,0.0,2,0.0,3.688,0.0,0.0,0.0,0.0,0.0,0.0,0.0
184.901,apt_marker_maskon,PARKED,0.0,0.0,0.0,2,0.0,3.688,0.0,0.0,0.0,0.0,0.0,0.0,0.0
185.002,apt_marker_maskon,PARKED,0.0,0.0,0.0,2,0.0,3.677,0.0,0.0,0.0,0.0,0.0,0.0,0.0
185.101,apt_marker_maskon,PARKED,0.0,0.0,0.0,2,0.0,3.734,0.0,0.0,0.0,0.0,0.0,0.0,0.0
185.221,apt_marker_maskon,PARKED,0.0,0.0,0.0,2,0.0,3.707,0.0,0.0,0.0,0.0,0.0,0.0,0.0
185.301,apt_marker_maskon,PARKED,0.0,0.0,0.0,2,0.0,3.715,0.0,0.0,0.0,0.0,0.0,0.0,0.0
185.402,apt_marker_maskon,PARKED,0.0,0.0,0.0,2,0.0,3.715,0.0,0.0,0.0,0.0,0.0,0.0,0.0
185.518,apt_marker_maskon,PARKED,0.0,0.0,0.0,2,0.0,3.677,0.0,0.0,0.0,0.0,0.0,0.0,0.0
185.601,apt_marker_maskon,PARKED,0.0,0.0,0.0,2,0.0,3.708,0.0,0.0,0.0,0.0,0.0,0.0,0.0
185.731,apt_marker_maskon,PARKED,0.0,0.0,0.0,2,0.0,3.708,0.0,0.0,0.0,0.0,0.0,0.0,0.0
185.801,apt_marker_maskon,PARKED,0.0,0.0,0.0,2,0.0,3.708,0.0,0.0,0.0,0.0,0.0,0.0,0.0
185.901,apt_marker_maskon,PARKED,0.0,0.0,0.0,2,0.0,3.73,0.0,0.0,0.0,0.0,0.0,0.0,0.0
186.001,apt_marker_maskon,PARKED,0.0,0.0,0.0,2,0.0,3.73,0.0,0.0,0.0,0.0,0.0,0.0,0.0
186.116,apt_marker_maskon,PARKED,0.0,0.0,0.0,2,0.0,3.717,0.0,0.0,0.0,0.0,0.0,0.0,0.0
186.202,apt_marker_maskon,PARKED,0.0,0.0,0.0,2,0.0,3.774,0.0,0.0,0.0,0.0,0.0,0.0,0.0
186.312,apt_marker_maskon,PARKED,0.0,0.0,0.0,2,0.0,3.774,0.0,0.0,0.0,0.0,0.0,0.0,0.0
186.438,apt_marker_maskon,PARKED,0.0,0.0,0.0,2,0.0,3.689,0.0,0.0,0.0,0.0,0.0,0.0,0.0
186.502,apt_marker_maskon,PARKED,0.0,0.0,0.0,2,0.0,3.718,0.0,0.0,0.0,0.0,0.0,0.0,0.0
186.602,apt_marker_maskon,PARKED,0.0,0.0,0.0,2,0.0,3.718,0.0,0.0,0.0,0.0,0.0,0.0,0.0
186.701,apt_marker_maskon,PARKED,0.0,0.0,0.0,2,0.0,3.702,0.0,0.0,0.0,0.0,0.0,0.0,0.0
186.802,apt_marker_maskon,PARKED,0.0,0.0,0.0,2,0.0,3.69,0.0,0.0,0.0,0.0,0.0,0.0,0.0
186.911,apt_marker_maskon,PARKED,0.0,0.0,0.0,2,0.0,3.805,0.0,0.0,0.0,0.0,0.0,0.0,0.0
187.001,apt_marker_maskon,PARKED,0.0,0.0,0.0,2,0.0,3.805,0.0,0.0,0.0,0.0,0.0,0.0,0.0
187.101,apt_marker_maskon,PARKED,0.0,0.0,0.0,2,0.0,3.805,0.0,0.0,0.0,0.0,0.0,0.0,0.0
187.201,apt_marker_maskon,PARKED,0.0,0.0,0.0,2,0.0,3.805,0.0,0.0,0.0,0.0,0.0,0.0,0.0
187.301,apt_marker_maskon,PARKED,0.0,0.0,0.0,2,0.0,3.746,0.0,0.0,0.0,0.0,0.0,0.0,0.0
187.402,apt_marker_maskon,PARKED,0.0,0.0,0.0,2,0.0,3.746,0.0,0.0,0.0,0.0,0.0,0.0,0.0
187.501,apt_marker_maskon,PARKED,0.0,0.0,0.0,2,0.0,3.776,0.0,0.0,0.0,0.0,0.0,0.0,0.0
187.601,apt_marker_maskon,PARKED,0.0,0.0,0.0,2,0.0,3.72,0.0,0.0,0.0,0.0,0.0,0.0,0.0
187.701,apt_marker_maskon,PARKED,0.0,0.0,0.0,2,0.0,3.72,0.0,0.0,0.0,0.0,0.0,0.0,0.0
187.814,apt_marker_maskon,PARKED,0.0,0.0,0.0,2,0.0,3.761,0.0,0.0,0.0,0.0,0.0,0.0,0.0
187.901,apt_marker_maskon,PARKED,0.0,0.0,0.0,2,0.0,3.761,0.0,0.0,0.0,0.0,0.0,0.0,0.0
188.001,apt_marker_maskon,PARKED,0.0,0.0,0.0,2,0.0,3.761,0.0,0.0,0.0,0.0,0.0,0.0,0.0
188.101,apt_marker_maskon,PARKED,0.0,0.0,0.0,2,0.0,3.761,0.0,0.0,0.0,0.0,0.0,0.0,0.0
188.201,apt_marker_maskon,PARKED,0.0,0.0,0.0,2,0.0,3.761,0.0,0.0,0.0,0.0,0.0,0.0,0.0
188.302,apt_marker_maskon,PARKED,0.0,0.0,0.0,2,0.0,3.775,0.0,0.0,0.0,0.0,0.0,0.0,0.0
188.416,apt_marker_maskon,PARKED,0.0,0.0,0.0,2,0.0,3.792,0.0,0.0,0.0,0.0,0.0,0.0,0.0
188.501,apt_marker_maskon,PARKED,0.0,0.0,0.0,2,0.0,3.783,0.0,0.0,0.0,0.0,0.0,0.0,0.0
188.602,apt_marker_maskon,PARKED,0.0,0.0,0.0,2,0.0,3.781,0.0,0.0,0.0,0.0,0.0,0.0,0.0
188.738,apt_marker_maskon,PARKED,0.0,0.0,0.0,2,0.0,3.736,0.0,0.0,0.0,0.0,0.0,0.0,0.0
188.801,apt_marker_maskon,PARKED,0.0,0.0,0.0,2,0.0,3.736,0.0,0.0,0.0,0.0,0.0,0.0,0.0
188.902,apt_marker_maskon,PARKED,0.0,0.0,0.0,2,0.0,3.736,0.0,0.0,0.0,0.0,0.0,0.0,0.0
189.001,apt_marker_maskon,PARKED,0.0,0.0,0.0,2,0.0,3.697,0.0,0.0,0.0,0.0,0.0,0.0,0.0
189.1,apt_marker_maskon,PARKED,0.0,0.0,0.0,2,0.0,3.686,0.0,0.0,0.0,0.0,0.0,0.0,0.0
189.201,apt_marker_maskon,PARKED,0.0,0.0,0.0,2,0.0,3.686,0.0,0.0,0.0,0.0,0.0,0.0,0.0
189.313,apt_marker_maskon,PARKED,0.0,0.0,0.0,2,0.0,3.678,0.0,0.0,0.0,0.0,0.0,0.0,0.0
189.402,apt_marker_maskon,PARKED,0.0,0.0,0.0,2,0.0,3.678,0.0,0.0,0.0,0.0,0.0,0.0,0.0
189.538,apt_marker_maskon,PARKED,0.0,0.0,0.0,2,0.0,3.768,0.0,0.0,0.0,0.0,0.0,0.0,0.0
189.603,apt_marker_maskon,PARKED,0.0,0.0,0.0,2,0.0,3.768,0.0,0.0,0.0,0.0,0.0,0.0,0.0
189.701,apt_marker_maskon,PARKED,0.0,0.0,0.0,2,0.0,3.803,0.0,0.0,0.0,0.0,0.0,0.0,0.0
189.801,apt_marker_maskon,PARKED,0.0,0.0,0.0,2,0.0,3.77,0.0,0.0,0.0,0.0,0.0,0.0,0.0
189.944,apt_marker_maskon,PARKED,0.0,0.0,0.0,2,0.0,3.819,0.0,0.0,0.0,0.0,0.0,0.0,0.0
190.001,apt_marker_maskon,PARKED,0.0,0.0,0.0,2,0.0,3.819,0.0,0.0,0.0,0.0,0.0,0.0,0.0
190.101,apt_marker_maskon,PARKED,0.0,0.0,0.0,2,0.0,3.752,0.0,0.0,0.0,0.0,0.0,0.0,0.0
190.201,apt_marker_maskon,PARKED,0.0,0.0,0.0,2,0.0,3.752,0.0,0.0,0.0,0.0,0.0,0.0,0.0
190.301,apt_marker_maskon,PARKED,0.0,0.0,0.0,2,0.0,3.752,0.0,0.0,0.0,0.0,0.0,0.0,0.0
190.401,apt_marker_maskon,PARKED,0.0,0.0,0.0,2,0.0,3.752,0.0,0.0,0.0,0.0,0.0,0.0,0.0
190.502,apt_marker_maskon,PARKED,0.0,0.0,0.0,2,0.0,3.722,0.0,0.0,0.0,0.0,0.0,0.0,0.0
190.603,apt_marker_maskon,PARKED,0.0,0.0,0.0,2,0.0,3.722,0.0,0.0,0.0,0.0,0.0,0.0,0.0
190.702,apt_marker_maskon,PARKED,0.0,0.0,0.0,2,0.0,3.707,0.0,0.0,0.0,0.0,0.0,0.0,0.0
190.83,apt_marker_maskon,PARKED,0.0,0.0,0.0,2,0.0,3.779,0.0,0.0,0.0,0.0,0.0,0.0,0.0
190.908,apt_marker_maskon,PARKED,0.0,0.0,0.0,2,0.0,3.863,0.0,0.0,0.0,0.0,0.0,0.0,0.0
191.008,apt_marker_maskon,PARKED,0.0,0.0,0.0,2,0.0,3.863,0.0,0.0,0.0,0.0,0.0,0.0,0.0
191.149,apt_marker_maskon,PARKED,0.0,0.0,0.0,2,0.0,3.79,0.0,0.0,0.0,0.0,0.0,0.0,0.0
191.201,apt_marker_maskon,PARKED,0.0,0.0,0.0,2,0.0,3.79,0.0,0.0,0.0,0.0,0.0,0.0,0.0
191.301,apt_marker_maskon,PARKED,0.0,0.0,0.0,2,0.0,3.79,0.0,0.0,0.0,0.0,0.0,0.0,0.0
191.401,apt_marker_maskon,PARKED,0.0,0.0,0.0,2,0.0,3.79,0.0,0.0,0.0,0.0,0.0,0.0,0.0
191.503,apt_marker_maskon,PARKED,0.0,0.0,0.0,2,0.0,3.78,0.0,0.0,0.0,0.0,0.0,0.0,0.0
191.601,apt_marker_maskon,PARKED,0.0,0.0,0.0,2,0.0,3.78,0.0,0.0,0.0,0.0,0.0,0.0,0.0
191.701,apt_marker_maskon,PARKED,0.0,0.0,0.0,2,0.0,3.78,0.0,0.0,0.0,0.0,0.0,0.0,0.0
191.801,apt_marker_maskon,PARKED,0.0,0.0,0.0,2,0.0,3.78,0.0,0.0,0.0,0.0,0.0,0.0,0.0
191.901,apt_marker_maskon,PARKED,0.0,0.0,0.0,2,0.0,3.78,0.0,0.0,0.0,0.0,0.0,0.0,0.0
192.014,apt_marker_maskon,PARKED,0.0,0.0,0.0,2,0.0,3.698,0.0,0.0,0.0,0.0,0.0,0.0,0.0
192.101,apt_marker_maskon,PARKED,0.0,0.0,0.0,2,0.0,3.698,0.0,0.0,0.0,0.0,0.0,0.0,0.0
192.205,apt_marker_maskon,PARKED,0.0,0.0,0.0,2,0.0,3.711,0.0,0.0,0.0,0.0,0.0,0.0,0.0
192.301,apt_marker_maskon,PARKED,0.0,0.0,0.0,2,0.0,3.711,0.0,0.0,0.0,0.0,0.0,0.0,0.0
192.401,apt_marker_maskon,PARKED,0.0,0.0,0.0,2,0.0,3.711,0.0,0.0,0.0,0.0,0.0,0.0,0.0
192.502,apt_marker_maskon,PARKED,0.0,0.0,0.0,2,0.0,3.831,0.0,0.0,0.0,0.0,0.0,0.0,0.0
192.601,apt_marker_maskon,PARKED,0.0,0.0,0.0,2,0.0,3.831,0.0,0.0,0.0,0.0,0.0,0.0,0.0
192.725,apt_marker_maskon,PARKED,0.0,0.0,0.0,2,0.0,3.754,0.0,0.0,0.0,0.0,0.0,0.0,0.0
192.801,apt_marker_maskon,PARKED,0.0,0.0,0.0,2,0.0,3.754,0.0,0.0,0.0,0.0,0.0,0.0,0.0
192.916,apt_marker_maskon,PARKED,0.0,0.0,0.0,2,0.0,3.758,0.0,0.0,0.0,0.0,0.0,0.0,0.0
193.002,apt_marker_maskon,PARKED,0.0,0.0,0.0,2,0.0,3.758,0.0,0.0,0.0,0.0,0.0,0.0,0.0
193.131,apt_marker_maskon,PARKED,0.0,0.0,0.0,2,0.0,3.708,0.0,0.0,0.0,0.0,0.0,0.0,0.0
193.202,apt_marker_maskon,PARKED,0.0,0.0,0.0,2,0.0,3.708,0.0,0.0,0.0,0.0,0.0,0.0,0.0
193.301,apt_marker_maskon,PARKED,0.0,0.0,0.0,2,0.0,3.689,0.0,0.0,0.0,0.0,0.0,0.0,0.0
193.401,apt_marker_maskon,PARKED,0.0,0.0,0.0,2,0.0,3.689,0.0,0.0,0.0,0.0,0.0,0.0,0.0
193.501,apt_marker_maskon,PARKED,0.0,0.0,0.0,2,0.0,3.811,0.0,0.0,0.0,0.0,0.0,0.0,0.0
193.601,apt_marker_maskon,PARKED,0.0,0.0,0.0,2,0.0,3.745,0.0,0.0,0.0,0.0,0.0,0.0,0.0
193.703,apt_marker_maskon,PARKED,0.0,0.0,0.0,2,0.0,3.796,0.0,0.0,0.0,0.0,0.0,0.0,0.0
193.801,apt_marker_maskon,PARKED,0.0,0.0,0.0,2,0.0,3.789,0.0,0.0,0.0,0.0,0.0,0.0,0.0
193.901,apt_marker_maskon,PARKED,0.0,0.0,0.0,2,0.0,3.789,0.0,0.0,0.0,0.0,0.0,0.0,0.0
194.013,apt_marker_maskon,PARKED,0.0,0.0,0.0,2,0.0,3.758,0.0,0.0,0.0,0.0,0.0,0.0,0.0
194.15,apt_marker_maskon,PARKED,0.0,0.0,0.0,2,0.0,3.69,0.0,0.0,0.0,0.0,0.0,0.0,0.0
194.201,apt_marker_maskon,PARKED,0.0,0.0,0.0,2,0.0,3.69,0.0,0.0,0.0,0.0,0.0,0.0,0.0
194.326,apt_marker_maskon,PARKED,0.0,0.0,0.0,2,0.0,3.748,0.0,0.0,0.0,0.0,0.0,0.0,0.0
194.401,apt_marker_maskon,PARKED,0.0,0.0,0.0,2,0.0,3.748,0.0,0.0,0.0,0.0,0.0,0.0,0.0
194.501,apt_marker_maskon,PARKED,0.0,0.0,0.0,2,0.0,3.748,0.0,0.0,0.0,0.0,0.0,0.0,0.0
194.601,apt_marker_maskon,PARKED,0.0,0.0,0.0,2,0.0,3.685,0.0,0.0,0.0,0.0,0.0,0.0,0.0
194.708,apt_marker_maskon,PARKED,0.0,0.0,0.0,2,0.0,3.685,0.0,0.0,0.0,0.0,0.0,0.0,0.0
194.837,apt_marker_maskon,PARKED,0.0,0.0,0.0,2,0.0,3.701,0.0,0.0,0.0,0.0,0.0,0.0,0.0
194.9,apt_marker_maskon,PARKED,0.0,0.0,0.0,2,0.0,3.802,0.0,0.0,0.0,0.0,0.0,0.0,0.0
195.002,apt_marker_maskon,PARKED,0.0,0.0,0.0,2,0.0,3.776,0.0,0.0,0.0,0.0,0.0,0.0,0.0
195.109,apt_marker_maskon,PARKED,0.0,0.0,0.0,2,0.0,3.706,0.0,0.0,0.0,0.0,0.0,0.0,0.0
195.202,apt_marker_maskon,PARKED,0.0,0.0,0.0,2,0.0,3.71,0.0,0.0,0.0,0.0,0.0,0.0,0.0
195.332,apt_marker_maskon,PARKED,0.0,0.0,0.0,2,0.0,3.725,0.0,0.0,0.0,0.0,0.0,0.0,0.0
195.401,apt_marker_maskon,PARKED,0.0,0.0,0.0,2,0.0,3.725,0.0,0.0,0.0,0.0,0.0,0.0,0.0
195.501,apt_marker_maskon,PARKED,0.0,0.0,0.0,2,0.0,3.725,0.0,0.0,0.0,0.0,0.0,0.0,0.0
195.601,apt_marker_maskon,PARKED,0.0,0.0,0.0,2,0.0,3.725,0.0,0.0,0.0,0.0,0.0,0.0,0.0
195.701,apt_marker_maskon,PARKED,0.0,0.0,0.0,2,0.0,3.725,0.0,0.0,0.0,0.0,0.0,0.0,0.0
195.801,apt_marker_maskon,PARKED,0.0,0.0,0.0,2,0.0,3.787,0.0,0.0,0.0,0.0,0.0,0.0,0.0
195.943,apt_marker_maskon,PARKED,0.0,0.0,0.0,2,0.0,3.709,0.0,0.0,0.0,0.0,0.0,0.0,0.0
196.002,apt_marker_maskon,PARKED,0.0,0.0,0.0,2,0.0,3.709,0.0,0.0,0.0,0.0,0.0,0.0,0.0
196.102,apt_marker_maskon,PARKED,0.0,0.0,0.0,2,0.0,3.66,0.0,0.0,0.0,0.0,0.0,0.0,0.0
196.202,apt_marker_maskon,PARKED,0.0,0.0,0.0,2,0.0,3.72,0.0,0.0,0.0,0.0,0.0,0.0,0.0
196.301,apt_marker_maskon,PARKED,0.0,0.0,0.0,2,0.0,3.72,0.0,0.0,0.0,0.0,0.0,0.0,0.0
196.401,apt_marker_maskon,PARKED,0.0,0.0,0.0,2,0.0,3.772,0.0,0.0,0.0,0.0,0.0,0.0,0.0
196.502,apt_marker_maskon,PARKED,0.0,0.0,0.0,2,0.0,3.772,0.0,0.0,0.0,0.0,0.0,0.0,0.0
196.601,apt_marker_maskon,PARKED,0.0,0.0,0.0,2,0.0,3.772,0.0,0.0,0.0,0.0,0.0,0.0,0.0
196.738,apt_marker_maskon,PARKED,0.0,0.0,0.0,2,0.0,3.803,0.0,0.0,0.0,0.0,0.0,0.0,0.0
196.806,apt_marker_maskon,PARKED,0.0,0.0,0.0,2,0.0,3.767,0.0,0.0,0.0,0.0,0.0,0.0,0.0
196.902,apt_marker_maskon,PARKED,0.0,0.0,0.0,2,0.0,3.745,0.0,0.0,0.0,0.0,0.0,0.0,0.0
197.001,apt_marker_maskon,PARKED,0.0,0.0,0.0,2,0.0,3.745,0.0,0.0,0.0,0.0,0.0,0.0,0.0
197.101,apt_marker_maskon,PARKED,0.0,0.0,0.0,2,0.0,3.764,0.0,0.0,0.0,0.0,0.0,0.0,0.0
197.213,apt_marker_maskon,PARKED,0.0,0.0,0.0,2,0.0,3.685,0.0,0.0,0.0,0.0,0.0,0.0,0.0
197.301,apt_marker_maskon,PARKED,0.0,0.0,0.0,2,0.0,3.801,0.0,0.0,0.0,0.0,0.0,0.0,0.0
197.416,apt_marker_maskon,PARKED,0.0,0.0,0.0,2,0.0,3.708,0.0,0.0,0.0,0.0,0.0,0.0,0.0
197.502,apt_marker_maskon,PARKED,0.0,0.0,0.0,2,0.0,3.708,0.0,0.0,0.0,0.0,0.0,0.0,0.0
197.603,apt_marker_maskon,PARKED,0.0,0.0,0.0,2,0.0,3.705,0.0,0.0,0.0,0.0,0.0,0.0,0.0
197.723,apt_marker_maskon,PARKED,0.0,0.0,0.0,2,0.0,3.728,0.0,0.0,0.0,0.0,0.0,0.0,0.0
197.801,apt_marker_maskon,PARKED,0.0,0.0,0.0,2,0.0,3.728,0.0,0.0,0.0,0.0,0.0,0.0,0.0
197.937,apt_marker_maskon,PARKED,0.0,0.0,0.0,2,0.0,3.735,0.0,0.0,0.0,0.0,0.0,0.0,0.0
198.036,apt_marker_maskon,PARKED,0.0,0.0,0.0,2,0.0,3.735,0.0,0.0,0.0,0.0,0.0,0.0,0.0
198.135,apt_marker_maskon,PARKED,0.0,0.0,0.0,2,0.0,3.664,0.0,0.0,0.0,0.0,0.0,0.0,0.0
198.201,apt_marker_maskon,PARKED,0.0,0.0,0.0,2,0.0,3.699,0.0,0.0,0.0,0.0,0.0,0.0,0.0
198.325,apt_marker_maskon,PARKED,0.0,0.0,0.0,2,0.0,3.778,0.0,0.0,0.0,0.0,0.0,0.0,0.0
198.401,apt_marker_maskon,PARKED,0.0,0.0,0.0,2,0.0,3.778,0.0,0.0,0.0,0.0,0.0,0.0,0.0
198.501,apt_marker_maskon,PARKED,0.0,0.0,0.0,2,0.0,3.778,0.0,0.0,0.0,0.0,0.0,0.0,0.0
198.601,apt_marker_maskon,PARKED,0.0,0.0,0.0,2,0.0,3.778,0.0,0.0,0.0,0.0,0.0,0.0,0.0
198.72,apt_marker_maskon,PARKED,0.0,0.0,0.0,2,0.0,3.73,0.0,0.0,0.0,0.0,0.0,0.0,0.0
198.806,apt_marker_maskon,PARKED,0.0,0.0,0.0,2,0.0,3.779,0.0,0.0,0.0,0.0,0.0,0.0,0.0
198.901,apt_marker_maskon,PARKED,0.0,0.0,0.0,2,0.0,3.724,0.0,0.0,0.0,0.0,0.0,0.0,0.0
199.02,apt_marker_maskon,PARKED,0.0,0.0,0.0,2,0.0,3.711,0.0,0.0,0.0,0.0,0.0,0.0,0.0
199.126,apt_marker_maskon,PARKED,0.0,0.0,0.0,2,0.0,3.698,0.0,0.0,0.0,0.0,0.0,0.0,0.0
199.204,apt_marker_maskon,PARKED,0.0,0.0,0.0,2,0.0,3.698,0.0,0.0,0.0,0.0,0.0,0.0,0.0
199.302,apt_marker_maskon,PARKED,0.0,0.0,0.0,2,0.0,3.679,0.0,0.0,0.0,0.0,0.0,0.0,0.0
199.42,apt_marker_maskon,PARKED,0.0,0.0,0.0,2,0.0,3.718,0.0,0.0,0.0,0.0,0.0,0.0,0.0
199.5,apt_marker_maskon,PARKED,0.0,0.0,0.0,2,0.0,3.718,0.0,0.0,0.0,0.0,0.0,0.0,0.0
199.601,apt_marker_maskon,PARKED,0.0,0.0,0.0,2,0.0,3.728,0.0,0.0,0.0,0.0,0.0,0.0,0.0
199.709,apt_marker_maskon,PARKED,0.0,0.0,0.0,2,0.0,3.7,0.0,0.0,0.0,0.0,0.0,0.0,0.0
199.845,apt_marker_maskon,PARKED,0.0,0.0,0.0,2,0.0,3.7,0.0,0.0,0.0,0.0,0.0,0.0,0.0
199.922,apt_marker_maskon,PARKED,0.0,0.0,0.0,2,0.0,3.674,0.0,0.0,0.0,0.0,0.0,0.0,0.0
200.001,apt_marker_maskon,PARKED,0.0,0.0,0.0,2,0.0,3.674,0.0,0.0,0.0,0.0,0.0,0.0,0.0
200.101,apt_marker_maskon,PARKED,0.0,0.0,0.0,2,0.0,3.674,0.0,0.0,0.0,0.0,0.0,0.0,0.0
200.207,apt_marker_maskon,PARKED,0.0,0.0,0.0,2,0.0,3.674,0.0,0.0,0.0,0.0,0.0,0.0,0.0
200.347,apt_marker_maskon,PARKED,0.0,0.0,0.0,2,0.0,3.689,0.0,0.0,0.0,0.0,0.0,0.0,0.0
200.402,apt_marker_maskon,PARKED,0.0,0.0,0.0,2,0.0,3.689,0.0,0.0,0.0,0.0,0.0,0.0,0.0
200.501,apt_marker_maskon,PARKED,0.0,0.0,0.0,2,0.0,3.751,0.0,0.0,0.0,0.0,0.0,0.0,0.0
200.623,apt_marker_maskon,PARKED,0.0,0.0,0.0,2,0.0,3.829,0.0,0.0,0.0,0.0,0.0,0.0,0.0
200.701,apt_marker_maskon,PARKED,0.0,0.0,0.0,2,0.0,3.829,0.0,0.0,0.0,0.0,0.0,0.0,0.0
200.801,apt_marker_maskon,PARKED,0.0,0.0,0.0,2,0.0,3.829,0.0,0.0,0.0,0.0,0.0,0.0,0.0
200.941,apt_marker_maskon,PARKED,0.0,0.0,0.0,2,0.0,3.784,0.0,0.0,0.0,0.0,0.0,0.0,0.0
201.039,apt_marker_maskon,PARKED,0.0,0.0,0.0,2,0.0,3.784,0.0,0.0,0.0,0.0,0.0,0.0,0.0
201.101,apt_marker_maskon,PARKED,0.0,0.0,0.0,2,0.0,3.737,0.0,0.0,0.0,0.0,0.0,0.0,0.0
201.201,apt_marker_maskon,PARKED,0.0,0.0,0.0,2,0.0,3.716,0.0,0.0,0.0,0.0,0.0,0.0,0.0
201.322,apt_marker_maskon,PARKED,0.0,0.0,0.0,2,0.0,3.716,0.0,0.0,0.0,0.0,0.0,0.0,0.0
201.403,apt_marker_maskon,PARKED,0.0,0.0,0.0,2,0.0,3.749,0.0,0.0,0.0,0.0,0.0,0.0,0.0
201.534,apt_marker_maskon,PARKED,0.0,0.0,0.0,2,0.0,3.727,0.0,0.0,0.0,0.0,0.0,0.0,0.0
201.614,apt_marker_maskon,PARKED,0.0,0.0,0.0,2,0.0,3.727,0.0,0.0,0.0,0.0,0.0,0.0,0.0
201.702,apt_marker_maskon,PARKED,0.0,0.0,0.0,2,0.0,3.726,0.0,0.0,0.0,0.0,0.0,0.0,0.0
201.801,apt_marker_maskon,PARKED,0.0,0.0,0.0,2,0.0,3.726,0.0,0.0,0.0,0.0,0.0,0.0,0.0
201.901,apt_marker_maskon,PARKED,0.0,0.0,0.0,2,0.0,3.726,0.0,0.0,0.0,0.0,0.0,0.0,0.0
202.001,apt_marker_maskon,PARKED,0.0,0.0,0.0,2,0.0,3.726,0.0,0.0,0.0,0.0,0.0,0.0,0.0
202.123,apt_marker_maskon,PARKED,0.0,0.0,0.0,2,0.0,3.71,0.0,0.0,0.0,0.0,0.0,0.0,0.0
202.201,apt_marker_maskon,PARKED,0.0,0.0,0.0,2,0.0,3.71,0.0,0.0,0.0,0.0,0.0,0.0,0.0
202.344,apt_marker_maskon,PARKED,0.0,0.0,0.0,2,0.0,3.718,0.0,0.0,0.0,0.0,0.0,0.0,0.0
202.401,apt_marker_maskon,PARKED,0.0,0.0,0.0,2,0.0,3.718,0.0,0.0,0.0,0.0,0.0,0.0,0.0
202.501,apt_marker_maskon,PARKED,0.0,0.0,0.0,2,0.0,3.718,0.0,0.0,0.0,0.0,0.0,0.0,0.0
202.618,apt_marker_maskon,PARKED,0.0,0.0,0.0,2,0.0,3.702,0.0,0.0,0.0,0.0,0.0,0.0,0.0
202.731,apt_marker_maskon,PARKED,0.0,0.0,0.0,2,0.0,3.702,0.0,0.0,0.0,0.0,0.0,0.0,0.0
202.801,apt_marker_maskon,PARKED,0.0,0.0,0.0,2,0.0,3.702,0.0,0.0,0.0,0.0,0.0,0.0,0.0
202.901,apt_marker_maskon,PARKED,0.0,0.0,0.0,2,0.0,3.702,0.0,0.0,0.0,0.0,0.0,0.0,0.0
203.022,apt_marker_maskon,PARKED,0.0,0.0,0.0,2,0.0,3.701,0.0,0.0,0.0,0.0,0.0,0.0,0.0
203.101,apt_marker_maskon,PARKED,0.0,0.0,0.0,2,0.0,3.701,0.0,0.0,0.0,0.0,0.0,0.0,0.0
203.227,apt_marker_maskon,PARKED,0.0,0.0,0.0,2,0.0,3.7,0.0,0.0,0.0,0.0,0.0,0.0,0.0
203.301,apt_marker_maskon,PARKED,0.0,0.0,0.0,2,0.0,3.7,0.0,0.0,0.0,0.0,0.0,0.0,0.0
203.401,apt_marker_maskon,PARKED,0.0,0.0,0.0,2,0.0,3.709,0.0,0.0,0.0,0.0,0.0,0.0,0.0
203.542,apt_marker_maskon,PARKED,0.0,0.0,0.0,2,0.0,3.732,0.0,0.0,0.0,0.0,0.0,0.0,0.0
203.619,apt_marker_maskon,PARKED,0.0,0.0,0.0,2,0.0,3.679,0.0,0.0,0.0,0.0,0.0,0.0,0.0
203.704,apt_marker_maskon,PARKED,0.0,0.0,0.0,2,0.0,3.679,0.0,0.0,0.0,0.0,0.0,0.0,0.0
203.801,apt_marker_maskon,PARKED,0.0,0.0,0.0,2,0.0,3.7,0.0,0.0,0.0,0.0,0.0,0.0,0.0
203.901,apt_marker_maskon,PARKED,0.0,0.0,0.0,2,0.0,3.7,0.0,0.0,0.0,0.0,0.0,0.0,0.0
204.035,apt_marker_maskon,PARKED,0.0,0.0,0.0,2,0.0,3.807,0.0,0.0,0.0,0.0,0.0,0.0,0.0
204.101,apt_marker_maskon,PARKED,0.0,0.0,0.0,2,0.0,3.807,0.0,0.0,0.0,0.0,0.0,0.0,0.0
204.2,apt_marker_maskon,PARKED,0.0,0.0,0.0,2,0.0,3.803,0.0,0.0,0.0,0.0,0.0,0.0,0.0
204.301,apt_marker_maskon,PARKED,0.0,0.0,0.0,2,0.0,3.803,0.0,0.0,0.0,0.0,0.0,0.0,0.0
204.42,apt_marker_maskon,PARKED,0.0,0.0,0.0,2,0.0,3.773,0.0,0.0,0.0,0.0,0.0,0.0,0.0
204.502,apt_marker_maskon,PARKED,0.0,0.0,0.0,2,0.0,3.746,0.0,0.0,0.0,0.0,0.0,0.0,0.0
204.64,apt_marker_maskon,PARKED,0.0,0.0,0.0,2,0.0,3.726,0.0,0.0,0.0,0.0,0.0,0.0,0.0
204.731,apt_marker_maskon,PARKED,0.0,0.0,0.0,2,0.0,3.684,0.0,0.0,0.0,0.0,0.0,0.0,0.0
204.828,apt_marker_maskon,PARKED,0.0,0.0,0.0,2,0.0,3.736,0.0,0.0,0.0,0.0,0.0,0.0,0.0
204.901,apt_marker_maskon,PARKED,0.0,0.0,0.0,2,0.0,3.748,0.0,0.0,0.0,0.0,0.0,0.0,0.0
205.001,apt_marker_maskon,PARKED,0.0,0.0,0.0,2,0.0,3.748,0.0,0.0,0.0,0.0,0.0,0.0,0.0
205.101,apt_marker_maskon,PARKED,0.0,0.0,0.0,2,0.0,3.712,0.0,0.0,0.0,0.0,0.0,0.0,0.0
205.2,apt_marker_maskon,PARKED,0.0,0.0,0.0,2,0.0,3.712,0.0,0.0,0.0,0.0,0.0,0.0,0.0
205.301,apt_marker_maskon,PARKED,0.0,0.0,0.0,2,0.0,3.776,0.0,0.0,0.0,0.0,0.0,0.0,0.0
205.415,apt_marker_maskon,PARKED,0.0,0.0,0.0,2,0.0,3.822,0.0,0.0,0.0,0.0,0.0,0.0,0.0
205.502,apt_marker_maskon,PARKED,0.0,0.0,0.0,2,0.0,3.794,0.0,0.0,0.0,0.0,0.0,0.0,0.0
205.601,apt_marker_maskon,PARKED,0.0,0.0,0.0,2,0.0,3.794,0.0,0.0,0.0,0.0,0.0,0.0,0.0
205.701,apt_marker_maskon,PARKED,0.0,0.0,0.0,2,0.0,3.803,0.0,0.0,0.0,0.0,0.0,0.0,0.0
205.841,apt_marker_maskon,PARKED,0.0,0.0,0.0,2,0.0,3.755,0.0,0.0,0.0,0.0,0.0,0.0,0.0
205.902,apt_marker_maskon,PARKED,0.0,0.0,0.0,2,0.0,3.755,0.0,0.0,0.0,0.0,0.0,0.0,0.0
206.001,apt_marker_maskon,PARKED,0.0,0.0,0.0,2,0.0,3.755,0.0,0.0,0.0,0.0,0.0,0.0,0.0
206.119,apt_marker_maskon,PARKED,0.0,0.0,0.0,2,0.0,3.695,0.0,0.0,0.0,0.0,0.0,0.0,0.0
206.246,apt_marker_maskon,PARKED,0.0,0.0,0.0,2,0.0,3.749,0.0,0.0,0.0,0.0,0.0,0.0,0.0
206.308,apt_marker_maskon,PARKED,0.0,0.0,0.0,2,0.0,3.749,0.0,0.0,0.0,0.0,0.0,0.0,0.0
206.442,apt_marker_maskon,PARKED,0.0,0.0,0.0,2,0.0,3.676,0.0,0.0,0.0,0.0,0.0,0.0,0.0
206.509,apt_marker_maskon,PARKED,0.0,0.0,0.0,2,0.0,3.662,0.0,0.0,0.0,0.0,0.0,0.0,0.0
206.645,apt_marker_maskon,PARKED,0.0,0.0,0.0,2,0.0,3.7,0.0,0.0,0.0,0.0,0.0,0.0,0.0
206.709,apt_marker_maskon,PARKED,0.0,0.0,0.0,2,0.0,3.7,0.0,0.0,0.0,0.0,0.0,0.0,0.0
206.802,apt_marker_maskon,PARKED,0.0,0.0,0.0,2,0.0,3.732,0.0,0.0,0.0,0.0,0.0,0.0,0.0
206.918,apt_marker_maskon,PARKED,0.0,0.0,0.0,2,0.0,3.732,0.0,0.0,0.0,0.0,0.0,0.0,0.0
207.001,apt_marker_maskon,PARKED,0.0,0.0,0.0,2,0.0,3.732,0.0,0.0,0.0,0.0,0.0,0.0,0.0
207.101,apt_marker_maskon,PARKED,0.0,0.0,0.0,2,0.0,3.732,0.0,0.0,0.0,0.0,0.0,0.0,0.0
207.24,apt_marker_maskon,PARKED,0.0,0.0,0.0,2,0.0,3.727,0.0,0.0,0.0,0.0,0.0,0.0,0.0
207.3,apt_marker_maskon,PARKED,0.0,0.0,0.0,2,0.0,3.727,0.0,0.0,0.0,0.0,0.0,0.0,0.0
207.402,apt_marker_maskon,PARKED,0.0,0.0,0.0,2,0.0,3.697,0.0,0.0,0.0,0.0,0.0,0.0,0.0
207.539,apt_marker_maskon,PARKED,0.0,0.0,0.0,2,0.0,3.746,0.0,0.0,0.0,0.0,0.0,0.0,0.0
207.604,apt_marker_maskon,PARKED,0.0,0.0,0.0,2,0.0,3.746,0.0,0.0,0.0,0.0,0.0,0.0,0.0
207.701,apt_marker_maskon,PARKED,0.0,0.0,0.0,2,0.0,3.798,0.0,0.0,0.0,0.0,0.0,0.0,0.0
207.822,apt_marker_maskon,PARKED,0.0,0.0,0.0,2,0.0,3.798,0.0,0.0,0.0,0.0,0.0,0.0,0.0
207.901,apt_marker_maskon,PARKED,0.0,0.0,0.0,2,0.0,3.798,0.0,0.0,0.0,0.0,0.0,0.0,0.0
208.001,apt_marker_maskon,PARKED,0.0,0.0,0.0,2,0.0,3.71,0.0,0.0,0.0,0.0,0.0,0.0,0.0
208.137,apt_marker_maskon,PARKED,0.0,0.0,0.0,2,0.0,3.704,0.0,0.0,0.0,0.0,0.0,0.0,0.0
208.24,apt_marker_maskon,PARKED,0.0,0.0,0.0,2,0.0,3.744,0.0,0.0,0.0,0.0,0.0,0.0,0.0
208.301,apt_marker_maskon,PARKED,0.0,0.0,0.0,2,0.0,3.744,0.0,0.0,0.0,0.0,0.0,0.0,0.0
208.444,apt_marker_maskon,PARKED,0.0,0.0,0.0,2,0.0,3.73,0.0,0.0,0.0,0.0,0.0,0.0,0.0
208.504,apt_marker_maskon,PARKED,0.0,0.0,0.0,2,0.0,3.832,0.0,0.0,0.0,0.0,0.0,0.0,0.0
208.602,apt_marker_maskon,PARKED,0.0,0.0,0.0,2,0.0,3.832,0.0,0.0,0.0,0.0,0.0,0.0,0.0
208.702,apt_marker_maskon,PARKED,0.0,0.0,0.0,2,0.0,3.832,0.0,0.0,0.0,0.0,0.0,0.0,0.0
208.801,apt_marker_maskon,PARKED,0.0,0.0,0.0,2,0.0,3.697,0.0,0.0,0.0,0.0,0.0,0.0,0.0
208.938,apt_marker_maskon,PARKED,0.0,0.0,0.0,2,0.0,3.694,0.0,0.0,0.0,0.0,0.0,0.0,0.0
209.011,apt_marker_maskon,PARKED,0.0,0.0,0.0,2,0.0,3.696,0.0,0.0,0.0,0.0,0.0,0.0,0.0
209.101,apt_marker_maskon,PARKED,0.0,0.0,0.0,2,0.0,3.696,0.0,0.0,0.0,0.0,0.0,0.0,0.0
209.201,apt_marker_maskon,PARKED,0.0,0.0,0.0,2,0.0,3.696,0.0,0.0,0.0,0.0,0.0,0.0,0.0
209.301,apt_marker_maskon,PARKED,0.0,0.0,0.0,2,0.0,3.696,0.0,0.0,0.0,0.0,0.0,0.0,0.0
209.404,apt_marker_maskon,PARKED,0.0,0.0,0.0,2,0.0,3.755,0.0,0.0,0.0,0.0,0.0,0.0,0.0
209.501,apt_marker_maskon,PARKED,0.0,0.0,0.0,2,0.0,3.755,0.0,0.0,0.0,0.0,0.0,0.0,0.0
209.618,apt_marker_maskon,PARKED,0.0,0.0,0.0,2,0.0,3.669,0.0,0.0,0.0,0.0,0.0,0.0,0.0
209.747,apt_marker_maskon,PARKED,0.0,0.0,0.0,2,0.0,3.671,0.0,0.0,0.0,0.0,0.0,0.0,0.0
209.816,apt_marker_maskon,PARKED,0.0,0.0,0.0,2,0.0,3.724,0.0,0.0,0.0,0.0,0.0,0.0,0.0
209.901,apt_marker_maskon,PARKED,0.0,0.0,0.0,2,0.0,3.737,0.0,0.0,0.0,0.0,0.0,0.0,0.0
210.038,apt_marker_maskon,PARKED,0.0,0.0,0.0,2,0.0,3.737,0.0,0.0,0.0,0.0,0.0,0.0,0.0
210.101,apt_marker_maskon,PARKED,0.0,0.0,0.0,2,0.0,3.737,0.0,0.0,0.0,0.0,0.0,0.0,0.0
210.201,apt_marker_maskon,PARKED,0.0,0.0,0.0,2,0.0,3.737,0.0,0.0,0.0,0.0,0.0,0.0,0.0
210.301,apt_marker_maskon,PARKED,0.0,0.0,0.0,2,0.0,3.737,0.0,0.0,0.0,0.0,0.0,0.0,0.0
210.401,apt_marker_maskon,PARKED,0.0,0.0,0.0,2,0.0,3.737,0.0,0.0,0.0,0.0,0.0,0.0,0.0
210.501,apt_marker_maskon,PARKED,0.0,0.0,0.0,2,0.0,3.737,0.0,0.0,0.0,0.0,0.0,0.0,0.0
210.602,apt_marker_maskon,PARKED,0.0,0.0,0.0,2,0.0,3.737,0.0,0.0,0.0,0.0,0.0,0.0,0.0
210.702,apt_marker_maskon,PARKED,0.0,0.0,0.0,2,0.0,3.733,0.0,0.0,0.0,0.0,0.0,0.0,0.0
210.802,apt_marker_maskon,PARKED,0.0,0.0,0.0,2,0.0,3.77,0.0,0.0,0.0,0.0,0.0,0.0,0.0
210.906,apt_marker_maskon,PARKED,0.0,0.0,0.0,2,0.0,3.779,0.0,0.0,0.0,0.0,0.0,0.0,0.0
211.013,apt_marker_maskon,PARKED,0.0,0.0,0.0,2,0.0,3.673,0.0,0.0,0.0,0.0,0.0,0.0,0.0
211.102,apt_marker_maskon,PARKED,0.0,0.0,0.0,2,0.0,3.673,0.0,0.0,0.0,0.0,0.0,0.0,0.0
211.248,apt_marker_maskon,PARKED,0.0,0.0,0.0,2,0.0,3.728,0.0,0.0,0.0,0.0,0.0,0.0,0.0
211.309,apt_marker_maskon,PARKED,0.0,0.0,0.0,2,0.0,3.739,0.0,0.0,0.0,0.0,0.0,0.0,0.0
211.432,apt_marker_maskon,PARKED,0.0,0.0,0.0,2,0.0,3.793,0.0,0.0,0.0,0.0,0.0,0.0,0.0
211.502,apt_marker_maskon,PARKED,0.0,0.0,0.0,2,0.0,3.757,0.0,0.0,0.0,0.0,0.0,0.0,0.0
211.621,apt_marker_maskon,PARKED,0.0,0.0,0.0,2,0.0,3.763,0.0,0.0,0.0,0.0,0.0,0.0,0.0
211.744,apt_marker_maskon,PARKED,0.0,0.0,0.0,2,0.0,3.758,0.0,0.0,0.0,0.0,0.0,0.0,0.0
211.801,apt_marker_maskon,PARKED,0.0,0.0,0.0,2,0.0,3.758,0.0,0.0,0.0,0.0,0.0,0.0,0.0
211.902,apt_marker_maskon,PARKED,0.0,0.0,0.0,2,0.0,3.717,0.0,0.0,0.0,0.0,0.0,0.0,0.0
212.002,apt_marker_maskon,PARKED,0.0,0.0,0.0,2,0.0,3.676,0.0,0.0,0.0,0.0,0.0,0.0,0.0
212.101,apt_marker_maskon,PARKED,0.0,0.0,0.0,2,0.0,3.674,0.0,0.0,0.0,0.0,0.0,0.0,0.0
212.202,apt_marker_maskon,PARKED,0.0,0.0,0.0,2,0.0,3.674,0.0,0.0,0.0,0.0,0.0,0.0,0.0
212.301,apt_marker_maskon,PARKED,0.0,0.0,0.0,2,0.0,3.691,0.0,0.0,0.0,0.0,0.0,0.0,0.0
212.401,apt_marker_maskon,PARKED,0.0,0.0,0.0,2,0.0,3.691,0.0,0.0,0.0,0.0,0.0,0.0,0.0
212.502,apt_marker_maskon,PARKED,0.0,0.0,0.0,2,0.0,3.691,0.0,0.0,0.0,0.0,0.0,0.0,0.0
212.644,apt_marker_maskon,PARKED,0.0,0.0,0.0,2,0.0,3.805,0.0,0.0,0.0,0.0,0.0,0.0,0.0
212.702,apt_marker_maskon,PARKED,0.0,0.0,0.0,2,0.0,3.805,0.0,0.0,0.0,0.0,0.0,0.0,0.0
212.834,apt_marker_maskon,PARKED,0.0,0.0,0.0,2,0.0,3.713,0.0,0.0,0.0,0.0,0.0,0.0,0.0
212.901,apt_marker_maskon,PARKED,0.0,0.0,0.0,2,0.0,3.713,0.0,0.0,0.0,0.0,0.0,0.0,0.0
213.001,apt_marker_maskon,PARKED,0.0,0.0,0.0,2,0.0,3.689,0.0,0.0,0.0,0.0,0.0,0.0,0.0
213.101,apt_marker_maskon,PARKED,0.0,0.0,0.0,2,0.0,3.784,0.0,0.0,0.0,0.0,0.0,0.0,0.0
213.245,apt_marker_maskon,PARKED,0.0,0.0,0.0,2,0.0,3.748,0.0,0.0,0.0,0.0,0.0,0.0,0.0
213.301,apt_marker_maskon,PARKED,0.0,0.0,0.0,2,0.0,3.748,0.0,0.0,0.0,0.0,0.0,0.0,0.0
213.401,apt_marker_maskon,PARKED,0.0,0.0,0.0,2,0.0,3.748,0.0,0.0,0.0,0.0,0.0,0.0,0.0
213.502,apt_marker_maskon,PARKED,0.0,0.0,0.0,2,0.0,3.75,0.0,0.0,0.0,0.0,0.0,0.0,0.0
213.636,apt_marker_maskon,PARKED,0.0,0.0,0.0,2,0.0,3.738,0.0,0.0,0.0,0.0,0.0,0.0,0.0
213.716,apt_marker_maskon,PARKED,0.0,0.0,0.0,2,0.0,3.707,0.0,0.0,0.0,0.0,0.0,0.0,0.0
213.801,apt_marker_maskon,PARKED,0.0,0.0,0.0,2,0.0,3.698,0.0,0.0,0.0,0.0,0.0,0.0,0.0
213.914,apt_marker_maskon,PARKED,0.0,0.0,0.0,2,0.0,3.696,0.0,0.0,0.0,0.0,0.0,0.0,0.0
214.001,apt_marker_maskon,PARKED,0.0,0.0,0.0,2,0.0,3.715,0.0,0.0,0.0,0.0,0.0,0.0,0.0
214.101,apt_marker_maskon,PARKED,0.0,0.0,0.0,2,0.0,3.715,0.0,0.0,0.0,0.0,0.0,0.0,0.0
214.238,apt_marker_maskon,PARKED,0.0,0.0,0.0,2,0.0,3.768,0.0,0.0,0.0,0.0,0.0,0.0,0.0
214.302,apt_marker_maskon,PARKED,0.0,0.0,0.0,2,0.0,3.754,0.0,0.0,0.0,0.0,0.0,0.0,0.0
214.401,apt_marker_maskon,PARKED,0.0,0.0,0.0,2,0.0,3.754,0.0,0.0,0.0,0.0,0.0,0.0,0.0
214.501,apt_marker_maskon,PARKED,0.0,0.0,0.0,2,0.0,3.754,0.0,0.0,0.0,0.0,0.0,0.0,0.0
214.601,apt_marker_maskon,PARKED,0.0,0.0,0.0,2,0.0,3.784,0.0,0.0,0.0,0.0,0.0,0.0,0.0
214.704,apt_marker_maskon,PARKED,0.0,0.0,0.0,2,0.0,3.784,0.0,0.0,0.0,0.0,0.0,0.0,0.0
214.823,apt_marker_maskon,PARKED,0.0,0.0,0.0,2,0.0,3.732,0.0,0.0,0.0,0.0,0.0,0.0,0.0
214.901,apt_marker_maskon,PARKED,0.0,0.0,0.0,2,0.0,3.732,0.0,0.0,0.0,0.0,0.0,0.0,0.0
215.038,apt_marker_maskon,PARKED,0.0,0.0,0.0,2,0.0,3.732,0.0,0.0,0.0,0.0,0.0,0.0,0.0
215.104,apt_marker_maskon,PARKED,0.0,0.0,0.0,2,0.0,3.678,0.0,0.0,0.0,0.0,0.0,0.0,0.0
215.201,apt_marker_maskon,PARKED,0.0,0.0,0.0,2,0.0,3.678,0.0,0.0,0.0,0.0,0.0,0.0,0.0
215.348,apt_marker_maskon,PARKED,0.0,0.0,0.0,2,0.0,3.734,0.0,0.0,0.0,0.0,0.0,0.0,0.0
215.402,apt_marker_maskon,PARKED,0.0,0.0,0.0,2,0.0,3.734,0.0,0.0,0.0,0.0,0.0,0.0,0.0
215.501,apt_marker_maskon,PARKED,0.0,0.0,0.0,2,0.0,3.734,0.0,0.0,0.0,0.0,0.0,0.0,0.0
215.601,apt_marker_maskon,PARKED,0.0,0.0,0.0,2,0.0,3.734,0.0,0.0,0.0,0.0,0.0,0.0,0.0
215.701,apt_marker_maskon,PARKED,0.0,0.0,0.0,2,0.0,3.789,0.0,0.0,0.0,0.0,0.0,0.0,0.0
215.802,apt_marker_maskon,PARKED,0.0,0.0,0.0,2,0.0,3.789,0.0,0.0,0.0,0.0,0.0,0.0,0.0
215.916,apt_marker_maskon,PARKED,0.0,0.0,0.0,2,0.0,3.739,0.0,0.0,0.0,0.0,0.0,0.0,0.0
216.001,apt_marker_maskon,PARKED,0.0,0.0,0.0,2,0.0,3.739,0.0,0.0,0.0,0.0,0.0,0.0,0.0
216.101,apt_marker_maskon,PARKED,0.0,0.0,0.0,2,0.0,3.7,0.0,0.0,0.0,0.0,0.0,0.0,0.0
216.201,apt_marker_maskon,PARKED,0.0,0.0,0.0,2,0.0,3.774,0.0,0.0,0.0,0.0,0.0,0.0,0.0
216.321,apt_marker_maskon,PARKED,0.0,0.0,0.0,2,0.0,3.732,0.0,0.0,0.0,0.0,0.0,0.0,0.0
216.42,apt_marker_maskon,PARKED,0.0,0.0,0.0,2,0.0,3.764,0.0,0.0,0.0,0.0,0.0,0.0,0.0
216.501,apt_marker_maskon,PARKED,0.0,0.0,0.0,2,0.0,3.764,0.0,0.0,0.0,0.0,0.0,0.0,0.0
216.641,apt_marker_maskon,PARKED,0.0,0.0,0.0,2,0.0,3.687,0.0,0.0,0.0,0.0,0.0,0.0,0.0
216.714,apt_marker_maskon,PARKED,0.0,0.0,0.0,2,0.0,3.797,0.0,0.0,0.0,0.0,0.0,0.0,0.0
216.801,apt_marker_maskon,PARKED,0.0,0.0,0.0,2,0.0,3.797,0.0,0.0,0.0,0.0,0.0,0.0,0.0
216.901,apt_marker_maskon,PARKED,0.0,0.0,0.0,2,0.0,3.746,0.0,0.0,0.0,0.0,0.0,0.0,0.0
217.001,apt_marker_maskon,PARKED,0.0,0.0,0.0,2,0.0,3.739,0.0,0.0,0.0,0.0,0.0,0.0,0.0
217.118,apt_marker_maskon,PARKED,0.0,0.0,0.0,2,0.0,3.721,0.0,0.0,0.0,0.0,0.0,0.0,0.0
217.201,apt_marker_maskon,PARKED,0.0,0.0,0.0,2,0.0,3.721,0.0,0.0,0.0,0.0,0.0,0.0,0.0
217.34,apt_marker_maskon,PARKED,0.0,0.0,0.0,2,0.0,3.751,0.0,0.0,0.0,0.0,0.0,0.0,0.0
217.401,apt_marker_maskon,PARKED,0.0,0.0,0.0,2,0.0,3.751,0.0,0.0,0.0,0.0,0.0,0.0,0.0
217.501,apt_marker_maskon,PARKED,0.0,0.0,0.0,2,0.0,3.757,0.0,0.0,0.0,0.0,0.0,0.0,0.0
217.601,apt_marker_maskon,PARKED,0.0,0.0,0.0,2,0.0,3.757,0.0,0.0,0.0,0.0,0.0,0.0,0.0
217.701,apt_marker_maskon,PARKED,0.0,0.0,0.0,2,0.0,3.709,0.0,0.0,0.0,0.0,0.0,0.0,0.0
217.837,apt_marker_maskon,PARKED,0.0,0.0,0.0,2,0.0,3.729,0.0,0.0,0.0,0.0,0.0,0.0,0.0
217.95,apt_marker_maskon,PARKED,0.0,0.0,0.0,2,0.0,3.691,0.0,0.0,0.0,0.0,0.0,0.0,0.0
218.008,apt_marker_maskon,PARKED,0.0,0.0,0.0,2,0.0,3.704,0.0,0.0,0.0,0.0,0.0,0.0,0.0
218.14,apt_marker_maskon,PARKED,0.0,0.0,0.0,2,0.0,3.704,0.0,0.0,0.0,0.0,0.0,0.0,0.0
218.201,apt_marker_maskon,PARKED,0.0,0.0,0.0,2,0.0,3.704,0.0,0.0,0.0,0.0,0.0,0.0,0.0
218.302,apt_marker_maskon,PARKED,0.0,0.0,0.0,2,0.0,3.681,0.0,0.0,0.0,0.0,0.0,0.0,0.0
218.429,apt_marker_maskon,PARKED,0.0,0.0,0.0,2,0.0,3.645,0.0,0.0,0.0,0.0,0.0,0.0,0.0
218.501,apt_marker_maskon,PARKED,0.0,0.0,0.0,2,0.0,3.696,0.0,0.0,0.0,0.0,0.0,0.0,0.0
218.601,apt_marker_maskon,PARKED,0.0,0.0,0.0,2,0.0,3.696,0.0,0.0,0.0,0.0,0.0,0.0,0.0
218.701,apt_marker_maskon,PARKED,0.0,0.0,0.0,2,0.0,3.696,0.0,0.0,0.0,0.0,0.0,0.0,0.0
218.841,apt_marker_maskon,PARKED,0.0,0.0,0.0,2,0.0,3.708,0.0,0.0,0.0,0.0,0.0,0.0,0.0
218.901,apt_marker_maskon,PARKED,0.0,0.0,0.0,2,0.0,3.801,0.0,0.0,0.0,0.0,0.0,0.0,0.0
219.001,apt_marker_maskon,PARKED,0.0,0.0,0.0,2,0.0,3.759,0.0,0.0,0.0,0.0,0.0,0.0,0.0
219.101,apt_marker_maskon,PARKED,0.0,0.0,0.0,2,0.0,3.759,0.0,0.0,0.0,0.0,0.0,0.0,0.0
219.223,apt_marker_maskon,PARKED,0.0,0.0,0.0,2,0.0,3.704,0.0,0.0,0.0,0.0,0.0,0.0,0.0
219.339,apt_marker_maskon,PARKED,0.0,0.0,0.0,2,0.0,3.759,0.0,0.0,0.0,0.0,0.0,0.0,0.0
219.424,apt_marker_maskon,PARKED,0.0,0.0,0.0,2,0.0,3.759,0.0,0.0,0.0,0.0,0.0,0.0,0.0
219.501,apt_marker_maskon,PARKED,0.0,0.0,0.0,2,0.0,3.759,0.0,0.0,0.0,0.0,0.0,0.0,0.0
219.602,apt_marker_maskon,PARKED,0.0,0.0,0.0,2,0.0,3.694,0.0,0.0,0.0,0.0,0.0,0.0,0.0
219.701,apt_marker_maskon,PARKED,0.0,0.0,0.0,2,0.0,3.694,0.0,0.0,0.0,0.0,0.0,0.0,0.0
219.802,apt_marker_maskon,PARKED,0.0,0.0,0.0,2,0.0,3.707,0.0,0.0,0.0,0.0,0.0,0.0,0.0
219.901,apt_marker_maskon,PARKED,0.0,0.0,0.0,2,0.0,3.707,0.0,0.0,0.0,0.0,0.0,0.0,0.0
220.002,apt_marker_maskon,PARKED,0.0,0.0,0.0,2,0.0,3.726,0.0,0.0,0.0,0.0,0.0,0.0,0.0
220.101,apt_marker_maskon,PARKED,0.0,0.0,0.0,2,0.0,3.652,0.0,0.0,0.0,0.0,0.0,0.0,0.0
220.245,apt_marker_maskon,PARKED,0.0,0.0,0.0,2,0.0,3.696,0.0,0.0,0.0,0.0,0.0,0.0,0.0
220.304,apt_marker_maskon,PARKED,0.0,0.0,0.0,2,0.0,3.694,0.0,0.0,0.0,0.0,0.0,0.0,0.0
220.401,apt_marker_maskon,PARKED,0.0,0.0,0.0,2,0.0,3.694,0.0,0.0,0.0,0.0,0.0,0.0,0.0
220.543,apt_marker_maskon,PARKED,0.0,0.0,0.0,2,0.0,3.694,0.0,0.0,0.0,0.0,0.0,0.0,0.0
220.601,apt_marker_maskon,PARKED,0.0,0.0,0.0,2,0.0,3.694,0.0,0.0,0.0,0.0,0.0,0.0,0.0
220.701,apt_marker_maskon,PARKED,0.0,0.0,0.0,2,0.0,3.694,0.0,0.0,0.0,0.0,0.0,0.0,0.0
220.801,apt_marker_maskon,PARKED,0.0,0.0,0.0,2,0.0,3.694,0.0,0.0,0.0,0.0,0.0,0.0,0.0
220.901,apt_marker_maskon,PARKED,0.0,0.0,0.0,2,0.0,3.804,0.0,0.0,0.0,0.0,0.0,0.0,0.0
221.034,apt_marker_maskon,PARKED,0.0,0.0,0.0,2,0.0,3.745,0.0,0.0,0.0,0.0,0.0,0.0,0.0
221.101,apt_marker_maskon,PARKED,0.0,0.0,0.0,2,0.0,3.71,0.0,0.0,0.0,0.0,0.0,0.0,0.0
221.201,apt_marker_maskon,PARKED,0.0,0.0,0.0,2,0.0,3.682,0.0,0.0,0.0,0.0,0.0,0.0,0.0
221.301,apt_marker_maskon,PARKED,0.0,0.0,0.0,2,0.0,3.682,0.0,0.0,0.0,0.0,0.0,0.0,0.0
221.423,apt_marker_maskon,PARKED,0.0,0.0,0.0,2,0.0,3.757,0.0,0.0,0.0,0.0,0.0,0.0,0.0
221.524,apt_marker_maskon,PARKED,0.0,0.0,0.0,2,0.0,3.795,0.0,0.0,0.0,0.0,0.0,0.0,0.0
221.601,apt_marker_maskon,PARKED,0.0,0.0,0.0,2,0.0,3.787,0.0,0.0,0.0,0.0,0.0,0.0,0.0
221.702,apt_marker_maskon,PARKED,0.0,0.0,0.0,2,0.0,3.752,0.0,0.0,0.0,0.0,0.0,0.0,0.0
221.801,apt_marker_maskon,PARKED,0.0,0.0,0.0,2,0.0,3.752,0.0,0.0,0.0,0.0,0.0,0.0,0.0
221.901,apt_marker_maskon,PARKED,0.0,0.0,0.0,2,0.0,3.752,0.0,0.0,0.0,0.0,0.0,0.0,0.0
222.021,apt_marker_maskon,PARKED,0.0,0.0,0.0,2,0.0,3.707,0.0,0.0,0.0,0.0,0.0,0.0,0.0
222.101,apt_marker_maskon,PARKED,0.0,0.0,0.0,2,0.0,3.719,0.0,0.0,0.0,0.0,0.0,0.0,0.0
222.241,apt_marker_maskon,PARKED,0.0,0.0,0.0,2,0.0,3.751,0.0,0.0,0.0,0.0,0.0,0.0,0.0
222.303,apt_marker_maskon,PARKED,0.0,0.0,0.0,2,0.0,3.751,0.0,0.0,0.0,0.0,0.0,0.0,0.0
222.412,apt_marker_maskon,PARKED,0.0,0.0,0.0,2,0.0,3.743,0.0,0.0,0.0,0.0,0.0,0.0,0.0
222.502,apt_marker_maskon,PARKED,0.0,0.0,0.0,2,0.0,3.753,0.0,0.0,0.0,0.0,0.0,0.0,0.0
222.617,apt_marker_maskon,PARKED,0.0,0.0,0.0,2,0.0,3.755,0.0,0.0,0.0,0.0,0.0,0.0,0.0
222.725,apt_marker_maskon,PARKED,0.0,0.0,0.0,2,0.0,3.782,0.0,0.0,0.0,0.0,0.0,0.0,0.0
222.801,apt_marker_maskon,PARKED,0.0,0.0,0.0,2,0.0,3.782,0.0,0.0,0.0,0.0,0.0,0.0,0.0
222.917,apt_marker_maskon,PARKED,0.0,0.0,0.0,2,0.0,3.723,0.0,0.0,0.0,0.0,0.0,0.0,0.0
223.001,apt_marker_maskon,PARKED,0.0,0.0,0.0,2,0.0,3.781,0.0,0.0,0.0,0.0,0.0,0.0,0.0
223.126,apt_marker_maskon,PARKED,0.0,0.0,0.0,2,0.0,3.691,0.0,0.0,0.0,0.0,0.0,0.0,0.0
223.202,apt_marker_maskon,PARKED,0.0,0.0,0.0,2,0.0,3.691,0.0,0.0,0.0,0.0,0.0,0.0,0.0
223.301,apt_marker_maskon,PARKED,0.0,0.0,0.0,2,0.0,3.657,0.0,0.0,0.0,0.0,0.0,0.0,0.0
223.423,apt_marker_maskon,PARKED,0.0,0.0,0.0,2,0.0,3.681,0.0,0.0,0.0,0.0,0.0,0.0,0.0
223.506,apt_marker_maskon,PARKED,0.0,0.0,0.0,2,0.0,3.728,0.0,0.0,0.0,0.0,0.0,0.0,0.0
223.613,apt_marker_maskon,PARKED,0.0,0.0,0.0,2,0.0,3.728,0.0,0.0,0.0,0.0,0.0,0.0,0.0
223.701,apt_marker_maskon,PARKED,0.0,0.0,0.0,2,0.0,3.776,0.0,0.0,0.0,0.0,0.0,0.0,0.0
223.801,apt_marker_maskon,PARKED,0.0,0.0,0.0,2,0.0,3.788,0.0,0.0,0.0,0.0,0.0,0.0,0.0
223.915,apt_marker_maskon,PARKED,0.0,0.0,0.0,2,0.0,3.707,0.0,0.0,0.0,0.0,0.0,0.0,0.0
224.031,apt_marker_maskon,PARKED,0.0,0.0,0.0,2,0.0,3.707,0.0,0.0,0.0,0.0,0.0,0.0,0.0
224.101,apt_marker_maskon,PARKED,0.0,0.0,0.0,2,0.0,3.752,0.0,0.0,0.0,0.0,0.0,0.0,0.0
224.21,apt_marker_maskon,PARKED,0.0,0.0,0.0,2,0.0,3.752,0.0,0.0,0.0,0.0,0.0,0.0,0.0
224.301,apt_marker_maskon,PARKED,0.0,0.0,0.0,2,0.0,3.763,0.0,0.0,0.0,0.0,0.0,0.0,0.0
224.416,apt_marker_maskon,PARKED,0.0,0.0,0.0,2,0.0,3.717,0.0,0.0,0.0,0.0,0.0,0.0,0.0
224.533,apt_marker_maskon,PARKED,0.0,0.0,0.0,2,0.0,3.717,0.0,0.0,0.0,0.0,0.0,0.0,0.0
224.601,apt_marker_maskon,PARKED,0.0,0.0,0.0,2,0.0,3.71,0.0,0.0,0.0,0.0,0.0,0.0,0.0
224.701,apt_marker_maskon,PARKED,0.0,0.0,0.0,2,0.0,3.71,0.0,0.0,0.0,0.0,0.0,0.0,0.0
224.801,apt_marker_maskon,PARKED,0.0,0.0,0.0,2,0.0,3.763,0.0,0.0,0.0,0.0,0.0,0.0,0.0
224.901,apt_marker_maskon,PARKED,0.0,0.0,0.0,2,0.0,3.763,0.0,0.0,0.0,0.0,0.0,0.0,0.0
225.001,apt_marker_maskon,PARKED,0.0,0.0,0.0,2,0.0,3.806,0.0,0.0,0.0,0.0,0.0,0.0,0.0
225.14,apt_marker_maskon,PARKED,0.0,0.0,0.0,2,0.0,3.749,0.0,0.0,0.0,0.0,0.0,0.0,0.0
225.247,apt_marker_maskon,PARKED,0.0,0.0,0.0,2,0.0,3.749,0.0,0.0,0.0,0.0,0.0,0.0,0.0
225.313,apt_marker_maskon,PARKED,0.0,0.0,0.0,2,0.0,3.805,0.0,0.0,0.0,0.0,0.0,0.0,0.0
225.424,apt_marker_maskon,PARKED,0.0,0.0,0.0,2,0.0,3.76,0.0,0.0,0.0,0.0,0.0,0.0,0.0
225.501,apt_marker_maskon,PARKED,0.0,0.0,0.0,2,0.0,3.76,0.0,0.0,0.0,0.0,0.0,0.0,0.0
225.601,apt_marker_maskon,PARKED,0.0,0.0,0.0,2,0.0,3.76,0.0,0.0,0.0,0.0,0.0,0.0,0.0
225.701,apt_marker_maskon,PARKED,0.0,0.0,0.0,2,0.0,3.792,0.0,0.0,0.0,0.0,0.0,0.0,0.0
225.809,apt_marker_maskon,PARKED,0.0,0.0,0.0,2,0.0,3.742,0.0,0.0,0.0,0.0,0.0,0.0,0.0
225.949,apt_marker_maskon,PARKED,0.0,0.0,0.0,2,0.0,3.797,0.0,0.0,0.0,0.0,0.0,0.0,0.0
226.005,apt_marker_maskon,PARKED,0.0,0.0,0.0,2,0.0,3.721,0.0,0.0,0.0,0.0,0.0,0.0,0.0
226.102,apt_marker_maskon,PARKED,0.0,0.0,0.0,2,0.0,3.721,0.0,0.0,0.0,0.0,0.0,0.0,0.0
226.201,apt_marker_maskon,PARKED,0.0,0.0,0.0,2,0.0,3.668,0.0,0.0,0.0,0.0,0.0,0.0,0.0
226.318,apt_marker_maskon,PARKED,0.0,0.0,0.0,2,0.0,3.695,0.0,0.0,0.0,0.0,0.0,0.0,0.0
226.449,apt_marker_maskon,PARKED,0.0,0.0,0.0,2,0.0,3.715,0.0,0.0,0.0,0.0,0.0,0.0,0.0
226.501,apt_marker_maskon,PARKED,0.0,0.0,0.0,2,0.0,3.715,0.0,0.0,0.0,0.0,0.0,0.0,0.0
226.601,apt_marker_maskon,PARKED,0.0,0.0,0.0,2,0.0,3.715,0.0,0.0,0.0,0.0,0.0,0.0,0.0
226.701,apt_marker_maskon,PARKED,0.0,0.0,0.0,2,0.0,3.715,0.0,0.0,0.0,0.0,0.0,0.0,0.0
226.801,apt_marker_maskon,PARKED,0.0,0.0,0.0,2,0.0,3.715,0.0,0.0,0.0,0.0,0.0,0.0,0.0
226.908,apt_marker_maskon,PARKED,0.0,0.0,0.0,2,0.0,3.715,0.0,0.0,0.0,0.0,0.0,0.0,0.0
227.001,apt_marker_maskon,PARKED,0.0,0.0,0.0,2,0.0,3.715,0.0,0.0,0.0,0.0,0.0,0.0,0.0
227.101,apt_marker_maskon,PARKED,0.0,0.0,0.0,2,0.0,3.715,0.0,0.0,0.0,0.0,0.0,0.0,0.0
227.201,apt_marker_maskon,PARKED,0.0,0.0,0.0,2,0.0,3.715,0.0,0.0,0.0,0.0,0.0,0.0,0.0
227.32,apt_marker_maskon,PARKED,0.0,0.0,0.0,2,0.0,3.73,0.0,0.0,0.0,0.0,0.0,0.0,0.0
227.402,apt_marker_maskon,PARKED,0.0,0.0,0.0,2,0.0,3.687,0.0,0.0,0.0,0.0,0.0,0.0,0.0
227.519,apt_marker_maskon,PARKED,0.0,0.0,0.0,2,0.0,3.687,0.0,0.0,0.0,0.0,0.0,0.0,0.0
227.601,apt_marker_maskon,PARKED,0.0,0.0,0.0,2,0.0,3.687,0.0,0.0,0.0,0.0,0.0,0.0,0.0
227.701,apt_marker_maskon,PARKED,0.0,0.0,0.0,2,0.0,3.672,0.0,0.0,0.0,0.0,0.0,0.0,0.0
227.822,apt_marker_maskon,PARKED,0.0,0.0,0.0,2,0.0,3.777,0.0,0.0,0.0,0.0,0.0,0.0,0.0
227.948,apt_marker_maskon,PARKED,0.0,0.0,0.0,2,0.0,3.786,0.0,0.0,0.0,0.0,0.0,0.0,0.0
228.002,apt_marker_maskon,PARKED,0.0,0.0,0.0,2,0.0,3.786,0.0,0.0,0.0,0.0,0.0,0.0,0.0
228.101,apt_marker_maskon,PARKED,0.0,0.0,0.0,2,0.0,3.786,0.0,0.0,0.0,0.0,0.0,0.0,0.0
228.223,apt_marker_maskon,PARKED,0.0,0.0,0.0,2,0.0,3.818,0.0,0.0,0.0,0.0,0.0,0.0,0.0
228.323,apt_marker_maskon,PARKED,0.0,0.0,0.0,2,0.0,3.689,0.0,0.0,0.0,0.0,0.0,0.0,0.0
228.442,apt_marker_maskon,PARKED,0.0,0.0,0.0,2,0.0,3.689,0.0,0.0,0.0,0.0,0.0,0.0,0.0
228.502,apt_marker_maskon,PARKED,0.0,0.0,0.0,2,0.0,3.689,0.0,0.0,0.0,0.0,0.0,0.0,0.0
228.601,apt_marker_maskon,PARKED,0.0,0.0,0.0,2,0.0,3.711,0.0,0.0,0.0,0.0,0.0,0.0,0.0
228.745,apt_marker_maskon,PARKED,0.0,0.0,0.0,2,0.0,3.741,0.0,0.0,0.0,0.0,0.0,0.0,0.0
228.802,apt_marker_maskon,PARKED,0.0,0.0,0.0,2,0.0,3.741,0.0,0.0,0.0,0.0,0.0,0.0,0.0
228.902,apt_marker_maskon,PARKED,0.0,0.0,0.0,2,0.0,3.741,0.0,0.0,0.0,0.0,0.0,0.0,0.0
229.021,apt_marker_maskon,PARKED,0.0,0.0,0.0,2,0.0,3.746,0.0,0.0,0.0,0.0,0.0,0.0,0.0
229.101,apt_marker_maskon,PARKED,0.0,0.0,0.0,2,0.0,3.746,0.0,0.0,0.0,0.0,0.0,0.0,0.0
229.202,apt_marker_maskon,PARKED,0.0,0.0,0.0,2,0.0,3.757,0.0,0.0,0.0,0.0,0.0,0.0,0.0
229.315,apt_marker_maskon,PARKED,0.0,0.0,0.0,2,0.0,3.757,0.0,0.0,0.0,0.0,0.0,0.0,0.0
229.401,apt_marker_maskon,PARKED,0.0,0.0,0.0,2,0.0,3.757,0.0,0.0,0.0,0.0,0.0,0.0,0.0
229.527,apt_marker_maskon,PARKED,0.0,0.0,0.0,2,0.0,3.662,0.0,0.0,0.0,0.0,0.0,0.0,0.0
229.602,apt_marker_maskon,PARKED,0.0,0.0,0.0,2,0.0,3.721,0.0,0.0,0.0,0.0,0.0,0.0,0.0
229.701,apt_marker_maskon,PARKED,0.0,0.0,0.0,2,0.0,3.721,0.0,0.0,0.0,0.0,0.0,0.0,0.0
229.804,apt_marker_maskon,PARKED,0.0,0.0,0.0,2,0.0,3.721,0.0,0.0,0.0,0.0,0.0,0.0,0.0
229.902,apt_marker_maskon,PARKED,0.0,0.0,0.0,2,0.0,3.748,0.0,0.0,0.0,0.0,0.0,0.0,0.0
230.001,apt_marker_maskon,PARKED,0.0,0.0,0.0,2,0.0,3.748,0.0,0.0,0.0,0.0,0.0,0.0,0.0
230.101,apt_marker_maskon,PARKED,0.0,0.0,0.0,2,0.0,3.727,0.0,0.0,0.0,0.0,0.0,0.0,0.0
230.201,apt_marker_maskon,PARKED,0.0,0.0,0.0,2,0.0,3.727,0.0,0.0,0.0,0.0,0.0,0.0,0.0
230.301,apt_marker_maskon,PARKED,0.0,0.0,0.0,2,0.0,3.727,0.0,0.0,0.0,0.0,0.0,0.0,0.0
230.45,apt_marker_maskon,PARKED,0.0,0.0,0.0,2,0.0,3.742,0.0,0.0,0.0,0.0,0.0,0.0,0.0
230.52,apt_marker_maskon,PARKED,0.0,0.0,0.0,2,0.0,3.742,0.0,0.0,0.0,0.0,0.0,0.0,0.0
230.601,apt_marker_maskon,PARKED,0.0,0.0,0.0,2,0.0,3.742,0.0,0.0,0.0,0.0,0.0,0.0,0.0
230.738,apt_marker_maskon,PARKED,0.0,0.0,0.0,2,0.0,3.768,0.0,0.0,0.0,0.0,0.0,0.0,0.0
230.831,apt_marker_maskon,PARKED,0.0,0.0,0.0,2,0.0,3.767,0.0,0.0,0.0,0.0,0.0,0.0,0.0
230.902,apt_marker_maskon,PARKED,0.0,0.0,0.0,2,0.0,3.713,0.0,0.0,0.0,0.0,0.0,0.0,0.0
231.002,apt_marker_maskon,PARKED,0.0,0.0,0.0,2,0.0,3.713,0.0,0.0,0.0,0.0,0.0,0.0,0.0
231.124,apt_marker_maskon,PARKED,0.0,0.0,0.0,2,0.0,3.717,0.0,0.0,0.0,0.0,0.0,0.0,0.0
231.202,apt_marker_maskon,PARKED,0.0,0.0,0.0,2,0.0,3.717,0.0,0.0,0.0,0.0,0.0,0.0,0.0
231.302,apt_marker_maskon,PARKED,0.0,0.0,0.0,2,0.0,3.717,0.0,0.0,0.0,0.0,0.0,0.0,0.0
231.416,apt_marker_maskon,PARKED,0.0,0.0,0.0,2,0.0,3.757,0.0,0.0,0.0,0.0,0.0,0.0,0.0
231.501,apt_marker_maskon,PARKED,0.0,0.0,0.0,2,0.0,3.757,0.0,0.0,0.0,0.0,0.0,0.0,0.0
231.601,apt_marker_maskon,PARKED,0.0,0.0,0.0,2,0.0,3.81,0.0,0.0,0.0,0.0,0.0,0.0,0.0
231.73,apt_marker_maskon,PARKED,0.0,0.0,0.0,2,0.0,3.778,0.0,0.0,0.0,0.0,0.0,0.0,0.0
231.8,apt_marker_maskon,PARKED,0.0,0.0,0.0,2,0.0,3.771,0.0,0.0,0.0,0.0,0.0,0.0,0.0
231.901,apt_marker_maskon,PARKED,0.0,0.0,0.0,2,0.0,3.771,0.0,0.0,0.0,0.0,0.0,0.0,0.0
232.008,apt_marker_maskon,PARKED,0.0,0.0,0.0,2,0.0,3.693,0.0,0.0,0.0,0.0,0.0,0.0,0.0
232.101,apt_marker_maskon,PARKED,0.0,0.0,0.0,2,0.0,3.693,0.0,0.0,0.0,0.0,0.0,0.0,0.0
232.224,apt_marker_maskon,PARKED,0.0,0.0,0.0,2,0.0,3.756,0.0,0.0,0.0,0.0,0.0,0.0,0.0
232.301,apt_marker_maskon,PARKED,0.0,0.0,0.0,2,0.0,3.756,0.0,0.0,0.0,0.0,0.0,0.0,0.0
232.426,apt_marker_maskon,PARKED,0.0,0.0,0.0,2,0.0,3.689,0.0,0.0,0.0,0.0,0.0,0.0,0.0
232.501,apt_marker_maskon,PARKED,0.0,0.0,0.0,2,0.0,3.689,0.0,0.0,0.0,0.0,0.0,0.0,0.0
232.601,apt_marker_maskon,PARKED,0.0,0.0,0.0,2,0.0,3.654,0.0,0.0,0.0,0.0,0.0,0.0,0.0
232.701,apt_marker_maskon,PARKED,0.0,0.0,0.0,2,0.0,3.703,0.0,0.0,0.0,0.0,0.0,0.0,0.0
232.802,apt_marker_maskon,PARKED,0.0,0.0,0.0,2,0.0,3.698,0.0,0.0,0.0,0.0,0.0,0.0,0.0
232.949,apt_marker_maskon,PARKED,0.0,0.0,0.0,2,0.0,3.697,0.0,0.0,0.0,0.0,0.0,0.0,0.0
233.001,apt_marker_maskon,PARKED,0.0,0.0,0.0,2,0.0,3.697,0.0,0.0,0.0,0.0,0.0,0.0,0.0
233.101,apt_marker_maskon,PARKED,0.0,0.0,0.0,2,0.0,3.686,0.0,0.0,0.0,0.0,0.0,0.0,0.0
233.241,apt_marker_maskon,PARKED,0.0,0.0,0.0,2,0.0,3.78,0.0,0.0,0.0,0.0,0.0,0.0,0.0
233.302,apt_marker_maskon,PARKED,0.0,0.0,0.0,2,0.0,3.78,0.0,0.0,0.0,0.0,0.0,0.0,0.0
233.402,apt_marker_maskon,PARKED,0.0,0.0,0.0,2,0.0,3.78,0.0,0.0,0.0,0.0,0.0,0.0,0.0
233.543,apt_marker_maskon,PARKED,0.0,0.0,0.0,2,0.0,3.727,0.0,0.0,0.0,0.0,0.0,0.0,0.0
233.618,apt_marker_maskon,PARKED,0.0,0.0,0.0,2,0.0,3.681,0.0,0.0,0.0,0.0,0.0,0.0,0.0
233.701,apt_marker_maskon,PARKED,0.0,0.0,0.0,2,0.0,3.681,0.0,0.0,0.0,0.0,0.0,0.0,0.0
233.826,apt_marker_maskon,PARKED,0.0,0.0,0.0,2,0.0,3.691,0.0,0.0,0.0,0.0,0.0,0.0,0.0
233.909,apt_marker_maskon,PARKED,0.0,0.0,0.0,2,0.0,3.693,0.0,0.0,0.0,0.0,0.0,0.0,0.0
234.003,apt_marker_maskon,PARKED,0.0,0.0,0.0,2,0.0,3.784,0.0,0.0,0.0,0.0,0.0,0.0,0.0
234.121,apt_marker_maskon,PARKED,0.0,0.0,0.0,2,0.0,3.724,0.0,0.0,0.0,0.0,0.0,0.0,0.0
234.201,apt_marker_maskon,PARKED,0.0,0.0,0.0,2,0.0,3.724,0.0,0.0,0.0,0.0,0.0,0.0,0.0
234.301,apt_marker_maskon,PARKED,0.0,0.0,0.0,2,0.0,3.724,0.0,0.0,0.0,0.0,0.0,0.0,0.0
234.43,apt_marker_maskon,PARKED,0.0,0.0,0.0,2,0.0,3.683,0.0,0.0,0.0,0.0,0.0,0.0,0.0
234.501,apt_marker_maskon,PARKED,0.0,0.0,0.0,2,0.0,3.683,0.0,0.0,0.0,0.0,0.0,0.0,0.0
234.601,apt_marker_maskon,PARKED,0.0,0.0,0.0,2,0.0,3.74,0.0,0.0,0.0,0.0,0.0,0.0,0.0
234.701,apt_marker_maskon,PARKED,0.0,0.0,0.0,2,0.0,3.74,0.0,0.0,0.0,0.0,0.0,0.0,0.0
234.825,apt_marker_maskon,PARKED,0.0,0.0,0.0,2,0.0,3.697,0.0,0.0,0.0,0.0,0.0,0.0,0.0
234.902,apt_marker_maskon,PARKED,0.0,0.0,0.0,2,0.0,3.664,0.0,0.0,0.0,0.0,0.0,0.0,0.0
235.04,apt_marker_maskon,PARKED,0.0,0.0,0.0,2,0.0,3.694,0.0,0.0,0.0,0.0,0.0,0.0,0.0
235.101,apt_marker_maskon,PARKED,0.0,0.0,0.0,2,0.0,3.694,0.0,0.0,0.0,0.0,0.0,0.0,0.0
235.203,apt_marker_maskon,PARKED,0.0,0.0,0.0,2,0.0,3.694,0.0,0.0,0.0,0.0,0.0,0.0,0.0
235.302,apt_marker_maskon,PARKED,0.0,0.0,0.0,2,0.0,3.792,0.0,0.0,0.0,0.0,0.0,0.0,0.0
235.439,apt_marker_maskon,PARKED,0.0,0.0,0.0,2,0.0,3.742,0.0,0.0,0.0,0.0,0.0,0.0,0.0
235.501,apt_marker_maskon,PARKED,0.0,0.0,0.0,2,0.0,3.742,0.0,0.0,0.0,0.0,0.0,0.0,0.0
235.601,apt_marker_maskon,PARKED,0.0,0.0,0.0,2,0.0,3.742,0.0,0.0,0.0,0.0,0.0,0.0,0.0
235.701,apt_marker_maskon,PARKED,0.0,0.0,0.0,2,0.0,3.742,0.0,0.0,0.0,0.0,0.0,0.0,0.0
235.84,apt_marker_maskon,PARKED,0.0,0.0,0.0,2,0.0,3.654,0.0,0.0,0.0,0.0,0.0,0.0,0.0
235.902,apt_marker_maskon,PARKED,0.0,0.0,0.0,2,0.0,3.654,0.0,0.0,0.0,0.0,0.0,0.0,0.0
236.001,apt_marker_maskon,PARKED,0.0,0.0,0.0,2,0.0,3.654,0.0,0.0,0.0,0.0,0.0,0.0,0.0
236.124,apt_marker_maskon,PARKED,0.0,0.0,0.0,2,0.0,3.754,0.0,0.0,0.0,0.0,0.0,0.0,0.0
236.201,apt_marker_maskon,PARKED,0.0,0.0,0.0,2,0.0,3.754,0.0,0.0,0.0,0.0,0.0,0.0,0.0
236.301,apt_marker_maskon,PARKED,0.0,0.0,0.0,2,0.0,3.78,0.0,0.0,0.0,0.0,0.0,0.0,0.0
236.402,apt_marker_maskon,PARKED,0.0,0.0,0.0,2,0.0,3.679,0.0,0.0,0.0,0.0,0.0,0.0,0.0
236.521,apt_marker_maskon,PARKED,0.0,0.0,0.0,2,0.0,3.653,0.0,0.0,0.0,0.0,0.0,0.0,0.0
236.601,apt_marker_maskon,PARKED,0.0,0.0,0.0,2,0.0,3.653,0.0,0.0,0.0,0.0,0.0,0.0,0.0
236.747,apt_marker_maskon,PARKED,0.0,0.0,0.0,2,0.0,3.724,0.0,0.0,0.0,0.0,0.0,0.0,0.0
236.81,apt_marker_maskon,PARKED,0.0,0.0,0.0,2,0.0,3.76,0.0,0.0,0.0,0.0,0.0,0.0,0.0
236.901,apt_marker_maskon,PARKED,0.0,0.0,0.0,2,0.0,3.76,0.0,0.0,0.0,0.0,0.0,0.0,0.0
237.001,apt_marker_maskon,PARKED,0.0,0.0,0.0,2,0.0,3.719,0.0,0.0,0.0,0.0,0.0,0.0,0.0
237.115,apt_marker_maskon,PARKED,0.0,0.0,0.0,2,0.0,3.698,0.0,0.0,0.0,0.0,0.0,0.0,0.0
237.201,apt_marker_maskon,PARKED,0.0,0.0,0.0,2,0.0,3.735,0.0,0.0,0.0,0.0,0.0,0.0,0.0
237.301,apt_marker_maskon,PARKED,0.0,0.0,0.0,2,0.0,3.735,0.0,0.0,0.0,0.0,0.0,0.0,0.0
237.413,apt_marker_maskon,PARKED,0.0,0.0,0.0,2,0.0,3.785,0.0,0.0,0.0,0.0,0.0,0.0,0.0
237.533,apt_marker_maskon,PARKED,0.0,0.0,0.0,2,0.0,3.75,0.0,0.0,0.0,0.0,0.0,0.0,0.0
237.602,apt_marker_maskon,PARKED,0.0,0.0,0.0,2,0.0,3.75,0.0,0.0,0.0,0.0,0.0,0.0,0.0
237.701,apt_marker_maskon,PARKED,0.0,0.0,0.0,2,0.0,3.777,0.0,0.0,0.0,0.0,0.0,0.0,0.0
237.825,apt_marker_maskon,PARKED,0.0,0.0,0.0,2,0.0,3.79,0.0,0.0,0.0,0.0,0.0,0.0,0.0
237.903,apt_marker_maskon,PARKED,0.0,0.0,0.0,2,0.0,3.738,0.0,0.0,0.0,0.0,0.0,0.0,0.0
238.001,apt_marker_maskon,PARKED,0.0,0.0,0.0,2,0.0,3.738,0.0,0.0,0.0,0.0,0.0,0.0,0.0
238.145,apt_marker_maskon,PARKED,0.0,0.0,0.0,2,0.0,3.779,0.0,0.0,0.0,0.0,0.0,0.0,0.0
238.203,apt_marker_maskon,PARKED,0.0,0.0,0.0,2,0.0,3.794,0.0,0.0,0.0,0.0,0.0,0.0,0.0
238.303,apt_marker_maskon,PARKED,0.0,0.0,0.0,2,0.0,3.794,0.0,0.0,0.0,0.0,0.0,0.0,0.0
238.45,apt_marker_maskon,PARKED,0.0,0.0,0.0,2,0.0,3.741,0.0,0.0,0.0,0.0,0.0,0.0,0.0
238.507,apt_marker_maskon,PARKED,0.0,0.0,0.0,2,0.0,3.729,0.0,0.0,0.0,0.0,0.0,0.0,0.0
238.607,apt_marker_maskon,PARKED,0.0,0.0,0.0,2,0.0,3.729,0.0,0.0,0.0,0.0,0.0,0.0,0.0
238.701,apt_marker_maskon,PARKED,0.0,0.0,0.0,2,0.0,3.729,0.0,0.0,0.0,0.0,0.0,0.0,0.0
238.801,apt_marker_maskon,PARKED,0.0,0.0,0.0,2,0.0,3.729,0.0,0.0,0.0,0.0,0.0,0.0,0.0
238.901,apt_marker_maskon,PARKED,0.0,0.0,0.0,2,0.0,3.695,0.0,0.0,0.0,0.0,0.0,0.0,0.0
239.015,apt_marker_maskon,PARKED,0.0,0.0,0.0,2,0.0,3.697,0.0,0.0,0.0,0.0,0.0,0.0,0.0
239.101,apt_marker_maskon,PARKED,0.0,0.0,0.0,2,0.0,3.697,0.0,0.0,0.0,0.0,0.0,0.0,0.0
239.201,apt_marker_maskon,PARKED,0.0,0.0,0.0,2,0.0,3.697,0.0,0.0,0.0,0.0,0.0,0.0,0.0
239.326,apt_marker_maskon,PARKED,0.0,0.0,0.0,2,0.0,3.764,0.0,0.0,0.0,0.0,0.0,0.0,0.0
239.4,apt_marker_maskon,PARKED,0.0,0.0,0.0,2,0.0,3.764,0.0,0.0,0.0,0.0,0.0,0.0,0.0
239.501,apt_marker_maskon,PARKED,0.0,0.0,0.0,2,0.0,3.781,0.0,0.0,0.0,0.0,0.0,0.0,0.0
239.618,apt_marker_maskon,PARKED,0.0,0.0,0.0,2,0.0,3.684,0.0,0.0,0.0,0.0,0.0,0.0,0.0
239.701,apt_marker_maskon,PARKED,0.0,0.0,0.0,2,0.0,3.684,0.0,0.0,0.0,0.0,0.0,0.0,0.0
239.802,apt_marker_maskon,PARKED,0.0,0.0,0.0,2,0.0,3.684,0.0,0.0,0.0,0.0,0.0,0.0,0.0
239.901,apt_marker_maskon,PARKED,0.0,0.0,0.0,2,0.0,3.684,0.0,0.0,0.0,0.0,0.0,0.0,0.0
240.013,apt_marker_maskon,PARKED,0.0,0.0,0.0,2,0.0,3.769,0.0,0.0,0.0,0.0,0.0,0.0,0.0
240.102,apt_marker_maskon,PARKED,0.0,0.0,0.0,2,0.0,3.769,0.0,0.0,0.0,0.0,0.0,0.0,0.0
240.202,apt_marker_maskon,PARKED,0.0,0.0,0.0,2,0.0,3.738,0.0,0.0,0.0,0.0,0.0,0.0,0.0
240.302,apt_marker_maskon,PARKED,0.0,0.0,0.0,2,0.0,3.738,0.0,0.0,0.0,0.0,0.0,0.0,0.0
240.401,apt_marker_maskon,PARKED,0.0,0.0,0.0,2,0.0,3.74,0.0,0.0,0.0,0.0,0.0,0.0,0.0
240.502,apt_marker_maskon,PARKED,0.0,0.0,0.0,2,0.0,3.74,0.0,0.0,0.0,0.0,0.0,0.0,0.0
240.601,apt_marker_maskon,PARKED,0.0,0.0,0.0,2,0.0,3.733,0.0,0.0,0.0,0.0,0.0,0.0,0.0
240.728,apt_marker_maskon,PARKED,0.0,0.0,0.0,2,0.0,3.768,0.0,0.0,0.0,0.0,0.0,0.0,0.0
240.801,apt_marker_maskon,PARKED,0.0,0.0,0.0,2,0.0,3.768,0.0,0.0,0.0,0.0,0.0,0.0,0.0
240.901,apt_marker_maskon,PARKED,0.0,0.0,0.0,2,0.0,3.768,0.0,0.0,0.0,0.0,0.0,0.0,0.0
241.048,apt_marker_maskon,PARKED,0.0,0.0,0.0,2,0.0,3.688,0.0,0.0,0.0,0.0,0.0,0.0,0.0
241.102,apt_marker_maskon,PARKED,0.0,0.0,0.0,2,0.0,3.688,0.0,0.0,0.0,0.0,0.0,0.0,0.0
241.202,apt_marker_maskon,PARKED,0.0,0.0,0.0,2,0.0,3.663,0.0,0.0,0.0,0.0,0.0,0.0,0.0
241.302,apt_marker_maskon,PARKED,0.0,0.0,0.0,2,0.0,3.732,0.0,0.0,0.0,0.0,0.0,0.0,0.0
241.401,apt_marker_maskon,PARKED,0.0,0.0,0.0,2,0.0,3.749,0.0,0.0,0.0,0.0,0.0,0.0,0.0
241.501,apt_marker_maskon,PARKED,0.0,0.0,0.0,2,0.0,3.709,0.0,0.0,0.0,0.0,0.0,0.0,0.0
241.61,apt_marker_maskon,PARKED,0.0,0.0,0.0,2,0.0,3.777,0.0,0.0,0.0,0.0,0.0,0.0,0.0
241.701,apt_marker_maskon,PARKED,0.0,0.0,0.0,2,0.0,3.724,0.0,0.0,0.0,0.0,0.0,0.0,0.0
241.801,apt_marker_maskon,PARKED,0.0,0.0,0.0,2,0.0,3.724,0.0,0.0,0.0,0.0,0.0,0.0,0.0
241.901,apt_marker_maskon,PARKED,0.0,0.0,0.0,2,0.0,3.728,0.0,0.0,0.0,0.0,0.0,0.0,0.0
242.002,apt_marker_maskon,PARKED,0.0,0.0,0.0,2,0.0,3.728,0.0,0.0,0.0,0.0,0.0,0.0,0.0
242.101,apt_marker_maskon,PARKED,0.0,0.0,0.0,2,0.0,3.711,0.0,0.0,0.0,0.0,0.0,0.0,0.0
242.206,apt_marker_maskon,PARKED,0.0,0.0,0.0,2,0.0,3.689,0.0,0.0,0.0,0.0,0.0,0.0,0.0
242.325,apt_marker_maskon,PARKED,0.0,0.0,0.0,2,0.0,3.689,0.0,0.0,0.0,0.0,0.0,0.0,0.0
242.401,apt_marker_maskon,PARKED,0.0,0.0,0.0,2,0.0,3.684,0.0,0.0,0.0,0.0,0.0,0.0,0.0
242.501,apt_marker_maskon,PARKED,0.0,0.0,0.0,2,0.0,3.684,0.0,0.0,0.0,0.0,0.0,0.0,0.0
242.624,apt_marker_maskon,PARKED,0.0,0.0,0.0,2,0.0,3.722,0.0,0.0,0.0,0.0,0.0,0.0,0.0
242.736,apt_marker_maskon,PARKED,0.0,0.0,0.0,2,0.0,3.722,0.0,0.0,0.0,0.0,0.0,0.0,0.0
242.801,apt_marker_maskon,PARKED,0.0,0.0,0.0,2,0.0,3.682,0.0,0.0,0.0,0.0,0.0,0.0,0.0
242.901,apt_marker_maskon,PARKED,0.0,0.0,0.0,2,0.0,3.682,0.0,0.0,0.0,0.0,0.0,0.0,0.0
243.001,apt_marker_maskon,PARKED,0.0,0.0,0.0,2,0.0,3.682,0.0,0.0,0.0,0.0,0.0,0.0,0.0
243.101,apt_marker_maskon,PARKED,0.0,0.0,0.0,2,0.0,3.69,0.0,0.0,0.0,0.0,0.0,0.0,0.0
243.219,apt_marker_maskon,PARKED,0.0,0.0,0.0,2,0.0,3.701,0.0,0.0,0.0,0.0,0.0,0.0,0.0
243.301,apt_marker_maskon,PARKED,0.0,0.0,0.0,2,0.0,3.701,0.0,0.0,0.0,0.0,0.0,0.0,0.0
243.424,apt_marker_maskon,PARKED,0.0,0.0,0.0,2,0.0,3.774,0.0,0.0,0.0,0.0,0.0,0.0,0.0
243.501,apt_marker_maskon,PARKED,0.0,0.0,0.0,2,0.0,3.774,0.0,0.0,0.0,0.0,0.0,0.0,0.0
243.63,apt_marker_maskon,PARKED,0.0,0.0,0.0,2,0.0,3.748,0.0,0.0,0.0,0.0,0.0,0.0,0.0
243.702,apt_marker_maskon,PARKED,0.0,0.0,0.0,2,0.0,3.748,0.0,0.0,0.0,0.0,0.0,0.0,0.0
243.801,apt_marker_maskon,PARKED,0.0,0.0,0.0,2,0.0,3.771,0.0,0.0,0.0,0.0,0.0,0.0,0.0
243.9,apt_marker_maskon,PARKED,0.0,0.0,0.0,2,0.0,3.771,0.0,0.0,0.0,0.0,0.0,0.0,0.0
244.001,apt_marker_maskon,PARKED,0.0,0.0,0.0,2,0.0,3.771,0.0,0.0,0.0,0.0,0.0,0.0,0.0
244.145,apt_marker_maskon,PARKED,0.0,0.0,0.0,2,0.0,3.73,0.0,0.0,0.0,0.0,0.0,0.0,0.0
244.22,apt_marker_maskon,PARKED,0.0,0.0,0.0,2,0.0,3.73,0.0,0.0,0.0,0.0,0.0,0.0,0.0
244.301,apt_marker_maskon,PARKED,0.0,0.0,0.0,2,0.0,3.73,0.0,0.0,0.0,0.0,0.0,0.0,0.0
244.438,apt_marker_maskon,PARKED,0.0,0.0,0.0,2,0.0,3.726,0.0,0.0,0.0,0.0,0.0,0.0,0.0
244.501,apt_marker_maskon,PARKED,0.0,0.0,0.0,2,0.0,3.726,0.0,0.0,0.0,0.0,0.0,0.0,0.0
244.601,apt_marker_maskon,PARKED,0.0,0.0,0.0,2,0.0,3.726,0.0,0.0,0.0,0.0,0.0,0.0,0.0
244.701,apt_marker_maskon,PARKED,0.0,0.0,0.0,2,0.0,3.663,0.0,0.0,0.0,0.0,0.0,0.0,0.0
244.832,apt_marker_maskon,PARKED,0.0,0.0,0.0,2,0.0,3.695,0.0,0.0,0.0,0.0,0.0,0.0,0.0
244.902,apt_marker_maskon,PARKED,0.0,0.0,0.0,2,0.0,3.695,0.0,0.0,0.0,0.0,0.0,0.0,0.0
245.042,apt_marker_maskon,PARKED,0.0,0.0,0.0,2,0.0,3.716,0.0,0.0,0.0,0.0,0.0,0.0,0.0
245.102,apt_marker_maskon,PARKED,0.0,0.0,0.0,2,0.0,3.701,0.0,0.0,0.0,0.0,0.0,0.0,0.0
245.201,apt_marker_maskon,PARKED,0.0,0.0,0.0,2,0.0,3.701,0.0,0.0,0.0,0.0,0.0,0.0,0.0
245.301,apt_marker_maskon,PARKED,0.0,0.0,0.0,2,0.0,3.701,0.0,0.0,0.0,0.0,0.0,0.0,0.0
245.437,apt_marker_maskon,PARKED,0.0,0.0,0.0,2,0.0,3.68,0.0,0.0,0.0,0.0,0.0,0.0,0.0
245.507,apt_marker_maskon,PARKED,0.0,0.0,0.0,2,0.0,3.68,0.0,0.0,0.0,0.0,0.0,0.0,0.0
245.601,apt_marker_maskon,PARKED,0.0,0.0,0.0,2,0.0,3.773,0.0,0.0,0.0,0.0,0.0,0.0,0.0
245.701,apt_marker_maskon,PARKED,0.0,0.0,0.0,2,0.0,3.773,0.0,0.0,0.0,0.0,0.0,0.0,0.0
245.801,apt_marker_maskon,PARKED,0.0,0.0,0.0,2,0.0,3.773,0.0,0.0,0.0,0.0,0.0,0.0,0.0
245.901,apt_marker_maskon,PARKED,0.0,0.0,0.0,2,0.0,3.773,0.0,0.0,0.0,0.0,0.0,0.0,0.0
246.023,apt_marker_maskon,PARKED,0.0,0.0,0.0,2,0.0,3.752,0.0,0.0,0.0,0.0,0.0,0.0,0.0
246.101,apt_marker_maskon,PARKED,0.0,0.0,0.0,2,0.0,3.752,0.0,0.0,0.0,0.0,0.0,0.0,0.0
246.201,apt_marker_maskon,PARKED,0.0,0.0,0.0,2,0.0,3.752,0.0,0.0,0.0,0.0,0.0,0.0,0.0
246.325,apt_marker_maskon,PARKED,0.0,0.0,0.0,2,0.0,3.693,0.0,0.0,0.0,0.0,0.0,0.0,0.0
246.402,apt_marker_maskon,PARKED,0.0,0.0,0.0,2,0.0,3.693,0.0,0.0,0.0,0.0,0.0,0.0,0.0
246.501,apt_marker_maskon,PARKED,0.0,0.0,0.0,2,0.0,3.751,0.0,0.0,0.0,0.0,0.0,0.0,0.0
246.638,apt_marker_maskon,PARKED,0.0,0.0,0.0,2,0.0,3.751,0.0,0.0,0.0,0.0,0.0,0.0,0.0
246.701,apt_marker_maskon,PARKED,0.0,0.0,0.0,2,0.0,3.751,0.0,0.0,0.0,0.0,0.0,0.0,0.0
246.835,apt_marker_maskon,PARKED,0.0,0.0,0.0,2,0.0,3.777,0.0,0.0,0.0,0.0,0.0,0.0,0.0
246.916,apt_marker_maskon,PARKED,0.0,0.0,0.0,2,0.0,3.777,0.0,0.0,0.0,0.0,0.0,0.0,0.0
247.048,apt_marker_maskon,PARKED,0.0,0.0,0.0,2,0.0,3.76,0.0,0.0,0.0,0.0,0.0,0.0,0.0
247.102,apt_marker_maskon,PARKED,0.0,0.0,0.0,2,0.0,3.76,0.0,0.0,0.0,0.0,0.0,0.0,0.0
247.229,apt_marker_maskon,PARKED,0.0,0.0,0.0,2,0.0,3.744,0.0,0.0,0.0,0.0,0.0,0.0,0.0
247.301,apt_marker_maskon,PARKED,0.0,0.0,0.0,2,0.0,3.744,0.0,0.0,0.0,0.0,0.0,0.0,0.0
247.401,apt_marker_maskon,PARKED,0.0,0.0,0.0,2,0.0,3.769,0.0,0.0,0.0,0.0,0.0,0.0,0.0
247.516,apt_marker_maskon,PARKED,0.0,0.0,0.0,2,0.0,3.769,0.0,0.0,0.0,0.0,0.0,0.0,0.0
247.633,apt_marker_maskon,PARKED,0.0,0.0,0.0,2,0.0,3.653,0.0,0.0,0.0,0.0,0.0,0.0,0.0
247.705,apt_marker_maskon,PARKED,0.0,0.0,0.0,2,0.0,3.653,0.0,0.0,0.0,0.0,0.0,0.0,0.0
247.802,apt_marker_maskon,PARKED,0.0,0.0,0.0,2,0.0,3.731,0.0,0.0,0.0,0.0,0.0,0.0,0.0
247.901,apt_marker_maskon,PARKED,0.0,0.0,0.0,2,0.0,3.731,0.0,0.0,0.0,0.0,0.0,0.0,0.0
248.001,apt_marker_maskon,PARKED,0.0,0.0,0.0,2,0.0,3.731,0.0,0.0,0.0,0.0,0.0,0.0,0.0
248.101,apt_marker_maskon,PARKED,0.0,0.0,0.0,2,0.0,3.785,0.0,0.0,0.0,0.0,0.0,0.0,0.0
248.201,apt_marker_maskon,PARKED,0.0,0.0,0.0,2,0.0,3.785,0.0,0.0,0.0,0.0,0.0,0.0,0.0
248.329,apt_marker_maskon,PARKED,0.0,0.0,0.0,2,0.0,3.689,0.0,0.0,0.0,0.0,0.0,0.0,0.0
248.401,apt_marker_maskon,PARKED,0.0,0.0,0.0,2,0.0,3.689,0.0,0.0,0.0,0.0,0.0,0.0,0.0
248.501,apt_marker_maskon,PARKED,0.0,0.0,0.0,2,0.0,3.709,0.0,0.0,0.0,0.0,0.0,0.0,0.0
248.6,apt_marker_maskon,PARKED,0.0,0.0,0.0,2,0.0,3.714,0.0,0.0,0.0,0.0,0.0,0.0,0.0
248.721,apt_marker_maskon,PARKED,0.0,0.0,0.0,2,0.0,3.706,0.0,0.0,0.0,0.0,0.0,0.0,0.0
248.801,apt_marker_maskon,PARKED,0.0,0.0,0.0,2,0.0,3.706,0.0,0.0,0.0,0.0,0.0,0.0,0.0
248.901,apt_marker_maskon,PARKED,0.0,0.0,0.0,2,0.0,3.706,0.0,0.0,0.0,0.0,0.0,0.0,0.0
249.002,apt_marker_maskon,PARKED,0.0,0.0,0.0,2,0.0,3.765,0.0,0.0,0.0,0.0,0.0,0.0,0.0
249.101,apt_marker_maskon,PARKED,0.0,0.0,0.0,2,0.0,3.675,0.0,0.0,0.0,0.0,0.0,0.0,0.0
249.201,apt_marker_maskon,PARKED,0.0,0.0,0.0,2,0.0,3.7,0.0,0.0,0.0,0.0,0.0,0.0,0.0
249.301,apt_marker_maskon,PARKED,0.0,0.0,0.0,2,0.0,3.7,0.0,0.0,0.0,0.0,0.0,0.0,0.0
249.426,apt_marker_maskon,PARKED,0.0,0.0,0.0,2,0.0,3.706,0.0,0.0,0.0,0.0,0.0,0.0,0.0
249.502,apt_marker_maskon,PARKED,0.0,0.0,0.0,2,0.0,3.706,0.0,0.0,0.0,0.0,0.0,0.0,0.0
249.639,apt_marker_maskon,PARKED,0.0,0.0,0.0,2,0.0,3.732,0.0,0.0,0.0,0.0,0.0,0.0,0.0
249.703,apt_marker_maskon,PARKED,0.0,0.0,0.0,2,0.0,3.731,0.0,0.0,0.0,0.0,0.0,0.0,0.0
249.801,apt_marker_maskon,PARKED,0.0,0.0,0.0,2,0.0,3.731,0.0,0.0,0.0,0.0,0.0,0.0,0.0
249.915,apt_marker_maskon,PARKED,0.0,0.0,0.0,2,0.0,3.709,0.0,0.0,0.0,0.0,0.0,0.0,0.0
250.002,apt_marker_maskon,PARKED,0.0,0.0,0.0,2,0.0,3.664,0.0,0.0,0.0,0.0,0.0,0.0,0.0
250.101,apt_marker_maskon,PARKED,0.0,0.0,0.0,2,0.0,3.653,0.0,0.0,0.0,0.0,0.0,0.0,0.0
250.201,apt_marker_maskon,PARKED,0.0,0.0,0.0,2,0.0,3.722,0.0,0.0,0.0,0.0,0.0,0.0,0.0
250.302,apt_marker_maskon,PARKED,0.0,0.0,0.0,2,0.0,3.794,0.0,0.0,0.0,0.0,0.0,0.0,0.0
250.401,apt_marker_maskon,PARKED,0.0,0.0,0.0,2,0.0,3.794,0.0,0.0,0.0,0.0,0.0,0.0,0.0
250.501,apt_marker_maskon,PARKED,0.0,0.0,0.0,2,0.0,3.794,0.0,0.0,0.0,0.0,0.0,0.0,0.0
250.601,apt_marker_maskon,PARKED,0.0,0.0,0.0,2,0.0,3.794,0.0,0.0,0.0,0.0,0.0,0.0,0.0
250.702,apt_marker_maskon,PARKED,0.0,0.0,0.0,2,0.0,3.732,0.0,0.0,0.0,0.0,0.0,0.0,0.0
250.804,apt_marker_maskon,PARKED,0.0,0.0,0.0,2,0.0,3.684,0.0,0.0,0.0,0.0,0.0,0.0,0.0
250.901,apt_marker_maskon,PARKED,0.0,0.0,0.0,2,0.0,3.695,0.0,0.0,0.0,0.0,0.0,0.0,0.0
251.035,apt_marker_maskon,PARKED,0.0,0.0,0.0,2,0.0,3.698,0.0,0.0,0.0,0.0,0.0,0.0,0.0
251.102,apt_marker_maskon,PARKED,0.0,0.0,0.0,2,0.0,3.741,0.0,0.0,0.0,0.0,0.0,0.0,0.0
251.232,apt_marker_maskon,PARKED,0.0,0.0,0.0,2,0.0,3.754,0.0,0.0,0.0,0.0,0.0,0.0,0.0
251.301,apt_marker_maskon,PARKED,0.0,0.0,0.0,2,0.0,3.754,0.0,0.0,0.0,0.0,0.0,0.0,0.0
251.401,apt_marker_maskon,PARKED,0.0,0.0,0.0,2,0.0,3.793,0.0,0.0,0.0,0.0,0.0,0.0,0.0
251.501,apt_marker_maskon,PARKED,0.0,0.0,0.0,2,0.0,3.793,0.0,0.0,0.0,0.0,0.0,0.0,0.0
251.601,apt_marker_maskon,PARKED,0.0,0.0,0.0,2,0.0,3.749,0.0,0.0,0.0,0.0,0.0,0.0,0.0
251.701,apt_marker_maskon,PARKED,0.0,0.0,0.0,2,0.0,3.749,0.0,0.0,0.0,0.0,0.0,0.0,0.0
251.802,apt_marker_maskon,PARKED,0.0,0.0,0.0,2,0.0,3.73,0.0,0.0,0.0,0.0,0.0,0.0,0.0
251.92,apt_marker_maskon,PARKED,0.0,0.0,0.0,2,0.0,3.76,0.0,0.0,0.0,0.0,0.0,0.0,0.0
252.002,apt_marker_maskon,PARKED,0.0,0.0,0.0,2,0.0,3.779,0.0,0.0,0.0,0.0,0.0,0.0,0.0
252.126,apt_marker_maskon,PARKED,0.0,0.0,0.0,2,0.0,3.779,0.0,0.0,0.0,0.0,0.0,0.0,0.0
252.201,apt_marker_maskon,PARKED,0.0,0.0,0.0,2,0.0,3.679,0.0,0.0,0.0,0.0,0.0,0.0,0.0
252.301,apt_marker_maskon,PARKED,0.0,0.0,0.0,2,0.0,3.679,0.0,0.0,0.0,0.0,0.0,0.0,0.0
252.422,apt_marker_maskon,PARKED,0.0,0.0,0.0,2,0.0,3.715,0.0,0.0,0.0,0.0,0.0,0.0,0.0
252.501,apt_marker_maskon,PARKED,0.0,0.0,0.0,2,0.0,3.715,0.0,0.0,0.0,0.0,0.0,0.0,0.0
252.601,apt_marker_maskon,PARKED,0.0,0.0,0.0,2,0.0,3.715,0.0,0.0,0.0,0.0,0.0,0.0,0.0
252.701,apt_marker_maskon,PARKED,0.0,0.0,0.0,2,0.0,3.715,0.0,0.0,0.0,0.0,0.0,0.0,0.0
252.801,apt_marker_maskon,PARKED,0.0,0.0,0.0,2,0.0,3.746,0.0,0.0,0.0,0.0,0.0,0.0,0.0
252.922,apt_marker_maskon,PARKED,0.0,0.0,0.0,2,0.0,3.752,0.0,0.0,0.0,0.0,0.0,0.0,0.0
253.001,apt_marker_maskon,PARKED,0.0,0.0,0.0,2,0.0,3.752,0.0,0.0,0.0,0.0,0.0,0.0,0.0
253.101,apt_marker_maskon,PARKED,0.0,0.0,0.0,2,0.0,3.749,0.0,0.0,0.0,0.0,0.0,0.0,0.0
253.201,apt_marker_maskon,PARKED,0.0,0.0,0.0,2,0.0,3.809,0.0,0.0,0.0,0.0,0.0,0.0,0.0
253.301,apt_marker_maskon,PARKED,0.0,0.0,0.0,2,0.0,3.731,0.0,0.0,0.0,0.0,0.0,0.0,0.0
253.401,apt_marker_maskon,PARKED,0.0,0.0,0.0,2,0.0,3.731,0.0,0.0,0.0,0.0,0.0,0.0,0.0
253.501,apt_marker_maskon,PARKED,0.0,0.0,0.0,2,0.0,3.828,0.0,0.0,0.0,0.0,0.0,0.0,0.0
253.601,apt_marker_maskon,PARKED,0.0,0.0,0.0,2,0.0,3.828,0.0,0.0,0.0,0.0,0.0,0.0,0.0
253.701,apt_marker_maskon,PARKED,0.0,0.0,0.0,2,0.0,3.746,0.0,0.0,0.0,0.0,0.0,0.0,0.0
253.844,apt_marker_maskon,PARKED,0.0,0.0,0.0,2,0.0,3.744,0.0,0.0,0.0,0.0,0.0,0.0,0.0
253.901,apt_marker_maskon,PARKED,0.0,0.0,0.0,2,0.0,3.744,0.0,0.0,0.0,0.0,0.0,0.0,0.0
254.002,apt_marker_maskon,PARKED,0.0,0.0,0.0,2,0.0,3.731,0.0,0.0,0.0,0.0,0.0,0.0,0.0
254.111,apt_marker_maskon,PARKED,0.0,0.0,0.0,2,0.0,3.684,0.0,0.0,0.0,0.0,0.0,0.0,0.0
254.201,apt_marker_maskon,PARKED,0.0,0.0,0.0,2,0.0,3.687,0.0,0.0,0.0,0.0,0.0,0.0,0.0
254.329,apt_marker_maskon,PARKED,0.0,0.0,0.0,2,0.0,3.688,0.0,0.0,0.0,0.0,0.0,0.0,0.0
254.402,apt_marker_maskon,PARKED,0.0,0.0,0.0,2,0.0,3.688,0.0,0.0,0.0,0.0,0.0,0.0,0.0
254.501,apt_marker_maskon,PARKED,0.0,0.0,0.0,2,0.0,3.689,0.0,0.0,0.0,0.0,0.0,0.0,0.0
254.606,apt_marker_maskon,PARKED,0.0,0.0,0.0,2,0.0,3.702,0.0,0.0,0.0,0.0,0.0,0.0,0.0
254.701,apt_marker_maskon,PARKED,0.0,0.0,0.0,2,0.0,3.702,0.0,0.0,0.0,0.0,0.0,0.0,0.0
254.801,apt_marker_maskon,PARKED,0.0,0.0,0.0,2,0.0,3.702,0.0,0.0,0.0,0.0,0.0,0.0,0.0
254.943,apt_marker_maskon,PARKED,0.0,0.0,0.0,2,0.0,3.66,0.0,0.0,0.0,0.0,0.0,0.0,0.0
255.045,apt_marker_maskon,PARKED,0.0,0.0,0.0,2,0.0,3.674,0.0,0.0,0.0,0.0,0.0,0.0,0.0
255.111,apt_marker_maskon,PARKED,0.0,0.0,0.0,2,0.0,3.782,0.0,0.0,0.0,0.0,0.0,0.0,0.0
255.201,apt_marker_maskon,PARKED,0.0,0.0,0.0,2,0.0,3.782,0.0,0.0,0.0,0.0,0.0,0.0,0.0
255.309,apt_marker_maskon,PARKED,0.0,0.0,0.0,2,0.0,3.724,0.0,0.0,0.0,0.0,0.0,0.0,0.0
255.4,apt_marker_maskon,PARKED,0.0,0.0,0.0,2,0.0,3.688,0.0,0.0,0.0,0.0,0.0,0.0,0.0
255.524,apt_marker_maskon,PARKED,0.0,0.0,0.0,2,0.0,3.719,0.0,0.0,0.0,0.0,0.0,0.0,0.0
255.638,apt_marker_maskon,PARKED,0.0,0.0,0.0,2,0.0,3.753,0.0,0.0,0.0,0.0,0.0,0.0,0.0
255.701,apt_marker_maskon,PARKED,0.0,0.0,0.0,2,0.0,3.753,0.0,0.0,0.0,0.0,0.0,0.0,0.0
255.801,apt_marker_maskon,PARKED,0.0,0.0,0.0,2,0.0,3.753,0.0,0.0,0.0,0.0,0.0,0.0,0.0
255.901,apt_marker_maskon,PARKED,0.0,0.0,0.0,2,0.0,3.753,0.0,0.0,0.0,0.0,0.0,0.0,0.0
256.024,apt_marker_maskon,PARKED,0.0,0.0,0.0,2,0.0,3.748,0.0,0.0,0.0,0.0,0.0,0.0,0.0
256.101,apt_marker_maskon,PARKED,0.0,0.0,0.0,2,0.0,3.742,0.0,0.0,0.0,0.0,0.0,0.0,0.0
256.223,apt_marker_maskon,PARKED,0.0,0.0,0.0,2,0.0,3.854,0.0,0.0,0.0,0.0,0.0,0.0,0.0
256.301,apt_marker_maskon,PARKED,0.0,0.0,0.0,2,0.0,3.834,0.0,0.0,0.0,0.0,0.0,0.0,0.0
256.401,apt_marker_maskon,PARKED,0.0,0.0,0.0,2,0.0,3.78,0.0,0.0,0.0,0.0,0.0,0.0,0.0
256.536,apt_marker_maskon,PARKED,0.0,0.0,0.0,2,0.0,3.79,0.0,0.0,0.0,0.0,0.0,0.0,0.0
256.601,apt_marker_maskon,PARKED,0.0,0.0,0.0,2,0.0,3.79,0.0,0.0,0.0,0.0,0.0,0.0,0.0
256.701,apt_marker_maskon,PARKED,0.0,0.0,0.0,2,0.0,3.725,0.0,0.0,0.0,0.0,0.0,0.0,0.0
256.802,apt_marker_maskon,PARKED,0.0,0.0,0.0,2,0.0,3.717,0.0,0.0,0.0,0.0,0.0,0.0,0.0
256.901,apt_marker_maskon,PARKED,0.0,0.0,0.0,2,0.0,3.717,0.0,0.0,0.0,0.0,0.0,0.0,0.0
257.001,apt_marker_maskon,PARKED,0.0,0.0,0.0,2,0.0,3.818,0.0,0.0,0.0,0.0,0.0,0.0,0.0
257.124,apt_marker_maskon,PARKED,0.0,0.0,0.0,2,0.0,3.735,0.0,0.0,0.0,0.0,0.0,0.0,0.0
257.24,apt_marker_maskon,PARKED,0.0,0.0,0.0,2,0.0,3.731,0.0,0.0,0.0,0.0,0.0,0.0,0.0
257.301,apt_marker_maskon,PARKED,0.0,0.0,0.0,2,0.0,3.731,0.0,0.0,0.0,0.0,0.0,0.0,0.0
257.414,apt_marker_maskon,PARKED,0.0,0.0,0.0,2,0.0,3.715,0.0,0.0,0.0,0.0,0.0,0.0,0.0
257.501,apt_marker_maskon,PARKED,0.0,0.0,0.0,2,0.0,3.774,0.0,0.0,0.0,0.0,0.0,0.0,0.0
257.618,apt_marker_maskon,PARKED,0.0,0.0,0.0,2,0.0,3.766,0.0,0.0,0.0,0.0,0.0,0.0,0.0
257.731,apt_marker_maskon,PARKED,0.0,0.0,0.0,2,0.0,3.737,0.0,0.0,0.0,0.0,0.0,0.0,0.0
257.801,apt_marker_maskon,PARKED,0.0,0.0,0.0,2,0.0,3.737,0.0,0.0,0.0,0.0,0.0,0.0,0.0
257.936,apt_marker_maskon,PARKED,0.0,0.0,0.0,2,0.0,3.729,0.0,0.0,0.0,0.0,0.0,0.0,0.0
258.0,apt_marker_maskon,PARKED,0.0,0.0,0.0,2,0.0,3.729,0.0,0.0,0.0,0.0,0.0,0.0,0.0
258.101,apt_marker_maskon,PARKED,0.0,0.0,0.0,2,0.0,3.729,0.0,0.0,0.0,0.0,0.0,0.0,0.0
258.201,apt_marker_maskon,PARKED,0.0,0.0,0.0,2,0.0,3.724,0.0,0.0,0.0,0.0,0.0,0.0,0.0
258.3,apt_marker_maskon,PARKED,0.0,0.0,0.0,2,0.0,3.757,0.0,0.0,0.0,0.0,0.0,0.0,0.0
258.434,apt_marker_maskon,PARKED,0.0,0.0,0.0,2,0.0,3.663,0.0,0.0,0.0,0.0,0.0,0.0,0.0
258.541,apt_marker_maskon,PARKED,0.0,0.0,0.0,2,0.0,3.708,0.0,0.0,0.0,0.0,0.0,0.0,0.0
258.605,apt_marker_maskon,PARKED,0.0,0.0,0.0,2,0.0,3.79,0.0,0.0,0.0,0.0,0.0,0.0,0.0
258.701,apt_marker_maskon,PARKED,0.0,0.0,0.0,2,0.0,3.79,0.0,0.0,0.0,0.0,0.0,0.0,0.0
258.801,apt_marker_maskon,PARKED,0.0,0.0,0.0,2,0.0,3.761,0.0,0.0,0.0,0.0,0.0,0.0,0.0
258.922,apt_marker_maskon,PARKED,0.0,0.0,0.0,2,0.0,3.786,0.0,0.0,0.0,0.0,0.0,0.0,0.0
259.001,apt_marker_maskon,PARKED,0.0,0.0,0.0,2,0.0,3.75,0.0,0.0,0.0,0.0,0.0,0.0,0.0
259.101,apt_marker_maskon,PARKED,0.0,0.0,0.0,2,0.0,3.75,0.0,0.0,0.0,0.0,0.0,0.0,0.0
259.201,apt_marker_maskon,PARKED,0.0,0.0,0.0,2,0.0,3.75,0.0,0.0,0.0,0.0,0.0,0.0,0.0
259.302,apt_marker_maskon,PARKED,0.0,0.0,0.0,2,0.0,3.706,0.0,0.0,0.0,0.0,0.0,0.0,0.0
259.419,apt_marker_maskon,PARKED,0.0,0.0,0.0,2,0.0,3.758,0.0,0.0,0.0,0.0,0.0,0.0,0.0
259.502,apt_marker_maskon,PARKED,0.0,0.0,0.0,2,0.0,3.774,0.0,0.0,0.0,0.0,0.0,0.0,0.0
259.626,apt_marker_maskon,PARKED,0.0,0.0,0.0,2,0.0,3.774,0.0,0.0,0.0,0.0,0.0,0.0,0.0
259.701,apt_marker_maskon,PARKED,0.0,0.0,0.0,2,0.0,3.763,0.0,0.0,0.0,0.0,0.0,0.0,0.0
259.803,apt_marker_maskon,PARKED,0.0,0.0,0.0,2,0.0,3.789,0.0,0.0,0.0,0.0,0.0,0.0,0.0
259.926,apt_marker_maskon,PARKED,0.0,0.0,0.0,2,0.0,3.789,0.0,0.0,0.0,0.0,0.0,0.0,0.0
260.001,apt_marker_maskon,PARKED,0.0,0.0,0.0,2,0.0,3.789,0.0,0.0,0.0,0.0,0.0,0.0,0.0
260.101,apt_marker_maskon,PARKED,0.0,0.0,0.0,2,0.0,3.789,0.0,0.0,0.0,0.0,0.0,0.0,0.0
260.201,apt_marker_maskon,PARKED,0.0,0.0,0.0,2,0.0,3.789,0.0,0.0,0.0,0.0,0.0,0.0,0.0
260.301,apt_marker_maskon,PARKED,0.0,0.0,0.0,2,0.0,3.732,0.0,0.0,0.0,0.0,0.0,0.0,0.0
260.422,apt_marker_maskon,PARKED,0.0,0.0,0.0,2,0.0,3.749,0.0,0.0,0.0,0.0,0.0,0.0,0.0
260.543,apt_marker_maskon,PARKED,0.0,0.0,0.0,2,0.0,3.749,0.0,0.0,0.0,0.0,0.0,0.0,0.0
260.601,apt_marker_maskon,PARKED,0.0,0.0,0.0,2,0.0,3.749,0.0,0.0,0.0,0.0,0.0,0.0,0.0
260.701,apt_marker_maskon,PARKED,0.0,0.0,0.0,2,0.0,3.749,0.0,0.0,0.0,0.0,0.0,0.0,0.0
260.801,apt_marker_maskon,PARKED,0.0,0.0,0.0,2,0.0,3.749,0.0,0.0,0.0,0.0,0.0,0.0,0.0
260.901,apt_marker_maskon,PARKED,0.0,0.0,0.0,2,0.0,3.749,0.0,0.0,0.0,0.0,0.0,0.0,0.0
261.002,apt_marker_maskon,PARKED,0.0,0.0,0.0,2,0.0,3.737,0.0,0.0,0.0,0.0,0.0,0.0,0.0
261.101,apt_marker_maskon,PARKED,0.0,0.0,0.0,2,0.0,3.737,0.0,0.0,0.0,0.0,0.0,0.0,0.0
261.215,apt_marker_maskon,PARKED,0.0,0.0,0.0,2,0.0,3.848,0.0,0.0,0.0,0.0,0.0,0.0,0.0
261.301,apt_marker_maskon,PARKED,0.0,0.0,0.0,2,0.0,3.848,0.0,0.0,0.0,0.0,0.0,0.0,0.0
261.402,apt_marker_maskon,PARKED,0.0,0.0,0.0,2,0.0,3.773,0.0,0.0,0.0,0.0,0.0,0.0,0.0
261.501,apt_marker_maskon,PARKED,0.0,0.0,0.0,2,0.0,3.764,0.0,0.0,0.0,0.0,0.0,0.0,0.0
261.635,apt_marker_maskon,PARKED,0.0,0.0,0.0,2,0.0,3.774,0.0,0.0,0.0,0.0,0.0,0.0,0.0
261.702,apt_marker_maskon,PARKED,0.0,0.0,0.0,2,0.0,3.776,0.0,0.0,0.0,0.0,0.0,0.0,0.0
261.834,apt_marker_maskon,PARKED,0.0,0.0,0.0,2,0.0,3.776,0.0,0.0,0.0,0.0,0.0,0.0,0.0
261.901,apt_marker_maskon,PARKED,0.0,0.0,0.0,2,0.0,3.777,0.0,0.0,0.0,0.0,0.0,0.0,0.0
262.029,apt_marker_maskon,PARKED,0.0,0.0,0.0,2,0.0,3.777,0.0,0.0,0.0,0.0,0.0,0.0,0.0
262.102,apt_marker_maskon,PARKED,0.0,0.0,0.0,2,0.0,3.777,0.0,0.0,0.0,0.0,0.0,0.0,0.0
262.201,apt_marker_maskon,PARKED,0.0,0.0,0.0,2,0.0,3.777,0.0,0.0,0.0,0.0,0.0,0.0,0.0
262.302,apt_marker_maskon,PARKED,0.0,0.0,0.0,2,0.0,3.764,0.0,0.0,0.0,0.0,0.0,0.0,0.0
262.417,apt_marker_maskon,PARKED,0.0,0.0,0.0,2,0.0,3.803,0.0,0.0,0.0,0.0,0.0,0.0,0.0
262.545,apt_marker_maskon,PARKED,0.0,0.0,0.0,2,0.0,3.769,0.0,0.0,0.0,0.0,0.0,0.0,0.0
262.607,apt_marker_maskon,PARKED,0.0,0.0,0.0,2,0.0,3.788,0.0,0.0,0.0,0.0,0.0,0.0,0.0
262.701,apt_marker_maskon,PARKED,0.0,0.0,0.0,2,0.0,3.76,0.0,0.0,0.0,0.0,0.0,0.0,0.0
262.801,apt_marker_maskon,PARKED,0.0,0.0,0.0,2,0.0,3.76,0.0,0.0,0.0,0.0,0.0,0.0,0.0
262.901,apt_marker_maskon,PARKED,0.0,0.0,0.0,2,0.0,3.679,0.0,0.0,0.0,0.0,0.0,0.0,0.0
263.018,apt_marker_maskon,PARKED,0.0,0.0,0.0,2,0.0,3.697,0.0,0.0,0.0,0.0,0.0,0.0,0.0
263.101,apt_marker_maskon,PARKED,0.0,0.0,0.0,2,0.0,3.697,0.0,0.0,0.0,0.0,0.0,0.0,0.0
263.201,apt_marker_maskon,PARKED,0.0,0.0,0.0,2,0.0,3.697,0.0,0.0,0.0,0.0,0.0,0.0,0.0
263.302,apt_marker_maskon,PARKED,0.0,0.0,0.0,2,0.0,3.697,0.0,0.0,0.0,0.0,0.0,0.0,0.0
263.401,apt_marker_maskon,PARKED,0.0,0.0,0.0,2,0.0,3.697,0.0,0.0,0.0,0.0,0.0,0.0,0.0
263.527,apt_marker_maskon,PARKED,0.0,0.0,0.0,2,0.0,3.78,0.0,0.0,0.0,0.0,0.0,0.0,0.0
263.645,apt_marker_maskon,PARKED,0.0,0.0,0.0,2,0.0,3.78,0.0,0.0,0.0,0.0,0.0,0.0,0.0
263.701,apt_marker_maskon,PARKED,0.0,0.0,0.0,2,0.0,3.78,0.0,0.0,0.0,0.0,0.0,0.0,0.0
263.801,apt_marker_maskon,PARKED,0.0,0.0,0.0,2,0.0,3.694,0.0,0.0,0.0,0.0,0.0,0.0,0.0
263.902,apt_marker_maskon,PARKED,0.0,0.0,0.0,2,0.0,3.772,0.0,0.0,0.0,0.0,0.0,0.0,0.0
264.001,apt_marker_maskon,PARKED,0.0,0.0,0.0,2,0.0,3.696,0.0,0.0,0.0,0.0,0.0,0.0,0.0
264.101,apt_marker_maskon,PARKED,0.0,0.0,0.0,2,0.0,3.749,0.0,0.0,0.0,0.0,0.0,0.0,0.0
264.201,apt_marker_maskon,PARKED,0.0,0.0,0.0,2,0.0,3.749,0.0,0.0,0.0,0.0,0.0,0.0,0.0
264.342,apt_marker_maskon,PARKED,0.0,0.0,0.0,2,0.0,3.687,0.0,0.0,0.0,0.0,0.0,0.0,0.0
264.414,apt_marker_maskon,PARKED,0.0,0.0,0.0,2,0.0,3.687,0.0,0.0,0.0,0.0,0.0,0.0,0.0
264.501,apt_marker_maskon,PARKED,0.0,0.0,0.0,2,0.0,3.739,0.0,0.0,0.0,0.0,0.0,0.0,0.0
264.621,apt_marker_maskon,PARKED,0.0,0.0,0.0,2,0.0,3.832,0.0,0.0,0.0,0.0,0.0,0.0,0.0
264.701,apt_marker_maskon,PARKED,0.0,0.0,0.0,2,0.0,3.832,0.0,0.0,0.0,0.0,0.0,0.0,0.0
264.842,apt_marker_maskon,PARKED,0.0,0.0,0.0,2,0.0,3.711,0.0,0.0,0.0,0.0,0.0,0.0,0.0
264.902,apt_marker_maskon,PARKED,0.0,0.0,0.0,2,0.0,3.72,0.0,0.0,0.0,0.0,0.0,0.0,0.0
265.044,apt_marker_maskon,PARKED,0.0,0.0,0.0,2,0.0,3.72,0.0,0.0,0.0,0.0,0.0,0.0,0.0
265.101,apt_marker_maskon,PARKED,0.0,0.0,0.0,2,0.0,3.72,0.0,0.0,0.0,0.0,0.0,0.0,0.0
265.204,apt_marker_maskon,PARKED,0.0,0.0,0.0,2,0.0,3.679,0.0,0.0,0.0,0.0,0.0,0.0,0.0
265.302,apt_marker_maskon,PARKED,0.0,0.0,0.0,2,0.0,3.679,0.0,0.0,0.0,0.0,0.0,0.0,0.0
265.401,apt_marker_maskon,PARKED,0.0,0.0,0.0,2,0.0,3.703,0.0,0.0,0.0,0.0,0.0,0.0,0.0
265.501,apt_marker_maskon,PARKED,0.0,0.0,0.0,2,0.0,3.703,0.0,0.0,0.0,0.0,0.0,0.0,0.0
265.601,apt_marker_maskon,PARKED,0.0,0.0,0.0,2,0.0,3.734,0.0,0.0,0.0,0.0,0.0,0.0,0.0
265.742,apt_marker_maskon,PARKED,0.0,0.0,0.0,2,0.0,3.684,0.0,0.0,0.0,0.0,0.0,0.0,0.0
265.821,apt_marker_maskon,PARKED,0.0,0.0,0.0,2,0.0,3.713,0.0,0.0,0.0,0.0,0.0,0.0,0.0
265.901,apt_marker_maskon,PARKED,0.0,0.0,0.0,2,0.0,3.713,0.0,0.0,0.0,0.0,0.0,0.0,0.0
266.001,apt_marker_maskon,PARKED,0.0,0.0,0.0,2,0.0,3.794,0.0,0.0,0.0,0.0,0.0,0.0,0.0
266.101,apt_marker_maskon,PARKED,0.0,0.0,0.0,2,0.0,3.839,0.0,0.0,0.0,0.0,0.0,0.0,0.0
266.237,apt_marker_maskon,PARKED,0.0,0.0,0.0,2,0.0,3.683,0.0,0.0,0.0,0.0,0.0,0.0,0.0
266.302,apt_marker_maskon,PARKED,0.0,0.0,0.0,2,0.0,3.683,0.0,0.0,0.0,0.0,0.0,0.0,0.0
266.401,apt_marker_maskon,PARKED,0.0,0.0,0.0,2,0.0,3.683,0.0,0.0,0.0,0.0,0.0,0.0,0.0
266.539,apt_marker_maskon,PARKED,0.0,0.0,0.0,2,0.0,3.727,0.0,0.0,0.0,0.0,0.0,0.0,0.0
266.614,apt_marker_maskon,PARKED,0.0,0.0,0.0,2,0.0,3.779,0.0,0.0,0.0,0.0,0.0,0.0,0.0
266.709,apt_marker_maskon,PARKED,0.0,0.0,0.0,2,0.0,3.795,0.0,0.0,0.0,0.0,0.0,0.0,0.0
266.823,apt_marker_maskon,PARKED,0.0,0.0,0.0,2,0.0,3.798,0.0,0.0,0.0,0.0,0.0,0.0,0.0
266.903,apt_marker_maskon,PARKED,0.0,0.0,0.0,2,0.0,3.778,0.0,0.0,0.0,0.0,0.0,0.0,0.0
267.039,apt_marker_maskon,PARKED,0.0,0.0,0.0,2,0.0,3.778,0.0,0.0,0.0,0.0,0.0,0.0,0.0
267.101,apt_marker_maskon,PARKED,0.0,0.0,0.0,2,0.0,3.778,0.0,0.0,0.0,0.0,0.0,0.0,0.0
267.221,apt_marker_maskon,PARKED,0.0,0.0,0.0,2,0.0,3.745,0.0,0.0,0.0,0.0,0.0,0.0,0.0
267.301,apt_marker_maskon,PARKED,0.0,0.0,0.0,2,0.0,3.746,0.0,0.0,0.0,0.0,0.0,0.0,0.0
267.401,apt_marker_maskon,PARKED,0.0,0.0,0.0,2,0.0,3.746,0.0,0.0,0.0,0.0,0.0,0.0,0.0
267.501,apt_marker_maskon,PARKED,0.0,0.0,0.0,2,0.0,3.746,0.0,0.0,0.0,0.0,0.0,0.0,0.0
267.601,apt_marker_maskon,PARKED,0.0,0.0,0.0,2,0.0,3.746,0.0,0.0,0.0,0.0,0.0,0.0,0.0
267.727,apt_marker_maskon,PARKED,0.0,0.0,0.0,2,0.0,3.781,0.0,0.0,0.0,0.0,0.0,0.0,0.0
267.801,apt_marker_maskon,PARKED,0.0,0.0,0.0,2,0.0,3.696,0.0,0.0,0.0,0.0,0.0,0.0,0.0
267.941,apt_marker_maskon,PARKED,0.0,0.0,0.0,2,0.0,3.696,0.0,0.0,0.0,0.0,0.0,0.0,0.0
268.002,apt_marker_maskon,PARKED,0.0,0.0,0.0,2,0.0,3.696,0.0,0.0,0.0,0.0,0.0,0.0,0.0
268.123,apt_marker_maskon,PARKED,0.0,0.0,0.0,2,0.0,3.684,0.0,0.0,0.0,0.0,0.0,0.0,0.0
268.202,apt_marker_maskon,PARKED,0.0,0.0,0.0,2,0.0,3.806,0.0,0.0,0.0,0.0,0.0,0.0,0.0
268.301,apt_marker_maskon,PARKED,0.0,0.0,0.0,2,0.0,3.806,0.0,0.0,0.0,0.0,0.0,0.0,0.0
268.401,apt_marker_maskon,PARKED,0.0,0.0,0.0,2,0.0,3.806,0.0,0.0,0.0,0.0,0.0,0.0,0.0
268.501,apt_marker_maskon,PARKED,0.0,0.0,0.0,2,0.0,3.806,0.0,0.0,0.0,0.0,0.0,0.0,0.0
268.601,apt_marker_maskon,PARKED,0.0,0.0,0.0,2,0.0,3.836,0.0,0.0,0.0,0.0,0.0,0.0,0.0
268.717,apt_marker_maskon,PARKED,0.0,0.0,0.0,2,0.0,3.81,0.0,0.0,0.0,0.0,0.0,0.0,0.0
268.85,apt_marker_maskon,PARKED,0.0,0.0,0.0,2,0.0,3.784,0.0,0.0,0.0,0.0,0.0,0.0,0.0
268.901,apt_marker_maskon,PARKED,0.0,0.0,0.0,2,0.0,3.784,0.0,0.0,0.0,0.0,0.0,0.0,0.0
269.001,apt_marker_maskon,PARKED,0.0,0.0,0.0,2,0.0,3.82,0.0,0.0,0.0,0.0,0.0,0.0,0.0
269.139,apt_marker_maskon,PARKED,0.0,0.0,0.0,2,0.0,3.748,0.0,0.0,0.0,0.0,0.0,0.0,0.0
269.201,apt_marker_maskon,PARKED,0.0,0.0,0.0,2,0.0,3.748,0.0,0.0,0.0,0.0,0.0,0.0,0.0
269.301,apt_marker_maskon,PARKED,0.0,0.0,0.0,2,0.0,3.713,0.0,0.0,0.0,0.0,0.0,0.0,0.0
269.444,apt_marker_maskon,PARKED,0.0,0.0,0.0,2,0.0,3.642,0.0,0.0,0.0,0.0,0.0,0.0,0.0
269.548,apt_marker_maskon,PARKED,0.0,0.0,0.0,2,0.0,3.668,0.0,0.0,0.0,0.0,0.0,0.0,0.0
269.606,apt_marker_maskon,PARKED,0.0,0.0,0.0,2,0.0,3.667,0.0,0.0,0.0,0.0,0.0,0.0,0.0
269.746,apt_marker_maskon,PARKED,0.0,0.0,0.0,2,0.0,3.744,0.0,0.0,0.0,0.0,0.0,0.0,0.0
269.801,apt_marker_maskon,PARKED,0.0,0.0,0.0,2,0.0,3.744,0.0,0.0,0.0,0.0,0.0,0.0,0.0
269.945,apt_marker_maskon,PARKED,0.0,0.0,0.0,2,0.0,3.715,0.0,0.0,0.0,0.0,0.0,0.0,0.0
270.02,apt_marker_maskon,PARKED,0.0,0.0,0.0,2,0.0,3.709,0.0,0.0,0.0,0.0,0.0,0.0,0.0
270.1,apt_marker_maskon,PARKED,0.0,0.0,0.0,2,0.0,3.709,0.0,0.0,0.0,0.0,0.0,0.0,0.0
270.221,apt_marker_maskon,PARKED,0.0,0.0,0.0,2,0.0,3.659,0.0,0.0,0.0,0.0,0.0,0.0,0.0
270.301,apt_marker_maskon,PARKED,0.0,0.0,0.0,2,0.0,3.659,0.0,0.0,0.0,0.0,0.0,0.0,0.0
270.417,apt_marker_maskon,PARKED,0.0,0.0,0.0,2,0.0,3.738,0.0,0.0,0.0,0.0,0.0,0.0,0.0
270.501,apt_marker_maskon,PARKED,0.0,0.0,0.0,2,0.0,3.757,0.0,0.0,0.0,0.0,0.0,0.0,0.0
270.601,apt_marker_maskon,PARKED,0.0,0.0,0.0,2,0.0,3.757,0.0,0.0,0.0,0.0,0.0,0.0,0.0
270.701,apt_marker_maskon,PARKED,0.0,0.0,0.0,2,0.0,3.757,0.0,0.0,0.0,0.0,0.0,0.0,0.0
270.801,apt_marker_maskon,PARKED,0.0,0.0,0.0,2,0.0,3.76,0.0,0.0,0.0,0.0,0.0,0.0,0.0
270.913,apt_marker_maskon,PARKED,0.0,0.0,0.0,2,0.0,3.76,0.0,0.0,0.0,0.0,0.0,0.0,0.0
271.001,apt_marker_maskon,PARKED,0.0,0.0,0.0,2,0.0,3.742,0.0,0.0,0.0,0.0,0.0,0.0,0.0
271.105,apt_marker_maskon,PARKED,0.0,0.0,0.0,2,0.0,3.767,0.0,0.0,0.0,0.0,0.0,0.0,0.0
271.216,apt_marker_maskon,PARKED,0.0,0.0,0.0,2,0.0,3.8,0.0,0.0,0.0,0.0,0.0,0.0,0.0
271.301,apt_marker_maskon,PARKED,0.0,0.0,0.0,2,0.0,3.8,0.0,0.0,0.0,0.0,0.0,0.0,0.0
271.402,apt_marker_maskon,PARKED,0.0,0.0,0.0,2,0.0,3.69,0.0,0.0,0.0,0.0,0.0,0.0,0.0
271.543,apt_marker_maskon,PARKED,0.0,0.0,0.0,2,0.0,3.681,0.0,0.0,0.0,0.0,0.0,0.0,0.0
271.602,apt_marker_maskon,PARKED,0.0,0.0,0.0,2,0.0,3.681,0.0,0.0,0.0,0.0,0.0,0.0,0.0
271.702,apt_marker_maskon,PARKED,0.0,0.0,0.0,2,0.0,3.681,0.0,0.0,0.0,0.0,0.0,0.0,0.0
271.823,apt_marker_maskon,PARKED,0.0,0.0,0.0,2,0.0,3.785,0.0,0.0,0.0,0.0,0.0,0.0,0.0
271.927,apt_marker_maskon,PARKED,0.0,0.0,0.0,2,0.0,3.785,0.0,0.0,0.0,0.0,0.0,0.0,0.0
272.001,apt_marker_maskon,PARKED,0.0,0.0,0.0,2,0.0,3.785,0.0,0.0,0.0,0.0,0.0,0.0,0.0
272.112,apt_marker_maskon,PARKED,0.0,0.0,0.0,2,0.0,3.698,0.0,0.0,0.0,0.0,0.0,0.0,0.0
272.201,apt_marker_maskon,PARKED,0.0,0.0,0.0,2,0.0,3.759,0.0,0.0,0.0,0.0,0.0,0.0,0.0
272.34,apt_marker_maskon,PARKED,0.0,0.0,0.0,2,0.0,3.81,0.0,0.0,0.0,0.0,0.0,0.0,0.0
272.448,apt_marker_maskon,PARKED,0.0,0.0,0.0,2,0.0,3.81,0.0,0.0,0.0,0.0,0.0,0.0,0.0
272.502,apt_marker_maskon,PARKED,0.0,0.0,0.0,2,0.0,3.81,0.0,0.0,0.0,0.0,0.0,0.0,0.0
272.602,apt_marker_maskon,PARKED,0.0,0.0,0.0,2,0.0,3.712,0.0,0.0,0.0,0.0,0.0,0.0,0.0
272.714,apt_marker_maskon,PARKED,0.0,0.0,0.0,2,0.0,3.77,0.0,0.0,0.0,0.0,0.0,0.0,0.0
272.801,apt_marker_maskon,PARKED,0.0,0.0,0.0,2,0.0,3.705,0.0,0.0,0.0,0.0,0.0,0.0,0.0
272.901,apt_marker_maskon,PARKED,0.0,0.0,0.0,2,0.0,3.705,0.0,0.0,0.0,0.0,0.0,0.0,0.0
273.042,apt_marker_maskon,PARKED,0.0,0.0,0.0,2,0.0,3.763,0.0,0.0,0.0,0.0,0.0,0.0,0.0
273.104,apt_marker_maskon,PARKED,0.0,0.0,0.0,2,0.0,3.766,0.0,0.0,0.0,0.0,0.0,0.0,0.0
273.211,apt_marker_maskon,PARKED,0.0,0.0,0.0,2,0.0,3.724,0.0,0.0,0.0,0.0,0.0,0.0,0.0
273.331,apt_marker_maskon,PARKED,0.0,0.0,0.0,2,0.0,3.713,0.0,0.0,0.0,0.0,0.0,0.0,0.0
273.441,apt_marker_maskon,PARKED,0.0,0.0,0.0,2,0.0,3.687,0.0,0.0,0.0,0.0,0.0,0.0,0.0
273.502,apt_marker_maskon,PARKED,0.0,0.0,0.0,2,0.0,3.688,0.0,0.0,0.0,0.0,0.0,0.0,0.0
273.601,apt_marker_maskon,PARKED,0.0,0.0,0.0,2,0.0,3.688,0.0,0.0,0.0,0.0,0.0,0.0,0.0
273.701,apt_marker_maskon,PARKED,0.0,0.0,0.0,2,0.0,3.688,0.0,0.0,0.0,0.0,0.0,0.0,0.0
273.801,apt_marker_maskon,PARKED,0.0,0.0,0.0,2,0.0,3.688,0.0,0.0,0.0,0.0,0.0,0.0,0.0
273.936,apt_marker_maskon,PARKED,0.0,0.0,0.0,2,0.0,3.712,0.0,0.0,0.0,0.0,0.0,0.0,0.0
274.005,apt_marker_maskon,PARKED,0.0,0.0,0.0,2,0.0,3.712,0.0,0.0,0.0,0.0,0.0,0.0,0.0
274.101,apt_marker_maskon,PARKED,0.0,0.0,0.0,2,0.0,3.74,0.0,0.0,0.0,0.0,0.0,0.0,0.0
274.223,apt_marker_maskon,PARKED,0.0,0.0,0.0,2,0.0,3.717,0.0,0.0,0.0,0.0,0.0,0.0,0.0
274.329,apt_marker_maskon,PARKED,0.0,0.0,0.0,2,0.0,3.74,0.0,0.0,0.0,0.0,0.0,0.0,0.0
274.401,apt_marker_maskon,PARKED,0.0,0.0,0.0,2,0.0,3.724,0.0,0.0,0.0,0.0,0.0,0.0,0.0
274.524,apt_marker_maskon,PARKED,0.0,0.0,0.0,2,0.0,3.724,0.0,0.0,0.0,0.0,0.0,0.0,0.0
274.602,apt_marker_maskon,PARKED,0.0,0.0,0.0,2,0.0,3.829,0.0,0.0,0.0,0.0,0.0,0.0,0.0
274.702,apt_marker_maskon,PARKED,0.0,0.0,0.0,2,0.0,3.829,0.0,0.0,0.0,0.0,0.0,0.0,0.0
274.801,apt_marker_maskon,PARKED,0.0,0.0,0.0,2,0.0,3.856,0.0,0.0,0.0,0.0,0.0,0.0,0.0
274.902,apt_marker_maskon,PARKED,0.0,0.0,0.0,2,0.0,3.856,0.0,0.0,0.0,0.0,0.0,0.0,0.0
275.002,apt_marker_maskon,PARKED,0.0,0.0,0.0,2,0.0,3.777,0.0,0.0,0.0,0.0,0.0,0.0,0.0
275.15,apt_marker_maskon,PARKED,0.0,0.0,0.0,2,0.0,3.71,0.0,0.0,0.0,0.0,0.0,0.0,0.0
275.242,apt_marker_maskon,PARKED,0.0,0.0,0.0,2,0.0,3.657,0.0,0.0,0.0,0.0,0.0,0.0,0.0
275.302,apt_marker_maskon,PARKED,0.0,0.0,0.0,2,0.0,3.688,0.0,0.0,0.0,0.0,0.0,0.0,0.0
275.439,apt_marker_maskon,PARKED,0.0,0.0,0.0,2,0.0,3.69,0.0,0.0,0.0,0.0,0.0,0.0,0.0
275.501,apt_marker_maskon,PARKED,0.0,0.0,0.0,2,0.0,3.69,0.0,0.0,0.0,0.0,0.0,0.0,0.0
275.601,apt_marker_maskon,PARKED,0.0,0.0,0.0,2,0.0,3.717,0.0,0.0,0.0,0.0,0.0,0.0,0.0
275.729,apt_marker_maskon,PARKED,0.0,0.0,0.0,2,0.0,3.738,0.0,0.0,0.0,0.0,0.0,0.0,0.0
275.816,apt_marker_maskon,PARKED,0.0,0.0,0.0,2,0.0,3.685,0.0,0.0,0.0,0.0,0.0,0.0,0.0
275.901,apt_marker_maskon,PARKED,0.0,0.0,0.0,2,0.0,3.685,0.0,0.0,0.0,0.0,0.0,0.0,0.0
276.001,apt_marker_maskon,PARKED,0.0,0.0,0.0,2,0.0,3.685,0.0,0.0,0.0,0.0,0.0,0.0,0.0
276.101,apt_marker_maskon,PARKED,0.0,0.0,0.0,2,0.0,3.685,0.0,0.0,0.0,0.0,0.0,0.0,0.0
276.201,apt_marker_maskon,PARKED,0.0,0.0,0.0,2,0.0,3.711,0.0,0.0,0.0,0.0,0.0,0.0,0.0
276.344,apt_marker_maskon,PARKED,0.0,0.0,0.0,2,0.0,3.711,0.0,0.0,0.0,0.0,0.0,0.0,0.0
276.414,apt_marker_maskon,PARKED,0.0,0.0,0.0,2,0.0,3.643,0.0,0.0,0.0,0.0,0.0,0.0,0.0
276.543,apt_marker_maskon,PARKED,0.0,0.0,0.0,2,0.0,3.643,0.0,0.0,0.0,0.0,0.0,0.0,0.0
276.617,apt_marker_maskon,PARKED,0.0,0.0,0.0,2,0.0,3.715,0.0,0.0,0.0,0.0,0.0,0.0,0.0
276.701,apt_marker_maskon,PARKED,0.0,0.0,0.0,2,0.0,3.715,0.0,0.0,0.0,0.0,0.0,0.0,0.0
276.801,apt_marker_maskon,PARKED,0.0,0.0,0.0,2,0.0,3.734,0.0,0.0,0.0,0.0,0.0,0.0,0.0
276.901,apt_marker_maskon,PARKED,0.0,0.0,0.0,2,0.0,3.769,0.0,0.0,0.0,0.0,0.0,0.0,0.0
277.001,apt_marker_maskon,PARKED,0.0,0.0,0.0,2,0.0,3.769,0.0,0.0,0.0,0.0,0.0,0.0,0.0
277.136,apt_marker_maskon,PARKED,0.0,0.0,0.0,2,0.0,3.808,0.0,0.0,0.0,0.0,0.0,0.0,0.0
277.201,apt_marker_maskon,PARKED,0.0,0.0,0.0,2,0.0,3.808,0.0,0.0,0.0,0.0,0.0,0.0,0.0
277.301,apt_marker_maskon,PARKED,0.0,0.0,0.0,2,0.0,3.737,0.0,0.0,0.0,0.0,0.0,0.0,0.0
277.401,apt_marker_maskon,PARKED,0.0,0.0,0.0,2,0.0,3.737,0.0,0.0,0.0,0.0,0.0,0.0,0.0
277.533,apt_marker_maskon,PARKED,0.0,0.0,0.0,2,0.0,3.729,0.0,0.0,0.0,0.0,0.0,0.0,0.0
277.602,apt_marker_maskon,PARKED,0.0,0.0,0.0,2,0.0,3.729,0.0,0.0,0.0,0.0,0.0,0.0,0.0
277.701,apt_marker_maskon,PARKED,0.0,0.0,0.0,2,0.0,3.755,0.0,0.0,0.0,0.0,0.0,0.0,0.0
277.847,apt_marker_maskon,PARKED,0.0,0.0,0.0,2,0.0,3.706,0.0,0.0,0.0,0.0,0.0,0.0,0.0
277.929,apt_marker_maskon,PARKED,0.0,0.0,0.0,2,0.0,3.679,0.0,0.0,0.0,0.0,0.0,0.0,0.0
278.003,apt_marker_maskon,PARKED,0.0,0.0,0.0,2,0.0,3.679,0.0,0.0,0.0,0.0,0.0,0.0,0.0
278.101,apt_marker_maskon,PARKED,0.0,0.0,0.0,2,0.0,3.679,0.0,0.0,0.0,0.0,0.0,0.0,0.0
278.235,apt_marker_maskon,PARKED,0.0,0.0,0.0,2,0.0,3.652,0.0,0.0,0.0,0.0,0.0,0.0,0.0
278.339,apt_marker_maskon,PARKED,0.0,0.0,0.0,2,0.0,3.652,0.0,0.0,0.0,0.0,0.0,0.0,0.0
278.417,apt_marker_maskon,PARKED,0.0,0.0,0.0,2,0.0,3.744,0.0,0.0,0.0,0.0,0.0,0.0,0.0
278.501,apt_marker_maskon,PARKED,0.0,0.0,0.0,2,0.0,3.689,0.0,0.0,0.0,0.0,0.0,0.0,0.0
278.601,apt_marker_maskon,PARKED,0.0,0.0,0.0,2,0.0,3.689,0.0,0.0,0.0,0.0,0.0,0.0,0.0
278.701,apt_marker_maskon,PARKED,0.0,0.0,0.0,2,0.0,3.689,0.0,0.0,0.0,0.0,0.0,0.0,0.0
278.801,apt_marker_maskon,PARKED,0.0,0.0,0.0,2,0.0,3.689,0.0,0.0,0.0,0.0,0.0,0.0,0.0
278.901,apt_marker_maskon,PARKED,0.0,0.0,0.0,2,0.0,3.689,0.0,0.0,0.0,0.0,0.0,0.0,0.0
279.002,apt_marker_maskon,PARKED,0.0,0.0,0.0,2,0.0,3.689,0.0,0.0,0.0,0.0,0.0,0.0,0.0
279.101,apt_marker_maskon,PARKED,0.0,0.0,0.0,2,0.0,3.71,0.0,0.0,0.0,0.0,0.0,0.0,0.0
279.241,apt_marker_maskon,PARKED,0.0,0.0,0.0,2,0.0,3.69,0.0,0.0,0.0,0.0,0.0,0.0,0.0
279.315,apt_marker_maskon,PARKED,0.0,0.0,0.0,2,0.0,3.69,0.0,0.0,0.0,0.0,0.0,0.0,0.0
279.401,apt_marker_maskon,PARKED,0.0,0.0,0.0,2,0.0,3.698,0.0,0.0,0.0,0.0,0.0,0.0,0.0
279.513,apt_marker_maskon,PARKED,0.0,0.0,0.0,2,0.0,3.729,0.0,0.0,0.0,0.0,0.0,0.0,0.0
279.642,apt_marker_maskon,PARKED,0.0,0.0,0.0,2,0.0,3.78,0.0,0.0,0.0,0.0,0.0,0.0,0.0
279.713,apt_marker_maskon,PARKED,0.0,0.0,0.0,2,0.0,3.723,0.0,0.0,0.0,0.0,0.0,0.0,0.0
279.801,apt_marker_maskon,PARKED,0.0,0.0,0.0,2,0.0,3.751,0.0,0.0,0.0,0.0,0.0,0.0,0.0
279.914,apt_marker_maskon,PARKED,0.0,0.0,0.0,2,0.0,3.715,0.0,0.0,0.0,0.0,0.0,0.0,0.0
280.034,apt_marker_maskon,PARKED,0.0,0.0,0.0,2,0.0,3.738,0.0,0.0,0.0,0.0,0.0,0.0,0.0
280.101,apt_marker_maskon,PARKED,0.0,0.0,0.0,2,0.0,3.738,0.0,0.0,0.0,0.0,0.0,0.0,0.0
280.208,apt_marker_maskon,PARKED,0.0,0.0,0.0,2,0.0,3.723,0.0,0.0,0.0,0.0,0.0,0.0,0.0
280.301,apt_marker_maskon,PARKED,0.0,0.0,0.0,2,0.0,3.684,0.0,0.0,0.0,0.0,0.0,0.0,0.0
280.401,apt_marker_maskon,PARKED,0.0,0.0,0.0,2,0.0,3.684,0.0,0.0,0.0,0.0,0.0,0.0,0.0
280.502,apt_marker_maskon,PARKED,0.0,0.0,0.0,2,0.0,3.692,0.0,0.0,0.0,0.0,0.0,0.0,0.0
280.609,apt_marker_maskon,PARKED,0.0,0.0,0.0,2,0.0,3.792,0.0,0.0,0.0,0.0,0.0,0.0,0.0
280.701,apt_marker_maskon,PARKED,0.0,0.0,0.0,2,0.0,3.773,0.0,0.0,0.0,0.0,0.0,0.0,0.0
280.808,apt_marker_maskon,PARKED,0.0,0.0,0.0,2,0.0,3.723,0.0,0.0,0.0,0.0,0.0,0.0,0.0
280.935,apt_marker_maskon,PARKED,0.0,0.0,0.0,2,0.0,3.758,0.0,0.0,0.0,0.0,0.0,0.0,0.0
281.002,apt_marker_maskon,PARKED,0.0,0.0,0.0,2,0.0,3.758,0.0,0.0,0.0,0.0,0.0,0.0,0.0
281.122,apt_marker_maskon,PARKED,0.0,0.0,0.0,2,0.0,3.7,0.0,0.0,0.0,0.0,0.0,0.0,0.0
281.201,apt_marker_maskon,PARKED,0.0,0.0,0.0,2,0.0,3.7,0.0,0.0,0.0,0.0,0.0,0.0,0.0
281.301,apt_marker_maskon,PARKED,0.0,0.0,0.0,2,0.0,3.7,0.0,0.0,0.0,0.0,0.0,0.0,0.0
281.427,apt_marker_maskon,PARKED,0.0,0.0,0.0,2,0.0,3.741,0.0,0.0,0.0,0.0,0.0,0.0,0.0
281.541,apt_marker_maskon,PARKED,0.0,0.0,0.0,2,0.0,3.761,0.0,0.0,0.0,0.0,0.0,0.0,0.0
281.602,apt_marker_maskon,PARKED,0.0,0.0,0.0,2,0.0,3.696,0.0,0.0,0.0,0.0,0.0,0.0,0.0
281.721,apt_marker_maskon,PARKED,0.0,0.0,0.0,2,0.0,3.696,0.0,0.0,0.0,0.0,0.0,0.0,0.0
281.802,apt_marker_maskon,PARKED,0.0,0.0,0.0,2,0.0,3.726,0.0,0.0,0.0,0.0,0.0,0.0,0.0
281.949,apt_marker_maskon,PARKED,0.0,0.0,0.0,2,0.0,3.699,0.0,0.0,0.0,0.0,0.0,0.0,0.0
282.012,apt_marker_maskon,PARKED,0.0,0.0,0.0,2,0.0,3.699,0.0,0.0,0.0,0.0,0.0,0.0,0.0
282.101,apt_marker_maskon,PARKED,0.0,0.0,0.0,2,0.0,3.698,0.0,0.0,0.0,0.0,0.0,0.0,0.0
282.201,apt_marker_maskon,PARKED,0.0,0.0,0.0,2,0.0,3.698,0.0,0.0,0.0,0.0,0.0,0.0,0.0
282.301,apt_marker_maskon,PARKED,0.0,0.0,0.0,2,0.0,3.698,0.0,0.0,0.0,0.0,0.0,0.0,0.0
282.417,apt_marker_maskon,PARKED,0.0,0.0,0.0,2,0.0,3.733,0.0,0.0,0.0,0.0,0.0,0.0,0.0
282.501,apt_marker_maskon,PARKED,0.0,0.0,0.0,2,0.0,3.733,0.0,0.0,0.0,0.0,0.0,0.0,0.0
282.622,apt_marker_maskon,PARKED,0.0,0.0,0.0,2,0.0,3.694,0.0,0.0,0.0,0.0,0.0,0.0,0.0
282.701,apt_marker_maskon,PARKED,0.0,0.0,0.0,2,0.0,3.694,0.0,0.0,0.0,0.0,0.0,0.0,0.0
282.801,apt_marker_maskon,PARKED,0.0,0.0,0.0,2,0.0,3.683,0.0,0.0,0.0,0.0,0.0,0.0,0.0
282.927,apt_marker_maskon,PARKED,0.0,0.0,0.0,2,0.0,3.723,0.0,0.0,0.0,0.0,0.0,0.0,0.0
283.001,apt_marker_maskon,PARKED,0.0,0.0,0.0,2,0.0,3.723,0.0,0.0,0.0,0.0,0.0,0.0,0.0
283.101,apt_marker_maskon,PARKED,0.0,0.0,0.0,2,0.0,3.723,0.0,0.0,0.0,0.0,0.0,0.0,0.0
283.201,apt_marker_maskon,PARKED,0.0,0.0,0.0,2,0.0,3.789,0.0,0.0,0.0,0.0,0.0,0.0,0.0
283.309,apt_marker_maskon,PARKED,0.0,0.0,0.0,2,0.0,3.797,0.0,0.0,0.0,0.0,0.0,0.0,0.0
283.401,apt_marker_maskon,PARKED,0.0,0.0,0.0,2,0.0,3.797,0.0,0.0,0.0,0.0,0.0,0.0,0.0
283.513,apt_marker_maskon,PARKED,0.0,0.0,0.0,2,0.0,3.782,0.0,0.0,0.0,0.0,0.0,0.0,0.0
283.639,apt_marker_maskon,PARKED,0.0,0.0,0.0,2,0.0,3.726,0.0,0.0,0.0,0.0,0.0,0.0,0.0
283.717,apt_marker_maskon,PARKED,0.0,0.0,0.0,2,0.0,3.705,0.0,0.0,0.0,0.0,0.0,0.0,0.0
283.801,apt_marker_maskon,PARKED,0.0,0.0,0.0,2,0.0,3.705,0.0,0.0,0.0,0.0,0.0,0.0,0.0
283.912,apt_marker_maskon,PARKED,0.0,0.0,0.0,2,0.0,3.767,0.0,0.0,0.0,0.0,0.0,0.0,0.0
284.001,apt_marker_maskon,PARKED,0.0,0.0,0.0,2,0.0,3.767,0.0,0.0,0.0,0.0,0.0,0.0,0.0
284.101,apt_marker_maskon,PARKED,0.0,0.0,0.0,2,0.0,3.797,0.0,0.0,0.0,0.0,0.0,0.0,0.0
284.201,apt_marker_maskon,PARKED,0.0,0.0,0.0,2,0.0,3.763,0.0,0.0,0.0,0.0,0.0,0.0,0.0
284.302,apt_marker_maskon,PARKED,0.0,0.0,0.0,2,0.0,3.763,0.0,0.0,0.0,0.0,0.0,0.0,0.0
284.42,apt_marker_maskon,PARKED,0.0,0.0,0.0,2,0.0,3.741,0.0,0.0,0.0,0.0,0.0,0.0,0.0
284.502,apt_marker_maskon,PARKED,0.0,0.0,0.0,2,0.0,3.741,0.0,0.0,0.0,0.0,0.0,0.0,0.0
284.601,apt_marker_maskon,PARKED,0.0,0.0,0.0,2,0.0,3.741,0.0,0.0,0.0,0.0,0.0,0.0,0.0
284.701,apt_marker_maskon,PARKED,0.0,0.0,0.0,2,0.0,3.741,0.0,0.0,0.0,0.0,0.0,0.0,0.0
284.802,apt_marker_maskon,PARKED,0.0,0.0,0.0,2,0.0,3.711,0.0,0.0,0.0,0.0,0.0,0.0,0.0
284.936,apt_marker_maskon,PARKED,0.0,0.0,0.0,2,0.0,3.781,0.0,0.0,0.0,0.0,0.0,0.0,0.0
285.04,apt_marker_maskon,PARKED,0.0,0.0,0.0,2,0.0,3.781,0.0,0.0,0.0,0.0,0.0,0.0,0.0
285.101,apt_marker_maskon,PARKED,0.0,0.0,0.0,2,0.0,3.781,0.0,0.0,0.0,0.0,0.0,0.0,0.0
285.214,apt_marker_maskon,PARKED,0.0,0.0,0.0,2,0.0,3.757,0.0,0.0,0.0,0.0,0.0,0.0,0.0
285.301,apt_marker_maskon,PARKED,0.0,0.0,0.0,2,0.0,3.757,0.0,0.0,0.0,0.0,0.0,0.0,0.0
285.401,apt_marker_maskon,PARKED,0.0,0.0,0.0,2,0.0,3.747,0.0,0.0,0.0,0.0,0.0,0.0,0.0
285.502,apt_marker_maskon,PARKED,0.0,0.0,0.0,2,0.0,3.657,0.0,0.0,0.0,0.0,0.0,0.0,0.0
285.601,apt_marker_maskon,PARKED,0.0,0.0,0.0,2,0.0,3.657,0.0,0.0,0.0,0.0,0.0,0.0,0.0
285.713,apt_marker_maskon,PARKED,0.0,0.0,0.0,2,0.0,3.676,0.0,0.0,0.0,0.0,0.0,0.0,0.0
285.849,apt_marker_maskon,PARKED,0.0,0.0,0.0,2,0.0,3.727,0.0,0.0,0.0,0.0,0.0,0.0,0.0
285.901,apt_marker_maskon,PARKED,0.0,0.0,0.0,2,0.0,3.727,0.0,0.0,0.0,0.0,0.0,0.0,0.0
286.002,apt_marker_maskon,PARKED,0.0,0.0,0.0,2,0.0,3.727,0.0,0.0,0.0,0.0,0.0,0.0,0.0
286.104,apt_marker_maskon,PARKED,0.0,0.0,0.0,2,0.0,3.758,0.0,0.0,0.0,0.0,0.0,0.0,0.0
286.235,apt_marker_maskon,PARKED,0.0,0.0,0.0,2,0.0,3.739,0.0,0.0,0.0,0.0,0.0,0.0,0.0
286.301,apt_marker_maskon,PARKED,0.0,0.0,0.0,2,0.0,3.739,0.0,0.0,0.0,0.0,0.0,0.0,0.0
286.406,apt_marker_maskon,PARKED,0.0,0.0,0.0,2,0.0,3.744,0.0,0.0,0.0,0.0,0.0,0.0,0.0
286.538,apt_marker_maskon,PARKED,0.0,0.0,0.0,2,0.0,3.678,0.0,0.0,0.0,0.0,0.0,0.0,0.0
286.601,apt_marker_maskon,PARKED,0.0,0.0,0.0,2,0.0,3.678,0.0,0.0,0.0,0.0,0.0,0.0,0.0
286.702,apt_marker_maskon,PARKED,0.0,0.0,0.0,2,0.0,3.678,0.0,0.0,0.0,0.0,0.0,0.0,0.0
286.802,apt_marker_maskon,PARKED,0.0,0.0,0.0,2,0.0,3.678,0.0,0.0,0.0,0.0,0.0,0.0,0.0
286.901,apt_marker_maskon,PARKED,0.0,0.0,0.0,2,0.0,3.808,0.0,0.0,0.0,0.0,0.0,0.0,0.0
287.03,apt_marker_maskon,PARKED,0.0,0.0,0.0,2,0.0,3.755,0.0,0.0,0.0,0.0,0.0,0.0,0.0
287.101,apt_marker_maskon,PARKED,0.0,0.0,0.0,2,0.0,3.755,0.0,0.0,0.0,0.0,0.0,0.0,0.0
287.201,apt_marker_maskon,PARKED,0.0,0.0,0.0,2,0.0,3.762,0.0,0.0,0.0,0.0,0.0,0.0,0.0
287.32,apt_marker_maskon,PARKED,0.0,0.0,0.0,2,0.0,3.748,0.0,0.0,0.0,0.0,0.0,0.0,0.0
287.401,apt_marker_maskon,PARKED,0.0,0.0,0.0,2,0.0,3.755,0.0,0.0,0.0,0.0,0.0,0.0,0.0
287.5,apt_marker_maskon,PARKED,0.0,0.0,0.0,2,0.0,3.774,0.0,0.0,0.0,0.0,0.0,0.0,0.0
287.615,apt_marker_maskon,PARKED,0.0,0.0,0.0,2,0.0,3.692,0.0,0.0,0.0,0.0,0.0,0.0,0.0
287.701,apt_marker_maskon,PARKED,0.0,0.0,0.0,2,0.0,3.692,0.0,0.0,0.0,0.0,0.0,0.0,0.0
287.801,apt_marker_maskon,PARKED,0.0,0.0,0.0,2,0.0,3.692,0.0,0.0,0.0,0.0,0.0,0.0,0.0
287.901,apt_marker_maskon,PARKED,0.0,0.0,0.0,2,0.0,3.692,0.0,0.0,0.0,0.0,0.0,0.0,0.0
288.001,apt_marker_maskon,PARKED,0.0,0.0,0.0,2,0.0,3.692,0.0,0.0,0.0,0.0,0.0,0.0,0.0
288.122,apt_marker_maskon,PARKED,0.0,0.0,0.0,2,0.0,3.695,0.0,0.0,0.0,0.0,0.0,0.0,0.0
288.202,apt_marker_maskon,PARKED,0.0,0.0,0.0,2,0.0,3.701,0.0,0.0,0.0,0.0,0.0,0.0,0.0
288.3,apt_marker_maskon,PARKED,0.0,0.0,0.0,2,0.0,3.701,0.0,0.0,0.0,0.0,0.0,0.0,0.0
288.401,apt_marker_maskon,PARKED,0.0,0.0,0.0,2,0.0,3.701,0.0,0.0,0.0,0.0,0.0,0.0,0.0
288.501,apt_marker_maskon,PARKED,0.0,0.0,0.0,2,0.0,3.747,0.0,0.0,0.0,0.0,0.0,0.0,0.0
288.649,apt_marker_maskon,PARKED,0.0,0.0,0.0,2,0.0,3.733,0.0,0.0,0.0,0.0,0.0,0.0,0.0
288.701,apt_marker_maskon,PARKED,0.0,0.0,0.0,2,0.0,3.733,0.0,0.0,0.0,0.0,0.0,0.0,0.0
288.805,apt_marker_maskon,PARKED,0.0,0.0,0.0,2,0.0,3.681,0.0,0.0,0.0,0.0,0.0,0.0,0.0
288.901,apt_marker_maskon,PARKED,0.0,0.0,0.0,2,0.0,3.681,0.0,0.0,0.0,0.0,0.0,0.0,0.0
289.001,apt_marker_maskon,PARKED,0.0,0.0,0.0,2,0.0,3.681,0.0,0.0,0.0,0.0,0.0,0.0,0.0
289.1,apt_marker_maskon,PARKED,0.0,0.0,0.0,2,0.0,3.725,0.0,0.0,0.0,0.0,0.0,0.0,0.0
289.232,apt_marker_maskon,PARKED,0.0,0.0,0.0,2,0.0,3.749,0.0,0.0,0.0,0.0,0.0,0.0,0.0
289.308,apt_marker_maskon,PARKED,0.0,0.0,0.0,2,0.0,3.749,0.0,0.0,0.0,0.0,0.0,0.0,0.0
289.401,apt_marker_maskon,PARKED,0.0,0.0,0.0,2,0.0,3.703,0.0,0.0,0.0,0.0,0.0,0.0,0.0
289.538,apt_marker_maskon,PARKED,0.0,0.0,0.0,2,0.0,3.744,0.0,0.0,0.0,0.0,0.0,0.0,0.0
289.601,apt_marker_maskon,PARKED,0.0,0.0,0.0,2,0.0,3.717,0.0,0.0,0.0,0.0,0.0,0.0,0.0
289.715,apt_marker_maskon,PARKED,0.0,0.0,0.0,2,0.0,3.717,0.0,0.0,0.0,0.0,0.0,0.0,0.0
289.816,apt_marker_maskon,PARKED,0.0,0.0,0.0,2,0.0,3.763,0.0,0.0,0.0,0.0,0.0,0.0,0.0
289.901,apt_marker_maskon,PARKED,0.0,0.0,0.0,2,0.0,3.689,0.0,0.0,0.0,0.0,0.0,0.0,0.0
290.008,apt_marker_maskon,PARKED,0.0,0.0,0.0,2,0.0,3.689,0.0,0.0,0.0,0.0,0.0,0.0,0.0
290.12,apt_marker_maskon,PARKED,0.0,0.0,0.0,2,0.0,3.74,0.0,0.0,0.0,0.0,0.0,0.0,0.0
290.201,apt_marker_maskon,PARKED,0.0,0.0,0.0,2,0.0,3.714,0.0,0.0,0.0,0.0,0.0,0.0,0.0
290.301,apt_marker_maskon,PARKED,0.0,0.0,0.0,2,0.0,3.718,0.0,0.0,0.0,0.0,0.0,0.0,0.0
290.413,apt_marker_maskon,PARKED,0.0,0.0,0.0,2,0.0,3.718,0.0,0.0,0.0,0.0,0.0,0.0,0.0
290.544,apt_marker_maskon,PARKED,0.0,0.0,0.0,2,0.0,3.764,0.0,0.0,0.0,0.0,0.0,0.0,0.0
290.611,apt_marker_maskon,PARKED,0.0,0.0,0.0,2,0.0,3.726,0.0,0.0,0.0,0.0,0.0,0.0,0.0
290.74,apt_marker_maskon,PARKED,0.0,0.0,0.0,2,0.0,3.726,0.0,0.0,0.0,0.0,0.0,0.0,0.0
290.801,apt_marker_maskon,PARKED,0.0,0.0,0.0,2,0.0,3.726,0.0,0.0,0.0,0.0,0.0,0.0,0.0
290.901,apt_marker_maskon,PARKED,0.0,0.0,0.0,2,0.0,3.699,0.0,0.0,0.0,0.0,0.0,0.0,0.0
291.001,apt_marker_maskon,PARKED,0.0,0.0,0.0,2,0.0,3.699,0.0,0.0,0.0,0.0,0.0,0.0,0.0
291.101,apt_marker_maskon,PARKED,0.0,0.0,0.0,2,0.0,3.699,0.0,0.0,0.0,0.0,0.0,0.0,0.0
291.217,apt_marker_maskon,PARKED,0.0,0.0,0.0,2,0.0,3.778,0.0,0.0,0.0,0.0,0.0,0.0,0.0
291.323,apt_marker_maskon,PARKED,0.0,0.0,0.0,2,0.0,3.792,0.0,0.0,0.0,0.0,0.0,0.0,0.0
291.45,apt_marker_maskon,PARKED,0.0,0.0,0.0,2,0.0,3.736,0.0,0.0,0.0,0.0,0.0,0.0,0.0
291.521,apt_marker_maskon,PARKED,0.0,0.0,0.0,2,0.0,3.754,0.0,0.0,0.0,0.0,0.0,0.0,0.0
291.601,apt_marker_maskon,PARKED,0.0,0.0,0.0,2,0.0,3.754,0.0,0.0,0.0,0.0,0.0,0.0,0.0
291.701,apt_marker_maskon,PARKED,0.0,0.0,0.0,2,0.0,3.734,0.0,0.0,0.0,0.0,0.0,0.0,0.0
291.801,apt_marker_maskon,PARKED,0.0,0.0,0.0,2,0.0,3.727,0.0,0.0,0.0,0.0,0.0,0.0,0.0
291.943,apt_marker_maskon,PARKED,0.0,0.0,0.0,2,0.0,3.746,0.0,0.0,0.0,0.0,0.0,0.0,0.0
292.001,apt_marker_maskon,PARKED,0.0,0.0,0.0,2,0.0,3.746,0.0,0.0,0.0,0.0,0.0,0.0,0.0
292.101,apt_marker_maskon,PARKED,0.0,0.0,0.0,2,0.0,3.746,0.0,0.0,0.0,0.0,0.0,0.0,0.0
292.201,apt_marker_maskon,PARKED,0.0,0.0,0.0,2,0.0,3.746,0.0,0.0,0.0,0.0,0.0,0.0,0.0
292.31,apt_marker_maskon,PARKED,0.0,0.0,0.0,2,0.0,3.746,0.0,0.0,0.0,0.0,0.0,0.0,0.0
292.443,apt_marker_maskon,PARKED,0.0,0.0,0.0,2,0.0,3.745,0.0,0.0,0.0,0.0,0.0,0.0,0.0
292.501,apt_marker_maskon,PARKED,0.0,0.0,0.0,2,0.0,3.745,0.0,0.0,0.0,0.0,0.0,0.0,0.0
292.601,apt_marker_maskon,PARKED,0.0,0.0,0.0,2,0.0,3.782,0.0,0.0,0.0,0.0,0.0,0.0,0.0
292.716,apt_marker_maskon,PARKED,0.0,0.0,0.0,2,0.0,3.717,0.0,0.0,0.0,0.0,0.0,0.0,0.0
292.84,apt_marker_maskon,PARKED,0.0,0.0,0.0,2,0.0,3.738,0.0,0.0,0.0,0.0,0.0,0.0,0.0
292.901,apt_marker_maskon,PARKED,0.0,0.0,0.0,2,0.0,3.738,0.0,0.0,0.0,0.0,0.0,0.0,0.0
293.016,apt_marker_maskon,PARKED,0.0,0.0,0.0,2,0.0,3.738,0.0,0.0,0.0,0.0,0.0,0.0,0.0
293.101,apt_marker_maskon,PARKED,0.0,0.0,0.0,2,0.0,3.738,0.0,0.0,0.0,0.0,0.0,0.0,0.0
293.201,apt_marker_maskon,PARKED,0.0,0.0,0.0,2,0.0,3.738,0.0,0.0,0.0,0.0,0.0,0.0,0.0
293.301,apt_marker_maskon,PARKED,0.0,0.0,0.0,2,0.0,3.73,0.0,0.0,0.0,0.0,0.0,0.0,0.0
293.436,apt_marker_maskon,PARKED,0.0,0.0,0.0,2,0.0,3.73,0.0,0.0,0.0,0.0,0.0,0.0,0.0
293.502,apt_marker_maskon,PARKED,0.0,0.0,0.0,2,0.0,3.701,0.0,0.0,0.0,0.0,0.0,0.0,0.0
293.602,apt_marker_maskon,PARKED,0.0,0.0,0.0,2,0.0,3.701,0.0,0.0,0.0,0.0,0.0,0.0,0.0
293.723,apt_marker_maskon,PARKED,0.0,0.0,0.0,2,0.0,3.743,0.0,0.0,0.0,0.0,0.0,0.0,0.0
293.802,apt_marker_maskon,PARKED,0.0,0.0,0.0,2,0.0,3.743,0.0,0.0,0.0,0.0,0.0,0.0,0.0
293.926,apt_marker_maskon,PARKED,0.0,0.0,0.0,2,0.0,3.743,0.0,0.0,0.0,0.0,0.0,0.0,0.0
294.002,apt_marker_maskon,PARKED,0.0,0.0,0.0,2,0.0,3.789,0.0,0.0,0.0,0.0,0.0,0.0,0.0
294.101,apt_marker_maskon,PARKED,0.0,0.0,0.0,2,0.0,3.789,0.0,0.0,0.0,0.0,0.0,0.0,0.0
294.221,apt_marker_maskon,PARKED,0.0,0.0,0.0,2,0.0,3.786,0.0,0.0,0.0,0.0,0.0,0.0,0.0
294.301,apt_marker_maskon,PARKED,0.0,0.0,0.0,2,0.0,3.786,0.0,0.0,0.0,0.0,0.0,0.0,0.0
294.401,apt_marker_maskon,PARKED,0.0,0.0,0.0,2,0.0,3.786,0.0,0.0,0.0,0.0,0.0,0.0,0.0
294.501,apt_marker_maskon,PARKED,0.0,0.0,0.0,2,0.0,3.786,0.0,0.0,0.0,0.0,0.0,0.0,0.0
294.601,apt_marker_maskon,PARKED,0.0,0.0,0.0,2,0.0,3.786,0.0,0.0,0.0,0.0,0.0,0.0,0.0
294.734,apt_marker_maskon,PARKED,0.0,0.0,0.0,2,0.0,3.773,0.0,0.0,0.0,0.0,0.0,0.0,0.0
294.847,apt_marker_maskon,PARKED,0.0,0.0,0.0,2,0.0,3.773,0.0,0.0,0.0,0.0,0.0,0.0,0.0
294.901,apt_marker_maskon,PARKED,0.0,0.0,0.0,2,0.0,3.773,0.0,0.0,0.0,0.0,0.0,0.0,0.0
295.001,apt_marker_maskon,PARKED,0.0,0.0,0.0,2,0.0,3.739,0.0,0.0,0.0,0.0,0.0,0.0,0.0
295.101,apt_marker_maskon,PARKED,0.0,0.0,0.0,2,0.0,3.721,0.0,0.0,0.0,0.0,0.0,0.0,0.0
295.201,apt_marker_maskon,PARKED,0.0,0.0,0.0,2,0.0,3.721,0.0,0.0,0.0,0.0,0.0,0.0,0.0
295.301,apt_marker_maskon,PARKED,0.0,0.0,0.0,2,0.0,3.721,0.0,0.0,0.0,0.0,0.0,0.0,0.0
295.426,apt_marker_maskon,PARKED,0.0,0.0,0.0,2,0.0,3.799,0.0,0.0,0.0,0.0,0.0,0.0,0.0
295.54,apt_marker_maskon,PARKED,0.0,0.0,0.0,2,0.0,3.799,0.0,0.0,0.0,0.0,0.0,0.0,0.0
295.601,apt_marker_maskon,PARKED,0.0,0.0,0.0,2,0.0,3.682,0.0,0.0,0.0,0.0,0.0,0.0,0.0
295.709,apt_marker_maskon,PARKED,0.0,0.0,0.0,2,0.0,3.743,0.0,0.0,0.0,0.0,0.0,0.0,0.0
295.835,apt_marker_maskon,PARKED,0.0,0.0,0.0,2,0.0,3.757,0.0,0.0,0.0,0.0,0.0,0.0,0.0
295.901,apt_marker_maskon,PARKED,0.0,0.0,0.0,2,0.0,3.757,0.0,0.0,0.0,0.0,0.0,0.0,0.0
296.021,apt_marker_maskon,PARKED,0.0,0.0,0.0,2,0.0,3.763,0.0,0.0,0.0,0.0,0.0,0.0,0.0
296.101,apt_marker_maskon,PARKED,0.0,0.0,0.0,2,0.0,3.763,0.0,0.0,0.0,0.0,0.0,0.0,0.0
296.201,apt_marker_maskon,PARKED,0.0,0.0,0.0,2,0.0,3.703,0.0,0.0,0.0,0.0,0.0,0.0,0.0
296.302,apt_marker_maskon,PARKED,0.0,0.0,0.0,2,0.0,3.703,0.0,0.0,0.0,0.0,0.0,0.0,0.0
296.401,apt_marker_maskon,PARKED,0.0,0.0,0.0,2,0.0,3.703,0.0,0.0,0.0,0.0,0.0,0.0,0.0
296.532,apt_marker_maskon,PARKED,0.0,0.0,0.0,2,0.0,3.754,0.0,0.0,0.0,0.0,0.0,0.0,0.0
296.609,apt_marker_maskon,PARKED,0.0,0.0,0.0,2,0.0,3.754,0.0,0.0,0.0,0.0,0.0,0.0,0.0
296.701,apt_marker_maskon,PARKED,0.0,0.0,0.0,2,0.0,3.709,0.0,0.0,0.0,0.0,0.0,0.0,0.0
296.804,apt_marker_maskon,PARKED,0.0,0.0,0.0,2,0.0,3.709,0.0,0.0,0.0,0.0,0.0,0.0,0.0
296.901,apt_marker_maskon,PARKED,0.0,0.0,0.0,2,0.0,3.778,0.0,0.0,0.0,0.0,0.0,0.0,0.0
297.015,apt_marker_maskon,PARKED,0.0,0.0,0.0,2,0.0,3.724,0.0,0.0,0.0,0.0,0.0,0.0,0.0
297.102,apt_marker_maskon,PARKED,0.0,0.0,0.0,2,0.0,3.639,0.0,0.0,0.0,0.0,0.0,0.0,0.0
297.224,apt_marker_maskon,PARKED,0.0,0.0,0.0,2,0.0,3.639,0.0,0.0,0.0,0.0,0.0,0.0,0.0
297.301,apt_marker_maskon,PARKED,0.0,0.0,0.0,2,0.0,3.639,0.0,0.0,0.0,0.0,0.0,0.0,0.0
297.444,apt_marker_maskon,PARKED,0.0,0.0,0.0,2,0.0,3.76,0.0,0.0,0.0,0.0,0.0,0.0,0.0
297.515,apt_marker_maskon,PARKED,0.0,0.0,0.0,2,0.0,3.725,0.0,0.0,0.0,0.0,0.0,0.0,0.0
297.605,apt_marker_maskon,PARKED,0.0,0.0,0.0,2,0.0,3.725,0.0,0.0,0.0,0.0,0.0,0.0,0.0
297.71,apt_marker_maskon,PARKED,0.0,0.0,0.0,2,0.0,3.735,0.0,0.0,0.0,0.0,0.0,0.0,0.0
297.812,apt_marker_maskon,PARKED,0.0,0.0,0.0,2,0.0,3.737,0.0,0.0,0.0,0.0,0.0,0.0,0.0
297.901,apt_marker_maskon,PARKED,0.0,0.0,0.0,2,0.0,3.648,0.0,0.0,0.0,0.0,0.0,0.0,0.0
298.001,apt_marker_maskon,PARKED,0.0,0.0,0.0,2,0.0,3.648,0.0,0.0,0.0,0.0,0.0,0.0,0.0
298.102,apt_marker_maskon,PARKED,0.0,0.0,0.0,2,0.0,3.79,0.0,0.0,0.0,0.0,0.0,0.0,0.0
298.201,apt_marker_maskon,PARKED,0.0,0.0,0.0,2,0.0,3.79,0.0,0.0,0.0,0.0,0.0,0.0,0.0
298.301,apt_marker_maskon,PARKED,0.0,0.0,0.0,2,0.0,3.79,0.0,0.0,0.0,0.0,0.0,0.0,0.0
298.401,apt_marker_maskon,PARKED,0.0,0.0,0.0,2,0.0,3.79,0.0,0.0,0.0,0.0,0.0,0.0,0.0
298.501,apt_marker_maskon,PARKED,0.0,0.0,0.0,2,0.0,3.79,0.0,0.0,0.0,0.0,0.0,0.0,0.0
298.602,apt_marker_maskon,PARKED,0.0,0.0,0.0,2,0.0,3.818,0.0,0.0,0.0,0.0,0.0,0.0,0.0
298.724,apt_marker_maskon,PARKED,0.0,0.0,0.0,2,0.0,3.748,0.0,0.0,0.0,0.0,0.0,0.0,0.0
298.801,apt_marker_maskon,PARKED,0.0,0.0,0.0,2,0.0,3.732,0.0,0.0,0.0,0.0,0.0,0.0,0.0
298.917,apt_marker_maskon,PARKED,0.0,0.0,0.0,2,0.0,3.732,0.0,0.0,0.0,0.0,0.0,0.0,0.0
299.047,apt_marker_maskon,PARKED,0.0,0.0,0.0,2,0.0,3.73,0.0,0.0,0.0,0.0,0.0,0.0,0.0
299.101,apt_marker_maskon,PARKED,0.0,0.0,0.0,2,0.0,3.73,0.0,0.0,0.0,0.0,0.0,0.0,0.0
299.202,apt_marker_maskon,PARKED,0.0,0.0,0.0,2,0.0,3.769,0.0,0.0,0.0,0.0,0.0,0.0,0.0
299.345,apt_marker_maskon,PARKED,0.0,0.0,0.0,2,0.0,3.738,0.0,0.0,0.0,0.0,0.0,0.0,0.0
299.401,apt_marker_maskon,PARKED,0.0,0.0,0.0,2,0.0,3.738,0.0,0.0,0.0,0.0,0.0,0.0,0.0
299.502,apt_marker_maskon,PARKED,0.0,0.0,0.0,2,0.0,3.739,0.0,0.0,0.0,0.0,0.0,0.0,0.0
299.602,apt_marker_maskon,PARKED,0.0,0.0,0.0,2,0.0,3.739,0.0,0.0,0.0,0.0,0.0,0.0,0.0
299.701,apt_marker_maskon,PARKED,0.0,0.0,0.0,2,0.0,3.729,0.0,0.0,0.0,0.0,0.0,0.0,0.0
299.804,apt_marker_maskon,PARKED,0.0,0.0,0.0,2,0.0,3.689,0.0,0.0,0.0,0.0,0.0,0.0,0.0
299.902,apt_marker_maskon,PARKED,0.0,0.0,0.0,2,0.0,3.703,0.0,0.0,0.0,0.0,0.0,0.0,0.0
300.015,apt_marker_maskon,PARKED,0.0,0.0,0.0,2,0.0,3.706,0.0,0.0,0.0,0.0,0.0,0.0,0.0
