time_s,mode,segment,robot_x,robot_y,robot_th_deg,n_obstacles,max_obs_speed,min_obstacle_dist,path_y,vx_cmd,vy_cmd,vy_rep,corrected_x,corrected_y,corrected_yaw_deg
0.077,apt_maskon,PARKED,0.0,0.0,0.0,0,0.0,999.0,0.0,0.0,0.0,0.0,0.0,0.0,0.0
0.128,apt_maskon,PARKED,0.0,0.0,0.0,1,0.0,3.596,0.0,0.0,0.0,0.0,0.0,0.0,0.0
0.235,apt_maskon,PARKED,0.0,0.0,0.0,1,0.0,3.595,0.0,0.0,0.0,0.0,0.0,0.0,0.0
0.339,apt_maskon,PARKED,0.0,0.0,0.0,1,0.0,3.595,0.0,0.0,0.0,0.0,0.0,0.0,0.0
0.422,apt_maskon,PARKED,0.0,0.0,0.0,1,0.0,3.595,0.0,0.0,0.0,0.0,0.0,0.0,0.0
0.512,apt_maskon,PARKED,0.0,0.0,0.0,1,0.0,3.543,0.0,0.0,0.0,0.0,0.0,0.0,0.0
0.624,apt_maskon,PARKED,0.0,0.0,0.0,1,0.0,3.592,0.0,0.0,0.0,0.0,0.0,0.0,0.0
0.701,apt_maskon,PARKED,0.0,0.0,0.0,1,0.0,3.563,0.0,0.0,0.0,0.0,0.0,0.0,0.0
0.801,apt_maskon,PARKED,0.0,0.0,0.0,1,0.0,3.563,0.0,0.0,0.0,0.0,0.0,0.0,0.0
0.902,apt_maskon,PARKED,0.0,0.0,0.0,1,0.0,3.547,0.0,0.0,0.0,0.0,0.0,0.0,0.0
1.009,apt_maskon,PARKED,0.0,0.0,0.0,1,0.0,3.588,0.0,0.0,0.0,0.0,0.0,0.0,0.0
1.101,apt_maskon,PARKED,0.0,0.0,0.0,1,0.0,3.588,0.0,0.0,0.0,0.0,0.0,0.0,0.0
1.202,apt_maskon,PARKED,0.0,0.0,0.0,1,0.0,3.59,0.0,0.0,0.0,0.0,0.0,0.0,0.0
1.301,apt_maskon,PARKED,0.0,0.0,0.0,1,0.0,3.59,0.0,0.0,0.0,0.0,0.0,0.0,0.0
1.439,apt_maskon,PARKED,0.0,0.0,0.0,1,0.0,3.61,0.0,0.0,0.0,0.0,0.0,0.0,0.0
1.547,apt_maskon,PARKED,0.0,0.0,0.0,1,0.0,3.594,0.0,0.0,0.0,0.0,0.0,0.0,0.0
1.606,apt_maskon,PARKED,0.0,0.0,0.0,1,0.0,3.595,0.0,0.0,0.0,0.0,0.0,0.0,0.0
1.711,apt_maskon,PARKED,0.0,0.0,0.0,1,0.0,3.595,0.0,0.0,0.0,0.0,0.0,0.0,0.0
1.801,apt_maskon,PARKED,0.0,0.0,0.0,1,0.0,3.591,0.0,0.0,0.0,0.0,0.0,0.0,0.0
1.945,apt_maskon,PARKED,0.0,0.0,0.0,1,0.0,3.578,0.0,0.0,0.0,0.0,0.0,0.0,0.0
2.001,apt_maskon,PARKED,0.0,0.0,0.0,1,0.0,3.578,0.0,0.0,0.0,0.0,0.0,0.0,0.0
2.101,apt_maskon,PARKED,0.0,0.0,0.0,1,0.0,3.592,0.0,0.0,0.0,0.0,0.0,0.0,0.0
2.201,apt_maskon,PARKED,0.0,0.0,0.0,1,0.0,3.592,0.0,0.0,0.0,0.0,0.0,0.0,0.0
2.301,apt_maskon,PARKED,0.0,0.0,0.0,1,0.0,3.592,0.0,0.0,0.0,0.0,0.0,0.0,0.0
2.401,apt_maskon,PARKED,0.0,0.0,0.0,1,0.0,3.592,0.0,0.0,0.0,0.0,0.0,0.0,0.0
2.532,apt_maskon,PARKED,0.0,0.0,0.0,1,0.0,3.592,0.0,0.0,0.0,0.0,0.0,0.0,0.0
2.638,apt_maskon,PARKED,0.0,0.0,0.0,1,0.0,3.607,0.0,0.0,0.0,0.0,0.0,0.0,0.0
2.701,apt_maskon,PARKED,0.0,0.0,0.0,1,0.0,3.607,0.0,0.0,0.0,0.0,0.0,0.0,0.0
2.807,apt_maskon,PARKED,0.0,0.0,0.0,1,0.0,3.571,0.0,0.0,0.0,0.0,0.0,0.0,0.0
2.901,apt_maskon,PARKED,0.0,0.0,0.0,1,0.0,3.571,0.0,0.0,0.0,0.0,0.0,0.0,0.0
3.014,apt_maskon,PARKED,0.0,0.0,0.0,1,0.0,3.613,0.0,0.0,0.0,0.0,0.0,0.0,0.0
3.101,apt_maskon,PARKED,0.0,0.0,0.0,1,0.0,3.567,0.0,0.0,0.0,0.0,0.0,0.0,0.0
3.222,apt_maskon,PARKED,0.0,0.0,0.0,1,0.0,3.581,0.0,0.0,0.0,0.0,0.0,0.0,0.0
3.349,apt_maskon,PARKED,0.0,0.0,0.0,1,0.0,3.581,0.0,0.0,0.0,0.0,0.0,0.0,0.0
3.406,apt_maskon,PARKED,0.0,0.0,0.0,1,0.0,3.575,0.0,0.0,0.0,0.0,0.0,0.0,0.0
3.517,apt_maskon,PARKED,0.0,0.0,0.0,1,0.0,3.571,0.0,0.0,0.0,0.0,0.0,0.0,0.0
3.601,apt_maskon,PARKED,0.0,0.0,0.0,1,0.0,3.571,0.0,0.0,0.0,0.0,0.0,0.0,0.0
3.71,apt_maskon,PARKED,0.0,0.0,0.0,1,0.0,3.572,0.0,0.0,0.0,0.0,0.0,0.0,0.0
3.802,apt_maskon,PARKED,0.0,0.0,0.0,1,0.0,3.572,0.0,0.0,0.0,0.0,0.0,0.0,0.0
3.919,apt_maskon,PARKED,0.0,0.0,0.0,1,0.0,3.618,0.0,0.0,0.0,0.0,0.0,0.0,0.0
4.001,apt_maskon,PARKED,0.0,0.0,0.0,1,0.0,3.599,0.0,0.0,0.0,0.0,0.0,0.0,0.0
4.101,apt_maskon,PARKED,0.0,0.0,0.0,1,0.0,3.599,0.0,0.0,0.0,0.0,0.0,0.0,0.0
4.201,apt_maskon,PARKED,0.0,0.0,0.0,1,0.0,3.599,0.0,0.0,0.0,0.0,0.0,0.0,0.0
4.318,apt_maskon,PARKED,0.0,0.0,0.0,1,0.0,3.596,0.0,0.0,0.0,0.0,0.0,0.0,0.0
4.427,apt_maskon,PARKED,0.0,0.0,0.0,1,0.0,3.614,0.0,0.0,0.0,0.0,0.0,0.0,0.0
4.501,apt_maskon,PARKED,0.0,0.0,0.0,1,0.0,3.614,0.0,0.0,0.0,0.0,0.0,0.0,0.0
4.618,apt_maskon,PARKED,0.0,0.0,0.0,1,0.0,3.628,0.0,0.0,0.0,0.0,0.0,0.0,0.0
4.726,apt_maskon,PARKED,0.0,0.0,0.0,1,0.0,3.589,0.0,0.0,0.0,0.0,0.0,0.0,0.0
4.839,apt_maskon,PARKED,0.0,0.0,0.0,1,0.0,3.585,0.0,0.0,0.0,0.0,0.0,0.0,0.0
4.901,apt_maskon,PARKED,0.0,0.0,0.0,1,0.0,3.585,0.0,0.0,0.0,0.0,0.0,0.0,0.0
5.039,apt_maskon,PARKED,0.0,0.0,0.0,1,0.0,3.592,0.0,0.0,0.0,0.0,0.0,0.0,0.0
5.101,apt_maskon,PARKED,0.0,0.0,0.0,1,0.0,3.592,0.0,0.0,0.0,0.0,0.0,0.0,0.0
5.201,apt_maskon,PARKED,0.0,0.0,0.0,1,0.0,3.592,0.0,0.0,0.0,0.0,0.0,0.0,0.0
5.344,apt_maskon,PARKED,0.0,0.0,0.0,1,0.0,3.555,0.0,0.0,0.0,0.0,0.0,0.0,0.0
5.401,apt_maskon,PARKED,0.0,0.0,0.0,1,0.0,3.555,0.0,0.0,0.0,0.0,0.0,0.0,0.0
5.501,apt_maskon,PARKED,0.0,0.0,0.0,1,0.0,3.555,0.0,0.0,0.0,0.0,0.0,0.0,0.0
5.601,apt_maskon,PARKED,0.0,0.0,0.0,1,0.0,3.555,0.0,0.0,0.0,0.0,0.0,0.0,0.0
5.707,apt_maskon,PARKED,0.0,0.0,0.0,1,0.0,3.581,0.0,0.0,0.0,0.0,0.0,0.0,0.0
5.821,apt_maskon,PARKED,0.0,0.0,0.0,1,0.0,3.648,0.0,0.0,0.0,0.0,0.0,0.0,0.0
5.901,apt_maskon,PARKED,0.0,0.0,0.0,1,0.0,3.648,0.0,0.0,0.0,0.0,0.0,0.0,0.0
6.001,apt_maskon,PARKED,0.0,0.0,0.0,1,0.0,3.648,0.0,0.0,0.0,0.0,0.0,0.0,0.0
6.113,apt_maskon,PARKED,0.0,0.0,0.0,1,0.0,3.652,0.0,0.0,0.0,0.0,0.0,0.0,0.0
6.201,apt_maskon,PARKED,0.0,0.0,0.0,1,0.0,3.604,0.0,0.0,0.0,0.0,0.0,0.0,0.0
6.347,apt_maskon,PARKED,0.0,0.0,0.0,1,0.0,3.579,0.0,0.0,0.0,0.0,0.0,0.0,0.0
6.401,apt_maskon,PARKED,0.0,0.0,0.0,1,0.0,3.579,0.0,0.0,0.0,0.0,0.0,0.0,0.0
6.502,apt_maskon,PARKED,0.0,0.0,0.0,1,0.0,3.579,0.0,0.0,0.0,0.0,0.0,0.0,0.0
6.6,apt_maskon,PARKED,0.0,0.0,0.0,1,0.0,3.563,0.0,0.0,0.0,0.0,0.0,0.0,0.0
6.706,apt_maskon,PARKED,0.0,0.0,0.0,1,0.0,3.564,0.0,0.0,0.0,0.0,0.0,0.0,0.0
6.801,apt_maskon,PARKED,0.0,0.0,0.0,1,0.0,3.564,0.0,0.0,0.0,0.0,0.0,0.0,0.0
6.901,apt_maskon,PARKED,0.0,0.0,0.0,1,0.0,3.564,0.0,0.0,0.0,0.0,0.0,0.0,0.0
7.051,apt_maskon,PARKED,0.0,0.0,0.0,1,0.0,3.559,0.0,0.0,0.0,0.0,0.0,0.0,0.0
7.107,apt_maskon,PARKED,0.0,0.0,0.0,1,0.0,3.615,0.0,0.0,0.0,0.0,0.0,0.0,0.0
7.201,apt_maskon,PARKED,0.0,0.0,0.0,1,0.0,3.615,0.0,0.0,0.0,0.0,0.0,0.0,0.0
7.301,apt_maskon,PARKED,0.0,0.0,0.0,1,0.0,3.615,0.0,0.0,0.0,0.0,0.0,0.0,0.0
7.401,apt_maskon,PARKED,0.0,0.0,0.0,1,0.0,3.615,0.0,0.0,0.0,0.0,0.0,0.0,0.0
7.535,apt_maskon,PARKED,0.0,0.0,0.0,1,0.0,3.615,0.0,0.0,0.0,0.0,0.0,0.0,0.0
7.601,apt_maskon,PARKED,0.0,0.0,0.0,1,0.0,3.615,0.0,0.0,0.0,0.0,0.0,0.0,0.0
7.701,apt_maskon,PARKED,0.0,0.0,0.0,1,0.0,3.545,0.0,0.0,0.0,0.0,0.0,0.0,0.0
7.832,apt_maskon,PARKED,0.0,0.0,0.0,1,0.0,3.545,0.0,0.0,0.0,0.0,0.0,0.0,0.0
7.949,apt_maskon,PARKED,0.0,0.0,0.0,1,0.0,3.559,0.0,0.0,0.0,0.0,0.0,0.0,0.0
8.022,apt_maskon,PARKED,0.0,0.0,0.0,1,0.0,3.575,0.0,0.0,0.0,0.0,0.0,0.0,0.0
8.128,apt_maskon,PARKED,0.0,0.0,0.0,1,0.0,3.621,0.0,0.0,0.0,0.0,0.0,0.0,0.0
8.246,apt_maskon,PARKED,0.0,0.0,0.0,1,0.0,3.594,0.0,0.0,0.0,0.0,0.0,0.0,0.0
8.301,apt_maskon,PARKED,0.0,0.0,0.0,1,0.0,3.594,0.0,0.0,0.0,0.0,0.0,0.0,0.0
8.401,apt_maskon,PARKED,0.0,0.0,0.0,1,0.0,3.594,0.0,0.0,0.0,0.0,0.0,0.0,0.0
8.545,apt_maskon,PARKED,0.0,0.0,0.0,1,0.0,3.579,0.0,0.0,0.0,0.0,0.0,0.0,0.0
8.601,apt_maskon,PARKED,0.0,0.0,0.0,1,0.0,3.579,0.0,0.0,0.0,0.0,0.0,0.0,0.0
8.722,apt_maskon,PARKED,0.0,0.0,0.0,1,0.0,3.567,0.0,0.0,0.0,0.0,0.0,0.0,0.0
8.802,apt_maskon,PARKED,0.0,0.0,0.0,1,0.0,3.567,0.0,0.0,0.0,0.0,0.0,0.0,0.0
8.901,apt_maskon,PARKED,0.0,0.0,0.0,1,0.0,3.567,0.0,0.0,0.0,0.0,0.0,0.0,0.0
9.01,apt_maskon,PARKED,0.0,0.0,0.0,1,0.0,3.583,0.0,0.0,0.0,0.0,0.0,0.0,0.0
9.138,apt_maskon,PARKED,0.0,0.0,0.0,1,0.0,3.591,0.0,0.0,0.0,0.0,0.0,0.0,0.0
9.201,apt_maskon,PARKED,0.0,0.0,0.0,1,0.0,3.591,0.0,0.0,0.0,0.0,0.0,0.0,0.0
9.301,apt_maskon,PARKED,0.0,0.0,0.0,1,0.0,3.591,0.0,0.0,0.0,0.0,0.0,0.0,0.0
9.45,apt_maskon,PARKED,0.0,0.0,0.0,1,0.0,3.59,0.0,0.0,0.0,0.0,0.0,0.0,0.0
9.504,apt_maskon,PARKED,0.0,0.0,0.0,1,0.0,3.582,0.0,0.0,0.0,0.0,0.0,0.0,0.0
9.61,apt_maskon,PARKED,0.0,0.0,0.0,1,0.0,3.604,0.0,0.0,0.0,0.0,0.0,0.0,0.0
9.701,apt_maskon,PARKED,0.0,0.0,0.0,1,0.0,3.604,0.0,0.0,0.0,0.0,0.0,0.0,0.0
9.801,apt_maskon,PARKED,0.0,0.0,0.0,1,0.0,3.604,0.0,0.0,0.0,0.0,0.0,0.0,0.0
9.916,apt_maskon,PARKED,0.0,0.0,0.0,1,0.0,3.622,0.0,0.0,0.0,0.0,0.0,0.0,0.0
10.03,apt_maskon,PARKED,0.0,0.0,0.0,1,0.0,3.622,0.0,0.0,0.0,0.0,0.0,0.0,0.0
10.101,apt_maskon,PARKED,0.0,0.0,0.0,1,0.0,3.622,0.0,0.0,0.0,0.0,0.0,0.0,0.0
10.201,apt_maskon,PARKED,0.0,0.0,0.0,1,0.0,3.622,0.0,0.0,0.0,0.0,0.0,0.0,0.0
10.301,apt_maskon,PARKED,0.0,0.0,0.0,1,0.0,3.622,0.0,0.0,0.0,0.0,0.0,0.0,0.0
10.428,apt_maskon,PARKED,0.0,0.0,0.0,1,0.0,3.646,0.0,0.0,0.0,0.0,0.0,0.0,0.0
10.502,apt_maskon,PARKED,0.0,0.0,0.0,1,0.0,3.614,0.0,0.0,0.0,0.0,0.0,0.0,0.0
10.623,apt_maskon,PARKED,0.0,0.0,0.0,1,0.0,3.614,0.0,0.0,0.0,0.0,0.0,0.0,0.0
10.701,apt_maskon,PARKED,0.0,0.0,0.0,1,0.0,3.614,0.0,0.0,0.0,0.0,0.0,0.0,0.0
10.801,apt_maskon,PARKED,0.0,0.0,0.0,1,0.0,3.614,0.0,0.0,0.0,0.0,0.0,0.0,0.0
10.933,apt_maskon,PARKED,0.0,0.0,0.0,1,0.0,3.586,0.0,0.0,0.0,0.0,0.0,0.0,0.0
11.001,apt_maskon,PARKED,0.0,0.0,0.0,1,0.0,3.602,0.0,0.0,0.0,0.0,0.0,0.0,0.0
11.109,apt_maskon,PARKED,0.0,0.0,0.0,1,0.0,3.602,0.0,0.0,0.0,0.0,0.0,0.0,0.0
11.201,apt_maskon,PARKED,0.0,0.0,0.0,1,0.0,3.602,0.0,0.0,0.0,0.0,0.0,0.0,0.0
11.301,apt_maskon,PARKED,0.0,0.0,0.0,1,0.0,3.591,0.0,0.0,0.0,0.0,0.0,0.0,0.0
11.441,apt_maskon,PARKED,0.0,0.0,0.0,1,0.0,3.643,0.0,0.0,0.0,0.0,0.0,0.0,0.0
11.55,apt_maskon,PARKED,0.0,0.0,0.0,1,0.0,3.588,0.0,0.0,0.0,0.0,0.0,0.0,0.0
11.601,apt_maskon,PARKED,0.0,0.0,0.0,1,0.0,3.588,0.0,0.0,0.0,0.0,0.0,0.0,0.0
11.701,apt_maskon,PARKED,0.0,0.0,0.0,1,0.0,3.572,0.0,0.0,0.0,0.0,0.0,0.0,0.0
11.801,apt_maskon,PARKED,0.0,0.0,0.0,1,0.0,3.572,0.0,0.0,0.0,0.0,0.0,0.0,0.0
11.936,apt_maskon,PARKED,0.0,0.0,0.0,1,0.0,3.603,0.0,0.0,0.0,0.0,0.0,0.0,0.0
12.046,apt_maskon,PARKED,0.0,0.0,0.0,1,0.0,3.61,0.0,0.0,0.0,0.0,0.0,0.0,0.0
12.139,apt_maskon,PARKED,0.0,0.0,0.0,1,0.0,3.61,0.0,0.0,0.0,0.0,0.0,0.0,0.0
12.202,apt_maskon,PARKED,0.0,0.0,0.0,1,0.0,3.595,0.0,0.0,0.0,0.0,0.0,0.0,0.0
12.326,apt_maskon,PARKED,0.0,0.0,0.0,1,0.0,3.574,0.0,0.0,0.0,0.0,0.0,0.0,0.0
12.439,apt_maskon,PARKED,0.0,0.0,0.0,1,0.0,3.561,0.0,0.0,0.0,0.0,0.0,0.0,0.0
12.509,apt_maskon,PARKED,0.0,0.0,0.0,1,0.0,3.561,0.0,0.0,0.0,0.0,0.0,0.0,0.0
12.62,apt_maskon,PARKED,0.0,0.0,0.0,1,0.0,3.576,0.0,0.0,0.0,0.0,0.0,0.0,0.0
12.701,apt_maskon,PARKED,0.0,0.0,0.0,1,0.0,3.576,0.0,0.0,0.0,0.0,0.0,0.0,0.0
12.801,apt_maskon,PARKED,0.0,0.0,0.0,1,0.0,3.576,0.0,0.0,0.0,0.0,0.0,0.0,0.0
12.918,apt_maskon,PARKED,0.0,0.0,0.0,1,0.0,3.586,0.0,0.0,0.0,0.0,0.0,0.0,0.0
13.001,apt_maskon,PARKED,0.0,0.0,0.0,1,0.0,3.586,0.0,0.0,0.0,0.0,0.0,0.0,0.0
13.101,apt_maskon,PARKED,0.0,0.0,0.0,1,0.0,3.586,0.0,0.0,0.0,0.0,0.0,0.0,0.0
13.21,apt_maskon,PARKED,0.0,0.0,0.0,1,0.0,3.586,0.0,0.0,0.0,0.0,0.0,0.0,0.0
13.327,apt_maskon,PARKED,0.0,0.0,0.0,1,0.0,3.604,0.0,0.0,0.0,0.0,0.0,0.0,0.0
13.438,apt_maskon,PARKED,0.0,0.0,0.0,1,0.0,3.595,0.0,0.0,0.0,0.0,0.0,0.0,0.0
13.532,apt_maskon,PARKED,0.0,0.0,0.0,1,0.0,3.595,0.0,0.0,0.0,0.0,0.0,0.0,0.0
13.601,apt_maskon,PARKED,0.0,0.0,0.0,1,0.0,3.616,0.0,0.0,0.0,0.0,0.0,0.0,0.0
13.705,apt_maskon,PARKED,0.0,0.0,0.0,1,0.0,3.57,0.0,0.0,0.0,0.0,0.0,0.0,0.0
13.823,apt_maskon,PARKED,0.0,0.0,0.0,1,0.0,3.57,0.0,0.0,0.0,0.0,0.0,0.0,0.0
13.902,apt_maskon,PARKED,0.0,0.0,0.0,1,0.0,3.57,0.0,0.0,0.0,0.0,0.0,0.0,0.0
14.025,apt_maskon,PARKED,0.0,0.0,0.0,1,0.0,3.557,0.0,0.0,0.0,0.0,0.0,0.0,0.0
14.135,apt_maskon,PARKED,0.0,0.0,0.0,1,0.0,3.559,0.0,0.0,0.0,0.0,0.0,0.0,0.0
14.234,apt_maskon,PARKED,0.0,0.0,0.0,1,0.0,3.575,0.0,0.0,0.0,0.0,0.0,0.0,0.0
14.333,apt_maskon,PARKED,0.0,0.0,0.0,1,0.0,3.575,0.0,0.0,0.0,0.0,0.0,0.0,0.0
14.411,apt_maskon,PARKED,0.0,0.0,0.0,1,0.0,3.558,0.0,0.0,0.0,0.0,0.0,0.0,0.0
14.518,apt_maskon,PARKED,0.0,0.0,0.0,1,0.0,3.587,0.0,0.0,0.0,0.0,0.0,0.0,0.0
14.63,apt_maskon,PARKED,0.0,0.0,0.0,1,0.0,3.55,0.0,0.0,0.0,0.0,0.0,0.0,0.0
14.7,apt_maskon,PARKED,0.0,0.0,0.0,1,0.0,3.55,0.0,0.0,0.0,0.0,0.0,0.0,0.0
14.801,apt_maskon,PARKED,0.0,0.0,0.0,1,0.0,3.55,0.0,0.0,0.0,0.0,0.0,0.0,0.0
14.901,apt_maskon,PARKED,0.0,0.0,0.0,1,0.0,3.55,0.0,0.0,0.0,0.0,0.0,0.0,0.0
15.014,apt_maskon,PARKED,0.0,0.0,0.0,1,0.0,3.611,0.0,0.0,0.0,0.0,0.0,0.0,0.0
15.101,apt_maskon,PARKED,0.0,0.0,0.0,1,0.0,3.611,0.0,0.0,0.0,0.0,0.0,0.0,0.0
15.201,apt_maskon,PARKED,0.0,0.0,0.0,1,0.0,3.619,0.0,0.0,0.0,0.0,0.0,0.0,0.0
15.301,apt_maskon,PARKED,0.0,0.0,0.0,1,0.0,3.619,0.0,0.0,0.0,0.0,0.0,0.0,0.0
15.434,apt_maskon,PARKED,0.0,0.0,0.0,1,0.0,3.622,0.0,0.0,0.0,0.0,0.0,0.0,0.0
15.54,apt_maskon,PARKED,0.0,0.0,0.0,1,0.0,3.61,0.0,0.0,0.0,0.0,0.0,0.0,0.0
15.65,apt_maskon,PARKED,0.0,0.0,0.0,1,0.0,3.609,0.0,0.0,0.0,0.0,0.0,0.0,0.0
15.701,apt_maskon,PARKED,0.0,0.0,0.0,1,0.0,3.609,0.0,0.0,0.0,0.0,0.0,0.0,0.0
15.808,apt_maskon,PARKED,0.0,0.0,0.0,1,0.0,3.596,0.0,0.0,0.0,0.0,0.0,0.0,0.0
15.923,apt_maskon,PARKED,0.0,0.0,0.0,1,0.0,3.592,0.0,0.0,0.0,0.0,0.0,0.0,0.0
16.001,apt_maskon,PARKED,0.0,0.0,0.0,1,0.0,3.592,0.0,0.0,0.0,0.0,0.0,0.0,0.0
16.117,apt_maskon,PARKED,0.0,0.0,0.0,1,0.0,3.563,0.0,0.0,0.0,0.0,0.0,0.0,0.0
16.201,apt_maskon,PARKED,0.0,0.0,0.0,1,0.0,3.563,0.0,0.0,0.0,0.0,0.0,0.0,0.0
16.31,apt_maskon,PARKED,0.0,0.0,0.0,1,0.0,3.575,0.0,0.0,0.0,0.0,0.0,0.0,0.0
16.42,apt_maskon,PARKED,0.0,0.0,0.0,1,0.0,3.579,0.0,0.0,0.0,0.0,0.0,0.0,0.0
16.5,apt_maskon,PARKED,0.0,0.0,0.0,1,0.0,3.579,0.0,0.0,0.0,0.0,0.0,0.0,0.0
16.601,apt_maskon,PARKED,0.0,0.0,0.0,1,0.0,3.579,0.0,0.0,0.0,0.0,0.0,0.0,0.0
16.727,apt_maskon,PARKED,0.0,0.0,0.0,1,0.0,3.555,0.0,0.0,0.0,0.0,0.0,0.0,0.0
16.84,apt_maskon,PARKED,0.0,0.0,0.0,1,0.0,3.569,0.0,0.0,0.0,0.0,0.0,0.0,0.0
16.901,apt_maskon,PARKED,0.0,0.0,0.0,1,0.0,3.569,0.0,0.0,0.0,0.0,0.0,0.0,0.0
17.001,apt_maskon,PARKED,0.0,0.0,0.0,1,0.0,3.569,0.0,0.0,0.0,0.0,0.0,0.0,0.0
17.101,apt_maskon,PARKED,0.0,0.0,0.0,1,0.0,3.569,0.0,0.0,0.0,0.0,0.0,0.0,0.0
17.201,apt_maskon,PARKED,0.0,0.0,0.0,1,0.0,3.569,0.0,0.0,0.0,0.0,0.0,0.0,0.0
17.343,apt_maskon,PARKED,0.0,0.0,0.0,1,0.0,3.584,0.0,0.0,0.0,0.0,0.0,0.0,0.0
17.45,apt_maskon,PARKED,0.0,0.0,0.0,1,0.0,3.604,0.0,0.0,0.0,0.0,0.0,0.0,0.0
17.504,apt_maskon,PARKED,0.0,0.0,0.0,1,0.0,3.573,0.0,0.0,0.0,0.0,0.0,0.0,0.0
17.611,apt_maskon,PARKED,0.0,0.0,0.0,1,0.0,3.573,0.0,0.0,0.0,0.0,0.0,0.0,0.0
17.701,apt_maskon,PARKED,0.0,0.0,0.0,1,0.0,3.573,0.0,0.0,0.0,0.0,0.0,0.0,0.0
17.832,apt_maskon,PARKED,0.0,0.0,0.0,1,0.0,3.603,0.0,0.0,0.0,0.0,0.0,0.0,0.0
17.901,apt_maskon,PARKED,0.0,0.0,0.0,1,0.0,3.603,0.0,0.0,0.0,0.0,0.0,0.0,0.0
18.001,apt_maskon,PARKED,0.0,0.0,0.0,1,0.0,3.552,0.0,0.0,0.0,0.0,0.0,0.0,0.0
18.101,apt_maskon,PARKED,0.0,0.0,0.0,1,0.0,3.552,0.0,0.0,0.0,0.0,0.0,0.0,0.0
18.201,apt_maskon,PARKED,0.0,0.0,0.0,1,0.0,3.552,0.0,0.0,0.0,0.0,0.0,0.0,0.0
18.31,apt_maskon,PARKED,0.0,0.0,0.0,1,0.0,3.613,0.0,0.0,0.0,0.0,0.0,0.0,0.0
18.418,apt_maskon,PARKED,0.0,0.0,0.0,1,0.0,3.605,0.0,0.0,0.0,0.0,0.0,0.0,0.0
18.521,apt_maskon,PARKED,0.0,0.0,0.0,1,0.0,3.617,0.0,0.0,0.0,0.0,0.0,0.0,0.0
18.601,apt_maskon,PARKED,0.0,0.0,0.0,1,0.0,3.617,0.0,0.0,0.0,0.0,0.0,0.0,0.0
18.741,apt_maskon,PARKED,0.0,0.0,0.0,1,0.0,3.591,0.0,0.0,0.0,0.0,0.0,0.0,0.0
18.802,apt_maskon,PARKED,0.0,0.0,0.0,1,0.0,3.591,0.0,0.0,0.0,0.0,0.0,0.0,0.0
18.901,apt_maskon,PARKED,0.0,0.0,0.0,1,0.0,3.61,0.0,0.0,0.0,0.0,0.0,0.0,0.0
19.001,apt_maskon,PARKED,0.0,0.0,0.0,1,0.0,3.61,0.0,0.0,0.0,0.0,0.0,0.0,0.0
19.101,apt_maskon,PARKED,0.0,0.0,0.0,1,0.0,3.61,0.0,0.0,0.0,0.0,0.0,0.0,0.0
19.201,apt_maskon,PARKED,0.0,0.0,0.0,1,0.0,3.61,0.0,0.0,0.0,0.0,0.0,0.0,0.0
19.328,apt_maskon,PARKED,0.0,0.0,0.0,1,0.0,3.571,0.0,0.0,0.0,0.0,0.0,0.0,0.0
19.44,apt_maskon,PARKED,0.0,0.0,0.0,1,0.0,3.571,0.0,0.0,0.0,0.0,0.0,0.0,0.0
19.536,apt_maskon,PARKED,0.0,0.0,0.0,1,0.0,3.579,0.0,0.0,0.0,0.0,0.0,0.0,0.0
19.637,apt_maskon,PARKED,0.0,0.0,0.0,1,0.0,3.598,0.0,0.0,0.0,0.0,0.0,0.0,0.0
19.747,apt_maskon,PARKED,0.0,0.0,0.0,1,0.0,3.548,0.0,0.0,0.0,0.0,0.0,0.0,0.0
19.806,apt_maskon,PARKED,0.0,0.0,0.0,1,0.0,3.591,0.0,0.0,0.0,0.0,0.0,0.0,0.0
19.932,apt_maskon,PARKED,0.0,0.0,0.0,1,0.0,3.591,0.0,0.0,0.0,0.0,0.0,0.0,0.0
20.036,apt_maskon,PARKED,0.0,0.0,0.0,1,0.0,3.591,0.0,0.0,0.0,0.0,0.0,0.0,0.0
20.101,apt_maskon,PARKED,0.0,0.0,0.0,1,0.0,3.591,0.0,0.0,0.0,0.0,0.0,0.0,0.0
20.201,apt_maskon,PARKED,0.0,0.0,0.0,1,0.0,3.591,0.0,0.0,0.0,0.0,0.0,0.0,0.0
20.301,apt_maskon,PARKED,0.0,0.0,0.0,1,0.0,3.591,0.0,0.0,0.0,0.0,0.0,0.0,0.0
20.41,apt_maskon,PARKED,0.0,0.0,0.0,1,0.0,3.584,0.0,0.0,0.0,0.0,0.0,0.0,0.0
20.501,apt_maskon,PARKED,0.0,0.0,0.0,1,0.0,3.584,0.0,0.0,0.0,0.0,0.0,0.0,0.0
20.601,apt_maskon,PARKED,0.0,0.0,0.0,1,0.0,3.584,0.0,0.0,0.0,0.0,0.0,0.0,0.0
20.717,apt_maskon,PARKED,0.0,0.0,0.0,1,0.0,3.604,0.0,0.0,0.0,0.0,0.0,0.0,0.0
20.833,apt_maskon,PARKED,0.0,0.0,0.0,1,0.0,3.582,0.0,0.0,0.0,0.0,0.0,0.0,0.0
20.938,apt_maskon,PARKED,0.0,0.0,0.0,1,0.0,3.582,0.0,0.0,0.0,0.0,0.0,0.0,0.0
21.027,apt_maskon,PARKED,0.0,0.0,0.0,1,0.0,3.582,0.0,0.0,0.0,0.0,0.0,0.0,0.0
21.136,apt_maskon,PARKED,0.0,0.0,0.0,1,0.0,3.598,0.0,0.0,0.0,0.0,0.0,0.0,0.0
21.243,apt_maskon,PARKED,0.0,0.0,0.0,1,0.0,3.621,0.0,0.0,0.0,0.0,0.0,0.0,0.0
21.302,apt_maskon,PARKED,0.0,0.0,0.0,1,0.0,3.628,0.0,0.0,0.0,0.0,0.0,0.0,0.0
21.402,apt_maskon,PARKED,0.0,0.0,0.0,1,0.0,3.628,0.0,0.0,0.0,0.0,0.0,0.0,0.0
21.501,apt_maskon,PARKED,0.0,0.0,0.0,1,0.0,3.628,0.0,0.0,0.0,0.0,0.0,0.0,0.0
21.602,apt_maskon,PARKED,0.0,0.0,0.0,1,0.0,3.587,0.0,0.0,0.0,0.0,0.0,0.0,0.0
21.71,apt_maskon,PARKED,0.0,0.0,0.0,1,0.0,3.639,0.0,0.0,0.0,0.0,0.0,0.0,0.0
21.818,apt_maskon,PARKED,0.0,0.0,0.0,1,0.0,3.59,0.0,0.0,0.0,0.0,0.0,0.0,0.0
21.909,apt_maskon,PARKED,0.0,0.0,0.0,1,0.0,3.59,0.0,0.0,0.0,0.0,0.0,0.0,0.0
22.001,apt_maskon,PARKED,0.0,0.0,0.0,1,0.0,3.598,0.0,0.0,0.0,0.0,0.0,0.0,0.0
22.129,apt_maskon,PARKED,0.0,0.0,0.0,1,0.0,3.601,0.0,0.0,0.0,0.0,0.0,0.0,0.0
22.203,apt_maskon,PARKED,0.0,0.0,0.0,1,0.0,3.571,0.0,0.0,0.0,0.0,0.0,0.0,0.0
22.301,apt_maskon,PARKED,0.0,0.0,0.0,1,0.0,3.571,0.0,0.0,0.0,0.0,0.0,0.0,0.0
22.401,apt_maskon,PARKED,0.0,0.0,0.0,1,0.0,3.571,0.0,0.0,0.0,0.0,0.0,0.0,0.0
22.511,apt_maskon,PARKED,0.0,0.0,0.0,1,0.0,3.57,0.0,0.0,0.0,0.0,0.0,0.0,0.0
22.626,apt_maskon,PARKED,0.0,0.0,0.0,1,0.0,3.57,0.0,0.0,0.0,0.0,0.0,0.0,0.0
22.743,apt_maskon,PARKED,0.0,0.0,0.0,1,0.0,3.546,0.0,0.0,0.0,0.0,0.0,0.0,0.0
22.801,apt_maskon,PARKED,0.0,0.0,0.0,1,0.0,3.546,0.0,0.0,0.0,0.0,0.0,0.0,0.0
22.902,apt_maskon,PARKED,0.0,0.0,0.0,1,0.0,3.546,0.0,0.0,0.0,0.0,0.0,0.0,0.0
23.002,apt_maskon,PARKED,0.0,0.0,0.0,1,0.0,3.546,0.0,0.0,0.0,0.0,0.0,0.0,0.0
23.101,apt_maskon,PARKED,0.0,0.0,0.0,1,0.0,3.519,0.0,0.0,0.0,0.0,0.0,0.0,0.0
23.21,apt_maskon,PARKED,0.0,0.0,0.0,1,0.0,3.556,0.0,0.0,0.0,0.0,0.0,0.0,0.0
23.302,apt_maskon,PARKED,0.0,0.0,0.0,1,0.0,3.556,0.0,0.0,0.0,0.0,0.0,0.0,0.0
23.401,apt_maskon,PARKED,0.0,0.0,0.0,1,0.0,3.556,0.0,0.0,0.0,0.0,0.0,0.0,0.0
23.501,apt_maskon,PARKED,0.0,0.0,0.0,1,0.0,3.556,0.0,0.0,0.0,0.0,0.0,0.0,0.0
23.648,apt_maskon,PARKED,0.0,0.0,0.0,1,0.0,3.577,0.0,0.0,0.0,0.0,0.0,0.0,0.0
23.713,apt_maskon,PARKED,0.0,0.0,0.0,1,0.0,3.612,0.0,0.0,0.0,0.0,0.0,0.0,0.0
23.803,apt_maskon,PARKED,0.0,0.0,0.0,1,0.0,3.612,0.0,0.0,0.0,0.0,0.0,0.0,0.0
23.944,apt_maskon,PARKED,0.0,0.0,0.0,1,0.0,3.576,0.0,0.0,0.0,0.0,0.0,0.0,0.0
24.001,apt_maskon,PARKED,0.0,0.0,0.0,1,0.0,3.565,0.0,0.0,0.0,0.0,0.0,0.0,0.0
24.111,apt_maskon,PARKED,0.0,0.0,0.0,1,0.0,3.606,0.0,0.0,0.0,0.0,0.0,0.0,0.0
24.201,apt_maskon,PARKED,0.0,0.0,0.0,1,0.0,3.606,0.0,0.0,0.0,0.0,0.0,0.0,0.0
24.301,apt_maskon,PARKED,0.0,0.0,0.0,1,0.0,3.606,0.0,0.0,0.0,0.0,0.0,0.0,0.0
24.402,apt_maskon,PARKED,0.0,0.0,0.0,1,0.0,3.606,0.0,0.0,0.0,0.0,0.0,0.0,0.0
24.502,apt_maskon,PARKED,0.0,0.0,0.0,1,0.0,3.606,0.0,0.0,0.0,0.0,0.0,0.0,0.0
24.601,apt_maskon,PARKED,0.0,0.0,0.0,1,0.0,3.606,0.0,0.0,0.0,0.0,0.0,0.0,0.0
24.745,apt_maskon,PARKED,0.0,0.0,0.0,1,0.0,3.598,0.0,0.0,0.0,0.0,0.0,0.0,0.0
24.839,apt_maskon,PARKED,0.0,0.0,0.0,1,0.0,3.598,0.0,0.0,0.0,0.0,0.0,0.0,0.0
24.946,apt_maskon,PARKED,0.0,0.0,0.0,1,0.0,3.598,0.0,0.0,0.0,0.0,0.0,0.0,0.0
25.023,apt_maskon,PARKED,0.0,0.0,0.0,1,0.0,3.578,0.0,0.0,0.0,0.0,0.0,0.0,0.0
25.135,apt_maskon,PARKED,0.0,0.0,0.0,1,0.0,3.588,0.0,0.0,0.0,0.0,0.0,0.0,0.0
25.201,apt_maskon,PARKED,0.0,0.0,0.0,1,0.0,3.587,0.0,0.0,0.0,0.0,0.0,0.0,0.0
25.302,apt_maskon,PARKED,0.0,0.0,0.0,1,0.0,3.587,0.0,0.0,0.0,0.0,0.0,0.0,0.0
25.402,apt_maskon,PARKED,0.0,0.0,0.0,1,0.0,3.587,0.0,0.0,0.0,0.0,0.0,0.0,0.0
25.546,apt_maskon,PARKED,0.0,0.0,0.0,1,0.0,3.574,0.0,0.0,0.0,0.0,0.0,0.0,0.0
25.602,apt_maskon,PARKED,0.0,0.0,0.0,1,0.0,3.574,0.0,0.0,0.0,0.0,0.0,0.0,0.0
25.702,apt_maskon,PARKED,0.0,0.0,0.0,1,0.0,3.571,0.0,0.0,0.0,0.0,0.0,0.0,0.0
25.847,apt_maskon,PARKED,0.0,0.0,0.0,1,0.0,3.571,0.0,0.0,0.0,0.0,0.0,0.0,0.0
25.901,apt_maskon,PARKED,0.0,0.0,0.0,1,0.0,3.571,0.0,0.0,0.0,0.0,0.0,0.0,0.0
26.001,apt_maskon,PARKED,0.0,0.0,0.0,1,0.0,3.597,0.0,0.0,0.0,0.0,0.0,0.0,0.0
26.1,apt_maskon,PARKED,0.0,0.0,0.0,1,0.0,3.615,0.0,0.0,0.0,0.0,0.0,0.0,0.0
26.207,apt_maskon,PARKED,0.0,0.0,0.0,1,0.0,3.615,0.0,0.0,0.0,0.0,0.0,0.0,0.0
26.319,apt_maskon,PARKED,0.0,0.0,0.0,1,0.0,3.63,0.0,0.0,0.0,0.0,0.0,0.0,0.0
26.401,apt_maskon,PARKED,0.0,0.0,0.0,1,0.0,3.63,0.0,0.0,0.0,0.0,0.0,0.0,0.0
26.501,apt_maskon,PARKED,0.0,0.0,0.0,1,0.0,3.63,0.0,0.0,0.0,0.0,0.0,0.0,0.0
26.601,apt_maskon,PARKED,0.0,0.0,0.0,1,0.0,3.63,0.0,0.0,0.0,0.0,0.0,0.0,0.0
26.701,apt_maskon,PARKED,0.0,0.0,0.0,1,0.0,3.63,0.0,0.0,0.0,0.0,0.0,0.0,0.0
26.816,apt_maskon,PARKED,0.0,0.0,0.0,1,0.0,3.569,0.0,0.0,0.0,0.0,0.0,0.0,0.0
26.902,apt_maskon,PARKED,0.0,0.0,0.0,1,0.0,3.569,0.0,0.0,0.0,0.0,0.0,0.0,0.0
27.032,apt_maskon,PARKED,0.0,0.0,0.0,1,0.0,3.569,0.0,0.0,0.0,0.0,0.0,0.0,0.0
27.15,apt_maskon,PARKED,0.0,0.0,0.0,1,0.0,3.578,0.0,0.0,0.0,0.0,0.0,0.0,0.0
27.208,apt_maskon,PARKED,0.0,0.0,0.0,1,0.0,3.584,0.0,0.0,0.0,0.0,0.0,0.0,0.0
27.324,apt_maskon,PARKED,0.0,0.0,0.0,1,0.0,3.583,0.0,0.0,0.0,0.0,0.0,0.0,0.0
27.401,apt_maskon,PARKED,0.0,0.0,0.0,1,0.0,3.583,0.0,0.0,0.0,0.0,0.0,0.0,0.0
27.501,apt_maskon,PARKED,0.0,0.0,0.0,1,0.0,3.583,0.0,0.0,0.0,0.0,0.0,0.0,0.0
27.601,apt_maskon,PARKED,0.0,0.0,0.0,1,0.0,3.583,0.0,0.0,0.0,0.0,0.0,0.0,0.0
27.745,apt_maskon,PARKED,0.0,0.0,0.0,1,0.0,3.586,0.0,0.0,0.0,0.0,0.0,0.0,0.0
27.801,apt_maskon,PARKED,0.0,0.0,0.0,1,0.0,3.586,0.0,0.0,0.0,0.0,0.0,0.0,0.0
27.927,apt_maskon,PARKED,0.0,0.0,0.0,1,0.0,3.586,0.0,0.0,0.0,0.0,0.0,0.0,0.0
28.034,apt_maskon,PARKED,0.0,0.0,0.0,1,0.0,3.577,0.0,0.0,0.0,0.0,0.0,0.0,0.0
28.132,apt_maskon,PARKED,0.0,0.0,0.0,1,0.0,3.577,0.0,0.0,0.0,0.0,0.0,0.0,0.0
28.201,apt_maskon,PARKED,0.0,0.0,0.0,1,0.0,3.595,0.0,0.0,0.0,0.0,0.0,0.0,0.0
28.343,apt_maskon,PARKED,0.0,0.0,0.0,1,0.0,3.595,0.0,0.0,0.0,0.0,0.0,0.0,0.0
28.401,apt_maskon,PARKED,0.0,0.0,0.0,1,0.0,3.595,0.0,0.0,0.0,0.0,0.0,0.0,0.0
28.55,apt_maskon,PARKED,0.0,0.0,0.0,1,0.0,3.579,0.0,0.0,0.0,0.0,0.0,0.0,0.0
28.603,apt_maskon,PARKED,0.0,0.0,0.0,1,0.0,3.554,0.0,0.0,0.0,0.0,0.0,0.0,0.0
28.701,apt_maskon,PARKED,0.0,0.0,0.0,1,0.0,3.554,0.0,0.0,0.0,0.0,0.0,0.0,0.0
28.801,apt_maskon,PARKED,0.0,0.0,0.0,1,0.0,3.554,0.0,0.0,0.0,0.0,0.0,0.0,0.0
28.943,apt_maskon,PARKED,0.0,0.0,0.0,1,0.0,3.567,0.0,0.0,0.0,0.0,0.0,0.0,0.0
29.004,apt_maskon,PARKED,0.0,0.0,0.0,1,0.0,3.567,0.0,0.0,0.0,0.0,0.0,0.0,0.0
29.102,apt_maskon,PARKED,0.0,0.0,0.0,1,0.0,3.612,0.0,0.0,0.0,0.0,0.0,0.0,0.0
29.201,apt_maskon,PARKED,0.0,0.0,0.0,1,0.0,3.612,0.0,0.0,0.0,0.0,0.0,0.0,0.0
29.316,apt_maskon,PARKED,0.0,0.0,0.0,1,0.0,3.594,0.0,0.0,0.0,0.0,0.0,0.0,0.0
29.401,apt_maskon,PARKED,0.0,0.0,0.0,1,0.0,3.579,0.0,0.0,0.0,0.0,0.0,0.0,0.0
29.501,apt_maskon,PARKED,0.0,0.0,0.0,1,0.0,3.6,0.0,0.0,0.0,0.0,0.0,0.0,0.0
29.602,apt_maskon,PARKED,0.0,0.0,0.0,1,0.0,3.6,0.0,0.0,0.0,0.0,0.0,0.0,0.0
29.701,apt_maskon,PARKED,0.0,0.0,0.0,1,0.0,3.597,0.0,0.0,0.0,0.0,0.0,0.0,0.0
29.84,apt_maskon,PARKED,0.0,0.0,0.0,1,0.0,3.574,0.0,0.0,0.0,0.0,0.0,0.0,0.0
29.946,apt_maskon,PARKED,0.0,0.0,0.0,1,0.0,3.574,0.0,0.0,0.0,0.0,0.0,0.0,0.0
30.005,apt_maskon,PARKED,0.0,0.0,0.0,1,0.0,3.586,0.0,0.0,0.0,0.0,0.0,0.0,0.0
30.117,apt_maskon,PARKED,0.0,0.0,0.0,1,0.0,3.614,0.0,0.0,0.0,0.0,0.0,0.0,0.0
30.202,apt_maskon,PARKED,0.0,0.0,0.0,1,0.0,3.614,0.0,0.0,0.0,0.0,0.0,0.0,0.0
30.313,apt_maskon,PARKED,0.0,0.0,0.0,1,0.0,3.614,0.0,0.0,0.0,0.0,0.0,0.0,0.0
30.42,apt_maskon,PARKED,0.0,0.0,0.0,1,0.0,3.582,0.0,0.0,0.0,0.0,0.0,0.0,0.0
30.502,apt_maskon,PARKED,0.0,0.0,0.0,1,0.0,3.582,0.0,0.0,0.0,0.0,0.0,0.0,0.0
30.623,apt_maskon,PARKED,0.0,0.0,0.0,1,0.0,3.567,0.0,0.0,0.0,0.0,0.0,0.0,0.0
30.735,apt_maskon,PARKED,0.0,0.0,0.0,1,0.0,3.605,0.0,0.0,0.0,0.0,0.0,0.0,0.0
30.829,apt_maskon,PARKED,0.0,0.0,0.0,1,0.0,3.605,0.0,0.0,0.0,0.0,0.0,0.0,0.0
30.913,apt_maskon,PARKED,0.0,0.0,0.0,1,0.0,3.633,0.0,0.0,0.0,0.0,0.0,0.0,0.0
31.046,apt_maskon,PARKED,0.0,0.0,0.0,1,0.0,3.651,0.0,0.0,0.0,0.0,0.0,0.0,0.0
31.105,apt_maskon,PARKED,0.0,0.0,0.0,1,0.0,3.624,0.0,0.0,0.0,0.0,0.0,0.0,0.0
31.222,apt_maskon,PARKED,0.0,0.0,0.0,1,0.0,3.584,0.0,0.0,0.0,0.0,0.0,0.0,0.0
31.335,apt_maskon,PARKED,0.0,0.0,0.0,1,0.0,3.558,0.0,0.0,0.0,0.0,0.0,0.0,0.0
31.418,apt_maskon,PARKED,0.0,0.0,0.0,1,0.0,3.558,0.0,0.0,0.0,0.0,0.0,0.0,0.0
31.501,apt_maskon,PARKED,0.0,0.0,0.0,1,0.0,3.558,0.0,0.0,0.0,0.0,0.0,0.0,0.0
31.634,apt_maskon,PARKED,0.0,0.0,0.0,1,0.0,3.59,0.0,0.0,0.0,0.0,0.0,0.0,0.0
31.701,apt_maskon,PARKED,0.0,0.0,0.0,1,0.0,3.59,0.0,0.0,0.0,0.0,0.0,0.0,0.0
31.801,apt_maskon,PARKED,0.0,0.0,0.0,1,0.0,3.59,0.0,0.0,0.0,0.0,0.0,0.0,0.0
31.901,apt_maskon,PARKED,0.0,0.0,0.0,1,0.0,3.585,0.0,0.0,0.0,0.0,0.0,0.0,0.0
32.028,apt_maskon,PARKED,0.0,0.0,0.0,1,0.0,3.563,0.0,0.0,0.0,0.0,0.0,0.0,0.0
32.143,apt_maskon,PARKED,0.0,0.0,0.0,1,0.0,3.611,0.0,0.0,0.0,0.0,0.0,0.0,0.0
32.248,apt_maskon,PARKED,0.0,0.0,0.0,1,0.0,3.611,0.0,0.0,0.0,0.0,0.0,0.0,0.0
32.335,apt_maskon,PARKED,0.0,0.0,0.0,1,0.0,3.611,0.0,0.0,0.0,0.0,0.0,0.0,0.0
32.432,apt_maskon,PARKED,0.0,0.0,0.0,1,0.0,3.572,0.0,0.0,0.0,0.0,0.0,0.0,0.0
32.501,apt_maskon,PARKED,0.0,0.0,0.0,1,0.0,3.543,0.0,0.0,0.0,0.0,0.0,0.0,0.0
32.613,apt_maskon,PARKED,0.0,0.0,0.0,1,0.0,3.595,0.0,0.0,0.0,0.0,0.0,0.0,0.0
32.732,apt_maskon,PARKED,0.0,0.0,0.0,1,0.0,3.595,0.0,0.0,0.0,0.0,0.0,0.0,0.0
32.802,apt_maskon,PARKED,0.0,0.0,0.0,1,0.0,3.595,0.0,0.0,0.0,0.0,0.0,0.0,0.0
32.908,apt_maskon,PARKED,0.0,0.0,0.0,1,0.0,3.591,0.0,0.0,0.0,0.0,0.0,0.0,0.0
33.022,apt_maskon,PARKED,0.0,0.0,0.0,1,0.0,3.597,0.0,0.0,0.0,0.0,0.0,0.0,0.0
33.101,apt_maskon,PARKED,0.0,0.0,0.0,1,0.0,3.597,0.0,0.0,0.0,0.0,0.0,0.0,0.0
33.213,apt_maskon,PARKED,0.0,0.0,0.0,1,0.0,3.597,0.0,0.0,0.0,0.0,0.0,0.0,0.0
33.329,apt_maskon,PARKED,0.0,0.0,0.0,1,0.0,3.584,0.0,0.0,0.0,0.0,0.0,0.0,0.0
33.45,apt_maskon,PARKED,0.0,0.0,0.0,1,0.0,3.593,0.0,0.0,0.0,0.0,0.0,0.0,0.0
33.504,apt_maskon,PARKED,0.0,0.0,0.0,1,0.0,3.585,0.0,0.0,0.0,0.0,0.0,0.0,0.0
33.601,apt_maskon,PARKED,0.0,0.0,0.0,1,0.0,3.585,0.0,0.0,0.0,0.0,0.0,0.0,0.0
33.702,apt_maskon,PARKED,0.0,0.0,0.0,1,0.0,3.585,0.0,0.0,0.0,0.0,0.0,0.0,0.0
33.835,apt_maskon,PARKED,0.0,0.0,0.0,1,0.0,3.566,0.0,0.0,0.0,0.0,0.0,0.0,0.0
33.901,apt_maskon,PARKED,0.0,0.0,0.0,1,0.0,3.593,0.0,0.0,0.0,0.0,0.0,0.0,0.0
34.001,apt_maskon,PARKED,0.0,0.0,0.0,1,0.0,3.593,0.0,0.0,0.0,0.0,0.0,0.0,0.0
34.101,apt_maskon,PARKED,0.0,0.0,0.0,1,0.0,3.593,0.0,0.0,0.0,0.0,0.0,0.0,0.0
34.201,apt_maskon,PARKED,0.0,0.0,0.0,1,0.0,3.593,0.0,0.0,0.0,0.0,0.0,0.0,0.0
34.329,apt_maskon,PARKED,0.0,0.0,0.0,1,0.0,3.588,0.0,0.0,0.0,0.0,0.0,0.0,0.0
34.401,apt_maskon,PARKED,0.0,0.0,0.0,1,0.0,3.606,0.0,0.0,0.0,0.0,0.0,0.0,0.0
34.548,apt_maskon,PARKED,0.0,0.0,0.0,1,0.0,3.595,0.0,0.0,0.0,0.0,0.0,0.0,0.0
34.602,apt_maskon,PARKED,0.0,0.0,0.0,1,0.0,3.595,0.0,0.0,0.0,0.0,0.0,0.0,0.0
34.702,apt_maskon,PARKED,0.0,0.0,0.0,1,0.0,3.601,0.0,0.0,0.0,0.0,0.0,0.0,0.0
34.839,apt_maskon,PARKED,0.0,0.0,0.0,1,0.0,3.621,0.0,0.0,0.0,0.0,0.0,0.0,0.0
34.901,apt_maskon,PARKED,0.0,0.0,0.0,1,0.0,3.648,0.0,0.0,0.0,0.0,0.0,0.0,0.0
35.001,apt_maskon,PARKED,0.0,0.0,0.0,1,0.0,3.648,0.0,0.0,0.0,0.0,0.0,0.0,0.0
35.136,apt_maskon,PARKED,0.0,0.0,0.0,1,0.0,3.639,0.0,0.0,0.0,0.0,0.0,0.0,0.0
35.243,apt_maskon,PARKED,0.0,0.0,0.0,1,0.0,3.575,0.0,0.0,0.0,0.0,0.0,0.0,0.0
35.301,apt_maskon,PARKED,0.0,0.0,0.0,1,0.0,3.583,0.0,0.0,0.0,0.0,0.0,0.0,0.0
35.407,apt_maskon,PARKED,0.0,0.0,0.0,1,0.0,3.582,0.0,0.0,0.0,0.0,0.0,0.0,0.0
35.501,apt_maskon,PARKED,0.0,0.0,0.0,1,0.0,3.582,0.0,0.0,0.0,0.0,0.0,0.0,0.0
35.62,apt_maskon,PARKED,0.0,0.0,0.0,1,0.0,3.584,0.0,0.0,0.0,0.0,0.0,0.0,0.0
35.701,apt_maskon,PARKED,0.0,0.0,0.0,1,0.0,3.584,0.0,0.0,0.0,0.0,0.0,0.0,0.0
35.801,apt_maskon,PARKED,0.0,0.0,0.0,1,0.0,3.584,0.0,0.0,0.0,0.0,0.0,0.0,0.0
35.901,apt_maskon,PARKED,0.0,0.0,0.0,1,0.0,3.555,0.0,0.0,0.0,0.0,0.0,0.0,0.0
36.002,apt_maskon,PARKED,0.0,0.0,0.0,1,0.0,3.555,0.0,0.0,0.0,0.0,0.0,0.0,0.0
36.129,apt_maskon,PARKED,0.0,0.0,0.0,1,0.0,3.568,0.0,0.0,0.0,0.0,0.0,0.0,0.0
36.237,apt_maskon,PARKED,0.0,0.0,0.0,1,0.0,3.569,0.0,0.0,0.0,0.0,0.0,0.0,0.0
36.301,apt_maskon,PARKED,0.0,0.0,0.0,1,0.0,3.569,0.0,0.0,0.0,0.0,0.0,0.0,0.0
36.401,apt_maskon,PARKED,0.0,0.0,0.0,1,0.0,3.569,0.0,0.0,0.0,0.0,0.0,0.0,0.0
36.543,apt_maskon,PARKED,0.0,0.0,0.0,1,0.0,3.581,0.0,0.0,0.0,0.0,0.0,0.0,0.0
36.605,apt_maskon,PARKED,0.0,0.0,0.0,1,0.0,3.548,0.0,0.0,0.0,0.0,0.0,0.0,0.0
36.701,apt_maskon,PARKED,0.0,0.0,0.0,1,0.0,3.548,0.0,0.0,0.0,0.0,0.0,0.0,0.0
36.801,apt_maskon,PARKED,0.0,0.0,0.0,1,0.0,3.548,0.0,0.0,0.0,0.0,0.0,0.0,0.0
36.901,apt_maskon,PARKED,0.0,0.0,0.0,1,0.0,3.548,0.0,0.0,0.0,0.0,0.0,0.0,0.0
37.04,apt_maskon,PARKED,0.0,0.0,0.0,1,0.0,3.615,0.0,0.0,0.0,0.0,0.0,0.0,0.0
37.1,apt_maskon,PARKED,0.0,0.0,0.0,1,0.0,3.586,0.0,0.0,0.0,0.0,0.0,0.0,0.0
37.201,apt_maskon,PARKED,0.0,0.0,0.0,1,0.0,3.586,0.0,0.0,0.0,0.0,0.0,0.0,0.0
37.301,apt_maskon,PARKED,0.0,0.0,0.0,1,0.0,3.586,0.0,0.0,0.0,0.0,0.0,0.0,0.0
37.446,apt_maskon,PARKED,0.0,0.0,0.0,1,0.0,3.57,0.0,0.0,0.0,0.0,0.0,0.0,0.0
37.504,apt_maskon,PARKED,0.0,0.0,0.0,1,0.0,3.57,0.0,0.0,0.0,0.0,0.0,0.0,0.0
37.601,apt_maskon,PARKED,0.0,0.0,0.0,1,0.0,3.536,0.0,0.0,0.0,0.0,0.0,0.0,0.0
37.74,apt_maskon,PARKED,0.0,0.0,0.0,1,0.0,3.536,0.0,0.0,0.0,0.0,0.0,0.0,0.0
37.801,apt_maskon,PARKED,0.0,0.0,0.0,1,0.0,3.536,0.0,0.0,0.0,0.0,0.0,0.0,0.0
37.901,apt_maskon,PARKED,0.0,0.0,0.0,1,0.0,3.536,0.0,0.0,0.0,0.0,0.0,0.0,0.0
38.002,apt_maskon,PARKED,0.0,0.0,0.0,1,0.0,3.597,0.0,0.0,0.0,0.0,0.0,0.0,0.0
38.146,apt_maskon,PARKED,0.0,0.0,0.0,1,0.0,3.577,0.0,0.0,0.0,0.0,0.0,0.0,0.0
38.233,apt_maskon,PARKED,0.0,0.0,0.0,1,0.0,3.577,0.0,0.0,0.0,0.0,0.0,0.0,0.0
38.316,apt_maskon,PARKED,0.0,0.0,0.0,1,0.0,3.609,0.0,0.0,0.0,0.0,0.0,0.0,0.0
38.427,apt_maskon,PARKED,0.0,0.0,0.0,1,0.0,3.573,0.0,0.0,0.0,0.0,0.0,0.0,0.0
38.501,apt_maskon,PARKED,0.0,0.0,0.0,1,0.0,3.607,0.0,0.0,0.0,0.0,0.0,0.0,0.0
38.646,apt_maskon,PARKED,0.0,0.0,0.0,1,0.0,3.607,0.0,0.0,0.0,0.0,0.0,0.0,0.0
38.701,apt_maskon,PARKED,0.0,0.0,0.0,1,0.0,3.607,0.0,0.0,0.0,0.0,0.0,0.0,0.0
38.829,apt_maskon,PARKED,0.0,0.0,0.0,1,0.0,3.585,0.0,0.0,0.0,0.0,0.0,0.0,0.0
38.902,apt_maskon,PARKED,0.0,0.0,0.0,1,0.0,3.585,0.0,0.0,0.0,0.0,0.0,0.0,0.0
39.042,apt_maskon,PARKED,0.0,0.0,0.0,1,0.0,3.598,0.0,0.0,0.0,0.0,0.0,0.0,0.0
39.103,apt_maskon,PARKED,0.0,0.0,0.0,1,0.0,3.598,0.0,0.0,0.0,0.0,0.0,0.0,0.0
39.217,apt_maskon,PARKED,0.0,0.0,0.0,1,0.0,3.607,0.0,0.0,0.0,0.0,0.0,0.0,0.0
39.327,apt_maskon,PARKED,0.0,0.0,0.0,1,0.0,3.593,0.0,0.0,0.0,0.0,0.0,0.0,0.0
39.401,apt_maskon,PARKED,0.0,0.0,0.0,1,0.0,3.604,0.0,0.0,0.0,0.0,0.0,0.0,0.0
39.548,apt_maskon,PARKED,0.0,0.0,0.0,1,0.0,3.604,0.0,0.0,0.0,0.0,0.0,0.0,0.0
39.602,apt_maskon,PARKED,0.0,0.0,0.0,1,0.0,3.604,0.0,0.0,0.0,0.0,0.0,0.0,0.0
39.734,apt_maskon,PARKED,0.0,0.0,0.0,1,0.0,3.621,0.0,0.0,0.0,0.0,0.0,0.0,0.0
39.801,apt_maskon,PARKED,0.0,0.0,0.0,1,0.0,3.619,0.0,0.0,0.0,0.0,0.0,0.0,0.0
39.929,apt_maskon,PARKED,0.0,0.0,0.0,1,0.0,3.619,0.0,0.0,0.0,0.0,0.0,0.0,0.0
40.003,apt_maskon,PARKED,0.0,0.0,0.0,1,0.0,3.619,0.0,0.0,0.0,0.0,0.0,0.0,0.0
40.101,apt_maskon,PARKED,0.0,0.0,0.0,1,0.0,3.619,0.0,0.0,0.0,0.0,0.0,0.0,0.0
40.239,apt_maskon,PARKED,0.0,0.0,0.0,1,0.0,3.528,0.0,0.0,0.0,0.0,0.0,0.0,0.0
40.3,apt_maskon,PARKED,0.0,0.0,0.0,1,0.0,3.548,0.0,0.0,0.0,0.0,0.0,0.0,0.0
40.401,apt_maskon,PARKED,0.0,0.0,0.0,1,0.0,3.548,0.0,0.0,0.0,0.0,0.0,0.0,0.0
40.501,apt_maskon,PARKED,0.0,0.0,0.0,1,0.0,3.548,0.0,0.0,0.0,0.0,0.0,0.0,0.0
40.625,apt_maskon,PARKED,0.0,0.0,0.0,1,0.0,3.596,0.0,0.0,0.0,0.0,0.0,0.0,0.0
40.74,apt_maskon,PARKED,0.0,0.0,0.0,1,0.0,3.573,0.0,0.0,0.0,0.0,0.0,0.0,0.0
40.841,apt_maskon,PARKED,0.0,0.0,0.0,1,0.0,3.573,0.0,0.0,0.0,0.0,0.0,0.0,0.0
40.918,apt_maskon,PARKED,0.0,0.0,0.0,1,0.0,3.573,0.0,0.0,0.0,0.0,0.0,0.0,0.0
41.001,apt_maskon,PARKED,0.0,0.0,0.0,1,0.0,3.573,0.0,0.0,0.0,0.0,0.0,0.0,0.0
41.111,apt_maskon,PARKED,0.0,0.0,0.0,1,0.0,3.587,0.0,0.0,0.0,0.0,0.0,0.0,0.0
41.221,apt_maskon,PARKED,0.0,0.0,0.0,1,0.0,3.57,0.0,0.0,0.0,0.0,0.0,0.0,0.0
41.316,apt_maskon,PARKED,0.0,0.0,0.0,1,0.0,3.57,0.0,0.0,0.0,0.0,0.0,0.0,0.0
41.437,apt_maskon,PARKED,0.0,0.0,0.0,1,0.0,3.591,0.0,0.0,0.0,0.0,0.0,0.0,0.0
41.53,apt_maskon,PARKED,0.0,0.0,0.0,1,0.0,3.591,0.0,0.0,0.0,0.0,0.0,0.0,0.0
41.61,apt_maskon,PARKED,0.0,0.0,0.0,1,0.0,3.585,0.0,0.0,0.0,0.0,0.0,0.0,0.0
41.724,apt_maskon,PARKED,0.0,0.0,0.0,1,0.0,3.599,0.0,0.0,0.0,0.0,0.0,0.0,0.0
41.802,apt_maskon,PARKED,0.0,0.0,0.0,1,0.0,3.599,0.0,0.0,0.0,0.0,0.0,0.0,0.0
41.901,apt_maskon,PARKED,0.0,0.0,0.0,1,0.0,3.619,0.0,0.0,0.0,0.0,0.0,0.0,0.0
42.001,apt_maskon,PARKED,0.0,0.0,0.0,1,0.0,3.584,0.0,0.0,0.0,0.0,0.0,0.0,0.0
42.101,apt_maskon,PARKED,0.0,0.0,0.0,1,0.0,3.584,0.0,0.0,0.0,0.0,0.0,0.0,0.0
42.217,apt_maskon,PARKED,0.0,0.0,0.0,1,0.0,3.607,0.0,0.0,0.0,0.0,0.0,0.0,0.0
42.301,apt_maskon,PARKED,0.0,0.0,0.0,1,0.0,3.637,0.0,0.0,0.0,0.0,0.0,0.0,0.0
42.443,apt_maskon,PARKED,0.0,0.0,0.0,1,0.0,3.637,0.0,0.0,0.0,0.0,0.0,0.0,0.0
42.504,apt_maskon,PARKED,0.0,0.0,0.0,1,0.0,3.597,0.0,0.0,0.0,0.0,0.0,0.0,0.0
42.648,apt_maskon,PARKED,0.0,0.0,0.0,1,0.0,3.597,0.0,0.0,0.0,0.0,0.0,0.0,0.0
42.74,apt_maskon,PARKED,0.0,0.0,0.0,1,0.0,3.559,0.0,0.0,0.0,0.0,0.0,0.0,0.0
42.831,apt_maskon,PARKED,0.0,0.0,0.0,1,0.0,3.559,0.0,0.0,0.0,0.0,0.0,0.0,0.0
42.939,apt_maskon,PARKED,0.0,0.0,0.0,1,0.0,3.531,0.0,0.0,0.0,0.0,0.0,0.0,0.0
43.001,apt_maskon,PARKED,0.0,0.0,0.0,1,0.0,3.588,0.0,0.0,0.0,0.0,0.0,0.0,0.0
43.122,apt_maskon,PARKED,0.0,0.0,0.0,1,0.0,3.588,0.0,0.0,0.0,0.0,0.0,0.0,0.0
43.201,apt_maskon,PARKED,0.0,0.0,0.0,1,0.0,3.588,0.0,0.0,0.0,0.0,0.0,0.0,0.0
43.301,apt_maskon,PARKED,0.0,0.0,0.0,1,0.0,3.588,0.0,0.0,0.0,0.0,0.0,0.0,0.0
43.401,apt_maskon,PARKED,0.0,0.0,0.0,1,0.0,3.588,0.0,0.0,0.0,0.0,0.0,0.0,0.0
43.526,apt_maskon,PARKED,0.0,0.0,0.0,1,0.0,3.609,0.0,0.0,0.0,0.0,0.0,0.0,0.0
43.638,apt_maskon,PARKED,0.0,0.0,0.0,1,0.0,3.59,0.0,0.0,0.0,0.0,0.0,0.0,0.0
43.701,apt_maskon,PARKED,0.0,0.0,0.0,1,0.0,3.59,0.0,0.0,0.0,0.0,0.0,0.0,0.0
43.801,apt_maskon,PARKED,0.0,0.0,0.0,1,0.0,3.59,0.0,0.0,0.0,0.0,0.0,0.0,0.0
43.904,apt_maskon,PARKED,0.0,0.0,0.0,1,0.0,3.594,0.0,0.0,0.0,0.0,0.0,0.0,0.0
44.02,apt_maskon,PARKED,0.0,0.0,0.0,1,0.0,3.549,0.0,0.0,0.0,0.0,0.0,0.0,0.0
44.102,apt_maskon,PARKED,0.0,0.0,0.0,1,0.0,3.581,0.0,0.0,0.0,0.0,0.0,0.0,0.0
44.201,apt_maskon,PARKED,0.0,0.0,0.0,1,0.0,3.601,0.0,0.0,0.0,0.0,0.0,0.0,0.0
44.301,apt_maskon,PARKED,0.0,0.0,0.0,1,0.0,3.601,0.0,0.0,0.0,0.0,0.0,0.0,0.0
44.426,apt_maskon,PARKED,0.0,0.0,0.0,1,0.0,3.605,0.0,0.0,0.0,0.0,0.0,0.0,0.0
44.501,apt_maskon,PARKED,0.0,0.0,0.0,1,0.0,3.567,0.0,0.0,0.0,0.0,0.0,0.0,0.0
44.601,apt_maskon,PARKED,0.0,0.0,0.0,1,0.0,3.567,0.0,0.0,0.0,0.0,0.0,0.0,0.0
44.751,apt_maskon,PARKED,0.0,0.0,0.0,1,0.0,3.606,0.0,0.0,0.0,0.0,0.0,0.0,0.0
44.802,apt_maskon,PARKED,0.0,0.0,0.0,1,0.0,3.606,0.0,0.0,0.0,0.0,0.0,0.0,0.0
44.919,apt_maskon,PARKED,0.0,0.0,0.0,1,0.0,3.553,0.0,0.0,0.0,0.0,0.0,0.0,0.0
45.001,apt_maskon,PARKED,0.0,0.0,0.0,1,0.0,3.553,0.0,0.0,0.0,0.0,0.0,0.0,0.0
45.101,apt_maskon,PARKED,0.0,0.0,0.0,1,0.0,3.553,0.0,0.0,0.0,0.0,0.0,0.0,0.0
45.202,apt_maskon,PARKED,0.0,0.0,0.0,1,0.0,3.608,0.0,0.0,0.0,0.0,0.0,0.0,0.0
45.301,apt_maskon,PARKED,0.0,0.0,0.0,1,0.0,3.608,0.0,0.0,0.0,0.0,0.0,0.0,0.0
45.401,apt_maskon,PARKED,0.0,0.0,0.0,1,0.0,3.58,0.0,0.0,0.0,0.0,0.0,0.0,0.0
45.545,apt_maskon,PARKED,0.0,0.0,0.0,1,0.0,3.58,0.0,0.0,0.0,0.0,0.0,0.0,0.0
45.636,apt_maskon,PARKED,0.0,0.0,0.0,1,0.0,3.58,0.0,0.0,0.0,0.0,0.0,0.0,0.0
45.745,apt_maskon,PARKED,0.0,0.0,0.0,1,0.0,3.581,0.0,0.0,0.0,0.0,0.0,0.0,0.0
45.802,apt_maskon,PARKED,0.0,0.0,0.0,1,0.0,3.597,0.0,0.0,0.0,0.0,0.0,0.0,0.0
45.901,apt_maskon,PARKED,0.0,0.0,0.0,1,0.0,3.597,0.0,0.0,0.0,0.0,0.0,0.0,0.0
46.001,apt_maskon,PARKED,0.0,0.0,0.0,1,0.0,3.597,0.0,0.0,0.0,0.0,0.0,0.0,0.0
46.124,apt_maskon,PARKED,0.0,0.0,0.0,1,0.0,3.585,0.0,0.0,0.0,0.0,0.0,0.0,0.0
46.201,apt_maskon,PARKED,0.0,0.0,0.0,1,0.0,3.585,0.0,0.0,0.0,0.0,0.0,0.0,0.0
46.301,apt_maskon,PARKED,0.0,0.0,0.0,1,0.0,3.574,0.0,0.0,0.0,0.0,0.0,0.0,0.0
46.401,apt_maskon,PARKED,0.0,0.0,0.0,1,0.0,3.574,0.0,0.0,0.0,0.0,0.0,0.0,0.0
46.501,apt_maskon,PARKED,0.0,0.0,0.0,1,0.0,3.574,0.0,0.0,0.0,0.0,0.0,0.0,0.0
46.614,apt_maskon,PARKED,0.0,0.0,0.0,1,0.0,3.578,0.0,0.0,0.0,0.0,0.0,0.0,0.0
46.726,apt_maskon,PARKED,0.0,0.0,0.0,1,0.0,3.547,0.0,0.0,0.0,0.0,0.0,0.0,0.0
46.801,apt_maskon,PARKED,0.0,0.0,0.0,1,0.0,3.547,0.0,0.0,0.0,0.0,0.0,0.0,0.0
46.933,apt_maskon,PARKED,0.0,0.0,0.0,1,0.0,3.547,0.0,0.0,0.0,0.0,0.0,0.0,0.0
47.024,apt_maskon,PARKED,0.0,0.0,0.0,1,0.0,3.556,0.0,0.0,0.0,0.0,0.0,0.0,0.0
47.137,apt_maskon,PARKED,0.0,0.0,0.0,1,0.0,3.588,0.0,0.0,0.0,0.0,0.0,0.0,0.0
47.201,apt_maskon,PARKED,0.0,0.0,0.0,1,0.0,3.599,0.0,0.0,0.0,0.0,0.0,0.0,0.0
47.301,apt_maskon,PARKED,0.0,0.0,0.0,1,0.0,3.599,0.0,0.0,0.0,0.0,0.0,0.0,0.0
47.401,apt_maskon,PARKED,0.0,0.0,0.0,1,0.0,3.599,0.0,0.0,0.0,0.0,0.0,0.0,0.0
47.55,apt_maskon,PARKED,0.0,0.0,0.0,1,0.0,3.547,0.0,0.0,0.0,0.0,0.0,0.0,0.0
47.631,apt_maskon,PARKED,0.0,0.0,0.0,1,0.0,3.547,0.0,0.0,0.0,0.0,0.0,0.0,0.0
47.733,apt_maskon,PARKED,0.0,0.0,0.0,1,0.0,3.584,0.0,0.0,0.0,0.0,0.0,0.0,0.0
47.809,apt_maskon,PARKED,0.0,0.0,0.0,1,0.0,3.584,0.0,0.0,0.0,0.0,0.0,0.0,0.0
47.946,apt_maskon,PARKED,0.0,0.0,0.0,1,0.0,3.588,0.0,0.0,0.0,0.0,0.0,0.0,0.0
48.001,apt_maskon,PARKED,0.0,0.0,0.0,1,0.0,3.588,0.0,0.0,0.0,0.0,0.0,0.0,0.0
48.113,apt_maskon,PARKED,0.0,0.0,0.0,1,0.0,3.605,0.0,0.0,0.0,0.0,0.0,0.0,0.0
48.201,apt_maskon,PARKED,0.0,0.0,0.0,1,0.0,3.611,0.0,0.0,0.0,0.0,0.0,0.0,0.0
48.331,apt_maskon,PARKED,0.0,0.0,0.0,1,0.0,3.611,0.0,0.0,0.0,0.0,0.0,0.0,0.0
48.401,apt_maskon,PARKED,0.0,0.0,0.0,1,0.0,3.611,0.0,0.0,0.0,0.0,0.0,0.0,0.0
48.502,apt_maskon,PARKED,0.0,0.0,0.0,1,0.0,3.611,0.0,0.0,0.0,0.0,0.0,0.0,0.0
48.646,apt_maskon,PARKED,0.0,0.0,0.0,1,0.0,3.605,0.0,0.0,0.0,0.0,0.0,0.0,0.0
48.701,apt_maskon,PARKED,0.0,0.0,0.0,1,0.0,3.57,0.0,0.0,0.0,0.0,0.0,0.0,0.0
48.801,apt_maskon,PARKED,0.0,0.0,0.0,1,0.0,3.57,0.0,0.0,0.0,0.0,0.0,0.0,0.0
48.95,apt_maskon,PARKED,0.0,0.0,0.0,1,0.0,3.591,0.0,0.0,0.0,0.0,0.0,0.0,0.0
49.005,apt_maskon,PARKED,0.0,0.0,0.0,1,0.0,3.574,0.0,0.0,0.0,0.0,0.0,0.0,0.0
49.121,apt_maskon,PARKED,0.0,0.0,0.0,1,0.0,3.592,0.0,0.0,0.0,0.0,0.0,0.0,0.0
49.202,apt_maskon,PARKED,0.0,0.0,0.0,1,0.0,3.592,0.0,0.0,0.0,0.0,0.0,0.0,0.0
49.301,apt_maskon,PARKED,0.0,0.0,0.0,1,0.0,3.592,0.0,0.0,0.0,0.0,0.0,0.0,0.0
49.444,apt_maskon,PARKED,0.0,0.0,0.0,1,0.0,3.567,0.0,0.0,0.0,0.0,0.0,0.0,0.0
49.538,apt_maskon,PARKED,0.0,0.0,0.0,1,0.0,3.58,0.0,0.0,0.0,0.0,0.0,0.0,0.0
49.601,apt_maskon,PARKED,0.0,0.0,0.0,1,0.0,3.58,0.0,0.0,0.0,0.0,0.0,0.0,0.0
49.702,apt_maskon,PARKED,0.0,0.0,0.0,1,0.0,3.597,0.0,0.0,0.0,0.0,0.0,0.0,0.0
49.849,apt_maskon,PARKED,0.0,0.0,0.0,1,0.0,3.614,0.0,0.0,0.0,0.0,0.0,0.0,0.0
49.909,apt_maskon,PARKED,0.0,0.0,0.0,1,0.0,3.57,0.0,0.0,0.0,0.0,0.0,0.0,0.0
50.027,apt_maskon,PARKED,0.0,0.0,0.0,1,0.0,3.619,0.0,0.0,0.0,0.0,0.0,0.0,0.0
50.102,apt_maskon,PARKED,0.0,0.0,0.0,1,0.0,3.619,0.0,0.0,0.0,0.0,0.0,0.0,0.0
50.235,apt_maskon,PARKED,0.0,0.0,0.0,1,0.0,3.619,0.0,0.0,0.0,0.0,0.0,0.0,0.0
50.33,apt_maskon,PARKED,0.0,0.0,0.0,1,0.0,3.548,0.0,0.0,0.0,0.0,0.0,0.0,0.0
50.447,apt_maskon,PARKED,0.0,0.0,0.0,1,0.0,3.587,0.0,0.0,0.0,0.0,0.0,0.0,0.0
50.502,apt_maskon,PARKED,0.0,0.0,0.0,1,0.0,3.587,0.0,0.0,0.0,0.0,0.0,0.0,0.0
50.602,apt_maskon,PARKED,0.0,0.0,0.0,1,0.0,3.587,0.0,0.0,0.0,0.0,0.0,0.0,0.0
50.701,apt_maskon,PARKED,0.0,0.0,0.0,1,0.0,3.587,0.0,0.0,0.0,0.0,0.0,0.0,0.0
50.834,apt_maskon,PARKED,0.0,0.0,0.0,1,0.0,3.553,0.0,0.0,0.0,0.0,0.0,0.0,0.0
50.901,apt_maskon,PARKED,0.0,0.0,0.0,1,0.0,3.58,0.0,0.0,0.0,0.0,0.0,0.0,0.0
51.001,apt_maskon,PARKED,0.0,0.0,0.0,1,0.0,3.58,0.0,0.0,0.0,0.0,0.0,0.0,0.0
51.102,apt_maskon,PARKED,0.0,0.0,0.0,1,0.0,3.557,0.0,0.0,0.0,0.0,0.0,0.0,0.0
51.227,apt_maskon,PARKED,0.0,0.0,0.0,1,0.0,3.602,0.0,0.0,0.0,0.0,0.0,0.0,0.0
51.337,apt_maskon,PARKED,0.0,0.0,0.0,1,0.0,3.548,0.0,0.0,0.0,0.0,0.0,0.0,0.0
51.446,apt_maskon,PARKED,0.0,0.0,0.0,1,0.0,3.548,0.0,0.0,0.0,0.0,0.0,0.0,0.0
51.501,apt_maskon,PARKED,0.0,0.0,0.0,1,0.0,3.548,0.0,0.0,0.0,0.0,0.0,0.0,0.0
51.601,apt_maskon,PARKED,0.0,0.0,0.0,1,0.0,3.548,0.0,0.0,0.0,0.0,0.0,0.0,0.0
51.701,apt_maskon,PARKED,0.0,0.0,0.0,1,0.0,3.548,0.0,0.0,0.0,0.0,0.0,0.0,0.0
51.817,apt_maskon,PARKED,0.0,0.0,0.0,1,0.0,3.616,0.0,0.0,0.0,0.0,0.0,0.0,0.0
51.947,apt_maskon,PARKED,0.0,0.0,0.0,1,0.0,3.616,0.0,0.0,0.0,0.0,0.0,0.0,0.0
52.037,apt_maskon,PARKED,0.0,0.0,0.0,1,0.0,3.552,0.0,0.0,0.0,0.0,0.0,0.0,0.0
52.101,apt_maskon,PARKED,0.0,0.0,0.0,1,0.0,3.552,0.0,0.0,0.0,0.0,0.0,0.0,0.0
52.22,apt_maskon,PARKED,0.0,0.0,0.0,1,0.0,3.576,0.0,0.0,0.0,0.0,0.0,0.0,0.0
52.301,apt_maskon,PARKED,0.0,0.0,0.0,1,0.0,3.576,0.0,0.0,0.0,0.0,0.0,0.0,0.0
52.433,apt_maskon,PARKED,0.0,0.0,0.0,1,0.0,3.624,0.0,0.0,0.0,0.0,0.0,0.0,0.0
52.502,apt_maskon,PARKED,0.0,0.0,0.0,1,0.0,3.624,0.0,0.0,0.0,0.0,0.0,0.0,0.0
52.601,apt_maskon,PARKED,0.0,0.0,0.0,1,0.0,3.598,0.0,0.0,0.0,0.0,0.0,0.0,0.0
52.734,apt_maskon,PARKED,0.0,0.0,0.0,1,0.0,3.595,0.0,0.0,0.0,0.0,0.0,0.0,0.0
52.801,apt_maskon,PARKED,0.0,0.0,0.0,1,0.0,3.601,0.0,0.0,0.0,0.0,0.0,0.0,0.0
52.901,apt_maskon,PARKED,0.0,0.0,0.0,1,0.0,3.601,0.0,0.0,0.0,0.0,0.0,0.0,0.0
53.001,apt_maskon,PARKED,0.0,0.0,0.0,1,0.0,3.601,0.0,0.0,0.0,0.0,0.0,0.0,0.0
53.128,apt_maskon,PARKED,0.0,0.0,0.0,1,0.0,3.594,0.0,0.0,0.0,0.0,0.0,0.0,0.0
53.202,apt_maskon,PARKED,0.0,0.0,0.0,1,0.0,3.589,0.0,0.0,0.0,0.0,0.0,0.0,0.0
53.314,apt_maskon,PARKED,0.0,0.0,0.0,1,0.0,3.589,0.0,0.0,0.0,0.0,0.0,0.0,0.0
53.426,apt_maskon,PARKED,0.0,0.0,0.0,1,0.0,3.589,0.0,0.0,0.0,0.0,0.0,0.0,0.0
53.536,apt_maskon,PARKED,0.0,0.0,0.0,1,0.0,3.583,0.0,0.0,0.0,0.0,0.0,0.0,0.0
53.645,apt_maskon,PARKED,0.0,0.0,0.0,1,0.0,3.576,0.0,0.0,0.0,0.0,0.0,0.0,0.0
53.701,apt_maskon,PARKED,0.0,0.0,0.0,1,0.0,3.576,0.0,0.0,0.0,0.0,0.0,0.0,0.0
53.801,apt_maskon,PARKED,0.0,0.0,0.0,1,0.0,3.576,0.0,0.0,0.0,0.0,0.0,0.0,0.0
53.902,apt_maskon,PARKED,0.0,0.0,0.0,1,0.0,3.576,0.0,0.0,0.0,0.0,0.0,0.0,0.0
54.01,apt_maskon,PARKED,0.0,0.0,0.0,1,0.0,3.554,0.0,0.0,0.0,0.0,0.0,0.0,0.0
54.101,apt_maskon,PARKED,0.0,0.0,0.0,1,0.0,3.554,0.0,0.0,0.0,0.0,0.0,0.0,0.0
54.201,apt_maskon,PARKED,0.0,0.0,0.0,1,0.0,3.528,0.0,0.0,0.0,0.0,0.0,0.0,0.0
54.302,apt_maskon,PARKED,0.0,0.0,0.0,1,0.0,3.528,0.0,0.0,0.0,0.0,0.0,0.0,0.0
54.417,apt_maskon,PARKED,0.0,0.0,0.0,1,0.0,3.57,0.0,0.0,0.0,0.0,0.0,0.0,0.0
54.526,apt_maskon,PARKED,0.0,0.0,0.0,1,0.0,3.578,0.0,0.0,0.0,0.0,0.0,0.0,0.0
54.635,apt_maskon,PARKED,0.0,0.0,0.0,1,0.0,3.578,0.0,0.0,0.0,0.0,0.0,0.0,0.0
54.702,apt_maskon,PARKED,0.0,0.0,0.0,1,0.0,3.578,0.0,0.0,0.0,0.0,0.0,0.0,0.0
54.802,apt_maskon,PARKED,0.0,0.0,0.0,1,0.0,3.578,0.0,0.0,0.0,0.0,0.0,0.0,0.0
54.901,apt_maskon,PARKED,0.0,0.0,0.0,1,0.0,3.578,0.0,0.0,0.0,0.0,0.0,0.0,0.0
55.001,apt_maskon,PARKED,0.0,0.0,0.0,1,0.0,3.591,0.0,0.0,0.0,0.0,0.0,0.0,0.0
55.12,apt_maskon,PARKED,0.0,0.0,0.0,1,0.0,3.562,0.0,0.0,0.0,0.0,0.0,0.0,0.0
55.236,apt_maskon,PARKED,0.0,0.0,0.0,1,0.0,3.549,0.0,0.0,0.0,0.0,0.0,0.0,0.0
55.313,apt_maskon,PARKED,0.0,0.0,0.0,1,0.0,3.549,0.0,0.0,0.0,0.0,0.0,0.0,0.0
55.426,apt_maskon,PARKED,0.0,0.0,0.0,1,0.0,3.564,0.0,0.0,0.0,0.0,0.0,0.0,0.0
55.5,apt_maskon,PARKED,0.0,0.0,0.0,1,0.0,3.58,0.0,0.0,0.0,0.0,0.0,0.0,0.0
55.631,apt_maskon,PARKED,0.0,0.0,0.0,1,0.0,3.58,0.0,0.0,0.0,0.0,0.0,0.0,0.0
55.701,apt_maskon,PARKED,0.0,0.0,0.0,1,0.0,3.58,0.0,0.0,0.0,0.0,0.0,0.0,0.0
55.801,apt_maskon,PARKED,0.0,0.0,0.0,1,0.0,3.534,0.0,0.0,0.0,0.0,0.0,0.0,0.0
55.91,apt_maskon,PARKED,0.0,0.0,0.0,1,0.0,3.559,0.0,0.0,0.0,0.0,0.0,0.0,0.0
56.0,apt_maskon,PARKED,0.0,0.0,0.0,1,0.0,3.559,0.0,0.0,0.0,0.0,0.0,0.0,0.0
56.101,apt_maskon,PARKED,0.0,0.0,0.0,1,0.0,3.566,0.0,0.0,0.0,0.0,0.0,0.0,0.0
56.236,apt_maskon,PARKED,0.0,0.0,0.0,1,0.0,3.594,0.0,0.0,0.0,0.0,0.0,0.0,0.0
56.343,apt_maskon,PARKED,0.0,0.0,0.0,1,0.0,3.555,0.0,0.0,0.0,0.0,0.0,0.0,0.0
56.447,apt_maskon,PARKED,0.0,0.0,0.0,1,0.0,3.555,0.0,0.0,0.0,0.0,0.0,0.0,0.0
56.546,apt_maskon,PARKED,0.0,0.0,0.0,1,0.0,3.555,0.0,0.0,0.0,0.0,0.0,0.0,0.0
56.618,apt_maskon,PARKED,0.0,0.0,0.0,1,0.0,3.555,0.0,0.0,0.0,0.0,0.0,0.0,0.0
56.701,apt_maskon,PARKED,0.0,0.0,0.0,1,0.0,3.593,0.0,0.0,0.0,0.0,0.0,0.0,0.0
56.817,apt_maskon,PARKED,0.0,0.0,0.0,1,0.0,3.583,0.0,0.0,0.0,0.0,0.0,0.0,0.0
56.923,apt_maskon,PARKED,0.0,0.0,0.0,1,0.0,3.583,0.0,0.0,0.0,0.0,0.0,0.0,0.0
57.014,apt_maskon,PARKED,0.0,0.0,0.0,1,0.0,3.583,0.0,0.0,0.0,0.0,0.0,0.0,0.0
57.111,apt_maskon,PARKED,0.0,0.0,0.0,1,0.0,3.551,0.0,0.0,0.0,0.0,0.0,0.0,0.0
57.22,apt_maskon,PARKED,0.0,0.0,0.0,1,0.0,3.559,0.0,0.0,0.0,0.0,0.0,0.0,0.0
57.302,apt_maskon,PARKED,0.0,0.0,0.0,1,0.0,3.584,0.0,0.0,0.0,0.0,0.0,0.0,0.0
57.424,apt_maskon,PARKED,0.0,0.0,0.0,1,0.0,3.571,0.0,0.0,0.0,0.0,0.0,0.0,0.0
57.544,apt_maskon,PARKED,0.0,0.0,0.0,1,0.0,3.571,0.0,0.0,0.0,0.0,0.0,0.0,0.0
57.604,apt_maskon,PARKED,0.0,0.0,0.0,1,0.0,3.567,0.0,0.0,0.0,0.0,0.0,0.0,0.0
57.718,apt_maskon,PARKED,0.0,0.0,0.0,1,0.0,3.603,0.0,0.0,0.0,0.0,0.0,0.0,0.0
57.801,apt_maskon,PARKED,0.0,0.0,0.0,1,0.0,3.603,0.0,0.0,0.0,0.0,0.0,0.0,0.0
57.901,apt_maskon,PARKED,0.0,0.0,0.0,1,0.0,3.603,0.0,0.0,0.0,0.0,0.0,0.0,0.0
58.05,apt_maskon,PARKED,0.0,0.0,0.0,1,0.0,3.605,0.0,0.0,0.0,0.0,0.0,0.0,0.0
58.106,apt_maskon,PARKED,0.0,0.0,0.0,1,0.0,3.605,0.0,0.0,0.0,0.0,0.0,0.0,0.0
58.201,apt_maskon,PARKED,0.0,0.0,0.0,1,0.0,3.577,0.0,0.0,0.0,0.0,0.0,0.0,0.0
58.336,apt_maskon,PARKED,0.0,0.0,0.0,1,0.0,3.629,0.0,0.0,0.0,0.0,0.0,0.0,0.0
58.439,apt_maskon,PARKED,0.0,0.0,0.0,1,0.0,3.629,0.0,0.0,0.0,0.0,0.0,0.0,0.0
58.501,apt_maskon,PARKED,0.0,0.0,0.0,1,0.0,3.578,0.0,0.0,0.0,0.0,0.0,0.0,0.0
58.607,apt_maskon,PARKED,0.0,0.0,0.0,1,0.0,3.593,0.0,0.0,0.0,0.0,0.0,0.0,0.0
58.701,apt_maskon,PARKED,0.0,0.0,0.0,1,0.0,3.593,0.0,0.0,0.0,0.0,0.0,0.0,0.0
58.801,apt_maskon,PARKED,0.0,0.0,0.0,1,0.0,3.592,0.0,0.0,0.0,0.0,0.0,0.0,0.0
58.901,apt_maskon,PARKED,0.0,0.0,0.0,1,0.0,3.592,0.0,0.0,0.0,0.0,0.0,0.0,0.0
59.02,apt_maskon,PARKED,0.0,0.0,0.0,1,0.0,3.572,0.0,0.0,0.0,0.0,0.0,0.0,0.0
59.101,apt_maskon,PARKED,0.0,0.0,0.0,1,0.0,3.576,0.0,0.0,0.0,0.0,0.0,0.0,0.0
59.201,apt_maskon,PARKED,0.0,0.0,0.0,1,0.0,3.576,0.0,0.0,0.0,0.0,0.0,0.0,0.0
59.313,apt_maskon,PARKED,0.0,0.0,0.0,1,0.0,3.584,0.0,0.0,0.0,0.0,0.0,0.0,0.0
59.402,apt_maskon,PARKED,0.0,0.0,0.0,1,0.0,3.584,0.0,0.0,0.0,0.0,0.0,0.0,0.0
59.501,apt_maskon,PARKED,0.0,0.0,0.0,1,0.0,3.584,0.0,0.0,0.0,0.0,0.0,0.0,0.0
59.636,apt_maskon,PARKED,0.0,0.0,0.0,1,0.0,3.595,0.0,0.0,0.0,0.0,0.0,0.0,0.0
59.701,apt_maskon,PARKED,0.0,0.0,0.0,1,0.0,3.585,0.0,0.0,0.0,0.0,0.0,0.0,0.0
59.802,apt_maskon,PARKED,0.0,0.0,0.0,1,0.0,3.558,0.0,0.0,0.0,0.0,0.0,0.0,0.0
59.901,apt_maskon,PARKED,0.0,0.0,0.0,1,0.0,3.581,0.0,0.0,0.0,0.0,0.0,0.0,0.0
60.03,apt_maskon,PARKED,0.0,0.0,0.0,1,0.0,3.6,0.0,0.0,0.0,0.0,0.0,0.0,0.0
60.102,apt_maskon,PARKED,0.0,0.0,0.0,1,0.0,3.6,0.0,0.0,0.0,0.0,0.0,0.0,0.0
60.237,apt_maskon,PARKED,0.0,0.0,0.0,1,0.0,3.586,0.0,0.0,0.0,0.0,0.0,0.0,0.0
60.303,apt_maskon,PARKED,0.0,0.0,0.0,1,0.0,3.586,0.0,0.0,0.0,0.0,0.0,0.0,0.0
60.428,apt_maskon,PARKED,0.0,0.0,0.0,1,0.0,3.574,0.0,0.0,0.0,0.0,0.0,0.0,0.0
60.54,apt_maskon,PARKED,0.0,0.0,0.0,1,0.0,3.543,0.0,0.0,0.0,0.0,0.0,0.0,0.0
60.601,apt_maskon,PARKED,0.0,0.0,0.0,1,0.0,3.555,0.0,0.0,0.0,0.0,0.0,0.0,0.0
60.706,apt_maskon,PARKED,0.0,0.0,0.0,1,0.0,3.555,0.0,0.0,0.0,0.0,0.0,0.0,0.0
60.814,apt_maskon,PARKED,0.0,0.0,0.0,1,0.0,3.568,0.0,0.0,0.0,0.0,0.0,0.0,0.0
60.901,apt_maskon,PARKED,0.0,0.0,0.0,1,0.0,3.568,0.0,0.0,0.0,0.0,0.0,0.0,0.0
61.032,apt_maskon,PARKED,0.0,0.0,0.0,1,0.0,3.58,0.0,0.0,0.0,0.0,0.0,0.0,0.0
61.111,apt_maskon,PARKED,0.0,0.0,0.0,1,0.0,3.58,0.0,0.0,0.0,0.0,0.0,0.0,0.0
61.235,apt_maskon,PARKED,0.0,0.0,0.0,1,0.0,3.58,0.0,0.0,0.0,0.0,0.0,0.0,0.0
61.323,apt_maskon,PARKED,0.0,0.0,0.0,1,0.0,3.585,0.0,0.0,0.0,0.0,0.0,0.0,0.0
61.44,apt_maskon,PARKED,0.0,0.0,0.0,1,0.0,3.581,0.0,0.0,0.0,0.0,0.0,0.0,0.0
61.501,apt_maskon,PARKED,0.0,0.0,0.0,1,0.0,3.557,0.0,0.0,0.0,0.0,0.0,0.0,0.0
61.618,apt_maskon,PARKED,0.0,0.0,0.0,1,0.0,3.557,0.0,0.0,0.0,0.0,0.0,0.0,0.0
61.701,apt_maskon,PARKED,0.0,0.0,0.0,1,0.0,3.557,0.0,0.0,0.0,0.0,0.0,0.0,0.0
61.826,apt_maskon,PARKED,0.0,0.0,0.0,1,0.0,3.574,0.0,0.0,0.0,0.0,0.0,0.0,0.0
61.901,apt_maskon,PARKED,0.0,0.0,0.0,1,0.0,3.574,0.0,0.0,0.0,0.0,0.0,0.0,0.0
62.001,apt_maskon,PARKED,0.0,0.0,0.0,1,0.0,3.574,0.0,0.0,0.0,0.0,0.0,0.0,0.0
62.127,apt_maskon,PARKED,0.0,0.0,0.0,1,0.0,3.583,0.0,0.0,0.0,0.0,0.0,0.0,0.0
62.221,apt_maskon,PARKED,0.0,0.0,0.0,1,0.0,3.583,0.0,0.0,0.0,0.0,0.0,0.0,0.0
62.301,apt_maskon,PARKED,0.0,0.0,0.0,1,0.0,3.583,0.0,0.0,0.0,0.0,0.0,0.0,0.0
62.409,apt_maskon,PARKED,0.0,0.0,0.0,1,0.0,3.573,0.0,0.0,0.0,0.0,0.0,0.0,0.0
62.519,apt_maskon,PARKED,0.0,0.0,0.0,1,0.0,3.567,0.0,0.0,0.0,0.0,0.0,0.0,0.0
62.601,apt_maskon,PARKED,0.0,0.0,0.0,1,0.0,3.567,0.0,0.0,0.0,0.0,0.0,0.0,0.0
62.702,apt_maskon,PARKED,0.0,0.0,0.0,1,0.0,3.547,0.0,0.0,0.0,0.0,0.0,0.0,0.0
62.801,apt_maskon,PARKED,0.0,0.0,0.0,1,0.0,3.571,0.0,0.0,0.0,0.0,0.0,0.0,0.0
62.925,apt_maskon,PARKED,0.0,0.0,0.0,1,0.0,3.562,0.0,0.0,0.0,0.0,0.0,0.0,0.0
63.001,apt_maskon,PARKED,0.0,0.0,0.0,1,0.0,3.562,0.0,0.0,0.0,0.0,0.0,0.0,0.0
63.101,apt_maskon,PARKED,0.0,0.0,0.0,1,0.0,3.562,0.0,0.0,0.0,0.0,0.0,0.0,0.0
63.201,apt_maskon,PARKED,0.0,0.0,0.0,1,0.0,3.562,0.0,0.0,0.0,0.0,0.0,0.0,0.0
63.301,apt_maskon,PARKED,0.0,0.0,0.0,1,0.0,3.562,0.0,0.0,0.0,0.0,0.0,0.0,0.0
63.443,apt_maskon,PARKED,0.0,0.0,0.0,1,0.0,3.574,0.0,0.0,0.0,0.0,0.0,0.0,0.0
63.532,apt_maskon,PARKED,0.0,0.0,0.0,1,0.0,3.574,0.0,0.0,0.0,0.0,0.0,0.0,0.0
63.622,apt_maskon,PARKED,0.0,0.0,0.0,1,0.0,3.574,0.0,0.0,0.0,0.0,0.0,0.0,0.0
63.713,apt_maskon,PARKED,0.0,0.0,0.0,1,0.0,3.605,0.0,0.0,0.0,0.0,0.0,0.0,0.0
63.844,apt_maskon,PARKED,0.0,0.0,0.0,1,0.0,3.582,0.0,0.0,0.0,0.0,0.0,0.0,0.0
63.902,apt_maskon,PARKED,0.0,0.0,0.0,1,0.0,3.586,0.0,0.0,0.0,0.0,0.0,0.0,0.0
64.018,apt_maskon,PARKED,0.0,0.0,0.0,1,0.0,3.586,0.0,0.0,0.0,0.0,0.0,0.0,0.0
64.101,apt_maskon,PARKED,0.0,0.0,0.0,1,0.0,3.586,0.0,0.0,0.0,0.0,0.0,0.0,0.0
64.201,apt_maskon,PARKED,0.0,0.0,0.0,1,0.0,3.586,0.0,0.0,0.0,0.0,0.0,0.0,0.0
64.317,apt_maskon,PARKED,0.0,0.0,0.0,1,0.0,3.536,0.0,0.0,0.0,0.0,0.0,0.0,0.0
64.436,apt_maskon,PARKED,0.0,0.0,0.0,1,0.0,3.536,0.0,0.0,0.0,0.0,0.0,0.0,0.0
64.529,apt_maskon,PARKED,0.0,0.0,0.0,1,0.0,3.596,0.0,0.0,0.0,0.0,0.0,0.0,0.0
64.609,apt_maskon,PARKED,0.0,0.0,0.0,1,0.0,3.596,0.0,0.0,0.0,0.0,0.0,0.0,0.0
64.72,apt_maskon,PARKED,0.0,0.0,0.0,1,0.0,3.6,0.0,0.0,0.0,0.0,0.0,0.0,0.0
64.831,apt_maskon,PARKED,0.0,0.0,0.0,1,0.0,3.591,0.0,0.0,0.0,0.0,0.0,0.0,0.0
64.908,apt_maskon,PARKED,0.0,0.0,0.0,1,0.0,3.591,0.0,0.0,0.0,0.0,0.0,0.0,0.0
65.024,apt_maskon,PARKED,0.0,0.0,0.0,1,0.0,3.591,0.0,0.0,0.0,0.0,0.0,0.0,0.0
65.101,apt_maskon,PARKED,0.0,0.0,0.0,1,0.0,3.591,0.0,0.0,0.0,0.0,0.0,0.0,0.0
65.245,apt_maskon,PARKED,0.0,0.0,0.0,1,0.0,3.584,0.0,0.0,0.0,0.0,0.0,0.0,0.0
65.301,apt_maskon,PARKED,0.0,0.0,0.0,1,0.0,3.584,0.0,0.0,0.0,0.0,0.0,0.0,0.0
65.411,apt_maskon,PARKED,0.0,0.0,0.0,1,0.0,3.584,0.0,0.0,0.0,0.0,0.0,0.0,0.0
65.501,apt_maskon,PARKED,0.0,0.0,0.0,1,0.0,3.584,0.0,0.0,0.0,0.0,0.0,0.0,0.0
65.627,apt_maskon,PARKED,0.0,0.0,0.0,1,0.0,3.61,0.0,0.0,0.0,0.0,0.0,0.0,0.0
65.745,apt_maskon,PARKED,0.0,0.0,0.0,1,0.0,3.608,0.0,0.0,0.0,0.0,0.0,0.0,0.0
65.827,apt_maskon,PARKED,0.0,0.0,0.0,1,0.0,3.608,0.0,0.0,0.0,0.0,0.0,0.0,0.0
65.915,apt_maskon,PARKED,0.0,0.0,0.0,1,0.0,3.608,0.0,0.0,0.0,0.0,0.0,0.0,0.0
66.037,apt_maskon,PARKED,0.0,0.0,0.0,1,0.0,3.581,0.0,0.0,0.0,0.0,0.0,0.0,0.0
66.101,apt_maskon,PARKED,0.0,0.0,0.0,1,0.0,3.557,0.0,0.0,0.0,0.0,0.0,0.0,0.0
66.201,apt_maskon,PARKED,0.0,0.0,0.0,1,0.0,3.557,0.0,0.0,0.0,0.0,0.0,0.0,0.0
66.301,apt_maskon,PARKED,0.0,0.0,0.0,1,0.0,3.557,0.0,0.0,0.0,0.0,0.0,0.0,0.0
66.441,apt_maskon,PARKED,0.0,0.0,0.0,1,0.0,3.584,0.0,0.0,0.0,0.0,0.0,0.0,0.0
66.5,apt_maskon,PARKED,0.0,0.0,0.0,1,0.0,3.584,0.0,0.0,0.0,0.0,0.0,0.0,0.0
66.632,apt_maskon,PARKED,0.0,0.0,0.0,1,0.0,3.566,0.0,0.0,0.0,0.0,0.0,0.0,0.0
66.748,apt_maskon,PARKED,0.0,0.0,0.0,1,0.0,3.566,0.0,0.0,0.0,0.0,0.0,0.0,0.0
66.802,apt_maskon,PARKED,0.0,0.0,0.0,1,0.0,3.565,0.0,0.0,0.0,0.0,0.0,0.0,0.0
66.928,apt_maskon,PARKED,0.0,0.0,0.0,1,0.0,3.586,0.0,0.0,0.0,0.0,0.0,0.0,0.0
67.001,apt_maskon,PARKED,0.0,0.0,0.0,1,0.0,3.58,0.0,0.0,0.0,0.0,0.0,0.0,0.0
67.101,apt_maskon,PARKED,0.0,0.0,0.0,1,0.0,3.58,0.0,0.0,0.0,0.0,0.0,0.0,0.0
67.201,apt_maskon,PARKED,0.0,0.0,0.0,1,0.0,3.58,0.0,0.0,0.0,0.0,0.0,0.0,0.0
67.328,apt_maskon,PARKED,0.0,0.0,0.0,1,0.0,3.602,0.0,0.0,0.0,0.0,0.0,0.0,0.0
67.401,apt_maskon,PARKED,0.0,0.0,0.0,1,0.0,3.599,0.0,0.0,0.0,0.0,0.0,0.0,0.0
67.501,apt_maskon,PARKED,0.0,0.0,0.0,1,0.0,3.599,0.0,0.0,0.0,0.0,0.0,0.0,0.0
67.649,apt_maskon,PARKED,0.0,0.0,0.0,1,0.0,3.584,0.0,0.0,0.0,0.0,0.0,0.0,0.0
67.706,apt_maskon,PARKED,0.0,0.0,0.0,1,0.0,3.604,0.0,0.0,0.0,0.0,0.0,0.0,0.0
67.823,apt_maskon,PARKED,0.0,0.0,0.0,1,0.0,3.587,0.0,0.0,0.0,0.0,0.0,0.0,0.0
67.901,apt_maskon,PARKED,0.0,0.0,0.0,1,0.0,3.587,0.0,0.0,0.0,0.0,0.0,0.0,0.0
68.017,apt_maskon,PARKED,0.0,0.0,0.0,1,0.0,3.587,0.0,0.0,0.0,0.0,0.0,0.0,0.0
68.139,apt_maskon,PARKED,0.0,0.0,0.0,1,0.0,3.581,0.0,0.0,0.0,0.0,0.0,0.0,0.0
68.2,apt_maskon,PARKED,0.0,0.0,0.0,1,0.0,3.581,0.0,0.0,0.0,0.0,0.0,0.0,0.0
68.323,apt_maskon,PARKED,0.0,0.0,0.0,1,0.0,3.545,0.0,0.0,0.0,0.0,0.0,0.0,0.0
68.401,apt_maskon,PARKED,0.0,0.0,0.0,1,0.0,3.545,0.0,0.0,0.0,0.0,0.0,0.0,0.0
68.539,apt_maskon,PARKED,0.0,0.0,0.0,1,0.0,3.534,0.0,0.0,0.0,0.0,0.0,0.0,0.0
68.601,apt_maskon,PARKED,0.0,0.0,0.0,1,0.0,3.552,0.0,0.0,0.0,0.0,0.0,0.0,0.0
68.709,apt_maskon,PARKED,0.0,0.0,0.0,1,0.0,3.558,0.0,0.0,0.0,0.0,0.0,0.0,0.0
68.801,apt_maskon,PARKED,0.0,0.0,0.0,1,0.0,3.572,0.0,0.0,0.0,0.0,0.0,0.0,0.0
68.933,apt_maskon,PARKED,0.0,0.0,0.0,1,0.0,3.572,0.0,0.0,0.0,0.0,0.0,0.0,0.0
69.04,apt_maskon,PARKED,0.0,0.0,0.0,1,0.0,3.567,0.0,0.0,0.0,0.0,0.0,0.0,0.0
69.148,apt_maskon,PARKED,0.0,0.0,0.0,1,0.0,3.603,0.0,0.0,0.0,0.0,0.0,0.0,0.0
69.202,apt_maskon,PARKED,0.0,0.0,0.0,1,0.0,3.603,0.0,0.0,0.0,0.0,0.0,0.0,0.0
69.301,apt_maskon,PARKED,0.0,0.0,0.0,1,0.0,3.603,0.0,0.0,0.0,0.0,0.0,0.0,0.0
69.401,apt_maskon,PARKED,0.0,0.0,0.0,1,0.0,3.603,0.0,0.0,0.0,0.0,0.0,0.0,0.0
69.539,apt_maskon,PARKED,0.0,0.0,0.0,1,0.0,3.569,0.0,0.0,0.0,0.0,0.0,0.0,0.0
69.649,apt_maskon,PARKED,0.0,0.0,0.0,1,0.0,3.6,0.0,0.0,0.0,0.0,0.0,0.0,0.0
69.704,apt_maskon,PARKED,0.0,0.0,0.0,1,0.0,3.619,0.0,0.0,0.0,0.0,0.0,0.0,0.0
69.812,apt_maskon,PARKED,0.0,0.0,0.0,1,0.0,3.619,0.0,0.0,0.0,0.0,0.0,0.0,0.0
69.923,apt_maskon,PARKED,0.0,0.0,0.0,1,0.0,3.619,0.0,0.0,0.0,0.0,0.0,0.0,0.0
70.009,apt_maskon,PARKED,0.0,0.0,0.0,1,0.0,3.612,0.0,0.0,0.0,0.0,0.0,0.0,0.0
70.119,apt_maskon,PARKED,0.0,0.0,0.0,1,0.0,3.578,0.0,0.0,0.0,0.0,0.0,0.0,0.0
70.201,apt_maskon,PARKED,0.0,0.0,0.0,1,0.0,3.581,0.0,0.0,0.0,0.0,0.0,0.0,0.0
70.301,apt_maskon,PARKED,0.0,0.0,0.0,1,0.0,3.581,0.0,0.0,0.0,0.0,0.0,0.0,0.0
70.401,apt_maskon,PARKED,0.0,0.0,0.0,1,0.0,3.596,0.0,0.0,0.0,0.0,0.0,0.0,0.0
70.516,apt_maskon,PARKED,0.0,0.0,0.0,1,0.0,3.586,0.0,0.0,0.0,0.0,0.0,0.0,0.0
70.601,apt_maskon,PARKED,0.0,0.0,0.0,1,0.0,3.586,0.0,0.0,0.0,0.0,0.0,0.0,0.0
70.726,apt_maskon,PARKED,0.0,0.0,0.0,1,0.0,3.582,0.0,0.0,0.0,0.0,0.0,0.0,0.0
70.802,apt_maskon,PARKED,0.0,0.0,0.0,1,0.0,3.564,0.0,0.0,0.0,0.0,0.0,0.0,0.0
70.904,apt_maskon,PARKED,0.0,0.0,0.0,1,0.0,3.555,0.0,0.0,0.0,0.0,0.0,0.0,0.0
71.018,apt_maskon,PARKED,0.0,0.0,0.0,1,0.0,3.54,0.0,0.0,0.0,0.0,0.0,0.0,0.0
71.101,apt_maskon,PARKED,0.0,0.0,0.0,1,0.0,3.54,0.0,0.0,0.0,0.0,0.0,0.0,0.0
71.201,apt_maskon,PARKED,0.0,0.0,0.0,1,0.0,3.576,0.0,0.0,0.0,0.0,0.0,0.0,0.0
71.301,apt_maskon,PARKED,0.0,0.0,0.0,1,0.0,3.576,0.0,0.0,0.0,0.0,0.0,0.0,0.0
71.401,apt_maskon,PARKED,0.0,0.0,0.0,1,0.0,3.576,0.0,0.0,0.0,0.0,0.0,0.0,0.0
71.513,apt_maskon,PARKED,0.0,0.0,0.0,1,0.0,3.587,0.0,0.0,0.0,0.0,0.0,0.0,0.0
71.634,apt_maskon,PARKED,0.0,0.0,0.0,1,0.0,3.587,0.0,0.0,0.0,0.0,0.0,0.0,0.0
71.72,apt_maskon,PARKED,0.0,0.0,0.0,1,0.0,3.587,0.0,0.0,0.0,0.0,0.0,0.0,0.0
71.81,apt_maskon,PARKED,0.0,0.0,0.0,1,0.0,3.599,0.0,0.0,0.0,0.0,0.0,0.0,0.0
71.929,apt_maskon,PARKED,0.0,0.0,0.0,1,0.0,3.585,0.0,0.0,0.0,0.0,0.0,0.0,0.0
72.001,apt_maskon,PARKED,0.0,0.0,0.0,1,0.0,3.585,0.0,0.0,0.0,0.0,0.0,0.0,0.0
72.101,apt_maskon,PARKED,0.0,0.0,0.0,1,0.0,3.585,0.0,0.0,0.0,0.0,0.0,0.0,0.0
72.202,apt_maskon,PARKED,0.0,0.0,0.0,1,0.0,3.571,0.0,0.0,0.0,0.0,0.0,0.0,0.0
72.316,apt_maskon,PARKED,0.0,0.0,0.0,1,0.0,3.579,0.0,0.0,0.0,0.0,0.0,0.0,0.0
72.434,apt_maskon,PARKED,0.0,0.0,0.0,1,0.0,3.563,0.0,0.0,0.0,0.0,0.0,0.0,0.0
72.502,apt_maskon,PARKED,0.0,0.0,0.0,1,0.0,3.563,0.0,0.0,0.0,0.0,0.0,0.0,0.0
72.601,apt_maskon,PARKED,0.0,0.0,0.0,1,0.0,3.57,0.0,0.0,0.0,0.0,0.0,0.0,0.0
72.701,apt_maskon,PARKED,0.0,0.0,0.0,1,0.0,3.554,0.0,0.0,0.0,0.0,0.0,0.0,0.0
72.818,apt_maskon,PARKED,0.0,0.0,0.0,1,0.0,3.589,0.0,0.0,0.0,0.0,0.0,0.0,0.0
72.901,apt_maskon,PARKED,0.0,0.0,0.0,1,0.0,3.589,0.0,0.0,0.0,0.0,0.0,0.0,0.0
73.044,apt_maskon,PARKED,0.0,0.0,0.0,1,0.0,3.572,0.0,0.0,0.0,0.0,0.0,0.0,0.0
73.102,apt_maskon,PARKED,0.0,0.0,0.0,1,0.0,3.572,0.0,0.0,0.0,0.0,0.0,0.0,0.0
73.22,apt_maskon,PARKED,0.0,0.0,0.0,1,0.0,3.576,0.0,0.0,0.0,0.0,0.0,0.0,0.0
73.342,apt_maskon,PARKED,0.0,0.0,0.0,1,0.0,3.599,0.0,0.0,0.0,0.0,0.0,0.0,0.0
73.401,apt_maskon,PARKED,0.0,0.0,0.0,1,0.0,3.599,0.0,0.0,0.0,0.0,0.0,0.0,0.0
73.501,apt_maskon,PARKED,0.0,0.0,0.0,1,0.0,3.599,0.0,0.0,0.0,0.0,0.0,0.0,0.0
73.601,apt_maskon,PARKED,0.0,0.0,0.0,1,0.0,3.599,0.0,0.0,0.0,0.0,0.0,0.0,0.0
73.746,apt_maskon,PARKED,0.0,0.0,0.0,1,0.0,3.574,0.0,0.0,0.0,0.0,0.0,0.0,0.0
73.801,apt_maskon,PARKED,0.0,0.0,0.0,1,0.0,3.574,0.0,0.0,0.0,0.0,0.0,0.0,0.0
73.908,apt_maskon,PARKED,0.0,0.0,0.0,1,0.0,3.572,0.0,0.0,0.0,0.0,0.0,0.0,0.0
74.013,apt_maskon,PARKED,0.0,0.0,0.0,1,0.0,3.557,0.0,0.0,0.0,0.0,0.0,0.0,0.0
74.101,apt_maskon,PARKED,0.0,0.0,0.0,1,0.0,3.593,0.0,0.0,0.0,0.0,0.0,0.0,0.0
74.201,apt_maskon,PARKED,0.0,0.0,0.0,1,0.0,3.593,0.0,0.0,0.0,0.0,0.0,0.0,0.0
74.301,apt_maskon,PARKED,0.0,0.0,0.0,1,0.0,3.593,0.0,0.0,0.0,0.0,0.0,0.0,0.0
74.416,apt_maskon,PARKED,0.0,0.0,0.0,1,0.0,3.608,0.0,0.0,0.0,0.0,0.0,0.0,0.0
74.501,apt_maskon,PARKED,0.0,0.0,0.0,1,0.0,3.608,0.0,0.0,0.0,0.0,0.0,0.0,0.0
74.601,apt_maskon,PARKED,0.0,0.0,0.0,1,0.0,3.608,0.0,0.0,0.0,0.0,0.0,0.0,0.0
74.702,apt_maskon,PARKED,0.0,0.0,0.0,1,0.0,3.58,0.0,0.0,0.0,0.0,0.0,0.0,0.0
74.828,apt_maskon,PARKED,0.0,0.0,0.0,1,0.0,3.58,0.0,0.0,0.0,0.0,0.0,0.0,0.0
74.944,apt_maskon,PARKED,0.0,0.0,0.0,1,0.0,3.563,0.0,0.0,0.0,0.0,0.0,0.0,0.0
75.002,apt_maskon,PARKED,0.0,0.0,0.0,1,0.0,3.595,0.0,0.0,0.0,0.0,0.0,0.0,0.0
75.101,apt_maskon,PARKED,0.0,0.0,0.0,1,0.0,3.595,0.0,0.0,0.0,0.0,0.0,0.0,0.0
75.202,apt_maskon,PARKED,0.0,0.0,0.0,1,0.0,3.595,0.0,0.0,0.0,0.0,0.0,0.0,0.0
75.303,apt_maskon,PARKED,0.0,0.0,0.0,1,0.0,3.595,0.0,0.0,0.0,0.0,0.0,0.0,0.0
75.418,apt_maskon,PARKED,0.0,0.0,0.0,1,0.0,3.558,0.0,0.0,0.0,0.0,0.0,0.0,0.0
75.523,apt_maskon,PARKED,0.0,0.0,0.0,1,0.0,3.587,0.0,0.0,0.0,0.0,0.0,0.0,0.0
75.6,apt_maskon,PARKED,0.0,0.0,0.0,1,0.0,3.587,0.0,0.0,0.0,0.0,0.0,0.0,0.0
75.701,apt_maskon,PARKED,0.0,0.0,0.0,1,0.0,3.587,0.0,0.0,0.0,0.0,0.0,0.0,0.0
75.824,apt_maskon,PARKED,0.0,0.0,0.0,1,0.0,3.614,0.0,0.0,0.0,0.0,0.0,0.0,0.0
75.902,apt_maskon,PARKED,0.0,0.0,0.0,1,0.0,3.614,0.0,0.0,0.0,0.0,0.0,0.0,0.0
76.001,apt_maskon,PARKED,0.0,0.0,0.0,1,0.0,3.617,0.0,0.0,0.0,0.0,0.0,0.0,0.0
76.101,apt_maskon,PARKED,0.0,0.0,0.0,1,0.0,3.617,0.0,0.0,0.0,0.0,0.0,0.0,0.0
76.226,apt_maskon,PARKED,0.0,0.0,0.0,1,0.0,3.582,0.0,0.0,0.0,0.0,0.0,0.0,0.0
76.335,apt_maskon,PARKED,0.0,0.0,0.0,1,0.0,3.527,0.0,0.0,0.0,0.0,0.0,0.0,0.0
76.401,apt_maskon,PARKED,0.0,0.0,0.0,1,0.0,3.527,0.0,0.0,0.0,0.0,0.0,0.0,0.0
76.502,apt_maskon,PARKED,0.0,0.0,0.0,1,0.0,3.563,0.0,0.0,0.0,0.0,0.0,0.0,0.0
76.601,apt_maskon,PARKED,0.0,0.0,0.0,1,0.0,3.563,0.0,0.0,0.0,0.0,0.0,0.0,0.0
76.718,apt_maskon,PARKED,0.0,0.0,0.0,1,0.0,3.574,0.0,0.0,0.0,0.0,0.0,0.0,0.0
76.824,apt_maskon,PARKED,0.0,0.0,0.0,1,0.0,3.583,0.0,0.0,0.0,0.0,0.0,0.0,0.0
76.929,apt_maskon,PARKED,0.0,0.0,0.0,1,0.0,3.576,0.0,0.0,0.0,0.0,0.0,0.0,0.0
77.001,apt_maskon,PARKED,0.0,0.0,0.0,1,0.0,3.577,0.0,0.0,0.0,0.0,0.0,0.0,0.0
77.102,apt_maskon,PARKED,0.0,0.0,0.0,1,0.0,3.577,0.0,0.0,0.0,0.0,0.0,0.0,0.0
77.21,apt_maskon,PARKED,0.0,0.0,0.0,1,0.0,3.591,0.0,0.0,0.0,0.0,0.0,0.0,0.0
77.302,apt_maskon,PARKED,0.0,0.0,0.0,1,0.0,3.591,0.0,0.0,0.0,0.0,0.0,0.0,0.0
77.421,apt_maskon,PARKED,0.0,0.0,0.0,1,0.0,3.569,0.0,0.0,0.0,0.0,0.0,0.0,0.0
77.521,apt_maskon,PARKED,0.0,0.0,0.0,1,0.0,3.569,0.0,0.0,0.0,0.0,0.0,0.0,0.0
77.601,apt_maskon,PARKED,0.0,0.0,0.0,1,0.0,3.597,0.0,0.0,0.0,0.0,0.0,0.0,0.0
77.71,apt_maskon,PARKED,0.0,0.0,0.0,1,0.0,3.58,0.0,0.0,0.0,0.0,0.0,0.0,0.0
77.801,apt_maskon,PARKED,0.0,0.0,0.0,1,0.0,3.58,0.0,0.0,0.0,0.0,0.0,0.0,0.0
77.937,apt_maskon,PARKED,0.0,0.0,0.0,1,0.0,3.597,0.0,0.0,0.0,0.0,0.0,0.0,0.0
78.047,apt_maskon,PARKED,0.0,0.0,0.0,1,0.0,3.561,0.0,0.0,0.0,0.0,0.0,0.0,0.0
78.102,apt_maskon,PARKED,0.0,0.0,0.0,1,0.0,3.557,0.0,0.0,0.0,0.0,0.0,0.0,0.0
78.201,apt_maskon,PARKED,0.0,0.0,0.0,1,0.0,3.575,0.0,0.0,0.0,0.0,0.0,0.0,0.0
78.305,apt_maskon,PARKED,0.0,0.0,0.0,1,0.0,3.575,0.0,0.0,0.0,0.0,0.0,0.0,0.0
78.406,apt_maskon,PARKED,0.0,0.0,0.0,1,0.0,3.575,0.0,0.0,0.0,0.0,0.0,0.0,0.0
78.525,apt_maskon,PARKED,0.0,0.0,0.0,1,0.0,3.563,0.0,0.0,0.0,0.0,0.0,0.0,0.0
78.636,apt_maskon,PARKED,0.0,0.0,0.0,1,0.0,3.563,0.0,0.0,0.0,0.0,0.0,0.0,0.0
78.701,apt_maskon,PARKED,0.0,0.0,0.0,1,0.0,3.563,0.0,0.0,0.0,0.0,0.0,0.0,0.0
78.801,apt_maskon,PARKED,0.0,0.0,0.0,1,0.0,3.563,0.0,0.0,0.0,0.0,0.0,0.0,0.0
78.901,apt_maskon,PARKED,0.0,0.0,0.0,1,0.0,3.563,0.0,0.0,0.0,0.0,0.0,0.0,0.0
79.024,apt_maskon,PARKED,0.0,0.0,0.0,1,0.0,3.571,0.0,0.0,0.0,0.0,0.0,0.0,0.0
79.101,apt_maskon,PARKED,0.0,0.0,0.0,1,0.0,3.571,0.0,0.0,0.0,0.0,0.0,0.0,0.0
79.202,apt_maskon,PARKED,0.0,0.0,0.0,1,0.0,3.563,0.0,0.0,0.0,0.0,0.0,0.0,0.0
79.301,apt_maskon,PARKED,0.0,0.0,0.0,1,0.0,3.563,0.0,0.0,0.0,0.0,0.0,0.0,0.0
79.427,apt_maskon,PARKED,0.0,0.0,0.0,1,0.0,3.545,0.0,0.0,0.0,0.0,0.0,0.0,0.0
79.501,apt_maskon,PARKED,0.0,0.0,0.0,1,0.0,3.545,0.0,0.0,0.0,0.0,0.0,0.0,0.0
79.601,apt_maskon,PARKED,0.0,0.0,0.0,1,0.0,3.546,0.0,0.0,0.0,0.0,0.0,0.0,0.0
79.701,apt_maskon,PARKED,0.0,0.0,0.0,1,0.0,3.546,0.0,0.0,0.0,0.0,0.0,0.0,0.0
79.801,apt_maskon,PARKED,0.0,0.0,0.0,1,0.0,3.559,0.0,0.0,0.0,0.0,0.0,0.0,0.0
79.917,apt_maskon,PARKED,0.0,0.0,0.0,1,0.0,3.587,0.0,0.0,0.0,0.0,0.0,0.0,0.0
80.04,apt_maskon,PARKED,0.0,0.0,0.0,1,0.0,3.577,0.0,0.0,0.0,0.0,0.0,0.0,0.0
80.141,apt_maskon,PARKED,0.0,0.0,0.0,1,0.0,3.577,0.0,0.0,0.0,0.0,0.0,0.0,0.0
80.201,apt_maskon,PARKED,0.0,0.0,0.0,1,0.0,3.577,0.0,0.0,0.0,0.0,0.0,0.0,0.0
80.321,apt_maskon,PARKED,0.0,0.0,0.0,1,0.0,3.605,0.0,0.0,0.0,0.0,0.0,0.0,0.0
80.404,apt_maskon,PARKED,0.0,0.0,0.0,1,0.0,3.605,0.0,0.0,0.0,0.0,0.0,0.0,0.0
80.525,apt_maskon,PARKED,0.0,0.0,0.0,1,0.0,3.553,0.0,0.0,0.0,0.0,0.0,0.0,0.0
80.626,apt_maskon,PARKED,0.0,0.0,0.0,1,0.0,3.553,0.0,0.0,0.0,0.0,0.0,0.0,0.0
80.719,apt_maskon,PARKED,0.0,0.0,0.0,1,0.0,3.582,0.0,0.0,0.0,0.0,0.0,0.0,0.0
80.801,apt_maskon,PARKED,0.0,0.0,0.0,1,0.0,3.558,0.0,0.0,0.0,0.0,0.0,0.0,0.0
80.901,apt_maskon,PARKED,0.0,0.0,0.0,1,0.0,3.568,0.0,0.0,0.0,0.0,0.0,0.0,0.0
81.002,apt_maskon,PARKED,0.0,0.0,0.0,1,0.0,3.572,0.0,0.0,0.0,0.0,0.0,0.0,0.0
81.1,apt_maskon,PARKED,0.0,0.0,0.0,1,0.0,3.572,0.0,0.0,0.0,0.0,0.0,0.0,0.0
81.227,apt_maskon,PARKED,0.0,0.0,0.0,1,0.0,3.588,0.0,0.0,0.0,0.0,0.0,0.0,0.0
81.339,apt_maskon,PARKED,0.0,0.0,0.0,1,0.0,3.587,0.0,0.0,0.0,0.0,0.0,0.0,0.0
81.439,apt_maskon,PARKED,0.0,0.0,0.0,1,0.0,3.587,0.0,0.0,0.0,0.0,0.0,0.0,0.0
81.527,apt_maskon,PARKED,0.0,0.0,0.0,1,0.0,3.593,0.0,0.0,0.0,0.0,0.0,0.0,0.0
81.61,apt_maskon,PARKED,0.0,0.0,0.0,1,0.0,3.593,0.0,0.0,0.0,0.0,0.0,0.0,0.0
81.731,apt_maskon,PARKED,0.0,0.0,0.0,1,0.0,3.589,0.0,0.0,0.0,0.0,0.0,0.0,0.0
81.801,apt_maskon,PARKED,0.0,0.0,0.0,1,0.0,3.571,0.0,0.0,0.0,0.0,0.0,0.0,0.0
81.913,apt_maskon,PARKED,0.0,0.0,0.0,1,0.0,3.576,0.0,0.0,0.0,0.0,0.0,0.0,0.0
82.04,apt_maskon,PARKED,0.0,0.0,0.0,1,0.0,3.576,0.0,0.0,0.0,0.0,0.0,0.0,0.0
82.139,apt_maskon,PARKED,0.0,0.0,0.0,1,0.0,3.576,0.0,0.0,0.0,0.0,0.0,0.0,0.0
82.25,apt_maskon,PARKED,0.0,0.0,0.0,1,0.0,3.592,0.0,0.0,0.0,0.0,0.0,0.0,0.0
82.306,apt_maskon,PARKED,0.0,0.0,0.0,1,0.0,3.592,0.0,0.0,0.0,0.0,0.0,0.0,0.0
82.401,apt_maskon,PARKED,0.0,0.0,0.0,1,0.0,3.604,0.0,0.0,0.0,0.0,0.0,0.0,0.0
82.501,apt_maskon,PARKED,0.0,0.0,0.0,1,0.0,3.604,0.0,0.0,0.0,0.0,0.0,0.0,0.0
82.634,apt_maskon,PARKED,0.0,0.0,0.0,1,0.0,3.604,0.0,0.0,0.0,0.0,0.0,0.0,0.0
82.701,apt_maskon,PARKED,0.0,0.0,0.0,1,0.0,3.614,0.0,0.0,0.0,0.0,0.0,0.0,0.0
82.803,apt_maskon,PARKED,0.0,0.0,0.0,1,0.0,3.609,0.0,0.0,0.0,0.0,0.0,0.0,0.0
82.913,apt_maskon,PARKED,0.0,0.0,0.0,1,0.0,3.613,0.0,0.0,0.0,0.0,0.0,0.0,0.0
83.0,apt_maskon,PARKED,0.0,0.0,0.0,1,0.0,3.613,0.0,0.0,0.0,0.0,0.0,0.0,0.0
83.101,apt_maskon,PARKED,0.0,0.0,0.0,1,0.0,3.619,0.0,0.0,0.0,0.0,0.0,0.0,0.0
83.201,apt_maskon,PARKED,0.0,0.0,0.0,1,0.0,3.619,0.0,0.0,0.0,0.0,0.0,0.0,0.0
83.328,apt_maskon,PARKED,0.0,0.0,0.0,1,0.0,3.561,0.0,0.0,0.0,0.0,0.0,0.0,0.0
83.45,apt_maskon,PARKED,0.0,0.0,0.0,1,0.0,3.569,0.0,0.0,0.0,0.0,0.0,0.0,0.0
83.513,apt_maskon,PARKED,0.0,0.0,0.0,1,0.0,3.591,0.0,0.0,0.0,0.0,0.0,0.0,0.0
83.601,apt_maskon,PARKED,0.0,0.0,0.0,1,0.0,3.591,0.0,0.0,0.0,0.0,0.0,0.0,0.0
83.702,apt_maskon,PARKED,0.0,0.0,0.0,1,0.0,3.642,0.0,0.0,0.0,0.0,0.0,0.0,0.0
83.819,apt_maskon,PARKED,0.0,0.0,0.0,1,0.0,3.638,0.0,0.0,0.0,0.0,0.0,0.0,0.0
83.901,apt_maskon,PARKED,0.0,0.0,0.0,1,0.0,3.638,0.0,0.0,0.0,0.0,0.0,0.0,0.0
84.002,apt_maskon,PARKED,0.0,0.0,0.0,1,0.0,3.638,0.0,0.0,0.0,0.0,0.0,0.0,0.0
84.148,apt_maskon,PARKED,0.0,0.0,0.0,1,0.0,3.586,0.0,0.0,0.0,0.0,0.0,0.0,0.0
84.203,apt_maskon,PARKED,0.0,0.0,0.0,1,0.0,3.568,0.0,0.0,0.0,0.0,0.0,0.0,0.0
84.31,apt_maskon,PARKED,0.0,0.0,0.0,1,0.0,3.568,0.0,0.0,0.0,0.0,0.0,0.0,0.0
84.401,apt_maskon,PARKED,0.0,0.0,0.0,1,0.0,3.575,0.0,0.0,0.0,0.0,0.0,0.0,0.0
84.526,apt_maskon,PARKED,0.0,0.0,0.0,1,0.0,3.602,0.0,0.0,0.0,0.0,0.0,0.0,0.0
84.635,apt_maskon,PARKED,0.0,0.0,0.0,1,0.0,3.566,0.0,0.0,0.0,0.0,0.0,0.0,0.0
84.742,apt_maskon,PARKED,0.0,0.0,0.0,1,0.0,3.593,0.0,0.0,0.0,0.0,0.0,0.0,0.0
84.806,apt_maskon,PARKED,0.0,0.0,0.0,1,0.0,3.573,0.0,0.0,0.0,0.0,0.0,0.0,0.0
84.924,apt_maskon,PARKED,0.0,0.0,0.0,1,0.0,3.573,0.0,0.0,0.0,0.0,0.0,0.0,0.0
85.001,apt_maskon,PARKED,0.0,0.0,0.0,1,0.0,3.573,0.0,0.0,0.0,0.0,0.0,0.0,0.0
85.101,apt_maskon,PARKED,0.0,0.0,0.0,1,0.0,3.589,0.0,0.0,0.0,0.0,0.0,0.0,0.0
85.201,apt_maskon,PARKED,0.0,0.0,0.0,1,0.0,3.566,0.0,0.0,0.0,0.0,0.0,0.0,0.0
85.301,apt_maskon,PARKED,0.0,0.0,0.0,1,0.0,3.566,0.0,0.0,0.0,0.0,0.0,0.0,0.0
85.426,apt_maskon,PARKED,0.0,0.0,0.0,1,0.0,3.566,0.0,0.0,0.0,0.0,0.0,0.0,0.0
85.512,apt_maskon,PARKED,0.0,0.0,0.0,1,0.0,3.601,0.0,0.0,0.0,0.0,0.0,0.0,0.0
85.601,apt_maskon,PARKED,0.0,0.0,0.0,1,0.0,3.623,0.0,0.0,0.0,0.0,0.0,0.0,0.0
85.701,apt_maskon,PARKED,0.0,0.0,0.0,1,0.0,3.623,0.0,0.0,0.0,0.0,0.0,0.0,0.0
85.801,apt_maskon,PARKED,0.0,0.0,0.0,1,0.0,3.623,0.0,0.0,0.0,0.0,0.0,0.0,0.0
85.902,apt_maskon,PARKED,0.0,0.0,0.0,1,0.0,3.574,0.0,0.0,0.0,0.0,0.0,0.0,0.0
86.001,apt_maskon,PARKED,0.0,0.0,0.0,1,0.0,3.574,0.0,0.0,0.0,0.0,0.0,0.0,0.0
86.119,apt_maskon,PARKED,0.0,0.0,0.0,1,0.0,3.562,0.0,0.0,0.0,0.0,0.0,0.0,0.0
86.201,apt_maskon,PARKED,0.0,0.0,0.0,1,0.0,3.562,0.0,0.0,0.0,0.0,0.0,0.0,0.0
86.335,apt_maskon,PARKED,0.0,0.0,0.0,1,0.0,3.558,0.0,0.0,0.0,0.0,0.0,0.0,0.0
86.401,apt_maskon,PARKED,0.0,0.0,0.0,1,0.0,3.558,0.0,0.0,0.0,0.0,0.0,0.0,0.0
86.551,apt_maskon,PARKED,0.0,0.0,0.0,1,0.0,3.577,0.0,0.0,0.0,0.0,0.0,0.0,0.0
86.61,apt_maskon,PARKED,0.0,0.0,0.0,1,0.0,3.577,0.0,0.0,0.0,0.0,0.0,0.0,0.0
86.701,apt_maskon,PARKED,0.0,0.0,0.0,1,0.0,3.577,0.0,0.0,0.0,0.0,0.0,0.0,0.0
86.801,apt_maskon,PARKED,0.0,0.0,0.0,1,0.0,3.569,0.0,0.0,0.0,0.0,0.0,0.0,0.0
86.901,apt_maskon,PARKED,0.0,0.0,0.0,1,0.0,3.569,0.0,0.0,0.0,0.0,0.0,0.0,0.0
87.011,apt_maskon,PARKED,0.0,0.0,0.0,1,0.0,3.538,0.0,0.0,0.0,0.0,0.0,0.0,0.0
87.101,apt_maskon,PARKED,0.0,0.0,0.0,1,0.0,3.538,0.0,0.0,0.0,0.0,0.0,0.0,0.0
87.201,apt_maskon,PARKED,0.0,0.0,0.0,1,0.0,3.538,0.0,0.0,0.0,0.0,0.0,0.0,0.0
87.327,apt_maskon,PARKED,0.0,0.0,0.0,1,0.0,3.568,0.0,0.0,0.0,0.0,0.0,0.0,0.0
87.444,apt_maskon,PARKED,0.0,0.0,0.0,1,0.0,3.594,0.0,0.0,0.0,0.0,0.0,0.0,0.0
87.501,apt_maskon,PARKED,0.0,0.0,0.0,1,0.0,3.594,0.0,0.0,0.0,0.0,0.0,0.0,0.0
87.601,apt_maskon,PARKED,0.0,0.0,0.0,1,0.0,3.592,0.0,0.0,0.0,0.0,0.0,0.0,0.0
87.701,apt_maskon,PARKED,0.0,0.0,0.0,1,0.0,3.582,0.0,0.0,0.0,0.0,0.0,0.0,0.0
87.801,apt_maskon,PARKED,0.0,0.0,0.0,1,0.0,3.579,0.0,0.0,0.0,0.0,0.0,0.0,0.0
87.901,apt_maskon,PARKED,0.0,0.0,0.0,1,0.0,3.574,0.0,0.0,0.0,0.0,0.0,0.0,0.0
88.009,apt_maskon,PARKED,0.0,0.0,0.0,1,0.0,3.574,0.0,0.0,0.0,0.0,0.0,0.0,0.0
88.117,apt_maskon,PARKED,0.0,0.0,0.0,1,0.0,3.564,0.0,0.0,0.0,0.0,0.0,0.0,0.0
88.201,apt_maskon,PARKED,0.0,0.0,0.0,1,0.0,3.564,0.0,0.0,0.0,0.0,0.0,0.0,0.0
88.302,apt_maskon,PARKED,0.0,0.0,0.0,1,0.0,3.564,0.0,0.0,0.0,0.0,0.0,0.0,0.0
88.41,apt_maskon,PARKED,0.0,0.0,0.0,1,0.0,3.544,0.0,0.0,0.0,0.0,0.0,0.0,0.0
88.501,apt_maskon,PARKED,0.0,0.0,0.0,1,0.0,3.549,0.0,0.0,0.0,0.0,0.0,0.0,0.0
88.612,apt_maskon,PARKED,0.0,0.0,0.0,1,0.0,3.549,0.0,0.0,0.0,0.0,0.0,0.0,0.0
88.72,apt_maskon,PARKED,0.0,0.0,0.0,1,0.0,3.549,0.0,0.0,0.0,0.0,0.0,0.0,0.0
88.812,apt_maskon,PARKED,0.0,0.0,0.0,1,0.0,3.538,0.0,0.0,0.0,0.0,0.0,0.0,0.0
88.925,apt_maskon,PARKED,0.0,0.0,0.0,1,0.0,3.585,0.0,0.0,0.0,0.0,0.0,0.0,0.0
89.017,apt_maskon,PARKED,0.0,0.0,0.0,1,0.0,3.585,0.0,0.0,0.0,0.0,0.0,0.0,0.0
89.101,apt_maskon,PARKED,0.0,0.0,0.0,1,0.0,3.585,0.0,0.0,0.0,0.0,0.0,0.0,0.0
89.201,apt_maskon,PARKED,0.0,0.0,0.0,1,0.0,3.585,0.0,0.0,0.0,0.0,0.0,0.0,0.0
89.301,apt_maskon,PARKED,0.0,0.0,0.0,1,0.0,3.585,0.0,0.0,0.0,0.0,0.0,0.0,0.0
89.401,apt_maskon,PARKED,0.0,0.0,0.0,1,0.0,3.591,0.0,0.0,0.0,0.0,0.0,0.0,0.0
89.528,apt_maskon,PARKED,0.0,0.0,0.0,1,0.0,3.591,0.0,0.0,0.0,0.0,0.0,0.0,0.0
89.602,apt_maskon,PARKED,0.0,0.0,0.0,1,0.0,3.591,0.0,0.0,0.0,0.0,0.0,0.0,0.0
89.7,apt_maskon,PARKED,0.0,0.0,0.0,1,0.0,3.565,0.0,0.0,0.0,0.0,0.0,0.0,0.0
89.807,apt_maskon,PARKED,0.0,0.0,0.0,1,0.0,3.565,0.0,0.0,0.0,0.0,0.0,0.0,0.0
89.901,apt_maskon,PARKED,0.0,0.0,0.0,1,0.0,3.565,0.0,0.0,0.0,0.0,0.0,0.0,0.0
90.001,apt_maskon,PARKED,0.0,0.0,0.0,1,0.0,3.571,0.0,0.0,0.0,0.0,0.0,0.0,0.0
90.101,apt_maskon,PARKED,0.0,0.0,0.0,1,0.0,3.571,0.0,0.0,0.0,0.0,0.0,0.0,0.0
90.239,apt_maskon,PARKED,0.0,0.0,0.0,1,0.0,3.598,0.0,0.0,0.0,0.0,0.0,0.0,0.0
90.301,apt_maskon,PARKED,0.0,0.0,0.0,1,0.0,3.598,0.0,0.0,0.0,0.0,0.0,0.0,0.0
90.401,apt_maskon,PARKED,0.0,0.0,0.0,1,0.0,3.598,0.0,0.0,0.0,0.0,0.0,0.0,0.0
90.501,apt_maskon,PARKED,0.0,0.0,0.0,1,0.0,3.598,0.0,0.0,0.0,0.0,0.0,0.0,0.0
90.615,apt_maskon,PARKED,0.0,0.0,0.0,1,0.0,3.589,0.0,0.0,0.0,0.0,0.0,0.0,0.0
90.728,apt_maskon,PARKED,0.0,0.0,0.0,1,0.0,3.581,0.0,0.0,0.0,0.0,0.0,0.0,0.0
90.845,apt_maskon,PARKED,0.0,0.0,0.0,1,0.0,3.581,0.0,0.0,0.0,0.0,0.0,0.0,0.0
90.948,apt_maskon,PARKED,0.0,0.0,0.0,1,0.0,3.581,0.0,0.0,0.0,0.0,0.0,0.0,0.0
91.039,apt_maskon,PARKED,0.0,0.0,0.0,1,0.0,3.597,0.0,0.0,0.0,0.0,0.0,0.0,0.0
91.101,apt_maskon,PARKED,0.0,0.0,0.0,1,0.0,3.577,0.0,0.0,0.0,0.0,0.0,0.0,0.0
91.226,apt_maskon,PARKED,0.0,0.0,0.0,1,0.0,3.573,0.0,0.0,0.0,0.0,0.0,0.0,0.0
91.334,apt_maskon,PARKED,0.0,0.0,0.0,1,0.0,3.573,0.0,0.0,0.0,0.0,0.0,0.0,0.0
91.401,apt_maskon,PARKED,0.0,0.0,0.0,1,0.0,3.573,0.0,0.0,0.0,0.0,0.0,0.0,0.0
91.545,apt_maskon,PARKED,0.0,0.0,0.0,1,0.0,3.587,0.0,0.0,0.0,0.0,0.0,0.0,0.0
91.602,apt_maskon,PARKED,0.0,0.0,0.0,1,0.0,3.587,0.0,0.0,0.0,0.0,0.0,0.0,0.0
91.701,apt_maskon,PARKED,0.0,0.0,0.0,1,0.0,3.576,0.0,0.0,0.0,0.0,0.0,0.0,0.0
91.801,apt_maskon,PARKED,0.0,0.0,0.0,1,0.0,3.576,0.0,0.0,0.0,0.0,0.0,0.0,0.0
91.901,apt_maskon,PARKED,0.0,0.0,0.0,1,0.0,3.565,0.0,0.0,0.0,0.0,0.0,0.0,0.0
92.006,apt_maskon,PARKED,0.0,0.0,0.0,1,0.0,3.552,0.0,0.0,0.0,0.0,0.0,0.0,0.0
92.109,apt_maskon,PARKED,0.0,0.0,0.0,1,0.0,3.552,0.0,0.0,0.0,0.0,0.0,0.0,0.0
92.223,apt_maskon,PARKED,0.0,0.0,0.0,1,0.0,3.557,0.0,0.0,0.0,0.0,0.0,0.0,0.0
92.301,apt_maskon,PARKED,0.0,0.0,0.0,1,0.0,3.578,0.0,0.0,0.0,0.0,0.0,0.0,0.0
92.401,apt_maskon,PARKED,0.0,0.0,0.0,1,0.0,3.578,0.0,0.0,0.0,0.0,0.0,0.0,0.0
92.501,apt_maskon,PARKED,0.0,0.0,0.0,1,0.0,3.578,0.0,0.0,0.0,0.0,0.0,0.0,0.0
92.649,apt_maskon,PARKED,0.0,0.0,0.0,1,0.0,3.58,0.0,0.0,0.0,0.0,0.0,0.0,0.0
92.703,apt_maskon,PARKED,0.0,0.0,0.0,1,0.0,3.58,0.0,0.0,0.0,0.0,0.0,0.0,0.0
92.801,apt_maskon,PARKED,0.0,0.0,0.0,1,0.0,3.59,0.0,0.0,0.0,0.0,0.0,0.0,0.0
92.901,apt_maskon,PARKED,0.0,0.0,0.0,1,0.0,3.59,0.0,0.0,0.0,0.0,0.0,0.0,0.0
93.002,apt_maskon,PARKED,0.0,0.0,0.0,1,0.0,3.59,0.0,0.0,0.0,0.0,0.0,0.0,0.0
93.138,apt_maskon,PARKED,0.0,0.0,0.0,1,0.0,3.593,0.0,0.0,0.0,0.0,0.0,0.0,0.0
93.212,apt_maskon,PARKED,0.0,0.0,0.0,1,0.0,3.593,0.0,0.0,0.0,0.0,0.0,0.0,0.0
93.302,apt_maskon,PARKED,0.0,0.0,0.0,1,0.0,3.593,0.0,0.0,0.0,0.0,0.0,0.0,0.0
93.401,apt_maskon,PARKED,0.0,0.0,0.0,1,0.0,3.598,0.0,0.0,0.0,0.0,0.0,0.0,0.0
93.501,apt_maskon,PARKED,0.0,0.0,0.0,1,0.0,3.606,0.0,0.0,0.0,0.0,0.0,0.0,0.0
93.601,apt_maskon,PARKED,0.0,0.0,0.0,1,0.0,3.606,0.0,0.0,0.0,0.0,0.0,0.0,0.0
93.744,apt_maskon,PARKED,0.0,0.0,0.0,1,0.0,3.608,0.0,0.0,0.0,0.0,0.0,0.0,0.0
93.805,apt_maskon,PARKED,0.0,0.0,0.0,1,0.0,3.628,0.0,0.0,0.0,0.0,0.0,0.0,0.0
93.912,apt_maskon,PARKED,0.0,0.0,0.0,1,0.0,3.628,0.0,0.0,0.0,0.0,0.0,0.0,0.0
94.001,apt_maskon,PARKED,0.0,0.0,0.0,1,0.0,3.628,0.0,0.0,0.0,0.0,0.0,0.0,0.0
94.125,apt_maskon,PARKED,0.0,0.0,0.0,1,0.0,3.619,0.0,0.0,0.0,0.0,0.0,0.0,0.0
94.235,apt_maskon,PARKED,0.0,0.0,0.0,1,0.0,3.584,0.0,0.0,0.0,0.0,0.0,0.0,0.0
94.301,apt_maskon,PARKED,0.0,0.0,0.0,1,0.0,3.584,0.0,0.0,0.0,0.0,0.0,0.0,0.0
94.401,apt_maskon,PARKED,0.0,0.0,0.0,1,0.0,3.584,0.0,0.0,0.0,0.0,0.0,0.0,0.0
94.514,apt_maskon,PARKED,0.0,0.0,0.0,1,0.0,3.586,0.0,0.0,0.0,0.0,0.0,0.0,0.0
94.601,apt_maskon,PARKED,0.0,0.0,0.0,1,0.0,3.573,0.0,0.0,0.0,0.0,0.0,0.0,0.0
94.701,apt_maskon,PARKED,0.0,0.0,0.0,1,0.0,3.573,0.0,0.0,0.0,0.0,0.0,0.0,0.0
94.801,apt_maskon,PARKED,0.0,0.0,0.0,1,0.0,3.595,0.0,0.0,0.0,0.0,0.0,0.0,0.0
94.901,apt_maskon,PARKED,0.0,0.0,0.0,1,0.0,3.595,0.0,0.0,0.0,0.0,0.0,0.0,0.0
95.033,apt_maskon,PARKED,0.0,0.0,0.0,1,0.0,3.544,0.0,0.0,0.0,0.0,0.0,0.0,0.0
95.141,apt_maskon,PARKED,0.0,0.0,0.0,1,0.0,3.57,0.0,0.0,0.0,0.0,0.0,0.0,0.0
95.201,apt_maskon,PARKED,0.0,0.0,0.0,1,0.0,3.57,0.0,0.0,0.0,0.0,0.0,0.0,0.0
95.301,apt_maskon,PARKED,0.0,0.0,0.0,1,0.0,3.57,0.0,0.0,0.0,0.0,0.0,0.0,0.0
95.402,apt_maskon,PARKED,0.0,0.0,0.0,1,0.0,3.57,0.0,0.0,0.0,0.0,0.0,0.0,0.0
95.503,apt_maskon,PARKED,0.0,0.0,0.0,1,0.0,3.572,0.0,0.0,0.0,0.0,0.0,0.0,0.0
95.601,apt_maskon,PARKED,0.0,0.0,0.0,1,0.0,3.572,0.0,0.0,0.0,0.0,0.0,0.0,0.0
95.701,apt_maskon,PARKED,0.0,0.0,0.0,1,0.0,3.572,0.0,0.0,0.0,0.0,0.0,0.0,0.0
95.802,apt_maskon,PARKED,0.0,0.0,0.0,1,0.0,3.572,0.0,0.0,0.0,0.0,0.0,0.0,0.0
95.916,apt_maskon,PARKED,0.0,0.0,0.0,1,0.0,3.548,0.0,0.0,0.0,0.0,0.0,0.0,0.0
96.031,apt_maskon,PARKED,0.0,0.0,0.0,1,0.0,3.554,0.0,0.0,0.0,0.0,0.0,0.0,0.0
96.101,apt_maskon,PARKED,0.0,0.0,0.0,1,0.0,3.554,0.0,0.0,0.0,0.0,0.0,0.0,0.0
96.201,apt_maskon,PARKED,0.0,0.0,0.0,1,0.0,3.554,0.0,0.0,0.0,0.0,0.0,0.0,0.0
96.3,apt_maskon,PARKED,0.0,0.0,0.0,1,0.0,3.554,0.0,0.0,0.0,0.0,0.0,0.0,0.0
96.449,apt_maskon,PARKED,0.0,0.0,0.0,1,0.0,3.576,0.0,0.0,0.0,0.0,0.0,0.0,0.0
96.503,apt_maskon,PARKED,0.0,0.0,0.0,1,0.0,3.571,0.0,0.0,0.0,0.0,0.0,0.0,0.0
96.601,apt_maskon,PARKED,0.0,0.0,0.0,1,0.0,3.571,0.0,0.0,0.0,0.0,0.0,0.0,0.0
96.702,apt_maskon,PARKED,0.0,0.0,0.0,1,0.0,3.61,0.0,0.0,0.0,0.0,0.0,0.0,0.0
96.825,apt_maskon,PARKED,0.0,0.0,0.0,1,0.0,3.58,0.0,0.0,0.0,0.0,0.0,0.0,0.0
96.935,apt_maskon,PARKED,0.0,0.0,0.0,1,0.0,3.599,0.0,0.0,0.0,0.0,0.0,0.0,0.0
97.001,apt_maskon,PARKED,0.0,0.0,0.0,1,0.0,3.599,0.0,0.0,0.0,0.0,0.0,0.0,0.0
97.113,apt_maskon,PARKED,0.0,0.0,0.0,1,0.0,3.599,0.0,0.0,0.0,0.0,0.0,0.0,0.0
97.207,apt_maskon,PARKED,0.0,0.0,0.0,1,0.0,3.599,0.0,0.0,0.0,0.0,0.0,0.0,0.0
97.32,apt_maskon,PARKED,0.0,0.0,0.0,1,0.0,3.606,0.0,0.0,0.0,0.0,0.0,0.0,0.0
97.401,apt_maskon,PARKED,0.0,0.0,0.0,1,0.0,3.553,0.0,0.0,0.0,0.0,0.0,0.0,0.0
97.501,apt_maskon,PARKED,0.0,0.0,0.0,1,0.0,3.553,0.0,0.0,0.0,0.0,0.0,0.0,0.0
97.601,apt_maskon,PARKED,0.0,0.0,0.0,1,0.0,3.553,0.0,0.0,0.0,0.0,0.0,0.0,0.0
97.748,apt_maskon,PARKED,0.0,0.0,0.0,1,0.0,3.632,0.0,0.0,0.0,0.0,0.0,0.0,0.0
97.803,apt_maskon,PARKED,0.0,0.0,0.0,1,0.0,3.632,0.0,0.0,0.0,0.0,0.0,0.0,0.0
97.95,apt_maskon,PARKED,0.0,0.0,0.0,1,0.0,3.57,0.0,0.0,0.0,0.0,0.0,0.0,0.0
98.008,apt_maskon,PARKED,0.0,0.0,0.0,1,0.0,3.59,0.0,0.0,0.0,0.0,0.0,0.0,0.0
98.119,apt_maskon,PARKED,0.0,0.0,0.0,1,0.0,3.59,0.0,0.0,0.0,0.0,0.0,0.0,0.0
98.232,apt_maskon,PARKED,0.0,0.0,0.0,1,0.0,3.612,0.0,0.0,0.0,0.0,0.0,0.0,0.0
98.302,apt_maskon,PARKED,0.0,0.0,0.0,1,0.0,3.612,0.0,0.0,0.0,0.0,0.0,0.0,0.0
98.402,apt_maskon,PARKED,0.0,0.0,0.0,1,0.0,3.576,0.0,0.0,0.0,0.0,0.0,0.0,0.0
98.543,apt_maskon,PARKED,0.0,0.0,0.0,1,0.0,3.576,0.0,0.0,0.0,0.0,0.0,0.0,0.0
98.606,apt_maskon,PARKED,0.0,0.0,0.0,1,0.0,3.599,0.0,0.0,0.0,0.0,0.0,0.0,0.0
98.749,apt_maskon,PARKED,0.0,0.0,0.0,1,0.0,3.606,0.0,0.0,0.0,0.0,0.0,0.0,0.0
98.808,apt_maskon,PARKED,0.0,0.0,0.0,1,0.0,3.565,0.0,0.0,0.0,0.0,0.0,0.0,0.0
98.932,apt_maskon,PARKED,0.0,0.0,0.0,1,0.0,3.565,0.0,0.0,0.0,0.0,0.0,0.0,0.0
99.012,apt_maskon,PARKED,0.0,0.0,0.0,1,0.0,3.583,0.0,0.0,0.0,0.0,0.0,0.0,0.0
99.136,apt_maskon,PARKED,0.0,0.0,0.0,1,0.0,3.59,0.0,0.0,0.0,0.0,0.0,0.0,0.0
99.244,apt_maskon,PARKED,0.0,0.0,0.0,1,0.0,3.575,0.0,0.0,0.0,0.0,0.0,0.0,0.0
99.301,apt_maskon,PARKED,0.0,0.0,0.0,1,0.0,3.577,0.0,0.0,0.0,0.0,0.0,0.0,0.0
99.401,apt_maskon,PARKED,0.0,0.0,0.0,1,0.0,3.577,0.0,0.0,0.0,0.0,0.0,0.0,0.0
99.501,apt_maskon,PARKED,0.0,0.0,0.0,1,0.0,3.596,0.0,0.0,0.0,0.0,0.0,0.0,0.0
99.612,apt_maskon,PARKED,0.0,0.0,0.0,1,0.0,3.61,0.0,0.0,0.0,0.0,0.0,0.0,0.0
99.701,apt_maskon,PARKED,0.0,0.0,0.0,1,0.0,3.632,0.0,0.0,0.0,0.0,0.0,0.0,0.0
99.807,apt_maskon,PARKED,0.0,0.0,0.0,1,0.0,3.597,0.0,0.0,0.0,0.0,0.0,0.0,0.0
99.929,apt_maskon,PARKED,0.0,0.0,0.0,1,0.0,3.597,0.0,0.0,0.0,0.0,0.0,0.0,0.0
100.002,apt_maskon,PARKED,0.0,0.0,0.0,1,0.0,3.602,0.0,0.0,0.0,0.0,0.0,0.0,0.0
100.101,apt_maskon,PARKED,0.0,0.0,0.0,1,0.0,3.602,0.0,0.0,0.0,0.0,0.0,0.0,0.0
100.215,apt_maskon,PARKED,0.0,0.0,0.0,1,0.0,3.588,0.0,0.0,0.0,0.0,0.0,0.0,0.0
100.302,apt_maskon,PARKED,0.0,0.0,0.0,1,0.0,3.557,0.0,0.0,0.0,0.0,0.0,0.0,0.0
100.401,apt_maskon,PARKED,0.0,0.0,0.0,1,0.0,3.557,0.0,0.0,0.0,0.0,0.0,0.0,0.0
100.501,apt_maskon,PARKED,0.0,0.0,0.0,1,0.0,3.557,0.0,0.0,0.0,0.0,0.0,0.0,0.0
100.636,apt_maskon,PARKED,0.0,0.0,0.0,1,0.0,3.581,0.0,0.0,0.0,0.0,0.0,0.0,0.0
100.701,apt_maskon,PARKED,0.0,0.0,0.0,1,0.0,3.581,0.0,0.0,0.0,0.0,0.0,0.0,0.0
100.801,apt_maskon,PARKED,0.0,0.0,0.0,1,0.0,3.581,0.0,0.0,0.0,0.0,0.0,0.0,0.0
100.901,apt_maskon,PARKED,0.0,0.0,0.0,1,0.0,3.581,0.0,0.0,0.0,0.0,0.0,0.0,0.0
101.001,apt_maskon,PARKED,0.0,0.0,0.0,1,0.0,3.581,0.0,0.0,0.0,0.0,0.0,0.0,0.0
101.117,apt_maskon,PARKED,0.0,0.0,0.0,1,0.0,3.597,0.0,0.0,0.0,0.0,0.0,0.0,0.0
101.201,apt_maskon,PARKED,0.0,0.0,0.0,1,0.0,3.559,0.0,0.0,0.0,0.0,0.0,0.0,0.0
101.301,apt_maskon,PARKED,0.0,0.0,0.0,1,0.0,3.559,0.0,0.0,0.0,0.0,0.0,0.0,0.0
101.402,apt_maskon,PARKED,0.0,0.0,0.0,1,0.0,3.559,0.0,0.0,0.0,0.0,0.0,0.0,0.0
101.523,apt_maskon,PARKED,0.0,0.0,0.0,1,0.0,3.562,0.0,0.0,0.0,0.0,0.0,0.0,0.0
101.634,apt_maskon,PARKED,0.0,0.0,0.0,1,0.0,3.551,0.0,0.0,0.0,0.0,0.0,0.0,0.0
101.701,apt_maskon,PARKED,0.0,0.0,0.0,1,0.0,3.551,0.0,0.0,0.0,0.0,0.0,0.0,0.0
101.801,apt_maskon,PARKED,0.0,0.0,0.0,1,0.0,3.551,0.0,0.0,0.0,0.0,0.0,0.0,0.0
101.901,apt_maskon,PARKED,0.0,0.0,0.0,1,0.0,3.551,0.0,0.0,0.0,0.0,0.0,0.0,0.0
102.001,apt_maskon,PARKED,0.0,0.0,0.0,1,0.0,3.551,0.0,0.0,0.0,0.0,0.0,0.0,0.0
102.15,apt_maskon,PARKED,0.0,0.0,0.0,1,0.0,3.549,0.0,0.0,0.0,0.0,0.0,0.0,0.0
102.205,apt_maskon,PARKED,0.0,0.0,0.0,1,0.0,3.578,0.0,0.0,0.0,0.0,0.0,0.0,0.0
102.301,apt_maskon,PARKED,0.0,0.0,0.0,1,0.0,3.578,0.0,0.0,0.0,0.0,0.0,0.0,0.0
102.401,apt_maskon,PARKED,0.0,0.0,0.0,1,0.0,3.578,0.0,0.0,0.0,0.0,0.0,0.0,0.0
102.541,apt_maskon,PARKED,0.0,0.0,0.0,1,0.0,3.548,0.0,0.0,0.0,0.0,0.0,0.0,0.0
102.601,apt_maskon,PARKED,0.0,0.0,0.0,1,0.0,3.569,0.0,0.0,0.0,0.0,0.0,0.0,0.0
102.701,apt_maskon,PARKED,0.0,0.0,0.0,1,0.0,3.569,0.0,0.0,0.0,0.0,0.0,0.0,0.0
102.801,apt_maskon,PARKED,0.0,0.0,0.0,1,0.0,3.591,0.0,0.0,0.0,0.0,0.0,0.0,0.0
102.901,apt_maskon,PARKED,0.0,0.0,0.0,1,0.0,3.591,0.0,0.0,0.0,0.0,0.0,0.0,0.0
103.03,apt_maskon,PARKED,0.0,0.0,0.0,1,0.0,3.647,0.0,0.0,0.0,0.0,0.0,0.0,0.0
103.14,apt_maskon,PARKED,0.0,0.0,0.0,1,0.0,3.622,0.0,0.0,0.0,0.0,0.0,0.0,0.0
103.201,apt_maskon,PARKED,0.0,0.0,0.0,1,0.0,3.622,0.0,0.0,0.0,0.0,0.0,0.0,0.0
103.302,apt_maskon,PARKED,0.0,0.0,0.0,1,0.0,3.622,0.0,0.0,0.0,0.0,0.0,0.0,0.0
103.408,apt_maskon,PARKED,0.0,0.0,0.0,1,0.0,3.582,0.0,0.0,0.0,0.0,0.0,0.0,0.0
103.522,apt_maskon,PARKED,0.0,0.0,0.0,1,0.0,3.59,0.0,0.0,0.0,0.0,0.0,0.0,0.0
103.601,apt_maskon,PARKED,0.0,0.0,0.0,1,0.0,3.61,0.0,0.0,0.0,0.0,0.0,0.0,0.0
103.701,apt_maskon,PARKED,0.0,0.0,0.0,1,0.0,3.61,0.0,0.0,0.0,0.0,0.0,0.0,0.0
103.801,apt_maskon,PARKED,0.0,0.0,0.0,1,0.0,3.61,0.0,0.0,0.0,0.0,0.0,0.0,0.0
103.934,apt_maskon,PARKED,0.0,0.0,0.0,1,0.0,3.583,0.0,0.0,0.0,0.0,0.0,0.0,0.0
104.039,apt_maskon,PARKED,0.0,0.0,0.0,1,0.0,3.57,0.0,0.0,0.0,0.0,0.0,0.0,0.0
104.1,apt_maskon,PARKED,0.0,0.0,0.0,1,0.0,3.57,0.0,0.0,0.0,0.0,0.0,0.0,0.0
104.201,apt_maskon,PARKED,0.0,0.0,0.0,1,0.0,3.57,0.0,0.0,0.0,0.0,0.0,0.0,0.0
104.323,apt_maskon,PARKED,0.0,0.0,0.0,1,0.0,3.561,0.0,0.0,0.0,0.0,0.0,0.0,0.0
104.436,apt_maskon,PARKED,0.0,0.0,0.0,1,0.0,3.548,0.0,0.0,0.0,0.0,0.0,0.0,0.0
104.501,apt_maskon,PARKED,0.0,0.0,0.0,1,0.0,3.548,0.0,0.0,0.0,0.0,0.0,0.0,0.0
104.64,apt_maskon,PARKED,0.0,0.0,0.0,1,0.0,3.596,0.0,0.0,0.0,0.0,0.0,0.0,0.0
104.701,apt_maskon,PARKED,0.0,0.0,0.0,1,0.0,3.596,0.0,0.0,0.0,0.0,0.0,0.0,0.0
104.832,apt_maskon,PARKED,0.0,0.0,0.0,1,0.0,3.57,0.0,0.0,0.0,0.0,0.0,0.0,0.0
104.941,apt_maskon,PARKED,0.0,0.0,0.0,1,0.0,3.566,0.0,0.0,0.0,0.0,0.0,0.0,0.0
105.002,apt_maskon,PARKED,0.0,0.0,0.0,1,0.0,3.566,0.0,0.0,0.0,0.0,0.0,0.0,0.0
105.101,apt_maskon,PARKED,0.0,0.0,0.0,1,0.0,3.566,0.0,0.0,0.0,0.0,0.0,0.0,0.0
105.215,apt_maskon,PARKED,0.0,0.0,0.0,1,0.0,3.584,0.0,0.0,0.0,0.0,0.0,0.0,0.0
105.331,apt_maskon,PARKED,0.0,0.0,0.0,1,0.0,3.58,0.0,0.0,0.0,0.0,0.0,0.0,0.0
105.402,apt_maskon,PARKED,0.0,0.0,0.0,1,0.0,3.569,0.0,0.0,0.0,0.0,0.0,0.0,0.0
105.541,apt_maskon,PARKED,0.0,0.0,0.0,1,0.0,3.569,0.0,0.0,0.0,0.0,0.0,0.0,0.0
105.632,apt_maskon,PARKED,0.0,0.0,0.0,1,0.0,3.569,0.0,0.0,0.0,0.0,0.0,0.0,0.0
105.743,apt_maskon,PARKED,0.0,0.0,0.0,1,0.0,3.587,0.0,0.0,0.0,0.0,0.0,0.0,0.0
105.804,apt_maskon,PARKED,0.0,0.0,0.0,1,0.0,3.587,0.0,0.0,0.0,0.0,0.0,0.0,0.0
105.901,apt_maskon,PARKED,0.0,0.0,0.0,1,0.0,3.587,0.0,0.0,0.0,0.0,0.0,0.0,0.0
106.001,apt_maskon,PARKED,0.0,0.0,0.0,1,0.0,3.587,0.0,0.0,0.0,0.0,0.0,0.0,0.0
106.101,apt_maskon,PARKED,0.0,0.0,0.0,1,0.0,3.587,0.0,0.0,0.0,0.0,0.0,0.0,0.0
106.233,apt_maskon,PARKED,0.0,0.0,0.0,1,0.0,3.556,0.0,0.0,0.0,0.0,0.0,0.0,0.0
106.301,apt_maskon,PARKED,0.0,0.0,0.0,1,0.0,3.556,0.0,0.0,0.0,0.0,0.0,0.0,0.0
106.402,apt_maskon,PARKED,0.0,0.0,0.0,1,0.0,3.521,0.0,0.0,0.0,0.0,0.0,0.0,0.0
106.501,apt_maskon,PARKED,0.0,0.0,0.0,1,0.0,3.521,0.0,0.0,0.0,0.0,0.0,0.0,0.0
106.637,apt_maskon,PARKED,0.0,0.0,0.0,1,0.0,3.555,0.0,0.0,0.0,0.0,0.0,0.0,0.0
106.747,apt_maskon,PARKED,0.0,0.0,0.0,1,0.0,3.562,0.0,0.0,0.0,0.0,0.0,0.0,0.0
106.843,apt_maskon,PARKED,0.0,0.0,0.0,1,0.0,3.562,0.0,0.0,0.0,0.0,0.0,0.0,0.0
106.932,apt_maskon,PARKED,0.0,0.0,0.0,1,0.0,3.567,0.0,0.0,0.0,0.0,0.0,0.0,0.0
107.001,apt_maskon,PARKED,0.0,0.0,0.0,1,0.0,3.567,0.0,0.0,0.0,0.0,0.0,0.0,0.0
107.105,apt_maskon,PARKED,0.0,0.0,0.0,1,0.0,3.572,0.0,0.0,0.0,0.0,0.0,0.0,0.0
107.218,apt_maskon,PARKED,0.0,0.0,0.0,1,0.0,3.582,0.0,0.0,0.0,0.0,0.0,0.0,0.0
107.336,apt_maskon,PARKED,0.0,0.0,0.0,1,0.0,3.582,0.0,0.0,0.0,0.0,0.0,0.0,0.0
107.441,apt_maskon,PARKED,0.0,0.0,0.0,1,0.0,3.606,0.0,0.0,0.0,0.0,0.0,0.0,0.0
107.501,apt_maskon,PARKED,0.0,0.0,0.0,1,0.0,3.568,0.0,0.0,0.0,0.0,0.0,0.0,0.0
107.616,apt_maskon,PARKED,0.0,0.0,0.0,1,0.0,3.562,0.0,0.0,0.0,0.0,0.0,0.0,0.0
107.701,apt_maskon,PARKED,0.0,0.0,0.0,1,0.0,3.562,0.0,0.0,0.0,0.0,0.0,0.0,0.0
107.801,apt_maskon,PARKED,0.0,0.0,0.0,1,0.0,3.562,0.0,0.0,0.0,0.0,0.0,0.0,0.0
107.901,apt_maskon,PARKED,0.0,0.0,0.0,1,0.0,3.545,0.0,0.0,0.0,0.0,0.0,0.0,0.0
108.002,apt_maskon,PARKED,0.0,0.0,0.0,1,0.0,3.583,0.0,0.0,0.0,0.0,0.0,0.0,0.0
108.101,apt_maskon,PARKED,0.0,0.0,0.0,1,0.0,3.583,0.0,0.0,0.0,0.0,0.0,0.0,0.0
108.201,apt_maskon,PARKED,0.0,0.0,0.0,1,0.0,3.583,0.0,0.0,0.0,0.0,0.0,0.0,0.0
108.335,apt_maskon,PARKED,0.0,0.0,0.0,1,0.0,3.603,0.0,0.0,0.0,0.0,0.0,0.0,0.0
108.404,apt_maskon,PARKED,0.0,0.0,0.0,1,0.0,3.604,0.0,0.0,0.0,0.0,0.0,0.0,0.0
108.531,apt_maskon,PARKED,0.0,0.0,0.0,1,0.0,3.575,0.0,0.0,0.0,0.0,0.0,0.0,0.0
108.619,apt_maskon,PARKED,0.0,0.0,0.0,1,0.0,3.575,0.0,0.0,0.0,0.0,0.0,0.0,0.0
108.713,apt_maskon,PARKED,0.0,0.0,0.0,1,0.0,3.575,0.0,0.0,0.0,0.0,0.0,0.0,0.0
108.844,apt_maskon,PARKED,0.0,0.0,0.0,1,0.0,3.614,0.0,0.0,0.0,0.0,0.0,0.0,0.0
108.949,apt_maskon,PARKED,0.0,0.0,0.0,1,0.0,3.626,0.0,0.0,0.0,0.0,0.0,0.0,0.0
109.007,apt_maskon,PARKED,0.0,0.0,0.0,1,0.0,3.626,0.0,0.0,0.0,0.0,0.0,0.0,0.0
109.101,apt_maskon,PARKED,0.0,0.0,0.0,1,0.0,3.626,0.0,0.0,0.0,0.0,0.0,0.0,0.0
109.201,apt_maskon,PARKED,0.0,0.0,0.0,1,0.0,3.626,0.0,0.0,0.0,0.0,0.0,0.0,0.0
109.302,apt_maskon,PARKED,0.0,0.0,0.0,1,0.0,3.581,0.0,0.0,0.0,0.0,0.0,0.0,0.0
109.409,apt_maskon,PARKED,0.0,0.0,0.0,1,0.0,3.61,0.0,0.0,0.0,0.0,0.0,0.0,0.0
109.501,apt_maskon,PARKED,0.0,0.0,0.0,1,0.0,3.584,0.0,0.0,0.0,0.0,0.0,0.0,0.0
109.605,apt_maskon,PARKED,0.0,0.0,0.0,1,0.0,3.584,0.0,0.0,0.0,0.0,0.0,0.0,0.0
109.733,apt_maskon,PARKED,0.0,0.0,0.0,1,0.0,3.608,0.0,0.0,0.0,0.0,0.0,0.0,0.0
109.842,apt_maskon,PARKED,0.0,0.0,0.0,1,0.0,3.621,0.0,0.0,0.0,0.0,0.0,0.0,0.0
109.91,apt_maskon,PARKED,0.0,0.0,0.0,1,0.0,3.621,0.0,0.0,0.0,0.0,0.0,0.0,0.0
110.04,apt_maskon,PARKED,0.0,0.0,0.0,1,0.0,3.621,0.0,0.0,0.0,0.0,0.0,0.0,0.0
110.101,apt_maskon,PARKED,0.0,0.0,0.0,1,0.0,3.621,0.0,0.0,0.0,0.0,0.0,0.0,0.0
110.201,apt_maskon,PARKED,0.0,0.0,0.0,1,0.0,3.621,0.0,0.0,0.0,0.0,0.0,0.0,0.0
110.331,apt_maskon,PARKED,0.0,0.0,0.0,1,0.0,3.602,0.0,0.0,0.0,0.0,0.0,0.0,0.0
110.401,apt_maskon,PARKED,0.0,0.0,0.0,1,0.0,3.602,0.0,0.0,0.0,0.0,0.0,0.0,0.0
110.501,apt_maskon,PARKED,0.0,0.0,0.0,1,0.0,3.582,0.0,0.0,0.0,0.0,0.0,0.0,0.0
110.644,apt_maskon,PARKED,0.0,0.0,0.0,1,0.0,3.59,0.0,0.0,0.0,0.0,0.0,0.0,0.0
110.704,apt_maskon,PARKED,0.0,0.0,0.0,1,0.0,3.572,0.0,0.0,0.0,0.0,0.0,0.0,0.0
110.816,apt_maskon,PARKED,0.0,0.0,0.0,1,0.0,3.587,0.0,0.0,0.0,0.0,0.0,0.0,0.0
110.946,apt_maskon,PARKED,0.0,0.0,0.0,1,0.0,3.574,0.0,0.0,0.0,0.0,0.0,0.0,0.0
111.001,apt_maskon,PARKED,0.0,0.0,0.0,1,0.0,3.574,0.0,0.0,0.0,0.0,0.0,0.0,0.0
111.101,apt_maskon,PARKED,0.0,0.0,0.0,1,0.0,3.574,0.0,0.0,0.0,0.0,0.0,0.0,0.0
111.201,apt_maskon,PARKED,0.0,0.0,0.0,1,0.0,3.574,0.0,0.0,0.0,0.0,0.0,0.0,0.0
111.332,apt_maskon,PARKED,0.0,0.0,0.0,1,0.0,3.554,0.0,0.0,0.0,0.0,0.0,0.0,0.0
111.401,apt_maskon,PARKED,0.0,0.0,0.0,1,0.0,3.552,0.0,0.0,0.0,0.0,0.0,0.0,0.0
111.501,apt_maskon,PARKED,0.0,0.0,0.0,1,0.0,3.552,0.0,0.0,0.0,0.0,0.0,0.0,0.0
111.644,apt_maskon,PARKED,0.0,0.0,0.0,1,0.0,3.57,0.0,0.0,0.0,0.0,0.0,0.0,0.0
111.715,apt_maskon,PARKED,0.0,0.0,0.0,1,0.0,3.57,0.0,0.0,0.0,0.0,0.0,0.0,0.0
111.835,apt_maskon,PARKED,0.0,0.0,0.0,1,0.0,3.572,0.0,0.0,0.0,0.0,0.0,0.0,0.0
111.901,apt_maskon,PARKED,0.0,0.0,0.0,1,0.0,3.559,0.0,0.0,0.0,0.0,0.0,0.0,0.0
112.001,apt_maskon,PARKED,0.0,0.0,0.0,1,0.0,3.559,0.0,0.0,0.0,0.0,0.0,0.0,0.0
112.117,apt_maskon,PARKED,0.0,0.0,0.0,1,0.0,3.575,0.0,0.0,0.0,0.0,0.0,0.0,0.0
112.234,apt_maskon,PARKED,0.0,0.0,0.0,1,0.0,3.542,0.0,0.0,0.0,0.0,0.0,0.0,0.0
112.34,apt_maskon,PARKED,0.0,0.0,0.0,1,0.0,3.574,0.0,0.0,0.0,0.0,0.0,0.0,0.0
112.401,apt_maskon,PARKED,0.0,0.0,0.0,1,0.0,3.574,0.0,0.0,0.0,0.0,0.0,0.0,0.0
112.501,apt_maskon,PARKED,0.0,0.0,0.0,1,0.0,3.574,0.0,0.0,0.0,0.0,0.0,0.0,0.0
112.601,apt_maskon,PARKED,0.0,0.0,0.0,1,0.0,3.589,0.0,0.0,0.0,0.0,0.0,0.0,0.0
112.749,apt_maskon,PARKED,0.0,0.0,0.0,1,0.0,3.555,0.0,0.0,0.0,0.0,0.0,0.0,0.0
112.801,apt_maskon,PARKED,0.0,0.0,0.0,1,0.0,3.555,0.0,0.0,0.0,0.0,0.0,0.0,0.0
112.901,apt_maskon,PARKED,0.0,0.0,0.0,1,0.0,3.555,0.0,0.0,0.0,0.0,0.0,0.0,0.0
113.001,apt_maskon,PARKED,0.0,0.0,0.0,1,0.0,3.555,0.0,0.0,0.0,0.0,0.0,0.0,0.0
113.119,apt_maskon,PARKED,0.0,0.0,0.0,1,0.0,3.532,0.0,0.0,0.0,0.0,0.0,0.0,0.0
113.201,apt_maskon,PARKED,0.0,0.0,0.0,1,0.0,3.532,0.0,0.0,0.0,0.0,0.0,0.0,0.0
113.3,apt_maskon,PARKED,0.0,0.0,0.0,1,0.0,3.532,0.0,0.0,0.0,0.0,0.0,0.0,0.0
113.401,apt_maskon,PARKED,0.0,0.0,0.0,1,0.0,3.532,0.0,0.0,0.0,0.0,0.0,0.0,0.0
113.5,apt_maskon,PARKED,0.0,0.0,0.0,1,0.0,3.556,0.0,0.0,0.0,0.0,0.0,0.0,0.0
113.613,apt_maskon,PARKED,0.0,0.0,0.0,1,0.0,3.547,0.0,0.0,0.0,0.0,0.0,0.0,0.0
113.701,apt_maskon,PARKED,0.0,0.0,0.0,1,0.0,3.547,0.0,0.0,0.0,0.0,0.0,0.0,0.0
113.802,apt_maskon,PARKED,0.0,0.0,0.0,1,0.0,3.547,0.0,0.0,0.0,0.0,0.0,0.0,0.0
113.921,apt_maskon,PARKED,0.0,0.0,0.0,1,0.0,3.575,0.0,0.0,0.0,0.0,0.0,0.0,0.0
114.001,apt_maskon,PARKED,0.0,0.0,0.0,1,0.0,3.583,0.0,0.0,0.0,0.0,0.0,0.0,0.0
114.107,apt_maskon,PARKED,0.0,0.0,0.0,1,0.0,3.583,0.0,0.0,0.0,0.0,0.0,0.0,0.0
114.221,apt_maskon,PARKED,0.0,0.0,0.0,1,0.0,3.564,0.0,0.0,0.0,0.0,0.0,0.0,0.0
114.301,apt_maskon,PARKED,0.0,0.0,0.0,1,0.0,3.564,0.0,0.0,0.0,0.0,0.0,0.0,0.0
114.401,apt_maskon,PARKED,0.0,0.0,0.0,1,0.0,3.564,0.0,0.0,0.0,0.0,0.0,0.0,0.0
114.501,apt_maskon,PARKED,0.0,0.0,0.0,1,0.0,3.564,0.0,0.0,0.0,0.0,0.0,0.0,0.0
114.63,apt_maskon,PARKED,0.0,0.0,0.0,1,0.0,3.574,0.0,0.0,0.0,0.0,0.0,0.0,0.0
114.702,apt_maskon,PARKED,0.0,0.0,0.0,1,0.0,3.586,0.0,0.0,0.0,0.0,0.0,0.0,0.0
114.804,apt_maskon,PARKED,0.0,0.0,0.0,1,0.0,3.586,0.0,0.0,0.0,0.0,0.0,0.0,0.0
114.901,apt_maskon,PARKED,0.0,0.0,0.0,1,0.0,3.586,0.0,0.0,0.0,0.0,0.0,0.0,0.0
115.025,apt_maskon,PARKED,0.0,0.0,0.0,1,0.0,3.591,0.0,0.0,0.0,0.0,0.0,0.0,0.0
115.144,apt_maskon,PARKED,0.0,0.0,0.0,1,0.0,3.588,0.0,0.0,0.0,0.0,0.0,0.0,0.0
115.201,apt_maskon,PARKED,0.0,0.0,0.0,1,0.0,3.588,0.0,0.0,0.0,0.0,0.0,0.0,0.0
115.301,apt_maskon,PARKED,0.0,0.0,0.0,1,0.0,3.588,0.0,0.0,0.0,0.0,0.0,0.0,0.0
115.401,apt_maskon,PARKED,0.0,0.0,0.0,1,0.0,3.588,0.0,0.0,0.0,0.0,0.0,0.0,0.0
115.501,apt_maskon,PARKED,0.0,0.0,0.0,1,0.0,3.588,0.0,0.0,0.0,0.0,0.0,0.0,0.0
115.621,apt_maskon,PARKED,0.0,0.0,0.0,1,0.0,3.615,0.0,0.0,0.0,0.0,0.0,0.0,0.0
115.742,apt_maskon,PARKED,0.0,0.0,0.0,1,0.0,3.611,0.0,0.0,0.0,0.0,0.0,0.0,0.0
115.801,apt_maskon,PARKED,0.0,0.0,0.0,1,0.0,3.611,0.0,0.0,0.0,0.0,0.0,0.0,0.0
115.901,apt_maskon,PARKED,0.0,0.0,0.0,1,0.0,3.606,0.0,0.0,0.0,0.0,0.0,0.0,0.0
116.042,apt_maskon,PARKED,0.0,0.0,0.0,1,0.0,3.606,0.0,0.0,0.0,0.0,0.0,0.0,0.0
116.101,apt_maskon,PARKED,0.0,0.0,0.0,1,0.0,3.579,0.0,0.0,0.0,0.0,0.0,0.0,0.0
116.226,apt_maskon,PARKED,0.0,0.0,0.0,1,0.0,3.547,0.0,0.0,0.0,0.0,0.0,0.0,0.0
116.301,apt_maskon,PARKED,0.0,0.0,0.0,1,0.0,3.547,0.0,0.0,0.0,0.0,0.0,0.0,0.0
116.401,apt_maskon,PARKED,0.0,0.0,0.0,1,0.0,3.547,0.0,0.0,0.0,0.0,0.0,0.0,0.0
116.523,apt_maskon,PARKED,0.0,0.0,0.0,1,0.0,3.551,0.0,0.0,0.0,0.0,0.0,0.0,0.0
116.636,apt_maskon,PARKED,0.0,0.0,0.0,1,0.0,3.604,0.0,0.0,0.0,0.0,0.0,0.0,0.0
116.707,apt_maskon,PARKED,0.0,0.0,0.0,1,0.0,3.604,0.0,0.0,0.0,0.0,0.0,0.0,0.0
116.801,apt_maskon,PARKED,0.0,0.0,0.0,1,0.0,3.604,0.0,0.0,0.0,0.0,0.0,0.0,0.0
116.901,apt_maskon,PARKED,0.0,0.0,0.0,1,0.0,3.589,0.0,0.0,0.0,0.0,0.0,0.0,0.0
117.017,apt_maskon,PARKED,0.0,0.0,0.0,1,0.0,3.522,0.0,0.0,0.0,0.0,0.0,0.0,0.0
117.126,apt_maskon,PARKED,0.0,0.0,0.0,1,0.0,3.589,0.0,0.0,0.0,0.0,0.0,0.0,0.0
117.239,apt_maskon,PARKED,0.0,0.0,0.0,1,0.0,3.589,0.0,0.0,0.0,0.0,0.0,0.0,0.0
117.301,apt_maskon,PARKED,0.0,0.0,0.0,1,0.0,3.589,0.0,0.0,0.0,0.0,0.0,0.0,0.0
117.402,apt_maskon,PARKED,0.0,0.0,0.0,1,0.0,3.589,0.0,0.0,0.0,0.0,0.0,0.0,0.0
117.501,apt_maskon,PARKED,0.0,0.0,0.0,1,0.0,3.589,0.0,0.0,0.0,0.0,0.0,0.0,0.0
117.612,apt_maskon,PARKED,0.0,0.0,0.0,1,0.0,3.587,0.0,0.0,0.0,0.0,0.0,0.0,0.0
117.747,apt_maskon,PARKED,0.0,0.0,0.0,1,0.0,3.587,0.0,0.0,0.0,0.0,0.0,0.0,0.0
117.801,apt_maskon,PARKED,0.0,0.0,0.0,1,0.0,3.587,0.0,0.0,0.0,0.0,0.0,0.0,0.0
117.948,apt_maskon,PARKED,0.0,0.0,0.0,1,0.0,3.569,0.0,0.0,0.0,0.0,0.0,0.0,0.0
118.003,apt_maskon,PARKED,0.0,0.0,0.0,1,0.0,3.555,0.0,0.0,0.0,0.0,0.0,0.0,0.0
118.101,apt_maskon,PARKED,0.0,0.0,0.0,1,0.0,3.555,0.0,0.0,0.0,0.0,0.0,0.0,0.0
118.201,apt_maskon,PARKED,0.0,0.0,0.0,1,0.0,3.555,0.0,0.0,0.0,0.0,0.0,0.0,0.0
118.326,apt_maskon,PARKED,0.0,0.0,0.0,1,0.0,3.562,0.0,0.0,0.0,0.0,0.0,0.0,0.0
118.446,apt_maskon,PARKED,0.0,0.0,0.0,1,0.0,3.585,0.0,0.0,0.0,0.0,0.0,0.0,0.0
118.5,apt_maskon,PARKED,0.0,0.0,0.0,1,0.0,3.585,0.0,0.0,0.0,0.0,0.0,0.0,0.0
118.601,apt_maskon,PARKED,0.0,0.0,0.0,1,0.0,3.585,0.0,0.0,0.0,0.0,0.0,0.0,0.0
118.701,apt_maskon,PARKED,0.0,0.0,0.0,1,0.0,3.585,0.0,0.0,0.0,0.0,0.0,0.0,0.0
118.847,apt_maskon,PARKED,0.0,0.0,0.0,1,0.0,3.596,0.0,0.0,0.0,0.0,0.0,0.0,0.0
118.913,apt_maskon,PARKED,0.0,0.0,0.0,1,0.0,3.596,0.0,0.0,0.0,0.0,0.0,0.0,0.0
119.001,apt_maskon,PARKED,0.0,0.0,0.0,1,0.0,3.596,0.0,0.0,0.0,0.0,0.0,0.0,0.0
119.142,apt_maskon,PARKED,0.0,0.0,0.0,1,0.0,3.593,0.0,0.0,0.0,0.0,0.0,0.0,0.0
119.228,apt_maskon,PARKED,0.0,0.0,0.0,1,0.0,3.593,0.0,0.0,0.0,0.0,0.0,0.0,0.0
119.301,apt_maskon,PARKED,0.0,0.0,0.0,1,0.0,3.593,0.0,0.0,0.0,0.0,0.0,0.0,0.0
119.401,apt_maskon,PARKED,0.0,0.0,0.0,1,0.0,3.593,0.0,0.0,0.0,0.0,0.0,0.0,0.0
119.501,apt_maskon,PARKED,0.0,0.0,0.0,1,0.0,3.593,0.0,0.0,0.0,0.0,0.0,0.0,0.0
119.63,apt_maskon,PARKED,0.0,0.0,0.0,1,0.0,3.57,0.0,0.0,0.0,0.0,0.0,0.0,0.0
119.701,apt_maskon,PARKED,0.0,0.0,0.0,1,0.0,3.57,0.0,0.0,0.0,0.0,0.0,0.0,0.0
119.802,apt_maskon,PARKED,0.0,0.0,0.0,1,0.0,3.559,0.0,0.0,0.0,0.0,0.0,0.0,0.0
119.913,apt_maskon,PARKED,0.0,0.0,0.0,1,0.0,3.559,0.0,0.0,0.0,0.0,0.0,0.0,0.0
120.012,apt_maskon,PARKED,0.0,0.0,0.0,1,0.0,3.559,0.0,0.0,0.0,0.0,0.0,0.0,0.0
120.101,apt_maskon,PARKED,0.0,0.0,0.0,1,0.0,3.606,0.0,0.0,0.0,0.0,0.0,0.0,0.0
120.223,apt_maskon,PARKED,0.0,0.0,0.0,1,0.0,3.584,0.0,0.0,0.0,0.0,0.0,0.0,0.0
120.302,apt_maskon,PARKED,0.0,0.0,0.0,1,0.0,3.571,0.0,0.0,0.0,0.0,0.0,0.0,0.0
120.401,apt_maskon,PARKED,0.0,0.0,0.0,1,0.0,3.571,0.0,0.0,0.0,0.0,0.0,0.0,0.0
120.541,apt_maskon,PARKED,0.0,0.0,0.0,1,0.0,3.594,0.0,0.0,0.0,0.0,0.0,0.0,0.0
120.65,apt_maskon,PARKED,0.0,0.0,0.0,1,0.0,3.554,0.0,0.0,0.0,0.0,0.0,0.0,0.0
120.702,apt_maskon,PARKED,0.0,0.0,0.0,1,0.0,3.554,0.0,0.0,0.0,0.0,0.0,0.0,0.0
120.8,apt_maskon,PARKED,0.0,0.0,0.0,1,0.0,3.554,0.0,0.0,0.0,0.0,0.0,0.0,0.0
120.901,apt_maskon,PARKED,0.0,0.0,0.0,1,0.0,3.554,0.0,0.0,0.0,0.0,0.0,0.0,0.0
121.011,apt_maskon,PARKED,0.0,0.0,0.0,1,0.0,3.555,0.0,0.0,0.0,0.0,0.0,0.0,0.0
121.128,apt_maskon,PARKED,0.0,0.0,0.0,1,0.0,3.565,0.0,0.0,0.0,0.0,0.0,0.0,0.0
121.202,apt_maskon,PARKED,0.0,0.0,0.0,1,0.0,3.571,0.0,0.0,0.0,0.0,0.0,0.0,0.0
121.301,apt_maskon,PARKED,0.0,0.0,0.0,1,0.0,3.571,0.0,0.0,0.0,0.0,0.0,0.0,0.0
121.401,apt_maskon,PARKED,0.0,0.0,0.0,1,0.0,3.571,0.0,0.0,0.0,0.0,0.0,0.0,0.0
121.519,apt_maskon,PARKED,0.0,0.0,0.0,1,0.0,3.577,0.0,0.0,0.0,0.0,0.0,0.0,0.0
121.628,apt_maskon,PARKED,0.0,0.0,0.0,1,0.0,3.588,0.0,0.0,0.0,0.0,0.0,0.0,0.0
121.702,apt_maskon,PARKED,0.0,0.0,0.0,1,0.0,3.588,0.0,0.0,0.0,0.0,0.0,0.0,0.0
121.801,apt_maskon,PARKED,0.0,0.0,0.0,1,0.0,3.588,0.0,0.0,0.0,0.0,0.0,0.0,0.0
121.914,apt_maskon,PARKED,0.0,0.0,0.0,1,0.0,3.606,0.0,0.0,0.0,0.0,0.0,0.0,0.0
122.001,apt_maskon,PARKED,0.0,0.0,0.0,1,0.0,3.606,0.0,0.0,0.0,0.0,0.0,0.0,0.0
122.101,apt_maskon,PARKED,0.0,0.0,0.0,1,0.0,3.593,0.0,0.0,0.0,0.0,0.0,0.0,0.0
122.202,apt_maskon,PARKED,0.0,0.0,0.0,1,0.0,3.583,0.0,0.0,0.0,0.0,0.0,0.0,0.0
122.312,apt_maskon,PARKED,0.0,0.0,0.0,1,0.0,3.567,0.0,0.0,0.0,0.0,0.0,0.0,0.0
122.422,apt_maskon,PARKED,0.0,0.0,0.0,1,0.0,3.578,0.0,0.0,0.0,0.0,0.0,0.0,0.0
122.539,apt_maskon,PARKED,0.0,0.0,0.0,1,0.0,3.565,0.0,0.0,0.0,0.0,0.0,0.0,0.0
122.65,apt_maskon,PARKED,0.0,0.0,0.0,1,0.0,3.565,0.0,0.0,0.0,0.0,0.0,0.0,0.0
122.728,apt_maskon,PARKED,0.0,0.0,0.0,1,0.0,3.565,0.0,0.0,0.0,0.0,0.0,0.0,0.0
122.832,apt_maskon,PARKED,0.0,0.0,0.0,1,0.0,3.581,0.0,0.0,0.0,0.0,0.0,0.0,0.0
122.94,apt_maskon,PARKED,0.0,0.0,0.0,1,0.0,3.56,0.0,0.0,0.0,0.0,0.0,0.0,0.0
123.001,apt_maskon,PARKED,0.0,0.0,0.0,1,0.0,3.56,0.0,0.0,0.0,0.0,0.0,0.0,0.0
123.101,apt_maskon,PARKED,0.0,0.0,0.0,1,0.0,3.56,0.0,0.0,0.0,0.0,0.0,0.0,0.0
123.201,apt_maskon,PARKED,0.0,0.0,0.0,1,0.0,3.56,0.0,0.0,0.0,0.0,0.0,0.0,0.0
123.318,apt_maskon,PARKED,0.0,0.0,0.0,1,0.0,3.568,0.0,0.0,0.0,0.0,0.0,0.0,0.0
123.43,apt_maskon,PARKED,0.0,0.0,0.0,1,0.0,3.566,0.0,0.0,0.0,0.0,0.0,0.0,0.0
123.501,apt_maskon,PARKED,0.0,0.0,0.0,1,0.0,3.566,0.0,0.0,0.0,0.0,0.0,0.0,0.0
123.601,apt_maskon,PARKED,0.0,0.0,0.0,1,0.0,3.566,0.0,0.0,0.0,0.0,0.0,0.0,0.0
123.713,apt_maskon,PARKED,0.0,0.0,0.0,1,0.0,3.577,0.0,0.0,0.0,0.0,0.0,0.0,0.0
123.826,apt_maskon,PARKED,0.0,0.0,0.0,1,0.0,3.559,0.0,0.0,0.0,0.0,0.0,0.0,0.0
123.903,apt_maskon,PARKED,0.0,0.0,0.0,1,0.0,3.569,0.0,0.0,0.0,0.0,0.0,0.0,0.0
124.002,apt_maskon,PARKED,0.0,0.0,0.0,1,0.0,3.569,0.0,0.0,0.0,0.0,0.0,0.0,0.0
124.101,apt_maskon,PARKED,0.0,0.0,0.0,1,0.0,3.569,0.0,0.0,0.0,0.0,0.0,0.0,0.0
124.208,apt_maskon,PARKED,0.0,0.0,0.0,1,0.0,3.569,0.0,0.0,0.0,0.0,0.0,0.0,0.0
124.328,apt_maskon,PARKED,0.0,0.0,0.0,1,0.0,3.547,0.0,0.0,0.0,0.0,0.0,0.0,0.0
124.402,apt_maskon,PARKED,0.0,0.0,0.0,1,0.0,3.547,0.0,0.0,0.0,0.0,0.0,0.0,0.0
124.5,apt_maskon,PARKED,0.0,0.0,0.0,1,0.0,3.578,0.0,0.0,0.0,0.0,0.0,0.0,0.0
124.605,apt_maskon,PARKED,0.0,0.0,0.0,1,0.0,3.59,0.0,0.0,0.0,0.0,0.0,0.0,0.0
124.722,apt_maskon,PARKED,0.0,0.0,0.0,1,0.0,3.575,0.0,0.0,0.0,0.0,0.0,0.0,0.0
124.802,apt_maskon,PARKED,0.0,0.0,0.0,1,0.0,3.565,0.0,0.0,0.0,0.0,0.0,0.0,0.0
124.916,apt_maskon,PARKED,0.0,0.0,0.0,1,0.0,3.565,0.0,0.0,0.0,0.0,0.0,0.0,0.0
125.001,apt_maskon,PARKED,0.0,0.0,0.0,1,0.0,3.565,0.0,0.0,0.0,0.0,0.0,0.0,0.0
125.102,apt_maskon,PARKED,0.0,0.0,0.0,1,0.0,3.565,0.0,0.0,0.0,0.0,0.0,0.0,0.0
125.218,apt_maskon,PARKED,0.0,0.0,0.0,1,0.0,3.535,0.0,0.0,0.0,0.0,0.0,0.0,0.0
125.301,apt_maskon,PARKED,0.0,0.0,0.0,1,0.0,3.535,0.0,0.0,0.0,0.0,0.0,0.0,0.0
125.421,apt_maskon,PARKED,0.0,0.0,0.0,1,0.0,3.577,0.0,0.0,0.0,0.0,0.0,0.0,0.0
125.501,apt_maskon,PARKED,0.0,0.0,0.0,1,0.0,3.565,0.0,0.0,0.0,0.0,0.0,0.0,0.0
125.6,apt_maskon,PARKED,0.0,0.0,0.0,1,0.0,3.565,0.0,0.0,0.0,0.0,0.0,0.0,0.0
125.708,apt_maskon,PARKED,0.0,0.0,0.0,1,0.0,3.565,0.0,0.0,0.0,0.0,0.0,0.0,0.0
125.846,apt_maskon,PARKED,0.0,0.0,0.0,1,0.0,3.576,0.0,0.0,0.0,0.0,0.0,0.0,0.0
125.901,apt_maskon,PARKED,0.0,0.0,0.0,1,0.0,3.576,0.0,0.0,0.0,0.0,0.0,0.0,0.0
126.05,apt_maskon,PARKED,0.0,0.0,0.0,1,0.0,3.547,0.0,0.0,0.0,0.0,0.0,0.0,0.0
126.101,apt_maskon,PARKED,0.0,0.0,0.0,1,0.0,3.547,0.0,0.0,0.0,0.0,0.0,0.0,0.0
126.201,apt_maskon,PARKED,0.0,0.0,0.0,1,0.0,3.547,0.0,0.0,0.0,0.0,0.0,0.0,0.0
126.312,apt_maskon,PARKED,0.0,0.0,0.0,1,0.0,3.605,0.0,0.0,0.0,0.0,0.0,0.0,0.0
126.434,apt_maskon,PARKED,0.0,0.0,0.0,1,0.0,3.604,0.0,0.0,0.0,0.0,0.0,0.0,0.0
126.502,apt_maskon,PARKED,0.0,0.0,0.0,1,0.0,3.604,0.0,0.0,0.0,0.0,0.0,0.0,0.0
126.601,apt_maskon,PARKED,0.0,0.0,0.0,1,0.0,3.604,0.0,0.0,0.0,0.0,0.0,0.0,0.0
126.746,apt_maskon,PARKED,0.0,0.0,0.0,1,0.0,3.577,0.0,0.0,0.0,0.0,0.0,0.0,0.0
126.801,apt_maskon,PARKED,0.0,0.0,0.0,1,0.0,3.577,0.0,0.0,0.0,0.0,0.0,0.0,0.0
126.901,apt_maskon,PARKED,0.0,0.0,0.0,1,0.0,3.559,0.0,0.0,0.0,0.0,0.0,0.0,0.0
127.001,apt_maskon,PARKED,0.0,0.0,0.0,1,0.0,3.559,0.0,0.0,0.0,0.0,0.0,0.0,0.0
127.101,apt_maskon,PARKED,0.0,0.0,0.0,1,0.0,3.52,0.0,0.0,0.0,0.0,0.0,0.0,0.0
127.202,apt_maskon,PARKED,0.0,0.0,0.0,1,0.0,3.52,0.0,0.0,0.0,0.0,0.0,0.0,0.0
127.32,apt_maskon,PARKED,0.0,0.0,0.0,1,0.0,3.578,0.0,0.0,0.0,0.0,0.0,0.0,0.0
127.421,apt_maskon,PARKED,0.0,0.0,0.0,1,0.0,3.578,0.0,0.0,0.0,0.0,0.0,0.0,0.0
127.536,apt_maskon,PARKED,0.0,0.0,0.0,1,0.0,3.578,0.0,0.0,0.0,0.0,0.0,0.0,0.0
127.645,apt_maskon,PARKED,0.0,0.0,0.0,1,0.0,3.556,0.0,0.0,0.0,0.0,0.0,0.0,0.0
127.701,apt_maskon,PARKED,0.0,0.0,0.0,1,0.0,3.541,0.0,0.0,0.0,0.0,0.0,0.0,0.0
127.82,apt_maskon,PARKED,0.0,0.0,0.0,1,0.0,3.614,0.0,0.0,0.0,0.0,0.0,0.0,0.0
127.901,apt_maskon,PARKED,0.0,0.0,0.0,1,0.0,3.614,0.0,0.0,0.0,0.0,0.0,0.0,0.0
128.001,apt_maskon,PARKED,0.0,0.0,0.0,1,0.0,3.614,0.0,0.0,0.0,0.0,0.0,0.0,0.0
128.13,apt_maskon,PARKED,0.0,0.0,0.0,1,0.0,3.566,0.0,0.0,0.0,0.0,0.0,0.0,0.0
128.202,apt_maskon,PARKED,0.0,0.0,0.0,1,0.0,3.566,0.0,0.0,0.0,0.0,0.0,0.0,0.0
128.347,apt_maskon,PARKED,0.0,0.0,0.0,1,0.0,3.584,0.0,0.0,0.0,0.0,0.0,0.0,0.0
128.401,apt_maskon,PARKED,0.0,0.0,0.0,1,0.0,3.584,0.0,0.0,0.0,0.0,0.0,0.0,0.0
128.532,apt_maskon,PARKED,0.0,0.0,0.0,1,0.0,3.584,0.0,0.0,0.0,0.0,0.0,0.0,0.0
128.62,apt_maskon,PARKED,0.0,0.0,0.0,1,0.0,3.564,0.0,0.0,0.0,0.0,0.0,0.0,0.0
128.734,apt_maskon,PARKED,0.0,0.0,0.0,1,0.0,3.557,0.0,0.0,0.0,0.0,0.0,0.0,0.0
128.847,apt_maskon,PARKED,0.0,0.0,0.0,1,0.0,3.553,0.0,0.0,0.0,0.0,0.0,0.0,0.0
128.901,apt_maskon,PARKED,0.0,0.0,0.0,1,0.0,3.553,0.0,0.0,0.0,0.0,0.0,0.0,0.0
129.002,apt_maskon,PARKED,0.0,0.0,0.0,1,0.0,3.553,0.0,0.0,0.0,0.0,0.0,0.0,0.0
129.101,apt_maskon,PARKED,0.0,0.0,0.0,1,0.0,3.586,0.0,0.0,0.0,0.0,0.0,0.0,0.0
129.201,apt_maskon,PARKED,0.0,0.0,0.0,1,0.0,3.586,0.0,0.0,0.0,0.0,0.0,0.0,0.0
129.301,apt_maskon,PARKED,0.0,0.0,0.0,1,0.0,3.586,0.0,0.0,0.0,0.0,0.0,0.0,0.0
129.402,apt_maskon,PARKED,0.0,0.0,0.0,1,0.0,3.586,0.0,0.0,0.0,0.0,0.0,0.0,0.0
129.501,apt_maskon,PARKED,0.0,0.0,0.0,1,0.0,3.586,0.0,0.0,0.0,0.0,0.0,0.0,0.0
129.601,apt_maskon,PARKED,0.0,0.0,0.0,1,0.0,3.595,0.0,0.0,0.0,0.0,0.0,0.0,0.0
129.701,apt_maskon,PARKED,0.0,0.0,0.0,1,0.0,3.577,0.0,0.0,0.0,0.0,0.0,0.0,0.0
129.808,apt_maskon,PARKED,0.0,0.0,0.0,1,0.0,3.574,0.0,0.0,0.0,0.0,0.0,0.0,0.0
129.901,apt_maskon,PARKED,0.0,0.0,0.0,1,0.0,3.583,0.0,0.0,0.0,0.0,0.0,0.0,0.0
130.001,apt_maskon,PARKED,0.0,0.0,0.0,1,0.0,3.583,0.0,0.0,0.0,0.0,0.0,0.0,0.0
130.101,apt_maskon,PARKED,0.0,0.0,0.0,1,0.0,3.57,0.0,0.0,0.0,0.0,0.0,0.0,0.0
130.217,apt_maskon,PARKED,0.0,0.0,0.0,1,0.0,3.567,0.0,0.0,0.0,0.0,0.0,0.0,0.0
130.324,apt_maskon,PARKED,0.0,0.0,0.0,1,0.0,3.59,0.0,0.0,0.0,0.0,0.0,0.0,0.0
130.401,apt_maskon,PARKED,0.0,0.0,0.0,1,0.0,3.59,0.0,0.0,0.0,0.0,0.0,0.0,0.0
130.512,apt_maskon,PARKED,0.0,0.0,0.0,1,0.0,3.575,0.0,0.0,0.0,0.0,0.0,0.0,0.0
130.644,apt_maskon,PARKED,0.0,0.0,0.0,1,0.0,3.58,0.0,0.0,0.0,0.0,0.0,0.0,0.0
130.701,apt_maskon,PARKED,0.0,0.0,0.0,1,0.0,3.581,0.0,0.0,0.0,0.0,0.0,0.0,0.0
130.833,apt_maskon,PARKED,0.0,0.0,0.0,1,0.0,3.57,0.0,0.0,0.0,0.0,0.0,0.0,0.0
130.92,apt_maskon,PARKED,0.0,0.0,0.0,1,0.0,3.57,0.0,0.0,0.0,0.0,0.0,0.0,0.0
131.002,apt_maskon,PARKED,0.0,0.0,0.0,1,0.0,3.554,0.0,0.0,0.0,0.0,0.0,0.0,0.0
131.135,apt_maskon,PARKED,0.0,0.0,0.0,1,0.0,3.541,0.0,0.0,0.0,0.0,0.0,0.0,0.0
131.243,apt_maskon,PARKED,0.0,0.0,0.0,1,0.0,3.554,0.0,0.0,0.0,0.0,0.0,0.0,0.0
131.301,apt_maskon,PARKED,0.0,0.0,0.0,1,0.0,3.554,0.0,0.0,0.0,0.0,0.0,0.0,0.0
131.401,apt_maskon,PARKED,0.0,0.0,0.0,1,0.0,3.554,0.0,0.0,0.0,0.0,0.0,0.0,0.0
131.521,apt_maskon,PARKED,0.0,0.0,0.0,1,0.0,3.558,0.0,0.0,0.0,0.0,0.0,0.0,0.0
131.631,apt_maskon,PARKED,0.0,0.0,0.0,1,0.0,3.581,0.0,0.0,0.0,0.0,0.0,0.0,0.0
131.739,apt_maskon,PARKED,0.0,0.0,0.0,1,0.0,3.591,0.0,0.0,0.0,0.0,0.0,0.0,0.0
131.837,apt_maskon,PARKED,0.0,0.0,0.0,1,0.0,3.591,0.0,0.0,0.0,0.0,0.0,0.0,0.0
131.937,apt_maskon,PARKED,0.0,0.0,0.0,1,0.0,3.616,0.0,0.0,0.0,0.0,0.0,0.0,0.0
132.008,apt_maskon,PARKED,0.0,0.0,0.0,1,0.0,3.601,0.0,0.0,0.0,0.0,0.0,0.0,0.0
132.139,apt_maskon,PARKED,0.0,0.0,0.0,1,0.0,3.616,0.0,0.0,0.0,0.0,0.0,0.0,0.0
132.201,apt_maskon,PARKED,0.0,0.0,0.0,1,0.0,3.583,0.0,0.0,0.0,0.0,0.0,0.0,0.0
132.302,apt_maskon,PARKED,0.0,0.0,0.0,1,0.0,3.583,0.0,0.0,0.0,0.0,0.0,0.0,0.0
132.401,apt_maskon,PARKED,0.0,0.0,0.0,1,0.0,3.583,0.0,0.0,0.0,0.0,0.0,0.0,0.0
132.501,apt_maskon,PARKED,0.0,0.0,0.0,1,0.0,3.583,0.0,0.0,0.0,0.0,0.0,0.0,0.0
132.602,apt_maskon,PARKED,0.0,0.0,0.0,1,0.0,3.567,0.0,0.0,0.0,0.0,0.0,0.0,0.0
132.701,apt_maskon,PARKED,0.0,0.0,0.0,1,0.0,3.567,0.0,0.0,0.0,0.0,0.0,0.0,0.0
132.801,apt_maskon,PARKED,0.0,0.0,0.0,1,0.0,3.567,0.0,0.0,0.0,0.0,0.0,0.0,0.0
132.915,apt_maskon,PARKED,0.0,0.0,0.0,1,0.0,3.581,0.0,0.0,0.0,0.0,0.0,0.0,0.0
133.042,apt_maskon,PARKED,0.0,0.0,0.0,1,0.0,3.57,0.0,0.0,0.0,0.0,0.0,0.0,0.0
133.101,apt_maskon,PARKED,0.0,0.0,0.0,1,0.0,3.572,0.0,0.0,0.0,0.0,0.0,0.0,0.0
133.205,apt_maskon,PARKED,0.0,0.0,0.0,1,0.0,3.572,0.0,0.0,0.0,0.0,0.0,0.0,0.0
133.301,apt_maskon,PARKED,0.0,0.0,0.0,1,0.0,3.585,0.0,0.0,0.0,0.0,0.0,0.0,0.0
133.401,apt_maskon,PARKED,0.0,0.0,0.0,1,0.0,3.585,0.0,0.0,0.0,0.0,0.0,0.0,0.0
133.509,apt_maskon,PARKED,0.0,0.0,0.0,1,0.0,3.576,0.0,0.0,0.0,0.0,0.0,0.0,0.0
133.601,apt_maskon,PARKED,0.0,0.0,0.0,1,0.0,3.586,0.0,0.0,0.0,0.0,0.0,0.0,0.0
133.701,apt_maskon,PARKED,0.0,0.0,0.0,1,0.0,3.586,0.0,0.0,0.0,0.0,0.0,0.0,0.0
133.845,apt_maskon,PARKED,0.0,0.0,0.0,1,0.0,3.606,0.0,0.0,0.0,0.0,0.0,0.0,0.0
133.901,apt_maskon,PARKED,0.0,0.0,0.0,1,0.0,3.585,0.0,0.0,0.0,0.0,0.0,0.0,0.0
134.027,apt_maskon,PARKED,0.0,0.0,0.0,1,0.0,3.604,0.0,0.0,0.0,0.0,0.0,0.0,0.0
134.135,apt_maskon,PARKED,0.0,0.0,0.0,1,0.0,3.604,0.0,0.0,0.0,0.0,0.0,0.0,0.0
134.201,apt_maskon,PARKED,0.0,0.0,0.0,1,0.0,3.604,0.0,0.0,0.0,0.0,0.0,0.0,0.0
134.348,apt_maskon,PARKED,0.0,0.0,0.0,1,0.0,3.564,0.0,0.0,0.0,0.0,0.0,0.0,0.0
134.401,apt_maskon,PARKED,0.0,0.0,0.0,1,0.0,3.564,0.0,0.0,0.0,0.0,0.0,0.0,0.0
134.502,apt_maskon,PARKED,0.0,0.0,0.0,1,0.0,3.602,0.0,0.0,0.0,0.0,0.0,0.0,0.0
134.619,apt_maskon,PARKED,0.0,0.0,0.0,1,0.0,3.602,0.0,0.0,0.0,0.0,0.0,0.0,0.0
134.721,apt_maskon,PARKED,0.0,0.0,0.0,1,0.0,3.583,0.0,0.0,0.0,0.0,0.0,0.0,0.0
134.841,apt_maskon,PARKED,0.0,0.0,0.0,1,0.0,3.54,0.0,0.0,0.0,0.0,0.0,0.0,0.0
134.901,apt_maskon,PARKED,0.0,0.0,0.0,1,0.0,3.54,0.0,0.0,0.0,0.0,0.0,0.0,0.0
135.001,apt_maskon,PARKED,0.0,0.0,0.0,1,0.0,3.54,0.0,0.0,0.0,0.0,0.0,0.0,0.0
135.101,apt_maskon,PARKED,0.0,0.0,0.0,1,0.0,3.53,0.0,0.0,0.0,0.0,0.0,0.0,0.0
135.2,apt_maskon,PARKED,0.0,0.0,0.0,1,0.0,3.569,0.0,0.0,0.0,0.0,0.0,0.0,0.0
135.313,apt_maskon,PARKED,0.0,0.0,0.0,1,0.0,3.594,0.0,0.0,0.0,0.0,0.0,0.0,0.0
135.402,apt_maskon,PARKED,0.0,0.0,0.0,1,0.0,3.594,0.0,0.0,0.0,0.0,0.0,0.0,0.0
135.501,apt_maskon,PARKED,0.0,0.0,0.0,1,0.0,3.594,0.0,0.0,0.0,0.0,0.0,0.0,0.0
135.601,apt_maskon,PARKED,0.0,0.0,0.0,1,0.0,3.594,0.0,0.0,0.0,0.0,0.0,0.0,0.0
135.732,apt_maskon,PARKED,0.0,0.0,0.0,1,0.0,3.567,0.0,0.0,0.0,0.0,0.0,0.0,0.0
135.84,apt_maskon,PARKED,0.0,0.0,0.0,1,0.0,3.584,0.0,0.0,0.0,0.0,0.0,0.0,0.0
135.902,apt_maskon,PARKED,0.0,0.0,0.0,1,0.0,3.584,0.0,0.0,0.0,0.0,0.0,0.0,0.0
136.001,apt_maskon,PARKED,0.0,0.0,0.0,1,0.0,3.584,0.0,0.0,0.0,0.0,0.0,0.0,0.0
136.148,apt_maskon,PARKED,0.0,0.0,0.0,1,0.0,3.556,0.0,0.0,0.0,0.0,0.0,0.0,0.0
136.205,apt_maskon,PARKED,0.0,0.0,0.0,1,0.0,3.573,0.0,0.0,0.0,0.0,0.0,0.0,0.0
136.301,apt_maskon,PARKED,0.0,0.0,0.0,1,0.0,3.586,0.0,0.0,0.0,0.0,0.0,0.0,0.0
136.401,apt_maskon,PARKED,0.0,0.0,0.0,1,0.0,3.586,0.0,0.0,0.0,0.0,0.0,0.0,0.0
136.501,apt_maskon,PARKED,0.0,0.0,0.0,1,0.0,3.586,0.0,0.0,0.0,0.0,0.0,0.0,0.0
136.601,apt_maskon,PARKED,0.0,0.0,0.0,1,0.0,3.586,0.0,0.0,0.0,0.0,0.0,0.0,0.0
136.701,apt_maskon,PARKED,0.0,0.0,0.0,1,0.0,3.546,0.0,0.0,0.0,0.0,0.0,0.0,0.0
136.802,apt_maskon,PARKED,0.0,0.0,0.0,1,0.0,3.584,0.0,0.0,0.0,0.0,0.0,0.0,0.0
136.901,apt_maskon,PARKED,0.0,0.0,0.0,1,0.0,3.584,0.0,0.0,0.0,0.0,0.0,0.0,0.0
137.036,apt_maskon,PARKED,0.0,0.0,0.0,1,0.0,3.621,0.0,0.0,0.0,0.0,0.0,0.0,0.0
137.101,apt_maskon,PARKED,0.0,0.0,0.0,1,0.0,3.572,0.0,0.0,0.0,0.0,0.0,0.0,0.0
137.201,apt_maskon,PARKED,0.0,0.0,0.0,1,0.0,3.572,0.0,0.0,0.0,0.0,0.0,0.0,0.0
137.301,apt_maskon,PARKED,0.0,0.0,0.0,1,0.0,3.594,0.0,0.0,0.0,0.0,0.0,0.0,0.0
137.401,apt_maskon,PARKED,0.0,0.0,0.0,1,0.0,3.594,0.0,0.0,0.0,0.0,0.0,0.0,0.0
137.501,apt_maskon,PARKED,0.0,0.0,0.0,1,0.0,3.594,0.0,0.0,0.0,0.0,0.0,0.0,0.0
137.601,apt_maskon,PARKED,0.0,0.0,0.0,1,0.0,3.558,0.0,0.0,0.0,0.0,0.0,0.0,0.0
137.748,apt_maskon,PARKED,0.0,0.0,0.0,1,0.0,3.572,0.0,0.0,0.0,0.0,0.0,0.0,0.0
137.802,apt_maskon,PARKED,0.0,0.0,0.0,1,0.0,3.572,0.0,0.0,0.0,0.0,0.0,0.0,0.0
137.901,apt_maskon,PARKED,0.0,0.0,0.0,1,0.0,3.579,0.0,0.0,0.0,0.0,0.0,0.0,0.0
138.018,apt_maskon,PARKED,0.0,0.0,0.0,1,0.0,3.578,0.0,0.0,0.0,0.0,0.0,0.0,0.0
138.102,apt_maskon,PARKED,0.0,0.0,0.0,1,0.0,3.578,0.0,0.0,0.0,0.0,0.0,0.0,0.0
138.201,apt_maskon,PARKED,0.0,0.0,0.0,1,0.0,3.581,0.0,0.0,0.0,0.0,0.0,0.0,0.0
138.333,apt_maskon,PARKED,0.0,0.0,0.0,1,0.0,3.594,0.0,0.0,0.0,0.0,0.0,0.0,0.0
138.442,apt_maskon,PARKED,0.0,0.0,0.0,1,0.0,3.58,0.0,0.0,0.0,0.0,0.0,0.0,0.0
138.502,apt_maskon,PARKED,0.0,0.0,0.0,1,0.0,3.58,0.0,0.0,0.0,0.0,0.0,0.0,0.0
138.601,apt_maskon,PARKED,0.0,0.0,0.0,1,0.0,3.58,0.0,0.0,0.0,0.0,0.0,0.0,0.0
138.701,apt_maskon,PARKED,0.0,0.0,0.0,1,0.0,3.58,0.0,0.0,0.0,0.0,0.0,0.0,0.0
138.811,apt_maskon,PARKED,0.0,0.0,0.0,1,0.0,3.564,0.0,0.0,0.0,0.0,0.0,0.0,0.0
138.921,apt_maskon,PARKED,0.0,0.0,0.0,1,0.0,3.565,0.0,0.0,0.0,0.0,0.0,0.0,0.0
139.03,apt_maskon,PARKED,0.0,0.0,0.0,1,0.0,3.543,0.0,0.0,0.0,0.0,0.0,0.0,0.0
139.134,apt_maskon,PARKED,0.0,0.0,0.0,1,0.0,3.564,0.0,0.0,0.0,0.0,0.0,0.0,0.0
139.202,apt_maskon,PARKED,0.0,0.0,0.0,1,0.0,3.564,0.0,0.0,0.0,0.0,0.0,0.0,0.0
139.307,apt_maskon,PARKED,0.0,0.0,0.0,1,0.0,3.606,0.0,0.0,0.0,0.0,0.0,0.0,0.0
139.423,apt_maskon,PARKED,0.0,0.0,0.0,1,0.0,3.623,0.0,0.0,0.0,0.0,0.0,0.0,0.0
139.546,apt_maskon,PARKED,0.0,0.0,0.0,1,0.0,3.623,0.0,0.0,0.0,0.0,0.0,0.0,0.0
139.601,apt_maskon,PARKED,0.0,0.0,0.0,1,0.0,3.623,0.0,0.0,0.0,0.0,0.0,0.0,0.0
139.702,apt_maskon,PARKED,0.0,0.0,0.0,1,0.0,3.623,0.0,0.0,0.0,0.0,0.0,0.0,0.0
139.802,apt_maskon,PARKED,0.0,0.0,0.0,1,0.0,3.587,0.0,0.0,0.0,0.0,0.0,0.0,0.0
139.921,apt_maskon,PARKED,0.0,0.0,0.0,1,0.0,3.559,0.0,0.0,0.0,0.0,0.0,0.0,0.0
140.025,apt_maskon,PARKED,0.0,0.0,0.0,1,0.0,3.559,0.0,0.0,0.0,0.0,0.0,0.0,0.0
140.15,apt_maskon,PARKED,0.0,0.0,0.0,1,0.0,3.594,0.0,0.0,0.0,0.0,0.0,0.0,0.0
140.206,apt_maskon,PARKED,0.0,0.0,0.0,1,0.0,3.534,0.0,0.0,0.0,0.0,0.0,0.0,0.0
140.32,apt_maskon,PARKED,0.0,0.0,0.0,1,0.0,3.565,0.0,0.0,0.0,0.0,0.0,0.0,0.0
140.402,apt_maskon,PARKED,0.0,0.0,0.0,1,0.0,3.571,0.0,0.0,0.0,0.0,0.0,0.0,0.0
140.502,apt_maskon,PARKED,0.0,0.0,0.0,1,0.0,3.571,0.0,0.0,0.0,0.0,0.0,0.0,0.0
140.603,apt_maskon,PARKED,0.0,0.0,0.0,1,0.0,3.582,0.0,0.0,0.0,0.0,0.0,0.0,0.0
140.747,apt_maskon,PARKED,0.0,0.0,0.0,1,0.0,3.547,0.0,0.0,0.0,0.0,0.0,0.0,0.0
140.801,apt_maskon,PARKED,0.0,0.0,0.0,1,0.0,3.547,0.0,0.0,0.0,0.0,0.0,0.0,0.0
140.923,apt_maskon,PARKED,0.0,0.0,0.0,1,0.0,3.575,0.0,0.0,0.0,0.0,0.0,0.0,0.0
141.032,apt_maskon,PARKED,0.0,0.0,0.0,1,0.0,3.592,0.0,0.0,0.0,0.0,0.0,0.0,0.0
141.102,apt_maskon,PARKED,0.0,0.0,0.0,1,0.0,3.584,0.0,0.0,0.0,0.0,0.0,0.0,0.0
141.215,apt_maskon,PARKED,0.0,0.0,0.0,1,0.0,3.595,0.0,0.0,0.0,0.0,0.0,0.0,0.0
141.319,apt_maskon,PARKED,0.0,0.0,0.0,1,0.0,3.605,0.0,0.0,0.0,0.0,0.0,0.0,0.0
141.416,apt_maskon,PARKED,0.0,0.0,0.0,1,0.0,3.605,0.0,0.0,0.0,0.0,0.0,0.0,0.0
141.508,apt_maskon,PARKED,0.0,0.0,0.0,1,0.0,3.604,0.0,0.0,0.0,0.0,0.0,0.0,0.0
141.621,apt_maskon,PARKED,0.0,0.0,0.0,1,0.0,3.6,0.0,0.0,0.0,0.0,0.0,0.0,0.0
141.701,apt_maskon,PARKED,0.0,0.0,0.0,1,0.0,3.6,0.0,0.0,0.0,0.0,0.0,0.0,0.0
141.801,apt_maskon,PARKED,0.0,0.0,0.0,1,0.0,3.6,0.0,0.0,0.0,0.0,0.0,0.0,0.0
141.902,apt_maskon,PARKED,0.0,0.0,0.0,1,0.0,3.611,0.0,0.0,0.0,0.0,0.0,0.0,0.0
142.001,apt_maskon,PARKED,0.0,0.0,0.0,1,0.0,3.569,0.0,0.0,0.0,0.0,0.0,0.0,0.0
142.102,apt_maskon,PARKED,0.0,0.0,0.0,1,0.0,3.569,0.0,0.0,0.0,0.0,0.0,0.0,0.0
142.211,apt_maskon,PARKED,0.0,0.0,0.0,1,0.0,3.567,0.0,0.0,0.0,0.0,0.0,0.0,0.0
142.32,apt_maskon,PARKED,0.0,0.0,0.0,1,0.0,3.622,0.0,0.0,0.0,0.0,0.0,0.0,0.0
142.401,apt_maskon,PARKED,0.0,0.0,0.0,1,0.0,3.622,0.0,0.0,0.0,0.0,0.0,0.0,0.0
142.502,apt_maskon,PARKED,0.0,0.0,0.0,1,0.0,3.622,0.0,0.0,0.0,0.0,0.0,0.0,0.0
142.627,apt_maskon,PARKED,0.0,0.0,0.0,1,0.0,3.617,0.0,0.0,0.0,0.0,0.0,0.0,0.0
142.701,apt_maskon,PARKED,0.0,0.0,0.0,1,0.0,3.617,0.0,0.0,0.0,0.0,0.0,0.0,0.0
142.801,apt_maskon,PARKED,0.0,0.0,0.0,1,0.0,3.583,0.0,0.0,0.0,0.0,0.0,0.0,0.0
142.91,apt_maskon,PARKED,0.0,0.0,0.0,1,0.0,3.565,0.0,0.0,0.0,0.0,0.0,0.0,0.0
143.017,apt_maskon,PARKED,0.0,0.0,0.0,1,0.0,3.552,0.0,0.0,0.0,0.0,0.0,0.0,0.0
143.101,apt_maskon,PARKED,0.0,0.0,0.0,1,0.0,3.552,0.0,0.0,0.0,0.0,0.0,0.0,0.0
143.201,apt_maskon,PARKED,0.0,0.0,0.0,1,0.0,3.552,0.0,0.0,0.0,0.0,0.0,0.0,0.0
143.336,apt_maskon,PARKED,0.0,0.0,0.0,1,0.0,3.586,0.0,0.0,0.0,0.0,0.0,0.0,0.0
143.447,apt_maskon,PARKED,0.0,0.0,0.0,1,0.0,3.578,0.0,0.0,0.0,0.0,0.0,0.0,0.0
143.506,apt_maskon,PARKED,0.0,0.0,0.0,1,0.0,3.587,0.0,0.0,0.0,0.0,0.0,0.0,0.0
143.601,apt_maskon,PARKED,0.0,0.0,0.0,1,0.0,3.587,0.0,0.0,0.0,0.0,0.0,0.0,0.0
143.701,apt_maskon,PARKED,0.0,0.0,0.0,1,0.0,3.587,0.0,0.0,0.0,0.0,0.0,0.0,0.0
143.801,apt_maskon,PARKED,0.0,0.0,0.0,1,0.0,3.587,0.0,0.0,0.0,0.0,0.0,0.0,0.0
143.941,apt_maskon,PARKED,0.0,0.0,0.0,1,0.0,3.574,0.0,0.0,0.0,0.0,0.0,0.0,0.0
144.006,apt_maskon,PARKED,0.0,0.0,0.0,1,0.0,3.574,0.0,0.0,0.0,0.0,0.0,0.0,0.0
144.139,apt_maskon,PARKED,0.0,0.0,0.0,1,0.0,3.537,0.0,0.0,0.0,0.0,0.0,0.0,0.0
144.201,apt_maskon,PARKED,0.0,0.0,0.0,1,0.0,3.537,0.0,0.0,0.0,0.0,0.0,0.0,0.0
144.313,apt_maskon,PARKED,0.0,0.0,0.0,1,0.0,3.559,0.0,0.0,0.0,0.0,0.0,0.0,0.0
144.424,apt_maskon,PARKED,0.0,0.0,0.0,1,0.0,3.566,0.0,0.0,0.0,0.0,0.0,0.0,0.0
144.533,apt_maskon,PARKED,0.0,0.0,0.0,1,0.0,3.566,0.0,0.0,0.0,0.0,0.0,0.0,0.0
144.602,apt_maskon,PARKED,0.0,0.0,0.0,1,0.0,3.566,0.0,0.0,0.0,0.0,0.0,0.0,0.0
144.713,apt_maskon,PARKED,0.0,0.0,0.0,1,0.0,3.559,0.0,0.0,0.0,0.0,0.0,0.0,0.0
144.801,apt_maskon,PARKED,0.0,0.0,0.0,1,0.0,3.594,0.0,0.0,0.0,0.0,0.0,0.0,0.0
144.901,apt_maskon,PARKED,0.0,0.0,0.0,1,0.0,3.594,0.0,0.0,0.0,0.0,0.0,0.0,0.0
145.045,apt_maskon,PARKED,0.0,0.0,0.0,1,0.0,3.576,0.0,0.0,0.0,0.0,0.0,0.0,0.0
145.145,apt_maskon,PARKED,0.0,0.0,0.0,1,0.0,3.602,0.0,0.0,0.0,0.0,0.0,0.0,0.0
145.202,apt_maskon,PARKED,0.0,0.0,0.0,1,0.0,3.602,0.0,0.0,0.0,0.0,0.0,0.0,0.0
145.31,apt_maskon,PARKED,0.0,0.0,0.0,1,0.0,3.569,0.0,0.0,0.0,0.0,0.0,0.0,0.0
145.416,apt_maskon,PARKED,0.0,0.0,0.0,1,0.0,3.569,0.0,0.0,0.0,0.0,0.0,0.0,0.0
145.501,apt_maskon,PARKED,0.0,0.0,0.0,1,0.0,3.569,0.0,0.0,0.0,0.0,0.0,0.0,0.0
145.602,apt_maskon,PARKED,0.0,0.0,0.0,1,0.0,3.569,0.0,0.0,0.0,0.0,0.0,0.0,0.0
145.723,apt_maskon,PARKED,0.0,0.0,0.0,1,0.0,3.543,0.0,0.0,0.0,0.0,0.0,0.0,0.0
145.802,apt_maskon,PARKED,0.0,0.0,0.0,1,0.0,3.567,0.0,0.0,0.0,0.0,0.0,0.0,0.0
145.901,apt_maskon,PARKED,0.0,0.0,0.0,1,0.0,3.567,0.0,0.0,0.0,0.0,0.0,0.0,0.0
146.001,apt_maskon,PARKED,0.0,0.0,0.0,1,0.0,3.567,0.0,0.0,0.0,0.0,0.0,0.0,0.0
146.122,apt_maskon,PARKED,0.0,0.0,0.0,1,0.0,3.599,0.0,0.0,0.0,0.0,0.0,0.0,0.0
146.238,apt_maskon,PARKED,0.0,0.0,0.0,1,0.0,3.537,0.0,0.0,0.0,0.0,0.0,0.0,0.0
146.301,apt_maskon,PARKED,0.0,0.0,0.0,1,0.0,3.537,0.0,0.0,0.0,0.0,0.0,0.0,0.0
146.448,apt_maskon,PARKED,0.0,0.0,0.0,1,0.0,3.55,0.0,0.0,0.0,0.0,0.0,0.0,0.0
146.537,apt_maskon,PARKED,0.0,0.0,0.0,1,0.0,3.55,0.0,0.0,0.0,0.0,0.0,0.0,0.0
146.601,apt_maskon,PARKED,0.0,0.0,0.0,1,0.0,3.579,0.0,0.0,0.0,0.0,0.0,0.0,0.0
146.701,apt_maskon,PARKED,0.0,0.0,0.0,1,0.0,3.579,0.0,0.0,0.0,0.0,0.0,0.0,0.0
146.85,apt_maskon,PARKED,0.0,0.0,0.0,1,0.0,3.616,0.0,0.0,0.0,0.0,0.0,0.0,0.0
146.947,apt_maskon,PARKED,0.0,0.0,0.0,1,0.0,3.616,0.0,0.0,0.0,0.0,0.0,0.0,0.0
147.001,apt_maskon,PARKED,0.0,0.0,0.0,1,0.0,3.616,0.0,0.0,0.0,0.0,0.0,0.0,0.0
147.118,apt_maskon,PARKED,0.0,0.0,0.0,1,0.0,3.609,0.0,0.0,0.0,0.0,0.0,0.0,0.0
147.201,apt_maskon,PARKED,0.0,0.0,0.0,1,0.0,3.609,0.0,0.0,0.0,0.0,0.0,0.0,0.0
147.311,apt_maskon,PARKED,0.0,0.0,0.0,1,0.0,3.578,0.0,0.0,0.0,0.0,0.0,0.0,0.0
147.425,apt_maskon,PARKED,0.0,0.0,0.0,1,0.0,3.556,0.0,0.0,0.0,0.0,0.0,0.0,0.0
147.501,apt_maskon,PARKED,0.0,0.0,0.0,1,0.0,3.556,0.0,0.0,0.0,0.0,0.0,0.0,0.0
147.601,apt_maskon,PARKED,0.0,0.0,0.0,1,0.0,3.556,0.0,0.0,0.0,0.0,0.0,0.0,0.0
147.746,apt_maskon,PARKED,0.0,0.0,0.0,1,0.0,3.541,0.0,0.0,0.0,0.0,0.0,0.0,0.0
147.802,apt_maskon,PARKED,0.0,0.0,0.0,1,0.0,3.541,0.0,0.0,0.0,0.0,0.0,0.0,0.0
147.901,apt_maskon,PARKED,0.0,0.0,0.0,1,0.0,3.552,0.0,0.0,0.0,0.0,0.0,0.0,0.0
148.033,apt_maskon,PARKED,0.0,0.0,0.0,1,0.0,3.552,0.0,0.0,0.0,0.0,0.0,0.0,0.0
148.102,apt_maskon,PARKED,0.0,0.0,0.0,1,0.0,3.552,0.0,0.0,0.0,0.0,0.0,0.0,0.0
148.23,apt_maskon,PARKED,0.0,0.0,0.0,1,0.0,3.617,0.0,0.0,0.0,0.0,0.0,0.0,0.0
148.331,apt_maskon,PARKED,0.0,0.0,0.0,1,0.0,3.617,0.0,0.0,0.0,0.0,0.0,0.0,0.0
148.446,apt_maskon,PARKED,0.0,0.0,0.0,1,0.0,3.587,0.0,0.0,0.0,0.0,0.0,0.0,0.0
148.502,apt_maskon,PARKED,0.0,0.0,0.0,1,0.0,3.565,0.0,0.0,0.0,0.0,0.0,0.0,0.0
148.601,apt_maskon,PARKED,0.0,0.0,0.0,1,0.0,3.565,0.0,0.0,0.0,0.0,0.0,0.0,0.0
148.701,apt_maskon,PARKED,0.0,0.0,0.0,1,0.0,3.565,0.0,0.0,0.0,0.0,0.0,0.0,0.0
148.835,apt_maskon,PARKED,0.0,0.0,0.0,1,0.0,3.593,0.0,0.0,0.0,0.0,0.0,0.0,0.0
148.944,apt_maskon,PARKED,0.0,0.0,0.0,1,0.0,3.564,0.0,0.0,0.0,0.0,0.0,0.0,0.0
149.001,apt_maskon,PARKED,0.0,0.0,0.0,1,0.0,3.564,0.0,0.0,0.0,0.0,0.0,0.0,0.0
149.101,apt_maskon,PARKED,0.0,0.0,0.0,1,0.0,3.564,0.0,0.0,0.0,0.0,0.0,0.0,0.0
149.201,apt_maskon,PARKED,0.0,0.0,0.0,1,0.0,3.564,0.0,0.0,0.0,0.0,0.0,0.0,0.0
149.301,apt_maskon,PARKED,0.0,0.0,0.0,1,0.0,3.564,0.0,0.0,0.0,0.0,0.0,0.0,0.0
149.401,apt_maskon,PARKED,0.0,0.0,0.0,1,0.0,3.576,0.0,0.0,0.0,0.0,0.0,0.0,0.0
149.534,apt_maskon,PARKED,0.0,0.0,0.0,1,0.0,3.562,0.0,0.0,0.0,0.0,0.0,0.0,0.0
149.646,apt_maskon,PARKED,0.0,0.0,0.0,1,0.0,3.576,0.0,0.0,0.0,0.0,0.0,0.0,0.0
149.733,apt_maskon,PARKED,0.0,0.0,0.0,1,0.0,3.576,0.0,0.0,0.0,0.0,0.0,0.0,0.0
149.827,apt_maskon,PARKED,0.0,0.0,0.0,1,0.0,3.571,0.0,0.0,0.0,0.0,0.0,0.0,0.0
149.94,apt_maskon,PARKED,0.0,0.0,0.0,1,0.0,3.607,0.0,0.0,0.0,0.0,0.0,0.0,0.0
150.0,apt_maskon,PARKED,0.0,0.0,0.0,1,0.0,3.567,0.0,0.0,0.0,0.0,0.0,0.0,0.0
150.106,apt_maskon,PARKED,0.0,0.0,0.0,1,0.0,3.562,0.0,0.0,0.0,0.0,0.0,0.0,0.0
150.202,apt_maskon,PARKED,0.0,0.0,0.0,1,0.0,3.562,0.0,0.0,0.0,0.0,0.0,0.0,0.0
150.301,apt_maskon,PARKED,0.0,0.0,0.0,1,0.0,3.562,0.0,0.0,0.0,0.0,0.0,0.0,0.0
150.401,apt_maskon,PARKED,0.0,0.0,0.0,1,0.0,3.562,0.0,0.0,0.0,0.0,0.0,0.0,0.0
150.529,apt_maskon,PARKED,0.0,0.0,0.0,1,0.0,3.586,0.0,0.0,0.0,0.0,0.0,0.0,0.0
150.639,apt_maskon,PARKED,0.0,0.0,0.0,1,0.0,3.609,0.0,0.0,0.0,0.0,0.0,0.0,0.0
150.701,apt_maskon,PARKED,0.0,0.0,0.0,1,0.0,3.609,0.0,0.0,0.0,0.0,0.0,0.0,0.0
150.811,apt_maskon,PARKED,0.0,0.0,0.0,1,0.0,3.593,0.0,0.0,0.0,0.0,0.0,0.0,0.0
150.901,apt_maskon,PARKED,0.0,0.0,0.0,1,0.0,3.593,0.0,0.0,0.0,0.0,0.0,0.0,0.0
151.016,apt_maskon,PARKED,0.0,0.0,0.0,1,0.0,3.59,0.0,0.0,0.0,0.0,0.0,0.0,0.0
151.101,apt_maskon,PARKED,0.0,0.0,0.0,1,0.0,3.583,0.0,0.0,0.0,0.0,0.0,0.0,0.0
151.201,apt_maskon,PARKED,0.0,0.0,0.0,1,0.0,3.583,0.0,0.0,0.0,0.0,0.0,0.0,0.0
151.301,apt_maskon,PARKED,0.0,0.0,0.0,1,0.0,3.583,0.0,0.0,0.0,0.0,0.0,0.0,0.0
151.401,apt_maskon,PARKED,0.0,0.0,0.0,1,0.0,3.583,0.0,0.0,0.0,0.0,0.0,0.0,0.0
151.538,apt_maskon,PARKED,0.0,0.0,0.0,1,0.0,3.598,0.0,0.0,0.0,0.0,0.0,0.0,0.0
151.648,apt_maskon,PARKED,0.0,0.0,0.0,1,0.0,3.602,0.0,0.0,0.0,0.0,0.0,0.0,0.0
151.707,apt_maskon,PARKED,0.0,0.0,0.0,1,0.0,3.601,0.0,0.0,0.0,0.0,0.0,0.0,0.0
151.806,apt_maskon,PARKED,0.0,0.0,0.0,1,0.0,3.601,0.0,0.0,0.0,0.0,0.0,0.0,0.0
151.901,apt_maskon,PARKED,0.0,0.0,0.0,1,0.0,3.601,0.0,0.0,0.0,0.0,0.0,0.0,0.0
152.044,apt_maskon,PARKED,0.0,0.0,0.0,1,0.0,3.575,0.0,0.0,0.0,0.0,0.0,0.0,0.0
152.106,apt_maskon,PARKED,0.0,0.0,0.0,1,0.0,3.575,0.0,0.0,0.0,0.0,0.0,0.0,0.0
152.201,apt_maskon,PARKED,0.0,0.0,0.0,1,0.0,3.575,0.0,0.0,0.0,0.0,0.0,0.0,0.0
152.301,apt_maskon,PARKED,0.0,0.0,0.0,1,0.0,3.577,0.0,0.0,0.0,0.0,0.0,0.0,0.0
152.401,apt_maskon,PARKED,0.0,0.0,0.0,1,0.0,3.577,0.0,0.0,0.0,0.0,0.0,0.0,0.0
152.502,apt_maskon,PARKED,0.0,0.0,0.0,1,0.0,3.577,0.0,0.0,0.0,0.0,0.0,0.0,0.0
152.601,apt_maskon,PARKED,0.0,0.0,0.0,1,0.0,3.568,0.0,0.0,0.0,0.0,0.0,0.0,0.0
152.702,apt_maskon,PARKED,0.0,0.0,0.0,1,0.0,3.609,0.0,0.0,0.0,0.0,0.0,0.0,0.0
152.801,apt_maskon,PARKED,0.0,0.0,0.0,1,0.0,3.609,0.0,0.0,0.0,0.0,0.0,0.0,0.0
152.91,apt_maskon,PARKED,0.0,0.0,0.0,1,0.0,3.562,0.0,0.0,0.0,0.0,0.0,0.0,0.0
153.022,apt_maskon,PARKED,0.0,0.0,0.0,1,0.0,3.567,0.0,0.0,0.0,0.0,0.0,0.0,0.0
153.102,apt_maskon,PARKED,0.0,0.0,0.0,1,0.0,3.567,0.0,0.0,0.0,0.0,0.0,0.0,0.0
153.24,apt_maskon,PARKED,0.0,0.0,0.0,1,0.0,3.559,0.0,0.0,0.0,0.0,0.0,0.0,0.0
153.301,apt_maskon,PARKED,0.0,0.0,0.0,1,0.0,3.559,0.0,0.0,0.0,0.0,0.0,0.0,0.0
153.401,apt_maskon,PARKED,0.0,0.0,0.0,1,0.0,3.559,0.0,0.0,0.0,0.0,0.0,0.0,0.0
153.501,apt_maskon,PARKED,0.0,0.0,0.0,1,0.0,3.574,0.0,0.0,0.0,0.0,0.0,0.0,0.0
153.601,apt_maskon,PARKED,0.0,0.0,0.0,1,0.0,3.574,0.0,0.0,0.0,0.0,0.0,0.0,0.0
153.714,apt_maskon,PARKED,0.0,0.0,0.0,1,0.0,3.579,0.0,0.0,0.0,0.0,0.0,0.0,0.0
153.818,apt_maskon,PARKED,0.0,0.0,0.0,1,0.0,3.591,0.0,0.0,0.0,0.0,0.0,0.0,0.0
153.935,apt_maskon,PARKED,0.0,0.0,0.0,1,0.0,3.565,0.0,0.0,0.0,0.0,0.0,0.0,0.0
154.001,apt_maskon,PARKED,0.0,0.0,0.0,1,0.0,3.565,0.0,0.0,0.0,0.0,0.0,0.0,0.0
154.101,apt_maskon,PARKED,0.0,0.0,0.0,1,0.0,3.565,0.0,0.0,0.0,0.0,0.0,0.0,0.0
154.201,apt_maskon,PARKED,0.0,0.0,0.0,1,0.0,3.555,0.0,0.0,0.0,0.0,0.0,0.0,0.0
154.307,apt_maskon,PARKED,0.0,0.0,0.0,1,0.0,3.587,0.0,0.0,0.0,0.0,0.0,0.0,0.0
154.401,apt_maskon,PARKED,0.0,0.0,0.0,1,0.0,3.587,0.0,0.0,0.0,0.0,0.0,0.0,0.0
154.501,apt_maskon,PARKED,0.0,0.0,0.0,1,0.0,3.587,0.0,0.0,0.0,0.0,0.0,0.0,0.0
154.601,apt_maskon,PARKED,0.0,0.0,0.0,1,0.0,3.587,0.0,0.0,0.0,0.0,0.0,0.0,0.0
154.733,apt_maskon,PARKED,0.0,0.0,0.0,1,0.0,3.566,0.0,0.0,0.0,0.0,0.0,0.0,0.0
154.846,apt_maskon,PARKED,0.0,0.0,0.0,1,0.0,3.56,0.0,0.0,0.0,0.0,0.0,0.0,0.0
154.931,apt_maskon,PARKED,0.0,0.0,0.0,1,0.0,3.56,0.0,0.0,0.0,0.0,0.0,0.0,0.0
155.031,apt_maskon,PARKED,0.0,0.0,0.0,1,0.0,3.56,0.0,0.0,0.0,0.0,0.0,0.0,0.0
155.133,apt_maskon,PARKED,0.0,0.0,0.0,1,0.0,3.596,0.0,0.0,0.0,0.0,0.0,0.0,0.0
155.246,apt_maskon,PARKED,0.0,0.0,0.0,1,0.0,3.564,0.0,0.0,0.0,0.0,0.0,0.0,0.0
155.304,apt_maskon,PARKED,0.0,0.0,0.0,1,0.0,3.568,0.0,0.0,0.0,0.0,0.0,0.0,0.0
155.401,apt_maskon,PARKED,0.0,0.0,0.0,1,0.0,3.568,0.0,0.0,0.0,0.0,0.0,0.0,0.0
155.501,apt_maskon,PARKED,0.0,0.0,0.0,1,0.0,3.568,0.0,0.0,0.0,0.0,0.0,0.0,0.0
155.601,apt_maskon,PARKED,0.0,0.0,0.0,1,0.0,3.568,0.0,0.0,0.0,0.0,0.0,0.0,0.0
155.734,apt_maskon,PARKED,0.0,0.0,0.0,1,0.0,3.535,0.0,0.0,0.0,0.0,0.0,0.0,0.0
155.846,apt_maskon,PARKED,0.0,0.0,0.0,1,0.0,3.574,0.0,0.0,0.0,0.0,0.0,0.0,0.0
155.938,apt_maskon,PARKED,0.0,0.0,0.0,1,0.0,3.574,0.0,0.0,0.0,0.0,0.0,0.0,0.0
156.001,apt_maskon,PARKED,0.0,0.0,0.0,1,0.0,3.58,0.0,0.0,0.0,0.0,0.0,0.0,0.0
156.148,apt_maskon,PARKED,0.0,0.0,0.0,1,0.0,3.559,0.0,0.0,0.0,0.0,0.0,0.0,0.0
156.208,apt_maskon,PARKED,0.0,0.0,0.0,1,0.0,3.572,0.0,0.0,0.0,0.0,0.0,0.0,0.0
156.314,apt_maskon,PARKED,0.0,0.0,0.0,1,0.0,3.572,0.0,0.0,0.0,0.0,0.0,0.0,0.0
156.427,apt_maskon,PARKED,0.0,0.0,0.0,1,0.0,3.572,0.0,0.0,0.0,0.0,0.0,0.0,0.0
156.501,apt_maskon,PARKED,0.0,0.0,0.0,1,0.0,3.572,0.0,0.0,0.0,0.0,0.0,0.0,0.0
156.614,apt_maskon,PARKED,0.0,0.0,0.0,1,0.0,3.578,0.0,0.0,0.0,0.0,0.0,0.0,0.0
156.701,apt_maskon,PARKED,0.0,0.0,0.0,1,0.0,3.578,0.0,0.0,0.0,0.0,0.0,0.0,0.0
156.801,apt_maskon,PARKED,0.0,0.0,0.0,1,0.0,3.581,0.0,0.0,0.0,0.0,0.0,0.0,0.0
156.934,apt_maskon,PARKED,0.0,0.0,0.0,1,0.0,3.545,0.0,0.0,0.0,0.0,0.0,0.0,0.0
157.041,apt_maskon,PARKED,0.0,0.0,0.0,1,0.0,3.568,0.0,0.0,0.0,0.0,0.0,0.0,0.0
157.102,apt_maskon,PARKED,0.0,0.0,0.0,1,0.0,3.568,0.0,0.0,0.0,0.0,0.0,0.0,0.0
157.201,apt_maskon,PARKED,0.0,0.0,0.0,1,0.0,3.568,0.0,0.0,0.0,0.0,0.0,0.0,0.0
157.301,apt_maskon,PARKED,0.0,0.0,0.0,1,0.0,3.562,0.0,0.0,0.0,0.0,0.0,0.0,0.0
157.449,apt_maskon,PARKED,0.0,0.0,0.0,1,0.0,3.568,0.0,0.0,0.0,0.0,0.0,0.0,0.0
157.508,apt_maskon,PARKED,0.0,0.0,0.0,1,0.0,3.568,0.0,0.0,0.0,0.0,0.0,0.0,0.0
157.601,apt_maskon,PARKED,0.0,0.0,0.0,1,0.0,3.568,0.0,0.0,0.0,0.0,0.0,0.0,0.0
157.701,apt_maskon,PARKED,0.0,0.0,0.0,1,0.0,3.568,0.0,0.0,0.0,0.0,0.0,0.0,0.0
157.832,apt_maskon,PARKED,0.0,0.0,0.0,1,0.0,3.556,0.0,0.0,0.0,0.0,0.0,0.0,0.0
157.938,apt_maskon,PARKED,0.0,0.0,0.0,1,0.0,3.545,0.0,0.0,0.0,0.0,0.0,0.0,0.0
158.001,apt_maskon,PARKED,0.0,0.0,0.0,1,0.0,3.545,0.0,0.0,0.0,0.0,0.0,0.0,0.0
158.116,apt_maskon,PARKED,0.0,0.0,0.0,1,0.0,3.559,0.0,0.0,0.0,0.0,0.0,0.0,0.0
158.201,apt_maskon,PARKED,0.0,0.0,0.0,1,0.0,3.559,0.0,0.0,0.0,0.0,0.0,0.0,0.0
158.301,apt_maskon,PARKED,0.0,0.0,0.0,1,0.0,3.559,0.0,0.0,0.0,0.0,0.0,0.0,0.0
158.435,apt_maskon,PARKED,0.0,0.0,0.0,1,0.0,3.579,0.0,0.0,0.0,0.0,0.0,0.0,0.0
158.501,apt_maskon,PARKED,0.0,0.0,0.0,1,0.0,3.579,0.0,0.0,0.0,0.0,0.0,0.0,0.0
158.601,apt_maskon,PARKED,0.0,0.0,0.0,1,0.0,3.579,0.0,0.0,0.0,0.0,0.0,0.0,0.0
158.701,apt_maskon,PARKED,0.0,0.0,0.0,1,0.0,3.579,0.0,0.0,0.0,0.0,0.0,0.0,0.0
158.8,apt_maskon,PARKED,0.0,0.0,0.0,1,0.0,3.541,0.0,0.0,0.0,0.0,0.0,0.0,0.0
158.907,apt_maskon,PARKED,0.0,0.0,0.0,1,0.0,3.541,0.0,0.0,0.0,0.0,0.0,0.0,0.0
159.002,apt_maskon,PARKED,0.0,0.0,0.0,1,0.0,3.541,0.0,0.0,0.0,0.0,0.0,0.0,0.0
159.102,apt_maskon,PARKED,0.0,0.0,0.0,1,0.0,3.531,0.0,0.0,0.0,0.0,0.0,0.0,0.0
159.225,apt_maskon,PARKED,0.0,0.0,0.0,1,0.0,3.531,0.0,0.0,0.0,0.0,0.0,0.0,0.0
159.301,apt_maskon,PARKED,0.0,0.0,0.0,1,0.0,3.559,0.0,0.0,0.0,0.0,0.0,0.0,0.0
159.406,apt_maskon,PARKED,0.0,0.0,0.0,1,0.0,3.586,0.0,0.0,0.0,0.0,0.0,0.0,0.0
159.545,apt_maskon,PARKED,0.0,0.0,0.0,1,0.0,3.586,0.0,0.0,0.0,0.0,0.0,0.0,0.0
159.601,apt_maskon,PARKED,0.0,0.0,0.0,1,0.0,3.586,0.0,0.0,0.0,0.0,0.0,0.0,0.0
159.701,apt_maskon,PARKED,0.0,0.0,0.0,1,0.0,3.586,0.0,0.0,0.0,0.0,0.0,0.0,0.0
159.801,apt_maskon,PARKED,0.0,0.0,0.0,1,0.0,3.586,0.0,0.0,0.0,0.0,0.0,0.0,0.0
159.932,apt_maskon,PARKED,0.0,0.0,0.0,1,0.0,3.582,0.0,0.0,0.0,0.0,0.0,0.0,0.0
160.001,apt_maskon,PARKED,0.0,0.0,0.0,1,0.0,3.564,0.0,0.0,0.0,0.0,0.0,0.0,0.0
160.15,apt_maskon,PARKED,0.0,0.0,0.0,1,0.0,3.589,0.0,0.0,0.0,0.0,0.0,0.0,0.0
160.201,apt_maskon,PARKED,0.0,0.0,0.0,1,0.0,3.589,0.0,0.0,0.0,0.0,0.0,0.0,0.0
160.303,apt_maskon,PARKED,0.0,0.0,0.0,1,0.0,3.589,0.0,0.0,0.0,0.0,0.0,0.0,0.0
160.408,apt_maskon,PARKED,0.0,0.0,0.0,1,0.0,3.576,0.0,0.0,0.0,0.0,0.0,0.0,0.0
160.514,apt_maskon,PARKED,0.0,0.0,0.0,1,0.0,3.576,0.0,0.0,0.0,0.0,0.0,0.0,0.0
160.605,apt_maskon,PARKED,0.0,0.0,0.0,1,0.0,3.576,0.0,0.0,0.0,0.0,0.0,0.0,0.0
160.705,apt_maskon,PARKED,0.0,0.0,0.0,1,0.0,3.605,0.0,0.0,0.0,0.0,0.0,0.0,0.0
160.801,apt_maskon,PARKED,0.0,0.0,0.0,1,0.0,3.605,0.0,0.0,0.0,0.0,0.0,0.0,0.0
160.901,apt_maskon,PARKED,0.0,0.0,0.0,1,0.0,3.564,0.0,0.0,0.0,0.0,0.0,0.0,0.0
161.002,apt_maskon,PARKED,0.0,0.0,0.0,1,0.0,3.564,0.0,0.0,0.0,0.0,0.0,0.0,0.0
161.107,apt_maskon,PARKED,0.0,0.0,0.0,1,0.0,3.564,0.0,0.0,0.0,0.0,0.0,0.0,0.0
161.219,apt_maskon,PARKED,0.0,0.0,0.0,1,0.0,3.565,0.0,0.0,0.0,0.0,0.0,0.0,0.0
161.331,apt_maskon,PARKED,0.0,0.0,0.0,1,0.0,3.617,0.0,0.0,0.0,0.0,0.0,0.0,0.0
161.43,apt_maskon,PARKED,0.0,0.0,0.0,1,0.0,3.617,0.0,0.0,0.0,0.0,0.0,0.0,0.0
161.501,apt_maskon,PARKED,0.0,0.0,0.0,1,0.0,3.617,0.0,0.0,0.0,0.0,0.0,0.0,0.0
161.601,apt_maskon,PARKED,0.0,0.0,0.0,1,0.0,3.577,0.0,0.0,0.0,0.0,0.0,0.0,0.0
161.706,apt_maskon,PARKED,0.0,0.0,0.0,1,0.0,3.603,0.0,0.0,0.0,0.0,0.0,0.0,0.0
161.801,apt_maskon,PARKED,0.0,0.0,0.0,1,0.0,3.603,0.0,0.0,0.0,0.0,0.0,0.0,0.0
161.901,apt_maskon,PARKED,0.0,0.0,0.0,1,0.0,3.603,0.0,0.0,0.0,0.0,0.0,0.0,0.0
162.002,apt_maskon,PARKED,0.0,0.0,0.0,1,0.0,3.603,0.0,0.0,0.0,0.0,0.0,0.0,0.0
162.116,apt_maskon,PARKED,0.0,0.0,0.0,1,0.0,3.578,0.0,0.0,0.0,0.0,0.0,0.0,0.0
162.234,apt_maskon,PARKED,0.0,0.0,0.0,1,0.0,3.565,0.0,0.0,0.0,0.0,0.0,0.0,0.0
162.315,apt_maskon,PARKED,0.0,0.0,0.0,1,0.0,3.565,0.0,0.0,0.0,0.0,0.0,0.0,0.0
162.431,apt_maskon,PARKED,0.0,0.0,0.0,1,0.0,3.576,0.0,0.0,0.0,0.0,0.0,0.0,0.0
162.544,apt_maskon,PARKED,0.0,0.0,0.0,1,0.0,3.584,0.0,0.0,0.0,0.0,0.0,0.0,0.0
162.601,apt_maskon,PARKED,0.0,0.0,0.0,1,0.0,3.584,0.0,0.0,0.0,0.0,0.0,0.0,0.0
162.715,apt_maskon,PARKED,0.0,0.0,0.0,1,0.0,3.579,0.0,0.0,0.0,0.0,0.0,0.0,0.0
162.801,apt_maskon,PARKED,0.0,0.0,0.0,1,0.0,3.579,0.0,0.0,0.0,0.0,0.0,0.0,0.0
162.92,apt_maskon,PARKED,0.0,0.0,0.0,1,0.0,3.575,0.0,0.0,0.0,0.0,0.0,0.0,0.0
163.001,apt_maskon,PARKED,0.0,0.0,0.0,1,0.0,3.575,0.0,0.0,0.0,0.0,0.0,0.0,0.0
163.102,apt_maskon,PARKED,0.0,0.0,0.0,1,0.0,3.575,0.0,0.0,0.0,0.0,0.0,0.0,0.0
163.202,apt_maskon,PARKED,0.0,0.0,0.0,1,0.0,3.577,0.0,0.0,0.0,0.0,0.0,0.0,0.0
163.325,apt_maskon,PARKED,0.0,0.0,0.0,1,0.0,3.582,0.0,0.0,0.0,0.0,0.0,0.0,0.0
163.444,apt_maskon,PARKED,0.0,0.0,0.0,1,0.0,3.537,0.0,0.0,0.0,0.0,0.0,0.0,0.0
163.501,apt_maskon,PARKED,0.0,0.0,0.0,1,0.0,3.537,0.0,0.0,0.0,0.0,0.0,0.0,0.0
163.629,apt_maskon,PARKED,0.0,0.0,0.0,1,0.0,3.532,0.0,0.0,0.0,0.0,0.0,0.0,0.0
163.702,apt_maskon,PARKED,0.0,0.0,0.0,1,0.0,3.532,0.0,0.0,0.0,0.0,0.0,0.0,0.0
163.802,apt_maskon,PARKED,0.0,0.0,0.0,1,0.0,3.536,0.0,0.0,0.0,0.0,0.0,0.0,0.0
163.915,apt_maskon,PARKED,0.0,0.0,0.0,1,0.0,3.59,0.0,0.0,0.0,0.0,0.0,0.0,0.0
164.037,apt_maskon,PARKED,0.0,0.0,0.0,1,0.0,3.59,0.0,0.0,0.0,0.0,0.0,0.0,0.0
164.135,apt_maskon,PARKED,0.0,0.0,0.0,1,0.0,3.59,0.0,0.0,0.0,0.0,0.0,0.0,0.0
164.234,apt_maskon,PARKED,0.0,0.0,0.0,1,0.0,3.606,0.0,0.0,0.0,0.0,0.0,0.0,0.0
164.343,apt_maskon,PARKED,0.0,0.0,0.0,1,0.0,3.535,0.0,0.0,0.0,0.0,0.0,0.0,0.0
164.401,apt_maskon,PARKED,0.0,0.0,0.0,1,0.0,3.535,0.0,0.0,0.0,0.0,0.0,0.0,0.0
164.52,apt_maskon,PARKED,0.0,0.0,0.0,1,0.0,3.554,0.0,0.0,0.0,0.0,0.0,0.0,0.0
164.627,apt_maskon,PARKED,0.0,0.0,0.0,1,0.0,3.554,0.0,0.0,0.0,0.0,0.0,0.0,0.0
164.744,apt_maskon,PARKED,0.0,0.0,0.0,1,0.0,3.577,0.0,0.0,0.0,0.0,0.0,0.0,0.0
164.801,apt_maskon,PARKED,0.0,0.0,0.0,1,0.0,3.59,0.0,0.0,0.0,0.0,0.0,0.0,0.0
164.901,apt_maskon,PARKED,0.0,0.0,0.0,1,0.0,3.59,0.0,0.0,0.0,0.0,0.0,0.0,0.0
165.001,apt_maskon,PARKED,0.0,0.0,0.0,1,0.0,3.59,0.0,0.0,0.0,0.0,0.0,0.0,0.0
165.101,apt_maskon,PARKED,0.0,0.0,0.0,1,0.0,3.59,0.0,0.0,0.0,0.0,0.0,0.0,0.0
165.225,apt_maskon,PARKED,0.0,0.0,0.0,1,0.0,3.575,0.0,0.0,0.0,0.0,0.0,0.0,0.0
165.34,apt_maskon,PARKED,0.0,0.0,0.0,1,0.0,3.605,0.0,0.0,0.0,0.0,0.0,0.0,0.0
165.431,apt_maskon,PARKED,0.0,0.0,0.0,1,0.0,3.605,0.0,0.0,0.0,0.0,0.0,0.0,0.0
165.52,apt_maskon,PARKED,0.0,0.0,0.0,1,0.0,3.598,0.0,0.0,0.0,0.0,0.0,0.0,0.0
165.63,apt_maskon,PARKED,0.0,0.0,0.0,1,0.0,3.59,0.0,0.0,0.0,0.0,0.0,0.0,0.0
165.738,apt_maskon,PARKED,0.0,0.0,0.0,1,0.0,3.613,0.0,0.0,0.0,0.0,0.0,0.0,0.0
165.828,apt_maskon,PARKED,0.0,0.0,0.0,1,0.0,3.613,0.0,0.0,0.0,0.0,0.0,0.0,0.0
165.902,apt_maskon,PARKED,0.0,0.0,0.0,1,0.0,3.613,0.0,0.0,0.0,0.0,0.0,0.0,0.0
166.001,apt_maskon,PARKED,0.0,0.0,0.0,1,0.0,3.613,0.0,0.0,0.0,0.0,0.0,0.0,0.0
166.101,apt_maskon,PARKED,0.0,0.0,0.0,1,0.0,3.613,0.0,0.0,0.0,0.0,0.0,0.0,0.0
166.202,apt_maskon,PARKED,0.0,0.0,0.0,1,0.0,3.586,0.0,0.0,0.0,0.0,0.0,0.0,0.0
166.313,apt_maskon,PARKED,0.0,0.0,0.0,1,0.0,3.605,0.0,0.0,0.0,0.0,0.0,0.0,0.0
166.426,apt_maskon,PARKED,0.0,0.0,0.0,1,0.0,3.567,0.0,0.0,0.0,0.0,0.0,0.0,0.0
166.501,apt_maskon,PARKED,0.0,0.0,0.0,1,0.0,3.567,0.0,0.0,0.0,0.0,0.0,0.0,0.0
166.632,apt_maskon,PARKED,0.0,0.0,0.0,1,0.0,3.582,0.0,0.0,0.0,0.0,0.0,0.0,0.0
166.737,apt_maskon,PARKED,0.0,0.0,0.0,1,0.0,3.551,0.0,0.0,0.0,0.0,0.0,0.0,0.0
166.801,apt_maskon,PARKED,0.0,0.0,0.0,1,0.0,3.551,0.0,0.0,0.0,0.0,0.0,0.0,0.0
166.901,apt_maskon,PARKED,0.0,0.0,0.0,1,0.0,3.601,0.0,0.0,0.0,0.0,0.0,0.0,0.0
167.001,apt_maskon,PARKED,0.0,0.0,0.0,1,0.0,3.588,0.0,0.0,0.0,0.0,0.0,0.0,0.0
167.101,apt_maskon,PARKED,0.0,0.0,0.0,1,0.0,3.588,0.0,0.0,0.0,0.0,0.0,0.0,0.0
167.201,apt_maskon,PARKED,0.0,0.0,0.0,1,0.0,3.574,0.0,0.0,0.0,0.0,0.0,0.0,0.0
167.319,apt_maskon,PARKED,0.0,0.0,0.0,1,0.0,3.562,0.0,0.0,0.0,0.0,0.0,0.0,0.0
167.401,apt_maskon,PARKED,0.0,0.0,0.0,1,0.0,3.562,0.0,0.0,0.0,0.0,0.0,0.0,0.0
167.535,apt_maskon,PARKED,0.0,0.0,0.0,1,0.0,3.573,0.0,0.0,0.0,0.0,0.0,0.0,0.0
167.601,apt_maskon,PARKED,0.0,0.0,0.0,1,0.0,3.573,0.0,0.0,0.0,0.0,0.0,0.0,0.0
167.727,apt_maskon,PARKED,0.0,0.0,0.0,1,0.0,3.547,0.0,0.0,0.0,0.0,0.0,0.0,0.0
167.835,apt_maskon,PARKED,0.0,0.0,0.0,1,0.0,3.546,0.0,0.0,0.0,0.0,0.0,0.0,0.0
167.901,apt_maskon,PARKED,0.0,0.0,0.0,1,0.0,3.546,0.0,0.0,0.0,0.0,0.0,0.0,0.0
168.002,apt_maskon,PARKED,0.0,0.0,0.0,1,0.0,3.546,0.0,0.0,0.0,0.0,0.0,0.0,0.0
168.101,apt_maskon,PARKED,0.0,0.0,0.0,1,0.0,3.546,0.0,0.0,0.0,0.0,0.0,0.0,0.0
168.208,apt_maskon,PARKED,0.0,0.0,0.0,1,0.0,3.601,0.0,0.0,0.0,0.0,0.0,0.0,0.0
168.323,apt_maskon,PARKED,0.0,0.0,0.0,1,0.0,3.576,0.0,0.0,0.0,0.0,0.0,0.0,0.0
168.42,apt_maskon,PARKED,0.0,0.0,0.0,1,0.0,3.576,0.0,0.0,0.0,0.0,0.0,0.0,0.0
168.519,apt_maskon,PARKED,0.0,0.0,0.0,1,0.0,3.596,0.0,0.0,0.0,0.0,0.0,0.0,0.0
168.602,apt_maskon,PARKED,0.0,0.0,0.0,1,0.0,3.596,0.0,0.0,0.0,0.0,0.0,0.0,0.0
168.715,apt_maskon,PARKED,0.0,0.0,0.0,1,0.0,3.6,0.0,0.0,0.0,0.0,0.0,0.0,0.0
168.801,apt_maskon,PARKED,0.0,0.0,0.0,1,0.0,3.557,0.0,0.0,0.0,0.0,0.0,0.0,0.0
168.901,apt_maskon,PARKED,0.0,0.0,0.0,1,0.0,3.557,0.0,0.0,0.0,0.0,0.0,0.0,0.0
169.001,apt_maskon,PARKED,0.0,0.0,0.0,1,0.0,3.557,0.0,0.0,0.0,0.0,0.0,0.0,0.0
169.149,apt_maskon,PARKED,0.0,0.0,0.0,1,0.0,3.608,0.0,0.0,0.0,0.0,0.0,0.0,0.0
169.204,apt_maskon,PARKED,0.0,0.0,0.0,1,0.0,3.594,0.0,0.0,0.0,0.0,0.0,0.0,0.0
169.348,apt_maskon,PARKED,0.0,0.0,0.0,1,0.0,3.611,0.0,0.0,0.0,0.0,0.0,0.0,0.0
169.401,apt_maskon,PARKED,0.0,0.0,0.0,1,0.0,3.611,0.0,0.0,0.0,0.0,0.0,0.0,0.0
169.53,apt_maskon,PARKED,0.0,0.0,0.0,1,0.0,3.594,0.0,0.0,0.0,0.0,0.0,0.0,0.0
169.601,apt_maskon,PARKED,0.0,0.0,0.0,1,0.0,3.594,0.0,0.0,0.0,0.0,0.0,0.0,0.0
169.701,apt_maskon,PARKED,0.0,0.0,0.0,1,0.0,3.592,0.0,0.0,0.0,0.0,0.0,0.0,0.0
169.826,apt_maskon,PARKED,0.0,0.0,0.0,1,0.0,3.582,0.0,0.0,0.0,0.0,0.0,0.0,0.0
169.9,apt_maskon,PARKED,0.0,0.0,0.0,1,0.0,3.57,0.0,0.0,0.0,0.0,0.0,0.0,0.0
170.005,apt_maskon,PARKED,0.0,0.0,0.0,1,0.0,3.567,0.0,0.0,0.0,0.0,0.0,0.0,0.0
170.101,apt_maskon,PARKED,0.0,0.0,0.0,1,0.0,3.567,0.0,0.0,0.0,0.0,0.0,0.0,0.0
170.201,apt_maskon,PARKED,0.0,0.0,0.0,1,0.0,3.567,0.0,0.0,0.0,0.0,0.0,0.0,0.0
170.301,apt_maskon,PARKED,0.0,0.0,0.0,1,0.0,3.567,0.0,0.0,0.0,0.0,0.0,0.0,0.0
170.439,apt_maskon,PARKED,0.0,0.0,0.0,1,0.0,3.562,0.0,0.0,0.0,0.0,0.0,0.0,0.0
170.501,apt_maskon,PARKED,0.0,0.0,0.0,1,0.0,3.562,0.0,0.0,0.0,0.0,0.0,0.0,0.0
170.605,apt_maskon,PARKED,0.0,0.0,0.0,1,0.0,3.562,0.0,0.0,0.0,0.0,0.0,0.0,0.0
170.734,apt_maskon,PARKED,0.0,0.0,0.0,1,0.0,3.582,0.0,0.0,0.0,0.0,0.0,0.0,0.0
170.846,apt_maskon,PARKED,0.0,0.0,0.0,1,0.0,3.582,0.0,0.0,0.0,0.0,0.0,0.0,0.0
170.901,apt_maskon,PARKED,0.0,0.0,0.0,1,0.0,3.582,0.0,0.0,0.0,0.0,0.0,0.0,0.0
171.039,apt_maskon,PARKED,0.0,0.0,0.0,1,0.0,3.596,0.0,0.0,0.0,0.0,0.0,0.0,0.0
171.101,apt_maskon,PARKED,0.0,0.0,0.0,1,0.0,3.596,0.0,0.0,0.0,0.0,0.0,0.0,0.0
171.224,apt_maskon,PARKED,0.0,0.0,0.0,1,0.0,3.577,0.0,0.0,0.0,0.0,0.0,0.0,0.0
171.302,apt_maskon,PARKED,0.0,0.0,0.0,1,0.0,3.569,0.0,0.0,0.0,0.0,0.0,0.0,0.0
171.401,apt_maskon,PARKED,0.0,0.0,0.0,1,0.0,3.569,0.0,0.0,0.0,0.0,0.0,0.0,0.0
171.501,apt_maskon,PARKED,0.0,0.0,0.0,1,0.0,3.569,0.0,0.0,0.0,0.0,0.0,0.0,0.0
171.623,apt_maskon,PARKED,0.0,0.0,0.0,1,0.0,3.594,0.0,0.0,0.0,0.0,0.0,0.0,0.0
171.741,apt_maskon,PARKED,0.0,0.0,0.0,1,0.0,3.577,0.0,0.0,0.0,0.0,0.0,0.0,0.0
171.802,apt_maskon,PARKED,0.0,0.0,0.0,1,0.0,3.577,0.0,0.0,0.0,0.0,0.0,0.0,0.0
171.901,apt_maskon,PARKED,0.0,0.0,0.0,1,0.0,3.577,0.0,0.0,0.0,0.0,0.0,0.0,0.0
172.001,apt_maskon,PARKED,0.0,0.0,0.0,1,0.0,3.577,0.0,0.0,0.0,0.0,0.0,0.0,0.0
172.102,apt_maskon,PARKED,0.0,0.0,0.0,1,0.0,3.593,0.0,0.0,0.0,0.0,0.0,0.0,0.0
172.2,apt_maskon,PARKED,0.0,0.0,0.0,1,0.0,3.559,0.0,0.0,0.0,0.0,0.0,0.0,0.0
172.328,apt_maskon,PARKED,0.0,0.0,0.0,1,0.0,3.559,0.0,0.0,0.0,0.0,0.0,0.0,0.0
172.401,apt_maskon,PARKED,0.0,0.0,0.0,1,0.0,3.597,0.0,0.0,0.0,0.0,0.0,0.0,0.0
172.501,apt_maskon,PARKED,0.0,0.0,0.0,1,0.0,3.597,0.0,0.0,0.0,0.0,0.0,0.0,0.0
172.616,apt_maskon,PARKED,0.0,0.0,0.0,1,0.0,3.558,0.0,0.0,0.0,0.0,0.0,0.0,0.0
172.701,apt_maskon,PARKED,0.0,0.0,0.0,1,0.0,3.558,0.0,0.0,0.0,0.0,0.0,0.0,0.0
172.801,apt_maskon,PARKED,0.0,0.0,0.0,1,0.0,3.566,0.0,0.0,0.0,0.0,0.0,0.0,0.0
172.902,apt_maskon,PARKED,0.0,0.0,0.0,1,0.0,3.566,0.0,0.0,0.0,0.0,0.0,0.0,0.0
173.05,apt_maskon,PARKED,0.0,0.0,0.0,1,0.0,3.556,0.0,0.0,0.0,0.0,0.0,0.0,0.0
173.107,apt_maskon,PARKED,0.0,0.0,0.0,1,0.0,3.587,0.0,0.0,0.0,0.0,0.0,0.0,0.0
173.201,apt_maskon,PARKED,0.0,0.0,0.0,1,0.0,3.587,0.0,0.0,0.0,0.0,0.0,0.0,0.0
173.301,apt_maskon,PARKED,0.0,0.0,0.0,1,0.0,3.587,0.0,0.0,0.0,0.0,0.0,0.0,0.0
173.402,apt_maskon,PARKED,0.0,0.0,0.0,1,0.0,3.587,0.0,0.0,0.0,0.0,0.0,0.0,0.0
173.538,apt_maskon,PARKED,0.0,0.0,0.0,1,0.0,3.569,0.0,0.0,0.0,0.0,0.0,0.0,0.0
173.602,apt_maskon,PARKED,0.0,0.0,0.0,1,0.0,3.569,0.0,0.0,0.0,0.0,0.0,0.0,0.0
173.701,apt_maskon,PARKED,0.0,0.0,0.0,1,0.0,3.569,0.0,0.0,0.0,0.0,0.0,0.0,0.0
173.801,apt_maskon,PARKED,0.0,0.0,0.0,1,0.0,3.57,0.0,0.0,0.0,0.0,0.0,0.0,0.0
173.9,apt_maskon,PARKED,0.0,0.0,0.0,1,0.0,3.566,0.0,0.0,0.0,0.0,0.0,0.0,0.0
174.009,apt_maskon,PARKED,0.0,0.0,0.0,1,0.0,3.553,0.0,0.0,0.0,0.0,0.0,0.0,0.0
174.102,apt_maskon,PARKED,0.0,0.0,0.0,1,0.0,3.553,0.0,0.0,0.0,0.0,0.0,0.0,0.0
174.201,apt_maskon,PARKED,0.0,0.0,0.0,1,0.0,3.546,0.0,0.0,0.0,0.0,0.0,0.0,0.0
174.301,apt_maskon,PARKED,0.0,0.0,0.0,1,0.0,3.546,0.0,0.0,0.0,0.0,0.0,0.0,0.0
174.401,apt_maskon,PARKED,0.0,0.0,0.0,1,0.0,3.546,0.0,0.0,0.0,0.0,0.0,0.0,0.0
174.531,apt_maskon,PARKED,0.0,0.0,0.0,1,0.0,3.591,0.0,0.0,0.0,0.0,0.0,0.0,0.0
174.601,apt_maskon,PARKED,0.0,0.0,0.0,1,0.0,3.591,0.0,0.0,0.0,0.0,0.0,0.0,0.0
174.706,apt_maskon,PARKED,0.0,0.0,0.0,1,0.0,3.61,0.0,0.0,0.0,0.0,0.0,0.0,0.0
174.802,apt_maskon,PARKED,0.0,0.0,0.0,1,0.0,3.61,0.0,0.0,0.0,0.0,0.0,0.0,0.0
174.919,apt_maskon,PARKED,0.0,0.0,0.0,1,0.0,3.565,0.0,0.0,0.0,0.0,0.0,0.0,0.0
175.002,apt_maskon,PARKED,0.0,0.0,0.0,1,0.0,3.565,0.0,0.0,0.0,0.0,0.0,0.0,0.0
175.104,apt_maskon,PARKED,0.0,0.0,0.0,1,0.0,3.608,0.0,0.0,0.0,0.0,0.0,0.0,0.0
175.201,apt_maskon,PARKED,0.0,0.0,0.0,1,0.0,3.608,0.0,0.0,0.0,0.0,0.0,0.0,0.0
175.302,apt_maskon,PARKED,0.0,0.0,0.0,1,0.0,3.608,0.0,0.0,0.0,0.0,0.0,0.0,0.0
175.431,apt_maskon,PARKED,0.0,0.0,0.0,1,0.0,3.576,0.0,0.0,0.0,0.0,0.0,0.0,0.0
175.538,apt_maskon,PARKED,0.0,0.0,0.0,1,0.0,3.553,0.0,0.0,0.0,0.0,0.0,0.0,0.0
175.601,apt_maskon,PARKED,0.0,0.0,0.0,1,0.0,3.553,0.0,0.0,0.0,0.0,0.0,0.0,0.0
175.701,apt_maskon,PARKED,0.0,0.0,0.0,1,0.0,3.561,0.0,0.0,0.0,0.0,0.0,0.0,0.0
175.802,apt_maskon,PARKED,0.0,0.0,0.0,1,0.0,3.542,0.0,0.0,0.0,0.0,0.0,0.0,0.0
175.934,apt_maskon,PARKED,0.0,0.0,0.0,1,0.0,3.583,0.0,0.0,0.0,0.0,0.0,0.0,0.0
176.05,apt_maskon,PARKED,0.0,0.0,0.0,1,0.0,3.593,0.0,0.0,0.0,0.0,0.0,0.0,0.0
176.101,apt_maskon,PARKED,0.0,0.0,0.0,1,0.0,3.593,0.0,0.0,0.0,0.0,0.0,0.0,0.0
176.201,apt_maskon,PARKED,0.0,0.0,0.0,1,0.0,3.576,0.0,0.0,0.0,0.0,0.0,0.0,0.0
176.301,apt_maskon,PARKED,0.0,0.0,0.0,1,0.0,3.576,0.0,0.0,0.0,0.0,0.0,0.0,0.0
176.433,apt_maskon,PARKED,0.0,0.0,0.0,1,0.0,3.573,0.0,0.0,0.0,0.0,0.0,0.0,0.0
176.539,apt_maskon,PARKED,0.0,0.0,0.0,1,0.0,3.607,0.0,0.0,0.0,0.0,0.0,0.0,0.0
176.601,apt_maskon,PARKED,0.0,0.0,0.0,1,0.0,3.607,0.0,0.0,0.0,0.0,0.0,0.0,0.0
176.701,apt_maskon,PARKED,0.0,0.0,0.0,1,0.0,3.614,0.0,0.0,0.0,0.0,0.0,0.0,0.0
176.811,apt_maskon,PARKED,0.0,0.0,0.0,1,0.0,3.583,0.0,0.0,0.0,0.0,0.0,0.0,0.0
176.902,apt_maskon,PARKED,0.0,0.0,0.0,1,0.0,3.583,0.0,0.0,0.0,0.0,0.0,0.0,0.0
177.013,apt_maskon,PARKED,0.0,0.0,0.0,1,0.0,3.631,0.0,0.0,0.0,0.0,0.0,0.0,0.0
177.102,apt_maskon,PARKED,0.0,0.0,0.0,1,0.0,3.631,0.0,0.0,0.0,0.0,0.0,0.0,0.0
177.201,apt_maskon,PARKED,0.0,0.0,0.0,1,0.0,3.631,0.0,0.0,0.0,0.0,0.0,0.0,0.0
177.301,apt_maskon,PARKED,0.0,0.0,0.0,1,0.0,3.631,0.0,0.0,0.0,0.0,0.0,0.0,0.0
177.425,apt_maskon,PARKED,0.0,0.0,0.0,1,0.0,3.539,0.0,0.0,0.0,0.0,0.0,0.0,0.0
177.518,apt_maskon,PARKED,0.0,0.0,0.0,1,0.0,3.539,0.0,0.0,0.0,0.0,0.0,0.0,0.0
177.61,apt_maskon,PARKED,0.0,0.0,0.0,1,0.0,3.566,0.0,0.0,0.0,0.0,0.0,0.0,0.0
177.702,apt_maskon,PARKED,0.0,0.0,0.0,1,0.0,3.575,0.0,0.0,0.0,0.0,0.0,0.0,0.0
177.825,apt_maskon,PARKED,0.0,0.0,0.0,1,0.0,3.563,0.0,0.0,0.0,0.0,0.0,0.0,0.0
177.901,apt_maskon,PARKED,0.0,0.0,0.0,1,0.0,3.563,0.0,0.0,0.0,0.0,0.0,0.0,0.0
178.009,apt_maskon,PARKED,0.0,0.0,0.0,1,0.0,3.563,0.0,0.0,0.0,0.0,0.0,0.0,0.0
178.101,apt_maskon,PARKED,0.0,0.0,0.0,1,0.0,3.563,0.0,0.0,0.0,0.0,0.0,0.0,0.0
178.201,apt_maskon,PARKED,0.0,0.0,0.0,1,0.0,3.563,0.0,0.0,0.0,0.0,0.0,0.0,0.0
178.301,apt_maskon,PARKED,0.0,0.0,0.0,1,0.0,3.563,0.0,0.0,0.0,0.0,0.0,0.0,0.0
178.401,apt_maskon,PARKED,0.0,0.0,0.0,1,0.0,3.563,0.0,0.0,0.0,0.0,0.0,0.0,0.0
178.506,apt_maskon,PARKED,0.0,0.0,0.0,1,0.0,3.576,0.0,0.0,0.0,0.0,0.0,0.0,0.0
178.601,apt_maskon,PARKED,0.0,0.0,0.0,1,0.0,3.576,0.0,0.0,0.0,0.0,0.0,0.0,0.0
178.726,apt_maskon,PARKED,0.0,0.0,0.0,1,0.0,3.57,0.0,0.0,0.0,0.0,0.0,0.0,0.0
178.802,apt_maskon,PARKED,0.0,0.0,0.0,1,0.0,3.557,0.0,0.0,0.0,0.0,0.0,0.0,0.0
178.902,apt_maskon,PARKED,0.0,0.0,0.0,1,0.0,3.557,0.0,0.0,0.0,0.0,0.0,0.0,0.0
179.002,apt_maskon,PARKED,0.0,0.0,0.0,1,0.0,3.565,0.0,0.0,0.0,0.0,0.0,0.0,0.0
179.101,apt_maskon,PARKED,0.0,0.0,0.0,1,0.0,3.565,0.0,0.0,0.0,0.0,0.0,0.0,0.0
179.2,apt_maskon,PARKED,0.0,0.0,0.0,1,0.0,3.568,0.0,0.0,0.0,0.0,0.0,0.0,0.0
179.308,apt_maskon,PARKED,0.0,0.0,0.0,1,0.0,3.568,0.0,0.0,0.0,0.0,0.0,0.0,0.0
179.403,apt_maskon,PARKED,0.0,0.0,0.0,1,0.0,3.597,0.0,0.0,0.0,0.0,0.0,0.0,0.0
179.501,apt_maskon,PARKED,0.0,0.0,0.0,1,0.0,3.597,0.0,0.0,0.0,0.0,0.0,0.0,0.0
179.601,apt_maskon,PARKED,0.0,0.0,0.0,1,0.0,3.597,0.0,0.0,0.0,0.0,0.0,0.0,0.0
179.736,apt_maskon,PARKED,0.0,0.0,0.0,1,0.0,3.577,0.0,0.0,0.0,0.0,0.0,0.0,0.0
179.844,apt_maskon,PARKED,0.0,0.0,0.0,1,0.0,3.569,0.0,0.0,0.0,0.0,0.0,0.0,0.0
179.94,apt_maskon,PARKED,0.0,0.0,0.0,1,0.0,3.569,0.0,0.0,0.0,0.0,0.0,0.0,0.0
180.036,apt_maskon,PARKED,0.0,0.0,0.0,1,0.0,3.569,0.0,0.0,0.0,0.0,0.0,0.0,0.0
180.136,apt_maskon,PARKED,0.0,0.0,0.0,1,0.0,3.566,0.0,0.0,0.0,0.0,0.0,0.0,0.0
180.244,apt_maskon,PARKED,0.0,0.0,0.0,1,0.0,3.562,0.0,0.0,0.0,0.0,0.0,0.0,0.0
180.301,apt_maskon,PARKED,0.0,0.0,0.0,1,0.0,3.562,0.0,0.0,0.0,0.0,0.0,0.0,0.0
180.401,apt_maskon,PARKED,0.0,0.0,0.0,1,0.0,3.585,0.0,0.0,0.0,0.0,0.0,0.0,0.0
180.501,apt_maskon,PARKED,0.0,0.0,0.0,1,0.0,3.585,0.0,0.0,0.0,0.0,0.0,0.0,0.0
180.601,apt_maskon,PARKED,0.0,0.0,0.0,1,0.0,3.589,0.0,0.0,0.0,0.0,0.0,0.0,0.0
180.747,apt_maskon,PARKED,0.0,0.0,0.0,1,0.0,3.6,0.0,0.0,0.0,0.0,0.0,0.0,0.0
180.801,apt_maskon,PARKED,0.0,0.0,0.0,1,0.0,3.6,0.0,0.0,0.0,0.0,0.0,0.0,0.0
180.901,apt_maskon,PARKED,0.0,0.0,0.0,1,0.0,3.6,0.0,0.0,0.0,0.0,0.0,0.0,0.0
181.031,apt_maskon,PARKED,0.0,0.0,0.0,1,0.0,3.569,0.0,0.0,0.0,0.0,0.0,0.0,0.0
181.14,apt_maskon,PARKED,0.0,0.0,0.0,1,0.0,3.564,0.0,0.0,0.0,0.0,0.0,0.0,0.0
181.202,apt_maskon,PARKED,0.0,0.0,0.0,1,0.0,3.555,0.0,0.0,0.0,0.0,0.0,0.0,0.0
181.317,apt_maskon,PARKED,0.0,0.0,0.0,1,0.0,3.555,0.0,0.0,0.0,0.0,0.0,0.0,0.0
181.417,apt_maskon,PARKED,0.0,0.0,0.0,1,0.0,3.58,0.0,0.0,0.0,0.0,0.0,0.0,0.0
181.517,apt_maskon,PARKED,0.0,0.0,0.0,1,0.0,3.551,0.0,0.0,0.0,0.0,0.0,0.0,0.0
181.63,apt_maskon,PARKED,0.0,0.0,0.0,1,0.0,3.563,0.0,0.0,0.0,0.0,0.0,0.0,0.0
181.701,apt_maskon,PARKED,0.0,0.0,0.0,1,0.0,3.563,0.0,0.0,0.0,0.0,0.0,0.0,0.0
181.801,apt_maskon,PARKED,0.0,0.0,0.0,1,0.0,3.563,0.0,0.0,0.0,0.0,0.0,0.0,0.0
181.901,apt_maskon,PARKED,0.0,0.0,0.0,1,0.0,3.563,0.0,0.0,0.0,0.0,0.0,0.0,0.0
182.033,apt_maskon,PARKED,0.0,0.0,0.0,1,0.0,3.527,0.0,0.0,0.0,0.0,0.0,0.0,0.0
182.101,apt_maskon,PARKED,0.0,0.0,0.0,1,0.0,3.575,0.0,0.0,0.0,0.0,0.0,0.0,0.0
182.201,apt_maskon,PARKED,0.0,0.0,0.0,1,0.0,3.575,0.0,0.0,0.0,0.0,0.0,0.0,0.0
182.301,apt_maskon,PARKED,0.0,0.0,0.0,1,0.0,3.575,0.0,0.0,0.0,0.0,0.0,0.0,0.0
182.417,apt_maskon,PARKED,0.0,0.0,0.0,1,0.0,3.553,0.0,0.0,0.0,0.0,0.0,0.0,0.0
182.524,apt_maskon,PARKED,0.0,0.0,0.0,1,0.0,3.611,0.0,0.0,0.0,0.0,0.0,0.0,0.0
182.602,apt_maskon,PARKED,0.0,0.0,0.0,1,0.0,3.611,0.0,0.0,0.0,0.0,0.0,0.0,0.0
182.71,apt_maskon,PARKED,0.0,0.0,0.0,1,0.0,3.611,0.0,0.0,0.0,0.0,0.0,0.0,0.0
182.801,apt_maskon,PARKED,0.0,0.0,0.0,1,0.0,3.611,0.0,0.0,0.0,0.0,0.0,0.0,0.0
182.937,apt_maskon,PARKED,0.0,0.0,0.0,1,0.0,3.573,0.0,0.0,0.0,0.0,0.0,0.0,0.0
183.001,apt_maskon,PARKED,0.0,0.0,0.0,1,0.0,3.573,0.0,0.0,0.0,0.0,0.0,0.0,0.0
183.101,apt_maskon,PARKED,0.0,0.0,0.0,1,0.0,3.573,0.0,0.0,0.0,0.0,0.0,0.0,0.0
183.247,apt_maskon,PARKED,0.0,0.0,0.0,1,0.0,3.558,0.0,0.0,0.0,0.0,0.0,0.0,0.0
183.307,apt_maskon,PARKED,0.0,0.0,0.0,1,0.0,3.572,0.0,0.0,0.0,0.0,0.0,0.0,0.0
183.426,apt_maskon,PARKED,0.0,0.0,0.0,1,0.0,3.564,0.0,0.0,0.0,0.0,0.0,0.0,0.0
183.501,apt_maskon,PARKED,0.0,0.0,0.0,1,0.0,3.564,0.0,0.0,0.0,0.0,0.0,0.0,0.0
183.601,apt_maskon,PARKED,0.0,0.0,0.0,1,0.0,3.564,0.0,0.0,0.0,0.0,0.0,0.0,0.0
183.732,apt_maskon,PARKED,0.0,0.0,0.0,1,0.0,3.546,0.0,0.0,0.0,0.0,0.0,0.0,0.0
183.801,apt_maskon,PARKED,0.0,0.0,0.0,1,0.0,3.546,0.0,0.0,0.0,0.0,0.0,0.0,0.0
183.95,apt_maskon,PARKED,0.0,0.0,0.0,1,0.0,3.565,0.0,0.0,0.0,0.0,0.0,0.0,0.0
184.001,apt_maskon,PARKED,0.0,0.0,0.0,1,0.0,3.565,0.0,0.0,0.0,0.0,0.0,0.0,0.0
184.102,apt_maskon,PARKED,0.0,0.0,0.0,1,0.0,3.565,0.0,0.0,0.0,0.0,0.0,0.0,0.0
184.201,apt_maskon,PARKED,0.0,0.0,0.0,1,0.0,3.55,0.0,0.0,0.0,0.0,0.0,0.0,0.0
184.328,apt_maskon,PARKED,0.0,0.0,0.0,1,0.0,3.544,0.0,0.0,0.0,0.0,0.0,0.0,0.0
184.402,apt_maskon,PARKED,0.0,0.0,0.0,1,0.0,3.546,0.0,0.0,0.0,0.0,0.0,0.0,0.0
184.501,apt_maskon,PARKED,0.0,0.0,0.0,1,0.0,3.546,0.0,0.0,0.0,0.0,0.0,0.0,0.0
184.624,apt_maskon,PARKED,0.0,0.0,0.0,1,0.0,3.553,0.0,0.0,0.0,0.0,0.0,0.0,0.0
184.704,apt_maskon,PARKED,0.0,0.0,0.0,1,0.0,3.553,0.0,0.0,0.0,0.0,0.0,0.0,0.0
184.802,apt_maskon,PARKED,0.0,0.0,0.0,1,0.0,3.569,0.0,0.0,0.0,0.0,0.0,0.0,0.0
184.901,apt_maskon,PARKED,0.0,0.0,0.0,1,0.0,3.569,0.0,0.0,0.0,0.0,0.0,0.0,0.0
185.002,apt_maskon,PARKED,0.0,0.0,0.0,1,0.0,3.566,0.0,0.0,0.0,0.0,0.0,0.0,0.0
185.15,apt_maskon,PARKED,0.0,0.0,0.0,1,0.0,3.556,0.0,0.0,0.0,0.0,0.0,0.0,0.0
185.206,apt_maskon,PARKED,0.0,0.0,0.0,1,0.0,3.556,0.0,0.0,0.0,0.0,0.0,0.0,0.0
185.315,apt_maskon,PARKED,0.0,0.0,0.0,1,0.0,3.556,0.0,0.0,0.0,0.0,0.0,0.0,0.0
185.401,apt_maskon,PARKED,0.0,0.0,0.0,1,0.0,3.556,0.0,0.0,0.0,0.0,0.0,0.0,0.0
185.501,apt_maskon,PARKED,0.0,0.0,0.0,1,0.0,3.556,0.0,0.0,0.0,0.0,0.0,0.0,0.0
185.639,apt_maskon,PARKED,0.0,0.0,0.0,1,0.0,3.565,0.0,0.0,0.0,0.0,0.0,0.0,0.0
185.749,apt_maskon,PARKED,0.0,0.0,0.0,1,0.0,3.565,0.0,0.0,0.0,0.0,0.0,0.0,0.0
185.804,apt_maskon,PARKED,0.0,0.0,0.0,1,0.0,3.543,0.0,0.0,0.0,0.0,0.0,0.0,0.0
185.902,apt_maskon,PARKED,0.0,0.0,0.0,1,0.0,3.543,0.0,0.0,0.0,0.0,0.0,0.0,0.0
186.038,apt_maskon,PARKED,0.0,0.0,0.0,1,0.0,3.584,0.0,0.0,0.0,0.0,0.0,0.0,0.0
186.101,apt_maskon,PARKED,0.0,0.0,0.0,1,0.0,3.584,0.0,0.0,0.0,0.0,0.0,0.0,0.0
186.224,apt_maskon,PARKED,0.0,0.0,0.0,1,0.0,3.582,0.0,0.0,0.0,0.0,0.0,0.0,0.0
186.319,apt_maskon,PARKED,0.0,0.0,0.0,1,0.0,3.582,0.0,0.0,0.0,0.0,0.0,0.0,0.0
186.407,apt_maskon,PARKED,0.0,0.0,0.0,1,0.0,3.57,0.0,0.0,0.0,0.0,0.0,0.0,0.0
186.529,apt_maskon,PARKED,0.0,0.0,0.0,1,0.0,3.569,0.0,0.0,0.0,0.0,0.0,0.0,0.0
186.642,apt_maskon,PARKED,0.0,0.0,0.0,1,0.0,3.591,0.0,0.0,0.0,0.0,0.0,0.0,0.0
186.701,apt_maskon,PARKED,0.0,0.0,0.0,1,0.0,3.591,0.0,0.0,0.0,0.0,0.0,0.0,0.0
186.801,apt_maskon,PARKED,0.0,0.0,0.0,1,0.0,3.591,0.0,0.0,0.0,0.0,0.0,0.0,0.0
186.901,apt_maskon,PARKED,0.0,0.0,0.0,1,0.0,3.585,0.0,0.0,0.0,0.0,0.0,0.0,0.0
187.001,apt_maskon,PARKED,0.0,0.0,0.0,1,0.0,3.585,0.0,0.0,0.0,0.0,0.0,0.0,0.0
187.101,apt_maskon,PARKED,0.0,0.0,0.0,1,0.0,3.585,0.0,0.0,0.0,0.0,0.0,0.0,0.0
187.201,apt_maskon,PARKED,0.0,0.0,0.0,1,0.0,3.585,0.0,0.0,0.0,0.0,0.0,0.0,0.0
187.301,apt_maskon,PARKED,0.0,0.0,0.0,1,0.0,3.545,0.0,0.0,0.0,0.0,0.0,0.0,0.0
187.401,apt_maskon,PARKED,0.0,0.0,0.0,1,0.0,3.593,0.0,0.0,0.0,0.0,0.0,0.0,0.0
187.524,apt_maskon,PARKED,0.0,0.0,0.0,1,0.0,3.561,0.0,0.0,0.0,0.0,0.0,0.0,0.0
187.602,apt_maskon,PARKED,0.0,0.0,0.0,1,0.0,3.561,0.0,0.0,0.0,0.0,0.0,0.0,0.0
187.723,apt_maskon,PARKED,0.0,0.0,0.0,1,0.0,3.581,0.0,0.0,0.0,0.0,0.0,0.0,0.0
187.825,apt_maskon,PARKED,0.0,0.0,0.0,1,0.0,3.581,0.0,0.0,0.0,0.0,0.0,0.0,0.0
187.938,apt_maskon,PARKED,0.0,0.0,0.0,1,0.0,3.59,0.0,0.0,0.0,0.0,0.0,0.0,0.0
188.001,apt_maskon,PARKED,0.0,0.0,0.0,1,0.0,3.59,0.0,0.0,0.0,0.0,0.0,0.0,0.0
188.101,apt_maskon,PARKED,0.0,0.0,0.0,1,0.0,3.59,0.0,0.0,0.0,0.0,0.0,0.0,0.0
188.238,apt_maskon,PARKED,0.0,0.0,0.0,1,0.0,3.58,0.0,0.0,0.0,0.0,0.0,0.0,0.0
188.301,apt_maskon,PARKED,0.0,0.0,0.0,1,0.0,3.567,0.0,0.0,0.0,0.0,0.0,0.0,0.0
188.407,apt_maskon,PARKED,0.0,0.0,0.0,1,0.0,3.567,0.0,0.0,0.0,0.0,0.0,0.0,0.0
188.501,apt_maskon,PARKED,0.0,0.0,0.0,1,0.0,3.568,0.0,0.0,0.0,0.0,0.0,0.0,0.0
188.601,apt_maskon,PARKED,0.0,0.0,0.0,1,0.0,3.568,0.0,0.0,0.0,0.0,0.0,0.0,0.0
188.701,apt_maskon,PARKED,0.0,0.0,0.0,1,0.0,3.568,0.0,0.0,0.0,0.0,0.0,0.0,0.0
188.811,apt_maskon,PARKED,0.0,0.0,0.0,1,0.0,3.568,0.0,0.0,0.0,0.0,0.0,0.0,0.0
188.92,apt_maskon,PARKED,0.0,0.0,0.0,1,0.0,3.56,0.0,0.0,0.0,0.0,0.0,0.0,0.0
189.032,apt_maskon,PARKED,0.0,0.0,0.0,1,0.0,3.56,0.0,0.0,0.0,0.0,0.0,0.0,0.0
189.101,apt_maskon,PARKED,0.0,0.0,0.0,1,0.0,3.56,0.0,0.0,0.0,0.0,0.0,0.0,0.0
189.201,apt_maskon,PARKED,0.0,0.0,0.0,1,0.0,3.56,0.0,0.0,0.0,0.0,0.0,0.0,0.0
189.301,apt_maskon,PARKED,0.0,0.0,0.0,1,0.0,3.56,0.0,0.0,0.0,0.0,0.0,0.0,0.0
189.401,apt_maskon,PARKED,0.0,0.0,0.0,1,0.0,3.537,0.0,0.0,0.0,0.0,0.0,0.0,0.0
189.523,apt_maskon,PARKED,0.0,0.0,0.0,1,0.0,3.547,0.0,0.0,0.0,0.0,0.0,0.0,0.0
189.628,apt_maskon,PARKED,0.0,0.0,0.0,1,0.0,3.547,0.0,0.0,0.0,0.0,0.0,0.0,0.0
189.743,apt_maskon,PARKED,0.0,0.0,0.0,1,0.0,3.582,0.0,0.0,0.0,0.0,0.0,0.0,0.0
189.8,apt_maskon,PARKED,0.0,0.0,0.0,1,0.0,3.56,0.0,0.0,0.0,0.0,0.0,0.0,0.0
189.901,apt_maskon,PARKED,0.0,0.0,0.0,1,0.0,3.56,0.0,0.0,0.0,0.0,0.0,0.0,0.0
190.001,apt_maskon,PARKED,0.0,0.0,0.0,1,0.0,3.56,0.0,0.0,0.0,0.0,0.0,0.0,0.0
190.102,apt_maskon,PARKED,0.0,0.0,0.0,1,0.0,3.56,0.0,0.0,0.0,0.0,0.0,0.0,0.0
190.217,apt_maskon,PARKED,0.0,0.0,0.0,1,0.0,3.617,0.0,0.0,0.0,0.0,0.0,0.0,0.0
190.302,apt_maskon,PARKED,0.0,0.0,0.0,1,0.0,3.602,0.0,0.0,0.0,0.0,0.0,0.0,0.0
190.446,apt_maskon,PARKED,0.0,0.0,0.0,1,0.0,3.576,0.0,0.0,0.0,0.0,0.0,0.0,0.0
190.546,apt_maskon,PARKED,0.0,0.0,0.0,1,0.0,3.576,0.0,0.0,0.0,0.0,0.0,0.0,0.0
190.604,apt_maskon,PARKED,0.0,0.0,0.0,1,0.0,3.546,0.0,0.0,0.0,0.0,0.0,0.0,0.0
190.725,apt_maskon,PARKED,0.0,0.0,0.0,1,0.0,3.563,0.0,0.0,0.0,0.0,0.0,0.0,0.0
190.834,apt_maskon,PARKED,0.0,0.0,0.0,1,0.0,3.563,0.0,0.0,0.0,0.0,0.0,0.0,0.0
190.901,apt_maskon,PARKED,0.0,0.0,0.0,1,0.0,3.563,0.0,0.0,0.0,0.0,0.0,0.0,0.0
191.001,apt_maskon,PARKED,0.0,0.0,0.0,1,0.0,3.55,0.0,0.0,0.0,0.0,0.0,0.0,0.0
191.101,apt_maskon,PARKED,0.0,0.0,0.0,1,0.0,3.55,0.0,0.0,0.0,0.0,0.0,0.0,0.0
191.201,apt_maskon,PARKED,0.0,0.0,0.0,1,0.0,3.55,0.0,0.0,0.0,0.0,0.0,0.0,0.0
191.301,apt_maskon,PARKED,0.0,0.0,0.0,1,0.0,3.55,0.0,0.0,0.0,0.0,0.0,0.0,0.0
191.401,apt_maskon,PARKED,0.0,0.0,0.0,1,0.0,3.55,0.0,0.0,0.0,0.0,0.0,0.0,0.0
191.547,apt_maskon,PARKED,0.0,0.0,0.0,1,0.0,3.572,0.0,0.0,0.0,0.0,0.0,0.0,0.0
191.601,apt_maskon,PARKED,0.0,0.0,0.0,1,0.0,3.561,0.0,0.0,0.0,0.0,0.0,0.0,0.0
191.716,apt_maskon,PARKED,0.0,0.0,0.0,1,0.0,3.561,0.0,0.0,0.0,0.0,0.0,0.0,0.0
191.815,apt_maskon,PARKED,0.0,0.0,0.0,1,0.0,3.561,0.0,0.0,0.0,0.0,0.0,0.0,0.0
191.942,apt_maskon,PARKED,0.0,0.0,0.0,1,0.0,3.579,0.0,0.0,0.0,0.0,0.0,0.0,0.0
192.001,apt_maskon,PARKED,0.0,0.0,0.0,1,0.0,3.595,0.0,0.0,0.0,0.0,0.0,0.0,0.0
192.114,apt_maskon,PARKED,0.0,0.0,0.0,1,0.0,3.595,0.0,0.0,0.0,0.0,0.0,0.0,0.0
192.201,apt_maskon,PARKED,0.0,0.0,0.0,1,0.0,3.595,0.0,0.0,0.0,0.0,0.0,0.0,0.0
192.301,apt_maskon,PARKED,0.0,0.0,0.0,1,0.0,3.595,0.0,0.0,0.0,0.0,0.0,0.0,0.0
192.443,apt_maskon,PARKED,0.0,0.0,0.0,1,0.0,3.602,0.0,0.0,0.0,0.0,0.0,0.0,0.0
192.505,apt_maskon,PARKED,0.0,0.0,0.0,1,0.0,3.566,0.0,0.0,0.0,0.0,0.0,0.0,0.0
192.601,apt_maskon,PARKED,0.0,0.0,0.0,1,0.0,3.585,0.0,0.0,0.0,0.0,0.0,0.0,0.0
192.71,apt_maskon,PARKED,0.0,0.0,0.0,1,0.0,3.569,0.0,0.0,0.0,0.0,0.0,0.0,0.0
192.803,apt_maskon,PARKED,0.0,0.0,0.0,1,0.0,3.569,0.0,0.0,0.0,0.0,0.0,0.0,0.0
192.917,apt_maskon,PARKED,0.0,0.0,0.0,1,0.0,3.58,0.0,0.0,0.0,0.0,0.0,0.0,0.0
193.001,apt_maskon,PARKED,0.0,0.0,0.0,1,0.0,3.58,0.0,0.0,0.0,0.0,0.0,0.0,0.0
193.101,apt_maskon,PARKED,0.0,0.0,0.0,1,0.0,3.58,0.0,0.0,0.0,0.0,0.0,0.0,0.0
193.201,apt_maskon,PARKED,0.0,0.0,0.0,1,0.0,3.59,0.0,0.0,0.0,0.0,0.0,0.0,0.0
193.301,apt_maskon,PARKED,0.0,0.0,0.0,1,0.0,3.59,0.0,0.0,0.0,0.0,0.0,0.0,0.0
193.401,apt_maskon,PARKED,0.0,0.0,0.0,1,0.0,3.594,0.0,0.0,0.0,0.0,0.0,0.0,0.0
193.501,apt_maskon,PARKED,0.0,0.0,0.0,1,0.0,3.583,0.0,0.0,0.0,0.0,0.0,0.0,0.0
193.6,apt_maskon,PARKED,0.0,0.0,0.0,1,0.0,3.576,0.0,0.0,0.0,0.0,0.0,0.0,0.0
193.742,apt_maskon,PARKED,0.0,0.0,0.0,1,0.0,3.577,0.0,0.0,0.0,0.0,0.0,0.0,0.0
193.801,apt_maskon,PARKED,0.0,0.0,0.0,1,0.0,3.577,0.0,0.0,0.0,0.0,0.0,0.0,0.0
193.907,apt_maskon,PARKED,0.0,0.0,0.0,1,0.0,3.58,0.0,0.0,0.0,0.0,0.0,0.0,0.0
194.032,apt_maskon,PARKED,0.0,0.0,0.0,1,0.0,3.581,0.0,0.0,0.0,0.0,0.0,0.0,0.0
194.139,apt_maskon,PARKED,0.0,0.0,0.0,1,0.0,3.585,0.0,0.0,0.0,0.0,0.0,0.0,0.0
194.201,apt_maskon,PARKED,0.0,0.0,0.0,1,0.0,3.585,0.0,0.0,0.0,0.0,0.0,0.0,0.0
194.328,apt_maskon,PARKED,0.0,0.0,0.0,1,0.0,3.578,0.0,0.0,0.0,0.0,0.0,0.0,0.0
194.401,apt_maskon,PARKED,0.0,0.0,0.0,1,0.0,3.578,0.0,0.0,0.0,0.0,0.0,0.0,0.0
194.515,apt_maskon,PARKED,0.0,0.0,0.0,1,0.0,3.577,0.0,0.0,0.0,0.0,0.0,0.0,0.0
194.627,apt_maskon,PARKED,0.0,0.0,0.0,1,0.0,3.553,0.0,0.0,0.0,0.0,0.0,0.0,0.0
194.727,apt_maskon,PARKED,0.0,0.0,0.0,1,0.0,3.553,0.0,0.0,0.0,0.0,0.0,0.0,0.0
194.82,apt_maskon,PARKED,0.0,0.0,0.0,1,0.0,3.534,0.0,0.0,0.0,0.0,0.0,0.0,0.0
194.928,apt_maskon,PARKED,0.0,0.0,0.0,1,0.0,3.552,0.0,0.0,0.0,0.0,0.0,0.0,0.0
195.007,apt_maskon,PARKED,0.0,0.0,0.0,1,0.0,3.605,0.0,0.0,0.0,0.0,0.0,0.0,0.0
195.101,apt_maskon,PARKED,0.0,0.0,0.0,1,0.0,3.58,0.0,0.0,0.0,0.0,0.0,0.0,0.0
195.201,apt_maskon,PARKED,0.0,0.0,0.0,1,0.0,3.58,0.0,0.0,0.0,0.0,0.0,0.0,0.0
195.301,apt_maskon,PARKED,0.0,0.0,0.0,1,0.0,3.563,0.0,0.0,0.0,0.0,0.0,0.0,0.0
195.439,apt_maskon,PARKED,0.0,0.0,0.0,1,0.0,3.562,0.0,0.0,0.0,0.0,0.0,0.0,0.0
195.548,apt_maskon,PARKED,0.0,0.0,0.0,1,0.0,3.573,0.0,0.0,0.0,0.0,0.0,0.0,0.0
195.602,apt_maskon,PARKED,0.0,0.0,0.0,1,0.0,3.573,0.0,0.0,0.0,0.0,0.0,0.0,0.0
195.701,apt_maskon,PARKED,0.0,0.0,0.0,1,0.0,3.573,0.0,0.0,0.0,0.0,0.0,0.0,0.0
195.801,apt_maskon,PARKED,0.0,0.0,0.0,1,0.0,3.573,0.0,0.0,0.0,0.0,0.0,0.0,0.0
195.929,apt_maskon,PARKED,0.0,0.0,0.0,1,0.0,3.576,0.0,0.0,0.0,0.0,0.0,0.0,0.0
196.002,apt_maskon,PARKED,0.0,0.0,0.0,1,0.0,3.576,0.0,0.0,0.0,0.0,0.0,0.0,0.0
196.101,apt_maskon,PARKED,0.0,0.0,0.0,1,0.0,3.576,0.0,0.0,0.0,0.0,0.0,0.0,0.0
196.201,apt_maskon,PARKED,0.0,0.0,0.0,1,0.0,3.562,0.0,0.0,0.0,0.0,0.0,0.0,0.0
196.333,apt_maskon,PARKED,0.0,0.0,0.0,1,0.0,3.569,0.0,0.0,0.0,0.0,0.0,0.0,0.0
196.402,apt_maskon,PARKED,0.0,0.0,0.0,1,0.0,3.569,0.0,0.0,0.0,0.0,0.0,0.0,0.0
196.501,apt_maskon,PARKED,0.0,0.0,0.0,1,0.0,3.582,0.0,0.0,0.0,0.0,0.0,0.0,0.0
196.601,apt_maskon,PARKED,0.0,0.0,0.0,1,0.0,3.582,0.0,0.0,0.0,0.0,0.0,0.0,0.0
196.749,apt_maskon,PARKED,0.0,0.0,0.0,1,0.0,3.562,0.0,0.0,0.0,0.0,0.0,0.0,0.0
196.807,apt_maskon,PARKED,0.0,0.0,0.0,1,0.0,3.545,0.0,0.0,0.0,0.0,0.0,0.0,0.0
196.901,apt_maskon,PARKED,0.0,0.0,0.0,1,0.0,3.545,0.0,0.0,0.0,0.0,0.0,0.0,0.0
197.002,apt_maskon,PARKED,0.0,0.0,0.0,1,0.0,3.584,0.0,0.0,0.0,0.0,0.0,0.0,0.0
197.141,apt_maskon,PARKED,0.0,0.0,0.0,1,0.0,3.573,0.0,0.0,0.0,0.0,0.0,0.0,0.0
197.201,apt_maskon,PARKED,0.0,0.0,0.0,1,0.0,3.552,0.0,0.0,0.0,0.0,0.0,0.0,0.0
197.317,apt_maskon,PARKED,0.0,0.0,0.0,1,0.0,3.588,0.0,0.0,0.0,0.0,0.0,0.0,0.0
197.413,apt_maskon,PARKED,0.0,0.0,0.0,1,0.0,3.588,0.0,0.0,0.0,0.0,0.0,0.0,0.0
197.502,apt_maskon,PARKED,0.0,0.0,0.0,1,0.0,3.588,0.0,0.0,0.0,0.0,0.0,0.0,0.0
197.601,apt_maskon,PARKED,0.0,0.0,0.0,1,0.0,3.588,0.0,0.0,0.0,0.0,0.0,0.0,0.0
197.739,apt_maskon,PARKED,0.0,0.0,0.0,1,0.0,3.559,0.0,0.0,0.0,0.0,0.0,0.0,0.0
197.8,apt_maskon,PARKED,0.0,0.0,0.0,1,0.0,3.531,0.0,0.0,0.0,0.0,0.0,0.0,0.0
197.906,apt_maskon,PARKED,0.0,0.0,0.0,1,0.0,3.531,0.0,0.0,0.0,0.0,0.0,0.0,0.0
198.001,apt_maskon,PARKED,0.0,0.0,0.0,1,0.0,3.542,0.0,0.0,0.0,0.0,0.0,0.0,0.0
198.101,apt_maskon,PARKED,0.0,0.0,0.0,1,0.0,3.542,0.0,0.0,0.0,0.0,0.0,0.0,0.0
198.201,apt_maskon,PARKED,0.0,0.0,0.0,1,0.0,3.542,0.0,0.0,0.0,0.0,0.0,0.0,0.0
198.334,apt_maskon,PARKED,0.0,0.0,0.0,1,0.0,3.56,0.0,0.0,0.0,0.0,0.0,0.0,0.0
198.404,apt_maskon,PARKED,0.0,0.0,0.0,1,0.0,3.56,0.0,0.0,0.0,0.0,0.0,0.0,0.0
198.501,apt_maskon,PARKED,0.0,0.0,0.0,1,0.0,3.56,0.0,0.0,0.0,0.0,0.0,0.0,0.0
198.601,apt_maskon,PARKED,0.0,0.0,0.0,1,0.0,3.56,0.0,0.0,0.0,0.0,0.0,0.0,0.0
198.725,apt_maskon,PARKED,0.0,0.0,0.0,1,0.0,3.597,0.0,0.0,0.0,0.0,0.0,0.0,0.0
198.838,apt_maskon,PARKED,0.0,0.0,0.0,1,0.0,3.58,0.0,0.0,0.0,0.0,0.0,0.0,0.0
198.901,apt_maskon,PARKED,0.0,0.0,0.0,1,0.0,3.58,0.0,0.0,0.0,0.0,0.0,0.0,0.0
199.001,apt_maskon,PARKED,0.0,0.0,0.0,1,0.0,3.58,0.0,0.0,0.0,0.0,0.0,0.0,0.0
199.101,apt_maskon,PARKED,0.0,0.0,0.0,1,0.0,3.591,0.0,0.0,0.0,0.0,0.0,0.0,0.0
199.231,apt_maskon,PARKED,0.0,0.0,0.0,1,0.0,3.558,0.0,0.0,0.0,0.0,0.0,0.0,0.0
199.301,apt_maskon,PARKED,0.0,0.0,0.0,1,0.0,3.558,0.0,0.0,0.0,0.0,0.0,0.0,0.0
199.402,apt_maskon,PARKED,0.0,0.0,0.0,1,0.0,3.544,0.0,0.0,0.0,0.0,0.0,0.0,0.0
199.501,apt_maskon,PARKED,0.0,0.0,0.0,1,0.0,3.544,0.0,0.0,0.0,0.0,0.0,0.0,0.0
199.65,apt_maskon,PARKED,0.0,0.0,0.0,1,0.0,3.571,0.0,0.0,0.0,0.0,0.0,0.0,0.0
199.704,apt_maskon,PARKED,0.0,0.0,0.0,1,0.0,3.579,0.0,0.0,0.0,0.0,0.0,0.0,0.0
199.801,apt_maskon,PARKED,0.0,0.0,0.0,1,0.0,3.579,0.0,0.0,0.0,0.0,0.0,0.0,0.0
199.939,apt_maskon,PARKED,0.0,0.0,0.0,1,0.0,3.583,0.0,0.0,0.0,0.0,0.0,0.0,0.0
200.005,apt_maskon,PARKED,0.0,0.0,0.0,1,0.0,3.561,0.0,0.0,0.0,0.0,0.0,0.0,0.0
200.101,apt_maskon,PARKED,0.0,0.0,0.0,1,0.0,3.561,0.0,0.0,0.0,0.0,0.0,0.0,0.0
200.202,apt_maskon,PARKED,0.0,0.0,0.0,1,0.0,3.56,0.0,0.0,0.0,0.0,0.0,0.0,0.0
200.312,apt_maskon,PARKED,0.0,0.0,0.0,1,0.0,3.569,0.0,0.0,0.0,0.0,0.0,0.0,0.0
200.426,apt_maskon,PARKED,0.0,0.0,0.0,1,0.0,3.586,0.0,0.0,0.0,0.0,0.0,0.0,0.0
200.501,apt_maskon,PARKED,0.0,0.0,0.0,1,0.0,3.586,0.0,0.0,0.0,0.0,0.0,0.0,0.0
200.601,apt_maskon,PARKED,0.0,0.0,0.0,1,0.0,3.586,0.0,0.0,0.0,0.0,0.0,0.0,0.0
200.701,apt_maskon,PARKED,0.0,0.0,0.0,1,0.0,3.586,0.0,0.0,0.0,0.0,0.0,0.0,0.0
200.829,apt_maskon,PARKED,0.0,0.0,0.0,1,0.0,3.525,0.0,0.0,0.0,0.0,0.0,0.0,0.0
200.92,apt_maskon,PARKED,0.0,0.0,0.0,1,0.0,3.525,0.0,0.0,0.0,0.0,0.0,0.0,0.0
201.029,apt_maskon,PARKED,0.0,0.0,0.0,1,0.0,3.531,0.0,0.0,0.0,0.0,0.0,0.0,0.0
201.127,apt_maskon,PARKED,0.0,0.0,0.0,1,0.0,3.573,0.0,0.0,0.0,0.0,0.0,0.0,0.0
201.244,apt_maskon,PARKED,0.0,0.0,0.0,1,0.0,3.592,0.0,0.0,0.0,0.0,0.0,0.0,0.0
201.302,apt_maskon,PARKED,0.0,0.0,0.0,1,0.0,3.592,0.0,0.0,0.0,0.0,0.0,0.0,0.0
201.401,apt_maskon,PARKED,0.0,0.0,0.0,1,0.0,3.608,0.0,0.0,0.0,0.0,0.0,0.0,0.0
201.502,apt_maskon,PARKED,0.0,0.0,0.0,1,0.0,3.608,0.0,0.0,0.0,0.0,0.0,0.0,0.0
201.601,apt_maskon,PARKED,0.0,0.0,0.0,1,0.0,3.599,0.0,0.0,0.0,0.0,0.0,0.0,0.0
201.701,apt_maskon,PARKED,0.0,0.0,0.0,1,0.0,3.599,0.0,0.0,0.0,0.0,0.0,0.0,0.0
201.813,apt_maskon,PARKED,0.0,0.0,0.0,1,0.0,3.558,0.0,0.0,0.0,0.0,0.0,0.0,0.0
201.902,apt_maskon,PARKED,0.0,0.0,0.0,1,0.0,3.558,0.0,0.0,0.0,0.0,0.0,0.0,0.0
202.002,apt_maskon,PARKED,0.0,0.0,0.0,1,0.0,3.557,0.0,0.0,0.0,0.0,0.0,0.0,0.0
202.132,apt_maskon,PARKED,0.0,0.0,0.0,1,0.0,3.578,0.0,0.0,0.0,0.0,0.0,0.0,0.0
202.201,apt_maskon,PARKED,0.0,0.0,0.0,1,0.0,3.542,0.0,0.0,0.0,0.0,0.0,0.0,0.0
202.344,apt_maskon,PARKED,0.0,0.0,0.0,1,0.0,3.567,0.0,0.0,0.0,0.0,0.0,0.0,0.0
202.442,apt_maskon,PARKED,0.0,0.0,0.0,1,0.0,3.567,0.0,0.0,0.0,0.0,0.0,0.0,0.0
202.549,apt_maskon,PARKED,0.0,0.0,0.0,1,0.0,3.575,0.0,0.0,0.0,0.0,0.0,0.0,0.0
202.604,apt_maskon,PARKED,0.0,0.0,0.0,1,0.0,3.595,0.0,0.0,0.0,0.0,0.0,0.0,0.0
202.702,apt_maskon,PARKED,0.0,0.0,0.0,1,0.0,3.595,0.0,0.0,0.0,0.0,0.0,0.0,0.0
202.801,apt_maskon,PARKED,0.0,0.0,0.0,1,0.0,3.595,0.0,0.0,0.0,0.0,0.0,0.0,0.0
202.901,apt_maskon,PARKED,0.0,0.0,0.0,1,0.0,3.595,0.0,0.0,0.0,0.0,0.0,0.0,0.0
203.002,apt_maskon,PARKED,0.0,0.0,0.0,1,0.0,3.571,0.0,0.0,0.0,0.0,0.0,0.0,0.0
203.102,apt_maskon,PARKED,0.0,0.0,0.0,1,0.0,3.554,0.0,0.0,0.0,0.0,0.0,0.0,0.0
203.209,apt_maskon,PARKED,0.0,0.0,0.0,1,0.0,3.554,0.0,0.0,0.0,0.0,0.0,0.0,0.0
203.325,apt_maskon,PARKED,0.0,0.0,0.0,1,0.0,3.563,0.0,0.0,0.0,0.0,0.0,0.0,0.0
203.402,apt_maskon,PARKED,0.0,0.0,0.0,1,0.0,3.563,0.0,0.0,0.0,0.0,0.0,0.0,0.0
203.501,apt_maskon,PARKED,0.0,0.0,0.0,1,0.0,3.564,0.0,0.0,0.0,0.0,0.0,0.0,0.0
203.631,apt_maskon,PARKED,0.0,0.0,0.0,1,0.0,3.564,0.0,0.0,0.0,0.0,0.0,0.0,0.0
203.747,apt_maskon,PARKED,0.0,0.0,0.0,1,0.0,3.538,0.0,0.0,0.0,0.0,0.0,0.0,0.0
203.802,apt_maskon,PARKED,0.0,0.0,0.0,1,0.0,3.538,0.0,0.0,0.0,0.0,0.0,0.0,0.0
203.901,apt_maskon,PARKED,0.0,0.0,0.0,1,0.0,3.563,0.0,0.0,0.0,0.0,0.0,0.0,0.0
204.002,apt_maskon,PARKED,0.0,0.0,0.0,1,0.0,3.563,0.0,0.0,0.0,0.0,0.0,0.0,0.0
204.101,apt_maskon,PARKED,0.0,0.0,0.0,1,0.0,3.563,0.0,0.0,0.0,0.0,0.0,0.0,0.0
204.225,apt_maskon,PARKED,0.0,0.0,0.0,1,0.0,3.571,0.0,0.0,0.0,0.0,0.0,0.0,0.0
204.302,apt_maskon,PARKED,0.0,0.0,0.0,1,0.0,3.576,0.0,0.0,0.0,0.0,0.0,0.0,0.0
204.402,apt_maskon,PARKED,0.0,0.0,0.0,1,0.0,3.576,0.0,0.0,0.0,0.0,0.0,0.0,0.0
204.501,apt_maskon,PARKED,0.0,0.0,0.0,1,0.0,3.576,0.0,0.0,0.0,0.0,0.0,0.0,0.0
204.601,apt_maskon,PARKED,0.0,0.0,0.0,1,0.0,3.563,0.0,0.0,0.0,0.0,0.0,0.0,0.0
204.705,apt_maskon,PARKED,0.0,0.0,0.0,1,0.0,3.563,0.0,0.0,0.0,0.0,0.0,0.0,0.0
204.802,apt_maskon,PARKED,0.0,0.0,0.0,1,0.0,3.592,0.0,0.0,0.0,0.0,0.0,0.0,0.0
204.9,apt_maskon,PARKED,0.0,0.0,0.0,1,0.0,3.592,0.0,0.0,0.0,0.0,0.0,0.0,0.0
205.001,apt_maskon,PARKED,0.0,0.0,0.0,1,0.0,3.592,0.0,0.0,0.0,0.0,0.0,0.0,0.0
205.119,apt_maskon,PARKED,0.0,0.0,0.0,1,0.0,3.562,0.0,0.0,0.0,0.0,0.0,0.0,0.0
205.242,apt_maskon,PARKED,0.0,0.0,0.0,1,0.0,3.54,0.0,0.0,0.0,0.0,0.0,0.0,0.0
205.301,apt_maskon,PARKED,0.0,0.0,0.0,1,0.0,3.54,0.0,0.0,0.0,0.0,0.0,0.0,0.0
205.401,apt_maskon,PARKED,0.0,0.0,0.0,1,0.0,3.54,0.0,0.0,0.0,0.0,0.0,0.0,0.0
205.537,apt_maskon,PARKED,0.0,0.0,0.0,1,0.0,3.549,0.0,0.0,0.0,0.0,0.0,0.0,0.0
205.644,apt_maskon,PARKED,0.0,0.0,0.0,1,0.0,3.566,0.0,0.0,0.0,0.0,0.0,0.0,0.0
205.702,apt_maskon,PARKED,0.0,0.0,0.0,1,0.0,3.563,0.0,0.0,0.0,0.0,0.0,0.0,0.0
205.801,apt_maskon,PARKED,0.0,0.0,0.0,1,0.0,3.563,0.0,0.0,0.0,0.0,0.0,0.0,0.0
205.902,apt_maskon,PARKED,0.0,0.0,0.0,1,0.0,3.563,0.0,0.0,0.0,0.0,0.0,0.0,0.0
206.041,apt_maskon,PARKED,0.0,0.0,0.0,1,0.0,3.554,0.0,0.0,0.0,0.0,0.0,0.0,0.0
206.105,apt_maskon,PARKED,0.0,0.0,0.0,1,0.0,3.554,0.0,0.0,0.0,0.0,0.0,0.0,0.0
206.205,apt_maskon,PARKED,0.0,0.0,0.0,1,0.0,3.583,0.0,0.0,0.0,0.0,0.0,0.0,0.0
206.301,apt_maskon,PARKED,0.0,0.0,0.0,1,0.0,3.583,0.0,0.0,0.0,0.0,0.0,0.0,0.0
206.402,apt_maskon,PARKED,0.0,0.0,0.0,1,0.0,3.589,0.0,0.0,0.0,0.0,0.0,0.0,0.0
206.506,apt_maskon,PARKED,0.0,0.0,0.0,1,0.0,3.532,0.0,0.0,0.0,0.0,0.0,0.0,0.0
206.618,apt_maskon,PARKED,0.0,0.0,0.0,1,0.0,3.538,0.0,0.0,0.0,0.0,0.0,0.0,0.0
206.721,apt_maskon,PARKED,0.0,0.0,0.0,1,0.0,3.544,0.0,0.0,0.0,0.0,0.0,0.0,0.0
206.801,apt_maskon,PARKED,0.0,0.0,0.0,1,0.0,3.544,0.0,0.0,0.0,0.0,0.0,0.0,0.0
206.929,apt_maskon,PARKED,0.0,0.0,0.0,1,0.0,3.565,0.0,0.0,0.0,0.0,0.0,0.0,0.0
207.002,apt_maskon,PARKED,0.0,0.0,0.0,1,0.0,3.565,0.0,0.0,0.0,0.0,0.0,0.0,0.0
207.147,apt_maskon,PARKED,0.0,0.0,0.0,1,0.0,3.56,0.0,0.0,0.0,0.0,0.0,0.0,0.0
207.203,apt_maskon,PARKED,0.0,0.0,0.0,1,0.0,3.56,0.0,0.0,0.0,0.0,0.0,0.0,0.0
207.302,apt_maskon,PARKED,0.0,0.0,0.0,1,0.0,3.573,0.0,0.0,0.0,0.0,0.0,0.0,0.0
207.43,apt_maskon,PARKED,0.0,0.0,0.0,1,0.0,3.573,0.0,0.0,0.0,0.0,0.0,0.0,0.0
207.516,apt_maskon,PARKED,0.0,0.0,0.0,1,0.0,3.592,0.0,0.0,0.0,0.0,0.0,0.0,0.0
207.632,apt_maskon,PARKED,0.0,0.0,0.0,1,0.0,3.546,0.0,0.0,0.0,0.0,0.0,0.0,0.0
207.743,apt_maskon,PARKED,0.0,0.0,0.0,1,0.0,3.549,0.0,0.0,0.0,0.0,0.0,0.0,0.0
207.849,apt_maskon,PARKED,0.0,0.0,0.0,1,0.0,3.549,0.0,0.0,0.0,0.0,0.0,0.0,0.0
207.901,apt_maskon,PARKED,0.0,0.0,0.0,1,0.0,3.549,0.0,0.0,0.0,0.0,0.0,0.0,0.0
208.021,apt_maskon,PARKED,0.0,0.0,0.0,1,0.0,3.572,0.0,0.0,0.0,0.0,0.0,0.0,0.0
208.101,apt_maskon,PARKED,0.0,0.0,0.0,1,0.0,3.572,0.0,0.0,0.0,0.0,0.0,0.0,0.0
208.201,apt_maskon,PARKED,0.0,0.0,0.0,1,0.0,3.572,0.0,0.0,0.0,0.0,0.0,0.0,0.0
208.301,apt_maskon,PARKED,0.0,0.0,0.0,1,0.0,3.572,0.0,0.0,0.0,0.0,0.0,0.0,0.0
208.449,apt_maskon,PARKED,0.0,0.0,0.0,1,0.0,3.579,0.0,0.0,0.0,0.0,0.0,0.0,0.0
208.504,apt_maskon,PARKED,0.0,0.0,0.0,1,0.0,3.566,0.0,0.0,0.0,0.0,0.0,0.0,0.0
208.601,apt_maskon,PARKED,0.0,0.0,0.0,1,0.0,3.586,0.0,0.0,0.0,0.0,0.0,0.0,0.0
208.736,apt_maskon,PARKED,0.0,0.0,0.0,1,0.0,3.568,0.0,0.0,0.0,0.0,0.0,0.0,0.0
208.833,apt_maskon,PARKED,0.0,0.0,0.0,1,0.0,3.568,0.0,0.0,0.0,0.0,0.0,0.0,0.0
208.94,apt_maskon,PARKED,0.0,0.0,0.0,1,0.0,3.58,0.0,0.0,0.0,0.0,0.0,0.0,0.0
209.002,apt_maskon,PARKED,0.0,0.0,0.0,1,0.0,3.58,0.0,0.0,0.0,0.0,0.0,0.0,0.0
209.101,apt_maskon,PARKED,0.0,0.0,0.0,1,0.0,3.58,0.0,0.0,0.0,0.0,0.0,0.0,0.0
209.201,apt_maskon,PARKED,0.0,0.0,0.0,1,0.0,3.58,0.0,0.0,0.0,0.0,0.0,0.0,0.0
209.314,apt_maskon,PARKED,0.0,0.0,0.0,1,0.0,3.572,0.0,0.0,0.0,0.0,0.0,0.0,0.0
209.428,apt_maskon,PARKED,0.0,0.0,0.0,1,0.0,3.601,0.0,0.0,0.0,0.0,0.0,0.0,0.0
209.541,apt_maskon,PARKED,0.0,0.0,0.0,1,0.0,3.581,0.0,0.0,0.0,0.0,0.0,0.0,0.0
209.601,apt_maskon,PARKED,0.0,0.0,0.0,1,0.0,3.605,0.0,0.0,0.0,0.0,0.0,0.0,0.0
209.729,apt_maskon,PARKED,0.0,0.0,0.0,1,0.0,3.605,0.0,0.0,0.0,0.0,0.0,0.0,0.0
209.802,apt_maskon,PARKED,0.0,0.0,0.0,1,0.0,3.567,0.0,0.0,0.0,0.0,0.0,0.0,0.0
209.908,apt_maskon,PARKED,0.0,0.0,0.0,1,0.0,3.592,0.0,0.0,0.0,0.0,0.0,0.0,0.0
210.021,apt_maskon,PARKED,0.0,0.0,0.0,1,0.0,3.576,0.0,0.0,0.0,0.0,0.0,0.0,0.0
210.101,apt_maskon,PARKED,0.0,0.0,0.0,1,0.0,3.576,0.0,0.0,0.0,0.0,0.0,0.0,0.0
210.201,apt_maskon,PARKED,0.0,0.0,0.0,1,0.0,3.576,0.0,0.0,0.0,0.0,0.0,0.0,0.0
210.301,apt_maskon,PARKED,0.0,0.0,0.0,1,0.0,3.576,0.0,0.0,0.0,0.0,0.0,0.0,0.0
210.407,apt_maskon,PARKED,0.0,0.0,0.0,1,0.0,3.581,0.0,0.0,0.0,0.0,0.0,0.0,0.0
210.503,apt_maskon,PARKED,0.0,0.0,0.0,1,0.0,3.581,0.0,0.0,0.0,0.0,0.0,0.0,0.0
210.609,apt_maskon,PARKED,0.0,0.0,0.0,1,0.0,3.588,0.0,0.0,0.0,0.0,0.0,0.0,0.0
210.739,apt_maskon,PARKED,0.0,0.0,0.0,1,0.0,3.559,0.0,0.0,0.0,0.0,0.0,0.0,0.0
210.842,apt_maskon,PARKED,0.0,0.0,0.0,1,0.0,3.548,0.0,0.0,0.0,0.0,0.0,0.0,0.0
210.902,apt_maskon,PARKED,0.0,0.0,0.0,1,0.0,3.548,0.0,0.0,0.0,0.0,0.0,0.0,0.0
211.043,apt_maskon,PARKED,0.0,0.0,0.0,1,0.0,3.571,0.0,0.0,0.0,0.0,0.0,0.0,0.0
211.101,apt_maskon,PARKED,0.0,0.0,0.0,1,0.0,3.571,0.0,0.0,0.0,0.0,0.0,0.0,0.0
211.201,apt_maskon,PARKED,0.0,0.0,0.0,1,0.0,3.571,0.0,0.0,0.0,0.0,0.0,0.0,0.0
211.301,apt_maskon,PARKED,0.0,0.0,0.0,1,0.0,3.571,0.0,0.0,0.0,0.0,0.0,0.0,0.0
211.401,apt_maskon,PARKED,0.0,0.0,0.0,1,0.0,3.571,0.0,0.0,0.0,0.0,0.0,0.0,0.0
211.508,apt_maskon,PARKED,0.0,0.0,0.0,1,0.0,3.546,0.0,0.0,0.0,0.0,0.0,0.0,0.0
211.602,apt_maskon,PARKED,0.0,0.0,0.0,1,0.0,3.54,0.0,0.0,0.0,0.0,0.0,0.0,0.0
211.701,apt_maskon,PARKED,0.0,0.0,0.0,1,0.0,3.54,0.0,0.0,0.0,0.0,0.0,0.0,0.0
211.842,apt_maskon,PARKED,0.0,0.0,0.0,1,0.0,3.54,0.0,0.0,0.0,0.0,0.0,0.0,0.0
211.905,apt_maskon,PARKED,0.0,0.0,0.0,1,0.0,3.601,0.0,0.0,0.0,0.0,0.0,0.0,0.0
212.001,apt_maskon,PARKED,0.0,0.0,0.0,1,0.0,3.601,0.0,0.0,0.0,0.0,0.0,0.0,0.0
212.106,apt_maskon,PARKED,0.0,0.0,0.0,1,0.0,3.585,0.0,0.0,0.0,0.0,0.0,0.0,0.0
212.201,apt_maskon,PARKED,0.0,0.0,0.0,1,0.0,3.585,0.0,0.0,0.0,0.0,0.0,0.0,0.0
212.301,apt_maskon,PARKED,0.0,0.0,0.0,1,0.0,3.585,0.0,0.0,0.0,0.0,0.0,0.0,0.0
212.412,apt_maskon,PARKED,0.0,0.0,0.0,1,0.0,3.559,0.0,0.0,0.0,0.0,0.0,0.0,0.0
212.501,apt_maskon,PARKED,0.0,0.0,0.0,1,0.0,3.597,0.0,0.0,0.0,0.0,0.0,0.0,0.0
212.628,apt_maskon,PARKED,0.0,0.0,0.0,1,0.0,3.559,0.0,0.0,0.0,0.0,0.0,0.0,0.0
212.702,apt_maskon,PARKED,0.0,0.0,0.0,1,0.0,3.559,0.0,0.0,0.0,0.0,0.0,0.0,0.0
212.806,apt_maskon,PARKED,0.0,0.0,0.0,1,0.0,3.554,0.0,0.0,0.0,0.0,0.0,0.0,0.0
212.926,apt_maskon,PARKED,0.0,0.0,0.0,1,0.0,3.555,0.0,0.0,0.0,0.0,0.0,0.0,0.0
213.001,apt_maskon,PARKED,0.0,0.0,0.0,1,0.0,3.555,0.0,0.0,0.0,0.0,0.0,0.0,0.0
213.101,apt_maskon,PARKED,0.0,0.0,0.0,1,0.0,3.555,0.0,0.0,0.0,0.0,0.0,0.0,0.0
213.201,apt_maskon,PARKED,0.0,0.0,0.0,1,0.0,3.555,0.0,0.0,0.0,0.0,0.0,0.0,0.0
213.301,apt_maskon,PARKED,0.0,0.0,0.0,1,0.0,3.543,0.0,0.0,0.0,0.0,0.0,0.0,0.0
213.401,apt_maskon,PARKED,0.0,0.0,0.0,1,0.0,3.543,0.0,0.0,0.0,0.0,0.0,0.0,0.0
213.501,apt_maskon,PARKED,0.0,0.0,0.0,1,0.0,3.543,0.0,0.0,0.0,0.0,0.0,0.0,0.0
213.602,apt_maskon,PARKED,0.0,0.0,0.0,1,0.0,3.543,0.0,0.0,0.0,0.0,0.0,0.0,0.0
213.712,apt_maskon,PARKED,0.0,0.0,0.0,1,0.0,3.567,0.0,0.0,0.0,0.0,0.0,0.0,0.0
213.841,apt_maskon,PARKED,0.0,0.0,0.0,1,0.0,3.599,0.0,0.0,0.0,0.0,0.0,0.0,0.0
213.902,apt_maskon,PARKED,0.0,0.0,0.0,1,0.0,3.599,0.0,0.0,0.0,0.0,0.0,0.0,0.0
214.001,apt_maskon,PARKED,0.0,0.0,0.0,1,0.0,3.599,0.0,0.0,0.0,0.0,0.0,0.0,0.0
214.128,apt_maskon,PARKED,0.0,0.0,0.0,1,0.0,3.595,0.0,0.0,0.0,0.0,0.0,0.0,0.0
214.249,apt_maskon,PARKED,0.0,0.0,0.0,1,0.0,3.564,0.0,0.0,0.0,0.0,0.0,0.0,0.0
214.344,apt_maskon,PARKED,0.0,0.0,0.0,1,0.0,3.564,0.0,0.0,0.0,0.0,0.0,0.0,0.0
214.401,apt_maskon,PARKED,0.0,0.0,0.0,1,0.0,3.564,0.0,0.0,0.0,0.0,0.0,0.0,0.0
214.501,apt_maskon,PARKED,0.0,0.0,0.0,1,0.0,3.564,0.0,0.0,0.0,0.0,0.0,0.0,0.0
214.601,apt_maskon,PARKED,0.0,0.0,0.0,1,0.0,3.571,0.0,0.0,0.0,0.0,0.0,0.0,0.0
214.735,apt_maskon,PARKED,0.0,0.0,0.0,1,0.0,3.536,0.0,0.0,0.0,0.0,0.0,0.0,0.0
214.842,apt_maskon,PARKED,0.0,0.0,0.0,1,0.0,3.562,0.0,0.0,0.0,0.0,0.0,0.0,0.0
214.942,apt_maskon,PARKED,0.0,0.0,0.0,1,0.0,3.562,0.0,0.0,0.0,0.0,0.0,0.0,0.0
215.007,apt_maskon,PARKED,0.0,0.0,0.0,1,0.0,3.562,0.0,0.0,0.0,0.0,0.0,0.0,0.0
215.133,apt_maskon,PARKED,0.0,0.0,0.0,1,0.0,3.601,0.0,0.0,0.0,0.0,0.0,0.0,0.0
215.201,apt_maskon,PARKED,0.0,0.0,0.0,1,0.0,3.567,0.0,0.0,0.0,0.0,0.0,0.0,0.0
215.333,apt_maskon,PARKED,0.0,0.0,0.0,1,0.0,3.562,0.0,0.0,0.0,0.0,0.0,0.0,0.0
215.402,apt_maskon,PARKED,0.0,0.0,0.0,1,0.0,3.562,0.0,0.0,0.0,0.0,0.0,0.0,0.0
215.501,apt_maskon,PARKED,0.0,0.0,0.0,1,0.0,3.562,0.0,0.0,0.0,0.0,0.0,0.0,0.0
215.601,apt_maskon,PARKED,0.0,0.0,0.0,1,0.0,3.562,0.0,0.0,0.0,0.0,0.0,0.0,0.0
215.702,apt_maskon,PARKED,0.0,0.0,0.0,1,0.0,3.559,0.0,0.0,0.0,0.0,0.0,0.0,0.0
215.83,apt_maskon,PARKED,0.0,0.0,0.0,1,0.0,3.575,0.0,0.0,0.0,0.0,0.0,0.0,0.0
215.901,apt_maskon,PARKED,0.0,0.0,0.0,1,0.0,3.575,0.0,0.0,0.0,0.0,0.0,0.0,0.0
216.044,apt_maskon,PARKED,0.0,0.0,0.0,1,0.0,3.575,0.0,0.0,0.0,0.0,0.0,0.0,0.0
216.103,apt_maskon,PARKED,0.0,0.0,0.0,1,0.0,3.539,0.0,0.0,0.0,0.0,0.0,0.0,0.0
216.221,apt_maskon,PARKED,0.0,0.0,0.0,1,0.0,3.56,0.0,0.0,0.0,0.0,0.0,0.0,0.0
216.302,apt_maskon,PARKED,0.0,0.0,0.0,1,0.0,3.56,0.0,0.0,0.0,0.0,0.0,0.0,0.0
216.401,apt_maskon,PARKED,0.0,0.0,0.0,1,0.0,3.56,0.0,0.0,0.0,0.0,0.0,0.0,0.0
216.501,apt_maskon,PARKED,0.0,0.0,0.0,1,0.0,3.56,0.0,0.0,0.0,0.0,0.0,0.0,0.0
216.602,apt_maskon,PARKED,0.0,0.0,0.0,1,0.0,3.56,0.0,0.0,0.0,0.0,0.0,0.0,0.0
216.701,apt_maskon,PARKED,0.0,0.0,0.0,1,0.0,3.545,0.0,0.0,0.0,0.0,0.0,0.0,0.0
216.801,apt_maskon,PARKED,0.0,0.0,0.0,1,0.0,3.509,0.0,0.0,0.0,0.0,0.0,0.0,0.0
216.901,apt_maskon,PARKED,0.0,0.0,0.0,1,0.0,3.509,0.0,0.0,0.0,0.0,0.0,0.0,0.0
217.037,apt_maskon,PARKED,0.0,0.0,0.0,1,0.0,3.57,0.0,0.0,0.0,0.0,0.0,0.0,0.0
217.101,apt_maskon,PARKED,0.0,0.0,0.0,1,0.0,3.57,0.0,0.0,0.0,0.0,0.0,0.0,0.0
217.202,apt_maskon,PARKED,0.0,0.0,0.0,1,0.0,3.555,0.0,0.0,0.0,0.0,0.0,0.0,0.0
217.339,apt_maskon,PARKED,0.0,0.0,0.0,1,0.0,3.555,0.0,0.0,0.0,0.0,0.0,0.0,0.0
217.401,apt_maskon,PARKED,0.0,0.0,0.0,1,0.0,3.559,0.0,0.0,0.0,0.0,0.0,0.0,0.0
217.501,apt_maskon,PARKED,0.0,0.0,0.0,1,0.0,3.569,0.0,0.0,0.0,0.0,0.0,0.0,0.0
217.601,apt_maskon,PARKED,0.0,0.0,0.0,1,0.0,3.569,0.0,0.0,0.0,0.0,0.0,0.0,0.0
217.701,apt_maskon,PARKED,0.0,0.0,0.0,1,0.0,3.569,0.0,0.0,0.0,0.0,0.0,0.0,0.0
217.801,apt_maskon,PARKED,0.0,0.0,0.0,1,0.0,3.564,0.0,0.0,0.0,0.0,0.0,0.0,0.0
217.932,apt_maskon,PARKED,0.0,0.0,0.0,1,0.0,3.566,0.0,0.0,0.0,0.0,0.0,0.0,0.0
218.001,apt_maskon,PARKED,0.0,0.0,0.0,1,0.0,3.565,0.0,0.0,0.0,0.0,0.0,0.0,0.0
218.138,apt_maskon,PARKED,0.0,0.0,0.0,1,0.0,3.565,0.0,0.0,0.0,0.0,0.0,0.0,0.0
218.2,apt_maskon,PARKED,0.0,0.0,0.0,1,0.0,3.565,0.0,0.0,0.0,0.0,0.0,0.0,0.0
218.348,apt_maskon,PARKED,0.0,0.0,0.0,1,0.0,3.577,0.0,0.0,0.0,0.0,0.0,0.0,0.0
218.406,apt_maskon,PARKED,0.0,0.0,0.0,1,0.0,3.553,0.0,0.0,0.0,0.0,0.0,0.0,0.0
218.502,apt_maskon,PARKED,0.0,0.0,0.0,1,0.0,3.553,0.0,0.0,0.0,0.0,0.0,0.0,0.0
218.601,apt_maskon,PARKED,0.0,0.0,0.0,1,0.0,3.553,0.0,0.0,0.0,0.0,0.0,0.0,0.0
218.701,apt_maskon,PARKED,0.0,0.0,0.0,1,0.0,3.553,0.0,0.0,0.0,0.0,0.0,0.0,0.0
218.801,apt_maskon,PARKED,0.0,0.0,0.0,1,0.0,3.553,0.0,0.0,0.0,0.0,0.0,0.0,0.0
218.933,apt_maskon,PARKED,0.0,0.0,0.0,1,0.0,3.521,0.0,0.0,0.0,0.0,0.0,0.0,0.0
219.002,apt_maskon,PARKED,0.0,0.0,0.0,1,0.0,3.521,0.0,0.0,0.0,0.0,0.0,0.0,0.0
219.101,apt_maskon,PARKED,0.0,0.0,0.0,1,0.0,3.518,0.0,0.0,0.0,0.0,0.0,0.0,0.0
219.202,apt_maskon,PARKED,0.0,0.0,0.0,1,0.0,3.505,0.0,0.0,0.0,0.0,0.0,0.0,0.0
219.309,apt_maskon,PARKED,0.0,0.0,0.0,1,0.0,3.563,0.0,0.0,0.0,0.0,0.0,0.0,0.0
219.401,apt_maskon,PARKED,0.0,0.0,0.0,1,0.0,3.563,0.0,0.0,0.0,0.0,0.0,0.0,0.0
219.502,apt_maskon,PARKED,0.0,0.0,0.0,1,0.0,3.563,0.0,0.0,0.0,0.0,0.0,0.0,0.0
219.601,apt_maskon,PARKED,0.0,0.0,0.0,1,0.0,3.563,0.0,0.0,0.0,0.0,0.0,0.0,0.0
219.701,apt_maskon,PARKED,0.0,0.0,0.0,1,0.0,3.563,0.0,0.0,0.0,0.0,0.0,0.0,0.0
219.813,apt_maskon,PARKED,0.0,0.0,0.0,1,0.0,3.56,0.0,0.0,0.0,0.0,0.0,0.0,0.0
219.901,apt_maskon,PARKED,0.0,0.0,0.0,1,0.0,3.56,0.0,0.0,0.0,0.0,0.0,0.0,0.0
220.029,apt_maskon,PARKED,0.0,0.0,0.0,1,0.0,3.554,0.0,0.0,0.0,0.0,0.0,0.0,0.0
220.139,apt_maskon,PARKED,0.0,0.0,0.0,1,0.0,3.525,0.0,0.0,0.0,0.0,0.0,0.0,0.0
220.201,apt_maskon,PARKED,0.0,0.0,0.0,1,0.0,3.53,0.0,0.0,0.0,0.0,0.0,0.0,0.0
220.301,apt_maskon,PARKED,0.0,0.0,0.0,1,0.0,3.536,0.0,0.0,0.0,0.0,0.0,0.0,0.0
220.434,apt_maskon,PARKED,0.0,0.0,0.0,1,0.0,3.556,0.0,0.0,0.0,0.0,0.0,0.0,0.0
220.502,apt_maskon,PARKED,0.0,0.0,0.0,1,0.0,3.556,0.0,0.0,0.0,0.0,0.0,0.0,0.0
220.601,apt_maskon,PARKED,0.0,0.0,0.0,1,0.0,3.556,0.0,0.0,0.0,0.0,0.0,0.0,0.0
220.751,apt_maskon,PARKED,0.0,0.0,0.0,1,0.0,3.552,0.0,0.0,0.0,0.0,0.0,0.0,0.0
220.802,apt_maskon,PARKED,0.0,0.0,0.0,1,0.0,3.552,0.0,0.0,0.0,0.0,0.0,0.0,0.0
220.927,apt_maskon,PARKED,0.0,0.0,0.0,1,0.0,3.598,0.0,0.0,0.0,0.0,0.0,0.0,0.0
221.032,apt_maskon,PARKED,0.0,0.0,0.0,1,0.0,3.553,0.0,0.0,0.0,0.0,0.0,0.0,0.0
221.141,apt_maskon,PARKED,0.0,0.0,0.0,1,0.0,3.553,0.0,0.0,0.0,0.0,0.0,0.0,0.0
221.204,apt_maskon,PARKED,0.0,0.0,0.0,1,0.0,3.573,0.0,0.0,0.0,0.0,0.0,0.0,0.0
221.318,apt_maskon,PARKED,0.0,0.0,0.0,1,0.0,3.552,0.0,0.0,0.0,0.0,0.0,0.0,0.0
221.401,apt_maskon,PARKED,0.0,0.0,0.0,1,0.0,3.539,0.0,0.0,0.0,0.0,0.0,0.0,0.0
221.55,apt_maskon,PARKED,0.0,0.0,0.0,1,0.0,3.551,0.0,0.0,0.0,0.0,0.0,0.0,0.0
221.601,apt_maskon,PARKED,0.0,0.0,0.0,1,0.0,3.551,0.0,0.0,0.0,0.0,0.0,0.0,0.0
221.701,apt_maskon,PARKED,0.0,0.0,0.0,1,0.0,3.551,0.0,0.0,0.0,0.0,0.0,0.0,0.0
221.809,apt_maskon,PARKED,0.0,0.0,0.0,1,0.0,3.595,0.0,0.0,0.0,0.0,0.0,0.0,0.0
221.91,apt_maskon,PARKED,0.0,0.0,0.0,1,0.0,3.595,0.0,0.0,0.0,0.0,0.0,0.0,0.0
222.002,apt_maskon,PARKED,0.0,0.0,0.0,1,0.0,3.543,0.0,0.0,0.0,0.0,0.0,0.0,0.0
222.101,apt_maskon,PARKED,0.0,0.0,0.0,1,0.0,3.561,0.0,0.0,0.0,0.0,0.0,0.0,0.0
222.225,apt_maskon,PARKED,0.0,0.0,0.0,1,0.0,3.566,0.0,0.0,0.0,0.0,0.0,0.0,0.0
222.303,apt_maskon,PARKED,0.0,0.0,0.0,1,0.0,3.566,0.0,0.0,0.0,0.0,0.0,0.0,0.0
222.401,apt_maskon,PARKED,0.0,0.0,0.0,1,0.0,3.566,0.0,0.0,0.0,0.0,0.0,0.0,0.0
222.501,apt_maskon,PARKED,0.0,0.0,0.0,1,0.0,3.566,0.0,0.0,0.0,0.0,0.0,0.0,0.0
222.609,apt_maskon,PARKED,0.0,0.0,0.0,1,0.0,3.541,0.0,0.0,0.0,0.0,0.0,0.0,0.0
222.701,apt_maskon,PARKED,0.0,0.0,0.0,1,0.0,3.541,0.0,0.0,0.0,0.0,0.0,0.0,0.0
222.801,apt_maskon,PARKED,0.0,0.0,0.0,1,0.0,3.541,0.0,0.0,0.0,0.0,0.0,0.0,0.0
222.901,apt_maskon,PARKED,0.0,0.0,0.0,1,0.0,3.541,0.0,0.0,0.0,0.0,0.0,0.0,0.0
223.001,apt_maskon,PARKED,0.0,0.0,0.0,1,0.0,3.533,0.0,0.0,0.0,0.0,0.0,0.0,0.0
223.111,apt_maskon,PARKED,0.0,0.0,0.0,1,0.0,3.556,0.0,0.0,0.0,0.0,0.0,0.0,0.0
223.201,apt_maskon,PARKED,0.0,0.0,0.0,1,0.0,3.556,0.0,0.0,0.0,0.0,0.0,0.0,0.0
223.301,apt_maskon,PARKED,0.0,0.0,0.0,1,0.0,3.552,0.0,0.0,0.0,0.0,0.0,0.0,0.0
223.45,apt_maskon,PARKED,0.0,0.0,0.0,1,0.0,3.561,0.0,0.0,0.0,0.0,0.0,0.0,0.0
223.504,apt_maskon,PARKED,0.0,0.0,0.0,1,0.0,3.542,0.0,0.0,0.0,0.0,0.0,0.0,0.0
223.612,apt_maskon,PARKED,0.0,0.0,0.0,1,0.0,3.604,0.0,0.0,0.0,0.0,0.0,0.0,0.0
223.701,apt_maskon,PARKED,0.0,0.0,0.0,1,0.0,3.604,0.0,0.0,0.0,0.0,0.0,0.0,0.0
223.801,apt_maskon,PARKED,0.0,0.0,0.0,1,0.0,3.604,0.0,0.0,0.0,0.0,0.0,0.0,0.0
223.924,apt_maskon,PARKED,0.0,0.0,0.0,1,0.0,3.584,0.0,0.0,0.0,0.0,0.0,0.0,0.0
224.032,apt_maskon,PARKED,0.0,0.0,0.0,1,0.0,3.576,0.0,0.0,0.0,0.0,0.0,0.0,0.0
224.101,apt_maskon,PARKED,0.0,0.0,0.0,1,0.0,3.568,0.0,0.0,0.0,0.0,0.0,0.0,0.0
224.245,apt_maskon,PARKED,0.0,0.0,0.0,1,0.0,3.581,0.0,0.0,0.0,0.0,0.0,0.0,0.0
224.336,apt_maskon,PARKED,0.0,0.0,0.0,1,0.0,3.581,0.0,0.0,0.0,0.0,0.0,0.0,0.0
224.446,apt_maskon,PARKED,0.0,0.0,0.0,1,0.0,3.58,0.0,0.0,0.0,0.0,0.0,0.0,0.0
224.501,apt_maskon,PARKED,0.0,0.0,0.0,1,0.0,3.58,0.0,0.0,0.0,0.0,0.0,0.0,0.0
224.601,apt_maskon,PARKED,0.0,0.0,0.0,1,0.0,3.58,0.0,0.0,0.0,0.0,0.0,0.0,0.0
224.701,apt_maskon,PARKED,0.0,0.0,0.0,1,0.0,3.548,0.0,0.0,0.0,0.0,0.0,0.0,0.0
224.8,apt_maskon,PARKED,0.0,0.0,0.0,1,0.0,3.548,0.0,0.0,0.0,0.0,0.0,0.0,0.0
224.9,apt_maskon,PARKED,0.0,0.0,0.0,1,0.0,3.568,0.0,0.0,0.0,0.0,0.0,0.0,0.0
225.004,apt_maskon,PARKED,0.0,0.0,0.0,1,0.0,3.612,0.0,0.0,0.0,0.0,0.0,0.0,0.0
225.128,apt_maskon,PARKED,0.0,0.0,0.0,1,0.0,3.612,0.0,0.0,0.0,0.0,0.0,0.0,0.0
225.201,apt_maskon,PARKED,0.0,0.0,0.0,1,0.0,3.612,0.0,0.0,0.0,0.0,0.0,0.0,0.0
225.323,apt_maskon,PARKED,0.0,0.0,0.0,1,0.0,3.574,0.0,0.0,0.0,0.0,0.0,0.0,0.0
225.439,apt_maskon,PARKED,0.0,0.0,0.0,1,0.0,3.573,0.0,0.0,0.0,0.0,0.0,0.0,0.0
225.529,apt_maskon,PARKED,0.0,0.0,0.0,1,0.0,3.573,0.0,0.0,0.0,0.0,0.0,0.0,0.0
225.625,apt_maskon,PARKED,0.0,0.0,0.0,1,0.0,3.611,0.0,0.0,0.0,0.0,0.0,0.0,0.0
225.715,apt_maskon,PARKED,0.0,0.0,0.0,1,0.0,3.6,0.0,0.0,0.0,0.0,0.0,0.0,0.0
225.817,apt_maskon,PARKED,0.0,0.0,0.0,1,0.0,3.563,0.0,0.0,0.0,0.0,0.0,0.0,0.0
225.926,apt_maskon,PARKED,0.0,0.0,0.0,1,0.0,3.583,0.0,0.0,0.0,0.0,0.0,0.0,0.0
226.044,apt_maskon,PARKED,0.0,0.0,0.0,1,0.0,3.583,0.0,0.0,0.0,0.0,0.0,0.0,0.0
226.146,apt_maskon,PARKED,0.0,0.0,0.0,1,0.0,3.586,0.0,0.0,0.0,0.0,0.0,0.0,0.0
226.206,apt_maskon,PARKED,0.0,0.0,0.0,1,0.0,3.586,0.0,0.0,0.0,0.0,0.0,0.0,0.0
226.321,apt_maskon,PARKED,0.0,0.0,0.0,1,0.0,3.563,0.0,0.0,0.0,0.0,0.0,0.0,0.0
226.402,apt_maskon,PARKED,0.0,0.0,0.0,1,0.0,3.574,0.0,0.0,0.0,0.0,0.0,0.0,0.0
226.502,apt_maskon,PARKED,0.0,0.0,0.0,1,0.0,3.574,0.0,0.0,0.0,0.0,0.0,0.0,0.0
226.601,apt_maskon,PARKED,0.0,0.0,0.0,1,0.0,3.574,0.0,0.0,0.0,0.0,0.0,0.0,0.0
226.723,apt_maskon,PARKED,0.0,0.0,0.0,1,0.0,3.568,0.0,0.0,0.0,0.0,0.0,0.0,0.0
226.801,apt_maskon,PARKED,0.0,0.0,0.0,1,0.0,3.559,0.0,0.0,0.0,0.0,0.0,0.0,0.0
226.901,apt_maskon,PARKED,0.0,0.0,0.0,1,0.0,3.559,0.0,0.0,0.0,0.0,0.0,0.0,0.0
227.001,apt_maskon,PARKED,0.0,0.0,0.0,1,0.0,3.559,0.0,0.0,0.0,0.0,0.0,0.0,0.0
227.128,apt_maskon,PARKED,0.0,0.0,0.0,1,0.0,3.599,0.0,0.0,0.0,0.0,0.0,0.0,0.0
227.241,apt_maskon,PARKED,0.0,0.0,0.0,1,0.0,3.557,0.0,0.0,0.0,0.0,0.0,0.0,0.0
227.302,apt_maskon,PARKED,0.0,0.0,0.0,1,0.0,3.557,0.0,0.0,0.0,0.0,0.0,0.0,0.0
227.401,apt_maskon,PARKED,0.0,0.0,0.0,1,0.0,3.557,0.0,0.0,0.0,0.0,0.0,0.0,0.0
227.535,apt_maskon,PARKED,0.0,0.0,0.0,1,0.0,3.547,0.0,0.0,0.0,0.0,0.0,0.0,0.0
227.651,apt_maskon,PARKED,0.0,0.0,0.0,1,0.0,3.577,0.0,0.0,0.0,0.0,0.0,0.0,0.0
227.706,apt_maskon,PARKED,0.0,0.0,0.0,1,0.0,3.587,0.0,0.0,0.0,0.0,0.0,0.0,0.0
227.812,apt_maskon,PARKED,0.0,0.0,0.0,1,0.0,3.587,0.0,0.0,0.0,0.0,0.0,0.0,0.0
227.901,apt_maskon,PARKED,0.0,0.0,0.0,1,0.0,3.587,0.0,0.0,0.0,0.0,0.0,0.0,0.0
228.018,apt_maskon,PARKED,0.0,0.0,0.0,1,0.0,3.597,0.0,0.0,0.0,0.0,0.0,0.0,0.0
228.119,apt_maskon,PARKED,0.0,0.0,0.0,1,0.0,3.597,0.0,0.0,0.0,0.0,0.0,0.0,0.0
228.226,apt_maskon,PARKED,0.0,0.0,0.0,1,0.0,3.571,0.0,0.0,0.0,0.0,0.0,0.0,0.0
228.339,apt_maskon,PARKED,0.0,0.0,0.0,1,0.0,3.551,0.0,0.0,0.0,0.0,0.0,0.0,0.0
228.401,apt_maskon,PARKED,0.0,0.0,0.0,1,0.0,3.551,0.0,0.0,0.0,0.0,0.0,0.0,0.0
228.502,apt_maskon,PARKED,0.0,0.0,0.0,1,0.0,3.553,0.0,0.0,0.0,0.0,0.0,0.0,0.0
228.625,apt_maskon,PARKED,0.0,0.0,0.0,1,0.0,3.572,0.0,0.0,0.0,0.0,0.0,0.0,0.0
228.736,apt_maskon,PARKED,0.0,0.0,0.0,1,0.0,3.525,0.0,0.0,0.0,0.0,0.0,0.0,0.0
228.802,apt_maskon,PARKED,0.0,0.0,0.0,1,0.0,3.525,0.0,0.0,0.0,0.0,0.0,0.0,0.0
228.901,apt_maskon,PARKED,0.0,0.0,0.0,1,0.0,3.525,0.0,0.0,0.0,0.0,0.0,0.0,0.0
229.001,apt_maskon,PARKED,0.0,0.0,0.0,1,0.0,3.525,0.0,0.0,0.0,0.0,0.0,0.0,0.0
229.101,apt_maskon,PARKED,0.0,0.0,0.0,1,0.0,3.525,0.0,0.0,0.0,0.0,0.0,0.0,0.0
229.221,apt_maskon,PARKED,0.0,0.0,0.0,1,0.0,3.544,0.0,0.0,0.0,0.0,0.0,0.0,0.0
229.316,apt_maskon,PARKED,0.0,0.0,0.0,1,0.0,3.544,0.0,0.0,0.0,0.0,0.0,0.0,0.0
229.401,apt_maskon,PARKED,0.0,0.0,0.0,1,0.0,3.544,0.0,0.0,0.0,0.0,0.0,0.0,0.0
229.517,apt_maskon,PARKED,0.0,0.0,0.0,1,0.0,3.574,0.0,0.0,0.0,0.0,0.0,0.0,0.0
229.625,apt_maskon,PARKED,0.0,0.0,0.0,1,0.0,3.548,0.0,0.0,0.0,0.0,0.0,0.0,0.0
229.701,apt_maskon,PARKED,0.0,0.0,0.0,1,0.0,3.533,0.0,0.0,0.0,0.0,0.0,0.0,0.0
229.802,apt_maskon,PARKED,0.0,0.0,0.0,1,0.0,3.533,0.0,0.0,0.0,0.0,0.0,0.0,0.0
229.91,apt_maskon,PARKED,0.0,0.0,0.0,1,0.0,3.533,0.0,0.0,0.0,0.0,0.0,0.0,0.0
230.001,apt_maskon,PARKED,0.0,0.0,0.0,1,0.0,3.533,0.0,0.0,0.0,0.0,0.0,0.0,0.0
230.101,apt_maskon,PARKED,0.0,0.0,0.0,1,0.0,3.533,0.0,0.0,0.0,0.0,0.0,0.0,0.0
230.247,apt_maskon,PARKED,0.0,0.0,0.0,1,0.0,3.574,0.0,0.0,0.0,0.0,0.0,0.0,0.0
230.301,apt_maskon,PARKED,0.0,0.0,0.0,1,0.0,3.574,0.0,0.0,0.0,0.0,0.0,0.0,0.0
230.442,apt_maskon,PARKED,0.0,0.0,0.0,1,0.0,3.587,0.0,0.0,0.0,0.0,0.0,0.0,0.0
230.51,apt_maskon,PARKED,0.0,0.0,0.0,1,0.0,3.587,0.0,0.0,0.0,0.0,0.0,0.0,0.0
230.601,apt_maskon,PARKED,0.0,0.0,0.0,1,0.0,3.556,0.0,0.0,0.0,0.0,0.0,0.0,0.0
230.702,apt_maskon,PARKED,0.0,0.0,0.0,1,0.0,3.59,0.0,0.0,0.0,0.0,0.0,0.0,0.0
230.801,apt_maskon,PARKED,0.0,0.0,0.0,1,0.0,3.59,0.0,0.0,0.0,0.0,0.0,0.0,0.0
230.901,apt_maskon,PARKED,0.0,0.0,0.0,1,0.0,3.578,0.0,0.0,0.0,0.0,0.0,0.0,0.0
231.001,apt_maskon,PARKED,0.0,0.0,0.0,1,0.0,3.558,0.0,0.0,0.0,0.0,0.0,0.0,0.0
231.101,apt_maskon,PARKED,0.0,0.0,0.0,1,0.0,3.558,0.0,0.0,0.0,0.0,0.0,0.0,0.0
231.201,apt_maskon,PARKED,0.0,0.0,0.0,1,0.0,3.558,0.0,0.0,0.0,0.0,0.0,0.0,0.0
231.338,apt_maskon,PARKED,0.0,0.0,0.0,1,0.0,3.568,0.0,0.0,0.0,0.0,0.0,0.0,0.0
231.4,apt_maskon,PARKED,0.0,0.0,0.0,1,0.0,3.568,0.0,0.0,0.0,0.0,0.0,0.0,0.0
231.501,apt_maskon,PARKED,0.0,0.0,0.0,1,0.0,3.551,0.0,0.0,0.0,0.0,0.0,0.0,0.0
231.601,apt_maskon,PARKED,0.0,0.0,0.0,1,0.0,3.563,0.0,0.0,0.0,0.0,0.0,0.0,0.0
231.746,apt_maskon,PARKED,0.0,0.0,0.0,1,0.0,3.563,0.0,0.0,0.0,0.0,0.0,0.0,0.0
231.809,apt_maskon,PARKED,0.0,0.0,0.0,1,0.0,3.539,0.0,0.0,0.0,0.0,0.0,0.0,0.0
231.935,apt_maskon,PARKED,0.0,0.0,0.0,1,0.0,3.569,0.0,0.0,0.0,0.0,0.0,0.0,0.0
232.002,apt_maskon,PARKED,0.0,0.0,0.0,1,0.0,3.569,0.0,0.0,0.0,0.0,0.0,0.0,0.0
232.101,apt_maskon,PARKED,0.0,0.0,0.0,1,0.0,3.569,0.0,0.0,0.0,0.0,0.0,0.0,0.0
232.228,apt_maskon,PARKED,0.0,0.0,0.0,1,0.0,3.614,0.0,0.0,0.0,0.0,0.0,0.0,0.0
232.342,apt_maskon,PARKED,0.0,0.0,0.0,1,0.0,3.61,0.0,0.0,0.0,0.0,0.0,0.0,0.0
232.402,apt_maskon,PARKED,0.0,0.0,0.0,1,0.0,3.61,0.0,0.0,0.0,0.0,0.0,0.0,0.0
232.501,apt_maskon,PARKED,0.0,0.0,0.0,1,0.0,3.603,0.0,0.0,0.0,0.0,0.0,0.0,0.0
232.64,apt_maskon,PARKED,0.0,0.0,0.0,1,0.0,3.603,0.0,0.0,0.0,0.0,0.0,0.0,0.0
232.701,apt_maskon,PARKED,0.0,0.0,0.0,1,0.0,3.58,0.0,0.0,0.0,0.0,0.0,0.0,0.0
232.822,apt_maskon,PARKED,0.0,0.0,0.0,1,0.0,3.57,0.0,0.0,0.0,0.0,0.0,0.0,0.0
232.902,apt_maskon,PARKED,0.0,0.0,0.0,1,0.0,3.57,0.0,0.0,0.0,0.0,0.0,0.0,0.0
233.001,apt_maskon,PARKED,0.0,0.0,0.0,1,0.0,3.57,0.0,0.0,0.0,0.0,0.0,0.0,0.0
233.101,apt_maskon,PARKED,0.0,0.0,0.0,1,0.0,3.557,0.0,0.0,0.0,0.0,0.0,0.0,0.0
233.201,apt_maskon,PARKED,0.0,0.0,0.0,1,0.0,3.557,0.0,0.0,0.0,0.0,0.0,0.0,0.0
233.302,apt_maskon,PARKED,0.0,0.0,0.0,1,0.0,3.551,0.0,0.0,0.0,0.0,0.0,0.0,0.0
233.412,apt_maskon,PARKED,0.0,0.0,0.0,1,0.0,3.576,0.0,0.0,0.0,0.0,0.0,0.0,0.0
233.5,apt_maskon,PARKED,0.0,0.0,0.0,1,0.0,3.568,0.0,0.0,0.0,0.0,0.0,0.0,0.0
233.605,apt_maskon,PARKED,0.0,0.0,0.0,1,0.0,3.572,0.0,0.0,0.0,0.0,0.0,0.0,0.0
233.724,apt_maskon,PARKED,0.0,0.0,0.0,1,0.0,3.588,0.0,0.0,0.0,0.0,0.0,0.0,0.0
233.8,apt_maskon,PARKED,0.0,0.0,0.0,1,0.0,3.588,0.0,0.0,0.0,0.0,0.0,0.0,0.0
233.927,apt_maskon,PARKED,0.0,0.0,0.0,1,0.0,3.54,0.0,0.0,0.0,0.0,0.0,0.0,0.0
234.033,apt_maskon,PARKED,0.0,0.0,0.0,1,0.0,3.554,0.0,0.0,0.0,0.0,0.0,0.0,0.0
234.141,apt_maskon,PARKED,0.0,0.0,0.0,1,0.0,3.552,0.0,0.0,0.0,0.0,0.0,0.0,0.0
234.202,apt_maskon,PARKED,0.0,0.0,0.0,1,0.0,3.552,0.0,0.0,0.0,0.0,0.0,0.0,0.0
234.301,apt_maskon,PARKED,0.0,0.0,0.0,1,0.0,3.552,0.0,0.0,0.0,0.0,0.0,0.0,0.0
234.401,apt_maskon,PARKED,0.0,0.0,0.0,1,0.0,3.552,0.0,0.0,0.0,0.0,0.0,0.0,0.0
234.545,apt_maskon,PARKED,0.0,0.0,0.0,1,0.0,3.588,0.0,0.0,0.0,0.0,0.0,0.0,0.0
234.6,apt_maskon,PARKED,0.0,0.0,0.0,1,0.0,3.618,0.0,0.0,0.0,0.0,0.0,0.0,0.0
234.701,apt_maskon,PARKED,0.0,0.0,0.0,1,0.0,3.618,0.0,0.0,0.0,0.0,0.0,0.0,0.0
234.802,apt_maskon,PARKED,0.0,0.0,0.0,1,0.0,3.618,0.0,0.0,0.0,0.0,0.0,0.0,0.0
234.901,apt_maskon,PARKED,0.0,0.0,0.0,1,0.0,3.634,0.0,0.0,0.0,0.0,0.0,0.0,0.0
235.014,apt_maskon,PARKED,0.0,0.0,0.0,1,0.0,3.634,0.0,0.0,0.0,0.0,0.0,0.0,0.0
235.123,apt_maskon,PARKED,0.0,0.0,0.0,1,0.0,3.536,0.0,0.0,0.0,0.0,0.0,0.0,0.0
235.241,apt_maskon,PARKED,0.0,0.0,0.0,1,0.0,3.574,0.0,0.0,0.0,0.0,0.0,0.0,0.0
235.302,apt_maskon,PARKED,0.0,0.0,0.0,1,0.0,3.574,0.0,0.0,0.0,0.0,0.0,0.0,0.0
235.401,apt_maskon,PARKED,0.0,0.0,0.0,1,0.0,3.574,0.0,0.0,0.0,0.0,0.0,0.0,0.0
235.501,apt_maskon,PARKED,0.0,0.0,0.0,1,0.0,3.582,0.0,0.0,0.0,0.0,0.0,0.0,0.0
235.601,apt_maskon,PARKED,0.0,0.0,0.0,1,0.0,3.582,0.0,0.0,0.0,0.0,0.0,0.0,0.0
235.701,apt_maskon,PARKED,0.0,0.0,0.0,1,0.0,3.582,0.0,0.0,0.0,0.0,0.0,0.0,0.0
235.801,apt_maskon,PARKED,0.0,0.0,0.0,1,0.0,3.582,0.0,0.0,0.0,0.0,0.0,0.0,0.0
235.901,apt_maskon,PARKED,0.0,0.0,0.0,1,0.0,3.576,0.0,0.0,0.0,0.0,0.0,0.0,0.0
236.01,apt_maskon,PARKED,0.0,0.0,0.0,1,0.0,3.556,0.0,0.0,0.0,0.0,0.0,0.0,0.0
236.107,apt_maskon,PARKED,0.0,0.0,0.0,1,0.0,3.556,0.0,0.0,0.0,0.0,0.0,0.0,0.0
236.209,apt_maskon,PARKED,0.0,0.0,0.0,1,0.0,3.569,0.0,0.0,0.0,0.0,0.0,0.0,0.0
236.34,apt_maskon,PARKED,0.0,0.0,0.0,1,0.0,3.575,0.0,0.0,0.0,0.0,0.0,0.0,0.0
236.451,apt_maskon,PARKED,0.0,0.0,0.0,1,0.0,3.611,0.0,0.0,0.0,0.0,0.0,0.0,0.0
236.512,apt_maskon,PARKED,0.0,0.0,0.0,1,0.0,3.597,0.0,0.0,0.0,0.0,0.0,0.0,0.0
236.601,apt_maskon,PARKED,0.0,0.0,0.0,1,0.0,3.597,0.0,0.0,0.0,0.0,0.0,0.0,0.0
236.701,apt_maskon,PARKED,0.0,0.0,0.0,1,0.0,3.597,0.0,0.0,0.0,0.0,0.0,0.0,0.0
236.826,apt_maskon,PARKED,0.0,0.0,0.0,1,0.0,3.535,0.0,0.0,0.0,0.0,0.0,0.0,0.0
236.902,apt_maskon,PARKED,0.0,0.0,0.0,1,0.0,3.535,0.0,0.0,0.0,0.0,0.0,0.0,0.0
237.006,apt_maskon,PARKED,0.0,0.0,0.0,1,0.0,3.535,0.0,0.0,0.0,0.0,0.0,0.0,0.0
237.123,apt_maskon,PARKED,0.0,0.0,0.0,1,0.0,3.559,0.0,0.0,0.0,0.0,0.0,0.0,0.0
237.241,apt_maskon,PARKED,0.0,0.0,0.0,1,0.0,3.582,0.0,0.0,0.0,0.0,0.0,0.0,0.0
237.302,apt_maskon,PARKED,0.0,0.0,0.0,1,0.0,3.582,0.0,0.0,0.0,0.0,0.0,0.0,0.0
237.447,apt_maskon,PARKED,0.0,0.0,0.0,1,0.0,3.546,0.0,0.0,0.0,0.0,0.0,0.0,0.0
237.517,apt_maskon,PARKED,0.0,0.0,0.0,1,0.0,3.593,0.0,0.0,0.0,0.0,0.0,0.0,0.0
237.602,apt_maskon,PARKED,0.0,0.0,0.0,1,0.0,3.593,0.0,0.0,0.0,0.0,0.0,0.0,0.0
237.721,apt_maskon,PARKED,0.0,0.0,0.0,1,0.0,3.582,0.0,0.0,0.0,0.0,0.0,0.0,0.0
237.802,apt_maskon,PARKED,0.0,0.0,0.0,1,0.0,3.62,0.0,0.0,0.0,0.0,0.0,0.0,0.0
237.919,apt_maskon,PARKED,0.0,0.0,0.0,1,0.0,3.62,0.0,0.0,0.0,0.0,0.0,0.0,0.0
238.015,apt_maskon,PARKED,0.0,0.0,0.0,1,0.0,3.581,0.0,0.0,0.0,0.0,0.0,0.0,0.0
238.12,apt_maskon,PARKED,0.0,0.0,0.0,1,0.0,3.551,0.0,0.0,0.0,0.0,0.0,0.0,0.0
238.248,apt_maskon,PARKED,0.0,0.0,0.0,1,0.0,3.579,0.0,0.0,0.0,0.0,0.0,0.0,0.0
238.302,apt_maskon,PARKED,0.0,0.0,0.0,1,0.0,3.579,0.0,0.0,0.0,0.0,0.0,0.0,0.0
238.402,apt_maskon,PARKED,0.0,0.0,0.0,1,0.0,3.579,0.0,0.0,0.0,0.0,0.0,0.0,0.0
238.501,apt_maskon,PARKED,0.0,0.0,0.0,1,0.0,3.579,0.0,0.0,0.0,0.0,0.0,0.0,0.0
238.631,apt_maskon,PARKED,0.0,0.0,0.0,1,0.0,3.568,0.0,0.0,0.0,0.0,0.0,0.0,0.0
238.701,apt_maskon,PARKED,0.0,0.0,0.0,1,0.0,3.584,0.0,0.0,0.0,0.0,0.0,0.0,0.0
238.801,apt_maskon,PARKED,0.0,0.0,0.0,1,0.0,3.584,0.0,0.0,0.0,0.0,0.0,0.0,0.0
238.901,apt_maskon,PARKED,0.0,0.0,0.0,1,0.0,3.584,0.0,0.0,0.0,0.0,0.0,0.0,0.0
239.001,apt_maskon,PARKED,0.0,0.0,0.0,1,0.0,3.574,0.0,0.0,0.0,0.0,0.0,0.0,0.0
239.125,apt_maskon,PARKED,0.0,0.0,0.0,1,0.0,3.553,0.0,0.0,0.0,0.0,0.0,0.0,0.0
239.201,apt_maskon,PARKED,0.0,0.0,0.0,1,0.0,3.58,0.0,0.0,0.0,0.0,0.0,0.0,0.0
239.301,apt_maskon,PARKED,0.0,0.0,0.0,1,0.0,3.58,0.0,0.0,0.0,0.0,0.0,0.0,0.0
239.413,apt_maskon,PARKED,0.0,0.0,0.0,1,0.0,3.569,0.0,0.0,0.0,0.0,0.0,0.0,0.0
239.531,apt_maskon,PARKED,0.0,0.0,0.0,1,0.0,3.566,0.0,0.0,0.0,0.0,0.0,0.0,0.0
239.601,apt_maskon,PARKED,0.0,0.0,0.0,1,0.0,3.566,0.0,0.0,0.0,0.0,0.0,0.0,0.0
239.714,apt_maskon,PARKED,0.0,0.0,0.0,1,0.0,3.566,0.0,0.0,0.0,0.0,0.0,0.0,0.0
239.85,apt_maskon,PARKED,0.0,0.0,0.0,1,0.0,3.584,0.0,0.0,0.0,0.0,0.0,0.0,0.0
239.904,apt_maskon,PARKED,0.0,0.0,0.0,1,0.0,3.561,0.0,0.0,0.0,0.0,0.0,0.0,0.0
240.002,apt_maskon,PARKED,0.0,0.0,0.0,1,0.0,3.567,0.0,0.0,0.0,0.0,0.0,0.0,0.0
240.102,apt_maskon,PARKED,0.0,0.0,0.0,1,0.0,3.567,0.0,0.0,0.0,0.0,0.0,0.0,0.0
240.226,apt_maskon,PARKED,0.0,0.0,0.0,1,0.0,3.565,0.0,0.0,0.0,0.0,0.0,0.0,0.0
240.301,apt_maskon,PARKED,0.0,0.0,0.0,1,0.0,3.581,0.0,0.0,0.0,0.0,0.0,0.0,0.0
240.402,apt_maskon,PARKED,0.0,0.0,0.0,1,0.0,3.581,0.0,0.0,0.0,0.0,0.0,0.0,0.0
240.543,apt_maskon,PARKED,0.0,0.0,0.0,1,0.0,3.61,0.0,0.0,0.0,0.0,0.0,0.0,0.0
240.601,apt_maskon,PARKED,0.0,0.0,0.0,1,0.0,3.61,0.0,0.0,0.0,0.0,0.0,0.0,0.0
240.7,apt_maskon,PARKED,0.0,0.0,0.0,1,0.0,3.61,0.0,0.0,0.0,0.0,0.0,0.0,0.0
240.802,apt_maskon,PARKED,0.0,0.0,0.0,1,0.0,3.61,0.0,0.0,0.0,0.0,0.0,0.0,0.0
240.927,apt_maskon,PARKED,0.0,0.0,0.0,1,0.0,3.587,0.0,0.0,0.0,0.0,0.0,0.0,0.0
241.0,apt_maskon,PARKED,0.0,0.0,0.0,1,0.0,3.587,0.0,0.0,0.0,0.0,0.0,0.0,0.0
241.101,apt_maskon,PARKED,0.0,0.0,0.0,1,0.0,3.587,0.0,0.0,0.0,0.0,0.0,0.0,0.0
241.25,apt_maskon,PARKED,0.0,0.0,0.0,1,0.0,3.581,0.0,0.0,0.0,0.0,0.0,0.0,0.0
241.305,apt_maskon,PARKED,0.0,0.0,0.0,1,0.0,3.579,0.0,0.0,0.0,0.0,0.0,0.0,0.0
241.437,apt_maskon,PARKED,0.0,0.0,0.0,1,0.0,3.579,0.0,0.0,0.0,0.0,0.0,0.0,0.0
241.501,apt_maskon,PARKED,0.0,0.0,0.0,1,0.0,3.579,0.0,0.0,0.0,0.0,0.0,0.0,0.0
241.6,apt_maskon,PARKED,0.0,0.0,0.0,1,0.0,3.574,0.0,0.0,0.0,0.0,0.0,0.0,0.0
241.701,apt_maskon,PARKED,0.0,0.0,0.0,1,0.0,3.595,0.0,0.0,0.0,0.0,0.0,0.0,0.0
241.801,apt_maskon,PARKED,0.0,0.0,0.0,1,0.0,3.595,0.0,0.0,0.0,0.0,0.0,0.0,0.0
241.942,apt_maskon,PARKED,0.0,0.0,0.0,1,0.0,3.571,0.0,0.0,0.0,0.0,0.0,0.0,0.0
242.002,apt_maskon,PARKED,0.0,0.0,0.0,1,0.0,3.6,0.0,0.0,0.0,0.0,0.0,0.0,0.0
242.121,apt_maskon,PARKED,0.0,0.0,0.0,1,0.0,3.541,0.0,0.0,0.0,0.0,0.0,0.0,0.0
242.215,apt_maskon,PARKED,0.0,0.0,0.0,1,0.0,3.541,0.0,0.0,0.0,0.0,0.0,0.0,0.0
242.344,apt_maskon,PARKED,0.0,0.0,0.0,1,0.0,3.558,0.0,0.0,0.0,0.0,0.0,0.0,0.0
242.401,apt_maskon,PARKED,0.0,0.0,0.0,1,0.0,3.564,0.0,0.0,0.0,0.0,0.0,0.0,0.0
242.502,apt_maskon,PARKED,0.0,0.0,0.0,1,0.0,3.592,0.0,0.0,0.0,0.0,0.0,0.0,0.0
242.601,apt_maskon,PARKED,0.0,0.0,0.0,1,0.0,3.592,0.0,0.0,0.0,0.0,0.0,0.0,0.0
242.701,apt_maskon,PARKED,0.0,0.0,0.0,1,0.0,3.592,0.0,0.0,0.0,0.0,0.0,0.0,0.0
242.801,apt_maskon,PARKED,0.0,0.0,0.0,1,0.0,3.592,0.0,0.0,0.0,0.0,0.0,0.0,0.0
242.949,apt_maskon,PARKED,0.0,0.0,0.0,1,0.0,3.601,0.0,0.0,0.0,0.0,0.0,0.0,0.0
243.002,apt_maskon,PARKED,0.0,0.0,0.0,1,0.0,3.601,0.0,0.0,0.0,0.0,0.0,0.0,0.0
243.109,apt_maskon,PARKED,0.0,0.0,0.0,1,0.0,3.576,0.0,0.0,0.0,0.0,0.0,0.0,0.0
243.229,apt_maskon,PARKED,0.0,0.0,0.0,1,0.0,3.61,0.0,0.0,0.0,0.0,0.0,0.0,0.0
243.302,apt_maskon,PARKED,0.0,0.0,0.0,1,0.0,3.595,0.0,0.0,0.0,0.0,0.0,0.0,0.0
243.418,apt_maskon,PARKED,0.0,0.0,0.0,1,0.0,3.595,0.0,0.0,0.0,0.0,0.0,0.0,0.0
243.501,apt_maskon,PARKED,0.0,0.0,0.0,1,0.0,3.585,0.0,0.0,0.0,0.0,0.0,0.0,0.0
243.601,apt_maskon,PARKED,0.0,0.0,0.0,1,0.0,3.585,0.0,0.0,0.0,0.0,0.0,0.0,0.0
243.727,apt_maskon,PARKED,0.0,0.0,0.0,1,0.0,3.586,0.0,0.0,0.0,0.0,0.0,0.0,0.0
243.801,apt_maskon,PARKED,0.0,0.0,0.0,1,0.0,3.586,0.0,0.0,0.0,0.0,0.0,0.0,0.0
243.901,apt_maskon,PARKED,0.0,0.0,0.0,1,0.0,3.571,0.0,0.0,0.0,0.0,0.0,0.0,0.0
244.002,apt_maskon,PARKED,0.0,0.0,0.0,1,0.0,3.571,0.0,0.0,0.0,0.0,0.0,0.0,0.0
244.102,apt_maskon,PARKED,0.0,0.0,0.0,1,0.0,3.563,0.0,0.0,0.0,0.0,0.0,0.0,0.0
244.218,apt_maskon,PARKED,0.0,0.0,0.0,1,0.0,3.543,0.0,0.0,0.0,0.0,0.0,0.0,0.0
244.334,apt_maskon,PARKED,0.0,0.0,0.0,1,0.0,3.543,0.0,0.0,0.0,0.0,0.0,0.0,0.0
244.436,apt_maskon,PARKED,0.0,0.0,0.0,1,0.0,3.57,0.0,0.0,0.0,0.0,0.0,0.0,0.0
244.545,apt_maskon,PARKED,0.0,0.0,0.0,1,0.0,3.597,0.0,0.0,0.0,0.0,0.0,0.0,0.0
244.602,apt_maskon,PARKED,0.0,0.0,0.0,1,0.0,3.59,0.0,0.0,0.0,0.0,0.0,0.0,0.0
244.701,apt_maskon,PARKED,0.0,0.0,0.0,1,0.0,3.59,0.0,0.0,0.0,0.0,0.0,0.0,0.0
244.801,apt_maskon,PARKED,0.0,0.0,0.0,1,0.0,3.594,0.0,0.0,0.0,0.0,0.0,0.0,0.0
244.915,apt_maskon,PARKED,0.0,0.0,0.0,1,0.0,3.594,0.0,0.0,0.0,0.0,0.0,0.0,0.0
245.033,apt_maskon,PARKED,0.0,0.0,0.0,1,0.0,3.558,0.0,0.0,0.0,0.0,0.0,0.0,0.0
245.101,apt_maskon,PARKED,0.0,0.0,0.0,1,0.0,3.558,0.0,0.0,0.0,0.0,0.0,0.0,0.0
245.218,apt_maskon,PARKED,0.0,0.0,0.0,1,0.0,3.534,0.0,0.0,0.0,0.0,0.0,0.0,0.0
245.302,apt_maskon,PARKED,0.0,0.0,0.0,1,0.0,3.561,0.0,0.0,0.0,0.0,0.0,0.0,0.0
245.401,apt_maskon,PARKED,0.0,0.0,0.0,1,0.0,3.591,0.0,0.0,0.0,0.0,0.0,0.0,0.0
245.512,apt_maskon,PARKED,0.0,0.0,0.0,1,0.0,3.567,0.0,0.0,0.0,0.0,0.0,0.0,0.0
245.601,apt_maskon,PARKED,0.0,0.0,0.0,1,0.0,3.567,0.0,0.0,0.0,0.0,0.0,0.0,0.0
245.701,apt_maskon,PARKED,0.0,0.0,0.0,1,0.0,3.567,0.0,0.0,0.0,0.0,0.0,0.0,0.0
245.801,apt_maskon,PARKED,0.0,0.0,0.0,1,0.0,3.567,0.0,0.0,0.0,0.0,0.0,0.0,0.0
245.93,apt_maskon,PARKED,0.0,0.0,0.0,1,0.0,3.561,0.0,0.0,0.0,0.0,0.0,0.0,0.0
246.038,apt_maskon,PARKED,0.0,0.0,0.0,1,0.0,3.533,0.0,0.0,0.0,0.0,0.0,0.0,0.0
246.101,apt_maskon,PARKED,0.0,0.0,0.0,1,0.0,3.533,0.0,0.0,0.0,0.0,0.0,0.0,0.0
246.202,apt_maskon,PARKED,0.0,0.0,0.0,1,0.0,3.533,0.0,0.0,0.0,0.0,0.0,0.0,0.0
246.318,apt_maskon,PARKED,0.0,0.0,0.0,1,0.0,3.559,0.0,0.0,0.0,0.0,0.0,0.0,0.0
246.425,apt_maskon,PARKED,0.0,0.0,0.0,1,0.0,3.584,0.0,0.0,0.0,0.0,0.0,0.0,0.0
246.501,apt_maskon,PARKED,0.0,0.0,0.0,1,0.0,3.584,0.0,0.0,0.0,0.0,0.0,0.0,0.0
246.601,apt_maskon,PARKED,0.0,0.0,0.0,1,0.0,3.584,0.0,0.0,0.0,0.0,0.0,0.0,0.0
246.701,apt_maskon,PARKED,0.0,0.0,0.0,1,0.0,3.584,0.0,0.0,0.0,0.0,0.0,0.0,0.0
246.829,apt_maskon,PARKED,0.0,0.0,0.0,1,0.0,3.6,0.0,0.0,0.0,0.0,0.0,0.0,0.0
246.902,apt_maskon,PARKED,0.0,0.0,0.0,1,0.0,3.6,0.0,0.0,0.0,0.0,0.0,0.0,0.0
247.002,apt_maskon,PARKED,0.0,0.0,0.0,1,0.0,3.578,0.0,0.0,0.0,0.0,0.0,0.0,0.0
247.101,apt_maskon,PARKED,0.0,0.0,0.0,1,0.0,3.608,0.0,0.0,0.0,0.0,0.0,0.0,0.0
247.238,apt_maskon,PARKED,0.0,0.0,0.0,1,0.0,3.563,0.0,0.0,0.0,0.0,0.0,0.0,0.0
247.301,apt_maskon,PARKED,0.0,0.0,0.0,1,0.0,3.563,0.0,0.0,0.0,0.0,0.0,0.0,0.0
247.41,apt_maskon,PARKED,0.0,0.0,0.0,1,0.0,3.524,0.0,0.0,0.0,0.0,0.0,0.0,0.0
247.533,apt_maskon,PARKED,0.0,0.0,0.0,1,0.0,3.524,0.0,0.0,0.0,0.0,0.0,0.0,0.0
247.619,apt_maskon,PARKED,0.0,0.0,0.0,1,0.0,3.528,0.0,0.0,0.0,0.0,0.0,0.0,0.0
247.701,apt_maskon,PARKED,0.0,0.0,0.0,1,0.0,3.528,0.0,0.0,0.0,0.0,0.0,0.0,0.0
247.801,apt_maskon,PARKED,0.0,0.0,0.0,1,0.0,3.575,0.0,0.0,0.0,0.0,0.0,0.0,0.0
247.941,apt_maskon,PARKED,0.0,0.0,0.0,1,0.0,3.578,0.0,0.0,0.0,0.0,0.0,0.0,0.0
248.002,apt_maskon,PARKED,0.0,0.0,0.0,1,0.0,3.578,0.0,0.0,0.0,0.0,0.0,0.0,0.0
248.102,apt_maskon,PARKED,0.0,0.0,0.0,1,0.0,3.59,0.0,0.0,0.0,0.0,0.0,0.0,0.0
248.211,apt_maskon,PARKED,0.0,0.0,0.0,1,0.0,3.563,0.0,0.0,0.0,0.0,0.0,0.0,0.0
248.321,apt_maskon,PARKED,0.0,0.0,0.0,1,0.0,3.57,0.0,0.0,0.0,0.0,0.0,0.0,0.0
248.402,apt_maskon,PARKED,0.0,0.0,0.0,1,0.0,3.566,0.0,0.0,0.0,0.0,0.0,0.0,0.0
248.506,apt_maskon,PARKED,0.0,0.0,0.0,1,0.0,3.566,0.0,0.0,0.0,0.0,0.0,0.0,0.0
248.601,apt_maskon,PARKED,0.0,0.0,0.0,1,0.0,3.59,0.0,0.0,0.0,0.0,0.0,0.0,0.0
248.716,apt_maskon,PARKED,0.0,0.0,0.0,1,0.0,3.566,0.0,0.0,0.0,0.0,0.0,0.0,0.0
248.801,apt_maskon,PARKED,0.0,0.0,0.0,1,0.0,3.566,0.0,0.0,0.0,0.0,0.0,0.0,0.0
248.901,apt_maskon,PARKED,0.0,0.0,0.0,1,0.0,3.566,0.0,0.0,0.0,0.0,0.0,0.0,0.0
249.001,apt_maskon,PARKED,0.0,0.0,0.0,1,0.0,3.566,0.0,0.0,0.0,0.0,0.0,0.0,0.0
249.113,apt_maskon,PARKED,0.0,0.0,0.0,1,0.0,3.555,0.0,0.0,0.0,0.0,0.0,0.0,0.0
249.201,apt_maskon,PARKED,0.0,0.0,0.0,1,0.0,3.578,0.0,0.0,0.0,0.0,0.0,0.0,0.0
249.342,apt_maskon,PARKED,0.0,0.0,0.0,1,0.0,3.578,0.0,0.0,0.0,0.0,0.0,0.0,0.0
249.449,apt_maskon,PARKED,0.0,0.0,0.0,1,0.0,3.575,0.0,0.0,0.0,0.0,0.0,0.0,0.0
249.501,apt_maskon,PARKED,0.0,0.0,0.0,1,0.0,3.575,0.0,0.0,0.0,0.0,0.0,0.0,0.0
249.601,apt_maskon,PARKED,0.0,0.0,0.0,1,0.0,3.575,0.0,0.0,0.0,0.0,0.0,0.0,0.0
249.701,apt_maskon,PARKED,0.0,0.0,0.0,1,0.0,3.575,0.0,0.0,0.0,0.0,0.0,0.0,0.0
249.802,apt_maskon,PARKED,0.0,0.0,0.0,1,0.0,3.541,0.0,0.0,0.0,0.0,0.0,0.0,0.0
249.901,apt_maskon,PARKED,0.0,0.0,0.0,1,0.0,3.541,0.0,0.0,0.0,0.0,0.0,0.0,0.0
250.001,apt_maskon,PARKED,0.0,0.0,0.0,1,0.0,3.541,0.0,0.0,0.0,0.0,0.0,0.0,0.0
250.101,apt_maskon,PARKED,0.0,0.0,0.0,1,0.0,3.541,0.0,0.0,0.0,0.0,0.0,0.0,0.0
250.233,apt_maskon,PARKED,0.0,0.0,0.0,1,0.0,3.549,0.0,0.0,0.0,0.0,0.0,0.0,0.0
250.34,apt_maskon,PARKED,0.0,0.0,0.0,1,0.0,3.538,0.0,0.0,0.0,0.0,0.0,0.0,0.0
250.401,apt_maskon,PARKED,0.0,0.0,0.0,1,0.0,3.538,0.0,0.0,0.0,0.0,0.0,0.0,0.0
250.511,apt_maskon,PARKED,0.0,0.0,0.0,1,0.0,3.53,0.0,0.0,0.0,0.0,0.0,0.0,0.0
250.639,apt_maskon,PARKED,0.0,0.0,0.0,1,0.0,3.579,0.0,0.0,0.0,0.0,0.0,0.0,0.0
250.701,apt_maskon,PARKED,0.0,0.0,0.0,1,0.0,3.559,0.0,0.0,0.0,0.0,0.0,0.0,0.0
250.801,apt_maskon,PARKED,0.0,0.0,0.0,1,0.0,3.597,0.0,0.0,0.0,0.0,0.0,0.0,0.0
250.901,apt_maskon,PARKED,0.0,0.0,0.0,1,0.0,3.597,0.0,0.0,0.0,0.0,0.0,0.0,0.0
251.001,apt_maskon,PARKED,0.0,0.0,0.0,1,0.0,3.597,0.0,0.0,0.0,0.0,0.0,0.0,0.0
251.131,apt_maskon,PARKED,0.0,0.0,0.0,1,0.0,3.563,0.0,0.0,0.0,0.0,0.0,0.0,0.0
251.239,apt_maskon,PARKED,0.0,0.0,0.0,1,0.0,3.58,0.0,0.0,0.0,0.0,0.0,0.0,0.0
251.337,apt_maskon,PARKED,0.0,0.0,0.0,1,0.0,3.58,0.0,0.0,0.0,0.0,0.0,0.0,0.0
251.441,apt_maskon,PARKED,0.0,0.0,0.0,1,0.0,3.59,0.0,0.0,0.0,0.0,0.0,0.0,0.0
251.528,apt_maskon,PARKED,0.0,0.0,0.0,1,0.0,3.59,0.0,0.0,0.0,0.0,0.0,0.0,0.0
251.636,apt_maskon,PARKED,0.0,0.0,0.0,1,0.0,3.578,0.0,0.0,0.0,0.0,0.0,0.0,0.0
251.701,apt_maskon,PARKED,0.0,0.0,0.0,1,0.0,3.59,0.0,0.0,0.0,0.0,0.0,0.0,0.0
251.801,apt_maskon,PARKED,0.0,0.0,0.0,1,0.0,3.59,0.0,0.0,0.0,0.0,0.0,0.0,0.0
251.901,apt_maskon,PARKED,0.0,0.0,0.0,1,0.0,3.59,0.0,0.0,0.0,0.0,0.0,0.0,0.0
252.001,apt_maskon,PARKED,0.0,0.0,0.0,1,0.0,3.59,0.0,0.0,0.0,0.0,0.0,0.0,0.0
252.109,apt_maskon,PARKED,0.0,0.0,0.0,1,0.0,3.566,0.0,0.0,0.0,0.0,0.0,0.0,0.0
252.201,apt_maskon,PARKED,0.0,0.0,0.0,1,0.0,3.566,0.0,0.0,0.0,0.0,0.0,0.0,0.0
252.336,apt_maskon,PARKED,0.0,0.0,0.0,1,0.0,3.563,0.0,0.0,0.0,0.0,0.0,0.0,0.0
252.433,apt_maskon,PARKED,0.0,0.0,0.0,1,0.0,3.563,0.0,0.0,0.0,0.0,0.0,0.0,0.0
252.542,apt_maskon,PARKED,0.0,0.0,0.0,1,0.0,3.553,0.0,0.0,0.0,0.0,0.0,0.0,0.0
252.602,apt_maskon,PARKED,0.0,0.0,0.0,1,0.0,3.553,0.0,0.0,0.0,0.0,0.0,0.0,0.0
252.717,apt_maskon,PARKED,0.0,0.0,0.0,1,0.0,3.553,0.0,0.0,0.0,0.0,0.0,0.0,0.0
252.801,apt_maskon,PARKED,0.0,0.0,0.0,1,0.0,3.553,0.0,0.0,0.0,0.0,0.0,0.0,0.0
252.93,apt_maskon,PARKED,0.0,0.0,0.0,1,0.0,3.584,0.0,0.0,0.0,0.0,0.0,0.0,0.0
253.001,apt_maskon,PARKED,0.0,0.0,0.0,1,0.0,3.584,0.0,0.0,0.0,0.0,0.0,0.0,0.0
253.105,apt_maskon,PARKED,0.0,0.0,0.0,1,0.0,3.576,0.0,0.0,0.0,0.0,0.0,0.0,0.0
253.201,apt_maskon,PARKED,0.0,0.0,0.0,1,0.0,3.576,0.0,0.0,0.0,0.0,0.0,0.0,0.0
253.301,apt_maskon,PARKED,0.0,0.0,0.0,1,0.0,3.576,0.0,0.0,0.0,0.0,0.0,0.0,0.0
253.417,apt_maskon,PARKED,0.0,0.0,0.0,1,0.0,3.569,0.0,0.0,0.0,0.0,0.0,0.0,0.0
253.532,apt_maskon,PARKED,0.0,0.0,0.0,1,0.0,3.563,0.0,0.0,0.0,0.0,0.0,0.0,0.0
253.601,apt_maskon,PARKED,0.0,0.0,0.0,1,0.0,3.563,0.0,0.0,0.0,0.0,0.0,0.0,0.0
253.706,apt_maskon,PARKED,0.0,0.0,0.0,1,0.0,3.563,0.0,0.0,0.0,0.0,0.0,0.0,0.0
253.822,apt_maskon,PARKED,0.0,0.0,0.0,1,0.0,3.563,0.0,0.0,0.0,0.0,0.0,0.0,0.0
253.942,apt_maskon,PARKED,0.0,0.0,0.0,1,0.0,3.577,0.0,0.0,0.0,0.0,0.0,0.0,0.0
254.001,apt_maskon,PARKED,0.0,0.0,0.0,1,0.0,3.565,0.0,0.0,0.0,0.0,0.0,0.0,0.0
254.101,apt_maskon,PARKED,0.0,0.0,0.0,1,0.0,3.565,0.0,0.0,0.0,0.0,0.0,0.0,0.0
254.201,apt_maskon,PARKED,0.0,0.0,0.0,1,0.0,3.565,0.0,0.0,0.0,0.0,0.0,0.0,0.0
254.301,apt_maskon,PARKED,0.0,0.0,0.0,1,0.0,3.565,0.0,0.0,0.0,0.0,0.0,0.0,0.0
254.424,apt_maskon,PARKED,0.0,0.0,0.0,1,0.0,3.578,0.0,0.0,0.0,0.0,0.0,0.0,0.0
254.502,apt_maskon,PARKED,0.0,0.0,0.0,1,0.0,3.556,0.0,0.0,0.0,0.0,0.0,0.0,0.0
254.601,apt_maskon,PARKED,0.0,0.0,0.0,1,0.0,3.556,0.0,0.0,0.0,0.0,0.0,0.0,0.0
254.727,apt_maskon,PARKED,0.0,0.0,0.0,1,0.0,3.556,0.0,0.0,0.0,0.0,0.0,0.0,0.0
254.801,apt_maskon,PARKED,0.0,0.0,0.0,1,0.0,3.545,0.0,0.0,0.0,0.0,0.0,0.0,0.0
254.901,apt_maskon,PARKED,0.0,0.0,0.0,1,0.0,3.545,0.0,0.0,0.0,0.0,0.0,0.0,0.0
255.015,apt_maskon,PARKED,0.0,0.0,0.0,1,0.0,3.529,0.0,0.0,0.0,0.0,0.0,0.0,0.0
255.101,apt_maskon,PARKED,0.0,0.0,0.0,1,0.0,3.529,0.0,0.0,0.0,0.0,0.0,0.0,0.0
255.201,apt_maskon,PARKED,0.0,0.0,0.0,1,0.0,3.529,0.0,0.0,0.0,0.0,0.0,0.0,0.0
255.332,apt_maskon,PARKED,0.0,0.0,0.0,1,0.0,3.577,0.0,0.0,0.0,0.0,0.0,0.0,0.0
255.444,apt_maskon,PARKED,0.0,0.0,0.0,1,0.0,3.571,0.0,0.0,0.0,0.0,0.0,0.0,0.0
255.502,apt_maskon,PARKED,0.0,0.0,0.0,1,0.0,3.582,0.0,0.0,0.0,0.0,0.0,0.0,0.0
255.601,apt_maskon,PARKED,0.0,0.0,0.0,1,0.0,3.582,0.0,0.0,0.0,0.0,0.0,0.0,0.0
255.74,apt_maskon,PARKED,0.0,0.0,0.0,1,0.0,3.57,0.0,0.0,0.0,0.0,0.0,0.0,0.0
255.843,apt_maskon,PARKED,0.0,0.0,0.0,1,0.0,3.563,0.0,0.0,0.0,0.0,0.0,0.0,0.0
255.902,apt_maskon,PARKED,0.0,0.0,0.0,1,0.0,3.584,0.0,0.0,0.0,0.0,0.0,0.0,0.0
256.001,apt_maskon,PARKED,0.0,0.0,0.0,1,0.0,3.584,0.0,0.0,0.0,0.0,0.0,0.0,0.0
256.101,apt_maskon,PARKED,0.0,0.0,0.0,1,0.0,3.584,0.0,0.0,0.0,0.0,0.0,0.0,0.0
256.201,apt_maskon,PARKED,0.0,0.0,0.0,1,0.0,3.584,0.0,0.0,0.0,0.0,0.0,0.0,0.0
256.301,apt_maskon,PARKED,0.0,0.0,0.0,1,0.0,3.584,0.0,0.0,0.0,0.0,0.0,0.0,0.0
256.401,apt_maskon,PARKED,0.0,0.0,0.0,1,0.0,3.584,0.0,0.0,0.0,0.0,0.0,0.0,0.0
256.54,apt_maskon,PARKED,0.0,0.0,0.0,1,0.0,3.595,0.0,0.0,0.0,0.0,0.0,0.0,0.0
256.601,apt_maskon,PARKED,0.0,0.0,0.0,1,0.0,3.595,0.0,0.0,0.0,0.0,0.0,0.0,0.0
256.725,apt_maskon,PARKED,0.0,0.0,0.0,1,0.0,3.595,0.0,0.0,0.0,0.0,0.0,0.0,0.0
256.814,apt_maskon,PARKED,0.0,0.0,0.0,1,0.0,3.595,0.0,0.0,0.0,0.0,0.0,0.0,0.0
256.925,apt_maskon,PARKED,0.0,0.0,0.0,1,0.0,3.56,0.0,0.0,0.0,0.0,0.0,0.0,0.0
257.047,apt_maskon,PARKED,0.0,0.0,0.0,1,0.0,3.56,0.0,0.0,0.0,0.0,0.0,0.0,0.0
257.101,apt_maskon,PARKED,0.0,0.0,0.0,1,0.0,3.56,0.0,0.0,0.0,0.0,0.0,0.0,0.0
257.201,apt_maskon,PARKED,0.0,0.0,0.0,1,0.0,3.548,0.0,0.0,0.0,0.0,0.0,0.0,0.0
257.301,apt_maskon,PARKED,0.0,0.0,0.0,1,0.0,3.605,0.0,0.0,0.0,0.0,0.0,0.0,0.0
257.401,apt_maskon,PARKED,0.0,0.0,0.0,1,0.0,3.605,0.0,0.0,0.0,0.0,0.0,0.0,0.0
257.501,apt_maskon,PARKED,0.0,0.0,0.0,1,0.0,3.586,0.0,0.0,0.0,0.0,0.0,0.0,0.0
257.618,apt_maskon,PARKED,0.0,0.0,0.0,1,0.0,3.565,0.0,0.0,0.0,0.0,0.0,0.0,0.0
257.729,apt_maskon,PARKED,0.0,0.0,0.0,1,0.0,3.562,0.0,0.0,0.0,0.0,0.0,0.0,0.0
257.801,apt_maskon,PARKED,0.0,0.0,0.0,1,0.0,3.576,0.0,0.0,0.0,0.0,0.0,0.0,0.0
257.941,apt_maskon,PARKED,0.0,0.0,0.0,1,0.0,3.574,0.0,0.0,0.0,0.0,0.0,0.0,0.0
258.027,apt_maskon,PARKED,0.0,0.0,0.0,1,0.0,3.574,0.0,0.0,0.0,0.0,0.0,0.0,0.0
258.135,apt_maskon,PARKED,0.0,0.0,0.0,1,0.0,3.54,0.0,0.0,0.0,0.0,0.0,0.0,0.0
258.201,apt_maskon,PARKED,0.0,0.0,0.0,1,0.0,3.54,0.0,0.0,0.0,0.0,0.0,0.0,0.0
258.301,apt_maskon,PARKED,0.0,0.0,0.0,1,0.0,3.54,0.0,0.0,0.0,0.0,0.0,0.0,0.0
258.401,apt_maskon,PARKED,0.0,0.0,0.0,1,0.0,3.54,0.0,0.0,0.0,0.0,0.0,0.0,0.0
258.501,apt_maskon,PARKED,0.0,0.0,0.0,1,0.0,3.595,0.0,0.0,0.0,0.0,0.0,0.0,0.0
258.615,apt_maskon,PARKED,0.0,0.0,0.0,1,0.0,3.555,0.0,0.0,0.0,0.0,0.0,0.0,0.0
258.724,apt_maskon,PARKED,0.0,0.0,0.0,1,0.0,3.588,0.0,0.0,0.0,0.0,0.0,0.0,0.0
258.832,apt_maskon,PARKED,0.0,0.0,0.0,1,0.0,3.588,0.0,0.0,0.0,0.0,0.0,0.0,0.0
258.951,apt_maskon,PARKED,0.0,0.0,0.0,1,0.0,3.588,0.0,0.0,0.0,0.0,0.0,0.0,0.0
259.004,apt_maskon,PARKED,0.0,0.0,0.0,1,0.0,3.543,0.0,0.0,0.0,0.0,0.0,0.0,0.0
259.116,apt_maskon,PARKED,0.0,0.0,0.0,1,0.0,3.564,0.0,0.0,0.0,0.0,0.0,0.0,0.0
259.201,apt_maskon,PARKED,0.0,0.0,0.0,1,0.0,3.564,0.0,0.0,0.0,0.0,0.0,0.0,0.0
259.301,apt_maskon,PARKED,0.0,0.0,0.0,1,0.0,3.564,0.0,0.0,0.0,0.0,0.0,0.0,0.0
259.401,apt_maskon,PARKED,0.0,0.0,0.0,1,0.0,3.564,0.0,0.0,0.0,0.0,0.0,0.0,0.0
259.505,apt_maskon,PARKED,0.0,0.0,0.0,1,0.0,3.55,0.0,0.0,0.0,0.0,0.0,0.0,0.0
259.625,apt_maskon,PARKED,0.0,0.0,0.0,1,0.0,3.579,0.0,0.0,0.0,0.0,0.0,0.0,0.0
259.701,apt_maskon,PARKED,0.0,0.0,0.0,1,0.0,3.579,0.0,0.0,0.0,0.0,0.0,0.0,0.0
259.801,apt_maskon,PARKED,0.0,0.0,0.0,1,0.0,3.579,0.0,0.0,0.0,0.0,0.0,0.0,0.0
259.94,apt_maskon,PARKED,0.0,0.0,0.0,1,0.0,3.572,0.0,0.0,0.0,0.0,0.0,0.0,0.0
260.001,apt_maskon,PARKED,0.0,0.0,0.0,1,0.0,3.572,0.0,0.0,0.0,0.0,0.0,0.0,0.0
260.101,apt_maskon,PARKED,0.0,0.0,0.0,1,0.0,3.57,0.0,0.0,0.0,0.0,0.0,0.0,0.0
260.201,apt_maskon,PARKED,0.0,0.0,0.0,1,0.0,3.57,0.0,0.0,0.0,0.0,0.0,0.0,0.0
260.319,apt_maskon,PARKED,0.0,0.0,0.0,1,0.0,3.587,0.0,0.0,0.0,0.0,0.0,0.0,0.0
260.401,apt_maskon,PARKED,0.0,0.0,0.0,1,0.0,3.587,0.0,0.0,0.0,0.0,0.0,0.0,0.0
260.502,apt_maskon,PARKED,0.0,0.0,0.0,1,0.0,3.567,0.0,0.0,0.0,0.0,0.0,0.0,0.0
260.617,apt_maskon,PARKED,0.0,0.0,0.0,1,0.0,3.567,0.0,0.0,0.0,0.0,0.0,0.0,0.0
260.71,apt_maskon,PARKED,0.0,0.0,0.0,1,0.0,3.59,0.0,0.0,0.0,0.0,0.0,0.0,0.0
260.845,apt_maskon,PARKED,0.0,0.0,0.0,1,0.0,3.58,0.0,0.0,0.0,0.0,0.0,0.0,0.0
260.902,apt_maskon,PARKED,0.0,0.0,0.0,1,0.0,3.58,0.0,0.0,0.0,0.0,0.0,0.0,0.0
261.015,apt_maskon,PARKED,0.0,0.0,0.0,1,0.0,3.6,0.0,0.0,0.0,0.0,0.0,0.0,0.0
261.124,apt_maskon,PARKED,0.0,0.0,0.0,1,0.0,3.569,0.0,0.0,0.0,0.0,0.0,0.0,0.0
261.233,apt_maskon,PARKED,0.0,0.0,0.0,1,0.0,3.584,0.0,0.0,0.0,0.0,0.0,0.0,0.0
261.346,apt_maskon,PARKED,0.0,0.0,0.0,1,0.0,3.572,0.0,0.0,0.0,0.0,0.0,0.0,0.0
261.403,apt_maskon,PARKED,0.0,0.0,0.0,1,0.0,3.572,0.0,0.0,0.0,0.0,0.0,0.0,0.0
261.502,apt_maskon,PARKED,0.0,0.0,0.0,1,0.0,3.572,0.0,0.0,0.0,0.0,0.0,0.0,0.0
261.601,apt_maskon,PARKED,0.0,0.0,0.0,1,0.0,3.572,0.0,0.0,0.0,0.0,0.0,0.0,0.0
261.701,apt_maskon,PARKED,0.0,0.0,0.0,1,0.0,3.557,0.0,0.0,0.0,0.0,0.0,0.0,0.0
261.82,apt_maskon,PARKED,0.0,0.0,0.0,1,0.0,3.557,0.0,0.0,0.0,0.0,0.0,0.0,0.0
261.93,apt_maskon,PARKED,0.0,0.0,0.0,1,0.0,3.605,0.0,0.0,0.0,0.0,0.0,0.0,0.0
262.002,apt_maskon,PARKED,0.0,0.0,0.0,1,0.0,3.555,0.0,0.0,0.0,0.0,0.0,0.0,0.0
262.101,apt_maskon,PARKED,0.0,0.0,0.0,1,0.0,3.555,0.0,0.0,0.0,0.0,0.0,0.0,0.0
262.202,apt_maskon,PARKED,0.0,0.0,0.0,1,0.0,3.555,0.0,0.0,0.0,0.0,0.0,0.0,0.0
262.343,apt_maskon,PARKED,0.0,0.0,0.0,1,0.0,3.57,0.0,0.0,0.0,0.0,0.0,0.0,0.0
262.401,apt_maskon,PARKED,0.0,0.0,0.0,1,0.0,3.57,0.0,0.0,0.0,0.0,0.0,0.0,0.0
262.506,apt_maskon,PARKED,0.0,0.0,0.0,1,0.0,3.563,0.0,0.0,0.0,0.0,0.0,0.0,0.0
262.619,apt_maskon,PARKED,0.0,0.0,0.0,1,0.0,3.552,0.0,0.0,0.0,0.0,0.0,0.0,0.0
262.701,apt_maskon,PARKED,0.0,0.0,0.0,1,0.0,3.552,0.0,0.0,0.0,0.0,0.0,0.0,0.0
262.828,apt_maskon,PARKED,0.0,0.0,0.0,1,0.0,3.575,0.0,0.0,0.0,0.0,0.0,0.0,0.0
262.947,apt_maskon,PARKED,0.0,0.0,0.0,1,0.0,3.562,0.0,0.0,0.0,0.0,0.0,0.0,0.0
263.001,apt_maskon,PARKED,0.0,0.0,0.0,1,0.0,3.562,0.0,0.0,0.0,0.0,0.0,0.0,0.0
263.101,apt_maskon,PARKED,0.0,0.0,0.0,1,0.0,3.562,0.0,0.0,0.0,0.0,0.0,0.0,0.0
263.246,apt_maskon,PARKED,0.0,0.0,0.0,1,0.0,3.564,0.0,0.0,0.0,0.0,0.0,0.0,0.0
263.306,apt_maskon,PARKED,0.0,0.0,0.0,1,0.0,3.524,0.0,0.0,0.0,0.0,0.0,0.0,0.0
263.401,apt_maskon,PARKED,0.0,0.0,0.0,1,0.0,3.524,0.0,0.0,0.0,0.0,0.0,0.0,0.0
263.501,apt_maskon,PARKED,0.0,0.0,0.0,1,0.0,3.522,0.0,0.0,0.0,0.0,0.0,0.0,0.0
263.601,apt_maskon,PARKED,0.0,0.0,0.0,1,0.0,3.522,0.0,0.0,0.0,0.0,0.0,0.0,0.0
263.732,apt_maskon,PARKED,0.0,0.0,0.0,1,0.0,3.552,0.0,0.0,0.0,0.0,0.0,0.0,0.0
263.843,apt_maskon,PARKED,0.0,0.0,0.0,1,0.0,3.57,0.0,0.0,0.0,0.0,0.0,0.0,0.0
263.901,apt_maskon,PARKED,0.0,0.0,0.0,1,0.0,3.57,0.0,0.0,0.0,0.0,0.0,0.0,0.0
264.001,apt_maskon,PARKED,0.0,0.0,0.0,1,0.0,3.57,0.0,0.0,0.0,0.0,0.0,0.0,0.0
264.102,apt_maskon,PARKED,0.0,0.0,0.0,1,0.0,3.57,0.0,0.0,0.0,0.0,0.0,0.0,0.0
264.216,apt_maskon,PARKED,0.0,0.0,0.0,1,0.0,3.568,0.0,0.0,0.0,0.0,0.0,0.0,0.0
264.324,apt_maskon,PARKED,0.0,0.0,0.0,1,0.0,3.52,0.0,0.0,0.0,0.0,0.0,0.0,0.0
264.423,apt_maskon,PARKED,0.0,0.0,0.0,1,0.0,3.52,0.0,0.0,0.0,0.0,0.0,0.0,0.0
264.511,apt_maskon,PARKED,0.0,0.0,0.0,1,0.0,3.52,0.0,0.0,0.0,0.0,0.0,0.0,0.0
264.601,apt_maskon,PARKED,0.0,0.0,0.0,1,0.0,3.56,0.0,0.0,0.0,0.0,0.0,0.0,0.0
264.711,apt_maskon,PARKED,0.0,0.0,0.0,1,0.0,3.569,0.0,0.0,0.0,0.0,0.0,0.0,0.0
264.801,apt_maskon,PARKED,0.0,0.0,0.0,1,0.0,3.518,0.0,0.0,0.0,0.0,0.0,0.0,0.0
264.946,apt_maskon,PARKED,0.0,0.0,0.0,1,0.0,3.508,0.0,0.0,0.0,0.0,0.0,0.0,0.0
265.027,apt_maskon,PARKED,0.0,0.0,0.0,1,0.0,3.508,0.0,0.0,0.0,0.0,0.0,0.0,0.0
265.138,apt_maskon,PARKED,0.0,0.0,0.0,1,0.0,3.553,0.0,0.0,0.0,0.0,0.0,0.0,0.0
265.247,apt_maskon,PARKED,0.0,0.0,0.0,1,0.0,3.571,0.0,0.0,0.0,0.0,0.0,0.0,0.0
265.301,apt_maskon,PARKED,0.0,0.0,0.0,1,0.0,3.571,0.0,0.0,0.0,0.0,0.0,0.0,0.0
265.401,apt_maskon,PARKED,0.0,0.0,0.0,1,0.0,3.571,0.0,0.0,0.0,0.0,0.0,0.0,0.0
265.518,apt_maskon,PARKED,0.0,0.0,0.0,1,0.0,3.557,0.0,0.0,0.0,0.0,0.0,0.0,0.0
265.601,apt_maskon,PARKED,0.0,0.0,0.0,1,0.0,3.532,0.0,0.0,0.0,0.0,0.0,0.0,0.0
265.701,apt_maskon,PARKED,0.0,0.0,0.0,1,0.0,3.532,0.0,0.0,0.0,0.0,0.0,0.0,0.0
265.801,apt_maskon,PARKED,0.0,0.0,0.0,1,0.0,3.532,0.0,0.0,0.0,0.0,0.0,0.0,0.0
265.901,apt_maskon,PARKED,0.0,0.0,0.0,1,0.0,3.563,0.0,0.0,0.0,0.0,0.0,0.0,0.0
266.007,apt_maskon,PARKED,0.0,0.0,0.0,1,0.0,3.563,0.0,0.0,0.0,0.0,0.0,0.0,0.0
266.118,apt_maskon,PARKED,0.0,0.0,0.0,1,0.0,3.561,0.0,0.0,0.0,0.0,0.0,0.0,0.0
266.238,apt_maskon,PARKED,0.0,0.0,0.0,1,0.0,3.539,0.0,0.0,0.0,0.0,0.0,0.0,0.0
266.301,apt_maskon,PARKED,0.0,0.0,0.0,1,0.0,3.539,0.0,0.0,0.0,0.0,0.0,0.0,0.0
266.422,apt_maskon,PARKED,0.0,0.0,0.0,1,0.0,3.568,0.0,0.0,0.0,0.0,0.0,0.0,0.0
266.535,apt_maskon,PARKED,0.0,0.0,0.0,1,0.0,3.578,0.0,0.0,0.0,0.0,0.0,0.0,0.0
266.601,apt_maskon,PARKED,0.0,0.0,0.0,1,0.0,3.578,0.0,0.0,0.0,0.0,0.0,0.0,0.0
266.702,apt_maskon,PARKED,0.0,0.0,0.0,1,0.0,3.578,0.0,0.0,0.0,0.0,0.0,0.0,0.0
266.801,apt_maskon,PARKED,0.0,0.0,0.0,1,0.0,3.578,0.0,0.0,0.0,0.0,0.0,0.0,0.0
266.901,apt_maskon,PARKED,0.0,0.0,0.0,1,0.0,3.578,0.0,0.0,0.0,0.0,0.0,0.0,0.0
267.002,apt_maskon,PARKED,0.0,0.0,0.0,1,0.0,3.564,0.0,0.0,0.0,0.0,0.0,0.0,0.0
267.112,apt_maskon,PARKED,0.0,0.0,0.0,1,0.0,3.534,0.0,0.0,0.0,0.0,0.0,0.0,0.0
267.201,apt_maskon,PARKED,0.0,0.0,0.0,1,0.0,3.534,0.0,0.0,0.0,0.0,0.0,0.0,0.0
267.325,apt_maskon,PARKED,0.0,0.0,0.0,1,0.0,3.536,0.0,0.0,0.0,0.0,0.0,0.0,0.0
267.438,apt_maskon,PARKED,0.0,0.0,0.0,1,0.0,3.6,0.0,0.0,0.0,0.0,0.0,0.0,0.0
267.501,apt_maskon,PARKED,0.0,0.0,0.0,1,0.0,3.581,0.0,0.0,0.0,0.0,0.0,0.0,0.0
267.601,apt_maskon,PARKED,0.0,0.0,0.0,1,0.0,3.581,0.0,0.0,0.0,0.0,0.0,0.0,0.0
267.701,apt_maskon,PARKED,0.0,0.0,0.0,1,0.0,3.581,0.0,0.0,0.0,0.0,0.0,0.0,0.0
267.829,apt_maskon,PARKED,0.0,0.0,0.0,1,0.0,3.59,0.0,0.0,0.0,0.0,0.0,0.0,0.0
267.937,apt_maskon,PARKED,0.0,0.0,0.0,1,0.0,3.56,0.0,0.0,0.0,0.0,0.0,0.0,0.0
268.001,apt_maskon,PARKED,0.0,0.0,0.0,1,0.0,3.56,0.0,0.0,0.0,0.0,0.0,0.0,0.0
268.102,apt_maskon,PARKED,0.0,0.0,0.0,1,0.0,3.56,0.0,0.0,0.0,0.0,0.0,0.0,0.0
268.217,apt_maskon,PARKED,0.0,0.0,0.0,1,0.0,3.562,0.0,0.0,0.0,0.0,0.0,0.0,0.0
268.339,apt_maskon,PARKED,0.0,0.0,0.0,1,0.0,3.571,0.0,0.0,0.0,0.0,0.0,0.0,0.0
268.402,apt_maskon,PARKED,0.0,0.0,0.0,1,0.0,3.563,0.0,0.0,0.0,0.0,0.0,0.0,0.0
268.51,apt_maskon,PARKED,0.0,0.0,0.0,1,0.0,3.547,0.0,0.0,0.0,0.0,0.0,0.0,0.0
268.602,apt_maskon,PARKED,0.0,0.0,0.0,1,0.0,3.547,0.0,0.0,0.0,0.0,0.0,0.0,0.0
268.702,apt_maskon,PARKED,0.0,0.0,0.0,1,0.0,3.597,0.0,0.0,0.0,0.0,0.0,0.0,0.0
268.801,apt_maskon,PARKED,0.0,0.0,0.0,1,0.0,3.597,0.0,0.0,0.0,0.0,0.0,0.0,0.0
268.935,apt_maskon,PARKED,0.0,0.0,0.0,1,0.0,3.559,0.0,0.0,0.0,0.0,0.0,0.0,0.0
269.001,apt_maskon,PARKED,0.0,0.0,0.0,1,0.0,3.559,0.0,0.0,0.0,0.0,0.0,0.0,0.0
269.104,apt_maskon,PARKED,0.0,0.0,0.0,1,0.0,3.559,0.0,0.0,0.0,0.0,0.0,0.0,0.0
269.25,apt_maskon,PARKED,0.0,0.0,0.0,1,0.0,3.547,0.0,0.0,0.0,0.0,0.0,0.0,0.0
269.305,apt_maskon,PARKED,0.0,0.0,0.0,1,0.0,3.56,0.0,0.0,0.0,0.0,0.0,0.0,0.0
269.418,apt_maskon,PARKED,0.0,0.0,0.0,1,0.0,3.557,0.0,0.0,0.0,0.0,0.0,0.0,0.0
269.544,apt_maskon,PARKED,0.0,0.0,0.0,1,0.0,3.556,0.0,0.0,0.0,0.0,0.0,0.0,0.0
269.601,apt_maskon,PARKED,0.0,0.0,0.0,1,0.0,3.556,0.0,0.0,0.0,0.0,0.0,0.0,0.0
269.724,apt_maskon,PARKED,0.0,0.0,0.0,1,0.0,3.574,0.0,0.0,0.0,0.0,0.0,0.0,0.0
269.801,apt_maskon,PARKED,0.0,0.0,0.0,1,0.0,3.574,0.0,0.0,0.0,0.0,0.0,0.0,0.0
269.919,apt_maskon,PARKED,0.0,0.0,0.0,1,0.0,3.57,0.0,0.0,0.0,0.0,0.0,0.0,0.0
270.016,apt_maskon,PARKED,0.0,0.0,0.0,1,0.0,3.57,0.0,0.0,0.0,0.0,0.0,0.0,0.0
270.118,apt_maskon,PARKED,0.0,0.0,0.0,1,0.0,3.574,0.0,0.0,0.0,0.0,0.0,0.0,0.0
270.219,apt_maskon,PARKED,0.0,0.0,0.0,1,0.0,3.574,0.0,0.0,0.0,0.0,0.0,0.0,0.0
270.331,apt_maskon,PARKED,0.0,0.0,0.0,1,0.0,3.572,0.0,0.0,0.0,0.0,0.0,0.0,0.0
270.401,apt_maskon,PARKED,0.0,0.0,0.0,1,0.0,3.613,0.0,0.0,0.0,0.0,0.0,0.0,0.0
270.528,apt_maskon,PARKED,0.0,0.0,0.0,1,0.0,3.613,0.0,0.0,0.0,0.0,0.0,0.0,0.0
270.649,apt_maskon,PARKED,0.0,0.0,0.0,1,0.0,3.58,0.0,0.0,0.0,0.0,0.0,0.0,0.0
270.705,apt_maskon,PARKED,0.0,0.0,0.0,1,0.0,3.588,0.0,0.0,0.0,0.0,0.0,0.0,0.0
270.802,apt_maskon,PARKED,0.0,0.0,0.0,1,0.0,3.588,0.0,0.0,0.0,0.0,0.0,0.0,0.0
270.901,apt_maskon,PARKED,0.0,0.0,0.0,1,0.0,3.588,0.0,0.0,0.0,0.0,0.0,0.0,0.0
271.029,apt_maskon,PARKED,0.0,0.0,0.0,1,0.0,3.572,0.0,0.0,0.0,0.0,0.0,0.0,0.0
271.149,apt_maskon,PARKED,0.0,0.0,0.0,1,0.0,3.546,0.0,0.0,0.0,0.0,0.0,0.0,0.0
271.203,apt_maskon,PARKED,0.0,0.0,0.0,1,0.0,3.546,0.0,0.0,0.0,0.0,0.0,0.0,0.0
271.301,apt_maskon,PARKED,0.0,0.0,0.0,1,0.0,3.55,0.0,0.0,0.0,0.0,0.0,0.0,0.0
271.449,apt_maskon,PARKED,0.0,0.0,0.0,1,0.0,3.545,0.0,0.0,0.0,0.0,0.0,0.0,0.0
271.541,apt_maskon,PARKED,0.0,0.0,0.0,1,0.0,3.534,0.0,0.0,0.0,0.0,0.0,0.0,0.0
271.602,apt_maskon,PARKED,0.0,0.0,0.0,1,0.0,3.534,0.0,0.0,0.0,0.0,0.0,0.0,0.0
271.711,apt_maskon,PARKED,0.0,0.0,0.0,1,0.0,3.577,0.0,0.0,0.0,0.0,0.0,0.0,0.0
271.801,apt_maskon,PARKED,0.0,0.0,0.0,1,0.0,3.577,0.0,0.0,0.0,0.0,0.0,0.0,0.0
271.901,apt_maskon,PARKED,0.0,0.0,0.0,1,0.0,3.577,0.0,0.0,0.0,0.0,0.0,0.0,0.0
272.008,apt_maskon,PARKED,0.0,0.0,0.0,1,0.0,3.596,0.0,0.0,0.0,0.0,0.0,0.0,0.0
272.118,apt_maskon,PARKED,0.0,0.0,0.0,1,0.0,3.574,0.0,0.0,0.0,0.0,0.0,0.0,0.0
272.228,apt_maskon,PARKED,0.0,0.0,0.0,1,0.0,3.537,0.0,0.0,0.0,0.0,0.0,0.0,0.0
272.336,apt_maskon,PARKED,0.0,0.0,0.0,1,0.0,3.557,0.0,0.0,0.0,0.0,0.0,0.0,0.0
272.44,apt_maskon,PARKED,0.0,0.0,0.0,1,0.0,3.557,0.0,0.0,0.0,0.0,0.0,0.0,0.0
272.501,apt_maskon,PARKED,0.0,0.0,0.0,1,0.0,3.612,0.0,0.0,0.0,0.0,0.0,0.0,0.0
272.607,apt_maskon,PARKED,0.0,0.0,0.0,1,0.0,3.585,0.0,0.0,0.0,0.0,0.0,0.0,0.0
272.714,apt_maskon,PARKED,0.0,0.0,0.0,1,0.0,3.585,0.0,0.0,0.0,0.0,0.0,0.0,0.0
272.81,apt_maskon,PARKED,0.0,0.0,0.0,1,0.0,3.577,0.0,0.0,0.0,0.0,0.0,0.0,0.0
272.901,apt_maskon,PARKED,0.0,0.0,0.0,1,0.0,3.577,0.0,0.0,0.0,0.0,0.0,0.0,0.0
273.021,apt_maskon,PARKED,0.0,0.0,0.0,1,0.0,3.566,0.0,0.0,0.0,0.0,0.0,0.0,0.0
273.101,apt_maskon,PARKED,0.0,0.0,0.0,1,0.0,3.564,0.0,0.0,0.0,0.0,0.0,0.0,0.0
273.202,apt_maskon,PARKED,0.0,0.0,0.0,1,0.0,3.564,0.0,0.0,0.0,0.0,0.0,0.0,0.0
273.329,apt_maskon,PARKED,0.0,0.0,0.0,1,0.0,3.567,0.0,0.0,0.0,0.0,0.0,0.0,0.0
273.44,apt_maskon,PARKED,0.0,0.0,0.0,1,0.0,3.585,0.0,0.0,0.0,0.0,0.0,0.0,0.0
273.549,apt_maskon,PARKED,0.0,0.0,0.0,1,0.0,3.563,0.0,0.0,0.0,0.0,0.0,0.0,0.0
273.601,apt_maskon,PARKED,0.0,0.0,0.0,1,0.0,3.563,0.0,0.0,0.0,0.0,0.0,0.0,0.0
273.737,apt_maskon,PARKED,0.0,0.0,0.0,1,0.0,3.563,0.0,0.0,0.0,0.0,0.0,0.0,0.0
273.826,apt_maskon,PARKED,0.0,0.0,0.0,1,0.0,3.561,0.0,0.0,0.0,0.0,0.0,0.0,0.0
273.936,apt_maskon,PARKED,0.0,0.0,0.0,1,0.0,3.568,0.0,0.0,0.0,0.0,0.0,0.0,0.0
274.001,apt_maskon,PARKED,0.0,0.0,0.0,1,0.0,3.568,0.0,0.0,0.0,0.0,0.0,0.0,0.0
274.101,apt_maskon,PARKED,0.0,0.0,0.0,1,0.0,3.568,0.0,0.0,0.0,0.0,0.0,0.0,0.0
274.201,apt_maskon,PARKED,0.0,0.0,0.0,1,0.0,3.568,0.0,0.0,0.0,0.0,0.0,0.0,0.0
274.319,apt_maskon,PARKED,0.0,0.0,0.0,1,0.0,3.554,0.0,0.0,0.0,0.0,0.0,0.0,0.0
274.437,apt_maskon,PARKED,0.0,0.0,0.0,1,0.0,3.593,0.0,0.0,0.0,0.0,0.0,0.0,0.0
274.519,apt_maskon,PARKED,0.0,0.0,0.0,1,0.0,3.593,0.0,0.0,0.0,0.0,0.0,0.0,0.0
274.608,apt_maskon,PARKED,0.0,0.0,0.0,1,0.0,3.576,0.0,0.0,0.0,0.0,0.0,0.0,0.0
274.738,apt_maskon,PARKED,0.0,0.0,0.0,1,0.0,3.56,0.0,0.0,0.0,0.0,0.0,0.0,0.0
274.846,apt_maskon,PARKED,0.0,0.0,0.0,1,0.0,3.6,0.0,0.0,0.0,0.0,0.0,0.0,0.0
274.901,apt_maskon,PARKED,0.0,0.0,0.0,1,0.0,3.6,0.0,0.0,0.0,0.0,0.0,0.0,0.0
275.001,apt_maskon,PARKED,0.0,0.0,0.0,1,0.0,3.594,0.0,0.0,0.0,0.0,0.0,0.0,0.0
275.102,apt_maskon,PARKED,0.0,0.0,0.0,1,0.0,3.594,0.0,0.0,0.0,0.0,0.0,0.0,0.0
275.201,apt_maskon,PARKED,0.0,0.0,0.0,1,0.0,3.594,0.0,0.0,0.0,0.0,0.0,0.0,0.0
275.32,apt_maskon,PARKED,0.0,0.0,0.0,1,0.0,3.58,0.0,0.0,0.0,0.0,0.0,0.0,0.0
275.401,apt_maskon,PARKED,0.0,0.0,0.0,1,0.0,3.551,0.0,0.0,0.0,0.0,0.0,0.0,0.0
275.501,apt_maskon,PARKED,0.0,0.0,0.0,1,0.0,3.551,0.0,0.0,0.0,0.0,0.0,0.0,0.0
275.641,apt_maskon,PARKED,0.0,0.0,0.0,1,0.0,3.588,0.0,0.0,0.0,0.0,0.0,0.0,0.0
275.701,apt_maskon,PARKED,0.0,0.0,0.0,1,0.0,3.581,0.0,0.0,0.0,0.0,0.0,0.0,0.0
275.806,apt_maskon,PARKED,0.0,0.0,0.0,1,0.0,3.581,0.0,0.0,0.0,0.0,0.0,0.0,0.0
275.908,apt_maskon,PARKED,0.0,0.0,0.0,1,0.0,3.564,0.0,0.0,0.0,0.0,0.0,0.0,0.0
276.023,apt_maskon,PARKED,0.0,0.0,0.0,1,0.0,3.561,0.0,0.0,0.0,0.0,0.0,0.0,0.0
276.102,apt_maskon,PARKED,0.0,0.0,0.0,1,0.0,3.561,0.0,0.0,0.0,0.0,0.0,0.0,0.0
276.233,apt_maskon,PARKED,0.0,0.0,0.0,1,0.0,3.566,0.0,0.0,0.0,0.0,0.0,0.0,0.0
276.302,apt_maskon,PARKED,0.0,0.0,0.0,1,0.0,3.566,0.0,0.0,0.0,0.0,0.0,0.0,0.0
276.401,apt_maskon,PARKED,0.0,0.0,0.0,1,0.0,3.532,0.0,0.0,0.0,0.0,0.0,0.0,0.0
276.501,apt_maskon,PARKED,0.0,0.0,0.0,1,0.0,3.532,0.0,0.0,0.0,0.0,0.0,0.0,0.0
276.65,apt_maskon,PARKED,0.0,0.0,0.0,1,0.0,3.612,0.0,0.0,0.0,0.0,0.0,0.0,0.0
276.706,apt_maskon,PARKED,0.0,0.0,0.0,1,0.0,3.612,0.0,0.0,0.0,0.0,0.0,0.0,0.0
276.801,apt_maskon,PARKED,0.0,0.0,0.0,1,0.0,3.596,0.0,0.0,0.0,0.0,0.0,0.0,0.0
276.901,apt_maskon,PARKED,0.0,0.0,0.0,1,0.0,3.596,0.0,0.0,0.0,0.0,0.0,0.0,0.0
277.034,apt_maskon,PARKED,0.0,0.0,0.0,1,0.0,3.585,0.0,0.0,0.0,0.0,0.0,0.0,0.0
277.101,apt_maskon,PARKED,0.0,0.0,0.0,1,0.0,3.58,0.0,0.0,0.0,0.0,0.0,0.0,0.0
277.201,apt_maskon,PARKED,0.0,0.0,0.0,1,0.0,3.58,0.0,0.0,0.0,0.0,0.0,0.0,0.0
277.301,apt_maskon,PARKED,0.0,0.0,0.0,1,0.0,3.58,0.0,0.0,0.0,0.0,0.0,0.0,0.0
277.401,apt_maskon,PARKED,0.0,0.0,0.0,1,0.0,3.58,0.0,0.0,0.0,0.0,0.0,0.0,0.0
277.515,apt_maskon,PARKED,0.0,0.0,0.0,1,0.0,3.618,0.0,0.0,0.0,0.0,0.0,0.0,0.0
277.624,apt_maskon,PARKED,0.0,0.0,0.0,1,0.0,3.595,0.0,0.0,0.0,0.0,0.0,0.0,0.0
277.738,apt_maskon,PARKED,0.0,0.0,0.0,1,0.0,3.595,0.0,0.0,0.0,0.0,0.0,0.0,0.0
277.845,apt_maskon,PARKED,0.0,0.0,0.0,1,0.0,3.549,0.0,0.0,0.0,0.0,0.0,0.0,0.0
277.908,apt_maskon,PARKED,0.0,0.0,0.0,1,0.0,3.575,0.0,0.0,0.0,0.0,0.0,0.0,0.0
278.019,apt_maskon,PARKED,0.0,0.0,0.0,1,0.0,3.564,0.0,0.0,0.0,0.0,0.0,0.0,0.0
278.101,apt_maskon,PARKED,0.0,0.0,0.0,1,0.0,3.564,0.0,0.0,0.0,0.0,0.0,0.0,0.0
278.208,apt_maskon,PARKED,0.0,0.0,0.0,1,0.0,3.58,0.0,0.0,0.0,0.0,0.0,0.0,0.0
278.301,apt_maskon,PARKED,0.0,0.0,0.0,1,0.0,3.58,0.0,0.0,0.0,0.0,0.0,0.0,0.0
278.401,apt_maskon,PARKED,0.0,0.0,0.0,1,0.0,3.58,0.0,0.0,0.0,0.0,0.0,0.0,0.0
278.525,apt_maskon,PARKED,0.0,0.0,0.0,1,0.0,3.538,0.0,0.0,0.0,0.0,0.0,0.0,0.0
278.601,apt_maskon,PARKED,0.0,0.0,0.0,1,0.0,3.538,0.0,0.0,0.0,0.0,0.0,0.0,0.0
278.73,apt_maskon,PARKED,0.0,0.0,0.0,1,0.0,3.549,0.0,0.0,0.0,0.0,0.0,0.0,0.0
278.841,apt_maskon,PARKED,0.0,0.0,0.0,1,0.0,3.591,0.0,0.0,0.0,0.0,0.0,0.0,0.0
278.901,apt_maskon,PARKED,0.0,0.0,0.0,1,0.0,3.571,0.0,0.0,0.0,0.0,0.0,0.0,0.0
279.001,apt_maskon,PARKED,0.0,0.0,0.0,1,0.0,3.571,0.0,0.0,0.0,0.0,0.0,0.0,0.0
279.139,apt_maskon,PARKED,0.0,0.0,0.0,1,0.0,3.532,0.0,0.0,0.0,0.0,0.0,0.0,0.0
279.201,apt_maskon,PARKED,0.0,0.0,0.0,1,0.0,3.532,0.0,0.0,0.0,0.0,0.0,0.0,0.0
279.302,apt_maskon,PARKED,0.0,0.0,0.0,1,0.0,3.532,0.0,0.0,0.0,0.0,0.0,0.0,0.0
279.402,apt_maskon,PARKED,0.0,0.0,0.0,1,0.0,3.532,0.0,0.0,0.0,0.0,0.0,0.0,0.0
279.53,apt_maskon,PARKED,0.0,0.0,0.0,1,0.0,3.553,0.0,0.0,0.0,0.0,0.0,0.0,0.0
279.612,apt_maskon,PARKED,0.0,0.0,0.0,1,0.0,3.553,0.0,0.0,0.0,0.0,0.0,0.0,0.0
279.744,apt_maskon,PARKED,0.0,0.0,0.0,1,0.0,3.538,0.0,0.0,0.0,0.0,0.0,0.0,0.0
279.802,apt_maskon,PARKED,0.0,0.0,0.0,1,0.0,3.538,0.0,0.0,0.0,0.0,0.0,0.0,0.0
279.901,apt_maskon,PARKED,0.0,0.0,0.0,1,0.0,3.535,0.0,0.0,0.0,0.0,0.0,0.0,0.0
280.001,apt_maskon,PARKED,0.0,0.0,0.0,1,0.0,3.535,0.0,0.0,0.0,0.0,0.0,0.0,0.0
280.101,apt_maskon,PARKED,0.0,0.0,0.0,1,0.0,3.535,0.0,0.0,0.0,0.0,0.0,0.0,0.0
280.23,apt_maskon,PARKED,0.0,0.0,0.0,1,0.0,3.579,0.0,0.0,0.0,0.0,0.0,0.0,0.0
280.301,apt_maskon,PARKED,0.0,0.0,0.0,1,0.0,3.579,0.0,0.0,0.0,0.0,0.0,0.0,0.0
280.401,apt_maskon,PARKED,0.0,0.0,0.0,1,0.0,3.579,0.0,0.0,0.0,0.0,0.0,0.0,0.0
280.501,apt_maskon,PARKED,0.0,0.0,0.0,1,0.0,3.579,0.0,0.0,0.0,0.0,0.0,0.0,0.0
280.601,apt_maskon,PARKED,0.0,0.0,0.0,1,0.0,3.579,0.0,0.0,0.0,0.0,0.0,0.0,0.0
280.729,apt_maskon,PARKED,0.0,0.0,0.0,1,0.0,3.553,0.0,0.0,0.0,0.0,0.0,0.0,0.0
280.802,apt_maskon,PARKED,0.0,0.0,0.0,1,0.0,3.553,0.0,0.0,0.0,0.0,0.0,0.0,0.0
280.901,apt_maskon,PARKED,0.0,0.0,0.0,1,0.0,3.564,0.0,0.0,0.0,0.0,0.0,0.0,0.0
281.038,apt_maskon,PARKED,0.0,0.0,0.0,1,0.0,3.568,0.0,0.0,0.0,0.0,0.0,0.0,0.0
281.101,apt_maskon,PARKED,0.0,0.0,0.0,1,0.0,3.532,0.0,0.0,0.0,0.0,0.0,0.0,0.0
281.21,apt_maskon,PARKED,0.0,0.0,0.0,1,0.0,3.532,0.0,0.0,0.0,0.0,0.0,0.0,0.0
281.322,apt_maskon,PARKED,0.0,0.0,0.0,1,0.0,3.543,0.0,0.0,0.0,0.0,0.0,0.0,0.0
281.401,apt_maskon,PARKED,0.0,0.0,0.0,1,0.0,3.543,0.0,0.0,0.0,0.0,0.0,0.0,0.0
281.501,apt_maskon,PARKED,0.0,0.0,0.0,1,0.0,3.543,0.0,0.0,0.0,0.0,0.0,0.0,0.0
281.601,apt_maskon,PARKED,0.0,0.0,0.0,1,0.0,3.543,0.0,0.0,0.0,0.0,0.0,0.0,0.0
281.712,apt_maskon,PARKED,0.0,0.0,0.0,1,0.0,3.537,0.0,0.0,0.0,0.0,0.0,0.0,0.0
281.83,apt_maskon,PARKED,0.0,0.0,0.0,1,0.0,3.55,0.0,0.0,0.0,0.0,0.0,0.0,0.0
281.949,apt_maskon,PARKED,0.0,0.0,0.0,1,0.0,3.536,0.0,0.0,0.0,0.0,0.0,0.0,0.0
282.001,apt_maskon,PARKED,0.0,0.0,0.0,1,0.0,3.536,0.0,0.0,0.0,0.0,0.0,0.0,0.0
282.108,apt_maskon,PARKED,0.0,0.0,0.0,1,0.0,3.568,0.0,0.0,0.0,0.0,0.0,0.0,0.0
282.222,apt_maskon,PARKED,0.0,0.0,0.0,1,0.0,3.541,0.0,0.0,0.0,0.0,0.0,0.0,0.0
282.302,apt_maskon,PARKED,0.0,0.0,0.0,1,0.0,3.535,0.0,0.0,0.0,0.0,0.0,0.0,0.0
282.401,apt_maskon,PARKED,0.0,0.0,0.0,1,0.0,3.535,0.0,0.0,0.0,0.0,0.0,0.0,0.0
282.501,apt_maskon,PARKED,0.0,0.0,0.0,1,0.0,3.535,0.0,0.0,0.0,0.0,0.0,0.0,0.0
282.601,apt_maskon,PARKED,0.0,0.0,0.0,1,0.0,3.535,0.0,0.0,0.0,0.0,0.0,0.0,0.0
282.708,apt_maskon,PARKED,0.0,0.0,0.0,1,0.0,3.557,0.0,0.0,0.0,0.0,0.0,0.0,0.0
282.801,apt_maskon,PARKED,0.0,0.0,0.0,1,0.0,3.542,0.0,0.0,0.0,0.0,0.0,0.0,0.0
282.901,apt_maskon,PARKED,0.0,0.0,0.0,1,0.0,3.542,0.0,0.0,0.0,0.0,0.0,0.0,0.0
283.047,apt_maskon,PARKED,0.0,0.0,0.0,1,0.0,3.506,0.0,0.0,0.0,0.0,0.0,0.0,0.0
283.104,apt_maskon,PARKED,0.0,0.0,0.0,1,0.0,3.535,0.0,0.0,0.0,0.0,0.0,0.0,0.0
283.234,apt_maskon,PARKED,0.0,0.0,0.0,1,0.0,3.546,0.0,0.0,0.0,0.0,0.0,0.0,0.0
283.337,apt_maskon,PARKED,0.0,0.0,0.0,1,0.0,3.546,0.0,0.0,0.0,0.0,0.0,0.0,0.0
283.401,apt_maskon,PARKED,0.0,0.0,0.0,1,0.0,3.546,0.0,0.0,0.0,0.0,0.0,0.0,0.0
283.501,apt_maskon,PARKED,0.0,0.0,0.0,1,0.0,3.536,0.0,0.0,0.0,0.0,0.0,0.0,0.0
283.601,apt_maskon,PARKED,0.0,0.0,0.0,1,0.0,3.536,0.0,0.0,0.0,0.0,0.0,0.0,0.0
283.7,apt_maskon,PARKED,0.0,0.0,0.0,1,0.0,3.566,0.0,0.0,0.0,0.0,0.0,0.0,0.0
283.811,apt_maskon,PARKED,0.0,0.0,0.0,1,0.0,3.565,0.0,0.0,0.0,0.0,0.0,0.0,0.0
283.93,apt_maskon,PARKED,0.0,0.0,0.0,1,0.0,3.565,0.0,0.0,0.0,0.0,0.0,0.0,0.0
284.001,apt_maskon,PARKED,0.0,0.0,0.0,1,0.0,3.565,0.0,0.0,0.0,0.0,0.0,0.0,0.0
284.138,apt_maskon,PARKED,0.0,0.0,0.0,1,0.0,3.545,0.0,0.0,0.0,0.0,0.0,0.0,0.0
284.248,apt_maskon,PARKED,0.0,0.0,0.0,1,0.0,3.544,0.0,0.0,0.0,0.0,0.0,0.0,0.0
284.302,apt_maskon,PARKED,0.0,0.0,0.0,1,0.0,3.544,0.0,0.0,0.0,0.0,0.0,0.0,0.0
284.402,apt_maskon,PARKED,0.0,0.0,0.0,1,0.0,3.544,0.0,0.0,0.0,0.0,0.0,0.0,0.0
284.501,apt_maskon,PARKED,0.0,0.0,0.0,1,0.0,3.544,0.0,0.0,0.0,0.0,0.0,0.0,0.0
284.601,apt_maskon,PARKED,0.0,0.0,0.0,1,0.0,3.544,0.0,0.0,0.0,0.0,0.0,0.0,0.0
284.723,apt_maskon,PARKED,0.0,0.0,0.0,1,0.0,3.552,0.0,0.0,0.0,0.0,0.0,0.0,0.0
284.801,apt_maskon,PARKED,0.0,0.0,0.0,1,0.0,3.552,0.0,0.0,0.0,0.0,0.0,0.0,0.0
284.901,apt_maskon,PARKED,0.0,0.0,0.0,1,0.0,3.552,0.0,0.0,0.0,0.0,0.0,0.0,0.0
285.029,apt_maskon,PARKED,0.0,0.0,0.0,1,0.0,3.544,0.0,0.0,0.0,0.0,0.0,0.0,0.0
285.138,apt_maskon,PARKED,0.0,0.0,0.0,1,0.0,3.58,0.0,0.0,0.0,0.0,0.0,0.0,0.0
285.201,apt_maskon,PARKED,0.0,0.0,0.0,1,0.0,3.58,0.0,0.0,0.0,0.0,0.0,0.0,0.0
285.301,apt_maskon,PARKED,0.0,0.0,0.0,1,0.0,3.58,0.0,0.0,0.0,0.0,0.0,0.0,0.0
285.438,apt_maskon,PARKED,0.0,0.0,0.0,1,0.0,3.548,0.0,0.0,0.0,0.0,0.0,0.0,0.0
285.55,apt_maskon,PARKED,0.0,0.0,0.0,1,0.0,3.58,0.0,0.0,0.0,0.0,0.0,0.0,0.0
285.601,apt_maskon,PARKED,0.0,0.0,0.0,1,0.0,3.58,0.0,0.0,0.0,0.0,0.0,0.0,0.0
285.701,apt_maskon,PARKED,0.0,0.0,0.0,1,0.0,3.58,0.0,0.0,0.0,0.0,0.0,0.0,0.0
285.801,apt_maskon,PARKED,0.0,0.0,0.0,1,0.0,3.58,0.0,0.0,0.0,0.0,0.0,0.0,0.0
285.902,apt_maskon,PARKED,0.0,0.0,0.0,1,0.0,3.552,0.0,0.0,0.0,0.0,0.0,0.0,0.0
286.016,apt_maskon,PARKED,0.0,0.0,0.0,1,0.0,3.549,0.0,0.0,0.0,0.0,0.0,0.0,0.0
286.101,apt_maskon,PARKED,0.0,0.0,0.0,1,0.0,3.572,0.0,0.0,0.0,0.0,0.0,0.0,0.0
286.245,apt_maskon,PARKED,0.0,0.0,0.0,1,0.0,3.572,0.0,0.0,0.0,0.0,0.0,0.0,0.0
286.348,apt_maskon,PARKED,0.0,0.0,0.0,1,0.0,3.552,0.0,0.0,0.0,0.0,0.0,0.0,0.0
286.414,apt_maskon,PARKED,0.0,0.0,0.0,1,0.0,3.578,0.0,0.0,0.0,0.0,0.0,0.0,0.0
286.523,apt_maskon,PARKED,0.0,0.0,0.0,1,0.0,3.593,0.0,0.0,0.0,0.0,0.0,0.0,0.0
286.601,apt_maskon,PARKED,0.0,0.0,0.0,1,0.0,3.593,0.0,0.0,0.0,0.0,0.0,0.0,0.0
286.702,apt_maskon,PARKED,0.0,0.0,0.0,1,0.0,3.593,0.0,0.0,0.0,0.0,0.0,0.0,0.0
286.802,apt_maskon,PARKED,0.0,0.0,0.0,1,0.0,3.593,0.0,0.0,0.0,0.0,0.0,0.0,0.0
286.948,apt_maskon,PARKED,0.0,0.0,0.0,1,0.0,3.542,0.0,0.0,0.0,0.0,0.0,0.0,0.0
287.049,apt_maskon,PARKED,0.0,0.0,0.0,1,0.0,3.542,0.0,0.0,0.0,0.0,0.0,0.0,0.0
287.15,apt_maskon,PARKED,0.0,0.0,0.0,1,0.0,3.542,0.0,0.0,0.0,0.0,0.0,0.0,0.0
287.237,apt_maskon,PARKED,0.0,0.0,0.0,1,0.0,3.565,0.0,0.0,0.0,0.0,0.0,0.0,0.0
287.35,apt_maskon,PARKED,0.0,0.0,0.0,1,0.0,3.571,0.0,0.0,0.0,0.0,0.0,0.0,0.0
287.405,apt_maskon,PARKED,0.0,0.0,0.0,1,0.0,3.561,0.0,0.0,0.0,0.0,0.0,0.0,0.0
287.518,apt_maskon,PARKED,0.0,0.0,0.0,1,0.0,3.561,0.0,0.0,0.0,0.0,0.0,0.0,0.0
287.601,apt_maskon,PARKED,0.0,0.0,0.0,1,0.0,3.561,0.0,0.0,0.0,0.0,0.0,0.0,0.0
287.702,apt_maskon,PARKED,0.0,0.0,0.0,1,0.0,3.561,0.0,0.0,0.0,0.0,0.0,0.0,0.0
287.801,apt_maskon,PARKED,0.0,0.0,0.0,1,0.0,3.561,0.0,0.0,0.0,0.0,0.0,0.0,0.0
287.902,apt_maskon,PARKED,0.0,0.0,0.0,1,0.0,3.561,0.0,0.0,0.0,0.0,0.0,0.0,0.0
288.001,apt_maskon,PARKED,0.0,0.0,0.0,1,0.0,3.574,0.0,0.0,0.0,0.0,0.0,0.0,0.0
288.108,apt_maskon,PARKED,0.0,0.0,0.0,1,0.0,3.568,0.0,0.0,0.0,0.0,0.0,0.0,0.0
288.228,apt_maskon,PARKED,0.0,0.0,0.0,1,0.0,3.589,0.0,0.0,0.0,0.0,0.0,0.0,0.0
288.35,apt_maskon,PARKED,0.0,0.0,0.0,1,0.0,3.589,0.0,0.0,0.0,0.0,0.0,0.0,0.0
288.402,apt_maskon,PARKED,0.0,0.0,0.0,1,0.0,3.589,0.0,0.0,0.0,0.0,0.0,0.0,0.0
288.501,apt_maskon,PARKED,0.0,0.0,0.0,1,0.0,3.589,0.0,0.0,0.0,0.0,0.0,0.0,0.0
288.601,apt_maskon,PARKED,0.0,0.0,0.0,1,0.0,3.581,0.0,0.0,0.0,0.0,0.0,0.0,0.0
288.728,apt_maskon,PARKED,0.0,0.0,0.0,1,0.0,3.589,0.0,0.0,0.0,0.0,0.0,0.0,0.0
288.801,apt_maskon,PARKED,0.0,0.0,0.0,1,0.0,3.589,0.0,0.0,0.0,0.0,0.0,0.0,0.0
288.905,apt_maskon,PARKED,0.0,0.0,0.0,1,0.0,3.585,0.0,0.0,0.0,0.0,0.0,0.0,0.0
289.024,apt_maskon,PARKED,0.0,0.0,0.0,1,0.0,3.576,0.0,0.0,0.0,0.0,0.0,0.0,0.0
289.101,apt_maskon,PARKED,0.0,0.0,0.0,1,0.0,3.576,0.0,0.0,0.0,0.0,0.0,0.0,0.0
289.216,apt_maskon,PARKED,0.0,0.0,0.0,1,0.0,3.562,0.0,0.0,0.0,0.0,0.0,0.0,0.0
289.313,apt_maskon,PARKED,0.0,0.0,0.0,1,0.0,3.57,0.0,0.0,0.0,0.0,0.0,0.0,0.0
289.444,apt_maskon,PARKED,0.0,0.0,0.0,1,0.0,3.564,0.0,0.0,0.0,0.0,0.0,0.0,0.0
289.501,apt_maskon,PARKED,0.0,0.0,0.0,1,0.0,3.564,0.0,0.0,0.0,0.0,0.0,0.0,0.0
289.602,apt_maskon,PARKED,0.0,0.0,0.0,1,0.0,3.537,0.0,0.0,0.0,0.0,0.0,0.0,0.0
289.701,apt_maskon,PARKED,0.0,0.0,0.0,1,0.0,3.547,0.0,0.0,0.0,0.0,0.0,0.0,0.0
289.81,apt_maskon,PARKED,0.0,0.0,0.0,1,0.0,3.541,0.0,0.0,0.0,0.0,0.0,0.0,0.0
289.901,apt_maskon,PARKED,0.0,0.0,0.0,1,0.0,3.541,0.0,0.0,0.0,0.0,0.0,0.0,0.0
290.009,apt_maskon,PARKED,0.0,0.0,0.0,1,0.0,3.588,0.0,0.0,0.0,0.0,0.0,0.0,0.0
290.124,apt_maskon,PARKED,0.0,0.0,0.0,1,0.0,3.593,0.0,0.0,0.0,0.0,0.0,0.0,0.0
290.201,apt_maskon,PARKED,0.0,0.0,0.0,1,0.0,3.593,0.0,0.0,0.0,0.0,0.0,0.0,0.0
290.338,apt_maskon,PARKED,0.0,0.0,0.0,1,0.0,3.593,0.0,0.0,0.0,0.0,0.0,0.0,0.0
290.407,apt_maskon,PARKED,0.0,0.0,0.0,1,0.0,3.585,0.0,0.0,0.0,0.0,0.0,0.0,0.0
290.516,apt_maskon,PARKED,0.0,0.0,0.0,1,0.0,3.54,0.0,0.0,0.0,0.0,0.0,0.0,0.0
290.624,apt_maskon,PARKED,0.0,0.0,0.0,1,0.0,3.582,0.0,0.0,0.0,0.0,0.0,0.0,0.0
290.75,apt_maskon,PARKED,0.0,0.0,0.0,1,0.0,3.555,0.0,0.0,0.0,0.0,0.0,0.0,0.0
290.801,apt_maskon,PARKED,0.0,0.0,0.0,1,0.0,3.555,0.0,0.0,0.0,0.0,0.0,0.0,0.0
290.915,apt_maskon,PARKED,0.0,0.0,0.0,1,0.0,3.554,0.0,0.0,0.0,0.0,0.0,0.0,0.0
291.039,apt_maskon,PARKED,0.0,0.0,0.0,1,0.0,3.555,0.0,0.0,0.0,0.0,0.0,0.0,0.0
291.101,apt_maskon,PARKED,0.0,0.0,0.0,1,0.0,3.555,0.0,0.0,0.0,0.0,0.0,0.0,0.0
291.225,apt_maskon,PARKED,0.0,0.0,0.0,1,0.0,3.572,0.0,0.0,0.0,0.0,0.0,0.0,0.0
291.301,apt_maskon,PARKED,0.0,0.0,0.0,1,0.0,3.572,0.0,0.0,0.0,0.0,0.0,0.0,0.0
291.401,apt_maskon,PARKED,0.0,0.0,0.0,1,0.0,3.572,0.0,0.0,0.0,0.0,0.0,0.0,0.0
291.501,apt_maskon,PARKED,0.0,0.0,0.0,1,0.0,3.572,0.0,0.0,0.0,0.0,0.0,0.0,0.0
291.601,apt_maskon,PARKED,0.0,0.0,0.0,1,0.0,3.572,0.0,0.0,0.0,0.0,0.0,0.0,0.0
291.701,apt_maskon,PARKED,0.0,0.0,0.0,1,0.0,3.567,0.0,0.0,0.0,0.0,0.0,0.0,0.0
291.84,apt_maskon,PARKED,0.0,0.0,0.0,1,0.0,3.577,0.0,0.0,0.0,0.0,0.0,0.0,0.0
291.901,apt_maskon,PARKED,0.0,0.0,0.0,1,0.0,3.577,0.0,0.0,0.0,0.0,0.0,0.0,0.0
292.001,apt_maskon,PARKED,0.0,0.0,0.0,1,0.0,3.577,0.0,0.0,0.0,0.0,0.0,0.0,0.0
292.101,apt_maskon,PARKED,0.0,0.0,0.0,1,0.0,3.577,0.0,0.0,0.0,0.0,0.0,0.0,0.0
292.201,apt_maskon,PARKED,0.0,0.0,0.0,1,0.0,3.577,0.0,0.0,0.0,0.0,0.0,0.0,0.0
292.333,apt_maskon,PARKED,0.0,0.0,0.0,1,0.0,3.616,0.0,0.0,0.0,0.0,0.0,0.0,0.0
292.449,apt_maskon,PARKED,0.0,0.0,0.0,1,0.0,3.55,0.0,0.0,0.0,0.0,0.0,0.0,0.0
292.501,apt_maskon,PARKED,0.0,0.0,0.0,1,0.0,3.55,0.0,0.0,0.0,0.0,0.0,0.0,0.0
292.628,apt_maskon,PARKED,0.0,0.0,0.0,1,0.0,3.55,0.0,0.0,0.0,0.0,0.0,0.0,0.0
292.731,apt_maskon,PARKED,0.0,0.0,0.0,1,0.0,3.534,0.0,0.0,0.0,0.0,0.0,0.0,0.0
292.84,apt_maskon,PARKED,0.0,0.0,0.0,1,0.0,3.58,0.0,0.0,0.0,0.0,0.0,0.0,0.0
292.902,apt_maskon,PARKED,0.0,0.0,0.0,1,0.0,3.58,0.0,0.0,0.0,0.0,0.0,0.0,0.0
293.001,apt_maskon,PARKED,0.0,0.0,0.0,1,0.0,3.58,0.0,0.0,0.0,0.0,0.0,0.0,0.0
293.101,apt_maskon,PARKED,0.0,0.0,0.0,1,0.0,3.58,0.0,0.0,0.0,0.0,0.0,0.0,0.0
293.201,apt_maskon,PARKED,0.0,0.0,0.0,1,0.0,3.58,0.0,0.0,0.0,0.0,0.0,0.0,0.0
293.301,apt_maskon,PARKED,0.0,0.0,0.0,1,0.0,3.58,0.0,0.0,0.0,0.0,0.0,0.0,0.0
293.439,apt_maskon,PARKED,0.0,0.0,0.0,1,0.0,3.557,0.0,0.0,0.0,0.0,0.0,0.0,0.0
293.502,apt_maskon,PARKED,0.0,0.0,0.0,1,0.0,3.557,0.0,0.0,0.0,0.0,0.0,0.0,0.0
293.6,apt_maskon,PARKED,0.0,0.0,0.0,1,0.0,3.563,0.0,0.0,0.0,0.0,0.0,0.0,0.0
293.702,apt_maskon,PARKED,0.0,0.0,0.0,1,0.0,3.561,0.0,0.0,0.0,0.0,0.0,0.0,0.0
293.838,apt_maskon,PARKED,0.0,0.0,0.0,1,0.0,3.564,0.0,0.0,0.0,0.0,0.0,0.0,0.0
293.901,apt_maskon,PARKED,0.0,0.0,0.0,1,0.0,3.528,0.0,0.0,0.0,0.0,0.0,0.0,0.0
294.001,apt_maskon,PARKED,0.0,0.0,0.0,1,0.0,3.528,0.0,0.0,0.0,0.0,0.0,0.0,0.0
294.101,apt_maskon,PARKED,0.0,0.0,0.0,1,0.0,3.528,0.0,0.0,0.0,0.0,0.0,0.0,0.0
294.248,apt_maskon,PARKED,0.0,0.0,0.0,1,0.0,3.572,0.0,0.0,0.0,0.0,0.0,0.0,0.0
294.303,apt_maskon,PARKED,0.0,0.0,0.0,1,0.0,3.572,0.0,0.0,0.0,0.0,0.0,0.0,0.0
294.401,apt_maskon,PARKED,0.0,0.0,0.0,1,0.0,3.567,0.0,0.0,0.0,0.0,0.0,0.0,0.0
294.54,apt_maskon,PARKED,0.0,0.0,0.0,1,0.0,3.568,0.0,0.0,0.0,0.0,0.0,0.0,0.0
294.601,apt_maskon,PARKED,0.0,0.0,0.0,1,0.0,3.568,0.0,0.0,0.0,0.0,0.0,0.0,0.0
294.701,apt_maskon,PARKED,0.0,0.0,0.0,1,0.0,3.578,0.0,0.0,0.0,0.0,0.0,0.0,0.0
294.838,apt_maskon,PARKED,0.0,0.0,0.0,1,0.0,3.53,0.0,0.0,0.0,0.0,0.0,0.0,0.0
294.942,apt_maskon,PARKED,0.0,0.0,0.0,1,0.0,3.53,0.0,0.0,0.0,0.0,0.0,0.0,0.0
295.002,apt_maskon,PARKED,0.0,0.0,0.0,1,0.0,3.53,0.0,0.0,0.0,0.0,0.0,0.0,0.0
295.101,apt_maskon,PARKED,0.0,0.0,0.0,1,0.0,3.53,0.0,0.0,0.0,0.0,0.0,0.0,0.0
295.215,apt_maskon,PARKED,0.0,0.0,0.0,1,0.0,3.579,0.0,0.0,0.0,0.0,0.0,0.0,0.0
295.324,apt_maskon,PARKED,0.0,0.0,0.0,1,0.0,3.557,0.0,0.0,0.0,0.0,0.0,0.0,0.0
295.401,apt_maskon,PARKED,0.0,0.0,0.0,1,0.0,3.557,0.0,0.0,0.0,0.0,0.0,0.0,0.0
295.501,apt_maskon,PARKED,0.0,0.0,0.0,1,0.0,3.557,0.0,0.0,0.0,0.0,0.0,0.0,0.0
295.648,apt_maskon,PARKED,0.0,0.0,0.0,1,0.0,3.568,0.0,0.0,0.0,0.0,0.0,0.0,0.0
295.706,apt_maskon,PARKED,0.0,0.0,0.0,1,0.0,3.56,0.0,0.0,0.0,0.0,0.0,0.0,0.0
295.802,apt_maskon,PARKED,0.0,0.0,0.0,1,0.0,3.56,0.0,0.0,0.0,0.0,0.0,0.0,0.0
295.941,apt_maskon,PARKED,0.0,0.0,0.0,1,0.0,3.572,0.0,0.0,0.0,0.0,0.0,0.0,0.0
296.001,apt_maskon,PARKED,0.0,0.0,0.0,1,0.0,3.572,0.0,0.0,0.0,0.0,0.0,0.0,0.0
296.124,apt_maskon,PARKED,0.0,0.0,0.0,1,0.0,3.574,0.0,0.0,0.0,0.0,0.0,0.0,0.0
296.202,apt_maskon,PARKED,0.0,0.0,0.0,1,0.0,3.555,0.0,0.0,0.0,0.0,0.0,0.0,0.0
296.302,apt_maskon,PARKED,0.0,0.0,0.0,1,0.0,3.555,0.0,0.0,0.0,0.0,0.0,0.0,0.0
296.431,apt_maskon,PARKED,0.0,0.0,0.0,1,0.0,3.573,0.0,0.0,0.0,0.0,0.0,0.0,0.0
296.507,apt_maskon,PARKED,0.0,0.0,0.0,1,0.0,3.573,0.0,0.0,0.0,0.0,0.0,0.0,0.0
296.61,apt_maskon,PARKED,0.0,0.0,0.0,1,0.0,3.556,0.0,0.0,0.0,0.0,0.0,0.0,0.0
296.701,apt_maskon,PARKED,0.0,0.0,0.0,1,0.0,3.556,0.0,0.0,0.0,0.0,0.0,0.0,0.0
296.801,apt_maskon,PARKED,0.0,0.0,0.0,1,0.0,3.556,0.0,0.0,0.0,0.0,0.0,0.0,0.0
296.902,apt_maskon,PARKED,0.0,0.0,0.0,1,0.0,3.556,0.0,0.0,0.0,0.0,0.0,0.0,0.0
297.002,apt_maskon,PARKED,0.0,0.0,0.0,1,0.0,3.556,0.0,0.0,0.0,0.0,0.0,0.0,0.0
297.11,apt_maskon,PARKED,0.0,0.0,0.0,1,0.0,3.569,0.0,0.0,0.0,0.0,0.0,0.0,0.0
297.233,apt_maskon,PARKED,0.0,0.0,0.0,1,0.0,3.552,0.0,0.0,0.0,0.0,0.0,0.0,0.0
297.301,apt_maskon,PARKED,0.0,0.0,0.0,1,0.0,3.528,0.0,0.0,0.0,0.0,0.0,0.0,0.0
297.404,apt_maskon,PARKED,0.0,0.0,0.0,1,0.0,3.547,0.0,0.0,0.0,0.0,0.0,0.0,0.0
297.52,apt_maskon,PARKED,0.0,0.0,0.0,1,0.0,3.523,0.0,0.0,0.0,0.0,0.0,0.0,0.0
297.601,apt_maskon,PARKED,0.0,0.0,0.0,1,0.0,3.516,0.0,0.0,0.0,0.0,0.0,0.0,0.0
297.716,apt_maskon,PARKED,0.0,0.0,0.0,1,0.0,3.516,0.0,0.0,0.0,0.0,0.0,0.0,0.0
297.801,apt_maskon,PARKED,0.0,0.0,0.0,1,0.0,3.516,0.0,0.0,0.0,0.0,0.0,0.0,0.0
297.902,apt_maskon,PARKED,0.0,0.0,0.0,1,0.0,3.541,0.0,0.0,0.0,0.0,0.0,0.0,0.0
298.029,apt_maskon,PARKED,0.0,0.0,0.0,1,0.0,3.564,0.0,0.0,0.0,0.0,0.0,0.0,0.0
298.102,apt_maskon,PARKED,0.0,0.0,0.0,1,0.0,3.564,0.0,0.0,0.0,0.0,0.0,0.0,0.0
298.244,apt_maskon,PARKED,0.0,0.0,0.0,1,0.0,3.563,0.0,0.0,0.0,0.0,0.0,0.0,0.0
298.301,apt_maskon,PARKED,0.0,0.0,0.0,1,0.0,3.563,0.0,0.0,0.0,0.0,0.0,0.0,0.0
298.431,apt_maskon,PARKED,0.0,0.0,0.0,1,0.0,3.563,0.0,0.0,0.0,0.0,0.0,0.0,0.0
298.501,apt_maskon,PARKED,0.0,0.0,0.0,1,0.0,3.581,0.0,0.0,0.0,0.0,0.0,0.0,0.0
298.614,apt_maskon,PARKED,0.0,0.0,0.0,1,0.0,3.582,0.0,0.0,0.0,0.0,0.0,0.0,0.0
298.701,apt_maskon,PARKED,0.0,0.0,0.0,1,0.0,3.582,0.0,0.0,0.0,0.0,0.0,0.0,0.0
298.849,apt_maskon,PARKED,0.0,0.0,0.0,1,0.0,3.582,0.0,0.0,0.0,0.0,0.0,0.0,0.0
298.901,apt_maskon,PARKED,0.0,0.0,0.0,1,0.0,3.582,0.0,0.0,0.0,0.0,0.0,0.0,0.0
299.015,apt_maskon,PARKED,0.0,0.0,0.0,1,0.0,3.582,0.0,0.0,0.0,0.0,0.0,0.0,0.0
299.101,apt_maskon,PARKED,0.0,0.0,0.0,1,0.0,3.597,0.0,0.0,0.0,0.0,0.0,0.0,0.0
299.201,apt_maskon,PARKED,0.0,0.0,0.0,1,0.0,3.597,0.0,0.0,0.0,0.0,0.0,0.0,0.0
299.301,apt_maskon,PARKED,0.0,0.0,0.0,1,0.0,3.597,0.0,0.0,0.0,0.0,0.0,0.0,0.0
299.412,apt_maskon,PARKED,0.0,0.0,0.0,1,0.0,3.567,0.0,0.0,0.0,0.0,0.0,0.0,0.0
299.52,apt_maskon,PARKED,0.0,0.0,0.0,1,0.0,3.559,0.0,0.0,0.0,0.0,0.0,0.0,0.0
299.601,apt_maskon,PARKED,0.0,0.0,0.0,1,0.0,3.563,0.0,0.0,0.0,0.0,0.0,0.0,0.0
299.701,apt_maskon,PARKED,0.0,0.0,0.0,1,0.0,3.563,0.0,0.0,0.0,0.0,0.0,0.0,0.0
299.845,apt_maskon,PARKED,0.0,0.0,0.0,1,0.0,3.574,0.0,0.0,0.0,0.0,0.0,0.0,0.0
299.902,apt_maskon,PARKED,0.0,0.0,0.0,1,0.0,3.575,0.0,0.0,0.0,0.0,0.0,0.0,0.0
300.002,apt_maskon,PARKED,0.0,0.0,0.0,1,0.0,3.541,0.0,0.0,0.0,0.0,0.0,0.0,0.0
