time_s,mode,segment,robot_x,robot_y,robot_th_deg,n_obstacles,max_obs_speed,min_obstacle_dist,path_y,vx_cmd,vy_cmd,vy_rep,corrected_x,corrected_y,corrected_yaw_deg
0.068,apt_walk,PARKED,0.0,0.0,0.0,0,0.0,999.0,0.0,0.0,0.0,0.0,0.0,0.0,0.0
0.12,apt_walk,PARKED,0.0,0.0,0.0,0,0.0,999.0,0.0,0.0,0.0,0.0,0.0,0.0,0.0
0.221,apt_walk,PARKED,0.0,0.0,0.0,2,0.0,3.668,0.0,0.0,0.0,0.0,0.0,0.0,0.0
0.302,apt_walk,PARKED,0.0,0.0,0.0,2,0.0,3.719,0.0,0.0,0.0,0.0,0.0,0.0,0.0
0.401,apt_walk,PARKED,0.0,0.0,0.0,2,0.0,3.719,0.0,0.0,0.0,0.0,0.0,0.0,0.0
0.501,apt_walk,PARKED,0.0,0.0,0.0,2,0.0,3.719,0.0,0.0,0.0,0.0,0.0,0.0,0.0
0.616,apt_walk,PARKED,0.0,0.0,0.0,3,0.0,3.785,0.0,0.0,0.0,0.0,0.0,0.0,0.0
0.701,apt_walk,PARKED,0.0,0.0,0.0,3,0.0,3.718,0.0,0.0,0.0,0.0,0.0,0.0,0.0
0.801,apt_walk,PARKED,0.0,0.0,0.0,3,0.0,3.728,0.0,0.0,0.0,0.0,0.0,0.0,0.0
0.943,apt_walk,PARKED,0.0,0.0,0.0,3,0.0,3.728,0.0,0.0,0.0,0.0,0.0,0.0,0.0
1.001,apt_walk,PARKED,0.0,0.0,0.0,3,0.0,3.728,0.0,0.0,0.0,0.0,0.0,0.0,0.0
1.123,apt_walk,PARKED,0.0,0.0,0.0,3,0.0,3.691,0.0,0.0,0.0,0.0,0.0,0.0,0.0
1.201,apt_walk,PARKED,0.0,0.0,0.0,3,0.0,3.704,0.0,0.0,0.0,0.0,0.0,0.0,0.0
1.301,apt_walk,PARKED,0.0,0.0,0.0,3,0.0,3.704,0.0,0.0,0.0,0.0,0.0,0.0,0.0
1.401,apt_walk,PARKED,0.0,0.0,0.0,3,0.0,3.704,0.0,0.0,0.0,0.0,0.0,0.0,0.0
1.501,apt_walk,PARKED,0.0,0.0,0.0,3,0.0,3.704,0.0,0.0,0.0,0.0,0.0,0.0,0.0
1.623,apt_walk,PARKED,0.0,0.0,0.0,3,0.0,3.722,0.0,0.0,0.0,0.0,0.0,0.0,0.0
1.745,apt_walk,PARKED,0.0,0.0,0.0,3,0.0,3.747,0.0,0.0,0.0,0.0,0.0,0.0,0.0
1.801,apt_walk,PARKED,0.0,0.0,0.0,3,0.0,3.747,0.0,0.0,0.0,0.0,0.0,0.0,0.0
1.901,apt_walk,PARKED,0.0,0.0,0.0,3,0.0,3.768,0.0,0.0,0.0,0.0,0.0,0.0,0.0
2.009,apt_walk,PARKED,0.0,0.0,0.0,3,0.0,3.694,0.0,0.0,0.0,0.0,0.0,0.0,0.0
2.122,apt_walk,PARKED,0.0,0.0,0.0,3,0.0,3.774,0.0,0.0,0.0,0.0,0.0,0.0,0.0
2.214,apt_walk,PARKED,0.0,0.0,0.0,3,0.0,3.701,0.0,0.0,0.0,0.0,0.0,0.0,0.0
2.302,apt_walk,PARKED,0.0,0.0,0.0,3,0.0,3.701,0.0,0.0,0.0,0.0,0.0,0.0,0.0
2.411,apt_walk,PARKED,0.0,0.0,0.0,3,0.0,3.728,0.0,0.0,0.0,0.0,0.0,0.0,0.0
2.501,apt_walk,PARKED,0.0,0.0,0.0,3,0.0,3.721,0.0,0.0,0.0,0.0,0.0,0.0,0.0
2.601,apt_walk,PARKED,0.0,0.0,0.0,3,0.0,3.721,0.0,0.0,0.0,0.0,0.0,0.0,0.0
2.701,apt_walk,PARKED,0.0,0.0,0.0,3,0.0,3.721,0.0,0.0,0.0,0.0,0.0,0.0,0.0
2.801,apt_walk,PARKED,0.0,0.0,0.0,3,0.0,3.721,0.0,0.0,0.0,0.0,0.0,0.0,0.0
2.901,apt_walk,PARKED,0.0,0.0,0.0,3,0.0,3.721,0.0,0.0,0.0,0.0,0.0,0.0,0.0
3.002,apt_walk,PARKED,0.0,0.0,0.0,3,0.0,3.721,0.0,0.0,0.0,0.0,0.0,0.0,0.0
3.138,apt_walk,PARKED,0.0,0.0,0.0,3,0.0,3.778,0.0,0.0,0.0,0.0,0.0,0.0,0.0
3.202,apt_walk,PARKED,0.0,0.0,0.0,3,0.0,3.793,0.0,0.0,0.0,0.0,0.0,0.0,0.0
3.302,apt_walk,PARKED,0.0,0.0,0.0,3,0.0,3.793,0.0,0.0,0.0,0.0,0.0,0.0,0.0
3.427,apt_walk,PARKED,0.0,0.0,0.0,3,0.0,3.692,0.0,0.0,0.0,0.0,0.0,0.0,0.0
3.501,apt_walk,PARKED,0.0,0.0,0.0,3,0.0,3.692,0.0,0.0,0.0,0.0,0.0,0.0,0.0
3.601,apt_walk,PARKED,0.0,0.0,0.0,3,0.0,3.661,0.0,0.0,0.0,0.0,0.0,0.0,0.0
3.701,apt_walk,PARKED,0.0,0.0,0.0,3,0.0,3.661,0.0,0.0,0.0,0.0,0.0,0.0,0.0
3.843,apt_walk,PARKED,0.0,0.0,0.0,3,0.0,3.638,0.0,0.0,0.0,0.0,0.0,0.0,0.0
3.905,apt_walk,PARKED,0.0,0.0,0.0,3,0.0,3.805,0.0,0.0,0.0,0.0,0.0,0.0,0.0
4.037,apt_walk,PARKED,0.0,0.0,0.0,3,0.0,3.805,0.0,0.0,0.0,0.0,0.0,0.0,0.0
4.101,apt_walk,PARKED,0.0,0.0,0.0,3,0.0,3.805,0.0,0.0,0.0,0.0,0.0,0.0,0.0
4.227,apt_walk,PARKED,0.0,0.0,0.0,3,0.0,3.741,0.0,0.0,0.0,0.0,0.0,0.0,0.0
4.301,apt_walk,PARKED,0.0,0.0,0.0,3,0.0,3.741,0.0,0.0,0.0,0.0,0.0,0.0,0.0
4.402,apt_walk,PARKED,0.0,0.0,0.0,3,0.0,3.734,0.0,0.0,0.0,0.0,0.0,0.0,0.0
4.503,apt_walk,PARKED,0.0,0.0,0.0,3,0.0,3.734,0.0,0.0,0.0,0.0,0.0,0.0,0.0
4.602,apt_walk,PARKED,0.0,0.0,0.0,3,0.0,3.734,0.0,0.0,0.0,0.0,0.0,0.0,0.0
4.741,apt_walk,PARKED,0.0,0.0,0.0,3,0.0,3.744,0.0,0.0,0.0,0.0,0.0,0.0,0.0
4.81,apt_walk,PARKED,0.0,0.0,0.0,3,0.0,3.744,0.0,0.0,0.0,0.0,0.0,0.0,0.0
4.946,apt_walk,PARKED,0.0,0.0,0.0,3,0.0,3.682,0.0,0.0,0.0,0.0,0.0,0.0,0.0
5.001,apt_walk,PARKED,0.0,0.0,0.0,3,0.0,3.682,0.0,0.0,0.0,0.0,0.0,0.0,0.0
5.144,apt_walk,PARKED,0.0,0.0,0.0,3,0.0,3.682,0.0,0.0,0.0,0.0,0.0,0.0,0.0
5.218,apt_walk,PARKED,0.0,0.0,0.0,3,0.0,3.816,0.0,0.0,0.0,0.0,0.0,0.0,0.0
5.301,apt_walk,PARKED,0.0,0.0,0.0,3,0.0,3.732,0.0,0.0,0.0,0.0,0.0,0.0,0.0
5.401,apt_walk,PARKED,0.0,0.0,0.0,3,0.0,3.732,0.0,0.0,0.0,0.0,0.0,0.0,0.0
5.501,apt_walk,PARKED,0.0,0.0,0.0,3,0.0,3.732,0.0,0.0,0.0,0.0,0.0,0.0,0.0
5.641,apt_walk,PARKED,0.0,0.0,0.0,3,0.0,3.763,0.0,0.0,0.0,0.0,0.0,0.0,0.0
5.701,apt_walk,PARKED,0.0,0.0,0.0,3,0.0,3.693,0.0,0.0,0.0,0.0,0.0,0.0,0.0
5.801,apt_walk,PARKED,0.0,0.0,0.0,3,0.0,3.693,0.0,0.0,0.0,0.0,0.0,0.0,0.0
5.901,apt_walk,PARKED,0.0,0.0,0.0,3,0.0,3.732,0.0,0.0,0.0,0.0,0.0,0.0,0.0
6.033,apt_walk,PARKED,0.0,0.0,0.0,3,0.0,3.76,0.0,0.0,0.0,0.0,0.0,0.0,0.0
6.109,apt_walk,PARKED,0.0,0.0,0.0,3,0.0,3.781,0.0,0.0,0.0,0.0,0.0,0.0,0.0
6.201,apt_walk,PARKED,0.0,0.0,0.0,3,0.0,3.72,0.0,0.0,0.0,0.0,0.0,0.0,0.0
6.305,apt_walk,PARKED,0.0,0.0,0.0,3,0.0,3.797,0.0,0.0,0.0,0.0,0.0,0.0,0.0
6.401,apt_walk,PARKED,0.0,0.0,0.0,3,0.0,3.833,0.0,0.0,0.0,0.0,0.0,0.0,0.0
6.501,apt_walk,PARKED,0.0,0.0,0.0,3,0.0,3.833,0.0,0.0,0.0,0.0,0.0,0.0,0.0
6.625,apt_walk,PARKED,0.0,0.0,0.0,3,0.0,3.748,0.0,0.0,0.0,0.0,0.0,0.0,0.0
6.701,apt_walk,PARKED,0.0,0.0,0.0,3,0.0,3.748,0.0,0.0,0.0,0.0,0.0,0.0,0.0
6.801,apt_walk,PARKED,0.0,0.0,0.0,3,0.0,3.748,0.0,0.0,0.0,0.0,0.0,0.0,0.0
6.926,apt_walk,PARKED,0.0,0.0,0.0,3,0.0,3.775,0.0,0.0,0.0,0.0,0.0,0.0,0.0
7.001,apt_walk,PARKED,0.0,0.0,0.0,3,0.0,3.8,0.0,0.0,0.0,0.0,0.0,0.0,0.0
7.12,apt_walk,PARKED,0.0,0.0,0.0,3,0.0,3.761,0.0,0.0,0.0,0.0,0.0,0.0,0.0
7.201,apt_walk,PARKED,0.0,0.0,0.0,3,0.0,3.761,0.0,0.0,0.0,0.0,0.0,0.0,0.0
7.301,apt_walk,PARKED,0.0,0.0,0.0,3,0.0,3.761,0.0,0.0,0.0,0.0,0.0,0.0,0.0
7.44,apt_walk,PARKED,0.0,0.0,0.0,3,0.0,3.785,0.0,0.0,0.0,0.0,0.0,0.0,0.0
7.501,apt_walk,PARKED,0.0,0.0,0.0,3,0.0,3.785,0.0,0.0,0.0,0.0,0.0,0.0,0.0
7.601,apt_walk,PARKED,0.0,0.0,0.0,3,0.0,3.756,0.0,0.0,0.0,0.0,0.0,0.0,0.0
7.701,apt_walk,PARKED,0.0,0.0,0.0,3,0.0,3.756,0.0,0.0,0.0,0.0,0.0,0.0,0.0
7.801,apt_walk,PARKED,0.0,0.0,0.0,3,0.0,3.762,0.0,0.0,0.0,0.0,0.0,0.0,0.0
7.915,apt_walk,PARKED,0.0,0.0,0.0,3,0.0,3.69,0.0,0.0,0.0,0.0,0.0,0.0,0.0
8.001,apt_walk,PARKED,0.0,0.0,0.0,3,0.0,3.659,0.0,0.0,0.0,0.0,0.0,0.0,0.0
8.101,apt_walk,PARKED,0.0,0.0,0.0,3,0.0,3.658,0.0,0.0,0.0,0.0,0.0,0.0,0.0
8.22,apt_walk,PARKED,0.0,0.0,0.0,3,0.0,3.658,0.0,0.0,0.0,0.0,0.0,0.0,0.0
8.324,apt_walk,PARKED,0.0,0.0,0.0,3,0.0,3.802,0.0,0.0,0.0,0.0,0.0,0.0,0.0
8.401,apt_walk,PARKED,0.0,0.0,0.0,3,0.0,3.731,0.0,0.0,0.0,0.0,0.0,0.0,0.0
8.501,apt_walk,PARKED,0.0,0.0,0.0,3,0.0,3.731,0.0,0.0,0.0,0.0,0.0,0.0,0.0
8.601,apt_walk,PARKED,0.0,0.0,0.0,3,0.0,3.731,0.0,0.0,0.0,0.0,0.0,0.0,0.0
8.701,apt_walk,PARKED,0.0,0.0,0.0,3,0.0,3.731,0.0,0.0,0.0,0.0,0.0,0.0,0.0
8.801,apt_walk,PARKED,0.0,0.0,0.0,3,0.0,3.731,0.0,0.0,0.0,0.0,0.0,0.0,0.0
8.933,apt_walk,PARKED,0.0,0.0,0.0,3,0.0,3.741,0.0,0.0,0.0,0.0,0.0,0.0,0.0
9.001,apt_walk,PARKED,0.0,0.0,0.0,3,0.0,3.741,0.0,0.0,0.0,0.0,0.0,0.0,0.0
9.101,apt_walk,PARKED,0.0,0.0,0.0,3,0.0,3.679,0.0,0.0,0.0,0.0,0.0,0.0,0.0
9.248,apt_walk,PARKED,0.0,0.0,0.0,3,0.0,3.722,0.0,0.0,0.0,0.0,0.0,0.0,0.0
9.302,apt_walk,PARKED,0.0,0.0,0.0,3,0.0,3.722,0.0,0.0,0.0,0.0,0.0,0.0,0.0
9.401,apt_walk,PARKED,0.0,0.0,0.0,3,0.0,3.722,0.0,0.0,0.0,0.0,0.0,0.0,0.0
9.502,apt_walk,PARKED,0.0,0.0,0.0,3,0.0,3.756,0.0,0.0,0.0,0.0,0.0,0.0,0.0
9.602,apt_walk,PARKED,0.0,0.0,0.0,3,0.0,3.756,0.0,0.0,0.0,0.0,0.0,0.0,0.0
9.703,apt_walk,PARKED,0.0,0.0,0.0,3,0.0,3.802,0.0,0.0,0.0,0.0,0.0,0.0,0.0
9.845,apt_walk,PARKED,0.0,0.0,0.0,3,0.0,3.767,0.0,0.0,0.0,0.0,0.0,0.0,0.0
9.929,apt_walk,PARKED,0.0,0.0,0.0,3,0.0,3.69,0.0,0.0,0.0,0.0,0.0,0.0,0.0
10.001,apt_walk,PARKED,0.0,0.0,0.0,3,0.0,3.707,0.0,0.0,0.0,0.0,0.0,0.0,0.0
10.125,apt_walk,PARKED,0.0,0.0,0.0,3,0.0,3.736,0.0,0.0,0.0,0.0,0.0,0.0,0.0
10.201,apt_walk,PARKED,0.0,0.0,0.0,3,0.0,3.736,0.0,0.0,0.0,0.0,0.0,0.0,0.0
10.303,apt_walk,PARKED,0.0,0.0,0.0,3,0.0,3.806,0.0,0.0,0.0,0.0,0.0,0.0,0.0
10.417,apt_walk,PARKED,0.0,0.0,0.0,3,0.0,3.762,0.0,0.0,0.0,0.0,0.0,0.0,0.0
10.502,apt_walk,PARKED,0.0,0.0,0.0,3,0.0,3.781,0.0,0.0,0.0,0.0,0.0,0.0,0.0
10.645,apt_walk,PARKED,0.0,0.0,0.0,3,0.0,3.791,0.0,0.0,0.0,0.0,0.0,0.0,0.0
10.702,apt_walk,PARKED,0.0,0.0,0.0,3,0.0,3.791,0.0,0.0,0.0,0.0,0.0,0.0,0.0
10.801,apt_walk,PARKED,0.0,0.0,0.0,3,0.0,3.741,0.0,0.0,0.0,0.0,0.0,0.0,0.0
10.933,apt_walk,PARKED,0.0,0.0,0.0,3,0.0,3.783,0.0,0.0,0.0,0.0,0.0,0.0,0.0
11.002,apt_walk,PARKED,0.0,0.0,0.0,3,0.0,3.754,0.0,0.0,0.0,0.0,0.0,0.0,0.0
11.101,apt_walk,PARKED,0.0,0.0,0.0,3,0.0,3.722,0.0,0.0,0.0,0.0,0.0,0.0,0.0
11.206,apt_walk,PARKED,0.0,0.0,0.0,3,0.0,3.722,0.0,0.0,0.0,0.0,0.0,0.0,0.0
11.302,apt_walk,PARKED,0.0,0.0,0.0,3,0.0,3.722,0.0,0.0,0.0,0.0,0.0,0.0,0.0
11.402,apt_walk,PARKED,0.0,0.0,0.0,3,0.0,3.773,0.0,0.0,0.0,0.0,0.0,0.0,0.0
11.528,apt_walk,PARKED,0.0,0.0,0.0,3,0.0,3.773,0.0,0.0,0.0,0.0,0.0,0.0,0.0
11.602,apt_walk,PARKED,0.0,0.0,0.0,3,0.0,3.773,0.0,0.0,0.0,0.0,0.0,0.0,0.0
11.701,apt_walk,PARKED,0.0,0.0,0.0,3,0.0,3.773,0.0,0.0,0.0,0.0,0.0,0.0,0.0
11.801,apt_walk,PARKED,0.0,0.0,0.0,3,0.0,3.773,0.0,0.0,0.0,0.0,0.0,0.0,0.0
11.949,apt_walk,PARKED,0.0,0.0,0.0,3,0.0,3.717,0.0,0.0,0.0,0.0,0.0,0.0,0.0
12.02,apt_walk,PARKED,0.0,0.0,0.0,3,0.0,3.751,0.0,0.0,0.0,0.0,0.0,0.0,0.0
12.144,apt_walk,PARKED,0.0,0.0,0.0,3,0.0,3.751,0.0,0.0,0.0,0.0,0.0,0.0,0.0
12.201,apt_walk,PARKED,0.0,0.0,0.0,3,0.0,3.857,0.0,0.0,0.0,0.0,0.0,0.0,0.0
12.319,apt_walk,PARKED,0.0,0.0,0.0,3,0.0,3.793,0.0,0.0,0.0,0.0,0.0,0.0,0.0
12.401,apt_walk,PARKED,0.0,0.0,0.0,3,0.0,3.793,0.0,0.0,0.0,0.0,0.0,0.0,0.0
12.501,apt_walk,PARKED,0.0,0.0,0.0,3,0.0,3.793,0.0,0.0,0.0,0.0,0.0,0.0,0.0
12.613,apt_walk,PARKED,0.0,0.0,0.0,3,0.0,3.766,0.0,0.0,0.0,0.0,0.0,0.0,0.0
12.702,apt_walk,PARKED,0.0,0.0,0.0,3,0.0,3.766,0.0,0.0,0.0,0.0,0.0,0.0,0.0
12.801,apt_walk,PARKED,0.0,0.0,0.0,3,0.0,3.775,0.0,0.0,0.0,0.0,0.0,0.0,0.0
12.901,apt_walk,PARKED,0.0,0.0,0.0,3,0.0,3.775,0.0,0.0,0.0,0.0,0.0,0.0,0.0
13.004,apt_walk,PARKED,0.0,0.0,0.0,3,0.0,3.67,0.0,0.0,0.0,0.0,0.0,0.0,0.0
13.101,apt_walk,PARKED,0.0,0.0,0.0,3,0.0,3.67,0.0,0.0,0.0,0.0,0.0,0.0,0.0
13.202,apt_walk,PARKED,0.0,0.0,0.0,3,0.0,3.663,0.0,0.0,0.0,0.0,0.0,0.0,0.0
13.343,apt_walk,PARKED,0.0,0.0,0.0,3,0.0,3.7,0.0,0.0,0.0,0.0,0.0,0.0,0.0
13.401,apt_walk,PARKED,0.0,0.0,0.0,3,0.0,3.7,0.0,0.0,0.0,0.0,0.0,0.0,0.0
13.501,apt_walk,PARKED,0.0,0.0,0.0,3,0.0,3.7,0.0,0.0,0.0,0.0,0.0,0.0,0.0
13.602,apt_walk,PARKED,0.0,0.0,0.0,3,0.0,3.671,0.0,0.0,0.0,0.0,0.0,0.0,0.0
13.701,apt_walk,PARKED,0.0,0.0,0.0,3,0.0,3.671,0.0,0.0,0.0,0.0,0.0,0.0,0.0
13.802,apt_walk,PARKED,0.0,0.0,0.0,3,0.0,3.671,0.0,0.0,0.0,0.0,0.0,0.0,0.0
13.901,apt_walk,PARKED,0.0,0.0,0.0,3,0.0,3.671,0.0,0.0,0.0,0.0,0.0,0.0,0.0
14.001,apt_walk,PARKED,0.0,0.0,0.0,3,0.0,3.671,0.0,0.0,0.0,0.0,0.0,0.0,0.0
14.125,apt_walk,PARKED,0.0,0.0,0.0,3,0.0,3.684,0.0,0.0,0.0,0.0,0.0,0.0,0.0
14.201,apt_walk,PARKED,0.0,0.0,0.0,3,0.0,3.663,0.0,0.0,0.0,0.0,0.0,0.0,0.0
14.302,apt_walk,PARKED,0.0,0.0,0.0,3,0.0,3.663,0.0,0.0,0.0,0.0,0.0,0.0,0.0
14.421,apt_walk,PARKED,0.0,0.0,0.0,3,0.0,3.663,0.0,0.0,0.0,0.0,0.0,0.0,0.0
14.501,apt_walk,PARKED,0.0,0.0,0.0,3,0.0,3.663,0.0,0.0,0.0,0.0,0.0,0.0,0.0
14.626,apt_walk,PARKED,0.0,0.0,0.0,3,0.0,3.75,0.0,0.0,0.0,0.0,0.0,0.0,0.0
14.701,apt_walk,PARKED,0.0,0.0,0.0,3,0.0,3.722,0.0,0.0,0.0,0.0,0.0,0.0,0.0
14.801,apt_walk,PARKED,0.0,0.0,0.0,3,0.0,3.722,0.0,0.0,0.0,0.0,0.0,0.0,0.0
14.931,apt_walk,PARKED,0.0,0.0,0.0,3,0.0,3.761,0.0,0.0,0.0,0.0,0.0,0.0,0.0
15.001,apt_walk,PARKED,0.0,0.0,0.0,3,0.0,3.761,0.0,0.0,0.0,0.0,0.0,0.0,0.0
15.101,apt_walk,PARKED,0.0,0.0,0.0,3,0.0,3.748,0.0,0.0,0.0,0.0,0.0,0.0,0.0
15.201,apt_walk,PARKED,0.0,0.0,0.0,3,0.0,3.748,0.0,0.0,0.0,0.0,0.0,0.0,0.0
15.34,apt_walk,PARKED,0.0,0.0,0.0,3,0.0,3.74,0.0,0.0,0.0,0.0,0.0,0.0,0.0
15.402,apt_walk,PARKED,0.0,0.0,0.0,3,0.0,3.74,0.0,0.0,0.0,0.0,0.0,0.0,0.0
15.501,apt_walk,PARKED,0.0,0.0,0.0,3,0.0,3.74,0.0,0.0,0.0,0.0,0.0,0.0,0.0
15.65,apt_walk,PARKED,0.0,0.0,0.0,3,0.0,3.745,0.0,0.0,0.0,0.0,0.0,0.0,0.0
15.712,apt_walk,PARKED,0.0,0.0,0.0,3,0.0,3.745,0.0,0.0,0.0,0.0,0.0,0.0,0.0
15.801,apt_walk,PARKED,0.0,0.0,0.0,3,0.0,3.745,0.0,0.0,0.0,0.0,0.0,0.0,0.0
15.901,apt_walk,PARKED,0.0,0.0,0.0,3,0.0,3.745,0.0,0.0,0.0,0.0,0.0,0.0,0.0
16.003,apt_walk,PARKED,0.0,0.0,0.0,3,0.0,3.744,0.0,0.0,0.0,0.0,0.0,0.0,0.0
16.101,apt_walk,PARKED,0.0,0.0,0.0,3,0.0,3.744,0.0,0.0,0.0,0.0,0.0,0.0,0.0
16.201,apt_walk,PARKED,0.0,0.0,0.0,3,0.0,3.744,0.0,0.0,0.0,0.0,0.0,0.0,0.0
16.301,apt_walk,PARKED,0.0,0.0,0.0,3,0.0,3.744,0.0,0.0,0.0,0.0,0.0,0.0,0.0
16.401,apt_walk,PARKED,0.0,0.0,0.0,3,0.0,3.744,0.0,0.0,0.0,0.0,0.0,0.0,0.0
16.503,apt_walk,PARKED,0.0,0.0,0.0,3,0.0,3.783,0.0,0.0,0.0,0.0,0.0,0.0,0.0
16.649,apt_walk,PARKED,0.0,0.0,0.0,3,0.0,3.691,0.0,0.0,0.0,0.0,0.0,0.0,0.0
16.701,apt_walk,PARKED,0.0,0.0,0.0,3,0.0,3.691,0.0,0.0,0.0,0.0,0.0,0.0,0.0
16.837,apt_walk,PARKED,0.0,0.0,0.0,3,0.0,3.691,0.0,0.0,0.0,0.0,0.0,0.0,0.0
16.901,apt_walk,PARKED,0.0,0.0,0.0,3,0.0,3.691,0.0,0.0,0.0,0.0,0.0,0.0,0.0
17.041,apt_walk,PARKED,0.0,0.0,0.0,3,0.0,3.705,0.0,0.0,0.0,0.0,0.0,0.0,0.0
17.101,apt_walk,PARKED,0.0,0.0,0.0,3,0.0,3.708,0.0,0.0,0.0,0.0,0.0,0.0,0.0
17.201,apt_walk,PARKED,0.0,0.0,0.0,3,0.0,3.708,0.0,0.0,0.0,0.0,0.0,0.0,0.0
17.301,apt_walk,PARKED,0.0,0.0,0.0,3,0.0,3.708,0.0,0.0,0.0,0.0,0.0,0.0,0.0
17.404,apt_walk,PARKED,0.0,0.0,0.0,3,0.0,3.706,0.0,0.0,0.0,0.0,0.0,0.0,0.0
17.518,apt_walk,PARKED,0.0,0.0,0.0,3,0.0,3.716,0.0,0.0,0.0,0.0,0.0,0.0,0.0
17.601,apt_walk,PARKED,0.0,0.0,0.0,3,0.0,3.716,0.0,0.0,0.0,0.0,0.0,0.0,0.0
17.701,apt_walk,PARKED,0.0,0.0,0.0,3,0.0,3.716,0.0,0.0,0.0,0.0,0.0,0.0,0.0
17.808,apt_walk,PARKED,0.0,0.0,0.0,3,0.0,3.716,0.0,0.0,0.0,0.0,0.0,0.0,0.0
17.941,apt_walk,PARKED,0.0,0.0,0.0,3,0.0,3.713,0.0,0.0,0.0,0.0,0.0,0.0,0.0
18.008,apt_walk,PARKED,0.0,0.0,0.0,3,0.0,3.713,0.0,0.0,0.0,0.0,0.0,0.0,0.0
18.147,apt_walk,PARKED,0.0,0.0,0.0,3,0.0,3.702,0.0,0.0,0.0,0.0,0.0,0.0,0.0
18.201,apt_walk,PARKED,0.0,0.0,0.0,3,0.0,3.702,0.0,0.0,0.0,0.0,0.0,0.0,0.0
18.301,apt_walk,PARKED,0.0,0.0,0.0,3,0.0,3.702,0.0,0.0,0.0,0.0,0.0,0.0,0.0
18.401,apt_walk,PARKED,0.0,0.0,0.0,3,0.0,3.846,0.0,0.0,0.0,0.0,0.0,0.0,0.0
18.501,apt_walk,PARKED,0.0,0.0,0.0,3,0.0,3.802,0.0,0.0,0.0,0.0,0.0,0.0,0.0
18.601,apt_walk,PARKED,0.0,0.0,0.0,3,0.0,3.802,0.0,0.0,0.0,0.0,0.0,0.0,0.0
18.701,apt_walk,PARKED,0.0,0.0,0.0,3,0.0,3.765,0.0,0.0,0.0,0.0,0.0,0.0,0.0
18.801,apt_walk,PARKED,0.0,0.0,0.0,3,0.0,3.765,0.0,0.0,0.0,0.0,0.0,0.0,0.0
18.922,apt_walk,PARKED,0.0,0.0,0.0,3,0.0,3.773,0.0,0.0,0.0,0.0,0.0,0.0,0.0
19.001,apt_walk,PARKED,0.0,0.0,0.0,3,0.0,3.773,0.0,0.0,0.0,0.0,0.0,0.0,0.0
19.102,apt_walk,PARKED,0.0,0.0,0.0,3,0.0,3.765,0.0,0.0,0.0,0.0,0.0,0.0,0.0
19.201,apt_walk,PARKED,0.0,0.0,0.0,3,0.0,3.731,0.0,0.0,0.0,0.0,0.0,0.0,0.0
19.302,apt_walk,PARKED,0.0,0.0,0.0,3,0.0,3.731,0.0,0.0,0.0,0.0,0.0,0.0,0.0
19.401,apt_walk,PARKED,0.0,0.0,0.0,3,0.0,3.731,0.0,0.0,0.0,0.0,0.0,0.0,0.0
19.501,apt_walk,PARKED,0.0,0.0,0.0,3,0.0,3.731,0.0,0.0,0.0,0.0,0.0,0.0,0.0
19.601,apt_walk,PARKED,0.0,0.0,0.0,3,0.0,3.731,0.0,0.0,0.0,0.0,0.0,0.0,0.0
19.701,apt_walk,PARKED,0.0,0.0,0.0,3,0.0,3.738,0.0,0.0,0.0,0.0,0.0,0.0,0.0
19.819,apt_walk,PARKED,0.0,0.0,0.0,3,0.0,3.831,0.0,0.0,0.0,0.0,0.0,0.0,0.0
19.901,apt_walk,PARKED,0.0,0.0,0.0,3,0.0,3.831,0.0,0.0,0.0,0.0,0.0,0.0,0.0
20.001,apt_walk,PARKED,0.0,0.0,0.0,3,0.0,3.831,0.0,0.0,0.0,0.0,0.0,0.0,0.0
20.101,apt_walk,PARKED,0.0,0.0,0.0,3,0.0,3.793,0.0,0.0,0.0,0.0,0.0,0.0,0.0
20.22,apt_walk,PARKED,0.0,0.0,0.0,3,0.0,3.76,0.0,0.0,0.0,0.0,0.0,0.0,0.0
20.347,apt_walk,PARKED,0.0,0.0,0.0,3,0.0,3.78,0.0,0.0,0.0,0.0,0.0,0.0,0.0
20.402,apt_walk,PARKED,0.0,0.0,0.0,3,0.0,3.78,0.0,0.0,0.0,0.0,0.0,0.0,0.0
20.501,apt_walk,PARKED,0.0,0.0,0.0,3,0.0,3.78,0.0,0.0,0.0,0.0,0.0,0.0,0.0
20.607,apt_walk,PARKED,0.0,0.0,0.0,3,0.0,3.778,0.0,0.0,0.0,0.0,0.0,0.0,0.0
20.733,apt_walk,PARKED,0.0,0.0,0.0,2,0.0,3.743,0.0,0.0,0.0,0.0,0.0,0.0,0.0
20.801,apt_walk,PARKED,0.0,0.0,0.0,2,0.0,3.743,0.0,0.0,0.0,0.0,0.0,0.0,0.0
20.901,apt_walk,PARKED,0.0,0.0,0.0,2,0.0,3.743,0.0,0.0,0.0,0.0,0.0,0.0,0.0
21.001,apt_walk,PARKED,0.0,0.0,0.0,2,0.0,3.743,0.0,0.0,0.0,0.0,0.0,0.0,0.0
21.101,apt_walk,PARKED,0.0,0.0,0.0,2,0.0,3.743,0.0,0.0,0.0,0.0,0.0,0.0,0.0
21.206,apt_walk,PARKED,0.0,0.0,0.0,2,0.0,3.743,0.0,0.0,0.0,0.0,0.0,0.0,0.0
21.301,apt_walk,PARKED,0.0,0.0,0.0,2,0.0,3.743,0.0,0.0,0.0,0.0,0.0,0.0,0.0
21.401,apt_walk,PARKED,0.0,0.0,0.0,2,0.0,3.743,0.0,0.0,0.0,0.0,0.0,0.0,0.0
21.501,apt_walk,PARKED,0.0,0.0,0.0,2,0.0,3.67,0.0,0.0,0.0,0.0,0.0,0.0,0.0
21.625,apt_walk,PARKED,0.0,0.0,0.0,2,0.0,3.77,0.0,0.0,0.0,0.0,0.0,0.0,0.0
21.701,apt_walk,PARKED,0.0,0.0,0.0,2,0.0,3.77,0.0,0.0,0.0,0.0,0.0,0.0,0.0
21.805,apt_walk,PARKED,0.0,0.0,0.0,2,0.0,3.81,0.0,0.0,0.0,0.0,0.0,0.0,0.0
21.902,apt_walk,PARKED,0.0,0.0,0.0,2,0.0,3.782,0.0,0.0,0.0,0.0,0.0,0.0,0.0
22.001,apt_walk,PARKED,0.0,0.0,0.0,2,0.0,3.696,0.0,0.0,0.0,0.0,0.0,0.0,0.0
22.144,apt_walk,PARKED,0.0,0.0,0.0,2,0.0,3.695,0.0,0.0,0.0,0.0,0.0,0.0,0.0
22.202,apt_walk,PARKED,0.0,0.0,0.0,2,0.0,3.695,0.0,0.0,0.0,0.0,0.0,0.0,0.0
22.345,apt_walk,PARKED,0.0,0.0,0.0,2,0.0,3.695,0.0,0.0,0.0,0.0,0.0,0.0,0.0
22.408,apt_walk,PARKED,0.0,0.0,0.0,2,0.0,3.728,0.0,0.0,0.0,0.0,0.0,0.0,0.0
22.501,apt_walk,PARKED,0.0,0.0,0.0,2,0.0,3.728,0.0,0.0,0.0,0.0,0.0,0.0,0.0
22.601,apt_walk,PARKED,0.0,0.0,0.0,2,0.0,3.728,0.0,0.0,0.0,0.0,0.0,0.0,0.0
22.701,apt_walk,PARKED,0.0,0.0,0.0,2,0.0,3.728,0.0,0.0,0.0,0.0,0.0,0.0,0.0
22.801,apt_walk,PARKED,0.0,0.0,0.0,2,0.0,3.728,0.0,0.0,0.0,0.0,0.0,0.0,0.0
22.901,apt_walk,PARKED,0.0,0.0,0.0,2,0.0,3.743,0.0,0.0,0.0,0.0,0.0,0.0,0.0
23.001,apt_walk,PARKED,0.0,0.0,0.0,2,0.0,3.756,0.0,0.0,0.0,0.0,0.0,0.0,0.0
23.115,apt_walk,PARKED,0.0,0.0,0.0,3,0.0,3.753,0.0,0.0,0.0,0.0,0.0,0.0,0.0
23.226,apt_walk,PARKED,0.0,0.0,0.0,3,0.0,3.676,0.0,0.0,0.0,0.0,0.0,0.0,0.0
23.308,apt_walk,PARKED,0.0,0.0,0.0,3,0.0,3.74,0.0,0.0,0.0,0.0,0.0,0.0,0.0
23.415,apt_walk,PARKED,0.0,0.0,0.0,2,0.0,3.68,0.0,0.0,0.0,0.0,0.0,0.0,0.0
23.501,apt_walk,PARKED,0.0,0.0,0.0,2,0.0,3.68,0.0,0.0,0.0,0.0,0.0,0.0,0.0
23.602,apt_walk,PARKED,0.0,0.0,0.0,2,0.0,3.682,0.0,0.0,0.0,0.0,0.0,0.0,0.0
23.702,apt_walk,PARKED,0.0,0.0,0.0,2,0.0,3.682,0.0,0.0,0.0,0.0,0.0,0.0,0.0
23.802,apt_walk,PARKED,0.0,0.0,0.0,2,0.0,3.682,0.0,0.0,0.0,0.0,0.0,0.0,0.0
23.902,apt_walk,PARKED,0.0,0.0,0.0,2,0.0,3.715,0.0,0.0,0.0,0.0,0.0,0.0,0.0
24.045,apt_walk,PARKED,0.0,0.0,0.0,2,0.0,3.734,0.0,0.0,0.0,0.0,0.0,0.0,0.0
24.101,apt_walk,PARKED,0.0,0.0,0.0,2,0.0,3.734,0.0,0.0,0.0,0.0,0.0,0.0,0.0
24.201,apt_walk,PARKED,0.0,0.0,0.0,2,0.0,3.718,0.0,0.0,0.0,0.0,0.0,0.0,0.0
24.314,apt_walk,PARKED,0.0,0.0,0.0,2,0.0,3.69,0.0,0.0,0.0,0.0,0.0,0.0,0.0
24.403,apt_walk,PARKED,0.0,0.0,0.0,2,0.0,3.69,0.0,0.0,0.0,0.0,0.0,0.0,0.0
24.501,apt_walk,PARKED,0.0,0.0,0.0,2,0.0,3.69,0.0,0.0,0.0,0.0,0.0,0.0,0.0
24.601,apt_walk,PARKED,0.0,0.0,0.0,2,0.0,3.69,0.0,0.0,0.0,0.0,0.0,0.0,0.0
24.701,apt_walk,PARKED,0.0,0.0,0.0,2,0.0,3.721,0.0,0.0,0.0,0.0,0.0,0.0,0.0
24.801,apt_walk,PARKED,0.0,0.0,0.0,2,0.0,3.721,0.0,0.0,0.0,0.0,0.0,0.0,0.0
24.901,apt_walk,PARKED,0.0,0.0,0.0,2,0.0,3.721,0.0,0.0,0.0,0.0,0.0,0.0,0.0
25.001,apt_walk,PARKED,0.0,0.0,0.0,2,0.0,3.66,0.0,0.0,0.0,0.0,0.0,0.0,0.0
25.128,apt_walk,PARKED,0.0,0.0,0.0,2,0.0,3.72,0.0,0.0,0.0,0.0,0.0,0.0,0.0
25.214,apt_walk,PARKED,0.0,0.0,0.0,2,0.0,3.732,0.0,0.0,0.0,0.0,0.0,0.0,0.0
25.301,apt_walk,PARKED,0.0,0.0,0.0,2,0.0,3.759,0.0,0.0,0.0,0.0,0.0,0.0,0.0
25.402,apt_walk,PARKED,0.0,0.0,0.0,2,0.0,3.759,0.0,0.0,0.0,0.0,0.0,0.0,0.0
25.502,apt_walk,PARKED,0.0,0.0,0.0,2,0.0,3.771,0.0,0.0,0.0,0.0,0.0,0.0,0.0
25.628,apt_walk,PARKED,0.0,0.0,0.0,2,0.0,3.749,0.0,0.0,0.0,0.0,0.0,0.0,0.0
25.701,apt_walk,PARKED,0.0,0.0,0.0,2,0.0,3.743,0.0,0.0,0.0,0.0,0.0,0.0,0.0
25.801,apt_walk,PARKED,0.0,0.0,0.0,2,0.0,3.743,0.0,0.0,0.0,0.0,0.0,0.0,0.0
25.901,apt_walk,PARKED,0.0,0.0,0.0,2,0.0,3.743,0.0,0.0,0.0,0.0,0.0,0.0,0.0
26.043,apt_walk,PARKED,0.0,0.0,0.0,2,0.0,3.691,0.0,0.0,0.0,0.0,0.0,0.0,0.0
26.104,apt_walk,PARKED,0.0,0.0,0.0,2,0.0,3.796,0.0,0.0,0.0,0.0,0.0,0.0,0.0
26.201,apt_walk,PARKED,0.0,0.0,0.0,2,0.0,3.796,0.0,0.0,0.0,0.0,0.0,0.0,0.0
26.317,apt_walk,PARKED,0.0,0.0,0.0,2,0.0,3.814,0.0,0.0,0.0,0.0,0.0,0.0,0.0
26.401,apt_walk,PARKED,0.0,0.0,0.0,2,0.0,3.814,0.0,0.0,0.0,0.0,0.0,0.0,0.0
26.522,apt_walk,PARKED,0.0,0.0,0.0,2,0.0,3.697,0.0,0.0,0.0,0.0,0.0,0.0,0.0
26.603,apt_walk,PARKED,0.0,0.0,0.0,2,0.0,3.768,0.0,0.0,0.0,0.0,0.0,0.0,0.0
26.701,apt_walk,PARKED,0.0,0.0,0.0,2,0.0,3.768,0.0,0.0,0.0,0.0,0.0,0.0,0.0
26.801,apt_walk,PARKED,0.0,0.0,0.0,2,0.0,3.8,0.0,0.0,0.0,0.0,0.0,0.0,0.0
26.901,apt_walk,PARKED,0.0,0.0,0.0,2,0.0,3.8,0.0,0.0,0.0,0.0,0.0,0.0,0.0
27.042,apt_walk,PARKED,0.0,0.0,0.0,2,0.0,3.696,0.0,0.0,0.0,0.0,0.0,0.0,0.0
27.101,apt_walk,PARKED,0.0,0.0,0.0,2,0.0,3.696,0.0,0.0,0.0,0.0,0.0,0.0,0.0
27.201,apt_walk,PARKED,0.0,0.0,0.0,2,0.0,3.699,0.0,0.0,0.0,0.0,0.0,0.0,0.0
27.301,apt_walk,PARKED,0.0,0.0,0.0,2,0.0,3.699,0.0,0.0,0.0,0.0,0.0,0.0,0.0
27.401,apt_walk,PARKED,0.0,0.0,0.0,2,0.0,3.679,0.0,0.0,0.0,0.0,0.0,0.0,0.0
27.526,apt_walk,PARKED,0.0,0.0,0.0,2,0.0,3.721,0.0,0.0,0.0,0.0,0.0,0.0,0.0
27.601,apt_walk,PARKED,0.0,0.0,0.0,2,0.0,3.721,0.0,0.0,0.0,0.0,0.0,0.0,0.0
27.701,apt_walk,PARKED,0.0,0.0,0.0,2,0.0,3.721,0.0,0.0,0.0,0.0,0.0,0.0,0.0
27.801,apt_walk,PARKED,0.0,0.0,0.0,2,0.0,3.69,0.0,0.0,0.0,0.0,0.0,0.0,0.0
27.901,apt_walk,PARKED,0.0,0.0,0.0,2,0.0,3.69,0.0,0.0,0.0,0.0,0.0,0.0,0.0
28.002,apt_walk,PARKED,0.0,0.0,0.0,2,0.0,3.783,0.0,0.0,0.0,0.0,0.0,0.0,0.0
28.101,apt_walk,PARKED,0.0,0.0,0.0,2,0.0,3.783,0.0,0.0,0.0,0.0,0.0,0.0,0.0
28.201,apt_walk,PARKED,0.0,0.0,0.0,2,0.0,3.853,0.0,0.0,0.0,0.0,0.0,0.0,0.0
28.302,apt_walk,PARKED,0.0,0.0,0.0,2,0.0,3.81,0.0,0.0,0.0,0.0,0.0,0.0,0.0
28.402,apt_walk,PARKED,0.0,0.0,0.0,2,0.0,3.731,0.0,0.0,0.0,0.0,0.0,0.0,0.0
28.534,apt_walk,PARKED,0.0,0.0,0.0,2,0.0,3.731,0.0,0.0,0.0,0.0,0.0,0.0,0.0
28.603,apt_walk,PARKED,0.0,0.0,0.0,2,0.0,3.731,0.0,0.0,0.0,0.0,0.0,0.0,0.0
28.701,apt_walk,PARKED,0.0,0.0,0.0,2,0.0,3.72,0.0,0.0,0.0,0.0,0.0,0.0,0.0
28.836,apt_walk,PARKED,0.0,0.0,0.0,2,0.0,3.694,0.0,0.0,0.0,0.0,0.0,0.0,0.0
28.901,apt_walk,PARKED,0.0,0.0,0.0,2,0.0,3.694,0.0,0.0,0.0,0.0,0.0,0.0,0.0
29.001,apt_walk,PARKED,0.0,0.0,0.0,2,0.0,3.768,0.0,0.0,0.0,0.0,0.0,0.0,0.0
29.101,apt_walk,PARKED,0.0,0.0,0.0,2,0.0,3.819,0.0,0.0,0.0,0.0,0.0,0.0,0.0
29.201,apt_walk,PARKED,0.0,0.0,0.0,2,0.0,3.819,0.0,0.0,0.0,0.0,0.0,0.0,0.0
29.306,apt_walk,PARKED,0.0,0.0,0.0,2,0.0,3.809,0.0,0.0,0.0,0.0,0.0,0.0,0.0
29.422,apt_walk,PARKED,0.0,0.0,0.0,2,0.0,3.708,0.0,0.0,0.0,0.0,0.0,0.0,0.0
29.501,apt_walk,PARKED,0.0,0.0,0.0,2,0.0,3.708,0.0,0.0,0.0,0.0,0.0,0.0,0.0
29.601,apt_walk,PARKED,0.0,0.0,0.0,2,0.0,3.708,0.0,0.0,0.0,0.0,0.0,0.0,0.0
29.701,apt_walk,PARKED,0.0,0.0,0.0,2,0.0,3.732,0.0,0.0,0.0,0.0,0.0,0.0,0.0
29.801,apt_walk,PARKED,0.0,0.0,0.0,2,0.0,3.716,0.0,0.0,0.0,0.0,0.0,0.0,0.0
29.901,apt_walk,PARKED,0.0,0.0,0.0,2,0.0,3.731,0.0,0.0,0.0,0.0,0.0,0.0,0.0
30.001,apt_walk,PARKED,0.0,0.0,0.0,2,0.0,3.731,0.0,0.0,0.0,0.0,0.0,0.0,0.0
30.101,apt_walk,PARKED,0.0,0.0,0.0,2,0.0,3.731,0.0,0.0,0.0,0.0,0.0,0.0,0.0
30.201,apt_walk,PARKED,0.0,0.0,0.0,2,0.0,3.731,0.0,0.0,0.0,0.0,0.0,0.0,0.0
30.334,apt_walk,PARKED,0.0,0.0,0.0,3,0.0,3.674,0.0,0.0,0.0,0.0,0.0,0.0,0.0
30.402,apt_walk,PARKED,0.0,0.0,0.0,3,0.0,3.674,0.0,0.0,0.0,0.0,0.0,0.0,0.0
30.501,apt_walk,PARKED,0.0,0.0,0.0,3,0.0,3.701,0.0,0.0,0.0,0.0,0.0,0.0,0.0
30.605,apt_walk,PARKED,0.0,0.0,0.0,3,0.0,3.667,0.0,0.0,0.0,0.0,0.0,0.0,0.0
30.748,apt_walk,PARKED,0.0,0.0,0.0,3,0.0,3.673,0.0,0.0,0.0,0.0,0.0,0.0,0.0
30.827,apt_walk,PARKED,0.0,0.0,0.0,3,0.0,3.692,0.0,0.0,0.0,0.0,0.0,0.0,0.0
30.901,apt_walk,PARKED,0.0,0.0,0.0,3,0.0,3.692,0.0,0.0,0.0,0.0,0.0,0.0,0.0
31.009,apt_walk,PARKED,0.0,0.0,0.0,3,0.0,3.692,0.0,0.0,0.0,0.0,0.0,0.0,0.0
31.101,apt_walk,PARKED,0.0,0.0,0.0,3,0.0,3.692,0.0,0.0,0.0,0.0,0.0,0.0,0.0
31.201,apt_walk,PARKED,0.0,0.0,0.0,3,0.0,3.692,0.0,0.0,0.0,0.0,0.0,0.0,0.0
31.301,apt_walk,PARKED,0.0,0.0,0.0,3,0.0,3.778,0.0,0.0,0.0,0.0,0.0,0.0,0.0
31.401,apt_walk,PARKED,0.0,0.0,0.0,3,0.0,3.778,0.0,0.0,0.0,0.0,0.0,0.0,0.0
31.501,apt_walk,PARKED,0.0,0.0,0.0,3,0.0,3.778,0.0,0.0,0.0,0.0,0.0,0.0,0.0
31.614,apt_walk,PARKED,0.0,0.0,0.0,3,0.0,3.769,0.0,0.0,0.0,0.0,0.0,0.0,0.0
31.736,apt_walk,PARKED,0.0,0.0,0.0,3,0.0,3.782,0.0,0.0,0.0,0.0,0.0,0.0,0.0
31.801,apt_walk,PARKED,0.0,0.0,0.0,3,0.0,3.782,0.0,0.0,0.0,0.0,0.0,0.0,0.0
31.941,apt_walk,PARKED,0.0,0.0,0.0,3,0.0,3.782,0.0,0.0,0.0,0.0,0.0,0.0,0.0
32.002,apt_walk,PARKED,0.0,0.0,0.0,3,0.0,3.782,0.0,0.0,0.0,0.0,0.0,0.0,0.0
32.102,apt_walk,PARKED,0.0,0.0,0.0,3,0.0,3.826,0.0,0.0,0.0,0.0,0.0,0.0,0.0
32.201,apt_walk,PARKED,0.0,0.0,0.0,3,0.0,3.826,0.0,0.0,0.0,0.0,0.0,0.0,0.0
32.301,apt_walk,PARKED,0.0,0.0,0.0,3,0.0,3.826,0.0,0.0,0.0,0.0,0.0,0.0,0.0
32.445,apt_walk,PARKED,0.0,0.0,0.0,4,0.0,3.791,0.0,0.0,0.0,0.0,0.0,0.0,0.0
32.515,apt_walk,PARKED,0.0,0.0,0.0,4,0.0,3.719,0.0,0.0,0.0,0.0,0.0,0.0,0.0
32.602,apt_walk,PARKED,0.0,0.0,0.0,4,0.0,3.719,0.0,0.0,0.0,0.0,0.0,0.0,0.0
32.701,apt_walk,PARKED,0.0,0.0,0.0,4,0.0,3.781,0.0,0.0,0.0,0.0,0.0,0.0,0.0
32.83,apt_walk,PARKED,0.0,0.0,0.0,4,0.0,3.776,0.0,0.0,0.0,0.0,0.0,0.0,0.0
32.92,apt_walk,PARKED,0.0,0.0,0.0,4,0.0,3.776,0.0,0.0,0.0,0.0,0.0,0.0,0.0
33.033,apt_walk,PARKED,0.0,0.0,0.0,4,0.0,3.724,0.0,0.0,0.0,0.0,0.0,0.0,0.0
33.101,apt_walk,PARKED,0.0,0.0,0.0,4,0.0,3.724,0.0,0.0,0.0,0.0,0.0,0.0,0.0
33.218,apt_walk,PARKED,0.0,0.0,0.0,4,0.0,3.731,0.0,0.0,0.0,0.0,0.0,0.0,0.0
33.301,apt_walk,PARKED,0.0,0.0,0.0,4,0.0,3.731,0.0,0.0,0.0,0.0,0.0,0.0,0.0
33.402,apt_walk,PARKED,0.0,0.0,0.0,4,0.0,3.863,0.0,0.0,0.0,0.0,0.0,0.0,0.0
33.514,apt_walk,PARKED,0.0,0.0,0.0,4,0.0,3.859,0.0,0.0,0.0,0.0,0.0,0.0,0.0
33.64,apt_walk,PARKED,0.0,0.0,0.0,4,0.0,3.783,0.0,0.0,0.0,0.0,0.0,0.0,0.0
33.726,apt_walk,PARKED,0.0,0.0,0.0,4,0.0,3.783,0.0,0.0,0.0,0.0,0.0,0.0,0.0
33.841,apt_walk,PARKED,0.0,0.0,0.0,4,0.0,3.769,0.0,0.0,0.0,0.0,0.0,0.0,0.0
33.932,apt_walk,PARKED,0.0,0.0,0.0,4,0.0,3.815,0.0,0.0,0.0,0.0,0.0,0.0,0.0
34.001,apt_walk,PARKED,0.0,0.0,0.0,4,0.0,3.72,0.0,0.0,0.0,0.0,0.0,0.0,0.0
34.126,apt_walk,PARKED,0.0,0.0,0.0,4,0.0,3.72,0.0,0.0,0.0,0.0,0.0,0.0,0.0
34.201,apt_walk,PARKED,0.0,0.0,0.0,4,0.0,3.72,0.0,0.0,0.0,0.0,0.0,0.0,0.0
34.312,apt_walk,PARKED,0.0,0.0,0.0,4,0.0,3.714,0.0,0.0,0.0,0.0,0.0,0.0,0.0
34.401,apt_walk,PARKED,0.0,0.0,0.0,4,0.0,3.714,0.0,0.0,0.0,0.0,0.0,0.0,0.0
34.541,apt_walk,PARKED,0.0,0.0,0.0,4,0.0,3.841,0.0,0.0,0.0,0.0,0.0,0.0,0.0
34.601,apt_walk,PARKED,0.0,0.0,0.0,4,0.0,3.841,0.0,0.0,0.0,0.0,0.0,0.0,0.0
34.718,apt_walk,PARKED,0.0,0.0,0.0,4,0.0,3.864,0.0,0.0,0.0,0.0,0.0,0.0,0.0
34.826,apt_walk,PARKED,0.0,0.0,0.0,4,0.0,3.864,0.0,0.0,0.0,0.0,0.0,0.0,0.0
34.949,apt_walk,PARKED,0.0,0.0,0.0,4,0.0,3.847,0.0,0.0,0.0,0.0,0.0,0.0,0.0
35.005,apt_walk,PARKED,0.0,0.0,0.0,4,0.0,3.813,0.0,0.0,0.0,0.0,0.0,0.0,0.0
35.101,apt_walk,PARKED,0.0,0.0,0.0,4,0.0,3.813,0.0,0.0,0.0,0.0,0.0,0.0,0.0
35.201,apt_walk,PARKED,0.0,0.0,0.0,4,0.0,3.813,0.0,0.0,0.0,0.0,0.0,0.0,0.0
35.319,apt_walk,PARKED,0.0,0.0,0.0,4,0.0,3.848,0.0,0.0,0.0,0.0,0.0,0.0,0.0
35.402,apt_walk,PARKED,0.0,0.0,0.0,5,0.0,3.855,0.0,0.0,0.0,0.0,0.0,0.0,0.0
35.501,apt_walk,PARKED,0.0,0.0,0.0,5,0.0,3.855,0.0,0.0,0.0,0.0,0.0,0.0,0.0
35.633,apt_walk,PARKED,0.0,0.0,0.0,5,0.0,3.839,0.0,0.0,0.0,0.0,0.0,0.0,0.0
35.702,apt_walk,PARKED,0.0,0.0,0.0,5,0.0,3.839,0.0,0.0,0.0,0.0,0.0,0.0,0.0
35.848,apt_walk,PARKED,0.0,0.0,0.0,4,0.0,3.844,0.0,0.0,0.0,0.0,0.0,0.0,0.0
35.907,apt_walk,PARKED,0.0,0.0,0.0,4,0.0,3.849,0.0,0.0,0.0,0.0,0.0,0.0,0.0
36.001,apt_walk,PARKED,0.0,0.0,0.0,4,0.0,3.831,0.0,0.0,0.0,0.0,0.0,0.0,0.0
36.101,apt_walk,PARKED,0.0,0.0,0.0,4,0.0,3.831,0.0,0.0,0.0,0.0,0.0,0.0,0.0
36.211,apt_walk,PARKED,0.0,0.0,0.0,4,0.0,3.831,0.0,0.0,0.0,0.0,0.0,0.0,0.0
36.31,apt_walk,PARKED,0.0,0.0,0.0,5,0.0,3.782,0.0,0.0,0.0,0.0,0.0,0.0,0.0
36.401,apt_walk,PARKED,0.0,0.0,0.0,5,0.0,3.702,0.0,0.0,0.0,0.0,0.0,0.0,0.0
36.501,apt_walk,PARKED,0.0,0.0,0.0,5,0.0,3.702,0.0,0.0,0.0,0.0,0.0,0.0,0.0
36.601,apt_walk,PARKED,0.0,0.0,0.0,5,0.0,3.702,0.0,0.0,0.0,0.0,0.0,0.0,0.0
36.733,apt_walk,PARKED,0.0,0.0,0.0,5,0.0,3.813,0.0,0.0,0.0,0.0,0.0,0.0,0.0
36.801,apt_walk,PARKED,0.0,0.0,0.0,5,0.0,3.813,0.0,0.0,0.0,0.0,0.0,0.0,0.0
36.901,apt_walk,PARKED,0.0,0.0,0.0,5,0.0,3.846,0.0,0.0,0.0,0.0,0.0,0.0,0.0
37.001,apt_walk,PARKED,0.0,0.0,0.0,5,0.0,3.846,0.0,0.0,0.0,0.0,0.0,0.0,0.0
37.101,apt_walk,PARKED,0.0,0.0,0.0,5,0.0,3.846,0.0,0.0,0.0,0.0,0.0,0.0,0.0
37.242,apt_walk,PARKED,0.0,0.0,0.0,5,0.0,3.828,0.0,0.0,0.0,0.0,0.0,0.0,0.0
37.303,apt_walk,PARKED,0.0,0.0,0.0,5,0.0,3.847,0.0,0.0,0.0,0.0,0.0,0.0,0.0
37.409,apt_walk,PARKED,0.0,0.0,0.0,5,0.0,3.847,0.0,0.0,0.0,0.0,0.0,0.0,0.0
37.502,apt_walk,PARKED,0.0,0.0,0.0,5,0.0,3.847,0.0,0.0,0.0,0.0,0.0,0.0,0.0
37.639,apt_walk,PARKED,0.0,0.0,0.0,5,0.0,3.815,0.0,0.0,0.0,0.0,0.0,0.0,0.0
37.704,apt_walk,PARKED,0.0,0.0,0.0,5,0.0,3.781,0.0,0.0,0.0,0.0,0.0,0.0,0.0
37.835,apt_walk,PARKED,0.0,0.0,0.0,5,0.0,3.781,0.0,0.0,0.0,0.0,0.0,0.0,0.0
37.901,apt_walk,PARKED,0.0,0.0,0.0,5,0.0,3.781,0.0,0.0,0.0,0.0,0.0,0.0,0.0
38.001,apt_walk,PARKED,0.0,0.0,0.0,5,0.0,3.693,0.0,0.0,0.0,0.0,0.0,0.0,0.0
38.124,apt_walk,PARKED,0.0,0.0,0.0,5,0.0,3.757,0.0,0.0,0.0,0.0,0.0,0.0,0.0
38.248,apt_walk,PARKED,0.0,0.0,0.0,5,0.0,3.739,0.0,0.0,0.0,0.0,0.0,0.0,0.0
38.302,apt_walk,PARKED,0.0,0.0,0.0,5,0.0,3.739,0.0,0.0,0.0,0.0,0.0,0.0,0.0
38.422,apt_walk,PARKED,0.0,0.0,0.0,5,0.0,3.739,0.0,0.0,0.0,0.0,0.0,0.0,0.0
38.501,apt_walk,PARKED,0.0,0.0,0.0,5,0.0,3.739,0.0,0.0,0.0,0.0,0.0,0.0,0.0
38.601,apt_walk,PARKED,0.0,0.0,0.0,5,0.0,3.814,0.0,0.0,0.0,0.0,0.0,0.0,0.0
38.702,apt_walk,PARKED,0.0,0.0,0.0,5,0.0,3.755,0.0,0.0,0.0,0.0,0.0,0.0,0.0
38.801,apt_walk,PARKED,0.0,0.0,0.0,5,0.0,3.755,0.0,0.0,0.0,0.0,0.0,0.0,0.0
38.901,apt_walk,PARKED,0.0,0.0,0.0,5,0.0,3.755,0.0,0.0,0.0,0.0,0.0,0.0,0.0
39.019,apt_walk,PARKED,0.0,0.0,0.0,5,0.0,3.756,0.0,0.0,0.0,0.0,0.0,0.0,0.0
39.101,apt_walk,PARKED,0.0,0.0,0.0,5,0.0,3.74,0.0,0.0,0.0,0.0,0.0,0.0,0.0
39.201,apt_walk,PARKED,0.0,0.0,0.0,5,0.0,3.729,0.0,0.0,0.0,0.0,0.0,0.0,0.0
39.301,apt_walk,PARKED,0.0,0.0,0.0,5,0.0,3.729,0.0,0.0,0.0,0.0,0.0,0.0,0.0
39.422,apt_walk,PARKED,0.0,0.0,0.0,5,0.0,3.729,0.0,0.0,0.0,0.0,0.0,0.0,0.0
39.501,apt_walk,PARKED,0.0,0.0,0.0,5,0.0,3.764,0.0,0.0,0.0,0.0,0.0,0.0,0.0
39.601,apt_walk,PARKED,0.0,0.0,0.0,5,0.0,3.764,0.0,0.0,0.0,0.0,0.0,0.0,0.0
39.703,apt_walk,PARKED,0.0,0.0,0.0,5,0.0,3.836,0.0,0.0,0.0,0.0,0.0,0.0,0.0
39.833,apt_walk,PARKED,0.0,0.0,0.0,5,0.0,3.798,0.0,0.0,0.0,0.0,0.0,0.0,0.0
39.903,apt_walk,PARKED,0.0,0.0,0.0,5,0.0,3.819,0.0,0.0,0.0,0.0,0.0,0.0,0.0
40.024,apt_walk,PARKED,0.0,0.0,0.0,5,0.0,3.846,0.0,0.0,0.0,0.0,0.0,0.0,0.0
40.101,apt_walk,PARKED,0.0,0.0,0.0,5,0.0,3.846,0.0,0.0,0.0,0.0,0.0,0.0,0.0
40.202,apt_walk,PARKED,0.0,0.0,0.0,5,0.0,3.751,0.0,0.0,0.0,0.0,0.0,0.0,0.0
40.316,apt_walk,PARKED,0.0,0.0,0.0,5,0.0,3.751,0.0,0.0,0.0,0.0,0.0,0.0,0.0
40.434,apt_walk,PARKED,0.0,0.0,0.0,5,0.0,3.696,0.0,0.0,0.0,0.0,0.0,0.0,0.0
40.501,apt_walk,PARKED,0.0,0.0,0.0,5,0.0,3.696,0.0,0.0,0.0,0.0,0.0,0.0,0.0
40.601,apt_walk,PARKED,0.0,0.0,0.0,5,0.0,3.696,0.0,0.0,0.0,0.0,0.0,0.0,0.0
40.701,apt_walk,PARKED,0.0,0.0,0.0,5,0.0,3.696,0.0,0.0,0.0,0.0,0.0,0.0,0.0
40.807,apt_walk,PARKED,0.0,0.0,0.0,5,0.0,3.643,0.0,0.0,0.0,0.0,0.0,0.0,0.0
40.902,apt_walk,PARKED,0.0,0.0,0.0,5,0.0,3.643,0.0,0.0,0.0,0.0,0.0,0.0,0.0
41.005,apt_walk,PARKED,0.0,0.0,0.0,5,0.0,3.643,0.0,0.0,0.0,0.0,0.0,0.0,0.0
41.131,apt_walk,PARKED,0.0,0.0,0.0,5,0.0,3.643,0.0,0.0,0.0,0.0,0.0,0.0,0.0
41.233,apt_walk,PARKED,0.0,0.0,0.0,5,0.0,3.643,0.0,0.0,0.0,0.0,0.0,0.0,0.0
41.301,apt_walk,PARKED,0.0,0.0,0.0,5,0.0,3.643,0.0,0.0,0.0,0.0,0.0,0.0,0.0
41.401,apt_walk,PARKED,0.0,0.0,0.0,5,0.0,3.643,0.0,0.0,0.0,0.0,0.0,0.0,0.0
41.501,apt_walk,PARKED,0.0,0.0,0.0,5,0.0,3.643,0.0,0.0,0.0,0.0,0.0,0.0,0.0
41.601,apt_walk,PARKED,0.0,0.0,0.0,5,0.0,3.643,0.0,0.0,0.0,0.0,0.0,0.0,0.0
41.742,apt_walk,PARKED,0.0,0.0,0.0,5,0.0,3.702,0.0,0.0,0.0,0.0,0.0,0.0,0.0
41.802,apt_walk,PARKED,0.0,0.0,0.0,5,0.0,3.687,0.0,0.0,0.0,0.0,0.0,0.0,0.0
41.901,apt_walk,PARKED,0.0,0.0,0.0,5,0.0,3.687,0.0,0.0,0.0,0.0,0.0,0.0,0.0
42.002,apt_walk,PARKED,0.0,0.0,0.0,5,0.0,3.687,0.0,0.0,0.0,0.0,0.0,0.0,0.0
42.102,apt_walk,PARKED,0.0,0.0,0.0,5,0.0,3.775,0.0,0.0,0.0,0.0,0.0,0.0,0.0
42.216,apt_walk,PARKED,0.0,0.0,0.0,5,0.0,3.775,0.0,0.0,0.0,0.0,0.0,0.0,0.0
42.302,apt_walk,PARKED,0.0,0.0,0.0,5,0.0,3.789,0.0,0.0,0.0,0.0,0.0,0.0,0.0
42.401,apt_walk,PARKED,0.0,0.0,0.0,5,0.0,3.789,0.0,0.0,0.0,0.0,0.0,0.0,0.0
42.501,apt_walk,PARKED,0.0,0.0,0.0,5,0.0,3.789,0.0,0.0,0.0,0.0,0.0,0.0,0.0
42.602,apt_walk,PARKED,0.0,0.0,0.0,5,0.0,3.823,0.0,0.0,0.0,0.0,0.0,0.0,0.0
42.701,apt_walk,PARKED,0.0,0.0,0.0,5,0.0,3.792,0.0,0.0,0.0,0.0,0.0,0.0,0.0
42.801,apt_walk,PARKED,0.0,0.0,0.0,5,0.0,3.792,0.0,0.0,0.0,0.0,0.0,0.0,0.0
42.901,apt_walk,PARKED,0.0,0.0,0.0,5,0.0,3.792,0.0,0.0,0.0,0.0,0.0,0.0,0.0
43.026,apt_walk,PARKED,0.0,0.0,0.0,5,0.0,3.757,0.0,0.0,0.0,0.0,0.0,0.0,0.0
43.102,apt_walk,PARKED,0.0,0.0,0.0,5,0.0,3.779,0.0,0.0,0.0,0.0,0.0,0.0,0.0
43.202,apt_walk,PARKED,0.0,0.0,0.0,5,0.0,3.836,0.0,0.0,0.0,0.0,0.0,0.0,0.0
43.341,apt_walk,PARKED,0.0,0.0,0.0,5,0.0,3.836,0.0,0.0,0.0,0.0,0.0,0.0,0.0
43.402,apt_walk,PARKED,0.0,0.0,0.0,5,0.0,3.836,0.0,0.0,0.0,0.0,0.0,0.0,0.0
43.537,apt_walk,PARKED,0.0,0.0,0.0,4,0.0,3.811,0.0,0.0,0.0,0.0,0.0,0.0,0.0
43.605,apt_walk,PARKED,0.0,0.0,0.0,4,0.0,3.793,0.0,0.0,0.0,0.0,0.0,0.0,0.0
43.701,apt_walk,PARKED,0.0,0.0,0.0,4,0.0,3.793,0.0,0.0,0.0,0.0,0.0,0.0,0.0
43.801,apt_walk,PARKED,0.0,0.0,0.0,4,0.0,3.793,0.0,0.0,0.0,0.0,0.0,0.0,0.0
43.901,apt_walk,PARKED,0.0,0.0,0.0,4,0.0,3.793,0.0,0.0,0.0,0.0,0.0,0.0,0.0
44.001,apt_walk,PARKED,0.0,0.0,0.0,4,0.0,3.806,0.0,0.0,0.0,0.0,0.0,0.0,0.0
44.101,apt_walk,PARKED,0.0,0.0,0.0,4,0.0,3.833,0.0,0.0,0.0,0.0,0.0,0.0,0.0
44.201,apt_walk,PARKED,0.0,0.0,0.0,4,0.0,3.833,0.0,0.0,0.0,0.0,0.0,0.0,0.0
44.301,apt_walk,PARKED,0.0,0.0,0.0,4,0.0,3.833,0.0,0.0,0.0,0.0,0.0,0.0,0.0
44.412,apt_walk,PARKED,0.0,0.0,0.0,4,0.0,3.748,0.0,0.0,0.0,0.0,0.0,0.0,0.0
44.55,apt_walk,PARKED,0.0,0.0,0.0,4,0.0,3.822,0.0,0.0,0.0,0.0,0.0,0.0,0.0
44.602,apt_walk,PARKED,0.0,0.0,0.0,4,0.0,3.822,0.0,0.0,0.0,0.0,0.0,0.0,0.0
44.701,apt_walk,PARKED,0.0,0.0,0.0,4,0.0,3.742,0.0,0.0,0.0,0.0,0.0,0.0,0.0
44.832,apt_walk,PARKED,0.0,0.0,0.0,4,0.0,3.782,0.0,0.0,0.0,0.0,0.0,0.0,0.0
44.901,apt_walk,PARKED,0.0,0.0,0.0,4,0.0,3.756,0.0,0.0,0.0,0.0,0.0,0.0,0.0
45.001,apt_walk,PARKED,0.0,0.0,0.0,4,0.0,3.696,0.0,0.0,0.0,0.0,0.0,0.0,0.0
45.102,apt_walk,PARKED,0.0,0.0,0.0,4,0.0,3.768,0.0,0.0,0.0,0.0,0.0,0.0,0.0
45.202,apt_walk,PARKED,0.0,0.0,0.0,4,0.0,3.768,0.0,0.0,0.0,0.0,0.0,0.0,0.0
45.307,apt_walk,PARKED,0.0,0.0,0.0,4,0.0,3.834,0.0,0.0,0.0,0.0,0.0,0.0,0.0
45.413,apt_walk,PARKED,0.0,0.0,0.0,4,0.0,3.834,0.0,0.0,0.0,0.0,0.0,0.0,0.0
45.546,apt_walk,PARKED,0.0,0.0,0.0,4,0.0,3.803,0.0,0.0,0.0,0.0,0.0,0.0,0.0
45.609,apt_walk,PARKED,0.0,0.0,0.0,5,0.0,3.794,0.0,0.0,0.0,0.0,0.0,0.0,0.0
45.743,apt_walk,PARKED,0.0,0.0,0.0,5,0.0,3.794,0.0,0.0,0.0,0.0,0.0,0.0,0.0
45.801,apt_walk,PARKED,0.0,0.0,0.0,5,0.0,3.794,0.0,0.0,0.0,0.0,0.0,0.0,0.0
45.942,apt_walk,PARKED,0.0,0.0,0.0,5,0.0,3.819,0.0,0.0,0.0,0.0,0.0,0.0,0.0
46.001,apt_walk,PARKED,0.0,0.0,0.0,5,0.0,3.809,0.0,0.0,0.0,0.0,0.0,0.0,0.0
46.102,apt_walk,PARKED,0.0,0.0,0.0,5,0.0,3.809,0.0,0.0,0.0,0.0,0.0,0.0,0.0
46.201,apt_walk,PARKED,0.0,0.0,0.0,5,0.0,3.809,0.0,0.0,0.0,0.0,0.0,0.0,0.0
46.302,apt_walk,PARKED,0.0,0.0,0.0,5,0.0,3.809,0.0,0.0,0.0,0.0,0.0,0.0,0.0
46.401,apt_walk,PARKED,0.0,0.0,0.0,5,0.0,3.809,0.0,0.0,0.0,0.0,0.0,0.0,0.0
46.505,apt_walk,PARKED,0.0,0.0,0.0,5,0.0,3.783,0.0,0.0,0.0,0.0,0.0,0.0,0.0
46.625,apt_walk,PARKED,0.0,0.0,0.0,5,0.0,3.817,0.0,0.0,0.0,0.0,0.0,0.0,0.0
46.701,apt_walk,PARKED,0.0,0.0,0.0,5,0.0,3.817,0.0,0.0,0.0,0.0,0.0,0.0,0.0
46.815,apt_walk,PARKED,0.0,0.0,0.0,5,0.0,3.794,0.0,0.0,0.0,0.0,0.0,0.0,0.0
46.929,apt_walk,PARKED,0.0,0.0,0.0,5,0.0,3.794,0.0,0.0,0.0,0.0,0.0,0.0,0.0
47.001,apt_walk,PARKED,0.0,0.0,0.0,5,0.0,3.777,0.0,0.0,0.0,0.0,0.0,0.0,0.0
47.101,apt_walk,PARKED,0.0,0.0,0.0,5,0.0,3.777,0.0,0.0,0.0,0.0,0.0,0.0,0.0
47.24,apt_walk,PARKED,0.0,0.0,0.0,5,0.0,3.781,0.0,0.0,0.0,0.0,0.0,0.0,0.0
47.3,apt_walk,PARKED,0.0,0.0,0.0,5,0.0,3.781,0.0,0.0,0.0,0.0,0.0,0.0,0.0
47.401,apt_walk,PARKED,0.0,0.0,0.0,5,0.0,3.781,0.0,0.0,0.0,0.0,0.0,0.0,0.0
47.537,apt_walk,PARKED,0.0,0.0,0.0,5,0.0,3.835,0.0,0.0,0.0,0.0,0.0,0.0,0.0
47.602,apt_walk,PARKED,0.0,0.0,0.0,5,0.0,3.835,0.0,0.0,0.0,0.0,0.0,0.0,0.0
47.701,apt_walk,PARKED,0.0,0.0,0.0,5,0.0,3.817,0.0,0.0,0.0,0.0,0.0,0.0,0.0
47.801,apt_walk,PARKED,0.0,0.0,0.0,5,0.0,3.817,0.0,0.0,0.0,0.0,0.0,0.0,0.0
47.901,apt_walk,PARKED,0.0,0.0,0.0,5,0.0,3.793,0.0,0.0,0.0,0.0,0.0,0.0,0.0
48.022,apt_walk,PARKED,0.0,0.0,0.0,5,0.0,3.823,0.0,0.0,0.0,0.0,0.0,0.0,0.0
48.146,apt_walk,PARKED,0.0,0.0,0.0,4,0.0,3.821,0.0,0.0,0.0,0.0,0.0,0.0,0.0
48.201,apt_walk,PARKED,0.0,0.0,0.0,4,0.0,3.821,0.0,0.0,0.0,0.0,0.0,0.0,0.0
48.301,apt_walk,PARKED,0.0,0.0,0.0,4,0.0,3.832,0.0,0.0,0.0,0.0,0.0,0.0,0.0
48.401,apt_walk,PARKED,0.0,0.0,0.0,4,0.0,3.832,0.0,0.0,0.0,0.0,0.0,0.0,0.0
48.502,apt_walk,PARKED,0.0,0.0,0.0,4,0.0,3.783,0.0,0.0,0.0,0.0,0.0,0.0,0.0
48.601,apt_walk,PARKED,0.0,0.0,0.0,4,0.0,3.817,0.0,0.0,0.0,0.0,0.0,0.0,0.0
48.701,apt_walk,PARKED,0.0,0.0,0.0,4,0.0,3.817,0.0,0.0,0.0,0.0,0.0,0.0,0.0
48.801,apt_walk,PARKED,0.0,0.0,0.0,4,0.0,3.828,0.0,0.0,0.0,0.0,0.0,0.0,0.0
48.908,apt_walk,PARKED,0.0,0.0,0.0,4,0.0,3.825,0.0,0.0,0.0,0.0,0.0,0.0,0.0
49.029,apt_walk,PARKED,0.0,0.0,0.0,4,0.0,3.825,0.0,0.0,0.0,0.0,0.0,0.0,0.0
49.148,apt_walk,PARKED,0.0,0.0,0.0,4,0.0,3.828,0.0,0.0,0.0,0.0,0.0,0.0,0.0
49.202,apt_walk,PARKED,0.0,0.0,0.0,4,0.0,3.828,0.0,0.0,0.0,0.0,0.0,0.0,0.0
49.329,apt_walk,PARKED,0.0,0.0,0.0,4,0.0,3.828,0.0,0.0,0.0,0.0,0.0,0.0,0.0
49.402,apt_walk,PARKED,0.0,0.0,0.0,4,0.0,3.828,0.0,0.0,0.0,0.0,0.0,0.0,0.0
49.544,apt_walk,PARKED,0.0,0.0,0.0,4,0.0,3.798,0.0,0.0,0.0,0.0,0.0,0.0,0.0
49.601,apt_walk,PARKED,0.0,0.0,0.0,4,0.0,3.798,0.0,0.0,0.0,0.0,0.0,0.0,0.0
49.701,apt_walk,PARKED,0.0,0.0,0.0,4,0.0,3.798,0.0,0.0,0.0,0.0,0.0,0.0,0.0
49.845,apt_walk,PARKED,0.0,0.0,0.0,4,0.0,3.806,0.0,0.0,0.0,0.0,0.0,0.0,0.0
49.905,apt_walk,PARKED,0.0,0.0,0.0,4,0.0,3.724,0.0,0.0,0.0,0.0,0.0,0.0,0.0
50.001,apt_walk,PARKED,0.0,0.0,0.0,4,0.0,3.724,0.0,0.0,0.0,0.0,0.0,0.0,0.0
50.148,apt_walk,PARKED,0.0,0.0,0.0,4,0.0,3.764,0.0,0.0,0.0,0.0,0.0,0.0,0.0
50.202,apt_walk,PARKED,0.0,0.0,0.0,4,0.0,3.764,0.0,0.0,0.0,0.0,0.0,0.0,0.0
50.33,apt_walk,PARKED,0.0,0.0,0.0,4,0.0,3.789,0.0,0.0,0.0,0.0,0.0,0.0,0.0
50.402,apt_walk,PARKED,0.0,0.0,0.0,4,0.0,3.789,0.0,0.0,0.0,0.0,0.0,0.0,0.0
50.501,apt_walk,PARKED,0.0,0.0,0.0,4,0.0,3.789,0.0,0.0,0.0,0.0,0.0,0.0,0.0
50.601,apt_walk,PARKED,0.0,0.0,0.0,4,0.0,3.789,0.0,0.0,0.0,0.0,0.0,0.0,0.0
50.718,apt_walk,PARKED,0.0,0.0,0.0,4,0.0,3.804,0.0,0.0,0.0,0.0,0.0,0.0,0.0
50.802,apt_walk,PARKED,0.0,0.0,0.0,4,0.0,3.803,0.0,0.0,0.0,0.0,0.0,0.0,0.0
50.901,apt_walk,PARKED,0.0,0.0,0.0,4,0.0,3.803,0.0,0.0,0.0,0.0,0.0,0.0,0.0
51.001,apt_walk,PARKED,0.0,0.0,0.0,4,0.0,3.803,0.0,0.0,0.0,0.0,0.0,0.0,0.0
51.102,apt_walk,PARKED,0.0,0.0,0.0,4,0.0,3.825,0.0,0.0,0.0,0.0,0.0,0.0,0.0
51.223,apt_walk,PARKED,0.0,0.0,0.0,4,0.0,3.822,0.0,0.0,0.0,0.0,0.0,0.0,0.0
51.301,apt_walk,PARKED,0.0,0.0,0.0,3,0.0,3.786,0.0,0.0,0.0,0.0,0.0,0.0,0.0
51.428,apt_walk,PARKED,0.0,0.0,0.0,3,0.0,3.78,0.0,0.0,0.0,0.0,0.0,0.0,0.0
51.502,apt_walk,PARKED,0.0,0.0,0.0,3,0.0,3.78,0.0,0.0,0.0,0.0,0.0,0.0,0.0
51.601,apt_walk,PARKED,0.0,0.0,0.0,3,0.0,3.78,0.0,0.0,0.0,0.0,0.0,0.0,0.0
51.701,apt_walk,PARKED,0.0,0.0,0.0,3,0.0,3.78,0.0,0.0,0.0,0.0,0.0,0.0,0.0
51.801,apt_walk,PARKED,0.0,0.0,0.0,3,0.0,3.78,0.0,0.0,0.0,0.0,0.0,0.0,0.0
51.901,apt_walk,PARKED,0.0,0.0,0.0,3,0.0,3.78,0.0,0.0,0.0,0.0,0.0,0.0,0.0
52.001,apt_walk,PARKED,0.0,0.0,0.0,3,0.0,3.78,0.0,0.0,0.0,0.0,0.0,0.0,0.0
52.121,apt_walk,PARKED,0.0,0.0,0.0,3,0.0,3.777,0.0,0.0,0.0,0.0,0.0,0.0,0.0
52.202,apt_walk,PARKED,0.0,0.0,0.0,3,0.0,3.777,0.0,0.0,0.0,0.0,0.0,0.0,0.0
52.314,apt_walk,PARKED,0.0,0.0,0.0,3,0.0,3.788,0.0,0.0,0.0,0.0,0.0,0.0,0.0
52.448,apt_walk,PARKED,0.0,0.0,0.0,3,0.0,3.752,0.0,0.0,0.0,0.0,0.0,0.0,0.0
52.502,apt_walk,PARKED,0.0,0.0,0.0,3,0.0,3.752,0.0,0.0,0.0,0.0,0.0,0.0,0.0
52.601,apt_walk,PARKED,0.0,0.0,0.0,3,0.0,3.752,0.0,0.0,0.0,0.0,0.0,0.0,0.0
52.701,apt_walk,PARKED,0.0,0.0,0.0,3,0.0,3.787,0.0,0.0,0.0,0.0,0.0,0.0,0.0
52.801,apt_walk,PARKED,0.0,0.0,0.0,3,0.0,3.787,0.0,0.0,0.0,0.0,0.0,0.0,0.0
52.904,apt_walk,PARKED,0.0,0.0,0.0,3,0.0,3.797,0.0,0.0,0.0,0.0,0.0,0.0,0.0
53.048,apt_walk,PARKED,0.0,0.0,0.0,3,0.0,3.731,0.0,0.0,0.0,0.0,0.0,0.0,0.0
53.127,apt_walk,PARKED,0.0,0.0,0.0,3,0.0,3.738,0.0,0.0,0.0,0.0,0.0,0.0,0.0
53.201,apt_walk,PARKED,0.0,0.0,0.0,3,0.0,3.773,0.0,0.0,0.0,0.0,0.0,0.0,0.0
53.302,apt_walk,PARKED,0.0,0.0,0.0,3,0.0,3.764,0.0,0.0,0.0,0.0,0.0,0.0,0.0
53.402,apt_walk,PARKED,0.0,0.0,0.0,3,0.0,3.764,0.0,0.0,0.0,0.0,0.0,0.0,0.0
53.501,apt_walk,PARKED,0.0,0.0,0.0,3,0.0,3.764,0.0,0.0,0.0,0.0,0.0,0.0,0.0
53.601,apt_walk,PARKED,0.0,0.0,0.0,3,0.0,3.764,0.0,0.0,0.0,0.0,0.0,0.0,0.0
53.701,apt_walk,PARKED,0.0,0.0,0.0,3,0.0,3.817,0.0,0.0,0.0,0.0,0.0,0.0,0.0
53.801,apt_walk,PARKED,0.0,0.0,0.0,3,0.0,3.817,0.0,0.0,0.0,0.0,0.0,0.0,0.0
53.901,apt_walk,PARKED,0.0,0.0,0.0,3,0.0,3.817,0.0,0.0,0.0,0.0,0.0,0.0,0.0
54.019,apt_walk,PARKED,0.0,0.0,0.0,3,0.0,3.799,0.0,0.0,0.0,0.0,0.0,0.0,0.0
54.101,apt_walk,PARKED,0.0,0.0,0.0,3,0.0,3.821,0.0,0.0,0.0,0.0,0.0,0.0,0.0
54.202,apt_walk,PARKED,0.0,0.0,0.0,3,0.0,3.821,0.0,0.0,0.0,0.0,0.0,0.0,0.0
54.301,apt_walk,PARKED,0.0,0.0,0.0,3,0.0,3.821,0.0,0.0,0.0,0.0,0.0,0.0,0.0
54.432,apt_walk,PARKED,0.0,0.0,0.0,3,0.0,3.815,0.0,0.0,0.0,0.0,0.0,0.0,0.0
54.501,apt_walk,PARKED,0.0,0.0,0.0,3,0.0,3.815,0.0,0.0,0.0,0.0,0.0,0.0,0.0
54.601,apt_walk,PARKED,0.0,0.0,0.0,3,0.0,3.804,0.0,0.0,0.0,0.0,0.0,0.0,0.0
54.705,apt_walk,PARKED,0.0,0.0,0.0,3,0.0,3.814,0.0,0.0,0.0,0.0,0.0,0.0,0.0
54.823,apt_walk,PARKED,0.0,0.0,0.0,3,0.0,3.81,0.0,0.0,0.0,0.0,0.0,0.0,0.0
54.901,apt_walk,PARKED,0.0,0.0,0.0,3,0.0,3.81,0.0,0.0,0.0,0.0,0.0,0.0,0.0
55.016,apt_walk,PARKED,0.0,0.0,0.0,3,0.0,3.783,0.0,0.0,0.0,0.0,0.0,0.0,0.0
55.101,apt_walk,PARKED,0.0,0.0,0.0,3,0.0,3.702,0.0,0.0,0.0,0.0,0.0,0.0,0.0
55.201,apt_walk,PARKED,0.0,0.0,0.0,3,0.0,3.776,0.0,0.0,0.0,0.0,0.0,0.0,0.0
55.331,apt_walk,PARKED,0.0,0.0,0.0,3,0.0,3.776,0.0,0.0,0.0,0.0,0.0,0.0,0.0
55.401,apt_walk,PARKED,0.0,0.0,0.0,3,0.0,3.776,0.0,0.0,0.0,0.0,0.0,0.0,0.0
55.519,apt_walk,PARKED,0.0,0.0,0.0,3,0.0,3.751,0.0,0.0,0.0,0.0,0.0,0.0,0.0
55.601,apt_walk,PARKED,0.0,0.0,0.0,3,0.0,3.82,0.0,0.0,0.0,0.0,0.0,0.0,0.0
55.701,apt_walk,PARKED,0.0,0.0,0.0,3,0.0,3.82,0.0,0.0,0.0,0.0,0.0,0.0,0.0
55.801,apt_walk,PARKED,0.0,0.0,0.0,3,0.0,3.82,0.0,0.0,0.0,0.0,0.0,0.0,0.0
55.9,apt_walk,PARKED,0.0,0.0,0.0,3,0.0,3.82,0.0,0.0,0.0,0.0,0.0,0.0,0.0
56.001,apt_walk,PARKED,0.0,0.0,0.0,3,0.0,3.796,0.0,0.0,0.0,0.0,0.0,0.0,0.0
56.101,apt_walk,PARKED,0.0,0.0,0.0,3,0.0,3.774,0.0,0.0,0.0,0.0,0.0,0.0,0.0
56.202,apt_walk,PARKED,0.0,0.0,0.0,3,0.0,3.774,0.0,0.0,0.0,0.0,0.0,0.0,0.0
56.35,apt_walk,PARKED,0.0,0.0,0.0,3,0.0,3.786,0.0,0.0,0.0,0.0,0.0,0.0,0.0
56.407,apt_walk,PARKED,0.0,0.0,0.0,3,0.0,3.808,0.0,0.0,0.0,0.0,0.0,0.0,0.0
56.523,apt_walk,PARKED,0.0,0.0,0.0,3,0.0,3.811,0.0,0.0,0.0,0.0,0.0,0.0,0.0
56.601,apt_walk,PARKED,0.0,0.0,0.0,3,0.0,3.814,0.0,0.0,0.0,0.0,0.0,0.0,0.0
56.701,apt_walk,PARKED,0.0,0.0,0.0,3,0.0,3.814,0.0,0.0,0.0,0.0,0.0,0.0,0.0
56.801,apt_walk,PARKED,0.0,0.0,0.0,3,0.0,3.814,0.0,0.0,0.0,0.0,0.0,0.0,0.0
56.901,apt_walk,PARKED,0.0,0.0,0.0,3,0.0,3.814,0.0,0.0,0.0,0.0,0.0,0.0,0.0
57.001,apt_walk,PARKED,0.0,0.0,0.0,3,0.0,3.814,0.0,0.0,0.0,0.0,0.0,0.0,0.0
57.139,apt_walk,PARKED,0.0,0.0,0.0,3,0.0,3.807,0.0,0.0,0.0,0.0,0.0,0.0,0.0
57.201,apt_walk,PARKED,0.0,0.0,0.0,3,0.0,3.807,0.0,0.0,0.0,0.0,0.0,0.0,0.0
57.301,apt_walk,PARKED,0.0,0.0,0.0,3,0.0,3.72,0.0,0.0,0.0,0.0,0.0,0.0,0.0
57.417,apt_walk,PARKED,0.0,0.0,0.0,3,0.0,3.804,0.0,0.0,0.0,0.0,0.0,0.0,0.0
57.503,apt_walk,PARKED,0.0,0.0,0.0,3,0.0,3.804,0.0,0.0,0.0,0.0,0.0,0.0,0.0
57.601,apt_walk,PARKED,0.0,0.0,0.0,3,0.0,3.804,0.0,0.0,0.0,0.0,0.0,0.0,0.0
57.702,apt_walk,PARKED,0.0,0.0,0.0,3,0.0,3.749,0.0,0.0,0.0,0.0,0.0,0.0,0.0
57.801,apt_walk,PARKED,0.0,0.0,0.0,3,0.0,3.749,0.0,0.0,0.0,0.0,0.0,0.0,0.0
57.931,apt_walk,PARKED,0.0,0.0,0.0,3,0.0,3.813,0.0,0.0,0.0,0.0,0.0,0.0,0.0
58.001,apt_walk,PARKED,0.0,0.0,0.0,3,0.0,3.813,0.0,0.0,0.0,0.0,0.0,0.0,0.0
58.133,apt_walk,PARKED,0.0,0.0,0.0,3,0.0,3.809,0.0,0.0,0.0,0.0,0.0,0.0,0.0
58.201,apt_walk,PARKED,0.0,0.0,0.0,3,0.0,3.762,0.0,0.0,0.0,0.0,0.0,0.0,0.0
58.301,apt_walk,PARKED,0.0,0.0,0.0,3,0.0,3.762,0.0,0.0,0.0,0.0,0.0,0.0,0.0
58.401,apt_walk,PARKED,0.0,0.0,0.0,3,0.0,3.754,0.0,0.0,0.0,0.0,0.0,0.0,0.0
58.501,apt_walk,PARKED,0.0,0.0,0.0,3,0.0,3.754,0.0,0.0,0.0,0.0,0.0,0.0,0.0
58.601,apt_walk,PARKED,0.0,0.0,0.0,3,0.0,3.73,0.0,0.0,0.0,0.0,0.0,0.0,0.0
58.701,apt_walk,PARKED,0.0,0.0,0.0,3,0.0,3.73,0.0,0.0,0.0,0.0,0.0,0.0,0.0
58.801,apt_walk,PARKED,0.0,0.0,0.0,3,0.0,3.797,0.0,0.0,0.0,0.0,0.0,0.0,0.0
58.901,apt_walk,PARKED,0.0,0.0,0.0,3,0.0,3.797,0.0,0.0,0.0,0.0,0.0,0.0,0.0
59.002,apt_walk,PARKED,0.0,0.0,0.0,3,0.0,3.818,0.0,0.0,0.0,0.0,0.0,0.0,0.0
59.101,apt_walk,PARKED,0.0,0.0,0.0,3,0.0,3.818,0.0,0.0,0.0,0.0,0.0,0.0,0.0
59.201,apt_walk,PARKED,0.0,0.0,0.0,3,0.0,3.818,0.0,0.0,0.0,0.0,0.0,0.0,0.0
59.301,apt_walk,PARKED,0.0,0.0,0.0,3,0.0,3.823,0.0,0.0,0.0,0.0,0.0,0.0,0.0
59.402,apt_walk,PARKED,0.0,0.0,0.0,4,0.0,3.739,0.0,0.0,0.0,0.0,0.0,0.0,0.0
59.509,apt_walk,PARKED,0.0,0.0,0.0,3,0.0,3.83,0.0,0.0,0.0,0.0,0.0,0.0,0.0
59.601,apt_walk,PARKED,0.0,0.0,0.0,3,0.0,3.83,0.0,0.0,0.0,0.0,0.0,0.0,0.0
59.702,apt_walk,PARKED,0.0,0.0,0.0,3,0.0,3.83,0.0,0.0,0.0,0.0,0.0,0.0,0.0
59.801,apt_walk,PARKED,0.0,0.0,0.0,3,0.0,3.83,0.0,0.0,0.0,0.0,0.0,0.0,0.0
59.901,apt_walk,PARKED,0.0,0.0,0.0,3,0.0,3.831,0.0,0.0,0.0,0.0,0.0,0.0,0.0
60.025,apt_walk,PARKED,0.0,0.0,0.0,3,0.0,3.768,0.0,0.0,0.0,0.0,0.0,0.0,0.0
60.128,apt_walk,PARKED,0.0,0.0,0.0,3,0.0,3.768,0.0,0.0,0.0,0.0,0.0,0.0,0.0
60.202,apt_walk,PARKED,0.0,0.0,0.0,3,0.0,3.768,0.0,0.0,0.0,0.0,0.0,0.0,0.0
60.328,apt_walk,PARKED,0.0,0.0,0.0,3,0.0,3.817,0.0,0.0,0.0,0.0,0.0,0.0,0.0
60.407,apt_walk,PARKED,0.0,0.0,0.0,3,0.0,3.815,0.0,0.0,0.0,0.0,0.0,0.0,0.0
60.501,apt_walk,PARKED,0.0,0.0,0.0,3,0.0,3.815,0.0,0.0,0.0,0.0,0.0,0.0,0.0
60.601,apt_walk,PARKED,0.0,0.0,0.0,3,0.0,3.815,0.0,0.0,0.0,0.0,0.0,0.0,0.0
60.719,apt_walk,PARKED,0.0,0.0,0.0,4,0.0,3.825,0.0,0.0,0.0,0.0,0.0,0.0,0.0
60.801,apt_walk,PARKED,0.0,0.0,0.0,3,0.0,3.827,0.0,0.0,0.0,0.0,0.0,0.0,0.0
60.902,apt_walk,PARKED,0.0,0.0,0.0,3,0.0,3.827,0.0,0.0,0.0,0.0,0.0,0.0,0.0
61.001,apt_walk,PARKED,0.0,0.0,0.0,3,0.0,3.827,0.0,0.0,0.0,0.0,0.0,0.0,0.0
61.101,apt_walk,PARKED,0.0,0.0,0.0,3,0.0,3.817,0.0,0.0,0.0,0.0,0.0,0.0,0.0
61.201,apt_walk,PARKED,0.0,0.0,0.0,3,0.0,3.817,0.0,0.0,0.0,0.0,0.0,0.0,0.0
61.346,apt_walk,PARKED,0.0,0.0,0.0,3,0.0,3.824,0.0,0.0,0.0,0.0,0.0,0.0,0.0
61.401,apt_walk,PARKED,0.0,0.0,0.0,3,0.0,3.824,0.0,0.0,0.0,0.0,0.0,0.0,0.0
61.528,apt_walk,PARKED,0.0,0.0,0.0,3,0.0,3.824,0.0,0.0,0.0,0.0,0.0,0.0,0.0
61.601,apt_walk,PARKED,0.0,0.0,0.0,3,0.0,3.824,0.0,0.0,0.0,0.0,0.0,0.0,0.0
61.734,apt_walk,PARKED,0.0,0.0,0.0,3,0.0,3.739,0.0,0.0,0.0,0.0,0.0,0.0,0.0
61.805,apt_walk,PARKED,0.0,0.0,0.0,3,0.0,3.774,0.0,0.0,0.0,0.0,0.0,0.0,0.0
61.901,apt_walk,PARKED,0.0,0.0,0.0,3,0.0,3.774,0.0,0.0,0.0,0.0,0.0,0.0,0.0
62.002,apt_walk,PARKED,0.0,0.0,0.0,3,0.0,3.774,0.0,0.0,0.0,0.0,0.0,0.0,0.0
62.107,apt_walk,PARKED,0.0,0.0,0.0,3,0.0,3.774,0.0,0.0,0.0,0.0,0.0,0.0,0.0
62.244,apt_walk,PARKED,0.0,0.0,0.0,3,0.0,3.815,0.0,0.0,0.0,0.0,0.0,0.0,0.0
62.301,apt_walk,PARKED,0.0,0.0,0.0,3,0.0,3.815,0.0,0.0,0.0,0.0,0.0,0.0,0.0
62.401,apt_walk,PARKED,0.0,0.0,0.0,3,0.0,3.75,0.0,0.0,0.0,0.0,0.0,0.0,0.0
62.545,apt_walk,PARKED,0.0,0.0,0.0,4,0.0,3.795,0.0,0.0,0.0,0.0,0.0,0.0,0.0
62.624,apt_walk,PARKED,0.0,0.0,0.0,3,0.0,3.769,0.0,0.0,0.0,0.0,0.0,0.0,0.0
62.701,apt_walk,PARKED,0.0,0.0,0.0,3,0.0,3.75,0.0,0.0,0.0,0.0,0.0,0.0,0.0
62.825,apt_walk,PARKED,0.0,0.0,0.0,3,0.0,3.789,0.0,0.0,0.0,0.0,0.0,0.0,0.0
62.901,apt_walk,PARKED,0.0,0.0,0.0,3,0.0,3.789,0.0,0.0,0.0,0.0,0.0,0.0,0.0
63.028,apt_walk,PARKED,0.0,0.0,0.0,3,0.0,3.814,0.0,0.0,0.0,0.0,0.0,0.0,0.0
63.103,apt_walk,PARKED,0.0,0.0,0.0,3,0.0,3.794,0.0,0.0,0.0,0.0,0.0,0.0,0.0
63.203,apt_walk,PARKED,0.0,0.0,0.0,3,0.0,3.802,0.0,0.0,0.0,0.0,0.0,0.0,0.0
63.301,apt_walk,PARKED,0.0,0.0,0.0,3,0.0,3.802,0.0,0.0,0.0,0.0,0.0,0.0,0.0
63.401,apt_walk,PARKED,0.0,0.0,0.0,3,0.0,3.802,0.0,0.0,0.0,0.0,0.0,0.0,0.0
63.501,apt_walk,PARKED,0.0,0.0,0.0,3,0.0,3.802,0.0,0.0,0.0,0.0,0.0,0.0,0.0
63.612,apt_walk,PARKED,0.0,0.0,0.0,3,0.0,3.792,0.0,0.0,0.0,0.0,0.0,0.0,0.0
63.701,apt_walk,PARKED,0.0,0.0,0.0,3,0.0,3.792,0.0,0.0,0.0,0.0,0.0,0.0,0.0
63.802,apt_walk,PARKED,0.0,0.0,0.0,3,0.0,3.807,0.0,0.0,0.0,0.0,0.0,0.0,0.0
63.904,apt_walk,PARKED,0.0,0.0,0.0,3,0.0,3.834,0.0,0.0,0.0,0.0,0.0,0.0,0.0
64.038,apt_walk,PARKED,0.0,0.0,0.0,3,0.0,3.837,0.0,0.0,0.0,0.0,0.0,0.0,0.0
64.11,apt_walk,PARKED,0.0,0.0,0.0,3,0.0,3.814,0.0,0.0,0.0,0.0,0.0,0.0,0.0
64.243,apt_walk,PARKED,0.0,0.0,0.0,3,0.0,3.814,0.0,0.0,0.0,0.0,0.0,0.0,0.0
64.302,apt_walk,PARKED,0.0,0.0,0.0,3,0.0,3.814,0.0,0.0,0.0,0.0,0.0,0.0,0.0
64.401,apt_walk,PARKED,0.0,0.0,0.0,3,0.0,3.814,0.0,0.0,0.0,0.0,0.0,0.0,0.0
64.5,apt_walk,PARKED,0.0,0.0,0.0,3,0.0,3.814,0.0,0.0,0.0,0.0,0.0,0.0,0.0
64.639,apt_walk,PARKED,0.0,0.0,0.0,3,0.0,3.829,0.0,0.0,0.0,0.0,0.0,0.0,0.0
64.701,apt_walk,PARKED,0.0,0.0,0.0,3,0.0,3.843,0.0,0.0,0.0,0.0,0.0,0.0,0.0
64.801,apt_walk,PARKED,0.0,0.0,0.0,3,0.0,3.843,0.0,0.0,0.0,0.0,0.0,0.0,0.0
64.901,apt_walk,PARKED,0.0,0.0,0.0,3,0.0,3.843,0.0,0.0,0.0,0.0,0.0,0.0,0.0
65.009,apt_walk,PARKED,0.0,0.0,0.0,3,0.0,3.821,0.0,0.0,0.0,0.0,0.0,0.0,0.0
65.143,apt_walk,PARKED,0.0,0.0,0.0,3,0.0,3.743,0.0,0.0,0.0,0.0,0.0,0.0,0.0
65.201,apt_walk,PARKED,0.0,0.0,0.0,3,0.0,3.743,0.0,0.0,0.0,0.0,0.0,0.0,0.0
65.301,apt_walk,PARKED,0.0,0.0,0.0,4,0.0,3.82,0.0,0.0,0.0,0.0,0.0,0.0,0.0
65.401,apt_walk,PARKED,0.0,0.0,0.0,4,0.0,3.82,0.0,0.0,0.0,0.0,0.0,0.0,0.0
65.501,apt_walk,PARKED,0.0,0.0,0.0,4,0.0,3.82,0.0,0.0,0.0,0.0,0.0,0.0,0.0
65.601,apt_walk,PARKED,0.0,0.0,0.0,4,0.0,3.784,0.0,0.0,0.0,0.0,0.0,0.0,0.0
65.735,apt_walk,PARKED,0.0,0.0,0.0,4,0.0,3.784,0.0,0.0,0.0,0.0,0.0,0.0,0.0
65.801,apt_walk,PARKED,0.0,0.0,0.0,4,0.0,3.784,0.0,0.0,0.0,0.0,0.0,0.0,0.0
65.939,apt_walk,PARKED,0.0,0.0,0.0,4,0.0,3.814,0.0,0.0,0.0,0.0,0.0,0.0,0.0
66.022,apt_walk,PARKED,0.0,0.0,0.0,4,0.0,3.798,0.0,0.0,0.0,0.0,0.0,0.0,0.0
66.101,apt_walk,PARKED,0.0,0.0,0.0,4,0.0,3.798,0.0,0.0,0.0,0.0,0.0,0.0,0.0
66.202,apt_walk,PARKED,0.0,0.0,0.0,4,0.0,3.798,0.0,0.0,0.0,0.0,0.0,0.0,0.0
66.348,apt_walk,PARKED,0.0,0.0,0.0,4,0.0,3.781,0.0,0.0,0.0,0.0,0.0,0.0,0.0
66.401,apt_walk,PARKED,0.0,0.0,0.0,4,0.0,3.781,0.0,0.0,0.0,0.0,0.0,0.0,0.0
66.501,apt_walk,PARKED,0.0,0.0,0.0,4,0.0,3.827,0.0,0.0,0.0,0.0,0.0,0.0,0.0
66.601,apt_walk,PARKED,0.0,0.0,0.0,4,0.0,3.827,0.0,0.0,0.0,0.0,0.0,0.0,0.0
66.718,apt_walk,PARKED,0.0,0.0,0.0,4,0.0,3.822,0.0,0.0,0.0,0.0,0.0,0.0,0.0
66.801,apt_walk,PARKED,0.0,0.0,0.0,4,0.0,3.837,0.0,0.0,0.0,0.0,0.0,0.0,0.0
66.918,apt_walk,PARKED,0.0,0.0,0.0,4,0.0,3.831,0.0,0.0,0.0,0.0,0.0,0.0,0.0
67.001,apt_walk,PARKED,0.0,0.0,0.0,4,0.0,3.831,0.0,0.0,0.0,0.0,0.0,0.0,0.0
67.101,apt_walk,PARKED,0.0,0.0,0.0,4,0.0,3.831,0.0,0.0,0.0,0.0,0.0,0.0,0.0
67.249,apt_walk,PARKED,0.0,0.0,0.0,4,0.0,3.822,0.0,0.0,0.0,0.0,0.0,0.0,0.0
67.327,apt_walk,PARKED,0.0,0.0,0.0,4,0.0,3.794,0.0,0.0,0.0,0.0,0.0,0.0,0.0
67.401,apt_walk,PARKED,0.0,0.0,0.0,4,0.0,3.794,0.0,0.0,0.0,0.0,0.0,0.0,0.0
67.501,apt_walk,PARKED,0.0,0.0,0.0,4,0.0,3.794,0.0,0.0,0.0,0.0,0.0,0.0,0.0
67.601,apt_walk,PARKED,0.0,0.0,0.0,4,0.0,3.794,0.0,0.0,0.0,0.0,0.0,0.0,0.0
67.749,apt_walk,PARKED,0.0,0.0,0.0,4,0.0,3.82,0.0,0.0,0.0,0.0,0.0,0.0,0.0
67.826,apt_walk,PARKED,0.0,0.0,0.0,4,0.0,3.82,0.0,0.0,0.0,0.0,0.0,0.0,0.0
67.901,apt_walk,PARKED,0.0,0.0,0.0,4,0.0,3.82,0.0,0.0,0.0,0.0,0.0,0.0,0.0
68.001,apt_walk,PARKED,0.0,0.0,0.0,4,0.0,3.811,0.0,0.0,0.0,0.0,0.0,0.0,0.0
68.135,apt_walk,PARKED,0.0,0.0,0.0,4,0.0,3.824,0.0,0.0,0.0,0.0,0.0,0.0,0.0
68.201,apt_walk,PARKED,0.0,0.0,0.0,4,0.0,3.829,0.0,0.0,0.0,0.0,0.0,0.0,0.0
68.341,apt_walk,PARKED,0.0,0.0,0.0,4,0.0,3.829,0.0,0.0,0.0,0.0,0.0,0.0,0.0
68.402,apt_walk,PARKED,0.0,0.0,0.0,4,0.0,3.829,0.0,0.0,0.0,0.0,0.0,0.0,0.0
68.534,apt_walk,PARKED,0.0,0.0,0.0,4,0.0,3.825,0.0,0.0,0.0,0.0,0.0,0.0,0.0
68.601,apt_walk,PARKED,0.0,0.0,0.0,4,0.0,3.825,0.0,0.0,0.0,0.0,0.0,0.0,0.0
68.701,apt_walk,PARKED,0.0,0.0,0.0,4,0.0,3.825,0.0,0.0,0.0,0.0,0.0,0.0,0.0
68.821,apt_walk,PARKED,0.0,0.0,0.0,4,0.0,3.841,0.0,0.0,0.0,0.0,0.0,0.0,0.0
68.901,apt_walk,PARKED,0.0,0.0,0.0,4,0.0,3.841,0.0,0.0,0.0,0.0,0.0,0.0,0.0
69.001,apt_walk,PARKED,0.0,0.0,0.0,4,0.0,3.841,0.0,0.0,0.0,0.0,0.0,0.0,0.0
69.125,apt_walk,PARKED,0.0,0.0,0.0,4,0.0,3.808,0.0,0.0,0.0,0.0,0.0,0.0,0.0
69.23,apt_walk,PARKED,0.0,0.0,0.0,4,0.0,3.808,0.0,0.0,0.0,0.0,0.0,0.0,0.0
69.301,apt_walk,PARKED,0.0,0.0,0.0,4,0.0,3.808,0.0,0.0,0.0,0.0,0.0,0.0,0.0
69.401,apt_walk,PARKED,0.0,0.0,0.0,4,0.0,3.802,0.0,0.0,0.0,0.0,0.0,0.0,0.0
69.501,apt_walk,PARKED,0.0,0.0,0.0,4,0.0,3.802,0.0,0.0,0.0,0.0,0.0,0.0,0.0
69.602,apt_walk,PARKED,0.0,0.0,0.0,4,0.0,3.825,0.0,0.0,0.0,0.0,0.0,0.0,0.0
69.715,apt_walk,PARKED,0.0,0.0,0.0,4,0.0,3.789,0.0,0.0,0.0,0.0,0.0,0.0,0.0
69.834,apt_walk,PARKED,0.0,0.0,0.0,4,0.0,3.789,0.0,0.0,0.0,0.0,0.0,0.0,0.0
69.901,apt_walk,PARKED,0.0,0.0,0.0,4,0.0,3.789,0.0,0.0,0.0,0.0,0.0,0.0,0.0
70.005,apt_walk,PARKED,0.0,0.0,0.0,4,0.0,3.816,0.0,0.0,0.0,0.0,0.0,0.0,0.0
70.144,apt_walk,PARKED,0.0,0.0,0.0,4,0.0,3.804,0.0,0.0,0.0,0.0,0.0,0.0,0.0
70.201,apt_walk,PARKED,0.0,0.0,0.0,4,0.0,3.804,0.0,0.0,0.0,0.0,0.0,0.0,0.0
70.301,apt_walk,PARKED,0.0,0.0,0.0,4,0.0,3.804,0.0,0.0,0.0,0.0,0.0,0.0,0.0
70.413,apt_walk,PARKED,0.0,0.0,0.0,4,0.0,3.753,0.0,0.0,0.0,0.0,0.0,0.0,0.0
70.502,apt_walk,PARKED,0.0,0.0,0.0,4,0.0,3.758,0.0,0.0,0.0,0.0,0.0,0.0,0.0
70.601,apt_walk,PARKED,0.0,0.0,0.0,4,0.0,3.798,0.0,0.0,0.0,0.0,0.0,0.0,0.0
70.701,apt_walk,PARKED,0.0,0.0,0.0,4,0.0,3.798,0.0,0.0,0.0,0.0,0.0,0.0,0.0
70.801,apt_walk,PARKED,0.0,0.0,0.0,4,0.0,3.798,0.0,0.0,0.0,0.0,0.0,0.0,0.0
70.901,apt_walk,PARKED,0.0,0.0,0.0,4,0.0,3.798,0.0,0.0,0.0,0.0,0.0,0.0,0.0
71.002,apt_walk,PARKED,0.0,0.0,0.0,4,0.0,3.786,0.0,0.0,0.0,0.0,0.0,0.0,0.0
71.101,apt_walk,PARKED,0.0,0.0,0.0,4,0.0,3.785,0.0,0.0,0.0,0.0,0.0,0.0,0.0
71.201,apt_walk,PARKED,0.0,0.0,0.0,4,0.0,3.785,0.0,0.0,0.0,0.0,0.0,0.0,0.0
71.323,apt_walk,PARKED,0.0,0.0,0.0,4,0.0,3.785,0.0,0.0,0.0,0.0,0.0,0.0,0.0
71.401,apt_walk,PARKED,0.0,0.0,0.0,4,0.0,3.785,0.0,0.0,0.0,0.0,0.0,0.0,0.0
71.501,apt_walk,PARKED,0.0,0.0,0.0,4,0.0,3.837,0.0,0.0,0.0,0.0,0.0,0.0,0.0
71.613,apt_walk,PARKED,0.0,0.0,0.0,4,0.0,3.826,0.0,0.0,0.0,0.0,0.0,0.0,0.0
71.702,apt_walk,PARKED,0.0,0.0,0.0,4,0.0,3.826,0.0,0.0,0.0,0.0,0.0,0.0,0.0
71.801,apt_walk,PARKED,0.0,0.0,0.0,4,0.0,3.826,0.0,0.0,0.0,0.0,0.0,0.0,0.0
71.902,apt_walk,PARKED,0.0,0.0,0.0,4,0.0,3.826,0.0,0.0,0.0,0.0,0.0,0.0,0.0
72.001,apt_walk,PARKED,0.0,0.0,0.0,4,0.0,3.826,0.0,0.0,0.0,0.0,0.0,0.0,0.0
72.15,apt_walk,PARKED,0.0,0.0,0.0,4,0.0,3.777,0.0,0.0,0.0,0.0,0.0,0.0,0.0
72.219,apt_walk,PARKED,0.0,0.0,0.0,4,0.0,3.835,0.0,0.0,0.0,0.0,0.0,0.0,0.0
72.301,apt_walk,PARKED,0.0,0.0,0.0,4,0.0,3.835,0.0,0.0,0.0,0.0,0.0,0.0,0.0
72.445,apt_walk,PARKED,0.0,0.0,0.0,4,0.0,3.798,0.0,0.0,0.0,0.0,0.0,0.0,0.0
72.501,apt_walk,PARKED,0.0,0.0,0.0,4,0.0,3.798,0.0,0.0,0.0,0.0,0.0,0.0,0.0
72.611,apt_walk,PARKED,0.0,0.0,0.0,4,0.0,3.771,0.0,0.0,0.0,0.0,0.0,0.0,0.0
72.702,apt_walk,PARKED,0.0,0.0,0.0,4,0.0,3.754,0.0,0.0,0.0,0.0,0.0,0.0,0.0
72.802,apt_walk,PARKED,0.0,0.0,0.0,4,0.0,3.754,0.0,0.0,0.0,0.0,0.0,0.0,0.0
72.902,apt_walk,PARKED,0.0,0.0,0.0,4,0.0,3.754,0.0,0.0,0.0,0.0,0.0,0.0,0.0
73.002,apt_walk,PARKED,0.0,0.0,0.0,4,0.0,3.793,0.0,0.0,0.0,0.0,0.0,0.0,0.0
73.114,apt_walk,PARKED,0.0,0.0,0.0,4,0.0,3.783,0.0,0.0,0.0,0.0,0.0,0.0,0.0
73.202,apt_walk,PARKED,0.0,0.0,0.0,4,0.0,3.783,0.0,0.0,0.0,0.0,0.0,0.0,0.0
73.301,apt_walk,PARKED,0.0,0.0,0.0,4,0.0,3.783,0.0,0.0,0.0,0.0,0.0,0.0,0.0
73.401,apt_walk,PARKED,0.0,0.0,0.0,4,0.0,3.783,0.0,0.0,0.0,0.0,0.0,0.0,0.0
73.501,apt_walk,PARKED,0.0,0.0,0.0,4,0.0,3.783,0.0,0.0,0.0,0.0,0.0,0.0,0.0
73.602,apt_walk,PARKED,0.0,0.0,0.0,4,0.0,3.783,0.0,0.0,0.0,0.0,0.0,0.0,0.0
73.701,apt_walk,PARKED,0.0,0.0,0.0,4,0.0,3.83,0.0,0.0,0.0,0.0,0.0,0.0,0.0
73.801,apt_walk,PARKED,0.0,0.0,0.0,4,0.0,3.83,0.0,0.0,0.0,0.0,0.0,0.0,0.0
73.941,apt_walk,PARKED,0.0,0.0,0.0,4,0.0,3.79,0.0,0.0,0.0,0.0,0.0,0.0,0.0
74.01,apt_walk,PARKED,0.0,0.0,0.0,4,0.0,3.79,0.0,0.0,0.0,0.0,0.0,0.0,0.0
74.101,apt_walk,PARKED,0.0,0.0,0.0,4,0.0,3.805,0.0,0.0,0.0,0.0,0.0,0.0,0.0
74.201,apt_walk,PARKED,0.0,0.0,0.0,4,0.0,3.805,0.0,0.0,0.0,0.0,0.0,0.0,0.0
74.302,apt_walk,PARKED,0.0,0.0,0.0,4,0.0,3.777,0.0,0.0,0.0,0.0,0.0,0.0,0.0
74.401,apt_walk,PARKED,0.0,0.0,0.0,4,0.0,3.777,0.0,0.0,0.0,0.0,0.0,0.0,0.0
74.537,apt_walk,PARKED,0.0,0.0,0.0,4,0.0,3.824,0.0,0.0,0.0,0.0,0.0,0.0,0.0
74.601,apt_walk,PARKED,0.0,0.0,0.0,4,0.0,3.824,0.0,0.0,0.0,0.0,0.0,0.0,0.0
74.708,apt_walk,PARKED,0.0,0.0,0.0,4,0.0,3.788,0.0,0.0,0.0,0.0,0.0,0.0,0.0
74.801,apt_walk,PARKED,0.0,0.0,0.0,4,0.0,3.788,0.0,0.0,0.0,0.0,0.0,0.0,0.0
74.923,apt_walk,PARKED,0.0,0.0,0.0,4,0.0,3.734,0.0,0.0,0.0,0.0,0.0,0.0,0.0
75.001,apt_walk,PARKED,0.0,0.0,0.0,4,0.0,3.734,0.0,0.0,0.0,0.0,0.0,0.0,0.0
75.115,apt_walk,PARKED,0.0,0.0,0.0,4,0.0,3.806,0.0,0.0,0.0,0.0,0.0,0.0,0.0
75.201,apt_walk,PARKED,0.0,0.0,0.0,4,0.0,3.806,0.0,0.0,0.0,0.0,0.0,0.0,0.0
75.325,apt_walk,PARKED,0.0,0.0,0.0,4,0.0,3.762,0.0,0.0,0.0,0.0,0.0,0.0,0.0
75.401,apt_walk,PARKED,0.0,0.0,0.0,4,0.0,3.781,0.0,0.0,0.0,0.0,0.0,0.0,0.0
75.501,apt_walk,PARKED,0.0,0.0,0.0,4,0.0,3.781,0.0,0.0,0.0,0.0,0.0,0.0,0.0
75.601,apt_walk,PARKED,0.0,0.0,0.0,4,0.0,3.77,0.0,0.0,0.0,0.0,0.0,0.0,0.0
75.742,apt_walk,PARKED,0.0,0.0,0.0,4,0.0,3.833,0.0,0.0,0.0,0.0,0.0,0.0,0.0
75.801,apt_walk,PARKED,0.0,0.0,0.0,4,0.0,3.833,0.0,0.0,0.0,0.0,0.0,0.0,0.0
75.901,apt_walk,PARKED,0.0,0.0,0.0,4,0.0,3.811,0.0,0.0,0.0,0.0,0.0,0.0,0.0
76.001,apt_walk,PARKED,0.0,0.0,0.0,4,0.0,3.811,0.0,0.0,0.0,0.0,0.0,0.0,0.0
76.101,apt_walk,PARKED,0.0,0.0,0.0,4,0.0,3.723,0.0,0.0,0.0,0.0,0.0,0.0,0.0
76.225,apt_walk,PARKED,0.0,0.0,0.0,4,0.0,3.744,0.0,0.0,0.0,0.0,0.0,0.0,0.0
76.342,apt_walk,PARKED,0.0,0.0,0.0,4,0.0,3.361,0.0,0.0,0.0,0.0,0.0,0.0,0.0
76.402,apt_walk,PARKED,0.0,0.0,0.0,4,0.0,3.361,0.0,0.0,0.0,0.0,0.0,0.0,0.0
76.502,apt_walk,PARKED,0.0,0.0,0.0,4,0.0,3.775,0.0,0.0,0.0,0.0,0.0,0.0,0.0
76.632,apt_walk,PARKED,0.0,0.0,0.0,4,0.0,3.784,0.0,0.0,0.0,0.0,0.0,0.0,0.0
76.703,apt_walk,PARKED,0.0,0.0,0.0,4,0.0,3.806,0.0,0.0,0.0,0.0,0.0,0.0,0.0
76.802,apt_walk,PARKED,0.0,0.0,0.0,4,0.0,3.835,0.0,0.0,0.0,0.0,0.0,0.0,0.0
76.901,apt_walk,PARKED,0.0,0.0,0.0,4,0.0,3.835,0.0,0.0,0.0,0.0,0.0,0.0,0.0
77.001,apt_walk,PARKED,0.0,0.0,0.0,4,0.0,3.835,0.0,0.0,0.0,0.0,0.0,0.0,0.0
77.14,apt_walk,PARKED,0.0,0.0,0.0,4,0.0,3.835,0.0,0.0,0.0,0.0,0.0,0.0,0.0
77.201,apt_walk,PARKED,0.0,0.0,0.0,4,0.0,3.835,0.0,0.0,0.0,0.0,0.0,0.0,0.0
77.301,apt_walk,PARKED,0.0,0.0,0.0,4,0.0,3.765,0.0,0.0,0.0,0.0,0.0,0.0,0.0
77.422,apt_walk,PARKED,0.0,0.0,0.0,4,0.0,3.765,0.0,0.0,0.0,0.0,0.0,0.0,0.0
77.501,apt_walk,PARKED,0.0,0.0,0.0,4,0.0,3.765,0.0,0.0,0.0,0.0,0.0,0.0,0.0
77.629,apt_walk,PARKED,0.0,0.0,0.0,4,0.0,3.774,0.0,0.0,0.0,0.0,0.0,0.0,0.0
77.701,apt_walk,PARKED,0.0,0.0,0.0,4,0.0,3.755,0.0,0.0,0.0,0.0,0.0,0.0,0.0
77.84,apt_walk,PARKED,0.0,0.0,0.0,4,0.0,3.749,0.0,0.0,0.0,0.0,0.0,0.0,0.0
77.901,apt_walk,PARKED,0.0,0.0,0.0,4,0.0,3.749,0.0,0.0,0.0,0.0,0.0,0.0,0.0
78.001,apt_walk,PARKED,0.0,0.0,0.0,4,0.0,3.749,0.0,0.0,0.0,0.0,0.0,0.0,0.0
78.123,apt_walk,PARKED,0.0,0.0,0.0,4,0.0,3.784,0.0,0.0,0.0,0.0,0.0,0.0,0.0
78.201,apt_walk,PARKED,0.0,0.0,0.0,4,0.0,3.784,0.0,0.0,0.0,0.0,0.0,0.0,0.0
78.301,apt_walk,PARKED,0.0,0.0,0.0,4,0.0,3.784,0.0,0.0,0.0,0.0,0.0,0.0,0.0
78.401,apt_walk,PARKED,0.0,0.0,0.0,4,0.0,3.829,0.0,0.0,0.0,0.0,0.0,0.0,0.0
78.539,apt_walk,PARKED,0.0,0.0,0.0,4,0.0,3.789,0.0,0.0,0.0,0.0,0.0,0.0,0.0
78.605,apt_walk,PARKED,0.0,0.0,0.0,4,0.0,3.789,0.0,0.0,0.0,0.0,0.0,0.0,0.0
78.701,apt_walk,PARKED,0.0,0.0,0.0,4,0.0,3.789,0.0,0.0,0.0,0.0,0.0,0.0,0.0
78.802,apt_walk,PARKED,0.0,0.0,0.0,4,0.0,3.789,0.0,0.0,0.0,0.0,0.0,0.0,0.0
78.919,apt_walk,PARKED,0.0,0.0,0.0,4,0.0,3.765,0.0,0.0,0.0,0.0,0.0,0.0,0.0
79.001,apt_walk,PARKED,0.0,0.0,0.0,4,0.0,3.765,0.0,0.0,0.0,0.0,0.0,0.0,0.0
79.143,apt_walk,PARKED,0.0,0.0,0.0,4,0.0,3.8,0.0,0.0,0.0,0.0,0.0,0.0,0.0
79.207,apt_walk,PARKED,0.0,0.0,0.0,4,0.0,3.765,0.0,0.0,0.0,0.0,0.0,0.0,0.0
79.344,apt_walk,PARKED,0.0,0.0,0.0,4,0.0,3.765,0.0,0.0,0.0,0.0,0.0,0.0,0.0
79.401,apt_walk,PARKED,0.0,0.0,0.0,4,0.0,3.765,0.0,0.0,0.0,0.0,0.0,0.0,0.0
79.501,apt_walk,PARKED,0.0,0.0,0.0,4,0.0,3.773,0.0,0.0,0.0,0.0,0.0,0.0,0.0
79.618,apt_walk,PARKED,0.0,0.0,0.0,4,0.0,3.799,0.0,0.0,0.0,0.0,0.0,0.0,0.0
79.702,apt_walk,PARKED,0.0,0.0,0.0,4,0.0,3.799,0.0,0.0,0.0,0.0,0.0,0.0,0.0
79.801,apt_walk,PARKED,0.0,0.0,0.0,4,0.0,3.799,0.0,0.0,0.0,0.0,0.0,0.0,0.0
79.901,apt_walk,PARKED,0.0,0.0,0.0,4,0.0,3.799,0.0,0.0,0.0,0.0,0.0,0.0,0.0
80.003,apt_walk,PARKED,0.0,0.0,0.0,4,0.0,3.773,0.0,0.0,0.0,0.0,0.0,0.0,0.0
80.101,apt_walk,PARKED,0.0,0.0,0.0,4,0.0,3.773,0.0,0.0,0.0,0.0,0.0,0.0,0.0
80.201,apt_walk,PARKED,0.0,0.0,0.0,4,0.0,3.773,0.0,0.0,0.0,0.0,0.0,0.0,0.0
80.301,apt_walk,PARKED,0.0,0.0,0.0,4,0.0,3.81,0.0,0.0,0.0,0.0,0.0,0.0,0.0
80.446,apt_walk,PARKED,0.0,0.0,0.0,4,0.0,3.81,0.0,0.0,0.0,0.0,0.0,0.0,0.0
80.509,apt_walk,PARKED,0.0,0.0,0.0,4,0.0,3.693,0.0,0.0,0.0,0.0,0.0,0.0,0.0
80.602,apt_walk,PARKED,0.0,0.0,0.0,4,0.0,3.693,0.0,0.0,0.0,0.0,0.0,0.0,0.0
80.701,apt_walk,PARKED,0.0,0.0,0.0,4,0.0,3.693,0.0,0.0,0.0,0.0,0.0,0.0,0.0
80.801,apt_walk,PARKED,0.0,0.0,0.0,4,0.0,3.693,0.0,0.0,0.0,0.0,0.0,0.0,0.0
80.922,apt_walk,PARKED,0.0,0.0,0.0,4,0.0,3.738,0.0,0.0,0.0,0.0,0.0,0.0,0.0
81.002,apt_walk,PARKED,0.0,0.0,0.0,4,0.0,3.738,0.0,0.0,0.0,0.0,0.0,0.0,0.0
81.101,apt_walk,PARKED,0.0,0.0,0.0,4,0.0,3.738,0.0,0.0,0.0,0.0,0.0,0.0,0.0
81.241,apt_walk,PARKED,0.0,0.0,0.0,4,0.0,3.765,0.0,0.0,0.0,0.0,0.0,0.0,0.0
81.302,apt_walk,PARKED,0.0,0.0,0.0,4,0.0,3.765,0.0,0.0,0.0,0.0,0.0,0.0,0.0
81.401,apt_walk,PARKED,0.0,0.0,0.0,4,0.0,3.765,0.0,0.0,0.0,0.0,0.0,0.0,0.0
81.501,apt_walk,PARKED,0.0,0.0,0.0,4,0.0,3.765,0.0,0.0,0.0,0.0,0.0,0.0,0.0
81.606,apt_walk,PARKED,0.0,0.0,0.0,4,0.0,3.81,0.0,0.0,0.0,0.0,0.0,0.0,0.0
81.701,apt_walk,PARKED,0.0,0.0,0.0,4,0.0,3.81,0.0,0.0,0.0,0.0,0.0,0.0,0.0
81.823,apt_walk,PARKED,0.0,0.0,0.0,4,0.0,3.822,0.0,0.0,0.0,0.0,0.0,0.0,0.0
81.901,apt_walk,PARKED,0.0,0.0,0.0,4,0.0,3.736,0.0,0.0,0.0,0.0,0.0,0.0,0.0
82.001,apt_walk,PARKED,0.0,0.0,0.0,4,0.0,3.736,0.0,0.0,0.0,0.0,0.0,0.0,0.0
82.101,apt_walk,PARKED,0.0,0.0,0.0,4,0.0,3.82,0.0,0.0,0.0,0.0,0.0,0.0,0.0
82.22,apt_walk,PARKED,0.0,0.0,0.0,4,0.0,3.781,0.0,0.0,0.0,0.0,0.0,0.0,0.0
82.301,apt_walk,PARKED,0.0,0.0,0.0,4,0.0,3.824,0.0,0.0,0.0,0.0,0.0,0.0,0.0
82.401,apt_walk,PARKED,0.0,0.0,0.0,4,0.0,3.824,0.0,0.0,0.0,0.0,0.0,0.0,0.0
82.501,apt_walk,PARKED,0.0,0.0,0.0,4,0.0,3.824,0.0,0.0,0.0,0.0,0.0,0.0,0.0
82.601,apt_walk,PARKED,0.0,0.0,0.0,4,0.0,3.824,0.0,0.0,0.0,0.0,0.0,0.0,0.0
82.745,apt_walk,PARKED,0.0,0.0,0.0,4,0.0,3.838,0.0,0.0,0.0,0.0,0.0,0.0,0.0
82.808,apt_walk,PARKED,0.0,0.0,0.0,4,0.0,3.838,0.0,0.0,0.0,0.0,0.0,0.0,0.0
82.901,apt_walk,PARKED,0.0,0.0,0.0,4,0.0,3.838,0.0,0.0,0.0,0.0,0.0,0.0,0.0
83.001,apt_walk,PARKED,0.0,0.0,0.0,4,0.0,3.838,0.0,0.0,0.0,0.0,0.0,0.0,0.0
83.102,apt_walk,PARKED,0.0,0.0,0.0,4,0.0,3.832,0.0,0.0,0.0,0.0,0.0,0.0,0.0
83.234,apt_walk,PARKED,0.0,0.0,0.0,4,0.0,3.78,0.0,0.0,0.0,0.0,0.0,0.0,0.0
83.301,apt_walk,PARKED,0.0,0.0,0.0,4,0.0,3.765,0.0,0.0,0.0,0.0,0.0,0.0,0.0
83.401,apt_walk,PARKED,0.0,0.0,0.0,4,0.0,3.765,0.0,0.0,0.0,0.0,0.0,0.0,0.0
83.501,apt_walk,PARKED,0.0,0.0,0.0,4,0.0,3.765,0.0,0.0,0.0,0.0,0.0,0.0,0.0
83.601,apt_walk,PARKED,0.0,0.0,0.0,4,0.0,3.765,0.0,0.0,0.0,0.0,0.0,0.0,0.0
83.701,apt_walk,PARKED,0.0,0.0,0.0,4,0.0,3.765,0.0,0.0,0.0,0.0,0.0,0.0,0.0
83.81,apt_walk,PARKED,0.0,0.0,0.0,4,0.0,3.812,0.0,0.0,0.0,0.0,0.0,0.0,0.0
83.901,apt_walk,PARKED,0.0,0.0,0.0,4,0.0,3.812,0.0,0.0,0.0,0.0,0.0,0.0,0.0
84.002,apt_walk,PARKED,0.0,0.0,0.0,4,0.0,3.835,0.0,0.0,0.0,0.0,0.0,0.0,0.0
84.149,apt_walk,PARKED,0.0,0.0,0.0,4,0.0,3.768,0.0,0.0,0.0,0.0,0.0,0.0,0.0
84.201,apt_walk,PARKED,0.0,0.0,0.0,4,0.0,3.768,0.0,0.0,0.0,0.0,0.0,0.0,0.0
84.301,apt_walk,PARKED,0.0,0.0,0.0,4,0.0,3.768,0.0,0.0,0.0,0.0,0.0,0.0,0.0
84.401,apt_walk,PARKED,0.0,0.0,0.0,4,0.0,3.768,0.0,0.0,0.0,0.0,0.0,0.0,0.0
84.502,apt_walk,PARKED,0.0,0.0,0.0,4,0.0,3.751,0.0,0.0,0.0,0.0,0.0,0.0,0.0
84.625,apt_walk,PARKED,0.0,0.0,0.0,4,0.0,3.813,0.0,0.0,0.0,0.0,0.0,0.0,0.0
84.701,apt_walk,PARKED,0.0,0.0,0.0,4,0.0,3.813,0.0,0.0,0.0,0.0,0.0,0.0,0.0
84.82,apt_walk,PARKED,0.0,0.0,0.0,4,0.0,3.749,0.0,0.0,0.0,0.0,0.0,0.0,0.0
84.925,apt_walk,PARKED,0.0,0.0,0.0,4,0.0,3.749,0.0,0.0,0.0,0.0,0.0,0.0,0.0
85.004,apt_walk,PARKED,0.0,0.0,0.0,5,0.0,3.752,0.0,0.0,0.0,0.0,0.0,0.0,0.0
85.101,apt_walk,PARKED,0.0,0.0,0.0,4,0.0,3.788,0.0,0.0,0.0,0.0,0.0,0.0,0.0
85.201,apt_walk,PARKED,0.0,0.0,0.0,4,0.0,3.788,0.0,0.0,0.0,0.0,0.0,0.0,0.0
85.33,apt_walk,PARKED,0.0,0.0,0.0,4,0.0,3.812,0.0,0.0,0.0,0.0,0.0,0.0,0.0
85.401,apt_walk,PARKED,0.0,0.0,0.0,4,0.0,3.79,0.0,0.0,0.0,0.0,0.0,0.0,0.0
85.516,apt_walk,PARKED,0.0,0.0,0.0,4,0.0,3.822,0.0,0.0,0.0,0.0,0.0,0.0,0.0
85.602,apt_walk,PARKED,0.0,0.0,0.0,4,0.0,3.822,0.0,0.0,0.0,0.0,0.0,0.0,0.0
85.702,apt_walk,PARKED,0.0,0.0,0.0,4,0.0,3.822,0.0,0.0,0.0,0.0,0.0,0.0,0.0
85.822,apt_walk,PARKED,0.0,0.0,0.0,4,0.0,3.788,0.0,0.0,0.0,0.0,0.0,0.0,0.0
85.947,apt_walk,PARKED,0.0,0.0,0.0,4,0.0,3.818,0.0,0.0,0.0,0.0,0.0,0.0,0.0
86.001,apt_walk,PARKED,0.0,0.0,0.0,4,0.0,3.818,0.0,0.0,0.0,0.0,0.0,0.0,0.0
86.102,apt_walk,PARKED,0.0,0.0,0.0,4,0.0,3.821,0.0,0.0,0.0,0.0,0.0,0.0,0.0
86.243,apt_walk,PARKED,0.0,0.0,0.0,4,0.0,3.826,0.0,0.0,0.0,0.0,0.0,0.0,0.0
86.315,apt_walk,PARKED,0.0,0.0,0.0,4,0.0,3.812,0.0,0.0,0.0,0.0,0.0,0.0,0.0
86.439,apt_walk,PARKED,0.0,0.0,0.0,4,0.0,3.816,0.0,0.0,0.0,0.0,0.0,0.0,0.0
86.501,apt_walk,PARKED,0.0,0.0,0.0,4,0.0,3.776,0.0,0.0,0.0,0.0,0.0,0.0,0.0
86.602,apt_walk,PARKED,0.0,0.0,0.0,4,0.0,3.778,0.0,0.0,0.0,0.0,0.0,0.0,0.0
86.701,apt_walk,PARKED,0.0,0.0,0.0,4,0.0,3.778,0.0,0.0,0.0,0.0,0.0,0.0,0.0
86.801,apt_walk,PARKED,0.0,0.0,0.0,4,0.0,3.778,0.0,0.0,0.0,0.0,0.0,0.0,0.0
86.909,apt_walk,PARKED,0.0,0.0,0.0,4,0.0,3.798,0.0,0.0,0.0,0.0,0.0,0.0,0.0
87.044,apt_walk,PARKED,0.0,0.0,0.0,4,0.0,3.785,0.0,0.0,0.0,0.0,0.0,0.0,0.0
87.101,apt_walk,PARKED,0.0,0.0,0.0,4,0.0,3.785,0.0,0.0,0.0,0.0,0.0,0.0,0.0
87.201,apt_walk,PARKED,0.0,0.0,0.0,4,0.0,3.785,0.0,0.0,0.0,0.0,0.0,0.0,0.0
87.301,apt_walk,PARKED,0.0,0.0,0.0,4,0.0,3.785,0.0,0.0,0.0,0.0,0.0,0.0,0.0
87.447,apt_walk,PARKED,0.0,0.0,0.0,4,0.0,3.776,0.0,0.0,0.0,0.0,0.0,0.0,0.0
87.506,apt_walk,PARKED,0.0,0.0,0.0,4,0.0,3.796,0.0,0.0,0.0,0.0,0.0,0.0,0.0
87.601,apt_walk,PARKED,0.0,0.0,0.0,4,0.0,3.796,0.0,0.0,0.0,0.0,0.0,0.0,0.0
87.701,apt_walk,PARKED,0.0,0.0,0.0,4,0.0,3.796,0.0,0.0,0.0,0.0,0.0,0.0,0.0
87.801,apt_walk,PARKED,0.0,0.0,0.0,4,0.0,3.796,0.0,0.0,0.0,0.0,0.0,0.0,0.0
87.909,apt_walk,PARKED,0.0,0.0,0.0,4,0.0,3.734,0.0,0.0,0.0,0.0,0.0,0.0,0.0
88.001,apt_walk,PARKED,0.0,0.0,0.0,4,0.0,3.734,0.0,0.0,0.0,0.0,0.0,0.0,0.0
88.102,apt_walk,PARKED,0.0,0.0,0.0,4,0.0,3.703,0.0,0.0,0.0,0.0,0.0,0.0,0.0
88.201,apt_walk,PARKED,0.0,0.0,0.0,4,0.0,3.703,0.0,0.0,0.0,0.0,0.0,0.0,0.0
88.301,apt_walk,PARKED,0.0,0.0,0.0,4,0.0,3.77,0.0,0.0,0.0,0.0,0.0,0.0,0.0
88.401,apt_walk,PARKED,0.0,0.0,0.0,4,0.0,3.833,0.0,0.0,0.0,0.0,0.0,0.0,0.0
88.522,apt_walk,PARKED,0.0,0.0,0.0,4,0.0,3.761,0.0,0.0,0.0,0.0,0.0,0.0,0.0
88.601,apt_walk,PARKED,0.0,0.0,0.0,4,0.0,3.761,0.0,0.0,0.0,0.0,0.0,0.0,0.0
88.746,apt_walk,PARKED,0.0,0.0,0.0,4,0.0,3.761,0.0,0.0,0.0,0.0,0.0,0.0,0.0
88.801,apt_walk,PARKED,0.0,0.0,0.0,4,0.0,3.761,0.0,0.0,0.0,0.0,0.0,0.0,0.0
88.9,apt_walk,PARKED,0.0,0.0,0.0,4,0.0,3.761,0.0,0.0,0.0,0.0,0.0,0.0,0.0
89.001,apt_walk,PARKED,0.0,0.0,0.0,4,0.0,3.761,0.0,0.0,0.0,0.0,0.0,0.0,0.0
89.101,apt_walk,PARKED,0.0,0.0,0.0,4,0.0,3.761,0.0,0.0,0.0,0.0,0.0,0.0,0.0
89.242,apt_walk,PARKED,0.0,0.0,0.0,4,0.0,3.729,0.0,0.0,0.0,0.0,0.0,0.0,0.0
89.306,apt_walk,PARKED,0.0,0.0,0.0,4,0.0,3.727,0.0,0.0,0.0,0.0,0.0,0.0,0.0
89.401,apt_walk,PARKED,0.0,0.0,0.0,4,0.0,3.727,0.0,0.0,0.0,0.0,0.0,0.0,0.0
89.501,apt_walk,PARKED,0.0,0.0,0.0,4,0.0,3.727,0.0,0.0,0.0,0.0,0.0,0.0,0.0
89.632,apt_walk,PARKED,0.0,0.0,0.0,4,0.0,3.827,0.0,0.0,0.0,0.0,0.0,0.0,0.0
89.75,apt_walk,PARKED,0.0,0.0,0.0,4,0.0,3.78,0.0,0.0,0.0,0.0,0.0,0.0,0.0
89.801,apt_walk,PARKED,0.0,0.0,0.0,4,0.0,3.78,0.0,0.0,0.0,0.0,0.0,0.0,0.0
89.901,apt_walk,PARKED,0.0,0.0,0.0,4,0.0,3.78,0.0,0.0,0.0,0.0,0.0,0.0,0.0
90.002,apt_walk,PARKED,0.0,0.0,0.0,4,0.0,3.78,0.0,0.0,0.0,0.0,0.0,0.0,0.0
90.122,apt_walk,PARKED,0.0,0.0,0.0,4,0.0,3.772,0.0,0.0,0.0,0.0,0.0,0.0,0.0
90.201,apt_walk,PARKED,0.0,0.0,0.0,4,0.0,3.797,0.0,0.0,0.0,0.0,0.0,0.0,0.0
90.301,apt_walk,PARKED,0.0,0.0,0.0,4,0.0,3.797,0.0,0.0,0.0,0.0,0.0,0.0,0.0
90.401,apt_walk,PARKED,0.0,0.0,0.0,4,0.0,3.797,0.0,0.0,0.0,0.0,0.0,0.0,0.0
90.529,apt_walk,PARKED,0.0,0.0,0.0,4,0.0,3.853,0.0,0.0,0.0,0.0,0.0,0.0,0.0
90.603,apt_walk,PARKED,0.0,0.0,0.0,4,0.0,3.772,0.0,0.0,0.0,0.0,0.0,0.0,0.0
90.701,apt_walk,PARKED,0.0,0.0,0.0,4,0.0,3.772,0.0,0.0,0.0,0.0,0.0,0.0,0.0
90.801,apt_walk,PARKED,0.0,0.0,0.0,4,0.0,3.772,0.0,0.0,0.0,0.0,0.0,0.0,0.0
90.901,apt_walk,PARKED,0.0,0.0,0.0,4,0.0,3.801,0.0,0.0,0.0,0.0,0.0,0.0,0.0
91.001,apt_walk,PARKED,0.0,0.0,0.0,4,0.0,3.801,0.0,0.0,0.0,0.0,0.0,0.0,0.0
91.146,apt_walk,PARKED,0.0,0.0,0.0,4,0.0,3.841,0.0,0.0,0.0,0.0,0.0,0.0,0.0
91.201,apt_walk,PARKED,0.0,0.0,0.0,4,0.0,3.841,0.0,0.0,0.0,0.0,0.0,0.0,0.0
91.302,apt_walk,PARKED,0.0,0.0,0.0,4,0.0,3.841,0.0,0.0,0.0,0.0,0.0,0.0,0.0
91.419,apt_walk,PARKED,0.0,0.0,0.0,4,0.0,3.819,0.0,0.0,0.0,0.0,0.0,0.0,0.0
91.501,apt_walk,PARKED,0.0,0.0,0.0,4,0.0,3.819,0.0,0.0,0.0,0.0,0.0,0.0,0.0
91.601,apt_walk,PARKED,0.0,0.0,0.0,4,0.0,3.795,0.0,0.0,0.0,0.0,0.0,0.0,0.0
91.701,apt_walk,PARKED,0.0,0.0,0.0,4,0.0,3.821,0.0,0.0,0.0,0.0,0.0,0.0,0.0
91.824,apt_walk,PARKED,0.0,0.0,0.0,4,0.0,3.752,0.0,0.0,0.0,0.0,0.0,0.0,0.0
91.902,apt_walk,PARKED,0.0,0.0,0.0,4,0.0,3.807,0.0,0.0,0.0,0.0,0.0,0.0,0.0
92.002,apt_walk,PARKED,0.0,0.0,0.0,4,0.0,3.774,0.0,0.0,0.0,0.0,0.0,0.0,0.0
92.101,apt_walk,PARKED,0.0,0.0,0.0,4,0.0,3.774,0.0,0.0,0.0,0.0,0.0,0.0,0.0
92.202,apt_walk,PARKED,0.0,0.0,0.0,4,0.0,3.774,0.0,0.0,0.0,0.0,0.0,0.0,0.0
92.301,apt_walk,PARKED,0.0,0.0,0.0,4,0.0,3.774,0.0,0.0,0.0,0.0,0.0,0.0,0.0
92.401,apt_walk,PARKED,0.0,0.0,0.0,4,0.0,3.841,0.0,0.0,0.0,0.0,0.0,0.0,0.0
92.502,apt_walk,PARKED,0.0,0.0,0.0,4,0.0,3.841,0.0,0.0,0.0,0.0,0.0,0.0,0.0
92.614,apt_walk,PARKED,0.0,0.0,0.0,4,0.0,3.822,0.0,0.0,0.0,0.0,0.0,0.0,0.0
92.701,apt_walk,PARKED,0.0,0.0,0.0,4,0.0,3.822,0.0,0.0,0.0,0.0,0.0,0.0,0.0
92.84,apt_walk,PARKED,0.0,0.0,0.0,4,0.0,3.783,0.0,0.0,0.0,0.0,0.0,0.0,0.0
92.914,apt_walk,PARKED,0.0,0.0,0.0,4,0.0,3.783,0.0,0.0,0.0,0.0,0.0,0.0,0.0
93.002,apt_walk,PARKED,0.0,0.0,0.0,4,0.0,3.783,0.0,0.0,0.0,0.0,0.0,0.0,0.0
93.101,apt_walk,PARKED,0.0,0.0,0.0,4,0.0,3.835,0.0,0.0,0.0,0.0,0.0,0.0,0.0
93.202,apt_walk,PARKED,0.0,0.0,0.0,4,0.0,3.835,0.0,0.0,0.0,0.0,0.0,0.0,0.0
93.302,apt_walk,PARKED,0.0,0.0,0.0,4,0.0,3.835,0.0,0.0,0.0,0.0,0.0,0.0,0.0
93.439,apt_walk,PARKED,0.0,0.0,0.0,4,0.0,3.806,0.0,0.0,0.0,0.0,0.0,0.0,0.0
93.501,apt_walk,PARKED,0.0,0.0,0.0,4,0.0,3.806,0.0,0.0,0.0,0.0,0.0,0.0,0.0
93.601,apt_walk,PARKED,0.0,0.0,0.0,4,0.0,3.806,0.0,0.0,0.0,0.0,0.0,0.0,0.0
93.701,apt_walk,PARKED,0.0,0.0,0.0,4,0.0,3.806,0.0,0.0,0.0,0.0,0.0,0.0,0.0
93.801,apt_walk,PARKED,0.0,0.0,0.0,4,0.0,3.757,0.0,0.0,0.0,0.0,0.0,0.0,0.0
93.901,apt_walk,PARKED,0.0,0.0,0.0,4,0.0,3.757,0.0,0.0,0.0,0.0,0.0,0.0,0.0
94.004,apt_walk,PARKED,0.0,0.0,0.0,4,0.0,3.844,0.0,0.0,0.0,0.0,0.0,0.0,0.0
94.135,apt_walk,PARKED,0.0,0.0,0.0,4,0.0,3.844,0.0,0.0,0.0,0.0,0.0,0.0,0.0
94.201,apt_walk,PARKED,0.0,0.0,0.0,4,0.0,3.844,0.0,0.0,0.0,0.0,0.0,0.0,0.0
94.301,apt_walk,PARKED,0.0,0.0,0.0,4,0.0,3.844,0.0,0.0,0.0,0.0,0.0,0.0,0.0
94.414,apt_walk,PARKED,0.0,0.0,0.0,4,0.0,3.725,0.0,0.0,0.0,0.0,0.0,0.0,0.0
94.501,apt_walk,PARKED,0.0,0.0,0.0,4,0.0,3.725,0.0,0.0,0.0,0.0,0.0,0.0,0.0
94.602,apt_walk,PARKED,0.0,0.0,0.0,4,0.0,3.807,0.0,0.0,0.0,0.0,0.0,0.0,0.0
94.701,apt_walk,PARKED,0.0,0.0,0.0,4,0.0,3.819,0.0,0.0,0.0,0.0,0.0,0.0,0.0
94.801,apt_walk,PARKED,0.0,0.0,0.0,4,0.0,3.819,0.0,0.0,0.0,0.0,0.0,0.0,0.0
94.902,apt_walk,PARKED,0.0,0.0,0.0,4,0.0,3.791,0.0,0.0,0.0,0.0,0.0,0.0,0.0
95.001,apt_walk,PARKED,0.0,0.0,0.0,4,0.0,3.791,0.0,0.0,0.0,0.0,0.0,0.0,0.0
95.101,apt_walk,PARKED,0.0,0.0,0.0,4,0.0,3.859,0.0,0.0,0.0,0.0,0.0,0.0,0.0
95.201,apt_walk,PARKED,0.0,0.0,0.0,4,0.0,3.802,0.0,0.0,0.0,0.0,0.0,0.0,0.0
95.301,apt_walk,PARKED,0.0,0.0,0.0,4,0.0,3.802,0.0,0.0,0.0,0.0,0.0,0.0,0.0
95.401,apt_walk,PARKED,0.0,0.0,0.0,4,0.0,3.771,0.0,0.0,0.0,0.0,0.0,0.0,0.0
95.501,apt_walk,PARKED,0.0,0.0,0.0,4,0.0,3.771,0.0,0.0,0.0,0.0,0.0,0.0,0.0
95.601,apt_walk,PARKED,0.0,0.0,0.0,4,0.0,3.783,0.0,0.0,0.0,0.0,0.0,0.0,0.0
95.702,apt_walk,PARKED,0.0,0.0,0.0,4,0.0,3.817,0.0,0.0,0.0,0.0,0.0,0.0,0.0
95.829,apt_walk,PARKED,0.0,0.0,0.0,4,0.0,3.824,0.0,0.0,0.0,0.0,0.0,0.0,0.0
95.902,apt_walk,PARKED,0.0,0.0,0.0,4,0.0,3.824,0.0,0.0,0.0,0.0,0.0,0.0,0.0
96.044,apt_walk,PARKED,0.0,0.0,0.0,4,0.0,3.824,0.0,0.0,0.0,0.0,0.0,0.0,0.0
96.148,apt_walk,PARKED,0.0,0.0,0.0,4,0.0,3.824,0.0,0.0,0.0,0.0,0.0,0.0,0.0
96.21,apt_walk,PARKED,0.0,0.0,0.0,4,0.0,3.688,0.0,0.0,0.0,0.0,0.0,0.0,0.0
96.32,apt_walk,PARKED,0.0,0.0,0.0,4,0.0,3.707,0.0,0.0,0.0,0.0,0.0,0.0,0.0
96.401,apt_walk,PARKED,0.0,0.0,0.0,4,0.0,3.707,0.0,0.0,0.0,0.0,0.0,0.0,0.0
96.501,apt_walk,PARKED,0.0,0.0,0.0,4,0.0,3.707,0.0,0.0,0.0,0.0,0.0,0.0,0.0
96.617,apt_walk,PARKED,0.0,0.0,0.0,4,0.0,3.762,0.0,0.0,0.0,0.0,0.0,0.0,0.0
96.744,apt_walk,PARKED,0.0,0.0,0.0,4,0.0,3.828,0.0,0.0,0.0,0.0,0.0,0.0,0.0
96.828,apt_walk,PARKED,0.0,0.0,0.0,4,0.0,3.828,0.0,0.0,0.0,0.0,0.0,0.0,0.0
96.902,apt_walk,PARKED,0.0,0.0,0.0,4,0.0,3.828,0.0,0.0,0.0,0.0,0.0,0.0,0.0
97.048,apt_walk,PARKED,0.0,0.0,0.0,4,0.0,3.828,0.0,0.0,0.0,0.0,0.0,0.0,0.0
97.129,apt_walk,PARKED,0.0,0.0,0.0,4,0.0,3.825,0.0,0.0,0.0,0.0,0.0,0.0,0.0
97.202,apt_walk,PARKED,0.0,0.0,0.0,4,0.0,3.825,0.0,0.0,0.0,0.0,0.0,0.0,0.0
97.3,apt_walk,PARKED,0.0,0.0,0.0,4,0.0,3.825,0.0,0.0,0.0,0.0,0.0,0.0,0.0
97.401,apt_walk,PARKED,0.0,0.0,0.0,4,0.0,3.825,0.0,0.0,0.0,0.0,0.0,0.0,0.0
97.536,apt_walk,PARKED,0.0,0.0,0.0,4,0.0,3.815,0.0,0.0,0.0,0.0,0.0,0.0,0.0
97.601,apt_walk,PARKED,0.0,0.0,0.0,4,0.0,3.797,0.0,0.0,0.0,0.0,0.0,0.0,0.0
97.701,apt_walk,PARKED,0.0,0.0,0.0,4,0.0,3.776,0.0,0.0,0.0,0.0,0.0,0.0,0.0
97.828,apt_walk,PARKED,0.0,0.0,0.0,4,0.0,3.776,0.0,0.0,0.0,0.0,0.0,0.0,0.0
97.93,apt_walk,PARKED,0.0,0.0,0.0,4,0.0,3.768,0.0,0.0,0.0,0.0,0.0,0.0,0.0
98.001,apt_walk,PARKED,0.0,0.0,0.0,4,0.0,3.775,0.0,0.0,0.0,0.0,0.0,0.0,0.0
98.122,apt_walk,PARKED,0.0,0.0,0.0,4,0.0,3.793,0.0,0.0,0.0,0.0,0.0,0.0,0.0
98.201,apt_walk,PARKED,0.0,0.0,0.0,4,0.0,3.793,0.0,0.0,0.0,0.0,0.0,0.0,0.0
98.301,apt_walk,PARKED,0.0,0.0,0.0,4,0.0,3.821,0.0,0.0,0.0,0.0,0.0,0.0,0.0
98.443,apt_walk,PARKED,0.0,0.0,0.0,4,0.0,3.814,0.0,0.0,0.0,0.0,0.0,0.0,0.0
98.501,apt_walk,PARKED,0.0,0.0,0.0,4,0.0,3.805,0.0,0.0,0.0,0.0,0.0,0.0,0.0
98.602,apt_walk,PARKED,0.0,0.0,0.0,4,0.0,3.805,0.0,0.0,0.0,0.0,0.0,0.0,0.0
98.701,apt_walk,PARKED,0.0,0.0,0.0,4,0.0,3.805,0.0,0.0,0.0,0.0,0.0,0.0,0.0
98.801,apt_walk,PARKED,0.0,0.0,0.0,4,0.0,3.795,0.0,0.0,0.0,0.0,0.0,0.0,0.0
98.901,apt_walk,PARKED,0.0,0.0,0.0,4,0.0,3.78,0.0,0.0,0.0,0.0,0.0,0.0,0.0
99.001,apt_walk,PARKED,0.0,0.0,0.0,4,0.0,3.74,0.0,0.0,0.0,0.0,0.0,0.0,0.0
99.118,apt_walk,PARKED,0.0,0.0,0.0,4,0.0,3.74,0.0,0.0,0.0,0.0,0.0,0.0,0.0
99.201,apt_walk,PARKED,0.0,0.0,0.0,4,0.0,3.74,0.0,0.0,0.0,0.0,0.0,0.0,0.0
99.305,apt_walk,PARKED,0.0,0.0,0.0,4,0.0,3.76,0.0,0.0,0.0,0.0,0.0,0.0,0.0
99.45,apt_walk,PARKED,0.0,0.0,0.0,4,0.0,3.717,0.0,0.0,0.0,0.0,0.0,0.0,0.0
99.501,apt_walk,PARKED,0.0,0.0,0.0,4,0.0,3.717,0.0,0.0,0.0,0.0,0.0,0.0,0.0
99.601,apt_walk,PARKED,0.0,0.0,0.0,4,0.0,3.717,0.0,0.0,0.0,0.0,0.0,0.0,0.0
99.719,apt_walk,PARKED,0.0,0.0,0.0,4,0.0,3.78,0.0,0.0,0.0,0.0,0.0,0.0,0.0
99.823,apt_walk,PARKED,0.0,0.0,0.0,4,0.0,3.703,0.0,0.0,0.0,0.0,0.0,0.0,0.0
99.949,apt_walk,PARKED,0.0,0.0,0.0,4,0.0,3.751,0.0,0.0,0.0,0.0,0.0,0.0,0.0
100.002,apt_walk,PARKED,0.0,0.0,0.0,4,0.0,3.751,0.0,0.0,0.0,0.0,0.0,0.0,0.0
100.101,apt_walk,PARKED,0.0,0.0,0.0,4,0.0,3.751,0.0,0.0,0.0,0.0,0.0,0.0,0.0
100.226,apt_walk,PARKED,0.0,0.0,0.0,4,0.0,3.757,0.0,0.0,0.0,0.0,0.0,0.0,0.0
100.301,apt_walk,PARKED,0.0,0.0,0.0,4,0.0,3.757,0.0,0.0,0.0,0.0,0.0,0.0,0.0
100.401,apt_walk,PARKED,0.0,0.0,0.0,4,0.0,3.787,0.0,0.0,0.0,0.0,0.0,0.0,0.0
100.507,apt_walk,PARKED,0.0,0.0,0.0,4,0.0,3.823,0.0,0.0,0.0,0.0,0.0,0.0,0.0
100.602,apt_walk,PARKED,0.0,0.0,0.0,4,0.0,3.823,0.0,0.0,0.0,0.0,0.0,0.0,0.0
100.75,apt_walk,PARKED,0.0,0.0,0.0,4,0.0,3.823,0.0,0.0,0.0,0.0,0.0,0.0,0.0
100.809,apt_walk,PARKED,0.0,0.0,0.0,4,0.0,3.823,0.0,0.0,0.0,0.0,0.0,0.0,0.0
100.928,apt_walk,PARKED,0.0,0.0,0.0,4,0.0,3.765,0.0,0.0,0.0,0.0,0.0,0.0,0.0
101.001,apt_walk,PARKED,0.0,0.0,0.0,4,0.0,3.765,0.0,0.0,0.0,0.0,0.0,0.0,0.0
101.144,apt_walk,PARKED,0.0,0.0,0.0,4,0.0,3.765,0.0,0.0,0.0,0.0,0.0,0.0,0.0
101.201,apt_walk,PARKED,0.0,0.0,0.0,4,0.0,3.765,0.0,0.0,0.0,0.0,0.0,0.0,0.0
101.301,apt_walk,PARKED,0.0,0.0,0.0,4,0.0,3.765,0.0,0.0,0.0,0.0,0.0,0.0,0.0
101.401,apt_walk,PARKED,0.0,0.0,0.0,4,0.0,3.765,0.0,0.0,0.0,0.0,0.0,0.0,0.0
101.502,apt_walk,PARKED,0.0,0.0,0.0,4,0.0,3.765,0.0,0.0,0.0,0.0,0.0,0.0,0.0
101.601,apt_walk,PARKED,0.0,0.0,0.0,4,0.0,3.765,0.0,0.0,0.0,0.0,0.0,0.0,0.0
101.701,apt_walk,PARKED,0.0,0.0,0.0,4,0.0,3.767,0.0,0.0,0.0,0.0,0.0,0.0,0.0
101.801,apt_walk,PARKED,0.0,0.0,0.0,4,0.0,3.767,0.0,0.0,0.0,0.0,0.0,0.0,0.0
101.917,apt_walk,PARKED,0.0,0.0,0.0,4,0.0,3.795,0.0,0.0,0.0,0.0,0.0,0.0,0.0
102.002,apt_walk,PARKED,0.0,0.0,0.0,4,0.0,3.817,0.0,0.0,0.0,0.0,0.0,0.0,0.0
102.101,apt_walk,PARKED,0.0,0.0,0.0,4,0.0,3.817,0.0,0.0,0.0,0.0,0.0,0.0,0.0
102.201,apt_walk,PARKED,0.0,0.0,0.0,4,0.0,3.817,0.0,0.0,0.0,0.0,0.0,0.0,0.0
102.301,apt_walk,PARKED,0.0,0.0,0.0,4,0.0,3.817,0.0,0.0,0.0,0.0,0.0,0.0,0.0
102.424,apt_walk,PARKED,0.0,0.0,0.0,4,0.0,3.787,0.0,0.0,0.0,0.0,0.0,0.0,0.0
102.501,apt_walk,PARKED,0.0,0.0,0.0,4,0.0,3.787,0.0,0.0,0.0,0.0,0.0,0.0,0.0
102.601,apt_walk,PARKED,0.0,0.0,0.0,4,0.0,3.787,0.0,0.0,0.0,0.0,0.0,0.0,0.0
102.734,apt_walk,PARKED,0.0,0.0,0.0,4,0.0,3.77,0.0,0.0,0.0,0.0,0.0,0.0,0.0
102.801,apt_walk,PARKED,0.0,0.0,0.0,4,0.0,3.77,0.0,0.0,0.0,0.0,0.0,0.0,0.0
102.901,apt_walk,PARKED,0.0,0.0,0.0,4,0.0,3.732,0.0,0.0,0.0,0.0,0.0,0.0,0.0
103.002,apt_walk,PARKED,0.0,0.0,0.0,4,0.0,3.732,0.0,0.0,0.0,0.0,0.0,0.0,0.0
103.101,apt_walk,PARKED,0.0,0.0,0.0,4,0.0,3.732,0.0,0.0,0.0,0.0,0.0,0.0,0.0
103.238,apt_walk,PARKED,0.0,0.0,0.0,4,0.0,3.786,0.0,0.0,0.0,0.0,0.0,0.0,0.0
103.301,apt_walk,PARKED,0.0,0.0,0.0,4,0.0,3.786,0.0,0.0,0.0,0.0,0.0,0.0,0.0
103.438,apt_walk,PARKED,0.0,0.0,0.0,4,0.0,3.84,0.0,0.0,0.0,0.0,0.0,0.0,0.0
103.508,apt_walk,PARKED,0.0,0.0,0.0,4,0.0,3.856,0.0,0.0,0.0,0.0,0.0,0.0,0.0
103.601,apt_walk,PARKED,0.0,0.0,0.0,4,0.0,3.856,0.0,0.0,0.0,0.0,0.0,0.0,0.0
103.701,apt_walk,PARKED,0.0,0.0,0.0,4,0.0,3.856,0.0,0.0,0.0,0.0,0.0,0.0,0.0
103.801,apt_walk,PARKED,0.0,0.0,0.0,4,0.0,3.856,0.0,0.0,0.0,0.0,0.0,0.0,0.0
103.913,apt_walk,PARKED,0.0,0.0,0.0,4,0.0,3.779,0.0,0.0,0.0,0.0,0.0,0.0,0.0
104.001,apt_walk,PARKED,0.0,0.0,0.0,4,0.0,3.78,0.0,0.0,0.0,0.0,0.0,0.0,0.0
104.101,apt_walk,PARKED,0.0,0.0,0.0,4,0.0,3.78,0.0,0.0,0.0,0.0,0.0,0.0,0.0
104.208,apt_walk,PARKED,0.0,0.0,0.0,4,0.0,3.798,0.0,0.0,0.0,0.0,0.0,0.0,0.0
104.301,apt_walk,PARKED,0.0,0.0,0.0,4,0.0,3.798,0.0,0.0,0.0,0.0,0.0,0.0,0.0
104.442,apt_walk,PARKED,0.0,0.0,0.0,4,0.0,3.721,0.0,0.0,0.0,0.0,0.0,0.0,0.0
104.501,apt_walk,PARKED,0.0,0.0,0.0,4,0.0,3.721,0.0,0.0,0.0,0.0,0.0,0.0,0.0
104.601,apt_walk,PARKED,0.0,0.0,0.0,4,0.0,3.675,0.0,0.0,0.0,0.0,0.0,0.0,0.0
104.729,apt_walk,PARKED,0.0,0.0,0.0,3,0.0,3.782,0.0,0.0,0.0,0.0,0.0,0.0,0.0
104.802,apt_walk,PARKED,0.0,0.0,0.0,3,0.0,3.782,0.0,0.0,0.0,0.0,0.0,0.0,0.0
104.901,apt_walk,PARKED,0.0,0.0,0.0,3,0.0,3.782,0.0,0.0,0.0,0.0,0.0,0.0,0.0
105.001,apt_walk,PARKED,0.0,0.0,0.0,3,0.0,3.765,0.0,0.0,0.0,0.0,0.0,0.0,0.0
105.14,apt_walk,PARKED,0.0,0.0,0.0,3,0.0,3.757,0.0,0.0,0.0,0.0,0.0,0.0,0.0
105.227,apt_walk,PARKED,0.0,0.0,0.0,3,0.0,3.767,0.0,0.0,0.0,0.0,0.0,0.0,0.0
105.304,apt_walk,PARKED,0.0,0.0,0.0,3,0.0,3.715,0.0,0.0,0.0,0.0,0.0,0.0,0.0
105.45,apt_walk,PARKED,0.0,0.0,0.0,3,0.0,3.725,0.0,0.0,0.0,0.0,0.0,0.0,0.0
105.501,apt_walk,PARKED,0.0,0.0,0.0,3,0.0,3.725,0.0,0.0,0.0,0.0,0.0,0.0,0.0
105.644,apt_walk,PARKED,0.0,0.0,0.0,3,0.0,3.705,0.0,0.0,0.0,0.0,0.0,0.0,0.0
105.701,apt_walk,PARKED,0.0,0.0,0.0,3,0.0,3.705,0.0,0.0,0.0,0.0,0.0,0.0,0.0
105.801,apt_walk,PARKED,0.0,0.0,0.0,3,0.0,3.737,0.0,0.0,0.0,0.0,0.0,0.0,0.0
105.901,apt_walk,PARKED,0.0,0.0,0.0,3,0.0,3.737,0.0,0.0,0.0,0.0,0.0,0.0,0.0
106.001,apt_walk,PARKED,0.0,0.0,0.0,3,0.0,3.737,0.0,0.0,0.0,0.0,0.0,0.0,0.0
106.101,apt_walk,PARKED,0.0,0.0,0.0,3,0.0,3.737,0.0,0.0,0.0,0.0,0.0,0.0,0.0
106.201,apt_walk,PARKED,0.0,0.0,0.0,3,0.0,3.737,0.0,0.0,0.0,0.0,0.0,0.0,0.0
106.334,apt_walk,PARKED,0.0,0.0,0.0,3,0.0,3.783,0.0,0.0,0.0,0.0,0.0,0.0,0.0
106.415,apt_walk,PARKED,0.0,0.0,0.0,3,0.0,3.783,0.0,0.0,0.0,0.0,0.0,0.0,0.0
106.501,apt_walk,PARKED,0.0,0.0,0.0,3,0.0,3.783,0.0,0.0,0.0,0.0,0.0,0.0,0.0
106.622,apt_walk,PARKED,0.0,0.0,0.0,3,0.0,3.792,0.0,0.0,0.0,0.0,0.0,0.0,0.0
106.702,apt_walk,PARKED,0.0,0.0,0.0,3,0.0,3.771,0.0,0.0,0.0,0.0,0.0,0.0,0.0
106.802,apt_walk,PARKED,0.0,0.0,0.0,3,0.0,3.771,0.0,0.0,0.0,0.0,0.0,0.0,0.0
106.901,apt_walk,PARKED,0.0,0.0,0.0,3,0.0,3.771,0.0,0.0,0.0,0.0,0.0,0.0,0.0
107.001,apt_walk,PARKED,0.0,0.0,0.0,3,0.0,3.771,0.0,0.0,0.0,0.0,0.0,0.0,0.0
107.103,apt_walk,PARKED,0.0,0.0,0.0,3,0.0,3.666,0.0,0.0,0.0,0.0,0.0,0.0,0.0
107.202,apt_walk,PARKED,0.0,0.0,0.0,3,0.0,3.69,0.0,0.0,0.0,0.0,0.0,0.0,0.0
107.301,apt_walk,PARKED,0.0,0.0,0.0,3,0.0,3.7,0.0,0.0,0.0,0.0,0.0,0.0,0.0
107.402,apt_walk,PARKED,0.0,0.0,0.0,3,0.0,3.7,0.0,0.0,0.0,0.0,0.0,0.0,0.0
107.501,apt_walk,PARKED,0.0,0.0,0.0,2,0.0,3.669,0.0,0.0,0.0,0.0,0.0,0.0,0.0
107.618,apt_walk,PARKED,0.0,0.0,0.0,2,0.0,3.68,0.0,0.0,0.0,0.0,0.0,0.0,0.0
107.701,apt_walk,PARKED,0.0,0.0,0.0,2,0.0,3.7,0.0,0.0,0.0,0.0,0.0,0.0,0.0
107.826,apt_walk,PARKED,0.0,0.0,0.0,2,0.0,3.727,0.0,0.0,0.0,0.0,0.0,0.0,0.0
107.901,apt_walk,PARKED,0.0,0.0,0.0,2,0.0,3.727,0.0,0.0,0.0,0.0,0.0,0.0,0.0
108.002,apt_walk,PARKED,0.0,0.0,0.0,2,0.0,3.727,0.0,0.0,0.0,0.0,0.0,0.0,0.0
108.101,apt_walk,PARKED,0.0,0.0,0.0,2,0.0,3.736,0.0,0.0,0.0,0.0,0.0,0.0,0.0
108.201,apt_walk,PARKED,0.0,0.0,0.0,2,0.0,3.69,0.0,0.0,0.0,0.0,0.0,0.0,0.0
108.306,apt_walk,PARKED,0.0,0.0,0.0,2,0.0,3.69,0.0,0.0,0.0,0.0,0.0,0.0,0.0
108.401,apt_walk,PARKED,0.0,0.0,0.0,2,0.0,3.69,0.0,0.0,0.0,0.0,0.0,0.0,0.0
108.501,apt_walk,PARKED,0.0,0.0,0.0,2,0.0,3.794,0.0,0.0,0.0,0.0,0.0,0.0,0.0
108.625,apt_walk,PARKED,0.0,0.0,0.0,2,0.0,3.766,0.0,0.0,0.0,0.0,0.0,0.0,0.0
108.729,apt_walk,PARKED,0.0,0.0,0.0,2,0.0,3.794,0.0,0.0,0.0,0.0,0.0,0.0,0.0
108.801,apt_walk,PARKED,0.0,0.0,0.0,2,0.0,3.712,0.0,0.0,0.0,0.0,0.0,0.0,0.0
108.925,apt_walk,PARKED,0.0,0.0,0.0,2,0.0,3.681,0.0,0.0,0.0,0.0,0.0,0.0,0.0
109.001,apt_walk,PARKED,0.0,0.0,0.0,2,0.0,3.681,0.0,0.0,0.0,0.0,0.0,0.0,0.0
109.101,apt_walk,PARKED,0.0,0.0,0.0,2,0.0,3.681,0.0,0.0,0.0,0.0,0.0,0.0,0.0
109.201,apt_walk,PARKED,0.0,0.0,0.0,2,0.0,3.681,0.0,0.0,0.0,0.0,0.0,0.0,0.0
109.344,apt_walk,PARKED,0.0,0.0,0.0,2,0.0,3.645,0.0,0.0,0.0,0.0,0.0,0.0,0.0
109.401,apt_walk,PARKED,0.0,0.0,0.0,2,0.0,3.645,0.0,0.0,0.0,0.0,0.0,0.0,0.0
109.513,apt_walk,PARKED,0.0,0.0,0.0,2,0.0,3.72,0.0,0.0,0.0,0.0,0.0,0.0,0.0
109.602,apt_walk,PARKED,0.0,0.0,0.0,2,0.0,3.72,0.0,0.0,0.0,0.0,0.0,0.0,0.0
109.712,apt_walk,PARKED,0.0,0.0,0.0,2,0.0,3.695,0.0,0.0,0.0,0.0,0.0,0.0,0.0
109.8,apt_walk,PARKED,0.0,0.0,0.0,2,0.0,3.726,0.0,0.0,0.0,0.0,0.0,0.0,0.0
109.901,apt_walk,PARKED,0.0,0.0,0.0,2,0.0,3.726,0.0,0.0,0.0,0.0,0.0,0.0,0.0
110.001,apt_walk,PARKED,0.0,0.0,0.0,2,0.0,3.726,0.0,0.0,0.0,0.0,0.0,0.0,0.0
110.101,apt_walk,PARKED,0.0,0.0,0.0,2,0.0,3.689,0.0,0.0,0.0,0.0,0.0,0.0,0.0
110.201,apt_walk,PARKED,0.0,0.0,0.0,2,0.0,3.689,0.0,0.0,0.0,0.0,0.0,0.0,0.0
110.301,apt_walk,PARKED,0.0,0.0,0.0,2,0.0,3.689,0.0,0.0,0.0,0.0,0.0,0.0,0.0
110.401,apt_walk,PARKED,0.0,0.0,0.0,2,0.0,3.689,0.0,0.0,0.0,0.0,0.0,0.0,0.0
110.501,apt_walk,PARKED,0.0,0.0,0.0,2,0.0,3.689,0.0,0.0,0.0,0.0,0.0,0.0,0.0
110.623,apt_walk,PARKED,0.0,0.0,0.0,3,0.0,3.719,0.0,0.0,0.0,0.0,0.0,0.0,0.0
110.701,apt_walk,PARKED,0.0,0.0,0.0,3,0.0,3.747,0.0,0.0,0.0,0.0,0.0,0.0,0.0
110.801,apt_walk,PARKED,0.0,0.0,0.0,3,0.0,3.747,0.0,0.0,0.0,0.0,0.0,0.0,0.0
110.901,apt_walk,PARKED,0.0,0.0,0.0,3,0.0,3.747,0.0,0.0,0.0,0.0,0.0,0.0,0.0
111.03,apt_walk,PARKED,0.0,0.0,0.0,3,0.0,3.816,0.0,0.0,0.0,0.0,0.0,0.0,0.0
111.102,apt_walk,PARKED,0.0,0.0,0.0,3,0.0,3.809,0.0,0.0,0.0,0.0,0.0,0.0,0.0
111.201,apt_walk,PARKED,0.0,0.0,0.0,3,0.0,3.809,0.0,0.0,0.0,0.0,0.0,0.0,0.0
111.301,apt_walk,PARKED,0.0,0.0,0.0,3,0.0,3.809,0.0,0.0,0.0,0.0,0.0,0.0,0.0
111.401,apt_walk,PARKED,0.0,0.0,0.0,3,0.0,3.809,0.0,0.0,0.0,0.0,0.0,0.0,0.0
111.501,apt_walk,PARKED,0.0,0.0,0.0,3,0.0,3.809,0.0,0.0,0.0,0.0,0.0,0.0,0.0
111.601,apt_walk,PARKED,0.0,0.0,0.0,3,0.0,3.786,0.0,0.0,0.0,0.0,0.0,0.0,0.0
111.702,apt_walk,PARKED,0.0,0.0,0.0,3,0.0,3.805,0.0,0.0,0.0,0.0,0.0,0.0,0.0
111.801,apt_walk,PARKED,0.0,0.0,0.0,3,0.0,3.805,0.0,0.0,0.0,0.0,0.0,0.0,0.0
111.905,apt_walk,PARKED,0.0,0.0,0.0,3,0.0,3.789,0.0,0.0,0.0,0.0,0.0,0.0,0.0
112.001,apt_walk,PARKED,0.0,0.0,0.0,3,0.0,3.789,0.0,0.0,0.0,0.0,0.0,0.0,0.0
112.102,apt_walk,PARKED,0.0,0.0,0.0,3,0.0,3.772,0.0,0.0,0.0,0.0,0.0,0.0,0.0
112.23,apt_walk,PARKED,0.0,0.0,0.0,3,0.0,3.773,0.0,0.0,0.0,0.0,0.0,0.0,0.0
112.301,apt_walk,PARKED,0.0,0.0,0.0,3,0.0,3.773,0.0,0.0,0.0,0.0,0.0,0.0,0.0
112.401,apt_walk,PARKED,0.0,0.0,0.0,3,0.0,3.773,0.0,0.0,0.0,0.0,0.0,0.0,0.0
112.502,apt_walk,PARKED,0.0,0.0,0.0,3,0.0,3.8,0.0,0.0,0.0,0.0,0.0,0.0,0.0
112.601,apt_walk,PARKED,0.0,0.0,0.0,3,0.0,3.8,0.0,0.0,0.0,0.0,0.0,0.0,0.0
112.702,apt_walk,PARKED,0.0,0.0,0.0,3,0.0,3.8,0.0,0.0,0.0,0.0,0.0,0.0,0.0
112.816,apt_walk,PARKED,0.0,0.0,0.0,3,0.0,3.81,0.0,0.0,0.0,0.0,0.0,0.0,0.0
112.901,apt_walk,PARKED,0.0,0.0,0.0,3,0.0,3.746,0.0,0.0,0.0,0.0,0.0,0.0,0.0
113.017,apt_walk,PARKED,0.0,0.0,0.0,3,0.0,3.794,0.0,0.0,0.0,0.0,0.0,0.0,0.0
113.101,apt_walk,PARKED,0.0,0.0,0.0,3,0.0,3.794,0.0,0.0,0.0,0.0,0.0,0.0,0.0
113.202,apt_walk,PARKED,0.0,0.0,0.0,3,0.0,3.794,0.0,0.0,0.0,0.0,0.0,0.0,0.0
113.301,apt_walk,PARKED,0.0,0.0,0.0,3,0.0,3.794,0.0,0.0,0.0,0.0,0.0,0.0,0.0
113.408,apt_walk,PARKED,0.0,0.0,0.0,3,0.0,3.822,0.0,0.0,0.0,0.0,0.0,0.0,0.0
113.501,apt_walk,PARKED,0.0,0.0,0.0,3,0.0,3.822,0.0,0.0,0.0,0.0,0.0,0.0,0.0
113.601,apt_walk,PARKED,0.0,0.0,0.0,3,0.0,3.838,0.0,0.0,0.0,0.0,0.0,0.0,0.0
113.722,apt_walk,PARKED,0.0,0.0,0.0,3,0.0,3.838,0.0,0.0,0.0,0.0,0.0,0.0,0.0
113.847,apt_walk,PARKED,0.0,0.0,0.0,3,0.0,3.82,0.0,0.0,0.0,0.0,0.0,0.0,0.0
113.907,apt_walk,PARKED,0.0,0.0,0.0,3,0.0,3.775,0.0,0.0,0.0,0.0,0.0,0.0,0.0
114.003,apt_walk,PARKED,0.0,0.0,0.0,3,0.0,3.775,0.0,0.0,0.0,0.0,0.0,0.0,0.0
114.101,apt_walk,PARKED,0.0,0.0,0.0,3,0.0,3.775,0.0,0.0,0.0,0.0,0.0,0.0,0.0
114.22,apt_walk,PARKED,0.0,0.0,0.0,3,0.0,3.706,0.0,0.0,0.0,0.0,0.0,0.0,0.0
114.328,apt_walk,PARKED,0.0,0.0,0.0,3,0.0,3.706,0.0,0.0,0.0,0.0,0.0,0.0,0.0
114.402,apt_walk,PARKED,0.0,0.0,0.0,3,0.0,3.706,0.0,0.0,0.0,0.0,0.0,0.0,0.0
114.501,apt_walk,PARKED,0.0,0.0,0.0,3,0.0,3.766,0.0,0.0,0.0,0.0,0.0,0.0,0.0
114.645,apt_walk,PARKED,0.0,0.0,0.0,3,0.0,3.824,0.0,0.0,0.0,0.0,0.0,0.0,0.0
114.701,apt_walk,PARKED,0.0,0.0,0.0,3,0.0,3.824,0.0,0.0,0.0,0.0,0.0,0.0,0.0
114.802,apt_walk,PARKED,0.0,0.0,0.0,3,0.0,3.806,0.0,0.0,0.0,0.0,0.0,0.0,0.0
114.922,apt_walk,PARKED,0.0,0.0,0.0,3,0.0,3.738,0.0,0.0,0.0,0.0,0.0,0.0,0.0
115.001,apt_walk,PARKED,0.0,0.0,0.0,3,0.0,3.738,0.0,0.0,0.0,0.0,0.0,0.0,0.0
115.102,apt_walk,PARKED,0.0,0.0,0.0,3,0.0,3.74,0.0,0.0,0.0,0.0,0.0,0.0,0.0
115.201,apt_walk,PARKED,0.0,0.0,0.0,3,0.0,3.74,0.0,0.0,0.0,0.0,0.0,0.0,0.0
115.301,apt_walk,PARKED,0.0,0.0,0.0,3,0.0,3.733,0.0,0.0,0.0,0.0,0.0,0.0,0.0
115.401,apt_walk,PARKED,0.0,0.0,0.0,3,0.0,3.816,0.0,0.0,0.0,0.0,0.0,0.0,0.0
115.501,apt_walk,PARKED,0.0,0.0,0.0,3,0.0,3.816,0.0,0.0,0.0,0.0,0.0,0.0,0.0
115.601,apt_walk,PARKED,0.0,0.0,0.0,3,0.0,3.816,0.0,0.0,0.0,0.0,0.0,0.0,0.0
115.718,apt_walk,PARKED,0.0,0.0,0.0,3,0.0,3.795,0.0,0.0,0.0,0.0,0.0,0.0,0.0
115.801,apt_walk,PARKED,0.0,0.0,0.0,3,0.0,3.795,0.0,0.0,0.0,0.0,0.0,0.0,0.0
115.901,apt_walk,PARKED,0.0,0.0,0.0,3,0.0,3.795,0.0,0.0,0.0,0.0,0.0,0.0,0.0
116.044,apt_walk,PARKED,0.0,0.0,0.0,3,0.0,3.762,0.0,0.0,0.0,0.0,0.0,0.0,0.0
116.124,apt_walk,PARKED,0.0,0.0,0.0,3,0.0,3.819,0.0,0.0,0.0,0.0,0.0,0.0,0.0
116.201,apt_walk,PARKED,0.0,0.0,0.0,3,0.0,3.839,0.0,0.0,0.0,0.0,0.0,0.0,0.0
116.301,apt_walk,PARKED,0.0,0.0,0.0,3,0.0,3.839,0.0,0.0,0.0,0.0,0.0,0.0,0.0
116.401,apt_walk,PARKED,0.0,0.0,0.0,3,0.0,3.839,0.0,0.0,0.0,0.0,0.0,0.0,0.0
116.501,apt_walk,PARKED,0.0,0.0,0.0,3,0.0,3.839,0.0,0.0,0.0,0.0,0.0,0.0,0.0
116.635,apt_walk,PARKED,0.0,0.0,0.0,3,0.0,3.763,0.0,0.0,0.0,0.0,0.0,0.0,0.0
116.751,apt_walk,PARKED,0.0,0.0,0.0,3,0.0,3.748,0.0,0.0,0.0,0.0,0.0,0.0,0.0
116.801,apt_walk,PARKED,0.0,0.0,0.0,3,0.0,3.748,0.0,0.0,0.0,0.0,0.0,0.0,0.0
116.904,apt_walk,PARKED,0.0,0.0,0.0,3,0.0,3.775,0.0,0.0,0.0,0.0,0.0,0.0,0.0
117.024,apt_walk,PARKED,0.0,0.0,0.0,3,0.0,3.8,0.0,0.0,0.0,0.0,0.0,0.0,0.0
117.102,apt_walk,PARKED,0.0,0.0,0.0,3,0.0,3.8,0.0,0.0,0.0,0.0,0.0,0.0,0.0
117.229,apt_walk,PARKED,0.0,0.0,0.0,3,0.0,3.824,0.0,0.0,0.0,0.0,0.0,0.0,0.0
117.345,apt_walk,PARKED,0.0,0.0,0.0,2,0.0,3.749,0.0,0.0,0.0,0.0,0.0,0.0,0.0
117.41,apt_walk,PARKED,0.0,0.0,0.0,2,0.0,3.776,0.0,0.0,0.0,0.0,0.0,0.0,0.0
117.5,apt_walk,PARKED,0.0,0.0,0.0,2,0.0,3.776,0.0,0.0,0.0,0.0,0.0,0.0,0.0
117.601,apt_walk,PARKED,0.0,0.0,0.0,2,0.0,3.776,0.0,0.0,0.0,0.0,0.0,0.0,0.0
117.701,apt_walk,PARKED,0.0,0.0,0.0,2,0.0,3.776,0.0,0.0,0.0,0.0,0.0,0.0,0.0
117.801,apt_walk,PARKED,0.0,0.0,0.0,2,0.0,3.776,0.0,0.0,0.0,0.0,0.0,0.0,0.0
117.901,apt_walk,PARKED,0.0,0.0,0.0,3,0.0,3.794,0.0,0.0,0.0,0.0,0.0,0.0,0.0
118.002,apt_walk,PARKED,0.0,0.0,0.0,3,0.0,3.829,0.0,0.0,0.0,0.0,0.0,0.0,0.0
118.122,apt_walk,PARKED,0.0,0.0,0.0,3,0.0,3.831,0.0,0.0,0.0,0.0,0.0,0.0,0.0
118.201,apt_walk,PARKED,0.0,0.0,0.0,3,0.0,3.831,0.0,0.0,0.0,0.0,0.0,0.0,0.0
118.301,apt_walk,PARKED,0.0,0.0,0.0,3,0.0,3.844,0.0,0.0,0.0,0.0,0.0,0.0,0.0
118.401,apt_walk,PARKED,0.0,0.0,0.0,3,0.0,3.78,0.0,0.0,0.0,0.0,0.0,0.0,0.0
118.501,apt_walk,PARKED,0.0,0.0,0.0,3,0.0,3.78,0.0,0.0,0.0,0.0,0.0,0.0,0.0
118.601,apt_walk,PARKED,0.0,0.0,0.0,3,0.0,3.824,0.0,0.0,0.0,0.0,0.0,0.0,0.0
118.701,apt_walk,PARKED,0.0,0.0,0.0,3,0.0,3.824,0.0,0.0,0.0,0.0,0.0,0.0,0.0
118.801,apt_walk,PARKED,0.0,0.0,0.0,3,0.0,3.824,0.0,0.0,0.0,0.0,0.0,0.0,0.0
118.902,apt_walk,PARKED,0.0,0.0,0.0,3,0.0,3.829,0.0,0.0,0.0,0.0,0.0,0.0,0.0
119.001,apt_walk,PARKED,0.0,0.0,0.0,3,0.0,3.829,0.0,0.0,0.0,0.0,0.0,0.0,0.0
119.101,apt_walk,PARKED,0.0,0.0,0.0,3,0.0,3.829,0.0,0.0,0.0,0.0,0.0,0.0,0.0
119.201,apt_walk,PARKED,0.0,0.0,0.0,3,0.0,3.853,0.0,0.0,0.0,0.0,0.0,0.0,0.0
119.345,apt_walk,PARKED,0.0,0.0,0.0,3,0.0,3.793,0.0,0.0,0.0,0.0,0.0,0.0,0.0
119.401,apt_walk,PARKED,0.0,0.0,0.0,3,0.0,3.793,0.0,0.0,0.0,0.0,0.0,0.0,0.0
119.501,apt_walk,PARKED,0.0,0.0,0.0,3,0.0,3.793,0.0,0.0,0.0,0.0,0.0,0.0,0.0
119.601,apt_walk,PARKED,0.0,0.0,0.0,3,0.0,3.793,0.0,0.0,0.0,0.0,0.0,0.0,0.0
119.701,apt_walk,PARKED,0.0,0.0,0.0,3,0.0,3.793,0.0,0.0,0.0,0.0,0.0,0.0,0.0
119.801,apt_walk,PARKED,0.0,0.0,0.0,3,0.0,3.793,0.0,0.0,0.0,0.0,0.0,0.0,0.0
119.901,apt_walk,PARKED,0.0,0.0,0.0,3,0.0,3.793,0.0,0.0,0.0,0.0,0.0,0.0,0.0
120.045,apt_walk,PARKED,0.0,0.0,0.0,3,0.0,3.836,0.0,0.0,0.0,0.0,0.0,0.0,0.0
120.102,apt_walk,PARKED,0.0,0.0,0.0,3,0.0,3.836,0.0,0.0,0.0,0.0,0.0,0.0,0.0
120.246,apt_walk,PARKED,0.0,0.0,0.0,3,0.0,3.855,0.0,0.0,0.0,0.0,0.0,0.0,0.0
120.301,apt_walk,PARKED,0.0,0.0,0.0,3,0.0,3.855,0.0,0.0,0.0,0.0,0.0,0.0,0.0
120.413,apt_walk,PARKED,0.0,0.0,0.0,3,0.0,3.855,0.0,0.0,0.0,0.0,0.0,0.0,0.0
120.501,apt_walk,PARKED,0.0,0.0,0.0,3,0.0,3.855,0.0,0.0,0.0,0.0,0.0,0.0,0.0
120.609,apt_walk,PARKED,0.0,0.0,0.0,3,0.0,3.802,0.0,0.0,0.0,0.0,0.0,0.0,0.0
120.701,apt_walk,PARKED,0.0,0.0,0.0,3,0.0,3.802,0.0,0.0,0.0,0.0,0.0,0.0,0.0
120.801,apt_walk,PARKED,0.0,0.0,0.0,3,0.0,3.802,0.0,0.0,0.0,0.0,0.0,0.0,0.0
120.901,apt_walk,PARKED,0.0,0.0,0.0,3,0.0,3.802,0.0,0.0,0.0,0.0,0.0,0.0,0.0
121.001,apt_walk,PARKED,0.0,0.0,0.0,3,0.0,3.811,0.0,0.0,0.0,0.0,0.0,0.0,0.0
121.117,apt_walk,PARKED,0.0,0.0,0.0,3,0.0,3.762,0.0,0.0,0.0,0.0,0.0,0.0,0.0
121.201,apt_walk,PARKED,0.0,0.0,0.0,3,0.0,3.762,0.0,0.0,0.0,0.0,0.0,0.0,0.0
121.301,apt_walk,PARKED,0.0,0.0,0.0,3,0.0,3.809,0.0,0.0,0.0,0.0,0.0,0.0,0.0
121.401,apt_walk,PARKED,0.0,0.0,0.0,3,0.0,3.788,0.0,0.0,0.0,0.0,0.0,0.0,0.0
121.516,apt_walk,PARKED,0.0,0.0,0.0,3,0.0,3.825,0.0,0.0,0.0,0.0,0.0,0.0,0.0
121.602,apt_walk,PARKED,0.0,0.0,0.0,3,0.0,3.825,0.0,0.0,0.0,0.0,0.0,0.0,0.0
121.737,apt_walk,PARKED,0.0,0.0,0.0,3,0.0,3.831,0.0,0.0,0.0,0.0,0.0,0.0,0.0
121.801,apt_walk,PARKED,0.0,0.0,0.0,3,0.0,3.831,0.0,0.0,0.0,0.0,0.0,0.0,0.0
121.901,apt_walk,PARKED,0.0,0.0,0.0,3,0.0,3.831,0.0,0.0,0.0,0.0,0.0,0.0,0.0
122.029,apt_walk,PARKED,0.0,0.0,0.0,3,0.0,3.856,0.0,0.0,0.0,0.0,0.0,0.0,0.0
122.103,apt_walk,PARKED,0.0,0.0,0.0,3,0.0,3.857,0.0,0.0,0.0,0.0,0.0,0.0,0.0
122.201,apt_walk,PARKED,0.0,0.0,0.0,3,0.0,3.857,0.0,0.0,0.0,0.0,0.0,0.0,0.0
122.301,apt_walk,PARKED,0.0,0.0,0.0,3,0.0,3.857,0.0,0.0,0.0,0.0,0.0,0.0,0.0
122.402,apt_walk,PARKED,0.0,0.0,0.0,3,0.0,3.812,0.0,0.0,0.0,0.0,0.0,0.0,0.0
122.501,apt_walk,PARKED,0.0,0.0,0.0,3,0.0,3.812,0.0,0.0,0.0,0.0,0.0,0.0,0.0
122.627,apt_walk,PARKED,0.0,0.0,0.0,3,0.0,3.834,0.0,0.0,0.0,0.0,0.0,0.0,0.0
122.701,apt_walk,PARKED,0.0,0.0,0.0,3,0.0,3.834,0.0,0.0,0.0,0.0,0.0,0.0,0.0
122.82,apt_walk,PARKED,0.0,0.0,0.0,3,0.0,3.858,0.0,0.0,0.0,0.0,0.0,0.0,0.0
122.901,apt_walk,PARKED,0.0,0.0,0.0,3,0.0,3.858,0.0,0.0,0.0,0.0,0.0,0.0,0.0
123.001,apt_walk,PARKED,0.0,0.0,0.0,3,0.0,3.851,0.0,0.0,0.0,0.0,0.0,0.0,0.0
123.101,apt_walk,PARKED,0.0,0.0,0.0,3,0.0,3.851,0.0,0.0,0.0,0.0,0.0,0.0,0.0
123.2,apt_walk,PARKED,0.0,0.0,0.0,3,0.0,3.851,0.0,0.0,0.0,0.0,0.0,0.0,0.0
123.33,apt_walk,PARKED,0.0,0.0,0.0,3,0.0,3.835,0.0,0.0,0.0,0.0,0.0,0.0,0.0
123.409,apt_walk,PARKED,0.0,0.0,0.0,3,0.0,3.835,0.0,0.0,0.0,0.0,0.0,0.0,0.0
123.501,apt_walk,PARKED,0.0,0.0,0.0,3,0.0,3.835,0.0,0.0,0.0,0.0,0.0,0.0,0.0
123.601,apt_walk,PARKED,0.0,0.0,0.0,3,0.0,3.781,0.0,0.0,0.0,0.0,0.0,0.0,0.0
123.731,apt_walk,PARKED,0.0,0.0,0.0,3,0.0,3.831,0.0,0.0,0.0,0.0,0.0,0.0,0.0
123.81,apt_walk,PARKED,0.0,0.0,0.0,3,0.0,3.788,0.0,0.0,0.0,0.0,0.0,0.0,0.0
123.902,apt_walk,PARKED,0.0,0.0,0.0,3,0.0,3.788,0.0,0.0,0.0,0.0,0.0,0.0,0.0
124.001,apt_walk,PARKED,0.0,0.0,0.0,3,0.0,3.788,0.0,0.0,0.0,0.0,0.0,0.0,0.0
124.101,apt_walk,PARKED,0.0,0.0,0.0,3,0.0,3.788,0.0,0.0,0.0,0.0,0.0,0.0,0.0
124.201,apt_walk,PARKED,0.0,0.0,0.0,3,0.0,3.788,0.0,0.0,0.0,0.0,0.0,0.0,0.0
124.32,apt_walk,PARKED,0.0,0.0,0.0,3,0.0,3.784,0.0,0.0,0.0,0.0,0.0,0.0,0.0
124.402,apt_walk,PARKED,0.0,0.0,0.0,3,0.0,3.781,0.0,0.0,0.0,0.0,0.0,0.0,0.0
124.501,apt_walk,PARKED,0.0,0.0,0.0,3,0.0,3.781,0.0,0.0,0.0,0.0,0.0,0.0,0.0
124.601,apt_walk,PARKED,0.0,0.0,0.0,3,0.0,3.781,0.0,0.0,0.0,0.0,0.0,0.0,0.0
124.723,apt_walk,PARKED,0.0,0.0,0.0,3,0.0,3.826,0.0,0.0,0.0,0.0,0.0,0.0,0.0
124.801,apt_walk,PARKED,0.0,0.0,0.0,3,0.0,3.826,0.0,0.0,0.0,0.0,0.0,0.0,0.0
124.901,apt_walk,PARKED,0.0,0.0,0.0,3,0.0,3.789,0.0,0.0,0.0,0.0,0.0,0.0,0.0
125.001,apt_walk,PARKED,0.0,0.0,0.0,3,0.0,3.789,0.0,0.0,0.0,0.0,0.0,0.0,0.0
125.132,apt_walk,PARKED,0.0,0.0,0.0,3,0.0,3.829,0.0,0.0,0.0,0.0,0.0,0.0,0.0
125.21,apt_walk,PARKED,0.0,0.0,0.0,3,0.0,3.829,0.0,0.0,0.0,0.0,0.0,0.0,0.0
125.301,apt_walk,PARKED,0.0,0.0,0.0,3,0.0,3.843,0.0,0.0,0.0,0.0,0.0,0.0,0.0
125.401,apt_walk,PARKED,0.0,0.0,0.0,3,0.0,3.843,0.0,0.0,0.0,0.0,0.0,0.0,0.0
125.527,apt_walk,PARKED,0.0,0.0,0.0,3,0.0,3.83,0.0,0.0,0.0,0.0,0.0,0.0,0.0
125.601,apt_walk,PARKED,0.0,0.0,0.0,3,0.0,3.828,0.0,0.0,0.0,0.0,0.0,0.0,0.0
125.72,apt_walk,PARKED,0.0,0.0,0.0,3,0.0,3.828,0.0,0.0,0.0,0.0,0.0,0.0,0.0
125.838,apt_walk,PARKED,0.0,0.0,0.0,3,0.0,3.83,0.0,0.0,0.0,0.0,0.0,0.0,0.0
125.906,apt_walk,PARKED,0.0,0.0,0.0,3,0.0,3.811,0.0,0.0,0.0,0.0,0.0,0.0,0.0
126.048,apt_walk,PARKED,0.0,0.0,0.0,3,0.0,3.86,0.0,0.0,0.0,0.0,0.0,0.0,0.0
126.102,apt_walk,PARKED,0.0,0.0,0.0,3,0.0,3.86,0.0,0.0,0.0,0.0,0.0,0.0,0.0
126.226,apt_walk,PARKED,0.0,0.0,0.0,3,0.0,3.831,0.0,0.0,0.0,0.0,0.0,0.0,0.0
126.326,apt_walk,PARKED,0.0,0.0,0.0,3,0.0,3.839,0.0,0.0,0.0,0.0,0.0,0.0,0.0
126.401,apt_walk,PARKED,0.0,0.0,0.0,3,0.0,3.833,0.0,0.0,0.0,0.0,0.0,0.0,0.0
126.519,apt_walk,PARKED,0.0,0.0,0.0,3,0.0,3.827,0.0,0.0,0.0,0.0,0.0,0.0,0.0
126.601,apt_walk,PARKED,0.0,0.0,0.0,3,0.0,3.827,0.0,0.0,0.0,0.0,0.0,0.0,0.0
126.722,apt_walk,PARKED,0.0,0.0,0.0,3,0.0,3.788,0.0,0.0,0.0,0.0,0.0,0.0,0.0
126.801,apt_walk,PARKED,0.0,0.0,0.0,3,0.0,3.788,0.0,0.0,0.0,0.0,0.0,0.0,0.0
126.901,apt_walk,PARKED,0.0,0.0,0.0,3,0.0,3.788,0.0,0.0,0.0,0.0,0.0,0.0,0.0
127.001,apt_walk,PARKED,0.0,0.0,0.0,3,0.0,3.788,0.0,0.0,0.0,0.0,0.0,0.0,0.0
127.101,apt_walk,PARKED,0.0,0.0,0.0,3,0.0,3.788,0.0,0.0,0.0,0.0,0.0,0.0,0.0
127.215,apt_walk,PARKED,0.0,0.0,0.0,3,0.0,3.822,0.0,0.0,0.0,0.0,0.0,0.0,0.0
127.301,apt_walk,PARKED,0.0,0.0,0.0,3,0.0,3.822,0.0,0.0,0.0,0.0,0.0,0.0,0.0
127.401,apt_walk,PARKED,0.0,0.0,0.0,3,0.0,3.849,0.0,0.0,0.0,0.0,0.0,0.0,0.0
127.547,apt_walk,PARKED,0.0,0.0,0.0,3,0.0,3.821,0.0,0.0,0.0,0.0,0.0,0.0,0.0
127.601,apt_walk,PARKED,0.0,0.0,0.0,3,0.0,3.821,0.0,0.0,0.0,0.0,0.0,0.0,0.0
127.701,apt_walk,PARKED,0.0,0.0,0.0,3,0.0,3.828,0.0,0.0,0.0,0.0,0.0,0.0,0.0
127.842,apt_walk,PARKED,0.0,0.0,0.0,3,0.0,3.828,0.0,0.0,0.0,0.0,0.0,0.0,0.0
127.905,apt_walk,PARKED,0.0,0.0,0.0,3,0.0,3.805,0.0,0.0,0.0,0.0,0.0,0.0,0.0
128.018,apt_walk,PARKED,0.0,0.0,0.0,3,0.0,3.857,0.0,0.0,0.0,0.0,0.0,0.0,0.0
128.141,apt_walk,PARKED,0.0,0.0,0.0,3,0.0,3.857,0.0,0.0,0.0,0.0,0.0,0.0,0.0
128.202,apt_walk,PARKED,0.0,0.0,0.0,3,0.0,3.857,0.0,0.0,0.0,0.0,0.0,0.0,0.0
128.317,apt_walk,PARKED,0.0,0.0,0.0,3,0.0,3.829,0.0,0.0,0.0,0.0,0.0,0.0,0.0
128.401,apt_walk,PARKED,0.0,0.0,0.0,3,0.0,3.829,0.0,0.0,0.0,0.0,0.0,0.0,0.0
128.501,apt_walk,PARKED,0.0,0.0,0.0,3,0.0,3.831,0.0,0.0,0.0,0.0,0.0,0.0,0.0
128.601,apt_walk,PARKED,0.0,0.0,0.0,3,0.0,3.819,0.0,0.0,0.0,0.0,0.0,0.0,0.0
128.734,apt_walk,PARKED,0.0,0.0,0.0,4,0.0,3.829,0.0,0.0,0.0,0.0,0.0,0.0,0.0
128.81,apt_walk,PARKED,0.0,0.0,0.0,3,0.0,3.799,0.0,0.0,0.0,0.0,0.0,0.0,0.0
128.901,apt_walk,PARKED,0.0,0.0,0.0,4,0.0,3.809,0.0,0.0,0.0,0.0,0.0,0.0,0.0
129.001,apt_walk,PARKED,0.0,0.0,0.0,4,0.0,3.809,0.0,0.0,0.0,0.0,0.0,0.0,0.0
129.101,apt_walk,PARKED,0.0,0.0,0.0,4,0.0,3.751,0.0,0.0,0.0,0.0,0.0,0.0,0.0
129.219,apt_walk,PARKED,0.0,0.0,0.0,4,0.0,3.825,0.0,0.0,0.0,0.0,0.0,0.0,0.0
129.336,apt_walk,PARKED,0.0,0.0,0.0,4,0.0,3.836,0.0,0.0,0.0,0.0,0.0,0.0,0.0
129.401,apt_walk,PARKED,0.0,0.0,0.0,4,0.0,3.836,0.0,0.0,0.0,0.0,0.0,0.0,0.0
129.501,apt_walk,PARKED,0.0,0.0,0.0,4,0.0,3.836,0.0,0.0,0.0,0.0,0.0,0.0,0.0
129.601,apt_walk,PARKED,0.0,0.0,0.0,4,0.0,3.836,0.0,0.0,0.0,0.0,0.0,0.0,0.0
129.747,apt_walk,PARKED,0.0,0.0,0.0,4,0.0,3.832,0.0,0.0,0.0,0.0,0.0,0.0,0.0
129.801,apt_walk,PARKED,0.0,0.0,0.0,4,0.0,3.832,0.0,0.0,0.0,0.0,0.0,0.0,0.0
129.901,apt_walk,PARKED,0.0,0.0,0.0,4,0.0,3.855,0.0,0.0,0.0,0.0,0.0,0.0,0.0
130.035,apt_walk,PARKED,0.0,0.0,0.0,3,0.0,3.819,0.0,0.0,0.0,0.0,0.0,0.0,0.0
130.108,apt_walk,PARKED,0.0,0.0,0.0,4,0.0,3.837,0.0,0.0,0.0,0.0,0.0,0.0,0.0
130.238,apt_walk,PARKED,0.0,0.0,0.0,3,0.0,3.791,0.0,0.0,0.0,0.0,0.0,0.0,0.0
130.301,apt_walk,PARKED,0.0,0.0,0.0,3,0.0,3.791,0.0,0.0,0.0,0.0,0.0,0.0,0.0
130.401,apt_walk,PARKED,0.0,0.0,0.0,3,0.0,3.804,0.0,0.0,0.0,0.0,0.0,0.0,0.0
130.501,apt_walk,PARKED,0.0,0.0,0.0,3,0.0,3.804,0.0,0.0,0.0,0.0,0.0,0.0,0.0
130.601,apt_walk,PARKED,0.0,0.0,0.0,3,0.0,3.804,0.0,0.0,0.0,0.0,0.0,0.0,0.0
130.717,apt_walk,PARKED,0.0,0.0,0.0,3,0.0,3.819,0.0,0.0,0.0,0.0,0.0,0.0,0.0
130.845,apt_walk,PARKED,0.0,0.0,0.0,4,0.0,3.822,0.0,0.0,0.0,0.0,0.0,0.0,0.0
130.901,apt_walk,PARKED,0.0,0.0,0.0,4,0.0,3.822,0.0,0.0,0.0,0.0,0.0,0.0,0.0
131.019,apt_walk,PARKED,0.0,0.0,0.0,3,0.0,3.799,0.0,0.0,0.0,0.0,0.0,0.0,0.0
131.122,apt_walk,PARKED,0.0,0.0,0.0,3,0.0,3.799,0.0,0.0,0.0,0.0,0.0,0.0,0.0
131.201,apt_walk,PARKED,0.0,0.0,0.0,4,0.0,3.787,0.0,0.0,0.0,0.0,0.0,0.0,0.0
131.311,apt_walk,PARKED,0.0,0.0,0.0,4,0.0,3.775,0.0,0.0,0.0,0.0,0.0,0.0,0.0
131.401,apt_walk,PARKED,0.0,0.0,0.0,4,0.0,3.775,0.0,0.0,0.0,0.0,0.0,0.0,0.0
131.501,apt_walk,PARKED,0.0,0.0,0.0,4,0.0,3.775,0.0,0.0,0.0,0.0,0.0,0.0,0.0
131.601,apt_walk,PARKED,0.0,0.0,0.0,4,0.0,3.775,0.0,0.0,0.0,0.0,0.0,0.0,0.0
131.743,apt_walk,PARKED,0.0,0.0,0.0,3,0.0,3.83,0.0,0.0,0.0,0.0,0.0,0.0,0.0
131.807,apt_walk,PARKED,0.0,0.0,0.0,3,0.0,3.801,0.0,0.0,0.0,0.0,0.0,0.0,0.0
131.945,apt_walk,PARKED,0.0,0.0,0.0,3,0.0,3.813,0.0,0.0,0.0,0.0,0.0,0.0,0.0
132.001,apt_walk,PARKED,0.0,0.0,0.0,3,0.0,3.813,0.0,0.0,0.0,0.0,0.0,0.0,0.0
132.135,apt_walk,PARKED,0.0,0.0,0.0,3,0.0,3.821,0.0,0.0,0.0,0.0,0.0,0.0,0.0
132.201,apt_walk,PARKED,0.0,0.0,0.0,3,0.0,3.843,0.0,0.0,0.0,0.0,0.0,0.0,0.0
132.309,apt_walk,PARKED,0.0,0.0,0.0,3,0.0,3.843,0.0,0.0,0.0,0.0,0.0,0.0,0.0
132.431,apt_walk,PARKED,0.0,0.0,0.0,3,0.0,3.867,0.0,0.0,0.0,0.0,0.0,0.0,0.0
132.501,apt_walk,PARKED,0.0,0.0,0.0,3,0.0,3.867,0.0,0.0,0.0,0.0,0.0,0.0,0.0
132.601,apt_walk,PARKED,0.0,0.0,0.0,3,0.0,3.867,0.0,0.0,0.0,0.0,0.0,0.0,0.0
132.746,apt_walk,PARKED,0.0,0.0,0.0,3,0.0,3.786,0.0,0.0,0.0,0.0,0.0,0.0,0.0
132.81,apt_walk,PARKED,0.0,0.0,0.0,3,0.0,3.826,0.0,0.0,0.0,0.0,0.0,0.0,0.0
132.901,apt_walk,PARKED,0.0,0.0,0.0,3,0.0,3.826,0.0,0.0,0.0,0.0,0.0,0.0,0.0
133.002,apt_walk,PARKED,0.0,0.0,0.0,3,0.0,3.826,0.0,0.0,0.0,0.0,0.0,0.0,0.0
133.102,apt_walk,PARKED,0.0,0.0,0.0,3,0.0,3.832,0.0,0.0,0.0,0.0,0.0,0.0,0.0
133.202,apt_walk,PARKED,0.0,0.0,0.0,3,0.0,3.819,0.0,0.0,0.0,0.0,0.0,0.0,0.0
133.301,apt_walk,PARKED,0.0,0.0,0.0,3,0.0,3.828,0.0,0.0,0.0,0.0,0.0,0.0,0.0
133.401,apt_walk,PARKED,0.0,0.0,0.0,3,0.0,3.828,0.0,0.0,0.0,0.0,0.0,0.0,0.0
133.542,apt_walk,PARKED,0.0,0.0,0.0,3,0.0,3.821,0.0,0.0,0.0,0.0,0.0,0.0,0.0
133.601,apt_walk,PARKED,0.0,0.0,0.0,3,0.0,3.821,0.0,0.0,0.0,0.0,0.0,0.0,0.0
133.724,apt_walk,PARKED,0.0,0.0,0.0,3,0.0,3.85,0.0,0.0,0.0,0.0,0.0,0.0,0.0
133.802,apt_walk,PARKED,0.0,0.0,0.0,3,0.0,3.85,0.0,0.0,0.0,0.0,0.0,0.0,0.0
133.931,apt_walk,PARKED,0.0,0.0,0.0,3,0.0,3.85,0.0,0.0,0.0,0.0,0.0,0.0,0.0
134.047,apt_walk,PARKED,0.0,0.0,0.0,3,0.0,3.851,0.0,0.0,0.0,0.0,0.0,0.0,0.0
134.109,apt_walk,PARKED,0.0,0.0,0.0,3,0.0,3.836,0.0,0.0,0.0,0.0,0.0,0.0,0.0
134.201,apt_walk,PARKED,0.0,0.0,0.0,3,0.0,3.836,0.0,0.0,0.0,0.0,0.0,0.0,0.0
134.321,apt_walk,PARKED,0.0,0.0,0.0,3,0.0,3.825,0.0,0.0,0.0,0.0,0.0,0.0,0.0
134.401,apt_walk,PARKED,0.0,0.0,0.0,3,0.0,3.825,0.0,0.0,0.0,0.0,0.0,0.0,0.0
134.501,apt_walk,PARKED,0.0,0.0,0.0,3,0.0,3.825,0.0,0.0,0.0,0.0,0.0,0.0,0.0
134.601,apt_walk,PARKED,0.0,0.0,0.0,3,0.0,3.802,0.0,0.0,0.0,0.0,0.0,0.0,0.0
134.701,apt_walk,PARKED,0.0,0.0,0.0,3,0.0,3.802,0.0,0.0,0.0,0.0,0.0,0.0,0.0
134.802,apt_walk,PARKED,0.0,0.0,0.0,3,0.0,3.802,0.0,0.0,0.0,0.0,0.0,0.0,0.0
134.95,apt_walk,PARKED,0.0,0.0,0.0,4,0.0,3.824,0.0,0.0,0.0,0.0,0.0,0.0,0.0
135.01,apt_walk,PARKED,0.0,0.0,0.0,4,0.0,3.824,0.0,0.0,0.0,0.0,0.0,0.0,0.0
135.102,apt_walk,PARKED,0.0,0.0,0.0,4,0.0,3.808,0.0,0.0,0.0,0.0,0.0,0.0,0.0
135.201,apt_walk,PARKED,0.0,0.0,0.0,4,0.0,3.808,0.0,0.0,0.0,0.0,0.0,0.0,0.0
135.303,apt_walk,PARKED,0.0,0.0,0.0,4,0.0,3.841,0.0,0.0,0.0,0.0,0.0,0.0,0.0
135.422,apt_walk,PARKED,0.0,0.0,0.0,4,0.0,3.841,0.0,0.0,0.0,0.0,0.0,0.0,0.0
135.501,apt_walk,PARKED,0.0,0.0,0.0,4,0.0,3.798,0.0,0.0,0.0,0.0,0.0,0.0,0.0
135.601,apt_walk,PARKED,0.0,0.0,0.0,4,0.0,3.798,0.0,0.0,0.0,0.0,0.0,0.0,0.0
135.701,apt_walk,PARKED,0.0,0.0,0.0,4,0.0,3.798,0.0,0.0,0.0,0.0,0.0,0.0,0.0
135.801,apt_walk,PARKED,0.0,0.0,0.0,4,0.0,3.798,0.0,0.0,0.0,0.0,0.0,0.0,0.0
135.901,apt_walk,PARKED,0.0,0.0,0.0,4,0.0,3.836,0.0,0.0,0.0,0.0,0.0,0.0,0.0
136.001,apt_walk,PARKED,0.0,0.0,0.0,4,0.0,3.827,0.0,0.0,0.0,0.0,0.0,0.0,0.0
136.102,apt_walk,PARKED,0.0,0.0,0.0,4,0.0,3.827,0.0,0.0,0.0,0.0,0.0,0.0,0.0
136.202,apt_walk,PARKED,0.0,0.0,0.0,4,0.0,3.856,0.0,0.0,0.0,0.0,0.0,0.0,0.0
136.301,apt_walk,PARKED,0.0,0.0,0.0,4,0.0,3.856,0.0,0.0,0.0,0.0,0.0,0.0,0.0
136.424,apt_walk,PARKED,0.0,0.0,0.0,4,0.0,3.834,0.0,0.0,0.0,0.0,0.0,0.0,0.0
136.501,apt_walk,PARKED,0.0,0.0,0.0,4,0.0,3.834,0.0,0.0,0.0,0.0,0.0,0.0,0.0
136.601,apt_walk,PARKED,0.0,0.0,0.0,4,0.0,3.834,0.0,0.0,0.0,0.0,0.0,0.0,0.0
136.728,apt_walk,PARKED,0.0,0.0,0.0,4,0.0,3.834,0.0,0.0,0.0,0.0,0.0,0.0,0.0
136.802,apt_walk,PARKED,0.0,0.0,0.0,4,0.0,3.834,0.0,0.0,0.0,0.0,0.0,0.0,0.0
136.901,apt_walk,PARKED,0.0,0.0,0.0,4,0.0,3.834,0.0,0.0,0.0,0.0,0.0,0.0,0.0
137.001,apt_walk,PARKED,0.0,0.0,0.0,4,0.0,3.832,0.0,0.0,0.0,0.0,0.0,0.0,0.0
137.101,apt_walk,PARKED,0.0,0.0,0.0,4,0.0,3.832,0.0,0.0,0.0,0.0,0.0,0.0,0.0
137.233,apt_walk,PARKED,0.0,0.0,0.0,4,0.0,3.833,0.0,0.0,0.0,0.0,0.0,0.0,0.0
137.317,apt_walk,PARKED,0.0,0.0,0.0,4,0.0,3.833,0.0,0.0,0.0,0.0,0.0,0.0,0.0
137.401,apt_walk,PARKED,0.0,0.0,0.0,4,0.0,3.833,0.0,0.0,0.0,0.0,0.0,0.0,0.0
137.501,apt_walk,PARKED,0.0,0.0,0.0,4,0.0,3.828,0.0,0.0,0.0,0.0,0.0,0.0,0.0
137.601,apt_walk,PARKED,0.0,0.0,0.0,4,0.0,3.828,0.0,0.0,0.0,0.0,0.0,0.0,0.0
137.722,apt_walk,PARKED,0.0,0.0,0.0,4,0.0,3.806,0.0,0.0,0.0,0.0,0.0,0.0,0.0
137.801,apt_walk,PARKED,0.0,0.0,0.0,4,0.0,3.806,0.0,0.0,0.0,0.0,0.0,0.0,0.0
137.901,apt_walk,PARKED,0.0,0.0,0.0,4,0.0,3.806,0.0,0.0,0.0,0.0,0.0,0.0,0.0
138.001,apt_walk,PARKED,0.0,0.0,0.0,4,0.0,3.806,0.0,0.0,0.0,0.0,0.0,0.0,0.0
138.101,apt_walk,PARKED,0.0,0.0,0.0,4,0.0,3.806,0.0,0.0,0.0,0.0,0.0,0.0,0.0
138.25,apt_walk,PARKED,0.0,0.0,0.0,3,0.0,3.804,0.0,0.0,0.0,0.0,0.0,0.0,0.0
138.326,apt_walk,PARKED,0.0,0.0,0.0,3,0.0,3.791,0.0,0.0,0.0,0.0,0.0,0.0,0.0
138.409,apt_walk,PARKED,0.0,0.0,0.0,3,0.0,3.832,0.0,0.0,0.0,0.0,0.0,0.0,0.0
138.501,apt_walk,PARKED,0.0,0.0,0.0,3,0.0,3.832,0.0,0.0,0.0,0.0,0.0,0.0,0.0
138.601,apt_walk,PARKED,0.0,0.0,0.0,3,0.0,3.832,0.0,0.0,0.0,0.0,0.0,0.0,0.0
138.723,apt_walk,PARKED,0.0,0.0,0.0,3,0.0,3.829,0.0,0.0,0.0,0.0,0.0,0.0,0.0
138.801,apt_walk,PARKED,0.0,0.0,0.0,3,0.0,3.829,0.0,0.0,0.0,0.0,0.0,0.0,0.0
138.901,apt_walk,PARKED,0.0,0.0,0.0,3,0.0,3.829,0.0,0.0,0.0,0.0,0.0,0.0,0.0
139.006,apt_walk,PARKED,0.0,0.0,0.0,3,0.0,3.828,0.0,0.0,0.0,0.0,0.0,0.0,0.0
139.125,apt_walk,PARKED,0.0,0.0,0.0,3,0.0,3.803,0.0,0.0,0.0,0.0,0.0,0.0,0.0
139.201,apt_walk,PARKED,0.0,0.0,0.0,3,0.0,3.777,0.0,0.0,0.0,0.0,0.0,0.0,0.0
139.301,apt_walk,PARKED,0.0,0.0,0.0,3,0.0,3.782,0.0,0.0,0.0,0.0,0.0,0.0,0.0
139.401,apt_walk,PARKED,0.0,0.0,0.0,3,0.0,3.782,0.0,0.0,0.0,0.0,0.0,0.0,0.0
139.501,apt_walk,PARKED,0.0,0.0,0.0,3,0.0,3.782,0.0,0.0,0.0,0.0,0.0,0.0,0.0
139.619,apt_walk,PARKED,0.0,0.0,0.0,3,0.0,3.803,0.0,0.0,0.0,0.0,0.0,0.0,0.0
139.701,apt_walk,PARKED,0.0,0.0,0.0,3,0.0,3.803,0.0,0.0,0.0,0.0,0.0,0.0,0.0
139.801,apt_walk,PARKED,0.0,0.0,0.0,3,0.0,3.815,0.0,0.0,0.0,0.0,0.0,0.0,0.0
139.901,apt_walk,PARKED,0.0,0.0,0.0,3,0.0,3.815,0.0,0.0,0.0,0.0,0.0,0.0,0.0
140.001,apt_walk,PARKED,0.0,0.0,0.0,3,0.0,3.815,0.0,0.0,0.0,0.0,0.0,0.0,0.0
140.101,apt_walk,PARKED,0.0,0.0,0.0,3,0.0,3.69,0.0,0.0,0.0,0.0,0.0,0.0,0.0
140.201,apt_walk,PARKED,0.0,0.0,0.0,3,0.0,3.69,0.0,0.0,0.0,0.0,0.0,0.0,0.0
140.301,apt_walk,PARKED,0.0,0.0,0.0,3,0.0,3.69,0.0,0.0,0.0,0.0,0.0,0.0,0.0
140.401,apt_walk,PARKED,0.0,0.0,0.0,3,0.0,3.69,0.0,0.0,0.0,0.0,0.0,0.0,0.0
140.515,apt_walk,PARKED,0.0,0.0,0.0,3,0.0,3.768,0.0,0.0,0.0,0.0,0.0,0.0,0.0
140.648,apt_walk,PARKED,0.0,0.0,0.0,3,0.0,3.789,0.0,0.0,0.0,0.0,0.0,0.0,0.0
140.701,apt_walk,PARKED,0.0,0.0,0.0,3,0.0,3.789,0.0,0.0,0.0,0.0,0.0,0.0,0.0
140.801,apt_walk,PARKED,0.0,0.0,0.0,3,0.0,3.789,0.0,0.0,0.0,0.0,0.0,0.0,0.0
140.901,apt_walk,PARKED,0.0,0.0,0.0,3,0.0,3.789,0.0,0.0,0.0,0.0,0.0,0.0,0.0
141.001,apt_walk,PARKED,0.0,0.0,0.0,3,0.0,3.789,0.0,0.0,0.0,0.0,0.0,0.0,0.0
141.104,apt_walk,PARKED,0.0,0.0,0.0,3,0.0,3.826,0.0,0.0,0.0,0.0,0.0,0.0,0.0
141.201,apt_walk,PARKED,0.0,0.0,0.0,3,0.0,3.826,0.0,0.0,0.0,0.0,0.0,0.0,0.0
141.301,apt_walk,PARKED,0.0,0.0,0.0,3,0.0,3.826,0.0,0.0,0.0,0.0,0.0,0.0,0.0
141.402,apt_walk,PARKED,0.0,0.0,0.0,3,0.0,3.828,0.0,0.0,0.0,0.0,0.0,0.0,0.0
141.532,apt_walk,PARKED,0.0,0.0,0.0,3,0.0,3.774,0.0,0.0,0.0,0.0,0.0,0.0,0.0
141.601,apt_walk,PARKED,0.0,0.0,0.0,3,0.0,3.774,0.0,0.0,0.0,0.0,0.0,0.0,0.0
141.702,apt_walk,PARKED,0.0,0.0,0.0,3,0.0,3.774,0.0,0.0,0.0,0.0,0.0,0.0,0.0
141.801,apt_walk,PARKED,0.0,0.0,0.0,3,0.0,3.809,0.0,0.0,0.0,0.0,0.0,0.0,0.0
141.928,apt_walk,PARKED,0.0,0.0,0.0,3,0.0,3.809,0.0,0.0,0.0,0.0,0.0,0.0,0.0
142.001,apt_walk,PARKED,0.0,0.0,0.0,3,0.0,3.809,0.0,0.0,0.0,0.0,0.0,0.0,0.0
142.101,apt_walk,PARKED,0.0,0.0,0.0,3,0.0,3.809,0.0,0.0,0.0,0.0,0.0,0.0,0.0
142.201,apt_walk,PARKED,0.0,0.0,0.0,3,0.0,3.809,0.0,0.0,0.0,0.0,0.0,0.0,0.0
142.301,apt_walk,PARKED,0.0,0.0,0.0,3,0.0,3.809,0.0,0.0,0.0,0.0,0.0,0.0,0.0
142.418,apt_walk,PARKED,0.0,0.0,0.0,3,0.0,3.805,0.0,0.0,0.0,0.0,0.0,0.0,0.0
142.501,apt_walk,PARKED,0.0,0.0,0.0,3,0.0,3.805,0.0,0.0,0.0,0.0,0.0,0.0,0.0
142.601,apt_walk,PARKED,0.0,0.0,0.0,3,0.0,3.805,0.0,0.0,0.0,0.0,0.0,0.0,0.0
142.701,apt_walk,PARKED,0.0,0.0,0.0,3,0.0,3.805,0.0,0.0,0.0,0.0,0.0,0.0,0.0
142.801,apt_walk,PARKED,0.0,0.0,0.0,3,0.0,3.816,0.0,0.0,0.0,0.0,0.0,0.0,0.0
142.907,apt_walk,PARKED,0.0,0.0,0.0,3,0.0,3.817,0.0,0.0,0.0,0.0,0.0,0.0,0.0
143.05,apt_walk,PARKED,0.0,0.0,0.0,3,0.0,3.817,0.0,0.0,0.0,0.0,0.0,0.0,0.0
143.101,apt_walk,PARKED,0.0,0.0,0.0,3,0.0,3.817,0.0,0.0,0.0,0.0,0.0,0.0,0.0
143.243,apt_walk,PARKED,0.0,0.0,0.0,3,0.0,3.81,0.0,0.0,0.0,0.0,0.0,0.0,0.0
143.308,apt_walk,PARKED,0.0,0.0,0.0,3,0.0,3.817,0.0,0.0,0.0,0.0,0.0,0.0,0.0
143.401,apt_walk,PARKED,0.0,0.0,0.0,3,0.0,3.817,0.0,0.0,0.0,0.0,0.0,0.0,0.0
143.543,apt_walk,PARKED,0.0,0.0,0.0,3,0.0,3.817,0.0,0.0,0.0,0.0,0.0,0.0,0.0
143.601,apt_walk,PARKED,0.0,0.0,0.0,3,0.0,3.817,0.0,0.0,0.0,0.0,0.0,0.0,0.0
143.707,apt_walk,PARKED,0.0,0.0,0.0,3,0.0,3.82,0.0,0.0,0.0,0.0,0.0,0.0,0.0
143.846,apt_walk,PARKED,0.0,0.0,0.0,3,0.0,3.795,0.0,0.0,0.0,0.0,0.0,0.0,0.0
143.901,apt_walk,PARKED,0.0,0.0,0.0,3,0.0,3.795,0.0,0.0,0.0,0.0,0.0,0.0,0.0
144.001,apt_walk,PARKED,0.0,0.0,0.0,3,0.0,3.795,0.0,0.0,0.0,0.0,0.0,0.0,0.0
144.12,apt_walk,PARKED,0.0,0.0,0.0,3,0.0,3.807,0.0,0.0,0.0,0.0,0.0,0.0,0.0
144.201,apt_walk,PARKED,0.0,0.0,0.0,3,0.0,3.807,0.0,0.0,0.0,0.0,0.0,0.0,0.0
144.301,apt_walk,PARKED,0.0,0.0,0.0,3,0.0,3.807,0.0,0.0,0.0,0.0,0.0,0.0,0.0
144.435,apt_walk,PARKED,0.0,0.0,0.0,3,0.0,3.803,0.0,0.0,0.0,0.0,0.0,0.0,0.0
144.501,apt_walk,PARKED,0.0,0.0,0.0,3,0.0,3.803,0.0,0.0,0.0,0.0,0.0,0.0,0.0
144.645,apt_walk,PARKED,0.0,0.0,0.0,3,0.0,3.786,0.0,0.0,0.0,0.0,0.0,0.0,0.0
144.708,apt_walk,PARKED,0.0,0.0,0.0,3,0.0,3.786,0.0,0.0,0.0,0.0,0.0,0.0,0.0
144.801,apt_walk,PARKED,0.0,0.0,0.0,3,0.0,3.786,0.0,0.0,0.0,0.0,0.0,0.0,0.0
144.926,apt_walk,PARKED,0.0,0.0,0.0,3,0.0,3.755,0.0,0.0,0.0,0.0,0.0,0.0,0.0
145.032,apt_walk,PARKED,0.0,0.0,0.0,3,0.0,3.767,0.0,0.0,0.0,0.0,0.0,0.0,0.0
145.101,apt_walk,PARKED,0.0,0.0,0.0,3,0.0,3.811,0.0,0.0,0.0,0.0,0.0,0.0,0.0
145.201,apt_walk,PARKED,0.0,0.0,0.0,3,0.0,3.811,0.0,0.0,0.0,0.0,0.0,0.0,0.0
145.301,apt_walk,PARKED,0.0,0.0,0.0,3,0.0,3.811,0.0,0.0,0.0,0.0,0.0,0.0,0.0
145.401,apt_walk,PARKED,0.0,0.0,0.0,3,0.0,3.811,0.0,0.0,0.0,0.0,0.0,0.0,0.0
145.501,apt_walk,PARKED,0.0,0.0,0.0,3,0.0,3.811,0.0,0.0,0.0,0.0,0.0,0.0,0.0
145.634,apt_walk,PARKED,0.0,0.0,0.0,5,0.0,3.809,0.0,0.0,0.0,0.0,0.0,0.0,0.0
145.701,apt_walk,PARKED,0.0,0.0,0.0,5,0.0,3.809,0.0,0.0,0.0,0.0,0.0,0.0,0.0
145.801,apt_walk,PARKED,0.0,0.0,0.0,5,0.0,3.809,0.0,0.0,0.0,0.0,0.0,0.0,0.0
145.942,apt_walk,PARKED,0.0,0.0,0.0,5,0.0,3.809,0.0,0.0,0.0,0.0,0.0,0.0,0.0
146.005,apt_walk,PARKED,0.0,0.0,0.0,4,0.0,3.824,0.0,0.0,0.0,0.0,0.0,0.0,0.0
146.101,apt_walk,PARKED,0.0,0.0,0.0,4,0.0,3.824,0.0,0.0,0.0,0.0,0.0,0.0,0.0
146.201,apt_walk,PARKED,0.0,0.0,0.0,4,0.0,3.824,0.0,0.0,0.0,0.0,0.0,0.0,0.0
146.306,apt_walk,PARKED,0.0,0.0,0.0,4,0.0,3.766,0.0,0.0,0.0,0.0,0.0,0.0,0.0
146.401,apt_walk,PARKED,0.0,0.0,0.0,4,0.0,3.766,0.0,0.0,0.0,0.0,0.0,0.0,0.0
146.501,apt_walk,PARKED,0.0,0.0,0.0,4,0.0,3.766,0.0,0.0,0.0,0.0,0.0,0.0,0.0
146.601,apt_walk,PARKED,0.0,0.0,0.0,4,0.0,3.766,0.0,0.0,0.0,0.0,0.0,0.0,0.0
146.702,apt_walk,PARKED,0.0,0.0,0.0,4,0.0,3.78,0.0,0.0,0.0,0.0,0.0,0.0,0.0
146.804,apt_walk,PARKED,0.0,0.0,0.0,3,0.0,3.793,0.0,0.0,0.0,0.0,0.0,0.0,0.0
146.95,apt_walk,PARKED,0.0,0.0,0.0,3,0.0,3.778,0.0,0.0,0.0,0.0,0.0,0.0,0.0
147.001,apt_walk,PARKED,0.0,0.0,0.0,3,0.0,3.778,0.0,0.0,0.0,0.0,0.0,0.0,0.0
147.123,apt_walk,PARKED,0.0,0.0,0.0,3,0.0,3.82,0.0,0.0,0.0,0.0,0.0,0.0,0.0
147.202,apt_walk,PARKED,0.0,0.0,0.0,3,0.0,3.82,0.0,0.0,0.0,0.0,0.0,0.0,0.0
147.302,apt_walk,PARKED,0.0,0.0,0.0,3,0.0,3.761,0.0,0.0,0.0,0.0,0.0,0.0,0.0
147.401,apt_walk,PARKED,0.0,0.0,0.0,3,0.0,3.748,0.0,0.0,0.0,0.0,0.0,0.0,0.0
147.501,apt_walk,PARKED,0.0,0.0,0.0,3,0.0,3.748,0.0,0.0,0.0,0.0,0.0,0.0,0.0
147.601,apt_walk,PARKED,0.0,0.0,0.0,3,0.0,3.78,0.0,0.0,0.0,0.0,0.0,0.0,0.0
147.723,apt_walk,PARKED,0.0,0.0,0.0,3,0.0,3.83,0.0,0.0,0.0,0.0,0.0,0.0,0.0
147.801,apt_walk,PARKED,0.0,0.0,0.0,3,0.0,3.768,0.0,0.0,0.0,0.0,0.0,0.0,0.0
147.901,apt_walk,PARKED,0.0,0.0,0.0,3,0.0,3.768,0.0,0.0,0.0,0.0,0.0,0.0,0.0
148.024,apt_walk,PARKED,0.0,0.0,0.0,3,0.0,3.781,0.0,0.0,0.0,0.0,0.0,0.0,0.0
148.102,apt_walk,PARKED,0.0,0.0,0.0,3,0.0,3.781,0.0,0.0,0.0,0.0,0.0,0.0,0.0
148.248,apt_walk,PARKED,0.0,0.0,0.0,4,0.0,3.822,0.0,0.0,0.0,0.0,0.0,0.0,0.0
148.31,apt_walk,PARKED,0.0,0.0,0.0,3,0.0,3.853,0.0,0.0,0.0,0.0,0.0,0.0,0.0
148.401,apt_walk,PARKED,0.0,0.0,0.0,3,0.0,3.853,0.0,0.0,0.0,0.0,0.0,0.0,0.0
148.501,apt_walk,PARKED,0.0,0.0,0.0,3,0.0,3.853,0.0,0.0,0.0,0.0,0.0,0.0,0.0
148.601,apt_walk,PARKED,0.0,0.0,0.0,3,0.0,3.853,0.0,0.0,0.0,0.0,0.0,0.0,0.0
148.734,apt_walk,PARKED,0.0,0.0,0.0,3,0.0,3.792,0.0,0.0,0.0,0.0,0.0,0.0,0.0
148.801,apt_walk,PARKED,0.0,0.0,0.0,3,0.0,3.707,0.0,0.0,0.0,0.0,0.0,0.0,0.0
148.925,apt_walk,PARKED,0.0,0.0,0.0,3,0.0,3.707,0.0,0.0,0.0,0.0,0.0,0.0,0.0
149.001,apt_walk,PARKED,0.0,0.0,0.0,3,0.0,3.707,0.0,0.0,0.0,0.0,0.0,0.0,0.0
149.129,apt_walk,PARKED,0.0,0.0,0.0,3,0.0,3.703,0.0,0.0,0.0,0.0,0.0,0.0,0.0
149.201,apt_walk,PARKED,0.0,0.0,0.0,3,0.0,3.703,0.0,0.0,0.0,0.0,0.0,0.0,0.0
149.301,apt_walk,PARKED,0.0,0.0,0.0,3,0.0,3.703,0.0,0.0,0.0,0.0,0.0,0.0,0.0
149.403,apt_walk,PARKED,0.0,0.0,0.0,3,0.0,3.766,0.0,0.0,0.0,0.0,0.0,0.0,0.0
149.518,apt_walk,PARKED,0.0,0.0,0.0,3,0.0,3.735,0.0,0.0,0.0,0.0,0.0,0.0,0.0
149.602,apt_walk,PARKED,0.0,0.0,0.0,3,0.0,3.671,0.0,0.0,0.0,0.0,0.0,0.0,0.0
149.701,apt_walk,PARKED,0.0,0.0,0.0,3,0.0,3.671,0.0,0.0,0.0,0.0,0.0,0.0,0.0
149.84,apt_walk,PARKED,0.0,0.0,0.0,3,0.0,3.697,0.0,0.0,0.0,0.0,0.0,0.0,0.0
149.901,apt_walk,PARKED,0.0,0.0,0.0,3,0.0,3.697,0.0,0.0,0.0,0.0,0.0,0.0,0.0
150.002,apt_walk,PARKED,0.0,0.0,0.0,4,0.0,3.688,0.0,0.0,0.0,0.0,0.0,0.0,0.0
150.129,apt_walk,PARKED,0.0,0.0,0.0,4,0.0,3.687,0.0,0.0,0.0,0.0,0.0,0.0,0.0
150.202,apt_walk,PARKED,0.0,0.0,0.0,4,0.0,3.687,0.0,0.0,0.0,0.0,0.0,0.0,0.0
150.301,apt_walk,PARKED,0.0,0.0,0.0,4,0.0,3.687,0.0,0.0,0.0,0.0,0.0,0.0,0.0
150.428,apt_walk,PARKED,0.0,0.0,0.0,4,0.0,3.687,0.0,0.0,0.0,0.0,0.0,0.0,0.0
150.508,apt_walk,PARKED,0.0,0.0,0.0,4,0.0,3.675,0.0,0.0,0.0,0.0,0.0,0.0,0.0
150.602,apt_walk,PARKED,0.0,0.0,0.0,4,0.0,3.675,0.0,0.0,0.0,0.0,0.0,0.0,0.0
150.702,apt_walk,PARKED,0.0,0.0,0.0,4,0.0,3.675,0.0,0.0,0.0,0.0,0.0,0.0,0.0
150.801,apt_walk,PARKED,0.0,0.0,0.0,4,0.0,3.675,0.0,0.0,0.0,0.0,0.0,0.0,0.0
150.901,apt_walk,PARKED,0.0,0.0,0.0,4,0.0,3.675,0.0,0.0,0.0,0.0,0.0,0.0,0.0
151.021,apt_walk,PARKED,0.0,0.0,0.0,3,0.0,3.688,0.0,0.0,0.0,0.0,0.0,0.0,0.0
151.101,apt_walk,PARKED,0.0,0.0,0.0,3,0.0,3.688,0.0,0.0,0.0,0.0,0.0,0.0,0.0
151.25,apt_walk,PARKED,0.0,0.0,0.0,3,0.0,3.688,0.0,0.0,0.0,0.0,0.0,0.0,0.0
151.301,apt_walk,PARKED,0.0,0.0,0.0,3,0.0,3.688,0.0,0.0,0.0,0.0,0.0,0.0,0.0
151.445,apt_walk,PARKED,0.0,0.0,0.0,3,0.0,3.702,0.0,0.0,0.0,0.0,0.0,0.0,0.0
151.504,apt_walk,PARKED,0.0,0.0,0.0,3,0.0,3.728,0.0,0.0,0.0,0.0,0.0,0.0,0.0
151.644,apt_walk,PARKED,0.0,0.0,0.0,3,0.0,3.728,0.0,0.0,0.0,0.0,0.0,0.0,0.0
151.702,apt_walk,PARKED,0.0,0.0,0.0,3,0.0,3.728,0.0,0.0,0.0,0.0,0.0,0.0,0.0
151.802,apt_walk,PARKED,0.0,0.0,0.0,3,0.0,3.728,0.0,0.0,0.0,0.0,0.0,0.0,0.0
151.901,apt_walk,PARKED,0.0,0.0,0.0,3,0.0,3.764,0.0,0.0,0.0,0.0,0.0,0.0,0.0
152.001,apt_walk,PARKED,0.0,0.0,0.0,3,0.0,3.764,0.0,0.0,0.0,0.0,0.0,0.0,0.0
152.122,apt_walk,PARKED,0.0,0.0,0.0,3,0.0,3.761,0.0,0.0,0.0,0.0,0.0,0.0,0.0
152.201,apt_walk,PARKED,0.0,0.0,0.0,3,0.0,3.761,0.0,0.0,0.0,0.0,0.0,0.0,0.0
152.302,apt_walk,PARKED,0.0,0.0,0.0,3,0.0,3.68,0.0,0.0,0.0,0.0,0.0,0.0,0.0
152.407,apt_walk,PARKED,0.0,0.0,0.0,3,0.0,3.67,0.0,0.0,0.0,0.0,0.0,0.0,0.0
152.502,apt_walk,PARKED,0.0,0.0,0.0,3,0.0,3.687,0.0,0.0,0.0,0.0,0.0,0.0,0.0
152.62,apt_walk,PARKED,0.0,0.0,0.0,2,0.0,3.666,0.0,0.0,0.0,0.0,0.0,0.0,0.0
152.702,apt_walk,PARKED,0.0,0.0,0.0,2,0.0,3.743,0.0,0.0,0.0,0.0,0.0,0.0,0.0
152.801,apt_walk,PARKED,0.0,0.0,0.0,2,0.0,3.743,0.0,0.0,0.0,0.0,0.0,0.0,0.0
152.901,apt_walk,PARKED,0.0,0.0,0.0,2,0.0,3.743,0.0,0.0,0.0,0.0,0.0,0.0,0.0
153.001,apt_walk,PARKED,0.0,0.0,0.0,2,0.0,3.743,0.0,0.0,0.0,0.0,0.0,0.0,0.0
153.102,apt_walk,PARKED,0.0,0.0,0.0,2,0.0,3.708,0.0,0.0,0.0,0.0,0.0,0.0,0.0
153.201,apt_walk,PARKED,0.0,0.0,0.0,2,0.0,3.945,0.0,0.0,0.0,0.0,0.0,0.0,0.0
153.301,apt_walk,PARKED,0.0,0.0,0.0,2,0.0,3.945,0.0,0.0,0.0,0.0,0.0,0.0,0.0
153.401,apt_walk,PARKED,0.0,0.0,0.0,2,0.0,3.945,0.0,0.0,0.0,0.0,0.0,0.0,0.0
153.501,apt_walk,PARKED,0.0,0.0,0.0,2,0.0,3.827,0.0,0.0,0.0,0.0,0.0,0.0,0.0
153.634,apt_walk,PARKED,0.0,0.0,0.0,2,0.0,3.776,0.0,0.0,0.0,0.0,0.0,0.0,0.0
153.701,apt_walk,PARKED,0.0,0.0,0.0,2,0.0,3.776,0.0,0.0,0.0,0.0,0.0,0.0,0.0
153.801,apt_walk,PARKED,0.0,0.0,0.0,2,0.0,3.695,0.0,0.0,0.0,0.0,0.0,0.0,0.0
153.901,apt_walk,PARKED,0.0,0.0,0.0,2,0.0,3.695,0.0,0.0,0.0,0.0,0.0,0.0,0.0
154.001,apt_walk,PARKED,0.0,0.0,0.0,2,0.0,3.782,0.0,0.0,0.0,0.0,0.0,0.0,0.0
154.122,apt_walk,PARKED,0.0,0.0,0.0,2,0.0,3.768,0.0,0.0,0.0,0.0,0.0,0.0,0.0
154.201,apt_walk,PARKED,0.0,0.0,0.0,2,0.0,3.768,0.0,0.0,0.0,0.0,0.0,0.0,0.0
154.301,apt_walk,PARKED,0.0,0.0,0.0,2,0.0,3.768,0.0,0.0,0.0,0.0,0.0,0.0,0.0
154.401,apt_walk,PARKED,0.0,0.0,0.0,2,0.0,3.695,0.0,0.0,0.0,0.0,0.0,0.0,0.0
154.511,apt_walk,PARKED,0.0,0.0,0.0,2,0.0,3.696,0.0,0.0,0.0,0.0,0.0,0.0,0.0
154.601,apt_walk,PARKED,0.0,0.0,0.0,2,0.0,3.721,0.0,0.0,0.0,0.0,0.0,0.0,0.0
154.702,apt_walk,PARKED,0.0,0.0,0.0,2,0.0,3.721,0.0,0.0,0.0,0.0,0.0,0.0,0.0
154.801,apt_walk,PARKED,0.0,0.0,0.0,2,0.0,3.721,0.0,0.0,0.0,0.0,0.0,0.0,0.0
154.901,apt_walk,PARKED,0.0,0.0,0.0,2,0.0,3.727,0.0,0.0,0.0,0.0,0.0,0.0,0.0
155.018,apt_walk,PARKED,0.0,0.0,0.0,2,0.0,3.713,0.0,0.0,0.0,0.0,0.0,0.0,0.0
155.101,apt_walk,PARKED,0.0,0.0,0.0,2,0.0,3.713,0.0,0.0,0.0,0.0,0.0,0.0,0.0
155.201,apt_walk,PARKED,0.0,0.0,0.0,2,0.0,3.713,0.0,0.0,0.0,0.0,0.0,0.0,0.0
155.301,apt_walk,PARKED,0.0,0.0,0.0,2,0.0,3.772,0.0,0.0,0.0,0.0,0.0,0.0,0.0
155.435,apt_walk,PARKED,0.0,0.0,0.0,2,0.0,3.731,0.0,0.0,0.0,0.0,0.0,0.0,0.0
155.501,apt_walk,PARKED,0.0,0.0,0.0,2,0.0,3.739,0.0,0.0,0.0,0.0,0.0,0.0,0.0
155.639,apt_walk,PARKED,0.0,0.0,0.0,2,0.0,3.739,0.0,0.0,0.0,0.0,0.0,0.0,0.0
155.701,apt_walk,PARKED,0.0,0.0,0.0,2,0.0,3.739,0.0,0.0,0.0,0.0,0.0,0.0,0.0
155.801,apt_walk,PARKED,0.0,0.0,0.0,2,0.0,3.727,0.0,0.0,0.0,0.0,0.0,0.0,0.0
155.901,apt_walk,PARKED,0.0,0.0,0.0,2,0.0,3.726,0.0,0.0,0.0,0.0,0.0,0.0,0.0
156.001,apt_walk,PARKED,0.0,0.0,0.0,2,0.0,3.726,0.0,0.0,0.0,0.0,0.0,0.0,0.0
156.101,apt_walk,PARKED,0.0,0.0,0.0,2,0.0,3.726,0.0,0.0,0.0,0.0,0.0,0.0,0.0
156.201,apt_walk,PARKED,0.0,0.0,0.0,2,0.0,3.726,0.0,0.0,0.0,0.0,0.0,0.0,0.0
156.317,apt_walk,PARKED,0.0,0.0,0.0,3,0.0,3.756,0.0,0.0,0.0,0.0,0.0,0.0,0.0
156.403,apt_walk,PARKED,0.0,0.0,0.0,3,0.0,3.715,0.0,0.0,0.0,0.0,0.0,0.0,0.0
156.526,apt_walk,PARKED,0.0,0.0,0.0,3,0.0,3.715,0.0,0.0,0.0,0.0,0.0,0.0,0.0
156.601,apt_walk,PARKED,0.0,0.0,0.0,3,0.0,3.715,0.0,0.0,0.0,0.0,0.0,0.0,0.0
156.71,apt_walk,PARKED,0.0,0.0,0.0,3,0.0,3.706,0.0,0.0,0.0,0.0,0.0,0.0,0.0
156.83,apt_walk,PARKED,0.0,0.0,0.0,3,0.0,3.699,0.0,0.0,0.0,0.0,0.0,0.0,0.0
156.901,apt_walk,PARKED,0.0,0.0,0.0,3,0.0,3.699,0.0,0.0,0.0,0.0,0.0,0.0,0.0
157.001,apt_walk,PARKED,0.0,0.0,0.0,3,0.0,3.738,0.0,0.0,0.0,0.0,0.0,0.0,0.0
157.101,apt_walk,PARKED,0.0,0.0,0.0,3,0.0,3.738,0.0,0.0,0.0,0.0,0.0,0.0,0.0
157.22,apt_walk,PARKED,0.0,0.0,0.0,4,0.0,3.688,0.0,0.0,0.0,0.0,0.0,0.0,0.0
157.301,apt_walk,PARKED,0.0,0.0,0.0,4,0.0,3.688,0.0,0.0,0.0,0.0,0.0,0.0,0.0
157.439,apt_walk,PARKED,0.0,0.0,0.0,4,0.0,3.805,0.0,0.0,0.0,0.0,0.0,0.0,0.0
157.501,apt_walk,PARKED,0.0,0.0,0.0,4,0.0,3.805,0.0,0.0,0.0,0.0,0.0,0.0,0.0
157.632,apt_walk,PARKED,0.0,0.0,0.0,4,0.0,3.812,0.0,0.0,0.0,0.0,0.0,0.0,0.0
157.701,apt_walk,PARKED,0.0,0.0,0.0,4,0.0,3.699,0.0,0.0,0.0,0.0,0.0,0.0,0.0
157.801,apt_walk,PARKED,0.0,0.0,0.0,4,0.0,3.699,0.0,0.0,0.0,0.0,0.0,0.0,0.0
157.907,apt_walk,PARKED,0.0,0.0,0.0,4,0.0,3.699,0.0,0.0,0.0,0.0,0.0,0.0,0.0
158.012,apt_walk,PARKED,0.0,0.0,0.0,4,0.0,3.757,0.0,0.0,0.0,0.0,0.0,0.0,0.0
158.144,apt_walk,PARKED,0.0,0.0,0.0,4,0.0,3.664,0.0,0.0,0.0,0.0,0.0,0.0,0.0
158.226,apt_walk,PARKED,0.0,0.0,0.0,4,0.0,3.664,0.0,0.0,0.0,0.0,0.0,0.0,0.0
158.301,apt_walk,PARKED,0.0,0.0,0.0,4,0.0,3.664,0.0,0.0,0.0,0.0,0.0,0.0,0.0
158.401,apt_walk,PARKED,0.0,0.0,0.0,4,0.0,3.675,0.0,0.0,0.0,0.0,0.0,0.0,0.0
158.501,apt_walk,PARKED,0.0,0.0,0.0,4,0.0,3.675,0.0,0.0,0.0,0.0,0.0,0.0,0.0
158.601,apt_walk,PARKED,0.0,0.0,0.0,4,0.0,3.675,0.0,0.0,0.0,0.0,0.0,0.0,0.0
158.701,apt_walk,PARKED,0.0,0.0,0.0,4,0.0,3.675,0.0,0.0,0.0,0.0,0.0,0.0,0.0
158.801,apt_walk,PARKED,0.0,0.0,0.0,4,0.0,3.675,0.0,0.0,0.0,0.0,0.0,0.0,0.0
158.923,apt_walk,PARKED,0.0,0.0,0.0,4,0.0,3.675,0.0,0.0,0.0,0.0,0.0,0.0,0.0
159.007,apt_walk,PARKED,0.0,0.0,0.0,4,0.0,3.683,0.0,0.0,0.0,0.0,0.0,0.0,0.0
159.101,apt_walk,PARKED,0.0,0.0,0.0,4,0.0,3.683,0.0,0.0,0.0,0.0,0.0,0.0,0.0
159.201,apt_walk,PARKED,0.0,0.0,0.0,4,0.0,3.683,0.0,0.0,0.0,0.0,0.0,0.0,0.0
159.301,apt_walk,PARKED,0.0,0.0,0.0,4,0.0,3.683,0.0,0.0,0.0,0.0,0.0,0.0,0.0
159.448,apt_walk,PARKED,0.0,0.0,0.0,4,0.0,3.192,0.0,0.0,0.0,0.0,0.0,0.0,0.0
159.511,apt_walk,PARKED,0.0,0.0,0.0,4,0.0,2.952,0.0,0.0,0.0,0.0,0.0,0.0,0.0
159.619,apt_walk,PARKED,0.0,0.0,0.0,4,0.0,2.828,0.0,0.0,0.0,0.0,0.0,0.0,0.0
159.719,apt_walk,PARKED,0.0,0.0,0.0,4,0.0,2.68,0.0,0.0,0.0,0.0,0.0,0.0,0.0
159.847,apt_walk,PARKED,0.0,0.0,0.0,4,0.0,2.625,0.0,0.0,0.0,0.0,0.0,0.0,0.0
159.904,apt_walk,PARKED,0.0,0.0,0.0,4,0.0,2.625,0.0,0.0,0.0,0.0,0.0,0.0,0.0
160.031,apt_walk,PARKED,0.0,0.0,0.0,4,0.0,2.487,0.0,0.0,0.0,0.0,0.0,0.0,0.0
160.101,apt_walk,PARKED,0.0,0.0,0.0,4,0.0,2.487,0.0,0.0,0.0,0.0,0.0,0.0,0.0
160.206,apt_walk,PARKED,0.0,0.0,0.0,4,0.0,2.336,0.0,0.0,0.0,0.0,0.0,0.0,0.0
160.301,apt_walk,PARKED,0.0,0.0,0.0,4,0.0,2.336,0.0,0.0,0.0,0.0,0.0,0.0,0.0
160.437,apt_walk,PARKED,0.0,0.0,0.0,3,0.0,2.04,0.0,0.0,0.0,0.0,0.0,0.0,0.0
160.501,apt_walk,PARKED,0.0,0.0,0.0,3,0.0,2.04,0.0,0.0,0.0,0.0,0.0,0.0,0.0
160.618,apt_walk,PARKED,0.0,0.0,0.0,3,0.0,1.934,0.0,0.0,0.0,0.0,0.0,0.0,0.0
160.701,apt_walk,PARKED,0.0,0.0,0.0,3,0.0,1.934,0.0,0.0,0.0,0.0,0.0,0.0,0.0
160.801,apt_walk,PARKED,0.0,0.0,0.0,3,0.0,1.856,0.0,0.0,0.0,0.0,0.0,0.0,0.0
160.919,apt_walk,PARKED,0.0,0.0,0.0,3,0.032,1.709,0.0,0.0,0.0,0.0,0.0,0.0,0.0
161.044,apt_walk,PARKED,0.0,0.0,0.0,3,0.0117,1.677,0.0,0.0,0.0,0.0,0.0,0.0,0.0
161.101,apt_walk,PARKED,0.0,0.0,0.0,3,0.0117,1.677,0.0,0.0,0.0,0.0,0.0,0.0,0.0
161.2,apt_walk,PARKED,0.0,0.0,0.0,3,0.0117,1.677,0.0,0.0,0.0,0.0,0.0,0.0,0.0
161.331,apt_walk,PARKED,0.0,0.0,0.0,3,0.2996,1.635,0.0,0.0,0.0,0.0,0.0,0.0,0.0
161.401,apt_walk,PARKED,0.0,0.0,0.0,3,0.2996,1.635,0.0,0.0,0.0,0.0,0.0,0.0,0.0
161.502,apt_walk,PARKED,0.0,0.0,0.0,3,0.2163,1.619,0.0,0.0,0.0,0.0,0.0,0.0,0.0
161.619,apt_walk,PARKED,0.0,0.0,0.0,3,0.0878,1.61,0.0,0.0,0.0,0.0,0.0,0.0,0.0
161.701,apt_walk,PARKED,0.0,0.0,0.0,3,0.1109,1.625,0.0,0.0,0.0,0.0,0.0,0.0,0.0
161.802,apt_walk,PARKED,0.0,0.0,0.0,3,0.1109,1.625,0.0,0.0,0.0,0.0,0.0,0.0,0.0
161.935,apt_walk,PARKED,0.0,0.0,0.0,3,0.4114,1.68,0.0,0.0,0.0,0.0,0.0,0.0,0.0
162.001,apt_walk,PARKED,0.0,0.0,0.0,3,0.108,1.803,0.0,0.0,0.0,0.0,0.0,0.0,0.0
162.101,apt_walk,PARKED,0.0,0.0,0.0,3,0.0,1.939,0.0,0.0,0.0,0.0,0.0,0.0,0.0
162.201,apt_walk,PARKED,0.0,0.0,0.0,3,0.0,1.939,0.0,0.0,0.0,0.0,0.0,0.0,0.0
162.301,apt_walk,PARKED,0.0,0.0,0.0,3,0.0,1.939,0.0,0.0,0.0,0.0,0.0,0.0,0.0
162.405,apt_walk,PARKED,0.0,0.0,0.0,3,0.0,2.069,0.0,0.0,0.0,0.0,0.0,0.0,0.0
162.501,apt_walk,PARKED,0.0,0.0,0.0,3,0.0,2.069,0.0,0.0,0.0,0.0,0.0,0.0,0.0
162.601,apt_walk,PARKED,0.0,0.0,0.0,3,0.0,2.333,0.0,0.0,0.0,0.0,0.0,0.0,0.0
162.701,apt_walk,PARKED,0.0,0.0,0.0,3,0.0,2.484,0.0,0.0,0.0,0.0,0.0,0.0,0.0
162.801,apt_walk,PARKED,0.0,0.0,0.0,3,0.0,2.484,0.0,0.0,0.0,0.0,0.0,0.0,0.0
162.943,apt_walk,PARKED,0.0,0.0,0.0,3,0.0,2.681,0.0,0.0,0.0,0.0,0.0,0.0,0.0
163.008,apt_walk,PARKED,0.0,0.0,0.0,3,0.0,2.911,0.0,0.0,0.0,0.0,0.0,0.0,0.0
163.101,apt_walk,PARKED,0.0,0.0,0.0,3,0.0,2.911,0.0,0.0,0.0,0.0,0.0,0.0,0.0
163.202,apt_walk,PARKED,0.0,0.0,0.0,3,0.0,3.002,0.0,0.0,0.0,0.0,0.0,0.0,0.0
163.301,apt_walk,PARKED,0.0,0.0,0.0,4,0.0,3.071,0.0,0.0,0.0,0.0,0.0,0.0,0.0
163.401,apt_walk,PARKED,0.0,0.0,0.0,4,0.0,3.071,0.0,0.0,0.0,0.0,0.0,0.0,0.0
163.502,apt_walk,PARKED,0.0,0.0,0.0,3,0.0,3.266,0.0,0.0,0.0,0.0,0.0,0.0,0.0
163.601,apt_walk,PARKED,0.0,0.0,0.0,3,0.0,3.266,0.0,0.0,0.0,0.0,0.0,0.0,0.0
163.705,apt_walk,PARKED,0.0,0.0,0.0,3,0.0,3.507,0.0,0.0,0.0,0.0,0.0,0.0,0.0
163.801,apt_walk,PARKED,0.0,0.0,0.0,3,0.0,3.507,0.0,0.0,0.0,0.0,0.0,0.0,0.0
163.939,apt_walk,PARKED,0.0,0.0,0.0,3,0.0,3.709,0.0,0.0,0.0,0.0,0.0,0.0,0.0
164.012,apt_walk,PARKED,0.0,0.0,0.0,3,0.0,3.709,0.0,0.0,0.0,0.0,0.0,0.0,0.0
164.101,apt_walk,PARKED,0.0,0.0,0.0,4,0.0,3.733,0.0,0.0,0.0,0.0,0.0,0.0,0.0
164.201,apt_walk,PARKED,0.0,0.0,0.0,4,0.0,3.733,0.0,0.0,0.0,0.0,0.0,0.0,0.0
164.3,apt_walk,PARKED,0.0,0.0,0.0,4,0.0,3.733,0.0,0.0,0.0,0.0,0.0,0.0,0.0
164.424,apt_walk,PARKED,0.0,0.0,0.0,4,0.0,3.791,0.0,0.0,0.0,0.0,0.0,0.0,0.0
164.501,apt_walk,PARKED,0.0,0.0,0.0,4,0.0,3.791,0.0,0.0,0.0,0.0,0.0,0.0,0.0
164.601,apt_walk,PARKED,0.0,0.0,0.0,4,0.0,3.791,0.0,0.0,0.0,0.0,0.0,0.0,0.0
164.701,apt_walk,PARKED,0.0,0.0,0.0,4,0.0,3.791,0.0,0.0,0.0,0.0,0.0,0.0,0.0
164.824,apt_walk,PARKED,0.0,0.0,0.0,3,0.0,3.698,0.0,0.0,0.0,0.0,0.0,0.0,0.0
164.902,apt_walk,PARKED,0.0,0.0,0.0,3,0.0,3.698,0.0,0.0,0.0,0.0,0.0,0.0,0.0
165.001,apt_walk,PARKED,0.0,0.0,0.0,3,0.0,3.81,0.0,0.0,0.0,0.0,0.0,0.0,0.0
165.101,apt_walk,PARKED,0.0,0.0,0.0,3,0.0,3.81,0.0,0.0,0.0,0.0,0.0,0.0,0.0
165.202,apt_walk,PARKED,0.0,0.0,0.0,3,0.0,3.768,0.0,0.0,0.0,0.0,0.0,0.0,0.0
165.327,apt_walk,PARKED,0.0,0.0,0.0,3,0.0,3.798,0.0,0.0,0.0,0.0,0.0,0.0,0.0
165.401,apt_walk,PARKED,0.0,0.0,0.0,3,0.0,3.798,0.0,0.0,0.0,0.0,0.0,0.0,0.0
165.501,apt_walk,PARKED,0.0,0.0,0.0,3,0.0,3.808,0.0,0.0,0.0,0.0,0.0,0.0,0.0
165.602,apt_walk,PARKED,0.0,0.0,0.0,3,0.0,3.808,0.0,0.0,0.0,0.0,0.0,0.0,0.0
165.726,apt_walk,PARKED,0.0,0.0,0.0,3,0.0,3.806,0.0,0.0,0.0,0.0,0.0,0.0,0.0
165.802,apt_walk,PARKED,0.0,0.0,0.0,3,0.0,3.806,0.0,0.0,0.0,0.0,0.0,0.0,0.0
165.901,apt_walk,PARKED,0.0,0.0,0.0,3,0.0,3.806,0.0,0.0,0.0,0.0,0.0,0.0,0.0
166.02,apt_walk,PARKED,0.0,0.0,0.0,4,0.0,3.756,0.0,0.0,0.0,0.0,0.0,0.0,0.0
166.101,apt_walk,PARKED,0.0,0.0,0.0,4,0.0,3.756,0.0,0.0,0.0,0.0,0.0,0.0,0.0
166.239,apt_walk,PARKED,0.0,0.0,0.0,3,0.0,3.722,0.0,0.0,0.0,0.0,0.0,0.0,0.0
166.316,apt_walk,PARKED,0.0,0.0,0.0,3,0.0,3.722,0.0,0.0,0.0,0.0,0.0,0.0,0.0
166.401,apt_walk,PARKED,0.0,0.0,0.0,3,0.0,3.661,0.0,0.0,0.0,0.0,0.0,0.0,0.0
166.501,apt_walk,PARKED,0.0,0.0,0.0,3,0.0,3.661,0.0,0.0,0.0,0.0,0.0,0.0,0.0
166.602,apt_walk,PARKED,0.0,0.0,0.0,3,0.0,3.643,0.0,0.0,0.0,0.0,0.0,0.0,0.0
166.702,apt_walk,PARKED,0.0,0.0,0.0,3,0.0,3.643,0.0,0.0,0.0,0.0,0.0,0.0,0.0
166.808,apt_walk,PARKED,0.0,0.0,0.0,3,0.0,3.481,0.0,0.0,0.0,0.0,0.0,0.0,0.0
166.901,apt_walk,PARKED,0.0,0.0,0.0,3,0.0,3.481,0.0,0.0,0.0,0.0,0.0,0.0,0.0
167.002,apt_walk,PARKED,0.0,0.0,0.0,3,0.0,3.141,0.0,0.0,0.0,0.0,0.0,0.0,0.0
167.129,apt_walk,PARKED,0.0,0.0,0.0,3,0.0,3.141,0.0,0.0,0.0,0.0,0.0,0.0,0.0
167.202,apt_walk,PARKED,0.0,0.0,0.0,3,0.0,3.141,0.0,0.0,0.0,0.0,0.0,0.0,0.0
167.349,apt_walk,PARKED,0.0,0.0,0.0,3,0.0,2.779,0.0,0.0,0.0,0.0,0.0,0.0,0.0
167.401,apt_walk,PARKED,0.0,0.0,0.0,3,0.0,2.779,0.0,0.0,0.0,0.0,0.0,0.0,0.0
167.526,apt_walk,PARKED,0.0,0.0,0.0,3,0.0,2.654,0.0,0.0,0.0,0.0,0.0,0.0,0.0
167.601,apt_walk,PARKED,0.0,0.0,0.0,3,0.0,2.654,0.0,0.0,0.0,0.0,0.0,0.0,0.0
167.701,apt_walk,PARKED,0.0,0.0,0.0,3,0.0,2.654,0.0,0.0,0.0,0.0,0.0,0.0,0.0
167.844,apt_walk,PARKED,0.0,0.0,0.0,3,0.0,2.274,0.0,0.0,0.0,0.0,0.0,0.0,0.0
167.901,apt_walk,PARKED,0.0,0.0,0.0,3,0.0,2.274,0.0,0.0,0.0,0.0,0.0,0.0,0.0
168.001,apt_walk,PARKED,0.0,0.0,0.0,3,0.0,2.274,0.0,0.0,0.0,0.0,0.0,0.0,0.0
168.101,apt_walk,PARKED,0.0,0.0,0.0,3,0.0,2.274,0.0,0.0,0.0,0.0,0.0,0.0,0.0
168.213,apt_walk,PARKED,0.0,0.0,0.0,3,0.0,2.009,0.0,0.0,0.0,0.0,0.0,0.0,0.0
168.343,apt_walk,PARKED,0.0,0.0,0.0,3,0.0,1.813,0.0,0.0,0.0,0.0,0.0,0.0,0.0
168.401,apt_walk,PARKED,0.0,0.0,0.0,3,0.0,1.813,0.0,0.0,0.0,0.0,0.0,0.0,0.0
168.522,apt_walk,PARKED,0.0,0.0,0.0,3,0.0,1.813,0.0,0.0,0.0,0.0,0.0,0.0,0.0
168.628,apt_walk,PARKED,0.0,0.0,0.0,3,0.3003,1.719,0.0,0.0,0.0,0.0,0.0,0.0,0.0
168.701,apt_walk,PARKED,0.0,0.0,0.0,3,0.083,1.685,0.0,0.0,0.0,0.0,0.0,0.0,0.0
168.801,apt_walk,PARKED,0.0,0.0,0.0,3,0.083,1.685,0.0,0.0,0.0,0.0,0.0,0.0,0.0
168.902,apt_walk,PARKED,0.0,0.0,0.0,3,0.0182,1.663,0.0,0.0,0.0,0.0,0.0,0.0,0.0
169.001,apt_walk,PARKED,0.0,0.0,0.0,3,0.0182,1.663,0.0,0.0,0.0,0.0,0.0,0.0,0.0
169.127,apt_walk,PARKED,0.0,0.0,0.0,3,0.1936,1.66,0.0,0.0,0.0,0.0,0.0,0.0,0.0
169.204,apt_walk,PARKED,0.0,0.0,0.0,3,0.1936,1.66,0.0,0.0,0.0,0.0,0.0,0.0,0.0
169.317,apt_walk,PARKED,0.0,0.0,0.0,3,0.176,1.667,0.0,0.0,0.0,0.0,0.0,0.0,0.0
169.401,apt_walk,PARKED,0.0,0.0,0.0,3,0.176,1.667,0.0,0.0,0.0,0.0,0.0,0.0,0.0
169.501,apt_walk,PARKED,0.0,0.0,0.0,3,0.2232,1.683,0.0,0.0,0.0,0.0,0.0,0.0,0.0
169.628,apt_walk,PARKED,0.0,0.0,0.0,3,0.0,1.867,0.0,0.0,0.0,0.0,0.0,0.0,0.0
169.701,apt_walk,PARKED,0.0,0.0,0.0,3,0.0,1.959,0.0,0.0,0.0,0.0,0.0,0.0,0.0
169.801,apt_walk,PARKED,0.0,0.0,0.0,3,0.0,1.959,0.0,0.0,0.0,0.0,0.0,0.0,0.0
169.901,apt_walk,PARKED,0.0,0.0,0.0,3,0.0,2.02,0.0,0.0,0.0,0.0,0.0,0.0,0.0
170.009,apt_walk,PARKED,0.0,0.0,0.0,3,0.0,2.081,0.0,0.0,0.0,0.0,0.0,0.0,0.0
170.101,apt_walk,PARKED,0.0,0.0,0.0,3,0.0,2.081,0.0,0.0,0.0,0.0,0.0,0.0,0.0
170.213,apt_walk,PARKED,0.0,0.0,0.0,3,0.0,2.254,0.0,0.0,0.0,0.0,0.0,0.0,0.0
170.301,apt_walk,PARKED,0.0,0.0,0.0,3,0.0,2.424,0.0,0.0,0.0,0.0,0.0,0.0,0.0
170.401,apt_walk,PARKED,0.0,0.0,0.0,3,0.0,2.424,0.0,0.0,0.0,0.0,0.0,0.0,0.0
170.501,apt_walk,PARKED,0.0,0.0,0.0,3,0.0,2.536,0.0,0.0,0.0,0.0,0.0,0.0,0.0
170.601,apt_walk,PARKED,0.0,0.0,0.0,3,0.0,2.536,0.0,0.0,0.0,0.0,0.0,0.0,0.0
170.701,apt_walk,PARKED,0.0,0.0,0.0,3,0.0,2.536,0.0,0.0,0.0,0.0,0.0,0.0,0.0
170.817,apt_walk,PARKED,0.0,0.0,0.0,3,0.0,2.762,0.0,0.0,0.0,0.0,0.0,0.0,0.0
170.901,apt_walk,PARKED,0.0,0.0,0.0,3,0.0,2.97,0.0,0.0,0.0,0.0,0.0,0.0,0.0
171.037,apt_walk,PARKED,0.0,0.0,0.0,3,0.0,2.97,0.0,0.0,0.0,0.0,0.0,0.0,0.0
171.101,apt_walk,PARKED,0.0,0.0,0.0,3,0.0,2.97,0.0,0.0,0.0,0.0,0.0,0.0,0.0
171.201,apt_walk,PARKED,0.0,0.0,0.0,3,0.0,2.97,0.0,0.0,0.0,0.0,0.0,0.0,0.0
171.301,apt_walk,PARKED,0.0,0.0,0.0,3,0.0,2.97,0.0,0.0,0.0,0.0,0.0,0.0,0.0
171.423,apt_walk,PARKED,0.0,0.0,0.0,3,0.0,3.443,0.0,0.0,0.0,0.0,0.0,0.0,0.0
171.501,apt_walk,PARKED,0.0,0.0,0.0,3,0.0,3.443,0.0,0.0,0.0,0.0,0.0,0.0,0.0
171.601,apt_walk,PARKED,0.0,0.0,0.0,3,0.0,3.589,0.0,0.0,0.0,0.0,0.0,0.0,0.0
171.701,apt_walk,PARKED,0.0,0.0,0.0,3,0.0,3.589,0.0,0.0,0.0,0.0,0.0,0.0,0.0
171.801,apt_walk,PARKED,0.0,0.0,0.0,3,0.0,3.589,0.0,0.0,0.0,0.0,0.0,0.0,0.0
171.934,apt_walk,PARKED,0.0,0.0,0.0,3,0.0,3.744,0.0,0.0,0.0,0.0,0.0,0.0,0.0
172.005,apt_walk,PARKED,0.0,0.0,0.0,3,0.0,3.744,0.0,0.0,0.0,0.0,0.0,0.0,0.0
172.149,apt_walk,PARKED,0.0,0.0,0.0,3,0.0,3.7,0.0,0.0,0.0,0.0,0.0,0.0,0.0
172.202,apt_walk,PARKED,0.0,0.0,0.0,3,0.0,3.7,0.0,0.0,0.0,0.0,0.0,0.0,0.0
172.301,apt_walk,PARKED,0.0,0.0,0.0,3,0.0,3.7,0.0,0.0,0.0,0.0,0.0,0.0,0.0
172.438,apt_walk,PARKED,0.0,0.0,0.0,4,0.0,3.789,0.0,0.0,0.0,0.0,0.0,0.0,0.0
172.501,apt_walk,PARKED,0.0,0.0,0.0,4,0.0,3.789,0.0,0.0,0.0,0.0,0.0,0.0,0.0
172.601,apt_walk,PARKED,0.0,0.0,0.0,4,0.0,3.789,0.0,0.0,0.0,0.0,0.0,0.0,0.0
172.735,apt_walk,PARKED,0.0,0.0,0.0,4,0.0,3.778,0.0,0.0,0.0,0.0,0.0,0.0,0.0
172.807,apt_walk,PARKED,0.0,0.0,0.0,4,0.0,3.809,0.0,0.0,0.0,0.0,0.0,0.0,0.0
172.902,apt_walk,PARKED,0.0,0.0,0.0,4,0.0,3.809,0.0,0.0,0.0,0.0,0.0,0.0,0.0
173.013,apt_walk,PARKED,0.0,0.0,0.0,4,0.0,3.695,0.0,0.0,0.0,0.0,0.0,0.0,0.0
173.102,apt_walk,PARKED,0.0,0.0,0.0,4,0.0,3.715,0.0,0.0,0.0,0.0,0.0,0.0,0.0
173.201,apt_walk,PARKED,0.0,0.0,0.0,4,0.0,3.715,0.0,0.0,0.0,0.0,0.0,0.0,0.0
173.301,apt_walk,PARKED,0.0,0.0,0.0,4,0.0,3.642,0.0,0.0,0.0,0.0,0.0,0.0,0.0
173.401,apt_walk,PARKED,0.0,0.0,0.0,4,0.0,3.642,0.0,0.0,0.0,0.0,0.0,0.0,0.0
173.501,apt_walk,PARKED,0.0,0.0,0.0,4,0.0,3.642,0.0,0.0,0.0,0.0,0.0,0.0,0.0
173.601,apt_walk,PARKED,0.0,0.0,0.0,4,0.0,3.655,0.0,0.0,0.0,0.0,0.0,0.0,0.0
173.707,apt_walk,PARKED,0.0,0.0,0.0,4,0.0,3.655,0.0,0.0,0.0,0.0,0.0,0.0,0.0
173.801,apt_walk,PARKED,0.0,0.0,0.0,4,0.0,3.716,0.0,0.0,0.0,0.0,0.0,0.0,0.0
173.901,apt_walk,PARKED,0.0,0.0,0.0,4,0.0,3.716,0.0,0.0,0.0,0.0,0.0,0.0,0.0
174.001,apt_walk,PARKED,0.0,0.0,0.0,4,0.0,3.716,0.0,0.0,0.0,0.0,0.0,0.0,0.0
174.101,apt_walk,PARKED,0.0,0.0,0.0,4,0.0,3.656,0.0,0.0,0.0,0.0,0.0,0.0,0.0
174.201,apt_walk,PARKED,0.0,0.0,0.0,4,0.0,3.656,0.0,0.0,0.0,0.0,0.0,0.0,0.0
174.301,apt_walk,PARKED,0.0,0.0,0.0,4,0.0,3.656,0.0,0.0,0.0,0.0,0.0,0.0,0.0
174.401,apt_walk,PARKED,0.0,0.0,0.0,4,0.0,3.656,0.0,0.0,0.0,0.0,0.0,0.0,0.0
174.501,apt_walk,PARKED,0.0,0.0,0.0,4,0.0,3.656,0.0,0.0,0.0,0.0,0.0,0.0,0.0
174.636,apt_walk,PARKED,0.0,0.0,0.0,5,0.0,2.887,0.0,0.0,0.0,0.0,0.0,0.0,0.0
174.703,apt_walk,PARKED,0.0,0.0,0.0,5,0.0,2.887,0.0,0.0,0.0,0.0,0.0,0.0,0.0
174.801,apt_walk,PARKED,0.0,0.0,0.0,5,0.0,2.887,0.0,0.0,0.0,0.0,0.0,0.0,0.0
174.95,apt_walk,PARKED,0.0,0.0,0.0,5,0.0,2.756,0.0,0.0,0.0,0.0,0.0,0.0,0.0
175.001,apt_walk,PARKED,0.0,0.0,0.0,5,0.0,2.756,0.0,0.0,0.0,0.0,0.0,0.0,0.0
175.146,apt_walk,PARKED,0.0,0.0,0.0,5,0.0,2.401,0.0,0.0,0.0,0.0,0.0,0.0,0.0
175.201,apt_walk,PARKED,0.0,0.0,0.0,5,0.0,2.401,0.0,0.0,0.0,0.0,0.0,0.0,0.0
175.301,apt_walk,PARKED,0.0,0.0,0.0,5,0.0,2.401,0.0,0.0,0.0,0.0,0.0,0.0,0.0
175.401,apt_walk,PARKED,0.0,0.0,0.0,5,0.0,2.311,0.0,0.0,0.0,0.0,0.0,0.0,0.0
175.547,apt_walk,PARKED,0.0,0.0,0.0,4,0.0,2.039,0.0,0.0,0.0,0.0,0.0,0.0,0.0
175.603,apt_walk,PARKED,0.0,0.0,0.0,4,0.0,2.039,0.0,0.0,0.0,0.0,0.0,0.0,0.0
175.701,apt_walk,PARKED,0.0,0.0,0.0,4,0.0,2.039,0.0,0.0,0.0,0.0,0.0,0.0,0.0
175.802,apt_walk,PARKED,0.0,0.0,0.0,4,0.0,1.922,0.0,0.0,0.0,0.0,0.0,0.0,0.0
175.912,apt_walk,PARKED,0.0,0.0,0.0,4,0.0,1.823,0.0,0.0,0.0,0.0,0.0,0.0,0.0
176.045,apt_walk,PARKED,0.0,0.0,0.0,4,0.3162,1.7,0.0,0.0,0.0,0.0,0.0,0.0,0.0
176.101,apt_walk,PARKED,0.0,0.0,0.0,4,0.3162,1.7,0.0,0.0,0.0,0.0,0.0,0.0,0.0
176.211,apt_walk,PARKED,0.0,0.0,0.0,4,0.2818,1.621,0.0,0.0,0.0,0.0,0.0,0.0,0.0
176.35,apt_walk,PARKED,0.0,0.0,0.0,4,0.2818,1.621,0.0,0.0,0.0,0.0,0.0,0.0,0.0
176.411,apt_walk,PARKED,0.0,0.0,0.0,3,0.2536,1.495,0.0,0.0,0.0,0.0,0.0,0.0,0.0
176.501,apt_walk,PARKED,0.0,0.0,0.0,3,0.2536,1.495,0.0,0.0,0.0,0.0,0.0,0.0,0.0
176.601,apt_walk,PARKED,0.0,0.0,0.0,3,0.2536,1.495,0.0,0.0,0.0,0.0,0.0,0.0,0.0
176.701,apt_walk,PARKED,0.0,0.0,0.0,3,0.0344,1.447,0.0,0.0,0.0,0.0,0.0,0.0,0.0
176.801,apt_walk,PARKED,0.0,0.0,0.0,3,0.0488,1.421,0.0,0.0,0.0,0.0,0.0,0.0,0.0
176.901,apt_walk,PARKED,0.0,0.0,0.0,3,0.0488,1.421,0.0,0.0,0.0,0.0,0.0,0.0,0.0
177.001,apt_walk,PARKED,0.0,0.0,0.0,3,0.0789,1.404,0.0,0.0,0.0,0.0,0.0,0.0,0.0
177.101,apt_walk,PARKED,0.0,0.0,0.0,3,0.4089,1.44,0.0,0.0,0.0,0.0,0.0,0.0,0.0
177.202,apt_walk,PARKED,0.0,0.0,0.0,3,0.4089,1.44,0.0,0.0,0.0,0.0,0.0,0.0,0.0
177.301,apt_walk,PARKED,0.0,0.0,0.0,3,0.4089,1.44,0.0,0.0,0.0,0.0,0.0,0.0,0.0
177.432,apt_walk,PARKED,0.0,0.0,0.0,3,0.6244,1.494,0.0,0.0,0.0,0.0,0.0,0.0,0.0
177.502,apt_walk,PARKED,0.0,0.0,0.0,3,0.6244,1.494,0.0,0.0,0.0,0.0,0.0,0.0,0.0
177.601,apt_walk,PARKED,0.0,0.0,0.0,3,0.615,1.845,0.0,0.0,0.0,0.0,0.0,0.0,0.0
177.749,apt_walk,PARKED,0.0,0.0,0.0,3,0.615,1.845,0.0,0.0,0.0,0.0,0.0,0.0,0.0
177.801,apt_walk,PARKED,0.0,0.0,0.0,3,0.615,1.845,0.0,0.0,0.0,0.0,0.0,0.0,0.0
177.929,apt_walk,PARKED,0.0,0.0,0.0,3,0.0,2.169,0.0,0.0,0.0,0.0,0.0,0.0,0.0
178.001,apt_walk,PARKED,0.0,0.0,0.0,3,0.0,2.169,0.0,0.0,0.0,0.0,0.0,0.0,0.0
178.101,apt_walk,PARKED,0.0,0.0,0.0,3,0.0,2.315,0.0,0.0,0.0,0.0,0.0,0.0,0.0
178.201,apt_walk,PARKED,0.0,0.0,0.0,3,0.0,2.315,0.0,0.0,0.0,0.0,0.0,0.0,0.0
178.301,apt_walk,PARKED,0.0,0.0,0.0,3,0.0,2.315,0.0,0.0,0.0,0.0,0.0,0.0,0.0
178.436,apt_walk,PARKED,0.0,0.0,0.0,3,0.0,2.547,0.0,0.0,0.0,0.0,0.0,0.0,0.0
178.501,apt_walk,PARKED,0.0,0.0,0.0,3,0.0,2.547,0.0,0.0,0.0,0.0,0.0,0.0,0.0
178.601,apt_walk,PARKED,0.0,0.0,0.0,3,0.0,2.547,0.0,0.0,0.0,0.0,0.0,0.0,0.0
178.701,apt_walk,PARKED,0.0,0.0,0.0,3,0.0,2.547,0.0,0.0,0.0,0.0,0.0,0.0,0.0
178.801,apt_walk,PARKED,0.0,0.0,0.0,3,0.0,2.547,0.0,0.0,0.0,0.0,0.0,0.0,0.0
178.917,apt_walk,PARKED,0.0,0.0,0.0,4,0.0,3.112,0.0,0.0,0.0,0.0,0.0,0.0,0.0
179.001,apt_walk,PARKED,0.0,0.0,0.0,4,0.0,3.112,0.0,0.0,0.0,0.0,0.0,0.0,0.0
179.127,apt_walk,PARKED,0.0,0.0,0.0,4,0.0,3.112,0.0,0.0,0.0,0.0,0.0,0.0,0.0
179.23,apt_walk,PARKED,0.0,0.0,0.0,4,0.0,3.244,0.0,0.0,0.0,0.0,0.0,0.0,0.0
179.301,apt_walk,PARKED,0.0,0.0,0.0,4,0.0,3.56,0.0,0.0,0.0,0.0,0.0,0.0,0.0
179.401,apt_walk,PARKED,0.0,0.0,0.0,4,0.0,3.682,0.0,0.0,0.0,0.0,0.0,0.0,0.0
179.501,apt_walk,PARKED,0.0,0.0,0.0,4,0.0,3.682,0.0,0.0,0.0,0.0,0.0,0.0,0.0
179.601,apt_walk,PARKED,0.0,0.0,0.0,4,0.0,3.682,0.0,0.0,0.0,0.0,0.0,0.0,0.0
179.701,apt_walk,PARKED,0.0,0.0,0.0,4,0.0,3.682,0.0,0.0,0.0,0.0,0.0,0.0,0.0
179.825,apt_walk,PARKED,0.0,0.0,0.0,4,0.0,3.812,0.0,0.0,0.0,0.0,0.0,0.0,0.0
179.901,apt_walk,PARKED,0.0,0.0,0.0,4,0.0,3.812,0.0,0.0,0.0,0.0,0.0,0.0,0.0
180.002,apt_walk,PARKED,0.0,0.0,0.0,4,0.0,3.812,0.0,0.0,0.0,0.0,0.0,0.0,0.0
180.129,apt_walk,PARKED,0.0,0.0,0.0,4,0.0,3.73,0.0,0.0,0.0,0.0,0.0,0.0,0.0
180.201,apt_walk,PARKED,0.0,0.0,0.0,4,0.0,3.723,0.0,0.0,0.0,0.0,0.0,0.0,0.0
180.301,apt_walk,PARKED,0.0,0.0,0.0,4,0.0,3.723,0.0,0.0,0.0,0.0,0.0,0.0,0.0
180.409,apt_walk,PARKED,0.0,0.0,0.0,4,0.0,3.76,0.0,0.0,0.0,0.0,0.0,0.0,0.0
180.501,apt_walk,PARKED,0.0,0.0,0.0,4,0.0,3.76,0.0,0.0,0.0,0.0,0.0,0.0,0.0
180.614,apt_walk,PARKED,0.0,0.0,0.0,4,0.0,3.785,0.0,0.0,0.0,0.0,0.0,0.0,0.0
180.701,apt_walk,PARKED,0.0,0.0,0.0,4,0.0,3.785,0.0,0.0,0.0,0.0,0.0,0.0,0.0
180.832,apt_walk,PARKED,0.0,0.0,0.0,4,0.0,3.736,0.0,0.0,0.0,0.0,0.0,0.0,0.0
180.925,apt_walk,PARKED,0.0,0.0,0.0,4,0.0,3.736,0.0,0.0,0.0,0.0,0.0,0.0,0.0
181.028,apt_walk,PARKED,0.0,0.0,0.0,4,0.0,3.709,0.0,0.0,0.0,0.0,0.0,0.0,0.0
181.101,apt_walk,PARKED,0.0,0.0,0.0,4,0.0,3.715,0.0,0.0,0.0,0.0,0.0,0.0,0.0
181.223,apt_walk,PARKED,0.0,0.0,0.0,4,0.0,3.769,0.0,0.0,0.0,0.0,0.0,0.0,0.0
181.301,apt_walk,PARKED,0.0,0.0,0.0,4,0.0,3.769,0.0,0.0,0.0,0.0,0.0,0.0,0.0
181.4,apt_walk,PARKED,0.0,0.0,0.0,4,0.0,3.769,0.0,0.0,0.0,0.0,0.0,0.0,0.0
181.501,apt_walk,PARKED,0.0,0.0,0.0,4,0.0,3.769,0.0,0.0,0.0,0.0,0.0,0.0,0.0
181.601,apt_walk,PARKED,0.0,0.0,0.0,4,0.0,3.768,0.0,0.0,0.0,0.0,0.0,0.0,0.0
181.701,apt_walk,PARKED,0.0,0.0,0.0,4,0.0,3.719,0.0,0.0,0.0,0.0,0.0,0.0,0.0
181.801,apt_walk,PARKED,0.0,0.0,0.0,4,0.0,3.719,0.0,0.0,0.0,0.0,0.0,0.0,0.0
181.901,apt_walk,PARKED,0.0,0.0,0.0,4,0.0,3.719,0.0,0.0,0.0,0.0,0.0,0.0,0.0
182.001,apt_walk,PARKED,0.0,0.0,0.0,4,0.0,3.466,0.0,0.0,0.0,0.0,0.0,0.0,0.0
182.129,apt_walk,PARKED,0.0,0.0,0.0,3,0.0,3.337,0.0,0.0,0.0,0.0,0.0,0.0,0.0
182.202,apt_walk,PARKED,0.0,0.0,0.0,3,0.0,3.337,0.0,0.0,0.0,0.0,0.0,0.0,0.0
182.315,apt_walk,PARKED,0.0,0.0,0.0,3,0.0,3.337,0.0,0.0,0.0,0.0,0.0,0.0,0.0
182.422,apt_walk,PARKED,0.0,0.0,0.0,3,0.0,3.222,0.0,0.0,0.0,0.0,0.0,0.0,0.0
182.51,apt_walk,PARKED,0.0,0.0,0.0,3,0.0,2.938,0.0,0.0,0.0,0.0,0.0,0.0,0.0
182.602,apt_walk,PARKED,0.0,0.0,0.0,3,0.0,2.938,0.0,0.0,0.0,0.0,0.0,0.0,0.0
182.701,apt_walk,PARKED,0.0,0.0,0.0,3,0.0,2.938,0.0,0.0,0.0,0.0,0.0,0.0,0.0
182.813,apt_walk,PARKED,0.0,0.0,0.0,3,0.0,2.849,0.0,0.0,0.0,0.0,0.0,0.0,0.0
182.902,apt_walk,PARKED,0.0,0.0,0.0,3,0.0,2.849,0.0,0.0,0.0,0.0,0.0,0.0,0.0
183.002,apt_walk,PARKED,0.0,0.0,0.0,3,0.0,2.474,0.0,0.0,0.0,0.0,0.0,0.0,0.0
183.102,apt_walk,PARKED,0.0,0.0,0.0,3,0.0,2.474,0.0,0.0,0.0,0.0,0.0,0.0,0.0
183.201,apt_walk,PARKED,0.0,0.0,0.0,3,0.0,2.337,0.0,0.0,0.0,0.0,0.0,0.0,0.0
183.337,apt_walk,PARKED,0.0,0.0,0.0,3,0.0,2.119,0.0,0.0,0.0,0.0,0.0,0.0,0.0
183.411,apt_walk,PARKED,0.0,0.0,0.0,3,0.0,2.119,0.0,0.0,0.0,0.0,0.0,0.0,0.0
183.501,apt_walk,PARKED,0.0,0.0,0.0,3,0.0,2.008,0.0,0.0,0.0,0.0,0.0,0.0,0.0
183.612,apt_walk,PARKED,0.0,0.0,0.0,3,0.0,1.933,0.0,0.0,0.0,0.0,0.0,0.0,0.0
183.7,apt_walk,PARKED,0.0,0.0,0.0,3,0.0,1.89,0.0,0.0,0.0,0.0,0.0,0.0,0.0
183.848,apt_walk,PARKED,0.0,0.0,0.0,3,0.0,1.815,0.0,0.0,0.0,0.0,0.0,0.0,0.0
183.901,apt_walk,PARKED,0.0,0.0,0.0,3,0.0,1.815,0.0,0.0,0.0,0.0,0.0,0.0,0.0
184.001,apt_walk,PARKED,0.0,0.0,0.0,3,0.0,1.815,0.0,0.0,0.0,0.0,0.0,0.0,0.0
184.134,apt_walk,PARKED,0.0,0.0,0.0,3,0.4671,1.564,0.0,0.0,0.0,0.0,0.0,0.0,0.0
184.202,apt_walk,PARKED,0.0,0.0,0.0,3,0.4671,1.564,0.0,0.0,0.0,0.0,0.0,0.0,0.0
184.302,apt_walk,PARKED,0.0,0.0,0.0,3,0.4671,1.564,0.0,0.0,0.0,0.0,0.0,0.0,0.0
184.402,apt_walk,PARKED,0.0,0.0,0.0,3,0.058,1.54,0.0,0.0,0.0,0.0,0.0,0.0,0.0
184.501,apt_walk,PARKED,0.0,0.0,0.0,3,0.058,1.54,0.0,0.0,0.0,0.0,0.0,0.0,0.0
184.602,apt_walk,PARKED,0.0,0.0,0.0,3,0.021,1.469,0.0,0.0,0.0,0.0,0.0,0.0,0.0
184.718,apt_walk,PARKED,0.0,0.0,0.0,3,0.021,1.469,0.0,0.0,0.0,0.0,0.0,0.0,0.0
184.801,apt_walk,PARKED,0.0,0.0,0.0,3,0.2758,1.464,0.0,0.0,0.0,0.0,0.0,0.0,0.0
184.902,apt_walk,PARKED,0.0,0.0,0.0,3,0.2758,1.464,0.0,0.0,0.0,0.0,0.0,0.0,0.0
185.002,apt_walk,PARKED,0.0,0.0,0.0,3,0.2758,1.464,0.0,0.0,0.0,0.0,0.0,0.0,0.0
185.101,apt_walk,PARKED,0.0,0.0,0.0,3,0.2758,1.464,0.0,0.0,0.0,0.0,0.0,0.0,0.0
185.201,apt_walk,PARKED,0.0,0.0,0.0,3,0.3444,1.579,0.0,0.0,0.0,0.0,0.0,0.0,0.0
185.336,apt_walk,PARKED,0.0,0.0,0.0,3,0.5979,1.683,0.0,0.0,0.0,0.0,0.0,0.0,0.0
185.402,apt_walk,PARKED,0.0,0.0,0.0,3,0.5979,1.683,0.0,0.0,0.0,0.0,0.0,0.0,0.0
185.534,apt_walk,PARKED,0.0,0.0,0.0,3,0.5979,1.683,0.0,0.0,0.0,0.0,0.0,0.0,0.0
185.627,apt_walk,PARKED,0.0,0.0,0.0,3,0.0,2.01,0.0,0.0,0.0,0.0,0.0,0.0,0.0
185.744,apt_walk,PARKED,0.0,0.0,0.0,3,0.0,2.01,0.0,0.0,0.0,0.0,0.0,0.0,0.0
185.813,apt_walk,PARKED,0.0,0.0,0.0,3,0.0,2.127,0.0,0.0,0.0,0.0,0.0,0.0,0.0
185.923,apt_walk,PARKED,0.0,0.0,0.0,3,0.0,2.231,0.0,0.0,0.0,0.0,0.0,0.0,0.0
186.001,apt_walk,PARKED,0.0,0.0,0.0,3,0.0,2.231,0.0,0.0,0.0,0.0,0.0,0.0,0.0
186.115,apt_walk,PARKED,0.0,0.0,0.0,3,0.0,2.479,0.0,0.0,0.0,0.0,0.0,0.0,0.0
186.201,apt_walk,PARKED,0.0,0.0,0.0,3,0.0,2.559,0.0,0.0,0.0,0.0,0.0,0.0,0.0
186.301,apt_walk,PARKED,0.0,0.0,0.0,3,0.0,2.559,0.0,0.0,0.0,0.0,0.0,0.0,0.0
186.401,apt_walk,PARKED,0.0,0.0,0.0,3,0.0,2.559,0.0,0.0,0.0,0.0,0.0,0.0,0.0
186.534,apt_walk,PARKED,0.0,0.0,0.0,4,0.0,2.99,0.0,0.0,0.0,0.0,0.0,0.0,0.0
186.614,apt_walk,PARKED,0.0,0.0,0.0,4,0.0,2.99,0.0,0.0,0.0,0.0,0.0,0.0,0.0
186.701,apt_walk,PARKED,0.0,0.0,0.0,5,0.0,2.996,0.0,0.0,0.0,0.0,0.0,0.0,0.0
186.801,apt_walk,PARKED,0.0,0.0,0.0,5,0.0,2.996,0.0,0.0,0.0,0.0,0.0,0.0,0.0
186.902,apt_walk,PARKED,0.0,0.0,0.0,4,0.0,2.971,0.0,0.0,0.0,0.0,0.0,0.0,0.0
187.01,apt_walk,PARKED,0.0,0.0,0.0,4,0.0,3.037,0.0,0.0,0.0,0.0,0.0,0.0,0.0
187.101,apt_walk,PARKED,0.0,0.0,0.0,4,0.0,3.037,0.0,0.0,0.0,0.0,0.0,0.0,0.0
187.234,apt_walk,PARKED,0.0,0.0,0.0,4,0.0,3.037,0.0,0.0,0.0,0.0,0.0,0.0,0.0
187.301,apt_walk,PARKED,0.0,0.0,0.0,4,0.0,3.037,0.0,0.0,0.0,0.0,0.0,0.0,0.0
187.401,apt_walk,PARKED,0.0,0.0,0.0,4,0.0,3.037,0.0,0.0,0.0,0.0,0.0,0.0,0.0
187.543,apt_walk,PARKED,0.0,0.0,0.0,3,0.0,3.709,0.0,0.0,0.0,0.0,0.0,0.0,0.0
187.601,apt_walk,PARKED,0.0,0.0,0.0,3,0.0,3.709,0.0,0.0,0.0,0.0,0.0,0.0,0.0
187.701,apt_walk,PARKED,0.0,0.0,0.0,3,0.0,3.709,0.0,0.0,0.0,0.0,0.0,0.0,0.0
187.84,apt_walk,PARKED,0.0,0.0,0.0,3,0.0,3.671,0.0,0.0,0.0,0.0,0.0,0.0,0.0
187.901,apt_walk,PARKED,0.0,0.0,0.0,4,0.0,3.719,0.0,0.0,0.0,0.0,0.0,0.0,0.0
188.01,apt_walk,PARKED,0.0,0.0,0.0,4,0.0,3.719,0.0,0.0,0.0,0.0,0.0,0.0,0.0
188.101,apt_walk,PARKED,0.0,0.0,0.0,4,0.0,3.719,0.0,0.0,0.0,0.0,0.0,0.0,0.0
188.202,apt_walk,PARKED,0.0,0.0,0.0,4,0.0,3.697,0.0,0.0,0.0,0.0,0.0,0.0,0.0
188.301,apt_walk,PARKED,0.0,0.0,0.0,4,0.0,3.697,0.0,0.0,0.0,0.0,0.0,0.0,0.0
188.421,apt_walk,PARKED,0.0,0.0,0.0,4,0.0,3.762,0.0,0.0,0.0,0.0,0.0,0.0,0.0
188.501,apt_walk,PARKED,0.0,0.0,0.0,3,0.0,3.717,0.0,0.0,0.0,0.0,0.0,0.0,0.0
188.601,apt_walk,PARKED,0.0,0.0,0.0,3,0.0,3.717,0.0,0.0,0.0,0.0,0.0,0.0,0.0
188.702,apt_walk,PARKED,0.0,0.0,0.0,3,0.0,3.717,0.0,0.0,0.0,0.0,0.0,0.0,0.0
188.849,apt_walk,PARKED,0.0,0.0,0.0,3,0.0,3.757,0.0,0.0,0.0,0.0,0.0,0.0,0.0
188.922,apt_walk,PARKED,0.0,0.0,0.0,3,0.0,3.736,0.0,0.0,0.0,0.0,0.0,0.0,0.0
189.001,apt_walk,PARKED,0.0,0.0,0.0,3,0.0,3.736,0.0,0.0,0.0,0.0,0.0,0.0,0.0
189.101,apt_walk,PARKED,0.0,0.0,0.0,3,0.0,3.736,0.0,0.0,0.0,0.0,0.0,0.0,0.0
189.201,apt_walk,PARKED,0.0,0.0,0.0,3,0.0,3.708,0.0,0.0,0.0,0.0,0.0,0.0,0.0
189.301,apt_walk,PARKED,0.0,0.0,0.0,3,0.0,3.708,0.0,0.0,0.0,0.0,0.0,0.0,0.0
189.402,apt_walk,PARKED,0.0,0.0,0.0,3,0.0,3.747,0.0,0.0,0.0,0.0,0.0,0.0,0.0
189.501,apt_walk,PARKED,0.0,0.0,0.0,3,0.0,3.747,0.0,0.0,0.0,0.0,0.0,0.0,0.0
189.602,apt_walk,PARKED,0.0,0.0,0.0,3,0.0,3.787,0.0,0.0,0.0,0.0,0.0,0.0,0.0
189.7,apt_walk,PARKED,0.0,0.0,0.0,3,0.0,3.675,0.0,0.0,0.0,0.0,0.0,0.0,0.0
189.823,apt_walk,PARKED,0.0,0.0,0.0,3,0.0,3.675,0.0,0.0,0.0,0.0,0.0,0.0,0.0
189.901,apt_walk,PARKED,0.0,0.0,0.0,3,0.0,3.608,0.0,0.0,0.0,0.0,0.0,0.0,0.0
190.001,apt_walk,PARKED,0.0,0.0,0.0,3,0.0,3.608,0.0,0.0,0.0,0.0,0.0,0.0,0.0
190.101,apt_walk,PARKED,0.0,0.0,0.0,3,0.0,3.608,0.0,0.0,0.0,0.0,0.0,0.0,0.0
190.201,apt_walk,PARKED,0.0,0.0,0.0,3,0.0,3.608,0.0,0.0,0.0,0.0,0.0,0.0,0.0
190.34,apt_walk,PARKED,0.0,0.0,0.0,3,0.0,3.608,0.0,0.0,0.0,0.0,0.0,0.0,0.0
190.401,apt_walk,PARKED,0.0,0.0,0.0,3,0.0,3.608,0.0,0.0,0.0,0.0,0.0,0.0,0.0
190.501,apt_walk,PARKED,0.0,0.0,0.0,3,0.0,3.232,0.0,0.0,0.0,0.0,0.0,0.0,0.0
190.627,apt_walk,PARKED,0.0,0.0,0.0,3,0.0,3.076,0.0,0.0,0.0,0.0,0.0,0.0,0.0
190.738,apt_walk,PARKED,0.0,0.0,0.0,3,0.0,2.895,0.0,0.0,0.0,0.0,0.0,0.0,0.0
190.803,apt_walk,PARKED,0.0,0.0,0.0,3,0.0,2.697,0.0,0.0,0.0,0.0,0.0,0.0,0.0
190.901,apt_walk,PARKED,0.0,0.0,0.0,3,0.0,2.697,0.0,0.0,0.0,0.0,0.0,0.0,0.0
191.001,apt_walk,PARKED,0.0,0.0,0.0,3,0.0,2.602,0.0,0.0,0.0,0.0,0.0,0.0,0.0
191.101,apt_walk,PARKED,0.0,0.0,0.0,3,0.0,2.502,0.0,0.0,0.0,0.0,0.0,0.0,0.0
191.244,apt_walk,PARKED,0.0,0.0,0.0,3,0.0,2.261,0.0,0.0,0.0,0.0,0.0,0.0,0.0
191.307,apt_walk,PARKED,0.0,0.0,0.0,3,0.0,2.261,0.0,0.0,0.0,0.0,0.0,0.0,0.0
191.401,apt_walk,PARKED,0.0,0.0,0.0,3,0.0,2.171,0.0,0.0,0.0,0.0,0.0,0.0,0.0
191.501,apt_walk,PARKED,0.0,0.0,0.0,3,0.0,2.171,0.0,0.0,0.0,0.0,0.0,0.0,0.0
191.601,apt_walk,PARKED,0.0,0.0,0.0,3,0.0,2.171,0.0,0.0,0.0,0.0,0.0,0.0,0.0
191.701,apt_walk,PARKED,0.0,0.0,0.0,3,0.0,1.922,0.0,0.0,0.0,0.0,0.0,0.0,0.0
191.844,apt_walk,PARKED,0.0,0.0,0.0,3,0.0,1.814,0.0,0.0,0.0,0.0,0.0,0.0,0.0
191.901,apt_walk,PARKED,0.0,0.0,0.0,3,0.0,1.814,0.0,0.0,0.0,0.0,0.0,0.0,0.0
192.001,apt_walk,PARKED,0.0,0.0,0.0,3,0.0,1.814,0.0,0.0,0.0,0.0,0.0,0.0,0.0
192.101,apt_walk,PARKED,0.0,0.0,0.0,3,0.3377,1.741,0.0,0.0,0.0,0.0,0.0,0.0,0.0
192.222,apt_walk,PARKED,0.0,0.0,0.0,3,0.6063,1.632,0.0,0.0,0.0,0.0,0.0,0.0,0.0
192.348,apt_walk,PARKED,0.0,0.0,0.0,3,0.6113,1.49,0.0,0.0,0.0,0.0,0.0,0.0,0.0
192.404,apt_walk,PARKED,0.0,0.0,0.0,3,0.439,1.431,0.0,0.0,0.0,0.0,0.0,0.0,0.0
192.501,apt_walk,PARKED,0.0,0.0,0.0,3,0.439,1.431,0.0,0.0,0.0,0.0,0.0,0.0,0.0
192.601,apt_walk,PARKED,0.0,0.0,0.0,3,0.439,1.431,0.0,0.0,0.0,0.0,0.0,0.0,0.0
192.737,apt_walk,PARKED,0.0,0.0,0.0,3,0.301,1.356,0.0,0.0,0.0,0.0,0.0,0.0,0.0
192.8,apt_walk,PARKED,0.0,0.0,0.0,3,0.301,1.356,0.0,0.0,0.0,0.0,0.0,0.0,0.0
192.902,apt_walk,PARKED,0.0,0.0,0.0,3,0.0456,1.353,0.0,0.0,0.0,0.0,0.0,0.0,0.0
193.013,apt_walk,PARKED,0.0,0.0,0.0,3,0.0456,1.353,0.0,0.0,0.0,0.0,0.0,0.0,0.0
193.101,apt_walk,PARKED,0.0,0.0,0.0,3,0.3442,1.375,0.0,0.0,0.0,0.0,0.0,0.0,0.0
193.201,apt_walk,PARKED,0.0,0.0,0.0,3,0.3442,1.375,0.0,0.0,0.0,0.0,0.0,0.0,0.0
193.317,apt_walk,PARKED,0.0,0.0,0.0,3,0.558,1.426,0.0,0.0,0.0,0.0,0.0,0.0,0.0
193.401,apt_walk,PARKED,0.0,0.0,0.0,3,0.8241,1.58,0.0,0.0,0.0,0.0,0.0,0.0,0.0
193.543,apt_walk,PARKED,0.0,0.0,0.0,3,0.8241,1.58,0.0,0.0,0.0,0.0,0.0,0.0,0.0
193.601,apt_walk,PARKED,0.0,0.0,0.0,3,0.8241,1.58,0.0,0.0,0.0,0.0,0.0,0.0,0.0
193.703,apt_walk,PARKED,0.0,0.0,0.0,3,0.7539,1.749,0.0,0.0,0.0,0.0,0.0,0.0,0.0
193.843,apt_walk,PARKED,0.0,0.0,0.0,3,0.7539,1.749,0.0,0.0,0.0,0.0,0.0,0.0,0.0
193.943,apt_walk,PARKED,0.0,0.0,0.0,3,0.444,1.839,0.0,0.0,0.0,0.0,0.0,0.0,0.0
194.007,apt_walk,PARKED,0.0,0.0,0.0,3,0.144,2.013,0.0,0.0,0.0,0.0,0.0,0.0,0.0
194.101,apt_walk,PARKED,0.0,0.0,0.0,3,0.144,2.013,0.0,0.0,0.0,0.0,0.0,0.0,0.0
194.244,apt_walk,PARKED,0.0,0.0,0.0,3,0.0,2.234,0.0,0.0,0.0,0.0,0.0,0.0,0.0
194.301,apt_walk,PARKED,0.0,0.0,0.0,3,0.0,2.234,0.0,0.0,0.0,0.0,0.0,0.0,0.0
194.401,apt_walk,PARKED,0.0,0.0,0.0,3,0.0,2.234,0.0,0.0,0.0,0.0,0.0,0.0,0.0
194.517,apt_walk,PARKED,0.0,0.0,0.0,3,0.0,2.41,0.0,0.0,0.0,0.0,0.0,0.0,0.0
194.601,apt_walk,PARKED,0.0,0.0,0.0,3,0.0,2.41,0.0,0.0,0.0,0.0,0.0,0.0,0.0
194.701,apt_walk,PARKED,0.0,0.0,0.0,3,0.0,2.41,0.0,0.0,0.0,0.0,0.0,0.0,0.0
194.801,apt_walk,PARKED,0.0,0.0,0.0,3,0.0,2.41,0.0,0.0,0.0,0.0,0.0,0.0,0.0
194.901,apt_walk,PARKED,0.0,0.0,0.0,3,0.0,2.41,0.0,0.0,0.0,0.0,0.0,0.0,0.0
195.007,apt_walk,PARKED,0.0,0.0,0.0,4,0.0,3.027,0.0,0.0,0.0,0.0,0.0,0.0,0.0
195.135,apt_walk,PARKED,0.0,0.0,0.0,3,0.0,3.123,0.0,0.0,0.0,0.0,0.0,0.0,0.0
195.202,apt_walk,PARKED,0.0,0.0,0.0,3,0.0,3.283,0.0,0.0,0.0,0.0,0.0,0.0,0.0
195.311,apt_walk,PARKED,0.0,0.0,0.0,3,0.0,3.283,0.0,0.0,0.0,0.0,0.0,0.0,0.0
195.403,apt_walk,PARKED,0.0,0.0,0.0,3,0.0,3.283,0.0,0.0,0.0,0.0,0.0,0.0,0.0
195.512,apt_walk,PARKED,0.0,0.0,0.0,4,0.0,3.455,0.0,0.0,0.0,0.0,0.0,0.0,0.0
195.634,apt_walk,PARKED,0.0,0.0,0.0,3,0.0,3.684,0.0,0.0,0.0,0.0,0.0,0.0,0.0
195.701,apt_walk,PARKED,0.0,0.0,0.0,3,0.0,3.684,0.0,0.0,0.0,0.0,0.0,0.0,0.0
195.801,apt_walk,PARKED,0.0,0.0,0.0,3,0.0,3.684,0.0,0.0,0.0,0.0,0.0,0.0,0.0
195.902,apt_walk,PARKED,0.0,0.0,0.0,3,0.0,3.684,0.0,0.0,0.0,0.0,0.0,0.0,0.0
196.001,apt_walk,PARKED,0.0,0.0,0.0,3,0.0,3.675,0.0,0.0,0.0,0.0,0.0,0.0,0.0
196.101,apt_walk,PARKED,0.0,0.0,0.0,3,0.0,3.675,0.0,0.0,0.0,0.0,0.0,0.0,0.0
196.202,apt_walk,PARKED,0.0,0.0,0.0,3,0.0,3.717,0.0,0.0,0.0,0.0,0.0,0.0,0.0
196.301,apt_walk,PARKED,0.0,0.0,0.0,3,0.0,3.717,0.0,0.0,0.0,0.0,0.0,0.0,0.0
196.424,apt_walk,PARKED,0.0,0.0,0.0,3,0.0,3.689,0.0,0.0,0.0,0.0,0.0,0.0,0.0
196.538,apt_walk,PARKED,0.0,0.0,0.0,3,0.0,3.7,0.0,0.0,0.0,0.0,0.0,0.0,0.0
196.602,apt_walk,PARKED,0.0,0.0,0.0,3,0.0,3.7,0.0,0.0,0.0,0.0,0.0,0.0,0.0
196.701,apt_walk,PARKED,0.0,0.0,0.0,3,0.0,3.7,0.0,0.0,0.0,0.0,0.0,0.0,0.0
196.801,apt_walk,PARKED,0.0,0.0,0.0,3,0.0,3.7,0.0,0.0,0.0,0.0,0.0,0.0,0.0
196.901,apt_walk,PARKED,0.0,0.0,0.0,3,0.0,3.7,0.0,0.0,0.0,0.0,0.0,0.0,0.0
197.002,apt_walk,PARKED,0.0,0.0,0.0,4,0.0,3.765,0.0,0.0,0.0,0.0,0.0,0.0,0.0
197.103,apt_walk,PARKED,0.0,0.0,0.0,4,0.0,3.713,0.0,0.0,0.0,0.0,0.0,0.0,0.0
197.201,apt_walk,PARKED,0.0,0.0,0.0,4,0.0,3.713,0.0,0.0,0.0,0.0,0.0,0.0,0.0
197.341,apt_walk,PARKED,0.0,0.0,0.0,4,0.0,3.674,0.0,0.0,0.0,0.0,0.0,0.0,0.0
197.415,apt_walk,PARKED,0.0,0.0,0.0,4,0.0,3.674,0.0,0.0,0.0,0.0,0.0,0.0,0.0
197.501,apt_walk,PARKED,0.0,0.0,0.0,4,0.0,3.674,0.0,0.0,0.0,0.0,0.0,0.0,0.0
197.618,apt_walk,PARKED,0.0,0.0,0.0,4,0.0,3.721,0.0,0.0,0.0,0.0,0.0,0.0,0.0
197.721,apt_walk,PARKED,0.0,0.0,0.0,4,0.0,3.684,0.0,0.0,0.0,0.0,0.0,0.0,0.0
197.801,apt_walk,PARKED,0.0,0.0,0.0,4,0.0,3.684,0.0,0.0,0.0,0.0,0.0,0.0,0.0
197.901,apt_walk,PARKED,0.0,0.0,0.0,4,0.0,3.757,0.0,0.0,0.0,0.0,0.0,0.0,0.0
198.001,apt_walk,PARKED,0.0,0.0,0.0,4,0.0,3.757,0.0,0.0,0.0,0.0,0.0,0.0,0.0
198.123,apt_walk,PARKED,0.0,0.0,0.0,4,0.0,3.757,0.0,0.0,0.0,0.0,0.0,0.0,0.0
198.224,apt_walk,PARKED,0.0,0.0,0.0,4,0.0,3.772,0.0,0.0,0.0,0.0,0.0,0.0,0.0
198.301,apt_walk,PARKED,0.0,0.0,0.0,4,0.0,3.665,0.0,0.0,0.0,0.0,0.0,0.0,0.0
198.401,apt_walk,PARKED,0.0,0.0,0.0,4,0.0,3.665,0.0,0.0,0.0,0.0,0.0,0.0,0.0
198.508,apt_walk,PARKED,0.0,0.0,0.0,4,0.0,3.584,0.0,0.0,0.0,0.0,0.0,0.0,0.0
198.645,apt_walk,PARKED,0.0,0.0,0.0,4,0.0,3.584,0.0,0.0,0.0,0.0,0.0,0.0,0.0
198.721,apt_walk,PARKED,0.0,0.0,0.0,4,0.0,3.446,0.0,0.0,0.0,0.0,0.0,0.0,0.0
198.801,apt_walk,PARKED,0.0,0.0,0.0,4,0.0,3.374,0.0,0.0,0.0,0.0,0.0,0.0,0.0
198.901,apt_walk,PARKED,0.0,0.0,0.0,4,0.0,3.374,0.0,0.0,0.0,0.0,0.0,0.0,0.0
199.001,apt_walk,PARKED,0.0,0.0,0.0,4,0.0,3.374,0.0,0.0,0.0,0.0,0.0,0.0,0.0
199.101,apt_walk,PARKED,0.0,0.0,0.0,4,0.0,3.374,0.0,0.0,0.0,0.0,0.0,0.0,0.0
199.23,apt_walk,PARKED,0.0,0.0,0.0,4,0.0,2.786,0.0,0.0,0.0,0.0,0.0,0.0,0.0
199.301,apt_walk,PARKED,0.0,0.0,0.0,4,0.0,2.786,0.0,0.0,0.0,0.0,0.0,0.0,0.0
199.401,apt_walk,PARKED,0.0,0.0,0.0,4,0.0,2.786,0.0,0.0,0.0,0.0,0.0,0.0,0.0
199.501,apt_walk,PARKED,0.0,0.0,0.0,4,0.0,2.52,0.0,0.0,0.0,0.0,0.0,0.0,0.0
199.601,apt_walk,PARKED,0.0,0.0,0.0,4,0.0,2.439,0.0,0.0,0.0,0.0,0.0,0.0,0.0
199.7,apt_walk,PARKED,0.0,0.0,0.0,4,0.0,2.318,0.0,0.0,0.0,0.0,0.0,0.0,0.0
199.816,apt_walk,PARKED,0.0,0.0,0.0,4,0.0,2.318,0.0,0.0,0.0,0.0,0.0,0.0,0.0
199.901,apt_walk,PARKED,0.0,0.0,0.0,4,0.0,2.318,0.0,0.0,0.0,0.0,0.0,0.0,0.0
200.026,apt_walk,PARKED,0.0,0.0,0.0,4,0.0,2.195,0.0,0.0,0.0,0.0,0.0,0.0,0.0
200.101,apt_walk,PARKED,0.0,0.0,0.0,4,0.0,2.195,0.0,0.0,0.0,0.0,0.0,0.0,0.0
200.228,apt_walk,PARKED,0.0,0.0,0.0,4,0.0,1.902,0.0,0.0,0.0,0.0,0.0,0.0,0.0
200.301,apt_walk,PARKED,0.0,0.0,0.0,4,0.0,1.902,0.0,0.0,0.0,0.0,0.0,0.0,0.0
200.401,apt_walk,PARKED,0.0,0.0,0.0,4,0.0,1.902,0.0,0.0,0.0,0.0,0.0,0.0,0.0
200.501,apt_walk,PARKED,0.0,0.0,0.0,4,0.4243,1.786,0.0,0.0,0.0,0.0,0.0,0.0,0.0
200.601,apt_walk,PARKED,0.0,0.0,0.0,4,0.0,1.739,0.0,0.0,0.0,0.0,0.0,0.0,0.0
200.701,apt_walk,PARKED,0.0,0.0,0.0,3,0.6415,1.567,0.0,0.0,0.0,0.0,0.0,0.0,0.0
200.801,apt_walk,PARKED,0.0,0.0,0.0,3,0.6415,1.567,0.0,0.0,0.0,0.0,0.0,0.0,0.0
200.901,apt_walk,PARKED,0.0,0.0,0.0,3,0.6415,1.567,0.0,0.0,0.0,0.0,0.0,0.0,0.0
201.001,apt_walk,PARKED,0.0,0.0,0.0,3,0.6415,1.567,0.0,0.0,0.0,0.0,0.0,0.0,0.0
201.101,apt_walk,PARKED,0.0,0.0,0.0,3,0.6415,1.567,0.0,0.0,0.0,0.0,0.0,0.0,0.0
201.201,apt_walk,PARKED,0.0,0.0,0.0,3,0.202,1.485,0.0,0.0,0.0,0.0,0.0,0.0,0.0
201.301,apt_walk,PARKED,0.0,0.0,0.0,3,0.202,1.485,0.0,0.0,0.0,0.0,0.0,0.0,0.0
201.432,apt_walk,PARKED,0.0,0.0,0.0,3,0.273,1.462,0.0,0.0,0.0,0.0,0.0,0.0,0.0
201.501,apt_walk,PARKED,0.0,0.0,0.0,3,0.273,1.462,0.0,0.0,0.0,0.0,0.0,0.0,0.0
201.601,apt_walk,PARKED,0.0,0.0,0.0,3,0.0508,1.449,0.0,0.0,0.0,0.0,0.0,0.0,0.0
201.702,apt_walk,PARKED,0.0,0.0,0.0,3,0.2954,1.513,0.0,0.0,0.0,0.0,0.0,0.0,0.0
201.819,apt_walk,PARKED,0.0,0.0,0.0,3,0.2954,1.513,0.0,0.0,0.0,0.0,0.0,0.0,0.0
201.901,apt_walk,PARKED,0.0,0.0,0.0,3,0.2954,1.513,0.0,0.0,0.0,0.0,0.0,0.0,0.0
202.001,apt_walk,PARKED,0.0,0.0,0.0,3,0.2954,1.513,0.0,0.0,0.0,0.0,0.0,0.0,0.0
202.101,apt_walk,PARKED,0.0,0.0,0.0,3,0.757,1.799,0.0,0.0,0.0,0.0,0.0,0.0,0.0
202.201,apt_walk,PARKED,0.0,0.0,0.0,3,0.45,1.859,0.0,0.0,0.0,0.0,0.0,0.0,0.0
202.301,apt_walk,PARKED,0.0,0.0,0.0,3,0.45,1.859,0.0,0.0,0.0,0.0,0.0,0.0,0.0
202.401,apt_walk,PARKED,0.0,0.0,0.0,3,0.15,1.932,0.0,0.0,0.0,0.0,0.0,0.0,0.0
202.523,apt_walk,PARKED,0.0,0.0,0.0,3,0.0,2.229,0.0,0.0,0.0,0.0,0.0,0.0,0.0
202.602,apt_walk,PARKED,0.0,0.0,0.0,3,0.0,2.229,0.0,0.0,0.0,0.0,0.0,0.0,0.0
202.702,apt_walk,PARKED,0.0,0.0,0.0,3,0.0,2.229,0.0,0.0,0.0,0.0,0.0,0.0,0.0
202.801,apt_walk,PARKED,0.0,0.0,0.0,3,0.0,2.348,0.0,0.0,0.0,0.0,0.0,0.0,0.0
202.902,apt_walk,PARKED,0.0,0.0,0.0,3,0.0,2.484,0.0,0.0,0.0,0.0,0.0,0.0,0.0
203.001,apt_walk,PARKED,0.0,0.0,0.0,3,0.0,2.484,0.0,0.0,0.0,0.0,0.0,0.0,0.0
203.101,apt_walk,PARKED,0.0,0.0,0.0,3,0.0,2.737,0.0,0.0,0.0,0.0,0.0,0.0,0.0
203.201,apt_walk,PARKED,0.0,0.0,0.0,3,0.0,2.795,0.0,0.0,0.0,0.0,0.0,0.0,0.0
203.321,apt_walk,PARKED,0.0,0.0,0.0,3,0.0,2.823,0.0,0.0,0.0,0.0,0.0,0.0,0.0
203.434,apt_walk,PARKED,0.0,0.0,0.0,4,0.0,3.041,0.0,0.0,0.0,0.0,0.0,0.0,0.0
203.501,apt_walk,PARKED,0.0,0.0,0.0,4,0.0,3.041,0.0,0.0,0.0,0.0,0.0,0.0,0.0
203.601,apt_walk,PARKED,0.0,0.0,0.0,4,0.0,3.041,0.0,0.0,0.0,0.0,0.0,0.0,0.0
203.701,apt_walk,PARKED,0.0,0.0,0.0,3,0.0,3.178,0.0,0.0,0.0,0.0,0.0,0.0,0.0
203.801,apt_walk,PARKED,0.0,0.0,0.0,3,0.0,3.178,0.0,0.0,0.0,0.0,0.0,0.0,0.0
203.919,apt_walk,PARKED,0.0,0.0,0.0,4,0.0,3.318,0.0,0.0,0.0,0.0,0.0,0.0,0.0
204.001,apt_walk,PARKED,0.0,0.0,0.0,4,0.0,3.318,0.0,0.0,0.0,0.0,0.0,0.0,0.0
204.101,apt_walk,PARKED,0.0,0.0,0.0,4,0.0,3.627,0.0,0.0,0.0,0.0,0.0,0.0,0.0
204.244,apt_walk,PARKED,0.0,0.0,0.0,4,0.0,3.674,0.0,0.0,0.0,0.0,0.0,0.0,0.0
204.301,apt_walk,PARKED,0.0,0.0,0.0,4,0.0,3.674,0.0,0.0,0.0,0.0,0.0,0.0,0.0
204.401,apt_walk,PARKED,0.0,0.0,0.0,4,0.0,3.674,0.0,0.0,0.0,0.0,0.0,0.0,0.0
204.502,apt_walk,PARKED,0.0,0.0,0.0,4,0.0,3.739,0.0,0.0,0.0,0.0,0.0,0.0,0.0
204.624,apt_walk,PARKED,0.0,0.0,0.0,4,0.0,3.761,0.0,0.0,0.0,0.0,0.0,0.0,0.0
204.701,apt_walk,PARKED,0.0,0.0,0.0,4,0.0,3.705,0.0,0.0,0.0,0.0,0.0,0.0,0.0
204.847,apt_walk,PARKED,0.0,0.0,0.0,4,0.0,3.693,0.0,0.0,0.0,0.0,0.0,0.0,0.0
204.901,apt_walk,PARKED,0.0,0.0,0.0,4,0.0,3.693,0.0,0.0,0.0,0.0,0.0,0.0,0.0
205.007,apt_walk,PARKED,0.0,0.0,0.0,4,0.0,3.714,0.0,0.0,0.0,0.0,0.0,0.0,0.0
205.101,apt_walk,PARKED,0.0,0.0,0.0,4,0.0,3.714,0.0,0.0,0.0,0.0,0.0,0.0,0.0
205.201,apt_walk,PARKED,0.0,0.0,0.0,5,0.0,3.757,0.0,0.0,0.0,0.0,0.0,0.0,0.0
205.301,apt_walk,PARKED,0.0,0.0,0.0,5,0.0,3.757,0.0,0.0,0.0,0.0,0.0,0.0,0.0
205.401,apt_walk,PARKED,0.0,0.0,0.0,5,0.0,3.757,0.0,0.0,0.0,0.0,0.0,0.0,0.0
205.501,apt_walk,PARKED,0.0,0.0,0.0,4,0.0,3.741,0.0,0.0,0.0,0.0,0.0,0.0,0.0
205.603,apt_walk,PARKED,0.0,0.0,0.0,4,0.0,3.741,0.0,0.0,0.0,0.0,0.0,0.0,0.0
205.739,apt_walk,PARKED,0.0,0.0,0.0,4,0.0,3.82,0.0,0.0,0.0,0.0,0.0,0.0,0.0
205.801,apt_walk,PARKED,0.0,0.0,0.0,4,0.0,3.735,0.0,0.0,0.0,0.0,0.0,0.0,0.0
205.945,apt_walk,PARKED,0.0,0.0,0.0,4,0.0,3.703,0.0,0.0,0.0,0.0,0.0,0.0,0.0
206.001,apt_walk,PARKED,0.0,0.0,0.0,4,0.0,3.703,0.0,0.0,0.0,0.0,0.0,0.0,0.0
206.101,apt_walk,PARKED,0.0,0.0,0.0,4,0.0,3.703,0.0,0.0,0.0,0.0,0.0,0.0,0.0
206.201,apt_walk,PARKED,0.0,0.0,0.0,4,0.0,3.703,0.0,0.0,0.0,0.0,0.0,0.0,0.0
206.303,apt_walk,PARKED,0.0,0.0,0.0,4,0.0,3.738,0.0,0.0,0.0,0.0,0.0,0.0,0.0
206.401,apt_walk,PARKED,0.0,0.0,0.0,4,0.0,3.694,0.0,0.0,0.0,0.0,0.0,0.0,0.0
206.515,apt_walk,PARKED,0.0,0.0,0.0,4,0.0,3.625,0.0,0.0,0.0,0.0,0.0,0.0,0.0
206.646,apt_walk,PARKED,0.0,0.0,0.0,4,0.0,3.584,0.0,0.0,0.0,0.0,0.0,0.0,0.0
206.714,apt_walk,PARKED,0.0,0.0,0.0,4,0.0,3.497,0.0,0.0,0.0,0.0,0.0,0.0,0.0
206.85,apt_walk,PARKED,0.0,0.0,0.0,4,0.0,3.412,0.0,0.0,0.0,0.0,0.0,0.0,0.0
206.901,apt_walk,PARKED,0.0,0.0,0.0,4,0.0,3.412,0.0,0.0,0.0,0.0,0.0,0.0,0.0
207.001,apt_walk,PARKED,0.0,0.0,0.0,4,0.0,3.329,0.0,0.0,0.0,0.0,0.0,0.0,0.0
207.122,apt_walk,PARKED,0.0,0.0,0.0,4,0.0,3.159,0.0,0.0,0.0,0.0,0.0,0.0,0.0
207.201,apt_walk,PARKED,0.0,0.0,0.0,4,0.0,3.159,0.0,0.0,0.0,0.0,0.0,0.0,0.0
207.301,apt_walk,PARKED,0.0,0.0,0.0,4,0.0,3.159,0.0,0.0,0.0,0.0,0.0,0.0,0.0
207.406,apt_walk,PARKED,0.0,0.0,0.0,3,0.0,2.875,0.0,0.0,0.0,0.0,0.0,0.0,0.0
207.501,apt_walk,PARKED,0.0,0.0,0.0,3,0.0,2.875,0.0,0.0,0.0,0.0,0.0,0.0,0.0
207.601,apt_walk,PARKED,0.0,0.0,0.0,3,0.0,2.713,0.0,0.0,0.0,0.0,0.0,0.0,0.0
207.701,apt_walk,PARKED,0.0,0.0,0.0,3,0.0,2.713,0.0,0.0,0.0,0.0,0.0,0.0,0.0
207.83,apt_walk,PARKED,0.0,0.0,0.0,3,0.0,2.332,0.0,0.0,0.0,0.0,0.0,0.0,0.0
207.901,apt_walk,PARKED,0.0,0.0,0.0,3,0.0,2.332,0.0,0.0,0.0,0.0,0.0,0.0,0.0
208.048,apt_walk,PARKED,0.0,0.0,0.0,3,0.0,2.263,0.0,0.0,0.0,0.0,0.0,0.0,0.0
208.102,apt_walk,PARKED,0.0,0.0,0.0,3,0.0,2.263,0.0,0.0,0.0,0.0,0.0,0.0,0.0
208.201,apt_walk,PARKED,0.0,0.0,0.0,3,0.0,2.241,0.0,0.0,0.0,0.0,0.0,0.0,0.0
208.301,apt_walk,PARKED,0.0,0.0,0.0,3,0.0,2.241,0.0,0.0,0.0,0.0,0.0,0.0,0.0
208.401,apt_walk,PARKED,0.0,0.0,0.0,3,0.0,1.951,0.0,0.0,0.0,0.0,0.0,0.0,0.0
208.501,apt_walk,PARKED,0.0,0.0,0.0,3,0.0,1.951,0.0,0.0,0.0,0.0,0.0,0.0,0.0
208.601,apt_walk,PARKED,0.0,0.0,0.0,3,0.0,1.873,0.0,0.0,0.0,0.0,0.0,0.0,0.0
208.701,apt_walk,PARKED,0.0,0.0,0.0,3,0.3178,1.744,0.0,0.0,0.0,0.0,0.0,0.0,0.0
208.801,apt_walk,PARKED,0.0,0.0,0.0,3,0.6261,1.636,0.0,0.0,0.0,0.0,0.0,0.0,0.0
208.937,apt_walk,PARKED,0.0,0.0,0.0,3,0.6261,1.636,0.0,0.0,0.0,0.0,0.0,0.0,0.0
209.001,apt_walk,PARKED,0.0,0.0,0.0,3,0.6261,1.636,0.0,0.0,0.0,0.0,0.0,0.0,0.0
209.101,apt_walk,PARKED,0.0,0.0,0.0,3,0.6261,1.636,0.0,0.0,0.0,0.0,0.0,0.0,0.0
209.201,apt_walk,PARKED,0.0,0.0,0.0,3,0.3024,1.568,0.0,0.0,0.0,0.0,0.0,0.0,0.0
209.302,apt_walk,PARKED,0.0,0.0,0.0,3,0.3024,1.568,0.0,0.0,0.0,0.0,0.0,0.0,0.0
209.401,apt_walk,PARKED,0.0,0.0,0.0,3,0.3024,1.568,0.0,0.0,0.0,0.0,0.0,0.0,0.0
209.501,apt_walk,PARKED,0.0,0.0,0.0,3,0.3024,1.568,0.0,0.0,0.0,0.0,0.0,0.0,0.0
209.619,apt_walk,PARKED,0.0,0.0,0.0,3,0.0995,1.513,0.0,0.0,0.0,0.0,0.0,0.0,0.0
209.701,apt_walk,PARKED,0.0,0.0,0.0,3,0.0995,1.513,0.0,0.0,0.0,0.0,0.0,0.0,0.0
209.801,apt_walk,PARKED,0.0,0.0,0.0,3,0.0995,1.513,0.0,0.0,0.0,0.0,0.0,0.0,0.0
209.934,apt_walk,PARKED,0.0,0.0,0.0,3,0.2463,1.462,0.0,0.0,0.0,0.0,0.0,0.0,0.0
210.0,apt_walk,PARKED,0.0,0.0,0.0,3,0.2463,1.462,0.0,0.0,0.0,0.0,0.0,0.0,0.0
210.141,apt_walk,PARKED,0.0,0.0,0.0,3,0.7328,1.668,0.0,0.0,0.0,0.0,0.0,0.0,0.0
210.202,apt_walk,PARKED,0.0,0.0,0.0,3,0.7328,1.668,0.0,0.0,0.0,0.0,0.0,0.0,0.0
210.347,apt_walk,PARKED,0.0,0.0,0.0,3,0.3447,1.816,0.0,0.0,0.0,0.0,0.0,0.0,0.0
210.401,apt_walk,PARKED,0.0,0.0,0.0,3,0.3447,1.816,0.0,0.0,0.0,0.0,0.0,0.0,0.0
210.544,apt_walk,PARKED,0.0,0.0,0.0,3,0.0,2.02,0.0,0.0,0.0,0.0,0.0,0.0,0.0
210.604,apt_walk,PARKED,0.0,0.0,0.0,3,0.0,2.02,0.0,0.0,0.0,0.0,0.0,0.0,0.0
210.701,apt_walk,PARKED,0.0,0.0,0.0,3,0.0,2.02,0.0,0.0,0.0,0.0,0.0,0.0,0.0
210.801,apt_walk,PARKED,0.0,0.0,0.0,3,0.0,2.02,0.0,0.0,0.0,0.0,0.0,0.0,0.0
210.94,apt_walk,PARKED,0.0,0.0,0.0,3,0.0,2.159,0.0,0.0,0.0,0.0,0.0,0.0,0.0
211.002,apt_walk,PARKED,0.0,0.0,0.0,3,0.0,2.474,0.0,0.0,0.0,0.0,0.0,0.0,0.0
211.102,apt_walk,PARKED,0.0,0.0,0.0,3,0.0,2.474,0.0,0.0,0.0,0.0,0.0,0.0,0.0
211.201,apt_walk,PARKED,0.0,0.0,0.0,3,0.0,2.56,0.0,0.0,0.0,0.0,0.0,0.0,0.0
211.302,apt_walk,PARKED,0.0,0.0,0.0,3,0.0,2.56,0.0,0.0,0.0,0.0,0.0,0.0,0.0
211.444,apt_walk,PARKED,0.0,0.0,0.0,3,0.0,2.696,0.0,0.0,0.0,0.0,0.0,0.0,0.0
211.529,apt_walk,PARKED,0.0,0.0,0.0,3,0.0,2.696,0.0,0.0,0.0,0.0,0.0,0.0,0.0
211.602,apt_walk,PARKED,0.0,0.0,0.0,3,0.0,2.696,0.0,0.0,0.0,0.0,0.0,0.0,0.0
211.701,apt_walk,PARKED,0.0,0.0,0.0,3,0.0,2.958,0.0,0.0,0.0,0.0,0.0,0.0,0.0
211.801,apt_walk,PARKED,0.0,0.0,0.0,3,0.0,2.958,0.0,0.0,0.0,0.0,0.0,0.0,0.0
211.939,apt_walk,PARKED,0.0,0.0,0.0,3,0.0,3.305,0.0,0.0,0.0,0.0,0.0,0.0,0.0
212.009,apt_walk,PARKED,0.0,0.0,0.0,3,0.0,3.305,0.0,0.0,0.0,0.0,0.0,0.0,0.0
212.101,apt_walk,PARKED,0.0,0.0,0.0,3,0.0,3.305,0.0,0.0,0.0,0.0,0.0,0.0,0.0
212.201,apt_walk,PARKED,0.0,0.0,0.0,3,0.0,3.305,0.0,0.0,0.0,0.0,0.0,0.0,0.0
212.301,apt_walk,PARKED,0.0,0.0,0.0,3,0.0,3.305,0.0,0.0,0.0,0.0,0.0,0.0,0.0
212.42,apt_walk,PARKED,0.0,0.0,0.0,3,0.0,3.735,0.0,0.0,0.0,0.0,0.0,0.0,0.0
212.501,apt_walk,PARKED,0.0,0.0,0.0,3,0.0,3.735,0.0,0.0,0.0,0.0,0.0,0.0,0.0
212.601,apt_walk,PARKED,0.0,0.0,0.0,3,0.0,3.735,0.0,0.0,0.0,0.0,0.0,0.0,0.0
212.721,apt_walk,PARKED,0.0,0.0,0.0,3,0.0,3.682,0.0,0.0,0.0,0.0,0.0,0.0,0.0
212.801,apt_walk,PARKED,0.0,0.0,0.0,3,0.0,3.657,0.0,0.0,0.0,0.0,0.0,0.0,0.0
212.901,apt_walk,PARKED,0.0,0.0,0.0,3,0.0,3.747,0.0,0.0,0.0,0.0,0.0,0.0,0.0
213.001,apt_walk,PARKED,0.0,0.0,0.0,3,0.0,3.747,0.0,0.0,0.0,0.0,0.0,0.0,0.0
213.101,apt_walk,PARKED,0.0,0.0,0.0,3,0.0,3.747,0.0,0.0,0.0,0.0,0.0,0.0,0.0
213.201,apt_walk,PARKED,0.0,0.0,0.0,3,0.0,3.747,0.0,0.0,0.0,0.0,0.0,0.0,0.0
213.301,apt_walk,PARKED,0.0,0.0,0.0,4,0.0,3.748,0.0,0.0,0.0,0.0,0.0,0.0,0.0
213.401,apt_walk,PARKED,0.0,0.0,0.0,4,0.0,3.846,0.0,0.0,0.0,0.0,0.0,0.0,0.0
213.501,apt_walk,PARKED,0.0,0.0,0.0,4,0.0,3.846,0.0,0.0,0.0,0.0,0.0,0.0,0.0
213.601,apt_walk,PARKED,0.0,0.0,0.0,4,0.0,3.846,0.0,0.0,0.0,0.0,0.0,0.0,0.0
213.701,apt_walk,PARKED,0.0,0.0,0.0,3,0.0,3.74,0.0,0.0,0.0,0.0,0.0,0.0,0.0
213.802,apt_walk,PARKED,0.0,0.0,0.0,4,0.0,3.775,0.0,0.0,0.0,0.0,0.0,0.0,0.0
213.938,apt_walk,PARKED,0.0,0.0,0.0,4,0.0,3.775,0.0,0.0,0.0,0.0,0.0,0.0,0.0
214.001,apt_walk,PARKED,0.0,0.0,0.0,4,0.0,3.775,0.0,0.0,0.0,0.0,0.0,0.0,0.0
214.101,apt_walk,PARKED,0.0,0.0,0.0,4,0.0,3.775,0.0,0.0,0.0,0.0,0.0,0.0,0.0
214.201,apt_walk,PARKED,0.0,0.0,0.0,4,0.0,3.693,0.0,0.0,0.0,0.0,0.0,0.0,0.0
214.301,apt_walk,PARKED,0.0,0.0,0.0,4,0.0,3.693,0.0,0.0,0.0,0.0,0.0,0.0,0.0
214.401,apt_walk,PARKED,0.0,0.0,0.0,4,0.0,3.693,0.0,0.0,0.0,0.0,0.0,0.0,0.0
214.501,apt_walk,PARKED,0.0,0.0,0.0,4,0.0,3.693,0.0,0.0,0.0,0.0,0.0,0.0,0.0
214.613,apt_walk,PARKED,0.0,0.0,0.0,4,0.0,3.717,0.0,0.0,0.0,0.0,0.0,0.0,0.0
214.701,apt_walk,PARKED,0.0,0.0,0.0,4,0.0,3.718,0.0,0.0,0.0,0.0,0.0,0.0,0.0
214.801,apt_walk,PARKED,0.0,0.0,0.0,4,0.0,3.718,0.0,0.0,0.0,0.0,0.0,0.0,0.0
214.901,apt_walk,PARKED,0.0,0.0,0.0,4,0.0,3.718,0.0,0.0,0.0,0.0,0.0,0.0,0.0
215.037,apt_walk,PARKED,0.0,0.0,0.0,4,0.0,3.476,0.0,0.0,0.0,0.0,0.0,0.0,0.0
215.103,apt_walk,PARKED,0.0,0.0,0.0,4,0.0,3.476,0.0,0.0,0.0,0.0,0.0,0.0,0.0
215.201,apt_walk,PARKED,0.0,0.0,0.0,4,0.0,3.362,0.0,0.0,0.0,0.0,0.0,0.0,0.0
215.301,apt_walk,PARKED,0.0,0.0,0.0,4,0.0,3.362,0.0,0.0,0.0,0.0,0.0,0.0,0.0
215.401,apt_walk,PARKED,0.0,0.0,0.0,4,0.0,3.362,0.0,0.0,0.0,0.0,0.0,0.0,0.0
215.52,apt_walk,PARKED,0.0,0.0,0.0,4,0.0,3.055,0.0,0.0,0.0,0.0,0.0,0.0,0.0
215.602,apt_walk,PARKED,0.0,0.0,0.0,3,0.0,2.939,0.0,0.0,0.0,0.0,0.0,0.0,0.0
215.701,apt_walk,PARKED,0.0,0.0,0.0,3,0.0,2.939,0.0,0.0,0.0,0.0,0.0,0.0,0.0
215.801,apt_walk,PARKED,0.0,0.0,0.0,3,0.0,2.939,0.0,0.0,0.0,0.0,0.0,0.0,0.0
215.901,apt_walk,PARKED,0.0,0.0,0.0,3,0.0,2.853,0.0,0.0,0.0,0.0,0.0,0.0,0.0
216.035,apt_walk,PARKED,0.0,0.0,0.0,3,0.0,2.581,0.0,0.0,0.0,0.0,0.0,0.0,0.0
216.101,apt_walk,PARKED,0.0,0.0,0.0,3,0.0,2.581,0.0,0.0,0.0,0.0,0.0,0.0,0.0
216.237,apt_walk,PARKED,0.0,0.0,0.0,3,0.0,2.477,0.0,0.0,0.0,0.0,0.0,0.0,0.0
216.302,apt_walk,PARKED,0.0,0.0,0.0,3,0.0,2.477,0.0,0.0,0.0,0.0,0.0,0.0,0.0
216.402,apt_walk,PARKED,0.0,0.0,0.0,3,0.0,2.477,0.0,0.0,0.0,0.0,0.0,0.0,0.0
216.502,apt_walk,PARKED,0.0,0.0,0.0,3,0.0,2.145,0.0,0.0,0.0,0.0,0.0,0.0,0.0
216.601,apt_walk,PARKED,0.0,0.0,0.0,3,0.0,2.145,0.0,0.0,0.0,0.0,0.0,0.0,0.0
216.702,apt_walk,PARKED,0.0,0.0,0.0,3,0.0,2.145,0.0,0.0,0.0,0.0,0.0,0.0,0.0
216.835,apt_walk,PARKED,0.0,0.0,0.0,3,0.0,1.957,0.0,0.0,0.0,0.0,0.0,0.0,0.0
216.901,apt_walk,PARKED,0.0,0.0,0.0,3,0.0,1.957,0.0,0.0,0.0,0.0,0.0,0.0,0.0
217.045,apt_walk,PARKED,0.0,0.0,0.0,3,0.0,1.89,0.0,0.0,0.0,0.0,0.0,0.0,0.0
217.101,apt_walk,PARKED,0.0,0.0,0.0,3,0.0,1.89,0.0,0.0,0.0,0.0,0.0,0.0,0.0
217.201,apt_walk,PARKED,0.0,0.0,0.0,3,0.0,1.89,0.0,0.0,0.0,0.0,0.0,0.0,0.0
217.301,apt_walk,PARKED,0.0,0.0,0.0,3,0.6997,1.685,0.0,0.0,0.0,0.0,0.0,0.0,0.0
217.405,apt_walk,PARKED,0.0,0.0,0.0,3,0.6997,1.685,0.0,0.0,0.0,0.0,0.0,0.0,0.0
217.501,apt_walk,PARKED,0.0,0.0,0.0,3,0.6997,1.685,0.0,0.0,0.0,0.0,0.0,0.0,0.0
217.644,apt_walk,PARKED,0.0,0.0,0.0,3,0.333,1.531,0.0,0.0,0.0,0.0,0.0,0.0,0.0
217.701,apt_walk,PARKED,0.0,0.0,0.0,3,0.1225,1.511,0.0,0.0,0.0,0.0,0.0,0.0,0.0
217.801,apt_walk,PARKED,0.0,0.0,0.0,3,0.1225,1.511,0.0,0.0,0.0,0.0,0.0,0.0,0.0
217.901,apt_walk,PARKED,0.0,0.0,0.0,3,0.1225,1.511,0.0,0.0,0.0,0.0,0.0,0.0,0.0
218.023,apt_walk,PARKED,0.0,0.0,0.0,3,0.283,1.5,0.0,0.0,0.0,0.0,0.0,0.0,0.0
218.102,apt_walk,PARKED,0.0,0.0,0.0,3,0.413,1.505,0.0,0.0,0.0,0.0,0.0,0.0,0.0
218.201,apt_walk,PARKED,0.0,0.0,0.0,3,0.413,1.505,0.0,0.0,0.0,0.0,0.0,0.0,0.0
218.301,apt_walk,PARKED,0.0,0.0,0.0,3,0.413,1.505,0.0,0.0,0.0,0.0,0.0,0.0,0.0
218.429,apt_walk,PARKED,0.0,0.0,0.0,3,0.4852,1.572,0.0,0.0,0.0,0.0,0.0,0.0,0.0
218.501,apt_walk,PARKED,0.0,0.0,0.0,3,0.78,1.725,0.0,0.0,0.0,0.0,0.0,0.0,0.0
218.62,apt_walk,PARKED,0.0,0.0,0.0,3,0.473,1.859,0.0,0.0,0.0,0.0,0.0,0.0,0.0
218.701,apt_walk,PARKED,0.0,0.0,0.0,3,0.473,1.859,0.0,0.0,0.0,0.0,0.0,0.0,0.0
218.801,apt_walk,PARKED,0.0,0.0,0.0,3,0.173,1.935,0.0,0.0,0.0,0.0,0.0,0.0,0.0
218.901,apt_walk,PARKED,0.0,0.0,0.0,3,0.0,1.969,0.0,0.0,0.0,0.0,0.0,0.0,0.0
219.051,apt_walk,PARKED,0.0,0.0,0.0,3,0.0,2.173,0.0,0.0,0.0,0.0,0.0,0.0,0.0
219.101,apt_walk,PARKED,0.0,0.0,0.0,3,0.0,2.173,0.0,0.0,0.0,0.0,0.0,0.0,0.0
219.202,apt_walk,PARKED,0.0,0.0,0.0,3,0.0,2.225,0.0,0.0,0.0,0.0,0.0,0.0,0.0
219.301,apt_walk,PARKED,0.0,0.0,0.0,3,0.0,2.225,0.0,0.0,0.0,0.0,0.0,0.0,0.0
219.413,apt_walk,PARKED,0.0,0.0,0.0,3,0.0,2.225,0.0,0.0,0.0,0.0,0.0,0.0,0.0
219.501,apt_walk,PARKED,0.0,0.0,0.0,3,0.0,2.612,0.0,0.0,0.0,0.0,0.0,0.0,0.0
219.601,apt_walk,PARKED,0.0,0.0,0.0,3,0.0,2.612,0.0,0.0,0.0,0.0,0.0,0.0,0.0
219.701,apt_walk,PARKED,0.0,0.0,0.0,3,0.0,2.612,0.0,0.0,0.0,0.0,0.0,0.0,0.0
219.801,apt_walk,PARKED,0.0,0.0,0.0,3,0.0,2.612,0.0,0.0,0.0,0.0,0.0,0.0,0.0
219.921,apt_walk,PARKED,0.0,0.0,0.0,3,0.0,2.971,0.0,0.0,0.0,0.0,0.0,0.0,0.0
220.001,apt_walk,PARKED,0.0,0.0,0.0,3,0.0,3.034,0.0,0.0,0.0,0.0,0.0,0.0,0.0
220.101,apt_walk,PARKED,0.0,0.0,0.0,3,0.0,3.034,0.0,0.0,0.0,0.0,0.0,0.0,0.0
220.201,apt_walk,PARKED,0.0,0.0,0.0,3,0.0,3.133,0.0,0.0,0.0,0.0,0.0,0.0,0.0
220.301,apt_walk,PARKED,0.0,0.0,0.0,3,0.0,3.133,0.0,0.0,0.0,0.0,0.0,0.0,0.0
220.416,apt_walk,PARKED,0.0,0.0,0.0,3,0.0,3.488,0.0,0.0,0.0,0.0,0.0,0.0,0.0
220.501,apt_walk,PARKED,0.0,0.0,0.0,3,0.0,3.488,0.0,0.0,0.0,0.0,0.0,0.0,0.0
220.609,apt_walk,PARKED,0.0,0.0,0.0,3,0.0,3.574,0.0,0.0,0.0,0.0,0.0,0.0,0.0
220.701,apt_walk,PARKED,0.0,0.0,0.0,3,0.0,3.574,0.0,0.0,0.0,0.0,0.0,0.0,0.0
220.829,apt_walk,PARKED,0.0,0.0,0.0,3,0.0,3.699,0.0,0.0,0.0,0.0,0.0,0.0,0.0
220.904,apt_walk,PARKED,0.0,0.0,0.0,3,0.0,3.699,0.0,0.0,0.0,0.0,0.0,0.0,0.0
221.043,apt_walk,PARKED,0.0,0.0,0.0,4,0.0,3.674,0.0,0.0,0.0,0.0,0.0,0.0,0.0
221.102,apt_walk,PARKED,0.0,0.0,0.0,4,0.0,3.674,0.0,0.0,0.0,0.0,0.0,0.0,0.0
221.202,apt_walk,PARKED,0.0,0.0,0.0,4,0.0,3.674,0.0,0.0,0.0,0.0,0.0,0.0,0.0
221.309,apt_walk,PARKED,0.0,0.0,0.0,4,0.0,3.674,0.0,0.0,0.0,0.0,0.0,0.0,0.0
221.401,apt_walk,PARKED,0.0,0.0,0.0,4,0.0,3.732,0.0,0.0,0.0,0.0,0.0,0.0,0.0
221.501,apt_walk,PARKED,0.0,0.0,0.0,4,0.0,3.732,0.0,0.0,0.0,0.0,0.0,0.0,0.0
221.637,apt_walk,PARKED,0.0,0.0,0.0,4,0.0,3.712,0.0,0.0,0.0,0.0,0.0,0.0,0.0
221.701,apt_walk,PARKED,0.0,0.0,0.0,4,0.0,3.712,0.0,0.0,0.0,0.0,0.0,0.0,0.0
221.801,apt_walk,PARKED,0.0,0.0,0.0,4,0.0,3.712,0.0,0.0,0.0,0.0,0.0,0.0,0.0
221.935,apt_walk,PARKED,0.0,0.0,0.0,3,0.0,3.707,0.0,0.0,0.0,0.0,0.0,0.0,0.0
222.001,apt_walk,PARKED,0.0,0.0,0.0,3,0.0,3.707,0.0,0.0,0.0,0.0,0.0,0.0,0.0
222.144,apt_walk,PARKED,0.0,0.0,0.0,4,0.0,3.732,0.0,0.0,0.0,0.0,0.0,0.0,0.0
222.201,apt_walk,PARKED,0.0,0.0,0.0,4,0.0,3.732,0.0,0.0,0.0,0.0,0.0,0.0,0.0
222.301,apt_walk,PARKED,0.0,0.0,0.0,3,0.0,3.761,0.0,0.0,0.0,0.0,0.0,0.0,0.0
222.401,apt_walk,PARKED,0.0,0.0,0.0,3,0.0,3.767,0.0,0.0,0.0,0.0,0.0,0.0,0.0
222.501,apt_walk,PARKED,0.0,0.0,0.0,3,0.0,3.767,0.0,0.0,0.0,0.0,0.0,0.0,0.0
222.648,apt_walk,PARKED,0.0,0.0,0.0,3,0.0,3.693,0.0,0.0,0.0,0.0,0.0,0.0,0.0
222.702,apt_walk,PARKED,0.0,0.0,0.0,3,0.0,3.693,0.0,0.0,0.0,0.0,0.0,0.0,0.0
222.801,apt_walk,PARKED,0.0,0.0,0.0,3,0.0,3.692,0.0,0.0,0.0,0.0,0.0,0.0,0.0
222.901,apt_walk,PARKED,0.0,0.0,0.0,3,0.0,3.692,0.0,0.0,0.0,0.0,0.0,0.0,0.0
223.001,apt_walk,PARKED,0.0,0.0,0.0,3,0.0,3.692,0.0,0.0,0.0,0.0,0.0,0.0,0.0
223.101,apt_walk,PARKED,0.0,0.0,0.0,3,0.0,3.692,0.0,0.0,0.0,0.0,0.0,0.0,0.0
223.202,apt_walk,PARKED,0.0,0.0,0.0,3,0.0,3.495,0.0,0.0,0.0,0.0,0.0,0.0,0.0
223.302,apt_walk,PARKED,0.0,0.0,0.0,3,0.0,3.346,0.0,0.0,0.0,0.0,0.0,0.0,0.0
223.401,apt_walk,PARKED,0.0,0.0,0.0,3,0.0,3.251,0.0,0.0,0.0,0.0,0.0,0.0,0.0
223.502,apt_walk,PARKED,0.0,0.0,0.0,3,0.0,3.251,0.0,0.0,0.0,0.0,0.0,0.0,0.0
223.607,apt_walk,PARKED,0.0,0.0,0.0,4,0.0,2.983,0.0,0.0,0.0,0.0,0.0,0.0,0.0
223.741,apt_walk,PARKED,0.0,0.0,0.0,3,0.0,2.902,0.0,0.0,0.0,0.0,0.0,0.0,0.0
223.802,apt_walk,PARKED,0.0,0.0,0.0,3,0.0,2.902,0.0,0.0,0.0,0.0,0.0,0.0,0.0
223.901,apt_walk,PARKED,0.0,0.0,0.0,3,0.0,2.84,0.0,0.0,0.0,0.0,0.0,0.0,0.0
224.001,apt_walk,PARKED,0.0,0.0,0.0,3,0.0,2.84,0.0,0.0,0.0,0.0,0.0,0.0,0.0
224.125,apt_walk,PARKED,0.0,0.0,0.0,3,0.0,2.603,0.0,0.0,0.0,0.0,0.0,0.0,0.0
224.25,apt_walk,PARKED,0.0,0.0,0.0,3,0.0,2.459,0.0,0.0,0.0,0.0,0.0,0.0,0.0
224.301,apt_walk,PARKED,0.0,0.0,0.0,3,0.0,2.459,0.0,0.0,0.0,0.0,0.0,0.0,0.0
224.401,apt_walk,PARKED,0.0,0.0,0.0,3,0.0,2.459,0.0,0.0,0.0,0.0,0.0,0.0,0.0
224.517,apt_walk,PARKED,0.0,0.0,0.0,3,0.0,2.34,0.0,0.0,0.0,0.0,0.0,0.0,0.0
224.635,apt_walk,PARKED,0.0,0.0,0.0,3,0.0,2.091,0.0,0.0,0.0,0.0,0.0,0.0,0.0
224.701,apt_walk,PARKED,0.0,0.0,0.0,3,0.0,2.091,0.0,0.0,0.0,0.0,0.0,0.0,0.0
224.801,apt_walk,PARKED,0.0,0.0,0.0,3,0.0,1.994,0.0,0.0,0.0,0.0,0.0,0.0,0.0
224.901,apt_walk,PARKED,0.0,0.0,0.0,3,0.0,1.994,0.0,0.0,0.0,0.0,0.0,0.0,0.0
225.001,apt_walk,PARKED,0.0,0.0,0.0,3,0.0,1.994,0.0,0.0,0.0,0.0,0.0,0.0,0.0
225.101,apt_walk,PARKED,0.0,0.0,0.0,3,0.3099,1.689,0.0,0.0,0.0,0.0,0.0,0.0,0.0
225.201,apt_walk,PARKED,0.0,0.0,0.0,3,0.3099,1.689,0.0,0.0,0.0,0.0,0.0,0.0,0.0
225.301,apt_walk,PARKED,0.0,0.0,0.0,3,0.3099,1.689,0.0,0.0,0.0,0.0,0.0,0.0,0.0
225.401,apt_walk,PARKED,0.0,0.0,0.0,3,0.2213,1.655,0.0,0.0,0.0,0.0,0.0,0.0,0.0
225.501,apt_walk,PARKED,0.0,0.0,0.0,3,0.2213,1.655,0.0,0.0,0.0,0.0,0.0,0.0,0.0
225.601,apt_walk,PARKED,0.0,0.0,0.0,3,0.2213,1.655,0.0,0.0,0.0,0.0,0.0,0.0,0.0
225.701,apt_walk,PARKED,0.0,0.0,0.0,3,0.2213,1.655,0.0,0.0,0.0,0.0,0.0,0.0,0.0
225.801,apt_walk,PARKED,0.0,0.0,0.0,3,0.2213,1.655,0.0,0.0,0.0,0.0,0.0,0.0,0.0
225.901,apt_walk,PARKED,0.0,0.0,0.0,3,0.2402,1.565,0.0,0.0,0.0,0.0,0.0,0.0,0.0
226.001,apt_walk,PARKED,0.0,0.0,0.0,3,0.1325,1.543,0.0,0.0,0.0,0.0,0.0,0.0,0.0
226.101,apt_walk,PARKED,0.0,0.0,0.0,3,0.1325,1.543,0.0,0.0,0.0,0.0,0.0,0.0,0.0
226.201,apt_walk,PARKED,0.0,0.0,0.0,3,0.1325,1.543,0.0,0.0,0.0,0.0,0.0,0.0,0.0
226.301,apt_walk,PARKED,0.0,0.0,0.0,3,0.1325,1.543,0.0,0.0,0.0,0.0,0.0,0.0,0.0
226.402,apt_walk,PARKED,0.0,0.0,0.0,3,0.5593,1.656,0.0,0.0,0.0,0.0,0.0,0.0,0.0
226.501,apt_walk,PARKED,0.0,0.0,0.0,3,0.7704,1.773,0.0,0.0,0.0,0.0,0.0,0.0,0.0
226.601,apt_walk,PARKED,0.0,0.0,0.0,3,0.7704,1.773,0.0,0.0,0.0,0.0,0.0,0.0,0.0
226.701,apt_walk,PARKED,0.0,0.0,0.0,3,0.7704,1.773,0.0,0.0,0.0,0.0,0.0,0.0,0.0
226.801,apt_walk,PARKED,0.0,0.0,0.0,3,0.456,1.874,0.0,0.0,0.0,0.0,0.0,0.0,0.0
226.901,apt_walk,PARKED,0.0,0.0,0.0,3,0.156,2.048,0.0,0.0,0.0,0.0,0.0,0.0,0.0
227.001,apt_walk,PARKED,0.0,0.0,0.0,3,0.0,2.185,0.0,0.0,0.0,0.0,0.0,0.0,0.0
227.101,apt_walk,PARKED,0.0,0.0,0.0,3,0.0,2.185,0.0,0.0,0.0,0.0,0.0,0.0,0.0
227.22,apt_walk,PARKED,0.0,0.0,0.0,3,0.0,2.399,0.0,0.0,0.0,0.0,0.0,0.0,0.0
227.307,apt_walk,PARKED,0.0,0.0,0.0,3,0.0,2.5,0.0,0.0,0.0,0.0,0.0,0.0,0.0
227.401,apt_walk,PARKED,0.0,0.0,0.0,3,0.0,2.574,0.0,0.0,0.0,0.0,0.0,0.0,0.0
227.511,apt_walk,PARKED,0.0,0.0,0.0,3,0.0,2.702,0.0,0.0,0.0,0.0,0.0,0.0,0.0
227.601,apt_walk,PARKED,0.0,0.0,0.0,3,0.0,2.702,0.0,0.0,0.0,0.0,0.0,0.0,0.0
227.749,apt_walk,PARKED,0.0,0.0,0.0,4,0.0,2.848,0.0,0.0,0.0,0.0,0.0,0.0,0.0
227.817,apt_walk,PARKED,0.0,0.0,0.0,4,0.0,3.006,0.0,0.0,0.0,0.0,0.0,0.0,0.0
227.901,apt_walk,PARKED,0.0,0.0,0.0,4,0.0,3.006,0.0,0.0,0.0,0.0,0.0,0.0,0.0
228.027,apt_walk,PARKED,0.0,0.0,0.0,4,0.0,3.077,0.0,0.0,0.0,0.0,0.0,0.0,0.0
228.101,apt_walk,PARKED,0.0,0.0,0.0,4,0.0,3.077,0.0,0.0,0.0,0.0,0.0,0.0,0.0
228.201,apt_walk,PARKED,0.0,0.0,0.0,4,0.0,3.077,0.0,0.0,0.0,0.0,0.0,0.0,0.0
228.316,apt_walk,PARKED,0.0,0.0,0.0,4,0.0,3.472,0.0,0.0,0.0,0.0,0.0,0.0,0.0
228.401,apt_walk,PARKED,0.0,0.0,0.0,4,0.0,3.472,0.0,0.0,0.0,0.0,0.0,0.0,0.0
228.514,apt_walk,PARKED,0.0,0.0,0.0,4,0.0,3.523,0.0,0.0,0.0,0.0,0.0,0.0,0.0
228.603,apt_walk,PARKED,0.0,0.0,0.0,4,0.0,3.523,0.0,0.0,0.0,0.0,0.0,0.0,0.0
228.734,apt_walk,PARKED,0.0,0.0,0.0,4,0.0,3.738,0.0,0.0,0.0,0.0,0.0,0.0,0.0
228.802,apt_walk,PARKED,0.0,0.0,0.0,4,0.0,3.738,0.0,0.0,0.0,0.0,0.0,0.0,0.0
228.901,apt_walk,PARKED,0.0,0.0,0.0,4,0.0,3.746,0.0,0.0,0.0,0.0,0.0,0.0,0.0
229.001,apt_walk,PARKED,0.0,0.0,0.0,4,0.0,3.746,0.0,0.0,0.0,0.0,0.0,0.0,0.0
229.101,apt_walk,PARKED,0.0,0.0,0.0,4,0.0,3.746,0.0,0.0,0.0,0.0,0.0,0.0,0.0
229.225,apt_walk,PARKED,0.0,0.0,0.0,4,0.0,3.763,0.0,0.0,0.0,0.0,0.0,0.0,0.0
229.301,apt_walk,PARKED,0.0,0.0,0.0,4,0.0,3.757,0.0,0.0,0.0,0.0,0.0,0.0,0.0
229.402,apt_walk,PARKED,0.0,0.0,0.0,4,0.0,3.757,0.0,0.0,0.0,0.0,0.0,0.0,0.0
229.502,apt_walk,PARKED,0.0,0.0,0.0,4,0.0,3.757,0.0,0.0,0.0,0.0,0.0,0.0,0.0
229.601,apt_walk,PARKED,0.0,0.0,0.0,4,0.0,3.739,0.0,0.0,0.0,0.0,0.0,0.0,0.0
229.701,apt_walk,PARKED,0.0,0.0,0.0,4,0.0,3.739,0.0,0.0,0.0,0.0,0.0,0.0,0.0
229.802,apt_walk,PARKED,0.0,0.0,0.0,4,0.0,3.703,0.0,0.0,0.0,0.0,0.0,0.0,0.0
229.901,apt_walk,PARKED,0.0,0.0,0.0,4,0.0,3.703,0.0,0.0,0.0,0.0,0.0,0.0,0.0
230.043,apt_walk,PARKED,0.0,0.0,0.0,4,0.0,3.656,0.0,0.0,0.0,0.0,0.0,0.0,0.0
230.119,apt_walk,PARKED,0.0,0.0,0.0,4,0.0,3.656,0.0,0.0,0.0,0.0,0.0,0.0,0.0
230.202,apt_walk,PARKED,0.0,0.0,0.0,4,0.0,3.656,0.0,0.0,0.0,0.0,0.0,0.0,0.0
230.301,apt_walk,PARKED,0.0,0.0,0.0,4,0.0,3.656,0.0,0.0,0.0,0.0,0.0,0.0,0.0
230.401,apt_walk,PARKED,0.0,0.0,0.0,4,0.0,3.656,0.0,0.0,0.0,0.0,0.0,0.0,0.0
230.501,apt_walk,PARKED,0.0,0.0,0.0,4,0.0,3.776,0.0,0.0,0.0,0.0,0.0,0.0,0.0
230.601,apt_walk,PARKED,0.0,0.0,0.0,4,0.0,3.826,0.0,0.0,0.0,0.0,0.0,0.0,0.0
230.716,apt_walk,PARKED,0.0,0.0,0.0,4,0.0,3.826,0.0,0.0,0.0,0.0,0.0,0.0,0.0
230.848,apt_walk,PARKED,0.0,0.0,0.0,4,0.0,3.826,0.0,0.0,0.0,0.0,0.0,0.0,0.0
230.904,apt_walk,PARKED,0.0,0.0,0.0,4,0.0,3.738,0.0,0.0,0.0,0.0,0.0,0.0,0.0
231.04,apt_walk,PARKED,0.0,0.0,0.0,4,0.0,3.682,0.0,0.0,0.0,0.0,0.0,0.0,0.0
231.101,apt_walk,PARKED,0.0,0.0,0.0,4,0.0,3.682,0.0,0.0,0.0,0.0,0.0,0.0,0.0
231.201,apt_walk,PARKED,0.0,0.0,0.0,4,0.0,3.682,0.0,0.0,0.0,0.0,0.0,0.0,0.0
231.301,apt_walk,PARKED,0.0,0.0,0.0,4,0.0,3.65,0.0,0.0,0.0,0.0,0.0,0.0,0.0
231.401,apt_walk,PARKED,0.0,0.0,0.0,4,0.0,3.65,0.0,0.0,0.0,0.0,0.0,0.0,0.0
231.501,apt_walk,PARKED,0.0,0.0,0.0,4,0.0,3.406,0.0,0.0,0.0,0.0,0.0,0.0,0.0
231.64,apt_walk,PARKED,0.0,0.0,0.0,4,0.0,3.277,0.0,0.0,0.0,0.0,0.0,0.0,0.0
231.702,apt_walk,PARKED,0.0,0.0,0.0,4,0.0,3.277,0.0,0.0,0.0,0.0,0.0,0.0,0.0
231.831,apt_walk,PARKED,0.0,0.0,0.0,4,0.0,3.162,0.0,0.0,0.0,0.0,0.0,0.0,0.0
231.908,apt_walk,PARKED,0.0,0.0,0.0,4,0.0,2.925,0.0,0.0,0.0,0.0,0.0,0.0,0.0
232.045,apt_walk,PARKED,0.0,0.0,0.0,4,0.0,2.754,0.0,0.0,0.0,0.0,0.0,0.0,0.0
232.101,apt_walk,PARKED,0.0,0.0,0.0,4,0.0,2.754,0.0,0.0,0.0,0.0,0.0,0.0,0.0
232.201,apt_walk,PARKED,0.0,0.0,0.0,4,0.0,2.754,0.0,0.0,0.0,0.0,0.0,0.0,0.0
232.303,apt_walk,PARKED,0.0,0.0,0.0,4,0.0,2.676,0.0,0.0,0.0,0.0,0.0,0.0,0.0
232.402,apt_walk,PARKED,0.0,0.0,0.0,3,0.0,2.332,0.0,0.0,0.0,0.0,0.0,0.0,0.0
232.501,apt_walk,PARKED,0.0,0.0,0.0,3,0.0,2.332,0.0,0.0,0.0,0.0,0.0,0.0,0.0
232.601,apt_walk,PARKED,0.0,0.0,0.0,3,0.0,2.332,0.0,0.0,0.0,0.0,0.0,0.0,0.0
232.701,apt_walk,PARKED,0.0,0.0,0.0,3,0.0,2.332,0.0,0.0,0.0,0.0,0.0,0.0,0.0
232.812,apt_walk,PARKED,0.0,0.0,0.0,3,0.0,2.091,0.0,0.0,0.0,0.0,0.0,0.0,0.0
232.901,apt_walk,PARKED,0.0,0.0,0.0,3,0.0,2.091,0.0,0.0,0.0,0.0,0.0,0.0,0.0
233.03,apt_walk,PARKED,0.0,0.0,0.0,3,0.0,2.019,0.0,0.0,0.0,0.0,0.0,0.0,0.0
233.101,apt_walk,PARKED,0.0,0.0,0.0,3,0.0,1.908,0.0,0.0,0.0,0.0,0.0,0.0,0.0
233.227,apt_walk,PARKED,0.0,0.0,0.0,3,0.0,1.845,0.0,0.0,0.0,0.0,0.0,0.0,0.0
233.302,apt_walk,PARKED,0.0,0.0,0.0,3,0.4243,1.748,0.0,0.0,0.0,0.0,0.0,0.0,0.0
233.43,apt_walk,PARKED,0.0,0.0,0.0,3,0.0,1.69,0.0,0.0,0.0,0.0,0.0,0.0,0.0
233.502,apt_walk,PARKED,0.0,0.0,0.0,3,0.0,1.69,0.0,0.0,0.0,0.0,0.0,0.0,0.0
233.601,apt_walk,PARKED,0.0,0.0,0.0,3,0.0,1.69,0.0,0.0,0.0,0.0,0.0,0.0,0.0
233.701,apt_walk,PARKED,0.0,0.0,0.0,3,0.0,1.69,0.0,0.0,0.0,0.0,0.0,0.0,0.0
233.839,apt_walk,PARKED,0.0,0.0,0.0,3,0.2085,1.476,0.0,0.0,0.0,0.0,0.0,0.0,0.0
233.901,apt_walk,PARKED,0.0,0.0,0.0,3,0.2085,1.476,0.0,0.0,0.0,0.0,0.0,0.0,0.0
234.001,apt_walk,PARKED,0.0,0.0,0.0,3,0.2085,1.476,0.0,0.0,0.0,0.0,0.0,0.0,0.0
234.144,apt_walk,PARKED,0.0,0.0,0.0,3,0.1317,1.462,0.0,0.0,0.0,0.0,0.0,0.0,0.0
234.208,apt_walk,PARKED,0.0,0.0,0.0,3,0.1764,1.515,0.0,0.0,0.0,0.0,0.0,0.0,0.0
234.331,apt_walk,PARKED,0.0,0.0,0.0,3,0.3782,1.551,0.0,0.0,0.0,0.0,0.0,0.0,0.0
234.443,apt_walk,PARKED,0.0,0.0,0.0,3,0.3782,1.551,0.0,0.0,0.0,0.0,0.0,0.0,0.0
234.501,apt_walk,PARKED,0.0,0.0,0.0,3,0.3782,1.551,0.0,0.0,0.0,0.0,0.0,0.0,0.0
234.636,apt_walk,PARKED,0.0,0.0,0.0,3,0.3782,1.551,0.0,0.0,0.0,0.0,0.0,0.0,0.0
234.701,apt_walk,PARKED,0.0,0.0,0.0,3,0.3782,1.551,0.0,0.0,0.0,0.0,0.0,0.0,0.0
234.802,apt_walk,PARKED,0.0,0.0,0.0,3,0.7302,1.747,0.0,0.0,0.0,0.0,0.0,0.0,0.0
234.901,apt_walk,PARKED,0.0,0.0,0.0,3,0.43,1.911,0.0,0.0,0.0,0.0,0.0,0.0,0.0
235.001,apt_walk,PARKED,0.0,0.0,0.0,3,0.13,1.964,0.0,0.0,0.0,0.0,0.0,0.0,0.0
235.146,apt_walk,PARKED,0.0,0.0,0.0,3,0.0,2.009,0.0,0.0,0.0,0.0,0.0,0.0,0.0
235.201,apt_walk,PARKED,0.0,0.0,0.0,3,0.0,2.009,0.0,0.0,0.0,0.0,0.0,0.0,0.0
235.323,apt_walk,PARKED,0.0,0.0,0.0,3,0.0,2.321,0.0,0.0,0.0,0.0,0.0,0.0,0.0
235.402,apt_walk,PARKED,0.0,0.0,0.0,3,0.0,2.321,0.0,0.0,0.0,0.0,0.0,0.0,0.0
235.501,apt_walk,PARKED,0.0,0.0,0.0,3,0.0,2.321,0.0,0.0,0.0,0.0,0.0,0.0,0.0
235.601,apt_walk,PARKED,0.0,0.0,0.0,3,0.0,2.357,0.0,0.0,0.0,0.0,0.0,0.0,0.0
235.713,apt_walk,PARKED,0.0,0.0,0.0,3,0.0,2.52,0.0,0.0,0.0,0.0,0.0,0.0,0.0
235.802,apt_walk,PARKED,0.0,0.0,0.0,3,0.0,2.52,0.0,0.0,0.0,0.0,0.0,0.0,0.0
235.918,apt_walk,PARKED,0.0,0.0,0.0,3,0.0,2.683,0.0,0.0,0.0,0.0,0.0,0.0,0.0
236.001,apt_walk,PARKED,0.0,0.0,0.0,3,0.0,2.683,0.0,0.0,0.0,0.0,0.0,0.0,0.0
236.147,apt_walk,PARKED,0.0,0.0,0.0,3,0.0,2.683,0.0,0.0,0.0,0.0,0.0,0.0,0.0
236.213,apt_walk,PARKED,0.0,0.0,0.0,3,0.0,3.055,0.0,0.0,0.0,0.0,0.0,0.0,0.0
236.301,apt_walk,PARKED,0.0,0.0,0.0,3,0.0,3.055,0.0,0.0,0.0,0.0,0.0,0.0,0.0
236.401,apt_walk,PARKED,0.0,0.0,0.0,4,0.0,3.187,0.0,0.0,0.0,0.0,0.0,0.0,0.0
236.501,apt_walk,PARKED,0.0,0.0,0.0,4,0.0,3.187,0.0,0.0,0.0,0.0,0.0,0.0,0.0
236.601,apt_walk,PARKED,0.0,0.0,0.0,4,0.0,3.187,0.0,0.0,0.0,0.0,0.0,0.0,0.0
236.719,apt_walk,PARKED,0.0,0.0,0.0,3,0.0,3.481,0.0,0.0,0.0,0.0,0.0,0.0,0.0
236.801,apt_walk,PARKED,0.0,0.0,0.0,3,0.0,3.595,0.0,0.0,0.0,0.0,0.0,0.0,0.0
236.901,apt_walk,PARKED,0.0,0.0,0.0,3,0.0,3.595,0.0,0.0,0.0,0.0,0.0,0.0,0.0
237.002,apt_walk,PARKED,0.0,0.0,0.0,3,0.0,3.595,0.0,0.0,0.0,0.0,0.0,0.0,0.0
237.123,apt_walk,PARKED,0.0,0.0,0.0,3,0.0,3.696,0.0,0.0,0.0,0.0,0.0,0.0,0.0
237.209,apt_walk,PARKED,0.0,0.0,0.0,5,0.0,3.688,0.0,0.0,0.0,0.0,0.0,0.0,0.0
237.3,apt_walk,PARKED,0.0,0.0,0.0,5,0.0,3.688,0.0,0.0,0.0,0.0,0.0,0.0,0.0
237.41,apt_walk,PARKED,0.0,0.0,0.0,5,0.0,3.698,0.0,0.0,0.0,0.0,0.0,0.0,0.0
237.543,apt_walk,PARKED,0.0,0.0,0.0,5,0.0,3.684,0.0,0.0,0.0,0.0,0.0,0.0,0.0
237.603,apt_walk,PARKED,0.0,0.0,0.0,5,0.0,3.716,0.0,0.0,0.0,0.0,0.0,0.0,0.0
237.734,apt_walk,PARKED,0.0,0.0,0.0,5,0.0,3.748,0.0,0.0,0.0,0.0,0.0,0.0,0.0
237.801,apt_walk,PARKED,0.0,0.0,0.0,5,0.0,3.748,0.0,0.0,0.0,0.0,0.0,0.0,0.0
237.901,apt_walk,PARKED,0.0,0.0,0.0,5,0.0,3.748,0.0,0.0,0.0,0.0,0.0,0.0,0.0
238.001,apt_walk,PARKED,0.0,0.0,0.0,5,0.0,3.748,0.0,0.0,0.0,0.0,0.0,0.0,0.0
238.142,apt_walk,PARKED,0.0,0.0,0.0,4,0.0,3.695,0.0,0.0,0.0,0.0,0.0,0.0,0.0
238.203,apt_walk,PARKED,0.0,0.0,0.0,4,0.0,3.695,0.0,0.0,0.0,0.0,0.0,0.0,0.0
238.303,apt_walk,PARKED,0.0,0.0,0.0,4,0.0,3.695,0.0,0.0,0.0,0.0,0.0,0.0,0.0
238.401,apt_walk,PARKED,0.0,0.0,0.0,4,0.0,3.695,0.0,0.0,0.0,0.0,0.0,0.0,0.0
238.501,apt_walk,PARKED,0.0,0.0,0.0,4,0.0,3.668,0.0,0.0,0.0,0.0,0.0,0.0,0.0
238.601,apt_walk,PARKED,0.0,0.0,0.0,4,0.0,3.709,0.0,0.0,0.0,0.0,0.0,0.0,0.0
238.74,apt_walk,PARKED,0.0,0.0,0.0,4,0.0,3.675,0.0,0.0,0.0,0.0,0.0,0.0,0.0
238.802,apt_walk,PARKED,0.0,0.0,0.0,4,0.0,3.658,0.0,0.0,0.0,0.0,0.0,0.0,0.0
238.902,apt_walk,PARKED,0.0,0.0,0.0,4,0.0,3.658,0.0,0.0,0.0,0.0,0.0,0.0,0.0
239.002,apt_walk,PARKED,0.0,0.0,0.0,4,0.0,3.658,0.0,0.0,0.0,0.0,0.0,0.0,0.0
239.107,apt_walk,PARKED,0.0,0.0,0.0,4,0.0,3.694,0.0,0.0,0.0,0.0,0.0,0.0,0.0
239.232,apt_walk,PARKED,0.0,0.0,0.0,4,0.0,3.775,0.0,0.0,0.0,0.0,0.0,0.0,0.0
239.301,apt_walk,PARKED,0.0,0.0,0.0,4,0.0,3.775,0.0,0.0,0.0,0.0,0.0,0.0,0.0
239.401,apt_walk,PARKED,0.0,0.0,0.0,4,0.0,3.775,0.0,0.0,0.0,0.0,0.0,0.0,0.0
239.502,apt_walk,PARKED,0.0,0.0,0.0,4,0.0,3.733,0.0,0.0,0.0,0.0,0.0,0.0,0.0
239.636,apt_walk,PARKED,0.0,0.0,0.0,4,0.0,3.626,0.0,0.0,0.0,0.0,0.0,0.0,0.0
239.701,apt_walk,PARKED,0.0,0.0,0.0,4,0.0,3.551,0.0,0.0,0.0,0.0,0.0,0.0,0.0
239.801,apt_walk,PARKED,0.0,0.0,0.0,4,0.0,3.551,0.0,0.0,0.0,0.0,0.0,0.0,0.0
239.901,apt_walk,PARKED,0.0,0.0,0.0,4,0.0,3.492,0.0,0.0,0.0,0.0,0.0,0.0,0.0
240.001,apt_walk,PARKED,0.0,0.0,0.0,4,0.0,3.492,0.0,0.0,0.0,0.0,0.0,0.0,0.0
240.102,apt_walk,PARKED,0.0,0.0,0.0,4,0.0,3.138,0.0,0.0,0.0,0.0,0.0,0.0,0.0
240.201,apt_walk,PARKED,0.0,0.0,0.0,4,0.0,3.138,0.0,0.0,0.0,0.0,0.0,0.0,0.0
240.324,apt_walk,PARKED,0.0,0.0,0.0,4,0.0,3.094,0.0,0.0,0.0,0.0,0.0,0.0,0.0
240.402,apt_walk,PARKED,0.0,0.0,0.0,4,0.0,3.094,0.0,0.0,0.0,0.0,0.0,0.0,0.0
240.528,apt_walk,PARKED,0.0,0.0,0.0,4,0.0,2.723,0.0,0.0,0.0,0.0,0.0,0.0,0.0
240.604,apt_walk,PARKED,0.0,0.0,0.0,4,0.0,2.634,0.0,0.0,0.0,0.0,0.0,0.0,0.0
240.701,apt_walk,PARKED,0.0,0.0,0.0,4,0.0,2.634,0.0,0.0,0.0,0.0,0.0,0.0,0.0
240.811,apt_walk,PARKED,0.0,0.0,0.0,4,0.0,2.634,0.0,0.0,0.0,0.0,0.0,0.0,0.0
240.901,apt_walk,PARKED,0.0,0.0,0.0,4,0.0,2.634,0.0,0.0,0.0,0.0,0.0,0.0,0.0
241.015,apt_walk,PARKED,0.0,0.0,0.0,4,0.0,2.532,0.0,0.0,0.0,0.0,0.0,0.0,0.0
241.101,apt_walk,PARKED,0.0,0.0,0.0,4,0.0,2.532,0.0,0.0,0.0,0.0,0.0,0.0,0.0
241.201,apt_walk,PARKED,0.0,0.0,0.0,4,0.0,2.123,0.0,0.0,0.0,0.0,0.0,0.0,0.0
241.302,apt_walk,PARKED,0.0,0.0,0.0,4,0.0,2.123,0.0,0.0,0.0,0.0,0.0,0.0,0.0
241.401,apt_walk,PARKED,0.0,0.0,0.0,4,0.0,2.123,0.0,0.0,0.0,0.0,0.0,0.0,0.0
241.501,apt_walk,PARKED,0.0,0.0,0.0,4,0.0,2.123,0.0,0.0,0.0,0.0,0.0,0.0,0.0
241.601,apt_walk,PARKED,0.0,0.0,0.0,3,0.0,1.864,0.0,0.0,0.0,0.0,0.0,0.0,0.0
241.701,apt_walk,PARKED,0.0,0.0,0.0,3,0.0,1.864,0.0,0.0,0.0,0.0,0.0,0.0,0.0
241.801,apt_walk,PARKED,0.0,0.0,0.0,3,0.0,1.864,0.0,0.0,0.0,0.0,0.0,0.0,0.0
241.91,apt_walk,PARKED,0.0,0.0,0.0,3,0.2512,1.771,0.0,0.0,0.0,0.0,0.0,0.0,0.0
242.002,apt_walk,PARKED,0.0,0.0,0.0,3,0.2512,1.771,0.0,0.0,0.0,0.0,0.0,0.0,0.0
242.101,apt_walk,PARKED,0.0,0.0,0.0,3,0.0716,1.709,0.0,0.0,0.0,0.0,0.0,0.0,0.0
242.201,apt_walk,PARKED,0.0,0.0,0.0,3,0.0716,1.709,0.0,0.0,0.0,0.0,0.0,0.0,0.0
242.301,apt_walk,PARKED,0.0,0.0,0.0,3,0.0716,1.709,0.0,0.0,0.0,0.0,0.0,0.0,0.0
242.401,apt_walk,PARKED,0.0,0.0,0.0,3,0.0716,1.709,0.0,0.0,0.0,0.0,0.0,0.0,0.0
242.513,apt_walk,PARKED,0.0,0.0,0.0,3,0.4277,1.501,0.0,0.0,0.0,0.0,0.0,0.0,0.0
242.601,apt_walk,PARKED,0.0,0.0,0.0,3,0.5293,1.474,0.0,0.0,0.0,0.0,0.0,0.0,0.0
242.748,apt_walk,PARKED,0.0,0.0,0.0,3,0.0041,1.483,0.0,0.0,0.0,0.0,0.0,0.0,0.0
242.802,apt_walk,PARKED,0.0,0.0,0.0,3,0.0041,1.483,0.0,0.0,0.0,0.0,0.0,0.0,0.0
242.921,apt_walk,PARKED,0.0,0.0,0.0,3,0.2978,1.537,0.0,0.0,0.0,0.0,0.0,0.0,0.0
243.001,apt_walk,PARKED,0.0,0.0,0.0,3,0.5455,1.599,0.0,0.0,0.0,0.0,0.0,0.0,0.0
243.146,apt_walk,PARKED,0.0,0.0,0.0,3,0.5455,1.599,0.0,0.0,0.0,0.0,0.0,0.0,0.0
243.201,apt_walk,PARKED,0.0,0.0,0.0,3,0.5455,1.599,0.0,0.0,0.0,0.0,0.0,0.0,0.0
243.301,apt_walk,PARKED,0.0,0.0,0.0,3,0.5455,1.599,0.0,0.0,0.0,0.0,0.0,0.0,0.0
243.401,apt_walk,PARKED,0.0,0.0,0.0,3,0.5455,1.599,0.0,0.0,0.0,0.0,0.0,0.0,0.0
243.501,apt_walk,PARKED,0.0,0.0,0.0,3,0.053,2.013,0.0,0.0,0.0,0.0,0.0,0.0,0.0
243.623,apt_walk,PARKED,0.0,0.0,0.0,3,0.053,2.013,0.0,0.0,0.0,0.0,0.0,0.0,0.0
243.701,apt_walk,PARKED,0.0,0.0,0.0,3,0.053,2.013,0.0,0.0,0.0,0.0,0.0,0.0,0.0
243.801,apt_walk,PARKED,0.0,0.0,0.0,3,0.0,2.109,0.0,0.0,0.0,0.0,0.0,0.0,0.0
243.921,apt_walk,PARKED,0.0,0.0,0.0,3,0.0,2.316,0.0,0.0,0.0,0.0,0.0,0.0,0.0
244.001,apt_walk,PARKED,0.0,0.0,0.0,3,0.0,2.316,0.0,0.0,0.0,0.0,0.0,0.0,0.0
244.102,apt_walk,PARKED,0.0,0.0,0.0,3,0.0,2.386,0.0,0.0,0.0,0.0,0.0,0.0,0.0
244.201,apt_walk,PARKED,0.0,0.0,0.0,3,0.0,2.386,0.0,0.0,0.0,0.0,0.0,0.0,0.0
244.301,apt_walk,PARKED,0.0,0.0,0.0,3,0.0,2.54,0.0,0.0,0.0,0.0,0.0,0.0,0.0
244.401,apt_walk,PARKED,0.0,0.0,0.0,3,0.0,2.54,0.0,0.0,0.0,0.0,0.0,0.0,0.0
244.522,apt_walk,PARKED,0.0,0.0,0.0,3,0.0,2.931,0.0,0.0,0.0,0.0,0.0,0.0,0.0
244.601,apt_walk,PARKED,0.0,0.0,0.0,3,0.0,2.931,0.0,0.0,0.0,0.0,0.0,0.0,0.0
244.739,apt_walk,PARKED,0.0,0.0,0.0,4,0.0,3.046,0.0,0.0,0.0,0.0,0.0,0.0,0.0
244.801,apt_walk,PARKED,0.0,0.0,0.0,4,0.0,3.131,0.0,0.0,0.0,0.0,0.0,0.0,0.0
244.901,apt_walk,PARKED,0.0,0.0,0.0,4,0.0,3.341,0.0,0.0,0.0,0.0,0.0,0.0,0.0
245.001,apt_walk,PARKED,0.0,0.0,0.0,4,0.0,3.341,0.0,0.0,0.0,0.0,0.0,0.0,0.0
245.135,apt_walk,PARKED,0.0,0.0,0.0,5,0.0,3.393,0.0,0.0,0.0,0.0,0.0,0.0,0.0
245.212,apt_walk,PARKED,0.0,0.0,0.0,4,0.0,3.611,0.0,0.0,0.0,0.0,0.0,0.0,0.0
245.302,apt_walk,PARKED,0.0,0.0,0.0,4,0.0,3.68,0.0,0.0,0.0,0.0,0.0,0.0,0.0
245.402,apt_walk,PARKED,0.0,0.0,0.0,4,0.0,3.68,0.0,0.0,0.0,0.0,0.0,0.0,0.0
245.501,apt_walk,PARKED,0.0,0.0,0.0,4,0.0,3.68,0.0,0.0,0.0,0.0,0.0,0.0,0.0
245.601,apt_walk,PARKED,0.0,0.0,0.0,4,0.0,3.68,0.0,0.0,0.0,0.0,0.0,0.0,0.0
245.738,apt_walk,PARKED,0.0,0.0,0.0,4,0.0,3.823,0.0,0.0,0.0,0.0,0.0,0.0,0.0
245.802,apt_walk,PARKED,0.0,0.0,0.0,4,0.0,3.823,0.0,0.0,0.0,0.0,0.0,0.0,0.0
245.914,apt_walk,PARKED,0.0,0.0,0.0,4,0.0,3.823,0.0,0.0,0.0,0.0,0.0,0.0,0.0
246.001,apt_walk,PARKED,0.0,0.0,0.0,4,0.0,3.823,0.0,0.0,0.0,0.0,0.0,0.0,0.0
246.101,apt_walk,PARKED,0.0,0.0,0.0,4,0.0,3.749,0.0,0.0,0.0,0.0,0.0,0.0,0.0
246.206,apt_walk,PARKED,0.0,0.0,0.0,4,0.0,3.715,0.0,0.0,0.0,0.0,0.0,0.0,0.0
246.301,apt_walk,PARKED,0.0,0.0,0.0,4,0.0,3.708,0.0,0.0,0.0,0.0,0.0,0.0,0.0
246.401,apt_walk,PARKED,0.0,0.0,0.0,4,0.0,3.708,0.0,0.0,0.0,0.0,0.0,0.0,0.0
246.501,apt_walk,PARKED,0.0,0.0,0.0,4,0.0,3.747,0.0,0.0,0.0,0.0,0.0,0.0,0.0
246.601,apt_walk,PARKED,0.0,0.0,0.0,4,0.0,3.747,0.0,0.0,0.0,0.0,0.0,0.0,0.0
246.702,apt_walk,PARKED,0.0,0.0,0.0,4,0.0,3.747,0.0,0.0,0.0,0.0,0.0,0.0,0.0
246.824,apt_walk,PARKED,0.0,0.0,0.0,4,0.0,3.762,0.0,0.0,0.0,0.0,0.0,0.0,0.0
246.901,apt_walk,PARKED,0.0,0.0,0.0,4,0.0,3.762,0.0,0.0,0.0,0.0,0.0,0.0,0.0
247.001,apt_walk,PARKED,0.0,0.0,0.0,4,0.0,3.762,0.0,0.0,0.0,0.0,0.0,0.0,0.0
247.102,apt_walk,PARKED,0.0,0.0,0.0,4,0.0,3.716,0.0,0.0,0.0,0.0,0.0,0.0,0.0
247.226,apt_walk,PARKED,0.0,0.0,0.0,4,0.0,3.681,0.0,0.0,0.0,0.0,0.0,0.0,0.0
247.301,apt_walk,PARKED,0.0,0.0,0.0,4,0.0,3.772,0.0,0.0,0.0,0.0,0.0,0.0,0.0
247.401,apt_walk,PARKED,0.0,0.0,0.0,4,0.0,3.772,0.0,0.0,0.0,0.0,0.0,0.0,0.0
247.506,apt_walk,PARKED,0.0,0.0,0.0,4,0.0,3.772,0.0,0.0,0.0,0.0,0.0,0.0,0.0
247.603,apt_walk,PARKED,0.0,0.0,0.0,4,0.0,3.695,0.0,0.0,0.0,0.0,0.0,0.0,0.0
247.701,apt_walk,PARKED,0.0,0.0,0.0,4,0.0,3.695,0.0,0.0,0.0,0.0,0.0,0.0,0.0
247.801,apt_walk,PARKED,0.0,0.0,0.0,4,0.0,3.695,0.0,0.0,0.0,0.0,0.0,0.0,0.0
247.926,apt_walk,PARKED,0.0,0.0,0.0,4,0.0,3.53,0.0,0.0,0.0,0.0,0.0,0.0,0.0
248.001,apt_walk,PARKED,0.0,0.0,0.0,4,0.0,3.53,0.0,0.0,0.0,0.0,0.0,0.0,0.0
248.101,apt_walk,PARKED,0.0,0.0,0.0,4,0.0,3.488,0.0,0.0,0.0,0.0,0.0,0.0,0.0
248.201,apt_walk,PARKED,0.0,0.0,0.0,4,0.0,3.164,0.0,0.0,0.0,0.0,0.0,0.0,0.0
248.313,apt_walk,PARKED,0.0,0.0,0.0,4,0.0,3.164,0.0,0.0,0.0,0.0,0.0,0.0,0.0
248.402,apt_walk,PARKED,0.0,0.0,0.0,4,0.0,3.164,0.0,0.0,0.0,0.0,0.0,0.0,0.0
248.501,apt_walk,PARKED,0.0,0.0,0.0,4,0.0,3.164,0.0,0.0,0.0,0.0,0.0,0.0,0.0
248.631,apt_walk,PARKED,0.0,0.0,0.0,4,0.0,2.743,0.0,0.0,0.0,0.0,0.0,0.0,0.0
248.701,apt_walk,PARKED,0.0,0.0,0.0,4,0.0,2.743,0.0,0.0,0.0,0.0,0.0,0.0,0.0
248.801,apt_walk,PARKED,0.0,0.0,0.0,4,0.0,2.743,0.0,0.0,0.0,0.0,0.0,0.0,0.0
248.924,apt_walk,PARKED,0.0,0.0,0.0,4,0.0,2.388,0.0,0.0,0.0,0.0,0.0,0.0,0.0
249.003,apt_walk,PARKED,0.0,0.0,0.0,4,0.0,2.388,0.0,0.0,0.0,0.0,0.0,0.0,0.0
249.135,apt_walk,PARKED,0.0,0.0,0.0,4,0.0,2.139,0.0,0.0,0.0,0.0,0.0,0.0,0.0
249.201,apt_walk,PARKED,0.0,0.0,0.0,4,0.0,2.139,0.0,0.0,0.0,0.0,0.0,0.0,0.0
249.301,apt_walk,PARKED,0.0,0.0,0.0,4,0.0,2.139,0.0,0.0,0.0,0.0,0.0,0.0,0.0
249.413,apt_walk,PARKED,0.0,0.0,0.0,4,0.0,2.067,0.0,0.0,0.0,0.0,0.0,0.0,0.0
249.502,apt_walk,PARKED,0.0,0.0,0.0,4,0.0,1.876,0.0,0.0,0.0,0.0,0.0,0.0,0.0
249.601,apt_walk,PARKED,0.0,0.0,0.0,4,0.0,1.806,0.0,0.0,0.0,0.0,0.0,0.0,0.0
249.712,apt_walk,PARKED,0.0,0.0,0.0,4,0.0,1.806,0.0,0.0,0.0,0.0,0.0,0.0,0.0
249.801,apt_walk,PARKED,0.0,0.0,0.0,4,0.0,1.806,0.0,0.0,0.0,0.0,0.0,0.0,0.0
249.902,apt_walk,PARKED,0.0,0.0,0.0,4,0.0,1.806,0.0,0.0,0.0,0.0,0.0,0.0,0.0
250.001,apt_walk,PARKED,0.0,0.0,0.0,3,0.4586,1.628,0.0,0.0,0.0,0.0,0.0,0.0,0.0
250.101,apt_walk,PARKED,0.0,0.0,0.0,3,0.4586,1.628,0.0,0.0,0.0,0.0,0.0,0.0,0.0
250.201,apt_walk,PARKED,0.0,0.0,0.0,3,0.2406,1.576,0.0,0.0,0.0,0.0,0.0,0.0,0.0
250.301,apt_walk,PARKED,0.0,0.0,0.0,3,0.2406,1.576,0.0,0.0,0.0,0.0,0.0,0.0,0.0
250.401,apt_walk,PARKED,0.0,0.0,0.0,3,0.1451,1.558,0.0,0.0,0.0,0.0,0.0,0.0,0.0
250.501,apt_walk,PARKED,0.0,0.0,0.0,3,0.1451,1.558,0.0,0.0,0.0,0.0,0.0,0.0,0.0
250.601,apt_walk,PARKED,0.0,0.0,0.0,3,0.3589,1.522,0.0,0.0,0.0,0.0,0.0,0.0,0.0
250.735,apt_walk,PARKED,0.0,0.0,0.0,3,0.3589,1.522,0.0,0.0,0.0,0.0,0.0,0.0,0.0
250.801,apt_walk,PARKED,0.0,0.0,0.0,3,0.3589,1.522,0.0,0.0,0.0,0.0,0.0,0.0,0.0
250.901,apt_walk,PARKED,0.0,0.0,0.0,3,0.2434,1.528,0.0,0.0,0.0,0.0,0.0,0.0,0.0
251.001,apt_walk,PARKED,0.0,0.0,0.0,3,0.2434,1.528,0.0,0.0,0.0,0.0,0.0,0.0,0.0
251.101,apt_walk,PARKED,0.0,0.0,0.0,3,0.3544,1.639,0.0,0.0,0.0,0.0,0.0,0.0,0.0
251.215,apt_walk,PARKED,0.0,0.0,0.0,3,0.1631,1.677,0.0,0.0,0.0,0.0,0.0,0.0,0.0
251.3,apt_walk,PARKED,0.0,0.0,0.0,3,0.0,2.032,0.0,0.0,0.0,0.0,0.0,0.0,0.0
251.401,apt_walk,PARKED,0.0,0.0,0.0,3,0.0,2.032,0.0,0.0,0.0,0.0,0.0,0.0,0.0
251.501,apt_walk,PARKED,0.0,0.0,0.0,3,0.0,2.032,0.0,0.0,0.0,0.0,0.0,0.0,0.0
251.604,apt_walk,PARKED,0.0,0.0,0.0,3,0.0,2.032,0.0,0.0,0.0,0.0,0.0,0.0,0.0
251.736,apt_walk,PARKED,0.0,0.0,0.0,3,0.0,2.283,0.0,0.0,0.0,0.0,0.0,0.0,0.0
251.801,apt_walk,PARKED,0.0,0.0,0.0,3,0.0,2.283,0.0,0.0,0.0,0.0,0.0,0.0,0.0
251.901,apt_walk,PARKED,0.0,0.0,0.0,3,0.0,2.283,0.0,0.0,0.0,0.0,0.0,0.0,0.0
252.05,apt_walk,PARKED,0.0,0.0,0.0,3,0.0,2.492,0.0,0.0,0.0,0.0,0.0,0.0,0.0
252.114,apt_walk,PARKED,0.0,0.0,0.0,3,0.0,2.773,0.0,0.0,0.0,0.0,0.0,0.0,0.0
252.233,apt_walk,PARKED,0.0,0.0,0.0,3,0.0,2.773,0.0,0.0,0.0,0.0,0.0,0.0,0.0
252.302,apt_walk,PARKED,0.0,0.0,0.0,3,0.0,2.773,0.0,0.0,0.0,0.0,0.0,0.0,0.0
252.401,apt_walk,PARKED,0.0,0.0,0.0,4,0.0,2.906,0.0,0.0,0.0,0.0,0.0,0.0,0.0
252.534,apt_walk,PARKED,0.0,0.0,0.0,4,0.0,3.092,0.0,0.0,0.0,0.0,0.0,0.0,0.0
252.602,apt_walk,PARKED,0.0,0.0,0.0,4,0.0,3.092,0.0,0.0,0.0,0.0,0.0,0.0,0.0
252.701,apt_walk,PARKED,0.0,0.0,0.0,4,0.0,3.23,0.0,0.0,0.0,0.0,0.0,0.0,0.0
252.844,apt_walk,PARKED,0.0,0.0,0.0,5,0.0,3.339,0.0,0.0,0.0,0.0,0.0,0.0,0.0
252.902,apt_walk,PARKED,0.0,0.0,0.0,5,0.0,3.339,0.0,0.0,0.0,0.0,0.0,0.0,0.0
253.001,apt_walk,PARKED,0.0,0.0,0.0,5,0.0,3.339,0.0,0.0,0.0,0.0,0.0,0.0,0.0
253.101,apt_walk,PARKED,0.0,0.0,0.0,5,0.0,3.339,0.0,0.0,0.0,0.0,0.0,0.0,0.0
253.201,apt_walk,PARKED,0.0,0.0,0.0,5,0.0,3.339,0.0,0.0,0.0,0.0,0.0,0.0,0.0
253.301,apt_walk,PARKED,0.0,0.0,0.0,5,0.0,3.339,0.0,0.0,0.0,0.0,0.0,0.0,0.0
253.404,apt_walk,PARKED,0.0,0.0,0.0,4,0.0,3.508,0.0,0.0,0.0,0.0,0.0,0.0,0.0
253.501,apt_walk,PARKED,0.0,0.0,0.0,4,0.0,3.738,0.0,0.0,0.0,0.0,0.0,0.0,0.0
253.603,apt_walk,PARKED,0.0,0.0,0.0,4,0.0,3.738,0.0,0.0,0.0,0.0,0.0,0.0,0.0
253.701,apt_walk,PARKED,0.0,0.0,0.0,4,0.0,3.738,0.0,0.0,0.0,0.0,0.0,0.0,0.0
253.842,apt_walk,PARKED,0.0,0.0,0.0,4,0.0,3.72,0.0,0.0,0.0,0.0,0.0,0.0,0.0
253.902,apt_walk,PARKED,0.0,0.0,0.0,4,0.0,3.719,0.0,0.0,0.0,0.0,0.0,0.0,0.0
254.015,apt_walk,PARKED,0.0,0.0,0.0,4,0.0,3.772,0.0,0.0,0.0,0.0,0.0,0.0,0.0
254.101,apt_walk,PARKED,0.0,0.0,0.0,4,0.0,3.772,0.0,0.0,0.0,0.0,0.0,0.0,0.0
254.202,apt_walk,PARKED,0.0,0.0,0.0,4,0.0,3.772,0.0,0.0,0.0,0.0,0.0,0.0,0.0
254.329,apt_walk,PARKED,0.0,0.0,0.0,3,0.0,3.714,0.0,0.0,0.0,0.0,0.0,0.0,0.0
254.401,apt_walk,PARKED,0.0,0.0,0.0,3,0.0,3.709,0.0,0.0,0.0,0.0,0.0,0.0,0.0
254.518,apt_walk,PARKED,0.0,0.0,0.0,3,0.0,3.772,0.0,0.0,0.0,0.0,0.0,0.0,0.0
254.601,apt_walk,PARKED,0.0,0.0,0.0,3,0.0,3.772,0.0,0.0,0.0,0.0,0.0,0.0,0.0
254.703,apt_walk,PARKED,0.0,0.0,0.0,3,0.0,3.772,0.0,0.0,0.0,0.0,0.0,0.0,0.0
254.801,apt_walk,PARKED,0.0,0.0,0.0,3,0.0,3.7,0.0,0.0,0.0,0.0,0.0,0.0,0.0
254.917,apt_walk,PARKED,0.0,0.0,0.0,3,0.0,3.733,0.0,0.0,0.0,0.0,0.0,0.0,0.0
255.001,apt_walk,PARKED,0.0,0.0,0.0,3,0.0,3.733,0.0,0.0,0.0,0.0,0.0,0.0,0.0
255.101,apt_walk,PARKED,0.0,0.0,0.0,3,0.0,3.733,0.0,0.0,0.0,0.0,0.0,0.0,0.0
255.202,apt_walk,PARKED,0.0,0.0,0.0,4,0.0,3.712,0.0,0.0,0.0,0.0,0.0,0.0,0.0
255.332,apt_walk,PARKED,0.0,0.0,0.0,4,0.0,3.782,0.0,0.0,0.0,0.0,0.0,0.0,0.0
255.401,apt_walk,PARKED,0.0,0.0,0.0,4,0.0,3.782,0.0,0.0,0.0,0.0,0.0,0.0,0.0
255.519,apt_walk,PARKED,0.0,0.0,0.0,3,0.0,3.793,0.0,0.0,0.0,0.0,0.0,0.0,0.0
255.601,apt_walk,PARKED,0.0,0.0,0.0,3,0.0,3.793,0.0,0.0,0.0,0.0,0.0,0.0,0.0
255.75,apt_walk,PARKED,0.0,0.0,0.0,3,0.0,3.491,0.0,0.0,0.0,0.0,0.0,0.0,0.0
255.813,apt_walk,PARKED,0.0,0.0,0.0,3,0.0,3.491,0.0,0.0,0.0,0.0,0.0,0.0,0.0
255.902,apt_walk,PARKED,0.0,0.0,0.0,3,0.0,3.342,0.0,0.0,0.0,0.0,0.0,0.0,0.0
256.001,apt_walk,PARKED,0.0,0.0,0.0,3,0.0,3.342,0.0,0.0,0.0,0.0,0.0,0.0,0.0
256.101,apt_walk,PARKED,0.0,0.0,0.0,3,0.0,3.342,0.0,0.0,0.0,0.0,0.0,0.0,0.0
256.228,apt_walk,PARKED,0.0,0.0,0.0,3,0.0,3.068,0.0,0.0,0.0,0.0,0.0,0.0,0.0
256.302,apt_walk,PARKED,0.0,0.0,0.0,3,0.0,3.068,0.0,0.0,0.0,0.0,0.0,0.0,0.0
256.435,apt_walk,PARKED,0.0,0.0,0.0,3,0.0,2.95,0.0,0.0,0.0,0.0,0.0,0.0,0.0
256.502,apt_walk,PARKED,0.0,0.0,0.0,3,0.0,2.95,0.0,0.0,0.0,0.0,0.0,0.0,0.0
256.641,apt_walk,PARKED,0.0,0.0,0.0,3,0.0,2.868,0.0,0.0,0.0,0.0,0.0,0.0,0.0
256.712,apt_walk,PARKED,0.0,0.0,0.0,3,0.0,2.582,0.0,0.0,0.0,0.0,0.0,0.0,0.0
256.801,apt_walk,PARKED,0.0,0.0,0.0,3,0.0,2.582,0.0,0.0,0.0,0.0,0.0,0.0,0.0
256.901,apt_walk,PARKED,0.0,0.0,0.0,3,0.0,2.476,0.0,0.0,0.0,0.0,0.0,0.0,0.0
257.046,apt_walk,PARKED,0.0,0.0,0.0,3,0.0,2.408,0.0,0.0,0.0,0.0,0.0,0.0,0.0
257.101,apt_walk,PARKED,0.0,0.0,0.0,3,0.0,2.408,0.0,0.0,0.0,0.0,0.0,0.0,0.0
257.201,apt_walk,PARKED,0.0,0.0,0.0,3,0.0,2.408,0.0,0.0,0.0,0.0,0.0,0.0,0.0
257.301,apt_walk,PARKED,0.0,0.0,0.0,3,0.0,2.408,0.0,0.0,0.0,0.0,0.0,0.0,0.0
257.401,apt_walk,PARKED,0.0,0.0,0.0,3,0.0,2.111,0.0,0.0,0.0,0.0,0.0,0.0,0.0
257.502,apt_walk,PARKED,0.0,0.0,0.0,3,0.0,2.03,0.0,0.0,0.0,0.0,0.0,0.0,0.0
257.602,apt_walk,PARKED,0.0,0.0,0.0,3,0.0,1.854,0.0,0.0,0.0,0.0,0.0,0.0,0.0
257.701,apt_walk,PARKED,0.0,0.0,0.0,3,0.3118,1.756,0.0,0.0,0.0,0.0,0.0,0.0,0.0
257.811,apt_walk,PARKED,0.0,0.0,0.0,3,0.3118,1.756,0.0,0.0,0.0,0.0,0.0,0.0,0.0
257.905,apt_walk,PARKED,0.0,0.0,0.0,3,0.2899,1.641,0.0,0.0,0.0,0.0,0.0,0.0,0.0
258.002,apt_walk,PARKED,0.0,0.0,0.0,3,0.2899,1.641,0.0,0.0,0.0,0.0,0.0,0.0,0.0
258.101,apt_walk,PARKED,0.0,0.0,0.0,3,0.193,1.6,0.0,0.0,0.0,0.0,0.0,0.0,0.0
258.201,apt_walk,PARKED,0.0,0.0,0.0,3,0.193,1.6,0.0,0.0,0.0,0.0,0.0,0.0,0.0
258.301,apt_walk,PARKED,0.0,0.0,0.0,3,0.3038,1.589,0.0,0.0,0.0,0.0,0.0,0.0,0.0
258.401,apt_walk,PARKED,0.0,0.0,0.0,3,0.3038,1.589,0.0,0.0,0.0,0.0,0.0,0.0,0.0
258.502,apt_walk,PARKED,0.0,0.0,0.0,3,0.3038,1.589,0.0,0.0,0.0,0.0,0.0,0.0,0.0
258.601,apt_walk,PARKED,0.0,0.0,0.0,3,0.3038,1.593,0.0,0.0,0.0,0.0,0.0,0.0,0.0
258.743,apt_walk,PARKED,0.0,0.0,0.0,3,0.3038,1.593,0.0,0.0,0.0,0.0,0.0,0.0,0.0
258.801,apt_walk,PARKED,0.0,0.0,0.0,3,0.3038,1.593,0.0,0.0,0.0,0.0,0.0,0.0,0.0
258.901,apt_walk,PARKED,0.0,0.0,0.0,3,0.5103,1.65,0.0,0.0,0.0,0.0,0.0,0.0,0.0
259.022,apt_walk,PARKED,0.0,0.0,0.0,3,0.7954,1.748,0.0,0.0,0.0,0.0,0.0,0.0,0.0
259.101,apt_walk,PARKED,0.0,0.0,0.0,3,0.195,1.962,0.0,0.0,0.0,0.0,0.0,0.0,0.0
259.201,apt_walk,PARKED,0.0,0.0,0.0,3,0.195,1.962,0.0,0.0,0.0,0.0,0.0,0.0,0.0
259.301,apt_walk,PARKED,0.0,0.0,0.0,3,0.195,1.962,0.0,0.0,0.0,0.0,0.0,0.0,0.0
259.404,apt_walk,PARKED,0.0,0.0,0.0,3,0.0,2.123,0.0,0.0,0.0,0.0,0.0,0.0,0.0
259.519,apt_walk,PARKED,0.0,0.0,0.0,3,0.0,2.254,0.0,0.0,0.0,0.0,0.0,0.0,0.0
259.601,apt_walk,PARKED,0.0,0.0,0.0,3,0.0,2.358,0.0,0.0,0.0,0.0,0.0,0.0,0.0
259.721,apt_walk,PARKED,0.0,0.0,0.0,3,0.0,2.457,0.0,0.0,0.0,0.0,0.0,0.0,0.0
259.801,apt_walk,PARKED,0.0,0.0,0.0,3,0.0,2.534,0.0,0.0,0.0,0.0,0.0,0.0,0.0
259.901,apt_walk,PARKED,0.0,0.0,0.0,3,0.0,2.612,0.0,0.0,0.0,0.0,0.0,0.0,0.0
260.018,apt_walk,PARKED,0.0,0.0,0.0,3,0.0,2.776,0.0,0.0,0.0,0.0,0.0,0.0,0.0
260.101,apt_walk,PARKED,0.0,0.0,0.0,3,0.0,2.784,0.0,0.0,0.0,0.0,0.0,0.0,0.0
260.201,apt_walk,PARKED,0.0,0.0,0.0,3,0.0,2.784,0.0,0.0,0.0,0.0,0.0,0.0,0.0
260.301,apt_walk,PARKED,0.0,0.0,0.0,3,0.0,2.784,0.0,0.0,0.0,0.0,0.0,0.0,0.0
260.401,apt_walk,PARKED,0.0,0.0,0.0,3,0.0,2.784,0.0,0.0,0.0,0.0,0.0,0.0,0.0
260.509,apt_walk,PARKED,0.0,0.0,0.0,3,0.0,3.291,0.0,0.0,0.0,0.0,0.0,0.0,0.0
260.601,apt_walk,PARKED,0.0,0.0,0.0,3,0.0,3.291,0.0,0.0,0.0,0.0,0.0,0.0,0.0
260.713,apt_walk,PARKED,0.0,0.0,0.0,3,0.0,3.291,0.0,0.0,0.0,0.0,0.0,0.0,0.0
260.824,apt_walk,PARKED,0.0,0.0,0.0,3,0.0,3.388,0.0,0.0,0.0,0.0,0.0,0.0,0.0
260.901,apt_walk,PARKED,0.0,0.0,0.0,3,0.0,3.764,0.0,0.0,0.0,0.0,0.0,0.0,0.0
261.013,apt_walk,PARKED,0.0,0.0,0.0,3,0.0,3.754,0.0,0.0,0.0,0.0,0.0,0.0,0.0
261.124,apt_walk,PARKED,0.0,0.0,0.0,3,0.0,3.754,0.0,0.0,0.0,0.0,0.0,0.0,0.0
261.201,apt_walk,PARKED,0.0,0.0,0.0,3,0.0,3.754,0.0,0.0,0.0,0.0,0.0,0.0,0.0
261.301,apt_walk,PARKED,0.0,0.0,0.0,3,0.0,3.751,0.0,0.0,0.0,0.0,0.0,0.0,0.0
261.401,apt_walk,PARKED,0.0,0.0,0.0,4,0.0,3.715,0.0,0.0,0.0,0.0,0.0,0.0,0.0
261.527,apt_walk,PARKED,0.0,0.0,0.0,4,0.0,3.682,0.0,0.0,0.0,0.0,0.0,0.0,0.0
261.601,apt_walk,PARKED,0.0,0.0,0.0,4,0.0,3.682,0.0,0.0,0.0,0.0,0.0,0.0,0.0
261.702,apt_walk,PARKED,0.0,0.0,0.0,4,0.0,3.682,0.0,0.0,0.0,0.0,0.0,0.0,0.0
261.847,apt_walk,PARKED,0.0,0.0,0.0,3,0.0,3.754,0.0,0.0,0.0,0.0,0.0,0.0,0.0
261.921,apt_walk,PARKED,0.0,0.0,0.0,3,0.0,3.764,0.0,0.0,0.0,0.0,0.0,0.0,0.0
262.001,apt_walk,PARKED,0.0,0.0,0.0,3,0.0,3.764,0.0,0.0,0.0,0.0,0.0,0.0,0.0
262.113,apt_walk,PARKED,0.0,0.0,0.0,3,0.0,3.702,0.0,0.0,0.0,0.0,0.0,0.0,0.0
262.244,apt_walk,PARKED,0.0,0.0,0.0,4,0.0,3.736,0.0,0.0,0.0,0.0,0.0,0.0,0.0
262.303,apt_walk,PARKED,0.0,0.0,0.0,4,0.0,3.736,0.0,0.0,0.0,0.0,0.0,0.0,0.0
262.401,apt_walk,PARKED,0.0,0.0,0.0,4,0.0,3.736,0.0,0.0,0.0,0.0,0.0,0.0,0.0
262.501,apt_walk,PARKED,0.0,0.0,0.0,4,0.0,3.736,0.0,0.0,0.0,0.0,0.0,0.0,0.0
262.601,apt_walk,PARKED,0.0,0.0,0.0,4,0.0,3.736,0.0,0.0,0.0,0.0,0.0,0.0,0.0
262.713,apt_walk,PARKED,0.0,0.0,0.0,4,0.0,3.66,0.0,0.0,0.0,0.0,0.0,0.0,0.0
262.801,apt_walk,PARKED,0.0,0.0,0.0,4,0.0,3.664,0.0,0.0,0.0,0.0,0.0,0.0,0.0
262.929,apt_walk,PARKED,0.0,0.0,0.0,4,0.0,3.664,0.0,0.0,0.0,0.0,0.0,0.0,0.0
263.002,apt_walk,PARKED,0.0,0.0,0.0,4,0.0,3.664,0.0,0.0,0.0,0.0,0.0,0.0,0.0
263.118,apt_walk,PARKED,0.0,0.0,0.0,4,0.0,3.679,0.0,0.0,0.0,0.0,0.0,0.0,0.0
263.201,apt_walk,PARKED,0.0,0.0,0.0,4,0.0,3.731,0.0,0.0,0.0,0.0,0.0,0.0,0.0
263.301,apt_walk,PARKED,0.0,0.0,0.0,4,0.0,3.758,0.0,0.0,0.0,0.0,0.0,0.0,0.0
263.402,apt_walk,PARKED,0.0,0.0,0.0,4,0.0,3.758,0.0,0.0,0.0,0.0,0.0,0.0,0.0
263.501,apt_walk,PARKED,0.0,0.0,0.0,4,0.0,3.758,0.0,0.0,0.0,0.0,0.0,0.0,0.0
263.601,apt_walk,PARKED,0.0,0.0,0.0,4,0.0,3.758,0.0,0.0,0.0,0.0,0.0,0.0,0.0
263.701,apt_walk,PARKED,0.0,0.0,0.0,4,0.0,3.758,0.0,0.0,0.0,0.0,0.0,0.0,0.0
263.801,apt_walk,PARKED,0.0,0.0,0.0,4,0.0,3.758,0.0,0.0,0.0,0.0,0.0,0.0,0.0
263.902,apt_walk,PARKED,0.0,0.0,0.0,4,0.0,3.525,0.0,0.0,0.0,0.0,0.0,0.0,0.0
264.001,apt_walk,PARKED,0.0,0.0,0.0,4,0.0,3.404,0.0,0.0,0.0,0.0,0.0,0.0,0.0
264.144,apt_walk,PARKED,0.0,0.0,0.0,4,0.0,3.182,0.0,0.0,0.0,0.0,0.0,0.0,0.0
264.211,apt_walk,PARKED,0.0,0.0,0.0,4,0.0,2.966,0.0,0.0,0.0,0.0,0.0,0.0,0.0
264.341,apt_walk,PARKED,0.0,0.0,0.0,4,0.0,2.862,0.0,0.0,0.0,0.0,0.0,0.0,0.0
264.402,apt_walk,PARKED,0.0,0.0,0.0,4,0.0,2.862,0.0,0.0,0.0,0.0,0.0,0.0,0.0
264.501,apt_walk,PARKED,0.0,0.0,0.0,4,0.0,2.862,0.0,0.0,0.0,0.0,0.0,0.0,0.0
264.601,apt_walk,PARKED,0.0,0.0,0.0,3,0.0,2.798,0.0,0.0,0.0,0.0,0.0,0.0,0.0
264.701,apt_walk,PARKED,0.0,0.0,0.0,3,0.0,2.798,0.0,0.0,0.0,0.0,0.0,0.0,0.0
264.801,apt_walk,PARKED,0.0,0.0,0.0,3,0.0,2.478,0.0,0.0,0.0,0.0,0.0,0.0,0.0
264.901,apt_walk,PARKED,0.0,0.0,0.0,3,0.0,2.478,0.0,0.0,0.0,0.0,0.0,0.0,0.0
265.041,apt_walk,PARKED,0.0,0.0,0.0,3,0.0,2.291,0.0,0.0,0.0,0.0,0.0,0.0,0.0
265.101,apt_walk,PARKED,0.0,0.0,0.0,3,0.0,2.168,0.0,0.0,0.0,0.0,0.0,0.0,0.0
265.201,apt_walk,PARKED,0.0,0.0,0.0,3,0.0,2.055,0.0,0.0,0.0,0.0,0.0,0.0,0.0
265.31,apt_walk,PARKED,0.0,0.0,0.0,3,0.0,2.055,0.0,0.0,0.0,0.0,0.0,0.0,0.0
265.401,apt_walk,PARKED,0.0,0.0,0.0,3,0.0,1.969,0.0,0.0,0.0,0.0,0.0,0.0,0.0
265.521,apt_walk,PARKED,0.0,0.0,0.0,3,0.0,1.847,0.0,0.0,0.0,0.0,0.0,0.0,0.0
265.602,apt_walk,PARKED,0.0,0.0,0.0,3,0.3057,1.756,0.0,0.0,0.0,0.0,0.0,0.0,0.0
265.701,apt_walk,PARKED,0.0,0.0,0.0,3,0.3057,1.756,0.0,0.0,0.0,0.0,0.0,0.0,0.0
265.816,apt_walk,PARKED,0.0,0.0,0.0,3,0.564,1.684,0.0,0.0,0.0,0.0,0.0,0.0,0.0
265.9,apt_walk,PARKED,0.0,0.0,0.0,3,0.564,1.684,0.0,0.0,0.0,0.0,0.0,0.0,0.0
266.001,apt_walk,PARKED,0.0,0.0,0.0,3,0.4355,1.57,0.0,0.0,0.0,0.0,0.0,0.0,0.0
266.134,apt_walk,PARKED,0.0,0.0,0.0,3,0.3473,1.537,0.0,0.0,0.0,0.0,0.0,0.0,0.0
266.202,apt_walk,PARKED,0.0,0.0,0.0,3,0.3473,1.537,0.0,0.0,0.0,0.0,0.0,0.0,0.0
266.301,apt_walk,PARKED,0.0,0.0,0.0,3,0.0893,1.507,0.0,0.0,0.0,0.0,0.0,0.0,0.0
266.401,apt_walk,PARKED,0.0,0.0,0.0,3,0.0893,1.507,0.0,0.0,0.0,0.0,0.0,0.0,0.0
266.544,apt_walk,PARKED,0.0,0.0,0.0,3,0.281,1.516,0.0,0.0,0.0,0.0,0.0,0.0,0.0
266.601,apt_walk,PARKED,0.0,0.0,0.0,3,0.281,1.516,0.0,0.0,0.0,0.0,0.0,0.0,0.0
266.749,apt_walk,PARKED,0.0,0.0,0.0,3,0.281,1.516,0.0,0.0,0.0,0.0,0.0,0.0,0.0
266.802,apt_walk,PARKED,0.0,0.0,0.0,3,0.281,1.516,0.0,0.0,0.0,0.0,0.0,0.0,0.0
266.901,apt_walk,PARKED,0.0,0.0,0.0,3,0.281,1.516,0.0,0.0,0.0,0.0,0.0,0.0,0.0
267.001,apt_walk,PARKED,0.0,0.0,0.0,3,0.281,1.516,0.0,0.0,0.0,0.0,0.0,0.0,0.0
267.101,apt_walk,PARKED,0.0,0.0,0.0,3,0.281,1.516,0.0,0.0,0.0,0.0,0.0,0.0,0.0
267.201,apt_walk,PARKED,0.0,0.0,0.0,3,0.281,1.516,0.0,0.0,0.0,0.0,0.0,0.0,0.0
267.301,apt_walk,PARKED,0.0,0.0,0.0,3,0.3065,1.674,0.0,0.0,0.0,0.0,0.0,0.0,0.0
267.439,apt_walk,PARKED,0.0,0.0,0.0,3,0.303,2.031,0.0,0.0,0.0,0.0,0.0,0.0,0.0
267.513,apt_walk,PARKED,0.0,0.0,0.0,3,0.003,2.167,0.0,0.0,0.0,0.0,0.0,0.0,0.0
267.601,apt_walk,PARKED,0.0,0.0,0.0,3,0.003,2.167,0.0,0.0,0.0,0.0,0.0,0.0,0.0
267.702,apt_walk,PARKED,0.0,0.0,0.0,3,0.0,2.248,0.0,0.0,0.0,0.0,0.0,0.0,0.0
267.833,apt_walk,PARKED,0.0,0.0,0.0,3,0.0,2.248,0.0,0.0,0.0,0.0,0.0,0.0,0.0
267.902,apt_walk,PARKED,0.0,0.0,0.0,3,0.0,2.248,0.0,0.0,0.0,0.0,0.0,0.0,0.0
268.002,apt_walk,PARKED,0.0,0.0,0.0,3,0.0,2.248,0.0,0.0,0.0,0.0,0.0,0.0,0.0
268.143,apt_walk,PARKED,0.0,0.0,0.0,3,0.0,2.71,0.0,0.0,0.0,0.0,0.0,0.0,0.0
268.245,apt_walk,PARKED,0.0,0.0,0.0,3,0.0,2.815,0.0,0.0,0.0,0.0,0.0,0.0,0.0
268.307,apt_walk,PARKED,0.0,0.0,0.0,4,0.0,2.901,0.0,0.0,0.0,0.0,0.0,0.0,0.0
268.402,apt_walk,PARKED,0.0,0.0,0.0,4,0.0,2.901,0.0,0.0,0.0,0.0,0.0,0.0,0.0
268.54,apt_walk,PARKED,0.0,0.0,0.0,3,0.0,3.093,0.0,0.0,0.0,0.0,0.0,0.0,0.0
268.645,apt_walk,PARKED,0.0,0.0,0.0,3,0.0,3.093,0.0,0.0,0.0,0.0,0.0,0.0,0.0
268.701,apt_walk,PARKED,0.0,0.0,0.0,3,0.0,3.093,0.0,0.0,0.0,0.0,0.0,0.0,0.0
268.821,apt_walk,PARKED,0.0,0.0,0.0,3,0.0,3.631,0.0,0.0,0.0,0.0,0.0,0.0,0.0
268.901,apt_walk,PARKED,0.0,0.0,0.0,3,0.0,3.631,0.0,0.0,0.0,0.0,0.0,0.0,0.0
269.001,apt_walk,PARKED,0.0,0.0,0.0,3,0.0,3.631,0.0,0.0,0.0,0.0,0.0,0.0,0.0
269.101,apt_walk,PARKED,0.0,0.0,0.0,3,0.0,3.631,0.0,0.0,0.0,0.0,0.0,0.0,0.0
269.222,apt_walk,PARKED,0.0,0.0,0.0,3,0.0,3.719,0.0,0.0,0.0,0.0,0.0,0.0,0.0
269.303,apt_walk,PARKED,0.0,0.0,0.0,3,0.0,3.752,0.0,0.0,0.0,0.0,0.0,0.0,0.0
269.434,apt_walk,PARKED,0.0,0.0,0.0,4,0.0,3.761,0.0,0.0,0.0,0.0,0.0,0.0,0.0
269.501,apt_walk,PARKED,0.0,0.0,0.0,4,0.0,3.761,0.0,0.0,0.0,0.0,0.0,0.0,0.0
269.603,apt_walk,PARKED,0.0,0.0,0.0,4,0.0,3.783,0.0,0.0,0.0,0.0,0.0,0.0,0.0
269.725,apt_walk,PARKED,0.0,0.0,0.0,4,0.0,3.7,0.0,0.0,0.0,0.0,0.0,0.0,0.0
269.801,apt_walk,PARKED,0.0,0.0,0.0,4,0.0,3.7,0.0,0.0,0.0,0.0,0.0,0.0,0.0
269.901,apt_walk,PARKED,0.0,0.0,0.0,4,0.0,3.7,0.0,0.0,0.0,0.0,0.0,0.0,0.0
270.003,apt_walk,PARKED,0.0,0.0,0.0,4,0.0,3.7,0.0,0.0,0.0,0.0,0.0,0.0,0.0
270.101,apt_walk,PARKED,0.0,0.0,0.0,4,0.0,3.7,0.0,0.0,0.0,0.0,0.0,0.0,0.0
270.201,apt_walk,PARKED,0.0,0.0,0.0,4,0.0,3.7,0.0,0.0,0.0,0.0,0.0,0.0,0.0
270.322,apt_walk,PARKED,0.0,0.0,0.0,4,0.0,3.671,0.0,0.0,0.0,0.0,0.0,0.0,0.0
270.401,apt_walk,PARKED,0.0,0.0,0.0,4,0.0,3.671,0.0,0.0,0.0,0.0,0.0,0.0,0.0
270.502,apt_walk,PARKED,0.0,0.0,0.0,4,0.0,3.671,0.0,0.0,0.0,0.0,0.0,0.0,0.0
270.617,apt_walk,PARKED,0.0,0.0,0.0,4,0.0,3.697,0.0,0.0,0.0,0.0,0.0,0.0,0.0
270.701,apt_walk,PARKED,0.0,0.0,0.0,4,0.0,3.717,0.0,0.0,0.0,0.0,0.0,0.0,0.0
270.801,apt_walk,PARKED,0.0,0.0,0.0,4,0.0,3.717,0.0,0.0,0.0,0.0,0.0,0.0,0.0
270.929,apt_walk,PARKED,0.0,0.0,0.0,4,0.0,3.646,0.0,0.0,0.0,0.0,0.0,0.0,0.0
271.002,apt_walk,PARKED,0.0,0.0,0.0,4,0.0,3.646,0.0,0.0,0.0,0.0,0.0,0.0,0.0
271.101,apt_walk,PARKED,0.0,0.0,0.0,4,0.0,3.646,0.0,0.0,0.0,0.0,0.0,0.0,0.0
271.201,apt_walk,PARKED,0.0,0.0,0.0,4,0.0,3.694,0.0,0.0,0.0,0.0,0.0,0.0,0.0
271.301,apt_walk,PARKED,0.0,0.0,0.0,4,0.0,3.694,0.0,0.0,0.0,0.0,0.0,0.0,0.0
271.402,apt_walk,PARKED,0.0,0.0,0.0,4,0.0,3.694,0.0,0.0,0.0,0.0,0.0,0.0,0.0
271.502,apt_walk,PARKED,0.0,0.0,0.0,4,0.0,3.694,0.0,0.0,0.0,0.0,0.0,0.0,0.0
271.601,apt_walk,PARKED,0.0,0.0,0.0,4,0.0,3.601,0.0,0.0,0.0,0.0,0.0,0.0,0.0
271.702,apt_walk,PARKED,0.0,0.0,0.0,4,0.0,3.528,0.0,0.0,0.0,0.0,0.0,0.0,0.0
271.804,apt_walk,PARKED,0.0,0.0,0.0,4,0.0,3.528,0.0,0.0,0.0,0.0,0.0,0.0,0.0
271.901,apt_walk,PARKED,0.0,0.0,0.0,4,0.0,3.528,0.0,0.0,0.0,0.0,0.0,0.0,0.0
272.019,apt_walk,PARKED,0.0,0.0,0.0,3,0.0,3.198,0.0,0.0,0.0,0.0,0.0,0.0,0.0
272.144,apt_walk,PARKED,0.0,0.0,0.0,3,0.0,3.11,0.0,0.0,0.0,0.0,0.0,0.0,0.0
272.201,apt_walk,PARKED,0.0,0.0,0.0,3,0.0,3.11,0.0,0.0,0.0,0.0,0.0,0.0,0.0
272.301,apt_walk,PARKED,0.0,0.0,0.0,3,0.0,3.031,0.0,0.0,0.0,0.0,0.0,0.0,0.0
272.402,apt_walk,PARKED,0.0,0.0,0.0,3,0.0,3.031,0.0,0.0,0.0,0.0,0.0,0.0,0.0
272.543,apt_walk,PARKED,0.0,0.0,0.0,3,0.0,2.726,0.0,0.0,0.0,0.0,0.0,0.0,0.0
272.607,apt_walk,PARKED,0.0,0.0,0.0,3,0.0,2.567,0.0,0.0,0.0,0.0,0.0,0.0,0.0
272.701,apt_walk,PARKED,0.0,0.0,0.0,3,0.0,2.567,0.0,0.0,0.0,0.0,0.0,0.0,0.0
272.801,apt_walk,PARKED,0.0,0.0,0.0,3,0.0,2.567,0.0,0.0,0.0,0.0,0.0,0.0,0.0
272.901,apt_walk,PARKED,0.0,0.0,0.0,3,0.0,2.567,0.0,0.0,0.0,0.0,0.0,0.0,0.0
273.014,apt_walk,PARKED,0.0,0.0,0.0,3,0.0,2.212,0.0,0.0,0.0,0.0,0.0,0.0,0.0
273.101,apt_walk,PARKED,0.0,0.0,0.0,3,0.0,2.212,0.0,0.0,0.0,0.0,0.0,0.0,0.0
273.201,apt_walk,PARKED,0.0,0.0,0.0,3,0.0,2.212,0.0,0.0,0.0,0.0,0.0,0.0,0.0
273.324,apt_walk,PARKED,0.0,0.0,0.0,3,0.0,2.058,0.0,0.0,0.0,0.0,0.0,0.0,0.0
273.401,apt_walk,PARKED,0.0,0.0,0.0,3,0.0,2.058,0.0,0.0,0.0,0.0,0.0,0.0,0.0
273.501,apt_walk,PARKED,0.0,0.0,0.0,3,0.0,2.058,0.0,0.0,0.0,0.0,0.0,0.0,0.0
273.601,apt_walk,PARKED,0.0,0.0,0.0,3,0.0,2.058,0.0,0.0,0.0,0.0,0.0,0.0,0.0
273.702,apt_walk,PARKED,0.0,0.0,0.0,3,0.3007,1.754,0.0,0.0,0.0,0.0,0.0,0.0,0.0
273.8,apt_walk,PARKED,0.0,0.0,0.0,3,0.6419,1.615,0.0,0.0,0.0,0.0,0.0,0.0,0.0
273.901,apt_walk,PARKED,0.0,0.0,0.0,3,0.6419,1.615,0.0,0.0,0.0,0.0,0.0,0.0,0.0
274.013,apt_walk,PARKED,0.0,0.0,0.0,3,0.5048,1.534,0.0,0.0,0.0,0.0,0.0,0.0,0.0
274.143,apt_walk,PARKED,0.0,0.0,0.0,3,0.6481,1.449,0.0,0.0,0.0,0.0,0.0,0.0,0.0
274.201,apt_walk,PARKED,0.0,0.0,0.0,3,0.6481,1.449,0.0,0.0,0.0,0.0,0.0,0.0,0.0
274.301,apt_walk,PARKED,0.0,0.0,0.0,3,0.305,1.419,0.0,0.0,0.0,0.0,0.0,0.0,0.0
274.401,apt_walk,PARKED,0.0,0.0,0.0,3,0.305,1.419,0.0,0.0,0.0,0.0,0.0,0.0,0.0
274.515,apt_walk,PARKED,0.0,0.0,0.0,3,0.0,1.405,0.0,0.0,0.0,0.0,0.0,0.0,0.0
274.601,apt_walk,PARKED,0.0,0.0,0.0,3,0.0,1.405,0.0,0.0,0.0,0.0,0.0,0.0,0.0
274.701,apt_walk,PARKED,0.0,0.0,0.0,3,0.0,1.405,0.0,0.0,0.0,0.0,0.0,0.0,0.0
274.801,apt_walk,PARKED,0.0,0.0,0.0,3,0.0,1.405,0.0,0.0,0.0,0.0,0.0,0.0,0.0
274.901,apt_walk,PARKED,0.0,0.0,0.0,3,0.2316,1.405,0.0,0.0,0.0,0.0,0.0,0.0,0.0
275.001,apt_walk,PARKED,0.0,0.0,0.0,3,0.5397,1.496,0.0,0.0,0.0,0.0,0.0,0.0,0.0
275.102,apt_walk,PARKED,0.0,0.0,0.0,3,0.5791,1.686,0.0,0.0,0.0,0.0,0.0,0.0,0.0
275.201,apt_walk,PARKED,0.0,0.0,0.0,3,0.5791,1.686,0.0,0.0,0.0,0.0,0.0,0.0,0.0
275.301,apt_walk,PARKED,0.0,0.0,0.0,3,0.5791,1.686,0.0,0.0,0.0,0.0,0.0,0.0,0.0
275.442,apt_walk,PARKED,0.0,0.0,0.0,3,0.217,1.818,0.0,0.0,0.0,0.0,0.0,0.0,0.0
275.506,apt_walk,PARKED,0.0,0.0,0.0,3,0.0,2.068,0.0,0.0,0.0,0.0,0.0,0.0,0.0
275.601,apt_walk,PARKED,0.0,0.0,0.0,3,0.0,2.068,0.0,0.0,0.0,0.0,0.0,0.0,0.0
275.701,apt_walk,PARKED,0.0,0.0,0.0,3,0.0,2.068,0.0,0.0,0.0,0.0,0.0,0.0,0.0
275.801,apt_walk,PARKED,0.0,0.0,0.0,3,0.0,2.068,0.0,0.0,0.0,0.0,0.0,0.0,0.0
275.901,apt_walk,PARKED,0.0,0.0,0.0,3,0.0,2.068,0.0,0.0,0.0,0.0,0.0,0.0,0.0
276.001,apt_walk,PARKED,0.0,0.0,0.0,3,0.0,2.389,0.0,0.0,0.0,0.0,0.0,0.0,0.0
276.101,apt_walk,PARKED,0.0,0.0,0.0,3,0.0,2.389,0.0,0.0,0.0,0.0,0.0,0.0,0.0
276.201,apt_walk,PARKED,0.0,0.0,0.0,3,0.0,2.389,0.0,0.0,0.0,0.0,0.0,0.0,0.0
276.308,apt_walk,PARKED,0.0,0.0,0.0,3,0.0,2.521,0.0,0.0,0.0,0.0,0.0,0.0,0.0
276.435,apt_walk,PARKED,0.0,0.0,0.0,3,0.0,2.864,0.0,0.0,0.0,0.0,0.0,0.0,0.0
276.501,apt_walk,PARKED,0.0,0.0,0.0,3,0.0,2.864,0.0,0.0,0.0,0.0,0.0,0.0,0.0
276.601,apt_walk,PARKED,0.0,0.0,0.0,3,0.0,2.864,0.0,0.0,0.0,0.0,0.0,0.0,0.0
276.701,apt_walk,PARKED,0.0,0.0,0.0,4,0.0,2.905,0.0,0.0,0.0,0.0,0.0,0.0,0.0
276.801,apt_walk,PARKED,0.0,0.0,0.0,4,0.0,3.138,0.0,0.0,0.0,0.0,0.0,0.0,0.0
276.901,apt_walk,PARKED,0.0,0.0,0.0,4,0.0,3.138,0.0,0.0,0.0,0.0,0.0,0.0,0.0
277.001,apt_walk,PARKED,0.0,0.0,0.0,4,0.0,3.138,0.0,0.0,0.0,0.0,0.0,0.0,0.0
277.101,apt_walk,PARKED,0.0,0.0,0.0,4,0.0,3.138,0.0,0.0,0.0,0.0,0.0,0.0,0.0
277.201,apt_walk,PARKED,0.0,0.0,0.0,3,0.0,3.593,0.0,0.0,0.0,0.0,0.0,0.0,0.0
277.33,apt_walk,PARKED,0.0,0.0,0.0,3,0.0,3.699,0.0,0.0,0.0,0.0,0.0,0.0,0.0
277.401,apt_walk,PARKED,0.0,0.0,0.0,3,0.0,3.699,0.0,0.0,0.0,0.0,0.0,0.0,0.0
277.501,apt_walk,PARKED,0.0,0.0,0.0,3,0.0,3.738,0.0,0.0,0.0,0.0,0.0,0.0,0.0
277.605,apt_walk,PARKED,0.0,0.0,0.0,4,0.0,3.716,0.0,0.0,0.0,0.0,0.0,0.0,0.0
277.702,apt_walk,PARKED,0.0,0.0,0.0,4,0.0,3.743,0.0,0.0,0.0,0.0,0.0,0.0,0.0
277.802,apt_walk,PARKED,0.0,0.0,0.0,4,0.0,3.743,0.0,0.0,0.0,0.0,0.0,0.0,0.0
277.944,apt_walk,PARKED,0.0,0.0,0.0,5,0.0,3.737,0.0,0.0,0.0,0.0,0.0,0.0,0.0
278.001,apt_walk,PARKED,0.0,0.0,0.0,5,0.0,3.737,0.0,0.0,0.0,0.0,0.0,0.0,0.0
278.111,apt_walk,PARKED,0.0,0.0,0.0,3,0.0,3.7,0.0,0.0,0.0,0.0,0.0,0.0,0.0
278.201,apt_walk,PARKED,0.0,0.0,0.0,3,0.0,3.7,0.0,0.0,0.0,0.0,0.0,0.0,0.0
278.325,apt_walk,PARKED,0.0,0.0,0.0,3,0.0,3.7,0.0,0.0,0.0,0.0,0.0,0.0,0.0
278.401,apt_walk,PARKED,0.0,0.0,0.0,3,0.0,3.7,0.0,0.0,0.0,0.0,0.0,0.0,0.0
278.518,apt_walk,PARKED,0.0,0.0,0.0,3,0.0,3.788,0.0,0.0,0.0,0.0,0.0,0.0,0.0
278.601,apt_walk,PARKED,0.0,0.0,0.0,3,0.0,3.742,0.0,0.0,0.0,0.0,0.0,0.0,0.0
278.703,apt_walk,PARKED,0.0,0.0,0.0,3,0.0,3.707,0.0,0.0,0.0,0.0,0.0,0.0,0.0
278.801,apt_walk,PARKED,0.0,0.0,0.0,3,0.0,3.707,0.0,0.0,0.0,0.0,0.0,0.0,0.0
278.901,apt_walk,PARKED,0.0,0.0,0.0,3,0.0,3.707,0.0,0.0,0.0,0.0,0.0,0.0,0.0
279.001,apt_walk,PARKED,0.0,0.0,0.0,3,0.0,3.801,0.0,0.0,0.0,0.0,0.0,0.0,0.0
279.101,apt_walk,PARKED,0.0,0.0,0.0,3,0.0,3.801,0.0,0.0,0.0,0.0,0.0,0.0,0.0
279.227,apt_walk,PARKED,0.0,0.0,0.0,3,0.0,3.704,0.0,0.0,0.0,0.0,0.0,0.0,0.0
279.301,apt_walk,PARKED,0.0,0.0,0.0,3,0.0,3.706,0.0,0.0,0.0,0.0,0.0,0.0,0.0
279.402,apt_walk,PARKED,0.0,0.0,0.0,3,0.0,3.706,0.0,0.0,0.0,0.0,0.0,0.0,0.0
279.501,apt_walk,PARKED,0.0,0.0,0.0,3,0.0,3.694,0.0,0.0,0.0,0.0,0.0,0.0,0.0
279.602,apt_walk,PARKED,0.0,0.0,0.0,3,0.0,3.688,0.0,0.0,0.0,0.0,0.0,0.0,0.0
279.712,apt_walk,PARKED,0.0,0.0,0.0,3,0.0,3.64,0.0,0.0,0.0,0.0,0.0,0.0,0.0
279.801,apt_walk,PARKED,0.0,0.0,0.0,3,0.0,3.64,0.0,0.0,0.0,0.0,0.0,0.0,0.0
279.911,apt_walk,PARKED,0.0,0.0,0.0,3,0.0,3.502,0.0,0.0,0.0,0.0,0.0,0.0,0.0
280.049,apt_walk,PARKED,0.0,0.0,0.0,3,0.0,3.308,0.0,0.0,0.0,0.0,0.0,0.0,0.0
280.101,apt_walk,PARKED,0.0,0.0,0.0,3,0.0,3.308,0.0,0.0,0.0,0.0,0.0,0.0,0.0
280.211,apt_walk,PARKED,0.0,0.0,0.0,4,0.0,3.128,0.0,0.0,0.0,0.0,0.0,0.0,0.0
280.301,apt_walk,PARKED,0.0,0.0,0.0,4,0.0,3.128,0.0,0.0,0.0,0.0,0.0,0.0,0.0
280.405,apt_walk,PARKED,0.0,0.0,0.0,4,0.0,3.128,0.0,0.0,0.0,0.0,0.0,0.0,0.0
280.537,apt_walk,PARKED,0.0,0.0,0.0,4,0.0,3.088,0.0,0.0,0.0,0.0,0.0,0.0,0.0
280.601,apt_walk,PARKED,0.0,0.0,0.0,4,0.0,2.703,0.0,0.0,0.0,0.0,0.0,0.0,0.0
280.701,apt_walk,PARKED,0.0,0.0,0.0,4,0.0,2.703,0.0,0.0,0.0,0.0,0.0,0.0,0.0
280.806,apt_walk,PARKED,0.0,0.0,0.0,4,0.0,2.552,0.0,0.0,0.0,0.0,0.0,0.0,0.0
280.943,apt_walk,PARKED,0.0,0.0,0.0,4,0.0,2.484,0.0,0.0,0.0,0.0,0.0,0.0,0.0
281.001,apt_walk,PARKED,0.0,0.0,0.0,3,0.0,2.415,0.0,0.0,0.0,0.0,0.0,0.0,0.0
281.101,apt_walk,PARKED,0.0,0.0,0.0,3,0.0,2.263,0.0,0.0,0.0,0.0,0.0,0.0,0.0
281.201,apt_walk,PARKED,0.0,0.0,0.0,3,0.0,2.263,0.0,0.0,0.0,0.0,0.0,0.0,0.0
281.301,apt_walk,PARKED,0.0,0.0,0.0,3,0.0,2.263,0.0,0.0,0.0,0.0,0.0,0.0,0.0
281.401,apt_walk,PARKED,0.0,0.0,0.0,3,0.0,2.263,0.0,0.0,0.0,0.0,0.0,0.0,0.0
281.523,apt_walk,PARKED,0.0,0.0,0.0,3,0.0,1.965,0.0,0.0,0.0,0.0,0.0,0.0,0.0
281.601,apt_walk,PARKED,0.0,0.0,0.0,3,0.0,1.965,0.0,0.0,0.0,0.0,0.0,0.0,0.0
281.701,apt_walk,PARKED,0.0,0.0,0.0,3,0.0,1.869,0.0,0.0,0.0,0.0,0.0,0.0,0.0
281.801,apt_walk,PARKED,0.0,0.0,0.0,3,0.0,1.869,0.0,0.0,0.0,0.0,0.0,0.0,0.0
281.948,apt_walk,PARKED,0.0,0.0,0.0,3,0.637,1.61,0.0,0.0,0.0,0.0,0.0,0.0,0.0
282.011,apt_walk,PARKED,0.0,0.0,0.0,3,0.637,1.61,0.0,0.0,0.0,0.0,0.0,0.0,0.0
282.129,apt_walk,PARKED,0.0,0.0,0.0,3,0.3121,1.547,0.0,0.0,0.0,0.0,0.0,0.0,0.0
282.202,apt_walk,PARKED,0.0,0.0,0.0,3,0.3121,1.547,0.0,0.0,0.0,0.0,0.0,0.0,0.0
282.301,apt_walk,PARKED,0.0,0.0,0.0,3,0.3121,1.547,0.0,0.0,0.0,0.0,0.0,0.0,0.0
282.401,apt_walk,PARKED,0.0,0.0,0.0,3,0.1117,1.495,0.0,0.0,0.0,0.0,0.0,0.0,0.0
282.501,apt_walk,PARKED,0.0,0.0,0.0,3,0.0741,1.486,0.0,0.0,0.0,0.0,0.0,0.0,0.0
282.608,apt_walk,PARKED,0.0,0.0,0.0,3,0.1231,1.462,0.0,0.0,0.0,0.0,0.0,0.0,0.0
282.701,apt_walk,PARKED,0.0,0.0,0.0,3,0.1231,1.462,0.0,0.0,0.0,0.0,0.0,0.0,0.0
282.817,apt_walk,PARKED,0.0,0.0,0.0,3,0.402,1.495,0.0,0.0,0.0,0.0,0.0,0.0,0.0
282.901,apt_walk,PARKED,0.0,0.0,0.0,3,0.528,1.549,0.0,0.0,0.0,0.0,0.0,0.0,0.0
283.003,apt_walk,PARKED,0.0,0.0,0.0,3,0.528,1.549,0.0,0.0,0.0,0.0,0.0,0.0,0.0
283.112,apt_walk,PARKED,0.0,0.0,0.0,3,0.981,1.752,0.0,0.0,0.0,0.0,0.0,0.0,0.0
283.203,apt_walk,PARKED,0.0,0.0,0.0,3,0.981,1.752,0.0,0.0,0.0,0.0,0.0,0.0,0.0
283.302,apt_walk,PARKED,0.0,0.0,0.0,3,0.981,1.752,0.0,0.0,0.0,0.0,0.0,0.0,0.0
283.401,apt_walk,PARKED,0.0,0.0,0.0,3,0.378,1.93,0.0,0.0,0.0,0.0,0.0,0.0,0.0
283.501,apt_walk,PARKED,0.0,0.0,0.0,3,0.078,2.001,0.0,0.0,0.0,0.0,0.0,0.0,0.0
283.601,apt_walk,PARKED,0.0,0.0,0.0,3,0.0,2.058,0.0,0.0,0.0,0.0,0.0,0.0,0.0
283.738,apt_walk,PARKED,0.0,0.0,0.0,3,0.0,2.265,0.0,0.0,0.0,0.0,0.0,0.0,0.0
283.804,apt_walk,PARKED,0.0,0.0,0.0,3,0.0,2.265,0.0,0.0,0.0,0.0,0.0,0.0,0.0
283.901,apt_walk,PARKED,0.0,0.0,0.0,3,0.0,2.369,0.0,0.0,0.0,0.0,0.0,0.0,0.0
284.013,apt_walk,PARKED,0.0,0.0,0.0,3,0.0,2.369,0.0,0.0,0.0,0.0,0.0,0.0,0.0
284.129,apt_walk,PARKED,0.0,0.0,0.0,3,0.0,2.459,0.0,0.0,0.0,0.0,0.0,0.0,0.0
284.201,apt_walk,PARKED,0.0,0.0,0.0,3,0.0,2.688,0.0,0.0,0.0,0.0,0.0,0.0,0.0
284.301,apt_walk,PARKED,0.0,0.0,0.0,3,0.0,2.688,0.0,0.0,0.0,0.0,0.0,0.0,0.0
284.401,apt_walk,PARKED,0.0,0.0,0.0,3,0.0,2.688,0.0,0.0,0.0,0.0,0.0,0.0,0.0
284.501,apt_walk,PARKED,0.0,0.0,0.0,3,0.0,2.688,0.0,0.0,0.0,0.0,0.0,0.0,0.0
284.602,apt_walk,PARKED,0.0,0.0,0.0,3,0.0,3.043,0.0,0.0,0.0,0.0,0.0,0.0,0.0
284.731,apt_walk,PARKED,0.0,0.0,0.0,3,0.0,3.105,0.0,0.0,0.0,0.0,0.0,0.0,0.0
284.851,apt_walk,PARKED,0.0,0.0,0.0,4,0.0,3.161,0.0,0.0,0.0,0.0,0.0,0.0,0.0
284.901,apt_walk,PARKED,0.0,0.0,0.0,4,0.0,3.161,0.0,0.0,0.0,0.0,0.0,0.0,0.0
285.001,apt_walk,PARKED,0.0,0.0,0.0,4,0.0,3.161,0.0,0.0,0.0,0.0,0.0,0.0,0.0
285.128,apt_walk,PARKED,0.0,0.0,0.0,4,0.0,3.45,0.0,0.0,0.0,0.0,0.0,0.0,0.0
285.201,apt_walk,PARKED,0.0,0.0,0.0,4,0.0,3.45,0.0,0.0,0.0,0.0,0.0,0.0,0.0
285.319,apt_walk,PARKED,0.0,0.0,0.0,4,0.0,3.606,0.0,0.0,0.0,0.0,0.0,0.0,0.0
285.401,apt_walk,PARKED,0.0,0.0,0.0,4,0.0,3.606,0.0,0.0,0.0,0.0,0.0,0.0,0.0
285.501,apt_walk,PARKED,0.0,0.0,0.0,4,0.0,3.606,0.0,0.0,0.0,0.0,0.0,0.0,0.0
285.622,apt_walk,PARKED,0.0,0.0,0.0,4,0.0,3.758,0.0,0.0,0.0,0.0,0.0,0.0,0.0
285.701,apt_walk,PARKED,0.0,0.0,0.0,4,0.0,3.758,0.0,0.0,0.0,0.0,0.0,0.0,0.0
285.801,apt_walk,PARKED,0.0,0.0,0.0,4,0.0,3.758,0.0,0.0,0.0,0.0,0.0,0.0,0.0
285.901,apt_walk,PARKED,0.0,0.0,0.0,4,0.0,3.758,0.0,0.0,0.0,0.0,0.0,0.0,0.0
286.001,apt_walk,PARKED,0.0,0.0,0.0,4,0.0,3.758,0.0,0.0,0.0,0.0,0.0,0.0,0.0
286.113,apt_walk,PARKED,0.0,0.0,0.0,4,0.0,3.68,0.0,0.0,0.0,0.0,0.0,0.0,0.0
286.202,apt_walk,PARKED,0.0,0.0,0.0,4,0.0,3.68,0.0,0.0,0.0,0.0,0.0,0.0,0.0
286.312,apt_walk,PARKED,0.0,0.0,0.0,4,0.0,3.68,0.0,0.0,0.0,0.0,0.0,0.0,0.0
286.401,apt_walk,PARKED,0.0,0.0,0.0,4,0.0,3.68,0.0,0.0,0.0,0.0,0.0,0.0,0.0
286.501,apt_walk,PARKED,0.0,0.0,0.0,3,0.0,3.729,0.0,0.0,0.0,0.0,0.0,0.0,0.0
286.647,apt_walk,PARKED,0.0,0.0,0.0,4,0.0,3.665,0.0,0.0,0.0,0.0,0.0,0.0,0.0
286.708,apt_walk,PARKED,0.0,0.0,0.0,4,0.0,3.704,0.0,0.0,0.0,0.0,0.0,0.0,0.0
286.801,apt_walk,PARKED,0.0,0.0,0.0,4,0.0,3.704,0.0,0.0,0.0,0.0,0.0,0.0,0.0
286.901,apt_walk,PARKED,0.0,0.0,0.0,4,0.0,3.704,0.0,0.0,0.0,0.0,0.0,0.0,0.0
287.037,apt_walk,PARKED,0.0,0.0,0.0,4,0.0,3.721,0.0,0.0,0.0,0.0,0.0,0.0,0.0
287.101,apt_walk,PARKED,0.0,0.0,0.0,4,0.0,3.671,0.0,0.0,0.0,0.0,0.0,0.0,0.0
287.223,apt_walk,PARKED,0.0,0.0,0.0,4,0.0,3.727,0.0,0.0,0.0,0.0,0.0,0.0,0.0
287.301,apt_walk,PARKED,0.0,0.0,0.0,4,0.0,3.727,0.0,0.0,0.0,0.0,0.0,0.0,0.0
287.44,apt_walk,PARKED,0.0,0.0,0.0,4,0.0,3.638,0.0,0.0,0.0,0.0,0.0,0.0,0.0
287.509,apt_walk,PARKED,0.0,0.0,0.0,4,0.0,3.596,0.0,0.0,0.0,0.0,0.0,0.0,0.0
287.622,apt_walk,PARKED,0.0,0.0,0.0,4,0.0,3.541,0.0,0.0,0.0,0.0,0.0,0.0,0.0
287.701,apt_walk,PARKED,0.0,0.0,0.0,4,0.0,3.541,0.0,0.0,0.0,0.0,0.0,0.0,0.0
287.801,apt_walk,PARKED,0.0,0.0,0.0,3,0.0,3.477,0.0,0.0,0.0,0.0,0.0,0.0,0.0
287.919,apt_walk,PARKED,0.0,0.0,0.0,3,0.0,3.177,0.0,0.0,0.0,0.0,0.0,0.0,0.0
288.041,apt_walk,PARKED,0.0,0.0,0.0,3,0.0,3.106,0.0,0.0,0.0,0.0,0.0,0.0,0.0
288.102,apt_walk,PARKED,0.0,0.0,0.0,3,0.0,3.106,0.0,0.0,0.0,0.0,0.0,0.0,0.0
288.201,apt_walk,PARKED,0.0,0.0,0.0,3,0.0,2.925,0.0,0.0,0.0,0.0,0.0,0.0,0.0
288.301,apt_walk,PARKED,0.0,0.0,0.0,3,0.0,2.925,0.0,0.0,0.0,0.0,0.0,0.0,0.0
288.402,apt_walk,PARKED,0.0,0.0,0.0,3,0.0,2.873,0.0,0.0,0.0,0.0,0.0,0.0,0.0
288.527,apt_walk,PARKED,0.0,0.0,0.0,3,0.0,2.697,0.0,0.0,0.0,0.0,0.0,0.0,0.0
288.601,apt_walk,PARKED,0.0,0.0,0.0,3,0.0,2.697,0.0,0.0,0.0,0.0,0.0,0.0,0.0
288.701,apt_walk,PARKED,0.0,0.0,0.0,3,0.0,2.697,0.0,0.0,0.0,0.0,0.0,0.0,0.0
288.801,apt_walk,PARKED,0.0,0.0,0.0,3,0.0,2.697,0.0,0.0,0.0,0.0,0.0,0.0,0.0
288.901,apt_walk,PARKED,0.0,0.0,0.0,3,0.0,2.697,0.0,0.0,0.0,0.0,0.0,0.0,0.0
289.01,apt_walk,PARKED,0.0,0.0,0.0,3,0.0,2.218,0.0,0.0,0.0,0.0,0.0,0.0,0.0
289.132,apt_walk,PARKED,0.0,0.0,0.0,3,0.0,2.079,0.0,0.0,0.0,0.0,0.0,0.0,0.0
289.201,apt_walk,PARKED,0.0,0.0,0.0,3,0.0,2.079,0.0,0.0,0.0,0.0,0.0,0.0,0.0
289.301,apt_walk,PARKED,0.0,0.0,0.0,3,0.0,2.006,0.0,0.0,0.0,0.0,0.0,0.0,0.0
289.427,apt_walk,PARKED,0.0,0.0,0.0,3,0.0,1.936,0.0,0.0,0.0,0.0,0.0,0.0,0.0
289.506,apt_walk,PARKED,0.0,0.0,0.0,3,0.0,1.828,0.0,0.0,0.0,0.0,0.0,0.0,0.0
289.638,apt_walk,PARKED,0.0,0.0,0.0,3,0.3861,1.738,0.0,0.0,0.0,0.0,0.0,0.0,0.0
289.701,apt_walk,PARKED,0.0,0.0,0.0,3,0.3861,1.738,0.0,0.0,0.0,0.0,0.0,0.0,0.0
289.801,apt_walk,PARKED,0.0,0.0,0.0,3,0.3861,1.738,0.0,0.0,0.0,0.0,0.0,0.0,0.0
289.901,apt_walk,PARKED,0.0,0.0,0.0,3,0.3861,1.738,0.0,0.0,0.0,0.0,0.0,0.0,0.0
290.05,apt_walk,PARKED,0.0,0.0,0.0,3,0.1903,1.593,0.0,0.0,0.0,0.0,0.0,0.0,0.0
290.101,apt_walk,PARKED,0.0,0.0,0.0,3,0.1903,1.593,0.0,0.0,0.0,0.0,0.0,0.0,0.0
290.201,apt_walk,PARKED,0.0,0.0,0.0,3,0.1903,1.593,0.0,0.0,0.0,0.0,0.0,0.0,0.0
290.302,apt_walk,PARKED,0.0,0.0,0.0,3,0.0707,1.581,0.0,0.0,0.0,0.0,0.0,0.0,0.0
290.407,apt_walk,PARKED,0.0,0.0,0.0,3,0.2787,1.565,0.0,0.0,0.0,0.0,0.0,0.0,0.0
290.501,apt_walk,PARKED,0.0,0.0,0.0,3,0.2116,1.546,0.0,0.0,0.0,0.0,0.0,0.0,0.0
290.601,apt_walk,PARKED,0.0,0.0,0.0,3,0.2116,1.546,0.0,0.0,0.0,0.0,0.0,0.0,0.0
290.701,apt_walk,PARKED,0.0,0.0,0.0,3,0.2116,1.546,0.0,0.0,0.0,0.0,0.0,0.0,0.0
290.801,apt_walk,PARKED,0.0,0.0,0.0,3,0.2116,1.546,0.0,0.0,0.0,0.0,0.0,0.0,0.0
290.913,apt_walk,PARKED,0.0,0.0,0.0,3,0.503,1.712,0.0,0.0,0.0,0.0,0.0,0.0,0.0
291.001,apt_walk,PARKED,0.0,0.0,0.0,3,0.094,1.848,0.0,0.0,0.0,0.0,0.0,0.0,0.0
291.102,apt_walk,PARKED,0.0,0.0,0.0,3,0.094,1.848,0.0,0.0,0.0,0.0,0.0,0.0,0.0
291.222,apt_walk,PARKED,0.0,0.0,0.0,3,0.0,1.951,0.0,0.0,0.0,0.0,0.0,0.0,0.0
291.336,apt_walk,PARKED,0.0,0.0,0.0,3,0.0,2.122,0.0,0.0,0.0,0.0,0.0,0.0,0.0
291.402,apt_walk,PARKED,0.0,0.0,0.0,3,0.0,2.232,0.0,0.0,0.0,0.0,0.0,0.0,0.0
291.502,apt_walk,PARKED,0.0,0.0,0.0,3,0.0,2.232,0.0,0.0,0.0,0.0,0.0,0.0,0.0
291.601,apt_walk,PARKED,0.0,0.0,0.0,3,0.0,2.232,0.0,0.0,0.0,0.0,0.0,0.0,0.0
291.704,apt_walk,PARKED,0.0,0.0,0.0,3,0.0,2.5,0.0,0.0,0.0,0.0,0.0,0.0,0.0
291.84,apt_walk,PARKED,0.0,0.0,0.0,3,0.0,2.705,0.0,0.0,0.0,0.0,0.0,0.0,0.0
291.901,apt_walk,PARKED,0.0,0.0,0.0,3,0.0,2.705,0.0,0.0,0.0,0.0,0.0,0.0,0.0
292.001,apt_walk,PARKED,0.0,0.0,0.0,3,0.0,2.705,0.0,0.0,0.0,0.0,0.0,0.0,0.0
292.139,apt_walk,PARKED,0.0,0.0,0.0,3,0.0,2.912,0.0,0.0,0.0,0.0,0.0,0.0,0.0
292.201,apt_walk,PARKED,0.0,0.0,0.0,3,0.0,2.912,0.0,0.0,0.0,0.0,0.0,0.0,0.0
292.302,apt_walk,PARKED,0.0,0.0,0.0,3,0.0,2.912,0.0,0.0,0.0,0.0,0.0,0.0,0.0
292.401,apt_walk,PARKED,0.0,0.0,0.0,3,0.0,2.912,0.0,0.0,0.0,0.0,0.0,0.0,0.0
292.538,apt_walk,PARKED,0.0,0.0,0.0,4,0.0,3.2,0.0,0.0,0.0,0.0,0.0,0.0,0.0
292.601,apt_walk,PARKED,0.0,0.0,0.0,3,0.0,3.449,0.0,0.0,0.0,0.0,0.0,0.0,0.0
292.746,apt_walk,PARKED,0.0,0.0,0.0,3,0.0,3.449,0.0,0.0,0.0,0.0,0.0,0.0,0.0
292.802,apt_walk,PARKED,0.0,0.0,0.0,3,0.0,3.449,0.0,0.0,0.0,0.0,0.0,0.0,0.0
292.919,apt_walk,PARKED,0.0,0.0,0.0,3,0.0,3.518,0.0,0.0,0.0,0.0,0.0,0.0,0.0
293.001,apt_walk,PARKED,0.0,0.0,0.0,3,0.0,3.518,0.0,0.0,0.0,0.0,0.0,0.0,0.0
293.101,apt_walk,PARKED,0.0,0.0,0.0,3,0.0,3.518,0.0,0.0,0.0,0.0,0.0,0.0,0.0
293.201,apt_walk,PARKED,0.0,0.0,0.0,3,0.0,3.518,0.0,0.0,0.0,0.0,0.0,0.0,0.0
293.342,apt_walk,PARKED,0.0,0.0,0.0,3,0.0,3.663,0.0,0.0,0.0,0.0,0.0,0.0,0.0
293.401,apt_walk,PARKED,0.0,0.0,0.0,3,0.0,3.735,0.0,0.0,0.0,0.0,0.0,0.0,0.0
293.511,apt_walk,PARKED,0.0,0.0,0.0,4,0.0,3.743,0.0,0.0,0.0,0.0,0.0,0.0,0.0
293.637,apt_walk,PARKED,0.0,0.0,0.0,4,0.0,3.731,0.0,0.0,0.0,0.0,0.0,0.0,0.0
293.702,apt_walk,PARKED,0.0,0.0,0.0,4,0.0,3.731,0.0,0.0,0.0,0.0,0.0,0.0,0.0
293.801,apt_walk,PARKED,0.0,0.0,0.0,4,0.0,3.751,0.0,0.0,0.0,0.0,0.0,0.0,0.0
293.92,apt_walk,PARKED,0.0,0.0,0.0,3,0.0,3.73,0.0,0.0,0.0,0.0,0.0,0.0,0.0
294.001,apt_walk,PARKED,0.0,0.0,0.0,3,0.0,3.73,0.0,0.0,0.0,0.0,0.0,0.0,0.0
294.102,apt_walk,PARKED,0.0,0.0,0.0,3,0.0,3.717,0.0,0.0,0.0,0.0,0.0,0.0,0.0
294.201,apt_walk,PARKED,0.0,0.0,0.0,3,0.0,3.717,0.0,0.0,0.0,0.0,0.0,0.0,0.0
294.301,apt_walk,PARKED,0.0,0.0,0.0,3,0.0,3.717,0.0,0.0,0.0,0.0,0.0,0.0,0.0
294.401,apt_walk,PARKED,0.0,0.0,0.0,3,0.0,3.801,0.0,0.0,0.0,0.0,0.0,0.0,0.0
294.546,apt_walk,PARKED,0.0,0.0,0.0,3,0.0,3.801,0.0,0.0,0.0,0.0,0.0,0.0,0.0
294.601,apt_walk,PARKED,0.0,0.0,0.0,3,0.0,3.801,0.0,0.0,0.0,0.0,0.0,0.0,0.0
294.701,apt_walk,PARKED,0.0,0.0,0.0,4,0.0,3.778,0.0,0.0,0.0,0.0,0.0,0.0,0.0
294.819,apt_walk,PARKED,0.0,0.0,0.0,4,0.0,3.712,0.0,0.0,0.0,0.0,0.0,0.0,0.0
294.901,apt_walk,PARKED,0.0,0.0,0.0,4,0.0,3.713,0.0,0.0,0.0,0.0,0.0,0.0,0.0
295.011,apt_walk,PARKED,0.0,0.0,0.0,4,0.0,3.713,0.0,0.0,0.0,0.0,0.0,0.0,0.0
295.101,apt_walk,PARKED,0.0,0.0,0.0,4,0.0,3.713,0.0,0.0,0.0,0.0,0.0,0.0,0.0
295.201,apt_walk,PARKED,0.0,0.0,0.0,3,0.0,3.706,0.0,0.0,0.0,0.0,0.0,0.0,0.0
295.301,apt_walk,PARKED,0.0,0.0,0.0,3,0.0,3.706,0.0,0.0,0.0,0.0,0.0,0.0,0.0
295.404,apt_walk,PARKED,0.0,0.0,0.0,3,0.0,3.43,0.0,0.0,0.0,0.0,0.0,0.0,0.0
295.501,apt_walk,PARKED,0.0,0.0,0.0,3,0.0,3.43,0.0,0.0,0.0,0.0,0.0,0.0,0.0
295.603,apt_walk,PARKED,0.0,0.0,0.0,3,0.0,3.384,0.0,0.0,0.0,0.0,0.0,0.0,0.0
295.712,apt_walk,PARKED,0.0,0.0,0.0,3,0.0,3.384,0.0,0.0,0.0,0.0,0.0,0.0,0.0
295.801,apt_walk,PARKED,0.0,0.0,0.0,4,0.0,3.151,0.0,0.0,0.0,0.0,0.0,0.0,0.0
295.923,apt_walk,PARKED,0.0,0.0,0.0,4,0.0,2.938,0.0,0.0,0.0,0.0,0.0,0.0,0.0
296.001,apt_walk,PARKED,0.0,0.0,0.0,4,0.0,2.938,0.0,0.0,0.0,0.0,0.0,0.0,0.0
296.129,apt_walk,PARKED,0.0,0.0,0.0,4,0.0,2.938,0.0,0.0,0.0,0.0,0.0,0.0,0.0
296.233,apt_walk,PARKED,0.0,0.0,0.0,4,0.0,2.856,0.0,0.0,0.0,0.0,0.0,0.0,0.0
296.301,apt_walk,PARKED,0.0,0.0,0.0,4,0.0,2.856,0.0,0.0,0.0,0.0,0.0,0.0,0.0
296.401,apt_walk,PARKED,0.0,0.0,0.0,4,0.0,2.856,0.0,0.0,0.0,0.0,0.0,0.0,0.0
296.501,apt_walk,PARKED,0.0,0.0,0.0,4,0.0,2.856,0.0,0.0,0.0,0.0,0.0,0.0,0.0
296.601,apt_walk,PARKED,0.0,0.0,0.0,4,0.0,2.856,0.0,0.0,0.0,0.0,0.0,0.0,0.0
296.719,apt_walk,PARKED,0.0,0.0,0.0,3,0.0,2.12,0.0,0.0,0.0,0.0,0.0,0.0,0.0
296.801,apt_walk,PARKED,0.0,0.0,0.0,3,0.0,2.12,0.0,0.0,0.0,0.0,0.0,0.0,0.0
296.922,apt_walk,PARKED,0.0,0.0,0.0,3,0.0,2.007,0.0,0.0,0.0,0.0,0.0,0.0,0.0
297.001,apt_walk,PARKED,0.0,0.0,0.0,3,0.0,2.007,0.0,0.0,0.0,0.0,0.0,0.0,0.0
297.133,apt_walk,PARKED,0.0,0.0,0.0,3,0.0,1.846,0.0,0.0,0.0,0.0,0.0,0.0,0.0
297.203,apt_walk,PARKED,0.0,0.0,0.0,4,0.3294,1.788,0.0,0.0,0.0,0.0,0.0,0.0,0.0
297.301,apt_walk,PARKED,0.0,0.0,0.0,4,0.3294,1.788,0.0,0.0,0.0,0.0,0.0,0.0,0.0
297.401,apt_walk,PARKED,0.0,0.0,0.0,4,0.3294,1.788,0.0,0.0,0.0,0.0,0.0,0.0,0.0
297.501,apt_walk,PARKED,0.0,0.0,0.0,4,0.3294,1.788,0.0,0.0,0.0,0.0,0.0,0.0,0.0
297.602,apt_walk,PARKED,0.0,0.0,0.0,4,0.3294,1.788,0.0,0.0,0.0,0.0,0.0,0.0,0.0
297.721,apt_walk,PARKED,0.0,0.0,0.0,4,0.6839,1.589,0.0,0.0,0.0,0.0,0.0,0.0,0.0
297.801,apt_walk,PARKED,0.0,0.0,0.0,4,0.6839,1.589,0.0,0.0,0.0,0.0,0.0,0.0,0.0
297.901,apt_walk,PARKED,0.0,0.0,0.0,3,0.2966,1.546,0.0,0.0,0.0,0.0,0.0,0.0,0.0
298.001,apt_walk,PARKED,0.0,0.0,0.0,3,0.1621,1.512,0.0,0.0,0.0,0.0,0.0,0.0,0.0
298.139,apt_walk,PARKED,0.0,0.0,0.0,3,0.0952,1.463,0.0,0.0,0.0,0.0,0.0,0.0,0.0
298.201,apt_walk,PARKED,0.0,0.0,0.0,3,0.0952,1.463,0.0,0.0,0.0,0.0,0.0,0.0,0.0
298.302,apt_walk,PARKED,0.0,0.0,0.0,3,0.0952,1.463,0.0,0.0,0.0,0.0,0.0,0.0,0.0
298.402,apt_walk,PARKED,0.0,0.0,0.0,3,0.0952,1.463,0.0,0.0,0.0,0.0,0.0,0.0,0.0
298.501,apt_walk,PARKED,0.0,0.0,0.0,3,0.5202,1.561,0.0,0.0,0.0,0.0,0.0,0.0,0.0
298.635,apt_walk,PARKED,0.0,0.0,0.0,3,0.5172,1.636,0.0,0.0,0.0,0.0,0.0,0.0,0.0
298.701,apt_walk,PARKED,0.0,0.0,0.0,3,0.5172,1.636,0.0,0.0,0.0,0.0,0.0,0.0,0.0
298.801,apt_walk,PARKED,0.0,0.0,0.0,3,0.5172,1.636,0.0,0.0,0.0,0.0,0.0,0.0,0.0
298.931,apt_walk,PARKED,0.0,0.0,0.0,3,0.394,1.912,0.0,0.0,0.0,0.0,0.0,0.0,0.0
299.001,apt_walk,PARKED,0.0,0.0,0.0,3,0.394,1.912,0.0,0.0,0.0,0.0,0.0,0.0,0.0
299.115,apt_walk,PARKED,0.0,0.0,0.0,3,0.0,2.103,0.0,0.0,0.0,0.0,0.0,0.0,0.0
299.231,apt_walk,PARKED,0.0,0.0,0.0,3,0.0,2.103,0.0,0.0,0.0,0.0,0.0,0.0,0.0
299.301,apt_walk,PARKED,0.0,0.0,0.0,3,0.0,2.103,0.0,0.0,0.0,0.0,0.0,0.0,0.0
299.422,apt_walk,PARKED,0.0,0.0,0.0,3,0.0,2.24,0.0,0.0,0.0,0.0,0.0,0.0,0.0
299.501,apt_walk,PARKED,0.0,0.0,0.0,3,0.0,2.429,0.0,0.0,0.0,0.0,0.0,0.0,0.0
299.601,apt_walk,PARKED,0.0,0.0,0.0,3,0.0,2.429,0.0,0.0,0.0,0.0,0.0,0.0,0.0
299.701,apt_walk,PARKED,0.0,0.0,0.0,3,0.0,2.429,0.0,0.0,0.0,0.0,0.0,0.0,0.0
299.829,apt_walk,PARKED,0.0,0.0,0.0,3,0.0,2.681,0.0,0.0,0.0,0.0,0.0,0.0,0.0
299.908,apt_walk,PARKED,0.0,0.0,0.0,3,0.0,2.803,0.0,0.0,0.0,0.0,0.0,0.0,0.0
300.002,apt_walk,PARKED,0.0,0.0,0.0,3,0.0,2.803,0.0,0.0,0.0,0.0,0.0,0.0,0.0
