time_s,mode,segment,robot_x,robot_y,robot_th_deg,n_obstacles,max_obs_speed,min_obstacle_dist,path_y,vx_cmd,vy_cmd,vy_rep,corrected_x,corrected_y,corrected_yaw_deg
0.082,apt_walk_3_speckle,PARKED,0.0,0.0,0.0,0,0.0,999.0,0.0,0.0,0.0,0.0,0.0,0.0,0.0
0.133,apt_walk_3_speckle,PARKED,0.0,0.0,0.0,0,0.0,999.0,0.0,0.0,0.0,0.0,0.0,0.0,0.0
0.231,apt_walk_3_speckle,PARKED,0.0,0.0,0.0,3,0.0,3.742,0.0,0.0,0.0,0.0,0.0,0.0,0.0
0.301,apt_walk_3_speckle,PARKED,0.0,0.0,0.0,3,0.0,3.779,0.0,0.0,0.0,0.0,0.0,0.0,0.0
0.431,apt_walk_3_speckle,PARKED,0.0,0.0,0.0,3,0.0,3.677,0.0,0.0,0.0,0.0,0.0,0.0,0.0
0.502,apt_walk_3_speckle,PARKED,0.0,0.0,0.0,3,0.0,3.677,0.0,0.0,0.0,0.0,0.0,0.0,0.0
0.643,apt_walk_3_speckle,PARKED,0.0,0.0,0.0,3,0.0,3.66,0.0,0.0,0.0,0.0,0.0,0.0,0.0
0.701,apt_walk_3_speckle,PARKED,0.0,0.0,0.0,3,0.0,3.66,0.0,0.0,0.0,0.0,0.0,0.0,0.0
0.801,apt_walk_3_speckle,PARKED,0.0,0.0,0.0,3,0.0,3.718,0.0,0.0,0.0,0.0,0.0,0.0,0.0
0.925,apt_walk_3_speckle,PARKED,0.0,0.0,0.0,3,0.0,3.694,0.0,0.0,0.0,0.0,0.0,0.0,0.0
1.022,apt_walk_3_speckle,PARKED,0.0,0.0,0.0,3,0.0,3.682,0.0,0.0,0.0,0.0,0.0,0.0,0.0
1.142,apt_walk_3_speckle,PARKED,0.0,0.0,0.0,3,0.0,3.682,0.0,0.0,0.0,0.0,0.0,0.0,0.0
1.249,apt_walk_3_speckle,PARKED,0.0,0.0,0.0,3,0.0,3.723,0.0,0.0,0.0,0.0,0.0,0.0,0.0
1.317,apt_walk_3_speckle,PARKED,0.0,0.0,0.0,3,0.0,3.67,0.0,0.0,0.0,0.0,0.0,0.0,0.0
1.401,apt_walk_3_speckle,PARKED,0.0,0.0,0.0,3,0.0,3.67,0.0,0.0,0.0,0.0,0.0,0.0,0.0
1.545,apt_walk_3_speckle,PARKED,0.0,0.0,0.0,3,0.0,3.712,0.0,0.0,0.0,0.0,0.0,0.0,0.0
1.601,apt_walk_3_speckle,PARKED,0.0,0.0,0.0,3,0.0,3.712,0.0,0.0,0.0,0.0,0.0,0.0,0.0
1.737,apt_walk_3_speckle,PARKED,0.0,0.0,0.0,3,0.0,3.667,0.0,0.0,0.0,0.0,0.0,0.0,0.0
1.801,apt_walk_3_speckle,PARKED,0.0,0.0,0.0,3,0.0,3.667,0.0,0.0,0.0,0.0,0.0,0.0,0.0
1.901,apt_walk_3_speckle,PARKED,0.0,0.0,0.0,3,0.0,3.667,0.0,0.0,0.0,0.0,0.0,0.0,0.0
2.001,apt_walk_3_speckle,PARKED,0.0,0.0,0.0,3,0.0,3.235,0.0,0.0,0.0,0.0,0.0,0.0,0.0
2.101,apt_walk_3_speckle,PARKED,0.0,0.0,0.0,3,0.0,3.235,0.0,0.0,0.0,0.0,0.0,0.0,0.0
2.202,apt_walk_3_speckle,PARKED,0.0,0.0,0.0,3,0.0,3.235,0.0,0.0,0.0,0.0,0.0,0.0,0.0
2.302,apt_walk_3_speckle,PARKED,0.0,0.0,0.0,3,0.0,3.235,0.0,0.0,0.0,0.0,0.0,0.0,0.0
2.407,apt_walk_3_speckle,PARKED,0.0,0.0,0.0,3,0.0,3.021,0.0,0.0,0.0,0.0,0.0,0.0,0.0
2.536,apt_walk_3_speckle,PARKED,0.0,0.0,0.0,3,0.0,2.673,0.0,0.0,0.0,0.0,0.0,0.0,0.0
2.601,apt_walk_3_speckle,PARKED,0.0,0.0,0.0,3,0.0,2.673,0.0,0.0,0.0,0.0,0.0,0.0,0.0
2.723,apt_walk_3_speckle,PARKED,0.0,0.0,0.0,3,0.0,2.513,0.0,0.0,0.0,0.0,0.0,0.0,0.0
2.801,apt_walk_3_speckle,PARKED,0.0,0.0,0.0,3,0.0,2.336,0.0,0.0,0.0,0.0,0.0,0.0,0.0
2.901,apt_walk_3_speckle,PARKED,0.0,0.0,0.0,3,0.0,2.336,0.0,0.0,0.0,0.0,0.0,0.0,0.0
3.009,apt_walk_3_speckle,PARKED,0.0,0.0,0.0,3,0.0,1.981,0.0,0.0,0.0,0.0,0.0,0.0,0.0
3.101,apt_walk_3_speckle,PARKED,0.0,0.0,0.0,3,0.0,1.981,0.0,0.0,0.0,0.0,0.0,0.0,0.0
3.201,apt_walk_3_speckle,PARKED,0.0,0.0,0.0,3,0.0,1.981,0.0,0.0,0.0,0.0,0.0,0.0,0.0
3.333,apt_walk_3_speckle,PARKED,0.0,0.0,0.0,3,0.0,1.911,0.0,0.0,0.0,0.0,0.0,0.0,0.0
3.411,apt_walk_3_speckle,PARKED,0.0,0.0,0.0,3,0.3405,1.784,0.0,0.0,0.0,0.0,0.0,0.0,0.0
3.501,apt_walk_3_speckle,PARKED,0.0,0.0,0.0,3,0.054,1.738,0.0,0.0,0.0,0.0,0.0,0.0,0.0
3.604,apt_walk_3_speckle,PARKED,0.0,0.0,0.0,3,0.3651,1.735,0.0,0.0,0.0,0.0,0.0,0.0,0.0
3.701,apt_walk_3_speckle,PARKED,0.0,0.0,0.0,3,0.092,1.696,0.0,0.0,0.0,0.0,0.0,0.0,0.0
3.849,apt_walk_3_speckle,PARKED,0.0,0.0,0.0,3,0.0386,1.697,0.0,0.0,0.0,0.0,0.0,0.0,0.0
3.901,apt_walk_3_speckle,PARKED,0.0,0.0,0.0,3,0.0386,1.697,0.0,0.0,0.0,0.0,0.0,0.0,0.0
4.001,apt_walk_3_speckle,PARKED,0.0,0.0,0.0,3,0.0386,1.697,0.0,0.0,0.0,0.0,0.0,0.0,0.0
4.101,apt_walk_3_speckle,PARKED,0.0,0.0,0.0,3,0.0386,1.697,0.0,0.0,0.0,0.0,0.0,0.0,0.0
4.2,apt_walk_3_speckle,PARKED,0.0,0.0,0.0,3,0.0386,1.697,0.0,0.0,0.0,0.0,0.0,0.0,0.0
4.347,apt_walk_3_speckle,PARKED,0.0,0.0,0.0,3,0.0,2.155,0.0,0.0,0.0,0.0,0.0,0.0,0.0
4.408,apt_walk_3_speckle,PARKED,0.0,0.0,0.0,3,0.0,2.155,0.0,0.0,0.0,0.0,0.0,0.0,0.0
4.502,apt_walk_3_speckle,PARKED,0.0,0.0,0.0,3,0.0,2.301,0.0,0.0,0.0,0.0,0.0,0.0,0.0
4.601,apt_walk_3_speckle,PARKED,0.0,0.0,0.0,3,0.0,2.301,0.0,0.0,0.0,0.0,0.0,0.0,0.0
4.701,apt_walk_3_speckle,PARKED,0.0,0.0,0.0,3,0.0,2.37,0.0,0.0,0.0,0.0,0.0,0.0,0.0
4.837,apt_walk_3_speckle,PARKED,0.0,0.0,0.0,3,0.0,2.693,0.0,0.0,0.0,0.0,0.0,0.0,0.0
4.908,apt_walk_3_speckle,PARKED,0.0,0.0,0.0,3,0.0,2.693,0.0,0.0,0.0,0.0,0.0,0.0,0.0
5.002,apt_walk_3_speckle,PARKED,0.0,0.0,0.0,3,0.0,2.693,0.0,0.0,0.0,0.0,0.0,0.0,0.0
5.101,apt_walk_3_speckle,PARKED,0.0,0.0,0.0,3,0.0,2.693,0.0,0.0,0.0,0.0,0.0,0.0,0.0
5.201,apt_walk_3_speckle,PARKED,0.0,0.0,0.0,3,0.0,2.693,0.0,0.0,0.0,0.0,0.0,0.0,0.0
5.319,apt_walk_3_speckle,PARKED,0.0,0.0,0.0,3,0.0,3.234,0.0,0.0,0.0,0.0,0.0,0.0,0.0
5.401,apt_walk_3_speckle,PARKED,0.0,0.0,0.0,3,0.0,3.234,0.0,0.0,0.0,0.0,0.0,0.0,0.0
5.501,apt_walk_3_speckle,PARKED,0.0,0.0,0.0,3,0.0,3.388,0.0,0.0,0.0,0.0,0.0,0.0,0.0
5.606,apt_walk_3_speckle,PARKED,0.0,0.0,0.0,3,0.0,3.393,0.0,0.0,0.0,0.0,0.0,0.0,0.0
5.7,apt_walk_3_speckle,PARKED,0.0,0.0,0.0,3,0.0,3.393,0.0,0.0,0.0,0.0,0.0,0.0,0.0
5.81,apt_walk_3_speckle,PARKED,0.0,0.0,0.0,3,0.0,3.537,0.0,0.0,0.0,0.0,0.0,0.0,0.0
5.901,apt_walk_3_speckle,PARKED,0.0,0.0,0.0,4,0.0,3.662,0.0,0.0,0.0,0.0,0.0,0.0,0.0
6.024,apt_walk_3_speckle,PARKED,0.0,0.0,0.0,4,0.0,3.662,0.0,0.0,0.0,0.0,0.0,0.0,0.0
6.101,apt_walk_3_speckle,PARKED,0.0,0.0,0.0,4,0.0,3.662,0.0,0.0,0.0,0.0,0.0,0.0,0.0
6.201,apt_walk_3_speckle,PARKED,0.0,0.0,0.0,4,0.0,3.662,0.0,0.0,0.0,0.0,0.0,0.0,0.0
6.306,apt_walk_3_speckle,PARKED,0.0,0.0,0.0,5,0.0,3.732,0.0,0.0,0.0,0.0,0.0,0.0,0.0
6.43,apt_walk_3_speckle,PARKED,0.0,0.0,0.0,3,0.0,3.738,0.0,0.0,0.0,0.0,0.0,0.0,0.0
6.507,apt_walk_3_speckle,PARKED,0.0,0.0,0.0,3,0.0,3.738,0.0,0.0,0.0,0.0,0.0,0.0,0.0
6.601,apt_walk_3_speckle,PARKED,0.0,0.0,0.0,3,0.0,3.738,0.0,0.0,0.0,0.0,0.0,0.0,0.0
6.7,apt_walk_3_speckle,PARKED,0.0,0.0,0.0,3,0.0,3.738,0.0,0.0,0.0,0.0,0.0,0.0,0.0
6.802,apt_walk_3_speckle,PARKED,0.0,0.0,0.0,3,0.0,3.729,0.0,0.0,0.0,0.0,0.0,0.0,0.0
6.921,apt_walk_3_speckle,PARKED,0.0,0.0,0.0,4,0.0,3.71,0.0,0.0,0.0,0.0,0.0,0.0,0.0
7.001,apt_walk_3_speckle,PARKED,0.0,0.0,0.0,4,0.0,3.684,0.0,0.0,0.0,0.0,0.0,0.0,0.0
7.136,apt_walk_3_speckle,PARKED,0.0,0.0,0.0,4,0.0,3.684,0.0,0.0,0.0,0.0,0.0,0.0,0.0
7.201,apt_walk_3_speckle,PARKED,0.0,0.0,0.0,4,0.0,3.684,0.0,0.0,0.0,0.0,0.0,0.0,0.0
7.33,apt_walk_3_speckle,PARKED,0.0,0.0,0.0,3,0.0,3.672,0.0,0.0,0.0,0.0,0.0,0.0,0.0
7.401,apt_walk_3_speckle,PARKED,0.0,0.0,0.0,3,0.0,3.727,0.0,0.0,0.0,0.0,0.0,0.0,0.0
7.502,apt_walk_3_speckle,PARKED,0.0,0.0,0.0,3,0.0,3.727,0.0,0.0,0.0,0.0,0.0,0.0,0.0
7.601,apt_walk_3_speckle,PARKED,0.0,0.0,0.0,3,0.0,3.727,0.0,0.0,0.0,0.0,0.0,0.0,0.0
7.711,apt_walk_3_speckle,PARKED,0.0,0.0,0.0,3,0.0,3.686,0.0,0.0,0.0,0.0,0.0,0.0,0.0
7.801,apt_walk_3_speckle,PARKED,0.0,0.0,0.0,3,0.0,3.686,0.0,0.0,0.0,0.0,0.0,0.0,0.0
7.903,apt_walk_3_speckle,PARKED,0.0,0.0,0.0,3,0.0,3.288,0.0,0.0,0.0,0.0,0.0,0.0,0.0
8.001,apt_walk_3_speckle,PARKED,0.0,0.0,0.0,3,0.0,3.288,0.0,0.0,0.0,0.0,0.0,0.0,0.0
8.102,apt_walk_3_speckle,PARKED,0.0,0.0,0.0,3,0.0,3.217,0.0,0.0,0.0,0.0,0.0,0.0,0.0
8.226,apt_walk_3_speckle,PARKED,0.0,0.0,0.0,3,0.0,3.085,0.0,0.0,0.0,0.0,0.0,0.0,0.0
8.301,apt_walk_3_speckle,PARKED,0.0,0.0,0.0,3,0.0,3.085,0.0,0.0,0.0,0.0,0.0,0.0,0.0
8.401,apt_walk_3_speckle,PARKED,0.0,0.0,0.0,3,0.0,2.813,0.0,0.0,0.0,0.0,0.0,0.0,0.0
8.519,apt_walk_3_speckle,PARKED,0.0,0.0,0.0,3,0.0,2.813,0.0,0.0,0.0,0.0,0.0,0.0,0.0
8.601,apt_walk_3_speckle,PARKED,0.0,0.0,0.0,3,0.0,2.813,0.0,0.0,0.0,0.0,0.0,0.0,0.0
8.701,apt_walk_3_speckle,PARKED,0.0,0.0,0.0,3,0.0,2.682,0.0,0.0,0.0,0.0,0.0,0.0,0.0
8.835,apt_walk_3_speckle,PARKED,0.0,0.0,0.0,3,0.0,2.387,0.0,0.0,0.0,0.0,0.0,0.0,0.0
8.92,apt_walk_3_speckle,PARKED,0.0,0.0,0.0,3,0.0,2.253,0.0,0.0,0.0,0.0,0.0,0.0,0.0
9.001,apt_walk_3_speckle,PARKED,0.0,0.0,0.0,3,0.0,2.253,0.0,0.0,0.0,0.0,0.0,0.0,0.0
9.102,apt_walk_3_speckle,PARKED,0.0,0.0,0.0,3,0.0,2.143,0.0,0.0,0.0,0.0,0.0,0.0,0.0
9.225,apt_walk_3_speckle,PARKED,0.0,0.0,0.0,3,0.0,2.143,0.0,0.0,0.0,0.0,0.0,0.0,0.0
9.302,apt_walk_3_speckle,PARKED,0.0,0.0,0.0,3,0.0,1.848,0.0,0.0,0.0,0.0,0.0,0.0,0.0
9.401,apt_walk_3_speckle,PARKED,0.0,0.0,0.0,3,0.0,1.848,0.0,0.0,0.0,0.0,0.0,0.0,0.0
9.501,apt_walk_3_speckle,PARKED,0.0,0.0,0.0,3,0.0,1.848,0.0,0.0,0.0,0.0,0.0,0.0,0.0
9.601,apt_walk_3_speckle,PARKED,0.0,0.0,0.0,3,0.183,1.724,0.0,0.0,0.0,0.0,0.0,0.0,0.0
9.725,apt_walk_3_speckle,PARKED,0.0,0.0,0.0,3,0.1195,1.679,0.0,0.0,0.0,0.0,0.0,0.0,0.0
9.801,apt_walk_3_speckle,PARKED,0.0,0.0,0.0,3,0.2177,1.702,0.0,0.0,0.0,0.0,0.0,0.0,0.0
9.901,apt_walk_3_speckle,PARKED,0.0,0.0,0.0,3,0.2177,1.702,0.0,0.0,0.0,0.0,0.0,0.0,0.0
10.002,apt_walk_3_speckle,PARKED,0.0,0.0,0.0,3,0.2177,1.702,0.0,0.0,0.0,0.0,0.0,0.0,0.0
10.117,apt_walk_3_speckle,PARKED,0.0,0.0,0.0,3,0.2303,1.782,0.0,0.0,0.0,0.0,0.0,0.0,0.0
10.201,apt_walk_3_speckle,PARKED,0.0,0.0,0.0,3,0.0,1.897,0.0,0.0,0.0,0.0,0.0,0.0,0.0
10.326,apt_walk_3_speckle,PARKED,0.0,0.0,0.0,3,0.0,2.072,0.0,0.0,0.0,0.0,0.0,0.0,0.0
10.402,apt_walk_3_speckle,PARKED,0.0,0.0,0.0,3,0.0,2.072,0.0,0.0,0.0,0.0,0.0,0.0,0.0
10.502,apt_walk_3_speckle,PARKED,0.0,0.0,0.0,3,0.0,2.072,0.0,0.0,0.0,0.0,0.0,0.0,0.0
10.639,apt_walk_3_speckle,PARKED,0.0,0.0,0.0,3,0.0,2.46,0.0,0.0,0.0,0.0,0.0,0.0,0.0
10.702,apt_walk_3_speckle,PARKED,0.0,0.0,0.0,3,0.0,2.606,0.0,0.0,0.0,0.0,0.0,0.0,0.0
10.802,apt_walk_3_speckle,PARKED,0.0,0.0,0.0,3,0.0,2.606,0.0,0.0,0.0,0.0,0.0,0.0,0.0
10.941,apt_walk_3_speckle,PARKED,0.0,0.0,0.0,3,0.0,2.635,0.0,0.0,0.0,0.0,0.0,0.0,0.0
11.001,apt_walk_3_speckle,PARKED,0.0,0.0,0.0,3,0.0,2.635,0.0,0.0,0.0,0.0,0.0,0.0,0.0
11.102,apt_walk_3_speckle,PARKED,0.0,0.0,0.0,3,0.0,2.906,0.0,0.0,0.0,0.0,0.0,0.0,0.0
11.201,apt_walk_3_speckle,PARKED,0.0,0.0,0.0,4,0.0,2.932,0.0,0.0,0.0,0.0,0.0,0.0,0.0
11.336,apt_walk_3_speckle,PARKED,0.0,0.0,0.0,4,0.0,3.093,0.0,0.0,0.0,0.0,0.0,0.0,0.0
11.401,apt_walk_3_speckle,PARKED,0.0,0.0,0.0,4,0.0,3.093,0.0,0.0,0.0,0.0,0.0,0.0,0.0
11.502,apt_walk_3_speckle,PARKED,0.0,0.0,0.0,4,0.0,3.093,0.0,0.0,0.0,0.0,0.0,0.0,0.0
11.642,apt_walk_3_speckle,PARKED,0.0,0.0,0.0,4,0.0,3.567,0.0,0.0,0.0,0.0,0.0,0.0,0.0
11.706,apt_walk_3_speckle,PARKED,0.0,0.0,0.0,4,0.0,3.638,0.0,0.0,0.0,0.0,0.0,0.0,0.0
11.801,apt_walk_3_speckle,PARKED,0.0,0.0,0.0,4,0.0,3.638,0.0,0.0,0.0,0.0,0.0,0.0,0.0
11.931,apt_walk_3_speckle,PARKED,0.0,0.0,0.0,4,0.0,3.638,0.0,0.0,0.0,0.0,0.0,0.0,0.0
12.001,apt_walk_3_speckle,PARKED,0.0,0.0,0.0,4,0.0,3.638,0.0,0.0,0.0,0.0,0.0,0.0,0.0
12.138,apt_walk_3_speckle,PARKED,0.0,0.0,0.0,4,0.0,3.749,0.0,0.0,0.0,0.0,0.0,0.0,0.0
12.201,apt_walk_3_speckle,PARKED,0.0,0.0,0.0,4,0.0,3.749,0.0,0.0,0.0,0.0,0.0,0.0,0.0
12.301,apt_walk_3_speckle,PARKED,0.0,0.0,0.0,4,0.0,3.749,0.0,0.0,0.0,0.0,0.0,0.0,0.0
12.447,apt_walk_3_speckle,PARKED,0.0,0.0,0.0,4,0.0,3.682,0.0,0.0,0.0,0.0,0.0,0.0,0.0
12.501,apt_walk_3_speckle,PARKED,0.0,0.0,0.0,4,0.0,3.682,0.0,0.0,0.0,0.0,0.0,0.0,0.0
12.618,apt_walk_3_speckle,PARKED,0.0,0.0,0.0,4,0.0,3.7,0.0,0.0,0.0,0.0,0.0,0.0,0.0
12.701,apt_walk_3_speckle,PARKED,0.0,0.0,0.0,5,0.0,3.672,0.0,0.0,0.0,0.0,0.0,0.0,0.0
12.809,apt_walk_3_speckle,PARKED,0.0,0.0,0.0,5,0.0,3.741,0.0,0.0,0.0,0.0,0.0,0.0,0.0
12.901,apt_walk_3_speckle,PARKED,0.0,0.0,0.0,5,0.0,3.741,0.0,0.0,0.0,0.0,0.0,0.0,0.0
13.047,apt_walk_3_speckle,PARKED,0.0,0.0,0.0,4,0.0,3.652,0.0,0.0,0.0,0.0,0.0,0.0,0.0
13.106,apt_walk_3_speckle,PARKED,0.0,0.0,0.0,5,0.0,3.545,0.0,0.0,0.0,0.0,0.0,0.0,0.0
13.24,apt_walk_3_speckle,PARKED,0.0,0.0,0.0,5,0.0,3.545,0.0,0.0,0.0,0.0,0.0,0.0,0.0
13.301,apt_walk_3_speckle,PARKED,0.0,0.0,0.0,5,0.0,3.545,0.0,0.0,0.0,0.0,0.0,0.0,0.0
13.416,apt_walk_3_speckle,PARKED,0.0,0.0,0.0,5,0.0,3.545,0.0,0.0,0.0,0.0,0.0,0.0,0.0
13.501,apt_walk_3_speckle,PARKED,0.0,0.0,0.0,5,0.0,3.276,0.0,0.0,0.0,0.0,0.0,0.0,0.0
13.601,apt_walk_3_speckle,PARKED,0.0,0.0,0.0,5,0.0,3.276,0.0,0.0,0.0,0.0,0.0,0.0,0.0
13.701,apt_walk_3_speckle,PARKED,0.0,0.0,0.0,5,0.0,3.276,0.0,0.0,0.0,0.0,0.0,0.0,0.0
13.801,apt_walk_3_speckle,PARKED,0.0,0.0,0.0,5,0.0,3.276,0.0,0.0,0.0,0.0,0.0,0.0,0.0
13.901,apt_walk_3_speckle,PARKED,0.0,0.0,0.0,3,0.0,2.673,0.0,0.0,0.0,0.0,0.0,0.0,0.0
14.01,apt_walk_3_speckle,PARKED,0.0,0.0,0.0,3,0.0,2.502,0.0,0.0,0.0,0.0,0.0,0.0,0.0
14.102,apt_walk_3_speckle,PARKED,0.0,0.0,0.0,3,0.0,2.502,0.0,0.0,0.0,0.0,0.0,0.0,0.0
14.201,apt_walk_3_speckle,PARKED,0.0,0.0,0.0,3,0.0,2.502,0.0,0.0,0.0,0.0,0.0,0.0,0.0
14.301,apt_walk_3_speckle,PARKED,0.0,0.0,0.0,3,0.0,2.502,0.0,0.0,0.0,0.0,0.0,0.0,0.0
14.41,apt_walk_3_speckle,PARKED,0.0,0.0,0.0,3,0.0,2.416,0.0,0.0,0.0,0.0,0.0,0.0,0.0
14.501,apt_walk_3_speckle,PARKED,0.0,0.0,0.0,3,0.0,2.18,0.0,0.0,0.0,0.0,0.0,0.0,0.0
14.632,apt_walk_3_speckle,PARKED,0.0,0.0,0.0,3,0.0,2.008,0.0,0.0,0.0,0.0,0.0,0.0,0.0
14.701,apt_walk_3_speckle,PARKED,0.0,0.0,0.0,3,0.0,2.008,0.0,0.0,0.0,0.0,0.0,0.0,0.0
14.801,apt_walk_3_speckle,PARKED,0.0,0.0,0.0,3,0.0,2.008,0.0,0.0,0.0,0.0,0.0,0.0,0.0
14.901,apt_walk_3_speckle,PARKED,0.0,0.0,0.0,3,0.0,2.008,0.0,0.0,0.0,0.0,0.0,0.0,0.0
15.049,apt_walk_3_speckle,PARKED,0.0,0.0,0.0,3,0.8262,1.694,0.0,0.0,0.0,0.0,0.0,0.0,0.0
15.101,apt_walk_3_speckle,PARKED,0.0,0.0,0.0,3,0.8262,1.694,0.0,0.0,0.0,0.0,0.0,0.0,0.0
15.2,apt_walk_3_speckle,PARKED,0.0,0.0,0.0,3,0.054,1.683,0.0,0.0,0.0,0.0,0.0,0.0,0.0
15.309,apt_walk_3_speckle,PARKED,0.0,0.0,0.0,3,0.054,1.683,0.0,0.0,0.0,0.0,0.0,0.0,0.0
15.401,apt_walk_3_speckle,PARKED,0.0,0.0,0.0,3,0.054,1.683,0.0,0.0,0.0,0.0,0.0,0.0,0.0
15.509,apt_walk_3_speckle,PARKED,0.0,0.0,0.0,3,0.3483,1.721,0.0,0.0,0.0,0.0,0.0,0.0,0.0
15.636,apt_walk_3_speckle,PARKED,0.0,0.0,0.0,3,0.3483,1.721,0.0,0.0,0.0,0.0,0.0,0.0,0.0
15.701,apt_walk_3_speckle,PARKED,0.0,0.0,0.0,3,0.3483,1.721,0.0,0.0,0.0,0.0,0.0,0.0,0.0
15.805,apt_walk_3_speckle,PARKED,0.0,0.0,0.0,3,0.0,2.158,0.0,0.0,0.0,0.0,0.0,0.0,0.0
15.901,apt_walk_3_speckle,PARKED,0.0,0.0,0.0,3,0.0,2.158,0.0,0.0,0.0,0.0,0.0,0.0,0.0
16.012,apt_walk_3_speckle,PARKED,0.0,0.0,0.0,3,0.0,2.158,0.0,0.0,0.0,0.0,0.0,0.0,0.0
16.122,apt_walk_3_speckle,PARKED,0.0,0.0,0.0,3,0.0,2.21,0.0,0.0,0.0,0.0,0.0,0.0,0.0
16.201,apt_walk_3_speckle,PARKED,0.0,0.0,0.0,3,0.0,2.644,0.0,0.0,0.0,0.0,0.0,0.0,0.0
16.301,apt_walk_3_speckle,PARKED,0.0,0.0,0.0,3,0.0,2.644,0.0,0.0,0.0,0.0,0.0,0.0,0.0
16.444,apt_walk_3_speckle,PARKED,0.0,0.0,0.0,3,0.0,3.072,0.0,0.0,0.0,0.0,0.0,0.0,0.0
16.502,apt_walk_3_speckle,PARKED,0.0,0.0,0.0,3,0.0,3.072,0.0,0.0,0.0,0.0,0.0,0.0,0.0
16.601,apt_walk_3_speckle,PARKED,0.0,0.0,0.0,3,0.0,3.072,0.0,0.0,0.0,0.0,0.0,0.0,0.0
16.711,apt_walk_3_speckle,PARKED,0.0,0.0,0.0,3,0.0,3.634,0.0,0.0,0.0,0.0,0.0,0.0,0.0
16.801,apt_walk_3_speckle,PARKED,0.0,0.0,0.0,3,0.0,3.634,0.0,0.0,0.0,0.0,0.0,0.0,0.0
16.926,apt_walk_3_speckle,PARKED,0.0,0.0,0.0,3,0.0,3.701,0.0,0.0,0.0,0.0,0.0,0.0,0.0
17.001,apt_walk_3_speckle,PARKED,0.0,0.0,0.0,3,0.0,3.701,0.0,0.0,0.0,0.0,0.0,0.0,0.0
17.102,apt_walk_3_speckle,PARKED,0.0,0.0,0.0,3,0.0,3.701,0.0,0.0,0.0,0.0,0.0,0.0,0.0
17.202,apt_walk_3_speckle,PARKED,0.0,0.0,0.0,3,0.0,3.701,0.0,0.0,0.0,0.0,0.0,0.0,0.0
17.301,apt_walk_3_speckle,PARKED,0.0,0.0,0.0,4,0.0,3.469,0.0,0.0,0.0,0.0,0.0,0.0,0.0
17.426,apt_walk_3_speckle,PARKED,0.0,0.0,0.0,4,0.0,3.703,0.0,0.0,0.0,0.0,0.0,0.0,0.0
17.501,apt_walk_3_speckle,PARKED,0.0,0.0,0.0,3,0.0,3.719,0.0,0.0,0.0,0.0,0.0,0.0,0.0
17.641,apt_walk_3_speckle,PARKED,0.0,0.0,0.0,4,0.0,3.71,0.0,0.0,0.0,0.0,0.0,0.0,0.0
17.702,apt_walk_3_speckle,PARKED,0.0,0.0,0.0,4,0.0,3.71,0.0,0.0,0.0,0.0,0.0,0.0,0.0
17.801,apt_walk_3_speckle,PARKED,0.0,0.0,0.0,4,0.0,3.71,0.0,0.0,0.0,0.0,0.0,0.0,0.0
17.929,apt_walk_3_speckle,PARKED,0.0,0.0,0.0,4,0.0,3.71,0.0,0.0,0.0,0.0,0.0,0.0,0.0
18.002,apt_walk_3_speckle,PARKED,0.0,0.0,0.0,4,0.0,3.71,0.0,0.0,0.0,0.0,0.0,0.0,0.0
18.101,apt_walk_3_speckle,PARKED,0.0,0.0,0.0,4,0.0,3.71,0.0,0.0,0.0,0.0,0.0,0.0,0.0
18.202,apt_walk_3_speckle,PARKED,0.0,0.0,0.0,4,0.0,3.71,0.0,0.0,0.0,0.0,0.0,0.0,0.0
18.346,apt_walk_3_speckle,PARKED,0.0,0.0,0.0,4,0.0,3.714,0.0,0.0,0.0,0.0,0.0,0.0,0.0
18.401,apt_walk_3_speckle,PARKED,0.0,0.0,0.0,4,0.0,3.714,0.0,0.0,0.0,0.0,0.0,0.0,0.0
18.504,apt_walk_3_speckle,PARKED,0.0,0.0,0.0,4,0.0,3.579,0.0,0.0,0.0,0.0,0.0,0.0,0.0
18.601,apt_walk_3_speckle,PARKED,0.0,0.0,0.0,4,0.0,3.511,0.0,0.0,0.0,0.0,0.0,0.0,0.0
18.701,apt_walk_3_speckle,PARKED,0.0,0.0,0.0,4,0.0,3.46,0.0,0.0,0.0,0.0,0.0,0.0,0.0
18.833,apt_walk_3_speckle,PARKED,0.0,0.0,0.0,4,0.0,3.315,0.0,0.0,0.0,0.0,0.0,0.0,0.0
18.902,apt_walk_3_speckle,PARKED,0.0,0.0,0.0,4,0.0,3.315,0.0,0.0,0.0,0.0,0.0,0.0,0.0
19.001,apt_walk_3_speckle,PARKED,0.0,0.0,0.0,4,0.0,3.233,0.0,0.0,0.0,0.0,0.0,0.0,0.0
19.101,apt_walk_3_speckle,PARKED,0.0,0.0,0.0,4,0.0,3.233,0.0,0.0,0.0,0.0,0.0,0.0,0.0
19.201,apt_walk_3_speckle,PARKED,0.0,0.0,0.0,4,0.0,3.233,0.0,0.0,0.0,0.0,0.0,0.0,0.0
19.302,apt_walk_3_speckle,PARKED,0.0,0.0,0.0,4,0.0,2.927,0.0,0.0,0.0,0.0,0.0,0.0,0.0
19.402,apt_walk_3_speckle,PARKED,0.0,0.0,0.0,4,0.0,2.927,0.0,0.0,0.0,0.0,0.0,0.0,0.0
19.501,apt_walk_3_speckle,PARKED,0.0,0.0,0.0,4,0.0,2.78,0.0,0.0,0.0,0.0,0.0,0.0,0.0
19.613,apt_walk_3_speckle,PARKED,0.0,0.0,0.0,4,0.0,2.657,0.0,0.0,0.0,0.0,0.0,0.0,0.0
19.701,apt_walk_3_speckle,PARKED,0.0,0.0,0.0,4,0.0,2.577,0.0,0.0,0.0,0.0,0.0,0.0,0.0
19.801,apt_walk_3_speckle,PARKED,0.0,0.0,0.0,4,0.0,2.474,0.0,0.0,0.0,0.0,0.0,0.0,0.0
19.901,apt_walk_3_speckle,PARKED,0.0,0.0,0.0,4,0.0,2.474,0.0,0.0,0.0,0.0,0.0,0.0,0.0
20.002,apt_walk_3_speckle,PARKED,0.0,0.0,0.0,4,0.0,2.474,0.0,0.0,0.0,0.0,0.0,0.0,0.0
20.101,apt_walk_3_speckle,PARKED,0.0,0.0,0.0,4,0.0,2.474,0.0,0.0,0.0,0.0,0.0,0.0,0.0
20.201,apt_walk_3_speckle,PARKED,0.0,0.0,0.0,4,0.0,2.474,0.0,0.0,0.0,0.0,0.0,0.0,0.0
20.301,apt_walk_3_speckle,PARKED,0.0,0.0,0.0,4,0.0,2.474,0.0,0.0,0.0,0.0,0.0,0.0,0.0
20.411,apt_walk_3_speckle,PARKED,0.0,0.0,0.0,4,0.0,1.973,0.0,0.0,0.0,0.0,0.0,0.0,0.0
20.531,apt_walk_3_speckle,PARKED,0.0,0.0,0.0,4,0.0,1.832,0.0,0.0,0.0,0.0,0.0,0.0,0.0
20.601,apt_walk_3_speckle,PARKED,0.0,0.0,0.0,4,0.0,1.832,0.0,0.0,0.0,0.0,0.0,0.0,0.0
20.741,apt_walk_3_speckle,PARKED,0.0,0.0,0.0,4,0.0,1.832,0.0,0.0,0.0,0.0,0.0,0.0,0.0
20.801,apt_walk_3_speckle,PARKED,0.0,0.0,0.0,4,0.0,1.832,0.0,0.0,0.0,0.0,0.0,0.0,0.0
20.902,apt_walk_3_speckle,PARKED,0.0,0.0,0.0,4,0.3617,1.778,0.0,0.0,0.0,0.0,0.0,0.0,0.0
21.017,apt_walk_3_speckle,PARKED,0.0,0.0,0.0,4,0.249,1.82,0.0,0.0,0.0,0.0,0.0,0.0,0.0
21.102,apt_walk_3_speckle,PARKED,0.0,0.0,0.0,4,0.249,1.82,0.0,0.0,0.0,0.0,0.0,0.0,0.0
21.201,apt_walk_3_speckle,PARKED,0.0,0.0,0.0,4,0.249,1.82,0.0,0.0,0.0,0.0,0.0,0.0,0.0
21.301,apt_walk_3_speckle,PARKED,0.0,0.0,0.0,4,0.249,1.82,0.0,0.0,0.0,0.0,0.0,0.0,0.0
21.45,apt_walk_3_speckle,PARKED,0.0,0.0,0.0,3,0.0,2.121,0.0,0.0,0.0,0.0,0.0,0.0,0.0
21.501,apt_walk_3_speckle,PARKED,0.0,0.0,0.0,3,0.0,2.121,0.0,0.0,0.0,0.0,0.0,0.0,0.0
21.601,apt_walk_3_speckle,PARKED,0.0,0.0,0.0,3,0.0,2.121,0.0,0.0,0.0,0.0,0.0,0.0,0.0
21.701,apt_walk_3_speckle,PARKED,0.0,0.0,0.0,3,0.0,2.121,0.0,0.0,0.0,0.0,0.0,0.0,0.0
21.801,apt_walk_3_speckle,PARKED,0.0,0.0,0.0,3,0.0,2.121,0.0,0.0,0.0,0.0,0.0,0.0,0.0
21.938,apt_walk_3_speckle,PARKED,0.0,0.0,0.0,3,0.0,2.68,0.0,0.0,0.0,0.0,0.0,0.0,0.0
22.006,apt_walk_3_speckle,PARKED,0.0,0.0,0.0,3,0.0,2.68,0.0,0.0,0.0,0.0,0.0,0.0,0.0
22.101,apt_walk_3_speckle,PARKED,0.0,0.0,0.0,3,0.0,2.68,0.0,0.0,0.0,0.0,0.0,0.0,0.0
22.215,apt_walk_3_speckle,PARKED,0.0,0.0,0.0,3,0.0,2.881,0.0,0.0,0.0,0.0,0.0,0.0,0.0
22.301,apt_walk_3_speckle,PARKED,0.0,0.0,0.0,3,0.0,2.881,0.0,0.0,0.0,0.0,0.0,0.0,0.0
22.401,apt_walk_3_speckle,PARKED,0.0,0.0,0.0,3,0.0,2.881,0.0,0.0,0.0,0.0,0.0,0.0,0.0
22.501,apt_walk_3_speckle,PARKED,0.0,0.0,0.0,3,0.0,3.392,0.0,0.0,0.0,0.0,0.0,0.0,0.0
22.629,apt_walk_3_speckle,PARKED,0.0,0.0,0.0,3,0.0,3.584,0.0,0.0,0.0,0.0,0.0,0.0,0.0
22.702,apt_walk_3_speckle,PARKED,0.0,0.0,0.0,3,0.0,3.584,0.0,0.0,0.0,0.0,0.0,0.0,0.0
22.801,apt_walk_3_speckle,PARKED,0.0,0.0,0.0,4,0.0,3.561,0.0,0.0,0.0,0.0,0.0,0.0,0.0
22.902,apt_walk_3_speckle,PARKED,0.0,0.0,0.0,4,0.0,3.685,0.0,0.0,0.0,0.0,0.0,0.0,0.0
23.001,apt_walk_3_speckle,PARKED,0.0,0.0,0.0,4,0.0,3.68,0.0,0.0,0.0,0.0,0.0,0.0,0.0
23.101,apt_walk_3_speckle,PARKED,0.0,0.0,0.0,4,0.0,3.68,0.0,0.0,0.0,0.0,0.0,0.0,0.0
23.201,apt_walk_3_speckle,PARKED,0.0,0.0,0.0,4,0.0,3.693,0.0,0.0,0.0,0.0,0.0,0.0,0.0
23.302,apt_walk_3_speckle,PARKED,0.0,0.0,0.0,4,0.0,3.693,0.0,0.0,0.0,0.0,0.0,0.0,0.0
23.402,apt_walk_3_speckle,PARKED,0.0,0.0,0.0,4,0.0,3.693,0.0,0.0,0.0,0.0,0.0,0.0,0.0
23.501,apt_walk_3_speckle,PARKED,0.0,0.0,0.0,4,0.0,3.693,0.0,0.0,0.0,0.0,0.0,0.0,0.0
23.608,apt_walk_3_speckle,PARKED,0.0,0.0,0.0,5,0.0,3.67,0.0,0.0,0.0,0.0,0.0,0.0,0.0
23.725,apt_walk_3_speckle,PARKED,0.0,0.0,0.0,4,0.0,3.671,0.0,0.0,0.0,0.0,0.0,0.0,0.0
23.846,apt_walk_3_speckle,PARKED,0.0,0.0,0.0,5,0.0,3.686,0.0,0.0,0.0,0.0,0.0,0.0,0.0
23.911,apt_walk_3_speckle,PARKED,0.0,0.0,0.0,4,0.0,3.687,0.0,0.0,0.0,0.0,0.0,0.0,0.0
24.001,apt_walk_3_speckle,PARKED,0.0,0.0,0.0,4,0.0,3.692,0.0,0.0,0.0,0.0,0.0,0.0,0.0
24.101,apt_walk_3_speckle,PARKED,0.0,0.0,0.0,4,0.0,3.692,0.0,0.0,0.0,0.0,0.0,0.0,0.0
24.201,apt_walk_3_speckle,PARKED,0.0,0.0,0.0,4,0.0,3.631,0.0,0.0,0.0,0.0,0.0,0.0,0.0
24.301,apt_walk_3_speckle,PARKED,0.0,0.0,0.0,4,0.0,3.536,0.0,0.0,0.0,0.0,0.0,0.0,0.0
24.401,apt_walk_3_speckle,PARKED,0.0,0.0,0.0,4,0.0,3.536,0.0,0.0,0.0,0.0,0.0,0.0,0.0
24.501,apt_walk_3_speckle,PARKED,0.0,0.0,0.0,3,0.0,3.38,0.0,0.0,0.0,0.0,0.0,0.0,0.0
24.63,apt_walk_3_speckle,PARKED,0.0,0.0,0.0,3,0.0,3.38,0.0,0.0,0.0,0.0,0.0,0.0,0.0
24.702,apt_walk_3_speckle,PARKED,0.0,0.0,0.0,4,0.0,3.027,0.0,0.0,0.0,0.0,0.0,0.0,0.0
24.836,apt_walk_3_speckle,PARKED,0.0,0.0,0.0,3,0.0,2.878,0.0,0.0,0.0,0.0,0.0,0.0,0.0
24.901,apt_walk_3_speckle,PARKED,0.0,0.0,0.0,3,0.0,2.878,0.0,0.0,0.0,0.0,0.0,0.0,0.0
25.001,apt_walk_3_speckle,PARKED,0.0,0.0,0.0,3,0.0,2.878,0.0,0.0,0.0,0.0,0.0,0.0,0.0
25.137,apt_walk_3_speckle,PARKED,0.0,0.0,0.0,3,0.0,2.661,0.0,0.0,0.0,0.0,0.0,0.0,0.0
25.201,apt_walk_3_speckle,PARKED,0.0,0.0,0.0,3,0.0,2.531,0.0,0.0,0.0,0.0,0.0,0.0,0.0
25.302,apt_walk_3_speckle,PARKED,0.0,0.0,0.0,3,0.0,2.531,0.0,0.0,0.0,0.0,0.0,0.0,0.0
25.401,apt_walk_3_speckle,PARKED,0.0,0.0,0.0,3,0.0,2.531,0.0,0.0,0.0,0.0,0.0,0.0,0.0
25.501,apt_walk_3_speckle,PARKED,0.0,0.0,0.0,3,0.0,2.531,0.0,0.0,0.0,0.0,0.0,0.0,0.0
25.601,apt_walk_3_speckle,PARKED,0.0,0.0,0.0,3,0.0,2.531,0.0,0.0,0.0,0.0,0.0,0.0,0.0
25.701,apt_walk_3_speckle,PARKED,0.0,0.0,0.0,3,0.0,2.071,0.0,0.0,0.0,0.0,0.0,0.0,0.0
25.801,apt_walk_3_speckle,PARKED,0.0,0.0,0.0,3,0.0,1.92,0.0,0.0,0.0,0.0,0.0,0.0,0.0
25.901,apt_walk_3_speckle,PARKED,0.0,0.0,0.0,3,0.0,1.92,0.0,0.0,0.0,0.0,0.0,0.0,0.0
26.001,apt_walk_3_speckle,PARKED,0.0,0.0,0.0,3,0.0,1.92,0.0,0.0,0.0,0.0,0.0,0.0,0.0
26.101,apt_walk_3_speckle,PARKED,0.0,0.0,0.0,3,0.0,1.92,0.0,0.0,0.0,0.0,0.0,0.0,0.0
26.233,apt_walk_3_speckle,PARKED,0.0,0.0,0.0,3,0.4243,1.743,0.0,0.0,0.0,0.0,0.0,0.0,0.0
26.301,apt_walk_3_speckle,PARKED,0.0,0.0,0.0,3,0.4243,1.743,0.0,0.0,0.0,0.0,0.0,0.0,0.0
26.401,apt_walk_3_speckle,PARKED,0.0,0.0,0.0,3,0.0,1.696,0.0,0.0,0.0,0.0,0.0,0.0,0.0
26.501,apt_walk_3_speckle,PARKED,0.0,0.0,0.0,3,0.0,1.696,0.0,0.0,0.0,0.0,0.0,0.0,0.0
26.647,apt_walk_3_speckle,PARKED,0.0,0.0,0.0,3,0.3998,1.714,0.0,0.0,0.0,0.0,0.0,0.0,0.0
26.709,apt_walk_3_speckle,PARKED,0.0,0.0,0.0,3,0.3998,1.714,0.0,0.0,0.0,0.0,0.0,0.0,0.0
26.84,apt_walk_3_speckle,PARKED,0.0,0.0,0.0,3,0.2065,1.758,0.0,0.0,0.0,0.0,0.0,0.0,0.0
26.901,apt_walk_3_speckle,PARKED,0.0,0.0,0.0,3,0.2065,1.758,0.0,0.0,0.0,0.0,0.0,0.0,0.0
27.002,apt_walk_3_speckle,PARKED,0.0,0.0,0.0,3,0.0,1.839,0.0,0.0,0.0,0.0,0.0,0.0,0.0
27.125,apt_walk_3_speckle,PARKED,0.0,0.0,0.0,3,0.0,2.085,0.0,0.0,0.0,0.0,0.0,0.0,0.0
27.201,apt_walk_3_speckle,PARKED,0.0,0.0,0.0,3,0.0,2.085,0.0,0.0,0.0,0.0,0.0,0.0,0.0
27.348,apt_walk_3_speckle,PARKED,0.0,0.0,0.0,3,0.0,2.178,0.0,0.0,0.0,0.0,0.0,0.0,0.0
27.402,apt_walk_3_speckle,PARKED,0.0,0.0,0.0,3,0.0,2.178,0.0,0.0,0.0,0.0,0.0,0.0,0.0
27.502,apt_walk_3_speckle,PARKED,0.0,0.0,0.0,3,0.0,2.178,0.0,0.0,0.0,0.0,0.0,0.0,0.0
27.608,apt_walk_3_speckle,PARKED,0.0,0.0,0.0,3,0.0,2.494,0.0,0.0,0.0,0.0,0.0,0.0,0.0
27.701,apt_walk_3_speckle,PARKED,0.0,0.0,0.0,3,0.0,2.659,0.0,0.0,0.0,0.0,0.0,0.0,0.0
27.801,apt_walk_3_speckle,PARKED,0.0,0.0,0.0,3,0.0,2.659,0.0,0.0,0.0,0.0,0.0,0.0,0.0
27.901,apt_walk_3_speckle,PARKED,0.0,0.0,0.0,3,0.0,2.659,0.0,0.0,0.0,0.0,0.0,0.0,0.0
28.001,apt_walk_3_speckle,PARKED,0.0,0.0,0.0,3,0.0,3.021,0.0,0.0,0.0,0.0,0.0,0.0,0.0
28.102,apt_walk_3_speckle,PARKED,0.0,0.0,0.0,3,0.0,3.033,0.0,0.0,0.0,0.0,0.0,0.0,0.0
28.214,apt_walk_3_speckle,PARKED,0.0,0.0,0.0,3,0.0,3.033,0.0,0.0,0.0,0.0,0.0,0.0,0.0
28.301,apt_walk_3_speckle,PARKED,0.0,0.0,0.0,3,0.0,3.033,0.0,0.0,0.0,0.0,0.0,0.0,0.0
28.416,apt_walk_3_speckle,PARKED,0.0,0.0,0.0,3,0.0,3.11,0.0,0.0,0.0,0.0,0.0,0.0,0.0
28.501,apt_walk_3_speckle,PARKED,0.0,0.0,0.0,4,0.0,3.501,0.0,0.0,0.0,0.0,0.0,0.0,0.0
28.601,apt_walk_3_speckle,PARKED,0.0,0.0,0.0,4,0.0,3.501,0.0,0.0,0.0,0.0,0.0,0.0,0.0
28.701,apt_walk_3_speckle,PARKED,0.0,0.0,0.0,4,0.0,3.501,0.0,0.0,0.0,0.0,0.0,0.0,0.0
28.801,apt_walk_3_speckle,PARKED,0.0,0.0,0.0,4,0.0,3.501,0.0,0.0,0.0,0.0,0.0,0.0,0.0
28.901,apt_walk_3_speckle,PARKED,0.0,0.0,0.0,4,0.0,3.501,0.0,0.0,0.0,0.0,0.0,0.0,0.0
29.03,apt_walk_3_speckle,PARKED,0.0,0.0,0.0,4,0.0,3.673,0.0,0.0,0.0,0.0,0.0,0.0,0.0
29.101,apt_walk_3_speckle,PARKED,0.0,0.0,0.0,4,0.0,3.673,0.0,0.0,0.0,0.0,0.0,0.0,0.0
29.201,apt_walk_3_speckle,PARKED,0.0,0.0,0.0,4,0.0,3.673,0.0,0.0,0.0,0.0,0.0,0.0,0.0
29.302,apt_walk_3_speckle,PARKED,0.0,0.0,0.0,5,0.0,3.644,0.0,0.0,0.0,0.0,0.0,0.0,0.0
29.442,apt_walk_3_speckle,PARKED,0.0,0.0,0.0,5,0.0,3.663,0.0,0.0,0.0,0.0,0.0,0.0,0.0
29.504,apt_walk_3_speckle,PARKED,0.0,0.0,0.0,5,0.0,3.662,0.0,0.0,0.0,0.0,0.0,0.0,0.0
29.644,apt_walk_3_speckle,PARKED,0.0,0.0,0.0,4,0.0,3.623,0.0,0.0,0.0,0.0,0.0,0.0,0.0
29.702,apt_walk_3_speckle,PARKED,0.0,0.0,0.0,4,0.0,3.623,0.0,0.0,0.0,0.0,0.0,0.0,0.0
29.801,apt_walk_3_speckle,PARKED,0.0,0.0,0.0,4,0.0,3.623,0.0,0.0,0.0,0.0,0.0,0.0,0.0
29.901,apt_walk_3_speckle,PARKED,0.0,0.0,0.0,4,0.0,3.715,0.0,0.0,0.0,0.0,0.0,0.0,0.0
30.001,apt_walk_3_speckle,PARKED,0.0,0.0,0.0,4,0.0,3.715,0.0,0.0,0.0,0.0,0.0,0.0,0.0
30.101,apt_walk_3_speckle,PARKED,0.0,0.0,0.0,4,0.0,3.715,0.0,0.0,0.0,0.0,0.0,0.0,0.0
30.201,apt_walk_3_speckle,PARKED,0.0,0.0,0.0,4,0.0,3.715,0.0,0.0,0.0,0.0,0.0,0.0,0.0
30.302,apt_walk_3_speckle,PARKED,0.0,0.0,0.0,4,0.0,3.705,0.0,0.0,0.0,0.0,0.0,0.0,0.0
30.401,apt_walk_3_speckle,PARKED,0.0,0.0,0.0,4,0.0,3.642,0.0,0.0,0.0,0.0,0.0,0.0,0.0
30.501,apt_walk_3_speckle,PARKED,0.0,0.0,0.0,4,0.0,3.642,0.0,0.0,0.0,0.0,0.0,0.0,0.0
30.601,apt_walk_3_speckle,PARKED,0.0,0.0,0.0,4,0.0,3.642,0.0,0.0,0.0,0.0,0.0,0.0,0.0
30.701,apt_walk_3_speckle,PARKED,0.0,0.0,0.0,4,0.0,3.642,0.0,0.0,0.0,0.0,0.0,0.0,0.0
30.801,apt_walk_3_speckle,PARKED,0.0,0.0,0.0,4,0.0,3.516,0.0,0.0,0.0,0.0,0.0,0.0,0.0
30.935,apt_walk_3_speckle,PARKED,0.0,0.0,0.0,4,0.0,3.197,0.0,0.0,0.0,0.0,0.0,0.0,0.0
31.001,apt_walk_3_speckle,PARKED,0.0,0.0,0.0,4,0.0,3.197,0.0,0.0,0.0,0.0,0.0,0.0,0.0
31.101,apt_walk_3_speckle,PARKED,0.0,0.0,0.0,4,0.0,3.197,0.0,0.0,0.0,0.0,0.0,0.0,0.0
31.206,apt_walk_3_speckle,PARKED,0.0,0.0,0.0,4,0.0,2.89,0.0,0.0,0.0,0.0,0.0,0.0,0.0
31.301,apt_walk_3_speckle,PARKED,0.0,0.0,0.0,4,0.0,2.69,0.0,0.0,0.0,0.0,0.0,0.0,0.0
31.402,apt_walk_3_speckle,PARKED,0.0,0.0,0.0,4,0.0,2.69,0.0,0.0,0.0,0.0,0.0,0.0,0.0
31.535,apt_walk_3_speckle,PARKED,0.0,0.0,0.0,4,0.0,2.424,0.0,0.0,0.0,0.0,0.0,0.0,0.0
31.601,apt_walk_3_speckle,PARKED,0.0,0.0,0.0,4,0.0,2.309,0.0,0.0,0.0,0.0,0.0,0.0,0.0
31.749,apt_walk_3_speckle,PARKED,0.0,0.0,0.0,4,0.0,2.309,0.0,0.0,0.0,0.0,0.0,0.0,0.0
31.802,apt_walk_3_speckle,PARKED,0.0,0.0,0.0,4,0.0,2.309,0.0,0.0,0.0,0.0,0.0,0.0,0.0
31.901,apt_walk_3_speckle,PARKED,0.0,0.0,0.0,4,0.0,2.309,0.0,0.0,0.0,0.0,0.0,0.0,0.0
32.033,apt_walk_3_speckle,PARKED,0.0,0.0,0.0,4,0.0,1.894,0.0,0.0,0.0,0.0,0.0,0.0,0.0
32.102,apt_walk_3_speckle,PARKED,0.0,0.0,0.0,4,0.0,1.894,0.0,0.0,0.0,0.0,0.0,0.0,0.0
32.201,apt_walk_3_speckle,PARKED,0.0,0.0,0.0,4,0.0,1.894,0.0,0.0,0.0,0.0,0.0,0.0,0.0
32.301,apt_walk_3_speckle,PARKED,0.0,0.0,0.0,4,0.0,1.82,0.0,0.0,0.0,0.0,0.0,0.0,0.0
32.401,apt_walk_3_speckle,PARKED,0.0,0.0,0.0,4,0.0,1.82,0.0,0.0,0.0,0.0,0.0,0.0,0.0
32.531,apt_walk_3_speckle,PARKED,0.0,0.0,0.0,4,0.6187,1.598,0.0,0.0,0.0,0.0,0.0,0.0,0.0
32.601,apt_walk_3_speckle,PARKED,0.0,0.0,0.0,3,0.6785,1.494,0.0,0.0,0.0,0.0,0.0,0.0,0.0
32.702,apt_walk_3_speckle,PARKED,0.0,0.0,0.0,3,0.6785,1.494,0.0,0.0,0.0,0.0,0.0,0.0,0.0
32.815,apt_walk_3_speckle,PARKED,0.0,0.0,0.0,3,0.5049,1.468,0.0,0.0,0.0,0.0,0.0,0.0,0.0
32.901,apt_walk_3_speckle,PARKED,0.0,0.0,0.0,3,0.5049,1.468,0.0,0.0,0.0,0.0,0.0,0.0,0.0
33.045,apt_walk_3_speckle,PARKED,0.0,0.0,0.0,3,0.0845,1.407,0.0,0.0,0.0,0.0,0.0,0.0,0.0
33.102,apt_walk_3_speckle,PARKED,0.0,0.0,0.0,3,0.0845,1.407,0.0,0.0,0.0,0.0,0.0,0.0,0.0
33.201,apt_walk_3_speckle,PARKED,0.0,0.0,0.0,3,0.174,1.396,0.0,0.0,0.0,0.0,0.0,0.0,0.0
33.334,apt_walk_3_speckle,PARKED,0.0,0.0,0.0,3,0.174,1.396,0.0,0.0,0.0,0.0,0.0,0.0,0.0
33.402,apt_walk_3_speckle,PARKED,0.0,0.0,0.0,3,0.0619,1.396,0.0,0.0,0.0,0.0,0.0,0.0,0.0
33.511,apt_walk_3_speckle,PARKED,0.0,0.0,0.0,3,0.3518,1.544,0.0,0.0,0.0,0.0,0.0,0.0,0.0
33.601,apt_walk_3_speckle,PARKED,0.0,0.0,0.0,3,0.3518,1.544,0.0,0.0,0.0,0.0,0.0,0.0,0.0
33.705,apt_walk_3_speckle,PARKED,0.0,0.0,0.0,3,0.7075,1.679,0.0,0.0,0.0,0.0,0.0,0.0,0.0
33.811,apt_walk_3_speckle,PARKED,0.0,0.0,0.0,3,0.351,1.873,0.0,0.0,0.0,0.0,0.0,0.0,0.0
33.901,apt_walk_3_speckle,PARKED,0.0,0.0,0.0,3,0.051,2.17,0.0,0.0,0.0,0.0,0.0,0.0,0.0
34.006,apt_walk_3_speckle,PARKED,0.0,0.0,0.0,3,0.0,2.174,0.0,0.0,0.0,0.0,0.0,0.0,0.0
34.14,apt_walk_3_speckle,PARKED,0.0,0.0,0.0,3,0.0,2.239,0.0,0.0,0.0,0.0,0.0,0.0,0.0
34.201,apt_walk_3_speckle,PARKED,0.0,0.0,0.0,3,0.0,2.239,0.0,0.0,0.0,0.0,0.0,0.0,0.0
34.341,apt_walk_3_speckle,PARKED,0.0,0.0,0.0,3,0.0,2.435,0.0,0.0,0.0,0.0,0.0,0.0,0.0
34.403,apt_walk_3_speckle,PARKED,0.0,0.0,0.0,3,0.0,2.547,0.0,0.0,0.0,0.0,0.0,0.0,0.0
34.501,apt_walk_3_speckle,PARKED,0.0,0.0,0.0,3,0.0,2.547,0.0,0.0,0.0,0.0,0.0,0.0,0.0
34.601,apt_walk_3_speckle,PARKED,0.0,0.0,0.0,3,0.0,2.547,0.0,0.0,0.0,0.0,0.0,0.0,0.0
34.741,apt_walk_3_speckle,PARKED,0.0,0.0,0.0,3,0.0,2.751,0.0,0.0,0.0,0.0,0.0,0.0,0.0
34.802,apt_walk_3_speckle,PARKED,0.0,0.0,0.0,3,0.0,2.959,0.0,0.0,0.0,0.0,0.0,0.0,0.0
34.901,apt_walk_3_speckle,PARKED,0.0,0.0,0.0,3,0.0,3.039,0.0,0.0,0.0,0.0,0.0,0.0,0.0
35.001,apt_walk_3_speckle,PARKED,0.0,0.0,0.0,3,0.0,3.039,0.0,0.0,0.0,0.0,0.0,0.0,0.0
35.101,apt_walk_3_speckle,PARKED,0.0,0.0,0.0,3,0.0,3.039,0.0,0.0,0.0,0.0,0.0,0.0,0.0
35.201,apt_walk_3_speckle,PARKED,0.0,0.0,0.0,3,0.0,3.039,0.0,0.0,0.0,0.0,0.0,0.0,0.0
35.301,apt_walk_3_speckle,PARKED,0.0,0.0,0.0,3,0.0,3.039,0.0,0.0,0.0,0.0,0.0,0.0,0.0
35.402,apt_walk_3_speckle,PARKED,0.0,0.0,0.0,3,0.0,3.623,0.0,0.0,0.0,0.0,0.0,0.0,0.0
35.501,apt_walk_3_speckle,PARKED,0.0,0.0,0.0,3,0.0,3.623,0.0,0.0,0.0,0.0,0.0,0.0,0.0
35.608,apt_walk_3_speckle,PARKED,0.0,0.0,0.0,3,0.0,3.623,0.0,0.0,0.0,0.0,0.0,0.0,0.0
35.702,apt_walk_3_speckle,PARKED,0.0,0.0,0.0,3,0.0,3.623,0.0,0.0,0.0,0.0,0.0,0.0,0.0
35.801,apt_walk_3_speckle,PARKED,0.0,0.0,0.0,3,0.0,3.713,0.0,0.0,0.0,0.0,0.0,0.0,0.0
35.901,apt_walk_3_speckle,PARKED,0.0,0.0,0.0,3,0.0,3.653,0.0,0.0,0.0,0.0,0.0,0.0,0.0
36.001,apt_walk_3_speckle,PARKED,0.0,0.0,0.0,3,0.0,3.653,0.0,0.0,0.0,0.0,0.0,0.0,0.0
36.101,apt_walk_3_speckle,PARKED,0.0,0.0,0.0,3,0.0,3.653,0.0,0.0,0.0,0.0,0.0,0.0,0.0
36.201,apt_walk_3_speckle,PARKED,0.0,0.0,0.0,3,0.0,3.653,0.0,0.0,0.0,0.0,0.0,0.0,0.0
36.301,apt_walk_3_speckle,PARKED,0.0,0.0,0.0,3,0.0,3.653,0.0,0.0,0.0,0.0,0.0,0.0,0.0
36.426,apt_walk_3_speckle,PARKED,0.0,0.0,0.0,4,0.0,3.628,0.0,0.0,0.0,0.0,0.0,0.0,0.0
36.503,apt_walk_3_speckle,PARKED,0.0,0.0,0.0,4,0.0,3.737,0.0,0.0,0.0,0.0,0.0,0.0,0.0
36.601,apt_walk_3_speckle,PARKED,0.0,0.0,0.0,4,0.0,3.737,0.0,0.0,0.0,0.0,0.0,0.0,0.0
36.704,apt_walk_3_speckle,PARKED,0.0,0.0,0.0,4,0.0,3.708,0.0,0.0,0.0,0.0,0.0,0.0,0.0
36.805,apt_walk_3_speckle,PARKED,0.0,0.0,0.0,3,0.0,3.688,0.0,0.0,0.0,0.0,0.0,0.0,0.0
36.946,apt_walk_3_speckle,PARKED,0.0,0.0,0.0,4,0.0,3.72,0.0,0.0,0.0,0.0,0.0,0.0,0.0
37.002,apt_walk_3_speckle,PARKED,0.0,0.0,0.0,4,0.0,3.72,0.0,0.0,0.0,0.0,0.0,0.0,0.0
37.114,apt_walk_3_speckle,PARKED,0.0,0.0,0.0,4,0.0,3.639,0.0,0.0,0.0,0.0,0.0,0.0,0.0
37.201,apt_walk_3_speckle,PARKED,0.0,0.0,0.0,4,0.0,3.639,0.0,0.0,0.0,0.0,0.0,0.0,0.0
37.3,apt_walk_3_speckle,PARKED,0.0,0.0,0.0,4,0.0,3.639,0.0,0.0,0.0,0.0,0.0,0.0,0.0
37.409,apt_walk_3_speckle,PARKED,0.0,0.0,0.0,4,0.0,3.326,0.0,0.0,0.0,0.0,0.0,0.0,0.0
37.501,apt_walk_3_speckle,PARKED,0.0,0.0,0.0,3,0.0,3.216,0.0,0.0,0.0,0.0,0.0,0.0,0.0
37.601,apt_walk_3_speckle,PARKED,0.0,0.0,0.0,3,0.0,3.216,0.0,0.0,0.0,0.0,0.0,0.0,0.0
37.734,apt_walk_3_speckle,PARKED,0.0,0.0,0.0,3,0.0,3.111,0.0,0.0,0.0,0.0,0.0,0.0,0.0
37.845,apt_walk_3_speckle,PARKED,0.0,0.0,0.0,3,0.0,2.874,0.0,0.0,0.0,0.0,0.0,0.0,0.0
37.906,apt_walk_3_speckle,PARKED,0.0,0.0,0.0,3,0.0,2.712,0.0,0.0,0.0,0.0,0.0,0.0,0.0
38.027,apt_walk_3_speckle,PARKED,0.0,0.0,0.0,3,0.0,2.712,0.0,0.0,0.0,0.0,0.0,0.0,0.0
38.101,apt_walk_3_speckle,PARKED,0.0,0.0,0.0,3,0.0,2.503,0.0,0.0,0.0,0.0,0.0,0.0,0.0
38.201,apt_walk_3_speckle,PARKED,0.0,0.0,0.0,3,0.0,2.503,0.0,0.0,0.0,0.0,0.0,0.0,0.0
38.301,apt_walk_3_speckle,PARKED,0.0,0.0,0.0,3,0.0,2.503,0.0,0.0,0.0,0.0,0.0,0.0,0.0
38.401,apt_walk_3_speckle,PARKED,0.0,0.0,0.0,3,0.0,2.503,0.0,0.0,0.0,0.0,0.0,0.0,0.0
38.501,apt_walk_3_speckle,PARKED,0.0,0.0,0.0,3,0.0,2.503,0.0,0.0,0.0,0.0,0.0,0.0,0.0
38.601,apt_walk_3_speckle,PARKED,0.0,0.0,0.0,3,0.0,2.503,0.0,0.0,0.0,0.0,0.0,0.0,0.0
38.701,apt_walk_3_speckle,PARKED,0.0,0.0,0.0,3,0.0,2.503,0.0,0.0,0.0,0.0,0.0,0.0,0.0
38.802,apt_walk_3_speckle,PARKED,0.0,0.0,0.0,3,0.0,1.904,0.0,0.0,0.0,0.0,0.0,0.0,0.0
38.901,apt_walk_3_speckle,PARKED,0.0,0.0,0.0,3,0.0,1.904,0.0,0.0,0.0,0.0,0.0,0.0,0.0
39.001,apt_walk_3_speckle,PARKED,0.0,0.0,0.0,3,0.0,1.904,0.0,0.0,0.0,0.0,0.0,0.0,0.0
39.101,apt_walk_3_speckle,PARKED,0.0,0.0,0.0,3,0.0,1.904,0.0,0.0,0.0,0.0,0.0,0.0,0.0
39.223,apt_walk_3_speckle,PARKED,0.0,0.0,0.0,3,0.1463,1.793,0.0,0.0,0.0,0.0,0.0,0.0,0.0
39.301,apt_walk_3_speckle,PARKED,0.0,0.0,0.0,3,0.1292,1.526,0.0,0.0,0.0,0.0,0.0,0.0,0.0
39.402,apt_walk_3_speckle,PARKED,0.0,0.0,0.0,3,0.1292,1.526,0.0,0.0,0.0,0.0,0.0,0.0,0.0
39.501,apt_walk_3_speckle,PARKED,0.0,0.0,0.0,3,0.1292,1.526,0.0,0.0,0.0,0.0,0.0,0.0,0.0
39.608,apt_walk_3_speckle,PARKED,0.0,0.0,0.0,3,0.1779,1.451,0.0,0.0,0.0,0.0,0.0,0.0,0.0
39.701,apt_walk_3_speckle,PARKED,0.0,0.0,0.0,3,0.1779,1.451,0.0,0.0,0.0,0.0,0.0,0.0,0.0
39.801,apt_walk_3_speckle,PARKED,0.0,0.0,0.0,3,0.1779,1.451,0.0,0.0,0.0,0.0,0.0,0.0,0.0
39.901,apt_walk_3_speckle,PARKED,0.0,0.0,0.0,3,0.1779,1.451,0.0,0.0,0.0,0.0,0.0,0.0,0.0
40.004,apt_walk_3_speckle,PARKED,0.0,0.0,0.0,3,0.2323,1.436,0.0,0.0,0.0,0.0,0.0,0.0,0.0
40.151,apt_walk_3_speckle,PARKED,0.0,0.0,0.0,3,0.2323,1.436,0.0,0.0,0.0,0.0,0.0,0.0,0.0
40.233,apt_walk_3_speckle,PARKED,0.0,0.0,0.0,3,0.2028,1.451,0.0,0.0,0.0,0.0,0.0,0.0,0.0
40.31,apt_walk_3_speckle,PARKED,0.0,0.0,0.0,3,0.4098,1.674,0.0,0.0,0.0,0.0,0.0,0.0,0.0
40.401,apt_walk_3_speckle,PARKED,0.0,0.0,0.0,3,0.4098,1.674,0.0,0.0,0.0,0.0,0.0,0.0,0.0
40.541,apt_walk_3_speckle,PARKED,0.0,0.0,0.0,3,0.109,1.827,0.0,0.0,0.0,0.0,0.0,0.0,0.0
40.601,apt_walk_3_speckle,PARKED,0.0,0.0,0.0,3,0.109,1.827,0.0,0.0,0.0,0.0,0.0,0.0,0.0
40.701,apt_walk_3_speckle,PARKED,0.0,0.0,0.0,3,0.0,1.988,0.0,0.0,0.0,0.0,0.0,0.0,0.0
40.801,apt_walk_3_speckle,PARKED,0.0,0.0,0.0,3,0.0,1.988,0.0,0.0,0.0,0.0,0.0,0.0,0.0
40.901,apt_walk_3_speckle,PARKED,0.0,0.0,0.0,3,0.0,1.988,0.0,0.0,0.0,0.0,0.0,0.0,0.0
41.002,apt_walk_3_speckle,PARKED,0.0,0.0,0.0,3,0.0,2.406,0.0,0.0,0.0,0.0,0.0,0.0,0.0
41.101,apt_walk_3_speckle,PARKED,0.0,0.0,0.0,3,0.0,2.406,0.0,0.0,0.0,0.0,0.0,0.0,0.0
41.201,apt_walk_3_speckle,PARKED,0.0,0.0,0.0,3,0.0,2.525,0.0,0.0,0.0,0.0,0.0,0.0,0.0
41.302,apt_walk_3_speckle,PARKED,0.0,0.0,0.0,3,0.0,2.653,0.0,0.0,0.0,0.0,0.0,0.0,0.0
41.412,apt_walk_3_speckle,PARKED,0.0,0.0,0.0,3,0.0,2.776,0.0,0.0,0.0,0.0,0.0,0.0,0.0
41.501,apt_walk_3_speckle,PARKED,0.0,0.0,0.0,3,0.0,2.776,0.0,0.0,0.0,0.0,0.0,0.0,0.0
41.601,apt_walk_3_speckle,PARKED,0.0,0.0,0.0,3,0.0,2.862,0.0,0.0,0.0,0.0,0.0,0.0,0.0
41.701,apt_walk_3_speckle,PARKED,0.0,0.0,0.0,3,0.0,2.997,0.0,0.0,0.0,0.0,0.0,0.0,0.0
41.801,apt_walk_3_speckle,PARKED,0.0,0.0,0.0,3,0.0,2.997,0.0,0.0,0.0,0.0,0.0,0.0,0.0
41.901,apt_walk_3_speckle,PARKED,0.0,0.0,0.0,3,0.0,2.997,0.0,0.0,0.0,0.0,0.0,0.0,0.0
42.001,apt_walk_3_speckle,PARKED,0.0,0.0,0.0,3,0.0,2.997,0.0,0.0,0.0,0.0,0.0,0.0,0.0
42.101,apt_walk_3_speckle,PARKED,0.0,0.0,0.0,3,0.0,3.639,0.0,0.0,0.0,0.0,0.0,0.0,0.0
42.201,apt_walk_3_speckle,PARKED,0.0,0.0,0.0,3,0.0,3.689,0.0,0.0,0.0,0.0,0.0,0.0,0.0
42.329,apt_walk_3_speckle,PARKED,0.0,0.0,0.0,3,0.0,3.689,0.0,0.0,0.0,0.0,0.0,0.0,0.0
42.428,apt_walk_3_speckle,PARKED,0.0,0.0,0.0,3,0.0,3.682,0.0,0.0,0.0,0.0,0.0,0.0,0.0
42.501,apt_walk_3_speckle,PARKED,0.0,0.0,0.0,3,0.0,3.685,0.0,0.0,0.0,0.0,0.0,0.0,0.0
42.64,apt_walk_3_speckle,PARKED,0.0,0.0,0.0,3,0.0,3.685,0.0,0.0,0.0,0.0,0.0,0.0,0.0
42.701,apt_walk_3_speckle,PARKED,0.0,0.0,0.0,3,0.0,3.685,0.0,0.0,0.0,0.0,0.0,0.0,0.0
42.801,apt_walk_3_speckle,PARKED,0.0,0.0,0.0,3,0.0,3.685,0.0,0.0,0.0,0.0,0.0,0.0,0.0
42.901,apt_walk_3_speckle,PARKED,0.0,0.0,0.0,3,0.0,3.718,0.0,0.0,0.0,0.0,0.0,0.0,0.0
43.002,apt_walk_3_speckle,PARKED,0.0,0.0,0.0,3,0.0,3.718,0.0,0.0,0.0,0.0,0.0,0.0,0.0
43.101,apt_walk_3_speckle,PARKED,0.0,0.0,0.0,4,0.0,3.655,0.0,0.0,0.0,0.0,0.0,0.0,0.0
43.201,apt_walk_3_speckle,PARKED,0.0,0.0,0.0,4,0.0,3.655,0.0,0.0,0.0,0.0,0.0,0.0,0.0
43.325,apt_walk_3_speckle,PARKED,0.0,0.0,0.0,4,0.0,3.75,0.0,0.0,0.0,0.0,0.0,0.0,0.0
43.401,apt_walk_3_speckle,PARKED,0.0,0.0,0.0,4,0.0,3.698,0.0,0.0,0.0,0.0,0.0,0.0,0.0
43.548,apt_walk_3_speckle,PARKED,0.0,0.0,0.0,4,0.0,3.698,0.0,0.0,0.0,0.0,0.0,0.0,0.0
43.602,apt_walk_3_speckle,PARKED,0.0,0.0,0.0,4,0.0,3.698,0.0,0.0,0.0,0.0,0.0,0.0,0.0
43.701,apt_walk_3_speckle,PARKED,0.0,0.0,0.0,4,0.0,3.698,0.0,0.0,0.0,0.0,0.0,0.0,0.0
43.801,apt_walk_3_speckle,PARKED,0.0,0.0,0.0,4,0.0,3.687,0.0,0.0,0.0,0.0,0.0,0.0,0.0
43.908,apt_walk_3_speckle,PARKED,0.0,0.0,0.0,4,0.0,3.653,0.0,0.0,0.0,0.0,0.0,0.0,0.0
44.001,apt_walk_3_speckle,PARKED,0.0,0.0,0.0,4,0.0,3.653,0.0,0.0,0.0,0.0,0.0,0.0,0.0
44.127,apt_walk_3_speckle,PARKED,0.0,0.0,0.0,4,0.0,3.653,0.0,0.0,0.0,0.0,0.0,0.0,0.0
44.202,apt_walk_3_speckle,PARKED,0.0,0.0,0.0,4,0.0,3.653,0.0,0.0,0.0,0.0,0.0,0.0,0.0
44.348,apt_walk_3_speckle,PARKED,0.0,0.0,0.0,4,0.0,3.492,0.0,0.0,0.0,0.0,0.0,0.0,0.0
44.403,apt_walk_3_speckle,PARKED,0.0,0.0,0.0,4,0.0,3.492,0.0,0.0,0.0,0.0,0.0,0.0,0.0
44.501,apt_walk_3_speckle,PARKED,0.0,0.0,0.0,4,0.0,3.492,0.0,0.0,0.0,0.0,0.0,0.0,0.0
44.624,apt_walk_3_speckle,PARKED,0.0,0.0,0.0,3,0.0,3.217,0.0,0.0,0.0,0.0,0.0,0.0,0.0
44.702,apt_walk_3_speckle,PARKED,0.0,0.0,0.0,3,0.0,2.84,0.0,0.0,0.0,0.0,0.0,0.0,0.0
44.801,apt_walk_3_speckle,PARKED,0.0,0.0,0.0,3,0.0,2.84,0.0,0.0,0.0,0.0,0.0,0.0,0.0
44.901,apt_walk_3_speckle,PARKED,0.0,0.0,0.0,3,0.0,2.84,0.0,0.0,0.0,0.0,0.0,0.0,0.0
45.001,apt_walk_3_speckle,PARKED,0.0,0.0,0.0,3,0.0,2.84,0.0,0.0,0.0,0.0,0.0,0.0,0.0
45.101,apt_walk_3_speckle,PARKED,0.0,0.0,0.0,3,0.0,2.84,0.0,0.0,0.0,0.0,0.0,0.0,0.0
45.249,apt_walk_3_speckle,PARKED,0.0,0.0,0.0,3,0.0,2.358,0.0,0.0,0.0,0.0,0.0,0.0,0.0
45.322,apt_walk_3_speckle,PARKED,0.0,0.0,0.0,3,0.0,2.264,0.0,0.0,0.0,0.0,0.0,0.0,0.0
45.401,apt_walk_3_speckle,PARKED,0.0,0.0,0.0,3,0.0,2.264,0.0,0.0,0.0,0.0,0.0,0.0,0.0
45.502,apt_walk_3_speckle,PARKED,0.0,0.0,0.0,3,0.0,2.184,0.0,0.0,0.0,0.0,0.0,0.0,0.0
45.601,apt_walk_3_speckle,PARKED,0.0,0.0,0.0,3,0.0,2.184,0.0,0.0,0.0,0.0,0.0,0.0,0.0
45.749,apt_walk_3_speckle,PARKED,0.0,0.0,0.0,3,0.0,2.141,0.0,0.0,0.0,0.0,0.0,0.0,0.0
45.81,apt_walk_3_speckle,PARKED,0.0,0.0,0.0,3,0.0,1.841,0.0,0.0,0.0,0.0,0.0,0.0,0.0
45.901,apt_walk_3_speckle,PARKED,0.0,0.0,0.0,3,0.0,1.841,0.0,0.0,0.0,0.0,0.0,0.0,0.0
46.001,apt_walk_3_speckle,PARKED,0.0,0.0,0.0,3,0.0,1.841,0.0,0.0,0.0,0.0,0.0,0.0,0.0
46.101,apt_walk_3_speckle,PARKED,0.0,0.0,0.0,3,0.0,1.841,0.0,0.0,0.0,0.0,0.0,0.0,0.0
46.201,apt_walk_3_speckle,PARKED,0.0,0.0,0.0,3,0.3165,1.487,0.0,0.0,0.0,0.0,0.0,0.0,0.0
46.335,apt_walk_3_speckle,PARKED,0.0,0.0,0.0,3,0.0598,1.387,0.0,0.0,0.0,0.0,0.0,0.0,0.0
46.402,apt_walk_3_speckle,PARKED,0.0,0.0,0.0,3,0.0598,1.387,0.0,0.0,0.0,0.0,0.0,0.0,0.0
46.502,apt_walk_3_speckle,PARKED,0.0,0.0,0.0,3,0.0598,1.387,0.0,0.0,0.0,0.0,0.0,0.0,0.0
46.602,apt_walk_3_speckle,PARKED,0.0,0.0,0.0,3,0.2708,1.369,0.0,0.0,0.0,0.0,0.0,0.0,0.0
46.75,apt_walk_3_speckle,PARKED,0.0,0.0,0.0,3,0.265,1.318,0.0,0.0,0.0,0.0,0.0,0.0,0.0
46.801,apt_walk_3_speckle,PARKED,0.0,0.0,0.0,3,0.265,1.318,0.0,0.0,0.0,0.0,0.0,0.0,0.0
46.902,apt_walk_3_speckle,PARKED,0.0,0.0,0.0,3,0.265,1.318,0.0,0.0,0.0,0.0,0.0,0.0,0.0
47.025,apt_walk_3_speckle,PARKED,0.0,0.0,0.0,3,0.2893,1.335,0.0,0.0,0.0,0.0,0.0,0.0,0.0
47.101,apt_walk_3_speckle,PARKED,0.0,0.0,0.0,3,0.2893,1.335,0.0,0.0,0.0,0.0,0.0,0.0,0.0
47.237,apt_walk_3_speckle,PARKED,0.0,0.0,0.0,3,0.5897,1.628,0.0,0.0,0.0,0.0,0.0,0.0,0.0
47.301,apt_walk_3_speckle,PARKED,0.0,0.0,0.0,3,0.5897,1.628,0.0,0.0,0.0,0.0,0.0,0.0,0.0
47.401,apt_walk_3_speckle,PARKED,0.0,0.0,0.0,3,0.5897,1.628,0.0,0.0,0.0,0.0,0.0,0.0,0.0
47.55,apt_walk_3_speckle,PARKED,0.0,0.0,0.0,3,0.578,1.966,0.0,0.0,0.0,0.0,0.0,0.0,0.0
47.631,apt_walk_3_speckle,PARKED,0.0,0.0,0.0,3,0.578,1.966,0.0,0.0,0.0,0.0,0.0,0.0,0.0
47.701,apt_walk_3_speckle,PARKED,0.0,0.0,0.0,3,0.278,2.107,0.0,0.0,0.0,0.0,0.0,0.0,0.0
47.802,apt_walk_3_speckle,PARKED,0.0,0.0,0.0,3,0.278,2.107,0.0,0.0,0.0,0.0,0.0,0.0,0.0
47.901,apt_walk_3_speckle,PARKED,0.0,0.0,0.0,3,0.278,2.107,0.0,0.0,0.0,0.0,0.0,0.0,0.0
48.027,apt_walk_3_speckle,PARKED,0.0,0.0,0.0,3,0.0,2.389,0.0,0.0,0.0,0.0,0.0,0.0,0.0
48.101,apt_walk_3_speckle,PARKED,0.0,0.0,0.0,3,0.0,2.389,0.0,0.0,0.0,0.0,0.0,0.0,0.0
48.202,apt_walk_3_speckle,PARKED,0.0,0.0,0.0,3,0.0,2.526,0.0,0.0,0.0,0.0,0.0,0.0,0.0
48.312,apt_walk_3_speckle,PARKED,0.0,0.0,0.0,3,0.0,2.626,0.0,0.0,0.0,0.0,0.0,0.0,0.0
48.401,apt_walk_3_speckle,PARKED,0.0,0.0,0.0,3,0.0,2.626,0.0,0.0,0.0,0.0,0.0,0.0,0.0
48.55,apt_walk_3_speckle,PARKED,0.0,0.0,0.0,3,0.0,2.869,0.0,0.0,0.0,0.0,0.0,0.0,0.0
48.616,apt_walk_3_speckle,PARKED,0.0,0.0,0.0,3,0.0,3.002,0.0,0.0,0.0,0.0,0.0,0.0,0.0
48.701,apt_walk_3_speckle,PARKED,0.0,0.0,0.0,3,0.0,3.002,0.0,0.0,0.0,0.0,0.0,0.0,0.0
48.801,apt_walk_3_speckle,PARKED,0.0,0.0,0.0,3,0.0,3.161,0.0,0.0,0.0,0.0,0.0,0.0,0.0
48.901,apt_walk_3_speckle,PARKED,0.0,0.0,0.0,3,0.0,3.161,0.0,0.0,0.0,0.0,0.0,0.0,0.0
49.001,apt_walk_3_speckle,PARKED,0.0,0.0,0.0,3,0.0,3.226,0.0,0.0,0.0,0.0,0.0,0.0,0.0
49.101,apt_walk_3_speckle,PARKED,0.0,0.0,0.0,3,0.0,3.482,0.0,0.0,0.0,0.0,0.0,0.0,0.0
49.201,apt_walk_3_speckle,PARKED,0.0,0.0,0.0,3,0.0,3.482,0.0,0.0,0.0,0.0,0.0,0.0,0.0
49.301,apt_walk_3_speckle,PARKED,0.0,0.0,0.0,3,0.0,3.482,0.0,0.0,0.0,0.0,0.0,0.0,0.0
49.402,apt_walk_3_speckle,PARKED,0.0,0.0,0.0,3,0.0,3.482,0.0,0.0,0.0,0.0,0.0,0.0,0.0
49.501,apt_walk_3_speckle,PARKED,0.0,0.0,0.0,4,0.0,3.722,0.0,0.0,0.0,0.0,0.0,0.0,0.0
49.601,apt_walk_3_speckle,PARKED,0.0,0.0,0.0,4,0.0,3.722,0.0,0.0,0.0,0.0,0.0,0.0,0.0
49.701,apt_walk_3_speckle,PARKED,0.0,0.0,0.0,4,0.0,3.725,0.0,0.0,0.0,0.0,0.0,0.0,0.0
49.801,apt_walk_3_speckle,PARKED,0.0,0.0,0.0,4,0.0,3.725,0.0,0.0,0.0,0.0,0.0,0.0,0.0
49.914,apt_walk_3_speckle,PARKED,0.0,0.0,0.0,5,0.0,3.716,0.0,0.0,0.0,0.0,0.0,0.0,0.0
50.047,apt_walk_3_speckle,PARKED,0.0,0.0,0.0,5,0.0,3.65,0.0,0.0,0.0,0.0,0.0,0.0,0.0
50.101,apt_walk_3_speckle,PARKED,0.0,0.0,0.0,5,0.0,3.65,0.0,0.0,0.0,0.0,0.0,0.0,0.0
50.202,apt_walk_3_speckle,PARKED,0.0,0.0,0.0,5,0.0,3.65,0.0,0.0,0.0,0.0,0.0,0.0,0.0
50.301,apt_walk_3_speckle,PARKED,0.0,0.0,0.0,5,0.0,3.65,0.0,0.0,0.0,0.0,0.0,0.0,0.0
50.401,apt_walk_3_speckle,PARKED,0.0,0.0,0.0,4,0.0,3.755,0.0,0.0,0.0,0.0,0.0,0.0,0.0
50.501,apt_walk_3_speckle,PARKED,0.0,0.0,0.0,4,0.0,3.755,0.0,0.0,0.0,0.0,0.0,0.0,0.0
50.601,apt_walk_3_speckle,PARKED,0.0,0.0,0.0,4,0.0,3.755,0.0,0.0,0.0,0.0,0.0,0.0,0.0
50.707,apt_walk_3_speckle,PARKED,0.0,0.0,0.0,4,0.0,3.755,0.0,0.0,0.0,0.0,0.0,0.0,0.0
50.801,apt_walk_3_speckle,PARKED,0.0,0.0,0.0,4,0.0,3.755,0.0,0.0,0.0,0.0,0.0,0.0,0.0
50.904,apt_walk_3_speckle,PARKED,0.0,0.0,0.0,5,0.0,3.711,0.0,0.0,0.0,0.0,0.0,0.0,0.0
51.001,apt_walk_3_speckle,PARKED,0.0,0.0,0.0,4,0.0,3.688,0.0,0.0,0.0,0.0,0.0,0.0,0.0
51.102,apt_walk_3_speckle,PARKED,0.0,0.0,0.0,5,0.0,3.679,0.0,0.0,0.0,0.0,0.0,0.0,0.0
51.201,apt_walk_3_speckle,PARKED,0.0,0.0,0.0,5,0.0,3.679,0.0,0.0,0.0,0.0,0.0,0.0,0.0
51.303,apt_walk_3_speckle,PARKED,0.0,0.0,0.0,4,0.0,3.641,0.0,0.0,0.0,0.0,0.0,0.0,0.0
51.401,apt_walk_3_speckle,PARKED,0.0,0.0,0.0,4,0.0,3.641,0.0,0.0,0.0,0.0,0.0,0.0,0.0
51.535,apt_walk_3_speckle,PARKED,0.0,0.0,0.0,5,0.0,3.131,0.0,0.0,0.0,0.0,0.0,0.0,0.0
51.607,apt_walk_3_speckle,PARKED,0.0,0.0,0.0,5,0.0,3.131,0.0,0.0,0.0,0.0,0.0,0.0,0.0
51.701,apt_walk_3_speckle,PARKED,0.0,0.0,0.0,5,0.0,3.131,0.0,0.0,0.0,0.0,0.0,0.0,0.0
51.802,apt_walk_3_speckle,PARKED,0.0,0.0,0.0,5,0.0,3.131,0.0,0.0,0.0,0.0,0.0,0.0,0.0
51.912,apt_walk_3_speckle,PARKED,0.0,0.0,0.0,4,0.0,3.093,0.0,0.0,0.0,0.0,0.0,0.0,0.0
52.045,apt_walk_3_speckle,PARKED,0.0,0.0,0.0,4,0.0,2.889,0.0,0.0,0.0,0.0,0.0,0.0,0.0
52.101,apt_walk_3_speckle,PARKED,0.0,0.0,0.0,4,0.0,2.889,0.0,0.0,0.0,0.0,0.0,0.0,0.0
52.201,apt_walk_3_speckle,PARKED,0.0,0.0,0.0,4,0.0,2.87,0.0,0.0,0.0,0.0,0.0,0.0,0.0
52.301,apt_walk_3_speckle,PARKED,0.0,0.0,0.0,4,0.0,2.87,0.0,0.0,0.0,0.0,0.0,0.0,0.0
52.401,apt_walk_3_speckle,PARKED,0.0,0.0,0.0,4,0.0,2.72,0.0,0.0,0.0,0.0,0.0,0.0,0.0
52.501,apt_walk_3_speckle,PARKED,0.0,0.0,0.0,3,0.0,2.315,0.0,0.0,0.0,0.0,0.0,0.0,0.0
52.628,apt_walk_3_speckle,PARKED,0.0,0.0,0.0,3,0.0,2.182,0.0,0.0,0.0,0.0,0.0,0.0,0.0
52.701,apt_walk_3_speckle,PARKED,0.0,0.0,0.0,3,0.0,2.14,0.0,0.0,0.0,0.0,0.0,0.0,0.0
52.836,apt_walk_3_speckle,PARKED,0.0,0.0,0.0,3,0.0,2.14,0.0,0.0,0.0,0.0,0.0,0.0,0.0
52.908,apt_walk_3_speckle,PARKED,0.0,0.0,0.0,3,0.0,1.93,0.0,0.0,0.0,0.0,0.0,0.0,0.0
53.002,apt_walk_3_speckle,PARKED,0.0,0.0,0.0,3,0.0,1.826,0.0,0.0,0.0,0.0,0.0,0.0,0.0
53.101,apt_walk_3_speckle,PARKED,0.0,0.0,0.0,3,0.0,1.826,0.0,0.0,0.0,0.0,0.0,0.0,0.0
53.219,apt_walk_3_speckle,PARKED,0.0,0.0,0.0,3,0.327,1.741,0.0,0.0,0.0,0.0,0.0,0.0,0.0
53.301,apt_walk_3_speckle,PARKED,0.0,0.0,0.0,3,0.327,1.741,0.0,0.0,0.0,0.0,0.0,0.0,0.0
53.401,apt_walk_3_speckle,PARKED,0.0,0.0,0.0,3,0.327,1.741,0.0,0.0,0.0,0.0,0.0,0.0,0.0
53.501,apt_walk_3_speckle,PARKED,0.0,0.0,0.0,3,0.327,1.741,0.0,0.0,0.0,0.0,0.0,0.0,0.0
53.601,apt_walk_3_speckle,PARKED,0.0,0.0,0.0,3,0.3065,1.514,0.0,0.0,0.0,0.0,0.0,0.0,0.0
53.722,apt_walk_3_speckle,PARKED,0.0,0.0,0.0,3,0.3065,1.317,0.0,0.0,0.0,0.0,0.0,0.0,0.0
53.801,apt_walk_3_speckle,PARKED,0.0,0.0,0.0,3,0.165,1.284,0.0,0.0,0.0,0.0,0.0,0.0,0.0
53.93,apt_walk_3_speckle,PARKED,0.0,0.0,0.0,3,0.3378,1.28,0.0,0.0,0.0,0.0,0.0,0.0,0.0
54.001,apt_walk_3_speckle,PARKED,0.0,0.0,0.0,3,0.3378,1.28,0.0,0.0,0.0,0.0,0.0,0.0,0.0
54.102,apt_walk_3_speckle,PARKED,0.0,0.0,0.0,3,0.3378,1.28,0.0,0.0,0.0,0.0,0.0,0.0,0.0
54.231,apt_walk_3_speckle,PARKED,0.0,0.0,0.0,3,0.4252,1.298,0.0,0.0,0.0,0.0,0.0,0.0,0.0
54.304,apt_walk_3_speckle,PARKED,0.0,0.0,0.0,3,0.7361,1.426,0.0,0.0,0.0,0.0,0.0,0.0,0.0
54.401,apt_walk_3_speckle,PARKED,0.0,0.0,0.0,3,0.7361,1.426,0.0,0.0,0.0,0.0,0.0,0.0,0.0
54.501,apt_walk_3_speckle,PARKED,0.0,0.0,0.0,3,0.7361,1.426,0.0,0.0,0.0,0.0,0.0,0.0,0.0
54.601,apt_walk_3_speckle,PARKED,0.0,0.0,0.0,3,0.7361,1.426,0.0,0.0,0.0,0.0,0.0,0.0,0.0
54.701,apt_walk_3_speckle,PARKED,0.0,0.0,0.0,3,0.7361,1.426,0.0,0.0,0.0,0.0,0.0,0.0,0.0
54.843,apt_walk_3_speckle,PARKED,0.0,0.0,0.0,3,0.136,2.037,0.0,0.0,0.0,0.0,0.0,0.0,0.0
54.911,apt_walk_3_speckle,PARKED,0.0,0.0,0.0,3,0.136,2.037,0.0,0.0,0.0,0.0,0.0,0.0,0.0
55.001,apt_walk_3_speckle,PARKED,0.0,0.0,0.0,3,0.136,2.037,0.0,0.0,0.0,0.0,0.0,0.0,0.0
55.101,apt_walk_3_speckle,PARKED,0.0,0.0,0.0,3,0.136,2.037,0.0,0.0,0.0,0.0,0.0,0.0,0.0
55.217,apt_walk_3_speckle,PARKED,0.0,0.0,0.0,3,0.0,2.142,0.0,0.0,0.0,0.0,0.0,0.0,0.0
55.301,apt_walk_3_speckle,PARKED,0.0,0.0,0.0,3,0.0,2.414,0.0,0.0,0.0,0.0,0.0,0.0,0.0
55.401,apt_walk_3_speckle,PARKED,0.0,0.0,0.0,3,0.0,2.414,0.0,0.0,0.0,0.0,0.0,0.0,0.0
55.532,apt_walk_3_speckle,PARKED,0.0,0.0,0.0,3,0.0,2.588,0.0,0.0,0.0,0.0,0.0,0.0,0.0
55.601,apt_walk_3_speckle,PARKED,0.0,0.0,0.0,3,0.0,2.588,0.0,0.0,0.0,0.0,0.0,0.0,0.0
55.701,apt_walk_3_speckle,PARKED,0.0,0.0,0.0,3,0.0,2.588,0.0,0.0,0.0,0.0,0.0,0.0,0.0
55.836,apt_walk_3_speckle,PARKED,0.0,0.0,0.0,4,0.0,2.964,0.0,0.0,0.0,0.0,0.0,0.0,0.0
55.902,apt_walk_3_speckle,PARKED,0.0,0.0,0.0,4,0.0,3.028,0.0,0.0,0.0,0.0,0.0,0.0,0.0
56.033,apt_walk_3_speckle,PARKED,0.0,0.0,0.0,4,0.0,3.028,0.0,0.0,0.0,0.0,0.0,0.0,0.0
56.102,apt_walk_3_speckle,PARKED,0.0,0.0,0.0,4,0.0,3.028,0.0,0.0,0.0,0.0,0.0,0.0,0.0
56.201,apt_walk_3_speckle,PARKED,0.0,0.0,0.0,4,0.0,3.028,0.0,0.0,0.0,0.0,0.0,0.0,0.0
56.301,apt_walk_3_speckle,PARKED,0.0,0.0,0.0,4,0.0,3.437,0.0,0.0,0.0,0.0,0.0,0.0,0.0
56.401,apt_walk_3_speckle,PARKED,0.0,0.0,0.0,4,0.0,3.437,0.0,0.0,0.0,0.0,0.0,0.0,0.0
56.502,apt_walk_3_speckle,PARKED,0.0,0.0,0.0,4,0.0,3.437,0.0,0.0,0.0,0.0,0.0,0.0,0.0
56.601,apt_walk_3_speckle,PARKED,0.0,0.0,0.0,4,0.0,3.437,0.0,0.0,0.0,0.0,0.0,0.0,0.0
56.701,apt_walk_3_speckle,PARKED,0.0,0.0,0.0,4,0.0,3.677,0.0,0.0,0.0,0.0,0.0,0.0,0.0
56.82,apt_walk_3_speckle,PARKED,0.0,0.0,0.0,4,0.0,3.73,0.0,0.0,0.0,0.0,0.0,0.0,0.0
56.901,apt_walk_3_speckle,PARKED,0.0,0.0,0.0,4,0.0,3.73,0.0,0.0,0.0,0.0,0.0,0.0,0.0
57.001,apt_walk_3_speckle,PARKED,0.0,0.0,0.0,4,0.0,3.73,0.0,0.0,0.0,0.0,0.0,0.0,0.0
57.133,apt_walk_3_speckle,PARKED,0.0,0.0,0.0,4,0.0,3.683,0.0,0.0,0.0,0.0,0.0,0.0,0.0
57.209,apt_walk_3_speckle,PARKED,0.0,0.0,0.0,4,0.0,3.751,0.0,0.0,0.0,0.0,0.0,0.0,0.0
57.301,apt_walk_3_speckle,PARKED,0.0,0.0,0.0,5,0.0,3.775,0.0,0.0,0.0,0.0,0.0,0.0,0.0
57.412,apt_walk_3_speckle,PARKED,0.0,0.0,0.0,5,0.0,3.775,0.0,0.0,0.0,0.0,0.0,0.0,0.0
57.502,apt_walk_3_speckle,PARKED,0.0,0.0,0.0,5,0.0,3.775,0.0,0.0,0.0,0.0,0.0,0.0,0.0
57.601,apt_walk_3_speckle,PARKED,0.0,0.0,0.0,5,0.0,3.775,0.0,0.0,0.0,0.0,0.0,0.0,0.0
57.702,apt_walk_3_speckle,PARKED,0.0,0.0,0.0,4,0.0,3.725,0.0,0.0,0.0,0.0,0.0,0.0,0.0
57.801,apt_walk_3_speckle,PARKED,0.0,0.0,0.0,4,0.0,3.725,0.0,0.0,0.0,0.0,0.0,0.0,0.0
57.901,apt_walk_3_speckle,PARKED,0.0,0.0,0.0,4,0.0,3.725,0.0,0.0,0.0,0.0,0.0,0.0,0.0
58.014,apt_walk_3_speckle,PARKED,0.0,0.0,0.0,4,0.0,3.727,0.0,0.0,0.0,0.0,0.0,0.0,0.0
58.148,apt_walk_3_speckle,PARKED,0.0,0.0,0.0,4,0.0,3.514,0.0,0.0,0.0,0.0,0.0,0.0,0.0
58.221,apt_walk_3_speckle,PARKED,0.0,0.0,0.0,4,0.0,3.514,0.0,0.0,0.0,0.0,0.0,0.0,0.0
58.301,apt_walk_3_speckle,PARKED,0.0,0.0,0.0,4,0.0,3.514,0.0,0.0,0.0,0.0,0.0,0.0,0.0
58.401,apt_walk_3_speckle,PARKED,0.0,0.0,0.0,4,0.0,3.514,0.0,0.0,0.0,0.0,0.0,0.0,0.0
58.543,apt_walk_3_speckle,PARKED,0.0,0.0,0.0,4,0.0,3.514,0.0,0.0,0.0,0.0,0.0,0.0,0.0
58.606,apt_walk_3_speckle,PARKED,0.0,0.0,0.0,4,0.0,3.426,0.0,0.0,0.0,0.0,0.0,0.0,0.0
58.706,apt_walk_3_speckle,PARKED,0.0,0.0,0.0,4,0.0,3.105,0.0,0.0,0.0,0.0,0.0,0.0,0.0
58.801,apt_walk_3_speckle,PARKED,0.0,0.0,0.0,4,0.0,3.105,0.0,0.0,0.0,0.0,0.0,0.0,0.0
58.901,apt_walk_3_speckle,PARKED,0.0,0.0,0.0,4,0.0,3.105,0.0,0.0,0.0,0.0,0.0,0.0,0.0
59.0,apt_walk_3_speckle,PARKED,0.0,0.0,0.0,4,0.0,3.105,0.0,0.0,0.0,0.0,0.0,0.0,0.0
59.117,apt_walk_3_speckle,PARKED,0.0,0.0,0.0,4,0.0,2.337,0.0,0.0,0.0,0.0,0.0,0.0,0.0
59.202,apt_walk_3_speckle,PARKED,0.0,0.0,0.0,4,0.0,2.337,0.0,0.0,0.0,0.0,0.0,0.0,0.0
59.301,apt_walk_3_speckle,PARKED,0.0,0.0,0.0,4,0.0,2.337,0.0,0.0,0.0,0.0,0.0,0.0,0.0
59.401,apt_walk_3_speckle,PARKED,0.0,0.0,0.0,4,0.0,2.337,0.0,0.0,0.0,0.0,0.0,0.0,0.0
59.5,apt_walk_3_speckle,PARKED,0.0,0.0,0.0,4,0.0,2.337,0.0,0.0,0.0,0.0,0.0,0.0,0.0
59.601,apt_walk_3_speckle,PARKED,0.0,0.0,0.0,4,0.0,2.337,0.0,0.0,0.0,0.0,0.0,0.0,0.0
59.701,apt_walk_3_speckle,PARKED,0.0,0.0,0.0,4,0.0,2.337,0.0,0.0,0.0,0.0,0.0,0.0,0.0
59.802,apt_walk_3_speckle,PARKED,0.0,0.0,0.0,4,0.0,2.297,0.0,0.0,0.0,0.0,0.0,0.0,0.0
59.901,apt_walk_3_speckle,PARKED,0.0,0.0,0.0,4,0.0,2.297,0.0,0.0,0.0,0.0,0.0,0.0,0.0
60.001,apt_walk_3_speckle,PARKED,0.0,0.0,0.0,4,0.4243,1.727,0.0,0.0,0.0,0.0,0.0,0.0,0.0
60.147,apt_walk_3_speckle,PARKED,0.0,0.0,0.0,4,0.4243,1.521,0.0,0.0,0.0,0.0,0.0,0.0,0.0
60.202,apt_walk_3_speckle,PARKED,0.0,0.0,0.0,4,0.4243,1.521,0.0,0.0,0.0,0.0,0.0,0.0,0.0
60.326,apt_walk_3_speckle,PARKED,0.0,0.0,0.0,4,0.4243,1.521,0.0,0.0,0.0,0.0,0.0,0.0,0.0
60.422,apt_walk_3_speckle,PARKED,0.0,0.0,0.0,4,0.0,1.475,0.0,0.0,0.0,0.0,0.0,0.0,0.0
60.501,apt_walk_3_speckle,PARKED,0.0,0.0,0.0,3,0.3617,1.4,0.0,0.0,0.0,0.0,0.0,0.0,0.0
60.601,apt_walk_3_speckle,PARKED,0.0,0.0,0.0,3,0.3617,1.4,0.0,0.0,0.0,0.0,0.0,0.0,0.0
60.722,apt_walk_3_speckle,PARKED,0.0,0.0,0.0,3,0.098,1.377,0.0,0.0,0.0,0.0,0.0,0.0,0.0
60.801,apt_walk_3_speckle,PARKED,0.0,0.0,0.0,3,0.098,1.377,0.0,0.0,0.0,0.0,0.0,0.0,0.0
60.9,apt_walk_3_speckle,PARKED,0.0,0.0,0.0,3,0.3472,1.381,0.0,0.0,0.0,0.0,0.0,0.0,0.0
61.018,apt_walk_3_speckle,PARKED,0.0,0.0,0.0,3,0.5883,1.435,0.0,0.0,0.0,0.0,0.0,0.0,0.0
61.101,apt_walk_3_speckle,PARKED,0.0,0.0,0.0,3,0.5883,1.435,0.0,0.0,0.0,0.0,0.0,0.0,0.0
61.201,apt_walk_3_speckle,PARKED,0.0,0.0,0.0,3,0.5883,1.435,0.0,0.0,0.0,0.0,0.0,0.0,0.0
61.301,apt_walk_3_speckle,PARKED,0.0,0.0,0.0,3,0.5883,1.435,0.0,0.0,0.0,0.0,0.0,0.0,0.0
61.401,apt_walk_3_speckle,PARKED,0.0,0.0,0.0,3,0.7136,1.509,0.0,0.0,0.0,0.0,0.0,0.0,0.0
61.525,apt_walk_3_speckle,PARKED,0.0,0.0,0.0,3,0.113,1.924,0.0,0.0,0.0,0.0,0.0,0.0,0.0
61.601,apt_walk_3_speckle,PARKED,0.0,0.0,0.0,3,0.113,1.924,0.0,0.0,0.0,0.0,0.0,0.0,0.0
61.714,apt_walk_3_speckle,PARKED,0.0,0.0,0.0,3,0.113,1.924,0.0,0.0,0.0,0.0,0.0,0.0,0.0
61.839,apt_walk_3_speckle,PARKED,0.0,0.0,0.0,3,0.0,2.026,0.0,0.0,0.0,0.0,0.0,0.0,0.0
61.901,apt_walk_3_speckle,PARKED,0.0,0.0,0.0,3,0.0,2.026,0.0,0.0,0.0,0.0,0.0,0.0,0.0
62.001,apt_walk_3_speckle,PARKED,0.0,0.0,0.0,3,0.0,2.026,0.0,0.0,0.0,0.0,0.0,0.0,0.0
62.101,apt_walk_3_speckle,PARKED,0.0,0.0,0.0,3,0.0,2.437,0.0,0.0,0.0,0.0,0.0,0.0,0.0
62.235,apt_walk_3_speckle,PARKED,0.0,0.0,0.0,3,0.0,2.621,0.0,0.0,0.0,0.0,0.0,0.0,0.0
62.301,apt_walk_3_speckle,PARKED,0.0,0.0,0.0,3,0.0,2.621,0.0,0.0,0.0,0.0,0.0,0.0,0.0
62.401,apt_walk_3_speckle,PARKED,0.0,0.0,0.0,3,0.0,2.621,0.0,0.0,0.0,0.0,0.0,0.0,0.0
62.501,apt_walk_3_speckle,PARKED,0.0,0.0,0.0,3,0.0,2.743,0.0,0.0,0.0,0.0,0.0,0.0,0.0
62.601,apt_walk_3_speckle,PARKED,0.0,0.0,0.0,3,0.0,2.743,0.0,0.0,0.0,0.0,0.0,0.0,0.0
62.701,apt_walk_3_speckle,PARKED,0.0,0.0,0.0,3,0.0,2.926,0.0,0.0,0.0,0.0,0.0,0.0,0.0
62.834,apt_walk_3_speckle,PARKED,0.0,0.0,0.0,3,0.0,3.5,0.0,0.0,0.0,0.0,0.0,0.0,0.0
62.901,apt_walk_3_speckle,PARKED,0.0,0.0,0.0,3,0.0,3.5,0.0,0.0,0.0,0.0,0.0,0.0,0.0
63.033,apt_walk_3_speckle,PARKED,0.0,0.0,0.0,3,0.0,3.5,0.0,0.0,0.0,0.0,0.0,0.0,0.0
63.102,apt_walk_3_speckle,PARKED,0.0,0.0,0.0,3,0.0,3.5,0.0,0.0,0.0,0.0,0.0,0.0,0.0
63.202,apt_walk_3_speckle,PARKED,0.0,0.0,0.0,3,0.0,3.5,0.0,0.0,0.0,0.0,0.0,0.0,0.0
63.301,apt_walk_3_speckle,PARKED,0.0,0.0,0.0,3,0.0,3.646,0.0,0.0,0.0,0.0,0.0,0.0,0.0
63.401,apt_walk_3_speckle,PARKED,0.0,0.0,0.0,3,0.0,3.708,0.0,0.0,0.0,0.0,0.0,0.0,0.0
63.501,apt_walk_3_speckle,PARKED,0.0,0.0,0.0,3,0.0,3.708,0.0,0.0,0.0,0.0,0.0,0.0,0.0
63.611,apt_walk_3_speckle,PARKED,0.0,0.0,0.0,3,0.0,3.651,0.0,0.0,0.0,0.0,0.0,0.0,0.0
63.75,apt_walk_3_speckle,PARKED,0.0,0.0,0.0,3,0.0,3.705,0.0,0.0,0.0,0.0,0.0,0.0,0.0
63.818,apt_walk_3_speckle,PARKED,0.0,0.0,0.0,3,0.0,3.665,0.0,0.0,0.0,0.0,0.0,0.0,0.0
63.901,apt_walk_3_speckle,PARKED,0.0,0.0,0.0,3,0.0,3.665,0.0,0.0,0.0,0.0,0.0,0.0,0.0
64.014,apt_walk_3_speckle,PARKED,0.0,0.0,0.0,3,0.0,3.652,0.0,0.0,0.0,0.0,0.0,0.0,0.0
64.101,apt_walk_3_speckle,PARKED,0.0,0.0,0.0,3,0.0,3.652,0.0,0.0,0.0,0.0,0.0,0.0,0.0
64.225,apt_walk_3_speckle,PARKED,0.0,0.0,0.0,3,0.0,3.759,0.0,0.0,0.0,0.0,0.0,0.0,0.0
64.301,apt_walk_3_speckle,PARKED,0.0,0.0,0.0,3,0.0,3.736,0.0,0.0,0.0,0.0,0.0,0.0,0.0
64.401,apt_walk_3_speckle,PARKED,0.0,0.0,0.0,3,0.0,3.736,0.0,0.0,0.0,0.0,0.0,0.0,0.0
64.503,apt_walk_3_speckle,PARKED,0.0,0.0,0.0,3,0.0,3.736,0.0,0.0,0.0,0.0,0.0,0.0,0.0
64.601,apt_walk_3_speckle,PARKED,0.0,0.0,0.0,3,0.0,3.736,0.0,0.0,0.0,0.0,0.0,0.0,0.0
64.741,apt_walk_3_speckle,PARKED,0.0,0.0,0.0,4,0.0,3.711,0.0,0.0,0.0,0.0,0.0,0.0,0.0
64.802,apt_walk_3_speckle,PARKED,0.0,0.0,0.0,4,0.0,3.75,0.0,0.0,0.0,0.0,0.0,0.0,0.0
64.949,apt_walk_3_speckle,PARKED,0.0,0.0,0.0,4,0.0,3.75,0.0,0.0,0.0,0.0,0.0,0.0,0.0
65.001,apt_walk_3_speckle,PARKED,0.0,0.0,0.0,4,0.0,3.75,0.0,0.0,0.0,0.0,0.0,0.0,0.0
65.101,apt_walk_3_speckle,PARKED,0.0,0.0,0.0,4,0.0,3.697,0.0,0.0,0.0,0.0,0.0,0.0,0.0
65.201,apt_walk_3_speckle,PARKED,0.0,0.0,0.0,4,0.0,3.697,0.0,0.0,0.0,0.0,0.0,0.0,0.0
65.301,apt_walk_3_speckle,PARKED,0.0,0.0,0.0,4,0.0,3.629,0.0,0.0,0.0,0.0,0.0,0.0,0.0
65.401,apt_walk_3_speckle,PARKED,0.0,0.0,0.0,4,0.0,3.629,0.0,0.0,0.0,0.0,0.0,0.0,0.0
65.528,apt_walk_3_speckle,PARKED,0.0,0.0,0.0,3,0.0,3.535,0.0,0.0,0.0,0.0,0.0,0.0,0.0
65.628,apt_walk_3_speckle,PARKED,0.0,0.0,0.0,3,0.0,3.535,0.0,0.0,0.0,0.0,0.0,0.0,0.0
65.748,apt_walk_3_speckle,PARKED,0.0,0.0,0.0,3,0.0,3.14,0.0,0.0,0.0,0.0,0.0,0.0,0.0
65.801,apt_walk_3_speckle,PARKED,0.0,0.0,0.0,3,0.0,3.14,0.0,0.0,0.0,0.0,0.0,0.0,0.0
65.944,apt_walk_3_speckle,PARKED,0.0,0.0,0.0,3,0.0,3.035,0.0,0.0,0.0,0.0,0.0,0.0,0.0
66.001,apt_walk_3_speckle,PARKED,0.0,0.0,0.0,3,0.0,3.035,0.0,0.0,0.0,0.0,0.0,0.0,0.0
66.131,apt_walk_3_speckle,PARKED,0.0,0.0,0.0,3,0.0,2.868,0.0,0.0,0.0,0.0,0.0,0.0,0.0
66.201,apt_walk_3_speckle,PARKED,0.0,0.0,0.0,3,0.0,2.868,0.0,0.0,0.0,0.0,0.0,0.0,0.0
66.302,apt_walk_3_speckle,PARKED,0.0,0.0,0.0,3,0.0,2.868,0.0,0.0,0.0,0.0,0.0,0.0,0.0
66.401,apt_walk_3_speckle,PARKED,0.0,0.0,0.0,3,0.0,2.868,0.0,0.0,0.0,0.0,0.0,0.0,0.0
66.501,apt_walk_3_speckle,PARKED,0.0,0.0,0.0,3,0.0,2.868,0.0,0.0,0.0,0.0,0.0,0.0,0.0
66.601,apt_walk_3_speckle,PARKED,0.0,0.0,0.0,4,0.0,2.178,0.0,0.0,0.0,0.0,0.0,0.0,0.0
66.707,apt_walk_3_speckle,PARKED,0.0,0.0,0.0,3,0.0,2.034,0.0,0.0,0.0,0.0,0.0,0.0,0.0
66.801,apt_walk_3_speckle,PARKED,0.0,0.0,0.0,3,0.0,2.034,0.0,0.0,0.0,0.0,0.0,0.0,0.0
66.931,apt_walk_3_speckle,PARKED,0.0,0.0,0.0,3,0.0,1.933,0.0,0.0,0.0,0.0,0.0,0.0,0.0
67.036,apt_walk_3_speckle,PARKED,0.0,0.0,0.0,3,0.0,1.933,0.0,0.0,0.0,0.0,0.0,0.0,0.0
67.105,apt_walk_3_speckle,PARKED,0.0,0.0,0.0,3,0.3854,1.772,0.0,0.0,0.0,0.0,0.0,0.0,0.0
67.201,apt_walk_3_speckle,PARKED,0.0,0.0,0.0,3,0.6852,1.581,0.0,0.0,0.0,0.0,0.0,0.0,0.0
67.302,apt_walk_3_speckle,PARKED,0.0,0.0,0.0,3,0.6852,1.581,0.0,0.0,0.0,0.0,0.0,0.0,0.0
67.401,apt_walk_3_speckle,PARKED,0.0,0.0,0.0,3,0.6852,1.581,0.0,0.0,0.0,0.0,0.0,0.0,0.0
67.501,apt_walk_3_speckle,PARKED,0.0,0.0,0.0,3,0.6852,1.581,0.0,0.0,0.0,0.0,0.0,0.0,0.0
67.6,apt_walk_3_speckle,PARKED,0.0,0.0,0.0,3,0.123,1.36,0.0,0.0,0.0,0.0,0.0,0.0,0.0
67.701,apt_walk_3_speckle,PARKED,0.0,0.0,0.0,3,0.123,1.36,0.0,0.0,0.0,0.0,0.0,0.0,0.0
67.806,apt_walk_3_speckle,PARKED,0.0,0.0,0.0,3,0.196,1.349,0.0,0.0,0.0,0.0,0.0,0.0,0.0
67.918,apt_walk_3_speckle,PARKED,0.0,0.0,0.0,3,0.196,1.349,0.0,0.0,0.0,0.0,0.0,0.0,0.0
68.011,apt_walk_3_speckle,PARKED,0.0,0.0,0.0,3,0.2748,1.362,0.0,0.0,0.0,0.0,0.0,0.0,0.0
68.142,apt_walk_3_speckle,PARKED,0.0,0.0,0.0,3,0.5604,1.445,0.0,0.0,0.0,0.0,0.0,0.0,0.0
68.201,apt_walk_3_speckle,PARKED,0.0,0.0,0.0,3,0.5604,1.445,0.0,0.0,0.0,0.0,0.0,0.0,0.0
68.301,apt_walk_3_speckle,PARKED,0.0,0.0,0.0,3,0.5604,1.445,0.0,0.0,0.0,0.0,0.0,0.0,0.0
68.401,apt_walk_3_speckle,PARKED,0.0,0.0,0.0,3,0.5604,1.445,0.0,0.0,0.0,0.0,0.0,0.0,0.0
68.53,apt_walk_3_speckle,PARKED,0.0,0.0,0.0,3,0.26,1.95,0.0,0.0,0.0,0.0,0.0,0.0,0.0
68.609,apt_walk_3_speckle,PARKED,0.0,0.0,0.0,3,0.0,2.059,0.0,0.0,0.0,0.0,0.0,0.0,0.0
68.701,apt_walk_3_speckle,PARKED,0.0,0.0,0.0,3,0.0,2.059,0.0,0.0,0.0,0.0,0.0,0.0,0.0
68.806,apt_walk_3_speckle,PARKED,0.0,0.0,0.0,3,0.0,2.059,0.0,0.0,0.0,0.0,0.0,0.0,0.0
68.916,apt_walk_3_speckle,PARKED,0.0,0.0,0.0,3,0.0,2.146,0.0,0.0,0.0,0.0,0.0,0.0,0.0
69.002,apt_walk_3_speckle,PARKED,0.0,0.0,0.0,3,0.0,2.337,0.0,0.0,0.0,0.0,0.0,0.0,0.0
69.146,apt_walk_3_speckle,PARKED,0.0,0.0,0.0,3,0.0,2.511,0.0,0.0,0.0,0.0,0.0,0.0,0.0
69.201,apt_walk_3_speckle,PARKED,0.0,0.0,0.0,3,0.0,2.511,0.0,0.0,0.0,0.0,0.0,0.0,0.0
69.301,apt_walk_3_speckle,PARKED,0.0,0.0,0.0,3,0.0,2.57,0.0,0.0,0.0,0.0,0.0,0.0,0.0
69.401,apt_walk_3_speckle,PARKED,0.0,0.0,0.0,3,0.0,2.57,0.0,0.0,0.0,0.0,0.0,0.0,0.0
69.516,apt_walk_3_speckle,PARKED,0.0,0.0,0.0,3,0.0,2.944,0.0,0.0,0.0,0.0,0.0,0.0,0.0
69.6,apt_walk_3_speckle,PARKED,0.0,0.0,0.0,3,0.0,2.944,0.0,0.0,0.0,0.0,0.0,0.0,0.0
69.701,apt_walk_3_speckle,PARKED,0.0,0.0,0.0,4,0.0,3.037,0.0,0.0,0.0,0.0,0.0,0.0,0.0
69.82,apt_walk_3_speckle,PARKED,0.0,0.0,0.0,3,0.0,3.156,0.0,0.0,0.0,0.0,0.0,0.0,0.0
69.935,apt_walk_3_speckle,PARKED,0.0,0.0,0.0,3,0.0,3.22,0.0,0.0,0.0,0.0,0.0,0.0,0.0
70.001,apt_walk_3_speckle,PARKED,0.0,0.0,0.0,3,0.0,3.388,0.0,0.0,0.0,0.0,0.0,0.0,0.0
70.101,apt_walk_3_speckle,PARKED,0.0,0.0,0.0,3,0.0,3.502,0.0,0.0,0.0,0.0,0.0,0.0,0.0
70.201,apt_walk_3_speckle,PARKED,0.0,0.0,0.0,3,0.0,3.502,0.0,0.0,0.0,0.0,0.0,0.0,0.0
70.301,apt_walk_3_speckle,PARKED,0.0,0.0,0.0,3,0.0,3.502,0.0,0.0,0.0,0.0,0.0,0.0,0.0
70.403,apt_walk_3_speckle,PARKED,0.0,0.0,0.0,3,0.0,3.502,0.0,0.0,0.0,0.0,0.0,0.0,0.0
70.5,apt_walk_3_speckle,PARKED,0.0,0.0,0.0,3,0.0,3.663,0.0,0.0,0.0,0.0,0.0,0.0,0.0
70.601,apt_walk_3_speckle,PARKED,0.0,0.0,0.0,3,0.0,3.663,0.0,0.0,0.0,0.0,0.0,0.0,0.0
70.701,apt_walk_3_speckle,PARKED,0.0,0.0,0.0,3,0.0,3.663,0.0,0.0,0.0,0.0,0.0,0.0,0.0
70.801,apt_walk_3_speckle,PARKED,0.0,0.0,0.0,3,0.0,3.723,0.0,0.0,0.0,0.0,0.0,0.0,0.0
70.902,apt_walk_3_speckle,PARKED,0.0,0.0,0.0,3,0.0,3.68,0.0,0.0,0.0,0.0,0.0,0.0,0.0
71.015,apt_walk_3_speckle,PARKED,0.0,0.0,0.0,3,0.0,3.747,0.0,0.0,0.0,0.0,0.0,0.0,0.0
71.101,apt_walk_3_speckle,PARKED,0.0,0.0,0.0,3,0.0,3.747,0.0,0.0,0.0,0.0,0.0,0.0,0.0
71.248,apt_walk_3_speckle,PARKED,0.0,0.0,0.0,4,0.0,3.706,0.0,0.0,0.0,0.0,0.0,0.0,0.0
71.317,apt_walk_3_speckle,PARKED,0.0,0.0,0.0,4,0.0,3.772,0.0,0.0,0.0,0.0,0.0,0.0,0.0
71.436,apt_walk_3_speckle,PARKED,0.0,0.0,0.0,4,0.0,3.72,0.0,0.0,0.0,0.0,0.0,0.0,0.0
71.501,apt_walk_3_speckle,PARKED,0.0,0.0,0.0,4,0.0,3.72,0.0,0.0,0.0,0.0,0.0,0.0,0.0
71.601,apt_walk_3_speckle,PARKED,0.0,0.0,0.0,4,0.0,3.72,0.0,0.0,0.0,0.0,0.0,0.0,0.0
71.701,apt_walk_3_speckle,PARKED,0.0,0.0,0.0,4,0.0,3.72,0.0,0.0,0.0,0.0,0.0,0.0,0.0
71.85,apt_walk_3_speckle,PARKED,0.0,0.0,0.0,4,0.0,3.646,0.0,0.0,0.0,0.0,0.0,0.0,0.0
71.929,apt_walk_3_speckle,PARKED,0.0,0.0,0.0,4,0.0,3.657,0.0,0.0,0.0,0.0,0.0,0.0,0.0
72.002,apt_walk_3_speckle,PARKED,0.0,0.0,0.0,4,0.0,3.657,0.0,0.0,0.0,0.0,0.0,0.0,0.0
72.102,apt_walk_3_speckle,PARKED,0.0,0.0,0.0,4,0.0,3.657,0.0,0.0,0.0,0.0,0.0,0.0,0.0
72.247,apt_walk_3_speckle,PARKED,0.0,0.0,0.0,4,0.0,3.666,0.0,0.0,0.0,0.0,0.0,0.0,0.0
72.316,apt_walk_3_speckle,PARKED,0.0,0.0,0.0,4,0.0,3.297,0.0,0.0,0.0,0.0,0.0,0.0,0.0
72.402,apt_walk_3_speckle,PARKED,0.0,0.0,0.0,4,0.0,3.297,0.0,0.0,0.0,0.0,0.0,0.0,0.0
72.532,apt_walk_3_speckle,PARKED,0.0,0.0,0.0,4,0.0,3.039,0.0,0.0,0.0,0.0,0.0,0.0,0.0
72.602,apt_walk_3_speckle,PARKED,0.0,0.0,0.0,4,0.0,3.039,0.0,0.0,0.0,0.0,0.0,0.0,0.0
72.701,apt_walk_3_speckle,PARKED,0.0,0.0,0.0,4,0.0,3.039,0.0,0.0,0.0,0.0,0.0,0.0,0.0
72.801,apt_walk_3_speckle,PARKED,0.0,0.0,0.0,4,0.0,2.779,0.0,0.0,0.0,0.0,0.0,0.0,0.0
72.901,apt_walk_3_speckle,PARKED,0.0,0.0,0.0,4,0.0,2.592,0.0,0.0,0.0,0.0,0.0,0.0,0.0
73.001,apt_walk_3_speckle,PARKED,0.0,0.0,0.0,4,0.0,2.592,0.0,0.0,0.0,0.0,0.0,0.0,0.0
73.101,apt_walk_3_speckle,PARKED,0.0,0.0,0.0,4,0.0,2.469,0.0,0.0,0.0,0.0,0.0,0.0,0.0
73.222,apt_walk_3_speckle,PARKED,0.0,0.0,0.0,4,0.0,2.469,0.0,0.0,0.0,0.0,0.0,0.0,0.0
73.301,apt_walk_3_speckle,PARKED,0.0,0.0,0.0,3,0.0,2.108,0.0,0.0,0.0,0.0,0.0,0.0,0.0
73.401,apt_walk_3_speckle,PARKED,0.0,0.0,0.0,3,0.0,2.108,0.0,0.0,0.0,0.0,0.0,0.0,0.0
73.501,apt_walk_3_speckle,PARKED,0.0,0.0,0.0,3,0.0,1.979,0.0,0.0,0.0,0.0,0.0,0.0,0.0
73.601,apt_walk_3_speckle,PARKED,0.0,0.0,0.0,3,0.0,1.979,0.0,0.0,0.0,0.0,0.0,0.0,0.0
73.713,apt_walk_3_speckle,PARKED,0.0,0.0,0.0,3,0.0,1.921,0.0,0.0,0.0,0.0,0.0,0.0,0.0
73.802,apt_walk_3_speckle,PARKED,0.0,0.0,0.0,3,0.0,1.921,0.0,0.0,0.0,0.0,0.0,0.0,0.0
73.901,apt_walk_3_speckle,PARKED,0.0,0.0,0.0,3,0.0,1.921,0.0,0.0,0.0,0.0,0.0,0.0,0.0
74.014,apt_walk_3_speckle,PARKED,0.0,0.0,0.0,3,0.2721,1.771,0.0,0.0,0.0,0.0,0.0,0.0,0.0
74.101,apt_walk_3_speckle,PARKED,0.0,0.0,0.0,3,0.2721,1.771,0.0,0.0,0.0,0.0,0.0,0.0,0.0
74.229,apt_walk_3_speckle,PARKED,0.0,0.0,0.0,3,0.1119,1.753,0.0,0.0,0.0,0.0,0.0,0.0,0.0
74.303,apt_walk_3_speckle,PARKED,0.0,0.0,0.0,3,0.1119,1.753,0.0,0.0,0.0,0.0,0.0,0.0,0.0
74.441,apt_walk_3_speckle,PARKED,0.0,0.0,0.0,3,0.2225,1.755,0.0,0.0,0.0,0.0,0.0,0.0,0.0
74.502,apt_walk_3_speckle,PARKED,0.0,0.0,0.0,3,0.2225,1.755,0.0,0.0,0.0,0.0,0.0,0.0,0.0
74.601,apt_walk_3_speckle,PARKED,0.0,0.0,0.0,3,0.0,1.806,0.0,0.0,0.0,0.0,0.0,0.0,0.0
74.702,apt_walk_3_speckle,PARKED,0.0,0.0,0.0,3,0.0,1.806,0.0,0.0,0.0,0.0,0.0,0.0,0.0
74.801,apt_walk_3_speckle,PARKED,0.0,0.0,0.0,3,0.0,2.171,0.0,0.0,0.0,0.0,0.0,0.0,0.0
74.901,apt_walk_3_speckle,PARKED,0.0,0.0,0.0,3,0.0,2.171,0.0,0.0,0.0,0.0,0.0,0.0,0.0
75.001,apt_walk_3_speckle,PARKED,0.0,0.0,0.0,3,0.0,2.171,0.0,0.0,0.0,0.0,0.0,0.0,0.0
75.129,apt_walk_3_speckle,PARKED,0.0,0.0,0.0,3,0.0,2.448,0.0,0.0,0.0,0.0,0.0,0.0,0.0
75.201,apt_walk_3_speckle,PARKED,0.0,0.0,0.0,3,0.0,2.576,0.0,0.0,0.0,0.0,0.0,0.0,0.0
75.301,apt_walk_3_speckle,PARKED,0.0,0.0,0.0,3,0.0,2.576,0.0,0.0,0.0,0.0,0.0,0.0,0.0
75.401,apt_walk_3_speckle,PARKED,0.0,0.0,0.0,3,0.0,2.576,0.0,0.0,0.0,0.0,0.0,0.0,0.0
75.55,apt_walk_3_speckle,PARKED,0.0,0.0,0.0,3,0.0,2.671,0.0,0.0,0.0,0.0,0.0,0.0,0.0
75.62,apt_walk_3_speckle,PARKED,0.0,0.0,0.0,3,0.0,2.671,0.0,0.0,0.0,0.0,0.0,0.0,0.0
75.701,apt_walk_3_speckle,PARKED,0.0,0.0,0.0,3,0.0,3.024,0.0,0.0,0.0,0.0,0.0,0.0,0.0
75.802,apt_walk_3_speckle,PARKED,0.0,0.0,0.0,3,0.0,3.024,0.0,0.0,0.0,0.0,0.0,0.0,0.0
75.913,apt_walk_3_speckle,PARKED,0.0,0.0,0.0,3,0.0,3.198,0.0,0.0,0.0,0.0,0.0,0.0,0.0
76.002,apt_walk_3_speckle,PARKED,0.0,0.0,0.0,3,0.0,3.198,0.0,0.0,0.0,0.0,0.0,0.0,0.0
76.13,apt_walk_3_speckle,PARKED,0.0,0.0,0.0,3,0.0,3.689,0.0,0.0,0.0,0.0,0.0,0.0,0.0
76.236,apt_walk_3_speckle,PARKED,0.0,0.0,0.0,4,0.0,3.691,0.0,0.0,0.0,0.0,0.0,0.0,0.0
76.301,apt_walk_3_speckle,PARKED,0.0,0.0,0.0,4,0.0,3.691,0.0,0.0,0.0,0.0,0.0,0.0,0.0
76.401,apt_walk_3_speckle,PARKED,0.0,0.0,0.0,4,0.0,3.691,0.0,0.0,0.0,0.0,0.0,0.0,0.0
76.532,apt_walk_3_speckle,PARKED,0.0,0.0,0.0,5,0.0,3.719,0.0,0.0,0.0,0.0,0.0,0.0,0.0
76.602,apt_walk_3_speckle,PARKED,0.0,0.0,0.0,5,0.0,3.719,0.0,0.0,0.0,0.0,0.0,0.0,0.0
76.702,apt_walk_3_speckle,PARKED,0.0,0.0,0.0,5,0.0,3.719,0.0,0.0,0.0,0.0,0.0,0.0,0.0
76.804,apt_walk_3_speckle,PARKED,0.0,0.0,0.0,5,0.0,3.789,0.0,0.0,0.0,0.0,0.0,0.0,0.0
76.901,apt_walk_3_speckle,PARKED,0.0,0.0,0.0,5,0.0,3.789,0.0,0.0,0.0,0.0,0.0,0.0,0.0
77.001,apt_walk_3_speckle,PARKED,0.0,0.0,0.0,5,0.0,3.689,0.0,0.0,0.0,0.0,0.0,0.0,0.0
77.101,apt_walk_3_speckle,PARKED,0.0,0.0,0.0,5,0.0,3.689,0.0,0.0,0.0,0.0,0.0,0.0,0.0
77.214,apt_walk_3_speckle,PARKED,0.0,0.0,0.0,5,0.0,3.64,0.0,0.0,0.0,0.0,0.0,0.0,0.0
77.301,apt_walk_3_speckle,PARKED,0.0,0.0,0.0,5,0.0,3.64,0.0,0.0,0.0,0.0,0.0,0.0,0.0
77.45,apt_walk_3_speckle,PARKED,0.0,0.0,0.0,5,0.0,3.678,0.0,0.0,0.0,0.0,0.0,0.0,0.0
77.508,apt_walk_3_speckle,PARKED,0.0,0.0,0.0,5,0.0,3.721,0.0,0.0,0.0,0.0,0.0,0.0,0.0
77.6,apt_walk_3_speckle,PARKED,0.0,0.0,0.0,5,0.0,3.721,0.0,0.0,0.0,0.0,0.0,0.0,0.0
77.702,apt_walk_3_speckle,PARKED,0.0,0.0,0.0,5,0.0,3.676,0.0,0.0,0.0,0.0,0.0,0.0,0.0
77.808,apt_walk_3_speckle,PARKED,0.0,0.0,0.0,5,0.0,3.742,0.0,0.0,0.0,0.0,0.0,0.0,0.0
77.951,apt_walk_3_speckle,PARKED,0.0,0.0,0.0,4,0.0,3.704,0.0,0.0,0.0,0.0,0.0,0.0,0.0
78.001,apt_walk_3_speckle,PARKED,0.0,0.0,0.0,4,0.0,3.704,0.0,0.0,0.0,0.0,0.0,0.0,0.0
78.101,apt_walk_3_speckle,PARKED,0.0,0.0,0.0,4,0.0,3.719,0.0,0.0,0.0,0.0,0.0,0.0,0.0
78.201,apt_walk_3_speckle,PARKED,0.0,0.0,0.0,4,0.0,3.719,0.0,0.0,0.0,0.0,0.0,0.0,0.0
78.301,apt_walk_3_speckle,PARKED,0.0,0.0,0.0,4,0.0,3.719,0.0,0.0,0.0,0.0,0.0,0.0,0.0
78.401,apt_walk_3_speckle,PARKED,0.0,0.0,0.0,4,0.0,3.719,0.0,0.0,0.0,0.0,0.0,0.0,0.0
78.501,apt_walk_3_speckle,PARKED,0.0,0.0,0.0,4,0.0,3.719,0.0,0.0,0.0,0.0,0.0,0.0,0.0
78.601,apt_walk_3_speckle,PARKED,0.0,0.0,0.0,4,0.0,3.719,0.0,0.0,0.0,0.0,0.0,0.0,0.0
78.701,apt_walk_3_speckle,PARKED,0.0,0.0,0.0,4,0.0,3.719,0.0,0.0,0.0,0.0,0.0,0.0,0.0
78.801,apt_walk_3_speckle,PARKED,0.0,0.0,0.0,4,0.0,3.719,0.0,0.0,0.0,0.0,0.0,0.0,0.0
78.941,apt_walk_3_speckle,PARKED,0.0,0.0,0.0,3,0.0,3.114,0.0,0.0,0.0,0.0,0.0,0.0,0.0
79.003,apt_walk_3_speckle,PARKED,0.0,0.0,0.0,3,0.0,3.114,0.0,0.0,0.0,0.0,0.0,0.0,0.0
79.101,apt_walk_3_speckle,PARKED,0.0,0.0,0.0,3,0.0,3.114,0.0,0.0,0.0,0.0,0.0,0.0,0.0
79.205,apt_walk_3_speckle,PARKED,0.0,0.0,0.0,3,0.0,2.923,0.0,0.0,0.0,0.0,0.0,0.0,0.0
79.301,apt_walk_3_speckle,PARKED,0.0,0.0,0.0,3,0.0,2.923,0.0,0.0,0.0,0.0,0.0,0.0,0.0
79.401,apt_walk_3_speckle,PARKED,0.0,0.0,0.0,3,0.0,2.923,0.0,0.0,0.0,0.0,0.0,0.0,0.0
79.501,apt_walk_3_speckle,PARKED,0.0,0.0,0.0,3,0.0,2.923,0.0,0.0,0.0,0.0,0.0,0.0,0.0
79.601,apt_walk_3_speckle,PARKED,0.0,0.0,0.0,3,0.0,2.923,0.0,0.0,0.0,0.0,0.0,0.0,0.0
79.701,apt_walk_3_speckle,PARKED,0.0,0.0,0.0,3,0.0,2.218,0.0,0.0,0.0,0.0,0.0,0.0,0.0
79.802,apt_walk_3_speckle,PARKED,0.0,0.0,0.0,3,0.0,2.218,0.0,0.0,0.0,0.0,0.0,0.0,0.0
79.902,apt_walk_3_speckle,PARKED,0.0,0.0,0.0,3,0.0,2.143,0.0,0.0,0.0,0.0,0.0,0.0,0.0
80.001,apt_walk_3_speckle,PARKED,0.0,0.0,0.0,3,0.0,2.143,0.0,0.0,0.0,0.0,0.0,0.0,0.0
80.102,apt_walk_3_speckle,PARKED,0.0,0.0,0.0,3,0.0,1.889,0.0,0.0,0.0,0.0,0.0,0.0,0.0
80.204,apt_walk_3_speckle,PARKED,0.0,0.0,0.0,3,0.0,1.889,0.0,0.0,0.0,0.0,0.0,0.0,0.0
80.302,apt_walk_3_speckle,PARKED,0.0,0.0,0.0,3,0.3038,1.789,0.0,0.0,0.0,0.0,0.0,0.0,0.0
80.433,apt_walk_3_speckle,PARKED,0.0,0.0,0.0,3,0.3431,1.616,0.0,0.0,0.0,0.0,0.0,0.0,0.0
80.522,apt_walk_3_speckle,PARKED,0.0,0.0,0.0,3,0.3431,1.616,0.0,0.0,0.0,0.0,0.0,0.0,0.0
80.601,apt_walk_3_speckle,PARKED,0.0,0.0,0.0,3,0.3431,1.616,0.0,0.0,0.0,0.0,0.0,0.0,0.0
80.701,apt_walk_3_speckle,PARKED,0.0,0.0,0.0,3,0.2813,1.59,0.0,0.0,0.0,0.0,0.0,0.0,0.0
80.84,apt_walk_3_speckle,PARKED,0.0,0.0,0.0,3,0.4141,1.546,0.0,0.0,0.0,0.0,0.0,0.0,0.0
80.901,apt_walk_3_speckle,PARKED,0.0,0.0,0.0,3,0.4141,1.546,0.0,0.0,0.0,0.0,0.0,0.0,0.0
81.002,apt_walk_3_speckle,PARKED,0.0,0.0,0.0,3,0.0805,1.527,0.0,0.0,0.0,0.0,0.0,0.0,0.0
81.146,apt_walk_3_speckle,PARKED,0.0,0.0,0.0,3,0.0536,1.604,0.0,0.0,0.0,0.0,0.0,0.0,0.0
81.201,apt_walk_3_speckle,PARKED,0.0,0.0,0.0,3,0.0536,1.604,0.0,0.0,0.0,0.0,0.0,0.0,0.0
81.301,apt_walk_3_speckle,PARKED,0.0,0.0,0.0,3,0.3208,1.692,0.0,0.0,0.0,0.0,0.0,0.0,0.0
81.408,apt_walk_3_speckle,PARKED,0.0,0.0,0.0,3,0.5764,1.774,0.0,0.0,0.0,0.0,0.0,0.0,0.0
81.501,apt_walk_3_speckle,PARKED,0.0,0.0,0.0,3,0.5764,1.774,0.0,0.0,0.0,0.0,0.0,0.0,0.0
81.622,apt_walk_3_speckle,PARKED,0.0,0.0,0.0,3,0.0,2.056,0.0,0.0,0.0,0.0,0.0,0.0,0.0
81.701,apt_walk_3_speckle,PARKED,0.0,0.0,0.0,3,0.0,2.056,0.0,0.0,0.0,0.0,0.0,0.0,0.0
81.825,apt_walk_3_speckle,PARKED,0.0,0.0,0.0,3,0.0,2.153,0.0,0.0,0.0,0.0,0.0,0.0,0.0
81.9,apt_walk_3_speckle,PARKED,0.0,0.0,0.0,3,0.0,2.153,0.0,0.0,0.0,0.0,0.0,0.0,0.0
82.001,apt_walk_3_speckle,PARKED,0.0,0.0,0.0,3,0.0,2.199,0.0,0.0,0.0,0.0,0.0,0.0,0.0
82.101,apt_walk_3_speckle,PARKED,0.0,0.0,0.0,3,0.0,2.389,0.0,0.0,0.0,0.0,0.0,0.0,0.0
82.201,apt_walk_3_speckle,PARKED,0.0,0.0,0.0,3,0.0,2.568,0.0,0.0,0.0,0.0,0.0,0.0,0.0
82.301,apt_walk_3_speckle,PARKED,0.0,0.0,0.0,4,0.0,2.726,0.0,0.0,0.0,0.0,0.0,0.0,0.0
82.436,apt_walk_3_speckle,PARKED,0.0,0.0,0.0,4,0.0,2.726,0.0,0.0,0.0,0.0,0.0,0.0,0.0
82.501,apt_walk_3_speckle,PARKED,0.0,0.0,0.0,4,0.0,2.726,0.0,0.0,0.0,0.0,0.0,0.0,0.0
82.65,apt_walk_3_speckle,PARKED,0.0,0.0,0.0,4,0.0,3.082,0.0,0.0,0.0,0.0,0.0,0.0,0.0
82.733,apt_walk_3_speckle,PARKED,0.0,0.0,0.0,4,0.0,3.216,0.0,0.0,0.0,0.0,0.0,0.0,0.0
82.801,apt_walk_3_speckle,PARKED,0.0,0.0,0.0,4,0.0,3.216,0.0,0.0,0.0,0.0,0.0,0.0,0.0
82.912,apt_walk_3_speckle,PARKED,0.0,0.0,0.0,4,0.0,3.216,0.0,0.0,0.0,0.0,0.0,0.0,0.0
83.001,apt_walk_3_speckle,PARKED,0.0,0.0,0.0,4,0.0,3.216,0.0,0.0,0.0,0.0,0.0,0.0,0.0
83.107,apt_walk_3_speckle,PARKED,0.0,0.0,0.0,4,0.0,3.315,0.0,0.0,0.0,0.0,0.0,0.0,0.0
83.242,apt_walk_3_speckle,PARKED,0.0,0.0,0.0,4,0.0,3.462,0.0,0.0,0.0,0.0,0.0,0.0,0.0
83.323,apt_walk_3_speckle,PARKED,0.0,0.0,0.0,4,0.0,3.665,0.0,0.0,0.0,0.0,0.0,0.0,0.0
83.401,apt_walk_3_speckle,PARKED,0.0,0.0,0.0,4,0.0,3.7,0.0,0.0,0.0,0.0,0.0,0.0,0.0
83.501,apt_walk_3_speckle,PARKED,0.0,0.0,0.0,4,0.0,3.7,0.0,0.0,0.0,0.0,0.0,0.0,0.0
83.605,apt_walk_3_speckle,PARKED,0.0,0.0,0.0,4,0.0,3.7,0.0,0.0,0.0,0.0,0.0,0.0,0.0
83.701,apt_walk_3_speckle,PARKED,0.0,0.0,0.0,4,0.0,3.7,0.0,0.0,0.0,0.0,0.0,0.0,0.0
83.833,apt_walk_3_speckle,PARKED,0.0,0.0,0.0,4,0.0,3.706,0.0,0.0,0.0,0.0,0.0,0.0,0.0
83.902,apt_walk_3_speckle,PARKED,0.0,0.0,0.0,4,0.0,3.706,0.0,0.0,0.0,0.0,0.0,0.0,0.0
84.005,apt_walk_3_speckle,PARKED,0.0,0.0,0.0,4,0.0,3.687,0.0,0.0,0.0,0.0,0.0,0.0,0.0
84.101,apt_walk_3_speckle,PARKED,0.0,0.0,0.0,4,0.0,3.687,0.0,0.0,0.0,0.0,0.0,0.0,0.0
84.209,apt_walk_3_speckle,PARKED,0.0,0.0,0.0,4,0.0,3.701,0.0,0.0,0.0,0.0,0.0,0.0,0.0
84.301,apt_walk_3_speckle,PARKED,0.0,0.0,0.0,4,0.0,3.701,0.0,0.0,0.0,0.0,0.0,0.0,0.0
84.435,apt_walk_3_speckle,PARKED,0.0,0.0,0.0,3,0.0,3.779,0.0,0.0,0.0,0.0,0.0,0.0,0.0
84.501,apt_walk_3_speckle,PARKED,0.0,0.0,0.0,3,0.0,3.779,0.0,0.0,0.0,0.0,0.0,0.0,0.0
84.601,apt_walk_3_speckle,PARKED,0.0,0.0,0.0,3,0.0,3.779,0.0,0.0,0.0,0.0,0.0,0.0,0.0
84.701,apt_walk_3_speckle,PARKED,0.0,0.0,0.0,3,0.0,3.779,0.0,0.0,0.0,0.0,0.0,0.0,0.0
84.801,apt_walk_3_speckle,PARKED,0.0,0.0,0.0,3,0.0,3.729,0.0,0.0,0.0,0.0,0.0,0.0,0.0
84.934,apt_walk_3_speckle,PARKED,0.0,0.0,0.0,3,0.0,3.681,0.0,0.0,0.0,0.0,0.0,0.0,0.0
85.001,apt_walk_3_speckle,PARKED,0.0,0.0,0.0,3,0.0,3.681,0.0,0.0,0.0,0.0,0.0,0.0,0.0
85.149,apt_walk_3_speckle,PARKED,0.0,0.0,0.0,3,0.0,3.681,0.0,0.0,0.0,0.0,0.0,0.0,0.0
85.236,apt_walk_3_speckle,PARKED,0.0,0.0,0.0,3,0.0,3.67,0.0,0.0,0.0,0.0,0.0,0.0,0.0
85.301,apt_walk_3_speckle,PARKED,0.0,0.0,0.0,3,0.0,3.739,0.0,0.0,0.0,0.0,0.0,0.0,0.0
85.419,apt_walk_3_speckle,PARKED,0.0,0.0,0.0,3,0.0,3.496,0.0,0.0,0.0,0.0,0.0,0.0,0.0
85.502,apt_walk_3_speckle,PARKED,0.0,0.0,0.0,3,0.0,3.496,0.0,0.0,0.0,0.0,0.0,0.0,0.0
85.618,apt_walk_3_speckle,PARKED,0.0,0.0,0.0,3,0.0,3.496,0.0,0.0,0.0,0.0,0.0,0.0,0.0
85.729,apt_walk_3_speckle,PARKED,0.0,0.0,0.0,3,0.0,3.489,0.0,0.0,0.0,0.0,0.0,0.0,0.0
85.801,apt_walk_3_speckle,PARKED,0.0,0.0,0.0,3,0.0,3.242,0.0,0.0,0.0,0.0,0.0,0.0,0.0
85.901,apt_walk_3_speckle,PARKED,0.0,0.0,0.0,3,0.0,3.242,0.0,0.0,0.0,0.0,0.0,0.0,0.0
86.019,apt_walk_3_speckle,PARKED,0.0,0.0,0.0,3,0.0,3.11,0.0,0.0,0.0,0.0,0.0,0.0,0.0
86.123,apt_walk_3_speckle,PARKED,0.0,0.0,0.0,3,0.0,3.11,0.0,0.0,0.0,0.0,0.0,0.0,0.0
86.226,apt_walk_3_speckle,PARKED,0.0,0.0,0.0,4,0.0,2.941,0.0,0.0,0.0,0.0,0.0,0.0,0.0
86.301,apt_walk_3_speckle,PARKED,0.0,0.0,0.0,4,0.0,2.693,0.0,0.0,0.0,0.0,0.0,0.0,0.0
86.401,apt_walk_3_speckle,PARKED,0.0,0.0,0.0,4,0.0,2.693,0.0,0.0,0.0,0.0,0.0,0.0,0.0
86.525,apt_walk_3_speckle,PARKED,0.0,0.0,0.0,4,0.0,2.499,0.0,0.0,0.0,0.0,0.0,0.0,0.0
86.601,apt_walk_3_speckle,PARKED,0.0,0.0,0.0,4,0.0,2.499,0.0,0.0,0.0,0.0,0.0,0.0,0.0
86.701,apt_walk_3_speckle,PARKED,0.0,0.0,0.0,4,0.0,2.429,0.0,0.0,0.0,0.0,0.0,0.0,0.0
86.815,apt_walk_3_speckle,PARKED,0.0,0.0,0.0,4,0.0,2.225,0.0,0.0,0.0,0.0,0.0,0.0,0.0
86.901,apt_walk_3_speckle,PARKED,0.0,0.0,0.0,4,0.0,2.225,0.0,0.0,0.0,0.0,0.0,0.0,0.0
87.001,apt_walk_3_speckle,PARKED,0.0,0.0,0.0,4,0.0,2.225,0.0,0.0,0.0,0.0,0.0,0.0,0.0
87.15,apt_walk_3_speckle,PARKED,0.0,0.0,0.0,4,0.0,1.807,0.0,0.0,0.0,0.0,0.0,0.0,0.0
87.217,apt_walk_3_speckle,PARKED,0.0,0.0,0.0,4,0.0,1.807,0.0,0.0,0.0,0.0,0.0,0.0,0.0
87.302,apt_walk_3_speckle,PARKED,0.0,0.0,0.0,4,0.3,1.67,0.0,0.0,0.0,0.0,0.0,0.0,0.0
87.401,apt_walk_3_speckle,PARKED,0.0,0.0,0.0,4,0.3,1.67,0.0,0.0,0.0,0.0,0.0,0.0,0.0
87.533,apt_walk_3_speckle,PARKED,0.0,0.0,0.0,3,0.005,1.603,0.0,0.0,0.0,0.0,0.0,0.0,0.0
87.601,apt_walk_3_speckle,PARKED,0.0,0.0,0.0,3,0.3286,1.581,0.0,0.0,0.0,0.0,0.0,0.0,0.0
87.701,apt_walk_3_speckle,PARKED,0.0,0.0,0.0,3,0.3286,1.581,0.0,0.0,0.0,0.0,0.0,0.0,0.0
87.801,apt_walk_3_speckle,PARKED,0.0,0.0,0.0,3,0.151,1.495,0.0,0.0,0.0,0.0,0.0,0.0,0.0
87.901,apt_walk_3_speckle,PARKED,0.0,0.0,0.0,3,0.309,1.474,0.0,0.0,0.0,0.0,0.0,0.0,0.0
88.002,apt_walk_3_speckle,PARKED,0.0,0.0,0.0,3,0.309,1.474,0.0,0.0,0.0,0.0,0.0,0.0,0.0
88.101,apt_walk_3_speckle,PARKED,0.0,0.0,0.0,3,0.309,1.474,0.0,0.0,0.0,0.0,0.0,0.0,0.0
88.246,apt_walk_3_speckle,PARKED,0.0,0.0,0.0,3,0.388,1.598,0.0,0.0,0.0,0.0,0.0,0.0,0.0
88.312,apt_walk_3_speckle,PARKED,0.0,0.0,0.0,3,0.6874,1.725,0.0,0.0,0.0,0.0,0.0,0.0,0.0
88.401,apt_walk_3_speckle,PARKED,0.0,0.0,0.0,3,0.6874,1.725,0.0,0.0,0.0,0.0,0.0,0.0,0.0
88.501,apt_walk_3_speckle,PARKED,0.0,0.0,0.0,3,0.6874,1.725,0.0,0.0,0.0,0.0,0.0,0.0,0.0
88.601,apt_walk_3_speckle,PARKED,0.0,0.0,0.0,3,0.6874,1.725,0.0,0.0,0.0,0.0,0.0,0.0,0.0
88.702,apt_walk_3_speckle,PARKED,0.0,0.0,0.0,3,0.087,2.001,0.0,0.0,0.0,0.0,0.0,0.0,0.0
88.835,apt_walk_3_speckle,PARKED,0.0,0.0,0.0,3,0.0,2.143,0.0,0.0,0.0,0.0,0.0,0.0,0.0
88.901,apt_walk_3_speckle,PARKED,0.0,0.0,0.0,3,0.0,2.143,0.0,0.0,0.0,0.0,0.0,0.0,0.0
89.002,apt_walk_3_speckle,PARKED,0.0,0.0,0.0,3,0.0,2.224,0.0,0.0,0.0,0.0,0.0,0.0,0.0
89.101,apt_walk_3_speckle,PARKED,0.0,0.0,0.0,3,0.0,2.224,0.0,0.0,0.0,0.0,0.0,0.0,0.0
89.201,apt_walk_3_speckle,PARKED,0.0,0.0,0.0,3,0.0,2.224,0.0,0.0,0.0,0.0,0.0,0.0,0.0
89.336,apt_walk_3_speckle,PARKED,0.0,0.0,0.0,3,0.0,2.671,0.0,0.0,0.0,0.0,0.0,0.0,0.0
89.401,apt_walk_3_speckle,PARKED,0.0,0.0,0.0,3,0.0,2.671,0.0,0.0,0.0,0.0,0.0,0.0,0.0
89.549,apt_walk_3_speckle,PARKED,0.0,0.0,0.0,3,0.0,2.841,0.0,0.0,0.0,0.0,0.0,0.0,0.0
89.619,apt_walk_3_speckle,PARKED,0.0,0.0,0.0,3,0.0,3.001,0.0,0.0,0.0,0.0,0.0,0.0,0.0
89.7,apt_walk_3_speckle,PARKED,0.0,0.0,0.0,3,0.0,3.001,0.0,0.0,0.0,0.0,0.0,0.0,0.0
89.802,apt_walk_3_speckle,PARKED,0.0,0.0,0.0,3,0.0,3.001,0.0,0.0,0.0,0.0,0.0,0.0,0.0
89.949,apt_walk_3_speckle,PARKED,0.0,0.0,0.0,3,0.0,3.148,0.0,0.0,0.0,0.0,0.0,0.0,0.0
90.001,apt_walk_3_speckle,PARKED,0.0,0.0,0.0,3,0.0,3.148,0.0,0.0,0.0,0.0,0.0,0.0,0.0
90.101,apt_walk_3_speckle,PARKED,0.0,0.0,0.0,3,0.0,3.502,0.0,0.0,0.0,0.0,0.0,0.0,0.0
90.201,apt_walk_3_speckle,PARKED,0.0,0.0,0.0,3,0.0,3.502,0.0,0.0,0.0,0.0,0.0,0.0,0.0
90.301,apt_walk_3_speckle,PARKED,0.0,0.0,0.0,4,0.0,3.376,0.0,0.0,0.0,0.0,0.0,0.0,0.0
90.401,apt_walk_3_speckle,PARKED,0.0,0.0,0.0,4,0.0,3.376,0.0,0.0,0.0,0.0,0.0,0.0,0.0
90.5,apt_walk_3_speckle,PARKED,0.0,0.0,0.0,3,0.0,3.646,0.0,0.0,0.0,0.0,0.0,0.0,0.0
90.601,apt_walk_3_speckle,PARKED,0.0,0.0,0.0,3,0.0,3.646,0.0,0.0,0.0,0.0,0.0,0.0,0.0
90.713,apt_walk_3_speckle,PARKED,0.0,0.0,0.0,4,0.0,3.651,0.0,0.0,0.0,0.0,0.0,0.0,0.0
90.801,apt_walk_3_speckle,PARKED,0.0,0.0,0.0,4,0.0,3.651,0.0,0.0,0.0,0.0,0.0,0.0,0.0
90.926,apt_walk_3_speckle,PARKED,0.0,0.0,0.0,4,0.0,3.645,0.0,0.0,0.0,0.0,0.0,0.0,0.0
91.001,apt_walk_3_speckle,PARKED,0.0,0.0,0.0,4,0.0,3.655,0.0,0.0,0.0,0.0,0.0,0.0,0.0
91.101,apt_walk_3_speckle,PARKED,0.0,0.0,0.0,4,0.0,3.655,0.0,0.0,0.0,0.0,0.0,0.0,0.0
91.201,apt_walk_3_speckle,PARKED,0.0,0.0,0.0,4,0.0,3.655,0.0,0.0,0.0,0.0,0.0,0.0,0.0
91.301,apt_walk_3_speckle,PARKED,0.0,0.0,0.0,4,0.0,3.655,0.0,0.0,0.0,0.0,0.0,0.0,0.0
91.401,apt_walk_3_speckle,PARKED,0.0,0.0,0.0,4,0.0,3.655,0.0,0.0,0.0,0.0,0.0,0.0,0.0
91.502,apt_walk_3_speckle,PARKED,0.0,0.0,0.0,4,0.0,3.655,0.0,0.0,0.0,0.0,0.0,0.0,0.0
91.606,apt_walk_3_speckle,PARKED,0.0,0.0,0.0,4,0.0,3.738,0.0,0.0,0.0,0.0,0.0,0.0,0.0
91.701,apt_walk_3_speckle,PARKED,0.0,0.0,0.0,4,0.0,3.738,0.0,0.0,0.0,0.0,0.0,0.0,0.0
91.815,apt_walk_3_speckle,PARKED,0.0,0.0,0.0,4,0.0,3.745,0.0,0.0,0.0,0.0,0.0,0.0,0.0
91.951,apt_walk_3_speckle,PARKED,0.0,0.0,0.0,4,0.0,3.699,0.0,0.0,0.0,0.0,0.0,0.0,0.0
92.002,apt_walk_3_speckle,PARKED,0.0,0.0,0.0,4,0.0,3.699,0.0,0.0,0.0,0.0,0.0,0.0,0.0
92.102,apt_walk_3_speckle,PARKED,0.0,0.0,0.0,4,0.0,3.652,0.0,0.0,0.0,0.0,0.0,0.0,0.0
92.201,apt_walk_3_speckle,PARKED,0.0,0.0,0.0,4,0.0,3.652,0.0,0.0,0.0,0.0,0.0,0.0,0.0
92.301,apt_walk_3_speckle,PARKED,0.0,0.0,0.0,4,0.0,3.764,0.0,0.0,0.0,0.0,0.0,0.0,0.0
92.433,apt_walk_3_speckle,PARKED,0.0,0.0,0.0,4,0.0,3.649,0.0,0.0,0.0,0.0,0.0,0.0,0.0
92.55,apt_walk_3_speckle,PARKED,0.0,0.0,0.0,4,0.0,3.649,0.0,0.0,0.0,0.0,0.0,0.0,0.0
92.601,apt_walk_3_speckle,PARKED,0.0,0.0,0.0,4,0.0,3.649,0.0,0.0,0.0,0.0,0.0,0.0,0.0
92.731,apt_walk_3_speckle,PARKED,0.0,0.0,0.0,4,0.0,3.511,0.0,0.0,0.0,0.0,0.0,0.0,0.0
92.823,apt_walk_3_speckle,PARKED,0.0,0.0,0.0,4,0.0,3.293,0.0,0.0,0.0,0.0,0.0,0.0,0.0
92.901,apt_walk_3_speckle,PARKED,0.0,0.0,0.0,4,0.0,3.161,0.0,0.0,0.0,0.0,0.0,0.0,0.0
93.002,apt_walk_3_speckle,PARKED,0.0,0.0,0.0,4,0.0,3.161,0.0,0.0,0.0,0.0,0.0,0.0,0.0
93.116,apt_walk_3_speckle,PARKED,0.0,0.0,0.0,4,0.0,3.08,0.0,0.0,0.0,0.0,0.0,0.0,0.0
93.212,apt_walk_3_speckle,PARKED,0.0,0.0,0.0,4,0.0,3.08,0.0,0.0,0.0,0.0,0.0,0.0,0.0
93.331,apt_walk_3_speckle,PARKED,0.0,0.0,0.0,4,0.0,2.699,0.0,0.0,0.0,0.0,0.0,0.0,0.0
93.401,apt_walk_3_speckle,PARKED,0.0,0.0,0.0,4,0.0,2.699,0.0,0.0,0.0,0.0,0.0,0.0,0.0
93.501,apt_walk_3_speckle,PARKED,0.0,0.0,0.0,4,0.0,2.699,0.0,0.0,0.0,0.0,0.0,0.0,0.0
93.601,apt_walk_3_speckle,PARKED,0.0,0.0,0.0,4,0.0,2.699,0.0,0.0,0.0,0.0,0.0,0.0,0.0
93.73,apt_walk_3_speckle,PARKED,0.0,0.0,0.0,4,0.0,2.434,0.0,0.0,0.0,0.0,0.0,0.0,0.0
93.802,apt_walk_3_speckle,PARKED,0.0,0.0,0.0,4,0.0,2.272,0.0,0.0,0.0,0.0,0.0,0.0,0.0
93.916,apt_walk_3_speckle,PARKED,0.0,0.0,0.0,4,0.0,2.098,0.0,0.0,0.0,0.0,0.0,0.0,0.0
94.001,apt_walk_3_speckle,PARKED,0.0,0.0,0.0,4,0.0,1.978,0.0,0.0,0.0,0.0,0.0,0.0,0.0
94.15,apt_walk_3_speckle,PARKED,0.0,0.0,0.0,4,0.0,1.978,0.0,0.0,0.0,0.0,0.0,0.0,0.0
94.201,apt_walk_3_speckle,PARKED,0.0,0.0,0.0,4,0.0,1.978,0.0,0.0,0.0,0.0,0.0,0.0,0.0
94.301,apt_walk_3_speckle,PARKED,0.0,0.0,0.0,4,0.0,1.978,0.0,0.0,0.0,0.0,0.0,0.0,0.0
94.401,apt_walk_3_speckle,PARKED,0.0,0.0,0.0,4,0.0,1.978,0.0,0.0,0.0,0.0,0.0,0.0,0.0
94.501,apt_walk_3_speckle,PARKED,0.0,0.0,0.0,4,0.0,1.978,0.0,0.0,0.0,0.0,0.0,0.0,0.0
94.601,apt_walk_3_speckle,PARKED,0.0,0.0,0.0,4,0.0,1.978,0.0,0.0,0.0,0.0,0.0,0.0,0.0
94.702,apt_walk_3_speckle,PARKED,0.0,0.0,0.0,4,0.0,1.896,0.0,0.0,0.0,0.0,0.0,0.0,0.0
94.8,apt_walk_3_speckle,PARKED,0.0,0.0,0.0,4,0.0,1.51,0.0,0.0,0.0,0.0,0.0,0.0,0.0
94.937,apt_walk_3_speckle,PARKED,0.0,0.0,0.0,4,0.1844,1.464,0.0,0.0,0.0,0.0,0.0,0.0,0.0
95.001,apt_walk_3_speckle,PARKED,0.0,0.0,0.0,4,0.1844,1.464,0.0,0.0,0.0,0.0,0.0,0.0,0.0
95.101,apt_walk_3_speckle,PARKED,0.0,0.0,0.0,4,0.1844,1.464,0.0,0.0,0.0,0.0,0.0,0.0,0.0
95.201,apt_walk_3_speckle,PARKED,0.0,0.0,0.0,4,0.3581,1.449,0.0,0.0,0.0,0.0,0.0,0.0,0.0
95.301,apt_walk_3_speckle,PARKED,0.0,0.0,0.0,4,0.3581,1.449,0.0,0.0,0.0,0.0,0.0,0.0,0.0
95.402,apt_walk_3_speckle,PARKED,0.0,0.0,0.0,4,0.3684,1.452,0.0,0.0,0.0,0.0,0.0,0.0,0.0
95.521,apt_walk_3_speckle,PARKED,0.0,0.0,0.0,4,0.6026,1.584,0.0,0.0,0.0,0.0,0.0,0.0,0.0
95.601,apt_walk_3_speckle,PARKED,0.0,0.0,0.0,4,0.6026,1.584,0.0,0.0,0.0,0.0,0.0,0.0,0.0
95.736,apt_walk_3_speckle,PARKED,0.0,0.0,0.0,3,0.592,1.862,0.0,0.0,0.0,0.0,0.0,0.0,0.0
95.801,apt_walk_3_speckle,PARKED,0.0,0.0,0.0,3,0.592,1.862,0.0,0.0,0.0,0.0,0.0,0.0,0.0
95.901,apt_walk_3_speckle,PARKED,0.0,0.0,0.0,3,0.592,1.862,0.0,0.0,0.0,0.0,0.0,0.0,0.0
96.001,apt_walk_3_speckle,PARKED,0.0,0.0,0.0,3,0.0,2.064,0.0,0.0,0.0,0.0,0.0,0.0,0.0
96.126,apt_walk_3_speckle,PARKED,0.0,0.0,0.0,3,0.0,2.064,0.0,0.0,0.0,0.0,0.0,0.0,0.0
96.208,apt_walk_3_speckle,PARKED,0.0,0.0,0.0,3,0.0,2.322,0.0,0.0,0.0,0.0,0.0,0.0,0.0
96.301,apt_walk_3_speckle,PARKED,0.0,0.0,0.0,3,0.0,2.322,0.0,0.0,0.0,0.0,0.0,0.0,0.0
96.402,apt_walk_3_speckle,PARKED,0.0,0.0,0.0,3,0.0,2.484,0.0,0.0,0.0,0.0,0.0,0.0,0.0
96.501,apt_walk_3_speckle,PARKED,0.0,0.0,0.0,3,0.0,2.484,0.0,0.0,0.0,0.0,0.0,0.0,0.0
96.602,apt_walk_3_speckle,PARKED,0.0,0.0,0.0,3,0.0,2.484,0.0,0.0,0.0,0.0,0.0,0.0,0.0
96.744,apt_walk_3_speckle,PARKED,0.0,0.0,0.0,3,0.0,2.558,0.0,0.0,0.0,0.0,0.0,0.0,0.0
96.801,apt_walk_3_speckle,PARKED,0.0,0.0,0.0,3,0.0,2.558,0.0,0.0,0.0,0.0,0.0,0.0,0.0
96.901,apt_walk_3_speckle,PARKED,0.0,0.0,0.0,3,0.0,2.558,0.0,0.0,0.0,0.0,0.0,0.0,0.0
97.001,apt_walk_3_speckle,PARKED,0.0,0.0,0.0,3,0.0,2.558,0.0,0.0,0.0,0.0,0.0,0.0,0.0
97.101,apt_walk_3_speckle,PARKED,0.0,0.0,0.0,3,0.0,2.558,0.0,0.0,0.0,0.0,0.0,0.0,0.0
97.233,apt_walk_3_speckle,PARKED,0.0,0.0,0.0,3,0.0,3.328,0.0,0.0,0.0,0.0,0.0,0.0,0.0
97.301,apt_walk_3_speckle,PARKED,0.0,0.0,0.0,3,0.0,3.328,0.0,0.0,0.0,0.0,0.0,0.0,0.0
97.447,apt_walk_3_speckle,PARKED,0.0,0.0,0.0,3,0.0,3.328,0.0,0.0,0.0,0.0,0.0,0.0,0.0
97.501,apt_walk_3_speckle,PARKED,0.0,0.0,0.0,3,0.0,3.328,0.0,0.0,0.0,0.0,0.0,0.0,0.0
97.62,apt_walk_3_speckle,PARKED,0.0,0.0,0.0,3,0.0,3.418,0.0,0.0,0.0,0.0,0.0,0.0,0.0
97.749,apt_walk_3_speckle,PARKED,0.0,0.0,0.0,3,0.0,3.662,0.0,0.0,0.0,0.0,0.0,0.0,0.0
97.801,apt_walk_3_speckle,PARKED,0.0,0.0,0.0,3,0.0,3.662,0.0,0.0,0.0,0.0,0.0,0.0,0.0
97.901,apt_walk_3_speckle,PARKED,0.0,0.0,0.0,3,0.0,3.662,0.0,0.0,0.0,0.0,0.0,0.0,0.0
98.001,apt_walk_3_speckle,PARKED,0.0,0.0,0.0,3,0.0,3.662,0.0,0.0,0.0,0.0,0.0,0.0,0.0
98.101,apt_walk_3_speckle,PARKED,0.0,0.0,0.0,3,0.0,3.662,0.0,0.0,0.0,0.0,0.0,0.0,0.0
98.242,apt_walk_3_speckle,PARKED,0.0,0.0,0.0,3,0.0,3.706,0.0,0.0,0.0,0.0,0.0,0.0,0.0
98.301,apt_walk_3_speckle,PARKED,0.0,0.0,0.0,3,0.0,3.706,0.0,0.0,0.0,0.0,0.0,0.0,0.0
98.401,apt_walk_3_speckle,PARKED,0.0,0.0,0.0,3,0.0,3.706,0.0,0.0,0.0,0.0,0.0,0.0,0.0
98.501,apt_walk_3_speckle,PARKED,0.0,0.0,0.0,3,0.0,3.733,0.0,0.0,0.0,0.0,0.0,0.0,0.0
98.65,apt_walk_3_speckle,PARKED,0.0,0.0,0.0,3,0.0,3.684,0.0,0.0,0.0,0.0,0.0,0.0,0.0
98.728,apt_walk_3_speckle,PARKED,0.0,0.0,0.0,3,0.0,3.684,0.0,0.0,0.0,0.0,0.0,0.0,0.0
98.802,apt_walk_3_speckle,PARKED,0.0,0.0,0.0,3,0.0,3.684,0.0,0.0,0.0,0.0,0.0,0.0,0.0
98.901,apt_walk_3_speckle,PARKED,0.0,0.0,0.0,3,0.0,3.684,0.0,0.0,0.0,0.0,0.0,0.0,0.0
99.001,apt_walk_3_speckle,PARKED,0.0,0.0,0.0,3,0.0,3.684,0.0,0.0,0.0,0.0,0.0,0.0,0.0
99.101,apt_walk_3_speckle,PARKED,0.0,0.0,0.0,3,0.0,3.643,0.0,0.0,0.0,0.0,0.0,0.0,0.0
99.225,apt_walk_3_speckle,PARKED,0.0,0.0,0.0,4,0.0,3.665,0.0,0.0,0.0,0.0,0.0,0.0,0.0
99.301,apt_walk_3_speckle,PARKED,0.0,0.0,0.0,4,0.0,3.665,0.0,0.0,0.0,0.0,0.0,0.0,0.0
99.401,apt_walk_3_speckle,PARKED,0.0,0.0,0.0,4,0.0,3.701,0.0,0.0,0.0,0.0,0.0,0.0,0.0
99.516,apt_walk_3_speckle,PARKED,0.0,0.0,0.0,4,0.0,3.7,0.0,0.0,0.0,0.0,0.0,0.0,0.0
99.601,apt_walk_3_speckle,PARKED,0.0,0.0,0.0,3,0.0,3.665,0.0,0.0,0.0,0.0,0.0,0.0,0.0
99.732,apt_walk_3_speckle,PARKED,0.0,0.0,0.0,4,0.0,3.574,0.0,0.0,0.0,0.0,0.0,0.0,0.0
99.801,apt_walk_3_speckle,PARKED,0.0,0.0,0.0,4,0.0,3.574,0.0,0.0,0.0,0.0,0.0,0.0,0.0
99.902,apt_walk_3_speckle,PARKED,0.0,0.0,0.0,4,0.0,3.473,0.0,0.0,0.0,0.0,0.0,0.0,0.0
100.001,apt_walk_3_speckle,PARKED,0.0,0.0,0.0,4,0.0,3.473,0.0,0.0,0.0,0.0,0.0,0.0,0.0
100.101,apt_walk_3_speckle,PARKED,0.0,0.0,0.0,4,0.0,3.473,0.0,0.0,0.0,0.0,0.0,0.0,0.0
100.201,apt_walk_3_speckle,PARKED,0.0,0.0,0.0,4,0.0,3.058,0.0,0.0,0.0,0.0,0.0,0.0,0.0
100.322,apt_walk_3_speckle,PARKED,0.0,0.0,0.0,4,0.0,2.941,0.0,0.0,0.0,0.0,0.0,0.0,0.0
100.415,apt_walk_3_speckle,PARKED,0.0,0.0,0.0,4,0.0,2.857,0.0,0.0,0.0,0.0,0.0,0.0,0.0
100.543,apt_walk_3_speckle,PARKED,0.0,0.0,0.0,4,0.0,2.489,0.0,0.0,0.0,0.0,0.0,0.0,0.0
100.601,apt_walk_3_speckle,PARKED,0.0,0.0,0.0,4,0.0,2.489,0.0,0.0,0.0,0.0,0.0,0.0,0.0
100.701,apt_walk_3_speckle,PARKED,0.0,0.0,0.0,4,0.0,2.489,0.0,0.0,0.0,0.0,0.0,0.0,0.0
100.802,apt_walk_3_speckle,PARKED,0.0,0.0,0.0,5,0.0,2.358,0.0,0.0,0.0,0.0,0.0,0.0,0.0
100.94,apt_walk_3_speckle,PARKED,0.0,0.0,0.0,4,0.0,2.294,0.0,0.0,0.0,0.0,0.0,0.0,0.0
101.001,apt_walk_3_speckle,PARKED,0.0,0.0,0.0,4,0.0,2.228,0.0,0.0,0.0,0.0,0.0,0.0,0.0
101.109,apt_walk_3_speckle,PARKED,0.0,0.0,0.0,4,0.0,1.98,0.0,0.0,0.0,0.0,0.0,0.0,0.0
101.201,apt_walk_3_speckle,PARKED,0.0,0.0,0.0,4,0.0,1.98,0.0,0.0,0.0,0.0,0.0,0.0,0.0
101.301,apt_walk_3_speckle,PARKED,0.0,0.0,0.0,4,0.0,1.98,0.0,0.0,0.0,0.0,0.0,0.0,0.0
101.401,apt_walk_3_speckle,PARKED,0.0,0.0,0.0,4,0.0,1.98,0.0,0.0,0.0,0.0,0.0,0.0,0.0
101.536,apt_walk_3_speckle,PARKED,0.0,0.0,0.0,4,0.3147,1.683,0.0,0.0,0.0,0.0,0.0,0.0,0.0
101.601,apt_walk_3_speckle,PARKED,0.0,0.0,0.0,4,0.6341,1.574,0.0,0.0,0.0,0.0,0.0,0.0,0.0
101.721,apt_walk_3_speckle,PARKED,0.0,0.0,0.0,4,0.6341,1.574,0.0,0.0,0.0,0.0,0.0,0.0,0.0
101.801,apt_walk_3_speckle,PARKED,0.0,0.0,0.0,4,0.6341,1.574,0.0,0.0,0.0,0.0,0.0,0.0,0.0
101.941,apt_walk_3_speckle,PARKED,0.0,0.0,0.0,4,0.2452,1.445,0.0,0.0,0.0,0.0,0.0,0.0,0.0
102.012,apt_walk_3_speckle,PARKED,0.0,0.0,0.0,4,0.0,1.436,0.0,0.0,0.0,0.0,0.0,0.0,0.0
102.101,apt_walk_3_speckle,PARKED,0.0,0.0,0.0,4,0.0,1.436,0.0,0.0,0.0,0.0,0.0,0.0,0.0
102.201,apt_walk_3_speckle,PARKED,0.0,0.0,0.0,4,0.0,1.436,0.0,0.0,0.0,0.0,0.0,0.0,0.0
102.301,apt_walk_3_speckle,PARKED,0.0,0.0,0.0,4,0.0,1.436,0.0,0.0,0.0,0.0,0.0,0.0,0.0
102.401,apt_walk_3_speckle,PARKED,0.0,0.0,0.0,3,0.1336,1.395,0.0,0.0,0.0,0.0,0.0,0.0,0.0
102.503,apt_walk_3_speckle,PARKED,0.0,0.0,0.0,3,0.1746,1.468,0.0,0.0,0.0,0.0,0.0,0.0,0.0
102.634,apt_walk_3_speckle,PARKED,0.0,0.0,0.0,3,0.5576,1.561,0.0,0.0,0.0,0.0,0.0,0.0,0.0
102.701,apt_walk_3_speckle,PARKED,0.0,0.0,0.0,3,0.5576,1.561,0.0,0.0,0.0,0.0,0.0,0.0,0.0
102.835,apt_walk_3_speckle,PARKED,0.0,0.0,0.0,3,0.7995,1.675,0.0,0.0,0.0,0.0,0.0,0.0,0.0
102.928,apt_walk_3_speckle,PARKED,0.0,0.0,0.0,3,0.47,1.826,0.0,0.0,0.0,0.0,0.0,0.0,0.0
103.001,apt_walk_3_speckle,PARKED,0.0,0.0,0.0,3,0.17,1.957,0.0,0.0,0.0,0.0,0.0,0.0,0.0
103.145,apt_walk_3_speckle,PARKED,0.0,0.0,0.0,3,0.17,1.957,0.0,0.0,0.0,0.0,0.0,0.0,0.0
103.201,apt_walk_3_speckle,PARKED,0.0,0.0,0.0,3,0.17,1.957,0.0,0.0,0.0,0.0,0.0,0.0,0.0
103.301,apt_walk_3_speckle,PARKED,0.0,0.0,0.0,3,0.17,1.957,0.0,0.0,0.0,0.0,0.0,0.0,0.0
103.401,apt_walk_3_speckle,PARKED,0.0,0.0,0.0,3,0.17,1.957,0.0,0.0,0.0,0.0,0.0,0.0,0.0
103.501,apt_walk_3_speckle,PARKED,0.0,0.0,0.0,3,0.0,2.467,0.0,0.0,0.0,0.0,0.0,0.0,0.0
103.601,apt_walk_3_speckle,PARKED,0.0,0.0,0.0,3,0.0,2.467,0.0,0.0,0.0,0.0,0.0,0.0,0.0
103.701,apt_walk_3_speckle,PARKED,0.0,0.0,0.0,3,0.0,2.467,0.0,0.0,0.0,0.0,0.0,0.0,0.0
103.801,apt_walk_3_speckle,PARKED,0.0,0.0,0.0,3,0.0,2.559,0.0,0.0,0.0,0.0,0.0,0.0,0.0
103.923,apt_walk_3_speckle,PARKED,0.0,0.0,0.0,4,0.0,2.759,0.0,0.0,0.0,0.0,0.0,0.0,0.0
104.002,apt_walk_3_speckle,PARKED,0.0,0.0,0.0,3,0.0,2.952,0.0,0.0,0.0,0.0,0.0,0.0,0.0
104.133,apt_walk_3_speckle,PARKED,0.0,0.0,0.0,3,0.0,2.952,0.0,0.0,0.0,0.0,0.0,0.0,0.0
104.202,apt_walk_3_speckle,PARKED,0.0,0.0,0.0,3,0.0,2.952,0.0,0.0,0.0,0.0,0.0,0.0,0.0
104.301,apt_walk_3_speckle,PARKED,0.0,0.0,0.0,3,0.0,2.952,0.0,0.0,0.0,0.0,0.0,0.0,0.0
104.436,apt_walk_3_speckle,PARKED,0.0,0.0,0.0,3,0.0,3.437,0.0,0.0,0.0,0.0,0.0,0.0,0.0
104.501,apt_walk_3_speckle,PARKED,0.0,0.0,0.0,3,0.0,3.437,0.0,0.0,0.0,0.0,0.0,0.0,0.0
104.602,apt_walk_3_speckle,PARKED,0.0,0.0,0.0,3,0.0,3.511,0.0,0.0,0.0,0.0,0.0,0.0,0.0
104.744,apt_walk_3_speckle,PARKED,0.0,0.0,0.0,4,0.0,3.499,0.0,0.0,0.0,0.0,0.0,0.0,0.0
104.802,apt_walk_3_speckle,PARKED,0.0,0.0,0.0,4,0.0,3.499,0.0,0.0,0.0,0.0,0.0,0.0,0.0
104.901,apt_walk_3_speckle,PARKED,0.0,0.0,0.0,4,0.0,3.685,0.0,0.0,0.0,0.0,0.0,0.0,0.0
105.044,apt_walk_3_speckle,PARKED,0.0,0.0,0.0,4,0.0,3.685,0.0,0.0,0.0,0.0,0.0,0.0,0.0
105.101,apt_walk_3_speckle,PARKED,0.0,0.0,0.0,4,0.0,3.685,0.0,0.0,0.0,0.0,0.0,0.0,0.0
105.201,apt_walk_3_speckle,PARKED,0.0,0.0,0.0,4,0.0,3.685,0.0,0.0,0.0,0.0,0.0,0.0,0.0
105.301,apt_walk_3_speckle,PARKED,0.0,0.0,0.0,4,0.0,3.739,0.0,0.0,0.0,0.0,0.0,0.0,0.0
105.401,apt_walk_3_speckle,PARKED,0.0,0.0,0.0,4,0.0,3.739,0.0,0.0,0.0,0.0,0.0,0.0,0.0
105.501,apt_walk_3_speckle,PARKED,0.0,0.0,0.0,4,0.0,3.693,0.0,0.0,0.0,0.0,0.0,0.0,0.0
105.601,apt_walk_3_speckle,PARKED,0.0,0.0,0.0,4,0.0,3.693,0.0,0.0,0.0,0.0,0.0,0.0,0.0
105.701,apt_walk_3_speckle,PARKED,0.0,0.0,0.0,4,0.0,3.693,0.0,0.0,0.0,0.0,0.0,0.0,0.0
105.802,apt_walk_3_speckle,PARKED,0.0,0.0,0.0,4,0.0,3.693,0.0,0.0,0.0,0.0,0.0,0.0,0.0
105.934,apt_walk_3_speckle,PARKED,0.0,0.0,0.0,4,0.0,3.674,0.0,0.0,0.0,0.0,0.0,0.0,0.0
106.003,apt_walk_3_speckle,PARKED,0.0,0.0,0.0,4,0.0,3.75,0.0,0.0,0.0,0.0,0.0,0.0,0.0
106.133,apt_walk_3_speckle,PARKED,0.0,0.0,0.0,4,0.0,3.809,0.0,0.0,0.0,0.0,0.0,0.0,0.0
106.202,apt_walk_3_speckle,PARKED,0.0,0.0,0.0,4,0.0,3.809,0.0,0.0,0.0,0.0,0.0,0.0,0.0
106.341,apt_walk_3_speckle,PARKED,0.0,0.0,0.0,4,0.0,3.809,0.0,0.0,0.0,0.0,0.0,0.0,0.0
106.402,apt_walk_3_speckle,PARKED,0.0,0.0,0.0,4,0.0,3.809,0.0,0.0,0.0,0.0,0.0,0.0,0.0
106.516,apt_walk_3_speckle,PARKED,0.0,0.0,0.0,3,0.0,3.728,0.0,0.0,0.0,0.0,0.0,0.0,0.0
106.646,apt_walk_3_speckle,PARKED,0.0,0.0,0.0,3,0.0,3.728,0.0,0.0,0.0,0.0,0.0,0.0,0.0
106.7,apt_walk_3_speckle,PARKED,0.0,0.0,0.0,3,0.0,3.728,0.0,0.0,0.0,0.0,0.0,0.0,0.0
106.823,apt_walk_3_speckle,PARKED,0.0,0.0,0.0,3,0.0,3.655,0.0,0.0,0.0,0.0,0.0,0.0,0.0
106.901,apt_walk_3_speckle,PARKED,0.0,0.0,0.0,3,0.0,3.545,0.0,0.0,0.0,0.0,0.0,0.0,0.0
107.001,apt_walk_3_speckle,PARKED,0.0,0.0,0.0,3,0.0,3.408,0.0,0.0,0.0,0.0,0.0,0.0,0.0
107.101,apt_walk_3_speckle,PARKED,0.0,0.0,0.0,3,0.0,3.408,0.0,0.0,0.0,0.0,0.0,0.0,0.0
107.247,apt_walk_3_speckle,PARKED,0.0,0.0,0.0,3,0.0,3.253,0.0,0.0,0.0,0.0,0.0,0.0,0.0
107.336,apt_walk_3_speckle,PARKED,0.0,0.0,0.0,3,0.0,3.129,0.0,0.0,0.0,0.0,0.0,0.0,0.0
107.412,apt_walk_3_speckle,PARKED,0.0,0.0,0.0,3,0.0,2.988,0.0,0.0,0.0,0.0,0.0,0.0,0.0
107.501,apt_walk_3_speckle,PARKED,0.0,0.0,0.0,3,0.0,2.988,0.0,0.0,0.0,0.0,0.0,0.0,0.0
107.601,apt_walk_3_speckle,PARKED,0.0,0.0,0.0,3,0.0,2.988,0.0,0.0,0.0,0.0,0.0,0.0,0.0
107.701,apt_walk_3_speckle,PARKED,0.0,0.0,0.0,3,0.0,2.988,0.0,0.0,0.0,0.0,0.0,0.0,0.0
107.801,apt_walk_3_speckle,PARKED,0.0,0.0,0.0,3,0.0,2.637,0.0,0.0,0.0,0.0,0.0,0.0,0.0
107.914,apt_walk_3_speckle,PARKED,0.0,0.0,0.0,3,0.0,2.416,0.0,0.0,0.0,0.0,0.0,0.0,0.0
108.039,apt_walk_3_speckle,PARKED,0.0,0.0,0.0,3,0.0,2.416,0.0,0.0,0.0,0.0,0.0,0.0,0.0
108.101,apt_walk_3_speckle,PARKED,0.0,0.0,0.0,3,0.0,2.416,0.0,0.0,0.0,0.0,0.0,0.0,0.0
108.23,apt_walk_3_speckle,PARKED,0.0,0.0,0.0,3,0.0,2.416,0.0,0.0,0.0,0.0,0.0,0.0,0.0
108.348,apt_walk_3_speckle,PARKED,0.0,0.0,0.0,3,0.0,2.079,0.0,0.0,0.0,0.0,0.0,0.0,0.0
108.409,apt_walk_3_speckle,PARKED,0.0,0.0,0.0,3,0.0,1.983,0.0,0.0,0.0,0.0,0.0,0.0,0.0
108.537,apt_walk_3_speckle,PARKED,0.0,0.0,0.0,3,0.0,1.983,0.0,0.0,0.0,0.0,0.0,0.0,0.0
108.602,apt_walk_3_speckle,PARKED,0.0,0.0,0.0,3,0.0,1.983,0.0,0.0,0.0,0.0,0.0,0.0,0.0
108.702,apt_walk_3_speckle,PARKED,0.0,0.0,0.0,3,0.0,1.983,0.0,0.0,0.0,0.0,0.0,0.0,0.0
108.827,apt_walk_3_speckle,PARKED,0.0,0.0,0.0,3,0.6604,1.657,0.0,0.0,0.0,0.0,0.0,0.0,0.0
108.901,apt_walk_3_speckle,PARKED,0.0,0.0,0.0,3,0.6604,1.657,0.0,0.0,0.0,0.0,0.0,0.0,0.0
109.001,apt_walk_3_speckle,PARKED,0.0,0.0,0.0,3,0.6604,1.657,0.0,0.0,0.0,0.0,0.0,0.0,0.0
109.102,apt_walk_3_speckle,PARKED,0.0,0.0,0.0,3,0.301,1.612,0.0,0.0,0.0,0.0,0.0,0.0,0.0
109.249,apt_walk_3_speckle,PARKED,0.0,0.0,0.0,3,0.3002,1.48,0.0,0.0,0.0,0.0,0.0,0.0,0.0
109.329,apt_walk_3_speckle,PARKED,0.0,0.0,0.0,3,0.3002,1.48,0.0,0.0,0.0,0.0,0.0,0.0,0.0
109.402,apt_walk_3_speckle,PARKED,0.0,0.0,0.0,3,0.3002,1.48,0.0,0.0,0.0,0.0,0.0,0.0,0.0
109.501,apt_walk_3_speckle,PARKED,0.0,0.0,0.0,3,0.3002,1.48,0.0,0.0,0.0,0.0,0.0,0.0,0.0
109.64,apt_walk_3_speckle,PARKED,0.0,0.0,0.0,3,0.3025,1.462,0.0,0.0,0.0,0.0,0.0,0.0,0.0
109.701,apt_walk_3_speckle,PARKED,0.0,0.0,0.0,3,0.3025,1.462,0.0,0.0,0.0,0.0,0.0,0.0,0.0
109.801,apt_walk_3_speckle,PARKED,0.0,0.0,0.0,3,0.3025,1.462,0.0,0.0,0.0,0.0,0.0,0.0,0.0
109.936,apt_walk_3_speckle,PARKED,0.0,0.0,0.0,3,0.6,1.675,0.0,0.0,0.0,0.0,0.0,0.0,0.0
110.001,apt_walk_3_speckle,PARKED,0.0,0.0,0.0,3,0.6,1.675,0.0,0.0,0.0,0.0,0.0,0.0,0.0
110.127,apt_walk_3_speckle,PARKED,0.0,0.0,0.0,3,0.2,1.854,0.0,0.0,0.0,0.0,0.0,0.0,0.0
110.202,apt_walk_3_speckle,PARKED,0.0,0.0,0.0,3,0.2,1.854,0.0,0.0,0.0,0.0,0.0,0.0,0.0
110.343,apt_walk_3_speckle,PARKED,0.0,0.0,0.0,3,0.0,2.011,0.0,0.0,0.0,0.0,0.0,0.0,0.0
110.409,apt_walk_3_speckle,PARKED,0.0,0.0,0.0,3,0.0,2.072,0.0,0.0,0.0,0.0,0.0,0.0,0.0
110.539,apt_walk_3_speckle,PARKED,0.0,0.0,0.0,3,0.0,2.15,0.0,0.0,0.0,0.0,0.0,0.0,0.0
110.601,apt_walk_3_speckle,PARKED,0.0,0.0,0.0,3,0.0,2.15,0.0,0.0,0.0,0.0,0.0,0.0,0.0
110.701,apt_walk_3_speckle,PARKED,0.0,0.0,0.0,3,0.0,2.3,0.0,0.0,0.0,0.0,0.0,0.0,0.0
110.801,apt_walk_3_speckle,PARKED,0.0,0.0,0.0,3,0.0,2.3,0.0,0.0,0.0,0.0,0.0,0.0,0.0
110.902,apt_walk_3_speckle,PARKED,0.0,0.0,0.0,3,0.0,2.548,0.0,0.0,0.0,0.0,0.0,0.0,0.0
111.035,apt_walk_3_speckle,PARKED,0.0,0.0,0.0,3,0.0,2.616,0.0,0.0,0.0,0.0,0.0,0.0,0.0
111.101,apt_walk_3_speckle,PARKED,0.0,0.0,0.0,3,0.0,2.616,0.0,0.0,0.0,0.0,0.0,0.0,0.0
111.202,apt_walk_3_speckle,PARKED,0.0,0.0,0.0,3,0.0,2.764,0.0,0.0,0.0,0.0,0.0,0.0,0.0
111.343,apt_walk_3_speckle,PARKED,0.0,0.0,0.0,3,0.0,2.945,0.0,0.0,0.0,0.0,0.0,0.0,0.0
111.437,apt_walk_3_speckle,PARKED,0.0,0.0,0.0,3,0.0,3.061,0.0,0.0,0.0,0.0,0.0,0.0,0.0
111.55,apt_walk_3_speckle,PARKED,0.0,0.0,0.0,3,0.0,3.309,0.0,0.0,0.0,0.0,0.0,0.0,0.0
111.601,apt_walk_3_speckle,PARKED,0.0,0.0,0.0,3,0.0,3.309,0.0,0.0,0.0,0.0,0.0,0.0,0.0
111.701,apt_walk_3_speckle,PARKED,0.0,0.0,0.0,3,0.0,3.309,0.0,0.0,0.0,0.0,0.0,0.0,0.0
111.801,apt_walk_3_speckle,PARKED,0.0,0.0,0.0,3,0.0,3.309,0.0,0.0,0.0,0.0,0.0,0.0,0.0
111.901,apt_walk_3_speckle,PARKED,0.0,0.0,0.0,3,0.0,3.309,0.0,0.0,0.0,0.0,0.0,0.0,0.0
112.001,apt_walk_3_speckle,PARKED,0.0,0.0,0.0,3,0.0,3.609,0.0,0.0,0.0,0.0,0.0,0.0,0.0
112.101,apt_walk_3_speckle,PARKED,0.0,0.0,0.0,3,0.0,3.609,0.0,0.0,0.0,0.0,0.0,0.0,0.0
112.201,apt_walk_3_speckle,PARKED,0.0,0.0,0.0,3,0.0,3.609,0.0,0.0,0.0,0.0,0.0,0.0,0.0
112.301,apt_walk_3_speckle,PARKED,0.0,0.0,0.0,3,0.0,3.663,0.0,0.0,0.0,0.0,0.0,0.0,0.0
112.414,apt_walk_3_speckle,PARKED,0.0,0.0,0.0,3,0.0,3.663,0.0,0.0,0.0,0.0,0.0,0.0,0.0
112.547,apt_walk_3_speckle,PARKED,0.0,0.0,0.0,3,0.0,3.745,0.0,0.0,0.0,0.0,0.0,0.0,0.0
112.605,apt_walk_3_speckle,PARKED,0.0,0.0,0.0,3,0.0,3.706,0.0,0.0,0.0,0.0,0.0,0.0,0.0
112.745,apt_walk_3_speckle,PARKED,0.0,0.0,0.0,3,0.0,3.706,0.0,0.0,0.0,0.0,0.0,0.0,0.0
112.801,apt_walk_3_speckle,PARKED,0.0,0.0,0.0,3,0.0,3.706,0.0,0.0,0.0,0.0,0.0,0.0,0.0
112.923,apt_walk_3_speckle,PARKED,0.0,0.0,0.0,4,0.0,3.684,0.0,0.0,0.0,0.0,0.0,0.0,0.0
113.001,apt_walk_3_speckle,PARKED,0.0,0.0,0.0,4,0.0,3.684,0.0,0.0,0.0,0.0,0.0,0.0,0.0
113.101,apt_walk_3_speckle,PARKED,0.0,0.0,0.0,5,0.0,3.695,0.0,0.0,0.0,0.0,0.0,0.0,0.0
113.243,apt_walk_3_speckle,PARKED,0.0,0.0,0.0,5,0.0,3.695,0.0,0.0,0.0,0.0,0.0,0.0,0.0
113.301,apt_walk_3_speckle,PARKED,0.0,0.0,0.0,5,0.0,3.695,0.0,0.0,0.0,0.0,0.0,0.0,0.0
113.451,apt_walk_3_speckle,PARKED,0.0,0.0,0.0,5,0.0,3.7,0.0,0.0,0.0,0.0,0.0,0.0,0.0
113.518,apt_walk_3_speckle,PARKED,0.0,0.0,0.0,4,0.0,3.705,0.0,0.0,0.0,0.0,0.0,0.0,0.0
113.601,apt_walk_3_speckle,PARKED,0.0,0.0,0.0,4,0.0,3.705,0.0,0.0,0.0,0.0,0.0,0.0,0.0
113.701,apt_walk_3_speckle,PARKED,0.0,0.0,0.0,4,0.0,3.705,0.0,0.0,0.0,0.0,0.0,0.0,0.0
113.831,apt_walk_3_speckle,PARKED,0.0,0.0,0.0,5,0.0,3.737,0.0,0.0,0.0,0.0,0.0,0.0,0.0
113.901,apt_walk_3_speckle,PARKED,0.0,0.0,0.0,5,0.0,3.737,0.0,0.0,0.0,0.0,0.0,0.0,0.0
114.001,apt_walk_3_speckle,PARKED,0.0,0.0,0.0,5,0.0,3.737,0.0,0.0,0.0,0.0,0.0,0.0,0.0
114.101,apt_walk_3_speckle,PARKED,0.0,0.0,0.0,5,0.0,3.737,0.0,0.0,0.0,0.0,0.0,0.0,0.0
114.201,apt_walk_3_speckle,PARKED,0.0,0.0,0.0,5,0.0,3.737,0.0,0.0,0.0,0.0,0.0,0.0,0.0
114.341,apt_walk_3_speckle,PARKED,0.0,0.0,0.0,5,0.0,3.737,0.0,0.0,0.0,0.0,0.0,0.0,0.0
114.402,apt_walk_3_speckle,PARKED,0.0,0.0,0.0,5,0.0,3.737,0.0,0.0,0.0,0.0,0.0,0.0,0.0
114.501,apt_walk_3_speckle,PARKED,0.0,0.0,0.0,5,0.0,3.737,0.0,0.0,0.0,0.0,0.0,0.0,0.0
114.601,apt_walk_3_speckle,PARKED,0.0,0.0,0.0,4,0.0,3.298,0.0,0.0,0.0,0.0,0.0,0.0,0.0
114.701,apt_walk_3_speckle,PARKED,0.0,0.0,0.0,4,0.0,3.157,0.0,0.0,0.0,0.0,0.0,0.0,0.0
114.801,apt_walk_3_speckle,PARKED,0.0,0.0,0.0,4,0.0,3.157,0.0,0.0,0.0,0.0,0.0,0.0,0.0
114.901,apt_walk_3_speckle,PARKED,0.0,0.0,0.0,3,0.0,2.953,0.0,0.0,0.0,0.0,0.0,0.0,0.0
115.038,apt_walk_3_speckle,PARKED,0.0,0.0,0.0,3,0.0,2.736,0.0,0.0,0.0,0.0,0.0,0.0,0.0
115.111,apt_walk_3_speckle,PARKED,0.0,0.0,0.0,3,0.0,2.736,0.0,0.0,0.0,0.0,0.0,0.0,0.0
115.202,apt_walk_3_speckle,PARKED,0.0,0.0,0.0,3,0.0,2.554,0.0,0.0,0.0,0.0,0.0,0.0,0.0
115.301,apt_walk_3_speckle,PARKED,0.0,0.0,0.0,3,0.0,2.554,0.0,0.0,0.0,0.0,0.0,0.0,0.0
115.401,apt_walk_3_speckle,PARKED,0.0,0.0,0.0,3,0.0,2.554,0.0,0.0,0.0,0.0,0.0,0.0,0.0
115.501,apt_walk_3_speckle,PARKED,0.0,0.0,0.0,3,0.0,2.554,0.0,0.0,0.0,0.0,0.0,0.0,0.0
115.634,apt_walk_3_speckle,PARKED,0.0,0.0,0.0,3,0.0,2.205,0.0,0.0,0.0,0.0,0.0,0.0,0.0
115.701,apt_walk_3_speckle,PARKED,0.0,0.0,0.0,3,0.0,2.205,0.0,0.0,0.0,0.0,0.0,0.0,0.0
115.802,apt_walk_3_speckle,PARKED,0.0,0.0,0.0,3,0.0,2.079,0.0,0.0,0.0,0.0,0.0,0.0,0.0
115.919,apt_walk_3_speckle,PARKED,0.0,0.0,0.0,3,0.0,2.019,0.0,0.0,0.0,0.0,0.0,0.0,0.0
116.044,apt_walk_3_speckle,PARKED,0.0,0.0,0.0,3,0.0,1.802,0.0,0.0,0.0,0.0,0.0,0.0,0.0
116.11,apt_walk_3_speckle,PARKED,0.0,0.0,0.0,3,0.0,1.802,0.0,0.0,0.0,0.0,0.0,0.0,0.0
116.201,apt_walk_3_speckle,PARKED,0.0,0.0,0.0,3,0.335,1.689,0.0,0.0,0.0,0.0,0.0,0.0,0.0
116.301,apt_walk_3_speckle,PARKED,0.0,0.0,0.0,3,0.335,1.689,0.0,0.0,0.0,0.0,0.0,0.0,0.0
116.426,apt_walk_3_speckle,PARKED,0.0,0.0,0.0,3,0.063,1.635,0.0,0.0,0.0,0.0,0.0,0.0,0.0
116.501,apt_walk_3_speckle,PARKED,0.0,0.0,0.0,3,0.063,1.635,0.0,0.0,0.0,0.0,0.0,0.0,0.0
116.601,apt_walk_3_speckle,PARKED,0.0,0.0,0.0,3,0.003,1.457,0.0,0.0,0.0,0.0,0.0,0.0,0.0
116.73,apt_walk_3_speckle,PARKED,0.0,0.0,0.0,3,0.003,1.457,0.0,0.0,0.0,0.0,0.0,0.0,0.0
116.801,apt_walk_3_speckle,PARKED,0.0,0.0,0.0,3,0.003,1.457,0.0,0.0,0.0,0.0,0.0,0.0,0.0
116.902,apt_walk_3_speckle,PARKED,0.0,0.0,0.0,3,0.4021,1.428,0.0,0.0,0.0,0.0,0.0,0.0,0.0
117.021,apt_walk_3_speckle,PARKED,0.0,0.0,0.0,3,0.2718,1.444,0.0,0.0,0.0,0.0,0.0,0.0,0.0
117.102,apt_walk_3_speckle,PARKED,0.0,0.0,0.0,3,0.2718,1.444,0.0,0.0,0.0,0.0,0.0,0.0,0.0
117.201,apt_walk_3_speckle,PARKED,0.0,0.0,0.0,3,0.057,1.469,0.0,0.0,0.0,0.0,0.0,0.0,0.0
117.341,apt_walk_3_speckle,PARKED,0.0,0.0,0.0,3,0.669,1.621,0.0,0.0,0.0,0.0,0.0,0.0,0.0
117.404,apt_walk_3_speckle,PARKED,0.0,0.0,0.0,3,0.669,1.621,0.0,0.0,0.0,0.0,0.0,0.0,0.0
117.501,apt_walk_3_speckle,PARKED,0.0,0.0,0.0,3,0.9939,1.753,0.0,0.0,0.0,0.0,0.0,0.0,0.0
117.601,apt_walk_3_speckle,PARKED,0.0,0.0,0.0,3,0.9939,1.753,0.0,0.0,0.0,0.0,0.0,0.0,0.0
117.701,apt_walk_3_speckle,PARKED,0.0,0.0,0.0,3,0.9939,1.753,0.0,0.0,0.0,0.0,0.0,0.0,0.0
117.801,apt_walk_3_speckle,PARKED,0.0,0.0,0.0,3,0.9939,1.753,0.0,0.0,0.0,0.0,0.0,0.0,0.0
117.901,apt_walk_3_speckle,PARKED,0.0,0.0,0.0,3,0.9939,1.753,0.0,0.0,0.0,0.0,0.0,0.0,0.0
118.001,apt_walk_3_speckle,PARKED,0.0,0.0,0.0,3,0.028,2.065,0.0,0.0,0.0,0.0,0.0,0.0,0.0
118.101,apt_walk_3_speckle,PARKED,0.0,0.0,0.0,3,0.028,2.065,0.0,0.0,0.0,0.0,0.0,0.0,0.0
118.201,apt_walk_3_speckle,PARKED,0.0,0.0,0.0,3,0.028,2.065,0.0,0.0,0.0,0.0,0.0,0.0,0.0
118.33,apt_walk_3_speckle,PARKED,0.0,0.0,0.0,3,0.0,2.511,0.0,0.0,0.0,0.0,0.0,0.0,0.0
118.413,apt_walk_3_speckle,PARKED,0.0,0.0,0.0,3,0.0,2.511,0.0,0.0,0.0,0.0,0.0,0.0,0.0
118.502,apt_walk_3_speckle,PARKED,0.0,0.0,0.0,3,0.0,2.511,0.0,0.0,0.0,0.0,0.0,0.0,0.0
118.647,apt_walk_3_speckle,PARKED,0.0,0.0,0.0,3,0.0,2.653,0.0,0.0,0.0,0.0,0.0,0.0,0.0
118.701,apt_walk_3_speckle,PARKED,0.0,0.0,0.0,3,0.0,2.653,0.0,0.0,0.0,0.0,0.0,0.0,0.0
118.801,apt_walk_3_speckle,PARKED,0.0,0.0,0.0,3,0.0,2.653,0.0,0.0,0.0,0.0,0.0,0.0,0.0
118.901,apt_walk_3_speckle,PARKED,0.0,0.0,0.0,3,0.0,3.083,0.0,0.0,0.0,0.0,0.0,0.0,0.0
119.002,apt_walk_3_speckle,PARKED,0.0,0.0,0.0,3,0.0,3.083,0.0,0.0,0.0,0.0,0.0,0.0,0.0
119.101,apt_walk_3_speckle,PARKED,0.0,0.0,0.0,3,0.0,3.083,0.0,0.0,0.0,0.0,0.0,0.0,0.0
119.201,apt_walk_3_speckle,PARKED,0.0,0.0,0.0,3,0.0,3.209,0.0,0.0,0.0,0.0,0.0,0.0,0.0
119.3,apt_walk_3_speckle,PARKED,0.0,0.0,0.0,3,0.0,3.563,0.0,0.0,0.0,0.0,0.0,0.0,0.0
119.401,apt_walk_3_speckle,PARKED,0.0,0.0,0.0,3,0.0,3.563,0.0,0.0,0.0,0.0,0.0,0.0,0.0
119.525,apt_walk_3_speckle,PARKED,0.0,0.0,0.0,3,0.0,3.563,0.0,0.0,0.0,0.0,0.0,0.0,0.0
119.601,apt_walk_3_speckle,PARKED,0.0,0.0,0.0,3,0.0,3.563,0.0,0.0,0.0,0.0,0.0,0.0,0.0
119.745,apt_walk_3_speckle,PARKED,0.0,0.0,0.0,3,0.0,3.681,0.0,0.0,0.0,0.0,0.0,0.0,0.0
119.801,apt_walk_3_speckle,PARKED,0.0,0.0,0.0,3,0.0,3.681,0.0,0.0,0.0,0.0,0.0,0.0,0.0
119.902,apt_walk_3_speckle,PARKED,0.0,0.0,0.0,3,0.0,3.732,0.0,0.0,0.0,0.0,0.0,0.0,0.0
120.001,apt_walk_3_speckle,PARKED,0.0,0.0,0.0,3,0.0,3.732,0.0,0.0,0.0,0.0,0.0,0.0,0.0
120.101,apt_walk_3_speckle,PARKED,0.0,0.0,0.0,3,0.0,3.732,0.0,0.0,0.0,0.0,0.0,0.0,0.0
120.236,apt_walk_3_speckle,PARKED,0.0,0.0,0.0,3,0.0,3.653,0.0,0.0,0.0,0.0,0.0,0.0,0.0
120.301,apt_walk_3_speckle,PARKED,0.0,0.0,0.0,3,0.0,3.676,0.0,0.0,0.0,0.0,0.0,0.0,0.0
120.401,apt_walk_3_speckle,PARKED,0.0,0.0,0.0,3,0.0,3.676,0.0,0.0,0.0,0.0,0.0,0.0,0.0
120.501,apt_walk_3_speckle,PARKED,0.0,0.0,0.0,3,0.0,3.676,0.0,0.0,0.0,0.0,0.0,0.0,0.0
120.634,apt_walk_3_speckle,PARKED,0.0,0.0,0.0,3,0.0,3.676,0.0,0.0,0.0,0.0,0.0,0.0,0.0
120.704,apt_walk_3_speckle,PARKED,0.0,0.0,0.0,3,0.0,3.657,0.0,0.0,0.0,0.0,0.0,0.0,0.0
120.802,apt_walk_3_speckle,PARKED,0.0,0.0,0.0,3,0.0,3.657,0.0,0.0,0.0,0.0,0.0,0.0,0.0
120.901,apt_walk_3_speckle,PARKED,0.0,0.0,0.0,3,0.0,3.657,0.0,0.0,0.0,0.0,0.0,0.0,0.0
121.002,apt_walk_3_speckle,PARKED,0.0,0.0,0.0,3,0.0,3.657,0.0,0.0,0.0,0.0,0.0,0.0,0.0
121.112,apt_walk_3_speckle,PARKED,0.0,0.0,0.0,3,0.0,3.724,0.0,0.0,0.0,0.0,0.0,0.0,0.0
121.24,apt_walk_3_speckle,PARKED,0.0,0.0,0.0,3,0.0,3.692,0.0,0.0,0.0,0.0,0.0,0.0,0.0
121.302,apt_walk_3_speckle,PARKED,0.0,0.0,0.0,3,0.0,3.725,0.0,0.0,0.0,0.0,0.0,0.0,0.0
121.432,apt_walk_3_speckle,PARKED,0.0,0.0,0.0,4,0.0,3.665,0.0,0.0,0.0,0.0,0.0,0.0,0.0
121.501,apt_walk_3_speckle,PARKED,0.0,0.0,0.0,4,0.0,3.665,0.0,0.0,0.0,0.0,0.0,0.0,0.0
121.601,apt_walk_3_speckle,PARKED,0.0,0.0,0.0,3,0.0,3.457,0.0,0.0,0.0,0.0,0.0,0.0,0.0
121.713,apt_walk_3_speckle,PARKED,0.0,0.0,0.0,3,0.0,3.457,0.0,0.0,0.0,0.0,0.0,0.0,0.0
121.801,apt_walk_3_speckle,PARKED,0.0,0.0,0.0,3,0.0,3.309,0.0,0.0,0.0,0.0,0.0,0.0,0.0
121.901,apt_walk_3_speckle,PARKED,0.0,0.0,0.0,3,0.0,3.309,0.0,0.0,0.0,0.0,0.0,0.0,0.0
122.002,apt_walk_3_speckle,PARKED,0.0,0.0,0.0,3,0.0,3.309,0.0,0.0,0.0,0.0,0.0,0.0,0.0
122.101,apt_walk_3_speckle,PARKED,0.0,0.0,0.0,3,0.0,3.309,0.0,0.0,0.0,0.0,0.0,0.0,0.0
122.202,apt_walk_3_speckle,PARKED,0.0,0.0,0.0,3,0.0,3.309,0.0,0.0,0.0,0.0,0.0,0.0,0.0
122.333,apt_walk_3_speckle,PARKED,0.0,0.0,0.0,3,0.0,2.877,0.0,0.0,0.0,0.0,0.0,0.0,0.0
122.418,apt_walk_3_speckle,PARKED,0.0,0.0,0.0,3,0.0,2.737,0.0,0.0,0.0,0.0,0.0,0.0,0.0
122.5,apt_walk_3_speckle,PARKED,0.0,0.0,0.0,3,0.0,2.737,0.0,0.0,0.0,0.0,0.0,0.0,0.0
122.638,apt_walk_3_speckle,PARKED,0.0,0.0,0.0,3,0.0,2.737,0.0,0.0,0.0,0.0,0.0,0.0,0.0
122.701,apt_walk_3_speckle,PARKED,0.0,0.0,0.0,3,0.0,2.737,0.0,0.0,0.0,0.0,0.0,0.0,0.0
122.825,apt_walk_3_speckle,PARKED,0.0,0.0,0.0,3,0.0,2.573,0.0,0.0,0.0,0.0,0.0,0.0,0.0
122.901,apt_walk_3_speckle,PARKED,0.0,0.0,0.0,3,0.0,2.525,0.0,0.0,0.0,0.0,0.0,0.0,0.0
123.049,apt_walk_3_speckle,PARKED,0.0,0.0,0.0,3,0.0,2.525,0.0,0.0,0.0,0.0,0.0,0.0,0.0
123.101,apt_walk_3_speckle,PARKED,0.0,0.0,0.0,3,0.0,2.525,0.0,0.0,0.0,0.0,0.0,0.0,0.0
123.201,apt_walk_3_speckle,PARKED,0.0,0.0,0.0,3,0.0,2.1,0.0,0.0,0.0,0.0,0.0,0.0,0.0
123.342,apt_walk_3_speckle,PARKED,0.0,0.0,0.0,3,0.0,1.913,0.0,0.0,0.0,0.0,0.0,0.0,0.0
123.402,apt_walk_3_speckle,PARKED,0.0,0.0,0.0,3,0.0,1.913,0.0,0.0,0.0,0.0,0.0,0.0,0.0
123.501,apt_walk_3_speckle,PARKED,0.0,0.0,0.0,3,0.0,1.843,0.0,0.0,0.0,0.0,0.0,0.0,0.0
123.649,apt_walk_3_speckle,PARKED,0.0,0.0,0.0,3,0.6009,1.651,0.0,0.0,0.0,0.0,0.0,0.0,0.0
123.701,apt_walk_3_speckle,PARKED,0.0,0.0,0.0,3,0.6009,1.651,0.0,0.0,0.0,0.0,0.0,0.0,0.0
123.801,apt_walk_3_speckle,PARKED,0.0,0.0,0.0,3,0.3805,1.593,0.0,0.0,0.0,0.0,0.0,0.0,0.0
123.901,apt_walk_3_speckle,PARKED,0.0,0.0,0.0,3,0.3805,1.593,0.0,0.0,0.0,0.0,0.0,0.0,0.0
124.034,apt_walk_3_speckle,PARKED,0.0,0.0,0.0,3,0.3113,1.521,0.0,0.0,0.0,0.0,0.0,0.0,0.0
124.124,apt_walk_3_speckle,PARKED,0.0,0.0,0.0,3,0.3113,1.521,0.0,0.0,0.0,0.0,0.0,0.0,0.0
124.201,apt_walk_3_speckle,PARKED,0.0,0.0,0.0,3,0.3113,1.521,0.0,0.0,0.0,0.0,0.0,0.0,0.0
124.301,apt_walk_3_speckle,PARKED,0.0,0.0,0.0,3,0.3113,1.521,0.0,0.0,0.0,0.0,0.0,0.0,0.0
124.401,apt_walk_3_speckle,PARKED,0.0,0.0,0.0,3,0.3113,1.521,0.0,0.0,0.0,0.0,0.0,0.0,0.0
124.546,apt_walk_3_speckle,PARKED,0.0,0.0,0.0,3,0.61,1.629,0.0,0.0,0.0,0.0,0.0,0.0,0.0
124.606,apt_walk_3_speckle,PARKED,0.0,0.0,0.0,3,0.6941,1.729,0.0,0.0,0.0,0.0,0.0,0.0,0.0
124.734,apt_walk_3_speckle,PARKED,0.0,0.0,0.0,3,0.304,1.865,0.0,0.0,0.0,0.0,0.0,0.0,0.0
124.803,apt_walk_3_speckle,PARKED,0.0,0.0,0.0,3,0.304,1.865,0.0,0.0,0.0,0.0,0.0,0.0,0.0
124.901,apt_walk_3_speckle,PARKED,0.0,0.0,0.0,3,0.0,1.948,0.0,0.0,0.0,0.0,0.0,0.0,0.0
125.042,apt_walk_3_speckle,PARKED,0.0,0.0,0.0,3,0.0,1.948,0.0,0.0,0.0,0.0,0.0,0.0,0.0
125.101,apt_walk_3_speckle,PARKED,0.0,0.0,0.0,3,0.0,2.002,0.0,0.0,0.0,0.0,0.0,0.0,0.0
125.201,apt_walk_3_speckle,PARKED,0.0,0.0,0.0,3,0.0,2.195,0.0,0.0,0.0,0.0,0.0,0.0,0.0
125.301,apt_walk_3_speckle,PARKED,0.0,0.0,0.0,3,0.0,2.195,0.0,0.0,0.0,0.0,0.0,0.0,0.0
125.401,apt_walk_3_speckle,PARKED,0.0,0.0,0.0,3,0.0,2.195,0.0,0.0,0.0,0.0,0.0,0.0,0.0
125.501,apt_walk_3_speckle,PARKED,0.0,0.0,0.0,3,0.0,2.195,0.0,0.0,0.0,0.0,0.0,0.0,0.0
125.635,apt_walk_3_speckle,PARKED,0.0,0.0,0.0,3,0.0,2.623,0.0,0.0,0.0,0.0,0.0,0.0,0.0
125.701,apt_walk_3_speckle,PARKED,0.0,0.0,0.0,3,0.0,2.623,0.0,0.0,0.0,0.0,0.0,0.0,0.0
125.801,apt_walk_3_speckle,PARKED,0.0,0.0,0.0,3,0.0,2.768,0.0,0.0,0.0,0.0,0.0,0.0,0.0
125.901,apt_walk_3_speckle,PARKED,0.0,0.0,0.0,3,0.0,2.768,0.0,0.0,0.0,0.0,0.0,0.0,0.0
126.035,apt_walk_3_speckle,PARKED,0.0,0.0,0.0,3,0.0,3.083,0.0,0.0,0.0,0.0,0.0,0.0,0.0
126.111,apt_walk_3_speckle,PARKED,0.0,0.0,0.0,3,0.0,3.083,0.0,0.0,0.0,0.0,0.0,0.0,0.0
126.201,apt_walk_3_speckle,PARKED,0.0,0.0,0.0,3,0.0,3.083,0.0,0.0,0.0,0.0,0.0,0.0,0.0
126.333,apt_walk_3_speckle,PARKED,0.0,0.0,0.0,3,0.0,3.302,0.0,0.0,0.0,0.0,0.0,0.0,0.0
126.401,apt_walk_3_speckle,PARKED,0.0,0.0,0.0,3,0.0,3.302,0.0,0.0,0.0,0.0,0.0,0.0,0.0
126.501,apt_walk_3_speckle,PARKED,0.0,0.0,0.0,3,0.0,3.302,0.0,0.0,0.0,0.0,0.0,0.0,0.0
126.601,apt_walk_3_speckle,PARKED,0.0,0.0,0.0,3,0.0,3.302,0.0,0.0,0.0,0.0,0.0,0.0,0.0
126.701,apt_walk_3_speckle,PARKED,0.0,0.0,0.0,3,0.0,3.672,0.0,0.0,0.0,0.0,0.0,0.0,0.0
126.802,apt_walk_3_speckle,PARKED,0.0,0.0,0.0,3,0.0,3.672,0.0,0.0,0.0,0.0,0.0,0.0,0.0
126.926,apt_walk_3_speckle,PARKED,0.0,0.0,0.0,3,0.0,3.66,0.0,0.0,0.0,0.0,0.0,0.0,0.0
127.001,apt_walk_3_speckle,PARKED,0.0,0.0,0.0,3,0.0,3.691,0.0,0.0,0.0,0.0,0.0,0.0,0.0
127.101,apt_walk_3_speckle,PARKED,0.0,0.0,0.0,3,0.0,3.691,0.0,0.0,0.0,0.0,0.0,0.0,0.0
127.201,apt_walk_3_speckle,PARKED,0.0,0.0,0.0,3,0.0,3.691,0.0,0.0,0.0,0.0,0.0,0.0,0.0
127.319,apt_walk_3_speckle,PARKED,0.0,0.0,0.0,3,0.0,3.737,0.0,0.0,0.0,0.0,0.0,0.0,0.0
127.401,apt_walk_3_speckle,PARKED,0.0,0.0,0.0,3,0.0,3.737,0.0,0.0,0.0,0.0,0.0,0.0,0.0
127.501,apt_walk_3_speckle,PARKED,0.0,0.0,0.0,4,0.0,3.699,0.0,0.0,0.0,0.0,0.0,0.0,0.0
127.601,apt_walk_3_speckle,PARKED,0.0,0.0,0.0,4,0.0,3.699,0.0,0.0,0.0,0.0,0.0,0.0,0.0
127.701,apt_walk_3_speckle,PARKED,0.0,0.0,0.0,4,0.0,3.699,0.0,0.0,0.0,0.0,0.0,0.0,0.0
127.801,apt_walk_3_speckle,PARKED,0.0,0.0,0.0,4,0.0,3.699,0.0,0.0,0.0,0.0,0.0,0.0,0.0
127.901,apt_walk_3_speckle,PARKED,0.0,0.0,0.0,4,0.0,3.679,0.0,0.0,0.0,0.0,0.0,0.0,0.0
128.001,apt_walk_3_speckle,PARKED,0.0,0.0,0.0,3,0.0,3.671,0.0,0.0,0.0,0.0,0.0,0.0,0.0
128.101,apt_walk_3_speckle,PARKED,0.0,0.0,0.0,3,0.0,3.671,0.0,0.0,0.0,0.0,0.0,0.0,0.0
128.2,apt_walk_3_speckle,PARKED,0.0,0.0,0.0,3,0.0,3.671,0.0,0.0,0.0,0.0,0.0,0.0,0.0
128.32,apt_walk_3_speckle,PARKED,0.0,0.0,0.0,3,0.0,3.696,0.0,0.0,0.0,0.0,0.0,0.0,0.0
128.401,apt_walk_3_speckle,PARKED,0.0,0.0,0.0,3,0.0,3.696,0.0,0.0,0.0,0.0,0.0,0.0,0.0
128.501,apt_walk_3_speckle,PARKED,0.0,0.0,0.0,3,0.0,3.696,0.0,0.0,0.0,0.0,0.0,0.0,0.0
128.613,apt_walk_3_speckle,PARKED,0.0,0.0,0.0,4,0.0,3.774,0.0,0.0,0.0,0.0,0.0,0.0,0.0
128.723,apt_walk_3_speckle,PARKED,0.0,0.0,0.0,3,0.0,3.798,0.0,0.0,0.0,0.0,0.0,0.0,0.0
128.801,apt_walk_3_speckle,PARKED,0.0,0.0,0.0,4,0.0,3.806,0.0,0.0,0.0,0.0,0.0,0.0,0.0
128.901,apt_walk_3_speckle,PARKED,0.0,0.0,0.0,4,0.0,3.676,0.0,0.0,0.0,0.0,0.0,0.0,0.0
129.001,apt_walk_3_speckle,PARKED,0.0,0.0,0.0,4,0.0,3.676,0.0,0.0,0.0,0.0,0.0,0.0,0.0
129.121,apt_walk_3_speckle,PARKED,0.0,0.0,0.0,4,0.0,3.676,0.0,0.0,0.0,0.0,0.0,0.0,0.0
129.245,apt_walk_3_speckle,PARKED,0.0,0.0,0.0,4,0.0,3.552,0.0,0.0,0.0,0.0,0.0,0.0,0.0
129.318,apt_walk_3_speckle,PARKED,0.0,0.0,0.0,4,0.0,3.08,0.0,0.0,0.0,0.0,0.0,0.0,0.0
129.401,apt_walk_3_speckle,PARKED,0.0,0.0,0.0,4,0.0,3.08,0.0,0.0,0.0,0.0,0.0,0.0,0.0
129.501,apt_walk_3_speckle,PARKED,0.0,0.0,0.0,4,0.0,3.08,0.0,0.0,0.0,0.0,0.0,0.0,0.0
129.601,apt_walk_3_speckle,PARKED,0.0,0.0,0.0,4,0.0,3.08,0.0,0.0,0.0,0.0,0.0,0.0,0.0
129.701,apt_walk_3_speckle,PARKED,0.0,0.0,0.0,4,0.0,2.693,0.0,0.0,0.0,0.0,0.0,0.0,0.0
129.801,apt_walk_3_speckle,PARKED,0.0,0.0,0.0,3,0.0,2.539,0.0,0.0,0.0,0.0,0.0,0.0,0.0
129.9,apt_walk_3_speckle,PARKED,0.0,0.0,0.0,3,0.0,2.539,0.0,0.0,0.0,0.0,0.0,0.0,0.0
130.001,apt_walk_3_speckle,PARKED,0.0,0.0,0.0,3,0.0,2.539,0.0,0.0,0.0,0.0,0.0,0.0,0.0
130.119,apt_walk_3_speckle,PARKED,0.0,0.0,0.0,3,0.0,2.446,0.0,0.0,0.0,0.0,0.0,0.0,0.0
130.242,apt_walk_3_speckle,PARKED,0.0,0.0,0.0,3,0.0,2.249,0.0,0.0,0.0,0.0,0.0,0.0,0.0
130.301,apt_walk_3_speckle,PARKED,0.0,0.0,0.0,3,0.0,2.063,0.0,0.0,0.0,0.0,0.0,0.0,0.0
130.43,apt_walk_3_speckle,PARKED,0.0,0.0,0.0,3,0.0,1.943,0.0,0.0,0.0,0.0,0.0,0.0,0.0
130.501,apt_walk_3_speckle,PARKED,0.0,0.0,0.0,3,0.0,1.943,0.0,0.0,0.0,0.0,0.0,0.0,0.0
130.601,apt_walk_3_speckle,PARKED,0.0,0.0,0.0,3,0.0,1.881,0.0,0.0,0.0,0.0,0.0,0.0,0.0
130.701,apt_walk_3_speckle,PARKED,0.0,0.0,0.0,3,0.0,1.881,0.0,0.0,0.0,0.0,0.0,0.0,0.0
130.836,apt_walk_3_speckle,PARKED,0.0,0.0,0.0,3,0.6064,1.681,0.0,0.0,0.0,0.0,0.0,0.0,0.0
130.907,apt_walk_3_speckle,PARKED,0.0,0.0,0.0,3,0.4159,1.618,0.0,0.0,0.0,0.0,0.0,0.0,0.0
131.001,apt_walk_3_speckle,PARKED,0.0,0.0,0.0,3,0.4159,1.618,0.0,0.0,0.0,0.0,0.0,0.0,0.0
131.117,apt_walk_3_speckle,PARKED,0.0,0.0,0.0,3,0.4159,1.618,0.0,0.0,0.0,0.0,0.0,0.0,0.0
131.212,apt_walk_3_speckle,PARKED,0.0,0.0,0.0,3,0.0734,1.577,0.0,0.0,0.0,0.0,0.0,0.0,0.0
131.306,apt_walk_3_speckle,PARKED,0.0,0.0,0.0,3,0.3868,1.523,0.0,0.0,0.0,0.0,0.0,0.0,0.0
131.401,apt_walk_3_speckle,PARKED,0.0,0.0,0.0,3,0.3868,1.523,0.0,0.0,0.0,0.0,0.0,0.0,0.0
131.522,apt_walk_3_speckle,PARKED,0.0,0.0,0.0,3,0.3392,1.466,0.0,0.0,0.0,0.0,0.0,0.0,0.0
131.601,apt_walk_3_speckle,PARKED,0.0,0.0,0.0,3,0.3392,1.466,0.0,0.0,0.0,0.0,0.0,0.0,0.0
131.701,apt_walk_3_speckle,PARKED,0.0,0.0,0.0,3,0.3909,1.485,0.0,0.0,0.0,0.0,0.0,0.0,0.0
131.801,apt_walk_3_speckle,PARKED,0.0,0.0,0.0,3,0.3909,1.485,0.0,0.0,0.0,0.0,0.0,0.0,0.0
131.936,apt_walk_3_speckle,PARKED,0.0,0.0,0.0,3,0.8606,1.724,0.0,0.0,0.0,0.0,0.0,0.0,0.0
132.002,apt_walk_3_speckle,PARKED,0.0,0.0,0.0,3,0.8606,1.724,0.0,0.0,0.0,0.0,0.0,0.0,0.0
132.101,apt_walk_3_speckle,PARKED,0.0,0.0,0.0,3,0.8606,1.724,0.0,0.0,0.0,0.0,0.0,0.0,0.0
132.201,apt_walk_3_speckle,PARKED,0.0,0.0,0.0,3,0.551,1.83,0.0,0.0,0.0,0.0,0.0,0.0,0.0
132.35,apt_walk_3_speckle,PARKED,0.0,0.0,0.0,3,0.0,2.072,0.0,0.0,0.0,0.0,0.0,0.0,0.0
132.414,apt_walk_3_speckle,PARKED,0.0,0.0,0.0,3,0.0,2.176,0.0,0.0,0.0,0.0,0.0,0.0,0.0
132.501,apt_walk_3_speckle,PARKED,0.0,0.0,0.0,3,0.0,2.176,0.0,0.0,0.0,0.0,0.0,0.0,0.0
132.601,apt_walk_3_speckle,PARKED,0.0,0.0,0.0,3,0.0,2.176,0.0,0.0,0.0,0.0,0.0,0.0,0.0
132.702,apt_walk_3_speckle,PARKED,0.0,0.0,0.0,3,0.0,2.24,0.0,0.0,0.0,0.0,0.0,0.0,0.0
132.801,apt_walk_3_speckle,PARKED,0.0,0.0,0.0,3,0.0,2.24,0.0,0.0,0.0,0.0,0.0,0.0,0.0
132.901,apt_walk_3_speckle,PARKED,0.0,0.0,0.0,3,0.0,2.614,0.0,0.0,0.0,0.0,0.0,0.0,0.0
133.001,apt_walk_3_speckle,PARKED,0.0,0.0,0.0,3,0.0,2.614,0.0,0.0,0.0,0.0,0.0,0.0,0.0
133.101,apt_walk_3_speckle,PARKED,0.0,0.0,0.0,3,0.0,2.736,0.0,0.0,0.0,0.0,0.0,0.0,0.0
133.2,apt_walk_3_speckle,PARKED,0.0,0.0,0.0,3,0.0,2.969,0.0,0.0,0.0,0.0,0.0,0.0,0.0
133.31,apt_walk_3_speckle,PARKED,0.0,0.0,0.0,3,0.0,3.05,0.0,0.0,0.0,0.0,0.0,0.0,0.0
133.401,apt_walk_3_speckle,PARKED,0.0,0.0,0.0,3,0.0,3.05,0.0,0.0,0.0,0.0,0.0,0.0,0.0
133.51,apt_walk_3_speckle,PARKED,0.0,0.0,0.0,3,0.0,3.139,0.0,0.0,0.0,0.0,0.0,0.0,0.0
133.601,apt_walk_3_speckle,PARKED,0.0,0.0,0.0,3,0.0,3.139,0.0,0.0,0.0,0.0,0.0,0.0,0.0
133.701,apt_walk_3_speckle,PARKED,0.0,0.0,0.0,3,0.0,3.139,0.0,0.0,0.0,0.0,0.0,0.0,0.0
133.801,apt_walk_3_speckle,PARKED,0.0,0.0,0.0,3,0.0,3.139,0.0,0.0,0.0,0.0,0.0,0.0,0.0
133.901,apt_walk_3_speckle,PARKED,0.0,0.0,0.0,3,0.0,3.139,0.0,0.0,0.0,0.0,0.0,0.0,0.0
134.009,apt_walk_3_speckle,PARKED,0.0,0.0,0.0,3,0.0,3.216,0.0,0.0,0.0,0.0,0.0,0.0,0.0
134.101,apt_walk_3_speckle,PARKED,0.0,0.0,0.0,3,0.0,3.216,0.0,0.0,0.0,0.0,0.0,0.0,0.0
134.241,apt_walk_3_speckle,PARKED,0.0,0.0,0.0,4,0.0,3.712,0.0,0.0,0.0,0.0,0.0,0.0,0.0
134.313,apt_walk_3_speckle,PARKED,0.0,0.0,0.0,3,0.0,3.749,0.0,0.0,0.0,0.0,0.0,0.0,0.0
134.402,apt_walk_3_speckle,PARKED,0.0,0.0,0.0,3,0.0,3.749,0.0,0.0,0.0,0.0,0.0,0.0,0.0
134.501,apt_walk_3_speckle,PARKED,0.0,0.0,0.0,3,0.0,3.749,0.0,0.0,0.0,0.0,0.0,0.0,0.0
134.601,apt_walk_3_speckle,PARKED,0.0,0.0,0.0,3,0.0,3.749,0.0,0.0,0.0,0.0,0.0,0.0,0.0
134.747,apt_walk_3_speckle,PARKED,0.0,0.0,0.0,4,0.0,3.704,0.0,0.0,0.0,0.0,0.0,0.0,0.0
134.816,apt_walk_3_speckle,PARKED,0.0,0.0,0.0,4,0.0,3.704,0.0,0.0,0.0,0.0,0.0,0.0,0.0
134.901,apt_walk_3_speckle,PARKED,0.0,0.0,0.0,4,0.0,3.704,0.0,0.0,0.0,0.0,0.0,0.0,0.0
135.009,apt_walk_3_speckle,PARKED,0.0,0.0,0.0,4,0.0,3.711,0.0,0.0,0.0,0.0,0.0,0.0,0.0
135.14,apt_walk_3_speckle,PARKED,0.0,0.0,0.0,4,0.0,3.695,0.0,0.0,0.0,0.0,0.0,0.0,0.0
135.202,apt_walk_3_speckle,PARKED,0.0,0.0,0.0,4,0.0,3.695,0.0,0.0,0.0,0.0,0.0,0.0,0.0
135.32,apt_walk_3_speckle,PARKED,0.0,0.0,0.0,5,0.0,3.654,0.0,0.0,0.0,0.0,0.0,0.0,0.0
135.401,apt_walk_3_speckle,PARKED,0.0,0.0,0.0,5,0.0,3.654,0.0,0.0,0.0,0.0,0.0,0.0,0.0
135.501,apt_walk_3_speckle,PARKED,0.0,0.0,0.0,5,0.0,3.654,0.0,0.0,0.0,0.0,0.0,0.0,0.0
135.627,apt_walk_3_speckle,PARKED,0.0,0.0,0.0,4,0.0,3.704,0.0,0.0,0.0,0.0,0.0,0.0,0.0
135.701,apt_walk_3_speckle,PARKED,0.0,0.0,0.0,4,0.0,3.744,0.0,0.0,0.0,0.0,0.0,0.0,0.0
135.842,apt_walk_3_speckle,PARKED,0.0,0.0,0.0,4,0.0,3.691,0.0,0.0,0.0,0.0,0.0,0.0,0.0
135.901,apt_walk_3_speckle,PARKED,0.0,0.0,0.0,4,0.0,3.691,0.0,0.0,0.0,0.0,0.0,0.0,0.0
136.001,apt_walk_3_speckle,PARKED,0.0,0.0,0.0,4,0.0,3.691,0.0,0.0,0.0,0.0,0.0,0.0,0.0
136.101,apt_walk_3_speckle,PARKED,0.0,0.0,0.0,4,0.0,3.696,0.0,0.0,0.0,0.0,0.0,0.0,0.0
136.201,apt_walk_3_speckle,PARKED,0.0,0.0,0.0,4,0.0,3.703,0.0,0.0,0.0,0.0,0.0,0.0,0.0
136.301,apt_walk_3_speckle,PARKED,0.0,0.0,0.0,4,0.0,3.532,0.0,0.0,0.0,0.0,0.0,0.0,0.0
136.401,apt_walk_3_speckle,PARKED,0.0,0.0,0.0,4,0.0,3.532,0.0,0.0,0.0,0.0,0.0,0.0,0.0
136.501,apt_walk_3_speckle,PARKED,0.0,0.0,0.0,4,0.0,3.448,0.0,0.0,0.0,0.0,0.0,0.0,0.0
136.601,apt_walk_3_speckle,PARKED,0.0,0.0,0.0,4,0.0,3.29,0.0,0.0,0.0,0.0,0.0,0.0,0.0
136.722,apt_walk_3_speckle,PARKED,0.0,0.0,0.0,4,0.0,3.065,0.0,0.0,0.0,0.0,0.0,0.0,0.0
136.801,apt_walk_3_speckle,PARKED,0.0,0.0,0.0,4,0.0,3.065,0.0,0.0,0.0,0.0,0.0,0.0,0.0
136.942,apt_walk_3_speckle,PARKED,0.0,0.0,0.0,4,0.0,2.954,0.0,0.0,0.0,0.0,0.0,0.0,0.0
137.05,apt_walk_3_speckle,PARKED,0.0,0.0,0.0,4,0.0,2.771,0.0,0.0,0.0,0.0,0.0,0.0,0.0
137.113,apt_walk_3_speckle,PARKED,0.0,0.0,0.0,4,0.0,2.647,0.0,0.0,0.0,0.0,0.0,0.0,0.0
137.201,apt_walk_3_speckle,PARKED,0.0,0.0,0.0,4,0.0,2.51,0.0,0.0,0.0,0.0,0.0,0.0,0.0
137.301,apt_walk_3_speckle,PARKED,0.0,0.0,0.0,4,0.0,2.51,0.0,0.0,0.0,0.0,0.0,0.0,0.0
137.401,apt_walk_3_speckle,PARKED,0.0,0.0,0.0,4,0.0,2.51,0.0,0.0,0.0,0.0,0.0,0.0,0.0
137.54,apt_walk_3_speckle,PARKED,0.0,0.0,0.0,4,0.0,2.266,0.0,0.0,0.0,0.0,0.0,0.0,0.0
137.601,apt_walk_3_speckle,PARKED,0.0,0.0,0.0,4,0.0,2.266,0.0,0.0,0.0,0.0,0.0,0.0,0.0
137.733,apt_walk_3_speckle,PARKED,0.0,0.0,0.0,3,0.0,2.035,0.0,0.0,0.0,0.0,0.0,0.0,0.0
137.845,apt_walk_3_speckle,PARKED,0.0,0.0,0.0,3,0.0,2.035,0.0,0.0,0.0,0.0,0.0,0.0,0.0
137.901,apt_walk_3_speckle,PARKED,0.0,0.0,0.0,3,0.0,2.035,0.0,0.0,0.0,0.0,0.0,0.0,0.0
138.025,apt_walk_3_speckle,PARKED,0.0,0.0,0.0,3,0.0,1.914,0.0,0.0,0.0,0.0,0.0,0.0,0.0
138.102,apt_walk_3_speckle,PARKED,0.0,0.0,0.0,3,0.3038,1.775,0.0,0.0,0.0,0.0,0.0,0.0,0.0
138.201,apt_walk_3_speckle,PARKED,0.0,0.0,0.0,3,0.3038,1.775,0.0,0.0,0.0,0.0,0.0,0.0,0.0
138.301,apt_walk_3_speckle,PARKED,0.0,0.0,0.0,3,0.3038,1.775,0.0,0.0,0.0,0.0,0.0,0.0,0.0
138.402,apt_walk_3_speckle,PARKED,0.0,0.0,0.0,3,0.6936,1.672,0.0,0.0,0.0,0.0,0.0,0.0,0.0
138.501,apt_walk_3_speckle,PARKED,0.0,0.0,0.0,3,0.6936,1.672,0.0,0.0,0.0,0.0,0.0,0.0,0.0
138.628,apt_walk_3_speckle,PARKED,0.0,0.0,0.0,3,0.4036,1.514,0.0,0.0,0.0,0.0,0.0,0.0,0.0
138.702,apt_walk_3_speckle,PARKED,0.0,0.0,0.0,3,0.4036,1.514,0.0,0.0,0.0,0.0,0.0,0.0,0.0
138.801,apt_walk_3_speckle,PARKED,0.0,0.0,0.0,3,0.4036,1.514,0.0,0.0,0.0,0.0,0.0,0.0,0.0
138.92,apt_walk_3_speckle,PARKED,0.0,0.0,0.0,3,0.014,1.493,0.0,0.0,0.0,0.0,0.0,0.0,0.0
139.001,apt_walk_3_speckle,PARKED,0.0,0.0,0.0,3,0.1695,1.478,0.0,0.0,0.0,0.0,0.0,0.0,0.0
139.102,apt_walk_3_speckle,PARKED,0.0,0.0,0.0,3,0.1695,1.478,0.0,0.0,0.0,0.0,0.0,0.0,0.0
139.244,apt_walk_3_speckle,PARKED,0.0,0.0,0.0,3,0.439,1.578,0.0,0.0,0.0,0.0,0.0,0.0,0.0
139.318,apt_walk_3_speckle,PARKED,0.0,0.0,0.0,3,0.439,1.578,0.0,0.0,0.0,0.0,0.0,0.0,0.0
139.401,apt_walk_3_speckle,PARKED,0.0,0.0,0.0,3,0.439,1.578,0.0,0.0,0.0,0.0,0.0,0.0,0.0
139.501,apt_walk_3_speckle,PARKED,0.0,0.0,0.0,3,0.7243,1.704,0.0,0.0,0.0,0.0,0.0,0.0,0.0
139.601,apt_walk_3_speckle,PARKED,0.0,0.0,0.0,3,0.7243,1.704,0.0,0.0,0.0,0.0,0.0,0.0,0.0
139.702,apt_walk_3_speckle,PARKED,0.0,0.0,0.0,3,0.7243,1.704,0.0,0.0,0.0,0.0,0.0,0.0,0.0
139.801,apt_walk_3_speckle,PARKED,0.0,0.0,0.0,3,0.0,2.104,0.0,0.0,0.0,0.0,0.0,0.0,0.0
139.922,apt_walk_3_speckle,PARKED,0.0,0.0,0.0,3,0.0,2.199,0.0,0.0,0.0,0.0,0.0,0.0,0.0
140.003,apt_walk_3_speckle,PARKED,0.0,0.0,0.0,3,0.0,2.294,0.0,0.0,0.0,0.0,0.0,0.0,0.0
140.101,apt_walk_3_speckle,PARKED,0.0,0.0,0.0,3,0.0,2.294,0.0,0.0,0.0,0.0,0.0,0.0,0.0
140.234,apt_walk_3_speckle,PARKED,0.0,0.0,0.0,3,0.0,2.294,0.0,0.0,0.0,0.0,0.0,0.0,0.0
140.301,apt_walk_3_speckle,PARKED,0.0,0.0,0.0,3,0.0,2.56,0.0,0.0,0.0,0.0,0.0,0.0,0.0
140.411,apt_walk_3_speckle,PARKED,0.0,0.0,0.0,3,0.0,2.682,0.0,0.0,0.0,0.0,0.0,0.0,0.0
140.501,apt_walk_3_speckle,PARKED,0.0,0.0,0.0,3,0.0,2.682,0.0,0.0,0.0,0.0,0.0,0.0,0.0
140.624,apt_walk_3_speckle,PARKED,0.0,0.0,0.0,3,0.0,2.682,0.0,0.0,0.0,0.0,0.0,0.0,0.0
140.701,apt_walk_3_speckle,PARKED,0.0,0.0,0.0,3,0.0,2.682,0.0,0.0,0.0,0.0,0.0,0.0,0.0
140.801,apt_walk_3_speckle,PARKED,0.0,0.0,0.0,3,0.0,2.682,0.0,0.0,0.0,0.0,0.0,0.0,0.0
140.927,apt_walk_3_speckle,PARKED,0.0,0.0,0.0,3,0.0,3.191,0.0,0.0,0.0,0.0,0.0,0.0,0.0
141.001,apt_walk_3_speckle,PARKED,0.0,0.0,0.0,3,0.0,3.324,0.0,0.0,0.0,0.0,0.0,0.0,0.0
141.102,apt_walk_3_speckle,PARKED,0.0,0.0,0.0,3,0.0,3.324,0.0,0.0,0.0,0.0,0.0,0.0,0.0
141.216,apt_walk_3_speckle,PARKED,0.0,0.0,0.0,3,0.0,3.453,0.0,0.0,0.0,0.0,0.0,0.0,0.0
141.301,apt_walk_3_speckle,PARKED,0.0,0.0,0.0,3,0.0,3.453,0.0,0.0,0.0,0.0,0.0,0.0,0.0
141.403,apt_walk_3_speckle,PARKED,0.0,0.0,0.0,3,0.0,3.49,0.0,0.0,0.0,0.0,0.0,0.0,0.0
141.501,apt_walk_3_speckle,PARKED,0.0,0.0,0.0,3,0.0,3.646,0.0,0.0,0.0,0.0,0.0,0.0,0.0
141.601,apt_walk_3_speckle,PARKED,0.0,0.0,0.0,3,0.0,3.646,0.0,0.0,0.0,0.0,0.0,0.0,0.0
141.701,apt_walk_3_speckle,PARKED,0.0,0.0,0.0,3,0.0,3.646,0.0,0.0,0.0,0.0,0.0,0.0,0.0
141.801,apt_walk_3_speckle,PARKED,0.0,0.0,0.0,3,0.0,3.646,0.0,0.0,0.0,0.0,0.0,0.0,0.0
141.901,apt_walk_3_speckle,PARKED,0.0,0.0,0.0,3,0.0,3.647,0.0,0.0,0.0,0.0,0.0,0.0,0.0
142.002,apt_walk_3_speckle,PARKED,0.0,0.0,0.0,4,0.0,3.68,0.0,0.0,0.0,0.0,0.0,0.0,0.0
142.101,apt_walk_3_speckle,PARKED,0.0,0.0,0.0,4,0.0,3.68,0.0,0.0,0.0,0.0,0.0,0.0,0.0
142.201,apt_walk_3_speckle,PARKED,0.0,0.0,0.0,4,0.0,3.68,0.0,0.0,0.0,0.0,0.0,0.0,0.0
142.335,apt_walk_3_speckle,PARKED,0.0,0.0,0.0,4,0.0,3.687,0.0,0.0,0.0,0.0,0.0,0.0,0.0
142.402,apt_walk_3_speckle,PARKED,0.0,0.0,0.0,3,0.0,3.722,0.0,0.0,0.0,0.0,0.0,0.0,0.0
142.501,apt_walk_3_speckle,PARKED,0.0,0.0,0.0,3,0.0,3.722,0.0,0.0,0.0,0.0,0.0,0.0,0.0
142.601,apt_walk_3_speckle,PARKED,0.0,0.0,0.0,4,0.0,3.677,0.0,0.0,0.0,0.0,0.0,0.0,0.0
142.701,apt_walk_3_speckle,PARKED,0.0,0.0,0.0,4,0.0,3.677,0.0,0.0,0.0,0.0,0.0,0.0,0.0
142.817,apt_walk_3_speckle,PARKED,0.0,0.0,0.0,4,0.0,3.718,0.0,0.0,0.0,0.0,0.0,0.0,0.0
142.902,apt_walk_3_speckle,PARKED,0.0,0.0,0.0,4,0.0,3.682,0.0,0.0,0.0,0.0,0.0,0.0,0.0
143.04,apt_walk_3_speckle,PARKED,0.0,0.0,0.0,4,0.0,3.682,0.0,0.0,0.0,0.0,0.0,0.0,0.0
143.101,apt_walk_3_speckle,PARKED,0.0,0.0,0.0,4,0.0,3.682,0.0,0.0,0.0,0.0,0.0,0.0,0.0
143.22,apt_walk_3_speckle,PARKED,0.0,0.0,0.0,4,0.0,3.667,0.0,0.0,0.0,0.0,0.0,0.0,0.0
143.301,apt_walk_3_speckle,PARKED,0.0,0.0,0.0,4,0.0,3.667,0.0,0.0,0.0,0.0,0.0,0.0,0.0
143.401,apt_walk_3_speckle,PARKED,0.0,0.0,0.0,4,0.0,3.711,0.0,0.0,0.0,0.0,0.0,0.0,0.0
143.521,apt_walk_3_speckle,PARKED,0.0,0.0,0.0,4,0.0,3.548,0.0,0.0,0.0,0.0,0.0,0.0,0.0
143.647,apt_walk_3_speckle,PARKED,0.0,0.0,0.0,4,0.0,3.48,0.0,0.0,0.0,0.0,0.0,0.0,0.0
143.701,apt_walk_3_speckle,PARKED,0.0,0.0,0.0,4,0.0,3.48,0.0,0.0,0.0,0.0,0.0,0.0,0.0
143.8,apt_walk_3_speckle,PARKED,0.0,0.0,0.0,4,0.0,3.198,0.0,0.0,0.0,0.0,0.0,0.0,0.0
143.918,apt_walk_3_speckle,PARKED,0.0,0.0,0.0,4,0.0,3.111,0.0,0.0,0.0,0.0,0.0,0.0,0.0
144.001,apt_walk_3_speckle,PARKED,0.0,0.0,0.0,4,0.0,3.111,0.0,0.0,0.0,0.0,0.0,0.0,0.0
144.105,apt_walk_3_speckle,PARKED,0.0,0.0,0.0,4,0.0,3.045,0.0,0.0,0.0,0.0,0.0,0.0,0.0
144.201,apt_walk_3_speckle,PARKED,0.0,0.0,0.0,4,0.0,3.045,0.0,0.0,0.0,0.0,0.0,0.0,0.0
144.337,apt_walk_3_speckle,PARKED,0.0,0.0,0.0,4,0.0,2.72,0.0,0.0,0.0,0.0,0.0,0.0,0.0
144.401,apt_walk_3_speckle,PARKED,0.0,0.0,0.0,4,0.0,2.72,0.0,0.0,0.0,0.0,0.0,0.0,0.0
144.502,apt_walk_3_speckle,PARKED,0.0,0.0,0.0,4,0.0,2.568,0.0,0.0,0.0,0.0,0.0,0.0,0.0
144.626,apt_walk_3_speckle,PARKED,0.0,0.0,0.0,4,0.0,2.568,0.0,0.0,0.0,0.0,0.0,0.0,0.0
144.701,apt_walk_3_speckle,PARKED,0.0,0.0,0.0,4,0.0,2.568,0.0,0.0,0.0,0.0,0.0,0.0,0.0
144.802,apt_walk_3_speckle,PARKED,0.0,0.0,0.0,4,0.0,2.568,0.0,0.0,0.0,0.0,0.0,0.0,0.0
144.901,apt_walk_3_speckle,PARKED,0.0,0.0,0.0,4,0.0,2.568,0.0,0.0,0.0,0.0,0.0,0.0,0.0
145.041,apt_walk_3_speckle,PARKED,0.0,0.0,0.0,3,0.0,2.062,0.0,0.0,0.0,0.0,0.0,0.0,0.0
145.103,apt_walk_3_speckle,PARKED,0.0,0.0,0.0,3,0.0,2.062,0.0,0.0,0.0,0.0,0.0,0.0,0.0
145.207,apt_walk_3_speckle,PARKED,0.0,0.0,0.0,3,0.0,2.062,0.0,0.0,0.0,0.0,0.0,0.0,0.0
145.348,apt_walk_3_speckle,PARKED,0.0,0.0,0.0,3,0.0,1.858,0.0,0.0,0.0,0.0,0.0,0.0,0.0
145.407,apt_walk_3_speckle,PARKED,0.0,0.0,0.0,3,0.3113,1.728,0.0,0.0,0.0,0.0,0.0,0.0,0.0
145.501,apt_walk_3_speckle,PARKED,0.0,0.0,0.0,3,0.3113,1.728,0.0,0.0,0.0,0.0,0.0,0.0,0.0
145.601,apt_walk_3_speckle,PARKED,0.0,0.0,0.0,3,0.3113,1.728,0.0,0.0,0.0,0.0,0.0,0.0,0.0
145.701,apt_walk_3_speckle,PARKED,0.0,0.0,0.0,3,0.3113,1.728,0.0,0.0,0.0,0.0,0.0,0.0,0.0
145.8,apt_walk_3_speckle,PARKED,0.0,0.0,0.0,3,0.2565,1.645,0.0,0.0,0.0,0.0,0.0,0.0,0.0
145.901,apt_walk_3_speckle,PARKED,0.0,0.0,0.0,3,0.2565,1.645,0.0,0.0,0.0,0.0,0.0,0.0,0.0
146.015,apt_walk_3_speckle,PARKED,0.0,0.0,0.0,3,0.259,1.472,0.0,0.0,0.0,0.0,0.0,0.0,0.0
146.101,apt_walk_3_speckle,PARKED,0.0,0.0,0.0,3,0.259,1.472,0.0,0.0,0.0,0.0,0.0,0.0,0.0
146.201,apt_walk_3_speckle,PARKED,0.0,0.0,0.0,3,0.259,1.472,0.0,0.0,0.0,0.0,0.0,0.0,0.0
146.302,apt_walk_3_speckle,PARKED,0.0,0.0,0.0,3,0.1652,1.467,0.0,0.0,0.0,0.0,0.0,0.0,0.0
146.401,apt_walk_3_speckle,PARKED,0.0,0.0,0.0,3,0.3961,1.52,0.0,0.0,0.0,0.0,0.0,0.0,0.0
146.501,apt_walk_3_speckle,PARKED,0.0,0.0,0.0,3,0.7049,1.609,0.0,0.0,0.0,0.0,0.0,0.0,0.0
146.601,apt_walk_3_speckle,PARKED,0.0,0.0,0.0,3,0.7049,1.609,0.0,0.0,0.0,0.0,0.0,0.0,0.0
146.702,apt_walk_3_speckle,PARKED,0.0,0.0,0.0,3,0.5838,1.692,0.0,0.0,0.0,0.0,0.0,0.0,0.0
146.83,apt_walk_3_speckle,PARKED,0.0,0.0,0.0,3,0.265,1.867,0.0,0.0,0.0,0.0,0.0,0.0,0.0
146.903,apt_walk_3_speckle,PARKED,0.0,0.0,0.0,3,0.265,1.867,0.0,0.0,0.0,0.0,0.0,0.0,0.0
147.001,apt_walk_3_speckle,PARKED,0.0,0.0,0.0,3,0.0,2.082,0.0,0.0,0.0,0.0,0.0,0.0,0.0
147.101,apt_walk_3_speckle,PARKED,0.0,0.0,0.0,3,0.0,2.082,0.0,0.0,0.0,0.0,0.0,0.0,0.0
147.217,apt_walk_3_speckle,PARKED,0.0,0.0,0.0,3,0.0,2.082,0.0,0.0,0.0,0.0,0.0,0.0,0.0
147.303,apt_walk_3_speckle,PARKED,0.0,0.0,0.0,3,0.0,2.367,0.0,0.0,0.0,0.0,0.0,0.0,0.0
147.401,apt_walk_3_speckle,PARKED,0.0,0.0,0.0,3,0.0,2.367,0.0,0.0,0.0,0.0,0.0,0.0,0.0
147.503,apt_walk_3_speckle,PARKED,0.0,0.0,0.0,3,0.0,2.367,0.0,0.0,0.0,0.0,0.0,0.0,0.0
147.601,apt_walk_3_speckle,PARKED,0.0,0.0,0.0,3,0.0,2.367,0.0,0.0,0.0,0.0,0.0,0.0,0.0
147.701,apt_walk_3_speckle,PARKED,0.0,0.0,0.0,3,0.0,2.367,0.0,0.0,0.0,0.0,0.0,0.0,0.0
147.801,apt_walk_3_speckle,PARKED,0.0,0.0,0.0,3,0.0,2.577,0.0,0.0,0.0,0.0,0.0,0.0,0.0
147.902,apt_walk_3_speckle,PARKED,0.0,0.0,0.0,3,0.0,2.921,0.0,0.0,0.0,0.0,0.0,0.0,0.0
148.001,apt_walk_3_speckle,PARKED,0.0,0.0,0.0,3,0.0,2.921,0.0,0.0,0.0,0.0,0.0,0.0,0.0
148.101,apt_walk_3_speckle,PARKED,0.0,0.0,0.0,3,0.0,2.921,0.0,0.0,0.0,0.0,0.0,0.0,0.0
148.201,apt_walk_3_speckle,PARKED,0.0,0.0,0.0,3,0.0,2.921,0.0,0.0,0.0,0.0,0.0,0.0,0.0
148.301,apt_walk_3_speckle,PARKED,0.0,0.0,0.0,3,0.0,2.921,0.0,0.0,0.0,0.0,0.0,0.0,0.0
148.401,apt_walk_3_speckle,PARKED,0.0,0.0,0.0,3,0.0,2.921,0.0,0.0,0.0,0.0,0.0,0.0,0.0
148.5,apt_walk_3_speckle,PARKED,0.0,0.0,0.0,3,0.0,3.507,0.0,0.0,0.0,0.0,0.0,0.0,0.0
148.601,apt_walk_3_speckle,PARKED,0.0,0.0,0.0,3,0.0,3.507,0.0,0.0,0.0,0.0,0.0,0.0,0.0
148.721,apt_walk_3_speckle,PARKED,0.0,0.0,0.0,3,0.0,3.651,0.0,0.0,0.0,0.0,0.0,0.0,0.0
148.802,apt_walk_3_speckle,PARKED,0.0,0.0,0.0,3,0.0,3.657,0.0,0.0,0.0,0.0,0.0,0.0,0.0
148.902,apt_walk_3_speckle,PARKED,0.0,0.0,0.0,3,0.0,3.657,0.0,0.0,0.0,0.0,0.0,0.0,0.0
149.001,apt_walk_3_speckle,PARKED,0.0,0.0,0.0,4,0.0,3.637,0.0,0.0,0.0,0.0,0.0,0.0,0.0
149.101,apt_walk_3_speckle,PARKED,0.0,0.0,0.0,4,0.0,3.637,0.0,0.0,0.0,0.0,0.0,0.0,0.0
149.202,apt_walk_3_speckle,PARKED,0.0,0.0,0.0,4,0.0,3.637,0.0,0.0,0.0,0.0,0.0,0.0,0.0
149.301,apt_walk_3_speckle,PARKED,0.0,0.0,0.0,4,0.0,3.706,0.0,0.0,0.0,0.0,0.0,0.0,0.0
149.401,apt_walk_3_speckle,PARKED,0.0,0.0,0.0,4,0.0,3.706,0.0,0.0,0.0,0.0,0.0,0.0,0.0
149.549,apt_walk_3_speckle,PARKED,0.0,0.0,0.0,4,0.0,3.68,0.0,0.0,0.0,0.0,0.0,0.0,0.0
149.607,apt_walk_3_speckle,PARKED,0.0,0.0,0.0,5,0.0,3.704,0.0,0.0,0.0,0.0,0.0,0.0,0.0
149.728,apt_walk_3_speckle,PARKED,0.0,0.0,0.0,5,0.0,3.705,0.0,0.0,0.0,0.0,0.0,0.0,0.0
149.801,apt_walk_3_speckle,PARKED,0.0,0.0,0.0,5,0.0,3.705,0.0,0.0,0.0,0.0,0.0,0.0,0.0
149.901,apt_walk_3_speckle,PARKED,0.0,0.0,0.0,5,0.0,3.705,0.0,0.0,0.0,0.0,0.0,0.0,0.0
150.049,apt_walk_3_speckle,PARKED,0.0,0.0,0.0,4,0.0,3.712,0.0,0.0,0.0,0.0,0.0,0.0,0.0
150.101,apt_walk_3_speckle,PARKED,0.0,0.0,0.0,4,0.0,3.712,0.0,0.0,0.0,0.0,0.0,0.0,0.0
150.235,apt_walk_3_speckle,PARKED,0.0,0.0,0.0,3,0.0,3.778,0.0,0.0,0.0,0.0,0.0,0.0,0.0
150.301,apt_walk_3_speckle,PARKED,0.0,0.0,0.0,3,0.0,3.778,0.0,0.0,0.0,0.0,0.0,0.0,0.0
150.401,apt_walk_3_speckle,PARKED,0.0,0.0,0.0,3,0.0,3.778,0.0,0.0,0.0,0.0,0.0,0.0,0.0
150.501,apt_walk_3_speckle,PARKED,0.0,0.0,0.0,3,0.0,3.778,0.0,0.0,0.0,0.0,0.0,0.0,0.0
150.631,apt_walk_3_speckle,PARKED,0.0,0.0,0.0,4,0.0,3.641,0.0,0.0,0.0,0.0,0.0,0.0,0.0
150.702,apt_walk_3_speckle,PARKED,0.0,0.0,0.0,4,0.0,3.641,0.0,0.0,0.0,0.0,0.0,0.0,0.0
150.803,apt_walk_3_speckle,PARKED,0.0,0.0,0.0,4,0.0,3.545,0.0,0.0,0.0,0.0,0.0,0.0,0.0
150.901,apt_walk_3_speckle,PARKED,0.0,0.0,0.0,4,0.0,3.462,0.0,0.0,0.0,0.0,0.0,0.0,0.0
151.001,apt_walk_3_speckle,PARKED,0.0,0.0,0.0,4,0.0,3.347,0.0,0.0,0.0,0.0,0.0,0.0,0.0
151.101,apt_walk_3_speckle,PARKED,0.0,0.0,0.0,4,0.0,3.211,0.0,0.0,0.0,0.0,0.0,0.0,0.0
151.201,apt_walk_3_speckle,PARKED,0.0,0.0,0.0,4,0.0,3.211,0.0,0.0,0.0,0.0,0.0,0.0,0.0
151.301,apt_walk_3_speckle,PARKED,0.0,0.0,0.0,4,0.0,3.211,0.0,0.0,0.0,0.0,0.0,0.0,0.0
151.401,apt_walk_3_speckle,PARKED,0.0,0.0,0.0,4,0.0,3.211,0.0,0.0,0.0,0.0,0.0,0.0,0.0
151.501,apt_walk_3_speckle,PARKED,0.0,0.0,0.0,4,0.0,2.902,0.0,0.0,0.0,0.0,0.0,0.0,0.0
151.633,apt_walk_3_speckle,PARKED,0.0,0.0,0.0,3,0.0,2.568,0.0,0.0,0.0,0.0,0.0,0.0,0.0
151.702,apt_walk_3_speckle,PARKED,0.0,0.0,0.0,3,0.0,2.568,0.0,0.0,0.0,0.0,0.0,0.0,0.0
151.801,apt_walk_3_speckle,PARKED,0.0,0.0,0.0,3,0.0,2.568,0.0,0.0,0.0,0.0,0.0,0.0,0.0
151.929,apt_walk_3_speckle,PARKED,0.0,0.0,0.0,3,0.0,2.467,0.0,0.0,0.0,0.0,0.0,0.0,0.0
152.002,apt_walk_3_speckle,PARKED,0.0,0.0,0.0,3,0.0,2.326,0.0,0.0,0.0,0.0,0.0,0.0,0.0
152.101,apt_walk_3_speckle,PARKED,0.0,0.0,0.0,3,0.0,2.326,0.0,0.0,0.0,0.0,0.0,0.0,0.0
152.201,apt_walk_3_speckle,PARKED,0.0,0.0,0.0,3,0.0,2.326,0.0,0.0,0.0,0.0,0.0,0.0,0.0
152.301,apt_walk_3_speckle,PARKED,0.0,0.0,0.0,3,0.0,2.326,0.0,0.0,0.0,0.0,0.0,0.0,0.0
152.447,apt_walk_3_speckle,PARKED,0.0,0.0,0.0,3,0.0,1.906,0.0,0.0,0.0,0.0,0.0,0.0,0.0
152.548,apt_walk_3_speckle,PARKED,0.0,0.0,0.0,3,0.0,1.815,0.0,0.0,0.0,0.0,0.0,0.0,0.0
152.608,apt_walk_3_speckle,PARKED,0.0,0.0,0.0,3,0.0,1.815,0.0,0.0,0.0,0.0,0.0,0.0,0.0
152.701,apt_walk_3_speckle,PARKED,0.0,0.0,0.0,3,0.0,1.815,0.0,0.0,0.0,0.0,0.0,0.0,0.0
152.836,apt_walk_3_speckle,PARKED,0.0,0.0,0.0,3,0.572,1.654,0.0,0.0,0.0,0.0,0.0,0.0,0.0
152.907,apt_walk_3_speckle,PARKED,0.0,0.0,0.0,3,0.5186,1.579,0.0,0.0,0.0,0.0,0.0,0.0,0.0
153.001,apt_walk_3_speckle,PARKED,0.0,0.0,0.0,3,0.5186,1.579,0.0,0.0,0.0,0.0,0.0,0.0,0.0
153.139,apt_walk_3_speckle,PARKED,0.0,0.0,0.0,3,0.5186,1.579,0.0,0.0,0.0,0.0,0.0,0.0,0.0
153.201,apt_walk_3_speckle,PARKED,0.0,0.0,0.0,3,0.5186,1.579,0.0,0.0,0.0,0.0,0.0,0.0,0.0
153.311,apt_walk_3_speckle,PARKED,0.0,0.0,0.0,3,0.4844,1.506,0.0,0.0,0.0,0.0,0.0,0.0,0.0
153.401,apt_walk_3_speckle,PARKED,0.0,0.0,0.0,3,0.48,1.482,0.0,0.0,0.0,0.0,0.0,0.0,0.0
153.52,apt_walk_3_speckle,PARKED,0.0,0.0,0.0,3,0.48,1.482,0.0,0.0,0.0,0.0,0.0,0.0,0.0
153.6,apt_walk_3_speckle,PARKED,0.0,0.0,0.0,3,0.0738,1.467,0.0,0.0,0.0,0.0,0.0,0.0,0.0
153.732,apt_walk_3_speckle,PARKED,0.0,0.0,0.0,3,0.0416,1.475,0.0,0.0,0.0,0.0,0.0,0.0,0.0
153.803,apt_walk_3_speckle,PARKED,0.0,0.0,0.0,3,0.4444,1.595,0.0,0.0,0.0,0.0,0.0,0.0,0.0
153.901,apt_walk_3_speckle,PARKED,0.0,0.0,0.0,3,0.4444,1.595,0.0,0.0,0.0,0.0,0.0,0.0,0.0
154.001,apt_walk_3_speckle,PARKED,0.0,0.0,0.0,3,0.4444,1.595,0.0,0.0,0.0,0.0,0.0,0.0,0.0
154.101,apt_walk_3_speckle,PARKED,0.0,0.0,0.0,3,0.4444,1.595,0.0,0.0,0.0,0.0,0.0,0.0,0.0
154.201,apt_walk_3_speckle,PARKED,0.0,0.0,0.0,3,0.4444,1.595,0.0,0.0,0.0,0.0,0.0,0.0,0.0
154.301,apt_walk_3_speckle,PARKED,0.0,0.0,0.0,3,0.4444,1.595,0.0,0.0,0.0,0.0,0.0,0.0,0.0
154.402,apt_walk_3_speckle,PARKED,0.0,0.0,0.0,3,0.4444,1.595,0.0,0.0,0.0,0.0,0.0,0.0,0.0
154.501,apt_walk_3_speckle,PARKED,0.0,0.0,0.0,3,0.704,1.712,0.0,0.0,0.0,0.0,0.0,0.0,0.0
154.601,apt_walk_3_speckle,PARKED,0.0,0.0,0.0,3,0.704,1.712,0.0,0.0,0.0,0.0,0.0,0.0,0.0
154.701,apt_walk_3_speckle,PARKED,0.0,0.0,0.0,3,0.704,1.712,0.0,0.0,0.0,0.0,0.0,0.0,0.0
154.802,apt_walk_3_speckle,PARKED,0.0,0.0,0.0,3,0.0,2.451,0.0,0.0,0.0,0.0,0.0,0.0,0.0
154.901,apt_walk_3_speckle,PARKED,0.0,0.0,0.0,3,0.0,2.607,0.0,0.0,0.0,0.0,0.0,0.0,0.0
155.016,apt_walk_3_speckle,PARKED,0.0,0.0,0.0,3,0.0,2.607,0.0,0.0,0.0,0.0,0.0,0.0,0.0
155.101,apt_walk_3_speckle,PARKED,0.0,0.0,0.0,3,0.0,2.607,0.0,0.0,0.0,0.0,0.0,0.0,0.0
155.238,apt_walk_3_speckle,PARKED,0.0,0.0,0.0,3,0.0,2.749,0.0,0.0,0.0,0.0,0.0,0.0,0.0
155.302,apt_walk_3_speckle,PARKED,0.0,0.0,0.0,3,0.0,2.969,0.0,0.0,0.0,0.0,0.0,0.0,0.0
155.401,apt_walk_3_speckle,PARKED,0.0,0.0,0.0,3,0.0,2.969,0.0,0.0,0.0,0.0,0.0,0.0,0.0
155.501,apt_walk_3_speckle,PARKED,0.0,0.0,0.0,3,0.0,2.969,0.0,0.0,0.0,0.0,0.0,0.0,0.0
155.601,apt_walk_3_speckle,PARKED,0.0,0.0,0.0,3,0.0,3.113,0.0,0.0,0.0,0.0,0.0,0.0,0.0
155.701,apt_walk_3_speckle,PARKED,0.0,0.0,0.0,3,0.0,3.113,0.0,0.0,0.0,0.0,0.0,0.0,0.0
155.802,apt_walk_3_speckle,PARKED,0.0,0.0,0.0,3,0.0,3.113,0.0,0.0,0.0,0.0,0.0,0.0,0.0
155.945,apt_walk_3_speckle,PARKED,0.0,0.0,0.0,3,0.0,3.612,0.0,0.0,0.0,0.0,0.0,0.0,0.0
156.001,apt_walk_3_speckle,PARKED,0.0,0.0,0.0,3,0.0,3.612,0.0,0.0,0.0,0.0,0.0,0.0,0.0
156.124,apt_walk_3_speckle,PARKED,0.0,0.0,0.0,3,0.0,3.667,0.0,0.0,0.0,0.0,0.0,0.0,0.0
156.217,apt_walk_3_speckle,PARKED,0.0,0.0,0.0,4,0.0,3.708,0.0,0.0,0.0,0.0,0.0,0.0,0.0
156.301,apt_walk_3_speckle,PARKED,0.0,0.0,0.0,4,0.0,3.708,0.0,0.0,0.0,0.0,0.0,0.0,0.0
156.401,apt_walk_3_speckle,PARKED,0.0,0.0,0.0,4,0.0,3.708,0.0,0.0,0.0,0.0,0.0,0.0,0.0
156.502,apt_walk_3_speckle,PARKED,0.0,0.0,0.0,4,0.0,3.681,0.0,0.0,0.0,0.0,0.0,0.0,0.0
156.601,apt_walk_3_speckle,PARKED,0.0,0.0,0.0,4,0.0,3.681,0.0,0.0,0.0,0.0,0.0,0.0,0.0
156.702,apt_walk_3_speckle,PARKED,0.0,0.0,0.0,4,0.0,3.62,0.0,0.0,0.0,0.0,0.0,0.0,0.0
156.801,apt_walk_3_speckle,PARKED,0.0,0.0,0.0,4,0.0,3.62,0.0,0.0,0.0,0.0,0.0,0.0,0.0
156.902,apt_walk_3_speckle,PARKED,0.0,0.0,0.0,4,0.0,3.699,0.0,0.0,0.0,0.0,0.0,0.0,0.0
157.001,apt_walk_3_speckle,PARKED,0.0,0.0,0.0,4,0.0,3.699,0.0,0.0,0.0,0.0,0.0,0.0,0.0
157.11,apt_walk_3_speckle,PARKED,0.0,0.0,0.0,3,0.0,3.711,0.0,0.0,0.0,0.0,0.0,0.0,0.0
157.235,apt_walk_3_speckle,PARKED,0.0,0.0,0.0,4,0.0,3.685,0.0,0.0,0.0,0.0,0.0,0.0,0.0
157.301,apt_walk_3_speckle,PARKED,0.0,0.0,0.0,3,0.0,3.677,0.0,0.0,0.0,0.0,0.0,0.0,0.0
157.412,apt_walk_3_speckle,PARKED,0.0,0.0,0.0,3,0.0,3.753,0.0,0.0,0.0,0.0,0.0,0.0,0.0
157.501,apt_walk_3_speckle,PARKED,0.0,0.0,0.0,3,0.0,3.753,0.0,0.0,0.0,0.0,0.0,0.0,0.0
157.601,apt_walk_3_speckle,PARKED,0.0,0.0,0.0,3,0.0,3.753,0.0,0.0,0.0,0.0,0.0,0.0,0.0
157.706,apt_walk_3_speckle,PARKED,0.0,0.0,0.0,4,0.0,3.651,0.0,0.0,0.0,0.0,0.0,0.0,0.0
157.801,apt_walk_3_speckle,PARKED,0.0,0.0,0.0,4,0.0,3.651,0.0,0.0,0.0,0.0,0.0,0.0,0.0
157.902,apt_walk_3_speckle,PARKED,0.0,0.0,0.0,3,0.0,3.73,0.0,0.0,0.0,0.0,0.0,0.0,0.0
158.031,apt_walk_3_speckle,PARKED,0.0,0.0,0.0,3,0.0,3.669,0.0,0.0,0.0,0.0,0.0,0.0,0.0
158.101,apt_walk_3_speckle,PARKED,0.0,0.0,0.0,3,0.0,3.669,0.0,0.0,0.0,0.0,0.0,0.0,0.0
158.201,apt_walk_3_speckle,PARKED,0.0,0.0,0.0,3,0.0,3.661,0.0,0.0,0.0,0.0,0.0,0.0,0.0
158.301,apt_walk_3_speckle,PARKED,0.0,0.0,0.0,3,0.0,3.585,0.0,0.0,0.0,0.0,0.0,0.0,0.0
158.402,apt_walk_3_speckle,PARKED,0.0,0.0,0.0,3,0.0,3.513,0.0,0.0,0.0,0.0,0.0,0.0,0.0
158.501,apt_walk_3_speckle,PARKED,0.0,0.0,0.0,3,0.0,3.513,0.0,0.0,0.0,0.0,0.0,0.0,0.0
158.601,apt_walk_3_speckle,PARKED,0.0,0.0,0.0,3,0.0,3.513,0.0,0.0,0.0,0.0,0.0,0.0,0.0
158.701,apt_walk_3_speckle,PARKED,0.0,0.0,0.0,3,0.0,3.163,0.0,0.0,0.0,0.0,0.0,0.0,0.0
158.801,apt_walk_3_speckle,PARKED,0.0,0.0,0.0,3,0.0,3.051,0.0,0.0,0.0,0.0,0.0,0.0,0.0
158.901,apt_walk_3_speckle,PARKED,0.0,0.0,0.0,3,0.0,3.051,0.0,0.0,0.0,0.0,0.0,0.0,0.0
159.001,apt_walk_3_speckle,PARKED,0.0,0.0,0.0,3,0.0,2.89,0.0,0.0,0.0,0.0,0.0,0.0,0.0
159.101,apt_walk_3_speckle,PARKED,0.0,0.0,0.0,3,0.0,2.779,0.0,0.0,0.0,0.0,0.0,0.0,0.0
159.201,apt_walk_3_speckle,PARKED,0.0,0.0,0.0,3,0.0,2.779,0.0,0.0,0.0,0.0,0.0,0.0,0.0
159.32,apt_walk_3_speckle,PARKED,0.0,0.0,0.0,3,0.0,2.433,0.0,0.0,0.0,0.0,0.0,0.0,0.0
159.401,apt_walk_3_speckle,PARKED,0.0,0.0,0.0,3,0.0,2.31,0.0,0.0,0.0,0.0,0.0,0.0,0.0
159.501,apt_walk_3_speckle,PARKED,0.0,0.0,0.0,3,0.0,2.31,0.0,0.0,0.0,0.0,0.0,0.0,0.0
159.601,apt_walk_3_speckle,PARKED,0.0,0.0,0.0,3,0.0,2.31,0.0,0.0,0.0,0.0,0.0,0.0,0.0
159.702,apt_walk_3_speckle,PARKED,0.0,0.0,0.0,3,0.0,2.044,0.0,0.0,0.0,0.0,0.0,0.0,0.0
159.802,apt_walk_3_speckle,PARKED,0.0,0.0,0.0,3,0.0,2.044,0.0,0.0,0.0,0.0,0.0,0.0,0.0
159.911,apt_walk_3_speckle,PARKED,0.0,0.0,0.0,3,0.0,1.926,0.0,0.0,0.0,0.0,0.0,0.0,0.0
160.001,apt_walk_3_speckle,PARKED,0.0,0.0,0.0,3,0.0,1.926,0.0,0.0,0.0,0.0,0.0,0.0,0.0
160.101,apt_walk_3_speckle,PARKED,0.0,0.0,0.0,3,0.0,1.926,0.0,0.0,0.0,0.0,0.0,0.0,0.0
160.231,apt_walk_3_speckle,PARKED,0.0,0.0,0.0,3,0.4578,1.67,0.0,0.0,0.0,0.0,0.0,0.0,0.0
160.301,apt_walk_3_speckle,PARKED,0.0,0.0,0.0,3,0.4578,1.67,0.0,0.0,0.0,0.0,0.0,0.0,0.0
160.431,apt_walk_3_speckle,PARKED,0.0,0.0,0.0,3,0.4578,1.67,0.0,0.0,0.0,0.0,0.0,0.0,0.0
160.501,apt_walk_3_speckle,PARKED,0.0,0.0,0.0,3,0.4578,1.67,0.0,0.0,0.0,0.0,0.0,0.0,0.0
160.601,apt_walk_3_speckle,PARKED,0.0,0.0,0.0,3,0.2537,1.623,0.0,0.0,0.0,0.0,0.0,0.0,0.0
160.701,apt_walk_3_speckle,PARKED,0.0,0.0,0.0,3,0.4463,1.478,0.0,0.0,0.0,0.0,0.0,0.0,0.0
160.839,apt_walk_3_speckle,PARKED,0.0,0.0,0.0,3,0.4463,1.478,0.0,0.0,0.0,0.0,0.0,0.0,0.0
160.901,apt_walk_3_speckle,PARKED,0.0,0.0,0.0,3,0.4463,1.478,0.0,0.0,0.0,0.0,0.0,0.0,0.0
161.025,apt_walk_3_speckle,PARKED,0.0,0.0,0.0,3,0.1943,1.483,0.0,0.0,0.0,0.0,0.0,0.0,0.0
161.101,apt_walk_3_speckle,PARKED,0.0,0.0,0.0,3,0.1943,1.483,0.0,0.0,0.0,0.0,0.0,0.0,0.0
161.236,apt_walk_3_speckle,PARKED,0.0,0.0,0.0,3,0.3274,1.614,0.0,0.0,0.0,0.0,0.0,0.0,0.0
161.302,apt_walk_3_speckle,PARKED,0.0,0.0,0.0,3,0.6097,1.718,0.0,0.0,0.0,0.0,0.0,0.0,0.0
161.401,apt_walk_3_speckle,PARKED,0.0,0.0,0.0,3,0.6097,1.718,0.0,0.0,0.0,0.0,0.0,0.0,0.0
161.502,apt_walk_3_speckle,PARKED,0.0,0.0,0.0,3,0.6097,1.718,0.0,0.0,0.0,0.0,0.0,0.0,0.0
161.638,apt_walk_3_speckle,PARKED,0.0,0.0,0.0,3,0.0,1.921,0.0,0.0,0.0,0.0,0.0,0.0,0.0
161.711,apt_walk_3_speckle,PARKED,0.0,0.0,0.0,3,0.0,2.046,0.0,0.0,0.0,0.0,0.0,0.0,0.0
161.801,apt_walk_3_speckle,PARKED,0.0,0.0,0.0,3,0.0,2.046,0.0,0.0,0.0,0.0,0.0,0.0,0.0
161.942,apt_walk_3_speckle,PARKED,0.0,0.0,0.0,3,0.0,2.14,0.0,0.0,0.0,0.0,0.0,0.0,0.0
162.036,apt_walk_3_speckle,PARKED,0.0,0.0,0.0,3,0.0,2.227,0.0,0.0,0.0,0.0,0.0,0.0,0.0
162.101,apt_walk_3_speckle,PARKED,0.0,0.0,0.0,3,0.0,2.227,0.0,0.0,0.0,0.0,0.0,0.0,0.0
162.235,apt_walk_3_speckle,PARKED,0.0,0.0,0.0,4,0.0,2.581,0.0,0.0,0.0,0.0,0.0,0.0,0.0
162.302,apt_walk_3_speckle,PARKED,0.0,0.0,0.0,4,0.0,2.581,0.0,0.0,0.0,0.0,0.0,0.0,0.0
162.402,apt_walk_3_speckle,PARKED,0.0,0.0,0.0,4,0.0,2.581,0.0,0.0,0.0,0.0,0.0,0.0,0.0
162.509,apt_walk_3_speckle,PARKED,0.0,0.0,0.0,3,0.0,2.675,0.0,0.0,0.0,0.0,0.0,0.0,0.0
162.636,apt_walk_3_speckle,PARKED,0.0,0.0,0.0,3,0.0,2.934,0.0,0.0,0.0,0.0,0.0,0.0,0.0
162.702,apt_walk_3_speckle,PARKED,0.0,0.0,0.0,3,0.0,3.054,0.0,0.0,0.0,0.0,0.0,0.0,0.0
162.801,apt_walk_3_speckle,PARKED,0.0,0.0,0.0,3,0.0,3.054,0.0,0.0,0.0,0.0,0.0,0.0,0.0
162.922,apt_walk_3_speckle,PARKED,0.0,0.0,0.0,3,0.0,3.054,0.0,0.0,0.0,0.0,0.0,0.0,0.0
163.001,apt_walk_3_speckle,PARKED,0.0,0.0,0.0,3,0.0,3.054,0.0,0.0,0.0,0.0,0.0,0.0,0.0
163.101,apt_walk_3_speckle,PARKED,0.0,0.0,0.0,3,0.0,3.074,0.0,0.0,0.0,0.0,0.0,0.0,0.0
163.201,apt_walk_3_speckle,PARKED,0.0,0.0,0.0,3,0.0,3.074,0.0,0.0,0.0,0.0,0.0,0.0,0.0
163.302,apt_walk_3_speckle,PARKED,0.0,0.0,0.0,3,0.0,3.074,0.0,0.0,0.0,0.0,0.0,0.0,0.0
163.401,apt_walk_3_speckle,PARKED,0.0,0.0,0.0,3,0.0,3.074,0.0,0.0,0.0,0.0,0.0,0.0,0.0
163.501,apt_walk_3_speckle,PARKED,0.0,0.0,0.0,3,0.0,3.643,0.0,0.0,0.0,0.0,0.0,0.0,0.0
163.601,apt_walk_3_speckle,PARKED,0.0,0.0,0.0,3,0.0,3.643,0.0,0.0,0.0,0.0,0.0,0.0,0.0
163.701,apt_walk_3_speckle,PARKED,0.0,0.0,0.0,3,0.0,3.685,0.0,0.0,0.0,0.0,0.0,0.0,0.0
163.801,apt_walk_3_speckle,PARKED,0.0,0.0,0.0,3,0.0,3.732,0.0,0.0,0.0,0.0,0.0,0.0,0.0
163.901,apt_walk_3_speckle,PARKED,0.0,0.0,0.0,4,0.0,3.775,0.0,0.0,0.0,0.0,0.0,0.0,0.0
164.037,apt_walk_3_speckle,PARKED,0.0,0.0,0.0,4,0.0,3.775,0.0,0.0,0.0,0.0,0.0,0.0,0.0
164.101,apt_walk_3_speckle,PARKED,0.0,0.0,0.0,4,0.0,3.668,0.0,0.0,0.0,0.0,0.0,0.0,0.0
164.201,apt_walk_3_speckle,PARKED,0.0,0.0,0.0,4,0.0,3.668,0.0,0.0,0.0,0.0,0.0,0.0,0.0
164.301,apt_walk_3_speckle,PARKED,0.0,0.0,0.0,5,0.0,3.743,0.0,0.0,0.0,0.0,0.0,0.0,0.0
164.401,apt_walk_3_speckle,PARKED,0.0,0.0,0.0,5,0.0,3.721,0.0,0.0,0.0,0.0,0.0,0.0,0.0
164.527,apt_walk_3_speckle,PARKED,0.0,0.0,0.0,5,0.0,3.721,0.0,0.0,0.0,0.0,0.0,0.0,0.0
164.601,apt_walk_3_speckle,PARKED,0.0,0.0,0.0,3,0.0,3.708,0.0,0.0,0.0,0.0,0.0,0.0,0.0
164.701,apt_walk_3_speckle,PARKED,0.0,0.0,0.0,3,0.0,3.708,0.0,0.0,0.0,0.0,0.0,0.0,0.0
164.813,apt_walk_3_speckle,PARKED,0.0,0.0,0.0,4,0.0,3.7,0.0,0.0,0.0,0.0,0.0,0.0,0.0
164.921,apt_walk_3_speckle,PARKED,0.0,0.0,0.0,3,0.0,3.681,0.0,0.0,0.0,0.0,0.0,0.0,0.0
165.0,apt_walk_3_speckle,PARKED,0.0,0.0,0.0,3,0.0,3.681,0.0,0.0,0.0,0.0,0.0,0.0,0.0
165.111,apt_walk_3_speckle,PARKED,0.0,0.0,0.0,3,0.0,3.661,0.0,0.0,0.0,0.0,0.0,0.0,0.0
165.201,apt_walk_3_speckle,PARKED,0.0,0.0,0.0,3,0.0,3.661,0.0,0.0,0.0,0.0,0.0,0.0,0.0
165.301,apt_walk_3_speckle,PARKED,0.0,0.0,0.0,3,0.0,3.661,0.0,0.0,0.0,0.0,0.0,0.0,0.0
165.451,apt_walk_3_speckle,PARKED,0.0,0.0,0.0,3,0.0,3.401,0.0,0.0,0.0,0.0,0.0,0.0,0.0
165.501,apt_walk_3_speckle,PARKED,0.0,0.0,0.0,3,0.0,3.401,0.0,0.0,0.0,0.0,0.0,0.0,0.0
165.646,apt_walk_3_speckle,PARKED,0.0,0.0,0.0,3,0.0,3.274,0.0,0.0,0.0,0.0,0.0,0.0,0.0
165.712,apt_walk_3_speckle,PARKED,0.0,0.0,0.0,3,0.0,3.147,0.0,0.0,0.0,0.0,0.0,0.0,0.0
165.801,apt_walk_3_speckle,PARKED,0.0,0.0,0.0,3,0.0,3.147,0.0,0.0,0.0,0.0,0.0,0.0,0.0
165.934,apt_walk_3_speckle,PARKED,0.0,0.0,0.0,3,0.0,3.017,0.0,0.0,0.0,0.0,0.0,0.0,0.0
166.047,apt_walk_3_speckle,PARKED,0.0,0.0,0.0,3,0.0,2.722,0.0,0.0,0.0,0.0,0.0,0.0,0.0
166.101,apt_walk_3_speckle,PARKED,0.0,0.0,0.0,3,0.0,2.722,0.0,0.0,0.0,0.0,0.0,0.0,0.0
166.201,apt_walk_3_speckle,PARKED,0.0,0.0,0.0,3,0.0,2.722,0.0,0.0,0.0,0.0,0.0,0.0,0.0
166.325,apt_walk_3_speckle,PARKED,0.0,0.0,0.0,3,0.0,2.511,0.0,0.0,0.0,0.0,0.0,0.0,0.0
166.401,apt_walk_3_speckle,PARKED,0.0,0.0,0.0,3,0.0,2.403,0.0,0.0,0.0,0.0,0.0,0.0,0.0
166.502,apt_walk_3_speckle,PARKED,0.0,0.0,0.0,3,0.0,2.403,0.0,0.0,0.0,0.0,0.0,0.0,0.0
166.6,apt_walk_3_speckle,PARKED,0.0,0.0,0.0,3,0.0,2.315,0.0,0.0,0.0,0.0,0.0,0.0,0.0
166.701,apt_walk_3_speckle,PARKED,0.0,0.0,0.0,3,0.0,2.315,0.0,0.0,0.0,0.0,0.0,0.0,0.0
166.849,apt_walk_3_speckle,PARKED,0.0,0.0,0.0,3,0.0,2.269,0.0,0.0,0.0,0.0,0.0,0.0,0.0
166.901,apt_walk_3_speckle,PARKED,0.0,0.0,0.0,3,0.0,2.269,0.0,0.0,0.0,0.0,0.0,0.0,0.0
167.011,apt_walk_3_speckle,PARKED,0.0,0.0,0.0,3,0.0,2.102,0.0,0.0,0.0,0.0,0.0,0.0,0.0
167.144,apt_walk_3_speckle,PARKED,0.0,0.0,0.0,3,0.0,1.893,0.0,0.0,0.0,0.0,0.0,0.0,0.0
167.215,apt_walk_3_speckle,PARKED,0.0,0.0,0.0,3,0.0,1.893,0.0,0.0,0.0,0.0,0.0,0.0,0.0
167.301,apt_walk_3_speckle,PARKED,0.0,0.0,0.0,3,0.0,1.893,0.0,0.0,0.0,0.0,0.0,0.0,0.0
167.401,apt_walk_3_speckle,PARKED,0.0,0.0,0.0,3,0.0,1.893,0.0,0.0,0.0,0.0,0.0,0.0,0.0
167.501,apt_walk_3_speckle,PARKED,0.0,0.0,0.0,3,0.0,1.893,0.0,0.0,0.0,0.0,0.0,0.0,0.0
167.622,apt_walk_3_speckle,PARKED,0.0,0.0,0.0,3,0.3522,1.617,0.0,0.0,0.0,0.0,0.0,0.0,0.0
167.701,apt_walk_3_speckle,PARKED,0.0,0.0,0.0,3,0.7044,1.549,0.0,0.0,0.0,0.0,0.0,0.0,0.0
167.801,apt_walk_3_speckle,PARKED,0.0,0.0,0.0,3,0.7044,1.549,0.0,0.0,0.0,0.0,0.0,0.0,0.0
167.901,apt_walk_3_speckle,PARKED,0.0,0.0,0.0,3,0.7044,1.549,0.0,0.0,0.0,0.0,0.0,0.0,0.0
168.001,apt_walk_3_speckle,PARKED,0.0,0.0,0.0,3,0.7044,1.549,0.0,0.0,0.0,0.0,0.0,0.0,0.0
168.102,apt_walk_3_speckle,PARKED,0.0,0.0,0.0,3,0.3137,1.506,0.0,0.0,0.0,0.0,0.0,0.0,0.0
168.24,apt_walk_3_speckle,PARKED,0.0,0.0,0.0,3,0.1233,1.473,0.0,0.0,0.0,0.0,0.0,0.0,0.0
168.323,apt_walk_3_speckle,PARKED,0.0,0.0,0.0,3,0.1829,1.478,0.0,0.0,0.0,0.0,0.0,0.0,0.0
168.401,apt_walk_3_speckle,PARKED,0.0,0.0,0.0,3,0.1829,1.478,0.0,0.0,0.0,0.0,0.0,0.0,0.0
168.501,apt_walk_3_speckle,PARKED,0.0,0.0,0.0,3,0.1829,1.478,0.0,0.0,0.0,0.0,0.0,0.0,0.0
168.601,apt_walk_3_speckle,PARKED,0.0,0.0,0.0,3,0.624,1.648,0.0,0.0,0.0,0.0,0.0,0.0,0.0
168.73,apt_walk_3_speckle,PARKED,0.0,0.0,0.0,3,0.024,1.912,0.0,0.0,0.0,0.0,0.0,0.0,0.0
168.801,apt_walk_3_speckle,PARKED,0.0,0.0,0.0,3,0.024,1.912,0.0,0.0,0.0,0.0,0.0,0.0,0.0
168.901,apt_walk_3_speckle,PARKED,0.0,0.0,0.0,3,0.024,1.912,0.0,0.0,0.0,0.0,0.0,0.0,0.0
169.008,apt_walk_3_speckle,PARKED,0.0,0.0,0.0,3,0.0,2.033,0.0,0.0,0.0,0.0,0.0,0.0,0.0
169.101,apt_walk_3_speckle,PARKED,0.0,0.0,0.0,3,0.0,2.239,0.0,0.0,0.0,0.0,0.0,0.0,0.0
169.244,apt_walk_3_speckle,PARKED,0.0,0.0,0.0,3,0.0,2.429,0.0,0.0,0.0,0.0,0.0,0.0,0.0
169.3,apt_walk_3_speckle,PARKED,0.0,0.0,0.0,3,0.0,2.429,0.0,0.0,0.0,0.0,0.0,0.0,0.0
169.422,apt_walk_3_speckle,PARKED,0.0,0.0,0.0,3,0.0,2.429,0.0,0.0,0.0,0.0,0.0,0.0,0.0
169.501,apt_walk_3_speckle,PARKED,0.0,0.0,0.0,3,0.0,2.429,0.0,0.0,0.0,0.0,0.0,0.0,0.0
169.601,apt_walk_3_speckle,PARKED,0.0,0.0,0.0,3,0.0,2.429,0.0,0.0,0.0,0.0,0.0,0.0,0.0
169.701,apt_walk_3_speckle,PARKED,0.0,0.0,0.0,3,0.0,2.914,0.0,0.0,0.0,0.0,0.0,0.0,0.0
169.802,apt_walk_3_speckle,PARKED,0.0,0.0,0.0,3,0.0,2.914,0.0,0.0,0.0,0.0,0.0,0.0,0.0
169.902,apt_walk_3_speckle,PARKED,0.0,0.0,0.0,3,0.0,2.914,0.0,0.0,0.0,0.0,0.0,0.0,0.0
170.002,apt_walk_3_speckle,PARKED,0.0,0.0,0.0,3,0.0,3.18,0.0,0.0,0.0,0.0,0.0,0.0,0.0
170.101,apt_walk_3_speckle,PARKED,0.0,0.0,0.0,3,0.0,3.18,0.0,0.0,0.0,0.0,0.0,0.0,0.0
170.201,apt_walk_3_speckle,PARKED,0.0,0.0,0.0,3,0.0,3.18,0.0,0.0,0.0,0.0,0.0,0.0,0.0
170.325,apt_walk_3_speckle,PARKED,0.0,0.0,0.0,3,0.0,3.697,0.0,0.0,0.0,0.0,0.0,0.0,0.0
170.443,apt_walk_3_speckle,PARKED,0.0,0.0,0.0,3,0.0,3.697,0.0,0.0,0.0,0.0,0.0,0.0,0.0
170.502,apt_walk_3_speckle,PARKED,0.0,0.0,0.0,3,0.0,3.697,0.0,0.0,0.0,0.0,0.0,0.0,0.0
170.601,apt_walk_3_speckle,PARKED,0.0,0.0,0.0,3,0.0,3.697,0.0,0.0,0.0,0.0,0.0,0.0,0.0
170.701,apt_walk_3_speckle,PARKED,0.0,0.0,0.0,3,0.0,3.697,0.0,0.0,0.0,0.0,0.0,0.0,0.0
170.801,apt_walk_3_speckle,PARKED,0.0,0.0,0.0,3,0.0,3.697,0.0,0.0,0.0,0.0,0.0,0.0,0.0
170.901,apt_walk_3_speckle,PARKED,0.0,0.0,0.0,4,0.0,3.74,0.0,0.0,0.0,0.0,0.0,0.0,0.0
171.01,apt_walk_3_speckle,PARKED,0.0,0.0,0.0,4,0.0,3.802,0.0,0.0,0.0,0.0,0.0,0.0,0.0
171.101,apt_walk_3_speckle,PARKED,0.0,0.0,0.0,4,0.0,3.802,0.0,0.0,0.0,0.0,0.0,0.0,0.0
171.201,apt_walk_3_speckle,PARKED,0.0,0.0,0.0,4,0.0,3.802,0.0,0.0,0.0,0.0,0.0,0.0,0.0
171.334,apt_walk_3_speckle,PARKED,0.0,0.0,0.0,4,0.0,3.662,0.0,0.0,0.0,0.0,0.0,0.0,0.0
171.401,apt_walk_3_speckle,PARKED,0.0,0.0,0.0,4,0.0,3.665,0.0,0.0,0.0,0.0,0.0,0.0,0.0
171.501,apt_walk_3_speckle,PARKED,0.0,0.0,0.0,4,0.0,3.665,0.0,0.0,0.0,0.0,0.0,0.0,0.0
171.601,apt_walk_3_speckle,PARKED,0.0,0.0,0.0,4,0.0,3.665,0.0,0.0,0.0,0.0,0.0,0.0,0.0
171.701,apt_walk_3_speckle,PARKED,0.0,0.0,0.0,4,0.0,3.665,0.0,0.0,0.0,0.0,0.0,0.0,0.0
171.836,apt_walk_3_speckle,PARKED,0.0,0.0,0.0,4,0.0,3.677,0.0,0.0,0.0,0.0,0.0,0.0,0.0
171.914,apt_walk_3_speckle,PARKED,0.0,0.0,0.0,4,0.0,3.677,0.0,0.0,0.0,0.0,0.0,0.0,0.0
172.048,apt_walk_3_speckle,PARKED,0.0,0.0,0.0,4,0.0,3.656,0.0,0.0,0.0,0.0,0.0,0.0,0.0
172.102,apt_walk_3_speckle,PARKED,0.0,0.0,0.0,4,0.0,3.656,0.0,0.0,0.0,0.0,0.0,0.0,0.0
172.202,apt_walk_3_speckle,PARKED,0.0,0.0,0.0,4,0.0,3.656,0.0,0.0,0.0,0.0,0.0,0.0,0.0
172.342,apt_walk_3_speckle,PARKED,0.0,0.0,0.0,4,0.0,3.72,0.0,0.0,0.0,0.0,0.0,0.0,0.0
172.404,apt_walk_3_speckle,PARKED,0.0,0.0,0.0,4,0.0,3.663,0.0,0.0,0.0,0.0,0.0,0.0,0.0
172.501,apt_walk_3_speckle,PARKED,0.0,0.0,0.0,4,0.0,3.663,0.0,0.0,0.0,0.0,0.0,0.0,0.0
172.601,apt_walk_3_speckle,PARKED,0.0,0.0,0.0,4,0.0,3.663,0.0,0.0,0.0,0.0,0.0,0.0,0.0
172.701,apt_walk_3_speckle,PARKED,0.0,0.0,0.0,4,0.0,3.663,0.0,0.0,0.0,0.0,0.0,0.0,0.0
172.801,apt_walk_3_speckle,PARKED,0.0,0.0,0.0,4,0.0,3.663,0.0,0.0,0.0,0.0,0.0,0.0,0.0
172.915,apt_walk_3_speckle,PARKED,0.0,0.0,0.0,3,0.0,3.33,0.0,0.0,0.0,0.0,0.0,0.0,0.0
173.001,apt_walk_3_speckle,PARKED,0.0,0.0,0.0,3,0.0,3.178,0.0,0.0,0.0,0.0,0.0,0.0,0.0
173.101,apt_walk_3_speckle,PARKED,0.0,0.0,0.0,3,0.0,3.178,0.0,0.0,0.0,0.0,0.0,0.0,0.0
173.201,apt_walk_3_speckle,PARKED,0.0,0.0,0.0,3,0.0,3.178,0.0,0.0,0.0,0.0,0.0,0.0,0.0
173.341,apt_walk_3_speckle,PARKED,0.0,0.0,0.0,3,0.0,2.911,0.0,0.0,0.0,0.0,0.0,0.0,0.0
173.404,apt_walk_3_speckle,PARKED,0.0,0.0,0.0,3,0.0,2.716,0.0,0.0,0.0,0.0,0.0,0.0,0.0
173.538,apt_walk_3_speckle,PARKED,0.0,0.0,0.0,3,0.0,2.63,0.0,0.0,0.0,0.0,0.0,0.0,0.0
173.602,apt_walk_3_speckle,PARKED,0.0,0.0,0.0,3,0.0,2.63,0.0,0.0,0.0,0.0,0.0,0.0,0.0
173.701,apt_walk_3_speckle,PARKED,0.0,0.0,0.0,3,0.0,2.63,0.0,0.0,0.0,0.0,0.0,0.0,0.0
173.828,apt_walk_3_speckle,PARKED,0.0,0.0,0.0,3,0.0,2.298,0.0,0.0,0.0,0.0,0.0,0.0,0.0
173.902,apt_walk_3_speckle,PARKED,0.0,0.0,0.0,3,0.0,2.298,0.0,0.0,0.0,0.0,0.0,0.0,0.0
174.001,apt_walk_3_speckle,PARKED,0.0,0.0,0.0,3,0.0,2.192,0.0,0.0,0.0,0.0,0.0,0.0,0.0
174.101,apt_walk_3_speckle,PARKED,0.0,0.0,0.0,3,0.0,2.192,0.0,0.0,0.0,0.0,0.0,0.0,0.0
174.201,apt_walk_3_speckle,PARKED,0.0,0.0,0.0,3,0.0,2.026,0.0,0.0,0.0,0.0,0.0,0.0,0.0
174.301,apt_walk_3_speckle,PARKED,0.0,0.0,0.0,3,0.0,2.026,0.0,0.0,0.0,0.0,0.0,0.0,0.0
174.427,apt_walk_3_speckle,PARKED,0.0,0.0,0.0,3,0.0,1.899,0.0,0.0,0.0,0.0,0.0,0.0,0.0
174.501,apt_walk_3_speckle,PARKED,0.0,0.0,0.0,3,0.0,1.899,0.0,0.0,0.0,0.0,0.0,0.0,0.0
174.601,apt_walk_3_speckle,PARKED,0.0,0.0,0.0,3,0.0,1.899,0.0,0.0,0.0,0.0,0.0,0.0,0.0
174.701,apt_walk_3_speckle,PARKED,0.0,0.0,0.0,3,0.0,1.899,0.0,0.0,0.0,0.0,0.0,0.0,0.0
174.801,apt_walk_3_speckle,PARKED,0.0,0.0,0.0,3,0.0,1.899,0.0,0.0,0.0,0.0,0.0,0.0,0.0
174.901,apt_walk_3_speckle,PARKED,0.0,0.0,0.0,3,0.0,1.899,0.0,0.0,0.0,0.0,0.0,0.0,0.0
175.001,apt_walk_3_speckle,PARKED,0.0,0.0,0.0,4,0.0,1.836,0.0,0.0,0.0,0.0,0.0,0.0,0.0
175.102,apt_walk_3_speckle,PARKED,0.0,0.0,0.0,4,0.0,1.836,0.0,0.0,0.0,0.0,0.0,0.0,0.0
175.201,apt_walk_3_speckle,PARKED,0.0,0.0,0.0,4,0.0,1.836,0.0,0.0,0.0,0.0,0.0,0.0,0.0
175.301,apt_walk_3_speckle,PARKED,0.0,0.0,0.0,3,0.3443,1.522,0.0,0.0,0.0,0.0,0.0,0.0,0.0
175.402,apt_walk_3_speckle,PARKED,0.0,0.0,0.0,3,0.3443,1.522,0.0,0.0,0.0,0.0,0.0,0.0,0.0
175.502,apt_walk_3_speckle,PARKED,0.0,0.0,0.0,3,0.3443,1.522,0.0,0.0,0.0,0.0,0.0,0.0,0.0
175.601,apt_walk_3_speckle,PARKED,0.0,0.0,0.0,3,0.3443,1.522,0.0,0.0,0.0,0.0,0.0,0.0,0.0
175.701,apt_walk_3_speckle,PARKED,0.0,0.0,0.0,3,0.469,1.497,0.0,0.0,0.0,0.0,0.0,0.0,0.0
175.85,apt_walk_3_speckle,PARKED,0.0,0.0,0.0,3,0.6141,1.674,0.0,0.0,0.0,0.0,0.0,0.0,0.0
175.918,apt_walk_3_speckle,PARKED,0.0,0.0,0.0,3,0.3,1.834,0.0,0.0,0.0,0.0,0.0,0.0,0.0
176.034,apt_walk_3_speckle,PARKED,0.0,0.0,0.0,3,0.0,1.921,0.0,0.0,0.0,0.0,0.0,0.0,0.0
176.101,apt_walk_3_speckle,PARKED,0.0,0.0,0.0,3,0.0,1.921,0.0,0.0,0.0,0.0,0.0,0.0,0.0
176.201,apt_walk_3_speckle,PARKED,0.0,0.0,0.0,3,0.0,1.921,0.0,0.0,0.0,0.0,0.0,0.0,0.0
176.328,apt_walk_3_speckle,PARKED,0.0,0.0,0.0,3,0.0,2.219,0.0,0.0,0.0,0.0,0.0,0.0,0.0
176.402,apt_walk_3_speckle,PARKED,0.0,0.0,0.0,3,0.0,2.219,0.0,0.0,0.0,0.0,0.0,0.0,0.0
176.537,apt_walk_3_speckle,PARKED,0.0,0.0,0.0,3,0.0,2.283,0.0,0.0,0.0,0.0,0.0,0.0,0.0
176.601,apt_walk_3_speckle,PARKED,0.0,0.0,0.0,3,0.0,2.283,0.0,0.0,0.0,0.0,0.0,0.0,0.0
176.701,apt_walk_3_speckle,PARKED,0.0,0.0,0.0,3,0.0,2.436,0.0,0.0,0.0,0.0,0.0,0.0,0.0
176.835,apt_walk_3_speckle,PARKED,0.0,0.0,0.0,3,0.0,2.662,0.0,0.0,0.0,0.0,0.0,0.0,0.0
176.901,apt_walk_3_speckle,PARKED,0.0,0.0,0.0,3,0.0,2.662,0.0,0.0,0.0,0.0,0.0,0.0,0.0
177.001,apt_walk_3_speckle,PARKED,0.0,0.0,0.0,3,0.0,2.784,0.0,0.0,0.0,0.0,0.0,0.0,0.0
177.102,apt_walk_3_speckle,PARKED,0.0,0.0,0.0,3,0.0,3.01,0.0,0.0,0.0,0.0,0.0,0.0,0.0
177.201,apt_walk_3_speckle,PARKED,0.0,0.0,0.0,3,0.0,3.01,0.0,0.0,0.0,0.0,0.0,0.0,0.0
177.301,apt_walk_3_speckle,PARKED,0.0,0.0,0.0,3,0.0,3.219,0.0,0.0,0.0,0.0,0.0,0.0,0.0
177.402,apt_walk_3_speckle,PARKED,0.0,0.0,0.0,3,0.0,3.406,0.0,0.0,0.0,0.0,0.0,0.0,0.0
177.501,apt_walk_3_speckle,PARKED,0.0,0.0,0.0,3,0.0,3.406,0.0,0.0,0.0,0.0,0.0,0.0,0.0
177.647,apt_walk_3_speckle,PARKED,0.0,0.0,0.0,3,0.0,3.427,0.0,0.0,0.0,0.0,0.0,0.0,0.0
177.74,apt_walk_3_speckle,PARKED,0.0,0.0,0.0,3,0.0,3.706,0.0,0.0,0.0,0.0,0.0,0.0,0.0
177.809,apt_walk_3_speckle,PARKED,0.0,0.0,0.0,3,0.0,3.706,0.0,0.0,0.0,0.0,0.0,0.0,0.0
177.901,apt_walk_3_speckle,PARKED,0.0,0.0,0.0,3,0.0,3.706,0.0,0.0,0.0,0.0,0.0,0.0,0.0
178.002,apt_walk_3_speckle,PARKED,0.0,0.0,0.0,3,0.0,3.706,0.0,0.0,0.0,0.0,0.0,0.0,0.0
178.137,apt_walk_3_speckle,PARKED,0.0,0.0,0.0,3,0.0,3.714,0.0,0.0,0.0,0.0,0.0,0.0,0.0
178.202,apt_walk_3_speckle,PARKED,0.0,0.0,0.0,3,0.0,3.714,0.0,0.0,0.0,0.0,0.0,0.0,0.0
178.301,apt_walk_3_speckle,PARKED,0.0,0.0,0.0,3,0.0,3.714,0.0,0.0,0.0,0.0,0.0,0.0,0.0
178.401,apt_walk_3_speckle,PARKED,0.0,0.0,0.0,3,0.0,3.714,0.0,0.0,0.0,0.0,0.0,0.0,0.0
178.501,apt_walk_3_speckle,PARKED,0.0,0.0,0.0,3,0.0,3.714,0.0,0.0,0.0,0.0,0.0,0.0,0.0
178.601,apt_walk_3_speckle,PARKED,0.0,0.0,0.0,3,0.0,3.658,0.0,0.0,0.0,0.0,0.0,0.0,0.0
178.739,apt_walk_3_speckle,PARKED,0.0,0.0,0.0,4,0.0,3.628,0.0,0.0,0.0,0.0,0.0,0.0,0.0
178.8,apt_walk_3_speckle,PARKED,0.0,0.0,0.0,4,0.0,3.628,0.0,0.0,0.0,0.0,0.0,0.0,0.0
178.901,apt_walk_3_speckle,PARKED,0.0,0.0,0.0,4,0.0,3.628,0.0,0.0,0.0,0.0,0.0,0.0,0.0
179.001,apt_walk_3_speckle,PARKED,0.0,0.0,0.0,4,0.0,3.628,0.0,0.0,0.0,0.0,0.0,0.0,0.0
179.129,apt_walk_3_speckle,PARKED,0.0,0.0,0.0,4,0.0,3.647,0.0,0.0,0.0,0.0,0.0,0.0,0.0
179.202,apt_walk_3_speckle,PARKED,0.0,0.0,0.0,4,0.0,3.647,0.0,0.0,0.0,0.0,0.0,0.0,0.0
179.301,apt_walk_3_speckle,PARKED,0.0,0.0,0.0,4,0.0,3.647,0.0,0.0,0.0,0.0,0.0,0.0,0.0
179.401,apt_walk_3_speckle,PARKED,0.0,0.0,0.0,4,0.0,3.647,0.0,0.0,0.0,0.0,0.0,0.0,0.0
179.518,apt_walk_3_speckle,PARKED,0.0,0.0,0.0,3,0.0,3.752,0.0,0.0,0.0,0.0,0.0,0.0,0.0
179.601,apt_walk_3_speckle,PARKED,0.0,0.0,0.0,3,0.0,3.699,0.0,0.0,0.0,0.0,0.0,0.0,0.0
179.745,apt_walk_3_speckle,PARKED,0.0,0.0,0.0,3,0.0,3.699,0.0,0.0,0.0,0.0,0.0,0.0,0.0
179.801,apt_walk_3_speckle,PARKED,0.0,0.0,0.0,3,0.0,3.699,0.0,0.0,0.0,0.0,0.0,0.0,0.0
179.901,apt_walk_3_speckle,PARKED,0.0,0.0,0.0,3,0.0,3.699,0.0,0.0,0.0,0.0,0.0,0.0,0.0
180.001,apt_walk_3_speckle,PARKED,0.0,0.0,0.0,4,0.0,3.764,0.0,0.0,0.0,0.0,0.0,0.0,0.0
180.101,apt_walk_3_speckle,PARKED,0.0,0.0,0.0,4,0.0,3.262,0.0,0.0,0.0,0.0,0.0,0.0,0.0
180.238,apt_walk_3_speckle,PARKED,0.0,0.0,0.0,4,0.0,3.262,0.0,0.0,0.0,0.0,0.0,0.0,0.0
180.301,apt_walk_3_speckle,PARKED,0.0,0.0,0.0,4,0.0,3.262,0.0,0.0,0.0,0.0,0.0,0.0,0.0
180.401,apt_walk_3_speckle,PARKED,0.0,0.0,0.0,4,0.0,3.262,0.0,0.0,0.0,0.0,0.0,0.0,0.0
180.515,apt_walk_3_speckle,PARKED,0.0,0.0,0.0,4,0.0,2.84,0.0,0.0,0.0,0.0,0.0,0.0,0.0
180.601,apt_walk_3_speckle,PARKED,0.0,0.0,0.0,4,0.0,2.84,0.0,0.0,0.0,0.0,0.0,0.0,0.0
180.701,apt_walk_3_speckle,PARKED,0.0,0.0,0.0,4,0.0,2.84,0.0,0.0,0.0,0.0,0.0,0.0,0.0
180.842,apt_walk_3_speckle,PARKED,0.0,0.0,0.0,4,0.0,2.751,0.0,0.0,0.0,0.0,0.0,0.0,0.0
180.902,apt_walk_3_speckle,PARKED,0.0,0.0,0.0,4,0.0,2.751,0.0,0.0,0.0,0.0,0.0,0.0,0.0
181.034,apt_walk_3_speckle,PARKED,0.0,0.0,0.0,3,0.0,2.444,0.0,0.0,0.0,0.0,0.0,0.0,0.0
181.102,apt_walk_3_speckle,PARKED,0.0,0.0,0.0,3,0.0,2.444,0.0,0.0,0.0,0.0,0.0,0.0,0.0
181.201,apt_walk_3_speckle,PARKED,0.0,0.0,0.0,3,0.0,2.444,0.0,0.0,0.0,0.0,0.0,0.0,0.0
181.301,apt_walk_3_speckle,PARKED,0.0,0.0,0.0,3,0.0,2.444,0.0,0.0,0.0,0.0,0.0,0.0,0.0
181.401,apt_walk_3_speckle,PARKED,0.0,0.0,0.0,3,0.0,2.458,0.0,0.0,0.0,0.0,0.0,0.0,0.0
181.501,apt_walk_3_speckle,PARKED,0.0,0.0,0.0,3,0.0,2.458,0.0,0.0,0.0,0.0,0.0,0.0,0.0
181.601,apt_walk_3_speckle,PARKED,0.0,0.0,0.0,3,0.0,1.914,0.0,0.0,0.0,0.0,0.0,0.0,0.0
181.728,apt_walk_3_speckle,PARKED,0.0,0.0,0.0,3,0.0,1.821,0.0,0.0,0.0,0.0,0.0,0.0,0.0
181.802,apt_walk_3_speckle,PARKED,0.0,0.0,0.0,3,0.0,1.821,0.0,0.0,0.0,0.0,0.0,0.0,0.0
181.908,apt_walk_3_speckle,PARKED,0.0,0.0,0.0,3,0.3006,1.782,0.0,0.0,0.0,0.0,0.0,0.0,0.0
182.03,apt_walk_3_speckle,PARKED,0.0,0.0,0.0,3,0.3006,1.782,0.0,0.0,0.0,0.0,0.0,0.0,0.0
182.14,apt_walk_3_speckle,PARKED,0.0,0.0,0.0,3,0.034,1.688,0.0,0.0,0.0,0.0,0.0,0.0,0.0
182.201,apt_walk_3_speckle,PARKED,0.0,0.0,0.0,3,0.245,1.53,0.0,0.0,0.0,0.0,0.0,0.0,0.0
182.348,apt_walk_3_speckle,PARKED,0.0,0.0,0.0,3,0.2981,1.491,0.0,0.0,0.0,0.0,0.0,0.0,0.0
182.402,apt_walk_3_speckle,PARKED,0.0,0.0,0.0,3,0.2981,1.491,0.0,0.0,0.0,0.0,0.0,0.0,0.0
182.501,apt_walk_3_speckle,PARKED,0.0,0.0,0.0,3,0.2981,1.491,0.0,0.0,0.0,0.0,0.0,0.0,0.0
182.601,apt_walk_3_speckle,PARKED,0.0,0.0,0.0,3,0.2981,1.491,0.0,0.0,0.0,0.0,0.0,0.0,0.0
182.701,apt_walk_3_speckle,PARKED,0.0,0.0,0.0,3,0.2981,1.491,0.0,0.0,0.0,0.0,0.0,0.0,0.0
182.801,apt_walk_3_speckle,PARKED,0.0,0.0,0.0,3,0.4547,1.463,0.0,0.0,0.0,0.0,0.0,0.0,0.0
182.901,apt_walk_3_speckle,PARKED,0.0,0.0,0.0,3,0.4547,1.463,0.0,0.0,0.0,0.0,0.0,0.0,0.0
183.001,apt_walk_3_speckle,PARKED,0.0,0.0,0.0,3,0.4547,1.463,0.0,0.0,0.0,0.0,0.0,0.0,0.0
183.102,apt_walk_3_speckle,PARKED,0.0,0.0,0.0,3,0.224,1.524,0.0,0.0,0.0,0.0,0.0,0.0,0.0
183.229,apt_walk_3_speckle,PARKED,0.0,0.0,0.0,3,0.1601,1.677,0.0,0.0,0.0,0.0,0.0,0.0,0.0
183.303,apt_walk_3_speckle,PARKED,0.0,0.0,0.0,3,0.0,1.81,0.0,0.0,0.0,0.0,0.0,0.0,0.0
183.401,apt_walk_3_speckle,PARKED,0.0,0.0,0.0,3,0.0,1.81,0.0,0.0,0.0,0.0,0.0,0.0,0.0
183.501,apt_walk_3_speckle,PARKED,0.0,0.0,0.0,3,0.0,1.929,0.0,0.0,0.0,0.0,0.0,0.0,0.0
183.601,apt_walk_3_speckle,PARKED,0.0,0.0,0.0,3,0.0,1.929,0.0,0.0,0.0,0.0,0.0,0.0,0.0
183.702,apt_walk_3_speckle,PARKED,0.0,0.0,0.0,3,0.0,1.929,0.0,0.0,0.0,0.0,0.0,0.0,0.0
183.845,apt_walk_3_speckle,PARKED,0.0,0.0,0.0,3,0.0,2.457,0.0,0.0,0.0,0.0,0.0,0.0,0.0
183.92,apt_walk_3_speckle,PARKED,0.0,0.0,0.0,3,0.0,2.457,0.0,0.0,0.0,0.0,0.0,0.0,0.0
184.001,apt_walk_3_speckle,PARKED,0.0,0.0,0.0,3,0.0,2.457,0.0,0.0,0.0,0.0,0.0,0.0,0.0
184.101,apt_walk_3_speckle,PARKED,0.0,0.0,0.0,3,0.0,2.551,0.0,0.0,0.0,0.0,0.0,0.0,0.0
184.201,apt_walk_3_speckle,PARKED,0.0,0.0,0.0,3,0.0,2.551,0.0,0.0,0.0,0.0,0.0,0.0,0.0
184.334,apt_walk_3_speckle,PARKED,0.0,0.0,0.0,3,0.0,2.945,0.0,0.0,0.0,0.0,0.0,0.0,0.0
184.431,apt_walk_3_speckle,PARKED,0.0,0.0,0.0,3,0.0,2.945,0.0,0.0,0.0,0.0,0.0,0.0,0.0
184.501,apt_walk_3_speckle,PARKED,0.0,0.0,0.0,3,0.0,2.945,0.0,0.0,0.0,0.0,0.0,0.0,0.0
184.609,apt_walk_3_speckle,PARKED,0.0,0.0,0.0,3,0.0,3.041,0.0,0.0,0.0,0.0,0.0,0.0,0.0
184.701,apt_walk_3_speckle,PARKED,0.0,0.0,0.0,3,0.0,3.041,0.0,0.0,0.0,0.0,0.0,0.0,0.0
184.801,apt_walk_3_speckle,PARKED,0.0,0.0,0.0,3,0.0,3.041,0.0,0.0,0.0,0.0,0.0,0.0,0.0
184.946,apt_walk_3_speckle,PARKED,0.0,0.0,0.0,3,0.0,3.438,0.0,0.0,0.0,0.0,0.0,0.0,0.0
185.001,apt_walk_3_speckle,PARKED,0.0,0.0,0.0,3,0.0,3.438,0.0,0.0,0.0,0.0,0.0,0.0,0.0
185.101,apt_walk_3_speckle,PARKED,0.0,0.0,0.0,3,0.0,3.438,0.0,0.0,0.0,0.0,0.0,0.0,0.0
185.216,apt_walk_3_speckle,PARKED,0.0,0.0,0.0,3,0.0,3.561,0.0,0.0,0.0,0.0,0.0,0.0,0.0
185.301,apt_walk_3_speckle,PARKED,0.0,0.0,0.0,3,0.0,3.731,0.0,0.0,0.0,0.0,0.0,0.0,0.0
185.401,apt_walk_3_speckle,PARKED,0.0,0.0,0.0,3,0.0,3.731,0.0,0.0,0.0,0.0,0.0,0.0,0.0
185.536,apt_walk_3_speckle,PARKED,0.0,0.0,0.0,3,0.0,3.686,0.0,0.0,0.0,0.0,0.0,0.0,0.0
185.6,apt_walk_3_speckle,PARKED,0.0,0.0,0.0,3,0.0,3.686,0.0,0.0,0.0,0.0,0.0,0.0,0.0
185.701,apt_walk_3_speckle,PARKED,0.0,0.0,0.0,4,0.0,3.635,0.0,0.0,0.0,0.0,0.0,0.0,0.0
185.801,apt_walk_3_speckle,PARKED,0.0,0.0,0.0,4,0.0,3.635,0.0,0.0,0.0,0.0,0.0,0.0,0.0
185.901,apt_walk_3_speckle,PARKED,0.0,0.0,0.0,4,0.0,3.635,0.0,0.0,0.0,0.0,0.0,0.0,0.0
186.0,apt_walk_3_speckle,PARKED,0.0,0.0,0.0,4,0.0,3.704,0.0,0.0,0.0,0.0,0.0,0.0,0.0
186.101,apt_walk_3_speckle,PARKED,0.0,0.0,0.0,4,0.0,3.704,0.0,0.0,0.0,0.0,0.0,0.0,0.0
186.202,apt_walk_3_speckle,PARKED,0.0,0.0,0.0,4,0.0,3.714,0.0,0.0,0.0,0.0,0.0,0.0,0.0
186.35,apt_walk_3_speckle,PARKED,0.0,0.0,0.0,4,0.0,3.685,0.0,0.0,0.0,0.0,0.0,0.0,0.0
186.401,apt_walk_3_speckle,PARKED,0.0,0.0,0.0,4,0.0,3.685,0.0,0.0,0.0,0.0,0.0,0.0,0.0
186.55,apt_walk_3_speckle,PARKED,0.0,0.0,0.0,4,0.0,3.685,0.0,0.0,0.0,0.0,0.0,0.0,0.0
186.602,apt_walk_3_speckle,PARKED,0.0,0.0,0.0,4,0.0,3.685,0.0,0.0,0.0,0.0,0.0,0.0,0.0
186.75,apt_walk_3_speckle,PARKED,0.0,0.0,0.0,4,0.0,3.76,0.0,0.0,0.0,0.0,0.0,0.0,0.0
186.801,apt_walk_3_speckle,PARKED,0.0,0.0,0.0,4,0.0,3.76,0.0,0.0,0.0,0.0,0.0,0.0,0.0
186.901,apt_walk_3_speckle,PARKED,0.0,0.0,0.0,4,0.0,3.76,0.0,0.0,0.0,0.0,0.0,0.0,0.0
187.001,apt_walk_3_speckle,PARKED,0.0,0.0,0.0,4,0.0,3.76,0.0,0.0,0.0,0.0,0.0,0.0,0.0
187.134,apt_walk_3_speckle,PARKED,0.0,0.0,0.0,4,0.0,3.558,0.0,0.0,0.0,0.0,0.0,0.0,0.0
187.204,apt_walk_3_speckle,PARKED,0.0,0.0,0.0,4,0.0,3.558,0.0,0.0,0.0,0.0,0.0,0.0,0.0
187.301,apt_walk_3_speckle,PARKED,0.0,0.0,0.0,4,0.0,3.432,0.0,0.0,0.0,0.0,0.0,0.0,0.0
187.412,apt_walk_3_speckle,PARKED,0.0,0.0,0.0,4,0.0,3.387,0.0,0.0,0.0,0.0,0.0,0.0,0.0
187.522,apt_walk_3_speckle,PARKED,0.0,0.0,0.0,4,0.0,3.387,0.0,0.0,0.0,0.0,0.0,0.0,0.0
187.627,apt_walk_3_speckle,PARKED,0.0,0.0,0.0,4,0.0,3.458,0.0,0.0,0.0,0.0,0.0,0.0,0.0
187.711,apt_walk_3_speckle,PARKED,0.0,0.0,0.0,4,0.0,3.108,0.0,0.0,0.0,0.0,0.0,0.0,0.0
187.801,apt_walk_3_speckle,PARKED,0.0,0.0,0.0,4,0.0,2.923,0.0,0.0,0.0,0.0,0.0,0.0,0.0
187.901,apt_walk_3_speckle,PARKED,0.0,0.0,0.0,4,0.0,2.923,0.0,0.0,0.0,0.0,0.0,0.0,0.0
188.001,apt_walk_3_speckle,PARKED,0.0,0.0,0.0,4,0.0,2.923,0.0,0.0,0.0,0.0,0.0,0.0,0.0
188.101,apt_walk_3_speckle,PARKED,0.0,0.0,0.0,4,0.0,2.923,0.0,0.0,0.0,0.0,0.0,0.0,0.0
188.235,apt_walk_3_speckle,PARKED,0.0,0.0,0.0,4,0.0,2.47,0.0,0.0,0.0,0.0,0.0,0.0,0.0
188.302,apt_walk_3_speckle,PARKED,0.0,0.0,0.0,4,0.0,2.47,0.0,0.0,0.0,0.0,0.0,0.0,0.0
188.401,apt_walk_3_speckle,PARKED,0.0,0.0,0.0,4,0.0,2.387,0.0,0.0,0.0,0.0,0.0,0.0,0.0
188.546,apt_walk_3_speckle,PARKED,0.0,0.0,0.0,4,0.0,2.324,0.0,0.0,0.0,0.0,0.0,0.0,0.0
188.601,apt_walk_3_speckle,PARKED,0.0,0.0,0.0,4,0.0,2.324,0.0,0.0,0.0,0.0,0.0,0.0,0.0
188.732,apt_walk_3_speckle,PARKED,0.0,0.0,0.0,4,0.0,2.045,0.0,0.0,0.0,0.0,0.0,0.0,0.0
188.818,apt_walk_3_speckle,PARKED,0.0,0.0,0.0,4,0.0,2.045,0.0,0.0,0.0,0.0,0.0,0.0,0.0
188.901,apt_walk_3_speckle,PARKED,0.0,0.0,0.0,4,0.0,2.045,0.0,0.0,0.0,0.0,0.0,0.0,0.0
189.001,apt_walk_3_speckle,PARKED,0.0,0.0,0.0,4,0.0,2.045,0.0,0.0,0.0,0.0,0.0,0.0,0.0
189.101,apt_walk_3_speckle,PARKED,0.0,0.0,0.0,4,0.0,1.858,0.0,0.0,0.0,0.0,0.0,0.0,0.0
189.201,apt_walk_3_speckle,PARKED,0.0,0.0,0.0,4,0.0,1.858,0.0,0.0,0.0,0.0,0.0,0.0,0.0
189.337,apt_walk_3_speckle,PARKED,0.0,0.0,0.0,4,0.275,1.671,0.0,0.0,0.0,0.0,0.0,0.0,0.0
189.401,apt_walk_3_speckle,PARKED,0.0,0.0,0.0,4,0.275,1.671,0.0,0.0,0.0,0.0,0.0,0.0,0.0
189.501,apt_walk_3_speckle,PARKED,0.0,0.0,0.0,4,0.068,1.64,0.0,0.0,0.0,0.0,0.0,0.0,0.0
189.601,apt_walk_3_speckle,PARKED,0.0,0.0,0.0,4,0.068,1.64,0.0,0.0,0.0,0.0,0.0,0.0,0.0
189.701,apt_walk_3_speckle,PARKED,0.0,0.0,0.0,4,0.3253,1.603,0.0,0.0,0.0,0.0,0.0,0.0,0.0
189.85,apt_walk_3_speckle,PARKED,0.0,0.0,0.0,4,0.6137,1.535,0.0,0.0,0.0,0.0,0.0,0.0,0.0
189.901,apt_walk_3_speckle,PARKED,0.0,0.0,0.0,4,0.6137,1.535,0.0,0.0,0.0,0.0,0.0,0.0,0.0
190.025,apt_walk_3_speckle,PARKED,0.0,0.0,0.0,4,0.1471,1.507,0.0,0.0,0.0,0.0,0.0,0.0,0.0
190.101,apt_walk_3_speckle,PARKED,0.0,0.0,0.0,4,0.1471,1.507,0.0,0.0,0.0,0.0,0.0,0.0,0.0
190.201,apt_walk_3_speckle,PARKED,0.0,0.0,0.0,4,0.2473,1.52,0.0,0.0,0.0,0.0,0.0,0.0,0.0
190.309,apt_walk_3_speckle,PARKED,0.0,0.0,0.0,4,0.6604,1.61,0.0,0.0,0.0,0.0,0.0,0.0,0.0
190.448,apt_walk_3_speckle,PARKED,0.0,0.0,0.0,4,0.8328,1.749,0.0,0.0,0.0,0.0,0.0,0.0,0.0
190.546,apt_walk_3_speckle,PARKED,0.0,0.0,0.0,4,0.227,2.003,0.0,0.0,0.0,0.0,0.0,0.0,0.0
190.624,apt_walk_3_speckle,PARKED,0.0,0.0,0.0,4,0.0,2.067,0.0,0.0,0.0,0.0,0.0,0.0,0.0
190.701,apt_walk_3_speckle,PARKED,0.0,0.0,0.0,4,0.0,2.067,0.0,0.0,0.0,0.0,0.0,0.0,0.0
190.801,apt_walk_3_speckle,PARKED,0.0,0.0,0.0,4,0.0,2.067,0.0,0.0,0.0,0.0,0.0,0.0,0.0
190.903,apt_walk_3_speckle,PARKED,0.0,0.0,0.0,4,0.0,2.163,0.0,0.0,0.0,0.0,0.0,0.0,0.0
191.001,apt_walk_3_speckle,PARKED,0.0,0.0,0.0,4,0.0,2.163,0.0,0.0,0.0,0.0,0.0,0.0,0.0
191.101,apt_walk_3_speckle,PARKED,0.0,0.0,0.0,4,0.0,2.421,0.0,0.0,0.0,0.0,0.0,0.0,0.0
191.212,apt_walk_3_speckle,PARKED,0.0,0.0,0.0,4,0.0,2.541,0.0,0.0,0.0,0.0,0.0,0.0,0.0
191.301,apt_walk_3_speckle,PARKED,0.0,0.0,0.0,4,0.0,2.541,0.0,0.0,0.0,0.0,0.0,0.0,0.0
191.425,apt_walk_3_speckle,PARKED,0.0,0.0,0.0,4,0.0,2.581,0.0,0.0,0.0,0.0,0.0,0.0,0.0
191.502,apt_walk_3_speckle,PARKED,0.0,0.0,0.0,4,0.0,2.746,0.0,0.0,0.0,0.0,0.0,0.0,0.0
191.602,apt_walk_3_speckle,PARKED,0.0,0.0,0.0,4,0.0,2.964,0.0,0.0,0.0,0.0,0.0,0.0,0.0
191.719,apt_walk_3_speckle,PARKED,0.0,0.0,0.0,4,0.0,2.964,0.0,0.0,0.0,0.0,0.0,0.0,0.0
191.801,apt_walk_3_speckle,PARKED,0.0,0.0,0.0,4,0.0,2.964,0.0,0.0,0.0,0.0,0.0,0.0,0.0
191.901,apt_walk_3_speckle,PARKED,0.0,0.0,0.0,4,0.0,2.964,0.0,0.0,0.0,0.0,0.0,0.0,0.0
192.001,apt_walk_3_speckle,PARKED,0.0,0.0,0.0,4,0.0,3.22,0.0,0.0,0.0,0.0,0.0,0.0,0.0
192.101,apt_walk_3_speckle,PARKED,0.0,0.0,0.0,4,0.0,3.22,0.0,0.0,0.0,0.0,0.0,0.0,0.0
192.201,apt_walk_3_speckle,PARKED,0.0,0.0,0.0,4,0.0,3.22,0.0,0.0,0.0,0.0,0.0,0.0,0.0
192.301,apt_walk_3_speckle,PARKED,0.0,0.0,0.0,4,0.0,3.22,0.0,0.0,0.0,0.0,0.0,0.0,0.0
192.408,apt_walk_3_speckle,PARKED,0.0,0.0,0.0,3,0.0,3.662,0.0,0.0,0.0,0.0,0.0,0.0,0.0
192.5,apt_walk_3_speckle,PARKED,0.0,0.0,0.0,3,0.0,3.699,0.0,0.0,0.0,0.0,0.0,0.0,0.0
192.612,apt_walk_3_speckle,PARKED,0.0,0.0,0.0,3,0.0,3.699,0.0,0.0,0.0,0.0,0.0,0.0,0.0
192.729,apt_walk_3_speckle,PARKED,0.0,0.0,0.0,4,0.0,3.765,0.0,0.0,0.0,0.0,0.0,0.0,0.0
192.801,apt_walk_3_speckle,PARKED,0.0,0.0,0.0,4,0.0,3.765,0.0,0.0,0.0,0.0,0.0,0.0,0.0
192.922,apt_walk_3_speckle,PARKED,0.0,0.0,0.0,4,0.0,3.74,0.0,0.0,0.0,0.0,0.0,0.0,0.0
193.003,apt_walk_3_speckle,PARKED,0.0,0.0,0.0,4,0.0,3.74,0.0,0.0,0.0,0.0,0.0,0.0,0.0
193.102,apt_walk_3_speckle,PARKED,0.0,0.0,0.0,5,0.0,3.695,0.0,0.0,0.0,0.0,0.0,0.0,0.0
193.201,apt_walk_3_speckle,PARKED,0.0,0.0,0.0,5,0.0,3.695,0.0,0.0,0.0,0.0,0.0,0.0,0.0
193.342,apt_walk_3_speckle,PARKED,0.0,0.0,0.0,4,0.0,3.659,0.0,0.0,0.0,0.0,0.0,0.0,0.0
193.405,apt_walk_3_speckle,PARKED,0.0,0.0,0.0,4,0.0,3.691,0.0,0.0,0.0,0.0,0.0,0.0,0.0
193.501,apt_walk_3_speckle,PARKED,0.0,0.0,0.0,4,0.0,3.691,0.0,0.0,0.0,0.0,0.0,0.0,0.0
193.602,apt_walk_3_speckle,PARKED,0.0,0.0,0.0,4,0.0,3.691,0.0,0.0,0.0,0.0,0.0,0.0,0.0
193.739,apt_walk_3_speckle,PARKED,0.0,0.0,0.0,5,0.0,3.762,0.0,0.0,0.0,0.0,0.0,0.0,0.0
193.812,apt_walk_3_speckle,PARKED,0.0,0.0,0.0,4,0.0,3.787,0.0,0.0,0.0,0.0,0.0,0.0,0.0
193.909,apt_walk_3_speckle,PARKED,0.0,0.0,0.0,4,0.0,3.787,0.0,0.0,0.0,0.0,0.0,0.0,0.0
194.001,apt_walk_3_speckle,PARKED,0.0,0.0,0.0,4,0.0,3.787,0.0,0.0,0.0,0.0,0.0,0.0,0.0
194.101,apt_walk_3_speckle,PARKED,0.0,0.0,0.0,4,0.0,3.787,0.0,0.0,0.0,0.0,0.0,0.0,0.0
194.211,apt_walk_3_speckle,PARKED,0.0,0.0,0.0,5,0.0,3.653,0.0,0.0,0.0,0.0,0.0,0.0,0.0
194.344,apt_walk_3_speckle,PARKED,0.0,0.0,0.0,4,0.0,3.633,0.0,0.0,0.0,0.0,0.0,0.0,0.0
194.403,apt_walk_3_speckle,PARKED,0.0,0.0,0.0,3,0.0,3.52,0.0,0.0,0.0,0.0,0.0,0.0,0.0
194.506,apt_walk_3_speckle,PARKED,0.0,0.0,0.0,3,0.0,3.52,0.0,0.0,0.0,0.0,0.0,0.0,0.0
194.646,apt_walk_3_speckle,PARKED,0.0,0.0,0.0,3,0.0,3.466,0.0,0.0,0.0,0.0,0.0,0.0,0.0
194.701,apt_walk_3_speckle,PARKED,0.0,0.0,0.0,3,0.0,3.466,0.0,0.0,0.0,0.0,0.0,0.0,0.0
194.801,apt_walk_3_speckle,PARKED,0.0,0.0,0.0,3,0.0,3.466,0.0,0.0,0.0,0.0,0.0,0.0,0.0
194.901,apt_walk_3_speckle,PARKED,0.0,0.0,0.0,3,0.0,3.466,0.0,0.0,0.0,0.0,0.0,0.0,0.0
195.001,apt_walk_3_speckle,PARKED,0.0,0.0,0.0,3,0.0,3.466,0.0,0.0,0.0,0.0,0.0,0.0,0.0
195.135,apt_walk_3_speckle,PARKED,0.0,0.0,0.0,3,0.0,3.229,0.0,0.0,0.0,0.0,0.0,0.0,0.0
195.201,apt_walk_3_speckle,PARKED,0.0,0.0,0.0,4,0.0,2.834,0.0,0.0,0.0,0.0,0.0,0.0,0.0
195.301,apt_walk_3_speckle,PARKED,0.0,0.0,0.0,4,0.0,2.834,0.0,0.0,0.0,0.0,0.0,0.0,0.0
195.401,apt_walk_3_speckle,PARKED,0.0,0.0,0.0,4,0.0,2.834,0.0,0.0,0.0,0.0,0.0,0.0,0.0
195.502,apt_walk_3_speckle,PARKED,0.0,0.0,0.0,4,0.0,2.834,0.0,0.0,0.0,0.0,0.0,0.0,0.0
195.601,apt_walk_3_speckle,PARKED,0.0,0.0,0.0,4,0.0,2.834,0.0,0.0,0.0,0.0,0.0,0.0,0.0
195.708,apt_walk_3_speckle,PARKED,0.0,0.0,0.0,3,0.0,2.354,0.0,0.0,0.0,0.0,0.0,0.0,0.0
195.816,apt_walk_3_speckle,PARKED,0.0,0.0,0.0,3,0.0,2.354,0.0,0.0,0.0,0.0,0.0,0.0,0.0
195.933,apt_walk_3_speckle,PARKED,0.0,0.0,0.0,3,0.0,2.225,0.0,0.0,0.0,0.0,0.0,0.0,0.0
196.014,apt_walk_3_speckle,PARKED,0.0,0.0,0.0,3,0.0,2.225,0.0,0.0,0.0,0.0,0.0,0.0,0.0
196.134,apt_walk_3_speckle,PARKED,0.0,0.0,0.0,3,0.0,1.974,0.0,0.0,0.0,0.0,0.0,0.0,0.0
196.217,apt_walk_3_speckle,PARKED,0.0,0.0,0.0,3,0.0,1.873,0.0,0.0,0.0,0.0,0.0,0.0,0.0
196.301,apt_walk_3_speckle,PARKED,0.0,0.0,0.0,3,0.0,1.873,0.0,0.0,0.0,0.0,0.0,0.0,0.0
196.4,apt_walk_3_speckle,PARKED,0.0,0.0,0.0,3,0.0,1.819,0.0,0.0,0.0,0.0,0.0,0.0,0.0
196.501,apt_walk_3_speckle,PARKED,0.0,0.0,0.0,3,0.0,1.819,0.0,0.0,0.0,0.0,0.0,0.0,0.0
196.644,apt_walk_3_speckle,PARKED,0.0,0.0,0.0,3,0.4746,1.644,0.0,0.0,0.0,0.0,0.0,0.0,0.0
196.701,apt_walk_3_speckle,PARKED,0.0,0.0,0.0,3,0.0961,1.627,0.0,0.0,0.0,0.0,0.0,0.0,0.0
196.849,apt_walk_3_speckle,PARKED,0.0,0.0,0.0,3,0.0961,1.627,0.0,0.0,0.0,0.0,0.0,0.0,0.0
196.901,apt_walk_3_speckle,PARKED,0.0,0.0,0.0,3,0.0961,1.627,0.0,0.0,0.0,0.0,0.0,0.0,0.0
197.002,apt_walk_3_speckle,PARKED,0.0,0.0,0.0,3,0.6206,1.559,0.0,0.0,0.0,0.0,0.0,0.0,0.0
197.119,apt_walk_3_speckle,PARKED,0.0,0.0,0.0,3,0.3913,1.499,0.0,0.0,0.0,0.0,0.0,0.0,0.0
197.202,apt_walk_3_speckle,PARKED,0.0,0.0,0.0,3,0.3913,1.499,0.0,0.0,0.0,0.0,0.0,0.0,0.0
197.301,apt_walk_3_speckle,PARKED,0.0,0.0,0.0,3,0.2685,1.489,0.0,0.0,0.0,0.0,0.0,0.0,0.0
197.433,apt_walk_3_speckle,PARKED,0.0,0.0,0.0,3,0.1992,1.495,0.0,0.0,0.0,0.0,0.0,0.0,0.0
197.501,apt_walk_3_speckle,PARKED,0.0,0.0,0.0,3,0.1992,1.495,0.0,0.0,0.0,0.0,0.0,0.0,0.0
197.601,apt_walk_3_speckle,PARKED,0.0,0.0,0.0,3,0.1992,1.495,0.0,0.0,0.0,0.0,0.0,0.0,0.0
197.746,apt_walk_3_speckle,PARKED,0.0,0.0,0.0,3,0.6774,1.706,0.0,0.0,0.0,0.0,0.0,0.0,0.0
197.81,apt_walk_3_speckle,PARKED,0.0,0.0,0.0,3,0.7145,1.796,0.0,0.0,0.0,0.0,0.0,0.0,0.0
197.901,apt_walk_3_speckle,PARKED,0.0,0.0,0.0,3,0.7145,1.796,0.0,0.0,0.0,0.0,0.0,0.0,0.0
198.02,apt_walk_3_speckle,PARKED,0.0,0.0,0.0,3,0.7145,1.796,0.0,0.0,0.0,0.0,0.0,0.0,0.0
198.138,apt_walk_3_speckle,PARKED,0.0,0.0,0.0,3,0.414,1.851,0.0,0.0,0.0,0.0,0.0,0.0,0.0
198.209,apt_walk_3_speckle,PARKED,0.0,0.0,0.0,3,0.114,2.043,0.0,0.0,0.0,0.0,0.0,0.0,0.0
198.301,apt_walk_3_speckle,PARKED,0.0,0.0,0.0,3,0.0,2.17,0.0,0.0,0.0,0.0,0.0,0.0,0.0
198.401,apt_walk_3_speckle,PARKED,0.0,0.0,0.0,3,0.0,2.17,0.0,0.0,0.0,0.0,0.0,0.0,0.0
198.502,apt_walk_3_speckle,PARKED,0.0,0.0,0.0,3,0.0,2.17,0.0,0.0,0.0,0.0,0.0,0.0,0.0
198.601,apt_walk_3_speckle,PARKED,0.0,0.0,0.0,3,0.0,2.361,0.0,0.0,0.0,0.0,0.0,0.0,0.0
198.719,apt_walk_3_speckle,PARKED,0.0,0.0,0.0,4,0.0,2.62,0.0,0.0,0.0,0.0,0.0,0.0,0.0
198.801,apt_walk_3_speckle,PARKED,0.0,0.0,0.0,4,0.0,2.62,0.0,0.0,0.0,0.0,0.0,0.0,0.0
198.901,apt_walk_3_speckle,PARKED,0.0,0.0,0.0,4,0.0,2.62,0.0,0.0,0.0,0.0,0.0,0.0,0.0
199.001,apt_walk_3_speckle,PARKED,0.0,0.0,0.0,3,0.0,2.771,0.0,0.0,0.0,0.0,0.0,0.0,0.0
199.106,apt_walk_3_speckle,PARKED,0.0,0.0,0.0,4,0.0,2.667,0.0,0.0,0.0,0.0,0.0,0.0,0.0
199.201,apt_walk_3_speckle,PARKED,0.0,0.0,0.0,4,0.0,2.744,0.0,0.0,0.0,0.0,0.0,0.0,0.0
199.329,apt_walk_3_speckle,PARKED,0.0,0.0,0.0,4,0.0,3.087,0.0,0.0,0.0,0.0,0.0,0.0,0.0
199.402,apt_walk_3_speckle,PARKED,0.0,0.0,0.0,4,0.0,3.087,0.0,0.0,0.0,0.0,0.0,0.0,0.0
199.545,apt_walk_3_speckle,PARKED,0.0,0.0,0.0,4,0.0,3.087,0.0,0.0,0.0,0.0,0.0,0.0,0.0
199.603,apt_walk_3_speckle,PARKED,0.0,0.0,0.0,3,0.0,3.485,0.0,0.0,0.0,0.0,0.0,0.0,0.0
199.701,apt_walk_3_speckle,PARKED,0.0,0.0,0.0,3,0.0,3.485,0.0,0.0,0.0,0.0,0.0,0.0,0.0
199.801,apt_walk_3_speckle,PARKED,0.0,0.0,0.0,4,0.0,3.331,0.0,0.0,0.0,0.0,0.0,0.0,0.0
199.949,apt_walk_3_speckle,PARKED,0.0,0.0,0.0,4,0.0,3.676,0.0,0.0,0.0,0.0,0.0,0.0,0.0
200.042,apt_walk_3_speckle,PARKED,0.0,0.0,0.0,4,0.0,3.676,0.0,0.0,0.0,0.0,0.0,0.0,0.0
200.101,apt_walk_3_speckle,PARKED,0.0,0.0,0.0,4,0.0,3.678,0.0,0.0,0.0,0.0,0.0,0.0,0.0
200.214,apt_walk_3_speckle,PARKED,0.0,0.0,0.0,4,0.0,3.74,0.0,0.0,0.0,0.0,0.0,0.0,0.0
200.301,apt_walk_3_speckle,PARKED,0.0,0.0,0.0,4,0.0,3.74,0.0,0.0,0.0,0.0,0.0,0.0,0.0
200.401,apt_walk_3_speckle,PARKED,0.0,0.0,0.0,4,0.0,3.74,0.0,0.0,0.0,0.0,0.0,0.0,0.0
200.525,apt_walk_3_speckle,PARKED,0.0,0.0,0.0,4,0.0,3.716,0.0,0.0,0.0,0.0,0.0,0.0,0.0
200.612,apt_walk_3_speckle,PARKED,0.0,0.0,0.0,4,0.0,3.716,0.0,0.0,0.0,0.0,0.0,0.0,0.0
200.701,apt_walk_3_speckle,PARKED,0.0,0.0,0.0,4,0.0,3.716,0.0,0.0,0.0,0.0,0.0,0.0,0.0
200.801,apt_walk_3_speckle,PARKED,0.0,0.0,0.0,4,0.0,3.716,0.0,0.0,0.0,0.0,0.0,0.0,0.0
200.901,apt_walk_3_speckle,PARKED,0.0,0.0,0.0,4,0.0,3.716,0.0,0.0,0.0,0.0,0.0,0.0,0.0
201.002,apt_walk_3_speckle,PARKED,0.0,0.0,0.0,4,0.0,3.7,0.0,0.0,0.0,0.0,0.0,0.0,0.0
201.142,apt_walk_3_speckle,PARKED,0.0,0.0,0.0,4,0.0,3.658,0.0,0.0,0.0,0.0,0.0,0.0,0.0
201.216,apt_walk_3_speckle,PARKED,0.0,0.0,0.0,4,0.0,3.681,0.0,0.0,0.0,0.0,0.0,0.0,0.0
201.301,apt_walk_3_speckle,PARKED,0.0,0.0,0.0,4,0.0,3.681,0.0,0.0,0.0,0.0,0.0,0.0,0.0
201.402,apt_walk_3_speckle,PARKED,0.0,0.0,0.0,4,0.0,3.681,0.0,0.0,0.0,0.0,0.0,0.0,0.0
201.548,apt_walk_3_speckle,PARKED,0.0,0.0,0.0,4,0.0,3.669,0.0,0.0,0.0,0.0,0.0,0.0,0.0
201.632,apt_walk_3_speckle,PARKED,0.0,0.0,0.0,4,0.0,3.632,0.0,0.0,0.0,0.0,0.0,0.0,0.0
201.701,apt_walk_3_speckle,PARKED,0.0,0.0,0.0,4,0.0,3.632,0.0,0.0,0.0,0.0,0.0,0.0,0.0
201.801,apt_walk_3_speckle,PARKED,0.0,0.0,0.0,4,0.0,3.632,0.0,0.0,0.0,0.0,0.0,0.0,0.0
201.901,apt_walk_3_speckle,PARKED,0.0,0.0,0.0,4,0.0,3.632,0.0,0.0,0.0,0.0,0.0,0.0,0.0
202.001,apt_walk_3_speckle,PARKED,0.0,0.0,0.0,4,0.0,3.632,0.0,0.0,0.0,0.0,0.0,0.0,0.0
202.138,apt_walk_3_speckle,PARKED,0.0,0.0,0.0,4,0.0,3.163,0.0,0.0,0.0,0.0,0.0,0.0,0.0
202.201,apt_walk_3_speckle,PARKED,0.0,0.0,0.0,4,0.0,3.163,0.0,0.0,0.0,0.0,0.0,0.0,0.0
202.341,apt_walk_3_speckle,PARKED,0.0,0.0,0.0,4,0.0,3.163,0.0,0.0,0.0,0.0,0.0,0.0,0.0
202.402,apt_walk_3_speckle,PARKED,0.0,0.0,0.0,4,0.0,3.163,0.0,0.0,0.0,0.0,0.0,0.0,0.0
202.531,apt_walk_3_speckle,PARKED,0.0,0.0,0.0,3,0.0,2.732,0.0,0.0,0.0,0.0,0.0,0.0,0.0
202.601,apt_walk_3_speckle,PARKED,0.0,0.0,0.0,3,0.0,2.615,0.0,0.0,0.0,0.0,0.0,0.0,0.0
202.746,apt_walk_3_speckle,PARKED,0.0,0.0,0.0,3,0.0,2.615,0.0,0.0,0.0,0.0,0.0,0.0,0.0
202.801,apt_walk_3_speckle,PARKED,0.0,0.0,0.0,3,0.0,2.615,0.0,0.0,0.0,0.0,0.0,0.0,0.0
202.901,apt_walk_3_speckle,PARKED,0.0,0.0,0.0,3,0.0,2.615,0.0,0.0,0.0,0.0,0.0,0.0,0.0
203.015,apt_walk_3_speckle,PARKED,0.0,0.0,0.0,3,0.0,2.214,0.0,0.0,0.0,0.0,0.0,0.0,0.0
203.101,apt_walk_3_speckle,PARKED,0.0,0.0,0.0,3,0.0,2.214,0.0,0.0,0.0,0.0,0.0,0.0,0.0
203.201,apt_walk_3_speckle,PARKED,0.0,0.0,0.0,3,0.0,2.161,0.0,0.0,0.0,0.0,0.0,0.0,0.0
203.302,apt_walk_3_speckle,PARKED,0.0,0.0,0.0,3,0.0,2.161,0.0,0.0,0.0,0.0,0.0,0.0,0.0
203.437,apt_walk_3_speckle,PARKED,0.0,0.0,0.0,3,0.0,2.161,0.0,0.0,0.0,0.0,0.0,0.0,0.0
203.501,apt_walk_3_speckle,PARKED,0.0,0.0,0.0,3,0.0,2.161,0.0,0.0,0.0,0.0,0.0,0.0,0.0
203.626,apt_walk_3_speckle,PARKED,0.0,0.0,0.0,3,0.0,2.062,0.0,0.0,0.0,0.0,0.0,0.0,0.0
203.701,apt_walk_3_speckle,PARKED,0.0,0.0,0.0,3,0.0,1.804,0.0,0.0,0.0,0.0,0.0,0.0,0.0
203.801,apt_walk_3_speckle,PARKED,0.0,0.0,0.0,3,0.0,1.804,0.0,0.0,0.0,0.0,0.0,0.0,0.0
203.93,apt_walk_3_speckle,PARKED,0.0,0.0,0.0,3,0.2595,1.688,0.0,0.0,0.0,0.0,0.0,0.0,0.0
204.002,apt_walk_3_speckle,PARKED,0.0,0.0,0.0,3,0.2595,1.688,0.0,0.0,0.0,0.0,0.0,0.0,0.0
204.101,apt_walk_3_speckle,PARKED,0.0,0.0,0.0,3,0.2595,1.688,0.0,0.0,0.0,0.0,0.0,0.0,0.0
204.201,apt_walk_3_speckle,PARKED,0.0,0.0,0.0,3,0.2595,1.688,0.0,0.0,0.0,0.0,0.0,0.0,0.0
204.301,apt_walk_3_speckle,PARKED,0.0,0.0,0.0,3,0.097,1.473,0.0,0.0,0.0,0.0,0.0,0.0,0.0
204.413,apt_walk_3_speckle,PARKED,0.0,0.0,0.0,3,0.0,1.465,0.0,0.0,0.0,0.0,0.0,0.0,0.0
204.502,apt_walk_3_speckle,PARKED,0.0,0.0,0.0,3,0.2284,1.448,0.0,0.0,0.0,0.0,0.0,0.0,0.0
204.626,apt_walk_3_speckle,PARKED,0.0,0.0,0.0,3,0.4862,1.428,0.0,0.0,0.0,0.0,0.0,0.0,0.0
204.701,apt_walk_3_speckle,PARKED,0.0,0.0,0.0,3,0.4862,1.428,0.0,0.0,0.0,0.0,0.0,0.0,0.0
204.83,apt_walk_3_speckle,PARKED,0.0,0.0,0.0,3,0.4862,1.428,0.0,0.0,0.0,0.0,0.0,0.0,0.0
204.902,apt_walk_3_speckle,PARKED,0.0,0.0,0.0,3,0.4862,1.428,0.0,0.0,0.0,0.0,0.0,0.0,0.0
205.001,apt_walk_3_speckle,PARKED,0.0,0.0,0.0,3,0.132,1.433,0.0,0.0,0.0,0.0,0.0,0.0,0.0
205.102,apt_walk_3_speckle,PARKED,0.0,0.0,0.0,3,0.132,1.433,0.0,0.0,0.0,0.0,0.0,0.0,0.0
205.201,apt_walk_3_speckle,PARKED,0.0,0.0,0.0,3,0.132,1.433,0.0,0.0,0.0,0.0,0.0,0.0,0.0
205.302,apt_walk_3_speckle,PARKED,0.0,0.0,0.0,3,0.132,1.433,0.0,0.0,0.0,0.0,0.0,0.0,0.0
205.45,apt_walk_3_speckle,PARKED,0.0,0.0,0.0,3,0.355,1.84,0.0,0.0,0.0,0.0,0.0,0.0,0.0
205.511,apt_walk_3_speckle,PARKED,0.0,0.0,0.0,3,0.055,2.079,0.0,0.0,0.0,0.0,0.0,0.0,0.0
205.601,apt_walk_3_speckle,PARKED,0.0,0.0,0.0,3,0.055,2.079,0.0,0.0,0.0,0.0,0.0,0.0,0.0
205.701,apt_walk_3_speckle,PARKED,0.0,0.0,0.0,3,0.0,2.192,0.0,0.0,0.0,0.0,0.0,0.0,0.0
205.826,apt_walk_3_speckle,PARKED,0.0,0.0,0.0,3,0.0,2.192,0.0,0.0,0.0,0.0,0.0,0.0,0.0
205.901,apt_walk_3_speckle,PARKED,0.0,0.0,0.0,3,0.0,2.515,0.0,0.0,0.0,0.0,0.0,0.0,0.0
206.001,apt_walk_3_speckle,PARKED,0.0,0.0,0.0,3,0.0,2.515,0.0,0.0,0.0,0.0,0.0,0.0,0.0
206.101,apt_walk_3_speckle,PARKED,0.0,0.0,0.0,3,0.0,2.515,0.0,0.0,0.0,0.0,0.0,0.0,0.0
206.201,apt_walk_3_speckle,PARKED,0.0,0.0,0.0,3,0.0,2.515,0.0,0.0,0.0,0.0,0.0,0.0,0.0
206.301,apt_walk_3_speckle,PARKED,0.0,0.0,0.0,3,0.0,2.515,0.0,0.0,0.0,0.0,0.0,0.0,0.0
206.402,apt_walk_3_speckle,PARKED,0.0,0.0,0.0,3,0.0,2.944,0.0,0.0,0.0,0.0,0.0,0.0,0.0
206.547,apt_walk_3_speckle,PARKED,0.0,0.0,0.0,3,0.0,3.04,0.0,0.0,0.0,0.0,0.0,0.0,0.0
206.601,apt_walk_3_speckle,PARKED,0.0,0.0,0.0,3,0.0,3.04,0.0,0.0,0.0,0.0,0.0,0.0,0.0
206.701,apt_walk_3_speckle,PARKED,0.0,0.0,0.0,3,0.0,3.136,0.0,0.0,0.0,0.0,0.0,0.0,0.0
206.803,apt_walk_3_speckle,PARKED,0.0,0.0,0.0,3,0.0,3.136,0.0,0.0,0.0,0.0,0.0,0.0,0.0
206.902,apt_walk_3_speckle,PARKED,0.0,0.0,0.0,3,0.0,3.387,0.0,0.0,0.0,0.0,0.0,0.0,0.0
207.001,apt_walk_3_speckle,PARKED,0.0,0.0,0.0,3,0.0,3.387,0.0,0.0,0.0,0.0,0.0,0.0,0.0
207.102,apt_walk_3_speckle,PARKED,0.0,0.0,0.0,3,0.0,3.387,0.0,0.0,0.0,0.0,0.0,0.0,0.0
207.222,apt_walk_3_speckle,PARKED,0.0,0.0,0.0,3,0.0,3.508,0.0,0.0,0.0,0.0,0.0,0.0,0.0
207.301,apt_walk_3_speckle,PARKED,0.0,0.0,0.0,3,0.0,3.508,0.0,0.0,0.0,0.0,0.0,0.0,0.0
207.401,apt_walk_3_speckle,PARKED,0.0,0.0,0.0,3,0.0,3.508,0.0,0.0,0.0,0.0,0.0,0.0,0.0
207.501,apt_walk_3_speckle,PARKED,0.0,0.0,0.0,4,0.0,3.69,0.0,0.0,0.0,0.0,0.0,0.0,0.0
207.601,apt_walk_3_speckle,PARKED,0.0,0.0,0.0,4,0.0,3.69,0.0,0.0,0.0,0.0,0.0,0.0,0.0
207.701,apt_walk_3_speckle,PARKED,0.0,0.0,0.0,4,0.0,3.69,0.0,0.0,0.0,0.0,0.0,0.0,0.0
207.834,apt_walk_3_speckle,PARKED,0.0,0.0,0.0,4,0.0,3.634,0.0,0.0,0.0,0.0,0.0,0.0,0.0
207.901,apt_walk_3_speckle,PARKED,0.0,0.0,0.0,4,0.0,3.634,0.0,0.0,0.0,0.0,0.0,0.0,0.0
208.001,apt_walk_3_speckle,PARKED,0.0,0.0,0.0,4,0.0,3.634,0.0,0.0,0.0,0.0,0.0,0.0,0.0
208.102,apt_walk_3_speckle,PARKED,0.0,0.0,0.0,4,0.0,3.634,0.0,0.0,0.0,0.0,0.0,0.0,0.0
208.241,apt_walk_3_speckle,PARKED,0.0,0.0,0.0,4,0.0,3.757,0.0,0.0,0.0,0.0,0.0,0.0,0.0
208.302,apt_walk_3_speckle,PARKED,0.0,0.0,0.0,4,0.0,3.757,0.0,0.0,0.0,0.0,0.0,0.0,0.0
208.401,apt_walk_3_speckle,PARKED,0.0,0.0,0.0,4,0.0,3.757,0.0,0.0,0.0,0.0,0.0,0.0,0.0
208.501,apt_walk_3_speckle,PARKED,0.0,0.0,0.0,4,0.0,3.757,0.0,0.0,0.0,0.0,0.0,0.0,0.0
208.641,apt_walk_3_speckle,PARKED,0.0,0.0,0.0,4,0.0,3.715,0.0,0.0,0.0,0.0,0.0,0.0,0.0
208.711,apt_walk_3_speckle,PARKED,0.0,0.0,0.0,4,0.0,3.676,0.0,0.0,0.0,0.0,0.0,0.0,0.0
208.839,apt_walk_3_speckle,PARKED,0.0,0.0,0.0,4,0.0,3.615,0.0,0.0,0.0,0.0,0.0,0.0,0.0
208.944,apt_walk_3_speckle,PARKED,0.0,0.0,0.0,4,0.0,3.615,0.0,0.0,0.0,0.0,0.0,0.0,0.0
209.001,apt_walk_3_speckle,PARKED,0.0,0.0,0.0,4,0.0,3.615,0.0,0.0,0.0,0.0,0.0,0.0,0.0
209.101,apt_walk_3_speckle,PARKED,0.0,0.0,0.0,4,0.0,3.534,0.0,0.0,0.0,0.0,0.0,0.0,0.0
209.201,apt_walk_3_speckle,PARKED,0.0,0.0,0.0,4,0.0,3.297,0.0,0.0,0.0,0.0,0.0,0.0,0.0
209.348,apt_walk_3_speckle,PARKED,0.0,0.0,0.0,4,0.0,3.168,0.0,0.0,0.0,0.0,0.0,0.0,0.0
209.402,apt_walk_3_speckle,PARKED,0.0,0.0,0.0,4,0.0,3.168,0.0,0.0,0.0,0.0,0.0,0.0,0.0
209.501,apt_walk_3_speckle,PARKED,0.0,0.0,0.0,4,0.0,3.168,0.0,0.0,0.0,0.0,0.0,0.0,0.0
209.649,apt_walk_3_speckle,PARKED,0.0,0.0,0.0,4,0.0,2.858,0.0,0.0,0.0,0.0,0.0,0.0,0.0
209.711,apt_walk_3_speckle,PARKED,0.0,0.0,0.0,4,0.0,2.858,0.0,0.0,0.0,0.0,0.0,0.0,0.0
209.801,apt_walk_3_speckle,PARKED,0.0,0.0,0.0,4,0.0,2.858,0.0,0.0,0.0,0.0,0.0,0.0,0.0
209.925,apt_walk_3_speckle,PARKED,0.0,0.0,0.0,3,0.0,2.803,0.0,0.0,0.0,0.0,0.0,0.0,0.0
210.001,apt_walk_3_speckle,PARKED,0.0,0.0,0.0,3,0.0,2.803,0.0,0.0,0.0,0.0,0.0,0.0,0.0
210.133,apt_walk_3_speckle,PARKED,0.0,0.0,0.0,3,0.0,2.389,0.0,0.0,0.0,0.0,0.0,0.0,0.0
210.202,apt_walk_3_speckle,PARKED,0.0,0.0,0.0,3,0.0,2.389,0.0,0.0,0.0,0.0,0.0,0.0,0.0
210.302,apt_walk_3_speckle,PARKED,0.0,0.0,0.0,3,0.0,2.275,0.0,0.0,0.0,0.0,0.0,0.0,0.0
210.446,apt_walk_3_speckle,PARKED,0.0,0.0,0.0,3,0.0,2.104,0.0,0.0,0.0,0.0,0.0,0.0,0.0
210.502,apt_walk_3_speckle,PARKED,0.0,0.0,0.0,3,0.0,2.104,0.0,0.0,0.0,0.0,0.0,0.0,0.0
210.602,apt_walk_3_speckle,PARKED,0.0,0.0,0.0,3,0.0,1.901,0.0,0.0,0.0,0.0,0.0,0.0,0.0
210.75,apt_walk_3_speckle,PARKED,0.0,0.0,0.0,3,0.0,1.837,0.0,0.0,0.0,0.0,0.0,0.0,0.0
210.801,apt_walk_3_speckle,PARKED,0.0,0.0,0.0,3,0.0,1.837,0.0,0.0,0.0,0.0,0.0,0.0,0.0
210.943,apt_walk_3_speckle,PARKED,0.0,0.0,0.0,3,0.3124,1.744,0.0,0.0,0.0,0.0,0.0,0.0,0.0
211.01,apt_walk_3_speckle,PARKED,0.0,0.0,0.0,3,0.6153,1.683,0.0,0.0,0.0,0.0,0.0,0.0,0.0
211.101,apt_walk_3_speckle,PARKED,0.0,0.0,0.0,3,0.6153,1.683,0.0,0.0,0.0,0.0,0.0,0.0,0.0
211.201,apt_walk_3_speckle,PARKED,0.0,0.0,0.0,3,0.4794,1.674,0.0,0.0,0.0,0.0,0.0,0.0,0.0
211.348,apt_walk_3_speckle,PARKED,0.0,0.0,0.0,3,0.4535,1.626,0.0,0.0,0.0,0.0,0.0,0.0,0.0
211.427,apt_walk_3_speckle,PARKED,0.0,0.0,0.0,3,0.274,1.603,0.0,0.0,0.0,0.0,0.0,0.0,0.0
211.501,apt_walk_3_speckle,PARKED,0.0,0.0,0.0,3,0.274,1.603,0.0,0.0,0.0,0.0,0.0,0.0,0.0
211.601,apt_walk_3_speckle,PARKED,0.0,0.0,0.0,3,0.274,1.603,0.0,0.0,0.0,0.0,0.0,0.0,0.0
211.701,apt_walk_3_speckle,PARKED,0.0,0.0,0.0,3,0.274,1.603,0.0,0.0,0.0,0.0,0.0,0.0,0.0
211.801,apt_walk_3_speckle,PARKED,0.0,0.0,0.0,3,0.274,1.603,0.0,0.0,0.0,0.0,0.0,0.0,0.0
211.901,apt_walk_3_speckle,PARKED,0.0,0.0,0.0,3,0.3119,1.588,0.0,0.0,0.0,0.0,0.0,0.0,0.0
212.002,apt_walk_3_speckle,PARKED,0.0,0.0,0.0,3,0.3119,1.588,0.0,0.0,0.0,0.0,0.0,0.0,0.0
212.101,apt_walk_3_speckle,PARKED,0.0,0.0,0.0,3,0.3119,1.588,0.0,0.0,0.0,0.0,0.0,0.0,0.0
212.201,apt_walk_3_speckle,PARKED,0.0,0.0,0.0,3,0.3119,1.588,0.0,0.0,0.0,0.0,0.0,0.0,0.0
212.346,apt_walk_3_speckle,PARKED,0.0,0.0,0.0,3,0.0,2.194,0.0,0.0,0.0,0.0,0.0,0.0,0.0
212.435,apt_walk_3_speckle,PARKED,0.0,0.0,0.0,3,0.0,2.194,0.0,0.0,0.0,0.0,0.0,0.0,0.0
212.501,apt_walk_3_speckle,PARKED,0.0,0.0,0.0,3,0.0,2.194,0.0,0.0,0.0,0.0,0.0,0.0,0.0
212.602,apt_walk_3_speckle,PARKED,0.0,0.0,0.0,3,0.0,2.194,0.0,0.0,0.0,0.0,0.0,0.0,0.0
212.728,apt_walk_3_speckle,PARKED,0.0,0.0,0.0,3,0.0,2.404,0.0,0.0,0.0,0.0,0.0,0.0,0.0
212.801,apt_walk_3_speckle,PARKED,0.0,0.0,0.0,3,0.0,2.647,0.0,0.0,0.0,0.0,0.0,0.0,0.0
212.901,apt_walk_3_speckle,PARKED,0.0,0.0,0.0,3,0.0,2.79,0.0,0.0,0.0,0.0,0.0,0.0,0.0
213.001,apt_walk_3_speckle,PARKED,0.0,0.0,0.0,3,0.0,2.79,0.0,0.0,0.0,0.0,0.0,0.0,0.0
213.101,apt_walk_3_speckle,PARKED,0.0,0.0,0.0,3,0.0,2.79,0.0,0.0,0.0,0.0,0.0,0.0,0.0
213.222,apt_walk_3_speckle,PARKED,0.0,0.0,0.0,3,0.0,3.096,0.0,0.0,0.0,0.0,0.0,0.0,0.0
213.301,apt_walk_3_speckle,PARKED,0.0,0.0,0.0,3,0.0,3.096,0.0,0.0,0.0,0.0,0.0,0.0,0.0
213.401,apt_walk_3_speckle,PARKED,0.0,0.0,0.0,3,0.0,3.243,0.0,0.0,0.0,0.0,0.0,0.0,0.0
213.504,apt_walk_3_speckle,PARKED,0.0,0.0,0.0,3,0.0,3.392,0.0,0.0,0.0,0.0,0.0,0.0,0.0
213.601,apt_walk_3_speckle,PARKED,0.0,0.0,0.0,3,0.0,3.392,0.0,0.0,0.0,0.0,0.0,0.0,0.0
213.701,apt_walk_3_speckle,PARKED,0.0,0.0,0.0,3,0.0,3.476,0.0,0.0,0.0,0.0,0.0,0.0,0.0
213.801,apt_walk_3_speckle,PARKED,0.0,0.0,0.0,3,0.0,3.622,0.0,0.0,0.0,0.0,0.0,0.0,0.0
213.902,apt_walk_3_speckle,PARKED,0.0,0.0,0.0,3,0.0,3.66,0.0,0.0,0.0,0.0,0.0,0.0,0.0
214.001,apt_walk_3_speckle,PARKED,0.0,0.0,0.0,3,0.0,3.66,0.0,0.0,0.0,0.0,0.0,0.0,0.0
214.101,apt_walk_3_speckle,PARKED,0.0,0.0,0.0,3,0.0,3.66,0.0,0.0,0.0,0.0,0.0,0.0,0.0
214.201,apt_walk_3_speckle,PARKED,0.0,0.0,0.0,3,0.0,3.66,0.0,0.0,0.0,0.0,0.0,0.0,0.0
214.309,apt_walk_3_speckle,PARKED,0.0,0.0,0.0,5,0.0,3.67,0.0,0.0,0.0,0.0,0.0,0.0,0.0
214.446,apt_walk_3_speckle,PARKED,0.0,0.0,0.0,5,0.0,3.702,0.0,0.0,0.0,0.0,0.0,0.0,0.0
214.501,apt_walk_3_speckle,PARKED,0.0,0.0,0.0,5,0.0,3.702,0.0,0.0,0.0,0.0,0.0,0.0,0.0
214.607,apt_walk_3_speckle,PARKED,0.0,0.0,0.0,5,0.0,3.659,0.0,0.0,0.0,0.0,0.0,0.0,0.0
214.701,apt_walk_3_speckle,PARKED,0.0,0.0,0.0,5,0.0,3.659,0.0,0.0,0.0,0.0,0.0,0.0,0.0
214.801,apt_walk_3_speckle,PARKED,0.0,0.0,0.0,5,0.0,3.639,0.0,0.0,0.0,0.0,0.0,0.0,0.0
214.901,apt_walk_3_speckle,PARKED,0.0,0.0,0.0,5,0.0,3.639,0.0,0.0,0.0,0.0,0.0,0.0,0.0
215.001,apt_walk_3_speckle,PARKED,0.0,0.0,0.0,5,0.0,3.639,0.0,0.0,0.0,0.0,0.0,0.0,0.0
215.101,apt_walk_3_speckle,PARKED,0.0,0.0,0.0,5,0.0,3.644,0.0,0.0,0.0,0.0,0.0,0.0,0.0
215.201,apt_walk_3_speckle,PARKED,0.0,0.0,0.0,5,0.0,3.644,0.0,0.0,0.0,0.0,0.0,0.0,0.0
215.301,apt_walk_3_speckle,PARKED,0.0,0.0,0.0,5,0.0,3.644,0.0,0.0,0.0,0.0,0.0,0.0,0.0
215.445,apt_walk_3_speckle,PARKED,0.0,0.0,0.0,4,0.0,3.627,0.0,0.0,0.0,0.0,0.0,0.0,0.0
215.501,apt_walk_3_speckle,PARKED,0.0,0.0,0.0,4,0.0,3.627,0.0,0.0,0.0,0.0,0.0,0.0,0.0
215.613,apt_walk_3_speckle,PARKED,0.0,0.0,0.0,4,0.0,3.637,0.0,0.0,0.0,0.0,0.0,0.0,0.0
215.702,apt_walk_3_speckle,PARKED,0.0,0.0,0.0,4,0.0,3.637,0.0,0.0,0.0,0.0,0.0,0.0,0.0
215.801,apt_walk_3_speckle,PARKED,0.0,0.0,0.0,4,0.0,3.637,0.0,0.0,0.0,0.0,0.0,0.0,0.0
215.931,apt_walk_3_speckle,PARKED,0.0,0.0,0.0,4,0.0,3.708,0.0,0.0,0.0,0.0,0.0,0.0,0.0
216.001,apt_walk_3_speckle,PARKED,0.0,0.0,0.0,4,0.0,3.708,0.0,0.0,0.0,0.0,0.0,0.0,0.0
216.101,apt_walk_3_speckle,PARKED,0.0,0.0,0.0,4,0.0,3.708,0.0,0.0,0.0,0.0,0.0,0.0,0.0
216.201,apt_walk_3_speckle,PARKED,0.0,0.0,0.0,4,0.0,3.708,0.0,0.0,0.0,0.0,0.0,0.0,0.0
216.301,apt_walk_3_speckle,PARKED,0.0,0.0,0.0,4,0.0,3.708,0.0,0.0,0.0,0.0,0.0,0.0,0.0
216.412,apt_walk_3_speckle,PARKED,0.0,0.0,0.0,4,0.0,3.174,0.0,0.0,0.0,0.0,0.0,0.0,0.0
216.501,apt_walk_3_speckle,PARKED,0.0,0.0,0.0,4,0.0,3.174,0.0,0.0,0.0,0.0,0.0,0.0,0.0
216.638,apt_walk_3_speckle,PARKED,0.0,0.0,0.0,4,0.0,3.018,0.0,0.0,0.0,0.0,0.0,0.0,0.0
216.701,apt_walk_3_speckle,PARKED,0.0,0.0,0.0,4,0.0,3.018,0.0,0.0,0.0,0.0,0.0,0.0,0.0
216.832,apt_walk_3_speckle,PARKED,0.0,0.0,0.0,4,0.0,2.702,0.0,0.0,0.0,0.0,0.0,0.0,0.0
216.901,apt_walk_3_speckle,PARKED,0.0,0.0,0.0,4,0.0,2.702,0.0,0.0,0.0,0.0,0.0,0.0,0.0
217.045,apt_walk_3_speckle,PARKED,0.0,0.0,0.0,4,0.0,2.563,0.0,0.0,0.0,0.0,0.0,0.0,0.0
217.101,apt_walk_3_speckle,PARKED,0.0,0.0,0.0,4,0.0,2.563,0.0,0.0,0.0,0.0,0.0,0.0,0.0
217.201,apt_walk_3_speckle,PARKED,0.0,0.0,0.0,4,0.0,2.563,0.0,0.0,0.0,0.0,0.0,0.0,0.0
217.331,apt_walk_3_speckle,PARKED,0.0,0.0,0.0,4,0.0,2.196,0.0,0.0,0.0,0.0,0.0,0.0,0.0
217.401,apt_walk_3_speckle,PARKED,0.0,0.0,0.0,4,0.0,2.196,0.0,0.0,0.0,0.0,0.0,0.0,0.0
217.502,apt_walk_3_speckle,PARKED,0.0,0.0,0.0,4,0.0,2.196,0.0,0.0,0.0,0.0,0.0,0.0,0.0
217.601,apt_walk_3_speckle,PARKED,0.0,0.0,0.0,4,0.0,2.148,0.0,0.0,0.0,0.0,0.0,0.0,0.0
217.749,apt_walk_3_speckle,PARKED,0.0,0.0,0.0,4,0.0,1.86,0.0,0.0,0.0,0.0,0.0,0.0,0.0
217.801,apt_walk_3_speckle,PARKED,0.0,0.0,0.0,4,0.0,1.86,0.0,0.0,0.0,0.0,0.0,0.0,0.0
217.902,apt_walk_3_speckle,PARKED,0.0,0.0,0.0,4,0.0,1.86,0.0,0.0,0.0,0.0,0.0,0.0,0.0
218.002,apt_walk_3_speckle,PARKED,0.0,0.0,0.0,4,0.0,1.86,0.0,0.0,0.0,0.0,0.0,0.0,0.0
218.101,apt_walk_3_speckle,PARKED,0.0,0.0,0.0,4,0.1545,1.761,0.0,0.0,0.0,0.0,0.0,0.0,0.0
218.215,apt_walk_3_speckle,PARKED,0.0,0.0,0.0,3,0.0927,1.627,0.0,0.0,0.0,0.0,0.0,0.0,0.0
218.301,apt_walk_3_speckle,PARKED,0.0,0.0,0.0,3,0.3574,1.578,0.0,0.0,0.0,0.0,0.0,0.0,0.0
218.401,apt_walk_3_speckle,PARKED,0.0,0.0,0.0,3,0.3574,1.578,0.0,0.0,0.0,0.0,0.0,0.0,0.0
218.502,apt_walk_3_speckle,PARKED,0.0,0.0,0.0,3,0.3574,1.578,0.0,0.0,0.0,0.0,0.0,0.0,0.0
218.635,apt_walk_3_speckle,PARKED,0.0,0.0,0.0,3,0.067,1.579,0.0,0.0,0.0,0.0,0.0,0.0,0.0
218.701,apt_walk_3_speckle,PARKED,0.0,0.0,0.0,3,0.067,1.579,0.0,0.0,0.0,0.0,0.0,0.0,0.0
218.801,apt_walk_3_speckle,PARKED,0.0,0.0,0.0,3,0.067,1.579,0.0,0.0,0.0,0.0,0.0,0.0,0.0
218.943,apt_walk_3_speckle,PARKED,0.0,0.0,0.0,3,0.0022,1.508,0.0,0.0,0.0,0.0,0.0,0.0,0.0
219.032,apt_walk_3_speckle,PARKED,0.0,0.0,0.0,3,0.6124,1.8,0.0,0.0,0.0,0.0,0.0,0.0,0.0
219.101,apt_walk_3_speckle,PARKED,0.0,0.0,0.0,3,0.6124,1.8,0.0,0.0,0.0,0.0,0.0,0.0,0.0
219.211,apt_walk_3_speckle,PARKED,0.0,0.0,0.0,3,0.298,1.887,0.0,0.0,0.0,0.0,0.0,0.0,0.0
219.301,apt_walk_3_speckle,PARKED,0.0,0.0,0.0,3,0.298,1.887,0.0,0.0,0.0,0.0,0.0,0.0,0.0
219.401,apt_walk_3_speckle,PARKED,0.0,0.0,0.0,3,0.298,1.887,0.0,0.0,0.0,0.0,0.0,0.0,0.0
219.501,apt_walk_3_speckle,PARKED,0.0,0.0,0.0,3,0.298,1.887,0.0,0.0,0.0,0.0,0.0,0.0,0.0
219.601,apt_walk_3_speckle,PARKED,0.0,0.0,0.0,3,0.0,2.119,0.0,0.0,0.0,0.0,0.0,0.0,0.0
219.701,apt_walk_3_speckle,PARKED,0.0,0.0,0.0,3,0.0,2.222,0.0,0.0,0.0,0.0,0.0,0.0,0.0
219.801,apt_walk_3_speckle,PARKED,0.0,0.0,0.0,3,0.0,2.299,0.0,0.0,0.0,0.0,0.0,0.0,0.0
219.901,apt_walk_3_speckle,PARKED,0.0,0.0,0.0,3,0.0,2.299,0.0,0.0,0.0,0.0,0.0,0.0,0.0
220.034,apt_walk_3_speckle,PARKED,0.0,0.0,0.0,3,0.0,2.685,0.0,0.0,0.0,0.0,0.0,0.0,0.0
220.101,apt_walk_3_speckle,PARKED,0.0,0.0,0.0,3,0.0,2.685,0.0,0.0,0.0,0.0,0.0,0.0,0.0
220.234,apt_walk_3_speckle,PARKED,0.0,0.0,0.0,3,0.0,2.963,0.0,0.0,0.0,0.0,0.0,0.0,0.0
220.301,apt_walk_3_speckle,PARKED,0.0,0.0,0.0,3,0.0,2.963,0.0,0.0,0.0,0.0,0.0,0.0,0.0
220.409,apt_walk_3_speckle,PARKED,0.0,0.0,0.0,3,0.0,2.963,0.0,0.0,0.0,0.0,0.0,0.0,0.0
220.501,apt_walk_3_speckle,PARKED,0.0,0.0,0.0,3,0.0,2.963,0.0,0.0,0.0,0.0,0.0,0.0,0.0
220.601,apt_walk_3_speckle,PARKED,0.0,0.0,0.0,3,0.0,2.963,0.0,0.0,0.0,0.0,0.0,0.0,0.0
220.702,apt_walk_3_speckle,PARKED,0.0,0.0,0.0,4,0.0,3.354,0.0,0.0,0.0,0.0,0.0,0.0,0.0
220.849,apt_walk_3_speckle,PARKED,0.0,0.0,0.0,4,0.0,3.354,0.0,0.0,0.0,0.0,0.0,0.0,0.0
220.906,apt_walk_3_speckle,PARKED,0.0,0.0,0.0,3,0.0,3.577,0.0,0.0,0.0,0.0,0.0,0.0,0.0
221.001,apt_walk_3_speckle,PARKED,0.0,0.0,0.0,3,0.0,3.663,0.0,0.0,0.0,0.0,0.0,0.0,0.0
221.117,apt_walk_3_speckle,PARKED,0.0,0.0,0.0,3,0.0,3.663,0.0,0.0,0.0,0.0,0.0,0.0,0.0
221.201,apt_walk_3_speckle,PARKED,0.0,0.0,0.0,3,0.0,3.649,0.0,0.0,0.0,0.0,0.0,0.0,0.0
221.347,apt_walk_3_speckle,PARKED,0.0,0.0,0.0,3,0.0,3.688,0.0,0.0,0.0,0.0,0.0,0.0,0.0
221.438,apt_walk_3_speckle,PARKED,0.0,0.0,0.0,4,0.0,3.646,0.0,0.0,0.0,0.0,0.0,0.0,0.0
221.501,apt_walk_3_speckle,PARKED,0.0,0.0,0.0,4,0.0,3.646,0.0,0.0,0.0,0.0,0.0,0.0,0.0
221.601,apt_walk_3_speckle,PARKED,0.0,0.0,0.0,4,0.0,3.646,0.0,0.0,0.0,0.0,0.0,0.0,0.0
221.701,apt_walk_3_speckle,PARKED,0.0,0.0,0.0,4,0.0,3.646,0.0,0.0,0.0,0.0,0.0,0.0,0.0
221.802,apt_walk_3_speckle,PARKED,0.0,0.0,0.0,4,0.0,3.646,0.0,0.0,0.0,0.0,0.0,0.0,0.0
221.945,apt_walk_3_speckle,PARKED,0.0,0.0,0.0,4,0.0,3.699,0.0,0.0,0.0,0.0,0.0,0.0,0.0
222.001,apt_walk_3_speckle,PARKED,0.0,0.0,0.0,4,0.0,3.699,0.0,0.0,0.0,0.0,0.0,0.0,0.0
222.101,apt_walk_3_speckle,PARKED,0.0,0.0,0.0,4,0.0,3.672,0.0,0.0,0.0,0.0,0.0,0.0,0.0
222.201,apt_walk_3_speckle,PARKED,0.0,0.0,0.0,4,0.0,3.672,0.0,0.0,0.0,0.0,0.0,0.0,0.0
222.344,apt_walk_3_speckle,PARKED,0.0,0.0,0.0,4,0.0,3.679,0.0,0.0,0.0,0.0,0.0,0.0,0.0
222.402,apt_walk_3_speckle,PARKED,0.0,0.0,0.0,4,0.0,3.726,0.0,0.0,0.0,0.0,0.0,0.0,0.0
222.501,apt_walk_3_speckle,PARKED,0.0,0.0,0.0,4,0.0,3.726,0.0,0.0,0.0,0.0,0.0,0.0,0.0
222.6,apt_walk_3_speckle,PARKED,0.0,0.0,0.0,4,0.0,3.726,0.0,0.0,0.0,0.0,0.0,0.0,0.0
222.745,apt_walk_3_speckle,PARKED,0.0,0.0,0.0,4,0.0,3.726,0.0,0.0,0.0,0.0,0.0,0.0,0.0
222.801,apt_walk_3_speckle,PARKED,0.0,0.0,0.0,4,0.0,3.726,0.0,0.0,0.0,0.0,0.0,0.0,0.0
222.901,apt_walk_3_speckle,PARKED,0.0,0.0,0.0,4,0.0,3.726,0.0,0.0,0.0,0.0,0.0,0.0,0.0
223.001,apt_walk_3_speckle,PARKED,0.0,0.0,0.0,3,0.0,3.413,0.0,0.0,0.0,0.0,0.0,0.0,0.0
223.101,apt_walk_3_speckle,PARKED,0.0,0.0,0.0,3,0.0,3.413,0.0,0.0,0.0,0.0,0.0,0.0,0.0
223.204,apt_walk_3_speckle,PARKED,0.0,0.0,0.0,3,0.0,3.413,0.0,0.0,0.0,0.0,0.0,0.0,0.0
223.301,apt_walk_3_speckle,PARKED,0.0,0.0,0.0,3,0.0,3.413,0.0,0.0,0.0,0.0,0.0,0.0,0.0
223.433,apt_walk_3_speckle,PARKED,0.0,0.0,0.0,3,0.0,3.122,0.0,0.0,0.0,0.0,0.0,0.0,0.0
223.512,apt_walk_3_speckle,PARKED,0.0,0.0,0.0,3,0.0,2.924,0.0,0.0,0.0,0.0,0.0,0.0,0.0
223.641,apt_walk_3_speckle,PARKED,0.0,0.0,0.0,3,0.0,2.83,0.0,0.0,0.0,0.0,0.0,0.0,0.0
223.702,apt_walk_3_speckle,PARKED,0.0,0.0,0.0,3,0.0,2.83,0.0,0.0,0.0,0.0,0.0,0.0,0.0
223.802,apt_walk_3_speckle,PARKED,0.0,0.0,0.0,3,0.0,2.762,0.0,0.0,0.0,0.0,0.0,0.0,0.0
223.948,apt_walk_3_speckle,PARKED,0.0,0.0,0.0,3,0.0,2.61,0.0,0.0,0.0,0.0,0.0,0.0,0.0
224.002,apt_walk_3_speckle,PARKED,0.0,0.0,0.0,3,0.0,2.61,0.0,0.0,0.0,0.0,0.0,0.0,0.0
224.101,apt_walk_3_speckle,PARKED,0.0,0.0,0.0,3,0.0,2.61,0.0,0.0,0.0,0.0,0.0,0.0,0.0
224.201,apt_walk_3_speckle,PARKED,0.0,0.0,0.0,3,0.0,2.394,0.0,0.0,0.0,0.0,0.0,0.0,0.0
224.307,apt_walk_3_speckle,PARKED,0.0,0.0,0.0,3,0.0,2.278,0.0,0.0,0.0,0.0,0.0,0.0,0.0
224.401,apt_walk_3_speckle,PARKED,0.0,0.0,0.0,3,0.0,2.096,0.0,0.0,0.0,0.0,0.0,0.0,0.0
224.501,apt_walk_3_speckle,PARKED,0.0,0.0,0.0,3,0.0,2.096,0.0,0.0,0.0,0.0,0.0,0.0,0.0
224.601,apt_walk_3_speckle,PARKED,0.0,0.0,0.0,3,0.0,1.966,0.0,0.0,0.0,0.0,0.0,0.0,0.0
224.702,apt_walk_3_speckle,PARKED,0.0,0.0,0.0,3,0.0,1.966,0.0,0.0,0.0,0.0,0.0,0.0,0.0
224.826,apt_walk_3_speckle,PARKED,0.0,0.0,0.0,3,0.3254,1.74,0.0,0.0,0.0,0.0,0.0,0.0,0.0
224.901,apt_walk_3_speckle,PARKED,0.0,0.0,0.0,3,0.3254,1.74,0.0,0.0,0.0,0.0,0.0,0.0,0.0
225.001,apt_walk_3_speckle,PARKED,0.0,0.0,0.0,3,0.3254,1.74,0.0,0.0,0.0,0.0,0.0,0.0,0.0
225.102,apt_walk_3_speckle,PARKED,0.0,0.0,0.0,3,0.3254,1.74,0.0,0.0,0.0,0.0,0.0,0.0,0.0
225.243,apt_walk_3_speckle,PARKED,0.0,0.0,0.0,3,0.1646,1.565,0.0,0.0,0.0,0.0,0.0,0.0,0.0
225.304,apt_walk_3_speckle,PARKED,0.0,0.0,0.0,4,0.0318,1.528,0.0,0.0,0.0,0.0,0.0,0.0,0.0
225.401,apt_walk_3_speckle,PARKED,0.0,0.0,0.0,4,0.0318,1.528,0.0,0.0,0.0,0.0,0.0,0.0,0.0
225.501,apt_walk_3_speckle,PARKED,0.0,0.0,0.0,4,0.0318,1.528,0.0,0.0,0.0,0.0,0.0,0.0,0.0
225.616,apt_walk_3_speckle,PARKED,0.0,0.0,0.0,4,0.0318,1.528,0.0,0.0,0.0,0.0,0.0,0.0,0.0
225.747,apt_walk_3_speckle,PARKED,0.0,0.0,0.0,3,0.0139,1.58,0.0,0.0,0.0,0.0,0.0,0.0,0.0
225.801,apt_walk_3_speckle,PARKED,0.0,0.0,0.0,3,0.0139,1.58,0.0,0.0,0.0,0.0,0.0,0.0,0.0
225.901,apt_walk_3_speckle,PARKED,0.0,0.0,0.0,3,0.0139,1.58,0.0,0.0,0.0,0.0,0.0,0.0,0.0
226.001,apt_walk_3_speckle,PARKED,0.0,0.0,0.0,3,0.0139,1.58,0.0,0.0,0.0,0.0,0.0,0.0,0.0
226.101,apt_walk_3_speckle,PARKED,0.0,0.0,0.0,3,0.0139,1.58,0.0,0.0,0.0,0.0,0.0,0.0,0.0
226.201,apt_walk_3_speckle,PARKED,0.0,0.0,0.0,3,0.0139,1.58,0.0,0.0,0.0,0.0,0.0,0.0,0.0
226.333,apt_walk_3_speckle,PARKED,0.0,0.0,0.0,3,0.0,2.19,0.0,0.0,0.0,0.0,0.0,0.0,0.0
226.402,apt_walk_3_speckle,PARKED,0.0,0.0,0.0,3,0.0,2.19,0.0,0.0,0.0,0.0,0.0,0.0,0.0
226.501,apt_walk_3_speckle,PARKED,0.0,0.0,0.0,3,0.0,2.19,0.0,0.0,0.0,0.0,0.0,0.0,0.0
226.601,apt_walk_3_speckle,PARKED,0.0,0.0,0.0,3,0.0,2.19,0.0,0.0,0.0,0.0,0.0,0.0,0.0
226.73,apt_walk_3_speckle,PARKED,0.0,0.0,0.0,3,0.0,2.395,0.0,0.0,0.0,0.0,0.0,0.0,0.0
226.8,apt_walk_3_speckle,PARKED,0.0,0.0,0.0,3,0.0,2.543,0.0,0.0,0.0,0.0,0.0,0.0,0.0
226.901,apt_walk_3_speckle,PARKED,0.0,0.0,0.0,3,0.0,2.725,0.0,0.0,0.0,0.0,0.0,0.0,0.0
227.037,apt_walk_3_speckle,PARKED,0.0,0.0,0.0,3,0.0,2.725,0.0,0.0,0.0,0.0,0.0,0.0,0.0
227.101,apt_walk_3_speckle,PARKED,0.0,0.0,0.0,3,0.0,2.725,0.0,0.0,0.0,0.0,0.0,0.0,0.0
227.201,apt_walk_3_speckle,PARKED,0.0,0.0,0.0,3,0.0,2.725,0.0,0.0,0.0,0.0,0.0,0.0,0.0
227.301,apt_walk_3_speckle,PARKED,0.0,0.0,0.0,3,0.0,3.052,0.0,0.0,0.0,0.0,0.0,0.0,0.0
227.417,apt_walk_3_speckle,PARKED,0.0,0.0,0.0,3,0.0,3.252,0.0,0.0,0.0,0.0,0.0,0.0,0.0
227.501,apt_walk_3_speckle,PARKED,0.0,0.0,0.0,3,0.0,3.252,0.0,0.0,0.0,0.0,0.0,0.0,0.0
227.64,apt_walk_3_speckle,PARKED,0.0,0.0,0.0,3,0.0,3.411,0.0,0.0,0.0,0.0,0.0,0.0,0.0
227.702,apt_walk_3_speckle,PARKED,0.0,0.0,0.0,3,0.0,3.411,0.0,0.0,0.0,0.0,0.0,0.0,0.0
227.825,apt_walk_3_speckle,PARKED,0.0,0.0,0.0,3,0.0,3.695,0.0,0.0,0.0,0.0,0.0,0.0,0.0
227.934,apt_walk_3_speckle,PARKED,0.0,0.0,0.0,3,0.0,3.695,0.0,0.0,0.0,0.0,0.0,0.0,0.0
228.002,apt_walk_3_speckle,PARKED,0.0,0.0,0.0,3,0.0,3.695,0.0,0.0,0.0,0.0,0.0,0.0,0.0
228.101,apt_walk_3_speckle,PARKED,0.0,0.0,0.0,3,0.0,3.712,0.0,0.0,0.0,0.0,0.0,0.0,0.0
228.211,apt_walk_3_speckle,PARKED,0.0,0.0,0.0,3,0.0,3.724,0.0,0.0,0.0,0.0,0.0,0.0,0.0
228.343,apt_walk_3_speckle,PARKED,0.0,0.0,0.0,3,0.0,3.679,0.0,0.0,0.0,0.0,0.0,0.0,0.0
228.432,apt_walk_3_speckle,PARKED,0.0,0.0,0.0,3,0.0,3.685,0.0,0.0,0.0,0.0,0.0,0.0,0.0
228.525,apt_walk_3_speckle,PARKED,0.0,0.0,0.0,3,0.0,3.695,0.0,0.0,0.0,0.0,0.0,0.0,0.0
228.602,apt_walk_3_speckle,PARKED,0.0,0.0,0.0,4,0.0,3.661,0.0,0.0,0.0,0.0,0.0,0.0,0.0
228.729,apt_walk_3_speckle,PARKED,0.0,0.0,0.0,4,0.0,3.675,0.0,0.0,0.0,0.0,0.0,0.0,0.0
228.802,apt_walk_3_speckle,PARKED,0.0,0.0,0.0,4,0.0,3.675,0.0,0.0,0.0,0.0,0.0,0.0,0.0
228.901,apt_walk_3_speckle,PARKED,0.0,0.0,0.0,4,0.0,3.675,0.0,0.0,0.0,0.0,0.0,0.0,0.0
229.011,apt_walk_3_speckle,PARKED,0.0,0.0,0.0,4,0.0,3.646,0.0,0.0,0.0,0.0,0.0,0.0,0.0
229.101,apt_walk_3_speckle,PARKED,0.0,0.0,0.0,4,0.0,3.654,0.0,0.0,0.0,0.0,0.0,0.0,0.0
229.201,apt_walk_3_speckle,PARKED,0.0,0.0,0.0,4,0.0,3.654,0.0,0.0,0.0,0.0,0.0,0.0,0.0
229.347,apt_walk_3_speckle,PARKED,0.0,0.0,0.0,4,0.0,3.703,0.0,0.0,0.0,0.0,0.0,0.0,0.0
229.416,apt_walk_3_speckle,PARKED,0.0,0.0,0.0,4,0.0,3.681,0.0,0.0,0.0,0.0,0.0,0.0,0.0
229.501,apt_walk_3_speckle,PARKED,0.0,0.0,0.0,4,0.0,3.681,0.0,0.0,0.0,0.0,0.0,0.0,0.0
229.641,apt_walk_3_speckle,PARKED,0.0,0.0,0.0,4,0.0,3.681,0.0,0.0,0.0,0.0,0.0,0.0,0.0
229.747,apt_walk_3_speckle,PARKED,0.0,0.0,0.0,4,0.0,3.714,0.0,0.0,0.0,0.0,0.0,0.0,0.0
229.801,apt_walk_3_speckle,PARKED,0.0,0.0,0.0,4,0.0,3.714,0.0,0.0,0.0,0.0,0.0,0.0,0.0
229.931,apt_walk_3_speckle,PARKED,0.0,0.0,0.0,4,0.0,3.65,0.0,0.0,0.0,0.0,0.0,0.0,0.0
230.003,apt_walk_3_speckle,PARKED,0.0,0.0,0.0,4,0.0,3.65,0.0,0.0,0.0,0.0,0.0,0.0,0.0
230.137,apt_walk_3_speckle,PARKED,0.0,0.0,0.0,4,0.0,3.52,0.0,0.0,0.0,0.0,0.0,0.0,0.0
230.201,apt_walk_3_speckle,PARKED,0.0,0.0,0.0,4,0.0,3.52,0.0,0.0,0.0,0.0,0.0,0.0,0.0
230.301,apt_walk_3_speckle,PARKED,0.0,0.0,0.0,4,0.0,3.52,0.0,0.0,0.0,0.0,0.0,0.0,0.0
230.45,apt_walk_3_speckle,PARKED,0.0,0.0,0.0,4,0.0,3.165,0.0,0.0,0.0,0.0,0.0,0.0,0.0
230.519,apt_walk_3_speckle,PARKED,0.0,0.0,0.0,4,0.0,3.165,0.0,0.0,0.0,0.0,0.0,0.0,0.0
230.65,apt_walk_3_speckle,PARKED,0.0,0.0,0.0,4,0.0,3.088,0.0,0.0,0.0,0.0,0.0,0.0,0.0
230.7,apt_walk_3_speckle,PARKED,0.0,0.0,0.0,4,0.0,3.088,0.0,0.0,0.0,0.0,0.0,0.0,0.0
230.801,apt_walk_3_speckle,PARKED,0.0,0.0,0.0,4,0.0,3.088,0.0,0.0,0.0,0.0,0.0,0.0,0.0
230.945,apt_walk_3_speckle,PARKED,0.0,0.0,0.0,4,0.0,2.633,0.0,0.0,0.0,0.0,0.0,0.0,0.0
231.006,apt_walk_3_speckle,PARKED,0.0,0.0,0.0,4,0.0,2.633,0.0,0.0,0.0,0.0,0.0,0.0,0.0
231.101,apt_walk_3_speckle,PARKED,0.0,0.0,0.0,4,0.0,2.477,0.0,0.0,0.0,0.0,0.0,0.0,0.0
231.201,apt_walk_3_speckle,PARKED,0.0,0.0,0.0,4,0.0,2.477,0.0,0.0,0.0,0.0,0.0,0.0,0.0
231.301,apt_walk_3_speckle,PARKED,0.0,0.0,0.0,4,0.0,2.477,0.0,0.0,0.0,0.0,0.0,0.0,0.0
231.401,apt_walk_3_speckle,PARKED,0.0,0.0,0.0,4,0.0,2.477,0.0,0.0,0.0,0.0,0.0,0.0,0.0
231.532,apt_walk_3_speckle,PARKED,0.0,0.0,0.0,4,0.0,2.204,0.0,0.0,0.0,0.0,0.0,0.0,0.0
231.615,apt_walk_3_speckle,PARKED,0.0,0.0,0.0,4,0.0,2.054,0.0,0.0,0.0,0.0,0.0,0.0,0.0
231.717,apt_walk_3_speckle,PARKED,0.0,0.0,0.0,4,0.0,1.941,0.0,0.0,0.0,0.0,0.0,0.0,0.0
231.8,apt_walk_3_speckle,PARKED,0.0,0.0,0.0,4,0.0,1.941,0.0,0.0,0.0,0.0,0.0,0.0,0.0
231.901,apt_walk_3_speckle,PARKED,0.0,0.0,0.0,4,0.0,1.894,0.0,0.0,0.0,0.0,0.0,0.0,0.0
232.026,apt_walk_3_speckle,PARKED,0.0,0.0,0.0,4,0.0,1.894,0.0,0.0,0.0,0.0,0.0,0.0,0.0
232.101,apt_walk_3_speckle,PARKED,0.0,0.0,0.0,4,0.0,1.894,0.0,0.0,0.0,0.0,0.0,0.0,0.0
232.24,apt_walk_3_speckle,PARKED,0.0,0.0,0.0,4,0.188,1.639,0.0,0.0,0.0,0.0,0.0,0.0,0.0
232.301,apt_walk_3_speckle,PARKED,0.0,0.0,0.0,4,0.188,1.639,0.0,0.0,0.0,0.0,0.0,0.0,0.0
232.401,apt_walk_3_speckle,PARKED,0.0,0.0,0.0,4,0.188,1.639,0.0,0.0,0.0,0.0,0.0,0.0,0.0
232.511,apt_walk_3_speckle,PARKED,0.0,0.0,0.0,4,0.13,1.582,0.0,0.0,0.0,0.0,0.0,0.0,0.0
232.602,apt_walk_3_speckle,PARKED,0.0,0.0,0.0,4,0.13,1.582,0.0,0.0,0.0,0.0,0.0,0.0,0.0
232.735,apt_walk_3_speckle,PARKED,0.0,0.0,0.0,4,0.13,1.582,0.0,0.0,0.0,0.0,0.0,0.0,0.0
232.84,apt_walk_3_speckle,PARKED,0.0,0.0,0.0,4,0.1897,1.547,0.0,0.0,0.0,0.0,0.0,0.0,0.0
232.917,apt_walk_3_speckle,PARKED,0.0,0.0,0.0,4,0.3428,1.763,0.0,0.0,0.0,0.0,0.0,0.0,0.0
233.001,apt_walk_3_speckle,PARKED,0.0,0.0,0.0,4,0.024,1.864,0.0,0.0,0.0,0.0,0.0,0.0,0.0
233.101,apt_walk_3_speckle,PARKED,0.0,0.0,0.0,4,0.024,1.864,0.0,0.0,0.0,0.0,0.0,0.0,0.0
233.201,apt_walk_3_speckle,PARKED,0.0,0.0,0.0,4,0.024,1.864,0.0,0.0,0.0,0.0,0.0,0.0,0.0
233.302,apt_walk_3_speckle,PARKED,0.0,0.0,0.0,4,0.024,1.864,0.0,0.0,0.0,0.0,0.0,0.0,0.0
233.401,apt_walk_3_speckle,PARKED,0.0,0.0,0.0,4,0.024,1.864,0.0,0.0,0.0,0.0,0.0,0.0,0.0
233.501,apt_walk_3_speckle,PARKED,0.0,0.0,0.0,4,0.024,1.864,0.0,0.0,0.0,0.0,0.0,0.0,0.0
233.601,apt_walk_3_speckle,PARKED,0.0,0.0,0.0,4,0.024,1.864,0.0,0.0,0.0,0.0,0.0,0.0,0.0
233.701,apt_walk_3_speckle,PARKED,0.0,0.0,0.0,4,0.024,1.864,0.0,0.0,0.0,0.0,0.0,0.0,0.0
233.801,apt_walk_3_speckle,PARKED,0.0,0.0,0.0,4,0.0,2.103,0.0,0.0,0.0,0.0,0.0,0.0,0.0
233.91,apt_walk_3_speckle,PARKED,0.0,0.0,0.0,4,0.0,2.575,0.0,0.0,0.0,0.0,0.0,0.0,0.0
234.001,apt_walk_3_speckle,PARKED,0.0,0.0,0.0,4,0.0,2.744,0.0,0.0,0.0,0.0,0.0,0.0,0.0
234.101,apt_walk_3_speckle,PARKED,0.0,0.0,0.0,4,0.0,2.744,0.0,0.0,0.0,0.0,0.0,0.0,0.0
234.201,apt_walk_3_speckle,PARKED,0.0,0.0,0.0,4,0.0,2.744,0.0,0.0,0.0,0.0,0.0,0.0,0.0
234.301,apt_walk_3_speckle,PARKED,0.0,0.0,0.0,3,0.0,2.898,0.0,0.0,0.0,0.0,0.0,0.0,0.0
234.43,apt_walk_3_speckle,PARKED,0.0,0.0,0.0,3,0.0,3.264,0.0,0.0,0.0,0.0,0.0,0.0,0.0
234.501,apt_walk_3_speckle,PARKED,0.0,0.0,0.0,3,0.0,3.264,0.0,0.0,0.0,0.0,0.0,0.0,0.0
234.601,apt_walk_3_speckle,PARKED,0.0,0.0,0.0,3,0.0,3.375,0.0,0.0,0.0,0.0,0.0,0.0,0.0
234.75,apt_walk_3_speckle,PARKED,0.0,0.0,0.0,3,0.0,3.375,0.0,0.0,0.0,0.0,0.0,0.0,0.0
234.811,apt_walk_3_speckle,PARKED,0.0,0.0,0.0,3,0.0,3.623,0.0,0.0,0.0,0.0,0.0,0.0,0.0
234.901,apt_walk_3_speckle,PARKED,0.0,0.0,0.0,3,0.0,3.623,0.0,0.0,0.0,0.0,0.0,0.0,0.0
235.001,apt_walk_3_speckle,PARKED,0.0,0.0,0.0,3,0.0,3.623,0.0,0.0,0.0,0.0,0.0,0.0,0.0
235.102,apt_walk_3_speckle,PARKED,0.0,0.0,0.0,3,0.0,3.671,0.0,0.0,0.0,0.0,0.0,0.0,0.0
235.201,apt_walk_3_speckle,PARKED,0.0,0.0,0.0,4,0.0,3.622,0.0,0.0,0.0,0.0,0.0,0.0,0.0
235.33,apt_walk_3_speckle,PARKED,0.0,0.0,0.0,4,0.0,3.725,0.0,0.0,0.0,0.0,0.0,0.0,0.0
235.401,apt_walk_3_speckle,PARKED,0.0,0.0,0.0,4,0.0,3.705,0.0,0.0,0.0,0.0,0.0,0.0,0.0
235.527,apt_walk_3_speckle,PARKED,0.0,0.0,0.0,4,0.0,3.71,0.0,0.0,0.0,0.0,0.0,0.0,0.0
235.602,apt_walk_3_speckle,PARKED,0.0,0.0,0.0,4,0.0,3.71,0.0,0.0,0.0,0.0,0.0,0.0,0.0
235.72,apt_walk_3_speckle,PARKED,0.0,0.0,0.0,4,0.0,3.713,0.0,0.0,0.0,0.0,0.0,0.0,0.0
235.801,apt_walk_3_speckle,PARKED,0.0,0.0,0.0,4,0.0,3.673,0.0,0.0,0.0,0.0,0.0,0.0,0.0
235.901,apt_walk_3_speckle,PARKED,0.0,0.0,0.0,4,0.0,3.673,0.0,0.0,0.0,0.0,0.0,0.0,0.0
236.033,apt_walk_3_speckle,PARKED,0.0,0.0,0.0,4,0.0,3.74,0.0,0.0,0.0,0.0,0.0,0.0,0.0
236.102,apt_walk_3_speckle,PARKED,0.0,0.0,0.0,4,0.0,3.74,0.0,0.0,0.0,0.0,0.0,0.0,0.0
236.201,apt_walk_3_speckle,PARKED,0.0,0.0,0.0,4,0.0,3.74,0.0,0.0,0.0,0.0,0.0,0.0,0.0
236.334,apt_walk_3_speckle,PARKED,0.0,0.0,0.0,4,0.0,3.661,0.0,0.0,0.0,0.0,0.0,0.0,0.0
236.402,apt_walk_3_speckle,PARKED,0.0,0.0,0.0,4,0.0,3.676,0.0,0.0,0.0,0.0,0.0,0.0,0.0
236.502,apt_walk_3_speckle,PARKED,0.0,0.0,0.0,4,0.0,3.683,0.0,0.0,0.0,0.0,0.0,0.0,0.0
236.622,apt_walk_3_speckle,PARKED,0.0,0.0,0.0,4,0.0,3.683,0.0,0.0,0.0,0.0,0.0,0.0,0.0
236.701,apt_walk_3_speckle,PARKED,0.0,0.0,0.0,4,0.0,3.683,0.0,0.0,0.0,0.0,0.0,0.0,0.0
236.801,apt_walk_3_speckle,PARKED,0.0,0.0,0.0,4,0.0,3.695,0.0,0.0,0.0,0.0,0.0,0.0,0.0
236.901,apt_walk_3_speckle,PARKED,0.0,0.0,0.0,4,0.0,3.643,0.0,0.0,0.0,0.0,0.0,0.0,0.0
237.008,apt_walk_3_speckle,PARKED,0.0,0.0,0.0,4,0.0,3.409,0.0,0.0,0.0,0.0,0.0,0.0,0.0
237.102,apt_walk_3_speckle,PARKED,0.0,0.0,0.0,4,0.0,3.409,0.0,0.0,0.0,0.0,0.0,0.0,0.0
237.201,apt_walk_3_speckle,PARKED,0.0,0.0,0.0,4,0.0,3.409,0.0,0.0,0.0,0.0,0.0,0.0,0.0
237.311,apt_walk_3_speckle,PARKED,0.0,0.0,0.0,4,0.0,3.254,0.0,0.0,0.0,0.0,0.0,0.0,0.0
237.402,apt_walk_3_speckle,PARKED,0.0,0.0,0.0,4,0.0,3.065,0.0,0.0,0.0,0.0,0.0,0.0,0.0
237.501,apt_walk_3_speckle,PARKED,0.0,0.0,0.0,4,0.0,2.911,0.0,0.0,0.0,0.0,0.0,0.0,0.0
237.645,apt_walk_3_speckle,PARKED,0.0,0.0,0.0,4,0.0,2.911,0.0,0.0,0.0,0.0,0.0,0.0,0.0
237.745,apt_walk_3_speckle,PARKED,0.0,0.0,0.0,4,0.0,2.747,0.0,0.0,0.0,0.0,0.0,0.0,0.0
237.807,apt_walk_3_speckle,PARKED,0.0,0.0,0.0,4,0.0,2.569,0.0,0.0,0.0,0.0,0.0,0.0,0.0
237.901,apt_walk_3_speckle,PARKED,0.0,0.0,0.0,4,0.0,2.476,0.0,0.0,0.0,0.0,0.0,0.0,0.0
238.001,apt_walk_3_speckle,PARKED,0.0,0.0,0.0,4,0.0,2.476,0.0,0.0,0.0,0.0,0.0,0.0,0.0
238.102,apt_walk_3_speckle,PARKED,0.0,0.0,0.0,4,0.0,2.352,0.0,0.0,0.0,0.0,0.0,0.0,0.0
238.201,apt_walk_3_speckle,PARKED,0.0,0.0,0.0,4,0.0,2.352,0.0,0.0,0.0,0.0,0.0,0.0,0.0
238.343,apt_walk_3_speckle,PARKED,0.0,0.0,0.0,4,0.0,2.073,0.0,0.0,0.0,0.0,0.0,0.0,0.0
238.407,apt_walk_3_speckle,PARKED,0.0,0.0,0.0,4,0.0,2.073,0.0,0.0,0.0,0.0,0.0,0.0,0.0
238.54,apt_walk_3_speckle,PARKED,0.0,0.0,0.0,3,0.0,1.979,0.0,0.0,0.0,0.0,0.0,0.0,0.0
238.601,apt_walk_3_speckle,PARKED,0.0,0.0,0.0,3,0.0,1.979,0.0,0.0,0.0,0.0,0.0,0.0,0.0
238.701,apt_walk_3_speckle,PARKED,0.0,0.0,0.0,3,0.0,1.91,0.0,0.0,0.0,0.0,0.0,0.0,0.0
238.814,apt_walk_3_speckle,PARKED,0.0,0.0,0.0,4,0.3001,1.676,0.0,0.0,0.0,0.0,0.0,0.0,0.0
238.901,apt_walk_3_speckle,PARKED,0.0,0.0,0.0,4,0.3001,1.676,0.0,0.0,0.0,0.0,0.0,0.0,0.0
239.001,apt_walk_3_speckle,PARKED,0.0,0.0,0.0,4,0.3001,1.676,0.0,0.0,0.0,0.0,0.0,0.0,0.0
239.101,apt_walk_3_speckle,PARKED,0.0,0.0,0.0,4,0.3001,1.676,0.0,0.0,0.0,0.0,0.0,0.0,0.0
239.201,apt_walk_3_speckle,PARKED,0.0,0.0,0.0,4,0.3001,1.676,0.0,0.0,0.0,0.0,0.0,0.0,0.0
239.345,apt_walk_3_speckle,PARKED,0.0,0.0,0.0,3,0.3818,1.491,0.0,0.0,0.0,0.0,0.0,0.0,0.0
239.401,apt_walk_3_speckle,PARKED,0.0,0.0,0.0,3,0.3818,1.491,0.0,0.0,0.0,0.0,0.0,0.0,0.0
239.502,apt_walk_3_speckle,PARKED,0.0,0.0,0.0,4,0.0733,1.472,0.0,0.0,0.0,0.0,0.0,0.0,0.0
239.647,apt_walk_3_speckle,PARKED,0.0,0.0,0.0,4,0.21,1.462,0.0,0.0,0.0,0.0,0.0,0.0,0.0
239.701,apt_walk_3_speckle,PARKED,0.0,0.0,0.0,4,0.21,1.462,0.0,0.0,0.0,0.0,0.0,0.0,0.0
239.801,apt_walk_3_speckle,PARKED,0.0,0.0,0.0,4,0.1229,1.464,0.0,0.0,0.0,0.0,0.0,0.0,0.0
239.948,apt_walk_3_speckle,PARKED,0.0,0.0,0.0,3,0.7565,1.639,0.0,0.0,0.0,0.0,0.0,0.0,0.0
240.002,apt_walk_3_speckle,PARKED,0.0,0.0,0.0,3,0.7565,1.639,0.0,0.0,0.0,0.0,0.0,0.0,0.0
240.101,apt_walk_3_speckle,PARKED,0.0,0.0,0.0,3,0.7565,1.639,0.0,0.0,0.0,0.0,0.0,0.0,0.0
240.201,apt_walk_3_speckle,PARKED,0.0,0.0,0.0,3,0.7565,1.639,0.0,0.0,0.0,0.0,0.0,0.0,0.0
240.341,apt_walk_3_speckle,PARKED,0.0,0.0,0.0,3,0.0,2.069,0.0,0.0,0.0,0.0,0.0,0.0,0.0
240.425,apt_walk_3_speckle,PARKED,0.0,0.0,0.0,3,0.0,2.186,0.0,0.0,0.0,0.0,0.0,0.0,0.0
240.502,apt_walk_3_speckle,PARKED,0.0,0.0,0.0,3,0.0,2.186,0.0,0.0,0.0,0.0,0.0,0.0,0.0
240.65,apt_walk_3_speckle,PARKED,0.0,0.0,0.0,3,0.0,2.271,0.0,0.0,0.0,0.0,0.0,0.0,0.0
240.7,apt_walk_3_speckle,PARKED,0.0,0.0,0.0,3,0.0,2.271,0.0,0.0,0.0,0.0,0.0,0.0,0.0
240.806,apt_walk_3_speckle,PARKED,0.0,0.0,0.0,3,0.0,2.46,0.0,0.0,0.0,0.0,0.0,0.0,0.0
240.941,apt_walk_3_speckle,PARKED,0.0,0.0,0.0,3,0.0,2.759,0.0,0.0,0.0,0.0,0.0,0.0,0.0
241.002,apt_walk_3_speckle,PARKED,0.0,0.0,0.0,3,0.0,2.759,0.0,0.0,0.0,0.0,0.0,0.0,0.0
241.136,apt_walk_3_speckle,PARKED,0.0,0.0,0.0,3,0.0,2.759,0.0,0.0,0.0,0.0,0.0,0.0,0.0
241.201,apt_walk_3_speckle,PARKED,0.0,0.0,0.0,3,0.0,2.759,0.0,0.0,0.0,0.0,0.0,0.0,0.0
241.301,apt_walk_3_speckle,PARKED,0.0,0.0,0.0,3,0.0,3.037,0.0,0.0,0.0,0.0,0.0,0.0,0.0
241.433,apt_walk_3_speckle,PARKED,0.0,0.0,0.0,3,0.0,3.158,0.0,0.0,0.0,0.0,0.0,0.0,0.0
241.501,apt_walk_3_speckle,PARKED,0.0,0.0,0.0,3,0.0,3.158,0.0,0.0,0.0,0.0,0.0,0.0,0.0
241.624,apt_walk_3_speckle,PARKED,0.0,0.0,0.0,3,0.0,3.158,0.0,0.0,0.0,0.0,0.0,0.0,0.0
241.726,apt_walk_3_speckle,PARKED,0.0,0.0,0.0,3,0.0,3.274,0.0,0.0,0.0,0.0,0.0,0.0,0.0
241.802,apt_walk_3_speckle,PARKED,0.0,0.0,0.0,4,0.0,3.179,0.0,0.0,0.0,0.0,0.0,0.0,0.0
241.901,apt_walk_3_speckle,PARKED,0.0,0.0,0.0,4,0.0,3.179,0.0,0.0,0.0,0.0,0.0,0.0,0.0
242.018,apt_walk_3_speckle,PARKED,0.0,0.0,0.0,4,0.0,3.179,0.0,0.0,0.0,0.0,0.0,0.0,0.0
242.101,apt_walk_3_speckle,PARKED,0.0,0.0,0.0,4,0.0,3.179,0.0,0.0,0.0,0.0,0.0,0.0,0.0
242.201,apt_walk_3_speckle,PARKED,0.0,0.0,0.0,3,0.0,3.179,0.0,0.0,0.0,0.0,0.0,0.0,0.0
242.326,apt_walk_3_speckle,PARKED,0.0,0.0,0.0,3,0.0,3.72,0.0,0.0,0.0,0.0,0.0,0.0,0.0
242.45,apt_walk_3_speckle,PARKED,0.0,0.0,0.0,3,0.0,3.72,0.0,0.0,0.0,0.0,0.0,0.0,0.0
242.5,apt_walk_3_speckle,PARKED,0.0,0.0,0.0,3,0.0,3.72,0.0,0.0,0.0,0.0,0.0,0.0,0.0
242.62,apt_walk_3_speckle,PARKED,0.0,0.0,0.0,3,0.0,3.72,0.0,0.0,0.0,0.0,0.0,0.0,0.0
242.701,apt_walk_3_speckle,PARKED,0.0,0.0,0.0,4,0.0,3.673,0.0,0.0,0.0,0.0,0.0,0.0,0.0
242.81,apt_walk_3_speckle,PARKED,0.0,0.0,0.0,3,0.0,3.692,0.0,0.0,0.0,0.0,0.0,0.0,0.0
242.902,apt_walk_3_speckle,PARKED,0.0,0.0,0.0,3,0.0,3.692,0.0,0.0,0.0,0.0,0.0,0.0,0.0
243.002,apt_walk_3_speckle,PARKED,0.0,0.0,0.0,3,0.0,3.692,0.0,0.0,0.0,0.0,0.0,0.0,0.0
243.119,apt_walk_3_speckle,PARKED,0.0,0.0,0.0,3,0.0,3.749,0.0,0.0,0.0,0.0,0.0,0.0,0.0
243.243,apt_walk_3_speckle,PARKED,0.0,0.0,0.0,3,0.0,3.639,0.0,0.0,0.0,0.0,0.0,0.0,0.0
243.302,apt_walk_3_speckle,PARKED,0.0,0.0,0.0,3,0.0,3.639,0.0,0.0,0.0,0.0,0.0,0.0,0.0
243.435,apt_walk_3_speckle,PARKED,0.0,0.0,0.0,3,0.0,3.757,0.0,0.0,0.0,0.0,0.0,0.0,0.0
243.501,apt_walk_3_speckle,PARKED,0.0,0.0,0.0,3,0.0,3.757,0.0,0.0,0.0,0.0,0.0,0.0,0.0
243.636,apt_walk_3_speckle,PARKED,0.0,0.0,0.0,3,0.0,3.757,0.0,0.0,0.0,0.0,0.0,0.0,0.0
243.701,apt_walk_3_speckle,PARKED,0.0,0.0,0.0,3,0.0,3.574,0.0,0.0,0.0,0.0,0.0,0.0,0.0
243.801,apt_walk_3_speckle,PARKED,0.0,0.0,0.0,3,0.0,3.574,0.0,0.0,0.0,0.0,0.0,0.0,0.0
243.901,apt_walk_3_speckle,PARKED,0.0,0.0,0.0,3,0.0,3.574,0.0,0.0,0.0,0.0,0.0,0.0,0.0
244.013,apt_walk_3_speckle,PARKED,0.0,0.0,0.0,3,0.0,3.47,0.0,0.0,0.0,0.0,0.0,0.0,0.0
244.15,apt_walk_3_speckle,PARKED,0.0,0.0,0.0,3,0.0,3.197,0.0,0.0,0.0,0.0,0.0,0.0,0.0
244.221,apt_walk_3_speckle,PARKED,0.0,0.0,0.0,3,0.0,3.092,0.0,0.0,0.0,0.0,0.0,0.0,0.0
244.301,apt_walk_3_speckle,PARKED,0.0,0.0,0.0,3,0.0,3.092,0.0,0.0,0.0,0.0,0.0,0.0,0.0
244.401,apt_walk_3_speckle,PARKED,0.0,0.0,0.0,3,0.0,3.092,0.0,0.0,0.0,0.0,0.0,0.0,0.0
244.55,apt_walk_3_speckle,PARKED,0.0,0.0,0.0,3,0.0,2.725,0.0,0.0,0.0,0.0,0.0,0.0,0.0
244.618,apt_walk_3_speckle,PARKED,0.0,0.0,0.0,3,0.0,2.634,0.0,0.0,0.0,0.0,0.0,0.0,0.0
244.701,apt_walk_3_speckle,PARKED,0.0,0.0,0.0,3,0.0,2.634,0.0,0.0,0.0,0.0,0.0,0.0,0.0
244.811,apt_walk_3_speckle,PARKED,0.0,0.0,0.0,3,0.0,2.514,0.0,0.0,0.0,0.0,0.0,0.0,0.0
244.901,apt_walk_3_speckle,PARKED,0.0,0.0,0.0,3,0.0,2.448,0.0,0.0,0.0,0.0,0.0,0.0,0.0
245.001,apt_walk_3_speckle,PARKED,0.0,0.0,0.0,3,0.0,2.448,0.0,0.0,0.0,0.0,0.0,0.0,0.0
245.141,apt_walk_3_speckle,PARKED,0.0,0.0,0.0,3,0.0,2.252,0.0,0.0,0.0,0.0,0.0,0.0,0.0
245.203,apt_walk_3_speckle,PARKED,0.0,0.0,0.0,3,0.0,2.125,0.0,0.0,0.0,0.0,0.0,0.0,0.0
245.35,apt_walk_3_speckle,PARKED,0.0,0.0,0.0,3,0.0,2.125,0.0,0.0,0.0,0.0,0.0,0.0,0.0
245.401,apt_walk_3_speckle,PARKED,0.0,0.0,0.0,3,0.0,2.125,0.0,0.0,0.0,0.0,0.0,0.0,0.0
245.501,apt_walk_3_speckle,PARKED,0.0,0.0,0.0,3,0.0,2.125,0.0,0.0,0.0,0.0,0.0,0.0,0.0
245.637,apt_walk_3_speckle,PARKED,0.0,0.0,0.0,3,0.0,1.888,0.0,0.0,0.0,0.0,0.0,0.0,0.0
245.701,apt_walk_3_speckle,PARKED,0.0,0.0,0.0,3,0.4056,1.775,0.0,0.0,0.0,0.0,0.0,0.0,0.0
245.801,apt_walk_3_speckle,PARKED,0.0,0.0,0.0,3,0.4056,1.775,0.0,0.0,0.0,0.0,0.0,0.0,0.0
245.901,apt_walk_3_speckle,PARKED,0.0,0.0,0.0,3,0.4056,1.775,0.0,0.0,0.0,0.0,0.0,0.0,0.0
246.02,apt_walk_3_speckle,PARKED,0.0,0.0,0.0,3,0.027,1.715,0.0,0.0,0.0,0.0,0.0,0.0,0.0
246.142,apt_walk_3_speckle,PARKED,0.0,0.0,0.0,3,0.3294,1.521,0.0,0.0,0.0,0.0,0.0,0.0,0.0
246.201,apt_walk_3_speckle,PARKED,0.0,0.0,0.0,3,0.3294,1.521,0.0,0.0,0.0,0.0,0.0,0.0,0.0
246.31,apt_walk_3_speckle,PARKED,0.0,0.0,0.0,3,0.013,1.469,0.0,0.0,0.0,0.0,0.0,0.0,0.0
246.418,apt_walk_3_speckle,PARKED,0.0,0.0,0.0,3,0.3504,1.411,0.0,0.0,0.0,0.0,0.0,0.0,0.0
246.501,apt_walk_3_speckle,PARKED,0.0,0.0,0.0,3,0.3504,1.411,0.0,0.0,0.0,0.0,0.0,0.0,0.0
246.627,apt_walk_3_speckle,PARKED,0.0,0.0,0.0,3,0.005,1.45,0.0,0.0,0.0,0.0,0.0,0.0,0.0
246.701,apt_walk_3_speckle,PARKED,0.0,0.0,0.0,3,0.005,1.45,0.0,0.0,0.0,0.0,0.0,0.0,0.0
246.801,apt_walk_3_speckle,PARKED,0.0,0.0,0.0,3,0.005,1.45,0.0,0.0,0.0,0.0,0.0,0.0,0.0
246.931,apt_walk_3_speckle,PARKED,0.0,0.0,0.0,3,0.4443,1.676,0.0,0.0,0.0,0.0,0.0,0.0,0.0
247.009,apt_walk_3_speckle,PARKED,0.0,0.0,0.0,3,0.4443,1.676,0.0,0.0,0.0,0.0,0.0,0.0,0.0
247.102,apt_walk_3_speckle,PARKED,0.0,0.0,0.0,3,0.131,1.816,0.0,0.0,0.0,0.0,0.0,0.0,0.0
247.229,apt_walk_3_speckle,PARKED,0.0,0.0,0.0,3,0.0,1.935,0.0,0.0,0.0,0.0,0.0,0.0,0.0
247.301,apt_walk_3_speckle,PARKED,0.0,0.0,0.0,3,0.0,1.982,0.0,0.0,0.0,0.0,0.0,0.0,0.0
247.414,apt_walk_3_speckle,PARKED,0.0,0.0,0.0,3,0.0,2.161,0.0,0.0,0.0,0.0,0.0,0.0,0.0
247.501,apt_walk_3_speckle,PARKED,0.0,0.0,0.0,3,0.0,2.211,0.0,0.0,0.0,0.0,0.0,0.0,0.0
247.601,apt_walk_3_speckle,PARKED,0.0,0.0,0.0,3,0.0,2.35,0.0,0.0,0.0,0.0,0.0,0.0,0.0
247.701,apt_walk_3_speckle,PARKED,0.0,0.0,0.0,3,0.0,2.35,0.0,0.0,0.0,0.0,0.0,0.0,0.0
247.801,apt_walk_3_speckle,PARKED,0.0,0.0,0.0,3,0.0,2.35,0.0,0.0,0.0,0.0,0.0,0.0,0.0
247.916,apt_walk_3_speckle,PARKED,0.0,0.0,0.0,3,0.0,2.582,0.0,0.0,0.0,0.0,0.0,0.0,0.0
248.047,apt_walk_3_speckle,PARKED,0.0,0.0,0.0,3,0.0,2.731,0.0,0.0,0.0,0.0,0.0,0.0,0.0
248.101,apt_walk_3_speckle,PARKED,0.0,0.0,0.0,3,0.0,2.731,0.0,0.0,0.0,0.0,0.0,0.0,0.0
248.251,apt_walk_3_speckle,PARKED,0.0,0.0,0.0,3,0.0,2.888,0.0,0.0,0.0,0.0,0.0,0.0,0.0
248.301,apt_walk_3_speckle,PARKED,0.0,0.0,0.0,3,0.0,2.888,0.0,0.0,0.0,0.0,0.0,0.0,0.0
248.425,apt_walk_3_speckle,PARKED,0.0,0.0,0.0,3,0.0,3.202,0.0,0.0,0.0,0.0,0.0,0.0,0.0
248.502,apt_walk_3_speckle,PARKED,0.0,0.0,0.0,4,0.0,3.354,0.0,0.0,0.0,0.0,0.0,0.0,0.0
248.601,apt_walk_3_speckle,PARKED,0.0,0.0,0.0,4,0.0,3.354,0.0,0.0,0.0,0.0,0.0,0.0,0.0
248.701,apt_walk_3_speckle,PARKED,0.0,0.0,0.0,4,0.0,3.354,0.0,0.0,0.0,0.0,0.0,0.0,0.0
248.818,apt_walk_3_speckle,PARKED,0.0,0.0,0.0,3,0.0,3.732,0.0,0.0,0.0,0.0,0.0,0.0,0.0
248.901,apt_walk_3_speckle,PARKED,0.0,0.0,0.0,3,0.0,3.732,0.0,0.0,0.0,0.0,0.0,0.0,0.0
249.022,apt_walk_3_speckle,PARKED,0.0,0.0,0.0,4,0.0,3.66,0.0,0.0,0.0,0.0,0.0,0.0,0.0
249.102,apt_walk_3_speckle,PARKED,0.0,0.0,0.0,4,0.0,3.66,0.0,0.0,0.0,0.0,0.0,0.0,0.0
249.202,apt_walk_3_speckle,PARKED,0.0,0.0,0.0,4,0.0,3.681,0.0,0.0,0.0,0.0,0.0,0.0,0.0
249.331,apt_walk_3_speckle,PARKED,0.0,0.0,0.0,4,0.0,3.681,0.0,0.0,0.0,0.0,0.0,0.0,0.0
249.401,apt_walk_3_speckle,PARKED,0.0,0.0,0.0,4,0.0,3.681,0.0,0.0,0.0,0.0,0.0,0.0,0.0
249.543,apt_walk_3_speckle,PARKED,0.0,0.0,0.0,4,0.0,3.681,0.0,0.0,0.0,0.0,0.0,0.0,0.0
249.601,apt_walk_3_speckle,PARKED,0.0,0.0,0.0,4,0.0,3.681,0.0,0.0,0.0,0.0,0.0,0.0,0.0
249.702,apt_walk_3_speckle,PARKED,0.0,0.0,0.0,4,0.0,3.681,0.0,0.0,0.0,0.0,0.0,0.0,0.0
249.802,apt_walk_3_speckle,PARKED,0.0,0.0,0.0,4,0.0,3.738,0.0,0.0,0.0,0.0,0.0,0.0,0.0
249.901,apt_walk_3_speckle,PARKED,0.0,0.0,0.0,4,0.0,3.738,0.0,0.0,0.0,0.0,0.0,0.0,0.0
250.001,apt_walk_3_speckle,PARKED,0.0,0.0,0.0,4,0.0,3.738,0.0,0.0,0.0,0.0,0.0,0.0,0.0
250.101,apt_walk_3_speckle,PARKED,0.0,0.0,0.0,4,0.0,3.712,0.0,0.0,0.0,0.0,0.0,0.0,0.0
250.247,apt_walk_3_speckle,PARKED,0.0,0.0,0.0,4,0.0,3.703,0.0,0.0,0.0,0.0,0.0,0.0,0.0
250.301,apt_walk_3_speckle,PARKED,0.0,0.0,0.0,4,0.0,3.703,0.0,0.0,0.0,0.0,0.0,0.0,0.0
250.401,apt_walk_3_speckle,PARKED,0.0,0.0,0.0,4,0.0,3.705,0.0,0.0,0.0,0.0,0.0,0.0,0.0
250.502,apt_walk_3_speckle,PARKED,0.0,0.0,0.0,4,0.0,3.705,0.0,0.0,0.0,0.0,0.0,0.0,0.0
250.65,apt_walk_3_speckle,PARKED,0.0,0.0,0.0,3,0.0,3.746,0.0,0.0,0.0,0.0,0.0,0.0,0.0
250.701,apt_walk_3_speckle,PARKED,0.0,0.0,0.0,3,0.0,3.746,0.0,0.0,0.0,0.0,0.0,0.0,0.0
250.801,apt_walk_3_speckle,PARKED,0.0,0.0,0.0,3,0.0,3.68,0.0,0.0,0.0,0.0,0.0,0.0,0.0
250.901,apt_walk_3_speckle,PARKED,0.0,0.0,0.0,3,0.0,3.679,0.0,0.0,0.0,0.0,0.0,0.0,0.0
251.001,apt_walk_3_speckle,PARKED,0.0,0.0,0.0,3,0.0,3.679,0.0,0.0,0.0,0.0,0.0,0.0,0.0
251.101,apt_walk_3_speckle,PARKED,0.0,0.0,0.0,3,0.0,3.679,0.0,0.0,0.0,0.0,0.0,0.0,0.0
251.201,apt_walk_3_speckle,PARKED,0.0,0.0,0.0,3,0.0,3.679,0.0,0.0,0.0,0.0,0.0,0.0,0.0
251.334,apt_walk_3_speckle,PARKED,0.0,0.0,0.0,3,0.0,3.583,0.0,0.0,0.0,0.0,0.0,0.0,0.0
251.401,apt_walk_3_speckle,PARKED,0.0,0.0,0.0,3,0.0,3.583,0.0,0.0,0.0,0.0,0.0,0.0,0.0
251.527,apt_walk_3_speckle,PARKED,0.0,0.0,0.0,3,0.0,3.553,0.0,0.0,0.0,0.0,0.0,0.0,0.0
251.643,apt_walk_3_speckle,PARKED,0.0,0.0,0.0,3,0.0,2.928,0.0,0.0,0.0,0.0,0.0,0.0,0.0
251.704,apt_walk_3_speckle,PARKED,0.0,0.0,0.0,3,0.0,2.928,0.0,0.0,0.0,0.0,0.0,0.0,0.0
251.8,apt_walk_3_speckle,PARKED,0.0,0.0,0.0,3,0.0,2.928,0.0,0.0,0.0,0.0,0.0,0.0,0.0
251.901,apt_walk_3_speckle,PARKED,0.0,0.0,0.0,3,0.0,2.928,0.0,0.0,0.0,0.0,0.0,0.0,0.0
252.001,apt_walk_3_speckle,PARKED,0.0,0.0,0.0,3,0.0,2.928,0.0,0.0,0.0,0.0,0.0,0.0,0.0
252.101,apt_walk_3_speckle,PARKED,0.0,0.0,0.0,3,0.0,2.928,0.0,0.0,0.0,0.0,0.0,0.0,0.0
252.201,apt_walk_3_speckle,PARKED,0.0,0.0,0.0,3,0.0,2.286,0.0,0.0,0.0,0.0,0.0,0.0,0.0
252.308,apt_walk_3_speckle,PARKED,0.0,0.0,0.0,3,0.0,2.179,0.0,0.0,0.0,0.0,0.0,0.0,0.0
252.401,apt_walk_3_speckle,PARKED,0.0,0.0,0.0,3,0.0,2.111,0.0,0.0,0.0,0.0,0.0,0.0,0.0
252.501,apt_walk_3_speckle,PARKED,0.0,0.0,0.0,3,0.0,2.111,0.0,0.0,0.0,0.0,0.0,0.0,0.0
252.613,apt_walk_3_speckle,PARKED,0.0,0.0,0.0,4,0.0,2.04,0.0,0.0,0.0,0.0,0.0,0.0,0.0
252.701,apt_walk_3_speckle,PARKED,0.0,0.0,0.0,4,0.0,2.04,0.0,0.0,0.0,0.0,0.0,0.0,0.0
252.809,apt_walk_3_speckle,PARKED,0.0,0.0,0.0,4,0.0,2.04,0.0,0.0,0.0,0.0,0.0,0.0,0.0
252.901,apt_walk_3_speckle,PARKED,0.0,0.0,0.0,4,0.0,2.04,0.0,0.0,0.0,0.0,0.0,0.0,0.0
253.001,apt_walk_3_speckle,PARKED,0.0,0.0,0.0,4,0.0,2.04,0.0,0.0,0.0,0.0,0.0,0.0,0.0
253.148,apt_walk_3_speckle,PARKED,0.0,0.0,0.0,3,0.4214,1.514,0.0,0.0,0.0,0.0,0.0,0.0,0.0
253.229,apt_walk_3_speckle,PARKED,0.0,0.0,0.0,3,0.028,1.465,0.0,0.0,0.0,0.0,0.0,0.0,0.0
253.301,apt_walk_3_speckle,PARKED,0.0,0.0,0.0,3,0.028,1.465,0.0,0.0,0.0,0.0,0.0,0.0,0.0
253.401,apt_walk_3_speckle,PARKED,0.0,0.0,0.0,3,0.028,1.465,0.0,0.0,0.0,0.0,0.0,0.0,0.0
253.501,apt_walk_3_speckle,PARKED,0.0,0.0,0.0,3,0.1424,1.441,0.0,0.0,0.0,0.0,0.0,0.0,0.0
253.601,apt_walk_3_speckle,PARKED,0.0,0.0,0.0,3,0.3666,1.447,0.0,0.0,0.0,0.0,0.0,0.0,0.0
253.74,apt_walk_3_speckle,PARKED,0.0,0.0,0.0,3,0.1482,1.461,0.0,0.0,0.0,0.0,0.0,0.0,0.0
253.801,apt_walk_3_speckle,PARKED,0.0,0.0,0.0,3,0.1482,1.461,0.0,0.0,0.0,0.0,0.0,0.0,0.0
253.901,apt_walk_3_speckle,PARKED,0.0,0.0,0.0,3,0.1482,1.461,0.0,0.0,0.0,0.0,0.0,0.0,0.0
254.001,apt_walk_3_speckle,PARKED,0.0,0.0,0.0,3,0.1482,1.461,0.0,0.0,0.0,0.0,0.0,0.0,0.0
254.122,apt_walk_3_speckle,PARKED,0.0,0.0,0.0,3,0.7907,1.738,0.0,0.0,0.0,0.0,0.0,0.0,0.0
254.243,apt_walk_3_speckle,PARKED,0.0,0.0,0.0,3,0.432,1.835,0.0,0.0,0.0,0.0,0.0,0.0,0.0
254.301,apt_walk_3_speckle,PARKED,0.0,0.0,0.0,3,0.432,1.835,0.0,0.0,0.0,0.0,0.0,0.0,0.0
254.433,apt_walk_3_speckle,PARKED,0.0,0.0,0.0,3,0.0,2.037,0.0,0.0,0.0,0.0,0.0,0.0,0.0
254.526,apt_walk_3_speckle,PARKED,0.0,0.0,0.0,3,0.0,2.037,0.0,0.0,0.0,0.0,0.0,0.0,0.0
254.601,apt_walk_3_speckle,PARKED,0.0,0.0,0.0,3,0.0,2.088,0.0,0.0,0.0,0.0,0.0,0.0,0.0
254.701,apt_walk_3_speckle,PARKED,0.0,0.0,0.0,3,0.0,2.245,0.0,0.0,0.0,0.0,0.0,0.0,0.0
254.817,apt_walk_3_speckle,PARKED,0.0,0.0,0.0,3,0.0,2.245,0.0,0.0,0.0,0.0,0.0,0.0,0.0
254.902,apt_walk_3_speckle,PARKED,0.0,0.0,0.0,3,0.0,2.365,0.0,0.0,0.0,0.0,0.0,0.0,0.0
255.001,apt_walk_3_speckle,PARKED,0.0,0.0,0.0,3,0.0,2.365,0.0,0.0,0.0,0.0,0.0,0.0,0.0
255.12,apt_walk_3_speckle,PARKED,0.0,0.0,0.0,3,0.0,2.64,0.0,0.0,0.0,0.0,0.0,0.0,0.0
255.202,apt_walk_3_speckle,PARKED,0.0,0.0,0.0,3,0.0,2.792,0.0,0.0,0.0,0.0,0.0,0.0,0.0
255.326,apt_walk_3_speckle,PARKED,0.0,0.0,0.0,3,0.0,2.906,0.0,0.0,0.0,0.0,0.0,0.0,0.0
255.402,apt_walk_3_speckle,PARKED,0.0,0.0,0.0,3,0.0,2.867,0.0,0.0,0.0,0.0,0.0,0.0,0.0
255.501,apt_walk_3_speckle,PARKED,0.0,0.0,0.0,3,0.0,2.867,0.0,0.0,0.0,0.0,0.0,0.0,0.0
255.617,apt_walk_3_speckle,PARKED,0.0,0.0,0.0,3,0.0,2.867,0.0,0.0,0.0,0.0,0.0,0.0,0.0
255.701,apt_walk_3_speckle,PARKED,0.0,0.0,0.0,3,0.0,2.867,0.0,0.0,0.0,0.0,0.0,0.0,0.0
255.811,apt_walk_3_speckle,PARKED,0.0,0.0,0.0,3,0.0,2.867,0.0,0.0,0.0,0.0,0.0,0.0,0.0
255.901,apt_walk_3_speckle,PARKED,0.0,0.0,0.0,3,0.0,2.867,0.0,0.0,0.0,0.0,0.0,0.0,0.0
256.001,apt_walk_3_speckle,PARKED,0.0,0.0,0.0,4,0.0,3.294,0.0,0.0,0.0,0.0,0.0,0.0,0.0
256.101,apt_walk_3_speckle,PARKED,0.0,0.0,0.0,4,0.0,3.294,0.0,0.0,0.0,0.0,0.0,0.0,0.0
256.201,apt_walk_3_speckle,PARKED,0.0,0.0,0.0,3,0.0,3.605,0.0,0.0,0.0,0.0,0.0,0.0,0.0
256.316,apt_walk_3_speckle,PARKED,0.0,0.0,0.0,3,0.0,3.605,0.0,0.0,0.0,0.0,0.0,0.0,0.0
256.401,apt_walk_3_speckle,PARKED,0.0,0.0,0.0,3,0.0,3.605,0.0,0.0,0.0,0.0,0.0,0.0,0.0
256.544,apt_walk_3_speckle,PARKED,0.0,0.0,0.0,3,0.0,3.662,0.0,0.0,0.0,0.0,0.0,0.0,0.0
256.621,apt_walk_3_speckle,PARKED,0.0,0.0,0.0,3,0.0,3.705,0.0,0.0,0.0,0.0,0.0,0.0,0.0
256.739,apt_walk_3_speckle,PARKED,0.0,0.0,0.0,4,0.0,3.751,0.0,0.0,0.0,0.0,0.0,0.0,0.0
256.802,apt_walk_3_speckle,PARKED,0.0,0.0,0.0,4,0.0,3.751,0.0,0.0,0.0,0.0,0.0,0.0,0.0
256.901,apt_walk_3_speckle,PARKED,0.0,0.0,0.0,4,0.0,3.751,0.0,0.0,0.0,0.0,0.0,0.0,0.0
257.001,apt_walk_3_speckle,PARKED,0.0,0.0,0.0,3,0.0,3.649,0.0,0.0,0.0,0.0,0.0,0.0,0.0
257.101,apt_walk_3_speckle,PARKED,0.0,0.0,0.0,3,0.0,3.649,0.0,0.0,0.0,0.0,0.0,0.0,0.0
257.201,apt_walk_3_speckle,PARKED,0.0,0.0,0.0,3,0.0,3.685,0.0,0.0,0.0,0.0,0.0,0.0,0.0
257.301,apt_walk_3_speckle,PARKED,0.0,0.0,0.0,3,0.0,3.685,0.0,0.0,0.0,0.0,0.0,0.0,0.0
257.443,apt_walk_3_speckle,PARKED,0.0,0.0,0.0,4,0.0,3.642,0.0,0.0,0.0,0.0,0.0,0.0,0.0
257.501,apt_walk_3_speckle,PARKED,0.0,0.0,0.0,4,0.0,3.642,0.0,0.0,0.0,0.0,0.0,0.0,0.0
257.601,apt_walk_3_speckle,PARKED,0.0,0.0,0.0,4,0.0,3.642,0.0,0.0,0.0,0.0,0.0,0.0,0.0
257.73,apt_walk_3_speckle,PARKED,0.0,0.0,0.0,4,0.0,3.644,0.0,0.0,0.0,0.0,0.0,0.0,0.0
257.801,apt_walk_3_speckle,PARKED,0.0,0.0,0.0,4,0.0,3.644,0.0,0.0,0.0,0.0,0.0,0.0,0.0
257.902,apt_walk_3_speckle,PARKED,0.0,0.0,0.0,4,0.0,3.651,0.0,0.0,0.0,0.0,0.0,0.0,0.0
258.001,apt_walk_3_speckle,PARKED,0.0,0.0,0.0,4,0.0,3.651,0.0,0.0,0.0,0.0,0.0,0.0,0.0
258.101,apt_walk_3_speckle,PARKED,0.0,0.0,0.0,4,0.0,3.568,0.0,0.0,0.0,0.0,0.0,0.0,0.0
258.201,apt_walk_3_speckle,PARKED,0.0,0.0,0.0,4,0.0,3.568,0.0,0.0,0.0,0.0,0.0,0.0,0.0
258.332,apt_walk_3_speckle,PARKED,0.0,0.0,0.0,4,0.0,3.188,0.0,0.0,0.0,0.0,0.0,0.0,0.0
258.401,apt_walk_3_speckle,PARKED,0.0,0.0,0.0,4,0.0,3.188,0.0,0.0,0.0,0.0,0.0,0.0,0.0
258.501,apt_walk_3_speckle,PARKED,0.0,0.0,0.0,4,0.0,3.035,0.0,0.0,0.0,0.0,0.0,0.0,0.0
258.618,apt_walk_3_speckle,PARKED,0.0,0.0,0.0,4,0.0,3.035,0.0,0.0,0.0,0.0,0.0,0.0,0.0
258.702,apt_walk_3_speckle,PARKED,0.0,0.0,0.0,4,0.0,2.884,0.0,0.0,0.0,0.0,0.0,0.0,0.0
258.801,apt_walk_3_speckle,PARKED,0.0,0.0,0.0,4,0.0,2.884,0.0,0.0,0.0,0.0,0.0,0.0,0.0
258.935,apt_walk_3_speckle,PARKED,0.0,0.0,0.0,4,0.0,2.617,0.0,0.0,0.0,0.0,0.0,0.0,0.0
259.006,apt_walk_3_speckle,PARKED,0.0,0.0,0.0,4,0.0,2.47,0.0,0.0,0.0,0.0,0.0,0.0,0.0
259.144,apt_walk_3_speckle,PARKED,0.0,0.0,0.0,4,0.0,2.169,0.0,0.0,0.0,0.0,0.0,0.0,0.0
259.201,apt_walk_3_speckle,PARKED,0.0,0.0,0.0,4,0.0,2.169,0.0,0.0,0.0,0.0,0.0,0.0,0.0
259.301,apt_walk_3_speckle,PARKED,0.0,0.0,0.0,4,0.0,2.169,0.0,0.0,0.0,0.0,0.0,0.0,0.0
259.4,apt_walk_3_speckle,PARKED,0.0,0.0,0.0,4,0.0,1.863,0.0,0.0,0.0,0.0,0.0,0.0,0.0
259.509,apt_walk_3_speckle,PARKED,0.0,0.0,0.0,4,0.0,1.863,0.0,0.0,0.0,0.0,0.0,0.0,0.0
259.601,apt_walk_3_speckle,PARKED,0.0,0.0,0.0,4,0.3,1.753,0.0,0.0,0.0,0.0,0.0,0.0,0.0
259.701,apt_walk_3_speckle,PARKED,0.0,0.0,0.0,4,0.3,1.753,0.0,0.0,0.0,0.0,0.0,0.0,0.0
259.801,apt_walk_3_speckle,PARKED,0.0,0.0,0.0,4,0.6686,1.665,0.0,0.0,0.0,0.0,0.0,0.0,0.0
259.902,apt_walk_3_speckle,PARKED,0.0,0.0,0.0,4,0.3169,1.613,0.0,0.0,0.0,0.0,0.0,0.0,0.0
260.01,apt_walk_3_speckle,PARKED,0.0,0.0,0.0,4,0.6,1.524,0.0,0.0,0.0,0.0,0.0,0.0,0.0
260.101,apt_walk_3_speckle,PARKED,0.0,0.0,0.0,4,0.3007,1.479,0.0,0.0,0.0,0.0,0.0,0.0,0.0
260.248,apt_walk_3_speckle,PARKED,0.0,0.0,0.0,3,0.163,1.459,0.0,0.0,0.0,0.0,0.0,0.0,0.0
260.302,apt_walk_3_speckle,PARKED,0.0,0.0,0.0,3,0.163,1.459,0.0,0.0,0.0,0.0,0.0,0.0,0.0
260.418,apt_walk_3_speckle,PARKED,0.0,0.0,0.0,4,0.3501,1.405,0.0,0.0,0.0,0.0,0.0,0.0,0.0
260.501,apt_walk_3_speckle,PARKED,0.0,0.0,0.0,4,0.3501,1.405,0.0,0.0,0.0,0.0,0.0,0.0,0.0
260.601,apt_walk_3_speckle,PARKED,0.0,0.0,0.0,4,0.1718,1.408,0.0,0.0,0.0,0.0,0.0,0.0,0.0
260.702,apt_walk_3_speckle,PARKED,0.0,0.0,0.0,4,0.1718,1.408,0.0,0.0,0.0,0.0,0.0,0.0,0.0
260.801,apt_walk_3_speckle,PARKED,0.0,0.0,0.0,4,0.1718,1.408,0.0,0.0,0.0,0.0,0.0,0.0,0.0
260.901,apt_walk_3_speckle,PARKED,0.0,0.0,0.0,4,0.6505,1.673,0.0,0.0,0.0,0.0,0.0,0.0,0.0
261.001,apt_walk_3_speckle,PARKED,0.0,0.0,0.0,4,0.6505,1.673,0.0,0.0,0.0,0.0,0.0,0.0,0.0
261.101,apt_walk_3_speckle,PARKED,0.0,0.0,0.0,4,0.6505,1.673,0.0,0.0,0.0,0.0,0.0,0.0,0.0
261.201,apt_walk_3_speckle,PARKED,0.0,0.0,0.0,3,0.348,1.812,0.0,0.0,0.0,0.0,0.0,0.0,0.0
261.341,apt_walk_3_speckle,PARKED,0.0,0.0,0.0,3,0.0,2.138,0.0,0.0,0.0,0.0,0.0,0.0,0.0
261.401,apt_walk_3_speckle,PARKED,0.0,0.0,0.0,3,0.0,2.138,0.0,0.0,0.0,0.0,0.0,0.0,0.0
261.501,apt_walk_3_speckle,PARKED,0.0,0.0,0.0,3,0.0,2.138,0.0,0.0,0.0,0.0,0.0,0.0,0.0
261.601,apt_walk_3_speckle,PARKED,0.0,0.0,0.0,3,0.0,2.225,0.0,0.0,0.0,0.0,0.0,0.0,0.0
261.715,apt_walk_3_speckle,PARKED,0.0,0.0,0.0,3,0.0,2.343,0.0,0.0,0.0,0.0,0.0,0.0,0.0
261.801,apt_walk_3_speckle,PARKED,0.0,0.0,0.0,3,0.0,2.52,0.0,0.0,0.0,0.0,0.0,0.0,0.0
261.934,apt_walk_3_speckle,PARKED,0.0,0.0,0.0,4,0.0,2.778,0.0,0.0,0.0,0.0,0.0,0.0,0.0
262.05,apt_walk_3_speckle,PARKED,0.0,0.0,0.0,4,0.0,2.778,0.0,0.0,0.0,0.0,0.0,0.0,0.0
262.101,apt_walk_3_speckle,PARKED,0.0,0.0,0.0,4,0.0,2.778,0.0,0.0,0.0,0.0,0.0,0.0,0.0
262.209,apt_walk_3_speckle,PARKED,0.0,0.0,0.0,4,0.0,2.92,0.0,0.0,0.0,0.0,0.0,0.0,0.0
262.301,apt_walk_3_speckle,PARKED,0.0,0.0,0.0,5,0.0,3.256,0.0,0.0,0.0,0.0,0.0,0.0,0.0
262.401,apt_walk_3_speckle,PARKED,0.0,0.0,0.0,5,0.0,3.256,0.0,0.0,0.0,0.0,0.0,0.0,0.0
262.501,apt_walk_3_speckle,PARKED,0.0,0.0,0.0,5,0.0,3.256,0.0,0.0,0.0,0.0,0.0,0.0,0.0
262.601,apt_walk_3_speckle,PARKED,0.0,0.0,0.0,5,0.0,3.359,0.0,0.0,0.0,0.0,0.0,0.0,0.0
262.701,apt_walk_3_speckle,PARKED,0.0,0.0,0.0,5,0.0,3.359,0.0,0.0,0.0,0.0,0.0,0.0,0.0
262.813,apt_walk_3_speckle,PARKED,0.0,0.0,0.0,4,0.0,3.351,0.0,0.0,0.0,0.0,0.0,0.0,0.0
262.901,apt_walk_3_speckle,PARKED,0.0,0.0,0.0,4,0.0,3.555,0.0,0.0,0.0,0.0,0.0,0.0,0.0
263.001,apt_walk_3_speckle,PARKED,0.0,0.0,0.0,4,0.0,3.555,0.0,0.0,0.0,0.0,0.0,0.0,0.0
263.102,apt_walk_3_speckle,PARKED,0.0,0.0,0.0,4,0.0,3.555,0.0,0.0,0.0,0.0,0.0,0.0,0.0
263.201,apt_walk_3_speckle,PARKED,0.0,0.0,0.0,4,0.0,3.555,0.0,0.0,0.0,0.0,0.0,0.0,0.0
263.301,apt_walk_3_speckle,PARKED,0.0,0.0,0.0,4,0.0,3.555,0.0,0.0,0.0,0.0,0.0,0.0,0.0
263.422,apt_walk_3_speckle,PARKED,0.0,0.0,0.0,4,0.0,3.729,0.0,0.0,0.0,0.0,0.0,0.0,0.0
263.501,apt_walk_3_speckle,PARKED,0.0,0.0,0.0,4,0.0,3.729,0.0,0.0,0.0,0.0,0.0,0.0,0.0
263.601,apt_walk_3_speckle,PARKED,0.0,0.0,0.0,4,0.0,3.729,0.0,0.0,0.0,0.0,0.0,0.0,0.0
263.701,apt_walk_3_speckle,PARKED,0.0,0.0,0.0,4,0.0,3.729,0.0,0.0,0.0,0.0,0.0,0.0,0.0
263.801,apt_walk_3_speckle,PARKED,0.0,0.0,0.0,4,0.0,3.729,0.0,0.0,0.0,0.0,0.0,0.0,0.0
263.95,apt_walk_3_speckle,PARKED,0.0,0.0,0.0,5,0.0,3.681,0.0,0.0,0.0,0.0,0.0,0.0,0.0
264.001,apt_walk_3_speckle,PARKED,0.0,0.0,0.0,5,0.0,3.681,0.0,0.0,0.0,0.0,0.0,0.0,0.0
264.118,apt_walk_3_speckle,PARKED,0.0,0.0,0.0,5,0.0,3.681,0.0,0.0,0.0,0.0,0.0,0.0,0.0
264.241,apt_walk_3_speckle,PARKED,0.0,0.0,0.0,5,0.0,3.718,0.0,0.0,0.0,0.0,0.0,0.0,0.0
264.302,apt_walk_3_speckle,PARKED,0.0,0.0,0.0,5,0.0,3.718,0.0,0.0,0.0,0.0,0.0,0.0,0.0
264.401,apt_walk_3_speckle,PARKED,0.0,0.0,0.0,5,0.0,3.728,0.0,0.0,0.0,0.0,0.0,0.0,0.0
264.501,apt_walk_3_speckle,PARKED,0.0,0.0,0.0,5,0.0,3.69,0.0,0.0,0.0,0.0,0.0,0.0,0.0
264.604,apt_walk_3_speckle,PARKED,0.0,0.0,0.0,4,0.0,3.69,0.0,0.0,0.0,0.0,0.0,0.0,0.0
264.701,apt_walk_3_speckle,PARKED,0.0,0.0,0.0,4,0.0,3.69,0.0,0.0,0.0,0.0,0.0,0.0,0.0
264.847,apt_walk_3_speckle,PARKED,0.0,0.0,0.0,4,0.0,3.646,0.0,0.0,0.0,0.0,0.0,0.0,0.0
264.908,apt_walk_3_speckle,PARKED,0.0,0.0,0.0,4,0.0,3.531,0.0,0.0,0.0,0.0,0.0,0.0,0.0
265.001,apt_walk_3_speckle,PARKED,0.0,0.0,0.0,4,0.0,3.49,0.0,0.0,0.0,0.0,0.0,0.0,0.0
265.101,apt_walk_3_speckle,PARKED,0.0,0.0,0.0,4,0.0,3.369,0.0,0.0,0.0,0.0,0.0,0.0,0.0
265.224,apt_walk_3_speckle,PARKED,0.0,0.0,0.0,4,0.0,3.295,0.0,0.0,0.0,0.0,0.0,0.0,0.0
265.301,apt_walk_3_speckle,PARKED,0.0,0.0,0.0,4,0.0,3.295,0.0,0.0,0.0,0.0,0.0,0.0,0.0
265.426,apt_walk_3_speckle,PARKED,0.0,0.0,0.0,4,0.0,3.088,0.0,0.0,0.0,0.0,0.0,0.0,0.0
265.501,apt_walk_3_speckle,PARKED,0.0,0.0,0.0,4,0.0,3.088,0.0,0.0,0.0,0.0,0.0,0.0,0.0
265.601,apt_walk_3_speckle,PARKED,0.0,0.0,0.0,4,0.0,3.088,0.0,0.0,0.0,0.0,0.0,0.0,0.0
265.701,apt_walk_3_speckle,PARKED,0.0,0.0,0.0,4,0.0,3.088,0.0,0.0,0.0,0.0,0.0,0.0,0.0
265.801,apt_walk_3_speckle,PARKED,0.0,0.0,0.0,4,0.0,3.088,0.0,0.0,0.0,0.0,0.0,0.0,0.0
265.922,apt_walk_3_speckle,PARKED,0.0,0.0,0.0,3,0.0,2.557,0.0,0.0,0.0,0.0,0.0,0.0,0.0
266.001,apt_walk_3_speckle,PARKED,0.0,0.0,0.0,3,0.0,2.439,0.0,0.0,0.0,0.0,0.0,0.0,0.0
266.101,apt_walk_3_speckle,PARKED,0.0,0.0,0.0,3,0.0,2.439,0.0,0.0,0.0,0.0,0.0,0.0,0.0
266.201,apt_walk_3_speckle,PARKED,0.0,0.0,0.0,3,0.0,2.439,0.0,0.0,0.0,0.0,0.0,0.0,0.0
266.312,apt_walk_3_speckle,PARKED,0.0,0.0,0.0,3,0.0,2.211,0.0,0.0,0.0,0.0,0.0,0.0,0.0
266.401,apt_walk_3_speckle,PARKED,0.0,0.0,0.0,3,0.0,2.065,0.0,0.0,0.0,0.0,0.0,0.0,0.0
266.501,apt_walk_3_speckle,PARKED,0.0,0.0,0.0,3,0.0,1.943,0.0,0.0,0.0,0.0,0.0,0.0,0.0
266.601,apt_walk_3_speckle,PARKED,0.0,0.0,0.0,3,0.0,1.943,0.0,0.0,0.0,0.0,0.0,0.0,0.0
266.701,apt_walk_3_speckle,PARKED,0.0,0.0,0.0,3,0.0,1.943,0.0,0.0,0.0,0.0,0.0,0.0,0.0
266.823,apt_walk_3_speckle,PARKED,0.0,0.0,0.0,3,0.3611,1.728,0.0,0.0,0.0,0.0,0.0,0.0,0.0
266.902,apt_walk_3_speckle,PARKED,0.0,0.0,0.0,3,0.5401,1.626,0.0,0.0,0.0,0.0,0.0,0.0,0.0
267.002,apt_walk_3_speckle,PARKED,0.0,0.0,0.0,3,0.5401,1.626,0.0,0.0,0.0,0.0,0.0,0.0,0.0
267.101,apt_walk_3_speckle,PARKED,0.0,0.0,0.0,3,0.5401,1.626,0.0,0.0,0.0,0.0,0.0,0.0,0.0
267.216,apt_walk_3_speckle,PARKED,0.0,0.0,0.0,3,0.3062,1.716,0.0,0.0,0.0,0.0,0.0,0.0,0.0
267.316,apt_walk_3_speckle,PARKED,0.0,0.0,0.0,3,0.3062,1.716,0.0,0.0,0.0,0.0,0.0,0.0,0.0
267.401,apt_walk_3_speckle,PARKED,0.0,0.0,0.0,3,0.5401,1.518,0.0,0.0,0.0,0.0,0.0,0.0,0.0
267.501,apt_walk_3_speckle,PARKED,0.0,0.0,0.0,3,0.3062,1.454,0.0,0.0,0.0,0.0,0.0,0.0,0.0
267.601,apt_walk_3_speckle,PARKED,0.0,0.0,0.0,3,0.3062,1.454,0.0,0.0,0.0,0.0,0.0,0.0,0.0
267.701,apt_walk_3_speckle,PARKED,0.0,0.0,0.0,3,0.1207,1.436,0.0,0.0,0.0,0.0,0.0,0.0,0.0
267.801,apt_walk_3_speckle,PARKED,0.0,0.0,0.0,3,0.1207,1.436,0.0,0.0,0.0,0.0,0.0,0.0,0.0
267.919,apt_walk_3_speckle,PARKED,0.0,0.0,0.0,3,0.6309,1.554,0.0,0.0,0.0,0.0,0.0,0.0,0.0
268.001,apt_walk_3_speckle,PARKED,0.0,0.0,0.0,3,0.6309,1.554,0.0,0.0,0.0,0.0,0.0,0.0,0.0
268.101,apt_walk_3_speckle,PARKED,0.0,0.0,0.0,3,0.6309,1.554,0.0,0.0,0.0,0.0,0.0,0.0,0.0
268.201,apt_walk_3_speckle,PARKED,0.0,0.0,0.0,3,0.6309,1.554,0.0,0.0,0.0,0.0,0.0,0.0,0.0
268.301,apt_walk_3_speckle,PARKED,0.0,0.0,0.0,3,0.6309,1.554,0.0,0.0,0.0,0.0,0.0,0.0,0.0
268.401,apt_walk_3_speckle,PARKED,0.0,0.0,0.0,3,0.6309,1.554,0.0,0.0,0.0,0.0,0.0,0.0,0.0
268.501,apt_walk_3_speckle,PARKED,0.0,0.0,0.0,3,0.6309,1.554,0.0,0.0,0.0,0.0,0.0,0.0,0.0
268.601,apt_walk_3_speckle,PARKED,0.0,0.0,0.0,3,0.7804,1.648,0.0,0.0,0.0,0.0,0.0,0.0,0.0
268.701,apt_walk_3_speckle,PARKED,0.0,0.0,0.0,3,0.4611,1.689,0.0,0.0,0.0,0.0,0.0,0.0,0.0
268.801,apt_walk_3_speckle,PARKED,0.0,0.0,0.0,3,0.4611,1.689,0.0,0.0,0.0,0.0,0.0,0.0,0.0
268.901,apt_walk_3_speckle,PARKED,0.0,0.0,0.0,3,0.0,2.436,0.0,0.0,0.0,0.0,0.0,0.0,0.0
269.002,apt_walk_3_speckle,PARKED,0.0,0.0,0.0,3,0.0,2.436,0.0,0.0,0.0,0.0,0.0,0.0,0.0
269.122,apt_walk_3_speckle,PARKED,0.0,0.0,0.0,3,0.0,2.557,0.0,0.0,0.0,0.0,0.0,0.0,0.0
269.227,apt_walk_3_speckle,PARKED,0.0,0.0,0.0,3,0.0,2.713,0.0,0.0,0.0,0.0,0.0,0.0,0.0
269.308,apt_walk_3_speckle,PARKED,0.0,0.0,0.0,3,0.0,2.962,0.0,0.0,0.0,0.0,0.0,0.0,0.0
269.401,apt_walk_3_speckle,PARKED,0.0,0.0,0.0,3,0.0,2.962,0.0,0.0,0.0,0.0,0.0,0.0,0.0
269.501,apt_walk_3_speckle,PARKED,0.0,0.0,0.0,3,0.0,2.962,0.0,0.0,0.0,0.0,0.0,0.0,0.0
269.625,apt_walk_3_speckle,PARKED,0.0,0.0,0.0,3,0.0,3.064,0.0,0.0,0.0,0.0,0.0,0.0,0.0
269.701,apt_walk_3_speckle,PARKED,0.0,0.0,0.0,3,0.0,3.064,0.0,0.0,0.0,0.0,0.0,0.0,0.0
269.806,apt_walk_3_speckle,PARKED,0.0,0.0,0.0,3,0.0,3.33,0.0,0.0,0.0,0.0,0.0,0.0,0.0
269.901,apt_walk_3_speckle,PARKED,0.0,0.0,0.0,3,0.0,3.33,0.0,0.0,0.0,0.0,0.0,0.0,0.0
270.001,apt_walk_3_speckle,PARKED,0.0,0.0,0.0,3,0.0,3.33,0.0,0.0,0.0,0.0,0.0,0.0,0.0
270.101,apt_walk_3_speckle,PARKED,0.0,0.0,0.0,3,0.0,3.33,0.0,0.0,0.0,0.0,0.0,0.0,0.0
270.202,apt_walk_3_speckle,PARKED,0.0,0.0,0.0,3,0.0,3.33,0.0,0.0,0.0,0.0,0.0,0.0,0.0
270.349,apt_walk_3_speckle,PARKED,0.0,0.0,0.0,3,0.0,3.685,0.0,0.0,0.0,0.0,0.0,0.0,0.0
270.432,apt_walk_3_speckle,PARKED,0.0,0.0,0.0,3,0.0,3.69,0.0,0.0,0.0,0.0,0.0,0.0,0.0
270.507,apt_walk_3_speckle,PARKED,0.0,0.0,0.0,3,0.0,3.69,0.0,0.0,0.0,0.0,0.0,0.0,0.0
270.601,apt_walk_3_speckle,PARKED,0.0,0.0,0.0,3,0.0,3.69,0.0,0.0,0.0,0.0,0.0,0.0,0.0
270.701,apt_walk_3_speckle,PARKED,0.0,0.0,0.0,3,0.0,3.69,0.0,0.0,0.0,0.0,0.0,0.0,0.0
270.822,apt_walk_3_speckle,PARKED,0.0,0.0,0.0,3,0.0,3.785,0.0,0.0,0.0,0.0,0.0,0.0,0.0
270.941,apt_walk_3_speckle,PARKED,0.0,0.0,0.0,3,0.0,3.747,0.0,0.0,0.0,0.0,0.0,0.0,0.0
271.002,apt_walk_3_speckle,PARKED,0.0,0.0,0.0,3,0.0,3.747,0.0,0.0,0.0,0.0,0.0,0.0,0.0
271.101,apt_walk_3_speckle,PARKED,0.0,0.0,0.0,4,0.0,3.696,0.0,0.0,0.0,0.0,0.0,0.0,0.0
271.201,apt_walk_3_speckle,PARKED,0.0,0.0,0.0,4,0.0,3.696,0.0,0.0,0.0,0.0,0.0,0.0,0.0
271.301,apt_walk_3_speckle,PARKED,0.0,0.0,0.0,4,0.0,3.696,0.0,0.0,0.0,0.0,0.0,0.0,0.0
271.43,apt_walk_3_speckle,PARKED,0.0,0.0,0.0,5,0.0,3.696,0.0,0.0,0.0,0.0,0.0,0.0,0.0
271.501,apt_walk_3_speckle,PARKED,0.0,0.0,0.0,5,0.0,3.696,0.0,0.0,0.0,0.0,0.0,0.0,0.0
271.64,apt_walk_3_speckle,PARKED,0.0,0.0,0.0,5,0.0,3.696,0.0,0.0,0.0,0.0,0.0,0.0,0.0
271.701,apt_walk_3_speckle,PARKED,0.0,0.0,0.0,5,0.0,3.696,0.0,0.0,0.0,0.0,0.0,0.0,0.0
271.849,apt_walk_3_speckle,PARKED,0.0,0.0,0.0,4,0.0,3.619,0.0,0.0,0.0,0.0,0.0,0.0,0.0
271.902,apt_walk_3_speckle,PARKED,0.0,0.0,0.0,4,0.0,3.619,0.0,0.0,0.0,0.0,0.0,0.0,0.0
272.001,apt_walk_3_speckle,PARKED,0.0,0.0,0.0,4,0.0,3.619,0.0,0.0,0.0,0.0,0.0,0.0,0.0
272.101,apt_walk_3_speckle,PARKED,0.0,0.0,0.0,4,0.0,3.619,0.0,0.0,0.0,0.0,0.0,0.0,0.0
272.207,apt_walk_3_speckle,PARKED,0.0,0.0,0.0,4,0.0,3.245,0.0,0.0,0.0,0.0,0.0,0.0,0.0
272.302,apt_walk_3_speckle,PARKED,0.0,0.0,0.0,4,0.0,3.048,0.0,0.0,0.0,0.0,0.0,0.0,0.0
272.401,apt_walk_3_speckle,PARKED,0.0,0.0,0.0,4,0.0,3.048,0.0,0.0,0.0,0.0,0.0,0.0,0.0
272.501,apt_walk_3_speckle,PARKED,0.0,0.0,0.0,4,0.0,3.048,0.0,0.0,0.0,0.0,0.0,0.0,0.0
272.602,apt_walk_3_speckle,PARKED,0.0,0.0,0.0,4,0.0,2.904,0.0,0.0,0.0,0.0,0.0,0.0,0.0
272.729,apt_walk_3_speckle,PARKED,0.0,0.0,0.0,4,0.0,2.814,0.0,0.0,0.0,0.0,0.0,0.0,0.0
272.802,apt_walk_3_speckle,PARKED,0.0,0.0,0.0,4,0.0,2.523,0.0,0.0,0.0,0.0,0.0,0.0,0.0
272.902,apt_walk_3_speckle,PARKED,0.0,0.0,0.0,4,0.0,2.523,0.0,0.0,0.0,0.0,0.0,0.0,0.0
273.012,apt_walk_3_speckle,PARKED,0.0,0.0,0.0,4,0.0,2.523,0.0,0.0,0.0,0.0,0.0,0.0,0.0
273.101,apt_walk_3_speckle,PARKED,0.0,0.0,0.0,4,0.0,2.523,0.0,0.0,0.0,0.0,0.0,0.0,0.0
273.201,apt_walk_3_speckle,PARKED,0.0,0.0,0.0,4,0.0,2.523,0.0,0.0,0.0,0.0,0.0,0.0,0.0
273.326,apt_walk_3_speckle,PARKED,0.0,0.0,0.0,4,0.0,2.118,0.0,0.0,0.0,0.0,0.0,0.0,0.0
273.401,apt_walk_3_speckle,PARKED,0.0,0.0,0.0,4,0.0,2.118,0.0,0.0,0.0,0.0,0.0,0.0,0.0
273.52,apt_walk_3_speckle,PARKED,0.0,0.0,0.0,3,0.0,1.954,0.0,0.0,0.0,0.0,0.0,0.0,0.0
273.627,apt_walk_3_speckle,PARKED,0.0,0.0,0.0,3,0.0,1.831,0.0,0.0,0.0,0.0,0.0,0.0,0.0
273.701,apt_walk_3_speckle,PARKED,0.0,0.0,0.0,4,0.322,1.68,0.0,0.0,0.0,0.0,0.0,0.0,0.0
273.801,apt_walk_3_speckle,PARKED,0.0,0.0,0.0,4,0.322,1.622,0.0,0.0,0.0,0.0,0.0,0.0,0.0
273.907,apt_walk_3_speckle,PARKED,0.0,0.0,0.0,4,0.322,1.622,0.0,0.0,0.0,0.0,0.0,0.0,0.0
274.001,apt_walk_3_speckle,PARKED,0.0,0.0,0.0,3,0.4021,1.599,0.0,0.0,0.0,0.0,0.0,0.0,0.0
274.102,apt_walk_3_speckle,PARKED,0.0,0.0,0.0,3,0.4021,1.599,0.0,0.0,0.0,0.0,0.0,0.0,0.0
274.201,apt_walk_3_speckle,PARKED,0.0,0.0,0.0,3,0.4021,1.599,0.0,0.0,0.0,0.0,0.0,0.0,0.0
274.301,apt_walk_3_speckle,PARKED,0.0,0.0,0.0,2,0.1608,1.49,0.0,0.0,0.0,0.0,0.0,0.0,0.0
274.402,apt_walk_3_speckle,PARKED,0.0,0.0,0.0,2,0.1608,1.49,0.0,0.0,0.0,0.0,0.0,0.0,0.0
274.501,apt_walk_3_speckle,PARKED,0.0,0.0,0.0,3,0.2729,1.484,0.0,0.0,0.0,0.0,0.0,0.0,0.0
274.607,apt_walk_3_speckle,PARKED,0.0,0.0,0.0,2,0.0939,1.501,0.0,0.0,0.0,0.0,0.0,0.0,0.0
274.72,apt_walk_3_speckle,PARKED,0.0,0.0,0.0,2,0.0939,1.501,0.0,0.0,0.0,0.0,0.0,0.0,0.0
274.801,apt_walk_3_speckle,PARKED,0.0,0.0,0.0,2,0.7111,1.65,0.0,0.0,0.0,0.0,0.0,0.0,0.0
274.901,apt_walk_3_speckle,PARKED,0.0,0.0,0.0,2,0.7111,1.65,0.0,0.0,0.0,0.0,0.0,0.0,0.0
275.009,apt_walk_3_speckle,PARKED,0.0,0.0,0.0,3,0.7916,1.756,0.0,0.0,0.0,0.0,0.0,0.0,0.0
275.101,apt_walk_3_speckle,PARKED,0.0,0.0,0.0,3,0.7916,1.756,0.0,0.0,0.0,0.0,0.0,0.0,0.0
275.201,apt_walk_3_speckle,PARKED,0.0,0.0,0.0,2,0.49,1.841,0.0,0.0,0.0,0.0,0.0,0.0,0.0
275.341,apt_walk_3_speckle,PARKED,0.0,0.0,0.0,2,0.0,2.168,0.0,0.0,0.0,0.0,0.0,0.0,0.0
275.412,apt_walk_3_speckle,PARKED,0.0,0.0,0.0,2,0.0,2.168,0.0,0.0,0.0,0.0,0.0,0.0,0.0
275.5,apt_walk_3_speckle,PARKED,0.0,0.0,0.0,2,0.0,2.168,0.0,0.0,0.0,0.0,0.0,0.0,0.0
275.633,apt_walk_3_speckle,PARKED,0.0,0.0,0.0,2,0.0,2.168,0.0,0.0,0.0,0.0,0.0,0.0,0.0
275.701,apt_walk_3_speckle,PARKED,0.0,0.0,0.0,2,0.0,2.297,0.0,0.0,0.0,0.0,0.0,0.0,0.0
275.829,apt_walk_3_speckle,PARKED,0.0,0.0,0.0,2,0.0,2.538,0.0,0.0,0.0,0.0,0.0,0.0,0.0
275.901,apt_walk_3_speckle,PARKED,0.0,0.0,0.0,2,0.0,2.7,0.0,0.0,0.0,0.0,0.0,0.0,0.0
276.001,apt_walk_3_speckle,PARKED,0.0,0.0,0.0,2,0.0,2.7,0.0,0.0,0.0,0.0,0.0,0.0,0.0
276.102,apt_walk_3_speckle,PARKED,0.0,0.0,0.0,2,0.0,2.809,0.0,0.0,0.0,0.0,0.0,0.0,0.0
276.248,apt_walk_3_speckle,PARKED,0.0,0.0,0.0,3,0.0,3.065,0.0,0.0,0.0,0.0,0.0,0.0,0.0
276.302,apt_walk_3_speckle,PARKED,0.0,0.0,0.0,3,0.0,3.065,0.0,0.0,0.0,0.0,0.0,0.0,0.0
276.401,apt_walk_3_speckle,PARKED,0.0,0.0,0.0,3,0.0,3.28,0.0,0.0,0.0,0.0,0.0,0.0,0.0
276.501,apt_walk_3_speckle,PARKED,0.0,0.0,0.0,3,0.0,3.28,0.0,0.0,0.0,0.0,0.0,0.0,0.0
276.601,apt_walk_3_speckle,PARKED,0.0,0.0,0.0,3,0.0,3.28,0.0,0.0,0.0,0.0,0.0,0.0,0.0
276.701,apt_walk_3_speckle,PARKED,0.0,0.0,0.0,3,0.0,3.25,0.0,0.0,0.0,0.0,0.0,0.0,0.0
276.801,apt_walk_3_speckle,PARKED,0.0,0.0,0.0,3,0.0,3.49,0.0,0.0,0.0,0.0,0.0,0.0,0.0
276.916,apt_walk_3_speckle,PARKED,0.0,0.0,0.0,3,0.0,3.661,0.0,0.0,0.0,0.0,0.0,0.0,0.0
277.001,apt_walk_3_speckle,PARKED,0.0,0.0,0.0,3,0.0,3.689,0.0,0.0,0.0,0.0,0.0,0.0,0.0
277.146,apt_walk_3_speckle,PARKED,0.0,0.0,0.0,3,0.0,3.689,0.0,0.0,0.0,0.0,0.0,0.0,0.0
277.201,apt_walk_3_speckle,PARKED,0.0,0.0,0.0,3,0.0,3.689,0.0,0.0,0.0,0.0,0.0,0.0,0.0
277.301,apt_walk_3_speckle,PARKED,0.0,0.0,0.0,3,0.0,3.689,0.0,0.0,0.0,0.0,0.0,0.0,0.0
277.402,apt_walk_3_speckle,PARKED,0.0,0.0,0.0,3,0.0,3.698,0.0,0.0,0.0,0.0,0.0,0.0,0.0
277.501,apt_walk_3_speckle,PARKED,0.0,0.0,0.0,3,0.0,3.721,0.0,0.0,0.0,0.0,0.0,0.0,0.0
277.644,apt_walk_3_speckle,PARKED,0.0,0.0,0.0,3,0.0,3.675,0.0,0.0,0.0,0.0,0.0,0.0,0.0
277.701,apt_walk_3_speckle,PARKED,0.0,0.0,0.0,3,0.0,3.675,0.0,0.0,0.0,0.0,0.0,0.0,0.0
277.801,apt_walk_3_speckle,PARKED,0.0,0.0,0.0,3,0.0,3.675,0.0,0.0,0.0,0.0,0.0,0.0,0.0
277.901,apt_walk_3_speckle,PARKED,0.0,0.0,0.0,4,0.0,3.682,0.0,0.0,0.0,0.0,0.0,0.0,0.0
278.041,apt_walk_3_speckle,PARKED,0.0,0.0,0.0,4,0.0,3.735,0.0,0.0,0.0,0.0,0.0,0.0,0.0
278.105,apt_walk_3_speckle,PARKED,0.0,0.0,0.0,4,0.0,3.724,0.0,0.0,0.0,0.0,0.0,0.0,0.0
278.243,apt_walk_3_speckle,PARKED,0.0,0.0,0.0,4,0.0,3.682,0.0,0.0,0.0,0.0,0.0,0.0,0.0
278.301,apt_walk_3_speckle,PARKED,0.0,0.0,0.0,4,0.0,3.682,0.0,0.0,0.0,0.0,0.0,0.0,0.0
278.401,apt_walk_3_speckle,PARKED,0.0,0.0,0.0,4,0.0,3.733,0.0,0.0,0.0,0.0,0.0,0.0,0.0
278.501,apt_walk_3_speckle,PARKED,0.0,0.0,0.0,4,0.0,3.733,0.0,0.0,0.0,0.0,0.0,0.0,0.0
278.602,apt_walk_3_speckle,PARKED,0.0,0.0,0.0,4,0.0,3.433,0.0,0.0,0.0,0.0,0.0,0.0,0.0
278.712,apt_walk_3_speckle,PARKED,0.0,0.0,0.0,4,0.0,3.433,0.0,0.0,0.0,0.0,0.0,0.0,0.0
278.802,apt_walk_3_speckle,PARKED,0.0,0.0,0.0,4,0.0,3.296,0.0,0.0,0.0,0.0,0.0,0.0,0.0
278.915,apt_walk_3_speckle,PARKED,0.0,0.0,0.0,4,0.0,3.296,0.0,0.0,0.0,0.0,0.0,0.0,0.0
279.05,apt_walk_3_speckle,PARKED,0.0,0.0,0.0,4,0.0,3.141,0.0,0.0,0.0,0.0,0.0,0.0,0.0
279.127,apt_walk_3_speckle,PARKED,0.0,0.0,0.0,4,0.0,2.999,0.0,0.0,0.0,0.0,0.0,0.0,0.0
279.201,apt_walk_3_speckle,PARKED,0.0,0.0,0.0,4,0.0,2.885,0.0,0.0,0.0,0.0,0.0,0.0,0.0
279.339,apt_walk_3_speckle,PARKED,0.0,0.0,0.0,4,0.0,2.885,0.0,0.0,0.0,0.0,0.0,0.0,0.0
279.437,apt_walk_3_speckle,PARKED,0.0,0.0,0.0,4,0.0,2.885,0.0,0.0,0.0,0.0,0.0,0.0,0.0
279.501,apt_walk_3_speckle,PARKED,0.0,0.0,0.0,4,0.0,2.885,0.0,0.0,0.0,0.0,0.0,0.0,0.0
279.601,apt_walk_3_speckle,PARKED,0.0,0.0,0.0,4,0.0,2.885,0.0,0.0,0.0,0.0,0.0,0.0,0.0
279.735,apt_walk_3_speckle,PARKED,0.0,0.0,0.0,4,0.0,2.409,0.0,0.0,0.0,0.0,0.0,0.0,0.0
279.802,apt_walk_3_speckle,PARKED,0.0,0.0,0.0,4,0.0,2.311,0.0,0.0,0.0,0.0,0.0,0.0,0.0
279.901,apt_walk_3_speckle,PARKED,0.0,0.0,0.0,4,0.0,2.311,0.0,0.0,0.0,0.0,0.0,0.0,0.0
280.002,apt_walk_3_speckle,PARKED,0.0,0.0,0.0,3,0.0,2.323,0.0,0.0,0.0,0.0,0.0,0.0,0.0
280.141,apt_walk_3_speckle,PARKED,0.0,0.0,0.0,3,0.0,2.07,0.0,0.0,0.0,0.0,0.0,0.0,0.0
280.204,apt_walk_3_speckle,PARKED,0.0,0.0,0.0,2,0.0,1.912,0.0,0.0,0.0,0.0,0.0,0.0,0.0
280.301,apt_walk_3_speckle,PARKED,0.0,0.0,0.0,2,0.0,1.912,0.0,0.0,0.0,0.0,0.0,0.0,0.0
280.426,apt_walk_3_speckle,PARKED,0.0,0.0,0.0,2,0.0,1.912,0.0,0.0,0.0,0.0,0.0,0.0,0.0
280.546,apt_walk_3_speckle,PARKED,0.0,0.0,0.0,3,0.0,1.834,0.0,0.0,0.0,0.0,0.0,0.0,0.0
280.601,apt_walk_3_speckle,PARKED,0.0,0.0,0.0,3,0.0,1.834,0.0,0.0,0.0,0.0,0.0,0.0,0.0
280.701,apt_walk_3_speckle,PARKED,0.0,0.0,0.0,4,0.118,1.651,0.0,0.0,0.0,0.0,0.0,0.0,0.0
280.815,apt_walk_3_speckle,PARKED,0.0,0.0,0.0,4,0.118,1.651,0.0,0.0,0.0,0.0,0.0,0.0,0.0
280.901,apt_walk_3_speckle,PARKED,0.0,0.0,0.0,4,0.118,1.651,0.0,0.0,0.0,0.0,0.0,0.0,0.0
281.045,apt_walk_3_speckle,PARKED,0.0,0.0,0.0,3,0.223,1.621,0.0,0.0,0.0,0.0,0.0,0.0,0.0
281.123,apt_walk_3_speckle,PARKED,0.0,0.0,0.0,3,0.223,1.621,0.0,0.0,0.0,0.0,0.0,0.0,0.0
281.201,apt_walk_3_speckle,PARKED,0.0,0.0,0.0,3,0.223,1.621,0.0,0.0,0.0,0.0,0.0,0.0,0.0
281.332,apt_walk_3_speckle,PARKED,0.0,0.0,0.0,3,0.3097,1.702,0.0,0.0,0.0,0.0,0.0,0.0,0.0
281.427,apt_walk_3_speckle,PARKED,0.0,0.0,0.0,3,0.0,1.867,0.0,0.0,0.0,0.0,0.0,0.0,0.0
281.501,apt_walk_3_speckle,PARKED,0.0,0.0,0.0,4,0.0,2.055,0.0,0.0,0.0,0.0,0.0,0.0,0.0
281.602,apt_walk_3_speckle,PARKED,0.0,0.0,0.0,4,0.0,2.055,0.0,0.0,0.0,0.0,0.0,0.0,0.0
281.701,apt_walk_3_speckle,PARKED,0.0,0.0,0.0,4,0.0,2.055,0.0,0.0,0.0,0.0,0.0,0.0,0.0
281.801,apt_walk_3_speckle,PARKED,0.0,0.0,0.0,4,0.0,2.055,0.0,0.0,0.0,0.0,0.0,0.0,0.0
281.937,apt_walk_3_speckle,PARKED,0.0,0.0,0.0,3,0.0,2.524,0.0,0.0,0.0,0.0,0.0,0.0,0.0
282.018,apt_walk_3_speckle,PARKED,0.0,0.0,0.0,3,0.0,2.524,0.0,0.0,0.0,0.0,0.0,0.0,0.0
282.101,apt_walk_3_speckle,PARKED,0.0,0.0,0.0,3,0.0,2.524,0.0,0.0,0.0,0.0,0.0,0.0,0.0
282.247,apt_walk_3_speckle,PARKED,0.0,0.0,0.0,3,0.0,2.703,0.0,0.0,0.0,0.0,0.0,0.0,0.0
282.301,apt_walk_3_speckle,PARKED,0.0,0.0,0.0,3,0.0,2.703,0.0,0.0,0.0,0.0,0.0,0.0,0.0
282.425,apt_walk_3_speckle,PARKED,0.0,0.0,0.0,3,0.0,3.065,0.0,0.0,0.0,0.0,0.0,0.0,0.0
282.505,apt_walk_3_speckle,PARKED,0.0,0.0,0.0,3,0.0,3.065,0.0,0.0,0.0,0.0,0.0,0.0,0.0
282.601,apt_walk_3_speckle,PARKED,0.0,0.0,0.0,3,0.0,3.065,0.0,0.0,0.0,0.0,0.0,0.0,0.0
282.701,apt_walk_3_speckle,PARKED,0.0,0.0,0.0,3,0.0,3.065,0.0,0.0,0.0,0.0,0.0,0.0,0.0
282.811,apt_walk_3_speckle,PARKED,0.0,0.0,0.0,3,0.0,3.389,0.0,0.0,0.0,0.0,0.0,0.0,0.0
282.901,apt_walk_3_speckle,PARKED,0.0,0.0,0.0,3,0.0,3.389,0.0,0.0,0.0,0.0,0.0,0.0,0.0
283.001,apt_walk_3_speckle,PARKED,0.0,0.0,0.0,3,0.0,3.665,0.0,0.0,0.0,0.0,0.0,0.0,0.0
283.122,apt_walk_3_speckle,PARKED,0.0,0.0,0.0,4,0.0,3.711,0.0,0.0,0.0,0.0,0.0,0.0,0.0
283.201,apt_walk_3_speckle,PARKED,0.0,0.0,0.0,3,0.0,3.736,0.0,0.0,0.0,0.0,0.0,0.0,0.0
283.301,apt_walk_3_speckle,PARKED,0.0,0.0,0.0,3,0.0,3.736,0.0,0.0,0.0,0.0,0.0,0.0,0.0
283.437,apt_walk_3_speckle,PARKED,0.0,0.0,0.0,3,0.0,3.736,0.0,0.0,0.0,0.0,0.0,0.0,0.0
283.511,apt_walk_3_speckle,PARKED,0.0,0.0,0.0,3,0.0,3.748,0.0,0.0,0.0,0.0,0.0,0.0,0.0
283.601,apt_walk_3_speckle,PARKED,0.0,0.0,0.0,3,0.0,3.671,0.0,0.0,0.0,0.0,0.0,0.0,0.0
283.701,apt_walk_3_speckle,PARKED,0.0,0.0,0.0,3,0.0,3.671,0.0,0.0,0.0,0.0,0.0,0.0,0.0
283.829,apt_walk_3_speckle,PARKED,0.0,0.0,0.0,3,0.0,3.671,0.0,0.0,0.0,0.0,0.0,0.0,0.0
283.903,apt_walk_3_speckle,PARKED,0.0,0.0,0.0,3,0.0,3.671,0.0,0.0,0.0,0.0,0.0,0.0,0.0
284.007,apt_walk_3_speckle,PARKED,0.0,0.0,0.0,3,0.0,3.72,0.0,0.0,0.0,0.0,0.0,0.0,0.0
284.101,apt_walk_3_speckle,PARKED,0.0,0.0,0.0,3,0.0,3.676,0.0,0.0,0.0,0.0,0.0,0.0,0.0
284.201,apt_walk_3_speckle,PARKED,0.0,0.0,0.0,3,0.0,3.676,0.0,0.0,0.0,0.0,0.0,0.0,0.0
284.301,apt_walk_3_speckle,PARKED,0.0,0.0,0.0,3,0.0,3.676,0.0,0.0,0.0,0.0,0.0,0.0,0.0
284.401,apt_walk_3_speckle,PARKED,0.0,0.0,0.0,3,0.0,3.676,0.0,0.0,0.0,0.0,0.0,0.0,0.0
284.501,apt_walk_3_speckle,PARKED,0.0,0.0,0.0,3,0.0,3.676,0.0,0.0,0.0,0.0,0.0,0.0,0.0
284.601,apt_walk_3_speckle,PARKED,0.0,0.0,0.0,3,0.0,3.676,0.0,0.0,0.0,0.0,0.0,0.0,0.0
284.703,apt_walk_3_speckle,PARKED,0.0,0.0,0.0,3,0.0,3.68,0.0,0.0,0.0,0.0,0.0,0.0,0.0
284.813,apt_walk_3_speckle,PARKED,0.0,0.0,0.0,3,0.0,3.68,0.0,0.0,0.0,0.0,0.0,0.0,0.0
284.902,apt_walk_3_speckle,PARKED,0.0,0.0,0.0,3,0.0,3.665,0.0,0.0,0.0,0.0,0.0,0.0,0.0
285.001,apt_walk_3_speckle,PARKED,0.0,0.0,0.0,3,0.0,3.665,0.0,0.0,0.0,0.0,0.0,0.0,0.0
285.101,apt_walk_3_speckle,PARKED,0.0,0.0,0.0,3,0.0,3.665,0.0,0.0,0.0,0.0,0.0,0.0,0.0
285.201,apt_walk_3_speckle,PARKED,0.0,0.0,0.0,3,0.0,3.621,0.0,0.0,0.0,0.0,0.0,0.0,0.0
285.301,apt_walk_3_speckle,PARKED,0.0,0.0,0.0,3,0.0,3.621,0.0,0.0,0.0,0.0,0.0,0.0,0.0
285.437,apt_walk_3_speckle,PARKED,0.0,0.0,0.0,3,0.0,3.307,0.0,0.0,0.0,0.0,0.0,0.0,0.0
285.514,apt_walk_3_speckle,PARKED,0.0,0.0,0.0,3,0.0,3.151,0.0,0.0,0.0,0.0,0.0,0.0,0.0
285.601,apt_walk_3_speckle,PARKED,0.0,0.0,0.0,3,0.0,3.151,0.0,0.0,0.0,0.0,0.0,0.0,0.0
285.701,apt_walk_3_speckle,PARKED,0.0,0.0,0.0,3,0.0,3.151,0.0,0.0,0.0,0.0,0.0,0.0,0.0
285.802,apt_walk_3_speckle,PARKED,0.0,0.0,0.0,3,0.0,3.093,0.0,0.0,0.0,0.0,0.0,0.0,0.0
285.934,apt_walk_3_speckle,PARKED,0.0,0.0,0.0,3,0.0,2.723,0.0,0.0,0.0,0.0,0.0,0.0,0.0
286.001,apt_walk_3_speckle,PARKED,0.0,0.0,0.0,3,0.0,2.723,0.0,0.0,0.0,0.0,0.0,0.0,0.0
286.101,apt_walk_3_speckle,PARKED,0.0,0.0,0.0,3,0.0,2.723,0.0,0.0,0.0,0.0,0.0,0.0,0.0
286.201,apt_walk_3_speckle,PARKED,0.0,0.0,0.0,3,0.0,2.723,0.0,0.0,0.0,0.0,0.0,0.0,0.0
286.301,apt_walk_3_speckle,PARKED,0.0,0.0,0.0,3,0.0,2.723,0.0,0.0,0.0,0.0,0.0,0.0,0.0
286.428,apt_walk_3_speckle,PARKED,0.0,0.0,0.0,3,0.0,2.215,0.0,0.0,0.0,0.0,0.0,0.0,0.0
286.502,apt_walk_3_speckle,PARKED,0.0,0.0,0.0,3,0.0,2.215,0.0,0.0,0.0,0.0,0.0,0.0,0.0
286.601,apt_walk_3_speckle,PARKED,0.0,0.0,0.0,3,0.0,2.215,0.0,0.0,0.0,0.0,0.0,0.0,0.0
286.748,apt_walk_3_speckle,PARKED,0.0,0.0,0.0,3,0.0,2.129,0.0,0.0,0.0,0.0,0.0,0.0,0.0
286.81,apt_walk_3_speckle,PARKED,0.0,0.0,0.0,3,0.0,1.907,0.0,0.0,0.0,0.0,0.0,0.0,0.0
286.936,apt_walk_3_speckle,PARKED,0.0,0.0,0.0,3,0.3007,1.749,0.0,0.0,0.0,0.0,0.0,0.0,0.0
287.001,apt_walk_3_speckle,PARKED,0.0,0.0,0.0,3,0.3007,1.749,0.0,0.0,0.0,0.0,0.0,0.0,0.0
287.101,apt_walk_3_speckle,PARKED,0.0,0.0,0.0,3,0.3007,1.749,0.0,0.0,0.0,0.0,0.0,0.0,0.0
287.201,apt_walk_3_speckle,PARKED,0.0,0.0,0.0,3,0.3007,1.749,0.0,0.0,0.0,0.0,0.0,0.0,0.0
287.301,apt_walk_3_speckle,PARKED,0.0,0.0,0.0,3,0.0334,1.562,0.0,0.0,0.0,0.0,0.0,0.0,0.0
287.401,apt_walk_3_speckle,PARKED,0.0,0.0,0.0,3,0.0334,1.562,0.0,0.0,0.0,0.0,0.0,0.0,0.0
287.501,apt_walk_3_speckle,PARKED,0.0,0.0,0.0,3,0.0334,1.562,0.0,0.0,0.0,0.0,0.0,0.0,0.0
287.602,apt_walk_3_speckle,PARKED,0.0,0.0,0.0,3,0.3037,1.566,0.0,0.0,0.0,0.0,0.0,0.0,0.0
287.727,apt_walk_3_speckle,PARKED,0.0,0.0,0.0,3,0.4245,1.554,0.0,0.0,0.0,0.0,0.0,0.0,0.0
287.806,apt_walk_3_speckle,PARKED,0.0,0.0,0.0,3,0.0993,1.55,0.0,0.0,0.0,0.0,0.0,0.0,0.0
287.901,apt_walk_3_speckle,PARKED,0.0,0.0,0.0,3,0.3545,1.641,0.0,0.0,0.0,0.0,0.0,0.0,0.0
288.001,apt_walk_3_speckle,PARKED,0.0,0.0,0.0,3,0.3545,1.641,0.0,0.0,0.0,0.0,0.0,0.0,0.0
288.101,apt_walk_3_speckle,PARKED,0.0,0.0,0.0,3,0.3545,1.641,0.0,0.0,0.0,0.0,0.0,0.0,0.0
288.201,apt_walk_3_speckle,PARKED,0.0,0.0,0.0,3,0.3545,1.641,0.0,0.0,0.0,0.0,0.0,0.0,0.0
288.301,apt_walk_3_speckle,PARKED,0.0,0.0,0.0,3,0.3545,1.641,0.0,0.0,0.0,0.0,0.0,0.0,0.0
288.401,apt_walk_3_speckle,PARKED,0.0,0.0,0.0,3,0.0,2.174,0.0,0.0,0.0,0.0,0.0,0.0,0.0
288.508,apt_walk_3_speckle,PARKED,0.0,0.0,0.0,3,0.0,2.174,0.0,0.0,0.0,0.0,0.0,0.0,0.0
288.601,apt_walk_3_speckle,PARKED,0.0,0.0,0.0,3,0.0,2.174,0.0,0.0,0.0,0.0,0.0,0.0,0.0
288.701,apt_walk_3_speckle,PARKED,0.0,0.0,0.0,3,0.0,2.24,0.0,0.0,0.0,0.0,0.0,0.0,0.0
288.847,apt_walk_3_speckle,PARKED,0.0,0.0,0.0,3,0.0,2.544,0.0,0.0,0.0,0.0,0.0,0.0,0.0
288.901,apt_walk_3_speckle,PARKED,0.0,0.0,0.0,3,0.0,2.544,0.0,0.0,0.0,0.0,0.0,0.0,0.0
289.008,apt_walk_3_speckle,PARKED,0.0,0.0,0.0,3,0.0,2.726,0.0,0.0,0.0,0.0,0.0,0.0,0.0
289.142,apt_walk_3_speckle,PARKED,0.0,0.0,0.0,3,0.0,2.868,0.0,0.0,0.0,0.0,0.0,0.0,0.0
289.235,apt_walk_3_speckle,PARKED,0.0,0.0,0.0,3,0.0,3.068,0.0,0.0,0.0,0.0,0.0,0.0,0.0
289.301,apt_walk_3_speckle,PARKED,0.0,0.0,0.0,3,0.0,3.068,0.0,0.0,0.0,0.0,0.0,0.0,0.0
289.401,apt_walk_3_speckle,PARKED,0.0,0.0,0.0,3,0.0,3.068,0.0,0.0,0.0,0.0,0.0,0.0,0.0
289.501,apt_walk_3_speckle,PARKED,0.0,0.0,0.0,3,0.0,3.068,0.0,0.0,0.0,0.0,0.0,0.0,0.0
289.601,apt_walk_3_speckle,PARKED,0.0,0.0,0.0,3,0.0,3.068,0.0,0.0,0.0,0.0,0.0,0.0,0.0
289.73,apt_walk_3_speckle,PARKED,0.0,0.0,0.0,3,0.0,3.559,0.0,0.0,0.0,0.0,0.0,0.0,0.0
289.801,apt_walk_3_speckle,PARKED,0.0,0.0,0.0,3,0.0,3.559,0.0,0.0,0.0,0.0,0.0,0.0,0.0
289.901,apt_walk_3_speckle,PARKED,0.0,0.0,0.0,3,0.0,3.559,0.0,0.0,0.0,0.0,0.0,0.0,0.0
290.001,apt_walk_3_speckle,PARKED,0.0,0.0,0.0,3,0.0,3.611,0.0,0.0,0.0,0.0,0.0,0.0,0.0
290.113,apt_walk_3_speckle,PARKED,0.0,0.0,0.0,3,0.0,3.611,0.0,0.0,0.0,0.0,0.0,0.0,0.0
290.248,apt_walk_3_speckle,PARKED,0.0,0.0,0.0,3,0.0,3.707,0.0,0.0,0.0,0.0,0.0,0.0,0.0
290.302,apt_walk_3_speckle,PARKED,0.0,0.0,0.0,3,0.0,3.707,0.0,0.0,0.0,0.0,0.0,0.0,0.0
290.401,apt_walk_3_speckle,PARKED,0.0,0.0,0.0,3,0.0,3.707,0.0,0.0,0.0,0.0,0.0,0.0,0.0
290.501,apt_walk_3_speckle,PARKED,0.0,0.0,0.0,3,0.0,3.707,0.0,0.0,0.0,0.0,0.0,0.0,0.0
290.637,apt_walk_3_speckle,PARKED,0.0,0.0,0.0,3,0.0,3.72,0.0,0.0,0.0,0.0,0.0,0.0,0.0
290.711,apt_walk_3_speckle,PARKED,0.0,0.0,0.0,4,0.0,3.679,0.0,0.0,0.0,0.0,0.0,0.0,0.0
290.801,apt_walk_3_speckle,PARKED,0.0,0.0,0.0,4,0.0,3.679,0.0,0.0,0.0,0.0,0.0,0.0,0.0
290.901,apt_walk_3_speckle,PARKED,0.0,0.0,0.0,4,0.0,3.691,0.0,0.0,0.0,0.0,0.0,0.0,0.0
291.008,apt_walk_3_speckle,PARKED,0.0,0.0,0.0,4,0.0,3.681,0.0,0.0,0.0,0.0,0.0,0.0,0.0
291.13,apt_walk_3_speckle,PARKED,0.0,0.0,0.0,4,0.0,3.66,0.0,0.0,0.0,0.0,0.0,0.0,0.0
291.204,apt_walk_3_speckle,PARKED,0.0,0.0,0.0,4,0.0,3.66,0.0,0.0,0.0,0.0,0.0,0.0,0.0
291.333,apt_walk_3_speckle,PARKED,0.0,0.0,0.0,4,0.0,3.661,0.0,0.0,0.0,0.0,0.0,0.0,0.0
291.402,apt_walk_3_speckle,PARKED,0.0,0.0,0.0,4,0.0,3.661,0.0,0.0,0.0,0.0,0.0,0.0,0.0
291.501,apt_walk_3_speckle,PARKED,0.0,0.0,0.0,4,0.0,3.661,0.0,0.0,0.0,0.0,0.0,0.0,0.0
291.628,apt_walk_3_speckle,PARKED,0.0,0.0,0.0,4,0.0,3.466,0.0,0.0,0.0,0.0,0.0,0.0,0.0
291.742,apt_walk_3_speckle,PARKED,0.0,0.0,0.0,4,0.0,3.38,0.0,0.0,0.0,0.0,0.0,0.0,0.0
291.801,apt_walk_3_speckle,PARKED,0.0,0.0,0.0,4,0.0,3.38,0.0,0.0,0.0,0.0,0.0,0.0,0.0
291.901,apt_walk_3_speckle,PARKED,0.0,0.0,0.0,4,0.0,3.311,0.0,0.0,0.0,0.0,0.0,0.0,0.0
292.01,apt_walk_3_speckle,PARKED,0.0,0.0,0.0,4,0.0,3.013,0.0,0.0,0.0,0.0,0.0,0.0,0.0
292.141,apt_walk_3_speckle,PARKED,0.0,0.0,0.0,4,0.0,2.88,0.0,0.0,0.0,0.0,0.0,0.0,0.0
292.237,apt_walk_3_speckle,PARKED,0.0,0.0,0.0,4,0.0,2.88,0.0,0.0,0.0,0.0,0.0,0.0,0.0
292.301,apt_walk_3_speckle,PARKED,0.0,0.0,0.0,4,0.0,2.88,0.0,0.0,0.0,0.0,0.0,0.0,0.0
292.406,apt_walk_3_speckle,PARKED,0.0,0.0,0.0,4,0.0,2.833,0.0,0.0,0.0,0.0,0.0,0.0,0.0
292.501,apt_walk_3_speckle,PARKED,0.0,0.0,0.0,4,0.0,2.833,0.0,0.0,0.0,0.0,0.0,0.0,0.0
292.601,apt_walk_3_speckle,PARKED,0.0,0.0,0.0,4,0.0,2.494,0.0,0.0,0.0,0.0,0.0,0.0,0.0
292.701,apt_walk_3_speckle,PARKED,0.0,0.0,0.0,4,0.0,2.494,0.0,0.0,0.0,0.0,0.0,0.0,0.0
292.801,apt_walk_3_speckle,PARKED,0.0,0.0,0.0,4,0.0,2.494,0.0,0.0,0.0,0.0,0.0,0.0,0.0
292.931,apt_walk_3_speckle,PARKED,0.0,0.0,0.0,4,0.0,2.239,0.0,0.0,0.0,0.0,0.0,0.0,0.0
293.001,apt_walk_3_speckle,PARKED,0.0,0.0,0.0,4,0.0,2.08,0.0,0.0,0.0,0.0,0.0,0.0,0.0
293.101,apt_walk_3_speckle,PARKED,0.0,0.0,0.0,4,0.0,2.08,0.0,0.0,0.0,0.0,0.0,0.0,0.0
293.202,apt_walk_3_speckle,PARKED,0.0,0.0,0.0,4,0.0,1.967,0.0,0.0,0.0,0.0,0.0,0.0,0.0
293.31,apt_walk_3_speckle,PARKED,0.0,0.0,0.0,4,0.0,1.857,0.0,0.0,0.0,0.0,0.0,0.0,0.0
293.435,apt_walk_3_speckle,PARKED,0.0,0.0,0.0,4,0.5148,1.69,0.0,0.0,0.0,0.0,0.0,0.0,0.0
293.501,apt_walk_3_speckle,PARKED,0.0,0.0,0.0,4,0.5148,1.69,0.0,0.0,0.0,0.0,0.0,0.0,0.0
293.601,apt_walk_3_speckle,PARKED,0.0,0.0,0.0,4,0.5148,1.69,0.0,0.0,0.0,0.0,0.0,0.0,0.0
293.701,apt_walk_3_speckle,PARKED,0.0,0.0,0.0,4,0.5148,1.69,0.0,0.0,0.0,0.0,0.0,0.0,0.0
293.8,apt_walk_3_speckle,PARKED,0.0,0.0,0.0,4,0.2774,1.564,0.0,0.0,0.0,0.0,0.0,0.0,0.0
293.936,apt_walk_3_speckle,PARKED,0.0,0.0,0.0,3,0.0977,1.571,0.0,0.0,0.0,0.0,0.0,0.0,0.0
294.001,apt_walk_3_speckle,PARKED,0.0,0.0,0.0,3,0.0977,1.571,0.0,0.0,0.0,0.0,0.0,0.0,0.0
294.142,apt_walk_3_speckle,PARKED,0.0,0.0,0.0,3,0.0977,1.571,0.0,0.0,0.0,0.0,0.0,0.0,0.0
294.2,apt_walk_3_speckle,PARKED,0.0,0.0,0.0,3,0.0977,1.571,0.0,0.0,0.0,0.0,0.0,0.0,0.0
294.322,apt_walk_3_speckle,PARKED,0.0,0.0,0.0,3,0.3794,1.557,0.0,0.0,0.0,0.0,0.0,0.0,0.0
294.444,apt_walk_3_speckle,PARKED,0.0,0.0,0.0,3,0.4775,1.799,0.0,0.0,0.0,0.0,0.0,0.0,0.0
294.502,apt_walk_3_speckle,PARKED,0.0,0.0,0.0,3,0.4775,1.799,0.0,0.0,0.0,0.0,0.0,0.0,0.0
294.601,apt_walk_3_speckle,PARKED,0.0,0.0,0.0,3,0.4775,1.799,0.0,0.0,0.0,0.0,0.0,0.0,0.0
294.701,apt_walk_3_speckle,PARKED,0.0,0.0,0.0,3,0.4775,1.799,0.0,0.0,0.0,0.0,0.0,0.0,0.0
294.802,apt_walk_3_speckle,PARKED,0.0,0.0,0.0,3,0.4775,1.799,0.0,0.0,0.0,0.0,0.0,0.0,0.0
294.902,apt_walk_3_speckle,PARKED,0.0,0.0,0.0,3,0.0,2.204,0.0,0.0,0.0,0.0,0.0,0.0,0.0
295.015,apt_walk_3_speckle,PARKED,0.0,0.0,0.0,3,0.0,2.204,0.0,0.0,0.0,0.0,0.0,0.0,0.0
295.101,apt_walk_3_speckle,PARKED,0.0,0.0,0.0,3,0.0,2.204,0.0,0.0,0.0,0.0,0.0,0.0,0.0
295.247,apt_walk_3_speckle,PARKED,0.0,0.0,0.0,3,0.0,2.453,0.0,0.0,0.0,0.0,0.0,0.0,0.0
295.327,apt_walk_3_speckle,PARKED,0.0,0.0,0.0,3,0.0,2.8,0.0,0.0,0.0,0.0,0.0,0.0,0.0
295.401,apt_walk_3_speckle,PARKED,0.0,0.0,0.0,3,0.0,2.8,0.0,0.0,0.0,0.0,0.0,0.0,0.0
295.502,apt_walk_3_speckle,PARKED,0.0,0.0,0.0,3,0.0,2.8,0.0,0.0,0.0,0.0,0.0,0.0,0.0
295.644,apt_walk_3_speckle,PARKED,0.0,0.0,0.0,3,0.0,2.867,0.0,0.0,0.0,0.0,0.0,0.0,0.0
295.701,apt_walk_3_speckle,PARKED,0.0,0.0,0.0,3,0.0,2.867,0.0,0.0,0.0,0.0,0.0,0.0,0.0
295.801,apt_walk_3_speckle,PARKED,0.0,0.0,0.0,3,0.0,3.152,0.0,0.0,0.0,0.0,0.0,0.0,0.0
295.933,apt_walk_3_speckle,PARKED,0.0,0.0,0.0,3,0.0,3.317,0.0,0.0,0.0,0.0,0.0,0.0,0.0
296.002,apt_walk_3_speckle,PARKED,0.0,0.0,0.0,3,0.0,3.317,0.0,0.0,0.0,0.0,0.0,0.0,0.0
296.107,apt_walk_3_speckle,PARKED,0.0,0.0,0.0,3,0.0,3.317,0.0,0.0,0.0,0.0,0.0,0.0,0.0
296.201,apt_walk_3_speckle,PARKED,0.0,0.0,0.0,3,0.0,3.354,0.0,0.0,0.0,0.0,0.0,0.0,0.0
296.301,apt_walk_3_speckle,PARKED,0.0,0.0,0.0,3,0.0,3.354,0.0,0.0,0.0,0.0,0.0,0.0,0.0
296.401,apt_walk_3_speckle,PARKED,0.0,0.0,0.0,3,0.0,3.354,0.0,0.0,0.0,0.0,0.0,0.0,0.0
296.501,apt_walk_3_speckle,PARKED,0.0,0.0,0.0,3,0.0,3.354,0.0,0.0,0.0,0.0,0.0,0.0,0.0
296.601,apt_walk_3_speckle,PARKED,0.0,0.0,0.0,3,0.0,3.354,0.0,0.0,0.0,0.0,0.0,0.0,0.0
296.701,apt_walk_3_speckle,PARKED,0.0,0.0,0.0,3,0.0,3.354,0.0,0.0,0.0,0.0,0.0,0.0,0.0
296.801,apt_walk_3_speckle,PARKED,0.0,0.0,0.0,3,0.0,3.354,0.0,0.0,0.0,0.0,0.0,0.0,0.0
296.9,apt_walk_3_speckle,PARKED,0.0,0.0,0.0,4,0.0,3.354,0.0,0.0,0.0,0.0,0.0,0.0,0.0
297.028,apt_walk_3_speckle,PARKED,0.0,0.0,0.0,5,0.0,3.354,0.0,0.0,0.0,0.0,0.0,0.0,0.0
297.102,apt_walk_3_speckle,PARKED,0.0,0.0,0.0,5,0.0,3.354,0.0,0.0,0.0,0.0,0.0,0.0,0.0
297.202,apt_walk_3_speckle,PARKED,0.0,0.0,0.0,5,0.0,3.354,0.0,0.0,0.0,0.0,0.0,0.0,0.0
297.301,apt_walk_3_speckle,PARKED,0.0,0.0,0.0,5,0.0,3.354,0.0,0.0,0.0,0.0,0.0,0.0,0.0
297.427,apt_walk_3_speckle,PARKED,0.0,0.0,0.0,4,0.0,3.691,0.0,0.0,0.0,0.0,0.0,0.0,0.0
297.502,apt_walk_3_speckle,PARKED,0.0,0.0,0.0,4,0.0,3.636,0.0,0.0,0.0,0.0,0.0,0.0,0.0
297.601,apt_walk_3_speckle,PARKED,0.0,0.0,0.0,4,0.0,3.636,0.0,0.0,0.0,0.0,0.0,0.0,0.0
297.701,apt_walk_3_speckle,PARKED,0.0,0.0,0.0,4,0.0,3.654,0.0,0.0,0.0,0.0,0.0,0.0,0.0
297.801,apt_walk_3_speckle,PARKED,0.0,0.0,0.0,4,0.0,3.654,0.0,0.0,0.0,0.0,0.0,0.0,0.0
297.901,apt_walk_3_speckle,PARKED,0.0,0.0,0.0,4,0.0,3.654,0.0,0.0,0.0,0.0,0.0,0.0,0.0
298.001,apt_walk_3_speckle,PARKED,0.0,0.0,0.0,4,0.0,3.654,0.0,0.0,0.0,0.0,0.0,0.0,0.0
298.101,apt_walk_3_speckle,PARKED,0.0,0.0,0.0,4,0.0,3.737,0.0,0.0,0.0,0.0,0.0,0.0,0.0
298.201,apt_walk_3_speckle,PARKED,0.0,0.0,0.0,4,0.0,3.665,0.0,0.0,0.0,0.0,0.0,0.0,0.0
298.302,apt_walk_3_speckle,PARKED,0.0,0.0,0.0,4,0.0,3.582,0.0,0.0,0.0,0.0,0.0,0.0,0.0
298.401,apt_walk_3_speckle,PARKED,0.0,0.0,0.0,4,0.0,3.51,0.0,0.0,0.0,0.0,0.0,0.0,0.0
298.501,apt_walk_3_speckle,PARKED,0.0,0.0,0.0,4,0.0,3.352,0.0,0.0,0.0,0.0,0.0,0.0,0.0
298.601,apt_walk_3_speckle,PARKED,0.0,0.0,0.0,4,0.0,3.352,0.0,0.0,0.0,0.0,0.0,0.0,0.0
298.701,apt_walk_3_speckle,PARKED,0.0,0.0,0.0,4,0.0,3.246,0.0,0.0,0.0,0.0,0.0,0.0,0.0
298.801,apt_walk_3_speckle,PARKED,0.0,0.0,0.0,4,0.0,3.246,0.0,0.0,0.0,0.0,0.0,0.0,0.0
298.902,apt_walk_3_speckle,PARKED,0.0,0.0,0.0,4,0.0,2.978,0.0,0.0,0.0,0.0,0.0,0.0,0.0
299.002,apt_walk_3_speckle,PARKED,0.0,0.0,0.0,4,0.0,2.978,0.0,0.0,0.0,0.0,0.0,0.0,0.0
299.101,apt_walk_3_speckle,PARKED,0.0,0.0,0.0,4,0.0,2.874,0.0,0.0,0.0,0.0,0.0,0.0,0.0
299.201,apt_walk_3_speckle,PARKED,0.0,0.0,0.0,4,0.0,2.874,0.0,0.0,0.0,0.0,0.0,0.0,0.0
299.335,apt_walk_3_speckle,PARKED,0.0,0.0,0.0,4,0.0,2.449,0.0,0.0,0.0,0.0,0.0,0.0,0.0
299.41,apt_walk_3_speckle,PARKED,0.0,0.0,0.0,4,0.0,2.449,0.0,0.0,0.0,0.0,0.0,0.0,0.0
299.502,apt_walk_3_speckle,PARKED,0.0,0.0,0.0,4,0.0,2.449,0.0,0.0,0.0,0.0,0.0,0.0,0.0
299.601,apt_walk_3_speckle,PARKED,0.0,0.0,0.0,4,0.0,2.449,0.0,0.0,0.0,0.0,0.0,0.0,0.0
299.701,apt_walk_3_speckle,PARKED,0.0,0.0,0.0,4,0.0,2.449,0.0,0.0,0.0,0.0,0.0,0.0,0.0
299.801,apt_walk_3_speckle,PARKED,0.0,0.0,0.0,4,0.0,2.449,0.0,0.0,0.0,0.0,0.0,0.0,0.0
299.901,apt_walk_3_speckle,PARKED,0.0,0.0,0.0,4,0.0,2.449,0.0,0.0,0.0,0.0,0.0,0.0,0.0
300.002,apt_walk_3_speckle,PARKED,0.0,0.0,0.0,3,0.0,2.249,0.0,0.0,0.0,0.0,0.0,0.0,0.0
