time_s,mode,segment,robot_x,robot_y,robot_th_deg,n_obstacles,max_obs_speed,min_obstacle_dist,path_y,vx_cmd,vy_cmd,vy_rep,corrected_x,corrected_y,corrected_yaw_deg
0.218,v3_deploy_check,PARKED,0.0,0.0,0.0,0,0.0,999.0,0.0,0.0,0.0,0.0,0.0,0.0,0.0
0.345,v3_deploy_check,PARKED,0.0,0.0,0.0,4,0.0253,0.729,0.0,0.0,0.0,0.0,0.0,0.0,0.0
0.464,v3_deploy_check,PARKED,0.0,0.0,0.0,4,0.0076,0.727,0.0,0.0,0.0,0.0,0.0,0.0,0.0
0.52,v3_deploy_check,PARKED,0.0,0.0,0.0,4,0.0581,0.724,0.0,0.0,0.0,0.0,0.0,0.0,0.0
0.619,v3_deploy_check,PARKED,0.0,0.0,0.0,4,0.0581,0.724,0.0,0.0,0.0,0.0,0.0,0.0,0.0
0.72,v3_deploy_check,PARKED,0.0,0.0,0.0,4,0.013,0.724,0.0,0.0,0.0,0.0,0.0,0.0,0.0
0.861,v3_deploy_check,PARKED,0.0,0.0,0.0,4,0.0,0.724,0.0,0.0,0.0,0.0,0.0,0.0,0.0
0.92,v3_deploy_check,PARKED,0.0,0.0,0.0,4,0.0,0.724,0.0,0.0,0.0,0.0,0.0,0.0,0.0
1.019,v3_deploy_check,PARKED,0.0,0.0,0.0,4,0.0,0.724,0.0,0.0,0.0,0.0,0.0,0.0,0.0
1.162,v3_deploy_check,PARKED,0.0,0.0,0.0,4,0.0,0.728,0.0,0.0,0.0,0.0,0.0,0.0,0.0
1.22,v3_deploy_check,PARKED,0.0,0.0,0.0,4,0.0,0.728,0.0,0.0,0.0,0.0,0.0,0.0,0.0
1.319,v3_deploy_check,PARKED,0.0,0.0,0.0,4,0.0,0.728,0.0,0.0,0.0,0.0,0.0,0.0,0.0
1.447,v3_deploy_check,PARKED,0.0,0.0,0.0,4,0.0124,0.728,0.0,0.0,0.0,0.0,0.0,0.0,0.0
1.568,v3_deploy_check,PARKED,0.0,0.0,0.0,4,0.0,0.728,0.0,0.0,0.0,0.0,0.0,0.0,0.0
1.628,v3_deploy_check,PARKED,0.0,0.0,0.0,4,0.056,0.727,0.0,0.0,0.0,0.0,0.0,0.0,0.0
1.719,v3_deploy_check,PARKED,0.0,0.0,0.0,4,0.0151,0.727,0.0,0.0,0.0,0.0,0.0,0.0,0.0
1.842,v3_deploy_check,PARKED,0.0,0.0,0.0,4,0.0151,0.727,0.0,0.0,0.0,0.0,0.0,0.0,0.0
1.958,v3_deploy_check,PARKED,0.0,0.0,0.0,4,0.043,0.726,0.0,0.0,0.0,0.0,0.0,0.0,0.0
2.034,v3_deploy_check,PARKED,0.0,0.0,0.0,4,0.018,0.724,0.0,0.0,0.0,0.0,0.0,0.0,0.0
2.119,v3_deploy_check,PARKED,0.0,0.0,0.0,4,0.018,0.724,0.0,0.0,0.0,0.0,0.0,0.0,0.0
2.219,v3_deploy_check,PARKED,0.0,0.0,0.0,4,0.018,0.724,0.0,0.0,0.0,0.0,0.0,0.0,0.0
2.319,v3_deploy_check,PARKED,0.0,0.0,0.0,4,0.018,0.724,0.0,0.0,0.0,0.0,0.0,0.0,0.0
2.445,v3_deploy_check,PARKED,0.0,0.0,0.0,4,0.028,0.73,0.0,0.0,0.0,0.0,0.0,0.0,0.0
2.567,v3_deploy_check,PARKED,0.0,0.0,0.0,4,0.0392,0.728,0.0,0.0,0.0,0.0,0.0,0.0,0.0
2.621,v3_deploy_check,PARKED,0.0,0.0,0.0,4,0.0392,0.728,0.0,0.0,0.0,0.0,0.0,0.0,0.0
2.721,v3_deploy_check,PARKED,0.0,0.0,0.0,4,0.0103,0.727,0.0,0.0,0.0,0.0,0.0,0.0,0.0
2.82,v3_deploy_check,PARKED,0.0,0.0,0.0,4,0.0103,0.727,0.0,0.0,0.0,0.0,0.0,0.0,0.0
2.94,v3_deploy_check,PARKED,0.0,0.0,0.0,4,0.0045,0.725,0.0,0.0,0.0,0.0,0.0,0.0,0.0
3.066,v3_deploy_check,PARKED,0.0,0.0,0.0,4,0.0,0.727,0.0,0.0,0.0,0.0,0.0,0.0,0.0
3.12,v3_deploy_check,PARKED,0.0,0.0,0.0,4,0.0,0.727,0.0,0.0,0.0,0.0,0.0,0.0,0.0
3.22,v3_deploy_check,PARKED,0.0,0.0,0.0,4,0.0,0.727,0.0,0.0,0.0,0.0,0.0,0.0,0.0
3.319,v3_deploy_check,PARKED,0.0,0.0,0.0,4,0.0,0.727,0.0,0.0,0.0,0.0,0.0,0.0,0.0
3.437,v3_deploy_check,PARKED,0.0,0.0,0.0,4,0.0,0.727,0.0,0.0,0.0,0.0,0.0,0.0,0.0
3.52,v3_deploy_check,PARKED,0.0,0.0,0.0,4,0.0,0.727,0.0,0.0,0.0,0.0,0.0,0.0,0.0
3.626,v3_deploy_check,PARKED,0.0,0.0,0.0,4,0.0546,0.725,0.0,0.0,0.0,0.0,0.0,0.0,0.0
3.72,v3_deploy_check,PARKED,0.0,0.0,0.0,4,0.0546,0.725,0.0,0.0,0.0,0.0,0.0,0.0,0.0
3.839,v3_deploy_check,PARKED,0.0,0.0,0.0,4,0.0064,0.721,0.0,0.0,0.0,0.0,0.0,0.0,0.0
3.965,v3_deploy_check,PARKED,0.0,0.0,0.0,4,0.0,0.725,0.0,0.0,0.0,0.0,0.0,0.0,0.0
4.033,v3_deploy_check,PARKED,0.0,0.0,0.0,4,0.0694,0.724,0.0,0.0,0.0,0.0,0.0,0.0,0.0
4.119,v3_deploy_check,PARKED,0.0,0.0,0.0,4,0.0694,0.724,0.0,0.0,0.0,0.0,0.0,0.0,0.0
4.219,v3_deploy_check,PARKED,0.0,0.0,0.0,4,0.0694,0.724,0.0,0.0,0.0,0.0,0.0,0.0,0.0
4.319,v3_deploy_check,PARKED,0.0,0.0,0.0,4,0.0694,0.724,0.0,0.0,0.0,0.0,0.0,0.0,0.0
4.419,v3_deploy_check,PARKED,0.0,0.0,0.0,4,0.0694,0.724,0.0,0.0,0.0,0.0,0.0,0.0,0.0
4.529,v3_deploy_check,PARKED,0.0,0.0,0.0,4,0.02,0.725,0.0,0.0,0.0,0.0,0.0,0.0,0.0
4.652,v3_deploy_check,PARKED,0.0,0.0,0.0,4,0.0262,0.726,0.0,0.0,0.0,0.0,0.0,0.0,0.0
4.719,v3_deploy_check,PARKED,0.0,0.0,0.0,4,0.0262,0.726,0.0,0.0,0.0,0.0,0.0,0.0,0.0
4.819,v3_deploy_check,PARKED,0.0,0.0,0.0,4,0.0262,0.726,0.0,0.0,0.0,0.0,0.0,0.0,0.0
4.928,v3_deploy_check,PARKED,0.0,0.0,0.0,4,0.0262,0.726,0.0,0.0,0.0,0.0,0.0,0.0,0.0
5.048,v3_deploy_check,PARKED,0.0,0.0,0.0,4,0.0316,0.727,0.0,0.0,0.0,0.0,0.0,0.0,0.0
5.12,v3_deploy_check,PARKED,0.0,0.0,0.0,4,0.0,0.726,0.0,0.0,0.0,0.0,0.0,0.0,0.0
5.22,v3_deploy_check,PARKED,0.0,0.0,0.0,4,0.0,0.726,0.0,0.0,0.0,0.0,0.0,0.0,0.0
5.319,v3_deploy_check,PARKED,0.0,0.0,0.0,4,0.0,0.726,0.0,0.0,0.0,0.0,0.0,0.0,0.0
5.419,v3_deploy_check,PARKED,0.0,0.0,0.0,4,0.0,0.726,0.0,0.0,0.0,0.0,0.0,0.0,0.0
5.519,v3_deploy_check,PARKED,0.0,0.0,0.0,4,0.019,0.724,0.0,0.0,0.0,0.0,0.0,0.0,0.0
5.635,v3_deploy_check,PARKED,0.0,0.0,0.0,4,0.0,0.727,0.0,0.0,0.0,0.0,0.0,0.0,0.0
5.757,v3_deploy_check,PARKED,0.0,0.0,0.0,4,0.0,0.727,0.0,0.0,0.0,0.0,0.0,0.0,0.0
5.82,v3_deploy_check,PARKED,0.0,0.0,0.0,4,0.0623,0.727,0.0,0.0,0.0,0.0,0.0,0.0,0.0
5.929,v3_deploy_check,PARKED,0.0,0.0,0.0,4,0.0623,0.727,0.0,0.0,0.0,0.0,0.0,0.0,0.0
6.023,v3_deploy_check,PARKED,0.0,0.0,0.0,4,0.009,0.722,0.0,0.0,0.0,0.0,0.0,0.0,0.0
6.119,v3_deploy_check,PARKED,0.0,0.0,0.0,4,0.0431,0.726,0.0,0.0,0.0,0.0,0.0,0.0,0.0
6.224,v3_deploy_check,PARKED,0.0,0.0,0.0,4,0.0306,0.725,0.0,0.0,0.0,0.0,0.0,0.0,0.0
6.32,v3_deploy_check,PARKED,0.0,0.0,0.0,4,0.0306,0.725,0.0,0.0,0.0,0.0,0.0,0.0,0.0
6.42,v3_deploy_check,PARKED,0.0,0.0,0.0,4,0.0306,0.725,0.0,0.0,0.0,0.0,0.0,0.0,0.0
6.541,v3_deploy_check,PARKED,0.0,0.0,0.0,4,0.0,0.725,0.0,0.0,0.0,0.0,0.0,0.0,0.0
6.619,v3_deploy_check,PARKED,0.0,0.0,0.0,4,0.0,0.725,0.0,0.0,0.0,0.0,0.0,0.0,0.0
6.719,v3_deploy_check,PARKED,0.0,0.0,0.0,4,0.0,0.725,0.0,0.0,0.0,0.0,0.0,0.0,0.0
6.82,v3_deploy_check,PARKED,0.0,0.0,0.0,4,0.0481,0.727,0.0,0.0,0.0,0.0,0.0,0.0,0.0
6.954,v3_deploy_check,PARKED,0.0,0.0,0.0,4,0.0184,0.727,0.0,0.0,0.0,0.0,0.0,0.0,0.0
7.028,v3_deploy_check,PARKED,0.0,0.0,0.0,4,0.0184,0.727,0.0,0.0,0.0,0.0,0.0,0.0,0.0
7.12,v3_deploy_check,PARKED,0.0,0.0,0.0,4,0.0708,0.727,0.0,0.0,0.0,0.0,0.0,0.0,0.0
7.22,v3_deploy_check,PARKED,0.0,0.0,0.0,4,0.0708,0.727,0.0,0.0,0.0,0.0,0.0,0.0,0.0
7.319,v3_deploy_check,PARKED,0.0,0.0,0.0,4,0.0022,0.727,0.0,0.0,0.0,0.0,0.0,0.0,0.0
7.42,v3_deploy_check,PARKED,0.0,0.0,0.0,4,0.0022,0.727,0.0,0.0,0.0,0.0,0.0,0.0,0.0
7.52,v3_deploy_check,PARKED,0.0,0.0,0.0,4,0.0022,0.727,0.0,0.0,0.0,0.0,0.0,0.0,0.0
7.637,v3_deploy_check,PARKED,0.0,0.0,0.0,4,0.0,0.73,0.0,0.0,0.0,0.0,0.0,0.0,0.0
7.73,v3_deploy_check,PARKED,0.0,0.0,0.0,4,0.0,0.73,0.0,0.0,0.0,0.0,0.0,0.0,0.0
7.862,v3_deploy_check,PARKED,0.0,0.0,0.0,4,0.0,0.726,0.0,0.0,0.0,0.0,0.0,0.0,0.0
7.921,v3_deploy_check,PARKED,0.0,0.0,0.0,4,0.0,0.725,0.0,0.0,0.0,0.0,0.0,0.0,0.0
8.02,v3_deploy_check,PARKED,0.0,0.0,0.0,4,0.0,0.725,0.0,0.0,0.0,0.0,0.0,0.0,0.0
8.119,v3_deploy_check,PARKED,0.0,0.0,0.0,4,0.0446,0.722,0.0,0.0,0.0,0.0,0.0,0.0,0.0
8.231,v3_deploy_check,PARKED,0.0,0.0,0.0,4,0.0713,0.725,0.0,0.0,0.0,0.0,0.0,0.0,0.0
8.336,v3_deploy_check,PARKED,0.0,0.0,0.0,4,0.0713,0.725,0.0,0.0,0.0,0.0,0.0,0.0,0.0
8.463,v3_deploy_check,PARKED,0.0,0.0,0.0,4,0.0488,0.728,0.0,0.0,0.0,0.0,0.0,0.0,0.0
8.519,v3_deploy_check,PARKED,0.0,0.0,0.0,4,0.0488,0.728,0.0,0.0,0.0,0.0,0.0,0.0,0.0
8.64,v3_deploy_check,PARKED,0.0,0.0,0.0,4,0.0143,0.727,0.0,0.0,0.0,0.0,0.0,0.0,0.0
8.72,v3_deploy_check,PARKED,0.0,0.0,0.0,4,0.0143,0.727,0.0,0.0,0.0,0.0,0.0,0.0,0.0
8.819,v3_deploy_check,PARKED,0.0,0.0,0.0,4,0.0,0.724,0.0,0.0,0.0,0.0,0.0,0.0,0.0
8.92,v3_deploy_check,PARKED,0.0,0.0,0.0,4,0.0,0.724,0.0,0.0,0.0,0.0,0.0,0.0,0.0
9.05,v3_deploy_check,PARKED,0.0,0.0,0.0,4,0.0,0.726,0.0,0.0,0.0,0.0,0.0,0.0,0.0
9.12,v3_deploy_check,PARKED,0.0,0.0,0.0,4,0.0402,0.728,0.0,0.0,0.0,0.0,0.0,0.0,0.0
9.22,v3_deploy_check,PARKED,0.0,0.0,0.0,4,0.0402,0.728,0.0,0.0,0.0,0.0,0.0,0.0,0.0
9.348,v3_deploy_check,PARKED,0.0,0.0,0.0,4,0.0631,0.727,0.0,0.0,0.0,0.0,0.0,0.0,0.0
9.456,v3_deploy_check,PARKED,0.0,0.0,0.0,4,0.0631,0.727,0.0,0.0,0.0,0.0,0.0,0.0,0.0
9.525,v3_deploy_check,PARKED,0.0,0.0,0.0,4,0.043,0.728,0.0,0.0,0.0,0.0,0.0,0.0,0.0
9.62,v3_deploy_check,PARKED,0.0,0.0,0.0,4,0.043,0.728,0.0,0.0,0.0,0.0,0.0,0.0,0.0
9.719,v3_deploy_check,PARKED,0.0,0.0,0.0,4,0.043,0.728,0.0,0.0,0.0,0.0,0.0,0.0,0.0
9.819,v3_deploy_check,PARKED,0.0,0.0,0.0,4,0.043,0.728,0.0,0.0,0.0,0.0,0.0,0.0,0.0
9.919,v3_deploy_check,PARKED,0.0,0.0,0.0,4,0.0,0.725,0.0,0.0,0.0,0.0,0.0,0.0,0.0
10.043,v3_deploy_check,PARKED,0.0,0.0,0.0,4,0.0,0.725,0.0,0.0,0.0,0.0,0.0,0.0,0.0
10.118,v3_deploy_check,PARKED,0.0,0.0,0.0,4,0.0,0.725,0.0,0.0,0.0,0.0,0.0,0.0,0.0
10.219,v3_deploy_check,PARKED,0.0,0.0,0.0,4,0.0,0.725,0.0,0.0,0.0,0.0,0.0,0.0,0.0
10.325,v3_deploy_check,PARKED,0.0,0.0,0.0,4,0.0,0.725,0.0,0.0,0.0,0.0,0.0,0.0,0.0
10.438,v3_deploy_check,PARKED,0.0,0.0,0.0,4,0.0,0.721,0.0,0.0,0.0,0.0,0.0,0.0,0.0
10.52,v3_deploy_check,PARKED,0.0,0.0,0.0,4,0.0,0.725,0.0,0.0,0.0,0.0,0.0,0.0,0.0
10.646,v3_deploy_check,PARKED,0.0,0.0,0.0,4,0.0,0.725,0.0,0.0,0.0,0.0,0.0,0.0,0.0
10.719,v3_deploy_check,PARKED,0.0,0.0,0.0,4,0.0,0.725,0.0,0.0,0.0,0.0,0.0,0.0,0.0
10.819,v3_deploy_check,PARKED,0.0,0.0,0.0,4,0.0,0.725,0.0,0.0,0.0,0.0,0.0,0.0,0.0
10.928,v3_deploy_check,PARKED,0.0,0.0,0.0,4,0.01,0.725,0.0,0.0,0.0,0.0,0.0,0.0,0.0
11.019,v3_deploy_check,PARKED,0.0,0.0,0.0,4,0.0,0.724,0.0,0.0,0.0,0.0,0.0,0.0,0.0
11.119,v3_deploy_check,PARKED,0.0,0.0,0.0,4,0.0,0.724,0.0,0.0,0.0,0.0,0.0,0.0,0.0
11.22,v3_deploy_check,PARKED,0.0,0.0,0.0,4,0.0,0.724,0.0,0.0,0.0,0.0,0.0,0.0,0.0
11.336,v3_deploy_check,PARKED,0.0,0.0,0.0,4,0.0,0.724,0.0,0.0,0.0,0.0,0.0,0.0,0.0
11.42,v3_deploy_check,PARKED,0.0,0.0,0.0,4,0.0,0.728,0.0,0.0,0.0,0.0,0.0,0.0,0.0
11.521,v3_deploy_check,PARKED,0.0,0.0,0.0,4,0.0,0.728,0.0,0.0,0.0,0.0,0.0,0.0,0.0
11.628,v3_deploy_check,PARKED,0.0,0.0,0.0,4,0.0,0.728,0.0,0.0,0.0,0.0,0.0,0.0,0.0
11.743,v3_deploy_check,PARKED,0.0,0.0,0.0,4,0.0,0.729,0.0,0.0,0.0,0.0,0.0,0.0,0.0
11.82,v3_deploy_check,PARKED,0.0,0.0,0.0,4,0.0,0.729,0.0,0.0,0.0,0.0,0.0,0.0,0.0
11.95,v3_deploy_check,PARKED,0.0,0.0,0.0,4,0.0689,0.727,0.0,0.0,0.0,0.0,0.0,0.0,0.0
12.05,v3_deploy_check,PARKED,0.0,0.0,0.0,4,0.0689,0.727,0.0,0.0,0.0,0.0,0.0,0.0,0.0
12.119,v3_deploy_check,PARKED,0.0,0.0,0.0,4,0.0689,0.727,0.0,0.0,0.0,0.0,0.0,0.0,0.0
12.267,v3_deploy_check,PARKED,0.0,0.0,0.0,4,0.0117,0.726,0.0,0.0,0.0,0.0,0.0,0.0,0.0
12.326,v3_deploy_check,PARKED,0.0,0.0,0.0,4,0.0117,0.726,0.0,0.0,0.0,0.0,0.0,0.0,0.0
12.457,v3_deploy_check,PARKED,0.0,0.0,0.0,4,0.0,0.728,0.0,0.0,0.0,0.0,0.0,0.0,0.0
12.519,v3_deploy_check,PARKED,0.0,0.0,0.0,4,0.0,0.728,0.0,0.0,0.0,0.0,0.0,0.0,0.0
12.621,v3_deploy_check,PARKED,0.0,0.0,0.0,4,0.0,0.728,0.0,0.0,0.0,0.0,0.0,0.0,0.0
12.737,v3_deploy_check,PARKED,0.0,0.0,0.0,4,0.0216,0.724,0.0,0.0,0.0,0.0,0.0,0.0,0.0
12.828,v3_deploy_check,PARKED,0.0,0.0,0.0,4,0.0281,0.726,0.0,0.0,0.0,0.0,0.0,0.0,0.0
12.919,v3_deploy_check,PARKED,0.0,0.0,0.0,4,0.0281,0.726,0.0,0.0,0.0,0.0,0.0,0.0,0.0
13.02,v3_deploy_check,PARKED,0.0,0.0,0.0,4,0.0281,0.726,0.0,0.0,0.0,0.0,0.0,0.0,0.0
13.12,v3_deploy_check,PARKED,0.0,0.0,0.0,4,0.0281,0.726,0.0,0.0,0.0,0.0,0.0,0.0,0.0
13.255,v3_deploy_check,PARKED,0.0,0.0,0.0,4,0.0,0.727,0.0,0.0,0.0,0.0,0.0,0.0,0.0
13.32,v3_deploy_check,PARKED,0.0,0.0,0.0,4,0.0,0.727,0.0,0.0,0.0,0.0,0.0,0.0,0.0
13.42,v3_deploy_check,PARKED,0.0,0.0,0.0,4,0.0,0.728,0.0,0.0,0.0,0.0,0.0,0.0,0.0
13.53,v3_deploy_check,PARKED,0.0,0.0,0.0,4,0.0,0.728,0.0,0.0,0.0,0.0,0.0,0.0,0.0
13.619,v3_deploy_check,PARKED,0.0,0.0,0.0,4,0.0,0.728,0.0,0.0,0.0,0.0,0.0,0.0,0.0
13.739,v3_deploy_check,PARKED,0.0,0.0,0.0,4,0.0374,0.727,0.0,0.0,0.0,0.0,0.0,0.0,0.0
13.86,v3_deploy_check,PARKED,0.0,0.0,0.0,4,0.0,0.727,0.0,0.0,0.0,0.0,0.0,0.0,0.0
13.919,v3_deploy_check,PARKED,0.0,0.0,0.0,4,0.0,0.727,0.0,0.0,0.0,0.0,0.0,0.0,0.0
14.02,v3_deploy_check,PARKED,0.0,0.0,0.0,4,0.0,0.727,0.0,0.0,0.0,0.0,0.0,0.0,0.0
14.12,v3_deploy_check,PARKED,0.0,0.0,0.0,4,0.0,0.727,0.0,0.0,0.0,0.0,0.0,0.0,0.0
14.226,v3_deploy_check,PARKED,0.0,0.0,0.0,4,0.0234,0.728,0.0,0.0,0.0,0.0,0.0,0.0,0.0
14.319,v3_deploy_check,PARKED,0.0,0.0,0.0,4,0.0199,0.727,0.0,0.0,0.0,0.0,0.0,0.0,0.0
14.444,v3_deploy_check,PARKED,0.0,0.0,0.0,4,0.0199,0.727,0.0,0.0,0.0,0.0,0.0,0.0,0.0
14.559,v3_deploy_check,PARKED,0.0,0.0,0.0,4,0.0,0.724,0.0,0.0,0.0,0.0,0.0,0.0,0.0
14.62,v3_deploy_check,PARKED,0.0,0.0,0.0,4,0.0,0.724,0.0,0.0,0.0,0.0,0.0,0.0,0.0
14.755,v3_deploy_check,PARKED,0.0,0.0,0.0,4,0.033,0.724,0.0,0.0,0.0,0.0,0.0,0.0,0.0
14.82,v3_deploy_check,PARKED,0.0,0.0,0.0,4,0.033,0.724,0.0,0.0,0.0,0.0,0.0,0.0,0.0
14.933,v3_deploy_check,PARKED,0.0,0.0,0.0,4,0.033,0.724,0.0,0.0,0.0,0.0,0.0,0.0,0.0
15.019,v3_deploy_check,PARKED,0.0,0.0,0.0,4,0.033,0.724,0.0,0.0,0.0,0.0,0.0,0.0,0.0
15.119,v3_deploy_check,PARKED,0.0,0.0,0.0,4,0.033,0.724,0.0,0.0,0.0,0.0,0.0,0.0,0.0
15.238,v3_deploy_check,PARKED,0.0,0.0,0.0,4,0.0,0.727,0.0,0.0,0.0,0.0,0.0,0.0,0.0
15.319,v3_deploy_check,PARKED,0.0,0.0,0.0,4,0.0252,0.727,0.0,0.0,0.0,0.0,0.0,0.0,0.0
15.42,v3_deploy_check,PARKED,0.0,0.0,0.0,4,0.0252,0.727,0.0,0.0,0.0,0.0,0.0,0.0,0.0
15.52,v3_deploy_check,PARKED,0.0,0.0,0.0,4,0.0252,0.727,0.0,0.0,0.0,0.0,0.0,0.0,0.0
15.661,v3_deploy_check,PARKED,0.0,0.0,0.0,4,0.0,0.724,0.0,0.0,0.0,0.0,0.0,0.0,0.0
15.727,v3_deploy_check,PARKED,0.0,0.0,0.0,4,0.0,0.724,0.0,0.0,0.0,0.0,0.0,0.0,0.0
15.844,v3_deploy_check,PARKED,0.0,0.0,0.0,4,0.0592,0.728,0.0,0.0,0.0,0.0,0.0,0.0,0.0
15.939,v3_deploy_check,PARKED,0.0,0.0,0.0,4,0.0592,0.728,0.0,0.0,0.0,0.0,0.0,0.0,0.0
16.019,v3_deploy_check,PARKED,0.0,0.0,0.0,4,0.0592,0.728,0.0,0.0,0.0,0.0,0.0,0.0,0.0
16.119,v3_deploy_check,PARKED,0.0,0.0,0.0,4,0.0592,0.728,0.0,0.0,0.0,0.0,0.0,0.0,0.0
16.22,v3_deploy_check,PARKED,0.0,0.0,0.0,4,0.0,0.724,0.0,0.0,0.0,0.0,0.0,0.0,0.0
16.32,v3_deploy_check,PARKED,0.0,0.0,0.0,4,0.0,0.724,0.0,0.0,0.0,0.0,0.0,0.0,0.0
16.468,v3_deploy_check,PARKED,0.0,0.0,0.0,4,0.0,0.724,0.0,0.0,0.0,0.0,0.0,0.0,0.0
16.531,v3_deploy_check,PARKED,0.0,0.0,0.0,4,0.0233,0.726,0.0,0.0,0.0,0.0,0.0,0.0,0.0
16.648,v3_deploy_check,PARKED,0.0,0.0,0.0,4,0.0596,0.727,0.0,0.0,0.0,0.0,0.0,0.0,0.0
16.721,v3_deploy_check,PARKED,0.0,0.0,0.0,4,0.0596,0.727,0.0,0.0,0.0,0.0,0.0,0.0,0.0
16.819,v3_deploy_check,PARKED,0.0,0.0,0.0,4,0.0596,0.727,0.0,0.0,0.0,0.0,0.0,0.0,0.0
16.919,v3_deploy_check,PARKED,0.0,0.0,0.0,4,0.0596,0.727,0.0,0.0,0.0,0.0,0.0,0.0,0.0
17.019,v3_deploy_check,PARKED,0.0,0.0,0.0,4,0.0333,0.725,0.0,0.0,0.0,0.0,0.0,0.0,0.0
17.12,v3_deploy_check,PARKED,0.0,0.0,0.0,4,0.0333,0.725,0.0,0.0,0.0,0.0,0.0,0.0,0.0
17.22,v3_deploy_check,PARKED,0.0,0.0,0.0,4,0.0113,0.726,0.0,0.0,0.0,0.0,0.0,0.0,0.0
17.32,v3_deploy_check,PARKED,0.0,0.0,0.0,4,0.046,0.726,0.0,0.0,0.0,0.0,0.0,0.0,0.0
17.419,v3_deploy_check,PARKED,0.0,0.0,0.0,4,0.046,0.726,0.0,0.0,0.0,0.0,0.0,0.0,0.0
17.544,v3_deploy_check,PARKED,0.0,0.0,0.0,4,0.046,0.726,0.0,0.0,0.0,0.0,0.0,0.0,0.0
17.62,v3_deploy_check,PARKED,0.0,0.0,0.0,4,0.0266,0.724,0.0,0.0,0.0,0.0,0.0,0.0,0.0
17.733,v3_deploy_check,PARKED,0.0,0.0,0.0,4,0.0266,0.724,0.0,0.0,0.0,0.0,0.0,0.0,0.0
17.819,v3_deploy_check,PARKED,0.0,0.0,0.0,4,0.0266,0.724,0.0,0.0,0.0,0.0,0.0,0.0,0.0
17.948,v3_deploy_check,PARKED,0.0,0.0,0.0,4,0.0617,0.724,0.0,0.0,0.0,0.0,0.0,0.0,0.0
18.02,v3_deploy_check,PARKED,0.0,0.0,0.0,4,0.0281,0.726,0.0,0.0,0.0,0.0,0.0,0.0,0.0
18.12,v3_deploy_check,PARKED,0.0,0.0,0.0,4,0.0281,0.726,0.0,0.0,0.0,0.0,0.0,0.0,0.0
18.219,v3_deploy_check,PARKED,0.0,0.0,0.0,4,0.0281,0.726,0.0,0.0,0.0,0.0,0.0,0.0,0.0
18.319,v3_deploy_check,PARKED,0.0,0.0,0.0,4,0.0281,0.726,0.0,0.0,0.0,0.0,0.0,0.0,0.0
18.438,v3_deploy_check,PARKED,0.0,0.0,0.0,4,0.0041,0.727,0.0,0.0,0.0,0.0,0.0,0.0,0.0
18.561,v3_deploy_check,PARKED,0.0,0.0,0.0,4,0.0,0.727,0.0,0.0,0.0,0.0,0.0,0.0,0.0
18.619,v3_deploy_check,PARKED,0.0,0.0,0.0,4,0.0,0.727,0.0,0.0,0.0,0.0,0.0,0.0,0.0
18.724,v3_deploy_check,PARKED,0.0,0.0,0.0,4,0.0,0.727,0.0,0.0,0.0,0.0,0.0,0.0,0.0
18.82,v3_deploy_check,PARKED,0.0,0.0,0.0,4,0.0,0.727,0.0,0.0,0.0,0.0,0.0,0.0,0.0
18.949,v3_deploy_check,PARKED,0.0,0.0,0.0,4,0.0,0.727,0.0,0.0,0.0,0.0,0.0,0.0,0.0
19.019,v3_deploy_check,PARKED,0.0,0.0,0.0,4,0.0671,0.724,0.0,0.0,0.0,0.0,0.0,0.0,0.0
19.119,v3_deploy_check,PARKED,0.0,0.0,0.0,4,0.0671,0.724,0.0,0.0,0.0,0.0,0.0,0.0,0.0
19.252,v3_deploy_check,PARKED,0.0,0.0,0.0,4,0.0671,0.724,0.0,0.0,0.0,0.0,0.0,0.0,0.0
19.32,v3_deploy_check,PARKED,0.0,0.0,0.0,4,0.0671,0.724,0.0,0.0,0.0,0.0,0.0,0.0,0.0
19.419,v3_deploy_check,PARKED,0.0,0.0,0.0,4,0.0671,0.724,0.0,0.0,0.0,0.0,0.0,0.0,0.0
19.519,v3_deploy_check,PARKED,0.0,0.0,0.0,4,0.0,0.723,0.0,0.0,0.0,0.0,0.0,0.0,0.0
19.638,v3_deploy_check,PARKED,0.0,0.0,0.0,4,0.0,0.723,0.0,0.0,0.0,0.0,0.0,0.0,0.0
19.733,v3_deploy_check,PARKED,0.0,0.0,0.0,4,0.0,0.726,0.0,0.0,0.0,0.0,0.0,0.0,0.0
19.824,v3_deploy_check,PARKED,0.0,0.0,0.0,4,0.0,0.726,0.0,0.0,0.0,0.0,0.0,0.0,0.0
19.963,v3_deploy_check,PARKED,0.0,0.0,0.0,4,0.0,0.727,0.0,0.0,0.0,0.0,0.0,0.0,0.0
20.02,v3_deploy_check,PARKED,0.0,0.0,0.0,4,0.0,0.728,0.0,0.0,0.0,0.0,0.0,0.0,0.0
20.119,v3_deploy_check,PARKED,0.0,0.0,0.0,4,0.0,0.728,0.0,0.0,0.0,0.0,0.0,0.0,0.0
20.22,v3_deploy_check,PARKED,0.0,0.0,0.0,4,0.0,0.728,0.0,0.0,0.0,0.0,0.0,0.0,0.0
20.327,v3_deploy_check,PARKED,0.0,0.0,0.0,4,0.0,0.723,0.0,0.0,0.0,0.0,0.0,0.0,0.0
20.42,v3_deploy_check,PARKED,0.0,0.0,0.0,4,0.0,0.723,0.0,0.0,0.0,0.0,0.0,0.0,0.0
20.519,v3_deploy_check,PARKED,0.0,0.0,0.0,4,0.0,0.725,0.0,0.0,0.0,0.0,0.0,0.0,0.0
20.629,v3_deploy_check,PARKED,0.0,0.0,0.0,4,0.0,0.729,0.0,0.0,0.0,0.0,0.0,0.0,0.0
20.719,v3_deploy_check,PARKED,0.0,0.0,0.0,4,0.0444,0.727,0.0,0.0,0.0,0.0,0.0,0.0,0.0
20.819,v3_deploy_check,PARKED,0.0,0.0,0.0,4,0.0362,0.727,0.0,0.0,0.0,0.0,0.0,0.0,0.0
20.941,v3_deploy_check,PARKED,0.0,0.0,0.0,4,0.0233,0.726,0.0,0.0,0.0,0.0,0.0,0.0,0.0
21.019,v3_deploy_check,PARKED,0.0,0.0,0.0,4,0.0233,0.726,0.0,0.0,0.0,0.0,0.0,0.0,0.0
21.119,v3_deploy_check,PARKED,0.0,0.0,0.0,4,0.0,0.728,0.0,0.0,0.0,0.0,0.0,0.0,0.0
21.219,v3_deploy_check,PARKED,0.0,0.0,0.0,4,0.0,0.728,0.0,0.0,0.0,0.0,0.0,0.0,0.0
21.349,v3_deploy_check,PARKED,0.0,0.0,0.0,4,0.0,0.724,0.0,0.0,0.0,0.0,0.0,0.0,0.0
21.419,v3_deploy_check,PARKED,0.0,0.0,0.0,4,0.0,0.724,0.0,0.0,0.0,0.0,0.0,0.0,0.0
21.52,v3_deploy_check,PARKED,0.0,0.0,0.0,4,0.0,0.724,0.0,0.0,0.0,0.0,0.0,0.0,0.0
21.62,v3_deploy_check,PARKED,0.0,0.0,0.0,4,0.0,0.724,0.0,0.0,0.0,0.0,0.0,0.0,0.0
21.719,v3_deploy_check,PARKED,0.0,0.0,0.0,4,0.0294,0.727,0.0,0.0,0.0,0.0,0.0,0.0,0.0
21.82,v3_deploy_check,PARKED,0.0,0.0,0.0,4,0.0308,0.726,0.0,0.0,0.0,0.0,0.0,0.0,0.0
21.945,v3_deploy_check,PARKED,0.0,0.0,0.0,4,0.0,0.726,0.0,0.0,0.0,0.0,0.0,0.0,0.0
22.019,v3_deploy_check,PARKED,0.0,0.0,0.0,4,0.0,0.726,0.0,0.0,0.0,0.0,0.0,0.0,0.0
22.119,v3_deploy_check,PARKED,0.0,0.0,0.0,4,0.0,0.726,0.0,0.0,0.0,0.0,0.0,0.0,0.0
22.22,v3_deploy_check,PARKED,0.0,0.0,0.0,4,0.0,0.728,0.0,0.0,0.0,0.0,0.0,0.0,0.0
22.325,v3_deploy_check,PARKED,0.0,0.0,0.0,4,0.0,0.726,0.0,0.0,0.0,0.0,0.0,0.0,0.0
22.42,v3_deploy_check,PARKED,0.0,0.0,0.0,4,0.0,0.727,0.0,0.0,0.0,0.0,0.0,0.0,0.0
22.52,v3_deploy_check,PARKED,0.0,0.0,0.0,4,0.0,0.727,0.0,0.0,0.0,0.0,0.0,0.0,0.0
22.619,v3_deploy_check,PARKED,0.0,0.0,0.0,4,0.0,0.727,0.0,0.0,0.0,0.0,0.0,0.0,0.0
22.753,v3_deploy_check,PARKED,0.0,0.0,0.0,4,0.0,0.722,0.0,0.0,0.0,0.0,0.0,0.0,0.0
22.83,v3_deploy_check,PARKED,0.0,0.0,0.0,4,0.0,0.724,0.0,0.0,0.0,0.0,0.0,0.0,0.0
22.919,v3_deploy_check,PARKED,0.0,0.0,0.0,4,0.0,0.724,0.0,0.0,0.0,0.0,0.0,0.0,0.0
23.02,v3_deploy_check,PARKED,0.0,0.0,0.0,4,0.0231,0.724,0.0,0.0,0.0,0.0,0.0,0.0,0.0
23.119,v3_deploy_check,PARKED,0.0,0.0,0.0,4,0.0231,0.724,0.0,0.0,0.0,0.0,0.0,0.0,0.0
23.219,v3_deploy_check,PARKED,0.0,0.0,0.0,4,0.0231,0.724,0.0,0.0,0.0,0.0,0.0,0.0,0.0
23.352,v3_deploy_check,PARKED,0.0,0.0,0.0,4,0.0,0.726,0.0,0.0,0.0,0.0,0.0,0.0,0.0
23.419,v3_deploy_check,PARKED,0.0,0.0,0.0,4,0.0,0.726,0.0,0.0,0.0,0.0,0.0,0.0,0.0
23.527,v3_deploy_check,PARKED,0.0,0.0,0.0,4,0.0,0.727,0.0,0.0,0.0,0.0,0.0,0.0,0.0
23.619,v3_deploy_check,PARKED,0.0,0.0,0.0,4,0.0,0.727,0.0,0.0,0.0,0.0,0.0,0.0,0.0
23.741,v3_deploy_check,PARKED,0.0,0.0,0.0,4,0.0,0.725,0.0,0.0,0.0,0.0,0.0,0.0,0.0
23.819,v3_deploy_check,PARKED,0.0,0.0,0.0,4,0.0488,0.727,0.0,0.0,0.0,0.0,0.0,0.0,0.0
23.919,v3_deploy_check,PARKED,0.0,0.0,0.0,4,0.0488,0.727,0.0,0.0,0.0,0.0,0.0,0.0,0.0
24.021,v3_deploy_check,PARKED,0.0,0.0,0.0,4,0.0255,0.728,0.0,0.0,0.0,0.0,0.0,0.0,0.0
24.167,v3_deploy_check,PARKED,0.0,0.0,0.0,4,0.0587,0.725,0.0,0.0,0.0,0.0,0.0,0.0,0.0
24.231,v3_deploy_check,PARKED,0.0,0.0,0.0,4,0.0361,0.724,0.0,0.0,0.0,0.0,0.0,0.0,0.0
24.319,v3_deploy_check,PARKED,0.0,0.0,0.0,4,0.0206,0.727,0.0,0.0,0.0,0.0,0.0,0.0,0.0
24.433,v3_deploy_check,PARKED,0.0,0.0,0.0,4,0.0206,0.727,0.0,0.0,0.0,0.0,0.0,0.0,0.0
24.52,v3_deploy_check,PARKED,0.0,0.0,0.0,4,0.0,0.726,0.0,0.0,0.0,0.0,0.0,0.0,0.0
24.62,v3_deploy_check,PARKED,0.0,0.0,0.0,4,0.0311,0.721,0.0,0.0,0.0,0.0,0.0,0.0,0.0
24.72,v3_deploy_check,PARKED,0.0,0.0,0.0,4,0.0311,0.721,0.0,0.0,0.0,0.0,0.0,0.0,0.0
24.82,v3_deploy_check,PARKED,0.0,0.0,0.0,4,0.0181,0.724,0.0,0.0,0.0,0.0,0.0,0.0,0.0
24.939,v3_deploy_check,PARKED,0.0,0.0,0.0,4,0.0149,0.726,0.0,0.0,0.0,0.0,0.0,0.0,0.0
25.067,v3_deploy_check,PARKED,0.0,0.0,0.0,4,0.0348,0.725,0.0,0.0,0.0,0.0,0.0,0.0,0.0
25.129,v3_deploy_check,PARKED,0.0,0.0,0.0,4,0.012,0.726,0.0,0.0,0.0,0.0,0.0,0.0,0.0
25.219,v3_deploy_check,PARKED,0.0,0.0,0.0,4,0.0,0.727,0.0,0.0,0.0,0.0,0.0,0.0,0.0
25.319,v3_deploy_check,PARKED,0.0,0.0,0.0,4,0.0,0.727,0.0,0.0,0.0,0.0,0.0,0.0,0.0
25.419,v3_deploy_check,PARKED,0.0,0.0,0.0,4,0.0,0.727,0.0,0.0,0.0,0.0,0.0,0.0,0.0
25.519,v3_deploy_check,PARKED,0.0,0.0,0.0,4,0.0,0.726,0.0,0.0,0.0,0.0,0.0,0.0,0.0
25.631,v3_deploy_check,PARKED,0.0,0.0,0.0,4,0.0458,0.727,0.0,0.0,0.0,0.0,0.0,0.0,0.0
25.72,v3_deploy_check,PARKED,0.0,0.0,0.0,4,0.0458,0.727,0.0,0.0,0.0,0.0,0.0,0.0,0.0
25.819,v3_deploy_check,PARKED,0.0,0.0,0.0,4,0.0458,0.727,0.0,0.0,0.0,0.0,0.0,0.0,0.0
25.919,v3_deploy_check,PARKED,0.0,0.0,0.0,4,0.0458,0.727,0.0,0.0,0.0,0.0,0.0,0.0,0.0
26.068,v3_deploy_check,PARKED,0.0,0.0,0.0,4,0.05,0.728,0.0,0.0,0.0,0.0,0.0,0.0,0.0
26.13,v3_deploy_check,PARKED,0.0,0.0,0.0,4,0.0331,0.726,0.0,0.0,0.0,0.0,0.0,0.0,0.0
26.219,v3_deploy_check,PARKED,0.0,0.0,0.0,4,0.0284,0.725,0.0,0.0,0.0,0.0,0.0,0.0,0.0
26.325,v3_deploy_check,PARKED,0.0,0.0,0.0,4,0.0284,0.725,0.0,0.0,0.0,0.0,0.0,0.0,0.0
26.46,v3_deploy_check,PARKED,0.0,0.0,0.0,4,0.0,0.727,0.0,0.0,0.0,0.0,0.0,0.0,0.0
26.529,v3_deploy_check,PARKED,0.0,0.0,0.0,4,0.0,0.727,0.0,0.0,0.0,0.0,0.0,0.0,0.0
26.619,v3_deploy_check,PARKED,0.0,0.0,0.0,4,0.0215,0.732,0.0,0.0,0.0,0.0,0.0,0.0,0.0
26.721,v3_deploy_check,PARKED,0.0,0.0,0.0,4,0.0354,0.729,0.0,0.0,0.0,0.0,0.0,0.0,0.0
26.82,v3_deploy_check,PARKED,0.0,0.0,0.0,4,0.0354,0.729,0.0,0.0,0.0,0.0,0.0,0.0,0.0
26.92,v3_deploy_check,PARKED,0.0,0.0,0.0,4,0.0354,0.729,0.0,0.0,0.0,0.0,0.0,0.0,0.0
27.057,v3_deploy_check,PARKED,0.0,0.0,0.0,4,0.0,0.727,0.0,0.0,0.0,0.0,0.0,0.0,0.0
27.12,v3_deploy_check,PARKED,0.0,0.0,0.0,4,0.0,0.727,0.0,0.0,0.0,0.0,0.0,0.0,0.0
27.244,v3_deploy_check,PARKED,0.0,0.0,0.0,4,0.0,0.723,0.0,0.0,0.0,0.0,0.0,0.0,0.0
27.346,v3_deploy_check,PARKED,0.0,0.0,0.0,4,0.0,0.723,0.0,0.0,0.0,0.0,0.0,0.0,0.0
27.445,v3_deploy_check,PARKED,0.0,0.0,0.0,4,0.0408,0.726,0.0,0.0,0.0,0.0,0.0,0.0,0.0
27.568,v3_deploy_check,PARKED,0.0,0.0,0.0,4,0.0266,0.729,0.0,0.0,0.0,0.0,0.0,0.0,0.0
27.619,v3_deploy_check,PARKED,0.0,0.0,0.0,4,0.0266,0.729,0.0,0.0,0.0,0.0,0.0,0.0,0.0
27.72,v3_deploy_check,PARKED,0.0,0.0,0.0,4,0.0263,0.728,0.0,0.0,0.0,0.0,0.0,0.0,0.0
27.825,v3_deploy_check,PARKED,0.0,0.0,0.0,4,0.0263,0.728,0.0,0.0,0.0,0.0,0.0,0.0,0.0
27.92,v3_deploy_check,PARKED,0.0,0.0,0.0,4,0.0263,0.728,0.0,0.0,0.0,0.0,0.0,0.0,0.0
28.02,v3_deploy_check,PARKED,0.0,0.0,0.0,4,0.0263,0.728,0.0,0.0,0.0,0.0,0.0,0.0,0.0
28.144,v3_deploy_check,PARKED,0.0,0.0,0.0,4,0.0,0.726,0.0,0.0,0.0,0.0,0.0,0.0,0.0
28.22,v3_deploy_check,PARKED,0.0,0.0,0.0,4,0.0,0.726,0.0,0.0,0.0,0.0,0.0,0.0,0.0
28.319,v3_deploy_check,PARKED,0.0,0.0,0.0,4,0.0235,0.727,0.0,0.0,0.0,0.0,0.0,0.0,0.0
28.454,v3_deploy_check,PARKED,0.0,0.0,0.0,4,0.0357,0.723,0.0,0.0,0.0,0.0,0.0,0.0,0.0
28.522,v3_deploy_check,PARKED,0.0,0.0,0.0,4,0.0357,0.723,0.0,0.0,0.0,0.0,0.0,0.0,0.0
28.62,v3_deploy_check,PARKED,0.0,0.0,0.0,4,0.0221,0.724,0.0,0.0,0.0,0.0,0.0,0.0,0.0
28.743,v3_deploy_check,PARKED,0.0,0.0,0.0,4,0.0252,0.725,0.0,0.0,0.0,0.0,0.0,0.0,0.0
28.83,v3_deploy_check,PARKED,0.0,0.0,0.0,4,0.0252,0.725,0.0,0.0,0.0,0.0,0.0,0.0,0.0
28.919,v3_deploy_check,PARKED,0.0,0.0,0.0,4,0.2584,0.725,0.0,0.0,0.0,0.0,0.0,0.0,0.0
29.024,v3_deploy_check,PARKED,0.0,0.0,0.0,5,0.3165,0.792,0.0,0.0,0.0,0.0,0.0,0.0,0.0
29.138,v3_deploy_check,PARKED,0.0,0.0,0.0,4,0.1029,0.746,0.0,0.0,0.0,0.0,0.0,0.0,0.0
29.232,v3_deploy_check,PARKED,0.0,0.0,0.0,5,0.0,0.733,0.0,0.0,0.0,0.0,0.0,0.0,0.0
29.319,v3_deploy_check,PARKED,0.0,0.0,0.0,4,0.0,0.728,0.0,0.0,0.0,0.0,0.0,0.0,0.0
29.438,v3_deploy_check,PARKED,0.0,0.0,0.0,4,0.0,0.727,0.0,0.0,0.0,0.0,0.0,0.0,0.0
29.567,v3_deploy_check,PARKED,0.0,0.0,0.0,4,0.0,0.726,0.0,0.0,0.0,0.0,0.0,0.0,0.0
29.649,v3_deploy_check,PARKED,0.0,0.0,0.0,4,0.0,0.726,0.0,0.0,0.0,0.0,0.0,0.0,0.0
29.739,v3_deploy_check,PARKED,0.0,0.0,0.0,4,0.0,0.726,0.0,0.0,0.0,0.0,0.0,0.0,0.0
29.85,v3_deploy_check,PARKED,0.0,0.0,0.0,4,0.0,0.725,0.0,0.0,0.0,0.0,0.0,0.0,0.0
29.921,v3_deploy_check,PARKED,0.0,0.0,0.0,4,0.0,0.724,0.0,0.0,0.0,0.0,0.0,0.0,0.0
30.02,v3_deploy_check,PARKED,0.0,0.0,0.0,4,0.0,0.724,0.0,0.0,0.0,0.0,0.0,0.0,0.0
30.12,v3_deploy_check,PARKED,0.0,0.0,0.0,4,0.0,0.724,0.0,0.0,0.0,0.0,0.0,0.0,0.0
30.219,v3_deploy_check,PARKED,0.0,0.0,0.0,4,0.0,0.724,0.0,0.0,0.0,0.0,0.0,0.0,0.0
30.348,v3_deploy_check,PARKED,0.0,0.0,0.0,4,0.0357,0.724,0.0,0.0,0.0,0.0,0.0,0.0,0.0
30.42,v3_deploy_check,PARKED,0.0,0.0,0.0,4,0.0332,0.724,0.0,0.0,0.0,0.0,0.0,0.0,0.0
30.52,v3_deploy_check,PARKED,0.0,0.0,0.0,4,0.0397,0.72,0.0,0.0,0.0,0.0,0.0,0.0,0.0
30.645,v3_deploy_check,PARKED,0.0,0.0,0.0,4,0.0298,0.727,0.0,0.0,0.0,0.0,0.0,0.0,0.0
30.719,v3_deploy_check,PARKED,0.0,0.0,0.0,4,0.0298,0.727,0.0,0.0,0.0,0.0,0.0,0.0,0.0
30.851,v3_deploy_check,PARKED,0.0,0.0,0.0,4,0.0051,0.728,0.0,0.0,0.0,0.0,0.0,0.0,0.0
30.92,v3_deploy_check,PARKED,0.0,0.0,0.0,4,0.0,0.726,0.0,0.0,0.0,0.0,0.0,0.0,0.0
31.02,v3_deploy_check,PARKED,0.0,0.0,0.0,4,0.0322,0.726,0.0,0.0,0.0,0.0,0.0,0.0,0.0
31.12,v3_deploy_check,PARKED,0.0,0.0,0.0,4,0.0322,0.726,0.0,0.0,0.0,0.0,0.0,0.0,0.0
31.22,v3_deploy_check,PARKED,0.0,0.0,0.0,4,0.0322,0.726,0.0,0.0,0.0,0.0,0.0,0.0,0.0
31.32,v3_deploy_check,PARKED,0.0,0.0,0.0,4,0.0322,0.726,0.0,0.0,0.0,0.0,0.0,0.0,0.0
31.468,v3_deploy_check,PARKED,0.0,0.0,0.0,4,0.0,0.726,0.0,0.0,0.0,0.0,0.0,0.0,0.0
31.52,v3_deploy_check,PARKED,0.0,0.0,0.0,4,0.0,0.726,0.0,0.0,0.0,0.0,0.0,0.0,0.0
31.62,v3_deploy_check,PARKED,0.0,0.0,0.0,4,0.0,0.726,0.0,0.0,0.0,0.0,0.0,0.0,0.0
31.722,v3_deploy_check,PARKED,0.0,0.0,0.0,4,0.0,0.726,0.0,0.0,0.0,0.0,0.0,0.0,0.0
31.819,v3_deploy_check,PARKED,0.0,0.0,0.0,4,0.0,0.726,0.0,0.0,0.0,0.0,0.0,0.0,0.0
31.935,v3_deploy_check,PARKED,0.0,0.0,0.0,4,0.0,0.725,0.0,0.0,0.0,0.0,0.0,0.0,0.0
32.019,v3_deploy_check,PARKED,0.0,0.0,0.0,4,0.0,0.725,0.0,0.0,0.0,0.0,0.0,0.0,0.0
32.122,v3_deploy_check,PARKED,0.0,0.0,0.0,4,0.0,0.725,0.0,0.0,0.0,0.0,0.0,0.0,0.0
32.219,v3_deploy_check,PARKED,0.0,0.0,0.0,4,0.0,0.725,0.0,0.0,0.0,0.0,0.0,0.0,0.0
32.354,v3_deploy_check,PARKED,0.0,0.0,0.0,4,0.0136,0.724,0.0,0.0,0.0,0.0,0.0,0.0,0.0
32.422,v3_deploy_check,PARKED,0.0,0.0,0.0,4,0.0,0.726,0.0,0.0,0.0,0.0,0.0,0.0,0.0
32.545,v3_deploy_check,PARKED,0.0,0.0,0.0,4,0.0,0.728,0.0,0.0,0.0,0.0,0.0,0.0,0.0
32.62,v3_deploy_check,PARKED,0.0,0.0,0.0,4,0.0,0.726,0.0,0.0,0.0,0.0,0.0,0.0,0.0
32.738,v3_deploy_check,PARKED,0.0,0.0,0.0,4,0.0,0.728,0.0,0.0,0.0,0.0,0.0,0.0,0.0
32.869,v3_deploy_check,PARKED,0.0,0.0,0.0,4,0.0,0.728,0.0,0.0,0.0,0.0,0.0,0.0,0.0
32.92,v3_deploy_check,PARKED,0.0,0.0,0.0,4,0.0,0.728,0.0,0.0,0.0,0.0,0.0,0.0,0.0
33.056,v3_deploy_check,PARKED,0.0,0.0,0.0,4,0.0,0.727,0.0,0.0,0.0,0.0,0.0,0.0,0.0
33.12,v3_deploy_check,PARKED,0.0,0.0,0.0,4,0.0,0.727,0.0,0.0,0.0,0.0,0.0,0.0,0.0
33.221,v3_deploy_check,PARKED,0.0,0.0,0.0,4,0.0,0.727,0.0,0.0,0.0,0.0,0.0,0.0,0.0
33.354,v3_deploy_check,PARKED,0.0,0.0,0.0,4,0.0,0.728,0.0,0.0,0.0,0.0,0.0,0.0,0.0
33.419,v3_deploy_check,PARKED,0.0,0.0,0.0,4,0.0,0.728,0.0,0.0,0.0,0.0,0.0,0.0,0.0
33.537,v3_deploy_check,PARKED,0.0,0.0,0.0,4,0.0,0.728,0.0,0.0,0.0,0.0,0.0,0.0,0.0
33.638,v3_deploy_check,PARKED,0.0,0.0,0.0,4,0.0,0.728,0.0,0.0,0.0,0.0,0.0,0.0,0.0
33.758,v3_deploy_check,PARKED,0.0,0.0,0.0,4,0.5427,0.944,0.0,0.0,0.0,0.0,0.0,0.0,0.0
33.82,v3_deploy_check,PARKED,0.0,0.0,0.0,4,0.2187,0.79,0.0,0.0,0.0,0.0,0.0,0.0,0.0
33.92,v3_deploy_check,PARKED,0.0,0.0,0.0,4,0.2187,0.79,0.0,0.0,0.0,0.0,0.0,0.0,0.0
34.02,v3_deploy_check,PARKED,0.0,0.0,0.0,4,0.2187,0.79,0.0,0.0,0.0,0.0,0.0,0.0,0.0
34.12,v3_deploy_check,PARKED,0.0,0.0,0.0,4,0.0452,0.728,0.0,0.0,0.0,0.0,0.0,0.0,0.0
34.252,v3_deploy_check,PARKED,0.0,0.0,0.0,4,0.0452,0.728,0.0,0.0,0.0,0.0,0.0,0.0,0.0
34.321,v3_deploy_check,PARKED,0.0,0.0,0.0,4,0.0452,0.728,0.0,0.0,0.0,0.0,0.0,0.0,0.0
34.42,v3_deploy_check,PARKED,0.0,0.0,0.0,4,0.0452,0.728,0.0,0.0,0.0,0.0,0.0,0.0,0.0
34.52,v3_deploy_check,PARKED,0.0,0.0,0.0,4,0.0452,0.728,0.0,0.0,0.0,0.0,0.0,0.0,0.0
34.619,v3_deploy_check,PARKED,0.0,0.0,0.0,4,0.0452,0.728,0.0,0.0,0.0,0.0,0.0,0.0,0.0
34.719,v3_deploy_check,PARKED,0.0,0.0,0.0,4,0.0376,0.727,0.0,0.0,0.0,0.0,0.0,0.0,0.0
34.836,v3_deploy_check,PARKED,0.0,0.0,0.0,4,0.0,0.728,0.0,0.0,0.0,0.0,0.0,0.0,0.0
34.918,v3_deploy_check,PARKED,0.0,0.0,0.0,4,0.0,0.729,0.0,0.0,0.0,0.0,0.0,0.0,0.0
35.02,v3_deploy_check,PARKED,0.0,0.0,0.0,4,0.0,0.729,0.0,0.0,0.0,0.0,0.0,0.0,0.0
35.12,v3_deploy_check,PARKED,0.0,0.0,0.0,4,0.0,0.725,0.0,0.0,0.0,0.0,0.0,0.0,0.0
35.257,v3_deploy_check,PARKED,0.0,0.0,0.0,4,0.0,0.727,0.0,0.0,0.0,0.0,0.0,0.0,0.0
35.32,v3_deploy_check,PARKED,0.0,0.0,0.0,4,0.0,0.727,0.0,0.0,0.0,0.0,0.0,0.0,0.0
35.419,v3_deploy_check,PARKED,0.0,0.0,0.0,4,0.0361,0.724,0.0,0.0,0.0,0.0,0.0,0.0,0.0
35.552,v3_deploy_check,PARKED,0.0,0.0,0.0,4,0.0,0.724,0.0,0.0,0.0,0.0,0.0,0.0,0.0
35.62,v3_deploy_check,PARKED,0.0,0.0,0.0,4,0.0,0.724,0.0,0.0,0.0,0.0,0.0,0.0,0.0
35.72,v3_deploy_check,PARKED,0.0,0.0,0.0,4,0.0,0.724,0.0,0.0,0.0,0.0,0.0,0.0,0.0
35.853,v3_deploy_check,PARKED,0.0,0.0,0.0,4,0.0,0.721,0.0,0.0,0.0,0.0,0.0,0.0,0.0
35.919,v3_deploy_check,PARKED,0.0,0.0,0.0,4,0.0,0.726,0.0,0.0,0.0,0.0,0.0,0.0,0.0
36.019,v3_deploy_check,PARKED,0.0,0.0,0.0,4,0.0,0.726,0.0,0.0,0.0,0.0,0.0,0.0,0.0
36.12,v3_deploy_check,PARKED,0.0,0.0,0.0,4,0.0,0.726,0.0,0.0,0.0,0.0,0.0,0.0,0.0
36.22,v3_deploy_check,PARKED,0.0,0.0,0.0,4,0.0272,0.727,0.0,0.0,0.0,0.0,0.0,0.0,0.0
36.319,v3_deploy_check,PARKED,0.0,0.0,0.0,4,0.0089,0.727,0.0,0.0,0.0,0.0,0.0,0.0,0.0
36.424,v3_deploy_check,PARKED,0.0,0.0,0.0,4,0.0,0.724,0.0,0.0,0.0,0.0,0.0,0.0,0.0
36.52,v3_deploy_check,PARKED,0.0,0.0,0.0,4,0.0,0.724,0.0,0.0,0.0,0.0,0.0,0.0,0.0
36.641,v3_deploy_check,PARKED,0.0,0.0,0.0,4,0.0,0.727,0.0,0.0,0.0,0.0,0.0,0.0,0.0
36.76,v3_deploy_check,PARKED,0.0,0.0,0.0,4,0.0,0.727,0.0,0.0,0.0,0.0,0.0,0.0,0.0
36.82,v3_deploy_check,PARKED,0.0,0.0,0.0,4,0.0345,0.726,0.0,0.0,0.0,0.0,0.0,0.0,0.0
36.92,v3_deploy_check,PARKED,0.0,0.0,0.0,4,0.0345,0.726,0.0,0.0,0.0,0.0,0.0,0.0,0.0
37.039,v3_deploy_check,PARKED,0.0,0.0,0.0,4,0.007,0.726,0.0,0.0,0.0,0.0,0.0,0.0,0.0
37.121,v3_deploy_check,PARKED,0.0,0.0,0.0,4,0.007,0.726,0.0,0.0,0.0,0.0,0.0,0.0,0.0
37.26,v3_deploy_check,PARKED,0.0,0.0,0.0,4,0.0,0.727,0.0,0.0,0.0,0.0,0.0,0.0,0.0
37.319,v3_deploy_check,PARKED,0.0,0.0,0.0,4,0.0,0.727,0.0,0.0,0.0,0.0,0.0,0.0,0.0
37.42,v3_deploy_check,PARKED,0.0,0.0,0.0,4,0.0,0.727,0.0,0.0,0.0,0.0,0.0,0.0,0.0
37.52,v3_deploy_check,PARKED,0.0,0.0,0.0,4,0.0,0.727,0.0,0.0,0.0,0.0,0.0,0.0,0.0
37.656,v3_deploy_check,PARKED,0.0,0.0,0.0,4,0.0,0.727,0.0,0.0,0.0,0.0,0.0,0.0,0.0
37.72,v3_deploy_check,PARKED,0.0,0.0,0.0,4,0.0,0.727,0.0,0.0,0.0,0.0,0.0,0.0,0.0
37.84,v3_deploy_check,PARKED,0.0,0.0,0.0,4,0.0342,0.727,0.0,0.0,0.0,0.0,0.0,0.0,0.0
37.936,v3_deploy_check,PARKED,0.0,0.0,0.0,4,0.0342,0.727,0.0,0.0,0.0,0.0,0.0,0.0,0.0
38.032,v3_deploy_check,PARKED,0.0,0.0,0.0,4,0.0342,0.727,0.0,0.0,0.0,0.0,0.0,0.0,0.0
38.133,v3_deploy_check,PARKED,0.0,0.0,0.0,4,0.0206,0.727,0.0,0.0,0.0,0.0,0.0,0.0,0.0
38.267,v3_deploy_check,PARKED,0.0,0.0,0.0,4,0.0453,0.727,0.0,0.0,0.0,0.0,0.0,0.0,0.0
38.328,v3_deploy_check,PARKED,0.0,0.0,0.0,4,0.015,0.725,0.0,0.0,0.0,0.0,0.0,0.0,0.0
38.419,v3_deploy_check,PARKED,0.0,0.0,0.0,4,0.0082,0.726,0.0,0.0,0.0,0.0,0.0,0.0,0.0
38.519,v3_deploy_check,PARKED,0.0,0.0,0.0,4,0.0082,0.726,0.0,0.0,0.0,0.0,0.0,0.0,0.0
38.621,v3_deploy_check,PARKED,0.0,0.0,0.0,4,0.0,0.727,0.0,0.0,0.0,0.0,0.0,0.0,0.0
38.719,v3_deploy_check,PARKED,0.0,0.0,0.0,4,0.0,0.727,0.0,0.0,0.0,0.0,0.0,0.0,0.0
38.819,v3_deploy_check,PARKED,0.0,0.0,0.0,4,0.0,0.728,0.0,0.0,0.0,0.0,0.0,0.0,0.0
38.965,v3_deploy_check,PARKED,0.0,0.0,0.0,4,0.0,0.725,0.0,0.0,0.0,0.0,0.0,0.0,0.0
39.02,v3_deploy_check,PARKED,0.0,0.0,0.0,4,0.0,0.725,0.0,0.0,0.0,0.0,0.0,0.0,0.0
39.152,v3_deploy_check,PARKED,0.0,0.0,0.0,4,0.0461,0.723,0.0,0.0,0.0,0.0,0.0,0.0,0.0
39.219,v3_deploy_check,PARKED,0.0,0.0,0.0,4,0.0266,0.724,0.0,0.0,0.0,0.0,0.0,0.0,0.0
39.32,v3_deploy_check,PARKED,0.0,0.0,0.0,4,0.0266,0.724,0.0,0.0,0.0,0.0,0.0,0.0,0.0
39.419,v3_deploy_check,PARKED,0.0,0.0,0.0,4,0.0125,0.727,0.0,0.0,0.0,0.0,0.0,0.0,0.0
39.52,v3_deploy_check,PARKED,0.0,0.0,0.0,4,0.0125,0.727,0.0,0.0,0.0,0.0,0.0,0.0,0.0
39.662,v3_deploy_check,PARKED,0.0,0.0,0.0,4,0.0361,0.726,0.0,0.0,0.0,0.0,0.0,0.0,0.0
39.723,v3_deploy_check,PARKED,0.0,0.0,0.0,4,0.0202,0.727,0.0,0.0,0.0,0.0,0.0,0.0,0.0
39.82,v3_deploy_check,PARKED,0.0,0.0,0.0,4,0.0202,0.727,0.0,0.0,0.0,0.0,0.0,0.0,0.0
39.92,v3_deploy_check,PARKED,0.0,0.0,0.0,4,0.0202,0.727,0.0,0.0,0.0,0.0,0.0,0.0,0.0
40.019,v3_deploy_check,PARKED,0.0,0.0,0.0,4,0.0202,0.727,0.0,0.0,0.0,0.0,0.0,0.0,0.0
40.119,v3_deploy_check,PARKED,0.0,0.0,0.0,4,0.0134,0.725,0.0,0.0,0.0,0.0,0.0,0.0,0.0
40.242,v3_deploy_check,PARKED,0.0,0.0,0.0,4,0.0,0.726,0.0,0.0,0.0,0.0,0.0,0.0,0.0
40.319,v3_deploy_check,PARKED,0.0,0.0,0.0,4,0.0,0.725,0.0,0.0,0.0,0.0,0.0,0.0,0.0
40.42,v3_deploy_check,PARKED,0.0,0.0,0.0,4,0.0,0.725,0.0,0.0,0.0,0.0,0.0,0.0,0.0
40.519,v3_deploy_check,PARKED,0.0,0.0,0.0,4,0.0,0.725,0.0,0.0,0.0,0.0,0.0,0.0,0.0
40.619,v3_deploy_check,PARKED,0.0,0.0,0.0,4,0.0,0.725,0.0,0.0,0.0,0.0,0.0,0.0,0.0
40.72,v3_deploy_check,PARKED,0.0,0.0,0.0,4,0.0,0.725,0.0,0.0,0.0,0.0,0.0,0.0,0.0
40.841,v3_deploy_check,PARKED,0.0,0.0,0.0,4,0.0,0.724,0.0,0.0,0.0,0.0,0.0,0.0,0.0
40.92,v3_deploy_check,PARKED,0.0,0.0,0.0,4,0.0,0.724,0.0,0.0,0.0,0.0,0.0,0.0,0.0
41.019,v3_deploy_check,PARKED,0.0,0.0,0.0,4,0.0,0.727,0.0,0.0,0.0,0.0,0.0,0.0,0.0
41.147,v3_deploy_check,PARKED,0.0,0.0,0.0,4,0.0,0.726,0.0,0.0,0.0,0.0,0.0,0.0,0.0
41.219,v3_deploy_check,PARKED,0.0,0.0,0.0,4,0.0,0.728,0.0,0.0,0.0,0.0,0.0,0.0,0.0
41.327,v3_deploy_check,PARKED,0.0,0.0,0.0,4,0.0424,0.725,0.0,0.0,0.0,0.0,0.0,0.0,0.0
41.454,v3_deploy_check,PARKED,0.0,0.0,0.0,4,0.0085,0.727,0.0,0.0,0.0,0.0,0.0,0.0,0.0
41.52,v3_deploy_check,PARKED,0.0,0.0,0.0,4,0.0085,0.727,0.0,0.0,0.0,0.0,0.0,0.0,0.0
41.62,v3_deploy_check,PARKED,0.0,0.0,0.0,4,0.0,0.727,0.0,0.0,0.0,0.0,0.0,0.0,0.0
41.72,v3_deploy_check,PARKED,0.0,0.0,0.0,4,0.0,0.727,0.0,0.0,0.0,0.0,0.0,0.0,0.0
41.82,v3_deploy_check,PARKED,0.0,0.0,0.0,4,0.0,0.727,0.0,0.0,0.0,0.0,0.0,0.0,0.0
41.919,v3_deploy_check,PARKED,0.0,0.0,0.0,4,0.0,0.727,0.0,0.0,0.0,0.0,0.0,0.0,0.0
42.019,v3_deploy_check,PARKED,0.0,0.0,0.0,4,0.0,0.727,0.0,0.0,0.0,0.0,0.0,0.0,0.0
42.133,v3_deploy_check,PARKED,0.0,0.0,0.0,4,0.0376,0.727,0.0,0.0,0.0,0.0,0.0,0.0,0.0
42.249,v3_deploy_check,PARKED,0.0,0.0,0.0,4,0.0,0.727,0.0,0.0,0.0,0.0,0.0,0.0,0.0
42.32,v3_deploy_check,PARKED,0.0,0.0,0.0,5,0.0,0.727,0.0,0.0,0.0,0.0,0.0,0.0,0.0
42.419,v3_deploy_check,PARKED,0.0,0.0,0.0,5,0.0,0.727,0.0,0.0,0.0,0.0,0.0,0.0,0.0
42.519,v3_deploy_check,PARKED,0.0,0.0,0.0,5,0.0,0.727,0.0,0.0,0.0,0.0,0.0,0.0,0.0
42.628,v3_deploy_check,PARKED,0.0,0.0,0.0,4,0.0265,0.726,0.0,0.0,0.0,0.0,0.0,0.0,0.0
42.72,v3_deploy_check,PARKED,0.0,0.0,0.0,4,0.0265,0.726,0.0,0.0,0.0,0.0,0.0,0.0,0.0
42.82,v3_deploy_check,PARKED,0.0,0.0,0.0,4,0.0265,0.726,0.0,0.0,0.0,0.0,0.0,0.0,0.0
42.92,v3_deploy_check,PARKED,0.0,0.0,0.0,4,0.0063,0.726,0.0,0.0,0.0,0.0,0.0,0.0,0.0
43.025,v3_deploy_check,PARKED,0.0,0.0,0.0,4,0.0,0.727,0.0,0.0,0.0,0.0,0.0,0.0,0.0
43.138,v3_deploy_check,PARKED,0.0,0.0,0.0,4,0.0,0.728,0.0,0.0,0.0,0.0,0.0,0.0,0.0
43.219,v3_deploy_check,PARKED,0.0,0.0,0.0,4,0.0,0.727,0.0,0.0,0.0,0.0,0.0,0.0,0.0
43.326,v3_deploy_check,PARKED,0.0,0.0,0.0,4,0.0,0.727,0.0,0.0,0.0,0.0,0.0,0.0,0.0
43.42,v3_deploy_check,PARKED,0.0,0.0,0.0,4,0.0,0.727,0.0,0.0,0.0,0.0,0.0,0.0,0.0
43.56,v3_deploy_check,PARKED,0.0,0.0,0.0,4,0.0422,0.725,0.0,0.0,0.0,0.0,0.0,0.0,0.0
43.619,v3_deploy_check,PARKED,0.0,0.0,0.0,4,0.0863,0.727,0.0,0.0,0.0,0.0,0.0,0.0,0.0
43.72,v3_deploy_check,PARKED,0.0,0.0,0.0,4,0.0863,0.727,0.0,0.0,0.0,0.0,0.0,0.0,0.0
43.82,v3_deploy_check,PARKED,0.0,0.0,0.0,4,0.0863,0.727,0.0,0.0,0.0,0.0,0.0,0.0,0.0
43.92,v3_deploy_check,PARKED,0.0,0.0,0.0,4,0.0863,0.727,0.0,0.0,0.0,0.0,0.0,0.0,0.0
44.02,v3_deploy_check,PARKED,0.0,0.0,0.0,4,0.0863,0.727,0.0,0.0,0.0,0.0,0.0,0.0,0.0
44.135,v3_deploy_check,PARKED,0.0,0.0,0.0,4,0.0386,0.727,0.0,0.0,0.0,0.0,0.0,0.0,0.0
44.219,v3_deploy_check,PARKED,0.0,0.0,0.0,4,0.0386,0.727,0.0,0.0,0.0,0.0,0.0,0.0,0.0
44.32,v3_deploy_check,PARKED,0.0,0.0,0.0,4,0.0386,0.727,0.0,0.0,0.0,0.0,0.0,0.0,0.0
44.423,v3_deploy_check,PARKED,0.0,0.0,0.0,4,0.0283,0.727,0.0,0.0,0.0,0.0,0.0,0.0,0.0
44.562,v3_deploy_check,PARKED,0.0,0.0,0.0,4,0.0,0.728,0.0,0.0,0.0,0.0,0.0,0.0,0.0
44.626,v3_deploy_check,PARKED,0.0,0.0,0.0,4,0.0,0.728,0.0,0.0,0.0,0.0,0.0,0.0,0.0
44.764,v3_deploy_check,PARKED,0.0,0.0,0.0,4,0.0,0.727,0.0,0.0,0.0,0.0,0.0,0.0,0.0
44.82,v3_deploy_check,PARKED,0.0,0.0,0.0,4,0.0,0.727,0.0,0.0,0.0,0.0,0.0,0.0,0.0
44.92,v3_deploy_check,PARKED,0.0,0.0,0.0,4,0.0,0.727,0.0,0.0,0.0,0.0,0.0,0.0,0.0
45.056,v3_deploy_check,PARKED,0.0,0.0,0.0,4,0.0,0.725,0.0,0.0,0.0,0.0,0.0,0.0,0.0
45.12,v3_deploy_check,PARKED,0.0,0.0,0.0,4,0.0,0.725,0.0,0.0,0.0,0.0,0.0,0.0,0.0
45.259,v3_deploy_check,PARKED,0.0,0.0,0.0,4,0.0439,0.727,0.0,0.0,0.0,0.0,0.0,0.0,0.0
45.369,v3_deploy_check,PARKED,0.0,0.0,0.0,4,0.0439,0.727,0.0,0.0,0.0,0.0,0.0,0.0,0.0
45.433,v3_deploy_check,PARKED,0.0,0.0,0.0,4,0.0146,0.725,0.0,0.0,0.0,0.0,0.0,0.0,0.0
45.52,v3_deploy_check,PARKED,0.0,0.0,0.0,4,0.0146,0.725,0.0,0.0,0.0,0.0,0.0,0.0,0.0
45.619,v3_deploy_check,PARKED,0.0,0.0,0.0,4,0.0328,0.726,0.0,0.0,0.0,0.0,0.0,0.0,0.0
45.719,v3_deploy_check,PARKED,0.0,0.0,0.0,4,0.0328,0.726,0.0,0.0,0.0,0.0,0.0,0.0,0.0
45.819,v3_deploy_check,PARKED,0.0,0.0,0.0,4,0.0328,0.726,0.0,0.0,0.0,0.0,0.0,0.0,0.0
45.919,v3_deploy_check,PARKED,0.0,0.0,0.0,4,0.0328,0.726,0.0,0.0,0.0,0.0,0.0,0.0,0.0
46.02,v3_deploy_check,PARKED,0.0,0.0,0.0,4,0.0226,0.727,0.0,0.0,0.0,0.0,0.0,0.0,0.0
46.12,v3_deploy_check,PARKED,0.0,0.0,0.0,4,0.0226,0.727,0.0,0.0,0.0,0.0,0.0,0.0,0.0
46.219,v3_deploy_check,PARKED,0.0,0.0,0.0,4,0.0355,0.727,0.0,0.0,0.0,0.0,0.0,0.0,0.0
46.323,v3_deploy_check,PARKED,0.0,0.0,0.0,4,0.0355,0.727,0.0,0.0,0.0,0.0,0.0,0.0,0.0
46.449,v3_deploy_check,PARKED,0.0,0.0,0.0,4,0.0,0.725,0.0,0.0,0.0,0.0,0.0,0.0,0.0
46.519,v3_deploy_check,PARKED,0.0,0.0,0.0,4,0.0,0.725,0.0,0.0,0.0,0.0,0.0,0.0,0.0
46.62,v3_deploy_check,PARKED,0.0,0.0,0.0,4,0.0,0.727,0.0,0.0,0.0,0.0,0.0,0.0,0.0
46.756,v3_deploy_check,PARKED,0.0,0.0,0.0,4,0.0417,0.724,0.0,0.0,0.0,0.0,0.0,0.0,0.0
46.82,v3_deploy_check,PARKED,0.0,0.0,0.0,4,0.012,0.727,0.0,0.0,0.0,0.0,0.0,0.0,0.0
46.919,v3_deploy_check,PARKED,0.0,0.0,0.0,4,0.0,0.724,0.0,0.0,0.0,0.0,0.0,0.0,0.0
47.02,v3_deploy_check,PARKED,0.0,0.0,0.0,4,0.0,0.724,0.0,0.0,0.0,0.0,0.0,0.0,0.0
47.12,v3_deploy_check,PARKED,0.0,0.0,0.0,4,0.0,0.724,0.0,0.0,0.0,0.0,0.0,0.0,0.0
47.219,v3_deploy_check,PARKED,0.0,0.0,0.0,4,0.0,0.727,0.0,0.0,0.0,0.0,0.0,0.0,0.0
47.351,v3_deploy_check,PARKED,0.0,0.0,0.0,4,0.0256,0.723,0.0,0.0,0.0,0.0,0.0,0.0,0.0
47.42,v3_deploy_check,PARKED,0.0,0.0,0.0,4,0.0081,0.727,0.0,0.0,0.0,0.0,0.0,0.0,0.0
47.55,v3_deploy_check,PARKED,0.0,0.0,0.0,4,0.0449,0.728,0.0,0.0,0.0,0.0,0.0,0.0,0.0
47.619,v3_deploy_check,PARKED,0.0,0.0,0.0,4,0.0333,0.724,0.0,0.0,0.0,0.0,0.0,0.0,0.0
47.719,v3_deploy_check,PARKED,0.0,0.0,0.0,4,0.0333,0.724,0.0,0.0,0.0,0.0,0.0,0.0,0.0
47.834,v3_deploy_check,PARKED,0.0,0.0,0.0,4,0.041,0.726,0.0,0.0,0.0,0.0,0.0,0.0,0.0
47.92,v3_deploy_check,PARKED,0.0,0.0,0.0,4,0.041,0.726,0.0,0.0,0.0,0.0,0.0,0.0,0.0
48.019,v3_deploy_check,PARKED,0.0,0.0,0.0,4,0.041,0.726,0.0,0.0,0.0,0.0,0.0,0.0,0.0
48.119,v3_deploy_check,PARKED,0.0,0.0,0.0,4,0.041,0.726,0.0,0.0,0.0,0.0,0.0,0.0,0.0
48.267,v3_deploy_check,PARKED,0.0,0.0,0.0,4,0.0,0.728,0.0,0.0,0.0,0.0,0.0,0.0,0.0
48.324,v3_deploy_check,PARKED,0.0,0.0,0.0,4,0.0,0.727,0.0,0.0,0.0,0.0,0.0,0.0,0.0
48.42,v3_deploy_check,PARKED,0.0,0.0,0.0,4,0.0,0.727,0.0,0.0,0.0,0.0,0.0,0.0,0.0
48.568,v3_deploy_check,PARKED,0.0,0.0,0.0,4,0.0538,0.726,0.0,0.0,0.0,0.0,0.0,0.0,0.0
48.619,v3_deploy_check,PARKED,0.0,0.0,0.0,4,0.0538,0.726,0.0,0.0,0.0,0.0,0.0,0.0,0.0
48.743,v3_deploy_check,PARKED,0.0,0.0,0.0,4,0.0045,0.725,0.0,0.0,0.0,0.0,0.0,0.0,0.0
48.819,v3_deploy_check,PARKED,0.0,0.0,0.0,4,0.0,0.727,0.0,0.0,0.0,0.0,0.0,0.0,0.0
48.919,v3_deploy_check,PARKED,0.0,0.0,0.0,4,0.043,0.724,0.0,0.0,0.0,0.0,0.0,0.0,0.0
49.019,v3_deploy_check,PARKED,0.0,0.0,0.0,4,0.043,0.724,0.0,0.0,0.0,0.0,0.0,0.0,0.0
49.119,v3_deploy_check,PARKED,0.0,0.0,0.0,4,0.043,0.724,0.0,0.0,0.0,0.0,0.0,0.0,0.0
49.219,v3_deploy_check,PARKED,0.0,0.0,0.0,4,0.043,0.724,0.0,0.0,0.0,0.0,0.0,0.0,0.0
49.351,v3_deploy_check,PARKED,0.0,0.0,0.0,4,0.0,0.73,0.0,0.0,0.0,0.0,0.0,0.0,0.0
49.42,v3_deploy_check,PARKED,0.0,0.0,0.0,4,0.0,0.73,0.0,0.0,0.0,0.0,0.0,0.0,0.0
49.528,v3_deploy_check,PARKED,0.0,0.0,0.0,4,0.0542,0.729,0.0,0.0,0.0,0.0,0.0,0.0,0.0
49.643,v3_deploy_check,PARKED,0.0,0.0,0.0,4,0.0542,0.729,0.0,0.0,0.0,0.0,0.0,0.0,0.0
49.766,v3_deploy_check,PARKED,0.0,0.0,0.0,4,0.0,0.727,0.0,0.0,0.0,0.0,0.0,0.0,0.0
49.822,v3_deploy_check,PARKED,0.0,0.0,0.0,4,0.0,0.725,0.0,0.0,0.0,0.0,0.0,0.0,0.0
49.926,v3_deploy_check,PARKED,0.0,0.0,0.0,4,0.0,0.725,0.0,0.0,0.0,0.0,0.0,0.0,0.0
50.022,v3_deploy_check,PARKED,0.0,0.0,0.0,4,0.0,0.725,0.0,0.0,0.0,0.0,0.0,0.0,0.0
50.154,v3_deploy_check,PARKED,0.0,0.0,0.0,4,0.0,0.725,0.0,0.0,0.0,0.0,0.0,0.0,0.0
50.22,v3_deploy_check,PARKED,0.0,0.0,0.0,4,0.0,0.725,0.0,0.0,0.0,0.0,0.0,0.0,0.0
50.32,v3_deploy_check,PARKED,0.0,0.0,0.0,4,0.0331,0.725,0.0,0.0,0.0,0.0,0.0,0.0,0.0
50.431,v3_deploy_check,PARKED,0.0,0.0,0.0,4,0.016,0.728,0.0,0.0,0.0,0.0,0.0,0.0,0.0
50.564,v3_deploy_check,PARKED,0.0,0.0,0.0,4,0.0402,0.725,0.0,0.0,0.0,0.0,0.0,0.0,0.0
50.639,v3_deploy_check,PARKED,0.0,0.0,0.0,4,0.0402,0.725,0.0,0.0,0.0,0.0,0.0,0.0,0.0
50.719,v3_deploy_check,PARKED,0.0,0.0,0.0,4,0.0402,0.725,0.0,0.0,0.0,0.0,0.0,0.0,0.0
50.836,v3_deploy_check,PARKED,0.0,0.0,0.0,4,0.0264,0.724,0.0,0.0,0.0,0.0,0.0,0.0,0.0
50.949,v3_deploy_check,PARKED,0.0,0.0,0.0,4,0.0241,0.727,0.0,0.0,0.0,0.0,0.0,0.0,0.0
51.019,v3_deploy_check,PARKED,0.0,0.0,0.0,4,0.0341,0.728,0.0,0.0,0.0,0.0,0.0,0.0,0.0
51.12,v3_deploy_check,PARKED,0.0,0.0,0.0,4,0.0341,0.728,0.0,0.0,0.0,0.0,0.0,0.0,0.0
51.219,v3_deploy_check,PARKED,0.0,0.0,0.0,4,0.0341,0.728,0.0,0.0,0.0,0.0,0.0,0.0,0.0
51.319,v3_deploy_check,PARKED,0.0,0.0,0.0,4,0.0341,0.728,0.0,0.0,0.0,0.0,0.0,0.0,0.0
51.438,v3_deploy_check,PARKED,0.0,0.0,0.0,4,0.0,0.73,0.0,0.0,0.0,0.0,0.0,0.0,0.0
51.566,v3_deploy_check,PARKED,0.0,0.0,0.0,4,0.0,0.727,0.0,0.0,0.0,0.0,0.0,0.0,0.0
51.62,v3_deploy_check,PARKED,0.0,0.0,0.0,4,0.0,0.727,0.0,0.0,0.0,0.0,0.0,0.0,0.0
51.769,v3_deploy_check,PARKED,0.0,0.0,0.0,4,0.0403,0.726,0.0,0.0,0.0,0.0,0.0,0.0,0.0
51.82,v3_deploy_check,PARKED,0.0,0.0,0.0,4,0.0403,0.726,0.0,0.0,0.0,0.0,0.0,0.0,0.0
51.934,v3_deploy_check,PARKED,0.0,0.0,0.0,4,0.0453,0.728,0.0,0.0,0.0,0.0,0.0,0.0,0.0
52.019,v3_deploy_check,PARKED,0.0,0.0,0.0,4,0.0453,0.728,0.0,0.0,0.0,0.0,0.0,0.0,0.0
52.14,v3_deploy_check,PARKED,0.0,0.0,0.0,4,0.0533,0.727,0.0,0.0,0.0,0.0,0.0,0.0,0.0
52.22,v3_deploy_check,PARKED,0.0,0.0,0.0,4,0.0533,0.727,0.0,0.0,0.0,0.0,0.0,0.0,0.0
52.319,v3_deploy_check,PARKED,0.0,0.0,0.0,4,0.0533,0.727,0.0,0.0,0.0,0.0,0.0,0.0,0.0
52.419,v3_deploy_check,PARKED,0.0,0.0,0.0,4,0.0533,0.727,0.0,0.0,0.0,0.0,0.0,0.0,0.0
52.519,v3_deploy_check,PARKED,0.0,0.0,0.0,4,0.0468,0.727,0.0,0.0,0.0,0.0,0.0,0.0,0.0
52.619,v3_deploy_check,PARKED,0.0,0.0,0.0,4,0.0468,0.727,0.0,0.0,0.0,0.0,0.0,0.0,0.0
52.719,v3_deploy_check,PARKED,0.0,0.0,0.0,4,0.0394,0.727,0.0,0.0,0.0,0.0,0.0,0.0,0.0
52.856,v3_deploy_check,PARKED,0.0,0.0,0.0,4,0.0,0.727,0.0,0.0,0.0,0.0,0.0,0.0,0.0
52.919,v3_deploy_check,PARKED,0.0,0.0,0.0,4,0.0,0.727,0.0,0.0,0.0,0.0,0.0,0.0,0.0
53.019,v3_deploy_check,PARKED,0.0,0.0,0.0,4,0.0,0.728,0.0,0.0,0.0,0.0,0.0,0.0,0.0
53.126,v3_deploy_check,PARKED,0.0,0.0,0.0,4,0.0,0.729,0.0,0.0,0.0,0.0,0.0,0.0,0.0
53.22,v3_deploy_check,PARKED,0.0,0.0,0.0,4,0.0,0.729,0.0,0.0,0.0,0.0,0.0,0.0,0.0
53.319,v3_deploy_check,PARKED,0.0,0.0,0.0,4,0.0,0.729,0.0,0.0,0.0,0.0,0.0,0.0,0.0
53.445,v3_deploy_check,PARKED,0.0,0.0,0.0,4,0.0348,0.725,0.0,0.0,0.0,0.0,0.0,0.0,0.0
53.519,v3_deploy_check,PARKED,0.0,0.0,0.0,4,0.0394,0.726,0.0,0.0,0.0,0.0,0.0,0.0,0.0
53.63,v3_deploy_check,PARKED,0.0,0.0,0.0,4,0.0394,0.726,0.0,0.0,0.0,0.0,0.0,0.0,0.0
53.719,v3_deploy_check,PARKED,0.0,0.0,0.0,4,0.0394,0.726,0.0,0.0,0.0,0.0,0.0,0.0,0.0
53.824,v3_deploy_check,PARKED,0.0,0.0,0.0,4,0.0139,0.727,0.0,0.0,0.0,0.0,0.0,0.0,0.0
53.95,v3_deploy_check,PARKED,0.0,0.0,0.0,4,0.0,0.726,0.0,0.0,0.0,0.0,0.0,0.0,0.0
54.068,v3_deploy_check,PARKED,0.0,0.0,0.0,4,0.0373,0.725,0.0,0.0,0.0,0.0,0.0,0.0,0.0
54.119,v3_deploy_check,PARKED,0.0,0.0,0.0,4,0.0373,0.725,0.0,0.0,0.0,0.0,0.0,0.0,0.0
54.247,v3_deploy_check,PARKED,0.0,0.0,0.0,4,0.0373,0.725,0.0,0.0,0.0,0.0,0.0,0.0,0.0
54.32,v3_deploy_check,PARKED,0.0,0.0,0.0,4,0.0373,0.725,0.0,0.0,0.0,0.0,0.0,0.0,0.0
54.455,v3_deploy_check,PARKED,0.0,0.0,0.0,4,0.0793,0.724,0.0,0.0,0.0,0.0,0.0,0.0,0.0
54.519,v3_deploy_check,PARKED,0.0,0.0,0.0,4,0.0793,0.724,0.0,0.0,0.0,0.0,0.0,0.0,0.0
54.646,v3_deploy_check,PARKED,0.0,0.0,0.0,4,0.0793,0.724,0.0,0.0,0.0,0.0,0.0,0.0,0.0
54.735,v3_deploy_check,PARKED,0.0,0.0,0.0,4,0.0361,0.726,0.0,0.0,0.0,0.0,0.0,0.0,0.0
54.865,v3_deploy_check,PARKED,0.0,0.0,0.0,4,0.0054,0.728,0.0,0.0,0.0,0.0,0.0,0.0,0.0
54.929,v3_deploy_check,PARKED,0.0,0.0,0.0,4,0.0,0.728,0.0,0.0,0.0,0.0,0.0,0.0,0.0
55.019,v3_deploy_check,PARKED,0.0,0.0,0.0,4,0.0,0.728,0.0,0.0,0.0,0.0,0.0,0.0,0.0
55.119,v3_deploy_check,PARKED,0.0,0.0,0.0,4,0.0,0.728,0.0,0.0,0.0,0.0,0.0,0.0,0.0
55.22,v3_deploy_check,PARKED,0.0,0.0,0.0,4,0.0,0.728,0.0,0.0,0.0,0.0,0.0,0.0,0.0
55.342,v3_deploy_check,PARKED,0.0,0.0,0.0,4,0.0,0.728,0.0,0.0,0.0,0.0,0.0,0.0,0.0
55.419,v3_deploy_check,PARKED,0.0,0.0,0.0,4,0.0,0.728,0.0,0.0,0.0,0.0,0.0,0.0,0.0
55.519,v3_deploy_check,PARKED,0.0,0.0,0.0,4,0.0,0.728,0.0,0.0,0.0,0.0,0.0,0.0,0.0
55.619,v3_deploy_check,PARKED,0.0,0.0,0.0,4,0.0,0.728,0.0,0.0,0.0,0.0,0.0,0.0,0.0
55.745,v3_deploy_check,PARKED,0.0,0.0,0.0,4,0.0,0.727,0.0,0.0,0.0,0.0,0.0,0.0,0.0
55.818,v3_deploy_check,PARKED,0.0,0.0,0.0,4,0.0418,0.722,0.0,0.0,0.0,0.0,0.0,0.0,0.0
55.919,v3_deploy_check,PARKED,0.0,0.0,0.0,4,0.0418,0.722,0.0,0.0,0.0,0.0,0.0,0.0,0.0
56.019,v3_deploy_check,PARKED,0.0,0.0,0.0,4,0.0283,0.723,0.0,0.0,0.0,0.0,0.0,0.0,0.0
56.133,v3_deploy_check,PARKED,0.0,0.0,0.0,4,0.0073,0.724,0.0,0.0,0.0,0.0,0.0,0.0,0.0
56.261,v3_deploy_check,PARKED,0.0,0.0,0.0,4,0.0234,0.729,0.0,0.0,0.0,0.0,0.0,0.0,0.0
56.326,v3_deploy_check,PARKED,0.0,0.0,0.0,4,0.0234,0.729,0.0,0.0,0.0,0.0,0.0,0.0,0.0
56.467,v3_deploy_check,PARKED,0.0,0.0,0.0,4,0.0,0.728,0.0,0.0,0.0,0.0,0.0,0.0,0.0
56.52,v3_deploy_check,PARKED,0.0,0.0,0.0,4,0.0,0.728,0.0,0.0,0.0,0.0,0.0,0.0,0.0
56.669,v3_deploy_check,PARKED,0.0,0.0,0.0,4,0.0114,0.726,0.0,0.0,0.0,0.0,0.0,0.0,0.0
56.728,v3_deploy_check,PARKED,0.0,0.0,0.0,4,0.0,0.727,0.0,0.0,0.0,0.0,0.0,0.0,0.0
56.819,v3_deploy_check,PARKED,0.0,0.0,0.0,4,0.0,0.725,0.0,0.0,0.0,0.0,0.0,0.0,0.0
56.919,v3_deploy_check,PARKED,0.0,0.0,0.0,4,0.0,0.725,0.0,0.0,0.0,0.0,0.0,0.0,0.0
57.061,v3_deploy_check,PARKED,0.0,0.0,0.0,4,0.0,0.725,0.0,0.0,0.0,0.0,0.0,0.0,0.0
57.126,v3_deploy_check,PARKED,0.0,0.0,0.0,4,0.0633,0.726,0.0,0.0,0.0,0.0,0.0,0.0,0.0
57.244,v3_deploy_check,PARKED,0.0,0.0,0.0,4,0.0351,0.727,0.0,0.0,0.0,0.0,0.0,0.0,0.0
57.32,v3_deploy_check,PARKED,0.0,0.0,0.0,4,0.0351,0.727,0.0,0.0,0.0,0.0,0.0,0.0,0.0
57.42,v3_deploy_check,PARKED,0.0,0.0,0.0,4,0.0351,0.727,0.0,0.0,0.0,0.0,0.0,0.0,0.0
57.54,v3_deploy_check,PARKED,0.0,0.0,0.0,4,0.0351,0.727,0.0,0.0,0.0,0.0,0.0,0.0,0.0
57.62,v3_deploy_check,PARKED,0.0,0.0,0.0,4,0.0351,0.727,0.0,0.0,0.0,0.0,0.0,0.0,0.0
57.756,v3_deploy_check,PARKED,0.0,0.0,0.0,4,0.0589,0.73,0.0,0.0,0.0,0.0,0.0,0.0,0.0
57.819,v3_deploy_check,PARKED,0.0,0.0,0.0,4,0.0589,0.73,0.0,0.0,0.0,0.0,0.0,0.0,0.0
57.942,v3_deploy_check,PARKED,0.0,0.0,0.0,4,0.053,0.728,0.0,0.0,0.0,0.0,0.0,0.0,0.0
58.029,v3_deploy_check,PARKED,0.0,0.0,0.0,4,0.053,0.728,0.0,0.0,0.0,0.0,0.0,0.0,0.0
58.145,v3_deploy_check,PARKED,0.0,0.0,0.0,4,0.007,0.726,0.0,0.0,0.0,0.0,0.0,0.0,0.0
58.219,v3_deploy_check,PARKED,0.0,0.0,0.0,4,0.007,0.726,0.0,0.0,0.0,0.0,0.0,0.0,0.0
58.319,v3_deploy_check,PARKED,0.0,0.0,0.0,4,0.0085,0.721,0.0,0.0,0.0,0.0,0.0,0.0,0.0
58.42,v3_deploy_check,PARKED,0.0,0.0,0.0,4,0.0085,0.721,0.0,0.0,0.0,0.0,0.0,0.0,0.0
58.538,v3_deploy_check,PARKED,0.0,0.0,0.0,4,0.0297,0.727,0.0,0.0,0.0,0.0,0.0,0.0,0.0
58.652,v3_deploy_check,PARKED,0.0,0.0,0.0,4,0.243,0.727,0.0,0.0,0.0,0.0,0.0,0.0,0.0
58.719,v3_deploy_check,PARKED,0.0,0.0,0.0,4,0.243,0.727,0.0,0.0,0.0,0.0,0.0,0.0,0.0
58.819,v3_deploy_check,PARKED,0.0,0.0,0.0,4,0.243,0.727,0.0,0.0,0.0,0.0,0.0,0.0,0.0
58.92,v3_deploy_check,PARKED,0.0,0.0,0.0,4,0.1113,0.733,0.0,0.0,0.0,0.0,0.0,0.0,0.0
59.038,v3_deploy_check,PARKED,0.0,0.0,0.0,4,0.0,0.727,0.0,0.0,0.0,0.0,0.0,0.0,0.0
59.161,v3_deploy_check,PARKED,0.0,0.0,0.0,4,0.0,0.726,0.0,0.0,0.0,0.0,0.0,0.0,0.0
59.219,v3_deploy_check,PARKED,0.0,0.0,0.0,4,0.0,0.726,0.0,0.0,0.0,0.0,0.0,0.0,0.0
59.321,v3_deploy_check,PARKED,0.0,0.0,0.0,4,0.0,0.724,0.0,0.0,0.0,0.0,0.0,0.0,0.0
59.419,v3_deploy_check,PARKED,0.0,0.0,0.0,4,0.0,0.724,0.0,0.0,0.0,0.0,0.0,0.0,0.0
59.553,v3_deploy_check,PARKED,0.0,0.0,0.0,4,0.0,0.726,0.0,0.0,0.0,0.0,0.0,0.0,0.0
59.625,v3_deploy_check,PARKED,0.0,0.0,0.0,4,0.0588,0.723,0.0,0.0,0.0,0.0,0.0,0.0,0.0
59.719,v3_deploy_check,PARKED,0.0,0.0,0.0,4,0.028,0.727,0.0,0.0,0.0,0.0,0.0,0.0,0.0
59.819,v3_deploy_check,PARKED,0.0,0.0,0.0,4,0.028,0.727,0.0,0.0,0.0,0.0,0.0,0.0,0.0
59.919,v3_deploy_check,PARKED,0.0,0.0,0.0,4,0.028,0.727,0.0,0.0,0.0,0.0,0.0,0.0,0.0
60.051,v3_deploy_check,PARKED,0.0,0.0,0.0,4,0.0184,0.727,0.0,0.0,0.0,0.0,0.0,0.0,0.0
60.164,v3_deploy_check,PARKED,0.0,0.0,0.0,4,0.0396,0.725,0.0,0.0,0.0,0.0,0.0,0.0,0.0
60.219,v3_deploy_check,PARKED,0.0,0.0,0.0,4,0.0396,0.725,0.0,0.0,0.0,0.0,0.0,0.0,0.0
60.319,v3_deploy_check,PARKED,0.0,0.0,0.0,4,0.0396,0.725,0.0,0.0,0.0,0.0,0.0,0.0,0.0
60.43,v3_deploy_check,PARKED,0.0,0.0,0.0,4,0.0,0.726,0.0,0.0,0.0,0.0,0.0,0.0,0.0
60.542,v3_deploy_check,PARKED,0.0,0.0,0.0,4,0.0214,0.725,0.0,0.0,0.0,0.0,0.0,0.0,0.0
60.621,v3_deploy_check,PARKED,0.0,0.0,0.0,4,0.0214,0.725,0.0,0.0,0.0,0.0,0.0,0.0,0.0
60.735,v3_deploy_check,PARKED,0.0,0.0,0.0,4,0.011,0.726,0.0,0.0,0.0,0.0,0.0,0.0,0.0
60.82,v3_deploy_check,PARKED,0.0,0.0,0.0,4,0.011,0.726,0.0,0.0,0.0,0.0,0.0,0.0,0.0
60.964,v3_deploy_check,PARKED,0.0,0.0,0.0,4,0.0,0.728,0.0,0.0,0.0,0.0,0.0,0.0,0.0
61.024,v3_deploy_check,PARKED,0.0,0.0,0.0,4,0.0,0.728,0.0,0.0,0.0,0.0,0.0,0.0,0.0
61.119,v3_deploy_check,PARKED,0.0,0.0,0.0,4,0.0542,0.727,0.0,0.0,0.0,0.0,0.0,0.0,0.0
61.231,v3_deploy_check,PARKED,0.0,0.0,0.0,4,0.0542,0.727,0.0,0.0,0.0,0.0,0.0,0.0,0.0
61.321,v3_deploy_check,PARKED,0.0,0.0,0.0,4,0.0121,0.728,0.0,0.0,0.0,0.0,0.0,0.0,0.0
61.435,v3_deploy_check,PARKED,0.0,0.0,0.0,4,0.0422,0.727,0.0,0.0,0.0,0.0,0.0,0.0,0.0
61.554,v3_deploy_check,PARKED,0.0,0.0,0.0,4,0.0443,0.727,0.0,0.0,0.0,0.0,0.0,0.0,0.0
61.62,v3_deploy_check,PARKED,0.0,0.0,0.0,4,0.0443,0.727,0.0,0.0,0.0,0.0,0.0,0.0,0.0
61.729,v3_deploy_check,PARKED,0.0,0.0,0.0,4,0.0272,0.727,0.0,0.0,0.0,0.0,0.0,0.0,0.0
61.82,v3_deploy_check,PARKED,0.0,0.0,0.0,4,0.0272,0.727,0.0,0.0,0.0,0.0,0.0,0.0,0.0
61.92,v3_deploy_check,PARKED,0.0,0.0,0.0,4,0.0272,0.727,0.0,0.0,0.0,0.0,0.0,0.0,0.0
62.054,v3_deploy_check,PARKED,0.0,0.0,0.0,4,0.0,0.727,0.0,0.0,0.0,0.0,0.0,0.0,0.0
62.119,v3_deploy_check,PARKED,0.0,0.0,0.0,4,0.0,0.727,0.0,0.0,0.0,0.0,0.0,0.0,0.0
62.22,v3_deploy_check,PARKED,0.0,0.0,0.0,4,0.0,0.727,0.0,0.0,0.0,0.0,0.0,0.0,0.0
62.326,v3_deploy_check,PARKED,0.0,0.0,0.0,4,0.0,0.727,0.0,0.0,0.0,0.0,0.0,0.0,0.0
62.465,v3_deploy_check,PARKED,0.0,0.0,0.0,4,0.0247,0.728,0.0,0.0,0.0,0.0,0.0,0.0,0.0
62.537,v3_deploy_check,PARKED,0.0,0.0,0.0,4,0.0247,0.728,0.0,0.0,0.0,0.0,0.0,0.0,0.0
62.619,v3_deploy_check,PARKED,0.0,0.0,0.0,4,0.0247,0.728,0.0,0.0,0.0,0.0,0.0,0.0,0.0
62.719,v3_deploy_check,PARKED,0.0,0.0,0.0,4,0.0649,0.724,0.0,0.0,0.0,0.0,0.0,0.0,0.0
62.819,v3_deploy_check,PARKED,0.0,0.0,0.0,4,0.0649,0.724,0.0,0.0,0.0,0.0,0.0,0.0,0.0
62.919,v3_deploy_check,PARKED,0.0,0.0,0.0,4,0.0649,0.724,0.0,0.0,0.0,0.0,0.0,0.0,0.0
63.02,v3_deploy_check,PARKED,0.0,0.0,0.0,4,0.0192,0.718,0.0,0.0,0.0,0.0,0.0,0.0,0.0
63.119,v3_deploy_check,PARKED,0.0,0.0,0.0,4,0.0133,0.723,0.0,0.0,0.0,0.0,0.0,0.0,0.0
63.22,v3_deploy_check,PARKED,0.0,0.0,0.0,4,0.0133,0.723,0.0,0.0,0.0,0.0,0.0,0.0,0.0
63.356,v3_deploy_check,PARKED,0.0,0.0,0.0,4,0.0,0.727,0.0,0.0,0.0,0.0,0.0,0.0,0.0
63.42,v3_deploy_check,PARKED,0.0,0.0,0.0,4,0.0,0.726,0.0,0.0,0.0,0.0,0.0,0.0,0.0
63.519,v3_deploy_check,PARKED,0.0,0.0,0.0,4,0.0,0.726,0.0,0.0,0.0,0.0,0.0,0.0,0.0
63.619,v3_deploy_check,PARKED,0.0,0.0,0.0,4,0.0,0.727,0.0,0.0,0.0,0.0,0.0,0.0,0.0
63.72,v3_deploy_check,PARKED,0.0,0.0,0.0,4,0.0,0.727,0.0,0.0,0.0,0.0,0.0,0.0,0.0
63.819,v3_deploy_check,PARKED,0.0,0.0,0.0,4,0.0,0.727,0.0,0.0,0.0,0.0,0.0,0.0,0.0
63.919,v3_deploy_check,PARKED,0.0,0.0,0.0,4,0.0,0.728,0.0,0.0,0.0,0.0,0.0,0.0,0.0
64.019,v3_deploy_check,PARKED,0.0,0.0,0.0,4,0.0,0.728,0.0,0.0,0.0,0.0,0.0,0.0,0.0
64.119,v3_deploy_check,PARKED,0.0,0.0,0.0,4,0.0,0.728,0.0,0.0,0.0,0.0,0.0,0.0,0.0
64.236,v3_deploy_check,PARKED,0.0,0.0,0.0,4,0.0364,0.725,0.0,0.0,0.0,0.0,0.0,0.0,0.0
64.319,v3_deploy_check,PARKED,0.0,0.0,0.0,4,0.0364,0.725,0.0,0.0,0.0,0.0,0.0,0.0,0.0
64.451,v3_deploy_check,PARKED,0.0,0.0,0.0,4,0.0441,0.724,0.0,0.0,0.0,0.0,0.0,0.0,0.0
64.519,v3_deploy_check,PARKED,0.0,0.0,0.0,4,0.0441,0.726,0.0,0.0,0.0,0.0,0.0,0.0,0.0
64.619,v3_deploy_check,PARKED,0.0,0.0,0.0,4,0.0441,0.726,0.0,0.0,0.0,0.0,0.0,0.0,0.0
64.719,v3_deploy_check,PARKED,0.0,0.0,0.0,4,0.0441,0.726,0.0,0.0,0.0,0.0,0.0,0.0,0.0
64.82,v3_deploy_check,PARKED,0.0,0.0,0.0,4,0.0255,0.727,0.0,0.0,0.0,0.0,0.0,0.0,0.0
64.937,v3_deploy_check,PARKED,0.0,0.0,0.0,4,0.0,0.725,0.0,0.0,0.0,0.0,0.0,0.0,0.0
65.064,v3_deploy_check,PARKED,0.0,0.0,0.0,4,0.0,0.726,0.0,0.0,0.0,0.0,0.0,0.0,0.0
65.124,v3_deploy_check,PARKED,0.0,0.0,0.0,4,0.0,0.723,0.0,0.0,0.0,0.0,0.0,0.0,0.0
65.22,v3_deploy_check,PARKED,0.0,0.0,0.0,4,0.0,0.723,0.0,0.0,0.0,0.0,0.0,0.0,0.0
65.335,v3_deploy_check,PARKED,0.0,0.0,0.0,4,0.0332,0.727,0.0,0.0,0.0,0.0,0.0,0.0,0.0
65.464,v3_deploy_check,PARKED,0.0,0.0,0.0,4,0.0332,0.727,0.0,0.0,0.0,0.0,0.0,0.0,0.0
65.537,v3_deploy_check,PARKED,0.0,0.0,0.0,4,0.0078,0.729,0.0,0.0,0.0,0.0,0.0,0.0,0.0
65.659,v3_deploy_check,PARKED,0.0,0.0,0.0,4,0.0214,0.726,0.0,0.0,0.0,0.0,0.0,0.0,0.0
65.768,v3_deploy_check,PARKED,0.0,0.0,0.0,4,0.0214,0.726,0.0,0.0,0.0,0.0,0.0,0.0,0.0
65.819,v3_deploy_check,PARKED,0.0,0.0,0.0,4,0.0214,0.726,0.0,0.0,0.0,0.0,0.0,0.0,0.0
65.919,v3_deploy_check,PARKED,0.0,0.0,0.0,4,0.0214,0.726,0.0,0.0,0.0,0.0,0.0,0.0,0.0
66.02,v3_deploy_check,PARKED,0.0,0.0,0.0,4,0.0214,0.726,0.0,0.0,0.0,0.0,0.0,0.0,0.0
66.12,v3_deploy_check,PARKED,0.0,0.0,0.0,4,0.0214,0.726,0.0,0.0,0.0,0.0,0.0,0.0,0.0
66.239,v3_deploy_check,PARKED,0.0,0.0,0.0,4,0.0244,0.723,0.0,0.0,0.0,0.0,0.0,0.0,0.0
66.319,v3_deploy_check,PARKED,0.0,0.0,0.0,4,0.0244,0.723,0.0,0.0,0.0,0.0,0.0,0.0,0.0
66.419,v3_deploy_check,PARKED,0.0,0.0,0.0,4,0.0244,0.723,0.0,0.0,0.0,0.0,0.0,0.0,0.0
66.519,v3_deploy_check,PARKED,0.0,0.0,0.0,4,0.0244,0.723,0.0,0.0,0.0,0.0,0.0,0.0,0.0
66.62,v3_deploy_check,PARKED,0.0,0.0,0.0,4,0.04,0.726,0.0,0.0,0.0,0.0,0.0,0.0,0.0
66.719,v3_deploy_check,PARKED,0.0,0.0,0.0,4,0.04,0.726,0.0,0.0,0.0,0.0,0.0,0.0,0.0
66.819,v3_deploy_check,PARKED,0.0,0.0,0.0,4,0.04,0.726,0.0,0.0,0.0,0.0,0.0,0.0,0.0
66.967,v3_deploy_check,PARKED,0.0,0.0,0.0,4,0.0,0.726,0.0,0.0,0.0,0.0,0.0,0.0,0.0
67.042,v3_deploy_check,PARKED,0.0,0.0,0.0,4,0.0,0.726,0.0,0.0,0.0,0.0,0.0,0.0,0.0
67.12,v3_deploy_check,PARKED,0.0,0.0,0.0,4,0.0,0.727,0.0,0.0,0.0,0.0,0.0,0.0,0.0
67.219,v3_deploy_check,PARKED,0.0,0.0,0.0,4,0.0,0.727,0.0,0.0,0.0,0.0,0.0,0.0,0.0
67.355,v3_deploy_check,PARKED,0.0,0.0,0.0,4,0.0,0.725,0.0,0.0,0.0,0.0,0.0,0.0,0.0
67.419,v3_deploy_check,PARKED,0.0,0.0,0.0,4,0.0,0.725,0.0,0.0,0.0,0.0,0.0,0.0,0.0
67.52,v3_deploy_check,PARKED,0.0,0.0,0.0,4,0.2423,1.189,0.0,0.0,0.0,0.0,0.0,0.0,0.0
67.62,v3_deploy_check,PARKED,0.0,0.0,0.0,4,0.2423,1.189,0.0,0.0,0.0,0.0,0.0,0.0,0.0
67.724,v3_deploy_check,PARKED,0.0,0.0,0.0,4,0.5755,0.946,0.0,0.0,0.0,0.0,0.0,0.0,0.0
67.835,v3_deploy_check,PARKED,0.0,0.0,0.0,4,0.5755,0.946,0.0,0.0,0.0,0.0,0.0,0.0,0.0
67.949,v3_deploy_check,PARKED,0.0,0.0,0.0,4,0.0,0.747,0.0,0.0,0.0,0.0,0.0,0.0,0.0
68.019,v3_deploy_check,PARKED,0.0,0.0,0.0,4,0.0,0.733,0.0,0.0,0.0,0.0,0.0,0.0,0.0
68.12,v3_deploy_check,PARKED,0.0,0.0,0.0,4,0.0,0.733,0.0,0.0,0.0,0.0,0.0,0.0,0.0
68.219,v3_deploy_check,PARKED,0.0,0.0,0.0,4,0.0,0.733,0.0,0.0,0.0,0.0,0.0,0.0,0.0
68.331,v3_deploy_check,PARKED,0.0,0.0,0.0,4,0.0,0.73,0.0,0.0,0.0,0.0,0.0,0.0,0.0
68.42,v3_deploy_check,PARKED,0.0,0.0,0.0,4,0.0,0.728,0.0,0.0,0.0,0.0,0.0,0.0,0.0
68.52,v3_deploy_check,PARKED,0.0,0.0,0.0,4,0.0,0.728,0.0,0.0,0.0,0.0,0.0,0.0,0.0
68.62,v3_deploy_check,PARKED,0.0,0.0,0.0,4,0.0,0.728,0.0,0.0,0.0,0.0,0.0,0.0,0.0
68.769,v3_deploy_check,PARKED,0.0,0.0,0.0,4,0.0479,0.727,0.0,0.0,0.0,0.0,0.0,0.0,0.0
68.831,v3_deploy_check,PARKED,0.0,0.0,0.0,4,0.0211,0.726,0.0,0.0,0.0,0.0,0.0,0.0,0.0
68.945,v3_deploy_check,PARKED,0.0,0.0,0.0,4,0.023,0.724,0.0,0.0,0.0,0.0,0.0,0.0,0.0
69.065,v3_deploy_check,PARKED,0.0,0.0,0.0,4,0.0291,0.728,0.0,0.0,0.0,0.0,0.0,0.0,0.0
69.12,v3_deploy_check,PARKED,0.0,0.0,0.0,4,0.0291,0.728,0.0,0.0,0.0,0.0,0.0,0.0,0.0
69.22,v3_deploy_check,PARKED,0.0,0.0,0.0,4,0.0291,0.728,0.0,0.0,0.0,0.0,0.0,0.0,0.0
69.321,v3_deploy_check,PARKED,0.0,0.0,0.0,4,0.0104,0.726,0.0,0.0,0.0,0.0,0.0,0.0,0.0
69.452,v3_deploy_check,PARKED,0.0,0.0,0.0,4,0.0448,0.727,0.0,0.0,0.0,0.0,0.0,0.0,0.0
69.52,v3_deploy_check,PARKED,0.0,0.0,0.0,4,0.0448,0.727,0.0,0.0,0.0,0.0,0.0,0.0,0.0
69.619,v3_deploy_check,PARKED,0.0,0.0,0.0,4,0.0448,0.727,0.0,0.0,0.0,0.0,0.0,0.0,0.0
69.719,v3_deploy_check,PARKED,0.0,0.0,0.0,4,0.0448,0.727,0.0,0.0,0.0,0.0,0.0,0.0,0.0
69.82,v3_deploy_check,PARKED,0.0,0.0,0.0,4,0.0448,0.727,0.0,0.0,0.0,0.0,0.0,0.0,0.0
69.946,v3_deploy_check,PARKED,0.0,0.0,0.0,4,0.0,0.725,0.0,0.0,0.0,0.0,0.0,0.0,0.0
70.067,v3_deploy_check,PARKED,0.0,0.0,0.0,4,0.031,0.725,0.0,0.0,0.0,0.0,0.0,0.0,0.0
70.13,v3_deploy_check,PARKED,0.0,0.0,0.0,4,0.0221,0.724,0.0,0.0,0.0,0.0,0.0,0.0,0.0
70.22,v3_deploy_check,PARKED,0.0,0.0,0.0,4,0.0221,0.724,0.0,0.0,0.0,0.0,0.0,0.0,0.0
70.32,v3_deploy_check,PARKED,0.0,0.0,0.0,4,0.0221,0.724,0.0,0.0,0.0,0.0,0.0,0.0,0.0
70.447,v3_deploy_check,PARKED,0.0,0.0,0.0,4,0.0244,0.725,0.0,0.0,0.0,0.0,0.0,0.0,0.0
70.52,v3_deploy_check,PARKED,0.0,0.0,0.0,4,0.0244,0.725,0.0,0.0,0.0,0.0,0.0,0.0,0.0
70.619,v3_deploy_check,PARKED,0.0,0.0,0.0,4,0.0244,0.725,0.0,0.0,0.0,0.0,0.0,0.0,0.0
70.745,v3_deploy_check,PARKED,0.0,0.0,0.0,4,0.0,0.727,0.0,0.0,0.0,0.0,0.0,0.0,0.0
70.86,v3_deploy_check,PARKED,0.0,0.0,0.0,4,0.0,0.721,0.0,0.0,0.0,0.0,0.0,0.0,0.0
70.92,v3_deploy_check,PARKED,0.0,0.0,0.0,4,0.0276,0.728,0.0,0.0,0.0,0.0,0.0,0.0,0.0
71.034,v3_deploy_check,PARKED,0.0,0.0,0.0,4,0.0275,0.728,0.0,0.0,0.0,0.0,0.0,0.0,0.0
71.12,v3_deploy_check,PARKED,0.0,0.0,0.0,4,0.0,0.727,0.0,0.0,0.0,0.0,0.0,0.0,0.0
71.225,v3_deploy_check,PARKED,0.0,0.0,0.0,4,0.0,0.727,0.0,0.0,0.0,0.0,0.0,0.0,0.0
71.319,v3_deploy_check,PARKED,0.0,0.0,0.0,4,0.0,0.727,0.0,0.0,0.0,0.0,0.0,0.0,0.0
71.434,v3_deploy_check,PARKED,0.0,0.0,0.0,4,0.0316,0.727,0.0,0.0,0.0,0.0,0.0,0.0,0.0
71.553,v3_deploy_check,PARKED,0.0,0.0,0.0,4,0.0071,0.728,0.0,0.0,0.0,0.0,0.0,0.0,0.0
71.62,v3_deploy_check,PARKED,0.0,0.0,0.0,4,0.0071,0.728,0.0,0.0,0.0,0.0,0.0,0.0,0.0
71.719,v3_deploy_check,PARKED,0.0,0.0,0.0,4,0.0071,0.728,0.0,0.0,0.0,0.0,0.0,0.0,0.0
71.819,v3_deploy_check,PARKED,0.0,0.0,0.0,4,0.0071,0.728,0.0,0.0,0.0,0.0,0.0,0.0,0.0
71.967,v3_deploy_check,PARKED,0.0,0.0,0.0,4,0.023,0.729,0.0,0.0,0.0,0.0,0.0,0.0,0.0
72.023,v3_deploy_check,PARKED,0.0,0.0,0.0,4,0.023,0.729,0.0,0.0,0.0,0.0,0.0,0.0,0.0
72.136,v3_deploy_check,PARKED,0.0,0.0,0.0,4,0.0275,0.727,0.0,0.0,0.0,0.0,0.0,0.0,0.0
72.22,v3_deploy_check,PARKED,0.0,0.0,0.0,4,0.0298,0.725,0.0,0.0,0.0,0.0,0.0,0.0,0.0
72.32,v3_deploy_check,PARKED,0.0,0.0,0.0,4,0.0298,0.725,0.0,0.0,0.0,0.0,0.0,0.0,0.0
72.449,v3_deploy_check,PARKED,0.0,0.0,0.0,4,0.0,0.727,0.0,0.0,0.0,0.0,0.0,0.0,0.0
72.521,v3_deploy_check,PARKED,0.0,0.0,0.0,4,0.0,0.725,0.0,0.0,0.0,0.0,0.0,0.0,0.0
72.642,v3_deploy_check,PARKED,0.0,0.0,0.0,4,0.0,0.725,0.0,0.0,0.0,0.0,0.0,0.0,0.0
72.719,v3_deploy_check,PARKED,0.0,0.0,0.0,4,0.0,0.725,0.0,0.0,0.0,0.0,0.0,0.0,0.0
72.82,v3_deploy_check,PARKED,0.0,0.0,0.0,4,0.0,0.725,0.0,0.0,0.0,0.0,0.0,0.0,0.0
72.928,v3_deploy_check,PARKED,0.0,0.0,0.0,4,0.0,0.724,0.0,0.0,0.0,0.0,0.0,0.0,0.0
73.02,v3_deploy_check,PARKED,0.0,0.0,0.0,4,0.0,0.724,0.0,0.0,0.0,0.0,0.0,0.0,0.0
73.12,v3_deploy_check,PARKED,0.0,0.0,0.0,4,0.0,0.724,0.0,0.0,0.0,0.0,0.0,0.0,0.0
73.219,v3_deploy_check,PARKED,0.0,0.0,0.0,4,0.0688,0.724,0.0,0.0,0.0,0.0,0.0,0.0,0.0
73.32,v3_deploy_check,PARKED,0.0,0.0,0.0,4,0.0688,0.724,0.0,0.0,0.0,0.0,0.0,0.0,0.0
73.437,v3_deploy_check,PARKED,0.0,0.0,0.0,4,0.0351,0.724,0.0,0.0,0.0,0.0,0.0,0.0,0.0
73.566,v3_deploy_check,PARKED,0.0,0.0,0.0,4,0.0475,0.726,0.0,0.0,0.0,0.0,0.0,0.0,0.0
73.62,v3_deploy_check,PARKED,0.0,0.0,0.0,4,0.0475,0.726,0.0,0.0,0.0,0.0,0.0,0.0,0.0
73.719,v3_deploy_check,PARKED,0.0,0.0,0.0,4,0.0475,0.726,0.0,0.0,0.0,0.0,0.0,0.0,0.0
73.819,v3_deploy_check,PARKED,0.0,0.0,0.0,4,0.0475,0.726,0.0,0.0,0.0,0.0,0.0,0.0,0.0
73.949,v3_deploy_check,PARKED,0.0,0.0,0.0,4,0.0234,0.729,0.0,0.0,0.0,0.0,0.0,0.0,0.0
74.02,v3_deploy_check,PARKED,0.0,0.0,0.0,4,0.0234,0.729,0.0,0.0,0.0,0.0,0.0,0.0,0.0
74.12,v3_deploy_check,PARKED,0.0,0.0,0.0,4,0.0234,0.729,0.0,0.0,0.0,0.0,0.0,0.0,0.0
74.219,v3_deploy_check,PARKED,0.0,0.0,0.0,4,0.0234,0.729,0.0,0.0,0.0,0.0,0.0,0.0,0.0
74.341,v3_deploy_check,PARKED,0.0,0.0,0.0,4,0.0516,0.726,0.0,0.0,0.0,0.0,0.0,0.0,0.0
74.419,v3_deploy_check,PARKED,0.0,0.0,0.0,4,0.0516,0.726,0.0,0.0,0.0,0.0,0.0,0.0,0.0
74.522,v3_deploy_check,PARKED,0.0,0.0,0.0,4,0.0632,0.725,0.0,0.0,0.0,0.0,0.0,0.0,0.0
74.619,v3_deploy_check,PARKED,0.0,0.0,0.0,4,0.0632,0.725,0.0,0.0,0.0,0.0,0.0,0.0,0.0
74.72,v3_deploy_check,PARKED,0.0,0.0,0.0,4,0.0632,0.725,0.0,0.0,0.0,0.0,0.0,0.0,0.0
74.82,v3_deploy_check,PARKED,0.0,0.0,0.0,4,0.0551,0.728,0.0,0.0,0.0,0.0,0.0,0.0,0.0
74.92,v3_deploy_check,PARKED,0.0,0.0,0.0,4,0.0329,0.727,0.0,0.0,0.0,0.0,0.0,0.0,0.0
75.038,v3_deploy_check,PARKED,0.0,0.0,0.0,4,0.0,0.729,0.0,0.0,0.0,0.0,0.0,0.0,0.0
75.12,v3_deploy_check,PARKED,0.0,0.0,0.0,4,0.0,0.729,0.0,0.0,0.0,0.0,0.0,0.0,0.0
75.247,v3_deploy_check,PARKED,0.0,0.0,0.0,4,0.0,0.725,0.0,0.0,0.0,0.0,0.0,0.0,0.0
75.368,v3_deploy_check,PARKED,0.0,0.0,0.0,4,0.0386,0.728,0.0,0.0,0.0,0.0,0.0,0.0,0.0
75.42,v3_deploy_check,PARKED,0.0,0.0,0.0,4,0.0386,0.728,0.0,0.0,0.0,0.0,0.0,0.0,0.0
75.52,v3_deploy_check,PARKED,0.0,0.0,0.0,4,0.0054,0.725,0.0,0.0,0.0,0.0,0.0,0.0,0.0
75.619,v3_deploy_check,PARKED,0.0,0.0,0.0,4,0.0054,0.725,0.0,0.0,0.0,0.0,0.0,0.0,0.0
75.72,v3_deploy_check,PARKED,0.0,0.0,0.0,4,0.0,0.725,0.0,0.0,0.0,0.0,0.0,0.0,0.0
75.819,v3_deploy_check,PARKED,0.0,0.0,0.0,4,0.0,0.725,0.0,0.0,0.0,0.0,0.0,0.0,0.0
75.951,v3_deploy_check,PARKED,0.0,0.0,0.0,4,0.0291,0.726,0.0,0.0,0.0,0.0,0.0,0.0,0.0
76.046,v3_deploy_check,PARKED,0.0,0.0,0.0,4,0.0291,0.726,0.0,0.0,0.0,0.0,0.0,0.0,0.0
76.149,v3_deploy_check,PARKED,0.0,0.0,0.0,4,0.0,0.726,0.0,0.0,0.0,0.0,0.0,0.0,0.0
76.22,v3_deploy_check,PARKED,0.0,0.0,0.0,4,0.0,0.725,0.0,0.0,0.0,0.0,0.0,0.0,0.0
76.329,v3_deploy_check,PARKED,0.0,0.0,0.0,4,0.0,0.724,0.0,0.0,0.0,0.0,0.0,0.0,0.0
76.419,v3_deploy_check,PARKED,0.0,0.0,0.0,4,0.0,0.724,0.0,0.0,0.0,0.0,0.0,0.0,0.0
76.531,v3_deploy_check,PARKED,0.0,0.0,0.0,4,0.0,0.724,0.0,0.0,0.0,0.0,0.0,0.0,0.0
76.652,v3_deploy_check,PARKED,0.0,0.0,0.0,4,0.0,0.726,0.0,0.0,0.0,0.0,0.0,0.0,0.0
76.721,v3_deploy_check,PARKED,0.0,0.0,0.0,4,0.0,0.727,0.0,0.0,0.0,0.0,0.0,0.0,0.0
76.82,v3_deploy_check,PARKED,0.0,0.0,0.0,4,0.0422,0.726,0.0,0.0,0.0,0.0,0.0,0.0,0.0
76.919,v3_deploy_check,PARKED,0.0,0.0,0.0,4,0.0422,0.726,0.0,0.0,0.0,0.0,0.0,0.0,0.0
77.058,v3_deploy_check,PARKED,0.0,0.0,0.0,4,0.0,0.725,0.0,0.0,0.0,0.0,0.0,0.0,0.0
77.119,v3_deploy_check,PARKED,0.0,0.0,0.0,4,0.039,0.725,0.0,0.0,0.0,0.0,0.0,0.0,0.0
77.229,v3_deploy_check,PARKED,0.0,0.0,0.0,4,0.039,0.725,0.0,0.0,0.0,0.0,0.0,0.0,0.0
77.32,v3_deploy_check,PARKED,0.0,0.0,0.0,4,0.0263,0.723,0.0,0.0,0.0,0.0,0.0,0.0,0.0
77.419,v3_deploy_check,PARKED,0.0,0.0,0.0,4,0.0263,0.723,0.0,0.0,0.0,0.0,0.0,0.0,0.0
77.52,v3_deploy_check,PARKED,0.0,0.0,0.0,4,0.0263,0.723,0.0,0.0,0.0,0.0,0.0,0.0,0.0
77.619,v3_deploy_check,PARKED,0.0,0.0,0.0,4,0.0398,0.726,0.0,0.0,0.0,0.0,0.0,0.0,0.0
77.766,v3_deploy_check,PARKED,0.0,0.0,0.0,4,0.02,0.727,0.0,0.0,0.0,0.0,0.0,0.0,0.0
77.82,v3_deploy_check,PARKED,0.0,0.0,0.0,4,0.02,0.727,0.0,0.0,0.0,0.0,0.0,0.0,0.0
77.919,v3_deploy_check,PARKED,0.0,0.0,0.0,4,0.02,0.727,0.0,0.0,0.0,0.0,0.0,0.0,0.0
78.019,v3_deploy_check,PARKED,0.0,0.0,0.0,4,0.02,0.727,0.0,0.0,0.0,0.0,0.0,0.0,0.0
78.156,v3_deploy_check,PARKED,0.0,0.0,0.0,4,0.0114,0.724,0.0,0.0,0.0,0.0,0.0,0.0,0.0
78.219,v3_deploy_check,PARKED,0.0,0.0,0.0,4,0.0,0.724,0.0,0.0,0.0,0.0,0.0,0.0,0.0
78.32,v3_deploy_check,PARKED,0.0,0.0,0.0,4,0.0,0.724,0.0,0.0,0.0,0.0,0.0,0.0,0.0
78.42,v3_deploy_check,PARKED,0.0,0.0,0.0,4,0.0,0.723,0.0,0.0,0.0,0.0,0.0,0.0,0.0
78.521,v3_deploy_check,PARKED,0.0,0.0,0.0,4,0.0,0.723,0.0,0.0,0.0,0.0,0.0,0.0,0.0
78.668,v3_deploy_check,PARKED,0.0,0.0,0.0,4,0.0206,0.727,0.0,0.0,0.0,0.0,0.0,0.0,0.0
78.736,v3_deploy_check,PARKED,0.0,0.0,0.0,4,0.0206,0.727,0.0,0.0,0.0,0.0,0.0,0.0,0.0
78.819,v3_deploy_check,PARKED,0.0,0.0,0.0,4,0.0206,0.727,0.0,0.0,0.0,0.0,0.0,0.0,0.0
78.947,v3_deploy_check,PARKED,0.0,0.0,0.0,4,0.0,0.725,0.0,0.0,0.0,0.0,0.0,0.0,0.0
79.066,v3_deploy_check,PARKED,0.0,0.0,0.0,4,0.0523,0.726,0.0,0.0,0.0,0.0,0.0,0.0,0.0
79.12,v3_deploy_check,PARKED,0.0,0.0,0.0,4,0.0523,0.726,0.0,0.0,0.0,0.0,0.0,0.0,0.0
79.221,v3_deploy_check,PARKED,0.0,0.0,0.0,4,0.0091,0.727,0.0,0.0,0.0,0.0,0.0,0.0,0.0
79.365,v3_deploy_check,PARKED,0.0,0.0,0.0,4,0.0,0.724,0.0,0.0,0.0,0.0,0.0,0.0,0.0
79.419,v3_deploy_check,PARKED,0.0,0.0,0.0,4,0.0,0.724,0.0,0.0,0.0,0.0,0.0,0.0,0.0
79.558,v3_deploy_check,PARKED,0.0,0.0,0.0,4,0.0358,0.728,0.0,0.0,0.0,0.0,0.0,0.0,0.0
79.64,v3_deploy_check,PARKED,0.0,0.0,0.0,4,0.0234,0.728,0.0,0.0,0.0,0.0,0.0,0.0,0.0
79.721,v3_deploy_check,PARKED,0.0,0.0,0.0,4,0.0234,0.728,0.0,0.0,0.0,0.0,0.0,0.0,0.0
79.82,v3_deploy_check,PARKED,0.0,0.0,0.0,4,0.0234,0.728,0.0,0.0,0.0,0.0,0.0,0.0,0.0
79.919,v3_deploy_check,PARKED,0.0,0.0,0.0,4,0.0234,0.728,0.0,0.0,0.0,0.0,0.0,0.0,0.0
80.055,v3_deploy_check,PARKED,0.0,0.0,0.0,4,0.2641,0.727,0.0,0.0,0.0,0.0,0.0,0.0,0.0
80.119,v3_deploy_check,PARKED,0.0,0.0,0.0,4,0.2641,0.727,0.0,0.0,0.0,0.0,0.0,0.0,0.0
80.22,v3_deploy_check,PARKED,0.0,0.0,0.0,4,0.2641,0.727,0.0,0.0,0.0,0.0,0.0,0.0,0.0
80.319,v3_deploy_check,PARKED,0.0,0.0,0.0,4,0.2641,0.727,0.0,0.0,0.0,0.0,0.0,0.0,0.0
80.465,v3_deploy_check,PARKED,0.0,0.0,0.0,4,0.1046,0.733,0.0,0.0,0.0,0.0,0.0,0.0,0.0
80.53,v3_deploy_check,PARKED,0.0,0.0,0.0,4,0.2281,0.727,0.0,0.0,0.0,0.0,0.0,0.0,0.0
80.619,v3_deploy_check,PARKED,0.0,0.0,0.0,4,0.108,0.727,0.0,0.0,0.0,0.0,0.0,0.0,0.0
80.72,v3_deploy_check,PARKED,0.0,0.0,0.0,4,0.108,0.727,0.0,0.0,0.0,0.0,0.0,0.0,0.0
80.819,v3_deploy_check,PARKED,0.0,0.0,0.0,4,0.108,0.727,0.0,0.0,0.0,0.0,0.0,0.0,0.0
80.959,v3_deploy_check,PARKED,0.0,0.0,0.0,4,0.203,0.727,0.0,0.0,0.0,0.0,0.0,0.0,0.0
81.03,v3_deploy_check,PARKED,0.0,0.0,0.0,4,0.0285,0.729,0.0,0.0,0.0,0.0,0.0,0.0,0.0
81.119,v3_deploy_check,PARKED,0.0,0.0,0.0,4,0.0285,0.729,0.0,0.0,0.0,0.0,0.0,0.0,0.0
81.219,v3_deploy_check,PARKED,0.0,0.0,0.0,4,0.0285,0.729,0.0,0.0,0.0,0.0,0.0,0.0,0.0
81.319,v3_deploy_check,PARKED,0.0,0.0,0.0,4,0.0285,0.729,0.0,0.0,0.0,0.0,0.0,0.0,0.0
81.42,v3_deploy_check,PARKED,0.0,0.0,0.0,4,0.0285,0.729,0.0,0.0,0.0,0.0,0.0,0.0,0.0
81.519,v3_deploy_check,PARKED,0.0,0.0,0.0,4,0.0,0.729,0.0,0.0,0.0,0.0,0.0,0.0,0.0
81.632,v3_deploy_check,PARKED,0.0,0.0,0.0,4,0.0,0.728,0.0,0.0,0.0,0.0,0.0,0.0,0.0
81.719,v3_deploy_check,PARKED,0.0,0.0,0.0,4,0.0,0.726,0.0,0.0,0.0,0.0,0.0,0.0,0.0
81.82,v3_deploy_check,PARKED,0.0,0.0,0.0,4,0.0,0.726,0.0,0.0,0.0,0.0,0.0,0.0,0.0
81.921,v3_deploy_check,PARKED,0.0,0.0,0.0,4,0.0405,0.728,0.0,0.0,0.0,0.0,0.0,0.0,0.0
82.048,v3_deploy_check,PARKED,0.0,0.0,0.0,4,0.0,0.727,0.0,0.0,0.0,0.0,0.0,0.0,0.0
82.164,v3_deploy_check,PARKED,0.0,0.0,0.0,4,0.0324,0.729,0.0,0.0,0.0,0.0,0.0,0.0,0.0
82.219,v3_deploy_check,PARKED,0.0,0.0,0.0,4,0.0324,0.729,0.0,0.0,0.0,0.0,0.0,0.0,0.0
82.319,v3_deploy_check,PARKED,0.0,0.0,0.0,4,0.0324,0.729,0.0,0.0,0.0,0.0,0.0,0.0,0.0
82.419,v3_deploy_check,PARKED,0.0,0.0,0.0,4,0.0324,0.729,0.0,0.0,0.0,0.0,0.0,0.0,0.0
82.553,v3_deploy_check,PARKED,0.0,0.0,0.0,4,0.0762,0.727,0.0,0.0,0.0,0.0,0.0,0.0,0.0
82.62,v3_deploy_check,PARKED,0.0,0.0,0.0,4,0.0762,0.727,0.0,0.0,0.0,0.0,0.0,0.0,0.0
82.719,v3_deploy_check,PARKED,0.0,0.0,0.0,4,0.0762,0.727,0.0,0.0,0.0,0.0,0.0,0.0,0.0
82.82,v3_deploy_check,PARKED,0.0,0.0,0.0,4,0.0396,0.727,0.0,0.0,0.0,0.0,0.0,0.0,0.0
82.966,v3_deploy_check,PARKED,0.0,0.0,0.0,4,0.0446,0.729,0.0,0.0,0.0,0.0,0.0,0.0,0.0
83.034,v3_deploy_check,PARKED,0.0,0.0,0.0,4,0.027,0.723,0.0,0.0,0.0,0.0,0.0,0.0,0.0
83.119,v3_deploy_check,PARKED,0.0,0.0,0.0,4,0.027,0.723,0.0,0.0,0.0,0.0,0.0,0.0,0.0
83.22,v3_deploy_check,PARKED,0.0,0.0,0.0,4,0.027,0.723,0.0,0.0,0.0,0.0,0.0,0.0,0.0
83.319,v3_deploy_check,PARKED,0.0,0.0,0.0,4,0.027,0.723,0.0,0.0,0.0,0.0,0.0,0.0,0.0
83.419,v3_deploy_check,PARKED,0.0,0.0,0.0,4,0.027,0.723,0.0,0.0,0.0,0.0,0.0,0.0,0.0
83.519,v3_deploy_check,PARKED,0.0,0.0,0.0,4,0.027,0.723,0.0,0.0,0.0,0.0,0.0,0.0,0.0
83.638,v3_deploy_check,PARKED,0.0,0.0,0.0,4,0.0282,0.727,0.0,0.0,0.0,0.0,0.0,0.0,0.0
83.749,v3_deploy_check,PARKED,0.0,0.0,0.0,4,0.018,0.725,0.0,0.0,0.0,0.0,0.0,0.0,0.0
83.86,v3_deploy_check,PARKED,0.0,0.0,0.0,4,0.018,0.725,0.0,0.0,0.0,0.0,0.0,0.0,0.0
83.919,v3_deploy_check,PARKED,0.0,0.0,0.0,4,0.024,0.727,0.0,0.0,0.0,0.0,0.0,0.0,0.0
84.031,v3_deploy_check,PARKED,0.0,0.0,0.0,4,0.0405,0.726,0.0,0.0,0.0,0.0,0.0,0.0,0.0
84.139,v3_deploy_check,PARKED,0.0,0.0,0.0,4,0.0218,0.727,0.0,0.0,0.0,0.0,0.0,0.0,0.0
84.263,v3_deploy_check,PARKED,0.0,0.0,0.0,4,0.0218,0.727,0.0,0.0,0.0,0.0,0.0,0.0,0.0
84.319,v3_deploy_check,PARKED,0.0,0.0,0.0,4,0.0218,0.727,0.0,0.0,0.0,0.0,0.0,0.0,0.0
84.466,v3_deploy_check,PARKED,0.0,0.0,0.0,4,0.0206,0.727,0.0,0.0,0.0,0.0,0.0,0.0,0.0
84.527,v3_deploy_check,PARKED,0.0,0.0,0.0,4,0.0136,0.727,0.0,0.0,0.0,0.0,0.0,0.0,0.0
84.619,v3_deploy_check,PARKED,0.0,0.0,0.0,4,0.0,0.723,0.0,0.0,0.0,0.0,0.0,0.0,0.0
84.72,v3_deploy_check,PARKED,0.0,0.0,0.0,4,0.0,0.723,0.0,0.0,0.0,0.0,0.0,0.0,0.0
84.829,v3_deploy_check,PARKED,0.0,0.0,0.0,4,0.0,0.727,0.0,0.0,0.0,0.0,0.0,0.0,0.0
84.948,v3_deploy_check,PARKED,0.0,0.0,0.0,4,0.0,0.728,0.0,0.0,0.0,0.0,0.0,0.0,0.0
85.019,v3_deploy_check,PARKED,0.0,0.0,0.0,4,0.0,0.725,0.0,0.0,0.0,0.0,0.0,0.0,0.0
85.119,v3_deploy_check,PARKED,0.0,0.0,0.0,4,0.0,0.725,0.0,0.0,0.0,0.0,0.0,0.0,0.0
85.254,v3_deploy_check,PARKED,0.0,0.0,0.0,4,0.0,0.725,0.0,0.0,0.0,0.0,0.0,0.0,0.0
85.319,v3_deploy_check,PARKED,0.0,0.0,0.0,4,0.0,0.728,0.0,0.0,0.0,0.0,0.0,0.0,0.0
85.419,v3_deploy_check,PARKED,0.0,0.0,0.0,4,0.0,0.728,0.0,0.0,0.0,0.0,0.0,0.0,0.0
85.568,v3_deploy_check,PARKED,0.0,0.0,0.0,4,0.0379,0.726,0.0,0.0,0.0,0.0,0.0,0.0,0.0
85.619,v3_deploy_check,PARKED,0.0,0.0,0.0,4,0.0379,0.726,0.0,0.0,0.0,0.0,0.0,0.0,0.0
85.73,v3_deploy_check,PARKED,0.0,0.0,0.0,4,0.0379,0.726,0.0,0.0,0.0,0.0,0.0,0.0,0.0
85.853,v3_deploy_check,PARKED,0.0,0.0,0.0,4,0.0328,0.726,0.0,0.0,0.0,0.0,0.0,0.0,0.0
85.928,v3_deploy_check,PARKED,0.0,0.0,0.0,4,0.0328,0.726,0.0,0.0,0.0,0.0,0.0,0.0,0.0
86.02,v3_deploy_check,PARKED,0.0,0.0,0.0,4,0.0328,0.726,0.0,0.0,0.0,0.0,0.0,0.0,0.0
86.119,v3_deploy_check,PARKED,0.0,0.0,0.0,4,0.0342,0.727,0.0,0.0,0.0,0.0,0.0,0.0,0.0
86.25,v3_deploy_check,PARKED,0.0,0.0,0.0,4,0.0455,0.724,0.0,0.0,0.0,0.0,0.0,0.0,0.0
86.32,v3_deploy_check,PARKED,0.0,0.0,0.0,4,0.0455,0.724,0.0,0.0,0.0,0.0,0.0,0.0,0.0
86.42,v3_deploy_check,PARKED,0.0,0.0,0.0,4,0.0,0.728,0.0,0.0,0.0,0.0,0.0,0.0,0.0
86.557,v3_deploy_check,PARKED,0.0,0.0,0.0,4,0.0316,0.726,0.0,0.0,0.0,0.0,0.0,0.0,0.0
86.62,v3_deploy_check,PARKED,0.0,0.0,0.0,4,0.0316,0.726,0.0,0.0,0.0,0.0,0.0,0.0,0.0
86.736,v3_deploy_check,PARKED,0.0,0.0,0.0,4,0.0,0.726,0.0,0.0,0.0,0.0,0.0,0.0,0.0
86.819,v3_deploy_check,PARKED,0.0,0.0,0.0,4,0.0,0.726,0.0,0.0,0.0,0.0,0.0,0.0,0.0
86.943,v3_deploy_check,PARKED,0.0,0.0,0.0,4,0.0,0.723,0.0,0.0,0.0,0.0,0.0,0.0,0.0
87.019,v3_deploy_check,PARKED,0.0,0.0,0.0,4,0.0,0.725,0.0,0.0,0.0,0.0,0.0,0.0,0.0
87.12,v3_deploy_check,PARKED,0.0,0.0,0.0,4,0.0,0.725,0.0,0.0,0.0,0.0,0.0,0.0,0.0
87.22,v3_deploy_check,PARKED,0.0,0.0,0.0,4,0.0,0.725,0.0,0.0,0.0,0.0,0.0,0.0,0.0
87.336,v3_deploy_check,PARKED,0.0,0.0,0.0,4,0.0,0.726,0.0,0.0,0.0,0.0,0.0,0.0,0.0
87.42,v3_deploy_check,PARKED,0.0,0.0,0.0,4,0.057,0.73,0.0,0.0,0.0,0.0,0.0,0.0,0.0
87.526,v3_deploy_check,PARKED,0.0,0.0,0.0,4,0.0401,0.728,0.0,0.0,0.0,0.0,0.0,0.0,0.0
87.62,v3_deploy_check,PARKED,0.0,0.0,0.0,4,0.0401,0.728,0.0,0.0,0.0,0.0,0.0,0.0,0.0
87.753,v3_deploy_check,PARKED,0.0,0.0,0.0,4,0.0,0.728,0.0,0.0,0.0,0.0,0.0,0.0,0.0
87.865,v3_deploy_check,PARKED,0.0,0.0,0.0,4,0.0579,0.727,0.0,0.0,0.0,0.0,0.0,0.0,0.0
87.92,v3_deploy_check,PARKED,0.0,0.0,0.0,4,0.0579,0.727,0.0,0.0,0.0,0.0,0.0,0.0,0.0
88.036,v3_deploy_check,PARKED,0.0,0.0,0.0,4,0.0458,0.727,0.0,0.0,0.0,0.0,0.0,0.0,0.0
88.149,v3_deploy_check,PARKED,0.0,0.0,0.0,4,0.0277,0.725,0.0,0.0,0.0,0.0,0.0,0.0,0.0
88.22,v3_deploy_check,PARKED,0.0,0.0,0.0,4,0.0277,0.725,0.0,0.0,0.0,0.0,0.0,0.0,0.0
88.334,v3_deploy_check,PARKED,0.0,0.0,0.0,4,0.0262,0.721,0.0,0.0,0.0,0.0,0.0,0.0,0.0
88.453,v3_deploy_check,PARKED,0.0,0.0,0.0,4,0.0362,0.72,0.0,0.0,0.0,0.0,0.0,0.0,0.0
88.519,v3_deploy_check,PARKED,0.0,0.0,0.0,4,0.0362,0.72,0.0,0.0,0.0,0.0,0.0,0.0,0.0
88.619,v3_deploy_check,PARKED,0.0,0.0,0.0,4,0.015,0.723,0.0,0.0,0.0,0.0,0.0,0.0,0.0
88.72,v3_deploy_check,PARKED,0.0,0.0,0.0,4,0.0,0.727,0.0,0.0,0.0,0.0,0.0,0.0,0.0
88.82,v3_deploy_check,PARKED,0.0,0.0,0.0,4,0.0,0.727,0.0,0.0,0.0,0.0,0.0,0.0,0.0
88.966,v3_deploy_check,PARKED,0.0,0.0,0.0,4,0.0,0.727,0.0,0.0,0.0,0.0,0.0,0.0,0.0
89.03,v3_deploy_check,PARKED,0.0,0.0,0.0,4,0.0,0.727,0.0,0.0,0.0,0.0,0.0,0.0,0.0
89.153,v3_deploy_check,PARKED,0.0,0.0,0.0,4,0.0,0.726,0.0,0.0,0.0,0.0,0.0,0.0,0.0
89.219,v3_deploy_check,PARKED,0.0,0.0,0.0,4,0.0,0.726,0.0,0.0,0.0,0.0,0.0,0.0,0.0
89.319,v3_deploy_check,PARKED,0.0,0.0,0.0,4,0.0,0.726,0.0,0.0,0.0,0.0,0.0,0.0,0.0
89.443,v3_deploy_check,PARKED,0.0,0.0,0.0,4,0.0,0.727,0.0,0.0,0.0,0.0,0.0,0.0,0.0
89.519,v3_deploy_check,PARKED,0.0,0.0,0.0,4,0.0,0.727,0.0,0.0,0.0,0.0,0.0,0.0,0.0
89.62,v3_deploy_check,PARKED,0.0,0.0,0.0,4,0.0,0.727,0.0,0.0,0.0,0.0,0.0,0.0,0.0
89.72,v3_deploy_check,PARKED,0.0,0.0,0.0,4,0.0196,0.724,0.0,0.0,0.0,0.0,0.0,0.0,0.0
89.83,v3_deploy_check,PARKED,0.0,0.0,0.0,4,0.0196,0.724,0.0,0.0,0.0,0.0,0.0,0.0,0.0
89.935,v3_deploy_check,PARKED,0.0,0.0,0.0,4,0.0,0.726,0.0,0.0,0.0,0.0,0.0,0.0,0.0
90.02,v3_deploy_check,PARKED,0.0,0.0,0.0,4,0.0,0.727,0.0,0.0,0.0,0.0,0.0,0.0,0.0
90.132,v3_deploy_check,PARKED,0.0,0.0,0.0,4,0.0,0.728,0.0,0.0,0.0,0.0,0.0,0.0,0.0
90.219,v3_deploy_check,PARKED,0.0,0.0,0.0,4,0.0,0.728,0.0,0.0,0.0,0.0,0.0,0.0,0.0
90.325,v3_deploy_check,PARKED,0.0,0.0,0.0,4,0.0,0.728,0.0,0.0,0.0,0.0,0.0,0.0,0.0
90.445,v3_deploy_check,PARKED,0.0,0.0,0.0,4,0.0,0.728,0.0,0.0,0.0,0.0,0.0,0.0,0.0
90.52,v3_deploy_check,PARKED,0.0,0.0,0.0,4,0.0,0.727,0.0,0.0,0.0,0.0,0.0,0.0,0.0
90.62,v3_deploy_check,PARKED,0.0,0.0,0.0,4,0.0,0.727,0.0,0.0,0.0,0.0,0.0,0.0,0.0
90.72,v3_deploy_check,PARKED,0.0,0.0,0.0,4,0.0,0.727,0.0,0.0,0.0,0.0,0.0,0.0,0.0
90.82,v3_deploy_check,PARKED,0.0,0.0,0.0,4,0.0,0.727,0.0,0.0,0.0,0.0,0.0,0.0,0.0
90.919,v3_deploy_check,PARKED,0.0,0.0,0.0,4,0.0421,0.725,0.0,0.0,0.0,0.0,0.0,0.0,0.0
91.034,v3_deploy_check,PARKED,0.0,0.0,0.0,4,0.0283,0.727,0.0,0.0,0.0,0.0,0.0,0.0,0.0
91.133,v3_deploy_check,PARKED,0.0,0.0,0.0,4,0.0283,0.727,0.0,0.0,0.0,0.0,0.0,0.0,0.0
91.22,v3_deploy_check,PARKED,0.0,0.0,0.0,4,0.0283,0.727,0.0,0.0,0.0,0.0,0.0,0.0,0.0
91.336,v3_deploy_check,PARKED,0.0,0.0,0.0,4,0.0,0.728,0.0,0.0,0.0,0.0,0.0,0.0,0.0
91.454,v3_deploy_check,PARKED,0.0,0.0,0.0,4,0.0,0.728,0.0,0.0,0.0,0.0,0.0,0.0,0.0
91.519,v3_deploy_check,PARKED,0.0,0.0,0.0,4,0.03,0.726,0.0,0.0,0.0,0.0,0.0,0.0,0.0
91.62,v3_deploy_check,PARKED,0.0,0.0,0.0,4,0.03,0.726,0.0,0.0,0.0,0.0,0.0,0.0,0.0
91.72,v3_deploy_check,PARKED,0.0,0.0,0.0,4,0.03,0.726,0.0,0.0,0.0,0.0,0.0,0.0,0.0
91.819,v3_deploy_check,PARKED,0.0,0.0,0.0,4,0.03,0.726,0.0,0.0,0.0,0.0,0.0,0.0,0.0
91.968,v3_deploy_check,PARKED,0.0,0.0,0.0,4,0.0,0.725,0.0,0.0,0.0,0.0,0.0,0.0,0.0
92.035,v3_deploy_check,PARKED,0.0,0.0,0.0,4,0.0322,0.726,0.0,0.0,0.0,0.0,0.0,0.0,0.0
92.119,v3_deploy_check,PARKED,0.0,0.0,0.0,4,0.0322,0.726,0.0,0.0,0.0,0.0,0.0,0.0,0.0
92.219,v3_deploy_check,PARKED,0.0,0.0,0.0,4,0.0233,0.727,0.0,0.0,0.0,0.0,0.0,0.0,0.0
92.36,v3_deploy_check,PARKED,0.0,0.0,0.0,4,0.0215,0.725,0.0,0.0,0.0,0.0,0.0,0.0,0.0
92.42,v3_deploy_check,PARKED,0.0,0.0,0.0,4,0.075,0.726,0.0,0.0,0.0,0.0,0.0,0.0,0.0
92.537,v3_deploy_check,PARKED,0.0,0.0,0.0,4,0.0153,0.725,0.0,0.0,0.0,0.0,0.0,0.0,0.0
92.62,v3_deploy_check,PARKED,0.0,0.0,0.0,4,0.0153,0.725,0.0,0.0,0.0,0.0,0.0,0.0,0.0
92.719,v3_deploy_check,PARKED,0.0,0.0,0.0,4,0.0153,0.725,0.0,0.0,0.0,0.0,0.0,0.0,0.0
92.819,v3_deploy_check,PARKED,0.0,0.0,0.0,4,0.0153,0.725,0.0,0.0,0.0,0.0,0.0,0.0,0.0
92.919,v3_deploy_check,PARKED,0.0,0.0,0.0,4,0.0153,0.725,0.0,0.0,0.0,0.0,0.0,0.0,0.0
93.019,v3_deploy_check,PARKED,0.0,0.0,0.0,4,0.0153,0.725,0.0,0.0,0.0,0.0,0.0,0.0,0.0
93.12,v3_deploy_check,PARKED,0.0,0.0,0.0,4,0.0153,0.725,0.0,0.0,0.0,0.0,0.0,0.0,0.0
93.253,v3_deploy_check,PARKED,0.0,0.0,0.0,4,0.0355,0.725,0.0,0.0,0.0,0.0,0.0,0.0,0.0
93.32,v3_deploy_check,PARKED,0.0,0.0,0.0,4,0.0355,0.725,0.0,0.0,0.0,0.0,0.0,0.0,0.0
93.448,v3_deploy_check,PARKED,0.0,0.0,0.0,4,0.0338,0.724,0.0,0.0,0.0,0.0,0.0,0.0,0.0
93.566,v3_deploy_check,PARKED,0.0,0.0,0.0,4,0.0389,0.724,0.0,0.0,0.0,0.0,0.0,0.0,0.0
93.62,v3_deploy_check,PARKED,0.0,0.0,0.0,4,0.0389,0.724,0.0,0.0,0.0,0.0,0.0,0.0,0.0
93.724,v3_deploy_check,PARKED,0.0,0.0,0.0,4,0.0389,0.724,0.0,0.0,0.0,0.0,0.0,0.0,0.0
93.819,v3_deploy_check,PARKED,0.0,0.0,0.0,4,0.0389,0.724,0.0,0.0,0.0,0.0,0.0,0.0,0.0
93.919,v3_deploy_check,PARKED,0.0,0.0,0.0,4,0.0389,0.724,0.0,0.0,0.0,0.0,0.0,0.0,0.0
94.038,v3_deploy_check,PARKED,0.0,0.0,0.0,4,0.0,0.726,0.0,0.0,0.0,0.0,0.0,0.0,0.0
94.166,v3_deploy_check,PARKED,0.0,0.0,0.0,4,0.0,0.725,0.0,0.0,0.0,0.0,0.0,0.0,0.0
94.22,v3_deploy_check,PARKED,0.0,0.0,0.0,4,0.0,0.725,0.0,0.0,0.0,0.0,0.0,0.0,0.0
94.352,v3_deploy_check,PARKED,0.0,0.0,0.0,4,0.0,0.728,0.0,0.0,0.0,0.0,0.0,0.0,0.0
94.424,v3_deploy_check,PARKED,0.0,0.0,0.0,4,0.0341,0.726,0.0,0.0,0.0,0.0,0.0,0.0,0.0
94.539,v3_deploy_check,PARKED,0.0,0.0,0.0,4,0.0341,0.726,0.0,0.0,0.0,0.0,0.0,0.0,0.0
94.661,v3_deploy_check,PARKED,0.0,0.0,0.0,4,0.0341,0.726,0.0,0.0,0.0,0.0,0.0,0.0,0.0
94.766,v3_deploy_check,PARKED,0.0,0.0,0.0,4,0.0124,0.726,0.0,0.0,0.0,0.0,0.0,0.0,0.0
94.841,v3_deploy_check,PARKED,0.0,0.0,0.0,4,0.0823,0.726,0.0,0.0,0.0,0.0,0.0,0.0,0.0
94.92,v3_deploy_check,PARKED,0.0,0.0,0.0,4,0.0823,0.726,0.0,0.0,0.0,0.0,0.0,0.0,0.0
95.02,v3_deploy_check,PARKED,0.0,0.0,0.0,4,0.0823,0.726,0.0,0.0,0.0,0.0,0.0,0.0,0.0
95.123,v3_deploy_check,PARKED,0.0,0.0,0.0,4,0.04,0.725,0.0,0.0,0.0,0.0,0.0,0.0,0.0
95.221,v3_deploy_check,PARKED,0.0,0.0,0.0,4,0.002,0.725,0.0,0.0,0.0,0.0,0.0,0.0,0.0
95.345,v3_deploy_check,PARKED,0.0,0.0,0.0,4,0.0,0.725,0.0,0.0,0.0,0.0,0.0,0.0,0.0
95.42,v3_deploy_check,PARKED,0.0,0.0,0.0,4,0.0,0.724,0.0,0.0,0.0,0.0,0.0,0.0,0.0
95.52,v3_deploy_check,PARKED,0.0,0.0,0.0,4,0.0,0.724,0.0,0.0,0.0,0.0,0.0,0.0,0.0
95.62,v3_deploy_check,PARKED,0.0,0.0,0.0,4,0.0,0.724,0.0,0.0,0.0,0.0,0.0,0.0,0.0
95.72,v3_deploy_check,PARKED,0.0,0.0,0.0,4,0.0,0.724,0.0,0.0,0.0,0.0,0.0,0.0,0.0
95.834,v3_deploy_check,PARKED,0.0,0.0,0.0,4,0.0211,0.727,0.0,0.0,0.0,0.0,0.0,0.0,0.0
95.92,v3_deploy_check,PARKED,0.0,0.0,0.0,4,0.0405,0.726,0.0,0.0,0.0,0.0,0.0,0.0,0.0
96.02,v3_deploy_check,PARKED,0.0,0.0,0.0,4,0.0405,0.726,0.0,0.0,0.0,0.0,0.0,0.0,0.0
96.12,v3_deploy_check,PARKED,0.0,0.0,0.0,4,0.0405,0.726,0.0,0.0,0.0,0.0,0.0,0.0,0.0
96.245,v3_deploy_check,PARKED,0.0,0.0,0.0,4,0.0122,0.728,0.0,0.0,0.0,0.0,0.0,0.0,0.0
96.364,v3_deploy_check,PARKED,0.0,0.0,0.0,4,0.0,0.725,0.0,0.0,0.0,0.0,0.0,0.0,0.0
96.42,v3_deploy_check,PARKED,0.0,0.0,0.0,4,0.0,0.725,0.0,0.0,0.0,0.0,0.0,0.0,0.0
96.52,v3_deploy_check,PARKED,0.0,0.0,0.0,4,0.0331,0.732,0.0,0.0,0.0,0.0,0.0,0.0,0.0
96.62,v3_deploy_check,PARKED,0.0,0.0,0.0,4,0.0331,0.732,0.0,0.0,0.0,0.0,0.0,0.0,0.0
96.767,v3_deploy_check,PARKED,0.0,0.0,0.0,4,0.0108,0.73,0.0,0.0,0.0,0.0,0.0,0.0,0.0
96.83,v3_deploy_check,PARKED,0.0,0.0,0.0,4,0.0,0.726,0.0,0.0,0.0,0.0,0.0,0.0,0.0
96.92,v3_deploy_check,PARKED,0.0,0.0,0.0,4,0.0,0.726,0.0,0.0,0.0,0.0,0.0,0.0,0.0
97.02,v3_deploy_check,PARKED,0.0,0.0,0.0,4,0.0,0.726,0.0,0.0,0.0,0.0,0.0,0.0,0.0
97.129,v3_deploy_check,PARKED,0.0,0.0,0.0,4,0.0,0.728,0.0,0.0,0.0,0.0,0.0,0.0,0.0
97.22,v3_deploy_check,PARKED,0.0,0.0,0.0,4,0.0,0.723,0.0,0.0,0.0,0.0,0.0,0.0,0.0
97.337,v3_deploy_check,PARKED,0.0,0.0,0.0,4,0.0,0.727,0.0,0.0,0.0,0.0,0.0,0.0,0.0
97.459,v3_deploy_check,PARKED,0.0,0.0,0.0,4,0.0,0.724,0.0,0.0,0.0,0.0,0.0,0.0,0.0
97.52,v3_deploy_check,PARKED,0.0,0.0,0.0,4,0.0,0.724,0.0,0.0,0.0,0.0,0.0,0.0,0.0
97.62,v3_deploy_check,PARKED,0.0,0.0,0.0,4,0.0,0.724,0.0,0.0,0.0,0.0,0.0,0.0,0.0
97.745,v3_deploy_check,PARKED,0.0,0.0,0.0,4,0.0,0.724,0.0,0.0,0.0,0.0,0.0,0.0,0.0
97.82,v3_deploy_check,PARKED,0.0,0.0,0.0,4,0.0,0.724,0.0,0.0,0.0,0.0,0.0,0.0,0.0
97.92,v3_deploy_check,PARKED,0.0,0.0,0.0,4,0.0,0.727,0.0,0.0,0.0,0.0,0.0,0.0,0.0
98.02,v3_deploy_check,PARKED,0.0,0.0,0.0,4,0.0,0.727,0.0,0.0,0.0,0.0,0.0,0.0,0.0
98.146,v3_deploy_check,PARKED,0.0,0.0,0.0,4,0.2545,1.2,0.0,0.0,0.0,0.0,0.0,0.0,0.0
98.22,v3_deploy_check,PARKED,0.0,0.0,0.0,4,0.5581,0.944,0.0,0.0,0.0,0.0,0.0,0.0,0.0
98.359,v3_deploy_check,PARKED,0.0,0.0,0.0,4,0.5581,0.944,0.0,0.0,0.0,0.0,0.0,0.0,0.0
98.419,v3_deploy_check,PARKED,0.0,0.0,0.0,4,0.5581,0.944,0.0,0.0,0.0,0.0,0.0,0.0,0.0
98.519,v3_deploy_check,PARKED,0.0,0.0,0.0,4,0.5581,0.944,0.0,0.0,0.0,0.0,0.0,0.0,0.0
98.651,v3_deploy_check,PARKED,0.0,0.0,0.0,4,0.2377,0.792,0.0,0.0,0.0,0.0,0.0,0.0,0.0
98.72,v3_deploy_check,PARKED,0.0,0.0,0.0,4,0.1959,0.747,0.0,0.0,0.0,0.0,0.0,0.0,0.0
98.846,v3_deploy_check,PARKED,0.0,0.0,0.0,4,0.0,0.733,0.0,0.0,0.0,0.0,0.0,0.0,0.0
98.92,v3_deploy_check,PARKED,0.0,0.0,0.0,4,0.0,0.733,0.0,0.0,0.0,0.0,0.0,0.0,0.0
99.02,v3_deploy_check,PARKED,0.0,0.0,0.0,4,0.0,0.728,0.0,0.0,0.0,0.0,0.0,0.0,0.0
99.12,v3_deploy_check,PARKED,0.0,0.0,0.0,4,0.0,0.728,0.0,0.0,0.0,0.0,0.0,0.0,0.0
99.251,v3_deploy_check,PARKED,0.0,0.0,0.0,4,0.0051,0.727,0.0,0.0,0.0,0.0,0.0,0.0,0.0
99.32,v3_deploy_check,PARKED,0.0,0.0,0.0,4,0.0051,0.727,0.0,0.0,0.0,0.0,0.0,0.0,0.0
99.42,v3_deploy_check,PARKED,0.0,0.0,0.0,4,0.0051,0.727,0.0,0.0,0.0,0.0,0.0,0.0,0.0
99.52,v3_deploy_check,PARKED,0.0,0.0,0.0,4,0.0,0.726,0.0,0.0,0.0,0.0,0.0,0.0,0.0
99.619,v3_deploy_check,PARKED,0.0,0.0,0.0,4,0.0,0.726,0.0,0.0,0.0,0.0,0.0,0.0,0.0
99.737,v3_deploy_check,PARKED,0.0,0.0,0.0,4,0.0,0.726,0.0,0.0,0.0,0.0,0.0,0.0,0.0
99.86,v3_deploy_check,PARKED,0.0,0.0,0.0,4,0.0,0.725,0.0,0.0,0.0,0.0,0.0,0.0,0.0
99.92,v3_deploy_check,PARKED,0.0,0.0,0.0,4,0.0,0.725,0.0,0.0,0.0,0.0,0.0,0.0,0.0
100.037,v3_deploy_check,PARKED,0.0,0.0,0.0,4,0.0,0.727,0.0,0.0,0.0,0.0,0.0,0.0,0.0
100.119,v3_deploy_check,PARKED,0.0,0.0,0.0,4,0.0,0.727,0.0,0.0,0.0,0.0,0.0,0.0,0.0
100.219,v3_deploy_check,PARKED,0.0,0.0,0.0,4,0.0,0.727,0.0,0.0,0.0,0.0,0.0,0.0,0.0
100.319,v3_deploy_check,PARKED,0.0,0.0,0.0,4,0.0,0.727,0.0,0.0,0.0,0.0,0.0,0.0,0.0
100.419,v3_deploy_check,PARKED,0.0,0.0,0.0,4,0.0,0.728,0.0,0.0,0.0,0.0,0.0,0.0,0.0
100.519,v3_deploy_check,PARKED,0.0,0.0,0.0,4,0.0,0.724,0.0,0.0,0.0,0.0,0.0,0.0,0.0
100.636,v3_deploy_check,PARKED,0.0,0.0,0.0,4,0.0,0.724,0.0,0.0,0.0,0.0,0.0,0.0,0.0
100.72,v3_deploy_check,PARKED,0.0,0.0,0.0,4,0.0244,0.725,0.0,0.0,0.0,0.0,0.0,0.0,0.0
100.82,v3_deploy_check,PARKED,0.0,0.0,0.0,4,0.0244,0.725,0.0,0.0,0.0,0.0,0.0,0.0,0.0
100.919,v3_deploy_check,PARKED,0.0,0.0,0.0,4,0.0248,0.726,0.0,0.0,0.0,0.0,0.0,0.0,0.0
101.067,v3_deploy_check,PARKED,0.0,0.0,0.0,4,0.0389,0.725,0.0,0.0,0.0,0.0,0.0,0.0,0.0
101.123,v3_deploy_check,PARKED,0.0,0.0,0.0,4,0.0389,0.725,0.0,0.0,0.0,0.0,0.0,0.0,0.0
101.22,v3_deploy_check,PARKED,0.0,0.0,0.0,4,0.0389,0.725,0.0,0.0,0.0,0.0,0.0,0.0,0.0
101.32,v3_deploy_check,PARKED,0.0,0.0,0.0,4,0.0389,0.725,0.0,0.0,0.0,0.0,0.0,0.0,0.0
101.447,v3_deploy_check,PARKED,0.0,0.0,0.0,4,0.0478,0.724,0.0,0.0,0.0,0.0,0.0,0.0,0.0
101.52,v3_deploy_check,PARKED,0.0,0.0,0.0,4,0.0451,0.726,0.0,0.0,0.0,0.0,0.0,0.0,0.0
101.633,v3_deploy_check,PARKED,0.0,0.0,0.0,4,0.0259,0.725,0.0,0.0,0.0,0.0,0.0,0.0,0.0
101.72,v3_deploy_check,PARKED,0.0,0.0,0.0,4,0.0259,0.725,0.0,0.0,0.0,0.0,0.0,0.0,0.0
101.821,v3_deploy_check,PARKED,0.0,0.0,0.0,4,0.0259,0.725,0.0,0.0,0.0,0.0,0.0,0.0,0.0
101.941,v3_deploy_check,PARKED,0.0,0.0,0.0,4,0.0,0.726,0.0,0.0,0.0,0.0,0.0,0.0,0.0
102.065,v3_deploy_check,PARKED,0.0,0.0,0.0,4,0.0,0.726,0.0,0.0,0.0,0.0,0.0,0.0,0.0
102.154,v3_deploy_check,PARKED,0.0,0.0,0.0,4,0.0,0.726,0.0,0.0,0.0,0.0,0.0,0.0,0.0
102.219,v3_deploy_check,PARKED,0.0,0.0,0.0,4,0.0,0.726,0.0,0.0,0.0,0.0,0.0,0.0,0.0
102.366,v3_deploy_check,PARKED,0.0,0.0,0.0,4,0.0553,0.727,0.0,0.0,0.0,0.0,0.0,0.0,0.0
102.426,v3_deploy_check,PARKED,0.0,0.0,0.0,4,0.0218,0.726,0.0,0.0,0.0,0.0,0.0,0.0,0.0
102.537,v3_deploy_check,PARKED,0.0,0.0,0.0,4,0.0218,0.726,0.0,0.0,0.0,0.0,0.0,0.0,0.0
102.62,v3_deploy_check,PARKED,0.0,0.0,0.0,4,0.0218,0.726,0.0,0.0,0.0,0.0,0.0,0.0,0.0
102.733,v3_deploy_check,PARKED,0.0,0.0,0.0,4,0.0,0.727,0.0,0.0,0.0,0.0,0.0,0.0,0.0
102.847,v3_deploy_check,PARKED,0.0,0.0,0.0,4,0.0231,0.727,0.0,0.0,0.0,0.0,0.0,0.0,0.0
102.92,v3_deploy_check,PARKED,0.0,0.0,0.0,4,0.0228,0.726,0.0,0.0,0.0,0.0,0.0,0.0,0.0
103.02,v3_deploy_check,PARKED,0.0,0.0,0.0,4,0.0228,0.726,0.0,0.0,0.0,0.0,0.0,0.0,0.0
103.129,v3_deploy_check,PARKED,0.0,0.0,0.0,4,0.0228,0.726,0.0,0.0,0.0,0.0,0.0,0.0,0.0
103.225,v3_deploy_check,PARKED,0.0,0.0,0.0,4,0.0228,0.726,0.0,0.0,0.0,0.0,0.0,0.0,0.0
103.319,v3_deploy_check,PARKED,0.0,0.0,0.0,4,0.0228,0.726,0.0,0.0,0.0,0.0,0.0,0.0,0.0
103.42,v3_deploy_check,PARKED,0.0,0.0,0.0,4,0.0,0.728,0.0,0.0,0.0,0.0,0.0,0.0,0.0
103.519,v3_deploy_check,PARKED,0.0,0.0,0.0,4,0.0483,0.727,0.0,0.0,0.0,0.0,0.0,0.0,0.0
103.619,v3_deploy_check,PARKED,0.0,0.0,0.0,4,0.0282,0.728,0.0,0.0,0.0,0.0,0.0,0.0,0.0
103.739,v3_deploy_check,PARKED,0.0,0.0,0.0,4,0.0072,0.728,0.0,0.0,0.0,0.0,0.0,0.0,0.0
103.819,v3_deploy_check,PARKED,0.0,0.0,0.0,4,0.0,0.724,0.0,0.0,0.0,0.0,0.0,0.0,0.0
103.92,v3_deploy_check,PARKED,0.0,0.0,0.0,4,0.0,0.724,0.0,0.0,0.0,0.0,0.0,0.0,0.0
104.02,v3_deploy_check,PARKED,0.0,0.0,0.0,4,0.0,0.724,0.0,0.0,0.0,0.0,0.0,0.0,0.0
104.119,v3_deploy_check,PARKED,0.0,0.0,0.0,4,0.0067,0.727,0.0,0.0,0.0,0.0,0.0,0.0,0.0
104.24,v3_deploy_check,PARKED,0.0,0.0,0.0,4,0.0067,0.727,0.0,0.0,0.0,0.0,0.0,0.0,0.0
104.319,v3_deploy_check,PARKED,0.0,0.0,0.0,4,0.0067,0.727,0.0,0.0,0.0,0.0,0.0,0.0,0.0
104.438,v3_deploy_check,PARKED,0.0,0.0,0.0,4,0.3165,0.787,0.0,0.0,0.0,0.0,0.0,0.0,0.0
104.519,v3_deploy_check,PARKED,0.0,0.0,0.0,4,0.1083,0.747,0.0,0.0,0.0,0.0,0.0,0.0,0.0
104.626,v3_deploy_check,PARKED,0.0,0.0,0.0,4,0.1083,0.747,0.0,0.0,0.0,0.0,0.0,0.0,0.0
104.764,v3_deploy_check,PARKED,0.0,0.0,0.0,4,0.3126,1.212,0.0,0.0,0.0,0.0,0.0,0.0,0.0
104.82,v3_deploy_check,PARKED,0.0,0.0,0.0,4,0.3126,1.212,0.0,0.0,0.0,0.0,0.0,0.0,0.0
104.936,v3_deploy_check,PARKED,0.0,0.0,0.0,4,0.3118,0.938,0.0,0.0,0.0,0.0,0.0,0.0,0.0
105.019,v3_deploy_check,PARKED,0.0,0.0,0.0,4,0.3118,0.938,0.0,0.0,0.0,0.0,0.0,0.0,0.0
105.119,v3_deploy_check,PARKED,0.0,0.0,0.0,4,0.1213,0.787,0.0,0.0,0.0,0.0,0.0,0.0,0.0
105.247,v3_deploy_check,PARKED,0.0,0.0,0.0,4,0.0311,0.744,0.0,0.0,0.0,0.0,0.0,0.0,0.0
105.32,v3_deploy_check,PARKED,0.0,0.0,0.0,4,0.0311,0.744,0.0,0.0,0.0,0.0,0.0,0.0,0.0
105.42,v3_deploy_check,PARKED,0.0,0.0,0.0,4,0.0311,0.744,0.0,0.0,0.0,0.0,0.0,0.0,0.0
105.52,v3_deploy_check,PARKED,0.0,0.0,0.0,4,0.0311,0.744,0.0,0.0,0.0,0.0,0.0,0.0,0.0
105.62,v3_deploy_check,PARKED,0.0,0.0,0.0,4,0.0311,0.744,0.0,0.0,0.0,0.0,0.0,0.0,0.0
105.719,v3_deploy_check,PARKED,0.0,0.0,0.0,4,0.0311,0.744,0.0,0.0,0.0,0.0,0.0,0.0,0.0
105.82,v3_deploy_check,PARKED,0.0,0.0,0.0,4,0.0624,0.728,0.0,0.0,0.0,0.0,0.0,0.0,0.0
105.937,v3_deploy_check,PARKED,0.0,0.0,0.0,4,0.0,0.727,0.0,0.0,0.0,0.0,0.0,0.0,0.0
106.02,v3_deploy_check,PARKED,0.0,0.0,0.0,4,0.0,0.727,0.0,0.0,0.0,0.0,0.0,0.0,0.0
106.12,v3_deploy_check,PARKED,0.0,0.0,0.0,4,0.0,0.727,0.0,0.0,0.0,0.0,0.0,0.0,0.0
106.236,v3_deploy_check,PARKED,0.0,0.0,0.0,4,0.0397,0.727,0.0,0.0,0.0,0.0,0.0,0.0,0.0
106.32,v3_deploy_check,PARKED,0.0,0.0,0.0,4,0.0211,0.726,0.0,0.0,0.0,0.0,0.0,0.0,0.0
106.42,v3_deploy_check,PARKED,0.0,0.0,0.0,4,0.0211,0.726,0.0,0.0,0.0,0.0,0.0,0.0,0.0
106.521,v3_deploy_check,PARKED,0.0,0.0,0.0,4,0.0211,0.726,0.0,0.0,0.0,0.0,0.0,0.0,0.0
106.649,v3_deploy_check,PARKED,0.0,0.0,0.0,4,0.0,0.728,0.0,0.0,0.0,0.0,0.0,0.0,0.0
106.72,v3_deploy_check,PARKED,0.0,0.0,0.0,4,0.0,0.728,0.0,0.0,0.0,0.0,0.0,0.0,0.0
106.863,v3_deploy_check,PARKED,0.0,0.0,0.0,4,0.0361,0.727,0.0,0.0,0.0,0.0,0.0,0.0,0.0
106.92,v3_deploy_check,PARKED,0.0,0.0,0.0,4,0.0361,0.727,0.0,0.0,0.0,0.0,0.0,0.0,0.0
107.055,v3_deploy_check,PARKED,0.0,0.0,0.0,4,0.023,0.728,0.0,0.0,0.0,0.0,0.0,0.0,0.0
107.16,v3_deploy_check,PARKED,0.0,0.0,0.0,4,0.0197,0.726,0.0,0.0,0.0,0.0,0.0,0.0,0.0
107.238,v3_deploy_check,PARKED,0.0,0.0,0.0,4,0.0,0.727,0.0,0.0,0.0,0.0,0.0,0.0,0.0
107.319,v3_deploy_check,PARKED,0.0,0.0,0.0,4,0.0,0.728,0.0,0.0,0.0,0.0,0.0,0.0,0.0
107.419,v3_deploy_check,PARKED,0.0,0.0,0.0,4,0.0,0.728,0.0,0.0,0.0,0.0,0.0,0.0,0.0
107.52,v3_deploy_check,PARKED,0.0,0.0,0.0,4,0.0,0.728,0.0,0.0,0.0,0.0,0.0,0.0,0.0
107.62,v3_deploy_check,PARKED,0.0,0.0,0.0,4,0.0,0.728,0.0,0.0,0.0,0.0,0.0,0.0,0.0
107.719,v3_deploy_check,PARKED,0.0,0.0,0.0,4,0.0,0.727,0.0,0.0,0.0,0.0,0.0,0.0,0.0
107.825,v3_deploy_check,PARKED,0.0,0.0,0.0,4,0.0,0.727,0.0,0.0,0.0,0.0,0.0,0.0,0.0
107.92,v3_deploy_check,PARKED,0.0,0.0,0.0,4,0.0,0.727,0.0,0.0,0.0,0.0,0.0,0.0,0.0
108.019,v3_deploy_check,PARKED,0.0,0.0,0.0,4,0.0,0.728,0.0,0.0,0.0,0.0,0.0,0.0,0.0
108.134,v3_deploy_check,PARKED,0.0,0.0,0.0,4,0.0392,0.727,0.0,0.0,0.0,0.0,0.0,0.0,0.0
108.22,v3_deploy_check,PARKED,0.0,0.0,0.0,4,0.0139,0.727,0.0,0.0,0.0,0.0,0.0,0.0,0.0
108.319,v3_deploy_check,PARKED,0.0,0.0,0.0,4,0.0166,0.728,0.0,0.0,0.0,0.0,0.0,0.0,0.0
108.432,v3_deploy_check,PARKED,0.0,0.0,0.0,4,0.0166,0.728,0.0,0.0,0.0,0.0,0.0,0.0,0.0
108.519,v3_deploy_check,PARKED,0.0,0.0,0.0,4,0.0166,0.728,0.0,0.0,0.0,0.0,0.0,0.0,0.0
108.619,v3_deploy_check,PARKED,0.0,0.0,0.0,4,0.0166,0.728,0.0,0.0,0.0,0.0,0.0,0.0,0.0
108.72,v3_deploy_check,PARKED,0.0,0.0,0.0,4,0.035,0.727,0.0,0.0,0.0,0.0,0.0,0.0,0.0
108.82,v3_deploy_check,PARKED,0.0,0.0,0.0,4,0.035,0.727,0.0,0.0,0.0,0.0,0.0,0.0,0.0
108.947,v3_deploy_check,PARKED,0.0,0.0,0.0,4,0.0218,0.724,0.0,0.0,0.0,0.0,0.0,0.0,0.0
109.057,v3_deploy_check,PARKED,0.0,0.0,0.0,4,0.0218,0.724,0.0,0.0,0.0,0.0,0.0,0.0,0.0
109.128,v3_deploy_check,PARKED,0.0,0.0,0.0,4,0.0721,0.725,0.0,0.0,0.0,0.0,0.0,0.0,0.0
109.257,v3_deploy_check,PARKED,0.0,0.0,0.0,4,0.0063,0.726,0.0,0.0,0.0,0.0,0.0,0.0,0.0
109.32,v3_deploy_check,PARKED,0.0,0.0,0.0,4,0.0063,0.726,0.0,0.0,0.0,0.0,0.0,0.0,0.0
109.419,v3_deploy_check,PARKED,0.0,0.0,0.0,4,0.0063,0.726,0.0,0.0,0.0,0.0,0.0,0.0,0.0
109.519,v3_deploy_check,PARKED,0.0,0.0,0.0,4,0.0063,0.726,0.0,0.0,0.0,0.0,0.0,0.0,0.0
109.618,v3_deploy_check,PARKED,0.0,0.0,0.0,4,0.0133,0.728,0.0,0.0,0.0,0.0,0.0,0.0,0.0
109.734,v3_deploy_check,PARKED,0.0,0.0,0.0,4,0.0236,0.727,0.0,0.0,0.0,0.0,0.0,0.0,0.0
109.82,v3_deploy_check,PARKED,0.0,0.0,0.0,4,0.0236,0.727,0.0,0.0,0.0,0.0,0.0,0.0,0.0
109.92,v3_deploy_check,PARKED,0.0,0.0,0.0,4,0.0236,0.727,0.0,0.0,0.0,0.0,0.0,0.0,0.0
110.027,v3_deploy_check,PARKED,0.0,0.0,0.0,4,0.0443,0.725,0.0,0.0,0.0,0.0,0.0,0.0,0.0
110.153,v3_deploy_check,PARKED,0.0,0.0,0.0,4,0.0,0.727,0.0,0.0,0.0,0.0,0.0,0.0,0.0
110.22,v3_deploy_check,PARKED,0.0,0.0,0.0,4,0.0,0.727,0.0,0.0,0.0,0.0,0.0,0.0,0.0
110.358,v3_deploy_check,PARKED,0.0,0.0,0.0,4,0.0171,0.727,0.0,0.0,0.0,0.0,0.0,0.0,0.0
110.42,v3_deploy_check,PARKED,0.0,0.0,0.0,4,0.0171,0.727,0.0,0.0,0.0,0.0,0.0,0.0,0.0
110.52,v3_deploy_check,PARKED,0.0,0.0,0.0,4,0.0171,0.727,0.0,0.0,0.0,0.0,0.0,0.0,0.0
110.619,v3_deploy_check,PARKED,0.0,0.0,0.0,4,0.0171,0.727,0.0,0.0,0.0,0.0,0.0,0.0,0.0
110.737,v3_deploy_check,PARKED,0.0,0.0,0.0,4,0.0121,0.726,0.0,0.0,0.0,0.0,0.0,0.0,0.0
110.82,v3_deploy_check,PARKED,0.0,0.0,0.0,4,0.0,0.726,0.0,0.0,0.0,0.0,0.0,0.0,0.0
110.92,v3_deploy_check,PARKED,0.0,0.0,0.0,4,0.0,0.726,0.0,0.0,0.0,0.0,0.0,0.0,0.0
111.02,v3_deploy_check,PARKED,0.0,0.0,0.0,4,0.0,0.727,0.0,0.0,0.0,0.0,0.0,0.0,0.0
111.151,v3_deploy_check,PARKED,0.0,0.0,0.0,4,0.0,0.727,0.0,0.0,0.0,0.0,0.0,0.0,0.0
111.263,v3_deploy_check,PARKED,0.0,0.0,0.0,4,0.0,0.725,0.0,0.0,0.0,0.0,0.0,0.0,0.0
111.325,v3_deploy_check,PARKED,0.0,0.0,0.0,4,0.0,0.725,0.0,0.0,0.0,0.0,0.0,0.0,0.0
111.419,v3_deploy_check,PARKED,0.0,0.0,0.0,4,0.0,0.725,0.0,0.0,0.0,0.0,0.0,0.0,0.0
111.547,v3_deploy_check,PARKED,0.0,0.0,0.0,4,0.0,0.725,0.0,0.0,0.0,0.0,0.0,0.0,0.0
111.62,v3_deploy_check,PARKED,0.0,0.0,0.0,4,0.0,0.725,0.0,0.0,0.0,0.0,0.0,0.0,0.0
111.752,v3_deploy_check,PARKED,0.0,0.0,0.0,4,0.0,0.725,0.0,0.0,0.0,0.0,0.0,0.0,0.0
111.82,v3_deploy_check,PARKED,0.0,0.0,0.0,4,0.0,0.725,0.0,0.0,0.0,0.0,0.0,0.0,0.0
111.919,v3_deploy_check,PARKED,0.0,0.0,0.0,4,0.0,0.725,0.0,0.0,0.0,0.0,0.0,0.0,0.0
112.02,v3_deploy_check,PARKED,0.0,0.0,0.0,4,0.0,0.725,0.0,0.0,0.0,0.0,0.0,0.0,0.0
112.119,v3_deploy_check,PARKED,0.0,0.0,0.0,4,0.0513,0.726,0.0,0.0,0.0,0.0,0.0,0.0,0.0
112.249,v3_deploy_check,PARKED,0.0,0.0,0.0,4,0.1448,0.726,0.0,0.0,0.0,0.0,0.0,0.0,0.0
112.32,v3_deploy_check,PARKED,0.0,0.0,0.0,4,0.1448,0.726,0.0,0.0,0.0,0.0,0.0,0.0,0.0
112.42,v3_deploy_check,PARKED,0.0,0.0,0.0,4,0.0163,0.727,0.0,0.0,0.0,0.0,0.0,0.0,0.0
112.532,v3_deploy_check,PARKED,0.0,0.0,0.0,4,0.0163,0.727,0.0,0.0,0.0,0.0,0.0,0.0,0.0
112.619,v3_deploy_check,PARKED,0.0,0.0,0.0,4,0.1029,0.729,0.0,0.0,0.0,0.0,0.0,0.0,0.0
112.735,v3_deploy_check,PARKED,0.0,0.0,0.0,4,0.0,0.726,0.0,0.0,0.0,0.0,0.0,0.0,0.0
112.82,v3_deploy_check,PARKED,0.0,0.0,0.0,4,0.0,0.726,0.0,0.0,0.0,0.0,0.0,0.0,0.0
112.926,v3_deploy_check,PARKED,0.0,0.0,0.0,4,0.0,0.726,0.0,0.0,0.0,0.0,0.0,0.0,0.0
113.019,v3_deploy_check,PARKED,0.0,0.0,0.0,4,0.0,0.726,0.0,0.0,0.0,0.0,0.0,0.0,0.0
113.142,v3_deploy_check,PARKED,0.0,0.0,0.0,4,0.0,0.724,0.0,0.0,0.0,0.0,0.0,0.0,0.0
113.258,v3_deploy_check,PARKED,0.0,0.0,0.0,4,0.0626,0.726,0.0,0.0,0.0,0.0,0.0,0.0,0.0
113.32,v3_deploy_check,PARKED,0.0,0.0,0.0,4,0.0626,0.726,0.0,0.0,0.0,0.0,0.0,0.0,0.0
113.419,v3_deploy_check,PARKED,0.0,0.0,0.0,4,0.0626,0.726,0.0,0.0,0.0,0.0,0.0,0.0,0.0
113.52,v3_deploy_check,PARKED,0.0,0.0,0.0,4,0.0626,0.726,0.0,0.0,0.0,0.0,0.0,0.0,0.0
113.62,v3_deploy_check,PARKED,0.0,0.0,0.0,4,0.013,0.727,0.0,0.0,0.0,0.0,0.0,0.0,0.0
113.72,v3_deploy_check,PARKED,0.0,0.0,0.0,4,0.013,0.727,0.0,0.0,0.0,0.0,0.0,0.0,0.0
113.835,v3_deploy_check,PARKED,0.0,0.0,0.0,4,0.0632,0.726,0.0,0.0,0.0,0.0,0.0,0.0,0.0
113.95,v3_deploy_check,PARKED,0.0,0.0,0.0,4,0.0632,0.726,0.0,0.0,0.0,0.0,0.0,0.0,0.0
114.019,v3_deploy_check,PARKED,0.0,0.0,0.0,4,0.0632,0.726,0.0,0.0,0.0,0.0,0.0,0.0,0.0
114.119,v3_deploy_check,PARKED,0.0,0.0,0.0,4,0.0341,0.725,0.0,0.0,0.0,0.0,0.0,0.0,0.0
114.23,v3_deploy_check,PARKED,0.0,0.0,0.0,4,0.0,0.727,0.0,0.0,0.0,0.0,0.0,0.0,0.0
114.346,v3_deploy_check,PARKED,0.0,0.0,0.0,4,0.0,0.726,0.0,0.0,0.0,0.0,0.0,0.0,0.0
114.419,v3_deploy_check,PARKED,0.0,0.0,0.0,4,0.0,0.726,0.0,0.0,0.0,0.0,0.0,0.0,0.0
114.519,v3_deploy_check,PARKED,0.0,0.0,0.0,4,0.0,0.726,0.0,0.0,0.0,0.0,0.0,0.0,0.0
114.619,v3_deploy_check,PARKED,0.0,0.0,0.0,4,0.0,0.726,0.0,0.0,0.0,0.0,0.0,0.0,0.0
114.72,v3_deploy_check,PARKED,0.0,0.0,0.0,4,0.0,0.728,0.0,0.0,0.0,0.0,0.0,0.0,0.0
114.858,v3_deploy_check,PARKED,0.0,0.0,0.0,4,0.0291,0.729,0.0,0.0,0.0,0.0,0.0,0.0,0.0
114.919,v3_deploy_check,PARKED,0.0,0.0,0.0,4,0.0291,0.729,0.0,0.0,0.0,0.0,0.0,0.0,0.0
115.022,v3_deploy_check,PARKED,0.0,0.0,0.0,4,0.0291,0.729,0.0,0.0,0.0,0.0,0.0,0.0,0.0
115.134,v3_deploy_check,PARKED,0.0,0.0,0.0,4,0.0295,0.728,0.0,0.0,0.0,0.0,0.0,0.0,0.0
115.26,v3_deploy_check,PARKED,0.0,0.0,0.0,4,0.0122,0.727,0.0,0.0,0.0,0.0,0.0,0.0,0.0
115.325,v3_deploy_check,PARKED,0.0,0.0,0.0,4,0.0,0.722,0.0,0.0,0.0,0.0,0.0,0.0,0.0
115.419,v3_deploy_check,PARKED,0.0,0.0,0.0,4,0.0,0.722,0.0,0.0,0.0,0.0,0.0,0.0,0.0
115.52,v3_deploy_check,PARKED,0.0,0.0,0.0,4,0.0,0.726,0.0,0.0,0.0,0.0,0.0,0.0,0.0
115.62,v3_deploy_check,PARKED,0.0,0.0,0.0,4,0.0,0.728,0.0,0.0,0.0,0.0,0.0,0.0,0.0
115.748,v3_deploy_check,PARKED,0.0,0.0,0.0,4,0.0,0.725,0.0,0.0,0.0,0.0,0.0,0.0,0.0
115.821,v3_deploy_check,PARKED,0.0,0.0,0.0,4,0.0,0.725,0.0,0.0,0.0,0.0,0.0,0.0,0.0
115.92,v3_deploy_check,PARKED,0.0,0.0,0.0,4,0.0,0.725,0.0,0.0,0.0,0.0,0.0,0.0,0.0
116.019,v3_deploy_check,PARKED,0.0,0.0,0.0,4,0.0,0.725,0.0,0.0,0.0,0.0,0.0,0.0,0.0
116.119,v3_deploy_check,PARKED,0.0,0.0,0.0,4,0.0,0.725,0.0,0.0,0.0,0.0,0.0,0.0,0.0
116.251,v3_deploy_check,PARKED,0.0,0.0,0.0,4,0.0,0.73,0.0,0.0,0.0,0.0,0.0,0.0,0.0
116.32,v3_deploy_check,PARKED,0.0,0.0,0.0,4,0.0,0.73,0.0,0.0,0.0,0.0,0.0,0.0,0.0
116.419,v3_deploy_check,PARKED,0.0,0.0,0.0,4,0.0,0.73,0.0,0.0,0.0,0.0,0.0,0.0,0.0
116.519,v3_deploy_check,PARKED,0.0,0.0,0.0,4,0.0,0.73,0.0,0.0,0.0,0.0,0.0,0.0,0.0
116.641,v3_deploy_check,PARKED,0.0,0.0,0.0,4,0.0649,0.726,0.0,0.0,0.0,0.0,0.0,0.0,0.0
116.721,v3_deploy_check,PARKED,0.0,0.0,0.0,4,0.0277,0.725,0.0,0.0,0.0,0.0,0.0,0.0,0.0
116.852,v3_deploy_check,PARKED,0.0,0.0,0.0,4,0.0277,0.725,0.0,0.0,0.0,0.0,0.0,0.0,0.0
116.921,v3_deploy_check,PARKED,0.0,0.0,0.0,4,0.0277,0.725,0.0,0.0,0.0,0.0,0.0,0.0,0.0
117.02,v3_deploy_check,PARKED,0.0,0.0,0.0,4,0.0277,0.725,0.0,0.0,0.0,0.0,0.0,0.0,0.0
117.12,v3_deploy_check,PARKED,0.0,0.0,0.0,4,0.0277,0.725,0.0,0.0,0.0,0.0,0.0,0.0,0.0
117.22,v3_deploy_check,PARKED,0.0,0.0,0.0,4,0.0,0.727,0.0,0.0,0.0,0.0,0.0,0.0,0.0
117.361,v3_deploy_check,PARKED,0.0,0.0,0.0,4,0.0,0.725,0.0,0.0,0.0,0.0,0.0,0.0,0.0
117.421,v3_deploy_check,PARKED,0.0,0.0,0.0,4,0.035,0.724,0.0,0.0,0.0,0.0,0.0,0.0,0.0
117.52,v3_deploy_check,PARKED,0.0,0.0,0.0,4,0.035,0.724,0.0,0.0,0.0,0.0,0.0,0.0,0.0
117.663,v3_deploy_check,PARKED,0.0,0.0,0.0,4,0.0081,0.726,0.0,0.0,0.0,0.0,0.0,0.0,0.0
117.72,v3_deploy_check,PARKED,0.0,0.0,0.0,4,0.0081,0.726,0.0,0.0,0.0,0.0,0.0,0.0,0.0
117.834,v3_deploy_check,PARKED,0.0,0.0,0.0,4,0.0,0.728,0.0,0.0,0.0,0.0,0.0,0.0,0.0
117.919,v3_deploy_check,PARKED,0.0,0.0,0.0,4,0.0,0.728,0.0,0.0,0.0,0.0,0.0,0.0,0.0
118.019,v3_deploy_check,PARKED,0.0,0.0,0.0,4,0.0,0.728,0.0,0.0,0.0,0.0,0.0,0.0,0.0
118.119,v3_deploy_check,PARKED,0.0,0.0,0.0,4,0.0,0.728,0.0,0.0,0.0,0.0,0.0,0.0,0.0
118.22,v3_deploy_check,PARKED,0.0,0.0,0.0,4,0.0,0.728,0.0,0.0,0.0,0.0,0.0,0.0,0.0
118.351,v3_deploy_check,PARKED,0.0,0.0,0.0,4,0.0762,0.725,0.0,0.0,0.0,0.0,0.0,0.0,0.0
118.419,v3_deploy_check,PARKED,0.0,0.0,0.0,4,0.0184,0.729,0.0,0.0,0.0,0.0,0.0,0.0,0.0
118.52,v3_deploy_check,PARKED,0.0,0.0,0.0,4,0.0184,0.729,0.0,0.0,0.0,0.0,0.0,0.0,0.0
118.62,v3_deploy_check,PARKED,0.0,0.0,0.0,4,0.0,0.725,0.0,0.0,0.0,0.0,0.0,0.0,0.0
118.75,v3_deploy_check,PARKED,0.0,0.0,0.0,4,0.0,0.721,0.0,0.0,0.0,0.0,0.0,0.0,0.0
118.82,v3_deploy_check,PARKED,0.0,0.0,0.0,4,0.0,0.721,0.0,0.0,0.0,0.0,0.0,0.0,0.0
118.92,v3_deploy_check,PARKED,0.0,0.0,0.0,4,0.0,0.721,0.0,0.0,0.0,0.0,0.0,0.0,0.0
119.019,v3_deploy_check,PARKED,0.0,0.0,0.0,4,0.0,0.721,0.0,0.0,0.0,0.0,0.0,0.0,0.0
119.119,v3_deploy_check,PARKED,0.0,0.0,0.0,4,0.0,0.721,0.0,0.0,0.0,0.0,0.0,0.0,0.0
119.219,v3_deploy_check,PARKED,0.0,0.0,0.0,4,0.0,0.721,0.0,0.0,0.0,0.0,0.0,0.0,0.0
119.319,v3_deploy_check,PARKED,0.0,0.0,0.0,4,0.0,0.721,0.0,0.0,0.0,0.0,0.0,0.0,0.0
119.42,v3_deploy_check,PARKED,0.0,0.0,0.0,4,0.0511,0.726,0.0,0.0,0.0,0.0,0.0,0.0,0.0
119.52,v3_deploy_check,PARKED,0.0,0.0,0.0,4,0.0511,0.726,0.0,0.0,0.0,0.0,0.0,0.0,0.0
119.665,v3_deploy_check,PARKED,0.0,0.0,0.0,4,0.0378,0.727,0.0,0.0,0.0,0.0,0.0,0.0,0.0
119.732,v3_deploy_check,PARKED,0.0,0.0,0.0,4,0.0378,0.727,0.0,0.0,0.0,0.0,0.0,0.0,0.0
119.819,v3_deploy_check,PARKED,0.0,0.0,0.0,4,0.0785,0.728,0.0,0.0,0.0,0.0,0.0,0.0,0.0
119.945,v3_deploy_check,PARKED,0.0,0.0,0.0,4,0.0785,0.728,0.0,0.0,0.0,0.0,0.0,0.0,0.0
120.02,v3_deploy_check,PARKED,0.0,0.0,0.0,4,0.0785,0.728,0.0,0.0,0.0,0.0,0.0,0.0,0.0
