iso_time,epoch_s,voltage_v,current_a,power_w,soc_pct
2026-08-15T13:25:49,1786825549.343,13.2662,1.2375,16.4170,100.00
2026-08-15T13:25:59,1786825559.629,13.2163,1.3438,17.7593,100.00
2026-08-15T13:26:09,1786825569.917,13.1662,1.4100,18.5644,100.00
2026-08-15T13:26:20,1786825580.289,13.1263,1.5350,20.1488,100.00
2026-08-15T13:26:30,1786825590.730,13.1225,1.2825,16.8296,100.00
2026-08-15T13:26:41,1786825601.131,13.0762,1.6338,21.3633,99.57
2026-08-15T13:26:51,1786825611.476,13.0888,1.3363,17.4898,98.36
2026-08-15T13:27:01,1786825621.816,13.0825,1.3275,17.3670,97.48
2026-08-15T13:27:12,1786825632.128,13.0838,1.2525,16.3874,96.84
2026-08-15T13:27:22,1786825642.473,13.0775,1.3838,18.0960,96.46
2026-08-15T13:27:32,1786825652.716,13.0250,1.7650,22.9891,94.74
2026-08-15T13:27:42,1786825662.986,13.0650,1.2700,16.5925,93.98
2026-08-15T13:27:53,1786825673.301,13.0587,1.3150,17.1723,93.79
2026-08-15T13:28:03,1786825683.631,13.0625,1.2950,16.9159,93.79
2026-08-15T13:28:13,1786825693.905,13.0600,1.4988,19.5737,93.79
2026-08-15T13:28:24,1786825704.318,13.0675,1.3188,17.2328,93.79
2026-08-15T13:28:34,1786825714.683,13.0625,1.3013,16.9976,93.79
2026-08-15T13:28:45,1786825725.033,13.0638,1.3188,17.2278,93.79
2026-08-15T13:28:55,1786825735.365,13.0638,1.3588,17.7504,93.79
2026-08-15T13:29:05,1786825745.626,13.0625,1.3500,17.6344,93.79
2026-08-15T13:29:15,1786825755.946,13.0625,1.2375,16.1648,93.79
2026-08-15T13:29:26,1786825766.228,13.0625,1.2988,16.9649,93.79
2026-08-15T13:29:36,1786825776.514,13.0587,1.3963,18.2333,93.79
2026-08-15T13:29:46,1786825786.795,13.0613,1.3475,17.6000,93.79
2026-08-15T13:29:57,1786825797.016,13.0600,1.3013,16.9943,93.79
2026-08-15T13:30:07,1786825807.317,13.0563,1.3388,17.4791,93.79
2026-08-15T13:30:17,1786825817.782,13.0575,1.3838,18.0683,93.79
2026-08-15T13:30:28,1786825828.125,13.0575,1.3488,17.6113,93.79
2026-08-15T13:30:38,1786825838.482,13.0600,1.3275,17.3372,93.79
2026-08-15T13:30:48,1786825848.771,13.0550,1.3413,17.5100,93.79
2026-08-15T13:30:59,1786825859.101,13.0538,1.3825,18.0468,93.79
2026-08-15T13:31:09,1786825869.429,13.0563,1.3088,17.0874,93.79
2026-08-15T13:31:19,1786825879.768,13.0525,1.4512,18.9424,93.79
2026-08-15T13:31:30,1786825890.196,13.0450,1.4063,18.3445,93.79
2026-08-15T13:31:40,1786825900.444,13.0613,1.3325,17.4041,93.79
2026-08-15T13:31:50,1786825910.707,13.0650,1.2500,16.3313,93.79
2026-08-15T13:32:01,1786825921.123,13.0512,1.4163,18.4838,93.79
2026-08-15T13:32:11,1786825931.428,13.0538,1.4763,19.2706,93.79
2026-08-15T13:32:21,1786825941.642,13.0550,1.2938,16.8899,93.79
2026-08-15T13:32:31,1786825951.924,13.0613,1.2925,16.8817,93.79
2026-08-15T13:32:42,1786825962.162,13.0613,1.2675,16.5551,93.79
2026-08-15T13:32:52,1786825972.323,13.0550,1.2950,16.9062,93.79
2026-08-15T13:33:02,1786825982.576,13.0613,1.2900,16.8490,93.79
2026-08-15T13:33:12,1786825992.839,13.0625,1.3562,17.7160,93.79
2026-08-15T13:33:23,1786826003.137,13.0600,1.3662,17.8432,93.79
2026-08-15T13:33:33,1786826013.395,13.0600,1.3650,17.8269,93.79
2026-08-15T13:33:43,1786826023.693,13.0638,1.3100,17.1135,93.79
2026-08-15T13:33:54,1786826034.036,13.0525,1.3838,18.0614,93.79
2026-08-15T13:34:04,1786826044.490,13.0625,1.3725,17.9283,93.79
2026-08-15T13:34:14,1786826054.785,13.0650,1.2738,16.6415,93.79
2026-08-15T13:34:25,1786826065.093,13.0525,1.3887,18.1267,93.79
2026-08-15T13:34:35,1786826075.285,13.0575,1.3462,17.5787,93.79
2026-08-15T13:34:45,1786826085.696,13.0613,1.4087,18.4000,93.79
2026-08-15T13:34:55,1786826095.971,13.0563,1.3300,17.3648,93.79
2026-08-15T13:35:06,1786826106.244,13.0550,1.3562,17.7058,93.79
2026-08-15T13:35:16,1786826116.577,13.0587,1.3613,17.7762,93.79
2026-08-15T13:35:26,1786826126.845,13.0600,1.3200,17.2392,93.79
2026-08-15T13:35:37,1786826137.101,13.0600,1.3513,17.6473,93.79
2026-08-15T13:35:47,1786826147.435,13.0638,1.2675,16.5583,93.79
2026-08-15T13:35:57,1786826157.869,13.0587,1.3400,17.4987,93.79
2026-08-15T13:36:08,1786826168.128,13.0563,1.3088,17.0874,93.79
2026-08-15T13:36:18,1786826178.343,13.0550,1.3475,17.5916,93.79
2026-08-15T13:36:28,1786826188.603,13.0587,1.2900,16.8458,93.79
2026-08-15T13:36:38,1786826198.804,13.0500,1.3425,17.5196,93.79
2026-08-15T13:36:49,1786826209.059,13.0512,1.3750,17.9455,93.79
2026-08-15T13:36:59,1786826219.304,13.0337,1.6650,21.7012,93.79
2026-08-15T13:37:09,1786826229.532,13.0550,1.3650,17.8201,93.79
2026-08-15T13:37:19,1786826239.834,13.0625,1.2738,16.6384,93.79
2026-08-15T13:37:30,1786826250.178,13.0575,1.3113,17.1216,93.79
2026-08-15T13:37:40,1786826260.402,13.0575,1.4475,18.9007,93.79
2026-08-15T13:37:50,1786826270.779,13.0600,1.3175,17.2066,93.79
2026-08-15T13:38:01,1786826281.086,13.0625,1.2750,16.6547,93.79
2026-08-15T13:38:11,1786826291.376,13.0563,1.3200,17.2343,93.79
2026-08-15T13:38:21,1786826301.691,13.0587,1.2750,16.6499,93.79
2026-08-15T13:38:31,1786826311.918,13.0625,1.2688,16.5730,93.79
2026-08-15T13:38:42,1786826322.275,13.0587,1.3738,17.9395,93.79
2026-08-15T13:38:52,1786826332.739,13.0650,1.2763,16.6742,93.79
2026-08-15T13:39:03,1786826343.088,13.0613,1.3213,17.2572,93.79
2026-08-15T13:39:13,1786826353.472,13.0538,1.4250,18.6016,93.79
2026-08-15T13:39:23,1786826363.786,13.0575,1.3213,17.2522,93.79
2026-08-15T13:39:34,1786826374.078,13.0575,1.3388,17.4807,93.79
2026-08-15T13:39:44,1786826384.356,13.0525,1.4063,18.3551,93.79
2026-08-15T13:39:54,1786826394.653,13.0587,1.2988,16.9601,93.79
2026-08-15T13:40:05,1786826405.120,13.0512,1.3725,17.9128,93.79
2026-08-15T13:40:15,1786826415.438,13.0575,1.4063,18.3621,93.79
2026-08-15T13:40:25,1786826425.726,13.0575,1.3700,17.8888,93.79
2026-08-15T13:40:35,1786826435.941,13.0563,1.2975,16.9405,93.79
2026-08-15T13:40:46,1786826446.204,13.0587,1.3263,17.3192,93.79
2026-08-15T13:40:56,1786826456.532,13.0613,1.2963,16.9306,93.79
2026-08-15T13:41:06,1786826466.827,13.0600,1.3175,17.2066,93.79
2026-08-15T13:41:17,1786826477.190,13.0650,1.2750,16.6579,93.79
2026-08-15T13:41:27,1786826487.488,13.0563,1.3688,17.8707,93.79
2026-08-15T13:41:37,1786826497.798,13.0600,1.3475,17.5984,93.79
2026-08-15T13:41:48,1786826508.298,13.0563,1.3688,17.8707,93.79
2026-08-15T13:41:58,1786826518.676,13.0575,1.3475,17.5950,93.79
2026-08-15T13:42:08,1786826528.904,13.0587,1.3263,17.3192,93.79
2026-08-15T13:42:19,1786826539.415,13.0375,1.6463,21.4630,93.79
2026-08-15T13:42:29,1786826549.613,13.0600,1.2988,16.9617,93.79
2026-08-15T13:42:39,1786826559.800,13.0512,1.3950,18.2065,93.79
2026-08-15T13:42:49,1786826569.997,13.0463,1.5325,19.9934,93.79
2026-08-15T13:43:00,1786826580.259,13.0575,1.3600,17.7582,93.79
2026-08-15T13:43:10,1786826590.621,13.0600,1.4075,18.3820,93.79
2026-08-15T13:43:20,1786826600.913,13.0575,1.3025,17.0074,93.79
2026-08-15T13:43:31,1786826611.230,13.0575,1.4175,18.5090,93.79
2026-08-15T13:43:41,1786826621.536,13.0613,1.2750,16.6531,93.79
2026-08-15T13:43:51,1786826631.799,13.0625,1.2600,16.4587,93.79
2026-08-15T13:44:02,1786826642.121,13.0587,1.3237,17.2865,93.79
2026-08-15T13:44:12,1786826652.380,13.0587,1.3950,18.2170,93.79
2026-08-15T13:44:22,1786826662.679,13.0512,1.3562,17.7008,93.79
2026-08-15T13:44:33,1786826673.079,13.0587,1.3538,17.6783,93.79
2026-08-15T13:44:43,1786826683.456,13.0563,1.3913,18.1645,93.79
2026-08-15T13:44:53,1786826693.770,13.0512,1.3450,17.5539,93.79
2026-08-15T13:45:04,1786826704.080,13.0625,1.3350,17.4384,93.79
2026-08-15T13:45:14,1786826714.274,13.0512,1.3975,18.2391,93.79
2026-08-15T13:45:24,1786826724.544,13.0600,1.4187,18.5289,93.79
2026-08-15T13:45:34,1786826734.871,13.0625,1.2700,16.5894,93.79
2026-08-15T13:45:45,1786826745.110,13.0563,1.3700,17.8871,93.79
2026-08-15T13:45:55,1786826755.302,13.0625,1.2563,16.4098,93.79
2026-08-15T13:46:05,1786826765.570,13.0563,1.4263,18.6215,93.79
2026-08-15T13:46:15,1786826775.880,13.0550,1.3488,17.6079,93.79
2026-08-15T13:46:26,1786826786.123,13.0625,1.2988,16.9649,93.79
2026-08-15T13:46:36,1786826796.339,13.0600,1.3013,16.9943,93.79
2026-08-15T13:46:46,1786826806.638,13.0600,1.2863,16.7984,93.79
2026-08-15T13:46:56,1786826816.861,13.0575,1.4350,18.7375,93.79
2026-08-15T13:47:07,1786826827.114,13.0363,1.5750,20.5321,93.79
2026-08-15T13:47:17,1786826837.325,13.0600,1.3862,18.1044,93.79
2026-08-15T13:47:27,1786826847.576,13.0600,1.2925,16.8801,93.79
2026-08-15T13:47:37,1786826857.926,13.0525,1.4650,19.1219,93.79
2026-08-15T13:47:48,1786826868.162,13.0600,1.4888,19.4431,93.79
2026-08-15T13:47:58,1786826878.494,13.0575,1.4312,18.6885,93.79
2026-08-15T13:48:08,1786826888.841,13.0563,1.3513,17.6423,93.79
2026-08-15T13:48:19,1786826899.301,13.0550,1.4100,18.4075,93.79
2026-08-15T13:48:29,1786826909.559,13.0563,1.3662,17.8381,93.79
2026-08-15T13:48:39,1786826919.838,13.0625,1.3725,17.9283,93.79
2026-08-15T13:48:50,1786826930.137,13.0512,1.3650,17.8150,93.79
2026-08-15T13:49:00,1786826940.337,13.0575,1.3575,17.7256,93.79
2026-08-15T13:49:10,1786826950.717,13.0613,1.3213,17.2572,93.79
2026-08-15T13:49:20,1786826960.944,13.0625,1.3513,17.6507,93.79
2026-08-15T13:49:31,1786826971.207,13.0625,1.3500,17.6344,93.79
2026-08-15T13:49:41,1786826981.484,13.0550,1.4525,18.9624,93.79
2026-08-15T13:49:51,1786826991.845,13.0638,1.3025,17.0155,93.79
2026-08-15T13:50:02,1786827002.141,13.0613,1.3725,17.9266,93.79
2026-08-15T13:50:12,1786827012.430,13.0625,1.3400,17.5038,93.79
2026-08-15T13:50:22,1786827022.686,13.0550,1.4350,18.7339,93.79
2026-08-15T13:50:32,1786827032.976,13.0550,1.3462,17.5753,93.79
2026-08-15T13:50:43,1786827043.217,13.0613,1.2725,16.6204,93.79
2026-08-15T13:50:53,1786827053.427,13.0563,1.4025,18.3114,93.79
2026-08-15T13:51:03,1786827063.727,13.0587,1.3337,17.4171,93.79
2026-08-15T13:51:14,1786827074.175,13.0600,1.3213,17.2555,93.79
2026-08-15T13:51:24,1786827084.520,13.0550,1.3462,17.5753,93.79
2026-08-15T13:51:34,1786827094.904,13.0575,1.4238,18.5906,93.79
2026-08-15T13:51:45,1786827105.110,13.0575,1.3725,17.9214,93.79
2026-08-15T13:51:55,1786827115.444,13.0550,1.3725,17.9180,93.79
2026-08-15T13:52:05,1786827125.731,13.0625,1.3263,17.3241,93.79
2026-08-15T13:52:16,1786827136.034,13.0613,1.2988,16.9633,93.79
2026-08-15T13:52:26,1786827146.347,13.0350,1.6113,21.0026,93.79
2026-08-15T13:52:36,1786827156.764,13.0575,1.3675,17.8561,93.79
2026-08-15T13:52:47,1786827167.140,13.0625,1.2863,16.8016,93.79
2026-08-15T13:52:57,1786827177.470,13.0488,1.5450,20.1603,93.79
2026-08-15T13:53:07,1786827187.838,13.0625,1.2812,16.7363,93.79
2026-08-15T13:53:18,1786827198.008,13.0512,1.4638,19.1038,93.79
2026-08-15T13:53:28,1786827208.310,13.0587,1.3963,18.2333,93.79
2026-08-15T13:53:38,1786827218.566,13.0675,1.2525,16.3670,93.79
2026-08-15T13:53:48,1786827228.854,13.0563,1.3125,17.1363,93.79
2026-08-15T13:53:59,1786827239.330,13.0525,1.3963,18.2246,93.79
2026-08-15T13:54:09,1786827249.647,13.0625,1.4000,18.2875,93.79
2026-08-15T13:54:19,1786827259.881,13.0575,1.3237,17.2849,93.79
2026-08-15T13:54:30,1786827270.136,13.0587,1.3113,17.1233,93.79
2026-08-15T13:54:40,1786827280.343,13.0638,1.3025,17.0155,93.79
2026-08-15T13:54:50,1786827290.544,13.0600,1.4050,18.3493,93.79
2026-08-15T13:55:00,1786827300.885,13.0550,1.3725,17.9180,93.79
2026-08-15T13:55:11,1786827311.097,13.0538,1.3588,17.7368,93.79
2026-08-15T13:55:21,1786827321.440,13.0638,1.2712,16.6073,93.79
2026-08-15T13:55:31,1786827331.618,13.0625,1.2413,16.2138,93.79
2026-08-15T13:55:41,1786827341.773,13.0600,1.4488,18.9207,93.79
2026-08-15T13:55:52,1786827352.084,13.0550,1.3550,17.6895,93.79
2026-08-15T13:56:02,1786827362.422,13.0600,1.3600,17.7616,93.79
2026-08-15T13:56:12,1786827372.750,13.0538,1.3700,17.8836,93.79
2026-08-15T13:56:22,1786827382.948,13.0625,1.3337,17.4221,93.79
2026-08-15T13:56:33,1786827393.200,13.0600,1.3288,17.3535,93.79
2026-08-15T13:56:43,1786827403.568,13.0613,1.2900,16.8490,93.79
2026-08-15T13:56:53,1786827413.795,13.0563,1.3875,18.1155,93.79
2026-08-15T13:57:04,1786827424.129,13.0600,1.3538,17.6800,93.79
2026-08-15T13:57:14,1786827434.597,13.0337,1.5763,20.5444,93.79
2026-08-15T13:57:24,1786827444.883,13.0563,1.3438,17.5443,93.79
2026-08-15T13:57:35,1786827455.132,13.0550,1.3875,18.1138,93.79
2026-08-15T13:57:45,1786827465.428,13.0613,1.2925,16.8817,93.79
2026-08-15T13:57:55,1786827475.710,13.0600,1.4125,18.4473,93.79
2026-08-15T13:58:05,1786827485.951,13.0550,1.3713,17.9017,93.79
2026-08-15T13:58:16,1786827496.188,13.0587,1.3688,17.8742,93.79
2026-08-15T13:58:26,1786827506.467,13.0550,1.3850,18.0812,93.79
2026-08-15T13:58:36,1786827516.724,13.0575,1.3425,17.5297,93.79
2026-08-15T13:58:47,1786827527.020,13.0575,1.3325,17.3991,93.79
2026-08-15T13:58:57,1786827537.313,13.0613,1.3425,17.5347,93.79
2026-08-15T13:59:07,1786827547.633,13.0587,1.3263,17.3192,93.79
2026-08-15T13:59:17,1786827557.910,13.0613,1.3013,16.9960,93.79
2026-08-15T13:59:28,1786827568.312,13.0450,1.4050,18.3282,93.79
2026-08-15T13:59:38,1786827578.570,13.0587,1.3350,17.4334,93.79
2026-08-15T13:59:48,1786827588.837,13.0575,1.3263,17.3175,93.79
2026-08-15T13:59:59,1786827599.107,13.0600,1.2838,16.7658,93.79
2026-08-15T14:00:09,1786827609.436,13.0563,1.3562,17.7075,93.79
2026-08-15T14:00:19,1786827619.704,13.0650,1.2413,16.2169,93.79
2026-08-15T14:00:30,1786827630.037,13.0587,1.3475,17.5967,93.79
2026-08-15T14:00:40,1786827640.395,13.0587,1.3337,17.4171,93.79
2026-08-15T14:00:50,1786827650.725,13.0563,1.4250,18.6052,93.79
2026-08-15T14:01:01,1786827661.040,13.0563,1.3825,18.0503,93.79
2026-08-15T14:01:11,1786827671.231,13.0575,1.2825,16.7462,93.79
2026-08-15T14:01:21,1786827681.638,13.0638,1.3413,17.5218,93.79
2026-08-15T14:01:31,1786827691.981,13.0613,1.2625,16.4898,93.79
2026-08-15T14:01:42,1786827702.246,13.0587,1.2938,16.8948,93.79
2026-08-15T14:01:52,1786827712.562,13.0575,1.3400,17.4971,93.79
2026-08-15T14:02:02,1786827722.850,13.0550,1.3500,17.6242,93.79
2026-08-15T14:02:13,1786827733.135,13.0625,1.3050,17.0466,93.79
2026-08-15T14:02:23,1786827743.398,13.0575,1.3250,17.3012,93.79
2026-08-15T14:02:33,1786827753.705,13.0512,1.4813,19.3322,93.79
2026-08-15T14:02:43,1786827763.973,13.0563,1.3625,17.7891,93.79
2026-08-15T14:02:54,1786827774.235,13.0638,1.2788,16.7053,93.79
2026-08-15T14:03:04,1786827784.489,13.0575,1.3762,17.9704,93.79
2026-08-15T14:03:14,1786827794.795,13.0613,1.3163,17.1919,93.79
2026-08-15T14:03:25,1786827805.036,13.0650,1.2788,16.7069,93.79
2026-08-15T14:03:35,1786827815.503,13.0625,1.3088,17.0955,93.79
2026-08-15T14:03:45,1786827825.845,13.0600,1.3425,17.5330,93.79
2026-08-15T14:03:56,1786827836.175,13.0613,1.2925,16.8817,93.79
2026-08-15T14:04:06,1786827846.431,13.0550,1.3875,18.1138,93.79
2026-08-15T14:04:16,1786827856.764,13.0538,1.3713,17.9000,93.79
2026-08-15T14:04:26,1786827866.992,13.0587,1.3175,17.2049,93.79
2026-08-15T14:04:37,1786827877.273,13.0600,1.3688,17.8759,93.79
2026-08-15T14:04:47,1786827887.559,13.0575,1.4525,18.9660,93.79
2026-08-15T14:04:57,1786827897.798,13.0638,1.2875,16.8196,93.79
2026-08-15T14:05:08,1786827908.172,13.0638,1.2625,16.4930,93.79
2026-08-15T14:05:18,1786827918.539,13.0600,1.2712,16.6025,93.79
2026-08-15T14:05:28,1786827928.826,13.0575,1.3613,17.7745,93.79
2026-08-15T14:05:39,1786827939.127,13.0625,1.3150,17.1772,93.79
2026-08-15T14:05:49,1786827949.338,13.0638,1.2925,16.8849,93.79
2026-08-15T14:05:59,1786827959.686,13.0600,1.3850,18.0881,93.79
2026-08-15T14:06:10,1786827970.025,13.0550,1.3738,17.9343,93.79
2026-08-15T14:06:20,1786827980.292,13.0638,1.3462,17.5871,93.79
2026-08-15T14:06:30,1786827990.590,13.0587,1.3300,17.3681,93.79
2026-08-15T14:06:40,1786828000.797,13.0600,1.2700,16.5862,93.79
2026-08-15T14:06:51,1786828011.095,13.0625,1.2138,15.8546,93.79
2026-08-15T14:07:01,1786828021.340,13.0587,1.3625,17.7925,93.79
2026-08-15T14:07:11,1786828031.748,13.0512,1.4863,19.3974,93.79
2026-08-15T14:07:22,1786828042.074,13.0525,1.4013,18.2898,93.79
2026-08-15T14:07:32,1786828052.379,13.0613,1.2788,16.7021,93.79
2026-08-15T14:07:42,1786828062.692,13.0600,1.2888,16.8311,93.79
2026-08-15T14:07:52,1786828072.981,13.0600,1.2800,16.7168,93.79
2026-08-15T14:08:03,1786828083.220,13.0575,1.2625,16.4851,93.79
2026-08-15T14:08:13,1786828093.511,13.0587,1.3475,17.5967,93.79
2026-08-15T14:08:23,1786828103.800,13.0563,1.2513,16.3366,93.79
2026-08-15T14:08:34,1786828114.076,13.0575,1.4000,18.2805,93.79
2026-08-15T14:08:44,1786828124.391,13.0600,1.2938,16.8964,93.79
2026-08-15T14:08:54,1786828134.631,13.0638,1.2350,16.1337,93.79
2026-08-15T14:09:04,1786828144.846,13.0638,1.2725,16.6236,93.79
2026-08-15T14:09:15,1786828155.241,13.0587,1.3613,17.7762,93.79
2026-08-15T14:09:25,1786828165.539,13.0650,1.2688,16.5762,93.79
2026-08-15T14:09:35,1786828175.883,13.0563,1.3288,17.3485,93.79
2026-08-15T14:09:46,1786828186.177,13.0613,1.2850,16.7837,93.79
2026-08-15T14:09:56,1786828196.590,13.0550,1.3938,18.1954,93.79
2026-08-15T14:10:06,1786828206.911,13.0563,1.3825,18.0503,93.79
2026-08-15T14:10:17,1786828217.117,12.9975,2.1913,28.4808,93.79
2026-08-15T14:10:27,1786828227.392,13.0425,1.5275,19.9224,93.32
2026-08-15T14:10:37,1786828237.741,13.0563,1.2688,16.5651,93.32
2026-08-15T14:10:47,1786828247.973,13.0587,1.2825,16.7478,93.32
2026-08-15T14:10:58,1786828258.177,13.0563,1.3538,17.6749,93.32
2026-08-15T14:11:08,1786828268.405,13.0538,1.3050,17.0351,93.32
2026-08-15T14:11:18,1786828278.771,13.0625,1.3363,17.4548,93.32
2026-08-15T14:11:28,1786828288.987,13.0575,1.3313,17.3828,93.32
2026-08-15T14:11:39,1786828299.345,13.0563,1.3688,17.8707,93.32
2026-08-15T14:11:49,1786828309.591,13.0512,1.4288,18.6470,93.32
2026-08-15T14:11:59,1786828319.879,13.0538,1.4100,18.4058,93.32
2026-08-15T14:12:10,1786828330.227,13.0550,1.3862,18.0975,93.32
2026-08-15T14:12:20,1786828340.633,13.0613,1.2688,16.5715,93.32
2026-08-15T14:12:30,1786828350.964,13.0563,1.4675,19.1600,93.32
2026-08-15T14:12:41,1786828361.335,13.0563,1.2925,16.8752,93.32
2026-08-15T14:12:51,1786828371.714,13.0587,1.3525,17.6620,93.32
2026-08-15T14:13:01,1786828381.998,13.0538,1.3063,17.0515,93.32
2026-08-15T14:13:12,1786828392.217,13.0538,1.3125,17.1330,93.32
2026-08-15T14:13:22,1786828402.583,13.0488,1.3350,17.4201,93.32
2026-08-15T14:13:32,1786828412.864,13.0575,1.5463,20.1902,93.32
2026-08-15T14:13:43,1786828423.073,13.0425,1.4900,19.4333,93.32
2026-08-15T14:13:53,1786828433.395,13.0512,1.4663,19.1364,93.32
2026-08-15T14:14:03,1786828443.609,13.0575,1.3713,17.9051,93.32
2026-08-15T14:14:13,1786828453.895,13.0575,1.3263,17.3175,93.32
2026-08-15T14:14:24,1786828464.102,13.0613,1.2712,16.6041,93.32
2026-08-15T14:14:34,1786828474.596,13.0488,1.3538,17.6647,93.32
2026-08-15T14:14:44,1786828484.835,13.0613,1.2237,15.9837,93.32
2026-08-15T14:14:55,1786828495.144,13.0600,1.2638,16.5046,93.32
2026-08-15T14:15:05,1786828505.365,13.0575,1.3588,17.7419,93.32
2026-08-15T14:15:15,1786828515.601,13.0538,1.3188,17.2146,93.32
2026-08-15T14:15:25,1786828525.876,13.0512,1.3838,18.0597,93.32
2026-08-15T14:15:36,1786828536.204,13.0575,1.3125,17.1380,93.32
2026-08-15T14:15:46,1786828546.535,13.0575,1.2763,16.6646,93.32
2026-08-15T14:15:56,1786828556.878,13.0550,1.3037,17.0205,93.32
2026-08-15T14:16:07,1786828567.163,13.0575,1.3975,18.2479,93.32
2026-08-15T14:16:17,1786828577.626,13.0450,1.4450,18.8500,93.32
2026-08-15T14:16:27,1786828587.878,13.0550,1.3025,17.0041,93.32
2026-08-15T14:16:38,1786828598.176,13.0575,1.2725,16.6157,93.32
2026-08-15T14:16:48,1786828608.470,13.0563,1.3425,17.5280,93.32
2026-08-15T14:16:58,1786828618.713,13.0575,1.3263,17.3175,93.32
2026-08-15T14:17:09,1786828629.016,13.0600,1.3662,17.8432,93.32
2026-08-15T14:17:19,1786828639.259,13.0512,1.3150,17.1624,93.32
2026-08-15T14:17:29,1786828649.507,13.0538,1.3550,17.6878,93.32
2026-08-15T14:17:39,1786828659.799,13.0587,1.3050,17.0417,93.32
2026-08-15T14:17:50,1786828670.078,13.0500,1.3137,17.1444,93.32
2026-08-15T14:18:00,1786828680.339,13.0300,1.5725,20.4897,93.32
2026-08-15T14:18:10,1786828690.592,13.0525,1.4588,19.0403,93.32
2026-08-15T14:18:20,1786828700.906,13.0538,1.3375,17.4594,93.32
2026-08-15T14:18:31,1786828711.321,13.0388,1.4025,18.2868,93.32
2026-08-15T14:18:41,1786828721.606,13.0512,1.2775,16.6730,93.32
2026-08-15T14:18:51,1786828731.912,13.0488,1.4825,19.3448,93.32
2026-08-15T14:19:02,1786828742.193,13.0550,1.3762,17.9669,93.32
2026-08-15T14:19:12,1786828752.418,13.0600,1.2750,16.6515,93.32
2026-08-15T14:19:22,1786828762.663,13.0488,1.4050,18.3335,93.32
2026-08-15T14:19:32,1786828772.911,13.0575,1.4463,18.8844,93.32
2026-08-15T14:19:43,1786828783.114,13.0563,1.2850,16.7773,93.32
2026-08-15T14:19:53,1786828793.396,13.0525,1.2988,16.9519,93.32
2026-08-15T14:20:03,1786828803.637,13.0575,1.2700,16.5830,93.32
2026-08-15T14:20:13,1786828813.877,13.0488,1.3825,18.0399,93.32
2026-08-15T14:20:24,1786828824.119,13.0525,1.3125,17.1314,93.32
2026-08-15T14:20:34,1786828834.336,13.0538,1.3662,17.8347,93.32
2026-08-15T14:20:44,1786828844.619,13.0525,1.2925,16.8704,93.32
2026-08-15T14:20:54,1786828854.976,13.0538,1.3713,17.9000,93.32
2026-08-15T14:21:05,1786828865.228,13.0488,1.3788,17.9910,93.32
2026-08-15T14:21:15,1786828875.438,13.0525,1.3525,17.6535,93.32
2026-08-15T14:21:25,1786828885.721,13.0512,1.3862,18.0923,93.32
2026-08-15T14:21:36,1786828896.020,13.0438,1.4025,18.2939,93.32
2026-08-15T14:21:46,1786828906.399,13.0500,1.3750,17.9438,93.32
2026-08-15T14:21:56,1786828916.716,13.0587,1.2612,16.4703,93.32
2026-08-15T14:22:07,1786828927.094,13.0525,1.3825,18.0451,93.32
2026-08-15T14:22:17,1786828937.384,13.0450,1.3713,17.8880,93.32
2026-08-15T14:22:27,1786828947.682,13.0538,1.2513,16.3335,93.32
2026-08-15T14:22:37,1786828957.933,13.0500,1.3613,17.7643,93.32
2026-08-15T14:22:48,1786828968.230,13.0363,1.4825,19.3262,93.32
2026-08-15T14:22:58,1786828978.542,13.0488,1.2775,16.6698,93.32
2026-08-15T14:23:08,1786828988.806,13.0475,1.4038,18.3154,93.32
2026-08-15T14:23:19,1786828999.278,13.0512,1.3075,17.0645,93.32
2026-08-15T14:23:29,1786829009.550,13.0475,1.3313,17.3695,93.32
2026-08-15T14:23:39,1786829019.981,13.0550,1.3475,17.5916,93.32
2026-08-15T14:23:50,1786829030.234,13.0475,1.3137,17.1412,93.32
2026-08-15T14:24:00,1786829040.581,13.0525,1.3588,17.7351,93.32
2026-08-15T14:24:10,1786829050.843,13.0525,1.2925,16.8704,93.32
2026-08-15T14:24:21,1786829061.200,13.0488,1.3288,17.3385,93.32
2026-08-15T14:24:31,1786829071.485,13.0425,1.4288,18.6345,93.32
2026-08-15T14:24:41,1786829081.721,13.0525,1.2663,16.5277,93.32
2026-08-15T14:24:52,1786829092.003,13.0512,1.3137,17.1461,93.32
2026-08-15T14:25:02,1786829102.447,13.0500,1.3475,17.5849,93.32
2026-08-15T14:25:12,1786829112.676,13.0488,1.3175,17.1917,93.32
2026-08-15T14:25:22,1786829122.939,13.0575,1.2550,16.3872,93.32
2026-08-15T14:25:33,1786829133.244,13.0475,1.3862,18.0871,93.32
2026-08-15T14:25:43,1786829143.460,13.0475,1.3462,17.5652,93.32
2026-08-15T14:25:53,1786829153.798,13.0488,1.3063,17.0449,93.32
2026-08-15T14:26:04,1786829164.078,13.0538,1.2688,16.5619,93.32
2026-08-15T14:26:14,1786829174.367,13.0450,1.3125,17.1216,93.32
2026-08-15T14:26:24,1786829184.696,13.0500,1.2950,16.8998,93.32
2026-08-15T14:26:34,1786829194.988,13.0512,1.2750,16.6403,93.32
2026-08-15T14:26:45,1786829205.227,13.0450,1.3263,17.3009,93.32
2026-08-15T14:26:55,1786829215.417,13.0525,1.3900,18.1430,93.32
2026-08-15T14:27:05,1786829225.733,13.0425,1.3963,18.2106,93.32
2026-08-15T14:27:16,1786829236.211,13.0500,1.3063,17.0466,93.32
2026-08-15T14:27:26,1786829246.578,13.0525,1.2988,16.9519,93.32
2026-08-15T14:27:36,1786829256.865,13.0412,1.3325,17.3775,93.32
2026-08-15T14:27:47,1786829267.125,13.0500,1.3113,17.1118,93.32
2026-08-15T14:27:57,1786829277.404,13.0400,1.3713,17.8811,93.32
2026-08-15T14:28:07,1786829287.684,13.0325,1.4888,19.4021,93.32
2026-08-15T14:28:17,1786829297.947,13.0463,1.3388,17.4657,93.32
2026-08-15T14:28:28,1786829308.225,13.0463,1.3063,17.0417,93.32
2026-08-15T14:28:38,1786829318.564,13.0488,1.3313,17.3711,93.32
2026-08-15T14:28:48,1786829328.833,13.0425,1.2425,16.2053,93.32
2026-08-15T14:28:59,1786829339.193,13.0475,1.3638,17.7935,93.32
2026-08-15T14:29:09,1786829349.582,13.0475,1.3263,17.3042,93.32
2026-08-15T14:29:19,1786829359.862,13.0425,1.4263,18.6019,93.32
2026-08-15T14:29:30,1786829370.125,13.0400,1.4512,18.9243,93.32
2026-08-15T14:29:40,1786829380.525,13.0425,1.3313,17.3628,93.32
2026-08-15T14:29:50,1786829390.902,13.0463,1.2800,16.6992,93.32
2026-08-15T14:30:01,1786829401.185,13.0512,1.3075,17.0645,93.32
2026-08-15T14:30:11,1786829411.478,13.0500,1.2838,16.7529,93.32
2026-08-15T14:30:21,1786829421.770,13.0450,1.4675,19.1435,93.32
2026-08-15T14:30:32,1786829432.101,13.0488,1.3263,17.3059,93.32
2026-08-15T14:30:42,1786829442.462,13.0475,1.3963,18.2176,93.32
2026-08-15T14:30:52,1786829452.744,13.0425,1.3800,17.9987,93.32
2026-08-15T14:31:03,1786829463.003,13.0438,1.5263,19.9080,93.32
2026-08-15T14:31:13,1786829473.336,13.0450,1.2563,16.3878,93.32
2026-08-15T14:31:23,1786829483.590,13.0463,1.2400,16.1774,93.32
2026-08-15T14:31:33,1786829493.901,13.0512,1.3350,17.4234,93.32
2026-08-15T14:31:44,1786829504.325,13.0450,1.3125,17.1216,93.32
2026-08-15T14:31:54,1786829514.580,13.0488,1.2438,16.2294,93.32
2026-08-15T14:32:04,1786829524.904,13.0388,1.3275,17.3089,93.32
2026-08-15T14:32:15,1786829535.236,13.0488,1.3850,18.0725,93.32
2026-08-15T14:32:25,1786829545.524,13.0450,1.3200,17.2194,93.32
2026-08-15T14:32:35,1786829555.775,13.0450,1.3475,17.5781,93.32
2026-08-15T14:32:46,1786829566.033,13.0463,1.3462,17.5635,93.32
2026-08-15T14:32:56,1786829576.359,13.0150,1.6713,21.7513,93.32
2026-08-15T14:33:06,1786829586.797,13.0438,1.3488,17.5928,93.32
2026-08-15T14:33:17,1786829597.134,13.0475,1.3413,17.5000,93.32
2026-08-15T14:33:27,1786829607.385,13.0312,1.4888,19.4003,93.32
2026-08-15T14:33:37,1786829617.696,13.0450,1.3337,17.3988,93.32
2026-08-15T14:33:48,1786829628.002,13.0463,1.2738,16.6177,93.32
2026-08-15T14:33:58,1786829638.393,13.0438,1.4725,19.2069,93.32
2026-08-15T14:34:08,1786829648.644,13.0400,1.3638,17.7833,93.32
2026-08-15T14:34:18,1786829658.911,13.0412,1.3337,17.3938,93.32
2026-08-15T14:34:29,1786829669.186,13.0463,1.2963,16.9112,93.32
2026-08-15T14:34:39,1786829679.551,13.0325,1.5100,19.6791,93.32
2026-08-15T14:34:49,1786829689.764,13.0412,1.5725,20.5074,93.32
2026-08-15T14:35:00,1786829700.232,13.0300,1.4363,18.7143,93.32
2026-08-15T14:35:10,1786829710.478,13.0450,1.2725,16.5998,93.32
2026-08-15T14:35:20,1786829720.780,13.0350,1.3462,17.5484,93.32
2026-08-15T14:35:31,1786829731.086,13.0475,1.2913,16.8476,93.32
2026-08-15T14:35:41,1786829741.400,13.0400,1.2888,16.8053,93.32
2026-08-15T14:35:51,1786829751.651,13.0450,1.3225,17.2520,93.32
2026-08-15T14:36:01,1786829761.918,13.0375,1.3562,17.6821,93.32
2026-08-15T14:36:12,1786829772.280,13.0450,1.2825,16.7302,93.32
2026-08-15T14:36:22,1786829782.578,13.0438,1.3113,17.1036,93.32
2026-08-15T14:36:32,1786829792.837,13.0450,1.3313,17.3662,93.32
2026-08-15T14:36:43,1786829803.032,13.0425,1.3175,17.1835,93.32
2026-08-15T14:36:53,1786829813.279,13.0463,1.2488,16.2915,93.32
2026-08-15T14:37:03,1786829823.464,13.0400,1.3350,17.4084,93.32
2026-08-15T14:37:13,1786829833.877,13.0363,1.3500,17.5989,93.32
2026-08-15T14:37:24,1786829844.238,13.0350,1.3538,17.6461,93.32
2026-08-15T14:37:34,1786829854.603,13.0400,1.3500,17.6040,93.32
2026-08-15T14:37:44,1786829864.928,13.0312,1.4113,18.3904,93.32
2026-08-15T14:37:55,1786829875.064,13.0388,1.4525,18.9388,93.32
2026-08-15T14:38:05,1786829885.294,13.0438,1.2863,16.7775,93.32
2026-08-15T14:38:15,1786829895.596,13.0363,1.3450,17.5338,93.32
2026-08-15T14:38:25,1786829905.923,13.0325,1.4788,19.2718,93.32
2026-08-15T14:38:36,1786829916.327,13.0350,1.4375,18.7378,93.32
2026-08-15T14:38:46,1786829926.594,13.0288,1.5025,19.5757,93.32
2026-08-15T14:38:56,1786829936.931,13.0350,1.2900,16.8151,93.32
2026-08-15T14:39:07,1786829947.350,13.0438,1.2800,16.6960,93.32
2026-08-15T14:39:17,1786829957.603,13.0350,1.3762,17.9394,93.32
2026-08-15T14:39:27,1786829967.917,13.0400,1.2725,16.5934,93.32
2026-08-15T14:39:38,1786829978.233,13.0300,1.3188,17.1833,93.32
2026-08-15T14:39:48,1786829988.593,13.0363,1.2938,16.8656,93.32
2026-08-15T14:39:58,1786829998.852,13.0425,1.3025,16.9879,93.22
2026-08-15T14:40:09,1786830009.098,13.0375,1.3700,17.8614,93.22
2026-08-15T14:40:19,1786830019.348,13.0400,1.4775,19.2666,93.22
2026-08-15T14:40:29,1786830029.617,13.0363,1.3263,17.2893,93.22
2026-08-15T14:40:39,1786830039.869,13.0325,1.5150,19.7442,93.22
2026-08-15T14:40:50,1786830050.135,13.0388,1.3725,17.8957,93.22
2026-08-15T14:41:00,1786830060.448,13.0412,1.3538,17.6546,93.22
2026-08-15T14:41:10,1786830070.651,13.0375,1.3625,17.7636,93.22
2026-08-15T14:41:20,1786830080.933,13.0412,1.3137,17.1329,93.22
2026-08-15T14:41:31,1786830091.290,13.0312,1.3875,18.0809,93.10
2026-08-15T14:41:41,1786830101.577,13.0075,1.6463,21.4136,92.98
2026-08-15T14:41:51,1786830111.932,13.0388,1.3838,18.0424,92.86
2026-08-15T14:42:02,1786830122.376,13.0350,1.2550,16.3589,92.86
2026-08-15T14:42:12,1786830132.715,13.0288,1.3525,17.6214,92.86
2026-08-15T14:42:22,1786830142.971,13.0250,1.4750,19.2119,92.86
2026-08-15T14:42:33,1786830153.185,13.0400,1.2575,16.3978,92.86
2026-08-15T14:42:43,1786830163.366,13.0325,1.4800,19.2881,92.86
2026-08-15T14:42:53,1786830173.689,13.0363,1.3450,17.5338,92.86
2026-08-15T14:43:04,1786830184.117,13.0288,1.3613,17.7354,92.86
2026-08-15T14:43:14,1786830194.441,13.0312,1.3450,17.5270,92.86
2026-08-15T14:43:24,1786830204.710,13.0388,1.2600,16.4288,92.86
2026-08-15T14:43:35,1786830215.005,13.0237,1.4488,18.8682,92.86
2026-08-15T14:43:45,1786830225.305,13.0388,1.3237,17.2600,92.86
2026-08-15T14:43:55,1786830235.588,13.0375,1.2663,16.5087,92.86
2026-08-15T14:44:05,1786830245.865,13.0312,1.3800,17.9831,92.86
2026-08-15T14:44:16,1786830256.120,13.0350,1.3250,17.2714,92.86
2026-08-15T14:44:26,1786830266.397,13.0388,1.2738,16.6081,92.86
2026-08-15T14:44:36,1786830276.866,13.0038,1.6013,20.8223,92.52
2026-08-15T14:44:47,1786830287.113,13.0300,1.3150,17.1345,92.26
2026-08-15T14:44:57,1786830297.298,13.0288,1.3513,17.6051,92.09
2026-08-15T14:45:07,1786830307.565,13.0300,1.3013,16.9553,92.09
2026-08-15T14:45:17,1786830317.813,13.0337,1.3000,16.9439,92.09
2026-08-15T14:45:28,1786830328.234,13.0350,1.2463,16.2449,92.09
2026-08-15T14:45:38,1786830338.635,13.0350,1.2850,16.7500,92.09
2026-08-15T14:45:48,1786830348.904,13.0375,1.2400,16.1665,92.09
2026-08-15T14:45:59,1786830359.245,13.0300,1.3313,17.3462,92.09
2026-08-15T14:46:09,1786830369.600,13.0388,1.2600,16.4288,92.09
2026-08-15T14:46:19,1786830379.816,13.0300,1.3037,16.9879,92.09
2026-08-15T14:46:30,1786830390.005,13.0337,1.2650,16.4877,92.09
2026-08-15T14:46:40,1786830400.248,13.0288,1.4325,18.6637,92.09
2026-08-15T14:46:50,1786830410.478,13.0288,1.2925,16.8397,92.09
2026-08-15T14:47:00,1786830420.746,13.0300,1.3438,17.5091,92.09
2026-08-15T14:47:11,1786830431.042,13.0375,1.3662,17.8125,92.09
2026-08-15T14:47:21,1786830441.264,13.0225,1.3462,17.5315,92.09
2026-08-15T14:47:31,1786830451.584,13.0337,1.3188,17.1883,92.09
2026-08-15T14:47:42,1786830462.018,13.0312,1.2800,16.6800,92.09
2026-08-15T14:47:52,1786830472.334,13.0312,1.2950,16.8755,92.09
2026-08-15T14:48:02,1786830482.685,13.0225,1.3175,17.1571,92.09
2026-08-15T14:48:13,1786830493.002,13.0325,1.2500,16.2906,92.09
2026-08-15T14:48:23,1786830503.328,13.0350,1.3150,17.1410,92.09
2026-08-15T14:48:33,1786830513.564,13.0263,1.3025,16.9667,92.09
2026-08-15T14:48:43,1786830523.818,13.0350,1.2975,16.9129,92.09
2026-08-15T14:48:54,1786830534.148,13.0050,1.6438,21.3770,92.09
2026-08-15T14:49:04,1786830544.415,13.0325,1.2788,16.6653,92.09
2026-08-15T14:49:14,1786830554.678,13.0300,1.3275,17.2973,92.09
2026-08-15T14:49:25,1786830565.087,13.0125,1.5250,19.8441,92.09
2026-08-15T14:49:35,1786830575.417,13.0200,1.3963,18.1792,92.09
2026-08-15T14:49:45,1786830585.621,13.0325,1.3037,16.9911,92.09
2026-08-15T14:49:55,1786830595.840,13.0288,1.3125,17.1002,92.09
2026-08-15T14:50:06,1786830606.061,13.0263,1.4000,18.2368,92.09
2026-08-15T14:50:16,1786830616.267,13.0300,1.3100,17.0693,92.09
2026-08-15T14:50:26,1786830626.645,13.0312,1.2800,16.6800,92.09
2026-08-15T14:50:36,1786830636.874,13.0325,1.2725,16.5839,92.09
2026-08-15T14:50:47,1786830647.197,13.0263,1.3100,17.0644,92.09
2026-08-15T14:50:57,1786830657.564,13.0300,1.2500,16.2875,92.09
2026-08-15T14:51:07,1786830667.802,13.0275,1.3788,17.9617,92.09
2026-08-15T14:51:18,1786830678.062,13.0275,1.2975,16.9032,92.09
2026-08-15T14:51:28,1786830688.300,13.0237,1.3300,17.3216,92.09
2026-08-15T14:51:38,1786830698.575,13.0300,1.3200,17.1996,92.09
2026-08-15T14:51:48,1786830708.792,13.0213,1.4100,18.3600,92.09
2026-08-15T14:51:59,1786830719.208,13.0250,1.3462,17.5349,92.09
2026-08-15T14:52:09,1786830729.589,13.0237,1.3525,17.6146,92.09
2026-08-15T14:52:19,1786830739.920,13.0213,1.3950,18.1646,92.09
2026-08-15T14:52:30,1786830750.206,13.0188,1.4113,18.3727,92.09
2026-08-15T14:52:40,1786830760.524,13.0213,1.4013,18.2460,92.09
2026-08-15T14:52:50,1786830770.720,13.0225,1.3163,17.1409,92.09
2026-08-15T14:53:00,1786830780.942,13.0237,1.3213,17.2076,92.09
2026-08-15T14:53:11,1786830791.193,13.0263,1.3263,17.2761,92.09
2026-08-15T14:53:21,1786830801.418,13.0213,1.2900,16.7974,92.09
2026-08-15T14:53:31,1786830811.722,13.0250,1.2950,16.8674,92.09
2026-08-15T14:53:42,1786830822.111,13.0000,1.5637,20.3287,92.09
2026-08-15T14:53:52,1786830832.378,13.0263,1.2650,16.4782,92.09
2026-08-15T14:54:02,1786830842.706,13.0275,1.2775,16.6426,92.09
2026-08-15T14:54:12,1786830852.951,13.0225,1.2488,16.2618,92.09
2026-08-15T14:54:23,1786830863.347,13.0175,1.2700,16.5322,92.09
2026-08-15T14:54:33,1786830873.700,13.0175,1.3700,17.8340,92.09
2026-08-15T14:54:43,1786830883.980,13.0225,1.3137,17.1083,92.09
2026-08-15T14:54:54,1786830894.310,13.0125,1.3350,17.3717,91.96
2026-08-15T14:55:04,1786830904.645,13.0200,1.3425,17.4794,91.94
2026-08-15T14:55:14,1786830914.970,13.0188,1.3413,17.4614,91.94
2026-08-15T14:55:25,1786830925.260,13.0213,1.3350,17.3834,91.94
2026-08-15T14:55:35,1786830935.510,13.0188,1.2825,16.6965,91.94
2026-08-15T14:55:45,1786830945.803,13.0162,1.4025,18.2553,91.94
2026-08-15T14:55:56,1786830956.198,13.0025,1.4825,19.2762,91.82
2026-08-15T14:56:06,1786830966.448,13.0175,1.3650,17.7689,91.82
2026-08-15T14:56:16,1786830976.728,13.0088,1.4638,19.0416,91.82
2026-08-15T14:56:26,1786830986.997,13.0137,1.3775,17.9264,91.71
2026-08-15T14:56:37,1786830997.207,13.0162,1.3638,17.7509,91.71
2026-08-15T14:56:47,1786831007.314,13.0175,1.3500,17.5736,91.71
2026-08-15T14:56:57,1786831017.601,13.0175,1.3762,17.9153,91.71
2026-08-15T14:57:07,1786831027.878,13.0113,1.3900,18.0856,91.71
2026-08-15T14:57:18,1786831038.240,13.0175,1.3125,17.0855,91.71
2026-08-15T14:57:28,1786831048.522,13.0200,1.2488,16.2587,91.71
2026-08-15T14:57:38,1786831058.804,13.0162,1.2863,16.7422,91.71
2026-08-15T14:57:49,1786831069.069,13.0137,1.2925,16.8203,91.71
2026-08-15T14:57:59,1786831079.367,13.0137,1.4450,18.8049,91.71
2026-08-15T14:58:09,1786831089.582,13.0200,1.2888,16.7795,91.71
2026-08-15T14:58:19,1786831099.821,13.0137,1.3725,17.8614,91.71
2026-08-15T14:58:30,1786831110.260,13.0113,1.4813,19.2729,91.71
2026-08-15T14:58:40,1786831120.580,13.0188,1.3137,17.1034,91.63
2026-08-15T14:58:50,1786831130.794,13.0113,1.3100,17.0447,91.63
2026-08-15T14:59:01,1786831141.149,13.0150,1.2750,16.5941,91.61
2026-08-15T14:59:11,1786831151.435,13.0162,1.3438,17.4906,91.49
2026-08-15T14:59:21,1786831161.727,13.0125,1.3225,17.2090,91.49
2026-08-15T14:59:32,1786831172.041,13.0088,1.4163,18.4236,91.49
2026-08-15T14:59:42,1786831182.299,13.0088,1.4150,18.4074,91.49
2026-08-15T14:59:52,1786831192.580,13.0175,1.2313,16.0278,91.49
2026-08-15T15:00:02,1786831202.877,13.0113,1.3938,18.1344,91.49
2026-08-15T15:00:13,1786831213.189,13.0137,1.2825,16.6901,91.43
2026-08-15T15:00:23,1786831223.416,13.0137,1.3037,16.9667,91.43
2026-08-15T15:00:33,1786831233.817,13.0062,1.4013,18.2250,91.43
2026-08-15T15:00:44,1786831244.179,13.0062,1.3425,17.4609,91.26
2026-08-15T15:00:54,1786831254.487,13.0050,1.4350,18.6622,91.26
2026-08-15T15:01:04,1786831264.719,13.0100,1.3438,17.4822,91.26
2026-08-15T15:01:15,1786831275.075,13.0100,1.3525,17.5960,91.26
2026-08-15T15:01:25,1786831285.393,13.0000,1.4375,18.6875,91.26
2026-08-15T15:01:35,1786831295.697,13.0075,1.3200,17.1699,91.26
2026-08-15T15:01:45,1786831305.997,13.0088,1.3725,17.8545,91.22
2026-08-15T15:01:56,1786831316.243,13.0125,1.3075,17.0138,91.13
2026-08-15T15:02:06,1786831326.529,13.0050,1.3225,17.1991,91.13
2026-08-15T15:02:16,1786831336.826,13.0062,1.3838,17.9974,90.72
2026-08-15T15:02:27,1786831347.223,13.0038,1.4363,18.6766,90.72
2026-08-15T15:02:37,1786831357.498,13.0062,1.3513,17.5747,90.72
2026-08-15T15:02:47,1786831367.708,12.9962,1.4600,18.9745,90.72
2026-08-15T15:02:57,1786831377.962,12.9962,1.4425,18.7471,90.72
2026-08-15T15:03:08,1786831388.341,13.0000,1.4075,18.2975,90.72
2026-08-15T15:03:18,1786831398.630,12.9938,1.4263,18.5323,90.72
2026-08-15T15:03:28,1786831408.922,12.9988,1.4013,18.2145,90.72
2026-08-15T15:03:39,1786831419.192,13.0050,1.3388,17.4104,90.72
2026-08-15T15:03:49,1786831429.385,13.0100,1.3037,16.9618,90.72
2026-08-15T15:03:59,1786831439.695,12.9525,1.9912,25.7917,90.50
2026-08-15T15:04:09,1786831449.944,13.0075,1.3237,17.2187,90.50
2026-08-15T15:04:20,1786831460.244,13.0000,1.3775,17.9075,90.50
2026-08-15T15:04:30,1786831470.612,13.0050,1.3638,17.7356,90.50
2026-08-15T15:04:40,1786831480.871,12.9925,1.4713,19.1152,90.50
2026-08-15T15:04:51,1786831491.101,13.0000,1.3250,17.2250,90.50
2026-08-15T15:05:01,1786831501.642,12.9938,1.3513,17.5578,90.50
2026-08-15T15:05:11,1786831511.992,13.0062,1.3025,16.9406,90.50
2026-08-15T15:05:22,1786831522.211,13.0013,1.3887,18.0555,90.50
2026-08-15T15:05:32,1786831532.481,13.0062,1.3100,17.0382,90.50
2026-08-15T15:05:42,1786831542.749,13.0013,1.3450,17.4867,90.50
2026-08-15T15:05:53,1786831553.064,13.0013,1.4550,18.9168,90.50
2026-08-15T15:06:03,1786831563.429,13.0062,1.2775,16.6155,90.50
2026-08-15T15:06:13,1786831573.770,13.0000,1.3088,17.0138,90.50
2026-08-15T15:06:24,1786831584.215,12.9938,1.4050,18.2562,90.50
2026-08-15T15:06:34,1786831594.516,13.0050,1.2950,16.8415,90.50
2026-08-15T15:06:44,1786831604.840,13.0038,1.2588,16.3685,90.50
2026-08-15T15:06:55,1786831615.120,13.0025,1.3013,16.9195,90.50
2026-08-15T15:07:05,1786831625.334,12.9988,1.3100,17.0284,90.50
2026-08-15T15:07:15,1786831635.615,12.9975,1.4475,18.8139,90.50
2026-08-15T15:07:25,1786831645.900,13.0050,1.2800,16.6464,90.50
2026-08-15T15:07:36,1786831656.084,12.9988,1.2775,16.6059,90.50
2026-08-15T15:07:46,1786831666.463,13.0000,1.3488,17.5338,90.50
2026-08-15T15:07:56,1786831676.826,12.9975,1.3525,17.5791,90.50
2026-08-15T15:08:07,1786831687.116,12.9775,1.4975,19.4338,90.39
2026-08-15T15:08:17,1786831697.515,12.9962,1.3225,17.1875,90.39
2026-08-15T15:08:27,1786831707.792,13.0025,1.2638,16.4319,90.32
2026-08-15T15:08:38,1786831718.172,12.9863,1.4163,18.3918,90.32
2026-08-15T15:08:48,1786831728.380,13.0013,1.2738,16.5603,90.32
2026-08-15T15:08:58,1786831738.699,12.9988,1.3662,17.7595,90.32
2026-08-15T15:09:08,1786831748.961,13.0000,1.3113,17.0463,90.32
2026-08-15T15:09:19,1786831759.152,12.9962,1.3488,17.5287,90.32
2026-08-15T15:09:29,1786831769.429,12.9950,1.3337,17.3321,90.30
2026-08-15T15:09:39,1786831779.650,12.9938,1.3450,17.4766,90.30
2026-08-15T15:09:50,1786831790.012,12.9900,1.3762,17.8775,90.18
2026-08-15T15:10:00,1786831800.289,12.9950,1.3263,17.2346,90.17
2026-08-15T15:10:10,1786831810.587,12.9925,1.3213,17.1663,90.17
2026-08-15T15:10:20,1786831820.871,12.9925,1.3475,17.5074,90.02
2026-08-15T15:10:31,1786831831.112,13.0000,1.2337,16.0388,90.02
2026-08-15T15:10:41,1786831841.344,12.9875,1.3288,17.2571,90.02
2026-08-15T15:10:51,1786831851.682,12.9950,1.2750,16.5686,89.87
2026-08-15T15:11:02,1786831862.199,12.9950,1.2938,16.8123,89.87
2026-08-15T15:11:12,1786831872.433,12.9900,1.3288,17.2605,89.87
2026-08-15T15:11:22,1786831882.694,12.9938,1.2975,16.8594,89.87
2026-08-15T15:11:32,1786831892.995,12.9900,1.3750,17.8613,89.87
2026-08-15T15:11:43,1786831903.271,12.9938,1.3137,17.0705,89.81
2026-08-15T15:11:53,1786831913.583,12.9825,1.3125,17.0395,89.62
2026-08-15T15:12:03,1786831923.888,12.9887,1.3425,17.4374,89.62
2026-08-15T15:12:14,1786831934.067,12.9900,1.3013,16.9032,89.62
2026-08-15T15:12:24,1786831944.440,12.9913,1.2350,16.0442,89.62
2026-08-15T15:12:34,1786831954.889,12.9950,1.2750,16.5686,89.62
2026-08-15T15:12:45,1786831965.298,12.9900,1.3625,17.6989,89.62
2026-08-15T15:12:55,1786831975.737,12.9825,1.3975,18.1430,89.62
2026-08-15T15:13:05,1786831985.988,12.9887,1.3825,17.9569,89.62
2026-08-15T15:13:16,1786831996.217,12.9900,1.2700,16.4973,89.62
2026-08-15T15:13:26,1786832006.458,12.9863,1.3562,17.6126,89.62
2026-08-15T15:13:36,1786832016.782,12.9825,1.3413,17.4128,89.53
2026-08-15T15:13:46,1786832026.988,12.9838,1.3263,17.2197,89.53
2026-08-15T15:13:57,1786832037.322,12.9875,1.4263,18.5234,89.47
2026-08-15T15:14:07,1786832047.535,12.9800,1.3075,16.9714,89.29
2026-08-15T15:14:17,1786832057.781,12.9800,1.2875,16.7118,89.29
2026-08-15T15:14:28,1786832068.044,12.9750,1.4388,18.6678,89.29
2026-08-15T15:14:38,1786832078.240,12.9825,1.3750,17.8509,89.29
2026-08-15T15:14:48,1786832088.484,12.9850,1.3213,17.1564,89.29
2026-08-15T15:14:58,1786832098.711,12.9925,1.2475,16.2081,89.29
2026-08-15T15:15:08,1786832108.999,12.9825,1.4363,18.6461,89.24
2026-08-15T15:15:19,1786832119.410,12.9850,1.3075,16.9779,89.24
2026-08-15T15:15:29,1786832129.727,12.9738,1.3913,18.0497,89.09
2026-08-15T15:15:39,1786832139.933,12.9825,1.2975,16.8448,89.09
2026-08-15T15:15:50,1786832150.138,12.9750,1.2788,16.5918,89.09
2026-08-15T15:16:00,1786832160.371,12.9787,1.4075,18.2676,89.09
2026-08-15T15:16:10,1786832170.565,12.9775,1.3987,18.1523,88.97
2026-08-15T15:16:20,1786832180.970,12.9825,1.6038,20.8207,88.92
2026-08-15T15:16:31,1786832191.300,12.9838,1.3188,17.1223,88.92
2026-08-15T15:16:41,1786832201.527,12.9750,1.4800,19.2030,88.78
2026-08-15T15:16:51,1786832211.816,12.9813,1.3775,17.8817,88.78
2026-08-15T15:17:02,1786832222.071,12.9738,1.5900,20.6283,88.78
2026-08-15T15:17:12,1786832232.345,12.9750,1.3188,17.1108,88.54
2026-08-15T15:17:22,1786832242.709,12.9763,1.2838,16.6583,88.49
2026-08-15T15:17:33,1786832253.141,12.9763,1.3713,17.7937,88.49
2026-08-15T15:17:43,1786832263.560,12.9600,1.4300,18.5328,88.39
2026-08-15T15:17:53,1786832273.889,12.9750,1.3513,17.5325,88.38
2026-08-15T15:18:04,1786832284.046,12.9813,1.2763,16.5673,88.38
2026-08-15T15:18:14,1786832294.486,12.9675,1.4175,18.3814,88.38
2026-08-15T15:18:24,1786832304.768,12.9750,1.3125,17.0297,88.34
2026-08-15T15:18:35,1786832315.085,12.9688,1.5100,19.5828,88.33
2026-08-15T15:18:45,1786832325.377,12.9725,1.4600,18.9399,88.33
2026-08-15T15:18:55,1786832335.740,12.9738,1.4238,18.4714,88.22
2026-08-15T15:19:06,1786832346.065,12.9738,1.4512,18.8282,88.22
2026-08-15T15:19:16,1786832356.475,12.9750,1.3862,17.9866,88.22
2026-08-15T15:19:26,1786832366.667,12.9700,1.4150,18.3526,88.11
2026-08-15T15:19:36,1786832376.927,12.9700,1.3200,17.1204,88.11
2026-08-15T15:19:47,1786832387.228,12.9663,1.3675,17.7313,88.11
2026-08-15T15:19:57,1786832397.531,12.9750,1.2725,16.5107,88.09
2026-08-15T15:20:07,1786832407.734,12.9775,1.2650,16.4165,88.09
2026-08-15T15:20:17,1786832417.985,12.9700,1.3163,17.0718,88.09
2026-08-15T15:20:28,1786832428.296,12.9675,1.3887,18.0086,87.97
2026-08-15T15:20:38,1786832438.585,12.9712,1.2612,16.3600,87.93
2026-08-15T15:20:48,1786832448.833,12.9700,1.3113,17.0069,87.93
2026-08-15T15:20:59,1786832459.239,12.9612,1.4538,18.8424,87.79
2026-08-15T15:21:09,1786832469.534,12.9725,1.2775,16.5724,87.73
2026-08-15T15:21:19,1786832479.780,12.9688,1.3375,17.3457,87.73
2026-08-15T15:21:30,1786832490.091,12.9688,1.3300,17.2484,87.70
2026-08-15T15:21:40,1786832500.338,12.9650,1.2838,16.6438,87.64
2026-08-15T15:21:50,1786832510.638,12.9712,1.2788,16.5870,87.64
2026-08-15T15:22:00,1786832520.896,12.9650,1.2700,16.4656,87.59
2026-08-15T15:22:11,1786832531.283,12.9638,1.3838,17.9386,87.56
2026-08-15T15:22:21,1786832541.571,12.9675,1.3887,18.0086,87.52
2026-08-15T15:22:31,1786832551.832,12.9612,1.3237,17.1575,87.52
2026-08-15T15:22:42,1786832562.071,12.9675,1.2650,16.4039,87.47
2026-08-15T15:22:52,1786832572.397,12.9638,1.3588,17.6145,87.36
2026-08-15T15:23:02,1786832582.718,12.9663,1.3325,17.2775,87.36
2026-08-15T15:23:13,1786832593.062,12.9612,1.3425,17.4005,87.19
2026-08-15T15:23:23,1786832603.274,12.9625,1.2750,16.5272,87.19
2026-08-15T15:23:33,1786832613.600,12.9525,1.5050,19.4935,87.19
2026-08-15T15:23:43,1786832623.823,12.9625,1.3875,17.9855,86.98
2026-08-15T15:23:54,1786832634.203,12.9625,1.3000,16.8513,86.98
2026-08-15T15:24:04,1786832644.437,12.9575,1.3825,17.9137,86.98
2026-08-15T15:24:14,1786832654.627,12.9600,1.3613,17.6418,86.98
2026-08-15T15:24:24,1786832664.951,12.9625,1.3350,17.3049,86.98
2026-08-15T15:24:35,1786832675.285,12.9563,1.4100,18.2683,86.98
2026-08-15T15:24:45,1786832685.635,12.9600,1.3987,18.1278,86.93
2026-08-15T15:24:55,1786832695.882,12.9625,1.3425,17.4022,86.89
2026-08-15T15:25:06,1786832706.159,12.9600,1.3488,17.4798,86.89
2026-08-15T15:25:16,1786832716.451,12.9625,1.3050,16.9161,86.78
2026-08-15T15:25:26,1786832726.695,12.9588,1.3987,18.1261,86.78
2026-08-15T15:25:36,1786832736.848,12.9612,1.3125,17.0116,86.78
2026-08-15T15:25:47,1786832747.202,12.9525,1.4000,18.1335,86.44
2026-08-15T15:25:57,1786832757.480,12.9550,1.5063,19.5135,86.44
2026-08-15T15:26:07,1786832767.848,12.9563,1.3200,17.1023,86.44
2026-08-15T15:26:18,1786832778.289,12.9575,1.4913,19.3229,86.31
2026-08-15T15:26:28,1786832788.552,12.9612,1.3688,17.7407,86.29
2026-08-15T15:26:38,1786832798.802,12.9600,1.3662,17.7066,86.29
2026-08-15T15:26:49,1786832809.174,12.9600,1.2725,16.4916,86.29
2026-08-15T15:26:59,1786832819.367,12.9563,1.2913,16.7298,86.29
2026-08-15T15:27:09,1786832829.719,12.9575,1.4138,18.3187,86.29
2026-08-15T15:27:20,1786832840.057,12.9400,1.5238,19.7173,86.29
2026-08-15T15:27:30,1786832850.273,12.9500,1.4925,19.3279,86.29
2026-08-15T15:27:40,1786832860.566,12.9550,1.3913,18.0236,86.29
2026-08-15T15:27:50,1786832870.853,12.9550,1.3188,17.0844,86.29
2026-08-15T15:28:01,1786832881.105,12.9500,1.3088,16.9483,86.26
2026-08-15T15:28:11,1786832891.469,12.9488,1.3900,17.9988,86.18
2026-08-15T15:28:21,1786832901.816,12.9525,1.3600,17.6154,86.16
2026-08-15T15:28:32,1786832912.134,12.9550,1.3188,17.0844,86.12
2026-08-15T15:28:42,1786832922.483,12.9500,1.3088,16.9483,86.12
2026-08-15T15:28:52,1786832932.827,12.9525,1.3000,16.8383,86.12
2026-08-15T15:29:03,1786832943.200,12.9450,1.3775,17.8317,85.99
2026-08-15T15:29:13,1786832953.581,12.9500,1.3513,17.4987,85.92
2026-08-15T15:29:23,1786832963.907,12.9475,1.3950,18.0618,85.84
2026-08-15T15:29:34,1786832974.192,12.9488,1.3488,17.4646,85.80
2026-08-15T15:29:44,1786832984.449,12.9537,1.3075,16.9370,85.80
2026-08-15T15:29:54,1786832994.718,12.9475,1.3275,17.1878,85.80
2026-08-15T15:30:04,1786833004.974,12.9488,1.3350,17.2866,85.63
2026-08-15T15:30:15,1786833015.291,12.9525,1.2838,16.6278,85.63
2026-08-15T15:30:25,1786833025.662,12.9475,1.3688,17.7219,85.63
2026-08-15T15:30:35,1786833035.939,12.9475,1.3500,17.4791,85.58
2026-08-15T15:30:46,1786833046.215,12.9425,1.3538,17.5209,85.58
2026-08-15T15:30:56,1786833056.562,12.9437,1.4888,19.2700,85.56
2026-08-15T15:31:06,1786833066.819,12.9475,1.3100,16.9612,85.43
2026-08-15T15:31:17,1786833077.202,12.9425,1.3088,16.9385,85.43
2026-08-15T15:31:27,1786833087.518,12.9413,1.3825,17.8913,85.41
2026-08-15T15:31:37,1786833097.859,12.9425,1.3488,17.4562,85.40
2026-08-15T15:31:48,1786833108.140,12.9475,1.2963,16.7832,85.40
2026-08-15T15:31:58,1786833118.362,12.9475,1.4175,18.3531,85.40
2026-08-15T15:32:08,1786833128.696,12.9213,1.5563,20.1087,85.38
2026-08-15T15:32:18,1786833138.986,12.9450,1.3938,18.0421,85.31
2026-08-15T15:32:29,1786833149.275,12.9450,1.3462,17.4272,85.31
2026-08-15T15:32:39,1786833159.442,12.9375,1.4338,18.5491,85.31
2026-08-15T15:32:49,1786833169.651,12.9425,1.3250,17.1488,85.16
2026-08-15T15:32:59,1786833179.984,12.9463,1.2988,16.8139,85.16
2026-08-15T15:33:10,1786833190.272,12.9437,1.3963,18.0727,85.16
2026-08-15T15:33:20,1786833200.469,12.9375,1.4063,18.1934,85.16
2026-08-15T15:33:30,1786833210.808,12.9363,1.5138,19.5822,85.16
2026-08-15T15:33:41,1786833221.188,12.9450,1.3375,17.3139,85.13
2026-08-15T15:33:51,1786833231.487,12.9437,1.3538,17.5226,85.01
2026-08-15T15:34:01,1786833241.802,12.9375,1.3150,17.0128,85.01
2026-08-15T15:34:12,1786833252.031,12.9425,1.3263,17.1650,85.01
2026-08-15T15:34:22,1786833262.271,12.9375,1.3750,17.7891,84.96
2026-08-15T15:34:32,1786833272.510,12.9363,1.3738,17.7712,84.91
2026-08-15T15:34:42,1786833282.777,12.9437,1.3275,17.1828,84.90
2026-08-15T15:34:53,1786833293.125,12.9413,1.3225,17.1148,84.88
2026-08-15T15:35:03,1786833303.400,12.9450,1.2575,16.2783,84.88
2026-08-15T15:35:13,1786833313.642,12.9388,1.3575,17.5644,84.82
2026-08-15T15:35:23,1786833323.833,12.9325,1.3337,17.2487,84.60
2026-08-15T15:35:34,1786833334.073,12.9363,1.3800,17.8520,84.60
2026-08-15T15:35:44,1786833344.400,12.9375,1.3213,17.0937,84.60
2026-08-15T15:35:54,1786833354.664,12.9413,1.4600,18.8942,84.60
2026-08-15T15:36:05,1786833365.128,12.9375,1.3288,17.1907,84.60
2026-08-15T15:36:15,1786833375.346,12.9425,1.2612,16.3237,84.60
2026-08-15T15:36:25,1786833385.663,12.9313,1.4863,19.2191,84.60
2026-08-15T15:36:35,1786833395.931,12.9363,1.2725,16.4614,84.55
2026-08-15T15:36:46,1786833406.344,12.9375,1.2963,16.7702,84.55
2026-08-15T15:36:56,1786833416.643,12.9288,1.4375,18.5851,84.53
2026-08-15T15:37:06,1786833426.839,12.9388,1.4038,18.1628,84.49
2026-08-15T15:37:17,1786833437.216,12.9400,1.2800,16.5632,84.49
2026-08-15T15:37:27,1786833447.539,12.9363,1.3887,17.9652,84.49
2026-08-15T15:37:37,1786833457.885,12.9162,1.4863,19.1968,84.31
2026-08-15T15:37:48,1786833468.161,12.9262,1.3488,17.4343,84.28
2026-08-15T15:37:58,1786833478.322,12.9375,1.2788,16.5438,84.21
2026-08-15T15:38:08,1786833488.575,12.9350,1.3775,17.8180,84.16
2026-08-15T15:38:18,1786833498.847,12.9300,1.3200,17.0676,84.16
2026-08-15T15:38:29,1786833509.027,12.9325,1.3525,17.4912,84.16
2026-08-15T15:38:39,1786833519.406,12.9350,1.3500,17.4623,84.08
2026-08-15T15:38:49,1786833529.677,12.9350,1.3100,16.9449,84.08
2026-08-15T15:38:59,1786833539.975,12.9325,1.3538,17.5074,84.05
2026-08-15T15:39:10,1786833550.485,12.9325,1.2550,16.2303,83.83
2026-08-15T15:39:20,1786833560.641,12.9337,1.3237,17.1211,83.83
2026-08-15T15:39:30,1786833570.920,12.9313,1.2888,16.6651,83.83
2026-08-15T15:39:41,1786833581.152,12.9350,1.3800,17.8503,83.73
2026-08-15T15:39:51,1786833591.442,12.9275,1.4087,18.2116,83.73
2026-08-15T15:40:01,1786833601.707,12.9313,1.3125,16.9723,83.73
2026-08-15T15:40:12,1786833612.065,12.9288,1.4925,19.2962,83.73
2026-08-15T15:40:22,1786833622.282,12.9325,1.2850,16.6183,83.73
2026-08-15T15:40:32,1786833632.503,12.9375,1.2663,16.3821,83.73
2026-08-15T15:40:42,1786833642.732,12.9213,1.4863,19.2042,83.73
2026-08-15T15:40:52,1786833652.972,12.9337,1.3200,17.0726,83.65
2026-08-15T15:41:03,1786833663.198,12.9313,1.2900,16.6813,83.65
2026-08-15T15:41:13,1786833673.531,12.9200,1.4238,18.3949,83.65
2026-08-15T15:41:24,1786833684.024,12.9250,1.3375,17.2872,83.65
2026-08-15T15:41:34,1786833694.340,12.9213,1.3725,17.7344,83.65
2026-08-15T15:41:44,1786833704.697,12.9200,1.3813,17.8458,83.57
2026-08-15T15:41:54,1786833714.923,12.9275,1.4138,18.2763,83.55
2026-08-15T15:42:05,1786833725.235,12.9225,1.3875,17.9300,83.55
2026-08-15T15:42:15,1786833735.508,12.9238,1.3650,17.6409,83.55
2026-08-15T15:42:25,1786833745.804,12.9213,1.4588,18.8489,83.55
2026-08-15T15:42:36,1786833756.059,12.9275,1.4312,18.5025,83.55
2026-08-15T15:42:46,1786833766.371,12.9225,1.3838,17.8815,83.55
2026-08-15T15:42:56,1786833776.595,12.9238,1.3288,17.1724,83.23
2026-08-15T15:43:06,1786833786.799,12.9250,1.2950,16.7379,83.23
2026-08-15T15:43:17,1786833797.176,12.9188,1.4550,18.7968,83.23
2026-08-15T15:43:27,1786833807.423,12.9225,1.3713,17.7200,83.23
2026-08-15T15:43:37,1786833817.799,12.9275,1.2950,16.7411,83.23
2026-08-15T15:43:48,1786833828.118,12.9213,1.2900,16.6684,83.23
2026-08-15T15:43:58,1786833838.373,12.9238,1.2538,16.2032,83.06
2026-08-15T15:44:08,1786833848.743,12.9250,1.2888,16.6571,83.06
2026-08-15T15:44:19,1786833859.046,12.9262,1.3850,17.9029,83.06
2026-08-15T15:44:29,1786833869.383,12.9213,1.3337,17.2337,83.06
2026-08-15T15:44:39,1786833879.638,12.9238,1.3650,17.6409,83.06
2026-08-15T15:44:49,1786833889.928,12.9250,1.2488,16.1401,83.06
2026-08-15T15:45:00,1786833900.156,12.9213,1.3500,17.4437,83.02
2026-08-15T15:45:10,1786833910.479,12.9250,1.2712,16.4309,82.99
2026-08-15T15:45:20,1786833920.956,12.9200,1.3713,17.7166,82.99
2026-08-15T15:45:31,1786833931.229,12.9138,1.4563,18.8056,82.99
2026-08-15T15:45:41,1786833941.500,12.9225,1.3575,17.5423,82.99
2026-08-15T15:45:51,1786833951.822,12.9238,1.3662,17.6571,82.97
2026-08-15T15:46:02,1786833962.209,12.9200,1.3113,16.9413,82.82
2026-08-15T15:46:12,1786833972.538,12.9188,1.4075,18.1831,82.82
2026-08-15T15:46:22,1786833982.743,12.9162,1.3075,16.8880,82.82
2026-08-15T15:46:33,1786833993.041,12.9075,1.4063,18.1512,82.79
2026-08-15T15:46:43,1786834003.317,12.9238,1.2250,15.8316,82.66
2026-08-15T15:46:53,1786834013.667,12.9138,1.3488,17.4174,82.66
2026-08-15T15:47:03,1786834023.980,12.9138,1.3762,17.7725,82.66
2026-08-15T15:47:14,1786834034.368,12.9200,1.3337,17.2321,82.61
2026-08-15T15:47:24,1786834044.600,12.9188,1.3137,16.9720,82.49
2026-08-15T15:47:34,1786834054.989,12.9138,1.3638,17.6111,82.49
2026-08-15T15:47:45,1786834065.300,12.9200,1.2638,16.3277,82.49
2026-08-15T15:47:55,1786834075.604,12.9125,1.3137,16.9638,82.49
2026-08-15T15:48:05,1786834085.983,12.9188,1.3013,16.8105,82.49
2026-08-15T15:48:16,1786834096.330,12.9162,1.3337,17.2270,82.46
2026-08-15T15:48:26,1786834106.675,12.9175,1.2925,16.6959,82.45
2026-08-15T15:48:36,1786834116.963,12.9138,1.3963,18.0308,82.45
2026-08-15T15:48:47,1786834127.230,12.9150,1.3450,17.3707,82.40
2026-08-15T15:48:57,1786834137.648,12.9175,1.3337,17.2287,82.40
2026-08-15T15:49:07,1786834147.935,12.9175,1.3025,16.8250,82.40
2026-08-15T15:49:18,1786834158.403,12.9100,1.3838,17.8642,82.40
2026-08-15T15:49:28,1786834168.678,12.9100,1.4663,18.9293,82.34
2026-08-15T15:49:38,1786834178.948,12.9062,1.3875,17.9074,82.34
2026-08-15T15:49:49,1786834189.386,12.9038,1.5150,19.5492,82.24
2026-08-15T15:49:59,1786834199.600,12.9162,1.3950,18.0182,82.19
2026-08-15T15:50:09,1786834209.945,12.9213,1.3213,17.0722,82.19
2026-08-15T15:50:20,1786834220.285,12.9113,1.3000,16.7846,82.19
2026-08-15T15:50:30,1786834230.606,12.9188,1.2625,16.3099,82.19
2026-08-15T15:50:40,1786834240.904,12.9162,1.3288,17.1625,82.19
2026-08-15T15:50:51,1786834251.189,12.9150,1.3275,17.1447,82.13
2026-08-15T15:51:01,1786834261.547,12.9087,1.3488,17.4107,82.13
2026-08-15T15:51:11,1786834271.874,12.9100,1.3625,17.5899,82.09
2026-08-15T15:51:22,1786834282.161,12.9025,1.3675,17.6442,81.91
2026-08-15T15:51:32,1786834292.365,12.9138,1.3075,16.8847,81.91
2026-08-15T15:51:42,1786834302.595,12.9162,1.3762,17.7760,81.91
2026-08-15T15:51:53,1786834313.026,12.9138,1.3288,17.1591,81.91
2026-08-15T15:52:03,1786834323.362,12.9100,1.2963,16.7346,81.91
2026-08-15T15:52:13,1786834333.603,12.9038,1.4663,18.9201,81.91
2026-08-15T15:52:24,1786834344.007,12.9038,1.3550,17.4846,81.91
2026-08-15T15:52:34,1786834354.291,12.9075,1.3388,17.2799,81.91
2026-08-15T15:52:44,1786834364.571,12.9062,1.3263,17.1169,81.91
2026-08-15T15:52:54,1786834374.884,12.9013,1.4425,18.6101,81.91
2026-08-15T15:53:05,1786834385.089,12.9087,1.3137,16.9589,81.77
2026-08-15T15:53:15,1786834395.360,12.9125,1.3688,17.6740,81.77
2026-08-15T15:53:25,1786834405.647,12.9075,1.3713,17.6994,81.77
2026-08-15T15:53:35,1786834415.935,12.9113,1.2725,16.4296,81.77
2026-08-15T15:53:46,1786834426.284,12.9113,1.2812,16.5425,81.77
2026-08-15T15:53:56,1786834436.786,12.9025,1.3688,17.6603,81.65
2026-08-15T15:54:07,1786834447.132,12.9113,1.3300,17.1720,81.59
2026-08-15T15:54:17,1786834457.463,12.9087,1.4113,18.2175,81.59
2026-08-15T15:54:27,1786834467.703,12.9125,1.3300,17.1736,81.59
2026-08-15T15:54:37,1786834477.983,12.9100,1.2588,16.2505,81.59
2026-08-15T15:54:48,1786834488.320,12.9013,1.4825,19.1261,81.59
2026-08-15T15:54:58,1786834498.581,12.9062,1.3513,17.4396,81.59
2026-08-15T15:55:08,1786834508.905,12.9087,1.3987,18.0561,81.59
2026-08-15T15:55:19,1786834519.114,12.9087,1.3638,17.6043,81.59
2026-08-15T15:55:29,1786834529.342,12.9038,1.4525,18.7427,81.59
2026-08-15T15:55:39,1786834539.590,12.9062,1.3950,18.0042,81.59
2026-08-15T15:55:49,1786834549.910,12.9038,1.3438,17.3394,81.59
2026-08-15T15:56:00,1786834560.379,12.9075,1.3538,17.4735,81.59
2026-08-15T15:56:10,1786834570.771,12.9075,1.3375,17.2638,81.59
2026-08-15T15:56:21,1786834581.175,12.9038,1.4013,18.0814,81.59
2026-08-15T15:56:31,1786834591.376,12.9062,1.3163,16.9879,81.58
2026-08-15T15:56:41,1786834601.655,12.9000,1.4863,19.1726,81.50
2026-08-15T15:56:51,1786834611.879,12.9075,1.3887,17.9253,81.50
2026-08-15T15:57:02,1786834622.125,12.9038,1.3388,17.2749,81.50
2026-08-15T15:57:12,1786834632.501,12.8775,1.7038,21.9400,81.47
2026-08-15T15:57:22,1786834642.732,12.9075,1.3862,17.8930,81.47
2026-08-15T15:57:33,1786834653.026,12.9062,1.4025,18.1010,81.45
2026-08-15T15:57:43,1786834663.296,12.9038,1.3375,17.2588,81.45
2026-08-15T15:57:53,1786834673.566,12.9038,1.3425,17.3233,81.41
2026-08-15T15:58:03,1786834683.774,12.9062,1.3588,17.5364,81.41
2026-08-15T15:58:14,1786834694.073,12.9013,1.3037,16.8200,81.41
2026-08-15T15:58:24,1786834704.501,12.9038,1.3513,17.4362,81.26
2026-08-15T15:58:34,1786834714.801,12.9025,1.3538,17.4668,81.26
2026-08-15T15:58:45,1786834725.022,12.9075,1.2963,16.7313,81.26
2026-08-15T15:58:55,1786834735.282,12.9062,1.3838,17.8590,81.26
2026-08-15T15:59:05,1786834745.605,12.9013,1.3600,17.5457,81.26
2026-08-15T15:59:15,1786834755.972,12.8987,1.3925,17.9615,81.26
2026-08-15T15:59:26,1786834766.268,12.8938,1.4600,18.8249,81.03
2026-08-15T15:59:36,1786834776.567,12.9000,1.4150,18.2535,81.03
2026-08-15T15:59:46,1786834786.827,12.9013,1.3425,17.3199,81.03
2026-08-15T15:59:57,1786834797.209,12.9000,1.4412,18.5921,81.03
2026-08-15T16:00:07,1786834807.574,12.9062,1.2988,16.7620,81.03
2026-08-15T16:00:17,1786834817.893,12.9050,1.3050,16.8410,81.03
2026-08-15T16:00:28,1786834828.227,12.9050,1.3813,17.8250,81.03
2026-08-15T16:00:38,1786834838.515,12.9013,1.4688,18.9487,81.03
2026-08-15T16:00:48,1786834848.875,12.8975,1.4575,18.7981,81.03
2026-08-15T16:00:59,1786834859.198,12.9013,1.4575,18.8036,81.03
2026-08-15T16:01:09,1786834869.515,12.9038,1.3263,17.1136,81.03
2026-08-15T16:01:19,1786834879.822,12.9025,1.3550,17.4829,81.03
2026-08-15T16:01:30,1786834890.139,12.9025,1.3438,17.3377,81.03
2026-08-15T16:01:40,1786834900.482,12.9013,1.3475,17.3844,80.99
2026-08-15T16:01:50,1786834910.772,12.8987,1.4000,18.0583,80.99
2026-08-15T16:02:01,1786834921.055,12.8850,1.6138,20.7932,80.99
2026-08-15T16:02:11,1786834931.282,12.8938,1.3300,17.1487,80.99
2026-08-15T16:02:21,1786834941.575,12.9038,1.2900,16.6458,80.99
2026-08-15T16:02:31,1786834951.821,12.8863,1.5425,19.8770,80.99
2026-08-15T16:02:42,1786834962.035,12.8987,1.3237,17.0747,80.99
2026-08-15T16:02:52,1786834972.329,12.9013,1.3337,17.2070,80.99
2026-08-15T16:03:02,1786834982.599,12.9000,1.3125,16.9313,80.99
2026-08-15T16:03:12,1786834992.972,12.8925,1.3825,17.8239,80.92
2026-08-15T16:03:23,1786835003.287,12.8912,1.4613,18.8373,80.85
2026-08-15T16:03:33,1786835013.685,12.8987,1.3475,17.3811,80.80
2026-08-15T16:03:44,1786835024.020,12.8963,1.3237,17.0714,80.68
2026-08-15T16:03:54,1786835034.412,12.8912,1.4638,18.8696,80.68
2026-08-15T16:04:04,1786835044.730,12.8987,1.3550,17.4778,80.68
2026-08-15T16:04:15,1786835055.062,12.9000,1.3450,17.3505,80.68
2026-08-15T16:04:25,1786835065.370,12.9013,1.3738,17.7231,80.68
2026-08-15T16:04:35,1786835075.713,12.9000,1.3400,17.2860,80.68
2026-08-15T16:04:46,1786835086.027,12.8912,1.3775,17.7577,80.68
2026-08-15T16:04:56,1786835096.382,12.9013,1.3037,16.8200,80.68
2026-08-15T16:05:06,1786835106.684,12.9000,1.3263,17.1086,80.68
2026-08-15T16:05:16,1786835116.963,12.8963,1.2875,16.6039,80.63
2026-08-15T16:05:27,1786835127.218,12.8938,1.3875,17.8901,80.63
2026-08-15T16:05:37,1786835137.423,12.9025,1.3488,17.4022,80.63
2026-08-15T16:05:47,1786835147.760,12.8963,1.4925,19.2477,80.54
2026-08-15T16:05:58,1786835158.084,12.9025,1.2925,16.6765,80.51
2026-08-15T16:06:08,1786835168.402,12.8912,1.3063,16.8392,80.51
2026-08-15T16:06:18,1786835178.727,12.8875,1.4450,18.6224,80.51
2026-08-15T16:06:29,1786835189.061,12.8938,1.4275,18.4058,80.51
2026-08-15T16:06:39,1786835199.300,12.8912,1.3588,17.5160,80.51
2026-08-15T16:06:49,1786835209.630,12.8912,1.3013,16.7747,80.51
2026-08-15T16:06:59,1786835219.848,12.8987,1.3088,16.8812,80.51
2026-08-15T16:07:10,1786835230.227,12.8950,1.3750,17.7306,80.51
2026-08-15T16:07:20,1786835240.631,12.8800,1.5063,19.4005,80.51
2026-08-15T16:07:30,1786835250.982,12.8912,1.3838,17.8383,80.40
2026-08-15T16:07:41,1786835261.206,12.8950,1.3288,17.1342,80.40
2026-08-15T16:07:51,1786835271.400,12.8987,1.3850,17.8648,80.40
2026-08-15T16:08:01,1786835281.627,12.8950,1.3425,17.3115,80.40
2026-08-15T16:08:11,1786835291.895,12.8963,1.4125,18.2160,80.40
2026-08-15T16:08:22,1786835302.221,12.8925,1.3250,17.0826,80.40
2026-08-15T16:08:32,1786835312.498,12.8925,1.3738,17.7111,80.40
2026-08-15T16:08:42,1786835322.691,12.8950,1.3500,17.4082,80.40
2026-08-15T16:08:52,1786835332.996,12.9000,1.3800,17.8020,80.40
2026-08-15T16:09:03,1786835343.289,12.8950,1.3063,16.8441,80.19
2026-08-15T16:09:13,1786835353.599,12.8975,1.2825,16.5410,80.19
2026-08-15T16:09:23,1786835363.880,12.9013,1.2875,16.6104,80.19
2026-08-15T16:09:34,1786835374.290,12.8938,1.3650,17.6000,80.19
2026-08-15T16:09:44,1786835384.575,12.8900,1.3513,17.4176,80.19
2026-08-15T16:09:54,1786835394.838,12.8987,1.3462,17.3649,80.19
2026-08-15T16:10:05,1786835405.124,12.8875,1.3325,17.1726,80.19
2026-08-15T16:10:15,1786835415.281,12.8887,1.3050,16.8198,80.19
2026-08-15T16:10:25,1786835425.556,12.8938,1.3113,16.9069,80.19
2026-08-15T16:10:35,1786835435.749,12.8938,1.3150,16.9553,80.19
2026-08-15T16:10:46,1786835446.072,12.8938,1.3100,16.8908,80.19
2026-08-15T16:10:56,1786835456.372,12.8925,1.3462,17.3565,80.19
2026-08-15T16:11:06,1786835466.529,12.8900,1.4463,18.6422,80.05
2026-08-15T16:11:16,1786835476.920,12.8887,1.4000,18.0443,79.97
2026-08-15T16:11:27,1786835487.147,12.8900,1.2563,16.1931,79.97
2026-08-15T16:11:37,1786835497.399,12.8950,1.2988,16.7474,79.92
2026-08-15T16:11:47,1786835507.695,12.8900,1.4200,18.3038,79.92
2026-08-15T16:11:58,1786835518.080,12.8938,1.3200,17.0198,79.92
2026-08-15T16:12:08,1786835528.412,12.8950,1.2738,16.4250,79.92
2026-08-15T16:12:18,1786835538.782,12.8975,1.2913,16.6539,79.92
2026-08-15T16:12:29,1786835549.064,12.8887,1.4213,18.3181,79.92
2026-08-15T16:12:39,1786835559.343,12.8800,1.4700,18.9336,79.92
2026-08-15T16:12:49,1786835569.734,12.8925,1.3375,17.2437,79.92
2026-08-15T16:13:00,1786835580.035,12.8887,1.3875,17.8831,79.92
2026-08-15T16:13:10,1786835590.308,12.8763,1.4925,19.2178,79.91
2026-08-15T16:13:20,1786835600.720,12.8863,1.3488,17.3803,79.74
2026-08-15T16:13:31,1786835611.033,12.8925,1.3838,17.8400,79.74
2026-08-15T16:13:41,1786835621.243,12.8875,1.3613,17.5431,79.74
2026-08-15T16:13:51,1786835631.537,12.8887,1.3288,17.1259,79.74
2026-08-15T16:14:01,1786835641.785,12.8925,1.2663,16.3251,79.74
2026-08-15T16:14:12,1786835652.083,12.8912,1.3337,17.1937,79.74
2026-08-15T16:14:22,1786835662.346,12.8887,1.3400,17.2709,79.74
2026-08-15T16:14:32,1786835672.603,12.8875,1.3625,17.5592,79.74
2026-08-15T16:14:42,1786835682.923,12.8887,1.3350,17.2065,79.74
2026-08-15T16:14:53,1786835693.187,12.8925,1.4850,19.1454,79.74
2026-08-15T16:15:03,1786835703.528,12.8863,1.3188,16.9937,79.72
2026-08-15T16:15:13,1786835713.812,12.8863,1.3000,16.7521,79.67
2026-08-15T16:15:23,1786835723.999,12.8863,1.4512,18.7012,79.66
2026-08-15T16:15:34,1786835734.230,12.8938,1.3388,17.2615,79.66
2026-08-15T16:15:44,1786835744.578,12.8875,1.3150,16.9471,79.66
2026-08-15T16:15:54,1786835754.796,12.8863,1.4063,18.1213,79.57
2026-08-15T16:16:05,1786835765.213,12.8875,1.3788,17.7686,79.57
2026-08-15T16:16:15,1786835775.400,12.8900,1.3000,16.7570,79.57
2026-08-15T16:16:25,1786835785.634,12.8800,1.4950,19.2556,79.53
2026-08-15T16:16:35,1786835795.886,12.8812,1.4512,18.6939,79.49
2026-08-15T16:16:46,1786835806.118,12.8887,1.3438,17.3193,79.49
2026-08-15T16:16:56,1786835816.397,12.8863,1.4075,18.1374,79.49
2026-08-15T16:17:06,1786835826.826,12.8838,1.4275,18.3916,79.49
2026-08-15T16:17:17,1786835837.215,12.8812,1.4688,18.9193,79.49
2026-08-15T16:17:27,1786835847.563,12.8838,1.3825,17.8118,79.39
2026-08-15T16:17:37,1786835857.828,12.8887,1.3375,17.2387,79.39
2026-08-15T16:17:48,1786835868.062,12.8850,1.4675,18.9087,79.39
2026-08-15T16:17:58,1786835878.406,12.8850,1.3100,16.8793,79.39
2026-08-15T16:18:08,1786835888.706,12.8863,1.3113,16.8971,79.39
2026-08-15T16:18:18,1786835898.975,12.8900,1.3100,16.8859,79.39
2026-08-15T16:18:29,1786835909.391,12.8675,1.6912,21.7622,79.39
2026-08-15T16:18:39,1786835919.776,12.8712,1.4213,18.2933,79.29
2026-08-15T16:18:50,1786835930.045,12.8887,1.3562,17.4804,79.29
2026-08-15T16:19:00,1786835940.421,12.8788,1.4825,19.0927,79.29
2026-08-15T16:19:10,1786835950.739,12.8838,1.2700,16.3624,79.29
2026-08-15T16:19:21,1786835961.022,12.8825,1.3475,17.3592,79.29
2026-08-15T16:19:31,1786835971.279,12.8875,1.3250,17.0759,79.29
2026-08-15T16:19:41,1786835981.531,12.8887,1.2775,16.4654,79.23
2026-08-15T16:19:51,1786835991.751,12.8825,1.3288,17.1176,79.23
2026-08-15T16:20:02,1786836002.023,12.8812,1.4163,18.2431,79.23
2026-08-15T16:20:12,1786836012.247,12.8875,1.2300,15.8516,79.23
2026-08-15T16:20:22,1786836022.569,12.8725,1.4488,18.6490,79.23
2026-08-15T16:20:32,1786836032.944,12.8825,1.3400,17.2626,79.23
2026-08-15T16:20:43,1786836043.236,12.8875,1.2525,16.1416,79.11
2026-08-15T16:20:53,1786836053.549,12.8850,1.2775,16.4606,79.11
2026-08-15T16:21:03,1786836063.781,12.8825,1.3025,16.7795,79.11
2026-08-15T16:21:13,1786836073.975,12.8850,1.3275,17.1048,79.05
2026-08-15T16:21:24,1786836084.275,12.8800,1.3875,17.8710,79.05
2026-08-15T16:21:34,1786836094.529,12.8788,1.3713,17.6600,79.05
2026-08-15T16:21:44,1786836104.778,12.8788,1.3575,17.4829,78.94
2026-08-15T16:21:54,1786836114.996,12.8788,1.3488,17.3702,78.94
2026-08-15T16:22:05,1786836125.338,12.8788,1.3375,17.2253,78.94
2026-08-15T16:22:15,1786836135.565,12.8812,1.3938,17.9532,78.94
2026-08-15T16:22:25,1786836145.773,12.8838,1.3488,17.3770,78.94
2026-08-15T16:22:36,1786836156.109,12.8812,1.4225,18.3236,78.94
2026-08-15T16:22:46,1786836166.366,12.8812,1.2825,16.5202,78.94
2026-08-15T16:22:56,1786836176.619,12.8838,1.3100,16.8777,78.94
2026-08-15T16:23:07,1786836187.084,12.8838,1.3538,17.4414,78.94
2026-08-15T16:23:17,1786836197.329,12.8675,1.4500,18.6579,78.94
2026-08-15T16:23:27,1786836207.431,12.8800,1.3488,17.3719,78.86
2026-08-15T16:23:37,1786836217.812,12.8800,1.3700,17.6456,78.86
2026-08-15T16:23:48,1786836228.064,12.8750,1.3600,17.5100,78.86
2026-08-15T16:23:58,1786836238.358,12.8838,1.3137,16.9260,78.65
2026-08-15T16:24:08,1786836248.717,12.8788,1.3300,17.1287,78.65
2026-08-15T16:24:18,1786836258.996,12.8775,1.3150,16.9339,78.65
2026-08-15T16:24:29,1786836269.312,12.8738,1.2963,16.6876,78.65
2026-08-15T16:24:39,1786836279.625,12.8812,1.3313,17.1482,78.65
2026-08-15T16:24:49,1786836289.964,12.8775,1.3625,17.5456,78.65
2026-08-15T16:25:00,1786836300.202,12.8812,1.2800,16.4880,78.65
2026-08-15T16:25:10,1786836310.504,12.8850,1.4025,18.0712,78.65
2026-08-15T16:25:20,1786836320.908,12.8788,1.4475,18.6420,78.65
2026-08-15T16:25:31,1786836331.291,12.8775,1.4138,18.2056,78.57
2026-08-15T16:25:41,1786836341.538,12.8863,1.2363,15.9306,78.57
2026-08-15T16:25:51,1786836351.917,12.8812,1.3500,17.3897,78.57
2026-08-15T16:26:02,1786836362.132,12.8775,1.4187,18.2700,78.57
2026-08-15T16:26:12,1786836372.443,12.8812,1.3375,17.2287,78.57
2026-08-15T16:26:22,1786836382.723,12.8738,1.3662,17.5888,78.57
2026-08-15T16:26:32,1786836392.919,12.8800,1.3425,17.2914,78.57
2026-08-15T16:26:43,1786836403.272,12.8738,1.3337,17.1704,78.57
2026-08-15T16:26:53,1786836413.541,12.8725,1.4038,18.0698,78.57
2026-08-15T16:27:03,1786836423.769,12.8738,1.3725,17.6692,78.57
2026-08-15T16:27:13,1786836433.980,12.8825,1.3113,16.8922,78.57
2026-08-15T16:27:24,1786836444.244,12.8750,1.3550,17.4456,78.57
2026-08-15T16:27:34,1786836454.465,12.8800,1.2825,16.5186,78.57
2026-08-15T16:27:44,1786836464.764,12.8738,1.3475,17.3474,78.57
2026-08-15T16:27:55,1786836475.184,12.8800,1.3063,16.8245,78.57
2026-08-15T16:28:05,1786836485.416,12.8675,1.5000,19.3012,78.57
2026-08-15T16:28:15,1786836495.700,12.8763,1.3438,17.3025,78.54
2026-08-15T16:28:25,1786836505.972,12.8788,1.3200,17.0000,78.54
2026-08-15T16:28:36,1786836516.230,12.8738,1.3562,17.4600,78.54
2026-08-15T16:28:46,1786836526.496,12.8775,1.3925,17.9319,78.54
2026-08-15T16:28:56,1786836536.764,12.8775,1.3388,17.2398,78.49
2026-08-15T16:29:07,1786836547.043,12.8775,1.3300,17.1271,78.49
2026-08-15T16:29:17,1786836557.316,12.8775,1.2337,15.8876,78.49
2026-08-15T16:29:27,1786836567.681,12.8738,1.4250,18.3451,78.49
2026-08-15T16:29:37,1786836577.930,12.8800,1.3125,16.9050,78.49
2026-08-15T16:29:48,1786836588.185,12.8763,1.3237,17.0449,78.49
2026-08-15T16:29:58,1786836598.446,12.8825,1.2663,16.3125,78.49
2026-08-15T16:30:08,1786836608.665,12.8775,1.3288,17.1110,78.49
2026-08-15T16:30:19,1786836619.044,12.8750,1.3488,17.3652,78.48
2026-08-15T16:30:29,1786836629.364,12.8812,1.3750,17.7117,78.46
2026-08-15T16:30:39,1786836639.778,12.8788,1.3013,16.7585,78.46
2026-08-15T16:30:50,1786836650.202,12.8788,1.2738,16.4043,78.40
2026-08-15T16:31:00,1786836660.496,12.8750,1.3738,17.6870,78.40
2026-08-15T16:31:10,1786836670.893,12.8788,1.4000,18.0303,78.40
2026-08-15T16:31:21,1786836681.222,12.8712,1.3662,17.5853,78.40
2026-08-15T16:31:31,1786836691.498,12.8812,1.2763,16.4397,78.40
2026-08-15T16:31:41,1786836701.794,12.8725,1.3838,17.8123,78.40
2026-08-15T16:31:52,1786836712.032,12.8775,1.2888,16.5959,78.36
2026-08-15T16:32:02,1786836722.421,12.8625,1.5212,19.5671,78.36
2026-08-15T16:32:12,1786836732.690,12.8763,1.3337,17.1737,78.36
2026-08-15T16:32:23,1786836743.043,12.8663,1.3237,17.0317,78.19
2026-08-15T16:32:33,1786836753.379,12.8763,1.3550,17.4473,78.18
2026-08-15T16:32:43,1786836763.735,12.8800,1.2763,16.4381,78.18
2026-08-15T16:32:54,1786836774.003,12.8637,1.4588,18.7650,78.18
2026-08-15T16:33:04,1786836784.278,12.8763,1.4400,18.5418,78.18
2026-08-15T16:33:14,1786836794.535,12.8800,1.3513,17.4041,78.18
2026-08-15T16:33:24,1786836804.747,12.8650,1.4400,18.5256,78.18
2026-08-15T16:33:35,1786836815.058,12.8763,1.3813,17.7853,78.18
2026-08-15T16:33:45,1786836825.525,12.8725,1.3438,17.2974,78.18
2026-08-15T16:33:55,1786836835.851,12.8738,1.3025,16.7681,78.18
2026-08-15T16:34:06,1786836846.142,12.8712,1.4563,18.7438,78.18
2026-08-15T16:34:16,1786836856.424,12.8725,1.3450,17.3135,78.18
2026-08-15T16:34:26,1786836866.650,12.8775,1.3662,17.5939,78.18
2026-08-15T16:34:36,1786836876.950,12.8650,1.4063,18.0914,78.04
2026-08-15T16:34:47,1786836887.247,12.8763,1.3375,17.2220,78.04
2026-08-15T16:34:57,1786836897.567,12.8725,1.2900,16.6055,78.04
2026-08-15T16:35:07,1786836907.881,12.8663,1.3538,17.4177,77.96
2026-08-15T16:35:18,1786836918.151,12.8700,1.2863,16.5540,77.96
2026-08-15T16:35:28,1786836928.501,12.8700,1.3013,16.7471,77.96
2026-08-15T16:35:38,1786836938.877,12.8712,1.3700,17.6336,77.90
2026-08-15T16:35:49,1786836949.163,12.8688,1.3050,16.7937,77.90
2026-08-15T16:35:59,1786836959.390,12.8712,1.3125,16.8935,77.90
2026-08-15T16:36:09,1786836969.606,12.8750,1.2525,16.1259,77.79
2026-08-15T16:36:19,1786836979.996,12.8738,1.2938,16.6554,77.79
2026-08-15T16:36:30,1786836990.254,12.8637,1.3513,17.3821,77.79
2026-08-15T16:36:40,1786837000.761,12.8700,1.3313,17.1332,77.79
2026-08-15T16:36:50,1786837010.934,12.8763,1.3800,17.7692,77.79
2026-08-15T16:37:01,1786837021.262,12.8613,1.4425,18.5524,77.79
2026-08-15T16:37:11,1786837031.498,12.8763,1.2988,16.7230,77.77
2026-08-15T16:37:21,1786837041.919,12.8637,1.3363,17.1892,77.77
2026-08-15T16:37:32,1786837052.232,12.8663,1.4913,19.1868,77.75
2026-08-15T16:37:42,1786837062.481,12.8637,1.2838,16.5138,77.75
2026-08-15T16:37:52,1786837072.830,12.8738,1.3288,17.1060,77.73
2026-08-15T16:38:03,1786837083.167,12.8712,1.3088,16.8452,77.73
2026-08-15T16:38:13,1786837093.504,12.8425,1.6300,20.9333,77.71
2026-08-15T16:38:23,1786837103.832,12.8675,1.3375,17.2103,77.55
2026-08-15T16:38:34,1786837114.133,12.8738,1.2825,16.5106,77.55
2026-08-15T16:38:44,1786837124.565,12.8588,1.4150,18.1951,77.55
2026-08-15T16:38:55,1786837135.020,12.8663,1.3575,17.4659,77.55
2026-08-15T16:39:05,1786837145.258,12.8625,1.3838,17.7985,77.55
2026-08-15T16:39:15,1786837155.572,12.8637,1.2975,16.6907,77.55
2026-08-15T16:39:25,1786837165.899,12.8625,1.3088,16.8338,77.37
2026-08-15T16:39:36,1786837176.206,12.8663,1.4087,18.1253,77.37
2026-08-15T16:39:46,1786837186.502,12.8600,1.4250,18.3255,77.37
2026-08-15T16:39:56,1786837196.856,12.8637,1.3800,17.7520,77.37
2026-08-15T16:40:07,1786837207.309,12.8637,1.3388,17.2213,77.37
2026-08-15T16:40:17,1786837217.652,12.8613,1.4512,18.6649,77.37
2026-08-15T16:40:28,1786837228.006,12.8650,1.3750,17.6894,77.28
2026-08-15T16:40:38,1786837238.271,12.8688,1.3075,16.8259,77.28
2026-08-15T16:40:48,1786837248.443,12.8600,1.2838,16.5090,77.28
2026-08-15T16:40:58,1786837258.805,12.8688,1.3250,17.0511,77.19
2026-08-15T16:41:09,1786837269.119,12.8688,1.3825,17.7910,77.19
2026-08-15T16:41:19,1786837279.413,12.8625,1.3987,17.9914,77.19
2026-08-15T16:41:29,1786837289.666,12.8588,1.3488,17.3432,77.19
2026-08-15T16:41:39,1786837299.980,12.8663,1.3588,17.4820,77.19
2026-08-15T16:41:50,1786837310.296,12.8537,1.6088,20.6785,77.19
2026-08-15T16:42:00,1786837320.770,12.8663,1.3075,16.8226,77.19
2026-08-15T16:42:11,1786837331.068,12.8650,1.3400,17.2391,77.19
2026-08-15T16:42:21,1786837341.306,12.8663,1.3000,16.7261,77.19
2026-08-15T16:42:31,1786837351.603,12.8650,1.3313,17.1265,77.19
2026-08-15T16:42:41,1786837361.963,12.8588,1.3950,17.9380,77.19
2026-08-15T16:42:52,1786837372.232,12.8650,1.3125,16.8853,77.19
2026-08-15T16:43:02,1786837382.548,12.8325,1.6900,21.6869,77.15
2026-08-15T16:43:12,1786837392.835,12.8663,1.2975,16.6940,77.15
2026-08-15T16:43:23,1786837403.087,12.8637,1.3725,17.6555,77.15
2026-08-15T16:43:33,1786837413.339,12.8637,1.2975,16.6907,77.15
2026-08-15T16:43:43,1786837423.649,12.8613,1.3237,17.0251,77.06
2026-08-15T16:43:53,1786837433.979,12.8663,1.3150,16.9191,77.06
2026-08-15T16:44:04,1786837444.374,12.8575,1.2938,16.6344,77.03
2026-08-15T16:44:14,1786837454.731,12.8600,1.3075,16.8145,76.66
2026-08-15T16:44:25,1786837465.033,12.8575,1.4087,18.1130,76.66
2026-08-15T16:44:35,1786837475.285,12.8563,1.3538,17.4041,76.66
2026-08-15T16:44:45,1786837485.601,12.8613,1.3163,16.9286,76.66
2026-08-15T16:44:55,1786837495.932,12.8600,1.2950,16.6537,76.66
2026-08-15T16:45:06,1786837506.183,12.8575,1.5075,19.3827,76.66
2026-08-15T16:45:16,1786837516.473,12.8625,1.3300,17.1071,76.66
2026-08-15T16:45:26,1786837526.748,12.8650,1.3987,17.9949,76.66
2026-08-15T16:45:37,1786837537.101,12.8625,1.3650,17.5573,76.66
2026-08-15T16:45:47,1786837547.339,12.8613,1.3313,17.1215,76.66
2026-08-15T16:45:57,1786837557.629,12.8550,1.3900,17.8685,76.66
2026-08-15T16:46:07,1786837567.896,12.8613,1.3875,17.8450,76.66
2026-08-15T16:46:18,1786837578.117,12.8663,1.2800,16.4688,76.66
2026-08-15T16:46:28,1786837588.358,12.8563,1.3538,17.4041,76.66
2026-08-15T16:46:38,1786837598.729,12.8625,1.3500,17.3644,76.66
2026-08-15T16:46:48,1786837608.961,12.8600,1.3425,17.2645,76.66
2026-08-15T16:46:59,1786837619.188,12.8600,1.3300,17.1038,76.66
2026-08-15T16:47:09,1786837629.465,12.8588,1.3325,17.1343,76.66
2026-08-15T16:47:19,1786837639.800,12.8625,1.3263,17.0589,76.66
2026-08-15T16:47:30,1786837650.267,12.8525,1.3688,17.5919,76.66
2026-08-15T16:47:40,1786837660.596,12.8600,1.3588,17.4735,76.66
2026-08-15T16:47:50,1786837670.997,12.8475,1.3562,17.4244,76.66
2026-08-15T16:48:01,1786837681.309,12.8563,1.4175,18.2237,76.66
2026-08-15T16:48:11,1786837691.572,12.8513,1.5275,19.6303,76.66
2026-08-15T16:48:21,1786837701.784,12.8550,1.4200,18.2541,76.66
2026-08-15T16:48:32,1786837712.061,12.8575,1.4125,18.1612,76.66
2026-08-15T16:48:42,1786837722.412,12.8613,1.2925,16.6232,76.66
2026-08-15T16:48:52,1786837732.662,12.8500,1.4663,18.8413,76.66
2026-08-15T16:49:02,1786837742.967,12.8537,1.3313,17.1116,76.53
2026-08-15T16:49:13,1786837753.287,12.8563,1.3388,17.2113,76.46
2026-08-15T16:49:23,1786837763.583,12.8563,1.3813,17.7577,76.43
2026-08-15T16:49:33,1786837773.955,12.8513,1.3987,17.9757,76.43
2026-08-15T16:49:44,1786837784.275,12.8550,1.2938,16.6312,76.43
2026-08-15T16:49:54,1786837794.547,12.8588,1.3538,17.4075,76.43
2026-08-15T16:50:04,1786837804.846,12.8563,1.3938,17.9184,76.43
2026-08-15T16:50:15,1786837815.145,12.8588,1.2675,16.2985,76.43
2026-08-15T16:50:25,1786837825.518,12.8550,1.3150,16.9043,76.43
2026-08-15T16:50:35,1786837835.794,12.8488,1.3250,17.0246,76.33
2026-08-15T16:50:46,1786837846.029,12.8563,1.3237,17.0185,76.33
2026-08-15T16:50:56,1786837856.489,12.8513,1.3400,17.2207,76.33
2026-08-15T16:51:06,1786837866.865,12.8537,1.4388,18.4933,76.32
2026-08-15T16:51:17,1786837877.149,12.8588,1.3063,16.7967,76.32
2026-08-15T16:51:27,1786837887.431,12.8550,1.3438,17.2739,76.32
2026-08-15T16:51:37,1786837897.737,12.8513,1.2988,16.6906,76.28
2026-08-15T16:51:48,1786837908.064,12.8550,1.4150,18.1898,76.28
2026-08-15T16:51:58,1786837918.341,12.8563,1.3113,16.8578,76.28
2026-08-15T16:52:08,1786837928.698,12.8287,1.5525,19.9166,76.17
2026-08-15T16:52:19,1786837939.067,12.8475,1.4138,18.1632,76.13
2026-08-15T16:52:29,1786837949.424,12.8550,1.3400,17.2257,76.13
2026-08-15T16:52:39,1786837959.696,12.8362,1.4663,18.8212,76.07
2026-08-15T16:52:49,1786837969.927,12.8525,1.3975,17.9614,76.07
2026-08-15T16:53:00,1786837980.232,12.8563,1.3100,16.8417,76.07
2026-08-15T16:53:10,1786837990.586,12.8550,1.3137,16.8883,76.07
2026-08-15T16:53:20,1786838000.929,12.8525,1.3037,16.7564,76.07
2026-08-15T16:53:31,1786838011.148,12.8588,1.3063,16.7967,76.07
2026-08-15T16:53:41,1786838021.413,12.8488,1.4275,18.3416,76.07
2026-08-15T16:53:51,1786838031.672,12.8550,1.3775,17.7078,76.07
2026-08-15T16:54:02,1786838042.062,12.8513,1.3938,17.9114,76.07
2026-08-15T16:54:12,1786838052.382,12.8500,1.3713,17.6206,76.07
2026-08-15T16:54:22,1786838062.669,12.8525,1.3300,17.0938,76.07
2026-08-15T16:54:32,1786838072.932,12.8462,1.4438,18.5468,76.07
2026-08-15T16:54:43,1786838083.295,12.8462,1.3800,17.7278,76.05
2026-08-15T16:54:53,1786838093.584,12.8525,1.2925,16.6119,75.79
2026-08-15T16:55:03,1786838103.838,12.8462,1.2900,16.5717,75.79
2026-08-15T16:55:14,1786838114.071,12.8500,1.3562,17.4278,75.79
2026-08-15T16:55:24,1786838124.380,12.8537,1.2888,16.5653,75.79
2026-08-15T16:55:34,1786838134.665,12.8475,1.4025,18.0186,75.79
2026-08-15T16:55:44,1786838144.831,12.8513,1.2700,16.3211,75.79
2026-08-15T16:55:55,1786838155.145,12.8550,1.2988,16.6954,75.74
2026-08-15T16:56:05,1786838165.484,12.8475,1.3075,16.7981,75.74
2026-08-15T16:56:15,1786838175.694,12.8500,1.3788,17.7169,75.74
2026-08-15T16:56:25,1786838185.929,12.8513,1.2450,15.9998,75.73
2026-08-15T16:56:36,1786838196.230,12.8475,1.3725,17.6332,75.73
2026-08-15T16:56:46,1786838206.436,12.8513,1.3225,16.9958,75.73
2026-08-15T16:56:56,1786838216.712,12.8187,1.6338,20.9426,75.60
2026-08-15T16:57:06,1786838226.979,12.8488,1.3037,16.7516,75.60
2026-08-15T16:57:17,1786838237.214,12.8413,1.3813,17.7370,75.60
2026-08-15T16:57:27,1786838247.647,12.8362,1.5775,20.2492,75.60
2026-08-15T16:57:38,1786838258.011,12.8513,1.3200,16.9637,75.50
2026-08-15T16:57:48,1786838268.362,12.8438,1.4025,18.0134,75.50
2026-08-15T16:57:58,1786838278.675,12.8475,1.3662,17.5529,75.50
2026-08-15T16:58:08,1786838288.876,12.8500,1.3188,16.9459,75.50
2026-08-15T16:58:19,1786838299.199,12.8500,1.3488,17.3314,75.50
2026-08-15T16:58:29,1786838309.436,12.8513,1.2763,16.4014,75.50
2026-08-15T16:58:39,1786838319.725,12.8425,1.5000,19.2638,75.50
2026-08-15T16:58:50,1786838330.041,12.8488,1.2900,16.5749,75.49
2026-08-15T16:59:00,1786838340.582,12.8488,1.3337,17.1370,75.39
2026-08-15T16:59:10,1786838350.903,12.8500,1.2938,16.6247,75.27
2026-08-15T16:59:21,1786838361.195,12.8438,1.3638,17.5157,75.27
2026-08-15T16:59:31,1786838371.429,12.8475,1.3200,16.9587,75.27
2026-08-15T16:59:41,1786838381.645,12.8413,1.3363,17.1591,75.27
2026-08-15T16:59:52,1786838392.020,12.8475,1.4400,18.5004,75.27
2026-08-15T17:00:02,1786838402.427,12.8438,1.3488,17.3230,75.19
2026-08-15T17:00:12,1786838412.872,12.8413,1.4350,18.4272,74.90
2026-08-15T17:00:23,1786838423.137,12.8450,1.3100,16.8270,74.90
2026-08-15T17:00:33,1786838433.465,12.8438,1.3237,17.0019,74.90
2026-08-15T17:00:43,1786838443.750,12.8413,1.4750,18.9408,74.90
2026-08-15T17:00:54,1786838454.074,12.8450,1.3462,17.2926,74.90
2026-08-15T17:01:04,1786838464.327,12.8338,1.4438,18.5287,74.90
2026-08-15T17:01:14,1786838474.620,12.8388,1.3762,17.6693,74.89
2026-08-15T17:01:24,1786838484.874,12.8413,1.4450,18.5556,74.89
2026-08-15T17:01:35,1786838495.265,12.8425,1.3688,17.5782,74.89
2026-08-15T17:01:45,1786838505.569,12.8300,1.4563,18.6837,74.89
2026-08-15T17:01:55,1786838515.886,12.8475,1.3200,16.9587,74.86
2026-08-15T17:02:06,1786838526.185,12.8450,1.2650,16.2489,74.86
2026-08-15T17:02:16,1786838536.607,12.8400,1.3350,17.1414,74.83
2026-08-15T17:02:26,1786838546.966,12.8362,1.3575,17.4252,74.77
2026-08-15T17:02:37,1786838557.223,12.8400,1.3588,17.4464,74.77
2026-08-15T17:02:47,1786838567.418,12.8287,1.4087,18.0725,74.76
2026-08-15T17:02:57,1786838577.700,12.8425,1.3762,17.6745,74.52
2026-08-15T17:03:08,1786838588.035,12.8400,1.3350,17.1414,74.52
2026-08-15T17:03:18,1786838598.295,12.8413,1.3838,17.7691,74.52
2026-08-15T17:03:28,1786838608.611,12.8362,1.4688,18.8532,74.48
2026-08-15T17:03:38,1786838618.870,12.8400,1.3363,17.1575,74.48
2026-08-15T17:03:49,1786838629.139,12.8462,1.2925,16.6038,74.48
2026-08-15T17:03:59,1786838639.425,12.8413,1.2913,16.5813,74.48
2026-08-15T17:04:09,1786838649.721,12.8300,1.5175,19.4695,74.48
2026-08-15T17:04:20,1786838660.123,12.8350,1.3513,17.3433,74.48
2026-08-15T17:04:30,1786838670.477,12.8388,1.3350,17.1397,74.36
2026-08-15T17:04:40,1786838680.776,12.8388,1.3100,16.8188,74.36
2026-08-15T17:04:51,1786838691.005,12.8350,1.3150,16.8780,74.36
2026-08-15T17:05:01,1786838701.290,12.8388,1.3088,16.8027,74.36
2026-08-15T17:05:11,1786838711.527,12.8313,1.4338,18.3968,74.35
2026-08-15T17:05:21,1786838721.745,12.8388,1.3488,17.3163,74.32
2026-08-15T17:05:32,1786838732.020,12.8338,1.3400,17.1972,74.24
2026-08-15T17:05:42,1786838742.332,12.8362,1.3638,17.5054,74.23
2026-08-15T17:05:52,1786838752.817,12.8350,1.3488,17.3112,74.23
2026-08-15T17:06:03,1786838763.115,12.8375,1.3050,16.7529,73.80
2026-08-15T17:06:13,1786838773.449,12.8338,1.3713,17.5983,73.80
2026-08-15T17:06:23,1786838783.683,12.8450,1.3500,17.3408,73.80
2026-08-15T17:06:33,1786838793.997,12.8400,1.3013,16.7081,73.80
2026-08-15T17:06:44,1786838804.295,12.8300,1.4775,18.9563,73.80
2026-08-15T17:06:54,1786838814.598,12.8400,1.2863,16.5155,73.80
2026-08-15T17:07:04,1786838824.821,12.8325,1.3263,17.0191,73.80
2026-08-15T17:07:15,1786838835.151,12.8350,1.3225,16.9743,73.80
2026-08-15T17:07:25,1786838845.339,12.8375,1.3862,17.7960,73.80
2026-08-15T17:07:35,1786838855.642,12.8213,1.4000,17.9498,73.80
2026-08-15T17:07:46,1786838866.044,12.8338,1.3613,17.4699,73.80
2026-08-15T17:07:56,1786838876.372,12.8325,1.4288,18.3344,73.74
2026-08-15T17:08:06,1786838886.617,12.8362,1.3300,17.0722,73.70
2026-08-15T17:08:16,1786838896.867,12.8300,1.3200,16.9356,73.63
2026-08-15T17:08:27,1786838907.201,12.8375,1.2588,16.1592,73.63
2026-08-15T17:08:37,1786838917.391,12.8225,1.3975,17.9194,73.63
2026-08-15T17:08:47,1786838927.661,12.8313,1.3700,17.5788,73.56
2026-08-15T17:08:57,1786838937.934,12.8362,1.3600,17.4573,73.56
2026-08-15T17:09:08,1786838948.295,12.8325,1.4463,18.5590,73.56
2026-08-15T17:09:18,1786838958.581,12.8300,1.2738,16.3422,73.56
2026-08-15T17:09:28,1786838968.836,12.8388,1.2438,15.9682,73.50
2026-08-15T17:09:39,1786838979.093,12.8313,1.4175,18.1883,73.50
2026-08-15T17:09:49,1786838989.565,12.8225,1.3713,17.5829,73.39
2026-08-15T17:09:59,1786838999.820,12.8262,1.3075,16.7703,73.34
2026-08-15T17:10:10,1786839010.021,12.8287,1.3713,17.5914,73.33
2026-08-15T17:10:20,1786839020.438,12.8313,1.3900,17.8354,73.15
2026-08-15T17:10:30,1786839030.675,12.8338,1.2600,16.1705,73.15
2026-08-15T17:10:40,1786839040.963,12.8287,1.2812,16.4368,73.15
2026-08-15T17:10:51,1786839051.236,12.8338,1.3700,17.5822,73.15
2026-08-15T17:11:01,1786839061.491,12.8325,1.2863,16.5058,73.08
2026-08-15T17:11:11,1786839071.682,12.8362,1.2863,16.5106,73.08
2026-08-15T17:11:22,1786839082.023,12.8350,1.3450,17.2631,73.08
2026-08-15T17:11:32,1786839092.361,12.8250,1.3462,17.2657,73.08
2026-08-15T17:11:42,1786839102.625,12.8250,1.3488,17.2977,72.96
2026-08-15T17:11:52,1786839112.967,12.8287,1.4338,18.3932,72.96
2026-08-15T17:12:03,1786839123.231,12.8275,1.3438,17.2370,72.96
2026-08-15T17:12:13,1786839133.539,12.8287,1.2663,16.2444,72.96
2026-08-15T17:12:23,1786839143.784,12.8275,1.4963,19.1931,72.82
2026-08-15T17:12:34,1786839154.008,12.8300,1.3300,17.0639,72.82
2026-08-15T17:12:44,1786839164.359,12.8225,1.4550,18.6567,72.82
2026-08-15T17:12:54,1786839174.611,12.7963,1.6850,21.5617,72.59
2026-08-15T17:13:04,1786839184.840,12.8275,1.3000,16.6758,72.59
2026-08-15T17:13:15,1786839195.049,12.8262,1.5212,19.5119,72.59
2026-08-15T17:13:25,1786839205.262,12.8163,1.5363,19.6890,72.59
2026-08-15T17:13:35,1786839215.617,12.8250,1.3550,17.3779,72.48
2026-08-15T17:13:45,1786839225.805,12.8175,1.5088,19.3384,72.48
2026-08-15T17:13:56,1786839236.064,12.8225,1.3025,16.7013,72.48
2026-08-15T17:14:06,1786839246.325,12.8238,1.3388,17.1678,72.48
2026-08-15T17:14:16,1786839256.673,12.8187,1.4575,18.6833,72.48
2026-08-15T17:14:26,1786839266.968,12.8200,1.3975,17.9159,72.48
2026-08-15T17:14:37,1786839277.237,12.8225,1.4225,18.2400,72.23
2026-08-15T17:14:47,1786839287.636,12.8225,1.4388,18.4484,72.23
2026-08-15T17:14:57,1786839297.974,12.8213,1.3600,17.4369,72.23
2026-08-15T17:15:08,1786839308.303,12.8225,1.3013,16.6853,72.23
2026-08-15T17:15:18,1786839318.601,12.8225,1.3525,17.3424,72.23
2026-08-15T17:15:28,1786839328.964,12.8125,1.4875,19.0586,72.23
2026-08-15T17:15:39,1786839339.248,12.8213,1.5525,19.9050,72.09
2026-08-15T17:15:49,1786839349.541,12.8200,1.4038,17.9961,72.09
2026-08-15T17:15:59,1786839359.914,12.8187,1.3375,17.1451,72.09
2026-08-15T17:16:10,1786839370.202,12.8187,1.3613,17.4495,72.09
2026-08-15T17:16:20,1786839380.463,12.8187,1.3337,17.0970,72.09
2026-08-15T17:16:30,1786839390.722,12.8138,1.3450,17.2345,72.09
2026-08-15T17:16:40,1786839400.929,12.8238,1.3100,16.7991,71.97
2026-08-15T17:16:51,1786839411.402,12.8100,1.4200,18.1902,71.88
2026-08-15T17:17:01,1786839421.677,12.8213,1.3700,17.5651,71.86
2026-08-15T17:17:12,1786839432.025,12.8150,1.3738,17.6046,71.86
2026-08-15T17:17:22,1786839442.359,12.8213,1.5225,19.5204,71.84
2026-08-15T17:17:32,1786839452.621,12.8187,1.3313,17.0650,71.83
2026-08-15T17:17:42,1786839462.811,12.8100,1.5150,19.4072,71.74
2026-08-15T17:17:53,1786839473.145,12.8163,1.2988,16.6451,71.74
2026-08-15T17:18:03,1786839483.426,12.8187,1.3938,17.8661,71.74
2026-08-15T17:18:13,1786839493.596,12.8200,1.3113,16.8102,71.74
2026-08-15T17:18:23,1786839503.837,12.8225,1.2975,16.6372,71.73
2026-08-15T17:18:34,1786839514.128,12.8163,1.3825,17.7185,71.73
2026-08-15T17:18:44,1786839524.376,12.8238,1.2375,15.8694,71.73
2026-08-15T17:18:54,1786839534.658,12.8187,1.4875,19.0679,71.40
2026-08-15T17:19:04,1786839544.992,12.8113,1.3163,16.8628,71.40
2026-08-15T17:19:15,1786839555.273,12.8113,1.4700,18.8325,71.40
2026-08-15T17:19:25,1786839565.727,12.8200,1.3400,17.1788,71.33
2026-08-15T17:19:36,1786839576.070,12.8163,1.3550,17.3660,71.33
2026-08-15T17:19:46,1786839586.411,12.8113,1.4100,18.0639,71.33
2026-08-15T17:19:56,1786839596.726,12.8125,1.3713,17.5691,71.33
2026-08-15T17:20:06,1786839606.985,12.8200,1.2763,16.3615,71.33
2026-08-15T17:20:17,1786839617.333,12.8113,1.3513,17.3112,71.33
2026-08-15T17:20:27,1786839627.636,12.8175,1.3037,16.7108,71.25
2026-08-15T17:20:37,1786839637.968,12.8087,1.4512,18.5887,71.21
2026-08-15T17:20:48,1786839648.207,12.8113,1.4263,18.2720,71.21
2026-08-15T17:20:58,1786839658.734,12.8100,1.3813,17.6938,71.08
2026-08-15T17:21:09,1786839669.029,12.8113,1.3425,17.1991,71.08
2026-08-15T17:21:19,1786839679.316,12.8113,1.3613,17.4393,71.08
2026-08-15T17:21:29,1786839689.546,12.8163,1.2888,16.5169,71.08
2026-08-15T17:21:39,1786839699.810,12.8175,1.4213,18.2169,71.05
2026-08-15T17:21:50,1786839710.106,12.8113,1.3613,17.4393,71.05
2026-08-15T17:22:00,1786839720.409,12.8100,1.3037,16.7010,70.79
2026-08-15T17:22:10,1786839730.662,12.8138,1.4500,18.5799,70.79
2026-08-15T17:22:20,1786839740.866,12.8050,1.4163,18.1351,70.79
2026-08-15T17:22:31,1786839751.115,12.8038,1.5100,19.3337,70.79
2026-08-15T17:22:41,1786839761.402,12.8163,1.2525,16.0524,70.79
2026-08-15T17:22:51,1786839771.649,12.8125,1.3738,17.6012,70.79
2026-08-15T17:23:01,1786839781.979,12.8063,1.3887,17.7847,70.78
2026-08-15T17:23:12,1786839792.307,12.8138,1.3063,16.7380,70.47
2026-08-15T17:23:22,1786839802.682,12.8087,1.4888,19.0690,70.47
2026-08-15T17:23:32,1786839812.945,12.8113,1.2775,16.3664,70.47
2026-08-15T17:23:43,1786839823.164,12.8100,1.3638,17.4696,70.47
2026-08-15T17:23:53,1786839833.446,12.8087,1.3575,17.3879,70.47
2026-08-15T17:24:03,1786839843.647,12.8150,1.3200,16.9158,70.47
2026-08-15T17:24:13,1786839853.990,12.8075,1.3037,16.6978,70.47
2026-08-15T17:24:24,1786839864.413,12.8125,1.3075,16.7523,70.47
2026-08-15T17:24:34,1786839874.642,12.8050,1.2963,16.5985,70.47
2026-08-15T17:24:44,1786839884.981,12.8063,1.3500,17.2884,70.26
2026-08-15T17:24:55,1786839895.298,12.8087,1.4075,18.0283,70.21
2026-08-15T17:25:05,1786839905.563,12.8100,1.3838,17.7258,70.21
2026-08-15T17:25:15,1786839915.984,12.8050,1.3413,17.1747,70.21
2026-08-15T17:25:26,1786839926.178,12.8087,1.3063,16.7314,70.21
2026-08-15T17:25:36,1786839936.527,12.7963,1.4438,18.4746,70.21
2026-08-15T17:25:46,1786839946.778,12.8000,1.3588,17.3920,70.16
2026-08-15T17:25:57,1786839957.068,12.8038,1.5050,19.2696,70.16
2026-08-15T17:26:07,1786839967.481,12.8063,1.4300,18.3129,70.16
2026-08-15T17:26:17,1786839977.928,12.8012,1.3000,16.6416,69.95
2026-08-15T17:26:28,1786839988.149,12.8087,1.3100,16.7795,69.91
2026-08-15T17:26:38,1786839998.474,12.8025,1.4100,18.0515,69.91
2026-08-15T17:26:48,1786840008.778,12.8012,1.3200,16.8977,69.91
2026-08-15T17:26:59,1786840019.127,12.7988,1.3738,17.5823,69.84
2026-08-15T17:27:09,1786840029.385,12.7988,1.3513,17.2943,69.84
2026-08-15T17:27:19,1786840039.734,12.7713,1.6687,21.3120,69.63
2026-08-15T17:27:30,1786840050.090,12.8063,1.3075,16.7442,69.63
2026-08-15T17:27:40,1786840060.489,12.8038,1.3300,17.0290,69.63
2026-08-15T17:27:50,1786840070.780,12.7938,1.5175,19.4145,69.56
2026-08-15T17:28:01,1786840081.032,12.8038,1.2775,16.3568,69.56
2026-08-15T17:28:11,1786840091.346,12.7975,1.4000,17.9165,69.47
2026-08-15T17:28:21,1786840101.627,12.7963,1.3975,17.8828,69.47
2026-08-15T17:28:31,1786840111.921,12.8000,1.2838,16.4320,69.21
2026-08-15T17:28:42,1786840122.194,12.8012,1.3300,17.0257,69.21
2026-08-15T17:28:52,1786840132.520,12.8025,1.3075,16.7393,69.21
2026-08-15T17:29:02,1786840142.832,12.7975,1.3725,17.5646,69.06
2026-08-15T17:29:13,1786840153.079,12.7888,1.4938,19.1032,69.04
2026-08-15T17:29:23,1786840163.384,12.7975,1.3375,17.1167,69.04
2026-08-15T17:29:33,1786840173.974,12.7950,1.3600,17.4012,68.74
2026-08-15T17:29:44,1786840184.239,12.7988,1.3100,16.7664,68.74
2026-08-15T17:29:54,1786840194.484,12.7900,1.4150,18.0979,68.74
2026-08-15T17:30:04,1786840204.700,12.7888,1.4263,18.2400,68.67
2026-08-15T17:30:15,1786840215.036,12.7975,1.3013,16.6527,68.67
2026-08-15T17:30:25,1786840225.390,12.7912,1.4225,18.1956,68.67
2026-08-15T17:30:35,1786840235.726,12.7950,1.4163,18.1209,68.60
2026-08-15T17:30:45,1786840245.937,12.7963,1.3613,17.4189,68.60
2026-08-15T17:30:56,1786840256.189,12.7988,1.3337,17.0703,68.55
2026-08-15T17:31:06,1786840266.511,12.7888,1.4175,18.1281,68.55
2026-08-15T17:31:16,1786840276.735,12.7963,1.2825,16.4112,68.55
2026-08-15T17:31:27,1786840287.036,12.7888,1.4713,18.8154,68.55
2026-08-15T17:31:37,1786840297.522,12.7912,1.3788,17.6359,68.37
2026-08-15T17:31:47,1786840307.830,12.7888,1.3662,17.4726,68.37
2026-08-15T17:31:58,1786840318.132,12.7875,1.4825,18.9575,68.37
2026-08-15T17:32:08,1786840328.531,12.7925,1.2925,16.5343,68.32
2026-08-15T17:32:18,1786840338.863,12.7888,1.4138,18.0801,68.19
2026-08-15T17:32:29,1786840349.126,12.7875,1.3688,17.5029,68.19
2026-08-15T17:32:39,1786840359.461,12.7925,1.3438,17.1899,68.19
2026-08-15T17:32:49,1786840369.749,12.7875,1.3813,17.6627,68.18
2026-08-15T17:33:00,1786840380.155,12.7825,1.4538,18.5826,68.06
2026-08-15T17:33:10,1786840390.409,12.7912,1.2738,16.2929,67.97
2026-08-15T17:33:20,1786840400.660,12.7750,1.5488,19.7853,67.87
2026-08-15T17:33:30,1786840410.863,12.7888,1.3413,17.1529,67.72
2026-08-15T17:33:41,1786840421.131,12.7850,1.4438,18.4583,67.72
2026-08-15T17:33:51,1786840431.419,12.7863,1.3225,16.9098,67.72
2026-08-15T17:34:01,1786840441.645,12.7863,1.3400,17.1336,67.72
2026-08-15T17:34:11,1786840451.925,12.7837,1.4438,18.4565,67.72
2026-08-15T17:34:22,1786840462.170,12.7837,1.2950,16.5550,67.52
2026-08-15T17:34:32,1786840472.499,12.7763,1.4175,18.1103,67.40
2026-08-15T17:34:42,1786840482.800,12.7825,1.3975,17.8635,67.35
2026-08-15T17:34:52,1786840492.989,12.7775,1.3987,17.8725,67.20
2026-08-15T17:35:03,1786840503.365,12.7825,1.3400,17.1286,67.20
2026-08-15T17:35:13,1786840513.671,12.7800,1.4025,17.9240,67.20
2026-08-15T17:35:23,1786840523.985,12.7800,1.3313,17.0134,67.20
2026-08-15T17:35:34,1786840534.229,12.7763,1.3650,17.4396,67.09
2026-08-15T17:35:44,1786840544.410,12.7825,1.3438,17.1765,67.09
2026-08-15T17:35:54,1786840554.772,12.7725,1.4713,18.7915,66.94
2026-08-15T17:36:05,1786840565.185,12.7788,1.4288,18.2576,66.92
2026-08-15T17:36:15,1786840575.485,12.7825,1.2563,16.0580,66.92
2026-08-15T17:36:25,1786840585.736,12.7812,1.3363,17.0789,66.92
2026-08-15T17:36:35,1786840595.996,12.7800,1.4400,18.4032,66.92
2026-08-15T17:36:46,1786840606.376,12.7825,1.3275,16.9688,66.92
2026-08-15T17:36:56,1786840616.544,12.7688,1.4350,18.3232,66.92
2026-08-15T17:37:06,1786840626.784,12.7775,1.4025,17.9204,66.89
2026-08-15T17:37:17,1786840637.176,12.7800,1.4888,19.0262,66.85
2026-08-15T17:37:27,1786840647.438,12.7725,1.4425,18.4243,66.78
2026-08-15T17:37:37,1786840657.721,12.7825,1.2925,16.5214,66.59
2026-08-15T17:37:47,1786840667.966,12.7763,1.5025,19.1963,66.59
2026-08-15T17:37:58,1786840678.172,12.7800,1.2725,16.2626,66.59
2026-08-15T17:38:08,1786840688.403,12.7800,1.3662,17.4607,66.46
2026-08-15T17:38:18,1786840698.620,12.7788,1.3037,16.6603,66.46
2026-08-15T17:38:28,1786840708.918,12.7725,1.3825,17.6580,66.46
2026-08-15T17:38:39,1786840719.204,12.7713,1.3775,17.5924,66.31
2026-08-15T17:38:49,1786840729.609,12.7775,1.3413,17.1378,66.24
2026-08-15T17:38:59,1786840739.886,12.7775,1.3200,16.8663,66.24
2026-08-15T17:39:10,1786840750.209,12.7713,1.3313,17.0017,66.18
2026-08-15T17:39:20,1786840760.462,12.7763,1.3037,16.6570,66.14
2026-08-15T17:39:30,1786840770.668,12.7688,1.3838,17.6688,66.14
2026-08-15T17:39:40,1786840780.842,12.7725,1.3175,16.8278,66.14
2026-08-15T17:39:51,1786840791.066,12.7625,1.4788,18.8725,66.08
2026-08-15T17:40:01,1786840801.344,12.7737,1.4000,17.8833,66.08
2026-08-15T17:40:11,1786840811.648,12.7763,1.3700,17.5035,65.93
2026-08-15T17:40:21,1786840821.935,12.7688,1.3175,16.8228,65.93
2026-08-15T17:40:32,1786840832.145,12.7713,1.3675,17.4647,65.90
2026-08-15T17:40:42,1786840842.404,12.7700,1.4225,18.1653,65.66
2026-08-15T17:40:52,1786840852.692,12.7725,1.3638,17.4185,65.66
2026-08-15T17:41:02,1786840862.938,12.7637,1.4650,18.6989,65.66
2026-08-15T17:41:13,1786840873.175,12.7662,1.3425,17.1387,65.66
2026-08-15T17:41:23,1786840883.548,12.7700,1.3538,17.2874,65.66
2026-08-15T17:41:33,1786840893.901,12.7700,1.3938,17.7982,65.59
2026-08-15T17:41:44,1786840904.292,12.7450,1.5875,20.2327,65.35
2026-08-15T17:41:54,1786840914.432,12.7575,1.4250,18.1794,65.35
2026-08-15T17:42:04,1786840924.747,12.7688,1.4300,18.2593,65.31
2026-08-15T17:42:15,1786840935.003,12.7588,1.4737,18.8032,65.31
2026-08-15T17:42:25,1786840945.364,12.7625,1.3325,17.0060,65.27
2026-08-15T17:42:35,1786840955.617,12.7637,1.3800,17.6140,65.27
2026-08-15T17:42:45,1786840965.874,12.7675,1.3862,17.6989,65.27
2026-08-15T17:42:56,1786840976.079,12.7662,1.2913,16.4844,65.13
2026-08-15T17:43:06,1786840986.340,12.7650,1.3163,16.8019,65.13
2026-08-15T17:43:16,1786840996.527,12.7625,1.3650,17.4208,65.13
2026-08-15T17:43:26,1786841006.805,12.7550,1.4013,17.8729,65.07
2026-08-15T17:43:37,1786841017.014,12.7613,1.3462,17.1798,65.07
2026-08-15T17:43:47,1786841027.318,12.7650,1.3525,17.2647,65.06
2026-08-15T17:43:57,1786841037.551,12.7613,1.3925,17.7700,64.99
2026-08-15T17:44:07,1786841047.928,12.7588,1.3475,17.1924,64.98
2026-08-15T17:44:18,1786841058.340,12.7562,1.3725,17.5080,64.96
2026-08-15T17:44:28,1786841068.681,12.7637,1.2950,16.5291,64.58
2026-08-15T17:44:38,1786841078.940,12.7575,1.3250,16.9037,64.58
2026-08-15T17:44:49,1786841089.115,12.7613,1.4063,17.9455,64.58
2026-08-15T17:44:59,1786841099.287,12.7637,1.2825,16.3695,64.58
2026-08-15T17:45:09,1786841109.595,12.7625,1.3313,16.9901,64.58
2026-08-15T17:45:19,1786841119.873,12.7575,1.3288,16.9515,64.58
2026-08-15T17:45:30,1786841130.049,12.7588,1.3625,17.3838,64.58
2026-08-15T17:45:40,1786841140.317,12.7562,1.4338,18.2893,64.58
2026-08-15T17:45:50,1786841150.581,12.7575,1.3438,17.1429,64.57
2026-08-15T17:46:00,1786841160.783,12.7600,1.3337,17.0187,64.46
2026-08-15T17:46:11,1786841171.027,12.7588,1.3213,16.8575,64.46
2026-08-15T17:46:21,1786841181.338,12.7575,1.3488,17.2067,64.37
2026-08-15T17:46:31,1786841191.713,12.7175,1.8038,22.9392,64.11
2026-08-15T17:46:41,1786841201.959,12.7562,1.3713,17.4920,64.11
2026-08-15T17:46:52,1786841212.227,12.7525,1.3838,17.6463,64.11
2026-08-15T17:47:02,1786841222.502,12.7513,1.3250,16.8954,64.11
2026-08-15T17:47:12,1786841232.840,12.7550,1.2850,16.3902,64.11
2026-08-15T17:47:23,1786841243.103,12.7525,1.3862,17.6782,64.11
2026-08-15T17:47:33,1786841253.299,12.7562,1.3688,17.4601,64.07
2026-08-15T17:47:43,1786841263.598,12.7562,1.3013,16.5991,63.71
2026-08-15T17:47:53,1786841273.821,12.7500,1.3887,17.7066,63.71
2026-08-15T17:48:04,1786841284.333,12.7450,1.4888,18.9741,63.71
2026-08-15T17:48:14,1786841294.583,12.7462,1.3388,17.0640,63.64
2026-08-15T17:48:24,1786841304.903,12.7513,1.3113,16.7201,63.64
2026-08-15T17:48:35,1786841315.168,12.7525,1.3225,16.8652,63.64
2026-08-15T17:48:45,1786841325.463,12.7500,1.5063,19.2047,63.42
2026-08-15T17:48:55,1786841335.728,12.7450,1.3650,17.3969,63.42
2026-08-15T17:49:06,1786841346.021,12.7425,1.3700,17.4572,63.42
2026-08-15T17:49:16,1786841356.302,12.7488,1.3662,17.4180,63.16
2026-08-15T17:49:26,1786841366.540,12.7475,1.5488,19.7427,63.16
2026-08-15T17:49:36,1786841376.942,12.7513,1.3125,16.7360,63.16
2026-08-15T17:49:47,1786841387.199,12.7450,1.3337,16.9986,63.16
2026-08-15T17:49:57,1786841397.663,12.7425,1.3750,17.5209,63.08
2026-08-15T17:50:07,1786841407.911,12.7513,1.3775,17.5648,62.98
2026-08-15T17:50:18,1786841418.232,12.7400,1.3575,17.2946,62.93
2026-08-15T17:50:28,1786841428.497,12.7450,1.3125,16.7278,62.93
2026-08-15T17:50:38,1786841438.745,12.7425,1.3325,16.9794,62.93
2026-08-15T17:50:48,1786841448.996,12.7450,1.2913,16.4570,62.88
2026-08-15T17:50:59,1786841459.293,12.7462,1.2950,16.5064,62.88
2026-08-15T17:51:09,1786841469.517,12.7488,1.2900,16.4459,62.88
2026-08-15T17:51:19,1786841479.840,12.7438,1.2788,16.2961,62.88
2026-08-15T17:51:30,1786841490.084,12.7387,1.3688,17.4362,62.79
2026-08-15T17:51:40,1786841500.341,12.7350,1.4300,18.2110,62.73
2026-08-15T17:51:50,1786841510.632,12.7263,1.5113,19.2325,62.33
2026-08-15T17:52:00,1786841520.982,12.7313,1.4613,18.6035,62.33
2026-08-15T17:52:11,1786841531.186,12.7387,1.3150,16.7515,62.33
2026-08-15T17:52:21,1786841541.474,12.7313,1.4338,18.2534,62.33
2026-08-15T17:52:31,1786841551.903,12.7425,1.3100,16.6927,62.33
2026-08-15T17:52:42,1786841562.200,12.7338,1.3525,17.2224,62.33
2026-08-15T17:52:52,1786841572.478,12.7350,1.3625,17.3514,62.33
2026-08-15T17:53:02,1786841582.765,12.7325,1.4013,17.8414,62.07
2026-08-15T17:53:13,1786841593.013,12.7387,1.3600,17.3247,62.07
2026-08-15T17:53:23,1786841603.346,12.7363,1.2900,16.4298,62.07
2026-08-15T17:53:33,1786841613.635,12.7338,1.3550,17.2542,61.95
2026-08-15T17:53:43,1786841623.961,12.7325,1.3488,17.1730,61.95
2026-08-15T17:53:54,1786841634.361,12.7275,1.4250,18.1367,61.85
2026-08-15T17:54:04,1786841644.741,12.7275,1.3725,17.4685,61.62
2026-08-15T17:54:14,1786841654.980,12.7363,1.2425,15.8248,61.62
2026-08-15T17:54:25,1786841665.326,12.7238,1.3150,16.7317,61.55
2026-08-15T17:54:35,1786841675.594,12.7325,1.2925,16.4568,61.35
2026-08-15T17:54:45,1786841685.836,12.7287,1.3600,17.3111,61.35
2026-08-15T17:54:56,1786841696.175,12.7263,1.3713,17.4509,61.35
2026-08-15T17:55:06,1786841706.462,12.7287,1.3063,16.6269,61.30
2026-08-15T17:55:16,1786841716.818,12.7300,1.3588,17.2969,61.22
2026-08-15T17:55:27,1786841727.222,12.7250,1.4175,18.0377,61.22
2026-08-15T17:55:37,1786841737.423,12.7275,1.4038,17.8662,61.10
2026-08-15T17:55:47,1786841747.638,12.7313,1.2712,16.1846,60.99
2026-08-15T17:55:57,1786841757.898,12.7212,1.3700,17.4281,60.99
2026-08-15T17:56:08,1786841768.366,12.7250,1.2975,16.5107,60.98
2026-08-15T17:56:18,1786841778.602,12.7300,1.2337,15.7056,60.92
2026-08-15T17:56:28,1786841788.859,12.7225,1.3000,16.5392,60.57
2026-08-15T17:56:39,1786841799.251,12.7200,1.3137,16.7109,60.57
2026-08-15T17:56:49,1786841809.487,12.7188,1.3462,17.1226,60.57
2026-08-15T17:56:59,1786841819.892,12.7200,1.3550,17.2356,60.57
2026-08-15T17:57:10,1786841830.134,12.7000,1.5550,19.7485,60.35
2026-08-15T17:57:20,1786841840.541,12.7150,1.4463,18.3891,60.28
2026-08-15T17:57:30,1786841850.849,12.7100,1.4412,18.3183,60.13
2026-08-15T17:57:41,1786841861.068,12.7037,1.5125,19.2144,60.11
2026-08-15T17:57:51,1786841871.350,12.7212,1.3263,16.8716,60.04
2026-08-15T17:58:01,1786841881.644,12.7100,1.3450,17.0950,60.04
2026-08-15T17:58:11,1786841891.952,12.7188,1.3438,17.0908,60.04
2026-08-15T17:58:22,1786841902.245,12.7125,1.3575,17.2572,59.93
2026-08-15T17:58:32,1786841912.622,12.7112,1.3500,17.1602,59.82
2026-08-15T17:58:42,1786841922.991,12.7088,1.5200,19.3173,59.82
2026-08-15T17:58:53,1786841933.240,12.7112,1.3237,16.8265,59.54
2026-08-15T17:59:03,1786841943.560,12.7037,1.4900,18.9286,59.54
2026-08-15T17:59:13,1786841953.766,12.7037,1.4512,18.4363,59.54
2026-08-15T17:59:24,1786841964.021,12.7112,1.3638,17.3350,59.45
2026-08-15T17:59:34,1786841974.384,12.7088,1.3388,17.0138,59.45
2026-08-15T17:59:44,1786841984.775,12.7100,1.3237,16.8249,59.45
2026-08-15T17:59:55,1786841995.099,12.7100,1.3538,17.2062,59.33
2026-08-15T18:00:05,1786842005.372,12.7075,1.2738,16.1862,59.32
2026-08-15T18:00:15,1786842015.678,12.7100,1.3363,16.9837,59.19
2026-08-15T18:00:26,1786842026.026,12.6963,1.3762,17.4732,59.10
2026-08-15T18:00:36,1786842036.292,12.7037,1.3662,17.3565,59.07
2026-08-15T18:00:46,1786842046.668,12.6963,1.4600,18.5365,58.93
2026-08-15T18:00:56,1786842056.926,12.6988,1.4125,17.9370,58.66
2026-08-15T18:01:07,1786842067.163,12.7037,1.3700,17.4041,58.63
2026-08-15T18:01:17,1786842077.541,12.6975,1.4138,17.9511,58.63
2026-08-15T18:01:27,1786842087.906,12.6988,1.3588,17.2544,58.26
2026-08-15T18:01:38,1786842098.196,12.7037,1.2863,16.3402,58.26
2026-08-15T18:01:48,1786842108.448,12.7037,1.3125,16.6737,58.26
2026-08-15T18:01:58,1786842118.748,12.6925,1.4050,17.8330,58.26
2026-08-15T18:02:09,1786842129.064,12.6963,1.2900,16.3782,58.21
2026-08-15T18:02:19,1786842139.329,12.7000,1.3088,16.6211,58.15
2026-08-15T18:02:29,1786842149.667,12.6913,1.4363,18.2278,58.02
2026-08-15T18:02:39,1786842159.945,12.6975,1.3250,16.8242,57.91
2026-08-15T18:02:50,1786842170.173,12.6975,1.3662,17.3480,57.89
2026-08-15T18:03:00,1786842180.417,12.6988,1.3063,16.5877,57.84
2026-08-15T18:03:10,1786842190.732,12.6937,1.3113,16.6447,57.62
2026-08-15T18:03:21,1786842201.222,12.6888,1.3838,17.5581,57.50
2026-08-15T18:03:31,1786842211.574,12.6900,1.3813,17.5281,57.42
2026-08-15T18:03:41,1786842221.887,12.6837,1.3163,16.6950,57.33
2026-08-15T18:03:52,1786842232.168,12.6937,1.3188,16.7399,57.33
2026-08-15T18:04:02,1786842242.374,12.6863,1.3762,17.4595,57.33
2026-08-15T18:04:12,1786842252.653,12.6900,1.4412,18.2895,57.15
2026-08-15T18:04:22,1786842262.917,12.6913,1.3950,17.7043,57.05
2026-08-15T18:04:33,1786842273.187,12.6888,1.3175,16.7174,57.05
2026-08-15T18:04:43,1786842283.500,12.6837,1.3588,17.2340,56.91
2026-08-15T18:04:53,1786842293.840,12.6900,1.2900,16.3701,56.70
2026-08-15T18:05:04,1786842304.331,12.6813,1.3425,17.0246,56.65
2026-08-15T18:05:14,1786842314.593,12.6725,1.4000,17.7415,56.35
2026-08-15T18:05:24,1786842324.840,12.6850,1.3225,16.7759,56.35
2026-08-15T18:05:35,1786842335.179,12.6775,1.5763,19.9829,56.35
2026-08-15T18:05:45,1786842345.440,12.6788,1.3337,16.9103,56.17
2026-08-15T18:05:55,1786842355.682,12.6750,1.3738,17.4123,56.03
2026-08-15T18:06:06,1786842366.076,12.6725,1.5150,19.1988,56.03
2026-08-15T18:06:16,1786842376.349,12.6725,1.3313,16.8703,55.85
2026-08-15T18:06:26,1786842386.592,12.6738,1.3450,17.0462,55.84
2026-08-15T18:06:36,1786842396.866,12.6700,1.4100,17.8647,55.77
2026-08-15T18:06:47,1786842407.318,12.6538,1.5400,19.4868,55.48
2026-08-15T18:06:57,1786842417.561,12.6750,1.3950,17.6816,55.39
2026-08-15T18:07:07,1786842427.790,12.6713,1.3713,17.3755,55.31
2026-08-15T18:07:18,1786842438.068,12.6613,1.4663,18.5646,55.31
2026-08-15T18:07:28,1786842448.383,12.6662,1.4087,17.8436,55.29
2026-08-15T18:07:38,1786842458.698,12.6713,1.3562,17.1854,55.24
2026-08-15T18:07:48,1786842468.930,12.6725,1.3575,17.2029,55.18
2026-08-15T18:07:59,1786842479.231,12.6675,1.3963,17.6870,55.02
2026-08-15T18:08:09,1786842489.388,12.6662,1.3200,16.7195,54.90
2026-08-15T18:08:19,1786842499.641,12.6613,1.3662,17.2984,54.90
2026-08-15T18:08:29,1786842509.916,12.6613,1.3325,16.8711,54.47
2026-08-15T18:08:40,1786842520.177,12.6650,1.3063,16.5437,54.45
2026-08-15T18:08:50,1786842530.426,12.6587,1.4500,18.3552,54.45
2026-08-15T18:09:00,1786842540.674,12.6600,1.3388,16.9486,54.28
2026-08-15T18:09:10,1786842550.993,12.6538,1.5675,19.8348,54.26
2026-08-15T18:09:21,1786842561.380,12.6550,1.4125,17.8752,54.13
2026-08-15T18:09:31,1786842571.634,12.6587,1.3450,17.0260,53.93
2026-08-15T18:09:42,1786842582.002,12.6562,1.3388,16.9436,53.93
2026-08-15T18:09:52,1786842592.332,12.6600,1.2950,16.3947,53.93
2026-08-15T18:10:02,1786842602.625,12.6525,1.3887,17.5712,53.72
2026-08-15T18:10:12,1786842612.951,12.6538,1.3900,17.5887,53.72
2026-08-15T18:10:23,1786842623.245,12.6475,1.4750,18.6551,53.65
2026-08-15T18:10:33,1786842633.605,12.6525,1.3088,16.5590,53.50
2026-08-15T18:10:43,1786842643.881,12.6525,1.3400,16.9544,53.41
2026-08-15T18:10:54,1786842654.141,12.6525,1.3300,16.8278,53.39
2026-08-15T18:11:04,1786842664.399,12.6500,1.3413,16.9668,52.99
2026-08-15T18:11:14,1786842674.586,12.6463,1.4737,18.6374,52.99
2026-08-15T18:11:24,1786842684.833,12.6500,1.3225,16.7296,52.99
2026-08-15T18:11:35,1786842695.198,12.6412,1.4213,17.9664,52.67
2026-08-15T18:11:45,1786842705.499,12.6363,1.4000,17.6908,52.46
2026-08-15T18:11:55,1786842715.829,12.6487,1.2988,16.4276,52.46
2026-08-15T18:12:06,1786842726.158,12.6275,1.4938,18.8623,52.46
2026-08-15T18:12:16,1786842736.459,12.6363,1.3237,16.7272,52.35
2026-08-15T18:12:26,1786842746.750,12.6450,1.3337,16.8653,52.26
2026-08-15T18:12:36,1786842756.982,12.6350,1.4013,17.7048,52.07
2026-08-15T18:12:47,1786842767.302,12.6425,1.3438,16.9884,52.00
2026-08-15T18:12:57,1786842777.564,12.6375,1.3438,16.9816,52.00
2026-08-15T18:13:07,1786842787.858,12.6375,1.4263,18.0242,51.96
2026-08-15T18:13:18,1786842798.359,12.6300,1.4900,18.8187,51.74
2026-08-15T18:13:28,1786842808.774,12.6263,1.4000,17.6768,51.71
2026-08-15T18:13:39,1786842819.035,12.6400,1.2850,16.2424,51.61
2026-08-15T18:13:49,1786842829.378,12.6288,1.3462,17.0015,51.39
2026-08-15T18:13:59,1786842839.657,12.6275,1.4125,17.8363,51.21
2026-08-15T18:14:09,1786842849.900,12.6288,1.4200,17.9328,51.16
2026-08-15T18:14:20,1786842860.165,12.6275,1.4038,17.7259,51.05
2026-08-15T18:14:30,1786842870.509,12.6225,1.4200,17.9240,50.88
2026-08-15T18:14:40,1786842880.772,12.6288,1.3350,16.8594,50.83
2026-08-15T18:14:50,1786842890.987,12.6275,1.3288,16.7788,50.67
2026-08-15T18:15:01,1786842901.259,12.6163,1.3625,17.1896,50.62
2026-08-15T18:15:11,1786842911.440,12.6238,1.3100,16.5371,50.56
2026-08-15T18:15:21,1786842921.832,12.6188,1.4013,17.6820,50.33
2026-08-15T18:15:32,1786842932.122,12.6225,1.3925,17.5768,50.12
2026-08-15T18:15:42,1786842942.493,12.6200,1.3762,17.3683,50.11
2026-08-15T18:15:52,1786842952.771,12.6163,1.3638,17.2054,50.01
2026-08-15T18:16:03,1786842963.005,12.6212,1.3337,16.8336,49.87
2026-08-15T18:16:13,1786842973.414,12.6137,1.3887,17.5173,49.82
2026-08-15T18:16:23,1786842983.703,12.6175,1.3562,17.1125,49.44
2026-08-15T18:16:33,1786842993.935,12.6113,1.3225,16.6784,49.44
2026-08-15T18:16:44,1786843004.413,12.6125,1.4725,18.5719,49.34
2026-08-15T18:16:54,1786843014.729,12.6088,1.3388,16.8800,49.07
2026-08-15T18:17:05,1786843025.142,12.6137,1.3488,17.0128,49.07
2026-08-15T18:17:15,1786843035.332,12.6037,1.4863,18.7323,49.07
2026-08-15T18:17:25,1786843045.561,12.5875,1.5275,19.2274,48.95
2026-08-15T18:17:35,1786843055.740,12.5988,1.3562,17.0871,48.87
2026-08-15T18:17:46,1786843066.126,12.6063,1.4250,17.9639,48.71
2026-08-15T18:17:56,1786843076.468,12.5975,1.3625,17.1641,48.60
2026-08-15T18:18:06,1786843086.748,12.6050,1.3350,16.8277,48.38
2026-08-15T18:18:17,1786843097.017,12.6000,1.3900,17.5140,48.38
2026-08-15T18:18:27,1786843107.302,12.6050,1.3237,16.6859,48.38
2026-08-15T18:18:37,1786843117.799,12.5925,1.3838,17.4249,48.07
2026-08-15T18:18:48,1786843128.181,12.6037,1.2850,16.1958,48.07
2026-08-15T18:18:58,1786843138.499,12.5888,1.5312,19.2765,47.93
2026-08-15T18:19:08,1786843148.776,12.5962,1.3675,17.2254,47.75
2026-08-15T18:19:18,1786843158.994,12.6013,1.2825,16.1611,47.69
2026-08-15T18:19:29,1786843169.144,12.5925,1.3425,16.9054,47.69
2026-08-15T18:19:39,1786843179.442,12.5913,1.3625,17.1556,47.33
2026-08-15T18:19:49,1786843189.731,12.5875,1.3875,17.4652,47.31
2026-08-15T18:20:00,1786843200.023,12.5850,1.3963,17.5718,47.07
2026-08-15T18:20:10,1786843210.361,12.5875,1.5538,19.5578,46.72
2026-08-15T18:20:20,1786843220.742,12.5913,1.3538,17.0454,46.68
2026-08-15T18:20:30,1786843230.982,12.5888,1.3388,16.8532,46.65
2026-08-15T18:20:41,1786843241.198,12.5875,1.3300,16.7414,46.59
2026-08-15T18:20:51,1786843251.360,12.5900,1.3625,17.1539,46.46
2026-08-15T18:21:01,1786843261.626,12.5800,1.4925,18.7757,46.40
2026-08-15T18:21:11,1786843271.920,12.5850,1.3400,16.8639,46.07
2026-08-15T18:21:22,1786843282.289,12.5800,1.3013,16.3697,45.91
2026-08-15T18:21:32,1786843292.612,12.5750,1.5163,19.0668,45.87
2026-08-15T18:21:42,1786843302.873,12.5450,1.6075,20.1661,45.47
2026-08-15T18:21:53,1786843313.226,12.5725,1.3813,17.3658,45.45
2026-08-15T18:22:03,1786843323.469,12.5813,1.3288,16.7173,45.45
2026-08-15T18:22:13,1786843333.686,12.5600,1.4788,18.5731,45.27
2026-08-15T18:22:24,1786843344.009,12.5725,1.3188,16.5800,45.05
2026-08-15T18:22:34,1786843354.226,12.5663,1.3300,16.7131,45.05
2026-08-15T18:22:44,1786843364.499,12.5713,1.3225,16.6255,45.01
2026-08-15T18:22:54,1786843374.788,12.5700,1.3775,17.3152,44.72
2026-08-15T18:23:05,1786843385.128,12.5638,1.3325,16.7412,44.67
2026-08-15T18:23:15,1786843395.547,12.5638,1.3800,17.3380,44.51
2026-08-15T18:23:25,1786843405.771,12.5575,1.4663,18.4124,44.08
2026-08-15T18:23:36,1786843416.046,12.5663,1.3862,17.4200,44.08
2026-08-15T18:23:46,1786843426.395,12.5625,1.2963,16.2841,44.06
2026-08-15T18:23:56,1786843436.714,12.5625,1.3163,16.5354,43.60
2026-08-15T18:24:07,1786843447.034,12.5613,1.3150,16.5180,43.57
2026-08-15T18:24:17,1786843457.330,12.5500,1.4025,17.6014,43.48
2026-08-15T18:24:27,1786843467.794,12.5563,1.3588,17.0608,43.21
2026-08-15T18:24:38,1786843478.065,12.5550,1.3613,17.0905,43.16
2026-08-15T18:24:48,1786843488.336,12.5550,1.3375,16.7923,43.08
2026-08-15T18:24:58,1786843498.574,12.5463,1.5350,19.2585,42.68
2026-08-15T18:25:08,1786843508.815,12.5500,1.3488,16.9268,42.51
2026-08-15T18:25:19,1786843519.151,12.5475,1.3900,17.4410,42.51
2026-08-15T18:25:29,1786843529.467,12.5475,1.3625,17.0960,42.24
2026-08-15T18:25:39,1786843539.762,12.5312,1.4737,18.4679,42.19
2026-08-15T18:25:50,1786843550.101,12.5438,1.3525,16.9654,42.12
2026-08-15T18:26:00,1786843560.365,12.5412,1.3488,16.9150,41.75
2026-08-15T18:26:10,1786843570.725,12.5388,1.3350,16.7392,41.71
2026-08-15T18:26:21,1786843581.000,12.5350,1.3513,16.9379,41.48
2026-08-15T18:26:31,1786843591.297,12.5375,1.3425,16.8316,41.11
2026-08-15T18:26:41,1786843601.687,12.5363,1.3575,17.0180,41.08
2026-08-15T18:26:52,1786843612.062,12.5325,1.4187,17.7805,41.08
2026-08-15T18:27:02,1786843622.319,12.5050,1.6725,20.9146,40.72
2026-08-15T18:27:12,1786843632.703,12.5237,1.4588,18.2690,40.72
2026-08-15T18:27:23,1786843643.003,12.5275,1.3713,17.1783,40.60
2026-08-15T18:27:33,1786843653.178,12.5175,1.5275,19.1205,40.52
2026-08-15T18:27:43,1786843663.451,12.5300,1.4075,17.6360,40.30
2026-08-15T18:27:53,1786843673.705,12.5275,1.3825,17.3193,40.30
2026-08-15T18:28:03,1786843683.951,12.5225,1.3550,16.9680,40.12
2026-08-15T18:28:14,1786843694.173,12.5237,1.3250,16.5940,39.77
2026-08-15T18:28:24,1786843704.385,12.5150,1.4200,17.7713,39.71
2026-08-15T18:28:34,1786843714.831,12.5250,1.3825,17.3158,39.59
2026-08-15T18:28:45,1786843725.100,12.5137,1.3775,17.2377,39.38
2026-08-15T18:28:55,1786843735.357,12.5162,1.4050,17.5853,39.35
2026-08-15T18:29:05,1786843745.682,12.5200,1.3788,17.2620,39.35
2026-08-15T18:29:15,1786843755.916,12.5200,1.3000,16.2760,38.99
2026-08-15T18:29:26,1786843766.198,12.5188,1.3075,16.3683,38.79
2026-08-15T18:29:36,1786843776.467,12.5100,1.4350,17.9519,38.79
2026-08-15T18:29:46,1786843786.723,12.5137,1.4175,17.7382,38.60
2026-08-15T18:29:57,1786843797.023,12.5100,1.4550,18.2020,38.55
2026-08-15T18:30:07,1786843807.232,12.5050,1.4187,17.7415,38.45
2026-08-15T18:30:17,1786843817.627,12.5075,1.3963,17.4636,38.12
2026-08-15T18:30:27,1786843827.987,12.5025,1.3838,17.3003,38.12
2026-08-15T18:30:38,1786843838.372,12.5062,1.4700,18.3842,38.10
2026-08-15T18:30:48,1786843848.749,12.5062,1.3613,17.0241,37.57
2026-08-15T18:30:59,1786843859.094,12.5050,1.4238,17.8040,37.57
2026-08-15T18:31:09,1786843869.375,12.5088,1.2838,16.0581,37.57
2026-08-15T18:31:19,1786843879.596,12.4900,1.4900,18.6101,37.57
2026-08-15T18:31:29,1786843889.897,12.5038,1.3225,16.5362,37.49
2026-08-15T18:31:40,1786843900.227,12.5062,1.3575,16.9772,37.44
2026-08-15T18:31:50,1786843910.436,12.4887,1.4438,18.0306,37.31
2026-08-15T18:32:00,1786843920.717,12.5025,1.2850,16.0657,37.25
2026-08-15T18:32:11,1786843931.085,12.4913,1.4063,17.5658,37.13
2026-08-15T18:32:21,1786843941.564,12.4962,1.3600,16.9949,37.06
2026-08-15T18:32:31,1786843951.848,12.5025,1.4600,18.2537,36.91
2026-08-15T18:32:42,1786843962.166,12.4962,1.3975,17.4635,36.84
2026-08-15T18:32:52,1786843972.500,12.4838,1.5212,18.9909,36.78
2026-08-15T18:33:02,1786843982.833,12.4950,1.4050,17.5555,36.33
2026-08-15T18:33:13,1786843993.039,12.4950,1.3438,16.7902,36.33
2026-08-15T18:33:23,1786844003.303,12.4875,1.3913,17.3732,36.33
2026-08-15T18:33:33,1786844013.503,12.4938,1.4150,17.6787,36.08
2026-08-15T18:33:43,1786844023.776,12.4950,1.3413,16.7589,36.08
2026-08-15T18:33:54,1786844034.018,12.4887,1.4238,17.7809,36.08
2026-08-15T18:34:04,1786844044.387,12.4887,1.4063,17.5623,35.86
2026-08-15T18:34:14,1786844054.786,12.4925,1.2975,16.2090,35.85
2026-08-15T18:34:25,1786844065.274,12.4900,1.3788,17.2206,35.83
2026-08-15T18:34:35,1786844075.646,12.4738,1.6162,20.1607,35.48
2026-08-15T18:34:45,1786844085.943,12.4887,1.3800,17.2345,35.46
2026-08-15T18:34:56,1786844096.301,12.4875,1.2988,16.2181,35.42
2026-08-15T18:35:06,1786844106.510,12.4875,1.2900,16.1089,35.40
2026-08-15T18:35:16,1786844116.765,12.4813,1.4150,17.6610,35.31
2026-08-15T18:35:27,1786844127.070,12.4863,1.4400,17.9802,35.31
2026-08-15T18:35:37,1786844137.316,12.4825,1.4000,17.4755,34.96
2026-08-15T18:35:47,1786844147.544,12.4813,1.3100,16.3504,34.96
2026-08-15T18:35:57,1786844157.994,12.4813,1.3363,16.6781,34.96
2026-08-15T18:36:08,1786844168.338,12.4800,1.3037,16.2708,34.81
2026-08-15T18:36:18,1786844178.615,12.4813,1.3975,17.4425,34.81
2026-08-15T18:36:28,1786844188.871,12.4712,1.5850,19.7669,34.81
2026-08-15T18:36:39,1786844199.141,12.4800,1.3450,16.7856,34.79
2026-08-15T18:36:49,1786844209.412,12.4813,1.3300,16.6001,34.70
2026-08-15T18:36:59,1786844219.622,12.4738,1.4087,17.5724,34.61
2026-08-15T18:37:09,1786844229.877,12.4638,1.5450,19.2565,34.46
2026-08-15T18:37:20,1786844240.096,12.4688,1.4475,18.0485,34.21
2026-08-15T18:37:30,1786844250.385,12.4738,1.3237,16.5121,34.21
2026-08-15T18:37:40,1786844260.694,12.4712,1.3675,17.0544,34.18
2026-08-15T18:37:51,1786844271.139,12.4738,1.3838,17.2606,33.99
2026-08-15T18:38:01,1786844281.499,12.4688,1.4025,17.4874,33.91
2026-08-15T18:38:11,1786844291.789,12.4725,1.3750,17.1497,33.82
2026-08-15T18:38:21,1786844301.938,12.4688,1.3938,17.3783,33.69
2026-08-15T18:38:32,1786844312.228,12.4663,1.4450,18.0137,33.69
2026-08-15T18:38:42,1786844322.478,12.4563,1.5700,19.5563,33.59
2026-08-15T18:38:52,1786844332.774,12.4638,1.4038,17.4960,33.35
2026-08-15T18:39:02,1786844342.986,12.4650,1.3475,16.7966,33.35
2026-08-15T18:39:13,1786844353.272,12.4625,1.4925,18.6003,33.35
2026-08-15T18:39:23,1786844363.480,12.4663,1.3713,17.0943,33.23
2026-08-15T18:39:33,1786844373.744,12.4712,1.4050,17.5221,33.23
2026-08-15T18:39:43,1786844383.929,12.4650,1.3363,16.6564,33.21
2026-08-15T18:39:54,1786844394.234,12.4663,1.3325,16.6113,32.99
2026-08-15T18:40:04,1786844404.546,12.4650,1.3363,16.6564,32.97
2026-08-15T18:40:14,1786844414.778,12.4612,1.4250,17.7573,32.97
2026-08-15T18:40:25,1786844425.223,12.4612,1.3538,16.8694,32.94
2026-08-15T18:40:35,1786844435.735,12.4600,1.3762,17.1481,32.86
2026-08-15T18:40:46,1786844446.032,12.4650,1.3825,17.2329,32.85
2026-08-15T18:40:56,1786844456.303,12.4575,1.3613,16.9578,32.65
2026-08-15T18:41:06,1786844466.566,12.4588,1.3625,16.9750,32.56
2026-08-15T18:41:16,1786844476.880,12.4563,1.3738,17.1118,32.48
2026-08-15T18:41:27,1786844487.160,12.4537,1.4488,18.0424,32.07
2026-08-15T18:41:37,1786844497.410,12.4575,1.3388,16.6775,32.06
2026-08-15T18:41:47,1786844507.682,12.4550,1.3625,16.9699,32.06
2026-08-15T18:41:57,1786844517.966,12.4275,1.7263,21.4530,32.01
2026-08-15T18:42:08,1786844528.196,12.4600,1.3288,16.5562,32.01
2026-08-15T18:42:18,1786844538.507,12.4437,1.3800,17.1724,32.01
2026-08-15T18:42:28,1786844548.918,12.4363,1.5225,18.9342,31.85
2026-08-15T18:42:39,1786844559.230,12.4550,1.4475,18.0286,31.62
2026-08-15T18:42:49,1786844569.498,12.4550,1.3688,17.0478,31.62
2026-08-15T18:42:59,1786844579.876,12.4488,1.3875,17.2726,31.62
2026-08-15T18:43:10,1786844590.192,12.4512,1.3963,17.3851,31.56
2026-08-15T18:43:20,1786844600.480,12.4525,1.4138,17.6047,31.50
2026-08-15T18:43:30,1786844610.796,12.4475,1.4000,17.4265,31.50
2026-08-15T18:43:41,1786844621.138,12.4512,1.3188,16.4201,31.26
2026-08-15T18:43:51,1786844631.495,12.4525,1.3838,17.2311,31.26
2026-08-15T18:44:01,1786844641.869,12.4450,1.4125,17.5786,31.12
2026-08-15T18:44:12,1786844652.204,12.4437,1.4563,18.1212,30.78
2026-08-15T18:44:22,1786844662.516,12.4450,1.4450,17.9830,30.77
2026-08-15T18:44:32,1786844672.803,12.4488,1.3313,16.5724,30.77
2026-08-15T18:44:43,1786844683.098,12.4400,1.4837,18.4578,30.58
2026-08-15T18:44:53,1786844693.303,12.4463,1.3950,17.3625,30.58
2026-08-15T18:45:03,1786844703.581,12.4363,1.4100,17.5351,30.43
2026-08-15T18:45:13,1786844713.838,12.4413,1.3575,16.8890,30.41
2026-08-15T18:45:24,1786844724.108,12.4425,1.3363,16.6263,30.35
2026-08-15T18:45:34,1786844734.374,12.4375,1.4412,17.9255,30.28
2026-08-15T18:45:44,1786844744.755,12.4375,1.4412,17.9255,30.06
2026-08-15T18:45:55,1786844755.125,12.4375,1.4225,17.6923,29.97
2026-08-15T18:46:05,1786844765.474,12.4400,1.3263,16.4986,29.97
2026-08-15T18:46:15,1786844775.685,12.4350,1.3425,16.6940,29.97
2026-08-15T18:46:25,1786844785.996,12.4375,1.3525,16.8217,29.83
2026-08-15T18:46:36,1786844796.300,12.4313,1.5413,19.1597,29.79
2026-08-15T18:46:46,1786844806.676,12.4087,1.6487,20.4589,29.51
2026-08-15T18:46:56,1786844816.972,12.4325,1.3613,16.9237,29.38
2026-08-15T18:47:07,1786844827.172,12.4275,1.3900,17.2742,29.32
2026-08-15T18:47:17,1786844837.445,12.4125,1.6225,20.1393,29.11
2026-08-15T18:47:27,1786844847.778,12.4238,1.3838,17.1914,28.84
2026-08-15T18:47:38,1786844858.028,12.4162,1.4525,18.0346,28.70
2026-08-15T18:47:48,1786844868.278,12.4213,1.4312,17.7779,28.62
2026-08-15T18:47:58,1786844878.575,12.4238,1.3862,17.2224,28.42
2026-08-15T18:48:08,1786844888.939,12.4262,1.3538,16.8220,28.42
2026-08-15T18:48:19,1786844899.333,12.4162,1.5275,18.9658,28.41
2026-08-15T18:48:29,1786844909.499,12.4250,1.3600,16.8980,28.24
2026-08-15T18:48:39,1786844919.801,12.4225,1.4013,17.4070,28.24
2026-08-15T18:48:50,1786844930.118,12.4188,1.4275,17.7278,28.15
2026-08-15T18:49:00,1786844940.470,12.4113,1.4200,17.6240,27.90
2026-08-15T18:49:10,1786844950.736,12.4138,1.4775,18.3413,27.83
2026-08-15T18:49:21,1786844961.021,12.4175,1.4825,18.4089,27.68
2026-08-15T18:49:31,1786844971.226,12.4050,1.4100,17.4911,27.31
2026-08-15T18:49:41,1786844981.667,12.4062,1.4775,18.3302,27.05
2026-08-15T18:49:51,1786844991.896,12.4138,1.3913,17.2706,27.05
2026-08-15T18:50:02,1786845002.162,12.4100,1.5750,19.5458,26.87
2026-08-15T18:50:12,1786845012.447,12.4113,1.3075,16.2277,26.82
2026-08-15T18:50:22,1786845022.800,12.4000,1.4263,17.6855,26.70
2026-08-15T18:50:32,1786845032.997,12.4075,1.3300,16.5020,26.36
2026-08-15T18:50:43,1786845043.220,12.3987,1.4087,17.4667,26.24
2026-08-15T18:50:53,1786845053.525,12.4013,1.4038,17.4083,26.14
2026-08-15T18:51:03,1786845063.847,12.3975,1.4400,17.8524,25.88
2026-08-15T18:51:14,1786845074.138,12.3987,1.4087,17.4667,25.82
2026-08-15T18:51:24,1786845084.470,12.4013,1.3538,16.7882,25.82
2026-08-15T18:51:34,1786845094.717,12.3875,1.4150,17.5283,25.43
2026-08-15T18:51:44,1786845104.920,12.3900,1.4150,17.5319,25.35
2026-08-15T18:51:55,1786845115.261,12.3963,1.4825,18.3774,25.33
2026-08-15T18:52:05,1786845125.507,12.3625,1.7525,21.6653,25.26
2026-08-15T18:52:15,1786845135.866,12.3838,1.4325,17.7397,25.10
2026-08-15T18:52:26,1786845146.187,12.3900,1.4438,17.8881,24.99
2026-08-15T18:52:36,1786845156.426,12.3900,1.4475,17.9345,24.90
2026-08-15T18:52:46,1786845166.720,12.3775,1.4875,18.4115,24.72
2026-08-15T18:52:56,1786845176.937,12.3838,1.4325,17.7397,24.71
2026-08-15T18:53:07,1786845187.169,12.3825,1.4150,17.5212,24.66
2026-08-15T18:53:17,1786845197.415,12.3812,1.3237,16.3897,24.37
2026-08-15T18:53:27,1786845207.670,12.3712,1.4563,18.0156,24.25
2026-08-15T18:53:37,1786845217.975,12.3775,1.4450,17.8855,24.12
2026-08-15T18:53:48,1786845228.135,12.3763,1.3400,16.5842,23.78
2026-08-15T18:53:58,1786845238.435,12.3688,1.3375,16.5432,23.75
2026-08-15T18:54:08,1786845248.781,12.3637,1.3938,17.2320,23.70
2026-08-15T18:54:19,1786845259.083,12.3663,1.3288,16.4317,23.50
2026-08-15T18:54:29,1786845269.327,12.3588,1.4737,18.2137,23.39
2026-08-15T18:54:39,1786845279.568,12.3637,1.4187,17.5411,23.31
2026-08-15T18:54:50,1786845290.013,12.3550,1.4463,17.8684,22.97
2026-08-15T18:55:00,1786845300.287,12.3625,1.3050,16.1331,22.85
2026-08-15T18:55:10,1786845310.578,12.3462,1.4038,17.3310,22.74
2026-08-15T18:55:20,1786845320.927,12.3500,1.4500,17.9075,22.39
2026-08-15T18:55:31,1786845331.194,12.3537,1.2838,15.8591,22.25
2026-08-15T18:55:41,1786845341.488,12.3500,1.3375,16.5181,22.24
2026-08-15T18:55:51,1786845351.859,12.3413,1.3325,16.4447,21.83
2026-08-15T18:56:02,1786845362.027,12.3375,1.3762,16.9795,21.60
2026-08-15T18:56:12,1786845372.250,12.3362,1.3438,16.5768,21.55
2026-08-15T18:56:22,1786845382.496,12.3238,1.5750,19.4099,21.37
2026-08-15T18:56:32,1786845392.773,12.3313,1.3513,16.6626,21.18
2026-08-15T18:56:43,1786845403.181,12.3300,1.3313,16.4143,20.96
2026-08-15T18:56:53,1786845413.450,12.3225,1.4238,17.5442,20.75
2026-08-15T18:57:03,1786845423.774,12.3225,1.3887,17.1129,20.46
2026-08-15T18:57:14,1786845434.039,12.3138,1.3950,17.1777,20.29
2026-08-15T18:57:24,1786845444.234,12.3125,1.5413,18.9766,20.12
2026-08-15T18:57:34,1786845454.536,12.3038,1.3713,16.8715,19.77
2026-08-15T18:57:44,1786845464.750,12.3113,1.3450,16.5586,19.56
2026-08-15T18:57:55,1786845475.099,12.2938,1.4563,17.9028,19.25
2026-08-15T18:58:05,1786845485.381,12.3050,1.2950,15.9350,19.02
2026-08-15T18:58:15,1786845495.720,12.3012,1.4150,17.4063,18.77
2026-08-15T18:58:26,1786845506.046,12.2888,1.3987,17.1889,18.55
2026-08-15T18:58:36,1786845516.266,12.2875,1.3713,16.8492,18.17
2026-08-15T18:58:46,1786845526.499,12.2863,1.4363,17.6461,17.95
2026-08-15T18:58:56,1786845536.879,12.2788,1.4325,17.5893,17.74
2026-08-15T18:59:07,1786845547.170,12.2775,1.3900,17.0657,17.50
2026-08-15T18:59:17,1786845557.374,12.2713,1.5800,19.3886,17.36
2026-08-15T18:59:27,1786845567.589,12.2688,1.3850,16.9922,17.13
2026-08-15T18:59:37,1786845577.785,12.2600,1.3838,16.9648,16.78
2026-08-15T18:59:48,1786845588.030,12.2575,1.3575,16.6396,16.60
2026-08-15T18:59:58,1786845598.294,12.2525,1.4175,17.3679,16.42
2026-08-15T19:00:08,1786845608.633,12.2462,1.4525,17.7877,16.16
2026-08-15T19:00:18,1786845618.874,12.2400,1.4500,17.7480,15.83
2026-08-15T19:00:29,1786845629.185,12.2425,1.3363,16.3590,15.62
2026-08-15T19:00:39,1786845639.476,12.2200,1.4225,17.3830,15.26
2026-08-15T19:00:49,1786845649.651,12.2250,1.3575,16.5954,15.03
2026-08-15T19:00:59,1786845659.912,12.2212,1.3800,16.8653,14.78
2026-08-15T19:01:10,1786845670.118,12.2150,1.5200,18.5668,14.42
2026-08-15T19:01:20,1786845680.376,12.2075,1.4338,17.5025,14.19
2026-08-15T19:01:30,1786845690.640,12.1988,1.3738,16.7580,13.93
2026-08-15T19:01:41,1786845701.067,12.1950,1.4087,17.1797,13.52
2026-08-15T19:01:51,1786845711.339,12.1850,1.3987,17.0438,13.25
2026-08-15T19:02:01,1786845721.650,12.1725,1.5275,18.5935,12.91
2026-08-15T19:02:11,1786845731.921,12.1775,1.3600,16.5614,12.68
2026-08-15T19:02:22,1786845742.166,12.1662,1.4412,17.5346,12.22
2026-08-15T19:02:32,1786845752.370,12.1638,1.3762,16.7404,11.89
2026-08-15T19:02:42,1786845762.576,12.1550,1.4713,17.8830,11.59
2026-08-15T19:02:52,1786845772.784,12.1450,1.4400,17.4888,11.17
2026-08-15T19:03:02,1786845782.995,12.1438,1.3688,16.6218,10.91
2026-08-15T19:03:13,1786845793.284,12.1338,1.3762,16.6991,10.62
2026-08-15T19:03:23,1786845803.618,12.1212,1.4250,17.2728,10.28
2026-08-15T19:03:33,1786845813.900,12.1113,1.3862,16.7892,10.02
2026-08-15T19:03:44,1786845824.162,12.1050,1.3713,16.5990,9.72
2026-08-15T19:03:54,1786845834.439,12.0925,1.3713,16.5818,9.36
2026-08-15T19:04:04,1786845844.736,12.0900,1.4175,17.1376,9.09
2026-08-15T19:04:14,1786845854.978,12.0900,1.3075,15.8077,8.87
2026-08-15T19:04:25,1786845865.318,12.0200,1.8538,22.2821,8.08
2026-08-15T19:04:35,1786845875.627,12.0425,1.4875,17.9132,7.58
2026-08-15T19:04:46,1786845886.048,12.0450,1.5200,18.3084,7.46
2026-08-15T19:04:56,1786845896.345,12.0337,1.3963,16.8021,7.19
2026-08-15T19:05:06,1786845906.594,12.0263,1.4338,17.2426,6.95
2026-08-15T19:05:16,1786845916.838,12.0225,1.4113,16.9668,6.71
2026-08-15T19:05:27,1786845927.167,12.0113,1.4763,17.7316,6.40
2026-08-15T19:05:37,1786845937.503,12.0013,1.4512,17.4168,6.05
2026-08-15T19:05:47,1786845947.692,11.9950,1.4725,17.6626,5.80
2026-08-15T19:05:58,1786845958.021,11.9638,1.5350,18.3644,5.56
2026-08-15T19:06:08,1786845968.304,11.9738,1.3263,15.8802,5.36
2026-08-15T19:06:18,1786845978.665,11.9500,1.3887,16.5956,5.16
2026-08-15T19:06:28,1786845988.993,11.9400,1.5975,19.0741,4.81
2026-08-15T19:06:39,1786845999.226,11.9300,1.4488,17.2836,4.57
2026-08-15T19:06:49,1786846009.545,11.9225,1.4675,17.4963,4.38
2026-08-15T19:06:59,1786846019.866,11.8887,1.5525,18.4573,3.98
2026-08-15T19:07:10,1786846030.073,11.8613,1.6550,19.6304,3.50
2026-08-15T19:07:20,1786846040.441,11.8663,1.3963,16.5683,3.17
2026-08-15T19:07:30,1786846050.739,11.8613,1.4900,17.6733,2.99
2026-08-15T19:07:41,1786846061.060,11.8450,1.4737,17.4566,2.67
2026-08-15T19:07:51,1786846071.340,11.8338,1.4388,17.0258,2.51
2026-08-15T19:08:01,1786846081.537,11.8163,1.6113,19.0389,2.30
2026-08-15T19:08:11,1786846091.842,11.8025,1.5825,18.6775,1.99
2026-08-15T19:08:22,1786846102.141,11.8000,1.3913,16.4168,1.74
2026-08-15T19:08:32,1786846112.544,11.7863,1.3575,15.9998,1.45
2026-08-15T19:08:42,1786846122.780,11.7675,1.4675,17.2688,1.11
2026-08-15T19:08:53,1786846133.091,11.7525,1.3887,16.3213,0.84
2026-08-15T19:09:03,1786846143.341,11.7338,1.5688,18.4073,0.53
2026-08-15T19:09:13,1786846153.681,11.7200,1.4925,17.4921,0.20
2026-08-15T19:09:24,1786846164.045,11.7050,1.5200,17.7916,0.00
2026-08-15T19:09:34,1786846174.413,11.6925,1.4013,16.3841,0.00
2026-08-15T19:09:44,1786846184.798,11.6700,1.4938,17.4321,0.00
2026-08-15T19:09:55,1786846195.005,11.6475,1.5250,17.7624,0.00
2026-08-15T19:10:05,1786846205.306,11.6425,1.4388,16.7506,0.00
2026-08-15T19:10:15,1786846215.579,11.6163,1.5375,17.8600,0.00
2026-08-15T19:10:25,1786846225.811,11.6000,1.4013,16.2545,0.00
2026-08-15T19:10:36,1786846236.081,11.5762,1.4400,16.6698,0.00
2026-08-15T19:10:46,1786846246.329,11.5488,1.6050,18.5357,0.00
2026-08-15T19:10:56,1786846256.518,11.5550,1.4250,16.4659,0.00
2026-08-15T19:11:06,1786846266.814,11.5275,1.5875,18.2999,0.00
2026-08-15T19:11:17,1786846277.039,11.5025,1.5988,18.3896,0.00
2026-08-15T19:11:27,1786846287.329,11.4887,1.4775,16.9746,0.00
2026-08-15T19:11:37,1786846297.565,11.4725,1.4913,17.1084,0.00
2026-08-15T19:11:47,1786846307.888,11.4500,1.6325,18.6921,0.00
2026-08-15T19:11:58,1786846318.144,11.4313,1.5350,17.5470,0.00
2026-08-15T19:12:08,1786846328.371,11.4013,1.5188,17.3156,0.00
2026-08-15T19:12:18,1786846338.736,11.3812,1.6313,18.5657,0.00
2026-08-15T19:12:28,1786846348.988,11.3613,1.5175,17.2407,0.00
2026-08-15T19:12:39,1786846359.275,11.3425,1.5837,17.9637,0.00
2026-08-15T19:12:49,1786846369.441,11.3112,1.5438,17.4617,0.00
2026-08-15T19:12:59,1786846379.619,11.2925,1.5613,17.6304,0.00
2026-08-15T19:13:09,1786846389.972,11.2737,1.4913,16.8120,0.00
2026-08-15T19:13:20,1786846400.306,11.2450,1.4675,16.5020,0.00
2026-08-15T19:13:30,1786846410.500,11.2138,1.5300,17.1570,0.00
2026-08-15T19:13:40,1786846420.685,11.1762,1.5875,17.7423,0.00
2026-08-15T19:13:50,1786846430.965,11.1562,1.6825,18.7704,0.00
2026-08-15T19:14:01,1786846441.437,11.1175,1.5850,17.6212,0.00
2026-08-15T19:14:11,1786846451.726,11.0938,1.7012,18.8732,0.00
2026-08-15T19:14:22,1786846462.120,11.0700,1.5113,16.7295,0.00
2026-08-15T19:14:32,1786846472.359,11.0275,1.5563,17.1615,0.00
2026-08-15T19:14:42,1786846482.609,10.9962,1.6513,18.1576,0.00
2026-08-15T19:14:52,1786846492.868,10.9638,1.6925,18.5561,0.00
2026-08-15T19:15:03,1786846503.224,10.9275,1.6388,17.9074,0.00
2026-08-15T19:15:13,1786846513.527,10.9000,1.4813,16.1456,0.00
2026-08-15T19:15:23,1786846523.878,10.8600,1.6000,17.3760,0.00
2026-08-15T19:15:34,1786846534.306,10.7963,1.7738,19.1498,0.00
2026-08-15T19:15:44,1786846544.634,10.7737,1.6425,17.6959,0.00
2026-08-15T19:15:55,1786846555.045,10.7350,1.5663,16.8137,0.00
2026-08-15T19:16:05,1786846565.300,10.6788,1.8088,19.3152,0.00
2026-08-15T19:16:15,1786846575.599,10.6475,1.5125,16.1043,0.00
2026-08-15T19:16:25,1786846585.970,10.5938,1.6450,17.4267,0.00
2026-08-15T19:16:36,1786846596.292,10.5400,1.6050,16.9167,0.00
2026-08-15T19:16:46,1786846606.503,10.4750,1.7150,17.9646,0.00
2026-08-15T19:16:56,1786846616.841,10.4162,1.8175,18.9315,0.00
2026-08-15T19:17:07,1786846627.188,10.3537,1.5825,16.3848,0.00
2026-08-15T19:17:17,1786846637.481,10.2688,1.6325,16.7637,0.00
2026-08-15T19:17:27,1786846647.774,10.1762,1.7838,18.1519,0.00
2026-08-15T19:17:37,1786846657.974,10.0775,1.8175,18.3159,0.00
2026-08-15T19:17:48,1786846668.290,9.9700,1.6500,16.4505,0.00
2026-08-15T19:17:58,1786846678.709,9.8275,1.8263,17.9475,0.00
2026-08-15T19:18:09,1786846689.057,9.6625,1.8150,17.5374,0.00
