ISO-10303-21;
HEADER;
FILE_DESCRIPTION (( 'STEP AP214' ),
    '1' );
FILE_NAME ('pa5100je_assembly.STEP',
    '2026-09-14T06:13:41',
    ( '' ),
    ( '' ),
    'SwSTEP 2.0',
    'SolidWorks 2024',
    '' );
FILE_SCHEMA (( 'AUTOMOTIVE_DESIGN' ));
ENDSEC;

DATA;
#1 = CIRCLE ( 'NONE', #2382, 1.249999999999999334 ) ;
#2 = ORIENTED_EDGE ( 'NONE', *, *, #4194, .T. ) ;
#3 = CARTESIAN_POINT ( 'NONE',  ( -61.00000000000001421, 2.000000000000001776, 96.90598270084805677 ) ) ;
#4 = VECTOR ( 'NONE', #5429, 1000.000000000000000 ) ;
#5 = CARTESIAN_POINT ( 'NONE',  ( 11.00000000000000355, 2.000000000000000000, 6.000000000000000000 ) ) ;
#6 = EDGE_CURVE ( 'NONE', #1291, #5555, #3403, .T. ) ;
#7 = CARTESIAN_POINT ( 'NONE',  ( -61.00000000000001421, 2.000000000000001776, 96.90598270084805677 ) ) ;
#8 = EDGE_CURVE ( 'NONE', #3784, #4675, #1554, .T. ) ;
#9 = VERTEX_POINT ( 'NONE', #4208 ) ;
#10 = ORIENTED_EDGE ( 'NONE', *, *, #4918, .T. ) ;
#11 = ORIENTED_EDGE ( 'NONE', *, *, #1167, .F. ) ;
#12 = CIRCLE ( 'NONE', #3692, 2.250000000000008882 ) ;
#13 = DIRECTION ( 'NONE',  ( 0.000000000000000000, -1.000000000000000000, 0.000000000000000000 ) ) ;
#14 = DIRECTION ( 'NONE',  ( 0.4999999999999992784, 0.000000000000000000, -0.8660254037844390407 ) ) ;
#15 = CARTESIAN_POINT ( 'NONE',  ( 16.51554445662303294, 2.200000000000000178, 84.37500000000012790 ) ) ;
#16 = VECTOR ( 'NONE', #4645, 1000.000000000000000 ) ;
#17 = ORIENTED_EDGE ( 'NONE', *, *, #4393, .T. ) ;
#18 = AXIS2_PLACEMENT_3D ( 'NONE', #5038, #1085, #2809 ) ;
#19 = PLANE ( 'NONE',  #3921 ) ;
#20 = EDGE_CURVE ( 'NONE', #4066, #4554, #5158, .T. ) ;
#21 = CARTESIAN_POINT ( 'NONE',  ( -78.39788897460657324, 3.000000000000000000, 19.07050236186967140 ) ) ;
#22 = VECTOR ( 'NONE', #2705, 1000.000000000000227 ) ;
#23 =( NAMED_UNIT ( * ) SI_UNIT ( $, .STERADIAN. ) SOLID_ANGLE_UNIT ( ) );
#24 = CARTESIAN_POINT ( 'NONE',  ( 81.00000000000001421, 2.000000000000001776, 21.90598270084813493 ) ) ;
#25 = ADVANCED_FACE ( 'NONE', ( #1129 ), #264, .T. ) ;
#26 = VECTOR ( 'NONE', #4031, 1000.000000000000114 ) ;
#27 = EDGE_CURVE ( 'NONE', #3946, #1325, #3346, .T. ) ;
#28 = ORIENTED_EDGE ( 'NONE', *, *, #4809, .T. ) ;
#29 = AXIS2_PLACEMENT_3D ( 'NONE', #5278, #438, #4659 ) ;
#30 = EDGE_LOOP ( 'NONE', ( #3912, #5342, #871, #5509 ) ) ;
#31 = CARTESIAN_POINT ( 'NONE',  ( 76.00000000000001421, 5.000000000000000000, 21.25076433052315039 ) ) ;
#32 = AXIS2_PLACEMENT_3D ( 'NONE', #2462, #548, #3603 ) ;
#33 = DIRECTION ( 'NONE',  ( 0.000000000000000000, 1.000000000000000000, -0.000000000000000000 ) ) ;
#34 = DIRECTION ( 'NONE',  ( -0.000000000000000000, -1.000000000000000000, -0.000000000000000000 ) ) ;
#35 = EDGE_LOOP ( 'NONE', ( #421, #1363, #1259, #181 ) ) ;
#36 = CARTESIAN_POINT ( 'NONE',  ( 45.24999999999977973, 5.000000000000000000, 7.658169491507338505E-15 ) ) ;
#37 = CARTESIAN_POINT ( 'NONE',  ( 7.800000000000019362, 0.000000000000000000, 34.42555455687872978 ) ) ;
#38 = DIRECTION ( 'NONE',  ( -1.000000000000000000, 0.000000000000000000, -0.000000000000000000 ) ) ;
#39 = DIRECTION ( 'NONE',  ( 0.5773502691896238437, 0.5773502691896255090, 0.5773502691896279515 ) ) ;
#40 = EDGE_LOOP ( 'NONE', ( #2145, #2911, #4406, #5377, #4705 ) ) ;
#41 = EDGE_LOOP ( 'NONE', ( #1620, #5424, #3374, #2561 ) ) ;
#42 = ORIENTED_EDGE ( 'NONE', *, *, #5475, .T. ) ;
#43 = ADVANCED_FACE ( 'NONE', ( #2473 ), #294, .F. ) ;
#44 = FACE_OUTER_BOUND ( 'NONE', #4983, .T. ) ;
#45 = LINE ( 'NONE', #1785, #4590 ) ;
#46 = LINE ( 'NONE', #3615, #1122 ) ;
#47 = ORIENTED_EDGE ( 'NONE', *, *, #3026, .F. ) ;
#48 = ORIENTED_EDGE ( 'NONE', *, *, #1021, .F. ) ;
#49 = CARTESIAN_POINT ( 'NONE',  ( 9.000000000000005329, 0.000000000000000000, 8.000000000000007105 ) ) ;
#50 = DIRECTION ( 'NONE',  ( -0.000000000000000000, -1.000000000000000000, -0.000000000000000000 ) ) ;
#51 = CARTESIAN_POINT ( 'NONE',  ( 15.00000000000025402, 22.50000000000000000, 87.00000000000012790 ) ) ;
#52 = VECTOR ( 'NONE', #4233, 1000.000000000000000 ) ;
#53 = ADVANCED_FACE ( 'NONE', ( #1339 ), #5350, .F. ) ;
#54 = ORIENTED_EDGE ( 'NONE', *, *, #367, .F. ) ;
#55 = MANIFOLD_SOLID_BREP ( 'Chamfer5', #1616 ) ;
#56 = ORIENTED_EDGE ( 'NONE', *, *, #1141, .F. ) ;
#57 = CARTESIAN_POINT ( 'NONE',  ( 9.300000000000030909, -1.000000000000014655, 23.25598270084804753 ) ) ;
#58 = DIRECTION ( 'NONE',  ( 0.5000000000000006661, 0.000000000000000000, -0.8660254037844382635 ) ) ;
#59 = CARTESIAN_POINT ( 'NONE',  ( -80.99999999999998579, 2.000000000000000000, -20.54375958487979048 ) ) ;
#60 = DIRECTION ( 'NONE',  ( 0.000000000000000000, 0.000000000000000000, 1.000000000000000000 ) ) ;
#61 = EDGE_CURVE ( 'NONE', #5252, #5233, #5290, .T. ) ;
#62 = ORIENTED_EDGE ( 'NONE', *, *, #2759, .T. ) ;
#63 = FACE_BOUND ( 'NONE', #2674, .T. ) ;
#64 = CARTESIAN_POINT ( 'NONE',  ( 50.00000000000000000, 2.500000000000000000, 101.0000000000000142 ) ) ;
#65 = DIRECTION ( 'NONE',  ( 0.000000000000000000, 0.000000000000000000, 1.000000000000000000 ) ) ;
#66 = ADVANCED_FACE ( 'NONE', ( #2613, #1826 ), #2263, .T. ) ;
#67 = VECTOR ( 'NONE', #533, 1000.000000000000114 ) ;
#68 = DIRECTION ( 'NONE',  ( -5.299285731321464636E-16, 0.000000000000000000, 1.000000000000000000 ) ) ;
#69 = VECTOR ( 'NONE', #2234, 1000.000000000000000 ) ;
#70 = EDGE_LOOP ( 'NONE', ( #2796, #4437, #1837, #2222 ) ) ;
#71 = ORIENTED_EDGE ( 'NONE', *, *, #5281, .T. ) ;
#72 = ORIENTED_EDGE ( 'NONE', *, *, #199, .F. ) ;
#73 = CARTESIAN_POINT ( 'NONE',  ( 78.39999999999999147, 10.00000000000000000, 16.06828170427217728 ) ) ;
#74 = VECTOR ( 'NONE', #1994, 1000.000000000000000 ) ;
#75 = CARTESIAN_POINT ( 'NONE',  ( 7.800000000000030909, -1.000000000000028644, 28.92555455687869781 ) ) ;
#76 = DIRECTION ( 'NONE',  ( -1.000000000000000000, -0.000000000000000000, -0.000000000000000000 ) ) ;
#77 = ORIENTED_EDGE ( 'NONE', *, *, #1076, .F. ) ;
#78 = ORIENTED_EDGE ( 'NONE', *, *, #4617, .T. ) ;
#79 = DIRECTION ( 'NONE',  ( -0.000000000000000000, -0.000000000000000000, -1.000000000000000000 ) ) ;
#80 = LINE ( 'NONE', #21, #1910 ) ;
#81 = DIRECTION ( 'NONE',  ( 0.000000000000000000, 0.000000000000000000, 1.000000000000000000 ) ) ;
#82 = EDGE_CURVE ( 'NONE', #138, #3185, #4365, .T. ) ;
#83 = DIRECTION ( 'NONE',  ( 1.000000000000000000, -0.000000000000000000, 0.000000000000000000 ) ) ;
#84 = ORIENTED_EDGE ( 'NONE', *, *, #1546, .T. ) ;
#85 = VERTEX_POINT ( 'NONE', #2171 ) ;
#86 = DIRECTION ( 'NONE',  ( 0.5031857961370476140, 0.000000000000000000, 0.8641782539302440558 ) ) ;
#87 = DIRECTION ( 'NONE',  ( 0.000000000000000000, 0.000000000000000000, -1.000000000000000000 ) ) ;
#88 = CARTESIAN_POINT ( 'NONE',  ( 78.65372625720931410, 3.000000000000000888, -20.93718474039629740 ) ) ;
#89 = CARTESIAN_POINT ( 'NONE',  ( 42.99999999999978684, 5.000000000000000000, 4.500000000000170530 ) ) ;
#90 = VECTOR ( 'NONE', #1356, 1000.000000000000000 ) ;
#91 = ORIENTED_EDGE ( 'NONE', *, *, #1201, .F. ) ;
#92 = PLANE ( 'NONE',  #5257 ) ;
#93 = LINE ( 'NONE', #4899, #1279 ) ;
#94 = PLANE ( 'NONE',  #1935 ) ;
#95 = FACE_OUTER_BOUND ( 'NONE', #2359, .T. ) ;
#96 = VECTOR ( 'NONE', #2891, 1000.000000000000114 ) ;
#97 = EDGE_CURVE ( 'NONE', #5091, #4051, #1796, .T. ) ;
#98 = ORIENTED_EDGE ( 'NONE', *, *, #342, .T. ) ;
#99 = EDGE_CURVE ( 'NONE', #4220, #5276, #910, .T. ) ;
#100 = ORIENTED_EDGE ( 'NONE', *, *, #4574, .T. ) ;
#101 = AXIS2_PLACEMENT_3D ( 'NONE', #1171, #5576, #4306 ) ;
#102 = EDGE_LOOP ( 'NONE', ( #4682, #4782, #3236, #2525 ) ) ;
#103 = LINE ( 'NONE', #583, #1656 ) ;
#104 = LINE ( 'NONE', #4559, #304 ) ;
#105 = CARTESIAN_POINT ( 'NONE',  ( 9.299999999999998934, 2.000000000000000000, -10.54999999999999716 ) ) ;
#106 = ORIENTED_EDGE ( 'NONE', *, *, #4894, .T. ) ;
#107 = EDGE_LOOP ( 'NONE', ( #5678, #1965 ) ) ;
#108 = CARTESIAN_POINT ( 'NONE',  ( -61.00000000000002132, 5.000000000000000000, 110.0000000000000000 ) ) ;
#109 = DIRECTION ( 'NONE',  ( -0.8656736124572120827, 0.000000000000000000, 0.5006088260261506440 ) ) ;
#110 = DIRECTION ( 'NONE',  ( 0.000000000000000000, 0.000000000000000000, 1.000000000000000000 ) ) ;
#111 = DIRECTION ( 'NONE',  ( 0.000000000000000000, 0.000000000000000000, 1.000000000000000000 ) ) ;
#112 = VECTOR ( 'NONE', #5507, 1000.000000000000000 ) ;
#113 = VERTEX_POINT ( 'NONE', #3507 ) ;
#114 = ORIENTED_EDGE ( 'NONE', *, *, #4555, .T. ) ;
#115 = AXIS2_PLACEMENT_3D ( 'NONE', #5638, #5182, #2989 ) ;
#116 = LINE ( 'NONE', #3246, #251 ) ;
#117 = DIRECTION ( 'NONE',  ( 0.000000000000000000, 0.000000000000000000, -1.000000000000000000 ) ) ;
#118 = EDGE_CURVE ( 'NONE', #526, #2883, #538, .T. ) ;
#119 = DIRECTION ( 'NONE',  ( 0.000000000000000000, 0.000000000000000000, 1.000000000000000000 ) ) ;
#120 = CARTESIAN_POINT ( 'NONE',  ( 9.300000000000030909, -1.000000000000014655, 23.25598270084804753 ) ) ;
#121 = CIRCLE ( 'NONE', #18, 1.500000000000001332 ) ;
#122 = ORIENTED_EDGE ( 'NONE', *, *, #2600, .T. ) ;
#123 = CIRCLE ( 'NONE', #1126, 2.500000000000033307 ) ;
#124 = DIRECTION ( 'NONE',  ( 0.000000000000000000, 0.000000000000000000, -1.000000000000000000 ) ) ;
#125 = LINE ( 'NONE', #64, #450 ) ;
#126 = CARTESIAN_POINT ( 'NONE',  ( 13.48445554337749819, 2.200000000000000178, 84.37500000000012790 ) ) ;
#127 = CARTESIAN_POINT ( 'NONE',  ( 56.00000000000000000, 10.00000000000000000, 110.0000000000000142 ) ) ;
#128 = VECTOR ( 'NONE', #4509, 1000.000000000000000 ) ;
#129 = ORIENTED_EDGE ( 'NONE', *, *, #3023, .F. ) ;
#130 = EDGE_CURVE ( 'NONE', #4328, #5648, #3072, .T. ) ;
#131 = ORIENTED_EDGE ( 'NONE', *, *, #2732, .F. ) ;
#132 = ORIENTED_EDGE ( 'NONE', *, *, #4745, .T. ) ;
#133 = LINE ( 'NONE', #5338, #5528 ) ;
#134 = DIRECTION ( 'NONE',  ( 0.000000000000000000, -0.000000000000000000, -1.000000000000000000 ) ) ;
#135 = EDGE_CURVE ( 'NONE', #5297, #2451, #1366, .T. ) ;
#136 = CARTESIAN_POINT ( 'NONE',  ( -9.299999999999968736, -1.000000000000013101, 20.60598270084804895 ) ) ;
#137 = VERTEX_POINT ( 'NONE', #451 ) ;
#138 = VERTEX_POINT ( 'NONE', #4054 ) ;
#139 = LINE ( 'NONE', #4565, #67 ) ;
#140 = PLANE ( 'NONE',  #2183 ) ;
#141 = DIRECTION ( 'NONE',  ( 0.000000000000000000, 0.000000000000000000, -1.000000000000000000 ) ) ;
#142 = EDGE_LOOP ( 'NONE', ( #2629, #3213, #504, #783, #1448, #2574 ) ) ;
#143 = CARTESIAN_POINT ( 'NONE',  ( 40.74999999999976552, 5.000000000000000000, 45.50000000000012079 ) ) ;
#144 = LINE ( 'NONE', #5493, #286 ) ;
#145 = DIRECTION ( 'NONE',  ( 1.445602896647339163E-16, 0.000000000000000000, 1.000000000000000000 ) ) ;
#146 = DIRECTION ( 'NONE',  ( 0.9999932193701946970, 0.000000000000000000, -0.003682555313065093063 ) ) ;
#147 = EDGE_CURVE ( 'NONE', #2169, #5306, #3592, .T. ) ;
#148 = ORIENTED_EDGE ( 'NONE', *, *, #4616, .T. ) ;
#149 = AXIS2_PLACEMENT_3D ( 'NONE', #884, #4923, #60 ) ;
#150 = CARTESIAN_POINT ( 'NONE',  ( 47.00000000000000000, 3.999999999999988898, 101.0000000000000000 ) ) ;
#151 = CARTESIAN_POINT ( 'NONE',  ( -9.299999999999968736, -6.000000000000000000, 21.85598270084804895 ) ) ;
#152 = CYLINDRICAL_SURFACE ( 'NONE', #1241, 1.899999999999999689 ) ;
#153 = DIRECTION ( 'NONE',  ( 1.000000000000000000, -0.000000000000000000, -1.084202172485505543E-16 ) ) ;
#154 = EDGE_CURVE ( 'NONE', #5450, #4966, #4920, .T. ) ;
#155 = EDGE_LOOP ( 'NONE', ( #2591, #2274 ) ) ;
#156 = ORIENTED_EDGE ( 'NONE', *, *, #1585, .T. ) ;
#157 = ORIENTED_EDGE ( 'NONE', *, *, #2856, .F. ) ;
#158 = LINE ( 'NONE', #1897, #2209 ) ;
#159 = DIRECTION ( 'NONE',  ( -0.000000000000000000, -1.000000000000000000, -0.000000000000000000 ) ) ;
#160 = DIRECTION ( 'NONE',  ( 0.000000000000000000, 0.000000000000000000, 1.000000000000000000 ) ) ;
#161 = ORIENTED_EDGE ( 'NONE', *, *, #1245, .T. ) ;
#162 = ORIENTED_EDGE ( 'NONE', *, *, #3788, .F. ) ;
#163 = VECTOR ( 'NONE', #1635, 999.9999999999998863 ) ;
#164 = CARTESIAN_POINT ( 'NONE',  ( 16.51554445662303294, 0.000000000000000000, 84.37500000000012790 ) ) ;
#165 = PLANE ( 'NONE',  #905 ) ;
#166 = CARTESIAN_POINT ( 'NONE',  ( 9.300000000000030909, -6.000000000000000000, 31.92555455687869070 ) ) ;
#167 = AXIS2_PLACEMENT_3D ( 'NONE', #5601, #3415, #2024 ) ;
#168 = ADVANCED_FACE ( 'NONE', ( #3128 ), #969, .T. ) ;
#169 = VERTEX_POINT ( 'NONE', #2812 ) ;
#170 = EDGE_CURVE ( 'NONE', #1831, #1312, #3275, .T. ) ;
#171 = CARTESIAN_POINT ( 'NONE',  ( -78.39999999999999147, 3.000000000000000888, 16.06828170427217728 ) ) ;
#172 = LINE ( 'NONE', #5602, #2951 ) ;
#173 = CARTESIAN_POINT ( 'NONE',  ( -12.00000000000000000, 2.000000000000000000, -10.99999999999999289 ) ) ;
#174 = CARTESIAN_POINT ( 'NONE',  ( 15.00000000000025402, 2.200000000000000622, 85.75000000000012790 ) ) ;
#175 = VERTEX_POINT ( 'NONE', #4109 ) ;
#176 = DIRECTION ( 'NONE',  ( 0.000000000000000000, 0.000000000000000000, 1.000000000000000000 ) ) ;
#177 = DIRECTION ( 'NONE',  ( -0.4947203262777916666, 0.000000000000000000, -0.8690522416791727212 ) ) ;
#178 = CARTESIAN_POINT ( 'NONE',  ( -10.78525995046028996, 2.500000000000000000, 17.99689546334679591 ) ) ;
#179 = CARTESIAN_POINT ( 'NONE',  ( 9.300000000000030909, -1.000000000000014655, 17.95598270084804682 ) ) ;
#180 = AXIS2_PLACEMENT_3D ( 'NONE', #1565, #3326, #2076 ) ;
#181 = ORIENTED_EDGE ( 'NONE', *, *, #2093, .F. ) ;
#182 = ORIENTED_EDGE ( 'NONE', *, *, #1979, .F. ) ;
#183 = EDGE_LOOP ( 'NONE', ( #435, #4676, #4919, #1276, #1188 ) ) ;
#184 = VECTOR ( 'NONE', #5512, 1000.000000000000000 ) ;
#185 = LINE ( 'NONE', #5453, #2584 ) ;
#186 = EDGE_CURVE ( 'NONE', #310, #3836, #116, .T. ) ;
#187 = CARTESIAN_POINT ( 'NONE',  ( -7.799999999999958078, -6.000000000000000000, 27.42555455687869781 ) ) ;
#188 = CARTESIAN_POINT ( 'NONE',  ( 9.299999999999998934, 0.000000000000000000, -8.049999999999998934 ) ) ;
#189 = ORIENTED_EDGE ( 'NONE', *, *, #932, .F. ) ;
#190 = CIRCLE ( 'NONE', #4872, 1.500000000000001332 ) ;
#191 = VERTEX_POINT ( 'NONE', #995 ) ;
#192 = LINE ( 'NONE', #5399, #5684 ) ;
#193 = DIRECTION ( 'NONE',  ( 1.000000000000000000, 0.000000000000000000, -0.000000000000000000 ) ) ;
#194 = LINE ( 'NONE', #3211, #3893 ) ;
#195 = VERTEX_POINT ( 'NONE', #143 ) ;
#196 = EDGE_CURVE ( 'NONE', #4723, #5232, #4600, .T. ) ;
#197 = CARTESIAN_POINT ( 'NONE',  ( -78.39788897460657324, 0.000000000000000000, 19.07050236186967140 ) ) ;
#198 = CARTESIAN_POINT ( 'NONE',  ( 61.00000000000000000, 2.000000000000001776, 110.0000000000000000 ) ) ;
#199 = EDGE_CURVE ( 'NONE', #967, #865, #4512, .T. ) ;
#200 = DIRECTION ( 'NONE',  ( 1.000000000000000000, 0.000000000000000000, 0.000000000000000000 ) ) ;
#201 = AXIS2_PLACEMENT_3D ( 'NONE', #5235, #5557, #1630 ) ;
#202 = DIRECTION ( 'NONE',  ( -0.000000000000000000, 1.000000000000000000, -0.000000000000000000 ) ) ;
#203 = EDGE_CURVE ( 'NONE', #191, #465, #3653, .T. ) ;
#204 = AXIS2_PLACEMENT_3D ( 'NONE', #3483, #2973, #431 ) ;
#205 = ORIENTED_EDGE ( 'NONE', *, *, #3007, .T. ) ;
#206 = CARTESIAN_POINT ( 'NONE',  ( 79.00000000000001421, 0.000000000000000000, -24.98948490156884716 ) ) ;
#207 = CIRCLE ( 'NONE', #1031, 1.249999999999997558 ) ;
#208 = DIRECTION ( 'NONE',  ( 0.9999932193701946970, 0.000000000000000000, -0.003682555313065093063 ) ) ;
#209 = DIRECTION ( 'NONE',  ( 0.000000000000000000, 0.000000000000000000, -1.000000000000000000 ) ) ;
#210 = CIRCLE ( 'NONE', #657, 1.000000000000000000 ) ;
#211 = AXIS2_PLACEMENT_3D ( 'NONE', #1186, #4732, #2098 ) ;
#212 = ORIENTED_EDGE ( 'NONE', *, *, #3195, .T. ) ;
#213 = ORIENTED_EDGE ( 'NONE', *, *, #1096, .T. ) ;
#214 = EDGE_LOOP ( 'NONE', ( #2443, #1761, #592, #1582 ) ) ;
#215 = DIRECTION ( 'NONE',  ( -0.000000000000000000, 1.000000000000000000, -0.000000000000000000 ) ) ;
#216 = CIRCLE ( 'NONE', #2410, 2.250000000000008882 ) ;
#217 = DIRECTION ( 'NONE',  ( 0.000000000000000000, 1.000000000000000000, 0.000000000000000000 ) ) ;
#218 = LINE ( 'NONE', #1957, #1300 ) ;
#219 = VERTEX_POINT ( 'NONE', #567 ) ;
#220 = ADVANCED_FACE ( 'NONE', ( #3625 ), #5308, .T. ) ;
#221 = ORIENTED_EDGE ( 'NONE', *, *, #5614, .F. ) ;
#222 = AXIS2_PLACEMENT_3D ( 'NONE', #4079, #5063, #141 ) ;
#223 = VERTEX_POINT ( 'NONE', #593 ) ;
#224 = DIRECTION ( 'NONE',  ( 0.9662349396012462899, -0.000000000000000000, 0.2576626505603324957 ) ) ;
#225 = LINE ( 'NONE', #3299, #2652 ) ;
#226 = LINE ( 'NONE', #1963, #489 ) ;
#227 = ADVANCED_FACE ( 'NONE', ( #1450 ), #1939, .F. ) ;
#228 = ORIENTED_EDGE ( 'NONE', *, *, #1633, .F. ) ;
#229 = DIRECTION ( 'NONE',  ( -0.4999999999999995004, 0.000000000000000000, 0.8660254037844389297 ) ) ;
#230 = CARTESIAN_POINT ( 'NONE',  ( 78.65372625720931410, 3.000000000000000888, -23.43718474039629385 ) ) ;
#231 = CARTESIAN_POINT ( 'NONE',  ( -56.00000000000002132, 5.000000000000000000, 96.25076433052301184 ) ) ;
#232 = CARTESIAN_POINT ( 'NONE',  ( -7.799999999999958078, 0.000000000000000000, 26.42555455687866939 ) ) ;
#233 = ADVANCED_FACE ( 'NONE', ( #5378 ), #4169, .T. ) ;
#234 = ORIENTED_EDGE ( 'NONE', *, *, #4103, .T. ) ;
#235 = DIRECTION ( 'NONE',  ( 0.8650360116844535430, 0.000000000000000000, 0.5017097751579632225 ) ) ;
#236 = CARTESIAN_POINT ( 'NONE',  ( -2.249999999999999556, 4.000000000000000000, -0.4999999999999987232 ) ) ;
#237 = LINE ( 'NONE', #3776, #4924 ) ;
#238 = AXIS2_PLACEMENT_3D ( 'NONE', #5323, #3131, #3075 ) ;
#239 = ORIENTED_EDGE ( 'NONE', *, *, #4374, .T. ) ;
#240 = VERTEX_POINT ( 'NONE', #4976 ) ;
#241 = EDGE_CURVE ( 'NONE', #1887, #1810, #4945, .T. ) ;
#242 = VERTEX_POINT ( 'NONE', #3650 ) ;
#243 = DIRECTION ( 'NONE',  ( 0.000000000000000000, 1.000000000000000000, 0.000000000000000000 ) ) ;
#244 = PLANE ( 'NONE',  #1671 ) ;
#245 = EDGE_LOOP ( 'NONE', ( #3616, #1345, #4193, #4743, #2157, #5245, #5517, #246 ) ) ;
#246 = ORIENTED_EDGE ( 'NONE', *, *, #2123, .T. ) ;
#247 = VERTEX_POINT ( 'NONE', #2402 ) ;
#248 = CYLINDRICAL_SURFACE ( 'NONE', #1914, 2.250000000000001776 ) ;
#249 = DIRECTION ( 'NONE',  ( 0.000000000000000000, 0.000000000000000000, -1.000000000000000000 ) ) ;
#250 = DIRECTION ( 'NONE',  ( 0.000000000000000000, 0.000000000000000000, -1.000000000000000000 ) ) ;
#251 = VECTOR ( 'NONE', #2841, 1000.000000000000227 ) ;
#252 = ORIENTED_EDGE ( 'NONE', *, *, #4248, .F. ) ;
#253 = EDGE_CURVE ( 'NONE', #1783, #4706, #624, .T. ) ;
#254 = CARTESIAN_POINT ( 'NONE',  ( -7.799999999999958078, -1.000000000000028644, 27.42555455687869781 ) ) ;
#255 = LINE ( 'NONE', #2787, #3516 ) ;
#256 = FACE_BOUND ( 'NONE', #2212, .T. ) ;
#257 = CARTESIAN_POINT ( 'NONE',  ( -78.99999999999998579, 0.000000000000000000, 13.41181317930834105 ) ) ;
#258 = VERTEX_POINT ( 'NONE', #2786 ) ;
#259 = CARTESIAN_POINT ( 'NONE',  ( -18.03106836055345141, 0.000000000000000000, 87.01116215258194586 ) ) ;
#260 = CARTESIAN_POINT ( 'NONE',  ( -10.81690585313565833, 2.500000000000000000, 23.19679916792093266 ) ) ;
#261 = CARTESIAN_POINT ( 'NONE',  ( -7.814740049539647515, 2.500000000000000000, 23.21506993834929844 ) ) ;
#262 = ORIENTED_EDGE ( 'NONE', *, *, #4274, .F. ) ;
#263 = ORIENTED_EDGE ( 'NONE', *, *, #5242, .F. ) ;
#264 = CYLINDRICAL_SURFACE ( 'NONE', #3003, 1.500000000000001332 ) ;
#265 = CARTESIAN_POINT ( 'NONE',  ( 7.798889300107008538, 2.500000000000000000, 23.20598270084804682 ) ) ;
#266 = VECTOR ( 'NONE', #2838, 1000.000000000000114 ) ;
#267 = EDGE_CURVE ( 'NONE', #1634, #4944, #5067, .T. ) ;
#268 = DIRECTION ( 'NONE',  ( 0.4947203262777915556, 0.000000000000000000, 0.8690522416791729432 ) ) ;
#269 = EDGE_CURVE ( 'NONE', #3694, #415, #2170, .T. ) ;
#270 = ORIENTED_EDGE ( 'NONE', *, *, #2635, .T. ) ;
#271 = ORIENTED_EDGE ( 'NONE', *, *, #599, .T. ) ;
#272 = AXIS2_PLACEMENT_3D ( 'NONE', #5195, #4061, #2240 ) ;
#273 = ORIENTED_EDGE ( 'NONE', *, *, #3106, .T. ) ;
#274 = FACE_OUTER_BOUND ( 'NONE', #1147, .T. ) ;
#275 = DIRECTION ( 'NONE',  ( -0.000000000000000000, -1.000000000000000000, -0.000000000000000000 ) ) ;
#276 = DIRECTION ( 'NONE',  ( -0.000000000000000000, -0.000000000000000000, -1.000000000000000000 ) ) ;
#277 = AXIS2_PLACEMENT_3D ( 'NONE', #1229, #5552, #5146 ) ;
#278 = ORIENTED_EDGE ( 'NONE', *, *, #4274, .T. ) ;
#279 = VECTOR ( 'NONE', #3004, 1000.000000000000000 ) ;
#280 = DIRECTION ( 'NONE',  ( 0.000000000000000000, 0.000000000000000000, 1.000000000000000000 ) ) ;
#281 = DIRECTION ( 'NONE',  ( 0.000000000000000000, -1.000000000000000000, 0.000000000000000000 ) ) ;
#282 = CARTESIAN_POINT ( 'NONE',  ( -42.99999999999980105, 0.000000000000000000, 2.250000000000133671 ) ) ;
#283 = FACE_BOUND ( 'NONE', #245, .T. ) ;
#284 = DIRECTION ( 'NONE',  ( 1.000000000000000000, -0.000000000000000000, 0.000000000000000000 ) ) ;
#285 = VERTEX_POINT ( 'NONE', #2372 ) ;
#286 = VECTOR ( 'NONE', #2842, 1000.000000000000114 ) ;
#287 = LINE ( 'NONE', #1205, #3702 ) ;
#288 = CARTESIAN_POINT ( 'NONE',  ( 10.99999999999999467, 0.000000000000000000, 7.000000000000000000 ) ) ;
#289 = DIRECTION ( 'NONE',  ( -0.000000000000000000, -1.000000000000000000, -0.000000000000000000 ) ) ;
#290 = LINE ( 'NONE', #2006, #2249 ) ;
#291 = AXIS2_PLACEMENT_3D ( 'NONE', #4463, #3108, #38 ) ;
#292 = ORIENTED_EDGE ( 'NONE', *, *, #2656, .T. ) ;
#293 = ORIENTED_EDGE ( 'NONE', *, *, #632, .F. ) ;
#294 = PLANE ( 'NONE',  #4664 ) ;
#295 = AXIS2_PLACEMENT_3D ( 'NONE', #3688, #3749, #235 ) ;
#296 = CARTESIAN_POINT ( 'NONE',  ( 81.25372625720933684, 3.000000000000000000, -20.68607404050327503 ) ) ;
#297 = FACE_OUTER_BOUND ( 'NONE', #2568, .T. ) ;
#298 = VECTOR ( 'NONE', #276, 1000.000000000000000 ) ;
#299 = EDGE_CURVE ( 'NONE', #247, #355, #1967, .T. ) ;
#300 = ORIENTED_EDGE ( 'NONE', *, *, #5054, .T. ) ;
#301 = VECTOR ( 'NONE', #1596, 1000.000000000000000 ) ;
#302 = VERTEX_POINT ( 'NONE', #5492 ) ;
#303 = EDGE_LOOP ( 'NONE', ( #3408, #3724, #4502, #2710 ) ) ;
#304 = VECTOR ( 'NONE', #611, 1000.000000000000000 ) ;
#305 = EDGE_CURVE ( 'NONE', #138, #1174, #4138, .T. ) ;
#306 = DIRECTION ( 'NONE',  ( 0.000000000000000000, -0.000000000000000000, -1.000000000000000000 ) ) ;
#307 = DIRECTION ( 'NONE',  ( 0.000000000000000000, 0.000000000000000000, -1.000000000000000000 ) ) ;
#308 = DIRECTION ( 'NONE',  ( 0.000000000000000000, 0.000000000000000000, 1.000000000000000000 ) ) ;
#309 = AXIS2_PLACEMENT_3D ( 'NONE', #2610, #4720, #3826 ) ;
#310 = VERTEX_POINT ( 'NONE', #197 ) ;
#311 = LINE ( 'NONE', #4746, #74 ) ;
#312 = CARTESIAN_POINT ( 'NONE',  ( -50.00000000000000711, 2.500000000000000000, 110.0000000000000000 ) ) ;
#313 = PLANE ( 'NONE',  #3587 ) ;
#314 = CARTESIAN_POINT ( 'NONE',  ( -14.99999999999974598, 22.50000000000000000, 87.00000000000012790 ) ) ;
#315 = CARTESIAN_POINT ( 'NONE',  ( -11.96893163944603344, 0.000000000000000000, 86.98883784741830993 ) ) ;
#316 = ORIENTED_EDGE ( 'NONE', *, *, #3181, .F. ) ;
#317 = ADVANCED_FACE ( 'NONE', ( #3712 ), #1114, .F. ) ;
#318 = CARTESIAN_POINT ( 'NONE',  ( -78.39999999999999147, 10.00000000000000000, 16.06828170427217728 ) ) ;
#319 = DIRECTION ( 'NONE',  ( -0.8660254037844382635, 0.000000000000000000, -0.5000000000000006661 ) ) ;
#320 = LINE ( 'NONE', #5640, #2194 ) ;
#321 = LINE ( 'NONE', #4343, #597 ) ;
#322 = ORIENTED_EDGE ( 'NONE', *, *, #2272, .T. ) ;
#323 = ORIENTED_EDGE ( 'NONE', *, *, #147, .F. ) ;
#324 = DIRECTION ( 'NONE',  ( -0.000000000000000000, -1.000000000000000000, -0.000000000000000000 ) ) ;
#325 = ADVANCED_FACE ( 'NONE', ( #5144 ), #2081, .F. ) ;
#326 = CARTESIAN_POINT ( 'NONE',  ( -40.74999999999979394, 10.00000000000000000, 45.50000000000012079 ) ) ;
#327 = VECTOR ( 'NONE', #2355, 1000.000000000000000 ) ;
#328 = EDGE_LOOP ( 'NONE', ( #1079, #2877, #4584, #697 ) ) ;
#329 = ORIENTED_EDGE ( 'NONE', *, *, #3419, .T. ) ;
#330 = ORIENTED_EDGE ( 'NONE', *, *, #1084, .T. ) ;
#331 = VECTOR ( 'NONE', #3250, 1000.000000000000000 ) ;
#332 = CARTESIAN_POINT ( 'NONE',  ( 10.80111069989304262, 5.000000000000000000, 18.00598270084806174 ) ) ;
#333 = CARTESIAN_POINT ( 'NONE',  ( 78.39999999999999147, -13.20000000000000462, 16.06828170427217728 ) ) ;
#334 = CARTESIAN_POINT ( 'NONE',  ( 11.00000000000000355, 0.000000000000000000, 6.000000000000000000 ) ) ;
#335 = VERTEX_POINT ( 'NONE', #3794 ) ;
#336 = CARTESIAN_POINT ( 'NONE',  ( -45.24999999999980815, 10.00000000000000000, 45.50000000000009948 ) ) ;
#337 = CARTESIAN_POINT ( 'NONE',  ( -75.80105615545083708, 0.000000000000000000, 14.56534317385470878 ) ) ;
#338 = VECTOR ( 'NONE', #645, 1000.000000000000000 ) ;
#339 = DIRECTION ( 'NONE',  ( -0.000000000000000000, 1.000000000000000000, -0.000000000000000000 ) ) ;
#340 = FACE_OUTER_BOUND ( 'NONE', #4444, .T. ) ;
#341 = DIRECTION ( 'NONE',  ( 0.000000000000000000, -1.000000000000000000, 0.000000000000000000 ) ) ;
#342 = EDGE_CURVE ( 'NONE', #2068, #4296, #1169, .T. ) ;
#343 = ADVANCED_FACE ( 'NONE', ( #2985 ), #1595, .T. ) ;
#344 = ORIENTED_EDGE ( 'NONE', *, *, #5647, .T. ) ;
#345 = DIRECTION ( 'NONE',  ( 0.7071067811865482389, -0.7071067811865469066, 0.000000000000000000 ) ) ;
#346 = PLANE ( 'NONE',  #3144 ) ;
#347 = LINE ( 'NONE', #5128, #1365 ) ;
#348 = PLANE ( 'NONE',  #5382 ) ;
#349 = AXIS2_PLACEMENT_3D ( 'NONE', #704, #4768, #3878 ) ;
#350 = EDGE_LOOP ( 'NONE', ( #1608, #691 ) ) ;
#351 = ORIENTED_EDGE ( 'NONE', *, *, #8, .F. ) ;
#352 = DIRECTION ( 'NONE',  ( -0.000000000000000000, -1.000000000000000000, -0.000000000000000000 ) ) ;
#353 = CARTESIAN_POINT ( 'NONE',  ( -12.30216580359597778, 5.000000000000000000, 20.58771193041968317 ) ) ;
#354 = VERTEX_POINT ( 'NONE', #3444 ) ;
#355 = VERTEX_POINT ( 'NONE', #3361 ) ;
#356 = ORIENTED_EDGE ( 'NONE', *, *, #5440, .F. ) ;
#357 = EDGE_CURVE ( 'NONE', #1505, #3381, #5117, .T. ) ;
#358 = CARTESIAN_POINT ( 'NONE',  ( -7.999999999999986677, 2.000000000000000000, 12.00000000000000178 ) ) ;
#359 = CARTESIAN_POINT ( 'NONE',  ( -12.30216580359597778, 2.500000000000000000, 20.58771193041968317 ) ) ;
#360 = LINE ( 'NONE', #2105, #3421 ) ;
#361 = ORIENTED_EDGE ( 'NONE', *, *, #1096, .F. ) ;
#362 = CARTESIAN_POINT ( 'NONE',  ( -11.96893163944603700, 2.200000000000000178, 86.98883784741830993 ) ) ;
#363 = CARTESIAN_POINT ( 'NONE',  ( 9.300000000000030909, -6.000000000000000000, 20.60598270084804895 ) ) ;
#364 = VECTOR ( 'NONE', #402, 1000.000000000000000 ) ;
#365 = CARTESIAN_POINT ( 'NONE',  ( -76.04923932178259349, 3.000000000000000000, -23.68049687673109105 ) ) ;
#366 = CARTESIAN_POINT ( 'NONE',  ( 10.80111069989306216, 2.500000000000000000, 23.20598270084804682 ) ) ;
#367 = EDGE_CURVE ( 'NONE', #2073, #4114, #5574, .T. ) ;
#368 = AXIS2_PLACEMENT_3D ( 'NONE', #516, #3967, #1341 ) ;
#369 = ORIENTED_EDGE ( 'NONE', *, *, #2461, .F. ) ;
#370 = EDGE_CURVE ( 'NONE', #4933, #837, #891, .T. ) ;
#371 = LINE ( 'NONE', #2585, #2310 ) ;
#372 = DIRECTION ( 'NONE',  ( -0.5052611553710814052, 0.000000000000000000, 0.8629664911646801606 ) ) ;
#373 = CARTESIAN_POINT ( 'NONE',  ( 81.00000000000001421, 10.00000000000000000, 21.90598270084813493 ) ) ;
#374 = DIRECTION ( 'NONE',  ( 0.000000000000000000, 0.000000000000000000, 1.000000000000000000 ) ) ;
#375 = EDGE_CURVE ( 'NONE', #4993, #5193, #2925, .T. ) ;
#376 = EDGE_LOOP ( 'NONE', ( #3204, #994, #2187, #2918 ) ) ;
#377 = LINE ( 'NONE', #1292, #654 ) ;
#378 = CARTESIAN_POINT ( 'NONE',  ( 3.750000000000000888, 4.000000000000000000, -0.4999999999999987232 ) ) ;
#379 = VECTOR ( 'NONE', #1184, 1000.000000000000000 ) ;
#380 = ORIENTED_EDGE ( 'NONE', *, *, #4604, .F. ) ;
#381 = ORIENTED_EDGE ( 'NONE', *, *, #5269, .T. ) ;
#382 = ORIENTED_EDGE ( 'NONE', *, *, #3005, .T. ) ;
#383 = AXIS2_PLACEMENT_3D ( 'NONE', #5251, #3117, #898 ) ;
#384 = CARTESIAN_POINT ( 'NONE',  ( -50.00000000000000000, 2.500000000000000000, 101.0000000000000142 ) ) ;
#385 = CARTESIAN_POINT ( 'NONE',  ( 51.00000000000003553, 5.000000000000000000, 110.0000000000000000 ) ) ;
#386 = CIRCLE ( 'NONE', #1125, 1.500000000000001332 ) ;
#387 = VERTEX_POINT ( 'NONE', #2489 ) ;
#388 = EDGE_CURVE ( 'NONE', #5504, #4143, #622, .T. ) ;
#389 = ORIENTED_EDGE ( 'NONE', *, *, #2759, .F. ) ;
#390 = VECTOR ( 'NONE', #1780, 1000.000000000000227 ) ;
#391 = DIRECTION ( 'NONE',  ( 0.000000000000000000, 1.000000000000000000, -0.000000000000000000 ) ) ;
#392 = CARTESIAN_POINT ( 'NONE',  ( 61.00000000000000000, 2.000000000000001776, 96.90598270084817045 ) ) ;
#393 = EDGE_CURVE ( 'NONE', #4629, #240, #311, .T. ) ;
#394 = PLANE ( 'NONE',  #4460 ) ;
#395 = EDGE_CURVE ( 'NONE', #5390, #3590, #4658, .T. ) ;
#396 = DIRECTION ( 'NONE',  ( -0.000000000000000000, 1.000000000000000000, -0.000000000000000000 ) ) ;
#397 = AXIS2_PLACEMENT_3D ( 'NONE', #2164, #1793, #3589 ) ;
#398 = ORIENTED_EDGE ( 'NONE', *, *, #689, .F. ) ;
#399 = VERTEX_POINT ( 'NONE', #3388 ) ;
#400 = CARTESIAN_POINT ( 'NONE',  ( -61.00000000000002132, 2.000000000000001776, 110.0000000000000000 ) ) ;
#401 = PLANE ( 'NONE',  #201 ) ;
#402 = DIRECTION ( 'NONE',  ( -0.000000000000000000, 1.000000000000000000, -0.000000000000000000 ) ) ;
#403 = DIRECTION ( 'NONE',  ( -0.5000000000000018874, 0.000000000000000000, -0.8660254037844374864 ) ) ;
#404 = VERTEX_POINT ( 'NONE', #3011 ) ;
#405 = FACE_OUTER_BOUND ( 'NONE', #1730, .T. ) ;
#406 = FACE_OUTER_BOUND ( 'NONE', #5335, .T. ) ;
#407 = AXIS2_PLACEMENT_3D ( 'NONE', #3992, #1392, #5258 ) ;
#408 = VERTEX_POINT ( 'NONE', #2548 ) ;
#409 = EDGE_CURVE ( 'NONE', #5325, #5207, #2954, .T. ) ;
#410 = VERTEX_POINT ( 'NONE', #3767 ) ;
#411 = ORIENTED_EDGE ( 'NONE', *, *, #3809, .F. ) ;
#412 = CARTESIAN_POINT ( 'NONE',  ( 76.00000000000001421, 10.00000000000000000, 21.25076433052315039 ) ) ;
#413 = VECTOR ( 'NONE', #3628, 1000.000000000000114 ) ;
#414 = FACE_OUTER_BOUND ( 'NONE', #1168, .T. ) ;
#415 = VERTEX_POINT ( 'NONE', #4716 ) ;
#416 = ORIENTED_EDGE ( 'NONE', *, *, #1633, .T. ) ;
#417 = AXIS2_PLACEMENT_3D ( 'NONE', #1091, #3336, #4084 ) ;
#418 = CARTESIAN_POINT ( 'NONE',  ( 9.000000000000005329, 2.000000000000000000, 10.99999999999999467 ) ) ;
#419 = PLANE ( 'NONE',  #2197 ) ;
#420 = DIRECTION ( 'NONE',  ( 0.000000000000000000, 0.000000000000000000, -1.000000000000000000 ) ) ;
#421 = ORIENTED_EDGE ( 'NONE', *, *, #2981, .F. ) ;
#422 = ADVANCED_FACE ( 'NONE', ( #766 ), #2520, .F. ) ;
#423 = ORIENTED_EDGE ( 'NONE', *, *, #437, .F. ) ;
#424 = CARTESIAN_POINT ( 'NONE',  ( -10.99999999999999289, 2.000000000000000000, -11.99999999999999822 ) ) ;
#425 = LINE ( 'NONE', #3508, #5262 ) ;
#426 = ADVANCED_FACE ( 'NONE', ( #5174 ), #1228, .F. ) ;
#427 = DIRECTION ( 'NONE',  ( -0.000000000000000000, -1.000000000000000000, -0.000000000000000000 ) ) ;
#428 = PLANE ( 'NONE',  #3269 ) ;
#429 = ORIENTED_EDGE ( 'NONE', *, *, #4130, .F. ) ;
#430 = CARTESIAN_POINT ( 'NONE',  ( 12.30222139978607743, 2.500000000000000000, 20.60598270084806316 ) ) ;
#431 = DIRECTION ( 'NONE',  ( 1.020425574104004985E-16, 0.000000000000000000, 1.000000000000000000 ) ) ;
#432 = CARTESIAN_POINT ( 'NONE',  ( -80.99999999999998579, 3.000000000000000000, -23.83897132671138053 ) ) ;
#433 = ORIENTED_EDGE ( 'NONE', *, *, #4561, .F. ) ;
#434 = EDGE_CURVE ( 'NONE', #1498, #1553, #817, .T. ) ;
#435 = ORIENTED_EDGE ( 'NONE', *, *, #1131, .F. ) ;
#436 = ORIENTED_EDGE ( 'NONE', *, *, #5667, .T. ) ;
#437 = EDGE_CURVE ( 'NONE', #1782, #670, #3333, .T. ) ;
#438 = DIRECTION ( 'NONE',  ( 0.000000000000000000, 1.000000000000000000, 0.000000000000000000 ) ) ;
#439 = CARTESIAN_POINT ( 'NONE',  ( 79.00000000000001421, 0.000000000000000000, -2.112175089981348759E-14 ) ) ;
#440 = EDGE_CURVE ( 'NONE', #1325, #2770, #846, .T. ) ;
#441 = FACE_OUTER_BOUND ( 'NONE', #1986, .T. ) ;
#442 = VERTEX_POINT ( 'NONE', #1732 ) ;
#443 = VERTEX_POINT ( 'NONE', #3585 ) ;
#444 = CARTESIAN_POINT ( 'NONE',  ( 42.99999999999977973, 10.00000000000000000, 45.50000000000012079 ) ) ;
#445 = DIRECTION ( 'NONE',  ( -0.000000000000000000, -1.000000000000000000, -0.000000000000000000 ) ) ;
#446 = DIRECTION ( 'NONE',  ( 0.001975404771559541132, 0.000000000000000000, -0.9999980488860907846 ) ) ;
#447 = AXIS2_PLACEMENT_3D ( 'NONE', #4106, #4164, #5462 ) ;
#448 = ORIENTED_EDGE ( 'NONE', *, *, #4683, .T. ) ;
#449 = VERTEX_POINT ( 'NONE', #4384 ) ;
#450 = VECTOR ( 'NONE', #5359, 1000.000000000000000 ) ;
#451 = CARTESIAN_POINT ( 'NONE',  ( -81.00000000000000000, 2.000000000000001776, 14.56838955826294146 ) ) ;
#452 = CARTESIAN_POINT ( 'NONE',  ( 0.000000000000000000, 10.00000000000000000, 0.000000000000000000 ) ) ;
#453 = CARTESIAN_POINT ( 'NONE',  ( 76.00000000000001421, 10.00000000000000000, 21.25076433052315039 ) ) ;
#454 = CARTESIAN_POINT ( 'NONE',  ( 10.00000000000000355, 0.000000000000000000, 8.000000000000000000 ) ) ;
#455 = CIRCLE ( 'NONE', #3679, 1.000000000000000000 ) ;
#456 = EDGE_CURVE ( 'NONE', #5648, #1033, #5499, .T. ) ;
#457 = ORIENTED_EDGE ( 'NONE', *, *, #5633, .T. ) ;
#458 = FACE_OUTER_BOUND ( 'NONE', #5594, .T. ) ;
#459 = CARTESIAN_POINT ( 'NONE',  ( 76.05372625720931978, 0.000000000000000000, -23.68829544028932688 ) ) ;
#460 = VECTOR ( 'NONE', #1390, 1000.000000000000114 ) ;
#461 = DIRECTION ( 'NONE',  ( 0.000000000000000000, 1.000000000000000000, 0.000000000000000000 ) ) ;
#462 = CARTESIAN_POINT ( 'NONE',  ( -11.96893163944603700, 2.200000000000000178, 86.98883784741830993 ) ) ;
#463 = ORIENTED_EDGE ( 'NONE', *, *, #632, .T. ) ;
#464 = ORIENTED_EDGE ( 'NONE', *, *, #1964, .F. ) ;
#465 = VERTEX_POINT ( 'NONE', #2162 ) ;
#466 = CIRCLE ( 'NONE', #4418, 2.649999999999999467 ) ;
#467 = DIRECTION ( 'NONE',  ( 0.000000000000000000, 0.000000000000000000, -1.000000000000000000 ) ) ;
#468 = DIRECTION ( 'NONE',  ( 1.000000000000000000, -0.000000000000000000, -0.000000000000000000 ) ) ;
#469 = ADVANCED_FACE ( 'NONE', ( #2606 ), #1791, .F. ) ;
#470 = LINE ( 'NONE', #2602, #1388 ) ;
#471 = AXIS2_PLACEMENT_3D ( 'NONE', #4267, #5217, #4784 ) ;
#472 = ORIENTED_EDGE ( 'NONE', *, *, #542, .T. ) ;
#473 = EDGE_CURVE ( 'NONE', #1045, #865, #3557, .T. ) ;
#474 = VECTOR ( 'NONE', #3176, 1000.000000000000000 ) ;
#475 = DIRECTION ( 'NONE',  ( 0.9999814816488731273, 0.000000000000000000, 0.006085750514492285594 ) ) ;
#476 = CARTESIAN_POINT ( 'NONE',  ( 10.30000000000006111, 0.000000000000000000, 28.92555455687870847 ) ) ;
#477 = CIRCLE ( 'NONE', #4714, 2.250000000000001776 ) ;
#478 =( NAMED_UNIT ( * ) PLANE_ANGLE_UNIT ( ) SI_UNIT ( $, .RADIAN. ) );
#479 = FACE_OUTER_BOUND ( 'NONE', #2009, .T. ) ;
#480 = VECTOR ( 'NONE', #4239, 1000.000000000000000 ) ;
#481 = ORIENTED_EDGE ( 'NONE', *, *, #4360, .T. ) ;
#482 = EDGE_CURVE ( 'NONE', #3779, #3766, #4017, .T. ) ;
#483 = VECTOR ( 'NONE', #2654, 1000.000000000000000 ) ;
#484 = ORIENTED_EDGE ( 'NONE', *, *, #689, .T. ) ;
#485 = CARTESIAN_POINT ( 'NONE',  ( 0.000000000000000000, 2.500000000000000000, 0.000000000000000000 ) ) ;
#486 = VECTOR ( 'NONE', #1766, 1000.000000000000000 ) ;
#487 = FACE_OUTER_BOUND ( 'NONE', #724, .T. ) ;
#488 = DIRECTION ( 'NONE',  ( 1.000000000000000000, 0.000000000000000000, 0.000000000000000000 ) ) ;
#489 = VECTOR ( 'NONE', #1990, 1000.000000000000114 ) ;
#490 = UNCERTAINTY_MEASURE_WITH_UNIT (LENGTH_MEASURE( 1.000000000000000082E-05 ), #4485, 'distance_accuracy_value', 'NONE');
#491 = ORIENTED_EDGE ( 'NONE', *, *, #2079, .T. ) ;
#492 = LINE ( 'NONE', #2619, #26 ) ;
#493 = FACE_OUTER_BOUND ( 'NONE', #2975, .T. ) ;
#494 = LINE ( 'NONE', #1005, #2117 ) ;
#495 = LINE ( 'NONE', #832, #4341 ) ;
#496 = ORIENTED_EDGE ( 'NONE', *, *, #1950, .F. ) ;
#497 = ORIENTED_EDGE ( 'NONE', *, *, #4940, .F. ) ;
#498 = EDGE_CURVE ( 'NONE', #5615, #5530, #4357, .T. ) ;
#499 = ORIENTED_EDGE ( 'NONE', *, *, #5109, .T. ) ;
#500 = CARTESIAN_POINT ( 'NONE',  ( -9.299999999999968736, -6.000000000000000000, 31.92555455687869070 ) ) ;
#501 = CARTESIAN_POINT ( 'NONE',  ( -40.74999999999978684, 5.000000000000000000, -6.896583575224833924E-15 ) ) ;
#502 = DIRECTION ( 'NONE',  ( 0.000000000000000000, 0.000000000000000000, 1.000000000000000000 ) ) ;
#503 = ORIENTED_EDGE ( 'NONE', *, *, #518, .T. ) ;
#504 = ORIENTED_EDGE ( 'NONE', *, *, #4733, .T. ) ;
#505 = ADVANCED_FACE ( 'NONE', ( #2255 ), #19, .F. ) ;
#506 = DIRECTION ( 'NONE',  ( 0.000000000000000000, 1.000000000000000000, 0.000000000000000000 ) ) ;
#507 = CARTESIAN_POINT ( 'NONE',  ( 76.05372625720931978, 0.000000000000000000, -23.68829544028932688 ) ) ;
#508 = DIRECTION ( 'NONE',  ( -0.000000000000000000, -0.7071067811865475727, 0.7071067811865475727 ) ) ;
#509 = VECTOR ( 'NONE', #2469, 1000.000000000000000 ) ;
#510 = ORIENTED_EDGE ( 'NONE', *, *, #1964, .T. ) ;
#511 = ORIENTED_EDGE ( 'NONE', *, *, #3809, .T. ) ;
#512 = PRESENTATION_STYLE_ASSIGNMENT (( #3965 ) ) ;
#513 = CARTESIAN_POINT ( 'NONE',  ( 9.299999999999998934, 2.000000000000000000, -9.299999999999997158 ) ) ;
#514 = ADVANCED_FACE ( 'NONE', ( #1706 ), #1360, .F. ) ;
#515 = AXIS2_PLACEMENT_3D ( 'NONE', #5013, #4198, #2435 ) ;
#516 = CARTESIAN_POINT ( 'NONE',  ( 8.000000000000003553, 0.000000000000000000, 11.00000000000000178 ) ) ;
#517 = CARTESIAN_POINT ( 'NONE',  ( 0.5000000000000004441, 5.000000000000000000, -5.770000000000000462 ) ) ;
#518 = EDGE_CURVE ( 'NONE', #1181, #3779, #3037, .T. ) ;
#519 = ORIENTED_EDGE ( 'NONE', *, *, #2653, .T. ) ;
#520 = PLANE ( 'NONE',  #4427 ) ;
#521 = CARTESIAN_POINT ( 'NONE',  ( -2.250000000000000444, 4.000000000000000000, -6.499999999999999112 ) ) ;
#522 = DIRECTION ( 'NONE',  ( 0.000000000000000000, 0.000000000000000000, 1.000000000000000000 ) ) ;
#523 = CARTESIAN_POINT ( 'NONE',  ( 42.99999999999978684, 10.00000000000000000, 4.500000000000170530 ) ) ;
#524 = ORIENTED_EDGE ( 'NONE', *, *, #3610, .T. ) ;
#525 = ORIENTED_EDGE ( 'NONE', *, *, #1999, .F. ) ;
#526 = VERTEX_POINT ( 'NONE', #2693 ) ;
#527 = FACE_OUTER_BOUND ( 'NONE', #2718, .T. ) ;
#528 = DIRECTION ( 'NONE',  ( -1.000000000000000000, 0.000000000000000000, -1.692413147294447942E-16 ) ) ;
#529 = PLANE ( 'NONE',  #4799 ) ;
#530 = ORIENTED_EDGE ( 'NONE', *, *, #5044, .T. ) ;
#531 = EDGE_CURVE ( 'NONE', #2651, #2719, #1389, .T. ) ;
#532 = EDGE_LOOP ( 'NONE', ( #3266, #3086, #5405, #2726 ) ) ;
#533 = DIRECTION ( 'NONE',  ( 8.659560562354932858E-17, 0.7071067811865474617, -0.7071067811865474617 ) ) ;
#534 = DIRECTION ( 'NONE',  ( 0.000000000000000000, 0.000000000000000000, -1.000000000000000000 ) ) ;
#535 = DIRECTION ( 'NONE',  ( 7.885106708985492732E-17, -0.000000000000000000, 1.000000000000000000 ) ) ;
#536 = VERTEX_POINT ( 'NONE', #3930 ) ;
#537 = VERTEX_POINT ( 'NONE', #2224 ) ;
#538 = LINE ( 'NONE', #1314, #3747 ) ;
#539 = DIRECTION ( 'NONE',  ( 0.000000000000000000, 1.000000000000000000, -0.000000000000000000 ) ) ;
#540 = DIRECTION ( 'NONE',  ( 0.000000000000000000, -1.000000000000000000, 0.000000000000000000 ) ) ;
#541 = DIRECTION ( 'NONE',  ( -0.7071067811865561215, -0.7071067811865389130, 0.000000000000000000 ) ) ;
#542 = EDGE_CURVE ( 'NONE', #1810, #4650, #4795, .T. ) ;
#543 = ORIENTED_EDGE ( 'NONE', *, *, #1182, .F. ) ;
#544 = EDGE_CURVE ( 'NONE', #1882, #3590, #5037, .T. ) ;
#545 = CARTESIAN_POINT ( 'NONE',  ( 12.00000000000000000, 0.000000000000000000, -10.99999999999999289 ) ) ;
#546 = CARTESIAN_POINT ( 'NONE',  ( -10.99999999999999289, 2.000000000000000000, 7.000000000000002665 ) ) ;
#547 = LINE ( 'NONE', #1779, #1023 ) ;
#548 = DIRECTION ( 'NONE',  ( 0.000000000000000000, 1.000000000000000000, -0.000000000000000000 ) ) ;
#549 = VECTOR ( 'NONE', #2907, 1000.000000000000114 ) ;
#550 = ORIENTED_EDGE ( 'NONE', *, *, #3678, .F. ) ;
#551 = ORIENTED_EDGE ( 'NONE', *, *, #1334, .F. ) ;
#552 = AXIS2_PLACEMENT_3D ( 'NONE', #2283, #4852, #4385 ) ;
#553 = ORIENTED_EDGE ( 'NONE', *, *, #987, .T. ) ;
#554 = DIRECTION ( 'NONE',  ( 0.000000000000000000, 0.000000000000000000, -1.000000000000000000 ) ) ;
#555 = DIRECTION ( 'NONE',  ( 0.000000000000000000, 0.000000000000000000, -1.000000000000000000 ) ) ;
#556 = CARTESIAN_POINT ( 'NONE',  ( 76.05372625720931978, 3.000000000000000000, -20.68607404050326437 ) ) ;
#557 = VERTEX_POINT ( 'NONE', #4825 ) ;
#558 = EDGE_LOOP ( 'NONE', ( #4761, #4856 ) ) ;
#559 = CARTESIAN_POINT ( 'NONE',  ( 13.48445554337748398, 2.200000000000000178, 89.62500000000012790 ) ) ;
#560 = LINE ( 'NONE', #3646, #4 ) ;
#561 = APPLICATION_PROTOCOL_DEFINITION ( 'draft international standard', 'automotive_design', 1998, #1858 ) ;
#562 = CARTESIAN_POINT ( 'NONE',  ( -9.299999999999968736, -6.000000000000000000, 17.95598270084804682 ) ) ;
#563 = AXIS2_PLACEMENT_3D ( 'NONE', #500, #1469, #554 ) ;
#564 = VERTEX_POINT ( 'NONE', #5283 ) ;
#565 = CIRCLE ( 'NONE', #2397, 3.000000000000002665 ) ;
#566 = EDGE_CURVE ( 'NONE', #5364, #564, #4881, .T. ) ;
#567 = CARTESIAN_POINT ( 'NONE',  ( -40.74999999999979394, 0.000000000000000000, 45.50000000000012079 ) ) ;
#568 = CARTESIAN_POINT ( 'NONE',  ( -92.26289410482485209, 13.26289410482481301, -17.38126319686315924 ) ) ;
#569 = PLANE ( 'NONE',  #2295 ) ;
#570 = CARTESIAN_POINT ( 'NONE',  ( -7.783094146864282692, 5.000000000000000000, 18.01516623377516169 ) ) ;
#571 = VECTOR ( 'NONE', #3265, 1000.000000000000000 ) ;
#572 = VECTOR ( 'NONE', #911, 999.9999999999998863 ) ;
#573 = ORIENTED_EDGE ( 'NONE', *, *, #2387, .F. ) ;
#574 = AXIS2_PLACEMENT_3D ( 'NONE', #983, #5026, #3613 ) ;
#575 = DIRECTION ( 'NONE',  ( -0.000000000000000000, -1.000000000000000000, -0.000000000000000000 ) ) ;
#576 = DIRECTION ( 'NONE',  ( -0.000000000000000000, -1.000000000000000000, -0.000000000000000000 ) ) ;
#577 = DIRECTION ( 'NONE',  ( 0.8670114164560026593, 0.000000000000000000, -0.4982882737281260077 ) ) ;
#578 = LINE ( 'NONE', #2329, #1398 ) ;
#579 = VECTOR ( 'NONE', #1865, 1000.000000000000000 ) ;
#580 = VERTEX_POINT ( 'NONE', #2630 ) ;
#581 = ORIENTED_EDGE ( 'NONE', *, *, #3320, .T. ) ;
#582 = ORIENTED_EDGE ( 'NONE', *, *, #811, .T. ) ;
#583 = CARTESIAN_POINT ( 'NONE',  ( 3.750000000000000000, 2.000000000000000000, -6.499999999999999112 ) ) ;
#584 = PLANE ( 'NONE',  #845 ) ;
#585 = CARTESIAN_POINT ( 'NONE',  ( -13.47479911202610481, 2.200000000000000178, 89.61940112455596363 ) ) ;
#586 = EDGE_CURVE ( 'NONE', #2072, #387, #1818, .T. ) ;
#587 = EDGE_LOOP ( 'NONE', ( #3158, #1220, #3532, #3980, #3643 ) ) ;
#588 = ORIENTED_EDGE ( 'NONE', *, *, #5187, .F. ) ;
#589 = CARTESIAN_POINT ( 'NONE',  ( 9.300000000000030909, -1.000000000000028644, 31.92555455687869070 ) ) ;
#590 = DIRECTION ( 'NONE',  ( 0.9999955094203164530, -0.000000000000000000, 0.002996854885004050697 ) ) ;
#591 = CARTESIAN_POINT ( 'NONE',  ( 76.00000000000000000, 5.000000000000000000, -30.00000000000000000 ) ) ;
#592 = ORIENTED_EDGE ( 'NONE', *, *, #4438, .F. ) ;
#593 = CARTESIAN_POINT ( 'NONE',  ( -9.299999999999968736, -1.000000000000028644, 28.92555455687870847 ) ) ;
#594 = DIRECTION ( 'NONE',  ( 0.000000000000000000, 0.000000000000000000, 1.000000000000000000 ) ) ;
#595 = CARTESIAN_POINT ( 'NONE',  ( 56.00000000000000000, 10.00000000000000000, 105.0000000000000000 ) ) ;
#596 = CARTESIAN_POINT ( 'NONE',  ( 9.300000000000030909, -6.000000000000000000, 20.60598270084804895 ) ) ;
#597 = VECTOR ( 'NONE', #5211, 1000.000000000000114 ) ;
#598 = ADVANCED_FACE ( 'NONE', ( #1764 ), #3528, .F. ) ;
#599 = EDGE_CURVE ( 'NONE', #302, #3947, #5034, .T. ) ;
#600 = ORIENTED_EDGE ( 'NONE', *, *, #2070, .T. ) ;
#601 = AXIS2_PLACEMENT_3D ( 'NONE', #2376, #4576, #1145 ) ;
#602 = FACE_OUTER_BOUND ( 'NONE', #4021, .T. ) ;
#603 = DIRECTION ( 'NONE',  ( -1.000000000000000000, -0.000000000000000000, -0.000000000000000000 ) ) ;
#604 = DIRECTION ( 'NONE',  ( 0.000000000000000000, 0.000000000000000000, 1.000000000000000000 ) ) ;
#605 = CYLINDRICAL_SURFACE ( 'NONE', #4806, 1.500000000000001332 ) ;
#606 = EDGE_CURVE ( 'NONE', #4999, #4143, #2394, .T. ) ;
#607 = EDGE_LOOP ( 'NONE', ( #1296, #4873 ) ) ;
#608 = ORIENTED_EDGE ( 'NONE', *, *, #118, .F. ) ;
#609 = ORIENTED_EDGE ( 'NONE', *, *, #1563, .F. ) ;
#610 = DIRECTION ( 'NONE',  ( 0.4999999999999995559, -0.000000000000000000, 0.8660254037844389297 ) ) ;
#611 = DIRECTION ( 'NONE',  ( 0.000000000000000000, 1.000000000000000000, 0.000000000000000000 ) ) ;
#612 = PLANE ( 'NONE',  #5624 ) ;
#613 = EDGE_CURVE ( 'NONE', #4651, #4937, #3672, .T. ) ;
#614 = VERTEX_POINT ( 'NONE', #4477 ) ;
#615 = ORIENTED_EDGE ( 'NONE', *, *, #5295, .T. ) ;
#616 = EDGE_CURVE ( 'NONE', #3274, #3206, #2749, .T. ) ;
#617 = AXIS2_PLACEMENT_3D ( 'NONE', #4572, #5010, #1056 ) ;
#618 = ADVANCED_FACE ( 'NONE', ( #2837 ), #4505, .F. ) ;
#619 = FACE_OUTER_BOUND ( 'NONE', #4991, .T. ) ;
#620 = CARTESIAN_POINT ( 'NONE',  ( 12.30222139978607743, 2.500000000000000000, 20.60598270084806316 ) ) ;
#621 = CARTESIAN_POINT ( 'NONE',  ( 40.74999999999977263, 5.000000000000000000, 4.500000000000170530 ) ) ;
#622 = CIRCLE ( 'NONE', #2546, 0.9999999999999991118 ) ;
#623 = ORIENTED_EDGE ( 'NONE', *, *, #4525, .T. ) ;
#624 = LINE ( 'NONE', #1027, #5671 ) ;
#625 = CARTESIAN_POINT ( 'NONE',  ( -10.81690585313565833, 2.500000000000000000, 23.19679916792093266 ) ) ;
#626 = CARTESIAN_POINT ( 'NONE',  ( -11.96893163944603700, 2.200000000000000178, 86.98883784741830993 ) ) ;
#627 = CARTESIAN_POINT ( 'NONE',  ( -10.00000000000000178, 0.000000000000000000, 7.000000000000002665 ) ) ;
#628 = ORIENTED_EDGE ( 'NONE', *, *, #2536, .F. ) ;
#629 = CARTESIAN_POINT ( 'NONE',  ( -78.66272347907712970, 3.000000000000000000, -19.18497682232466417 ) ) ;
#630 = CARTESIAN_POINT ( 'NONE',  ( -6.297834196403959695, 5.000000000000000000, 20.62425347127641118 ) ) ;
#631 = PLANE ( 'NONE',  #5287 ) ;
#632 = EDGE_CURVE ( 'NONE', #1869, #5504, #2807, .T. ) ;
#633 = VECTOR ( 'NONE', #109, 1000.000000000000114 ) ;
#634 = ORIENTED_EDGE ( 'NONE', *, *, #4309, .F. ) ;
#635 = ORIENTED_EDGE ( 'NONE', *, *, #3484, .F. ) ;
#636 = ORIENTED_EDGE ( 'NONE', *, *, #1925, .T. ) ;
#637 = VECTOR ( 'NONE', #603, 1000.000000000000000 ) ;
#638 = CARTESIAN_POINT ( 'NONE',  ( 9.300000000000030909, -6.000000000000000000, 23.25598270084804753 ) ) ;
#639 = CARTESIAN_POINT ( 'NONE',  ( -46.99999999999997868, 2.500000000000000000, 98.00000000000000000 ) ) ;
#640 = CARTESIAN_POINT ( 'NONE',  ( 16.51554445662303294, 0.000000000000000000, 84.37500000000012790 ) ) ;
#641 = ORIENTED_EDGE ( 'NONE', *, *, #1182, .T. ) ;
#642 = AXIS2_PLACEMENT_3D ( 'NONE', #3019, #3566, #119 ) ;
#643 = ORIENTED_EDGE ( 'NONE', *, *, #1998, .F. ) ;
#644 = ORIENTED_EDGE ( 'NONE', *, *, #1804, .T. ) ;
#645 = DIRECTION ( 'NONE',  ( -0.000000000000000000, -1.000000000000000000, -0.000000000000000000 ) ) ;
#646 = EDGE_CURVE ( 'NONE', #465, #4811, #139, .T. ) ;
#647 = DIRECTION ( 'NONE',  ( 0.000000000000000000, -0.000000000000000000, -1.000000000000000000 ) ) ;
#648 = LINE ( 'NONE', #1447, #2507 ) ;
#649 = EDGE_CURVE ( 'NONE', #1581, #3584, #1879, .T. ) ;
#650 = ORIENTED_EDGE ( 'NONE', *, *, #4316, .T. ) ;
#651 = DIRECTION ( 'NONE',  ( -0.8660254037844391517, 0.000000000000000000, 0.4999999999999992228 ) ) ;
#652 = DIRECTION ( 'NONE',  ( -0.4968074232331490814, 0.000000000000000000, 0.8678608092433017784 ) ) ;
#653 = FACE_BOUND ( 'NONE', #5263, .T. ) ;
#654 = VECTOR ( 'NONE', #4812, 1000.000000000000114 ) ;
#655 = DIRECTION ( 'NONE',  ( 0.2576626505603322737, 0.000000000000000000, 0.9662349396012462899 ) ) ;
#656 = ADVANCED_FACE ( 'NONE', ( #619 ), #3180, .F. ) ;
#657 = AXIS2_PLACEMENT_3D ( 'NONE', #4370, #3943, #2734 ) ;
#658 = ORIENTED_EDGE ( 'NONE', *, *, #3153, .F. ) ;
#659 = CARTESIAN_POINT ( 'NONE',  ( -45.24999999999980815, 10.00000000000000000, 45.50000000000009948 ) ) ;
#660 = DIRECTION ( 'NONE',  ( -0.4999999999999997224, 0.000000000000000000, 0.8660254037844387076 ) ) ;
#661 = CARTESIAN_POINT ( 'NONE',  ( -80.99999999999998579, 3.000000000000000000, -20.54375958487979048 ) ) ;
#662 = VECTOR ( 'NONE', #3858, 1000.000000000000000 ) ;
#663 = VECTOR ( 'NONE', #5218, 1000.000000000000000 ) ;
#664 = ORIENTED_EDGE ( 'NONE', *, *, #196, .T. ) ;
#665 = ORIENTED_EDGE ( 'NONE', *, *, #3783, .T. ) ;
#666 = ORIENTED_EDGE ( 'NONE', *, *, #4574, .F. ) ;
#667 = CARTESIAN_POINT ( 'NONE',  ( -74.99999999999998579, 2.000000000000001776, -30.00000000000000000 ) ) ;
#668 = AXIS2_PLACEMENT_3D ( 'NONE', #1362, #535, #5682 ) ;
#669 = CARTESIAN_POINT ( 'NONE',  ( 9.300000000000030909, -6.000000000000000000, 19.35598270084804540 ) ) ;
#670 = VERTEX_POINT ( 'NONE', #2366 ) ;
#671 = EDGE_CURVE ( 'NONE', #1258, #3955, #1081, .T. ) ;
#672 = ORIENTED_EDGE ( 'NONE', *, *, #1146, .F. ) ;
#673 = ORIENTED_EDGE ( 'NONE', *, *, #4951, .F. ) ;
#674 = CARTESIAN_POINT ( 'NONE',  ( 79.00000000000001421, 0.000000000000000000, -2.112175089981348759E-14 ) ) ;
#675 = CARTESIAN_POINT ( 'NONE',  ( 0.000000000000000000, 3.000000000000000000, 0.000000000000000000 ) ) ;
#676 = CARTESIAN_POINT ( 'NONE',  ( -11.00000000000000178, 2.000000000000000000, 6.000000000000002665 ) ) ;
#677 = VERTEX_POINT ( 'NONE', #3645 ) ;
#678 = CARTESIAN_POINT ( 'NONE',  ( 79.93131742253608252, 0.9313174225360598690, 18.18701099679229927 ) ) ;
#679 = LINE ( 'NONE', #4544, #4531 ) ;
#680 = DIRECTION ( 'NONE',  ( 2.673639354406769807E-16, 0.000000000000000000, 1.000000000000000000 ) ) ;
#681 = DIRECTION ( 'NONE',  ( 0.000000000000000000, 0.000000000000000000, 1.000000000000000000 ) ) ;
#682 =( GEOMETRIC_REPRESENTATION_CONTEXT ( 3 ) GLOBAL_UNCERTAINTY_ASSIGNED_CONTEXT ( ( #5497 ) ) GLOBAL_UNIT_ASSIGNED_CONTEXT ( ( #2632, #478, #2257 ) ) REPRESENTATION_CONTEXT ( 'NONE', 'WORKASPACE' ) );
#683 = ORIENTED_EDGE ( 'NONE', *, *, #4671, .F. ) ;
#684 = EDGE_CURVE ( 'NONE', #2483, #1203, #3270, .T. ) ;
#685 = PLANE ( 'NONE',  #4331 ) ;
#686 = AXIS2_PLACEMENT_3D ( 'NONE', #1715, #3892, #374 ) ;
#687 = DIRECTION ( 'NONE',  ( 0.8660254037844381525, 0.000000000000000000, 0.5000000000000008882 ) ) ;
#688 = DIRECTION ( 'NONE',  ( -0.000000000000000000, -1.000000000000000000, -0.000000000000000000 ) ) ;
#689 = EDGE_CURVE ( 'NONE', #3015, #782, #3298, .T. ) ;
#690 = AXIS2_PLACEMENT_3D ( 'NONE', #5632, #2523, #795 ) ;
#691 = ORIENTED_EDGE ( 'NONE', *, *, #3682, .T. ) ;
#692 = ORIENTED_EDGE ( 'NONE', *, *, #97, .T. ) ;
#693 = ORIENTED_EDGE ( 'NONE', *, *, #2175, .F. ) ;
#694 = LINE ( 'NONE', #5133, #1117 ) ;
#695 = DIRECTION ( 'NONE',  ( -0.000000000000000000, 1.000000000000000000, -0.000000000000000000 ) ) ;
#696 = ORIENTED_EDGE ( 'NONE', *, *, #5536, .F. ) ;
#697 = ORIENTED_EDGE ( 'NONE', *, *, #5445, .F. ) ;
#698 = ORIENTED_EDGE ( 'NONE', *, *, #2553, .F. ) ;
#699 = DIRECTION ( 'NONE',  ( 0.000000000000000000, 0.000000000000000000, -1.000000000000000000 ) ) ;
#700 = CARTESIAN_POINT ( 'NONE',  ( -42.99999999999980105, 0.000000000000000000, 4.500000000000142997 ) ) ;
#701 = LINE ( 'NONE', #1166, #3140 ) ;
#702 = ADVANCED_FACE ( 'NONE', ( #1507 ), #1848, .F. ) ;
#703 = ORIENTED_EDGE ( 'NONE', *, *, #2935, .F. ) ;
#704 = CARTESIAN_POINT ( 'NONE',  ( 9.299999999999998934, 2.000000000000000000, -9.299999999999997158 ) ) ;
#705 = LINE ( 'NONE', #337, #3242 ) ;
#706 = DIRECTION ( 'NONE',  ( 0.003682555313065100002, -0.000000000000000000, 0.9999932193701946970 ) ) ;
#707 = FACE_OUTER_BOUND ( 'NONE', #5642, .T. ) ;
#708 = LINE ( 'NONE', #1891, #5270 ) ;
#709 = ORIENTED_EDGE ( 'NONE', *, *, #3927, .T. ) ;
#710 = DIRECTION ( 'NONE',  ( -0.000000000000000000, -0.000000000000000000, 1.000000000000000000 ) ) ;
#711 = LINE ( 'NONE', #743, #3608 ) ;
#712 = CARTESIAN_POINT ( 'NONE',  ( 78.65372625720931410, 0.000000000000000000, -25.18940614018234925 ) ) ;
#713 = CARTESIAN_POINT ( 'NONE',  ( -81.00000000000000000, 5.000000000000000000, 21.90598270084804966 ) ) ;
#714 = EDGE_CURVE ( 'NONE', #2835, #4530, #192, .T. ) ;
#715 = ORIENTED_EDGE ( 'NONE', *, *, #1876, .F. ) ;
#716 = EDGE_CURVE ( 'NONE', #335, #1721, #3706, .T. ) ;
#717 = ORIENTED_EDGE ( 'NONE', *, *, #4465, .F. ) ;
#718 = ORIENTED_EDGE ( 'NONE', *, *, #4683, .F. ) ;
#719 = CARTESIAN_POINT ( 'NONE',  ( 10.80111069989306216, 2.500000000000000000, 23.20598270084804682 ) ) ;
#720 = AXIS2_PLACEMENT_3D ( 'NONE', #4566, #1052, #3271 ) ;
#721 = LINE ( 'NONE', #3406, #753 ) ;
#722 = VECTOR ( 'NONE', #1902, 1000.000000000000114 ) ;
#723 = ORIENTED_EDGE ( 'NONE', *, *, #4903, .T. ) ;
#724 = EDGE_LOOP ( 'NONE', ( #114, #3229, #4786, #981, #3687 ) ) ;
#725 = AXIS2_PLACEMENT_3D ( 'NONE', #521, #2270, #4032 ) ;
#726 = ORIENTED_EDGE ( 'NONE', *, *, #2246, .F. ) ;
#727 = CARTESIAN_POINT ( 'NONE',  ( -50.00000000000000000, 2.500000000000000000, 110.0000000000000000 ) ) ;
#728 = DIRECTION ( 'NONE',  ( -0.000000000000000000, -0.000000000000000000, 1.000000000000000000 ) ) ;
#729 = CARTESIAN_POINT ( 'NONE',  ( -9.299999999999968736, -6.000000000000000000, 28.92555455687870847 ) ) ;
#730 = VECTOR ( 'NONE', #145, 1000.000000000000000 ) ;
#731 = EDGE_CURVE ( 'NONE', #4310, #2938, #4592, .T. ) ;
#732 = ORIENTED_EDGE ( 'NONE', *, *, #1163, .T. ) ;
#733 = CIRCLE ( 'NONE', #2843, 2.500000000000030198 ) ;
#734 = DIRECTION ( 'NONE',  ( 1.000000000000000000, -0.000000000000000000, -1.084202172485505543E-16 ) ) ;
#735 = LINE ( 'NONE', #2490, #755 ) ;
#736 = FACE_OUTER_BOUND ( 'NONE', #2102, .T. ) ;
#737 = DIRECTION ( 'NONE',  ( -0.000000000000000000, -1.000000000000000000, -0.000000000000000000 ) ) ;
#738 = CARTESIAN_POINT ( 'NONE',  ( 11.00000000000000355, 2.000000000000000000, 6.000000000000000000 ) ) ;
#739 = EDGE_CURVE ( 'NONE', #677, #4589, #1019, .T. ) ;
#740 = ORIENTED_EDGE ( 'NONE', *, *, #1435, .F. ) ;
#741 = AXIS2_PLACEMENT_3D ( 'NONE', #3073, #5351, #3101 ) ;
#742 = CARTESIAN_POINT ( 'NONE',  ( 40.74999999999977263, 0.000000000000000000, 4.500000000000170530 ) ) ;
#743 = CARTESIAN_POINT ( 'NONE',  ( 10.80111069989304262, 5.000000000000000000, 18.00598270084806174 ) ) ;
#744 = DIRECTION ( 'NONE',  ( -0.7071067811865474617, -0.000000000000000000, 0.7071067811865474617 ) ) ;
#745 = DIRECTION ( 'NONE',  ( 0.8660254037844389297, -0.000000000000000000, 0.4999999999999995004 ) ) ;
#746 = AXIS2_PLACEMENT_3D ( 'NONE', #2476, #243, #1130 ) ;
#747 = ORIENTED_EDGE ( 'NONE', *, *, #440, .T. ) ;
#748 = VECTOR ( 'NONE', #3033, 1000.000000000000000 ) ;
#749 = ORIENTED_EDGE ( 'NONE', *, *, #1613, .F. ) ;
#750 = AXIS2_PLACEMENT_3D ( 'NONE', #1862, #3191, #4004 ) ;
#751 = FACE_OUTER_BOUND ( 'NONE', #1062, .T. ) ;
#752 = PLANE ( 'NONE',  #1943 ) ;
#753 = VECTOR ( 'NONE', #1983, 1000.000000000000114 ) ;
#754 = VERTEX_POINT ( 'NONE', #589 ) ;
#755 = VECTOR ( 'NONE', #4253, 1000.000000000000000 ) ;
#756 = ORIENTED_EDGE ( 'NONE', *, *, #5247, .F. ) ;
#757 = ORIENTED_EDGE ( 'NONE', *, *, #789, .T. ) ;
#758 = AXIS2_PLACEMENT_3D ( 'NONE', #2278, #1412, #2743 ) ;
#759 = EDGE_CURVE ( 'NONE', #3549, #3607, #2341, .T. ) ;
#760 = CARTESIAN_POINT ( 'NONE',  ( 56.00000000000000000, 10.00000000000000000, 110.0000000000000142 ) ) ;
#761 = FACE_OUTER_BOUND ( 'NONE', #790, .T. ) ;
#762 = ADVANCED_FACE ( 'NONE', ( #785 ), #1164, .F. ) ;
#763 = CARTESIAN_POINT ( 'NONE',  ( -9.299999999999998934, 2.000000000000000000, -10.54999999999999716 ) ) ;
#764 = VECTOR ( 'NONE', #1850, 1000.000000000000000 ) ;
#765 = ORIENTED_EDGE ( 'NONE', *, *, #342, .F. ) ;
#766 = FACE_OUTER_BOUND ( 'NONE', #3815, .T. ) ;
#767 = CARTESIAN_POINT ( 'NONE',  ( 56.00000000000000000, 5.000000000000000000, 110.0000000000000142 ) ) ;
#768 = DIRECTION ( 'NONE',  ( 0.000000000000000000, -1.000000000000000000, 0.000000000000000000 ) ) ;
#769 = CARTESIAN_POINT ( 'NONE',  ( 7.800000000000030909, 0.000000000000000000, 31.92555455687869781 ) ) ;
#770 = VERTEX_POINT ( 'NONE', #1108 ) ;
#771 = CARTESIAN_POINT ( 'NONE',  ( 0.5000000000000004441, 4.000000000000000000, -3.870000000000000107 ) ) ;
#772 = LINE ( 'NONE', #1713, #2870 ) ;
#773 = CARTESIAN_POINT ( 'NONE',  ( 0.000000000000000000, 3.000000000000000000, 0.000000000000000000 ) ) ;
#774 = CARTESIAN_POINT ( 'NONE',  ( -50.00000000000000000, 3.999999999999988898, 101.0000000000000142 ) ) ;
#775 =( GEOMETRIC_REPRESENTATION_CONTEXT ( 3 ) GLOBAL_UNCERTAINTY_ASSIGNED_CONTEXT ( ( #1802 ) ) GLOBAL_UNIT_ASSIGNED_CONTEXT ( ( #1820, #3499, #23 ) ) REPRESENTATION_CONTEXT ( 'NONE', 'WORKASPACE' ) );
#776 = ORIENTED_EDGE ( 'NONE', *, *, #2953, .F. ) ;
#777 = VERTEX_POINT ( 'NONE', #760 ) ;
#778 = PLANE ( 'NONE',  #1571 ) ;
#779 = CARTESIAN_POINT ( 'NONE',  ( -78.99999999999998579, 5.000000000000000000, -30.00000000000000000 ) ) ;
#780 = AXIS2_PLACEMENT_3D ( 'NONE', #828, #1289, #4755 ) ;
#781 = VERTEX_POINT ( 'NONE', #332 ) ;
#782 = VERTEX_POINT ( 'NONE', #5167 ) ;
#783 = ORIENTED_EDGE ( 'NONE', *, *, #1775, .T. ) ;
#784 = CIRCLE ( 'NONE', #515, 1.000000000000000888 ) ;
#785 = FACE_OUTER_BOUND ( 'NONE', #3648, .T. ) ;
#786 = DIRECTION ( 'NONE',  ( 0.000000000000000000, 0.000000000000000000, 1.000000000000000000 ) ) ;
#787 = ADVANCED_FACE ( 'NONE', ( #2103, #4272 ), #5569, .T. ) ;
#788 = CARTESIAN_POINT ( 'NONE',  ( -78.39788897460657324, 3.000000000000000000, 19.07050236186967140 ) ) ;
#789 = EDGE_CURVE ( 'NONE', #1291, #4467, #2864, .T. ) ;
#790 = EDGE_LOOP ( 'NONE', ( #986, #1705, #673, #4002 ) ) ;
#791 = EDGE_CURVE ( 'NONE', #837, #1675, #2919, .T. ) ;
#792 = DIRECTION ( 'NONE',  ( 0.000000000000000000, 0.000000000000000000, 1.000000000000000000 ) ) ;
#793 = VECTOR ( 'NONE', #3736, 1000.000000000000000 ) ;
#794 = DIRECTION ( 'NONE',  ( -0.9999932193701946970, 0.000000000000000000, 0.003682555313065093063 ) ) ;
#795 = DIRECTION ( 'NONE',  ( 0.000000000000000000, -0.000000000000000000, 1.000000000000000000 ) ) ;
#796 = DIRECTION ( 'NONE',  ( 0.7071067811865475727, 0.000000000000000000, 0.7071067811865475727 ) ) ;
#797 = MECHANICAL_DESIGN_GEOMETRIC_PRESENTATION_REPRESENTATION (  '', ( #2819 ), #4378 ) ;
#798 = ORIENTED_EDGE ( 'NONE', *, *, #3469, .F. ) ;
#799 = AXIS2_PLACEMENT_3D ( 'NONE', #171, #1908, #3680 ) ;
#800 = DIRECTION ( 'NONE',  ( 0.000000000000000000, 1.000000000000000000, 0.000000000000000000 ) ) ;
#801 = DIRECTION ( 'NONE',  ( -0.000000000000000000, 1.000000000000000000, -0.000000000000000000 ) ) ;
#802 = CARTESIAN_POINT ( 'NONE',  ( -7.799999999999968736, -1.000000000000028644, 28.92555455687869781 ) ) ;
#803 = CARTESIAN_POINT ( 'NONE',  ( -10.99999999999999289, 0.000000000000000000, -11.99999999999999822 ) ) ;
#804 = EDGE_CURVE ( 'NONE', #9, #5366, #2452, .T. ) ;
#805 = VERTEX_POINT ( 'NONE', #358 ) ;
#806 = DIRECTION ( 'NONE',  ( -0.8663767669259548887, 0.000000000000000000, -0.4993909267607188340 ) ) ;
#807 = DIRECTION ( 'NONE',  ( 0.2576626505603324402, 0.000000000000000000, -0.9662349396012461789 ) ) ;
#808 = PRODUCT_DEFINITION ( 'UNKNOWN', '', #1508, #1401 ) ;
#809 = EDGE_LOOP ( 'NONE', ( #1409, #3111, #901, #524 ) ) ;
#810 = VERTEX_POINT ( 'NONE', #4215 ) ;
#811 = EDGE_CURVE ( 'NONE', #4642, #3835, #1617, .T. ) ;
#812 = ORIENTED_EDGE ( 'NONE', *, *, #3882, .F. ) ;
#813 = DIRECTION ( 'NONE',  ( 0.000000000000000000, -1.000000000000000000, 0.000000000000000000 ) ) ;
#814 = DIRECTION ( 'NONE',  ( 0.000000000000000000, 0.000000000000000000, -1.000000000000000000 ) ) ;
#815 = CIRCLE ( 'NONE', #4776, 2.250000000000001776 ) ;
#816 = EDGE_LOOP ( 'NONE', ( #4067, #3923, #2078, #5305 ) ) ;
#817 = LINE ( 'NONE', #5519, #2085 ) ;
#818 = CARTESIAN_POINT ( 'NONE',  ( -80.99999999999998579, 5.000000000000000000, -20.54375958487979759 ) ) ;
#819 = VECTOR ( 'NONE', #1404, 1000.000000000000114 ) ;
#820 = CARTESIAN_POINT ( 'NONE',  ( -2.250000000000000444, 4.000000000000000000, -6.499999999999999112 ) ) ;
#821 = CARTESIAN_POINT ( 'NONE',  ( 78.39406939752160497, 0.000000000000000000, 19.07049724638230259 ) ) ;
#822 = ORIENTED_EDGE ( 'NONE', *, *, #8, .T. ) ;
#823 = VECTOR ( 'NONE', #1773, 1000.000000000000000 ) ;
#824 = EDGE_LOOP ( 'NONE', ( #1078, #4992 ) ) ;
#825 = CARTESIAN_POINT ( 'NONE',  ( -46.99999999999997868, 2.500000000000000000, 98.00000000000000000 ) ) ;
#826 = DIRECTION ( 'NONE',  ( -0.8629664911646801606, 0.000000000000000000, -0.5052611553710814052 ) ) ;
#827 = LINE ( 'NONE', #4289, #364 ) ;
#828 = CARTESIAN_POINT ( 'NONE',  ( 42.99999999999977973, 0.000000000000000000, 45.50000000000012079 ) ) ;
#829 = EDGE_CURVE ( 'NONE', #4837, #4375, #1564, .T. ) ;
#830 = ORIENTED_EDGE ( 'NONE', *, *, #2387, .T. ) ;
#831 = CARTESIAN_POINT ( 'NONE',  ( -78.40211102539342392, 3.000000000000000000, 13.06606104667467250 ) ) ;
#832 = CARTESIAN_POINT ( 'NONE',  ( -75.99999999999997158, 10.00000000000000000, -30.00000000000000000 ) ) ;
#833 = VECTOR ( 'NONE', #3781, 1000.000000000000114 ) ;
#834 = ORIENTED_EDGE ( 'NONE', *, *, #4940, .T. ) ;
#835 = ORIENTED_EDGE ( 'NONE', *, *, #2981, .T. ) ;
#836 = VECTOR ( 'NONE', #2792, 1000.000000000000000 ) ;
#837 = VERTEX_POINT ( 'NONE', #5113 ) ;
#838 = CIRCLE ( 'NONE', #5260, 1.249999999999999334 ) ;
#839 = FACE_OUTER_BOUND ( 'NONE', #2496, .T. ) ;
#840 = CARTESIAN_POINT ( 'NONE',  ( -75.99999999999998579, 10.00000000000000000, -24.99999999999997158 ) ) ;
#841 = EDGE_CURVE ( 'NONE', #3577, #5306, #5623, .T. ) ;
#842 = VECTOR ( 'NONE', #1089, 1000.000000000000000 ) ;
#843 = EDGE_CURVE ( 'NONE', #2938, #1258, #1223, .T. ) ;
#844 = ORIENTED_EDGE ( 'NONE', *, *, #4345, .T. ) ;
#845 = AXIS2_PLACEMENT_3D ( 'NONE', #3640, #2335, #134 ) ;
#846 = LINE ( 'NONE', #4329, #3008 ) ;
#847 = CARTESIAN_POINT ( 'NONE',  ( 80.99702962586462718, 3.000000000000000000, 17.57452552773328236 ) ) ;
#848 = FACE_OUTER_BOUND ( 'NONE', #1736, .T. ) ;
#849 = VECTOR ( 'NONE', #1281, 1000.000000000000000 ) ;
#850 = ADVANCED_FACE ( 'NONE', ( #274 ), #248, .F. ) ;
#851 = VERTEX_POINT ( 'NONE', #2979 ) ;
#852 = ORIENTED_EDGE ( 'NONE', *, *, #2570, .T. ) ;
#853 = CARTESIAN_POINT ( 'NONE',  ( -8.999999999999994671, 2.000000000000000000, 10.99999999999999467 ) ) ;
#854 = LINE ( 'NONE', #2614, #2673 ) ;
#855 = CARTESIAN_POINT ( 'NONE',  ( 9.000000000000005329, 2.000000000000000000, 10.99999999999999467 ) ) ;
#856 = CARTESIAN_POINT ( 'NONE',  ( -81.00000000000000000, 2.000000000000001776, 21.90598270084804966 ) ) ;
#857 = EDGE_CURVE ( 'NONE', #285, #967, #909, .T. ) ;
#858 = EDGE_CURVE ( 'NONE', #1377, #3836, #3789, .T. ) ;
#859 = ORIENTED_EDGE ( 'NONE', *, *, #4859, .T. ) ;
#860 = EDGE_CURVE ( 'NONE', #449, #2451, #2018, .T. ) ;
#861 = DIRECTION ( 'NONE',  ( 0.000000000000000000, 0.000000000000000000, -1.000000000000000000 ) ) ;
#862 = CARTESIAN_POINT ( 'NONE',  ( -9.299999999999968736, 2.500000000000000444, 20.60598270084804895 ) ) ;
#863 = LINE ( 'NONE', #2999, #1394 ) ;
#864 = EDGE_LOOP ( 'NONE', ( #3245, #5225, #550, #3322 ) ) ;
#865 = VERTEX_POINT ( 'NONE', #3844 ) ;
#866 = ORIENTED_EDGE ( 'NONE', *, *, #5156, .T. ) ;
#867 = CARTESIAN_POINT ( 'NONE',  ( 9.300000000000030909, -1.000000000000014655, 20.60598270084804895 ) ) ;
#868 = DIRECTION ( 'NONE',  ( 0.000000000000000000, 1.000000000000000000, 0.000000000000000000 ) ) ;
#869 = AXIS2_PLACEMENT_3D ( 'NONE', #2266, #3537, #2758 ) ;
#870 = DIRECTION ( 'NONE',  ( -0.000000000000000000, -1.000000000000000000, -0.000000000000000000 ) ) ;
#871 = ORIENTED_EDGE ( 'NONE', *, *, #1903, .F. ) ;
#872 = ORIENTED_EDGE ( 'NONE', *, *, #4688, .F. ) ;
#873 = VECTOR ( 'NONE', #4255, 1000.000000000000000 ) ;
#874 = DIRECTION ( 'NONE',  ( -1.692413147294449175E-16, 0.000000000000000000, 1.000000000000000000 ) ) ;
#875 = LINE ( 'NONE', #5256, #633 ) ;
#876 = EDGE_CURVE ( 'NONE', #4527, #1304, #3354, .T. ) ;
#877 = PLANE ( 'NONE',  #5090 ) ;
#878 = VERTEX_POINT ( 'NONE', #4246 ) ;
#879 = ORIENTED_EDGE ( 'NONE', *, *, #3244, .T. ) ;
#880 = CARTESIAN_POINT ( 'NONE',  ( 78.65372625720931410, -13.20000000000000462, -23.43718474039629385 ) ) ;
#881 = PLANE ( 'NONE',  #4703 ) ;
#882 = LINE ( 'NONE', #1828, #823 ) ;
#883 = VECTOR ( 'NONE', #2668, 1000.000000000000000 ) ;
#884 = CARTESIAN_POINT ( 'NONE',  ( 9.300000000000030909, -1.000000000000014655, 20.60598270084804895 ) ) ;
#885 = ORIENTED_EDGE ( 'NONE', *, *, #3225, .T. ) ;
#886 = FACE_BOUND ( 'NONE', #3933, .T. ) ;
#887 = EDGE_CURVE ( 'NONE', #285, #851, #2049, .T. ) ;
#888 = CARTESIAN_POINT ( 'NONE',  ( 75.79703977165694084, 3.000000000000000000, 17.56425342292120462 ) ) ;
#889 = CARTESIAN_POINT ( 'NONE',  ( -78.64472903534151271, 3.000000000000000000, -25.18939265846792352 ) ) ;
#890 = PLANE ( 'NONE',  #3337 ) ;
#891 = CIRCLE ( 'NONE', #4113, 2.250000000000008882 ) ;
#892 = EDGE_CURVE ( 'NONE', #754, #2482, #3410, .T. ) ;
#893 = ORIENTED_EDGE ( 'NONE', *, *, #5060, .T. ) ;
#894 = VERTEX_POINT ( 'NONE', #37 ) ;
#895 = ORIENTED_EDGE ( 'NONE', *, *, #3434, .T. ) ;
#896 = CARTESIAN_POINT ( 'NONE',  ( -78.64472903534151271, 0.000000000000000000, -25.18939265846792352 ) ) ;
#897 = DIRECTION ( 'NONE',  ( -0.000000000000000000, -1.000000000000000000, -0.000000000000000000 ) ) ;
#898 = DIRECTION ( 'NONE',  ( 0.8675199422708557151, 0.000000000000000000, -0.4974024022482914087 ) ) ;
#899 = ADVANCED_FACE ( 'NONE', ( #4927 ), #3192, .F. ) ;
#900 = ORIENTED_EDGE ( 'NONE', *, *, #4475, .T. ) ;
#901 = ORIENTED_EDGE ( 'NONE', *, *, #4264, .F. ) ;
#902 = CARTESIAN_POINT ( 'NONE',  ( -2.250000000000000444, 4.000000000000000000, -6.499999999999999112 ) ) ;
#903 = CARTESIAN_POINT ( 'NONE',  ( 9.000000000000005329, 2.000000000000000000, 8.000000000000007105 ) ) ;
#904 = DIRECTION ( 'NONE',  ( -0.8678608092433021115, 0.000000000000000000, -0.4968074232331486928 ) ) ;
#905 = AXIS2_PLACEMENT_3D ( 'NONE', #4971, #590, #5035 ) ;
#906 = ADVANCED_FACE ( 'NONE', ( #2764 ), #4954, .F. ) ;
#907 = VERTEX_POINT ( 'NONE', #1347 ) ;
#908 = EDGE_LOOP ( 'NONE', ( #692, #1561, #4270, #330 ) ) ;
#909 = CIRCLE ( 'NONE', #2659, 4.000000000000031086 ) ;
#910 = LINE ( 'NONE', #4023, #4570 ) ;
#911 = DIRECTION ( 'NONE',  ( 0.8645230873858525955, 0.000000000000000000, 0.5025931071720280974 ) ) ;
#912 = EDGE_CURVE ( 'NONE', #4706, #2483, #93, .T. ) ;
#913 = FACE_OUTER_BOUND ( 'NONE', #1612, .T. ) ;
#914 = DIRECTION ( 'NONE',  ( 1.000000000000000000, 0.000000000000000000, 0.000000000000000000 ) ) ;
#915 = CIRCLE ( 'NONE', #2475, 1.000000000000000888 ) ;
#916 = EDGE_CURVE ( 'NONE', #219, #1680, #2936, .T. ) ;
#917 = ORIENTED_EDGE ( 'NONE', *, *, #5549, .T. ) ;
#918 = CYLINDRICAL_SURFACE ( 'NONE', #3969, 2.250000000000008882 ) ;
#919 = DIRECTION ( 'NONE',  ( -0.8670114164560018821, 0.000000000000000000, 0.4982882737281273955 ) ) ;
#920 = LINE ( 'NONE', #4840, #5253 ) ;
#921 = CARTESIAN_POINT ( 'NONE',  ( 0.000000000000000000, 0.000000000000000000, -27.99999999999999645 ) ) ;
#922 = ORIENTED_EDGE ( 'NONE', *, *, #2428, .F. ) ;
#923 = ORIENTED_EDGE ( 'NONE', *, *, #3458, .T. ) ;
#924 = ORIENTED_EDGE ( 'NONE', *, *, #3982, .F. ) ;
#925 = VECTOR ( 'NONE', #652, 1000.000000000000000 ) ;
#926 = PLANE ( 'NONE',  #563 ) ;
#927 = DIRECTION ( 'NONE',  ( 0.000000000000000000, 0.000000000000000000, -1.000000000000000000 ) ) ;
#928 = DIRECTION ( 'NONE',  ( -2.775557561562875574E-15, 0.000000000000000000, 1.000000000000000000 ) ) ;
#929 = VERTEX_POINT ( 'NONE', #1833 ) ;
#930 = CIRCLE ( 'NONE', #2862, 1.250000000000001110 ) ;
#931 = ORIENTED_EDGE ( 'NONE', *, *, #2923, .F. ) ;
#932 = EDGE_CURVE ( 'NONE', #3787, #865, #125, .T. ) ;
#933 = CIRCLE ( 'NONE', #4156, 2.649999999999999467 ) ;
#934 = EDGE_CURVE ( 'NONE', #4065, #2215, #1321, .T. ) ;
#935 = DIRECTION ( 'NONE',  ( 0.8641782539302441668, 0.000000000000000000, -0.5031857961370477250 ) ) ;
#936 = CARTESIAN_POINT ( 'NONE',  ( 8.000000000000003553, 2.000000000000000000, 11.00000000000000178 ) ) ;
#937 = DIRECTION ( 'NONE',  ( -0.2576626505603324402, -0.000000000000000000, 0.9662349396012461789 ) ) ;
#938 = AXIS2_PLACEMENT_3D ( 'NONE', #4154, #1103, #4071 ) ;
#939 = EDGE_LOOP ( 'NONE', ( #543, #1183, #2882, #4496, #5687 ) ) ;
#940 = VERTEX_POINT ( 'NONE', #1778 ) ;
#941 = DIRECTION ( 'NONE',  ( 1.000000000000000000, 0.000000000000000000, -0.000000000000000000 ) ) ;
#942 = LINE ( 'NONE', #5321, #5161 ) ;
#943 = CIRCLE ( 'NONE', #397, 1.500000000000001332 ) ;
#944 = DIRECTION ( 'NONE',  ( -0.8660254037844389297, 0.000000000000000000, 0.4999999999999994449 ) ) ;
#945 = DIRECTION ( 'NONE',  ( 0.4968074232331486373, 0.000000000000000000, -0.8678608092433020005 ) ) ;
#946 = ORIENTED_EDGE ( 'NONE', *, *, #393, .F. ) ;
#947 = CARTESIAN_POINT ( 'NONE',  ( -14.99999999999974598, 2.200000000000000622, 87.00000000000012790 ) ) ;
#948 = DIRECTION ( 'NONE',  ( -0.4947203262777917221, 0.000000000000000000, -0.8690522416791727212 ) ) ;
#949 = DIRECTION ( 'NONE',  ( 0.000000000000000000, 1.000000000000000000, 0.000000000000000000 ) ) ;
#950 = CARTESIAN_POINT ( 'NONE',  ( 12.30222139978607743, 2.500000000000000000, 20.60598270084806316 ) ) ;
#951 = EDGE_CURVE ( 'NONE', #4843, #5325, #3165, .T. ) ;
#952 = ORIENTED_EDGE ( 'NONE', *, *, #1775, .F. ) ;
#953 = ORIENTED_EDGE ( 'NONE', *, *, #3030, .T. ) ;
#954 = ORIENTED_EDGE ( 'NONE', *, *, #5647, .F. ) ;
#955 = CARTESIAN_POINT ( 'NONE',  ( -9.299999999999968736, -1.000000000000013101, 23.25598270084804753 ) ) ;
#956 = CARTESIAN_POINT ( 'NONE',  ( 42.99999999999978684, 5.000000000000000000, 4.500000000000170530 ) ) ;
#957 = CARTESIAN_POINT ( 'NONE',  ( 0.5000000000000004441, 5.000000000000000000, -3.870000000000000107 ) ) ;
#958 = ORIENTED_EDGE ( 'NONE', *, *, #203, .F. ) ;
#959 = ORIENTED_EDGE ( 'NONE', *, *, #2261, .F. ) ;
#960 = CIRCLE ( 'NONE', #2896, 1.250000000000001110 ) ;
#961 = DIRECTION ( 'NONE',  ( -0.000000000000000000, -1.000000000000000000, -0.000000000000000000 ) ) ;
#962 = CARTESIAN_POINT ( 'NONE',  ( 18.03108891324579233, 2.200000000000000178, 87.00000000000009948 ) ) ;
#963 = DIRECTION ( 'NONE',  ( 0.000000000000000000, 0.000000000000000000, -1.000000000000000000 ) ) ;
#964 = ADVANCED_FACE ( 'NONE', ( #2645 ), #4865, .F. ) ;
#965 = VECTOR ( 'NONE', #1653, 1000.000000000000114 ) ;
#966 = ADVANCED_FACE ( 'NONE', ( #2706 ), #3631, .F. ) ;
#967 = VERTEX_POINT ( 'NONE', #1430 ) ;
#968 = ORIENTED_EDGE ( 'NONE', *, *, #1456, .T. ) ;
#969 = CYLINDRICAL_SURFACE ( 'NONE', #1893, 2.649999999999999467 ) ;
#970 = DIRECTION ( 'NONE',  ( -0.8660254037844388186, 0.000000000000000000, -0.4999999999999997780 ) ) ;
#971 = DIRECTION ( 'NONE',  ( -0.4974024022482887997, 0.000000000000000000, -0.8675199422708572694 ) ) ;
#972 = CARTESIAN_POINT ( 'NONE',  ( 15.00000000000025402, 22.50000000000000000, 88.25000000000012790 ) ) ;
#973 = ORIENTED_EDGE ( 'NONE', *, *, #791, .T. ) ;
#974 = DIRECTION ( 'NONE',  ( 1.692413147294447942E-16, 0.000000000000000000, -1.000000000000000000 ) ) ;
#975 = CARTESIAN_POINT ( 'NONE',  ( -76.04923932178259349, 3.000000000000000000, -23.68049687673109105 ) ) ;
#976 = CARTESIAN_POINT ( 'NONE',  ( 13.48445554337748398, 2.200000000000000178, 89.62500000000012790 ) ) ;
#977 = DIRECTION ( 'NONE',  ( 0.000000000000000000, -1.000000000000000000, 0.000000000000000000 ) ) ;
#978 = PRESENTATION_LAYER_ASSIGNMENT (  '', '', ( #2819 ) ) ;
#979 = ORIENTED_EDGE ( 'NONE', *, *, #4135, .F. ) ;
#980 = EDGE_LOOP ( 'NONE', ( #2198, #5650 ) ) ;
#981 = ORIENTED_EDGE ( 'NONE', *, *, #5124, .T. ) ;
#982 = CARTESIAN_POINT ( 'NONE',  ( 9.300000000000030909, -6.000000000000000000, 20.60598270084804895 ) ) ;
#983 = CARTESIAN_POINT ( 'NONE',  ( -7.799999999999968736, -1.000000000000028644, 31.92555455687869781 ) ) ;
#984 = LINE ( 'NONE', #1441, #1757 ) ;
#985 = EDGE_CURVE ( 'NONE', #3352, #3009, #2735, .T. ) ;
#986 = ORIENTED_EDGE ( 'NONE', *, *, #1687, .T. ) ;
#987 = EDGE_CURVE ( 'NONE', #3835, #1887, #4462, .T. ) ;
#988 = VECTOR ( 'NONE', #3496, 1000.000000000000000 ) ;
#989 = VERTEX_POINT ( 'NONE', #151 ) ;
#990 = DIRECTION ( 'NONE',  ( 0.5006088260261505329, -0.000000000000000000, 0.8656736124572120827 ) ) ;
#991 = DIRECTION ( 'NONE',  ( 0.000000000000000000, 0.000000000000000000, -1.000000000000000000 ) ) ;
#992 = ITEM_DEFINED_TRANSFORMATION ( 'NONE', 'NONE', #407,  #1971 ) ;
#993 = CARTESIAN_POINT ( 'NONE',  ( -81.00000000000000000, 2.000000000000001776, 21.90598270084804966 ) ) ;
#994 = ORIENTED_EDGE ( 'NONE', *, *, #1754, .T. ) ;
#995 = CARTESIAN_POINT ( 'NONE',  ( -9.299999999999968736, -1.000000000000013101, 23.25598270084804753 ) ) ;
#996 = LINE ( 'NONE', #4601, #2781 ) ;
#997 = VECTOR ( 'NONE', #3241, 1000.000000000000000 ) ;
#998 = VECTOR ( 'NONE', #5461, 1000.000000000000000 ) ;
#999 = FACE_OUTER_BOUND ( 'NONE', #2421, .T. ) ;
#1000 = CARTESIAN_POINT ( 'NONE',  ( -45.24999999999980105, 5.000000000000000000, 4.500000000000171418 ) ) ;
#1001 = CIRCLE ( 'NONE', #2011, 1.500000000000001332 ) ;
#1002 = VERTEX_POINT ( 'NONE', #3440 ) ;
#1003 = DIRECTION ( 'NONE',  ( 0.000000000000000000, 0.000000000000000000, -1.000000000000000000 ) ) ;
#1004 = DIRECTION ( 'NONE',  ( 1.000000000000000000, 0.000000000000000000, -3.000553181919163031E-16 ) ) ;
#1005 = CARTESIAN_POINT ( 'NONE',  ( 16.51554445662303294, 2.200000000000000178, 84.37500000000012790 ) ) ;
#1006 = EDGE_CURVE ( 'NONE', #1751, #2260, #3571, .T. ) ;
#1007 = LINE ( 'NONE', #1495, #1310 ) ;
#1008 = VECTOR ( 'NONE', #2522, 1000.000000000000227 ) ;
#1009 = EDGE_LOOP ( 'NONE', ( #664, #1010, #2624, #715, #2972 ) ) ;
#1010 = ORIENTED_EDGE ( 'NONE', *, *, #4800, .T. ) ;
#1011 = VECTOR ( 'NONE', #4247, 1000.000000000000000 ) ;
#1012 = ORIENTED_EDGE ( 'NONE', *, *, #5496, .F. ) ;
#1013 = DIRECTION ( 'NONE',  ( 0.2576626505603324402, 0.000000000000000000, -0.9662349396012461789 ) ) ;
#1014 = DIRECTION ( 'NONE',  ( -0.000000000000000000, 1.000000000000000000, -0.000000000000000000 ) ) ;
#1015 = DIRECTION ( 'NONE',  ( 1.000000000000000000, 0.000000000000000000, 0.000000000000000000 ) ) ;
#1016 = ORIENTED_EDGE ( 'NONE', *, *, #4525, .F. ) ;
#1017 = ORIENTED_EDGE ( 'NONE', *, *, #2246, .T. ) ;
#1018 = CIRCLE ( 'NONE', #29, 1.249999999999997558 ) ;
#1019 = LINE ( 'NONE', #2779, #4395 ) ;
#1020 = CARTESIAN_POINT ( 'NONE',  ( 78.65372625720931410, -13.20000000000000462, -22.18718474039629385 ) ) ;
#1021 = EDGE_CURVE ( 'NONE', #1875, #1162, #4399, .T. ) ;
#1022 = CARTESIAN_POINT ( 'NONE',  ( 9.300000000000030909, -1.000000000000014655, 20.60598270084804895 ) ) ;
#1023 = VECTOR ( 'NONE', #4062, 1000.000000000000000 ) ;
#1024 = EDGE_CURVE ( 'NONE', #2826, #1581, #3543, .T. ) ;
#1025 = EDGE_LOOP ( 'NONE', ( #3761, #28, #2603, #1500, #5143, #98 ) ) ;
#1026 = VECTOR ( 'NONE', #345, 999.9999999999998863 ) ;
#1027 = CARTESIAN_POINT ( 'NONE',  ( 18.03108891324579233, 2.200000000000000178, 87.00000000000009948 ) ) ;
#1028 = DIRECTION ( 'NONE',  ( 0.6552985349123225944, -0.6552985349123200409, -0.3757228503611808046 ) ) ;
#1029 = CARTESIAN_POINT ( 'NONE',  ( 10.99999999999999467, 2.000000000000000000, 7.000000000000000000 ) ) ;
#1030 = DIRECTION ( 'NONE',  ( 0.000000000000000000, 0.000000000000000000, 1.000000000000000000 ) ) ;
#1031 = AXIS2_PLACEMENT_3D ( 'NONE', #2545, #5597, #1645 ) ;
#1032 = AXIS2_PLACEMENT_3D ( 'NONE', #4921, #2701, #4390 ) ;
#1033 = VERTEX_POINT ( 'NONE', #1806 ) ;
#1034 = VECTOR ( 'NONE', #3202, 1000.000000000000000 ) ;
#1035 = CARTESIAN_POINT ( 'NONE',  ( -75.79894513005741885, 3.000000000000000000, 17.56756383145217981 ) ) ;
#1036 = CARTESIAN_POINT ( 'NONE',  ( 50.00000000000000000, 3.999999999999988898, 110.0000000000000000 ) ) ;
#1037 = CARTESIAN_POINT ( 'NONE',  ( -81.00000000000000000, 2.000000000000001776, 21.90598270084804966 ) ) ;
#1038 = ADVANCED_FACE ( 'NONE', ( #493 ), #1374, .F. ) ;
#1039 = DIRECTION ( 'NONE',  ( -0.000000000000000000, 1.000000000000000000, -0.000000000000000000 ) ) ;
#1040 = AXIS2_PLACEMENT_3D ( 'NONE', #3039, #2551, #420 ) ;
#1041 = ADVANCED_FACE ( 'NONE', ( #2880 ), #1549, .F. ) ;
#1042 = ORIENTED_EDGE ( 'NONE', *, *, #99, .F. ) ;
#1043 = ADVANCED_FACE ( 'NONE', ( #3311 ), #3308, .F. ) ;
#1044 = ORIENTED_EDGE ( 'NONE', *, *, #3400, .F. ) ;
#1045 = VERTEX_POINT ( 'NONE', #1036 ) ;
#1046 = PLANE ( 'NONE',  #2027 ) ;
#1047 = DIRECTION ( 'NONE',  ( 0.000000000000000000, 0.000000000000000000, 1.000000000000000000 ) ) ;
#1048 = LINE ( 'NONE', #1503, #571 ) ;
#1049 = ORIENTED_EDGE ( 'NONE', *, *, #82, .F. ) ;
#1050 = ORIENTED_EDGE ( 'NONE', *, *, #1513, .T. ) ;
#1051 = CARTESIAN_POINT ( 'NONE',  ( -8.999999999999994671, 2.000000000000000000, 8.000000000000008882 ) ) ;
#1052 = DIRECTION ( 'NONE',  ( 1.000000000000000000, -0.000000000000000000, 0.000000000000000000 ) ) ;
#1053 = CARTESIAN_POINT ( 'NONE',  ( -10.99999999999999289, 2.000000000000000000, -11.99999999999999822 ) ) ;
#1054 = ADVANCED_BREP_SHAPE_REPRESENTATION ( '', ( #55, #1971 ), #1607 ) ;
#1055 = VERTEX_POINT ( 'NONE', #1974 ) ;
#1056 = DIRECTION ( 'NONE',  ( 0.000000000000000000, 0.000000000000000000, 1.000000000000000000 ) ) ;
#1057 = CARTESIAN_POINT ( 'NONE',  ( -11.96893163944603700, 0.000000000000000000, 86.98883784741830993 ) ) ;
#1058 = EDGE_CURVE ( 'NONE', #4346, #4065, #4202, .T. ) ;
#1059 = CARTESIAN_POINT ( 'NONE',  ( 81.00000000000001421, 3.000000000000000000, 21.90598270084813493 ) ) ;
#1060 = CARTESIAN_POINT ( 'NONE',  ( 75.79703977165694084, 3.000000000000000000, 17.56425342292120462 ) ) ;
#1061 = VECTOR ( 'NONE', #403, 1000.000000000000114 ) ;
#1062 = EDGE_LOOP ( 'NONE', ( #4205, #5123, #2832, #5628 ) ) ;
#1063 = VECTOR ( 'NONE', #945, 1000.000000000000114 ) ;
#1064 = CARTESIAN_POINT ( 'NONE',  ( 50.00000000000000000, 2.500000000000000000, 101.0000000000000142 ) ) ;
#1065 = CARTESIAN_POINT ( 'NONE',  ( 10.99999999999999289, 0.000000000000000000, -12.00000000000000000 ) ) ;
#1066 = LINE ( 'NONE', #713, #509 ) ;
#1067 = CARTESIAN_POINT ( 'NONE',  ( -75.99999999999997158, 10.00000000000000000, -30.00000000000000000 ) ) ;
#1068 = VERTEX_POINT ( 'NONE', #2793 ) ;
#1069 = ADVANCED_FACE ( 'NONE', ( #4176 ), #3721, .F. ) ;
#1070 = EDGE_LOOP ( 'NONE', ( #4879, #1240, #581, #3338 ) ) ;
#1071 = VERTEX_POINT ( 'NONE', #2438 ) ;
#1072 = VECTOR ( 'NONE', #961, 1000.000000000000000 ) ;
#1073 = CARTESIAN_POINT ( 'NONE',  ( 80.99702962586462718, 1.997029625864608304, 17.57452552773328236 ) ) ;
#1074 = FACE_OUTER_BOUND ( 'NONE', #4376, .T. ) ;
#1075 = CLOSED_SHELL ( 'NONE', ( #1157, #3880, #5389, #3110, #2514, #3402, #3703, #3314, #1977, #233, #514, #1866, #1350, #2858, #2876, #4947, #4870, #3843, #3077, #2336, #2834, #4168, #422, #3741, #1038, #1673, #4433, #4877, #5075, #3497 ) ) ;
#1076 = EDGE_CURVE ( 'NONE', #5110, #2651, #1094, .T. ) ;
#1077 = FACE_OUTER_BOUND ( 'NONE', #3847, .T. ) ;
#1078 = ORIENTED_EDGE ( 'NONE', *, *, #1491, .T. ) ;
#1079 = ORIENTED_EDGE ( 'NONE', *, *, #3861, .F. ) ;
#1080 = ORIENTED_EDGE ( 'NONE', *, *, #2609, .F. ) ;
#1081 = LINE ( 'NONE', #108, #2998 ) ;
#1082 = CYLINDRICAL_SURFACE ( 'NONE', #3940, 1.249999999999997558 ) ;
#1083 = APPLICATION_PROTOCOL_DEFINITION ( 'draft international standard', 'automotive_design', 1998, #4435 ) ;
#1084 = EDGE_CURVE ( 'NONE', #5479, #5091, #3751, .T. ) ;
#1085 = DIRECTION ( 'NONE',  ( 0.000000000000000000, -1.000000000000000000, 0.000000000000000000 ) ) ;
#1086 = AXIS2_PLACEMENT_3D ( 'NONE', #362, #5630, #1682 ) ;
#1087 = ORIENTED_EDGE ( 'NONE', *, *, #2284, .T. ) ;
#1088 = DIRECTION ( 'NONE',  ( 0.000000000000000000, 0.000000000000000000, -1.000000000000000000 ) ) ;
#1089 = DIRECTION ( 'NONE',  ( -0.000000000000000000, -0.000000000000000000, 1.000000000000000000 ) ) ;
#1090 = DIRECTION ( 'NONE',  ( -0.000000000000000000, -1.000000000000000000, -0.000000000000000000 ) ) ;
#1091 = CARTESIAN_POINT ( 'NONE',  ( 47.00000000000000000, 2.500000000000000000, 101.0000000000000000 ) ) ;
#1092 = ORIENTED_EDGE ( 'NONE', *, *, #518, .F. ) ;
#1093 = LINE ( 'NONE', #659, #3881 ) ;
#1094 = LINE ( 'NONE', #4116, #4595 ) ;
#1095 = LINE ( 'NONE', #3224, #4362 ) ;
#1096 = EDGE_CURVE ( 'NONE', #2311, #1846, #2005, .T. ) ;
#1097 = VECTOR ( 'NONE', #897, 1000.000000000000000 ) ;
#1098 = ORIENTED_EDGE ( 'NONE', *, *, #1533, .T. ) ;
#1099 = ORIENTED_EDGE ( 'NONE', *, *, #4446, .F. ) ;
#1100 = EDGE_LOOP ( 'NONE', ( #4735, #2455, #5451, #2138 ) ) ;
#1101 = VECTOR ( 'NONE', #2484, 1000.000000000000000 ) ;
#1102 = LINE ( 'NONE', #3756, #833 ) ;
#1103 = DIRECTION ( 'NONE',  ( -0.000000000000000000, -1.000000000000000000, -0.000000000000000000 ) ) ;
#1104 = ORIENTED_EDGE ( 'NONE', *, *, #4335, .F. ) ;
#1105 = AXIS2_PLACEMENT_3D ( 'NONE', #392, #2140, #2899 ) ;
#1106 = ORIENTED_EDGE ( 'NONE', *, *, #3021, .T. ) ;
#1107 = EDGE_LOOP ( 'NONE', ( #2733, #3315, #1698, #2099 ) ) ;
#1108 = CARTESIAN_POINT ( 'NONE',  ( -78.66272347907712970, 3.000000000000000000, -19.18497682232466417 ) ) ;
#1109 = CARTESIAN_POINT ( 'NONE',  ( 81.00000000000001421, 2.000000000000001776, 21.90598270084813493 ) ) ;
#1110 = FACE_BOUND ( 'NONE', #5567, .T. ) ;
#1111 = EDGE_CURVE ( 'NONE', #4675, #526, #2468, .T. ) ;
#1112 = ORIENTED_EDGE ( 'NONE', *, *, #2923, .T. ) ;
#1113 = EDGE_CURVE ( 'NONE', #1265, #5615, #5525, .T. ) ;
#1114 = CYLINDRICAL_SURFACE ( 'NONE', #167, 3.000000000000002665 ) ;
#1115 = CARTESIAN_POINT ( 'NONE',  ( -2.249999999999999556, 4.000000000000000000, -0.4999999999999987232 ) ) ;
#1116 = DIRECTION ( 'NONE',  ( 0.000000000000000000, 0.000000000000000000, 1.000000000000000000 ) ) ;
#1117 = VECTOR ( 'NONE', #5562, 1000.000000000000000 ) ;
#1118 = DIRECTION ( 'NONE',  ( -0.9662349396012462899, 0.000000000000000000, 0.2576626505603322737 ) ) ;
#1119 = VECTOR ( 'NONE', #710, 1000.000000000000000 ) ;
#1120 = ORIENTED_EDGE ( 'NONE', *, *, #3560, .F. ) ;
#1121 = DIRECTION ( 'NONE',  ( 0.7071067811865462405, 0.7071067811865489050, 1.890548517948249595E-16 ) ) ;
#1122 = VECTOR ( 'NONE', #2717, 1000.000000000000000 ) ;
#1123 = DIRECTION ( 'NONE',  ( -0.000000000000000000, 1.000000000000000000, -0.000000000000000000 ) ) ;
#1124 = LINE ( 'NONE', #1037, #4184 ) ;
#1125 = AXIS2_PLACEMENT_3D ( 'NONE', #4726, #4313, #3478 ) ;
#1126 = AXIS2_PLACEMENT_3D ( 'NONE', #3920, #5670, #1720 ) ;
#1127 = ORIENTED_EDGE ( 'NONE', *, *, #2509, .F. ) ;
#1128 = ORIENTED_EDGE ( 'NONE', *, *, #1282, .T. ) ;
#1129 = FACE_OUTER_BOUND ( 'NONE', #2280, .T. ) ;
#1130 = DIRECTION ( 'NONE',  ( 0.000000000000000000, 0.000000000000000000, 1.000000000000000000 ) ) ;
#1131 = EDGE_CURVE ( 'NONE', #1823, #3910, #3341, .T. ) ;
#1132 = AXIS2_PLACEMENT_3D ( 'NONE', #993, #3622, #2633 ) ;
#1133 = CARTESIAN_POINT ( 'NONE',  ( 0.5000000000000004441, 4.000000000000000000, -5.770000000000000462 ) ) ;
#1134 = ORIENTED_EDGE ( 'NONE', *, *, #714, .T. ) ;
#1135 = EDGE_LOOP ( 'NONE', ( #5566, #4419, #852, #844 ) ) ;
#1136 = ORIENTED_EDGE ( 'NONE', *, *, #4393, .F. ) ;
#1137 = DIRECTION ( 'NONE',  ( 2.673639354406774245E-16, 0.000000000000000000, -1.000000000000000000 ) ) ;
#1138 = DIRECTION ( 'NONE',  ( 2.673639354406774245E-16, 0.000000000000000000, -1.000000000000000000 ) ) ;
#1139 = CARTESIAN_POINT ( 'NONE',  ( 50.00000000000000000, 2.500000000000000000, 110.0000000000000000 ) ) ;
#1140 = ORIENTED_EDGE ( 'NONE', *, *, #2442, .F. ) ;
#1141 = EDGE_CURVE ( 'NONE', #3607, #2700, #2354, .T. ) ;
#1142 = DIRECTION ( 'NONE',  ( 0.8660254037844389297, 0.000000000000000000, 0.4999999999999994449 ) ) ;
#1143 = PLANE ( 'NONE',  #5452 ) ;
#1144 = DIRECTION ( 'NONE',  ( 0.4999999999999999445, 0.000000000000000000, 0.8660254037844387076 ) ) ;
#1145 = DIRECTION ( 'NONE',  ( 0.000000000000000000, 0.000000000000000000, 1.000000000000000000 ) ) ;
#1146 = EDGE_CURVE ( 'NONE', #4299, #2825, #4579, .T. ) ;
#1147 = EDGE_LOOP ( 'NONE', ( #1838, #3995, #4850, #3810 ) ) ;
#1148 = DIRECTION ( 'NONE',  ( 0.000000000000000000, 0.7071067811865536790, 0.7071067811865414665 ) ) ;
#1149 = AXIS2_PLACEMENT_3D ( 'NONE', #856, #2174, #2501 ) ;
#1150 = CYLINDRICAL_SURFACE ( 'NONE', #4224, 1.899999999999999689 ) ;
#1151 = LINE ( 'NONE', #1550, #3541 ) ;
#1152 = AXIS2_PLACEMENT_3D ( 'NONE', #5230, #5204, #3798 ) ;
#1153 = ORIENTED_EDGE ( 'NONE', *, *, #5198, .F. ) ;
#1154 = ORIENTED_EDGE ( 'NONE', *, *, #4545, .T. ) ;
#1155 = DIRECTION ( 'NONE',  ( 1.000000000000000000, -0.000000000000000000, -0.000000000000000000 ) ) ;
#1156 = CARTESIAN_POINT ( 'NONE',  ( 56.00000000000000000, 10.00000000000000000, 96.25076433052315394 ) ) ;
#1157 = ADVANCED_FACE ( 'NONE', ( #1917 ), #1150, .T. ) ;
#1158 = LINE ( 'NONE', #326, #2966 ) ;
#1159 = ORIENTED_EDGE ( 'NONE', *, *, #5392, .T. ) ;
#1160 = EDGE_CURVE ( 'NONE', #2983, #2835, #3689, .T. ) ;
#1161 = ORIENTED_EDGE ( 'NONE', *, *, #4248, .T. ) ;
#1162 = VERTEX_POINT ( 'NONE', #712 ) ;
#1163 = EDGE_CURVE ( 'NONE', #5221, #1055, #3284, .T. ) ;
#1164 = PLANE ( 'NONE',  #4958 ) ;
#1165 = LINE ( 'NONE', #1592, #5324 ) ;
#1166 = CARTESIAN_POINT ( 'NONE',  ( 59.00000000000000000, 0.000000000000000000, 0.000000000000000000 ) ) ;
#1167 = EDGE_CURVE ( 'NONE', #4120, #1782, #4134, .T. ) ;
#1168 = EDGE_LOOP ( 'NONE', ( #1422, #213, #3092, #131 ) ) ;
#1169 = LINE ( 'NONE', #5202, #2637 ) ;
#1170 = CARTESIAN_POINT ( 'NONE',  ( -79.92851855381867665, 0.9285185538186735421, 18.18822740567220109 ) ) ;
#1171 = CARTESIAN_POINT ( 'NONE',  ( -2.250000000000000444, 4.000000000000000000, -6.499999999999999112 ) ) ;
#1172 = CARTESIAN_POINT ( 'NONE',  ( -12.00000000000000000, 2.000000000000000000, -10.99999999999999289 ) ) ;
#1173 = CARTESIAN_POINT ( 'NONE',  ( 76.05372625720931978, 3.000000000000000000, -23.68829544028932688 ) ) ;
#1174 = VERTEX_POINT ( 'NONE', #1065 ) ;
#1175 = LINE ( 'NONE', #5208, #1026 ) ;
#1176 = DIRECTION ( 'NONE',  ( 0.000000000000000000, 0.000000000000000000, -1.000000000000000000 ) ) ;
#1177 = DIRECTION ( 'NONE',  ( -0.000000000000000000, -0.000000000000000000, 1.000000000000000000 ) ) ;
#1178 = CARTESIAN_POINT ( 'NONE',  ( 18.03108891324579233, 2.200000000000000178, 87.00000000000009948 ) ) ;
#1179 = PRODUCT ( 'paa5100je_bottom_mount', 'paa5100je_bottom_mount', '', ( #3738 ) ) ;
#1180 = EDGE_CURVE ( 'NONE', #4185, #2253, #2821, .T. ) ;
#1181 = VERTEX_POINT ( 'NONE', #855 ) ;
#1182 = EDGE_CURVE ( 'NONE', #1680, #4638, #5558, .T. ) ;
#1183 = ORIENTED_EDGE ( 'NONE', *, *, #916, .F. ) ;
#1184 = DIRECTION ( 'NONE',  ( -0.000000000000000000, -1.000000000000000000, -0.000000000000000000 ) ) ;
#1185 = VECTOR ( 'NONE', #2395, 1000.000000000000000 ) ;
#1186 = CARTESIAN_POINT ( 'NONE',  ( -9.299999999999968736, -6.000000000000000000, 20.60598270084804895 ) ) ;
#1187 = VECTOR ( 'NONE', #4129, 1000.000000000000114 ) ;
#1188 = ORIENTED_EDGE ( 'NONE', *, *, #3750, .F. ) ;
#1189 = ORIENTED_EDGE ( 'NONE', *, *, #2070, .F. ) ;
#1190 = AXIS2_PLACEMENT_3D ( 'NONE', #3658, #4607, #1948 ) ;
#1191 = ORIENTED_EDGE ( 'NONE', *, *, #2357, .T. ) ;
#1192 = DIRECTION ( 'NONE',  ( 0.5773502691896257311, 0.5773502691896257311, -0.5773502691896257311 ) ) ;
#1193 = DIRECTION ( 'NONE',  ( -0.8690522416791729432, 0.000000000000000000, 0.4947203262777915556 ) ) ;
#1194 = CARTESIAN_POINT ( 'NONE',  ( -46.99999999999997868, 5.000000000000000000, 96.99999999999995737 ) ) ;
#1195 = VECTOR ( 'NONE', #1090, 1000.000000000000000 ) ;
#1196 = EDGE_LOOP ( 'NONE', ( #551, #1861, #3636, #3816, #77, #1762, #2682, #1433, #4670, #2360, #5347, #588 ) ) ;
#1197 = CIRCLE ( 'NONE', #3855, 1.249999999999997558 ) ;
#1198 = DIRECTION ( 'NONE',  ( -1.692413147294449175E-16, 0.000000000000000000, 1.000000000000000000 ) ) ;
#1199 = DIRECTION ( 'NONE',  ( -0.000000000000000000, -1.000000000000000000, -0.000000000000000000 ) ) ;
#1200 = PLANE ( 'NONE',  #101 ) ;
#1201 = EDGE_CURVE ( 'NONE', #2684, #3577, #2064, .T. ) ;
#1202 = CARTESIAN_POINT ( 'NONE',  ( 10.99999999999999467, 2.000000000000000000, 7.000000000000000000 ) ) ;
#1203 = VERTEX_POINT ( 'NONE', #5583 ) ;
#1204 = VECTOR ( 'NONE', #1884, 1000.000000000000114 ) ;
#1205 = CARTESIAN_POINT ( 'NONE',  ( -76.04923932178259349, 0.000000000000000000, -23.68049687673109105 ) ) ;
#1206 = CARTESIAN_POINT ( 'NONE',  ( 55.00000000000000000, 0.000000000000000000, 110.0000000000000000 ) ) ;
#1207 = PLANE ( 'NONE',  #5516 ) ;
#1208 = DIRECTION ( 'NONE',  ( -0.000000000000000000, 1.000000000000000000, -0.000000000000000000 ) ) ;
#1209 = VECTOR ( 'NONE', #324, 1000.000000000000000 ) ;
#1210 = ORIENTED_EDGE ( 'NONE', *, *, #987, .F. ) ;
#1211 = AXIS2_PLACEMENT_3D ( 'NONE', #4562, #2830, #160 ) ;
#1212 = ORIENTED_EDGE ( 'NONE', *, *, #5333, .F. ) ;
#1213 = AXIS2_PLACEMENT_3D ( 'NONE', #4725, #1148, #2089 ) ;
#1214 = CARTESIAN_POINT ( 'NONE',  ( -10.99999999999999289, 2.000000000000000000, -11.99999999999999822 ) ) ;
#1215 = EDGE_CURVE ( 'NONE', #3352, #1869, #4727, .T. ) ;
#1216 = DIRECTION ( 'NONE',  ( -1.000000000000000000, 0.000000000000000000, 0.000000000000000000 ) ) ;
#1217 = VECTOR ( 'NONE', #3867, 1000.000000000000000 ) ;
#1218 = EDGE_CURVE ( 'NONE', #4527, #5102, #2034, .T. ) ;
#1219 = ORIENTED_EDGE ( 'NONE', *, *, #4523, .F. ) ;
#1220 = ORIENTED_EDGE ( 'NONE', *, *, #4178, .F. ) ;
#1221 = ORIENTED_EDGE ( 'NONE', *, *, #731, .T. ) ;
#1222 = AXIS2_PLACEMENT_3D ( 'NONE', #51, #3530, #4943 ) ;
#1223 = LINE ( 'NONE', #4189, #5688 ) ;
#1224 = PLANE ( 'NONE',  #2930 ) ;
#1225 = CYLINDRICAL_SURFACE ( 'NONE', #3700, 1.250000000000001110 ) ;
#1226 = VECTOR ( 'NONE', #2893, 1000.000000000000000 ) ;
#1227 = VERTEX_POINT ( 'NONE', #1237 ) ;
#1228 = PLANE ( 'NONE',  #1086 ) ;
#1229 = CARTESIAN_POINT ( 'NONE',  ( 78.40593060247839219, 3.000000000000000000, 13.06606616216203776 ) ) ;
#1230 = LINE ( 'NONE', #1172, #3273 ) ;
#1231 = DIRECTION ( 'NONE',  ( 0.6545016714496864063, -0.6545016714496835197, -0.3784905865925033974 ) ) ;
#1232 = ADVANCED_FACE ( 'NONE', ( #3916, #4314 ), #1207, .T. ) ;
#1233 = EDGE_LOOP ( 'NONE', ( #3870, #5084, #1589, #380, #1803 ) ) ;
#1234 = PRODUCT_DEFINITION ( 'UNKNOWN', '', #3261, #3655 ) ;
#1235 = DIRECTION ( 'NONE',  ( -1.000000000000000000, 0.000000000000000000, 0.000000000000000000 ) ) ;
#1236 = CARTESIAN_POINT ( 'NONE',  ( 11.96891108675472637, 2.200000000000000178, 87.00000000000012790 ) ) ;
#1237 = CARTESIAN_POINT ( 'NONE',  ( -40.74999999999979394, 5.000000000000000000, 45.50000000000012079 ) ) ;
#1238 = CARTESIAN_POINT ( 'NONE',  ( -8.999999999999994671, 2.000000000000000000, 10.99999999999999467 ) ) ;
#1239 = EDGE_CURVE ( 'NONE', #2471, #175, #827, .T. ) ;
#1240 = ORIENTED_EDGE ( 'NONE', *, *, #1439, .T. ) ;
#1241 = AXIS2_PLACEMENT_3D ( 'NONE', #1890, #3659, #5413 ) ;
#1242 = CARTESIAN_POINT ( 'NONE',  ( 3.750000000000000000, 4.000000000000000000, -6.499999999999999112 ) ) ;
#1243 = LINE ( 'NONE', #3461, #3890 ) ;
#1244 = CIRCLE ( 'NONE', #4648, 3.000000000000002665 ) ;
#1245 = EDGE_CURVE ( 'NONE', #4120, #3766, #347, .T. ) ;
#1246 = ORIENTED_EDGE ( 'NONE', *, *, #2699, .F. ) ;
#1247 = ORIENTED_EDGE ( 'NONE', *, *, #684, .F. ) ;
#1248 = ORIENTED_EDGE ( 'NONE', *, *, #671, .F. ) ;
#1249 = LINE ( 'NONE', #2019, #279 ) ;
#1250 = CARTESIAN_POINT ( 'NONE',  ( -14.99999999999974598, 22.50000000000000000, 87.00000000000012790 ) ) ;
#1251 = ORIENTED_EDGE ( 'NONE', *, *, #5633, .F. ) ;
#1252 = EDGE_CURVE ( 'NONE', #2719, #4476, #2091, .T. ) ;
#1253 = DIRECTION ( 'NONE',  ( 0.000000000000000000, -0.7071067811865475727, -0.7071067811865475727 ) ) ;
#1254 = FACE_OUTER_BOUND ( 'NONE', #2596, .T. ) ;
#1255 = FACE_BOUND ( 'NONE', #183, .T. ) ;
#1256 = DIRECTION ( 'NONE',  ( -0.8660254037844385966, 0.000000000000000000, 0.4999999999999999445 ) ) ;
#1257 = VECTOR ( 'NONE', #2638, 1000.000000000000000 ) ;
#1258 = VERTEX_POINT ( 'NONE', #5210 ) ;
#1259 = ORIENTED_EDGE ( 'NONE', *, *, #2053, .F. ) ;
#1260 = LINE ( 'NONE', #4312, #3422 ) ;
#1261 = PLANE ( 'NONE',  #4337 ) ;
#1262 = DIRECTION ( 'NONE',  ( -2.673639354406774245E-16, 0.000000000000000000, 1.000000000000000000 ) ) ;
#1263 = CARTESIAN_POINT ( 'NONE',  ( -14.99999999999974598, 5.000000000000000888, 87.00000000000012790 ) ) ;
#1264 = AXIS2_PLACEMENT_3D ( 'NONE', #444, #2661, #2576 ) ;
#1265 = VERTEX_POINT ( 'NONE', #3859 ) ;
#1266 = LINE ( 'NONE', #1747, #2392 ) ;
#1267 = EDGE_CURVE ( 'NONE', #4537, #175, #3479, .T. ) ;
#1268 = DIRECTION ( 'NONE',  ( 0.000000000000000000, 0.000000000000000000, -1.000000000000000000 ) ) ;
#1269 = ORIENTED_EDGE ( 'NONE', *, *, #3106, .F. ) ;
#1270 = EDGE_LOOP ( 'NONE', ( #5319, #511, #1952, #693 ) ) ;
#1271 = ORIENTED_EDGE ( 'NONE', *, *, #3132, .T. ) ;
#1272 = APPLICATION_CONTEXT ( 'automotive_design' ) ;
#1273 = EDGE_CURVE ( 'NONE', #1396, #4650, #5610, .T. ) ;
#1274 = CARTESIAN_POINT ( 'NONE',  ( -78.39999999999999147, 10.00000000000000000, 14.81828170427217728 ) ) ;
#1275 = FACE_OUTER_BOUND ( 'NONE', #2533, .T. ) ;
#1276 = ORIENTED_EDGE ( 'NONE', *, *, #3898, .F. ) ;
#1277 = DIRECTION ( 'NONE',  ( -1.084202172485505667E-16, 0.000000000000000000, -1.000000000000000000 ) ) ;
#1278 = LINE ( 'NONE', #2226, #1452 ) ;
#1279 = VECTOR ( 'NONE', #3107, 1000.000000000000000 ) ;
#1280 = SURFACE_STYLE_USAGE ( .BOTH. , #3472 ) ;
#1281 = DIRECTION ( 'NONE',  ( 0.000000000000000000, 0.000000000000000000, -1.000000000000000000 ) ) ;
#1282 = EDGE_CURVE ( 'NONE', #223, #1958, #1001, .T. ) ;
#1283 = ADVANCED_FACE ( 'NONE', ( #4807 ), #1659, .F. ) ;
#1284 = ORIENTED_EDGE ( 'NONE', *, *, #5547, .F. ) ;
#1285 = AXIS2_PLACEMENT_3D ( 'NONE', #2722, #4416, #534 ) ;
#1286 = ORIENTED_EDGE ( 'NONE', *, *, #1613, .T. ) ;
#1287 = PLANE ( 'NONE',  #5249 ) ;
#1288 = DIRECTION ( 'NONE',  ( 0.000000000000000000, 0.000000000000000000, 1.000000000000000000 ) ) ;
#1289 = DIRECTION ( 'NONE',  ( 0.000000000000000000, -1.000000000000000000, 0.000000000000000000 ) ) ;
#1290 = AXIS2_PLACEMENT_3D ( 'NONE', #485, #2669, #3129 ) ;
#1291 = VERTEX_POINT ( 'NONE', #3427 ) ;
#1292 = CARTESIAN_POINT ( 'NONE',  ( -78.40211102539342392, 3.000000000000000000, 13.06606104667467250 ) ) ;
#1293 = LINE ( 'NONE', #462, #5086 ) ;
#1294 = VECTOR ( 'NONE', #2620, 1000.000000000000000 ) ;
#1295 = ORIENTED_EDGE ( 'NONE', *, *, #3300, .F. ) ;
#1296 = ORIENTED_EDGE ( 'NONE', *, *, #3348, .T. ) ;
#1297 = CIRCLE ( 'NONE', #3047, 2.250000000000001776 ) ;
#1298 = ORIENTED_EDGE ( 'NONE', *, *, #4276, .T. ) ;
#1299 = PLANE ( 'NONE',  #2502 ) ;
#1300 = VECTOR ( 'NONE', #3730, 1000.000000000000114 ) ;
#1301 = DIRECTION ( 'NONE',  ( 0.000000000000000000, 0.000000000000000000, 1.000000000000000000 ) ) ;
#1302 = DIRECTION ( 'NONE',  ( -0.000000000000000000, -1.000000000000000000, -0.000000000000000000 ) ) ;
#1303 = CIRCLE ( 'NONE', #4252, 1.249999999999997558 ) ;
#1304 = VERTEX_POINT ( 'NONE', #4262 ) ;
#1305 = VERTEX_POINT ( 'NONE', #4754 ) ;
#1306 = CARTESIAN_POINT ( 'NONE',  ( -45.24999999999980105, 5.000000000000000000, -7.658169491507349549E-15 ) ) ;
#1307 = CARTESIAN_POINT ( 'NONE',  ( 10.00000000000001243, 2.000000000000000000, 7.000000000000000000 ) ) ;
#1308 =( NAMED_UNIT ( * ) PLANE_ANGLE_UNIT ( ) SI_UNIT ( $, .RADIAN. ) );
#1309 = LINE ( 'NONE', #2195, #4810 ) ;
#1310 = VECTOR ( 'NONE', #153, 1000.000000000000000 ) ;
#1311 = EDGE_CURVE ( 'NONE', #3274, #1359, #1605, .T. ) ;
#1312 = VERTEX_POINT ( 'NONE', #2558 ) ;
#1313 = ORIENTED_EDGE ( 'NONE', *, *, #759, .T. ) ;
#1314 = CARTESIAN_POINT ( 'NONE',  ( -13.49413252741967639, 0.000000000000000000, 84.36943672286245999 ) ) ;
#1315 = FACE_BOUND ( 'NONE', #4016, .T. ) ;
#1316 = CARTESIAN_POINT ( 'NONE',  ( 9.000000000000005329, 2.000000000000000000, 8.000000000000007105 ) ) ;
#1317 = LINE ( 'NONE', #1799, #5384 ) ;
#1318 = EDGE_CURVE ( 'NONE', #4831, #85, #4694, .T. ) ;
#1319 = ORIENTED_EDGE ( 'NONE', *, *, #4604, .T. ) ;
#1320 = DIRECTION ( 'NONE',  ( 0.000000000000000000, -1.000000000000000000, 0.000000000000000000 ) ) ;
#1321 = LINE ( 'NONE', #3601, #819 ) ;
#1322 = LINE ( 'NONE', #1242, #4421 ) ;
#1323 = FACE_OUTER_BOUND ( 'NONE', #3644, .T. ) ;
#1324 = ORIENTED_EDGE ( 'NONE', *, *, #1381, .T. ) ;
#1325 = VERTEX_POINT ( 'NONE', #3891 ) ;
#1326 = VERTEX_POINT ( 'NONE', #3455 ) ;
#1327 = CARTESIAN_POINT ( 'NONE',  ( 76.00000000000001421, 5.000000000000000000, 21.25076433052315039 ) ) ;
#1328 = CARTESIAN_POINT ( 'NONE',  ( 78.40593060247839219, 3.000000000000000000, 13.06606616216203776 ) ) ;
#1329 = PLANE ( 'NONE',  #5354 ) ;
#1330 = VERTEX_POINT ( 'NONE', #4779 ) ;
#1331 = AXIS2_PLACEMENT_3D ( 'NONE', #3745, #202, #681 ) ;
#1332 = DIRECTION ( 'NONE',  ( -0.006085750514492285594, 0.000000000000000000, 0.9999814816488731273 ) ) ;
#1333 = DIRECTION ( 'NONE',  ( -0.000000000000000000, -1.000000000000000000, -0.000000000000000000 ) ) ;
#1334 = EDGE_CURVE ( 'NONE', #85, #4310, #320, .T. ) ;
#1335 = DIRECTION ( 'NONE',  ( -0.000000000000000000, -1.000000000000000000, -0.000000000000000000 ) ) ;
#1336 = ORIENTED_EDGE ( 'NONE', *, *, #613, .F. ) ;
#1337 = VECTOR ( 'NONE', #1538, 1000.000000000000000 ) ;
#1338 = ORIENTED_EDGE ( 'NONE', *, *, #2423, .T. ) ;
#1339 = FACE_OUTER_BOUND ( 'NONE', #5460, .T. ) ;
#1340 = FACE_OUTER_BOUND ( 'NONE', #102, .T. ) ;
#1341 = DIRECTION ( 'NONE',  ( 0.000000000000000000, 0.000000000000000000, -1.000000000000000000 ) ) ;
#1342 = VECTOR ( 'NONE', #1770, 1000.000000000000000 ) ;
#1343 = LINE ( 'NONE', #570, #3635 ) ;
#1344 = ADVANCED_FACE ( 'NONE', ( #3833 ), #1464, .T. ) ;
#1345 = ORIENTED_EDGE ( 'NONE', *, *, #2442, .T. ) ;
#1346 = DIRECTION ( 'NONE',  ( -0.000000000000000000, 1.000000000000000000, -0.000000000000000000 ) ) ;
#1347 = CARTESIAN_POINT ( 'NONE',  ( -9.299999999999968736, -6.000000000000000000, 17.95598270084804682 ) ) ;
#1348 = DIRECTION ( 'NONE',  ( -0.000000000000000000, -1.000000000000000000, -0.000000000000000000 ) ) ;
#1349 = LINE ( 'NONE', #921, #1487 ) ;
#1350 = ADVANCED_FACE ( 'NONE', ( #1857 ), #5267, .F. ) ;
#1351 = VERTEX_POINT ( 'NONE', #59 ) ;
#1352 = EDGE_CURVE ( 'NONE', #754, #1831, #190, .T. ) ;
#1353 = ORIENTED_EDGE ( 'NONE', *, *, #5590, .F. ) ;
#1354 = ORIENTED_EDGE ( 'NONE', *, *, #804, .T. ) ;
#1355 = CARTESIAN_POINT ( 'NONE',  ( 61.00000000000000000, 10.00000000000000000, 96.90598270084817045 ) ) ;
#1356 = DIRECTION ( 'NONE',  ( 2.673639354406769807E-16, 0.000000000000000000, 1.000000000000000000 ) ) ;
#1357 = CARTESIAN_POINT ( 'NONE',  ( -2.250000000000000444, 2.000000000000000000, -6.499999999999999112 ) ) ;
#1358 = ORIENTED_EDGE ( 'NONE', *, *, #1876, .T. ) ;
#1359 = VERTEX_POINT ( 'NONE', #453 ) ;
#1360 = PLANE ( 'NONE',  #2738 ) ;
#1361 = LINE ( 'NONE', #5229, #1467 ) ;
#1362 = CARTESIAN_POINT ( 'NONE',  ( -10.99999999999999289, 2.000000000000000000, -11.99999999999999822 ) ) ;
#1363 = ORIENTED_EDGE ( 'NONE', *, *, #2087, .F. ) ;
#1364 = ORIENTED_EDGE ( 'NONE', *, *, #3939, .F. ) ;
#1365 = VECTOR ( 'NONE', #1714, 1000.000000000000000 ) ;
#1366 = LINE ( 'NONE', #2290, #1257 ) ;
#1367 = FACE_OUTER_BOUND ( 'NONE', #4536, .T. ) ;
#1368 = EDGE_CURVE ( 'NONE', #3760, #3352, #455, .T. ) ;
#1369 = DIRECTION ( 'NONE',  ( 0.8663767669259530013, 0.000000000000000000, 0.4993909267607219982 ) ) ;
#1370 = FACE_OUTER_BOUND ( 'NONE', #3423, .T. ) ;
#1371 = VECTOR ( 'NONE', #427, 1000.000000000000000 ) ;
#1372 = VERTEX_POINT ( 'NONE', #88 ) ;
#1373 = CARTESIAN_POINT ( 'NONE',  ( 9.299999999999998934, 2.000000000000000000, -9.299999999999997158 ) ) ;
#1374 = PLANE ( 'NONE',  #725 ) ;
#1375 = DIRECTION ( 'NONE',  ( 0.6542259794757450120, 0.6542259794757467883, 0.3794426643881807504 ) ) ;
#1376 = LINE ( 'NONE', #4929, #579 ) ;
#1377 = VERTEX_POINT ( 'NONE', #1399 ) ;
#1378 = ADVANCED_FACE ( 'NONE', ( #913 ), #3074, .F. ) ;
#1379 = EDGE_LOOP ( 'NONE', ( #5000, #1601, #234, #369 ) ) ;
#1380 = ORIENTED_EDGE ( 'NONE', *, *, #4450, .T. ) ;
#1381 = EDGE_CURVE ( 'NONE', #2215, #4299, #3999, .T. ) ;
#1382 = DIRECTION ( 'NONE',  ( 0.000000000000000000, -1.000000000000000000, 0.000000000000000000 ) ) ;
#1383 = DIRECTION ( 'NONE',  ( -0.000000000000000000, 1.000000000000000000, -0.000000000000000000 ) ) ;
#1384 = EDGE_CURVE ( 'NONE', #1325, #138, #915, .T. ) ;
#1385 = LINE ( 'NONE', #4791, #3604 ) ;
#1386 = AXIS2_PLACEMENT_3D ( 'NONE', #2353, #1460, #1003 ) ;
#1387 = ORIENTED_EDGE ( 'NONE', *, *, #3030, .F. ) ;
#1388 = VECTOR ( 'NONE', #502, 1000.000000000000000 ) ;
#1389 = LINE ( 'NONE', #3122, #1716 ) ;
#1390 = DIRECTION ( 'NONE',  ( -0.8670114164560026593, 0.000000000000000000, 0.4982882737281260077 ) ) ;
#1391 = VECTOR ( 'NONE', #801, 1000.000000000000000 ) ;
#1392 = DIRECTION ( 'NONE',  ( -3.330669073875469621E-16, -1.598363473316830271E-17, 1.000000000000000222 ) ) ;
#1393 = DIRECTION ( 'NONE',  ( -0.4968074232331486373, 0.000000000000000000, 0.8678608092433020005 ) ) ;
#1394 = VECTOR ( 'NONE', #4401, 1000.000000000000000 ) ;
#1395 = ORIENTED_EDGE ( 'NONE', *, *, #1180, .F. ) ;
#1396 = VERTEX_POINT ( 'NONE', #2236 ) ;
#1397 = FACE_BOUND ( 'NONE', #1844, .T. ) ;
#1398 = VECTOR ( 'NONE', #4771, 1000.000000000000000 ) ;
#1399 = CARTESIAN_POINT ( 'NONE',  ( -78.99999999999998579, 0.000000000000000000, 21.64389535271808640 ) ) ;
#1400 = LINE ( 'NONE', #5381, #1063 ) ;
#1401 = PRODUCT_DEFINITION_CONTEXT ( 'detailed design', #1858, 'design' ) ;
#1402 = ORIENTED_EDGE ( 'NONE', *, *, #804, .F. ) ;
#1403 = LINE ( 'NONE', #36, #3239 ) ;
#1404 = DIRECTION ( 'NONE',  ( 0.9999814816488730163, 0.000000000000000000, 0.006085750514492286461 ) ) ;
#1405 = DIRECTION ( 'NONE',  ( 1.000000000000000000, 0.000000000000000000, 0.000000000000000000 ) ) ;
#1406 = CARTESIAN_POINT ( 'NONE',  ( 16.51554445662301873, 0.000000000000000000, 89.62500000000012790 ) ) ;
#1407 = EDGE_CURVE ( 'NONE', #878, #4675, #2670, .T. ) ;
#1408 = EDGE_LOOP ( 'NONE', ( #2304, #5622, #433, #2463, #3701, #3638, #4801, #4869, #4101, #3548, #2325, #4751, #2505, #3740, #3754, #3145 ) ) ;
#1409 = ORIENTED_EDGE ( 'NONE', *, *, #2692, .T. ) ;
#1410 = ORIENTED_EDGE ( 'NONE', *, *, #5341, .T. ) ;
#1411 = DIRECTION ( 'NONE',  ( 0.000000000000000000, 0.000000000000000000, -1.000000000000000000 ) ) ;
#1412 = DIRECTION ( 'NONE',  ( -0.000000000000000000, -1.000000000000000000, -0.000000000000000000 ) ) ;
#1413 = DIRECTION ( 'NONE',  ( -1.000000000000000000, 0.000000000000000000, -0.000000000000000000 ) ) ;
#1414 = ORIENTED_EDGE ( 'NONE', *, *, #2553, .T. ) ;
#1415 = ORIENTED_EDGE ( 'NONE', *, *, #61, .F. ) ;
#1416 = AXIS2_PLACEMENT_3D ( 'NONE', #126, #3572, #5360 ) ;
#1417 = CARTESIAN_POINT ( 'NONE',  ( 76.00000000000000000, 10.00000000000000000, -30.00000000000000000 ) ) ;
#1418 = LINE ( 'NONE', #3182, #1185 ) ;
#1419 = CARTESIAN_POINT ( 'NONE',  ( 0.000000000000000000, 0.000000000000000000, 0.000000000000000000 ) ) ;
#1420 = CYLINDRICAL_SURFACE ( 'NONE', #1222, 1.250000000000001110 ) ;
#1421 = CIRCLE ( 'NONE', #601, 3.650000000000014566 ) ;
#1422 = ORIENTED_EDGE ( 'NONE', *, *, #4493, .T. ) ;
#1423 = EDGE_CURVE ( 'NONE', #5193, #3779, #4690, .T. ) ;
#1424 = CARTESIAN_POINT ( 'NONE',  ( -7.999999999999994671, 2.000000000000000000, 11.00000000000000355 ) ) ;
#1425 = CARTESIAN_POINT ( 'NONE',  ( 76.05372625720931978, 0.000000000000000000, -20.68607404050326437 ) ) ;
#1426 = DIRECTION ( 'NONE',  ( 0.000000000000000000, 0.000000000000000000, -1.000000000000000000 ) ) ;
#1427 = CARTESIAN_POINT ( 'NONE',  ( 78.65372625720931410, -13.20000000000000462, -20.93718474039629740 ) ) ;
#1428 = EDGE_LOOP ( 'NONE', ( #4322, #5166, #3262, #798 ) ) ;
#1429 = DIRECTION ( 'NONE',  ( -1.020425574104004985E-16, -0.000000000000000000, -1.000000000000000000 ) ) ;
#1430 = CARTESIAN_POINT ( 'NONE',  ( 51.00000000000002842, 5.000000000000000000, 101.0000000000000142 ) ) ;
#1431 = DIRECTION ( 'NONE',  ( 0.000000000000000000, 0.000000000000000000, -1.000000000000000000 ) ) ;
#1432 = CARTESIAN_POINT ( 'NONE',  ( -13.49413252741967639, 2.200000000000000178, 84.36943672286245999 ) ) ;
#1433 = ORIENTED_EDGE ( 'NONE', *, *, #1998, .T. ) ;
#1434 = ORIENTED_EDGE ( 'NONE', *, *, #3610, .F. ) ;
#1435 = EDGE_CURVE ( 'NONE', #4404, #1181, #3777, .T. ) ;
#1436 = ORIENTED_EDGE ( 'NONE', *, *, #1111, .F. ) ;
#1437 = CARTESIAN_POINT ( 'NONE',  ( 79.00000000000000000, 0.000000000000000000, -27.99999999999999645 ) ) ;
#1438 = VECTOR ( 'NONE', #1483, 1000.000000000000114 ) ;
#1439 = EDGE_CURVE ( 'NONE', #410, #5668, #882, .T. ) ;
#1440 = CARTESIAN_POINT ( 'NONE',  ( -9.299999999999968736, -1.000000000000028644, 28.92555455687870847 ) ) ;
#1441 = CARTESIAN_POINT ( 'NONE',  ( 11.96891108675472637, 2.200000000000000178, 87.00000000000012790 ) ) ;
#1442 = ORIENTED_EDGE ( 'NONE', *, *, #2404, .T. ) ;
#1443 = AXIS2_PLACEMENT_3D ( 'NONE', #5314, #391, #3470 ) ;
#1444 = EDGE_LOOP ( 'NONE', ( #5393, #2287, #1781, #1104 ) ) ;
#1445 = CARTESIAN_POINT ( 'NONE',  ( -81.00000000000000000, 2.000000000000001776, 21.90598270084804966 ) ) ;
#1446 = FACE_OUTER_BOUND ( 'NONE', #5056, .T. ) ;
#1447 = CARTESIAN_POINT ( 'NONE',  ( -46.99999999999997868, 3.999999999999988898, 98.00000000000000000 ) ) ;
#1448 = ORIENTED_EDGE ( 'NONE', *, *, #5440, .T. ) ;
#1449 = ADVANCED_FACE ( 'NONE', ( #2641 ), #3627, .F. ) ;
#1450 = FACE_OUTER_BOUND ( 'NONE', #3317, .T. ) ;
#1451 = FACE_OUTER_BOUND ( 'NONE', #3443, .T. ) ;
#1452 = VECTOR ( 'NONE', #50, 1000.000000000000000 ) ;
#1453 = ADVANCED_FACE ( 'NONE', ( #487 ), #4025, .F. ) ;
#1454 = LINE ( 'NONE', #595, #2015 ) ;
#1455 = LINE ( 'NONE', #1060, #5027 ) ;
#1456 = EDGE_CURVE ( 'NONE', #4706, #2700, #4949, .T. ) ;
#1457 = VECTOR ( 'NONE', #4678, 1000.000000000000227 ) ;
#1458 = PRODUCT_DEFINITION_CONTEXT ( 'detailed design', #3748, 'design' ) ;
#1459 = ORIENTED_EDGE ( 'NONE', *, *, #4335, .T. ) ;
#1460 = DIRECTION ( 'NONE',  ( -0.000000000000000000, -1.000000000000000000, -0.000000000000000000 ) ) ;
#1461 = CARTESIAN_POINT ( 'NONE',  ( 70.49744571176178454, -8.502554288238252767, -14.47593257211002360 ) ) ;
#1462 = DIRECTION ( 'NONE',  ( 2.673639354406769807E-16, 0.000000000000000000, 1.000000000000000000 ) ) ;
#1463 = FACE_OUTER_BOUND ( 'NONE', #2275, .T. ) ;
#1464 = CONICAL_SURFACE ( 'NONE', #642, 1.500000000000001332, 0.7853981633974487231 ) ;
#1465 = ORIENTED_EDGE ( 'NONE', *, *, #3293, .T. ) ;
#1466 = EDGE_LOOP ( 'NONE', ( #573, #1987 ) ) ;
#1467 = VECTOR ( 'NONE', #2607, 1000.000000000000000 ) ;
#1468 = ORIENTED_EDGE ( 'NONE', *, *, #4508, .T. ) ;
#1469 = DIRECTION ( 'NONE',  ( 1.000000000000000000, 0.000000000000000000, 0.000000000000000000 ) ) ;
#1470 = CARTESIAN_POINT ( 'NONE',  ( 10.80111069989306216, 2.500000000000000000, 23.20598270084804682 ) ) ;
#1471 = DIRECTION ( 'NONE',  ( -0.000000000000000000, 0.000000000000000000, 1.000000000000000000 ) ) ;
#1472 = ORIENTED_EDGE ( 'NONE', *, *, #2093, .T. ) ;
#1473 = ADVANCED_FACE ( 'NONE', ( #999 ), #4860, .T. ) ;
#1474 = ORIENTED_EDGE ( 'NONE', *, *, #2055, .F. ) ;
#1475 = AXIS2_PLACEMENT_3D ( 'NONE', #3796, #13, #4818 ) ;
#1476 = DIRECTION ( 'NONE',  ( -0.000000000000000000, -1.000000000000000000, -0.000000000000000000 ) ) ;
#1477 = FACE_OUTER_BOUND ( 'NONE', #2338, .T. ) ;
#1478 = DIRECTION ( 'NONE',  ( 0.000000000000000000, -1.000000000000000000, 0.000000000000000000 ) ) ;
#1479 = AXIS2_PLACEMENT_3D ( 'NONE', #2247, #3115, #4499 ) ;
#1480 = ORIENTED_EDGE ( 'NONE', *, *, #3061, .T. ) ;
#1481 = AXIS2_PLACEMENT_3D ( 'NONE', #2250, #1302, #2628 ) ;
#1482 = VECTOR ( 'NONE', #575, 1000.000000000000000 ) ;
#1483 = DIRECTION ( 'NONE',  ( -0.2576626505603324402, 0.000000000000000000, 0.9662349396012461789 ) ) ;
#1484 = DIRECTION ( 'NONE',  ( 0.000000000000000000, 0.000000000000000000, -1.000000000000000000 ) ) ;
#1485 = FACE_OUTER_BOUND ( 'NONE', #2182, .T. ) ;
#1486 = DIRECTION ( 'NONE',  ( 0.000000000000000000, 0.000000000000000000, 1.000000000000000000 ) ) ;
#1487 = VECTOR ( 'NONE', #3109, 1000.000000000000000 ) ;
#1488 = EDGE_CURVE ( 'NONE', #1055, #4931, #3937, .T. ) ;
#1489 = ORIENTED_EDGE ( 'NONE', *, *, #6, .F. ) ;
#1490 = CIRCLE ( 'NONE', #3057, 1.500000000000001332 ) ;
#1491 = EDGE_CURVE ( 'NONE', #3344, #399, #1, .T. ) ;
#1492 = DIRECTION ( 'NONE',  ( 0.000000000000000000, 0.000000000000000000, 1.000000000000000000 ) ) ;
#1493 = CARTESIAN_POINT ( 'NONE',  ( 10.00000000000000355, 2.000000000000000000, 8.000000000000000000 ) ) ;
#1494 = DIRECTION ( 'NONE',  ( 2.673639354406774245E-16, 0.000000000000000000, -1.000000000000000000 ) ) ;
#1495 = CARTESIAN_POINT ( 'NONE',  ( 7.999999999999996447, 2.000000000000000000, 12.00000000000000000 ) ) ;
#1496 = CIRCLE ( 'NONE', #3523, 1.250000000000001110 ) ;
#1497 = ORIENTED_EDGE ( 'NONE', *, *, #5356, .T. ) ;
#1498 = VERTEX_POINT ( 'NONE', #4197 ) ;
#1499 = ADVANCED_FACE ( 'NONE', ( #1485, #3306 ), #4602, .T. ) ;
#1500 = ORIENTED_EDGE ( 'NONE', *, *, #5666, .T. ) ;
#1501 = PLANE ( 'NONE',  #3786 ) ;
#1502 = CYLINDRICAL_SURFACE ( 'NONE', #758, 1.250000000000001110 ) ;
#1503 = CARTESIAN_POINT ( 'NONE',  ( 10.80111069989304262, 2.500000000000000000, 18.00598270084806174 ) ) ;
#1504 = EDGE_LOOP ( 'NONE', ( #3121, #922, #1251, #2450 ) ) ;
#1505 = VERTEX_POINT ( 'NONE', #231 ) ;
#1506 = ORIENTED_EDGE ( 'NONE', *, *, #2371, .F. ) ;
#1507 = FACE_OUTER_BOUND ( 'NONE', #4669, .T. ) ;
#1508 = PRODUCT_DEFINITION_FORMATION_WITH_SPECIFIED_SOURCE ( 'ANY', '', #1179, .NOT_KNOWN. ) ;
#1509 = FACE_BOUND ( 'NONE', #5674, .T. ) ;
#1510 = APPLICATION_PROTOCOL_DEFINITION ( 'draft international standard', 'automotive_design', 1998, #3748 ) ;
#1511 = DIRECTION ( 'NONE',  ( -0.000000000000000000, -0.000000000000000000, 1.000000000000000000 ) ) ;
#1512 = ORIENTED_EDGE ( 'NONE', *, *, #646, .T. ) ;
#1513 = EDGE_CURVE ( 'NONE', #355, #2804, #1969, .T. ) ;
#1514 = CARTESIAN_POINT ( 'NONE',  ( -6.297834196403959695, 2.500000000000000000, 20.62425347127641118 ) ) ;
#1515 = CARTESIAN_POINT ( 'NONE',  ( 7.999999999999996447, 2.000000000000000000, 12.00000000000000000 ) ) ;
#1516 = FACE_BOUND ( 'NONE', #3040, .T. ) ;
#1517 = LINE ( 'NONE', #232, #5483 ) ;
#1518 = CIRCLE ( 'NONE', #2151, 1.250000000000001110 ) ;
#1519 = ORIENTED_EDGE ( 'NONE', *, *, #269, .F. ) ;
#1520 = CIRCLE ( 'NONE', #4285, 1.249999999999997558 ) ;
#1521 = DIRECTION ( 'NONE',  ( -0.8645230873858534837, 0.000000000000000000, -0.5025931071720262100 ) ) ;
#1522 = ADVANCED_FACE ( 'NONE', ( #5408, #4171, #3744, #256, #5494, #653, #3249 ), #4978, .T. ) ;
#1523 = CARTESIAN_POINT ( 'NONE',  ( 78.39406939752160497, 0.000000000000000000, 19.07049724638230259 ) ) ;
#1524 = CARTESIAN_POINT ( 'NONE',  ( 10.80111069989306216, 5.000000000000000000, 23.20598270084804682 ) ) ;
#1525 = AXIS2_PLACEMENT_3D ( 'NONE', #4045, #4105, #4941 ) ;
#1526 = ORIENTED_EDGE ( 'NONE', *, *, #3952, .F. ) ;
#1527 = ORIENTED_EDGE ( 'NONE', *, *, #3221, .F. ) ;
#1528 = EDGE_LOOP ( 'NONE', ( #148, #4108, #2067, #228 ) ) ;
#1529 = LINE ( 'NONE', #265, #3875 ) ;
#1530 = EDGE_CURVE ( 'NONE', #399, #3344, #2106, .T. ) ;
#1531 = DIRECTION ( 'NONE',  ( -0.8660254037844381525, 0.000000000000000000, -0.5000000000000008882 ) ) ;
#1532 = CARTESIAN_POINT ( 'NONE',  ( 42.99999999999978684, 0.000000000000000000, 2.250000000000168754 ) ) ;
#1533 = EDGE_CURVE ( 'NONE', #2917, #2333, #4634, .T. ) ;
#1534 = VERTEX_POINT ( 'NONE', #173 ) ;
#1535 = ORIENTED_EDGE ( 'NONE', *, *, #3386, .T. ) ;
#1536 = VECTOR ( 'NONE', #4221, 1000.000000000000114 ) ;
#1537 = ORIENTED_EDGE ( 'NONE', *, *, #3277, .T. ) ;
#1538 = DIRECTION ( 'NONE',  ( -0.000000000000000000, 1.000000000000000000, -0.000000000000000000 ) ) ;
#1539 = CARTESIAN_POINT ( 'NONE',  ( -46.99999999999997868, 2.500000000000000000, 98.00000000000000000 ) ) ;
#1540 = LINE ( 'NONE', #1139, #1226 ) ;
#1541 = EDGE_LOOP ( 'NONE', ( #3733, #1519, #1930, #5180 ) ) ;
#1542 = DIRECTION ( 'NONE',  ( -0.000000000000000000, -1.000000000000000000, -0.000000000000000000 ) ) ;
#1543 = CARTESIAN_POINT ( 'NONE',  ( -80.99894384454913165, 3.000000000000000000, 17.57122023468964045 ) ) ;
#1544 = CARTESIAN_POINT ( 'NONE',  ( 0.000000000000000000, 5.000000000000000000, 0.000000000000000000 ) ) ;
#1545 = PLANE ( 'NONE',  #2532 ) ;
#1546 = EDGE_CURVE ( 'NONE', #3036, #387, #1941, .T. ) ;
#1547 = ORIENTED_EDGE ( 'NONE', *, *, #2404, .F. ) ;
#1548 = FACE_OUTER_BOUND ( 'NONE', #4495, .T. ) ;
#1549 = PLANE ( 'NONE',  #1190 ) ;
#1550 = CARTESIAN_POINT ( 'NONE',  ( -78.99999999999998579, 0.000000000000000000, -2.112175089981351599E-14 ) ) ;
#1551 = VECTOR ( 'NONE', #4819, 1000.000000000000000 ) ;
#1552 = ORIENTED_EDGE ( 'NONE', *, *, #1925, .F. ) ;
#1553 = VERTEX_POINT ( 'NONE', #1996 ) ;
#1554 = LINE ( 'NONE', #4266, #2352 ) ;
#1555 = VECTOR ( 'NONE', #208, 1000.000000000000114 ) ;
#1556 = FACE_OUTER_BOUND ( 'NONE', #2894, .T. ) ;
#1557 = CARTESIAN_POINT ( 'NONE',  ( 12.00000000000000178, 2.000000000000000000, 5.999999999999992895 ) ) ;
#1558 = EDGE_CURVE ( 'NONE', #5615, #5479, #3769, .T. ) ;
#1559 = ORIENTED_EDGE ( 'NONE', *, *, #2688, .T. ) ;
#1560 = VECTOR ( 'NONE', #3558, 1000.000000000000114 ) ;
#1561 = ORIENTED_EDGE ( 'NONE', *, *, #4903, .F. ) ;
#1562 = ORIENTED_EDGE ( 'NONE', *, *, #4800, .F. ) ;
#1563 = EDGE_CURVE ( 'NONE', #4022, #5449, #3404, .T. ) ;
#1564 = LINE ( 'NONE', #3763, #96 ) ;
#1565 = CARTESIAN_POINT ( 'NONE',  ( 6.297778600213984390, 2.500000000000000000, 20.60598270084805250 ) ) ;
#1566 = FACE_BOUND ( 'NONE', #3290, .T. ) ;
#1567 = VERTEX_POINT ( 'NONE', #3335 ) ;
#1568 = DIRECTION ( 'NONE',  ( -0.000000000000000000, -1.000000000000000000, -0.000000000000000000 ) ) ;
#1569 = CARTESIAN_POINT ( 'NONE',  ( 76.05372625720931978, 3.000000000000000000, -23.68829544028932688 ) ) ;
#1570 = DIRECTION ( 'NONE',  ( 0.000000000000000000, 0.000000000000000000, 1.000000000000000000 ) ) ;
#1571 = AXIS2_PLACEMENT_3D ( 'NONE', #831, #5589, #806 ) ;
#1572 = CYLINDRICAL_SURFACE ( 'NONE', #417, 3.000000000000002665 ) ;
#1573 = CONICAL_SURFACE ( 'NONE', #4797, 2.649999999999999467, 0.7853981633974482790 ) ;
#1574 = EDGE_LOOP ( 'NONE', ( #481, #3281, #1395, #2769 ) ) ;
#1575 = LINE ( 'NONE', #4145, #2776 ) ;
#1576 = AXIS2_PLACEMENT_3D ( 'NONE', #4910, #4014, #5676 ) ;
#1577 = CARTESIAN_POINT ( 'NONE',  ( 18.03108891324579233, 0.000000000000000000, 87.00000000000009948 ) ) ;
#1578 = CARTESIAN_POINT ( 'NONE',  ( 15.00000000000025402, 5.000000000000000888, 87.00000000000012790 ) ) ;
#1579 = VECTOR ( 'NONE', #4082, 1000.000000000000114 ) ;
#1580 = VECTOR ( 'NONE', #2901, 1000.000000000000000 ) ;
#1581 = VERTEX_POINT ( 'NONE', #626 ) ;
#1582 = ORIENTED_EDGE ( 'NONE', *, *, #2904, .F. ) ;
#1583 = EDGE_LOOP ( 'NONE', ( #1752, #4436, #1050, #1017, #4698, #4691 ) ) ;
#1584 = CARTESIAN_POINT ( 'NONE',  ( -61.00000000000001421, 5.000000000000000000, 96.90598270084805677 ) ) ;
#1585 = EDGE_CURVE ( 'NONE', #3462, #777, #1454, .T. ) ;
#1586 = AXIS2_PLACEMENT_3D ( 'NONE', #738, #5205, #4361 ) ;
#1587 = CARTESIAN_POINT ( 'NONE',  ( -50.00000000000000000, 3.999999999999988898, 110.0000000000000000 ) ) ;
#1588 = ORIENTED_EDGE ( 'NONE', *, *, #4119, .T. ) ;
#1589 = ORIENTED_EDGE ( 'NONE', *, *, #4902, .F. ) ;
#1590 = EDGE_LOOP ( 'NONE', ( #2108, #5685, #2855, #1221, #2768, #5548, #3368, #1901, #5071 ) ) ;
#1591 = CARTESIAN_POINT ( 'NONE',  ( 0.000000000000000000, 3.000000000000000000, 0.000000000000000000 ) ) ;
#1592 = CARTESIAN_POINT ( 'NONE',  ( -78.99999999999998579, 0.000000000000000000, -2.112175089981351599E-14 ) ) ;
#1593 = DIRECTION ( 'NONE',  ( 0.8670114164560018821, 0.000000000000000000, -0.4982882737281275620 ) ) ;
#1594 = ORIENTED_EDGE ( 'NONE', *, *, #5298, .F. ) ;
#1595 = PLANE ( 'NONE',  #3380 ) ;
#1596 = DIRECTION ( 'NONE',  ( -0.000000000000000000, 1.000000000000000000, -0.000000000000000000 ) ) ;
#1597 = CARTESIAN_POINT ( 'NONE',  ( -81.00000000000000000, 2.000000000000001776, -23.83897132671138053 ) ) ;
#1598 = FACE_OUTER_BOUND ( 'NONE', #3041, .T. ) ;
#1599 = CARTESIAN_POINT ( 'NONE',  ( -80.99999999999998579, 5.000000000000000000, -27.99999999999999645 ) ) ;
#1600 = ADVANCED_FACE ( 'NONE', ( #5094, #1516 ), #3683, .T. ) ;
#1601 = ORIENTED_EDGE ( 'NONE', *, *, #3400, .T. ) ;
#1602 = DIRECTION ( 'NONE',  ( 0.000000000000000000, 0.000000000000000000, 1.000000000000000000 ) ) ;
#1603 = CARTESIAN_POINT ( 'NONE',  ( -10.78525995046028996, 2.500000000000000000, 17.99689546334679591 ) ) ;
#1604 = CIRCLE ( 'NONE', #3359, 2.250000000000001776 ) ;
#1605 = LINE ( 'NONE', #3371, #1729 ) ;
#1606 = DIRECTION ( 'NONE',  ( 0.000000000000000000, 0.000000000000000000, 1.000000000000000000 ) ) ;
#1607 =( GEOMETRIC_REPRESENTATION_CONTEXT ( 3 ) GLOBAL_UNCERTAINTY_ASSIGNED_CONTEXT ( ( #4396 ) ) GLOBAL_UNIT_ASSIGNED_CONTEXT ( ( #4827, #1308, #3559 ) ) REPRESENTATION_CONTEXT ( 'NONE', 'WORKASPACE' ) );
#1608 = ORIENTED_EDGE ( 'NONE', *, *, #2623, .T. ) ;
#1609 = ORIENTED_EDGE ( 'NONE', *, *, #2732, .T. ) ;
#1610 = LINE ( 'NONE', #1584, #379 ) ;
#1611 = DIRECTION ( 'NONE',  ( -5.299285731321464636E-16, 0.000000000000000000, 1.000000000000000000 ) ) ;
#1612 = EDGE_LOOP ( 'NONE', ( #4151, #4277, #4452, #4303, #1246 ) ) ;
#1613 = EDGE_CURVE ( 'NONE', #2826, #526, #1885, .T. ) ;
#1614 = ORIENTED_EDGE ( 'NONE', *, *, #912, .T. ) ;
#1615 = VERTEX_POINT ( 'NONE', #1029 ) ;
#1616 = CLOSED_SHELL ( 'NONE', ( #3979, #3179, #1717, #5179, #3772, #2785, #5598, #3448, #3360, #3010, #5573, #2142, #656, #2583, #899, #3853, #5227, #4470, #2252, #3829, #5544, #2020, #2348, #5645, #2474, #5478, #5612, #1522, #5213, #3538, #5643, #1906, #43, #5529, #5296, #4073, #2456, #5498, #3457, #3726, #906, #618, #3614, #4174, #469, #2477, #850, #2400, #5058, #5328, #3911, #325, #3545, #317, #5007, #5579, #3757, #1449, #1913, #4984, #3998, #1043, #1473, #4789, #4704, #25, #2479, #2712, #4633, #3568, #1626, #4647, #1600, #3522, #2429, #168, #5417, #3531, #343, #2231, #1344, #4510, #2155, #220, #3759, #3046, #2640, #4206, #2107, #4218, #53, #4228, #4192, #1041, #598, #2051, #4142, #2605, #966, #1628, #1946, #5514, #1748, #3856, #3029, #2649, #66, #505, #1731, #3063, #3956, #1726, #426, #1499, #4413, #5033, #4085, #227, #1991, #5316, #4773, #4630, #1232, #2895, #4598, #1069, #3080, #1663, #1929, #964, #762, #3827, #4968, #4159, #4049, #787, #1453, #702, #4052, #4874, #1378, #1283, #3487, #3431, #1976, #5009, #4722, #2984, #2165 ) ) ;
#1617 = LINE ( 'NONE', #674, #4713 ) ;
#1618 = CARTESIAN_POINT ( 'NONE',  ( -76.05823654365040909, 3.000000000000000000, -20.67828895865947558 ) ) ;
#1619 = LINE ( 'NONE', #3385, #4064 ) ;
#1620 = ORIENTED_EDGE ( 'NONE', *, *, #4517, .T. ) ;
#1621 = DIRECTION ( 'NONE',  ( -5.519856300059987744E-15, 0.7071067811865474617, -0.7071067811865474617 ) ) ;
#1622 = CARTESIAN_POINT ( 'NONE',  ( -56.00000000000002132, 10.00000000000000000, 105.0000000000000142 ) ) ;
#1623 = DIRECTION ( 'NONE',  ( -0.000000000000000000, 1.000000000000000000, -0.000000000000000000 ) ) ;
#1624 = CYLINDRICAL_SURFACE ( 'NONE', #5292, 1.250000000000001110 ) ;
#1625 = DIRECTION ( 'NONE',  ( 0.000000000000000000, 0.000000000000000000, -1.000000000000000000 ) ) ;
#1626 = ADVANCED_FACE ( 'NONE', ( #5435 ), #569, .F. ) ;
#1627 = ORIENTED_EDGE ( 'NONE', *, *, #932, .T. ) ;
#1628 = ADVANCED_FACE ( 'NONE', ( #3278, #5042 ), #4083, .T. ) ;
#1629 = CARTESIAN_POINT ( 'NONE',  ( -75.80105615545083708, 0.000000000000000000, 14.56534317385470878 ) ) ;
#1630 = DIRECTION ( 'NONE',  ( -0.8656736124572114166, 0.000000000000000000, 0.5006088260261515321 ) ) ;
#1631 = CARTESIAN_POINT ( 'NONE',  ( -10.00000000000000178, 2.000000000000000000, 7.000000000000002665 ) ) ;
#1632 = FACE_OUTER_BOUND ( 'NONE', #2538, .T. ) ;
#1633 = EDGE_CURVE ( 'NONE', #4677, #537, #3824, .T. ) ;
#1634 = VERTEX_POINT ( 'NONE', #2058 ) ;
#1635 = DIRECTION ( 'NONE',  ( 0.5773502691896272854, -0.5773502691896250649, 0.5773502691896250649 ) ) ;
#1636 = DIRECTION ( 'NONE',  ( 0.0007031544687453807237, 0.000000000000000000, 0.9999997527868660363 ) ) ;
#1637 = VECTOR ( 'NONE', #3951, 1000.000000000000000 ) ;
#1638 = CARTESIAN_POINT ( 'NONE',  ( -75.99999999999997158, 5.000000000000000000, -30.00000000000000000 ) ) ;
#1639 = ORIENTED_EDGE ( 'NONE', *, *, #3021, .F. ) ;
#1640 = EDGE_LOOP ( 'NONE', ( #872, #2472, #3519, #1402, #717 ) ) ;
#1641 = VECTOR ( 'NONE', #1643, 1000.000000000000000 ) ;
#1642 = ORIENTED_EDGE ( 'NONE', *, *, #4764, .F. ) ;
#1643 = DIRECTION ( 'NONE',  ( 4.906538933386699423E-15, -0.7071067811865414665, 0.7071067811865536790 ) ) ;
#1644 = DIRECTION ( 'NONE',  ( 0.000000000000000000, 0.000000000000000000, 1.000000000000000000 ) ) ;
#1645 = DIRECTION ( 'NONE',  ( 0.000000000000000000, 0.000000000000000000, 1.000000000000000000 ) ) ;
#1646 = AXIS2_PLACEMENT_3D ( 'NONE', #4424, #971, #2292 ) ;
#1647 = EDGE_CURVE ( 'NONE', #3228, #907, #5238, .T. ) ;
#1648 = PRODUCT_RELATED_PRODUCT_CATEGORY ( 'part', '', ( #1179 ) ) ;
#1649 = ORIENTED_EDGE ( 'NONE', *, *, #2080, .T. ) ;
#1650 = DIRECTION ( 'NONE',  ( -0.000000000000000000, -1.000000000000000000, -0.000000000000000000 ) ) ;
#1651 = CARTESIAN_POINT ( 'NONE',  ( 79.00000000000004263, 5.000000000000000000, -30.00000000000000000 ) ) ;
#1652 = LINE ( 'NONE', #3906, #1008 ) ;
#1653 = DIRECTION ( 'NONE',  ( 0.000000000000000000, -0.7071067811865474617, -0.7071067811865474617 ) ) ;
#1654 = DIRECTION ( 'NONE',  ( 0.000000000000000000, 1.000000000000000000, 0.000000000000000000 ) ) ;
#1655 = ORIENTED_EDGE ( 'NONE', *, *, #2519, .T. ) ;
#1656 = VECTOR ( 'NONE', #2742, 1000.000000000000000 ) ;
#1657 = DIRECTION ( 'NONE',  ( 0.000000000000000000, 0.000000000000000000, -1.000000000000000000 ) ) ;
#1658 = FACE_OUTER_BOUND ( 'NONE', #41, .T. ) ;
#1659 = PLANE ( 'NONE',  #3486 ) ;
#1660 = LINE ( 'NONE', #2616, #1061 ) ;
#1661 = EDGE_CURVE ( 'NONE', #404, #1831, #2026, .T. ) ;
#1662 = VECTOR ( 'NONE', #3460, 1000.000000000000000 ) ;
#1663 = ADVANCED_FACE ( 'NONE', ( #4769 ), #5603, .F. ) ;
#1664 = ORIENTED_EDGE ( 'NONE', *, *, #1670, .F. ) ;
#1665 = CIRCLE ( 'NONE', #2680, 0.9999999999999991118 ) ;
#1666 = EDGE_LOOP ( 'NONE', ( #2761, #2534, #5432, #3609 ) ) ;
#1667 = CIRCLE ( 'NONE', #5627, 1.249999999999997558 ) ;
#1668 = CARTESIAN_POINT ( 'NONE',  ( 78.65372625720931410, 0.000000000000000000, -19.18496334061024200 ) ) ;
#1669 = LINE ( 'NONE', #669, #5629 ) ;
#1670 = EDGE_CURVE ( 'NONE', #5110, #1351, #4254, .T. ) ;
#1671 = AXIS2_PLACEMENT_3D ( 'NONE', #2974, #1216, #5134 ) ;
#1672 = ORIENTED_EDGE ( 'NONE', *, *, #2259, .T. ) ;
#1673 = ADVANCED_FACE ( 'NONE', ( #736 ), #1200, .F. ) ;
#1674 = ORIENTED_EDGE ( 'NONE', *, *, #3255, .T. ) ;
#1675 = VERTEX_POINT ( 'NONE', #282 ) ;
#1676 = VECTOR ( 'NONE', #1919, 1000.000000000000114 ) ;
#1677 = CARTESIAN_POINT ( 'NONE',  ( 47.00000000000000000, 5.000000000000000000, 101.0000000000000000 ) ) ;
#1678 = CARTESIAN_POINT ( 'NONE',  ( 9.300000000000030909, 0.000000000000000000, 16.95598270084803261 ) ) ;
#1679 = CYLINDRICAL_SURFACE ( 'NONE', #2592, 0.9999999999999991118 ) ;
#1680 = VERTEX_POINT ( 'NONE', #2956 ) ;
#1681 = PRODUCT_DEFINITION_SHAPE ( 'NONE', 'NONE',  #5691 ) ;
#1682 = DIRECTION ( 'NONE',  ( 0.4968074232331490814, 0.000000000000000000, -0.8678608092433017784 ) ) ;
#1683 = DIRECTION ( 'NONE',  ( -0.000000000000000000, 1.000000000000000000, -0.000000000000000000 ) ) ;
#1684 = LINE ( 'NONE', #3013, #965 ) ;
#1685 = LINE ( 'NONE', #3799, #2691 ) ;
#1686 = ORIENTED_EDGE ( 'NONE', *, *, #2978, .F. ) ;
#1687 = EDGE_CURVE ( 'NONE', #408, #2296, #2986, .T. ) ;
#1688 = ORIENTED_EDGE ( 'NONE', *, *, #2191, .F. ) ;
#1689 = DIRECTION ( 'NONE',  ( -0.8641782539302436117, 0.000000000000000000, 0.5031857961370486132 ) ) ;
#1690 = CARTESIAN_POINT ( 'NONE',  ( 61.00000000000000000, 2.000000000000001776, 110.0000000000000000 ) ) ;
#1691 = DIRECTION ( 'NONE',  ( 0.8645230873858534837, 0.000000000000000000, 0.5025931071720262100 ) ) ;
#1692 = CARTESIAN_POINT ( 'NONE',  ( 15.00000000000025402, 2.200000000000000622, 87.00000000000012790 ) ) ;
#1693 = EDGE_LOOP ( 'NONE', ( #4167, #2636, #2046, #1286 ) ) ;
#1694 = VECTOR ( 'NONE', #3807, 1000.000000000000000 ) ;
#1695 = LINE ( 'NONE', #1214, #1662 ) ;
#1696 = PLANE ( 'NONE',  #3972 ) ;
#1697 = AXIS2_PLACEMENT_3D ( 'NONE', #2350, #3218, #2874 ) ;
#1698 = ORIENTED_EDGE ( 'NONE', *, *, #4053, .F. ) ;
#1699 = ORIENTED_EDGE ( 'NONE', *, *, #1201, .T. ) ;
#1700 = ORIENTED_EDGE ( 'NONE', *, *, #1558, .T. ) ;
#1701 = EDGE_CURVE ( 'NONE', #335, #1291, #1652, .T. ) ;
#1702 = DIRECTION ( 'NONE',  ( -0.000000000000000000, -1.000000000000000000, -0.000000000000000000 ) ) ;
#1703 = EDGE_CURVE ( 'NONE', #1174, #5271, #2083, .T. ) ;
#1704 = CARTESIAN_POINT ( 'NONE',  ( -75.99999999999998579, 10.00000000000000000, -24.99999999999997158 ) ) ;
#1705 = ORIENTED_EDGE ( 'NONE', *, *, #4772, .F. ) ;
#1706 = FACE_OUTER_BOUND ( 'NONE', #4583, .T. ) ;
#1707 = LINE ( 'NONE', #3471, #2760 ) ;
#1708 = DIRECTION ( 'NONE',  ( -0.000000000000000000, -1.000000000000000000, -0.000000000000000000 ) ) ;
#1709 = LINE ( 'NONE', #5231, #2134 ) ;
#1710 = ORIENTED_EDGE ( 'NONE', *, *, #3501, .T. ) ;
#1711 = ORIENTED_EDGE ( 'NONE', *, *, #4119, .F. ) ;
#1712 = FILL_AREA_STYLE_COLOUR ( '', #3282 ) ;
#1713 = CARTESIAN_POINT ( 'NONE',  ( 61.00000000000000000, 10.00000000000000000, 110.0000000000000000 ) ) ;
#1714 = DIRECTION ( 'NONE',  ( -0.000000000000000000, -1.000000000000000000, -0.000000000000000000 ) ) ;
#1715 = CARTESIAN_POINT ( 'NONE',  ( -9.999999999999992895, 2.000000000000000000, 8.000000000000001776 ) ) ;
#1716 = VECTOR ( 'NONE', #4851, 1000.000000000000227 ) ;
#1717 = ADVANCED_FACE ( 'NONE', ( #3012 ), #2491, .T. ) ;
#1718 = EDGE_LOOP ( 'NONE', ( #4087, #472, #3113, #1672, #3035, #3373, #3087, #5465, #2150, #1338, #3753, #2137 ) ) ;
#1719 = LINE ( 'NONE', #3024, #2492 ) ;
#1720 = DIRECTION ( 'NONE',  ( 0.000000000000000000, 0.000000000000000000, 1.000000000000000000 ) ) ;
#1721 = VERTEX_POINT ( 'NONE', #1597 ) ;
#1722 = ORIENTED_EDGE ( 'NONE', *, *, #5194, .F. ) ;
#1723 = ORIENTED_EDGE ( 'NONE', *, *, #2803, .T. ) ;
#1724 = CIRCLE ( 'NONE', #4128, 2.649999999999999467 ) ;
#1725 = DIRECTION ( 'NONE',  ( -0.5052611553710814052, 0.000000000000000000, 0.8629664911646801606 ) ) ;
#1726 = ADVANCED_FACE ( 'NONE', ( #3445 ), #313, .F. ) ;
#1727 = CARTESIAN_POINT ( 'NONE',  ( 56.00000000000000000, 10.00000000000000000, 96.25076433052315394 ) ) ;
#1728 = ORIENTED_EDGE ( 'NONE', *, *, #3952, .T. ) ;
#1729 = VECTOR ( 'NONE', #1177, 1000.000000000000000 ) ;
#1730 = EDGE_LOOP ( 'NONE', ( #4213, #5032, #5186, #834 ) ) ;
#1731 = ADVANCED_FACE ( 'NONE', ( #2577 ), #3417, .F. ) ;
#1732 = CARTESIAN_POINT ( 'NONE',  ( -59.00000000000001421, 0.000000000000000000, 110.0000000000000000 ) ) ;
#1733 = CYLINDRICAL_SURFACE ( 'NONE', #3219, 0.9999999999999991118 ) ;
#1734 = VECTOR ( 'NONE', #5203, 1000.000000000000000 ) ;
#1735 = FACE_OUTER_BOUND ( 'NONE', #1666, .T. ) ;
#1736 = EDGE_LOOP ( 'NONE', ( #212, #497, #1506, #3488 ) ) ;
#1737 = AXIS2_PLACEMENT_3D ( 'NONE', #2050, #5114, #3819 ) ;
#1738 = ORIENTED_EDGE ( 'NONE', *, *, #5536, .T. ) ;
#1739 = DIRECTION ( 'NONE',  ( -3.466879843239611994E-15, 0.000000000000000000, -1.000000000000000000 ) ) ;
#1740 = CARTESIAN_POINT ( 'NONE',  ( 12.30222139978607743, 2.500000000000000000, 20.60598270084806316 ) ) ;
#1741 = CARTESIAN_POINT ( 'NONE',  ( -9.299999999999998934, 0.000000000000000000, -9.299999999999997158 ) ) ;
#1742 = FACE_OUTER_BOUND ( 'NONE', #5531, .T. ) ;
#1743 = EDGE_CURVE ( 'NONE', #4730, #5450, #2459, .T. ) ;
#1744 = CIRCLE ( 'NONE', #4515, 1.249999999999999334 ) ;
#1745 = ORIENTED_EDGE ( 'NONE', *, *, #170, .F. ) ;
#1746 = PLANE ( 'NONE',  #3792 ) ;
#1747 = CARTESIAN_POINT ( 'NONE',  ( -14.99999999999974598, 22.50000000000000000, 85.75000000000012790 ) ) ;
#1748 = ADVANCED_FACE ( 'NONE', ( #1254 ), #4330, .F. ) ;
#1749 = DIRECTION ( 'NONE',  ( -0.000000000000000000, 1.000000000000000000, -0.000000000000000000 ) ) ;
#1750 = AXIS2_PLACEMENT_3D ( 'NONE', #667, #2386, #4209 ) ;
#1751 = VERTEX_POINT ( 'NONE', #5656 ) ;
#1752 = ORIENTED_EDGE ( 'NONE', *, *, #4528, .T. ) ;
#1753 = CIRCLE ( 'NONE', #115, 1.249999999999997558 ) ;
#1754 = EDGE_CURVE ( 'NONE', #5449, #2581, #1707, .T. ) ;
#1755 = ORIENTED_EDGE ( 'NONE', *, *, #305, .F. ) ;
#1756 = FACE_OUTER_BOUND ( 'NONE', #1960, .T. ) ;
#1757 = VECTOR ( 'NONE', #5028, 1000.000000000000000 ) ;
#1758 = CARTESIAN_POINT ( 'NONE',  ( -9.299999999999968736, -6.000000000000000000, 19.35598270084804540 ) ) ;
#1759 = FACE_OUTER_BOUND ( 'NONE', #980, .T. ) ;
#1760 = VECTOR ( 'NONE', #5575, 1000.000000000000114 ) ;
#1761 = ORIENTED_EDGE ( 'NONE', *, *, #2408, .T. ) ;
#1762 = ORIENTED_EDGE ( 'NONE', *, *, #1670, .T. ) ;
#1763 = VECTOR ( 'NONE', #3945, 1000.000000000000000 ) ;
#1764 = FACE_OUTER_BOUND ( 'NONE', #816, .T. ) ;
#1765 = CARTESIAN_POINT ( 'NONE',  ( -16.50586747257980846, 2.200000000000000178, 89.63056327713781002 ) ) ;
#1766 = DIRECTION ( 'NONE',  ( -2.673639354406769807E-16, 0.000000000000000000, -1.000000000000000000 ) ) ;
#1767 = AXIS2_PLACEMENT_3D ( 'NONE', #1173, #5149, #1256 ) ;
#1768 = ORIENTED_EDGE ( 'NONE', *, *, #482, .F. ) ;
#1769 = ORIENTED_EDGE ( 'NONE', *, *, #5333, .T. ) ;
#1770 = DIRECTION ( 'NONE',  ( 1.000000000000000000, 0.000000000000000000, 0.000000000000000000 ) ) ;
#1771 = PLANE ( 'NONE',  #4148 ) ;
#1772 = EDGE_CURVE ( 'NONE', #3491, #2168, #4018, .T. ) ;
#1773 = DIRECTION ( 'NONE',  ( -0.000000000000000000, 1.000000000000000000, -0.000000000000000000 ) ) ;
#1774 = DIRECTION ( 'NONE',  ( -0.000000000000000000, -1.000000000000000000, -0.000000000000000000 ) ) ;
#1775 = EDGE_CURVE ( 'NONE', #2131, #810, #4478, .T. ) ;
#1776 = ORIENTED_EDGE ( 'NONE', *, *, #829, .T. ) ;
#1777 = DIRECTION ( 'NONE',  ( -0.000000000000000000, 1.000000000000000000, -0.000000000000000000 ) ) ;
#1778 = CARTESIAN_POINT ( 'NONE',  ( -12.00000000000000000, 0.000000000000000000, 5.999999999999995559 ) ) ;
#1779 = CARTESIAN_POINT ( 'NONE',  ( 6.297778600213984390, 2.500000000000000000, 20.60598270084805250 ) ) ;
#1780 = DIRECTION ( 'NONE',  ( 0.8675199422708572694, 0.000000000000000000, -0.4974024022482887997 ) ) ;
#1781 = ORIENTED_EDGE ( 'NONE', *, *, #876, .F. ) ;
#1782 = VERTEX_POINT ( 'NONE', #1307 ) ;
#1783 = VERTEX_POINT ( 'NONE', #962 ) ;
#1784 = CARTESIAN_POINT ( 'NONE',  ( -78.65372625720931410, 3.000000000000000888, -20.93718474039629740 ) ) ;
#1785 = CARTESIAN_POINT ( 'NONE',  ( -10.78525995046028996, 2.500000000000000000, 17.99689546334679591 ) ) ;
#1786 = VECTOR ( 'NONE', #1405, 1000.000000000000000 ) ;
#1787 = CARTESIAN_POINT ( 'NONE',  ( 80.99702962586462718, 3.000000000000000000, 17.57452552773328236 ) ) ;
#1788 = VERTEX_POINT ( 'NONE', #3156 ) ;
#1789 = VERTEX_POINT ( 'NONE', #3931 ) ;
#1790 = AXIS2_PLACEMENT_3D ( 'NONE', #2845, #1118, #655 ) ;
#1791 = CYLINDRICAL_SURFACE ( 'NONE', #1264, 2.250000000000001776 ) ;
#1792 = CARTESIAN_POINT ( 'NONE',  ( 7.800000000000019362, -1.000000000000028644, 33.42555455687870136 ) ) ;
#1793 = DIRECTION ( 'NONE',  ( 0.000000000000000000, -1.000000000000000000, 0.000000000000000000 ) ) ;
#1794 = ORIENTED_EDGE ( 'NONE', *, *, #3469, .T. ) ;
#1795 = EDGE_LOOP ( 'NONE', ( #1099, #3934, #484, #3099, #4763 ) ) ;
#1796 = LINE ( 'NONE', #5689, #1342 ) ;
#1797 = CARTESIAN_POINT ( 'NONE',  ( 9.300000000000030909, 2.500000000000000444, 20.60598270084804895 ) ) ;
#1798 = CARTESIAN_POINT ( 'NONE',  ( 8.000000000000003553, 2.000000000000000000, 11.00000000000000178 ) ) ;
#1799 = CARTESIAN_POINT ( 'NONE',  ( -7.799999999999958078, -6.000000000000000000, 27.42555455687869781 ) ) ;
#1800 = EDGE_CURVE ( 'NONE', #3555, #2168, #4227, .T. ) ;
#1801 = EDGE_CURVE ( 'NONE', #4597, #410, #4783, .T. ) ;
#1802 = UNCERTAINTY_MEASURE_WITH_UNIT (LENGTH_MEASURE( 1.000000000000000082E-05 ), #1820, 'distance_accuracy_value', 'NONE');
#1803 = ORIENTED_EDGE ( 'NONE', *, *, #2284, .F. ) ;
#1804 = EDGE_CURVE ( 'NONE', #1181, #4120, #3529, .T. ) ;
#1805 = DIRECTION ( 'NONE',  ( 0.000000000000000000, 0.000000000000000000, 1.000000000000000000 ) ) ;
#1806 = CARTESIAN_POINT ( 'NONE',  ( 78.65372625720931410, 10.00000000000000000, -20.93718474039629740 ) ) ;
#1807 = CARTESIAN_POINT ( 'NONE',  ( 7.798889300107008538, 5.000000000000000000, 23.20598270084804682 ) ) ;
#1808 = CARTESIAN_POINT ( 'NONE',  ( -78.65372625720931410, 10.00000000000000000, -20.93718474039629740 ) ) ;
#1809 = VECTOR ( 'NONE', #2109, 1000.000000000000000 ) ;
#1810 = VERTEX_POINT ( 'NONE', #4447 ) ;
#1811 = EDGE_LOOP ( 'NONE', ( #1822, #636 ) ) ;
#1812 = ORIENTED_EDGE ( 'NONE', *, *, #3783, .F. ) ;
#1813 = DIRECTION ( 'NONE',  ( -0.000000000000000000, -1.000000000000000000, -0.000000000000000000 ) ) ;
#1814 = CARTESIAN_POINT ( 'NONE',  ( 0.5000000000000006661, 5.000000000000000000, -1.970000000000000417 ) ) ;
#1815 = DIRECTION ( 'NONE',  ( 0.000000000000000000, -1.000000000000000000, 0.000000000000000000 ) ) ;
#1816 = EDGE_LOOP ( 'NONE', ( #4605, #293, #2704, #5506 ) ) ;
#1817 = VERTEX_POINT ( 'NONE', #3586 ) ;
#1818 = LINE ( 'NONE', #4445, #5665 ) ;
#1819 = DIRECTION ( 'NONE',  ( -0.000000000000000000, -1.000000000000000000, -0.000000000000000000 ) ) ;
#1820 =( LENGTH_UNIT ( ) NAMED_UNIT ( * ) SI_UNIT ( .MILLI., .METRE. ) );
#1821 = DIRECTION ( 'NONE',  ( 0.000000000000000000, 1.000000000000000000, 0.000000000000000000 ) ) ;
#1822 = ORIENTED_EDGE ( 'NONE', *, *, #1647, .T. ) ;
#1823 = VERTEX_POINT ( 'NONE', #3991 ) ;
#1824 = VECTOR ( 'NONE', #1123, 1000.000000000000000 ) ;
#1825 = EDGE_CURVE ( 'NONE', #557, #1958, #5284, .T. ) ;
#1826 = FACE_BOUND ( 'NONE', #350, .T. ) ;
#1827 = LINE ( 'NONE', #3966, #2487 ) ;
#1828 = CARTESIAN_POINT ( 'NONE',  ( -78.65372625720931410, -13.20000000000000462, -23.43718474039629385 ) ) ;
#1829 = DIRECTION ( 'NONE',  ( -0.000000000000000000, -1.000000000000000000, -0.000000000000000000 ) ) ;
#1830 = AXIS2_PLACEMENT_3D ( 'NONE', #3130, #4367, #2173 ) ;
#1831 = VERTEX_POINT ( 'NONE', #1792 ) ;
#1832 = DIRECTION ( 'NONE',  ( -1.000000000000000000, 0.000000000000000000, 1.445602896647339163E-16 ) ) ;
#1833 = CARTESIAN_POINT ( 'NONE',  ( -81.00000000000000000, 2.000000000000001776, 21.90598270084804966 ) ) ;
#1834 = PLANE ( 'NONE',  #4610 ) ;
#1835 = LINE ( 'NONE', #1067, #3426 ) ;
#1836 = ORIENTED_EDGE ( 'NONE', *, *, #2994, .T. ) ;
#1837 = ORIENTED_EDGE ( 'NONE', *, *, #3970, .F. ) ;
#1838 = ORIENTED_EDGE ( 'NONE', *, *, #2357, .F. ) ;
#1839 = VECTOR ( 'NONE', #1813, 1000.000000000000000 ) ;
#1840 = CARTESIAN_POINT ( 'NONE',  ( 81.00000000000000000, 3.000000000000000000, -20.53958511760299643 ) ) ;
#1841 = CYLINDRICAL_SURFACE ( 'NONE', #938, 1.000000000000000888 ) ;
#1842 = DIRECTION ( 'NONE',  ( 0.000000000000000000, -1.000000000000000000, 0.000000000000000000 ) ) ;
#1843 = EDGE_CURVE ( 'NONE', #3695, #5539, #4046, .T. ) ;
#1844 = EDGE_LOOP ( 'NONE', ( #2232, #1953 ) ) ;
#1845 = AXIS2_PLACEMENT_3D ( 'NONE', #4175, #1973, #5501 ) ;
#1846 = VERTEX_POINT ( 'NONE', #2662 ) ;
#1847 = VECTOR ( 'NONE', #3466, 1000.000000000000114 ) ;
#1848 = PLANE ( 'NONE',  #2748 ) ;
#1849 = CARTESIAN_POINT ( 'NONE',  ( 81.00000000000001421, 2.000000000000000000, -23.83478436318960192 ) ) ;
#1850 = DIRECTION ( 'NONE',  ( -0.000000000000000000, -1.000000000000000000, -0.000000000000000000 ) ) ;
#1851 = VECTOR ( 'NONE', #159, 1000.000000000000000 ) ;
#1852 = ORIENTED_EDGE ( 'NONE', *, *, #4347, .T. ) ;
#1853 = ORIENTED_EDGE ( 'NONE', *, *, #4135, .T. ) ;
#1854 = CARTESIAN_POINT ( 'NONE',  ( 51.00000000000002842, 5.000000000000000000, 101.0000000000000142 ) ) ;
#1855 = DIRECTION ( 'NONE',  ( 0.000000000000000000, 1.000000000000000000, 0.000000000000000000 ) ) ;
#1856 = VECTOR ( 'NONE', #396, 1000.000000000000000 ) ;
#1857 = FACE_OUTER_BOUND ( 'NONE', #5022, .T. ) ;
#1858 = APPLICATION_CONTEXT ( 'automotive_design' ) ;
#1859 = DIRECTION ( 'NONE',  ( 0.000000000000000000, 1.000000000000000000, -0.000000000000000000 ) ) ;
#1860 = EDGE_CURVE ( 'NONE', #3316, #3289, #80, .T. ) ;
#1861 = ORIENTED_EDGE ( 'NONE', *, *, #2167, .T. ) ;
#1862 = CARTESIAN_POINT ( 'NONE',  ( -7.799999999999968736, -1.000000000000028644, 31.92555455687869781 ) ) ;
#1863 = DIRECTION ( 'NONE',  ( -0.002996854885004050697, 0.000000000000000000, 0.9999955094203164530 ) ) ;
#1864 = CARTESIAN_POINT ( 'NONE',  ( -42.99999999999980815, 10.00000000000000000, 45.50000000000012079 ) ) ;
#1865 = DIRECTION ( 'NONE',  ( 5.299285731321464636E-16, 0.000000000000000000, -1.000000000000000000 ) ) ;
#1866 = ADVANCED_FACE ( 'NONE', ( #3123 ), #1733, .T. ) ;
#1867 = ORIENTED_EDGE ( 'NONE', *, *, #1352, .T. ) ;
#1868 = EDGE_LOOP ( 'NONE', ( #5654, #271, #100, #946 ) ) ;
#1869 = VERTEX_POINT ( 'NONE', #4826 ) ;
#1870 = DIRECTION ( 'NONE',  ( 0.7040905031817138449, 0.7040905031817160653, 0.09226660641119835415 ) ) ;
#1871 = DIRECTION ( 'NONE',  ( 1.000000000000000000, -0.000000000000000000, 8.673617379884193244E-16 ) ) ;
#1872 = CARTESIAN_POINT ( 'NONE',  ( -50.00000000000000000, 2.500000000000000000, 110.0000000000000000 ) ) ;
#1873 = EDGE_CURVE ( 'NONE', #3228, #191, #1361, .T. ) ;
#1874 = ORIENTED_EDGE ( 'NONE', *, *, #3259, .F. ) ;
#1875 = VERTEX_POINT ( 'NONE', #507 ) ;
#1876 = EDGE_CURVE ( 'NONE', #3504, #4582, #4914, .T. ) ;
#1877 = VECTOR ( 'NONE', #5559, 1000.000000000000000 ) ;
#1878 = EDGE_CURVE ( 'NONE', #3854, #3316, #875, .T. ) ;
#1879 = LINE ( 'NONE', #1961, #793 ) ;
#1880 = FACE_OUTER_BOUND ( 'NONE', #2017, .T. ) ;
#1881 = CARTESIAN_POINT ( 'NONE',  ( -12.00000000000000000, 0.000000000000000000, 5.999999999999995559 ) ) ;
#1882 = VERTEX_POINT ( 'NONE', #476 ) ;
#1883 = DIRECTION ( 'NONE',  ( -2.673639354406769807E-16, 0.000000000000000000, -1.000000000000000000 ) ) ;
#1884 = DIRECTION ( 'NONE',  ( -0.4999999999999991673, 0.000000000000000000, -0.8660254037844390407 ) ) ;
#1885 = LINE ( 'NONE', #2375, #1195 ) ;
#1886 = DIRECTION ( 'NONE',  ( -0.000000000000000000, -1.000000000000000000, -0.000000000000000000 ) ) ;
#1887 = VERTEX_POINT ( 'NONE', #1849 ) ;
#1888 = LINE ( 'NONE', #1916, #5349 ) ;
#1889 = DIRECTION ( 'NONE',  ( 2.673639354406774245E-16, 0.000000000000000000, -1.000000000000000000 ) ) ;
#1890 = CARTESIAN_POINT ( 'NONE',  ( 0.5000000000000004441, 5.000000000000000000, -3.870000000000000107 ) ) ;
#1891 = CARTESIAN_POINT ( 'NONE',  ( -16.50586747257980846, 0.000000000000000000, 89.63056327713781002 ) ) ;
#1892 = EDGE_CURVE ( 'NONE', #4651, #1505, #1278, .T. ) ;
#1893 = AXIS2_PLACEMENT_3D ( 'NONE', #2727, #5406, #5040 ) ;
#1894 = EDGE_LOOP ( 'NONE', ( #1642, #3163, #4403, #3670 ) ) ;
#1895 = EDGE_LOOP ( 'NONE', ( #3941, #2330, #5137, #5593, #1189, #2903, #4157, #2124, #1012, #1768, #4150, #5540, #5039, #4356, #2943, #1127 ) ) ;
#1896 = ORIENTED_EDGE ( 'NONE', *, *, #2945, .T. ) ;
#1897 = CARTESIAN_POINT ( 'NONE',  ( -6.297834196403959695, 2.500000000000000000, 20.62425347127641118 ) ) ;
#1898 = CARTESIAN_POINT ( 'NONE',  ( 40.74999999999976552, 10.00000000000000000, 45.50000000000012079 ) ) ;
#1899 = LINE ( 'NONE', #2389, #2960 ) ;
#1900 = ORIENTED_EDGE ( 'NONE', *, *, #566, .T. ) ;
#1901 = ORIENTED_EDGE ( 'NONE', *, *, #613, .T. ) ;
#1902 = DIRECTION ( 'NONE',  ( 0.5000000000000011102, 0.000000000000000000, 0.8660254037844379305 ) ) ;
#1903 = EDGE_CURVE ( 'NONE', #4966, #2047, #3207, .T. ) ;
#1904 = DIRECTION ( 'NONE',  ( -0.000000000000000000, -1.000000000000000000, -0.000000000000000000 ) ) ;
#1905 = CARTESIAN_POINT ( 'NONE',  ( 9.300000000000030909, -6.000000000000000000, 20.60598270084804895 ) ) ;
#1906 = ADVANCED_FACE ( 'NONE', ( #4358 ), #419, .F. ) ;
#1907 = ORIENTED_EDGE ( 'NONE', *, *, #253, .F. ) ;
#1908 = DIRECTION ( 'NONE',  ( -0.000000000000000000, 1.000000000000000000, -0.000000000000000000 ) ) ;
#1909 = DIRECTION ( 'NONE',  ( -1.000000000000000000, -0.000000000000000000, -0.000000000000000000 ) ) ;
#1910 = VECTOR ( 'NONE', #5344, 1000.000000000000227 ) ;
#1911 = DIRECTION ( 'NONE',  ( 0.000000000000000000, -0.000000000000000000, -1.000000000000000000 ) ) ;
#1912 = DIRECTION ( 'NONE',  ( 0.000000000000000000, 0.000000000000000000, 1.000000000000000000 ) ) ;
#1913 = ADVANCED_FACE ( 'NONE', ( #3066 ), #2631, .T. ) ;
#1914 = AXIS2_PLACEMENT_3D ( 'NONE', #4709, #2075, #699 ) ;
#1915 = ORIENTED_EDGE ( 'NONE', *, *, #5060, .F. ) ;
#1916 = CARTESIAN_POINT ( 'NONE',  ( 40.74999999999976552, 10.00000000000000000, 45.50000000000012079 ) ) ;
#1917 = FACE_OUTER_BOUND ( 'NONE', #1894, .T. ) ;
#1918 = CARTESIAN_POINT ( 'NONE',  ( 7.999999999999996447, 0.000000000000000000, 12.00000000000000000 ) ) ;
#1919 = DIRECTION ( 'NONE',  ( -0.5000000000000018874, 0.000000000000000000, -0.8660254037844374864 ) ) ;
#1920 = AXIS2_PLACEMENT_3D ( 'NONE', #4223, #5631, #5176 ) ;
#1921 = ORIENTED_EDGE ( 'NONE', *, *, #3574, .F. ) ;
#1922 = ORIENTED_EDGE ( 'NONE', *, *, #5667, .F. ) ;
#1923 = ORIENTED_EDGE ( 'NONE', *, *, #1530, .F. ) ;
#1924 = DIRECTION ( 'NONE',  ( 0.8660254037844389297, 0.000000000000000000, -0.4999999999999995559 ) ) ;
#1925 = EDGE_CURVE ( 'NONE', #907, #3228, #1724, .T. ) ;
#1926 = CARTESIAN_POINT ( 'NONE',  ( 7.798889300107008538, 2.500000000000000000, 23.20598270084804682 ) ) ;
#1927 = FACE_OUTER_BOUND ( 'NONE', #4317, .T. ) ;
#1928 = ORIENTED_EDGE ( 'NONE', *, *, #241, .F. ) ;
#1929 = ADVANCED_FACE ( 'NONE', ( #1509, #1446 ), #140, .T. ) ;
#1930 = ORIENTED_EDGE ( 'NONE', *, *, #4414, .T. ) ;
#1931 = CIRCLE ( 'NONE', #3708, 1.249999999999997558 ) ;
#1932 = DIRECTION ( 'NONE',  ( 0.8656736124572120827, 0.000000000000000000, -0.5006088260261505329 ) ) ;
#1933 = DIRECTION ( 'NONE',  ( 0.000000000000000000, 0.000000000000000000, 1.000000000000000000 ) ) ;
#1934 = DIRECTION ( 'NONE',  ( 0.5000000000000011102, 0.000000000000000000, 0.8660254037844379305 ) ) ;
#1935 = AXIS2_PLACEMENT_3D ( 'NONE', #2646, #3975, #577 ) ;
#1936 = EDGE_LOOP ( 'NONE', ( #2725, #2598, #726, #5580 ) ) ;
#1937 = AXIS2_PLACEMENT_3D ( 'NONE', #2308, #3294, #4155 ) ;
#1938 = CIRCLE ( 'NONE', #5171, 1.899999999999999689 ) ;
#1939 = PLANE ( 'NONE',  #2823 ) ;
#1940 = LINE ( 'NONE', #3276, #1204 ) ;
#1941 = LINE ( 'NONE', #1059, #2940 ) ;
#1942 = FACE_OUTER_BOUND ( 'NONE', #2014, .T. ) ;
#1943 = AXIS2_PLACEMENT_3D ( 'NONE', #4295, #2859, #4183 ) ;
#1944 = VERTEX_POINT ( 'NONE', #2865 ) ;
#1945 = CIRCLE ( 'NONE', #3429, 1.249999999999999334 ) ;
#1946 = ADVANCED_FACE ( 'NONE', ( #1477 ), #2342, .F. ) ;
#1947 = CARTESIAN_POINT ( 'NONE',  ( -13.47479911202610481, 0.000000000000000000, 89.61940112455596363 ) ) ;
#1948 = DIRECTION ( 'NONE',  ( 0.5052611553710814052, 0.000000000000000000, -0.8629664911646801606 ) ) ;
#1949 = LINE ( 'NONE', #3722, #4458 ) ;
#1950 = EDGE_CURVE ( 'NONE', #580, #4010, #2426, .T. ) ;
#1951 = CONICAL_SURFACE ( 'NONE', #3714, 2.649999999999999467, 0.7853981633974482790 ) ;
#1952 = ORIENTED_EDGE ( 'NONE', *, *, #1131, .T. ) ;
#1953 = ORIENTED_EDGE ( 'NONE', *, *, #456, .F. ) ;
#1954 = ORIENTED_EDGE ( 'NONE', *, *, #2852, .T. ) ;
#1955 = DIRECTION ( 'NONE',  ( -0.000000000000000000, 1.000000000000000000, -0.000000000000000000 ) ) ;
#1956 = LINE ( 'NONE', #1440, #3705 ) ;
#1957 = CARTESIAN_POINT ( 'NONE',  ( 7.800000000000019362, -1.000000000000028644, 33.42555455687870136 ) ) ;
#1958 = VERTEX_POINT ( 'NONE', #3209 ) ;
#1959 = EDGE_LOOP ( 'NONE', ( #1414, #5097, #1295, #2176 ) ) ;
#1960 = EDGE_LOOP ( 'NONE', ( #2887, #4122, #2480, #129 ) ) ;
#1961 = CARTESIAN_POINT ( 'NONE',  ( -11.96893163944603700, 2.200000000000000178, 86.98883784741830993 ) ) ;
#1962 = CARTESIAN_POINT ( 'NONE',  ( 78.40593060247839219, 3.000000000000000000, 13.06606616216203776 ) ) ;
#1963 = CARTESIAN_POINT ( 'NONE',  ( -81.00105486994254989, 0.000000000000000000, 14.56899957709215521 ) ) ;
#1964 = EDGE_CURVE ( 'NONE', #1783, #3607, #560, .T. ) ;
#1965 = ORIENTED_EDGE ( 'NONE', *, *, #4245, .F. ) ;
#1966 = AXIS2_PLACEMENT_3D ( 'NONE', #4987, #4551, #4668 ) ;
#1967 = LINE ( 'NONE', #1514, #4298 ) ;
#1968 = DIRECTION ( 'NONE',  ( -0.000000000000000000, 1.000000000000000000, -0.000000000000000000 ) ) ;
#1969 = LINE ( 'NONE', #3652, #3313 ) ;
#1970 = CARTESIAN_POINT ( 'NONE',  ( -81.00000000000000000, 5.000000000000000000, 21.90598270084804966 ) ) ;
#1971 = AXIS2_PLACEMENT_3D ( 'NONE', #2723, #3621, #2695 ) ;
#1972 = ORIENTED_EDGE ( 'NONE', *, *, #5130, .F. ) ;
#1973 = DIRECTION ( 'NONE',  ( -0.000000000000000000, 1.000000000000000000, -0.000000000000000000 ) ) ;
#1974 = CARTESIAN_POINT ( 'NONE',  ( 79.00000000000000000, 0.000000000000000000, -19.38488457922374408 ) ) ;
#1975 = LINE ( 'NONE', #178, #52 ) ;
#1976 = ADVANCED_FACE ( 'NONE', ( #2808 ), #165, .F. ) ;
#1977 = ADVANCED_FACE ( 'NONE', ( #1880 ), #4190, .F. ) ;
#1978 = EDGE_LOOP ( 'NONE', ( #1836, #3656 ) ) ;
#1979 = EDGE_CURVE ( 'NONE', #2243, #3015, #4593, .T. ) ;
#1980 = ORIENTED_EDGE ( 'NONE', *, *, #1873, .F. ) ;
#1981 = EDGE_LOOP ( 'NONE', ( #4621, #4519 ) ) ;
#1982 = LINE ( 'NONE', #3375, #3964 ) ;
#1983 = DIRECTION ( 'NONE',  ( -0.9999932193701946970, 0.000000000000000000, 0.003682555313065099568 ) ) ;
#1984 = VECTOR ( 'NONE', #4422, 1000.000000000000000 ) ;
#1985 = ORIENTED_EDGE ( 'NONE', *, *, #4636, .T. ) ;
#1986 = EDGE_LOOP ( 'NONE', ( #4199, #5085, #5030, #3027, #1649, #4011 ) ) ;
#1987 = ORIENTED_EDGE ( 'NONE', *, *, #5141, .F. ) ;
#1988 = DIRECTION ( 'NONE',  ( 0.5773502691896230665, -0.5773502691896271743, 0.5773502691896271743 ) ) ;
#1989 = DIRECTION ( 'NONE',  ( -0.8675199422708557151, 0.000000000000000000, 0.4974024022482914642 ) ) ;
#1990 = DIRECTION ( 'NONE',  ( 0.8656736124572114166, 0.000000000000000000, -0.5006088260261515321 ) ) ;
#1991 = ADVANCED_FACE ( 'NONE', ( #4540 ), #2750, .F. ) ;
#1992 = ORIENTED_EDGE ( 'NONE', *, *, #5002, .F. ) ;
#1993 = PRODUCT ( 'Pa5100je', 'Pa5100je', '', ( #3674 ) ) ;
#1994 = DIRECTION ( 'NONE',  ( -0.000000000000000000, 1.000000000000000000, -0.000000000000000000 ) ) ;
#1995 = LINE ( 'NONE', #1543, #1579 ) ;
#1996 = CARTESIAN_POINT ( 'NONE',  ( -56.00000000000002132, 5.000000000000000000, 110.0000000000000000 ) ) ;
#1997 = CARTESIAN_POINT ( 'NONE',  ( 78.65372625720931410, -13.20000000000000462, -22.18718474039629385 ) ) ;
#1998 = EDGE_CURVE ( 'NONE', #137, #354, #1418, .T. ) ;
#1999 = EDGE_CURVE ( 'NONE', #3665, #1305, #4506, .T. ) ;
#2000 = EDGE_CURVE ( 'NONE', #2482, #1882, #2367, .T. ) ;
#2001 = EDGE_LOOP ( 'NONE', ( #1900, #5172, #641, #3143 ) ) ;
#2002 = AXIS2_PLACEMENT_3D ( 'NONE', #5139, #3790, #1644 ) ;
#2003 = VECTOR ( 'NONE', #5003, 1000.000000000000114 ) ;
#2004 = CARTESIAN_POINT ( 'NONE',  ( 9.299999999999998934, 2.000000000000000000, -9.299999999999997158 ) ) ;
#2005 = LINE ( 'NONE', #4550, #4043 ) ;
#2006 = CARTESIAN_POINT ( 'NONE',  ( -81.00000000000000000, 2.000000000000001776, 21.90598270084804966 ) ) ;
#2007 = VECTOR ( 'NONE', #5663, 1000.000000000000000 ) ;
#2008 = ORIENTED_EDGE ( 'NONE', *, *, #1435, .T. ) ;
#2009 = EDGE_LOOP ( 'NONE', ( #822, #4792, #356, #322 ) ) ;
#2010 = CARTESIAN_POINT ( 'NONE',  ( 7.800000000000030909, -6.000000000000000000, 31.92555455687869781 ) ) ;
#2011 = AXIS2_PLACEMENT_3D ( 'NONE', #802, #5184, #1288 ) ;
#2012 = PLANE ( 'NONE',  #4707 ) ;
#2013 = LINE ( 'NONE', #2508, #2407 ) ;
#2014 = EDGE_LOOP ( 'NONE', ( #4588, #5215, #5480, #205 ) ) ;
#2015 = VECTOR ( 'NONE', #3715, 1000.000000000000000 ) ;
#2016 = EDGE_LOOP ( 'NONE', ( #1688, #3949, #2088, #4907 ) ) ;
#2017 = EDGE_LOOP ( 'NONE', ( #2884, #1415, #1474, #3971 ) ) ;
#2018 = LINE ( 'NONE', #5542, #1457 ) ;
#2019 = CARTESIAN_POINT ( 'NONE',  ( -81.00000000000000000, 2.000000000000001776, 21.90598270084804966 ) ) ;
#2020 = ADVANCED_FACE ( 'NONE', ( #4078 ), #1082, .F. ) ;
#2021 = CARTESIAN_POINT ( 'NONE',  ( -9.299999999999998934, 0.000000000000000000, -10.54999999999999716 ) ) ;
#2022 = VECTOR ( 'NONE', #2521, 1000.000000000000000 ) ;
#2023 = VERTEX_POINT ( 'NONE', #2780 ) ;
#2024 = DIRECTION ( 'NONE',  ( 0.000000000000000000, 0.000000000000000000, 1.000000000000000000 ) ) ;
#2025 = DIRECTION ( 'NONE',  ( 0.000000000000000000, 0.000000000000000000, -1.000000000000000000 ) ) ;
#2026 = LINE ( 'NONE', #4686, #5240 ) ;
#2027 = AXIS2_PLACEMENT_3D ( 'NONE', #4934, #3611, #4069 ) ;
#2028 = FACE_BOUND ( 'NONE', #939, .T. ) ;
#2029 = FACE_OUTER_BOUND ( 'NONE', #4794, .T. ) ;
#2030 = ORIENTED_EDGE ( 'NONE', *, *, #759, .F. ) ;
#2031 = CARTESIAN_POINT ( 'NONE',  ( -76.05823654365040909, 0.000000000000000000, -20.67828895865947558 ) ) ;
#2032 = DIRECTION ( 'NONE',  ( 0.7071067811865474617, 0.7071067811865474617, -0.000000000000000000 ) ) ;
#2033 = CIRCLE ( 'NONE', #2399, 3.650000000000014566 ) ;
#2034 = LINE ( 'NONE', #3397, #2289 ) ;
#2035 = CARTESIAN_POINT ( 'NONE',  ( 9.300000000000030909, 2.500000000000000444, 20.60598270084804895 ) ) ;
#2036 = EDGE_CURVE ( 'NONE', #354, #242, #5062, .T. ) ;
#2037 = VECTOR ( 'NONE', #4977, 1000.000000000000000 ) ;
#2038 = EDGE_CURVE ( 'NONE', #777, #4173, #225, .T. ) ;
#2039 = VECTOR ( 'NONE', #807, 1000.000000000000114 ) ;
#2040 = VERTEX_POINT ( 'NONE', #4741 ) ;
#2041 = CARTESIAN_POINT ( 'NONE',  ( -74.99999999999998579, 5.000000000000000000, -30.00000000000000000 ) ) ;
#2042 = DIRECTION ( 'NONE',  ( -1.000000000000000000, 0.000000000000000000, -0.000000000000000000 ) ) ;
#2043 = VECTOR ( 'NONE', #2708, 1000.000000000000000 ) ;
#2044 = CARTESIAN_POINT ( 'NONE',  ( 45.24999999999977263, 10.00000000000000000, 45.50000000000012079 ) ) ;
#2045 = PRODUCT_DEFINITION_SHAPE ( 'NONE', 'NONE',  #1234 ) ;
#2046 = ORIENTED_EDGE ( 'NONE', *, *, #1024, .F. ) ;
#2047 = VERTEX_POINT ( 'NONE', #1678 ) ;
#2048 = ORIENTED_EDGE ( 'NONE', *, *, #684, .T. ) ;
#2049 = LINE ( 'NONE', #3818, #1641 ) ;
#2050 = CARTESIAN_POINT ( 'NONE',  ( 11.00000000000000178, 0.000000000000000000, -11.00000000000000000 ) ) ;
#2051 = ADVANCED_FACE ( 'NONE', ( #2104 ), #2892, .F. ) ;
#2052 = DIRECTION ( 'NONE',  ( -0.000000000000000000, -1.000000000000000000, -0.000000000000000000 ) ) ;
#2053 = EDGE_CURVE ( 'NONE', #4375, #1351, #2980, .T. ) ;
#2054 = ORIENTED_EDGE ( 'NONE', *, *, #2817, .F. ) ;
#2055 = EDGE_CURVE ( 'NONE', #4999, #5252, #5169, .T. ) ;
#2056 = CARTESIAN_POINT ( 'NONE',  ( 7.800000000000019362, -1.000000000000028644, 27.42555455687869781 ) ) ;
#2057 = LINE ( 'NONE', #1622, #2203 ) ;
#2058 = CARTESIAN_POINT ( 'NONE',  ( 79.00000000000001421, 0.000000000000000000, 21.64389535271817877 ) ) ;
#2059 = CARTESIAN_POINT ( 'NONE',  ( 81.00000000000001421, 5.000000000000000000, 21.90598270084813493 ) ) ;
#2060 = LINE ( 'NONE', #2112, #2322 ) ;
#2061 = ORIENTED_EDGE ( 'NONE', *, *, #2055, .T. ) ;
#2062 = FACE_OUTER_BOUND ( 'NONE', #4483, .T. ) ;
#2063 = LINE ( 'NONE', #1690, #3886 ) ;
#2064 = LINE ( 'NONE', #4342, #5604 ) ;
#2065 = CARTESIAN_POINT ( 'NONE',  ( 56.00000000000000000, 5.000000000000000000, 96.25076433052315394 ) ) ;
#2066 = VECTOR ( 'NONE', #146, 1000.000000000000114 ) ;
#2067 = ORIENTED_EDGE ( 'NONE', *, *, #5194, .T. ) ;
#2068 = VERTEX_POINT ( 'NONE', #2920 ) ;
#2069 = CARTESIAN_POINT ( 'NONE',  ( -76.04923932178259349, 3.000000000000000000, -23.68049687673109105 ) ) ;
#2070 = EDGE_CURVE ( 'NONE', #2770, #1174, #2464, .T. ) ;
#2071 = DIRECTION ( 'NONE',  ( -0.000000000000000000, -1.000000000000000000, -0.000000000000000000 ) ) ;
#2072 = VERTEX_POINT ( 'NONE', #5543 ) ;
#2073 = VERTEX_POINT ( 'NONE', #3764 ) ;
#2074 = VERTEX_POINT ( 'NONE', #5625 ) ;
#2075 = DIRECTION ( 'NONE',  ( -0.000000000000000000, -1.000000000000000000, -0.000000000000000000 ) ) ;
#2076 = DIRECTION ( 'NONE',  ( 0.4999999999999998890, 0.000000000000000000, 0.8660254037844385966 ) ) ;
#2077 = CARTESIAN_POINT ( 'NONE',  ( -12.30216580359597778, 2.500000000000000000, 20.58771193041968317 ) ) ;
#2078 = ORIENTED_EDGE ( 'NONE', *, *, #4326, .F. ) ;
#2079 = EDGE_CURVE ( 'NONE', #3381, #2541, #5513, .T. ) ;
#2080 = EDGE_CURVE ( 'NONE', #5325, #770, #4654, .T. ) ;
#2081 = PLANE ( 'NONE',  #2828 ) ;
#2082 = CARTESIAN_POINT ( 'NONE',  ( -46.99999999999997868, 5.000000000000000000, 96.99999999999995737 ) ) ;
#2083 = LINE ( 'NONE', #3850, #3865 ) ;
#2084 = LINE ( 'NONE', #5148, #4652 ) ;
#2085 = VECTOR ( 'NONE', #1568, 1000.000000000000000 ) ;
#2086 = DIRECTION ( 'NONE',  ( -0.001975404771559541132, 0.000000000000000000, 0.9999980488860907846 ) ) ;
#2087 = EDGE_CURVE ( 'NONE', #1351, #137, #1249, .T. ) ;
#2088 = ORIENTED_EDGE ( 'NONE', *, *, #3332, .T. ) ;
#2089 = DIRECTION ( 'NONE',  ( 1.000000000000000000, -0.000000000000000000, 0.000000000000000000 ) ) ;
#2090 = CARTESIAN_POINT ( 'NONE',  ( -61.00000000000001421, 5.000000000000000000, 96.90598270084805677 ) ) ;
#2091 = LINE ( 'NONE', #2587, #2752 ) ;
#2092 = CARTESIAN_POINT ( 'NONE',  ( -40.74999999999979394, 10.00000000000000000, 45.50000000000012079 ) ) ;
#2093 = EDGE_CURVE ( 'NONE', #5560, #4375, #1165, .T. ) ;
#2094 = ORIENTED_EDGE ( 'NONE', *, *, #2831, .T. ) ;
#2095 = ORIENTED_EDGE ( 'NONE', *, *, #2803, .F. ) ;
#2096 = CARTESIAN_POINT ( 'NONE',  ( 59.00000000000000000, 0.000000000000000000, 96.64389535271820364 ) ) ;
#2097 = VECTOR ( 'NONE', #445, 1000.000000000000000 ) ;
#2098 = DIRECTION ( 'NONE',  ( 0.000000000000000000, 0.000000000000000000, 1.000000000000000000 ) ) ;
#2099 = ORIENTED_EDGE ( 'NONE', *, *, #4304, .F. ) ;
#2100 = ORIENTED_EDGE ( 'NONE', *, *, #1772, .T. ) ;
#2101 = VECTOR ( 'NONE', #2298, 1000.000000000000000 ) ;
#2102 = EDGE_LOOP ( 'NONE', ( #2739, #2302, #2318, #4382 ) ) ;
#2103 = FACE_BOUND ( 'NONE', #2268, .T. ) ;
#2104 = FACE_OUTER_BOUND ( 'NONE', #1959, .T. ) ;
#2105 = CARTESIAN_POINT ( 'NONE',  ( 0.5000000000000004441, 5.000000000000000000, -5.769999999999999574 ) ) ;
#2106 = CIRCLE ( 'NONE', #4405, 1.249999999999999334 ) ;
#2107 = ADVANCED_FACE ( 'NONE', ( #761 ), #4765, .F. ) ;
#2108 = ORIENTED_EDGE ( 'NONE', *, *, #2720, .T. ) ;
#2109 = DIRECTION ( 'NONE',  ( -0.000000000000000000, 1.000000000000000000, -0.000000000000000000 ) ) ;
#2110 = CARTESIAN_POINT ( 'NONE',  ( -13.47479911202610481, 2.200000000000000178, 89.61940112455596363 ) ) ;
#2111 = FILL_AREA_STYLE_COLOUR ( '', #3828 ) ;
#2112 = CARTESIAN_POINT ( 'NONE',  ( 63.69800576638398582, -15.30199423361607458, -12.69800576638392009 ) ) ;
#2113 = EDGE_CURVE ( 'NONE', #4638, #1675, #4681, .T. ) ;
#2114 = VECTOR ( 'NONE', #1192, 999.9999999999998863 ) ;
#2115 = ORIENTED_EDGE ( 'NONE', *, *, #4450, .F. ) ;
#2116 = ORIENTED_EDGE ( 'NONE', *, *, #3061, .F. ) ;
#2117 = VECTOR ( 'NONE', #2207, 1000.000000000000000 ) ;
#2118 = DIRECTION ( 'NONE',  ( -0.000000000000000000, -1.000000000000000000, -0.000000000000000000 ) ) ;
#2119 = CARTESIAN_POINT ( 'NONE',  ( -10.81690585313565833, 5.000000000000000000, 23.19679916792093266 ) ) ;
#2120 = CARTESIAN_POINT ( 'NONE',  ( -54.49999999999998579, 10.00000000000000000, -54.49999999999998579 ) ) ;
#2121 = FACE_OUTER_BOUND ( 'NONE', #35, .T. ) ;
#2122 = AXIS2_PLACEMENT_3D ( 'NONE', #947, #1777, #4490 ) ;
#2123 = EDGE_CURVE ( 'NONE', #536, #2074, #3845, .T. ) ;
#2124 = ORIENTED_EDGE ( 'NONE', *, *, #3195, .F. ) ;
#2125 = AXIS2_PLACEMENT_3D ( 'NONE', #3987, #1842, #2160 ) ;
#2126 = EDGE_CURVE ( 'NONE', #2074, #1326, #733, .T. ) ;
#2127 = VECTOR ( 'NONE', #3018, 1000.000000000000000 ) ;
#2128 = LINE ( 'NONE', #3944, #5618 ) ;
#2129 = CARTESIAN_POINT ( 'NONE',  ( 10.80111069989306216, 2.500000000000000000, 23.20598270084804682 ) ) ;
#2130 = VECTOR ( 'NONE', #268, 1000.000000000000114 ) ;
#2131 = VERTEX_POINT ( 'NONE', #2949 ) ;
#2132 = EDGE_LOOP ( 'NONE', ( #5226, #2650, #4074, #3459 ) ) ;
#2133 = ORIENTED_EDGE ( 'NONE', *, *, #4371, .F. ) ;
#2134 = VECTOR ( 'NONE', #3474, 1000.000000000000114 ) ;
#2135 = DIRECTION ( 'NONE',  ( -0.000000000000000000, 1.000000000000000000, -0.000000000000000000 ) ) ;
#2136 = DIRECTION ( 'NONE',  ( 0.000000000000000000, 0.000000000000000000, 1.000000000000000000 ) ) ;
#2137 = ORIENTED_EDGE ( 'NONE', *, *, #4821, .T. ) ;
#2138 = ORIENTED_EDGE ( 'NONE', *, *, #5474, .T. ) ;
#2139 = DIRECTION ( 'NONE',  ( -0.5031857961370476140, 0.000000000000000000, -0.8641782539302440558 ) ) ;
#2140 = DIRECTION ( 'NONE',  ( -0.7071067811865475727, 0.7071067811865475727, 0.000000000000000000 ) ) ;
#2141 = DIRECTION ( 'NONE',  ( -0.2576626505603324402, 0.000000000000000000, 0.9662349396012461789 ) ) ;
#2142 = ADVANCED_FACE ( 'NONE', ( #4324 ), #5088, .F. ) ;
#2143 = DIRECTION ( 'NONE',  ( 0.000000000000000000, 1.000000000000000000, 0.000000000000000000 ) ) ;
#2144 = ORIENTED_EDGE ( 'NONE', *, *, #4918, .F. ) ;
#2145 = ORIENTED_EDGE ( 'NONE', *, *, #1318, .F. ) ;
#2146 = FACE_OUTER_BOUND ( 'NONE', #3098, .T. ) ;
#2147 = PLANE ( 'NONE',  #5533 ) ;
#2148 = CARTESIAN_POINT ( 'NONE',  ( -45.24999999999980815, 0.000000000000000000, 45.50000000000009948 ) ) ;
#2149 = CARTESIAN_POINT ( 'NONE',  ( 75.00000000000000000, 5.000000000000000000, -30.00000000000000000 ) ) ;
#2150 = ORIENTED_EDGE ( 'NONE', *, *, #3096, .T. ) ;
#2151 = AXIS2_PLACEMENT_3D ( 'NONE', #2413, #3690, #5444 ) ;
#2152 = EDGE_CURVE ( 'NONE', #805, #4993, #5596, .T. ) ;
#2153 = LINE ( 'NONE', #3866, #3042 ) ;
#2154 = CARTESIAN_POINT ( 'NONE',  ( 3.750000000000000000, 2.000000000000000000, -6.499999999999998224 ) ) ;
#2155 = ADVANCED_FACE ( 'NONE', ( #4679 ), #2485, .T. ) ;
#2156 = ORIENTED_EDGE ( 'NONE', *, *, #3118, .T. ) ;
#2157 = ORIENTED_EDGE ( 'NONE', *, *, #544, .T. ) ;
#2158 = ORIENTED_EDGE ( 'NONE', *, *, #4581, .T. ) ;
#2159 = DIRECTION ( 'NONE',  ( 0.000000000000000000, -1.000000000000000000, 0.000000000000000000 ) ) ;
#2160 = DIRECTION ( 'NONE',  ( 0.000000000000000000, 0.000000000000000000, -1.000000000000000000 ) ) ;
#2161 = ORIENTED_EDGE ( 'NONE', *, *, #3350, .F. ) ;
#2162 = CARTESIAN_POINT ( 'NONE',  ( -9.299999999999968736, -1.000000000000013101, 17.95598270084804682 ) ) ;
#2163 = CARTESIAN_POINT ( 'NONE',  ( 81.00000000000001421, 5.000000000000000000, 21.90598270084813493 ) ) ;
#2164 = CARTESIAN_POINT ( 'NONE',  ( 7.800000000000030909, -6.000000000000000000, 31.92555455687869781 ) ) ;
#2165 = ADVANCED_FACE ( 'NONE', ( #3411 ), #1224, .F. ) ;
#2166 = VECTOR ( 'NONE', #1155, 1000.000000000000000 ) ;
#2167 = EDGE_CURVE ( 'NONE', #85, #335, #3116, .T. ) ;
#2168 = VERTEX_POINT ( 'NONE', #3901 ) ;
#2169 = VERTEX_POINT ( 'NONE', #384 ) ;
#2170 = CIRCLE ( 'NONE', #799, 1.249999999999997558 ) ;
#2171 = CARTESIAN_POINT ( 'NONE',  ( -80.99999999999998579, 10.00000000000000000, -27.99999999999999645 ) ) ;
#2172 = CARTESIAN_POINT ( 'NONE',  ( 7.798889300106999656, 2.500000000000000000, 18.00598270084807240 ) ) ;
#2173 = DIRECTION ( 'NONE',  ( 0.000000000000000000, 0.000000000000000000, 1.000000000000000000 ) ) ;
#2174 = DIRECTION ( 'NONE',  ( 0.7071067811865462405, 0.7071067811865489050, 1.890548517948249595E-16 ) ) ;
#2175 = EDGE_CURVE ( 'NONE', #3134, #3910, #3926, .T. ) ;
#2176 = ORIENTED_EDGE ( 'NONE', *, *, #1239, .T. ) ;
#2177 = CARTESIAN_POINT ( 'NONE',  ( 15.00000000000025402, 5.000000000000000888, 85.75000000000012790 ) ) ;
#2178 = PLANE ( 'NONE',  #3133 ) ;
#2179 = CARTESIAN_POINT ( 'NONE',  ( 3.750000000000000000, 4.000000000000000000, -6.499999999999999112 ) ) ;
#2180 = EDGE_LOOP ( 'NONE', ( #2196, #3268, #4736, #5282 ) ) ;
#2181 = ORIENTED_EDGE ( 'NONE', *, *, #1804, .F. ) ;
#2182 = EDGE_LOOP ( 'NONE', ( #2889, #5337, #1614, #2048, #3450, #2566 ) ) ;
#2183 = AXIS2_PLACEMENT_3D ( 'NONE', #675, #5375, #647 ) ;
#2184 = DIRECTION ( 'NONE',  ( 0.7071067811865462405, 0.7071067811865489050, 1.890548517948249595E-16 ) ) ;
#2185 = DIRECTION ( 'NONE',  ( 0.000000000000000000, 0.000000000000000000, 1.000000000000000000 ) ) ;
#2186 = PLANE ( 'NONE',  #383 ) ;
#2187 = ORIENTED_EDGE ( 'NONE', *, *, #2623, .F. ) ;
#2188 = VECTOR ( 'NONE', #576, 1000.000000000000000 ) ;
#2189 = VERTEX_POINT ( 'NONE', #1274 ) ;
#2190 = EDGE_CURVE ( 'NONE', #1553, #2684, #3032, .T. ) ;
#2191 = EDGE_CURVE ( 'NONE', #4482, #4187, #3089, .T. ) ;
#2192 = CARTESIAN_POINT ( 'NONE',  ( 7.999999999999996447, 2.000000000000000000, 12.00000000000000000 ) ) ;
#2193 = CARTESIAN_POINT ( 'NONE',  ( 15.00000000000025402, 22.50000000000000000, 85.75000000000012790 ) ) ;
#2194 = VECTOR ( 'NONE', #1262, 1000.000000000000000 ) ;
#2195 = CARTESIAN_POINT ( 'NONE',  ( 56.00000000000000000, 10.00000000000000000, 96.25076433052315394 ) ) ;
#2196 = ORIENTED_EDGE ( 'NONE', *, *, #3560, .T. ) ;
#2197 = AXIS2_PLACEMENT_3D ( 'NONE', #2163, #5681, #3498 ) ;
#2198 = ORIENTED_EDGE ( 'NONE', *, *, #4981, .T. ) ;
#2199 = CARTESIAN_POINT ( 'NONE',  ( -50.00000000000000000, 2.500000000000000000, 101.0000000000000142 ) ) ;
#2200 = DIRECTION ( 'NONE',  ( 0.000000000000000000, -0.000000000000000000, 1.000000000000000000 ) ) ;
#2201 = CARTESIAN_POINT ( 'NONE',  ( -11.00000000000000178, 2.000000000000000000, 6.000000000000002665 ) ) ;
#2202 = CARTESIAN_POINT ( 'NONE',  ( -10.29999999999999716, 0.000000000000000000, 31.92555455687868360 ) ) ;
#2203 = VECTOR ( 'NONE', #5367, 1000.000000000000000 ) ;
#2204 = ORIENTED_EDGE ( 'NONE', *, *, #2369, .T. ) ;
#2205 = CARTESIAN_POINT ( 'NONE',  ( -12.00000000000000000, 2.000000000000000000, 5.999999999999995559 ) ) ;
#2206 = DIRECTION ( 'NONE',  ( 0.8660254037844385966, 0.000000000000000000, -0.4999999999999998890 ) ) ;
#2207 = DIRECTION ( 'NONE',  ( -0.000000000000000000, -1.000000000000000000, -0.000000000000000000 ) ) ;
#2208 = DIRECTION ( 'NONE',  ( -0.000000000000000000, -1.000000000000000000, -0.000000000000000000 ) ) ;
#2209 = VECTOR ( 'NONE', #4558, 1000.000000000000000 ) ;
#2210 = EDGE_CURVE ( 'NONE', #4629, #302, #1197, .T. ) ;
#2211 = CONICAL_SURFACE ( 'NONE', #5442, 2.649999999999999467, 0.7853981633974482790 ) ;
#2212 = EDGE_LOOP ( 'NONE', ( #3842, #3170, #5511, #2488, #1711, #756 ) ) ;
#2213 = ORIENTED_EDGE ( 'NONE', *, *, #912, .F. ) ;
#2214 = AXIS2_PLACEMENT_3D ( 'NONE', #1373, #5358, #4898 ) ;
#2215 = VERTEX_POINT ( 'NONE', #4442 ) ;
#2216 = DIRECTION ( 'NONE',  ( 0.8670114164560018821, 0.000000000000000000, -0.4982882737281275620 ) ) ;
#2217 = VECTOR ( 'NONE', #3698, 1000.000000000000000 ) ;
#2218 = DIRECTION ( 'NONE',  ( 0.000000000000000000, -1.000000000000000000, 0.000000000000000000 ) ) ;
#2219 = CARTESIAN_POINT ( 'NONE',  ( 13.48445554337749819, 2.200000000000000178, 84.37500000000012790 ) ) ;
#2220 = VECTOR ( 'NONE', #5118, 1000.000000000000000 ) ;
#2221 = ORIENTED_EDGE ( 'NONE', *, *, #2123, .F. ) ;
#2222 = ORIENTED_EDGE ( 'NONE', *, *, #2672, .F. ) ;
#2223 = AXIS2_PLACEMENT_3D ( 'NONE', #676, #5515, #4133 ) ;
#2224 = CARTESIAN_POINT ( 'NONE',  ( 9.300000000000030909, 2.500000000000000444, 21.85598270084804895 ) ) ;
#2225 = EDGE_CURVE ( 'NONE', #3036, #5055, #4790, .T. ) ;
#2226 = CARTESIAN_POINT ( 'NONE',  ( -56.00000000000002132, 10.00000000000000000, 96.25076433052301184 ) ) ;
#2227 = APPLICATION_PROTOCOL_DEFINITION ( 'draft international standard', 'automotive_design', 1998, #1272 ) ;
#2228 = CARTESIAN_POINT ( 'NONE',  ( -18.03106836055345141, 2.200000000000000178, 87.01116215258194586 ) ) ;
#2229 = VECTOR ( 'NONE', #2782, 1000.000000000000000 ) ;
#2230 = EDGE_CURVE ( 'NONE', #1227, #4933, #2627, .T. ) ;
#2231 = ADVANCED_FACE ( 'NONE', ( #839 ), #3954, .T. ) ;
#2232 = ORIENTED_EDGE ( 'NONE', *, *, #5474, .F. ) ;
#2233 = ORIENTED_EDGE ( 'NONE', *, *, #5096, .T. ) ;
#2234 = DIRECTION ( 'NONE',  ( -1.000000000000000000, -0.000000000000000000, 7.885106708985492732E-17 ) ) ;
#2235 = DIRECTION ( 'NONE',  ( -0.4999999999999997224, 0.000000000000000000, 0.8660254037844387076 ) ) ;
#2236 = CARTESIAN_POINT ( 'NONE',  ( 81.00000000000001421, 10.00000000000000000, 21.90598270084813493 ) ) ;
#2237 = DIRECTION ( 'NONE',  ( -0.000000000000000000, 1.000000000000000000, -0.000000000000000000 ) ) ;
#2238 = ORIENTED_EDGE ( 'NONE', *, *, #3007, .F. ) ;
#2239 = DIRECTION ( 'NONE',  ( 0.000000000000000000, 0.000000000000000000, -1.000000000000000000 ) ) ;
#2240 = DIRECTION ( 'NONE',  ( -2.673639354406769807E-16, 0.000000000000000000, -1.000000000000000000 ) ) ;
#2241 = PLANE ( 'NONE',  #1416 ) ;
#2242 = CARTESIAN_POINT ( 'NONE',  ( -40.74999999999978684, 0.000000000000000000, 4.500000000000142997 ) ) ;
#2243 = VERTEX_POINT ( 'NONE', #1328 ) ;
#2244 = ORIENTED_EDGE ( 'NONE', *, *, #5122, .F. ) ;
#2245 = ORIENTED_EDGE ( 'NONE', *, *, #1113, .T. ) ;
#2246 = EDGE_CURVE ( 'NONE', #2804, #2471, #45, .T. ) ;
#2247 = CARTESIAN_POINT ( 'NONE',  ( 78.65372625720931410, 3.000000000000000000, -25.18940614018234925 ) ) ;
#2248 = DIRECTION ( 'NONE',  ( 0.000000000000000000, 0.000000000000000000, 1.000000000000000000 ) ) ;
#2249 = VECTOR ( 'NONE', #2881, 1000.000000000000114 ) ;
#2250 = CARTESIAN_POINT ( 'NONE',  ( -11.00000000000000178, 2.000000000000000000, 6.000000000000002665 ) ) ;
#2251 = ORIENTED_EDGE ( 'NONE', *, *, #1743, .F. ) ;
#2252 = ADVANCED_FACE ( 'NONE', ( #3581 ), #3492, .F. ) ;
#2253 = VERTEX_POINT ( 'NONE', #3552 ) ;
#2254 = CIRCLE ( 'NONE', #3454, 1.000000000000000888 ) ;
#2255 = FACE_OUTER_BOUND ( 'NONE', #1693, .T. ) ;
#2256 = DIRECTION ( 'NONE',  ( 0.000000000000000000, 0.000000000000000000, 1.000000000000000000 ) ) ;
#2257 =( NAMED_UNIT ( * ) SI_UNIT ( $, .STERADIAN. ) SOLID_ANGLE_UNIT ( ) );
#2258 = LINE ( 'NONE', #4417, #3248 ) ;
#2259 = EDGE_CURVE ( 'NONE', #1396, #2365, #4380, .T. ) ;
#2260 = VERTEX_POINT ( 'NONE', #4013 ) ;
#2261 = EDGE_CURVE ( 'NONE', #3584, #3839, #4848, .T. ) ;
#2262 = ORIENTED_EDGE ( 'NONE', *, *, #841, .T. ) ;
#2263 = PLANE ( 'NONE',  #2447 ) ;
#2264 = DIRECTION ( 'NONE',  ( -0.000000000000000000, 1.000000000000000000, -0.000000000000000000 ) ) ;
#2265 = CARTESIAN_POINT ( 'NONE',  ( -16.52520088797338715, 2.200000000000000178, 84.38059887544430637 ) ) ;
#2266 = CARTESIAN_POINT ( 'NONE',  ( -9.299999999999998934, 2.000000000000000000, -9.299999999999997158 ) ) ;
#2267 = VECTOR ( 'NONE', #3957, 1000.000000000000000 ) ;
#2268 = EDGE_LOOP ( 'NONE', ( #4905, #1298 ) ) ;
#2269 = DIRECTION ( 'NONE',  ( 0.000000000000000000, 1.000000000000000000, 0.000000000000000000 ) ) ;
#2270 = DIRECTION ( 'NONE',  ( 0.000000000000000000, 0.000000000000000000, 1.000000000000000000 ) ) ;
#2271 = FACE_OUTER_BOUND ( 'NONE', #4822, .T. ) ;
#2272 = EDGE_CURVE ( 'NONE', #810, #3784, #5310, .T. ) ;
#2273 = DIRECTION ( 'NONE',  ( 0.5000000000000006661, 0.000000000000000000, -0.8660254037844382635 ) ) ;
#2274 = ORIENTED_EDGE ( 'NONE', *, *, #4015, .F. ) ;
#2275 = EDGE_LOOP ( 'NONE', ( #3983, #4925, #4489, #2565 ) ) ;
#2276 = ORIENTED_EDGE ( 'NONE', *, *, #1384, .F. ) ;
#2277 = CARTESIAN_POINT ( 'NONE',  ( -56.00000000000002132, 10.00000000000000000, 96.25076433052301184 ) ) ;
#2278 = CARTESIAN_POINT ( 'NONE',  ( 15.00000000000025402, 22.50000000000000000, 87.00000000000012790 ) ) ;
#2279 = CARTESIAN_POINT ( 'NONE',  ( -9.299999999999968736, -6.000000000000000000, 20.60598270084804895 ) ) ;
#2280 = EDGE_LOOP ( 'NONE', ( #4244, #1867, #3623, #47 ) ) ;
#2281 = EDGE_LOOP ( 'NONE', ( #3734, #2681, #2378, #344 ) ) ;
#2282 = DIRECTION ( 'NONE',  ( -0.000000000000000000, -1.000000000000000000, -0.000000000000000000 ) ) ;
#2283 = CARTESIAN_POINT ( 'NONE',  ( 9.299999999999998934, 0.000000000000000000, -9.299999999999997158 ) ) ;
#2284 = EDGE_CURVE ( 'NONE', #5232, #1634, #3059, .T. ) ;
#2285 = FACE_OUTER_BOUND ( 'NONE', #3062, .T. ) ;
#2286 = VECTOR ( 'NONE', #14, 1000.000000000000000 ) ;
#2287 = ORIENTED_EDGE ( 'NONE', *, *, #3606, .T. ) ;
#2288 = EDGE_LOOP ( 'NONE', ( #2262, #263, #2115, #1212 ) ) ;
#2289 = VECTOR ( 'NONE', #5153, 1000.000000000000000 ) ;
#2290 = CARTESIAN_POINT ( 'NONE',  ( -81.00000000000000000, 5.000000000000000000, 16.06919580517689283 ) ) ;
#2291 = CARTESIAN_POINT ( 'NONE',  ( -78.39999999999999147, 3.000000000000000888, 16.06828170427217728 ) ) ;
#2292 = DIRECTION ( 'NONE',  ( -0.8675199422708572694, 0.000000000000000000, 0.4974024022482887997 ) ) ;
#2293 = DIRECTION ( 'NONE',  ( -0.000000000000000000, -1.000000000000000000, -0.000000000000000000 ) ) ;
#2294 = EDGE_CURVE ( 'NONE', #1359, #4220, #3525, .T. ) ;
#2295 = AXIS2_PLACEMENT_3D ( 'NONE', #2323, #4140, #200 ) ;
#2296 = VERTEX_POINT ( 'NONE', #4909 ) ;
#2297 = CARTESIAN_POINT ( 'NONE',  ( 50.00000000000000000, 2.500000000000000000, 110.0000000000000000 ) ) ;
#2298 = DIRECTION ( 'NONE',  ( 0.6546536707079764206, 0.6546536707079784190, 0.3779644730092263649 ) ) ;
#2299 = CARTESIAN_POINT ( 'NONE',  ( 80.98847331796228843, 1.988473317962265563, 21.90593716103388289 ) ) ;
#2300 = CARTESIAN_POINT ( 'NONE',  ( -7.999999999999994671, 2.000000000000000000, 11.00000000000000355 ) ) ;
#2301 = EDGE_CURVE ( 'NONE', #113, #3134, #815, .T. ) ;
#2302 = ORIENTED_EDGE ( 'NONE', *, *, #1084, .F. ) ;
#2303 = EDGE_CURVE ( 'NONE', #5219, #1305, #2715, .T. ) ;
#2304 = ORIENTED_EDGE ( 'NONE', *, *, #4086, .T. ) ;
#2305 = ORIENTED_EDGE ( 'NONE', *, *, #3367, .T. ) ;
#2306 = LINE ( 'NONE', #5309, #4327 ) ;
#2307 = LINE ( 'NONE', #2829, #4311 ) ;
#2308 = CARTESIAN_POINT ( 'NONE',  ( -7.799999999999968736, -6.000000000000000000, 28.92555455687869781 ) ) ;
#2309 = ORIENTED_EDGE ( 'NONE', *, *, #2190, .T. ) ;
#2310 = VECTOR ( 'NONE', #4339, 999.9999999999998863 ) ;
#2311 = VERTEX_POINT ( 'NONE', #1758 ) ;
#2312 = AXIS2_PLACEMENT_3D ( 'NONE', #957, #3526, #5280 ) ;
#2313 = CARTESIAN_POINT ( 'NONE',  ( 78.40593060247839219, 0.000000000000000000, 13.06606616216203776 ) ) ;
#2314 = CARTESIAN_POINT ( 'NONE',  ( 10.30000000000005933, 0.000000000000000000, 28.92555455687870847 ) ) ;
#2315 = VECTOR ( 'NONE', #4196, 1000.000000000000000 ) ;
#2316 = LINE ( 'NONE', #5490, #5181 ) ;
#2317 = CIRCLE ( 'NONE', #5541, 0.9999999999999991118 ) ;
#2318 = ORIENTED_EDGE ( 'NONE', *, *, #1558, .F. ) ;
#2319 = CARTESIAN_POINT ( 'NONE',  ( 13.48445554337748398, 2.200000000000000178, 89.62500000000012790 ) ) ;
#2320 = DIRECTION ( 'NONE',  ( 8.659560562354932858E-17, 0.7071067811865474617, -0.7071067811865474617 ) ) ;
#2321 = EDGE_CURVE ( 'NONE', #1567, #5357, #5368, .T. ) ;
#2322 = VECTOR ( 'NONE', #4333, 1000.000000000000227 ) ;
#2323 = CARTESIAN_POINT ( 'NONE',  ( -7.799999999999958078, -6.000000000000000000, 27.42555455687869781 ) ) ;
#2324 = DIRECTION ( 'NONE',  ( 0.000000000000000000, 0.000000000000000000, -1.000000000000000000 ) ) ;
#2325 = ORIENTED_EDGE ( 'NONE', *, *, #2557, .T. ) ;
#2326 = FACE_OUTER_BOUND ( 'NONE', #4383, .T. ) ;
#2327 = CARTESIAN_POINT ( 'NONE',  ( 92.31790464744089775, 13.31790464744092439, -17.30038906832709245 ) ) ;
#2328 = FACE_OUTER_BOUND ( 'NONE', #2016, .T. ) ;
#2329 = CARTESIAN_POINT ( 'NONE',  ( 76.05372625720931978, 3.000000000000000000, -23.68829544028932688 ) ) ;
#2330 = ORIENTED_EDGE ( 'NONE', *, *, #3225, .F. ) ;
#2331 = EDGE_CURVE ( 'NONE', #3289, #449, #2307, .T. ) ;
#2332 = ORIENTED_EDGE ( 'NONE', *, *, #2909, .T. ) ;
#2333 = VERTEX_POINT ( 'NONE', #5455 ) ;
#2334 = DIRECTION ( 'NONE',  ( 0.000000000000000000, -0.000000000000000000, -1.000000000000000000 ) ) ;
#2335 = DIRECTION ( 'NONE',  ( 0.000000000000000000, -1.000000000000000000, 0.000000000000000000 ) ) ;
#2336 = ADVANCED_FACE ( 'NONE', ( #4935 ), #1841, .T. ) ;
#2337 = DIRECTION ( 'NONE',  ( 0.000000000000000000, 1.000000000000000000, 0.000000000000000000 ) ) ;
#2338 = EDGE_LOOP ( 'NONE', ( #2332, #4832, #1928, #1210, #2711 ) ) ;
#2339 = ORIENTED_EDGE ( 'NONE', *, *, #1167, .T. ) ;
#2340 = VECTOR ( 'NONE', #914, 1000.000000000000000 ) ;
#2341 = LINE ( 'NONE', #164, #722 ) ;
#2342 = PLANE ( 'NONE',  #4957 ) ;
#2343 = CARTESIAN_POINT ( 'NONE',  ( -9.299999999999968736, -6.000000000000000000, 23.25598270084804753 ) ) ;
#2344 = AXIS2_PLACEMENT_3D ( 'NONE', #2731, #2293, #4425 ) ;
#2345 = EDGE_LOOP ( 'NONE', ( #3617, #2868 ) ) ;
#2346 = DIRECTION ( 'NONE',  ( 0.000000000000000000, 0.000000000000000000, 1.000000000000000000 ) ) ;
#2347 = CARTESIAN_POINT ( 'NONE',  ( -78.39999999999999147, -13.20000000000000462, 17.31828170427217373 ) ) ;
#2348 = ADVANCED_FACE ( 'NONE', ( #2773 ), #1502, .F. ) ;
#2349 = DIRECTION ( 'NONE',  ( -0.000000000000000000, -1.000000000000000000, -0.000000000000000000 ) ) ;
#2350 = CARTESIAN_POINT ( 'NONE',  ( 81.00000000000001421, 2.000000000000001776, 21.90598270084813493 ) ) ;
#2351 = VERTEX_POINT ( 'NONE', #3729 ) ;
#2352 = VECTOR ( 'NONE', #4644, 1000.000000000000114 ) ;
#2353 = CARTESIAN_POINT ( 'NONE',  ( 11.00000000000000178, 2.000000000000000000, -11.00000000000000000 ) ) ;
#2354 = LINE ( 'NONE', #1577, #4781 ) ;
#2355 = DIRECTION ( 'NONE',  ( -0.000000000000000000, -1.000000000000000000, -0.000000000000000000 ) ) ;
#2356 = DIRECTION ( 'NONE',  ( -0.000000000000000000, 1.000000000000000000, -0.000000000000000000 ) ) ;
#2357 = EDGE_CURVE ( 'NONE', #113, #3578, #3292, .T. ) ;
#2358 = ORIENTED_EDGE ( 'NONE', *, *, #1407, .T. ) ;
#2359 = EDGE_LOOP ( 'NONE', ( #885, #2753, #1364, #5078 ) ) ;
#2360 = ORIENTED_EDGE ( 'NONE', *, *, #135, .T. ) ;
#2361 = LINE ( 'NONE', #2417, #3231 ) ;
#2362 = CARTESIAN_POINT ( 'NONE',  ( 7.800000000000019362, 0.000000000000000000, 34.42555455687872978 ) ) ;
#2363 = CARTESIAN_POINT ( 'NONE',  ( -59.00000000000001421, 0.000000000000000000, 96.64389535271806153 ) ) ;
#2364 = ORIENTED_EDGE ( 'NONE', *, *, #3484, .T. ) ;
#2365 = VERTEX_POINT ( 'NONE', #4586 ) ;
#2366 = CARTESIAN_POINT ( 'NONE',  ( 10.00000000000001243, 0.000000000000000000, 7.000000000000000000 ) ) ;
#2367 = LINE ( 'NONE', #2314, #4410 ) ;
#2368 = LINE ( 'NONE', #562, #4440 ) ;
#2369 = EDGE_CURVE ( 'NONE', #4010, #4816, #4040, .T. ) ;
#2370 = EDGE_LOOP ( 'NONE', ( #3868, #3001, #4468, #5077 ) ) ;
#2371 = EDGE_CURVE ( 'NONE', #1782, #1615, #4500, .T. ) ;
#2372 = CARTESIAN_POINT ( 'NONE',  ( 46.99999999999997158, 5.000000000000000000, 96.99999999999997158 ) ) ;
#2373 = DIRECTION ( 'NONE',  ( 0.000000000000000000, 1.000000000000000000, 0.000000000000000000 ) ) ;
#2374 = VECTOR ( 'NONE', #275, 1000.000000000000000 ) ;
#2375 = CARTESIAN_POINT ( 'NONE',  ( -13.49413252741967639, 2.200000000000000178, 84.36943672286245999 ) ) ;
#2376 = CARTESIAN_POINT ( 'NONE',  ( 9.300000000000030909, 0.000000000000000000, 20.60598270084804895 ) ) ;
#2377 = AXIS2_PLACEMENT_3D ( 'NONE', #3082, #4521, #919 ) ;
#2378 = ORIENTED_EDGE ( 'NONE', *, *, #951, .F. ) ;
#2379 = CARTESIAN_POINT ( 'NONE',  ( 9.000000000000005329, 0.000000000000000000, 10.99999999999999467 ) ) ;
#2380 = CARTESIAN_POINT ( 'NONE',  ( 78.65372625720931410, 3.000000000000000000, -19.18496334061024200 ) ) ;
#2381 = DIRECTION ( 'NONE',  ( 0.000000000000000000, 0.000000000000000000, -1.000000000000000000 ) ) ;
#2382 = AXIS2_PLACEMENT_3D ( 'NONE', #1741, #3509, #1116 ) ;
#2383 = ORIENTED_EDGE ( 'NONE', *, *, #4276, .F. ) ;
#2384 = ORIENTED_EDGE ( 'NONE', *, *, #5109, .F. ) ;
#2385 = VERTEX_POINT ( 'NONE', #187 ) ;
#2386 = DIRECTION ( 'NONE',  ( 0.000000000000000000, 0.7071067811865475727, 0.7071067811865475727 ) ) ;
#2387 = EDGE_CURVE ( 'NONE', #3695, #614, #5448, .T. ) ;
#2388 = CARTESIAN_POINT ( 'NONE',  ( 15.00000000000025402, 5.000000000000000888, 87.00000000000012790 ) ) ;
#2389 = CARTESIAN_POINT ( 'NONE',  ( -56.00000000000002132, 5.000000000000000000, 96.25076433052301184 ) ) ;
#2390 = ORIENTED_EDGE ( 'NONE', *, *, #5124, .F. ) ;
#2391 = ORIENTED_EDGE ( 'NONE', *, *, #1488, .F. ) ;
#2392 = VECTOR ( 'NONE', #2997, 1000.000000000000000 ) ;
#2393 = EDGE_LOOP ( 'NONE', ( #4241, #4136, #5289, #5307 ) ) ;
#2394 = LINE ( 'NONE', #1051, #5302 ) ;
#2395 = DIRECTION ( 'NONE',  ( 0.000000000000000000, 1.000000000000000000, 0.000000000000000000 ) ) ;
#2396 = CARTESIAN_POINT ( 'NONE',  ( 16.51554445662303294, 2.200000000000000178, 84.37500000000012790 ) ) ;
#2397 = AXIS2_PLACEMENT_3D ( 'NONE', #150, #5016, #176 ) ;
#2398 = ORIENTED_EDGE ( 'NONE', *, *, #2720, .F. ) ;
#2399 = AXIS2_PLACEMENT_3D ( 'NONE', #4655, #3412, #308 ) ;
#2400 = ADVANCED_FACE ( 'NONE', ( #3264 ), #3233, .F. ) ;
#2401 = CIRCLE ( 'NONE', #2214, 1.249999999999999334 ) ;
#2402 = CARTESIAN_POINT ( 'NONE',  ( -6.297834196403959695, 2.500000000000000000, 20.62425347127641118 ) ) ;
#2403 = LINE ( 'NONE', #2813, #842 ) ;
#2404 = EDGE_CURVE ( 'NONE', #4397, #2449, #4534, .T. ) ;
#2405 = CARTESIAN_POINT ( 'NONE',  ( 0.000000000000000000, 2.200000000000000178, 0.000000000000000000 ) ) ;
#2406 = LINE ( 'NONE', #4661, #2066 ) ;
#2407 = VECTOR ( 'NONE', #5535, 1000.000000000000000 ) ;
#2408 = EDGE_CURVE ( 'NONE', #3358, #223, #1956, .T. ) ;
#2409 = ORIENTED_EDGE ( 'NONE', *, *, #2036, .T. ) ;
#2410 = AXIS2_PLACEMENT_3D ( 'NONE', #2724, #1821, #5286 ) ;
#2411 = DIRECTION ( 'NONE',  ( -2.673639354406769807E-16, 0.000000000000000000, -1.000000000000000000 ) ) ;
#2412 = DIRECTION ( 'NONE',  ( 0.000000000000000000, 1.000000000000000000, 0.000000000000000000 ) ) ;
#2413 = CARTESIAN_POINT ( 'NONE',  ( -9.299999999999968736, 2.500000000000000444, 20.60598270084804895 ) ) ;
#2414 = ORIENTED_EDGE ( 'NONE', *, *, #305, .T. ) ;
#2415 = ORIENTED_EDGE ( 'NONE', *, *, #3257, .T. ) ;
#2416 = ORIENTED_EDGE ( 'NONE', *, *, #4699, .F. ) ;
#2417 = CARTESIAN_POINT ( 'NONE',  ( -13.47479911202610481, 2.200000000000000178, 89.61940112455596363 ) ) ;
#2418 = EDGE_CURVE ( 'NONE', #4931, #4297, #4997, .T. ) ;
#2419 = CARTESIAN_POINT ( 'NONE',  ( -7.799999999999958078, -6.000000000000000000, 33.42555455687870136 ) ) ;
#2420 = ORIENTED_EDGE ( 'NONE', *, *, #1892, .T. ) ;
#2421 = EDGE_LOOP ( 'NONE', ( #5348, #4885, #5021, #2740 ) ) ;
#2422 = EDGE_LOOP ( 'NONE', ( #3563, #4121, #3151, #4029 ) ) ;
#2423 = EDGE_CURVE ( 'NONE', #5221, #4613, #104, .T. ) ;
#2424 = DIRECTION ( 'NONE',  ( -0.001975404771559554577, 0.000000000000000000, 0.9999980488860907846 ) ) ;
#2425 = AXIS2_PLACEMENT_3D ( 'NONE', #5285, #110, #3588 ) ;
#2426 = LINE ( 'NONE', #1539, #997 ) ;
#2427 = FACE_OUTER_BOUND ( 'NONE', #30, .T. ) ;
#2428 = EDGE_CURVE ( 'NONE', #1312, #3358, #2686, .T. ) ;
#2429 = ADVANCED_FACE ( 'NONE', ( #1074, #4964 ), #584, .T. ) ;
#2430 = VERTEX_POINT ( 'NONE', #5482 ) ;
#2431 = CIRCLE ( 'NONE', #5565, 1.250000000000001110 ) ;
#2432 = CARTESIAN_POINT ( 'NONE',  ( -9.299999999999968736, -1.000000000000013101, 20.60598270084804895 ) ) ;
#2433 = CARTESIAN_POINT ( 'NONE',  ( -9.299999999999968736, -6.000000000000000000, 28.92555455687870847 ) ) ;
#2434 = CARTESIAN_POINT ( 'NONE',  ( 45.24999999999977263, 10.00000000000000000, 45.50000000000012079 ) ) ;
#2435 = DIRECTION ( 'NONE',  ( 0.000000000000000000, 0.000000000000000000, -1.000000000000000000 ) ) ;
#2436 = EDGE_LOOP ( 'NONE', ( #1728, #1655, #2398, #292, #5568, #2540, #5537, #3351 ) ) ;
#2437 = CYLINDRICAL_SURFACE ( 'NONE', #2590, 1.249999999999999334 ) ;
#2438 = CARTESIAN_POINT ( 'NONE',  ( 7.798889300106999656, 5.000000000000000000, 18.00598270084807240 ) ) ;
#2439 = CARTESIAN_POINT ( 'NONE',  ( -2.250000000000000444, 2.000000000000000000, -0.4999999999999987232 ) ) ;
#2440 = ORIENTED_EDGE ( 'NONE', *, *, #3244, .F. ) ;
#2441 = ORIENTED_EDGE ( 'NONE', *, *, #5281, .F. ) ;
#2442 = EDGE_CURVE ( 'NONE', #1326, #894, #4097, .T. ) ;
#2443 = ORIENTED_EDGE ( 'NONE', *, *, #5679, .T. ) ;
#2444 = VECTOR ( 'NONE', #874, 1000.000000000000000 ) ;
#2445 = DIRECTION ( 'NONE',  ( -1.000000000000000000, -0.000000000000000000, -0.000000000000000000 ) ) ;
#2446 = LINE ( 'NONE', #779, #4257 ) ;
#2447 = AXIS2_PLACEMENT_3D ( 'NONE', #3534, #4888, #4857 ) ;
#2448 =( REPRESENTATION_RELATIONSHIP ('NONE','NONE', #3540, #3942 ) REPRESENTATION_RELATIONSHIP_WITH_TRANSFORMATION ( #992 )SHAPE_REPRESENTATION_RELATIONSHIP( ) );
#2449 = VERTEX_POINT ( 'NONE', #1470 ) ;
#2450 = ORIENTED_EDGE ( 'NONE', *, *, #2126, .F. ) ;
#2451 = VERTEX_POINT ( 'NONE', #4124 ) ;
#2452 = LINE ( 'NONE', #4300, #4609 ) ;
#2453 = DIRECTION ( 'NONE',  ( -0.000000000000000000, 1.000000000000000000, -0.000000000000000000 ) ) ;
#2454 = CARTESIAN_POINT ( 'NONE',  ( -9.299999999999998934, 2.000000000000000000, -9.299999999999997158 ) ) ;
#2455 = ORIENTED_EDGE ( 'NONE', *, *, #2994, .F. ) ;
#2456 = ADVANCED_FACE ( 'NONE', ( #3782 ), #244, .F. ) ;
#2457 = CARTESIAN_POINT ( 'NONE',  ( 10.00000000000001243, 2.000000000000000000, 7.000000000000000000 ) ) ;
#2458 = CARTESIAN_POINT ( 'NONE',  ( -7.814740049539647515, 2.500000000000000000, 23.21506993834929844 ) ) ;
#2459 = LINE ( 'NONE', #3879, #1734 ) ;
#2460 = FACE_BOUND ( 'NONE', #5457, .T. ) ;
#2461 = EDGE_CURVE ( 'NONE', #1227, #219, #1158, .T. ) ;
#2462 = CARTESIAN_POINT ( 'NONE',  ( 47.00000000000000000, 2.500000000000000000, 101.0000000000000000 ) ) ;
#2463 = ORIENTED_EDGE ( 'NONE', *, *, #2038, .F. ) ;
#2464 = CIRCLE ( 'NONE', #1737, 1.000000000000000888 ) ;
#2465 = AXIS2_PLACEMENT_3D ( 'NONE', #1591, #2542, #306 ) ;
#2466 = DIRECTION ( 'NONE',  ( 0.000000000000000000, 1.000000000000000000, 0.000000000000000000 ) ) ;
#2467 = DIRECTION ( 'NONE',  ( -0.0007031544687453806152, 0.000000000000000000, -0.9999997527868660363 ) ) ;
#2468 = LINE ( 'NONE', #5017, #1555 ) ;
#2469 = DIRECTION ( 'NONE',  ( -0.000000000000000000, -1.000000000000000000, -0.000000000000000000 ) ) ;
#2470 = VECTOR ( 'NONE', #744, 1000.000000000000114 ) ;
#2471 = VERTEX_POINT ( 'NONE', #3435 ) ;
#2472 = ORIENTED_EDGE ( 'NONE', *, *, #542, .F. ) ;
#2473 = FACE_OUTER_BOUND ( 'NONE', #2436, .T. ) ;
#2474 = ADVANCED_FACE ( 'NONE', ( #3376 ), #2537, .F. ) ;
#2475 = AXIS2_PLACEMENT_3D ( 'NONE', #4391, #4835, #4487 ) ;
#2476 = CARTESIAN_POINT ( 'NONE',  ( 0.5000000000000004441, 5.000000000000000000, -3.870000000000000107 ) ) ;
#2477 = ADVANCED_FACE ( 'NONE', ( #297 ), #2942, .F. ) ;
#2478 = FACE_BOUND ( 'NONE', #824, .T. ) ;
#2479 = ADVANCED_FACE ( 'NONE', ( #5189 ), #4268, .F. ) ;
#2480 = ORIENTED_EDGE ( 'NONE', *, *, #892, .F. ) ;
#2481 = VECTOR ( 'NONE', #5250, 1000.000000000000000 ) ;
#2482 = VERTEX_POINT ( 'NONE', #4702 ) ;
#2483 = VERTEX_POINT ( 'NONE', #5508 ) ;
#2484 = DIRECTION ( 'NONE',  ( -0.000000000000000000, 1.000000000000000000, -0.000000000000000000 ) ) ;
#2485 = PLANE ( 'NONE',  #2002 ) ;
#2486 = DIRECTION ( 'NONE',  ( 0.000000000000000000, 0.000000000000000000, 1.000000000000000000 ) ) ;
#2487 = VECTOR ( 'NONE', #3160, 1000.000000000000000 ) ;
#2488 = ORIENTED_EDGE ( 'NONE', *, *, #4360, .F. ) ;
#2489 = CARTESIAN_POINT ( 'NONE',  ( 80.99999999999998579, 3.000000000000000000, 16.07084973300741382 ) ) ;
#2490 = CARTESIAN_POINT ( 'NONE',  ( 61.00000000000000000, 5.000000000000000000, 110.0000000000000000 ) ) ;
#2491 = CYLINDRICAL_SURFACE ( 'NONE', #4318, 2.649999999999999467 ) ;
#2492 = VECTOR ( 'NONE', #2562, 1000.000000000000000 ) ;
#2493 = LINE ( 'NONE', #5578, #5001 ) ;
#2494 = VECTOR ( 'NONE', #1346, 1000.000000000000000 ) ;
#2495 = EDGE_CURVE ( 'NONE', #3723, #3955, #2886, .T. ) ;
#2496 = EDGE_LOOP ( 'NONE', ( #5162, #4737, #658, #979 ) ) ;
#2497 = CARTESIAN_POINT ( 'NONE',  ( -61.00000000000002132, 1.999999999999998224, 110.0000000000000000 ) ) ;
#2498 = DIRECTION ( 'NONE',  ( -1.000000000000000000, 0.000000000000000000, 3.466879843239611994E-15 ) ) ;
#2499 = AXIS2_PLACEMENT_3D ( 'NONE', #4501, #1015, #2239 ) ;
#2500 = DIRECTION ( 'NONE',  ( -0.5025931071720263210, 0.000000000000000000, 0.8645230873858535947 ) ) ;
#2501 = DIRECTION ( 'NONE',  ( -2.673639354406774245E-16, 0.000000000000000000, 1.000000000000000000 ) ) ;
#2502 = AXIS2_PLACEMENT_3D ( 'NONE', #5175, #2184, #5093 ) ;
#2503 = VECTOR ( 'NONE', #2273, 1000.000000000000114 ) ;
#2504 = ORIENTED_EDGE ( 'NONE', *, *, #649, .F. ) ;
#2505 = ORIENTED_EDGE ( 'NONE', *, *, #434, .F. ) ;
#2506 = CARTESIAN_POINT ( 'NONE',  ( -78.99999999999998579, 10.00000000000000000, -30.00000000000000000 ) ) ;
#2507 = VECTOR ( 'NONE', #3327, 1000.000000000000000 ) ;
#2508 = CARTESIAN_POINT ( 'NONE',  ( -10.00000000000000178, 0.000000000000000000, 7.000000000000002665 ) ) ;
#2509 = EDGE_CURVE ( 'NONE', #3009, #5504, #2013, .T. ) ;
#2510 = PRODUCT_DEFINITION_SHAPE ( 'NONE', 'NONE',  #4895 ) ;
#2511 = VERTEX_POINT ( 'NONE', #1133 ) ;
#2512 = ORIENTED_EDGE ( 'NONE', *, *, #1252, .T. ) ;
#2513 = EDGE_LOOP ( 'NONE', ( #628, #1710, #416, #278 ) ) ;
#2514 = ADVANCED_FACE ( 'NONE', ( #2478, #5591, #3838 ), #752, .T. ) ;
#2515 = CARTESIAN_POINT ( 'NONE',  ( -51.00000000000003553, 5.000000000000000000, 101.0000000000000142 ) ) ;
#2516 = DIRECTION ( 'NONE',  ( 0.000000000000000000, 0.000000000000000000, 1.000000000000000000 ) ) ;
#2517 = CARTESIAN_POINT ( 'NONE',  ( 76.00000000000000000, 10.00000000000000000, -30.00000000000000000 ) ) ;
#2518 = ORIENTED_EDGE ( 'NONE', *, *, #4617, .F. ) ;
#2519 = EDGE_CURVE ( 'NONE', #4467, #4831, #2446, .T. ) ;
#2520 = CYLINDRICAL_SURFACE ( 'NONE', #349, 1.249999999999999334 ) ;
#2521 = DIRECTION ( 'NONE',  ( 0.000000000000000000, -1.000000000000000000, 0.000000000000000000 ) ) ;
#2522 = DIRECTION ( 'NONE',  ( 0.5773502691896265082, -0.5773502691896241767, -0.5773502691896265082 ) ) ;
#2523 = DIRECTION ( 'NONE',  ( 0.000000000000000000, 1.000000000000000000, 0.000000000000000000 ) ) ;
#2524 = DIRECTION ( 'NONE',  ( -0.000000000000000000, -1.000000000000000000, -0.000000000000000000 ) ) ;
#2525 = ORIENTED_EDGE ( 'NONE', *, *, #1999, .T. ) ;
#2526 = EDGE_CURVE ( 'NONE', #5587, #5390, #4646, .T. ) ;
#2527 = LINE ( 'NONE', #2497, #2961 ) ;
#2528 = FACE_OUTER_BOUND ( 'NONE', #4474, .T. ) ;
#2529 = VECTOR ( 'NONE', #4522, 1000.000000000000000 ) ;
#2530 = DIRECTION ( 'NONE',  ( 0.000000000000000000, -0.000000000000000000, -1.000000000000000000 ) ) ;
#2531 = DIRECTION ( 'NONE',  ( 0.000000000000000000, 0.000000000000000000, -1.000000000000000000 ) ) ;
#2532 = AXIS2_PLACEMENT_3D ( 'NONE', #1970, #3279, #5070 ) ;
#2533 = EDGE_LOOP ( 'NONE', ( #2910, #5439, #4037, #463 ) ) ;
#2534 = ORIENTED_EDGE ( 'NONE', *, *, #4581, .F. ) ;
#2535 = CARTESIAN_POINT ( 'NONE',  ( 3.750000000000000888, 4.000000000000000000, -0.4999999999999987232 ) ) ;
#2536 = EDGE_CURVE ( 'NONE', #1788, #5391, #1669, .T. ) ;
#2537 = CYLINDRICAL_SURFACE ( 'NONE', #211, 1.250000000000001110 ) ;
#2538 = EDGE_LOOP ( 'NONE', ( #4350, #2977, #1907, #510 ) ) ;
#2539 = AXIS2_PLACEMENT_3D ( 'NONE', #4415, #1332, #475 ) ;
#2540 = ORIENTED_EDGE ( 'NONE', *, *, #616, .F. ) ;
#2541 = VERTEX_POINT ( 'NONE', #1638 ) ;
#2542 = DIRECTION ( 'NONE',  ( 0.000000000000000000, -1.000000000000000000, 0.000000000000000000 ) ) ;
#2543 = EDGE_CURVE ( 'NONE', #3839, #2351, #721, .T. ) ;
#2544 = CARTESIAN_POINT ( 'NONE',  ( 79.00000000000004263, 5.000000000000000000, -30.00000000000000000 ) ) ;
#2545 = CARTESIAN_POINT ( 'NONE',  ( -78.65372625720931410, 10.00000000000000000, -22.18718474039629385 ) ) ;
#2546 = AXIS2_PLACEMENT_3D ( 'NONE', #5092, #4251, #792 ) ;
#2547 = VERTEX_POINT ( 'NONE', #3758 ) ;
#2548 = CARTESIAN_POINT ( 'NONE',  ( 6.297778600213984390, 5.000000000000000000, 20.60598270084805250 ) ) ;
#2549 = CARTESIAN_POINT ( 'NONE',  ( 9.300000000000030909, -6.000000000000000000, 21.85598270084804895 ) ) ;
#2550 = LINE ( 'NONE', #365, #3366 ) ;
#2551 = DIRECTION ( 'NONE',  ( -0.000000000000000000, 1.000000000000000000, -0.000000000000000000 ) ) ;
#2552 = EDGE_CURVE ( 'NONE', #3946, #443, #5160, .T. ) ;
#2553 = EDGE_CURVE ( 'NONE', #175, #4065, #4210, .T. ) ;
#2554 = EDGE_LOOP ( 'NONE', ( #1552, #5108, #1480, #1980 ) ) ;
#2555 = CARTESIAN_POINT ( 'NONE',  ( -14.99999999999974598, 5.000000000000000888, 85.75000000000012790 ) ) ;
#2556 = PLANE ( 'NONE',  #4240 ) ;
#2557 = EDGE_CURVE ( 'NONE', #1304, #2684, #3349, .T. ) ;
#2558 = CARTESIAN_POINT ( 'NONE',  ( -7.799999999999958078, -1.000000000000028644, 33.42555455687870136 ) ) ;
#2559 = DIRECTION ( 'NONE',  ( 1.445602896647339163E-16, 0.000000000000000000, 1.000000000000000000 ) ) ;
#2560 = PRODUCT_DEFINITION_SHAPE ( 'NONE', 'NONE',  #808 ) ;
#2561 = ORIENTED_EDGE ( 'NONE', *, *, #4671, .T. ) ;
#2562 = DIRECTION ( 'NONE',  ( -0.000000000000000000, -1.000000000000000000, -0.000000000000000000 ) ) ;
#2563 = VECTOR ( 'NONE', #1702, 1000.000000000000000 ) ;
#2564 = CARTESIAN_POINT ( 'NONE',  ( 61.00000000000000000, 2.000000000000001776, 96.90598270084817045 ) ) ;
#2565 = ORIENTED_EDGE ( 'NONE', *, *, #3154, .F. ) ;
#2566 = ORIENTED_EDGE ( 'NONE', *, *, #3576, .T. ) ;
#2567 = VECTOR ( 'NONE', #4491, 1000.000000000000114 ) ;
#2568 = EDGE_LOOP ( 'NONE', ( #4160, #953, #1537, #4511 ) ) ;
#2569 = EDGE_CURVE ( 'NONE', #169, #4476, #5106, .T. ) ;
#2570 = EDGE_CURVE ( 'NONE', #4597, #2582, #863, .T. ) ;
#2571 = CARTESIAN_POINT ( 'NONE',  ( -7.799999999999968736, 0.000000000000000000, 31.92555455687869781 ) ) ;
#2572 = DIRECTION ( 'NONE',  ( -1.692413147294447942E-16, -0.000000000000000000, 1.000000000000000000 ) ) ;
#2573 = VECTOR ( 'NONE', #1623, 1000.000000000000000 ) ;
#2574 = ORIENTED_EDGE ( 'NONE', *, *, #5590, .T. ) ;
#2575 = ORIENTED_EDGE ( 'NONE', *, *, #3154, .T. ) ;
#2576 = DIRECTION ( 'NONE',  ( 0.000000000000000000, 0.000000000000000000, -1.000000000000000000 ) ) ;
#2577 = FACE_OUTER_BOUND ( 'NONE', #4564, .T. ) ;
#2578 = CARTESIAN_POINT ( 'NONE',  ( 78.65372625720931410, 10.00000000000000000, -23.43718474039629385 ) ) ;
#2579 = DIRECTION ( 'NONE',  ( 0.000000000000000000, -1.000000000000000000, 0.000000000000000000 ) ) ;
#2580 = EDGE_CURVE ( 'NONE', #5366, #1810, #1243, .T. ) ;
#2581 = VERTEX_POINT ( 'NONE', #3896 ) ;
#2582 = VERTEX_POINT ( 'NONE', #1808 ) ;
#2583 = ADVANCED_FACE ( 'NONE', ( #4349 ), #2621, .F. ) ;
#2584 = VECTOR ( 'NONE', #5644, 1000.000000000000000 ) ;
#2585 = CARTESIAN_POINT ( 'NONE',  ( -78.64472903534151271, 3.000000000000000000, -25.18939265846792352 ) ) ;
#2586 = CARTESIAN_POINT ( 'NONE',  ( -8.999999999999994671, 0.000000000000000000, 8.000000000000008882 ) ) ;
#2587 = CARTESIAN_POINT ( 'NONE',  ( -78.64472903534151271, 3.000000000000000000, -25.18939265846792352 ) ) ;
#2588 = DIRECTION ( 'NONE',  ( -0.000000000000000000, -1.000000000000000000, -0.000000000000000000 ) ) ;
#2589 = EDGE_CURVE ( 'NONE', #5555, #4642, #1349, .T. ) ;
#2590 = AXIS2_PLACEMENT_3D ( 'NONE', #2004, #3774, #4953 ) ;
#2591 = ORIENTED_EDGE ( 'NONE', *, *, #4842, .F. ) ;
#2592 = AXIS2_PLACEMENT_3D ( 'NONE', #4302, #3846, #814 ) ;
#2593 = CARTESIAN_POINT ( 'NONE',  ( -78.66272347907712970, 0.000000000000000000, -19.18497682232466417 ) ) ;
#2594 = DIRECTION ( 'NONE',  ( -0.000000000000000000, -1.000000000000000000, -0.000000000000000000 ) ) ;
#2595 = VECTOR ( 'NONE', #2356, 1000.000000000000000 ) ;
#2596 = EDGE_LOOP ( 'NONE', ( #2853, #2161, #71, #1080 ) ) ;
#2597 = ORIENTED_EDGE ( 'NONE', *, *, #3350, .T. ) ;
#2598 = ORIENTED_EDGE ( 'NONE', *, *, #1239, .F. ) ;
#2599 = AXIS2_PLACEMENT_3D ( 'NONE', #5178, #2524, #1625 ) ;
#2600 = EDGE_CURVE ( 'NONE', #4589, #2365, #5303, .T. ) ;
#2601 = DIRECTION ( 'NONE',  ( -0.000000000000000000, -1.000000000000000000, -0.000000000000000000 ) ) ;
#2602 = CARTESIAN_POINT ( 'NONE',  ( 56.00000000000000000, 5.000000000000000000, 105.0000000000000000 ) ) ;
#2603 = ORIENTED_EDGE ( 'NONE', *, *, #2321, .T. ) ;
#2604 = ORIENTED_EDGE ( 'NONE', *, *, #2495, .F. ) ;
#2605 = ADVANCED_FACE ( 'NONE', ( #4867 ), #890, .F. ) ;
#2606 = FACE_OUTER_BOUND ( 'NONE', #4369, .T. ) ;
#2607 = DIRECTION ( 'NONE',  ( -0.000000000000000000, 1.000000000000000000, -0.000000000000000000 ) ) ;
#2608 = DIRECTION ( 'NONE',  ( 1.000000000000000000, 0.000000000000000000, 0.000000000000000000 ) ) ;
#2609 = EDGE_CURVE ( 'NONE', #4377, #4589, #4007, .T. ) ;
#2610 = CARTESIAN_POINT ( 'NONE',  ( -42.99999999999980105, 5.000000000000000000, 4.500000000000142997 ) ) ;
#2611 = ORIENTED_EDGE ( 'NONE', *, *, #4027, .F. ) ;
#2612 = ORIENTED_EDGE ( 'NONE', *, *, #4932, .T. ) ;
#2613 = FACE_OUTER_BOUND ( 'NONE', #142, .T. ) ;
#2614 = CARTESIAN_POINT ( 'NONE',  ( 81.00000000000001421, 3.000000000000000000, 21.90598270084813493 ) ) ;
#2615 = DIRECTION ( 'NONE',  ( 0.000000000000000000, -1.000000000000000000, 0.000000000000000000 ) ) ;
#2616 = CARTESIAN_POINT ( 'NONE',  ( 12.30222139978607743, 5.000000000000000000, 20.60598270084806316 ) ) ;
#2617 = ORIENTED_EDGE ( 'NONE', *, *, #3813, .F. ) ;
#2618 = VECTOR ( 'NONE', #1774, 1000.000000000000000 ) ;
#2619 = CARTESIAN_POINT ( 'NONE',  ( -75.79894513005741885, 0.000000000000000000, 17.56756383145217981 ) ) ;
#2620 = DIRECTION ( 'NONE',  ( -0.000000000000000000, 1.000000000000000000, -0.000000000000000000 ) ) ;
#2621 = CYLINDRICAL_SURFACE ( 'NONE', #4533, 1.249999999999997558 ) ;
#2622 = VERTEX_POINT ( 'NONE', #378 ) ;
#2623 = EDGE_CURVE ( 'NONE', #4229, #2581, #4623, .T. ) ;
#2624 = ORIENTED_EDGE ( 'NONE', *, *, #5081, .F. ) ;
#2625 = ORIENTED_EDGE ( 'NONE', *, *, #5242, .T. ) ;
#2626 = DIRECTION ( 'NONE',  ( 0.000000000000000000, -0.7071067811865364705, 0.7071067811865584529 ) ) ;
#2627 = LINE ( 'NONE', #501, #2481 ) ;
#2628 = DIRECTION ( 'NONE',  ( 0.000000000000000000, 0.000000000000000000, -1.000000000000000000 ) ) ;
#2629 = ORIENTED_EDGE ( 'NONE', *, *, #1024, .T. ) ;
#2630 = CARTESIAN_POINT ( 'NONE',  ( 46.99999999999997868, 2.500000000000000000, 98.00000000000000000 ) ) ;
#2631 = PLANE ( 'NONE',  #447 ) ;
#2632 =( LENGTH_UNIT ( ) NAMED_UNIT ( * ) SI_UNIT ( .MILLI., .METRE. ) );
#2633 = DIRECTION ( 'NONE',  ( 0.2576626505603321626, -0.000000000000000000, 0.9662349396012462899 ) ) ;
#2634 = ORIENTED_EDGE ( 'NONE', *, *, #5373, .F. ) ;
#2635 = EDGE_CURVE ( 'NONE', #1581, #2883, #1293, .T. ) ;
#2636 = ORIENTED_EDGE ( 'NONE', *, *, #2635, .F. ) ;
#2637 = VECTOR ( 'NONE', #1142, 1000.000000000000114 ) ;
#2638 = DIRECTION ( 'NONE',  ( 0.000000000000000000, -1.000000000000000000, 0.000000000000000000 ) ) ;
#2639 = CARTESIAN_POINT ( 'NONE',  ( 0.5000000000000006661, 4.000000000000000000, -1.969999999999999973 ) ) ;
#2640 = ADVANCED_FACE ( 'NONE', ( #1323 ), #3052, .F. ) ;
#2641 = FACE_OUTER_BOUND ( 'NONE', #3409, .T. ) ;
#2642 = CARTESIAN_POINT ( 'NONE',  ( -2.249999999999999556, 4.000000000000000000, -0.4999999999999987232 ) ) ;
#2643 = ORIENTED_EDGE ( 'NONE', *, *, #3320, .F. ) ;
#2644 = CARTESIAN_POINT ( 'NONE',  ( 76.05372625720931978, 3.000000000000000000, -23.68829544028932688 ) ) ;
#2645 = FACE_OUTER_BOUND ( 'NONE', #4292, .T. ) ;
#2646 = CARTESIAN_POINT ( 'NONE',  ( 80.99702962586462718, 3.000000000000000000, 17.57452552773328236 ) ) ;
#2647 = CARTESIAN_POINT ( 'NONE',  ( -14.99999999999974598, 2.200000000000000622, 87.00000000000012790 ) ) ;
#2648 = ORIENTED_EDGE ( 'NONE', *, *, #1860, .T. ) ;
#2649 = ADVANCED_FACE ( 'NONE', ( #406 ), #1696, .F. ) ;
#2650 = ORIENTED_EDGE ( 'NONE', *, *, #3257, .F. ) ;
#2651 = VERTEX_POINT ( 'NONE', #432 ) ;
#2652 = VECTOR ( 'NONE', #4625, 1000.000000000000000 ) ;
#2653 = EDGE_CURVE ( 'NONE', #2622, #1265, #5274, .T. ) ;
#2654 = DIRECTION ( 'NONE',  ( 0.5052611553710814052, 0.000000000000000000, -0.8629664911646801606 ) ) ;
#2655 = CARTESIAN_POINT ( 'NONE',  ( 81.00000000000001421, 5.000000000000000000, 14.57059309120910306 ) ) ;
#2656 = EDGE_CURVE ( 'NONE', #5660, #2541, #495, .T. ) ;
#2657 = LINE ( 'NONE', #2219, #2869 ) ;
#2658 = EDGE_LOOP ( 'NONE', ( #4845, #1092, #740, #239 ) ) ;
#2659 = AXIS2_PLACEMENT_3D ( 'NONE', #1677, #4653, #3325 ) ;
#2660 = VERTEX_POINT ( 'NONE', #2154 ) ;
#2661 = DIRECTION ( 'NONE',  ( -0.000000000000000000, -1.000000000000000000, -0.000000000000000000 ) ) ;
#2662 = CARTESIAN_POINT ( 'NONE',  ( -9.299999999999968736, 2.500000000000000444, 19.35598270084804540 ) ) ;
#2663 = AXIS2_PLACEMENT_3D ( 'NONE', #4747, #3797, #794 ) ;
#2664 = SHAPE_DEFINITION_REPRESENTATION ( #2045, #3540 ) ;
#2665 = CARTESIAN_POINT ( 'NONE',  ( 78.39999999999999147, 10.00000000000000000, 16.06828170427217728 ) ) ;
#2666 = ORIENTED_EDGE ( 'NONE', *, *, #5081, .T. ) ;
#2667 = VERTEX_POINT ( 'NONE', #2242 ) ;
#2668 = DIRECTION ( 'NONE',  ( -0.000000000000000000, 1.000000000000000000, -0.000000000000000000 ) ) ;
#2669 = DIRECTION ( 'NONE',  ( 0.000000000000000000, 1.000000000000000000, 0.000000000000000000 ) ) ;
#2670 = LINE ( 'NONE', #2265, #2851 ) ;
#2671 = DIRECTION ( 'NONE',  ( 0.000000000000000000, 1.000000000000000000, -0.000000000000000000 ) ) ;
#2672 = EDGE_CURVE ( 'NONE', #557, #536, #123, .T. ) ;
#2673 = VECTOR ( 'NONE', #4366, 1000.000000000000000 ) ;
#2674 = EDGE_LOOP ( 'NONE', ( #2777, #4649 ) ) ;
#2675 = CARTESIAN_POINT ( 'NONE',  ( 9.000000000000005329, 0.000000000000000000, 8.000000000000007105 ) ) ;
#2676 = DIRECTION ( 'NONE',  ( 0.000000000000000000, -1.000000000000000000, 0.000000000000000000 ) ) ;
#2677 = LINE ( 'NONE', #4033, #4152 ) ;
#2678 = DIRECTION ( 'NONE',  ( 0.006085750514491136340, 0.000000000000000000, -0.9999814816488731273 ) ) ;
#2679 = AXIS2_PLACEMENT_3D ( 'NONE', #5330, #949, #522 ) ;
#2680 = AXIS2_PLACEMENT_3D ( 'NONE', #334, #3791, #5170 ) ;
#2681 = ORIENTED_EDGE ( 'NONE', *, *, #409, .F. ) ;
#2682 = ORIENTED_EDGE ( 'NONE', *, *, #2087, .T. ) ;
#2683 = VECTOR ( 'NONE', #4665, 1000.000000000000114 ) ;
#2684 = VERTEX_POINT ( 'NONE', #5243 ) ;
#2685 = LINE ( 'NONE', #2772, #4243 ) ;
#2686 = CIRCLE ( 'NONE', #574, 1.500000000000001332 ) ;
#2687 = CARTESIAN_POINT ( 'NONE',  ( 81.00000000000001421, 5.000000000000000000, 21.90598270084813493 ) ) ;
#2688 = EDGE_CURVE ( 'NONE', #2430, #3549, #3084, .T. ) ;
#2689 = CARTESIAN_POINT ( 'NONE',  ( 7.800000000000019362, -1.000000000000028644, 27.42555455687869781 ) ) ;
#2690 = ORIENTED_EDGE ( 'NONE', *, *, #1311, .F. ) ;
#2691 = VECTOR ( 'NONE', #1231, 1000.000000000000114 ) ;
#2692 = EDGE_CURVE ( 'NONE', #4803, #2430, #3977, .T. ) ;
#2693 = CARTESIAN_POINT ( 'NONE',  ( -13.49413252741967639, 0.000000000000000000, 84.36943672286245999 ) ) ;
#2694 = DIRECTION ( 'NONE',  ( 0.000000000000000000, 0.000000000000000000, -1.000000000000000000 ) ) ;
#2695 = DIRECTION ( 'NONE',  ( 1.000000000000000000, 0.000000000000000000, 0.000000000000000000 ) ) ;
#2696 = FACE_BOUND ( 'NONE', #107, .T. ) ;
#2697 = CIRCLE ( 'NONE', #222, 2.649999999999999467 ) ;
#2698 = ORIENTED_EDGE ( 'NONE', *, *, #3682, .F. ) ;
#2699 = EDGE_CURVE ( 'NONE', #1721, #2651, #4901, .T. ) ;
#2700 = VERTEX_POINT ( 'NONE', #1406 ) ;
#2701 = DIRECTION ( 'NONE',  ( -0.000000000000000000, 0.000000000000000000, 1.000000000000000000 ) ) ;
#2702 = CARTESIAN_POINT ( 'NONE',  ( -47.00000000000000000, 2.500000000000000000, 101.0000000000000000 ) ) ;
#2703 = LINE ( 'NONE', #972, #2618 ) ;
#2704 = ORIENTED_EDGE ( 'NONE', *, *, #1215, .F. ) ;
#2705 = DIRECTION ( 'NONE',  ( 0.8660254037844385966, 0.000000000000000000, -0.4999999999999998890 ) ) ;
#2706 = FACE_OUTER_BOUND ( 'NONE', #2422, .T. ) ;
#2707 = FACE_OUTER_BOUND ( 'NONE', #2288, .T. ) ;
#2708 = DIRECTION ( 'NONE',  ( -0.000000000000000000, -1.000000000000000000, -0.000000000000000000 ) ) ;
#2709 = CIRCLE ( 'NONE', #3909, 1.250000000000001110 ) ;
#2710 = ORIENTED_EDGE ( 'NONE', *, *, #731, .F. ) ;
#2711 = ORIENTED_EDGE ( 'NONE', *, *, #811, .F. ) ;
#2712 = ADVANCED_FACE ( 'NONE', ( #1463 ), #605, .T. ) ;
#2713 = VERTEX_POINT ( 'NONE', #3691 ) ;
#2714 = DIRECTION ( 'NONE',  ( 0.000000000000000000, 0.7071067811865474617, 0.7071067811865474617 ) ) ;
#2715 = LINE ( 'NONE', #3465, #2286 ) ;
#2716 = AXIS2_PLACEMENT_3D ( 'NONE', #596, #3684, #1486 ) ;
#2717 = DIRECTION ( 'NONE',  ( 0.000000000000000000, 0.000000000000000000, -1.000000000000000000 ) ) ;
#2718 = EDGE_LOOP ( 'NONE', ( #879, #1674, #5491, #5116, #2575, #4563, #4411, #42 ) ) ;
#2719 = VERTEX_POINT ( 'NONE', #4494 ) ;
#2720 = EDGE_CURVE ( 'NONE', #5660, #4831, #1835, .T. ) ;
#2721 = CARTESIAN_POINT ( 'NONE',  ( 78.39999999999999147, -13.20000000000000462, 14.81828170427217728 ) ) ;
#2722 = CARTESIAN_POINT ( 'NONE',  ( -78.65372625720931410, 3.000000000000000888, -22.18718474039629385 ) ) ;
#2723 = CARTESIAN_POINT ( 'NONE',  ( 0.000000000000000000, 0.000000000000000000, 0.000000000000000000 ) ) ;
#2724 = CARTESIAN_POINT ( 'NONE',  ( -42.99999999999980815, 5.000000000000000000, 45.50000000000012079 ) ) ;
#2725 = ORIENTED_EDGE ( 'NONE', *, *, #1267, .T. ) ;
#2726 = ORIENTED_EDGE ( 'NONE', *, *, #61, .T. ) ;
#2727 = CARTESIAN_POINT ( 'NONE',  ( 9.300000000000030909, -6.000000000000000000, 20.60598270084804895 ) ) ;
#2728 = DIRECTION ( 'NONE',  ( 0.8660254037844375974, 0.000000000000000000, -0.5000000000000019984 ) ) ;
#2729 = EDGE_CURVE ( 'NONE', #3787, #580, #2875, .T. ) ;
#2730 = DIRECTION ( 'NONE',  ( 0.000000000000000000, 0.000000000000000000, 1.000000000000000000 ) ) ;
#2731 = CARTESIAN_POINT ( 'NONE',  ( 9.300000000000030909, -1.000000000000014655, 20.60598270084804895 ) ) ;
#2732 = EDGE_CURVE ( 'NONE', #989, #2713, #5361, .T. ) ;
#2733 = ORIENTED_EDGE ( 'NONE', *, *, #1661, .T. ) ;
#2734 = DIRECTION ( 'NONE',  ( 0.000000000000000000, 0.000000000000000000, -1.000000000000000000 ) ) ;
#2735 = LINE ( 'NONE', #546, #2188 ) ;
#2736 = CARTESIAN_POINT ( 'NONE',  ( -7.999999999999986677, 0.000000000000000000, 12.00000000000000178 ) ) ;
#2737 = CARTESIAN_POINT ( 'NONE',  ( -9.299999999999968736, -6.000000000000000000, 20.60598270084804895 ) ) ;
#2738 = AXIS2_PLACEMENT_3D ( 'NONE', #2192, #1277, #4913 ) ;
#2739 = ORIENTED_EDGE ( 'NONE', *, *, #5298, .T. ) ;
#2740 = ORIENTED_EDGE ( 'NONE', *, *, #473, .F. ) ;
#2741 = EDGE_LOOP ( 'NONE', ( #4896, #157, #5239, #4323 ) ) ;
#2742 = DIRECTION ( 'NONE',  ( -1.445602896647339163E-16, -0.000000000000000000, -1.000000000000000000 ) ) ;
#2743 = DIRECTION ( 'NONE',  ( 0.000000000000000000, 0.000000000000000000, -1.000000000000000000 ) ) ;
#2744 = LINE ( 'NONE', #5484, #4526 ) ;
#2745 = ORIENTED_EDGE ( 'NONE', *, *, #1267, .F. ) ;
#2746 = VERTEX_POINT ( 'NONE', #5446 ) ;
#2747 = AXIS2_PLACEMENT_3D ( 'NONE', #3038, #4882, #2256 ) ;
#2748 = AXIS2_PLACEMENT_3D ( 'NONE', #3240, #990, #1932 ) ;
#2749 = LINE ( 'NONE', #1417, #338 ) ;
#2750 = PLANE ( 'NONE',  #3686 ) ;
#2751 = FACE_OUTER_BOUND ( 'NONE', #3773, .T. ) ;
#2752 = VECTOR ( 'NONE', #289, 1000.000000000000000 ) ;
#2753 = ORIENTED_EDGE ( 'NONE', *, *, #3068, .F. ) ;
#2754 = VECTOR ( 'NONE', #2349, 1000.000000000000000 ) ;
#2755 = DIRECTION ( 'NONE',  ( -0.6550792765434980680, -0.6550792765435002885, 0.3764867632287904331 ) ) ;
#2756 = DIRECTION ( 'NONE',  ( 0.9999814816488730163, 0.000000000000000000, 0.006085750514492286461 ) ) ;
#2757 = DIRECTION ( 'NONE',  ( 0.000000000000000000, -1.000000000000000000, 0.000000000000000000 ) ) ;
#2758 = DIRECTION ( 'NONE',  ( 0.000000000000000000, 0.000000000000000000, -1.000000000000000000 ) ) ;
#2759 = EDGE_CURVE ( 'NONE', #3401, #285, #3167, .T. ) ;
#2760 = VECTOR ( 'NONE', #4660, 1000.000000000000000 ) ;
#2761 = ORIENTED_EDGE ( 'NONE', *, *, #5155, .T. ) ;
#2762 = EDGE_CURVE ( 'NONE', #5252, #805, #2317, .T. ) ;
#2763 = LINE ( 'NONE', #4520, #1482 ) ;
#2764 = FACE_OUTER_BOUND ( 'NONE', #3624, .T. ) ;
#2765 = LINE ( 'NONE', #976, #2529 ) ;
#2766 = DIRECTION ( 'NONE',  ( 0.000000000000000000, 0.000000000000000000, -1.000000000000000000 ) ) ;
#2767 = CIRCLE ( 'NONE', #3227, 1.250000000000001110 ) ;
#2768 = ORIENTED_EDGE ( 'NONE', *, *, #843, .T. ) ;
#2769 = ORIENTED_EDGE ( 'NONE', *, *, #3184, .T. ) ;
#2770 = VERTEX_POINT ( 'NONE', #4063 ) ;
#2771 = CONICAL_SURFACE ( 'NONE', #4887, 3.000000000000002665, 0.7853981633974604915 ) ;
#2772 = CARTESIAN_POINT ( 'NONE',  ( 81.00000000000001421, 2.000000000000001776, 21.90598270084813493 ) ) ;
#2773 = FACE_OUTER_BOUND ( 'NONE', #3078, .T. ) ;
#2774 = DIRECTION ( 'NONE',  ( -0.000000000000000000, -0.000000000000000000, -1.000000000000000000 ) ) ;
#2775 = ORIENTED_EDGE ( 'NONE', *, *, #857, .F. ) ;
#2776 = VECTOR ( 'NONE', #4115, 1000.000000000000000 ) ;
#2777 = ORIENTED_EDGE ( 'NONE', *, *, #4030, .F. ) ;
#2778 = AXIS2_PLACEMENT_3D ( 'NONE', #2279, #4041, #4587 ) ;
#2779 = CARTESIAN_POINT ( 'NONE',  ( 61.00000000000000000, 5.000000000000000000, 96.90598270084817045 ) ) ;
#2780 = CARTESIAN_POINT ( 'NONE',  ( 9.300000000000030909, -6.000000000000000000, 17.95598270084804682 ) ) ;
#2781 = VECTOR ( 'NONE', #2756, 1000.000000000000114 ) ;
#2782 = DIRECTION ( 'NONE',  ( 1.000000000000000000, -0.000000000000000000, 8.673617379884193244E-16 ) ) ;
#2783 = VECTOR ( 'NONE', #1871, 1000.000000000000000 ) ;
#2784 = ORIENTED_EDGE ( 'NONE', *, *, #2909, .F. ) ;
#2785 = ADVANCED_FACE ( 'NONE', ( #2029 ), #4118, .F. ) ;
#2786 = CARTESIAN_POINT ( 'NONE',  ( 9.299999999999998934, 2.000000000000000000, -8.049999999999998934 ) ) ;
#2787 = CARTESIAN_POINT ( 'NONE',  ( 7.798889300106999656, 5.000000000000000000, 18.00598270084807240 ) ) ;
#2788 = CIRCLE ( 'NONE', #3802, 2.500000000000030198 ) ;
#2789 = DIRECTION ( 'NONE',  ( 0.000000000000000000, 0.000000000000000000, 1.000000000000000000 ) ) ;
#2790 = DIRECTION ( 'NONE',  ( -1.000000000000000000, 0.000000000000000000, 0.000000000000000000 ) ) ;
#2791 = EDGE_LOOP ( 'NONE', ( #2, #2409, #10, #859, #4497, #2648, #17 ) ) ;
#2792 = DIRECTION ( 'NONE',  ( -0.000000000000000000, -1.000000000000000000, -0.000000000000000000 ) ) ;
#2793 = CARTESIAN_POINT ( 'NONE',  ( 45.24999999999978684, 5.000000000000000000, 4.500000000000170530 ) ) ;
#2794 = DIRECTION ( 'NONE',  ( 0.000000000000000000, 1.000000000000000000, 0.000000000000000000 ) ) ;
#2795 = DIRECTION ( 'NONE',  ( -0.000000000000000000, -1.000000000000000000, -0.000000000000000000 ) ) ;
#2796 = ORIENTED_EDGE ( 'NONE', *, *, #1825, .T. ) ;
#2797 = VERTEX_POINT ( 'NONE', #179 ) ;
#2798 = EDGE_LOOP ( 'NONE', ( #519, #2245, #1700, #4412 ) ) ;
#2799 = PLANE ( 'NONE',  #1479 ) ;
#2800 = EDGE_CURVE ( 'NONE', #3665, #3451, #5019, .T. ) ;
#2801 = CARTESIAN_POINT ( 'NONE',  ( 10.99999999999999467, 2.000000000000000000, 7.000000000000000000 ) ) ;
#2802 = CARTESIAN_POINT ( 'NONE',  ( -51.00000000000004263, 5.000000000000000000, 101.0000000000000142 ) ) ;
#2803 = EDGE_CURVE ( 'NONE', #805, #4404, #1007, .T. ) ;
#2804 = VERTEX_POINT ( 'NONE', #3256 ) ;
#2805 = ORIENTED_EDGE ( 'NONE', *, *, #4517, .F. ) ;
#2806 = CIRCLE ( 'NONE', #4750, 0.9999999999999991118 ) ;
#2807 = LINE ( 'NONE', #4077, #1072 ) ;
#2808 = FACE_OUTER_BOUND ( 'NONE', #2281, .T. ) ;
#2809 = DIRECTION ( 'NONE',  ( 0.000000000000000000, 0.000000000000000000, -1.000000000000000000 ) ) ;
#2810 = MECHANICAL_DESIGN_GEOMETRIC_PRESENTATION_REPRESENTATION (  '', ( #3175 ), #4098 ) ;
#2811 = ORIENTED_EDGE ( 'NONE', *, *, #2836, .T. ) ;
#2812 = CARTESIAN_POINT ( 'NONE',  ( -78.99999999999997158, 0.000000000000000000, -24.98569401978578597 ) ) ;
#2813 = CARTESIAN_POINT ( 'NONE',  ( -50.00000000000000000, 2.500000000000000000, 110.0000000000000000 ) ) ;
#2814 = CARTESIAN_POINT ( 'NONE',  ( -14.99999999999974598, 5.000000000000000888, 87.00000000000012790 ) ) ;
#2815 = CARTESIAN_POINT ( 'NONE',  ( -75.79894513005741885, 0.000000000000000000, 17.56756383145217981 ) ) ;
#2816 = VECTOR ( 'NONE', #5488, 1000.000000000000114 ) ;
#2817 = EDGE_CURVE ( 'NONE', #777, #4554, #4464, .T. ) ;
#2818 = ORIENTED_EDGE ( 'NONE', *, *, #2408, .F. ) ;
#2819 = STYLED_ITEM ( 'NONE', ( #512 ), #55 ) ;
#2820 = LINE ( 'NONE', #629, #4158 ) ;
#2821 = LINE ( 'NONE', #2849, #4962 ) ;
#2822 = CARTESIAN_POINT ( 'NONE',  ( 55.00000000000000000, 5.000000000000000000, 110.0000000000000000 ) ) ;
#2823 = AXIS2_PLACEMENT_3D ( 'NONE', #2319, #651, #5466 ) ;
#2824 = ORIENTED_EDGE ( 'NONE', *, *, #5141, .T. ) ;
#2825 = VERTEX_POINT ( 'NONE', #4034 ) ;
#2826 = VERTEX_POINT ( 'NONE', #1432 ) ;
#2827 = DIRECTION ( 'NONE',  ( -0.9999932193701946970, 0.000000000000000000, 0.003682555313065099568 ) ) ;
#2828 = AXIS2_PLACEMENT_3D ( 'NONE', #336, #5550, #1198 ) ;
#2829 = CARTESIAN_POINT ( 'NONE',  ( -80.99894384454913165, 3.000000000000000000, 17.57122023468964045 ) ) ;
#2830 = DIRECTION ( 'NONE',  ( -1.000000000000000000, 0.000000000000000000, 0.000000000000000000 ) ) ;
#2831 = EDGE_CURVE ( 'NONE', #442, #3556, #1376, .T. ) ;
#2832 = ORIENTED_EDGE ( 'NONE', *, *, #27, .F. ) ;
#2833 = ORIENTED_EDGE ( 'NONE', *, *, #2800, .T. ) ;
#2834 = ADVANCED_FACE ( 'NONE', ( #95 ), #4662, .F. ) ;
#2835 = VERTEX_POINT ( 'NONE', #5331 ) ;
#2836 = EDGE_CURVE ( 'NONE', #2311, #989, #1496, .T. ) ;
#2837 = FACE_OUTER_BOUND ( 'NONE', #4291, .T. ) ;
#2838 = DIRECTION ( 'NONE',  ( 0.8656736124572114166, 0.000000000000000000, -0.5006088260261515321 ) ) ;
#2839 = LINE ( 'NONE', #1881, #5168 ) ;
#2840 = ORIENTED_EDGE ( 'NONE', *, *, #1218, .T. ) ;
#2841 = DIRECTION ( 'NONE',  ( -0.8663767669259530013, 0.000000000000000000, -0.4993909267607219982 ) ) ;
#2842 = DIRECTION ( 'NONE',  ( -0.8650360116844535430, 0.000000000000000000, -0.5017097751579632225 ) ) ;
#2843 = AXIS2_PLACEMENT_3D ( 'NONE', #2571, #3384, #4273 ) ;
#2844 = DIRECTION ( 'NONE',  ( -0.9999814816488731273, 0.000000000000000000, -0.006085750514491136340 ) ) ;
#2845 = CARTESIAN_POINT ( 'NONE',  ( -75.99999999999998579, 10.00000000000000000, 21.25076433052313618 ) ) ;
#2846 = AXIS2_PLACEMENT_3D ( 'NONE', #4089, #2676, #3136 ) ;
#2847 = ORIENTED_EDGE ( 'NONE', *, *, #2331, .T. ) ;
#2848 = CYLINDRICAL_SURFACE ( 'NONE', #1386, 1.000000000000000888 ) ;
#2849 = CARTESIAN_POINT ( 'NONE',  ( 7.798889300106999656, 2.500000000000000000, 18.00598270084807240 ) ) ;
#2850 = DIRECTION ( 'NONE',  ( -1.000000000000000000, 0.000000000000000000, -0.000000000000000000 ) ) ;
#2851 = VECTOR ( 'NONE', #5322, 1000.000000000000000 ) ;
#2852 = EDGE_CURVE ( 'NONE', #2351, #3784, #708, .T. ) ;
#2853 = ORIENTED_EDGE ( 'NONE', *, *, #4131, .F. ) ;
#2854 = EDGE_LOOP ( 'NONE', ( #499, #4364 ) ) ;
#2855 = ORIENTED_EDGE ( 'NONE', *, *, #1334, .T. ) ;
#2856 = EDGE_CURVE ( 'NONE', #4453, #1875, #578, .T. ) ;
#2857 = CYLINDRICAL_SURFACE ( 'NONE', #3418, 1.500000000000001332 ) ;
#2858 = ADVANCED_FACE ( 'NONE', ( #3420 ), #5658, .F. ) ;
#2859 = DIRECTION ( 'NONE',  ( 0.000000000000000000, -1.000000000000000000, 0.000000000000000000 ) ) ;
#2860 = ORIENTED_EDGE ( 'NONE', *, *, #1245, .F. ) ;
#2861 = EDGE_LOOP ( 'NONE', ( #3762, #1153 ) ) ;
#2862 = AXIS2_PLACEMENT_3D ( 'NONE', #982, #1382, #3639 ) ;
#2863 = ORIENTED_EDGE ( 'NONE', *, *, #3595, .F. ) ;
#2864 = LINE ( 'NONE', #3383, #2114 ) ;
#2865 = CARTESIAN_POINT ( 'NONE',  ( 15.00000000000025402, 2.200000000000000622, 88.25000000000012790 ) ) ;
#2866 = LINE ( 'NONE', #166, #3513 ) ;
#2867 = AXIS2_PLACEMENT_3D ( 'NONE', #5441, #3657, #1492 ) ;
#2868 = ORIENTED_EDGE ( 'NONE', *, *, #4204, .T. ) ;
#2869 = VECTOR ( 'NONE', #870, 1000.000000000000000 ) ;
#2870 = VECTOR ( 'NONE', #1176, 1000.000000000000000 ) ;
#2871 = DIRECTION ( 'NONE',  ( -1.000000000000000000, 0.000000000000000000, 0.000000000000000000 ) ) ;
#2872 = LINE ( 'NONE', #2433, #2315 ) ;
#2873 = DIRECTION ( 'NONE',  ( 0.000000000000000000, -0.000000000000000000, 1.000000000000000000 ) ) ;
#2874 = DIRECTION ( 'NONE',  ( 0.2576626505603324402, 0.000000000000000000, -0.9662349396012461789 ) ) ;
#2875 = CIRCLE ( 'NONE', #32, 3.000000000000002665 ) ;
#2876 = ADVANCED_FACE ( 'NONE', ( #848 ), #3447, .F. ) ;
#2877 = ORIENTED_EDGE ( 'NONE', *, *, #130, .T. ) ;
#2878 = CIRCLE ( 'NONE', #4259, 1.249999999999997558 ) ;
#2879 = PLANE ( 'NONE',  #3511 ) ;
#2880 = FACE_OUTER_BOUND ( 'NONE', #3302, .T. ) ;
#2881 = DIRECTION ( 'NONE',  ( 0.7040905031817162874, -0.7040905031817135118, -0.09226660641119817374 ) ) ;
#2882 = ORIENTED_EDGE ( 'NONE', *, *, #4103, .F. ) ;
#2883 = VERTEX_POINT ( 'NONE', #315 ) ;
#2884 = ORIENTED_EDGE ( 'NONE', *, *, #4294, .T. ) ;
#2885 = CARTESIAN_POINT ( 'NONE',  ( 16.51554445662301873, 2.200000000000000178, 89.62500000000012790 ) ) ;
#2886 = LINE ( 'NONE', #5564, #4897 ) ;
#2887 = ORIENTED_EDGE ( 'NONE', *, *, #3153, .T. ) ;
#2888 = EDGE_CURVE ( 'NONE', #195, #2917, #4434, .T. ) ;
#2889 = ORIENTED_EDGE ( 'NONE', *, *, #3141, .T. ) ;
#2890 = ORIENTED_EDGE ( 'NONE', *, *, #829, .F. ) ;
#2891 = DIRECTION ( 'NONE',  ( -0.8645230873858534837, 0.000000000000000000, -0.5025931071720262100 ) ) ;
#2892 = PLANE ( 'NONE',  #2944 ) ;
#2893 = DIRECTION ( 'NONE',  ( -0.000000000000000000, 1.000000000000000000, -0.000000000000000000 ) ) ;
#2894 = EDGE_LOOP ( 'NONE', ( #4093, #1853, #54, #2440 ) ) ;
#2895 = ADVANCED_FACE ( 'NONE', ( #3852 ), #3908, .F. ) ;
#2896 = AXIS2_PLACEMENT_3D ( 'NONE', #4580, #3312, #2381 ) ;
#2897 = CARTESIAN_POINT ( 'NONE',  ( -42.99999999999980105, 5.000000000000000000, 4.500000000000142997 ) ) ;
#2898 = CARTESIAN_POINT ( 'NONE',  ( 9.300000000000030909, -1.000000000000028644, 31.92555455687869070 ) ) ;
#2899 = DIRECTION ( 'NONE',  ( 0.000000000000000000, 0.000000000000000000, -1.000000000000000000 ) ) ;
#2900 = PLANE ( 'NONE',  #1790 ) ;
#2901 = DIRECTION ( 'NONE',  ( 0.000000000000000000, 1.000000000000000000, 0.000000000000000000 ) ) ;
#2902 = AXIS2_PLACEMENT_3D ( 'NONE', #5043, #5522, #2324 ) ;
#2903 = ORIENTED_EDGE ( 'NONE', *, *, #3717, .F. ) ;
#2904 = EDGE_CURVE ( 'NONE', #4959, #3267, #3365, .T. ) ;
#2905 = LINE ( 'NONE', #2031, #2683 ) ;
#2906 = LINE ( 'NONE', #3425, #2127 ) ;
#2907 = DIRECTION ( 'NONE',  ( -0.8650360116844535430, 0.000000000000000000, -0.5017097751579632225 ) ) ;
#2908 = CYLINDRICAL_SURFACE ( 'NONE', #1966, 2.649999999999999467 ) ;
#2909 = EDGE_CURVE ( 'NONE', #4642, #5366, #2060, .T. ) ;
#2910 = ORIENTED_EDGE ( 'NONE', *, *, #388, .T. ) ;
#2911 = ORIENTED_EDGE ( 'NONE', *, *, #2519, .F. ) ;
#2912 = ORIENTED_EDGE ( 'NONE', *, *, #3719, .T. ) ;
#2913 = DIRECTION ( 'NONE',  ( -0.8670114164560026593, 0.000000000000000000, 0.4982882737281260077 ) ) ;
#2914 = DIRECTION ( 'NONE',  ( 1.692413147294447942E-16, 0.000000000000000000, -1.000000000000000000 ) ) ;
#2915 = VECTOR ( 'NONE', #3186, 1000.000000000000000 ) ;
#2916 = ORIENTED_EDGE ( 'NONE', *, *, #1701, .T. ) ;
#2917 = VERTEX_POINT ( 'NONE', #2928 ) ;
#2918 = ORIENTED_EDGE ( 'NONE', *, *, #4844, .F. ) ;
#2919 = LINE ( 'NONE', #5595, #3873 ) ;
#2920 = CARTESIAN_POINT ( 'NONE',  ( 78.65372625720931410, 3.000000000000000000, -25.18940614018234925 ) ) ;
#2921 = CARTESIAN_POINT ( 'NONE',  ( -75.99999999999998579, 5.000000000000000000, 21.25076433052313618 ) ) ;
#2922 = VECTOR ( 'NONE', #79, 1000.000000000000000 ) ;
#2923 = EDGE_CURVE ( 'NONE', #837, #5364, #4627, .T. ) ;
#2924 = ORIENTED_EDGE ( 'NONE', *, *, #1163, .F. ) ;
#2925 = LINE ( 'NONE', #4684, #5586 ) ;
#2926 = DIRECTION ( 'NONE',  ( -0.6548054057393110083, 0.6548054057393085658, -0.3774384204465091597 ) ) ;
#2927 = DIRECTION ( 'NONE',  ( 0.000000000000000000, 0.000000000000000000, 1.000000000000000000 ) ) ;
#2928 = CARTESIAN_POINT ( 'NONE',  ( 45.24999999999977263, 5.000000000000000000, 45.50000000000012079 ) ) ;
#2929 = EDGE_LOOP ( 'NONE', ( #3629, #608, #1436, #351, #5191, #3864 ) ) ;
#2930 = AXIS2_PLACEMENT_3D ( 'NONE', #2544, #4301, #2218 ) ;
#2931 = DIRECTION ( 'NONE',  ( 0.000000000000000000, 0.000000000000000000, 1.000000000000000000 ) ) ;
#2932 = DIRECTION ( 'NONE',  ( 1.000000000000000000, 0.000000000000000000, 0.000000000000000000 ) ) ;
#2933 = DIRECTION ( 'NONE',  ( 1.692413147294449421E-16, 0.000000000000000000, -1.000000000000000000 ) ) ;
#2934 = DIRECTION ( 'NONE',  ( -0.2576626505603321626, 0.000000000000000000, -0.9662349396012462899 ) ) ;
#2935 = EDGE_CURVE ( 'NONE', #4212, #1817, #1945, .T. ) ;
#2936 = CIRCLE ( 'NONE', #2846, 2.250000000000008882 ) ;
#2937 = EDGE_CURVE ( 'NONE', #894, #2482, #2788, .T. ) ;
#2938 = VERTEX_POINT ( 'NONE', #4284 ) ;
#2939 = ORIENTED_EDGE ( 'NONE', *, *, #5130, .T. ) ;
#2940 = VECTOR ( 'NONE', #680, 1000.000000000000000 ) ;
#2941 = FACE_OUTER_BOUND ( 'NONE', #5659, .T. ) ;
#2942 = PLANE ( 'NONE',  #3978 ) ;
#2943 = ORIENTED_EDGE ( 'NONE', *, *, #388, .F. ) ;
#2944 = AXIS2_PLACEMENT_3D ( 'NONE', #359, #1193, #4711 ) ;
#2945 = EDGE_CURVE ( 'NONE', #1615, #3946, #3618, .T. ) ;
#2946 = EDGE_LOOP ( 'NONE', ( #2924, #3591, #1992, #3732 ) ) ;
#2947 = ORIENTED_EDGE ( 'NONE', *, *, #5096, .F. ) ;
#2948 = DIRECTION ( 'NONE',  ( -5.299285731321464636E-16, 0.000000000000000000, 1.000000000000000000 ) ) ;
#2949 = CARTESIAN_POINT ( 'NONE',  ( -16.50586747257980846, 2.200000000000000178, 89.63056327713781002 ) ) ;
#2950 = CARTESIAN_POINT ( 'NONE',  ( -80.99894384454913165, 3.000000000000000000, 17.57122023468964045 ) ) ;
#2951 = VECTOR ( 'NONE', #3334, 1000.000000000000114 ) ;
#2952 = ORIENTED_EDGE ( 'NONE', *, *, #3593, .F. ) ;
#2953 = EDGE_CURVE ( 'NONE', #3267, #2385, #1490, .T. ) ;
#2954 = LINE ( 'NONE', #4305, #3286 ) ;
#2955 = LINE ( 'NONE', #2458, #483 ) ;
#2956 = CARTESIAN_POINT ( 'NONE',  ( -45.24999999999980815, 0.000000000000000000, 45.50000000000009948 ) ) ;
#2957 = CIRCLE ( 'NONE', #471, 1.899999999999999689 ) ;
#2958 =( NAMED_UNIT ( * ) PLANE_ANGLE_UNIT ( ) SI_UNIT ( $, .RADIAN. ) );
#2959 = CARTESIAN_POINT ( 'NONE',  ( 42.99999999999977973, 5.000000000000000000, 45.50000000000012079 ) ) ;
#2960 = VECTOR ( 'NONE', #2774, 1000.000000000000000 ) ;
#2961 = VECTOR ( 'NONE', #3831, 1000.000000000000114 ) ;
#2962 = EDGE_CURVE ( 'NONE', #387, #3504, #2493, .T. ) ;
#2963 = ORIENTED_EDGE ( 'NONE', *, *, #4739, .T. ) ;
#2964 = PLANE ( 'NONE',  #5079 ) ;
#2965 = DIRECTION ( 'NONE',  ( -0.000000000000000000, -1.000000000000000000, -0.000000000000000000 ) ) ;
#2966 = VECTOR ( 'NONE', #2071, 1000.000000000000000 ) ;
#2967 = DIRECTION ( 'NONE',  ( 0.000000000000000000, 0.000000000000000000, -1.000000000000000000 ) ) ;
#2968 = CARTESIAN_POINT ( 'NONE',  ( -56.00000000000002132, 10.00000000000000000, 110.0000000000000142 ) ) ;
#2969 = VECTOR ( 'NONE', #58, 1000.000000000000114 ) ;
#2970 = AXIS2_PLACEMENT_3D ( 'NONE', #4165, #1478, #250 ) ;
#2971 = ORIENTED_EDGE ( 'NONE', *, *, #3925, .F. ) ;
#2972 = ORIENTED_EDGE ( 'NONE', *, *, #3808, .T. ) ;
#2973 = DIRECTION ( 'NONE',  ( -1.000000000000000000, 0.000000000000000000, 1.020425574104004985E-16 ) ) ;
#2974 = CARTESIAN_POINT ( 'NONE',  ( -56.00000000000002132, 10.00000000000000000, 96.25076433052301184 ) ) ;
#2975 = EDGE_LOOP ( 'NONE', ( #923, #5415, #3190, #5261 ) ) ;
#2976 = EDGE_LOOP ( 'NONE', ( #4556, #2617, #72, #2775 ) ) ;
#2977 = ORIENTED_EDGE ( 'NONE', *, *, #1456, .F. ) ;
#2978 = EDGE_CURVE ( 'NONE', #3520, #3918, #1709, .T. ) ;
#2979 = CARTESIAN_POINT ( 'NONE',  ( 46.99999999999997868, 3.999999999999988898, 98.00000000000000000 ) ) ;
#2980 = LINE ( 'NONE', #3872, #1011 ) ;
#2981 = EDGE_CURVE ( 'NONE', #137, #5560, #1685, .T. ) ;
#2982 = LINE ( 'NONE', #5224, #4892 ) ;
#2983 = VERTEX_POINT ( 'NONE', #821 ) ;
#2984 = ADVANCED_FACE ( 'NONE', ( #2987 ), #4749, .F. ) ;
#2985 = FACE_OUTER_BOUND ( 'NONE', #1428, .T. ) ;
#2986 = LINE ( 'NONE', #4719, #3490 ) ;
#2987 = FACE_OUTER_BOUND ( 'NONE', #40, .T. ) ;
#2988 = ORIENTED_EDGE ( 'NONE', *, *, #1273, .T. ) ;
#2989 = DIRECTION ( 'NONE',  ( 0.000000000000000000, 0.000000000000000000, -1.000000000000000000 ) ) ;
#2990 = LINE ( 'NONE', #1206, #4620 ) ;
#2991 = VECTOR ( 'NONE', #5664, 1000.000000000000000 ) ;
#2992 = DIRECTION ( 'NONE',  ( -0.5052611553710814052, 0.000000000000000000, 0.8629664911646801606 ) ) ;
#2993 = CARTESIAN_POINT ( 'NONE',  ( -47.00000000000000000, 5.000000000000000000, 101.0000000000000000 ) ) ;
#2994 = EDGE_CURVE ( 'NONE', #1372, #4328, #4076, .T. ) ;
#2995 = CIRCLE ( 'NONE', #2902, 3.000000000000002665 ) ;
#2996 = ORIENTED_EDGE ( 'NONE', *, *, #5563, .T. ) ;
#2997 = DIRECTION ( 'NONE',  ( -0.000000000000000000, -1.000000000000000000, -0.000000000000000000 ) ) ;
#2998 = VECTOR ( 'NONE', #1476, 1000.000000000000000 ) ;
#2999 = CARTESIAN_POINT ( 'NONE',  ( -78.65372625720931410, -13.20000000000000462, -20.93718474039629740 ) ) ;
#3000 = ORIENTED_EDGE ( 'NONE', *, *, #2589, .T. ) ;
#3001 = ORIENTED_EDGE ( 'NONE', *, *, #5216, .F. ) ;
#3002 = ORIENTED_EDGE ( 'NONE', *, *, #1800, .F. ) ;
#3003 = AXIS2_PLACEMENT_3D ( 'NONE', #2010, #3780, #5532 ) ;
#3004 = DIRECTION ( 'NONE',  ( -2.673639354406774245E-16, 0.000000000000000000, 1.000000000000000000 ) ) ;
#3005 = EDGE_CURVE ( 'NONE', #2449, #5219, #4308, .T. ) ;
#3006 = DIRECTION ( 'NONE',  ( 0.000000000000000000, 0.000000000000000000, -1.000000000000000000 ) ) ;
#3007 = EDGE_CURVE ( 'NONE', #240, #3947, #2878, .T. ) ;
#3008 = VECTOR ( 'NONE', #3093, 1000.000000000000000 ) ;
#3009 = VERTEX_POINT ( 'NONE', #4854 ) ;
#3010 = ADVANCED_FACE ( 'NONE', ( #4829 ), #1420, .F. ) ;
#3011 = CARTESIAN_POINT ( 'NONE',  ( 7.800000000000019362, -6.000000000000000000, 33.42555455687870136 ) ) ;
#3012 = FACE_OUTER_BOUND ( 'NONE', #4975, .T. ) ;
#3013 = CARTESIAN_POINT ( 'NONE',  ( -7.799999999999958078, 0.000000000000000000, 34.42555455687872978 ) ) ;
#3014 = CARTESIAN_POINT ( 'NONE',  ( -9.299999999999998934, 2.000000000000000000, -9.299999999999997158 ) ) ;
#3015 = VERTEX_POINT ( 'NONE', #4883 ) ;
#3016 = EDGE_LOOP ( 'NONE', ( #3521, #4622, #1776, #5505, #1664 ) ) ;
#3017 = CARTESIAN_POINT ( 'NONE',  ( -9.299999999999968736, -1.000000000000013101, 20.60598270084804895 ) ) ;
#3018 = DIRECTION ( 'NONE',  ( -1.692413147294446709E-16, -0.000000000000000000, 1.000000000000000000 ) ) ;
#3019 = CARTESIAN_POINT ( 'NONE',  ( -7.799999999999968736, -1.000000000000028644, 28.92555455687869781 ) ) ;
#3020 = DIRECTION ( 'NONE',  ( 0.000000000000000000, 1.000000000000000000, 0.000000000000000000 ) ) ;
#3021 = EDGE_CURVE ( 'NONE', #564, #1227, #216, .T. ) ;
#3022 = ORIENTED_EDGE ( 'NONE', *, *, #4828, .T. ) ;
#3023 = EDGE_CURVE ( 'NONE', #4114, #754, #2258, .T. ) ;
#3024 = CARTESIAN_POINT ( 'NONE',  ( 78.65372625720931410, 3.000000000000000000, -19.18496334061024200 ) ) ;
#3025 = CARTESIAN_POINT ( 'NONE',  ( -81.24921597076824753, 0.000000000000000000, -23.69608052213312277 ) ) ;
#3026 = EDGE_CURVE ( 'NONE', #5157, #404, #943, .T. ) ;
#3027 = ORIENTED_EDGE ( 'NONE', *, *, #951, .T. ) ;
#3028 = ORIENTED_EDGE ( 'NONE', *, *, #409, .T. ) ;
#3029 = ADVANCED_FACE ( 'NONE', ( #1735 ), #5345, .F. ) ;
#3030 = EDGE_CURVE ( 'NONE', #1068, #4663, #3183, .T. ) ;
#3031 = ORIENTED_EDGE ( 'NONE', *, *, #1647, .F. ) ;
#3032 = LINE ( 'NONE', #5222, #5599 ) ;
#3033 = DIRECTION ( 'NONE',  ( -0.000000000000000000, 1.000000000000000000, -0.000000000000000000 ) ) ;
#3034 = AXIS2_PLACEMENT_3D ( 'NONE', #3596, #3102, #1369 ) ;
#3035 = ORIENTED_EDGE ( 'NONE', *, *, #4902, .T. ) ;
#3036 = VERTEX_POINT ( 'NONE', #4448 ) ;
#3037 = LINE ( 'NONE', #418, #988 ) ;
#3038 = CARTESIAN_POINT ( 'NONE',  ( 9.300000000000030909, 0.000000000000000000, 20.60598270084804895 ) ) ;
#3039 = CARTESIAN_POINT ( 'NONE',  ( 78.65372625720931410, 3.000000000000000888, -22.18718474039629385 ) ) ;
#3040 = EDGE_LOOP ( 'NONE', ( #5500, #3817 ) ) ;
#3041 = EDGE_LOOP ( 'NONE', ( #3801, #615, #3512, #2698 ) ) ;
#3042 = VECTOR ( 'NONE', #3050, 1000.000000000000000 ) ;
#3043 = CARTESIAN_POINT ( 'NONE',  ( 7.798889300106999656, 2.500000000000000000, 18.00598270084807240 ) ) ;
#3044 = CARTESIAN_POINT ( 'NONE',  ( -10.78525995046028996, 5.000000000000000000, 17.99689546334679591 ) ) ;
#3045 = DIRECTION ( 'NONE',  ( 0.000000000000000000, 0.000000000000000000, 1.000000000000000000 ) ) ;
#3046 = ADVANCED_FACE ( 'NONE', ( #2751 ), #3932, .T. ) ;
#3047 = AXIS2_PLACEMENT_3D ( 'NONE', #3600, #1320, #1805 ) ;
#3048 = ORIENTED_EDGE ( 'NONE', *, *, #5295, .F. ) ;
#3049 = VECTOR ( 'NONE', #4535, 1000.000000000000000 ) ;
#3050 = DIRECTION ( 'NONE',  ( -2.673639354406769807E-16, 0.000000000000000000, -1.000000000000000000 ) ) ;
#3051 = VECTOR ( 'NONE', #2626, 1000.000000000000114 ) ;
#3052 = PLANE ( 'NONE',  #5173 ) ;
#3053 = AXIS2_PLACEMENT_3D ( 'NONE', #1898, #528, #5395 ) ;
#3054 = ORIENTED_EDGE ( 'NONE', *, *, #1703, .T. ) ;
#3055 = ORIENTED_EDGE ( 'NONE', *, *, #1800, .T. ) ;
#3056 = ORIENTED_EDGE ( 'NONE', *, *, #2888, .T. ) ;
#3057 = AXIS2_PLACEMENT_3D ( 'NONE', #4256, #341, #4689 ) ;
#3058 = CARTESIAN_POINT ( 'NONE',  ( 78.65372625720931410, 0.000000000000000000, -25.18940614018234925 ) ) ;
#3059 = LINE ( 'NONE', #439, #90 ) ;
#3060 = CYLINDRICAL_SURFACE ( 'NONE', #1576, 1.250000000000001110 ) ;
#3061 = EDGE_CURVE ( 'NONE', #465, #191, #4721, .T. ) ;
#3062 = EDGE_LOOP ( 'NONE', ( #3054, #3112, #1049, #2414 ) ) ;
#3063 = ADVANCED_FACE ( 'NONE', ( #479 ), #877, .F. ) ;
#3064 = ORIENTED_EDGE ( 'NONE', *, *, #3664, .T. ) ;
#3065 = CARTESIAN_POINT ( 'NONE',  ( 50.00000000000000000, 3.999999999999988898, 101.0000000000000142 ) ) ;
#3066 = FACE_OUTER_BOUND ( 'NONE', #3994, .T. ) ;
#3067 = DIRECTION ( 'NONE',  ( 1.000000000000000000, 0.000000000000000000, 0.000000000000000000 ) ) ;
#3068 = EDGE_CURVE ( 'NONE', #3760, #940, #3561, .T. ) ;
#3069 = CARTESIAN_POINT ( 'NONE',  ( 45.24999999999978684, 10.00000000000000000, 4.500000000000170530 ) ) ;
#3070 = ORIENTED_EDGE ( 'NONE', *, *, #3293, .F. ) ;
#3071 = ORIENTED_EDGE ( 'NONE', *, *, #2569, .F. ) ;
#3072 = LINE ( 'NONE', #880, #883 ) ;
#3073 = CARTESIAN_POINT ( 'NONE',  ( -78.65372625720931410, 3.000000000000000888, -22.18718474039629385 ) ) ;
#3074 = PLANE ( 'NONE',  #1646 ) ;
#3075 = DIRECTION ( 'NONE',  ( 0.000000000000000000, 0.000000000000000000, 1.000000000000000000 ) ) ;
#3076 = EDGE_CURVE ( 'NONE', #355, #2825, #3993, .T. ) ;
#3077 = ADVANCED_FACE ( 'NONE', ( #2285 ), #4916, .F. ) ;
#3078 = EDGE_LOOP ( 'NONE', ( #2634, #2824, #3104, #5246 ) ) ;
#3079 = CIRCLE ( 'NONE', #686, 0.9999999999999991118 ) ;
#3080 = ADVANCED_FACE ( 'NONE', ( #4386 ), #4048, .F. ) ;
#3081 = DIRECTION ( 'NONE',  ( -1.000000000000000000, 0.000000000000000000, -0.000000000000000000 ) ) ;
#3082 = CARTESIAN_POINT ( 'NONE',  ( 75.80297037413535577, 3.000000000000000000, 14.56203788081107398 ) ) ;
#3083 = FACE_OUTER_BOUND ( 'NONE', #3430, .T. ) ;
#3084 = LINE ( 'NONE', #3485, #4996 ) ;
#3085 = EDGE_LOOP ( 'NONE', ( #491, #3605, #1874, #4042 ) ) ;
#3086 = ORIENTED_EDGE ( 'NONE', *, *, #2152, .F. ) ;
#3087 = ORIENTED_EDGE ( 'NONE', *, *, #1546, .F. ) ;
#3088 = CARTESIAN_POINT ( 'NONE',  ( -9.299999999999998934, 2.000000000000000000, -8.049999999999998934 ) ) ;
#3089 = LINE ( 'NONE', #1814, #3114 ) ;
#3090 = LINE ( 'NONE', #2689, #4426 ) ;
#3091 = ORIENTED_EDGE ( 'NONE', *, *, #3685, .T. ) ;
#3092 = ORIENTED_EDGE ( 'NONE', *, *, #5198, .T. ) ;
#3093 = DIRECTION ( 'NONE',  ( -0.000000000000000000, -1.000000000000000000, -0.000000000000000000 ) ) ;
#3094 = DIRECTION ( 'NONE',  ( -4.906538933386656825E-15, -0.7071067811865474617, 0.7071067811865474617 ) ) ;
#3095 = PRODUCT_CONTEXT ( 'NONE', #4144, 'mechanical' ) ;
#3096 = EDGE_CURVE ( 'NONE', #5055, #5221, #3125, .T. ) ;
#3097 = CARTESIAN_POINT ( 'NONE',  ( -7.799999999999958078, -1.000000000000028644, 33.42555455687870136 ) ) ;
#3098 = EDGE_LOOP ( 'NONE', ( #1380, #3527, #4265, #389 ) ) ;
#3099 = ORIENTED_EDGE ( 'NONE', *, *, #5002, .T. ) ;
#3100 =( NAMED_UNIT ( * ) PLANE_ANGLE_UNIT ( ) SI_UNIT ( $, .RADIAN. ) );
#3101 = DIRECTION ( 'NONE',  ( 0.000000000000000000, 0.000000000000000000, -1.000000000000000000 ) ) ;
#3102 = DIRECTION ( 'NONE',  ( -0.4993909267607220537, 0.000000000000000000, 0.8663767669259531123 ) ) ;
#3103 = DIRECTION ( 'NONE',  ( 0.000000000000000000, 1.000000000000000000, 0.000000000000000000 ) ) ;
#3104 = ORIENTED_EDGE ( 'NONE', *, *, #1843, .T. ) ;
#3105 = LINE ( 'NONE', #545, #4989 ) ;
#3106 = EDGE_CURVE ( 'NONE', #1359, #3462, #1309, .T. ) ;
#3107 = DIRECTION ( 'NONE',  ( -1.000000000000000000, 0.000000000000000000, 0.000000000000000000 ) ) ;
#3108 = DIRECTION ( 'NONE',  ( 0.000000000000000000, 0.000000000000000000, -1.000000000000000000 ) ) ;
#3109 = DIRECTION ( 'NONE',  ( 1.000000000000000000, 0.000000000000000000, -0.000000000000000000 ) ) ;
#3110 = ADVANCED_FACE ( 'NONE', ( #2696, #1566, #3243, #1110 ), #4594, .F. ) ;
#3111 = ORIENTED_EDGE ( 'NONE', *, *, #3434, .F. ) ;
#3112 = ORIENTED_EDGE ( 'NONE', *, *, #4824, .F. ) ;
#3113 = ORIENTED_EDGE ( 'NONE', *, *, #1273, .F. ) ;
#3114 = VECTOR ( 'NONE', #2601, 1000.000000000000000 ) ;
#3115 = DIRECTION ( 'NONE',  ( 0.4999999999999995559, 0.000000000000000000, -0.8660254037844389297 ) ) ;
#3116 = LINE ( 'NONE', #4408, #1637 ) ;
#3117 = DIRECTION ( 'NONE',  ( 0.4974024022482914642, -0.000000000000000000, 0.8675199422708558261 ) ) ;
#3118 = EDGE_CURVE ( 'NONE', #851, #4816, #648, .T. ) ;
#3119 = EDGE_LOOP ( 'NONE', ( #2116, #1512, #4952, #718 ) ) ;
#3120 = VECTOR ( 'NONE', #1137, 1000.000000000000000 ) ;
#3121 = ORIENTED_EDGE ( 'NONE', *, *, #5363, .T. ) ;
#3122 = CARTESIAN_POINT ( 'NONE',  ( -81.24921597076824753, 3.000000000000000000, -23.69608052213312277 ) ) ;
#3123 = FACE_OUTER_BOUND ( 'NONE', #2658, .T. ) ;
#3124 = VECTOR ( 'NONE', #768, 1000.000000000000000 ) ;
#3125 = LINE ( 'NONE', #24, #486 ) ;
#3126 = EDGE_LOOP ( 'NONE', ( #5200, #2305, #3962, #635, #1042, #1219, #1410, #3196, #5136, #1120, #2309, #1699, #1769, #62 ) ) ;
#3127 = ORIENTED_EDGE ( 'NONE', *, *, #5496, .T. ) ;
#3128 = FACE_OUTER_BOUND ( 'NONE', #2132, .T. ) ;
#3129 = DIRECTION ( 'NONE',  ( 0.000000000000000000, -0.000000000000000000, 1.000000000000000000 ) ) ;
#3130 = CARTESIAN_POINT ( 'NONE',  ( 50.00000000000000000, 3.999999999999988898, 110.0000000000000000 ) ) ;
#3131 = DIRECTION ( 'NONE',  ( -0.000000000000000000, 1.000000000000000000, -0.000000000000000000 ) ) ;
#3132 = EDGE_CURVE ( 'NONE', #415, #2189, #194, .T. ) ;
#3133 = AXIS2_PLACEMENT_3D ( 'NONE', #3919, #4731, #4293 ) ;
#3134 = VERTEX_POINT ( 'NONE', #621 ) ;
#3135 = FACE_OUTER_BOUND ( 'NONE', #5672, .T. ) ;
#3136 = DIRECTION ( 'NONE',  ( 0.000000000000000000, 0.000000000000000000, -1.000000000000000000 ) ) ;
#3137 = FACE_OUTER_BOUND ( 'NONE', #4960, .T. ) ;
#3138 = DIRECTION ( 'NONE',  ( -0.5031857961370485022, 0.000000000000000000, -0.8641782539302436117 ) ) ;
#3139 = AXIS2_PLACEMENT_3D ( 'NONE', #4692, #4672, #3889 ) ;
#3140 = VECTOR ( 'NONE', #3442, 1000.000000000000000 ) ;
#3141 = EDGE_CURVE ( 'NONE', #3467, #1783, #3301, .T. ) ;
#3142 = ORIENTED_EDGE ( 'NONE', *, *, #4104, .T. ) ;
#3143 = ORIENTED_EDGE ( 'NONE', *, *, #4100, .F. ) ;
#3144 = AXIS2_PLACEMENT_3D ( 'NONE', #1236, #319, #3453 ) ;
#3145 = ORIENTED_EDGE ( 'NONE', *, *, #3925, .T. ) ;
#3146 = CARTESIAN_POINT ( 'NONE',  ( 9.300000000000030909, -6.000000000000000000, 21.85598270084804895 ) ) ;
#3147 = VECTOR ( 'NONE', #3319, 1000.000000000000000 ) ;
#3148 = CARTESIAN_POINT ( 'NONE',  ( 78.39999999999999147, 3.000000000000000888, 16.06828170427217728 ) ) ;
#3149 = DIRECTION ( 'NONE',  ( -0.000000000000000000, -1.000000000000000000, -0.000000000000000000 ) ) ;
#3150 = ORIENTED_EDGE ( 'NONE', *, *, #4596, .F. ) ;
#3151 = ORIENTED_EDGE ( 'NONE', *, *, #299, .F. ) ;
#3152 = AXIS2_PLACEMENT_3D ( 'NONE', #5259, #4480, #4020 ) ;
#3153 = EDGE_CURVE ( 'NONE', #4114, #1882, #4974, .T. ) ;
#3154 = EDGE_CURVE ( 'NONE', #2040, #4959, #5454, .T. ) ;
#3155 = CARTESIAN_POINT ( 'NONE',  ( -13.49413252741967639, 2.200000000000000178, 84.36943672286245999 ) ) ;
#3156 = CARTESIAN_POINT ( 'NONE',  ( 9.300000000000030909, -6.000000000000000000, 19.35598270084804540 ) ) ;
#3157 = CARTESIAN_POINT ( 'NONE',  ( -12.00000000000000000, 2.000000000000000000, 5.999999999999995559 ) ) ;
#3158 = ORIENTED_EDGE ( 'NONE', *, *, #2888, .F. ) ;
#3159 = ORIENTED_EDGE ( 'NONE', *, *, #858, .F. ) ;
#3160 = DIRECTION ( 'NONE',  ( -1.692413147294447942E-16, 0.000000000000000000, 1.000000000000000000 ) ) ;
#3161 = CARTESIAN_POINT ( 'NONE',  ( 16.51554445662301873, 2.200000000000000178, 89.62500000000012790 ) ) ;
#3162 = CARTESIAN_POINT ( 'NONE',  ( 50.00000000000000000, 3.999999999999988898, 110.0000000000000000 ) ) ;
#3163 = ORIENTED_EDGE ( 'NONE', *, *, #2191, .T. ) ;
#3164 = CARTESIAN_POINT ( 'NONE',  ( -10.00000000000000178, 2.000000000000000000, 7.000000000000002665 ) ) ;
#3165 = LINE ( 'NONE', #975, #4687 ) ;
#3166 = LINE ( 'NONE', #2299, #3449 ) ;
#3167 = LINE ( 'NONE', #5388, #3612 ) ;
#3168 = EDGE_CURVE ( 'NONE', #3185, #1534, #3710, .T. ) ;
#3169 = AXIS2_PLACEMENT_3D ( 'NONE', #2993, #2588, #4315 ) ;
#3170 = ORIENTED_EDGE ( 'NONE', *, *, #5044, .F. ) ;
#3171 = ORIENTED_EDGE ( 'NONE', *, *, #2962, .T. ) ;
#3172 = EDGE_LOOP ( 'NONE', ( #2204, #2625, #323, #1284 ) ) ;
#3173 = DIRECTION ( 'NONE',  ( -0.2576626505603321626, 0.000000000000000000, -0.9662349396012462899 ) ) ;
#3174 = CARTESIAN_POINT ( 'NONE',  ( 78.65372625720931410, 0.000000000000000000, -19.18496334061024200 ) ) ;
#3175 = STYLED_ITEM ( 'NONE', ( #3851 ), #5686 ) ;
#3176 = DIRECTION ( 'NONE',  ( 1.000000000000000000, 0.000000000000000000, 0.000000000000000000 ) ) ;
#3177 = ORIENTED_EDGE ( 'NONE', *, *, #2036, .F. ) ;
#3178 = ORIENTED_EDGE ( 'NONE', *, *, #3808, .F. ) ;
#3179 = ADVANCED_FACE ( 'NONE', ( #2427 ), #1951, .T. ) ;
#3180 = CYLINDRICAL_SURFACE ( 'NONE', #1525, 1.249999999999997558 ) ;
#3181 = EDGE_CURVE ( 'NONE', #5560, #3520, #226, .T. ) ;
#3182 = CARTESIAN_POINT ( 'NONE',  ( -81.00000000000000000, 5.000000000000000000, 14.56838955826294324 ) ) ;
#3183 = LINE ( 'NONE', #3069, #4166 ) ;
#3184 = EDGE_CURVE ( 'NONE', #4185, #1071, #3709, .T. ) ;
#3185 = VERTEX_POINT ( 'NONE', #1053 ) ;
#3186 = DIRECTION ( 'NONE',  ( -0.7071067811865536790, -0.7071067811865414665, 0.000000000000000000 ) ) ;
#3187 = CARTESIAN_POINT ( 'NONE',  ( 81.00000000000000000, 3.000000000000000000, -23.83478436318960192 ) ) ;
#3188 = DIRECTION ( 'NONE',  ( 0.000000000000000000, -0.000000000000000000, -1.000000000000000000 ) ) ;
#3189 = DIRECTION ( 'NONE',  ( 0.000000000000000000, 0.000000000000000000, -1.000000000000000000 ) ) ;
#3190 = ORIENTED_EDGE ( 'NONE', *, *, #1113, .F. ) ;
#3191 = DIRECTION ( 'NONE',  ( 0.000000000000000000, 1.000000000000000000, 0.000000000000000000 ) ) ;
#3192 = PLANE ( 'NONE',  #272 ) ;
#3193 = FACE_OUTER_BOUND ( 'NONE', #1009, .T. ) ;
#3194 = DIRECTION ( 'NONE',  ( -1.000000000000000000, 0.000000000000000000, 0.000000000000000000 ) ) ;
#3195 = EDGE_CURVE ( 'NONE', #670, #4059, #5006, .T. ) ;
#3196 = ORIENTED_EDGE ( 'NONE', *, *, #2079, .F. ) ;
#3197 = EDGE_CURVE ( 'NONE', #5102, #1045, #1540, .T. ) ;
#3198 = ORIENTED_EDGE ( 'NONE', *, *, #4817, .T. ) ;
#3199 = EDGE_CURVE ( 'NONE', #907, #465, #2368, .T. ) ;
#3200 = EDGE_LOOP ( 'NONE', ( #1106, #3569, #4009, #162 ) ) ;
#3201 = PLANE ( 'NONE',  #5438 ) ;
#3202 = DIRECTION ( 'NONE',  ( 1.000000000000000000, 0.000000000000000000, 0.000000000000000000 ) ) ;
#3203 = PLANE ( 'NONE',  #2499 ) ;
#3204 = ORIENTED_EDGE ( 'NONE', *, *, #1563, .T. ) ;
#3205 = EDGE_CURVE ( 'NONE', #3723, #3556, #2316, .T. ) ;
#3206 = VERTEX_POINT ( 'NONE', #591 ) ;
#3207 = CIRCLE ( 'NONE', #2747, 3.650000000000014566 ) ;
#3208 = CARTESIAN_POINT ( 'NONE',  ( -81.00000000000000000, 10.00000000000000000, 21.90598270084804966 ) ) ;
#3209 = CARTESIAN_POINT ( 'NONE',  ( -7.799999999999958078, -1.000000000000028644, 27.42555455687869781 ) ) ;
#3210 = CONTEXT_DEPENDENT_SHAPE_REPRESENTATION ( #2448, #4211 ) ;
#3211 = CARTESIAN_POINT ( 'NONE',  ( -78.39999999999999147, -13.20000000000000462, 14.81828170427217728 ) ) ;
#3212 = VECTOR ( 'NONE', #5329, 1000.000000000000114 ) ;
#3213 = ORIENTED_EDGE ( 'NONE', *, *, #649, .T. ) ;
#3214 = AXIS2_PLACEMENT_3D ( 'NONE', #1544, #5069, #2873 ) ;
#3215 = DIRECTION ( 'NONE',  ( -0.000000000000000000, -1.000000000000000000, -0.000000000000000000 ) ) ;
#3216 = LINE ( 'NONE', #2347, #4994 ) ;
#3217 = CARTESIAN_POINT ( 'NONE',  ( -9.299999999999968736, -6.000000000000000000, 20.60598270084804895 ) ) ;
#3218 = DIRECTION ( 'NONE',  ( -0.6832312780114180306, 0.7071067811865449082, -0.1821950074697115673 ) ) ;
#3219 = AXIS2_PLACEMENT_3D ( 'NONE', #936, #1819, #2694 ) ;
#3220 = ORIENTED_EDGE ( 'NONE', *, *, #5216, .T. ) ;
#3221 = EDGE_CURVE ( 'NONE', #2023, #4730, #2697, .T. ) ;
#3222 = FACE_OUTER_BOUND ( 'NONE', #1233, .T. ) ;
#3223 = DIRECTION ( 'NONE',  ( -0.6546536707079761985, -0.6546536707079785300, 0.3779644730092261984 ) ) ;
#3224 = CARTESIAN_POINT ( 'NONE',  ( -78.66272347907712970, 3.000000000000000000, -19.18497682232466417 ) ) ;
#3225 = EDGE_CURVE ( 'NONE', #1330, #940, #2839, .T. ) ;
#3226 = DIRECTION ( 'NONE',  ( 0.000000000000000000, 1.000000000000000000, -0.000000000000000000 ) ) ;
#3227 = AXIS2_PLACEMENT_3D ( 'NONE', #1797, #4805, #3565 ) ;
#3228 = VERTEX_POINT ( 'NONE', #2343 ) ;
#3229 = ORIENTED_EDGE ( 'NONE', *, *, #2331, .F. ) ;
#3230 = ORIENTED_EDGE ( 'NONE', *, *, #2303, .T. ) ;
#3231 = VECTOR ( 'NONE', #2827, 1000.000000000000114 ) ;
#3232 = LINE ( 'NONE', #1355, #3506 ) ;
#3233 = PLANE ( 'NONE',  #3053 ) ;
#3234 = LINE ( 'NONE', #556, #3049 ) ;
#3235 = VECTOR ( 'NONE', #2052, 1000.000000000000000 ) ;
#3236 = ORIENTED_EDGE ( 'NONE', *, *, #2800, .F. ) ;
#3237 = CONICAL_SURFACE ( 'NONE', #750, 1.500000000000001332, 0.7853981633974479459 ) ;
#3238 = ORIENTED_EDGE ( 'NONE', *, *, #892, .T. ) ;
#3239 = VECTOR ( 'NONE', #974, 1000.000000000000000 ) ;
#3240 = CARTESIAN_POINT ( 'NONE',  ( -75.79894513005741885, 3.000000000000000000, 17.56756383145217981 ) ) ;
#3241 = DIRECTION ( 'NONE',  ( -1.000000000000000000, -0.000000000000000000, -0.000000000000000000 ) ) ;
#3242 = VECTOR ( 'NONE', #3362, 1000.000000000000000 ) ;
#3243 = FACE_OUTER_BOUND ( 'NONE', #3379, .T. ) ;
#3244 = EDGE_CURVE ( 'NONE', #5587, #2073, #121, .T. ) ;
#3245 = ORIENTED_EDGE ( 'NONE', *, *, #1021, .T. ) ;
#3246 = CARTESIAN_POINT ( 'NONE',  ( -78.39788897460657324, 0.000000000000000000, 19.07050236186967140 ) ) ;
#3247 = CARTESIAN_POINT ( 'NONE',  ( 16.51554445662303294, 2.200000000000000178, 84.37500000000012790 ) ) ;
#3248 = VECTOR ( 'NONE', #111, 1000.000000000000000 ) ;
#3249 = FACE_BOUND ( 'NONE', #587, .T. ) ;
#3250 = DIRECTION ( 'NONE',  ( -0.000000000000000000, -1.000000000000000000, -0.000000000000000000 ) ) ;
#3251 = ORIENTED_EDGE ( 'NONE', *, *, #3813, .T. ) ;
#3252 = FACE_OUTER_BOUND ( 'NONE', #1541, .T. ) ;
#3253 = DIRECTION ( 'NONE',  ( -0.000000000000000000, -1.000000000000000000, -0.000000000000000000 ) ) ;
#3254 = CARTESIAN_POINT ( 'NONE',  ( 50.00000000000000000, 2.500000000000000000, 110.0000000000000000 ) ) ;
#3255 = EDGE_CURVE ( 'NONE', #2073, #5157, #2866, .T. ) ;
#3256 = CARTESIAN_POINT ( 'NONE',  ( -10.78525995046028996, 2.500000000000000000, 17.99689546334679591 ) ) ;
#3257 = EDGE_CURVE ( 'NONE', #4730, #2023, #933, .T. ) ;
#3258 = EDGE_LOOP ( 'NONE', ( #2238, #666 ) ) ;
#3259 = EDGE_CURVE ( 'NONE', #4937, #5660, #3820, .T. ) ;
#3260 = ORIENTED_EDGE ( 'NONE', *, *, #5244, .F. ) ;
#3261 = PRODUCT_DEFINITION_FORMATION_WITH_SPECIFIED_SOURCE ( 'ANY', '', #3343, .NOT_KNOWN. ) ;
#3262 = ORIENTED_EDGE ( 'NONE', *, *, #395, .F. ) ;
#3263 = LINE ( 'NONE', #719, #3323 ) ;
#3264 = FACE_OUTER_BOUND ( 'NONE', #1270, .T. ) ;
#3265 = DIRECTION ( 'NONE',  ( -1.000000000000000000, 0.000000000000000000, 3.466879843239611994E-15 ) ) ;
#3266 = ORIENTED_EDGE ( 'NONE', *, *, #5421, .T. ) ;
#3267 = VERTEX_POINT ( 'NONE', #729 ) ;
#3268 = ORIENTED_EDGE ( 'NONE', *, *, #1892, .F. ) ;
#3269 = AXIS2_PLACEMENT_3D ( 'NONE', #1178, #745, #3398 ) ;
#3270 = LINE ( 'NONE', #559, #1187 ) ;
#3271 = DIRECTION ( 'NONE',  ( 0.000000000000000000, 0.000000000000000000, -1.000000000000000000 ) ) ;
#3272 = DIRECTION ( 'NONE',  ( 0.000000000000000000, 1.000000000000000000, 0.000000000000000000 ) ) ;
#3273 = VECTOR ( 'NONE', #4748, 1000.000000000000000 ) ;
#3274 = VERTEX_POINT ( 'NONE', #2517 ) ;
#3275 = LINE ( 'NONE', #4543, #5125 ) ;
#3276 = CARTESIAN_POINT ( 'NONE',  ( 13.48445554337748398, 0.000000000000000000, 89.62500000000012790 ) ) ;
#3277 = EDGE_CURVE ( 'NONE', #4663, #2333, #4275, .T. ) ;
#3278 = FACE_BOUND ( 'NONE', #2861, .T. ) ;
#3279 = DIRECTION ( 'NONE',  ( 1.000000000000000000, -0.000000000000000000, 2.673639354406774245E-16 ) ) ;
#3280 = PRODUCT_RELATED_PRODUCT_CATEGORY ( 'part', '', ( #3343 ) ) ;
#3281 = ORIENTED_EDGE ( 'NONE', *, *, #5029, .F. ) ;
#3282 = COLOUR_RGB ( '',0.7921568627450980005, 0.8196078431372548767, 0.9333333333333333481 ) ;
#3283 = CARTESIAN_POINT ( 'NONE',  ( -81.00000000000000000, 2.000000000000001776, 21.90598270084804966 ) ) ;
#3284 = LINE ( 'NONE', #1461, #5234 ) ;
#3285 = LINE ( 'NONE', #4117, #327 ) ;
#3286 = VECTOR ( 'NONE', #1650, 1000.000000000000000 ) ;
#3287 = ORIENTED_EDGE ( 'NONE', *, *, #4028, .T. ) ;
#3288 = EDGE_CURVE ( 'NONE', #4059, #443, #1665, .T. ) ;
#3289 = VERTEX_POINT ( 'NONE', #2950 ) ;
#3290 = EDGE_LOOP ( 'NONE', ( #4094, #703 ) ) ;
#3291 = DIRECTION ( 'NONE',  ( -0.000000000000000000, 1.000000000000000000, -0.000000000000000000 ) ) ;
#3292 = LINE ( 'NONE', #5422, #1851 ) ;
#3293 = EDGE_CURVE ( 'NONE', #258, #3555, #2982, .T. ) ;
#3294 = DIRECTION ( 'NONE',  ( -0.000000000000000000, 1.000000000000000000, -0.000000000000000000 ) ) ;
#3295 = EDGE_LOOP ( 'NONE', ( #917, #221, #4823, #3904 ) ) ;
#3296 = ORIENTED_EDGE ( 'NONE', *, *, #4821, .F. ) ;
#3297 = ORIENTED_EDGE ( 'NONE', *, *, #375, .T. ) ;
#3298 = LINE ( 'NONE', #2313, #2003 ) ;
#3299 = CARTESIAN_POINT ( 'NONE',  ( 56.00000000000000000, 10.00000000000000000, 110.0000000000000142 ) ) ;
#3300 = EDGE_CURVE ( 'NONE', #2471, #4346, #4217, .T. ) ;
#3301 = LINE ( 'NONE', #2396, #5546 ) ;
#3302 = EDGE_LOOP ( 'NONE', ( #1324, #3475, #3755, #2912 ) ) ;
#3303 = DIRECTION ( 'NONE',  ( -0.000000000000000000, -1.000000000000000000, -0.000000000000000000 ) ) ;
#3304 = FACE_OUTER_BOUND ( 'NONE', #908, .T. ) ;
#3305 = VECTOR ( 'NONE', #1531, 1000.000000000000000 ) ;
#3306 = FACE_BOUND ( 'NONE', #2854, .T. ) ;
#3307 = DIRECTION ( 'NONE',  ( -0.000000000000000000, 1.000000000000000000, -0.000000000000000000 ) ) ;
#3308 = CONICAL_SURFACE ( 'NONE', #4503, 3.000000000000002665, 0.7853981633974569387 ) ;
#3309 = ORIENTED_EDGE ( 'NONE', *, *, #4001, .T. ) ;
#3310 = DIRECTION ( 'NONE',  ( 0.000000000000000000, 0.000000000000000000, -1.000000000000000000 ) ) ;
#3311 = FACE_OUTER_BOUND ( 'NONE', #2976, .T. ) ;
#3312 = DIRECTION ( 'NONE',  ( -0.000000000000000000, 1.000000000000000000, -0.000000000000000000 ) ) ;
#3313 = VECTOR ( 'NONE', #2844, 999.9999999999998863 ) ;
#3314 = ADVANCED_FACE ( 'NONE', ( #1275 ), #1679, .F. ) ;
#3315 = ORIENTED_EDGE ( 'NONE', *, *, #170, .T. ) ;
#3316 = VERTEX_POINT ( 'NONE', #788 ) ;
#3317 = EDGE_LOOP ( 'NONE', ( #4363, #1434, #1247, #893 ) ) ;
#3318 = CARTESIAN_POINT ( 'NONE',  ( 54.50000000000029132, 10.00000000000000000, -54.49999999999990763 ) ) ;
#3319 = DIRECTION ( 'NONE',  ( -0.000000000000000000, -1.000000000000000000, -0.000000000000000000 ) ) ;
#3320 = EDGE_CURVE ( 'NONE', #5668, #2582, #207, .T. ) ;
#3321 = ORIENTED_EDGE ( 'NONE', *, *, #4130, .T. ) ;
#3322 = ORIENTED_EDGE ( 'NONE', *, *, #2856, .T. ) ;
#3323 = VECTOR ( 'NONE', #4123, 1000.000000000000000 ) ;
#3324 = ORIENTED_EDGE ( 'NONE', *, *, #99, .T. ) ;
#3325 = DIRECTION ( 'NONE',  ( 0.000000000000000000, 0.000000000000000000, 1.000000000000000000 ) ) ;
#3326 = DIRECTION ( 'NONE',  ( -0.8660254037844387076, 0.000000000000000000, 0.4999999999999999445 ) ) ;
#3327 = DIRECTION ( 'NONE',  ( -1.000000000000000000, 0.000000000000000000, 0.000000000000000000 ) ) ;
#3328 = CIRCLE ( 'NONE', #2122, 1.250000000000001110 ) ;
#3329 = EDGE_CURVE ( 'NONE', #4530, #3015, #4766, .T. ) ;
#3330 = ORIENTED_EDGE ( 'NONE', *, *, #2272, .F. ) ;
#3331 = VECTOR ( 'NONE', #1593, 999.9999999999998863 ) ;
#3332 = EDGE_CURVE ( 'NONE', #5383, #2511, #360, .T. ) ;
#3333 = LINE ( 'NONE', #2457, #2267 ) ;
#3334 = DIRECTION ( 'NONE',  ( 0.8650360116844533209, 0.000000000000000000, 0.5017097751579635556 ) ) ;
#3335 = CARTESIAN_POINT ( 'NONE',  ( 78.65372625720931410, 3.000000000000000000, -19.18496334061024200 ) ) ;
#3336 = DIRECTION ( 'NONE',  ( -0.000000000000000000, 1.000000000000000000, -0.000000000000000000 ) ) ;
#3337 = AXIS2_PLACEMENT_3D ( 'NONE', #4813, #2678, #4373 ) ;
#3338 = ORIENTED_EDGE ( 'NONE', *, *, #2570, .F. ) ;
#3339 = AXIS2_PLACEMENT_3D ( 'NONE', #5376, #3500, #446 ) ;
#3340 = CARTESIAN_POINT ( 'NONE',  ( 78.39999999999999147, 10.00000000000000000, 14.81828170427217728 ) ) ;
#3341 = LINE ( 'NONE', #5073, #3399 ) ;
#3342 = CARTESIAN_POINT ( 'NONE',  ( 9.300000000000030909, -6.000000000000000000, 31.92555455687869070 ) ) ;
#3343 = PRODUCT ( 'pa5100je_assembly', 'pa5100je_assembly', '', ( #3095 ) ) ;
#3344 = VERTEX_POINT ( 'NONE', #2021 ) ;
#3345 = EDGE_LOOP ( 'NONE', ( #3127, #423, #11, #161 ) ) ;
#3346 = LINE ( 'NONE', #5103, #5304 ) ;
#3347 = PLANE ( 'NONE',  #1750 ) ;
#3348 = EDGE_CURVE ( 'NONE', #5677, #4811, #2033, .T. ) ;
#3349 = LINE ( 'NONE', #1587, #1217 ) ;
#3350 = EDGE_CURVE ( 'NONE', #4944, #1789, #701, .T. ) ;
#3351 = ORIENTED_EDGE ( 'NONE', *, *, #4465, .T. ) ;
#3352 = VERTEX_POINT ( 'NONE', #3874 ) ;
#3353 = ORIENTED_EDGE ( 'NONE', *, *, #860, .T. ) ;
#3354 = LINE ( 'NONE', #727, #1101 ) ;
#3355 = CARTESIAN_POINT ( 'NONE',  ( 81.25372625720933684, 0.000000000000000000, -20.68607404050327503 ) ) ;
#3356 = CARTESIAN_POINT ( 'NONE',  ( -10.29999999999999716, 0.000000000000000000, 31.92555455687869070 ) ) ;
#3357 = CARTESIAN_POINT ( 'NONE',  ( -9.299999999999968736, -1.000000000000028644, 31.92555455687869070 ) ) ;
#3358 = VERTEX_POINT ( 'NONE', #3357 ) ;
#3359 = AXIS2_PLACEMENT_3D ( 'NONE', #89, #3103, #4488 ) ;
#3360 = ADVANCED_FACE ( 'NONE', ( #5115 ), #1225, .F. ) ;
#3361 = CARTESIAN_POINT ( 'NONE',  ( -7.783094146864282692, 2.500000000000000000, 18.01516623377516169 ) ) ;
#3362 = DIRECTION ( 'NONE',  ( 0.0007031544687453807237, 0.000000000000000000, 0.9999997527868660363 ) ) ;
#3363 = DIRECTION ( 'NONE',  ( 0.000000000000000000, 1.000000000000000000, 0.000000000000000000 ) ) ;
#3364 = PLANE ( 'NONE',  #690 ) ;
#3365 = LINE ( 'NONE', #3883, #849 ) ;
#3366 = VECTOR ( 'NONE', #1708, 1000.000000000000000 ) ;
#3367 = EDGE_CURVE ( 'NONE', #967, #4066, #4325, .T. ) ;
#3368 = ORIENTED_EDGE ( 'NONE', *, *, #4568, .T. ) ;
#3369 = CARTESIAN_POINT ( 'NONE',  ( 12.00000000000000178, 2.000000000000000000, 5.999999999999992895 ) ) ;
#3370 = CYLINDRICAL_SURFACE ( 'NONE', #3502, 1.249999999999999334 ) ;
#3371 = CARTESIAN_POINT ( 'NONE',  ( 76.00000000000000000, 10.00000000000000000, -24.99999999999999645 ) ) ;
#3372 = PLANE ( 'NONE',  #1149 ) ;
#3373 = ORIENTED_EDGE ( 'NONE', *, *, #586, .T. ) ;
#3374 = ORIENTED_EDGE ( 'NONE', *, *, #4859, .F. ) ;
#3375 = CARTESIAN_POINT ( 'NONE',  ( 80.99702962586462718, 0.000000000000000000, 17.57452552773328236 ) ) ;
#3376 = FACE_OUTER_BOUND ( 'NONE', #4762, .T. ) ;
#3377 = AXIS2_PLACEMENT_3D ( 'NONE', #2432, #3303, #2346 ) ;
#3378 = ORIENTED_EDGE ( 'NONE', *, *, #616, .T. ) ;
#3379 = EDGE_LOOP ( 'NONE', ( #5318, #5076, #1497, #2061, #4969, #1723, #2008, #644, #2339, #5051, #1896, #3693, #3821, #3899, #5045, #3463 ) ) ;
#3380 = AXIS2_PLACEMENT_3D ( 'NONE', #254, #1253, #3822 ) ;
#3381 = VERTEX_POINT ( 'NONE', #2921 ) ;
#3382 = EDGE_CURVE ( 'NONE', #1817, #4212, #838, .T. ) ;
#3383 = CARTESIAN_POINT ( 'NONE',  ( -77.66666666666664298, 3.333333333333336590, -31.33333333333333215 ) ) ;
#3384 = DIRECTION ( 'NONE',  ( 0.000000000000000000, 1.000000000000000000, 0.000000000000000000 ) ) ;
#3385 = CARTESIAN_POINT ( 'NONE',  ( -40.74999999999978684, 10.00000000000000000, 4.500000000000142997 ) ) ;
#3386 = EDGE_CURVE ( 'NONE', #1817, #3344, #4249, .T. ) ;
#3387 = EDGE_LOOP ( 'NONE', ( #4577, #812, #1336, #2420 ) ) ;
#3388 = CARTESIAN_POINT ( 'NONE',  ( -9.299999999999998934, 0.000000000000000000, -8.049999999999998934 ) ) ;
#3389 = DIRECTION ( 'NONE',  ( 0.000000000000000000, 0.000000000000000000, 1.000000000000000000 ) ) ;
#3390 = DIRECTION ( 'NONE',  ( 0.000000000000000000, -0.000000000000000000, 1.000000000000000000 ) ) ;
#3391 = CARTESIAN_POINT ( 'NONE',  ( -9.299999999999968736, 0.000000000000000000, 24.25598270084806174 ) ) ;
#3392 = DIRECTION ( 'NONE',  ( 8.673617379884193244E-16, 0.000000000000000000, -1.000000000000000000 ) ) ;
#3393 = EDGE_LOOP ( 'NONE', ( #3321, #1915, #2213, #968 ) ) ;
#3394 = AXIS2_PLACEMENT_3D ( 'NONE', #700, #813, #307 ) ;
#3395 = DIRECTION ( 'NONE',  ( 0.5031857961370486132, 0.000000000000000000, 0.8641782539302436117 ) ) ;
#3396 = FACE_OUTER_BOUND ( 'NONE', #5365, .T. ) ;
#3397 = CARTESIAN_POINT ( 'NONE',  ( -50.00000000000000000, 2.500000000000000000, 110.0000000000000000 ) ) ;
#3398 = DIRECTION ( 'NONE',  ( 0.4999999999999995004, 0.000000000000000000, -0.8660254037844389297 ) ) ;
#3399 = VECTOR ( 'NONE', #5099, 1000.000000000000000 ) ;
#3400 = EDGE_CURVE ( 'NONE', #4933, #2667, #1619, .T. ) ;
#3401 = VERTEX_POINT ( 'NONE', #1194 ) ;
#3402 = ADVANCED_FACE ( 'NONE', ( #4712 ), #4472, .T. ) ;
#3403 = LINE ( 'NONE', #5588, #163 ) ;
#3404 = CIRCLE ( 'NONE', #5066, 1.250000000000001110 ) ;
#3405 = DIRECTION ( 'NONE',  ( 0.000000000000000000, 0.000000000000000000, 1.000000000000000000 ) ) ;
#3406 = CARTESIAN_POINT ( 'NONE',  ( -13.47479911202610481, 0.000000000000000000, 89.61940112455596363 ) ) ;
#3407 = ORIENTED_EDGE ( 'NONE', *, *, #5163, .F. ) ;
#3408 = ORIENTED_EDGE ( 'NONE', *, *, #5187, .T. ) ;
#3409 = EDGE_LOOP ( 'NONE', ( #1459, #2840, #2939, #3885, #4612, #4912 ) ) ;
#3410 = LINE ( 'NONE', #4740, #2567 ) ;
#3411 = FACE_OUTER_BOUND ( 'NONE', #1640, .T. ) ;
#3412 = DIRECTION ( 'NONE',  ( 0.000000000000000000, 1.000000000000000000, 0.000000000000000000 ) ) ;
#3413 = AXIS2_PLACEMENT_3D ( 'NONE', #4573, #2373, #594 ) ;
#3414 = ORIENTED_EDGE ( 'NONE', *, *, #4951, .T. ) ;
#3415 = DIRECTION ( 'NONE',  ( -0.000000000000000000, 1.000000000000000000, -0.000000000000000000 ) ) ;
#3416 = LINE ( 'NONE', #2082, #3051 ) ;
#3417 = PLANE ( 'NONE',  #2663 ) ;
#3418 = AXIS2_PLACEMENT_3D ( 'NONE', #5481, #3291, #4238 ) ;
#3419 = EDGE_CURVE ( 'NONE', #2023, #2797, #4849, .T. ) ;
#3420 = FACE_OUTER_BOUND ( 'NONE', #3345, .T. ) ;
#3421 = VECTOR ( 'NONE', #5199, 1000.000000000000000 ) ;
#3422 = VECTOR ( 'NONE', #1235, 1000.000000000000000 ) ;
#3423 = EDGE_LOOP ( 'NONE', ( #4938, #623, #4619, #5523 ) ) ;
#3424 = CARTESIAN_POINT ( 'NONE',  ( -16.50586747257980846, 2.200000000000000178, 89.63056327713781002 ) ) ;
#3425 = CARTESIAN_POINT ( 'NONE',  ( -40.74999999999979394, 0.000000000000000000, 45.50000000000012079 ) ) ;
#3426 = VECTOR ( 'NONE', #3194, 1000.000000000000000 ) ;
#3427 = CARTESIAN_POINT ( 'NONE',  ( -79.99999999999998579, 1.000000000000000888, -29.00000000000000000 ) ) ;
#3428 = CARTESIAN_POINT ( 'NONE',  ( 79.00000000000001421, 0.000000000000000000, 18.72225717920744259 ) ) ;
#3429 = AXIS2_PLACEMENT_3D ( 'NONE', #3014, #5606, #5634 ) ;
#3430 = EDGE_LOOP ( 'NONE', ( #1559, #5636, #4459, #895 ) ) ;
#3431 = ADVANCED_FACE ( 'NONE', ( #3928 ), #2186, .F. ) ;
#3432 = CYLINDRICAL_SURFACE ( 'NONE', #4518, 0.9999999999999991118 ) ;
#3433 = VECTOR ( 'NONE', #3765, 1000.000000000000000 ) ;
#3434 = EDGE_CURVE ( 'NONE', #2547, #2430, #2657, .T. ) ;
#3435 = CARTESIAN_POINT ( 'NONE',  ( -12.30216580359597778, 2.500000000000000000, 20.58771193041968317 ) ) ;
#3436 = EDGE_CURVE ( 'NONE', #2068, #1162, #1385, .T. ) ;
#3437 = ORIENTED_EDGE ( 'NONE', *, *, #4701, .T. ) ;
#3438 = ORIENTED_EDGE ( 'NONE', *, *, #2495, .T. ) ;
#3439 = EDGE_LOOP ( 'NONE', ( #3064, #4886, #3924, #3863 ) ) ;
#3440 = CARTESIAN_POINT ( 'NONE',  ( 79.00000000000004263, 10.00000000000000000, -30.00000000000000000 ) ) ;
#3441 = CARTESIAN_POINT ( 'NONE',  ( -8.999999999999994671, 2.000000000000000000, 10.99999999999999467 ) ) ;
#3442 = DIRECTION ( 'NONE',  ( 0.000000000000000000, 0.000000000000000000, 1.000000000000000000 ) ) ;
#3443 = EDGE_LOOP ( 'NONE', ( #1313, #464, #4548, #4708 ) ) ;
#3444 = CARTESIAN_POINT ( 'NONE',  ( -81.00000000000000000, 3.000000000000000000, 14.56838955826294324 ) ) ;
#3445 = FACE_OUTER_BOUND ( 'NONE', #2370, .T. ) ;
#3446 = CARTESIAN_POINT ( 'NONE',  ( 76.05372625720931978, 3.000000000000000000, -20.68607404050326437 ) ) ;
#3447 = PLANE ( 'NONE',  #4724 ) ;
#3448 = ADVANCED_FACE ( 'NONE', ( #414 ), #3060, .F. ) ;
#3449 = VECTOR ( 'NONE', #3544, 1000.000000000000000 ) ;
#3450 = ORIENTED_EDGE ( 'NONE', *, *, #4264, .T. ) ;
#3451 = VERTEX_POINT ( 'NONE', #4878 ) ;
#3452 = LINE ( 'NONE', #3804, #5621 ) ;
#3453 = DIRECTION ( 'NONE',  ( -0.5000000000000006661, 0.000000000000000000, 0.8660254037844382635 ) ) ;
#3454 = AXIS2_PLACEMENT_3D ( 'NONE', #454, #34, #1912 ) ;
#3455 = CARTESIAN_POINT ( 'NONE',  ( -7.799999999999958078, 0.000000000000000000, 34.42555455687872978 ) ) ;
#3456 = CARTESIAN_POINT ( 'NONE',  ( -9.299999999999968736, 0.000000000000000000, 20.60598270084804895 ) ) ;
#3457 = ADVANCED_FACE ( 'NONE', ( #3953 ), #529, .F. ) ;
#3458 = EDGE_CURVE ( 'NONE', #2660, #5530, #4820, .T. ) ;
#3459 = ORIENTED_EDGE ( 'NONE', *, *, #5464, .T. ) ;
#3460 = DIRECTION ( 'NONE',  ( -0.000000000000000000, -1.000000000000000000, -0.000000000000000000 ) ) ;
#3461 = CARTESIAN_POINT ( 'NONE',  ( 97.63532756694939962, 18.63532756694944581, -11.36467243305050445 ) ) ;
#3462 = VERTEX_POINT ( 'NONE', #1727 ) ;
#3463 = ORIENTED_EDGE ( 'NONE', *, *, #3939, .T. ) ;
#3464 = EDGE_LOOP ( 'NONE', ( #5101, #973, #1154, #1044 ) ) ;
#3465 = CARTESIAN_POINT ( 'NONE',  ( 10.80111069989306216, 5.000000000000000000, 23.20598270084804682 ) ) ;
#3466 = DIRECTION ( 'NONE',  ( 0.4947203262777915556, 0.000000000000000000, 0.8690522416791729432 ) ) ;
#3467 = VERTEX_POINT ( 'NONE', #15 ) ;
#3468 = ORIENTED_EDGE ( 'NONE', *, *, #370, .F. ) ;
#3469 = EDGE_CURVE ( 'NONE', #1958, #5390, #3090, .T. ) ;
#3470 = DIRECTION ( 'NONE',  ( 0.000000000000000000, 0.000000000000000000, -1.000000000000000000 ) ) ;
#3471 = CARTESIAN_POINT ( 'NONE',  ( -14.99999999999974598, 22.50000000000000000, 88.25000000000012790 ) ) ;
#3472 = SURFACE_SIDE_STYLE ('',( #4283 ) ) ;
#3473 = VECTOR ( 'NONE', #3990, 1000.000000000000000 ) ;
#3474 = DIRECTION ( 'NONE',  ( 0.8663767669259548887, 0.000000000000000000, 0.4993909267607188340 ) ) ;
#3475 = ORIENTED_EDGE ( 'NONE', *, *, #4656, .F. ) ;
#3476 = ORIENTED_EDGE ( 'NONE', *, *, #1006, .T. ) ;
#3477 = FILL_AREA_STYLE ('',( #1712 ) ) ;
#3478 = DIRECTION ( 'NONE',  ( 0.000000000000000000, 0.000000000000000000, 1.000000000000000000 ) ) ;
#3479 = LINE ( 'NONE', #3044, #5332 ) ;
#3480 = LINE ( 'NONE', #2149, #2991 ) ;
#3481 = AXIS2_PLACEMENT_3D ( 'NONE', #75, #3986, #2248 ) ;
#3482 = ORIENTED_EDGE ( 'NONE', *, *, #934, .F. ) ;
#3483 = CARTESIAN_POINT ( 'NONE',  ( 12.00000000000000000, 2.000000000000000000, -10.99999999999999289 ) ) ;
#3484 = EDGE_CURVE ( 'NONE', #5276, #4554, #470, .T. ) ;
#3485 = CARTESIAN_POINT ( 'NONE',  ( 13.48445554337749819, 0.000000000000000000, 84.37500000000012790 ) ) ;
#3486 = AXIS2_PLACEMENT_3D ( 'NONE', #3806, #2500, #1691 ) ;
#3487 = ADVANCED_FACE ( 'NONE', ( #4443, #441 ), #1329, .T. ) ;
#3488 = ORIENTED_EDGE ( 'NONE', *, *, #437, .T. ) ;
#3489 = ORIENTED_EDGE ( 'NONE', *, *, #4473, .T. ) ;
#3490 = VECTOR ( 'NONE', #1144, 1000.000000000000000 ) ;
#3491 = VERTEX_POINT ( 'NONE', #105 ) ;
#3492 = CYLINDRICAL_SURFACE ( 'NONE', #5057, 1.249999999999997558 ) ;
#3493 = DIRECTION ( 'NONE',  ( 0.000000000000000000, -0.000000000000000000, -1.000000000000000000 ) ) ;
#3494 = VECTOR ( 'NONE', #1904, 1000.000000000000000 ) ;
#3495 = ORIENTED_EDGE ( 'NONE', *, *, #5475, .F. ) ;
#3496 = DIRECTION ( 'NONE',  ( -0.000000000000000000, -1.000000000000000000, -0.000000000000000000 ) ) ;
#3497 = ADVANCED_FACE ( 'NONE', ( #1759 ), #4381, .T. ) ;
#3498 = DIRECTION ( 'NONE',  ( 2.673639354406769807E-16, 0.000000000000000000, 1.000000000000000000 ) ) ;
#3499 =( NAMED_UNIT ( * ) PLANE_ANGLE_UNIT ( ) SI_UNIT ( $, .RADIAN. ) );
#3500 = DIRECTION ( 'NONE',  ( 0.9999980488860908956, -0.000000000000000000, 0.001975404771559541566 ) ) ;
#3501 = EDGE_CURVE ( 'NONE', #1788, #4677, #4710, .T. ) ;
#3502 = AXIS2_PLACEMENT_3D ( 'NONE', #5152, #2965, #87 ) ;
#3503 = EDGE_CURVE ( 'NONE', #4297, #1875, #46, .T. ) ;
#3504 = VERTEX_POINT ( 'NONE', #1787 ) ;
#3505 = ORIENTED_EDGE ( 'NONE', *, *, #367, .T. ) ;
#3506 = VECTOR ( 'NONE', #1013, 1000.000000000000114 ) ;
#3507 = CARTESIAN_POINT ( 'NONE',  ( 42.99999999999978684, 5.000000000000000000, 2.250000000000168754 ) ) ;
#3508 = CARTESIAN_POINT ( 'NONE',  ( -8.999999999999994671, 0.000000000000000000, 10.99999999999999467 ) ) ;
#3509 = DIRECTION ( 'NONE',  ( 0.000000000000000000, 1.000000000000000000, 0.000000000000000000 ) ) ;
#3510 = CARTESIAN_POINT ( 'NONE',  ( -78.40211102539342392, 3.000000000000000000, 13.06606104667467250 ) ) ;
#3511 = AXIS2_PLACEMENT_3D ( 'NONE', #3720, #4985, #2411 ) ;
#3512 = ORIENTED_EDGE ( 'NONE', *, *, #4844, .T. ) ;
#3513 = VECTOR ( 'NONE', #4626, 1000.000000000000000 ) ;
#3514 = CARTESIAN_POINT ( 'NONE',  ( 0.000000000000000000, 10.00000000000000000, 0.000000000000000000 ) ) ;
#3515 = CARTESIAN_POINT ( 'NONE',  ( -7.799999999999958078, -6.000000000000000000, 27.42555455687869781 ) ) ;
#3516 = VECTOR ( 'NONE', #5011, 1000.000000000000114 ) ;
#3517 = DIRECTION ( 'NONE',  ( 1.000000000000000000, 0.000000000000000000, 0.000000000000000000 ) ) ;
#3518 = AXIS2_PLACEMENT_3D ( 'NONE', #2419, #5082, #5617 ) ;
#3519 = ORIENTED_EDGE ( 'NONE', *, *, #2580, .F. ) ;
#3520 = VERTEX_POINT ( 'NONE', #3553 ) ;
#3521 = ORIENTED_EDGE ( 'NONE', *, *, #3803, .F. ) ;
#3522 = ADVANCED_FACE ( 'NONE', ( #5311 ), #5369, .T. ) ;
#3523 = AXIS2_PLACEMENT_3D ( 'NONE', #2737, #977, #4524 ) ;
#3524 = LINE ( 'NONE', #1327, #2220 ) ;
#3525 = LINE ( 'NONE', #412, #1551 ) ;
#3526 = DIRECTION ( 'NONE',  ( 0.000000000000000000, 1.000000000000000000, 0.000000000000000000 ) ) ;
#3527 = ORIENTED_EDGE ( 'NONE', *, *, #3118, .F. ) ;
#3528 = PLANE ( 'NONE',  #2539 ) ;
#3529 = LINE ( 'NONE', #903, #5683 ) ;
#3530 = DIRECTION ( 'NONE',  ( -0.000000000000000000, -1.000000000000000000, -0.000000000000000000 ) ) ;
#3531 = ADVANCED_FACE ( 'NONE', ( #3699 ), #2211, .T. ) ;
#3532 = ORIENTED_EDGE ( 'NONE', *, *, #2301, .F. ) ;
#3533 = VERTEX_POINT ( 'NONE', #4965 ) ;
#3534 = CARTESIAN_POINT ( 'NONE',  ( 0.000000000000000000, 2.200000000000000178, 0.000000000000000000 ) ) ;
#3535 = CARTESIAN_POINT ( 'NONE',  ( 61.00000000000000000, 10.00000000000000000, 110.0000000000000000 ) ) ;
#3536 = DIRECTION ( 'NONE',  ( -1.000000000000000000, 0.000000000000000000, 0.000000000000000000 ) ) ;
#3537 = DIRECTION ( 'NONE',  ( -0.000000000000000000, -1.000000000000000000, -0.000000000000000000 ) ) ;
#3538 = ADVANCED_FACE ( 'NONE', ( #4099 ), #3668, .F. ) ;
#3539 = EDGE_LOOP ( 'NONE', ( #1954, #3330, #952, #3220 ) ) ;
#3540 = SHAPE_REPRESENTATION ( 'pa5100je_assembly', ( #3725, #2425, #407 ), #682 ) ;
#3541 = VECTOR ( 'NONE', #1494, 1000.000000000000000 ) ;
#3542 = CARTESIAN_POINT ( 'NONE',  ( -78.39999999999999147, 3.000000000000000888, 17.31828170427217373 ) ) ;
#3543 = LINE ( 'NONE', #3974, #5419 ) ;
#3544 = DIRECTION ( 'NONE',  ( -0.001975400917334855198, -0.001975400917335128851, 0.9999960977836022114 ) ) ;
#3545 = ADVANCED_FACE ( 'NONE', ( #4125 ), #612, .F. ) ;
#3546 = DIRECTION ( 'NONE',  ( 0.000000000000000000, 0.000000000000000000, 1.000000000000000000 ) ) ;
#3547 = CIRCLE ( 'NONE', #1152, 1.249999999999999334 ) ;
#3548 = ORIENTED_EDGE ( 'NONE', *, *, #876, .T. ) ;
#3549 = VERTEX_POINT ( 'NONE', #640 ) ;
#3550 = EDGE_LOOP ( 'NONE', ( #4863, #3877, #3159, #4814, #5371 ) ) ;
#3551 = LINE ( 'NONE', #4012, #1839 ) ;
#3552 = CARTESIAN_POINT ( 'NONE',  ( 6.297778600213984390, 2.500000000000000000, 20.60598270084805250 ) ) ;
#3553 = CARTESIAN_POINT ( 'NONE',  ( -78.40211102539342392, 0.000000000000000000, 13.06606104667467250 ) ) ;
#3554 = AXIS2_PLACEMENT_3D ( 'NONE', #3619, #224, #4163 ) ;
#3555 = VERTEX_POINT ( 'NONE', #188 ) ;
#3556 = VERTEX_POINT ( 'NONE', #2363 ) ;
#3557 = LINE ( 'NONE', #3065, #4484 ) ;
#3558 = DIRECTION ( 'NONE',  ( -0.5031857961370485022, 0.000000000000000000, -0.8641782539302436117 ) ) ;
#3559 =( NAMED_UNIT ( * ) SI_UNIT ( $, .STERADIAN. ) SOLID_ANGLE_UNIT ( ) );
#3560 = EDGE_CURVE ( 'NONE', #1553, #1505, #1899, .T. ) ;
#3561 = LINE ( 'NONE', #3157, #764 ) ;
#3562 = ORIENTED_EDGE ( 'NONE', *, *, #2038, .T. ) ;
#3563 = ORIENTED_EDGE ( 'NONE', *, *, #1146, .T. ) ;
#3564 = DIRECTION ( 'NONE',  ( -1.000000000000000000, 0.000000000000000000, 3.466879843239611994E-15 ) ) ;
#3565 = DIRECTION ( 'NONE',  ( 0.000000000000000000, 0.000000000000000000, 1.000000000000000000 ) ) ;
#3566 = DIRECTION ( 'NONE',  ( 0.000000000000000000, 1.000000000000000000, 0.000000000000000000 ) ) ;
#3567 = CYLINDRICAL_SURFACE ( 'NONE', #238, 1.250000000000001110 ) ;
#3568 = ADVANCED_FACE ( 'NONE', ( #1927 ), #5423, .T. ) ;
#3569 = ORIENTED_EDGE ( 'NONE', *, *, #2461, .T. ) ;
#3570 = FACE_OUTER_BOUND ( 'NONE', #1504, .T. ) ;
#3571 = LINE ( 'NONE', #888, #3212 ) ;
#3572 = DIRECTION ( 'NONE',  ( 0.000000000000000000, 0.000000000000000000, -1.000000000000000000 ) ) ;
#3573 = CARTESIAN_POINT ( 'NONE',  ( -78.65372625720931410, -13.20000000000000462, -22.18718474039629385 ) ) ;
#3574 = EDGE_CURVE ( 'NONE', #5357, #4297, #3234, .T. ) ;
#3575 = ORIENTED_EDGE ( 'NONE', *, *, #646, .F. ) ;
#3576 = EDGE_CURVE ( 'NONE', #2547, #3467, #5456, .T. ) ;
#3577 = VERTEX_POINT ( 'NONE', #2802 ) ;
#3578 = VERTEX_POINT ( 'NONE', #1532 ) ;
#3579 = VECTOR ( 'NONE', #728, 1000.000000000000000 ) ;
#3580 = CARTESIAN_POINT ( 'NONE',  ( -16.52520088797338715, 0.000000000000000000, 84.38059887544430637 ) ) ;
#3581 = FACE_OUTER_BOUND ( 'NONE', #1135, .T. ) ;
#3582 = CARTESIAN_POINT ( 'NONE',  ( 9.300000000000030909, -6.000000000000000000, 17.95598270084804682 ) ) ;
#3583 = AXIS2_PLACEMENT_3D ( 'NONE', #4005, #1004, #5300 ) ;
#3584 = VERTEX_POINT ( 'NONE', #585 ) ;
#3585 = CARTESIAN_POINT ( 'NONE',  ( 12.00000000000000178, 0.000000000000000000, 5.999999999999992895 ) ) ;
#3586 = CARTESIAN_POINT ( 'NONE',  ( -9.299999999999998934, 2.000000000000000000, -10.54999999999999716 ) ) ;
#3587 = AXIS2_PLACEMENT_3D ( 'NONE', #2110, #706, #5119 ) ;
#3588 = DIRECTION ( 'NONE',  ( 1.000000000000000000, 0.000000000000000000, 0.000000000000000000 ) ) ;
#3589 = DIRECTION ( 'NONE',  ( 0.000000000000000000, 0.000000000000000000, 1.000000000000000000 ) ) ;
#3590 = VERTEX_POINT ( 'NONE', #4072 ) ;
#3591 = ORIENTED_EDGE ( 'NONE', *, *, #3096, .F. ) ;
#3592 = LINE ( 'NONE', #2199, #1984 ) ;
#3593 = EDGE_CURVE ( 'NONE', #3451, #4185, #1048, .T. ) ;
#3594 = DIRECTION ( 'NONE',  ( 2.673639354406774245E-16, 0.000000000000000000, -1.000000000000000000 ) ) ;
#3595 = EDGE_CURVE ( 'NONE', #1831, #894, #218, .T. ) ;
#3596 = CARTESIAN_POINT ( 'NONE',  ( -78.39788897460657324, 3.000000000000000000, 19.07050236186967140 ) ) ;
#3597 = LINE ( 'NONE', #3510, #4188 ) ;
#3598 = VECTOR ( 'NONE', #2445, 1000.000000000000000 ) ;
#3599 = ORIENTED_EDGE ( 'NONE', *, *, #2259, .F. ) ;
#3600 = CARTESIAN_POINT ( 'NONE',  ( 42.99999999999978684, 0.000000000000000000, 4.500000000000170530 ) ) ;
#3601 = CARTESIAN_POINT ( 'NONE',  ( -10.81690585313565833, 5.000000000000000000, 23.19679916792093266 ) ) ;
#3602 = DIRECTION ( 'NONE',  ( 0.5025931071720279864, 0.000000000000000000, -0.8645230873858524845 ) ) ;
#3603 = DIRECTION ( 'NONE',  ( 0.000000000000000000, 0.000000000000000000, -1.000000000000000000 ) ) ;
#3604 = VECTOR ( 'NONE', #3149, 1000.000000000000000 ) ;
#3605 = ORIENTED_EDGE ( 'NONE', *, *, #2656, .F. ) ;
#3606 = EDGE_CURVE ( 'NONE', #5306, #1304, #2744, .T. ) ;
#3607 = VERTEX_POINT ( 'NONE', #4936 ) ;
#3608 = VECTOR ( 'NONE', #2498, 1000.000000000000000 ) ;
#3609 = ORIENTED_EDGE ( 'NONE', *, *, #5112, .F. ) ;
#3610 = EDGE_CURVE ( 'NONE', #1203, #4803, #984, .T. ) ;
#3611 = DIRECTION ( 'NONE',  ( -1.000000000000000000, 0.000000000000000000, 0.000000000000000000 ) ) ;
#3612 = VECTOR ( 'NONE', #4956, 1000.000000000000000 ) ;
#3613 = DIRECTION ( 'NONE',  ( 0.000000000000000000, 0.000000000000000000, 1.000000000000000000 ) ) ;
#3614 = ADVANCED_FACE ( 'NONE', ( #1077 ), #3203, .F. ) ;
#3615 = CARTESIAN_POINT ( 'NONE',  ( 76.05372625720931978, 0.000000000000000000, -20.68607404050326437 ) ) ;
#3616 = ORIENTED_EDGE ( 'NONE', *, *, #2126, .T. ) ;
#3617 = ORIENTED_EDGE ( 'NONE', *, *, #1801, .T. ) ;
#3618 = CIRCLE ( 'NONE', #1586, 0.9999999999999991118 ) ;
#3619 = CARTESIAN_POINT ( 'NONE',  ( 56.00000000000000000, 10.00000000000000000, 96.25076433052315394 ) ) ;
#3620 = DIRECTION ( 'NONE',  ( 0.000000000000000000, -1.000000000000000000, 0.000000000000000000 ) ) ;
#3621 = DIRECTION ( 'NONE',  ( 0.000000000000000000, 0.000000000000000000, 1.000000000000000000 ) ) ;
#3622 = DIRECTION ( 'NONE',  ( 0.6832312780114156991, 0.7071067811865472397, -0.1821950074697107347 ) ) ;
#3623 = ORIENTED_EDGE ( 'NONE', *, *, #1661, .F. ) ;
#3624 = EDGE_LOOP ( 'NONE', ( #4757, #5572, #2690, #3378 ) ) ;
#3625 = FACE_OUTER_BOUND ( 'NONE', #5059, .T. ) ;
#3626 = DIRECTION ( 'NONE',  ( 0.000000000000000000, 0.000000000000000000, -1.000000000000000000 ) ) ;
#3627 = PLANE ( 'NONE',  #5425 ) ;
#3628 = DIRECTION ( 'NONE',  ( 0.7071067811865474617, -0.7071067811865474617, 4.906538933386656825E-15 ) ) ;
#3629 = ORIENTED_EDGE ( 'NONE', *, *, #4316, .F. ) ;
#3630 = DIRECTION ( 'NONE',  ( 0.000000000000000000, -0.000000000000000000, 1.000000000000000000 ) ) ;
#3631 = PLANE ( 'NONE',  #3862 ) ;
#3632 = LINE ( 'NONE', #1807, #1786 ) ;
#3633 = CARTESIAN_POINT ( 'NONE',  ( -12.00000000000000000, 2.000000000000000000, 5.999999999999995559 ) ) ;
#3634 = EDGE_CURVE ( 'NONE', #5592, #310, #492, .T. ) ;
#3635 = VECTOR ( 'NONE', #4057, 999.9999999999998863 ) ;
#3636 = ORIENTED_EDGE ( 'NONE', *, *, #716, .T. ) ;
#3637 = ORIENTED_EDGE ( 'NONE', *, *, #1843, .F. ) ;
#3638 = ORIENTED_EDGE ( 'NONE', *, *, #20, .F. ) ;
#3639 = DIRECTION ( 'NONE',  ( 0.000000000000000000, 0.000000000000000000, -1.000000000000000000 ) ) ;
#3640 = CARTESIAN_POINT ( 'NONE',  ( 9.300000000000030909, -6.000000000000000000, 20.60598270084804895 ) ) ;
#3641 = CONICAL_SURFACE ( 'NONE', #149, 2.649999999999999467, 0.7853981633974482790 ) ;
#3642 = DIRECTION ( 'NONE',  ( 0.000000000000000000, 0.000000000000000000, 1.000000000000000000 ) ) ;
#3643 = ORIENTED_EDGE ( 'NONE', *, *, #3649, .F. ) ;
#3644 = EDGE_LOOP ( 'NONE', ( #3230, #525, #2416, #382 ) ) ;
#3645 = CARTESIAN_POINT ( 'NONE',  ( 61.00000000000000000, 10.00000000000000000, 96.90598270084817045 ) ) ;
#3646 = CARTESIAN_POINT ( 'NONE',  ( 18.03108891324579233, 2.200000000000000178, 87.00000000000009948 ) ) ;
#3647 = CARTESIAN_POINT ( 'NONE',  ( 9.300000000000030909, -1.000000000000028644, 28.92555455687870847 ) ) ;
#3648 = EDGE_LOOP ( 'NONE', ( #1134, #696, #4126, #2996 ) ) ;
#3649 = EDGE_CURVE ( 'NONE', #2917, #1068, #1403, .T. ) ;
#3650 = CARTESIAN_POINT ( 'NONE',  ( -78.40211102539342392, 3.000000000000000000, 13.06606104667467250 ) ) ;
#3651 = CARTESIAN_POINT ( 'NONE',  ( 7.999999999999996447, 2.000000000000000000, 12.00000000000000000 ) ) ;
#3652 = CARTESIAN_POINT ( 'NONE',  ( -7.783094146864282692, 2.500000000000000000, 18.01516623377516169 ) ) ;
#3653 = CIRCLE ( 'NONE', #3377, 2.649999999999999467 ) ;
#3654 = FACE_OUTER_BOUND ( 'NONE', #1528, .T. ) ;
#3655 = PRODUCT_DEFINITION_CONTEXT ( 'detailed design', #4738, 'design' ) ;
#3656 = ORIENTED_EDGE ( 'NONE', *, *, #3861, .T. ) ;
#3657 = DIRECTION ( 'NONE',  ( -0.000000000000000000, 1.000000000000000000, -0.000000000000000000 ) ) ;
#3658 = CARTESIAN_POINT ( 'NONE',  ( -7.814740049539647515, 2.500000000000000000, 23.21506993834929844 ) ) ;
#3659 = DIRECTION ( 'NONE',  ( -0.000000000000000000, -1.000000000000000000, -0.000000000000000000 ) ) ;
#3660 = CARTESIAN_POINT ( 'NONE',  ( -9.299999999999968736, -6.000000000000000000, 21.85598270084804895 ) ) ;
#3661 = VECTOR ( 'NONE', #5680, 1000.000000000000000 ) ;
#3662 = ORIENTED_EDGE ( 'NONE', *, *, #4948, .F. ) ;
#3663 = ORIENTED_EDGE ( 'NONE', *, *, #4688, .T. ) ;
#3664 = EDGE_CURVE ( 'NONE', #940, #3009, #210, .T. ) ;
#3665 = VERTEX_POINT ( 'NONE', #430 ) ;
#3666 = CARTESIAN_POINT ( 'NONE',  ( 78.39406939752160497, 3.000000000000000000, 19.07049724638230259 ) ) ;
#3667 = DIRECTION ( 'NONE',  ( -0.000000000000000000, -1.000000000000000000, -0.000000000000000000 ) ) ;
#3668 = PLANE ( 'NONE',  #1211 ) ;
#3669 = ORIENTED_EDGE ( 'NONE', *, *, #4347, .F. ) ;
#3670 = ORIENTED_EDGE ( 'NONE', *, *, #3332, .F. ) ;
#3671 = VECTOR ( 'NONE', #4942, 1000.000000000000000 ) ;
#3672 = LINE ( 'NONE', #5374, #2816 ) ;
#3673 = CARTESIAN_POINT ( 'NONE',  ( -81.00105486994254989, 3.000000000000000000, 14.56899957709215521 ) ) ;
#3674 = PRODUCT_CONTEXT ( 'NONE', #1272, 'mechanical' ) ;
#3675 = DIRECTION ( 'NONE',  ( 0.000000000000000000, 1.000000000000000000, -0.000000000000000000 ) ) ;
#3676 = VECTOR ( 'NONE', #2206, 1000.000000000000227 ) ;
#3677 = ORIENTED_EDGE ( 'NONE', *, *, #1180, .T. ) ;
#3678 = EDGE_CURVE ( 'NONE', #4453, #2068, #4398, .T. ) ;
#3679 = AXIS2_PLACEMENT_3D ( 'NONE', #2201, #5380, #5293 ) ;
#3680 = DIRECTION ( 'NONE',  ( 0.000000000000000000, 0.000000000000000000, -1.000000000000000000 ) ) ;
#3681 = LINE ( 'NONE', #1057, #925 ) ;
#3682 = EDGE_CURVE ( 'NONE', #2581, #4229, #3328, .T. ) ;
#3683 = PLANE ( 'NONE',  #3948 ) ;
#3684 = DIRECTION ( 'NONE',  ( -0.000000000000000000, 1.000000000000000000, -0.000000000000000000 ) ) ;
#3685 = EDGE_CURVE ( 'NONE', #3491, #258, #2401, .T. ) ;
#3686 = AXIS2_PLACEMENT_3D ( 'NONE', #3737, #5489, #193 ) ;
#3687 = ORIENTED_EDGE ( 'NONE', *, *, #186, .T. ) ;
#3688 = CARTESIAN_POINT ( 'NONE',  ( 78.39406939752160497, 3.000000000000000000, 19.07049724638230259 ) ) ;
#3689 = LINE ( 'NONE', #1523, #549 ) ;
#3690 = DIRECTION ( 'NONE',  ( 0.000000000000000000, 1.000000000000000000, 0.000000000000000000 ) ) ;
#3691 = CARTESIAN_POINT ( 'NONE',  ( -9.299999999999968736, 2.500000000000000444, 21.85598270084804895 ) ) ;
#3692 = AXIS2_PLACEMENT_3D ( 'NONE', #4222, #281, #467 ) ;
#3693 = ORIENTED_EDGE ( 'NONE', *, *, #27, .T. ) ;
#3694 = VERTEX_POINT ( 'NONE', #3542 ) ;
#3695 = VERTEX_POINT ( 'NONE', #2177 ) ;
#3696 = AXIS2_PLACEMENT_3D ( 'NONE', #862, #5241, #3405 ) ;
#3697 = FACE_OUTER_BOUND ( 'NONE', #4815, .T. ) ;
#3698 = DIRECTION ( 'NONE',  ( 1.000000000000000000, 0.000000000000000000, 0.000000000000000000 ) ) ;
#3699 = FACE_OUTER_BOUND ( 'NONE', #3830, .T. ) ;
#3700 = AXIS2_PLACEMENT_3D ( 'NONE', #1250, #5626, #3006 ) ;
#3701 = ORIENTED_EDGE ( 'NONE', *, *, #2817, .T. ) ;
#3702 = VECTOR ( 'NONE', #5098, 1000.000000000000000 ) ;
#3703 = ADVANCED_FACE ( 'NONE', ( #4838 ), #1746, .F. ) ;
#3704 = ORIENTED_EDGE ( 'NONE', *, *, #4449, .F. ) ;
#3705 = VECTOR ( 'NONE', #555, 1000.000000000000000 ) ;
#3706 = LINE ( 'NONE', #1445, #998 ) ;
#3707 = CARTESIAN_POINT ( 'NONE',  ( -9.299999999999968736, -6.000000000000000000, 20.60598270084804895 ) ) ;
#3708 = AXIS2_PLACEMENT_3D ( 'NONE', #73, #4995, #1411 ) ;
#3709 = LINE ( 'NONE', #3739, #3433 ) ;
#3710 = CIRCLE ( 'NONE', #5459, 1.000000000000000888 ) ;
#3711 = ORIENTED_EDGE ( 'NONE', *, *, #2600, .F. ) ;
#3712 = FACE_OUTER_BOUND ( 'NONE', #3172, .T. ) ;
#3713 = CARTESIAN_POINT ( 'NONE',  ( 7.798889300107008538, 2.500000000000000000, 23.20598270084804682 ) ) ;
#3714 = AXIS2_PLACEMENT_3D ( 'NONE', #1022, #3272, #5431 ) ;
#3715 = DIRECTION ( 'NONE',  ( -0.000000000000000000, -0.000000000000000000, 1.000000000000000000 ) ) ;
#3716 = CARTESIAN_POINT ( 'NONE',  ( -78.99999999999997158, 0.000000000000000000, -27.99999999999999645 ) ) ;
#3717 = EDGE_CURVE ( 'NONE', #443, #2770, #3105, .T. ) ;
#3718 = EDGE_LOOP ( 'NONE', ( #1627, #3251, #1812, #3929 ) ) ;
#3719 = EDGE_CURVE ( 'NONE', #5150, #2215, #5299, .T. ) ;
#3720 = CARTESIAN_POINT ( 'NONE',  ( 81.00000000000001421, 2.000000000000001776, 21.90598270084813493 ) ) ;
#3721 = PLANE ( 'NONE',  #5064 ) ;
#3722 = CARTESIAN_POINT ( 'NONE',  ( -16.50586747257980846, 2.200000000000000178, 89.63056327713781002 ) ) ;
#3723 = VERTEX_POINT ( 'NONE', #3 ) ;
#3724 = ORIENTED_EDGE ( 'NONE', *, *, #5112, .T. ) ;
#3725 = AXIS2_PLACEMENT_3D ( 'NONE', #4019, #4359, #3067 ) ;
#3726 = ADVANCED_FACE ( 'NONE', ( #63, #886, #4461 ), #520, .T. ) ;
#3727 = ORIENTED_EDGE ( 'NONE', *, *, #843, .F. ) ;
#3728 = LINE ( 'NONE', #4585, #4884 ) ;
#3729 = CARTESIAN_POINT ( 'NONE',  ( -16.50586747257980846, 0.000000000000000000, 89.63056327713781002 ) ) ;
#3730 = DIRECTION ( 'NONE',  ( 0.000000000000000000, 0.7071067811865474617, 0.7071067811865474617 ) ) ;
#3731 = CIRCLE ( 'NONE', #4744, 1.250000000000001110 ) ;
#3732 = ORIENTED_EDGE ( 'NONE', *, *, #5156, .F. ) ;
#3733 = ORIENTED_EDGE ( 'NONE', *, *, #3132, .F. ) ;
#3734 = ORIENTED_EDGE ( 'NONE', *, *, #3982, .T. ) ;
#3735 = AXIS2_PLACEMENT_3D ( 'NONE', #1864, #1348, #1431 ) ;
#3736 = DIRECTION ( 'NONE',  ( -0.4968074232331490814, 0.000000000000000000, 0.8678608092433017784 ) ) ;
#3737 = CARTESIAN_POINT ( 'NONE',  ( 16.51554445662301873, 2.200000000000000178, 89.62500000000012790 ) ) ;
#3738 = PRODUCT_CONTEXT ( 'NONE', #4435, 'mechanical' ) ;
#3739 = CARTESIAN_POINT ( 'NONE',  ( 7.798889300106999656, 2.500000000000000000, 18.00598270084807240 ) ) ;
#3740 = ORIENTED_EDGE ( 'NONE', *, *, #5223, .F. ) ;
#3741 = ADVANCED_FACE ( 'NONE', ( #458 ), #92, .F. ) ;
#3742 = DIRECTION ( 'NONE',  ( -0.4947203262777916666, 0.000000000000000000, -0.8690522416791727212 ) ) ;
#3743 = CARTESIAN_POINT ( 'NONE',  ( -6.297834196403957030, 5.000000000000000000, 20.62425347127641473 ) ) ;
#3744 = FACE_BOUND ( 'NONE', #4321, .T. ) ;
#3745 = CARTESIAN_POINT ( 'NONE',  ( 78.39999999999999147, -13.20000000000000462, 16.06828170427217728 ) ) ;
#3746 = EDGE_LOOP ( 'NONE', ( #300, #3178, #5418, #4242 ) ) ;
#3747 = VECTOR ( 'NONE', #86, 1000.000000000000114 ) ;
#3748 = APPLICATION_CONTEXT ( 'automotive_design' ) ;
#3749 = DIRECTION ( 'NONE',  ( -0.5017097751579632225, 0.000000000000000000, 0.8650360116844535430 ) ) ;
#3750 = EDGE_CURVE ( 'NONE', #3910, #3578, #1297, .T. ) ;
#3751 = LINE ( 'NONE', #236, #4402 ) ;
#3752 = DIRECTION ( 'NONE',  ( 0.2576626505603321626, 0.000000000000000000, 0.9662349396012462899 ) ) ;
#3753 = ORIENTED_EDGE ( 'NONE', *, *, #4279, .F. ) ;
#3754 = ORIENTED_EDGE ( 'NONE', *, *, #671, .T. ) ;
#3755 = ORIENTED_EDGE ( 'NONE', *, *, #4528, .F. ) ;
#3756 = CARTESIAN_POINT ( 'NONE',  ( 81.25372625720933684, 3.000000000000000000, -20.68607404050327503 ) ) ;
#3757 = ADVANCED_FACE ( 'NONE', ( #3135 ), #4926, .F. ) ;
#3758 = CARTESIAN_POINT ( 'NONE',  ( 13.48445554337749819, 2.200000000000000178, 84.37500000000012790 ) ) ;
#3759 = ADVANCED_FACE ( 'NONE', ( #3570 ), #3237, .T. ) ;
#3760 = VERTEX_POINT ( 'NONE', #2205 ) ;
#3761 = ORIENTED_EDGE ( 'NONE', *, *, #4279, .T. ) ;
#3762 = ORIENTED_EDGE ( 'NONE', *, *, #4894, .F. ) ;
#3763 = CARTESIAN_POINT ( 'NONE',  ( -78.66272347907712970, 0.000000000000000000, -19.18497682232466417 ) ) ;
#3764 = CARTESIAN_POINT ( 'NONE',  ( 9.300000000000030909, -6.000000000000000000, 28.92555455687870847 ) ) ;
#3765 = DIRECTION ( 'NONE',  ( -0.000000000000000000, 1.000000000000000000, -0.000000000000000000 ) ) ;
#3766 = VERTEX_POINT ( 'NONE', #2675 ) ;
#3767 = CARTESIAN_POINT ( 'NONE',  ( -78.65372625720931410, 3.000000000000000888, -23.43718474039629385 ) ) ;
#3768 = CARTESIAN_POINT ( 'NONE',  ( 9.300000000000030909, -6.000000000000000000, 31.92555455687869070 ) ) ;
#3769 = LINE ( 'NONE', #4575, #730 ) ;
#3770 = FACE_OUTER_BOUND ( 'NONE', #5248, .T. ) ;
#3771 = VECTOR ( 'NONE', #5236, 1000.000000000000000 ) ;
#3772 = ADVANCED_FACE ( 'NONE', ( #4864 ), #918, .F. ) ;
#3773 = EDGE_LOOP ( 'NONE', ( #5427, #1140, #457, #1745 ) ) ;
#3774 = DIRECTION ( 'NONE',  ( -0.000000000000000000, -1.000000000000000000, -0.000000000000000000 ) ) ;
#3775 = DIRECTION ( 'NONE',  ( -0.5000000000000008882, 0.000000000000000000, 0.8660254037844381525 ) ) ;
#3776 = CARTESIAN_POINT ( 'NONE',  ( 79.00000000000001421, 0.000000000000000000, -2.112175089981348759E-14 ) ) ;
#3777 = CIRCLE ( 'NONE', #4967, 0.9999999999999991118 ) ;
#3778 = ORIENTED_EDGE ( 'NONE', *, *, #4100, .T. ) ;
#3779 = VERTEX_POINT ( 'NONE', #2379 ) ;
#3780 = DIRECTION ( 'NONE',  ( -0.000000000000000000, 1.000000000000000000, -0.000000000000000000 ) ) ;
#3781 = DIRECTION ( 'NONE',  ( -0.8660254037844389297, 0.000000000000000000, 0.4999999999999994449 ) ) ;
#3782 = FACE_OUTER_BOUND ( 'NONE', #2180, .T. ) ;
#3783 = EDGE_CURVE ( 'NONE', #580, #851, #1575, .T. ) ;
#3784 = VERTEX_POINT ( 'NONE', #259 ) ;
#3785 = ORIENTED_EDGE ( 'NONE', *, *, #5464, .F. ) ;
#3786 = AXIS2_PLACEMENT_3D ( 'NONE', #5024, #2042, #5080 ) ;
#3787 = VERTEX_POINT ( 'NONE', #1064 ) ;
#3788 = EDGE_CURVE ( 'NONE', #564, #1680, #1093, .T. ) ;
#3789 = LINE ( 'NONE', #5087, #3120 ) ;
#3790 = DIRECTION ( 'NONE',  ( -0.7071067811865475727, -0.7071067811865475727, 0.000000000000000000 ) ) ;
#3791 = DIRECTION ( 'NONE',  ( 0.000000000000000000, 1.000000000000000000, -0.000000000000000000 ) ) ;
#3792 = AXIS2_PLACEMENT_3D ( 'NONE', #3164, #861, #3081 ) ;
#3793 = EDGE_LOOP ( 'NONE', ( #4095, #2916, #4591, #2947, #634 ) ) ;
#3794 = CARTESIAN_POINT ( 'NONE',  ( -80.99999999999998579, 2.000000000000001776, -27.99999999999999645 ) ) ;
#3795 = VECTOR ( 'NONE', #1028, 1000.000000000000227 ) ;
#3796 = CARTESIAN_POINT ( 'NONE',  ( -9.299999999999968736, -6.000000000000000000, 20.60598270084804895 ) ) ;
#3797 = DIRECTION ( 'NONE',  ( -0.003682555313065093063, 0.000000000000000000, -0.9999932193701946970 ) ) ;
#3798 = DIRECTION ( 'NONE',  ( 0.000000000000000000, 0.000000000000000000, -1.000000000000000000 ) ) ;
#3799 = CARTESIAN_POINT ( 'NONE',  ( -82.81768854292809579, 3.817688542928089124, 15.61953737478645543 ) ) ;
#3800 = VECTOR ( 'NONE', #1014, 1000.000000000000000 ) ;
#3801 = ORIENTED_EDGE ( 'NONE', *, *, #1754, .F. ) ;
#3802 = AXIS2_PLACEMENT_3D ( 'NONE', #769, #1654, #5554 ) ;
#3803 = EDGE_CURVE ( 'NONE', #770, #5110, #2820, .T. ) ;
#3804 = CARTESIAN_POINT ( 'NONE',  ( -75.79894513005741885, 3.000000000000000000, 17.56756383145217981 ) ) ;
#3805 = LINE ( 'NONE', #4261, #662 ) ;
#3806 = CARTESIAN_POINT ( 'NONE',  ( -78.66272347907712970, 3.000000000000000000, -19.18497682232466417 ) ) ;
#3807 = DIRECTION ( 'NONE',  ( 0.000000000000000000, 0.000000000000000000, -1.000000000000000000 ) ) ;
#3808 = EDGE_CURVE ( 'NONE', #3504, #4723, #4606, .T. ) ;
#3809 = EDGE_CURVE ( 'NONE', #195, #1823, #1888, .T. ) ;
#3810 = ORIENTED_EDGE ( 'NONE', *, *, #3750, .T. ) ;
#3811 = DIRECTION ( 'NONE',  ( 0.000000000000000000, -0.000000000000000000, 1.000000000000000000 ) ) ;
#3812 = CARTESIAN_POINT ( 'NONE',  ( -9.299999999999968736, 0.000000000000000000, 16.95598270084803261 ) ) ;
#3813 = EDGE_CURVE ( 'NONE', #865, #851, #565, .T. ) ;
#3814 = DIRECTION ( 'NONE',  ( 1.000000000000000000, -0.000000000000000000, 1.692413147294447942E-16 ) ) ;
#3815 = EDGE_LOOP ( 'NONE', ( #3070, #4269, #2100, #3002 ) ) ;
#3816 = ORIENTED_EDGE ( 'NONE', *, *, #2699, .T. ) ;
#3817 = ORIENTED_EDGE ( 'NONE', *, *, #2836, .F. ) ;
#3818 = CARTESIAN_POINT ( 'NONE',  ( 46.99999999999997158, 5.000000000000000000, 96.99999999999997158 ) ) ;
#3819 = DIRECTION ( 'NONE',  ( 0.000000000000000000, 0.000000000000000000, -1.000000000000000000 ) ) ;
#3820 = LINE ( 'NONE', #1704, #298 ) ;
#3821 = ORIENTED_EDGE ( 'NONE', *, *, #1384, .T. ) ;
#3822 = DIRECTION ( 'NONE',  ( -1.000000000000000000, 0.000000000000000000, -0.000000000000000000 ) ) ;
#3823 = LINE ( 'NONE', #3058, #1760 ) ;
#3824 = LINE ( 'NONE', #2549, #2573 ) ;
#3825 = FACE_BOUND ( 'NONE', #607, .T. ) ;
#3826 = DIRECTION ( 'NONE',  ( 0.000000000000000000, 0.000000000000000000, 1.000000000000000000 ) ) ;
#3827 = ADVANCED_FACE ( 'NONE', ( #2326 ), #4549, .F. ) ;
#3828 = COLOUR_RGB ( '',0.7921568627450980005, 0.8196078431372548767, 0.9333333333333333481 ) ;
#3829 = ADVANCED_FACE ( 'NONE', ( #3252 ), #5411, .F. ) ;
#3830 = EDGE_LOOP ( 'NONE', ( #3575, #958, #448, #3260 ) ) ;
#3831 = DIRECTION ( 'NONE',  ( 0.7071067811865470176, -0.7071067811865479058, -0.000000000000000000 ) ) ;
#3832 = DIRECTION ( 'NONE',  ( 5.299285731321464636E-16, 0.000000000000000000, -1.000000000000000000 ) ) ;
#3833 = FACE_OUTER_BOUND ( 'NONE', #70, .T. ) ;
#3834 = CARTESIAN_POINT ( 'NONE',  ( -8.999999999999994671, 0.000000000000000000, 10.99999999999999467 ) ) ;
#3835 = VERTEX_POINT ( 'NONE', #206 ) ;
#3836 = VERTEX_POINT ( 'NONE', #4639 ) ;
#3837 = CARTESIAN_POINT ( 'NONE',  ( -40.74999999999978684, 5.000000000000000000, 4.500000000000142997 ) ) ;
#3838 = FACE_BOUND ( 'NONE', #5637, .T. ) ;
#3839 = VERTEX_POINT ( 'NONE', #1947 ) ;
#3840 = VERTEX_POINT ( 'NONE', #5072 ) ;
#3841 = VECTOR ( 'NONE', #1621, 1000.000000000000114 ) ;
#3842 = ORIENTED_EDGE ( 'NONE', *, *, #2303, .F. ) ;
#3843 = ADVANCED_FACE ( 'NONE', ( #602 ), #2848, .T. ) ;
#3844 = CARTESIAN_POINT ( 'NONE',  ( 50.00000000000000000, 3.999999999999988898, 101.0000000000000142 ) ) ;
#3845 = LINE ( 'NONE', #3356, #5430 ) ;
#3846 = DIRECTION ( 'NONE',  ( -0.000000000000000000, -1.000000000000000000, -0.000000000000000000 ) ) ;
#3847 = EDGE_LOOP ( 'NONE', ( #2364, #2054, #3894, #132 ) ) ;
#3848 = CARTESIAN_POINT ( 'NONE',  ( -75.99999999999998579, 5.000000000000000000, 21.25076433052313618 ) ) ;
#3849 = CARTESIAN_POINT ( 'NONE',  ( -78.99999999999998579, 2.000000000000001776, -30.00000000000000000 ) ) ;
#3850 = CARTESIAN_POINT ( 'NONE',  ( -10.99999999999999289, 0.000000000000000000, -11.99999999999999822 ) ) ;
#3851 = PRESENTATION_STYLE_ASSIGNMENT (( #1280 ) ) ;
#3852 = FACE_OUTER_BOUND ( 'NONE', #864, .T. ) ;
#3853 = ADVANCED_FACE ( 'NONE', ( #3222 ), #2879, .F. ) ;
#3854 = VERTEX_POINT ( 'NONE', #1035 ) ;
#3855 = AXIS2_PLACEMENT_3D ( 'NONE', #3148, #2135, #927 ) ;
#3856 = ADVANCED_FACE ( 'NONE', ( #5471 ), #685, .F. ) ;
#3857 = CARTESIAN_POINT ( 'NONE',  ( -42.99999999999980105, 10.00000000000000000, 4.500000000000142997 ) ) ;
#3858 = DIRECTION ( 'NONE',  ( -1.000000000000000000, 0.000000000000000000, 0.000000000000000000 ) ) ;
#3859 = CARTESIAN_POINT ( 'NONE',  ( 3.750000000000000000, 4.000000000000000000, -6.499999999999999112 ) ) ;
#3860 = DIRECTION ( 'NONE',  ( 1.000000000000000000, -0.000000000000000000, 1.692413147294446709E-16 ) ) ;
#3861 = EDGE_CURVE ( 'NONE', #4328, #1372, #4614, .T. ) ;
#3862 = AXIS2_PLACEMENT_3D ( 'NONE', #4839, #5386, #948 ) ;
#3863 = ORIENTED_EDGE ( 'NONE', *, *, #3068, .T. ) ;
#3864 = ORIENTED_EDGE ( 'NONE', *, *, #2543, .F. ) ;
#3865 = VECTOR ( 'NONE', #4282, 1000.000000000000000 ) ;
#3866 = CARTESIAN_POINT ( 'NONE',  ( 81.00000000000001421, 2.000000000000001776, 21.90598270084813493 ) ) ;
#3867 = DIRECTION ( 'NONE',  ( -0.7071067811865561215, 0.7071067811865389130, 0.000000000000000000 ) ) ;
#3868 = ORIENTED_EDGE ( 'NONE', *, *, #2543, .T. ) ;
#3869 = ORIENTED_EDGE ( 'NONE', *, *, #3458, .F. ) ;
#3870 = ORIENTED_EDGE ( 'NONE', *, *, #196, .F. ) ;
#3871 = DIRECTION ( 'NONE',  ( 2.673639354406769807E-16, 0.000000000000000000, 1.000000000000000000 ) ) ;
#3872 = CARTESIAN_POINT ( 'NONE',  ( -70.44457295101973671, -8.555427048980217108, -14.40733019915203172 ) ) ;
#3873 = VECTOR ( 'NONE', #4624, 1000.000000000000000 ) ;
#3874 = CARTESIAN_POINT ( 'NONE',  ( -10.99999999999999289, 2.000000000000000000, 7.000000000000002665 ) ) ;
#3875 = VECTOR ( 'NONE', #1955, 1000.000000000000000 ) ;
#3876 = PRODUCT_RELATED_PRODUCT_CATEGORY ( 'part', '', ( #1993 ) ) ;
#3877 = ORIENTED_EDGE ( 'NONE', *, *, #4555, .F. ) ;
#3878 = DIRECTION ( 'NONE',  ( 0.000000000000000000, 0.000000000000000000, -1.000000000000000000 ) ) ;
#3879 = CARTESIAN_POINT ( 'NONE',  ( 9.300000000000030909, -6.000000000000000000, 23.25598270084804753 ) ) ;
#3880 = ADVANCED_FACE ( 'NONE', ( #1548 ), #2437, .F. ) ;
#3881 = VECTOR ( 'NONE', #4578, 1000.000000000000000 ) ;
#3882 = EDGE_CURVE ( 'NONE', #4937, #3381, #2763, .T. ) ;
#3883 = CARTESIAN_POINT ( 'NONE',  ( -9.299999999999968736, -6.000000000000000000, 31.92555455687869070 ) ) ;
#3884 = VECTOR ( 'NONE', #2136, 1000.000000000000000 ) ;
#3885 = ORIENTED_EDGE ( 'NONE', *, *, #2729, .T. ) ;
#3886 = VECTOR ( 'NONE', #2032, 1000.000000000000114 ) ;
#3887 = ORIENTED_EDGE ( 'NONE', *, *, #1772, .F. ) ;
#3888 = FACE_OUTER_BOUND ( 'NONE', #3119, .T. ) ;
#3889 = DIRECTION ( 'NONE',  ( 0.0007031544687453771458, 0.000000000000000000, 0.9999997527868660363 ) ) ;
#3890 = VECTOR ( 'NONE', #39, 1000.000000000000114 ) ;
#3891 = CARTESIAN_POINT ( 'NONE',  ( 12.00000000000000000, 2.000000000000000000, -10.99999999999999289 ) ) ;
#3892 = DIRECTION ( 'NONE',  ( -0.000000000000000000, -1.000000000000000000, -0.000000000000000000 ) ) ;
#3893 = VECTOR ( 'NONE', #5089, 1000.000000000000000 ) ;
#3894 = ORIENTED_EDGE ( 'NONE', *, *, #1585, .F. ) ;
#3895 = LINE ( 'NONE', #2535, #1209 ) ;
#3896 = CARTESIAN_POINT ( 'NONE',  ( -14.99999999999974598, 2.200000000000000622, 88.25000000000012790 ) ) ;
#3897 = ORIENTED_EDGE ( 'NONE', *, *, #791, .F. ) ;
#3898 = EDGE_CURVE ( 'NONE', #3578, #4663, #477, .T. ) ;
#3899 = ORIENTED_EDGE ( 'NONE', *, *, #82, .T. ) ;
#3900 = ORIENTED_EDGE ( 'NONE', *, *, #4636, .F. ) ;
#3901 = CARTESIAN_POINT ( 'NONE',  ( 9.299999999999998934, 0.000000000000000000, -10.54999999999999716 ) ) ;
#3902 = DIRECTION ( 'NONE',  ( -0.000000000000000000, -1.000000000000000000, -0.000000000000000000 ) ) ;
#3903 = EDGE_LOOP ( 'NONE', ( #830, #5111, #2384, #3637 ) ) ;
#3904 = ORIENTED_EDGE ( 'NONE', *, *, #4824, .T. ) ;
#3905 = CARTESIAN_POINT ( 'NONE',  ( 7.800000000000030909, 0.000000000000000000, 28.92555455687869781 ) ) ;
#3906 = CARTESIAN_POINT ( 'NONE',  ( -97.63532756694938541, 18.63532756694933212, -11.36467243305059505 ) ) ;
#3907 = DIRECTION ( 'NONE',  ( -0.9662349396012462899, 0.000000000000000000, -0.2576626505603324957 ) ) ;
#3908 = PLANE ( 'NONE',  #1767 ) ;
#3909 = AXIS2_PLACEMENT_3D ( 'NONE', #1578, #5526, #5503 ) ;
#3910 = VERTEX_POINT ( 'NONE', #742 ) ;
#3911 = ADVANCED_FACE ( 'NONE', ( #4230 ), #3913, .F. ) ;
#3912 = ORIENTED_EDGE ( 'NONE', *, *, #4475, .F. ) ;
#3913 = CYLINDRICAL_SURFACE ( 'NONE', #5447, 2.250000000000008882 ) ;
#3914 = LINE ( 'NONE', #5183, #1391 ) ;
#3915 = VECTOR ( 'NONE', #2237, 1000.000000000000000 ) ;
#3916 = FACE_BOUND ( 'NONE', #1978, .T. ) ;
#3917 = FACE_OUTER_BOUND ( 'NONE', #303, .T. ) ;
#3918 = VERTEX_POINT ( 'NONE', #1629 ) ;
#3919 = CARTESIAN_POINT ( 'NONE',  ( 0.000000000000000000, 4.000000000000000000, 0.000000000000000000 ) ) ;
#3920 = CARTESIAN_POINT ( 'NONE',  ( -7.799999999999968736, 0.000000000000000000, 28.92555455687869781 ) ) ;
#3921 = AXIS2_PLACEMENT_3D ( 'NONE', #3155, #935, #2139 ) ;
#3922 = ORIENTED_EDGE ( 'NONE', *, *, #3634, .F. ) ;
#3923 = ORIENTED_EDGE ( 'NONE', *, *, #3719, .F. ) ;
#3924 = ORIENTED_EDGE ( 'NONE', *, *, #1368, .F. ) ;
#3925 = EDGE_CURVE ( 'NONE', #3955, #442, #2527, .T. ) ;
#3926 = LINE ( 'NONE', #5279, #4862 ) ;
#3927 = EDGE_CURVE ( 'NONE', #3854, #5592, #3452, .T. ) ;
#3928 = FACE_OUTER_BOUND ( 'NONE', #5410, .T. ) ;
#3929 = ORIENTED_EDGE ( 'NONE', *, *, #2729, .F. ) ;
#3930 = CARTESIAN_POINT ( 'NONE',  ( -10.29999999999999893, 0.000000000000000000, 28.92555455687870847 ) ) ;
#3931 = CARTESIAN_POINT ( 'NONE',  ( 59.00000000000000000, 0.000000000000000000, 110.0000000000000000 ) ) ;
#3932 = PLANE ( 'NONE',  #5635 ) ;
#3933 = EDGE_LOOP ( 'NONE', ( #3988, #2643 ) ) ;
#3934 = ORIENTED_EDGE ( 'NONE', *, *, #1979, .T. ) ;
#3935 = SURFACE_STYLE_FILL_AREA ( #3477 ) ;
#3936 = FACE_BOUND ( 'NONE', #3258, .T. ) ;
#3937 = LINE ( 'NONE', #3355, #5518 ) ;
#3938 = LINE ( 'NONE', #5294, #2340 ) ;
#3939 = EDGE_CURVE ( 'NONE', #1534, #3760, #4777, .T. ) ;
#3940 = AXIS2_PLACEMENT_3D ( 'NONE', #1020, #4132, #1933 ) ;
#3941 = ORIENTED_EDGE ( 'NONE', *, *, #3664, .F. ) ;
#3942 = SHAPE_REPRESENTATION ( 'Pa5100je', ( #1971 ), #775 ) ;
#3943 = DIRECTION ( 'NONE',  ( 0.000000000000000000, 1.000000000000000000, -0.000000000000000000 ) ) ;
#3944 = CARTESIAN_POINT ( 'NONE',  ( 10.99999999999999467, 2.000000000000000000, 7.000000000000000000 ) ) ;
#3945 = DIRECTION ( 'NONE',  ( -1.445602896647339163E-16, -0.000000000000000000, -1.000000000000000000 ) ) ;
#3946 = VERTEX_POINT ( 'NONE', #3369 ) ;
#3947 = VERTEX_POINT ( 'NONE', #3340 ) ;
#3948 = AXIS2_PLACEMENT_3D ( 'NONE', #3217, #2757, #1911 ) ;
#3949 = ORIENTED_EDGE ( 'NONE', *, *, #4981, .F. ) ;
#3950 = DIRECTION ( 'NONE',  ( 0.7071067811865475727, -0.7071067811865475727, 0.000000000000000000 ) ) ;
#3951 = DIRECTION ( 'NONE',  ( 0.000000000000000000, -1.000000000000000000, -0.000000000000000000 ) ) ;
#3952 = EDGE_CURVE ( 'NONE', #9, #4467, #1260, .T. ) ;
#3953 = FACE_OUTER_BOUND ( 'NONE', #3085, .T. ) ;
#3954 = CONICAL_SURFACE ( 'NONE', #3481, 1.500000000000001332, 0.7853981633974479459 ) ;
#3955 = VERTEX_POINT ( 'NONE', #400 ) ;
#3956 = ADVANCED_FACE ( 'NONE', ( #4287 ), #2964, .F. ) ;
#3957 = DIRECTION ( 'NONE',  ( -0.000000000000000000, -1.000000000000000000, -0.000000000000000000 ) ) ;
#3958 = DIRECTION ( 'NONE',  ( -0.000000000000000000, -0.000000000000000000, -1.000000000000000000 ) ) ;
#3959 = APPLICATION_PROTOCOL_DEFINITION ( 'draft international standard', 'automotive_design', 1998, #4144 ) ;
#3960 = DIRECTION ( 'NONE',  ( 0.000000000000000000, 1.000000000000000000, -0.000000000000000000 ) ) ;
#3961 = VECTOR ( 'NONE', #4847, 1000.000000000000000 ) ;
#3962 = ORIENTED_EDGE ( 'NONE', *, *, #20, .T. ) ;
#3963 = ORIENTED_EDGE ( 'NONE', *, *, #739, .T. ) ;
#3964 = VECTOR ( 'NONE', #2913, 1000.000000000000114 ) ;
#3965 = SURFACE_STYLE_USAGE ( .BOTH. , #4804 ) ;
#3966 = CARTESIAN_POINT ( 'NONE',  ( 40.74999999999977263, 5.000000000000000000, 6.896583575224837079E-15 ) ) ;
#3967 = DIRECTION ( 'NONE',  ( 0.000000000000000000, 1.000000000000000000, -0.000000000000000000 ) ) ;
#3968 = LINE ( 'NONE', #3162, #4830 ) ;
#3969 = AXIS2_PLACEMENT_3D ( 'NONE', #4429, #5326, #3310 ) ;
#3970 = EDGE_CURVE ( 'NONE', #536, #223, #1175, .T. ) ;
#3971 = ORIENTED_EDGE ( 'NONE', *, *, #606, .T. ) ;
#3972 = AXIS2_PLACEMENT_3D ( 'NONE', #7, #4785, #68 ) ;
#3973 = CARTESIAN_POINT ( 'NONE',  ( -7.814740049539647515, 2.500000000000000000, 23.21506993834929844 ) ) ;
#3974 = CARTESIAN_POINT ( 'NONE',  ( -13.49413252741967639, 2.200000000000000178, 84.36943672286245999 ) ) ;
#3975 = DIRECTION ( 'NONE',  ( 0.4982882737281260632, -0.000000000000000000, 0.8670114164560027703 ) ) ;
#3976 = CIRCLE ( 'NONE', #1475, 1.250000000000001110 ) ;
#3977 = LINE ( 'NONE', #4841, #2503 ) ;
#3978 = AXIS2_PLACEMENT_3D ( 'NONE', #2044, #3814, #2914 ) ;
#3979 = ADVANCED_FACE ( 'NONE', ( #3888 ), #1573, .T. ) ;
#3980 = ORIENTED_EDGE ( 'NONE', *, *, #5392, .F. ) ;
#3981 = ORIENTED_EDGE ( 'NONE', *, *, #2653, .F. ) ;
#3982 = EDGE_CURVE ( 'NONE', #3533, #5207, #287, .T. ) ;
#3983 = ORIENTED_EDGE ( 'NONE', *, *, #4053, .T. ) ;
#3984 = VECTOR ( 'NONE', #4191, 999.9999999999998863 ) ;
#3985 = CARTESIAN_POINT ( 'NONE',  ( 45.24999999999978684, 0.000000000000000000, 4.500000000000170530 ) ) ;
#3986 = DIRECTION ( 'NONE',  ( 0.000000000000000000, 1.000000000000000000, 0.000000000000000000 ) ) ;
#3987 = CARTESIAN_POINT ( 'NONE',  ( 9.300000000000030909, -6.000000000000000000, 20.60598270084804895 ) ) ;
#3988 = ORIENTED_EDGE ( 'NONE', *, *, #4345, .F. ) ;
#3989 = ORIENTED_EDGE ( 'NONE', *, *, #4446, .T. ) ;
#3990 = DIRECTION ( 'NONE',  ( -0.000000000000000000, -1.000000000000000000, -0.000000000000000000 ) ) ;
#3991 = CARTESIAN_POINT ( 'NONE',  ( 40.74999999999976552, 0.000000000000000000, 45.50000000000012079 ) ) ;
#3992 = CARTESIAN_POINT ( 'NONE',  ( -13.13688242021428643, 29.06317777273896397, 89.83563849639969590 ) ) ;
#3993 = LINE ( 'NONE', #5317, #128 ) ;
#3994 = EDGE_LOOP ( 'NONE', ( #4871, #5485, #5600, #91 ) ) ;
#3995 = ORIENTED_EDGE ( 'NONE', *, *, #2301, .T. ) ;
#3996 = DIRECTION ( 'NONE',  ( -0.2576626505603324402, -0.000000000000000000, 0.9662349396012461789 ) ) ;
#3997 = CARTESIAN_POINT ( 'NONE',  ( 11.96891108675472637, 2.200000000000000178, 87.00000000000012790 ) ) ;
#3998 = ADVANCED_FACE ( 'NONE', ( #2146 ), #4260, .T. ) ;
#3999 = LINE ( 'NONE', #4456, #4507 ) ;
#4000 = CARTESIAN_POINT ( 'NONE',  ( 9.300000000000030909, 2.500000000000000444, 19.35598270084804540 ) ) ;
#4001 = EDGE_CURVE ( 'NONE', #302, #4629, #1753, .T. ) ;
#4002 = ORIENTED_EDGE ( 'NONE', *, *, #5029, .T. ) ;
#4003 = CIRCLE ( 'NONE', #3169, 4.000000000000045297 ) ;
#4004 = DIRECTION ( 'NONE',  ( 0.000000000000000000, 0.000000000000000000, 1.000000000000000000 ) ) ;
#4005 = CARTESIAN_POINT ( 'NONE',  ( 76.00000000000001421, 10.00000000000000000, 21.25076433052315039 ) ) ;
#4006 = DIRECTION ( 'NONE',  ( -0.000000000000000000, -1.000000000000000000, -0.000000000000000000 ) ) ;
#4007 = LINE ( 'NONE', #2564, #663 ) ;
#4008 = PRESENTATION_LAYER_ASSIGNMENT (  '', '', ( #3175 ) ) ;
#4009 = ORIENTED_EDGE ( 'NONE', *, *, #916, .T. ) ;
#4010 = VERTEX_POINT ( 'NONE', #825 ) ;
#4011 = ORIENTED_EDGE ( 'NONE', *, *, #3803, .T. ) ;
#4012 = CARTESIAN_POINT ( 'NONE',  ( -75.80105615545083708, 3.000000000000000000, 14.56534317385470878 ) ) ;
#4013 = CARTESIAN_POINT ( 'NONE',  ( 75.80297037413535577, 3.000000000000000000, 14.56203788081107398 ) ) ;
#4014 = DIRECTION ( 'NONE',  ( -0.000000000000000000, 1.000000000000000000, -0.000000000000000000 ) ) ;
#4015 = EDGE_CURVE ( 'NONE', #4187, #2511, #1938, .T. ) ;
#4016 = EDGE_LOOP ( 'NONE', ( #262, #1722 ) ) ;
#4017 = LINE ( 'NONE', #49, #2922 ) ;
#4018 = LINE ( 'NONE', #4796, #4047 ) ;
#4019 = CARTESIAN_POINT ( 'NONE',  ( 0.000000000000000000, 0.000000000000000000, 0.000000000000000000 ) ) ;
#4020 = DIRECTION ( 'NONE',  ( 0.000000000000000000, 0.000000000000000000, 1.000000000000000000 ) ) ;
#4021 = EDGE_LOOP ( 'NONE', ( #600, #1755, #2276, #747 ) ) ;
#4022 = VERTEX_POINT ( 'NONE', #2555 ) ;
#4023 = CARTESIAN_POINT ( 'NONE',  ( 56.00000000000000000, 5.000000000000000000, 96.25076433052315394 ) ) ;
#4024 = FACE_OUTER_BOUND ( 'NONE', #5334, .T. ) ;
#4025 = PLANE ( 'NONE',  #3034 ) ;
#4026 = CARTESIAN_POINT ( 'NONE',  ( 7.800000000000019362, -1.000000000000028644, 27.42555455687869781 ) ) ;
#4027 = EDGE_CURVE ( 'NONE', #2719, #4843, #371, .T. ) ;
#4028 = EDGE_CURVE ( 'NONE', #5207, #4837, #2905, .T. ) ;
#4029 = ORIENTED_EDGE ( 'NONE', *, *, #4656, .T. ) ;
#4030 = EDGE_CURVE ( 'NONE', #4775, #2189, #1667, .T. ) ;
#4031 = DIRECTION ( 'NONE',  ( -0.8656736124572120827, 0.000000000000000000, 0.5006088260261506440 ) ) ;
#4032 = DIRECTION ( 'NONE',  ( 1.000000000000000000, 0.000000000000000000, -0.000000000000000000 ) ) ;
#4033 = CARTESIAN_POINT ( 'NONE',  ( 82.82094627686906563, 3.820946276869061187, 15.62671854125101412 ) ) ;
#4034 = CARTESIAN_POINT ( 'NONE',  ( -7.783094146864282692, 5.000000000000000000, 18.01516623377516169 ) ) ;
#4035 = ORIENTED_EDGE ( 'NONE', *, *, #2418, .T. ) ;
#4036 = ORIENTED_EDGE ( 'NONE', *, *, #4809, .F. ) ;
#4037 = ORIENTED_EDGE ( 'NONE', *, *, #5356, .F. ) ;
#4038 = VECTOR ( 'NONE', #5651, 1000.000000000000000 ) ;
#4039 = CARTESIAN_POINT ( 'NONE',  ( 61.00000000000000000, 2.000000000000001776, 96.90598270084817045 ) ) ;
#4040 = LINE ( 'NONE', #639, #3800 ) ;
#4041 = DIRECTION ( 'NONE',  ( -0.000000000000000000, 1.000000000000000000, -0.000000000000000000 ) ) ;
#4042 = ORIENTED_EDGE ( 'NONE', *, *, #3882, .T. ) ;
#4043 = VECTOR ( 'NONE', #5502, 1000.000000000000000 ) ;
#4044 = ORIENTED_EDGE ( 'NONE', *, *, #2526, .F. ) ;
#4045 = CARTESIAN_POINT ( 'NONE',  ( -78.39999999999999147, -13.20000000000000462, 16.06828170427217728 ) ) ;
#4046 = LINE ( 'NONE', #2193, #2097 ) ;
#4047 = VECTOR ( 'NONE', #1333, 1000.000000000000000 ) ;
#4048 = PLANE ( 'NONE',  #3339 ) ;
#4049 = ADVANCED_FACE ( 'NONE', ( #2062 ), #5126, .F. ) ;
#4050 = ORIENTED_EDGE ( 'NONE', *, *, #1352, .F. ) ;
#4051 = VERTEX_POINT ( 'NONE', #4666 ) ;
#4052 = ADVANCED_FACE ( 'NONE', ( #1658 ), #2147, .F. ) ;
#4053 = EDGE_CURVE ( 'NONE', #2040, #1312, #3914, .T. ) ;
#4054 = CARTESIAN_POINT ( 'NONE',  ( 10.99999999999999289, 2.000000000000000000, -12.00000000000000000 ) ) ;
#4055 = PLANE ( 'NONE',  #1290 ) ;
#4056 = DIRECTION ( 'NONE',  ( 0.5052611553710814052, 0.000000000000000000, -0.8629664911646801606 ) ) ;
#4057 = DIRECTION ( 'NONE',  ( -0.9999814816488731273, 0.000000000000000000, -0.006085750514491136340 ) ) ;
#4058 = VECTOR ( 'NONE', #1636, 1000.000000000000000 ) ;
#4059 = VERTEX_POINT ( 'NONE', #288 ) ;
#4060 = DIRECTION ( 'NONE',  ( 1.000000000000000000, 0.000000000000000000, 0.000000000000000000 ) ) ;
#4061 = DIRECTION ( 'NONE',  ( -0.7071067811865486830, 0.7071067811865463515, 1.890548517948253046E-16 ) ) ;
#4062 = DIRECTION ( 'NONE',  ( -0.000000000000000000, 1.000000000000000000, -0.000000000000000000 ) ) ;
#4063 = CARTESIAN_POINT ( 'NONE',  ( 12.00000000000000000, 0.000000000000000000, -10.99999999999999289 ) ) ;
#4064 = VECTOR ( 'NONE', #5140, 1000.000000000000000 ) ;
#4065 = VERTEX_POINT ( 'NONE', #2119 ) ;
#4066 = VERTEX_POINT ( 'NONE', #5127 ) ;
#4067 = ORIENTED_EDGE ( 'NONE', *, *, #934, .T. ) ;
#4068 = CIRCLE ( 'NONE', #741, 1.249999999999997558 ) ;
#4069 = DIRECTION ( 'NONE',  ( 0.000000000000000000, 0.000000000000000000, 1.000000000000000000 ) ) ;
#4070 = AXIS2_PLACEMENT_3D ( 'NONE', #2647, #4320, #1268 ) ;
#4071 = DIRECTION ( 'NONE',  ( 0.000000000000000000, 0.000000000000000000, -1.000000000000000000 ) ) ;
#4072 = CARTESIAN_POINT ( 'NONE',  ( 7.800000000000011369, 0.000000000000000000, 26.42555455687866939 ) ) ;
#4073 = ADVANCED_FACE ( 'NONE', ( #2528 ), #1261, .F. ) ;
#4074 = ORIENTED_EDGE ( 'NONE', *, *, #1743, .T. ) ;
#4075 = ORIENTED_EDGE ( 'NONE', *, *, #4086, .F. ) ;
#4076 = CIRCLE ( 'NONE', #1040, 1.249999999999997558 ) ;
#4077 = CARTESIAN_POINT ( 'NONE',  ( -10.00000000000000178, 2.000000000000000000, 7.000000000000002665 ) ) ;
#4078 = FACE_OUTER_BOUND ( 'NONE', #1100, .T. ) ;
#4079 = CARTESIAN_POINT ( 'NONE',  ( 9.300000000000030909, -6.000000000000000000, 20.60598270084804895 ) ) ;
#4080 = ORIENTED_EDGE ( 'NONE', *, *, #2152, .T. ) ;
#4081 = CARTESIAN_POINT ( 'NONE',  ( 81.00000000000001421, 2.000000000000001776, 21.90598270084813493 ) ) ;
#4082 = DIRECTION ( 'NONE',  ( -0.0007031544687453770374, 0.000000000000000000, -0.9999997527868660363 ) ) ;
#4083 = PLANE ( 'NONE',  #5336 ) ;
#4084 = DIRECTION ( 'NONE',  ( 0.000000000000000000, 0.000000000000000000, 1.000000000000000000 ) ) ;
#4085 = ADVANCED_FACE ( 'NONE', ( #4693 ), #346, .F. ) ;
#4086 = EDGE_CURVE ( 'NONE', #442, #1789, #2990, .T. ) ;
#4087 = ORIENTED_EDGE ( 'NONE', *, *, #241, .T. ) ;
#4088 = CARTESIAN_POINT ( 'NONE',  ( 42.99999999999978684, 0.000000000000000000, 4.500000000000170530 ) ) ;
#4089 = CARTESIAN_POINT ( 'NONE',  ( -42.99999999999980815, 0.000000000000000000, 45.50000000000012079 ) ) ;
#4090 = CARTESIAN_POINT ( 'NONE',  ( -9.299999999999968736, -6.000000000000000000, 31.92555455687869070 ) ) ;
#4091 = CARTESIAN_POINT ( 'NONE',  ( -7.799999999999968736, -6.000000000000000000, 31.92555455687869781 ) ) ;
#4092 = AXIS2_PLACEMENT_3D ( 'NONE', #3456, #5237, #1606 ) ;
#4093 = ORIENTED_EDGE ( 'NONE', *, *, #2526, .T. ) ;
#4094 = ORIENTED_EDGE ( 'NONE', *, *, #3382, .F. ) ;
#4095 = ORIENTED_EDGE ( 'NONE', *, *, #716, .F. ) ;
#4096 = CARTESIAN_POINT ( 'NONE',  ( 81.00000000000000000, 10.00000000000000000, -28.00000000000002487 ) ) ;
#4097 = LINE ( 'NONE', #2362, #1034 ) ;
#4098 =( GEOMETRIC_REPRESENTATION_CONTEXT ( 3 ) GLOBAL_UNCERTAINTY_ASSIGNED_CONTEXT ( ( #4637 ) ) GLOBAL_UNIT_ASSIGNED_CONTEXT ( ( #5120, #2958, #5605 ) ) REPRESENTATION_CONTEXT ( 'NONE', 'WORKASPACE' ) );
#4099 = FACE_OUTER_BOUND ( 'NONE', #2393, .T. ) ;
#4100 = EDGE_CURVE ( 'NONE', #5364, #4638, #5582, .T. ) ;
#4101 = ORIENTED_EDGE ( 'NONE', *, *, #1218, .F. ) ;
#4102 = EDGE_LOOP ( 'NONE', ( #2612, #1794, #4044, #3495 ) ) ;
#4103 = EDGE_CURVE ( 'NONE', #2667, #219, #2906, .T. ) ;
#4104 = EDGE_CURVE ( 'NONE', #4173, #677, #772, .T. ) ;
#4105 = DIRECTION ( 'NONE',  ( -0.000000000000000000, 1.000000000000000000, -0.000000000000000000 ) ) ;
#4106 = CARTESIAN_POINT ( 'NONE',  ( -50.00000000000000000, 3.999999999999988898, 110.0000000000000000 ) ) ;
#4107 = CARTESIAN_POINT ( 'NONE',  ( 10.99999999999999467, 0.000000000000000000, 7.000000000000000000 ) ) ;
#4108 = ORIENTED_EDGE ( 'NONE', *, *, #2536, .T. ) ;
#4109 = CARTESIAN_POINT ( 'NONE',  ( -12.30216580359597778, 5.000000000000000000, 20.58771193041968317 ) ) ;
#4110 = DIRECTION ( 'NONE',  ( -1.000000000000000000, 0.000000000000000000, -0.000000000000000000 ) ) ;
#4111 = CARTESIAN_POINT ( 'NONE',  ( -9.299999999999998934, 0.000000000000000000, -9.299999999999997158 ) ) ;
#4112 = CYLINDRICAL_SURFACE ( 'NONE', #4560, 1.249999999999997558 ) ;
#4113 = AXIS2_PLACEMENT_3D ( 'NONE', #2897, #4195, #280 ) ;
#4114 = VERTEX_POINT ( 'NONE', #4753 ) ;
#4115 = DIRECTION ( 'NONE',  ( -0.000000000000000000, 1.000000000000000000, -0.000000000000000000 ) ) ;
#4116 = CARTESIAN_POINT ( 'NONE',  ( -81.00000000000000000, 3.000000000000000000, 21.90598270084804966 ) ) ;
#4117 = CARTESIAN_POINT ( 'NONE',  ( 78.39406939752160497, 3.000000000000000000, 19.07049724638230259 ) ) ;
#4118 = CYLINDRICAL_SURFACE ( 'NONE', #4344, 2.250000000000001776 ) ;
#4119 = EDGE_CURVE ( 'NONE', #781, #1071, #711, .T. ) ;
#4120 = VERTEX_POINT ( 'NONE', #4231 ) ;
#4121 = ORIENTED_EDGE ( 'NONE', *, *, #3076, .F. ) ;
#4122 = ORIENTED_EDGE ( 'NONE', *, *, #2000, .F. ) ;
#4123 = DIRECTION ( 'NONE',  ( 0.4999999999999992784, 0.000000000000000000, -0.8660254037844390407 ) ) ;
#4124 = CARTESIAN_POINT ( 'NONE',  ( -81.00000000000000000, 2.000000000000001776, 16.06919580517704560 ) ) ;
#4125 = FACE_OUTER_BOUND ( 'NONE', #1444, .T. ) ;
#4126 = ORIENTED_EDGE ( 'NONE', *, *, #1006, .F. ) ;
#4127 = ORIENTED_EDGE ( 'NONE', *, *, #3184, .F. ) ;
#4128 = AXIS2_PLACEMENT_3D ( 'NONE', #3707, #3620, #991 ) ;
#4129 = DIRECTION ( 'NONE',  ( -0.4999999999999991673, 0.000000000000000000, -0.8660254037844390407 ) ) ;
#4130 = EDGE_CURVE ( 'NONE', #2700, #3840, #3805, .T. ) ;
#4131 = EDGE_CURVE ( 'NONE', #1789, #4377, #2063, .T. ) ;
#4132 = DIRECTION ( 'NONE',  ( -0.000000000000000000, 1.000000000000000000, -0.000000000000000000 ) ) ;
#4133 = DIRECTION ( 'NONE',  ( 0.000000000000000000, -0.000000000000000000, -1.000000000000000000 ) ) ;
#4134 = CIRCLE ( 'NONE', #4498, 1.000000000000000888 ) ;
#4135 = EDGE_CURVE ( 'NONE', #5390, #4114, #386, .T. ) ;
#4136 = ORIENTED_EDGE ( 'NONE', *, *, #2609, .T. ) ;
#4137 = AXIS2_PLACEMENT_3D ( 'NONE', #1316, #3536, #2730 ) ;
#4138 = LINE ( 'NONE', #5433, #5403 ) ;
#4139 = CARTESIAN_POINT ( 'NONE',  ( -78.99999999999998579, 0.000000000000000000, -19.38105354612779152 ) ) ;
#4140 = DIRECTION ( 'NONE',  ( -0.000000000000000000, 0.000000000000000000, 1.000000000000000000 ) ) ;
#4141 = PLANE ( 'NONE',  #1697 ) ;
#4142 = ADVANCED_FACE ( 'NONE', ( #4778 ), #2556, .F. ) ;
#4143 = VERTEX_POINT ( 'NONE', #2586 ) ;
#4144 = APPLICATION_CONTEXT ( 'automotive_design' ) ;
#4145 = CARTESIAN_POINT ( 'NONE',  ( 46.99999999999997868, 2.500000000000000000, 98.00000000000000000 ) ) ;
#4146 = DIRECTION ( 'NONE',  ( 0.000000000000000000, 0.000000000000000000, 1.000000000000000000 ) ) ;
#4147 = LINE ( 'NONE', #5048, #5652 ) ;
#4148 = AXIS2_PLACEMENT_3D ( 'NONE', #1740, #2728, #5291 ) ;
#4149 = ORIENTED_EDGE ( 'NONE', *, *, #3199, .F. ) ;
#4150 = ORIENTED_EDGE ( 'NONE', *, *, #1423, .F. ) ;
#4151 = ORIENTED_EDGE ( 'NONE', *, *, #4309, .T. ) ;
#4152 = VECTOR ( 'NONE', #1375, 1000.000000000000227 ) ;
#4153 = CARTESIAN_POINT ( 'NONE',  ( 76.00000000000000000, 10.00000000000000000, -30.00000000000000000 ) ) ;
#4154 = CARTESIAN_POINT ( 'NONE',  ( -11.00000000000000000, 2.000000000000000000, -11.00000000000000000 ) ) ;
#4155 = DIRECTION ( 'NONE',  ( 0.000000000000000000, 0.000000000000000000, 1.000000000000000000 ) ) ;
#4156 = AXIS2_PLACEMENT_3D ( 'NONE', #1905, #5653, #5571 ) ;
#4157 = ORIENTED_EDGE ( 'NONE', *, *, #3288, .F. ) ;
#4158 = VECTOR ( 'NONE', #1521, 1000.000000000000114 ) ;
#4159 = ADVANCED_FACE ( 'NONE', ( #4340 ), #401, .F. ) ;
#4160 = ORIENTED_EDGE ( 'NONE', *, *, #3649, .T. ) ;
#4161 = ORIENTED_EDGE ( 'NONE', *, *, #4699, .T. ) ;
#4162 = AXIS2_PLACEMENT_3D ( 'NONE', #2388, #217, #1047 ) ;
#4163 = DIRECTION ( 'NONE',  ( 0.2576626505603324402, 0.000000000000000000, -0.9662349396012461789 ) ) ;
#4164 = DIRECTION ( 'NONE',  ( 0.7071067811865389130, 0.7071067811865561215, 0.000000000000000000 ) ) ;
#4165 = CARTESIAN_POINT ( 'NONE',  ( -7.799999999999968736, -6.000000000000000000, 31.92555455687869781 ) ) ;
#4166 = VECTOR ( 'NONE', #1335, 1000.000000000000000 ) ;
#4167 = ORIENTED_EDGE ( 'NONE', *, *, #118, .T. ) ;
#4168 = ADVANCED_FACE ( 'NONE', ( #3396 ), #3370, .F. ) ;
#4169 = CYLINDRICAL_SURFACE ( 'NONE', #5312, 0.9999999999999991118 ) ;
#4170 = DIRECTION ( 'NONE',  ( 0.8660254037844380415, 0.000000000000000000, -0.5000000000000012212 ) ) ;
#4171 = FACE_BOUND ( 'NONE', #1466, .T. ) ;
#4172 = FACE_OUTER_BOUND ( 'NONE', #3387, .T. ) ;
#4173 = VERTEX_POINT ( 'NONE', #3535 ) ;
#4174 = ADVANCED_FACE ( 'NONE', ( #1397, #3936, #4024 ), #881, .T. ) ;
#4175 = CARTESIAN_POINT ( 'NONE',  ( 78.65372625720931410, 3.000000000000000888, -22.18718474039629385 ) ) ;
#4176 = FACE_OUTER_BOUND ( 'NONE', #4880, .T. ) ;
#4177 = CARTESIAN_POINT ( 'NONE',  ( 81.00000000000000000, 2.000000000000001776, -20.53958511760301064 ) ) ;
#4178 = EDGE_CURVE ( 'NONE', #3134, #195, #1827, .T. ) ;
#4179 = ORIENTED_EDGE ( 'NONE', *, *, #3076, .T. ) ;
#4180 = ORIENTED_EDGE ( 'NONE', *, *, #4473, .F. ) ;
#4181 = ORIENTED_EDGE ( 'NONE', *, *, #4772, .T. ) ;
#4182 = FACE_OUTER_BOUND ( 'NONE', #4787, .T. ) ;
#4183 = DIRECTION ( 'NONE',  ( 0.000000000000000000, -0.000000000000000000, -1.000000000000000000 ) ) ;
#4184 = VECTOR ( 'NONE', #3752, 1000.000000000000227 ) ;
#4185 = VERTEX_POINT ( 'NONE', #3043 ) ;
#4186 = ORIENTED_EDGE ( 'NONE', *, *, #2978, .T. ) ;
#4187 = VERTEX_POINT ( 'NONE', #2639 ) ;
#4188 = VECTOR ( 'NONE', #1829, 1000.000000000000000 ) ;
#4189 = CARTESIAN_POINT ( 'NONE',  ( -61.00000000000001421, 10.00000000000000000, 96.90598270084805677 ) ) ;
#4190 = PLANE ( 'NONE',  #720 ) ;
#4191 = DIRECTION ( 'NONE',  ( 0.7071067811865482389, 0.7071067811865469066, 0.000000000000000000 ) ) ;
#4192 = ADVANCED_FACE ( 'NONE', ( #1315, #1367 ), #4055, .T. ) ;
#4193 = ORIENTED_EDGE ( 'NONE', *, *, #2937, .T. ) ;
#4194 = EDGE_CURVE ( 'NONE', #5297, #354, #942, .T. ) ;
#4195 = DIRECTION ( 'NONE',  ( 0.000000000000000000, 1.000000000000000000, 0.000000000000000000 ) ) ;
#4196 = DIRECTION ( 'NONE',  ( -0.000000000000000000, 1.000000000000000000, -0.000000000000000000 ) ) ;
#4197 = CARTESIAN_POINT ( 'NONE',  ( -56.00000000000002132, 10.00000000000000000, 110.0000000000000142 ) ) ;
#4198 = DIRECTION ( 'NONE',  ( 0.000000000000000000, 1.000000000000000000, -0.000000000000000000 ) ) ;
#4199 = ORIENTED_EDGE ( 'NONE', *, *, #1076, .T. ) ;
#4200 = VECTOR ( 'NONE', #4833, 1000.000000000000000 ) ;
#4201 = DIRECTION ( 'NONE',  ( -2.673639354406774245E-16, 0.000000000000000000, 1.000000000000000000 ) ) ;
#4202 = LINE ( 'NONE', #260, #1824 ) ;
#4203 = CARTESIAN_POINT ( 'NONE',  ( 50.00000000000000000, 2.500000000000000000, 110.0000000000000000 ) ) ;
#4204 = EDGE_CURVE ( 'NONE', #410, #4597, #4068, .T. ) ;
#4205 = ORIENTED_EDGE ( 'NONE', *, *, #3717, .T. ) ;
#4206 = ADVANCED_FACE ( 'NONE', ( #4834 ), #4734, .F. ) ;
#4207 = ORIENTED_EDGE ( 'NONE', *, *, #2080, .F. ) ;
#4208 = CARTESIAN_POINT ( 'NONE',  ( 79.00000000000004263, 2.000000000000001776, -30.00000000000000000 ) ) ;
#4209 = DIRECTION ( 'NONE',  ( -1.000000000000000000, 0.000000000000000000, 0.000000000000000000 ) ) ;
#4210 = LINE ( 'NONE', #353, #2130 ) ;
#4211 = PRODUCT_DEFINITION_SHAPE ( 'NONE', 'NONE',  #5692 ) ;
#4212 = VERTEX_POINT ( 'NONE', #4889 ) ;
#4213 = ORIENTED_EDGE ( 'NONE', *, *, #3288, .T. ) ;
#4214 = ORIENTED_EDGE ( 'NONE', *, *, #154, .T. ) ;
#4215 = CARTESIAN_POINT ( 'NONE',  ( -18.03106836055345141, 2.200000000000000178, 87.01116215258194586 ) ) ;
#4216 = CARTESIAN_POINT ( 'NONE',  ( -7.999999999999986677, 2.000000000000000000, 12.00000000000000178 ) ) ;
#4217 = LINE ( 'NONE', #2077, #1847 ) ;
#4218 = ADVANCED_FACE ( 'NONE', ( #4455 ), #1287, .F. ) ;
#4219 = VECTOR ( 'NONE', #4970, 1000.000000000000114 ) ;
#4220 = VERTEX_POINT ( 'NONE', #31 ) ;
#4221 = DIRECTION ( 'NONE',  ( -0.2576626505603323292, -0.000000000000000000, -0.9662349396012462899 ) ) ;
#4222 = CARTESIAN_POINT ( 'NONE',  ( -42.99999999999980105, 0.000000000000000000, 4.500000000000142997 ) ) ;
#4223 = CARTESIAN_POINT ( 'NONE',  ( -9.299999999999968736, -6.000000000000000000, 20.60598270084804895 ) ) ;
#4224 = AXIS2_PLACEMENT_3D ( 'NONE', #5472, #3253, #4667 ) ;
#4225 = FACE_BOUND ( 'NONE', #2929, .T. ) ;
#4226 = DIRECTION ( 'NONE',  ( 0.000000000000000000, 0.000000000000000000, -1.000000000000000000 ) ) ;
#4227 = CIRCLE ( 'NONE', #552, 1.249999999999999334 ) ;
#4228 = ADVANCED_FACE ( 'NONE', ( #1340 ), #1771, .F. ) ;
#4229 = VERTEX_POINT ( 'NONE', #4486 ) ;
#4230 = FACE_OUTER_BOUND ( 'NONE', #5398, .T. ) ;
#4231 = CARTESIAN_POINT ( 'NONE',  ( 9.000000000000005329, 2.000000000000000000, 8.000000000000007105 ) ) ;
#4232 = CARTESIAN_POINT ( 'NONE',  ( -2.250000000000000444, 4.000000000000000000, -6.499999999999999112 ) ) ;
#4233 = DIRECTION ( 'NONE',  ( -0.000000000000000000, 1.000000000000000000, -0.000000000000000000 ) ) ;
#4234 = AXIS2_PLACEMENT_3D ( 'NONE', #333, #2453, #786 ) ;
#4235 = ORIENTED_EDGE ( 'NONE', *, *, #267, .T. ) ;
#4236 = ORIENTED_EDGE ( 'NONE', *, *, #203, .T. ) ;
#4237 = DIRECTION ( 'NONE',  ( -1.020425574104004985E-16, -0.000000000000000000, -1.000000000000000000 ) ) ;
#4238 = DIRECTION ( 'NONE',  ( 0.000000000000000000, 0.000000000000000000, 1.000000000000000000 ) ) ;
#4239 = DIRECTION ( 'NONE',  ( -0.000000000000000000, 1.000000000000000000, -0.000000000000000000 ) ) ;
#4240 = AXIS2_PLACEMENT_3D ( 'NONE', #1603, #826, #372 ) ;
#4241 = ORIENTED_EDGE ( 'NONE', *, *, #4561, .T. ) ;
#4242 = ORIENTED_EDGE ( 'NONE', *, *, #586, .F. ) ;
#4243 = VECTOR ( 'NONE', #1870, 1000.000000000000114 ) ;
#4244 = ORIENTED_EDGE ( 'NONE', *, *, #4449, .T. ) ;
#4245 = EDGE_CURVE ( 'NONE', #258, #3491, #1744, .T. ) ;
#4246 = CARTESIAN_POINT ( 'NONE',  ( -16.52520088797338715, 2.200000000000000178, 84.38059887544430637 ) ) ;
#4247 = DIRECTION ( 'NONE',  ( -0.6540040068579852095, 0.6540040068579827670, -0.3802072040708910361 ) ) ;
#4248 = EDGE_CURVE ( 'NONE', #4476, #3533, #5265, .T. ) ;
#4249 = LINE ( 'NONE', #763, #3235 ) ;
#4250 = ORIENTED_EDGE ( 'NONE', *, *, #2230, .F. ) ;
#4251 = DIRECTION ( 'NONE',  ( -0.000000000000000000, -1.000000000000000000, -0.000000000000000000 ) ) ;
#4252 = AXIS2_PLACEMENT_3D ( 'NONE', #2291, #2264, #117 ) ;
#4253 = DIRECTION ( 'NONE',  ( -0.000000000000000000, -1.000000000000000000, -0.000000000000000000 ) ) ;
#4254 = LINE ( 'NONE', #818, #3124 ) ;
#4255 = DIRECTION ( 'NONE',  ( 0.000000000000000000, 0.000000000000000000, -1.000000000000000000 ) ) ;
#4256 = CARTESIAN_POINT ( 'NONE',  ( -7.799999999999968736, -6.000000000000000000, 28.92555455687869781 ) ) ;
#4257 = VECTOR ( 'NONE', #4618, 1000.000000000000000 ) ;
#4258 = ORIENTED_EDGE ( 'NONE', *, *, #3329, .F. ) ;
#4259 = AXIS2_PLACEMENT_3D ( 'NONE', #2665, #3960, #963 ) ;
#4260 = PLANE ( 'NONE',  #1213 ) ;
#4261 = CARTESIAN_POINT ( 'NONE',  ( 16.51554445662301873, 0.000000000000000000, 89.62500000000012790 ) ) ;
#4262 = CARTESIAN_POINT ( 'NONE',  ( -50.00000000000000000, 3.999999999999988898, 110.0000000000000000 ) ) ;
#4263 = CARTESIAN_POINT ( 'NONE',  ( -80.99999999999990052, 3.000000000000000000, 16.06919580542166059 ) ) ;
#4264 = EDGE_CURVE ( 'NONE', #1203, #2547, #4423, .T. ) ;
#4265 = ORIENTED_EDGE ( 'NONE', *, *, #887, .F. ) ;
#4266 = CARTESIAN_POINT ( 'NONE',  ( -18.03106836055345141, 0.000000000000000000, 87.01116215258194586 ) ) ;
#4267 = CARTESIAN_POINT ( 'NONE',  ( 0.5000000000000004441, 4.000000000000000000, -3.870000000000000107 ) ) ;
#4268 = PLANE ( 'NONE',  #3518 ) ;
#4269 = ORIENTED_EDGE ( 'NONE', *, *, #4245, .T. ) ;
#4270 = ORIENTED_EDGE ( 'NONE', *, *, #5404, .F. ) ;
#4271 = ORIENTED_EDGE ( 'NONE', *, *, #3329, .T. ) ;
#4272 = FACE_OUTER_BOUND ( 'NONE', #2791, .T. ) ;
#4273 = DIRECTION ( 'NONE',  ( 0.000000000000000000, 0.000000000000000000, 1.000000000000000000 ) ) ;
#4274 = EDGE_CURVE ( 'NONE', #537, #5391, #2767, .T. ) ;
#4275 = LINE ( 'NONE', #4742, #4990 ) ;
#4276 = EDGE_CURVE ( 'NONE', #415, #3694, #1303, .T. ) ;
#4277 = ORIENTED_EDGE ( 'NONE', *, *, #2569, .T. ) ;
#4278 = AXIS2_PLACEMENT_3D ( 'NONE', #4808, #5129, #2934 ) ;
#4279 = EDGE_CURVE ( 'NONE', #4296, #4613, #854, .T. ) ;
#4280 = CARTESIAN_POINT ( 'NONE',  ( 9.300000000000030909, -6.000000000000000000, 28.92555455687870847 ) ) ;
#4281 = CARTESIAN_POINT ( 'NONE',  ( 0.5000000000000006661, 5.000000000000000000, -1.969999999999999973 ) ) ;
#4282 = DIRECTION ( 'NONE',  ( -1.000000000000000000, -0.000000000000000000, 7.885106708985492732E-17 ) ) ;
#4283 = SURFACE_STYLE_FILL_AREA ( #4307 ) ;
#4284 = CARTESIAN_POINT ( 'NONE',  ( -61.00000000000001421, 10.00000000000000000, 96.90598270084805677 ) ) ;
#4285 = AXIS2_PLACEMENT_3D ( 'NONE', #4516, #1859, #3189 ) ;
#4286 = ORIENTED_EDGE ( 'NONE', *, *, #2294, .T. ) ;
#4287 = FACE_OUTER_BOUND ( 'NONE', #3539, .T. ) ;
#4288 = CARTESIAN_POINT ( 'NONE',  ( -75.80105615545083708, 3.000000000000000000, 14.56534317385470878 ) ) ;
#4289 = CARTESIAN_POINT ( 'NONE',  ( -12.30216580359597778, 2.500000000000000000, 20.58771193041968317 ) ) ;
#4290 = FACE_OUTER_BOUND ( 'NONE', #1379, .T. ) ;
#4291 = EDGE_LOOP ( 'NONE', ( #3324, #5023, #1269, #4286 ) ) ;
#4292 = EDGE_LOOP ( 'NONE', ( #4271, #182, #3900, #1738 ) ) ;
#4293 = DIRECTION ( 'NONE',  ( 0.000000000000000000, -0.000000000000000000, 1.000000000000000000 ) ) ;
#4294 = EDGE_CURVE ( 'NONE', #4143, #5233, #425, .T. ) ;
#4295 = CARTESIAN_POINT ( 'NONE',  ( -11.00000000000000178, 0.000000000000000000, 6.000000000000002665 ) ) ;
#4296 = VERTEX_POINT ( 'NONE', #3187 ) ;
#4297 = VERTEX_POINT ( 'NONE', #1425 ) ;
#4298 = VECTOR ( 'NONE', #3742, 1000.000000000000227 ) ;
#4299 = VERTEX_POINT ( 'NONE', #3743 ) ;
#4300 = CARTESIAN_POINT ( 'NONE',  ( 27.66666666666718655, 53.33333333333322912, -81.33333333333322912 ) ) ;
#4301 = DIRECTION ( 'NONE',  ( -0.7071067811865500152, 0.000000000000000000, 0.7071067811865450192 ) ) ;
#4302 = CARTESIAN_POINT ( 'NONE',  ( -9.999999999999992895, 2.000000000000000000, 8.000000000000001776 ) ) ;
#4303 = ORIENTED_EDGE ( 'NONE', *, *, #531, .F. ) ;
#4304 = EDGE_CURVE ( 'NONE', #404, #2040, #5379, .T. ) ;
#4305 = CARTESIAN_POINT ( 'NONE',  ( -76.05823654365040909, 3.000000000000000000, -20.67828895865947558 ) ) ;
#4306 = DIRECTION ( 'NONE',  ( -1.445602896647339163E-16, 0.000000000000000000, -1.000000000000000000 ) ) ;
#4307 = FILL_AREA_STYLE ('',( #2111 ) ) ;
#4308 = LINE ( 'NONE', #366, #1856 ) ;
#4309 = EDGE_CURVE ( 'NONE', #1721, #169, #4632, .T. ) ;
#4310 = VERTEX_POINT ( 'NONE', #5467 ) ;
#4311 = VECTOR ( 'NONE', #3667, 1000.000000000000000 ) ;
#4312 = CARTESIAN_POINT ( 'NONE',  ( -74.99999999999998579, 2.000000000000001776, -30.00000000000000000 ) ) ;
#4313 = DIRECTION ( 'NONE',  ( -0.000000000000000000, -1.000000000000000000, -0.000000000000000000 ) ) ;
#4314 = FACE_OUTER_BOUND ( 'NONE', #1025, .T. ) ;
#4315 = DIRECTION ( 'NONE',  ( 0.000000000000000000, 0.000000000000000000, 1.000000000000000000 ) ) ;
#4316 = EDGE_CURVE ( 'NONE', #2883, #3839, #3681, .T. ) ;
#4317 = EDGE_LOOP ( 'NONE', ( #5254, #1128, #4388, #776 ) ) ;
#4318 = AXIS2_PLACEMENT_3D ( 'NONE', #363, #1683, #2927 ) ;
#4319 = PLANE ( 'NONE',  #204 ) ;
#4320 = DIRECTION ( 'NONE',  ( -0.000000000000000000, 1.000000000000000000, -0.000000000000000000 ) ) ;
#4321 = EDGE_LOOP ( 'NONE', ( #4355, #3482, #698, #2745, #5192, #672 ) ) ;
#4322 = ORIENTED_EDGE ( 'NONE', *, *, #1825, .F. ) ;
#4323 = ORIENTED_EDGE ( 'NONE', *, *, #3574, .T. ) ;
#4324 = FACE_OUTER_BOUND ( 'NONE', #1868, .T. ) ;
#4325 = LINE ( 'NONE', #385, #3884 ) ;
#4326 = EDGE_CURVE ( 'NONE', #4346, #5150, #996, .T. ) ;
#4327 = VECTOR ( 'NONE', #3173, 1000.000000000000000 ) ;
#4328 = VERTEX_POINT ( 'NONE', #230 ) ;
#4329 = CARTESIAN_POINT ( 'NONE',  ( 12.00000000000000000, 2.000000000000000000, -10.99999999999999289 ) ) ;
#4330 = PLANE ( 'NONE',  #1105 ) ;
#4331 = AXIS2_PLACEMENT_3D ( 'NONE', #3283, #1121, #4201 ) ;
#4332 = CARTESIAN_POINT ( 'NONE',  ( -78.65372625720931410, 10.00000000000000000, -23.43718474039629385 ) ) ;
#4333 = DIRECTION ( 'NONE',  ( 0.5773502691896245098, 0.5773502691896263972, -0.5773502691896263972 ) ) ;
#4334 = VECTOR ( 'NONE', #76, 1000.000000000000000 ) ;
#4335 = EDGE_CURVE ( 'NONE', #2169, #4527, #2403, .T. ) ;
#4336 = EDGE_LOOP ( 'NONE', ( #4788, #3407, #5613, #4179 ) ) ;
#4337 = AXIS2_PLACEMENT_3D ( 'NONE', #2090, #5609, #3832 ) ;
#4338 = ORIENTED_EDGE ( 'NONE', *, *, #2831, .F. ) ;
#4339 = DIRECTION ( 'NONE',  ( 0.8645230873858525955, 0.000000000000000000, 0.5025931071720280974 ) ) ;
#4340 = FACE_OUTER_BOUND ( 'NONE', #5477, .T. ) ;
#4341 = VECTOR ( 'NONE', #2594, 1000.000000000000000 ) ;
#4342 = CARTESIAN_POINT ( 'NONE',  ( -51.00000000000003553, 5.000000000000000000, 101.0000000000000142 ) ) ;
#4343 = CARTESIAN_POINT ( 'NONE',  ( 61.00000000000000000, 2.000000000000001776, 96.90598270084817045 ) ) ;
#4344 = AXIS2_PLACEMENT_3D ( 'NONE', #523, #2795, #4226 ) ;
#4345 = EDGE_CURVE ( 'NONE', #2582, #5668, #5436, .T. ) ;
#4346 = VERTEX_POINT ( 'NONE', #625 ) ;
#4347 = EDGE_CURVE ( 'NONE', #4582, #1751, #144, .T. ) ;
#4348 = FACE_OUTER_BOUND ( 'NONE', #2798, .T. ) ;
#4349 = FACE_OUTER_BOUND ( 'NONE', #1070, .T. ) ;
#4350 = ORIENTED_EDGE ( 'NONE', *, *, #1141, .T. ) ;
#4351 = ORIENTED_EDGE ( 'NONE', *, *, #2113, .T. ) ;
#4352 = ORIENTED_EDGE ( 'NONE', *, *, #3221, .T. ) ;
#4353 = CARTESIAN_POINT ( 'NONE',  ( -13.47479911202610481, 2.200000000000000178, 89.61940112455596363 ) ) ;
#4354 = DIRECTION ( 'NONE',  ( -1.000000000000000000, 0.000000000000000000, -2.775557561562875574E-15 ) ) ;
#4355 = ORIENTED_EDGE ( 'NONE', *, *, #1381, .F. ) ;
#4356 = ORIENTED_EDGE ( 'NONE', *, *, #4294, .F. ) ;
#4357 = LINE ( 'NONE', #902, #3473 ) ;
#4358 = FACE_OUTER_BOUND ( 'NONE', #1718, .T. ) ;
#4359 = DIRECTION ( 'NONE',  ( 0.000000000000000000, 0.000000000000000000, 1.000000000000000000 ) ) ;
#4360 = EDGE_CURVE ( 'NONE', #1071, #408, #255, .T. ) ;
#4361 = DIRECTION ( 'NONE',  ( 0.000000000000000000, 0.000000000000000000, -1.000000000000000000 ) ) ;
#4362 = VECTOR ( 'NONE', #4641, 1000.000000000000000 ) ;
#4363 = ORIENTED_EDGE ( 'NONE', *, *, #4387, .T. ) ;
#4364 = ORIENTED_EDGE ( 'NONE', *, *, #5327, .T. ) ;
#4365 = LINE ( 'NONE', #424, #69 ) ;
#4366 = DIRECTION ( 'NONE',  ( 2.673639354406769807E-16, 0.000000000000000000, 1.000000000000000000 ) ) ;
#4367 = DIRECTION ( 'NONE',  ( -0.7071067811865389130, 0.7071067811865561215, 0.000000000000000000 ) ) ;
#4368 = CARTESIAN_POINT ( 'NONE',  ( -2.250000000000000444, 2.000000000000000000, -6.499999999999999112 ) ) ;
#4369 = EDGE_LOOP ( 'NONE', ( #3056, #1098, #381, #411 ) ) ;
#4370 = CARTESIAN_POINT ( 'NONE',  ( -11.00000000000000178, 0.000000000000000000, 6.000000000000002665 ) ) ;
#4371 = EDGE_CURVE ( 'NONE', #2797, #2047, #679, .T. ) ;
#4372 = FACE_OUTER_BOUND ( 'NONE', #5607, .T. ) ;
#4373 = DIRECTION ( 'NONE',  ( -0.9999814816488731273, 0.000000000000000000, -0.006085750514491136340 ) ) ;
#4374 = EDGE_CURVE ( 'NONE', #4404, #5193, #5407, .T. ) ;
#4375 = VERTEX_POINT ( 'NONE', #4139 ) ;
#4376 = EDGE_LOOP ( 'NONE', ( #2415, #4352 ) ) ;
#4377 = VERTEX_POINT ( 'NONE', #198 ) ;
#4378 =( GEOMETRIC_REPRESENTATION_CONTEXT ( 3 ) GLOBAL_UNCERTAINTY_ASSIGNED_CONTEXT ( ( #490 ) ) GLOBAL_UNIT_ASSIGNED_CONTEXT ( ( #4485, #3100, #4454 ) ) REPRESENTATION_CONTEXT ( 'NONE', 'WORKASPACE' ) );
#4379 = LINE ( 'NONE', #1651, #2022 ) ;
#4380 = LINE ( 'NONE', #2687, #1097 ) ;
#4381 = PLANE ( 'NONE',  #2312 ) ;
#4382 = ORIENTED_EDGE ( 'NONE', *, *, #498, .T. ) ;
#4383 = EDGE_LOOP ( 'NONE', ( #5164, #4504, #3669, #2666 ) ) ;
#4384 = CARTESIAN_POINT ( 'NONE',  ( -80.99894384454913165, 1.998943844549124549, 17.57122023468964045 ) ) ;
#4385 = DIRECTION ( 'NONE',  ( 0.000000000000000000, 0.000000000000000000, -1.000000000000000000 ) ) ;
#4386 = FACE_OUTER_BOUND ( 'NONE', #3746, .T. ) ;
#4387 = EDGE_CURVE ( 'NONE', #3840, #4803, #1940, .T. ) ;
#4388 = ORIENTED_EDGE ( 'NONE', *, *, #4932, .F. ) ;
#4389 = ORIENTED_EDGE ( 'NONE', *, *, #2937, .F. ) ;
#4390 = DIRECTION ( 'NONE',  ( 1.000000000000000000, 0.000000000000000000, 0.000000000000000000 ) ) ;
#4391 = CARTESIAN_POINT ( 'NONE',  ( 11.00000000000000178, 2.000000000000000000, -11.00000000000000000 ) ) ;
#4392 = CARTESIAN_POINT ( 'NONE',  ( -7.999999999999994671, 0.000000000000000000, 11.00000000000000355 ) ) ;
#4393 = EDGE_CURVE ( 'NONE', #3289, #5297, #1995, .T. ) ;
#4394 = VECTOR ( 'NONE', #1989, 1000.000000000000114 ) ;
#4395 = VECTOR ( 'NONE', #4539, 1000.000000000000000 ) ;
#4396 = UNCERTAINTY_MEASURE_WITH_UNIT (LENGTH_MEASURE( 1.000000000000000082E-05 ), #4827, 'distance_accuracy_value', 'NONE');
#4397 = VERTEX_POINT ( 'NONE', #3713 ) ;
#4398 = LINE ( 'NONE', #2644, #22 ) ;
#4399 = LINE ( 'NONE', #459, #3676 ) ;
#4400 = CARTESIAN_POINT ( 'NONE',  ( 9.300000000000030909, 0.000000000000000000, 24.25598270084806174 ) ) ;
#4401 = DIRECTION ( 'NONE',  ( -0.000000000000000000, 1.000000000000000000, -0.000000000000000000 ) ) ;
#4402 = VECTOR ( 'NONE', #5412, 1000.000000000000000 ) ;
#4403 = ORIENTED_EDGE ( 'NONE', *, *, #4015, .T. ) ;
#4404 = VERTEX_POINT ( 'NONE', #3651 ) ;
#4405 = AXIS2_PLACEMENT_3D ( 'NONE', #4111, #5012, #2789 ) ;
#4406 = ORIENTED_EDGE ( 'NONE', *, *, #789, .F. ) ;
#4407 = CARTESIAN_POINT ( 'NONE',  ( 75.80297037413535577, 0.000000000000000000, 14.56203788081107398 ) ) ;
#4408 = CARTESIAN_POINT ( 'NONE',  ( -80.99999999999998579, 5.000000000000000000, -27.99999999999999645 ) ) ;
#4409 = DIRECTION ( 'NONE',  ( 1.000000000000000000, 0.000000000000000000, 0.000000000000000000 ) ) ;
#4410 = VECTOR ( 'NONE', #249, 1000.000000000000000 ) ;
#4411 = ORIENTED_EDGE ( 'NONE', *, *, #2953, .T. ) ;
#4412 = ORIENTED_EDGE ( 'NONE', *, *, #5404, .T. ) ;
#4413 = ADVANCED_FACE ( 'NONE', ( #1451 ), #5041, .F. ) ;
#4414 = EDGE_CURVE ( 'NONE', #3694, #4775, #3216, .T. ) ;
#4415 = CARTESIAN_POINT ( 'NONE',  ( -10.81690585313565833, 2.500000000000000000, 23.19679916792093266 ) ) ;
#4416 = DIRECTION ( 'NONE',  ( -0.000000000000000000, 1.000000000000000000, -0.000000000000000000 ) ) ;
#4417 = CARTESIAN_POINT ( 'NONE',  ( 9.300000000000030909, -1.000000000000028644, 31.92555455687869070 ) ) ;
#4418 = AXIS2_PLACEMENT_3D ( 'NONE', #867, #1199, #3389 ) ;
#4419 = ORIENTED_EDGE ( 'NONE', *, *, #1801, .F. ) ;
#4420 = ORIENTED_EDGE ( 'NONE', *, *, #3970, .T. ) ;
#4421 = VECTOR ( 'NONE', #4006, 1000.000000000000000 ) ;
#4422 = DIRECTION ( 'NONE',  ( -0.000000000000000000, 1.000000000000000000, -0.000000000000000000 ) ) ;
#4423 = LINE ( 'NONE', #3997, #2969 ) ;
#4424 = CARTESIAN_POINT ( 'NONE',  ( -81.24921597076824753, 3.000000000000000000, -23.69608052213312277 ) ) ;
#4425 = DIRECTION ( 'NONE',  ( 0.000000000000000000, 0.000000000000000000, 1.000000000000000000 ) ) ;
#4426 = VECTOR ( 'NONE', #4409, 1000.000000000000000 ) ;
#4427 = AXIS2_PLACEMENT_3D ( 'NONE', #3514, #2269, #3630 ) ;
#4428 = ORIENTED_EDGE ( 'NONE', *, *, #3436, .T. ) ;
#4429 = CARTESIAN_POINT ( 'NONE',  ( -42.99999999999980105, 10.00000000000000000, 4.500000000000142997 ) ) ;
#4430 = DIRECTION ( 'NONE',  ( 0.5031857961370476140, 0.000000000000000000, 0.8641782539302440558 ) ) ;
#4431 = DIRECTION ( 'NONE',  ( -0.8645230873858524845, 0.000000000000000000, -0.5025931071720279864 ) ) ;
#4432 = DIRECTION ( 'NONE',  ( 0.4999999999999993339, 0.000000000000000000, -0.8660254037844390407 ) ) ;
#4433 = ADVANCED_FACE ( 'NONE', ( #3304 ), #5068, .F. ) ;
#4434 = CIRCLE ( 'NONE', #4904, 2.250000000000001776 ) ;
#4435 = APPLICATION_CONTEXT ( 'automotive_design' ) ;
#4436 = ORIENTED_EDGE ( 'NONE', *, *, #299, .T. ) ;
#4437 = ORIENTED_EDGE ( 'NONE', *, *, #1282, .F. ) ;
#4438 = EDGE_CURVE ( 'NONE', #3267, #223, #2872, .T. ) ;
#4439 = ORIENTED_EDGE ( 'NONE', *, *, #267, .F. ) ;
#4440 = VECTOR ( 'NONE', #5463, 1000.000000000000000 ) ;
#4441 = FACE_OUTER_BOUND ( 'NONE', #2741, .T. ) ;
#4442 = CARTESIAN_POINT ( 'NONE',  ( -7.814740049539647515, 5.000000000000000000, 23.21506993834929844 ) ) ;
#4443 = FACE_BOUND ( 'NONE', #2345, .T. ) ;
#4444 = EDGE_LOOP ( 'NONE', ( #2233, #3000, #582, #4180, #48, #4643, #4846, #2391, #866, #398, #4258, #5619, #5370, #1562, #1087, #4235, #2597, #4075, #2094, #2158, #4906, #5487, #3922, #2805, #1686, #316, #1472, #2890, #5275, #924, #252, #3071 ) ) ;
#4445 = CARTESIAN_POINT ( 'NONE',  ( 81.00000000000001421, 5.000000000000000000, 16.07084973296978347 ) ) ;
#4446 = EDGE_CURVE ( 'NONE', #2243, #3036, #172, .T. ) ;
#4447 = CARTESIAN_POINT ( 'NONE',  ( 81.00000000000000000, 2.000000000000001776, -28.00000000000002487 ) ) ;
#4448 = CARTESIAN_POINT ( 'NONE',  ( 81.00000000000001421, 3.000000000000000000, 14.57059309120910306 ) ) ;
#4449 = EDGE_CURVE ( 'NONE', #5157, #754, #5520, .T. ) ;
#4450 = EDGE_CURVE ( 'NONE', #3401, #4816, #3416, .T. ) ;
#4451 = AXIS2_PLACEMENT_3D ( 'NONE', #1419, #81, #2608 ) ;
#4452 = ORIENTED_EDGE ( 'NONE', *, *, #1252, .F. ) ;
#4453 = VERTEX_POINT ( 'NONE', #1569 ) ;
#4454 =( NAMED_UNIT ( * ) SI_UNIT ( $, .STERADIAN. ) SOLID_ANGLE_UNIT ( ) );
#4455 = FACE_OUTER_BOUND ( 'NONE', #1574, .T. ) ;
#4456 = CARTESIAN_POINT ( 'NONE',  ( -7.814740049539647515, 5.000000000000000000, 23.21506993834929844 ) ) ;
#4457 = CARTESIAN_POINT ( 'NONE',  ( 80.00000000000002842, 1.000000000000021760, -29.00000000000001421 ) ) ;
#4458 = VECTOR ( 'NONE', #5473, 1000.000000000000000 ) ;
#4459 = ORIENTED_EDGE ( 'NONE', *, *, #3576, .F. ) ;
#4460 = AXIS2_PLACEMENT_3D ( 'NONE', #2059, #3907, #2141 ) ;
#4461 = FACE_OUTER_BOUND ( 'NONE', #1590, .T. ) ;
#4462 = LINE ( 'NONE', #2327, #2101 ) ;
#4463 = CARTESIAN_POINT ( 'NONE',  ( -46.99999999999997868, 2.500000000000000000, 98.00000000000000000 ) ) ;
#4464 = LINE ( 'NONE', #127, #2043 ) ;
#4465 = EDGE_CURVE ( 'NONE', #1002, #9, #4379, .T. ) ;
#4466 = ORIENTED_EDGE ( 'NONE', *, *, #3005, .F. ) ;
#4467 = VERTEX_POINT ( 'NONE', #3849 ) ;
#4468 = ORIENTED_EDGE ( 'NONE', *, *, #4733, .F. ) ;
#4469 = LINE ( 'NONE', #3318, #112 ) ;
#4470 = ADVANCED_FACE ( 'NONE', ( #4685 ), #1299, .F. ) ;
#4471 = CARTESIAN_POINT ( 'NONE',  ( 78.65372625720931410, 3.000000000000000000, -19.18496334061024200 ) ) ;
#4472 = CYLINDRICAL_SURFACE ( 'NONE', #1481, 1.000000000000000000 ) ;
#4473 = EDGE_CURVE ( 'NONE', #1162, #3835, #3823, .T. ) ;
#4474 = EDGE_LOOP ( 'NONE', ( #3198, #3438, #1248, #3727 ) ) ;
#4475 = EDGE_CURVE ( 'NONE', #2797, #5450, #466, .T. ) ;
#4476 = VERTEX_POINT ( 'NONE', #896 ) ;
#4477 = CARTESIAN_POINT ( 'NONE',  ( 15.00000000000025402, 5.000000000000000888, 88.25000000000012790 ) ) ;
#4478 = LINE ( 'NONE', #1765, #1560 ) ;
#4479 = SHAPE_REPRESENTATION_RELATIONSHIP ( 'NONE' , 'NONE' ,  #5190, #1054 ) ;
#4480 = DIRECTION ( 'NONE',  ( -0.000000000000000000, -1.000000000000000000, -0.000000000000000000 ) ) ;
#4481 = VECTOR ( 'NONE', #1883, 1000.000000000000000 ) ;
#4482 = VERTEX_POINT ( 'NONE', #4281 ) ;
#4483 = EDGE_LOOP ( 'NONE', ( #1136, #2847, #3353, #5486 ) ) ;
#4484 = VECTOR ( 'NONE', #5228, 1000.000000000000000 ) ;
#4485 =( LENGTH_UNIT ( ) NAMED_UNIT ( * ) SI_UNIT ( .MILLI., .METRE. ) );
#4486 = CARTESIAN_POINT ( 'NONE',  ( -14.99999999999974598, 2.200000000000000622, 85.75000000000012790 ) ) ;
#4487 = DIRECTION ( 'NONE',  ( 0.000000000000000000, 0.000000000000000000, -1.000000000000000000 ) ) ;
#4488 = DIRECTION ( 'NONE',  ( 0.000000000000000000, 0.000000000000000000, 1.000000000000000000 ) ) ;
#4489 = ORIENTED_EDGE ( 'NONE', *, *, #5679, .F. ) ;
#4490 = DIRECTION ( 'NONE',  ( 0.000000000000000000, 0.000000000000000000, -1.000000000000000000 ) ) ;
#4491 = DIRECTION ( 'NONE',  ( 0.7071067811865474617, 0.7071067811865474617, -4.906538933386656825E-15 ) ) ;
#4492 = CARTESIAN_POINT ( 'NONE',  ( -47.00000000000000000, 3.999999999999988898, 101.0000000000000000 ) ) ;
#4493 = EDGE_CURVE ( 'NONE', #989, #2311, #3976, .T. ) ;
#4494 = CARTESIAN_POINT ( 'NONE',  ( -78.64472903534151271, 3.000000000000000000, -25.18939265846792352 ) ) ;
#4495 = EDGE_LOOP ( 'NONE', ( #3091, #1465, #1922, #3887 ) ) ;
#4496 = ORIENTED_EDGE ( 'NONE', *, *, #4545, .F. ) ;
#4497 = ORIENTED_EDGE ( 'NONE', *, *, #1878, .T. ) ;
#4498 = AXIS2_PLACEMENT_3D ( 'NONE', #1493, #5047, #4986 ) ;
#4499 = DIRECTION ( 'NONE',  ( -0.8660254037844389297, 0.000000000000000000, -0.4999999999999995559 ) ) ;
#4500 = LINE ( 'NONE', #2801, #2783 ) ;
#4501 = CARTESIAN_POINT ( 'NONE',  ( 56.00000000000000000, 10.00000000000000000, 105.0000000000000000 ) ) ;
#4502 = ORIENTED_EDGE ( 'NONE', *, *, #4817, .F. ) ;
#4503 = AXIS2_PLACEMENT_3D ( 'NONE', #4640, #2412, #4146 ) ;
#4504 = ORIENTED_EDGE ( 'NONE', *, *, #5563, .F. ) ;
#4505 = PLANE ( 'NONE',  #3554 ) ;
#4506 = LINE ( 'NONE', #620, #3671 ) ;
#4507 = VECTOR ( 'NONE', #4056, 1000.000000000000000 ) ;
#4508 = EDGE_CURVE ( 'NONE', #2189, #4775, #1018, .T. ) ;
#4509 = DIRECTION ( 'NONE',  ( -0.000000000000000000, 1.000000000000000000, -0.000000000000000000 ) ) ;
#4510 = ADVANCED_FACE ( 'NONE', ( #1756 ), #1143, .T. ) ;
#4511 = ORIENTED_EDGE ( 'NONE', *, *, #1533, .F. ) ;
#4512 = LINE ( 'NONE', #1854, #2915 ) ;
#4513 = DIRECTION ( 'NONE',  ( -0.5000000000000011102, 0.000000000000000000, -0.8660254037844379305 ) ) ;
#4514 = DIRECTION ( 'NONE',  ( 0.000000000000000000, -1.000000000000000000, 0.000000000000000000 ) ) ;
#4515 = AXIS2_PLACEMENT_3D ( 'NONE', #513, #539, #3626 ) ;
#4516 = CARTESIAN_POINT ( 'NONE',  ( 78.65372625720931410, 10.00000000000000000, -22.18718474039629385 ) ) ;
#4517 = EDGE_CURVE ( 'NONE', #3918, #5592, #705, .T. ) ;
#4518 = AXIS2_PLACEMENT_3D ( 'NONE', #5, #5188, #5273 ) ;
#4519 = ORIENTED_EDGE ( 'NONE', *, *, #3501, .F. ) ;
#4520 = CARTESIAN_POINT ( 'NONE',  ( -75.99999999999998579, 10.00000000000000000, 21.25076433052313618 ) ) ;
#4521 = DIRECTION ( 'NONE',  ( -0.4982882737281273955, 0.000000000000000000, -0.8670114164560018821 ) ) ;
#4522 = DIRECTION ( 'NONE',  ( -0.000000000000000000, -1.000000000000000000, -0.000000000000000000 ) ) ;
#4523 = EDGE_CURVE ( 'NONE', #3206, #4220, #3524, .T. ) ;
#4524 = DIRECTION ( 'NONE',  ( 0.000000000000000000, 0.000000000000000000, -1.000000000000000000 ) ) ;
#4525 = EDGE_CURVE ( 'NONE', #4212, #399, #5145, .T. ) ;
#4526 = VECTOR ( 'NONE', #5396, 1000.000000000000000 ) ;
#4527 = VERTEX_POINT ( 'NONE', #312 ) ;
#4528 = EDGE_CURVE ( 'NONE', #5150, #247, #2955, .T. ) ;
#4529 = ORIENTED_EDGE ( 'NONE', *, *, #3023, .T. ) ;
#4530 = VERTEX_POINT ( 'NONE', #4407 ) ;
#4531 = VECTOR ( 'NONE', #2320, 1000.000000000000114 ) ;
#4532 = DIRECTION ( 'NONE',  ( 0.000000000000000000, -1.000000000000000000, 0.000000000000000000 ) ) ;
#4533 = AXIS2_PLACEMENT_3D ( 'NONE', #3573, #1749, #3546 ) ;
#4534 = LINE ( 'NONE', #1926, #2217 ) ;
#4535 = DIRECTION ( 'NONE',  ( -0.000000000000000000, -1.000000000000000000, -0.000000000000000000 ) ) ;
#4536 = EDGE_LOOP ( 'NONE', ( #4161, #2833, #5458, #3677, #3414, #1442 ) ) ;
#4537 = VERTEX_POINT ( 'NONE', #4718 ) ;
#4538 = AXIS2_PLACEMENT_3D ( 'NONE', #3633, #284, #2766 ) ;
#4539 = DIRECTION ( 'NONE',  ( -0.000000000000000000, -1.000000000000000000, -0.000000000000000000 ) ) ;
#4540 = FACE_OUTER_BOUND ( 'NONE', #3393, .T. ) ;
#4541 = DIRECTION ( 'NONE',  ( 0.7040905031817136228, -0.7040905031817144000, -0.09226660641121191275 ) ) ;
#4542 = ORIENTED_EDGE ( 'NONE', *, *, #5426, .F. ) ;
#4543 = CARTESIAN_POINT ( 'NONE',  ( -7.799999999999968736, -1.000000000000028644, 33.42555455687870136 ) ) ;
#4544 = CARTESIAN_POINT ( 'NONE',  ( 9.300000000000030909, -1.000000000000014655, 17.95598270084804682 ) ) ;
#4545 = EDGE_CURVE ( 'NONE', #1675, #2667, #12, .T. ) ;
#4546 = CARTESIAN_POINT ( 'NONE',  ( 0.000000000000000000, 2.500000000000000000, 0.000000000000000000 ) ) ;
#4547 = CYLINDRICAL_SURFACE ( 'NONE', #2716, 1.250000000000001110 ) ;
#4548 = ORIENTED_EDGE ( 'NONE', *, *, #3141, .F. ) ;
#4549 = PLANE ( 'NONE',  #295 ) ;
#4550 = CARTESIAN_POINT ( 'NONE',  ( -9.299999999999968736, -6.000000000000000000, 19.35598270084804540 ) ) ;
#4551 = DIRECTION ( 'NONE',  ( -0.000000000000000000, 1.000000000000000000, -0.000000000000000000 ) ) ;
#4552 = DIRECTION ( 'NONE',  ( 0.000000000000000000, 0.000000000000000000, 1.000000000000000000 ) ) ;
#4553 = CIRCLE ( 'NONE', #4092, 3.650000000000014566 ) ;
#4554 = VERTEX_POINT ( 'NONE', #767 ) ;
#4555 = EDGE_CURVE ( 'NONE', #3836, #449, #5551, .T. ) ;
#4556 = ORIENTED_EDGE ( 'NONE', *, *, #887, .T. ) ;
#4557 = ORIENTED_EDGE ( 'NONE', *, *, #2423, .F. ) ;
#4558 = DIRECTION ( 'NONE',  ( -0.000000000000000000, 1.000000000000000000, -0.000000000000000000 ) ) ;
#4559 = CARTESIAN_POINT ( 'NONE',  ( 81.00000000000000000, 5.000000000000000000, -20.53958511760300354 ) ) ;
#4560 = AXIS2_PLACEMENT_3D ( 'NONE', #1997, #3307, #1030 ) ;
#4561 = EDGE_CURVE ( 'NONE', #4173, #4377, #735, .T. ) ;
#4562 = CARTESIAN_POINT ( 'NONE',  ( 61.00000000000000000, 5.000000000000000000, 96.90598270084817045 ) ) ;
#4563 = ORIENTED_EDGE ( 'NONE', *, *, #2904, .T. ) ;
#4564 = EDGE_LOOP ( 'NONE', ( #5015, #749, #1353, #2358 ) ) ;
#4565 = CARTESIAN_POINT ( 'NONE',  ( -9.299999999999968736, -1.000000000000013101, 17.95598270084804682 ) ) ;
#4566 = CARTESIAN_POINT ( 'NONE',  ( -8.999999999999994671, 2.000000000000000000, 10.99999999999999467 ) ) ;
#4567 = SHAPE_DEFINITION_REPRESENTATION ( #2510, #3942 ) ;
#4568 = EDGE_CURVE ( 'NONE', #1498, #4651, #2057, .T. ) ;
#4569 = DIRECTION ( 'NONE',  ( 0.000000000000000000, 0.000000000000000000, -1.000000000000000000 ) ) ;
#4570 = VECTOR ( 'NONE', #3996, 1000.000000000000114 ) ;
#4571 = ORIENTED_EDGE ( 'NONE', *, *, #3197, .T. ) ;
#4572 = CARTESIAN_POINT ( 'NONE',  ( 7.800000000000030909, -1.000000000000028644, 31.92555455687869781 ) ) ;
#4573 = CARTESIAN_POINT ( 'NONE',  ( -78.65372625720931410, 10.00000000000000000, -22.18718474039629385 ) ) ;
#4574 = EDGE_CURVE ( 'NONE', #3947, #240, #1931, .T. ) ;
#4575 = CARTESIAN_POINT ( 'NONE',  ( -2.250000000000000444, 4.000000000000000000, -6.499999999999999112 ) ) ;
#4576 = DIRECTION ( 'NONE',  ( 0.000000000000000000, 1.000000000000000000, 0.000000000000000000 ) ) ;
#4577 = ORIENTED_EDGE ( 'NONE', *, *, #357, .T. ) ;
#4578 = DIRECTION ( 'NONE',  ( -0.000000000000000000, -1.000000000000000000, -0.000000000000000000 ) ) ;
#4579 = LINE ( 'NONE', #630, #5147 ) ;
#4580 = CARTESIAN_POINT ( 'NONE',  ( 15.00000000000025402, 2.200000000000000622, 87.00000000000012790 ) ) ;
#4581 = EDGE_CURVE ( 'NONE', #3556, #1377, #2306, .T. ) ;
#4582 = VERTEX_POINT ( 'NONE', #3666 ) ;
#4583 = EDGE_LOOP ( 'NONE', ( #3297, #5065, #2095, #4080 ) ) ;
#4584 = ORIENTED_EDGE ( 'NONE', *, *, #456, .T. ) ;
#4585 = CARTESIAN_POINT ( 'NONE',  ( 10.80111069989304262, 2.500000000000000000, 18.00598270084806174 ) ) ;
#4586 = CARTESIAN_POINT ( 'NONE',  ( 81.00000000000001421, 2.000000000000001776, 21.90598270084813493 ) ) ;
#4587 = DIRECTION ( 'NONE',  ( 0.000000000000000000, 0.000000000000000000, 1.000000000000000000 ) ) ;
#4588 = ORIENTED_EDGE ( 'NONE', *, *, #599, .F. ) ;
#4589 = VERTEX_POINT ( 'NONE', #4039 ) ;
#4590 = VECTOR ( 'NONE', #1725, 1000.000000000000000 ) ;
#4591 = ORIENTED_EDGE ( 'NONE', *, *, #6, .T. ) ;
#4592 = LINE ( 'NONE', #3208, #4219 ) ;
#4593 = LINE ( 'NONE', #1962, #3494 ) ;
#4594 = PLANE ( 'NONE',  #2223 ) ;
#4595 = VECTOR ( 'NONE', #1889, 1000.000000000000000 ) ;
#4596 = EDGE_CURVE ( 'NONE', #677, #1396, #3232, .T. ) ;
#4597 = VERTEX_POINT ( 'NONE', #1784 ) ;
#4598 = ADVANCED_FACE ( 'NONE', ( #4441 ), #1046, .F. ) ;
#4599 = AXIS2_PLACEMENT_3D ( 'NONE', #2405, #4514, #5468 ) ;
#4600 = LINE ( 'NONE', #678, #4939 ) ;
#4601 = CARTESIAN_POINT ( 'NONE',  ( -10.81690585313565833, 2.500000000000000000, 23.19679916792093266 ) ) ;
#4602 = PLANE ( 'NONE',  #4599 ) ;
#4603 = CARTESIAN_POINT ( 'NONE',  ( -2.250000000000000444, 2.000000000000000000, -6.499999999999999112 ) ) ;
#4604 = EDGE_CURVE ( 'NONE', #1634, #2365, #2685, .T. ) ;
#4605 = ORIENTED_EDGE ( 'NONE', *, *, #2509, .T. ) ;
#4606 = LINE ( 'NONE', #5524, #836 ) ;
#4607 = DIRECTION ( 'NONE',  ( 0.8629664911646801606, 0.000000000000000000, 0.5052611553710814052 ) ) ;
#4608 = FACE_OUTER_BOUND ( 'NONE', #1408, .T. ) ;
#4609 = VECTOR ( 'NONE', #1988, 1000.000000000000000 ) ;
#4610 = AXIS2_PLACEMENT_3D ( 'NONE', #889, #3602, #4431 ) ;
#4611 = EDGE_LOOP ( 'NONE', ( #650, #959, #2504, #270 ) ) ;
#4612 = ORIENTED_EDGE ( 'NONE', *, *, #1950, .T. ) ;
#4613 = VERTEX_POINT ( 'NONE', #1840 ) ;
#4614 = CIRCLE ( 'NONE', #1845, 1.249999999999997558 ) ;
#4615 = LINE ( 'NONE', #4153, #3598 ) ;
#4616 = EDGE_CURVE ( 'NONE', #4677, #1788, #930, .T. ) ;
#4617 = EDGE_CURVE ( 'NONE', #4051, #2660, #103, .T. ) ;
#4618 = DIRECTION ( 'NONE',  ( 0.000000000000000000, 1.000000000000000000, 0.000000000000000000 ) ) ;
#4619 = ORIENTED_EDGE ( 'NONE', *, *, #1491, .F. ) ;
#4620 = VECTOR ( 'NONE', #2932, 1000.000000000000000 ) ;
#4621 = ORIENTED_EDGE ( 'NONE', *, *, #4616, .F. ) ;
#4622 = ORIENTED_EDGE ( 'NONE', *, *, #5122, .T. ) ;
#4623 = CIRCLE ( 'NONE', #4070, 1.250000000000001110 ) ;
#4624 = DIRECTION ( 'NONE',  ( -0.000000000000000000, -1.000000000000000000, -0.000000000000000000 ) ) ;
#4625 = DIRECTION ( 'NONE',  ( 1.000000000000000000, 0.000000000000000000, -2.775557561562892929E-15 ) ) ;
#4626 = DIRECTION ( 'NONE',  ( -0.000000000000000000, -0.000000000000000000, 1.000000000000000000 ) ) ;
#4627 = CIRCLE ( 'NONE', #309, 2.250000000000008882 ) ;
#4628 =( REPRESENTATION_RELATIONSHIP ('NONE','NONE', #3540, #5190 ) REPRESENTATION_RELATIONSHIP_WITH_TRANSFORMATION ( #5005 )SHAPE_REPRESENTATION_RELATIONSHIP( ) );
#4629 = VERTEX_POINT ( 'NONE', #5420 ) ;
#4630 = ADVANCED_FACE ( 'NONE', ( #44 ), #2799, .F. ) ;
#4631 = CARTESIAN_POINT ( 'NONE',  ( 79.14370838656884644, 0.000000000000000000, 21.10498890308503661 ) ) ;
#4632 = LINE ( 'NONE', #568, #3795 ) ;
#4633 = ADVANCED_FACE ( 'NONE', ( #4875 ), #926, .F. ) ;
#4634 = LINE ( 'NONE', #2434, #2754 ) ;
#4635 = CYLINDRICAL_SURFACE ( 'NONE', #1331, 1.249999999999997558 ) ;
#4636 = EDGE_CURVE ( 'NONE', #2260, #2243, #133, .T. ) ;
#4637 = UNCERTAINTY_MEASURE_WITH_UNIT (LENGTH_MEASURE( 1.000000000000000082E-05 ), #5120, 'distance_accuracy_value', 'NONE');
#4638 = VERTEX_POINT ( 'NONE', #5394 ) ;
#4639 = CARTESIAN_POINT ( 'NONE',  ( -78.99999999999998579, 0.000000000000000000, 18.72343767308426266 ) ) ;
#4640 = CARTESIAN_POINT ( 'NONE',  ( 47.00000000000000000, 3.999999999999988898, 101.0000000000000000 ) ) ;
#4641 = DIRECTION ( 'NONE',  ( -0.000000000000000000, -1.000000000000000000, -0.000000000000000000 ) ) ;
#4642 = VERTEX_POINT ( 'NONE', #1437 ) ;
#4643 = ORIENTED_EDGE ( 'NONE', *, *, #3503, .F. ) ;
#4644 = DIRECTION ( 'NONE',  ( 0.4968074232331486373, 0.000000000000000000, -0.8678608092433020005 ) ) ;
#4645 = DIRECTION ( 'NONE',  ( -0.000000000000000000, -1.000000000000000000, -0.000000000000000000 ) ) ;
#4646 = LINE ( 'NONE', #4674, #480 ) ;
#4647 = ADVANCED_FACE ( 'NONE', ( #527 ), #3201, .T. ) ;
#4648 = AXIS2_PLACEMENT_3D ( 'NONE', #4728, #5185, #4695 ) ;
#4649 = ORIENTED_EDGE ( 'NONE', *, *, #4508, .F. ) ;
#4650 = VERTEX_POINT ( 'NONE', #4096 ) ;
#4651 = VERTEX_POINT ( 'NONE', #2277 ) ;
#4652 = VECTOR ( 'NONE', #5553, 1000.000000000000000 ) ;
#4653 = DIRECTION ( 'NONE',  ( -0.000000000000000000, -1.000000000000000000, -0.000000000000000000 ) ) ;
#4654 = LINE ( 'NONE', #1618, #4394 ) ;
#4655 = CARTESIAN_POINT ( 'NONE',  ( -9.299999999999968736, 0.000000000000000000, 20.60598270084804895 ) ) ;
#4656 = EDGE_CURVE ( 'NONE', #247, #4299, #158, .T. ) ;
#4657 = ORIENTED_EDGE ( 'NONE', *, *, #3255, .F. ) ;
#4658 = LINE ( 'NONE', #2056, #3841 ) ;
#4659 = DIRECTION ( 'NONE',  ( 0.000000000000000000, 0.000000000000000000, 1.000000000000000000 ) ) ;
#4660 = DIRECTION ( 'NONE',  ( -0.000000000000000000, -1.000000000000000000, -0.000000000000000000 ) ) ;
#4661 = CARTESIAN_POINT ( 'NONE',  ( -16.52520088797338715, 2.200000000000000178, 84.38059887544430637 ) ) ;
#4662 = PLANE ( 'NONE',  #4538 ) ;
#4663 = VERTEX_POINT ( 'NONE', #3985 ) ;
#4664 = AXIS2_PLACEMENT_3D ( 'NONE', #2041, #3811, #941 ) ;
#4665 = DIRECTION ( 'NONE',  ( -0.8675199422708557151, 0.000000000000000000, 0.4974024022482914642 ) ) ;
#4666 = CARTESIAN_POINT ( 'NONE',  ( 3.750000000000000888, 2.000000000000000000, -0.4999999999999987232 ) ) ;
#4667 = DIRECTION ( 'NONE',  ( 0.000000000000000000, 0.000000000000000000, -1.000000000000000000 ) ) ;
#4668 = DIRECTION ( 'NONE',  ( 0.000000000000000000, 0.000000000000000000, 1.000000000000000000 ) ) ;
#4669 = EDGE_LOOP ( 'NONE', ( #5008, #2390, #5277, #709 ) ) ;
#4670 = ORIENTED_EDGE ( 'NONE', *, *, #4194, .F. ) ;
#4671 = EDGE_CURVE ( 'NONE', #2746, #3918, #3551, .T. ) ;
#4672 = DIRECTION ( 'NONE',  ( -0.9999997527868660363, 0.000000000000000000, 0.0007031544687453771458 ) ) ;
#4673 = CARTESIAN_POINT ( 'NONE',  ( -78.39999999999999147, 10.00000000000000000, 17.31828170427217373 ) ) ;
#4674 = CARTESIAN_POINT ( 'NONE',  ( 7.800000000000019362, -6.000000000000000000, 27.42555455687869781 ) ) ;
#4675 = VERTEX_POINT ( 'NONE', #3580 ) ;
#4676 = ORIENTED_EDGE ( 'NONE', *, *, #5269, .F. ) ;
#4677 = VERTEX_POINT ( 'NONE', #3146 ) ;
#4678 = DIRECTION ( 'NONE',  ( -0.0007031542949164430430, 0.0007031542949167076968, -0.9999995055739152594 ) ) ;
#4679 = FACE_OUTER_BOUND ( 'NONE', #5206, .T. ) ;
#4680 = DIRECTION ( 'NONE',  ( 0.000000000000000000, 1.000000000000000000, 0.000000000000000000 ) ) ;
#4681 = CIRCLE ( 'NONE', #3394, 2.250000000000008882 ) ;
#4682 = ORIENTED_EDGE ( 'NONE', *, *, #5247, .T. ) ;
#4683 = EDGE_CURVE ( 'NONE', #191, #5677, #4908, .T. ) ;
#4684 = CARTESIAN_POINT ( 'NONE',  ( 7.999999999999996447, 0.000000000000000000, 12.00000000000000000 ) ) ;
#4685 = FACE_OUTER_BOUND ( 'NONE', #3793, .T. ) ;
#4686 = CARTESIAN_POINT ( 'NONE',  ( 7.800000000000019362, -6.000000000000000000, 33.42555455687870136 ) ) ;
#4687 = VECTOR ( 'NONE', #1863, 1000.000000000000000 ) ;
#4688 = EDGE_CURVE ( 'NONE', #4650, #1002, #4469, .T. ) ;
#4689 = DIRECTION ( 'NONE',  ( 0.000000000000000000, 0.000000000000000000, -1.000000000000000000 ) ) ;
#4690 = CIRCLE ( 'NONE', #368, 0.9999999999999991118 ) ;
#4691 = ORIENTED_EDGE ( 'NONE', *, *, #4326, .T. ) ;
#4692 = CARTESIAN_POINT ( 'NONE',  ( -80.99894384454913165, 3.000000000000000000, 17.57122023468964045 ) ) ;
#4693 = FACE_OUTER_BOUND ( 'NONE', #809, .T. ) ;
#4694 = LINE ( 'NONE', #2120, #2470 ) ;
#4695 = DIRECTION ( 'NONE',  ( 0.000000000000000000, 0.000000000000000000, 1.000000000000000000 ) ) ;
#4696 = VECTOR ( 'NONE', #3094, 1000.000000000000114 ) ;
#4697 = ORIENTED_EDGE ( 'NONE', *, *, #473, .T. ) ;
#4698 = ORIENTED_EDGE ( 'NONE', *, *, #3300, .T. ) ;
#4699 = EDGE_CURVE ( 'NONE', #2449, #3665, #3263, .T. ) ;
#4700 = CARTESIAN_POINT ( 'NONE',  ( -75.80105615545083708, 3.000000000000000000, 14.56534317385470878 ) ) ;
#4701 = EDGE_CURVE ( 'NONE', #1002, #3274, #4615, .T. ) ;
#4702 = CARTESIAN_POINT ( 'NONE',  ( 10.30000000000005933, 0.000000000000000000, 31.92555455687868360 ) ) ;
#4703 = AXIS2_PLACEMENT_3D ( 'NONE', #452, #1855, #2200 ) ;
#4704 = ADVANCED_FACE ( 'NONE', ( #3697 ), #1501, .F. ) ;
#4705 = ORIENTED_EDGE ( 'NONE', *, *, #2167, .F. ) ;
#4706 = VERTEX_POINT ( 'NONE', #2885 ) ;
#4707 = AXIS2_PLACEMENT_3D ( 'NONE', #296, #610, #1924 ) ;
#4708 = ORIENTED_EDGE ( 'NONE', *, *, #5025, .T. ) ;
#4709 = CARTESIAN_POINT ( 'NONE',  ( 42.99999999999978684, 10.00000000000000000, 4.500000000000170530 ) ) ;
#4710 = CIRCLE ( 'NONE', #2125, 1.250000000000001110 ) ;
#4711 = DIRECTION ( 'NONE',  ( 0.4947203262777915000, 0.000000000000000000, 0.8690522416791728322 ) ) ;
#4712 = FACE_OUTER_BOUND ( 'NONE', #3439, .T. ) ;
#4713 = VECTOR ( 'NONE', #3871, 1000.000000000000000 ) ;
#4714 = AXIS2_PLACEMENT_3D ( 'NONE', #4088, #5556, #5581 ) ;
#4715 = ORIENTED_EDGE ( 'NONE', *, *, #1311, .T. ) ;
#4716 = CARTESIAN_POINT ( 'NONE',  ( -78.39999999999999147, 3.000000000000000888, 14.81828170427217728 ) ) ;
#4717 = AXIS2_PLACEMENT_3D ( 'NONE', #1115, #1484, #4110 ) ;
#4718 = CARTESIAN_POINT ( 'NONE',  ( -10.78525995046028996, 5.000000000000000000, 17.99689546334679591 ) ) ;
#4719 = CARTESIAN_POINT ( 'NONE',  ( 6.297778600213984390, 5.000000000000000000, 20.60598270084805250 ) ) ;
#4720 = DIRECTION ( 'NONE',  ( 0.000000000000000000, 1.000000000000000000, 0.000000000000000000 ) ) ;
#4721 = CIRCLE ( 'NONE', #3152, 2.649999999999999467 ) ;
#4722 = ADVANCED_FACE ( 'NONE', ( #2941 ), #3347, .F. ) ;
#4723 = VERTEX_POINT ( 'NONE', #1073 ) ;
#4724 = AXIS2_PLACEMENT_3D ( 'NONE', #1202, #3392, #4798 ) ;
#4725 = CARTESIAN_POINT ( 'NONE',  ( -46.99999999999997868, 3.999999999999988898, 98.00000000000000000 ) ) ;
#4726 = CARTESIAN_POINT ( 'NONE',  ( 7.800000000000030909, -1.000000000000028644, 28.92555455687869781 ) ) ;
#4727 = LINE ( 'NONE', #1631, #2007 ) ;
#4728 = CARTESIAN_POINT ( 'NONE',  ( -47.00000000000000000, 3.999999999999988898, 101.0000000000000000 ) ) ;
#4729 = ORIENTED_EDGE ( 'NONE', *, *, #4828, .F. ) ;
#4730 = VERTEX_POINT ( 'NONE', #638 ) ;
#4731 = DIRECTION ( 'NONE',  ( 0.000000000000000000, 1.000000000000000000, 0.000000000000000000 ) ) ;
#4732 = DIRECTION ( 'NONE',  ( -0.000000000000000000, 1.000000000000000000, -0.000000000000000000 ) ) ;
#4733 = EDGE_CURVE ( 'NONE', #3584, #2131, #2361, .T. ) ;
#4734 = PLANE ( 'NONE',  #1032 ) ;
#4735 = ORIENTED_EDGE ( 'NONE', *, *, #130, .F. ) ;
#4736 = ORIENTED_EDGE ( 'NONE', *, *, #4568, .F. ) ;
#4737 = ORIENTED_EDGE ( 'NONE', *, *, #544, .F. ) ;
#4738 = APPLICATION_CONTEXT ( 'automotive_design' ) ;
#4739 = EDGE_CURVE ( 'NONE', #3451, #781, #3728, .T. ) ;
#4740 = CARTESIAN_POINT ( 'NONE',  ( 9.300000000000030909, -1.000000000000028644, 31.92555455687869070 ) ) ;
#4741 = CARTESIAN_POINT ( 'NONE',  ( -7.799999999999958078, -6.000000000000000000, 33.42555455687870136 ) ) ;
#4742 = CARTESIAN_POINT ( 'NONE',  ( 45.24999999999977263, 0.000000000000000000, 45.50000000000012079 ) ) ;
#4743 = ORIENTED_EDGE ( 'NONE', *, *, #2000, .T. ) ;
#4744 = AXIS2_PLACEMENT_3D ( 'NONE', #1263, #3020, #3045 ) ;
#4745 = EDGE_CURVE ( 'NONE', #3462, #5276, #5104, .T. ) ;
#4746 = CARTESIAN_POINT ( 'NONE',  ( 78.39999999999999147, -13.20000000000000462, 17.31828170427217373 ) ) ;
#4747 = CARTESIAN_POINT ( 'NONE',  ( -16.52520088797338715, 2.200000000000000178, 84.38059887544430637 ) ) ;
#4748 = DIRECTION ( 'NONE',  ( -0.000000000000000000, -1.000000000000000000, -0.000000000000000000 ) ) ;
#4749 = PLANE ( 'NONE',  #5362 ) ;
#4750 = AXIS2_PLACEMENT_3D ( 'NONE', #4392, #2671, #4836 ) ;
#4751 = ORIENTED_EDGE ( 'NONE', *, *, #2190, .F. ) ;
#4752 = DIRECTION ( 'NONE',  ( 0.000000000000000000, 0.000000000000000000, 1.000000000000000000 ) ) ;
#4753 = CARTESIAN_POINT ( 'NONE',  ( 9.300000000000030909, -1.000000000000028644, 28.92555455687870847 ) ) ;
#4754 = CARTESIAN_POINT ( 'NONE',  ( 12.30222139978607920, 5.000000000000000000, 20.60598270084806671 ) ) ;
#4755 = DIRECTION ( 'NONE',  ( 0.000000000000000000, 0.000000000000000000, 1.000000000000000000 ) ) ;
#4756 = AXIS2_PLACEMENT_3D ( 'NONE', #5264, #1739, #3564 ) ;
#4757 = ORIENTED_EDGE ( 'NONE', *, *, #4523, .T. ) ;
#4758 = LINE ( 'NONE', #4700, #4058 ) ;
#4759 = EDGE_CURVE ( 'NONE', #2451, #929, #694, .T. ) ;
#4760 = CARTESIAN_POINT ( 'NONE',  ( 81.00000000000001421, 2.000000000000001776, 21.90598270084813493 ) ) ;
#4761 = ORIENTED_EDGE ( 'NONE', *, *, #1903, .T. ) ;
#4762 = EDGE_LOOP ( 'NONE', ( #361, #2811, #1609, #106 ) ) ;
#4763 = ORIENTED_EDGE ( 'NONE', *, *, #2225, .F. ) ;
#4764 = EDGE_CURVE ( 'NONE', #4482, #5383, #4982, .T. ) ;
#4765 = PLANE ( 'NONE',  #180 ) ;
#4766 = LINE ( 'NONE', #5545, #3331 ) ;
#4767 = EDGE_LOOP ( 'NONE', ( #609, #3048 ) ) ;
#4768 = DIRECTION ( 'NONE',  ( -0.000000000000000000, -1.000000000000000000, -0.000000000000000000 ) ) ;
#4769 = FACE_OUTER_BOUND ( 'NONE', #1795, .T. ) ;
#4770 = FACE_BOUND ( 'NONE', #558, .T. ) ;
#4771 = DIRECTION ( 'NONE',  ( -0.000000000000000000, -1.000000000000000000, -0.000000000000000000 ) ) ;
#4772 = EDGE_CURVE ( 'NONE', #4397, #2296, #1529, .T. ) ;
#4773 = ADVANCED_FACE ( 'NONE', ( #4182 ), #2012, .F. ) ;
#4774 = EDGE_LOOP ( 'NONE', ( #530, #4466, #1547, #4181 ) ) ;
#4775 = VERTEX_POINT ( 'NONE', #4673 ) ;
#4776 = AXIS2_PLACEMENT_3D ( 'NONE', #956, #868, #2185 ) ;
#4777 = LINE ( 'NONE', #5151, #1119 ) ;
#4778 = FACE_OUTER_BOUND ( 'NONE', #1936, .T. ) ;
#4779 = CARTESIAN_POINT ( 'NONE',  ( -12.00000000000000000, 0.000000000000000000, -10.99999999999999289 ) ) ;
#4780 = LINE ( 'NONE', #4368, #5020 ) ;
#4781 = VECTOR ( 'NONE', #5443, 1000.000000000000000 ) ;
#4782 = ORIENTED_EDGE ( 'NONE', *, *, #4739, .F. ) ;
#4783 = CIRCLE ( 'NONE', #1285, 1.249999999999997558 ) ;
#4784 = DIRECTION ( 'NONE',  ( 0.000000000000000000, 0.000000000000000000, 1.000000000000000000 ) ) ;
#4785 = DIRECTION ( 'NONE',  ( 0.7071067811865480168, 0.7071067811865470176, 3.747160876062522840E-16 ) ) ;
#4786 = ORIENTED_EDGE ( 'NONE', *, *, #1860, .F. ) ;
#4787 = EDGE_LOOP ( 'NONE', ( #732, #5470, #4729, #4036, #4557 ) ) ;
#4788 = ORIENTED_EDGE ( 'NONE', *, *, #5372, .T. ) ;
#4789 = ADVANCED_FACE ( 'NONE', ( #1556 ), #2857, .T. ) ;
#4790 = LINE ( 'NONE', #2655, #4972 ) ;
#4791 = CARTESIAN_POINT ( 'NONE',  ( 78.65372625720931410, 3.000000000000000000, -25.18940614018234925 ) ) ;
#4792 = ORIENTED_EDGE ( 'NONE', *, *, #1407, .F. ) ;
#4793 = CIRCLE ( 'NONE', #3696, 1.250000000000001110 ) ;
#4794 = EDGE_LOOP ( 'NONE', ( #1159, #1191, #4961, #1387 ) ) ;
#4795 = LINE ( 'NONE', #5655, #3661 ) ;
#4796 = CARTESIAN_POINT ( 'NONE',  ( 9.299999999999998934, 2.000000000000000000, -10.54999999999999716 ) ) ;
#4797 = AXIS2_PLACEMENT_3D ( 'NONE', #3017, #5661, #2931 ) ;
#4798 = DIRECTION ( 'NONE',  ( -1.000000000000000000, 0.000000000000000000, -8.673617379884193244E-16 ) ) ;
#4799 = AXIS2_PLACEMENT_3D ( 'NONE', #840, #4354, #928 ) ;
#4800 = EDGE_CURVE ( 'NONE', #5232, #2983, #1982, .T. ) ;
#4801 = ORIENTED_EDGE ( 'NONE', *, *, #5400, .T. ) ;
#4802 = AXIS2_PLACEMENT_3D ( 'NONE', #3247, #4170, #4513 ) ;
#4803 = VERTEX_POINT ( 'NONE', #5052 ) ;
#4804 = SURFACE_SIDE_STYLE ('',( #3935 ) ) ;
#4805 = DIRECTION ( 'NONE',  ( 0.000000000000000000, 1.000000000000000000, 0.000000000000000000 ) ) ;
#4806 = AXIS2_PLACEMENT_3D ( 'NONE', #4091, #1039, #4552 ) ;
#4807 = FACE_OUTER_BOUND ( 'NONE', #3016, .T. ) ;
#4808 = CARTESIAN_POINT ( 'NONE',  ( -81.00000000000000000, 5.000000000000000000, 21.90598270084804966 ) ) ;
#4809 = EDGE_CURVE ( 'NONE', #4613, #1567, #1102, .T. ) ;
#4810 = VECTOR ( 'NONE', #937, 1000.000000000000114 ) ;
#4811 = VERTEX_POINT ( 'NONE', #3812 ) ;
#4812 = DIRECTION ( 'NONE',  ( 0.8663767669259548887, 0.000000000000000000, 0.4993909267607188340 ) ) ;
#4813 = CARTESIAN_POINT ( 'NONE',  ( -7.783094146864282692, 2.500000000000000000, 18.01516623377516169 ) ) ;
#4814 = ORIENTED_EDGE ( 'NONE', *, *, #5155, .F. ) ;
#4815 = EDGE_LOOP ( 'NONE', ( #3505, #4529, #3704, #4657 ) ) ;
#4816 = VERTEX_POINT ( 'NONE', #5534 ) ;
#4817 = EDGE_CURVE ( 'NONE', #2938, #3723, #1610, .T. ) ;
#4818 = DIRECTION ( 'NONE',  ( 0.000000000000000000, 0.000000000000000000, -1.000000000000000000 ) ) ;
#4819 = DIRECTION ( 'NONE',  ( -0.000000000000000000, -1.000000000000000000, -0.000000000000000000 ) ) ;
#4820 = LINE ( 'NONE', #1357, #4334 ) ;
#4821 = EDGE_CURVE ( 'NONE', #4296, #1887, #185, .T. ) ;
#4822 = EDGE_LOOP ( 'NONE', ( #1161, #954, #2611, #2512 ) ) ;
#4823 = ORIENTED_EDGE ( 'NONE', *, *, #3168, .F. ) ;
#4824 = EDGE_CURVE ( 'NONE', #3185, #5271, #1695, .T. ) ;
#4825 = CARTESIAN_POINT ( 'NONE',  ( -7.799999999999950973, 0.000000000000000000, 26.42555455687866939 ) ) ;
#4826 = CARTESIAN_POINT ( 'NONE',  ( -10.00000000000000178, 2.000000000000000000, 7.000000000000002665 ) ) ;
#4827 =( LENGTH_UNIT ( ) NAMED_UNIT ( * ) SI_UNIT ( .MILLI., .METRE. ) );
#4828 = EDGE_CURVE ( 'NONE', #1567, #4931, #1719, .T. ) ;
#4829 = FACE_OUTER_BOUND ( 'NONE', #3903, .T. ) ;
#4830 = VECTOR ( 'NONE', #541, 1000.000000000000000 ) ;
#4831 = VERTEX_POINT ( 'NONE', #2506 ) ;
#4832 = ORIENTED_EDGE ( 'NONE', *, *, #2580, .T. ) ;
#4833 = DIRECTION ( 'NONE',  ( -0.000000000000000000, -1.000000000000000000, -0.000000000000000000 ) ) ;
#4834 = FACE_OUTER_BOUND ( 'NONE', #4774, .T. ) ;
#4835 = DIRECTION ( 'NONE',  ( 0.000000000000000000, 1.000000000000000000, -0.000000000000000000 ) ) ;
#4836 = DIRECTION ( 'NONE',  ( 0.000000000000000000, 0.000000000000000000, -1.000000000000000000 ) ) ;
#4837 = VERTEX_POINT ( 'NONE', #2593 ) ;
#4838 = FACE_OUTER_BOUND ( 'NONE', #1816, .T. ) ;
#4839 = CARTESIAN_POINT ( 'NONE',  ( -6.297834196403959695, 2.500000000000000000, 20.62425347127641118 ) ) ;
#4840 = CARTESIAN_POINT ( 'NONE',  ( 6.297778600213984390, 2.500000000000000000, 20.60598270084805250 ) ) ;
#4841 = CARTESIAN_POINT ( 'NONE',  ( 11.96891108675472637, 0.000000000000000000, 87.00000000000012790 ) ) ;
#4842 = EDGE_CURVE ( 'NONE', #2511, #4187, #2957, .T. ) ;
#4843 = VERTEX_POINT ( 'NONE', #2069 ) ;
#4844 = EDGE_CURVE ( 'NONE', #4022, #4229, #1266, .T. ) ;
#4845 = ORIENTED_EDGE ( 'NONE', *, *, #1423, .T. ) ;
#4846 = ORIENTED_EDGE ( 'NONE', *, *, #2418, .F. ) ;
#4847 = DIRECTION ( 'NONE',  ( -0.000000000000000000, -1.000000000000000000, -0.000000000000000000 ) ) ;
#4848 = LINE ( 'NONE', #4353, #4038 ) ;
#4849 = LINE ( 'NONE', #3582, #748 ) ;
#4850 = ORIENTED_EDGE ( 'NONE', *, *, #2175, .T. ) ;
#4851 = DIRECTION ( 'NONE',  ( 0.8675199422708572694, 0.000000000000000000, -0.4974024022482887997 ) ) ;
#4852 = DIRECTION ( 'NONE',  ( 0.000000000000000000, 1.000000000000000000, -0.000000000000000000 ) ) ;
#4853 = APPLICATION_PROTOCOL_DEFINITION ( 'draft international standard', 'automotive_design', 1998, #4738 ) ;
#4854 = CARTESIAN_POINT ( 'NONE',  ( -10.99999999999999289, 0.000000000000000000, 7.000000000000002665 ) ) ;
#4855 = ORIENTED_EDGE ( 'NONE', *, *, #5426, .T. ) ;
#4856 = ORIENTED_EDGE ( 'NONE', *, *, #5585, .T. ) ;
#4857 = DIRECTION ( 'NONE',  ( 0.000000000000000000, -0.000000000000000000, -1.000000000000000000 ) ) ;
#4858 = CARTESIAN_POINT ( 'NONE',  ( -78.64472903534151271, 0.000000000000000000, -25.18939265846792352 ) ) ;
#4859 = EDGE_CURVE ( 'NONE', #2746, #3854, #4758, .T. ) ;
#4860 = PLANE ( 'NONE',  #1830 ) ;
#4861 = CARTESIAN_POINT ( 'NONE',  ( 76.05372625720931978, 3.000000000000000000, -20.68607404050326437 ) ) ;
#4862 = VECTOR ( 'NONE', #4876, 1000.000000000000000 ) ;
#4863 = ORIENTED_EDGE ( 'NONE', *, *, #860, .F. ) ;
#4864 = FACE_OUTER_BOUND ( 'NONE', #3464, .T. ) ;
#4865 = PLANE ( 'NONE',  #2377 ) ;
#4866 = CARTESIAN_POINT ( 'NONE',  ( -8.999999999999994671, 2.000000000000000000, 8.000000000000008882 ) ) ;
#4867 = FACE_OUTER_BOUND ( 'NONE', #4336, .T. ) ;
#4868 = VECTOR ( 'NONE', #2933, 1000.000000000000000 ) ;
#4869 = ORIENTED_EDGE ( 'NONE', *, *, #3197, .F. ) ;
#4870 = ADVANCED_FACE ( 'NONE', ( #751 ), #4319, .F. ) ;
#4871 = ORIENTED_EDGE ( 'NONE', *, *, #2557, .F. ) ;
#4872 = AXIS2_PLACEMENT_3D ( 'NONE', #4922, #5352, #4890 ) ;
#4873 = ORIENTED_EDGE ( 'NONE', *, *, #5244, .T. ) ;
#4874 = ADVANCED_FACE ( 'NONE', ( #4372 ), #778, .F. ) ;
#4875 = FACE_OUTER_BOUND ( 'NONE', #214, .T. ) ;
#4876 = DIRECTION ( 'NONE',  ( -0.000000000000000000, -1.000000000000000000, -0.000000000000000000 ) ) ;
#4877 = ADVANCED_FACE ( 'NONE', ( #5669, #4348 ), #2178, .T. ) ;
#4878 = CARTESIAN_POINT ( 'NONE',  ( 10.80111069989304262, 2.500000000000000000, 18.00598270084806174 ) ) ;
#4879 = ORIENTED_EDGE ( 'NONE', *, *, #4204, .F. ) ;
#4880 = EDGE_LOOP ( 'NONE', ( #4035, #1921, #5050, #3022 ) ) ;
#4881 = LINE ( 'NONE', #1306, #2444 ) ;
#4882 = DIRECTION ( 'NONE',  ( 0.000000000000000000, 1.000000000000000000, 0.000000000000000000 ) ) ;
#4883 = CARTESIAN_POINT ( 'NONE',  ( 78.40593060247839219, 0.000000000000000000, 13.06606616216203776 ) ) ;
#4884 = VECTOR ( 'NONE', #215, 1000.000000000000000 ) ;
#4885 = ORIENTED_EDGE ( 'NONE', *, *, #3367, .F. ) ;
#4886 = ORIENTED_EDGE ( 'NONE', *, *, #985, .F. ) ;
#4887 = AXIS2_PLACEMENT_3D ( 'NONE', #4492, #461, #65 ) ;
#4888 = DIRECTION ( 'NONE',  ( 0.000000000000000000, -1.000000000000000000, 0.000000000000000000 ) ) ;
#4889 = CARTESIAN_POINT ( 'NONE',  ( -9.299999999999998934, 2.000000000000000000, -8.049999999999998934 ) ) ;
#4890 = DIRECTION ( 'NONE',  ( 2.197316402903953654E-14, 0.000000000000000000, 1.000000000000000000 ) ) ;
#4891 = LINE ( 'NONE', #2202, #413 ) ;
#4892 = VECTOR ( 'NONE', #3902, 1000.000000000000000 ) ;
#4893 = AXIS2_PLACEMENT_3D ( 'NONE', #2297, #4060, #124 ) ;
#4894 = EDGE_CURVE ( 'NONE', #2713, #1846, #4793, .T. ) ;
#4895 = PRODUCT_DEFINITION ( 'UNKNOWN', '', #5014, #1458 ) ;
#4896 = ORIENTED_EDGE ( 'NONE', *, *, #3503, .T. ) ;
#4897 = VECTOR ( 'NONE', #1611, 1000.000000000000000 ) ;
#4898 = DIRECTION ( 'NONE',  ( 0.000000000000000000, 0.000000000000000000, -1.000000000000000000 ) ) ;
#4899 = CARTESIAN_POINT ( 'NONE',  ( 16.51554445662301873, 2.200000000000000178, 89.62500000000012790 ) ) ;
#4900 = DIRECTION ( 'NONE',  ( 0.4999999999999999445, 0.000000000000000000, 0.8660254037844387076 ) ) ;
#4901 = LINE ( 'NONE', #5414, #1580 ) ;
#4902 = EDGE_CURVE ( 'NONE', #2365, #2072, #2153, .T. ) ;
#4903 = EDGE_CURVE ( 'NONE', #2622, #4051, #3895, .T. ) ;
#4904 = AXIS2_PLACEMENT_3D ( 'NONE', #2959, #2143, #5121 ) ;
#4905 = ORIENTED_EDGE ( 'NONE', *, *, #269, .T. ) ;
#4906 = ORIENTED_EDGE ( 'NONE', *, *, #858, .T. ) ;
#4907 = ORIENTED_EDGE ( 'NONE', *, *, #4842, .T. ) ;
#4908 = LINE ( 'NONE', #955, #5346 ) ;
#4909 = CARTESIAN_POINT ( 'NONE',  ( 7.798889300107008538, 5.000000000000000000, 23.20598270084804682 ) ) ;
#4910 = CARTESIAN_POINT ( 'NONE',  ( -9.299999999999968736, -6.000000000000000000, 20.60598270084804895 ) ) ;
#4911 = ORIENTED_EDGE ( 'NONE', *, *, #3205, .T. ) ;
#4912 = ORIENTED_EDGE ( 'NONE', *, *, #5547, .T. ) ;
#4913 = DIRECTION ( 'NONE',  ( -1.000000000000000000, 0.000000000000000000, 1.084202172485505667E-16 ) ) ;
#4914 = LINE ( 'NONE', #847, #460 ) ;
#4915 = SHAPE_REPRESENTATION_RELATIONSHIP ( 'NONE' , 'NONE' ,  #3942, #5105 ) ;
#4916 = PLANE ( 'NONE',  #668 ) ;
#4917 = ORIENTED_EDGE ( 'NONE', *, *, #5585, .F. ) ;
#4918 = EDGE_CURVE ( 'NONE', #242, #2746, #377, .T. ) ;
#4919 = ORIENTED_EDGE ( 'NONE', *, *, #3277, .F. ) ;
#4920 = LINE ( 'NONE', #57, #5214 ) ;
#4921 = CARTESIAN_POINT ( 'NONE',  ( 7.798889300107008538, 2.500000000000000000, 23.20598270084804682 ) ) ;
#4922 = CARTESIAN_POINT ( 'NONE',  ( 7.800000000000030909, -1.000000000000028644, 31.92555455687869781 ) ) ;
#4923 = DIRECTION ( 'NONE',  ( 0.000000000000000000, 1.000000000000000000, 0.000000000000000000 ) ) ;
#4924 = VECTOR ( 'NONE', #1462, 1000.000000000000000 ) ;
#4925 = ORIENTED_EDGE ( 'NONE', *, *, #2428, .T. ) ;
#4926 = PLANE ( 'NONE',  #4893 ) ;
#4927 = FACE_OUTER_BOUND ( 'NONE', #2946, .T. ) ;
#4928 = CARTESIAN_POINT ( 'NONE',  ( 81.00000000000000000, 2.000000000000001776, 14.57059309120910306 ) ) ;
#4929 = CARTESIAN_POINT ( 'NONE',  ( -58.99999999999996447, 0.000000000000000000, -3.126578581479661700E-14 ) ) ;
#4930 = ORIENTED_EDGE ( 'NONE', *, *, #2692, .F. ) ;
#4931 = VERTEX_POINT ( 'NONE', #1668 ) ;
#4932 = EDGE_CURVE ( 'NONE', #2385, #1958, #5616, .T. ) ;
#4933 = VERTEX_POINT ( 'NONE', #3837 ) ;
#4934 = CARTESIAN_POINT ( 'NONE',  ( 76.05372625720931978, 3.000000000000000000, -20.68607404050326437 ) ) ;
#4935 = FACE_OUTER_BOUND ( 'NONE', #3295, .T. ) ;
#4936 = CARTESIAN_POINT ( 'NONE',  ( 18.03108891324579943, 0.000000000000000000, 87.00000000000009948 ) ) ;
#4937 = VERTEX_POINT ( 'NONE', #5159 ) ;
#4938 = ORIENTED_EDGE ( 'NONE', *, *, #3382, .T. ) ;
#4939 = VECTOR ( 'NONE', #2755, 1000.000000000000114 ) ;
#4940 = EDGE_CURVE ( 'NONE', #1615, #4059, #2128, .T. ) ;
#4941 = DIRECTION ( 'NONE',  ( 0.000000000000000000, 0.000000000000000000, 1.000000000000000000 ) ) ;
#4942 = DIRECTION ( 'NONE',  ( -0.000000000000000000, 1.000000000000000000, -0.000000000000000000 ) ) ;
#4943 = DIRECTION ( 'NONE',  ( 0.000000000000000000, 0.000000000000000000, -1.000000000000000000 ) ) ;
#4944 = VERTEX_POINT ( 'NONE', #2096 ) ;
#4945 = LINE ( 'NONE', #4081, #4481 ) ;
#4946 = CARTESIAN_POINT ( 'NONE',  ( -7.799999999999958078, -6.000000000000000000, 33.42555455687870136 ) ) ;
#4947 = ADVANCED_FACE ( 'NONE', ( #405 ), #3432, .T. ) ;
#4948 = EDGE_CURVE ( 'NONE', #1265, #2660, #1322, .T. ) ;
#4949 = LINE ( 'NONE', #3161, #1371 ) ;
#4950 = FACE_OUTER_BOUND ( 'NONE', #2513, .T. ) ;
#4951 = EDGE_CURVE ( 'NONE', #2253, #4397, #920, .T. ) ;
#4952 = ORIENTED_EDGE ( 'NONE', *, *, #3348, .F. ) ;
#4953 = DIRECTION ( 'NONE',  ( 0.000000000000000000, 0.000000000000000000, -1.000000000000000000 ) ) ;
#4954 = PLANE ( 'NONE',  #3583 ) ;
#4955 = PLANE ( 'NONE',  #291 ) ;
#4956 = DIRECTION ( 'NONE',  ( 1.000000000000000000, 0.000000000000000000, 0.000000000000000000 ) ) ;
#4957 = AXIS2_PLACEMENT_3D ( 'NONE', #1109, #5401, #5004 ) ;
#4958 = AXIS2_PLACEMENT_3D ( 'NONE', #5138, #5061, #2424 ) ;
#4959 = VERTEX_POINT ( 'NONE', #4090 ) ;
#4960 = EDGE_LOOP ( 'NONE', ( #665, #2156, #5031, #496 ) ) ;
#4961 = ORIENTED_EDGE ( 'NONE', *, *, #3898, .T. ) ;
#4962 = VECTOR ( 'NONE', #660, 1000.000000000000114 ) ;
#4963 = CARTESIAN_POINT ( 'NONE',  ( 7.800000000000030909, -6.000000000000000000, 28.92555455687869781 ) ) ;
#4964 = FACE_BOUND ( 'NONE', #1981, .T. ) ;
#4965 = CARTESIAN_POINT ( 'NONE',  ( -76.04923932178259349, 0.000000000000000000, -23.68049687673109105 ) ) ;
#4966 = VERTEX_POINT ( 'NONE', #4400 ) ;
#4967 = AXIS2_PLACEMENT_3D ( 'NONE', #1798, #33, #1426 ) ;
#4968 = ADVANCED_FACE ( 'NONE', ( #3193 ), #94, .F. ) ;
#4969 = ORIENTED_EDGE ( 'NONE', *, *, #2762, .T. ) ;
#4970 = DIRECTION ( 'NONE',  ( 0.2576626505603322181, 0.000000000000000000, 0.9662349396012462899 ) ) ;
#4971 = CARTESIAN_POINT ( 'NONE',  ( -76.04923932178259349, 3.000000000000000000, -23.68049687673109105 ) ) ;
#4972 = VECTOR ( 'NONE', #2159, 1000.000000000000000 ) ;
#4973 = SHAPE_DEFINITION_REPRESENTATION ( #2560, #5190 ) ;
#4974 = LINE ( 'NONE', #3647, #3984 ) ;
#4975 = EDGE_LOOP ( 'NONE', ( #1527, #329, #900, #2251 ) ) ;
#4976 = CARTESIAN_POINT ( 'NONE',  ( 78.39999999999999147, 10.00000000000000000, 17.31828170427217373 ) ) ;
#4977 = DIRECTION ( 'NONE',  ( -0.000000000000000000, -1.000000000000000000, -0.000000000000000000 ) ) ;
#4978 = PLANE ( 'NONE',  #3214 ) ;
#4979 = VECTOR ( 'NONE', #2926, 1000.000000000000000 ) ;
#4980 = CARTESIAN_POINT ( 'NONE',  ( 75.80297037413535577, 3.000000000000000000, 14.56203788081107398 ) ) ;
#4981 = EDGE_CURVE ( 'NONE', #5383, #4482, #5165, .T. ) ;
#4982 = CIRCLE ( 'NONE', #746, 1.899999999999999689 ) ;
#4983 = EDGE_LOOP ( 'NONE', ( #765, #4428, #3489, #553, #3296 ) ) ;
#4984 = ADVANCED_FACE ( 'NONE', ( #2707 ), #2771, .F. ) ;
#4985 = DIRECTION ( 'NONE',  ( -0.7071067811865486830, 0.7071067811865463515, 1.890548517948253046E-16 ) ) ;
#4986 = DIRECTION ( 'NONE',  ( 0.000000000000000000, 0.000000000000000000, 1.000000000000000000 ) ) ;
#4987 = CARTESIAN_POINT ( 'NONE',  ( -9.299999999999968736, -6.000000000000000000, 20.60598270084804895 ) ) ;
#4988 = DIRECTION ( 'NONE',  ( 0.000000000000000000, 0.000000000000000000, -1.000000000000000000 ) ) ;
#4989 = VECTOR ( 'NONE', #1429, 1000.000000000000000 ) ;
#4990 = VECTOR ( 'NONE', #2572, 1000.000000000000000 ) ;
#4991 = EDGE_LOOP ( 'NONE', ( #2383, #1271, #1468, #5083 ) ) ;
#4992 = ORIENTED_EDGE ( 'NONE', *, *, #1530, .T. ) ;
#4993 = VERTEX_POINT ( 'NONE', #2736 ) ;
#4994 = VECTOR ( 'NONE', #1968, 1000.000000000000000 ) ;
#4995 = DIRECTION ( 'NONE',  ( 0.000000000000000000, 1.000000000000000000, -0.000000000000000000 ) ) ;
#4996 = VECTOR ( 'NONE', #3517, 1000.000000000000000 ) ;
#4997 = LINE ( 'NONE', #3174, #5266 ) ;
#4998 = CARTESIAN_POINT ( 'NONE',  ( 13.48445554337749819, 2.200000000000000178, 84.37500000000012790 ) ) ;
#4999 = VERTEX_POINT ( 'NONE', #4866 ) ;
#5000 = ORIENTED_EDGE ( 'NONE', *, *, #2230, .T. ) ;
#5001 = VECTOR ( 'NONE', #2086, 1000.000000000000227 ) ;
#5002 = EDGE_CURVE ( 'NONE', #782, #5055, #2677, .T. ) ;
#5003 = DIRECTION ( 'NONE',  ( 0.8650360116844533209, 0.000000000000000000, 0.5017097751579635556 ) ) ;
#5004 = DIRECTION ( 'NONE',  ( -2.673639354406769807E-16, 0.000000000000000000, -1.000000000000000000 ) ) ;
#5005 = ITEM_DEFINED_TRANSFORMATION ( 'NONE', 'NONE', #2425,  #1971 ) ;
#5006 = LINE ( 'NONE', #4107, #2229 ) ;
#5007 = ADVANCED_FACE ( 'NONE', ( #3137 ), #4955, .F. ) ;
#5008 = ORIENTED_EDGE ( 'NONE', *, *, #3634, .T. ) ;
#5009 = ADVANCED_FACE ( 'NONE', ( #2271 ), #1834, .F. ) ;
#5010 = DIRECTION ( 'NONE',  ( 0.000000000000000000, 1.000000000000000000, 0.000000000000000000 ) ) ;
#5011 = DIRECTION ( 'NONE',  ( -0.4999999999999997224, 0.000000000000000000, 0.8660254037844387076 ) ) ;
#5012 = DIRECTION ( 'NONE',  ( 0.000000000000000000, 1.000000000000000000, 0.000000000000000000 ) ) ;
#5013 = CARTESIAN_POINT ( 'NONE',  ( -11.00000000000000000, 0.000000000000000000, -11.00000000000000000 ) ) ;
#5014 = PRODUCT_DEFINITION_FORMATION_WITH_SPECIFIED_SOURCE ( 'ANY', '', #1993, .NOT_KNOWN. ) ;
#5015 = ORIENTED_EDGE ( 'NONE', *, *, #1111, .T. ) ;
#5016 = DIRECTION ( 'NONE',  ( 0.000000000000000000, 1.000000000000000000, 0.000000000000000000 ) ) ;
#5017 = CARTESIAN_POINT ( 'NONE',  ( -16.52520088797338715, 0.000000000000000000, 84.38059887544430637 ) ) ;
#5018 = CARTESIAN_POINT ( 'NONE',  ( -76.05823654365040909, 0.000000000000000000, -20.67828895865947558 ) ) ;
#5019 = LINE ( 'NONE', #950, #1676 ) ;
#5020 = VECTOR ( 'NONE', #2559, 1000.000000000000000 ) ;
#5021 = ORIENTED_EDGE ( 'NONE', *, *, #199, .T. ) ;
#5022 = EDGE_LOOP ( 'NONE', ( #5620, #2860, #2181, #503 ) ) ;
#5023 = ORIENTED_EDGE ( 'NONE', *, *, #4745, .F. ) ;
#5024 = CARTESIAN_POINT ( 'NONE',  ( 9.300000000000030909, -6.000000000000000000, 31.92555455687869070 ) ) ;
#5025 = EDGE_CURVE ( 'NONE', #3467, #3549, #494, .T. ) ;
#5026 = DIRECTION ( 'NONE',  ( -0.000000000000000000, -1.000000000000000000, -0.000000000000000000 ) ) ;
#5027 = VECTOR ( 'NONE', #1886, 1000.000000000000000 ) ;
#5028 = DIRECTION ( 'NONE',  ( -0.000000000000000000, -1.000000000000000000, -0.000000000000000000 ) ) ;
#5029 = EDGE_CURVE ( 'NONE', #2253, #408, #547, .T. ) ;
#5030 = ORIENTED_EDGE ( 'NONE', *, *, #4027, .T. ) ;
#5031 = ORIENTED_EDGE ( 'NONE', *, *, #2369, .F. ) ;
#5032 = ORIENTED_EDGE ( 'NONE', *, *, #2552, .F. ) ;
#5033 = ADVANCED_FACE ( 'NONE', ( #3083 ), #2241, .F. ) ;
#5034 = LINE ( 'NONE', #2721, #1337 ) ;
#5035 = DIRECTION ( 'NONE',  ( 0.002996854885004050697, 0.000000000000000000, -0.9999955094203164530 ) ) ;
#5036 = CONTEXT_DEPENDENT_SHAPE_REPRESENTATION ( #4628, #1681 ) ;
#5037 = CIRCLE ( 'NONE', #5212, 2.500000000000033307 ) ;
#5038 = CARTESIAN_POINT ( 'NONE',  ( 7.800000000000030909, -6.000000000000000000, 28.92555455687869781 ) ) ;
#5039 = ORIENTED_EDGE ( 'NONE', *, *, #5421, .F. ) ;
#5040 = DIRECTION ( 'NONE',  ( 0.000000000000000000, 0.000000000000000000, 1.000000000000000000 ) ) ;
#5041 = PLANE ( 'NONE',  #4802 ) ;
#5042 = FACE_OUTER_BOUND ( 'NONE', #1583, .T. ) ;
#5043 = CARTESIAN_POINT ( 'NONE',  ( -47.00000000000000000, 2.500000000000000000, 101.0000000000000000 ) ) ;
#5044 = EDGE_CURVE ( 'NONE', #2296, #5219, #3632, .T. ) ;
#5045 = ORIENTED_EDGE ( 'NONE', *, *, #3168, .T. ) ;
#5046 = DIRECTION ( 'NONE',  ( -0.000000000000000000, -1.000000000000000000, -0.000000000000000000 ) ) ;
#5047 = DIRECTION ( 'NONE',  ( -0.000000000000000000, -1.000000000000000000, -0.000000000000000000 ) ) ;
#5048 = CARTESIAN_POINT ( 'NONE',  ( -78.39788897460657324, 3.000000000000000000, 19.07050236186967140 ) ) ;
#5049 = ORIENTED_EDGE ( 'NONE', *, *, #1873, .T. ) ;
#5050 = ORIENTED_EDGE ( 'NONE', *, *, #2321, .F. ) ;
#5051 = ORIENTED_EDGE ( 'NONE', *, *, #2371, .T. ) ;
#5052 = CARTESIAN_POINT ( 'NONE',  ( 11.96891108675472637, 0.000000000000000000, 87.00000000000012790 ) ) ;
#5053 = DIRECTION ( 'NONE',  ( -0.8660254037844381525, 0.000000000000000000, -0.5000000000000008882 ) ) ;
#5054 = EDGE_CURVE ( 'NONE', #2072, #4723, #3166, .T. ) ;
#5055 = VERTEX_POINT ( 'NONE', #4928 ) ;
#5056 = EDGE_LOOP ( 'NONE', ( #84, #3171, #1358, #1852, #3476, #1985, #3989 ) ) ;
#5057 = AXIS2_PLACEMENT_3D ( 'NONE', #5675, #1383, #1301 ) ;
#5058 = ADVANCED_FACE ( 'NONE', ( #5301 ), #5387, .F. ) ;
#5059 = EDGE_LOOP ( 'NONE', ( #3238, #4389, #2863, #4050 ) ) ;
#5060 = EDGE_CURVE ( 'NONE', #2483, #3840, #2765, .T. ) ;
#5061 = DIRECTION ( 'NONE',  ( -0.9999980488860908956, 0.000000000000000000, -0.001975404771559555010 ) ) ;
#5062 = LINE ( 'NONE', #3673, #266 ) ;
#5063 = DIRECTION ( 'NONE',  ( 0.000000000000000000, -1.000000000000000000, 0.000000000000000000 ) ) ;
#5064 = AXIS2_PLACEMENT_3D ( 'NONE', #2380, #3775, #687 ) ;
#5065 = ORIENTED_EDGE ( 'NONE', *, *, #4374, .F. ) ;
#5066 = AXIS2_PLACEMENT_3D ( 'NONE', #2814, #5521, #1570 ) ;
#5067 = LINE ( 'NONE', #4631, #1438 ) ;
#5068 = PLANE ( 'NONE',  #4717 ) ;
#5069 = DIRECTION ( 'NONE',  ( 0.000000000000000000, 1.000000000000000000, 0.000000000000000000 ) ) ;
#5070 = DIRECTION ( 'NONE',  ( 2.673639354406774245E-16, 0.000000000000000000, -1.000000000000000000 ) ) ;
#5071 = ORIENTED_EDGE ( 'NONE', *, *, #3259, .T. ) ;
#5072 = CARTESIAN_POINT ( 'NONE',  ( 13.48445554337748398, 0.000000000000000000, 89.62500000000012790 ) ) ;
#5073 = CARTESIAN_POINT ( 'NONE',  ( 40.74999999999976552, 0.000000000000000000, 45.50000000000012079 ) ) ;
#5074 = LINE ( 'NONE', #4203, #1694 ) ;
#5075 = ADVANCED_FACE ( 'NONE', ( #2328 ), #152, .T. ) ;
#5076 = ORIENTED_EDGE ( 'NONE', *, *, #1215, .T. ) ;
#5077 = ORIENTED_EDGE ( 'NONE', *, *, #2261, .T. ) ;
#5078 = ORIENTED_EDGE ( 'NONE', *, *, #5614, .T. ) ;
#5079 = AXIS2_PLACEMENT_3D ( 'NONE', #3424, #1689, #3395 ) ;
#5080 = DIRECTION ( 'NONE',  ( -0.000000000000000000, 0.000000000000000000, 1.000000000000000000 ) ) ;
#5081 = EDGE_CURVE ( 'NONE', #4582, #2983, #3285, .T. ) ;
#5082 = DIRECTION ( 'NONE',  ( 0.000000000000000000, 0.000000000000000000, -1.000000000000000000 ) ) ;
#5083 = ORIENTED_EDGE ( 'NONE', *, *, #4414, .F. ) ;
#5084 = ORIENTED_EDGE ( 'NONE', *, *, #5054, .F. ) ;
#5085 = ORIENTED_EDGE ( 'NONE', *, *, #531, .T. ) ;
#5086 = VECTOR ( 'NONE', #2208, 1000.000000000000000 ) ;
#5087 = CARTESIAN_POINT ( 'NONE',  ( -78.99999999999998579, 0.000000000000000000, -2.112175089981351599E-14 ) ) ;
#5088 = CYLINDRICAL_SURFACE ( 'NONE', #4234, 1.249999999999997558 ) ;
#5089 = DIRECTION ( 'NONE',  ( -0.000000000000000000, 1.000000000000000000, -0.000000000000000000 ) ) ;
#5090 = AXIS2_PLACEMENT_3D ( 'NONE', #2228, #904, #1393 ) ;
#5091 = VERTEX_POINT ( 'NONE', #2439 ) ;
#5092 = CARTESIAN_POINT ( 'NONE',  ( -9.999999999999992895, 0.000000000000000000, 8.000000000000001776 ) ) ;
#5093 = DIRECTION ( 'NONE',  ( -2.673639354406774245E-16, 0.000000000000000000, 1.000000000000000000 ) ) ;
#5094 = FACE_OUTER_BOUND ( 'NONE', #1811, .T. ) ;
#5095 = FACE_OUTER_BOUND ( 'NONE', #1196, .T. ) ;
#5096 = EDGE_CURVE ( 'NONE', #169, #5555, #1151, .T. ) ;
#5097 = ORIENTED_EDGE ( 'NONE', *, *, #1058, .F. ) ;
#5098 = DIRECTION ( 'NONE',  ( -0.002996854885004050697, 0.000000000000000000, 0.9999955094203164530 ) ) ;
#5099 = DIRECTION ( 'NONE',  ( 1.692413147294447942E-16, 0.000000000000000000, -1.000000000000000000 ) ) ;
#5100 = FACE_OUTER_BOUND ( 'NONE', #2554, .T. ) ;
#5101 = ORIENTED_EDGE ( 'NONE', *, *, #370, .T. ) ;
#5102 = VERTEX_POINT ( 'NONE', #3254 ) ;
#5103 = CARTESIAN_POINT ( 'NONE',  ( 12.00000000000000000, 2.000000000000000000, -10.99999999999999289 ) ) ;
#5104 = LINE ( 'NONE', #1156, #16 ) ;
#5105 = ADVANCED_BREP_SHAPE_REPRESENTATION ( '', ( #5686, #1971 ), #775 ) ;
#5106 = LINE ( 'NONE', #3025, #390 ) ;
#5107 = AXIS2_PLACEMENT_3D ( 'NONE', #1692, #1208, #2531 ) ;
#5108 = ORIENTED_EDGE ( 'NONE', *, *, #3199, .T. ) ;
#5109 = EDGE_CURVE ( 'NONE', #5539, #1944, #960, .T. ) ;
#5110 = VERTEX_POINT ( 'NONE', #661 ) ;
#5111 = ORIENTED_EDGE ( 'NONE', *, *, #5373, .T. ) ;
#5112 = EDGE_CURVE ( 'NONE', #929, #3723, #1124, .T. ) ;
#5113 = CARTESIAN_POINT ( 'NONE',  ( -42.99999999999980105, 5.000000000000000000, 2.250000000000133671 ) ) ;
#5114 = DIRECTION ( 'NONE',  ( 0.000000000000000000, 1.000000000000000000, -0.000000000000000000 ) ) ;
#5115 = FACE_OUTER_BOUND ( 'NONE', #376, .T. ) ;
#5116 = ORIENTED_EDGE ( 'NONE', *, *, #4304, .T. ) ;
#5117 = LINE ( 'NONE', #3848, #1536 ) ;
#5118 = DIRECTION ( 'NONE',  ( 3.000553181919163031E-16, -0.000000000000000000, 1.000000000000000000 ) ) ;
#5119 = DIRECTION ( 'NONE',  ( 0.9999932193701946970, 0.000000000000000000, -0.003682555313065100002 ) ) ;
#5120 =( LENGTH_UNIT ( ) NAMED_UNIT ( * ) SI_UNIT ( .MILLI., .METRE. ) );
#5121 = DIRECTION ( 'NONE',  ( 0.000000000000000000, 0.000000000000000000, 1.000000000000000000 ) ) ;
#5122 = EDGE_CURVE ( 'NONE', #770, #4837, #1095, .T. ) ;
#5123 = ORIENTED_EDGE ( 'NONE', *, *, #440, .F. ) ;
#5124 = EDGE_CURVE ( 'NONE', #3316, #310, #4147, .T. ) ;
#5125 = VECTOR ( 'NONE', #2871, 1000.000000000000000 ) ;
#5126 = PLANE ( 'NONE',  #3139 ) ;
#5127 = CARTESIAN_POINT ( 'NONE',  ( 51.00000000000004263, 5.000000000000000000, 110.0000000000000000 ) ) ;
#5128 = CARTESIAN_POINT ( 'NONE',  ( 9.000000000000005329, 2.000000000000000000, 8.000000000000007105 ) ) ;
#5129 = DIRECTION ( 'NONE',  ( 0.9662349396012464009, 0.000000000000000000, -0.2576626505603322181 ) ) ;
#5130 = EDGE_CURVE ( 'NONE', #5102, #3787, #5074, .T. ) ;
#5131 = ORIENTED_EDGE ( 'NONE', *, *, #2688, .F. ) ;
#5132 = ORIENTED_EDGE ( 'NONE', *, *, #2589, .F. ) ;
#5133 = CARTESIAN_POINT ( 'NONE',  ( -81.00000000000000000, 2.000000000000001776, 21.90598270084804966 ) ) ;
#5134 = DIRECTION ( 'NONE',  ( 0.000000000000000000, 0.000000000000000000, 1.000000000000000000 ) ) ;
#5135 = ORIENTED_EDGE ( 'NONE', *, *, #566, .F. ) ;
#5136 = ORIENTED_EDGE ( 'NONE', *, *, #357, .F. ) ;
#5137 = ORIENTED_EDGE ( 'NONE', *, *, #5549, .F. ) ;
#5138 = CARTESIAN_POINT ( 'NONE',  ( 75.79703977165694084, 3.000000000000000000, 17.56425342292120462 ) ) ;
#5139 = CARTESIAN_POINT ( 'NONE',  ( -9.299999999999968736, -1.000000000000028644, 31.92555455687869070 ) ) ;
#5140 = DIRECTION ( 'NONE',  ( -0.000000000000000000, -1.000000000000000000, -0.000000000000000000 ) ) ;
#5141 = EDGE_CURVE ( 'NONE', #614, #3695, #2709, .T. ) ;
#5142 = VECTOR ( 'NONE', #5196, 1000.000000000000000 ) ;
#5143 = ORIENTED_EDGE ( 'NONE', *, *, #3678, .T. ) ;
#5144 = FACE_OUTER_BOUND ( 'NONE', #2001, .T. ) ;
#5145 = LINE ( 'NONE', #3088, #3961 ) ;
#5146 = DIRECTION ( 'NONE',  ( -0.8650360116844534319, 0.000000000000000000, -0.5017097751579635556 ) ) ;
#5147 = VECTOR ( 'NONE', #177, 1000.000000000000227 ) ;
#5148 = CARTESIAN_POINT ( 'NONE',  ( -9.299999999999968736, -6.000000000000000000, 31.92555455687869070 ) ) ;
#5149 = DIRECTION ( 'NONE',  ( -0.5000000000000000000, 0.000000000000000000, -0.8660254037844387076 ) ) ;
#5150 = VERTEX_POINT ( 'NONE', #261 ) ;
#5151 = CARTESIAN_POINT ( 'NONE',  ( -12.00000000000000000, 2.000000000000000000, 5.999999999999995559 ) ) ;
#5152 = CARTESIAN_POINT ( 'NONE',  ( -9.299999999999998934, 2.000000000000000000, -9.299999999999997158 ) ) ;
#5153 = DIRECTION ( 'NONE',  ( 1.000000000000000000, 0.000000000000000000, 0.000000000000000000 ) ) ;
#5154 = CARTESIAN_POINT ( 'NONE',  ( -76.05823654365040909, 3.000000000000000000, -20.67828895865947558 ) ) ;
#5155 = EDGE_CURVE ( 'NONE', #929, #1377, #290, .T. ) ;
#5156 = EDGE_CURVE ( 'NONE', #1055, #782, #237, .T. ) ;
#5157 = VERTEX_POINT ( 'NONE', #3342 ) ;
#5158 = LINE ( 'NONE', #5561, #2166 ) ;
#5159 = CARTESIAN_POINT ( 'NONE',  ( -75.99999999999998579, 10.00000000000000000, 21.25076433052313618 ) ) ;
#5160 = LINE ( 'NONE', #1557, #3147 ) ;
#5161 = VECTOR ( 'NONE', #3594, 1000.000000000000000 ) ;
#5162 = ORIENTED_EDGE ( 'NONE', *, *, #395, .T. ) ;
#5163 = EDGE_CURVE ( 'NONE', #2804, #4537, #1975, .T. ) ;
#5164 = ORIENTED_EDGE ( 'NONE', *, *, #1160, .T. ) ;
#5165 = CIRCLE ( 'NONE', #2679, 1.899999999999999689 ) ;
#5166 = ORIENTED_EDGE ( 'NONE', *, *, #5527, .F. ) ;
#5167 = CARTESIAN_POINT ( 'NONE',  ( 79.00000000000001421, 0.000000000000000000, 13.41061878174422262 ) ) ;
#5168 = VECTOR ( 'NONE', #1511, 1000.000000000000000 ) ;
#5169 = LINE ( 'NONE', #3441, #3579 ) ;
#5170 = DIRECTION ( 'NONE',  ( 0.000000000000000000, 0.000000000000000000, -1.000000000000000000 ) ) ;
#5171 = AXIS2_PLACEMENT_3D ( 'NONE', #771, #800, #4752 ) ;
#5172 = ORIENTED_EDGE ( 'NONE', *, *, #3788, .T. ) ;
#5173 = AXIS2_PLACEMENT_3D ( 'NONE', #2129, #5646, #4432 ) ;
#5174 = FACE_OUTER_BOUND ( 'NONE', #4611, .T. ) ;
#5175 = CARTESIAN_POINT ( 'NONE',  ( -81.00000000000000000, 2.000000000000001776, 21.90598270084804966 ) ) ;
#5176 = DIRECTION ( 'NONE',  ( 0.000000000000000000, 0.000000000000000000, -1.000000000000000000 ) ) ;
#5177 = LINE ( 'NONE', #3446, #873 ) ;
#5178 = CARTESIAN_POINT ( 'NONE',  ( 10.00000000000000355, 2.000000000000000000, 8.000000000000000000 ) ) ;
#5179 = ADVANCED_FACE ( 'NONE', ( #5100 ), #2908, .T. ) ;
#5180 = ORIENTED_EDGE ( 'NONE', *, *, #4030, .T. ) ;
#5181 = VECTOR ( 'NONE', #4541, 1000.000000000000000 ) ;
#5182 = DIRECTION ( 'NONE',  ( -0.000000000000000000, 1.000000000000000000, -0.000000000000000000 ) ) ;
#5183 = CARTESIAN_POINT ( 'NONE',  ( -7.799999999999958078, -6.000000000000000000, 33.42555455687870136 ) ) ;
#5184 = DIRECTION ( 'NONE',  ( -0.000000000000000000, -1.000000000000000000, -0.000000000000000000 ) ) ;
#5185 = DIRECTION ( 'NONE',  ( 0.000000000000000000, 1.000000000000000000, 0.000000000000000000 ) ) ;
#5186 = ORIENTED_EDGE ( 'NONE', *, *, #2945, .F. ) ;
#5187 = EDGE_CURVE ( 'NONE', #4310, #929, #1066, .T. ) ;
#5188 = DIRECTION ( 'NONE',  ( -0.000000000000000000, -1.000000000000000000, -0.000000000000000000 ) ) ;
#5189 = FACE_OUTER_BOUND ( 'NONE', #1107, .T. ) ;
#5190 = SHAPE_REPRESENTATION ( 'paa5100je_bottom_mount', ( #1971 ), #1607 ) ;
#5191 = ORIENTED_EDGE ( 'NONE', *, *, #2852, .F. ) ;
#5192 = ORIENTED_EDGE ( 'NONE', *, *, #5372, .F. ) ;
#5193 = VERTEX_POINT ( 'NONE', #1918 ) ;
#5194 = EDGE_CURVE ( 'NONE', #5391, #537, #2431, .T. ) ;
#5195 = CARTESIAN_POINT ( 'NONE',  ( 81.00000000000001421, 2.000000000000001776, 21.90598270084813493 ) ) ;
#5196 = DIRECTION ( 'NONE',  ( 2.775557561562875574E-15, 0.000000000000000000, -1.000000000000000000 ) ) ;
#5197 = CIRCLE ( 'NONE', #5107, 1.250000000000001110 ) ;
#5198 = EDGE_CURVE ( 'NONE', #1846, #2713, #1518, .T. ) ;
#5199 = DIRECTION ( 'NONE',  ( -0.000000000000000000, -1.000000000000000000, -0.000000000000000000 ) ) ;
#5200 = ORIENTED_EDGE ( 'NONE', *, *, #857, .T. ) ;
#5201 = CIRCLE ( 'NONE', #2344, 2.649999999999999467 ) ;
#5202 = CARTESIAN_POINT ( 'NONE',  ( 78.65372625720931410, 3.000000000000000000, -25.18940614018234925 ) ) ;
#5203 = DIRECTION ( 'NONE',  ( -0.000000000000000000, 1.000000000000000000, -0.000000000000000000 ) ) ;
#5204 = DIRECTION ( 'NONE',  ( 0.000000000000000000, 1.000000000000000000, -0.000000000000000000 ) ) ;
#5205 = DIRECTION ( 'NONE',  ( 0.000000000000000000, 1.000000000000000000, -0.000000000000000000 ) ) ;
#5206 = EDGE_LOOP ( 'NONE', ( #4420, #2818, #5510, #2221 ) ) ;
#5207 = VERTEX_POINT ( 'NONE', #5018 ) ;
#5208 = CARTESIAN_POINT ( 'NONE',  ( -10.29999999999999893, 0.000000000000000000, 28.92555455687870847 ) ) ;
#5209 = DIRECTION ( 'NONE',  ( -0.000000000000000000, -1.000000000000000000, -0.000000000000000000 ) ) ;
#5210 = CARTESIAN_POINT ( 'NONE',  ( -61.00000000000002132, 10.00000000000000000, 110.0000000000000000 ) ) ;
#5211 = DIRECTION ( 'NONE',  ( 0.7040905031817153992, 0.7040905031817153992, 0.09226660641119033279 ) ) ;
#5212 = AXIS2_PLACEMENT_3D ( 'NONE', #3905, #5343, #5255 ) ;
#5213 = ADVANCED_FACE ( 'NONE', ( #4608 ), #631, .F. ) ;
#5214 = VECTOR ( 'NONE', #5320, 1000.000000000000114 ) ;
#5215 = ORIENTED_EDGE ( 'NONE', *, *, #2210, .F. ) ;
#5216 = EDGE_CURVE ( 'NONE', #2131, #2351, #1949, .T. ) ;
#5217 = DIRECTION ( 'NONE',  ( 0.000000000000000000, 1.000000000000000000, 0.000000000000000000 ) ) ;
#5218 = DIRECTION ( 'NONE',  ( 0.000000000000000000, 0.000000000000000000, -1.000000000000000000 ) ) ;
#5219 = VERTEX_POINT ( 'NONE', #1524 ) ;
#5220 = ORIENTED_EDGE ( 'NONE', *, *, #4387, .F. ) ;
#5221 = VERTEX_POINT ( 'NONE', #4177 ) ;
#5222 = CARTESIAN_POINT ( 'NONE',  ( -55.00000000000002132, 5.000000000000000000, 110.0000000000000000 ) ) ;
#5223 = EDGE_CURVE ( 'NONE', #1258, #1498, #5641, .T. ) ;
#5224 = CARTESIAN_POINT ( 'NONE',  ( 9.299999999999998934, 2.000000000000000000, -8.049999999999998934 ) ) ;
#5225 = ORIENTED_EDGE ( 'NONE', *, *, #3436, .F. ) ;
#5226 = ORIENTED_EDGE ( 'NONE', *, *, #3419, .F. ) ;
#5227 = ADVANCED_FACE ( 'NONE', ( #2121 ), #3372, .F. ) ;
#5228 = DIRECTION ( 'NONE',  ( 0.000000000000000000, 0.000000000000000000, -1.000000000000000000 ) ) ;
#5229 = CARTESIAN_POINT ( 'NONE',  ( -9.299999999999968736, -6.000000000000000000, 23.25598270084804753 ) ) ;
#5230 = CARTESIAN_POINT ( 'NONE',  ( 9.299999999999998934, 0.000000000000000000, -9.299999999999997158 ) ) ;
#5231 = CARTESIAN_POINT ( 'NONE',  ( -78.40211102539342392, 0.000000000000000000, 13.06606104667467250 ) ) ;
#5232 = VERTEX_POINT ( 'NONE', #3428 ) ;
#5233 = VERTEX_POINT ( 'NONE', #3834 ) ;
#5234 = VECTOR ( 'NONE', #3223, 1000.000000000000114 ) ;
#5235 = CARTESIAN_POINT ( 'NONE',  ( -81.00105486994254989, 3.000000000000000000, 14.56899957709215521 ) ) ;
#5236 = DIRECTION ( 'NONE',  ( -2.673639354406769807E-16, 0.000000000000000000, -1.000000000000000000 ) ) ;
#5237 = DIRECTION ( 'NONE',  ( 0.000000000000000000, 1.000000000000000000, 0.000000000000000000 ) ) ;
#5238 = CIRCLE ( 'NONE', #1920, 2.649999999999999467 ) ;
#5239 = ORIENTED_EDGE ( 'NONE', *, *, #5666, .F. ) ;
#5240 = VECTOR ( 'NONE', #339, 1000.000000000000000 ) ;
#5241 = DIRECTION ( 'NONE',  ( 0.000000000000000000, 1.000000000000000000, 0.000000000000000000 ) ) ;
#5242 = EDGE_CURVE ( 'NONE', #4816, #5306, #1244, .T. ) ;
#5243 = CARTESIAN_POINT ( 'NONE',  ( -51.00000000000003553, 5.000000000000000000, 110.0000000000000000 ) ) ;
#5244 = EDGE_CURVE ( 'NONE', #4811, #5677, #4553, .T. ) ;
#5245 = ORIENTED_EDGE ( 'NONE', *, *, #5527, .T. ) ;
#5246 = ORIENTED_EDGE ( 'NONE', *, *, #5327, .F. ) ;
#5247 = EDGE_CURVE ( 'NONE', #1305, #781, #1660, .T. ) ;
#5248 = EDGE_LOOP ( 'NONE', ( #1319, #3711, #2441, #4439 ) ) ;
#5249 = AXIS2_PLACEMENT_3D ( 'NONE', #2172, #970, #2235 ) ;
#5250 = DIRECTION ( 'NONE',  ( 1.692413147294446709E-16, 0.000000000000000000, -1.000000000000000000 ) ) ;
#5251 = CARTESIAN_POINT ( 'NONE',  ( -76.05823654365040909, 3.000000000000000000, -20.67828895865947558 ) ) ;
#5252 = VERTEX_POINT ( 'NONE', #1238 ) ;
#5253 = VECTOR ( 'NONE', #4900, 1000.000000000000000 ) ;
#5254 = ORIENTED_EDGE ( 'NONE', *, *, #4438, .T. ) ;
#5255 = DIRECTION ( 'NONE',  ( 0.000000000000000000, 0.000000000000000000, 1.000000000000000000 ) ) ;
#5256 = CARTESIAN_POINT ( 'NONE',  ( -75.79894513005741885, 3.000000000000000000, 17.56756383145217981 ) ) ;
#5257 = AXIS2_PLACEMENT_3D ( 'NONE', #5272, #1832, #5385 ) ;
#5258 = DIRECTION ( 'NONE',  ( -1.000000000000000222, 4.209358388226309929E-17, -3.330669073875469621E-16 ) ) ;
#5259 = CARTESIAN_POINT ( 'NONE',  ( -9.299999999999968736, -1.000000000000013101, 20.60598270084804895 ) ) ;
#5260 = AXIS2_PLACEMENT_3D ( 'NONE', #2454, #4680, #2486 ) ;
#5261 = ORIENTED_EDGE ( 'NONE', *, *, #4948, .T. ) ;
#5262 = VECTOR ( 'NONE', #5434, 1000.000000000000000 ) ;
#5263 = EDGE_LOOP ( 'NONE', ( #1639, #5135, #931, #3468, #4250 ) ) ;
#5264 = CARTESIAN_POINT ( 'NONE',  ( 10.80111069989304262, 2.500000000000000000, 18.00598270084806174 ) ) ;
#5265 = LINE ( 'NONE', #4858, #572 ) ;
#5266 = VECTOR ( 'NONE', #5053, 1000.000000000000000 ) ;
#5267 = PLANE ( 'NONE',  #4137 ) ;
#5268 = CARTESIAN_POINT ( 'NONE',  ( -14.99999999999974598, 5.000000000000000888, 88.25000000000012790 ) ) ;
#5269 = EDGE_CURVE ( 'NONE', #2333, #1823, #5476, .T. ) ;
#5270 = VECTOR ( 'NONE', #3138, 1000.000000000000114 ) ;
#5271 = VERTEX_POINT ( 'NONE', #803 ) ;
#5272 = CARTESIAN_POINT ( 'NONE',  ( 3.750000000000000000, 4.000000000000000000, -6.499999999999999112 ) ) ;
#5273 = DIRECTION ( 'NONE',  ( 0.000000000000000000, 0.000000000000000000, -1.000000000000000000 ) ) ;
#5274 = LINE ( 'NONE', #2179, #1763 ) ;
#5275 = ORIENTED_EDGE ( 'NONE', *, *, #4028, .F. ) ;
#5276 = VERTEX_POINT ( 'NONE', #2065 ) ;
#5277 = ORIENTED_EDGE ( 'NONE', *, *, #1878, .F. ) ;
#5278 = CARTESIAN_POINT ( 'NONE',  ( -78.39999999999999147, 10.00000000000000000, 16.06828170427217728 ) ) ;
#5279 = CARTESIAN_POINT ( 'NONE',  ( 40.74999999999977263, 10.00000000000000000, 4.500000000000170530 ) ) ;
#5280 = DIRECTION ( 'NONE',  ( 0.000000000000000000, -0.000000000000000000, 1.000000000000000000 ) ) ;
#5281 = EDGE_CURVE ( 'NONE', #4944, #4589, #321, .T. ) ;
#5282 = ORIENTED_EDGE ( 'NONE', *, *, #434, .T. ) ;
#5283 = CARTESIAN_POINT ( 'NONE',  ( -45.24999999999980815, 5.000000000000000000, 45.50000000000009948 ) ) ;
#5284 = LINE ( 'NONE', #5315, #4696 ) ;
#5285 = CARTESIAN_POINT ( 'NONE',  ( -13.13688242021431662, 35.06317777273896752, 59.92965579555163913 ) ) ;
#5286 = DIRECTION ( 'NONE',  ( 0.000000000000000000, 0.000000000000000000, 1.000000000000000000 ) ) ;
#5287 = AXIS2_PLACEMENT_3D ( 'NONE', #2822, #209, #2850 ) ;
#5288 = ORIENTED_EDGE ( 'NONE', *, *, #97, .F. ) ;
#5289 = ORIENTED_EDGE ( 'NONE', *, *, #739, .F. ) ;
#5290 = LINE ( 'NONE', #853, #4200 ) ;
#5291 = DIRECTION ( 'NONE',  ( -0.5000000000000018874, 0.000000000000000000, -0.8660254037844374864 ) ) ;
#5292 = AXIS2_PLACEMENT_3D ( 'NONE', #314, #737, #5657 ) ;
#5293 = DIRECTION ( 'NONE',  ( 0.000000000000000000, 0.000000000000000000, -1.000000000000000000 ) ) ;
#5294 = CARTESIAN_POINT ( 'NONE',  ( -2.249999999999999556, 4.000000000000000000, -0.4999999999999987232 ) ) ;
#5295 = EDGE_CURVE ( 'NONE', #5449, #4022, #3731, .T. ) ;
#5296 = ADVANCED_FACE ( 'NONE', ( #3917 ), #5584, .F. ) ;
#5297 = VERTEX_POINT ( 'NONE', #4263 ) ;
#5298 = EDGE_CURVE ( 'NONE', #5530, #5091, #4780, .T. ) ;
#5299 = LINE ( 'NONE', #3973, #2494 ) ;
#5300 = DIRECTION ( 'NONE',  ( -3.000553181919163031E-16, 0.000000000000000000, -1.000000000000000000 ) ) ;
#5301 = FACE_OUTER_BOUND ( 'NONE', #3200, .T. ) ;
#5302 = VECTOR ( 'NONE', #2282, 1000.000000000000000 ) ;
#5303 = LINE ( 'NONE', #4760, #2039 ) ;
#5304 = VECTOR ( 'NONE', #4237, 1000.000000000000000 ) ;
#5305 = ORIENTED_EDGE ( 'NONE', *, *, #1058, .T. ) ;
#5306 = VERTEX_POINT ( 'NONE', #774 ) ;
#5307 = ORIENTED_EDGE ( 'NONE', *, *, #4104, .F. ) ;
#5308 = CONICAL_SURFACE ( 'NONE', #617, 1.500000000000001332, 0.7853981633974487231 ) ;
#5309 = CARTESIAN_POINT ( 'NONE',  ( -79.14370838656881801, 0.000000000000000000, 21.10498890308500108 ) ) ;
#5310 = LINE ( 'NONE', #5339, #2563 ) ;
#5311 = FACE_OUTER_BOUND ( 'NONE', #5416, .T. ) ;
#5312 = AXIS2_PLACEMENT_3D ( 'NONE', #1424, #3215, #1088 ) ;
#5313 = ORIENTED_EDGE ( 'NONE', *, *, #2210, .T. ) ;
#5314 = CARTESIAN_POINT ( 'NONE',  ( 78.65372625720931410, 10.00000000000000000, -22.18718474039629385 ) ) ;
#5315 = CARTESIAN_POINT ( 'NONE',  ( -7.799999999999950973, 0.000000000000000000, 26.42555455687866939 ) ) ;
#5316 = ADVANCED_FACE ( 'NONE', ( #1632 ), #428, .F. ) ;
#5317 = CARTESIAN_POINT ( 'NONE',  ( -7.783094146864282692, 2.500000000000000000, 18.01516623377516169 ) ) ;
#5318 = ORIENTED_EDGE ( 'NONE', *, *, #1368, .T. ) ;
#5319 = ORIENTED_EDGE ( 'NONE', *, *, #4178, .T. ) ;
#5320 = DIRECTION ( 'NONE',  ( 0.000000000000000000, 0.7071067811865474617, 0.7071067811865474617 ) ) ;
#5321 = CARTESIAN_POINT ( 'NONE',  ( -81.00000000000000000, 3.000000000000000000, 21.90598270084804966 ) ) ;
#5322 = DIRECTION ( 'NONE',  ( -0.000000000000000000, -1.000000000000000000, -0.000000000000000000 ) ) ;
#5323 = CARTESIAN_POINT ( 'NONE',  ( 9.300000000000030909, -6.000000000000000000, 20.60598270084804895 ) ) ;
#5324 = VECTOR ( 'NONE', #1138, 1000.000000000000000 ) ;
#5325 = VERTEX_POINT ( 'NONE', #5154 ) ;
#5326 = DIRECTION ( 'NONE',  ( -0.000000000000000000, -1.000000000000000000, -0.000000000000000000 ) ) ;
#5327 = EDGE_CURVE ( 'NONE', #1944, #5539, #5197, .T. ) ;
#5328 = ADVANCED_FACE ( 'NONE', ( #4290 ), #348, .F. ) ;
#5329 = DIRECTION ( 'NONE',  ( 0.001975404771559555010, 0.000000000000000000, -0.9999980488860907846 ) ) ;
#5330 = CARTESIAN_POINT ( 'NONE',  ( 0.5000000000000004441, 5.000000000000000000, -3.870000000000000107 ) ) ;
#5331 = CARTESIAN_POINT ( 'NONE',  ( 75.79703977165694084, 0.000000000000000000, 17.56425342292120462 ) ) ;
#5332 = VECTOR ( 'NONE', #2992, 1000.000000000000000 ) ;
#5333 = EDGE_CURVE ( 'NONE', #3577, #3401, #4003, .T. ) ;
#5334 = EDGE_LOOP ( 'NONE', ( #2988, #3663, #3437, #4715, #273, #156, #3562, #3142, #5673 ) ) ;
#5335 = EDGE_LOOP ( 'NONE', ( #4911, #4338, #2971, #2604 ) ) ;
#5336 = AXIS2_PLACEMENT_3D ( 'NONE', #4546, #3363, #3390 ) ;
#5337 = ORIENTED_EDGE ( 'NONE', *, *, #253, .T. ) ;
#5338 = CARTESIAN_POINT ( 'NONE',  ( 75.80297037413535577, 3.000000000000000000, 14.56203788081107398 ) ) ;
#5339 = CARTESIAN_POINT ( 'NONE',  ( -18.03106836055345141, 2.200000000000000178, 87.01116215258194586 ) ) ;
#5340 = CARTESIAN_POINT ( 'NONE',  ( 0.000000000000000000, 3.000000000000000000, 0.000000000000000000 ) ) ;
#5341 = EDGE_CURVE ( 'NONE', #3206, #2541, #3480, .T. ) ;
#5342 = ORIENTED_EDGE ( 'NONE', *, *, #4371, .T. ) ;
#5343 = DIRECTION ( 'NONE',  ( 0.000000000000000000, 1.000000000000000000, 0.000000000000000000 ) ) ;
#5344 = DIRECTION ( 'NONE',  ( -0.8663767669259530013, 0.000000000000000000, -0.4993909267607219982 ) ) ;
#5345 = PLANE ( 'NONE',  #1132 ) ;
#5346 = VECTOR ( 'NONE', #2714, 1000.000000000000114 ) ;
#5347 = ORIENTED_EDGE ( 'NONE', *, *, #4759, .T. ) ;
#5348 = ORIENTED_EDGE ( 'NONE', *, *, #5400, .F. ) ;
#5349 = VECTOR ( 'NONE', #5046, 1000.000000000000000 ) ;
#5350 = PLANE ( 'NONE',  #4756 ) ;
#5351 = DIRECTION ( 'NONE',  ( -0.000000000000000000, 1.000000000000000000, -0.000000000000000000 ) ) ;
#5352 = DIRECTION ( 'NONE',  ( -0.000000000000000000, -1.000000000000000000, -0.000000000000000000 ) ) ;
#5353 = LINE ( 'NONE', #1427, #3915 ) ;
#5354 = AXIS2_PLACEMENT_3D ( 'NONE', #5340, #1815, #3493 ) ;
#5355 = VECTOR ( 'NONE', #5209, 1000.000000000000000 ) ;
#5356 = EDGE_CURVE ( 'NONE', #1869, #4999, #3079, .T. ) ;
#5357 = VERTEX_POINT ( 'NONE', #4861 ) ;
#5358 = DIRECTION ( 'NONE',  ( 0.000000000000000000, 1.000000000000000000, -0.000000000000000000 ) ) ;
#5359 = DIRECTION ( 'NONE',  ( -0.000000000000000000, 1.000000000000000000, -0.000000000000000000 ) ) ;
#5360 = DIRECTION ( 'NONE',  ( -1.000000000000000000, 0.000000000000000000, -0.000000000000000000 ) ) ;
#5361 = LINE ( 'NONE', #3660, #2595 ) ;
#5362 = AXIS2_PLACEMENT_3D ( 'NONE', #1599, #796, #2579 ) ;
#5363 = EDGE_CURVE ( 'NONE', #2074, #3358, #4891, .T. ) ;
#5364 = VERTEX_POINT ( 'NONE', #1000 ) ;
#5365 = EDGE_LOOP ( 'NONE', ( #1016, #5649, #1535, #1923 ) ) ;
#5366 = VERTEX_POINT ( 'NONE', #4457 ) ;
#5367 = DIRECTION ( 'NONE',  ( -0.000000000000000000, -0.000000000000000000, -1.000000000000000000 ) ) ;
#5368 = LINE ( 'NONE', #4471, #3305 ) ;
#5369 = CYLINDRICAL_SURFACE ( 'NONE', #2778, 2.649999999999999467 ) ;
#5370 = ORIENTED_EDGE ( 'NONE', *, *, #1160, .F. ) ;
#5371 = ORIENTED_EDGE ( 'NONE', *, *, #4759, .F. ) ;
#5372 = EDGE_CURVE ( 'NONE', #2825, #4537, #1343, .T. ) ;
#5373 = EDGE_CURVE ( 'NONE', #614, #1944, #2703, .T. ) ;
#5374 = CARTESIAN_POINT ( 'NONE',  ( -75.99999999999998579, 10.00000000000000000, 21.25076433052313618 ) ) ;
#5375 = DIRECTION ( 'NONE',  ( 0.000000000000000000, -1.000000000000000000, 0.000000000000000000 ) ) ;
#5376 = CARTESIAN_POINT ( 'NONE',  ( 81.00296022834304210, 3.000000000000000000, 14.57230998562313040 ) ) ;
#5377 = ORIENTED_EDGE ( 'NONE', *, *, #1701, .F. ) ;
#5378 = FACE_OUTER_BOUND ( 'NONE', #532, .T. ) ;
#5379 = LINE ( 'NONE', #4946, #5538 ) ;
#5380 = DIRECTION ( 'NONE',  ( 0.000000000000000000, 1.000000000000000000, -0.000000000000000000 ) ) ;
#5381 = CARTESIAN_POINT ( 'NONE',  ( -18.03106836055345141, 2.200000000000000178, 87.01116215258194586 ) ) ;
#5382 = AXIS2_PLACEMENT_3D ( 'NONE', #2092, #3860, #5611 ) ;
#5383 = VERTEX_POINT ( 'NONE', #517 ) ;
#5384 = VECTOR ( 'NONE', #488, 1000.000000000000000 ) ;
#5385 = DIRECTION ( 'NONE',  ( 1.445602896647339163E-16, 0.000000000000000000, 1.000000000000000000 ) ) ;
#5386 = DIRECTION ( 'NONE',  ( 0.8690522416791728322, 0.000000000000000000, -0.4947203262777917776 ) ) ;
#5387 = CYLINDRICAL_SURFACE ( 'NONE', #3735, 2.250000000000008882 ) ;
#5388 = CARTESIAN_POINT ( 'NONE',  ( 46.99999999999997868, 5.000000000000000000, 96.99999999999997158 ) ) ;
#5389 = ADVANCED_FACE ( 'NONE', ( #1370 ), #5690, .F. ) ;
#5390 = VERTEX_POINT ( 'NONE', #4026 ) ;
#5391 = VERTEX_POINT ( 'NONE', #4000 ) ;
#5392 = EDGE_CURVE ( 'NONE', #1068, #113, #1604, .T. ) ;
#5393 = ORIENTED_EDGE ( 'NONE', *, *, #147, .T. ) ;
#5394 = CARTESIAN_POINT ( 'NONE',  ( -45.24999999999980815, 0.000000000000000000, 4.500000000000171418 ) ) ;
#5395 = DIRECTION ( 'NONE',  ( -1.692413147294447942E-16, 0.000000000000000000, 1.000000000000000000 ) ) ;
#5396 = DIRECTION ( 'NONE',  ( 0.000000000000000000, 0.000000000000000000, 1.000000000000000000 ) ) ;
#5397 = ORIENTED_EDGE ( 'NONE', *, *, #3181, .T. ) ;
#5398 = EDGE_LOOP ( 'NONE', ( #3897, #1112, #3778, #4351 ) ) ;
#5399 = CARTESIAN_POINT ( 'NONE',  ( 75.79703977165694084, 0.000000000000000000, 17.56425342292120462 ) ) ;
#5400 = EDGE_CURVE ( 'NONE', #4066, #1045, #3968, .T. ) ;
#5401 = DIRECTION ( 'NONE',  ( -0.7071067811865486830, 0.7071067811865463515, 1.890548517948253046E-16 ) ) ;
#5402 = CARTESIAN_POINT ( 'NONE',  ( -11.00000000000000000, 2.000000000000000000, -11.00000000000000000 ) ) ;
#5403 = VECTOR ( 'NONE', #1542, 1000.000000000000000 ) ;
#5404 = EDGE_CURVE ( 'NONE', #5479, #2622, #3938, .T. ) ;
#5405 = ORIENTED_EDGE ( 'NONE', *, *, #2762, .F. ) ;
#5406 = DIRECTION ( 'NONE',  ( -0.000000000000000000, 1.000000000000000000, -0.000000000000000000 ) ) ;
#5407 = LINE ( 'NONE', #1515, #2037 ) ;
#5408 = FACE_BOUND ( 'NONE', #4767, .T. ) ;
#5409 = CARTESIAN_POINT ( 'NONE',  ( 7.800000000000019362, -6.000000000000000000, 27.42555455687869781 ) ) ;
#5410 = EDGE_LOOP ( 'NONE', ( #3287, #2244, #4207, #3028 ) ) ;
#5411 = CYLINDRICAL_SURFACE ( 'NONE', #2867, 1.249999999999997558 ) ;
#5412 = DIRECTION ( 'NONE',  ( -0.000000000000000000, -1.000000000000000000, -0.000000000000000000 ) ) ;
#5413 = DIRECTION ( 'NONE',  ( 0.000000000000000000, 0.000000000000000000, -1.000000000000000000 ) ) ;
#5414 = CARTESIAN_POINT ( 'NONE',  ( -80.99999999999998579, 5.000000000000000000, -23.83897132671138053 ) ) ;
#5415 = ORIENTED_EDGE ( 'NONE', *, *, #498, .F. ) ;
#5416 = EDGE_LOOP ( 'NONE', ( #4149, #3031, #5049, #4236 ) ) ;
#5417 = ADVANCED_FACE ( 'NONE', ( #1742 ), #3641, .T. ) ;
#5418 = ORIENTED_EDGE ( 'NONE', *, *, #2962, .F. ) ;
#5419 = VECTOR ( 'NONE', #4430, 1000.000000000000114 ) ;
#5420 = CARTESIAN_POINT ( 'NONE',  ( 78.39999999999999147, 3.000000000000000888, 17.31828170427217373 ) ) ;
#5421 = EDGE_CURVE ( 'NONE', #5233, #4993, #2806, .T. ) ;
#5422 = CARTESIAN_POINT ( 'NONE',  ( 42.99999999999978684, 10.00000000000000000, 2.250000000000168754 ) ) ;
#5423 = CYLINDRICAL_SURFACE ( 'NONE', #1937, 1.500000000000001332 ) ;
#5424 = ORIENTED_EDGE ( 'NONE', *, *, #3927, .F. ) ;
#5425 = AXIS2_PLACEMENT_3D ( 'NONE', #2702, #540, #3188 ) ;
#5426 = EDGE_CURVE ( 'NONE', #242, #3520, #3597, .T. ) ;
#5427 = ORIENTED_EDGE ( 'NONE', *, *, #3595, .T. ) ;
#5428 = DIRECTION ( 'NONE',  ( 0.001975404771559555010, 0.000000000000000000, -0.9999980488860907846 ) ) ;
#5429 = DIRECTION ( 'NONE',  ( -0.000000000000000000, -1.000000000000000000, -0.000000000000000000 ) ) ;
#5430 = VECTOR ( 'NONE', #2516, 1000.000000000000000 ) ;
#5431 = DIRECTION ( 'NONE',  ( 0.000000000000000000, 0.000000000000000000, 1.000000000000000000 ) ) ;
#5432 = ORIENTED_EDGE ( 'NONE', *, *, #3205, .F. ) ;
#5433 = CARTESIAN_POINT ( 'NONE',  ( 10.99999999999999289, 2.000000000000000000, -12.00000000000000000 ) ) ;
#5434 = DIRECTION ( 'NONE',  ( -0.000000000000000000, -0.000000000000000000, 1.000000000000000000 ) ) ;
#5435 = FACE_OUTER_BOUND ( 'NONE', #4102, .T. ) ;
#5436 = CIRCLE ( 'NONE', #3413, 1.249999999999997558 ) ;
#5437 = FACE_OUTER_BOUND ( 'NONE', #328, .T. ) ;
#5438 = AXIS2_PLACEMENT_3D ( 'NONE', #4963, #4532, #2334 ) ;
#5439 = ORIENTED_EDGE ( 'NONE', *, *, #606, .F. ) ;
#5440 = EDGE_CURVE ( 'NONE', #810, #878, #1400, .T. ) ;
#5441 = CARTESIAN_POINT ( 'NONE',  ( -78.39999999999999147, -13.20000000000000462, 16.06828170427217728 ) ) ;
#5442 = AXIS2_PLACEMENT_3D ( 'NONE', #136, #2337, #3642 ) ;
#5443 = DIRECTION ( 'NONE',  ( -0.4999999999999995004, 0.000000000000000000, 0.8660254037844389297 ) ) ;
#5444 = DIRECTION ( 'NONE',  ( 0.000000000000000000, 0.000000000000000000, 1.000000000000000000 ) ) ;
#5445 = EDGE_CURVE ( 'NONE', #1372, #1033, #5353, .T. ) ;
#5446 = CARTESIAN_POINT ( 'NONE',  ( -75.80105615545083708, 3.000000000000000000, 14.56534317385470878 ) ) ;
#5447 = AXIS2_PLACEMENT_3D ( 'NONE', #3857, #2118, #1657 ) ;
#5448 = CIRCLE ( 'NONE', #4162, 1.250000000000001110 ) ;
#5449 = VERTEX_POINT ( 'NONE', #5268 ) ;
#5450 = VERTEX_POINT ( 'NONE', #120 ) ;
#5451 = ORIENTED_EDGE ( 'NONE', *, *, #5445, .T. ) ;
#5452 = AXIS2_PLACEMENT_3D ( 'NONE', #2898, #3950, #2025 ) ;
#5453 = CARTESIAN_POINT ( 'NONE',  ( 81.00000000000000000, 5.000000000000000000, -23.83478436318959481 ) ) ;
#5454 = CIRCLE ( 'NONE', #2970, 1.500000000000001332 ) ;
#5455 = CARTESIAN_POINT ( 'NONE',  ( 45.24999999999977263, 0.000000000000000000, 45.50000000000012079 ) ) ;
#5456 = LINE ( 'NONE', #4998, #474 ) ;
#5457 = EDGE_LOOP ( 'NONE', ( #56, #2030, #5131, #4930, #5220, #429 ) ) ;
#5458 = ORIENTED_EDGE ( 'NONE', *, *, #3593, .T. ) ;
#5459 = AXIS2_PLACEMENT_3D ( 'NONE', #5402, #3675, #4569 ) ;
#5460 = EDGE_LOOP ( 'NONE', ( #1588, #4127, #2952, #2963 ) ) ;
#5461 = DIRECTION ( 'NONE',  ( -2.673639354406774245E-16, 0.000000000000000000, 1.000000000000000000 ) ) ;
#5462 = DIRECTION ( 'NONE',  ( 0.000000000000000000, 0.000000000000000000, -1.000000000000000000 ) ) ;
#5463 = DIRECTION ( 'NONE',  ( -0.000000000000000000, 1.000000000000000000, -0.000000000000000000 ) ) ;
#5464 = EDGE_CURVE ( 'NONE', #5450, #2797, #5201, .T. ) ;
#5465 = ORIENTED_EDGE ( 'NONE', *, *, #2225, .T. ) ;
#5466 = DIRECTION ( 'NONE',  ( 0.4999999999999991673, 0.000000000000000000, 0.8660254037844390407 ) ) ;
#5467 = CARTESIAN_POINT ( 'NONE',  ( -81.00000000000000000, 10.00000000000000000, 21.90598270084804966 ) ) ;
#5468 = DIRECTION ( 'NONE',  ( 0.000000000000000000, -0.000000000000000000, -1.000000000000000000 ) ) ;
#5469 = LINE ( 'NONE', #4980, #331 ) ;
#5470 = ORIENTED_EDGE ( 'NONE', *, *, #1488, .T. ) ;
#5471 = FACE_OUTER_BOUND ( 'NONE', #3550, .T. ) ;
#5472 = CARTESIAN_POINT ( 'NONE',  ( 0.5000000000000004441, 5.000000000000000000, -3.870000000000000107 ) ) ;
#5473 = DIRECTION ( 'NONE',  ( -0.000000000000000000, -1.000000000000000000, -0.000000000000000000 ) ) ;
#5474 = EDGE_CURVE ( 'NONE', #1033, #5648, #1520, .T. ) ;
#5475 = EDGE_CURVE ( 'NONE', #2385, #5587, #1317, .T. ) ;
#5476 = CIRCLE ( 'NONE', #780, 2.250000000000001776 ) ;
#5477 = EDGE_LOOP ( 'NONE', ( #835, #5397, #4542, #3177, #643 ) ) ;
#5478 = ADVANCED_FACE ( 'NONE', ( #4950 ), #3567, .F. ) ;
#5479 = VERTEX_POINT ( 'NONE', #2642 ) ;
#5480 = ORIENTED_EDGE ( 'NONE', *, *, #393, .T. ) ;
#5481 = CARTESIAN_POINT ( 'NONE',  ( 7.800000000000030909, -6.000000000000000000, 28.92555455687869781 ) ) ;
#5482 = CARTESIAN_POINT ( 'NONE',  ( 13.48445554337749819, 0.000000000000000000, 84.37500000000012790 ) ) ;
#5483 = VECTOR ( 'NONE', #2790, 1000.000000000000000 ) ;
#5484 = CARTESIAN_POINT ( 'NONE',  ( -50.00000000000000000, 3.999999999999988898, 110.0000000000000000 ) ) ;
#5485 = ORIENTED_EDGE ( 'NONE', *, *, #3606, .F. ) ;
#5486 = ORIENTED_EDGE ( 'NONE', *, *, #135, .F. ) ;
#5487 = ORIENTED_EDGE ( 'NONE', *, *, #186, .F. ) ;
#5488 = DIRECTION ( 'NONE',  ( -0.2576626505603323292, -0.000000000000000000, -0.9662349396012462899 ) ) ;
#5489 = DIRECTION ( 'NONE',  ( 0.000000000000000000, -0.000000000000000000, 1.000000000000000000 ) ) ;
#5490 = CARTESIAN_POINT ( 'NONE',  ( -61.00000000000001421, 2.000000000000001776, 96.90598270084805677 ) ) ;
#5491 = ORIENTED_EDGE ( 'NONE', *, *, #3026, .T. ) ;
#5492 = CARTESIAN_POINT ( 'NONE',  ( 78.39999999999999147, 3.000000000000000888, 14.81828170427217728 ) ) ;
#5493 = CARTESIAN_POINT ( 'NONE',  ( 78.39406939752160497, 3.000000000000000000, 19.07049724638230259 ) ) ;
#5494 = FACE_OUTER_BOUND ( 'NONE', #3126, .T. ) ;
#5495 = FACE_OUTER_BOUND ( 'NONE', #3718, .T. ) ;
#5496 = EDGE_CURVE ( 'NONE', #3766, #670, #2254, .T. ) ;
#5497 = UNCERTAINTY_MEASURE_WITH_UNIT (LENGTH_MEASURE( 1.000000000000000082E-05 ), #2632, 'distance_accuracy_value', 'NONE');
#5498 = ADVANCED_FACE ( 'NONE', ( #4172 ), #2900, .F. ) ;
#5499 = CIRCLE ( 'NONE', #1443, 1.249999999999997558 ) ;
#5500 = ORIENTED_EDGE ( 'NONE', *, *, #4493, .F. ) ;
#5501 = DIRECTION ( 'NONE',  ( 0.000000000000000000, 0.000000000000000000, -1.000000000000000000 ) ) ;
#5502 = DIRECTION ( 'NONE',  ( -0.000000000000000000, 1.000000000000000000, -0.000000000000000000 ) ) ;
#5503 = DIRECTION ( 'NONE',  ( 0.000000000000000000, 0.000000000000000000, 1.000000000000000000 ) ) ;
#5504 = VERTEX_POINT ( 'NONE', #627 ) ;
#5505 = ORIENTED_EDGE ( 'NONE', *, *, #2053, .T. ) ;
#5506 = ORIENTED_EDGE ( 'NONE', *, *, #985, .T. ) ;
#5507 = DIRECTION ( 'NONE',  ( -0.7071067811865450192, 0.000000000000000000, -0.7071067811865500152 ) ) ;
#5508 = CARTESIAN_POINT ( 'NONE',  ( 13.48445554337748398, 2.200000000000000178, 89.62500000000012790 ) ) ;
#5509 = ORIENTED_EDGE ( 'NONE', *, *, #154, .F. ) ;
#5510 = ORIENTED_EDGE ( 'NONE', *, *, #5363, .F. ) ;
#5511 = ORIENTED_EDGE ( 'NONE', *, *, #1687, .F. ) ;
#5512 = DIRECTION ( 'NONE',  ( 0.7071067811865561215, -0.7071067811865389130, 0.000000000000000000 ) ) ;
#5513 = LINE ( 'NONE', #5570, #5142 ) ;
#5514 = ADVANCED_FACE ( 'NONE', ( #3770 ), #4141, .F. ) ;
#5515 = DIRECTION ( 'NONE',  ( 0.000000000000000000, -1.000000000000000000, 0.000000000000000000 ) ) ;
#5516 = AXIS2_PLACEMENT_3D ( 'NONE', #773, #2615, #2530 ) ;
#5517 = ORIENTED_EDGE ( 'NONE', *, *, #2672, .T. ) ;
#5518 = VECTOR ( 'NONE', #944, 1000.000000000000114 ) ;
#5519 = CARTESIAN_POINT ( 'NONE',  ( -56.00000000000002132, 10.00000000000000000, 110.0000000000000142 ) ) ;
#5520 = LINE ( 'NONE', #3768, #301 ) ;
#5521 = DIRECTION ( 'NONE',  ( 0.000000000000000000, 1.000000000000000000, 0.000000000000000000 ) ) ;
#5522 = DIRECTION ( 'NONE',  ( 0.000000000000000000, 1.000000000000000000, -0.000000000000000000 ) ) ;
#5523 = ORIENTED_EDGE ( 'NONE', *, *, #3386, .F. ) ;
#5524 = CARTESIAN_POINT ( 'NONE',  ( 80.99702962586462718, 3.000000000000000000, 17.57452552773328236 ) ) ;
#5525 = LINE ( 'NONE', #4232, #637 ) ;
#5526 = DIRECTION ( 'NONE',  ( 0.000000000000000000, 1.000000000000000000, 0.000000000000000000 ) ) ;
#5527 = EDGE_CURVE ( 'NONE', #3590, #557, #1517, .T. ) ;
#5528 = VECTOR ( 'NONE', #2216, 999.9999999999998863 ) ;
#5529 = ADVANCED_FACE ( 'NONE', ( #5095 ), #1545, .F. ) ;
#5530 = VERTEX_POINT ( 'NONE', #4603 ) ;
#5531 = EDGE_LOOP ( 'NONE', ( #2133, #3785, #4214, #4917 ) ) ;
#5532 = DIRECTION ( 'NONE',  ( 0.000000000000000000, 0.000000000000000000, 1.000000000000000000 ) ) ;
#5533 = AXIS2_PLACEMENT_3D ( 'NONE', #4288, #5639, #2467 ) ;
#5534 = CARTESIAN_POINT ( 'NONE',  ( -46.99999999999997868, 3.999999999999988898, 98.00000000000000000 ) ) ;
#5535 = DIRECTION ( 'NONE',  ( 1.000000000000000000, -0.000000000000000000, -0.000000000000000000 ) ) ;
#5536 = EDGE_CURVE ( 'NONE', #2260, #4530, #5469, .T. ) ;
#5537 = ORIENTED_EDGE ( 'NONE', *, *, #4701, .F. ) ;
#5538 = VECTOR ( 'NONE', #1909, 1000.000000000000000 ) ;
#5539 = VERTEX_POINT ( 'NONE', #174 ) ;
#5540 = ORIENTED_EDGE ( 'NONE', *, *, #375, .F. ) ;
#5541 = AXIS2_PLACEMENT_3D ( 'NONE', #2300, #3226, #4988 ) ;
#5542 = CARTESIAN_POINT ( 'NONE',  ( -80.99589584025500244, 1.995895840255001552, 21.90597692913009453 ) ) ;
#5543 = CARTESIAN_POINT ( 'NONE',  ( 81.00000000000001421, 1.999999999999998224, 16.07084973297153851 ) ) ;
#5544 = ADVANCED_FACE ( 'NONE', ( #1942 ), #4635, .F. ) ;
#5545 = CARTESIAN_POINT ( 'NONE',  ( 75.80297037413535577, 0.000000000000000000, 14.56203788081107398 ) ) ;
#5546 = VECTOR ( 'NONE', #1934, 1000.000000000000114 ) ;
#5547 = EDGE_CURVE ( 'NONE', #4010, #2169, #2995, .T. ) ;
#5548 = ORIENTED_EDGE ( 'NONE', *, *, #5223, .T. ) ;
#5549 = EDGE_CURVE ( 'NONE', #5271, #1330, #784, .T. ) ;
#5550 = DIRECTION ( 'NONE',  ( -1.000000000000000000, 0.000000000000000000, -1.692413147294449175E-16 ) ) ;
#5551 = LINE ( 'NONE', #1170, #4979 ) ;
#5552 = DIRECTION ( 'NONE',  ( 0.5017097751579635556, 0.000000000000000000, -0.8650360116844534319 ) ) ;
#5553 = DIRECTION ( 'NONE',  ( -0.000000000000000000, 1.000000000000000000, -0.000000000000000000 ) ) ;
#5554 = DIRECTION ( 'NONE',  ( 0.000000000000000000, 0.000000000000000000, 1.000000000000000000 ) ) ;
#5555 = VERTEX_POINT ( 'NONE', #3716 ) ;
#5556 = DIRECTION ( 'NONE',  ( 0.000000000000000000, -1.000000000000000000, 0.000000000000000000 ) ) ;
#5557 = DIRECTION ( 'NONE',  ( -0.5006088260261515321, 0.000000000000000000, -0.8656736124572114166 ) ) ;
#5558 = LINE ( 'NONE', #2148, #4868 ) ;
#5559 = DIRECTION ( 'NONE',  ( 1.000000000000000000, -0.000000000000000000, 2.775557561562892929E-15 ) ) ;
#5560 = VERTEX_POINT ( 'NONE', #257 ) ;
#5561 = CARTESIAN_POINT ( 'NONE',  ( -55.00000000000002132, 5.000000000000000000, 110.0000000000000000 ) ) ;
#5562 = DIRECTION ( 'NONE',  ( -2.673639354406774245E-16, 0.000000000000000000, 1.000000000000000000 ) ) ;
#5563 = EDGE_CURVE ( 'NONE', #1751, #2835, #1455, .T. ) ;
#5564 = CARTESIAN_POINT ( 'NONE',  ( -61.00000000000001421, 2.000000000000001776, 96.90598270084805677 ) ) ;
#5565 = AXIS2_PLACEMENT_3D ( 'NONE', #2035, #2794, #604 ) ;
#5566 = ORIENTED_EDGE ( 'NONE', *, *, #1439, .F. ) ;
#5567 = EDGE_LOOP ( 'NONE', ( #2518, #5288, #1594, #3869 ) ) ;
#5568 = ORIENTED_EDGE ( 'NONE', *, *, #5341, .F. ) ;
#5569 = PLANE ( 'NONE',  #2465 ) ;
#5570 = CARTESIAN_POINT ( 'NONE',  ( -75.99999999999998579, 5.000000000000000000, -24.99999999999997158 ) ) ;
#5571 = DIRECTION ( 'NONE',  ( 0.000000000000000000, 0.000000000000000000, -1.000000000000000000 ) ) ;
#5572 = ORIENTED_EDGE ( 'NONE', *, *, #2294, .F. ) ;
#5573 = ADVANCED_FACE ( 'NONE', ( #5437 ), #4112, .F. ) ;
#5574 = LINE ( 'NONE', #4280, #1809 ) ;
#5575 = DIRECTION ( 'NONE',  ( 0.8660254037844389297, 0.000000000000000000, 0.4999999999999994449 ) ) ;
#5576 = DIRECTION ( 'NONE',  ( 1.000000000000000000, 0.000000000000000000, -1.445602896647339163E-16 ) ) ;
#5577 = CARTESIAN_POINT ( 'NONE',  ( -75.99999999999997158, 10.00000000000000000, -30.00000000000000000 ) ) ;
#5578 = CARTESIAN_POINT ( 'NONE',  ( 81.00296022834304210, 3.000000000000000000, 14.57230998562313040 ) ) ;
#5579 = ADVANCED_FACE ( 'NONE', ( #5495 ), #1572, .F. ) ;
#5580 = ORIENTED_EDGE ( 'NONE', *, *, #5163, .T. ) ;
#5581 = DIRECTION ( 'NONE',  ( 0.000000000000000000, 0.000000000000000000, 1.000000000000000000 ) ) ;
#5582 = LINE ( 'NONE', #5662, #5355 ) ;
#5583 = CARTESIAN_POINT ( 'NONE',  ( 11.96891108675472637, 2.200000000000000178, 87.00000000000012790 ) ) ;
#5584 = PLANE ( 'NONE',  #4278 ) ;
#5585 = EDGE_CURVE ( 'NONE', #2047, #4966, #1421, .T. ) ;
#5586 = VECTOR ( 'NONE', #734, 1000.000000000000000 ) ;
#5587 = VERTEX_POINT ( 'NONE', #5409 ) ;
#5588 = CARTESIAN_POINT ( 'NONE',  ( -63.69800576638395739, -15.30199423361596978, -12.69800576638403022 ) ) ;
#5589 = DIRECTION ( 'NONE',  ( 0.4993909267607188340, 0.000000000000000000, -0.8663767669259548887 ) ) ;
#5590 = EDGE_CURVE ( 'NONE', #878, #2826, #2406, .T. ) ;
#5591 = FACE_OUTER_BOUND ( 'NONE', #1895, .T. ) ;
#5592 = VERTEX_POINT ( 'NONE', #2815 ) ;
#5593 = ORIENTED_EDGE ( 'NONE', *, *, #1703, .F. ) ;
#5594 = EDGE_LOOP ( 'NONE', ( #78, #3662, #3981, #723 ) ) ;
#5595 = CARTESIAN_POINT ( 'NONE',  ( -42.99999999999980105, 10.00000000000000000, 2.250000000000133671 ) ) ;
#5596 = LINE ( 'NONE', #4216, #2374 ) ;
#5597 = DIRECTION ( 'NONE',  ( 0.000000000000000000, 1.000000000000000000, 0.000000000000000000 ) ) ;
#5598 = ADVANCED_FACE ( 'NONE', ( #3654 ), #4547, .F. ) ;
#5599 = VECTOR ( 'NONE', #468, 1000.000000000000000 ) ;
#5600 = ORIENTED_EDGE ( 'NONE', *, *, #841, .F. ) ;
#5601 = CARTESIAN_POINT ( 'NONE',  ( -47.00000000000000000, 2.500000000000000000, 101.0000000000000000 ) ) ;
#5602 = CARTESIAN_POINT ( 'NONE',  ( 78.40593060247839219, 3.000000000000000000, 13.06606616216203776 ) ) ;
#5603 = PLANE ( 'NONE',  #277 ) ;
#5604 = VECTOR ( 'NONE', #2967, 1000.000000000000000 ) ;
#5605 =( NAMED_UNIT ( * ) SI_UNIT ( $, .STERADIAN. ) SOLID_ANGLE_UNIT ( ) );
#5606 = DIRECTION ( 'NONE',  ( 0.000000000000000000, 1.000000000000000000, 0.000000000000000000 ) ) ;
#5607 = EDGE_LOOP ( 'NONE', ( #4186, #683, #2144, #4855 ) ) ;
#5608 = DIRECTION ( 'NONE',  ( -0.000000000000000000, -1.000000000000000000, -0.000000000000000000 ) ) ;
#5609 = DIRECTION ( 'NONE',  ( 1.000000000000000000, -0.000000000000000000, 5.299285731321464636E-16 ) ) ;
#5610 = LINE ( 'NONE', #373, #3771 ) ;
#5611 = DIRECTION ( 'NONE',  ( 1.692413147294446709E-16, 0.000000000000000000, -1.000000000000000000 ) ) ;
#5612 = ADVANCED_FACE ( 'NONE', ( #4225, #2460, #4770, #3825, #283, #340, #1255, #2028 ), #3364, .F. ) ;
#5613 = ORIENTED_EDGE ( 'NONE', *, *, #1513, .F. ) ;
#5614 = EDGE_CURVE ( 'NONE', #1534, #1330, #1230, .T. ) ;
#5615 = VERTEX_POINT ( 'NONE', #820 ) ;
#5616 = LINE ( 'NONE', #3515, #1294 ) ;
#5617 = DIRECTION ( 'NONE',  ( -1.000000000000000000, 0.000000000000000000, -0.000000000000000000 ) ) ;
#5618 = VECTOR ( 'NONE', #352, 1000.000000000000000 ) ;
#5619 = ORIENTED_EDGE ( 'NONE', *, *, #714, .F. ) ;
#5620 = ORIENTED_EDGE ( 'NONE', *, *, #482, .T. ) ;
#5621 = VECTOR ( 'NONE', #5608, 1000.000000000000000 ) ;
#5622 = ORIENTED_EDGE ( 'NONE', *, *, #4131, .T. ) ;
#5623 = LINE ( 'NONE', #2515, #184 ) ;
#5624 = AXIS2_PLACEMENT_3D ( 'NONE', #1872, #1413, #1471 ) ;
#5625 = CARTESIAN_POINT ( 'NONE',  ( -10.29999999999999716, 0.000000000000000000, 31.92555455687868360 ) ) ;
#5626 = DIRECTION ( 'NONE',  ( -0.000000000000000000, -1.000000000000000000, -0.000000000000000000 ) ) ;
#5627 = AXIS2_PLACEMENT_3D ( 'NONE', #318, #2466, #1602 ) ;
#5628 = ORIENTED_EDGE ( 'NONE', *, *, #2552, .T. ) ;
#5629 = VECTOR ( 'NONE', #695, 1000.000000000000000 ) ;
#5630 = DIRECTION ( 'NONE',  ( 0.8678608092433018895, -0.000000000000000000, 0.4968074232331491369 ) ) ;
#5631 = DIRECTION ( 'NONE',  ( 0.000000000000000000, -1.000000000000000000, 0.000000000000000000 ) ) ;
#5632 = CARTESIAN_POINT ( 'NONE',  ( 0.000000000000000000, 0.000000000000000000, 0.000000000000000000 ) ) ;
#5633 = EDGE_CURVE ( 'NONE', #1326, #1312, #1684, .T. ) ;
#5634 = DIRECTION ( 'NONE',  ( 0.000000000000000000, 0.000000000000000000, 1.000000000000000000 ) ) ;
#5635 = AXIS2_PLACEMENT_3D ( 'NONE', #3097, #508, #83 ) ;
#5636 = ORIENTED_EDGE ( 'NONE', *, *, #5025, .F. ) ;
#5637 = EDGE_LOOP ( 'NONE', ( #436, #3055 ) ) ;
#5638 = CARTESIAN_POINT ( 'NONE',  ( 78.39999999999999147, 3.000000000000000888, 16.06828170427217728 ) ) ;
#5639 = DIRECTION ( 'NONE',  ( 0.9999997527868660363, 0.000000000000000000, -0.0007031544687453806152 ) ) ;
#5640 = CARTESIAN_POINT ( 'NONE',  ( -80.99999999999998579, 10.00000000000000000, -30.00000000000000000 ) ) ;
#5641 = LINE ( 'NONE', #2968, #1877 ) ;
#5642 = EDGE_LOOP ( 'NONE', ( #3963, #122, #3599, #3150 ) ) ;
#5643 = ADVANCED_FACE ( 'NONE', ( #707 ), #394, .F. ) ;
#5644 = DIRECTION ( 'NONE',  ( 0.000000000000000000, -1.000000000000000000, 0.000000000000000000 ) ) ;
#5645 = ADVANCED_FACE ( 'NONE', ( #1598 ), #1624, .F. ) ;
#5646 = DIRECTION ( 'NONE',  ( 0.8660254037844390407, 0.000000000000000000, 0.4999999999999993339 ) ) ;
#5647 = EDGE_CURVE ( 'NONE', #4843, #3533, #2550, .T. ) ;
#5648 = VERTEX_POINT ( 'NONE', #2578 ) ;
#5649 = ORIENTED_EDGE ( 'NONE', *, *, #2935, .T. ) ;
#5650 = ORIENTED_EDGE ( 'NONE', *, *, #4764, .T. ) ;
#5651 = DIRECTION ( 'NONE',  ( -0.000000000000000000, -1.000000000000000000, -0.000000000000000000 ) ) ;
#5652 = VECTOR ( 'NONE', #688, 1000.000000000000000 ) ;
#5653 = DIRECTION ( 'NONE',  ( 0.000000000000000000, -1.000000000000000000, 0.000000000000000000 ) ) ;
#5654 = ORIENTED_EDGE ( 'NONE', *, *, #4001, .F. ) ;
#5655 = CARTESIAN_POINT ( 'NONE',  ( 81.00000000000000000, 5.000000000000000000, -28.00000000000002487 ) ) ;
#5656 = CARTESIAN_POINT ( 'NONE',  ( 75.79703977165694084, 3.000000000000000000, 17.56425342292120462 ) ) ;
#5657 = DIRECTION ( 'NONE',  ( 0.000000000000000000, 0.000000000000000000, -1.000000000000000000 ) ) ;
#5658 = CYLINDRICAL_SURFACE ( 'NONE', #2599, 1.000000000000000000 ) ;
#5659 = EDGE_LOOP ( 'NONE', ( #1489, #757, #1526, #1354, #2784, #5132 ) ) ;
#5660 = VERTEX_POINT ( 'NONE', #5577 ) ;
#5661 = DIRECTION ( 'NONE',  ( 0.000000000000000000, 1.000000000000000000, 0.000000000000000000 ) ) ;
#5662 = CARTESIAN_POINT ( 'NONE',  ( -45.24999999999980815, 10.00000000000000000, 4.500000000000171418 ) ) ;
#5663 = DIRECTION ( 'NONE',  ( 1.000000000000000000, -0.000000000000000000, -0.000000000000000000 ) ) ;
#5664 = DIRECTION ( 'NONE',  ( -1.000000000000000000, -0.000000000000000000, -0.000000000000000000 ) ) ;
#5665 = VECTOR ( 'NONE', #506, 1000.000000000000000 ) ;
#5666 = EDGE_CURVE ( 'NONE', #5357, #4453, #5177, .T. ) ;
#5667 = EDGE_CURVE ( 'NONE', #2168, #3555, #3547, .T. ) ;
#5668 = VERTEX_POINT ( 'NONE', #4332 ) ;
#5669 = FACE_BOUND ( 'NONE', #155, .T. ) ;
#5670 = DIRECTION ( 'NONE',  ( 0.000000000000000000, 1.000000000000000000, 0.000000000000000000 ) ) ;
#5671 = VECTOR ( 'NONE', #229, 1000.000000000000000 ) ;
#5672 = EDGE_LOOP ( 'NONE', ( #4571, #4697, #189, #1972 ) ) ;
#5673 = ORIENTED_EDGE ( 'NONE', *, *, #4596, .T. ) ;
#5674 = EDGE_LOOP ( 'NONE', ( #5313, #3309 ) ) ;
#5675 = CARTESIAN_POINT ( 'NONE',  ( -78.65372625720931410, -13.20000000000000462, -22.18718474039629385 ) ) ;
#5676 = DIRECTION ( 'NONE',  ( 0.000000000000000000, 0.000000000000000000, 1.000000000000000000 ) ) ;
#5677 = VERTEX_POINT ( 'NONE', #3391 ) ;
#5678 = ORIENTED_EDGE ( 'NONE', *, *, #3685, .F. ) ;
#5679 = EDGE_CURVE ( 'NONE', #4959, #3358, #2084, .T. ) ;
#5680 = DIRECTION ( 'NONE',  ( 0.000000000000000000, 1.000000000000000000, 0.000000000000000000 ) ) ;
#5681 = DIRECTION ( 'NONE',  ( -1.000000000000000000, 0.000000000000000000, 2.673639354406769807E-16 ) ) ;
#5682 = DIRECTION ( 'NONE',  ( 1.000000000000000000, 0.000000000000000000, -7.885106708985492732E-17 ) ) ;
#5683 = VECTOR ( 'NONE', #3958, 1000.000000000000000 ) ;
#5684 = VECTOR ( 'NONE', #5428, 1000.000000000000114 ) ;
#5685 = ORIENTED_EDGE ( 'NONE', *, *, #1318, .T. ) ;
#5686 = MANIFOLD_SOLID_BREP ( 'Boss-Extrude3', #1075 ) ;
#5687 = ORIENTED_EDGE ( 'NONE', *, *, #2113, .F. ) ;
#5688 = VECTOR ( 'NONE', #2948, 1000.000000000000000 ) ;
#5689 = CARTESIAN_POINT ( 'NONE',  ( -2.249999999999999556, 2.000000000000000000, -0.4999999999999987232 ) ) ;
#5690 = CYLINDRICAL_SURFACE ( 'NONE', #869, 1.249999999999999334 ) ;
#5691 = NEXT_ASSEMBLY_USAGE_OCCURRENCE ( 'NAUO1', ' ', ' ', #1234, #808, $ ) ;
#5692 = NEXT_ASSEMBLY_USAGE_OCCURRENCE ( 'NAUO2', ' ', ' ', #1234, #4895, $ ) ;
ENDSEC;
END-ISO-10303-21;
