ISO-10303-21;
HEADER;
FILE_DESCRIPTION (( 'STEP AP214' ),
    '1' );
FILE_NAME ('paa5100je_left_centered.STEP',
    '2026-09-16T22:21:01',
    ( '' ),
    ( '' ),
    'SwSTEP 2.0',
    'SolidWorks 2024',
    '' );
FILE_SCHEMA (( 'AUTOMOTIVE_DESIGN' ));
ENDSEC;

DATA;
#1 = CARTESIAN_POINT ( 'NONE',  ( -4.445018968553859473, -15.61343162840686283, 4.000000000000000000 ) ) ;
#2 = LINE ( 'NONE', #5012, #4517 ) ;
#3 = ORIENTED_EDGE ( 'NONE', *, *, #1682, .T. ) ;
#4 = CARTESIAN_POINT ( 'NONE',  ( -3.297115384615386002, -17.71322518807815882, 5.000000000000000000 ) ) ;
#5 = CARTESIAN_POINT ( 'NONE',  ( -14.99999999999999645, -5.772077938642127037, 0.000000000000000000 ) ) ;
#6 = ADVANCED_FACE ( 'NONE', ( #4095 ), #5152, .T. ) ;
#7 = ORIENTED_EDGE ( 'NONE', *, *, #516, .T. ) ;
#8 = ORIENTED_EDGE ( 'NONE', *, *, #1454, .F. ) ;
#9 = DIRECTION ( 'NONE',  ( -0.000000000000000000, -0.000000000000000000, 1.000000000000000000 ) ) ;
#10 = EDGE_CURVE ( 'NONE', #2463, #134, #1710, .T. ) ;
#11 = CARTESIAN_POINT ( 'NONE',  ( -3.862538735090420783, -15.72090838701138082, 4.999999999999998224 ) ) ;
#12 = EDGE_CURVE ( 'NONE', #3436, #3302, #6202, .T. ) ;
#13 = ORIENTED_EDGE ( 'NONE', *, *, #815, .F. ) ;
#14 = LINE ( 'NONE', #6074, #5625 ) ;
#15 = VERTEX_POINT ( 'NONE', #3197 ) ;
#16 = EDGE_LOOP ( 'NONE', ( #5596, #3941 ) ) ;
#17 = DIRECTION ( 'NONE',  ( 0.000000000000000000, -1.000000000000000000, 0.000000000000000000 ) ) ;
#18 = CARTESIAN_POINT ( 'NONE',  ( -8.799999999999998934, 2.791454495570343752, 10.00000000000000000 ) ) ;
#19 = CARTESIAN_POINT ( 'NONE',  ( -3.882170345808931611, -15.78405234469648377, 5.000000000000000888 ) ) ;
#20 = LINE ( 'NONE', #979, #6194 ) ;
#21 = DIRECTION ( 'NONE',  ( 0.000000000000000000, -1.000000000000000000, 0.000000000000000000 ) ) ;
#22 = DIRECTION ( 'NONE',  ( 0.000000000000000000, -0.000000000000000000, 1.000000000000000000 ) ) ;
#23 = ORIENTED_EDGE ( 'NONE', *, *, #3999, .F. ) ;
#24 = CARTESIAN_POINT ( 'NONE',  ( -4.779786821521716078, -15.11577088418681392, 3.999999999999999112 ) ) ;
#25 = CARTESIAN_POINT ( 'NONE',  ( -0.8049270185270077649, -15.06933163398801589, 3.999999999999999112 ) ) ;
#26 = EDGE_CURVE ( 'NONE', #1075, #4021, #4726, .T. ) ;
#27 = EDGE_LOOP ( 'NONE', ( #128, #281 ) ) ;
#28 = CYLINDRICAL_SURFACE ( 'NONE', #3143, 1.366822574594681150 ) ;
#29 = LINE ( 'NONE', #2991, #402 ) ;
#30 = EDGE_LOOP ( 'NONE', ( #1509, #1587, #4866, #5759 ) ) ;
#31 = DIRECTION ( 'NONE',  ( -0.000000000000000000, -0.000000000000000000, -1.000000000000000000 ) ) ;
#32 = CARTESIAN_POINT ( 'NONE',  ( -5.999999999999997335, -6.208545504429656248, 10.00000000000000000 ) ) ;
#33 = VERTEX_POINT ( 'NONE', #2207 ) ;
#34 = ORIENTED_EDGE ( 'NONE', *, *, #5149, .T. ) ;
#35 = DIRECTION ( 'NONE',  ( 1.000000000000000000, -0.000000000000000000, 0.000000000000000000 ) ) ;
#36 = VECTOR ( 'NONE', #1468, 1000.000000000000000 ) ;
#37 = CARTESIAN_POINT ( 'NONE',  ( 0.9152293669871784942, -15.04322318487303178, 4.000000000000000000 ) ) ;
#38 = CARTESIAN_POINT ( 'NONE',  ( 0.3199168669871786386, -14.60691509192431425, 4.000000000000000000 ) ) ;
#39 = VECTOR ( 'NONE', #353, 1000.000000000000114 ) ;
#40 = ORIENTED_EDGE ( 'NONE', *, *, #65, .T. ) ;
#41 = DIRECTION ( 'NONE',  ( -0.000000000000000000, -0.000000000000000000, -1.000000000000000000 ) ) ;
#42 = AXIS2_PLACEMENT_3D ( 'NONE', #140, #41, #1618 ) ;
#43 = ORIENTED_EDGE ( 'NONE', *, *, #5551, .F. ) ;
#44 = EDGE_CURVE ( 'NONE', #3735, #2997, #4230, .T. ) ;
#45 = ORIENTED_EDGE ( 'NONE', *, *, #836, .T. ) ;
#46 = EDGE_CURVE ( 'NONE', #4887, #4269, #5743, .T. ) ;
#47 = VECTOR ( 'NONE', #3044, 1000.000000000000000 ) ;
#48 = AXIS2_PLACEMENT_3D ( 'NONE', #839, #867, #4925 ) ;
#49 = CARTESIAN_POINT ( 'NONE',  ( 6.065064102564100779, -15.10809698294995584, 4.000000000000000000 ) ) ;
#50 = DIRECTION ( 'NONE',  ( -5.778241043194148297E-16, 1.000000000000000000, 0.000000000000000000 ) ) ;
#51 = PRESENTATION_LAYER_ASSIGNMENT (  '', '', ( #4701 ) ) ;
#52 = CARTESIAN_POINT ( 'NONE',  ( -4.392411679828140514, -16.25538345153673703, 5.000000000000000888 ) ) ;
#53 = CARTESIAN_POINT ( 'NONE',  ( -1.985865553552944585, -16.86759056696600112, 4.000000000000000000 ) ) ;
#54 = CARTESIAN_POINT ( 'NONE',  ( 26.63101451046069812, -14.67500000000001492, 2.500000000000000000 ) ) ;
#55 = VECTOR ( 'NONE', #4078, 1000.000000000000000 ) ;
#56 = CARTESIAN_POINT ( 'NONE',  ( 29.50000000000000711, -15.24999999999999467, 5.000000000000000000 ) ) ;
#57 = ORIENTED_EDGE ( 'NONE', *, *, #4104, .T. ) ;
#58 = CARTESIAN_POINT ( 'NONE',  ( -4.659070116532376460, -15.13359051703162805, 5.000000000000000000 ) ) ;
#59 = CARTESIAN_POINT ( 'NONE',  ( -0.2029560313737959476, -17.20583498013595403, 5.000000000000000888 ) ) ;
#60 = ORIENTED_EDGE ( 'NONE', *, *, #6346, .F. ) ;
#61 = DIRECTION ( 'NONE',  ( -1.000000000000000000, 0.000000000000000000, 0.000000000000000000 ) ) ;
#62 = CARTESIAN_POINT ( 'NONE',  ( -1.811100477711193202, -17.15536548952404061, 5.000000000000001776 ) ) ;
#63 = ORIENTED_EDGE ( 'NONE', *, *, #4984, .T. ) ;
#64 = FACE_OUTER_BOUND ( 'NONE', #3105, .T. ) ;
#65 = EDGE_CURVE ( 'NONE', #2940, #4070, #4594, .T. ) ;
#66 = CARTESIAN_POINT ( 'NONE',  ( -0.4388521634615394351, -17.79463544448841716, 4.000000000000000000 ) ) ;
#67 = CARTESIAN_POINT ( 'NONE',  ( 2.279487179487178050, -14.53822518807815989, 4.000000000000000000 ) ) ;
#68 = EDGE_CURVE ( 'NONE', #3084, #1915, #3095, .T. ) ;
#69 = EDGE_LOOP ( 'NONE', ( #1027, #2876, #1394, #5639 ) ) ;
#70 = DIRECTION ( 'NONE',  ( -1.000000000000000000, 0.000000000000000000, 0.000000000000000000 ) ) ;
#71 = CARTESIAN_POINT ( 'NONE',  ( -10.05713943461311111, 2.791454495570343752, 10.00000000000000000 ) ) ;
#72 = CARTESIAN_POINT ( 'NONE',  ( 19.19238815542513166, -12.03553390593273242, 5.000000000000000000 ) ) ;
#73 = CARTESIAN_POINT ( 'NONE',  ( -5.999999999999997335, -9.208545504429654471, 6.000000000000000888 ) ) ;
#74 = AXIS2_PLACEMENT_3D ( 'NONE', #5118, #237, #5156 ) ;
#75 = CARTESIAN_POINT ( 'NONE',  ( -0.4274038461538470779, -17.22476364961662298, 4.000000000000000000 ) ) ;
#76 = EDGE_LOOP ( 'NONE', ( #5267, #4576, #5115, #2367 ) ) ;
#77 = DIRECTION ( 'NONE',  ( 5.778241043194146325E-16, 1.000000000000000000, 0.000000000000000000 ) ) ;
#78 = ORIENTED_EDGE ( 'NONE', *, *, #3008, .F. ) ;
#79 = AXIS2_PLACEMENT_3D ( 'NONE', #2482, #5469, #4018 ) ;
#80 = ORIENTED_EDGE ( 'NONE', *, *, #468, .F. ) ;
#81 = AXIS2_PLACEMENT_3D ( 'NONE', #5153, #1227, #1087 ) ;
#82 = LINE ( 'NONE', #3150, #995 ) ;
#83 = DIRECTION ( 'NONE',  ( 0.000000000000000000, -0.000000000000000000, -1.000000000000000000 ) ) ;
#84 = ADVANCED_FACE ( 'NONE', ( #6100, #2598, #4630, #3624, #635, #2634, #4161, #857, #1315 ), #1774, .F. ) ;
#85 = AXIS2_PLACEMENT_3D ( 'NONE', #2059, #5735, #5107 ) ;
#86 = CARTESIAN_POINT ( 'NONE',  ( -3.972728683737107858, -15.95326243232965346, 5.000000000000001776 ) ) ;
#87 = FACE_OUTER_BOUND ( 'NONE', #3535, .T. ) ;
#88 = DIRECTION ( 'NONE',  ( -0.000000000000000000, -0.000000000000000000, 1.000000000000000000 ) ) ;
#89 = VECTOR ( 'NONE', #5661, 1000.000000000000000 ) ;
#90 = DIRECTION ( 'NONE',  ( 0.000000000000000000, 1.000000000000000000, 0.000000000000000000 ) ) ;
#91 = ORIENTED_EDGE ( 'NONE', *, *, #5208, .F. ) ;
#92 = CARTESIAN_POINT ( 'NONE',  ( -5.016271033653846523, -15.10809698294994519, 4.999999999999999112 ) ) ;
#93 = CARTESIAN_POINT ( 'NONE',  ( -1.544073903569161965, -15.78945888066755465, 4.000000000000000000 ) ) ;
#94 = ORIENTED_EDGE ( 'NONE', *, *, #434, .F. ) ;
#95 = CARTESIAN_POINT ( 'NONE',  ( 3.378525641025639903, -15.75937903423200659, 5.000000000000000000 ) ) ;
#96 = PLANE ( 'NONE',  #4411 ) ;
#97 = ORIENTED_EDGE ( 'NONE', *, *, #5251, .F. ) ;
#98 = CARTESIAN_POINT ( 'NONE',  ( 3.378525641025639903, -17.71322518807815882, 4.000000000000000000 ) ) ;
#99 = CARTESIAN_POINT ( 'NONE',  ( 0.4500339802339450301, -17.54444440201391586, 4.000000000000000888 ) ) ;
#100 = DIRECTION ( 'NONE',  ( -0.000000000000000000, -0.000000000000000000, -1.000000000000000000 ) ) ;
#101 = CARTESIAN_POINT ( 'NONE',  ( 15.00000000000000533, 5.949455682166683523, 5.000000000000000000 ) ) ;
#102 = ORIENTED_EDGE ( 'NONE', *, *, #5574, .F. ) ;
#103 = DIRECTION ( 'NONE',  ( 0.03284611711294562614, -0.9994604207224029313, 0.000000000000000000 ) ) ;
#104 = DIRECTION ( 'NONE',  ( 1.000000000000000000, 0.000000000000000000, 0.000000000000000000 ) ) ;
#105 = EDGE_CURVE ( 'NONE', #2842, #3108, #4734, .T. ) ;
#106 = CARTESIAN_POINT ( 'NONE',  ( 1.138028416491992489, -16.32480747610149052, 5.000000000000000000 ) ) ;
#107 = DIRECTION ( 'NONE',  ( 1.479945826284383173E-16, -1.000000000000000000, 0.000000000000000000 ) ) ;
#108 = CARTESIAN_POINT ( 'NONE',  ( 6.433177425405322225, 2.791454495570343752, 6.000000000000016875 ) ) ;
#109 = ORIENTED_EDGE ( 'NONE', *, *, #1573, .T. ) ;
#110 = CARTESIAN_POINT ( 'NONE',  ( -0.4477564102564112192, -16.08502005987303107, 5.000000000000000000 ) ) ;
#111 = ORIENTED_EDGE ( 'NONE', *, *, #4979, .T. ) ;
#112 = ADVANCED_FACE ( 'NONE', ( #6389 ), #2361, .F. ) ;
#113 = ORIENTED_EDGE ( 'NONE', *, *, #1875, .T. ) ;
#114 = DIRECTION ( 'NONE',  ( 0.000000000000000000, 0.000000000000000000, 1.000000000000000000 ) ) ;
#115 = DIRECTION ( 'NONE',  ( -1.000000000000000000, 0.000000000000000000, 0.000000000000000000 ) ) ;
#116 = LINE ( 'NONE', #4072, #1088 ) ;
#117 = CARTESIAN_POINT ( 'NONE',  ( -3.862538735090420783, -15.72090838701138082, 3.999999999999998224 ) ) ;
#118 = CARTESIAN_POINT ( 'NONE',  ( -0.6784272671684983269, -17.78257353060750035, 4.999999999999992006 ) ) ;
#119 = FACE_OUTER_BOUND ( 'NONE', #3062, .T. ) ;
#120 = DIRECTION ( 'NONE',  ( -1.000000000000000000, 0.000000000000000000, -0.000000000000000000 ) ) ;
#121 = ORIENTED_EDGE ( 'NONE', *, *, #909, .T. ) ;
#122 = CARTESIAN_POINT ( 'NONE',  ( -4.398069938970056825, -15.38258635810702657, 4.999999999999999112 ) ) ;
#123 = CARTESIAN_POINT ( 'NONE',  ( -1.509266152412051198, -15.69080805597692496, 4.000000000000000888 ) ) ;
#124 = ORIENTED_EDGE ( 'NONE', *, *, #5990, .F. ) ;
#125 = DIRECTION ( 'NONE',  ( -0.000000000000000000, 0.000000000000000000, 1.000000000000000000 ) ) ;
#126 = CARTESIAN_POINT ( 'NONE',  ( -1.667451938409447720, -17.31997028335685229, 5.000000000000001776 ) ) ;
#127 = EDGE_CURVE ( 'NONE', #5508, #1946, #4294, .T. ) ;
#128 = ORIENTED_EDGE ( 'NONE', *, *, #2718, .T. ) ;
#129 = EDGE_CURVE ( 'NONE', #2463, #1610, #3821, .T. ) ;
#130 = CARTESIAN_POINT ( 'NONE',  ( -5.210256410256410398, -15.75937903423199593, 4.000000000000000000 ) ) ;
#131 = CARTESIAN_POINT ( 'NONE',  ( 7.000000000000003553, -6.208545504429656248, 6.000000000000000888 ) ) ;
#132 = CARTESIAN_POINT ( 'NONE',  ( -3.297115384615386446, -14.53822518807815989, 5.000000000000000000 ) ) ;
#133 = DIRECTION ( 'NONE',  ( -0.000000000000000000, 0.000000000000000000, 1.000000000000000000 ) ) ;
#134 = VERTEX_POINT ( 'NONE', #4393 ) ;
#135 = CARTESIAN_POINT ( 'NONE',  ( 21.73797097907860731, -17.50000000000002132, 2.500000000000000000 ) ) ;
#136 = DIRECTION ( 'NONE',  ( -1.000000000000000000, -1.381677860973891772E-15, 0.000000000000000000 ) ) ;
#137 = CARTESIAN_POINT ( 'NONE',  ( 0.9252717499655226385, -17.01978503214858662, 4.000000000000002665 ) ) ;
#138 = CARTESIAN_POINT ( 'NONE',  ( -25.33369296624130840, 22.34263864068763539, 9.000000000000001776 ) ) ;
#139 = ORIENTED_EDGE ( 'NONE', *, *, #2200, .T. ) ;
#140 = CARTESIAN_POINT ( 'NONE',  ( -8.799999999999998934, 2.791454495570343752, 10.00000000000000000 ) ) ;
#141 = EDGE_LOOP ( 'NONE', ( #6014, #1787, #1465, #5183 ) ) ;
#142 = VECTOR ( 'NONE', #6113, 1000.000000000000000 ) ;
#143 = ORIENTED_EDGE ( 'NONE', *, *, #2136, .T. ) ;
#144 = DIRECTION ( 'NONE',  ( 0.000000000000000000, 1.000000000000000000, 0.000000000000000000 ) ) ;
#145 = VECTOR ( 'NONE', #3568, 1000.000000000000114 ) ;
#146 = ORIENTED_EDGE ( 'NONE', *, *, #6033, .F. ) ;
#147 = DIRECTION ( 'NONE',  ( 1.000000000000000000, 0.000000000000000000, 0.000000000000000000 ) ) ;
#148 = CARTESIAN_POINT ( 'NONE',  ( -1.331874386065286409, -16.81908500358545311, 4.000000000000000000 ) ) ;
#149 = CARTESIAN_POINT ( 'NONE',  ( -15.86005420924688991, 7.456272356324761041, 0.000000000000000000 ) ) ;
#150 = AXIS2_PLACEMENT_3D ( 'NONE', #1882, #3396, #6401 ) ;
#151 = VECTOR ( 'NONE', #1033, 1000.000000000000000 ) ;
#152 = CARTESIAN_POINT ( 'NONE',  ( -0.9056215674326211218, -17.74168337376050530, 4.000000000000000888 ) ) ;
#153 = DIRECTION ( 'NONE',  ( 0.000000000000000000, -0.7071067811865426878, -0.7071067811865524577 ) ) ;
#154 = DIRECTION ( 'NONE',  ( -0.000000000000000000, -0.000000000000000000, -1.000000000000000000 ) ) ;
#155 = ORIENTED_EDGE ( 'NONE', *, *, #2750, .T. ) ;
#156 = CARTESIAN_POINT ( 'NONE',  ( -4.578263971826562972, -15.15955317017008497, 5.000000000000000000 ) ) ;
#157 = AXIS2_PLACEMENT_3D ( 'NONE', #1160, #697, #5182 ) ;
#158 = AXIS2_PLACEMENT_3D ( 'NONE', #4404, #805, #6400 ) ;
#159 = CARTESIAN_POINT ( 'NONE',  ( 0.4636568509615375810, -16.65489185474482525, 4.000000000000000000 ) ) ;
#160 = EDGE_CURVE ( 'NONE', #6013, #4983, #3296, .T. ) ;
#161 = CARTESIAN_POINT ( 'NONE',  ( -4.396153846153846523, -15.43246597333456194, 4.999999999999993783 ) ) ;
#162 = CARTESIAN_POINT ( 'NONE',  ( -26.22363875699441493, 20.83582196652955432, 0.000000000000000000 ) ) ;
#163 = AXIS2_PLACEMENT_3D ( 'NONE', #1841, #270, #4265 ) ;
#164 = DIRECTION ( 'NONE',  ( -1.000000000000000000, 0.000000000000000000, 0.000000000000000000 ) ) ;
#165 = CARTESIAN_POINT ( 'NONE',  ( -0.4008797502170329818, -17.79406859651345485, 3.999999999999999112 ) ) ;
#166 = FACE_OUTER_BOUND ( 'NONE', #4238, .T. ) ;
#167 = CARTESIAN_POINT ( 'NONE',  ( -27.74999999999998934, -19.75000000000000000, 5.000000000000000000 ) ) ;
#168 = ORIENTED_EDGE ( 'NONE', *, *, #4812, .F. ) ;
#169 = ORIENTED_EDGE ( 'NONE', *, *, #1624, .T. ) ;
#170 = EDGE_CURVE ( 'NONE', #1927, #4170, #3757, .T. ) ;
#171 = CARTESIAN_POINT ( 'NONE',  ( -5.999999999999997335, -6.208545504429656248, 6.000000000000000888 ) ) ;
#172 = CARTESIAN_POINT ( 'NONE',  ( -0.2163348755722027672, -17.78286172488484240, 5.000000000000000888 ) ) ;
#173 = DIRECTION ( 'NONE',  ( -0.000000000000000000, -0.000000000000000000, -1.000000000000000000 ) ) ;
#174 = ORIENTED_EDGE ( 'NONE', *, *, #5486, .F. ) ;
#175 = ORIENTED_EDGE ( 'NONE', *, *, #2392, .F. ) ;
#176 = CARTESIAN_POINT ( 'NONE',  ( -0.7734404229705829081, -17.18096062898759513, 5.000000000000001776 ) ) ;
#177 = ORIENTED_EDGE ( 'NONE', *, *, #1756, .F. ) ;
#178 = VECTOR ( 'NONE', #4919, 1000.000000000000000 ) ;
#179 = ADVANCED_FACE ( 'NONE', ( #5774 ), #1803, .T. ) ;
#180 = CARTESIAN_POINT ( 'NONE',  ( 29.40201658111266880, 15.45433384453642134, 9.000000000000001776 ) ) ;
#181 = CARTESIAN_POINT ( 'NONE',  ( 29.40201658111266880, 15.45433384453642134, 0.000000000000000000 ) ) ;
#182 = CARTESIAN_POINT ( 'NONE',  ( -0.6624330859149232253, -17.20635806257904221, 4.000000000000000888 ) ) ;
#183 = PLANE ( 'NONE',  #2180 ) ;
#184 = EDGE_CURVE ( 'NONE', #2406, #6328, #5807, .T. ) ;
#185 = VECTOR ( 'NONE', #3233, 1000.000000000000000 ) ;
#186 = EDGE_CURVE ( 'NONE', #5079, #2436, #5314, .T. ) ;
#187 = LINE ( 'NONE', #1389, #2081 ) ;
#188 = CARTESIAN_POINT ( 'NONE',  ( 21.50000000000000711, -20.49999999999999289, 5.000000000000000000 ) ) ;
#189 = ORIENTED_EDGE ( 'NONE', *, *, #1582, .F. ) ;
#190 = CARTESIAN_POINT ( 'NONE',  ( -4.492836604515840548, -15.21532536106369093, 4.000000000000000888 ) ) ;
#191 = VECTOR ( 'NONE', #4456, 1000.000000000000000 ) ;
#192 = CARTESIAN_POINT ( 'NONE',  ( -1.587500000000001021, -16.10918872974482596, 4.999999999999999112 ) ) ;
#193 = DIRECTION ( 'NONE',  ( -0.8610380995189038655, 0.5085404518589196066, 0.000000000000000000 ) ) ;
#194 = EDGE_CURVE ( 'NONE', #750, #5380, #2800, .T. ) ;
#195 = CARTESIAN_POINT ( 'NONE',  ( -1.741012750254187447, -17.23975135664507619, 4.999999999999999112 ) ) ;
#196 = VECTOR ( 'NONE', #5862, 1000.000000000000000 ) ;
#197 = VECTOR ( 'NONE', #103, 1000.000000000000000 ) ;
#198 = DIRECTION ( 'NONE',  ( -1.000000000000000000, 0.000000000000000000, 0.000000000000000000 ) ) ;
#199 = CARTESIAN_POINT ( 'NONE',  ( -27.74999999999998934, -19.75000000000000000, 9.000000000000001776 ) ) ;
#200 = DIRECTION ( 'NONE',  ( -1.000000000000000000, 0.000000000000000000, 0.000000000000000000 ) ) ;
#201 = FACE_OUTER_BOUND ( 'NONE', #6235, .T. ) ;
#202 = EDGE_LOOP ( 'NONE', ( #4792, #4149, #2128, #2752 ) ) ;
#203 = ORIENTED_EDGE ( 'NONE', *, *, #4670, .F. ) ;
#204 = ORIENTED_EDGE ( 'NONE', *, *, #269, .T. ) ;
#205 = DIRECTION ( 'NONE',  ( 1.000000000000000000, 0.000000000000000000, 0.000000000000000000 ) ) ;
#206 = CARTESIAN_POINT ( 'NONE',  ( 0.7460685591314266674, -17.27798701181589536, 4.000000000000000000 ) ) ;
#207 = CARTESIAN_POINT ( 'NONE',  ( -2.727243589743591379, -17.71322518807815882, 4.000000000000000000 ) ) ;
#208 = ADVANCED_FACE ( 'NONE', ( #4358 ), #358, .T. ) ;
#209 = EDGE_LOOP ( 'NONE', ( #3590, #1792, #3392, #1322 ) ) ;
#210 = CARTESIAN_POINT ( 'NONE',  ( -5.542860565386886762, 2.791454495570344196, 6.000000000000011546 ) ) ;
#211 = VERTEX_POINT ( 'NONE', #733 ) ;
#212 = EDGE_LOOP ( 'NONE', ( #3301, #2570, #94, #4007 ) ) ;
#213 = ADVANCED_FACE ( 'NONE', ( #2732, #233 ), #2303, .F. ) ;
#214 = CARTESIAN_POINT ( 'NONE',  ( -4.397151972544833143, -15.47398797440764895, 4.000000000000000888 ) ) ;
#215 = ADVANCED_FACE ( 'NONE', ( #4258 ), #795, .F. ) ;
#216 = LINE ( 'NONE', #5294, #2884 ) ;
#217 = CARTESIAN_POINT ( 'NONE',  ( -0.4013083235086211675, -17.22452819423165238, 5.000000000000000888 ) ) ;
#218 = DIRECTION ( 'NONE',  ( -0.000000000000000000, -0.000000000000000000, -1.000000000000000000 ) ) ;
#219 = EDGE_CURVE ( 'NONE', #1474, #6004, #881, .T. ) ;
#220 = DIRECTION ( 'NONE',  ( -1.000000000000000000, 0.000000000000000000, 0.000000000000000000 ) ) ;
#221 = EDGE_LOOP ( 'NONE', ( #3490, #5690 ) ) ;
#222 = CARTESIAN_POINT ( 'NONE',  ( -0.3372951039804216178, -15.03092100961549527, 4.000000000000001776 ) ) ;
#223 = DIRECTION ( 'NONE',  ( -1.000000000000000000, 0.000000000000000000, 0.000000000000000000 ) ) ;
#224 = CARTESIAN_POINT ( 'NONE',  ( -24.37302610677949488, 13.64553457179598972, 9.000000000000001776 ) ) ;
#225 = CARTESIAN_POINT ( 'NONE',  ( 25.16401654238957875, 14.24209700771249132, 2.500000000000000000 ) ) ;
#226 = EDGE_CURVE ( 'NONE', #2835, #5056, #4022, .T. ) ;
#227 = CARTESIAN_POINT ( 'NONE',  ( -2.031757593197101031, -16.76500438032257634, 3.999999999999999112 ) ) ;
#228 = CARTESIAN_POINT ( 'NONE',  ( -1.839977854107104127, -15.12876597410665802, 5.000000000000001776 ) ) ;
#229 = CARTESIAN_POINT ( 'NONE',  ( -1.568922083063973627, -15.89239129758119873, 5.000000000000000000 ) ) ;
#230 = ADVANCED_FACE ( 'NONE', ( #1507 ), #28, .F. ) ;
#231 = LINE ( 'NONE', #2695, #3312 ) ;
#232 = VERTEX_POINT ( 'NONE', #958 ) ;
#233 = FACE_OUTER_BOUND ( 'NONE', #790, .T. ) ;
#234 = CARTESIAN_POINT ( 'NONE',  ( 1.865265112314758388E-14, -13.50000000000003197, 9.000000000000001776 ) ) ;
#235 = ORIENTED_EDGE ( 'NONE', *, *, #1392, .T. ) ;
#236 = CARTESIAN_POINT ( 'NONE',  ( 1.056970118288208749, -16.73078866166472523, 4.000000000000001776 ) ) ;
#237 = DIRECTION ( 'NONE',  ( -0.000000000000000000, -0.000000000000000000, -1.000000000000000000 ) ) ;
#238 = ORIENTED_EDGE ( 'NONE', *, *, #10, .F. ) ;
#239 = PLANE ( 'NONE',  #2987 ) ;
#240 = ORIENTED_EDGE ( 'NONE', *, *, #4923, .T. ) ;
#241 = VERTEX_POINT ( 'NONE', #5473 ) ;
#242 = LINE ( 'NONE', #5194, #3097 ) ;
#243 = LINE ( 'NONE', #5850, #5419 ) ;
#244 = DIRECTION ( 'NONE',  ( -0.000000000000000000, -0.000000000000000000, -1.000000000000000000 ) ) ;
#245 = ORIENTED_EDGE ( 'NONE', *, *, #2833, .F. ) ;
#246 = DIRECTION ( 'NONE',  ( 0.000000000000000000, -0.000000000000000000, -1.000000000000000000 ) ) ;
#247 = EDGE_CURVE ( 'NONE', #4116, #4439, #1479, .T. ) ;
#248 = AXIS2_PLACEMENT_3D ( 'NONE', #6213, #4605, #83 ) ;
#249 = CARTESIAN_POINT ( 'NONE',  ( -5.072235444507663615, -14.53838097365525428, 3.999999999999999112 ) ) ;
#250 = VERTEX_POINT ( 'NONE', #2025 ) ;
#251 = CARTESIAN_POINT ( 'NONE',  ( -1.586620180787939649, -16.14741154042555493, 4.999999999999999112 ) ) ;
#252 = CARTESIAN_POINT ( 'NONE',  ( -4.693809813418641674, -15.12634812296136566, 4.999999999999998224 ) ) ;
#253 = AXIS2_PLACEMENT_3D ( 'NONE', #386, #3383, #5401 ) ;
#254 = AXIS2_PLACEMENT_3D ( 'NONE', #1054, #2164, #198 ) ;
#255 = CARTESIAN_POINT ( 'NONE',  ( 5.495192307692304823, -17.71322518807815882, 4.000000000000000000 ) ) ;
#256 = CARTESIAN_POINT ( 'NONE',  ( -5.780128205128205465, -17.71322518807814816, 4.000000000000000000 ) ) ;
#257 = CARTESIAN_POINT ( 'NONE',  ( -2.133448305808136158, -15.80507921218605993, 4.000000000000001776 ) ) ;
#258 = VECTOR ( 'NONE', #442, 1000.000000000000114 ) ;
#259 = AXIS2_PLACEMENT_3D ( 'NONE', #5694, #5722, #1204 ) ;
#260 = DIRECTION ( 'NONE',  ( -1.000000000000000000, 0.000000000000000000, 0.000000000000000000 ) ) ;
#261 = PLANE ( 'NONE',  #6072 ) ;
#262 = CARTESIAN_POINT ( 'NONE',  ( -3.826282051282051455, -15.44009818487302255, 4.000000000000000888 ) ) ;
#263 = EDGE_LOOP ( 'NONE', ( #1604, #1003, #1884, #5607 ) ) ;
#264 = CARTESIAN_POINT ( 'NONE',  ( 0.1598643472696155976, -15.19323394876436950, 4.999999999999999112 ) ) ;
#265 = CONICAL_SURFACE ( 'NONE', #5324, 1.000000000000000000, 0.7853981633974416177 ) ;
#266 = CARTESIAN_POINT ( 'NONE',  ( 24.83598345761040704, 20.75790299228751223, 2.500000000000000000 ) ) ;
#267 = EDGE_CURVE ( 'NONE', #1976, #1120, #3451, .T. ) ;
#268 = ORIENTED_EDGE ( 'NONE', *, *, #5777, .T. ) ;
#269 = EDGE_CURVE ( 'NONE', #1915, #1113, #494, .T. ) ;
#270 = DIRECTION ( 'NONE',  ( -1.000000000000000000, 0.000000000000000000, -0.000000000000000000 ) ) ;
#271 = DIRECTION ( 'NONE',  ( -1.000000000000000000, 5.778241043194146325E-16, 0.000000000000000000 ) ) ;
#272 = AXIS2_PLACEMENT_3D ( 'NONE', #6382, #2299, #260 ) ;
#273 = ORIENTED_EDGE ( 'NONE', *, *, #2104, .T. ) ;
#274 = VERTEX_POINT ( 'NONE', #2895 ) ;
#275 = CARTESIAN_POINT ( 'NONE',  ( -26.22363875699441493, 20.83582196652955432, 9.000000000000001776 ) ) ;
#276 = CARTESIAN_POINT ( 'NONE',  ( 24.83598345761040704, 20.75790299228751223, 0.000000000000000000 ) ) ;
#277 = DIRECTION ( 'NONE',  ( -0.000000000000000000, -0.000000000000000000, -1.000000000000000000 ) ) ;
#278 = EDGE_LOOP ( 'NONE', ( #6292, #6264, #3178, #4702 ) ) ;
#279 = CARTESIAN_POINT ( 'NONE',  ( -5.016271033653846523, -15.10809698294994519, 5.000000000000000000 ) ) ;
#280 = DIRECTION ( 'NONE',  ( -0.000000000000000000, -0.000000000000000000, -1.000000000000000000 ) ) ;
#281 = ORIENTED_EDGE ( 'NONE', *, *, #4138, .T. ) ;
#282 = CARTESIAN_POINT ( 'NONE',  ( -7.542860565386886762, 2.791454495570343752, 10.00000000000000000 ) ) ;
#283 = EDGE_CURVE ( 'NONE', #2406, #1410, #5011, .T. ) ;
#284 = AXIS2_PLACEMENT_3D ( 'NONE', #661, #2660, #4690 ) ;
#285 = DIRECTION ( 'NONE',  ( -1.000000000000000000, 0.000000000000000000, 0.000000000000000000 ) ) ;
#286 = AXIS2_PLACEMENT_3D ( 'NONE', #649, #3640, #4674 ) ;
#287 = CARTESIAN_POINT ( 'NONE',  ( -3.826506934484840805, -15.41611943538644880, 4.000000000000000888 ) ) ;
#288 = CARTESIAN_POINT ( 'NONE',  ( -3.072372804504389432, 9.194809502405480117, 0.000000000000000000 ) ) ;
#289 = AXIS2_PLACEMENT_3D ( 'NONE', #3051, #4147, #5173 ) ;
#290 = FACE_OUTER_BOUND ( 'NONE', #357, .T. ) ;
#291 = VECTOR ( 'NONE', #6203, 1000.000000000000000 ) ;
#292 = CARTESIAN_POINT ( 'NONE',  ( -0.4706530448717958781, -15.02668672653969750, 4.000000000000000000 ) ) ;
#293 = CARTESIAN_POINT ( 'NONE',  ( -1.407949418413325882, -15.50671075773863450, 5.000000000000000000 ) ) ;
#294 = CARTESIAN_POINT ( 'NONE',  ( -0.4547526041666675178, -14.45681493166790510, 4.000000000000000000 ) ) ;
#295 = ORIENTED_EDGE ( 'NONE', *, *, #3381, .T. ) ;
#296 = CIRCLE ( 'NONE', #4306, 5.000000000000000888 ) ;
#297 = CARTESIAN_POINT ( 'NONE',  ( 9.521751581256404862, -21.49999999999999645, 0.000000000000000000 ) ) ;
#298 = AXIS2_PLACEMENT_3D ( 'NONE', #4359, #2331, #2863 ) ;
#299 = CARTESIAN_POINT ( 'NONE',  ( -27.90343502558110700, 16.01309099620652532, 2.500000000000000000 ) ) ;
#300 = VECTOR ( 'NONE', #6028, 1000.000000000000000 ) ;
#301 = VERTEX_POINT ( 'NONE', #3023 ) ;
#302 = LINE ( 'NONE', #2493, #4900 ) ;
#303 = CARTESIAN_POINT ( 'NONE',  ( -0.1338781851337362272, -17.19163327704407251, 4.000000000000000888 ) ) ;
#304 = AXIS2_PLACEMENT_3D ( 'NONE', #3345, #1818, #5329 ) ;
#305 = EDGE_LOOP ( 'NONE', ( #2471, #5997 ) ) ;
#306 = ORIENTED_EDGE ( 'NONE', *, *, #5828, .T. ) ;
#307 = ADVANCED_FACE ( 'NONE', ( #889 ), #2409, .T. ) ;
#308 = LINE ( 'NONE', #4924, #1560 ) ;
#309 = CARTESIAN_POINT ( 'NONE',  ( -4.317287660256409865, -17.71322518807814816, 5.000000000000000000 ) ) ;
#310 = CARTESIAN_POINT ( 'NONE',  ( 15.00000000000000711, 5.949455682166683523, 0.000000000000000000 ) ) ;
#311 = ADVANCED_FACE ( 'NONE', ( #2654 ), #4084, .T. ) ;
#312 = LINE ( 'NONE', #6372, #1097 ) ;
#313 = ORIENTED_EDGE ( 'NONE', *, *, #4261, .F. ) ;
#314 = DIRECTION ( 'NONE',  ( 0.8610380995189044206, -0.5085404518589188294, -0.000000000000000000 ) ) ;
#315 = B_SPLINE_SURFACE_WITH_KNOTS ( 'NONE', 3, 1, ( 
 ( #3683, #4148 ),
 ( #6219, #689 ),
 ( #3611, #3083 ),
 ( #5103, #6154 ),
 ( #3712, #59 ),
 ( #1115, #5634 ),
 ( #1077, #3120 ),
 ( #5671, #4651 ),
 ( #5138, #1152 ),
 ( #2056, #5732 ),
 ( #3161, #4082 ),
 ( #6120, #624 ),
 ( #588, #2584 ),
 ( #2688, #6090 ),
 ( #1600, #5175 ),
 ( #5705, #656 ),
 ( #1569, #3581 ),
 ( #5598, #2653 ),
 ( #159, #4185 ) ),
 .UNSPECIFIED., .F., .F., .F.,
 ( 4, 1, 1, 1, 1, 1, 1, 1, 1, 1, 1, 1, 1, 1, 1, 1, 4 ),
 ( 2, 2 ),
 ( 0.000000000000000000, 0.06934871325595001745, 0.1361469546042712586, 0.2005553513704648738, 0.2627938981591087519, 0.3234215623312625132, 0.3824643489379594419, 0.4409638725178808838, 0.4982922175092558414, 0.5558279989942976895, 0.6142840608122153157, 0.6736809141865964801, 0.7347653641184272999, 0.7975553011576219653, 0.8622761528751506921, 0.9296709880359613765, 1.000000000000000000 ),
 ( 0.000000000000000000, 1.000000000000000000 ),
 .UNSPECIFIED. ) ;
#316 = ORIENTED_EDGE ( 'NONE', *, *, #3231, .T. ) ;
#317 = CARTESIAN_POINT ( 'NONE',  ( -5.116125801282050745, -14.53822518807814923, 4.999999999999996447 ) ) ;
#318 = CARTESIAN_POINT ( 'NONE',  ( -1.542582277911255240, -16.43954842584754061, 5.000000000000002665 ) ) ;
#319 = DIRECTION ( 'NONE',  ( -0.000000000000000000, -0.000000000000000000, 1.000000000000000000 ) ) ;
#320 = CARTESIAN_POINT ( 'NONE',  ( 8.000000000000003553, -8.208545504429656248, 6.000000000000000888 ) ) ;
#321 = CARTESIAN_POINT ( 'NONE',  ( 26.50000000000000000, -17.50000000000000000, 2.500000000000000000 ) ) ;
#322 = CARTESIAN_POINT ( 'NONE',  ( -2.156531675770218204, -16.14779317042628648, 4.000000000000000000 ) ) ;
#323 = CARTESIAN_POINT ( 'NONE',  ( 0.4498689790132371913, -15.42181728326246670, 4.000000000000000888 ) ) ;
#324 = EDGE_LOOP ( 'NONE', ( #4317, #5158, #709, #5338 ) ) ;
#325 = LINE ( 'NONE', #2358, #2377 ) ;
#326 = CARTESIAN_POINT ( 'NONE',  ( 4.925320512820510643, -15.10809698294995584, 4.000000000000000000 ) ) ;
#327 = VERTEX_POINT ( 'NONE', #2626 ) ;
#328 = CARTESIAN_POINT ( 'NONE',  ( 3.378525641025639903, -15.75937903423200659, 4.000000000000000000 ) ) ;
#329 = EDGE_CURVE ( 'NONE', #2765, #3909, #2552, .T. ) ;
#330 = LINE ( 'NONE', #266, #1140 ) ;
#331 = ADVANCED_FACE ( 'NONE', ( #5673 ), #2094, .F. ) ;
#332 = VERTEX_POINT ( 'NONE', #95 ) ;
#333 = CYLINDRICAL_SURFACE ( 'NONE', #4586, 1.500000000000001332 ) ;
#334 = CARTESIAN_POINT ( 'NONE',  ( -22.49999999999999289, -21.50000000000000000, 5.000000000000000000 ) ) ;
#335 = ORIENTED_EDGE ( 'NONE', *, *, #4162, .F. ) ;
#336 = ORIENTED_EDGE ( 'NONE', *, *, #5426, .F. ) ;
#337 = CARTESIAN_POINT ( 'NONE',  ( 0.3199168669871786386, -14.60691509192431425, 5.000000000000000000 ) ) ;
#338 = DIRECTION ( 'NONE',  ( 0.000000000000000000, 1.000000000000000000, 0.000000000000000000 ) ) ;
#339 = CARTESIAN_POINT ( 'NONE',  ( -21.73797097907860731, -17.50000000000002132, 2.500000000000000000 ) ) ;
#340 = CARTESIAN_POINT ( 'NONE',  ( 3.948397435897434526, -17.71322518807815882, 4.000000000000000000 ) ) ;
#341 = VERTEX_POINT ( 'NONE', #1153 ) ;
#342 = CARTESIAN_POINT ( 'NONE',  ( -1.342709132345139666, -15.42094958386488024, 4.000000000000000000 ) ) ;
#343 = ORIENTED_EDGE ( 'NONE', *, *, #3000, .T. ) ;
#344 = EDGE_CURVE ( 'NONE', #893, #2468, #5364, .T. ) ;
#345 = CARTESIAN_POINT ( 'NONE',  ( -4.404386434994036037, -14.60690757761560121, 4.999999999999996447 ) ) ;
#346 = CARTESIAN_POINT ( 'NONE',  ( 0.3453241295916130160, -14.61799375485804831, 3.999999999999999112 ) ) ;
#347 = CARTESIAN_POINT ( 'NONE',  ( -4.430724944722149061, -15.29095892190899519, 5.000000000000002665 ) ) ;
#348 = CARTESIAN_POINT ( 'NONE',  ( -4.002847120067658970, -14.88401268557848489, 4.000000000000002665 ) ) ;
#349 = VECTOR ( 'NONE', #2474, 1000.000000000000000 ) ;
#350 = PLANE ( 'NONE',  #5454 ) ;
#351 = FACE_OUTER_BOUND ( 'NONE', #2364, .T. ) ;
#352 = EDGE_CURVE ( 'NONE', #3482, #5423, #3459, .T. ) ;
#353 = DIRECTION ( 'NONE',  ( -0.5000000000000011102, 0.8660254037844379305, -0.000000000000000000 ) ) ;
#354 = DIRECTION ( 'NONE',  ( -0.8900702620852276592, -0.4558233523543239740, -0.000000000000000000 ) ) ;
#355 = VECTOR ( 'NONE', #5087, 1000.000000000000000 ) ;
#356 = DIRECTION ( 'NONE',  ( 0.000000000000000000, -0.000000000000000000, -1.000000000000000000 ) ) ;
#357 = EDGE_LOOP ( 'NONE', ( #5967, #4883, #5228, #139 ) ) ;
#358 = CYLINDRICAL_SURFACE ( 'NONE', #2190, 1.000000000000004441 ) ;
#359 = FACE_OUTER_BOUND ( 'NONE', #4247, .T. ) ;
#360 = VECTOR ( 'NONE', #6375, 1000.000000000000000 ) ;
#361 = VECTOR ( 'NONE', #3630, 1000.000000000000000 ) ;
#362 = ORIENTED_EDGE ( 'NONE', *, *, #3131, .T. ) ;
#363 = PLANE ( 'NONE',  #163 ) ;
#364 = CARTESIAN_POINT ( 'NONE',  ( 9.800000000000002487, 2.791454495570343752, 10.00000000000000000 ) ) ;
#365 = EDGE_CURVE ( 'NONE', #4083, #3909, #6192, .T. ) ;
#366 = ORIENTED_EDGE ( 'NONE', *, *, #414, .T. ) ;
#367 = AXIS2_PLACEMENT_3D ( 'NONE', #2593, #5739, #4625 ) ;
#368 = ORIENTED_EDGE ( 'NONE', *, *, #655, .T. ) ;
#369 = AXIS2_PLACEMENT_3D ( 'NONE', #684, #2685, #6086 ) ;
#370 = CARTESIAN_POINT ( 'NONE',  ( 0.000000000000000000, 0.000000000000000000, 9.000000000000001776 ) ) ;
#371 = CARTESIAN_POINT ( 'NONE',  ( -29.49999999999999289, -15.25000000000000178, 0.000000000000000000 ) ) ;
#372 = DIRECTION ( 'NONE',  ( 0.000000000000000000, 0.000000000000000000, -1.000000000000000000 ) ) ;
#373 = CARTESIAN_POINT ( 'NONE',  ( 0.9252717499655226385, -17.01978503214858662, 5.000000000000002665 ) ) ;
#374 = ORIENTED_EDGE ( 'NONE', *, *, #617, .T. ) ;
#375 = CARTESIAN_POINT ( 'NONE',  ( 3.378525641025639903, -15.75937903423200659, 4.000000000000000000 ) ) ;
#376 = ORIENTED_EDGE ( 'NONE', *, *, #874, .F. ) ;
#377 = CARTESIAN_POINT ( 'NONE',  ( -3.881052035110090337, -15.10678822944700350, 3.999999999999997335 ) ) ;
#378 = DIRECTION ( 'NONE',  ( -0.000000000000000000, -0.000000000000000000, -1.000000000000000000 ) ) ;
#379 = CARTESIAN_POINT ( 'NONE',  ( -3.826947786166486232, -15.36911249176501748, 5.000000000000000888 ) ) ;
#380 = EDGE_CURVE ( 'NONE', #6333, #4087, #3554, .T. ) ;
#381 = LINE ( 'NONE', #4447, #6181 ) ;
#382 = FACE_OUTER_BOUND ( 'NONE', #278, .T. ) ;
#383 = EDGE_CURVE ( 'NONE', #1039, #232, #626, .T. ) ;
#384 = CARTESIAN_POINT ( 'NONE',  ( -5.999999999999997335, -9.208545504429654471, 6.000000000000000888 ) ) ;
#385 = VECTOR ( 'NONE', #5966, 1000.000000000000000 ) ;
#386 = CARTESIAN_POINT ( 'NONE',  ( 0.6401650156129062852, -14.79379014986422725, 4.000000000000000888 ) ) ;
#387 = VERTEX_POINT ( 'NONE', #1602 ) ;
#388 = CARTESIAN_POINT ( 'NONE',  ( -26.63101451046069812, -14.67500000000001492, 0.000000000000000000 ) ) ;
#389 = DIRECTION ( 'NONE',  ( -1.000000000000000000, 1.334402673828313093E-16, 0.000000000000000000 ) ) ;
#390 = EDGE_CURVE ( 'NONE', #1780, #511, #1677, .T. ) ;
#392 = VERTEX_POINT ( 'NONE', #3086 ) ;
#391 = B_SPLINE_CURVE_WITH_KNOTS ( 'NONE', 3,
 ( #3408, #2413, #3982, #2510, #1890, #519, #4445, #6436, #5458, #4512, #5987, #3476, #4542, #6016, #5952, #2014, #3443, #5430, #1497, #947, #4012, #1528, #877, #3541, #379, #484, #4416 ),
 .UNSPECIFIED., .F., .F.,
 ( 4, 1, 1, 1, 1, 1, 1, 1, 1, 1, 1, 1, 1, 1, 1, 1, 1, 1, 1, 1, 1, 1, 1, 1, 4 ),
 ( 0.000000000000000000, 0.07288902662003830801, 0.1401861299444947251, 0.2022774341249594099, 0.2588951317514626704, 0.3104829424654785841, 0.3570952441313352543, 0.3985135666534657672, 0.4350375108701164395, 0.4692514858292881064, 0.5028050278902749248, 0.5362104463185621839, 0.5693793599392057425, 0.6028014750483932094, 0.6366657983367768336, 0.6709286568940430184, 0.7058030002293130822, 0.7411890612458772454, 0.7763043110764616950, 0.8120043009129355172, 0.8479689758088961860, 0.8845217611964798499, 0.9219741585442051690, 0.9601981758096084230, 0.9999999999999998890 ),
 .UNSPECIFIED. ) ;
#393 = CARTESIAN_POINT ( 'NONE',  ( -4.961148561772146692, -15.75907339125758710, 4.000000000000000000 ) ) ;
#394 = CIRCLE ( 'NONE', #6286, 4.366822574594690920 ) ;
#395 = PLANE ( 'NONE',  #4200 ) ;
#396 = VECTOR ( 'NONE', #3908, 1000.000000000000000 ) ;
#397 = VERTEX_POINT ( 'NONE', #4717 ) ;
#398 = CARTESIAN_POINT ( 'NONE',  ( 22.53798701022631334, -13.49639116526635085, 5.000000000000000000 ) ) ;
#399 = CARTESIAN_POINT ( 'NONE',  ( -26.63101451046069812, -14.67500000000001492, 0.000000000000000000 ) ) ;
#400 = AXIS2_PLACEMENT_3D ( 'NONE', #4677, #3577, #5132 ) ;
#401 = ORIENTED_EDGE ( 'NONE', *, *, #3441, .F. ) ;
#402 = VECTOR ( 'NONE', #2455, 999.9999999999998863 ) ;
#403 = AXIS2_PLACEMENT_3D ( 'NONE', #1284, #6325, #4822 ) ;
#404 = ORIENTED_EDGE ( 'NONE', *, *, #3231, .F. ) ;
#405 = VECTOR ( 'NONE', #917, 1000.000000000000000 ) ;
#406 = AXIS2_PLACEMENT_3D ( 'NONE', #224, #1766, #4777 ) ;
#407 = DIRECTION ( 'NONE',  ( 0.000000000000000000, 1.000000000000000000, 0.000000000000000000 ) ) ;
#408 = DIRECTION ( 'NONE',  ( -0.000000000000000000, -0.000000000000000000, 1.000000000000000000 ) ) ;
#409 = CARTESIAN_POINT ( 'NONE',  ( 21.73797097907860731, -17.50000000000002132, 2.500000000000000000 ) ) ;
#410 = EDGE_LOOP ( 'NONE', ( #146, #2215, #3930, #625 ) ) ;
#411 = CARTESIAN_POINT ( 'NONE',  ( -1.839977854107104127, -15.12876597410665802, 4.000000000000001776 ) ) ;
#412 = ORIENTED_EDGE ( 'NONE', *, *, #344, .T. ) ;
#413 = DIRECTION ( 'NONE',  ( 0.5000000000000004441, 0.8660254037844383745, -0.000000000000000000 ) ) ;
#414 = EDGE_CURVE ( 'NONE', #1005, #6488, #5106, .T. ) ;
#415 = ORIENTED_EDGE ( 'NONE', *, *, #4926, .F. ) ;
#416 = EDGE_CURVE ( 'NONE', #250, #5322, #5140, .T. ) ;
#417 = CARTESIAN_POINT ( 'NONE',  ( -3.826282051282051455, -15.44009818487302255, 4.000000000000000888 ) ) ;
#418 = DIRECTION ( 'NONE',  ( -0.000000000000000000, -0.000000000000000000, -1.000000000000000000 ) ) ;
#419 = DIRECTION ( 'NONE',  ( -7.709882115452478166E-16, 1.000000000000000000, 0.000000000000000000 ) ) ;
#420 = EDGE_CURVE ( 'NONE', #4619, #4054, #4151, .T. ) ;
#421 = ADVANCED_FACE ( 'NONE', ( #5570 ), #2058, .F. ) ;
#422 = DIRECTION ( 'NONE',  ( -0.000000000000000000, -0.000000000000000000, 1.000000000000000000 ) ) ;
#423 = FACE_OUTER_BOUND ( 'NONE', #3295, .T. ) ;
#424 = CARTESIAN_POINT ( 'NONE',  ( -3.908275352273725023, -15.84352712202670510, 4.000000000000000888 ) ) ;
#425 = PRODUCT ( 'paa5100je_left_centered', 'paa5100je_left_centered', '', ( #3730 ) ) ;
#426 = CARTESIAN_POINT ( 'NONE',  ( -0.4547526041666675178, -14.45681493166790510, 5.000000000000000000 ) ) ;
#427 = ORIENTED_EDGE ( 'NONE', *, *, #5167, .F. ) ;
#428 = CARTESIAN_POINT ( 'NONE',  ( -4.410669370802089873, -15.33500174084944945, 3.999999999999999112 ) ) ;
#429 = CARTESIAN_POINT ( 'NONE',  ( -0.8049270185270077649, -15.06933163398801589, 4.999999999999998224 ) ) ;
#430 = ORIENTED_EDGE ( 'NONE', *, *, #4583, .T. ) ;
#431 = CARTESIAN_POINT ( 'NONE',  ( -4.650228869770560713, -15.73142659546231847, 4.000000000000000000 ) ) ;
#432 = DIRECTION ( 'NONE',  ( -0.4558233523543239185, 0.8900702620852276592, 0.000000000000000000 ) ) ;
#433 = VERTEX_POINT ( 'NONE', #3189 ) ;
#434 = EDGE_CURVE ( 'NONE', #1546, #4116, #5176, .T. ) ;
#435 = CARTESIAN_POINT ( 'NONE',  ( 1.056970118288208749, -16.73078866166472523, 4.000000000000001776 ) ) ;
#436 = CARTESIAN_POINT ( 'NONE',  ( -0.8314319303410037110, -14.49112657528359982, 4.999999999999998224 ) ) ;
#437 = ORIENTED_EDGE ( 'NONE', *, *, #5828, .F. ) ;
#438 = ORIENTED_EDGE ( 'NONE', *, *, #5721, .T. ) ;
#439 = ADVANCED_FACE ( 'NONE', ( #4186, #2690 ), #2198, .T. ) ;
#440 = LINE ( 'NONE', #4002, #1657 ) ;
#441 = CARTESIAN_POINT ( 'NONE',  ( -0.1520525117171784013, -14.47682276924449241, 4.000000000000002665 ) ) ;
#442 = DIRECTION ( 'NONE',  ( -0.5000000000000011102, -0.8660254037844379305, 0.000000000000000000 ) ) ;
#443 = VERTEX_POINT ( 'NONE', #754 ) ;
#444 = CARTESIAN_POINT ( 'NONE',  ( -2.101372368549947023, -15.65932615770141645, 4.000000000000000000 ) ) ;
#445 = ORIENTED_EDGE ( 'NONE', *, *, #5264, .T. ) ;
#446 = VERTEX_POINT ( 'NONE', #6318 ) ;
#447 = LINE ( 'NONE', #2438, #360 ) ;
#448 = CARTESIAN_POINT ( 'NONE',  ( -0.8793447650014651895, -17.14494028521496816, 3.999999999999998224 ) ) ;
#449 = CARTESIAN_POINT ( 'NONE',  ( 27.73941848319152115, 19.27099398849403400, 0.000000000000000000 ) ) ;
#450 = EDGE_CURVE ( 'NONE', #3776, #543, #5825, .T. ) ;
#451 = CARTESIAN_POINT ( 'NONE',  ( 1.135291466346152855, -16.08502005987303107, 4.000000000000000000 ) ) ;
#452 = CARTESIAN_POINT ( 'NONE',  ( 26.63101451046069812, -14.67500000000001492, 2.500000000000000000 ) ) ;
#453 = CARTESIAN_POINT ( 'NONE',  ( -4.416506410256410220, -16.26437703102686783, 4.000000000000000000 ) ) ;
#454 = CARTESIAN_POINT ( 'NONE',  ( 22.50000000000000711, -20.49999999999999289, 5.000000000000000000 ) ) ;
#455 = ORIENTED_EDGE ( 'NONE', *, *, #1017, .F. ) ;
#456 = CARTESIAN_POINT ( 'NONE',  ( -4.492836604515840548, -15.21532536106369093, 4.000000000000000888 ) ) ;
#457 = CARTESIAN_POINT ( 'NONE',  ( 0.04201984716301995770, -14.51428896185825224, 4.000000000000000000 ) ) ;
#458 = ORIENTED_EDGE ( 'NONE', *, *, #2048, .T. ) ;
#459 = CARTESIAN_POINT ( 'NONE',  ( -4.559631712782970858, -15.70309979647688969, 4.000000000000000888 ) ) ;
#460 = DIRECTION ( 'NONE',  ( 0.05028052826558230409, 0.9987351342960424372, -0.000000000000000000 ) ) ;
#461 = ORIENTED_EDGE ( 'NONE', *, *, #2136, .F. ) ;
#462 = AXIS2_PLACEMENT_3D ( 'NONE', #824, #3264, #1772 ) ;
#463 = DIRECTION ( 'NONE',  ( -0.000000000000000000, -0.000000000000000000, -1.000000000000000000 ) ) ;
#464 = CARTESIAN_POINT ( 'NONE',  ( -0.4547526041666675178, -14.45681493166790510, 4.000000000000000000 ) ) ;
#465 = ORIENTED_EDGE ( 'NONE', *, *, #4059, .F. ) ;
#466 = VERTEX_POINT ( 'NONE', #2756 ) ;
#467 = AXIS2_PLACEMENT_3D ( 'NONE', #6212, #1236, #1755 ) ;
#468 = EDGE_CURVE ( 'NONE', #5405, #1617, #1305, .T. ) ;
#469 = VECTOR ( 'NONE', #1605, 1000.000000000000227 ) ;
#470 = EDGE_CURVE ( 'NONE', #3874, #4092, #5371, .T. ) ;
#471 = CARTESIAN_POINT ( 'NONE',  ( 0.8910475011150382763, -15.01822014923526183, 4.000000000000000000 ) ) ;
#472 = CARTESIAN_POINT ( 'NONE',  ( -3.908275352273725023, -15.84352712202670510, 5.000000000000000888 ) ) ;
#473 = AXIS2_PLACEMENT_3D ( 'NONE', #6199, #1683, #3721 ) ;
#474 = VECTOR ( 'NONE', #2500, 1000.000000000000000 ) ;
#475 = DIRECTION ( 'NONE',  ( 0.8610380995189044206, -0.5085404518589188294, -0.000000000000000000 ) ) ;
#476 = VERTEX_POINT ( 'NONE', #320 ) ;
#477 = CARTESIAN_POINT ( 'NONE',  ( 1.086619042635373233, -16.63111049234407446, 5.000000000000000888 ) ) ;
#478 = ORIENTED_EDGE ( 'NONE', *, *, #5348, .F. ) ;
#479 = VECTOR ( 'NONE', #5679, 1000.000000000000000 ) ;
#480 = B_SPLINE_SURFACE_WITH_KNOTS ( 'NONE', 3, 1, ( 
 ( #5136, #4680 ),
 ( #5597, #3645 ),
 ( #2195, #122 ),
 ( #5202, #5704 ),
 ( #2547, #4114 ),
 ( #2055, #554 ),
 ( #190, #6119 ),
 ( #1182, #4080 ),
 ( #1636, #156 ),
 ( #1048, #4220 ),
 ( #6218, #58 ),
 ( #6088, #1568 ),
 ( #1114, #1701 ),
 ( #3710, #3682 ),
 ( #1076, #3082 ),
 ( #587, #6152 ),
 ( #5669, #2583 ),
 ( #3119, #2160 ),
 ( #4614, #92 ) ),
 .UNSPECIFIED., .F., .F., .F.,
 ( 4, 1, 1, 1, 1, 1, 1, 1, 1, 1, 1, 1, 1, 1, 1, 1, 4 ),
 ( 2, 2 ),
 ( 0.000000000000000000, 0.06376895995773981807, 0.1252623047603745043, 0.1854135826663900755, 0.2468067624960856576, 0.3094223888496974162, 0.3725326822170092478, 0.4377332507368588144, 0.5057495167426344640, 0.5440132631112704065, 0.5883695992066307889, 0.6403890193945120934, 0.6978974005877082165, 0.7632716192950987910, 0.8349786038393127718, 0.9138736558434372714, 1.000000000000000000 ),
 ( 0.000000000000000000, 1.000000000000000000 ),
 .UNSPECIFIED. ) ;
#481 = ORIENTED_EDGE ( 'NONE', *, *, #6472, .F. ) ;
#482 = CARTESIAN_POINT ( 'NONE',  ( -5.210256410256410398, -15.75937903423199593, 4.000000000000000000 ) ) ;
#483 = DIRECTION ( 'NONE',  ( -0.000000000000000000, 1.000000000000000000, -0.000000000000000000 ) ) ;
#484 = CARTESIAN_POINT ( 'NONE',  ( -3.826506934484840805, -15.41611943538644880, 5.000000000000000888 ) ) ;
#485 = CARTESIAN_POINT ( 'NONE',  ( 3.378525641025639903, -14.53822518807815989, 5.000000000000000000 ) ) ;
#486 = DIRECTION ( 'NONE',  ( 0.000000000000000000, -0.000000000000000000, -1.000000000000000000 ) ) ;
#487 = EDGE_CURVE ( 'NONE', #5880, #392, #5130, .T. ) ;
#488 = CARTESIAN_POINT ( 'NONE',  ( -5.116125801282050745, -14.53822518807814923, 4.000000000000000000 ) ) ;
#489 = DIRECTION ( 'NONE',  ( -0.000000000000000000, -0.000000000000000000, -1.000000000000000000 ) ) ;
#490 = ORIENTED_EDGE ( 'NONE', *, *, #4591, .T. ) ;
#491 = FACE_BOUND ( 'NONE', #3309, .T. ) ;
#492 = LINE ( 'NONE', #1444, #3613 ) ;
#493 = ORIENTED_EDGE ( 'NONE', *, *, #4376, .T. ) ;
#494 = LINE ( 'NONE', #3521, #4825 ) ;
#495 = LINE ( 'NONE', #2488, #4932 ) ;
#496 = EDGE_CURVE ( 'NONE', #2035, #4029, #1817, .T. ) ;
#497 = ORIENTED_EDGE ( 'NONE', *, *, #1432, .T. ) ;
#498 = ADVANCED_FACE ( 'NONE', ( #3320 ), #1795, .F. ) ;
#499 = EDGE_CURVE ( 'NONE', #3700, #397, #4629, .T. ) ;
#500 = CARTESIAN_POINT ( 'NONE',  ( 0.8695249611224391550, -17.11073436257361635, 3.999999999999999112 ) ) ;
#501 = CARTESIAN_POINT ( 'NONE',  ( 8.000000000000001776, -6.208545504429656248, 10.00000000000000000 ) ) ;
#502 = ORIENTED_EDGE ( 'NONE', *, *, #5330, .F. ) ;
#503 = AXIS2_PLACEMENT_3D ( 'NONE', #6361, #1781, #4885 ) ;
#504 = ORIENTED_EDGE ( 'NONE', *, *, #3736, .T. ) ;
#505 = VECTOR ( 'NONE', #61, 1000.000000000000000 ) ;
#506 = VECTOR ( 'NONE', #2122, 1000.000000000000000 ) ;
#507 = CARTESIAN_POINT ( 'NONE',  ( 2.279487179487178050, -17.71322518807815882, 4.000000000000000000 ) ) ;
#508 = CARTESIAN_POINT ( 'NONE',  ( -3.937737432199948096, -15.90019769347522605, 4.999999999999999112 ) ) ;
#509 = AXIS2_PLACEMENT_3D ( 'NONE', #4428, #6390, #6356 ) ;
#510 = DIRECTION ( 'NONE',  ( -1.000000000000000000, 0.000000000000000000, 0.000000000000000000 ) ) ;
#511 = VERTEX_POINT ( 'NONE', #5734 ) ;
#512 = CARTESIAN_POINT ( 'NONE',  ( -1.924998605220628267, -15.25382484343543155, 4.000000000000000888 ) ) ;
#513 = VERTEX_POINT ( 'NONE', #1217 ) ;
#514 = VECTOR ( 'NONE', #2949, 1000.000000000000000 ) ;
#515 = ORIENTED_EDGE ( 'NONE', *, *, #3208, .F. ) ;
#516 = EDGE_CURVE ( 'NONE', #3566, #3140, #3223, .T. ) ;
#517 = EDGE_LOOP ( 'NONE', ( #3, #2697, #2385, #3065, #5813, #5684 ) ) ;
#518 = FACE_OUTER_BOUND ( 'NONE', #6467, .T. ) ;
#519 = CARTESIAN_POINT ( 'NONE',  ( -4.652207563430163617, -14.56002473291711929, 4.999999999999998224 ) ) ;
#520 = VECTOR ( 'NONE', #3153, 1000.000000000000000 ) ;
#521 = DIRECTION ( 'NONE',  ( -0.5000000000000004441, -0.8660254037844383745, 0.000000000000000000 ) ) ;
#522 = CARTESIAN_POINT ( 'NONE',  ( -0.4547526041666675178, -14.45681493166790510, 4.000000000000000000 ) ) ;
#523 = CARTESIAN_POINT ( 'NONE',  ( -2.101754536636343040, -16.55393570626073085, 3.999999999999998224 ) ) ;
#524 = DIRECTION ( 'NONE',  ( -4.336808689942020201E-16, 1.000000000000000000, 0.000000000000000000 ) ) ;
#525 = EDGE_LOOP ( 'NONE', ( #3539, #1445, #2004, #4354, #5086, #770 ) ) ;
#526 = CARTESIAN_POINT ( 'NONE',  ( -4.430724944722149061, -15.29095892190899519, 4.000000000000002665 ) ) ;
#527 = CARTESIAN_POINT ( 'NONE',  ( -0.5857649643722975252, -15.02964070166748733, 4.999999999999998224 ) ) ;
#528 = ORIENTED_EDGE ( 'NONE', *, *, #269, .F. ) ;
#529 = CARTESIAN_POINT ( 'NONE',  ( -4.909185704635593339, -15.75848815063609187, 4.999999999999992895 ) ) ;
#530 = CARTESIAN_POINT ( 'NONE',  ( -0.4793661538925714227, -17.79407567159341497, 5.000000000000000000 ) ) ;
#531 = ORIENTED_EDGE ( 'NONE', *, *, #3929, .T. ) ;
#532 = DIRECTION ( 'NONE',  ( -0.000000000000000000, -0.000000000000000000, 1.000000000000000000 ) ) ;
#533 = CARTESIAN_POINT ( 'NONE',  ( -23.51198800726058380, 13.13699411993706789, 9.000000000000001776 ) ) ;
#534 = EDGE_CURVE ( 'NONE', #5840, #2536, #2827, .T. ) ;
#535 = VERTEX_POINT ( 'NONE', #1735 ) ;
#536 = ORIENTED_EDGE ( 'NONE', *, *, #692, .F. ) ;
#537 = EDGE_CURVE ( 'NONE', #3609, #2336, #5766, .T. ) ;
#538 = CARTESIAN_POINT ( 'NONE',  ( -0.4477564102564112192, -16.65489185474482525, 5.000000000000000000 ) ) ;
#539 = CARTESIAN_POINT ( 'NONE',  ( -3.297115384615386446, -17.71322518807815882, 4.000000000000000000 ) ) ;
#540 = CARTESIAN_POINT ( 'NONE',  ( -0.4547526041666675178, -14.45681493166790510, 4.000000000000000000 ) ) ;
#541 = ORIENTED_EDGE ( 'NONE', *, *, #3217, .F. ) ;
#542 = DIRECTION ( 'NONE',  ( 0.000000000000000000, 0.000000000000000000, 1.000000000000000000 ) ) ;
#543 = VERTEX_POINT ( 'NONE', #5398 ) ;
#544 = ORIENTED_EDGE ( 'NONE', *, *, #3152, .T. ) ;
#545 = DIRECTION ( 'NONE',  ( 0.000000000000000000, 1.000000000000000000, 0.000000000000000000 ) ) ;
#546 = DIRECTION ( 'NONE',  ( 1.000000000000000000, 0.000000000000000000, 0.000000000000000000 ) ) ;
#547 = CARTESIAN_POINT ( 'NONE',  ( -3.882170345808931611, -15.78405234469648377, 4.000000000000000000 ) ) ;
#548 = EDGE_CURVE ( 'NONE', #3874, #4887, #2812, .T. ) ;
#549 = CARTESIAN_POINT ( 'NONE',  ( -1.933388383669314869, -16.96777936960660682, 4.000000000000000888 ) ) ;
#550 = EDGE_CURVE ( 'NONE', #3018, #1691, #1010, .T. ) ;
#551 = CARTESIAN_POINT ( 'NONE',  ( -1.221573760966716993, -17.63094184391998454, 4.000000000000000888 ) ) ;
#552 = CARTESIAN_POINT ( 'NONE',  ( -0.4477564102564112192, -16.65489185474482525, 5.000000000000000000 ) ) ;
#553 = ORIENTED_EDGE ( 'NONE', *, *, #4530, .F. ) ;
#554 = CARTESIAN_POINT ( 'NONE',  ( -4.458215643467397626, -15.25065689765209065, 4.999999999999997335 ) ) ;
#555 = DIRECTION ( 'NONE',  ( -0.000000000000000000, -0.000000000000000000, -1.000000000000000000 ) ) ;
#556 = VERTEX_POINT ( 'NONE', #2511 ) ;
#557 = CARTESIAN_POINT ( 'NONE',  ( 8.000000000000001776, -6.208545504429656248, 10.00000000000000000 ) ) ;
#558 = LINE ( 'NONE', #5929, #828 ) ;
#559 = ORIENTED_EDGE ( 'NONE', *, *, #4305, .T. ) ;
#560 = DIRECTION ( 'NONE',  ( -0.000000000000000000, -0.000000000000000000, 1.000000000000000000 ) ) ;
#561 = CARTESIAN_POINT ( 'NONE',  ( 0.2784182938776462723, -17.64369639226885411, 4.000000000000002665 ) ) ;
#562 = LINE ( 'NONE', #132, #4507 ) ;
#563 = EDGE_LOOP ( 'NONE', ( #1684, #4195, #168, #4062 ) ) ;
#564 = ORIENTED_EDGE ( 'NONE', *, *, #170, .T. ) ;
#565 = CARTESIAN_POINT ( 'NONE',  ( -0.5857649643722975252, -15.02964070166748733, 3.999999999999999112 ) ) ;
#566 = VECTOR ( 'NONE', #5032, 1000.000000000000000 ) ;
#567 = LINE ( 'NONE', #507, #4196 ) ;
#568 = CARTESIAN_POINT ( 'NONE',  ( -24.99999999999999645, -17.50000000000000000, 5.000000000000000000 ) ) ;
#569 = ADVANCED_FACE ( 'NONE', ( #6510 ), #3013, .F. ) ;
#570 = AXIS2_PLACEMENT_3D ( 'NONE', #1332, #1761, #810 ) ;
#571 = ORIENTED_EDGE ( 'NONE', *, *, #4579, .T. ) ;
#572 = CARTESIAN_POINT ( 'NONE',  ( -26.63101451046069812, -14.67500000000001492, 2.500000000000000000 ) ) ;
#573 = VECTOR ( 'NONE', #1264, 1000.000000000000000 ) ;
#574 = VERTEX_POINT ( 'NONE', #4906 ) ;
#575 = ORIENTED_EDGE ( 'NONE', *, *, #3751, .T. ) ;
#576 = VECTOR ( 'NONE', #6015, 1000.000000000000000 ) ;
#577 = VERTEX_POINT ( 'NONE', #2414 ) ;
#578 = DIRECTION ( 'NONE',  ( -0.000000000000000000, -0.000000000000000000, -1.000000000000000000 ) ) ;
#579 = CARTESIAN_POINT ( 'NONE',  ( -5.210256410256410398, -16.32925082910378833, 4.000000000000000000 ) ) ;
#580 = AXIS2_PLACEMENT_3D ( 'NONE', #2770, #2306, #6298 ) ;
#581 = CARTESIAN_POINT ( 'NONE',  ( -3.845458413855898705, -15.65526029447563516, 4.000000000000000888 ) ) ;
#582 = CARTESIAN_POINT ( 'NONE',  ( -26.50000000000000000, 17.50000000000000000, 2.500000000000000000 ) ) ;
#583 = CARTESIAN_POINT ( 'NONE',  ( -1.811100477711193202, -17.15536548952404061, 4.000000000000001776 ) ) ;
#584 = CIRCLE ( 'NONE', #272, 1.999999999999987121 ) ;
#585 = CARTESIAN_POINT ( 'NONE',  ( 15.86005420924689524, 7.456272356324764594, 5.000000000000000000 ) ) ;
#586 = ORIENTED_EDGE ( 'NONE', *, *, #226, .T. ) ;
#587 = CARTESIAN_POINT ( 'NONE',  ( -4.887770599336987765, -15.10966402539352416, 3.999999999999999112 ) ) ;
#588 = CARTESIAN_POINT ( 'NONE',  ( 0.2637568111321476061, -16.96162177422654693, 3.999999999999998224 ) ) ;
#589 = ORIENTED_EDGE ( 'NONE', *, *, #4333, .F. ) ;
#590 = EDGE_CURVE ( 'NONE', #341, #241, #5000, .T. ) ;
#591 = CARTESIAN_POINT ( 'NONE',  ( -4.396153846153846523, -15.43246597333456194, 4.000000000000000888 ) ) ;
#592 = CARTESIAN_POINT ( 'NONE',  ( -1.503550947891522771, -17.46191191127223163, 5.000000000000001776 ) ) ;
#593 = VERTEX_POINT ( 'NONE', #1989 ) ;
#594 = CYLINDRICAL_SURFACE ( 'NONE', #2556, 1.000000000000000888 ) ;
#595 = DIRECTION ( 'NONE',  ( -0.000000000000000000, 0.000000000000000000, 1.000000000000000000 ) ) ;
#596 = PLANE ( 'NONE',  #284 ) ;
#597 = EDGE_CURVE ( 'NONE', #3756, #2516, #381, .T. ) ;
#598 = EDGE_LOOP ( 'NONE', ( #3464, #2642, #3028, #3185 ) ) ;
#599 = ORIENTED_EDGE ( 'NONE', *, *, #4962, .T. ) ;
#600 = CARTESIAN_POINT ( 'NONE',  ( -6.999999999999998224, -6.208545504429656248, 10.00000000000000000 ) ) ;
#601 = CARTESIAN_POINT ( 'NONE',  ( 0.6778348423149911373, -17.35301085792416131, 5.000000000000001776 ) ) ;
#602 = CARTESIAN_POINT ( 'NONE',  ( 27.73941848319152115, 19.27099398849403400, 2.500000000000000000 ) ) ;
#603 = CARTESIAN_POINT ( 'NONE',  ( 25.16401654238957875, 14.24209700771249132, 2.500000000000000000 ) ) ;
#604 = VERTEX_POINT ( 'NONE', #4514 ) ;
#605 = CARTESIAN_POINT ( 'NONE',  ( -5.210256410256410398, -17.71322518807814816, 5.000000000000000000 ) ) ;
#606 = ORIENTED_EDGE ( 'NONE', *, *, #5466, .F. ) ;
#607 = VECTOR ( 'NONE', #5796, 1000.000000000000000 ) ;
#608 = ORIENTED_EDGE ( 'NONE', *, *, #160, .F. ) ;
#609 = VERTEX_POINT ( 'NONE', #2948 ) ;
#610 = VECTOR ( 'NONE', #1382, 1000.000000000000000 ) ;
#611 = DIRECTION ( 'NONE',  ( 0.000000000000000000, -0.000000000000000000, -1.000000000000000000 ) ) ;
#612 = VECTOR ( 'NONE', #4940, 1000.000000000000000 ) ;
#613 = CARTESIAN_POINT ( 'NONE',  ( -1.587500000000001021, -16.10918872974482596, 4.000000000000000000 ) ) ;
#614 = EDGE_CURVE ( 'NONE', #5994, #4388, #6437, .T. ) ;
#615 = AXIS2_PLACEMENT_3D ( 'NONE', #5284, #1873, #1348 ) ;
#616 = CARTESIAN_POINT ( 'NONE',  ( 5.495192307692304823, -17.71322518807815882, 5.000000000000000000 ) ) ;
#617 = EDGE_CURVE ( 'NONE', #1640, #593, #6493, .T. ) ;
#618 = DIRECTION ( 'NONE',  ( -0.000000000000000000, -0.000000000000000000, -1.000000000000000000 ) ) ;
#619 = CARTESIAN_POINT ( 'NONE',  ( 7.000000000000003553, -9.208545504429656248, 6.000000000000000888 ) ) ;
#620 = VECTOR ( 'NONE', #2886, 1000.000000000000000 ) ;
#621 = LINE ( 'NONE', #5667, #1407 ) ;
#622 = ORIENTED_EDGE ( 'NONE', *, *, #703, .F. ) ;
#623 = PLANE ( 'NONE',  #289 ) ;
#624 = CARTESIAN_POINT ( 'NONE',  ( 0.2151256036420169937, -17.00822485306244758, 5.000000000000000888 ) ) ;
#625 = ORIENTED_EDGE ( 'NONE', *, *, #4926, .T. ) ;
#626 = LINE ( 'NONE', #5636, #505 ) ;
#627 = EDGE_CURVE ( 'NONE', #2012, #4054, #1469, .T. ) ;
#628 = DIRECTION ( 'NONE',  ( -0.000000000000000000, -0.000000000000000000, -1.000000000000000000 ) ) ;
#629 = ORIENTED_EDGE ( 'NONE', *, *, #2156, .T. ) ;
#630 = CARTESIAN_POINT ( 'NONE',  ( -22.49999999999998934, -14.49566939831962564, 9.000000000000001776 ) ) ;
#631 = DIRECTION ( 'NONE',  ( -1.479945826284383173E-16, 1.000000000000000000, 0.000000000000000000 ) ) ;
#632 = CARTESIAN_POINT ( 'NONE',  ( 22.49999999999999289, -21.49999999999999289, 5.000000000000000000 ) ) ;
#633 = CARTESIAN_POINT ( 'NONE',  ( -27.74999999999998934, -15.25000000000000178, 9.000000000000001776 ) ) ;
#634 = ORIENTED_EDGE ( 'NONE', *, *, #3567, .T. ) ;
#635 = FACE_BOUND ( 'NONE', #1489, .T. ) ;
#636 = CARTESIAN_POINT ( 'NONE',  ( -4.542860565386882321, 2.791454495570344196, 5.000000000000000000 ) ) ;
#637 = EDGE_CURVE ( 'NONE', #5978, #5099, #5989, .T. ) ;
#638 = CARTESIAN_POINT ( 'NONE',  ( 1.086619042635373233, -16.63111049234407446, 5.000000000000001776 ) ) ;
#639 = ORIENTED_EDGE ( 'NONE', *, *, #5378, .T. ) ;
#640 = CARTESIAN_POINT ( 'NONE',  ( -5.210256410256410398, -15.10809698294994519, 4.000000000000000000 ) ) ;
#641 = ORIENTED_EDGE ( 'NONE', *, *, #5753, .T. ) ;
#642 = CARTESIAN_POINT ( 'NONE',  ( 0.000000000000000000, 0.000000000000000000, 2.500000000000000000 ) ) ;
#643 = ORIENTED_EDGE ( 'NONE', *, *, #2574, .F. ) ;
#644 = EDGE_CURVE ( 'NONE', #2057, #4613, #1148, .T. ) ;
#645 = EDGE_CURVE ( 'NONE', #4462, #1356, #4013, .T. ) ;
#646 = DIRECTION ( 'NONE',  ( -0.000000000000000000, -0.000000000000000000, -1.000000000000000000 ) ) ;
#647 = DIRECTION ( 'NONE',  ( 0.000000000000000000, -0.000000000000000000, 1.000000000000000000 ) ) ;
#648 = DIRECTION ( 'NONE',  ( -0.000000000000000000, 0.000000000000000000, 1.000000000000000000 ) ) ;
#649 = CARTESIAN_POINT ( 'NONE',  ( -5.780128205128205465, -14.53822518807814923, 4.000000000000000000 ) ) ;
#650 = CARTESIAN_POINT ( 'NONE',  ( -0.6784272671684983269, -17.78257353060750035, 3.999999999999999112 ) ) ;
#651 = CARTESIAN_POINT ( 'NONE',  ( -0.9056215674326211218, -17.74168337376050530, 4.000000000000000888 ) ) ;
#652 = CARTESIAN_POINT ( 'NONE',  ( 28.51207079035956227, 16.96115051869449886, 5.000000000000000000 ) ) ;
#653 = ORIENTED_EDGE ( 'NONE', *, *, #5891, .F. ) ;
#654 = LINE ( 'NONE', #2652, #4402 ) ;
#655 = EDGE_CURVE ( 'NONE', #6091, #6004, #4480, .T. ) ;
#656 = CARTESIAN_POINT ( 'NONE',  ( 0.3923545424545350491, -16.79183658148754432, 5.000000000000001776 ) ) ;
#657 = CARTESIAN_POINT ( 'NONE',  ( 30.07210899186226882, 17.76098398388764821, 9.000000000000001776 ) ) ;
#658 = FACE_OUTER_BOUND ( 'NONE', #1127, .T. ) ;
#659 = DIRECTION ( 'NONE',  ( -0.8610380995189045317, 0.5085404518589184963, 0.000000000000000000 ) ) ;
#660 = CYLINDRICAL_SURFACE ( 'NONE', #367, 1.749999999999998002 ) ;
#661 = CARTESIAN_POINT ( 'NONE',  ( 27.75000000000000355, -13.49999999999999467, 5.000000000000000000 ) ) ;
#662 = CARTESIAN_POINT ( 'NONE',  ( -30.26207079035955516, 16.96115051869449175, 5.000000000000000000 ) ) ;
#663 = ORIENTED_EDGE ( 'NONE', *, *, #678, .F. ) ;
#664 = ORIENTED_EDGE ( 'NONE', *, *, #450, .T. ) ;
#665 = DIRECTION ( 'NONE',  ( -0.000000000000000000, -0.000000000000000000, -1.000000000000000000 ) ) ;
#666 = CARTESIAN_POINT ( 'NONE',  ( 0.5300225163811714824, -17.48634633336101629, 5.000000000000000888 ) ) ;
#667 = ORIENTED_EDGE ( 'NONE', *, *, #5846, .F. ) ;
#668 = FACE_OUTER_BOUND ( 'NONE', #3050, .T. ) ;
#669 = ORIENTED_EDGE ( 'NONE', *, *, #1139, .F. ) ;
#670 = ADVANCED_FACE ( 'NONE', ( #5953 ), #1437, .F. ) ;
#671 = CARTESIAN_POINT ( 'NONE',  ( -5.210256410256410398, -15.10809698294994519, 4.000000000000000000 ) ) ;
#672 = ORIENTED_EDGE ( 'NONE', *, *, #5492, .T. ) ;
#673 = VECTOR ( 'NONE', #389, 1000.000000000000000 ) ;
#674 = ADVANCED_FACE ( 'NONE', ( #1400 ), #3411, .T. ) ;
#675 = CYLINDRICAL_SURFACE ( 'NONE', #5844, 1.500000000000001332 ) ;
#676 = VECTOR ( 'NONE', #3597, 1000.000000000000000 ) ;
#677 = CYLINDRICAL_SURFACE ( 'NONE', #2450, 5.000000000000000888 ) ;
#678 = EDGE_CURVE ( 'NONE', #3764, #2586, #878, .T. ) ;
#679 = CARTESIAN_POINT ( 'NONE',  ( 7.000000000000003553, -5.208545504429656248, 10.00000000000000000 ) ) ;
#680 = FACE_OUTER_BOUND ( 'NONE', #1664, .T. ) ;
#681 = VECTOR ( 'NONE', #806, 1000.000000000000000 ) ;
#682 = AXIS2_PLACEMENT_3D ( 'NONE', #5188, #2175, #4732 ) ;
#683 = DIRECTION ( 'NONE',  ( -0.000000000000000000, 0.000000000000000000, 1.000000000000000000 ) ) ;
#684 = CARTESIAN_POINT ( 'NONE',  ( 3.948397435897434526, -14.53822518807815989, 4.000000000000000000 ) ) ;
#685 = ORIENTED_EDGE ( 'NONE', *, *, #6260, .F. ) ;
#686 = PLANE ( 'NONE',  #2817 ) ;
#687 = AXIS2_PLACEMENT_3D ( 'NONE', #4228, #5148, #5711 ) ;
#688 = CIRCLE ( 'NONE', #6158, 4.257139434613116613 ) ;
#689 = CARTESIAN_POINT ( 'NONE',  ( -0.4013083235086211675, -17.22452819423165238, 5.000000000000000888 ) ) ;
#690 = CARTESIAN_POINT ( 'NONE',  ( -4.416506410256410220, -16.26437703102686783, 4.000000000000000000 ) ) ;
#691 = CARTESIAN_POINT ( 'NONE',  ( -2.126810159812754009, -16.44571100181040535, 5.000000000000002665 ) ) ;
#692 = EDGE_CURVE ( 'NONE', #3284, #4101, #4839, .T. ) ;
#693 = AXIS2_PLACEMENT_3D ( 'NONE', #6021, #489, #3017 ) ;
#694 = CARTESIAN_POINT ( 'NONE',  ( 9.800000000000002487, 2.791454495570343752, 6.000000000000016875 ) ) ;
#695 = LINE ( 'NONE', #6161, #3318 ) ;
#696 = PLANE ( 'NONE',  #1540 ) ;
#697 = DIRECTION ( 'NONE',  ( 0.000000000000000000, -0.000000000000000000, -1.000000000000000000 ) ) ;
#698 = ORIENTED_EDGE ( 'NONE', *, *, #5145, .T. ) ;
#699 = ORIENTED_EDGE ( 'NONE', *, *, #2425, .F. ) ;
#700 = ORIENTED_EDGE ( 'NONE', *, *, #4482, .F. ) ;
#701 = ADVANCED_FACE ( 'NONE', ( #1371 ), #3379, .T. ) ;
#702 = CARTESIAN_POINT ( 'NONE',  ( -5.542860565386886762, 2.791454495570344196, 10.00000000000000000 ) ) ;
#703 = EDGE_CURVE ( 'NONE', #4021, #1474, #6050, .T. ) ;
#704 = B_SPLINE_CURVE_WITH_KNOTS ( 'NONE', 3,
 ( #6029, #530, #3025, #6061, #4553, #1539, #3055, #4585, #3924, #1412, #4654, #592, #4152, #126, #195, #62, #3124, #5141, #1119, #2588, #3087, #6157, #691, #4118, #5206, #2725, #3715 ),
 .UNSPECIFIED., .F., .F.,
 ( 4, 1, 1, 1, 1, 1, 1, 1, 1, 1, 1, 1, 1, 1, 1, 1, 1, 1, 1, 1, 1, 1, 1, 1, 4 ),
 ( 0.000000000000000000, 0.04517287879862715710, 0.08954611918494215228, 0.1328127639003588711, 0.1751020071688613178, 0.2170301830540125598, 0.2583804467431636276, 0.2995763167954480499, 0.3407076851203932888, 0.3815382952685203999, 0.4219415929715217839, 0.4621152714130995487, 0.5024333950072059629, 0.5427515186013123216, 0.5834072057629401398, 0.6246627348097930632, 0.6667924017057109687, 0.7089883561164973536, 0.7506859261210357959, 0.7920551107057923756, 0.8332027837492655964, 0.8744393397510762389, 0.9158733303825465910, 0.9576559381140666849, 1.000000000000000000 ),
 .UNSPECIFIED. ) ;
#705 = CARTESIAN_POINT ( 'NONE',  ( 1.139743589743589025, -16.22049181468072376, 4.000000000000000000 ) ) ;
#706 = CARTESIAN_POINT ( 'NONE',  ( -0.4547526041666675178, -14.45681493166790510, 4.000000000000000000 ) ) ;
#707 = ORIENTED_EDGE ( 'NONE', *, *, #2718, .F. ) ;
#708 = CARTESIAN_POINT ( 'NONE',  ( 0.4636568509615375810, -16.65489185474482525, 4.000000000000000000 ) ) ;
#709 = ORIENTED_EDGE ( 'NONE', *, *, #1392, .F. ) ;
#710 = VECTOR ( 'NONE', #5246, 1000.000000000000000 ) ;
#711 = CARTESIAN_POINT ( 'NONE',  ( -4.523840512970987326, -15.68489062534015410, 3.999999999999999112 ) ) ;
#712 = LINE ( 'NONE', #2713, #5737 ) ;
#713 = DIRECTION ( 'NONE',  ( 0.000000000000000000, -0.000000000000000000, -1.000000000000000000 ) ) ;
#714 = LINE ( 'NONE', #809, #1548 ) ;
#715 = AXIS2_PLACEMENT_3D ( 'NONE', #6214, #748, #4771 ) ;
#716 = EDGE_CURVE ( 'NONE', #1113, #985, #5093, .T. ) ;
#717 = CARTESIAN_POINT ( 'NONE',  ( 5.495192307692304823, -17.71322518807815882, 4.000000000000000000 ) ) ;
#718 = CARTESIAN_POINT ( 'NONE',  ( -4.445018968553859473, -15.61343162840686283, 5.000000000000000000 ) ) ;
#719 = ORIENTED_EDGE ( 'NONE', *, *, #4869, .F. ) ;
#720 = CARTESIAN_POINT ( 'NONE',  ( -1.587500000000001021, -16.10918872974482596, 5.000000000000000000 ) ) ;
#721 = CIRCLE ( 'NONE', #5558, 1.749999999999998002 ) ;
#722 = CARTESIAN_POINT ( 'NONE',  ( -1.586556749207124861, -16.07224460480562911, 4.000000000000000888 ) ) ;
#723 = CARTESIAN_POINT ( 'NONE',  ( -19.99999999999999645, -5.772077938642127037, 0.000000000000000000 ) ) ;
#724 = DIRECTION ( 'NONE',  ( 0.5429117819417186297, -0.8397897338196435024, 0.000000000000000000 ) ) ;
#725 = VECTOR ( 'NONE', #4015, 1000.000000000000000 ) ;
#726 = CLOSED_SHELL ( 'NONE', ( #4119, #1369, #6512, #230, #6171, #4412, #1948, #5681, #2334, #4180, #6451, #5066, #84, #4533, #2592, #4073, #5909, #2795, #5407, #5544, #3550, #1277, #2969, #871, #3915, #2111, #3600, #4410, #2960, #6024, #6017, #2257, #6009, #3960, #2828, #331, #3101, #2698, #4144, #3502, #6450, #1291, #6106, #112, #1713, #3687, #5699, #3935, #5471, #5192, #4495, #5968, #4766, #6248, #439, #3041, #3239, #6069, #2636, #2943, #4037, #1165, #1350, #4382, #1855, #5873, #3711, #5750, #5085, #1557, #6204, #421, #5409, #208, #1066, #1550, #3544, #1238, #4493, #5291, #1093, #5299, #2315, #2127, #2656, #5715, #1908, #3060, #3258, #1157, #179, #5023, #5921, #913, #1697, #498, #1828, #5269, #1651, #4886, #6466, #1611, #2007, #3902, #2804, #5310, #3717, #1235, #2558, #3311, #1591, #1471, #215, #213, #868, #569, #3813, #1845, #670, #5731, #1712, #6388, #1575, #1321, #3446, #2533, #2278, #1477, #3026, #6231, #4335, #4003, #6027, #6326, #1032, #4458, #3247, #2978, #4640, #6, #6287, #3432, #1632, #2347, #3348, #6385, #4187, #6421, #4211, #5034, #5783, #2174, #674, #2507, #1973, #2032, #5856, #4121, #3063, #5488, #3468, #4948, #3326, #3204, #3925, #701, #3303, #756, #311, #2711, #3477, #1977, #6306, #3775, #5561, #1790, #1161, #6366, #307, #2802, #6439 ) ) ;
#727 = CARTESIAN_POINT ( 'NONE',  ( -5.210256410256410398, -16.32925082910378833, 5.000000000000000000 ) ) ;
#728 = LINE ( 'NONE', #853, #39 ) ;
#729 = LINE ( 'NONE', #4753, #5239 ) ;
#730 = LINE ( 'NONE', #1125, #1000 ) ;
#731 = VERTEX_POINT ( 'NONE', #3542 ) ;
#732 = ORIENTED_EDGE ( 'NONE', *, *, #3509, .F. ) ;
#733 = CARTESIAN_POINT ( 'NONE',  ( -22.49999999999999289, -21.50000000000000000, 9.000000000000001776 ) ) ;
#734 = DIRECTION ( 'NONE',  ( 0.000000000000000000, -0.000000000000000000, -1.000000000000000000 ) ) ;
#735 = VERTEX_POINT ( 'NONE', #149 ) ;
#736 = CARTESIAN_POINT ( 'NONE',  ( 0.09160124233538076421, -17.71826953228604751, 4.000000000000000888 ) ) ;
#737 = EDGE_CURVE ( 'NONE', #4619, #301, #3677, .T. ) ;
#738 = DIRECTION ( 'NONE',  ( -1.000000000000000000, 0.000000000000000000, 0.000000000000000000 ) ) ;
#739 = EDGE_CURVE ( 'NONE', #3817, #1357, #5129, .T. ) ;
#740 = VERTEX_POINT ( 'NONE', #2154 ) ;
#741 = CARTESIAN_POINT ( 'NONE',  ( -24.99999999999999645, 17.50000000000000000, 9.000000000000001776 ) ) ;
#742 = ORIENTED_EDGE ( 'NONE', *, *, #5425, .F. ) ;
#743 = ORIENTED_EDGE ( 'NONE', *, *, #2275, .T. ) ;
#744 = CARTESIAN_POINT ( 'NONE',  ( 25.33369296624130840, 22.34263864068764249, 9.000000000000001776 ) ) ;
#745 = CARTESIAN_POINT ( 'NONE',  ( -5.210256410256410398, -15.10809698294994519, 5.000000000000000000 ) ) ;
#746 = CARTESIAN_POINT ( 'NONE',  ( 0.3923545424545350491, -16.79183658148754432, 5.000000000000001776 ) ) ;
#747 = ORIENTED_EDGE ( 'NONE', *, *, #2924, .F. ) ;
#748 = DIRECTION ( 'NONE',  ( -0.8660254037844383745, -0.5000000000000004441, 0.000000000000000000 ) ) ;
#749 = CARTESIAN_POINT ( 'NONE',  ( -4.601928236847449227, -15.71775222769595715, 5.000000000000000888 ) ) ;
#750 = VERTEX_POINT ( 'NONE', #5197 ) ;
#751 = CARTESIAN_POINT ( 'NONE',  ( -0.4706530448717958781, -15.02668672653969750, 4.000000000000000000 ) ) ;
#752 = LINE ( 'NONE', #3883, #1506 ) ;
#753 = EDGE_CURVE ( 'NONE', #577, #5540, #1070, .T. ) ;
#754 = CARTESIAN_POINT ( 'NONE',  ( -23.49999999999999645, -17.50000000000000000, 9.000000000000001776 ) ) ;
#755 = DIRECTION ( 'NONE',  ( -0.000000000000000000, 0.000000000000000000, 1.000000000000000000 ) ) ;
#756 = ADVANCED_FACE ( 'NONE', ( #680 ), #3842, .T. ) ;
#757 = CARTESIAN_POINT ( 'NONE',  ( -5.016907051282050389, -16.32925082910378833, 4.000000000000000000 ) ) ;
#758 = DIRECTION ( 'NONE',  ( -0.000000000000000000, -0.000000000000000000, -1.000000000000000000 ) ) ;
#759 = ORIENTED_EDGE ( 'NONE', *, *, #5672, .F. ) ;
#760 = FACE_OUTER_BOUND ( 'NONE', #3135, .T. ) ;
#761 = LINE ( 'NONE', #2764, #4884 ) ;
#762 = ORIENTED_EDGE ( 'NONE', *, *, #3629, .T. ) ;
#763 = DIRECTION ( 'NONE',  ( -1.000000000000000000, 0.000000000000000000, 0.000000000000000000 ) ) ;
#764 = LINE ( 'NONE', #2768, #4086 ) ;
#765 = ORIENTED_EDGE ( 'NONE', *, *, #499, .F. ) ;
#766 = FILL_AREA_STYLE ('',( #3269 ) ) ;
#767 = CARTESIAN_POINT ( 'NONE',  ( -0.4013083235086211675, -17.22452819423165238, 4.000000000000000888 ) ) ;
#768 = EDGE_LOOP ( 'NONE', ( #97, #5088, #5657, #1171 ) ) ;
#769 = LINE ( 'NONE', #4237, #573 ) ;
#770 = ORIENTED_EDGE ( 'NONE', *, *, #4204, .F. ) ;
#771 = EDGE_CURVE ( 'NONE', #397, #1132, #6114, .T. ) ;
#772 = CARTESIAN_POINT ( 'NONE',  ( -4.396153846153846523, -15.43246597333456194, 4.000000000000000888 ) ) ;
#773 = DIRECTION ( 'NONE',  ( 0.5085404518589193845, 0.8610380995189039766, 0.000000000000000000 ) ) ;
#774 = CARTESIAN_POINT ( 'NONE',  ( 15.00000000000000533, 5.949455682166683523, 5.000000000000000000 ) ) ;
#775 = VERTEX_POINT ( 'NONE', #279 ) ;
#776 = CARTESIAN_POINT ( 'NONE',  ( -1.587500000000001021, -16.10918872974482596, 4.000000000000000000 ) ) ;
#777 = ORIENTED_EDGE ( 'NONE', *, *, #4747, .T. ) ;
#778 = CIRCLE ( 'NONE', #462, 1.257139434613111950 ) ;
#779 = CARTESIAN_POINT ( 'NONE',  ( -0.4547526041666675178, -14.45681493166790510, 5.000000000000000000 ) ) ;
#780 = ORIENTED_EDGE ( 'NONE', *, *, #3705, .F. ) ;
#781 = CARTESIAN_POINT ( 'NONE',  ( 4.355448717948715576, -15.10809698294995584, 4.000000000000000000 ) ) ;
#782 = CARTESIAN_POINT ( 'NONE',  ( -4.620576031928705696, -15.14330935764022890, 4.999999999999999112 ) ) ;
#783 = VECTOR ( 'NONE', #4467, 1000.000000000000114 ) ;
#784 = CARTESIAN_POINT ( 'NONE',  ( -4.404386434994036037, -14.60690757761560121, 4.000000000000000000 ) ) ;
#785 = FACE_OUTER_BOUND ( 'NONE', #1809, .T. ) ;
#786 = CARTESIAN_POINT ( 'NONE',  ( -2.101372368549947023, -15.65932615770141645, 5.000000000000000000 ) ) ;
#787 = AXIS2_PLACEMENT_3D ( 'NONE', #633, #133, #2133 ) ;
#788 = VECTOR ( 'NONE', #6266, 1000.000000000000000 ) ;
#789 = DIRECTION ( 'NONE',  ( -0.000000000000000000, -0.000000000000000000, 1.000000000000000000 ) ) ;
#790 = EDGE_LOOP ( 'NONE', ( #2434, #6108, #4278, #121, #3918, #366 ) ) ;
#791 = CARTESIAN_POINT ( 'NONE',  ( -0.6978361426892959463, -15.04450368638769397, 5.000000000000001776 ) ) ;
#792 = DIRECTION ( 'NONE',  ( -1.000000000000000000, 2.127171113256150401E-15, -0.000000000000000000 ) ) ;
#793 = EDGE_CURVE ( 'NONE', #535, #3817, #2251, .T. ) ;
#794 = ORIENTED_EDGE ( 'NONE', *, *, #3493, .T. ) ;
#795 = PLANE ( 'NONE',  #4417 ) ;
#796 = AXIS2_PLACEMENT_3D ( 'NONE', #6422, #1543, #929 ) ;
#797 = CYLINDRICAL_SURFACE ( 'NONE', #4303, 1.000000000000000888 ) ;
#798 = ORIENTED_EDGE ( 'NONE', *, *, #863, .F. ) ;
#799 = EDGE_CURVE ( 'NONE', #4357, #3553, #2220, .T. ) ;
#800 = CARTESIAN_POINT ( 'NONE',  ( -25.16401654238957875, 14.24209700771249132, 2.500000000000000000 ) ) ;
#801 = DIRECTION ( 'NONE',  ( -0.000000000000000000, -0.000000000000000000, 1.000000000000000000 ) ) ;
#802 = ORIENTED_EDGE ( 'NONE', *, *, #2878, .F. ) ;
#803 = ORIENTED_EDGE ( 'NONE', *, *, #3487, .T. ) ;
#804 = B_SPLINE_CURVE_WITH_KNOTS ( 'NONE', 3,
 ( #6064, #1417, #3558, #3962, #6454, #2995, #435, #5014, #4459, #1055, #500, #3526, #3058, #3927, #1452, #5709, #99, #6197, #561, #3718, #3192, #2202, #2659, #4090, #3226, #165, #66 ),
 .UNSPECIFIED., .F., .F.,
 ( 4, 1, 1, 1, 1, 1, 1, 1, 1, 1, 1, 1, 1, 1, 1, 1, 1, 1, 1, 1, 1, 1, 1, 1, 4 ),
 ( 0.000000000000000000, 0.04195372266421871360, 0.08383257525769682861, 0.1253224468957348514, 0.1668154700621970465, 0.2084751830704548725, 0.2506434167191428641, 0.2930936687606691682, 0.3364423456538537804, 0.3795937467411215627, 0.4216564160417499707, 0.4629884048755588677, 0.5037180680597168614, 0.5438632444771041019, 0.5836082316923879576, 0.6231429243126040962, 0.6630127359613448013, 0.7029317129670360487, 0.7428875242888828279, 0.7836516854457782344, 0.8248505851518200815, 0.8669256875343537283, 0.9100657235186396798, 0.9542124608440872846, 0.9999999999999998890 ),
 .UNSPECIFIED. ) ;
#805 = DIRECTION ( 'NONE',  ( -0.000000000000000000, -0.000000000000000000, -1.000000000000000000 ) ) ;
#806 = DIRECTION ( 'NONE',  ( -0.000000000000000000, -0.000000000000000000, -1.000000000000000000 ) ) ;
#807 = CARTESIAN_POINT ( 'NONE',  ( 0.1643420549088633331, -17.05045728627539958, 4.999999999999999112 ) ) ;
#808 = EDGE_LOOP ( 'NONE', ( #3158, #5533, #2554, #4744 ) ) ;
#809 = CARTESIAN_POINT ( 'NONE',  ( 4.925320512820510643, -17.71322518807815882, 5.000000000000000000 ) ) ;
#810 = DIRECTION ( 'NONE',  ( 1.000000000000000000, 0.000000000000000000, 0.000000000000000000 ) ) ;
#811 = DIRECTION ( 'NONE',  ( 0.000000000000000000, 0.000000000000000000, -1.000000000000000000 ) ) ;
#812 = EDGE_CURVE ( 'NONE', #5099, #5122, #2716, .T. ) ;
#813 = AXIS2_PLACEMENT_3D ( 'NONE', #501, #5049, #4529 ) ;
#814 = CARTESIAN_POINT ( 'NONE',  ( -4.416506410256410220, -16.26437703102686783, 4.000000000000000000 ) ) ;
#815 = EDGE_CURVE ( 'NONE', #1019, #1416, #935, .T. ) ;
#816 = AXIS2_PLACEMENT_3D ( 'NONE', #451, #6476, #2914 ) ;
#817 = CARTESIAN_POINT ( 'NONE',  ( -28.51207079035955516, 16.96115051869449175, 9.000000000000001776 ) ) ;
#818 = CARTESIAN_POINT ( 'NONE',  ( -7.999999999999986677, -6.208545504429656248, 5.000000000000000000 ) ) ;
#819 = CARTESIAN_POINT ( 'NONE',  ( -2.031757593197101031, -16.76500438032257634, 4.999999999999992006 ) ) ;
#820 = VECTOR ( 'NONE', #6404, 1000.000000000000000 ) ;
#821 = DIRECTION ( 'NONE',  ( 0.000000000000000000, -1.000000000000000000, 0.000000000000000000 ) ) ;
#822 = EDGE_LOOP ( 'NONE', ( #6480, #2169, #4017, #5058, #3599, #6259, #80, #4282 ) ) ;
#823 = FACE_OUTER_BOUND ( 'NONE', #563, .T. ) ;
#824 = CARTESIAN_POINT ( 'NONE',  ( -8.799999999999998934, 2.791454495570343752, 5.000000000000000000 ) ) ;
#825 = EDGE_LOOP ( 'NONE', ( #1515, #465, #3745, #3253 ) ) ;
#826 = VECTOR ( 'NONE', #2087, 1000.000000000000114 ) ;
#827 = DIRECTION ( 'NONE',  ( -0.000000000000000000, -0.000000000000000000, -1.000000000000000000 ) ) ;
#828 = VECTOR ( 'NONE', #1508, 1000.000000000000000 ) ;
#829 = FACE_OUTER_BOUND ( 'NONE', #2010, .T. ) ;
#830 = AXIS2_PLACEMENT_3D ( 'NONE', #4854, #2861, #3329 ) ;
#831 = ORIENTED_EDGE ( 'NONE', *, *, #4264, .T. ) ;
#832 = CARTESIAN_POINT ( 'NONE',  ( 5.495192307692304823, -15.10809698294995584, 4.000000000000000000 ) ) ;
#833 = VECTOR ( 'NONE', #3913, 1000.000000000000000 ) ;
#834 = ORIENTED_EDGE ( 'NONE', *, *, #2408, .F. ) ;
#835 = VERTEX_POINT ( 'NONE', #776 ) ;
#836 = EDGE_CURVE ( 'NONE', #1545, #5517, #4840, .T. ) ;
#837 = ORIENTED_EDGE ( 'NONE', *, *, #4663, .T. ) ;
#838 = CARTESIAN_POINT ( 'NONE',  ( 0.6222935443772469322, -14.77931125610864171, 5.000000000000000888 ) ) ;
#839 = CARTESIAN_POINT ( 'NONE',  ( -19.99999999999999645, -5.772077938642127037, 5.000000000000000000 ) ) ;
#840 = CARTESIAN_POINT ( 'NONE',  ( -5.999999999999997335, -4.208545504429667794, 5.000000000000000000 ) ) ;
#841 = CARTESIAN_POINT ( 'NONE',  ( 0.2151256036420169937, -17.00822485306244758, 5.000000000000000888 ) ) ;
#842 = ORIENTED_EDGE ( 'NONE', *, *, #5486, .T. ) ;
#843 = CARTESIAN_POINT ( 'NONE',  ( 20.81324294376706163, 19.67280126842832289, 5.000000000000000000 ) ) ;
#844 = ORIENTED_EDGE ( 'NONE', *, *, #5046, .T. ) ;
#845 = EDGE_CURVE ( 'NONE', #6340, #1878, #6339, .T. ) ;
#846 = CARTESIAN_POINT ( 'NONE',  ( 7.000000000000003553, -6.208545504429656248, 6.000000000000000888 ) ) ;
#847 = CARTESIAN_POINT ( 'NONE',  ( -0.4706530448717958781, -15.02668672653969750, 5.000000000000000000 ) ) ;
#848 = CARTESIAN_POINT ( 'NONE',  ( 19.19238815542513166, -12.03553390593273242, 0.000000000000000000 ) ) ;
#849 = CARTESIAN_POINT ( 'NONE',  ( -4.754285971661861510, -14.54998608670966931, 4.000000000000000888 ) ) ;
#850 = CARTESIAN_POINT ( 'NONE',  ( -0.4477564102564112192, -16.65489185474482525, 4.000000000000000000 ) ) ;
#851 = EDGE_CURVE ( 'NONE', #1783, #3756, #2707, .T. ) ;
#852 = DIRECTION ( 'NONE',  ( -0.000000000000000000, -0.000000000000000000, -1.000000000000000000 ) ) ;
#853 = CARTESIAN_POINT ( 'NONE',  ( -28.26202902092138913, -17.50000000000000711, 2.500000000000000000 ) ) ;
#854 = DIRECTION ( 'NONE',  ( -0.8397897338196435024, 0.5429117819417187407, -0.000000000000000000 ) ) ;
#855 = DIRECTION ( 'NONE',  ( 0.05028052826558230409, -0.9987351342960424372, 0.000000000000000000 ) ) ;
#856 = ORIENTED_EDGE ( 'NONE', *, *, #3160, .T. ) ;
#857 = FACE_BOUND ( 'NONE', #1100, .T. ) ;
#858 = CARTESIAN_POINT ( 'NONE',  ( -27.73941848319152115, 19.27099398849403400, 0.000000000000000000 ) ) ;
#859 = ORIENTED_EDGE ( 'NONE', *, *, #3351, .F. ) ;
#860 = SURFACE_SIDE_STYLE ('',( #5874 ) ) ;
#861 = CARTESIAN_POINT ( 'NONE',  ( 0.1643420549088633331, -17.05045728627539958, 3.999999999999999112 ) ) ;
#862 = ORIENTED_EDGE ( 'NONE', *, *, #5785, .T. ) ;
#863 = EDGE_CURVE ( 'NONE', #1976, #2835, #5365, .T. ) ;
#864 = ORIENTED_EDGE ( 'NONE', *, *, #3632, .T. ) ;
#865 = B_SPLINE_CURVE_WITH_KNOTS ( 'NONE', 3,
 ( #2290, #346, #2753, #2789, #6316, #4379, #2821, #1857, #1214, #3221, #4321 ),
 .UNSPECIFIED., .F., .F.,
 ( 4, 1, 1, 1, 1, 1, 1, 1, 4 ),
 ( 0.000000000000000000, 0.1117990193876810812, 0.2273961124226544228, 0.3456566425208962845, 0.4673998441801986981, 0.5942080136976000126, 0.7246775297613277100, 0.8596471198548495396, 0.9999999999999998890 ),
 .UNSPECIFIED. ) ;
#866 = DIRECTION ( 'NONE',  ( 0.000000000000000000, 0.000000000000000000, 1.000000000000000000 ) ) ;
#867 = DIRECTION ( 'NONE',  ( -0.000000000000000000, -0.000000000000000000, -1.000000000000000000 ) ) ;
#868 = ADVANCED_FACE ( 'NONE', ( #3310 ), #183, .F. ) ;
#869 = FACE_OUTER_BOUND ( 'NONE', #517, .T. ) ;
#870 = CARTESIAN_POINT ( 'NONE',  ( 0.6778348423149911373, -17.35301085792416131, 5.000000000000000888 ) ) ;
#871 = ADVANCED_FACE ( 'NONE', ( #1208 ), #4346, .F. ) ;
#872 = ORIENTED_EDGE ( 'NONE', *, *, #5753, .F. ) ;
#873 = DIRECTION ( 'NONE',  ( -0.000000000000000000, -0.000000000000000000, -1.000000000000000000 ) ) ;
#874 = EDGE_CURVE ( 'NONE', #2468, #994, #2783, .T. ) ;
#875 = CARTESIAN_POINT ( 'NONE',  ( -3.881052035110090337, -15.10678822944700350, 4.999999999999993783 ) ) ;
#876 = CYLINDRICAL_SURFACE ( 'NONE', #3344, 5.000000000000000888 ) ;
#877 = CARTESIAN_POINT ( 'NONE',  ( -3.845088002972242069, -15.23314660543094057, 4.999999999999999112 ) ) ;
#878 = LINE ( 'NONE', #6018, #2929 ) ;
#879 = AXIS2_PLACEMENT_3D ( 'NONE', #5281, #4330, #2798 ) ;
#880 = DIRECTION ( 'NONE',  ( -1.000000000000000000, 0.000000000000000000, -0.000000000000000000 ) ) ;
#881 = B_SPLINE_CURVE_WITH_KNOTS ( 'NONE', 3,
 ( #3793, #3361, #5381, #4788, #264, #2270, #6485, #1966, #2990, #1538, #4052 ),
 .UNSPECIFIED., .F., .F.,
 ( 4, 1, 1, 1, 1, 1, 1, 1, 4 ),
 ( 0.000000000000000000, 0.1344469729957881721, 0.2638071572604064330, 0.3892412375756161280, 0.5114964050416203056, 0.6324272219006815687, 0.7534387150183178283, 0.8752597545988095584, 1.000000000000000000 ),
 .UNSPECIFIED. ) ;
#882 = CARTESIAN_POINT ( 'NONE',  ( 6.065064102564100779, -15.10809698294995584, 4.000000000000000000 ) ) ;
#883 = DIRECTION ( 'NONE',  ( -0.000000000000000000, -0.000000000000000000, 1.000000000000000000 ) ) ;
#884 = CARTESIAN_POINT ( 'NONE',  ( -1.587500000000001021, -16.10918872974482596, 5.000000000000000000 ) ) ;
#885 = VECTOR ( 'NONE', #154, 1000.000000000000000 ) ;
#886 = AXIS2_PLACEMENT_3D ( 'NONE', #4600, #542, #6107 ) ;
#887 = DIRECTION ( 'NONE',  ( -0.000000000000000000, 0.000000000000000000, -1.000000000000000000 ) ) ;
#888 = EDGE_LOOP ( 'NONE', ( #528, #1314, #4655, #3857 ) ) ;
#889 = FACE_OUTER_BOUND ( 'NONE', #2868, .T. ) ;
#890 = DIRECTION ( 'NONE',  ( 0.000000000000000000, -1.000000000000000000, 0.000000000000000000 ) ) ;
#891 = VECTOR ( 'NONE', #1461, 1000.000000000000000 ) ;
#892 = CIRCLE ( 'NONE', #6464, 5.000000000000000888 ) ;
#893 = VERTEX_POINT ( 'NONE', #5268 ) ;
#894 = DIRECTION ( 'NONE',  ( -0.8610380995189043096, -0.5085404518589188294, 0.000000000000000000 ) ) ;
#895 = CARTESIAN_POINT ( 'NONE',  ( -14.99999999999999645, -5.772077938642127037, 5.000000000000000000 ) ) ;
#896 = EDGE_CURVE ( 'NONE', #5692, #5540, #4830, .T. ) ;
#897 = ORIENTED_EDGE ( 'NONE', *, *, #10, .T. ) ;
#898 = AXIS2_PLACEMENT_3D ( 'NONE', #3593, #3727, #5746 ) ;
#899 = B_SPLINE_SURFACE_WITH_KNOTS ( 'NONE', 3, 1, ( 
 ( #5470, #4019 ),
 ( #6416, #1018 ),
 ( #3021, #527 ),
 ( #2518, #4550 ),
 ( #25, #429 ),
 ( #2022, #1899 ),
 ( #6058, #1409 ),
 ( #5437, #923 ),
 ( #2923, #4946 ),
 ( #3646, #4221 ),
 ( #3188, #5203 ),
 ( #1216, #5240 ),
 ( #1637, #4581 ),
 ( #123, #2623 ),
 ( #93, #2196 ),
 ( #4681, #4115 ),
 ( #4716, #4618 ),
 ( #722, #2123 ),
 ( #2092, #192 ) ),
 .UNSPECIFIED., .F., .F., .F.,
 ( 4, 1, 1, 1, 1, 1, 1, 1, 1, 1, 1, 1, 1, 1, 1, 1, 4 ),
 ( 2, 2 ),
 ( 0.000000000000000000, 0.06718757354736738796, 0.1319286902789449656, 0.1951888472476513980, 0.2571283310395818256, 0.3188425934467536416, 0.3804925116413721553, 0.4432187279583991724, 0.5071253041351038160, 0.5707121370126607696, 0.6324819649837610802, 0.6932526949398444271, 0.7531313290707890573, 0.8134576601575654875, 0.8738631107010343957, 0.9361102679396072768, 1.000000000000000000 ),
 ( 0.000000000000000000, 1.000000000000000000 ),
 .UNSPECIFIED. ) ;
#900 = ORIENTED_EDGE ( 'NONE', *, *, #4446, .T. ) ;
#901 = EDGE_CURVE ( 'NONE', #4613, #2400, #3805, .T. ) ;
#902 = VECTOR ( 'NONE', #2120, 1000.000000000000114 ) ;
#903 = CARTESIAN_POINT ( 'NONE',  ( -5.210256410256410398, -17.71322518807814816, 4.000000000000000000 ) ) ;
#904 = DIRECTION ( 'NONE',  ( -0.5085404518589194955, -0.8610380995189039766, 0.000000000000000000 ) ) ;
#905 = EDGE_CURVE ( 'NONE', #6397, #5927, #2191, .T. ) ;
#906 = CARTESIAN_POINT ( 'NONE',  ( 5.495192307692304823, -17.71322518807815882, 4.000000000000000000 ) ) ;
#907 = CARTESIAN_POINT ( 'NONE',  ( 1.110276616292767304, -16.53045069420640090, 4.999999999999999112 ) ) ;
#908 = ORIENTED_EDGE ( 'NONE', *, *, #3429, .T. ) ;
#909 = EDGE_CURVE ( 'NONE', #2997, #6244, #6241, .T. ) ;
#910 = DIRECTION ( 'NONE',  ( -0.000000000000000000, -0.000000000000000000, 1.000000000000000000 ) ) ;
#911 = CARTESIAN_POINT ( 'NONE',  ( -3.904711946923277388, -15.04694803077888210, 4.000000000000000888 ) ) ;
#912 = DIRECTION ( 'NONE',  ( -0.000000000000000000, -0.000000000000000000, -1.000000000000000000 ) ) ;
#913 = ADVANCED_FACE ( 'NONE', ( #5234 ), #1297, .F. ) ;
#914 = PLANE ( 'NONE',  #4038 ) ;
#915 = CARTESIAN_POINT ( 'NONE',  ( -0.4706530448717958781, -15.02668672653969750, 4.000000000000000000 ) ) ;
#916 = EDGE_CURVE ( 'NONE', #985, #4001, #714, .T. ) ;
#917 = DIRECTION ( 'NONE',  ( -0.000000000000000000, -0.000000000000000000, -1.000000000000000000 ) ) ;
#918 = CARTESIAN_POINT ( 'NONE',  ( -2.727243589743591379, -14.53822518807815989, 5.000000000000000000 ) ) ;
#919 = AXIS2_PLACEMENT_3D ( 'NONE', #1311, #5280, #3854 ) ;
#920 = CARTESIAN_POINT ( 'NONE',  ( 0.4636568509615375810, -16.65489185474482525, 4.000000000000000000 ) ) ;
#921 = ORIENTED_EDGE ( 'NONE', *, *, #2156, .F. ) ;
#922 = FACE_OUTER_BOUND ( 'NONE', #1359, .T. ) ;
#923 = CARTESIAN_POINT ( 'NONE',  ( -1.098038976398268529, -15.20291703840947406, 4.999999999999998224 ) ) ;
#924 = ORIENTED_EDGE ( 'NONE', *, *, #1373, .T. ) ;
#925 = CARTESIAN_POINT ( 'NONE',  ( -4.493261334243715766, -15.66418284835249430, 4.999999999999992006 ) ) ;
#926 = DIRECTION ( 'NONE',  ( -0.000000000000000000, -0.000000000000000000, -1.000000000000000000 ) ) ;
#927 = VECTOR ( 'NONE', #136, 1000.000000000000000 ) ;
#928 = EDGE_LOOP ( 'NONE', ( #5573, #732, #2994, #571 ) ) ;
#929 = DIRECTION ( 'NONE',  ( 0.000000000000000000, -0.000000000000000000, 1.000000000000000000 ) ) ;
#930 = DIRECTION ( 'NONE',  ( 1.000000000000000000, 0.000000000000000000, 0.000000000000000000 ) ) ;
#931 = ORIENTED_EDGE ( 'NONE', *, *, #4907, .T. ) ;
#932 = CIRCLE ( 'NONE', #2710, 1.000000000000004441 ) ;
#933 = VECTOR ( 'NONE', #2329, 1000.000000000000000 ) ;
#934 = ORIENTED_EDGE ( 'NONE', *, *, #4510, .F. ) ;
#935 = CIRCLE ( 'NONE', #304, 1.750000000000001554 ) ;
#936 = DIRECTION ( 'NONE',  ( -0.000000000000000000, -0.000000000000000000, -1.000000000000000000 ) ) ;
#937 = CARTESIAN_POINT ( 'NONE',  ( -4.345293898227679641, -16.23779630668430229, 5.000000000000000888 ) ) ;
#938 = EDGE_CURVE ( 'NONE', #2850, #731, #4720, .T. ) ;
#939 = LINE ( 'NONE', #6010, #891 ) ;
#940 = EDGE_LOOP ( 'NONE', ( #1729, #4850, #5285, #3148, #4172, #3121, #4461, #4548, #3470 ) ) ;
#941 = VECTOR ( 'NONE', #4341, 1000.000000000000114 ) ;
#942 = LINE ( 'NONE', #1463, #5204 ) ;
#943 = ORIENTED_EDGE ( 'NONE', *, *, #4617, .T. ) ;
#944 = VERTEX_POINT ( 'NONE', #5297 ) ;
#945 = LINE ( 'NONE', #3978, #4993 ) ;
#946 = CARTESIAN_POINT ( 'NONE',  ( -1.077298729060606419, -17.04342901149511746, 4.000000000000000000 ) ) ;
#947 = CARTESIAN_POINT ( 'NONE',  ( -3.904711946923277388, -15.04694803077888210, 5.000000000000000888 ) ) ;
#948 = CARTESIAN_POINT ( 'NONE',  ( -5.999999999999997335, -5.208545504429655360, 10.00000000000000000 ) ) ;
#949 = DIRECTION ( 'NONE',  ( -0.000000000000000000, -0.000000000000000000, -1.000000000000000000 ) ) ;
#950 = CARTESIAN_POINT ( 'NONE',  ( -3.972728683737107858, -15.95326243232965346, 4.000000000000000888 ) ) ;
#951 = DIRECTION ( 'NONE',  ( 0.000000000000000000, 1.000000000000000000, 0.000000000000000000 ) ) ;
#952 = ORIENTED_EDGE ( 'NONE', *, *, #845, .F. ) ;
#953 = DIRECTION ( 'NONE',  ( -0.000000000000000000, 0.000000000000000000, 1.000000000000000000 ) ) ;
#954 = EDGE_CURVE ( 'NONE', #5322, #2121, #3035, .T. ) ;
#955 = CARTESIAN_POINT ( 'NONE',  ( 0.04201984716301995770, -14.51428896185825224, 5.000000000000000000 ) ) ;
#956 = ORIENTED_EDGE ( 'NONE', *, *, #1183, .T. ) ;
#957 = EDGE_CURVE ( 'NONE', #2633, #1199, #3064, .T. ) ;
#958 = CARTESIAN_POINT ( 'NONE',  ( -5.210256410256410398, -15.10809698294994519, 4.000000000000000000 ) ) ;
#959 = LINE ( 'NONE', #3994, #2919 ) ;
#960 = ORIENTED_EDGE ( 'NONE', *, *, #977, .F. ) ;
#961 = FACE_OUTER_BOUND ( 'NONE', #202, .T. ) ;
#962 = CARTESIAN_POINT ( 'NONE',  ( -1.090818994479551218, -14.56205269406144787, 3.999999999999999112 ) ) ;
#963 = ORIENTED_EDGE ( 'NONE', *, *, #3272, .F. ) ;
#964 = ORIENTED_EDGE ( 'NONE', *, *, #3855, .F. ) ;
#965 = CARTESIAN_POINT ( 'NONE',  ( -5.210256410256410398, -15.75937903423199593, 5.000000000000000000 ) ) ;
#966 = CARTESIAN_POINT ( 'NONE',  ( -4.416506410256410220, -16.26437703102686783, 5.000000000000000000 ) ) ;
#967 = CARTESIAN_POINT ( 'NONE',  ( 22.72792206135787296, -13.50000000000000355, 0.000000000000000000 ) ) ;
#968 = VERTEX_POINT ( 'NONE', #3940 ) ;
#969 = CARTESIAN_POINT ( 'NONE',  ( 2.279487179487178050, -15.75937903423200659, 4.000000000000000000 ) ) ;
#970 = ORIENTED_EDGE ( 'NONE', *, *, #1373, .F. ) ;
#971 = EDGE_CURVE ( 'NONE', #3434, #3171, #4096, .T. ) ;
#972 = VERTEX_POINT ( 'NONE', #538 ) ;
#973 = CARTESIAN_POINT ( 'NONE',  ( 0.9152293669871784942, -15.04322318487303178, 4.000000000000000000 ) ) ;
#974 = FACE_OUTER_BOUND ( 'NONE', #5402, .T. ) ;
#975 = FACE_OUTER_BOUND ( 'NONE', #2375, .T. ) ;
#976 = EDGE_CURVE ( 'NONE', #1836, #4272, #2343, .T. ) ;
#977 = EDGE_CURVE ( 'NONE', #6091, #835, #3447, .T. ) ;
#978 = DIRECTION ( 'NONE',  ( -0.000000000000000000, -0.000000000000000000, 1.000000000000000000 ) ) ;
#979 = CARTESIAN_POINT ( 'NONE',  ( -7.999999999999986677, -6.208545504429656248, 5.000000000000000000 ) ) ;
#980 = CARTESIAN_POINT ( 'NONE',  ( -1.403372629974333430, -14.71863784045357981, 5.000000000000000888 ) ) ;
#981 = DIRECTION ( 'NONE',  ( 1.000000000000000000, 0.000000000000000000, 0.000000000000000000 ) ) ;
#982 = ORIENTED_EDGE ( 'NONE', *, *, #1123, .T. ) ;
#983 = CARTESIAN_POINT ( 'NONE',  ( -4.887770599336987765, -15.10966402539352416, 3.999999999999999112 ) ) ;
#984 = CARTESIAN_POINT ( 'NONE',  ( -0.2516596594728344738, -14.46563862997375338, 4.999999999999997335 ) ) ;
#985 = VERTEX_POINT ( 'NONE', #2849 ) ;
#986 = VECTOR ( 'NONE', #4277, 1000.000000000000000 ) ;
#987 = CARTESIAN_POINT ( 'NONE',  ( 9.800000000000002487, 2.791454495570343752, 10.00000000000000000 ) ) ;
#988 = DIRECTION ( 'NONE',  ( 1.000000000000000000, -0.000000000000000000, 0.000000000000000000 ) ) ;
#989 = ORIENTED_EDGE ( 'NONE', *, *, #127, .T. ) ;
#990 = VECTOR ( 'NONE', #560, 1000.000000000000000 ) ;
#991 = CARTESIAN_POINT ( 'NONE',  ( 30.01888746451763268, 17.85109630944760184, 5.000000000000000000 ) ) ;
#992 = CARTESIAN_POINT ( 'NONE',  ( -1.006574621379063839, -14.53434285204345855, 5.000000000000000000 ) ) ;
#993 = ORIENTED_EDGE ( 'NONE', *, *, #916, .F. ) ;
#994 = VERTEX_POINT ( 'NONE', #843 ) ;
#995 = VECTOR ( 'NONE', #5590, 1000.000000000000000 ) ;
#996 = AXIS2_PLACEMENT_3D ( 'NONE', #568, #4466, #3497 ) ;
#997 = EDGE_CURVE ( 'NONE', #4136, #2696, #1851, .T. ) ;
#998 = CARTESIAN_POINT ( 'NONE',  ( 0.8910475011150382763, -15.01822014923526183, 5.000000000000000000 ) ) ;
#999 = CARTESIAN_POINT ( 'NONE',  ( -26.50000000000000000, 17.50000000000000000, 9.000000000000001776 ) ) ;
#1000 = VECTOR ( 'NONE', #2100, 1000.000000000000000 ) ;
#1001 = VECTOR ( 'NONE', #4368, 1000.000000000000000 ) ;
#1002 = FACE_OUTER_BOUND ( 'NONE', #2491, .T. ) ;
#1003 = ORIENTED_EDGE ( 'NONE', *, *, #5373, .F. ) ;
#1004 = CARTESIAN_POINT ( 'NONE',  ( 1.139743589743589025, -16.22049181468072376, 5.000000000000000000 ) ) ;
#1005 = VERTEX_POINT ( 'NONE', #5946 ) ;
#1006 = AXIS2_PLACEMENT_3D ( 'NONE', #1060, #4596, #6070 ) ;
#1007 = ORIENTED_EDGE ( 'NONE', *, *, #2178, .F. ) ;
#1008 = CARTESIAN_POINT ( 'NONE',  ( -4.130341307679919360, -14.75208866050291512, 4.999999999999996447 ) ) ;
#1009 = LINE ( 'NONE', #1920, #349 ) ;
#1010 = LINE ( 'NONE', #5431, #4094 ) ;
#1011 = CARTESIAN_POINT ( 'NONE',  ( -0.6474327424021644184, -14.46515654082228153, 4.000000000000000000 ) ) ;
#1012 = EDGE_CURVE ( 'NONE', #3042, #241, #4867, .T. ) ;
#1013 = DIRECTION ( 'NONE',  ( -1.000000000000000000, 0.000000000000000000, 0.000000000000000000 ) ) ;
#1014 = LINE ( 'NONE', #4486, #3090 ) ;
#1015 = VERTEX_POINT ( 'NONE', #1365 ) ;
#1016 = CARTESIAN_POINT ( 'NONE',  ( -4.458215643467397626, -15.25065689765209065, 3.999999999999998224 ) ) ;
#1017 = EDGE_CURVE ( 'NONE', #6315, #3660, #5424, .T. ) ;
#1018 = CARTESIAN_POINT ( 'NONE',  ( -0.5094951284314038764, -15.02768348299414924, 4.999999999999999112 ) ) ;
#1019 = VERTEX_POINT ( 'NONE', #1059 ) ;
#1020 = CARTESIAN_POINT ( 'NONE',  ( -4.650228869770560713, -15.73142659546231847, 4.999999999999992895 ) ) ;
#1021 = CARTESIAN_POINT ( 'NONE',  ( 27.73941848319152115, 19.27099398849403400, 2.500000000000000000 ) ) ;
#1022 = VERTEX_POINT ( 'NONE', #3875 ) ;
#1023 = FACE_OUTER_BOUND ( 'NONE', #212, .T. ) ;
#1024 = CARTESIAN_POINT ( 'NONE',  ( -0.5519781544576651822, -14.45751834862439011, 4.000000000000000888 ) ) ;
#1025 = ORIENTED_EDGE ( 'NONE', *, *, #3695, .F. ) ;
#1026 = AXIS2_PLACEMENT_3D ( 'NONE', #3102, #2976, #5119 ) ;
#1027 = ORIENTED_EDGE ( 'NONE', *, *, #1293, .T. ) ;
#1028 = FACE_BOUND ( 'NONE', #4066, .T. ) ;
#1029 = LINE ( 'NONE', #1551, #5876 ) ;
#1030 = CARTESIAN_POINT ( 'NONE',  ( -8.799999999999998934, 2.791454495570343752, 6.000000000000011546 ) ) ;
#1031 = ORIENTED_EDGE ( 'NONE', *, *, #2689, .T. ) ;
#1032 = ADVANCED_FACE ( 'NONE', ( #2038 ), #5887, .T. ) ;
#1033 = DIRECTION ( 'NONE',  ( -0.000000000000000000, -0.000000000000000000, -1.000000000000000000 ) ) ;
#1034 = ORIENTED_EDGE ( 'NONE', *, *, #5617, .F. ) ;
#1035 = B_SPLINE_CURVE_WITH_KNOTS ( 'NONE', 3,
 ( #5496, #3951, #6020, #2354, #1500, #1863, #980, #2384, #1894, #4646, #4546, #1147, #2619, #5170, #1110, #2052, #2119, #4044, #3116 ),
 .UNSPECIFIED., .F., .F.,
 ( 4, 1, 1, 1, 1, 1, 1, 1, 1, 1, 1, 1, 1, 1, 1, 1, 4 ),
 ( 0.000000000000000000, 0.06378691041142130203, 0.1266160577673746956, 0.1883427175688254240, 0.2494790546609666482, 0.3098641696187230954, 0.3706562883855290536, 0.4306751569820279069, 0.4912776807977291549, 0.5518738213688568761, 0.6130654962055201995, 0.6751670177106496862, 0.7377045842895256778, 0.8014732993282047691, 0.8661155991141840094, 0.9322603771672380857, 1.000000000000000000 ),
 .UNSPECIFIED. ) ;
#1036 = EDGE_CURVE ( 'NONE', #5787, #1762, #5394, .T. ) ;
#1037 = AXIS2_PLACEMENT_3D ( 'NONE', #2016, #1893, #3914 ) ;
#1038 = VECTOR ( 'NONE', #3724, 1000.000000000000114 ) ;
#1039 = VERTEX_POINT ( 'NONE', #3563 ) ;
#1040 = ORIENTED_EDGE ( 'NONE', *, *, #3429, .F. ) ;
#1041 = LINE ( 'NONE', #4071, #47 ) ;
#1042 = LINE ( 'NONE', #2540, #2974 ) ;
#1043 = CARTESIAN_POINT ( 'NONE',  ( -4.157904819556923037, -16.13428924865901593, 5.000000000000000888 ) ) ;
#1044 = CARTESIAN_POINT ( 'NONE',  ( -1.320150252343086139, -17.58096810228651918, 4.999999999999994671 ) ) ;
#1045 = DIRECTION ( 'NONE',  ( -0.000000000000000000, -0.000000000000000000, -1.000000000000000000 ) ) ;
#1046 = DIRECTION ( 'NONE',  ( -0.000000000000000000, -0.000000000000000000, -1.000000000000000000 ) ) ;
#1047 = ORIENTED_EDGE ( 'NONE', *, *, #3187, .T. ) ;
#1048 = CARTESIAN_POINT ( 'NONE',  ( -4.620576031928705696, -15.14330935764022890, 3.999999999999999112 ) ) ;
#1049 = CARTESIAN_POINT ( 'NONE',  ( 0.2897196025698228761, -14.59492753222951578, 5.000000000000000000 ) ) ;
#1050 = ORIENTED_EDGE ( 'NONE', *, *, #938, .T. ) ;
#1051 = DIRECTION ( 'NONE',  ( -0.5085404518589194955, 0.8610380995189039766, 0.000000000000000000 ) ) ;
#1052 = DIRECTION ( 'NONE',  ( 0.8397897338196443906, -0.5429117819417172974, -0.000000000000000000 ) ) ;
#1053 = EDGE_CURVE ( 'NONE', #604, #1283, #4931, .T. ) ;
#1054 = CARTESIAN_POINT ( 'NONE',  ( 24.99999999999999645, 17.50000000000000000, 5.000000000000000000 ) ) ;
#1055 = CARTESIAN_POINT ( 'NONE',  ( 0.9252717499655226385, -17.01978503214858662, 4.000000000000002665 ) ) ;
#1056 = CARTESIAN_POINT ( 'NONE',  ( -1.172468870887187320, -14.59480120161664907, 5.000000000000000000 ) ) ;
#1057 = ORIENTED_EDGE ( 'NONE', *, *, #5083, .F. ) ;
#1058 = ORIENTED_EDGE ( 'NONE', *, *, #799, .F. ) ;
#1059 = CARTESIAN_POINT ( 'NONE',  ( 27.75000000000000355, -21.50000000000000000, 9.000000000000001776 ) ) ;
#1060 = CARTESIAN_POINT ( 'NONE',  ( 26.22363875699441493, 20.83582196652956142, 0.000000000000000000 ) ) ;
#1061 = CARTESIAN_POINT ( 'NONE',  ( 0.1363148084311956998, -14.54079713354843584, 4.000000000000000000 ) ) ;
#1062 = ORIENTED_EDGE ( 'NONE', *, *, #4984, .F. ) ;
#1063 = LINE ( 'NONE', #4067, #3726 ) ;
#1064 = ORIENTED_EDGE ( 'NONE', *, *, #1663, .T. ) ;
#1065 = EDGE_LOOP ( 'NONE', ( #3601, #2526, #747, #3789 ) ) ;
#1066 = ADVANCED_FACE ( 'NONE', ( #1028, #2407 ), #4442, .T. ) ;
#1067 = ORIENTED_EDGE ( 'NONE', *, *, #3833, .F. ) ;
#1068 = FACE_OUTER_BOUND ( 'NONE', #1656, .T. ) ;
#1069 = DIRECTION ( 'NONE',  ( 1.000000000000000000, 0.000000000000000000, -0.000000000000000000 ) ) ;
#1070 = LINE ( 'NONE', #3075, #520 ) ;
#1071 = CARTESIAN_POINT ( 'NONE',  ( -1.014354110961325661, -17.71213953707530564, 3.999999999999999112 ) ) ;
#1072 = EDGE_CURVE ( 'NONE', #3434, #4508, #6189, .T. ) ;
#1073 = CARTESIAN_POINT ( 'NONE',  ( -0.6784272671684983269, -17.78257353060750035, 3.999999999999999112 ) ) ;
#1074 = CYLINDRICAL_SURFACE ( 'NONE', #4571, 1.749999999999994671 ) ;
#1075 = VERTEX_POINT ( 'NONE', #6166 ) ;
#1076 = CARTESIAN_POINT ( 'NONE',  ( -4.830937889471882407, -15.11224050124815221, 4.000000000000000000 ) ) ;
#1077 = CARTESIAN_POINT ( 'NONE',  ( -0.06839335624488418475, -17.17153531876744310, 3.999999999999999112 ) ) ;
#1078 = EDGE_LOOP ( 'NONE', ( #2776, #2675, #2730, #2316 ) ) ;
#1079 = CARTESIAN_POINT ( 'NONE',  ( 15.86005420924689524, 7.456272356324764594, 5.000000000000000000 ) ) ;
#1080 = DIRECTION ( 'NONE',  ( 1.000000000000000000, 0.000000000000000000, 0.000000000000000000 ) ) ;
#1081 = ORIENTED_EDGE ( 'NONE', *, *, #3078, .T. ) ;
#1082 = CARTESIAN_POINT ( 'NONE',  ( -4.766584161801686648, -15.74923274492232039, 4.000000000000001776 ) ) ;
#1083 = CARTESIAN_POINT ( 'NONE',  ( -3.297115384615386446, -14.53822518807815989, 4.000000000000000000 ) ) ;
#1084 = FACE_OUTER_BOUND ( 'NONE', #1150, .T. ) ;
#1085 = ORIENTED_EDGE ( 'NONE', *, *, #1330, .F. ) ;
#1086 = ORIENTED_EDGE ( 'NONE', *, *, #5466, .T. ) ;
#1087 = DIRECTION ( 'NONE',  ( 0.000000000000000000, -0.000000000000000000, 1.000000000000000000 ) ) ;
#1088 = VECTOR ( 'NONE', #2116, 1000.000000000000114 ) ;
#1089 = CARTESIAN_POINT ( 'NONE',  ( 0.8095053573310251327, -17.19685137241162920, 5.000000000000000888 ) ) ;
#1090 = EDGE_CURVE ( 'NONE', #2831, #944, #5769, .T. ) ;
#1091 = CARTESIAN_POINT ( 'NONE',  ( -28.26202902092138913, -17.50000000000000711, 0.000000000000000000 ) ) ;
#1092 = DIRECTION ( 'NONE',  ( -0.7071067811865452413, 0.000000000000000000, -0.7071067811865499042 ) ) ;
#1093 = ADVANCED_FACE ( 'NONE', ( #3172 ), #1164, .T. ) ;
#1094 = VECTOR ( 'NONE', #2053, 1000.000000000000000 ) ;
#1095 = ORIENTED_EDGE ( 'NONE', *, *, #2236, .T. ) ;
#1096 = DIRECTION ( 'NONE',  ( -0.000000000000000000, -0.000000000000000000, -1.000000000000000000 ) ) ;
#1097 = VECTOR ( 'NONE', #2283, 1000.000000000000000 ) ;
#1098 = ORIENTED_EDGE ( 'NONE', *, *, #2624, .F. ) ;
#1099 = B_SPLINE_CURVE_WITH_KNOTS ( 'NONE', 3,
 ( #2326, #4389, #3754, #791, #1281, #5771, #3818, #2762, #5309, #3293, #1800, #293, #2229, #4254, #4329, #229, #5339, #6351, #884 ),
 .UNSPECIFIED., .F., .F.,
 ( 4, 1, 1, 1, 1, 1, 1, 1, 1, 1, 1, 1, 1, 1, 1, 1, 4 ),
 ( 0.000000000000000000, 0.06718757354736738796, 0.1319286902789449656, 0.1951888472476513980, 0.2571283310395818256, 0.3188425934467536416, 0.3804925116413721553, 0.4432187279583991724, 0.5071253041351038160, 0.5707121370126607696, 0.6324819649837610802, 0.6932526949398444271, 0.7531313290707890573, 0.8134576601575654875, 0.8738631107010343957, 0.9361102679396072768, 1.000000000000000000 ),
 .UNSPECIFIED. ) ;
#1100 = EDGE_LOOP ( 'NONE', ( #2867, #5964, #1478, #3416, #5472, #3996, #5712, #544, #6187, #2213, #5191, #1720, #2738, #143, #5257 ) ) ;
#1101 = VECTOR ( 'NONE', #1206, 1000.000000000000000 ) ;
#1102 = EDGE_CURVE ( 'NONE', #5994, #4638, #5220, .T. ) ;
#1103 = VECTOR ( 'NONE', #3870, 1000.000000000000000 ) ;
#1104 = ORIENTED_EDGE ( 'NONE', *, *, #4865, .T. ) ;
#1105 = PLANE ( 'NONE',  #6254 ) ;
#1106 = FACE_BOUND ( 'NONE', #4738, .T. ) ;
#1107 = COLOUR_RGB ( '',0.7921568627450980005, 0.8196078431372548767, 0.9333333333333333481 ) ;
#1108 = CARTESIAN_POINT ( 'NONE',  ( -3.826282051282051011, -15.44009818487302077, 4.000000000000000000 ) ) ;
#1109 = CARTESIAN_POINT ( 'NONE',  ( -1.503550947891522771, -17.46191191127223163, 4.999999999999994671 ) ) ;
#1110 = CARTESIAN_POINT ( 'NONE',  ( -0.7406686922125101935, -14.47557800615342494, 5.000000000000000888 ) ) ;
#1111 = CIRCLE ( 'NONE', #4790, 1.257139434613111950 ) ;
#1112 = CARTESIAN_POINT ( 'NONE',  ( 5.495192307692304823, -15.10809698294995584, 4.000000000000000000 ) ) ;
#1113 = VERTEX_POINT ( 'NONE', #4259 ) ;
#1114 = CARTESIAN_POINT ( 'NONE',  ( -4.734038591572304888, -15.12121523040714521, 4.000000000000002665 ) ) ;
#1115 = CARTESIAN_POINT ( 'NONE',  ( -0.1338781851337362272, -17.19163327704407251, 4.000000000000000888 ) ) ;
#1116 = EDGE_CURVE ( 'NONE', #4070, #6406, #6132, .T. ) ;
#1117 = ORIENTED_EDGE ( 'NONE', *, *, #2489, .T. ) ;
#1118 = CARTESIAN_POINT ( 'NONE',  ( 26.63101451046069812, -14.67500000000001492, 2.500000000000000000 ) ) ;
#1119 = CARTESIAN_POINT ( 'NONE',  ( -1.985865553552944585, -16.86759056696600112, 5.000000000000000000 ) ) ;
#1120 = VERTEX_POINT ( 'NONE', #4231 ) ;
#1121 = DIRECTION ( 'NONE',  ( -0.000000000000000000, 0.000000000000000000, 1.000000000000000000 ) ) ;
#1122 = LINE ( 'NONE', #2063, #4169 ) ;
#1123 = EDGE_CURVE ( 'NONE', #15, #944, #5185, .T. ) ;
#1124 = DIRECTION ( 'NONE',  ( -1.000000000000000000, 0.000000000000000000, 0.000000000000000000 ) ) ;
#1125 = CARTESIAN_POINT ( 'NONE',  ( 8.000000000000001776, -6.208545504429656248, 6.000000000000000888 ) ) ;
#1126 = ORIENTED_EDGE ( 'NONE', *, *, #1116, .F. ) ;
#1127 = EDGE_LOOP ( 'NONE', ( #5778, #5886, #4787, #4652 ) ) ;
#1128 = ORIENTED_EDGE ( 'NONE', *, *, #4178, .F. ) ;
#1129 = DIRECTION ( 'NONE',  ( -1.000000000000000000, 0.000000000000000000, 0.000000000000000000 ) ) ;
#1130 = CARTESIAN_POINT ( 'NONE',  ( 0.7460685591314266674, -17.27798701181589536, 5.000000000000000888 ) ) ;
#1131 = FACE_OUTER_BOUND ( 'NONE', #1590, .T. ) ;
#1132 = VERTEX_POINT ( 'NONE', #1195 ) ;
#1133 = AXIS2_PLACEMENT_3D ( 'NONE', #1079, #5600, #4117 ) ;
#1134 = CARTESIAN_POINT ( 'NONE',  ( 15.86005420924689524, 7.456272356324764594, 0.000000000000000000 ) ) ;
#1135 = EDGE_LOOP ( 'NONE', ( #515, #6430, #2607, #3110 ) ) ;
#1136 = VECTOR ( 'NONE', #6443, 1000.000000000000000 ) ;
#1137 = ORIENTED_EDGE ( 'NONE', *, *, #3570, .T. ) ;
#1138 = EDGE_LOOP ( 'NONE', ( #2638, #3070, #1260, #2110 ) ) ;
#1139 = EDGE_CURVE ( 'NONE', #134, #2391, #2666, .T. ) ;
#1140 = VECTOR ( 'NONE', #3388, 1000.000000000000114 ) ;
#1141 = DIRECTION ( 'NONE',  ( -0.000000000000000000, -0.000000000000000000, -1.000000000000000000 ) ) ;
#1142 = DIRECTION ( 'NONE',  ( 0.8924498855307667622, 0.4511465413988246520, 0.000000000000000000 ) ) ;
#1143 = FACE_OUTER_BOUND ( 'NONE', #4199, .T. ) ;
#1144 = VECTOR ( 'NONE', #3959, 1000.000000000000000 ) ;
#1145 = CARTESIAN_POINT ( 'NONE',  ( -3.937737432199948096, -15.90019769347522605, 3.999999999999999112 ) ) ;
#1146 = CARTESIAN_POINT ( 'NONE',  ( -1.320150252343086139, -17.58096810228651918, 4.000000000000001776 ) ) ;
#1147 = CARTESIAN_POINT ( 'NONE',  ( -1.006574621379063839, -14.53434285204345855, 5.000000000000000888 ) ) ;
#1148 = CIRCLE ( 'NONE', #5782, 1.000000000000000888 ) ;
#1149 = CARTESIAN_POINT ( 'NONE',  ( -5.016907051282050389, -16.32925082910378833, 4.000000000000000000 ) ) ;
#1150 = EDGE_LOOP ( 'NONE', ( #6491, #2611, #1556, #1646 ) ) ;
#1151 = CARTESIAN_POINT ( 'NONE',  ( 2.279487179487178050, -16.32925082910379899, 4.000000000000000000 ) ) ;
#1152 = CARTESIAN_POINT ( 'NONE',  ( 0.05414935262507530878, -17.12029608227393851, 4.999999999999999112 ) ) ;
#1153 = CARTESIAN_POINT ( 'NONE',  ( 4.355448717948715576, -15.10809698294995584, 5.000000000000000000 ) ) ;
#1154 = FACE_OUTER_BOUND ( 'NONE', #1462, .T. ) ;
#1155 = EDGE_LOOP ( 'NONE', ( #564, #4563, #834, #1854, #4103, #2023, #700, #5347 ) ) ;
#1156 = CARTESIAN_POINT ( 'NONE',  ( 1.709615384615383205, -14.53822518807815989, 4.000000000000000000 ) ) ;
#1157 = ADVANCED_FACE ( 'NONE', ( #4201 ), #2599, .T. ) ;
#1158 = PLANE ( 'NONE',  #2998 ) ;
#1159 = DIRECTION ( 'NONE',  ( -0.000000000000000000, -0.000000000000000000, -1.000000000000000000 ) ) ;
#1160 = CARTESIAN_POINT ( 'NONE',  ( -24.37302610677949488, 13.64553457179598972, 5.000000000000000000 ) ) ;
#1161 = ADVANCED_FACE ( 'NONE', ( #6230 ), #3725, .T. ) ;
#1162 = ORIENTED_EDGE ( 'NONE', *, *, #2947, .F. ) ;
#1163 = ORIENTED_EDGE ( 'NONE', *, *, #4583, .F. ) ;
#1164 = CYLINDRICAL_SURFACE ( 'NONE', #2381, 1.000000000000000888 ) ;
#1165 = ADVANCED_FACE ( 'NONE', ( #1647 ), #5714, .F. ) ;
#1166 = CARTESIAN_POINT ( 'NONE',  ( 0.8695249611224391550, -17.11073436257361635, 3.999999999999999112 ) ) ;
#1167 = LINE ( 'NONE', #4203, #1517 ) ;
#1168 = B_SPLINE_CURVE_WITH_KNOTS ( 'NONE', 3,
 ( #1990, #2981, #5462, #5001, #2477, #2512, #4515, #4043, #2415, #6511, #4908, #5991, #1470, #5526, #3014, #1011, #5036, #4419, #522 ),
 .UNSPECIFIED., .F., .F.,
 ( 4, 1, 1, 1, 1, 1, 1, 1, 1, 1, 1, 1, 1, 1, 1, 1, 4 ),
 ( 0.000000000000000000, 0.06378691041142130203, 0.1266160577673746956, 0.1883427175688254240, 0.2494790546609666482, 0.3098641696187230954, 0.3706562883855290536, 0.4306751569820279069, 0.4912776807977291549, 0.5518738213688568761, 0.6130654962055201995, 0.6751670177106496862, 0.7377045842895256778, 0.8014732993282047691, 0.8661155991141840094, 0.9322603771672380857, 1.000000000000000000 ),
 .UNSPECIFIED. ) ;
#1169 = VERTEX_POINT ( 'NONE', #702 ) ;
#1170 = CARTESIAN_POINT ( 'NONE',  ( -12.05713943461311111, 2.791454495570343752, 10.00000000000000000 ) ) ;
#1171 = ORIENTED_EDGE ( 'NONE', *, *, #3713, .T. ) ;
#1172 = CARTESIAN_POINT ( 'NONE',  ( 22.50000000000000355, -14.49566939831962209, 9.000000000000001776 ) ) ;
#1173 = VERTEX_POINT ( 'NONE', #636 ) ;
#1174 = DIRECTION ( 'NONE',  ( 0.4512830391435773136, -0.8923808708064826511, 0.000000000000000000 ) ) ;
#1175 = CARTESIAN_POINT ( 'NONE',  ( -1.077298729060606419, -17.04342901149511746, 4.000000000000000000 ) ) ;
#1176 = EDGE_CURVE ( 'NONE', #5541, #3868, #3662, .T. ) ;
#1177 = CARTESIAN_POINT ( 'NONE',  ( -3.828011659420312629, -15.51420243732616733, 3.999999999999999112 ) ) ;
#1178 = CARTESIAN_POINT ( 'NONE',  ( 22.50000000000000711, -21.49999999999999289, 9.000000000000001776 ) ) ;
#1179 = CARTESIAN_POINT ( 'NONE',  ( -2.031757593197101031, -16.76500438032257634, 3.999999999999999112 ) ) ;
#1180 = PLANE ( 'NONE',  #3742 ) ;
#1181 = ORIENTED_EDGE ( 'NONE', *, *, #487, .F. ) ;
#1182 = CARTESIAN_POINT ( 'NONE',  ( -4.532566888825683371, -15.18418033018469337, 3.999999999999999112 ) ) ;
#1183 = EDGE_CURVE ( 'NONE', #3400, #3302, #4728, .T. ) ;
#1184 = CARTESIAN_POINT ( 'NONE',  ( 7.000000000000003553, -9.208545504429656248, 6.000000000000000888 ) ) ;
#1185 = EDGE_CURVE ( 'NONE', #2121, #1927, #6077, .T. ) ;
#1186 = CARTESIAN_POINT ( 'NONE',  ( -25.16401654238957875, 14.24209700771249132, 2.500000000000000000 ) ) ;
#1187 = CARTESIAN_POINT ( 'NONE',  ( 0.000000000000000000, 0.000000000000000000, 4.000000000000000000 ) ) ;
#1188 = B_SPLINE_CURVE_WITH_KNOTS ( 'NONE', 3,
 ( #426, #5497, #1896, #3452, #2417, #5923, #1441, #1404, #2952, #4970, #5529 ),
 .UNSPECIFIED., .F., .F.,
 ( 4, 1, 1, 1, 1, 1, 1, 1, 4 ),
 ( 0.000000000000000000, 0.1289756962903343684, 0.2566142768832944676, 0.3823748611154015875, 0.5074502079341300931, 0.6312318059159223171, 0.7542207153102945538, 0.8773008482791445628, 1.000000000000000000 ),
 .UNSPECIFIED. ) ;
#1189 = PLANE ( 'NONE',  #5095 ) ;
#1190 = CARTESIAN_POINT ( 'NONE',  ( 15.00000000000000533, -5.772077938642122596, 5.000000000000000000 ) ) ;
#1191 = LINE ( 'NONE', #4158, #3758 ) ;
#1192 = CARTESIAN_POINT ( 'NONE',  ( -15.86005420924688991, 7.456272356324761041, 5.000000000000000000 ) ) ;
#1193 = ORIENTED_EDGE ( 'NONE', *, *, #2392, .T. ) ;
#1194 = ORIENTED_EDGE ( 'NONE', *, *, #68, .F. ) ;
#1195 = CARTESIAN_POINT ( 'NONE',  ( -29.40201658111266525, 15.45433384453641068, 0.000000000000000000 ) ) ;
#1196 = CARTESIAN_POINT ( 'NONE',  ( -0.4008797502170329818, -17.79406859651345485, 5.000000000000000000 ) ) ;
#1197 = CARTESIAN_POINT ( 'NONE',  ( 23.51198800726058735, 13.13699411993707500, 5.000000000000000000 ) ) ;
#1198 = CARTESIAN_POINT ( 'NONE',  ( 0.000000000000000000, 0.000000000000000000, 0.000000000000000000 ) ) ;
#1199 = VERTEX_POINT ( 'NONE', #2600 ) ;
#1200 = CARTESIAN_POINT ( 'NONE',  ( -0.4274038461538470779, -17.22476364961662298, 5.000000000000000000 ) ) ;
#1201 = ORIENTED_EDGE ( 'NONE', *, *, #3272, .T. ) ;
#1202 = EDGE_CURVE ( 'NONE', #15, #1022, #3661, .T. ) ;
#1203 = VERTEX_POINT ( 'NONE', #5647 ) ;
#1204 = DIRECTION ( 'NONE',  ( -1.000000000000000000, 2.127171113256157501E-15, 0.000000000000000000 ) ) ;
#1205 = AXIS2_PLACEMENT_3D ( 'NONE', #741, #2739, #3205 ) ;
#1206 = DIRECTION ( 'NONE',  ( -0.000000000000000000, -0.000000000000000000, -1.000000000000000000 ) ) ;
#1207 = CARTESIAN_POINT ( 'NONE',  ( -0.06839335624488418475, -17.17153531876744310, 4.999999999999999112 ) ) ;
#1208 = FACE_OUTER_BOUND ( 'NONE', #6056, .T. ) ;
#1209 = VECTOR ( 'NONE', #6143, 1000.000000000000000 ) ;
#1210 = AXIS2_PLACEMENT_3D ( 'NONE', #5325, #3338, #5389 ) ;
#1211 = CARTESIAN_POINT ( 'NONE',  ( 27.75000000000000355, -13.49999999999999467, 0.000000000000000000 ) ) ;
#1212 = CARTESIAN_POINT ( 'NONE',  ( -4.652207563430163617, -14.56002473291711929, 3.999999999999998224 ) ) ;
#1213 = ORIENTED_EDGE ( 'NONE', *, *, #716, .T. ) ;
#1214 = CARTESIAN_POINT ( 'NONE',  ( 0.8436112743699052396, -14.96917307924897500, 4.000000000000000888 ) ) ;
#1215 = VECTOR ( 'NONE', #2070, 1000.000000000000000 ) ;
#1216 = CARTESIAN_POINT ( 'NONE',  ( -1.407949418413325882, -15.50671075773863450, 4.000000000000000000 ) ) ;
#1217 = CARTESIAN_POINT ( 'NONE',  ( -27.74999999999998934, -13.50000000000000178, 0.000000000000000000 ) ) ;
#1218 = FACE_OUTER_BOUND ( 'NONE', #4992, .T. ) ;
#1219 = EDGE_CURVE ( 'NONE', #2240, #4831, #4757, .T. ) ;
#1220 = EDGE_CURVE ( 'NONE', #1289, #4439, #2103, .T. ) ;
#1221 = CARTESIAN_POINT ( 'NONE',  ( -2.133448305808136158, -15.80507921218605993, 5.000000000000001776 ) ) ;
#1222 = FACE_OUTER_BOUND ( 'NONE', #1782, .T. ) ;
#1223 = CARTESIAN_POINT ( 'NONE',  ( -5.016271033653846523, -15.10809698294994519, 5.000000000000000000 ) ) ;
#1224 = CYLINDRICAL_SURFACE ( 'NONE', #2147, 1.750000000000001554 ) ;
#1225 = VERTEX_POINT ( 'NONE', #5837 ) ;
#1226 = CARTESIAN_POINT ( 'NONE',  ( 23.49999999999999645, 17.50000000000000000, 5.000000000000000000 ) ) ;
#1227 = DIRECTION ( 'NONE',  ( 0.000000000000000000, 1.000000000000000000, 0.000000000000000000 ) ) ;
#1228 = CARTESIAN_POINT ( 'NONE',  ( 0.6778348423149911373, -17.35301085792416131, 4.000000000000000888 ) ) ;
#1229 = DIRECTION ( 'NONE',  ( 0.000000000000000000, -1.000000000000000000, 0.000000000000000000 ) ) ;
#1230 = ORIENTED_EDGE ( 'NONE', *, *, #2260, .T. ) ;
#1231 = CARTESIAN_POINT ( 'NONE',  ( -1.253922416403186357, -16.90165875060094791, 4.999999999999999112 ) ) ;
#1232 = ORIENTED_EDGE ( 'NONE', *, *, #4213, .T. ) ;
#1233 = AXIS2_PLACEMENT_3D ( 'NONE', #4266, #2604, #2106 ) ;
#1234 = CARTESIAN_POINT ( 'NONE',  ( 21.49999999999999645, 1.242321824286741657E-14, 9.000000000000001776 ) ) ;
#1235 = ADVANCED_FACE ( 'NONE', ( #3297 ), #6296, .F. ) ;
#1236 = DIRECTION ( 'NONE',  ( -0.000000000000000000, -0.000000000000000000, 1.000000000000000000 ) ) ;
#1237 = CARTESIAN_POINT ( 'NONE',  ( -0.005594862366429914115, -17.14803323146775682, 4.999999999999999112 ) ) ;
#1238 = ADVANCED_FACE ( 'NONE', ( #4916 ), #797, .T. ) ;
#1239 = ORIENTED_EDGE ( 'NONE', *, *, #4609, .T. ) ;
#1240 = CARTESIAN_POINT ( 'NONE',  ( 24.88156655863842204, 12.78449647227708930, 9.000000000000001776 ) ) ;
#1241 = VECTOR ( 'NONE', #3706, 1000.000000000000114 ) ;
#1242 = CARTESIAN_POINT ( 'NONE',  ( -4.766584161801686648, -15.74923274492232039, 5.000000000000001776 ) ) ;
#1243 = ORIENTED_EDGE ( 'NONE', *, *, #4735, .F. ) ;
#1244 = FACE_OUTER_BOUND ( 'NONE', #3164, .T. ) ;
#1245 = VECTOR ( 'NONE', #4976, 1000.000000000000000 ) ;
#1246 = DIRECTION ( 'NONE',  ( -1.000000000000000000, 3.454194652434726964E-16, -0.000000000000000000 ) ) ;
#1247 = AXIS2_PLACEMENT_3D ( 'NONE', #6261, #1837, #6293 ) ;
#1248 = DIRECTION ( 'NONE',  ( 0.8900702620852275482, 0.4558233523543239185, -0.000000000000000000 ) ) ;
#1249 = DIRECTION ( 'NONE',  ( 2.127171113256150401E-15, -1.000000000000000000, 0.000000000000000000 ) ) ;
#1250 = VECTOR ( 'NONE', #618, 1000.000000000000000 ) ;
#1251 = VECTOR ( 'NONE', #4418, 1000.000000000000114 ) ;
#1252 = CARTESIAN_POINT ( 'NONE',  ( 2.279487179487178050, -15.75937903423200659, 5.000000000000000000 ) ) ;
#1253 = CARTESIAN_POINT ( 'NONE',  ( -3.683814102564102466, -17.71322518807814816, 5.000000000000000000 ) ) ;
#1254 = CARTESIAN_POINT ( 'NONE',  ( 3.378525641025639903, -16.32925082910379899, 4.000000000000000000 ) ) ;
#1255 = CARTESIAN_POINT ( 'NONE',  ( 26.50000000000000000, 17.50000000000000000, 2.500000000000000000 ) ) ;
#1256 = ORIENTED_EDGE ( 'NONE', *, *, #4307, .F. ) ;
#1257 = CARTESIAN_POINT ( 'NONE',  ( -5.999999999999997335, -5.208545504429655360, 6.000000000000000888 ) ) ;
#1258 = EDGE_CURVE ( 'NONE', #6333, #476, #2395, .T. ) ;
#1259 = DIRECTION ( 'NONE',  ( 0.000000000000000000, -0.000000000000000000, -1.000000000000000000 ) ) ;
#1260 = ORIENTED_EDGE ( 'NONE', *, *, #4544, .T. ) ;
#1261 = DIRECTION ( 'NONE',  ( -0.000000000000000000, -0.000000000000000000, -1.000000000000000000 ) ) ;
#1262 = CARTESIAN_POINT ( 'NONE',  ( 5.495192307692304823, -15.10809698294995584, 4.000000000000000000 ) ) ;
#1263 = ORIENTED_EDGE ( 'NONE', *, *, #1752, .F. ) ;
#1264 = DIRECTION ( 'NONE',  ( 1.000000000000000000, 1.903335346464819772E-16, -0.000000000000000000 ) ) ;
#1265 = ORIENTED_EDGE ( 'NONE', *, *, #3606, .T. ) ;
#1266 = LINE ( 'NONE', #2744, #2563 ) ;
#1267 = DIRECTION ( 'NONE',  ( 0.8610380995189039766, -0.5085404518589193845, 0.000000000000000000 ) ) ;
#1268 = DIRECTION ( 'NONE',  ( -0.000000000000000000, -0.000000000000000000, 1.000000000000000000 ) ) ;
#1269 = ORIENTED_EDGE ( 'NONE', *, *, #1695, .T. ) ;
#1270 = CARTESIAN_POINT ( 'NONE',  ( -29.49999999999999645, -19.75000000000000000, 5.000000000000000000 ) ) ;
#1271 = EDGE_CURVE ( 'NONE', #4725, #5713, #330, .T. ) ;
#1272 = CARTESIAN_POINT ( 'NONE',  ( -5.116125801282050745, -14.53822518807814923, 4.000000000000000000 ) ) ;
#1273 = ORIENTED_EDGE ( 'NONE', *, *, #4814, .F. ) ;
#1274 = CARTESIAN_POINT ( 'NONE',  ( 0.2733273964590465788, -15.26745236530108585, 4.000000000000000000 ) ) ;
#1275 = FACE_OUTER_BOUND ( 'NONE', #76, .T. ) ;
#1276 = CARTESIAN_POINT ( 'NONE',  ( -3.881052035110090337, -15.10678822944700350, 3.999999999999997335 ) ) ;
#1277 = ADVANCED_FACE ( 'NONE', ( #359 ), #5408, .F. ) ;
#1278 = FACE_OUTER_BOUND ( 'NONE', #4207, .T. ) ;
#1279 = LINE ( 'NONE', #1829, #196 ) ;
#1280 = DIRECTION ( 'NONE',  ( -0.000000000000000000, -0.000000000000000000, 1.000000000000000000 ) ) ;
#1281 = CARTESIAN_POINT ( 'NONE',  ( -0.8049270185270077649, -15.06933163398801589, 4.999999999999999112 ) ) ;
#1282 = CYLINDRICAL_SURFACE ( 'NONE', #2243, 1.000000000000000888 ) ;
#1283 = VERTEX_POINT ( 'NONE', #6419 ) ;
#1284 = CARTESIAN_POINT ( 'NONE',  ( -16.74999999999999645, 5.949455682166679971, 5.000000000000000000 ) ) ;
#1285 = DIRECTION ( 'NONE',  ( 0.7071067811865430208, 0.000000000000000000, 0.7071067811865521247 ) ) ;
#1286 = ORIENTED_EDGE ( 'NONE', *, *, #4312, .T. ) ;
#1287 =( LENGTH_UNIT ( ) NAMED_UNIT ( * ) SI_UNIT ( .MILLI., .METRE. ) );
#1288 = CARTESIAN_POINT ( 'NONE',  ( 0.3096674280982326111, -16.91007872747487539, 4.000000000000001776 ) ) ;
#1289 = VERTEX_POINT ( 'NONE', #3331 ) ;
#1290 = ORIENTED_EDGE ( 'NONE', *, *, #2231, .F. ) ;
#1291 = ADVANCED_FACE ( 'NONE', ( #829 ), #395, .F. ) ;
#1292 = CARTESIAN_POINT ( 'NONE',  ( -26.50000000000000000, -17.50000000000000000, 2.500000000000000000 ) ) ;
#1293 = EDGE_CURVE ( 'NONE', #2956, #3566, #3759, .T. ) ;
#1294 = LINE ( 'NONE', #2746, #681 ) ;
#1295 = CARTESIAN_POINT ( 'NONE',  ( 20.46074529610707060, 18.30322271705049531, 9.000000000000001776 ) ) ;
#1296 = ORIENTED_EDGE ( 'NONE', *, *, #3772, .F. ) ;
#1297 = PLANE ( 'NONE',  #715 ) ;
#1298 = ORIENTED_EDGE ( 'NONE', *, *, #5233, .T. ) ;
#1299 = AXIS2_PLACEMENT_3D ( 'NONE', #4966, #2380, #4936 ) ;
#1300 = CARTESIAN_POINT ( 'NONE',  ( -4.866102240875034290, -14.54340779600977385, 4.999999999999995559 ) ) ;
#1301 = CARTESIAN_POINT ( 'NONE',  ( 0.4840094150641017223, -15.45599862557816273, 5.000000000000000888 ) ) ;
#1302 = LINE ( 'NONE', #4813, #1922 ) ;
#1303 = VECTOR ( 'NONE', #1426, 1000.000000000000114 ) ;
#1304 = VECTOR ( 'NONE', #1096, 1000.000000000000000 ) ;
#1305 = LINE ( 'NONE', #3848, #1672 ) ;
#1306 = CARTESIAN_POINT ( 'NONE',  ( 0.000000000000000000, 0.000000000000000000, 2.500000000000000000 ) ) ;
#1307 = CARTESIAN_POINT ( 'NONE',  ( -2.070894298496636754, -16.66061478450120603, 4.000000000000000888 ) ) ;
#1308 = VECTOR ( 'NONE', #1644, 1000.000000000000000 ) ;
#1309 = DIRECTION ( 'NONE',  ( 1.000000000000000000, -6.672013369141565463E-17, 0.000000000000000000 ) ) ;
#1310 = ORIENTED_EDGE ( 'NONE', *, *, #836, .F. ) ;
#1311 = CARTESIAN_POINT ( 'NONE',  ( 22.72792206135788007, -8.500000000000000000, 9.000000000000001776 ) ) ;
#1312 = EDGE_CURVE ( 'NONE', #4917, #211, #5033, .T. ) ;
#1313 = DIRECTION ( 'NONE',  ( -0.000000000000000000, -0.000000000000000000, -1.000000000000000000 ) ) ;
#1314 = ORIENTED_EDGE ( 'NONE', *, *, #5785, .F. ) ;
#1315 = FACE_BOUND ( 'NONE', #4051, .T. ) ;
#1316 = AXIS2_PLACEMENT_3D ( 'NONE', #1971, #31, #4431 ) ;
#1317 = LINE ( 'NONE', #3822, #3871 ) ;
#1318 = ORIENTED_EDGE ( 'NONE', *, *, #1891, .T. ) ;
#1319 = DIRECTION ( 'NONE',  ( -5.778241043194146325E-16, -1.000000000000000000, 0.000000000000000000 ) ) ;
#1320 = ORIENTED_EDGE ( 'NONE', *, *, #3969, .F. ) ;
#1321 = ADVANCED_FACE ( 'NONE', ( #5382 ), #2897, .T. ) ;
#1322 = ORIENTED_EDGE ( 'NONE', *, *, #2743, .T. ) ;
#1323 = B_SPLINE_CURVE_WITH_KNOTS ( 'NONE', 3,
 ( #6275, #217, #2219, #5758, #3341, #2314, #1207, #1237, #3774, #4769, #807, #841, #5266, #2341, #5790, #746, #4344, #2747, #4864 ),
 .UNSPECIFIED., .F., .F.,
 ( 4, 1, 1, 1, 1, 1, 1, 1, 1, 1, 1, 1, 1, 1, 1, 1, 4 ),
 ( 0.000000000000000000, 0.06934871325595001745, 0.1361469546042712586, 0.2005553513704648738, 0.2627938981591087519, 0.3234215623312625132, 0.3824643489379594419, 0.4409638725178808838, 0.4982922175092558414, 0.5558279989942976895, 0.6142840608122153157, 0.6736809141865964801, 0.7347653641184272999, 0.7975553011576219653, 0.8622761528751506921, 0.9296709880359613765, 1.000000000000000000 ),
 .UNSPECIFIED. ) ;
#1324 = DIRECTION ( 'NONE',  ( -0.000000000000000000, -0.000000000000000000, 1.000000000000000000 ) ) ;
#1325 = CARTESIAN_POINT ( 'NONE',  ( -2.157371794871795867, -16.10982474737303249, 4.000000000000000000 ) ) ;
#1326 = CARTESIAN_POINT ( 'NONE',  ( -3.683814102564102466, -17.71322518807814816, 4.000000000000000000 ) ) ;
#1327 = CARTESIAN_POINT ( 'NONE',  ( 24.88156655863842204, 12.78449647227708930, 9.000000000000001776 ) ) ;
#1328 = ORIENTED_EDGE ( 'NONE', *, *, #4562, .F. ) ;
#1329 = CARTESIAN_POINT ( 'NONE',  ( -23.36898548953931609, -14.67500000000000782, 2.500000000000000000 ) ) ;
#1330 = EDGE_CURVE ( 'NONE', #1783, #5615, #1317, .T. ) ;
#1331 = EDGE_LOOP ( 'NONE', ( #1931, #3701, #1455, #5259 ) ) ;
#1332 = CARTESIAN_POINT ( 'NONE',  ( -22.49999999999998934, -14.49566939831962564, 9.000000000000001776 ) ) ;
#1333 = CARTESIAN_POINT ( 'NONE',  ( 0.04211720701543106293, -15.13220637524109335, 4.000000000000000888 ) ) ;
#1334 = VECTOR ( 'NONE', #4556, 1000.000000000000000 ) ;
#1335 = DIRECTION ( 'NONE',  ( -0.05028052826558215144, 0.9987351342960424372, 0.000000000000000000 ) ) ;
#1336 = AXIS2_PLACEMENT_3D ( 'NONE', #5776, #1259, #2271 ) ;
#1337 = DIRECTION ( 'NONE',  ( 0.5000000000000011102, 0.8660254037844380415, 0.000000000000000000 ) ) ;
#1338 = CARTESIAN_POINT ( 'NONE',  ( 26.63101451046069812, -14.67500000000001492, 0.000000000000000000 ) ) ;
#1339 = CARTESIAN_POINT ( 'NONE',  ( -2.157371794871795867, -16.10982474737303249, 4.000000000000000000 ) ) ;
#1340 = VECTOR ( 'NONE', #2363, 1000.000000000000000 ) ;
#1341 = CARTESIAN_POINT ( 'NONE',  ( 0.1598643472696155976, -15.19323394876436950, 3.999999999999999112 ) ) ;
#1342 = EDGE_LOOP ( 'NONE', ( #5441, #5143, #921, #5150 ) ) ;
#1343 = DIRECTION ( 'NONE',  ( -1.000000000000000000, 0.000000000000000000, 0.000000000000000000 ) ) ;
#1344 = CARTESIAN_POINT ( 'NONE',  ( 26.63101451046069101, -20.32500000000000995, 0.000000000000000000 ) ) ;
#1345 = ORIENTED_EDGE ( 'NONE', *, *, #3920, .F. ) ;
#1346 = CARTESIAN_POINT ( 'NONE',  ( -27.73941848319152115, 19.27099398849403400, 2.500000000000000000 ) ) ;
#1347 = VECTOR ( 'NONE', #5242, 1000.000000000000000 ) ;
#1348 = DIRECTION ( 'NONE',  ( -1.000000000000000000, 0.000000000000000000, 0.000000000000000000 ) ) ;
#1349 = AXIS2_PLACEMENT_3D ( 'NONE', #1257, #2836, #1381 ) ;
#1350 = ADVANCED_FACE ( 'NONE', ( #2801 ), #3362, .T. ) ;
#1351 = ORIENTED_EDGE ( 'NONE', *, *, #3895, .F. ) ;
#1352 = EDGE_CURVE ( 'NONE', #332, #2012, #764, .T. ) ;
#1353 = FACE_OUTER_BOUND ( 'NONE', #888, .T. ) ;
#1354 = LINE ( 'NONE', #895, #2279 ) ;
#1355 = AXIS2_PLACEMENT_3D ( 'NONE', #5706, #125, #6093 ) ;
#1356 = VERTEX_POINT ( 'NONE', #4789 ) ;
#1357 = VERTEX_POINT ( 'NONE', #5870 ) ;
#1358 = EDGE_CURVE ( 'NONE', #5079, #2112, #4394, .T. ) ;
#1359 = EDGE_LOOP ( 'NONE', ( #4648, #4236 ) ) ;
#1360 = DIRECTION ( 'NONE',  ( 0.7071067811865464625, -0.7071067811865486830, 0.000000000000000000 ) ) ;
#1361 = CARTESIAN_POINT ( 'NONE',  ( 6.065064102564100779, -14.53822518807815989, 4.000000000000000000 ) ) ;
#1362 = CARTESIAN_POINT ( 'NONE',  ( -27.73941848319152115, 19.27099398849403400, 2.500000000000000000 ) ) ;
#1363 = CARTESIAN_POINT ( 'NONE',  ( 1.056970118288208749, -16.73078866166472523, 5.000000000000001776 ) ) ;
#1364 = ORIENTED_EDGE ( 'NONE', *, *, #2050, .T. ) ;
#1365 = CARTESIAN_POINT ( 'NONE',  ( -20.46074529610707060, 18.30322271705048820, 5.000000000000000000 ) ) ;
#1366 = ORIENTED_EDGE ( 'NONE', *, *, #3865, .F. ) ;
#1367 = CARTESIAN_POINT ( 'NONE',  ( -4.085078278190096945, -14.79228298569620925, 4.999999999999996447 ) ) ;
#1368 = CARTESIAN_POINT ( 'NONE',  ( -0.9812202862356684818, -17.10007694947923795, 4.000000000000003553 ) ) ;
#1369 = ADVANCED_FACE ( 'NONE', ( #6327 ), #1864, .T. ) ;
#1370 = CARTESIAN_POINT ( 'NONE',  ( -16.74999999999999645, 5.949455682166679971, 5.000000000000000000 ) ) ;
#1371 = FACE_OUTER_BOUND ( 'NONE', #2076, .T. ) ;
#1372 = CARTESIAN_POINT ( 'NONE',  ( 26.63101451046069812, -14.67500000000001492, 2.500000000000000000 ) ) ;
#1373 = EDGE_CURVE ( 'NONE', #593, #1640, #1975, .T. ) ;
#1374 = CARTESIAN_POINT ( 'NONE',  ( 8.433177425405322225, 2.791454495570343752, 10.00000000000000000 ) ) ;
#1375 = LINE ( 'NONE', #6256, #3958 ) ;
#1376 = VERTEX_POINT ( 'NONE', #6449 ) ;
#1377 = CARTESIAN_POINT ( 'NONE',  ( 9.800000000000002487, 2.791454495570343752, 10.00000000000000000 ) ) ;
#1378 = EDGE_CURVE ( 'NONE', #2959, #6131, #5571, .T. ) ;
#1379 = CARTESIAN_POINT ( 'NONE',  ( 27.73045543115249600, 21.72576775728267151, 9.000000000000001776 ) ) ;
#1380 = ORIENTED_EDGE ( 'NONE', *, *, #3234, .F. ) ;
#1381 = DIRECTION ( 'NONE',  ( 1.000000000000000000, -6.672013369141565463E-17, 0.000000000000000000 ) ) ;
#1382 = DIRECTION ( 'NONE',  ( -0.000000000000000000, -0.000000000000000000, -1.000000000000000000 ) ) ;
#1383 = EDGE_CURVE ( 'NONE', #4941, #3735, #1968, .T. ) ;
#1384 = ORIENTED_EDGE ( 'NONE', *, *, #2430, .F. ) ;
#1385 = LINE ( 'NONE', #3390, #4484 ) ;
#1386 = LINE ( 'NONE', #2460, #385 ) ;
#1387 = ORIENTED_EDGE ( 'NONE', *, *, #5542, .T. ) ;
#1388 = ORIENTED_EDGE ( 'NONE', *, *, #3043, .F. ) ;
#1389 = CARTESIAN_POINT ( 'NONE',  ( 7.000000000000002665, -4.208545504429671347, 5.000000000000000000 ) ) ;
#1390 = DIRECTION ( 'NONE',  ( -1.000000000000000000, 0.000000000000000000, 0.000000000000000000 ) ) ;
#1391 = DIRECTION ( 'NONE',  ( 0.000000000000000000, -1.000000000000000000, 0.000000000000000000 ) ) ;
#1392 = EDGE_CURVE ( 'NONE', #535, #4336, #959, .T. ) ;
#1393 = CARTESIAN_POINT ( 'NONE',  ( 0.5300225163811714824, -17.48634633336101629, 5.000000000000000000 ) ) ;
#1394 = ORIENTED_EDGE ( 'NONE', *, *, #1383, .F. ) ;
#1395 = CARTESIAN_POINT ( 'NONE',  ( -0.5094951284314038764, -15.02768348299414924, 4.000000000000000000 ) ) ;
#1396 = ORIENTED_EDGE ( 'NONE', *, *, #267, .F. ) ;
#1397 = CARTESIAN_POINT ( 'NONE',  ( -3.845088002972242069, -15.23314660543094057, 3.999999999999999112 ) ) ;
#1398 = DIRECTION ( 'NONE',  ( 0.8900702620852276592, -0.4558233523543239185, 0.000000000000000000 ) ) ;
#1399 = CARTESIAN_POINT ( 'NONE',  ( -5.016907051282050389, -16.32925082910378833, 4.000000000000000000 ) ) ;
#1400 = FACE_OUTER_BOUND ( 'NONE', #3616, .T. ) ;
#1401 = AXIS2_PLACEMENT_3D ( 'NONE', #5918, #3946, #4997 ) ;
#1402 = LINE ( 'NONE', #3543, #514 ) ;
#1403 = CARTESIAN_POINT ( 'NONE',  ( -1.740780248397436836, -15.01205832109098104, 5.000000000000000000 ) ) ;
#1404 = CARTESIAN_POINT ( 'NONE',  ( 0.1363148084311956998, -14.54079713354843584, 5.000000000000000000 ) ) ;
#1405 = ORIENTED_EDGE ( 'NONE', *, *, #1102, .F. ) ;
#1406 = DIRECTION ( 'NONE',  ( 1.000000000000000000, 0.000000000000000000, 0.000000000000000000 ) ) ;
#1407 = VECTOR ( 'NONE', #2088, 1000.000000000000000 ) ;
#1408 = AXIS2_PLACEMENT_3D ( 'NONE', #6040, #2641, #4134 ) ;
#1409 = CARTESIAN_POINT ( 'NONE',  ( -1.005059178219957383, -15.14848534415029313, 4.999999999999998224 ) ) ;
#1410 = VERTEX_POINT ( 'NONE', #3422 ) ;
#1411 = CARTESIAN_POINT ( 'NONE',  ( -4.413061768836471721, -15.54982462116395681, 4.999999999999993783 ) ) ;
#1412 = CARTESIAN_POINT ( 'NONE',  ( -1.320150252343086139, -17.58096810228651918, 5.000000000000001776 ) ) ;
#1413 = EDGE_CURVE ( 'NONE', #4160, #2953, #558, .T. ) ;
#1414 = AXIS2_PLACEMENT_3D ( 'NONE', #1665, #2046, #3073 ) ;
#1415 = VECTOR ( 'NONE', #6369, 1000.000000000000000 ) ;
#1416 = VERTEX_POINT ( 'NONE', #5474 ) ;
#1417 = CARTESIAN_POINT ( 'NONE',  ( 1.139171525026625886, -16.25528439861938423, 4.000000000000000000 ) ) ;
#1418 = PLANE ( 'NONE',  #813 ) ;
#1419 = ORIENTED_EDGE ( 'NONE', *, *, #5908, .F. ) ;
#1420 = AXIS2_PLACEMENT_3D ( 'NONE', #3200, #5117, #2173 ) ;
#1421 = B_SPLINE_SURFACE_WITH_KNOTS ( 'NONE', 3, 1, ( 
 ( #1339, #3225 ),
 ( #3716, #3291 ),
 ( #4780, #5277 ),
 ( #257, #1221 ),
 ( #5306, #786 ),
 ( #4224, #6222 ),
 ( #2726, #1705 ),
 ( #2264, #1738 ),
 ( #2298, #6253 ),
 ( #1769, #3786 ),
 ( #5801, #1403 ) ),
 .UNSPECIFIED., .F., .F., .F.,
 ( 4, 1, 1, 1, 1, 1, 1, 1, 4 ),
 ( 2, 2 ),
 ( 0.000000000000000000, 0.1292556063253775256, 0.2552415007642953593, 0.3789022272349721332, 0.5014238390024330361, 0.6232587093681617452, 0.7464370825446896562, 0.8713701220624815447, 1.000000000000000000 ),
 ( 0.000000000000000000, 1.000000000000000000 ),
 .UNSPECIFIED. ) ;
#1422 = ORIENTED_EDGE ( 'NONE', *, *, #4667, .T. ) ;
#1423 = VECTOR ( 'NONE', #3888, 1000.000000000000000 ) ;
#1424 = CARTESIAN_POINT ( 'NONE',  ( 0.7703133336098925144, -14.90025846607622917, 4.000000000000000000 ) ) ;
#1425 = CARTESIAN_POINT ( 'NONE',  ( -5.999999999999997335, -5.208545504429655360, 6.000000000000000888 ) ) ;
#1426 = DIRECTION ( 'NONE',  ( 0.8397897338196443906, 0.5429117819417172974, 0.000000000000000000 ) ) ;
#1427 = VERTEX_POINT ( 'NONE', #2553 ) ;
#1428 = CARTESIAN_POINT ( 'NONE',  ( 0.1867976494829336753, -17.68402191622607589, 4.999999999999998224 ) ) ;
#1429 = ORIENTED_EDGE ( 'NONE', *, *, #2200, .F. ) ;
#1430 = CARTESIAN_POINT ( 'NONE',  ( -1.544073903569161965, -15.78945888066755465, 4.000000000000000000 ) ) ;
#1431 = ORIENTED_EDGE ( 'NONE', *, *, #3484, .F. ) ;
#1432 = EDGE_CURVE ( 'NONE', #4001, #341, #2958, .T. ) ;
#1433 = EDGE_CURVE ( 'NONE', #3335, #574, #29, .T. ) ;
#1434 = CARTESIAN_POINT ( 'NONE',  ( -22.26058151680846819, 15.72900601150596600, 2.500000000000000000 ) ) ;
#1435 = DIRECTION ( 'NONE',  ( -0.000000000000000000, 0.000000000000000000, 1.000000000000000000 ) ) ;
#1436 = CARTESIAN_POINT ( 'NONE',  ( -0.5296705452097972833, 8.500000000000000000, 0.000000000000000000 ) ) ;
#1437 = PLANE ( 'NONE',  #4315 ) ;
#1438 = CARTESIAN_POINT ( 'NONE',  ( 7.000000000000003553, -8.208545504429656248, 10.00000000000000000 ) ) ;
#1439 = CARTESIAN_POINT ( 'NONE',  ( -4.392411679828140514, -16.25538345153673703, 4.000000000000000000 ) ) ;
#1440 = VECTOR ( 'NONE', #3862, 1000.000000000000000 ) ;
#1441 = CARTESIAN_POINT ( 'NONE',  ( 0.04201984716301995770, -14.51428896185825224, 5.000000000000000000 ) ) ;
#1442 = ORIENTED_EDGE ( 'NONE', *, *, #3673, .T. ) ;
#1443 = CARTESIAN_POINT ( 'NONE',  ( -4.578263971826562972, -15.15955317017008497, 4.000000000000000888 ) ) ;
#1444 = CARTESIAN_POINT ( 'NONE',  ( -0.8367242634084636199, -1.416704348598111007, 9.000000000000001776 ) ) ;
#1445 = ORIENTED_EDGE ( 'NONE', *, *, #5971, .F. ) ;
#1446 = DIRECTION ( 'NONE',  ( 0.000000000000000000, -1.000000000000000000, 0.000000000000000000 ) ) ;
#1447 = VECTOR ( 'NONE', #1846, 1000.000000000000000 ) ;
#1448 = AXIS2_PLACEMENT_3D ( 'NONE', #603, #2945, #1398 ) ;
#1449 = CARTESIAN_POINT ( 'NONE',  ( -6.999999999999998224, -6.208545504429656248, 10.00000000000000000 ) ) ;
#1450 = AXIS2_PLACEMENT_3D ( 'NONE', #5687, #734, #2733 ) ;
#1451 = ORIENTED_EDGE ( 'NONE', *, *, #1695, .F. ) ;
#1452 = CARTESIAN_POINT ( 'NONE',  ( 0.6058667180371160033, -17.42255314433825930, 3.999999999999999112 ) ) ;
#1453 = CARTESIAN_POINT ( 'NONE',  ( -1.740780248397436836, -15.01205832109098104, 4.000000000000000000 ) ) ;
#1454 = EDGE_CURVE ( 'NONE', #443, #3482, #5503, .T. ) ;
#1455 = ORIENTED_EDGE ( 'NONE', *, *, #4385, .T. ) ;
#1456 = AXIS2_PLACEMENT_3D ( 'NONE', #4492, #432, #1480 ) ;
#1457 = ORIENTED_EDGE ( 'NONE', *, *, #2265, .T. ) ;
#1458 = VECTOR ( 'NONE', #5205, 999.9999999999998863 ) ;
#1459 = CARTESIAN_POINT ( 'NONE',  ( -23.36898548953929833, -20.32500000000001705, 2.500000000000000000 ) ) ;
#1460 = DIRECTION ( 'NONE',  ( 0.7071067811865455743, 0.7071067811865495711, 0.000000000000000000 ) ) ;
#1461 = DIRECTION ( 'NONE',  ( -0.000000000000000000, -0.000000000000000000, -1.000000000000000000 ) ) ;
#1462 = EDGE_LOOP ( 'NONE', ( #203, #859, #6226, #2808, #1689, #2874, #3499, #1451, #6059, #6165, #952, #2255 ) ) ;
#1463 = CARTESIAN_POINT ( 'NONE',  ( -23.51198800726058380, 13.13699411993706789, 9.000000000000001776 ) ) ;
#1464 = ORIENTED_EDGE ( 'NONE', *, *, #3152, .F. ) ;
#1465 = ORIENTED_EDGE ( 'NONE', *, *, #5824, .F. ) ;
#1466 = FACE_OUTER_BOUND ( 'NONE', #1135, .T. ) ;
#1467 = CARTESIAN_POINT ( 'NONE',  ( -0.8793447650014651895, -17.14494028521496816, 4.999999999999998224 ) ) ;
#1468 = DIRECTION ( 'NONE',  ( -0.000000000000000000, -0.000000000000000000, -1.000000000000000000 ) ) ;
#1469 = LINE ( 'NONE', #485, #3653 ) ;
#1470 = CARTESIAN_POINT ( 'NONE',  ( -0.9203667246047769757, -14.50979851823894151, 4.000000000000001776 ) ) ;
#1471 = ADVANCED_FACE ( 'NONE', ( #5963 ), #5999, .F. ) ;
#1472 = CARTESIAN_POINT ( 'NONE',  ( -3.937737432199948096, -15.90019769347522605, 3.999999999999999112 ) ) ;
#1473 = DIRECTION ( 'NONE',  ( -0.000000000000000000, -0.000000000000000000, -1.000000000000000000 ) ) ;
#1474 = VERTEX_POINT ( 'NONE', #1933 ) ;
#1475 = CARTESIAN_POINT ( 'NONE',  ( 2.279487179487178050, -16.32925082910379899, 4.000000000000000000 ) ) ;
#1476 = CARTESIAN_POINT ( 'NONE',  ( -0.3526704194765992728, -14.45838921454071446, 4.000000000000000888 ) ) ;
#1477 = ADVANCED_FACE ( 'NONE', ( #3522 ), #3458, .T. ) ;
#1478 = ORIENTED_EDGE ( 'NONE', *, *, #219, .T. ) ;
#1479 = LINE ( 'NONE', #2520, #300 ) ;
#1480 = DIRECTION ( 'NONE',  ( -0.8900702620852276592, -0.4558233523543239185, 0.000000000000000000 ) ) ;
#1481 = VERTEX_POINT ( 'NONE', #5045 ) ;
#1482 = FACE_OUTER_BOUND ( 'NONE', #4601, .T. ) ;
#1483 = CARTESIAN_POINT ( 'NONE',  ( -21.49999999999998934, -14.49566939831962564, 5.000000000000000000 ) ) ;
#1484 = EDGE_LOOP ( 'NONE', ( #1464, #336, #1674, #3357 ) ) ;
#1485 = ORIENTED_EDGE ( 'NONE', *, *, #2352, .F. ) ;
#1486 = CARTESIAN_POINT ( 'NONE',  ( 0.5475547743088348129, -14.72745814986939372, 5.000000000000001776 ) ) ;
#1487 = FACE_OUTER_BOUND ( 'NONE', #3265, .T. ) ;
#1488 = CARTESIAN_POINT ( 'NONE',  ( 7.000000000000003553, -6.208545504429656248, 10.00000000000000000 ) ) ;
#1489 = EDGE_LOOP ( 'NONE', ( #6395, #113 ) ) ;
#1490 = CARTESIAN_POINT ( 'NONE',  ( 1.709615384615383205, -17.71322518807815882, 4.000000000000000000 ) ) ;
#1491 = ORIENTED_EDGE ( 'NONE', *, *, #4667, .F. ) ;
#1492 = EDGE_CURVE ( 'NONE', #3140, #4146, #2, .T. ) ;
#1493 = B_SPLINE_CURVE_WITH_KNOTS ( 'NONE', 3,
 ( #4972, #4047, #6481, #428, #526, #1016, #456, #6415, #1443, #3417, #3919, #2388, #4944, #24, #3454, #983, #3019, #5925, #5995 ),
 .UNSPECIFIED., .F., .F.,
 ( 4, 1, 1, 1, 1, 1, 1, 1, 1, 1, 1, 1, 1, 1, 1, 1, 4 ),
 ( 0.000000000000000000, 0.06376895995773981807, 0.1252623047603745043, 0.1854135826663900755, 0.2468067624960856576, 0.3094223888496974162, 0.3725326822170092478, 0.4377332507368588144, 0.5057495167426344640, 0.5440132631112704065, 0.5883695992066307889, 0.6403890193945120934, 0.6978974005877082165, 0.7632716192950987910, 0.8349786038393127718, 0.9138736558434372714, 1.000000000000000000 ),
 .UNSPECIFIED. ) ;
#1494 = ORIENTED_EDGE ( 'NONE', *, *, #1492, .F. ) ;
#1495 = EDGE_CURVE ( 'NONE', #4297, #1481, #4950, .T. ) ;
#1496 = FACE_OUTER_BOUND ( 'NONE', #4898, .T. ) ;
#1497 = CARTESIAN_POINT ( 'NONE',  ( -3.933806712607696543, -14.98990429835600757, 4.999999999999999112 ) ) ;
#1498 = DIRECTION ( 'NONE',  ( 0.000000000000000000, 1.000000000000000000, 0.000000000000000000 ) ) ;
#1499 = CARTESIAN_POINT ( 'NONE',  ( -21.73797097907860731, -17.50000000000002132, 2.500000000000000000 ) ) ;
#1500 = CARTESIAN_POINT ( 'NONE',  ( -1.545691788893651220, -14.82263217056909177, 4.999999999999999112 ) ) ;
#1501 = PLANE ( 'NONE',  #3421 ) ;
#1502 = EDGE_LOOP ( 'NONE', ( #4328, #4454, #478, #5945 ) ) ;
#1503 = LINE ( 'NONE', #3515, #3134 ) ;
#1504 = CARTESIAN_POINT ( 'NONE',  ( -0.5296705452097972833, 8.500000000000000000, 5.000000000000000000 ) ) ;
#1505 = EDGE_LOOP ( 'NONE', ( #5872, #3094, #908, #5410, #2168, #4036 ) ) ;
#1506 = VECTOR ( 'NONE', #2259, 1000.000000000000000 ) ;
#1507 = FACE_OUTER_BOUND ( 'NONE', #6446, .T. ) ;
#1508 = DIRECTION ( 'NONE',  ( -1.000000000000000000, 0.000000000000000000, 0.000000000000000000 ) ) ;
#1509 = ORIENTED_EDGE ( 'NONE', *, *, #5617, .T. ) ;
#1510 = EDGE_CURVE ( 'NONE', #5713, #5978, #2928, .T. ) ;
#1511 = VECTOR ( 'NONE', #3435, 1000.000000000000000 ) ;
#1512 = DIRECTION ( 'NONE',  ( 0.5085404518589193845, -0.8610380995189039766, 0.000000000000000000 ) ) ;
#1513 = CARTESIAN_POINT ( 'NONE',  ( -1.720051390361294175, -14.98933431933119564, 5.000000000000000000 ) ) ;
#1514 = ORIENTED_EDGE ( 'NONE', *, *, #5650, .F. ) ;
#1515 = ORIENTED_EDGE ( 'NONE', *, *, #1432, .F. ) ;
#1516 = VECTOR ( 'NONE', #1174, 1000.000000000000227 ) ;
#1517 = VECTOR ( 'NONE', #2669, 1000.000000000000000 ) ;
#1518 = CARTESIAN_POINT ( 'NONE',  ( -6.999999999999997335, -8.208545504429656248, 10.00000000000000000 ) ) ;
#1519 = CARTESIAN_POINT ( 'NONE',  ( -3.972728683737107858, -15.95326243232965346, 5.000000000000000888 ) ) ;
#1520 = AXIS2_PLACEMENT_3D ( 'NONE', #199, #595, #3688 ) ;
#1521 = EDGE_CURVE ( 'NONE', #6013, #5865, #495, .T. ) ;
#1522 = ORIENTED_EDGE ( 'NONE', *, *, #6456, .F. ) ;
#1523 = LINE ( 'NONE', #572, #2667 ) ;
#1524 = ORIENTED_EDGE ( 'NONE', *, *, #6444, .F. ) ;
#1525 = AXIS2_PLACEMENT_3D ( 'NONE', #2319, #3808, #2221 ) ;
#1526 = ORIENTED_EDGE ( 'NONE', *, *, #3507, .T. ) ;
#1527 = DIRECTION ( 'NONE',  ( 0.5085404518589187184, -0.8610380995189044206, 0.000000000000000000 ) ) ;
#1528 = CARTESIAN_POINT ( 'NONE',  ( -3.860145966736817424, -15.16856007411823448, 5.000000000000000000 ) ) ;
#1529 = EDGE_CURVE ( 'NONE', #4116, #5225, #721, .T. ) ;
#1530 = CARTESIAN_POINT ( 'NONE',  ( -3.908275352273725023, -15.84352712202670510, 5.000000000000001776 ) ) ;
#1531 = PLANE ( 'NONE',  #4205 ) ;
#1532 = LINE ( 'NONE', #3545, #2187 ) ;
#1533 = DIRECTION ( 'NONE',  ( -0.000000000000000000, -0.000000000000000000, -1.000000000000000000 ) ) ;
#1534 = ORIENTED_EDGE ( 'NONE', *, *, #3001, .T. ) ;
#1535 = DIRECTION ( 'NONE',  ( -0.000000000000000000, -0.000000000000000000, 1.000000000000000000 ) ) ;
#1536 = LINE ( 'NONE', #3955, #2132 ) ;
#1537 = ORIENTED_EDGE ( 'NONE', *, *, #2544, .T. ) ;
#1538 = CARTESIAN_POINT ( 'NONE',  ( -0.4258509072241702942, -15.02810925100230222, 5.000000000000000000 ) ) ;
#1539 = CARTESIAN_POINT ( 'NONE',  ( -0.9056215674326211218, -17.74168337376050530, 5.000000000000000888 ) ) ;
#1540 = AXIS2_PLACEMENT_3D ( 'NONE', #3227, #1707, #3719 ) ;
#1541 = ORIENTED_EDGE ( 'NONE', *, *, #4650, .F. ) ;
#1542 = CARTESIAN_POINT ( 'NONE',  ( 0.4636568509615375810, -16.65489185474482525, 4.000000000000000000 ) ) ;
#1543 = DIRECTION ( 'NONE',  ( 0.000000000000000000, 1.000000000000000000, 0.000000000000000000 ) ) ;
#1544 = CARTESIAN_POINT ( 'NONE',  ( -1.475649145367523118, -14.76872126294798271, 4.000000000000000000 ) ) ;
#1545 = VERTEX_POINT ( 'NONE', #4023 ) ;
#1546 = VERTEX_POINT ( 'NONE', #3555 ) ;
#1547 = EDGE_CURVE ( 'NONE', #2696, #2561, #704, .T. ) ;
#1548 = VECTOR ( 'NONE', #2749, 1000.000000000000000 ) ;
#1549 = CARTESIAN_POINT ( 'NONE',  ( -0.6978361426892959463, -15.04450368638769397, 4.000000000000001776 ) ) ;
#1550 = ADVANCED_FACE ( 'NONE', ( #5601 ), #2199, .T. ) ;
#1551 = CARTESIAN_POINT ( 'NONE',  ( -5.999999999999997335, -9.208545504429654471, 10.00000000000000000 ) ) ;
#1552 = DIRECTION ( 'NONE',  ( -0.000000000000000000, -0.000000000000000000, 1.000000000000000000 ) ) ;
#1553 = CIRCLE ( 'NONE', #5357, 1.750000000000001554 ) ;
#1554 = ORIENTED_EDGE ( 'NONE', *, *, #815, .T. ) ;
#1555 = LINE ( 'NONE', #2109, #4156 ) ;
#1556 = ORIENTED_EDGE ( 'NONE', *, *, #2203, .F. ) ;
#1557 = ADVANCED_FACE ( 'NONE', ( #4684 ), #6123, .T. ) ;
#1558 = VECTOR ( 'NONE', #2888, 1000.000000000000000 ) ;
#1559 = ORIENTED_EDGE ( 'NONE', *, *, #219, .F. ) ;
#1560 = VECTOR ( 'NONE', #1698, 1000.000000000000000 ) ;
#1561 = DIRECTION ( 'NONE',  ( -0.4511465413988245965, 0.8924498855307666512, 0.000000000000000000 ) ) ;
#1562 = LINE ( 'NONE', #4176, #142 ) ;
#1563 = CARTESIAN_POINT ( 'NONE',  ( -4.392411679828140514, -16.25538345153673703, 4.000000000000000000 ) ) ;
#1564 = CARTESIAN_POINT ( 'NONE',  ( -0.9056215674326211218, -17.74168337376050530, 4.999999999999993783 ) ) ;
#1565 = CARTESIAN_POINT ( 'NONE',  ( 20.46074529610707060, 18.30322271705049531, 9.000000000000001776 ) ) ;
#1566 = FACE_OUTER_BOUND ( 'NONE', #2640, .T. ) ;
#1567 = ORIENTED_EDGE ( 'NONE', *, *, #5820, .T. ) ;
#1568 = CARTESIAN_POINT ( 'NONE',  ( -4.693809813418641674, -15.12634812296136566, 4.999999999999997335 ) ) ;
#1569 = CARTESIAN_POINT ( 'NONE',  ( 0.4300287121940193358, -16.72557555394894280, 3.999999999999999112 ) ) ;
#1570 = ORIENTED_EDGE ( 'NONE', *, *, #6210, .F. ) ;
#1571 = DIRECTION ( 'NONE',  ( 1.000000000000000000, -6.938893903907222067E-15, 0.000000000000000000 ) ) ;
#1572 = DIRECTION ( 'NONE',  ( 0.5429117819417174085, 0.8397897338196443906, -0.000000000000000000 ) ) ;
#1573 = EDGE_CURVE ( 'NONE', #5630, #2400, #3556, .T. ) ;
#1574 = VERTEX_POINT ( 'NONE', #4223 ) ;
#1575 = ADVANCED_FACE ( 'NONE', ( #5675 ), #2163, .T. ) ;
#1576 = CARTESIAN_POINT ( 'NONE',  ( -22.26058151680846819, 15.72900601150596600, 2.500000000000000000 ) ) ;
#1577 = DIRECTION ( 'NONE',  ( -1.000000000000000000, 0.000000000000000000, 0.000000000000000000 ) ) ;
#1578 = CYLINDRICAL_SURFACE ( 'NONE', #2699, 3.257139434613112172 ) ;
#1579 = EDGE_LOOP ( 'NONE', ( #4106, #6066, #6237, #2815, #1025, #4345 ) ) ;
#1580 = ORIENTED_EDGE ( 'NONE', *, *, #5608, .F. ) ;
#1581 = EDGE_CURVE ( 'NONE', #3806, #3868, #5676, .T. ) ;
#1582 = EDGE_CURVE ( 'NONE', #1005, #2625, #2095, .T. ) ;
#1583 = CARTESIAN_POINT ( 'NONE',  ( -29.49999999999999645, -19.75000000000000000, 0.000000000000000000 ) ) ;
#1584 = CARTESIAN_POINT ( 'NONE',  ( 0.1867976494829336753, -17.68402191622607589, 3.999999999999998224 ) ) ;
#1585 = CARTESIAN_POINT ( 'NONE',  ( -4.157904819556923037, -16.13428924865901593, 5.000000000000000000 ) ) ;
#1586 = CARTESIAN_POINT ( 'NONE',  ( -0.6624330859149232253, -17.20635806257904221, 4.000000000000000888 ) ) ;
#1587 = ORIENTED_EDGE ( 'NONE', *, *, #5775, .F. ) ;
#1588 = DIRECTION ( 'NONE',  ( -0.5085404518589206058, 0.8610380995189033104, 0.000000000000000000 ) ) ;
#1589 = ORIENTED_EDGE ( 'NONE', *, *, #390, .F. ) ;
#1590 = EDGE_LOOP ( 'NONE', ( #1598, #2232, #6501, #3528 ) ) ;
#1591 = ADVANCED_FACE ( 'NONE', ( #658 ), #6094, .F. ) ;
#1592 = PLANE ( 'NONE',  #4369 ) ;
#1593 = CYLINDRICAL_SURFACE ( 'NONE', #4990, 1.500000000000001332 ) ;
#1594 = DIRECTION ( 'NONE',  ( -1.000000000000000000, 0.000000000000000000, 0.000000000000000000 ) ) ;
#1595 = CARTESIAN_POINT ( 'NONE',  ( -0.4793661538925714227, -17.79407567159341497, 4.000000000000000000 ) ) ;
#1596 = CARTESIAN_POINT ( 'NONE',  ( 9.800000000000002487, 2.791454495570343752, 6.000000000000016875 ) ) ;
#1597 = DIRECTION ( 'NONE',  ( 4.336808689942020201E-16, -1.000000000000000000, 0.000000000000000000 ) ) ;
#1598 = ORIENTED_EDGE ( 'NONE', *, *, #4979, .F. ) ;
#1599 = CARTESIAN_POINT ( 'NONE',  ( 19.19238815542513166, -12.03553390593273242, 5.000000000000000000 ) ) ;
#1600 = CARTESIAN_POINT ( 'NONE',  ( 0.3520804037182353463, -16.85313485653561472, 3.999999999999998224 ) ) ;
#1601 = ORIENTED_EDGE ( 'NONE', *, *, #5356, .F. ) ;
#1602 = CARTESIAN_POINT ( 'NONE',  ( -0.4274038461538470779, -17.22476364961662298, 5.000000000000000000 ) ) ;
#1603 = DIRECTION ( 'NONE',  ( 0.000000000000000000, -1.000000000000000000, 0.000000000000000000 ) ) ;
#1604 = ORIENTED_EDGE ( 'NONE', *, *, #4632, .F. ) ;
#1605 = DIRECTION ( 'NONE',  ( -0.05028052826558215144, -0.9987351342960424372, -0.000000000000000000 ) ) ;
#1606 = DIRECTION ( 'NONE',  ( -0.8397897338196442796, -0.5429117819417172974, 0.000000000000000000 ) ) ;
#1607 = DIRECTION ( 'NONE',  ( -0.000000000000000000, -0.000000000000000000, -1.000000000000000000 ) ) ;
#1608 = CARTESIAN_POINT ( 'NONE',  ( 27.75000000000000355, -15.24999999999999467, 9.000000000000001776 ) ) ;
#1609 = VERTEX_POINT ( 'NONE', #4188 ) ;
#1610 = VERTEX_POINT ( 'NONE', #2691 ) ;
#1611 = ADVANCED_FACE ( 'NONE', ( #1218 ), #96, .F. ) ;
#1612 = DIRECTION ( 'NONE',  ( 0.000000000000000000, 0.000000000000000000, 1.000000000000000000 ) ) ;
#1613 = CIRCLE ( 'NONE', #5311, 4.257139434613116613 ) ;
#1614 = CARTESIAN_POINT ( 'NONE',  ( -0.3262956696057711103, -17.79295521362713828, 4.000000000000001776 ) ) ;
#1615 = LINE ( 'NONE', #3728, #3626 ) ;
#1616 = CIRCLE ( 'NONE', #1414, 1.749999999999998002 ) ;
#1617 = VERTEX_POINT ( 'NONE', #3649 ) ;
#1618 = DIRECTION ( 'NONE',  ( -1.000000000000000000, 0.000000000000000000, 0.000000000000000000 ) ) ;
#1619 = AXIS2_PLACEMENT_3D ( 'NONE', #3686, #5708, #3191 ) ;
#1620 = ORIENTED_EDGE ( 'NONE', *, *, #2467, .F. ) ;
#1621 = ORIENTED_EDGE ( 'NONE', *, *, #194, .T. ) ;
#1622 = VECTOR ( 'NONE', #1313, 1000.000000000000000 ) ;
#1623 = VECTOR ( 'NONE', #5649, 1000.000000000000000 ) ;
#1624 = EDGE_CURVE ( 'NONE', #6301, #1749, #1704, .T. ) ;
#1625 = CARTESIAN_POINT ( 'NONE',  ( -4.396495742537823048, -15.44668884345459503, 4.000000000000000000 ) ) ;
#1626 = PLANE ( 'NONE',  #1824 ) ;
#1627 = CARTESIAN_POINT ( 'NONE',  ( -1.458819483906499626, -16.63863675248896712, 4.000000000000000888 ) ) ;
#1628 = VECTOR ( 'NONE', #532, 1000.000000000000000 ) ;
#1629 = CARTESIAN_POINT ( 'NONE',  ( -3.828011659420312629, -15.51420243732616733, 5.000000000000000000 ) ) ;
#1630 = EDGE_CURVE ( 'NONE', #250, #5589, #2126, .T. ) ;
#1631 = CARTESIAN_POINT ( 'NONE',  ( -1.811100477711193202, -17.15536548952404061, 4.999999999999994671 ) ) ;
#1632 = ADVANCED_FACE ( 'NONE', ( #1154 ), #5177, .F. ) ;
#1633 = CARTESIAN_POINT ( 'NONE',  ( -1.587676718579142721, -17.39342198505761772, 4.000000000000000000 ) ) ;
#1634 = CARTESIAN_POINT ( 'NONE',  ( 0.9152293669871784942, -15.04322318487303178, 5.000000000000000000 ) ) ;
#1635 = ORIENTED_EDGE ( 'NONE', *, *, #957, .F. ) ;
#1636 = CARTESIAN_POINT ( 'NONE',  ( -4.578263971826562972, -15.15955317017008497, 4.000000000000000888 ) ) ;
#1637 = CARTESIAN_POINT ( 'NONE',  ( -1.463520126352013673, -15.59651043888651678, 3.999999999999999112 ) ) ;
#1638 = DIRECTION ( 'NONE',  ( -0.000000000000000000, -0.000000000000000000, 1.000000000000000000 ) ) ;
#1639 = DIRECTION ( 'NONE',  ( 0.8397897338196435024, 0.5429117819417186297, 0.000000000000000000 ) ) ;
#1640 = VERTEX_POINT ( 'NONE', #321 ) ;
#1641 = CARTESIAN_POINT ( 'NONE',  ( -4.705277850584707267, -15.74096866693937358, 3.999999999999998224 ) ) ;
#1642 = LINE ( 'NONE', #1190, #5524 ) ;
#1643 = CARTESIAN_POINT ( 'NONE',  ( 7.000000000000003553, -5.208545504429656248, 10.00000000000000000 ) ) ;
#1644 = DIRECTION ( 'NONE',  ( 1.000000000000000000, 0.000000000000000000, 0.000000000000000000 ) ) ;
#1645 = ORIENTED_EDGE ( 'NONE', *, *, #352, .F. ) ;
#1646 = ORIENTED_EDGE ( 'NONE', *, *, #6331, .T. ) ;
#1647 = FACE_OUTER_BOUND ( 'NONE', #4010, .T. ) ;
#1648 = CARTESIAN_POINT ( 'NONE',  ( 0.4500339802339450301, -17.54444440201391586, 5.000000000000001776 ) ) ;
#1649 = EDGE_LOOP ( 'NONE', ( #1064, #2596, #5818, #900 ) ) ;
#1650 = LINE ( 'NONE', #3174, #2785 ) ;
#1651 = ADVANCED_FACE ( 'NONE', ( #1278 ), #2353, .F. ) ;
#1652 = CIRCLE ( 'NONE', #4189, 1.000000000000000888 ) ;
#1653 = VERTEX_POINT ( 'NONE', #256 ) ;
#1654 = VECTOR ( 'NONE', #1248, 1000.000000000000114 ) ;
#1655 = LINE ( 'NONE', #1170, #1304 ) ;
#1656 = EDGE_LOOP ( 'NONE', ( #3196, #5123, #5584, #3495 ) ) ;
#1657 = VECTOR ( 'NONE', #3466, 1000.000000000000000 ) ;
#1658 = AXIS2_PLACEMENT_3D ( 'NONE', #1377, #3384, #4783 ) ;
#1659 = ORIENTED_EDGE ( 'NONE', *, *, #3663, .T. ) ;
#1660 = EDGE_CURVE ( 'NONE', #4639, #3400, #932, .T. ) ;
#1661 = VECTOR ( 'NONE', #4316, 1000.000000000000000 ) ;
#1662 = CARTESIAN_POINT ( 'NONE',  ( -19.19238815542510679, -12.03553390593273242, 5.000000000000000000 ) ) ;
#1663 = EDGE_CURVE ( 'NONE', #5855, #944, #5881, .T. ) ;
#1664 = EDGE_LOOP ( 'NONE', ( #2613, #2011, #1364, #6000 ) ) ;
#1665 = CARTESIAN_POINT ( 'NONE',  ( -28.51207079035955516, 16.96115051869449175, 0.000000000000000000 ) ) ;
#1666 = DIRECTION ( 'NONE',  ( -1.000000000000000000, 0.000000000000000000, 0.000000000000000000 ) ) ;
#1667 = AXIS2_PLACEMENT_3D ( 'NONE', #1187, #6348, #880 ) ;
#1668 = VECTOR ( 'NONE', #3893, 1000.000000000000000 ) ;
#1669 = CARTESIAN_POINT ( 'NONE',  ( -4.278274748009652129, -16.20625942290764243, 4.000000000000000000 ) ) ;
#1670 = CARTESIAN_POINT ( 'NONE',  ( -0.7937325473817727906, -17.76542137330358528, 4.999999999999993783 ) ) ;
#1671 = CARTESIAN_POINT ( 'NONE',  ( -1.320150252343086139, -17.58096810228651918, 4.000000000000001776 ) ) ;
#1672 = VECTOR ( 'NONE', #2854, 1000.000000000000000 ) ;
#1673 = CARTESIAN_POINT ( 'NONE',  ( 20.32178339562597458, 18.81176316890941536, 5.000000000000000000 ) ) ;
#1674 = ORIENTED_EDGE ( 'NONE', *, *, #1777, .T. ) ;
#1675 = CARTESIAN_POINT ( 'NONE',  ( 7.000000000000003553, -9.208545504429656248, 10.00000000000000000 ) ) ;
#1676 = CARTESIAN_POINT ( 'NONE',  ( -28.26202902092138913, -17.50000000000000711, 0.000000000000000000 ) ) ;
#1677 = LINE ( 'NONE', #1118, #5151 ) ;
#1678 = CARTESIAN_POINT ( 'NONE',  ( -22.09656497441888234, 18.98690900379348534, 2.500000000000000000 ) ) ;
#1679 = DIRECTION ( 'NONE',  ( -1.000000000000000000, 0.000000000000000000, 0.000000000000000000 ) ) ;
#1680 = DIRECTION ( 'NONE',  ( -7.709882115452477180E-16, 1.000000000000000000, 0.000000000000000000 ) ) ;
#1681 = DIRECTION ( 'NONE',  ( -0.000000000000000000, -0.000000000000000000, -1.000000000000000000 ) ) ;
#1682 = EDGE_CURVE ( 'NONE', #5099, #4920, #4874, .T. ) ;
#1683 = DIRECTION ( 'NONE',  ( 1.000000000000000000, -0.000000000000000000, 0.000000000000000000 ) ) ;
#1684 = ORIENTED_EDGE ( 'NONE', *, *, #4615, .T. ) ;
#1685 = DIRECTION ( 'NONE',  ( -0.8610380995189045317, 0.5085404518589184963, -0.000000000000000000 ) ) ;
#1686 = DIRECTION ( 'NONE',  ( 0.000000000000000000, 0.000000000000000000, -1.000000000000000000 ) ) ;
#1687 = CARTESIAN_POINT ( 'NONE',  ( 1.139171525026625886, -16.25528439861938423, 4.000000000000000000 ) ) ;
#1688 = LINE ( 'NONE', #207, #5940 ) ;
#1689 = ORIENTED_EDGE ( 'NONE', *, *, #2750, .F. ) ;
#1690 = DIRECTION ( 'NONE',  ( -0.000000000000000000, -0.000000000000000000, 1.000000000000000000 ) ) ;
#1691 = VERTEX_POINT ( 'NONE', #5305 ) ;
#1692 = DIRECTION ( 'NONE',  ( -0.000000000000000000, -0.000000000000000000, -1.000000000000000000 ) ) ;
#1693 = DIRECTION ( 'NONE',  ( -0.000000000000000000, -0.000000000000000000, -1.000000000000000000 ) ) ;
#1694 = CARTESIAN_POINT ( 'NONE',  ( -30.01888746451763623, 17.85109630944759473, 9.000000000000001776 ) ) ;
#1695 = EDGE_CURVE ( 'NONE', #5380, #4619, #4749, .T. ) ;
#1696 = DIRECTION ( 'NONE',  ( 0.000000000000000000, -1.000000000000000000, 0.000000000000000000 ) ) ;
#1697 = ADVANCED_FACE ( 'NONE', ( #785 ), #4351, .F. ) ;
#1698 = DIRECTION ( 'NONE',  ( 1.000000000000000000, -2.127171113256157107E-15, 0.000000000000000000 ) ) ;
#1699 = CARTESIAN_POINT ( 'NONE',  ( -4.987821925170131010, -14.53868059320250694, 4.999999999999994671 ) ) ;
#1700 = ORIENTED_EDGE ( 'NONE', *, *, #4615, .F. ) ;
#1701 = CARTESIAN_POINT ( 'NONE',  ( -4.734038591572304888, -15.12121523040714521, 5.000000000000001776 ) ) ;
#1702 = LINE ( 'NONE', #1676, #4567 ) ;
#1703 = CARTESIAN_POINT ( 'NONE',  ( 26.50000000000000000, 17.50000000000000000, 5.000000000000000000 ) ) ;
#1704 = LINE ( 'NONE', #3224, #1347 ) ;
#1705 = CARTESIAN_POINT ( 'NONE',  ( -1.996269987160796067, -15.38395414467272815, 4.999999999999999112 ) ) ;
#1706 = FACE_OUTER_BOUND ( 'NONE', #1342, .T. ) ;
#1707 = DIRECTION ( 'NONE',  ( -1.000000000000000000, 0.000000000000000000, -0.000000000000000000 ) ) ;
#1708 = CARTESIAN_POINT ( 'NONE',  ( 16.46446609406726580, -9.307611844574852356, 0.000000000000000000 ) ) ;
#1709 = ORIENTED_EDGE ( 'NONE', *, *, #3187, .F. ) ;
#1710 = LINE ( 'NONE', #4128, #197 ) ;
#1711 = CARTESIAN_POINT ( 'NONE',  ( 22.50000000000000711, -20.49999999999999289, 9.000000000000001776 ) ) ;
#1712 = ADVANCED_FACE ( 'NONE', ( #3749, #5827 ), #350, .F. ) ;
#1713 = ADVANCED_FACE ( 'NONE', ( #1767 ), #2262, .T. ) ;
#1714 = CARTESIAN_POINT ( 'NONE',  ( 1.110276616292767304, -16.53045069420640090, 3.999999999999999112 ) ) ;
#1715 = CARTESIAN_POINT ( 'NONE',  ( -29.49999999999999289, -19.75000000000000000, 9.000000000000001776 ) ) ;
#1716 = ORIENTED_EDGE ( 'NONE', *, *, #3507, .F. ) ;
#1717 = CARTESIAN_POINT ( 'NONE',  ( -1.542582277911255240, -16.43954842584754061, 5.000000000000002665 ) ) ;
#1718 = EDGE_LOOP ( 'NONE', ( #430, #4257, #5363, #2963 ) ) ;
#1719 = VECTOR ( 'NONE', #5823, 1000.000000000000000 ) ;
#1720 = ORIENTED_EDGE ( 'NONE', *, *, #1547, .T. ) ;
#1721 = CARTESIAN_POINT ( 'NONE',  ( -26.50000000000000000, -17.50000000000000000, 5.000000000000000000 ) ) ;
#1722 = VECTOR ( 'NONE', #90, 1000.000000000000000 ) ;
#1723 = CYLINDRICAL_SURFACE ( 'NONE', #5838, 1.000000000000000888 ) ;
#1724 = DIRECTION ( 'NONE',  ( -0.8397897338196435024, 0.5429117819417187407, -0.000000000000000000 ) ) ;
#1725 = ORIENTED_EDGE ( 'NONE', *, *, #267, .T. ) ;
#1726 = CARTESIAN_POINT ( 'NONE',  ( -15.86005420924688991, 7.456272356324761041, 5.000000000000000000 ) ) ;
#1727 = VECTOR ( 'NONE', #1856, 1000.000000000000000 ) ;
#1728 = FACE_OUTER_BOUND ( 'NONE', #2999, .T. ) ;
#1729 = ORIENTED_EDGE ( 'NONE', *, *, #4847, .T. ) ;
#1730 = CARTESIAN_POINT ( 'NONE',  ( -1.331874386065286409, -16.81908500358545311, 4.000000000000000000 ) ) ;
#1731 = EDGE_CURVE ( 'NONE', #513, #5322, #1553, .T. ) ;
#1732 = UNCERTAINTY_MEASURE_WITH_UNIT (LENGTH_MEASURE( 1.000000000000000082E-05 ), #1287, 'distance_accuracy_value', 'NONE');
#1733 =( GEOMETRIC_REPRESENTATION_CONTEXT ( 3 ) GLOBAL_UNCERTAINTY_ASSIGNED_CONTEXT ( ( #1732 ) ) GLOBAL_UNIT_ASSIGNED_CONTEXT ( ( #1287, #2839, #3364 ) ) REPRESENTATION_CONTEXT ( 'NONE', 'WORKASPACE' ) );
#1734 = DIRECTION ( 'NONE',  ( 1.000000000000000000, -0.000000000000000000, 0.000000000000000000 ) ) ;
#1735 = CARTESIAN_POINT ( 'NONE',  ( -23.36898548953931609, -14.67500000000000782, 2.500000000000000000 ) ) ;
#1736 = APPLICATION_CONTEXT ( 'automotive_design' ) ;
#1737 = LINE ( 'NONE', #1338, #6396 ) ;
#1738 = CARTESIAN_POINT ( 'NONE',  ( -1.924998605220628267, -15.25382484343543155, 5.000000000000000888 ) ) ;
#1739 = CARTESIAN_POINT ( 'NONE',  ( -2.154024959294543518, -15.95574390214069282, 5.000000000000000000 ) ) ;
#1740 = DIRECTION ( 'NONE',  ( -1.000000000000000000, 0.000000000000000000, 0.000000000000000000 ) ) ;
#1741 = FACE_OUTER_BOUND ( 'NONE', #3804, .T. ) ;
#1742 = ORIENTED_EDGE ( 'NONE', *, *, #4698, .T. ) ;
#1743 = DIRECTION ( 'NONE',  ( -0.000000000000000000, -0.000000000000000000, -1.000000000000000000 ) ) ;
#1744 = CARTESIAN_POINT ( 'NONE',  ( 21.73797097907860731, -17.50000000000002132, 0.000000000000000000 ) ) ;
#1745 = ORIENTED_EDGE ( 'NONE', *, *, #5145, .F. ) ;
#1746 = CARTESIAN_POINT ( 'NONE',  ( 24.99999999999999645, -17.50000000000000000, 5.000000000000000000 ) ) ;
#1747 = DIRECTION ( 'NONE',  ( -1.000000000000000000, 0.000000000000000000, 0.000000000000000000 ) ) ;
#1748 = DIRECTION ( 'NONE',  ( -0.000000000000000000, -0.000000000000000000, -1.000000000000000000 ) ) ;
#1749 = VERTEX_POINT ( 'NONE', #6252 ) ;
#1750 = CARTESIAN_POINT ( 'NONE',  ( -1.587500000000001021, -16.10918872974482596, 5.000000000000000000 ) ) ;
#1751 = ORIENTED_EDGE ( 'NONE', *, *, #6302, .F. ) ;
#1752 = EDGE_CURVE ( 'NONE', #511, #4638, #1737, .T. ) ;
#1753 = VECTOR ( 'NONE', #1343, 1000.000000000000000 ) ;
#1754 = CARTESIAN_POINT ( 'NONE',  ( -4.402855671620519828, -15.51354412638552027, 4.000000000000000000 ) ) ;
#1755 = DIRECTION ( 'NONE',  ( -1.000000000000000000, 0.000000000000000000, 0.000000000000000000 ) ) ;
#1756 = EDGE_CURVE ( 'NONE', #4520, #3700, #2496, .T. ) ;
#1757 = DIRECTION ( 'NONE',  ( -0.000000000000000000, 1.000000000000000000, -0.000000000000000000 ) ) ;
#1758 = VERTEX_POINT ( 'NONE', #288 ) ;
#1759 = CARTESIAN_POINT ( 'NONE',  ( 13.16682257459468453, 2.791454495570344196, 10.00000000000000000 ) ) ;
#1760 = VECTOR ( 'NONE', #4373, 1000.000000000000000 ) ;
#1761 = DIRECTION ( 'NONE',  ( -0.000000000000000000, 0.000000000000000000, 1.000000000000000000 ) ) ;
#1762 = VERTEX_POINT ( 'NONE', #3814 ) ;
#1763 = CARTESIAN_POINT ( 'NONE',  ( -1.586620180787939649, -16.14741154042555493, 3.999999999999999112 ) ) ;
#1764 = VECTOR ( 'NONE', #5074, 1000.000000000000000 ) ;
#1765 = CARTESIAN_POINT ( 'NONE',  ( -4.887770599336987765, -15.10966402539352416, 4.999999999999999112 ) ) ;
#1766 = DIRECTION ( 'NONE',  ( 0.000000000000000000, -0.000000000000000000, -1.000000000000000000 ) ) ;
#1767 = FACE_OUTER_BOUND ( 'NONE', #5193, .T. ) ;
#1768 = AXIS2_PLACEMENT_3D ( 'NONE', #987, #2393, #5406 ) ;
#1769 = CARTESIAN_POINT ( 'NONE',  ( -1.774165953381786176, -15.05133716502196783, 4.000000000000000888 ) ) ;
#1770 = CARTESIAN_POINT ( 'NONE',  ( 29.50000000000000711, -19.74999999999999289, 5.000000000000000000 ) ) ;
#1771 = CARTESIAN_POINT ( 'NONE',  ( -30.01888746451763268, 17.85109630944759473, 0.000000000000000000 ) ) ;
#1772 = DIRECTION ( 'NONE',  ( 1.000000000000000000, 0.000000000000000000, 0.000000000000000000 ) ) ;
#1773 = ORIENTED_EDGE ( 'NONE', *, *, #957, .T. ) ;
#1774 = PLANE ( 'NONE',  #403 ) ;
#1775 = EDGE_CURVE ( 'NONE', #3657, #4798, #2605, .T. ) ;
#1776 = DIRECTION ( 'NONE',  ( 0.000000000000000000, -0.000000000000000000, -1.000000000000000000 ) ) ;
#1777 = EDGE_CURVE ( 'NONE', #5668, #2065, #1796, .T. ) ;
#1778 = ORIENTED_EDGE ( 'NONE', *, *, #1951, .F. ) ;
#1779 = FACE_OUTER_BOUND ( 'NONE', #2043, .T. ) ;
#1780 = VERTEX_POINT ( 'NONE', #1372 ) ;
#1781 = DIRECTION ( 'NONE',  ( 1.000000000000000000, -0.000000000000000000, 0.000000000000000000 ) ) ;
#1782 = EDGE_LOOP ( 'NONE', ( #2242, #2930, #1999, #1874 ) ) ;
#1783 = VERTEX_POINT ( 'NONE', #818 ) ;
#1784 = CARTESIAN_POINT ( 'NONE',  ( 3.378525641025639903, -14.53822518807815989, 4.000000000000000000 ) ) ;
#1785 = DIRECTION ( 'NONE',  ( 0.8900702620852275482, -0.4558233523543239185, 0.000000000000000000 ) ) ;
#1786 = PLANE ( 'NONE',  #4994 ) ;
#1787 = ORIENTED_EDGE ( 'NONE', *, *, #3969, .T. ) ;
#1788 = DIRECTION ( 'NONE',  ( -1.000000000000000000, 0.000000000000000000, 0.000000000000000000 ) ) ;
#1789 = ORIENTED_EDGE ( 'NONE', *, *, #2538, .F. ) ;
#1790 = ADVANCED_FACE ( 'NONE', ( #2826 ), #2855, .T. ) ;
#1791 = CARTESIAN_POINT ( 'NONE',  ( -20.81324294376706874, 19.67280126842831933, 5.000000000000000000 ) ) ;
#1792 = ORIENTED_EDGE ( 'NONE', *, *, #6168, .F. ) ;
#1793 = CARTESIAN_POINT ( 'NONE',  ( -1.568235892687699806, -16.33322781619297714, 3.999999999999999112 ) ) ;
#1794 = CARTESIAN_POINT ( 'NONE',  ( 22.09656497441888234, 18.98690900379348534, 0.000000000000000000 ) ) ;
#1795 = PLANE ( 'NONE',  #3339 ) ;
#1796 = LINE ( 'NONE', #850, #5142 ) ;
#1797 = CARTESIAN_POINT ( 'NONE',  ( -2.144737928400898053, -16.33547002649874713, 4.999999999999991118 ) ) ;
#1798 = CARTESIAN_POINT ( 'NONE',  ( 5.495192307692304823, -17.71322518807815882, 4.000000000000000000 ) ) ;
#1799 = ORIENTED_EDGE ( 'NONE', *, *, #4663, .F. ) ;
#1800 = CARTESIAN_POINT ( 'NONE',  ( -1.342709132345139666, -15.42094958386488024, 5.000000000000000000 ) ) ;
#1801 = CARTESIAN_POINT ( 'NONE',  ( -24.83598345761040704, 20.75790299228751223, 2.500000000000000000 ) ) ;
#1802 = ORIENTED_EDGE ( 'NONE', *, *, #3405, .T. ) ;
#1803 = PLANE ( 'NONE',  #1349 ) ;
#1804 = CARTESIAN_POINT ( 'NONE',  ( 9.800000000000002487, 2.791454495570343752, 6.000000000000016875 ) ) ;
#1805 = ORIENTED_EDGE ( 'NONE', *, *, #845, .T. ) ;
#1806 = LINE ( 'NONE', #3898, #3210 ) ;
#1807 = CARTESIAN_POINT ( 'NONE',  ( 0.3520804037182353463, -16.85313485653561472, 3.999999999999998224 ) ) ;
#1808 = EDGE_CURVE ( 'NONE', #893, #3108, #5399, .T. ) ;
#1809 = EDGE_LOOP ( 'NONE', ( #1900, #3453, #3176, #2774 ) ) ;
#1810 = ORIENTED_EDGE ( 'NONE', *, *, #3131, .F. ) ;
#1811 = DIRECTION ( 'NONE',  ( -0.7071067811865486830, -0.7071067811865464625, 0.000000000000000000 ) ) ;
#1812 = DIRECTION ( 'NONE',  ( 1.000000000000000000, 0.000000000000000000, 0.000000000000000000 ) ) ;
#1813 = DIRECTION ( 'NONE',  ( -0.5085404518589206058, 0.8610380995189033104, 0.000000000000000000 ) ) ;
#1814 = DIRECTION ( 'NONE',  ( -0.000000000000000000, -0.000000000000000000, -1.000000000000000000 ) ) ;
#1815 = AXIS2_PLACEMENT_3D ( 'NONE', #3214, #6337, #3308 ) ;
#1816 = ORIENTED_EDGE ( 'NONE', *, *, #1924, .F. ) ;
#1817 = B_SPLINE_CURVE_WITH_KNOTS ( 'NONE', 3,
 ( #4323, #3256, #2322, #4383, #849, #4845, #2261, #4286, #784, #5798, #3288, #5334, #4250, #3748, #2792, #6284, #348, #3784, #5860, #4350, #1276, #3714, #4873, #6345, #5304, #287, #2294 ),
 .UNSPECIFIED., .F., .F.,
 ( 4, 1, 1, 1, 1, 1, 1, 1, 1, 1, 1, 1, 1, 1, 1, 1, 1, 1, 1, 1, 1, 1, 1, 1, 4 ),
 ( 0.000000000000000000, 0.07288902662003830801, 0.1401861299444947251, 0.2022774341249594099, 0.2588951317514626704, 0.3104829424654785841, 0.3570952441313352543, 0.3985135666534657672, 0.4350375108701164395, 0.4692514858292881064, 0.5028050278902749248, 0.5362104463185621839, 0.5693793599392057425, 0.6028014750483932094, 0.6366657983367768336, 0.6709286568940430184, 0.7058030002293130822, 0.7411890612458772454, 0.7763043110764616950, 0.8120043009129355172, 0.8479689758088961860, 0.8845217611964798499, 0.9219741585442051690, 0.9601981758096084230, 0.9999999999999998890 ),
 .UNSPECIFIED. ) ;
#1818 = DIRECTION ( 'NONE',  ( -0.000000000000000000, 0.000000000000000000, 1.000000000000000000 ) ) ;
#1819 = ORIENTED_EDGE ( 'NONE', *, *, #2091, .F. ) ;
#1820 = VECTOR ( 'NONE', #244, 1000.000000000000000 ) ;
#1821 = CARTESIAN_POINT ( 'NONE',  ( -4.909185704635593339, -15.75848815063609187, 5.000000000000000000 ) ) ;
#1822 = CARTESIAN_POINT ( 'NONE',  ( 0.4498689790132371913, -15.42181728326246670, 5.000000000000000888 ) ) ;
#1823 = CARTESIAN_POINT ( 'NONE',  ( -4.950121727997546905, -15.10860986254749960, 5.000000000000000000 ) ) ;
#1824 = AXIS2_PLACEMENT_3D ( 'NONE', #5062, #4568, #611 ) ;
#1825 = EDGE_CURVE ( 'NONE', #2179, #1783, #20, .T. ) ;
#1826 = DIRECTION ( 'NONE',  ( 0.000000000000000000, 0.000000000000000000, 1.000000000000000000 ) ) ;
#1827 = DIRECTION ( 'NONE',  ( 1.000000000000000000, 0.000000000000000000, 0.000000000000000000 ) ) ;
#1828 = ADVANCED_FACE ( 'NONE', ( #423 ), #5920, .F. ) ;
#1829 = CARTESIAN_POINT ( 'NONE',  ( -5.780128205128205465, -14.53822518807814923, 4.000000000000000000 ) ) ;
#1830 = AXIS2_PLACEMENT_3D ( 'NONE', #1608, #4754, #3622 ) ;
#1831 = VERTEX_POINT ( 'NONE', #3950 ) ;
#1832 = CARTESIAN_POINT ( 'NONE',  ( 4.355448717948715576, -15.10809698294995584, 4.000000000000000000 ) ) ;
#1833 = CYLINDRICAL_SURFACE ( 'NONE', #4823, 4.999999999999999112 ) ;
#1834 = CARTESIAN_POINT ( 'NONE',  ( -16.74999999999999645, 5.949455682166679971, 0.000000000000000000 ) ) ;
#1835 = EDGE_CURVE ( 'NONE', #4029, #5720, #1402, .T. ) ;
#1836 = VERTEX_POINT ( 'NONE', #4448 ) ;
#1837 = DIRECTION ( 'NONE',  ( -0.5085404518589186074, -0.8610380995189046427, 0.000000000000000000 ) ) ;
#1838 = AXIS2_PLACEMENT_3D ( 'NONE', #2165, #5111, #1606 ) ;
#1839 = DIRECTION ( 'NONE',  ( -1.000000000000000000, 0.000000000000000000, -0.000000000000000000 ) ) ;
#1840 = ORIENTED_EDGE ( 'NONE', *, *, #3487, .F. ) ;
#1841 = CARTESIAN_POINT ( 'NONE',  ( 5.495192307692304823, -15.10809698294995584, 4.000000000000000000 ) ) ;
#1842 = CARTESIAN_POINT ( 'NONE',  ( 0.3199168669871786386, -14.60691509192431425, 4.000000000000000000 ) ) ;
#1843 = ORIENTED_EDGE ( 'NONE', *, *, #2203, .T. ) ;
#1844 = ORIENTED_EDGE ( 'NONE', *, *, #6148, .F. ) ;
#1845 = ADVANCED_FACE ( 'NONE', ( #382 ), #1531, .F. ) ;
#1846 = DIRECTION ( 'NONE',  ( -0.000000000000000000, -0.000000000000000000, -1.000000000000000000 ) ) ;
#1847 = CARTESIAN_POINT ( 'NONE',  ( 1.709615384615383205, -14.53822518807815989, 4.000000000000000000 ) ) ;
#1848 = DIRECTION ( 'NONE',  ( 0.000000000000000000, 0.000000000000000000, 1.000000000000000000 ) ) ;
#1849 = LINE ( 'NONE', #3873, #2779 ) ;
#1850 = ORIENTED_EDGE ( 'NONE', *, *, #2665, .F. ) ;
#1851 = LINE ( 'NONE', #4899, #396 ) ;
#1852 = EDGE_CURVE ( 'NONE', #4336, #1357, #6019, .T. ) ;
#1853 = AXIS2_PLACEMENT_3D ( 'NONE', #364, #2366, #4397 ) ;
#1854 = ORIENTED_EDGE ( 'NONE', *, *, #1951, .T. ) ;
#1855 = ADVANCED_FACE ( 'NONE', ( #4481 ), #5560, .T. ) ;
#1856 = DIRECTION ( 'NONE',  ( -1.000000000000000000, 0.000000000000000000, 0.000000000000000000 ) ) ;
#1857 = CARTESIAN_POINT ( 'NONE',  ( 0.7703133336098925144, -14.90025846607622917, 4.000000000000000000 ) ) ;
#1858 = UNCERTAINTY_MEASURE_WITH_UNIT (LENGTH_MEASURE( 1.000000000000000082E-05 ), #3175, 'distance_accuracy_value', 'NONE');
#1859 = CARTESIAN_POINT ( 'NONE',  ( -4.988286258012820440, -15.75937903423199593, 4.000000000001039169 ) ) ;
#1860 = AXIS2_PLACEMENT_3D ( 'NONE', #171, #1686, #2700 ) ;
#1861 = DIRECTION ( 'NONE',  ( 0.000000000000000000, 0.000000000000000000, 1.000000000000000000 ) ) ;
#1862 = DIRECTION ( 'NONE',  ( -1.000000000000000000, 0.000000000000000000, 0.000000000000000000 ) ) ;
#1863 = CARTESIAN_POINT ( 'NONE',  ( -1.475649145367523118, -14.76872126294798271, 5.000000000000000000 ) ) ;
#1864 = CONICAL_SURFACE ( 'NONE', #3142, 3.366822574594681150, 0.7853981633974450594 ) ;
#1865 = CARTESIAN_POINT ( 'NONE',  ( -2.101372368549947023, -15.65932615770141645, 5.000000000000000000 ) ) ;
#1866 = ORIENTED_EDGE ( 'NONE', *, *, #4735, .T. ) ;
#1867 = DIRECTION ( 'NONE',  ( -0.000000000000000000, -0.000000000000000000, -1.000000000000000000 ) ) ;
#1868 = CARTESIAN_POINT ( 'NONE',  ( 11.16682257459468453, 2.791454495570343752, 5.000000000000000000 ) ) ;
#1869 = ORIENTED_EDGE ( 'NONE', *, *, #916, .T. ) ;
#1870 = CARTESIAN_POINT ( 'NONE',  ( 1.135291466346152855, -16.08502005987303107, 4.000000000000000000 ) ) ;
#1871 = PRODUCT_RELATED_PRODUCT_CATEGORY ( 'part', '', ( #425 ) ) ;
#1872 = VECTOR ( 'NONE', #852, 1000.000000000000000 ) ;
#1873 = DIRECTION ( 'NONE',  ( -0.000000000000000000, -0.000000000000000000, -1.000000000000000000 ) ) ;
#1874 = ORIENTED_EDGE ( 'NONE', *, *, #1495, .T. ) ;
#1875 = EDGE_CURVE ( 'NONE', #5056, #4472, #2394, .T. ) ;
#1876 = CARTESIAN_POINT ( 'NONE',  ( 25.33369296624130840, 22.34263864068764249, 5.000000000000000000 ) ) ;
#1877 = PLANE ( 'NONE',  #3012 ) ;
#1878 = VERTEX_POINT ( 'NONE', #3985 ) ;
#1879 = EDGE_LOOP ( 'NONE', ( #1567, #1725 ) ) ;
#1880 = CARTESIAN_POINT ( 'NONE',  ( 0.8436112743699052396, -14.96917307924897500, 5.000000000000000888 ) ) ;
#1881 = DIRECTION ( 'NONE',  ( -1.000000000000000000, 6.672013369141565463E-17, 0.000000000000000000 ) ) ;
#1882 = CARTESIAN_POINT ( 'NONE',  ( -5.210256410256410398, -17.71322518807814816, 4.000000000000000000 ) ) ;
#1883 = CARTESIAN_POINT ( 'NONE',  ( 28.51207079035956227, 16.96115051869449886, 9.000000000000001776 ) ) ;
#1884 = ORIENTED_EDGE ( 'NONE', *, *, #5756, .T. ) ;
#1885 = CARTESIAN_POINT ( 'NONE',  ( 0.3199168669871786386, -14.60691509192431425, 4.000000000000000000 ) ) ;
#1886 = ORIENTED_EDGE ( 'NONE', *, *, #3287, .F. ) ;
#1887 = CARTESIAN_POINT ( 'NONE',  ( -3.860145966736817424, -15.16856007411823448, 4.999999999999996447 ) ) ;
#1888 = DIRECTION ( 'NONE',  ( -0.000000000000000000, -0.000000000000000000, 1.000000000000000000 ) ) ;
#1889 = EDGE_CURVE ( 'NONE', #443, #5809, #3033, .T. ) ;
#1890 = CARTESIAN_POINT ( 'NONE',  ( -4.754285971661861510, -14.54998608670966931, 5.000000000000000888 ) ) ;
#1891 = EDGE_CURVE ( 'NONE', #556, #5109, #1168, .T. ) ;
#1892 = CARTESIAN_POINT ( 'NONE',  ( 24.37302610677950199, 13.64553457179599505, 9.000000000000001776 ) ) ;
#1893 = DIRECTION ( 'NONE',  ( 0.7071067811865517916, 0.000000000000000000, 0.7071067811865432429 ) ) ;
#1894 = CARTESIAN_POINT ( 'NONE',  ( -1.251885865057675407, -14.63132709191673264, 5.000000000000000888 ) ) ;
#1895 = ORIENTED_EDGE ( 'NONE', *, *, #4430, .F. ) ;
#1896 = CARTESIAN_POINT ( 'NONE',  ( -0.3526704194765992728, -14.45838921454071446, 5.000000000000000888 ) ) ;
#1897 = ORIENTED_EDGE ( 'NONE', *, *, #6109, .F. ) ;
#1898 = DIRECTION ( 'NONE',  ( -0.000000000000000000, -0.000000000000000000, -1.000000000000000000 ) ) ;
#1899 = CARTESIAN_POINT ( 'NONE',  ( -0.9075435334973613877, -15.10372660975241743, 4.999999999999999112 ) ) ;
#1900 = ORIENTED_EDGE ( 'NONE', *, *, #365, .T. ) ;
#1901 = DIRECTION ( 'NONE',  ( -1.000000000000000000, 2.127171113256150401E-15, -0.000000000000000000 ) ) ;
#1902 = DIRECTION ( 'NONE',  ( 1.000000000000000000, 0.000000000000000000, 0.000000000000000000 ) ) ;
#1903 = ORIENTED_EDGE ( 'NONE', *, *, #6370, .F. ) ;
#1904 = CARTESIAN_POINT ( 'NONE',  ( -8.799999999999998934, 2.791454495570343752, 5.000000000000000000 ) ) ;
#1905 = CARTESIAN_POINT ( 'NONE',  ( -14.99999999999999822, 5.949455682166679971, 0.000000000000000000 ) ) ;
#1906 = ORIENTED_EDGE ( 'NONE', *, *, #4685, .F. ) ;
#1907 = ORIENTED_EDGE ( 'NONE', *, *, #1433, .F. ) ;
#1908 = ADVANCED_FACE ( 'NONE', ( #4545 ), #6411, .T. ) ;
#1909 = EDGE_CURVE ( 'NONE', #6244, #4146, #3412, .T. ) ;
#1910 = FACE_BOUND ( 'NONE', #5784, .T. ) ;
#1911 = CARTESIAN_POINT ( 'NONE',  ( 9.800000000000002487, 2.791454495570343752, 10.00000000000000000 ) ) ;
#1912 = DIRECTION ( 'NONE',  ( 1.000000000000000000, 0.000000000000000000, 0.000000000000000000 ) ) ;
#1913 = EDGE_LOOP ( 'NONE', ( #295, #2609, #6209, #3670 ) ) ;
#1914 = CARTESIAN_POINT ( 'NONE',  ( -1.740780248397436836, -15.01205832109098104, 4.000000000000000000 ) ) ;
#1915 = VERTEX_POINT ( 'NONE', #2915 ) ;
#1916 = CARTESIAN_POINT ( 'NONE',  ( -3.297115384615386446, -17.71322518807815882, 5.000000000000000000 ) ) ;
#1917 = ORIENTED_EDGE ( 'NONE', *, *, #2571, .F. ) ;
#1918 = CARTESIAN_POINT ( 'NONE',  ( -3.933806712607696543, -14.98990429835600757, 3.999999999999999112 ) ) ;
#1919 = CARTESIAN_POINT ( 'NONE',  ( 21.32178339562597813, 18.81176316890941536, 9.000000000000001776 ) ) ;
#1920 = CARTESIAN_POINT ( 'NONE',  ( 2.279487179487178050, -16.32925082910379899, 5.000000000000000000 ) ) ;
#1921 = DIRECTION ( 'NONE',  ( 1.000000000000000000, 0.000000000000000000, 0.000000000000000000 ) ) ;
#1922 = VECTOR ( 'NONE', #319, 1000.000000000000000 ) ;
#1923 = DIRECTION ( 'NONE',  ( -0.5000000000000004441, 0.8660254037844383745, 0.000000000000000000 ) ) ;
#1924 = EDGE_CURVE ( 'NONE', #731, #2850, #4093, .T. ) ;
#1925 = FACE_OUTER_BOUND ( 'NONE', #1155, .T. ) ;
#1926 = LINE ( 'NONE', #4422, #2028 ) ;
#1927 = VERTEX_POINT ( 'NONE', #4675 ) ;
#1928 = LINE ( 'NONE', #5436, #5243 ) ;
#1929 = CONICAL_SURFACE ( 'NONE', #6460, 3.366822574594681150, 0.7853981633974450594 ) ;
#1930 = CARTESIAN_POINT ( 'NONE',  ( -0.2516596594728344738, -14.46563862997375338, 3.999999999999997335 ) ) ;
#1931 = ORIENTED_EDGE ( 'NONE', *, *, #2080, .F. ) ;
#1932 = DIRECTION ( 'NONE',  ( -1.000000000000000000, 0.000000000000000000, 0.000000000000000000 ) ) ;
#1933 = CARTESIAN_POINT ( 'NONE',  ( 0.4840094150641016668, -15.45599862557816095, 5.000000000000000000 ) ) ;
#1934 = VECTOR ( 'NONE', #6371, 1000.000000000000000 ) ;
#1935 = AXIS2_PLACEMENT_3D ( 'NONE', #275, #2280, #6335 ) ;
#1936 = VERTEX_POINT ( 'NONE', #6081 ) ;
#1937 = PLANE ( 'NONE',  #796 ) ;
#1938 = CARTESIAN_POINT ( 'NONE',  ( -0.9203667246047769757, -14.50979851823894151, 4.000000000000001776 ) ) ;
#1939 = ORIENTED_EDGE ( 'NONE', *, *, #4579, .F. ) ;
#1940 = CIRCLE ( 'NONE', #2258, 1.500000000000001332 ) ;
#1941 = ORIENTED_EDGE ( 'NONE', *, *, #434, .T. ) ;
#1942 = CARTESIAN_POINT ( 'NONE',  ( 0.6222935443772469322, -14.77931125610864171, 4.000000000000000888 ) ) ;
#1943 = CARTESIAN_POINT ( 'NONE',  ( -4.392411679828140514, -16.25538345153673703, 5.000000000000000000 ) ) ;
#1944 = LINE ( 'NONE', #3905, #258 ) ;
#1945 = B_SPLINE_CURVE_WITH_KNOTS ( 'NONE', 3,
 ( #1004, #4897, #5943, #5024, #907, #477, #1363, #2469, #2971, #373, #3397, #2939, #3500, #870, #4008, #1393, #5913, #6431, #5484, #1428, #6468, #4505, #4929, #3006, #5422, #6402, #6500 ),
 .UNSPECIFIED., .F., .F.,
 ( 4, 1, 1, 1, 1, 1, 1, 1, 1, 1, 1, 1, 1, 1, 1, 1, 1, 1, 1, 1, 1, 1, 1, 1, 4 ),
 ( 0.000000000000000000, 0.04195372266421871360, 0.08383257525769682861, 0.1253224468957348514, 0.1668154700621970465, 0.2084751830704548725, 0.2506434167191428641, 0.2930936687606691682, 0.3364423456538537804, 0.3795937467411215627, 0.4216564160417499707, 0.4629884048755588677, 0.5037180680597168614, 0.5438632444771041019, 0.5836082316923879576, 0.6231429243126040962, 0.6630127359613448013, 0.7029317129670360487, 0.7428875242888828279, 0.7836516854457782344, 0.8248505851518200815, 0.8669256875343537283, 0.9100657235186396798, 0.9542124608440872846, 0.9999999999999998890 ),
 .UNSPECIFIED. ) ;
#1946 = VERTEX_POINT ( 'NONE', #582 ) ;
#1947 = DIRECTION ( 'NONE',  ( -0.000000000000000000, -0.000000000000000000, -1.000000000000000000 ) ) ;
#1948 = ADVANCED_FACE ( 'NONE', ( #87 ), #2051, .T. ) ;
#1949 = ORIENTED_EDGE ( 'NONE', *, *, #4059, .T. ) ;
#1950 = ORIENTED_EDGE ( 'NONE', *, *, #2679, .F. ) ;
#1951 = EDGE_CURVE ( 'NONE', #4508, #5961, #5663, .T. ) ;
#1952 = CARTESIAN_POINT ( 'NONE',  ( -4.178253569168950854, -14.71551028023093188, 4.000000000000000888 ) ) ;
#1953 = CARTESIAN_POINT ( 'NONE',  ( -0.4274038461538470779, -17.22476364961662298, 5.000000000000000000 ) ) ;
#1954 = CARTESIAN_POINT ( 'NONE',  ( -5.999999999999997335, -9.208545504429654471, 10.00000000000000000 ) ) ;
#1955 = CARTESIAN_POINT ( 'NONE',  ( 4.355448717948715576, -15.10809698294995584, 5.000000000000000000 ) ) ;
#1956 = CARTESIAN_POINT ( 'NONE',  ( 9.800000000000002487, 2.791454495570343752, 5.000000000000000000 ) ) ;
#1957 = DIRECTION ( 'NONE',  ( -1.000000000000000000, 1.334402673828313093E-16, 0.000000000000000000 ) ) ;
#1958 = AXIS2_PLACEMENT_3D ( 'NONE', #3589, #2631, #5147 ) ;
#1959 = DIRECTION ( 'NONE',  ( 0.000000000000000000, 0.000000000000000000, 1.000000000000000000 ) ) ;
#1960 = ORIENTED_EDGE ( 'NONE', *, *, #971, .T. ) ;
#1961 = PLANE ( 'NONE',  #5352 ) ;
#1962 = VECTOR ( 'NONE', #1638, 1000.000000000000000 ) ;
#1963 = FACE_OUTER_BOUND ( 'NONE', #2079, .T. ) ;
#1964 = ORIENTED_EDGE ( 'NONE', *, *, #1036, .T. ) ;
#1965 = ORIENTED_EDGE ( 'NONE', *, *, #2197, .T. ) ;
#1966 = CARTESIAN_POINT ( 'NONE',  ( -0.2064802702917326593, -15.05100548843820896, 4.999999999999998224 ) ) ;
#1967 = CIRCLE ( 'NONE', #5666, 1.500000000000001332 ) ;
#1968 = LINE ( 'NONE', #2521, #2386 ) ;
#1969 = AXIS2_PLACEMENT_3D ( 'NONE', #4742, #3779, #3743 ) ;
#1970 = VERTEX_POINT ( 'NONE', #5169 ) ;
#1971 = CARTESIAN_POINT ( 'NONE',  ( 7.000000000000003553, -6.208545504429656248, 5.000000000000000000 ) ) ;
#1972 = CARTESIAN_POINT ( 'NONE',  ( -0.6474327424021644184, -14.46515654082228153, 4.999999999999999112 ) ) ;
#1973 = ADVANCED_FACE ( 'NONE', ( #4645 ), #6005, .T. ) ;
#1974 = ORIENTED_EDGE ( 'NONE', *, *, #2947, .T. ) ;
#1975 = CIRCLE ( 'NONE', #298, 1.500000000000001332 ) ;
#1976 = VERTEX_POINT ( 'NONE', #4848 ) ;
#1977 = ADVANCED_FACE ( 'NONE', ( #3322 ), #2856, .T. ) ;
#1978 = AXIS2_PLACEMENT_3D ( 'NONE', #4967, #6410, #5493 ) ;
#1979 = CARTESIAN_POINT ( 'NONE',  ( 24.88156655863842204, 12.78449647227709107, 5.000000000000000000 ) ) ;
#1980 = DIRECTION ( 'NONE',  ( 1.000000000000000000, -0.000000000000000000, 0.000000000000000000 ) ) ;
#1981 = EDGE_CURVE ( 'NONE', #241, #5435, #2759, .T. ) ;
#1982 = DIRECTION ( 'NONE',  ( -0.000000000000000000, 0.000000000000000000, -1.000000000000000000 ) ) ;
#1983 = ORIENTED_EDGE ( 'NONE', *, *, #1072, .T. ) ;
#1984 = LINE ( 'NONE', #1490, #3199 ) ;
#1985 = ORIENTED_EDGE ( 'NONE', *, *, #5971, .T. ) ;
#1986 = VERTEX_POINT ( 'NONE', #727 ) ;
#1987 = CARTESIAN_POINT ( 'NONE',  ( 3.948397435897434526, -17.71322518807815882, 4.000000000000000000 ) ) ;
#1988 = FACE_OUTER_BOUND ( 'NONE', #4724, .T. ) ;
#1989 = CARTESIAN_POINT ( 'NONE',  ( 23.49999999999999645, -17.50000000000000000, 2.500000000000000000 ) ) ;
#1990 = CARTESIAN_POINT ( 'NONE',  ( -1.740780248397436836, -15.01205832109098104, 4.000000000000000000 ) ) ;
#1991 = CARTESIAN_POINT ( 'NONE',  ( -5.016907051282050389, -16.32925082910378833, 5.000000000000000000 ) ) ;
#1992 = DIRECTION ( 'NONE',  ( -0.000000000000000000, 0.000000000000000000, 1.000000000000000000 ) ) ;
#1993 = ORIENTED_EDGE ( 'NONE', *, *, #5580, .F. ) ;
#1994 = PLANE ( 'NONE',  #2183 ) ;
#1995 = FACE_OUTER_BOUND ( 'NONE', #3769, .T. ) ;
#1996 = ORIENTED_EDGE ( 'NONE', *, *, #5209, .T. ) ;
#1997 = CARTESIAN_POINT ( 'NONE',  ( -4.705277850584707267, -15.74096866693937358, 4.999999999999991118 ) ) ;
#1998 = DIRECTION ( 'NONE',  ( -0.000000000000000000, 0.000000000000000000, 1.000000000000000000 ) ) ;
#1999 = ORIENTED_EDGE ( 'NONE', *, *, #5650, .T. ) ;
#2000 = EDGE_CURVE ( 'NONE', #3735, #3566, #2829, .T. ) ;
#2001 = DIRECTION ( 'NONE',  ( 0.000000000000000000, 0.000000000000000000, -1.000000000000000000 ) ) ;
#2002 = CARTESIAN_POINT ( 'NONE',  ( -1.545691788893651220, -14.82263217056909177, 4.999999999999998224 ) ) ;
#2003 = ORIENTED_EDGE ( 'NONE', *, *, #2773, .F. ) ;
#2004 = ORIENTED_EDGE ( 'NONE', *, *, #739, .F. ) ;
#2005 = CARTESIAN_POINT ( 'NONE',  ( 0.3970017988162010680, -14.64052744876494572, 4.000000000000000888 ) ) ;
#2006 = LINE ( 'NONE', #2071, #3206 ) ;
#2007 = ADVANCED_FACE ( 'NONE', ( #6288 ), #2324, .F. ) ;
#2008 = ORIENTED_EDGE ( 'NONE', *, *, #3807, .T. ) ;
#2009 = LINE ( 'NONE', #3536, #151 ) ;
#2010 = EDGE_LOOP ( 'NONE', ( #3732, #5498, #608, #4392 ) ) ;
#2011 = ORIENTED_EDGE ( 'NONE', *, *, #1835, .F. ) ;
#2012 = VERTEX_POINT ( 'NONE', #4252 ) ;
#2013 = FACE_OUTER_BOUND ( 'NONE', #5518, .T. ) ;
#2014 = CARTESIAN_POINT ( 'NONE',  ( -4.042379089280638382, -14.83613371534582548, 4.999999999999999112 ) ) ;
#2015 = CARTESIAN_POINT ( 'NONE',  ( -3.826866216971895440, -15.46512649087890701, 5.000000000000000000 ) ) ;
#2016 = CARTESIAN_POINT ( 'NONE',  ( 8.000000000000001776, -6.208545504429656248, 6.000000000000000888 ) ) ;
#2017 = CARTESIAN_POINT ( 'NONE',  ( -2.144737928400898053, -16.33547002649874713, 3.999999999999998224 ) ) ;
#2018 = CARTESIAN_POINT ( 'NONE',  ( 22.50000000000000355, -14.49566939831962209, 5.000000000000000000 ) ) ;
#2019 = VERTEX_POINT ( 'NONE', #4352 ) ;
#2020 = CARTESIAN_POINT ( 'NONE',  ( 1.709615384615383205, -14.53822518807815989, 4.000000000000000000 ) ) ;
#2021 = EDGE_CURVE ( 'NONE', #968, #332, #6349, .T. ) ;
#2022 = CARTESIAN_POINT ( 'NONE',  ( -0.9075435334973613877, -15.10372660975241743, 4.000000000000000000 ) ) ;
#2023 = ORIENTED_EDGE ( 'NONE', *, *, #3713, .F. ) ;
#2024 = EDGE_CURVE ( 'NONE', #5393, #2035, #1279, .T. ) ;
#2025 = CARTESIAN_POINT ( 'NONE',  ( -29.49999999999999289, -15.25000000000000178, 9.000000000000001776 ) ) ;
#2026 = CARTESIAN_POINT ( 'NONE',  ( 4.925320512820510643, -17.71322518807815882, 4.000000000000000000 ) ) ;
#2027 = ORIENTED_EDGE ( 'NONE', *, *, #3426, .T. ) ;
#2028 = VECTOR ( 'NONE', #3952, 1000.000000000000114 ) ;
#2029 = VECTOR ( 'NONE', #2814, 1000.000000000000000 ) ;
#2030 = DIRECTION ( 'NONE',  ( -0.000000000000000000, -0.000000000000000000, -1.000000000000000000 ) ) ;
#2031 = CARTESIAN_POINT ( 'NONE',  ( -1.251885865057675407, -14.63132709191673264, 4.000000000000000888 ) ) ;
#2032 = ADVANCED_FACE ( 'NONE', ( #290 ), #1421, .T. ) ;
#2033 = EDGE_LOOP ( 'NONE', ( #6365, #3007, #1621, #63 ) ) ;
#2034 = ORIENTED_EDGE ( 'NONE', *, *, #1220, .F. ) ;
#2035 = VERTEX_POINT ( 'NONE', #488 ) ;
#2036 = AXIS2_PLACEMENT_3D ( 'NONE', #2282, #5265, #5755 ) ;
#2037 = AXIS2_PLACEMENT_3D ( 'NONE', #3236, #2211, #5689 ) ;
#2038 = FACE_OUTER_BOUND ( 'NONE', #2033, .T. ) ;
#2039 = LINE ( 'NONE', #5447, #5030 ) ;
#2040 = CARTESIAN_POINT ( 'NONE',  ( -4.055789648018072846, -16.05017032030975699, 5.000000000000001776 ) ) ;
#2041 = ORIENTED_EDGE ( 'NONE', *, *, #2024, .T. ) ;
#2042 = CARTESIAN_POINT ( 'NONE',  ( 2.279487179487178050, -16.32925082910379899, 5.000000000000000000 ) ) ;
#2043 = EDGE_LOOP ( 'NONE', ( #6067, #1816, #698, #924 ) ) ;
#2044 = AXIS2_PLACEMENT_3D ( 'NONE', #5098, #3117, #3608 ) ;
#2045 = ORIENTED_EDGE ( 'NONE', *, *, #5293, .T. ) ;
#2046 = DIRECTION ( 'NONE',  ( 0.000000000000000000, 0.000000000000000000, 1.000000000000000000 ) ) ;
#2047 = CARTESIAN_POINT ( 'NONE',  ( 24.99999999999999645, 17.50000000000000000, 5.000000000000000000 ) ) ;
#2048 = EDGE_CURVE ( 'NONE', #4725, #1574, #2982, .T. ) ;
#2049 = CARTESIAN_POINT ( 'NONE',  ( -4.011129872859713785, -16.00390001245806459, 5.000000000000000888 ) ) ;
#2050 = EDGE_CURVE ( 'NONE', #4029, #4357, #2757, .T. ) ;
#2051 = CYLINDRICAL_SURFACE ( 'NONE', #6084, 3.257139434613112172 ) ;
#2052 = CARTESIAN_POINT ( 'NONE',  ( -0.6474327424021644184, -14.46515654082228153, 5.000000000000000000 ) ) ;
#2053 = DIRECTION ( 'NONE',  ( -0.000000000000000000, -0.000000000000000000, -1.000000000000000000 ) ) ;
#2054 = ORIENTED_EDGE ( 'NONE', *, *, #2878, .T. ) ;
#2055 = CARTESIAN_POINT ( 'NONE',  ( -4.458215643467397626, -15.25065689765209065, 3.999999999999998224 ) ) ;
#2056 = CARTESIAN_POINT ( 'NONE',  ( 0.1105153617737233834, -17.08736688799039172, 4.000000000000000888 ) ) ;
#2057 = VERTEX_POINT ( 'NONE', #6513 ) ;
#2058 = PLANE ( 'NONE',  #5685 ) ;
#2059 = CARTESIAN_POINT ( 'NONE',  ( -22.49999999999999289, -20.50000000000000000, 9.000000000000001776 ) ) ;
#2060 = VECTOR ( 'NONE', #3621, 1000.000000000000000 ) ;
#2061 = EDGE_LOOP ( 'NONE', ( #1239, #2970, #1974, #4105, #4810, #5635, #3472, #4377, #4120, #6269, #493, #1086 ) ) ;
#2062 = CARTESIAN_POINT ( 'NONE',  ( 3.231599351462889125, 5.471600447553132796, 9.000000000000001776 ) ) ;
#2063 = CARTESIAN_POINT ( 'NONE',  ( -15.86005420924688991, 7.456272356324761041, 5.000000000000000000 ) ) ;
#2064 = LINE ( 'NONE', #4658, #5547 ) ;
#2065 = VERTEX_POINT ( 'NONE', #5464 ) ;
#2066 = DIRECTION ( 'NONE',  ( 0.000000000000000000, 1.000000000000000000, 0.000000000000000000 ) ) ;
#2067 = VECTOR ( 'NONE', #3098, 1000.000000000000000 ) ;
#2068 = CARTESIAN_POINT ( 'NONE',  ( -1.098038976398268529, -15.20291703840947406, 3.999999999999999112 ) ) ;
#2069 = EDGE_CURVE ( 'NONE', #5795, #4974, #5781, .T. ) ;
#2070 = DIRECTION ( 'NONE',  ( -0.000000000000000000, -0.000000000000000000, -1.000000000000000000 ) ) ;
#2071 = CARTESIAN_POINT ( 'NONE',  ( 8.000000000000001776, -6.208545504429656248, 6.000000000000000888 ) ) ;
#2072 = AXIS2_PLACEMENT_3D ( 'NONE', #2655, #3615, #3685 ) ;
#2073 = DIRECTION ( 'NONE',  ( -1.000000000000000000, 0.000000000000000000, 0.000000000000000000 ) ) ;
#2074 = EDGE_LOOP ( 'NONE', ( #1067, #415, #438, #844 ) ) ;
#2075 = LINE ( 'NONE', #3104, #676 ) ;
#2076 = EDGE_LOOP ( 'NONE', ( #964, #3892, #2041, #3324 ) ) ;
#2077 = VECTOR ( 'NONE', #2478, 1000.000000000000000 ) ;
#2078 = AXIS2_PLACEMENT_3D ( 'NONE', #5073, #4653, #1571 ) ;
#2079 = EDGE_LOOP ( 'NONE', ( #5040, #4183, #6073, #6139 ) ) ;
#2080 = EDGE_CURVE ( 'NONE', #5802, #1986, #4420, .T. ) ;
#2081 = VECTOR ( 'NONE', #2869, 1000.000000000000000 ) ;
#2082 = ORIENTED_EDGE ( 'NONE', *, *, #5812, .T. ) ;
#2083 = CARTESIAN_POINT ( 'NONE',  ( 27.75000000000000355, -13.49999999999999467, 5.000000000000000000 ) ) ;
#2084 = CARTESIAN_POINT ( 'NONE',  ( -1.542582277911255240, -16.43954842584754061, 4.000000000000002665 ) ) ;
#2085 = DIRECTION ( 'NONE',  ( 0.000000000000000000, -1.000000000000000000, 0.000000000000000000 ) ) ;
#2086 = CARTESIAN_POINT ( 'NONE',  ( -1.414212917856179086, -17.52429352639051885, 4.999999999999991118 ) ) ;
#2087 = DIRECTION ( 'NONE',  ( 0.5000000000000004441, -0.8660254037844383745, 0.000000000000000000 ) ) ;
#2088 = DIRECTION ( 'NONE',  ( -1.000000000000000000, 0.000000000000000000, 0.000000000000000000 ) ) ;
#2089 = VERTEX_POINT ( 'NONE', #918 ) ;
#2090 = DIRECTION ( 'NONE',  ( -0.000000000000000000, 0.000000000000000000, 1.000000000000000000 ) ) ;
#2091 = EDGE_CURVE ( 'NONE', #740, #5113, #4386, .T. ) ;
#2092 = CARTESIAN_POINT ( 'NONE',  ( -1.587500000000001021, -16.10918872974482596, 4.000000000000000000 ) ) ;
#2093 = VERTEX_POINT ( 'NONE', #3886 ) ;
#2094 = PLANE ( 'NONE',  #1133 ) ;
#2095 = LINE ( 'NONE', #4718, #3877 ) ;
#2096 = ORIENTED_EDGE ( 'NONE', *, *, #2275, .F. ) ;
#2097 = CARTESIAN_POINT ( 'NONE',  ( -2.727243589743591379, -14.53822518807815989, 4.000000000000000000 ) ) ;
#2098 = DIRECTION ( 'NONE',  ( -1.000000000000000000, 0.000000000000000000, 0.000000000000000000 ) ) ;
#2099 = FACE_OUTER_BOUND ( 'NONE', #6233, .T. ) ;
#2100 = DIRECTION ( 'NONE',  ( 0.000000000000000000, 1.000000000000000000, 0.000000000000000000 ) ) ;
#2101 = ORIENTED_EDGE ( 'NONE', *, *, #2595, .F. ) ;
#2102 = CARTESIAN_POINT ( 'NONE',  ( 0.9152293669871784942, -15.04322318487303178, 4.000000000000000000 ) ) ;
#2103 = LINE ( 'NONE', #4662, #4513 ) ;
#2104 = EDGE_CURVE ( 'NONE', #1617, #3084, #5400, .T. ) ;
#2105 = CARTESIAN_POINT ( 'NONE',  ( 1.127581603246356590, -16.42831549469708818, 4.000000000000001776 ) ) ;
#2106 = DIRECTION ( 'NONE',  ( -1.000000000000000000, 0.000000000000000000, 0.000000000000000000 ) ) ;
#2107 = ORIENTED_EDGE ( 'NONE', *, *, #3794, .F. ) ;
#2108 = EDGE_CURVE ( 'NONE', #1653, #3237, #3413, .T. ) ;
#2109 = CARTESIAN_POINT ( 'NONE',  ( -21.49999999999998224, 1.242321824286740395E-14, 9.000000000000001776 ) ) ;
#2110 = ORIENTED_EDGE ( 'NONE', *, *, #2318, .T. ) ;
#2111 = ADVANCED_FACE ( 'NONE', ( #1925 ), #5527, .F. ) ;
#2112 = VERTEX_POINT ( 'NONE', #5992 ) ;
#2113 = EDGE_LOOP ( 'NONE', ( #1537, #3972, #455, #1117 ) ) ;
#2114 = DIRECTION ( 'NONE',  ( -0.000000000000000000, -0.000000000000000000, -1.000000000000000000 ) ) ;
#2115 = PLANE ( 'NONE',  #3202 ) ;
#2116 = DIRECTION ( 'NONE',  ( -0.7071067811865455743, -0.7071067811865495711, -0.000000000000000000 ) ) ;
#2117 = CARTESIAN_POINT ( 'NONE',  ( -21.73797097907860731, -17.50000000000002132, 0.000000000000000000 ) ) ;
#2118 = DIRECTION ( 'NONE',  ( -0.000000000000000000, -0.000000000000000000, -1.000000000000000000 ) ) ;
#2119 = CARTESIAN_POINT ( 'NONE',  ( -0.5519781544576651822, -14.45751834862439011, 5.000000000000000888 ) ) ;
#2120 = DIRECTION ( 'NONE',  ( -0.7223872738535664917, -0.6914887031430175801, 0.000000000000000000 ) ) ;
#2121 = VERTEX_POINT ( 'NONE', #2445 ) ;
#2122 = DIRECTION ( 'NONE',  ( 0.000000000000000000, -1.000000000000000000, 0.000000000000000000 ) ) ;
#2123 = CARTESIAN_POINT ( 'NONE',  ( -1.586556749207124861, -16.07224460480562911, 5.000000000000000000 ) ) ;
#2124 = ORIENTED_EDGE ( 'NONE', *, *, #644, .F. ) ;
#2125 = DIRECTION ( 'NONE',  ( -0.000000000000000000, -0.000000000000000000, -1.000000000000000000 ) ) ;
#2126 = LINE ( 'NONE', #3163, #4833 ) ;
#2127 = ADVANCED_FACE ( 'NONE', ( #351 ), #6478, .T. ) ;
#2128 = ORIENTED_EDGE ( 'NONE', *, *, #2616, .F. ) ;
#2129 = CARTESIAN_POINT ( 'NONE',  ( -4.988286258012820440, -15.75937903423199593, 4.000000000001039169 ) ) ;
#2130 = CARTESIAN_POINT ( 'NONE',  ( -2.156246695998924157, -16.05802770467386154, 5.000000000000000000 ) ) ;
#2131 = LINE ( 'NONE', #2166, #2479 ) ;
#2132 = VECTOR ( 'NONE', #3418, 1000.000000000000000 ) ;
#2133 = DIRECTION ( 'NONE',  ( 1.000000000000000000, 0.000000000000000000, 0.000000000000000000 ) ) ;
#2134 = ORIENTED_EDGE ( 'NONE', *, *, #2236, .F. ) ;
#2135 = CARTESIAN_POINT ( 'NONE',  ( 6.065064102564100779, -15.10809698294995584, 5.000000000000000000 ) ) ;
#2136 = EDGE_CURVE ( 'NONE', #274, #3273, #1035, .T. ) ;
#2137 = DIRECTION ( 'NONE',  ( -1.000000000000000000, 0.000000000000000000, 0.000000000000000000 ) ) ;
#2138 = VECTOR ( 'NONE', #792, 1000.000000000000000 ) ;
#2139 = CARTESIAN_POINT ( 'NONE',  ( 0.3663248407502748827, -17.59733814628219051, 5.000000000000000000 ) ) ;
#2140 = ORIENTED_EDGE ( 'NONE', *, *, #3855, .T. ) ;
#2141 = DIRECTION ( 'NONE',  ( -1.000000000000000000, 0.000000000000000000, 0.000000000000000000 ) ) ;
#2142 = AXIS2_PLACEMENT_3D ( 'NONE', #6078, #1527, #3540 ) ;
#2143 = ORIENTED_EDGE ( 'NONE', *, *, #5574, .T. ) ;
#2144 = LINE ( 'NONE', #110, #355 ) ;
#2145 = VECTOR ( 'NONE', #4656, 1000.000000000000000 ) ;
#2146 = ORIENTED_EDGE ( 'NONE', *, *, #5233, .F. ) ;
#2147 = AXIS2_PLACEMENT_3D ( 'NONE', #167, #3004, #510 ) ;
#2148 = AXIS2_PLACEMENT_3D ( 'NONE', #1030, #1552, #3467 ) ;
#2149 = PLANE ( 'NONE',  #3948 ) ;
#2150 = ORIENTED_EDGE ( 'NONE', *, *, #2763, .F. ) ;
#2151 = DIRECTION ( 'NONE',  ( 0.000000000000000000, 1.000000000000000000, 0.000000000000000000 ) ) ;
#2152 = CARTESIAN_POINT ( 'NONE',  ( -1.253922416403186357, -16.90165875060094791, 3.999999999999999112 ) ) ;
#2153 = VECTOR ( 'NONE', #1680, 1000.000000000000000 ) ;
#2154 = CARTESIAN_POINT ( 'NONE',  ( 8.433177425405322225, 2.791454495570343752, 10.00000000000000000 ) ) ;
#2155 = CARTESIAN_POINT ( 'NONE',  ( -0.5596769667581231733, -17.79296603475588157, 4.999999999999992895 ) ) ;
#2156 = EDGE_CURVE ( 'NONE', #6354, #3530, #2601, .T. ) ;
#2157 = CARTESIAN_POINT ( 'NONE',  ( -0.4793661538925714227, -17.79407567159341497, 4.000000000000000000 ) ) ;
#2158 = CARTESIAN_POINT ( 'NONE',  ( 9.800000000000002487, 2.791454495570343752, 10.00000000000000000 ) ) ;
#2159 = ORIENTED_EDGE ( 'NONE', *, *, #470, .T. ) ;
#2160 = CARTESIAN_POINT ( 'NONE',  ( -4.993586386531498889, -15.10827286525999469, 5.000000000000000000 ) ) ;
#2161 = FACE_OUTER_BOUND ( 'NONE', #263, .T. ) ;
#2162 = CARTESIAN_POINT ( 'NONE',  ( -29.49999999999999289, -15.25000000000000178, 5.000000000000000000 ) ) ;
#2163 = PLANE ( 'NONE',  #2189 ) ;
#2164 = DIRECTION ( 'NONE',  ( -0.000000000000000000, -0.000000000000000000, -1.000000000000000000 ) ) ;
#2165 = CARTESIAN_POINT ( 'NONE',  ( 22.09656497441888234, 18.98690900379348534, 2.500000000000000000 ) ) ;
#2166 = CARTESIAN_POINT ( 'NONE',  ( -20.46074529610706705, 18.30322271705048820, 9.000000000000001776 ) ) ;
#2167 = CARTESIAN_POINT ( 'NONE',  ( -16.46446609406725514, -9.307611844574859461, 5.000000000000000000 ) ) ;
#2168 = ORIENTED_EDGE ( 'NONE', *, *, #614, .T. ) ;
#2169 = ORIENTED_EDGE ( 'NONE', *, *, #1413, .F. ) ;
#2170 = VERTEX_POINT ( 'NONE', #3156 ) ;
#2171 = AXIS2_PLACEMENT_3D ( 'NONE', #6234, #5255, #738 ) ;
#2172 = CARTESIAN_POINT ( 'NONE',  ( 1.139743589743589025, -16.22049181468072376, 4.000000000000000000 ) ) ;
#2173 = DIRECTION ( 'NONE',  ( 1.000000000000000000, 0.000000000000000000, 0.000000000000000000 ) ) ;
#2174 = ADVANCED_FACE ( 'NONE', ( #119 ), #6116, .T. ) ;
#2175 = DIRECTION ( 'NONE',  ( 2.312834479478206354E-14, 9.484162102888076320E-13, 1.000000000000000000 ) ) ;
#2176 = AXIS2_PLACEMENT_3D ( 'NONE', #4124, #1607, #5181 ) ;
#2177 =( NAMED_UNIT ( * ) PLANE_ANGLE_UNIT ( ) SI_UNIT ( $, .RADIAN. ) );
#2178 = EDGE_CURVE ( 'NONE', #4024, #5453, #3642, .T. ) ;
#2179 = VERTEX_POINT ( 'NONE', #3079 ) ;
#2180 = AXIS2_PLACEMENT_3D ( 'NONE', #2317, #2286, #5853 ) ;
#2181 = CARTESIAN_POINT ( 'NONE',  ( -2.727243589743591379, -14.53822518807815989, 4.000000000000000000 ) ) ;
#2182 = VERTEX_POINT ( 'NONE', #3048 ) ;
#2183 = AXIS2_PLACEMENT_3D ( 'NONE', #4424, #5958, #4549 ) ;
#2184 = AXIS2_PLACEMENT_3D ( 'NONE', #3850, #2323, #5895 ) ;
#2185 = CARTESIAN_POINT ( 'NONE',  ( 25.16401654238957875, 14.24209700771249132, 0.000000000000000000 ) ) ;
#2186 = CARTESIAN_POINT ( 'NONE',  ( 23.18380419571102280, 13.69266036901632688, 5.000000000000000000 ) ) ;
#2187 = VECTOR ( 'NONE', #88, 1000.000000000000000 ) ;
#2188 = DIRECTION ( 'NONE',  ( -0.000000000000000000, -0.000000000000000000, -1.000000000000000000 ) ) ;
#2189 = AXIS2_PLACEMENT_3D ( 'NONE', #4621, #1603, #3584 ) ;
#2190 = AXIS2_PLACEMENT_3D ( 'NONE', #5869, #4756, #763 ) ;
#2191 = LINE ( 'NONE', #4216, #6497 ) ;
#2192 = CARTESIAN_POINT ( 'NONE',  ( -24.99999999999999645, -17.50000000000000000, 5.000000000000000000 ) ) ;
#2193 = CARTESIAN_POINT ( 'NONE',  ( 0.000000000000000000, 0.000000000000000000, 4.000000000000000000 ) ) ;
#2194 = VERTEX_POINT ( 'NONE', #1565 ) ;
#2195 = CARTESIAN_POINT ( 'NONE',  ( -4.398069938970056825, -15.38258635810702657, 4.000000000000000000 ) ) ;
#2196 = CARTESIAN_POINT ( 'NONE',  ( -1.544073903569161965, -15.78945888066755465, 4.999999999999999112 ) ) ;
#2197 = EDGE_CURVE ( 'NONE', #4136, #5376, #2209, .T. ) ;
#2198 = PLANE ( 'NONE',  #3354 ) ;
#2199 = PLANE ( 'NONE',  #2072 ) ;
#2200 = EDGE_CURVE ( 'NONE', #556, #274, #1532, .T. ) ;
#2201 = CARTESIAN_POINT ( 'NONE',  ( 27.73941848319152115, 19.27099398849403400, 2.500000000000000000 ) ) ;
#2202 = CARTESIAN_POINT ( 'NONE',  ( -0.007416702385228093192, -17.74634512731025282, 4.000000000000000888 ) ) ;
#2203 = EDGE_CURVE ( 'NONE', #3660, #4669, #296, .T. ) ;
#2204 = LINE ( 'NONE', #1643, #2060 ) ;
#2205 = DIRECTION ( 'NONE',  ( 1.000000000000000000, 2.127171113256157107E-15, -0.000000000000000000 ) ) ;
#2206 = ORIENTED_EDGE ( 'NONE', *, *, #2216, .F. ) ;
#2207 = CARTESIAN_POINT ( 'NONE',  ( -16.46446609406725514, -9.307611844574859461, 5.000000000000000000 ) ) ;
#2208 = DIRECTION ( 'NONE',  ( -0.000000000000000000, 0.000000000000000000, 1.000000000000000000 ) ) ;
#2209 = B_SPLINE_CURVE_WITH_KNOTS ( 'NONE', 3,
 ( #5594, #2157, #5665, #1073, #4181, #651, #6184, #4111, #551, #1671, #5097, #6149, #1633, #5037, #2649, #583, #5628, #3679, #5701, #1179, #4077, #523, #2514, #2017, #2580, #4611, #6053 ),
 .UNSPECIFIED., .F., .F.,
 ( 4, 1, 1, 1, 1, 1, 1, 1, 1, 1, 1, 1, 1, 1, 1, 1, 1, 1, 1, 1, 1, 1, 1, 1, 4 ),
 ( 0.000000000000000000, 0.04517287879862715710, 0.08954611918494215228, 0.1328127639003588711, 0.1751020071688613178, 0.2170301830540125598, 0.2583804467431636276, 0.2995763167954480499, 0.3407076851203932888, 0.3815382952685203999, 0.4219415929715217839, 0.4621152714130995487, 0.5024333950072059629, 0.5427515186013123216, 0.5834072057629401398, 0.6246627348097930632, 0.6667924017057109687, 0.7089883561164973536, 0.7506859261210357959, 0.7920551107057923756, 0.8332027837492655964, 0.8744393397510762389, 0.9158733303825465910, 0.9576559381140666849, 1.000000000000000000 ),
 .UNSPECIFIED. ) ;
#2210 = CARTESIAN_POINT ( 'NONE',  ( 0.2784182938776462723, -17.64369639226885411, 4.000000000000002665 ) ) ;
#2211 = DIRECTION ( 'NONE',  ( 0.000000000000000000, 0.000000000000000000, -1.000000000000000000 ) ) ;
#2212 = VERTEX_POINT ( 'NONE', #2543 ) ;
#2213 = ORIENTED_EDGE ( 'NONE', *, *, #4793, .T. ) ;
#2214 = CARTESIAN_POINT ( 'NONE',  ( -1.586620180787939649, -16.14741154042555493, 4.999999999999999112 ) ) ;
#2215 = ORIENTED_EDGE ( 'NONE', *, *, #2389, .F. ) ;
#2216 = EDGE_CURVE ( 'NONE', #1780, #5994, #4574, .T. ) ;
#2217 = CARTESIAN_POINT ( 'NONE',  ( 11.16682257459468453, 2.791454495570343752, 10.00000000000000000 ) ) ;
#2218 = PLANE ( 'NONE',  #6463 ) ;
#2219 = CARTESIAN_POINT ( 'NONE',  ( -0.3500770061539407729, -17.22406594292079873, 5.000000000000000888 ) ) ;
#2220 = LINE ( 'NONE', #5760, #3147 ) ;
#2221 = DIRECTION ( 'NONE',  ( 1.000000000000000000, 0.000000000000000000, 0.000000000000000000 ) ) ;
#2222 = EDGE_LOOP ( 'NONE', ( #6137, #1799, #3022, #4963 ) ) ;
#2223 = CARTESIAN_POINT ( 'NONE',  ( -1.505032225861515638, -16.54088866463339613, 3.999999999999998224 ) ) ;
#2224 = CARTESIAN_POINT ( 'NONE',  ( -4.492836604515840548, -15.21532536106369093, 5.000000000000000888 ) ) ;
#2225 = DIRECTION ( 'NONE',  ( 0.8660254037844380415, -0.5000000000000011102, 0.000000000000000000 ) ) ;
#2226 = CARTESIAN_POINT ( 'NONE',  ( 26.63101451046069101, -20.32500000000000995, 2.500000000000000000 ) ) ;
#2227 = DIRECTION ( 'NONE',  ( -0.05028052826558230409, 0.9987351342960424372, 0.000000000000000000 ) ) ;
#2228 = FACE_OUTER_BOUND ( 'NONE', #2399, .T. ) ;
#2229 = CARTESIAN_POINT ( 'NONE',  ( -1.463520126352013673, -15.59651043888651678, 4.999999999999999112 ) ) ;
#2230 = CARTESIAN_POINT ( 'NONE',  ( 24.83598345761040704, 20.75790299228751223, 2.500000000000000000 ) ) ;
#2231 = EDGE_CURVE ( 'NONE', #1609, #2835, #3138, .T. ) ;
#2232 = ORIENTED_EDGE ( 'NONE', *, *, #5425, .T. ) ;
#2233 = DIRECTION ( 'NONE',  ( 1.000000000000000000, 0.000000000000000000, 0.000000000000000000 ) ) ;
#2234 = CARTESIAN_POINT ( 'NONE',  ( 28.26202902092138913, -17.50000000000000711, 2.500000000000000000 ) ) ;
#2235 = ORIENTED_EDGE ( 'NONE', *, *, #1495, .F. ) ;
#2236 = EDGE_CURVE ( 'NONE', #6406, #511, #308, .T. ) ;
#2237 = CARTESIAN_POINT ( 'NONE',  ( -0.4388521634615394351, -17.79463544448841716, 4.000000000000000000 ) ) ;
#2238 = FACE_OUTER_BOUND ( 'NONE', #3034, .T. ) ;
#2239 = ORIENTED_EDGE ( 'NONE', *, *, #6506, .F. ) ;
#2240 = VERTEX_POINT ( 'NONE', #6427 ) ;
#2241 = CARTESIAN_POINT ( 'NONE',  ( -0.5296705452097972833, 8.500000000000000000, 5.000000000000000000 ) ) ;
#2242 = ORIENTED_EDGE ( 'NONE', *, *, #2369, .F. ) ;
#2243 = AXIS2_PLACEMENT_3D ( 'NONE', #6323, #5379, #4852 ) ;
#2244 = ORIENTED_EDGE ( 'NONE', *, *, #2372, .T. ) ;
#2245 = FACE_OUTER_BOUND ( 'NONE', #4627, .T. ) ;
#2246 = AXIS2_PLACEMENT_3D ( 'NONE', #1434, #3439, #5456 ) ;
#2247 = CIRCLE ( 'NONE', #3619, 1.500000000000001332 ) ;
#2248 = CYLINDRICAL_SURFACE ( 'NONE', #2036, 1.750000000000001554 ) ;
#2249 = LINE ( 'NONE', #340, #4366 ) ;
#2250 = ORIENTED_EDGE ( 'NONE', *, *, #5627, .F. ) ;
#2251 = LINE ( 'NONE', #1329, #3778 ) ;
#2252 = VECTOR ( 'NONE', #3037, 1000.000000000000000 ) ;
#2253 = B_SPLINE_SURFACE_WITH_KNOTS ( 'NONE', 3, 1, ( 
 ( #3317, #720 ),
 ( #1763, #251 ),
 ( #2256, #6281 ),
 ( #1793, #3810 ),
 ( #5763, #318 ),
 ( #2223, #4248 ),
 ( #2320, #3845 ),
 ( #6245, #5858 ),
 ( #1730, #3254 ),
 ( #4348, #3782 ),
 ( #6342, #4100 ),
 ( #946, #4444 ),
 ( #1368, #3440 ),
 ( #448, #1467 ),
 ( #2606, #5490 ),
 ( #1586, #4965 ),
 ( #2911, #6104 ),
 ( #5986, #4635 ),
 ( #75, #1953 ) ),
 .UNSPECIFIED., .F., .F., .F.,
 ( 4, 1, 1, 1, 1, 1, 1, 1, 1, 1, 1, 1, 1, 1, 1, 1, 4 ),
 ( 2, 2 ),
 ( 0.000000000000000000, 0.06387922505487494962, 0.1258508182289635458, 0.1864720878710259822, 0.2464764795622997329, 0.3062584143630093236, 0.3669511756525886681, 0.4288608758525596643, 0.4925686815092669701, 0.5566061100449879451, 0.6190867352860935924, 0.6810492005977589747, 0.7427850667630342407, 0.8048964525180758445, 0.8678490598723974658, 0.9329329606759886317, 1.000000000000000000 ),
 ( 0.000000000000000000, 1.000000000000000000 ),
 .UNSPECIFIED. ) ;
#2254 = CARTESIAN_POINT ( 'NONE',  ( -5.072235444507663615, -14.53838097365525428, 4.999999999999995559 ) ) ;
#2255 = ORIENTED_EDGE ( 'NONE', *, *, #6272, .F. ) ;
#2256 = CARTESIAN_POINT ( 'NONE',  ( -1.584886816495615136, -16.22271571005266466, 3.999999999999999112 ) ) ;
#2257 = ADVANCED_FACE ( 'NONE', ( #4367 ), #5235, .F. ) ;
#2258 = AXIS2_PLACEMENT_3D ( 'NONE', #3797, #5412, #4827 ) ;
#2259 = DIRECTION ( 'NONE',  ( 0.000000000000000000, 0.7071067811865426878, 0.7071067811865524577 ) ) ;
#2260 = EDGE_CURVE ( 'NONE', #4930, #3237, #3369, .T. ) ;
#2261 = CARTESIAN_POINT ( 'NONE',  ( -4.559910687005316987, -14.57333476434996555, 4.000000000000000888 ) ) ;
#2262 = CYLINDRICAL_SURFACE ( 'NONE', #6295, 1.749999999999998002 ) ;
#2263 = AXIS2_PLACEMENT_3D ( 'NONE', #2480, #1473, #2515 ) ;
#2264 = CARTESIAN_POINT ( 'NONE',  ( -1.924998605220628267, -15.25382484343543155, 4.000000000000000888 ) ) ;
#2265 = EDGE_CURVE ( 'NONE', #2536, #4153, #3218, .T. ) ;
#2266 = LINE ( 'NONE', #1798, #2877 ) ;
#2267 = CARTESIAN_POINT ( 'NONE',  ( -16.74999999999999645, 5.949455682166679971, 5.000000000000000000 ) ) ;
#2268 = FACE_OUTER_BOUND ( 'NONE', #3081, .T. ) ;
#2269 = ORIENTED_EDGE ( 'NONE', *, *, #534, .F. ) ;
#2270 = CARTESIAN_POINT ( 'NONE',  ( 0.04211720701543106293, -15.13220637524109335, 5.000000000000000888 ) ) ;
#2271 = DIRECTION ( 'NONE',  ( 1.000000000000000000, 0.000000000000000000, 0.000000000000000000 ) ) ;
#2272 = ORIENTED_EDGE ( 'NONE', *, *, #4178, .T. ) ;
#2273 = CARTESIAN_POINT ( 'NONE',  ( 29.40201658111266880, 15.45433384453642134, 5.000000000000000000 ) ) ;
#2274 = CARTESIAN_POINT ( 'NONE',  ( 0.4636568509615375810, -16.65489185474482525, 4.000000000000000000 ) ) ;
#2275 = EDGE_CURVE ( 'NONE', #4046, #2582, #6399, .T. ) ;
#2276 = ORIENTED_EDGE ( 'NONE', *, *, #1981, .T. ) ;
#2277 = EDGE_LOOP ( 'NONE', ( #5051, #4267, #4523, #2470 ) ) ;
#2278 = ADVANCED_FACE ( 'NONE', ( #5388 ), #2338, .T. ) ;
#2279 = VECTOR ( 'NONE', #3762, 1000.000000000000000 ) ;
#2280 = DIRECTION ( 'NONE',  ( -0.000000000000000000, 0.000000000000000000, 1.000000000000000000 ) ) ;
#2281 = VECTOR ( 'NONE', #4543, 1000.000000000000114 ) ;
#2282 = CARTESIAN_POINT ( 'NONE',  ( 27.75000000000000355, -19.74999999999999289, 5.000000000000000000 ) ) ;
#2283 = DIRECTION ( 'NONE',  ( 0.000000000000000000, 1.000000000000000000, 0.000000000000000000 ) ) ;
#2284 = ORIENTED_EDGE ( 'NONE', *, *, #2513, .F. ) ;
#2285 = CIRCLE ( 'NONE', #4301, 5.000000000000000888 ) ;
#2286 = DIRECTION ( 'NONE',  ( -2.127171113256150401E-15, -1.000000000000000000, 0.000000000000000000 ) ) ;
#2287 = VECTOR ( 'NONE', #873, 1000.000000000000000 ) ;
#2288 = CARTESIAN_POINT ( 'NONE',  ( -30.01888746451763623, 17.85109630944759473, 5.000000000000000000 ) ) ;
#2289 = ORIENTED_EDGE ( 'NONE', *, *, #5542, .F. ) ;
#2290 = CARTESIAN_POINT ( 'NONE',  ( 0.3199168669871786386, -14.60691509192431425, 4.000000000000000000 ) ) ;
#2291 = AXIS2_PLACEMENT_3D ( 'NONE', #4384, #6379, #3885 ) ;
#2292 = CARTESIAN_POINT ( 'NONE',  ( -4.578263971826562972, -15.15955317017008497, 5.000000000000000888 ) ) ;
#2293 = VECTOR ( 'NONE', #1685, 1000.000000000000341 ) ;
#2294 = CARTESIAN_POINT ( 'NONE',  ( -3.826282051282051455, -15.44009818487302255, 4.000000000000000888 ) ) ;
#2295 = CARTESIAN_POINT ( 'NONE',  ( 16.75000000000000355, 5.949455682166684412, 0.000000000000000000 ) ) ;
#2296 = VECTOR ( 'NONE', #1594, 1000.000000000000000 ) ;
#2297 = EDGE_CURVE ( 'NONE', #1762, #3298, #5757, .T. ) ;
#2298 = CARTESIAN_POINT ( 'NONE',  ( -1.839977854107104127, -15.12876597410665802, 4.000000000000001776 ) ) ;
#2299 = DIRECTION ( 'NONE',  ( -0.000000000000000000, -0.000000000000000000, -1.000000000000000000 ) ) ;
#2300 = DIRECTION ( 'NONE',  ( -0.000000000000000000, -0.000000000000000000, -1.000000000000000000 ) ) ;
#2301 = CARTESIAN_POINT ( 'NONE',  ( -0.4547526041666675178, -14.45681493166790510, 5.000000000000000000 ) ) ;
#2302 = ORIENTED_EDGE ( 'NONE', *, *, #2538, .T. ) ;
#2303 = PLANE ( 'NONE',  #6085 ) ;
#2304 = DIRECTION ( 'NONE',  ( 0.8397897338196435024, -0.5429117819417186297, 0.000000000000000000 ) ) ;
#2305 = ORIENTED_EDGE ( 'NONE', *, *, #5061, .F. ) ;
#2306 = DIRECTION ( 'NONE',  ( 0.000000000000000000, 0.000000000000000000, 1.000000000000000000 ) ) ;
#2307 = LINE ( 'NONE', #1262, #1440 ) ;
#2308 = ORIENTED_EDGE ( 'NONE', *, *, #6191, .F. ) ;
#2309 = ORIENTED_EDGE ( 'NONE', *, *, #2080, .T. ) ;
#2310 = PLANE ( 'NONE',  #5664 ) ;
#2311 = FACE_OUTER_BOUND ( 'NONE', #4666, .T. ) ;
#2312 = EDGE_CURVE ( 'NONE', #3756, #574, #187, .T. ) ;
#2313 = CARTESIAN_POINT ( 'NONE',  ( 4.925320512820510643, -17.71322518807815882, 4.000000000000000000 ) ) ;
#2314 = CARTESIAN_POINT ( 'NONE',  ( -0.1338781851337362272, -17.19163327704407251, 5.000000000000000888 ) ) ;
#2315 = ADVANCED_FACE ( 'NONE', ( #1910, #2684 ), #2310, .T. ) ;
#2316 = ORIENTED_EDGE ( 'NONE', *, *, #3532, .T. ) ;
#2317 = CARTESIAN_POINT ( 'NONE',  ( -26.63101451046069101, -20.32500000000000995, 2.500000000000000000 ) ) ;
#2318 = EDGE_CURVE ( 'NONE', #2212, #4930, #5848, .T. ) ;
#2319 = CARTESIAN_POINT ( 'NONE',  ( 27.75000000000000355, -19.74999999999999289, 0.000000000000000000 ) ) ;
#2320 = CARTESIAN_POINT ( 'NONE',  ( -1.458819483906499626, -16.63863675248896712, 4.000000000000000888 ) ) ;
#2321 = CARTESIAN_POINT ( 'NONE',  ( -4.396800232592905644, -15.41563927966092074, 4.999999999999999112 ) ) ;
#2322 = CARTESIAN_POINT ( 'NONE',  ( -4.987821925170131010, -14.53868059320250694, 3.999999999999998224 ) ) ;
#2323 = DIRECTION ( 'NONE',  ( -0.000000000000000000, 0.000000000000000000, 1.000000000000000000 ) ) ;
#2324 = PLANE ( 'NONE',  #2927 ) ;
#2325 = LINE ( 'NONE', #1770, #6249 ) ;
#2326 = CARTESIAN_POINT ( 'NONE',  ( -0.4706530448717958781, -15.02668672653969750, 5.000000000000000000 ) ) ;
#2327 = CARTESIAN_POINT ( 'NONE',  ( 21.73797097907860376, -17.50000000000002132, 0.000000000000000000 ) ) ;
#2328 = ORIENTED_EDGE ( 'NONE', *, *, #1731, .F. ) ;
#2329 = DIRECTION ( 'NONE',  ( 0.000000000000000000, 1.000000000000000000, 0.000000000000000000 ) ) ;
#2330 = EDGE_CURVE ( 'NONE', #4272, #5927, #6092, .T. ) ;
#2331 = DIRECTION ( 'NONE',  ( 0.000000000000000000, 0.000000000000000000, -1.000000000000000000 ) ) ;
#2332 = ORIENTED_EDGE ( 'NONE', *, *, #5463, .T. ) ;
#2333 = CARTESIAN_POINT ( 'NONE',  ( -3.683814102564102466, -17.71322518807814816, 4.000000000000000000 ) ) ;
#2334 = ADVANCED_FACE ( 'NONE', ( #4711 ), #4436, .F. ) ;
#2335 = ORIENTED_EDGE ( 'NONE', *, *, #3585, .F. ) ;
#2336 = VERTEX_POINT ( 'NONE', #6368 ) ;
#2337 = EDGE_CURVE ( 'NONE', #4101, #3800, #3707, .T. ) ;
#2338 = PLANE ( 'NONE',  #3980 ) ;
#2339 = LINE ( 'NONE', #1425, #5633 ) ;
#2340 = LINE ( 'NONE', #4370, #1934 ) ;
#2341 = CARTESIAN_POINT ( 'NONE',  ( 0.3096674280982326111, -16.91007872747487539, 5.000000000000001776 ) ) ;
#2342 = ORIENTED_EDGE ( 'NONE', *, *, #390, .T. ) ;
#2343 = LINE ( 'NONE', #71, #2819 ) ;
#2344 = CIRCLE ( 'NONE', #886, 1.000000000000000000 ) ;
#2345 = CARTESIAN_POINT ( 'NONE',  ( -4.340546524786211613, -14.62919056945143126, 3.999999999999999112 ) ) ;
#2346 = CARTESIAN_POINT ( 'NONE',  ( 0.3828798071373376577, -15.35474784654162583, 5.000000000000000000 ) ) ;
#2347 = ADVANCED_FACE ( 'NONE', ( #2843 ), #4434, .T. ) ;
#2348 = CARTESIAN_POINT ( 'NONE',  ( -4.734038591572304888, -15.12121523040714521, 5.000000000000002665 ) ) ;
#2349 = VECTOR ( 'NONE', #4836, 1000.000000000000000 ) ;
#2350 = CIRCLE ( 'NONE', #5420, 1.000000000000000888 ) ;
#2351 = DIRECTION ( 'NONE',  ( 1.000000000000000000, 0.000000000000000000, 0.000000000000000000 ) ) ;
#2352 = EDGE_CURVE ( 'NONE', #6131, #5692, #5480, .T. ) ;
#2353 = PLANE ( 'NONE',  #3770 ) ;
#2354 = CARTESIAN_POINT ( 'NONE',  ( -1.613132359156618234, -14.88155069895832305, 5.000000000000000888 ) ) ;
#2355 = CIRCLE ( 'NONE', #4061, 0.9999999999999991118 ) ;
#2356 = CARTESIAN_POINT ( 'NONE',  ( 2.279487179487178050, -14.53822518807815989, 5.000000000000000000 ) ) ;
#2357 = ORIENTED_EDGE ( 'NONE', *, *, #26, .F. ) ;
#2358 = CARTESIAN_POINT ( 'NONE',  ( -12.05713943461311111, 2.791454495570343752, 6.000000000000011546 ) ) ;
#2359 = LINE ( 'NONE', #4292, #3085 ) ;
#2360 = ORIENTED_EDGE ( 'NONE', *, *, #3695, .T. ) ;
#2361 = PLANE ( 'NONE',  #1247 ) ;
#2362 = VECTOR ( 'NONE', #220, 1000.000000000000000 ) ;
#2363 = DIRECTION ( 'NONE',  ( 0.05028052826558230409, 0.9987351342960424372, -0.000000000000000000 ) ) ;
#2364 = EDGE_LOOP ( 'NONE', ( #5548, #2534, #1007, #4127 ) ) ;
#2365 = DIRECTION ( 'NONE',  ( 0.5085404518589196066, 0.8610380995189038655, 0.000000000000000000 ) ) ;
#2366 = DIRECTION ( 'NONE',  ( 0.000000000000000000, 0.000000000000000000, 1.000000000000000000 ) ) ;
#2367 = ORIENTED_EDGE ( 'NONE', *, *, #5060, .T. ) ;
#2368 = ORIENTED_EDGE ( 'NONE', *, *, #3076, .T. ) ;
#2369 = EDGE_CURVE ( 'NONE', #4365, #1481, #3430, .T. ) ;
#2370 = DIRECTION ( 'NONE',  ( -1.000000000000000000, 0.000000000000000000, 0.000000000000000000 ) ) ;
#2371 = CARTESIAN_POINT ( 'NONE',  ( -0.4274038461538470779, -17.22476364961662298, 4.000000000000000000 ) ) ;
#2372 = EDGE_CURVE ( 'NONE', #3072, #4273, #567, .T. ) ;
#2373 = LINE ( 'NONE', #4896, #3618 ) ;
#2374 = CARTESIAN_POINT ( 'NONE',  ( -2.154024959294543518, -15.95574390214069282, 4.000000000000000000 ) ) ;
#2375 = EDGE_LOOP ( 'NONE', ( #4959, #1062, #1269, #3843 ) ) ;
#2376 = DIRECTION ( 'NONE',  ( -7.709882115452478166E-16, -1.000000000000000000, -0.000000000000000000 ) ) ;
#2377 = VECTOR ( 'NONE', #5804, 1000.000000000000114 ) ;
#2378 = CARTESIAN_POINT ( 'NONE',  ( -3.826506934484840805, -15.41611943538644880, 4.000000000000000888 ) ) ;
#2379 = LINE ( 'NONE', #4414, #6494 ) ;
#2380 = DIRECTION ( 'NONE',  ( -1.000000000000000000, -7.709882115452478166E-16, 0.000000000000000000 ) ) ;
#2381 = AXIS2_PLACEMENT_3D ( 'NONE', #4165, #3137, #1129 ) ;
#2382 = DIRECTION ( 'NONE',  ( 0.000000000000000000, -0.7071067811865430208, 0.7071067811865521247 ) ) ;
#2383 = DIRECTION ( 'NONE',  ( 1.000000000000000000, 0.000000000000000000, 0.000000000000000000 ) ) ;
#2384 = CARTESIAN_POINT ( 'NONE',  ( -1.328654218018920252, -14.67332075672487157, 5.000000000000000000 ) ) ;
#2385 = ORIENTED_EDGE ( 'NONE', *, *, #4363, .T. ) ;
#2386 = VECTOR ( 'NONE', #460, 1000.000000000000000 ) ;
#2387 = CARTESIAN_POINT ( 'NONE',  ( 2.279487179487178050, -17.71322518807815882, 4.000000000000000000 ) ) ;
#2388 = CARTESIAN_POINT ( 'NONE',  ( -4.693809813418641674, -15.12634812296136566, 3.999999999999998224 ) ) ;
#2389 = EDGE_CURVE ( 'NONE', #1039, #775, #2039, .T. ) ;
#2390 = FACE_OUTER_BOUND ( 'NONE', #3389, .T. ) ;
#2391 = VERTEX_POINT ( 'NONE', #5974 ) ;
#2392 = EDGE_CURVE ( 'NONE', #577, #2182, #1029, .T. ) ;
#2393 = DIRECTION ( 'NONE',  ( 0.000000000000000000, 0.000000000000000000, 1.000000000000000000 ) ) ;
#2394 = CIRCLE ( 'NONE', #2715, 4.366822574594690920 ) ;
#2395 = LINE ( 'NONE', #4882, #610 ) ;
#2396 = ORIENTED_EDGE ( 'NONE', *, *, #1433, .T. ) ;
#2397 = FACE_OUTER_BOUND ( 'NONE', #6062, .T. ) ;
#2398 = DIRECTION ( 'NONE',  ( 0.5000000000000004441, 0.8660254037844383745, -0.000000000000000000 ) ) ;
#2399 = EDGE_LOOP ( 'NONE', ( #5616, #4302, #3126, #4888 ) ) ;
#2400 = VERTEX_POINT ( 'NONE', #1979 ) ;
#2401 = CARTESIAN_POINT ( 'NONE',  ( 0.9152293669871784942, -15.04322318487303178, 5.000000000000000000 ) ) ;
#2402 = CYLINDRICAL_SURFACE ( 'NONE', #48, 5.000000000000000888 ) ;
#2403 = CARTESIAN_POINT ( 'NONE',  ( 25.33369296624130840, 22.34263864068764249, 0.000000000000000000 ) ) ;
#2404 = ORIENTED_EDGE ( 'NONE', *, *, #46, .T. ) ;
#2405 = CARTESIAN_POINT ( 'NONE',  ( -1.774165953381786176, -15.05133716502196783, 4.000000000000000888 ) ) ;
#2406 = VERTEX_POINT ( 'NONE', #1459 ) ;
#2407 = FACE_OUTER_BOUND ( 'NONE', #3569, .T. ) ;
#2408 = EDGE_CURVE ( 'NONE', #4508, #1019, #5018, .T. ) ;
#2409 = B_SPLINE_SURFACE_WITH_KNOTS ( 'NONE', 3, 1, ( 
 ( #4949, #4915 ),
 ( #393, #2486 ),
 ( #6448, #529 ),
 ( #5962, #2957 ),
 ( #3457, #2422 ),
 ( #4975, #1997 ),
 ( #431, #1020 ),
 ( #5928, #4524 ),
 ( #459, #3488 ),
 ( #4552, #5534 ),
 ( #4491, #925 ),
 ( #3993, #5998 ),
 ( #1, #6060 ),
 ( #4427, #6418 ),
 ( #3923, #1411 ),
 ( #3420, #5439 ),
 ( #4455, #2587 ),
 ( #3614, #4222 ),
 ( #591, #161 ) ),
 .UNSPECIFIED., .F., .F., .F.,
 ( 4, 1, 1, 1, 1, 1, 1, 1, 1, 1, 1, 1, 1, 1, 1, 1, 4 ),
 ( 2, 2 ),
 ( 0.000000000000000000, 0.1055399964402574386, 0.2020864154635874377, 0.2906848989424213880, 0.3705526096211915754, 0.4426702615663768992, 0.5076749275738737799, 0.5655732034810453390, 0.6164546657486240644, 0.6633313570051044827, 0.7088620244966149508, 0.7534118003496285132, 0.7985150107871087366, 0.8450643214401182268, 0.8938731190084054923, 0.9447078060036530056, 1.000000000000000000 ),
 ( 0.000000000000000000, 1.000000000000000000 ),
 .UNSPECIFIED. ) ;
#2410 = ORIENTED_EDGE ( 'NONE', *, *, #2021, .F. ) ;
#2411 = CARTESIAN_POINT ( 'NONE',  ( -4.002847120067658970, -14.88401268557848489, 4.000000000000002665 ) ) ;
#2412 = LINE ( 'NONE', #5396, #5973 ) ;
#2413 = CARTESIAN_POINT ( 'NONE',  ( -5.072235444507663615, -14.53838097365525428, 4.999999999999999112 ) ) ;
#2414 = CARTESIAN_POINT ( 'NONE',  ( -5.999999999999997335, -9.208545504429654471, 10.00000000000000000 ) ) ;
#2415 = CARTESIAN_POINT ( 'NONE',  ( -1.251885865057675407, -14.63132709191673264, 4.000000000000000888 ) ) ;
#2416 = DIRECTION ( 'NONE',  ( -0.000000000000000000, -0.000000000000000000, 1.000000000000000000 ) ) ;
#2417 = CARTESIAN_POINT ( 'NONE',  ( -0.1520525117171784013, -14.47682276924449241, 5.000000000000002665 ) ) ;
#2418 = ORIENTED_EDGE ( 'NONE', *, *, #6051, .T. ) ;
#2419 = DIRECTION ( 'NONE',  ( -0.000000000000000000, -0.000000000000000000, -1.000000000000000000 ) ) ;
#2420 = CARTESIAN_POINT ( 'NONE',  ( 0.1363148084311956998, -14.54079713354843584, 5.000000000000000000 ) ) ;
#2421 = ORIENTED_EDGE ( 'NONE', *, *, #6124, .T. ) ;
#2422 = CARTESIAN_POINT ( 'NONE',  ( -4.766584161801686648, -15.74923274492232039, 4.999999999999994671 ) ) ;
#2423 = DIRECTION ( 'NONE',  ( 0.000000000000000000, 0.000000000000000000, -1.000000000000000000 ) ) ;
#2424 = ORIENTED_EDGE ( 'NONE', *, *, #5624, .T. ) ;
#2425 = EDGE_CURVE ( 'NONE', #3237, #3514, #440, .T. ) ;
#2426 = CARTESIAN_POINT ( 'NONE',  ( 7.000000000000003553, -6.208545504429656248, 10.00000000000000000 ) ) ;
#2427 = CARTESIAN_POINT ( 'NONE',  ( -0.7406686922125101935, -14.47557800615342494, 5.000000000000000000 ) ) ;
#2428 = ORIENTED_EDGE ( 'NONE', *, *, #6043, .T. ) ;
#2429 = ORIENTED_EDGE ( 'NONE', *, *, #954, .F. ) ;
#2430 = EDGE_CURVE ( 'NONE', #2769, #6406, #6037, .T. ) ;
#2431 = CARTESIAN_POINT ( 'NONE',  ( 26.63101451046069101, -20.32500000000000995, 2.500000000000000000 ) ) ;
#2432 = PLANE ( 'NONE',  #6358 ) ;
#2433 = LINE ( 'NONE', #5912, #1303 ) ;
#2434 = ORIENTED_EDGE ( 'NONE', *, *, #4628, .T. ) ;
#2435 = LINE ( 'NONE', #4538, #5839 ) ;
#2436 = VERTEX_POINT ( 'NONE', #4534 ) ;
#2437 = ORIENTED_EDGE ( 'NONE', *, *, #1271, .F. ) ;
#2438 = CARTESIAN_POINT ( 'NONE',  ( 0.9152293669871784942, -15.04322318487303178, 4.000000000000000000 ) ) ;
#2439 = DIRECTION ( 'NONE',  ( -1.000000000000000000, 0.000000000000000000, 0.000000000000000000 ) ) ;
#2440 = DIRECTION ( 'NONE',  ( -1.000000000000000000, 0.000000000000000000, 0.000000000000000000 ) ) ;
#2441 = DIRECTION ( 'NONE',  ( 1.000000000000000000, 0.000000000000000000, 0.000000000000000000 ) ) ;
#2442 = AXIS2_PLACEMENT_3D ( 'NONE', #5996, #5532, #6482 ) ;
#2443 = DIRECTION ( 'NONE',  ( -0.000000000000000000, -0.000000000000000000, -1.000000000000000000 ) ) ;
#2444 = EDGE_CURVE ( 'NONE', #1019, #4170, #4030, .T. ) ;
#2445 = CARTESIAN_POINT ( 'NONE',  ( -29.49999999999999289, -19.75000000000000000, 0.000000000000000000 ) ) ;
#2446 = DIRECTION ( 'NONE',  ( -0.7071067811865521247, -3.066586833366769970E-16, 0.7071067811865430208 ) ) ;
#2447 = VERTEX_POINT ( 'NONE', #2565 ) ;
#2448 = PLANE ( 'NONE',  #2597 ) ;
#2449 = EDGE_CURVE ( 'NONE', #4388, #2765, #2935, .T. ) ;
#2450 = AXIS2_PLACEMENT_3D ( 'NONE', #5816, #1693, #5789 ) ;
#2451 = VECTOR ( 'NONE', #4624, 1000.000000000000000 ) ;
#2452 = CARTESIAN_POINT ( 'NONE',  ( 0.2292313111351064192, -14.57091519142974967, 4.000000000000000888 ) ) ;
#2453 = ORIENTED_EDGE ( 'NONE', *, *, #4056, .F. ) ;
#2454 = CARTESIAN_POINT ( 'NONE',  ( 9.800000000000002487, 2.791454495570343752, 10.00000000000000000 ) ) ;
#2455 = DIRECTION ( 'NONE',  ( 0.000000000000000000, 0.7071067811865430208, -0.7071067811865521247 ) ) ;
#2456 = CIRCLE ( 'NONE', #6362, 1.000000000000000888 ) ;
#2457 = AXIS2_PLACEMENT_3D ( 'NONE', #5292, #114, #6140 ) ;
#2458 = ORIENTED_EDGE ( 'NONE', *, *, #2643, .T. ) ;
#2459 = LINE ( 'NONE', #3030, #2567 ) ;
#2460 = CARTESIAN_POINT ( 'NONE',  ( 8.000000000000001776, -6.208545504429656248, 10.00000000000000000 ) ) ;
#2461 = ORIENTED_EDGE ( 'NONE', *, *, #1909, .T. ) ;
#2462 = AXIS2_PLACEMENT_3D ( 'NONE', #4952, #4025, #6489 ) ;
#2463 = VERTEX_POINT ( 'NONE', #5582 ) ;
#2464 = CARTESIAN_POINT ( 'NONE',  ( 0.8436112743699052396, -14.96917307924897500, 4.000000000000000888 ) ) ;
#2465 = FACE_BOUND ( 'NONE', #5729, .T. ) ;
#2466 = DIRECTION ( 'NONE',  ( 0.8660254037844378194, 0.5000000000000016653, -0.000000000000000000 ) ) ;
#2467 = EDGE_CURVE ( 'NONE', #5161, #2633, #4465, .T. ) ;
#2468 = VERTEX_POINT ( 'NONE', #2529 ) ;
#2469 = CARTESIAN_POINT ( 'NONE',  ( 1.019158458657892563, -16.82853070065727152, 5.000000000000000000 ) ) ;
#2470 = ORIENTED_EDGE ( 'NONE', *, *, #6505, .T. ) ;
#2471 = ORIENTED_EDGE ( 'NONE', *, *, #6346, .T. ) ;
#2472 = DIRECTION ( 'NONE',  ( -0.7223872738535663807, -0.6914887031430175801, 0.000000000000000000 ) ) ;
#2473 = FACE_OUTER_BOUND ( 'NONE', #6044, .T. ) ;
#2474 = DIRECTION ( 'NONE',  ( 0.000000000000000000, -1.000000000000000000, 0.000000000000000000 ) ) ;
#2475 = EDGE_CURVE ( 'NONE', #4439, #3792, #6262, .T. ) ;
#2476 = CARTESIAN_POINT ( 'NONE',  ( -26.63101451046069812, -14.67500000000001492, 2.500000000000000000 ) ) ;
#2477 = CARTESIAN_POINT ( 'NONE',  ( -1.545691788893651220, -14.82263217056909177, 3.999999999999999112 ) ) ;
#2478 = DIRECTION ( 'NONE',  ( -0.000000000000000000, -0.000000000000000000, -1.000000000000000000 ) ) ;
#2479 = VECTOR ( 'NONE', #6098, 1000.000000000000000 ) ;
#2480 = CARTESIAN_POINT ( 'NONE',  ( -27.74999999999998934, -15.25000000000000178, 5.000000000000000000 ) ) ;
#2481 = ORIENTED_EDGE ( 'NONE', *, *, #1116, .T. ) ;
#2482 = CARTESIAN_POINT ( 'NONE',  ( 2.279487179487178050, -16.32925082910379899, 4.000000000000000000 ) ) ;
#2483 = AXIS2_PLACEMENT_3D ( 'NONE', #5919, #3478, #5035 ) ;
#2484 = CARTESIAN_POINT ( 'NONE',  ( -0.4388521634615394351, -17.79463544448841716, 4.000000000000000000 ) ) ;
#2485 = EDGE_LOOP ( 'NONE', ( #78, #6155, #1422, #743 ) ) ;
#2486 = CARTESIAN_POINT ( 'NONE',  ( -4.961148561772146692, -15.75907339125758710, 4.999999999999992895 ) ) ;
#2487 = VECTOR ( 'NONE', #5545, 1000.000000000000000 ) ;
#2488 = CARTESIAN_POINT ( 'NONE',  ( 0.5296705452098016131, 8.500000000000000000, 5.000000000000000000 ) ) ;
#2489 = EDGE_CURVE ( 'NONE', #6315, #4293, #3066, .T. ) ;
#2490 = AXIS2_PLACEMENT_3D ( 'NONE', #375, #35, #3375 ) ;
#2491 = EDGE_LOOP ( 'NONE', ( #4587, #2250, #6363, #3796 ) ) ;
#2492 = B_SPLINE_CURVE_WITH_KNOTS ( 'NONE', 3,
 ( #6012, #4989, #2374, #2907, #444, #5515, #2872, #512, #411, #2405, #1914 ),
 .UNSPECIFIED., .F., .F.,
 ( 4, 1, 1, 1, 1, 1, 1, 1, 4 ),
 ( 0.000000000000000000, 0.1292556063253775256, 0.2552415007642953593, 0.3789022272349721332, 0.5014238390024330361, 0.6232587093681617452, 0.7464370825446896562, 0.8713701220624815447, 1.000000000000000000 ),
 .UNSPECIFIED. ) ;
#2493 = CARTESIAN_POINT ( 'NONE',  ( 8.000000000000003553, -8.208545504429656248, 6.000000000000000888 ) ) ;
#2494 = LINE ( 'NONE', #2524, #1334 ) ;
#2495 = ORIENTED_EDGE ( 'NONE', *, *, #2091, .T. ) ;
#2496 = CIRCLE ( 'NONE', #5879, 1.749999999999998002 ) ;
#2497 = EDGE_LOOP ( 'NONE', ( #3964, #1098, #3241, #4636 ) ) ;
#2498 = AXIS2_PLACEMENT_3D ( 'NONE', #6378, #1861, #5894 ) ;
#2499 = CARTESIAN_POINT ( 'NONE',  ( 23.36898548953931609, -14.67500000000000782, 2.500000000000000000 ) ) ;
#2500 = DIRECTION ( 'NONE',  ( -0.000000000000000000, -0.000000000000000000, -1.000000000000000000 ) ) ;
#2501 = DIRECTION ( 'NONE',  ( 0.5085404518589188294, 0.8610380995189044206, -0.000000000000000000 ) ) ;
#2502 = VERTEX_POINT ( 'NONE', #6232 ) ;
#2503 = CARTESIAN_POINT ( 'NONE',  ( 26.50000000000000000, -17.50000000000000000, 5.000000000000000000 ) ) ;
#2504 = ORIENTED_EDGE ( 'NONE', *, *, #4812, .T. ) ;
#2505 = ORIENTED_EDGE ( 'NONE', *, *, #6001, .T. ) ;
#2506 = EDGE_CURVE ( 'NONE', #1169, #2093, #5744, .T. ) ;
#2507 = ADVANCED_FACE ( 'NONE', ( #4202 ), #3260, .T. ) ;
#2508 = ORIENTED_EDGE ( 'NONE', *, *, #4628, .F. ) ;
#2509 = LINE ( 'NONE', #2083, #1209 ) ;
#2510 = CARTESIAN_POINT ( 'NONE',  ( -4.866102240875034290, -14.54340779600977385, 4.999999999999999112 ) ) ;
#2511 = CARTESIAN_POINT ( 'NONE',  ( -1.740780248397436836, -15.01205832109098104, 4.000000000000000000 ) ) ;
#2512 = CARTESIAN_POINT ( 'NONE',  ( -1.475649145367523118, -14.76872126294798271, 4.000000000000000000 ) ) ;
#2513 = EDGE_CURVE ( 'NONE', #2835, #1609, #3737, .T. ) ;
#2514 = CARTESIAN_POINT ( 'NONE',  ( -2.126810159812754009, -16.44571100181040535, 4.000000000000002665 ) ) ;
#2515 = DIRECTION ( 'NONE',  ( -1.000000000000000000, 0.000000000000000000, 0.000000000000000000 ) ) ;
#2516 = VERTEX_POINT ( 'NONE', #5610 ) ;
#2517 = CARTESIAN_POINT ( 'NONE',  ( 0.000000000000000000, 0.000000000000000000, 4.000000000000000000 ) ) ;
#2518 = CARTESIAN_POINT ( 'NONE',  ( -0.6978361426892959463, -15.04450368638769397, 4.000000000000001776 ) ) ;
#2519 = ORIENTED_EDGE ( 'NONE', *, *, #2312, .F. ) ;
#2520 = CARTESIAN_POINT ( 'NONE',  ( 27.73045543115249600, 21.72576775728267151, 5.000000000000000000 ) ) ;
#2521 = CARTESIAN_POINT ( 'NONE',  ( -27.73941848319152115, 19.27099398849403400, 2.500000000000000000 ) ) ;
#2522 = ORIENTED_EDGE ( 'NONE', *, *, #6302, .T. ) ;
#2523 = CARTESIAN_POINT ( 'NONE',  ( -24.99999999999999645, -17.50000000000000000, 9.000000000000001776 ) ) ;
#2524 = CARTESIAN_POINT ( 'NONE',  ( -4.416506410256410220, -16.26437703102686783, 4.000000000000000000 ) ) ;
#2525 = EDGE_CURVE ( 'NONE', #5225, #3792, #3099, .T. ) ;
#2526 = ORIENTED_EDGE ( 'NONE', *, *, #3372, .F. ) ;
#2527 = ORIENTED_EDGE ( 'NONE', *, *, #2337, .F. ) ;
#2528 = CARTESIAN_POINT ( 'NONE',  ( -26.63101451046069812, -14.67500000000001492, 2.500000000000000000 ) ) ;
#2529 = CARTESIAN_POINT ( 'NONE',  ( 20.81324294376706163, 19.67280126842832289, 9.000000000000001776 ) ) ;
#2530 = EDGE_CURVE ( 'NONE', #2179, #5692, #1806, .T. ) ;
#2531 = CARTESIAN_POINT ( 'NONE',  ( -0.2516596594728344738, -14.46563862997375338, 3.999999999999997335 ) ) ;
#2532 = EDGE_LOOP ( 'NONE', ( #2841, #2663, #2437, #458 ) ) ;
#2533 = ADVANCED_FACE ( 'NONE', ( #1353 ), #363, .T. ) ;
#2534 = ORIENTED_EDGE ( 'NONE', *, *, #4104, .F. ) ;
#2535 = CARTESIAN_POINT ( 'NONE',  ( 15.86005420924689524, 7.456272356324764594, 0.000000000000000000 ) ) ;
#2536 = VERTEX_POINT ( 'NONE', #4794 ) ;
#2537 = ORIENTED_EDGE ( 'NONE', *, *, #3751, .F. ) ;
#2538 = EDGE_CURVE ( 'NONE', #5189, #3644, #5904, .T. ) ;
#2539 = CARTESIAN_POINT ( 'NONE',  ( -23.49999999999999645, -17.50000000000000000, 2.500000000000000000 ) ) ;
#2540 = CARTESIAN_POINT ( 'NONE',  ( 21.49999999999999645, 1.242321824286741657E-14, 5.000000000000000000 ) ) ;
#2541 = CARTESIAN_POINT ( 'NONE',  ( -3.862538735090420783, -15.72090838701138082, 4.999999999999999112 ) ) ;
#2542 = DIRECTION ( 'NONE',  ( -1.000000000000000000, 0.000000000000000000, 0.000000000000000000 ) ) ;
#2543 = CARTESIAN_POINT ( 'NONE',  ( -5.210256410256410398, -17.71322518807814816, 4.000000000000000000 ) ) ;
#2544 = EDGE_CURVE ( 'NONE', #4293, #3931, #3299, .T. ) ;
#2545 = LINE ( 'NONE', #4575, #5114 ) ;
#2546 = ORIENTED_EDGE ( 'NONE', *, *, #2745, .F. ) ;
#2547 = CARTESIAN_POINT ( 'NONE',  ( -4.430724944722149061, -15.29095892190899519, 4.000000000000002665 ) ) ;
#2548 = DIRECTION ( 'NONE',  ( -1.000000000000000000, 0.000000000000000000, 0.000000000000000000 ) ) ;
#2549 = EDGE_CURVE ( 'NONE', #994, #1376, #1385, .T. ) ;
#2550 = EDGE_LOOP ( 'NONE', ( #3623, #5718, #2522, #5089 ) ) ;
#2551 = VECTOR ( 'NONE', #1246, 1000.000000000000000 ) ;
#2552 = LINE ( 'NONE', #3583, #4937 ) ;
#2553 = CARTESIAN_POINT ( 'NONE',  ( -4.396153846153846523, -15.43246597333456194, 5.000000000000000888 ) ) ;
#2554 = ORIENTED_EDGE ( 'NONE', *, *, #1053, .F. ) ;
#2555 = CARTESIAN_POINT ( 'NONE',  ( 14.16682257459469341, 2.791454495570344196, 5.000000000000000000 ) ) ;
#2556 = AXIS2_PLACEMENT_3D ( 'NONE', #630, #4588, #164 ) ;
#2557 = CARTESIAN_POINT ( 'NONE',  ( -19.19238815542510679, -12.03553390593273242, 5.000000000000000000 ) ) ;
#2558 = ADVANCED_FACE ( 'NONE', ( #5319 ), #5349, .F. ) ;
#2559 = CARTESIAN_POINT ( 'NONE',  ( -1.678904918935926638, -14.94422751762273371, 4.000000000000000000 ) ) ;
#2560 = EDGE_LOOP ( 'NONE', ( #335, #1983, #6228, #1554, #5318, #4661, #4773, #2418, #1491 ) ) ;
#2561 = VERTEX_POINT ( 'NONE', #4298 ) ;
#2562 = AXIS2_PLACEMENT_3D ( 'NONE', #973, #4011, #2472 ) ;
#2563 = VECTOR ( 'NONE', #4240, 1000.000000000000114 ) ;
#2564 = DIRECTION ( 'NONE',  ( -0.000000000000000000, -0.000000000000000000, -1.000000000000000000 ) ) ;
#2565 = CARTESIAN_POINT ( 'NONE',  ( -23.49999999999999645, 17.50000000000000000, 2.500000000000000000 ) ) ;
#2566 = CARTESIAN_POINT ( 'NONE',  ( -3.882170345808931611, -15.78405234469648377, 5.000000000000000000 ) ) ;
#2567 = VECTOR ( 'NONE', #463, 1000.000000000000000 ) ;
#2568 = ORIENTED_EDGE ( 'NONE', *, *, #470, .F. ) ;
#2569 = CARTESIAN_POINT ( 'NONE',  ( -4.396153846153846523, -15.43246597333456194, 4.000000000000000888 ) ) ;
#2570 = ORIENTED_EDGE ( 'NONE', *, *, #247, .F. ) ;
#2571 = EDGE_CURVE ( 'NONE', #1022, #2942, #5286, .T. ) ;
#2572 = VECTOR ( 'NONE', #6150, 1000.000000000000000 ) ;
#2573 = ORIENTED_EDGE ( 'NONE', *, *, #1176, .F. ) ;
#2574 = EDGE_CURVE ( 'NONE', #5880, #4639, #6360, .T. ) ;
#2575 = EDGE_LOOP ( 'NONE', ( #1985, #3268, #427, #3005 ) ) ;
#2576 = CARTESIAN_POINT ( 'NONE',  ( -2.727243589743591379, -17.71322518807815882, 5.000000000000000000 ) ) ;
#2577 = PLANE ( 'NONE',  #248 ) ;
#2578 = CARTESIAN_POINT ( 'NONE',  ( -3.845458413855898705, -15.65526029447563516, 5.000000000000001776 ) ) ;
#2579 = DIRECTION ( 'NONE',  ( 0.000000000000000000, -0.000000000000000000, -1.000000000000000000 ) ) ;
#2580 = CARTESIAN_POINT ( 'NONE',  ( -2.154862576988714640, -16.22322658044492982, 4.000000000000000000 ) ) ;
#2581 = CARTESIAN_POINT ( 'NONE',  ( 6.065064102564100779, -15.10809698294995584, 5.000000000000000000 ) ) ;
#2582 = VERTEX_POINT ( 'NONE', #398 ) ;
#2583 = CARTESIAN_POINT ( 'NONE',  ( -4.950121727997546905, -15.10860986254749960, 4.999999999999999112 ) ) ;
#2584 = CARTESIAN_POINT ( 'NONE',  ( 0.2637568111321476061, -16.96162177422654693, 4.999999999999998224 ) ) ;
#2585 = EDGE_CURVE ( 'NONE', #4079, #5113, #2889, .T. ) ;
#2586 = VERTEX_POINT ( 'NONE', #6265 ) ;
#2587 = CARTESIAN_POINT ( 'NONE',  ( -4.397151972544833143, -15.47398797440764895, 4.999999999999993783 ) ) ;
#2588 = CARTESIAN_POINT ( 'NONE',  ( -2.031757593197101031, -16.76500438032257634, 4.999999999999999112 ) ) ;
#2589 = AXIS2_PLACEMENT_3D ( 'NONE', #4626, #2694, #1124 ) ;
#2590 = ORIENTED_EDGE ( 'NONE', *, *, #4510, .T. ) ;
#2591 = CARTESIAN_POINT ( 'NONE',  ( -4.601928236847449227, -15.71775222769595715, 4.000000000000000888 ) ) ;
#2592 = ADVANCED_FACE ( 'NONE', ( #1779 ), #333, .F. ) ;
#2593 = CARTESIAN_POINT ( 'NONE',  ( 16.75000000000000355, 5.949455682166684412, 5.000000000000000000 ) ) ;
#2594 = CYLINDRICAL_SURFACE ( 'NONE', #2176, 5.000000000000004441 ) ;
#2595 = EDGE_CURVE ( 'NONE', #4887, #3874, #1940, .T. ) ;
#2596 = ORIENTED_EDGE ( 'NONE', *, *, #1123, .F. ) ;
#2597 = AXIS2_PLACEMENT_3D ( 'NONE', #4521, #953, #1406 ) ;
#2598 = FACE_BOUND ( 'NONE', #2061, .T. ) ;
#2599 = CONICAL_SURFACE ( 'NONE', #1860, 1.000000000000000888, 0.7853981633974418397 ) ;
#2600 = CARTESIAN_POINT ( 'NONE',  ( -3.297115384615386446, -14.53822518807815989, 5.000000000000000000 ) ) ;
#2601 = CIRCLE ( 'NONE', #400, 1.749999999999998002 ) ;
#2602 = MANIFOLD_SOLID_BREP ( 'Cut-Extrude2', #726 ) ;
#2603 = CARTESIAN_POINT ( 'NONE',  ( -0.007416702385228093192, -17.74634512731025282, 4.000000000000000888 ) ) ;
#2604 = DIRECTION ( 'NONE',  ( 0.000000000000000000, 0.000000000000000000, -1.000000000000000000 ) ) ;
#2605 = CIRCLE ( 'NONE', #3450, 1.749999999999998002 ) ;
#2606 = CARTESIAN_POINT ( 'NONE',  ( -0.7734404229705829081, -17.18096062898759513, 4.000000000000001776 ) ) ;
#2607 = ORIENTED_EDGE ( 'NONE', *, *, #26, .T. ) ;
#2608 = CARTESIAN_POINT ( 'NONE',  ( -27.90343502558110700, 16.01309099620652532, 2.500000000000000000 ) ) ;
#2609 = ORIENTED_EDGE ( 'NONE', *, *, #5537, .F. ) ;
#2610 = VECTOR ( 'NONE', #4748, 1000.000000000000000 ) ;
#2611 = ORIENTED_EDGE ( 'NONE', *, *, #2743, .F. ) ;
#2612 = AXIS2_PLACEMENT_3D ( 'NONE', #2192, #4217, #6215 ) ;
#2613 = ORIENTED_EDGE ( 'NONE', *, *, #5492, .F. ) ;
#2614 = LINE ( 'NONE', #2576, #4155 ) ;
#2615 = CARTESIAN_POINT ( 'NONE',  ( -1.586620180787939649, -16.14741154042555493, 3.999999999999999112 ) ) ;
#2616 = EDGE_CURVE ( 'NONE', #476, #4736, #302, .T. ) ;
#2617 = CARTESIAN_POINT ( 'NONE',  ( -4.055789648018072846, -16.05017032030975699, 4.000000000000001776 ) ) ;
#2618 = CARTESIAN_POINT ( 'NONE',  ( -1.811100477711193202, -17.15536548952404061, 4.000000000000001776 ) ) ;
#2619 = CARTESIAN_POINT ( 'NONE',  ( -0.9203667246047769757, -14.50979851823894151, 5.000000000000001776 ) ) ;
#2620 = CARTESIAN_POINT ( 'NONE',  ( -5.999999999999997335, -6.208545504429656248, 6.000000000000000888 ) ) ;
#2621 = ORIENTED_EDGE ( 'NONE', *, *, #812, .T. ) ;
#2622 = LINE ( 'NONE', #1675, #607 ) ;
#2623 = CARTESIAN_POINT ( 'NONE',  ( -1.509266152412051198, -15.69080805597692496, 5.000000000000000000 ) ) ;
#2624 = EDGE_CURVE ( 'NONE', #1410, #327, #5932, .T. ) ;
#2625 = VERTEX_POINT ( 'NONE', #6002 ) ;
#2626 = CARTESIAN_POINT ( 'NONE',  ( -26.63101451046069457, -20.32500000000000995, 0.000000000000000000 ) ) ;
#2627 = DIRECTION ( 'NONE',  ( -0.8397897338196442796, 0.5429117819417172974, 0.000000000000000000 ) ) ;
#2628 = VERTEX_POINT ( 'NONE', #5077 ) ;
#2629 = LINE ( 'NONE', #5603, #2145 ) ;
#2630 = DIRECTION ( 'NONE',  ( 1.000000000000000000, 1.479945826284383173E-16, -0.000000000000000000 ) ) ;
#2631 = DIRECTION ( 'NONE',  ( 0.000000000000000000, 0.000000000000000000, -1.000000000000000000 ) ) ;
#2632 = LINE ( 'NONE', #5682, #1308 ) ;
#2633 = VERTEX_POINT ( 'NONE', #4 ) ;
#2634 = FACE_BOUND ( 'NONE', #6095, .T. ) ;
#2635 = CARTESIAN_POINT ( 'NONE',  ( -27.73045543115249600, 21.72576775728266441, 5.000000000000000000 ) ) ;
#2636 = ADVANCED_FACE ( 'NONE', ( #2397 ), #2961, .T. ) ;
#2637 = CARTESIAN_POINT ( 'NONE',  ( 1.086619042635373233, -16.63111049234407446, 4.000000000000000888 ) ) ;
#2638 = ORIENTED_EDGE ( 'NONE', *, *, #5812, .F. ) ;
#2639 = DIRECTION ( 'NONE',  ( 0.000000000000000000, -1.000000000000000000, 0.000000000000000000 ) ) ;
#2640 = EDGE_LOOP ( 'NONE', ( #5942, #3651, #1243, #2302 ) ) ;
#2641 = DIRECTION ( 'NONE',  ( -0.000000000000000000, -0.000000000000000000, -1.000000000000000000 ) ) ;
#2642 = ORIENTED_EDGE ( 'NONE', *, *, #416, .F. ) ;
#2643 = EDGE_CURVE ( 'NONE', #433, #2586, #3462, .T. ) ;
#2644 = DIRECTION ( 'NONE',  ( -0.000000000000000000, -0.000000000000000000, -1.000000000000000000 ) ) ;
#2645 = DIRECTION ( 'NONE',  ( 0.000000000000000000, -0.000000000000000000, 1.000000000000000000 ) ) ;
#2646 = CARTESIAN_POINT ( 'NONE',  ( 22.26058151680846819, 15.72900601150596600, 0.000000000000000000 ) ) ;
#2647 = CARTESIAN_POINT ( 'NONE',  ( -4.103814741775677177, -16.09456020973437163, 3.999999999999999112 ) ) ;
#2648 = CARTESIAN_POINT ( 'NONE',  ( -1.414212917856179086, -17.52429352639051885, 3.999999999999998224 ) ) ;
#2649 = CARTESIAN_POINT ( 'NONE',  ( -1.741012750254187447, -17.23975135664507619, 3.999999999999999112 ) ) ;
#2650 = FACE_OUTER_BOUND ( 'NONE', #6519, .T. ) ;
#2651 = EDGE_LOOP ( 'NONE', ( #1387, #5907, #1907, #245 ) ) ;
#2652 = CARTESIAN_POINT ( 'NONE',  ( 16.46446609406726580, -9.307611844574852356, 5.000000000000000000 ) ) ;
#2653 = CARTESIAN_POINT ( 'NONE',  ( 0.4522893850970156060, -16.67878537271309014, 5.000000000000000888 ) ) ;
#2654 = FACE_OUTER_BOUND ( 'NONE', #6121, .T. ) ;
#2655 = CARTESIAN_POINT ( 'NONE',  ( 23.18380419571102280, 13.69266036901632688, 9.000000000000001776 ) ) ;
#2656 = ADVANCED_FACE ( 'NONE', ( #961 ), #265, .T. ) ;
#2657 = EDGE_CURVE ( 'NONE', #3473, #1225, #2459, .T. ) ;
#2658 = LINE ( 'NONE', #2062, #3943 ) ;
#2659 = CARTESIAN_POINT ( 'NONE',  ( -0.1100613420491561578, -17.76800768237140105, 4.000000000000000000 ) ) ;
#2660 = DIRECTION ( 'NONE',  ( 1.381677860973891772E-15, -1.000000000000000000, 0.000000000000000000 ) ) ;
#2661 = VECTOR ( 'NONE', #3255, 1000.000000000000000 ) ;
#2662 = CARTESIAN_POINT ( 'NONE',  ( 26.50000000000000000, 17.50000000000000000, 9.000000000000001776 ) ) ;
#2663 = ORIENTED_EDGE ( 'NONE', *, *, #4750, .F. ) ;
#2664 = CARTESIAN_POINT ( 'NONE',  ( 3.378525641025639903, -16.32925082910379899, 4.000000000000000000 ) ) ;
#2665 = EDGE_CURVE ( 'NONE', #5508, #6457, #3846, .T. ) ;
#2666 = LINE ( 'NONE', #2172, #5554 ) ;
#2667 = VECTOR ( 'NONE', #5159, 1000.000000000000000 ) ;
#2668 = CARTESIAN_POINT ( 'NONE',  ( -0.1100613420491561578, -17.76800768237140105, 4.000000000000000000 ) ) ;
#2669 = DIRECTION ( 'NONE',  ( -0.000000000000000000, -0.000000000000000000, -1.000000000000000000 ) ) ;
#2670 = APPLICATION_PROTOCOL_DEFINITION ( 'draft international standard', 'automotive_design', 1998, #6447 ) ;
#2671 = AXIS2_PLACEMENT_3D ( 'NONE', #1488, #1982, #5421 ) ;
#2672 = ORIENTED_EDGE ( 'NONE', *, *, #3314, .F. ) ;
#2673 = DIRECTION ( 'NONE',  ( -0.000000000000000000, -0.000000000000000000, 1.000000000000000000 ) ) ;
#2674 = VECTOR ( 'NONE', #1141, 1000.000000000000000 ) ;
#2675 = ORIENTED_EDGE ( 'NONE', *, *, #4284, .F. ) ;
#2676 = VECTOR ( 'NONE', #3168, 1000.000000000000000 ) ;
#2677 = VECTOR ( 'NONE', #5779, 1000.000000000000000 ) ;
#2678 = DIRECTION ( 'NONE',  ( -0.05028052826558215144, -0.9987351342960424372, -0.000000000000000000 ) ) ;
#2679 = EDGE_CURVE ( 'NONE', #5809, #443, #4274, .T. ) ;
#2680 = DIRECTION ( 'NONE',  ( 1.000000000000000000, -6.938893903907222067E-15, 0.000000000000000000 ) ) ;
#2681 = CARTESIAN_POINT ( 'NONE',  ( -0.8793447650014651895, -17.14494028521496816, 3.999999999999998224 ) ) ;
#2682 = CIRCLE ( 'NONE', #5224, 5.000000000000004441 ) ;
#2683 = DIRECTION ( 'NONE',  ( -0.000000000000000000, -0.000000000000000000, -1.000000000000000000 ) ) ;
#2684 = FACE_OUTER_BOUND ( 'NONE', #2560, .T. ) ;
#2685 = DIRECTION ( 'NONE',  ( -1.000000000000000000, 0.000000000000000000, -0.000000000000000000 ) ) ;
#2686 = ORIENTED_EDGE ( 'NONE', *, *, #1808, .T. ) ;
#2687 = DIRECTION ( 'NONE',  ( 0.000000000000000000, 0.000000000000000000, 1.000000000000000000 ) ) ;
#2688 = CARTESIAN_POINT ( 'NONE',  ( 0.3096674280982326111, -16.91007872747487539, 4.000000000000001776 ) ) ;
#2689 = EDGE_CURVE ( 'NONE', #574, #2019, #4802, .T. ) ;
#2690 = FACE_BOUND ( 'NONE', #4765, .T. ) ;
#2691 = CARTESIAN_POINT ( 'NONE',  ( 1.135291466346152855, -16.08502005987303107, 5.000000000000000000 ) ) ;
#2692 = CARTESIAN_POINT ( 'NONE',  ( -0.4547526041666675178, -14.45681493166790510, 4.000000000000000000 ) ) ;
#2693 = CARTESIAN_POINT ( 'NONE',  ( 29.49999999999999645, 2.274415224058480448E-14, 9.000000000000001776 ) ) ;
#2694 = DIRECTION ( 'NONE',  ( -0.000000000000000000, -0.000000000000000000, -1.000000000000000000 ) ) ;
#2695 = CARTESIAN_POINT ( 'NONE',  ( -23.36898548953931609, -14.67500000000000782, 2.500000000000000000 ) ) ;
#2696 = VERTEX_POINT ( 'NONE', #5442 ) ;
#2697 = ORIENTED_EDGE ( 'NONE', *, *, #4261, .T. ) ;
#2698 = ADVANCED_FACE ( 'NONE', ( #1023 ), #3997, .F. ) ;
#2699 = AXIS2_PLACEMENT_3D ( 'NONE', #4722, #1681, #200 ) ;
#2700 = DIRECTION ( 'NONE',  ( -1.000000000000000000, 0.000000000000000000, 0.000000000000000000 ) ) ;
#2701 = CARTESIAN_POINT ( 'NONE',  ( 0.9748812362655017161, -16.92499946339432171, 5.000000000000000000 ) ) ;
#2702 = ORIENTED_EDGE ( 'NONE', *, *, #3426, .F. ) ;
#2703 = CYLINDRICAL_SURFACE ( 'NONE', #2171, 1.500000000000001332 ) ;
#2704 = VECTOR ( 'NONE', #5499, 1000.000000000000000 ) ;
#2705 = EDGE_LOOP ( 'NONE', ( #3525, #6110, #664, #559 ) ) ;
#2706 = ORIENTED_EDGE ( 'NONE', *, *, #2369, .T. ) ;
#2707 = CIRCLE ( 'NONE', #1969, 1.999999999999988676 ) ;
#2708 = DIRECTION ( 'NONE',  ( -1.000000000000000000, 0.000000000000000000, -0.000000000000000000 ) ) ;
#2709 = ORIENTED_EDGE ( 'NONE', *, *, #1358, .T. ) ;
#2710 = AXIS2_PLACEMENT_3D ( 'NONE', #3289, #6285, #1827 ) ;
#2711 = ADVANCED_FACE ( 'NONE', ( #1482 ), #1937, .T. ) ;
#2712 = CARTESIAN_POINT ( 'NONE',  ( -24.99999999999999645, 17.50000000000000000, 5.000000000000000000 ) ) ;
#2713 = CARTESIAN_POINT ( 'NONE',  ( -5.780128205128205465, -14.53822518807814923, 4.000000000000000000 ) ) ;
#2714 = CARTESIAN_POINT ( 'NONE',  ( 28.26202902092138913, -17.50000000000000711, 0.000000000000000000 ) ) ;
#2715 = AXIS2_PLACEMENT_3D ( 'NONE', #1956, #949, #2887 ) ;
#2716 = LINE ( 'NONE', #3839, #3976 ) ;
#2717 = EDGE_CURVE ( 'NONE', #3262, #5025, #5048, .T. ) ;
#2718 = EDGE_CURVE ( 'NONE', #1936, #1173, #688, .T. ) ;
#2719 = LINE ( 'NONE', #2288, #3215 ) ;
#2720 = ORIENTED_EDGE ( 'NONE', *, *, #4391, .F. ) ;
#2721 = CARTESIAN_POINT ( 'NONE',  ( 0.4498689790132371913, -15.42181728326246670, 4.000000000000000888 ) ) ;
#2722 = CARTESIAN_POINT ( 'NONE',  ( -10.05713943461311111, 2.791454495570343752, 5.000000000000000000 ) ) ;
#2723 = DIRECTION ( 'NONE',  ( -0.000000000000000000, -0.000000000000000000, -1.000000000000000000 ) ) ;
#2724 = EDGE_CURVE ( 'NONE', #134, #4136, #804, .T. ) ;
#2725 = CARTESIAN_POINT ( 'NONE',  ( -2.156531675770218204, -16.14779317042628648, 5.000000000000000000 ) ) ;
#2726 = CARTESIAN_POINT ( 'NONE',  ( -1.996269987160796067, -15.38395414467272815, 3.999999999999999112 ) ) ;
#2727 = CARTESIAN_POINT ( 'NONE',  ( -6.999999999999998224, -6.208545504429656248, 10.00000000000000000 ) ) ;
#2728 = DIRECTION ( 'NONE',  ( -0.000000000000000000, -0.000000000000000000, 1.000000000000000000 ) ) ;
#2729 = LINE ( 'NONE', #2167, #2992 ) ;
#2730 = ORIENTED_EDGE ( 'NONE', *, *, #3876, .T. ) ;
#2731 = ORIENTED_EDGE ( 'NONE', *, *, #3567, .F. ) ;
#2732 = FACE_BOUND ( 'NONE', #5201, .T. ) ;
#2733 = DIRECTION ( 'NONE',  ( 1.000000000000000000, 0.000000000000000000, 0.000000000000000000 ) ) ;
#2734 = ORIENTED_EDGE ( 'NONE', *, *, #3999, .T. ) ;
#2735 = CARTESIAN_POINT ( 'NONE',  ( 0.1867976494829336753, -17.68402191622607589, 4.999999999999999112 ) ) ;
#2736 = CARTESIAN_POINT ( 'NONE',  ( -6.999999999999997335, -8.208545504429656248, 6.000000000000000888 ) ) ;
#2737 = ORIENTED_EDGE ( 'NONE', *, *, #1808, .F. ) ;
#2738 = ORIENTED_EDGE ( 'NONE', *, *, #2846, .T. ) ;
#2739 = DIRECTION ( 'NONE',  ( 0.000000000000000000, -0.000000000000000000, -1.000000000000000000 ) ) ;
#2740 = EDGE_LOOP ( 'NONE', ( #5353, #1810, #6313, #4971 ) ) ;
#2741 = ADVANCED_BREP_SHAPE_REPRESENTATION ( 'paa5100je_left_centered', ( #2602, #3546 ), #4198 ) ;
#2742 = ORIENTED_EDGE ( 'NONE', *, *, #5378, .F. ) ;
#2743 = EDGE_CURVE ( 'NONE', #4669, #3586, #1642, .T. ) ;
#2744 = CARTESIAN_POINT ( 'NONE',  ( -23.36898548953929833, -20.32500000000001705, 2.500000000000000000 ) ) ;
#2745 = EDGE_CURVE ( 'NONE', #2902, #2112, #4157, .T. ) ;
#2746 = CARTESIAN_POINT ( 'NONE',  ( -25.33369296624130840, 22.34263864068763539, 5.000000000000000000 ) ) ;
#2747 = CARTESIAN_POINT ( 'NONE',  ( 0.4522893850970156060, -16.67878537271309014, 5.000000000000000888 ) ) ;
#2748 = EDGE_LOOP ( 'NONE', ( #4174, #2159, #3360, #2761 ) ) ;
#2749 = DIRECTION ( 'NONE',  ( 0.000000000000000000, 1.000000000000000000, 0.000000000000000000 ) ) ;
#2750 = EDGE_CURVE ( 'NONE', #5080, #433, #695, .T. ) ;
#2751 = CARTESIAN_POINT ( 'NONE',  ( 1.709615384615383205, -17.71322518807815882, 4.000000000000000000 ) ) ;
#2752 = ORIENTED_EDGE ( 'NONE', *, *, #3629, .F. ) ;
#2753 = CARTESIAN_POINT ( 'NONE',  ( 0.3970017988162010680, -14.64052744876494572, 4.000000000000000888 ) ) ;
#2754 = B_SPLINE_CURVE_WITH_KNOTS ( 'NONE', 3,
 ( #3346, #5236, #1821, #5761, #1242, #6279, #4246, #749, #2820, #3252, #2787, #5367, #718, #3844, #5270, #4772, #3780, #6243, #4809 ),
 .UNSPECIFIED., .F., .F.,
 ( 4, 1, 1, 1, 1, 1, 1, 1, 1, 1, 1, 1, 1, 1, 1, 1, 4 ),
 ( 0.000000000000000000, 0.1055399964402574386, 0.2020864154635874377, 0.2906848989424213880, 0.3705526096211915754, 0.4426702615663768992, 0.5076749275738737799, 0.5655732034810453390, 0.6164546657486240644, 0.6633313570051044827, 0.7088620244966149508, 0.7534118003496285132, 0.7985150107871087366, 0.8450643214401182268, 0.8938731190084054923, 0.9447078060036530056, 1.000000000000000000 ),
 .UNSPECIFIED. ) ;
#2755 = CARTESIAN_POINT ( 'NONE',  ( 2.279487179487178050, -17.71322518807815882, 5.000000000000000000 ) ) ;
#2756 = CARTESIAN_POINT ( 'NONE',  ( -0.4274038461538470779, -17.22476364961662298, 4.000000000000000000 ) ) ;
#2757 = B_SPLINE_CURVE_WITH_KNOTS ( 'NONE', 3,
 ( #2951, #3916, #3986, #5896, #4969, #3016, #3512, #424, #1472, #950, #6440, #3449, #3382, #4516, #6380, #5922, #6412, #1439, #453 ),
 .UNSPECIFIED., .F., .F.,
 ( 4, 1, 1, 1, 1, 1, 1, 1, 1, 1, 1, 1, 1, 1, 1, 1, 4 ),
 ( 0.000000000000000000, 0.06874126307936506697, 0.1347890881950343511, 0.1985360495606897369, 0.2603856506059212261, 0.3209615782321951216, 0.3799038495841482455, 0.4385029357752677770, 0.4961543439762697294, 0.5542654832085001093, 0.6127487608156951815, 0.6725134425261790616, 0.7336464018979738100, 0.7967896194814538813, 0.8619356990410240726, 0.9293977347748985096, 0.9999999999999998890 ),
 .UNSPECIFIED. ) ;
#2758 = CARTESIAN_POINT ( 'NONE',  ( 21.73797097907860731, -17.50000000000002132, 2.500000000000000000 ) ) ;
#2759 = LINE ( 'NONE', #4288, #4935 ) ;
#2760 = CARTESIAN_POINT ( 'NONE',  ( 0.04211720701543106293, -15.13220637524109335, 4.000000000000000888 ) ) ;
#2761 = ORIENTED_EDGE ( 'NONE', *, *, #46, .F. ) ;
#2762 = CARTESIAN_POINT ( 'NONE',  ( -1.098038976398268529, -15.20291703840947406, 4.999999999999999112 ) ) ;
#2763 = EDGE_CURVE ( 'NONE', #5865, #4400, #5146, .T. ) ;
#2764 = CARTESIAN_POINT ( 'NONE',  ( -3.231599351462890457, 5.471600447553131019, 9.000000000000001776 ) ) ;
#2765 = VERTEX_POINT ( 'NONE', #3588 ) ;
#2766 = ORIENTED_EDGE ( 'NONE', *, *, #6148, .T. ) ;
#2767 = DIRECTION ( 'NONE',  ( -0.05028052826558230409, -0.9987351342960424372, 0.000000000000000000 ) ) ;
#2768 = CARTESIAN_POINT ( 'NONE',  ( 3.378525641025639903, -15.75937903423200659, 5.000000000000000000 ) ) ;
#2769 = VERTEX_POINT ( 'NONE', #4123 ) ;
#2770 = CARTESIAN_POINT ( 'NONE',  ( 9.800000000000002487, 2.791454495570343752, 5.000000000000000000 ) ) ;
#2771 = EDGE_LOOP ( 'NONE', ( #5752, #5105, #2933, #490 ) ) ;
#2772 = CARTESIAN_POINT ( 'NONE',  ( 0.3923545424545350491, -16.79183658148754432, 4.000000000000001776 ) ) ;
#2773 = EDGE_CURVE ( 'NONE', #5517, #735, #1122, .T. ) ;
#2774 = ORIENTED_EDGE ( 'NONE', *, *, #5846, .T. ) ;
#2775 = CARTESIAN_POINT ( 'NONE',  ( -1.568235892687699806, -16.33322781619297714, 4.999999999999999112 ) ) ;
#2776 = ORIENTED_EDGE ( 'NONE', *, *, #5893, .F. ) ;
#2777 = DIRECTION ( 'NONE',  ( -0.9987351342960425482, -0.05028052826558215838, 0.000000000000000000 ) ) ;
#2778 = AXIS2_PLACEMENT_3D ( 'NONE', #454, #1992, #4016 ) ;
#2779 = VECTOR ( 'NONE', #5885, 1000.000000000000000 ) ;
#2780 = DIRECTION ( 'NONE',  ( -1.000000000000000000, 0.000000000000000000, 0.000000000000000000 ) ) ;
#2781 = LINE ( 'NONE', #1295, #986 ) ;
#2782 = ORIENTED_EDGE ( 'NONE', *, *, #534, .T. ) ;
#2783 = LINE ( 'NONE', #3249, #1661 ) ;
#2784 = EDGE_CURVE ( 'NONE', #1416, #2170, #5213, .T. ) ;
#2785 = VECTOR ( 'NONE', #1229, 1000.000000000000000 ) ;
#2786 = VERTEX_POINT ( 'NONE', #1083 ) ;
#2787 = CARTESIAN_POINT ( 'NONE',  ( -4.493261334243715766, -15.66418284835249430, 4.999999999999999112 ) ) ;
#2788 = ORIENTED_EDGE ( 'NONE', *, *, #2950, .F. ) ;
#2789 = CARTESIAN_POINT ( 'NONE',  ( 0.4721864381732719385, -14.68175389858883761, 3.999999999999998224 ) ) ;
#2790 = VECTOR ( 'NONE', #4396, 1000.000000000000000 ) ;
#2791 = DIRECTION ( 'NONE',  ( 1.000000000000000000, -1.334402673828313093E-16, 0.000000000000000000 ) ) ;
#2792 = CARTESIAN_POINT ( 'NONE',  ( -4.085078278190096945, -14.79228298569620925, 4.000000000000000000 ) ) ;
#2793 = DIRECTION ( 'NONE',  ( 1.000000000000000000, 0.000000000000000000, 0.000000000000000000 ) ) ;
#2794 = DIRECTION ( 'NONE',  ( 0.9987351342960424372, 0.05028052826558230409, -0.000000000000000000 ) ) ;
#2795 = ADVANCED_FACE ( 'NONE', ( #5641 ), #4721, .F. ) ;
#2796 = CARTESIAN_POINT ( 'NONE',  ( -2.133448305808136158, -15.80507921218605993, 5.000000000000001776 ) ) ;
#2797 = FACE_OUTER_BOUND ( 'NONE', #305, .T. ) ;
#2798 = DIRECTION ( 'NONE',  ( -1.000000000000000000, 0.000000000000000000, 0.000000000000000000 ) ) ;
#2799 = ORIENTED_EDGE ( 'NONE', *, *, #2616, .T. ) ;
#2800 = LINE ( 'NONE', #328, #933 ) ;
#2801 = FACE_OUTER_BOUND ( 'NONE', #3374, .T. ) ;
#2802 = ADVANCED_FACE ( 'NONE', ( #1222 ), #1158, .T. ) ;
#2803 = ORIENTED_EDGE ( 'NONE', *, *, #6001, .F. ) ;
#2804 = ADVANCED_FACE ( 'NONE', ( #4689 ), #5180, .F. ) ;
#2805 = DIRECTION ( 'NONE',  ( 0.8900702620852276592, 0.4558233523543239185, 0.000000000000000000 ) ) ;
#2806 = CARTESIAN_POINT ( 'NONE',  ( -5.016907051282050389, -16.32925082910378833, 5.000000000000000000 ) ) ;
#2807 = ORIENTED_EDGE ( 'NONE', *, *, #5426, .T. ) ;
#2808 = ORIENTED_EDGE ( 'NONE', *, *, #6141, .F. ) ;
#2809 = VECTOR ( 'NONE', #2728, 1000.000000000000000 ) ;
#2810 = CARTESIAN_POINT ( 'NONE',  ( 0.3970017988162010680, -14.64052744876494572, 5.000000000000000888 ) ) ;
#2811 = CARTESIAN_POINT ( 'NONE',  ( 4.355448717948715576, -15.10809698294995584, 4.000000000000000000 ) ) ;
#2812 = CIRCLE ( 'NONE', #3995, 1.500000000000001332 ) ;
#2813 = LINE ( 'NONE', #2313, #2349 ) ;
#2814 = DIRECTION ( 'NONE',  ( -0.000000000000000000, -0.000000000000000000, -1.000000000000000000 ) ) ;
#2815 = ORIENTED_EDGE ( 'NONE', *, *, #3691, .F. ) ;
#2816 = VECTOR ( 'NONE', #1324, 1000.000000000000000 ) ;
#2817 = AXIS2_PLACEMENT_3D ( 'NONE', #4577, #3610, #2090 ) ;
#2818 = DIRECTION ( 'NONE',  ( 0.4512830391435773136, -0.8923808708064826511, 0.000000000000000000 ) ) ;
#2819 = VECTOR ( 'NONE', #2564, 1000.000000000000000 ) ;
#2820 = CARTESIAN_POINT ( 'NONE',  ( -4.559631712782970858, -15.70309979647688969, 5.000000000000000888 ) ) ;
#2821 = CARTESIAN_POINT ( 'NONE',  ( 0.6962888675300780150, -14.83721622788495154, 4.000000000000000888 ) ) ;
#2822 = EDGE_CURVE ( 'NONE', #5589, #1203, #3524, .T. ) ;
#2823 = VECTOR ( 'NONE', #5276, 999.9999999999998863 ) ;
#2824 = CARTESIAN_POINT ( 'NONE',  ( -4.830937889471882407, -15.11224050124815221, 5.000000000000000000 ) ) ;
#2825 = DIRECTION ( 'NONE',  ( -0.000000000000000000, -0.000000000000000000, -1.000000000000000000 ) ) ;
#2826 = FACE_OUTER_BOUND ( 'NONE', #2074, .T. ) ;
#2827 = CIRCLE ( 'NONE', #6509, 5.000000000000000888 ) ;
#2828 = ADVANCED_FACE ( 'NONE', ( #1706 ), #660, .F. ) ;
#2829 = LINE ( 'NONE', #3851, #1872 ) ;
#2830 = CARTESIAN_POINT ( 'NONE',  ( 28.51207079035956227, 16.96115051869449886, 0.000000000000000000 ) ) ;
#2831 = VERTEX_POINT ( 'NONE', #2557 ) ;
#2832 = DIRECTION ( 'NONE',  ( -0.5085404518589193845, -0.8610380995189039766, -0.000000000000000000 ) ) ;
#2833 = EDGE_CURVE ( 'NONE', #3820, #3335, #2355, .T. ) ;
#2834 = CARTESIAN_POINT ( 'NONE',  ( 0.4840094150641016668, -15.45599862557816095, 4.000000000000000000 ) ) ;
#2835 = VERTEX_POINT ( 'NONE', #6127 ) ;
#2836 = DIRECTION ( 'NONE',  ( 4.717825897487341307E-17, 0.7071067811865530128, 0.7071067811865420216 ) ) ;
#2837 = DIRECTION ( 'NONE',  ( -0.000000000000000000, -0.000000000000000000, -1.000000000000000000 ) ) ;
#2838 = ORIENTED_EDGE ( 'NONE', *, *, #1090, .T. ) ;
#2839 =( NAMED_UNIT ( * ) PLANE_ANGLE_UNIT ( ) SI_UNIT ( $, .RADIAN. ) );
#2840 = CARTESIAN_POINT ( 'NONE',  ( -0.005594862366429914115, -17.14803323146775682, 3.999999999999999112 ) ) ;
#2841 = ORIENTED_EDGE ( 'NONE', *, *, #3691, .T. ) ;
#2842 = VERTEX_POINT ( 'NONE', #3620 ) ;
#2843 = FACE_OUTER_BOUND ( 'NONE', #3032, .T. ) ;
#2844 = CARTESIAN_POINT ( 'NONE',  ( -2.157371794871795867, -16.10982474737303249, 4.000000000000000000 ) ) ;
#2845 = PLANE ( 'NONE',  #4578 ) ;
#2846 = EDGE_CURVE ( 'NONE', #2561, #274, #3777, .T. ) ;
#2847 = CARTESIAN_POINT ( 'NONE',  ( -0.4274038461538470779, -17.22476364961662298, 4.000000000000000000 ) ) ;
#2848 = EDGE_LOOP ( 'NONE', ( #798, #4206, #6042, #6011 ) ) ;
#2849 = CARTESIAN_POINT ( 'NONE',  ( 4.925320512820510643, -17.71322518807815882, 5.000000000000000000 ) ) ;
#2850 = VERTEX_POINT ( 'NONE', #5864 ) ;
#2851 = CARTESIAN_POINT ( 'NONE',  ( -4.477302839344638130, -14.58902508889043581, 4.999999999999995559 ) ) ;
#2852 = FACE_OUTER_BOUND ( 'NONE', #3636, .T. ) ;
#2853 = CARTESIAN_POINT ( 'NONE',  ( -4.993586386531498889, -15.10827286525999469, 5.000000000000000888 ) ) ;
#2854 = DIRECTION ( 'NONE',  ( 0.000000000000000000, -1.000000000000000000, 0.000000000000000000 ) ) ;
#2855 = PLANE ( 'NONE',  #2291 ) ;
#2856 = PLANE ( 'NONE',  #4733 ) ;
#2857 = CARTESIAN_POINT ( 'NONE',  ( -27.74999999999998934, -13.50000000000000178, 9.000000000000001776 ) ) ;
#2858 = CARTESIAN_POINT ( 'NONE',  ( -1.587500000000001021, -16.10918872974482596, 4.000000000000000000 ) ) ;
#2859 = PLANE ( 'NONE',  #5198 ) ;
#2860 = ORIENTED_EDGE ( 'NONE', *, *, #2108, .T. ) ;
#2861 = DIRECTION ( 'NONE',  ( 0.000000000000000000, -0.000000000000000000, -1.000000000000000000 ) ) ;
#2862 = EDGE_CURVE ( 'NONE', #3644, #1289, #6367, .T. ) ;
#2863 = DIRECTION ( 'NONE',  ( -1.000000000000000000, 0.000000000000000000, 0.000000000000000000 ) ) ;
#2864 = EDGE_CURVE ( 'NONE', #3776, #1113, #2266, .T. ) ;
#2865 = ORIENTED_EDGE ( 'NONE', *, *, #1090, .F. ) ;
#2866 = CARTESIAN_POINT ( 'NONE',  ( 6.065064102564100779, -15.10809698294995584, 4.000000000000000000 ) ) ;
#2867 = ORIENTED_EDGE ( 'NONE', *, *, #2297, .T. ) ;
#2868 = EDGE_LOOP ( 'NONE', ( #1886, #2235, #34, #931 ) ) ;
#2869 = DIRECTION ( 'NONE',  ( 1.000000000000000000, -6.672013369141565463E-17, 0.000000000000000000 ) ) ;
#2870 = PLANE ( 'NONE',  #4580 ) ;
#2871 = DIRECTION ( 'NONE',  ( 0.7071067811865451302, 8.659560562354903276E-17, -0.7071067811865500152 ) ) ;
#2872 = CARTESIAN_POINT ( 'NONE',  ( -1.996269987160796067, -15.38395414467272815, 3.999999999999999112 ) ) ;
#2873 = VECTOR ( 'NONE', #419, 1000.000000000000000 ) ;
#2874 = ORIENTED_EDGE ( 'NONE', *, *, #3330, .F. ) ;
#2875 = CARTESIAN_POINT ( 'NONE',  ( -1.005059178219957383, -15.14848534415029313, 3.999999999999999112 ) ) ;
#2876 = ORIENTED_EDGE ( 'NONE', *, *, #2000, .F. ) ;
#2877 = VECTOR ( 'NONE', #789, 1000.000000000000000 ) ;
#2878 = EDGE_CURVE ( 'NONE', #1416, #6076, #2325, .T. ) ;
#2879 = AXIS2_PLACEMENT_3D ( 'NONE', #642, #4668, #5057 ) ;
#2880 = EDGE_CURVE ( 'NONE', #1758, #3806, #1375, .T. ) ;
#2881 = DIRECTION ( 'NONE',  ( -1.000000000000000000, 0.000000000000000000, 0.000000000000000000 ) ) ;
#2882 = DIRECTION ( 'NONE',  ( -0.000000000000000000, 0.000000000000000000, -1.000000000000000000 ) ) ;
#2883 = CYLINDRICAL_SURFACE ( 'NONE', #5931, 1.257139434613111950 ) ;
#2884 = VECTOR ( 'NONE', #2780, 1000.000000000000000 ) ;
#2885 = AXIS2_PLACEMENT_3D ( 'NONE', #6305, #5418, #1812 ) ;
#2886 = DIRECTION ( 'NONE',  ( -0.8397897338196435024, -0.5429117819417187407, 0.000000000000000000 ) ) ;
#2887 = DIRECTION ( 'NONE',  ( -1.000000000000000000, 0.000000000000000000, 0.000000000000000000 ) ) ;
#2888 = DIRECTION ( 'NONE',  ( -0.000000000000000000, -0.000000000000000000, 1.000000000000000000 ) ) ;
#2889 = CIRCLE ( 'NONE', #580, 1.366822574594681150 ) ;
#2890 = CYLINDRICAL_SURFACE ( 'NONE', #693, 3.366822574594681150 ) ;
#2891 = ORIENTED_EDGE ( 'NONE', *, *, #6043, .F. ) ;
#2892 = DIRECTION ( 'NONE',  ( -1.000000000000000000, 0.000000000000000000, 0.000000000000000000 ) ) ;
#2893 = DIRECTION ( 'NONE',  ( -1.000000000000000000, 0.000000000000000000, 0.000000000000000000 ) ) ;
#2894 = ORIENTED_EDGE ( 'NONE', *, *, #496, .T. ) ;
#2895 = CARTESIAN_POINT ( 'NONE',  ( -1.740780248397436836, -15.01205832109098104, 5.000000000000000000 ) ) ;
#2896 = VECTOR ( 'NONE', #821, 1000.000000000000000 ) ;
#2897 = PLANE ( 'NONE',  #3020 ) ;
#2898 = ORIENTED_EDGE ( 'NONE', *, *, #997, .T. ) ;
#2899 = DIRECTION ( 'NONE',  ( 0.4558233523543239185, -0.8900702620852276592, 0.000000000000000000 ) ) ;
#2900 = FACE_OUTER_BOUND ( 'NONE', #1065, .T. ) ;
#2901 = EDGE_CURVE ( 'NONE', #2065, #1970, #3788, .T. ) ;
#2902 = VERTEX_POINT ( 'NONE', #1253 ) ;
#2903 = ORIENTED_EDGE ( 'NONE', *, *, #2657, .T. ) ;
#2904 = CARTESIAN_POINT ( 'NONE',  ( 19.19238815542513166, -12.03553390593273242, 5.000000000000000000 ) ) ;
#2905 = DIRECTION ( 'NONE',  ( 0.05028052826558215144, -0.9987351342960424372, 0.000000000000000000 ) ) ;
#2906 = CARTESIAN_POINT ( 'NONE',  ( -30.26207079035955516, 16.96115051869449175, 9.000000000000001776 ) ) ;
#2907 = CARTESIAN_POINT ( 'NONE',  ( -2.133448305808136158, -15.80507921218605993, 4.000000000000001776 ) ) ;
#2908 = ORIENTED_EDGE ( 'NONE', *, *, #3897, .T. ) ;
#2909 = CARTESIAN_POINT ( 'NONE',  ( 19.19238815542513166, -12.03553390593273242, 5.000000000000000000 ) ) ;
#2910 = CARTESIAN_POINT ( 'NONE',  ( -3.904711946923277388, -15.04694803077888210, 4.999999999999997335 ) ) ;
#2911 = CARTESIAN_POINT ( 'NONE',  ( -0.5465727156076481963, -17.22193929993222739, 4.000000000000000888 ) ) ;
#2912 = CARTESIAN_POINT ( 'NONE',  ( 29.50000000000000711, -19.74999999999999289, 0.000000000000000000 ) ) ;
#2913 = VECTOR ( 'NONE', #1696, 1000.000000000000000 ) ;
#2914 = DIRECTION ( 'NONE',  ( 0.03284611711294563308, -0.9994604207224029313, 0.000000000000000000 ) ) ;
#2915 = CARTESIAN_POINT ( 'NONE',  ( 5.495192307692304823, -15.10809698294995584, 5.000000000000000000 ) ) ;
#2916 = EDGE_CURVE ( 'NONE', #4021, #6091, #6294, .T. ) ;
#2917 = DIRECTION ( 'NONE',  ( -0.000000000000000000, -0.000000000000000000, -1.000000000000000000 ) ) ;
#2918 = ORIENTED_EDGE ( 'NONE', *, *, #3381, .F. ) ;
#2919 = VECTOR ( 'NONE', #6486, 1000.000000000000114 ) ;
#2920 = CARTESIAN_POINT ( 'NONE',  ( -24.83598345761040704, 20.75790299228751223, 2.500000000000000000 ) ) ;
#2921 = ORIENTED_EDGE ( 'NONE', *, *, #3647, .T. ) ;
#2922 = LINE ( 'NONE', #2020, #2704 ) ;
#2923 = CARTESIAN_POINT ( 'NONE',  ( -1.185910729648386841, -15.26743809971057431, 4.000000000000000888 ) ) ;
#2924 = EDGE_CURVE ( 'NONE', #1410, #604, #728, .T. ) ;
#2925 = EDGE_LOOP ( 'NONE', ( #2972, #1778, #4527, #1960 ) ) ;
#2926 = DIRECTION ( 'NONE',  ( -0.000000000000000000, -0.000000000000000000, -1.000000000000000000 ) ) ;
#2927 = AXIS2_PLACEMENT_3D ( 'NONE', #2201, #2794, #2227 ) ;
#2928 = LINE ( 'NONE', #1021, #191 ) ;
#2929 = VECTOR ( 'NONE', #1498, 1000.000000000000000 ) ;
#2930 = ORIENTED_EDGE ( 'NONE', *, *, #5046, .F. ) ;
#2931 = DIRECTION ( 'NONE',  ( -0.8610380995189039766, -0.5085404518589193845, 0.000000000000000000 ) ) ;
#2932 = CARTESIAN_POINT ( 'NONE',  ( -1.613132359156618234, -14.88155069895832305, 5.000000000000000000 ) ) ;
#2933 = ORIENTED_EDGE ( 'NONE', *, *, #487, .T. ) ;
#2934 = EDGE_LOOP ( 'NONE', ( #1580, #4233 ) ) ;
#2935 = LINE ( 'NONE', #2431, #6183 ) ;
#2936 = LINE ( 'NONE', #3967, #5520 ) ;
#2937 = CARTESIAN_POINT ( 'NONE',  ( 0.000000000000000000, 0.000000000000000000, 2.500000000000000000 ) ) ;
#2938 = ORIENTED_EDGE ( 'NONE', *, *, #6456, .T. ) ;
#2939 = CARTESIAN_POINT ( 'NONE',  ( 0.8095053573310251327, -17.19685137241162920, 5.000000000000000000 ) ) ;
#2940 = VERTEX_POINT ( 'NONE', #3323 ) ;
#2941 = EDGE_CURVE ( 'NONE', #5072, #2179, #584, .T. ) ;
#2942 = VERTEX_POINT ( 'NONE', #2857 ) ;
#2943 = ADVANCED_FACE ( 'NONE', ( #4876 ), #4327, .F. ) ;
#2944 = CARTESIAN_POINT ( 'NONE',  ( -4.042379089280638382, -14.83613371534582548, 3.999999999999999112 ) ) ;
#2945 = DIRECTION ( 'NONE',  ( -0.4558233523543239185, -0.8900702620852276592, 0.000000000000000000 ) ) ;
#2946 = LINE ( 'NONE', #3506, #36 ) ;
#2947 = EDGE_CURVE ( 'NONE', #2502, #968, #5337, .T. ) ;
#2948 = CARTESIAN_POINT ( 'NONE',  ( -5.116125801282050745, -14.53822518807814923, 5.000000000000000000 ) ) ;
#2949 = DIRECTION ( 'NONE',  ( -0.000000000000000000, -0.000000000000000000, 1.000000000000000000 ) ) ;
#2950 = EDGE_CURVE ( 'NONE', #4831, #3800, #4849, .T. ) ;
#2951 = CARTESIAN_POINT ( 'NONE',  ( -3.826282051282051455, -15.44009818487302255, 4.000000000000000888 ) ) ;
#2952 = CARTESIAN_POINT ( 'NONE',  ( 0.2292313111351064192, -14.57091519142974967, 5.000000000000000888 ) ) ;
#2953 = VERTEX_POINT ( 'NONE', #1832 ) ;
#2954 = CARTESIAN_POINT ( 'NONE',  ( 23.36898548953929833, -20.32500000000001705, 2.500000000000000000 ) ) ;
#2955 = CARTESIAN_POINT ( 'NONE',  ( -0.1520525117171784013, -14.47682276924449241, 5.000000000000002665 ) ) ;
#2956 = VERTEX_POINT ( 'NONE', #4387 ) ;
#2957 = CARTESIAN_POINT ( 'NONE',  ( -4.834456291209126455, -15.75577356204661506, 4.999999999999992895 ) ) ;
#2958 = LINE ( 'NONE', #5440, #1245 ) ;
#2959 = VERTEX_POINT ( 'NONE', #2727 ) ;
#2960 = ADVANCED_FACE ( 'NONE', ( #2228 ), #4253, .T. ) ;
#2961 = CYLINDRICAL_SURFACE ( 'NONE', #5004, 0.9999999999999991118 ) ;
#2962 = LINE ( 'NONE', #5477, #3973 ) ;
#2963 = ORIENTED_EDGE ( 'NONE', *, *, #5908, .T. ) ;
#2964 = ORIENTED_EDGE ( 'NONE', *, *, #1102, .T. ) ;
#2965 = B_SPLINE_CURVE_WITH_KNOTS ( 'NONE', 3,
 ( #540, #6462, #3594, #2531, #441, #5583, #4561, #1061, #3534, #4501, #38 ),
 .UNSPECIFIED., .F., .F.,
 ( 4, 1, 1, 1, 1, 1, 1, 1, 4 ),
 ( 0.000000000000000000, 0.1289756962903343684, 0.2566142768832944676, 0.3823748611154015875, 0.5074502079341300931, 0.6312318059159223171, 0.7542207153102945538, 0.8773008482791445628, 1.000000000000000000 ),
 .UNSPECIFIED. ) ;
#2966 = DIRECTION ( 'NONE',  ( -0.000000000000000000, -0.000000000000000000, -1.000000000000000000 ) ) ;
#2967 = LINE ( 'NONE', #5019, #474 ) ;
#2968 = LINE ( 'NONE', #5941, #3947 ) ;
#2969 = ADVANCED_FACE ( 'NONE', ( #5993 ), #3917, .T. ) ;
#2970 = ORIENTED_EDGE ( 'NONE', *, *, #3441, .T. ) ;
#2971 = CARTESIAN_POINT ( 'NONE',  ( 0.9748812362655017161, -16.92499946339432171, 4.999999999999999112 ) ) ;
#2972 = ORIENTED_EDGE ( 'NONE', *, *, #3043, .T. ) ;
#2973 = ORIENTED_EDGE ( 'NONE', *, *, #2643, .F. ) ;
#2974 = VECTOR ( 'NONE', #50, 1000.000000000000000 ) ;
#2975 = CARTESIAN_POINT ( 'NONE',  ( 2.279487179487178050, -17.71322518807815882, 4.000000000000000000 ) ) ;
#2976 = DIRECTION ( 'NONE',  ( -0.000000000000000000, -0.000000000000000000, -1.000000000000000000 ) ) ;
#2977 = DIRECTION ( 'NONE',  ( 1.334402673828313093E-16, 1.000000000000000000, -0.000000000000000000 ) ) ;
#2978 = ADVANCED_FACE ( 'NONE', ( #2983 ), #4547, .T. ) ;
#2979 = CARTESIAN_POINT ( 'NONE',  ( 24.99999999999999645, 17.50000000000000000, 9.000000000000001776 ) ) ;
#2980 = VECTOR ( 'NONE', #1757, 1000.000000000000000 ) ;
#2981 = CARTESIAN_POINT ( 'NONE',  ( -1.720051390361294175, -14.98933431933119564, 4.000000000000000888 ) ) ;
#2982 = LINE ( 'NONE', #5955, #2077 ) ;
#2983 = FACE_OUTER_BOUND ( 'NONE', #2222, .T. ) ;
#2984 = ORIENTED_EDGE ( 'NONE', *, *, #901, .T. ) ;
#2985 = LINE ( 'NONE', #2954, #3442 ) ;
#2986 = VECTOR ( 'NONE', #6225, 1000.000000000000000 ) ;
#2987 = AXIS2_PLACEMENT_3D ( 'NONE', #2181, #2708, #3274 ) ;
#2988 = LINE ( 'NONE', #1504, #5833 ) ;
#2989 = ORIENTED_EDGE ( 'NONE', *, *, #1891, .F. ) ;
#2990 = CARTESIAN_POINT ( 'NONE',  ( -0.3372951039804216178, -15.03092100961549527, 5.000000000000001776 ) ) ;
#2991 = CARTESIAN_POINT ( 'NONE',  ( 7.000000000000003553, -5.208545504429657136, 6.000000000000000888 ) ) ;
#2992 = VECTOR ( 'NONE', #4194, 1000.000000000000000 ) ;
#2993 = CIRCLE ( 'NONE', #4800, 1.366822574594681150 ) ;
#2994 = ORIENTED_EDGE ( 'NONE', *, *, #4869, .T. ) ;
#2995 = CARTESIAN_POINT ( 'NONE',  ( 1.086619042635373233, -16.63111049234407446, 4.000000000000000888 ) ) ;
#2996 = CARTESIAN_POINT ( 'NONE',  ( -0.4547526041666675178, -14.45681493166790510, 4.999999999999999112 ) ) ;
#2997 = VERTEX_POINT ( 'NONE', #2920 ) ;
#2998 = AXIS2_PLACEMENT_3D ( 'NONE', #3092, #6223, #4657 ) ;
#2999 = EDGE_LOOP ( 'NONE', ( #1895, #2308, #2894, #6111 ) ) ;
#3000 = EDGE_CURVE ( 'NONE', #5405, #5435, #1014, .T. ) ;
#3001 = EDGE_CURVE ( 'NONE', #1836, #6397, #1111, .T. ) ;
#3002 = DIRECTION ( 'NONE',  ( -0.000000000000000000, -0.000000000000000000, 1.000000000000000000 ) ) ;
#3003 = CARTESIAN_POINT ( 'NONE',  ( -3.845458413855898705, -15.65526029447563516, 5.000000000000000888 ) ) ;
#3004 = DIRECTION ( 'NONE',  ( -0.000000000000000000, -0.000000000000000000, -1.000000000000000000 ) ) ;
#3005 = ORIENTED_EDGE ( 'NONE', *, *, #1852, .T. ) ;
#3006 = CARTESIAN_POINT ( 'NONE',  ( -0.2163348755722027672, -17.78286172488484240, 5.000000000000000000 ) ) ;
#3007 = ORIENTED_EDGE ( 'NONE', *, *, #3015, .F. ) ;
#3008 = EDGE_CURVE ( 'NONE', #1225, #2582, #5936, .T. ) ;
#3009 = ORIENTED_EDGE ( 'NONE', *, *, #997, .F. ) ;
#3010 = CARTESIAN_POINT ( 'NONE',  ( -3.826282051282051455, -15.44009818487302255, 4.999999999999997335 ) ) ;
#3011 = FACE_OUTER_BOUND ( 'NONE', #6138, .T. ) ;
#3012 = AXIS2_PLACEMENT_3D ( 'NONE', #3391, #271, #1319 ) ;
#3013 = PLANE ( 'NONE',  #2483 ) ;
#3014 = CARTESIAN_POINT ( 'NONE',  ( -0.7406686922125101935, -14.47557800615342494, 4.000000000000000888 ) ) ;
#3015 = EDGE_CURVE ( 'NONE', #750, #332, #3988, .T. ) ;
#3016 = CARTESIAN_POINT ( 'NONE',  ( -3.862538735090420783, -15.72090838701138082, 3.999999999999998224 ) ) ;
#3017 = DIRECTION ( 'NONE',  ( -1.000000000000000000, 0.000000000000000000, 0.000000000000000000 ) ) ;
#3018 = VERTEX_POINT ( 'NONE', #920 ) ;
#3019 = CARTESIAN_POINT ( 'NONE',  ( -4.950121727997546905, -15.10860986254749960, 4.000000000000000000 ) ) ;
#3020 = AXIS2_PLACEMENT_3D ( 'NONE', #4334, #1839, #3267 ) ;
#3021 = CARTESIAN_POINT ( 'NONE',  ( -0.5857649643722975252, -15.02964070166748733, 3.999999999999999112 ) ) ;
#3022 = ORIENTED_EDGE ( 'NONE', *, *, #3330, .T. ) ;
#3023 = CARTESIAN_POINT ( 'NONE',  ( 3.948397435897434526, -17.71322518807815882, 4.000000000000000000 ) ) ;
#3024 = VECTOR ( 'NONE', #3036, 1000.000000000000000 ) ;
#3025 = CARTESIAN_POINT ( 'NONE',  ( -0.5596769667581231733, -17.79296603475588157, 5.000000000000000000 ) ) ;
#3026 = ADVANCED_FACE ( 'NONE', ( #4910 ), #4942, .T. ) ;
#3027 = VECTOR ( 'NONE', #2443, 1000.000000000000000 ) ;
#3028 = ORIENTED_EDGE ( 'NONE', *, *, #3977, .F. ) ;
#3029 = EDGE_CURVE ( 'NONE', #3273, #1762, #1188, .T. ) ;
#3030 = CARTESIAN_POINT ( 'NONE',  ( 21.50000000000000000, -14.49566939831962209, 9.000000000000001776 ) ) ;
#3031 = CARTESIAN_POINT ( 'NONE',  ( -0.4874174720973487029, -14.45705125866131979, 4.999999999999999112 ) ) ;
#3032 = EDGE_LOOP ( 'NONE', ( #6373, #5878, #3133, #5654 ) ) ;
#3033 = CIRCLE ( 'NONE', #5256, 1.500000000000001332 ) ;
#3034 = EDGE_LOOP ( 'NONE', ( #3501, #6125, #5888, #3936 ) ) ;
#3035 = LINE ( 'NONE', #1583, #4081 ) ;
#3036 = DIRECTION ( 'NONE',  ( 1.000000000000000000, 1.903335346464819526E-16, 0.000000000000000000 ) ) ;
#3037 = DIRECTION ( 'NONE',  ( -1.000000000000000000, 0.000000000000000000, 0.000000000000000000 ) ) ;
#3038 = ORIENTED_EDGE ( 'NONE', *, *, #3287, .T. ) ;
#3039 = PLANE ( 'NONE',  #2879 ) ;
#3040 = ORIENTED_EDGE ( 'NONE', *, *, #3250, .T. ) ;
#3041 = ADVANCED_FACE ( 'NONE', ( #5434 ), #2890, .T. ) ;
#3042 = VERTEX_POINT ( 'NONE', #6514 ) ;
#3043 = EDGE_CURVE ( 'NONE', #3171, #5961, #4890, .T. ) ;
#3044 = DIRECTION ( 'NONE',  ( -0.000000000000000000, -0.000000000000000000, -1.000000000000000000 ) ) ;
#3045 = CARTESIAN_POINT ( 'NONE',  ( 5.433177425405312455, 2.791454495570343752, 5.000000000000000000 ) ) ;
#3046 = CARTESIAN_POINT ( 'NONE',  ( -4.278274748009652129, -16.20625942290764243, 5.000000000000000888 ) ) ;
#3047 = CARTESIAN_POINT ( 'NONE',  ( -1.667451938409447720, -17.31997028335685229, 4.999999999999994671 ) ) ;
#3048 = CARTESIAN_POINT ( 'NONE',  ( 7.000000000000003553, -9.208545504429656248, 10.00000000000000000 ) ) ;
#3049 = CARTESIAN_POINT ( 'NONE',  ( -5.780128205128205465, -17.71322518807814816, 5.000000000000000000 ) ) ;
#3050 = EDGE_LOOP ( 'NONE', ( #6151, #6297, #5445, #4599, #5172, #963, #1058, #6174, #4761, #3386 ) ) ;
#3051 = CARTESIAN_POINT ( 'NONE',  ( 2.279487179487178050, -15.75937903423200659, 4.000000000000000000 ) ) ;
#3052 = CARTESIAN_POINT ( 'NONE',  ( 0.3199168669871786386, -14.60691509192431425, 4.000000000000000000 ) ) ;
#3053 = ORIENTED_EDGE ( 'NONE', *, *, #105, .F. ) ;
#3054 = CARTESIAN_POINT ( 'NONE',  ( 3.948397435897434526, -14.53822518807815989, 4.000000000000000000 ) ) ;
#3055 = CARTESIAN_POINT ( 'NONE',  ( -1.014354110961325661, -17.71213953707530564, 4.999999999999999112 ) ) ;
#3056 = ORIENTED_EDGE ( 'NONE', *, *, #6033, .T. ) ;
#3057 = LINE ( 'NONE', #130, #990 ) ;
#3058 = CARTESIAN_POINT ( 'NONE',  ( 0.7460685591314266674, -17.27798701181589536, 4.000000000000000000 ) ) ;
#3059 = CARTESIAN_POINT ( 'NONE',  ( -0.5519781544576651822, -14.45751834862439011, 5.000000000000000000 ) ) ;
#3060 = ADVANCED_FACE ( 'NONE', ( #4450 ), #1501, .T. ) ;
#3061 = ORIENTED_EDGE ( 'NONE', *, *, #4793, .F. ) ;
#3062 = EDGE_LOOP ( 'NONE', ( #3246, #4209, #2143, #5414 ) ) ;
#3063 = ADVANCED_FACE ( 'NONE', ( #4045 ), #6055, .T. ) ;
#3064 = LINE ( 'NONE', #1916, #5354 ) ;
#3065 = ORIENTED_EDGE ( 'NONE', *, *, #1271, .T. ) ;
#3066 = LINE ( 'NONE', #72, #1215 ) ;
#3067 = CARTESIAN_POINT ( 'NONE',  ( -3.297115384615386446, -17.71322518807815882, 4.000000000000000000 ) ) ;
#3068 = ORIENTED_EDGE ( 'NONE', *, *, #1012, .F. ) ;
#3069 = DIRECTION ( 'NONE',  ( 0.03284611711294562614, -0.9994604207224029313, 0.000000000000000000 ) ) ;
#3070 = ORIENTED_EDGE ( 'NONE', *, *, #3830, .F. ) ;
#3071 = ORIENTED_EDGE ( 'NONE', *, *, #1510, .F. ) ;
#3072 = VERTEX_POINT ( 'NONE', #2387 ) ;
#3073 = DIRECTION ( 'NONE',  ( -1.000000000000000000, 0.000000000000000000, 0.000000000000000000 ) ) ;
#3074 = DIRECTION ( 'NONE',  ( -1.000000000000000000, 0.000000000000000000, 0.000000000000000000 ) ) ;
#3075 = CARTESIAN_POINT ( 'NONE',  ( -5.999999999999997335, -9.208545504429654471, 10.00000000000000000 ) ) ;
#3076 = EDGE_CURVE ( 'NONE', #3530, #2400, #1926, .T. ) ;
#3077 = CARTESIAN_POINT ( 'NONE',  ( -1.587676718579142721, -17.39342198505761772, 4.000000000000000000 ) ) ;
#3078 = EDGE_CURVE ( 'NONE', #3530, #4798, #5956, .T. ) ;
#3079 = CARTESIAN_POINT ( 'NONE',  ( -7.999999999999984901, -8.208545504429656248, 5.000000000000000000 ) ) ;
#3080 = DIRECTION ( 'NONE',  ( -0.000000000000000000, -0.000000000000000000, 1.000000000000000000 ) ) ;
#3081 = EDGE_LOOP ( 'NONE', ( #5296, #759, #842, #1964 ) ) ;
#3082 = CARTESIAN_POINT ( 'NONE',  ( -4.830937889471882407, -15.11224050124815221, 4.999999999999999112 ) ) ;
#3083 = CARTESIAN_POINT ( 'NONE',  ( -0.3500770061539407729, -17.22406594292079873, 5.000000000000000888 ) ) ;
#3084 = VERTEX_POINT ( 'NONE', #2581 ) ;
#3085 = VECTOR ( 'NONE', #855, 1000.000000000000000 ) ;
#3086 = CARTESIAN_POINT ( 'NONE',  ( -24.88156655863841848, 12.78449647227708397, 9.000000000000001776 ) ) ;
#3087 = CARTESIAN_POINT ( 'NONE',  ( -2.070894298496636754, -16.66061478450120603, 5.000000000000000888 ) ) ;
#3088 = ORIENTED_EDGE ( 'NONE', *, *, #226, .F. ) ;
#3089 = FACE_OUTER_BOUND ( 'NONE', #5017, .T. ) ;
#3090 = VECTOR ( 'NONE', #883, 1000.000000000000000 ) ;
#3091 = VECTOR ( 'NONE', #4737, 1000.000000000000000 ) ;
#3092 = CARTESIAN_POINT ( 'NONE',  ( -5.210256410256410398, -15.75937903423199593, 4.000000000000000000 ) ) ;
#3093 = FACE_OUTER_BOUND ( 'NONE', #3107, .T. ) ;
#3094 = ORIENTED_EDGE ( 'NONE', *, *, #3750, .T. ) ;
#3095 = LINE ( 'NONE', #2135, #3667 ) ;
#3096 = VECTOR ( 'NONE', #1785, 1000.000000000000114 ) ;
#3097 = VECTOR ( 'NONE', #2114, 1000.000000000000000 ) ;
#3098 = DIRECTION ( 'NONE',  ( -0.000000000000000000, -0.000000000000000000, -1.000000000000000000 ) ) ;
#3099 = LINE ( 'NONE', #1876, #2790 ) ;
#3100 = FACE_OUTER_BOUND ( 'NONE', #3992, .T. ) ;
#3101 = ADVANCED_FACE ( 'NONE', ( #1566 ), #1074, .T. ) ;
#3102 = CARTESIAN_POINT ( 'NONE',  ( 24.99999999999999645, -17.50000000000000000, 5.000000000000000000 ) ) ;
#3103 = EDGE_LOOP ( 'NONE', ( #3799, #3068, #5485, #343 ) ) ;
#3104 = CARTESIAN_POINT ( 'NONE',  ( 3.948397435897434526, -14.53822518807815989, 5.000000000000000000 ) ) ;
#3105 = EDGE_LOOP ( 'NONE', ( #6515, #4859, #3671, #2807 ) ) ;
#3106 = AXIS2_PLACEMENT_3D ( 'NONE', #2830, #4781, #6321 ) ;
#3107 = EDGE_LOOP ( 'NONE', ( #4922, #2788, #5806, #1802 ) ) ;
#3108 = VERTEX_POINT ( 'NONE', #1673 ) ;
#3109 = EDGE_CURVE ( 'NONE', #2586, #4879, #621, .T. ) ;
#3110 = ORIENTED_EDGE ( 'NONE', *, *, #703, .T. ) ;
#3111 = ORIENTED_EDGE ( 'NONE', *, *, #4694, .F. ) ;
#3112 = FACE_OUTER_BOUND ( 'NONE', #1078, .T. ) ;
#3113 = PLANE ( 'NONE',  #6347 ) ;
#3114 = CARTESIAN_POINT ( 'NONE',  ( -4.011129872859713785, -16.00390001245806459, 4.000000000000000000 ) ) ;
#3115 = CARTESIAN_POINT ( 'NONE',  ( -0.5596769667581231733, -17.79296603475588157, 4.000000000000000000 ) ) ;
#3116 = CARTESIAN_POINT ( 'NONE',  ( -0.4547526041666675178, -14.45681493166790510, 5.000000000000000000 ) ) ;
#3117 = DIRECTION ( 'NONE',  ( 0.000000000000000000, 0.000000000000000000, 1.000000000000000000 ) ) ;
#3118 = ORIENTED_EDGE ( 'NONE', *, *, #5230, .T. ) ;
#3119 = CARTESIAN_POINT ( 'NONE',  ( -4.993586386531498889, -15.10827286525999469, 4.000000000000000888 ) ) ;
#3120 = CARTESIAN_POINT ( 'NONE',  ( -0.06839335624488418475, -17.17153531876744310, 4.999999999999999112 ) ) ;
#3121 = ORIENTED_EDGE ( 'NONE', *, *, #1630, .T. ) ;
#3122 = EDGE_CURVE ( 'NONE', #6131, #577, #3529, .T. ) ;
#3123 = DIRECTION ( 'NONE',  ( -0.000000000000000000, -0.000000000000000000, -1.000000000000000000 ) ) ;
#3124 = CARTESIAN_POINT ( 'NONE',  ( -1.874319610407004788, -17.06371774496270888, 4.999999999999998224 ) ) ;
#3125 = CIRCLE ( 'NONE', #6381, 5.000000000000000888 ) ;
#3126 = ORIENTED_EDGE ( 'NONE', *, *, #3975, .F. ) ;
#3127 = CARTESIAN_POINT ( 'NONE',  ( -4.909185704635593339, -15.75848815063609187, 4.000000000000000000 ) ) ;
#3128 = VECTOR ( 'NONE', #4075, 1000.000000000000000 ) ;
#3129 = CARTESIAN_POINT ( 'NONE',  ( -2.157371794871795867, -16.10982474737303249, 5.000000000000000000 ) ) ;
#3130 = FACE_OUTER_BOUND ( 'NONE', #1913, .T. ) ;
#3131 = EDGE_CURVE ( 'NONE', #2516, #5615, #5429, .T. ) ;
#3132 = FACE_OUTER_BOUND ( 'NONE', #2532, .T. ) ;
#3133 = ORIENTED_EDGE ( 'NONE', *, *, #6405, .T. ) ;
#3134 = VECTOR ( 'NONE', #5041, 1000.000000000000000 ) ;
#3135 = EDGE_LOOP ( 'NONE', ( #1396, #4558, #4988, #4943 ) ) ;
#3136 = VECTOR ( 'NONE', #6263, 1000.000000000000114 ) ;
#3137 = DIRECTION ( 'NONE',  ( -0.000000000000000000, -0.000000000000000000, -1.000000000000000000 ) ) ;
#3138 = CIRCLE ( 'NONE', #5674, 3.366822574594681150 ) ;
#3139 = CARTESIAN_POINT ( 'NONE',  ( 0.6058667180371160033, -17.42255314433825930, 5.000000000000000000 ) ) ;
#3140 = VERTEX_POINT ( 'NONE', #4612 ) ;
#3141 = CARTESIAN_POINT ( 'NONE',  ( 3.948397435897434526, -17.71322518807815882, 5.000000000000000000 ) ) ;
#3142 = AXIS2_PLACEMENT_3D ( 'NONE', #1804, #5344, #4855 ) ;
#3143 = AXIS2_PLACEMENT_3D ( 'NONE', #2454, #2926, #1932 ) ;
#3144 = ORIENTED_EDGE ( 'NONE', *, *, #2467, .T. ) ;
#3145 = CARTESIAN_POINT ( 'NONE',  ( -21.49999999999998224, 1.242321824286740395E-14, 5.000000000000000000 ) ) ;
#3146 = EDGE_LOOP ( 'NONE', ( #306, #5602, #5279, #6332 ) ) ;
#3147 = VECTOR ( 'NONE', #2818, 1000.000000000000227 ) ;
#3148 = ORIENTED_EDGE ( 'NONE', *, *, #2571, .T. ) ;
#3149 = LINE ( 'NONE', #5163, #4271 ) ;
#3150 = CARTESIAN_POINT ( 'NONE',  ( 23.36898548953931609, -14.67500000000000782, 2.500000000000000000 ) ) ;
#3151 = FACE_BOUND ( 'NONE', #16, .T. ) ;
#3152 = EDGE_CURVE ( 'NONE', #972, #1970, #4112, .T. ) ;
#3153 = DIRECTION ( 'NONE',  ( -0.000000000000000000, -0.000000000000000000, -1.000000000000000000 ) ) ;
#3154 = EDGE_CURVE ( 'NONE', #2436, #5802, #3643, .T. ) ;
#3155 = CARTESIAN_POINT ( 'NONE',  ( -1.221573760966716993, -17.63094184391998454, 4.999999999999993783 ) ) ;
#3156 = CARTESIAN_POINT ( 'NONE',  ( 29.50000000000000711, -15.24999999999999467, 9.000000000000001776 ) ) ;
#3157 = CARTESIAN_POINT ( 'NONE',  ( 22.72792206135788007, -8.500000000000000000, 5.000000000000000000 ) ) ;
#3158 = ORIENTED_EDGE ( 'NONE', *, *, #5793, .T. ) ;
#3159 = CARTESIAN_POINT ( 'NONE',  ( -23.36898548953929833, -20.32500000000001705, 0.000000000000000000 ) ) ;
#3160 = EDGE_CURVE ( 'NONE', #5615, #5692, #6117, .T. ) ;
#3161 = CARTESIAN_POINT ( 'NONE',  ( 0.1643420549088633331, -17.05045728627539958, 3.999999999999999112 ) ) ;
#3162 = DIRECTION ( 'NONE',  ( -0.5085404518589196066, -0.8610380995189038655, 0.000000000000000000 ) ) ;
#3163 = CARTESIAN_POINT ( 'NONE',  ( -29.49999999999998224, 2.274415224058479501E-14, 9.000000000000001776 ) ) ;
#3164 = EDGE_LOOP ( 'NONE', ( #1559, #622, #3170, #368 ) ) ;
#3165 = CARTESIAN_POINT ( 'NONE',  ( -24.99999999999999645, -17.50000000000000000, 2.500000000000000000 ) ) ;
#3166 = CARTESIAN_POINT ( 'NONE',  ( -14.99999999999999822, 5.949455682166679971, 5.000000000000000000 ) ) ;
#3167 = DIRECTION ( 'NONE',  ( -1.000000000000000000, 0.000000000000000000, 0.000000000000000000 ) ) ;
#3168 = DIRECTION ( 'NONE',  ( 1.000000000000000000, 0.000000000000000000, 0.000000000000000000 ) ) ;
#3169 = VERTEX_POINT ( 'NONE', #1112 ) ;
#3170 = ORIENTED_EDGE ( 'NONE', *, *, #2916, .T. ) ;
#3171 = VERTEX_POINT ( 'NONE', #188 ) ;
#3172 = FACE_OUTER_BOUND ( 'NONE', #2925, .T. ) ;
#3173 = CARTESIAN_POINT ( 'NONE',  ( -0.2163348755722027672, -17.78286172488484240, 4.000000000000000000 ) ) ;
#3174 = CARTESIAN_POINT ( 'NONE',  ( 8.999999999999991118, -8.208545504429656248, 5.000000000000000000 ) ) ;
#3175 =( LENGTH_UNIT ( ) NAMED_UNIT ( * ) SI_UNIT ( .MILLI., .METRE. ) );
#3176 = ORIENTED_EDGE ( 'NONE', *, *, #2449, .F. ) ;
#3177 = CARTESIAN_POINT ( 'NONE',  ( 22.26058151680846819, 15.72900601150596600, 2.500000000000000000 ) ) ;
#3178 = ORIENTED_EDGE ( 'NONE', *, *, #3897, .F. ) ;
#3179 = DIRECTION ( 'NONE',  ( -0.000000000000000000, -0.000000000000000000, -1.000000000000000000 ) ) ;
#3180 = LINE ( 'NONE', #5620, #4048 ) ;
#3181 = CARTESIAN_POINT ( 'NONE',  ( -0.9812202862356684818, -17.10007694947923795, 4.000000000000003553 ) ) ;
#3182 = CARTESIAN_POINT ( 'NONE',  ( -3.834181635593693738, -15.58629100004424828, 4.000000000000001776 ) ) ;
#3183 = CARTESIAN_POINT ( 'NONE',  ( -5.210256410256410398, -17.71322518807814816, 5.000000000000000000 ) ) ;
#3184 = DIRECTION ( 'NONE',  ( -1.000000000000000000, 0.000000000000000000, 0.000000000000000000 ) ) ;
#3185 = ORIENTED_EDGE ( 'NONE', *, *, #6210, .T. ) ;
#3186 = CARTESIAN_POINT ( 'NONE',  ( 15.00000000000000711, 5.949455682166683523, 5.000000000000000000 ) ) ;
#3187 = EDGE_CURVE ( 'NONE', #2582, #6315, #2682, .T. ) ;
#3188 = CARTESIAN_POINT ( 'NONE',  ( -1.342709132345139666, -15.42094958386488024, 4.000000000000000000 ) ) ;
#3189 = CARTESIAN_POINT ( 'NONE',  ( 3.378525641025639903, -16.32925082910379899, 4.000000000000000000 ) ) ;
#3190 = DIRECTION ( 'NONE',  ( -0.000000000000000000, 0.000000000000000000, 1.000000000000000000 ) ) ;
#3191 = DIRECTION ( 'NONE',  ( -1.000000000000000000, 0.000000000000000000, 0.000000000000000000 ) ) ;
#3192 = CARTESIAN_POINT ( 'NONE',  ( 0.09160124233538076421, -17.71826953228604751, 4.000000000000000888 ) ) ;
#3193 = CARTESIAN_POINT ( 'NONE',  ( 20.00000000000000355, -5.772077938642118156, 5.000000000000000000 ) ) ;
#3194 = AXIS2_PLACEMENT_3D ( 'NONE', #4349, #1734, #5303 ) ;
#3195 = DIRECTION ( 'NONE',  ( -0.8610380995189044206, 0.5085404518589188294, 0.000000000000000000 ) ) ;
#3196 = ORIENTED_EDGE ( 'NONE', *, *, #5444, .F. ) ;
#3197 = CARTESIAN_POINT ( 'NONE',  ( -22.53798701022630269, -13.49639116526635618, 9.000000000000001776 ) ) ;
#3198 = DIRECTION ( 'NONE',  ( 1.000000000000000000, 4.336808689942020201E-16, -0.000000000000000000 ) ) ;
#3199 = VECTOR ( 'NONE', #4960, 1000.000000000000000 ) ;
#3200 = CARTESIAN_POINT ( 'NONE',  ( -8.799999999999998934, 2.791454495570343752, 10.00000000000000000 ) ) ;
#3201 = CARTESIAN_POINT ( 'NONE',  ( -5.210256410256410398, -15.75937903423199593, 4.000000000000000000 ) ) ;
#3202 = AXIS2_PLACEMENT_3D ( 'NONE', #5658, #1142, #1561 ) ;
#3203 = ORIENTED_EDGE ( 'NONE', *, *, #4056, .T. ) ;
#3204 = ADVANCED_FACE ( 'NONE', ( #5134 ), #1180, .F. ) ;
#3205 = DIRECTION ( 'NONE',  ( 1.000000000000000000, 0.000000000000000000, 0.000000000000000000 ) ) ;
#3206 = VECTOR ( 'NONE', #4957, 1000.000000000000000 ) ;
#3207 = EDGE_LOOP ( 'NONE', ( #2410, #1522, #1742, #3866 ) ) ;
#3208 = EDGE_CURVE ( 'NONE', #3298, #1474, #3680, .T. ) ;
#3209 = ORIENTED_EDGE ( 'NONE', *, *, #2880, .T. ) ;
#3210 = VECTOR ( 'NONE', #6393, 1000.000000000000000 ) ;
#3211 = CARTESIAN_POINT ( 'NONE',  ( -25.16401654238957875, 14.24209700771249132, 0.000000000000000000 ) ) ;
#3212 = CARTESIAN_POINT ( 'NONE',  ( 24.37302610677950199, 13.64553457179599505, 9.000000000000001776 ) ) ;
#3213 = EDGE_CURVE ( 'NONE', #5978, #4537, #5595, .T. ) ;
#3214 = CARTESIAN_POINT ( 'NONE',  ( -21.32178339562597813, 18.81176316890940825, 5.000000000000000000 ) ) ;
#3215 = VECTOR ( 'NONE', #280, 1000.000000000000000 ) ;
#3216 = DIRECTION ( 'NONE',  ( 1.000000000000000000, -7.709882115452478166E-16, 0.000000000000000000 ) ) ;
#3217 = EDGE_CURVE ( 'NONE', #2170, #3284, #4145, .T. ) ;
#3218 = LINE ( 'NONE', #5417, #941 ) ;
#3219 = CARTESIAN_POINT ( 'NONE',  ( -4.340546524786211613, -14.62919056945143126, 4.999999999999995559 ) ) ;
#3220 = ORIENTED_EDGE ( 'NONE', *, *, #5330, .T. ) ;
#3221 = CARTESIAN_POINT ( 'NONE',  ( 0.8910475011150382763, -15.01822014923526183, 4.000000000000000000 ) ) ;
#3222 = DIRECTION ( 'NONE',  ( -0.5000000000000011102, 0.8660254037844379305, -0.000000000000000000 ) ) ;
#3223 = LINE ( 'NONE', #5241, #1654 ) ;
#3224 = CARTESIAN_POINT ( 'NONE',  ( -14.99999999999999822, 5.949455682166679971, 5.000000000000000000 ) ) ;
#3225 = CARTESIAN_POINT ( 'NONE',  ( -2.157371794871795867, -16.10982474737303249, 5.000000000000000000 ) ) ;
#3226 = CARTESIAN_POINT ( 'NONE',  ( -0.3262956696057711103, -17.79295521362713828, 4.000000000000001776 ) ) ;
#3227 = CARTESIAN_POINT ( 'NONE',  ( 2.279487179487178050, -14.53822518807815989, 4.000000000000000000 ) ) ;
#3228 = PLANE ( 'NONE',  #4478 ) ;
#3229 = ORIENTED_EDGE ( 'NONE', *, *, #1139, .T. ) ;
#3230 = DIRECTION ( 'NONE',  ( -0.000000000000000000, -0.000000000000000000, -1.000000000000000000 ) ) ;
#3231 = EDGE_CURVE ( 'NONE', #1169, #4974, #3578, .T. ) ;
#3232 = VECTOR ( 'NONE', #854, 1000.000000000000000 ) ;
#3233 = DIRECTION ( 'NONE',  ( -0.000000000000000000, -0.000000000000000000, -1.000000000000000000 ) ) ;
#3234 = EDGE_CURVE ( 'NONE', #1831, #4360, #2545, .T. ) ;
#3235 = CARTESIAN_POINT ( 'NONE',  ( 0.9748812362655017161, -16.92499946339432171, 3.999999999999999112 ) ) ;
#3236 = CARTESIAN_POINT ( 'NONE',  ( 24.99999999999999645, 17.50000000000000000, 2.500000000000000000 ) ) ;
#3237 = VERTEX_POINT ( 'NONE', #3049 ) ;
#3238 = VECTOR ( 'NONE', #218, 1000.000000000000000 ) ;
#3239 = ADVANCED_FACE ( 'NONE', ( #2650 ), #4678, .F. ) ;
#3240 = CARTESIAN_POINT ( 'NONE',  ( -1.169130803996648593, -16.97777187295596590, 4.999999999999999112 ) ) ;
#3241 = ORIENTED_EDGE ( 'NONE', *, *, #283, .F. ) ;
#3242 = AXIS2_PLACEMENT_3D ( 'NONE', #2026, #988, #2423 ) ;
#3243 = DIRECTION ( 'NONE',  ( -1.000000000000000000, -5.778241043194148297E-16, 0.000000000000000000 ) ) ;
#3244 = CARTESIAN_POINT ( 'NONE',  ( -30.01888746451763268, 17.85109630944759473, 5.000000000000000000 ) ) ;
#3245 = CARTESIAN_POINT ( 'NONE',  ( -0.5465727156076481963, -17.22193929993222739, 4.000000000000000888 ) ) ;
#3246 = ORIENTED_EDGE ( 'NONE', *, *, #4832, .F. ) ;
#3247 = ADVANCED_FACE ( 'NONE', ( #5068 ), #5200, .T. ) ;
#3248 = VECTOR ( 'NONE', #5184, 1000.000000000000000 ) ;
#3249 = CARTESIAN_POINT ( 'NONE',  ( 20.81324294376706163, 19.67280126842832289, 9.000000000000001776 ) ) ;
#3250 = EDGE_CURVE ( 'NONE', #4170, #6076, #4380, .T. ) ;
#3251 = AXIS2_PLACEMENT_3D ( 'NONE', #5727, #866, #5359 ) ;
#3252 = CARTESIAN_POINT ( 'NONE',  ( -4.523840512970987326, -15.68489062534015410, 4.999999999999999112 ) ) ;
#3253 = ORIENTED_EDGE ( 'NONE', *, *, #4227, .T. ) ;
#3254 = CARTESIAN_POINT ( 'NONE',  ( -1.331874386065286409, -16.81908500358545311, 5.000000000000000000 ) ) ;
#3255 = DIRECTION ( 'NONE',  ( -0.000000000000000000, -0.000000000000000000, 1.000000000000000000 ) ) ;
#3256 = CARTESIAN_POINT ( 'NONE',  ( -5.072235444507663615, -14.53838097365525428, 3.999999999999999112 ) ) ;
#3257 = CARTESIAN_POINT ( 'NONE',  ( -27.74999999999998934, -15.25000000000000178, 0.000000000000000000 ) ) ;
#3258 = ADVANCED_FACE ( 'NONE', ( #5794 ), #4260, .T. ) ;
#3259 = CARTESIAN_POINT ( 'NONE',  ( -2.144737928400898053, -16.33547002649874713, 3.999999999999998224 ) ) ;
#3260 = B_SPLINE_SURFACE_WITH_KNOTS ( 'NONE', 3, 1, ( 
 ( #705, #6167 ),
 ( #1687, #4633 ),
 ( #5154, #106 ),
 ( #2105, #3665 ),
 ( #1714, #6102 ),
 ( #2637, #638 ),
 ( #236, #5688 ),
 ( #3628, #4730 ),
 ( #3235, #2701 ),
 ( #137, #5186 ),
 ( #1166, #5221 ),
 ( #4232, #1089 ),
 ( #206, #1130 ),
 ( #1228, #601 ),
 ( #5648, #3139 ),
 ( #4131, #666 ),
 ( #5254, #1648 ),
 ( #4664, #2139 ),
 ( #2210, #4166 ),
 ( #1584, #2735 ),
 ( #736, #3696 ),
 ( #2603, #4699 ),
 ( #2668, #6133 ),
 ( #3173, #172 ),
 ( #1614, #6205 ),
 ( #5716, #1196 ),
 ( #2237, #4759 ) ),
 .UNSPECIFIED., .F., .F., .F.,
 ( 4, 1, 1, 1, 1, 1, 1, 1, 1, 1, 1, 1, 1, 1, 1, 1, 1, 1, 1, 1, 1, 1, 1, 1, 4 ),
 ( 2, 2 ),
 ( 0.000000000000000000, 0.04195372266421871360, 0.08383257525769682861, 0.1253224468957348514, 0.1668154700621970465, 0.2084751830704548725, 0.2506434167191428641, 0.2930936687606691682, 0.3364423456538537804, 0.3795937467411215627, 0.4216564160417499707, 0.4629884048755588677, 0.5037180680597168614, 0.5438632444771041019, 0.5836082316923879576, 0.6231429243126040962, 0.6630127359613448013, 0.7029317129670360487, 0.7428875242888828279, 0.7836516854457782344, 0.8248505851518200815, 0.8669256875343537283, 0.9100657235186396798, 0.9542124608440872846, 0.9999999999999998890 ),
 ( 0.000000000000000000, 1.000000000000000000 ),
 .UNSPECIFIED. ) ;
#3261 = DIRECTION ( 'NONE',  ( -1.000000000000000000, 0.000000000000000000, 0.000000000000000000 ) ) ;
#3262 = VERTEX_POINT ( 'NONE', #2751 ) ;
#3263 = LINE ( 'NONE', #4877, #3437 ) ;
#3264 = DIRECTION ( 'NONE',  ( 0.000000000000000000, 0.000000000000000000, 1.000000000000000000 ) ) ;
#3265 = EDGE_LOOP ( 'NONE', ( #1635, #1620, #4602, #3692 ) ) ;
#3266 = DIRECTION ( 'NONE',  ( -0.000000000000000000, 0.000000000000000000, 1.000000000000000000 ) ) ;
#3267 = DIRECTION ( 'NONE',  ( -0.000000000000000000, 0.000000000000000000, 1.000000000000000000 ) ) ;
#3268 = ORIENTED_EDGE ( 'NONE', *, *, #184, .F. ) ;
#3269 = FILL_AREA_STYLE_COLOUR ( '', #1107 ) ;
#3270 = DIRECTION ( 'NONE',  ( -0.8660254037844380415, -0.5000000000000011102, 0.000000000000000000 ) ) ;
#3271 = SHAPE_DEFINITION_REPRESENTATION ( #4375, #2741 ) ;
#3272 = EDGE_CURVE ( 'NONE', #3553, #5079, #4743, .T. ) ;
#3273 = VERTEX_POINT ( 'NONE', #779 ) ;
#3274 = DIRECTION ( 'NONE',  ( -0.000000000000000000, 0.000000000000000000, 1.000000000000000000 ) ) ;
#3275 = ORIENTED_EDGE ( 'NONE', *, *, #976, .T. ) ;
#3276 = LINE ( 'NONE', #2185, #5738 ) ;
#3277 = CARTESIAN_POINT ( 'NONE',  ( 21.32178339562597813, 18.81176316890941536, 5.000000000000000000 ) ) ;
#3278 = LINE ( 'NONE', #774, #2980 ) ;
#3279 = ORIENTED_EDGE ( 'NONE', *, *, #6272, .T. ) ;
#3280 = DIRECTION ( 'NONE',  ( 1.000000000000000000, 0.000000000000000000, 0.000000000000000000 ) ) ;
#3281 = EDGE_CURVE ( 'NONE', #4498, #15, #6054, .T. ) ;
#3282 = ORIENTED_EDGE ( 'NONE', *, *, #590, .F. ) ;
#3283 = DIRECTION ( 'NONE',  ( 0.000000000000000000, 0.000000000000000000, -1.000000000000000000 ) ) ;
#3284 = VERTEX_POINT ( 'NONE', #5300 ) ;
#3285 = PLANE ( 'NONE',  #3763 ) ;
#3286 = CARTESIAN_POINT ( 'NONE',  ( -27.74999999999998934, -13.50000000000000178, 0.000000000000000000 ) ) ;
#3287 = EDGE_CURVE ( 'NONE', #1481, #1427, #2754, .T. ) ;
#3288 = CARTESIAN_POINT ( 'NONE',  ( -4.282934162643969422, -14.65432544641275214, 4.000000000000000000 ) ) ;
#3289 = CARTESIAN_POINT ( 'NONE',  ( -21.32178339562597813, 18.81176316890940825, 9.000000000000001776 ) ) ;
#3290 = EDGE_CURVE ( 'NONE', #4520, #5013, #2719, .T. ) ;
#3291 = CARTESIAN_POINT ( 'NONE',  ( -2.156246695998924157, -16.05802770467386154, 5.000000000000000000 ) ) ;
#3292 = CARTESIAN_POINT ( 'NONE',  ( -0.2064802702917326593, -15.05100548843820896, 3.999999999999998224 ) ) ;
#3293 = CARTESIAN_POINT ( 'NONE',  ( -1.267982511171485971, -15.34082543296465140, 5.000000000000000000 ) ) ;
#3294 = FACE_OUTER_BOUND ( 'NONE', #5606, .T. ) ;
#3295 = EDGE_LOOP ( 'NONE', ( #4705, #1405, #2206, #2342 ) ) ;
#3296 = LINE ( 'NONE', #4880, #1668 ) ;
#3297 = FACE_OUTER_BOUND ( 'NONE', #3722, .T. ) ;
#3298 = VERTEX_POINT ( 'NONE', #4319 ) ;
#3299 = LINE ( 'NONE', #5384, #5108 ) ;
#3300 = LINE ( 'NONE', #2333, #5660 ) ;
#3301 = ORIENTED_EDGE ( 'NONE', *, *, #1220, .T. ) ;
#3302 = VERTEX_POINT ( 'NONE', #1791 ) ;
#3303 = ADVANCED_FACE ( 'NONE', ( #1728 ), #4485, .T. ) ;
#3304 = CARTESIAN_POINT ( 'NONE',  ( -23.49999999999999645, 17.50000000000000000, 5.000000000000000000 ) ) ;
#3305 = AXIS2_PLACEMENT_3D ( 'NONE', #3277, #3340, #2680 ) ;
#3306 = VECTOR ( 'NONE', #1588, 1000.000000000000000 ) ;
#3307 = CARTESIAN_POINT ( 'NONE',  ( -2.727243589743591379, -17.71322518807815882, 4.000000000000000000 ) ) ;
#3308 = DIRECTION ( 'NONE',  ( 1.000000000000000000, 0.000000000000000000, 0.000000000000000000 ) ) ;
#3309 = EDGE_LOOP ( 'NONE', ( #3537, #3741 ) ) ;
#3310 = FACE_OUTER_BOUND ( 'NONE', #2497, .T. ) ;
#3311 = ADVANCED_FACE ( 'NONE', ( #1496 ), #3376, .F. ) ;
#3312 = VECTOR ( 'NONE', #2205, 1000.000000000000000 ) ;
#3313 = VECTOR ( 'NONE', #2678, 1000.000000000000227 ) ;
#3314 = EDGE_CURVE ( 'NONE', #3792, #5366, #945, .T. ) ;
#3315 = EDGE_LOOP ( 'NONE', ( #3465, #3009, #1965, #5653 ) ) ;
#3316 = CARTESIAN_POINT ( 'NONE',  ( -4.754285971661861510, -14.54998608670966931, 4.000000000000000888 ) ) ;
#3317 = CARTESIAN_POINT ( 'NONE',  ( -1.587500000000001021, -16.10918872974482596, 4.000000000000000000 ) ) ;
#3318 = VECTOR ( 'NONE', #3654, 1000.000000000000000 ) ;
#3319 = LINE ( 'NONE', #3811, #5090 ) ;
#3320 = FACE_OUTER_BOUND ( 'NONE', #5162, .T. ) ;
#3321 = DIRECTION ( 'NONE',  ( 0.000000000000000000, 1.000000000000000000, 0.000000000000000000 ) ) ;
#3322 = FACE_OUTER_BOUND ( 'NONE', #1331, .T. ) ;
#3323 = CARTESIAN_POINT ( 'NONE',  ( 21.73797097907860731, -17.50000000000002132, 2.500000000000000000 ) ) ;
#3324 = ORIENTED_EDGE ( 'NONE', *, *, #6191, .T. ) ;
#3325 = CARTESIAN_POINT ( 'NONE',  ( -27.90343502558110700, 16.01309099620652532, 0.000000000000000000 ) ) ;
#3326 = ADVANCED_FACE ( 'NONE', ( #518 ), #4475, .T. ) ;
#3327 = LINE ( 'NONE', #1801, #3720 ) ;
#3328 = ORIENTED_EDGE ( 'NONE', *, *, #1875, .F. ) ;
#3329 = DIRECTION ( 'NONE',  ( 1.000000000000000000, 0.000000000000000000, 0.000000000000000000 ) ) ;
#3330 = EDGE_CURVE ( 'NONE', #301, #5080, #5916, .T. ) ;
#3331 = CARTESIAN_POINT ( 'NONE',  ( 30.01888746451763268, 17.85109630944760184, 0.000000000000000000 ) ) ;
#3332 = ORIENTED_EDGE ( 'NONE', *, *, #3705, .T. ) ;
#3333 = EDGE_CURVE ( 'NONE', #1075, #3298, #447, .T. ) ;
#3334 = CARTESIAN_POINT ( 'NONE',  ( 0.05414935262507530878, -17.12029608227393851, 3.999999999999999112 ) ) ;
#3335 = VERTEX_POINT ( 'NONE', #5985 ) ;
#3336 = EDGE_LOOP ( 'NONE', ( #3571, #5935, #1709, #2096, #3922, #5217 ) ) ;
#3337 = DIRECTION ( 'NONE',  ( -1.000000000000000000, -1.381677860973891772E-15, 0.000000000000000000 ) ) ;
#3338 = DIRECTION ( 'NONE',  ( -0.000000000000000000, -0.000000000000000000, -1.000000000000000000 ) ) ;
#3339 = AXIS2_PLACEMENT_3D ( 'NONE', #3812, #2225, #1337 ) ;
#3340 = DIRECTION ( 'NONE',  ( 0.000000000000000000, -0.000000000000000000, -1.000000000000000000 ) ) ;
#3341 = CARTESIAN_POINT ( 'NONE',  ( -0.2029560313737959476, -17.20583498013595403, 5.000000000000000888 ) ) ;
#3342 = ORIENTED_EDGE ( 'NONE', *, *, #2352, .T. ) ;
#3343 = VECTOR ( 'NONE', #4956, 1000.000000000000000 ) ;
#3344 = AXIS2_PLACEMENT_3D ( 'NONE', #6435, #418, #2073 ) ;
#3345 = CARTESIAN_POINT ( 'NONE',  ( 27.75000000000000355, -19.74999999999999289, 9.000000000000001776 ) ) ;
#3346 = CARTESIAN_POINT ( 'NONE',  ( -4.988286258012819552, -15.75937903423199593, 5.000000000000000000 ) ) ;
#3347 = CARTESIAN_POINT ( 'NONE',  ( -0.08007804665968364100, -15.08486808327615059, 5.000000000000000888 ) ) ;
#3348 = ADVANCED_FACE ( 'NONE', ( #1466 ), #5489, .T. ) ;
#3349 = AXIS2_PLACEMENT_3D ( 'NONE', #452, #6052, #1923 ) ;
#3350 = LINE ( 'NONE', #3747, #2661 ) ;
#3351 = EDGE_CURVE ( 'NONE', #3072, #3262, #3505, .T. ) ;
#3352 = DIRECTION ( 'NONE',  ( -0.000000000000000000, 0.000000000000000000, 1.000000000000000000 ) ) ;
#3353 = CARTESIAN_POINT ( 'NONE',  ( -26.22363875699441493, 20.83582196652955432, 5.000000000000000000 ) ) ;
#3354 = AXIS2_PLACEMENT_3D ( 'NONE', #6220, #1826, #4815 ) ;
#3355 = CARTESIAN_POINT ( 'NONE',  ( -2.157371794871795867, -16.10982474737303249, 4.999999999999992895 ) ) ;
#3356 = CARTESIAN_POINT ( 'NONE',  ( -1.924998605220628267, -15.25382484343543155, 5.000000000000000888 ) ) ;
#3357 = ORIENTED_EDGE ( 'NONE', *, *, #2901, .T. ) ;
#3358 = CARTESIAN_POINT ( 'NONE',  ( 0.8367242634084657293, -1.416704348598113894, 9.000000000000001776 ) ) ;
#3359 = CARTESIAN_POINT ( 'NONE',  ( 4.925320512820510643, -15.10809698294995584, 5.000000000000000000 ) ) ;
#3360 = ORIENTED_EDGE ( 'NONE', *, *, #5104, .T. ) ;
#3361 = CARTESIAN_POINT ( 'NONE',  ( 0.4498689790132371913, -15.42181728326246670, 5.000000000000000888 ) ) ;
#3362 = CYLINDRICAL_SURFACE ( 'NONE', #615, 1.000000000000000000 ) ;
#3363 = ORIENTED_EDGE ( 'NONE', *, *, #105, .T. ) ;
#3364 =( NAMED_UNIT ( * ) SI_UNIT ( $, .STERADIAN. ) SOLID_ANGLE_UNIT ( ) );
#3365 = CARTESIAN_POINT ( 'NONE',  ( -28.26202902092138913, -17.50000000000000711, 2.500000000000000000 ) ) ;
#3366 = ORIENTED_EDGE ( 'NONE', *, *, #4776, .T. ) ;
#3367 = VERTEX_POINT ( 'NONE', #482 ) ;
#3368 = EDGE_CURVE ( 'NONE', #4736, #5453, #3834, .T. ) ;
#3369 = LINE ( 'NONE', #3183, #6304 ) ;
#3370 = FACE_OUTER_BOUND ( 'NONE', #1718, .T. ) ;
#3371 = CARTESIAN_POINT ( 'NONE',  ( 20.00000000000000355, -5.772077938642118156, 0.000000000000000000 ) ) ;
#3372 = EDGE_CURVE ( 'NONE', #604, #5644, #4413, .T. ) ;
#3373 = CARTESIAN_POINT ( 'NONE',  ( 24.83598345761040704, 20.75790299228751223, 2.500000000000000000 ) ) ;
#3374 = EDGE_LOOP ( 'NONE', ( #3342, #4758, #6142, #5478 ) ) ;
#3375 = DIRECTION ( 'NONE',  ( 0.000000000000000000, 0.000000000000000000, -1.000000000000000000 ) ) ;
#3376 = PLANE ( 'NONE',  #2246 ) ;
#3377 = CYLINDRICAL_SURFACE ( 'NONE', #1026, 1.500000000000001332 ) ;
#3378 = CARTESIAN_POINT ( 'NONE',  ( -4.398069938970056825, -15.38258635810702657, 5.000000000000000000 ) ) ;
#3379 = PLANE ( 'NONE',  #286 ) ;
#3380 = DIRECTION ( 'NONE',  ( 1.000000000000000000, 0.000000000000000000, 0.000000000000000000 ) ) ;
#3381 = EDGE_CURVE ( 'NONE', #735, #5852, #5316, .T. ) ;
#3382 = CARTESIAN_POINT ( 'NONE',  ( -4.103814741775677177, -16.09456020973437163, 3.999999999999999112 ) ) ;
#3383 = DIRECTION ( 'NONE',  ( 2.130192597415179150E-13, 4.102367371632169393E-13, 1.000000000000000000 ) ) ;
#3384 = DIRECTION ( 'NONE',  ( -0.000000000000000000, -0.000000000000000000, -1.000000000000000000 ) ) ;
#3385 = CARTESIAN_POINT ( 'NONE',  ( -0.4206072120007994797, -14.45734151234635689, 3.999999999999999112 ) ) ;
#3386 = ORIENTED_EDGE ( 'NONE', *, *, #2024, .F. ) ;
#3387 = CARTESIAN_POINT ( 'NONE',  ( -23.36898548953929833, -20.32500000000001705, 2.500000000000000000 ) ) ;
#3388 = DIRECTION ( 'NONE',  ( 0.8900702620852275482, -0.4558233523543239185, 0.000000000000000000 ) ) ;
#3389 = EDGE_LOOP ( 'NONE', ( #401, #4451, #3279, #5468 ) ) ;
#3390 = CARTESIAN_POINT ( 'NONE',  ( 25.33369296624130840, 22.34263864068764249, 5.000000000000000000 ) ) ;
#3391 = CARTESIAN_POINT ( 'NONE',  ( -21.49999999999998224, 1.242321824286740395E-14, 9.000000000000001776 ) ) ;
#3392 = ORIENTED_EDGE ( 'NONE', *, *, #4617, .F. ) ;
#3393 = ORIENTED_EDGE ( 'NONE', *, *, #5251, .T. ) ;
#3394 = CARTESIAN_POINT ( 'NONE',  ( 0.3453241295916130160, -14.61799375485804831, 4.999999999999999112 ) ) ;
#3395 = CARTESIAN_POINT ( 'NONE',  ( -0.4477564102564112192, -16.65489185474482525, 4.000000000000000000 ) ) ;
#3396 = DIRECTION ( 'NONE',  ( 0.000000000000000000, 1.000000000000000000, 0.000000000000000000 ) ) ;
#3397 = CARTESIAN_POINT ( 'NONE',  ( 0.8695249611224391550, -17.11073436257361635, 4.999999999999999112 ) ) ;
#3398 = VECTOR ( 'NONE', #3847, 1000.000000000000114 ) ;
#3399 = EDGE_CURVE ( 'NONE', #2336, #2633, #2614, .T. ) ;
#3400 = VERTEX_POINT ( 'NONE', #5195 ) ;
#3401 = CARTESIAN_POINT ( 'NONE',  ( 4.355448717948715576, -14.53822518807815989, 4.000000000000000000 ) ) ;
#3402 = ORIENTED_EDGE ( 'NONE', *, *, #4650, .T. ) ;
#3403 = AXIS2_PLACEMENT_3D ( 'NONE', #2158, #6186, #3184 ) ;
#3404 = AXIS2_PLACEMENT_3D ( 'NONE', #5327, #277, #6240 ) ;
#3405 = EDGE_CURVE ( 'NONE', #2240, #4101, #2509, .T. ) ;
#3406 = CARTESIAN_POINT ( 'NONE',  ( -4.002847120067658970, -14.88401268557848489, 4.999999999999999112 ) ) ;
#3407 = CARTESIAN_POINT ( 'NONE',  ( -24.99999999999999645, 17.50000000000000000, 2.500000000000000000 ) ) ;
#3408 = CARTESIAN_POINT ( 'NONE',  ( -5.116125801282050745, -14.53822518807814923, 5.000000000000000000 ) ) ;
#3409 = CIRCLE ( 'NONE', #4268, 1.366822574594681150 ) ;
#3410 = VECTOR ( 'NONE', #338, 1000.000000000000000 ) ;
#3411 = PLANE ( 'NONE',  #816 ) ;
#3412 = LINE ( 'NONE', #5432, #405 ) ;
#3413 = LINE ( 'NONE', #4449, #612 ) ;
#3414 = VECTOR ( 'NONE', #2365, 1000.000000000000000 ) ;
#3415 = DIRECTION ( 'NONE',  ( 0.000000000000000000, -0.000000000000000000, 1.000000000000000000 ) ) ;
#3416 = ORIENTED_EDGE ( 'NONE', *, *, #6089, .T. ) ;
#3417 = CARTESIAN_POINT ( 'NONE',  ( -4.620576031928705696, -15.14330935764022890, 3.999999999999999112 ) ) ;
#3418 = DIRECTION ( 'NONE',  ( -5.778241043194148297E-16, 1.000000000000000000, 0.000000000000000000 ) ) ;
#3419 = ORIENTED_EDGE ( 'NONE', *, *, #4463, .F. ) ;
#3420 = CARTESIAN_POINT ( 'NONE',  ( -4.402855671620519828, -15.51354412638552027, 4.000000000000000000 ) ) ;
#3421 = AXIS2_PLACEMENT_3D ( 'NONE', #5039, #2446, #524 ) ;
#3422 = CARTESIAN_POINT ( 'NONE',  ( -26.63101451046069101, -20.32500000000000995, 2.500000000000000000 ) ) ;
#3423 = EDGE_LOOP ( 'NONE', ( #5010, #5261, #5903, #2908, #235, #3659 ) ) ;
#3424 = DIRECTION ( 'NONE',  ( -1.000000000000000000, 0.000000000000000000, 0.000000000000000000 ) ) ;
#3425 = CARTESIAN_POINT ( 'NONE',  ( 26.63101451046069101, -20.32500000000000995, 2.500000000000000000 ) ) ;
#3426 = EDGE_CURVE ( 'NONE', #2628, #2902, #3602, .T. ) ;
#3427 = ORIENTED_EDGE ( 'NONE', *, *, #799, .T. ) ;
#3428 = ORIENTED_EDGE ( 'NONE', *, *, #645, .T. ) ;
#3429 = EDGE_CURVE ( 'NONE', #2769, #1780, #82, .T. ) ;
#3430 = LINE ( 'NONE', #965, #4318 ) ;
#3431 = LINE ( 'NONE', #2811, #3410 ) ;
#3432 = ADVANCED_FACE ( 'NONE', ( #5165 ), #1592, .T. ) ;
#3433 = PLANE ( 'NONE',  #2671 ) ;
#3434 = VERTEX_POINT ( 'NONE', #5126 ) ;
#3435 = DIRECTION ( 'NONE',  ( -0.000000000000000000, -0.000000000000000000, -1.000000000000000000 ) ) ;
#3436 = VERTEX_POINT ( 'NONE', #4039 ) ;
#3437 = VECTOR ( 'NONE', #1867, 1000.000000000000000 ) ;
#3438 = ORIENTED_EDGE ( 'NONE', *, *, #5444, .T. ) ;
#3439 = DIRECTION ( 'NONE',  ( 0.9987351342960425482, -0.05028052826558215838, 0.000000000000000000 ) ) ;
#3440 = CARTESIAN_POINT ( 'NONE',  ( -0.9812202862356684818, -17.10007694947923795, 5.000000000000003553 ) ) ;
#3441 = EDGE_CURVE ( 'NONE', #446, #2502, #3180, .T. ) ;
#3442 = VECTOR ( 'NONE', #4912, 1000.000000000000114 ) ;
#3443 = CARTESIAN_POINT ( 'NONE',  ( -4.002847120067658970, -14.88401268557848489, 5.000000000000002665 ) ) ;
#3444 = VECTOR ( 'NONE', #665, 1000.000000000000000 ) ;
#3445 = DIRECTION ( 'NONE',  ( -0.8660254037844383745, 0.5000000000000004441, 0.000000000000000000 ) ) ;
#3446 = ADVANCED_FACE ( 'NONE', ( #5556 ), #1105, .T. ) ;
#3447 = B_SPLINE_CURVE_WITH_KNOTS ( 'NONE', 3,
 ( #6068, #1395, #565, #1549, #4595, #6433, #2875, #2068, #5915, #5543, #342, #6101, #3592, #6374, #1430, #4063, #3531, #5081, #4409 ),
 .UNSPECIFIED., .F., .F.,
 ( 4, 1, 1, 1, 1, 1, 1, 1, 1, 1, 1, 1, 1, 1, 1, 1, 4 ),
 ( 0.000000000000000000, 0.06718757354736738796, 0.1319286902789449656, 0.1951888472476513980, 0.2571283310395818256, 0.3188425934467536416, 0.3804925116413721553, 0.4432187279583991724, 0.5071253041351038160, 0.5707121370126607696, 0.6324819649837610802, 0.6932526949398444271, 0.7531313290707890573, 0.8134576601575654875, 0.8738631107010343957, 0.9361102679396072768, 1.000000000000000000 ),
 .UNSPECIFIED. ) ;
#3448 = DIRECTION ( 'NONE',  ( -4.336808689942020201E-16, 1.000000000000000000, 0.000000000000000000 ) ) ;
#3449 = CARTESIAN_POINT ( 'NONE',  ( -4.055789648018072846, -16.05017032030975699, 4.000000000000001776 ) ) ;
#3450 = AXIS2_PLACEMENT_3D ( 'NONE', #2295, #4324, #6319 ) ;
#3451 = CIRCLE ( 'NONE', #1768, 3.366822574594681150 ) ;
#3452 = CARTESIAN_POINT ( 'NONE',  ( -0.2516596594728344738, -14.46563862997375338, 4.999999999999997335 ) ) ;
#3453 = ORIENTED_EDGE ( 'NONE', *, *, #329, .F. ) ;
#3454 = CARTESIAN_POINT ( 'NONE',  ( -4.830937889471882407, -15.11224050124815221, 4.000000000000000000 ) ) ;
#3455 = CYLINDRICAL_SURFACE ( 'NONE', #6036, 1.749999999999998002 ) ;
#3456 = ORIENTED_EDGE ( 'NONE', *, *, #6487, .F. ) ;
#3457 = CARTESIAN_POINT ( 'NONE',  ( -4.766584161801686648, -15.74923274492232039, 4.000000000000001776 ) ) ;
#3458 = PLANE ( 'NONE',  #3242 ) ;
#3459 = CIRCLE ( 'NONE', #1355, 1.500000000000001332 ) ;
#3460 = EDGE_LOOP ( 'NONE', ( #970, #6452 ) ) ;
#3461 = VECTOR ( 'NONE', #2966, 1000.000000000000000 ) ;
#3462 = LINE ( 'NONE', #5965, #3631 ) ;
#3463 = CARTESIAN_POINT ( 'NONE',  ( -1.403372629974333430, -14.71863784045357981, 4.000000000000000888 ) ) ;
#3464 = ORIENTED_EDGE ( 'NONE', *, *, #1731, .T. ) ;
#3465 = ORIENTED_EDGE ( 'NONE', *, *, #1547, .F. ) ;
#3466 = DIRECTION ( 'NONE',  ( 0.000000000000000000, 1.000000000000000000, 0.000000000000000000 ) ) ;
#3467 = DIRECTION ( 'NONE',  ( -1.000000000000000000, 0.000000000000000000, 0.000000000000000000 ) ) ;
#3468 = ADVANCED_FACE ( 'NONE', ( #3112 ), #1626, .T. ) ;
#3469 = CARTESIAN_POINT ( 'NONE',  ( -15.86005420924688991, 7.456272356324761041, 0.000000000000000000 ) ) ;
#3470 = ORIENTED_EDGE ( 'NONE', *, *, #1312, .F. ) ;
#3471 = DIRECTION ( 'NONE',  ( -0.000000000000000000, -0.000000000000000000, -1.000000000000000000 ) ) ;
#3472 = ORIENTED_EDGE ( 'NONE', *, *, #4786, .T. ) ;
#3473 = VERTEX_POINT ( 'NONE', #3638 ) ;
#3474 = DIRECTION ( 'NONE',  ( 0.000000000000000000, 1.000000000000000000, 0.000000000000000000 ) ) ;
#3475 = LINE ( 'NONE', #108, #3867 ) ;
#3476 = CARTESIAN_POINT ( 'NONE',  ( -4.229231431474234526, -14.68320588092989887, 4.999999999999999112 ) ) ;
#3477 = ADVANCED_FACE ( 'NONE', ( #1068 ), #2115, .T. ) ;
#3478 = DIRECTION ( 'NONE',  ( 0.8660254037844383745, -0.5000000000000004441, 0.000000000000000000 ) ) ;
#3479 = DIRECTION ( 'NONE',  ( -1.000000000000000000, -2.127171113256157501E-15, 0.000000000000000000 ) ) ;
#3480 = DIRECTION ( 'NONE',  ( -9.435651794974676451E-17, -0.7071067811865525687, 0.7071067811865425767 ) ) ;
#3481 = DIRECTION ( 'NONE',  ( -0.000000000000000000, -0.000000000000000000, 1.000000000000000000 ) ) ;
#3482 = VERTEX_POINT ( 'NONE', #2539 ) ;
#3483 = CARTESIAN_POINT ( 'NONE',  ( -5.116125801282050745, -14.53822518807814923, 4.000000000000000000 ) ) ;
#3484 = EDGE_CURVE ( 'NONE', #5161, #2786, #4672, .T. ) ;
#3485 = DIRECTION ( 'NONE',  ( -0.000000000000000000, -0.000000000000000000, -1.000000000000000000 ) ) ;
#3486 = EDGE_LOOP ( 'NONE', ( #2568, #2101, #2404, #3681 ) ) ;
#3487 = EDGE_CURVE ( 'NONE', #5013, #4490, #1616, .T. ) ;
#3488 = CARTESIAN_POINT ( 'NONE',  ( -4.559631712782970858, -15.70309979647688969, 4.999999999999993783 ) ) ;
#3489 = CARTESIAN_POINT ( 'NONE',  ( -4.988286258012820440, -15.75937903423199593, 4.000000000000000000 ) ) ;
#3490 = ORIENTED_EDGE ( 'NONE', *, *, #5061, .T. ) ;
#3491 = DIRECTION ( 'NONE',  ( -0.000000000000000000, -0.000000000000000000, -1.000000000000000000 ) ) ;
#3492 = CARTESIAN_POINT ( 'NONE',  ( -1.740780248397436836, -15.01205832109098104, 4.999999999999999112 ) ) ;
#3493 = EDGE_CURVE ( 'NONE', #2089, #2336, #3675, .T. ) ;
#3494 = ORIENTED_EDGE ( 'NONE', *, *, #771, .T. ) ;
#3495 = ORIENTED_EDGE ( 'NONE', *, *, #3154, .T. ) ;
#3496 = CARTESIAN_POINT ( 'NONE',  ( 0.6962888675300780150, -14.83721622788495154, 5.000000000000000888 ) ) ;
#3497 = DIRECTION ( 'NONE',  ( -1.000000000000000000, 0.000000000000000000, 0.000000000000000000 ) ) ;
#3498 = PLANE ( 'NONE',  #4998 ) ;
#3499 = ORIENTED_EDGE ( 'NONE', *, *, #737, .F. ) ;
#3500 = CARTESIAN_POINT ( 'NONE',  ( 0.7460685591314266674, -17.27798701181589536, 5.000000000000000000 ) ) ;
#3501 = ORIENTED_EDGE ( 'NONE', *, *, #4243, .T. ) ;
#3502 = ADVANCED_FACE ( 'NONE', ( #2013 ), #6047, .F. ) ;
#3503 = ORIENTED_EDGE ( 'NONE', *, *, #5672, .T. ) ;
#3504 = VECTOR ( 'NONE', #4390, 1000.000000000000000 ) ;
#3505 = LINE ( 'NONE', #2975, #1727 ) ;
#3506 = CARTESIAN_POINT ( 'NONE',  ( -21.49999999999998934, -14.49566939831962564, 9.000000000000001776 ) ) ;
#3507 = EDGE_CURVE ( 'NONE', #4920, #4551, #1041, .T. ) ;
#3508 = DIRECTION ( 'NONE',  ( 0.000000000000000000, -0.000000000000000000, -1.000000000000000000 ) ) ;
#3509 = EDGE_CURVE ( 'NONE', #2057, #5630, #3573, .T. ) ;
#3510 = VECTOR ( 'NONE', #1724, 1000.000000000000000 ) ;
#3511 = DIRECTION ( 'NONE',  ( -1.000000000000000000, 0.000000000000000000, 0.000000000000000000 ) ) ;
#3512 = CARTESIAN_POINT ( 'NONE',  ( -3.882170345808931611, -15.78405234469648377, 4.000000000000000000 ) ) ;
#3513 = DIRECTION ( 'NONE',  ( 0.000000000000000000, 1.000000000000000000, 0.000000000000000000 ) ) ;
#3514 = VERTEX_POINT ( 'NONE', #3802 ) ;
#3515 = CARTESIAN_POINT ( 'NONE',  ( -2.727243589743591379, -14.53822518807815989, 4.000000000000000000 ) ) ;
#3516 = CIRCLE ( 'NONE', #4473, 5.000000000000000888 ) ;
#3517 = B_SPLINE_CURVE_WITH_KNOTS ( 'NONE', 3,
 ( #6496, #4004, #4099, #5512, #3003, #11, #2566, #472, #508, #1519, #5084, #2040, #6103, #1585, #4597, #4535, #937, #1943, #966 ),
 .UNSPECIFIED., .F., .F.,
 ( 4, 1, 1, 1, 1, 1, 1, 1, 1, 1, 1, 1, 1, 1, 1, 1, 4 ),
 ( 0.000000000000000000, 0.06874126307936506697, 0.1347890881950343511, 0.1985360495606897369, 0.2603856506059212261, 0.3209615782321951216, 0.3799038495841482455, 0.4385029357752677770, 0.4961543439762697294, 0.5542654832085001093, 0.6127487608156951815, 0.6725134425261790616, 0.7336464018979738100, 0.7967896194814538813, 0.8619356990410240726, 0.9293977347748985096, 0.9999999999999998890 ),
 .UNSPECIFIED. ) ;
#3518 = CIRCLE ( 'NONE', #2148, 3.257139434613112172 ) ;
#3519 = CARTESIAN_POINT ( 'NONE',  ( -0.3526704194765992728, -14.45838921454071446, 5.000000000000000888 ) ) ;
#3520 = ORIENTED_EDGE ( 'NONE', *, *, #3368, .T. ) ;
#3521 = CARTESIAN_POINT ( 'NONE',  ( 5.495192307692304823, -15.10809698294995584, 5.000000000000000000 ) ) ;
#3522 = FACE_OUTER_BOUND ( 'NONE', #4290, .T. ) ;
#3523 = CIRCLE ( 'NONE', #787, 1.750000000000001554 ) ;
#3524 = CIRCLE ( 'NONE', #1520, 1.750000000000001554 ) ;
#3525 = ORIENTED_EDGE ( 'NONE', *, *, #716, .F. ) ;
#3526 = CARTESIAN_POINT ( 'NONE',  ( 0.8095053573310251327, -17.19685137241162920, 4.000000000000000000 ) ) ;
#3527 = FACE_OUTER_BOUND ( 'NONE', #4557, .T. ) ;
#3528 = ORIENTED_EDGE ( 'NONE', *, *, #127, .F. ) ;
#3529 = CIRCLE ( 'NONE', #2044, 1.000000000000000000 ) ;
#3530 = VERTEX_POINT ( 'NONE', #3836 ) ;
#3531 = CARTESIAN_POINT ( 'NONE',  ( -1.584694498153548015, -15.99930617092241647, 4.000000000000000888 ) ) ;
#3532 = EDGE_CURVE ( 'NONE', #5075, #2089, #243, .T. ) ;
#3533 = DIRECTION ( 'NONE',  ( 1.000000000000000000, -1.334402673828313093E-16, 0.000000000000000000 ) ) ;
#3534 = CARTESIAN_POINT ( 'NONE',  ( 0.2292313111351064192, -14.57091519142974967, 4.000000000000000888 ) ) ;
#3535 = EDGE_LOOP ( 'NONE', ( #5569, #316, #6458, #5288 ) ) ;
#3536 = CARTESIAN_POINT ( 'NONE',  ( -5.999999999999997335, -5.208545504429655360, 10.00000000000000000 ) ) ;
#3537 = ORIENTED_EDGE ( 'NONE', *, *, #2679, .T. ) ;
#3538 = ORIENTED_EDGE ( 'NONE', *, *, #597, .T. ) ;
#3539 = ORIENTED_EDGE ( 'NONE', *, *, #4097, .F. ) ;
#3540 = DIRECTION ( 'NONE',  ( 0.8610380995189044206, 0.5085404518589187184, 0.000000000000000000 ) ) ;
#3541 = CARTESIAN_POINT ( 'NONE',  ( -3.834615409452885704, -15.29991906260031698, 5.000000000000000888 ) ) ;
#3542 = CARTESIAN_POINT ( 'NONE',  ( 23.49999999999999645, -17.50000000000000000, 9.000000000000001776 ) ) ;
#3543 = CARTESIAN_POINT ( 'NONE',  ( -3.826282051282051455, -15.44009818487302255, 4.000000000000000888 ) ) ;
#3544 = ADVANCED_FACE ( 'NONE', ( #5326 ), #1723, .T. ) ;
#3545 = CARTESIAN_POINT ( 'NONE',  ( -1.740780248397436836, -15.01205832109098104, 4.000000000000000000 ) ) ;
#3546 = AXIS2_PLACEMENT_3D ( 'NONE', #1198, #6170, #6268 ) ;
#3547 = DIRECTION ( 'NONE',  ( -1.000000000000000000, 0.000000000000000000, 0.000000000000000000 ) ) ;
#3548 = ORIENTED_EDGE ( 'NONE', *, *, #4138, .F. ) ;
#3549 = FACE_OUTER_BOUND ( 'NONE', #4692, .T. ) ;
#3550 = ADVANCED_FACE ( 'NONE', ( #4768 ), #677, .F. ) ;
#3551 = AXIS2_PLACEMENT_3D ( 'NONE', #5745, #5609, #2137 ) ;
#3552 = CARTESIAN_POINT ( 'NONE',  ( 0.1363148084311956998, -14.54079713354843584, 4.000000000000000000 ) ) ;
#3553 = VERTEX_POINT ( 'NONE', #1326 ) ;
#3554 = LINE ( 'NONE', #557, #4191 ) ;
#3555 = CARTESIAN_POINT ( 'NONE',  ( 30.01888746451763623, 17.85109630944760184, 9.000000000000001776 ) ) ;
#3556 = CIRCLE ( 'NONE', #5982, 1.000000000000000888 ) ;
#3557 = DIRECTION ( 'NONE',  ( 1.000000000000000000, 0.000000000000000000, 0.000000000000000000 ) ) ;
#3558 = CARTESIAN_POINT ( 'NONE',  ( 1.138028416491992489, -16.32480747610149052, 3.999999999999999112 ) ) ;
#3559 = CARTESIAN_POINT ( 'NONE',  ( -1.403372629974333430, -14.71863784045357981, 5.000000000000000000 ) ) ;
#3560 = ORIENTED_EDGE ( 'NONE', *, *, #1825, .T. ) ;
#3561 = AXIS2_PLACEMENT_3D ( 'NONE', #5433, #2416, #1013 ) ;
#3562 = ORIENTED_EDGE ( 'NONE', *, *, #2724, .T. ) ;
#3563 = CARTESIAN_POINT ( 'NONE',  ( -5.016271033653846523, -15.10809698294994519, 4.000000000000000000 ) ) ;
#3564 = CARTESIAN_POINT ( 'NONE',  ( 0.4721864381732719385, -14.68175389858883761, 3.999999999999998224 ) ) ;
#3565 = FACE_OUTER_BOUND ( 'NONE', #4314, .T. ) ;
#3566 = VERTEX_POINT ( 'NONE', #5231 ) ;
#3567 = EDGE_CURVE ( 'NONE', #3108, #994, #6146, .T. ) ;
#3568 = DIRECTION ( 'NONE',  ( 0.8610380995189041986, 0.5085404518589189404, 0.000000000000000000 ) ) ;
#3569 = EDGE_LOOP ( 'NONE', ( #4503, #4826, #4423, #2332, #4713, #5930, #6518, #2272, #1181 ) ) ;
#3570 = EDGE_CURVE ( 'NONE', #5393, #3514, #712, .T. ) ;
#3571 = ORIENTED_EDGE ( 'NONE', *, *, #5356, .T. ) ;
#3572 = ORIENTED_EDGE ( 'NONE', *, *, #2425, .T. ) ;
#3573 = LINE ( 'NONE', #5091, #1101 ) ;
#3574 = CARTESIAN_POINT ( 'NONE',  ( -30.26207079035955516, 16.96115051869449175, 0.000000000000000000 ) ) ;
#3575 = CARTESIAN_POINT ( 'NONE',  ( 0.4840094150641016668, -15.45599862557816095, 4.000000000000000000 ) ) ;
#3576 = CARTESIAN_POINT ( 'NONE',  ( -1.119743358536410049, -17.67505503352701979, 4.000000000000000000 ) ) ;
#3577 = DIRECTION ( 'NONE',  ( -0.000000000000000000, -0.000000000000000000, -1.000000000000000000 ) ) ;
#3578 = LINE ( 'NONE', #5702, #2572 ) ;
#3579 = ORIENTED_EDGE ( 'NONE', *, *, #5572, .T. ) ;
#3580 = DIRECTION ( 'NONE',  ( -0.000000000000000000, -0.000000000000000000, -1.000000000000000000 ) ) ;
#3581 = CARTESIAN_POINT ( 'NONE',  ( 0.4300287121940193358, -16.72557555394894280, 4.999999999999999112 ) ) ;
#3582 = ORIENTED_EDGE ( 'NONE', *, *, #4333, .T. ) ;
#3583 = CARTESIAN_POINT ( 'NONE',  ( 23.36898548953929833, -20.32500000000001705, 2.500000000000000000 ) ) ;
#3584 = DIRECTION ( 'NONE',  ( 0.000000000000000000, -0.000000000000000000, -1.000000000000000000 ) ) ;
#3585 = EDGE_CURVE ( 'NONE', #5578, #3806, #1294, .T. ) ;
#3586 = VERTEX_POINT ( 'NONE', #4707 ) ;
#3587 = CARTESIAN_POINT ( 'NONE',  ( 4.355448717948715576, -14.53822518807815989, 4.000000000000000000 ) ) ;
#3588 = CARTESIAN_POINT ( 'NONE',  ( 23.36898548953929833, -20.32500000000001705, 2.500000000000000000 ) ) ;
#3589 = CARTESIAN_POINT ( 'NONE',  ( -8.799999999999998934, 2.791454495570343752, 6.000000000000011546 ) ) ;
#3590 = ORIENTED_EDGE ( 'NONE', *, *, #6506, .T. ) ;
#3591 = ORIENTED_EDGE ( 'NONE', *, *, #6049, .T. ) ;
#3592 = CARTESIAN_POINT ( 'NONE',  ( -1.463520126352013673, -15.59651043888651678, 3.999999999999999112 ) ) ;
#3593 = CARTESIAN_POINT ( 'NONE',  ( 9.800000000000002487, 2.791454495570343752, 6.000000000000016875 ) ) ;
#3594 = CARTESIAN_POINT ( 'NONE',  ( -0.3526704194765992728, -14.45838921454071446, 4.000000000000000888 ) ) ;
#3595 = CARTESIAN_POINT ( 'NONE',  ( -22.72792206135785875, -8.500000000000000000, 0.000000000000000000 ) ) ;
#3596 = ORIENTED_EDGE ( 'NONE', *, *, #3314, .T. ) ;
#3597 = DIRECTION ( 'NONE',  ( 0.000000000000000000, -1.000000000000000000, 0.000000000000000000 ) ) ;
#3598 = EDGE_LOOP ( 'NONE', ( #4167, #2973, #4565, #4028 ) ) ;
#3599 = ORIENTED_EDGE ( 'NONE', *, *, #5800, .F. ) ;
#3600 = ADVANCED_FACE ( 'NONE', ( #4740 ), #2248, .T. ) ;
#3601 = ORIENTED_EDGE ( 'NONE', *, *, #4204, .T. ) ;
#3602 = LINE ( 'NONE', #4107, #1516 ) ;
#3603 = CARTESIAN_POINT ( 'NONE',  ( -8.799999999999998934, 2.791454495570343752, 10.00000000000000000 ) ) ;
#3604 = CARTESIAN_POINT ( 'NONE',  ( 3.948397435897434526, -14.53822518807815989, 4.000000000000000000 ) ) ;
#3605 = CARTESIAN_POINT ( 'NONE',  ( -1.221573760966716993, -17.63094184391998454, 4.000000000000000888 ) ) ;
#3606 = EDGE_CURVE ( 'NONE', #4551, #4360, #6274, .T. ) ;
#3607 = DIRECTION ( 'NONE',  ( -0.000000000000000000, -0.000000000000000000, 1.000000000000000000 ) ) ;
#3608 = DIRECTION ( 'NONE',  ( 1.000000000000000000, 0.000000000000000000, 0.000000000000000000 ) ) ;
#3609 = VERTEX_POINT ( 'NONE', #3307 ) ;
#3610 = DIRECTION ( 'NONE',  ( -1.000000000000000000, 0.000000000000000000, -0.000000000000000000 ) ) ;
#3611 = CARTESIAN_POINT ( 'NONE',  ( -0.3500770061539407729, -17.22406594292079873, 4.000000000000000888 ) ) ;
#3612 = ORIENTED_EDGE ( 'NONE', *, *, #68, .T. ) ;
#3613 = VECTOR ( 'NONE', #4522, 1000.000000000000000 ) ;
#3614 = CARTESIAN_POINT ( 'NONE',  ( -4.396495742537823048, -15.44668884345459503, 4.000000000000000000 ) ) ;
#3615 = DIRECTION ( 'NONE',  ( -0.8610380995189033104, -0.5085404518589206058, 0.000000000000000000 ) ) ;
#3616 = EDGE_LOOP ( 'NONE', ( #3061, #6217, #897, #3229 ) ) ;
#3617 = LINE ( 'NONE', #1156, #6352 ) ;
#3618 = VECTOR ( 'NONE', #1391, 1000.000000000000000 ) ;
#3619 = AXIS2_PLACEMENT_3D ( 'NONE', #3165, #1121, #3557 ) ;
#3620 = CARTESIAN_POINT ( 'NONE',  ( 20.46074529610707060, 18.30322271705049531, 5.000000000000000000 ) ) ;
#3621 = DIRECTION ( 'NONE',  ( -0.000000000000000000, -0.000000000000000000, -1.000000000000000000 ) ) ;
#3622 = DIRECTION ( 'NONE',  ( 1.000000000000000000, 0.000000000000000000, 0.000000000000000000 ) ) ;
#3623 = ORIENTED_EDGE ( 'NONE', *, *, #3493, .F. ) ;
#3624 = FACE_BOUND ( 'NONE', #27, .T. ) ;
#3625 = VECTOR ( 'NONE', #6112, 1000.000000000000000 ) ;
#3626 = VECTOR ( 'NONE', #5717, 1000.000000000000000 ) ;
#3627 = DIRECTION ( 'NONE',  ( -4.336808689942020201E-16, 1.000000000000000000, 0.000000000000000000 ) ) ;
#3628 = CARTESIAN_POINT ( 'NONE',  ( 1.019158458657892563, -16.82853070065727152, 4.000000000000000000 ) ) ;
#3629 = EDGE_CURVE ( 'NONE', #4024, #476, #6357, .T. ) ;
#3630 = DIRECTION ( 'NONE',  ( 1.000000000000000000, 0.000000000000000000, 0.000000000000000000 ) ) ;
#3631 = VECTOR ( 'NONE', #4980, 1000.000000000000000 ) ;
#3632 = EDGE_CURVE ( 'NONE', #543, #4160, #2813, .T. ) ;
#3633 = EDGE_LOOP ( 'NONE', ( #575, #2003, #1310, #3907, #1128, #3494 ) ) ;
#3634 = DIRECTION ( 'NONE',  ( 5.778241043194146325E-16, 1.000000000000000000, 0.000000000000000000 ) ) ;
#3635 = ORIENTED_EDGE ( 'NONE', *, *, #905, .T. ) ;
#3636 = EDGE_LOOP ( 'NONE', ( #3282, #5579, #5762, #6303 ) ) ;
#3637 = CARTESIAN_POINT ( 'NONE',  ( -22.26058151680846819, 15.72900601150596600, 0.000000000000000000 ) ) ;
#3638 = CARTESIAN_POINT ( 'NONE',  ( 21.50000000000000000, -14.49566939831962209, 9.000000000000001776 ) ) ;
#3639 = PLANE ( 'NONE',  #5618 ) ;
#3640 = DIRECTION ( 'NONE',  ( 0.000000000000000000, -1.000000000000000000, 0.000000000000000000 ) ) ;
#3641 = CARTESIAN_POINT ( 'NONE',  ( -1.014354110961325661, -17.71213953707530564, 4.999999999999992006 ) ) ;
#3642 = LINE ( 'NONE', #619, #3879 ) ;
#3643 = LINE ( 'NONE', #1149, #55 ) ;
#3644 = VERTEX_POINT ( 'NONE', #181 ) ;
#3645 = CARTESIAN_POINT ( 'NONE',  ( -4.396800232592905644, -15.41563927966092074, 4.999999999999998224 ) ) ;
#3646 = CARTESIAN_POINT ( 'NONE',  ( -1.267982511171485971, -15.34082543296465140, 4.000000000000000000 ) ) ;
#3647 = EDGE_CURVE ( 'NONE', #2212, #1653, #216, .T. ) ;
#3648 = CARTESIAN_POINT ( 'NONE',  ( -23.18380419571102991, 13.69266036901629313, 9.000000000000001776 ) ) ;
#3649 = CARTESIAN_POINT ( 'NONE',  ( 6.065064102564100779, -15.10809698294995584, 4.000000000000000000 ) ) ;
#3650 = VECTOR ( 'NONE', #2639, 1000.000000000000000 ) ;
#3651 = ORIENTED_EDGE ( 'NONE', *, *, #4731, .F. ) ;
#3652 = DIRECTION ( 'NONE',  ( 0.000000000000000000, -0.000000000000000000, 1.000000000000000000 ) ) ;
#3653 = VECTOR ( 'NONE', #1921, 1000.000000000000000 ) ;
#3654 = DIRECTION ( 'NONE',  ( 0.000000000000000000, 1.000000000000000000, 0.000000000000000000 ) ) ;
#3655 = CARTESIAN_POINT ( 'NONE',  ( -0.4706530448717958781, -15.02668672653969750, 5.000000000000000000 ) ) ;
#3656 = LINE ( 'NONE', #4256, #2676 ) ;
#3657 = VERTEX_POINT ( 'NONE', #310 ) ;
#3658 = AXIS2_PLACEMENT_3D ( 'NONE', #1919, #1748, #3765 ) ;
#3659 = ORIENTED_EDGE ( 'NONE', *, *, #5167, .T. ) ;
#3660 = VERTEX_POINT ( 'NONE', #4343 ) ;
#3661 = CIRCLE ( 'NONE', #1450, 5.000000000000000888 ) ;
#3662 = LINE ( 'NONE', #2635, #185 ) ;
#3663 = EDGE_CURVE ( 'NONE', #4537, #5122, #3773, .T. ) ;
#3664 = AXIS2_PLACEMENT_3D ( 'NONE', #4143, #21, #6083 ) ;
#3665 = CARTESIAN_POINT ( 'NONE',  ( 1.127581603246356590, -16.42831549469708818, 5.000000000000002665 ) ) ;
#3666 = CARTESIAN_POINT ( 'NONE',  ( -0.4477564102564112192, -16.08502005987303107, 4.000000000000000000 ) ) ;
#3667 = VECTOR ( 'NONE', #70, 1000.000000000000000 ) ;
#3668 = VERTEX_POINT ( 'NONE', #745 ) ;
#3669 = DIRECTION ( 'NONE',  ( -0.000000000000000000, -0.000000000000000000, -1.000000000000000000 ) ) ;
#3670 = ORIENTED_EDGE ( 'NONE', *, *, #2773, .T. ) ;
#3671 = ORIENTED_EDGE ( 'NONE', *, *, #5002, .T. ) ;
#3672 = AXIS2_PLACEMENT_3D ( 'NONE', #817, #3352, #2351 ) ;
#3673 = EDGE_CURVE ( 'NONE', #5630, #2842, #4804, .T. ) ;
#3674 = CYLINDRICAL_SURFACE ( 'NONE', #4049, 1.000000000000000888 ) ;
#3675 = LINE ( 'NONE', #4541, #4894 ) ;
#3676 = FACE_OUTER_BOUND ( 'NONE', #6130, .T. ) ;
#3677 = LINE ( 'NONE', #3604, #6201 ) ;
#3678 = CARTESIAN_POINT ( 'NONE',  ( -1.874319610407004788, -17.06371774496270888, 3.999999999999998224 ) ) ;
#3679 = CARTESIAN_POINT ( 'NONE',  ( -1.933388383669314869, -16.96777936960660682, 4.000000000000000888 ) ) ;
#3680 = LINE ( 'NONE', #1634, #902 ) ;
#3681 = ORIENTED_EDGE ( 'NONE', *, *, #5608, .T. ) ;
#3682 = CARTESIAN_POINT ( 'NONE',  ( -4.779786821521716078, -15.11577088418681392, 4.999999999999998224 ) ) ;
#3683 = CARTESIAN_POINT ( 'NONE',  ( -0.4274038461538470779, -17.22476364961662298, 4.000000000000000000 ) ) ;
#3684 = DIRECTION ( 'NONE',  ( -1.000000000000000000, -2.127171113256150401E-15, 0.000000000000000000 ) ) ;
#3685 = DIRECTION ( 'NONE',  ( 0.5085404518589206058, -0.8610380995189033104, 0.000000000000000000 ) ) ;
#3686 = CARTESIAN_POINT ( 'NONE',  ( 24.99999999999999645, 17.50000000000000000, 2.500000000000000000 ) ) ;
#3687 = ADVANCED_FACE ( 'NONE', ( #4214 ), #2218, .F. ) ;
#3688 = DIRECTION ( 'NONE',  ( 1.000000000000000000, 0.000000000000000000, 0.000000000000000000 ) ) ;
#3689 = DIRECTION ( 'NONE',  ( -0.5000000000000004441, -0.8660254037844383745, -0.000000000000000000 ) ) ;
#3690 = DIRECTION ( 'NONE',  ( 1.000000000000000000, 0.000000000000000000, 0.000000000000000000 ) ) ;
#3691 = EDGE_CURVE ( 'NONE', #1574, #4372, #4241, .T. ) ;
#3692 = ORIENTED_EDGE ( 'NONE', *, *, #4284, .T. ) ;
#3693 = CARTESIAN_POINT ( 'NONE',  ( -25.33369296624130840, 22.34263864068763539, 5.000000000000000000 ) ) ;
#3694 = DIRECTION ( 'NONE',  ( -0.000000000000000000, 0.000000000000000000, 1.000000000000000000 ) ) ;
#3695 = EDGE_CURVE ( 'NONE', #4360, #1574, #2433, .T. ) ;
#3696 = CARTESIAN_POINT ( 'NONE',  ( 0.09160124233538076421, -17.71826953228604751, 5.000000000000001776 ) ) ;
#3697 = DIRECTION ( 'NONE',  ( -1.000000000000000000, 0.000000000000000000, 0.000000000000000000 ) ) ;
#3698 = ORIENTED_EDGE ( 'NONE', *, *, #3585, .T. ) ;
#3699 = LINE ( 'NONE', #708, #4262 ) ;
#3700 = VERTEX_POINT ( 'NONE', #2906 ) ;
#3701 = ORIENTED_EDGE ( 'NONE', *, *, #3154, .F. ) ;
#3702 = PLANE ( 'NONE',  #259 ) ;
#3703 = DIRECTION ( 'NONE',  ( -0.000000000000000000, -0.000000000000000000, -1.000000000000000000 ) ) ;
#3704 = CARTESIAN_POINT ( 'NONE',  ( -29.49999999999999289, -19.75000000000000000, 5.000000000000000000 ) ) ;
#3705 = EDGE_CURVE ( 'NONE', #5435, #3084, #2373, .T. ) ;
#3706 = DIRECTION ( 'NONE',  ( 0.8397897338196443906, -0.5429117819417172974, -0.000000000000000000 ) ) ;
#3707 = LINE ( 'NONE', #1211, #5461 ) ;
#3708 = CARTESIAN_POINT ( 'NONE',  ( -4.282934162643969422, -14.65432544641275214, 4.999999999999996447 ) ) ;
#3709 = ORIENTED_EDGE ( 'NONE', *, *, #5854, .F. ) ;
#3710 = CARTESIAN_POINT ( 'NONE',  ( -4.779786821521716078, -15.11577088418681392, 3.999999999999999112 ) ) ;
#3711 = ADVANCED_FACE ( 'NONE', ( #5884 ), #3433, .F. ) ;
#3712 = CARTESIAN_POINT ( 'NONE',  ( -0.2029560313737959476, -17.20583498013595403, 4.000000000000000888 ) ) ;
#3713 = EDGE_CURVE ( 'NONE', #211, #5742, #939, .T. ) ;
#3714 = CARTESIAN_POINT ( 'NONE',  ( -3.860145966736817424, -15.16856007411823448, 4.000000000000000000 ) ) ;
#3715 = CARTESIAN_POINT ( 'NONE',  ( -2.157371794871795867, -16.10982474737303249, 5.000000000000000000 ) ) ;
#3716 = CARTESIAN_POINT ( 'NONE',  ( -2.156246695998924157, -16.05802770467386154, 4.000000000000000000 ) ) ;
#3717 = ADVANCED_FACE ( 'NONE', ( #4406, #869 ), #2845, .T. ) ;
#3718 = CARTESIAN_POINT ( 'NONE',  ( 0.1867976494829336753, -17.68402191622607589, 3.999999999999998224 ) ) ;
#3719 = DIRECTION ( 'NONE',  ( -0.000000000000000000, 0.000000000000000000, 1.000000000000000000 ) ) ;
#3720 = VECTOR ( 'NONE', #5805, 1000.000000000000000 ) ;
#3721 = DIRECTION ( 'NONE',  ( 0.000000000000000000, 0.000000000000000000, -1.000000000000000000 ) ) ;
#3722 = EDGE_LOOP ( 'NONE', ( #6172, #3828, #2508, #3579 ) ) ;
#3723 = ORIENTED_EDGE ( 'NONE', *, *, #1825, .F. ) ;
#3724 = DIRECTION ( 'NONE',  ( 0.8900702620852275482, 0.4558233523543239185, -0.000000000000000000 ) ) ;
#3725 = PLANE ( 'NONE',  #81 ) ;
#3726 = VECTOR ( 'NONE', #3669, 1000.000000000000000 ) ;
#3727 = DIRECTION ( 'NONE',  ( -0.000000000000000000, -0.000000000000000000, 1.000000000000000000 ) ) ;
#3728 = CARTESIAN_POINT ( 'NONE',  ( -27.74999999999998934, -21.50000000000000000, 5.000000000000000000 ) ) ;
#3729 = EDGE_LOOP ( 'NONE', ( #2360, #5683, #4539, #5645 ) ) ;
#3730 = PRODUCT_CONTEXT ( 'NONE', #1736, 'mechanical' ) ;
#3731 = VECTOR ( 'NONE', #4311, 1000.000000000000000 ) ;
#3732 = ORIENTED_EDGE ( 'NONE', *, *, #2763, .T. ) ;
#3733 = CARTESIAN_POINT ( 'NONE',  ( -1.505032225861515638, -16.54088866463339613, 4.999999999999998224 ) ) ;
#3734 = VECTOR ( 'NONE', #107, 1000.000000000000000 ) ;
#3735 = VERTEX_POINT ( 'NONE', #1362 ) ;
#3736 = EDGE_CURVE ( 'NONE', #5155, #740, #3409, .T. ) ;
#3737 = CIRCLE ( 'NONE', #898, 3.366822574594681150 ) ;
#3738 = FACE_OUTER_BOUND ( 'NONE', #3926, .T. ) ;
#3739 = DIRECTION ( 'NONE',  ( -0.000000000000000000, -0.000000000000000000, 1.000000000000000000 ) ) ;
#3740 = CARTESIAN_POINT ( 'NONE',  ( 3.948397435897434526, -14.53822518807815989, 4.000000000000000000 ) ) ;
#3741 = ORIENTED_EDGE ( 'NONE', *, *, #1889, .T. ) ;
#3742 = AXIS2_PLACEMENT_3D ( 'NONE', #2193, #4647, #120 ) ;
#3743 = DIRECTION ( 'NONE',  ( -1.000000000000000000, 0.000000000000000000, 0.000000000000000000 ) ) ;
#3744 = DIRECTION ( 'NONE',  ( -1.000000000000000000, 0.000000000000000000, 0.000000000000000000 ) ) ;
#3745 = ORIENTED_EDGE ( 'NONE', *, *, #1413, .T. ) ;
#3746 = CARTESIAN_POINT ( 'NONE',  ( -0.4258509072241702942, -15.02810925100230222, 5.000000000000000000 ) ) ;
#3747 = CARTESIAN_POINT ( 'NONE',  ( -3.297115384615386446, -14.53822518807815989, 4.000000000000000000 ) ) ;
#3748 = CARTESIAN_POINT ( 'NONE',  ( -4.130341307679919360, -14.75208866050291512, 4.000000000000000000 ) ) ;
#3749 = FACE_BOUND ( 'NONE', #221, .T. ) ;
#3750 = EDGE_CURVE ( 'NONE', #2940, #2769, #4928, .T. ) ;
#3751 = EDGE_CURVE ( 'NONE', #1132, #735, #5361, .T. ) ;
#3752 = CARTESIAN_POINT ( 'NONE',  ( -2.154862576988714640, -16.22322658044492982, 4.000000000000000000 ) ) ;
#3753 = CARTESIAN_POINT ( 'NONE',  ( 27.75000000000000355, -15.24999999999999467, 5.000000000000000000 ) ) ;
#3754 = CARTESIAN_POINT ( 'NONE',  ( -0.5857649643722975252, -15.02964070166748733, 4.999999999999999112 ) ) ;
#3755 = FACE_BOUND ( 'NONE', #5835, .T. ) ;
#3756 = VERTEX_POINT ( 'NONE', #840 ) ;
#3757 = LINE ( 'NONE', #297, #6195 ) ;
#3758 = VECTOR ( 'NONE', #3689, 1000.000000000000114 ) ;
#3759 = LINE ( 'NONE', #858, #1340 ) ;
#3760 = EDGE_LOOP ( 'NONE', ( #589, #4113, #3896, #6105 ) ) ;
#3761 = DIRECTION ( 'NONE',  ( -0.000000000000000000, -0.000000000000000000, -1.000000000000000000 ) ) ;
#3762 = DIRECTION ( 'NONE',  ( -0.000000000000000000, -0.000000000000000000, -1.000000000000000000 ) ) ;
#3763 = AXIS2_PLACEMENT_3D ( 'NONE', #781, #4283, #811 ) ;
#3764 = VERTEX_POINT ( 'NONE', #4958 ) ;
#3765 = DIRECTION ( 'NONE',  ( -1.000000000000000000, 0.000000000000000000, 0.000000000000000000 ) ) ;
#3766 = VERTEX_POINT ( 'NONE', #6465 ) ;
#3767 = AXIS2_PLACEMENT_3D ( 'NONE', #5253, #1612, #5116 ) ;
#3768 = FACE_OUTER_BOUND ( 'NONE', #2550, .T. ) ;
#3769 = EDGE_LOOP ( 'NONE', ( #765, #5055, #1298, #6280 ) ) ;
#3770 = AXIS2_PLACEMENT_3D ( 'NONE', #2758, #4846, #4287 ) ;
#3771 = CARTESIAN_POINT ( 'NONE',  ( -4.445018968553859473, -15.61343162840686283, 4.000000000000000000 ) ) ;
#3772 = EDGE_CURVE ( 'NONE', #4638, #4083, #1944, .T. ) ;
#3773 = LINE ( 'NONE', #6336, #3731 ) ;
#3774 = CARTESIAN_POINT ( 'NONE',  ( 0.05414935262507530878, -17.12029608227393851, 4.999999999999999112 ) ) ;
#3775 = ADVANCED_FACE ( 'NONE', ( #3968 ), #4863, .T. ) ;
#3776 = VERTEX_POINT ( 'NONE', #906 ) ;
#3777 = B_SPLINE_CURVE_WITH_KNOTS ( 'NONE', 3,
 ( #3129, #2130, #1739, #2796, #1865, #4289, #3852, #3356, #228, #6289, #6350 ),
 .UNSPECIFIED., .F., .F.,
 ( 4, 1, 1, 1, 1, 1, 1, 1, 4 ),
 ( 0.000000000000000000, 0.1292556063253775256, 0.2552415007642953593, 0.3789022272349721332, 0.5014238390024330361, 0.6232587093681617452, 0.7464370825446896562, 0.8713701220624815447, 1.000000000000000000 ),
 .UNSPECIFIED. ) ;
#3778 = VECTOR ( 'NONE', #5725, 1000.000000000000000 ) ;
#3779 = DIRECTION ( 'NONE',  ( -0.000000000000000000, -0.000000000000000000, -1.000000000000000000 ) ) ;
#3780 = CARTESIAN_POINT ( 'NONE',  ( -4.397151972544833143, -15.47398797440764895, 5.000000000000000888 ) ) ;
#3781 = ORIENTED_EDGE ( 'NONE', *, *, #4391, .T. ) ;
#3782 = CARTESIAN_POINT ( 'NONE',  ( -1.253922416403186357, -16.90165875060094791, 4.999999999999999112 ) ) ;
#3783 = CARTESIAN_POINT ( 'NONE',  ( -5.016271033653846523, -15.10809698294994519, 5.000000000000000000 ) ) ;
#3784 = CARTESIAN_POINT ( 'NONE',  ( -3.966727154109230380, -14.93561736206180868, 3.999999999999998224 ) ) ;
#3785 = DIRECTION ( 'NONE',  ( 0.000000000000000000, 0.000000000000000000, 1.000000000000000000 ) ) ;
#3786 = CARTESIAN_POINT ( 'NONE',  ( -1.774165953381786176, -15.05133716502196783, 5.000000000000000888 ) ) ;
#3787 = B_SPLINE_SURFACE_WITH_KNOTS ( 'NONE', 3, 1, ( 
 ( #1453, #3492 ),
 ( #4058, #1513 ),
 ( #2559, #6065 ),
 ( #3928, #2932 ),
 ( #4953, #2002 ),
 ( #1544, #6455 ),
 ( #3463, #3559 ),
 ( #4460, #5539 ),
 ( #2031, #4590 ),
 ( #5577, #1056 ),
 ( #962, #5933 ),
 ( #5506, #992 ),
 ( #1938, #3963 ),
 ( #6490, #436 ),
 ( #4981, #2427 ),
 ( #6032, #1972 ),
 ( #1024, #3059 ),
 ( #5078, #3031 ),
 ( #464, #2996 ) ),
 .UNSPECIFIED., .F., .F., .F.,
 ( 4, 1, 1, 1, 1, 1, 1, 1, 1, 1, 1, 1, 1, 1, 1, 1, 4 ),
 ( 2, 2 ),
 ( 0.000000000000000000, 0.06378691041142130203, 0.1266160577673746956, 0.1883427175688254240, 0.2494790546609666482, 0.3098641696187230954, 0.3706562883855290536, 0.4306751569820279069, 0.4912776807977291549, 0.5518738213688568761, 0.6130654962055201995, 0.6751670177106496862, 0.7377045842895256778, 0.8014732993282047691, 0.8661155991141840094, 0.9322603771672380857, 1.000000000000000000 ),
 ( 0.000000000000000000, 1.000000000000000000 ),
 .UNSPECIFIED. ) ;
#3788 = LINE ( 'NONE', #5803, #5416 ) ;
#3789 = ORIENTED_EDGE ( 'NONE', *, *, #2624, .T. ) ;
#3790 = LINE ( 'NONE', #3358, #6282 ) ;
#3791 = LINE ( 'NONE', #6386, #2138 ) ;
#3792 = VERTEX_POINT ( 'NONE', #2403 ) ;
#3793 = CARTESIAN_POINT ( 'NONE',  ( 0.4840094150641016668, -15.45599862557816095, 5.000000000000000000 ) ) ;
#3794 = EDGE_CURVE ( 'NONE', #3931, #3586, #3516, .T. ) ;
#3795 = CARTESIAN_POINT ( 'NONE',  ( -4.317287660256409865, -17.71322518807814816, 4.000000000000000000 ) ) ;
#3796 = ORIENTED_EDGE ( 'NONE', *, *, #4606, .T. ) ;
#3797 = CARTESIAN_POINT ( 'NONE',  ( 24.99999999999999645, 17.50000000000000000, 9.000000000000001776 ) ) ;
#3798 = LINE ( 'NONE', #832, #4399 ) ;
#3799 = ORIENTED_EDGE ( 'NONE', *, *, #1981, .F. ) ;
#3800 = VERTEX_POINT ( 'NONE', #967 ) ;
#3801 = DIRECTION ( 'NONE',  ( 1.000000000000000000, 0.000000000000000000, 0.000000000000000000 ) ) ;
#3802 = CARTESIAN_POINT ( 'NONE',  ( -5.780128205128205465, -14.53822518807814923, 5.000000000000000000 ) ) ;
#3803 = LINE ( 'NONE', #3704, #2029 ) ;
#3804 = EDGE_LOOP ( 'NONE', ( #1104, #362, #6383, #3709 ) ) ;
#3805 = LINE ( 'NONE', #1240, #3238 ) ;
#3806 = VERTEX_POINT ( 'NONE', #3934 ) ;
#3807 = EDGE_CURVE ( 'NONE', #4974, #1173, #2968, .T. ) ;
#3808 = DIRECTION ( 'NONE',  ( 0.000000000000000000, 0.000000000000000000, 1.000000000000000000 ) ) ;
#3809 = ORIENTED_EDGE ( 'NONE', *, *, #5580, .T. ) ;
#3810 = CARTESIAN_POINT ( 'NONE',  ( -1.568235892687699806, -16.33322781619297714, 4.999999999999999112 ) ) ;
#3811 = CARTESIAN_POINT ( 'NONE',  ( -23.36898548953931609, -14.67500000000000782, 0.000000000000000000 ) ) ;
#3812 = CARTESIAN_POINT ( 'NONE',  ( 28.26202902092138913, -17.50000000000000711, 2.500000000000000000 ) ) ;
#3813 = ADVANCED_FACE ( 'NONE', ( #4987 ), #5450, .F. ) ;
#3814 = CARTESIAN_POINT ( 'NONE',  ( 0.3199168669871786386, -14.60691509192431425, 5.000000000000000000 ) ) ;
#3815 = CARTESIAN_POINT ( 'NONE',  ( -2.154862576988714640, -16.22322658044492982, 4.999999999999992895 ) ) ;
#3816 = CARTESIAN_POINT ( 'NONE',  ( -5.999999999999997335, -5.208545504429655360, 10.00000000000000000 ) ) ;
#3817 = VERTEX_POINT ( 'NONE', #6498 ) ;
#3818 = CARTESIAN_POINT ( 'NONE',  ( -1.005059178219957383, -15.14848534415029313, 4.999999999999999112 ) ) ;
#3819 = CARTESIAN_POINT ( 'NONE',  ( 22.53798701022631334, -13.49639116526635085, 9.000000000000001776 ) ) ;
#3820 = VERTEX_POINT ( 'NONE', #4005 ) ;
#3821 = LINE ( 'NONE', #1870, #4518 ) ;
#3822 = CARTESIAN_POINT ( 'NONE',  ( -7.999999999999986677, -6.208545504429656248, 5.000000000000000000 ) ) ;
#3823 = ORIENTED_EDGE ( 'NONE', *, *, #4889, .F. ) ;
#3824 = VECTOR ( 'NONE', #5127, 1000.000000000000000 ) ;
#3825 = PRESENTATION_STYLE_ASSIGNMENT (( #5810 ) ) ;
#3826 = PLANE ( 'NONE',  #503 ) ;
#3827 = ORIENTED_EDGE ( 'NONE', *, *, #901, .F. ) ;
#3828 = ORIENTED_EDGE ( 'NONE', *, *, #5174, .F. ) ;
#3829 = AXIS2_PLACEMENT_3D ( 'NONE', #1883, #3971, #5979 ) ;
#3830 = EDGE_CURVE ( 'NONE', #3766, #1986, #2340, .T. ) ;
#3831 = DIRECTION ( 'NONE',  ( 0.000000000000000000, -0.000000000000000000, 1.000000000000000000 ) ) ;
#3832 = LINE ( 'NONE', #309, #4999 ) ;
#3833 = EDGE_CURVE ( 'NONE', #3668, #4365, #3872, .T. ) ;
#3834 = CIRCLE ( 'NONE', #5519, 1.999999999999988010 ) ;
#3835 = CIRCLE ( 'NONE', #1210, 5.000000000000004441 ) ;
#3836 = CARTESIAN_POINT ( 'NONE',  ( 15.86005420924689524, 7.456272356324764594, 5.000000000000000000 ) ) ;
#3837 = DIRECTION ( 'NONE',  ( 1.000000000000000000, -0.000000000000000000, 0.000000000000000000 ) ) ;
#3838 = ORIENTED_EDGE ( 'NONE', *, *, #6082, .F. ) ;
#3839 = CARTESIAN_POINT ( 'NONE',  ( 25.16401654238957875, 14.24209700771249132, 2.500000000000000000 ) ) ;
#3840 = AXIS2_PLACEMENT_3D ( 'NONE', #101, #5741, #5247 ) ;
#3841 = VECTOR ( 'NONE', #2644, 1000.000000000000000 ) ;
#3842 = B_SPLINE_SURFACE_WITH_KNOTS ( 'NONE', 3, 1, ( 
 ( #1108, #5698 ),
 ( #6145, #2015 ),
 ( #1177, #1629 ),
 ( #3182, #5622 ),
 ( #581, #2578 ),
 ( #117, #2541 ),
 ( #547, #19 ),
 ( #5559, #1530 ),
 ( #1145, #4141 ),
 ( #5168, #86 ),
 ( #3114, #2049 ),
 ( #2617, #4644 ),
 ( #2647, #4041 ),
 ( #4177, #1043 ),
 ( #4109, #6180 ),
 ( #1669, #3046 ),
 ( #5064, #4570 ),
 ( #1563, #52 ),
 ( #4608, #5592 ) ),
 .UNSPECIFIED., .F., .F., .F.,
 ( 4, 1, 1, 1, 1, 1, 1, 1, 1, 1, 1, 1, 1, 1, 1, 1, 4 ),
 ( 2, 2 ),
 ( 0.000000000000000000, 0.06874126307936506697, 0.1347890881950343511, 0.1985360495606897369, 0.2603856506059212261, 0.3209615782321951216, 0.3799038495841482455, 0.4385029357752677770, 0.4961543439762697294, 0.5542654832085001093, 0.6127487608156951815, 0.6725134425261790616, 0.7336464018979738100, 0.7967896194814538813, 0.8619356990410240726, 0.9293977347748985096, 0.9999999999999998890 ),
 ( 0.000000000000000000, 1.000000000000000000 ),
 .UNSPECIFIED. ) ;
#3843 = ORIENTED_EDGE ( 'NONE', *, *, #420, .T. ) ;
#3844 = CARTESIAN_POINT ( 'NONE',  ( -4.427044191299727594, -15.58324274024666600, 5.000000000000000000 ) ) ;
#3845 = CARTESIAN_POINT ( 'NONE',  ( -1.458819483906499626, -16.63863675248896712, 5.000000000000000888 ) ) ;
#3846 = CIRCLE ( 'NONE', #2462, 1.500000000000001332 ) ;
#3847 = DIRECTION ( 'NONE',  ( 0.8397897338196443906, 0.5429117819417172974, 0.000000000000000000 ) ) ;
#3848 = CARTESIAN_POINT ( 'NONE',  ( 6.065064102564100779, -14.53822518807815989, 4.000000000000000000 ) ) ;
#3849 = B_SPLINE_CURVE_WITH_KNOTS ( 'NONE', 3,
 ( #4872, #2321, #3378, #5397, #347, #6317, #2224, #6247, #2292, #782, #4249, #252, #2348, #6283, #2824, #1765, #1823, #2853, #3783 ),
 .UNSPECIFIED., .F., .F.,
 ( 4, 1, 1, 1, 1, 1, 1, 1, 1, 1, 1, 1, 1, 1, 1, 1, 4 ),
 ( 0.000000000000000000, 0.06376895995773981807, 0.1252623047603745043, 0.1854135826663900755, 0.2468067624960856576, 0.3094223888496974162, 0.3725326822170092478, 0.4377332507368588144, 0.5057495167426344640, 0.5440132631112704065, 0.5883695992066307889, 0.6403890193945120934, 0.6978974005877082165, 0.7632716192950987910, 0.8349786038393127718, 0.9138736558434372714, 1.000000000000000000 ),
 .UNSPECIFIED. ) ;
#3850 = CARTESIAN_POINT ( 'NONE',  ( -22.49999999999998934, -14.49566939831962564, 5.000000000000000000 ) ) ;
#3851 = CARTESIAN_POINT ( 'NONE',  ( -27.73941848319152115, 19.27099398849403400, 2.500000000000000000 ) ) ;
#3852 = CARTESIAN_POINT ( 'NONE',  ( -1.996269987160796067, -15.38395414467272815, 4.999999999999999112 ) ) ;
#3853 = ORIENTED_EDGE ( 'NONE', *, *, #3920, .T. ) ;
#3854 = DIRECTION ( 'NONE',  ( 1.000000000000000000, 9.714451465470111840E-15, 0.000000000000000000 ) ) ;
#3855 = EDGE_CURVE ( 'NONE', #3514, #609, #3656, .T. ) ;
#3856 = LINE ( 'NONE', #326, #3504 ) ;
#3857 = ORIENTED_EDGE ( 'NONE', *, *, #2864, .T. ) ;
#3858 = CARTESIAN_POINT ( 'NONE',  ( 0.000000000000000000, 0.000000000000000000, 2.500000000000000000 ) ) ;
#3859 = DIRECTION ( 'NONE',  ( -0.5085404518589193845, 0.8610380995189039766, 0.000000000000000000 ) ) ;
#3860 = ORIENTED_EDGE ( 'NONE', *, *, #2108, .F. ) ;
#3861 = CARTESIAN_POINT ( 'NONE',  ( -4.663162780786884927E-15, -13.50000000000001243, 9.000000000000001776 ) ) ;
#3862 = DIRECTION ( 'NONE',  ( 0.000000000000000000, -1.000000000000000000, 0.000000000000000000 ) ) ;
#3863 = EDGE_LOOP ( 'NONE', ( #2737, #412, #5868, #2731 ) ) ;
#3864 = VECTOR ( 'NONE', #2398, 1000.000000000000114 ) ;
#3865 = EDGE_CURVE ( 'NONE', #2194, #893, #2456, .T. ) ;
#3866 = ORIENTED_EDGE ( 'NONE', *, *, #3015, .T. ) ;
#3867 = VECTOR ( 'NONE', #1092, 1000.000000000000114 ) ;
#3868 = VERTEX_POINT ( 'NONE', #5643 ) ;
#3869 = CARTESIAN_POINT ( 'NONE',  ( 0.3453241295916130160, -14.61799375485804831, 3.999999999999999112 ) ) ;
#3870 = DIRECTION ( 'NONE',  ( -0.000000000000000000, -0.000000000000000000, 1.000000000000000000 ) ) ;
#3871 = VECTOR ( 'NONE', #1285, 999.9999999999998863 ) ;
#3872 = LINE ( 'NONE', #5390, #2986 ) ;
#3873 = CARTESIAN_POINT ( 'NONE',  ( 27.73941848319152115, 19.27099398849403400, 2.500000000000000000 ) ) ;
#3874 = VERTEX_POINT ( 'NONE', #2662 ) ;
#3875 = CARTESIAN_POINT ( 'NONE',  ( -22.72792206135785875, -13.50000000000000355, 9.000000000000001776 ) ) ;
#3876 = EDGE_CURVE ( 'NONE', #2786, #5075, #2632, .T. ) ;
#3877 = VECTOR ( 'NONE', #628, 1000.000000000000000 ) ;
#3878 = ORIENTED_EDGE ( 'NONE', *, *, #5990, .T. ) ;
#3879 = VECTOR ( 'NONE', #153, 1000.000000000000000 ) ;
#3880 = CARTESIAN_POINT ( 'NONE',  ( 7.000000000000003553, -8.208545504429656248, 5.000000000000000000 ) ) ;
#3881 = PLANE ( 'NONE',  #3981 ) ;
#3882 = AXIS2_PLACEMENT_3D ( 'NONE', #1438, #6438, #3511 ) ;
#3883 = CARTESIAN_POINT ( 'NONE',  ( -5.999999999999997335, -10.20854550442964204, 5.000000000000000000 ) ) ;
#3884 = DIRECTION ( 'NONE',  ( -1.000000000000000000, 6.672013369141565463E-17, -0.000000000000000000 ) ) ;
#3885 = DIRECTION ( 'NONE',  ( -0.000000000000000000, 0.000000000000000000, 1.000000000000000000 ) ) ;
#3886 = CARTESIAN_POINT ( 'NONE',  ( -12.05713943461311111, 2.791454495570343752, 10.00000000000000000 ) ) ;
#3887 = EDGE_CURVE ( 'NONE', #6432, #1545, #6153, .T. ) ;
#3888 = DIRECTION ( 'NONE',  ( -0.000000000000000000, -0.000000000000000000, -1.000000000000000000 ) ) ;
#3889 = ORIENTED_EDGE ( 'NONE', *, *, #1775, .F. ) ;
#3890 = DIRECTION ( 'NONE',  ( -0.000000000000000000, -0.000000000000000000, 1.000000000000000000 ) ) ;
#3891 = CARTESIAN_POINT ( 'NONE',  ( 27.75000000000000355, -13.49999999999999467, 0.000000000000000000 ) ) ;
#3892 = ORIENTED_EDGE ( 'NONE', *, *, #3570, .F. ) ;
#3893 = DIRECTION ( 'NONE',  ( -1.000000000000000000, -0.000000000000000000, -0.000000000000000000 ) ) ;
#3894 = CARTESIAN_POINT ( 'NONE',  ( 21.32178339562597813, 18.81176316890941536, 9.000000000000001776 ) ) ;
#3895 = EDGE_CURVE ( 'NONE', #3700, #4490, #6258, .T. ) ;
#3896 = ORIENTED_EDGE ( 'NONE', *, *, #6260, .T. ) ;
#3897 = EDGE_CURVE ( 'NONE', #1283, #535, #231, .T. ) ;
#3898 = CARTESIAN_POINT ( 'NONE',  ( -7.999999999999984901, -8.208545504429656248, 5.000000000000000000 ) ) ;
#3899 = CARTESIAN_POINT ( 'NONE',  ( -0.2029560313737959476, -17.20583498013595403, 4.000000000000000888 ) ) ;
#3900 = EDGE_LOOP ( 'NONE', ( #3040, #802, #13, #4320 ) ) ;
#3901 = ORIENTED_EDGE ( 'NONE', *, *, #3772, .T. ) ;
#3902 = ADVANCED_FACE ( 'NONE', ( #3132 ), #3498, .F. ) ;
#3903 = CARTESIAN_POINT ( 'NONE',  ( 0.6962888675300780150, -14.83721622788495154, 5.000000000000000888 ) ) ;
#3904 = LINE ( 'NONE', #2371, #1001 ) ;
#3905 = CARTESIAN_POINT ( 'NONE',  ( 28.26202902092138913, -17.50000000000000711, 0.000000000000000000 ) ) ;
#3906 = CYLINDRICAL_SURFACE ( 'NONE', #42, 1.257139434613111950 ) ;
#3907 = ORIENTED_EDGE ( 'NONE', *, *, #4591, .F. ) ;
#3908 = DIRECTION ( 'NONE',  ( -0.000000000000000000, -0.000000000000000000, 1.000000000000000000 ) ) ;
#3909 = VERTEX_POINT ( 'NONE', #4691 ) ;
#3910 = CARTESIAN_POINT ( 'NONE',  ( -2.727243589743591379, -17.71322518807815882, 4.000000000000000000 ) ) ;
#3911 = CARTESIAN_POINT ( 'NONE',  ( -25.16401654238957875, 14.24209700771249132, 2.500000000000000000 ) ) ;
#3912 = DIRECTION ( 'NONE',  ( -0.000000000000000000, -0.000000000000000000, -1.000000000000000000 ) ) ;
#3913 = DIRECTION ( 'NONE',  ( 0.000000000000000000, 1.000000000000000000, 0.000000000000000000 ) ) ;
#3914 = DIRECTION ( 'NONE',  ( 0.000000000000000000, -1.000000000000000000, 0.000000000000000000 ) ) ;
#3915 = ADVANCED_FACE ( 'NONE', ( #1002 ), #1224, .T. ) ;
#3916 = CARTESIAN_POINT ( 'NONE',  ( -3.826866216971895440, -15.46512649087890701, 3.999999999999999112 ) ) ;
#3917 = CYLINDRICAL_SURFACE ( 'NONE', #2263, 1.750000000000001554 ) ;
#3918 = ORIENTED_EDGE ( 'NONE', *, *, #5125, .T. ) ;
#3919 = CARTESIAN_POINT ( 'NONE',  ( -4.659070116532376460, -15.13359051703162805, 4.000000000000000888 ) ) ;
#3920 = EDGE_CURVE ( 'NONE', #33, #2536, #2729, .T. ) ;
#3921 = CARTESIAN_POINT ( 'NONE',  ( -0.05426873046069794621, -14.49359961687093801, 4.999999999999998224 ) ) ;
#3922 = ORIENTED_EDGE ( 'NONE', *, *, #6051, .F. ) ;
#3923 = CARTESIAN_POINT ( 'NONE',  ( -4.413061768836471721, -15.54982462116395681, 4.000000000000000888 ) ) ;
#3924 = CARTESIAN_POINT ( 'NONE',  ( -1.221573760966716993, -17.63094184391998454, 5.000000000000000888 ) ) ;
#3925 = ADVANCED_FACE ( 'NONE', ( #201 ), #4125, .T. ) ;
#3926 = EDGE_LOOP ( 'NONE', ( #934, #4868, #5970, #2903 ) ) ;
#3927 = CARTESIAN_POINT ( 'NONE',  ( 0.6778348423149911373, -17.35301085792416131, 4.000000000000000888 ) ) ;
#3928 = CARTESIAN_POINT ( 'NONE',  ( -1.613132359156618234, -14.88155069895832305, 4.000000000000000888 ) ) ;
#3929 = EDGE_CURVE ( 'NONE', #1946, #2447, #4163, .T. ) ;
#3930 = ORIENTED_EDGE ( 'NONE', *, *, #383, .T. ) ;
#3931 = VERTEX_POINT ( 'NONE', #1708 ) ;
#3932 = CARTESIAN_POINT ( 'NONE',  ( 0.5475547743088348129, -14.72745814986939372, 5.000000000000001776 ) ) ;
#3933 = CARTESIAN_POINT ( 'NONE',  ( 6.065064102564100779, -14.53822518807815989, 5.000000000000000000 ) ) ;
#3934 = CARTESIAN_POINT ( 'NONE',  ( -25.33369296624130840, 22.34263864068763539, 0.000000000000000000 ) ) ;
#3935 = ADVANCED_FACE ( 'NONE', ( #4536 ), #3228, .F. ) ;
#3936 = ORIENTED_EDGE ( 'NONE', *, *, #2941, .F. ) ;
#3937 = LINE ( 'NONE', #2503, #1511 ) ;
#3938 = AXIS2_PLACEMENT_3D ( 'NONE', #5557, #2188, #1666 ) ;
#3939 = EDGE_LOOP ( 'NONE', ( #663, #3456, #155, #2458 ) ) ;
#3940 = CARTESIAN_POINT ( 'NONE',  ( 2.279487179487178050, -15.75937903423200659, 5.000000000000000000 ) ) ;
#3941 = ORIENTED_EDGE ( 'NONE', *, *, #548, .T. ) ;
#3942 = AXIS2_PLACEMENT_3D ( 'NONE', #3816, #5830, #1309 ) ;
#3943 = VECTOR ( 'NONE', #659, 1000.000000000000000 ) ;
#3944 = CARTESIAN_POINT ( 'NONE',  ( -3.826947786166486232, -15.36911249176501748, 4.000000000000000888 ) ) ;
#3945 = DIRECTION ( 'NONE',  ( 1.000000000000000000, 0.000000000000000000, 0.000000000000000000 ) ) ;
#3946 = DIRECTION ( 'NONE',  ( 0.000000000000000000, 0.000000000000000000, 1.000000000000000000 ) ) ;
#3947 = VECTOR ( 'NONE', #2871, 1000.000000000000114 ) ;
#3948 = AXIS2_PLACEMENT_3D ( 'NONE', #1234, #3243, #5263 ) ;
#3949 = CARTESIAN_POINT ( 'NONE',  ( 27.90343502558110700, 16.01309099620652532, 2.500000000000000000 ) ) ;
#3950 = CARTESIAN_POINT ( 'NONE',  ( 22.09656497441888234, 18.98690900379348534, 2.500000000000000000 ) ) ;
#3951 = CARTESIAN_POINT ( 'NONE',  ( -1.720051390361294175, -14.98933431933119564, 5.000000000000000888 ) ) ;
#3952 = DIRECTION ( 'NONE',  ( 0.8610380995189041986, 0.5085404518589189404, 0.000000000000000000 ) ) ;
#3953 = EDGE_LOOP ( 'NONE', ( #4693, #1789, #1844, #2984, #6271, #1081 ) ) ;
#3954 = CARTESIAN_POINT ( 'NONE',  ( -22.09656497441888234, 18.98690900379348534, 2.500000000000000000 ) ) ;
#3955 = CARTESIAN_POINT ( 'NONE',  ( 21.49999999999999645, 1.242321824286741657E-14, 9.000000000000001776 ) ) ;
#3956 = ORIENTED_EDGE ( 'NONE', *, *, #2318, .F. ) ;
#3957 = CARTESIAN_POINT ( 'NONE',  ( -26.63101451046069101, -20.32500000000000995, 2.500000000000000000 ) ) ;
#3958 = VECTOR ( 'NONE', #4752, 1000.000000000000341 ) ;
#3959 = DIRECTION ( 'NONE',  ( 4.336808689942019708E-16, -1.000000000000000000, 0.000000000000000000 ) ) ;
#3960 = ADVANCED_FACE ( 'NONE', ( #6129 ), #5021, .F. ) ;
#3961 = EDGE_LOOP ( 'NONE', ( #3781, #541, #5027, #2054 ) ) ;
#3962 = CARTESIAN_POINT ( 'NONE',  ( 1.127581603246356590, -16.42831549469708818, 4.000000000000001776 ) ) ;
#3963 = CARTESIAN_POINT ( 'NONE',  ( -0.9203667246047769757, -14.50979851823894151, 5.000000000000000888 ) ) ;
#3964 = ORIENTED_EDGE ( 'NONE', *, *, #4097, .T. ) ;
#3965 = ORIENTED_EDGE ( 'NONE', *, *, #2260, .F. ) ;
#3966 = CARTESIAN_POINT ( 'NONE',  ( 0.8436112743699052396, -14.96917307924897500, 5.000000000000000888 ) ) ;
#3967 = CARTESIAN_POINT ( 'NONE',  ( 0.4636568509615375810, -16.65489185474482525, 5.000000000000000000 ) ) ;
#3968 = FACE_OUTER_BOUND ( 'NONE', #6035, .T. ) ;
#3969 = EDGE_CURVE ( 'NONE', #476, #3820, #730, .T. ) ;
#3970 = ORIENTED_EDGE ( 'NONE', *, *, #3008, .T. ) ;
#3971 = DIRECTION ( 'NONE',  ( -0.000000000000000000, 0.000000000000000000, 1.000000000000000000 ) ) ;
#3972 = ORIENTED_EDGE ( 'NONE', *, *, #6331, .F. ) ;
#3973 = VECTOR ( 'NONE', #4497, 1000.000000000000114 ) ;
#3974 = EDGE_LOOP ( 'NONE', ( #1457, #5599, #5957, #3853 ) ) ;
#3975 = EDGE_CURVE ( 'NONE', #2170, #2240, #4695, .T. ) ;
#3976 = VECTOR ( 'NONE', #2683, 1000.000000000000000 ) ;
#3977 = EDGE_CURVE ( 'NONE', #2942, #250, #3523, .T. ) ;
#3978 = CARTESIAN_POINT ( 'NONE',  ( 25.33369296624130840, 22.34263864068764249, 0.000000000000000000 ) ) ;
#3979 = CARTESIAN_POINT ( 'NONE',  ( 15.00000000000000533, 5.949455682166683523, 0.000000000000000000 ) ) ;
#3980 = AXIS2_PLACEMENT_3D ( 'NONE', #717, #407, #3831 ) ;
#3981 = AXIS2_PLACEMENT_3D ( 'NONE', #5612, #2882, #5890 ) ;
#3982 = CARTESIAN_POINT ( 'NONE',  ( -4.987821925170131010, -14.53868059320250694, 4.999999999999998224 ) ) ;
#3983 = VECTOR ( 'NONE', #910, 1000.000000000000000 ) ;
#3984 = CARTESIAN_POINT ( 'NONE',  ( 28.26202902092138913, -17.50000000000000711, 2.500000000000000000 ) ) ;
#3985 = CARTESIAN_POINT ( 'NONE',  ( 2.279487179487178050, -15.75937903423200659, 4.000000000000000000 ) ) ;
#3986 = CARTESIAN_POINT ( 'NONE',  ( -3.828011659420312629, -15.51420243732616733, 3.999999999999999112 ) ) ;
#3987 = AXIS2_PLACEMENT_3D ( 'NONE', #1678, #1572, #2627 ) ;
#3988 = LINE ( 'NONE', #5005, #5748 ) ;
#3989 = ORIENTED_EDGE ( 'NONE', *, *, #2549, .T. ) ;
#3990 = FACE_OUTER_BOUND ( 'NONE', #940, .T. ) ;
#3991 = FACE_OUTER_BOUND ( 'NONE', #4782, .T. ) ;
#3992 = EDGE_LOOP ( 'NONE', ( #1351, #177, #5226, #803 ) ) ;
#3993 = CARTESIAN_POINT ( 'NONE',  ( -4.466858170621735624, -15.64065829892764548, 4.000000000000000888 ) ) ;
#3994 = CARTESIAN_POINT ( 'NONE',  ( -21.73797097907860731, -17.50000000000002132, 2.500000000000000000 ) ) ;
#3995 = AXIS2_PLACEMENT_3D ( 'NONE', #2979, #3508, #4938 ) ;
#3996 = ORIENTED_EDGE ( 'NONE', *, *, #4632, .T. ) ;
#3997 = PLANE ( 'NONE',  #5638 ) ;
#3998 = CARTESIAN_POINT ( 'NONE',  ( 0.5296705452098016131, 8.500000000000000000, 0.000000000000000000 ) ) ;
#3999 = EDGE_CURVE ( 'NONE', #5155, #4079, #6163, .T. ) ;
#4000 = EDGE_LOOP ( 'NONE', ( #2396, #2519, #3538, #502 ) ) ;
#4001 = VERTEX_POINT ( 'NONE', #3359 ) ;
#4002 = CARTESIAN_POINT ( 'NONE',  ( -5.780128205128205465, -17.71322518807814816, 5.000000000000000000 ) ) ;
#4003 = ADVANCED_FACE ( 'NONE', ( #2390 ), #5834, .T. ) ;
#4004 = CARTESIAN_POINT ( 'NONE',  ( -3.826866216971895440, -15.46512649087890701, 4.999999999999999112 ) ) ;
#4005 = CARTESIAN_POINT ( 'NONE',  ( 8.000000000000001776, -6.208545504429656248, 6.000000000000000888 ) ) ;
#4006 = EDGE_CURVE ( 'NONE', #2997, #3140, #3327, .T. ) ;
#4007 = ORIENTED_EDGE ( 'NONE', *, *, #4731, .T. ) ;
#4008 = CARTESIAN_POINT ( 'NONE',  ( 0.6058667180371160033, -17.42255314433825930, 4.999999999999999112 ) ) ;
#4009 = EDGE_LOOP ( 'NONE', ( #6159, #5814, #2305, #4032 ) ) ;
#4010 = EDGE_LOOP ( 'NONE', ( #1996, #856, #1485, #5120 ) ) ;
#4011 = DIRECTION ( 'NONE',  ( -0.6914887031430176911, 0.7223872738535664917, 0.000000000000000000 ) ) ;
#4012 = CARTESIAN_POINT ( 'NONE',  ( -3.881052035110090337, -15.10678822944700350, 4.999999999999997335 ) ) ;
#4013 = LINE ( 'NONE', #948, #4509 ) ;
#4014 = DIRECTION ( 'NONE',  ( -2.127171113256157501E-15, 1.000000000000000000, 0.000000000000000000 ) ) ;
#4015 = DIRECTION ( 'NONE',  ( -1.000000000000000000, 0.000000000000000000, 0.000000000000000000 ) ) ;
#4016 = DIRECTION ( 'NONE',  ( 1.000000000000000000, 0.000000000000000000, 0.000000000000000000 ) ) ;
#4017 = ORIENTED_EDGE ( 'NONE', *, *, #3632, .F. ) ;
#4018 = DIRECTION ( 'NONE',  ( -0.000000000000000000, 0.000000000000000000, 1.000000000000000000 ) ) ;
#4019 = CARTESIAN_POINT ( 'NONE',  ( -0.4706530448717958781, -15.02668672653969750, 4.999999999999999112 ) ) ;
#4020 = EDGE_CURVE ( 'NONE', #4372, #4537, #2359, .T. ) ;
#4021 = VERTEX_POINT ( 'NONE', #2834 ) ;
#4022 = LINE ( 'NONE', #5502, #5258 ) ;
#4023 = CARTESIAN_POINT ( 'NONE',  ( -24.88156655863841848, 12.78449647227708397, 5.000000000000000000 ) ) ;
#4024 = VERTEX_POINT ( 'NONE', #5340 ) ;
#4025 = DIRECTION ( 'NONE',  ( 0.000000000000000000, -0.000000000000000000, -1.000000000000000000 ) ) ;
#4026 = LINE ( 'NONE', #3425, #4921 ) ;
#4027 = ORIENTED_EDGE ( 'NONE', *, *, #2544, .F. ) ;
#4028 = ORIENTED_EDGE ( 'NONE', *, *, #6277, .T. ) ;
#4029 = VERTEX_POINT ( 'NONE', #262 ) ;
#4030 = LINE ( 'NONE', #4064, #2487 ) ;
#4031 = DIRECTION ( 'NONE',  ( 0.000000000000000000, 0.000000000000000000, -1.000000000000000000 ) ) ;
#4032 = ORIENTED_EDGE ( 'NONE', *, *, #5275, .F. ) ;
#4033 = LINE ( 'NONE', #2535, #145 ) ;
#4034 = ORIENTED_EDGE ( 'NONE', *, *, #4945, .F. ) ;
#4035 = EDGE_CURVE ( 'NONE', #5927, #4272, #778, .T. ) ;
#4036 = ORIENTED_EDGE ( 'NONE', *, *, #2449, .T. ) ;
#4037 = ADVANCED_FACE ( 'NONE', ( #1741 ), #1282, .T. ) ;
#4038 = AXIS2_PLACEMENT_3D ( 'NONE', #1954, #2977, #6048 ) ;
#4039 = CARTESIAN_POINT ( 'NONE',  ( -3.072372804504389432, 9.194809502405480117, 5.000000000000000000 ) ) ;
#4040 = LINE ( 'NONE', #1399, #566 ) ;
#4041 = CARTESIAN_POINT ( 'NONE',  ( -4.103814741775677177, -16.09456020973437163, 5.000000000000000000 ) ) ;
#4042 = CIRCLE ( 'NONE', #1205, 1.500000000000001332 ) ;
#4043 = CARTESIAN_POINT ( 'NONE',  ( -1.328654218018920252, -14.67332075672487157, 4.000000000000000000 ) ) ;
#4044 = CARTESIAN_POINT ( 'NONE',  ( -0.4874174720973487029, -14.45705125866131979, 5.000000000000000000 ) ) ;
#4045 = FACE_OUTER_BOUND ( 'NONE', #5655, .T. ) ;
#4046 = VERTEX_POINT ( 'NONE', #3819 ) ;
#4047 = CARTESIAN_POINT ( 'NONE',  ( -4.396800232592905644, -15.41563927966092074, 3.999999999999999112 ) ) ;
#4048 = VECTOR ( 'NONE', #147, 1000.000000000000000 ) ;
#4049 = AXIS2_PLACEMENT_3D ( 'NONE', #1172, #3179, #1390 ) ;
#4050 = CARTESIAN_POINT ( 'NONE',  ( 4.925320512820510643, -15.10809698294995584, 4.000000000000000000 ) ) ;
#4051 = EDGE_LOOP ( 'NONE', ( #3572, #2140, #6469, #672, #2027, #4457, #3438, #2309, #2082, #1230 ) ) ;
#4052 = CARTESIAN_POINT ( 'NONE',  ( -0.4706530448717958781, -15.02668672653969750, 5.000000000000000000 ) ) ;
#4053 = DIRECTION ( 'NONE',  ( -0.000000000000000000, -0.000000000000000000, -1.000000000000000000 ) ) ;
#4054 = VERTEX_POINT ( 'NONE', #5867 ) ;
#4055 = LINE ( 'NONE', #3587, #2451 ) ;
#4056 = EDGE_CURVE ( 'NONE', #5225, #2468, #761, .T. ) ;
#4057 = CARTESIAN_POINT ( 'NONE',  ( 1.709615384615383205, -17.71322518807815882, 4.000000000000000000 ) ) ;
#4058 = CARTESIAN_POINT ( 'NONE',  ( -1.720051390361294175, -14.98933431933119564, 4.000000000000000888 ) ) ;
#4059 = EDGE_CURVE ( 'NONE', #4160, #4001, #3856, .T. ) ;
#4060 = ORIENTED_EDGE ( 'NONE', *, *, #645, .F. ) ;
#4061 = AXIS2_PLACEMENT_3D ( 'NONE', #131, #4589, #2098 ) ;
#4062 = ORIENTED_EDGE ( 'NONE', *, *, #4130, .T. ) ;
#4063 = CARTESIAN_POINT ( 'NONE',  ( -1.568922083063973627, -15.89239129758119873, 4.000000000000000000 ) ) ;
#4064 = CARTESIAN_POINT ( 'NONE',  ( 27.75000000000000355, -21.50000000000000000, 5.000000000000000000 ) ) ;
#4065 = FACE_OUTER_BOUND ( 'NONE', #3974, .T. ) ;
#4066 = EDGE_LOOP ( 'NONE', ( #5536, #111 ) ) ;
#4067 = CARTESIAN_POINT ( 'NONE',  ( -3.072372804504389432, 9.194809502405480117, 5.000000000000000000 ) ) ;
#4068 = EDGE_LOOP ( 'NONE', ( #2782, #1345, #2803, #4947 ) ) ;
#4069 = ORIENTED_EDGE ( 'NONE', *, *, #3160, .F. ) ;
#4070 = VERTEX_POINT ( 'NONE', #2327 ) ;
#4071 = CARTESIAN_POINT ( 'NONE',  ( 22.26058151680846819, 15.72900601150596600, 2.500000000000000000 ) ) ;
#4072 = CARTESIAN_POINT ( 'NONE',  ( -19.19238815542511034, -12.03553390593273242, 5.000000000000000000 ) ) ;
#4073 = ADVANCED_FACE ( 'NONE', ( #3755, #6353, #6291, #4820, #5772 ), #2859, .T. ) ;
#4074 = CONICAL_SURFACE ( 'NONE', #1233, 1.000000000000000000, 0.7853981633974411736 ) ;
#4075 = DIRECTION ( 'NONE',  ( -0.000000000000000000, -0.000000000000000000, -1.000000000000000000 ) ) ;
#4076 = CARTESIAN_POINT ( 'NONE',  ( -1.985865553552944585, -16.86759056696600112, 4.999999999999992895 ) ) ;
#4077 = CARTESIAN_POINT ( 'NONE',  ( -2.070894298496636754, -16.66061478450120603, 4.000000000000000888 ) ) ;
#4078 = DIRECTION ( 'NONE',  ( -0.000000000000000000, -0.000000000000000000, 1.000000000000000000 ) ) ;
#4079 = VERTEX_POINT ( 'NONE', #1868 ) ;
#4080 = CARTESIAN_POINT ( 'NONE',  ( -4.532566888825683371, -15.18418033018469337, 4.999999999999998224 ) ) ;
#4081 = VECTOR ( 'NONE', #2376, 1000.000000000000000 ) ;
#4082 = CARTESIAN_POINT ( 'NONE',  ( 0.1643420549088633331, -17.05045728627539958, 4.999999999999999112 ) ) ;
#4083 = VERTEX_POINT ( 'NONE', #1344 ) ;
#4084 = PLANE ( 'NONE',  #6300 ) ;
#4085 = CARTESIAN_POINT ( 'NONE',  ( 24.37302610677950199, 13.64553457179599505, 5.000000000000000000 ) ) ;
#4086 = VECTOR ( 'NONE', #5902, 1000.000000000000000 ) ;
#4087 = VERTEX_POINT ( 'NONE', #4878 ) ;
#4088 = VECTOR ( 'NONE', #3230, 1000.000000000000000 ) ;
#4089 = DIRECTION ( 'NONE',  ( -0.000000000000000000, -0.000000000000000000, 1.000000000000000000 ) ) ;
#4090 = CARTESIAN_POINT ( 'NONE',  ( -0.2163348755722027672, -17.78286172488484240, 4.000000000000000000 ) ) ;
#4091 = CARTESIAN_POINT ( 'NONE',  ( -19.99999999999999645, -5.772077938642127037, 5.000000000000000000 ) ) ;
#4092 = VERTEX_POINT ( 'NONE', #1255 ) ;
#4093 = CIRCLE ( 'NONE', #5563, 1.500000000000001332 ) ;
#4094 = VECTOR ( 'NONE', #5460, 1000.000000000000000 ) ;
#4095 = FACE_OUTER_BOUND ( 'NONE', #3598, .T. ) ;
#4096 = LINE ( 'NONE', #4559, #2287 ) ;
#4097 = EDGE_CURVE ( 'NONE', #6328, #327, #3791, .T. ) ;
#4098 = CARTESIAN_POINT ( 'NONE',  ( 0.9152293669871784942, -15.04322318487303178, 5.000000000000000000 ) ) ;
#4099 = CARTESIAN_POINT ( 'NONE',  ( -3.828011659420312629, -15.51420243732616733, 4.999999999999999112 ) ) ;
#4100 = CARTESIAN_POINT ( 'NONE',  ( -1.169130803996648593, -16.97777187295596590, 4.999999999999999112 ) ) ;
#4101 = VERTEX_POINT ( 'NONE', #3891 ) ;
#4102 = CARTESIAN_POINT ( 'NONE',  ( 23.18380419571102280, 13.69266036901632688, 9.000000000000001776 ) ) ;
#4103 = ORIENTED_EDGE ( 'NONE', *, *, #4962, .F. ) ;
#4104 = EDGE_CURVE ( 'NONE', #5453, #5072, #4913, .T. ) ;
#4105 = ORIENTED_EDGE ( 'NONE', *, *, #2021, .T. ) ;
#4106 = ORIENTED_EDGE ( 'NONE', *, *, #5230, .F. ) ;
#4107 = CARTESIAN_POINT ( 'NONE',  ( -4.416506410256410220, -16.26437703102686783, 5.000000000000000000 ) ) ;
#4108 = CARTESIAN_POINT ( 'NONE',  ( -1.505032225861515638, -16.54088866463339613, 3.999999999999998224 ) ) ;
#4109 = CARTESIAN_POINT ( 'NONE',  ( -4.215675540487057837, -16.17204377113343838, 4.000000000000000888 ) ) ;
#4110 = CARTESIAN_POINT ( 'NONE',  ( -0.7937325473817727906, -17.76542137330358528, 4.000000000000000888 ) ) ;
#4111 = CARTESIAN_POINT ( 'NONE',  ( -1.119743358536410049, -17.67505503352701979, 4.000000000000000000 ) ) ;
#4112 = LINE ( 'NONE', #552, #1722 ) ;
#4113 = ORIENTED_EDGE ( 'NONE', *, *, #4907, .F. ) ;
#4114 = CARTESIAN_POINT ( 'NONE',  ( -4.430724944722149061, -15.29095892190899519, 5.000000000000001776 ) ) ;
#4115 = CARTESIAN_POINT ( 'NONE',  ( -1.568922083063973627, -15.89239129758119873, 4.999999999999999112 ) ) ;
#4116 = VERTEX_POINT ( 'NONE', #1379 ) ;
#4117 = DIRECTION ( 'NONE',  ( -0.8610380995189041986, -0.5085404518589189404, 0.000000000000000000 ) ) ;
#4118 = CARTESIAN_POINT ( 'NONE',  ( -2.144737928400898053, -16.33547002649874713, 4.999999999999998224 ) ) ;
#4119 = ADVANCED_FACE ( 'NONE', ( #3294 ), #4361, .T. ) ;
#4120 = ORIENTED_EDGE ( 'NONE', *, *, #678, .T. ) ;
#4121 = ADVANCED_FACE ( 'NONE', ( #2268 ), #6312, .T. ) ;
#4122 = CARTESIAN_POINT ( 'NONE',  ( -4.650228869770560713, -15.73142659546231847, 4.000000000000000000 ) ) ;
#4123 = CARTESIAN_POINT ( 'NONE',  ( 23.36898548953931609, -14.67500000000000782, 2.500000000000000000 ) ) ;
#4124 = CARTESIAN_POINT ( 'NONE',  ( 22.72792206135788007, -8.500000000000000000, 5.000000000000000000 ) ) ;
#4125 = PLANE ( 'NONE',  #473 ) ;
#4126 = ORIENTED_EDGE ( 'NONE', *, *, #2506, .T. ) ;
#4127 = ORIENTED_EDGE ( 'NONE', *, *, #4213, .F. ) ;
#4128 = CARTESIAN_POINT ( 'NONE',  ( 1.135291466346152855, -16.08502005987303107, 4.000000000000000000 ) ) ;
#4129 = CARTESIAN_POINT ( 'NONE',  ( -20.81324294376707229, 19.67280126842831933, 9.000000000000001776 ) ) ;
#4130 = EDGE_CURVE ( 'NONE', #4983, #4400, #2988, .T. ) ;
#4131 = CARTESIAN_POINT ( 'NONE',  ( 0.5300225163811714824, -17.48634633336101629, 4.000000000000000000 ) ) ;
#4132 = CARTESIAN_POINT ( 'NONE',  ( -3.826282051282051455, -15.44009818487302255, 5.000000000000000888 ) ) ;
#4133 = ORIENTED_EDGE ( 'NONE', *, *, #3509, .T. ) ;
#4134 = DIRECTION ( 'NONE',  ( 1.000000000000000000, 0.000000000000000000, 0.000000000000000000 ) ) ;
#4135 = ORIENTED_EDGE ( 'NONE', *, *, #2475, .F. ) ;
#4136 = VERTEX_POINT ( 'NONE', #2484 ) ;
#4137 = LINE ( 'NONE', #3637, #3313 ) ;
#4138 = EDGE_CURVE ( 'NONE', #1173, #1936, #1613, .T. ) ;
#4139 = CARTESIAN_POINT ( 'NONE',  ( -28.26202902092138913, -17.50000000000000711, 2.500000000000000000 ) ) ;
#4140 = CARTESIAN_POINT ( 'NONE',  ( 0.000000000000000000, 0.000000000000000000, 9.000000000000001776 ) ) ;
#4141 = CARTESIAN_POINT ( 'NONE',  ( -3.937737432199948096, -15.90019769347522605, 5.000000000000000000 ) ) ;
#4142 = CARTESIAN_POINT ( 'NONE',  ( -8.799999999999998934, 2.791454495570343752, 10.00000000000000000 ) ) ;
#4143 = CARTESIAN_POINT ( 'NONE',  ( -0.4477564102564112192, -16.08502005987303107, 4.000000000000000000 ) ) ;
#4144 = ADVANCED_FACE ( 'NONE', ( #1963 ), #3455, .T. ) ;
#4145 = LINE ( 'NONE', #56, #4279 ) ;
#4146 = VERTEX_POINT ( 'NONE', #5009 ) ;
#4147 = DIRECTION ( 'NONE',  ( 0.000000000000000000, -1.000000000000000000, 0.000000000000000000 ) ) ;
#4148 = CARTESIAN_POINT ( 'NONE',  ( -0.4274038461538470779, -17.22476364961662298, 5.000000000000000000 ) ) ;
#4149 = ORIENTED_EDGE ( 'NONE', *, *, #3368, .F. ) ;
#4150 = CIRCLE ( 'NONE', #4470, 0.9999999999999991118 ) ;
#4151 = LINE ( 'NONE', #3054, #1962 ) ;
#4152 = CARTESIAN_POINT ( 'NONE',  ( -1.587676718579142721, -17.39342198505761772, 5.000000000000000000 ) ) ;
#4153 = VERTEX_POINT ( 'NONE', #5568 ) ;
#4154 = CARTESIAN_POINT ( 'NONE',  ( -4.834456291209126455, -15.75577356204661506, 4.000000000000000000 ) ) ;
#4155 = VECTOR ( 'NONE', #115, 1000.000000000000000 ) ;
#4156 = VECTOR ( 'NONE', #3634, 1000.000000000000000 ) ;
#4157 = LINE ( 'NONE', #4192, #4374 ) ;
#4158 = CARTESIAN_POINT ( 'NONE',  ( -23.36898548953929833, -20.32500000000001705, 0.000000000000000000 ) ) ;
#4159 = CARTESIAN_POINT ( 'NONE',  ( 21.32178339562597813, 18.81176316890941536, 9.000000000000001776 ) ) ;
#4160 = VERTEX_POINT ( 'NONE', #4050 ) ;
#4161 = FACE_BOUND ( 'NONE', #5301, .T. ) ;
#4162 = EDGE_CURVE ( 'NONE', #3434, #3473, #1536, .T. ) ;
#4163 = CIRCLE ( 'NONE', #687, 1.500000000000001332 ) ;
#4164 = CIRCLE ( 'NONE', #2457, 1.749999999999998002 ) ;
#4165 = CARTESIAN_POINT ( 'NONE',  ( 22.50000000000000711, -20.49999999999999289, 9.000000000000001776 ) ) ;
#4166 = CARTESIAN_POINT ( 'NONE',  ( 0.2784182938776462723, -17.64369639226885411, 5.000000000000003553 ) ) ;
#4167 = ORIENTED_EDGE ( 'NONE', *, *, #3109, .F. ) ;
#4168 = CARTESIAN_POINT ( 'NONE',  ( 0.5296705452098008360, 13.50000000000000178, 0.000000000000000000 ) ) ;
#4169 = VECTOR ( 'NONE', #5604, 1000.000000000000000 ) ;
#4170 = VERTEX_POINT ( 'NONE', #5926 ) ;
#4171 = LINE ( 'NONE', #2569, #4572 ) ;
#4172 = ORIENTED_EDGE ( 'NONE', *, *, #3977, .T. ) ;
#4173 = LINE ( 'NONE', #1662, #2674 ) ;
#4174 = ORIENTED_EDGE ( 'NONE', *, *, #548, .F. ) ;
#4175 = CARTESIAN_POINT ( 'NONE',  ( -3.297115384615386446, -17.71322518807815882, 4.000000000000000000 ) ) ;
#4176 = CARTESIAN_POINT ( 'NONE',  ( 4.092170994899361277E-15, -21.49999999999999645, 9.000000000000001776 ) ) ;
#4177 = CARTESIAN_POINT ( 'NONE',  ( -4.157904819556923037, -16.13428924865901593, 4.000000000000000000 ) ) ;
#4178 = EDGE_CURVE ( 'NONE', #397, #392, #492, .T. ) ;
#4179 = CARTESIAN_POINT ( 'NONE',  ( -1.741012750254187447, -17.23975135664507619, 3.999999999999999112 ) ) ;
#4180 = ADVANCED_FACE ( 'NONE', ( #1995 ), #6517, .T. ) ;
#4181 = CARTESIAN_POINT ( 'NONE',  ( -0.7937325473817727906, -17.76542137330358528, 4.000000000000000888 ) ) ;
#4182 = DIRECTION ( 'NONE',  ( 1.000000000000000000, 0.000000000000000000, 0.000000000000000000 ) ) ;
#4183 = ORIENTED_EDGE ( 'NONE', *, *, #2525, .F. ) ;
#4184 = CARTESIAN_POINT ( 'NONE',  ( 9.800000000000002487, 2.791454495570343752, 5.000000000000000000 ) ) ;
#4185 = CARTESIAN_POINT ( 'NONE',  ( 0.4636568509615375810, -16.65489185474482525, 5.000000000000000000 ) ) ;
#4186 = FACE_OUTER_BOUND ( 'NONE', #1879, .T. ) ;
#4187 = ADVANCED_FACE ( 'NONE', ( #3991 ), #899, .T. ) ;
#4188 = CARTESIAN_POINT ( 'NONE',  ( 6.433177425405322225, 2.791454495570343752, 6.000000000000016875 ) ) ;
#4189 = AXIS2_PLACEMENT_3D ( 'NONE', #32, #6003, #930 ) ;
#4190 = DIRECTION ( 'NONE',  ( 0.000000000000000000, 1.000000000000000000, 0.000000000000000000 ) ) ;
#4191 = VECTOR ( 'NONE', #4584, 1000.000000000000000 ) ;
#4192 = CARTESIAN_POINT ( 'NONE',  ( -3.683814102564102466, -17.71322518807814816, 5.000000000000000000 ) ) ;
#4193 = CYLINDRICAL_SURFACE ( 'NONE', #2589, 1.749999999999998002 ) ;
#4194 = DIRECTION ( 'NONE',  ( -0.000000000000000000, -0.000000000000000000, -1.000000000000000000 ) ) ;
#4195 = ORIENTED_EDGE ( 'NONE', *, *, #4776, .F. ) ;
#4196 = VECTOR ( 'NONE', #3002, 1000.000000000000000 ) ;
#4197 = EDGE_LOOP ( 'NONE', ( #2424, #4977, #3419, #4441 ) ) ;
#4198 =( GEOMETRIC_REPRESENTATION_CONTEXT ( 3 ) GLOBAL_UNCERTAINTY_ASSIGNED_CONTEXT ( ( #1858 ) ) GLOBAL_UNIT_ASSIGNED_CONTEXT ( ( #3175, #2177, #5157 ) ) REPRESENTATION_CONTEXT ( 'NONE', 'WORKASPACE' ) );
#4199 = EDGE_LOOP ( 'NONE', ( #639, #4126 ) ) ;
#4200 = AXIS2_PLACEMENT_3D ( 'NONE', #5808, #890, #1776 ) ;
#4201 = FACE_OUTER_BOUND ( 'NONE', #2740, .T. ) ;
#4202 = FACE_OUTER_BOUND ( 'NONE', #4623, .T. ) ;
#4203 = CARTESIAN_POINT ( 'NONE',  ( -25.16401654238957875, 14.24209700771249132, 2.500000000000000000 ) ) ;
#4204 = EDGE_CURVE ( 'NONE', #327, #5644, #1702, .T. ) ;
#4205 = AXIS2_PLACEMENT_3D ( 'NONE', #4968, #4014, #3479 ) ;
#4206 = ORIENTED_EDGE ( 'NONE', *, *, #5820, .F. ) ;
#4207 = EDGE_LOOP ( 'NONE', ( #2481, #1384, #4764, #40 ) ) ;
#4208 = CARTESIAN_POINT ( 'NONE',  ( -0.6624330859149232253, -17.20635806257904221, 5.000000000000000888 ) ) ;
#4209 = ORIENTED_EDGE ( 'NONE', *, *, #2901, .F. ) ;
#4210 = VECTOR ( 'NONE', #1051, 1000.000000000000000 ) ;
#4211 = ADVANCED_FACE ( 'NONE', ( #2161 ), #315, .T. ) ;
#4212 = DIRECTION ( 'NONE',  ( -0.8900702620852276592, 0.4558233523543239740, 0.000000000000000000 ) ) ;
#4213 = EDGE_CURVE ( 'NONE', #5540, #4024, #6190, .T. ) ;
#4214 = FACE_OUTER_BOUND ( 'NONE', #1502, .T. ) ;
#4215 = DIRECTION ( 'NONE',  ( 0.000000000000000000, 0.000000000000000000, 1.000000000000000000 ) ) ;
#4216 = CARTESIAN_POINT ( 'NONE',  ( -7.542860565386886762, 2.791454495570343752, 10.00000000000000000 ) ) ;
#4217 = DIRECTION ( 'NONE',  ( -0.000000000000000000, -0.000000000000000000, -1.000000000000000000 ) ) ;
#4218 = DIRECTION ( 'NONE',  ( -0.000000000000000000, -0.000000000000000000, -1.000000000000000000 ) ) ;
#4219 = EDGE_LOOP ( 'NONE', ( #6483, #762, #4429, #4660 ) ) ;
#4220 = CARTESIAN_POINT ( 'NONE',  ( -4.620576031928705696, -15.14330935764022890, 4.999999999999998224 ) ) ;
#4221 = CARTESIAN_POINT ( 'NONE',  ( -1.267982511171485971, -15.34082543296465140, 4.999999999999999112 ) ) ;
#4222 = CARTESIAN_POINT ( 'NONE',  ( -4.396495742537823048, -15.44668884345459503, 4.999999999999992895 ) ) ;
#4223 = CARTESIAN_POINT ( 'NONE',  ( 24.83598345761040704, 20.75790299228751223, 0.000000000000000000 ) ) ;
#4224 = CARTESIAN_POINT ( 'NONE',  ( -2.055340169111314896, -15.51901556170120244, 4.000000000000000888 ) ) ;
#4225 = CARTESIAN_POINT ( 'NONE',  ( -0.5296705452097960620, 8.500000000000000000, 0.000000000000000000 ) ) ;
#4226 = DIRECTION ( 'NONE',  ( 1.000000000000000000, 0.000000000000000000, 0.000000000000000000 ) ) ;
#4227 = EDGE_CURVE ( 'NONE', #2953, #341, #5370, .T. ) ;
#4228 = CARTESIAN_POINT ( 'NONE',  ( -24.99999999999999645, 17.50000000000000000, 2.500000000000000000 ) ) ;
#4229 = ORIENTED_EDGE ( 'NONE', *, *, #1582, .T. ) ;
#4230 = LINE ( 'NONE', #5646, #1038 ) ;
#4231 = CARTESIAN_POINT ( 'NONE',  ( 6.433177425405322225, 2.791454495570343752, 10.00000000000000000 ) ) ;
#4232 = CARTESIAN_POINT ( 'NONE',  ( 0.8095053573310251327, -17.19685137241162920, 4.000000000000000000 ) ) ;
#4233 = ORIENTED_EDGE ( 'NONE', *, *, #5104, .F. ) ;
#4234 = CARTESIAN_POINT ( 'NONE',  ( -6.999999999999998224, -6.208545504429656248, 6.000000000000000888 ) ) ;
#4235 = APPLICATION_PROTOCOL_DEFINITION ( 'draft international standard', 'automotive_design', 1998, #1736 ) ;
#4236 = ORIENTED_EDGE ( 'NONE', *, *, #4035, .T. ) ;
#4237 = CARTESIAN_POINT ( 'NONE',  ( -9.521751581256390651, -21.50000000000000000, 5.000000000000000000 ) ) ;
#4238 = EDGE_LOOP ( 'NONE', ( #1162, #5677, #1805, #2938 ) ) ;
#4239 = ORIENTED_EDGE ( 'NONE', *, *, #851, .T. ) ;
#4240 = DIRECTION ( 'NONE',  ( -0.5000000000000004441, -0.8660254037844383745, -0.000000000000000000 ) ) ;
#4241 = LINE ( 'NONE', #276, #3096 ) ;
#4242 = CARTESIAN_POINT ( 'NONE',  ( 3.378525641025639903, -17.71322518807815882, 4.000000000000000000 ) ) ;
#4243 = EDGE_CURVE ( 'NONE', #5072, #5540, #752, .T. ) ;
#4244 = CARTESIAN_POINT ( 'NONE',  ( 24.99999999999999645, -17.50000000000000000, 9.000000000000001776 ) ) ;
#4245 = EDGE_CURVE ( 'NONE', #6207, #3817, #3319, .T. ) ;
#4246 = CARTESIAN_POINT ( 'NONE',  ( -4.650228869770560713, -15.73142659546231847, 5.000000000000000000 ) ) ;
#4247 = EDGE_LOOP ( 'NONE', ( #831, #1570, #1917, #3402 ) ) ;
#4248 = CARTESIAN_POINT ( 'NONE',  ( -1.505032225861515638, -16.54088866463339613, 4.999999999999998224 ) ) ;
#4249 = CARTESIAN_POINT ( 'NONE',  ( -4.659070116532376460, -15.13359051703162805, 5.000000000000000888 ) ) ;
#4250 = CARTESIAN_POINT ( 'NONE',  ( -4.178253569168950854, -14.71551028023093188, 4.000000000000000888 ) ) ;
#4251 = DIRECTION ( 'NONE',  ( -0.000000000000000000, -0.000000000000000000, -1.000000000000000000 ) ) ;
#4252 = CARTESIAN_POINT ( 'NONE',  ( 3.378525641025639903, -14.53822518807815989, 5.000000000000000000 ) ) ;
#4253 = CYLINDRICAL_SURFACE ( 'NONE', #5528, 1.750000000000001554 ) ;
#4254 = CARTESIAN_POINT ( 'NONE',  ( -1.509266152412051198, -15.69080805597692496, 5.000000000000000888 ) ) ;
#4255 = CIRCLE ( 'NONE', #1401, 1.257139434613111950 ) ;
#4256 = CARTESIAN_POINT ( 'NONE',  ( -5.780128205128205465, -14.53822518807814923, 5.000000000000000000 ) ) ;
#4257 = ORIENTED_EDGE ( 'NONE', *, *, #1183, .F. ) ;
#4258 = FACE_OUTER_BOUND ( 'NONE', #69, .T. ) ;
#4259 = CARTESIAN_POINT ( 'NONE',  ( 5.495192307692304823, -17.71322518807815882, 5.000000000000000000 ) ) ;
#4260 = CONICAL_SURFACE ( 'NONE', #5094, 0.9999999999999991118, 0.7853981633974415066 ) ;
#4261 = EDGE_CURVE ( 'NONE', #4920, #1831, #5765, .T. ) ;
#4262 = VECTOR ( 'NONE', #5210, 1000.000000000000000 ) ;
#4263 = ORIENTED_EDGE ( 'NONE', *, *, #1581, .F. ) ;
#4264 = EDGE_CURVE ( 'NONE', #5323, #513, #4746, .T. ) ;
#4265 = DIRECTION ( 'NONE',  ( -0.000000000000000000, 0.000000000000000000, 1.000000000000000000 ) ) ;
#4266 = CARTESIAN_POINT ( 'NONE',  ( -5.999999999999997335, -8.208545504429656248, 6.000000000000000888 ) ) ;
#4267 = ORIENTED_EDGE ( 'NONE', *, *, #4446, .F. ) ;
#4268 = AXIS2_PLACEMENT_3D ( 'NONE', #5482, #1848, #1912 ) ;
#4269 = VERTEX_POINT ( 'NONE', #4775 ) ;
#4270 = LINE ( 'NONE', #6270, #4891 ) ;
#4271 = VECTOR ( 'NONE', #144, 1000.000000000000000 ) ;
#4272 = VERTEX_POINT ( 'NONE', #2722 ) ;
#4273 = VERTEX_POINT ( 'NONE', #2755 ) ;
#4274 = CIRCLE ( 'NONE', #6470, 1.500000000000001332 ) ;
#4275 = CARTESIAN_POINT ( 'NONE',  ( -4.493261334243715766, -15.66418284835249430, 3.999999999999999112 ) ) ;
#4276 = DIRECTION ( 'NONE',  ( -0.05028052826558215144, 0.9987351342960424372, 0.000000000000000000 ) ) ;
#4277 = DIRECTION ( 'NONE',  ( -0.000000000000000000, -0.000000000000000000, -1.000000000000000000 ) ) ;
#4278 = ORIENTED_EDGE ( 'NONE', *, *, #44, .T. ) ;
#4279 = VECTOR ( 'NONE', #4218, 1000.000000000000000 ) ;
#4280 = DIRECTION ( 'NONE',  ( -0.000000000000000000, -0.000000000000000000, 1.000000000000000000 ) ) ;
#4281 = CARTESIAN_POINT ( 'NONE',  ( -3.683814102564102466, -17.71322518807814816, 4.000000000000000000 ) ) ;
#4282 = ORIENTED_EDGE ( 'NONE', *, *, #5008, .F. ) ;
#4283 = DIRECTION ( 'NONE',  ( 1.000000000000000000, -0.000000000000000000, 0.000000000000000000 ) ) ;
#4284 = EDGE_CURVE ( 'NONE', #2786, #1199, #3350, .T. ) ;
#4285 = CARTESIAN_POINT ( 'NONE',  ( 22.26058151680846819, 15.72900601150596600, 2.500000000000000000 ) ) ;
#4286 = CARTESIAN_POINT ( 'NONE',  ( -4.477302839344638130, -14.58902508889043581, 3.999999999999999112 ) ) ;
#4287 = DIRECTION ( 'NONE',  ( -0.5000000000000015543, -0.8660254037844377084, 0.000000000000000000 ) ) ;
#4288 = CARTESIAN_POINT ( 'NONE',  ( 4.355448717948715576, -14.53822518807815989, 5.000000000000000000 ) ) ;
#4289 = CARTESIAN_POINT ( 'NONE',  ( -2.055340169111314896, -15.51901556170120244, 5.000000000000000888 ) ) ;
#4290 = EDGE_LOOP ( 'NONE', ( #993, #4582, #864, #1949 ) ) ;
#4291 = CARTESIAN_POINT ( 'NONE',  ( -0.5296705452097965061, 13.50000000000000178, 5.000000000000000000 ) ) ;
#4292 = CARTESIAN_POINT ( 'NONE',  ( 27.73941848319152115, 19.27099398849403400, 0.000000000000000000 ) ) ;
#4293 = VERTEX_POINT ( 'NONE', #848 ) ;
#4294 = LINE ( 'NONE', #4332, #5983 ) ;
#4295 = VECTOR ( 'NONE', #1535, 1000.000000000000000 ) ;
#4296 = DIRECTION ( 'NONE',  ( -1.000000000000000000, 0.000000000000000000, 0.000000000000000000 ) ) ;
#4297 = VERTEX_POINT ( 'NONE', #1859 ) ;
#4298 = CARTESIAN_POINT ( 'NONE',  ( -2.157371794871795867, -16.10982474737303249, 5.000000000000000000 ) ) ;
#4299 = ORIENTED_EDGE ( 'NONE', *, *, #2372, .F. ) ;
#4300 = FACE_OUTER_BOUND ( 'NONE', #1484, .T. ) ;
#4301 = AXIS2_PLACEMENT_3D ( 'NONE', #3595, #378, #2439 ) ;
#4302 = ORIENTED_EDGE ( 'NONE', *, *, #3405, .F. ) ;
#4303 = AXIS2_PLACEMENT_3D ( 'NONE', #3894, #2837, #4296 ) ;
#4304 = EDGE_LOOP ( 'NONE', ( #3209, #2335, #1057, #956, #5984, #3366 ) ) ;
#4305 = EDGE_CURVE ( 'NONE', #543, #985, #1302, .T. ) ;
#4306 = AXIS2_PLACEMENT_3D ( 'NONE', #5562, #1045, #5067 ) ;
#4307 = EDGE_CURVE ( 'NONE', #4087, #4462, #4150, .T. ) ;
#4308 = VECTOR ( 'NONE', #6477, 1000.000000000000000 ) ;
#4309 = VECTOR ( 'NONE', #5836, 1000.000000000000227 ) ;
#4310 = LINE ( 'NONE', #6008, #2252 ) ;
#4311 = DIRECTION ( 'NONE',  ( -0.8397897338196435024, -0.5429117819417187407, 0.000000000000000000 ) ) ;
#4312 = EDGE_CURVE ( 'NONE', #5517, #6301, #5826, .T. ) ;
#4313 = CARTESIAN_POINT ( 'NONE',  ( -20.46074529610706705, 18.30322271705048820, 9.000000000000001776 ) ) ;
#4314 = EDGE_LOOP ( 'NONE', ( #8, #1950, #5586, #1645 ) ) ;
#4315 = AXIS2_PLACEMENT_3D ( 'NONE', #2476, #3445, #521 ) ;
#4316 = DIRECTION ( 'NONE',  ( -0.000000000000000000, -0.000000000000000000, -1.000000000000000000 ) ) ;
#4317 = ORIENTED_EDGE ( 'NONE', *, *, #739, .T. ) ;
#4318 = VECTOR ( 'NONE', #6495, 1000.000000000000000 ) ;
#4319 = CARTESIAN_POINT ( 'NONE',  ( 0.9152293669871784942, -15.04322318487303178, 5.000000000000000000 ) ) ;
#4320 = ORIENTED_EDGE ( 'NONE', *, *, #2444, .T. ) ;
#4321 = CARTESIAN_POINT ( 'NONE',  ( 0.9152293669871784942, -15.04322318487303178, 4.000000000000000000 ) ) ;
#4322 = CARTESIAN_POINT ( 'NONE',  ( -21.73797097907860731, -17.50000000000002132, 2.500000000000000000 ) ) ;
#4323 = CARTESIAN_POINT ( 'NONE',  ( -5.116125801282050745, -14.53822518807814923, 4.000000000000000000 ) ) ;
#4324 = DIRECTION ( 'NONE',  ( -0.000000000000000000, -0.000000000000000000, -1.000000000000000000 ) ) ;
#4325 = DIRECTION ( 'NONE',  ( 1.000000000000000000, 0.000000000000000000, 0.000000000000000000 ) ) ;
#4326 = B_SPLINE_SURFACE_WITH_KNOTS ( 'NONE', 3, 1, ( 
 ( #4871, #1301 ),
 ( #2721, #1822 ),
 ( #4774, #2346 ),
 ( #1274, #4811 ),
 ( #5272, #5302 ),
 ( #1333, #5332 ),
 ( #6376, #3347 ),
 ( #5730, #4745 ),
 ( #222, #5822 ),
 ( #5368, #3746 ),
 ( #751, #847 ) ),
 .UNSPECIFIED., .F., .F., .F.,
 ( 4, 1, 1, 1, 1, 1, 1, 1, 4 ),
 ( 2, 2 ),
 ( 0.000000000000000000, 0.1344469729957881721, 0.2638071572604064330, 0.3892412375756161280, 0.5114964050416203056, 0.6324272219006815687, 0.7534387150183178283, 0.8752597545988095584, 1.000000000000000000 ),
 ( 0.000000000000000000, 1.000000000000000000 ),
 .UNSPECIFIED. ) ;
#4327 = PLANE ( 'NONE',  #3942 ) ;
#4328 = ORIENTED_EDGE ( 'NONE', *, *, #6109, .T. ) ;
#4329 = CARTESIAN_POINT ( 'NONE',  ( -1.544073903569161965, -15.78945888066755465, 5.000000000000000000 ) ) ;
#4330 = DIRECTION ( 'NONE',  ( 0.000000000000000000, 0.000000000000000000, -1.000000000000000000 ) ) ;
#4331 = ORIENTED_EDGE ( 'NONE', *, *, #3887, .T. ) ;
#4332 = CARTESIAN_POINT ( 'NONE',  ( -26.50000000000000000, 17.50000000000000000, 5.000000000000000000 ) ) ;
#4333 = EDGE_CURVE ( 'NONE', #1427, #775, #3849, .T. ) ;
#4334 = CARTESIAN_POINT ( 'NONE',  ( 6.065064102564100779, -14.53822518807815989, 4.000000000000000000 ) ) ;
#4335 = ADVANCED_FACE ( 'NONE', ( #1275 ), #4381, .T. ) ;
#4336 = VERTEX_POINT ( 'NONE', #4322 ) ;
#4337 = DIRECTION ( 'NONE',  ( -0.7071067811865464625, 0.7071067811865486830, 0.000000000000000000 ) ) ;
#4338 = CARTESIAN_POINT ( 'NONE',  ( -0.06839335624488418475, -17.17153531876744310, 3.999999999999999112 ) ) ;
#4339 = ORIENTED_EDGE ( 'NONE', *, *, #6309, .T. ) ;
#4340 = ORIENTED_EDGE ( 'NONE', *, *, #4307, .T. ) ;
#4341 = DIRECTION ( 'NONE',  ( -0.7071067811865455743, -0.7071067811865495711, -0.000000000000000000 ) ) ;
#4342 = CARTESIAN_POINT ( 'NONE',  ( 3.072372804504399202, 9.194809502405480117, 0.000000000000000000 ) ) ;
#4343 = CARTESIAN_POINT ( 'NONE',  ( 16.46446609406726580, -9.307611844574852356, 5.000000000000000000 ) ) ;
#4344 = CARTESIAN_POINT ( 'NONE',  ( 0.4300287121940193358, -16.72557555394894280, 4.999999999999999112 ) ) ;
#4345 = ORIENTED_EDGE ( 'NONE', *, *, #3606, .F. ) ;
#4346 = PLANE ( 'NONE',  #5028 ) ;
#4347 = CARTESIAN_POINT ( 'NONE',  ( -4.559910687005316987, -14.57333476434996555, 4.000000000000000888 ) ) ;
#4348 = CARTESIAN_POINT ( 'NONE',  ( -1.253922416403186357, -16.90165875060094791, 3.999999999999999112 ) ) ;
#4349 = CARTESIAN_POINT ( 'NONE',  ( 1.709615384615383205, -17.71322518807815882, 4.000000000000000000 ) ) ;
#4350 = CARTESIAN_POINT ( 'NONE',  ( -3.904711946923277388, -15.04694803077888210, 4.000000000000000888 ) ) ;
#4351 = PLANE ( 'NONE',  #4622 ) ;
#4352 = CARTESIAN_POINT ( 'NONE',  ( 8.999999999999991118, -6.208545504429656248, 5.000000000000000000 ) ) ;
#4353 = CARTESIAN_POINT ( 'NONE',  ( 22.72792206135787296, -13.50000000000000355, 5.000000000000000000 ) ) ;
#4354 = ORIENTED_EDGE ( 'NONE', *, *, #4245, .F. ) ;
#4355 = LINE ( 'NONE', #3325, #3232 ) ;
#4356 = CARTESIAN_POINT ( 'NONE',  ( 1.709615384615383205, -14.53822518807815989, 4.000000000000000000 ) ) ;
#4357 = VERTEX_POINT ( 'NONE', #814 ) ;
#4358 = FACE_OUTER_BOUND ( 'NONE', #2771, .T. ) ;
#4359 = CARTESIAN_POINT ( 'NONE',  ( 24.99999999999999645, -17.50000000000000000, 2.500000000000000000 ) ) ;
#4360 = VERTEX_POINT ( 'NONE', #1794 ) ;
#4361 = CONICAL_SURFACE ( 'NONE', #879, 3.257139434613112172, 0.7853981633974447263 ) ;
#4362 = DIRECTION ( 'NONE',  ( -0.000000000000000000, -0.000000000000000000, 1.000000000000000000 ) ) ;
#4363 = EDGE_CURVE ( 'NONE', #1831, #4725, #6377, .T. ) ;
#4364 = ORIENTED_EDGE ( 'NONE', *, *, #3807, .F. ) ;
#4365 = VERTEX_POINT ( 'NONE', #5859 ) ;
#4366 = VECTOR ( 'NONE', #1268, 1000.000000000000000 ) ;
#4367 = FACE_OUTER_BOUND ( 'NONE', #2113, .T. ) ;
#4368 = DIRECTION ( 'NONE',  ( -0.000000000000000000, -0.000000000000000000, 1.000000000000000000 ) ) ;
#4369 = AXIS2_PLACEMENT_3D ( 'NONE', #4642, #545, #647 ) ;
#4370 = CARTESIAN_POINT ( 'NONE',  ( -5.210256410256410398, -16.32925082910378833, 4.000000000000000000 ) ) ;
#4371 = CARTESIAN_POINT ( 'NONE',  ( 22.50000000000000355, -14.49566939831962209, 9.000000000000001776 ) ) ;
#4372 = VERTEX_POINT ( 'NONE', #449 ) ;
#4373 = DIRECTION ( 'NONE',  ( -0.7071067811865464625, 0.7071067811865486830, 0.000000000000000000 ) ) ;
#4374 = VECTOR ( 'NONE', #1577, 1000.000000000000000 ) ;
#4375 = PRODUCT_DEFINITION_SHAPE ( 'NONE', 'NONE',  #6343 ) ;
#4376 = EDGE_CURVE ( 'NONE', #4879, #4273, #1009, .T. ) ;
#4377 = ORIENTED_EDGE ( 'NONE', *, *, #5697, .T. ) ;
#4378 = CARTESIAN_POINT ( 'NONE',  ( -4.130341307679919360, -14.75208866050291512, 4.000000000000000000 ) ) ;
#4379 = CARTESIAN_POINT ( 'NONE',  ( 0.6222935443772469322, -14.77931125610864171, 4.000000000000000888 ) ) ;
#4380 = CIRCLE ( 'NONE', #1525, 1.750000000000001554 ) ;
#4381 = PLANE ( 'NONE',  #3194 ) ;
#4382 = ADVANCED_FACE ( 'NONE', ( #1988 ), #914, .F. ) ;
#4383 = CARTESIAN_POINT ( 'NONE',  ( -4.866102240875034290, -14.54340779600977385, 3.999999999999999112 ) ) ;
#4384 = CARTESIAN_POINT ( 'NONE',  ( -5.210256410256410398, -15.10809698294994519, 4.000000000000000000 ) ) ;
#4385 = EDGE_CURVE ( 'NONE', #2436, #3766, #4040, .T. ) ;
#4386 = LINE ( 'NONE', #1374, #4415 ) ;
#4387 = CARTESIAN_POINT ( 'NONE',  ( -27.90343502558110345, 16.01309099620652532, 0.000000000000000000 ) ) ;
#4388 = VERTEX_POINT ( 'NONE', #6475 ) ;
#4389 = CARTESIAN_POINT ( 'NONE',  ( -0.5094951284314038764, -15.02768348299414924, 5.000000000000000000 ) ) ;
#4390 = DIRECTION ( 'NONE',  ( -0.000000000000000000, -0.000000000000000000, 1.000000000000000000 ) ) ;
#4391 = EDGE_CURVE ( 'NONE', #6076, #3284, #6409, .T. ) ;
#4392 = ORIENTED_EDGE ( 'NONE', *, *, #1521, .T. ) ;
#4393 = CARTESIAN_POINT ( 'NONE',  ( 1.139743589743589025, -16.22049181468072376, 4.000000000000000000 ) ) ;
#4394 = LINE ( 'NONE', #3795, #5252 ) ;
#4395 = ORIENTED_EDGE ( 'NONE', *, *, #905, .F. ) ;
#4396 = DIRECTION ( 'NONE',  ( -0.000000000000000000, -0.000000000000000000, -1.000000000000000000 ) ) ;
#4397 = DIRECTION ( 'NONE',  ( 1.000000000000000000, 0.000000000000000000, 0.000000000000000000 ) ) ;
#4398 = ORIENTED_EDGE ( 'NONE', *, *, #4786, .F. ) ;
#4399 = VECTOR ( 'NONE', #801, 1000.000000000000000 ) ;
#4400 = VERTEX_POINT ( 'NONE', #1436 ) ;
#4401 = EDGE_CURVE ( 'NONE', #6397, #1836, #4255, .T. ) ;
#4402 = VECTOR ( 'NONE', #3580, 1000.000000000000000 ) ;
#4403 = CARTESIAN_POINT ( 'NONE',  ( 0.3199168669871786386, -14.60691509192431425, 5.000000000000000000 ) ) ;
#4404 = CARTESIAN_POINT ( 'NONE',  ( -21.32178339562597813, 18.81176316890940825, 9.000000000000001776 ) ) ;
#4405 = VECTOR ( 'NONE', #314, 1000.000000000000227 ) ;
#4406 = FACE_BOUND ( 'NONE', #2934, .T. ) ;
#4407 = DIRECTION ( 'NONE',  ( 1.000000000000000000, 0.000000000000000000, 0.000000000000000000 ) ) ;
#4408 = ORIENTED_EDGE ( 'NONE', *, *, #753, .T. ) ;
#4409 = CARTESIAN_POINT ( 'NONE',  ( -1.587500000000001021, -16.10918872974482596, 4.000000000000000000 ) ) ;
#4410 = ADVANCED_FACE ( 'NONE', ( #6508 ), #5522, .F. ) ;
#4411 = AXIS2_PLACEMENT_3D ( 'NONE', #5707, #724, #1639 ) ;
#4412 = ADVANCED_FACE ( 'NONE', ( #3011 ), #2883, .F. ) ;
#4413 = LINE ( 'NONE', #4139, #3625 ) ;
#4414 = CARTESIAN_POINT ( 'NONE',  ( 3.378525641025639903, -17.71322518807815882, 4.000000000000000000 ) ) ;
#4415 = VECTOR ( 'NONE', #2917, 1000.000000000000000 ) ;
#4416 = CARTESIAN_POINT ( 'NONE',  ( -3.826282051282051455, -15.44009818487302255, 5.000000000000000888 ) ) ;
#4417 = AXIS2_PLACEMENT_3D ( 'NONE', #1346, #5283, #2767 ) ;
#4418 = DIRECTION ( 'NONE',  ( -0.5000000000000011102, -0.8660254037844379305, 0.000000000000000000 ) ) ;
#4419 = CARTESIAN_POINT ( 'NONE',  ( -0.4874174720973487029, -14.45705125866131979, 4.000000000000000000 ) ) ;
#4420 = LINE ( 'NONE', #1991, #725 ) ;
#4421 = VERTEX_POINT ( 'NONE', #4905 ) ;
#4422 = CARTESIAN_POINT ( 'NONE',  ( 15.86005420924689524, 7.456272356324764594, 5.000000000000000000 ) ) ;
#4423 = ORIENTED_EDGE ( 'NONE', *, *, #5083, .T. ) ;
#4424 = CARTESIAN_POINT ( 'NONE',  ( -16.74999999999999645, 5.949455682166679971, 5.000000000000000000 ) ) ;
#4425 = DIRECTION ( 'NONE',  ( -0.8610380995189044206, -0.5085404518589187184, 0.000000000000000000 ) ) ;
#4426 = VERTEX_POINT ( 'NONE', #4477 ) ;
#4427 = CARTESIAN_POINT ( 'NONE',  ( -4.427044191299727594, -15.58324274024666600, 4.000000000000000000 ) ) ;
#4428 = CARTESIAN_POINT ( 'NONE',  ( -27.74999999999998934, -13.50000000000000178, 5.000000000000000000 ) ) ;
#4429 = ORIENTED_EDGE ( 'NONE', *, *, #1258, .F. ) ;
#4430 = EDGE_CURVE ( 'NONE', #609, #5720, #391, .T. ) ;
#4431 = DIRECTION ( 'NONE',  ( -1.000000000000000000, 0.000000000000000000, 0.000000000000000000 ) ) ;
#4432 = LINE ( 'NONE', #399, #3864 ) ;
#4433 = ORIENTED_EDGE ( 'NONE', *, *, #1924, .T. ) ;
#4434 = B_SPLINE_SURFACE_WITH_KNOTS ( 'NONE', 3, 1, ( 
 ( #4860, #337 ),
 ( #3869, #5882 ),
 ( #2005, #4560 ),
 ( #3564, #4985 ),
 ( #6461, #1486 ),
 ( #1942, #6007 ),
 ( #5511, #3496 ),
 ( #1424, #4500 ),
 ( #2464, #3966 ),
 ( #471, #998 ),
 ( #37, #4098 ) ),
 .UNSPECIFIED., .F., .F., .F.,
 ( 4, 1, 1, 1, 1, 1, 1, 1, 4 ),
 ( 2, 2 ),
 ( 0.000000000000000000, 0.1117990193876810812, 0.2273961124226544228, 0.3456566425208962845, 0.4673998441801986981, 0.5942080136976000126, 0.7246775297613277100, 0.8596471198548495396, 0.9999999999999998890 ),
 ( 0.000000000000000000, 1.000000000000000000 ),
 .UNSPECIFIED. ) ;
#4435 = ORIENTED_EDGE ( 'NONE', *, *, #3000, .F. ) ;
#4436 = CYLINDRICAL_SURFACE ( 'NONE', #2612, 1.500000000000001332 ) ;
#4437 = CARTESIAN_POINT ( 'NONE',  ( -30.07210899186226882, 17.76098398388764821, 9.000000000000001776 ) ) ;
#4438 = DIRECTION ( 'NONE',  ( -1.000000000000000000, 0.000000000000000000, 0.000000000000000000 ) ) ;
#4439 = VERTEX_POINT ( 'NONE', #5491 ) ;
#4440 = CARTESIAN_POINT ( 'NONE',  ( 8.999999999999991118, -8.208545504429656248, 5.000000000000000000 ) ) ;
#4441 = ORIENTED_EDGE ( 'NONE', *, *, #4530, .T. ) ;
#4442 = PLANE ( 'NONE',  #5976 ) ;
#4443 = CARTESIAN_POINT ( 'NONE',  ( -3.966727154109230380, -14.93561736206180868, 3.999999999999998224 ) ) ;
#4444 = CARTESIAN_POINT ( 'NONE',  ( -1.077298729060606419, -17.04342901149511746, 5.000000000000000000 ) ) ;
#4445 = CARTESIAN_POINT ( 'NONE',  ( -4.559910687005316987, -14.57333476434996555, 5.000000000000000888 ) ) ;
#4446 = EDGE_CURVE ( 'NONE', #4498, #5855, #2946, .T. ) ;
#4447 = CARTESIAN_POINT ( 'NONE',  ( -5.999999999999997335, -4.208545504429667794, 5.000000000000000000 ) ) ;
#4448 = CARTESIAN_POINT ( 'NONE',  ( -10.05713943461311111, 2.791454495570343752, 10.00000000000000000 ) ) ;
#4449 = CARTESIAN_POINT ( 'NONE',  ( -5.780128205128205465, -17.71322518807814816, 4.000000000000000000 ) ) ;
#4450 = FACE_OUTER_BOUND ( 'NONE', #6424, .T. ) ;
#4451 = ORIENTED_EDGE ( 'NONE', *, *, #5060, .F. ) ;
#4452 = DIRECTION ( 'NONE',  ( 0.000000000000000000, 0.000000000000000000, -1.000000000000000000 ) ) ;
#4453 = CARTESIAN_POINT ( 'NONE',  ( 0.2292313111351064192, -14.57091519142974967, 5.000000000000000888 ) ) ;
#4454 = ORIENTED_EDGE ( 'NONE', *, *, #3290, .F. ) ;
#4455 = CARTESIAN_POINT ( 'NONE',  ( -4.397151972544833143, -15.47398797440764895, 4.000000000000000888 ) ) ;
#4456 = DIRECTION ( 'NONE',  ( 0.05028052826558230409, -0.9987351342960424372, 0.000000000000000000 ) ) ;
#4457 = ORIENTED_EDGE ( 'NONE', *, *, #2745, .T. ) ;
#4458 = ADVANCED_FACE ( 'NONE', ( #975 ), #2577, .T. ) ;
#4459 = CARTESIAN_POINT ( 'NONE',  ( 0.9748812362655017161, -16.92499946339432171, 3.999999999999999112 ) ) ;
#4460 = CARTESIAN_POINT ( 'NONE',  ( -1.328654218018920252, -14.67332075672487157, 4.000000000000000000 ) ) ;
#4461 = ORIENTED_EDGE ( 'NONE', *, *, #2822, .T. ) ;
#4462 = VERTEX_POINT ( 'NONE', #679 ) ;
#4463 = EDGE_CURVE ( 'NONE', #1376, #6013, #4784, .T. ) ;
#4464 = EDGE_CURVE ( 'NONE', #33, #2831, #116, .T. ) ;
#4465 = LINE ( 'NONE', #539, #3343 ) ;
#4466 = DIRECTION ( 'NONE',  ( -0.000000000000000000, -0.000000000000000000, -1.000000000000000000 ) ) ;
#4467 = DIRECTION ( 'NONE',  ( 0.5000000000000015543, 0.8660254037844377084, 0.000000000000000000 ) ) ;
#4468 = ORIENTED_EDGE ( 'NONE', *, *, #1573, .F. ) ;
#4469 = CARTESIAN_POINT ( 'NONE',  ( 15.00000000000000533, -5.772077938642122596, 5.000000000000000000 ) ) ;
#4470 = AXIS2_PLACEMENT_3D ( 'NONE', #5892, #4844, #223 ) ;
#4471 = ORIENTED_EDGE ( 'NONE', *, *, #1777, .F. ) ;
#4472 = VERTEX_POINT ( 'NONE', #3045 ) ;
#4473 = AXIS2_PLACEMENT_3D ( 'NONE', #3371, #5977, #4438 ) ;
#4474 = CIRCLE ( 'NONE', #1619, 1.500000000000001332 ) ;
#4475 = PLANE ( 'NONE',  #6459 ) ;
#4476 = LINE ( 'NONE', #3979, #5031 ) ;
#4477 = CARTESIAN_POINT ( 'NONE',  ( 2.279487179487178050, -16.32925082910379899, 4.000000000000000000 ) ) ;
#4478 = AXIS2_PLACEMENT_3D ( 'NONE', #1192, #2501, #3195 ) ;
#4479 = CIRCLE ( 'NONE', #2037, 1.500000000000001332 ) ;
#4480 = LINE ( 'NONE', #915, #4526 ) ;
#4481 = FACE_OUTER_BOUND ( 'NONE', #4219, .T. ) ;
#4482 = EDGE_CURVE ( 'NONE', #1203, #211, #1562, .T. ) ;
#4483 = DIRECTION ( 'NONE',  ( 0.000000000000000000, 1.000000000000000000, 0.000000000000000000 ) ) ;
#4484 = VECTOR ( 'NONE', #894, 1000.000000000000114 ) ;
#4485 = B_SPLINE_SURFACE_WITH_KNOTS ( 'NONE', 3, 1, ( 
 ( #1272, #317 ),
 ( #249, #2254 ),
 ( #6314, #1699 ),
 ( #5821, #1300 ),
 ( #3316, #4841 ),
 ( #1212, #5331 ),
 ( #4347, #6341 ),
 ( #5857, #2851 ),
 ( #4870, #345 ),
 ( #2345, #3219 ),
 ( #6216, #3708 ),
 ( #5728, #5521 ),
 ( #1952, #6434 ),
 ( #4378, #1008 ),
 ( #6473, #1367 ),
 ( #2944, #5889 ),
 ( #2411, #3406 ),
 ( #4443, #4902 ),
 ( #1918, #4511 ),
 ( #911, #2910 ),
 ( #377, #875 ),
 ( #4995, #1887 ),
 ( #1397, #5029 ),
 ( #5427, #4933 ),
 ( #3944, #5949 ),
 ( #2378, #6407 ),
 ( #417, #3010 ) ),
 .UNSPECIFIED., .F., .F., .F.,
 ( 4, 1, 1, 1, 1, 1, 1, 1, 1, 1, 1, 1, 1, 1, 1, 1, 1, 1, 1, 1, 1, 1, 1, 1, 4 ),
 ( 2, 2 ),
 ( 0.000000000000000000, 0.07288902662003830801, 0.1401861299444947251, 0.2022774341249594099, 0.2588951317514626704, 0.3104829424654785841, 0.3570952441313352543, 0.3985135666534657672, 0.4350375108701164395, 0.4692514858292881064, 0.5028050278902749248, 0.5362104463185621839, 0.5693793599392057425, 0.6028014750483932094, 0.6366657983367768336, 0.6709286568940430184, 0.7058030002293130822, 0.7411890612458772454, 0.7763043110764616950, 0.8120043009129355172, 0.8479689758088961860, 0.8845217611964798499, 0.9219741585442051690, 0.9601981758096084230, 0.9999999999999998890 ),
 ( 0.000000000000000000, 1.000000000000000000 ),
 .UNSPECIFIED. ) ;
#4486 = CARTESIAN_POINT ( 'NONE',  ( 6.065064102564100779, -14.53822518807815989, 4.000000000000000000 ) ) ;
#4487 = ORIENTED_EDGE ( 'NONE', *, *, #4035, .F. ) ;
#4488 = DIRECTION ( 'NONE',  ( -1.000000000000000000, 0.000000000000000000, -0.000000000000000000 ) ) ;
#4489 = DIRECTION ( 'NONE',  ( -0.000000000000000000, -0.000000000000000000, -1.000000000000000000 ) ) ;
#4490 = VERTEX_POINT ( 'NONE', #3574 ) ;
#4491 = CARTESIAN_POINT ( 'NONE',  ( -4.493261334243715766, -15.66418284835249430, 3.999999999999999112 ) ) ;
#4492 = CARTESIAN_POINT ( 'NONE',  ( -24.83598345761040704, 20.75790299228751223, 2.500000000000000000 ) ) ;
#4493 = ADVANCED_FACE ( 'NONE', ( #3151, #3676 ), #3639, .T. ) ;
#4494 = ORIENTED_EDGE ( 'NONE', *, *, #4978, .F. ) ;
#4495 = ADVANCED_FACE ( 'NONE', ( #1143, #1106 ), #3113, .T. ) ;
#4496 = DIRECTION ( 'NONE',  ( -0.000000000000000000, -0.000000000000000000, -1.000000000000000000 ) ) ;
#4497 = DIRECTION ( 'NONE',  ( -0.5000000000000004441, 0.8660254037844383745, 0.000000000000000000 ) ) ;
#4498 = VERTEX_POINT ( 'NONE', #5621 ) ;
#4499 = ORIENTED_EDGE ( 'NONE', *, *, #4865, .F. ) ;
#4500 = CARTESIAN_POINT ( 'NONE',  ( 0.7703133336098925144, -14.90025846607622917, 5.000000000000000000 ) ) ;
#4501 = CARTESIAN_POINT ( 'NONE',  ( 0.2897196025698228761, -14.59492753222951578, 4.000000000000000000 ) ) ;
#4502 = DIRECTION ( 'NONE',  ( -0.5000000000000015543, 0.8660254037844377084, 0.000000000000000000 ) ) ;
#4503 = ORIENTED_EDGE ( 'NONE', *, *, #2574, .T. ) ;
#4504 = ORIENTED_EDGE ( 'NONE', *, *, #170, .F. ) ;
#4505 = CARTESIAN_POINT ( 'NONE',  ( -0.007416702385228093192, -17.74634512731025282, 5.000000000000000888 ) ) ;
#4506 = ORIENTED_EDGE ( 'NONE', *, *, #2530, .T. ) ;
#4507 = VECTOR ( 'NONE', #6224, 1000.000000000000000 ) ;
#4508 = VERTEX_POINT ( 'NONE', #5659 ) ;
#4509 = VECTOR ( 'NONE', #3884, 1000.000000000000000 ) ;
#4510 = EDGE_CURVE ( 'NONE', #3171, #1225, #1042, .T. ) ;
#4511 = CARTESIAN_POINT ( 'NONE',  ( -3.933806712607696543, -14.98990429835600757, 4.999999999999995559 ) ) ;
#4512 = CARTESIAN_POINT ( 'NONE',  ( -4.340546524786211613, -14.62919056945143126, 4.999999999999999112 ) ) ;
#4513 = VECTOR ( 'NONE', #3859, 1000.000000000000114 ) ;
#4514 = CARTESIAN_POINT ( 'NONE',  ( -28.26202902092138913, -17.50000000000000711, 2.500000000000000000 ) ) ;
#4515 = CARTESIAN_POINT ( 'NONE',  ( -1.403372629974333430, -14.71863784045357981, 4.000000000000000888 ) ) ;
#4516 = CARTESIAN_POINT ( 'NONE',  ( -4.157904819556923037, -16.13428924865901593, 4.000000000000000000 ) ) ;
#4517 = VECTOR ( 'NONE', #1052, 1000.000000000000114 ) ;
#4518 = VECTOR ( 'NONE', #6355, 1000.000000000000000 ) ;
#4519 = CARTESIAN_POINT ( 'NONE',  ( 4.925320512820510643, -15.10809698294995584, 4.000000000000000000 ) ) ;
#4520 = VERTEX_POINT ( 'NONE', #1694 ) ;
#4521 = CARTESIAN_POINT ( 'NONE',  ( 0.000000000000000000, 0.000000000000000000, 9.000000000000001776 ) ) ;
#4522 = DIRECTION ( 'NONE',  ( 0.8610380995189043096, -0.5085404518589188294, 0.000000000000000000 ) ) ;
#4523 = ORIENTED_EDGE ( 'NONE', *, *, #4847, .F. ) ;
#4524 = CARTESIAN_POINT ( 'NONE',  ( -4.601928236847449227, -15.71775222769595715, 4.999999999999993783 ) ) ;
#4525 = CARTESIAN_POINT ( 'NONE',  ( 26.22363875699441493, 20.83582196652956142, 9.000000000000001776 ) ) ;
#4526 = VECTOR ( 'NONE', #978, 1000.000000000000000 ) ;
#4527 = ORIENTED_EDGE ( 'NONE', *, *, #1072, .F. ) ;
#4528 = DIRECTION ( 'NONE',  ( -1.000000000000000000, 0.000000000000000000, 0.000000000000000000 ) ) ;
#4529 = DIRECTION ( 'NONE',  ( 0.000000000000000000, 0.000000000000000000, 1.000000000000000000 ) ) ;
#4530 = EDGE_CURVE ( 'NONE', #1376, #5366, #4643, .T. ) ;
#4531 = VERTEX_POINT ( 'NONE', #6144 ) ;
#4532 = ORIENTED_EDGE ( 'NONE', *, *, #1185, .F. ) ;
#4533 = ADVANCED_FACE ( 'NONE', ( #5063 ), #1593, .F. ) ;
#4534 = CARTESIAN_POINT ( 'NONE',  ( -5.016907051282050389, -16.32925082910378833, 4.000000000000000000 ) ) ;
#4535 = CARTESIAN_POINT ( 'NONE',  ( -4.278274748009652129, -16.20625942290764243, 5.000000000000000000 ) ) ;
#4536 = FACE_OUTER_BOUND ( 'NONE', #3633, .T. ) ;
#4537 = VERTEX_POINT ( 'NONE', #5092 ) ;
#4538 = CARTESIAN_POINT ( 'NONE',  ( 30.01888746451763268, 17.85109630944760184, 5.000000000000000000 ) ) ;
#4539 = ORIENTED_EDGE ( 'NONE', *, *, #4363, .F. ) ;
#4540 = ORIENTED_EDGE ( 'NONE', *, *, #468, .T. ) ;
#4541 = CARTESIAN_POINT ( 'NONE',  ( -2.727243589743591379, -14.53822518807815989, 5.000000000000000000 ) ) ;
#4542 = CARTESIAN_POINT ( 'NONE',  ( -4.178253569168950854, -14.71551028023093188, 5.000000000000000888 ) ) ;
#4543 = DIRECTION ( 'NONE',  ( 0.5000000000000015543, -0.8660254037844377084, -0.000000000000000000 ) ) ;
#4544 = EDGE_CURVE ( 'NONE', #3766, #2212, #5196, .T. ) ;
#4545 = FACE_OUTER_BOUND ( 'NONE', #5016, .T. ) ;
#4546 = CARTESIAN_POINT ( 'NONE',  ( -1.090818994479551218, -14.56205269406144787, 4.999999999999999112 ) ) ;
#4547 = PLANE ( 'NONE',  #5951 ) ;
#4548 = ORIENTED_EDGE ( 'NONE', *, *, #4482, .T. ) ;
#4549 = DIRECTION ( 'NONE',  ( -1.000000000000000000, 0.000000000000000000, 0.000000000000000000 ) ) ;
#4550 = CARTESIAN_POINT ( 'NONE',  ( -0.6978361426892959463, -15.04450368638769397, 5.000000000000000888 ) ) ;
#4551 = VERTEX_POINT ( 'NONE', #2646 ) ;
#4552 = CARTESIAN_POINT ( 'NONE',  ( -4.523840512970987326, -15.68489062534015410, 3.999999999999999112 ) ) ;
#4553 = CARTESIAN_POINT ( 'NONE',  ( -0.7937325473817727906, -17.76542137330358528, 5.000000000000000888 ) ) ;
#4554 = ORIENTED_EDGE ( 'NONE', *, *, #590, .T. ) ;
#4555 = CARTESIAN_POINT ( 'NONE',  ( 7.000000000000003553, -8.208545504429656248, 6.000000000000000888 ) ) ;
#4556 = DIRECTION ( 'NONE',  ( -0.000000000000000000, -0.000000000000000000, 1.000000000000000000 ) ) ;
#4557 = EDGE_LOOP ( 'NONE', ( #461, #1429, #1318, #3503 ) ) ;
#4558 = ORIENTED_EDGE ( 'NONE', *, *, #863, .T. ) ;
#4559 = CARTESIAN_POINT ( 'NONE',  ( 21.50000000000000355, -20.49999999999999289, 9.000000000000001776 ) ) ;
#4560 = CARTESIAN_POINT ( 'NONE',  ( 0.3970017988162010680, -14.64052744876494572, 5.000000000000000888 ) ) ;
#4561 = CARTESIAN_POINT ( 'NONE',  ( 0.04201984716301995770, -14.51428896185825224, 4.000000000000000000 ) ) ;
#4562 = EDGE_CURVE ( 'NONE', #835, #466, #5507, .T. ) ;
#4563 = ORIENTED_EDGE ( 'NONE', *, *, #2444, .F. ) ;
#4564 = LINE ( 'NONE', #4102, #3306 ) ;
#4565 = ORIENTED_EDGE ( 'NONE', *, *, #6141, .T. ) ;
#4566 = EDGE_LOOP ( 'NONE', ( #5248, #5651, #374, #1745 ) ) ;
#4567 = VECTOR ( 'NONE', #3222, 1000.000000000000114 ) ;
#4568 = DIRECTION ( 'NONE',  ( 0.000000000000000000, -1.000000000000000000, 0.000000000000000000 ) ) ;
#4569 = CARTESIAN_POINT ( 'NONE',  ( -1.568235892687699806, -16.33322781619297714, 3.999999999999999112 ) ) ;
#4570 = CARTESIAN_POINT ( 'NONE',  ( -4.345293898227679641, -16.23779630668430229, 5.000000000000001776 ) ) ;
#4571 = AXIS2_PLACEMENT_3D ( 'NONE', #652, #1533, #4712 ) ;
#4572 = VECTOR ( 'NONE', #5652, 1000.000000000000000 ) ;
#4573 = CARTESIAN_POINT ( 'NONE',  ( -1.933388383669314869, -16.96777936960660682, 4.999999999999993783 ) ) ;
#4574 = LINE ( 'NONE', #54, #826 ) ;
#4575 = CARTESIAN_POINT ( 'NONE',  ( 22.09656497441888234, 18.98690900379348534, 2.500000000000000000 ) ) ;
#4576 = ORIENTED_EDGE ( 'NONE', *, *, #2717, .F. ) ;
#4577 = CARTESIAN_POINT ( 'NONE',  ( -5.210256410256410398, -16.32925082910378833, 4.000000000000000000 ) ) ;
#4578 = AXIS2_PLACEMENT_3D ( 'NONE', #2937, #372, #6429 ) ;
#4579 = EDGE_CURVE ( 'NONE', #2194, #2842, #2781, .T. ) ;
#4580 = AXIS2_PLACEMENT_3D ( 'NONE', #6428, #2777, #2905 ) ;
#4581 = CARTESIAN_POINT ( 'NONE',  ( -1.463520126352013673, -15.59651043888651678, 4.999999999999998224 ) ) ;
#4582 = ORIENTED_EDGE ( 'NONE', *, *, #4305, .F. ) ;
#4583 = EDGE_CURVE ( 'NONE', #1015, #3302, #4676, .T. ) ;
#4584 = DIRECTION ( 'NONE',  ( -0.000000000000000000, 1.000000000000000000, -0.000000000000000000 ) ) ;
#4585 = CARTESIAN_POINT ( 'NONE',  ( -1.119743358536410049, -17.67505503352701979, 5.000000000000000000 ) ) ;
#4586 = AXIS2_PLACEMENT_3D ( 'NONE', #1746, #3761, #6329 ) ;
#4587 = ORIENTED_EDGE ( 'NONE', *, *, #1185, .T. ) ;
#4588 = DIRECTION ( 'NONE',  ( -0.000000000000000000, -0.000000000000000000, -1.000000000000000000 ) ) ;
#4589 = DIRECTION ( 'NONE',  ( -0.000000000000000000, -0.000000000000000000, 1.000000000000000000 ) ) ;
#4590 = CARTESIAN_POINT ( 'NONE',  ( -1.251885865057675407, -14.63132709191673264, 5.000000000000000000 ) ) ;
#4591 = EDGE_CURVE ( 'NONE', #392, #1545, #5817, .T. ) ;
#4592 = ORIENTED_EDGE ( 'NONE', *, *, #1581, .T. ) ;
#4593 = AXIS2_PLACEMENT_3D ( 'NONE', #4519, #3513, #3415 ) ;
#4594 = LINE ( 'NONE', #135, #3248 ) ;
#4595 = CARTESIAN_POINT ( 'NONE',  ( -0.8049270185270077649, -15.06933163398801589, 3.999999999999999112 ) ) ;
#4596 = DIRECTION ( 'NONE',  ( 0.000000000000000000, 0.000000000000000000, 1.000000000000000000 ) ) ;
#4597 = CARTESIAN_POINT ( 'NONE',  ( -4.215675540487057837, -16.17204377113343838, 5.000000000000000888 ) ) ;
#4598 = CYLINDRICAL_SURFACE ( 'NONE', #3658, 1.000000000000000888 ) ;
#4599 = ORIENTED_EDGE ( 'NONE', *, *, #4385, .F. ) ;
#4600 = CARTESIAN_POINT ( 'NONE',  ( 7.000000000000003553, -8.208545504429656248, 10.00000000000000000 ) ) ;
#4601 = EDGE_LOOP ( 'NONE', ( #2546, #872, #1201, #2709 ) ) ;
#4602 = ORIENTED_EDGE ( 'NONE', *, *, #3484, .T. ) ;
#4603 = EDGE_LOOP ( 'NONE', ( #780, #4435, #4540, #273 ) ) ;
#4604 = CARTESIAN_POINT ( 'NONE',  ( -16.74999999999999645, 5.949455682166679971, 0.000000000000000000 ) ) ;
#4605 = DIRECTION ( 'NONE',  ( 0.000000000000000000, -1.000000000000000000, 0.000000000000000000 ) ) ;
#4606 = EDGE_CURVE ( 'NONE', #5589, #2121, #3803, .T. ) ;
#4607 = VECTOR ( 'NONE', #2832, 1000.000000000000114 ) ;
#4608 = CARTESIAN_POINT ( 'NONE',  ( -4.416506410256410220, -16.26437703102686783, 4.000000000000000000 ) ) ;
#4609 = EDGE_CURVE ( 'NONE', #5025, #446, #312, .T. ) ;
#4610 = CARTESIAN_POINT ( 'NONE',  ( -0.4388521634615394351, -17.79463544448841716, 4.999999999999992895 ) ) ;
#4611 = CARTESIAN_POINT ( 'NONE',  ( -2.156531675770218204, -16.14779317042628648, 4.000000000000000000 ) ) ;
#4612 = CARTESIAN_POINT ( 'NONE',  ( -24.83598345761040704, 20.75790299228751223, 0.000000000000000000 ) ) ;
#4613 = VERTEX_POINT ( 'NONE', #1327 ) ;
#4614 = CARTESIAN_POINT ( 'NONE',  ( -5.016271033653846523, -15.10809698294994519, 4.000000000000000000 ) ) ;
#4615 = EDGE_CURVE ( 'NONE', #4400, #1758, #5317, .T. ) ;
#4616 = AXIS2_PLACEMENT_3D ( 'NONE', #299, #5315, #2304 ) ;
#4617 = EDGE_CURVE ( 'NONE', #4669, #6354, #3278, .T. ) ;
#4618 = CARTESIAN_POINT ( 'NONE',  ( -1.584694498153548015, -15.99930617092241647, 5.000000000000000000 ) ) ;
#4619 = VERTEX_POINT ( 'NONE', #3740 ) ;
#4620 = DIRECTION ( 'NONE',  ( -0.000000000000000000, -0.000000000000000000, -1.000000000000000000 ) ) ;
#4621 = CARTESIAN_POINT ( 'NONE',  ( 4.355448717948715576, -14.53822518807815989, 4.000000000000000000 ) ) ;
#4622 = AXIS2_PLACEMENT_3D ( 'NONE', #2226, #1249, #5767 ) ;
#4623 = EDGE_LOOP ( 'NONE', ( #1906, #669, #3562, #2898 ) ) ;
#4624 = DIRECTION ( 'NONE',  ( 1.000000000000000000, 0.000000000000000000, 0.000000000000000000 ) ) ;
#4625 = DIRECTION ( 'NONE',  ( -1.000000000000000000, 0.000000000000000000, 0.000000000000000000 ) ) ;
#4626 = CARTESIAN_POINT ( 'NONE',  ( -16.74999999999999645, 5.949455682166679971, 5.000000000000000000 ) ) ;
#4627 = EDGE_LOOP ( 'NONE', ( #742, #1850, #989, #481 ) ) ;
#4628 = EDGE_CURVE ( 'NONE', #6488, #4941, #4741, .T. ) ;
#4629 = CIRCLE ( 'NONE', #3672, 1.749999999999998002 ) ;
#4630 = FACE_OUTER_BOUND ( 'NONE', #5514, .T. ) ;
#4631 = CARTESIAN_POINT ( 'NONE',  ( -22.53798701022630269, -13.49639116526635618, 9.000000000000001776 ) ) ;
#4632 = EDGE_CURVE ( 'NONE', #387, #1691, #1323, .T. ) ;
#4633 = CARTESIAN_POINT ( 'NONE',  ( 1.139171525026625886, -16.25528439861938423, 5.000000000000000888 ) ) ;
#4634 = LINE ( 'NONE', #4700, #3734 ) ;
#4635 = CARTESIAN_POINT ( 'NONE',  ( -0.4675222294235520937, -17.22381282794947310, 5.000000000000000000 ) ) ;
#4636 = ORIENTED_EDGE ( 'NONE', *, *, #184, .T. ) ;
#4637 = LINE ( 'NONE', #5719, #3091 ) ;
#4638 = VERTEX_POINT ( 'NONE', #2714 ) ;
#4639 = VERTEX_POINT ( 'NONE', #4313 ) ;
#4640 = ADVANCED_FACE ( 'NONE', ( #6308 ), #1786, .T. ) ;
#4641 = CARTESIAN_POINT ( 'NONE',  ( -4.427044191299727594, -15.58324274024666600, 4.000000000000000000 ) ) ;
#4642 = CARTESIAN_POINT ( 'NONE',  ( 2.279487179487178050, -17.71322518807815882, 4.000000000000000000 ) ) ;
#4643 = LINE ( 'NONE', #5166, #6453 ) ;
#4644 = CARTESIAN_POINT ( 'NONE',  ( -4.055789648018072846, -16.05017032030975699, 5.000000000000002665 ) ) ;
#4645 = FACE_OUTER_BOUND ( 'NONE', #3315, .T. ) ;
#4646 = CARTESIAN_POINT ( 'NONE',  ( -1.172468870887187320, -14.59480120161664907, 5.000000000000000888 ) ) ;
#4647 = DIRECTION ( 'NONE',  ( 0.000000000000000000, 0.000000000000000000, -1.000000000000000000 ) ) ;
#4648 = ORIENTED_EDGE ( 'NONE', *, *, #2330, .T. ) ;
#4649 = CARTESIAN_POINT ( 'NONE',  ( 2.279487179487178050, -14.53822518807815989, 4.000000000000000000 ) ) ;
#4650 = EDGE_CURVE ( 'NONE', #1022, #5323, #5362, .T. ) ;
#4651 = CARTESIAN_POINT ( 'NONE',  ( -0.005594862366429914115, -17.14803323146775682, 4.999999999999999112 ) ) ;
#4652 = ORIENTED_EDGE ( 'NONE', *, *, #4006, .T. ) ;
#4653 = DIRECTION ( 'NONE',  ( 0.000000000000000000, -0.000000000000000000, -1.000000000000000000 ) ) ;
#4654 = CARTESIAN_POINT ( 'NONE',  ( -1.414212917856179086, -17.52429352639051885, 4.999999999999998224 ) ) ;
#4655 = ORIENTED_EDGE ( 'NONE', *, *, #5800, .T. ) ;
#4656 = DIRECTION ( 'NONE',  ( -0.000000000000000000, -0.000000000000000000, -1.000000000000000000 ) ) ;
#4657 = DIRECTION ( 'NONE',  ( 0.000000000000000000, -0.000000000000000000, -1.000000000000000000 ) ) ;
#4658 = CARTESIAN_POINT ( 'NONE',  ( 6.433177425405322225, 2.791454495570343752, 10.00000000000000000 ) ) ;
#4659 = DIRECTION ( 'NONE',  ( 0.000000000000000000, -0.000000000000000000, -1.000000000000000000 ) ) ;
#4660 = ORIENTED_EDGE ( 'NONE', *, *, #4881, .F. ) ;
#4661 = ORIENTED_EDGE ( 'NONE', *, *, #3975, .T. ) ;
#4662 = CARTESIAN_POINT ( 'NONE',  ( 30.01888746451763268, 17.85109630944760184, 0.000000000000000000 ) ) ;
#4663 = EDGE_CURVE ( 'NONE', #301, #4770, #2249, .T. ) ;
#4664 = CARTESIAN_POINT ( 'NONE',  ( 0.3663248407502748827, -17.59733814628219051, 3.999999999999999112 ) ) ;
#4665 = LINE ( 'NONE', #3141, #5343 ) ;
#4666 = EDGE_LOOP ( 'NONE', ( #1265, #1380, #313, #1526 ) ) ;
#4667 = EDGE_CURVE ( 'NONE', #3473, #4046, #5937, .T. ) ;
#4668 = DIRECTION ( 'NONE',  ( 0.000000000000000000, 0.000000000000000000, -1.000000000000000000 ) ) ;
#4669 = VERTEX_POINT ( 'NONE', #4469 ) ;
#4670 = EDGE_CURVE ( 'NONE', #3262, #5328, #1984, .T. ) ;
#4671 = FACE_OUTER_BOUND ( 'NONE', #6492, .T. ) ;
#4672 = LINE ( 'NONE', #4175, #5632 ) ;
#4673 = CARTESIAN_POINT ( 'NONE',  ( -1.400214113048630971, -16.73089921575636296, 4.000000000000000888 ) ) ;
#4674 = DIRECTION ( 'NONE',  ( 0.000000000000000000, -0.000000000000000000, -1.000000000000000000 ) ) ;
#4675 = CARTESIAN_POINT ( 'NONE',  ( -27.74999999999998934, -21.50000000000000000, 0.000000000000000000 ) ) ;
#4676 = CIRCLE ( 'NONE', #1815, 1.000000000000004441 ) ;
#4677 = CARTESIAN_POINT ( 'NONE',  ( 16.75000000000000355, 5.949455682166684412, 5.000000000000000000 ) ) ;
#4678 = CYLINDRICAL_SURFACE ( 'NONE', #3403, 1.366822574594681150 ) ;
#4679 = ORIENTED_EDGE ( 'NONE', *, *, #3250, .F. ) ;
#4680 = CARTESIAN_POINT ( 'NONE',  ( -4.396153846153845635, -15.43246597333456016, 4.999999999999999112 ) ) ;
#4681 = CARTESIAN_POINT ( 'NONE',  ( -1.568922083063973627, -15.89239129758119873, 4.000000000000000000 ) ) ;
#4682 = CIRCLE ( 'NONE', #3829, 1.749999999999994671 ) ;
#4683 = DIRECTION ( 'NONE',  ( 0.4512830391435773136, -0.8923808708064826511, 0.000000000000000000 ) ) ;
#4684 = FACE_OUTER_BOUND ( 'NONE', #768, .T. ) ;
#4685 = EDGE_CURVE ( 'NONE', #2391, #2696, #1945, .T. ) ;
#4686 = FACE_OUTER_BOUND ( 'NONE', #1649, .T. ) ;
#4687 = AXIS2_PLACEMENT_3D ( 'NONE', #4604, #578, #5695 ) ;
#4688 = CIRCLE ( 'NONE', #2885, 3.257139434613112172 ) ;
#4689 = FACE_OUTER_BOUND ( 'NONE', #3729, .T. ) ;
#4690 = DIRECTION ( 'NONE',  ( 1.000000000000000000, 1.381677860973891772E-15, 0.000000000000000000 ) ) ;
#4691 = CARTESIAN_POINT ( 'NONE',  ( 23.36898548953929833, -20.32500000000001705, 0.000000000000000000 ) ) ;
#4692 = EDGE_LOOP ( 'NONE', ( #6442, #5465, #4339, #2244 ) ) ;
#4693 = ORIENTED_EDGE ( 'NONE', *, *, #4889, .T. ) ;
#4694 = EDGE_CURVE ( 'NONE', #5376, #556, #2492, .T. ) ;
#4695 = CIRCLE ( 'NONE', #1830, 1.750000000000001554 ) ;
#4696 = VECTOR ( 'NONE', #1261, 1000.000000000000000 ) ;
#4697 = DIRECTION ( 'NONE',  ( -0.000000000000000000, -0.000000000000000000, 1.000000000000000000 ) ) ;
#4698 = EDGE_CURVE ( 'NONE', #1878, #750, #5452, .T. ) ;
#4699 = CARTESIAN_POINT ( 'NONE',  ( -0.007416702385228093192, -17.74634512731025282, 5.000000000000001776 ) ) ;
#4700 = CARTESIAN_POINT ( 'NONE',  ( -14.99999999999999822, 5.949455682166679971, 0.000000000000000000 ) ) ;
#4701 = STYLED_ITEM ( 'NONE', ( #3825 ), #2602 ) ;
#4702 = ORIENTED_EDGE ( 'NONE', *, *, #4862, .T. ) ;
#4703 = EDGE_LOOP ( 'NONE', ( #3118, #1716, #5900, #2621 ) ) ;
#4704 = CARTESIAN_POINT ( 'NONE',  ( -0.8793447650014651895, -17.14494028521496816, 4.999999999999998224 ) ) ;
#4705 = ORIENTED_EDGE ( 'NONE', *, *, #1752, .T. ) ;
#4706 = LINE ( 'NONE', #4739, #4895 ) ;
#4707 = CARTESIAN_POINT ( 'NONE',  ( 15.00000000000000533, -5.772077938642122596, 0.000000000000000000 ) ) ;
#4708 = CARTESIAN_POINT ( 'NONE',  ( -0.7734404229705829081, -17.18096062898759513, 4.000000000000001776 ) ) ;
#4709 = DIRECTION ( 'NONE',  ( -0.000000000000000000, -0.000000000000000000, -1.000000000000000000 ) ) ;
#4710 = EDGE_CURVE ( 'NONE', #2850, #1640, #3937, .T. ) ;
#4711 = FACE_OUTER_BOUND ( 'NONE', #4009, .T. ) ;
#4712 = DIRECTION ( 'NONE',  ( -1.000000000000000000, 0.000000000000000000, 0.000000000000000000 ) ) ;
#4713 = ORIENTED_EDGE ( 'NONE', *, *, #5348, .T. ) ;
#4714 = DIRECTION ( 'NONE',  ( 1.000000000000000000, 0.000000000000000000, 0.000000000000000000 ) ) ;
#4715 = AXIS2_PLACEMENT_3D ( 'NONE', #3365, #3270, #6394 ) ;
#4716 = CARTESIAN_POINT ( 'NONE',  ( -1.584694498153548015, -15.99930617092241647, 4.000000000000000888 ) ) ;
#4717 = CARTESIAN_POINT ( 'NONE',  ( -29.40201658111266880, 15.45433384453641246, 9.000000000000001776 ) ) ;
#4718 = CARTESIAN_POINT ( 'NONE',  ( -22.26058151680846819, 15.72900601150596600, 2.500000000000000000 ) ) ;
#4719 = DIRECTION ( 'NONE',  ( 0.000000000000000000, 0.000000000000000000, -1.000000000000000000 ) ) ;
#4720 = CIRCLE ( 'NONE', #5137, 1.500000000000001332 ) ;
#4721 = PLANE ( 'NONE',  #5847 ) ;
#4722 = CARTESIAN_POINT ( 'NONE',  ( -8.799999999999998934, 2.791454495570343752, 10.00000000000000000 ) ) ;
#4723 = DIRECTION ( 'NONE',  ( 0.4558233523543239185, 0.8900702620852276592, -0.000000000000000000 ) ) ;
#4724 = EDGE_LOOP ( 'NONE', ( #4408, #1232, #1903, #175 ) ) ;
#4725 = VERTEX_POINT ( 'NONE', #3373 ) ;
#4726 = LINE ( 'NONE', #2102, #5358 ) ;
#4727 = VECTOR ( 'NONE', #926, 1000.000000000000000 ) ;
#4728 = LINE ( 'NONE', #4129, #2067 ) ;
#4729 = AXIS2_PLACEMENT_3D ( 'NONE', #384, #3480, #1957 ) ;
#4730 = CARTESIAN_POINT ( 'NONE',  ( 1.019158458657892563, -16.82853070065727152, 5.000000000000000888 ) ) ;
#4731 = EDGE_CURVE ( 'NONE', #1546, #1289, #2435, .T. ) ;
#4732 = DIRECTION ( 'NONE',  ( 0.000000000000000000, -1.000000000000000000, 9.484162102888076320E-13 ) ) ;
#4733 = AXIS2_PLACEMENT_3D ( 'NONE', #757, #5768, #5336 ) ;
#4734 = CIRCLE ( 'NONE', #830, 1.000000000000000888 ) ;
#4735 = EDGE_CURVE ( 'NONE', #5189, #1546, #4682, .T. ) ;
#4736 = VERTEX_POINT ( 'NONE', #4440 ) ;
#4737 = DIRECTION ( 'NONE',  ( 0.5085404518589196066, 0.8610380995189038655, 0.000000000000000000 ) ) ;
#4738 = EDGE_LOOP ( 'NONE', ( #4762, #6087 ) ) ;
#4739 = CARTESIAN_POINT ( 'NONE',  ( -6.999999999999998224, -6.208545504429656248, 10.00000000000000000 ) ) ;
#4740 = FACE_OUTER_BOUND ( 'NONE', #3900, .T. ) ;
#4741 = LINE ( 'NONE', #4837, #3510 ) ;
#4742 = CARTESIAN_POINT ( 'NONE',  ( -5.999999999999997335, -6.208545504429656248, 5.000000000000000000 ) ) ;
#4743 = LINE ( 'NONE', #4281, #2362 ) ;
#4744 = ORIENTED_EDGE ( 'NONE', *, *, #3372, .T. ) ;
#4745 = CARTESIAN_POINT ( 'NONE',  ( -0.2064802702917326593, -15.05100548843820896, 4.999999999999998224 ) ) ;
#4746 = LINE ( 'NONE', #3286, #2551 ) ;
#4747 = EDGE_CURVE ( 'NONE', #5880, #6432, #942, .T. ) ;
#4748 = DIRECTION ( 'NONE',  ( -1.000000000000000000, 0.000000000000000000, 0.000000000000000000 ) ) ;
#4749 = LINE ( 'NONE', #5335, #6502 ) ;
#4750 = EDGE_CURVE ( 'NONE', #5713, #4372, #1849, .T. ) ;
#4751 = CARTESIAN_POINT ( 'NONE',  ( -2.070894298496636754, -16.66061478450120603, 4.999999999999993783 ) ) ;
#4752 = DIRECTION ( 'NONE',  ( -0.8610380995189045317, 0.5085404518589184963, -0.000000000000000000 ) ) ;
#4753 = CARTESIAN_POINT ( 'NONE',  ( -25.16401654238957875, 14.24209700771249132, 0.000000000000000000 ) ) ;
#4754 = DIRECTION ( 'NONE',  ( -0.000000000000000000, 0.000000000000000000, 1.000000000000000000 ) ) ;
#4755 = ORIENTED_EDGE ( 'NONE', *, *, #5149, .F. ) ;
#4756 = DIRECTION ( 'NONE',  ( -0.000000000000000000, -0.000000000000000000, -1.000000000000000000 ) ) ;
#4757 = LINE ( 'NONE', #234, #927 ) ;
#4758 = ORIENTED_EDGE ( 'NONE', *, *, #896, .T. ) ;
#4759 = CARTESIAN_POINT ( 'NONE',  ( -0.4388521634615394351, -17.79463544448841716, 5.000000000000000888 ) ) ;
#4760 = CYLINDRICAL_SURFACE ( 'NONE', #74, 1.749999999999998002 ) ;
#4761 = ORIENTED_EDGE ( 'NONE', *, *, #496, .F. ) ;
#4762 = ORIENTED_EDGE ( 'NONE', *, *, #3001, .F. ) ;
#4763 = CARTESIAN_POINT ( 'NONE',  ( -0.9812202862356684818, -17.10007694947923795, 5.000000000000003553 ) ) ;
#4764 = ORIENTED_EDGE ( 'NONE', *, *, #3750, .F. ) ;
#4765 = EDGE_LOOP ( 'NONE', ( #5160, #5613 ) ) ;
#4766 = ADVANCED_FACE ( 'NONE', ( #5392 ), #3906, .F. ) ;
#4767 = CARTESIAN_POINT ( 'NONE',  ( -22.49999999999999289, -20.50000000000000000, 5.000000000000000000 ) ) ;
#4768 = FACE_OUTER_BOUND ( 'NONE', #5791, .T. ) ;
#4769 = CARTESIAN_POINT ( 'NONE',  ( 0.1105153617737233834, -17.08736688799039172, 5.000000000000000888 ) ) ;
#4770 = VERTEX_POINT ( 'NONE', #5691 ) ;
#4771 = DIRECTION ( 'NONE',  ( 0.5000000000000004441, -0.8660254037844383745, 0.000000000000000000 ) ) ;
#4772 = CARTESIAN_POINT ( 'NONE',  ( -4.402855671620519828, -15.51354412638552027, 5.000000000000000000 ) ) ;
#4773 = ORIENTED_EDGE ( 'NONE', *, *, #1219, .T. ) ;
#4774 = CARTESIAN_POINT ( 'NONE',  ( 0.3828798071373376577, -15.35474784654162583, 4.000000000000000000 ) ) ;
#4775 = CARTESIAN_POINT ( 'NONE',  ( 23.49999999999999645, 17.50000000000000000, 2.500000000000000000 ) ) ;
#4776 = EDGE_CURVE ( 'NONE', #3436, #1758, #1063, .T. ) ;
#4777 = DIRECTION ( 'NONE',  ( 1.000000000000000000, 1.734723475976799403E-15, 0.000000000000000000 ) ) ;
#4778 = CARTESIAN_POINT ( 'NONE',  ( -28.51207079035955516, 16.96115051869449175, 9.000000000000001776 ) ) ;
#4779 = ORIENTED_EDGE ( 'NONE', *, *, #2525, .T. ) ;
#4780 = CARTESIAN_POINT ( 'NONE',  ( -2.154024959294543518, -15.95574390214069282, 4.000000000000000000 ) ) ;
#4781 = DIRECTION ( 'NONE',  ( 0.000000000000000000, 0.000000000000000000, 1.000000000000000000 ) ) ;
#4782 = EDGE_LOOP ( 'NONE', ( #4914, #5906, #5587, #2421 ) ) ;
#4783 = DIRECTION ( 'NONE',  ( -1.000000000000000000, 0.000000000000000000, 0.000000000000000000 ) ) ;
#4784 = CIRCLE ( 'NONE', #3938, 5.000000000000000888 ) ;
#4785 = CARTESIAN_POINT ( 'NONE',  ( 11.16682257459468453, 2.791454495570343752, 10.00000000000000000 ) ) ;
#4786 = EDGE_CURVE ( 'NONE', #4054, #4770, #2075, .T. ) ;
#4787 = ORIENTED_EDGE ( 'NONE', *, *, #909, .F. ) ;
#4788 = CARTESIAN_POINT ( 'NONE',  ( 0.2733273964590465788, -15.26745236530108585, 5.000000000000000000 ) ) ;
#4789 = CARTESIAN_POINT ( 'NONE',  ( -5.999999999999997335, -5.208545504429655360, 10.00000000000000000 ) ) ;
#4790 = AXIS2_PLACEMENT_3D ( 'NONE', #6479, #1959, #981 ) ;
#4791 = CIRCLE ( 'NONE', #1408, 5.000000000000000888 ) ;
#4792 = ORIENTED_EDGE ( 'NONE', *, *, #2178, .T. ) ;
#4793 = EDGE_CURVE ( 'NONE', #1610, #2391, #14, .T. ) ;
#4794 = CARTESIAN_POINT ( 'NONE',  ( -16.46446609406725514, -9.307611844574859461, 0.000000000000000000 ) ) ;
#4795 = CARTESIAN_POINT ( 'NONE',  ( 0.4300287121940193358, -16.72557555394894280, 3.999999999999999112 ) ) ;
#4796 = ORIENTED_EDGE ( 'NONE', *, *, #2000, .T. ) ;
#4797 = AXIS2_PLACEMENT_3D ( 'NONE', #339, #2466, #4502 ) ;
#4798 = VERTEX_POINT ( 'NONE', #1134 ) ;
#4799 = CARTESIAN_POINT ( 'NONE',  ( -1.077298729060606419, -17.04342901149511746, 5.000000000000000000 ) ) ;
#4800 = AXIS2_PLACEMENT_3D ( 'NONE', #1911, #4893, #3801 ) ;
#4801 = ORIENTED_EDGE ( 'NONE', *, *, #516, .F. ) ;
#4802 = CIRCLE ( 'NONE', #1316, 1.999999999999987121 ) ;
#4803 = CARTESIAN_POINT ( 'NONE',  ( 7.000000000000003553, -10.20854550442964381, 5.000000000000000000 ) ) ;
#4804 = LINE ( 'NONE', #2186, #6045 ) ;
#4805 = CARTESIAN_POINT ( 'NONE',  ( -24.88156655863841848, 12.78449647227708397, 9.000000000000001776 ) ) ;
#4806 = ORIENTED_EDGE ( 'NONE', *, *, #4020, .T. ) ;
#4807 = DIRECTION ( 'NONE',  ( 7.709882115452478166E-16, 1.000000000000000000, 0.000000000000000000 ) ) ;
#4808 = ORIENTED_EDGE ( 'NONE', *, *, #5624, .F. ) ;
#4809 = CARTESIAN_POINT ( 'NONE',  ( -4.396153846153846523, -15.43246597333456194, 5.000000000000000888 ) ) ;
#4810 = ORIENTED_EDGE ( 'NONE', *, *, #1352, .T. ) ;
#4811 = CARTESIAN_POINT ( 'NONE',  ( 0.2733273964590465788, -15.26745236530108585, 5.000000000000000000 ) ) ;
#4812 = EDGE_CURVE ( 'NONE', #4983, #3436, #4791, .T. ) ;
#4813 = CARTESIAN_POINT ( 'NONE',  ( 4.925320512820510643, -17.71322518807815882, 4.000000000000000000 ) ) ;
#4814 = EDGE_CURVE ( 'NONE', #4955, #5855, #5585, .T. ) ;
#4815 = DIRECTION ( 'NONE',  ( 1.000000000000000000, 0.000000000000000000, -0.000000000000000000 ) ) ;
#4816 = DIRECTION ( 'NONE',  ( -1.000000000000000000, 0.000000000000000000, 0.000000000000000000 ) ) ;
#4817 = DIRECTION ( 'NONE',  ( 1.000000000000000000, 0.000000000000000000, 0.000000000000000000 ) ) ;
#4818 = CARTESIAN_POINT ( 'NONE',  ( 0.2733273964590465788, -15.26745236530108585, 4.000000000000000000 ) ) ;
#4819 = DIRECTION ( 'NONE',  ( -0.000000000000000000, 0.000000000000000000, -1.000000000000000000 ) ) ;
#4820 = FACE_BOUND ( 'NONE', #1579, .T. ) ;
#4821 = ORIENTED_EDGE ( 'NONE', *, *, #5208, .T. ) ;
#4822 = DIRECTION ( 'NONE',  ( -1.000000000000000000, 0.000000000000000000, 0.000000000000000000 ) ) ;
#4823 = AXIS2_PLACEMENT_3D ( 'NONE', #4291, #2300, #6322 ) ;
#4824 = DIRECTION ( 'NONE',  ( -0.000000000000000000, -0.000000000000000000, 1.000000000000000000 ) ) ;
#4825 = VECTOR ( 'NONE', #1446, 1000.000000000000000 ) ;
#4826 = ORIENTED_EDGE ( 'NONE', *, *, #1660, .T. ) ;
#4827 = DIRECTION ( 'NONE',  ( 1.000000000000000000, 0.000000000000000000, 0.000000000000000000 ) ) ;
#4828 = CARTESIAN_POINT ( 'NONE',  ( -0.2749293940584462415, -17.21656230410016519, 4.000000000000000000 ) ) ;
#4829 = ORIENTED_EDGE ( 'NONE', *, *, #3399, .T. ) ;
#4830 = CIRCLE ( 'NONE', #5670, 1.000000000000000000 ) ;
#4831 = VERTEX_POINT ( 'NONE', #6136 ) ;
#4832 = EDGE_CURVE ( 'NONE', #1970, #1610, #2144, .T. ) ;
#4833 = VECTOR ( 'NONE', #6193, 1000.000000000000000 ) ;
#4834 = CARTESIAN_POINT ( 'NONE',  ( 0.7703133336098925144, -14.90025846607622917, 5.000000000000000000 ) ) ;
#4835 = LINE ( 'NONE', #3304, #1415 ) ;
#4836 = DIRECTION ( 'NONE',  ( 0.000000000000000000, 1.000000000000000000, 0.000000000000000000 ) ) ;
#4837 = CARTESIAN_POINT ( 'NONE',  ( -27.90343502558110700, 16.01309099620652532, 2.500000000000000000 ) ) ;
#4838 = ORIENTED_EDGE ( 'NONE', *, *, #2717, .T. ) ;
#4839 = CIRCLE ( 'NONE', #2498, 1.750000000000001554 ) ;
#4840 = LINE ( 'NONE', #1726, #4405 ) ;
#4841 = CARTESIAN_POINT ( 'NONE',  ( -4.754285971661861510, -14.54998608670966931, 4.999999999999997335 ) ) ;
#4842 = FACE_OUTER_BOUND ( 'NONE', #5550, .T. ) ;
#4843 = PRODUCT_DEFINITION_CONTEXT ( 'detailed design', #6447, 'design' ) ;
#4844 = DIRECTION ( 'NONE',  ( 0.000000000000000000, 0.000000000000000000, 1.000000000000000000 ) ) ;
#4845 = CARTESIAN_POINT ( 'NONE',  ( -4.652207563430163617, -14.56002473291711929, 3.999999999999998224 ) ) ;
#4846 = DIRECTION ( 'NONE',  ( -0.8660254037844378194, 0.5000000000000016653, 0.000000000000000000 ) ) ;
#4847 = EDGE_CURVE ( 'NONE', #4917, #4498, #1555, .T. ) ;
#4848 = CARTESIAN_POINT ( 'NONE',  ( 13.16682257459468453, 2.791454495570344196, 10.00000000000000000 ) ) ;
#4849 = LINE ( 'NONE', #4353, #1423 ) ;
#4850 = ORIENTED_EDGE ( 'NONE', *, *, #3281, .T. ) ;
#4851 = CARTESIAN_POINT ( 'NONE',  ( -6.999999999999997335, -8.208545504429656248, 10.00000000000000000 ) ) ;
#4852 = DIRECTION ( 'NONE',  ( -1.000000000000000000, 0.000000000000000000, 0.000000000000000000 ) ) ;
#4853 = ORIENTED_EDGE ( 'NONE', *, *, #4881, .T. ) ;
#4854 = CARTESIAN_POINT ( 'NONE',  ( 21.32178339562597813, 18.81176316890941536, 5.000000000000000000 ) ) ;
#4855 = DIRECTION ( 'NONE',  ( -1.000000000000000000, 0.000000000000000000, 0.000000000000000000 ) ) ;
#4856 = ORIENTED_EDGE ( 'NONE', *, *, #4606, .F. ) ;
#4857 = DIRECTION ( 'NONE',  ( 0.000000000000000000, -1.000000000000000000, 0.000000000000000000 ) ) ;
#4858 = ORIENTED_EDGE ( 'NONE', *, *, #380, .T. ) ;
#4859 = ORIENTED_EDGE ( 'NONE', *, *, #550, .F. ) ;
#4860 = CARTESIAN_POINT ( 'NONE',  ( 0.3199168669871786386, -14.60691509192431425, 4.000000000000000000 ) ) ;
#4861 = CYLINDRICAL_SURFACE ( 'NONE', #158, 1.000000000000004441 ) ;
#4862 = EDGE_CURVE ( 'NONE', #1283, #6207, #1523, .T. ) ;
#4863 = PLANE ( 'NONE',  #150 ) ;
#4864 = CARTESIAN_POINT ( 'NONE',  ( 0.4636568509615375810, -16.65489185474482525, 5.000000000000000000 ) ) ;
#4865 = EDGE_CURVE ( 'NONE', #1356, #2516, #2009, .T. ) ;
#4866 = ORIENTED_EDGE ( 'NONE', *, *, #1624, .F. ) ;
#4867 = LINE ( 'NONE', #3401, #820 ) ;
#4868 = ORIENTED_EDGE ( 'NONE', *, *, #971, .F. ) ;
#4869 = EDGE_CURVE ( 'NONE', #2057, #2194, #4564, .T. ) ;
#4870 = CARTESIAN_POINT ( 'NONE',  ( -4.404386434994036037, -14.60690757761560121, 4.000000000000000000 ) ) ;
#4871 = CARTESIAN_POINT ( 'NONE',  ( 0.4840094150641017223, -15.45599862557816273, 4.000000000000000888 ) ) ;
#4872 = CARTESIAN_POINT ( 'NONE',  ( -4.396153846153846523, -15.43246597333456194, 5.000000000000000888 ) ) ;
#4873 = CARTESIAN_POINT ( 'NONE',  ( -3.845088002972242069, -15.23314660543094057, 3.999999999999999112 ) ) ;
#4874 = LINE ( 'NONE', #225, #2823 ) ;
#4875 = CARTESIAN_POINT ( 'NONE',  ( -2.126810159812754009, -16.44571100181040535, 4.999999999999995559 ) ) ;
#4876 = FACE_OUTER_BOUND ( 'NONE', #6176, .T. ) ;
#4877 = CARTESIAN_POINT ( 'NONE',  ( 15.00000000000000711, 5.949455682166683523, 5.000000000000000000 ) ) ;
#4878 = CARTESIAN_POINT ( 'NONE',  ( 8.000000000000001776, -6.208545504429656248, 10.00000000000000000 ) ) ;
#4879 = VERTEX_POINT ( 'NONE', #2042 ) ;
#4880 = CARTESIAN_POINT ( 'NONE',  ( -0.5296705452097960620, 8.500000000000000000, 5.000000000000000000 ) ) ;
#4881 = EDGE_CURVE ( 'NONE', #2182, #6333, #2344, .T. ) ;
#4882 = CARTESIAN_POINT ( 'NONE',  ( 8.000000000000003553, -8.208545504429656248, 10.00000000000000000 ) ) ;
#4883 = ORIENTED_EDGE ( 'NONE', *, *, #5345, .F. ) ;
#4884 = VECTOR ( 'NONE', #4425, 1000.000000000000227 ) ;
#4885 = DIRECTION ( 'NONE',  ( 0.000000000000000000, 0.000000000000000000, -1.000000000000000000 ) ) ;
#4886 = ADVANCED_FACE ( 'NONE', ( #5614, #5549 ), #3039, .T. ) ;
#4887 = VERTEX_POINT ( 'NONE', #5190 ) ;
#4888 = ORIENTED_EDGE ( 'NONE', *, *, #3217, .T. ) ;
#4889 = EDGE_CURVE ( 'NONE', #4798, #3644, #4033, .T. ) ;
#4890 = CIRCLE ( 'NONE', #2778, 1.000000000000000888 ) ;
#4891 = VECTOR ( 'NONE', #1690, 1000.000000000000000 ) ;
#4892 = CARTESIAN_POINT ( 'NONE',  ( 0.4721864381732719385, -14.68175389858883761, 4.999999999999998224 ) ) ;
#4893 = DIRECTION ( 'NONE',  ( 0.000000000000000000, 0.000000000000000000, 1.000000000000000000 ) ) ;
#4894 = VECTOR ( 'NONE', #17, 1000.000000000000000 ) ;
#4895 = VECTOR ( 'NONE', #1692, 1000.000000000000000 ) ;
#4896 = CARTESIAN_POINT ( 'NONE',  ( 6.065064102564100779, -14.53822518807815989, 5.000000000000000000 ) ) ;
#4897 = CARTESIAN_POINT ( 'NONE',  ( 1.139171525026625886, -16.25528439861938423, 5.000000000000000000 ) ) ;
#4898 = EDGE_LOOP ( 'NONE', ( #4821, #189, #5509, #2461 ) ) ;
#4899 = CARTESIAN_POINT ( 'NONE',  ( -0.4388521634615394351, -17.79463544448841716, 4.000000000000000000 ) ) ;
#4900 = VECTOR ( 'NONE', #5476, 1000.000000000000000 ) ;
#4901 = ORIENTED_EDGE ( 'NONE', *, *, #5824, .T. ) ;
#4902 = CARTESIAN_POINT ( 'NONE',  ( -3.966727154109230380, -14.93561736206180868, 4.999999999999994671 ) ) ;
#4903 = CARTESIAN_POINT ( 'NONE',  ( -23.49999999999999645, 17.50000000000000000, 9.000000000000001776 ) ) ;
#4904 = AXIS2_PLACEMENT_3D ( 'NONE', #2018, #6441, #5467 ) ;
#4905 = CARTESIAN_POINT ( 'NONE',  ( -1.587500000000001021, -16.10918872974482596, 5.000000000000000000 ) ) ;
#4906 = CARTESIAN_POINT ( 'NONE',  ( 7.000000000000003553, -4.208545504429669570, 5.000000000000000000 ) ) ;
#4907 = EDGE_CURVE ( 'NONE', #4531, #1427, #4171, .T. ) ;
#4908 = CARTESIAN_POINT ( 'NONE',  ( -1.090818994479551218, -14.56205269406144787, 3.999999999999999112 ) ) ;
#4909 = DIRECTION ( 'NONE',  ( 0.000000000000000000, -0.000000000000000000, 1.000000000000000000 ) ) ;
#4910 = FACE_OUTER_BOUND ( 'NONE', #825, .T. ) ;
#4911 = ORIENTED_EDGE ( 'NONE', *, *, #4006, .F. ) ;
#4912 = DIRECTION ( 'NONE',  ( -0.5000000000000004441, 0.8660254037844383745, 0.000000000000000000 ) ) ;
#4913 = LINE ( 'NONE', #5312, #673 ) ;
#4914 = ORIENTED_EDGE ( 'NONE', *, *, #6089, .F. ) ;
#4915 = CARTESIAN_POINT ( 'NONE',  ( -4.988286258012820440, -15.75937903423199593, 4.999999999999992895 ) ) ;
#4916 = FACE_OUTER_BOUND ( 'NONE', #3863, .T. ) ;
#4917 = VERTEX_POINT ( 'NONE', #6173 ) ;
#4918 = CARTESIAN_POINT ( 'NONE',  ( -23.18380419571102991, 13.69266036901629313, 9.000000000000001776 ) ) ;
#4919 = DIRECTION ( 'NONE',  ( -1.000000000000000000, 0.000000000000000000, 0.000000000000000000 ) ) ;
#4920 = VERTEX_POINT ( 'NONE', #3177 ) ;
#4921 = VECTOR ( 'NONE', #5443, 1000.000000000000000 ) ;
#4922 = ORIENTED_EDGE ( 'NONE', *, *, #2337, .T. ) ;
#4923 = EDGE_CURVE ( 'NONE', #2093, #5795, #1655, .T. ) ;
#4924 = CARTESIAN_POINT ( 'NONE',  ( 23.36898548953931609, -14.67500000000000782, 0.000000000000000000 ) ) ;
#4925 = DIRECTION ( 'NONE',  ( -1.000000000000000000, 0.000000000000000000, 0.000000000000000000 ) ) ;
#4926 = EDGE_CURVE ( 'NONE', #232, #3668, #5121, .T. ) ;
#4927 = AXIS2_PLACEMENT_3D ( 'NONE', #1711, #3694, #205 ) ;
#4928 = LINE ( 'NONE', #409, #783 ) ;
#4929 = CARTESIAN_POINT ( 'NONE',  ( -0.1100613420491561578, -17.76800768237140105, 5.000000000000000000 ) ) ;
#4930 = VERTEX_POINT ( 'NONE', #605 ) ;
#4931 = LINE ( 'NONE', #2528, #6391 ) ;
#4932 = VECTOR ( 'NONE', #4053, 1000.000000000000000 ) ;
#4933 = CARTESIAN_POINT ( 'NONE',  ( -3.834615409452885704, -15.29991906260031698, 4.999999999999997335 ) ) ;
#4934 = FACE_OUTER_BOUND ( 'NONE', #4197, .T. ) ;
#4935 = VECTOR ( 'NONE', #4325, 1000.000000000000000 ) ;
#4936 = DIRECTION ( 'NONE',  ( 7.709882115452478166E-16, -1.000000000000000000, 0.000000000000000000 ) ) ;
#4937 = VECTOR ( 'NONE', #4620, 1000.000000000000000 ) ;
#4938 = DIRECTION ( 'NONE',  ( 1.000000000000000000, 0.000000000000000000, 0.000000000000000000 ) ) ;
#4939 = CARTESIAN_POINT ( 'NONE',  ( 24.99999999999999645, -17.50000000000000000, 9.000000000000001776 ) ) ;
#4940 = DIRECTION ( 'NONE',  ( -0.000000000000000000, -0.000000000000000000, 1.000000000000000000 ) ) ;
#4941 = VERTEX_POINT ( 'NONE', #2608 ) ;
#4942 = PLANE ( 'NONE',  #4593 ) ;
#4943 = ORIENTED_EDGE ( 'NONE', *, *, #5948, .F. ) ;
#4944 = CARTESIAN_POINT ( 'NONE',  ( -4.734038591572304888, -15.12121523040714521, 4.000000000000002665 ) ) ;
#4945 = EDGE_CURVE ( 'NONE', #6432, #1015, #4637, .T. ) ;
#4946 = CARTESIAN_POINT ( 'NONE',  ( -1.185910729648386841, -15.26743809971057431, 5.000000000000000000 ) ) ;
#4947 = ORIENTED_EDGE ( 'NONE', *, *, #5775, .T. ) ;
#4948 = ADVANCED_FACE ( 'NONE', ( #3768 ), #239, .T. ) ;
#4949 = CARTESIAN_POINT ( 'NONE',  ( -4.988286258012820440, -15.75937903423199593, 4.000000000000000000 ) ) ;
#4950 = LINE ( 'NONE', #3489, #1764 ) ;
#4951 = ORIENTED_EDGE ( 'NONE', *, *, #5373, .T. ) ;
#4952 = CARTESIAN_POINT ( 'NONE',  ( -24.99999999999999645, 17.50000000000000000, 9.000000000000001776 ) ) ;
#4953 = CARTESIAN_POINT ( 'NONE',  ( -1.545691788893651220, -14.82263217056909177, 3.999999999999999112 ) ) ;
#4954 = ORIENTED_EDGE ( 'NONE', *, *, #2430, .T. ) ;
#4955 = VERTEX_POINT ( 'NONE', #5786 ) ;
#4956 = DIRECTION ( 'NONE',  ( -0.000000000000000000, -0.000000000000000000, 1.000000000000000000 ) ) ;
#4957 = DIRECTION ( 'NONE',  ( 0.7071067811865432429, 0.000000000000000000, -0.7071067811865517916 ) ) ;
#4958 = CARTESIAN_POINT ( 'NONE',  ( 3.378525641025639903, -17.71322518807815882, 5.000000000000000000 ) ) ;
#4959 = ORIENTED_EDGE ( 'NONE', *, *, #627, .F. ) ;
#4960 = DIRECTION ( 'NONE',  ( 0.000000000000000000, 1.000000000000000000, 0.000000000000000000 ) ) ;
#4961 = ORIENTED_EDGE ( 'NONE', *, *, #4562, .T. ) ;
#4962 = EDGE_CURVE ( 'NONE', #5742, #5961, #769, .T. ) ;
#4963 = ORIENTED_EDGE ( 'NONE', *, *, #6487, .T. ) ;
#4964 = DIRECTION ( 'NONE',  ( -0.8610380995189043096, -0.5085404518589188294, 0.000000000000000000 ) ) ;
#4965 = CARTESIAN_POINT ( 'NONE',  ( -0.6624330859149232253, -17.20635806257904221, 5.000000000000000888 ) ) ;
#4966 = CARTESIAN_POINT ( 'NONE',  ( 29.50000000000000711, -19.74999999999999289, 5.000000000000000000 ) ) ;
#4967 = CARTESIAN_POINT ( 'NONE',  ( 24.99999999999999645, -17.50000000000000000, 2.500000000000000000 ) ) ;
#4968 = CARTESIAN_POINT ( 'NONE',  ( -23.36898548953931609, -14.67500000000000782, 2.500000000000000000 ) ) ;
#4969 = CARTESIAN_POINT ( 'NONE',  ( -3.845458413855898705, -15.65526029447563516, 4.000000000000000888 ) ) ;
#4970 = CARTESIAN_POINT ( 'NONE',  ( 0.2897196025698228761, -14.59492753222951578, 5.000000000000000000 ) ) ;
#4971 = ORIENTED_EDGE ( 'NONE', *, *, #851, .F. ) ;
#4972 = CARTESIAN_POINT ( 'NONE',  ( -4.396153846153846523, -15.43246597333456194, 4.000000000000000888 ) ) ;
#4973 = CARTESIAN_POINT ( 'NONE',  ( 26.22363875699441493, 20.83582196652956142, 5.000000000000000000 ) ) ;
#4974 = VERTEX_POINT ( 'NONE', #210 ) ;
#4975 = CARTESIAN_POINT ( 'NONE',  ( -4.705277850584707267, -15.74096866693937358, 3.999999999999998224 ) ) ;
#4976 = DIRECTION ( 'NONE',  ( -1.000000000000000000, 0.000000000000000000, 0.000000000000000000 ) ) ;
#4977 = ORIENTED_EDGE ( 'NONE', *, *, #1521, .F. ) ;
#4978 = EDGE_CURVE ( 'NONE', #4421, #387, #5959, .T. ) ;
#4979 = EDGE_CURVE ( 'NONE', #6457, #5508, #4042, .T. ) ;
#4980 = DIRECTION ( 'NONE',  ( -0.000000000000000000, -0.000000000000000000, 1.000000000000000000 ) ) ;
#4981 = CARTESIAN_POINT ( 'NONE',  ( -0.7406686922125101935, -14.47557800615342494, 4.000000000000000888 ) ) ;
#4982 = ORIENTED_EDGE ( 'NONE', *, *, #2585, .F. ) ;
#4983 = VERTEX_POINT ( 'NONE', #2241 ) ;
#4984 = EDGE_CURVE ( 'NONE', #5380, #2012, #4270, .T. ) ;
#4985 = CARTESIAN_POINT ( 'NONE',  ( 0.4721864381732719385, -14.68175389858883761, 4.999999999999998224 ) ) ;
#4986 = CARTESIAN_POINT ( 'NONE',  ( -15.86005420924688991, 7.456272356324761041, 5.000000000000000000 ) ) ;
#4987 = FACE_OUTER_BOUND ( 'NONE', #324, .T. ) ;
#4988 = ORIENTED_EDGE ( 'NONE', *, *, #2513, .T. ) ;
#4989 = CARTESIAN_POINT ( 'NONE',  ( -2.156246695998924157, -16.05802770467386154, 4.000000000000000000 ) ) ;
#4990 = AXIS2_PLACEMENT_3D ( 'NONE', #2047, #6079, #3074 ) ;
#4991 = ORIENTED_EDGE ( 'NONE', *, *, #3833, .T. ) ;
#4992 = EDGE_LOOP ( 'NONE', ( #1659, #5845, #6310, #5487 ) ) ;
#4993 = VECTOR ( 'NONE', #4964, 1000.000000000000114 ) ;
#4994 = AXIS2_PLACEMENT_3D ( 'NONE', #4242, #3837, #5851 ) ;
#4995 = CARTESIAN_POINT ( 'NONE',  ( -3.860145966736817424, -15.16856007411823448, 4.000000000000000000 ) ) ;
#4996 = FACE_OUTER_BOUND ( 'NONE', #4703, .T. ) ;
#4997 = DIRECTION ( 'NONE',  ( 1.000000000000000000, 0.000000000000000000, 0.000000000000000000 ) ) ;
#4998 = AXIS2_PLACEMENT_3D ( 'NONE', #2230, #4723, #5513 ) ;
#4999 = VECTOR ( 'NONE', #5939, 1000.000000000000227 ) ;
#5000 = LINE ( 'NONE', #1955, #833 ) ;
#5001 = CARTESIAN_POINT ( 'NONE',  ( -1.613132359156618234, -14.88155069895832305, 4.000000000000000888 ) ) ;
#5002 = EDGE_CURVE ( 'NONE', #3018, #5668, #3699, .T. ) ;
#5003 = CARTESIAN_POINT ( 'NONE',  ( 9.521751581256404862, -21.49999999999999645, 5.000000000000000000 ) ) ;
#5004 = AXIS2_PLACEMENT_3D ( 'NONE', #2426, #3491, #4528 ) ;
#5005 = CARTESIAN_POINT ( 'NONE',  ( 3.378525641025639903, -15.75937903423200659, 4.000000000000000000 ) ) ;
#5006 = ORIENTED_EDGE ( 'NONE', *, *, #3876, .F. ) ;
#5007 = PLANE ( 'NONE',  #79 ) ;
#5008 = EDGE_CURVE ( 'NONE', #3042, #5405, #4055, .T. ) ;
#5009 = CARTESIAN_POINT ( 'NONE',  ( -22.09656497441888234, 18.98690900379348534, 0.000000000000000000 ) ) ;
#5010 = ORIENTED_EDGE ( 'NONE', *, *, #283, .T. ) ;
#5011 = LINE ( 'NONE', #3957, #5459 ) ;
#5012 = CARTESIAN_POINT ( 'NONE',  ( -22.09656497441888234, 18.98690900379348534, 0.000000000000000000 ) ) ;
#5013 = VERTEX_POINT ( 'NONE', #5678 ) ;
#5014 = CARTESIAN_POINT ( 'NONE',  ( 1.019158458657892563, -16.82853070065727152, 4.000000000000000000 ) ) ;
#5015 = FACE_OUTER_BOUND ( 'NONE', #141, .T. ) ;
#5016 = EDGE_LOOP ( 'NONE', ( #2799, #1993, #2289, #1320 ) ) ;
#5017 = EDGE_LOOP ( 'NONE', ( #3088, #1290, #5843, #3328 ) ) ;
#5018 = LINE ( 'NONE', #5082, #3024 ) ;
#5019 = CARTESIAN_POINT ( 'NONE',  ( -14.99999999999999822, 5.949455682166679971, 5.000000000000000000 ) ) ;
#5020 = CIRCLE ( 'NONE', #1853, 3.366822574594681150 ) ;
#5021 = PLANE ( 'NONE',  #3840 ) ;
#5022 = ORIENTED_EDGE ( 'NONE', *, *, #644, .T. ) ;
#5023 = ADVANCED_FACE ( 'NONE', ( #3089 ), #1929, .T. ) ;
#5024 = CARTESIAN_POINT ( 'NONE',  ( 1.127581603246356590, -16.42831549469708818, 5.000000000000001776 ) ) ;
#5025 = VERTEX_POINT ( 'NONE', #6063 ) ;
#5026 = AXIS2_PLACEMENT_3D ( 'NONE', #3193, #1159, #3167 ) ;
#5027 = ORIENTED_EDGE ( 'NONE', *, *, #2784, .F. ) ;
#5028 = AXIS2_PLACEMENT_3D ( 'NONE', #1270, #3216, #4807 ) ;
#5029 = CARTESIAN_POINT ( 'NONE',  ( -3.845088002972242069, -15.23314660543094057, 4.999999999999995559 ) ) ;
#5030 = VECTOR ( 'NONE', #9, 1000.000000000000000 ) ;
#5031 = VECTOR ( 'NONE', #483, 1000.000000000000000 ) ;
#5032 = DIRECTION ( 'NONE',  ( -1.000000000000000000, 0.000000000000000000, 0.000000000000000000 ) ) ;
#5033 = CIRCLE ( 'NONE', #1336, 1.000000000000000888 ) ;
#5034 = ADVANCED_FACE ( 'NONE', ( #64 ), #1189, .T. ) ;
#5035 = DIRECTION ( 'NONE',  ( 0.5000000000000004441, 0.8660254037844383745, 0.000000000000000000 ) ) ;
#5036 = CARTESIAN_POINT ( 'NONE',  ( -0.5519781544576651822, -14.45751834862439011, 4.000000000000000888 ) ) ;
#5037 = CARTESIAN_POINT ( 'NONE',  ( -1.667451938409447720, -17.31997028335685229, 4.000000000000001776 ) ) ;
#5038 = AXIS2_PLACEMENT_3D ( 'NONE', #162, #6221, #5637 ) ;
#5039 = CARTESIAN_POINT ( 'NONE',  ( -6.999999999999998224, -6.208545504429656248, 6.000000000000000888 ) ) ;
#5040 = ORIENTED_EDGE ( 'NONE', *, *, #2475, .T. ) ;
#5041 = DIRECTION ( 'NONE',  ( 0.000000000000000000, -1.000000000000000000, 0.000000000000000000 ) ) ;
#5042 = CARTESIAN_POINT ( 'NONE',  ( -0.05426873046069794621, -14.49359961687093801, 3.999999999999998224 ) ) ;
#5043 = ORIENTED_EDGE ( 'NONE', *, *, #5002, .F. ) ;
#5044 = DIRECTION ( 'NONE',  ( 0.7071067811865452413, 8.659560562354904508E-17, -0.7071067811865499042 ) ) ;
#5045 = CARTESIAN_POINT ( 'NONE',  ( -4.988286258012819552, -15.75937903423199593, 5.000000000000000000 ) ) ;
#5046 = EDGE_CURVE ( 'NONE', #3367, #4365, #3057, .T. ) ;
#5047 = ORIENTED_EDGE ( 'NONE', *, *, #2069, .T. ) ;
#5048 = LINE ( 'NONE', #4057, #1628 ) ;
#5049 = DIRECTION ( 'NONE',  ( -1.000000000000000000, 0.000000000000000000, 0.000000000000000000 ) ) ;
#5050 = ORIENTED_EDGE ( 'NONE', *, *, #3122, .T. ) ;
#5051 = ORIENTED_EDGE ( 'NONE', *, *, #4814, .T. ) ;
#5052 = DIRECTION ( 'NONE',  ( 0.000000000000000000, 1.000000000000000000, 0.000000000000000000 ) ) ;
#5053 = DIRECTION ( 'NONE',  ( -1.000000000000000000, -2.127171113256150401E-15, 0.000000000000000000 ) ) ;
#5054 = CYLINDRICAL_SURFACE ( 'NONE', #996, 1.500000000000001332 ) ;
#5055 = ORIENTED_EDGE ( 'NONE', *, *, #3895, .T. ) ;
#5056 = VERTEX_POINT ( 'NONE', #2555 ) ;
#5057 = DIRECTION ( 'NONE',  ( -1.000000000000000000, 0.000000000000000000, -0.000000000000000000 ) ) ;
#5058 = ORIENTED_EDGE ( 'NONE', *, *, #450, .F. ) ;
#5059 = ORIENTED_EDGE ( 'NONE', *, *, #1378, .T. ) ;
#5060 = EDGE_CURVE ( 'NONE', #5328, #446, #3617, .T. ) ;
#5061 = EDGE_CURVE ( 'NONE', #5423, #3482, #2247, .T. ) ;
#5062 = CARTESIAN_POINT ( 'NONE',  ( -3.297115384615386446, -14.53822518807815989, 4.000000000000000000 ) ) ;
#5063 = FACE_OUTER_BOUND ( 'NONE', #3486, .T. ) ;
#5064 = CARTESIAN_POINT ( 'NONE',  ( -4.345293898227679641, -16.23779630668430229, 4.000000000000000888 ) ) ;
#5065 = CARTESIAN_POINT ( 'NONE',  ( -1.874319610407004788, -17.06371774496270888, 4.999999999999991118 ) ) ;
#5066 = ADVANCED_FACE ( 'NONE', ( #5640 ), #5179, .F. ) ;
#5067 = DIRECTION ( 'NONE',  ( -1.000000000000000000, 0.000000000000000000, 0.000000000000000000 ) ) ;
#5068 = FACE_OUTER_BOUND ( 'NONE', #6392, .T. ) ;
#5069 = EDGE_LOOP ( 'NONE', ( #2918, #2537, #2146, #1840, #1897, #4263, #6075, #1700, #2150, #4808, #2672, #4135, #2034, #6499, #3823, #3889, #2239, #2107, #4027, #1601, #2527, #536, #2720, #4679, #4504, #4532, #2429, #2328, #5386, #6034, #5483, #2269, #1034 ) ) ;
#5070 = FACE_OUTER_BOUND ( 'NONE', #3207, .T. ) ;
#5071 = CARTESIAN_POINT ( 'NONE',  ( -0.1520525117171784013, -14.47682276924449241, 4.000000000000002665 ) ) ;
#5072 = VERTEX_POINT ( 'NONE', #5110 ) ;
#5073 = CARTESIAN_POINT ( 'NONE',  ( 21.32178339562597813, 18.81176316890941536, 9.000000000000001776 ) ) ;
#5074 = DIRECTION ( 'NONE',  ( -0.000000000000000000, -0.000000000000000000, 1.000000000000000000 ) ) ;
#5075 = VERTEX_POINT ( 'NONE', #2097 ) ;
#5076 = CARTESIAN_POINT ( 'NONE',  ( 25.16401654238957875, 14.24209700771249132, 0.000000000000000000 ) ) ;
#5077 = CARTESIAN_POINT ( 'NONE',  ( -4.416506410256410220, -16.26437703102686783, 5.000000000000000000 ) ) ;
#5078 = CARTESIAN_POINT ( 'NONE',  ( -0.4874174720973487029, -14.45705125866131979, 4.000000000000000000 ) ) ;
#5079 = VERTEX_POINT ( 'NONE', #5144 ) ;
#5080 = VERTEX_POINT ( 'NONE', #98 ) ;
#5081 = CARTESIAN_POINT ( 'NONE',  ( -1.586556749207124861, -16.07224460480562911, 4.000000000000000888 ) ) ;
#5082 = CARTESIAN_POINT ( 'NONE',  ( 4.092170994899361277E-15, -21.49999999999999645, 9.000000000000001776 ) ) ;
#5083 = EDGE_CURVE ( 'NONE', #3400, #5578, #2658, .T. ) ;
#5084 = CARTESIAN_POINT ( 'NONE',  ( -4.011129872859713785, -16.00390001245806459, 5.000000000000000000 ) ) ;
#5085 = ADVANCED_FACE ( 'NONE', ( #4686 ), #594, .T. ) ;
#5086 = ORIENTED_EDGE ( 'NONE', *, *, #5793, .F. ) ;
#5087 = DIRECTION ( 'NONE',  ( 1.000000000000000000, 0.000000000000000000, 0.000000000000000000 ) ) ;
#5088 = ORIENTED_EDGE ( 'NONE', *, *, #6505, .F. ) ;
#5089 = ORIENTED_EDGE ( 'NONE', *, *, #537, .T. ) ;
#5090 = VECTOR ( 'NONE', #5797, 1000.000000000000000 ) ;
#5091 = CARTESIAN_POINT ( 'NONE',  ( 23.51198800726059446, 13.13699411993707322, 9.000000000000001776 ) ) ;
#5092 = CARTESIAN_POINT ( 'NONE',  ( 27.90343502558110700, 16.01309099620652532, 0.000000000000000000 ) ) ;
#5093 = LINE ( 'NONE', #616, #2296 ) ;
#5094 = AXIS2_PLACEMENT_3D ( 'NONE', #846, #3283, #3744 ) ;
#5095 = AXIS2_PLACEMENT_3D ( 'NONE', #1542, #4190, #3652 ) ;
#5096 = CARTESIAN_POINT ( 'NONE',  ( -1.587676718579142721, -17.39342198505761772, 4.999999999999992895 ) ) ;
#5097 = CARTESIAN_POINT ( 'NONE',  ( -1.414212917856179086, -17.52429352639051885, 3.999999999999998224 ) ) ;
#5098 = CARTESIAN_POINT ( 'NONE',  ( -5.999999999999997335, -8.208545504429656248, 10.00000000000000000 ) ) ;
#5099 = VERTEX_POINT ( 'NONE', #6196 ) ;
#5100 = LINE ( 'NONE', #1151, #506 ) ;
#5101 = VECTOR ( 'NONE', #475, 1000.000000000000227 ) ;
#5102 = VECTOR ( 'NONE', #408, 1000.000000000000000 ) ;
#5103 = CARTESIAN_POINT ( 'NONE',  ( -0.2749293940584462415, -17.21656230410016519, 4.000000000000000000 ) ) ;
#5104 = EDGE_CURVE ( 'NONE', #4092, #4269, #4474, .T. ) ;
#5105 = ORIENTED_EDGE ( 'NONE', *, *, #4747, .F. ) ;
#5106 = LINE ( 'NONE', #1186, #1458 ) ;
#5107 = DIRECTION ( 'NONE',  ( -1.000000000000000000, 0.000000000000000000, 0.000000000000000000 ) ) ;
#5108 = VECTOR ( 'NONE', #4337, 1000.000000000000000 ) ;
#5109 = VERTEX_POINT ( 'NONE', #2692 ) ;
#5110 = CARTESIAN_POINT ( 'NONE',  ( -5.999999999999997335, -10.20854550442964204, 5.000000000000000000 ) ) ;
#5111 = DIRECTION ( 'NONE',  ( -0.5429117819417174085, 0.8397897338196443906, 0.000000000000000000 ) ) ;
#5112 = CARTESIAN_POINT ( 'NONE',  ( 27.90343502558110700, 16.01309099620652532, 2.500000000000000000 ) ) ;
#5113 = VERTEX_POINT ( 'NONE', #5575 ) ;
#5114 = VECTOR ( 'NONE', #5565, 1000.000000000000000 ) ;
#5115 = ORIENTED_EDGE ( 'NONE', *, *, #4670, .T. ) ;
#5116 = DIRECTION ( 'NONE',  ( -1.000000000000000000, 0.000000000000000000, 0.000000000000000000 ) ) ;
#5117 = DIRECTION ( 'NONE',  ( 0.000000000000000000, 0.000000000000000000, 1.000000000000000000 ) ) ;
#5118 = CARTESIAN_POINT ( 'NONE',  ( -28.51207079035955516, 16.96115051869449175, 5.000000000000000000 ) ) ;
#5119 = DIRECTION ( 'NONE',  ( -1.000000000000000000, 0.000000000000000000, 0.000000000000000000 ) ) ;
#5120 = ORIENTED_EDGE ( 'NONE', *, *, #1378, .F. ) ;
#5121 = LINE ( 'NONE', #671, #6041 ) ;
#5122 = VERTEX_POINT ( 'NONE', #5076 ) ;
#5123 = ORIENTED_EDGE ( 'NONE', *, *, #1358, .F. ) ;
#5124 = ORIENTED_EDGE ( 'NONE', *, *, #2069, .F. ) ;
#5125 = EDGE_CURVE ( 'NONE', #6244, #1005, #6096, .T. ) ;
#5126 = CARTESIAN_POINT ( 'NONE',  ( 21.50000000000000355, -20.49999999999999289, 9.000000000000001776 ) ) ;
#5127 = DIRECTION ( 'NONE',  ( 0.000000000000000000, -1.000000000000000000, 0.000000000000000000 ) ) ;
#5128 = VECTOR ( 'NONE', #4857, 1000.000000000000000 ) ;
#5129 = LINE ( 'NONE', #2117, #2281 ) ;
#5130 = CIRCLE ( 'NONE', #406, 1.000000000000004441 ) ;
#5131 = CARTESIAN_POINT ( 'NONE',  ( -1.667451938409447720, -17.31997028335685229, 4.000000000000001776 ) ) ;
#5132 = DIRECTION ( 'NONE',  ( 1.000000000000000000, 0.000000000000000000, 0.000000000000000000 ) ) ;
#5133 = VECTOR ( 'NONE', #912, 1000.000000000000000 ) ;
#5134 = FACE_OUTER_BOUND ( 'NONE', #5530, .T. ) ;
#5135 = ORIENTED_EDGE ( 'NONE', *, *, #5756, .F. ) ;
#5136 = CARTESIAN_POINT ( 'NONE',  ( -4.396153846153845635, -15.43246597333456016, 4.000000000000000000 ) ) ;
#5137 = AXIS2_PLACEMENT_3D ( 'NONE', #4244, #246, #3280 ) ;
#5138 = CARTESIAN_POINT ( 'NONE',  ( 0.05414935262507530878, -17.12029608227393851, 3.999999999999999112 ) ) ;
#5139 = ORIENTED_EDGE ( 'NONE', *, *, #3865, .T. ) ;
#5140 = LINE ( 'NONE', #2162, #5662 ) ;
#5141 = CARTESIAN_POINT ( 'NONE',  ( -1.933388383669314869, -16.96777936960660682, 5.000000000000000888 ) ) ;
#5142 = VECTOR ( 'NONE', #3321, 1000.000000000000000 ) ;
#5143 = ORIENTED_EDGE ( 'NONE', *, *, #3078, .F. ) ;
#5144 = CARTESIAN_POINT ( 'NONE',  ( -4.317287660256409865, -17.71322518807814816, 4.000000000000000000 ) ) ;
#5145 = EDGE_CURVE ( 'NONE', #731, #593, #2629, .T. ) ;
#5146 = LINE ( 'NONE', #4225, #479 ) ;
#5147 = DIRECTION ( 'NONE',  ( -1.000000000000000000, 0.000000000000000000, 0.000000000000000000 ) ) ;
#5148 = DIRECTION ( 'NONE',  ( -0.000000000000000000, 0.000000000000000000, 1.000000000000000000 ) ) ;
#5149 = EDGE_CURVE ( 'NONE', #4297, #4531, #5494, .T. ) ;
#5150 = ORIENTED_EDGE ( 'NONE', *, *, #6168, .T. ) ;
#5151 = VECTOR ( 'NONE', #3123, 1000.000000000000000 ) ;
#5152 = PLANE ( 'NONE',  #6503 ) ;
#5153 = CARTESIAN_POINT ( 'NONE',  ( -5.016271033653846523, -15.10809698294994519, 4.000000000000000000 ) ) ;
#5154 = CARTESIAN_POINT ( 'NONE',  ( 1.138028416491992489, -16.32480747610149052, 3.999999999999999112 ) ) ;
#5155 = VERTEX_POINT ( 'NONE', #2217 ) ;
#5156 = DIRECTION ( 'NONE',  ( -1.000000000000000000, 0.000000000000000000, 0.000000000000000000 ) ) ;
#5157 =( NAMED_UNIT ( * ) SI_UNIT ( $, .STERADIAN. ) SOLID_ANGLE_UNIT ( ) );
#5158 = ORIENTED_EDGE ( 'NONE', *, *, #1852, .F. ) ;
#5159 = DIRECTION ( 'NONE',  ( -0.000000000000000000, -0.000000000000000000, -1.000000000000000000 ) ) ;
#5160 = ORIENTED_EDGE ( 'NONE', *, *, #5391, .F. ) ;
#5161 = VERTEX_POINT ( 'NONE', #5754 ) ;
#5162 = EDGE_LOOP ( 'NONE', ( #3901, #667, #6359, #2964 ) ) ;
#5163 = CARTESIAN_POINT ( 'NONE',  ( -5.780128205128205465, -17.71322518807814816, 4.000000000000000000 ) ) ;
#5164 = ORIENTED_EDGE ( 'NONE', *, *, #2549, .F. ) ;
#5165 = FACE_OUTER_BOUND ( 'NONE', #5455, .T. ) ;
#5166 = CARTESIAN_POINT ( 'NONE',  ( 3.072372804504399202, 9.194809502405480117, 5.000000000000000000 ) ) ;
#5167 = EDGE_CURVE ( 'NONE', #4336, #2406, #1266, .T. ) ;
#5168 = CARTESIAN_POINT ( 'NONE',  ( -3.972728683737107858, -15.95326243232965346, 4.000000000000000888 ) ) ;
#5169 = CARTESIAN_POINT ( 'NONE',  ( -0.4477564102564112192, -16.08502005987303107, 5.000000000000000000 ) ) ;
#5170 = CARTESIAN_POINT ( 'NONE',  ( -0.8314319303410037110, -14.49112657528359982, 4.999999999999999112 ) ) ;
#5171 = CARTESIAN_POINT ( 'NONE',  ( 27.90343502558110700, 16.01309099620652532, 2.500000000000000000 ) ) ;
#5172 = ORIENTED_EDGE ( 'NONE', *, *, #186, .F. ) ;
#5173 = DIRECTION ( 'NONE',  ( 0.000000000000000000, -0.000000000000000000, -1.000000000000000000 ) ) ;
#5174 = EDGE_CURVE ( 'NONE', #4941, #2956, #242, .T. ) ;
#5175 = CARTESIAN_POINT ( 'NONE',  ( 0.3520804037182353463, -16.85313485653561472, 4.999999999999998224 ) ) ;
#5176 = LINE ( 'NONE', #657, #4210 ) ;
#5177 = PLANE ( 'NONE',  #1667 ) ;
#5178 = ORIENTED_EDGE ( 'NONE', *, *, #6049, .F. ) ;
#5179 = CYLINDRICAL_SURFACE ( 'NONE', #254, 1.500000000000001332 ) ;
#5180 = PLANE ( 'NONE',  #1838 ) ;
#5181 = DIRECTION ( 'NONE',  ( -1.000000000000000000, 0.000000000000000000, 0.000000000000000000 ) ) ;
#5182 = DIRECTION ( 'NONE',  ( 1.000000000000000000, 0.000000000000000000, 0.000000000000000000 ) ) ;
#5183 = ORIENTED_EDGE ( 'NONE', *, *, #380, .F. ) ;
#5184 = DIRECTION ( 'NONE',  ( -0.000000000000000000, -0.000000000000000000, -1.000000000000000000 ) ) ;
#5185 = LINE ( 'NONE', #4631, #3444 ) ;
#5186 = CARTESIAN_POINT ( 'NONE',  ( 0.9252717499655226385, -17.01978503214858662, 5.000000000000003553 ) ) ;
#5187 = ORIENTED_EDGE ( 'NONE', *, *, #365, .F. ) ;
#5188 = CARTESIAN_POINT ( 'NONE',  ( -4.233900207719239361, -14.68132749645695689, 3.999999999999999112 ) ) ;
#5189 = VERTEX_POINT ( 'NONE', #180 ) ;
#5190 = CARTESIAN_POINT ( 'NONE',  ( 23.49999999999999645, 17.50000000000000000, 9.000000000000001776 ) ) ;
#5191 = ORIENTED_EDGE ( 'NONE', *, *, #4685, .T. ) ;
#5192 = ADVANCED_FACE ( 'NONE', ( #2245 ), #675, .F. ) ;
#5193 = EDGE_LOOP ( 'NONE', ( #4592, #2573, #5703, #3698 ) ) ;
#5194 = CARTESIAN_POINT ( 'NONE',  ( -27.90343502558110700, 16.01309099620652532, 2.500000000000000000 ) ) ;
#5195 = CARTESIAN_POINT ( 'NONE',  ( -20.81324294376707229, 19.67280126842831933, 9.000000000000001776 ) ) ;
#5196 = LINE ( 'NONE', #579, #3824 ) ;
#5197 = CARTESIAN_POINT ( 'NONE',  ( 3.378525641025639903, -15.75937903423200659, 4.000000000000000000 ) ) ;
#5198 = AXIS2_PLACEMENT_3D ( 'NONE', #1834, #887, #2893 ) ;
#5199 = CARTESIAN_POINT ( 'NONE',  ( 0.8910475011150382763, -15.01822014923526183, 5.000000000000000000 ) ) ;
#5200 = PLANE ( 'NONE',  #369 ) ;
#5201 = EDGE_LOOP ( 'NONE', ( #531, #5341 ) ) ;
#5202 = CARTESIAN_POINT ( 'NONE',  ( -4.410669370802089873, -15.33500174084944945, 3.999999999999999112 ) ) ;
#5203 = CARTESIAN_POINT ( 'NONE',  ( -1.342709132345139666, -15.42094958386488024, 4.999999999999999112 ) ) ;
#5204 = VECTOR ( 'NONE', #3471, 1000.000000000000000 ) ;
#5205 = DIRECTION ( 'NONE',  ( -0.8900702620852276592, -0.4558233523543239740, -0.000000000000000000 ) ) ;
#5206 = CARTESIAN_POINT ( 'NONE',  ( -2.154862576988714640, -16.22322658044492982, 5.000000000000000000 ) ) ;
#5207 = ORIENTED_EDGE ( 'NONE', *, *, #2724, .F. ) ;
#5208 = EDGE_CURVE ( 'NONE', #4146, #2625, #4137, .T. ) ;
#5209 = EDGE_CURVE ( 'NONE', #2959, #5615, #4706, .T. ) ;
#5210 = DIRECTION ( 'NONE',  ( -1.000000000000000000, 0.000000000000000000, 0.000000000000000000 ) ) ;
#5211 = VECTOR ( 'NONE', #4276, 1000.000000000000227 ) ;
#5212 = CIRCLE ( 'NONE', #1935, 1.749999999999998002 ) ;
#5213 = LINE ( 'NONE', #2693, #2153 ) ;
#5214 = FACE_OUTER_BOUND ( 'NONE', #3336, .T. ) ;
#5215 = DIRECTION ( 'NONE',  ( -0.000000000000000000, -0.000000000000000000, -1.000000000000000000 ) ) ;
#5216 = ORIENTED_EDGE ( 'NONE', *, *, #2197, .F. ) ;
#5217 = ORIENTED_EDGE ( 'NONE', *, *, #2950, .T. ) ;
#5218 = DIRECTION ( 'NONE',  ( -0.7223872738535664917, -0.6914887031430175801, 0.000000000000000000 ) ) ;
#5219 = MECHANICAL_DESIGN_GEOMETRIC_PRESENTATION_REPRESENTATION (  '', ( #4701 ), #1733 ) ;
#5220 = LINE ( 'NONE', #2234, #291 ) ;
#5221 = CARTESIAN_POINT ( 'NONE',  ( 0.8695249611224391550, -17.11073436257361635, 5.000000000000000000 ) ) ;
#5222 = ORIENTED_EDGE ( 'NONE', *, *, #4401, .T. ) ;
#5223 = CARTESIAN_POINT ( 'NONE',  ( -0.4477564102564112192, -16.65489185474482525, 4.000000000000000000 ) ) ;
#5224 = AXIS2_PLACEMENT_3D ( 'NONE', #3157, #1046, #4182 ) ;
#5225 = VERTEX_POINT ( 'NONE', #744 ) ;
#5226 = ORIENTED_EDGE ( 'NONE', *, *, #3290, .T. ) ;
#5227 = CARTESIAN_POINT ( 'NONE',  ( -1.331874386065286409, -16.81908500358545311, 5.000000000000000000 ) ) ;
#5228 = ORIENTED_EDGE ( 'NONE', *, *, #4694, .T. ) ;
#5229 = LINE ( 'NONE', #1721, #3841 ) ;
#5230 = EDGE_CURVE ( 'NONE', #5122, #4551, #3276, .T. ) ;
#5231 = CARTESIAN_POINT ( 'NONE',  ( -27.73941848319152115, 19.27099398849403400, 0.000000000000000000 ) ) ;
#5232 = CARTESIAN_POINT ( 'NONE',  ( -22.72792206135785875, -13.50000000000000355, 5.000000000000000000 ) ) ;
#5233 = EDGE_CURVE ( 'NONE', #4490, #1132, #4164, .T. ) ;
#5234 = FACE_OUTER_BOUND ( 'NONE', #3146, .T. ) ;
#5235 = PLANE ( 'NONE',  #5262 ) ;
#5236 = CARTESIAN_POINT ( 'NONE',  ( -4.961148561772146692, -15.75907339125758710, 5.000000000000000000 ) ) ;
#5237 = ORIENTED_EDGE ( 'NONE', *, *, #2833, .T. ) ;
#5238 = CARTESIAN_POINT ( 'NONE',  ( 23.36898548953931609, -14.67500000000000782, 0.000000000000000000 ) ) ;
#5239 = VECTOR ( 'NONE', #354, 999.9999999999998863 ) ;
#5240 = CARTESIAN_POINT ( 'NONE',  ( -1.407949418413325882, -15.50671075773863450, 4.999999999999999112 ) ) ;
#5241 = CARTESIAN_POINT ( 'NONE',  ( -24.83598345761040704, 20.75790299228751223, 0.000000000000000000 ) ) ;
#5242 = DIRECTION ( 'NONE',  ( 1.479945826284383173E-16, -1.000000000000000000, 0.000000000000000000 ) ) ;
#5243 = VECTOR ( 'NONE', #2419, 1000.000000000000000 ) ;
#5244 = CARTESIAN_POINT ( 'NONE',  ( -2.101754536636343040, -16.55393570626073085, 3.999999999999998224 ) ) ;
#5245 = CARTESIAN_POINT ( 'NONE',  ( -0.3372951039804216178, -15.03092100961549527, 4.000000000000001776 ) ) ;
#5246 = DIRECTION ( 'NONE',  ( -1.000000000000000000, 0.000000000000000000, 0.000000000000000000 ) ) ;
#5247 = DIRECTION ( 'NONE',  ( 0.000000000000000000, 0.000000000000000000, 1.000000000000000000 ) ) ;
#5248 = ORIENTED_EDGE ( 'NONE', *, *, #938, .F. ) ;
#5249 = AXIS2_PLACEMENT_3D ( 'NONE', #5003, #4483, #4909 ) ;
#5250 = EDGE_LOOP ( 'NONE', ( #437, #5187, #1296, #1263, #2134, #1126 ) ) ;
#5251 = EDGE_CURVE ( 'NONE', #4955, #5742, #2350, .T. ) ;
#5252 = VECTOR ( 'NONE', #4824, 1000.000000000000000 ) ;
#5253 = CARTESIAN_POINT ( 'NONE',  ( -27.74999999999998934, -19.75000000000000000, 0.000000000000000000 ) ) ;
#5254 = CARTESIAN_POINT ( 'NONE',  ( 0.4500339802339450301, -17.54444440201391586, 4.000000000000000888 ) ) ;
#5255 = DIRECTION ( 'NONE',  ( -0.000000000000000000, -0.000000000000000000, -1.000000000000000000 ) ) ;
#5256 = AXIS2_PLACEMENT_3D ( 'NONE', #5954, #486, #2383 ) ;
#5257 = ORIENTED_EDGE ( 'NONE', *, *, #3029, .T. ) ;
#5258 = VECTOR ( 'NONE', #5044, 1000.000000000000114 ) ;
#5259 = ORIENTED_EDGE ( 'NONE', *, *, #3830, .T. ) ;
#5260 = CARTESIAN_POINT ( 'NONE',  ( -0.5465727156076481963, -17.22193929993222739, 5.000000000000000888 ) ) ;
#5261 = ORIENTED_EDGE ( 'NONE', *, *, #2924, .T. ) ;
#5262 = AXIS2_PLACEMENT_3D ( 'NONE', #2904, #1811, #1360 ) ;
#5263 = DIRECTION ( 'NONE',  ( 5.778241043194148297E-16, -1.000000000000000000, 0.000000000000000000 ) ) ;
#5264 = EDGE_CURVE ( 'NONE', #2831, #4153, #4173, .T. ) ;
#5265 = DIRECTION ( 'NONE',  ( -0.000000000000000000, -0.000000000000000000, -1.000000000000000000 ) ) ;
#5266 = CARTESIAN_POINT ( 'NONE',  ( 0.2637568111321476061, -16.96162177422654693, 4.999999999999998224 ) ) ;
#5267 = ORIENTED_EDGE ( 'NONE', *, *, #4609, .F. ) ;
#5268 = CARTESIAN_POINT ( 'NONE',  ( 20.32178339562597458, 18.81176316890941536, 9.000000000000001776 ) ) ;
#5269 = ADVANCED_FACE ( 'NONE', ( #4671 ), #3702, .F. ) ;
#5270 = CARTESIAN_POINT ( 'NONE',  ( -4.413061768836471721, -15.54982462116395681, 5.000000000000000888 ) ) ;
#5271 = VERTEX_POINT ( 'NONE', #3211 ) ;
#5272 = CARTESIAN_POINT ( 'NONE',  ( 0.1598643472696155976, -15.19323394876436950, 3.999999999999999112 ) ) ;
#5273 = DIRECTION ( 'NONE',  ( -0.000000000000000000, -0.000000000000000000, -1.000000000000000000 ) ) ;
#5274 = CARTESIAN_POINT ( 'NONE',  ( -2.727243589743591379, -17.71322518807815882, 4.000000000000000000 ) ) ;
#5275 = EDGE_CURVE ( 'NONE', #5809, #5423, #5229, .T. ) ;
#5276 = DIRECTION ( 'NONE',  ( -0.8900702620852276592, 0.4558233523543239740, 0.000000000000000000 ) ) ;
#5277 = CARTESIAN_POINT ( 'NONE',  ( -2.154024959294543518, -15.95574390214069282, 5.000000000000000000 ) ) ;
#5278 = CARTESIAN_POINT ( 'NONE',  ( 0.4840094150641016668, -15.45599862557816095, 4.000000000000000000 ) ) ;
#5279 = ORIENTED_EDGE ( 'NONE', *, *, #6246, .F. ) ;
#5280 = DIRECTION ( 'NONE',  ( 0.000000000000000000, -0.000000000000000000, -1.000000000000000000 ) ) ;
#5281 = CARTESIAN_POINT ( 'NONE',  ( -8.799999999999998934, 2.791454495570343752, 6.000000000000011546 ) ) ;
#5282 = ORIENTED_EDGE ( 'NONE', *, *, #954, .T. ) ;
#5283 = DIRECTION ( 'NONE',  ( -0.9987351342960424372, 0.05028052826558230409, 0.000000000000000000 ) ) ;
#5284 = CARTESIAN_POINT ( 'NONE',  ( -5.999999999999997335, -8.208545504429656248, 10.00000000000000000 ) ) ;
#5285 = ORIENTED_EDGE ( 'NONE', *, *, #1202, .T. ) ;
#5286 = LINE ( 'NONE', #3861, #2677 ) ;
#5287 = CARTESIAN_POINT ( 'NONE',  ( -26.50000000000000000, -17.50000000000000000, 9.000000000000001776 ) ) ;
#5288 = ORIENTED_EDGE ( 'NONE', *, *, #4923, .F. ) ;
#5289 = CARTESIAN_POINT ( 'NONE',  ( -1.400214113048630971, -16.73089921575636296, 5.000000000000000888 ) ) ;
#5290 = ORIENTED_EDGE ( 'NONE', *, *, #5588, .T. ) ;
#5291 = ADVANCED_FACE ( 'NONE', ( #3738 ), #2149, .T. ) ;
#5292 = CARTESIAN_POINT ( 'NONE',  ( -28.51207079035955516, 16.96115051869449175, 0.000000000000000000 ) ) ;
#5293 = EDGE_CURVE ( 'NONE', #1653, #5393, #3149, .T. ) ;
#5294 = CARTESIAN_POINT ( 'NONE',  ( -5.210256410256410398, -17.71322518807814816, 4.000000000000000000 ) ) ;
#5295 = DIRECTION ( 'NONE',  ( 1.000000000000000000, 0.000000000000000000, 0.000000000000000000 ) ) ;
#5296 = ORIENTED_EDGE ( 'NONE', *, *, #3029, .F. ) ;
#5297 = CARTESIAN_POINT ( 'NONE',  ( -22.53798701022630269, -13.49639116526635618, 5.000000000000000000 ) ) ;
#5298 = ORIENTED_EDGE ( 'NONE', *, *, #1202, .F. ) ;
#5299 = ADVANCED_FACE ( 'NONE', ( #6175 ), #3674, .T. ) ;
#5300 = CARTESIAN_POINT ( 'NONE',  ( 29.50000000000000711, -15.24999999999999467, 0.000000000000000000 ) ) ;
#5301 = EDGE_LOOP ( 'NONE', ( #4554, #2276, #3332, #3612, #204, #1213, #1869, #497 ) ) ;
#5302 = CARTESIAN_POINT ( 'NONE',  ( 0.1598643472696155976, -15.19323394876436950, 4.999999999999999112 ) ) ;
#5303 = DIRECTION ( 'NONE',  ( 0.000000000000000000, 0.000000000000000000, -1.000000000000000000 ) ) ;
#5304 = CARTESIAN_POINT ( 'NONE',  ( -3.826947786166486232, -15.36911249176501748, 4.000000000000000888 ) ) ;
#5305 = CARTESIAN_POINT ( 'NONE',  ( 0.4636568509615375810, -16.65489185474482525, 5.000000000000000000 ) ) ;
#5306 = CARTESIAN_POINT ( 'NONE',  ( -2.101372368549947023, -15.65932615770141645, 4.000000000000000000 ) ) ;
#5307 = CARTESIAN_POINT ( 'NONE',  ( -0.4258509072241702942, -15.02810925100230222, 4.000000000000000000 ) ) ;
#5308 = ORIENTED_EDGE ( 'NONE', *, *, #4750, .T. ) ;
#5309 = CARTESIAN_POINT ( 'NONE',  ( -1.185910729648386841, -15.26743809971057431, 5.000000000000000888 ) ) ;
#5310 = ADVANCED_FACE ( 'NONE', ( #2311 ), #2870, .F. ) ;
#5311 = AXIS2_PLACEMENT_3D ( 'NONE', #6025, #555, #2548 ) ;
#5312 = CARTESIAN_POINT ( 'NONE',  ( -5.999999999999996447, -10.20854550442964204, 5.000000000000000000 ) ) ;
#5313 = EDGE_LOOP ( 'NONE', ( #1773, #5451, #794, #4829 ) ) ;
#5314 = LINE ( 'NONE', #5342, #4309 ) ;
#5315 = DIRECTION ( 'NONE',  ( -0.5429117819417186297, -0.8397897338196435024, 0.000000000000000000 ) ) ;
#5316 = CIRCLE ( 'NONE', #4687, 1.749999999999998002 ) ;
#5317 = CIRCLE ( 'NONE', #3404, 5.000000000000000888 ) ;
#5318 = ORIENTED_EDGE ( 'NONE', *, *, #2784, .T. ) ;
#5319 = FACE_OUTER_BOUND ( 'NONE', #5438, .T. ) ;
#5320 = CARTESIAN_POINT ( 'NONE',  ( 0.4522893850970156060, -16.67878537271309014, 4.000000000000000888 ) ) ;
#5321 = AXIS2_PLACEMENT_3D ( 'NONE', #4356, #5899, #356 ) ;
#5322 = VERTEX_POINT ( 'NONE', #371 ) ;
#5323 = VERTEX_POINT ( 'NONE', #5448 ) ;
#5324 = AXIS2_PLACEMENT_3D ( 'NONE', #4555, #2001, #5576 ) ;
#5325 = CARTESIAN_POINT ( 'NONE',  ( 22.72792206135788007, -8.500000000000000000, 0.000000000000000000 ) ) ;
#5326 = FACE_OUTER_BOUND ( 'NONE', #5501, .T. ) ;
#5327 = CARTESIAN_POINT ( 'NONE',  ( -0.5296705452097965061, 13.50000000000000178, 0.000000000000000000 ) ) ;
#5328 = VERTEX_POINT ( 'NONE', #1847 ) ;
#5329 = DIRECTION ( 'NONE',  ( 1.000000000000000000, 0.000000000000000000, 0.000000000000000000 ) ) ;
#5330 = EDGE_CURVE ( 'NONE', #3335, #2516, #2339, .T. ) ;
#5331 = CARTESIAN_POINT ( 'NONE',  ( -4.652207563430163617, -14.56002473291711929, 4.999999999999994671 ) ) ;
#5332 = CARTESIAN_POINT ( 'NONE',  ( 0.04211720701543106293, -15.13220637524109335, 5.000000000000000888 ) ) ;
#5333 = CARTESIAN_POINT ( 'NONE',  ( 4.355448717948715576, -15.10809698294995584, 4.000000000000000000 ) ) ;
#5334 = CARTESIAN_POINT ( 'NONE',  ( -4.229231431474234526, -14.68320588092989887, 3.999999999999999112 ) ) ;
#5335 = CARTESIAN_POINT ( 'NONE',  ( 3.378525641025639903, -14.53822518807815989, 4.000000000000000000 ) ) ;
#5336 = DIRECTION ( 'NONE',  ( 0.000000000000000000, -0.000000000000000000, 1.000000000000000000 ) ) ;
#5337 = LINE ( 'NONE', #2356, #2896 ) ;
#5338 = ORIENTED_EDGE ( 'NONE', *, *, #793, .T. ) ;
#5339 = CARTESIAN_POINT ( 'NONE',  ( -1.584694498153548015, -15.99930617092241647, 5.000000000000000888 ) ) ;
#5340 = CARTESIAN_POINT ( 'NONE',  ( 7.000000000000003553, -9.208545504429656248, 6.000000000000000888 ) ) ;
#5341 = ORIENTED_EDGE ( 'NONE', *, *, #6472, .T. ) ;
#5342 = CARTESIAN_POINT ( 'NONE',  ( -4.317287660256409865, -17.71322518807814816, 4.000000000000000000 ) ) ;
#5343 = VECTOR ( 'NONE', #2141, 1000.000000000000000 ) ;
#5344 = DIRECTION ( 'NONE',  ( 0.000000000000000000, 0.000000000000000000, -1.000000000000000000 ) ) ;
#5345 = EDGE_CURVE ( 'NONE', #5376, #2561, #5849, .T. ) ;
#5346 = VECTOR ( 'NONE', #2825, 1000.000000000000000 ) ;
#5347 = ORIENTED_EDGE ( 'NONE', *, *, #5627, .T. ) ;
#5348 = EDGE_CURVE ( 'NONE', #5541, #4520, #5360, .T. ) ;
#5349 = PLANE ( 'NONE',  #6364 ) ;
#5350 = CARTESIAN_POINT ( 'NONE',  ( 0.1105153617737233834, -17.08736688799039172, 4.000000000000000888 ) ) ;
#5351 = VECTOR ( 'NONE', #936, 1000.000000000000000 ) ;
#5352 = AXIS2_PLACEMENT_3D ( 'NONE', #2517, #4452, #4488 ) ;
#5353 = ORIENTED_EDGE ( 'NONE', *, *, #1330, .T. ) ;
#5354 = VECTOR ( 'NONE', #5052, 1000.000000000000000 ) ;
#5355 = ORIENTED_EDGE ( 'NONE', *, *, #2104, .F. ) ;
#5356 = EDGE_CURVE ( 'NONE', #3800, #4293, #3835, .T. ) ;
#5357 = AXIS2_PLACEMENT_3D ( 'NONE', #3257, #3785, #4816 ) ;
#5358 = VECTOR ( 'NONE', #5218, 1000.000000000000114 ) ;
#5359 = DIRECTION ( 'NONE',  ( 1.000000000000000000, 0.000000000000000000, 0.000000000000000000 ) ) ;
#5360 = LINE ( 'NONE', #4437, #6255 ) ;
#5361 = LINE ( 'NONE', #3469, #5101 ) ;
#5362 = LINE ( 'NONE', #5232, #1820 ) ;
#5363 = ORIENTED_EDGE ( 'NONE', *, *, #1660, .F. ) ;
#5364 = CIRCLE ( 'NONE', #2078, 1.000000000000000888 ) ;
#5365 = LINE ( 'NONE', #1759, #5449 ) ;
#5366 = VERTEX_POINT ( 'NONE', #4342 ) ;
#5367 = CARTESIAN_POINT ( 'NONE',  ( -4.466858170621735624, -15.64065829892764548, 5.000000000000000888 ) ) ;
#5368 = CARTESIAN_POINT ( 'NONE',  ( -0.4258509072241702942, -15.02810925100230222, 4.000000000000000000 ) ) ;
#5369 = EDGE_CURVE ( 'NONE', #2953, #3042, #3431, .T. ) ;
#5370 = LINE ( 'NONE', #5333, #1719 ) ;
#5371 = LINE ( 'NONE', #1703, #5346 ) ;
#5372 = DIRECTION ( 'NONE',  ( 0.5000000000000004441, -0.8660254037844383745, 0.000000000000000000 ) ) ;
#5373 = EDGE_CURVE ( 'NONE', #466, #387, #3904, .T. ) ;
#5374 = CARTESIAN_POINT ( 'NONE',  ( -2.156531675770218204, -16.14779317042628648, 4.999999999999992895 ) ) ;
#5375 = CARTESIAN_POINT ( 'NONE',  ( -0.08007804665968364100, -15.08486808327615059, 4.000000000000000888 ) ) ;
#5376 = VERTEX_POINT ( 'NONE', #2844 ) ;
#5377 = DIRECTION ( 'NONE',  ( 0.8610380995189041986, 0.5085404518589189404, 0.000000000000000000 ) ) ;
#5378 = EDGE_CURVE ( 'NONE', #2093, #1169, #4688, .T. ) ;
#5379 = DIRECTION ( 'NONE',  ( -0.000000000000000000, -0.000000000000000000, -1.000000000000000000 ) ) ;
#5380 = VERTEX_POINT ( 'NONE', #1784 ) ;
#5381 = CARTESIAN_POINT ( 'NONE',  ( 0.3828798071373376577, -15.35474784654162583, 5.000000000000000000 ) ) ;
#5382 = FACE_OUTER_BOUND ( 'NONE', #4603, .T. ) ;
#5383 = EDGE_LOOP ( 'NONE', ( #4395, #5222, #3275, #4487 ) ) ;
#5384 = CARTESIAN_POINT ( 'NONE',  ( 19.19238815542513166, -12.03553390593273242, 0.000000000000000000 ) ) ;
#5385 = FACE_OUTER_BOUND ( 'NONE', #2277, .T. ) ;
#5386 = ORIENTED_EDGE ( 'NONE', *, *, #4264, .F. ) ;
#5387 = ORIENTED_EDGE ( 'NONE', *, *, #5391, .T. ) ;
#5388 = FACE_OUTER_BOUND ( 'NONE', #2705, .T. ) ;
#5389 = DIRECTION ( 'NONE',  ( 1.000000000000000000, 0.000000000000000000, 0.000000000000000000 ) ) ;
#5390 = CARTESIAN_POINT ( 'NONE',  ( -5.210256410256410398, -15.10809698294994519, 5.000000000000000000 ) ) ;
#5391 = EDGE_CURVE ( 'NONE', #740, #5155, #2993, .T. ) ;
#5392 = FACE_OUTER_BOUND ( 'NONE', #5383, .T. ) ;
#5393 = VERTEX_POINT ( 'NONE', #5883 ) ;
#5394 = LINE ( 'NONE', #1885, #3983 ) ;
#5395 = DIRECTION ( 'NONE',  ( -0.000000000000000000, -0.000000000000000000, -1.000000000000000000 ) ) ;
#5396 = CARTESIAN_POINT ( 'NONE',  ( 2.279487179487178050, -15.75937903423200659, 4.000000000000000000 ) ) ;
#5397 = CARTESIAN_POINT ( 'NONE',  ( -4.410669370802089873, -15.33500174084944945, 4.999999999999999112 ) ) ;
#5398 = CARTESIAN_POINT ( 'NONE',  ( 4.925320512820510643, -17.71322518807815882, 4.000000000000000000 ) ) ;
#5399 = LINE ( 'NONE', #5495, #4308 ) ;
#5400 = LINE ( 'NONE', #882, #1558 ) ;
#5401 = DIRECTION ( 'NONE',  ( 0.000000000000000000, -1.000000000000000000, 4.102367371632169393E-13 ) ) ;
#5402 = EDGE_LOOP ( 'NONE', ( #4991, #2706, #3038, #3582, #3056 ) ) ;
#5403 = LINE ( 'NONE', #3483, #4295 ) ;
#5404 = CARTESIAN_POINT ( 'NONE',  ( -0.4206072120007994797, -14.45734151234635689, 4.999999999999999112 ) ) ;
#5405 = VERTEX_POINT ( 'NONE', #1361 ) ;
#5406 = DIRECTION ( 'NONE',  ( 1.000000000000000000, 0.000000000000000000, 0.000000000000000000 ) ) ;
#5407 = ADVANCED_FACE ( 'NONE', ( #5815 ), #2402, .F. ) ;
#5408 = PLANE ( 'NONE',  #509 ) ;
#5409 = ADVANCED_FACE ( 'NONE', ( #3370 ), #4861, .T. ) ;
#5410 = ORIENTED_EDGE ( 'NONE', *, *, #2216, .T. ) ;
#5411 = VECTOR ( 'NONE', #1335, 1000.000000000000227 ) ;
#5412 = DIRECTION ( 'NONE',  ( 0.000000000000000000, -0.000000000000000000, -1.000000000000000000 ) ) ;
#5413 = CARTESIAN_POINT ( 'NONE',  ( -0.4274038461538470779, -17.22476364961662298, 4.000000000000000000 ) ) ;
#5414 = ORIENTED_EDGE ( 'NONE', *, *, #129, .T. ) ;
#5415 = ORIENTED_EDGE ( 'NONE', *, *, #4463, .T. ) ;
#5416 = VECTOR ( 'NONE', #1280, 1000.000000000000000 ) ;
#5417 = CARTESIAN_POINT ( 'NONE',  ( -19.19238815542511034, -12.03553390593273242, 0.000000000000000000 ) ) ;
#5418 = DIRECTION ( 'NONE',  ( 0.000000000000000000, 0.000000000000000000, 1.000000000000000000 ) ) ;
#5419 = VECTOR ( 'NONE', #6307, 1000.000000000000000 ) ;
#5420 = AXIS2_PLACEMENT_3D ( 'NONE', #4767, #6211, #5656 ) ;
#5421 = DIRECTION ( 'NONE',  ( -1.000000000000000000, 0.000000000000000000, 0.000000000000000000 ) ) ;
#5422 = CARTESIAN_POINT ( 'NONE',  ( -0.3262956696057711103, -17.79295521362713828, 5.000000000000001776 ) ) ;
#5423 = VERTEX_POINT ( 'NONE', #1292 ) ;
#5424 = LINE ( 'NONE', #2909, #1760 ) ;
#5425 = EDGE_CURVE ( 'NONE', #6457, #2447, #4835, .T. ) ;
#5426 = EDGE_CURVE ( 'NONE', #5668, #972, #5911, .T. ) ;
#5427 = CARTESIAN_POINT ( 'NONE',  ( -3.834615409452885704, -15.29991906260031698, 4.000000000000000888 ) ) ;
#5428 = LINE ( 'NONE', #5457, #5133 ) ;
#5429 = CIRCLE ( 'NONE', #5623, 1.000000000000000888 ) ;
#5430 = CARTESIAN_POINT ( 'NONE',  ( -3.966727154109230380, -14.93561736206180868, 4.999999999999998224 ) ) ;
#5431 = CARTESIAN_POINT ( 'NONE',  ( 0.4636568509615375810, -16.65489185474482525, 4.000000000000000000 ) ) ;
#5432 = CARTESIAN_POINT ( 'NONE',  ( -22.09656497441888234, 18.98690900379348534, 2.500000000000000000 ) ) ;
#5433 = CARTESIAN_POINT ( 'NONE',  ( -8.799999999999998934, 2.791454495570343752, 6.000000000000011546 ) ) ;
#5434 = FACE_OUTER_BOUND ( 'NONE', #2848, .T. ) ;
#5435 = VERTEX_POINT ( 'NONE', #3933 ) ;
#5436 = CARTESIAN_POINT ( 'NONE',  ( -27.74999999999998934, -13.50000000000000178, 5.000000000000000000 ) ) ;
#5437 = CARTESIAN_POINT ( 'NONE',  ( -1.098038976398268529, -15.20291703840947406, 3.999999999999999112 ) ) ;
#5438 = EDGE_LOOP ( 'NONE', ( #2428, #5446, #6006, #4229 ) ) ;
#5439 = CARTESIAN_POINT ( 'NONE',  ( -4.402855671620519828, -15.51354412638552027, 4.999999999999992895 ) ) ;
#5440 = CARTESIAN_POINT ( 'NONE',  ( 4.925320512820510643, -15.10809698294995584, 5.000000000000000000 ) ) ;
#5441 = ORIENTED_EDGE ( 'NONE', *, *, #1775, .T. ) ;
#5442 = CARTESIAN_POINT ( 'NONE',  ( -0.4388521634615394351, -17.79463544448841716, 5.000000000000000000 ) ) ;
#5443 = DIRECTION ( 'NONE',  ( -0.000000000000000000, -0.000000000000000000, -1.000000000000000000 ) ) ;
#5444 = EDGE_CURVE ( 'NONE', #2112, #5802, #3832, .T. ) ;
#5445 = ORIENTED_EDGE ( 'NONE', *, *, #4544, .F. ) ;
#5446 = ORIENTED_EDGE ( 'NONE', *, *, #5572, .F. ) ;
#5447 = CARTESIAN_POINT ( 'NONE',  ( -5.016271033653846523, -15.10809698294994519, 4.000000000000000000 ) ) ;
#5448 = CARTESIAN_POINT ( 'NONE',  ( -22.72792206135785875, -13.50000000000000355, 0.000000000000000000 ) ) ;
#5449 = VECTOR ( 'NONE', #4709, 1000.000000000000000 ) ;
#5450 = PLANE ( 'NONE',  #4797 ) ;
#5451 = ORIENTED_EDGE ( 'NONE', *, *, #5893, .T. ) ;
#5452 = LINE ( 'NONE', #969, #5516 ) ;
#5453 = VERTEX_POINT ( 'NONE', #4803 ) ;
#5454 = AXIS2_PLACEMENT_3D ( 'NONE', #1306, #755, #5861 ) ;
#5455 = EDGE_LOOP ( 'NONE', ( #606, #4299, #6099, #4838 ) ) ;
#5456 = DIRECTION ( 'NONE',  ( 0.05028052826558215144, 0.9987351342960424372, 0.000000000000000000 ) ) ;
#5457 = CARTESIAN_POINT ( 'NONE',  ( -21.49999999999999289, -20.50000000000000000, 9.000000000000001776 ) ) ;
#5458 = CARTESIAN_POINT ( 'NONE',  ( -4.404386434994036037, -14.60690757761560121, 5.000000000000000000 ) ) ;
#5459 = VECTOR ( 'NONE', #1901, 1000.000000000000000 ) ;
#5460 = DIRECTION ( 'NONE',  ( -0.000000000000000000, -0.000000000000000000, 1.000000000000000000 ) ) ;
#5461 = VECTOR ( 'NONE', #3337, 1000.000000000000000 ) ;
#5462 = CARTESIAN_POINT ( 'NONE',  ( -1.678904918935926638, -14.94422751762273371, 4.000000000000000000 ) ) ;
#5463 = EDGE_CURVE ( 'NONE', #5578, #5541, #5212, .T. ) ;
#5464 = CARTESIAN_POINT ( 'NONE',  ( -0.4477564102564112192, -16.08502005987303107, 4.000000000000000000 ) ) ;
#5465 = ORIENTED_EDGE ( 'NONE', *, *, #6277, .F. ) ;
#5466 = EDGE_CURVE ( 'NONE', #4273, #5025, #4310, .T. ) ;
#5467 = DIRECTION ( 'NONE',  ( 1.000000000000000000, 0.000000000000000000, 0.000000000000000000 ) ) ;
#5468 = ORIENTED_EDGE ( 'NONE', *, *, #5944, .T. ) ;
#5469 = DIRECTION ( 'NONE',  ( -1.000000000000000000, 0.000000000000000000, -0.000000000000000000 ) ) ;
#5470 = CARTESIAN_POINT ( 'NONE',  ( -0.4706530448717958781, -15.02668672653969750, 4.000000000000000000 ) ) ;
#5471 = ADVANCED_FACE ( 'NONE', ( #3565 ), #5054, .F. ) ;
#5472 = ORIENTED_EDGE ( 'NONE', *, *, #4978, .T. ) ;
#5473 = CARTESIAN_POINT ( 'NONE',  ( 4.355448717948715576, -14.53822518807815989, 5.000000000000000000 ) ) ;
#5474 = CARTESIAN_POINT ( 'NONE',  ( 29.50000000000000711, -19.74999999999999289, 9.000000000000001776 ) ) ;
#5475 = EDGE_LOOP ( 'NONE', ( #4340, #3428, #5831, #5059, #5050, #1193, #4853, #4858 ) ) ;
#5476 = DIRECTION ( 'NONE',  ( 0.7071067811865426878, 0.000000000000000000, -0.7071067811865524577 ) ) ;
#5477 = CARTESIAN_POINT ( 'NONE',  ( 23.36898548953929833, -20.32500000000001705, 0.000000000000000000 ) ) ;
#5478 = ORIENTED_EDGE ( 'NONE', *, *, #3122, .F. ) ;
#5479 = ORIENTED_EDGE ( 'NONE', *, *, #4945, .T. ) ;
#5480 = LINE ( 'NONE', #1518, #3461 ) ;
#5481 = PLANE ( 'NONE',  #6046 ) ;
#5482 = CARTESIAN_POINT ( 'NONE',  ( 9.800000000000002487, 2.791454495570343752, 10.00000000000000000 ) ) ;
#5483 = ORIENTED_EDGE ( 'NONE', *, *, #2265, .F. ) ;
#5484 = CARTESIAN_POINT ( 'NONE',  ( 0.2784182938776462723, -17.64369639226885411, 5.000000000000002665 ) ) ;
#5485 = ORIENTED_EDGE ( 'NONE', *, *, #5008, .T. ) ;
#5486 = EDGE_CURVE ( 'NONE', #5109, #5787, #2965, .T. ) ;
#5487 = ORIENTED_EDGE ( 'NONE', *, *, #3213, .T. ) ;
#5488 = ADVANCED_FACE ( 'NONE', ( #1487 ), #5481, .T. ) ;
#5489 = PLANE ( 'NONE',  #2562 ) ;
#5490 = CARTESIAN_POINT ( 'NONE',  ( -0.7734404229705829081, -17.18096062898759513, 5.000000000000001776 ) ) ;
#5491 = CARTESIAN_POINT ( 'NONE',  ( 27.73045543115249600, 21.72576775728267151, 0.000000000000000000 ) ) ;
#5492 = EDGE_CURVE ( 'NONE', #5720, #2628, #3517, .T. ) ;
#5493 = DIRECTION ( 'NONE',  ( -1.000000000000000000, 0.000000000000000000, 0.000000000000000000 ) ) ;
#5494 = B_SPLINE_CURVE_WITH_KNOTS ( 'NONE', 3,
 ( #2129, #6160, #3127, #4154, #1082, #1641, #4122, #2591, #6126, #711, #4275, #6273, #3771, #4641, #5788, #1754, #214, #1625, #772 ),
 .UNSPECIFIED., .F., .F.,
 ( 4, 1, 1, 1, 1, 1, 1, 1, 1, 1, 1, 1, 1, 1, 1, 1, 4 ),
 ( 0.000000000000000000, 0.1055399964402574386, 0.2020864154635874377, 0.2906848989424213880, 0.3705526096211915754, 0.4426702615663768992, 0.5076749275738737799, 0.5655732034810453390, 0.6164546657486240644, 0.6633313570051044827, 0.7088620244966149508, 0.7534118003496285132, 0.7985150107871087366, 0.8450643214401182268, 0.8938731190084054923, 0.9447078060036530056, 1.000000000000000000 ),
 .UNSPECIFIED. ) ;
#5495 = CARTESIAN_POINT ( 'NONE',  ( 20.32178339562597458, 18.81176316890941536, 9.000000000000001776 ) ) ;
#5496 = CARTESIAN_POINT ( 'NONE',  ( -1.740780248397436836, -15.01205832109098104, 5.000000000000000000 ) ) ;
#5497 = CARTESIAN_POINT ( 'NONE',  ( -0.4206072120007994797, -14.45734151234635689, 4.999999999999999112 ) ) ;
#5498 = ORIENTED_EDGE ( 'NONE', *, *, #4130, .F. ) ;
#5499 = DIRECTION ( 'NONE',  ( 1.000000000000000000, 0.000000000000000000, 0.000000000000000000 ) ) ;
#5500 = DIRECTION ( 'NONE',  ( -1.000000000000000000, 0.000000000000000000, 0.000000000000000000 ) ) ;
#5501 = EDGE_LOOP ( 'NONE', ( #109, #3827, #2124, #4133 ) ) ;
#5502 = CARTESIAN_POINT ( 'NONE',  ( 13.16682257459468453, 2.791454495570344196, 6.000000000000016875 ) ) ;
#5503 = LINE ( 'NONE', #5535, #4727 ) ;
#5504 = EDGE_LOOP ( 'NONE', ( #7, #4911, #6135, #4796 ) ) ;
#5505 = DIRECTION ( 'NONE',  ( 1.000000000000000000, 0.000000000000000000, 0.000000000000000000 ) ) ;
#5506 = CARTESIAN_POINT ( 'NONE',  ( -1.006574621379063839, -14.53434285204345855, 4.000000000000000888 ) ) ;
#5507 = B_SPLINE_CURVE_WITH_KNOTS ( 'NONE', 3,
 ( #613, #2615, #5696, #4569, #2084, #4108, #1627, #4673, #148, #2152, #6178, #1175, #3181, #2681, #4708, #182, #3245, #5724, #2847 ),
 .UNSPECIFIED., .F., .F.,
 ( 4, 1, 1, 1, 1, 1, 1, 1, 1, 1, 1, 1, 1, 1, 1, 1, 4 ),
 ( 0.000000000000000000, 0.06387922505487494962, 0.1258508182289635458, 0.1864720878710259822, 0.2464764795622997329, 0.3062584143630093236, 0.3669511756525886681, 0.4288608758525596643, 0.4925686815092669701, 0.5566061100449879451, 0.6190867352860935924, 0.6810492005977589747, 0.7427850667630342407, 0.8048964525180758445, 0.8678490598723974658, 0.9329329606759886317, 1.000000000000000000 ),
 .UNSPECIFIED. ) ;
#5508 = VERTEX_POINT ( 'NONE', #999 ) ;
#5509 = ORIENTED_EDGE ( 'NONE', *, *, #5125, .F. ) ;
#5510 = VECTOR ( 'NONE', #1814, 1000.000000000000000 ) ;
#5511 = CARTESIAN_POINT ( 'NONE',  ( 0.6962888675300780150, -14.83721622788495154, 4.000000000000000888 ) ) ;
#5512 = CARTESIAN_POINT ( 'NONE',  ( -3.834181635593693738, -15.58629100004424828, 5.000000000000001776 ) ) ;
#5513 = DIRECTION ( 'NONE',  ( -0.8900702620852276592, 0.4558233523543239185, 0.000000000000000000 ) ) ;
#5514 = EDGE_LOOP ( 'NONE', ( #1388, #2590, #3970, #1047, #6338, #1843, #943, #629, #2368, #4468, #1442, #3363, #634, #3989, #5415, #6164, #2504, #6200, #1163, #4034, #4331, #45, #1286, #169, #2505, #5980, #2838, #6276, #1273, #3393, #599 ) ) ;
#5515 = CARTESIAN_POINT ( 'NONE',  ( -2.055340169111314896, -15.51901556170120244, 4.000000000000000888 ) ) ;
#5516 = VECTOR ( 'NONE', #4407, 1000.000000000000000 ) ;
#5517 = VERTEX_POINT ( 'NONE', #4986 ) ;
#5518 = EDGE_LOOP ( 'NONE', ( #3596, #553, #5164, #376, #2453, #4779 ) ) ;
#5519 = AXIS2_PLACEMENT_3D ( 'NONE', #3880, #5395, #2881 ) ;
#5520 = VECTOR ( 'NONE', #5975, 1000.000000000000000 ) ;
#5521 = CARTESIAN_POINT ( 'NONE',  ( -4.229231431474234526, -14.68320588092989887, 4.999999999999995559 ) ) ;
#5522 = PLANE ( 'NONE',  #1299 ) ;
#5523 = EDGE_CURVE ( 'NONE', #1691, #972, #2936, .T. ) ;
#5524 = VECTOR ( 'NONE', #6097, 1000.000000000000000 ) ;
#5525 = DIRECTION ( 'NONE',  ( -0.000000000000000000, 0.000000000000000000, 1.000000000000000000 ) ) ;
#5526 = CARTESIAN_POINT ( 'NONE',  ( -0.8314319303410037110, -14.49112657528359982, 3.999999999999999112 ) ) ;
#5527 = PLANE ( 'NONE',  #5249 ) ;
#5528 = AXIS2_PLACEMENT_3D ( 'NONE', #3753, #5770, #3261 ) ;
#5529 = CARTESIAN_POINT ( 'NONE',  ( 0.3199168669871786386, -14.60691509192431425, 5.000000000000000000 ) ) ;
#5530 = EDGE_LOOP ( 'NONE', ( #1431, #6026, #1751, #5006 ) ) ;
#5531 = FACE_OUTER_BOUND ( 'NONE', #822, .T. ) ;
#5532 = DIRECTION ( 'NONE',  ( -0.000000000000000000, -0.000000000000000000, -1.000000000000000000 ) ) ;
#5533 = ORIENTED_EDGE ( 'NONE', *, *, #4862, .F. ) ;
#5534 = CARTESIAN_POINT ( 'NONE',  ( -4.523840512970987326, -15.68489062534015410, 4.999999999999992006 ) ) ;
#5535 = CARTESIAN_POINT ( 'NONE',  ( -23.49999999999999645, -17.50000000000000000, 5.000000000000000000 ) ) ;
#5536 = ORIENTED_EDGE ( 'NONE', *, *, #2665, .T. ) ;
#5537 = EDGE_CURVE ( 'NONE', #6301, #5852, #2967, .T. ) ;
#5538 = CARTESIAN_POINT ( 'NONE',  ( -26.63101451046069101, -20.32500000000000995, 2.500000000000000000 ) ) ;
#5539 = CARTESIAN_POINT ( 'NONE',  ( -1.328654218018920252, -14.67332075672487157, 4.999999999999999112 ) ) ;
#5540 = VERTEX_POINT ( 'NONE', #73 ) ;
#5541 = VERTEX_POINT ( 'NONE', #5546 ) ;
#5542 = EDGE_CURVE ( 'NONE', #3820, #2019, #2006, .T. ) ;
#5543 = CARTESIAN_POINT ( 'NONE',  ( -1.267982511171485971, -15.34082543296465140, 4.000000000000000000 ) ) ;
#5544 = ADVANCED_FACE ( 'NONE', ( #4065 ), #2432, .F. ) ;
#5545 = DIRECTION ( 'NONE',  ( -0.000000000000000000, -0.000000000000000000, -1.000000000000000000 ) ) ;
#5546 = CARTESIAN_POINT ( 'NONE',  ( -27.73045543115249956, 21.72576775728266796, 9.000000000000001776 ) ) ;
#5547 = VECTOR ( 'NONE', #100, 1000.000000000000000 ) ;
#5548 = ORIENTED_EDGE ( 'NONE', *, *, #4243, .F. ) ;
#5549 = FACE_OUTER_BOUND ( 'NONE', #1505, .T. ) ;
#5550 = EDGE_LOOP ( 'NONE', ( #4494, #5555, #4961, #4951 ) ) ;
#5551 = EDGE_CURVE ( 'NONE', #4974, #5795, #3518, .T. ) ;
#5552 = PRODUCT_DEFINITION_FORMATION_WITH_SPECIFIED_SOURCE ( 'ANY', '', #425, .NOT_KNOWN. ) ;
#5553 = ORIENTED_EDGE ( 'NONE', *, *, #2312, .T. ) ;
#5554 = VECTOR ( 'NONE', #4697, 1000.000000000000000 ) ;
#5555 = ORIENTED_EDGE ( 'NONE', *, *, #6124, .F. ) ;
#5556 = FACE_OUTER_BOUND ( 'NONE', #6387, .T. ) ;
#5557 = CARTESIAN_POINT ( 'NONE',  ( 0.5296705452098008360, 13.50000000000000178, 5.000000000000000000 ) ) ;
#5558 = AXIS2_PLACEMENT_3D ( 'NONE', #4525, #1998, #1902 ) ;
#5559 = CARTESIAN_POINT ( 'NONE',  ( -3.908275352273725023, -15.84352712202670510, 4.000000000000000888 ) ) ;
#5560 = CYLINDRICAL_SURFACE ( 'NONE', #3882, 1.000000000000000000 ) ;
#5561 = ADVANCED_FACE ( 'NONE', ( #2465, #668 ), #6206, .T. ) ;
#5562 = CARTESIAN_POINT ( 'NONE',  ( 20.00000000000000355, -5.772077938642118156, 5.000000000000000000 ) ) ;
#5563 = AXIS2_PLACEMENT_3D ( 'NONE', #4939, #2579, #6115 ) ;
#5564 = VECTOR ( 'NONE', #827, 1000.000000000000000 ) ;
#5565 = DIRECTION ( 'NONE',  ( -0.000000000000000000, -0.000000000000000000, -1.000000000000000000 ) ) ;
#5566 = EDGE_LOOP ( 'NONE', ( #2284, #586, #6425, #1524 ) ) ;
#5567 = FACE_OUTER_BOUND ( 'NONE', #1138, .T. ) ;
#5568 = CARTESIAN_POINT ( 'NONE',  ( -19.19238815542510679, -12.03553390593273242, 0.000000000000000000 ) ) ;
#5569 = ORIENTED_EDGE ( 'NONE', *, *, #2506, .F. ) ;
#5570 = FACE_OUTER_BOUND ( 'NONE', #6471, .T. ) ;
#5571 = LINE ( 'NONE', #1449, #1144 ) ;
#5572 = EDGE_CURVE ( 'NONE', #6488, #5271, #1167, .T. ) ;
#5573 = ORIENTED_EDGE ( 'NONE', *, *, #3673, .F. ) ;
#5574 = EDGE_CURVE ( 'NONE', #2065, #2463, #5611, .T. ) ;
#5575 = CARTESIAN_POINT ( 'NONE',  ( 8.433177425405322225, 2.791454495570343752, 5.000000000000000000 ) ) ;
#5576 = DIRECTION ( 'NONE',  ( -1.000000000000000000, 0.000000000000000000, 0.000000000000000000 ) ) ;
#5577 = CARTESIAN_POINT ( 'NONE',  ( -1.172468870887187320, -14.59480120161664907, 4.000000000000000888 ) ) ;
#5578 = VERTEX_POINT ( 'NONE', #138 ) ;
#5579 = ORIENTED_EDGE ( 'NONE', *, *, #4227, .F. ) ;
#5580 = EDGE_CURVE ( 'NONE', #2019, #4736, #1650, .T. ) ;
#5581 = CARTESIAN_POINT ( 'NONE',  ( 0.000000000000000000, 0.000000000000000000, 9.000000000000001776 ) ) ;
#5582 = CARTESIAN_POINT ( 'NONE',  ( 1.135291466346152855, -16.08502005987303107, 4.000000000000000000 ) ) ;
#5583 = CARTESIAN_POINT ( 'NONE',  ( -0.05426873046069794621, -14.49359961687093801, 3.999999999999998224 ) ) ;
#5584 = ORIENTED_EDGE ( 'NONE', *, *, #186, .T. ) ;
#5585 = LINE ( 'NONE', #3145, #6250 ) ;
#5586 = ORIENTED_EDGE ( 'NONE', *, *, #5275, .T. ) ;
#5587 = ORIENTED_EDGE ( 'NONE', *, *, #977, .T. ) ;
#5588 = EDGE_CURVE ( 'NONE', #3609, #5161, #1688, .T. ) ;
#5589 = VERTEX_POINT ( 'NONE', #1715 ) ;
#5590 = DIRECTION ( 'NONE',  ( 1.000000000000000000, -2.127171113256157107E-15, 0.000000000000000000 ) ) ;
#5591 = DIRECTION ( 'NONE',  ( -0.000000000000000000, -0.000000000000000000, -1.000000000000000000 ) ) ;
#5592 = CARTESIAN_POINT ( 'NONE',  ( -4.416506410256410220, -16.26437703102686783, 5.000000000000000888 ) ) ;
#5593 = CARTESIAN_POINT ( 'NONE',  ( -0.4388521634615394351, -17.79463544448841716, 4.000000000000000000 ) ) ;
#5594 = CARTESIAN_POINT ( 'NONE',  ( -0.4388521634615394351, -17.79463544448841716, 4.000000000000000000 ) ) ;
#5595 = LINE ( 'NONE', #5171, #1094 ) ;
#5596 = ORIENTED_EDGE ( 'NONE', *, *, #2595, .T. ) ;
#5597 = CARTESIAN_POINT ( 'NONE',  ( -4.396800232592905644, -15.41563927966092074, 3.999999999999999112 ) ) ;
#5598 = CARTESIAN_POINT ( 'NONE',  ( 0.4522893850970156060, -16.67878537271309014, 4.000000000000000888 ) ) ;
#5599 = ORIENTED_EDGE ( 'NONE', *, *, #5264, .F. ) ;
#5600 = DIRECTION ( 'NONE',  ( -0.5085404518589190515, 0.8610380995189043096, 0.000000000000000000 ) ) ;
#5601 = FACE_OUTER_BOUND ( 'NONE', #928, .T. ) ;
#5602 = ORIENTED_EDGE ( 'NONE', *, *, #65, .F. ) ;
#5603 = CARTESIAN_POINT ( 'NONE',  ( 23.49999999999999645, -17.50000000000000000, 5.000000000000000000 ) ) ;
#5604 = DIRECTION ( 'NONE',  ( -0.000000000000000000, -0.000000000000000000, -1.000000000000000000 ) ) ;
#5605 = DIRECTION ( 'NONE',  ( -0.000000000000000000, -0.000000000000000000, -1.000000000000000000 ) ) ;
#5606 = EDGE_LOOP ( 'NONE', ( #43, #2008, #707, #5178 ) ) ;
#5607 = ORIENTED_EDGE ( 'NONE', *, *, #550, .T. ) ;
#5608 = EDGE_CURVE ( 'NONE', #4269, #4092, #4479, .T. ) ;
#5609 = DIRECTION ( 'NONE',  ( -0.000000000000000000, -0.000000000000000000, -1.000000000000000000 ) ) ;
#5610 = CARTESIAN_POINT ( 'NONE',  ( -5.999999999999997335, -5.208545504429655360, 6.000000000000000888 ) ) ;
#5611 = LINE ( 'NONE', #3666, #361 ) ;
#5612 = CARTESIAN_POINT ( 'NONE',  ( -16.74999999999999645, 5.949455682166679971, 5.000000000000000000 ) ) ;
#5613 = ORIENTED_EDGE ( 'NONE', *, *, #3736, .F. ) ;
#5614 = FACE_BOUND ( 'NONE', #3460, .T. ) ;
#5615 = VERTEX_POINT ( 'NONE', #4234 ) ;
#5616 = ORIENTED_EDGE ( 'NONE', *, *, #692, .T. ) ;
#5617 = EDGE_CURVE ( 'NONE', #5852, #5840, #4634, .T. ) ;
#5618 = AXIS2_PLACEMENT_3D ( 'NONE', #4140, #648, #546 ) ;
#5619 = ORIENTED_EDGE ( 'NONE', *, *, #6405, .F. ) ;
#5620 = CARTESIAN_POINT ( 'NONE',  ( 1.709615384615383205, -14.53822518807815989, 5.000000000000000000 ) ) ;
#5621 = CARTESIAN_POINT ( 'NONE',  ( -21.49999999999998934, -14.49566939831962564, 9.000000000000001776 ) ) ;
#5622 = CARTESIAN_POINT ( 'NONE',  ( -3.834181635593693738, -15.58629100004424828, 5.000000000000002665 ) ) ;
#5623 = AXIS2_PLACEMENT_3D ( 'NONE', #2620, #3080, #3547 ) ;
#5624 = EDGE_CURVE ( 'NONE', #5366, #5865, #892, .T. ) ;
#5625 = VECTOR ( 'NONE', #3069, 1000.000000000000000 ) ;
#5626 = CARTESIAN_POINT ( 'NONE',  ( -1.503550947891522771, -17.46191191127223163, 4.000000000000001776 ) ) ;
#5627 = EDGE_CURVE ( 'NONE', #1203, #1927, #1615, .T. ) ;
#5628 = CARTESIAN_POINT ( 'NONE',  ( -1.874319610407004788, -17.06371774496270888, 3.999999999999998224 ) ) ;
#5629 = CARTESIAN_POINT ( 'NONE',  ( -6.999999999999997335, -8.208545504429656248, 6.000000000000000888 ) ) ;
#5630 = VERTEX_POINT ( 'NONE', #1197 ) ;
#5631 = FACE_OUTER_BOUND ( 'NONE', #3760, .T. ) ;
#5632 = VECTOR ( 'NONE', #6177, 1000.000000000000000 ) ;
#5633 = VECTOR ( 'NONE', #1881, 1000.000000000000000 ) ;
#5634 = CARTESIAN_POINT ( 'NONE',  ( -0.1338781851337362272, -17.19163327704407251, 5.000000000000000888 ) ) ;
#5635 = ORIENTED_EDGE ( 'NONE', *, *, #627, .T. ) ;
#5636 = CARTESIAN_POINT ( 'NONE',  ( -5.016271033653846523, -15.10809698294994519, 4.000000000000000000 ) ) ;
#5637 = DIRECTION ( 'NONE',  ( -1.000000000000000000, 0.000000000000000000, 0.000000000000000000 ) ) ;
#5638 = AXIS2_PLACEMENT_3D ( 'NONE', #991, #2931, #1512 ) ;
#5639 = ORIENTED_EDGE ( 'NONE', *, *, #5174, .T. ) ;
#5640 = FACE_OUTER_BOUND ( 'NONE', #2748, .T. ) ;
#5641 = FACE_OUTER_BOUND ( 'NONE', #30, .T. ) ;
#5642 = FACE_OUTER_BOUND ( 'NONE', #6118, .T. ) ;
#5643 = CARTESIAN_POINT ( 'NONE',  ( -27.73045543115249600, 21.72576775728266441, 0.000000000000000000 ) ) ;
#5644 = VERTEX_POINT ( 'NONE', #1091 ) ;
#5645 = ORIENTED_EDGE ( 'NONE', *, *, #3234, .T. ) ;
#5646 = CARTESIAN_POINT ( 'NONE',  ( -24.83598345761040704, 20.75790299228751223, 2.500000000000000000 ) ) ;
#5647 = CARTESIAN_POINT ( 'NONE',  ( -27.74999999999998224, -21.50000000000000000, 9.000000000000001776 ) ) ;
#5648 = CARTESIAN_POINT ( 'NONE',  ( 0.6058667180371160033, -17.42255314433825930, 3.999999999999999112 ) ) ;
#5649 = DIRECTION ( 'NONE',  ( -0.000000000000000000, -0.000000000000000000, 1.000000000000000000 ) ) ;
#5650 = EDGE_CURVE ( 'NONE', #3367, #4297, #6169, .T. ) ;
#5651 = ORIENTED_EDGE ( 'NONE', *, *, #4710, .T. ) ;
#5652 = DIRECTION ( 'NONE',  ( -0.000000000000000000, -0.000000000000000000, 1.000000000000000000 ) ) ;
#5653 = ORIENTED_EDGE ( 'NONE', *, *, #5345, .T. ) ;
#5654 = ORIENTED_EDGE ( 'NONE', *, *, #3333, .T. ) ;
#5655 = EDGE_LOOP ( 'NONE', ( #5619, #174, #2989, #3111, #5216, #5207, #238, #102, #4471, #5043, #5135, #1328, #960, #5914, #2357 ) ) ;
#5656 = DIRECTION ( 'NONE',  ( 1.000000000000000000, 0.000000000000000000, 0.000000000000000000 ) ) ;
#5657 = ORIENTED_EDGE ( 'NONE', *, *, #1312, .T. ) ;
#5658 = CARTESIAN_POINT ( 'NONE',  ( -4.317287660256409865, -17.71322518807814816, 4.000000000000000000 ) ) ;
#5659 = CARTESIAN_POINT ( 'NONE',  ( 22.50000000000000711, -21.49999999999999289, 9.000000000000001776 ) ) ;
#5660 = VECTOR ( 'NONE', #4362, 1000.000000000000000 ) ;
#5661 = DIRECTION ( 'NONE',  ( -0.000000000000000000, -0.000000000000000000, 1.000000000000000000 ) ) ;
#5662 = VECTOR ( 'NONE', #2125, 1000.000000000000000 ) ;
#5663 = LINE ( 'NONE', #1178, #1250 ) ;
#5664 = AXIS2_PLACEMENT_3D ( 'NONE', #370, #683, #6334 ) ;
#5665 = CARTESIAN_POINT ( 'NONE',  ( -0.5596769667581231733, -17.79296603475588157, 4.000000000000000000 ) ) ;
#5666 = AXIS2_PLACEMENT_3D ( 'NONE', #3407, #1435, #3945 ) ;
#5667 = CARTESIAN_POINT ( 'NONE',  ( 3.378525641025639903, -16.32925082910379899, 5.000000000000000000 ) ) ;
#5668 = VERTEX_POINT ( 'NONE', #5223 ) ;
#5669 = CARTESIAN_POINT ( 'NONE',  ( -4.950121727997546905, -15.10860986254749960, 4.000000000000000000 ) ) ;
#5670 = AXIS2_PLACEMENT_3D ( 'NONE', #6311, #4280, #1788 ) ;
#5671 = CARTESIAN_POINT ( 'NONE',  ( -0.005594862366429914115, -17.14803323146775682, 3.999999999999999112 ) ) ;
#5672 = EDGE_CURVE ( 'NONE', #5109, #3273, #5747, .T. ) ;
#5673 = FACE_OUTER_BOUND ( 'NONE', #3953, .T. ) ;
#5674 = AXIS2_PLACEMENT_3D ( 'NONE', #1596, #3607, #5910 ) ;
#5675 = FACE_OUTER_BOUND ( 'NONE', #3103, .T. ) ;
#5676 = CIRCLE ( 'NONE', #5038, 1.749999999999998002 ) ;
#5677 = ORIENTED_EDGE ( 'NONE', *, *, #5944, .F. ) ;
#5678 = CARTESIAN_POINT ( 'NONE',  ( -30.01888746451763623, 17.85109630944759473, 0.000000000000000000 ) ) ;
#5679 = DIRECTION ( 'NONE',  ( -1.000000000000000000, -0.000000000000000000, -0.000000000000000000 ) ) ;
#5680 = CYLINDRICAL_SURFACE ( 'NONE', #5026, 5.000000000000000888 ) ;
#5681 = ADVANCED_FACE ( 'NONE', ( #1131 ), #2703, .F. ) ;
#5682 = CARTESIAN_POINT ( 'NONE',  ( -3.297115384615386446, -14.53822518807815989, 4.000000000000000000 ) ) ;
#5683 = ORIENTED_EDGE ( 'NONE', *, *, #2048, .F. ) ;
#5684 = ORIENTED_EDGE ( 'NONE', *, *, #637, .T. ) ;
#5685 = AXIS2_PLACEMENT_3D ( 'NONE', #3648, #193, #3162 ) ;
#5686 = ORIENTED_EDGE ( 'NONE', *, *, #537, .F. ) ;
#5687 = CARTESIAN_POINT ( 'NONE',  ( -22.72792206135785875, -8.500000000000000000, 9.000000000000001776 ) ) ;
#5688 = CARTESIAN_POINT ( 'NONE',  ( 1.056970118288208749, -16.73078866166472523, 5.000000000000002665 ) ) ;
#5689 = DIRECTION ( 'NONE',  ( -1.000000000000000000, 0.000000000000000000, 0.000000000000000000 ) ) ;
#5690 = ORIENTED_EDGE ( 'NONE', *, *, #352, .T. ) ;
#5691 = CARTESIAN_POINT ( 'NONE',  ( 3.948397435897434526, -17.71322518807815882, 5.000000000000000000 ) ) ;
#5692 = VERTEX_POINT ( 'NONE', #2736 ) ;
#5693 = ORIENTED_EDGE ( 'NONE', *, *, #3213, .F. ) ;
#5694 = CARTESIAN_POINT ( 'NONE',  ( 23.36898548953931609, -14.67500000000000782, 2.500000000000000000 ) ) ;
#5695 = DIRECTION ( 'NONE',  ( -1.000000000000000000, 0.000000000000000000, 0.000000000000000000 ) ) ;
#5696 = CARTESIAN_POINT ( 'NONE',  ( -1.584886816495615136, -16.22271571005266466, 3.999999999999999112 ) ) ;
#5697 = EDGE_CURVE ( 'NONE', #4770, #3764, #4665, .T. ) ;
#5698 = CARTESIAN_POINT ( 'NONE',  ( -3.826282051282051011, -15.44009818487302077, 5.000000000000000888 ) ) ;
#5699 = ADVANCED_FACE ( 'NONE', ( #3100 ), #4760, .T. ) ;
#5700 = CARTESIAN_POINT ( 'NONE',  ( -0.4793661538925714227, -17.79407567159341497, 4.999999999999992895 ) ) ;
#5701 = CARTESIAN_POINT ( 'NONE',  ( -1.985865553552944585, -16.86759056696600112, 4.000000000000000000 ) ) ;
#5702 = CARTESIAN_POINT ( 'NONE',  ( -5.542860565386886762, 2.791454495570344196, 10.00000000000000000 ) ) ;
#5703 = ORIENTED_EDGE ( 'NONE', *, *, #5463, .F. ) ;
#5704 = CARTESIAN_POINT ( 'NONE',  ( -4.410669370802089873, -15.33500174084944945, 4.999999999999998224 ) ) ;
#5705 = CARTESIAN_POINT ( 'NONE',  ( 0.3923545424545350491, -16.79183658148754432, 4.000000000000001776 ) ) ;
#5706 = CARTESIAN_POINT ( 'NONE',  ( -24.99999999999999645, -17.50000000000000000, 2.500000000000000000 ) ) ;
#5707 = CARTESIAN_POINT ( 'NONE',  ( 27.90343502558110700, 16.01309099620652532, 2.500000000000000000 ) ) ;
#5708 = DIRECTION ( 'NONE',  ( 0.000000000000000000, 0.000000000000000000, -1.000000000000000000 ) ) ;
#5709 = CARTESIAN_POINT ( 'NONE',  ( 0.5300225163811714824, -17.48634633336101629, 4.000000000000000000 ) ) ;
#5710 = CARTESIAN_POINT ( 'NONE',  ( 28.26202902092138913, -17.50000000000000711, 2.500000000000000000 ) ) ;
#5711 = DIRECTION ( 'NONE',  ( 1.000000000000000000, 0.000000000000000000, 0.000000000000000000 ) ) ;
#5712 = ORIENTED_EDGE ( 'NONE', *, *, #5523, .T. ) ;
#5713 = VERTEX_POINT ( 'NONE', #602 ) ;
#5714 = PLANE ( 'NONE',  #5871 ) ;
#5715 = ADVANCED_FACE ( 'NONE', ( #2238 ), #4074, .T. ) ;
#5716 = CARTESIAN_POINT ( 'NONE',  ( -0.4008797502170329818, -17.79406859651345485, 3.999999999999999112 ) ) ;
#5717 = DIRECTION ( 'NONE',  ( -0.000000000000000000, -0.000000000000000000, -1.000000000000000000 ) ) ;
#5718 = ORIENTED_EDGE ( 'NONE', *, *, #3532, .F. ) ;
#5719 = CARTESIAN_POINT ( 'NONE',  ( -23.18380419571102991, 13.69266036901629313, 5.000000000000000000 ) ) ;
#5720 = VERTEX_POINT ( 'NONE', #4132 ) ;
#5721 = EDGE_CURVE ( 'NONE', #232, #3367, #6134, .T. ) ;
#5722 = DIRECTION ( 'NONE',  ( 2.127171113256157501E-15, 1.000000000000000000, -0.000000000000000000 ) ) ;
#5723 = CARTESIAN_POINT ( 'NONE',  ( 22.26058151680846819, 15.72900601150596600, 0.000000000000000000 ) ) ;
#5724 = CARTESIAN_POINT ( 'NONE',  ( -0.4675222294235520937, -17.22381282794947310, 4.000000000000000000 ) ) ;
#5725 = DIRECTION ( 'NONE',  ( -0.000000000000000000, -0.000000000000000000, -1.000000000000000000 ) ) ;
#5726 = AXIS2_PLACEMENT_3D ( 'NONE', #1370, #5273, #285 ) ;
#5727 = CARTESIAN_POINT ( 'NONE',  ( -8.799999999999998934, 2.791454495570343752, 5.000000000000000000 ) ) ;
#5728 = CARTESIAN_POINT ( 'NONE',  ( -4.229231431474234526, -14.68320588092989887, 3.999999999999999112 ) ) ;
#5729 = EDGE_LOOP ( 'NONE', ( #6414, #685, #4755, #1514, #5924 ) ) ;
#5730 = CARTESIAN_POINT ( 'NONE',  ( -0.2064802702917326593, -15.05100548843820896, 3.999999999999998224 ) ) ;
#5731 = ADVANCED_FACE ( 'NONE', ( #2900 ), #6423, .F. ) ;
#5732 = CARTESIAN_POINT ( 'NONE',  ( 0.1105153617737233834, -17.08736688799039172, 5.000000000000000888 ) ) ;
#5733 = AXIS2_PLACEMENT_3D ( 'NONE', #4371, #713, #5295 ) ;
#5734 = CARTESIAN_POINT ( 'NONE',  ( 26.63101451046069812, -14.67500000000001492, 0.000000000000000000 ) ) ;
#5735 = DIRECTION ( 'NONE',  ( -0.000000000000000000, -0.000000000000000000, -1.000000000000000000 ) ) ;
#5736 = CARTESIAN_POINT ( 'NONE',  ( -2.126810159812754009, -16.44571100181040535, 4.000000000000002665 ) ) ;
#5737 = VECTOR ( 'NONE', #3739, 1000.000000000000000 ) ;
#5738 = VECTOR ( 'NONE', #4212, 999.9999999999998863 ) ;
#5739 = DIRECTION ( 'NONE',  ( -0.000000000000000000, -0.000000000000000000, -1.000000000000000000 ) ) ;
#5740 = LINE ( 'NONE', #1223, #710 ) ;
#5741 = DIRECTION ( 'NONE',  ( -1.000000000000000000, 0.000000000000000000, 0.000000000000000000 ) ) ;
#5742 = VERTEX_POINT ( 'NONE', #334 ) ;
#5743 = LINE ( 'NONE', #1226, #4088 ) ;
#5744 = CIRCLE ( 'NONE', #1420, 3.257139434613112172 ) ;
#5745 = CARTESIAN_POINT ( 'NONE',  ( -22.72792206135785875, -8.500000000000000000, 5.000000000000000000 ) ) ;
#5746 = DIRECTION ( 'NONE',  ( -1.000000000000000000, 0.000000000000000000, 0.000000000000000000 ) ) ;
#5747 = LINE ( 'NONE', #706, #1623 ) ;
#5748 = VECTOR ( 'NONE', #3481, 1000.000000000000000 ) ;
#5749 = ORIENTED_EDGE ( 'NONE', *, *, #6426, .T. ) ;
#5750 = ADVANCED_FACE ( 'NONE', ( #5385 ), #1877, .F. ) ;
#5751 = CARTESIAN_POINT ( 'NONE',  ( -1.458819483906499626, -16.63863675248896712, 5.000000000000000888 ) ) ;
#5752 = ORIENTED_EDGE ( 'NONE', *, *, #3887, .F. ) ;
#5753 = EDGE_CURVE ( 'NONE', #3553, #2902, #3300, .T. ) ;
#5754 = CARTESIAN_POINT ( 'NONE',  ( -3.297115384615386446, -17.71322518807815882, 4.000000000000000000 ) ) ;
#5755 = DIRECTION ( 'NONE',  ( -1.000000000000000000, 0.000000000000000000, 0.000000000000000000 ) ) ;
#5756 = EDGE_CURVE ( 'NONE', #466, #3018, #5981, .T. ) ;
#5757 = B_SPLINE_CURVE_WITH_KNOTS ( 'NONE', 3,
 ( #4403, #3394, #2810, #4892, #3932, #838, #3903, #4834, #1880, #5199, #2401 ),
 .UNSPECIFIED., .F., .F.,
 ( 4, 1, 1, 1, 1, 1, 1, 1, 4 ),
 ( 0.000000000000000000, 0.1117990193876810812, 0.2273961124226544228, 0.3456566425208962845, 0.4673998441801986981, 0.5942080136976000126, 0.7246775297613277100, 0.8596471198548495396, 0.9999999999999998890 ),
 .UNSPECIFIED. ) ;
#5758 = CARTESIAN_POINT ( 'NONE',  ( -0.2749293940584462415, -17.21656230410016519, 5.000000000000000000 ) ) ;
#5759 = ORIENTED_EDGE ( 'NONE', *, *, #5537, .T. ) ;
#5760 = CARTESIAN_POINT ( 'NONE',  ( -4.416506410256410220, -16.26437703102686783, 4.000000000000000000 ) ) ;
#5761 = CARTESIAN_POINT ( 'NONE',  ( -4.834456291209126455, -15.75577356204661506, 5.000000000000000000 ) ) ;
#5762 = ORIENTED_EDGE ( 'NONE', *, *, #5369, .T. ) ;
#5763 = CARTESIAN_POINT ( 'NONE',  ( -1.542582277911255240, -16.43954842584754061, 4.000000000000002665 ) ) ;
#5764 = CIRCLE ( 'NONE', #919, 5.000000000000004441 ) ;
#5765 = LINE ( 'NONE', #4285, #5411 ) ;
#5766 = LINE ( 'NONE', #5274, #5972 ) ;
#5767 = DIRECTION ( 'NONE',  ( 1.000000000000000000, 2.127171113256150401E-15, 0.000000000000000000 ) ) ;
#5768 = DIRECTION ( 'NONE',  ( 0.000000000000000000, 1.000000000000000000, 0.000000000000000000 ) ) ;
#5769 = CIRCLE ( 'NONE', #3551, 5.000000000000000888 ) ;
#5770 = DIRECTION ( 'NONE',  ( -0.000000000000000000, -0.000000000000000000, -1.000000000000000000 ) ) ;
#5771 = CARTESIAN_POINT ( 'NONE',  ( -0.9075435334973613877, -15.10372660975241743, 5.000000000000000000 ) ) ;
#5772 = FACE_OUTER_BOUND ( 'NONE', #5069, .T. ) ;
#5773 = ORIENTED_EDGE ( 'NONE', *, *, #976, .F. ) ;
#5774 = FACE_OUTER_BOUND ( 'NONE', #4000, .T. ) ;
#5775 = EDGE_CURVE ( 'NONE', #1749, #5840, #1354, .T. ) ;
#5776 = CARTESIAN_POINT ( 'NONE',  ( -22.49999999999999289, -20.50000000000000000, 9.000000000000001776 ) ) ;
#5777 = EDGE_CURVE ( 'NONE', #1617, #3169, #5875, .T. ) ;
#5778 = ORIENTED_EDGE ( 'NONE', *, *, #1492, .T. ) ;
#5779 = DIRECTION ( 'NONE',  ( -1.000000000000000000, 3.454194652434726471E-16, 0.000000000000000000 ) ) ;
#5780 = CARTESIAN_POINT ( 'NONE',  ( -12.05713943461311111, 2.791454495570343752, 6.000000000000011546 ) ) ;
#5781 = CIRCLE ( 'NONE', #3561, 3.257139434613112172 ) ;
#5782 = AXIS2_PLACEMENT_3D ( 'NONE', #1892, #5525, #2441 ) ;
#5783 = ADVANCED_FACE ( 'NONE', ( #4300 ), #3826, .T. ) ;
#5784 = EDGE_LOOP ( 'NONE', ( #4433, #1050 ) ) ;
#5785 = EDGE_CURVE ( 'NONE', #3169, #1915, #3798, .T. ) ;
#5786 = CARTESIAN_POINT ( 'NONE',  ( -21.49999999999999289, -20.50000000000000000, 5.000000000000000000 ) ) ;
#5787 = VERTEX_POINT ( 'NONE', #1842 ) ;
#5788 = CARTESIAN_POINT ( 'NONE',  ( -4.413061768836471721, -15.54982462116395681, 4.000000000000000888 ) ) ;
#5789 = DIRECTION ( 'NONE',  ( -1.000000000000000000, 0.000000000000000000, 0.000000000000000000 ) ) ;
#5790 = CARTESIAN_POINT ( 'NONE',  ( 0.3520804037182353463, -16.85313485653561472, 4.999999999999998224 ) ) ;
#5791 = EDGE_LOOP ( 'NONE', ( #5749, #1541, #5298, #982, #2865, #445 ) ) ;
#5792 = CARTESIAN_POINT ( 'NONE',  ( 2.279487179487178050, -14.53822518807815989, 4.000000000000000000 ) ) ;
#5793 = EDGE_CURVE ( 'NONE', #5644, #6207, #4432, .T. ) ;
#5794 = FACE_OUTER_BOUND ( 'NONE', #2651, .T. ) ;
#5795 = VERTEX_POINT ( 'NONE', #5780 ) ;
#5796 = DIRECTION ( 'NONE',  ( -0.000000000000000000, -0.000000000000000000, -1.000000000000000000 ) ) ;
#5797 = DIRECTION ( 'NONE',  ( 1.000000000000000000, 2.127171113256157107E-15, -0.000000000000000000 ) ) ;
#5798 = CARTESIAN_POINT ( 'NONE',  ( -4.340546524786211613, -14.62919056945143126, 3.999999999999999112 ) ) ;
#5799 = DIRECTION ( 'NONE',  ( -0.000000000000000000, 0.000000000000000000, 1.000000000000000000 ) ) ;
#5800 = EDGE_CURVE ( 'NONE', #3169, #3776, #2307, .T. ) ;
#5801 = CARTESIAN_POINT ( 'NONE',  ( -1.740780248397436836, -15.01205832109098104, 4.000000000000000000 ) ) ;
#5802 = VERTEX_POINT ( 'NONE', #2806 ) ;
#5803 = CARTESIAN_POINT ( 'NONE',  ( -0.4477564102564112192, -16.08502005987303107, 4.000000000000000000 ) ) ;
#5804 = DIRECTION ( 'NONE',  ( -0.7071067811865451302, 0.000000000000000000, -0.7071067811865500152 ) ) ;
#5805 = DIRECTION ( 'NONE',  ( -0.000000000000000000, -0.000000000000000000, -1.000000000000000000 ) ) ;
#5806 = ORIENTED_EDGE ( 'NONE', *, *, #1219, .F. ) ;
#5807 = LINE ( 'NONE', #3387, #5564 ) ;
#5808 = CARTESIAN_POINT ( 'NONE',  ( -0.5296705452097960620, 8.500000000000000000, 5.000000000000000000 ) ) ;
#5809 = VERTEX_POINT ( 'NONE', #5287 ) ;
#5810 = SURFACE_STYLE_USAGE ( .BOTH. , #860 ) ;
#5811 = CARTESIAN_POINT ( 'NONE',  ( 0.2637568111321476061, -16.96162177422654693, 3.999999999999998224 ) ) ;
#5812 = EDGE_CURVE ( 'NONE', #1986, #4930, #5841, .T. ) ;
#5813 = ORIENTED_EDGE ( 'NONE', *, *, #1510, .T. ) ;
#5814 = ORIENTED_EDGE ( 'NONE', *, *, #1454, .T. ) ;
#5815 = FACE_OUTER_BOUND ( 'NONE', #4068, .T. ) ;
#5816 = CARTESIAN_POINT ( 'NONE',  ( -22.72792206135785875, -8.500000000000000000, 5.000000000000000000 ) ) ;
#5817 = LINE ( 'NONE', #4805, #5510 ) ;
#5818 = ORIENTED_EDGE ( 'NONE', *, *, #3281, .F. ) ;
#5819 = DIRECTION ( 'NONE',  ( -0.000000000000000000, -0.000000000000000000, -1.000000000000000000 ) ) ;
#5820 = EDGE_CURVE ( 'NONE', #1120, #1976, #5020, .T. ) ;
#5821 = CARTESIAN_POINT ( 'NONE',  ( -4.866102240875034290, -14.54340779600977385, 3.999999999999999112 ) ) ;
#5822 = CARTESIAN_POINT ( 'NONE',  ( -0.3372951039804216178, -15.03092100961549527, 5.000000000000001776 ) ) ;
#5823 = DIRECTION ( 'NONE',  ( -0.000000000000000000, -0.000000000000000000, 1.000000000000000000 ) ) ;
#5824 = EDGE_CURVE ( 'NONE', #4087, #3820, #1386, .T. ) ;
#5825 = LINE ( 'NONE', #255, #2610 ) ;
#5826 = CIRCLE ( 'NONE', #5726, 1.749999999999998002 ) ;
#5827 = FACE_OUTER_BOUND ( 'NONE', #3423, .T. ) ;
#5828 = EDGE_CURVE ( 'NONE', #3909, #4070, #2962, .T. ) ;
#5829 = CARTESIAN_POINT ( 'NONE',  ( -2.157371794871795867, -16.10982474737303249, 4.000000000000000000 ) ) ;
#5830 = DIRECTION ( 'NONE',  ( -6.672013369141565463E-17, -1.000000000000000000, 0.000000000000000000 ) ) ;
#5831 = ORIENTED_EDGE ( 'NONE', *, *, #5854, .T. ) ;
#5832 = CARTESIAN_POINT ( 'NONE',  ( -0.4706530448717958781, -15.02668672653969750, 4.000000000000000000 ) ) ;
#5833 = VECTOR ( 'NONE', #3485, 1000.000000000000000 ) ;
#5834 = PLANE ( 'NONE',  #5321 ) ;
#5835 = EDGE_LOOP ( 'NONE', ( #3838, #2891, #91, #1494, #4801, #6504 ) ) ;
#5836 = DIRECTION ( 'NONE',  ( -0.4511465413988245965, 0.8924498855307666512, 0.000000000000000000 ) ) ;
#5837 = CARTESIAN_POINT ( 'NONE',  ( 21.50000000000000000, -14.49566939831962209, 5.000000000000000000 ) ) ;
#5838 = AXIS2_PLACEMENT_3D ( 'NONE', #3212, #3703, #6239 ) ;
#5839 = VECTOR ( 'NONE', #1947, 1000.000000000000000 ) ;
#5840 = VERTEX_POINT ( 'NONE', #5 ) ;
#5841 = LINE ( 'NONE', #5905, #5128 ) ;
#5842 = VECTOR ( 'NONE', #5215, 1000.000000000000000 ) ;
#5843 = ORIENTED_EDGE ( 'NONE', *, *, #6444, .T. ) ;
#5844 = AXIS2_PLACEMENT_3D ( 'NONE', #2712, #646, #6238 ) ;
#5845 = ORIENTED_EDGE ( 'NONE', *, *, #812, .F. ) ;
#5846 = EDGE_CURVE ( 'NONE', #4388, #4083, #4026, .T. ) ;
#5847 = AXIS2_PLACEMENT_3D ( 'NONE', #3166, #2630, #631 ) ;
#5848 = LINE ( 'NONE', #903, #2816 ) ;
#5849 = LINE ( 'NONE', #1325, #1103 ) ;
#5850 = CARTESIAN_POINT ( 'NONE',  ( -2.727243589743591379, -14.53822518807815989, 4.000000000000000000 ) ) ;
#5851 = DIRECTION ( 'NONE',  ( 0.000000000000000000, 0.000000000000000000, -1.000000000000000000 ) ) ;
#5852 = VERTEX_POINT ( 'NONE', #1905 ) ;
#5853 = DIRECTION ( 'NONE',  ( 1.000000000000000000, -2.127171113256150401E-15, 0.000000000000000000 ) ) ;
#5854 = EDGE_CURVE ( 'NONE', #1356, #2959, #1652, .T. ) ;
#5855 = VERTEX_POINT ( 'NONE', #1483 ) ;
#5856 = ADVANCED_FACE ( 'NONE', ( #3527 ), #3787, .T. ) ;
#5857 = CARTESIAN_POINT ( 'NONE',  ( -4.477302839344638130, -14.58902508889043581, 3.999999999999999112 ) ) ;
#5858 = CARTESIAN_POINT ( 'NONE',  ( -1.400214113048630971, -16.73089921575636296, 5.000000000000000888 ) ) ;
#5859 = CARTESIAN_POINT ( 'NONE',  ( -5.210256410256410398, -15.75937903423199593, 5.000000000001044498 ) ) ;
#5860 = CARTESIAN_POINT ( 'NONE',  ( -3.933806712607696543, -14.98990429835600757, 3.999999999999999112 ) ) ;
#5861 = DIRECTION ( 'NONE',  ( 1.000000000000000000, 0.000000000000000000, 0.000000000000000000 ) ) ;
#5862 = DIRECTION ( 'NONE',  ( 1.000000000000000000, 0.000000000000000000, 0.000000000000000000 ) ) ;
#5863 = VECTOR ( 'NONE', #3890, 1000.000000000000000 ) ;
#5864 = CARTESIAN_POINT ( 'NONE',  ( 26.50000000000000000, -17.50000000000000000, 9.000000000000001776 ) ) ;
#5865 = VERTEX_POINT ( 'NONE', #3998 ) ;
#5866 = LINE ( 'NONE', #1254, #1753 ) ;
#5867 = CARTESIAN_POINT ( 'NONE',  ( 3.948397435897434526, -14.53822518807815989, 5.000000000000000000 ) ) ;
#5868 = ORIENTED_EDGE ( 'NONE', *, *, #874, .T. ) ;
#5869 = CARTESIAN_POINT ( 'NONE',  ( -24.37302610677949488, 13.64553457179598972, 9.000000000000001776 ) ) ;
#5870 = CARTESIAN_POINT ( 'NONE',  ( -21.73797097907860731, -17.50000000000002132, 0.000000000000000000 ) ) ;
#5871 = AXIS2_PLACEMENT_3D ( 'NONE', #600, #3198, #3627 ) ;
#5872 = ORIENTED_EDGE ( 'NONE', *, *, #6246, .T. ) ;
#5873 = ADVANCED_FACE ( 'NONE', ( #5015 ), #1418, .F. ) ;
#5874 = SURFACE_STYLE_FILL_AREA ( #766 ) ;
#5875 = LINE ( 'NONE', #2866, #178 ) ;
#5876 = VECTOR ( 'NONE', #3533, 1000.000000000000000 ) ;
#5877 = CIRCLE ( 'NONE', #6185, 1.366822574594681150 ) ;
#5878 = ORIENTED_EDGE ( 'NONE', *, *, #1036, .F. ) ;
#5879 = AXIS2_PLACEMENT_3D ( 'NONE', #4778, #5799, #2793 ) ;
#5880 = VERTEX_POINT ( 'NONE', #533 ) ;
#5881 = CIRCLE ( 'NONE', #2184, 1.000000000000000888 ) ;
#5882 = CARTESIAN_POINT ( 'NONE',  ( 0.3453241295916130160, -14.61799375485804831, 4.999999999999999112 ) ) ;
#5883 = CARTESIAN_POINT ( 'NONE',  ( -5.780128205128205465, -14.53822518807814923, 4.000000000000000000 ) ) ;
#5884 = FACE_OUTER_BOUND ( 'NONE', #5475, .T. ) ;
#5885 = DIRECTION ( 'NONE',  ( -0.000000000000000000, -0.000000000000000000, -1.000000000000000000 ) ) ;
#5886 = ORIENTED_EDGE ( 'NONE', *, *, #1909, .F. ) ;
#5887 = PLANE ( 'NONE',  #2490 ) ;
#5888 = ORIENTED_EDGE ( 'NONE', *, *, #2530, .F. ) ;
#5889 = CARTESIAN_POINT ( 'NONE',  ( -4.042379089280638382, -14.83613371534582548, 4.999999999999995559 ) ) ;
#5890 = DIRECTION ( 'NONE',  ( -1.000000000000000000, 0.000000000000000000, 0.000000000000000000 ) ) ;
#5891 = EDGE_CURVE ( 'NONE', #4357, #2628, #2494, .T. ) ;
#5892 = CARTESIAN_POINT ( 'NONE',  ( 7.000000000000003553, -6.208545504429656248, 10.00000000000000000 ) ) ;
#5893 = EDGE_CURVE ( 'NONE', #1199, #2089, #562, .T. ) ;
#5894 = DIRECTION ( 'NONE',  ( 1.000000000000000000, 0.000000000000000000, 0.000000000000000000 ) ) ;
#5895 = DIRECTION ( 'NONE',  ( 1.000000000000000000, 0.000000000000000000, 0.000000000000000000 ) ) ;
#5896 = CARTESIAN_POINT ( 'NONE',  ( -3.834181635593693738, -15.58629100004424828, 4.000000000000001776 ) ) ;
#5897 = CARTESIAN_POINT ( 'NONE',  ( 0.3828798071373376577, -15.35474784654162583, 4.000000000000000000 ) ) ;
#5898 = CYLINDRICAL_SURFACE ( 'NONE', #1658, 3.366822574594681150 ) ;
#5899 = DIRECTION ( 'NONE',  ( 0.000000000000000000, -1.000000000000000000, 0.000000000000000000 ) ) ;
#5900 = ORIENTED_EDGE ( 'NONE', *, *, #1682, .F. ) ;
#5901 = DIRECTION ( 'NONE',  ( 1.000000000000000000, 0.000000000000000000, 0.000000000000000000 ) ) ;
#5902 = DIRECTION ( 'NONE',  ( 0.000000000000000000, 1.000000000000000000, 0.000000000000000000 ) ) ;
#5903 = ORIENTED_EDGE ( 'NONE', *, *, #1053, .T. ) ;
#5904 = LINE ( 'NONE', #2273, #4696 ) ;
#5905 = CARTESIAN_POINT ( 'NONE',  ( -5.210256410256410398, -16.32925082910378833, 5.000000000000000000 ) ) ;
#5906 = ORIENTED_EDGE ( 'NONE', *, *, #655, .F. ) ;
#5907 = ORIENTED_EDGE ( 'NONE', *, *, #2689, .F. ) ;
#5908 = EDGE_CURVE ( 'NONE', #4639, #1015, #2131, .T. ) ;
#5909 = ADVANCED_FACE ( 'NONE', ( #3130 ), #4193, .F. ) ;
#5910 = DIRECTION ( 'NONE',  ( -1.000000000000000000, 0.000000000000000000, 0.000000000000000000 ) ) ;
#5911 = LINE ( 'NONE', #3395, #5102 ) ;
#5912 = CARTESIAN_POINT ( 'NONE',  ( 22.09656497441888234, 18.98690900379348534, 0.000000000000000000 ) ) ;
#5913 = CARTESIAN_POINT ( 'NONE',  ( 0.4500339802339450301, -17.54444440201391586, 5.000000000000000888 ) ) ;
#5914 = ORIENTED_EDGE ( 'NONE', *, *, #2916, .F. ) ;
#5915 = CARTESIAN_POINT ( 'NONE',  ( -1.185910729648386841, -15.26743809971057431, 4.000000000000000888 ) ) ;
#5916 = LINE ( 'NONE', #1987, #576 ) ;
#5917 = FACE_OUTER_BOUND ( 'NONE', #4566, .T. ) ;
#5918 = CARTESIAN_POINT ( 'NONE',  ( -8.799999999999998934, 2.791454495570343752, 10.00000000000000000 ) ) ;
#5919 = CARTESIAN_POINT ( 'NONE',  ( -23.36898548953929833, -20.32500000000001705, 2.500000000000000000 ) ) ;
#5920 = PLANE ( 'NONE',  #3349 ) ;
#5921 = ADVANCED_FACE ( 'NONE', ( #5642 ), #6179, .T. ) ;
#5922 = CARTESIAN_POINT ( 'NONE',  ( -4.278274748009652129, -16.20625942290764243, 4.000000000000000000 ) ) ;
#5923 = CARTESIAN_POINT ( 'NONE',  ( -0.05426873046069794621, -14.49359961687093801, 4.999999999999998224 ) ) ;
#5924 = ORIENTED_EDGE ( 'NONE', *, *, #5721, .F. ) ;
#5925 = CARTESIAN_POINT ( 'NONE',  ( -4.993586386531498889, -15.10827286525999469, 4.000000000000000888 ) ) ;
#5926 = CARTESIAN_POINT ( 'NONE',  ( 27.75000000000000355, -21.50000000000000000, 0.000000000000000000 ) ) ;
#5927 = VERTEX_POINT ( 'NONE', #6162 ) ;
#5928 = CARTESIAN_POINT ( 'NONE',  ( -4.601928236847449227, -15.71775222769595715, 4.000000000000000888 ) ) ;
#5929 = CARTESIAN_POINT ( 'NONE',  ( 4.925320512820510643, -15.10809698294995584, 4.000000000000000000 ) ) ;
#5930 = ORIENTED_EDGE ( 'NONE', *, *, #1756, .T. ) ;
#5931 = AXIS2_PLACEMENT_3D ( 'NONE', #18, #3912, #2440 ) ;
#5932 = LINE ( 'NONE', #5538, #5947 ) ;
#5933 = CARTESIAN_POINT ( 'NONE',  ( -1.090818994479551218, -14.56205269406144787, 4.999999999999998224 ) ) ;
#5934 = ORIENTED_EDGE ( 'NONE', *, *, #416, .T. ) ;
#5935 = ORIENTED_EDGE ( 'NONE', *, *, #2489, .F. ) ;
#5936 = CIRCLE ( 'NONE', #4904, 1.000000000000000888 ) ;
#5937 = CIRCLE ( 'NONE', #5733, 1.000000000000000888 ) ;
#5938 = CARTESIAN_POINT ( 'NONE',  ( 22.53798701022631334, -13.49639116526635085, 9.000000000000001776 ) ) ;
#5939 = DIRECTION ( 'NONE',  ( -0.4511465413988245965, 0.8924498855307666512, 0.000000000000000000 ) ) ;
#5940 = VECTOR ( 'NONE', #1747, 1000.000000000000000 ) ;
#5941 = CARTESIAN_POINT ( 'NONE',  ( -5.542860565386886762, 2.791454495570344196, 6.000000000000011546 ) ) ;
#5942 = ORIENTED_EDGE ( 'NONE', *, *, #2862, .T. ) ;
#5943 = CARTESIAN_POINT ( 'NONE',  ( 1.138028416491992489, -16.32480747610149052, 4.999999999999999112 ) ) ;
#5944 = EDGE_CURVE ( 'NONE', #6340, #2502, #6198, .T. ) ;
#5945 = ORIENTED_EDGE ( 'NONE', *, *, #1176, .T. ) ;
#5946 = CARTESIAN_POINT ( 'NONE',  ( -22.26058151680846819, 15.72900601150596600, 2.500000000000000000 ) ) ;
#5947 = VECTOR ( 'NONE', #4496, 1000.000000000000000 ) ;
#5948 = EDGE_CURVE ( 'NONE', #1120, #1609, #2064, .T. ) ;
#5949 = CARTESIAN_POINT ( 'NONE',  ( -3.826947786166486232, -15.36911249176501748, 4.999999999999997335 ) ) ;
#5950 = PLANE ( 'NONE',  #1448 ) ;
#5951 = AXIS2_PLACEMENT_3D ( 'NONE', #6413, #951, #22 ) ;
#5952 = CARTESIAN_POINT ( 'NONE',  ( -4.085078278190096945, -14.79228298569620925, 5.000000000000000000 ) ) ;
#5953 = FACE_OUTER_BOUND ( 'NONE', #808, .T. ) ;
#5954 = CARTESIAN_POINT ( 'NONE',  ( -24.99999999999999645, -17.50000000000000000, 9.000000000000001776 ) ) ;
#5955 = CARTESIAN_POINT ( 'NONE',  ( 24.83598345761040704, 20.75790299228751223, 2.500000000000000000 ) ) ;
#5956 = LINE ( 'NONE', #585, #885 ) ;
#5957 = ORIENTED_EDGE ( 'NONE', *, *, #4464, .F. ) ;
#5958 = DIRECTION ( 'NONE',  ( -0.000000000000000000, 0.000000000000000000, -1.000000000000000000 ) ) ;
#5959 = B_SPLINE_CURVE_WITH_KNOTS ( 'NONE', 3,
 ( #1750, #2214, #6236, #2775, #1717, #3733, #5751, #5289, #5227, #1231, #3240, #4799, #4763, #4704, #176, #4208, #5260, #6208, #1200 ),
 .UNSPECIFIED., .F., .F.,
 ( 4, 1, 1, 1, 1, 1, 1, 1, 1, 1, 1, 1, 1, 1, 1, 1, 4 ),
 ( 0.000000000000000000, 0.06387922505487494962, 0.1258508182289635458, 0.1864720878710259822, 0.2464764795622997329, 0.3062584143630093236, 0.3669511756525886681, 0.4288608758525596643, 0.4925686815092669701, 0.5566061100449879451, 0.6190867352860935924, 0.6810492005977589747, 0.7427850667630342407, 0.8048964525180758445, 0.8678490598723974658, 0.9329329606759886317, 1.000000000000000000 ),
 .UNSPECIFIED. ) ;
#5960 = CARTESIAN_POINT ( 'NONE',  ( 0.2897196025698228761, -14.59492753222951578, 4.000000000000000000 ) ) ;
#5961 = VERTEX_POINT ( 'NONE', #632 ) ;
#5962 = CARTESIAN_POINT ( 'NONE',  ( -4.834456291209126455, -15.75577356204661506, 4.000000000000000000 ) ) ;
#5963 = FACE_OUTER_BOUND ( 'NONE', #5504, .T. ) ;
#5964 = ORIENTED_EDGE ( 'NONE', *, *, #3208, .T. ) ;
#5965 = CARTESIAN_POINT ( 'NONE',  ( 3.378525641025639903, -16.32925082910379899, 4.000000000000000000 ) ) ;
#5966 = DIRECTION ( 'NONE',  ( -0.000000000000000000, -0.000000000000000000, -1.000000000000000000 ) ) ;
#5967 = ORIENTED_EDGE ( 'NONE', *, *, #2846, .F. ) ;
#5968 = ADVANCED_FACE ( 'NONE', ( #2099 ), #1578, .T. ) ;
#5969 = ORIENTED_EDGE ( 'NONE', *, *, #1529, .T. ) ;
#5970 = ORIENTED_EDGE ( 'NONE', *, *, #4162, .T. ) ;
#5971 = EDGE_CURVE ( 'NONE', #1357, #6328, #1191, .T. ) ;
#5972 = VECTOR ( 'NONE', #422, 1000.000000000000000 ) ;
#5973 = VECTOR ( 'NONE', #6474, 1000.000000000000000 ) ;
#5974 = CARTESIAN_POINT ( 'NONE',  ( 1.139743589743589025, -16.22049181468072376, 5.000000000000000000 ) ) ;
#5975 = DIRECTION ( 'NONE',  ( -1.000000000000000000, 0.000000000000000000, 0.000000000000000000 ) ) ;
#5976 = AXIS2_PLACEMENT_3D ( 'NONE', #5581, #2208, #104 ) ;
#5977 = DIRECTION ( 'NONE',  ( -0.000000000000000000, -0.000000000000000000, -1.000000000000000000 ) ) ;
#5978 = VERTEX_POINT ( 'NONE', #5112 ) ;
#5979 = DIRECTION ( 'NONE',  ( 1.000000000000000000, 0.000000000000000000, 0.000000000000000000 ) ) ;
#5980 = ORIENTED_EDGE ( 'NONE', *, *, #4464, .T. ) ;
#5981 = B_SPLINE_CURVE_WITH_KNOTS ( 'NONE', 3,
 ( #5413, #767, #6330, #4828, #3899, #303, #4338, #2840, #3334, #5350, #861, #6299, #5811, #1288, #1807, #2772, #4795, #5320, #2274 ),
 .UNSPECIFIED., .F., .F.,
 ( 4, 1, 1, 1, 1, 1, 1, 1, 1, 1, 1, 1, 1, 1, 1, 1, 4 ),
 ( 0.000000000000000000, 0.06934871325595001745, 0.1361469546042712586, 0.2005553513704648738, 0.2627938981591087519, 0.3234215623312625132, 0.3824643489379594419, 0.4409638725178808838, 0.4982922175092558414, 0.5558279989942976895, 0.6142840608122153157, 0.6736809141865964801, 0.7347653641184272999, 0.7975553011576219653, 0.8622761528751506921, 0.9296709880359613765, 1.000000000000000000 ),
 .UNSPECIFIED. ) ;
#5982 = AXIS2_PLACEMENT_3D ( 'NONE', #4085, #3190, #1080 ) ;
#5983 = VECTOR ( 'NONE', #1743, 1000.000000000000000 ) ;
#5984 = ORIENTED_EDGE ( 'NONE', *, *, #12, .F. ) ;
#5985 = CARTESIAN_POINT ( 'NONE',  ( 7.000000000000003553, -5.208545504429656248, 6.000000000000000888 ) ) ;
#5986 = CARTESIAN_POINT ( 'NONE',  ( -0.4675222294235520937, -17.22381282794947310, 4.000000000000000000 ) ) ;
#5987 = CARTESIAN_POINT ( 'NONE',  ( -4.282934162643969422, -14.65432544641275214, 5.000000000000000000 ) ) ;
#5988 = VECTOR ( 'NONE', #3684, 1000.000000000000000 ) ;
#5989 = LINE ( 'NONE', #3949, #620 ) ;
#5990 = EDGE_CURVE ( 'NONE', #4462, #3335, #2204, .T. ) ;
#5991 = CARTESIAN_POINT ( 'NONE',  ( -1.006574621379063839, -14.53434285204345855, 4.000000000000000888 ) ) ;
#5992 = CARTESIAN_POINT ( 'NONE',  ( -4.317287660256409865, -17.71322518807814816, 5.000000000000000000 ) ) ;
#5993 = FACE_OUTER_BOUND ( 'NONE', #598, .T. ) ;
#5994 = VERTEX_POINT ( 'NONE', #5710 ) ;
#5995 = CARTESIAN_POINT ( 'NONE',  ( -5.016271033653846523, -15.10809698294994519, 4.000000000000000000 ) ) ;
#5996 = CARTESIAN_POINT ( 'NONE',  ( -28.51207079035955516, 16.96115051869449175, 5.000000000000000000 ) ) ;
#5997 = ORIENTED_EDGE ( 'NONE', *, *, #2585, .T. ) ;
#5998 = CARTESIAN_POINT ( 'NONE',  ( -4.466858170621735624, -15.64065829892764548, 4.999999999999993783 ) ) ;
#5999 = PLANE ( 'NONE',  #1456 ) ;
#6000 = ORIENTED_EDGE ( 'NONE', *, *, #5891, .T. ) ;
#6001 = EDGE_CURVE ( 'NONE', #1749, #33, #3125, .T. ) ;
#6002 = CARTESIAN_POINT ( 'NONE',  ( -22.26058151680846819, 15.72900601150596600, 0.000000000000000000 ) ) ;
#6003 = DIRECTION ( 'NONE',  ( 0.000000000000000000, 0.000000000000000000, 1.000000000000000000 ) ) ;
#6004 = VERTEX_POINT ( 'NONE', #3655 ) ;
#6005 = B_SPLINE_SURFACE_WITH_KNOTS ( 'NONE', 3, 1, ( 
 ( #5593, #4610 ),
 ( #1595, #5700 ),
 ( #3115, #2155 ),
 ( #650, #118 ),
 ( #4110, #1670 ),
 ( #152, #1564 ),
 ( #1071, #3641 ),
 ( #3576, #6147 ),
 ( #3605, #3155 ),
 ( #1146, #1044 ),
 ( #2648, #2086 ),
 ( #5626, #1109 ),
 ( #3077, #5096 ),
 ( #5131, #3047 ),
 ( #4179, #6182 ),
 ( #2618, #1631 ),
 ( #3678, #5065 ),
 ( #549, #4573 ),
 ( #53, #4076 ),
 ( #227, #819 ),
 ( #1307, #4751 ),
 ( #5244, #6320 ),
 ( #5736, #4875 ),
 ( #3259, #1797 ),
 ( #3752, #3815 ),
 ( #322, #5374 ),
 ( #5829, #3355 ) ),
 .UNSPECIFIED., .F., .F., .F.,
 ( 4, 1, 1, 1, 1, 1, 1, 1, 1, 1, 1, 1, 1, 1, 1, 1, 1, 1, 1, 1, 1, 1, 1, 1, 4 ),
 ( 2, 2 ),
 ( 0.000000000000000000, 0.04517287879862715710, 0.08954611918494215228, 0.1328127639003588711, 0.1751020071688613178, 0.2170301830540125598, 0.2583804467431636276, 0.2995763167954480499, 0.3407076851203932888, 0.3815382952685203999, 0.4219415929715217839, 0.4621152714130995487, 0.5024333950072059629, 0.5427515186013123216, 0.5834072057629401398, 0.6246627348097930632, 0.6667924017057109687, 0.7089883561164973536, 0.7506859261210357959, 0.7920551107057923756, 0.8332027837492655964, 0.8744393397510762389, 0.9158733303825465910, 0.9576559381140666849, 1.000000000000000000 ),
 ( 0.000000000000000000, 1.000000000000000000 ),
 .UNSPECIFIED. ) ;
#6006 = ORIENTED_EDGE ( 'NONE', *, *, #414, .F. ) ;
#6007 = CARTESIAN_POINT ( 'NONE',  ( 0.6222935443772469322, -14.77931125610864171, 5.000000000000000888 ) ) ;
#6008 = CARTESIAN_POINT ( 'NONE',  ( 2.279487179487178050, -17.71322518807815882, 5.000000000000000000 ) ) ;
#6009 = ADVANCED_FACE ( 'NONE', ( #1084 ), #5680, .F. ) ;
#6010 = CARTESIAN_POINT ( 'NONE',  ( -22.49999999999999289, -21.50000000000000000, 9.000000000000001776 ) ) ;
#6011 = ORIENTED_EDGE ( 'NONE', *, *, #2231, .T. ) ;
#6012 = CARTESIAN_POINT ( 'NONE',  ( -2.157371794871795867, -16.10982474737303249, 4.000000000000000000 ) ) ;
#6013 = VERTEX_POINT ( 'NONE', #6128 ) ;
#6014 = ORIENTED_EDGE ( 'NONE', *, *, #1258, .T. ) ;
#6015 = DIRECTION ( 'NONE',  ( -1.000000000000000000, 0.000000000000000000, 0.000000000000000000 ) ) ;
#6016 = CARTESIAN_POINT ( 'NONE',  ( -4.130341307679919360, -14.75208866050291512, 5.000000000000000000 ) ) ;
#6017 = ADVANCED_FACE ( 'NONE', ( #5214 ), #2594, .F. ) ;
#6018 = CARTESIAN_POINT ( 'NONE',  ( 3.378525641025639903, -17.71322518807815882, 5.000000000000000000 ) ) ;
#6019 = LINE ( 'NONE', #1499, #3027 ) ;
#6020 = CARTESIAN_POINT ( 'NONE',  ( -1.678904918935926638, -14.94422751762273371, 5.000000000000000000 ) ) ;
#6021 = CARTESIAN_POINT ( 'NONE',  ( 9.800000000000002487, 2.791454495570343752, 10.00000000000000000 ) ) ;
#6022 = ORIENTED_EDGE ( 'NONE', *, *, #2941, .T. ) ;
#6023 = CARTESIAN_POINT ( 'NONE',  ( -14.99999999999999822, 5.949455682166679971, 5.000000000000000000 ) ) ;
#6024 = ADVANCED_FACE ( 'NONE', ( #3093 ), #596, .F. ) ;
#6025 = CARTESIAN_POINT ( 'NONE',  ( -8.799999999999998934, 2.791454495570343752, 5.000000000000000000 ) ) ;
#6026 = ORIENTED_EDGE ( 'NONE', *, *, #5588, .F. ) ;
#6027 = ADVANCED_FACE ( 'NONE', ( #166 ), #696, .T. ) ;
#6028 = DIRECTION ( 'NONE',  ( -0.000000000000000000, -0.000000000000000000, -1.000000000000000000 ) ) ;
#6029 = CARTESIAN_POINT ( 'NONE',  ( -0.4388521634615394351, -17.79463544448841716, 5.000000000000000000 ) ) ;
#6030 = ORIENTED_EDGE ( 'NONE', *, *, #2330, .F. ) ;
#6031 = DIRECTION ( 'NONE',  ( 0.000000000000000000, -0.000000000000000000, -1.000000000000000000 ) ) ;
#6032 = CARTESIAN_POINT ( 'NONE',  ( -0.6474327424021644184, -14.46515654082228153, 4.000000000000000000 ) ) ;
#6033 = EDGE_CURVE ( 'NONE', #775, #3668, #5740, .T. ) ;
#6034 = ORIENTED_EDGE ( 'NONE', *, *, #6426, .F. ) ;
#6035 = EDGE_LOOP ( 'NONE', ( #3965, #3956, #2921, #2860 ) ) ;
#6036 = AXIS2_PLACEMENT_3D ( 'NONE', #4973, #4489, #5500 ) ;
#6037 = LINE ( 'NONE', #2499, #5351 ) ;
#6038 = DIRECTION ( 'NONE',  ( 0.7071067811865495711, -0.7071067811865455743, 0.000000000000000000 ) ) ;
#6039 = ORIENTED_EDGE ( 'NONE', *, *, #1630, .F. ) ;
#6040 = CARTESIAN_POINT ( 'NONE',  ( -0.5296705452097965061, 13.50000000000000178, 5.000000000000000000 ) ) ;
#6041 = VECTOR ( 'NONE', #2673, 1000.000000000000000 ) ;
#6042 = ORIENTED_EDGE ( 'NONE', *, *, #5948, .T. ) ;
#6043 = EDGE_CURVE ( 'NONE', #2625, #5271, #729, .T. ) ;
#6044 = EDGE_LOOP ( 'NONE', ( #5139, #2686, #3053, #1939 ) ) ;
#6045 = VECTOR ( 'NONE', #1813, 1000.000000000000000 ) ;
#6046 = AXIS2_PLACEMENT_3D ( 'NONE', #3067, #1980, #4031 ) ;
#6047 = PLANE ( 'NONE',  #2142 ) ;
#6048 = DIRECTION ( 'NONE',  ( -1.000000000000000000, 1.334402673828313093E-16, 0.000000000000000000 ) ) ;
#6049 = EDGE_CURVE ( 'NONE', #5795, #1936, #325, .T. ) ;
#6050 = LINE ( 'NONE', #3575, #89 ) ;
#6051 = EDGE_CURVE ( 'NONE', #4831, #4046, #5764, .T. ) ;
#6052 = DIRECTION ( 'NONE',  ( 0.8660254037844383745, 0.5000000000000004441, -0.000000000000000000 ) ) ;
#6053 = CARTESIAN_POINT ( 'NONE',  ( -2.157371794871795867, -16.10982474737303249, 4.000000000000000000 ) ) ;
#6054 = CIRCLE ( 'NONE', #570, 1.000000000000000888 ) ;
#6055 = PLANE ( 'NONE',  #253 ) ;
#6056 = EDGE_LOOP ( 'NONE', ( #5282, #4856, #6039, #5934 ) ) ;
#6057 = LINE ( 'NONE', #1475, #1136 ) ;
#6058 = CARTESIAN_POINT ( 'NONE',  ( -1.005059178219957383, -15.14848534415029313, 3.999999999999999112 ) ) ;
#6059 = ORIENTED_EDGE ( 'NONE', *, *, #194, .F. ) ;
#6060 = CARTESIAN_POINT ( 'NONE',  ( -4.445018968553859473, -15.61343162840686283, 4.999999999999992895 ) ) ;
#6061 = CARTESIAN_POINT ( 'NONE',  ( -0.6784272671684983269, -17.78257353060750035, 4.999999999999999112 ) ) ;
#6062 = EDGE_LOOP ( 'NONE', ( #4901, #5237, #124, #1256 ) ) ;
#6063 = CARTESIAN_POINT ( 'NONE',  ( 1.709615384615385869, -17.71322518807815882, 5.000000000000000000 ) ) ;
#6064 = CARTESIAN_POINT ( 'NONE',  ( 1.139743589743589025, -16.22049181468072376, 4.000000000000000000 ) ) ;
#6065 = CARTESIAN_POINT ( 'NONE',  ( -1.678904918935926638, -14.94422751762273371, 4.999999999999999112 ) ) ;
#6066 = ORIENTED_EDGE ( 'NONE', *, *, #3663, .F. ) ;
#6067 = ORIENTED_EDGE ( 'NONE', *, *, #4710, .F. ) ;
#6068 = CARTESIAN_POINT ( 'NONE',  ( -0.4706530448717958781, -15.02668672653969750, 4.000000000000000000 ) ) ;
#6069 = ADVANCED_FACE ( 'NONE', ( #2797 ), #261, .F. ) ;
#6070 = DIRECTION ( 'NONE',  ( 1.000000000000000000, 0.000000000000000000, 0.000000000000000000 ) ) ;
#6071 = CARTESIAN_POINT ( 'NONE',  ( -19.19238815542511034, -12.03553390593273242, 5.000000000000000000 ) ) ;
#6072 = AXIS2_PLACEMENT_3D ( 'NONE', #2267, #4819, #1740 ) ;
#6073 = ORIENTED_EDGE ( 'NONE', *, *, #1529, .F. ) ;
#6074 = CARTESIAN_POINT ( 'NONE',  ( 1.135291466346152855, -16.08502005987303107, 5.000000000000000000 ) ) ;
#6075 = ORIENTED_EDGE ( 'NONE', *, *, #2880, .F. ) ;
#6076 = VERTEX_POINT ( 'NONE', #6257 ) ;
#6077 = CIRCLE ( 'NONE', #3767, 1.750000000000001554 ) ;
#6078 = CARTESIAN_POINT ( 'NONE',  ( 25.33369296624130840, 22.34263864068764249, 5.000000000000000000 ) ) ;
#6079 = DIRECTION ( 'NONE',  ( -0.000000000000000000, -0.000000000000000000, -1.000000000000000000 ) ) ;
#6080 = CARTESIAN_POINT ( 'NONE',  ( -29.40201658111266525, 15.45433384453641068, 5.000000000000000000 ) ) ;
#6081 = CARTESIAN_POINT ( 'NONE',  ( -13.05713943461311466, 2.791454495570343752, 5.000000000000000000 ) ) ;
#6082 = EDGE_CURVE ( 'NONE', #5271, #2956, #4355, .T. ) ;
#6083 = DIRECTION ( 'NONE',  ( 0.000000000000000000, -0.000000000000000000, -1.000000000000000000 ) ) ;
#6084 = AXIS2_PLACEMENT_3D ( 'NONE', #4142, #2118, #2542 ) ;
#6085 = AXIS2_PLACEMENT_3D ( 'NONE', #3858, #3266, #2233 ) ;
#6086 = DIRECTION ( 'NONE',  ( -0.000000000000000000, 0.000000000000000000, 1.000000000000000000 ) ) ;
#6087 = ORIENTED_EDGE ( 'NONE', *, *, #4401, .F. ) ;
#6088 = CARTESIAN_POINT ( 'NONE',  ( -4.693809813418641674, -15.12634812296136566, 3.999999999999998224 ) ) ;
#6089 = EDGE_CURVE ( 'NONE', #6004, #4421, #1099, .T. ) ;
#6090 = CARTESIAN_POINT ( 'NONE',  ( 0.3096674280982326111, -16.91007872747487539, 5.000000000000001776 ) ) ;
#6091 = VERTEX_POINT ( 'NONE', #5832 ) ;
#6092 = CIRCLE ( 'NONE', #3251, 1.257139434613111950 ) ;
#6093 = DIRECTION ( 'NONE',  ( 1.000000000000000000, 0.000000000000000000, 0.000000000000000000 ) ) ;
#6094 = PLANE ( 'NONE',  #3987 ) ;
#6095 = EDGE_LOOP ( 'NONE', ( #4239, #5553, #1031, #3809, #3520, #57, #6022, #3560 ) ) ;
#6096 = LINE ( 'NONE', #1576, #469 ) ;
#6097 = DIRECTION ( 'NONE',  ( -0.000000000000000000, -0.000000000000000000, -1.000000000000000000 ) ) ;
#6098 = DIRECTION ( 'NONE',  ( -0.000000000000000000, -0.000000000000000000, -1.000000000000000000 ) ) ;
#6099 = ORIENTED_EDGE ( 'NONE', *, *, #3351, .T. ) ;
#6100 = FACE_BOUND ( 'NONE', #5313, .T. ) ;
#6101 = CARTESIAN_POINT ( 'NONE',  ( -1.407949418413325882, -15.50671075773863450, 4.000000000000000000 ) ) ;
#6102 = CARTESIAN_POINT ( 'NONE',  ( 1.110276616292767304, -16.53045069420640090, 5.000000000000000000 ) ) ;
#6103 = CARTESIAN_POINT ( 'NONE',  ( -4.103814741775677177, -16.09456020973437163, 4.999999999999999112 ) ) ;
#6104 = CARTESIAN_POINT ( 'NONE',  ( -0.5465727156076481963, -17.22193929993222739, 5.000000000000000888 ) ) ;
#6105 = ORIENTED_EDGE ( 'NONE', *, *, #2389, .T. ) ;
#6106 = ADVANCED_FACE ( 'NONE', ( #823 ), #1833, .F. ) ;
#6107 = DIRECTION ( 'NONE',  ( 1.000000000000000000, 0.000000000000000000, 0.000000000000000000 ) ) ;
#6108 = ORIENTED_EDGE ( 'NONE', *, *, #1383, .T. ) ;
#6109 = EDGE_CURVE ( 'NONE', #3868, #5013, #6290, .T. ) ;
#6110 = ORIENTED_EDGE ( 'NONE', *, *, #2864, .F. ) ;
#6111 = ORIENTED_EDGE ( 'NONE', *, *, #1835, .T. ) ;
#6112 = DIRECTION ( 'NONE',  ( -0.000000000000000000, -0.000000000000000000, -1.000000000000000000 ) ) ;
#6113 = DIRECTION ( 'NONE',  ( 1.000000000000000000, 1.903335346464819526E-16, 0.000000000000000000 ) ) ;
#6114 = LINE ( 'NONE', #6080, #3128 ) ;
#6115 = DIRECTION ( 'NONE',  ( 1.000000000000000000, 0.000000000000000000, 0.000000000000000000 ) ) ;
#6116 = PLANE ( 'NONE',  #3664 ) ;
#6117 = LINE ( 'NONE', #5629, #6267 ) ;
#6118 = EDGE_LOOP ( 'NONE', ( #4364, #5124, #3591, #3548 ) ) ;
#6119 = CARTESIAN_POINT ( 'NONE',  ( -4.492836604515840548, -15.21532536106369093, 5.000000000000000000 ) ) ;
#6120 = CARTESIAN_POINT ( 'NONE',  ( 0.2151256036420169937, -17.00822485306244758, 4.000000000000000888 ) ) ;
#6121 = EDGE_LOOP ( 'NONE', ( #2702, #653, #3427, #641 ) ) ;
#6122 = CARTESIAN_POINT ( 'NONE',  ( 26.63101451046069101, -20.32500000000000995, 0.000000000000000000 ) ) ;
#6123 = CYLINDRICAL_SURFACE ( 'NONE', #85, 1.000000000000000888 ) ;
#6124 = EDGE_CURVE ( 'NONE', #835, #4421, #6384, .T. ) ;
#6125 = ORIENTED_EDGE ( 'NONE', *, *, #896, .F. ) ;
#6126 = CARTESIAN_POINT ( 'NONE',  ( -4.559631712782970858, -15.70309979647688969, 4.000000000000000888 ) ) ;
#6127 = CARTESIAN_POINT ( 'NONE',  ( 13.16682257459468453, 2.791454495570344196, 6.000000000000016875 ) ) ;
#6128 = CARTESIAN_POINT ( 'NONE',  ( 0.5296705452098016131, 8.500000000000000000, 5.000000000000000000 ) ) ;
#6129 = FACE_OUTER_BOUND ( 'NONE', #209, .T. ) ;
#6130 = EDGE_LOOP ( 'NONE', ( #719, #5022, #2766, #1866, #1941, #5969, #3203, #6403, #1366 ) ) ;
#6131 = VERTEX_POINT ( 'NONE', #4851 ) ;
#6132 = LINE ( 'NONE', #1744, #3136 ) ;
#6133 = CARTESIAN_POINT ( 'NONE',  ( -0.1100613420491561578, -17.76800768237140105, 5.000000000000000888 ) ) ;
#6134 = LINE ( 'NONE', #640, #3650 ) ;
#6135 = ORIENTED_EDGE ( 'NONE', *, *, #44, .F. ) ;
#6136 = CARTESIAN_POINT ( 'NONE',  ( 22.72792206135787296, -13.50000000000000355, 9.000000000000001776 ) ) ;
#6137 = ORIENTED_EDGE ( 'NONE', *, *, #5697, .F. ) ;
#6138 = EDGE_LOOP ( 'NONE', ( #1534, #3635, #6030, #5773 ) ) ;
#6139 = ORIENTED_EDGE ( 'NONE', *, *, #247, .T. ) ;
#6140 = DIRECTION ( 'NONE',  ( -1.000000000000000000, 0.000000000000000000, 0.000000000000000000 ) ) ;
#6141 = EDGE_CURVE ( 'NONE', #433, #4426, #5866, .T. ) ;
#6142 = ORIENTED_EDGE ( 'NONE', *, *, #753, .F. ) ;
#6143 = DIRECTION ( 'NONE',  ( -0.000000000000000000, -0.000000000000000000, -1.000000000000000000 ) ) ;
#6144 = CARTESIAN_POINT ( 'NONE',  ( -4.396153846153846523, -15.43246597333456194, 4.000000000000000888 ) ) ;
#6145 = CARTESIAN_POINT ( 'NONE',  ( -3.826866216971895440, -15.46512649087890701, 3.999999999999999112 ) ) ;
#6146 = CIRCLE ( 'NONE', #3305, 1.000000000000000888 ) ;
#6147 = CARTESIAN_POINT ( 'NONE',  ( -1.119743358536410049, -17.67505503352701979, 4.999999999999992895 ) ) ;
#6148 = EDGE_CURVE ( 'NONE', #4613, #5189, #3790, .T. ) ;
#6149 = CARTESIAN_POINT ( 'NONE',  ( -1.503550947891522771, -17.46191191127223163, 4.000000000000001776 ) ) ;
#6150 = DIRECTION ( 'NONE',  ( -0.000000000000000000, -0.000000000000000000, -1.000000000000000000 ) ) ;
#6151 = ORIENTED_EDGE ( 'NONE', *, *, #5293, .F. ) ;
#6152 = CARTESIAN_POINT ( 'NONE',  ( -4.887770599336987765, -15.10966402539352416, 4.999999999999998224 ) ) ;
#6153 = CIRCLE ( 'NONE', #157, 1.000000000000004441 ) ;
#6154 = CARTESIAN_POINT ( 'NONE',  ( -0.2749293940584462415, -17.21656230410016519, 5.000000000000000000 ) ) ;
#6155 = ORIENTED_EDGE ( 'NONE', *, *, #2657, .F. ) ;
#6156 = DIRECTION ( 'NONE',  ( -0.8923808708064827622, -0.4512830391435773691, 0.000000000000000000 ) ) ;
#6157 = CARTESIAN_POINT ( 'NONE',  ( -2.101754536636343040, -16.55393570626073085, 4.999999999999998224 ) ) ;
#6158 = AXIS2_PLACEMENT_3D ( 'NONE', #1904, #2030, #3424 ) ;
#6159 = ORIENTED_EDGE ( 'NONE', *, *, #1889, .F. ) ;
#6160 = CARTESIAN_POINT ( 'NONE',  ( -4.961148561772146692, -15.75907339125758710, 4.000000000000000000 ) ) ;
#6161 = CARTESIAN_POINT ( 'NONE',  ( 3.378525641025639903, -17.71322518807815882, 4.000000000000000000 ) ) ;
#6162 = CARTESIAN_POINT ( 'NONE',  ( -7.542860565386886762, 2.791454495570343752, 5.000000000000000000 ) ) ;
#6163 = LINE ( 'NONE', #4785, #1622 ) ;
#6164 = ORIENTED_EDGE ( 'NONE', *, *, #160, .T. ) ;
#6165 = ORIENTED_EDGE ( 'NONE', *, *, #4698, .F. ) ;
#6166 = CARTESIAN_POINT ( 'NONE',  ( 0.9152293669871784942, -15.04322318487303178, 4.000000000000000000 ) ) ;
#6167 = CARTESIAN_POINT ( 'NONE',  ( 1.139743589743589025, -16.22049181468072376, 5.000000000000000888 ) ) ;
#6168 = EDGE_CURVE ( 'NONE', #6354, #3657, #3263, .T. ) ;
#6169 = LINE ( 'NONE', #3201, #788 ) ;
#6170 = DIRECTION ( 'NONE',  ( 0.000000000000000000, 0.000000000000000000, 1.000000000000000000 ) ) ;
#6171 = ADVANCED_FACE ( 'NONE', ( #760 ), #5898, .T. ) ;
#6172 = ORIENTED_EDGE ( 'NONE', *, *, #6082, .T. ) ;
#6173 = CARTESIAN_POINT ( 'NONE',  ( -21.49999999999999289, -20.50000000000000000, 9.000000000000001776 ) ) ;
#6174 = ORIENTED_EDGE ( 'NONE', *, *, #2050, .F. ) ;
#6175 = FACE_OUTER_BOUND ( 'NONE', #2485, .T. ) ;
#6176 = EDGE_LOOP ( 'NONE', ( #3878, #3220, #4499, #4060 ) ) ;
#6177 = DIRECTION ( 'NONE',  ( 0.000000000000000000, 1.000000000000000000, 0.000000000000000000 ) ) ;
#6178 = CARTESIAN_POINT ( 'NONE',  ( -1.169130803996648593, -16.97777187295596590, 3.999999999999999112 ) ) ;
#6179 = CONICAL_SURFACE ( 'NONE', #1958, 3.257139434613112172, 0.7853981633974447263 ) ;
#6180 = CARTESIAN_POINT ( 'NONE',  ( -4.215675540487057837, -16.17204377113343838, 5.000000000000001776 ) ) ;
#6181 = VECTOR ( 'NONE', #2382, 999.9999999999998863 ) ;
#6182 = CARTESIAN_POINT ( 'NONE',  ( -1.741012750254187447, -17.23975135664507619, 4.999999999999992006 ) ) ;
#6183 = VECTOR ( 'NONE', #5053, 1000.000000000000000 ) ;
#6184 = CARTESIAN_POINT ( 'NONE',  ( -1.014354110961325661, -17.71213953707530564, 3.999999999999999112 ) ) ;
#6185 = AXIS2_PLACEMENT_3D ( 'NONE', #4184, #2687, #4714 ) ;
#6186 = DIRECTION ( 'NONE',  ( -0.000000000000000000, -0.000000000000000000, -1.000000000000000000 ) ) ;
#6187 = ORIENTED_EDGE ( 'NONE', *, *, #4832, .T. ) ;
#6188 = CARTESIAN_POINT ( 'NONE',  ( 8.000000000000003553, -8.208545504429656248, 10.00000000000000000 ) ) ;
#6189 = CIRCLE ( 'NONE', #4927, 1.000000000000000888 ) ;
#6190 = LINE ( 'NONE', #1184, #6242 ) ;
#6191 = EDGE_CURVE ( 'NONE', #2035, #609, #5403, .T. ) ;
#6192 = LINE ( 'NONE', #6122, #5988 ) ;
#6193 = DIRECTION ( 'NONE',  ( -7.709882115452477180E-16, -1.000000000000000000, 0.000000000000000000 ) ) ;
#6194 = VECTOR ( 'NONE', #3448, 1000.000000000000000 ) ;
#6195 = VECTOR ( 'NONE', #5901, 1000.000000000000000 ) ;
#6196 = CARTESIAN_POINT ( 'NONE',  ( 25.16401654238957875, 14.24209700771249132, 2.500000000000000000 ) ) ;
#6197 = CARTESIAN_POINT ( 'NONE',  ( 0.3663248407502748827, -17.59733814628219051, 3.999999999999999112 ) ) ;
#6198 = LINE ( 'NONE', #67, #2809 ) ;
#6199 = CARTESIAN_POINT ( 'NONE',  ( -5.780128205128205465, -17.71322518807814816, 4.000000000000000000 ) ) ;
#6200 = ORIENTED_EDGE ( 'NONE', *, *, #12, .T. ) ;
#6201 = VECTOR ( 'NONE', #2085, 1000.000000000000000 ) ;
#6202 = LINE ( 'NONE', #3693, #2293 ) ;
#6203 = DIRECTION ( 'NONE',  ( -0.000000000000000000, -0.000000000000000000, -1.000000000000000000 ) ) ;
#6204 = ADVANCED_FACE ( 'NONE', ( #491, #3990 ), #2448, .T. ) ;
#6205 = CARTESIAN_POINT ( 'NONE',  ( -0.3262956696057711103, -17.79295521362713828, 5.000000000000002665 ) ) ;
#6206 = PLANE ( 'NONE',  #682 ) ;
#6207 = VERTEX_POINT ( 'NONE', #388 ) ;
#6208 = CARTESIAN_POINT ( 'NONE',  ( -0.4675222294235520937, -17.22381282794947310, 5.000000000000000000 ) ) ;
#6209 = ORIENTED_EDGE ( 'NONE', *, *, #4312, .F. ) ;
#6210 = EDGE_CURVE ( 'NONE', #2942, #513, #1928, .T. ) ;
#6211 = DIRECTION ( 'NONE',  ( 0.000000000000000000, -0.000000000000000000, -1.000000000000000000 ) ) ;
#6212 = CARTESIAN_POINT ( 'NONE',  ( 7.000000000000003553, -8.208545504429656248, 6.000000000000000888 ) ) ;
#6213 = CARTESIAN_POINT ( 'NONE',  ( 3.378525641025639903, -14.53822518807815989, 4.000000000000000000 ) ) ;
#6214 = CARTESIAN_POINT ( 'NONE',  ( 23.36898548953929833, -20.32500000000001705, 2.500000000000000000 ) ) ;
#6215 = DIRECTION ( 'NONE',  ( -1.000000000000000000, 0.000000000000000000, 0.000000000000000000 ) ) ;
#6216 = CARTESIAN_POINT ( 'NONE',  ( -4.282934162643969422, -14.65432544641275214, 4.000000000000000000 ) ) ;
#6217 = ORIENTED_EDGE ( 'NONE', *, *, #129, .F. ) ;
#6218 = CARTESIAN_POINT ( 'NONE',  ( -4.659070116532376460, -15.13359051703162805, 4.000000000000000888 ) ) ;
#6219 = CARTESIAN_POINT ( 'NONE',  ( -0.4013083235086211675, -17.22452819423165238, 4.000000000000000888 ) ) ;
#6220 = CARTESIAN_POINT ( 'NONE',  ( 9.800000000000002487, 2.791454495570343752, 10.00000000000000000 ) ) ;
#6221 = DIRECTION ( 'NONE',  ( 0.000000000000000000, 0.000000000000000000, 1.000000000000000000 ) ) ;
#6222 = CARTESIAN_POINT ( 'NONE',  ( -2.055340169111314896, -15.51901556170120244, 5.000000000000000888 ) ) ;
#6223 = DIRECTION ( 'NONE',  ( 0.000000000000000000, -1.000000000000000000, 0.000000000000000000 ) ) ;
#6224 = DIRECTION ( 'NONE',  ( 1.000000000000000000, 0.000000000000000000, 0.000000000000000000 ) ) ;
#6225 = DIRECTION ( 'NONE',  ( 0.000000000000000000, -1.000000000000000000, 0.000000000000000000 ) ) ;
#6226 = ORIENTED_EDGE ( 'NONE', *, *, #6309, .F. ) ;
#6227 = EDGE_CURVE ( 'NONE', #4472, #5056, #394, .T. ) ;
#6228 = ORIENTED_EDGE ( 'NONE', *, *, #2408, .T. ) ;
#6229 = DIRECTION ( 'NONE',  ( 0.000000000000000000, -0.000000000000000000, 1.000000000000000000 ) ) ;
#6230 = FACE_OUTER_BOUND ( 'NONE', #410, .T. ) ;
#6231 = ADVANCED_FACE ( 'NONE', ( #5531 ), #1961, .F. ) ;
#6232 = CARTESIAN_POINT ( 'NONE',  ( 2.279487179487178050, -14.53822518807815989, 5.000000000000000000 ) ) ;
#6233 = EDGE_LOOP ( 'NONE', ( #404, #2742, #240, #5047 ) ) ;
#6234 = CARTESIAN_POINT ( 'NONE',  ( -24.99999999999999645, 17.50000000000000000, 5.000000000000000000 ) ) ;
#6235 = EDGE_LOOP ( 'NONE', ( #699, #3860, #2045, #1137 ) ) ;
#6236 = CARTESIAN_POINT ( 'NONE',  ( -1.584886816495615136, -16.22271571005266466, 4.999999999999999112 ) ) ;
#6237 = ORIENTED_EDGE ( 'NONE', *, *, #4020, .F. ) ;
#6238 = DIRECTION ( 'NONE',  ( -1.000000000000000000, 0.000000000000000000, 0.000000000000000000 ) ) ;
#6239 = DIRECTION ( 'NONE',  ( -1.000000000000000000, 0.000000000000000000, 0.000000000000000000 ) ) ;
#6240 = DIRECTION ( 'NONE',  ( 1.000000000000000000, 0.000000000000000000, 0.000000000000000000 ) ) ;
#6241 = LINE ( 'NONE', #6278, #1241 ) ;
#6242 = VECTOR ( 'NONE', #2791, 1000.000000000000000 ) ;
#6243 = CARTESIAN_POINT ( 'NONE',  ( -4.396495742537823048, -15.44668884345459503, 5.000000000000000000 ) ) ;
#6244 = VERTEX_POINT ( 'NONE', #3954 ) ;
#6245 = CARTESIAN_POINT ( 'NONE',  ( -1.400214113048630971, -16.73089921575636296, 4.000000000000000888 ) ) ;
#6246 = EDGE_CURVE ( 'NONE', #2765, #2940, #2985, .T. ) ;
#6247 = CARTESIAN_POINT ( 'NONE',  ( -4.532566888825683371, -15.18418033018469337, 4.999999999999999112 ) ) ;
#6248 = ADVANCED_FACE ( 'NONE', ( #922 ), #1994, .F. ) ;
#6249 = VECTOR ( 'NONE', #758, 1000.000000000000000 ) ;
#6250 = VECTOR ( 'NONE', #77, 1000.000000000000000 ) ;
#6251 = DIRECTION ( 'NONE',  ( 1.000000000000000000, 0.000000000000000000, 0.000000000000000000 ) ) ;
#6252 = CARTESIAN_POINT ( 'NONE',  ( -14.99999999999999645, -5.772077938642127037, 5.000000000000000000 ) ) ;
#6253 = CARTESIAN_POINT ( 'NONE',  ( -1.839977854107104127, -15.12876597410665802, 5.000000000000001776 ) ) ;
#6254 = AXIS2_PLACEMENT_3D ( 'NONE', #49, #2151, #2645 ) ;
#6255 = VECTOR ( 'NONE', #904, 1000.000000000000000 ) ;
#6256 = CARTESIAN_POINT ( 'NONE',  ( -25.33369296624130840, 22.34263864068763539, 0.000000000000000000 ) ) ;
#6257 = CARTESIAN_POINT ( 'NONE',  ( 29.50000000000000711, -19.74999999999999289, 0.000000000000000000 ) ) ;
#6258 = LINE ( 'NONE', #662, #5842 ) ;
#6259 = ORIENTED_EDGE ( 'NONE', *, *, #5777, .F. ) ;
#6260 = EDGE_CURVE ( 'NONE', #4531, #1039, #1493, .T. ) ;
#6261 = CARTESIAN_POINT ( 'NONE',  ( -25.33369296624130840, 22.34263864068763539, 5.000000000000000000 ) ) ;
#6262 = CIRCLE ( 'NONE', #1006, 1.749999999999998002 ) ;
#6263 = DIRECTION ( 'NONE',  ( 0.5000000000000015543, 0.8660254037844377084, 0.000000000000000000 ) ) ;
#6264 = ORIENTED_EDGE ( 'NONE', *, *, #793, .F. ) ;
#6265 = CARTESIAN_POINT ( 'NONE',  ( 3.378525641025639903, -16.32925082910379899, 5.000000000000000000 ) ) ;
#6266 = DIRECTION ( 'NONE',  ( 1.000000000000000000, 0.000000000000000000, 0.000000000000000000 ) ) ;
#6267 = VECTOR ( 'NONE', #1597, 1000.000000000000000 ) ;
#6268 = DIRECTION ( 'NONE',  ( 1.000000000000000000, 0.000000000000000000, 0.000000000000000000 ) ) ;
#6269 = ORIENTED_EDGE ( 'NONE', *, *, #3109, .T. ) ;
#6270 = CARTESIAN_POINT ( 'NONE',  ( 3.378525641025639903, -14.53822518807815989, 4.000000000000000000 ) ) ;
#6271 = ORIENTED_EDGE ( 'NONE', *, *, #3076, .F. ) ;
#6272 = EDGE_CURVE ( 'NONE', #5328, #6340, #2922, .T. ) ;
#6273 = CARTESIAN_POINT ( 'NONE',  ( -4.466858170621735624, -15.64065829892764548, 4.000000000000000888 ) ) ;
#6274 = LINE ( 'NONE', #5723, #5211 ) ;
#6275 = CARTESIAN_POINT ( 'NONE',  ( -0.4274038461538470779, -17.22476364961662298, 5.000000000000000000 ) ) ;
#6276 = ORIENTED_EDGE ( 'NONE', *, *, #1663, .F. ) ;
#6277 = EDGE_CURVE ( 'NONE', #4426, #4879, #6057, .T. ) ;
#6278 = CARTESIAN_POINT ( 'NONE',  ( -22.09656497441888234, 18.98690900379348534, 2.500000000000000000 ) ) ;
#6279 = CARTESIAN_POINT ( 'NONE',  ( -4.705277850584707267, -15.74096866693937358, 4.999999999999998224 ) ) ;
#6280 = ORIENTED_EDGE ( 'NONE', *, *, #771, .F. ) ;
#6281 = CARTESIAN_POINT ( 'NONE',  ( -1.584886816495615136, -16.22271571005266466, 4.999999999999999112 ) ) ;
#6282 = VECTOR ( 'NONE', #5377, 1000.000000000000114 ) ;
#6283 = CARTESIAN_POINT ( 'NONE',  ( -4.779786821521716078, -15.11577088418681392, 4.999999999999999112 ) ) ;
#6284 = CARTESIAN_POINT ( 'NONE',  ( -4.042379089280638382, -14.83613371534582548, 3.999999999999999112 ) ) ;
#6285 = DIRECTION ( 'NONE',  ( -0.000000000000000000, 0.000000000000000000, 1.000000000000000000 ) ) ;
#6286 = AXIS2_PLACEMENT_3D ( 'NONE', #6516, #1898, #2892 ) ;
#6287 = ADVANCED_FACE ( 'NONE', ( #3549 ), #5007, .T. ) ;
#6288 = FACE_OUTER_BOUND ( 'NONE', #6484, .T. ) ;
#6289 = CARTESIAN_POINT ( 'NONE',  ( -1.774165953381786176, -15.05133716502196783, 5.000000000000000888 ) ) ;
#6290 = LINE ( 'NONE', #1771, #4607 ) ;
#6291 = FACE_BOUND ( 'NONE', #5250, .T. ) ;
#6292 = ORIENTED_EDGE ( 'NONE', *, *, #4245, .T. ) ;
#6293 = DIRECTION ( 'NONE',  ( 0.8610380995189045317, -0.5085404518589184963, 0.000000000000000000 ) ) ;
#6294 = B_SPLINE_CURVE_WITH_KNOTS ( 'NONE', 3,
 ( #5278, #323, #5897, #4818, #1341, #2760, #5375, #3292, #5245, #5307, #292 ),
 .UNSPECIFIED., .F., .F.,
 ( 4, 1, 1, 1, 1, 1, 1, 1, 4 ),
 ( 0.000000000000000000, 0.1344469729957881721, 0.2638071572604064330, 0.3892412375756161280, 0.5114964050416203056, 0.6324272219006815687, 0.7534387150183178283, 0.8752597545988095584, 1.000000000000000000 ),
 .UNSPECIFIED. ) ;
#6295 = AXIS2_PLACEMENT_3D ( 'NONE', #3353, #4251, #1862 ) ;
#6296 = PLANE ( 'NONE',  #4616 ) ;
#6297 = ORIENTED_EDGE ( 'NONE', *, *, #3647, .F. ) ;
#6298 = DIRECTION ( 'NONE',  ( 1.000000000000000000, 0.000000000000000000, 0.000000000000000000 ) ) ;
#6299 = CARTESIAN_POINT ( 'NONE',  ( 0.2151256036420169937, -17.00822485306244758, 4.000000000000000888 ) ) ;
#6300 = AXIS2_PLACEMENT_3D ( 'NONE', #690, #6156, #4683 ) ;
#6301 = VERTEX_POINT ( 'NONE', #6023 ) ;
#6302 = EDGE_CURVE ( 'NONE', #5075, #3609, #1503, .T. ) ;
#6303 = ORIENTED_EDGE ( 'NONE', *, *, #1012, .T. ) ;
#6304 = VECTOR ( 'NONE', #2370, 1000.000000000000000 ) ;
#6305 = CARTESIAN_POINT ( 'NONE',  ( -8.799999999999998934, 2.791454495570343752, 10.00000000000000000 ) ) ;
#6306 = ADVANCED_FACE ( 'NONE', ( #5567 ), #686, .T. ) ;
#6307 = DIRECTION ( 'NONE',  ( -0.000000000000000000, -0.000000000000000000, 1.000000000000000000 ) ) ;
#6308 = FACE_OUTER_BOUND ( 'NONE', #3939, .T. ) ;
#6309 = EDGE_CURVE ( 'NONE', #4426, #3072, #5100, .T. ) ;
#6310 = ORIENTED_EDGE ( 'NONE', *, *, #637, .F. ) ;
#6311 = CARTESIAN_POINT ( 'NONE',  ( -5.999999999999997335, -8.208545504429656248, 6.000000000000000888 ) ) ;
#6312 = B_SPLINE_SURFACE_WITH_KNOTS ( 'NONE', 3, 1, ( 
 ( #294, #2301 ),
 ( #3385, #5404 ),
 ( #1476, #3519 ),
 ( #1930, #984 ),
 ( #5071, #2955 ),
 ( #5042, #3921 ),
 ( #457, #955 ),
 ( #3552, #2420 ),
 ( #2452, #4453 ),
 ( #5960, #1049 ),
 ( #3052, #6445 ) ),
 .UNSPECIFIED., .F., .F., .F.,
 ( 4, 1, 1, 1, 1, 1, 1, 1, 4 ),
 ( 2, 2 ),
 ( 0.000000000000000000, 0.1289756962903343684, 0.2566142768832944676, 0.3823748611154015875, 0.5074502079341300931, 0.6312318059159223171, 0.7542207153102945538, 0.8773008482791445628, 1.000000000000000000 ),
 ( 0.000000000000000000, 1.000000000000000000 ),
 .UNSPECIFIED. ) ;
#6313 = ORIENTED_EDGE ( 'NONE', *, *, #597, .F. ) ;
#6314 = CARTESIAN_POINT ( 'NONE',  ( -4.987821925170131010, -14.53868059320250694, 3.999999999999998224 ) ) ;
#6315 = VERTEX_POINT ( 'NONE', #1599 ) ;
#6316 = CARTESIAN_POINT ( 'NONE',  ( 0.5475547743088348129, -14.72745814986939372, 4.000000000000001776 ) ) ;
#6317 = CARTESIAN_POINT ( 'NONE',  ( -4.458215643467397626, -15.25065689765209065, 4.999999999999998224 ) ) ;
#6318 = CARTESIAN_POINT ( 'NONE',  ( 1.709615384615383205, -14.53822518807815989, 5.000000000000000000 ) ) ;
#6319 = DIRECTION ( 'NONE',  ( 1.000000000000000000, 0.000000000000000000, 0.000000000000000000 ) ) ;
#6320 = CARTESIAN_POINT ( 'NONE',  ( -2.101754536636343040, -16.55393570626073085, 4.999999999999991118 ) ) ;
#6321 = DIRECTION ( 'NONE',  ( 1.000000000000000000, 0.000000000000000000, 0.000000000000000000 ) ) ;
#6322 = DIRECTION ( 'NONE',  ( -1.000000000000000000, 0.000000000000000000, 0.000000000000000000 ) ) ;
#6323 = CARTESIAN_POINT ( 'NONE',  ( -5.999999999999997335, -6.208545504429656248, 10.00000000000000000 ) ) ;
#6324 = ORIENTED_EDGE ( 'NONE', *, *, #420, .F. ) ;
#6325 = DIRECTION ( 'NONE',  ( -0.000000000000000000, 0.000000000000000000, -1.000000000000000000 ) ) ;
#6326 = ADVANCED_FACE ( 'NONE', ( #5070 ), #623, .T. ) ;
#6327 = FACE_OUTER_BOUND ( 'NONE', #5566, .T. ) ;
#6328 = VERTEX_POINT ( 'NONE', #3159 ) ;
#6329 = DIRECTION ( 'NONE',  ( -1.000000000000000000, 0.000000000000000000, 0.000000000000000000 ) ) ;
#6330 = CARTESIAN_POINT ( 'NONE',  ( -0.3500770061539407729, -17.22406594292079873, 4.000000000000000888 ) ) ;
#6331 = EDGE_CURVE ( 'NONE', #3660, #3931, #654, .T. ) ;
#6332 = ORIENTED_EDGE ( 'NONE', *, *, #329, .T. ) ;
#6333 = VERTEX_POINT ( 'NONE', #6188 ) ;
#6334 = DIRECTION ( 'NONE',  ( 1.000000000000000000, 0.000000000000000000, 0.000000000000000000 ) ) ;
#6335 = DIRECTION ( 'NONE',  ( 1.000000000000000000, 0.000000000000000000, 0.000000000000000000 ) ) ;
#6336 = CARTESIAN_POINT ( 'NONE',  ( 27.90343502558110700, 16.01309099620652532, 0.000000000000000000 ) ) ;
#6337 = DIRECTION ( 'NONE',  ( -0.000000000000000000, 0.000000000000000000, 1.000000000000000000 ) ) ;
#6338 = ORIENTED_EDGE ( 'NONE', *, *, #1017, .T. ) ;
#6339 = LINE ( 'NONE', #5792, #2913 ) ;
#6340 = VERTEX_POINT ( 'NONE', #4649 ) ;
#6341 = CARTESIAN_POINT ( 'NONE',  ( -4.559910687005316987, -14.57333476434996555, 4.999999999999997335 ) ) ;
#6342 = CARTESIAN_POINT ( 'NONE',  ( -1.169130803996648593, -16.97777187295596590, 3.999999999999999112 ) ) ;
#6343 = PRODUCT_DEFINITION ( 'UNKNOWN', '', #5552, #4843 ) ;
#6344 = CARTESIAN_POINT ( 'NONE',  ( 22.09656497441888234, 18.98690900379348534, 2.500000000000000000 ) ) ;
#6345 = CARTESIAN_POINT ( 'NONE',  ( -3.834615409452885704, -15.29991906260031698, 4.000000000000000888 ) ) ;
#6346 = EDGE_CURVE ( 'NONE', #5113, #4079, #5877, .T. ) ;
#6347 = AXIS2_PLACEMENT_3D ( 'NONE', #3603, #4215, #1069 ) ;
#6348 = DIRECTION ( 'NONE',  ( 0.000000000000000000, 0.000000000000000000, -1.000000000000000000 ) ) ;
#6349 = LINE ( 'NONE', #1252, #6398 ) ;
#6350 = CARTESIAN_POINT ( 'NONE',  ( -1.740780248397436836, -15.01205832109098104, 5.000000000000000000 ) ) ;
#6351 = CARTESIAN_POINT ( 'NONE',  ( -1.586556749207124861, -16.07224460480562911, 5.000000000000000888 ) ) ;
#6352 = VECTOR ( 'NONE', #4089, 1000.000000000000000 ) ;
#6353 = FACE_BOUND ( 'NONE', #525, .T. ) ;
#6354 = VERTEX_POINT ( 'NONE', #3186 ) ;
#6355 = DIRECTION ( 'NONE',  ( -0.000000000000000000, -0.000000000000000000, 1.000000000000000000 ) ) ;
#6356 = DIRECTION ( 'NONE',  ( 1.000000000000000000, -3.454194652434726964E-16, 0.000000000000000000 ) ) ;
#6357 = CIRCLE ( 'NONE', #467, 1.000000000000000000 ) ;
#6358 = AXIS2_PLACEMENT_3D ( 'NONE', #6071, #6038, #1460 ) ;
#6359 = ORIENTED_EDGE ( 'NONE', *, *, #614, .F. ) ;
#6360 = LINE ( 'NONE', #4918, #3414 ) ;
#6361 = CARTESIAN_POINT ( 'NONE',  ( -0.4477564102564112192, -16.65489185474482525, 4.000000000000000000 ) ) ;
#6362 = AXIS2_PLACEMENT_3D ( 'NONE', #4159, #4659, #3690 ) ;
#6363 = ORIENTED_EDGE ( 'NONE', *, *, #2822, .F. ) ;
#6364 = AXIS2_PLACEMENT_3D ( 'NONE', #800, #2899, #2805 ) ;
#6365 = ORIENTED_EDGE ( 'NONE', *, *, #1352, .F. ) ;
#6366 = ADVANCED_FACE ( 'NONE', ( #5631 ), #480, .T. ) ;
#6367 = CIRCLE ( 'NONE', #3106, 1.749999999999994671 ) ;
#6368 = CARTESIAN_POINT ( 'NONE',  ( -2.727243589743591379, -17.71322518807815882, 5.000000000000000000 ) ) ;
#6369 = DIRECTION ( 'NONE',  ( -0.000000000000000000, -0.000000000000000000, -1.000000000000000000 ) ) ;
#6370 = EDGE_CURVE ( 'NONE', #2182, #4024, #2622, .T. ) ;
#6371 = DIRECTION ( 'NONE',  ( -0.000000000000000000, -0.000000000000000000, 1.000000000000000000 ) ) ;
#6372 = CARTESIAN_POINT ( 'NONE',  ( 1.709615384615383205, -17.71322518807815882, 5.000000000000000000 ) ) ;
#6373 = ORIENTED_EDGE ( 'NONE', *, *, #2297, .F. ) ;
#6374 = CARTESIAN_POINT ( 'NONE',  ( -1.509266152412051198, -15.69080805597692496, 4.000000000000000888 ) ) ;
#6375 = DIRECTION ( 'NONE',  ( -0.000000000000000000, -0.000000000000000000, 1.000000000000000000 ) ) ;
#6376 = CARTESIAN_POINT ( 'NONE',  ( -0.08007804665968364100, -15.08486808327615059, 4.000000000000000888 ) ) ;
#6377 = LINE ( 'NONE', #6344, #3398 ) ;
#6378 = CARTESIAN_POINT ( 'NONE',  ( 27.75000000000000355, -15.24999999999999467, 0.000000000000000000 ) ) ;
#6379 = DIRECTION ( 'NONE',  ( -1.000000000000000000, 0.000000000000000000, -0.000000000000000000 ) ) ;
#6380 = CARTESIAN_POINT ( 'NONE',  ( -4.215675540487057837, -16.17204377113343838, 4.000000000000000888 ) ) ;
#6381 = AXIS2_PLACEMENT_3D ( 'NONE', #4091, #5605, #4226 ) ;
#6382 = CARTESIAN_POINT ( 'NONE',  ( -5.999999999999997335, -8.208545504429656248, 5.000000000000000000 ) ) ;
#6383 = ORIENTED_EDGE ( 'NONE', *, *, #5209, .F. ) ;
#6384 = LINE ( 'NONE', #2858, #5863 ) ;
#6385 = ADVANCED_FACE ( 'NONE', ( #1244 ), #4326, .T. ) ;
#6386 = CARTESIAN_POINT ( 'NONE',  ( -26.63101451046069101, -20.32500000000000995, 0.000000000000000000 ) ) ;
#6387 = EDGE_LOOP ( 'NONE', ( #1194, #5355, #268, #862 ) ) ;
#6388 = ADVANCED_FACE ( 'NONE', ( #2852 ), #3285, .T. ) ;
#6389 = FACE_OUTER_BOUND ( 'NONE', #4304, .T. ) ;
#6390 = DIRECTION ( 'NONE',  ( -3.454194652434726964E-16, -1.000000000000000000, 0.000000000000000000 ) ) ;
#6391 = VECTOR ( 'NONE', #413, 1000.000000000000114 ) ;
#6392 = EDGE_LOOP ( 'NONE', ( #4398, #6324, #6417, #837 ) ) ;
#6393 = DIRECTION ( 'NONE',  ( 0.7071067811865426878, 0.000000000000000000, 0.7071067811865524577 ) ) ;
#6394 = DIRECTION ( 'NONE',  ( 0.5000000000000011102, -0.8660254037844380415, 0.000000000000000000 ) ) ;
#6395 = ORIENTED_EDGE ( 'NONE', *, *, #6227, .T. ) ;
#6396 = VECTOR ( 'NONE', #5372, 1000.000000000000114 ) ;
#6397 = VERTEX_POINT ( 'NONE', #282 ) ;
#6398 = VECTOR ( 'NONE', #4817, 1000.000000000000000 ) ;
#6399 = LINE ( 'NONE', #5938, #1447 ) ;
#6400 = DIRECTION ( 'NONE',  ( -1.000000000000000000, 0.000000000000000000, 0.000000000000000000 ) ) ;
#6401 = DIRECTION ( 'NONE',  ( 0.000000000000000000, -0.000000000000000000, 1.000000000000000000 ) ) ;
#6402 = CARTESIAN_POINT ( 'NONE',  ( -0.4008797502170329818, -17.79406859651345485, 4.999999999999999112 ) ) ;
#6403 = ORIENTED_EDGE ( 'NONE', *, *, #344, .F. ) ;
#6404 = DIRECTION ( 'NONE',  ( -0.000000000000000000, -0.000000000000000000, 1.000000000000000000 ) ) ;
#6405 = EDGE_CURVE ( 'NONE', #5787, #1075, #865, .T. ) ;
#6406 = VERTEX_POINT ( 'NONE', #5238 ) ;
#6407 = CARTESIAN_POINT ( 'NONE',  ( -3.826506934484840805, -15.41611943538644880, 4.999999999999997335 ) ) ;
#6408 = CARTESIAN_POINT ( 'NONE',  ( -23.51198800726058380, 13.13699411993706967, 5.000000000000000000 ) ) ;
#6409 = LINE ( 'NONE', #2912, #2873 ) ;
#6410 = DIRECTION ( 'NONE',  ( 0.000000000000000000, 0.000000000000000000, -1.000000000000000000 ) ) ;
#6411 = PLANE ( 'NONE',  #1037 ) ;
#6412 = CARTESIAN_POINT ( 'NONE',  ( -4.345293898227679641, -16.23779630668430229, 4.000000000000000888 ) ) ;
#6413 = CARTESIAN_POINT ( 'NONE',  ( 3.948397435897434526, -17.71322518807815882, 4.000000000000000000 ) ) ;
#6414 = ORIENTED_EDGE ( 'NONE', *, *, #383, .F. ) ;
#6415 = CARTESIAN_POINT ( 'NONE',  ( -4.532566888825683371, -15.18418033018469337, 3.999999999999999112 ) ) ;
#6416 = CARTESIAN_POINT ( 'NONE',  ( -0.5094951284314038764, -15.02768348299414924, 4.000000000000000000 ) ) ;
#6417 = ORIENTED_EDGE ( 'NONE', *, *, #737, .T. ) ;
#6418 = CARTESIAN_POINT ( 'NONE',  ( -4.427044191299727594, -15.58324274024666600, 4.999999999999992895 ) ) ;
#6419 = CARTESIAN_POINT ( 'NONE',  ( -26.63101451046069812, -14.67500000000001492, 2.500000000000000000 ) ) ;
#6420 = ORIENTED_EDGE ( 'NONE', *, *, #3399, .F. ) ;
#6421 = ADVANCED_FACE ( 'NONE', ( #4842 ), #2253, .T. ) ;
#6422 = CARTESIAN_POINT ( 'NONE',  ( -3.683814102564102466, -17.71322518807814816, 4.000000000000000000 ) ) ;
#6423 = PLANE ( 'NONE',  #4715 ) ;
#6424 = EDGE_LOOP ( 'NONE', ( #4506, #4069, #1085, #3723 ) ) ;
#6425 = ORIENTED_EDGE ( 'NONE', *, *, #6227, .F. ) ;
#6426 = EDGE_CURVE ( 'NONE', #4153, #5323, #2285, .T. ) ;
#6427 = CARTESIAN_POINT ( 'NONE',  ( 27.75000000000000355, -13.49999999999999467, 9.000000000000001776 ) ) ;
#6428 = CARTESIAN_POINT ( 'NONE',  ( 22.26058151680846819, 15.72900601150596600, 2.500000000000000000 ) ) ;
#6429 = DIRECTION ( 'NONE',  ( -1.000000000000000000, 0.000000000000000000, -0.000000000000000000 ) ) ;
#6430 = ORIENTED_EDGE ( 'NONE', *, *, #3333, .F. ) ;
#6431 = CARTESIAN_POINT ( 'NONE',  ( 0.3663248407502748827, -17.59733814628219051, 4.999999999999999112 ) ) ;
#6432 = VERTEX_POINT ( 'NONE', #6408 ) ;
#6433 = CARTESIAN_POINT ( 'NONE',  ( -0.9075435334973613877, -15.10372660975241743, 4.000000000000000000 ) ) ;
#6434 = CARTESIAN_POINT ( 'NONE',  ( -4.178253569168950854, -14.71551028023093188, 4.999999999999997335 ) ) ;
#6435 = CARTESIAN_POINT ( 'NONE',  ( 0.5296705452098008360, 13.50000000000000178, 5.000000000000000000 ) ) ;
#6436 = CARTESIAN_POINT ( 'NONE',  ( -4.477302839344638130, -14.58902508889043581, 4.999999999999999112 ) ) ;
#6437 = LINE ( 'NONE', #3984, #1251 ) ;
#6438 = DIRECTION ( 'NONE',  ( -0.000000000000000000, -0.000000000000000000, -1.000000000000000000 ) ) ;
#6439 = ADVANCED_FACE ( 'NONE', ( #974 ), #3881, .F. ) ;
#6440 = CARTESIAN_POINT ( 'NONE',  ( -4.011129872859713785, -16.00390001245806459, 4.000000000000000000 ) ) ;
#6441 = DIRECTION ( 'NONE',  ( 0.000000000000000000, -0.000000000000000000, -1.000000000000000000 ) ) ;
#6442 = ORIENTED_EDGE ( 'NONE', *, *, #4376, .F. ) ;
#6443 = DIRECTION ( 'NONE',  ( -0.000000000000000000, -0.000000000000000000, 1.000000000000000000 ) ) ;
#6444 = EDGE_CURVE ( 'NONE', #1609, #4472, #3475, .T. ) ;
#6445 = CARTESIAN_POINT ( 'NONE',  ( 0.3199168669871786386, -14.60691509192431425, 5.000000000000000000 ) ) ;
#6446 = EDGE_LOOP ( 'NONE', ( #5387, #2734, #60, #1819 ) ) ;
#6447 = APPLICATION_CONTEXT ( 'automotive_design' ) ;
#6448 = CARTESIAN_POINT ( 'NONE',  ( -4.909185704635593339, -15.75848815063609187, 4.000000000000000000 ) ) ;
#6449 = CARTESIAN_POINT ( 'NONE',  ( 3.072372804504399202, 9.194809502405480117, 5.000000000000000000 ) ) ;
#6450 = ADVANCED_FACE ( 'NONE', ( #4934 ), #876, .F. ) ;
#6451 = ADVANCED_FACE ( 'NONE', ( #5917 ), #3377, .F. ) ;
#6452 = ORIENTED_EDGE ( 'NONE', *, *, #617, .F. ) ;
#6453 = VECTOR ( 'NONE', #5591, 1000.000000000000000 ) ;
#6454 = CARTESIAN_POINT ( 'NONE',  ( 1.110276616292767304, -16.53045069420640090, 3.999999999999999112 ) ) ;
#6455 = CARTESIAN_POINT ( 'NONE',  ( -1.475649145367523118, -14.76872126294798271, 4.999999999999999112 ) ) ;
#6456 = EDGE_CURVE ( 'NONE', #1878, #968, #2412, .T. ) ;
#6457 = VERTEX_POINT ( 'NONE', #4903 ) ;
#6458 = ORIENTED_EDGE ( 'NONE', *, *, #5551, .T. ) ;
#6459 = AXIS2_PLACEMENT_3D ( 'NONE', #3910, #3474, #6507 ) ;
#6460 = AXIS2_PLACEMENT_3D ( 'NONE', #694, #4719, #1679 ) ;
#6461 = CARTESIAN_POINT ( 'NONE',  ( 0.5475547743088348129, -14.72745814986939372, 4.000000000000001776 ) ) ;
#6462 = CARTESIAN_POINT ( 'NONE',  ( -0.4206072120007994797, -14.45734151234635689, 3.999999999999999112 ) ) ;
#6463 = AXIS2_PLACEMENT_3D ( 'NONE', #3244, #1267, #773 ) ;
#6464 = AXIS2_PLACEMENT_3D ( 'NONE', #4168, #173, #3697 ) ;
#6465 = CARTESIAN_POINT ( 'NONE',  ( -5.210256410256410398, -16.32925082910378833, 4.000000000000000000 ) ) ;
#6466 = ADVANCED_FACE ( 'NONE', ( #4996 ), #5950, .F. ) ;
#6467 = EDGE_LOOP ( 'NONE', ( #6420, #5686, #5290, #3144 ) ) ;
#6468 = CARTESIAN_POINT ( 'NONE',  ( 0.09160124233538076421, -17.71826953228604751, 5.000000000000000888 ) ) ;
#6469 = ORIENTED_EDGE ( 'NONE', *, *, #4430, .T. ) ;
#6470 = AXIS2_PLACEMENT_3D ( 'NONE', #2523, #6031, #5505 ) ;
#6471 = EDGE_LOOP ( 'NONE', ( #5479, #1419, #643, #777 ) ) ;
#6472 = EDGE_CURVE ( 'NONE', #2447, #1946, #1967, .T. ) ;
#6473 = CARTESIAN_POINT ( 'NONE',  ( -4.085078278190096945, -14.79228298569620925, 4.000000000000000000 ) ) ;
#6474 = DIRECTION ( 'NONE',  ( -0.000000000000000000, -0.000000000000000000, 1.000000000000000000 ) ) ;
#6475 = CARTESIAN_POINT ( 'NONE',  ( 26.63101451046069101, -20.32500000000000995, 2.500000000000000000 ) ) ;
#6476 = DIRECTION ( 'NONE',  ( -0.9994604207224029313, -0.03284611711294563308, 0.000000000000000000 ) ) ;
#6477 = DIRECTION ( 'NONE',  ( -0.000000000000000000, -0.000000000000000000, -1.000000000000000000 ) ) ;
#6478 = PLANE ( 'NONE',  #4729 ) ;
#6479 = CARTESIAN_POINT ( 'NONE',  ( -8.799999999999998934, 2.791454495570343752, 10.00000000000000000 ) ) ;
#6480 = ORIENTED_EDGE ( 'NONE', *, *, #5369, .F. ) ;
#6481 = CARTESIAN_POINT ( 'NONE',  ( -4.398069938970056825, -15.38258635810702657, 4.000000000000000000 ) ) ;
#6482 = DIRECTION ( 'NONE',  ( -1.000000000000000000, 0.000000000000000000, 0.000000000000000000 ) ) ;
#6483 = ORIENTED_EDGE ( 'NONE', *, *, #6370, .T. ) ;
#6484 = EDGE_LOOP ( 'NONE', ( #4806, #5693, #3071, #5308 ) ) ;
#6485 = CARTESIAN_POINT ( 'NONE',  ( -0.08007804665968364100, -15.08486808327615059, 5.000000000000000888 ) ) ;
#6486 = DIRECTION ( 'NONE',  ( 0.5000000000000015543, -0.8660254037844377084, -0.000000000000000000 ) ) ;
#6487 = EDGE_CURVE ( 'NONE', #5080, #3764, #2379, .T. ) ;
#6488 = VERTEX_POINT ( 'NONE', #3911 ) ;
#6489 = DIRECTION ( 'NONE',  ( 1.000000000000000000, 0.000000000000000000, 0.000000000000000000 ) ) ;
#6490 = CARTESIAN_POINT ( 'NONE',  ( -0.8314319303410037110, -14.49112657528359982, 3.999999999999999112 ) ) ;
#6491 = ORIENTED_EDGE ( 'NONE', *, *, #3794, .T. ) ;
#6492 = EDGE_LOOP ( 'NONE', ( #1095, #1589, #1040, #4954 ) ) ;
#6493 = CIRCLE ( 'NONE', #1978, 1.500000000000001332 ) ;
#6494 = VECTOR ( 'NONE', #1888, 1000.000000000000000 ) ;
#6495 = DIRECTION ( 'NONE',  ( 1.000000000000000000, 0.000000000000000000, 0.000000000000000000 ) ) ;
#6496 = CARTESIAN_POINT ( 'NONE',  ( -3.826282051282051455, -15.44009818487302255, 5.000000000000000888 ) ) ;
#6497 = VECTOR ( 'NONE', #5819, 1000.000000000000000 ) ;
#6498 = CARTESIAN_POINT ( 'NONE',  ( -23.36898548953931609, -14.67500000000000782, 0.000000000000000000 ) ) ;
#6499 = ORIENTED_EDGE ( 'NONE', *, *, #2862, .F. ) ;
#6500 = CARTESIAN_POINT ( 'NONE',  ( -0.4388521634615394351, -17.79463544448841716, 5.000000000000000000 ) ) ;
#6501 = ORIENTED_EDGE ( 'NONE', *, *, #3929, .F. ) ;
#6502 = VECTOR ( 'NONE', #3380, 1000.000000000000000 ) ;
#6503 = AXIS2_PLACEMENT_3D ( 'NONE', #2664, #2066, #6229 ) ;
#6504 = ORIENTED_EDGE ( 'NONE', *, *, #1293, .F. ) ;
#6505 = EDGE_CURVE ( 'NONE', #4917, #4955, #5428, .T. ) ;
#6506 = EDGE_CURVE ( 'NONE', #3586, #3657, #4476, .T. ) ;
#6507 = DIRECTION ( 'NONE',  ( 0.000000000000000000, -0.000000000000000000, 1.000000000000000000 ) ) ;
#6508 = FACE_OUTER_BOUND ( 'NONE', #3961, .T. ) ;
#6509 = AXIS2_PLACEMENT_3D ( 'NONE', #723, #2723, #6251 ) ;
#6510 = FACE_OUTER_BOUND ( 'NONE', #2575, .T. ) ;
#6511 = CARTESIAN_POINT ( 'NONE',  ( -1.172468870887187320, -14.59480120161664907, 4.000000000000000888 ) ) ;
#6512 = ADVANCED_FACE ( 'NONE', ( #2473 ), #4598, .T. ) ;
#6513 = CARTESIAN_POINT ( 'NONE',  ( 23.51198800726059446, 13.13699411993707322, 9.000000000000001776 ) ) ;
#6514 = CARTESIAN_POINT ( 'NONE',  ( 4.355448717948715576, -14.53822518807815989, 4.000000000000000000 ) ) ;
#6515 = ORIENTED_EDGE ( 'NONE', *, *, #5523, .F. ) ;
#6516 = CARTESIAN_POINT ( 'NONE',  ( 9.800000000000002487, 2.791454495570343752, 5.000000000000000000 ) ) ;
#6517 = CYLINDRICAL_SURFACE ( 'NONE', #2442, 1.749999999999998002 ) ;
#6518 = ORIENTED_EDGE ( 'NONE', *, *, #499, .T. ) ;
#6519 = EDGE_LOOP ( 'NONE', ( #23, #504, #2495, #4982 ) ) ;
ENDSEC;
END-ISO-10303-21;
