ISO-10303-21;
HEADER;
FILE_DESCRIPTION (( 'STEP AP214' ),
    '1' );
FILE_NAME ('paa5100je_assembly3.STEP',
    '2026-09-16T22:19:54',
    ( '' ),
    ( '' ),
    'SwSTEP 2.0',
    'SolidWorks 2024',
    '' );
FILE_SCHEMA (( 'AUTOMOTIVE_DESIGN' ));
ENDSEC;

DATA;
#1 = DIRECTION ( 'NONE',  ( -0.000000000000000000, 1.000000000000000000, -0.000000000000000000 ) ) ;
#2 = ORIENTED_EDGE ( 'NONE', *, *, #8207, .F. ) ;
#3 = CIRCLE ( 'NONE', #5604, 1.500000000000001332 ) ;
#4 = CARTESIAN_POINT ( 'NONE',  ( -3.966727154109230380, -14.93561736206180868, 3.999999999999998224 ) ) ;
#5 = CARTESIAN_POINT ( 'NONE',  ( 9.521751581256404862, -21.49999999999999645, 0.000000000000000000 ) ) ;
#6 = ORIENTED_EDGE ( 'NONE', *, *, #10722, .F. ) ;
#7 = VECTOR ( 'NONE', #995, 1000.000000000000000 ) ;
#8 = CARTESIAN_POINT ( 'NONE',  ( -55.49999999999996447, 5.000000000000000000, 84.99999999999991473 ) ) ;
#9 = ORIENTED_EDGE ( 'NONE', *, *, #3051, .T. ) ;
#10 = EDGE_CURVE ( 'NONE', #1683, #9922, #4945, .T. ) ;
#11 = CARTESIAN_POINT ( 'NONE',  ( -73.00000000000001421, 5.000000000000000000, -102.0499999999999972 ) ) ;
#12 = ORIENTED_EDGE ( 'NONE', *, *, #8269, .T. ) ;
#13 = AXIS2_PLACEMENT_3D ( 'NONE', #6348, #10983, #9905 ) ;
#14 = FACE_OUTER_BOUND ( 'NONE', #5758, .T. ) ;
#15 = EDGE_CURVE ( 'NONE', #4359, #1569, #10488, .T. ) ;
#16 = ADVANCED_FACE ( 'NONE', ( #10545 ), #9583, .F. ) ;
#17 = CIRCLE ( 'NONE', #9659, 1.500000000000001332 ) ;
#18 = DIRECTION ( 'NONE',  ( 0.000000000000000000, 0.000000000000000000, -1.000000000000000000 ) ) ;
#19 = DIRECTION ( 'NONE',  ( -0.000000000000000000, -0.000000000000000000, -1.000000000000000000 ) ) ;
#20 = CARTESIAN_POINT ( 'NONE',  ( 9.299999999999998934, 2.000000000000000000, -9.299999999999997158 ) ) ;
#21 = CYLINDRICAL_SURFACE ( 'NONE', #7598, 3.257139434613112172 ) ;
#23 = AXIS2_PLACEMENT_3D ( 'NONE', #10355, #9451, #3971 ) ;
#22 = DIRECTION ( 'NONE',  ( 1.000000000000000000, -0.000000000000000000, 0.000000000000000000 ) ) ;
#24 = ADVANCED_FACE ( 'NONE', ( #11450 ), #2275, .F. ) ;
#25 = ORIENTED_EDGE ( 'NONE', *, *, #4436, .T. ) ;
#26 = DIRECTION ( 'NONE',  ( 0.000000000000000000, 1.000000000000000000, 0.000000000000000000 ) ) ;
#27 = VERTEX_POINT ( 'NONE', #8068 ) ;
#28 = CARTESIAN_POINT ( 'NONE',  ( -1.328654218018920252, -14.67332075672487157, 4.999999999999999112 ) ) ;
#29 = ADVANCED_FACE ( 'NONE', ( #9161 ), #9880, .T. ) ;
#30 = VECTOR ( 'NONE', #9060, 1000.000000000000000 ) ;
#31 = AXIS2_PLACEMENT_3D ( 'NONE', #8582, #4663, #9777 ) ;
#32 = ORIENTED_EDGE ( 'NONE', *, *, #10138, .T. ) ;
#33 = LINE ( 'NONE', #4059, #6889 ) ;
#34 = VECTOR ( 'NONE', #1558, 1000.000000000000114 ) ;
#35 = CARTESIAN_POINT ( 'NONE',  ( -13.05713943461311466, 2.791454495570343752, 5.000000000000000000 ) ) ;
#36 = EDGE_CURVE ( 'NONE', #6615, #9620, #10056, .T. ) ;
#37 = FACE_OUTER_BOUND ( 'NONE', #11526, .T. ) ;
#38 = CARTESIAN_POINT ( 'NONE',  ( -2.157371794871795867, -16.10982474737303249, 4.000000000000000000 ) ) ;
#39 = DIRECTION ( 'NONE',  ( 0.05028052826558230409, 0.9987351342960424372, -0.000000000000000000 ) ) ;
#40 = LINE ( 'NONE', #271, #3094 ) ;
#41 = ADVANCED_FACE ( 'NONE', ( #7287 ), #10905, .T. ) ;
#42 = ORIENTED_EDGE ( 'NONE', *, *, #6391, .F. ) ;
#43 = VECTOR ( 'NONE', #11345, 1000.000000000000000 ) ;
#44 = AXIS2_PLACEMENT_3D ( 'NONE', #1991, #7247, #5674 ) ;
#45 = CARTESIAN_POINT ( 'NONE',  ( 9.299999999999998934, 0.000000000000000000, -9.299999999999997158 ) ) ;
#46 = DIRECTION ( 'NONE',  ( -0.000000000000000000, 1.000000000000000000, -0.000000000000000000 ) ) ;
#47 = ORIENTED_EDGE ( 'NONE', *, *, #5174, .T. ) ;
#48 = ORIENTED_EDGE ( 'NONE', *, *, #11327, .F. ) ;
#49 = ADVANCED_FACE ( 'NONE', ( #1795 ), #10962, .F. ) ;
#50 = PLANE ( 'NONE',  #3738 ) ;
#51 = AXIS2_PLACEMENT_3D ( 'NONE', #1269, #2857, #4909 ) ;
#52 = FACE_OUTER_BOUND ( 'NONE', #10750, .T. ) ;
#53 = CARTESIAN_POINT ( 'NONE',  ( 119.0000000000000284, 24.00000000000000355, -66.00000000000000000 ) ) ;
#54 = DIRECTION ( 'NONE',  ( 0.000000000000000000, 0.000000000000000000, 1.000000000000000000 ) ) ;
#55 = LINE ( 'NONE', #6523, #6833 ) ;
#56 = ORIENTED_EDGE ( 'NONE', *, *, #3370, .T. ) ;
#57 = CARTESIAN_POINT ( 'NONE',  ( -25.33369296624130840, 22.34263864068763539, 5.000000000000000000 ) ) ;
#58 = FACE_BOUND ( 'NONE', #8422, .T. ) ;
#59 = EDGE_LOOP ( 'NONE', ( #2626, #7269 ) ) ;
#60 = VECTOR ( 'NONE', #465, 1000.000000000000000 ) ;
#61 = VECTOR ( 'NONE', #10683, 1000.000000000000000 ) ;
#62 = ORIENTED_EDGE ( 'NONE', *, *, #4657, .T. ) ;
#63 = EDGE_LOOP ( 'NONE', ( #10107, #6157, #2234, #115, #6931, #2847 ) ) ;
#64 = CARTESIAN_POINT ( 'NONE',  ( 75.00000000000001421, 5.000000000000000888, -57.99999999999998579 ) ) ;
#65 = CIRCLE ( 'NONE', #445, 1.549999999999995826 ) ;
#66 = CARTESIAN_POINT ( 'NONE',  ( 140.0000000000000853, 21.20000000000000284, -51.16586884164576787 ) ) ;
#67 = DIRECTION ( 'NONE',  ( 0.000000000000000000, 0.000000000000000000, 1.000000000000000000 ) ) ;
#68 = ORIENTED_EDGE ( 'NONE', *, *, #2904, .T. ) ;
#69 = CARTESIAN_POINT ( 'NONE',  ( 28.26202902092138913, -17.50000000000000711, 2.500000000000000000 ) ) ;
#70 = FACE_OUTER_BOUND ( 'NONE', #11423, .T. ) ;
#71 = ORIENTED_EDGE ( 'NONE', *, *, #304, .F. ) ;
#72 = DIRECTION ( 'NONE',  ( 0.000000000000000000, 0.000000000000000000, 1.000000000000000000 ) ) ;
#73 = ORIENTED_EDGE ( 'NONE', *, *, #10530, .F. ) ;
#74 = EDGE_LOOP ( 'NONE', ( #6830, #9180 ) ) ;
#75 = PLANE ( 'NONE',  #11050 ) ;
#76 = B_SPLINE_CURVE_WITH_KNOTS ( 'NONE', 3,
 ( #1908, #3156, #6709, #4624, #934, #3947, #8591, #10388, #2818, #7670, #9267, #10454, #11348, #3090, #4006, #9159, #7406, #8312, #5590 ),
 .UNSPECIFIED., .F., .F.,
 ( 4, 1, 1, 1, 1, 1, 1, 1, 1, 1, 1, 1, 1, 1, 1, 1, 4 ),
 ( 0.000000000000000000, 0.06376895995773981807, 0.1252623047603745043, 0.1854135826663900755, 0.2468067624960856576, 0.3094223888496974162, 0.3725326822170092478, 0.4377332507368588144, 0.5057495167426344640, 0.5440132631112704065, 0.5883695992066307889, 0.6403890193945120934, 0.6978974005877082165, 0.7632716192950987910, 0.8349786038393127718, 0.9138736558434372714, 1.000000000000000000 ),
 .UNSPECIFIED. ) ;
#77 = CARTESIAN_POINT ( 'NONE',  ( -3.845458413855898705, -15.65526029447563516, 5.000000000000001776 ) ) ;
#78 = DIRECTION ( 'NONE',  ( -0.000000000000000000, -0.000000000000000000, 1.000000000000000000 ) ) ;
#79 = VECTOR ( 'NONE', #2167, 1000.000000000000000 ) ;
#80 = DIRECTION ( 'NONE',  ( 0.05028052826558230409, 0.9987351342960424372, -0.000000000000000000 ) ) ;
#81 = CARTESIAN_POINT ( 'NONE',  ( -4.601928236847449227, -15.71775222769595715, 4.000000000000000888 ) ) ;
#82 = CARTESIAN_POINT ( 'NONE',  ( -3.297115384615386446, -14.53822518807815989, 4.000000000000000000 ) ) ;
#83 = ORIENTED_EDGE ( 'NONE', *, *, #654, .T. ) ;
#84 = EDGE_CURVE ( 'NONE', #7261, #1891, #3545, .T. ) ;
#85 = ORIENTED_EDGE ( 'NONE', *, *, #10722, .T. ) ;
#86 = DIRECTION ( 'NONE',  ( -1.000000000000000000, 0.000000000000000000, 0.000000000000000000 ) ) ;
#87 = ORIENTED_EDGE ( 'NONE', *, *, #8615, .F. ) ;
#88 = VECTOR ( 'NONE', #9164, 1000.000000000000114 ) ;
#89 = EDGE_CURVE ( 'NONE', #6049, #6425, #7346, .T. ) ;
#90 = CARTESIAN_POINT ( 'NONE',  ( -1.475649145367523118, -14.76872126294798271, 4.000000000000000000 ) ) ;
#91 = ORIENTED_EDGE ( 'NONE', *, *, #3430, .F. ) ;
#92 = CARTESIAN_POINT ( 'NONE',  ( -8.799999999999998934, 2.791454495570343752, 10.00000000000000000 ) ) ;
#93 = DIRECTION ( 'NONE',  ( 9.376883653928692294E-17, 0.000000000000000000, 1.000000000000000000 ) ) ;
#94 = EDGE_CURVE ( 'NONE', #10226, #5000, #6455, .T. ) ;
#95 = AXIS2_PLACEMENT_3D ( 'NONE', #9396, #5658, #6727 ) ;
#96 = EDGE_CURVE ( 'NONE', #4783, #11909, #262, .T. ) ;
#97 = DIRECTION ( 'NONE',  ( -1.000000000000000000, 0.000000000000000000, 0.000000000000000000 ) ) ;
#98 = DIRECTION ( 'NONE',  ( -1.000000000000000000, -0.000000000000000000, -0.000000000000000000 ) ) ;
#99 = DIRECTION ( 'NONE',  ( -0.000000000000000000, -0.000000000000000000, -1.000000000000000000 ) ) ;
#100 = CARTESIAN_POINT ( 'NONE',  ( 0.8095053573310251327, -17.19685137241162920, 5.000000000000000000 ) ) ;
#101 = ORIENTED_EDGE ( 'NONE', *, *, #11731, .F. ) ;
#102 = DIRECTION ( 'NONE',  ( 0.000000000000000000, 1.000000000000000000, 0.000000000000000000 ) ) ;
#103 = ADVANCED_FACE ( 'NONE', ( #4335 ), #11194, .T. ) ;
#104 =( REPRESENTATION_RELATIONSHIP ('NONE','NONE', #7244, #10942 ) REPRESENTATION_RELATIONSHIP_WITH_TRANSFORMATION ( #8758 )SHAPE_REPRESENTATION_RELATIONSHIP( ) );
#105 = PLANE ( 'NONE',  #411 ) ;
#106 = AXIS2_PLACEMENT_3D ( 'NONE', #1395, #5090, #5206 ) ;
#107 = EDGE_LOOP ( 'NONE', ( #62, #6529, #9237, #3588 ) ) ;
#108 = ORIENTED_EDGE ( 'NONE', *, *, #9158, .T. ) ;
#109 = CARTESIAN_POINT ( 'NONE',  ( -1.414212917856179086, -17.52429352639051885, 4.999999999999998224 ) ) ;
#110 = EDGE_CURVE ( 'NONE', #3102, #10679, #11065, .T. ) ;
#111 = CYLINDRICAL_SURFACE ( 'NONE', #7467, 1.549999999999995826 ) ;
#112 = DIRECTION ( 'NONE',  ( 1.000000000000000000, 0.000000000000000000, -0.000000000000000000 ) ) ;
#113 = CARTESIAN_POINT ( 'NONE',  ( -1.613132359156618234, -14.88155069895832305, 4.000000000000000888 ) ) ;
#114 = CARTESIAN_POINT ( 'NONE',  ( -4.317287660256409865, -17.71322518807814816, 4.000000000000000000 ) ) ;
#115 = ORIENTED_EDGE ( 'NONE', *, *, #515, .T. ) ;
#116 = CARTESIAN_POINT ( 'NONE',  ( 12.00000000000000000, 0.000000000000000000, -10.99999999999999289 ) ) ;
#117 = CARTESIAN_POINT ( 'NONE',  ( 45.50000000000003553, 5.000000000000000000, 94.99999999999992895 ) ) ;
#118 = VERTEX_POINT ( 'NONE', #635 ) ;
#119 = ORIENTED_EDGE ( 'NONE', *, *, #9863, .F. ) ;
#120 = CIRCLE ( 'NONE', #1270, 5.000000000000000888 ) ;
#121 = ORIENTED_EDGE ( 'NONE', *, *, #11327, .T. ) ;
#122 = CARTESIAN_POINT ( 'NONE',  ( 1.709615384615383205, -17.71322518807815882, 4.000000000000000000 ) ) ;
#123 = CARTESIAN_POINT ( 'NONE',  ( 0.5000000000000004441, 4.000000000000000000, -3.870000000000000107 ) ) ;
#124 = CARTESIAN_POINT ( 'NONE',  ( 0.09160124233538076421, -17.71826953228604751, 4.000000000000000888 ) ) ;
#125 = VERTEX_POINT ( 'NONE', #6202 ) ;
#126 = AXIS2_PLACEMENT_3D ( 'NONE', #7075, #10754, #7015 ) ;
#127 = CARTESIAN_POINT ( 'NONE',  ( -8.999999999999994671, 0.000000000000000000, 10.99999999999999467 ) ) ;
#128 = CARTESIAN_POINT ( 'NONE',  ( -9.299999999999998934, 2.000000000000000000, -8.049999999999998934 ) ) ;
#129 = PLANE ( 'NONE',  #51 ) ;
#130 = VERTEX_POINT ( 'NONE', #1608 ) ;
#131 = EDGE_LOOP ( 'NONE', ( #10094, #8250 ) ) ;
#132 = CARTESIAN_POINT ( 'NONE',  ( -0.2029560313737959476, -17.20583498013595403, 4.000000000000000888 ) ) ;
#133 = VECTOR ( 'NONE', #1273, 1000.000000000000000 ) ;
#134 = CARTESIAN_POINT ( 'NONE',  ( -3.826282051282051011, -15.44009818487302077, 5.000000000000000888 ) ) ;
#135 = LINE ( 'NONE', #8471, #9365 ) ;
#136 = FACE_OUTER_BOUND ( 'NONE', #7440, .T. ) ;
#137 = CARTESIAN_POINT ( 'NONE',  ( -4.493261334243715766, -15.66418284835249430, 4.999999999999992006 ) ) ;
#138 = CARTESIAN_POINT ( 'NONE',  ( -0.4258509072241702942, -15.02810925100230222, 4.000000000000000000 ) ) ;
#139 = EDGE_LOOP ( 'NONE', ( #6156, #8164 ) ) ;
#140 = ORIENTED_EDGE ( 'NONE', *, *, #1726, .T. ) ;
#141 = ADVANCED_FACE ( 'NONE', ( #1669 ), #5298, .T. ) ;
#142 = CARTESIAN_POINT ( 'NONE',  ( -75.00000000000001421, 5.000000000000000000, -102.0000000000000142 ) ) ;
#143 = ORIENTED_EDGE ( 'NONE', *, *, #10392, .F. ) ;
#144 = CARTESIAN_POINT ( 'NONE',  ( -1.740780248397436836, -15.01205832109098104, 4.000000000000000000 ) ) ;
#145 = VERTEX_POINT ( 'NONE', #2029 ) ;
#146 = FACE_OUTER_BOUND ( 'NONE', #9925, .T. ) ;
#147 = EDGE_CURVE ( 'NONE', #1434, #8634, #4692, .T. ) ;
#148 = LINE ( 'NONE', #7514, #4583 ) ;
#149 = LINE ( 'NONE', #3969, #9359 ) ;
#150 = DIRECTION ( 'NONE',  ( 1.000000000000000000, 0.000000000000000000, 0.000000000000000000 ) ) ;
#151 = CARTESIAN_POINT ( 'NONE',  ( -3.834615409452885704, -15.29991906260031698, 4.999999999999997335 ) ) ;
#152 = EDGE_CURVE ( 'NONE', #3708, #1907, #11644, .T. ) ;
#153 = DIRECTION ( 'NONE',  ( 1.000000000000000000, 0.000000000000000000, 0.000000000000000000 ) ) ;
#154 = DIRECTION ( 'NONE',  ( 0.000000000000000000, -1.000000000000000000, 0.000000000000000000 ) ) ;
#155 = ORIENTED_EDGE ( 'NONE', *, *, #8568, .T. ) ;
#156 = LINE ( 'NONE', #4635, #5081 ) ;
#157 = FACE_OUTER_BOUND ( 'NONE', #5378, .T. ) ;
#158 = PRODUCT_RELATED_PRODUCT_CATEGORY ( 'part', '', ( #9492 ) ) ;
#159 = ORIENTED_EDGE ( 'NONE', *, *, #10569, .T. ) ;
#160 = ORIENTED_EDGE ( 'NONE', *, *, #2229, .T. ) ;
#161 = DIRECTION ( 'NONE',  ( 0.000000000000000000, 1.000000000000000000, 0.000000000000000000 ) ) ;
#162 = EDGE_CURVE ( 'NONE', #4983, #3721, #5482, .T. ) ;
#163 = FACE_BOUND ( 'NONE', #2342, .T. ) ;
#164 = CARTESIAN_POINT ( 'NONE',  ( -75.00000000000001421, 22.50000000000000355, -80.00000000000001421 ) ) ;
#165 = CARTESIAN_POINT ( 'NONE',  ( -1.544073903569161965, -15.78945888066755465, 5.000000000000000000 ) ) ;
#166 = ORIENTED_EDGE ( 'NONE', *, *, #2588, .F. ) ;
#168 = EDGE_CURVE ( 'NONE', #5982, #6592, #11192, .T. ) ;
#167 = LINE ( 'NONE', #1193, #830 ) ;
#169 = DIRECTION ( 'NONE',  ( 0.000000000000000000, 0.000000000000000000, 1.000000000000000000 ) ) ;
#170 = EDGE_LOOP ( 'NONE', ( #5094, #4271, #4667, #5009 ) ) ;
#171 = EDGE_CURVE ( 'NONE', #3394, #3960, #9334, .T. ) ;
#172 = VERTEX_POINT ( 'NONE', #2873 ) ;
#173 = VERTEX_POINT ( 'NONE', #4751 ) ;
#174 = DIRECTION ( 'NONE',  ( 0.000000000000000000, 0.000000000000000000, -1.000000000000000000 ) ) ;
#175 = VECTOR ( 'NONE', #9657, 1000.000000000000000 ) ;
#176 = LINE ( 'NONE', #5508, #1067 ) ;
#177 = CARTESIAN_POINT ( 'NONE',  ( 0.4500339802339450301, -17.54444440201391586, 4.000000000000000888 ) ) ;
#178 = ORIENTED_EDGE ( 'NONE', *, *, #3917, .T. ) ;
#179 = CARTESIAN_POINT ( 'NONE',  ( -73.00000000000001421, 0.000000000000000000, 76.99999999999992895 ) ) ;
#180 = CARTESIAN_POINT ( 'NONE',  ( 24.99999999999999645, -17.50000000000000000, 9.000000000000001776 ) ) ;
#181 = DIRECTION ( 'NONE',  ( -1.000000000000000000, 0.000000000000000000, 0.000000000000000000 ) ) ;
#182 = VERTEX_POINT ( 'NONE', #35 ) ;
#183 = VERTEX_POINT ( 'NONE', #1909 ) ;
#184 = VECTOR ( 'NONE', #6668, 1000.000000000000000 ) ;
#185 = CARTESIAN_POINT ( 'NONE',  ( 0.2151256036420169937, -17.00822485306244758, 5.000000000000000888 ) ) ;
#186 = EDGE_CURVE ( 'NONE', #6309, #8987, #5713, .T. ) ;
#187 = CARTESIAN_POINT ( 'NONE',  ( -4.055789648018072846, -16.05017032030975699, 4.000000000000001776 ) ) ;
#188 = CARTESIAN_POINT ( 'NONE',  ( -0.5094951284314038764, -15.02768348299414924, 4.999999999999999112 ) ) ;
#189 = DIRECTION ( 'NONE',  ( -1.000000000000000000, -0.000000000000000000, -0.000000000000000000 ) ) ;
#190 = AXIS2_PLACEMENT_3D ( 'NONE', #2305, #368, #2479 ) ;
#191 = CARTESIAN_POINT ( 'NONE',  ( -4.601928236847449227, -15.71775222769595715, 4.999999999999993783 ) ) ;
#192 = CARTESIAN_POINT ( 'NONE',  ( 0.3828798071373376577, -15.35474784654162583, 4.000000000000000000 ) ) ;
#193 = VERTEX_POINT ( 'NONE', #2083 ) ;
#194 = EDGE_LOOP ( 'NONE', ( #7907, #508, #4347, #10527 ) ) ;
#195 = CARTESIAN_POINT ( 'NONE',  ( 27.90343502558110700, 16.01309099620652532, 0.000000000000000000 ) ) ;
#196 = VERTEX_POINT ( 'NONE', #5591 ) ;
#197 = CARTESIAN_POINT ( 'NONE',  ( -0.8314319303410037110, -14.49112657528359982, 3.999999999999999112 ) ) ;
#198 = EDGE_CURVE ( 'NONE', #7659, #10007, #9146, .T. ) ;
#199 = ORIENTED_EDGE ( 'NONE', *, *, #654, .F. ) ;
#200 = AXIS2_PLACEMENT_3D ( 'NONE', #2007, #10327, #6653 ) ;
#201 = CIRCLE ( 'NONE', #5222, 0.9999999999999991118 ) ;
#202 = CARTESIAN_POINT ( 'NONE',  ( 75.00000000000000000, 7.000000000000026645, -102.0000000000000142 ) ) ;
#203 = DIRECTION ( 'NONE',  ( 0.000000000000000000, 0.000000000000000000, -1.000000000000000000 ) ) ;
#204 = CIRCLE ( 'NONE', #1760, 1.999999999999987121 ) ;
#205 = UNCERTAINTY_MEASURE_WITH_UNIT (LENGTH_MEASURE( 1.000000000000000082E-05 ), #2968, 'distance_accuracy_value', 'NONE');
#206 = CARTESIAN_POINT ( 'NONE',  ( -3.297115384615386446, -14.53822518807815989, 4.000000000000000000 ) ) ;
#207 = CARTESIAN_POINT ( 'NONE',  ( -27.73045543115249600, 21.72576775728266441, 0.000000000000000000 ) ) ;
#208 = CARTESIAN_POINT ( 'NONE',  ( -4.178253569168950854, -14.71551028023093188, 4.999999999999997335 ) ) ;
#209 = CARTESIAN_POINT ( 'NONE',  ( 1.110276616292767304, -16.53045069420640090, 4.999999999999999112 ) ) ;
#210 = LINE ( 'NONE', #8617, #11363 ) ;
#211 = ORIENTED_EDGE ( 'NONE', *, *, #5178, .F. ) ;
#213 = ADVANCED_FACE ( 'NONE', ( #6447 ), #5656, .F. ) ;
#212 = FACE_OUTER_BOUND ( 'NONE', #5367, .T. ) ;
#214 = CARTESIAN_POINT ( 'NONE',  ( 3.378525641025639903, -16.32925082910379899, 5.000000000000000000 ) ) ;
#215 = CONICAL_SURFACE ( 'NONE', #7365, 3.257139434613112172, 0.7853981633974447263 ) ;
#216 = ORIENTED_EDGE ( 'NONE', *, *, #8647, .F. ) ;
#217 = ORIENTED_EDGE ( 'NONE', *, *, #5588, .T. ) ;
#218 = VECTOR ( 'NONE', #1334, 1000.000000000000000 ) ;
#219 = LINE ( 'NONE', #6519, #10989 ) ;
#220 = FACE_BOUND ( 'NONE', #5007, .T. ) ;
#221 = AXIS2_PLACEMENT_3D ( 'NONE', #3849, #1865, #7417 ) ;
#222 = AXIS2_PLACEMENT_3D ( 'NONE', #2049, #282, #3984 ) ;
#223 = PLANE ( 'NONE',  #1002 ) ;
#224 = CARTESIAN_POINT ( 'NONE',  ( 24.00000000000001421, 5.000000000000004441, 9.999999999999953815 ) ) ;
#225 = EDGE_LOOP ( 'NONE', ( #2009, #5100, #928, #9793, #7296, #9261 ) ) ;
#226 = LINE ( 'NONE', #4893, #11428 ) ;
#227 = DIRECTION ( 'NONE',  ( 1.000000000000000000, 0.000000000000000000, 0.000000000000000000 ) ) ;
#228 = VERTEX_POINT ( 'NONE', #10170 ) ;
#229 = ADVANCED_FACE ( 'NONE', ( #3786, #8544 ), #8430, .T. ) ;
#230 = ORIENTED_EDGE ( 'NONE', *, *, #11553, .F. ) ;
#231 = VECTOR ( 'NONE', #2008, 1000.000000000000000 ) ;
#232 = ORIENTED_EDGE ( 'NONE', *, *, #4986, .F. ) ;
#233 = ADVANCED_FACE ( 'NONE', ( #146 ), #1857, .F. ) ;
#234 = DIRECTION ( 'NONE',  ( 0.000000000000000000, 1.000000000000000000, -0.000000000000000000 ) ) ;
#235 = EDGE_CURVE ( 'NONE', #2105, #9283, #7459, .T. ) ;
#236 = DIRECTION ( 'NONE',  ( 0.000000000000000000, 1.000000000000000000, 0.000000000000000000 ) ) ;
#237 = CARTESIAN_POINT ( 'NONE',  ( 0.9748812362655017161, -16.92499946339432171, 3.999999999999999112 ) ) ;
#238 = ORIENTED_EDGE ( 'NONE', *, *, #9689, .T. ) ;
#239 = AXIS2_PLACEMENT_3D ( 'NONE', #8569, #2104, #227 ) ;
#240 = DIRECTION ( 'NONE',  ( -1.000000000000000000, 0.000000000000000000, 0.000000000000000000 ) ) ;
#241 = CARTESIAN_POINT ( 'NONE',  ( 1.135291466346152855, -16.08502005987303107, 4.000000000000000000 ) ) ;
#242 = AXIS2_PLACEMENT_3D ( 'NONE', #6098, #649, #11760 ) ;
#243 = DIRECTION ( 'NONE',  ( 0.000000000000000000, 0.000000000000000000, -1.000000000000000000 ) ) ;
#244 = CARTESIAN_POINT ( 'NONE',  ( 79.00000000000001421, 22.50000000000000711, -60.00000000000000711 ) ) ;
#245 = VERTEX_POINT ( 'NONE', #4625 ) ;
#246 = EDGE_CURVE ( 'NONE', #2753, #9656, #6507, .T. ) ;
#247 = ORIENTED_EDGE ( 'NONE', *, *, #5434, .T. ) ;
#248 = DIRECTION ( 'NONE',  ( -1.000000000000000000, -0.000000000000000000, -0.000000000000000000 ) ) ;
#249 = AXIS2_PLACEMENT_3D ( 'NONE', #7369, #11043, #10866 ) ;
#250 = DIRECTION ( 'NONE',  ( -0.000000000000000000, -0.000000000000000000, 1.000000000000000000 ) ) ;
#251 = CARTESIAN_POINT ( 'NONE',  ( -17.99999999999997513, -89.44271909999159220, -30.00000000000006750 ) ) ;
#252 = CARTESIAN_POINT ( 'NONE',  ( -0.4706530448717958781, -15.02668672653969750, 4.000000000000000000 ) ) ;
#253 = CARTESIAN_POINT ( 'NONE',  ( -10.99999999999999289, 2.000000000000000000, 7.000000000000002665 ) ) ;
#254 = CARTESIAN_POINT ( 'NONE',  ( -4.523840512970987326, -15.68489062534015410, 4.999999999999992006 ) ) ;
#255 = DIRECTION ( 'NONE',  ( 1.000000000000000000, 0.000000000000000000, 0.000000000000000000 ) ) ;
#256 = ORIENTED_EDGE ( 'NONE', *, *, #844, .F. ) ;
#257 = ORIENTED_EDGE ( 'NONE', *, *, #6145, .T. ) ;
#258 = DIRECTION ( 'NONE',  ( -0.000000000000000000, -0.000000000000000000, -1.000000000000000000 ) ) ;
#259 = EDGE_LOOP ( 'NONE', ( #2424, #4235, #6421, #457 ) ) ;
#260 = CARTESIAN_POINT ( 'NONE',  ( -1.090818994479551218, -14.56205269406144787, 3.999999999999999112 ) ) ;
#261 = ORIENTED_EDGE ( 'NONE', *, *, #2189, .T. ) ;
#262 = CIRCLE ( 'NONE', #7982, 1.500000000000001332 ) ;
#263 = DIRECTION ( 'NONE',  ( -0.8610380995189045317, 0.5085404518589184963, 0.000000000000000000 ) ) ;
#264 = AXIS2_PLACEMENT_3D ( 'NONE', #11828, #5552, #3566 ) ;
#265 = LINE ( 'NONE', #11082, #5735 ) ;
#266 = CARTESIAN_POINT ( 'NONE',  ( 3.378525641025639903, -16.32925082910379899, 4.000000000000000000 ) ) ;
#267 = VECTOR ( 'NONE', #560, 1000.000000000000114 ) ;
#268 = CARTESIAN_POINT ( 'NONE',  ( -3.297115384615386446, -17.71322518807815882, 4.000000000000000000 ) ) ;
#269 = CARTESIAN_POINT ( 'NONE',  ( -3.826947786166486232, -15.36911249176501748, 4.000000000000000888 ) ) ;
#270 = ORIENTED_EDGE ( 'NONE', *, *, #3791, .T. ) ;
#271 = CARTESIAN_POINT ( 'NONE',  ( 8.433177425405322225, 2.791454495570343752, 10.00000000000000000 ) ) ;
#272 = LINE ( 'NONE', #3975, #8856 ) ;
#273 = VERTEX_POINT ( 'NONE', #8314 ) ;
#274 = CARTESIAN_POINT ( 'NONE',  ( 0.4840094150641016668, -15.45599862557816095, 4.000000000000000000 ) ) ;
#275 = AXIS2_PLACEMENT_3D ( 'NONE', #5421, #3974, #153 ) ;
#276 = CARTESIAN_POINT ( 'NONE',  ( 0.3199168669871786386, -14.60691509192431425, 5.000000000000000000 ) ) ;
#277 = ORIENTED_EDGE ( 'NONE', *, *, #817, .T. ) ;
#278 = AXIS2_PLACEMENT_3D ( 'NONE', #5161, #8246, #7215 ) ;
#279 = ORIENTED_EDGE ( 'NONE', *, *, #3227, .T. ) ;
#280 = CARTESIAN_POINT ( 'NONE',  ( -5.016271033653846523, -15.10809698294994519, 4.000000000000000000 ) ) ;
#281 = FACE_OUTER_BOUND ( 'NONE', #9439, .T. ) ;
#282 = DIRECTION ( 'NONE',  ( 1.000000000000000000, 0.000000000000000000, -3.154042683594193641E-16 ) ) ;
#283 = CARTESIAN_POINT ( 'NONE',  ( -1.005059178219957383, -15.14848534415029313, 4.999999999999999112 ) ) ;
#284 = EDGE_LOOP ( 'NONE', ( #4175, #11074 ) ) ;
#285 = CIRCLE ( 'NONE', #1647, 1.000000000000004441 ) ;
#286 = FACE_OUTER_BOUND ( 'NONE', #4523, .T. ) ;
#287 = CARTESIAN_POINT ( 'NONE',  ( -5.780128205128205465, -14.53822518807814923, 4.000000000000000000 ) ) ;
#288 = EDGE_LOOP ( 'NONE', ( #11115, #3672, #3137, #2803 ) ) ;
#289 = EDGE_CURVE ( 'NONE', #385, #5763, #1246, .T. ) ;
#290 = ORIENTED_EDGE ( 'NONE', *, *, #9662, .T. ) ;
#291 = ORIENTED_EDGE ( 'NONE', *, *, #6065, .T. ) ;
#292 = ADVANCED_FACE ( 'NONE', ( #4803 ), #8482, .T. ) ;
#293 = CARTESIAN_POINT ( 'NONE',  ( 4.925320512820510643, -15.10809698294995584, 4.000000000000000000 ) ) ;
#294 = EDGE_CURVE ( 'NONE', #9715, #10671, #9581, .T. ) ;
#295 = CARTESIAN_POINT ( 'NONE',  ( 64.99999999999998579, 0.000000000000000000, -54.45000000000000995 ) ) ;
#296 = CARTESIAN_POINT ( 'NONE',  ( 0.6778348423149911373, -17.35301085792416131, 5.000000000000001776 ) ) ;
#297 = ORIENTED_EDGE ( 'NONE', *, *, #4780, .F. ) ;
#298 = DIRECTION ( 'NONE',  ( -0.000000000000000000, -1.000000000000000000, -0.000000000000000000 ) ) ;
#299 = DIRECTION ( 'NONE',  ( -0.05028052826558215144, 0.9987351342960424372, 0.000000000000000000 ) ) ;
#300 = LINE ( 'NONE', #6654, #9113 ) ;
#301 = CIRCLE ( 'NONE', #7262, 2.000000000000001776 ) ;
#302 = ORIENTED_EDGE ( 'NONE', *, *, #11576, .F. ) ;
#303 = ORIENTED_EDGE ( 'NONE', *, *, #393, .T. ) ;
#304 = EDGE_CURVE ( 'NONE', #8370, #8080, #5890, .T. ) ;
#305 = DIRECTION ( 'NONE',  ( 0.000000000000000000, 1.000000000000000000, -0.000000000000000000 ) ) ;
#306 = FACE_OUTER_BOUND ( 'NONE', #3575, .T. ) ;
#307 = CARTESIAN_POINT ( 'NONE',  ( -20.00000000000001066, 5.000000000000000000, 96.49999999999991473 ) ) ;
#308 = VECTOR ( 'NONE', #1, 1000.000000000000000 ) ;
#309 = ADVANCED_FACE ( 'NONE', ( #5103 ), #6724, .F. ) ;
#310 = CARTESIAN_POINT ( 'NONE',  ( -0.3372951039804216178, -15.03092100961549527, 4.000000000000001776 ) ) ;
#311 = CARTESIAN_POINT ( 'NONE',  ( 12.00000000000000000, 2.000000000000000000, -10.99999999999999289 ) ) ;
#312 = CARTESIAN_POINT ( 'NONE',  ( -7.999999999999994671, 0.000000000000000000, 11.00000000000000355 ) ) ;
#313 = LINE ( 'NONE', #4014, #10603 ) ;
#314 = VERTEX_POINT ( 'NONE', #377 ) ;
#315 = VECTOR ( 'NONE', #9570, 1000.000000000000000 ) ;
#316 = ORIENTED_EDGE ( 'NONE', *, *, #9038, .T. ) ;
#317 = DIRECTION ( 'NONE',  ( -0.000000000000000000, 1.000000000000000000, -0.000000000000000000 ) ) ;
#318 = ORIENTED_EDGE ( 'NONE', *, *, #6965, .F. ) ;
#319 = CARTESIAN_POINT ( 'NONE',  ( -4.410669370802089873, -15.33500174084944945, 3.999999999999999112 ) ) ;
#320 = ORIENTED_EDGE ( 'NONE', *, *, #10059, .T. ) ;
#321 = ADVANCED_FACE ( 'NONE', ( #2207 ), #4932, .F. ) ;
#322 = VECTOR ( 'NONE', #248, 1000.000000000000000 ) ;
#323 = CARTESIAN_POINT ( 'NONE',  ( 7.000000000000003553, -6.208545504429656248, 6.000000000000000888 ) ) ;
#324 = DIRECTION ( 'NONE',  ( -0.000000000000000000, 1.000000000000000000, -0.000000000000000000 ) ) ;
#325 = DIRECTION ( 'NONE',  ( 0.000000000000000000, 0.000000000000000000, 1.000000000000000000 ) ) ;
#326 = CARTESIAN_POINT ( 'NONE',  ( -25.99999999999999645, -89.44271909999159220, -25.00000000000006395 ) ) ;
#327 = CARTESIAN_POINT ( 'NONE',  ( 8.000000000000001776, -6.208545504429656248, 10.00000000000000000 ) ) ;
#328 = ORIENTED_EDGE ( 'NONE', *, *, #7342, .T. ) ;
#329 = DIRECTION ( 'NONE',  ( -0.000000000000000000, 1.000000000000000000, -0.000000000000000000 ) ) ;
#330 = DIRECTION ( 'NONE',  ( -0.7071067811865455743, -0.7071067811865495711, -0.000000000000000000 ) ) ;
#331 = ORIENTED_EDGE ( 'NONE', *, *, #11591, .T. ) ;
#332 = DIRECTION ( 'NONE',  ( -1.000000000000000000, 0.000000000000000000, 0.000000000000000000 ) ) ;
#333 = DIRECTION ( 'NONE',  ( -0.000000000000000000, 1.000000000000000000, -0.000000000000000000 ) ) ;
#334 = ORIENTED_EDGE ( 'NONE', *, *, #6085, .F. ) ;
#335 = EDGE_CURVE ( 'NONE', #1810, #5601, #10405, .T. ) ;
#336 = CARTESIAN_POINT ( 'NONE',  ( 1.139743589743589025, -16.22049181468072376, 4.000000000000000000 ) ) ;
#337 = CARTESIAN_POINT ( 'NONE',  ( -1.549999999999993383, 0.000000000000000000, -95.50000000000000000 ) ) ;
#338 = EDGE_CURVE ( 'NONE', #2023, #3102, #2143, .T. ) ;
#339 = DIRECTION ( 'NONE',  ( -0.000000000000000000, 0.000000000000000000, 1.000000000000000000 ) ) ;
#340 = DIRECTION ( 'NONE',  ( 1.000000000000000000, 0.000000000000000000, 0.000000000000000000 ) ) ;
#341 = ORIENTED_EDGE ( 'NONE', *, *, #11362, .T. ) ;
#342 = DIRECTION ( 'NONE',  ( 1.000000000000000000, 0.000000000000000000, 0.000000000000000000 ) ) ;
#343 = CARTESIAN_POINT ( 'NONE',  ( -24.99999999999999645, 17.50000000000000000, 9.000000000000001776 ) ) ;
#344 = ORIENTED_EDGE ( 'NONE', *, *, #5276, .T. ) ;
#345 = ORIENTED_EDGE ( 'NONE', *, *, #5577, .F. ) ;
#346 = ORIENTED_EDGE ( 'NONE', *, *, #1878, .F. ) ;
#347 = DIRECTION ( 'NONE',  ( -0.000000000000000000, -0.000000000000000000, -1.000000000000000000 ) ) ;
#348 = CARTESIAN_POINT ( 'NONE',  ( 0.6778348423149911373, -17.35301085792416131, 4.000000000000000888 ) ) ;
#349 = CARTESIAN_POINT ( 'NONE',  ( 81.00000000000001421, 31.21779788708134973, -62.00000000000002132 ) ) ;
#350 = CARTESIAN_POINT ( 'NONE',  ( 0.7460685591314266674, -17.27798701181589536, 4.000000000000000000 ) ) ;
#351 = EDGE_LOOP ( 'NONE', ( #11697, #4910 ) ) ;
#352 = DIRECTION ( 'NONE',  ( 0.000000000000000000, 0.000000000000000000, 1.000000000000000000 ) ) ;
#353 = FACE_OUTER_BOUND ( 'NONE', #11109, .T. ) ;
#354 = FACE_OUTER_BOUND ( 'NONE', #10591, .T. ) ;
#355 = DIRECTION ( 'NONE',  ( -0.000000000000000000, -1.000000000000000000, -0.000000000000000000 ) ) ;
#356 = ORIENTED_EDGE ( 'NONE', *, *, #9490, .F. ) ;
#357 = ADVANCED_FACE ( 'NONE', ( #10646 ), #11548, .T. ) ;
#358 = VERTEX_POINT ( 'NONE', #1347 ) ;
#359 = DIRECTION ( 'NONE',  ( 0.000000000000000000, 1.000000000000000000, 0.000000000000000000 ) ) ;
#360 = EDGE_CURVE ( 'NONE', #8840, #647, #8037, .T. ) ;
#361 = AXIS2_PLACEMENT_3D ( 'NONE', #10269, #11118, #5628 ) ;
#362 = CARTESIAN_POINT ( 'NONE',  ( -1.586620180787939649, -16.14741154042555493, 3.999999999999999112 ) ) ;
#363 = EDGE_CURVE ( 'NONE', #673, #7194, #2839, .T. ) ;
#364 = CARTESIAN_POINT ( 'NONE',  ( 119.0000000000000284, 24.00000000000000355, -64.50000000000000000 ) ) ;
#365 = CARTESIAN_POINT ( 'NONE',  ( 0.4840094150641017223, -15.45599862557816273, 5.000000000000000888 ) ) ;
#366 = DIRECTION ( 'NONE',  ( 0.000000000000000000, -0.000000000000000000, 1.000000000000000000 ) ) ;
#367 = FACE_OUTER_BOUND ( 'NONE', #10947, .T. ) ;
#368 = DIRECTION ( 'NONE',  ( -1.000000000000000000, 0.000000000000000000, 0.000000000000000000 ) ) ;
#369 = ORIENTED_EDGE ( 'NONE', *, *, #11906, .T. ) ;
#370 = ORIENTED_EDGE ( 'NONE', *, *, #6814, .T. ) ;
#371 = DIRECTION ( 'NONE',  ( -0.000000000000000000, 1.000000000000000000, -0.000000000000000000 ) ) ;
#372 = ORIENTED_EDGE ( 'NONE', *, *, #7690, .T. ) ;
#373 = AXIS2_PLACEMENT_3D ( 'NONE', #7940, #6917, #5292 ) ;
#374 = DIRECTION ( 'NONE',  ( -0.000000000000000000, -0.000000000000000000, -1.000000000000000000 ) ) ;
#375 = ORIENTED_EDGE ( 'NONE', *, *, #10475, .T. ) ;
#376 = EDGE_CURVE ( 'NONE', #5843, #7535, #2435, .T. ) ;
#377 = CARTESIAN_POINT ( 'NONE',  ( -25.99999999999999645, 5.000000000000004441, -26.50000000000006395 ) ) ;
#378 = CARTESIAN_POINT ( 'NONE',  ( 22.09656497441888234, 18.98690900379348534, 2.500000000000000000 ) ) ;
#379 = CIRCLE ( 'NONE', #6180, 0.9999999999999991118 ) ;
#380 = EDGE_CURVE ( 'NONE', #8804, #1271, #4141, .T. ) ;
#381 = CARTESIAN_POINT ( 'NONE',  ( -75.00000000000001421, 7.000000000000026645, -103.0000000000000142 ) ) ;
#382 = FACE_OUTER_BOUND ( 'NONE', #2645, .T. ) ;
#383 = CARTESIAN_POINT ( 'NONE',  ( -3.826282051282051455, -15.44009818487302255, 4.000000000000000888 ) ) ;
#384 = EDGE_CURVE ( 'NONE', #1214, #9542, #554, .T. ) ;
#385 = VERTEX_POINT ( 'NONE', #11315 ) ;
#386 = LINE ( 'NONE', #4086, #9649 ) ;
#387 = LINE ( 'NONE', #7698, #6170 ) ;
#388 = ORIENTED_EDGE ( 'NONE', *, *, #11634, .T. ) ;
#389 = AXIS2_PLACEMENT_3D ( 'NONE', #9550, #6595, #243 ) ;
#390 = CARTESIAN_POINT ( 'NONE',  ( -40.40000000000001990, -16.20000000000000284, -7.500000000000069278 ) ) ;
#391 = AXIS2_PLACEMENT_3D ( 'NONE', #6071, #9744, #7873 ) ;
#392 = DIRECTION ( 'NONE',  ( -0.000000000000000000, 1.000000000000000000, -0.000000000000000000 ) ) ;
#393 = EDGE_CURVE ( 'NONE', #9493, #7261, #9513, .T. ) ;
#394 = ORIENTED_EDGE ( 'NONE', *, *, #1276, .T. ) ;
#395 = DIRECTION ( 'NONE',  ( -0.000000000000000000, 1.000000000000000000, -0.000000000000000000 ) ) ;
#396 = VECTOR ( 'NONE', #1503, 1000.000000000000114 ) ;
#397 = AXIS2_PLACEMENT_3D ( 'NONE', #6714, #4013, #1043 ) ;
#398 = EDGE_CURVE ( 'NONE', #4346, #11249, #7071, .T. ) ;
#399 = CARTESIAN_POINT ( 'NONE',  ( -81.00000000000001421, 0.000000000000000000, -97.99999999999998579 ) ) ;
#400 = CARTESIAN_POINT ( 'NONE',  ( -5.780128205128205465, -14.53822518807814923, 5.000000000000000000 ) ) ;
#401 = ORIENTED_EDGE ( 'NONE', *, *, #1033, .F. ) ;
#402 = VECTOR ( 'NONE', #1975, 1000.000000000000114 ) ;
#403 = CARTESIAN_POINT ( 'NONE',  ( -3.826947786166486232, -15.36911249176501748, 5.000000000000000888 ) ) ;
#404 = EDGE_CURVE ( 'NONE', #7570, #2023, #7889, .T. ) ;
#405 = DIRECTION ( 'NONE',  ( 0.000000000000000000, 0.000000000000000000, 1.000000000000000000 ) ) ;
#406 = VERTEX_POINT ( 'NONE', #7688 ) ;
#407 = CIRCLE ( 'NONE', #10244, 1.499999999999987566 ) ;
#408 = EDGE_CURVE ( 'NONE', #5517, #538, #11549, .T. ) ;
#409 = ORIENTED_EDGE ( 'NONE', *, *, #9245, .T. ) ;
#410 = VERTEX_POINT ( 'NONE', #4987 ) ;
#411 = AXIS2_PLACEMENT_3D ( 'NONE', #5666, #9406, #3915 ) ;
#412 = VECTOR ( 'NONE', #6722, 1000.000000000000000 ) ;
#413 = CARTESIAN_POINT ( 'NONE',  ( 0.5296705452098008360, 13.50000000000000178, 0.000000000000000000 ) ) ;
#414 = CARTESIAN_POINT ( 'NONE',  ( 73.00000000000004263, 5.000000000000000000, -102.0499999999999972 ) ) ;
#415 = DIRECTION ( 'NONE',  ( -0.000000000000000000, 1.000000000000000000, -0.000000000000000000 ) ) ;
#416 = ORIENTED_EDGE ( 'NONE', *, *, #909, .T. ) ;
#417 = DIRECTION ( 'NONE',  ( 1.000000000000000000, 0.000000000000000000, 0.000000000000000000 ) ) ;
#418 = CARTESIAN_POINT ( 'NONE',  ( 75.00000000000001421, 10.57660624134121363, -70.75000000000000000 ) ) ;
#419 = DIRECTION ( 'NONE',  ( 0.000000000000000000, -1.000000000000000000, 0.000000000000000000 ) ) ;
#420 = DIRECTION ( 'NONE',  ( 0.000000000000000000, 0.000000000000000000, 1.000000000000000000 ) ) ;
#421 = VERTEX_POINT ( 'NONE', #1409 ) ;
#422 = VECTOR ( 'NONE', #1460, 1000.000000000000000 ) ;
#423 = AXIS2_PLACEMENT_3D ( 'NONE', #11152, #11274, #2890 ) ;
#424 = ORIENTED_EDGE ( 'NONE', *, *, #9085, .F. ) ;
#425 = CARTESIAN_POINT ( 'NONE',  ( -0.4793661538925714227, -17.79407567159341497, 4.000000000000000000 ) ) ;
#426 = CARTESIAN_POINT ( 'NONE',  ( -1.542582277911255240, -16.43954842584754061, 5.000000000000002665 ) ) ;
#427 = DIRECTION ( 'NONE',  ( 0.000000000000000000, 1.000000000000000000, 0.000000000000000000 ) ) ;
#428 = VECTOR ( 'NONE', #6640, 1000.000000000000000 ) ;
#429 = CIRCLE ( 'NONE', #11627, 5.000000000000000888 ) ;
#430 = CARTESIAN_POINT ( 'NONE',  ( -0.4706530448717958781, -15.02668672653969750, 4.000000000000000000 ) ) ;
#431 = LINE ( 'NONE', #9733, #6311 ) ;
#432 = LINE ( 'NONE', #10693, #11200 ) ;
#433 = LINE ( 'NONE', #4979, #5411 ) ;
#434 = ORIENTED_EDGE ( 'NONE', *, *, #9604, .T. ) ;
#435 = ORIENTED_EDGE ( 'NONE', *, *, #11146, .F. ) ;
#436 = LINE ( 'NONE', #7988, #422 ) ;
#437 = ORIENTED_EDGE ( 'NONE', *, *, #11749, .T. ) ;
#438 = DIRECTION ( 'NONE',  ( -1.000000000000000000, 0.000000000000000000, -0.000000000000000000 ) ) ;
#439 = VERTEX_POINT ( 'NONE', #6788 ) ;
#440 = CARTESIAN_POINT ( 'NONE',  ( 0.5000000000000004441, 5.000000000000000000, -3.870000000000000107 ) ) ;
#441 = EDGE_CURVE ( 'NONE', #5384, #968, #6851, .T. ) ;
#442 = DIRECTION ( 'NONE',  ( 0.000000000000000000, 1.000000000000000000, 0.000000000000000000 ) ) ;
#443 = EDGE_CURVE ( 'NONE', #2870, #7452, #10426, .T. ) ;
#444 = DIRECTION ( 'NONE',  ( 0.000000000000000000, 0.000000000000000000, -1.000000000000000000 ) ) ;
#445 = AXIS2_PLACEMENT_3D ( 'NONE', #9700, #7042, #7765 ) ;
#446 = DIRECTION ( 'NONE',  ( -1.000000000000000000, -0.000000000000000000, -0.000000000000000000 ) ) ;
#447 = DIRECTION ( 'NONE',  ( -0.000000000000000000, -1.000000000000000000, -0.000000000000000000 ) ) ;
#448 = EDGE_CURVE ( 'NONE', #9167, #10695, #736, .T. ) ;
#449 = EDGE_LOOP ( 'NONE', ( #11224, #7705 ) ) ;
#450 = CARTESIAN_POINT ( 'NONE',  ( 9.000000000000005329, 0.000000000000000000, 10.99999999999999467 ) ) ;
#451 = CARTESIAN_POINT ( 'NONE',  ( 75.00000000000001421, 24.00000000000000355, -66.00000000000000000 ) ) ;
#452 = ORIENTED_EDGE ( 'NONE', *, *, #7771, .T. ) ;
#453 = CARTESIAN_POINT ( 'NONE',  ( -4.734038591572304888, -15.12121523040714521, 5.000000000000002665 ) ) ;
#454 = FACE_BOUND ( 'NONE', #1238, .T. ) ;
#455 = AXIS2_PLACEMENT_3D ( 'NONE', #7654, #11332, #11216 ) ;
#456 = ADVANCED_FACE ( 'NONE', ( #5341, #10889, #678, #7930, #9018, #10825, #3344, #4434 ), #10949, .F. ) ;
#457 = ORIENTED_EDGE ( 'NONE', *, *, #6476, .T. ) ;
#458 = EDGE_CURVE ( 'NONE', #8685, #3385, #5199, .T. ) ;
#459 = CARTESIAN_POINT ( 'NONE',  ( 40.40000000000001990, -16.20000000000000284, -7.500000000000069278 ) ) ;
#460 = VECTOR ( 'NONE', #7396, 1000.000000000000000 ) ;
#461 = FACE_OUTER_BOUND ( 'NONE', #9504, .T. ) ;
#462 = EDGE_CURVE ( 'NONE', #10364, #9908, #7994, .T. ) ;
#463 = CYLINDRICAL_SURFACE ( 'NONE', #4143, 4.999999999999999112 ) ;
#464 = ORIENTED_EDGE ( 'NONE', *, *, #4811, .T. ) ;
#465 = DIRECTION ( 'NONE',  ( -1.000000000000000000, 2.127171113256150401E-15, -0.000000000000000000 ) ) ;
#466 = CARTESIAN_POINT ( 'NONE',  ( 0.4636568509615375810, -16.65489185474482525, 5.000000000000000000 ) ) ;
#467 = AXIS2_PLACEMENT_3D ( 'NONE', #5831, #10409, #996 ) ;
#468 = ORIENTED_EDGE ( 'NONE', *, *, #5262, .T. ) ;
#469 = VERTEX_POINT ( 'NONE', #2558 ) ;
#470 = ADVANCED_FACE ( 'NONE', ( #9981 ), #9798, .T. ) ;
#471 = FACE_OUTER_BOUND ( 'NONE', #10223, .T. ) ;
#472 = CARTESIAN_POINT ( 'NONE',  ( -0.9812202862356684818, -17.10007694947923795, 4.000000000000003553 ) ) ;
#473 = AXIS2_PLACEMENT_3D ( 'NONE', #2509, #2451, #8980 ) ;
#474 = CARTESIAN_POINT ( 'NONE',  ( -1.549999999999995826, 0.000000000000000000, -103.0000000000000426 ) ) ;
#475 = ORIENTED_EDGE ( 'NONE', *, *, #4657, .F. ) ;
#476 = DIRECTION ( 'NONE',  ( 0.9678225067882718635, 0.000000000000000000, -0.2516338517649512330 ) ) ;
#477 = DIRECTION ( 'NONE',  ( 1.000000000000000000, 1.479945826284383173E-16, -0.000000000000000000 ) ) ;
#478 = CARTESIAN_POINT ( 'NONE',  ( 119.0000000000000284, 37.42339375865881124, -72.25000000000000000 ) ) ;
#479 = EDGE_LOOP ( 'NONE', ( #4850, #10168, #10021, #2336, #10494, #523, #4034, #959, #2005, #8852, #1159, #4074, #11427, #3455, #4899, #10774 ) ) ;
#480 = ORIENTED_EDGE ( 'NONE', *, *, #10196, .T. ) ;
#481 = CIRCLE ( 'NONE', #6083, 1.549999999999995826 ) ;
#482 = CARTESIAN_POINT ( 'NONE',  ( -1.320150252343086139, -17.58096810228651918, 4.000000000000001776 ) ) ;
#483 = ADVANCED_FACE ( 'NONE', ( #3404 ), #7084, .F. ) ;
#484 = FACE_OUTER_BOUND ( 'NONE', #9012, .T. ) ;
#485 = CARTESIAN_POINT ( 'NONE',  ( -25.33369296624130840, 22.34263864068763539, 5.000000000000000000 ) ) ;
#486 = DIRECTION ( 'NONE',  ( 1.000000000000000000, -0.000000000000000000, -1.084202172485505543E-16 ) ) ;
#487 = CARTESIAN_POINT ( 'NONE',  ( -2.250000000000000444, 2.000000000000000000, -6.499999999999999112 ) ) ;
#488 = DIRECTION ( 'NONE',  ( -0.000000000000000000, -0.000000000000000000, -1.000000000000000000 ) ) ;
#489 = LINE ( 'NONE', #2255, #8493 ) ;
#490 = EDGE_LOOP ( 'NONE', ( #10899, #9279, #7355, #346 ) ) ;
#491 = VERTEX_POINT ( 'NONE', #3592 ) ;
#492 = CARTESIAN_POINT ( 'NONE',  ( 15.00000000000000711, 5.949455682166683523, 0.000000000000000000 ) ) ;
#493 = ORIENTED_EDGE ( 'NONE', *, *, #10193, .F. ) ;
#494 = CARTESIAN_POINT ( 'NONE',  ( -4.458215643467397626, -15.25065689765209065, 4.999999999999997335 ) ) ;
#495 = ORIENTED_EDGE ( 'NONE', *, *, #2476, .F. ) ;
#496 = CIRCLE ( 'NONE', #11107, 1.899999999999999689 ) ;
#497 = DIRECTION ( 'NONE',  ( -1.000000000000000000, 0.000000000000000000, 0.000000000000000000 ) ) ;
#498 = DIRECTION ( 'NONE',  ( -0.000000000000000000, -0.000000000000000000, -1.000000000000000000 ) ) ;
#499 = LINE ( 'NONE', #381, #11083 ) ;
#500 = CIRCLE ( 'NONE', #8242, 1.749999999999998002 ) ;
#501 = FACE_OUTER_BOUND ( 'NONE', #6151, .T. ) ;
#502 = EDGE_CURVE ( 'NONE', #1695, #5778, #5221, .T. ) ;
#503 = CARTESIAN_POINT ( 'NONE',  ( -1.509266152412051198, -15.69080805597692496, 4.000000000000000888 ) ) ;
#504 = CARTESIAN_POINT ( 'NONE',  ( -24.37302610677949488, 13.64553457179598972, 9.000000000000001776 ) ) ;
#505 = ORIENTED_EDGE ( 'NONE', *, *, #8584, .T. ) ;
#506 = DIRECTION ( 'NONE',  ( -1.000000000000000000, -0.000000000000000000, -0.000000000000000000 ) ) ;
#507 = DIRECTION ( 'NONE',  ( -0.000000000000000000, -1.000000000000000000, -0.000000000000000000 ) ) ;
#508 = ORIENTED_EDGE ( 'NONE', *, *, #2383, .F. ) ;
#509 = CARTESIAN_POINT ( 'NONE',  ( -26.63101451046069812, -14.67500000000001492, 2.500000000000000000 ) ) ;
#510 = EDGE_CURVE ( 'NONE', #6309, #1515, #2680, .T. ) ;
#511 = VERTEX_POINT ( 'NONE', #9074 ) ;
#512 = EDGE_CURVE ( 'NONE', #11014, #10986, #8179, .T. ) ;
#513 = AXIS2_PLACEMENT_3D ( 'NONE', #9337, #2084, #8483 ) ;
#514 = CARTESIAN_POINT ( 'NONE',  ( 5.495192307692304823, -17.71322518807815882, 4.000000000000000000 ) ) ;
#515 = EDGE_CURVE ( 'NONE', #4861, #11896, #9864, .T. ) ;
#516 = DIRECTION ( 'NONE',  ( -0.000000000000000000, -0.000000000000000000, 1.000000000000000000 ) ) ;
#517 = B_SPLINE_SURFACE_WITH_KNOTS ( 'NONE', 3, 1, ( 
 ( #2669, #3517 ),
 ( #6356, #852 ),
 ( #7199, #4548 ),
 ( #10877, #2608 ),
 ( #10090, #8230 ),
 ( #1699, #11902 ),
 ( #10992, #2733 ),
 ( #1831, #10266 ),
 ( #237, #1264 ),
 ( #9484, #3020 ),
 ( #3082, #4782 ),
 ( #5862, #3873 ),
 ( #350, #7551 ),
 ( #9547, #296 ),
 ( #8405, #8460 ),
 ( #8516, #3998 ),
 ( #177, #1202 ),
 ( #4904, #2181 ),
 ( #7663, #1938 ),
 ( #5801, #2966 ),
 ( #124, #11341 ),
 ( #8639, #6649 ),
 ( #3937, #2004 ),
 ( #7607, #6758 ),
 ( #5689, #7436 ),
 ( #10324, #4840 ),
 ( #4963, #11288 ) ),
 .UNSPECIFIED., .F., .F., .F.,
 ( 4, 1, 1, 1, 1, 1, 1, 1, 1, 1, 1, 1, 1, 1, 1, 1, 1, 1, 1, 1, 1, 1, 1, 1, 4 ),
 ( 2, 2 ),
 ( 0.000000000000000000, 0.04195372266421871360, 0.08383257525769682861, 0.1253224468957348514, 0.1668154700621970465, 0.2084751830704548725, 0.2506434167191428641, 0.2930936687606691682, 0.3364423456538537804, 0.3795937467411215627, 0.4216564160417499707, 0.4629884048755588677, 0.5037180680597168614, 0.5438632444771041019, 0.5836082316923879576, 0.6231429243126040962, 0.6630127359613448013, 0.7029317129670360487, 0.7428875242888828279, 0.7836516854457782344, 0.8248505851518200815, 0.8669256875343537283, 0.9100657235186396798, 0.9542124608440872846, 0.9999999999999998890 ),
 ( 0.000000000000000000, 1.000000000000000000 ),
 .UNSPECIFIED. ) ;
#518 = CARTESIAN_POINT ( 'NONE',  ( -75.00000000000001421, 10.57660624134121363, -70.75000000000000000 ) ) ;
#520 = VERTEX_POINT ( 'NONE', #11675 ) ;
#519 = PRODUCT_DEFINITION ( 'UNKNOWN', '', #6016, #2763 ) ;
#521 = CARTESIAN_POINT ( 'NONE',  ( -14.99999999999999645, -5.772077938642127037, 5.000000000000000000 ) ) ;
#522 = CARTESIAN_POINT ( 'NONE',  ( -22.09656497441888234, 18.98690900379348534, 2.500000000000000000 ) ) ;
#523 = ORIENTED_EDGE ( 'NONE', *, *, #5050, .F. ) ;
#524 = ORIENTED_EDGE ( 'NONE', *, *, #5668, .T. ) ;
#525 = EDGE_CURVE ( 'NONE', #8177, #3740, #1591, .T. ) ;
#526 = CARTESIAN_POINT ( 'NONE',  ( -75.00000000000001421, 0.000000000000000000, -57.99999999999998579 ) ) ;
#527 = DIRECTION ( 'NONE',  ( -1.000000000000000000, 0.000000000000000000, 0.000000000000000000 ) ) ;
#528 = CARTESIAN_POINT ( 'NONE',  ( 0.2637568111321476061, -16.96162177422654693, 4.999999999999998224 ) ) ;
#529 = ADVANCED_FACE ( 'NONE', ( #9927 ), #2917, .T. ) ;
#530 = FACE_OUTER_BOUND ( 'NONE', #2841, .T. ) ;
#531 = ORIENTED_EDGE ( 'NONE', *, *, #7089, .F. ) ;
#532 = DIRECTION ( 'NONE',  ( -1.151573798572822778E-16, -1.000000000000000000, -7.054461400019055524E-18 ) ) ;
#533 = DIRECTION ( 'NONE',  ( -0.000000000000000000, 1.000000000000000000, -0.000000000000000000 ) ) ;
#534 = ADVANCED_FACE ( 'NONE', ( #7560, #2070 ), #4671, .F. ) ;
#535 = CARTESIAN_POINT ( 'NONE',  ( 0.5000000000000004441, 5.000000000000000000, -5.769999999999999574 ) ) ;
#536 = CARTESIAN_POINT ( 'NONE',  ( 119.0000000000000284, 31.00000000000000000, -73.50000000000000000 ) ) ;
#537 = VERTEX_POINT ( 'NONE', #11912 ) ;
#538 = VERTEX_POINT ( 'NONE', #2744 ) ;
#539 = CARTESIAN_POINT ( 'NONE',  ( 27.75000000000000355, -13.49999999999999467, 5.000000000000000000 ) ) ;
#540 = ADVANCED_FACE ( 'NONE', ( #2919 ), #921, .T. ) ;
#541 = FACE_OUTER_BOUND ( 'NONE', #11623, .T. ) ;
#542 = LINE ( 'NONE', #10391, #10824 ) ;
#543 = CARTESIAN_POINT ( 'NONE',  ( -1.267982511171485971, -15.34082543296465140, 4.000000000000000000 ) ) ;
#544 = ADVANCED_FACE ( 'NONE', ( #6491 ), #9375, .T. ) ;
#545 = CARTESIAN_POINT ( 'NONE',  ( -28.51207079035955516, 16.96115051869449175, 9.000000000000001776 ) ) ;
#546 = DIRECTION ( 'NONE',  ( -0.000000000000000000, -0.000000000000000000, -1.000000000000000000 ) ) ;
#547 = ORIENTED_EDGE ( 'NONE', *, *, #973, .T. ) ;
#548 = ORIENTED_EDGE ( 'NONE', *, *, #294, .F. ) ;
#549 = CARTESIAN_POINT ( 'NONE',  ( 75.00000000000000000, 0.000000000000000000, -102.0000000000000142 ) ) ;
#550 = ORIENTED_EDGE ( 'NONE', *, *, #3783, .F. ) ;
#551 = CARTESIAN_POINT ( 'NONE',  ( -4.492836604515840548, -15.21532536106369093, 5.000000000000000000 ) ) ;
#552 = ORIENTED_EDGE ( 'NONE', *, *, #7104, .F. ) ;
#553 = EDGE_CURVE ( 'NONE', #5051, #9989, #9432, .T. ) ;
#554 = LINE ( 'NONE', #4254, #10151 ) ;
#555 = VECTOR ( 'NONE', #5948, 1000.000000000000000 ) ;
#556 = LINE ( 'NONE', #8835, #7719 ) ;
#557 = DIRECTION ( 'NONE',  ( -1.000000000000000000, 0.000000000000000000, 0.000000000000000000 ) ) ;
#558 = FACE_OUTER_BOUND ( 'NONE', #3241, .T. ) ;
#559 = VECTOR ( 'NONE', #4017, 1000.000000000000000 ) ;
#560 = DIRECTION ( 'NONE',  ( 0.8610380995189041986, 0.5085404518589189404, 0.000000000000000000 ) ) ;
#561 = LINE ( 'NONE', #3350, #4637 ) ;
#562 = ADVANCED_FACE ( 'NONE', ( #14 ), #75, .F. ) ;
#563 = ORIENTED_EDGE ( 'NONE', *, *, #8444, .T. ) ;
#564 = CARTESIAN_POINT ( 'NONE',  ( -77.00000000000002842, 0.000000000000000000, -100.0000000000000000 ) ) ;
#565 = CARTESIAN_POINT ( 'NONE',  ( -0.2749293940584462415, -17.21656230410016519, 4.000000000000000000 ) ) ;
#566 = EDGE_LOOP ( 'NONE', ( #9623, #1121, #1744, #10287, #211 ) ) ;
#567 = CARTESIAN_POINT ( 'NONE',  ( -4.396800232592905644, -15.41563927966092074, 4.999999999999999112 ) ) ;
#568 = CARTESIAN_POINT ( 'NONE',  ( -12.00000000000000000, 2.000000000000000000, -10.99999999999999289 ) ) ;
#569 = ORIENTED_EDGE ( 'NONE', *, *, #2597, .T. ) ;
#570 = VECTOR ( 'NONE', #3982, 1000.000000000000000 ) ;
#571 = CYLINDRICAL_SURFACE ( 'NONE', #10086, 1.500000000000001332 ) ;
#572 = AXIS2_PLACEMENT_3D ( 'NONE', #4507, #10713, #11737 ) ;
#573 = PLANE ( 'NONE',  #7815 ) ;
#574 = DIRECTION ( 'NONE',  ( -1.000000000000000000, -0.000000000000000000, -0.000000000000000000 ) ) ;
#575 = ADVANCED_FACE ( 'NONE', ( #2248 ), #5088, .T. ) ;
#576 = DIRECTION ( 'NONE',  ( 0.000000000000000000, 1.000000000000000000, -0.000000000000000000 ) ) ;
#577 = VERTEX_POINT ( 'NONE', #3950 ) ;
#578 = AXIS2_PLACEMENT_3D ( 'NONE', #5331, #1642, #10879 ) ;
#579 = DIRECTION ( 'NONE',  ( 0.000000000000000000, 0.000000000000000000, 1.000000000000000000 ) ) ;
#580 = FACE_OUTER_BOUND ( 'NONE', #6826, .T. ) ;
#581 = ORIENTED_EDGE ( 'NONE', *, *, #1424, .T. ) ;
#582 = VECTOR ( 'NONE', #6828, 1000.000000000000000 ) ;
#583 = ORIENTED_EDGE ( 'NONE', *, *, #4007, .T. ) ;
#584 = AXIS2_PLACEMENT_3D ( 'NONE', #545, #9790, #1513 ) ;
#585 = ORIENTED_EDGE ( 'NONE', *, *, #553, .F. ) ;
#586 = DIRECTION ( 'NONE',  ( -1.000000000000000000, 0.000000000000000000, 0.000000000000000000 ) ) ;
#587 = DIRECTION ( 'NONE',  ( -0.4558233523543239185, 0.8900702620852276592, 0.000000000000000000 ) ) ;
#588 = CIRCLE ( 'NONE', #9654, 1.549999999999995826 ) ;
#589 = DIRECTION ( 'NONE',  ( 0.000000000000000000, -0.000000000000000000, -1.000000000000000000 ) ) ;
#590 = ADVANCED_FACE ( 'NONE', ( #306 ), #9666, .F. ) ;
#591 = DIRECTION ( 'NONE',  ( -0.000000000000000000, 1.000000000000000000, -0.000000000000000000 ) ) ;
#592 = EDGE_LOOP ( 'NONE', ( #2724, #1946, #10667, #6907 ) ) ;
#593 = B_SPLINE_CURVE_WITH_KNOTS ( 'NONE', 3,
 ( #5920, #1379, #9772, #7898, #5187, #2236, #5132, #5078, #8861, #3376, #1262, #2346, #8637, #348, #4047, #11401, #3143, #6040, #6823, #10503, #9597, #4350, #6402, #1685, #10074, #712, #6160 ),
 .UNSPECIFIED., .F., .F.,
 ( 4, 1, 1, 1, 1, 1, 1, 1, 1, 1, 1, 1, 1, 1, 1, 1, 1, 1, 1, 1, 1, 1, 1, 1, 4 ),
 ( 0.000000000000000000, 0.04195372266421871360, 0.08383257525769682861, 0.1253224468957348514, 0.1668154700621970465, 0.2084751830704548725, 0.2506434167191428641, 0.2930936687606691682, 0.3364423456538537804, 0.3795937467411215627, 0.4216564160417499707, 0.4629884048755588677, 0.5037180680597168614, 0.5438632444771041019, 0.5836082316923879576, 0.6231429243126040962, 0.6630127359613448013, 0.7029317129670360487, 0.7428875242888828279, 0.7836516854457782344, 0.8248505851518200815, 0.8669256875343537283, 0.9100657235186396798, 0.9542124608440872846, 0.9999999999999998890 ),
 .UNSPECIFIED. ) ;
#594 = APPLICATION_PROTOCOL_DEFINITION ( 'draft international standard', 'automotive_design', 1998, #11433 ) ;
#595 = DIRECTION ( 'NONE',  ( -1.000000000000000000, -0.000000000000000000, -0.000000000000000000 ) ) ;
#596 = EDGE_CURVE ( 'NONE', #5982, #8290, #1275, .T. ) ;
#597 = FACE_OUTER_BOUND ( 'NONE', #9313, .T. ) ;
#598 = CYLINDRICAL_SURFACE ( 'NONE', #4688, 1.749999999999998002 ) ;
#599 = ORIENTED_EDGE ( 'NONE', *, *, #1257, .F. ) ;
#600 = ORIENTED_EDGE ( 'NONE', *, *, #2681, .F. ) ;
#601 = AXIS2_PLACEMENT_3D ( 'NONE', #1319, #3253, #11648 ) ;
#602 = CARTESIAN_POINT ( 'NONE',  ( -1.503550947891522771, -17.46191191127223163, 4.999999999999994671 ) ) ;
#603 = CARTESIAN_POINT ( 'NONE',  ( -75.00000000000001421, 10.57660624134121363, -72.24999999999998579 ) ) ;
#604 = ADVANCED_FACE ( 'NONE', ( #3033 ), #8915, .T. ) ;
#605 = CARTESIAN_POINT ( 'NONE',  ( 26.63101451046069812, -14.67500000000001492, 2.500000000000000000 ) ) ;
#606 = LINE ( 'NONE', #9061, #4740 ) ;
#607 = CARTESIAN_POINT ( 'NONE',  ( -81.00000000000001421, 24.00000000000000000, -94.00000000000000000 ) ) ;
#608 = AXIS2_PLACEMENT_3D ( 'NONE', #6684, #11205, #11090 ) ;
#609 = CARTESIAN_POINT ( 'NONE',  ( -4.396153846153846523, -15.43246597333456194, 4.999999999999993783 ) ) ;
#611 = VECTOR ( 'NONE', #3189, 1000.000000000000000 ) ;
#610 = DIRECTION ( 'NONE',  ( -1.000000000000000000, 0.000000000000000000, 0.000000000000000000 ) ) ;
#612 = ORIENTED_EDGE ( 'NONE', *, *, #3594, .T. ) ;
#613 = ADVANCED_FACE ( 'NONE', ( #484 ), #5026, .T. ) ;
#614 = ORIENTED_EDGE ( 'NONE', *, *, #11672, .F. ) ;
#615 = LINE ( 'NONE', #3397, #6605 ) ;
#616 = EDGE_LOOP ( 'NONE', ( #5010, #11704 ) ) ;
#617 = DIRECTION ( 'NONE',  ( -0.000000000000000000, -0.000000000000000000, -1.000000000000000000 ) ) ;
#618 = ORIENTED_EDGE ( 'NONE', *, *, #810, .T. ) ;
#619 = CARTESIAN_POINT ( 'NONE',  ( 26.63101451046069812, -14.67500000000001492, 2.500000000000000000 ) ) ;
#620 = CARTESIAN_POINT ( 'NONE',  ( 8.000000000000003553, 2.000000000000000000, 11.00000000000000178 ) ) ;
#621 = CARTESIAN_POINT ( 'NONE',  ( -40.40000000000001990, 0.000000000000000000, -7.500000000000069278 ) ) ;
#622 = CARTESIAN_POINT ( 'NONE',  ( -2.126810159812754009, -16.44571100181040535, 4.000000000000002665 ) ) ;
#623 = FACE_OUTER_BOUND ( 'NONE', #6682, .T. ) ;
#624 = DIRECTION ( 'NONE',  ( 1.000000000000000000, 0.000000000000000000, 0.000000000000000000 ) ) ;
#625 = ORIENTED_EDGE ( 'NONE', *, *, #707, .F. ) ;
#626 = CARTESIAN_POINT ( 'NONE',  ( 21.32178339562597813, 18.81176316890941536, 9.000000000000001776 ) ) ;
#627 = CARTESIAN_POINT ( 'NONE',  ( -20.81324294376706874, 19.67280126842831933, 5.000000000000000000 ) ) ;
#628 = ORIENTED_EDGE ( 'NONE', *, *, #11235, .T. ) ;
#629 = AXIS2_PLACEMENT_3D ( 'NONE', #3847, #2881, #3795 ) ;
#630 = VECTOR ( 'NONE', #5679, 1000.000000000000000 ) ;
#631 = CARTESIAN_POINT ( 'NONE',  ( 21.32178339562597813, 18.81176316890941536, 5.000000000000000000 ) ) ;
#632 = EDGE_LOOP ( 'NONE', ( #11818, #6524, #2486 ) ) ;
#633 = AXIS2_PLACEMENT_3D ( 'NONE', #7012, #11096, #9175 ) ;
#634 = CYLINDRICAL_SURFACE ( 'NONE', #4777, 2.000000000000001776 ) ;
#635 = CARTESIAN_POINT ( 'NONE',  ( -16.46446609406725514, -9.307611844574859461, 5.000000000000000000 ) ) ;
#636 = PLANE ( 'NONE',  #3282 ) ;
#637 = VECTOR ( 'NONE', #5169, 1000.000000000000000 ) ;
#638 = CARTESIAN_POINT ( 'NONE',  ( -0.9056215674326211218, -17.74168337376050530, 4.000000000000000888 ) ) ;
#639 = DIRECTION ( 'NONE',  ( -0.000000000000000000, -0.000000000000000000, -1.000000000000000000 ) ) ;
#640 = FACE_OUTER_BOUND ( 'NONE', #9564, .T. ) ;
#641 = EDGE_LOOP ( 'NONE', ( #9462, #8336, #1700, #7521 ) ) ;
#642 = CARTESIAN_POINT ( 'NONE',  ( 45.60000000000001563, 0.000000000000000000, -103.0000000000000000 ) ) ;
#643 = DIRECTION ( 'NONE',  ( -0.000000000000000000, 0.000000000000000000, 1.000000000000000000 ) ) ;
#644 = ORIENTED_EDGE ( 'NONE', *, *, #6818, .T. ) ;
#645 = VERTEX_POINT ( 'NONE', #2361 ) ;
#646 = AXIS2_PLACEMENT_3D ( 'NONE', #2505, #8910, #6269 ) ;
#647 = VERTEX_POINT ( 'NONE', #4185 ) ;
#648 = AXIS2_PLACEMENT_3D ( 'NONE', #7425, #10252, #6578 ) ;
#649 = DIRECTION ( 'NONE',  ( -0.000000000000000000, -1.000000000000000000, -0.000000000000000000 ) ) ;
#650 = FACE_OUTER_BOUND ( 'NONE', #8212, .T. ) ;
#651 = CARTESIAN_POINT ( 'NONE',  ( -5.210256410256410398, -17.71322518807814816, 5.000000000000000000 ) ) ;
#652 = DIRECTION ( 'NONE',  ( -3.035766082959409950E-16, -0.000000000000000000, -1.000000000000000000 ) ) ;
#653 = ORIENTED_EDGE ( 'NONE', *, *, #11731, .T. ) ;
#654 = EDGE_CURVE ( 'NONE', #11875, #6667, #3267, .T. ) ;
#655 = CIRCLE ( 'NONE', #3174, 1.500000000000001332 ) ;
#656 = PLANE ( 'NONE',  #5193 ) ;
#657 = DIRECTION ( 'NONE',  ( 0.000000000000000000, 0.000000000000000000, 1.000000000000000000 ) ) ;
#658 = PLANE ( 'NONE',  #6808 ) ;
#659 = ORIENTED_EDGE ( 'NONE', *, *, #10261, .F. ) ;
#660 = ORIENTED_EDGE ( 'NONE', *, *, #8959, .F. ) ;
#661 = LINE ( 'NONE', #10751, #3793 ) ;
#662 = ADVANCED_FACE ( 'NONE', ( #4852 ), #2834, .F. ) ;
#663 = EDGE_CURVE ( 'NONE', #7981, #172, #6400, .T. ) ;
#664 = VECTOR ( 'NONE', #8181, 1000.000000000000000 ) ;
#665 = FACE_OUTER_BOUND ( 'NONE', #9044, .T. ) ;
#666 = CARTESIAN_POINT ( 'NONE',  ( -75.00000000000000000, 5.000000000000000888, 9.999999999999953815 ) ) ;
#667 = FACE_OUTER_BOUND ( 'NONE', #7613, .T. ) ;
#668 = CARTESIAN_POINT ( 'NONE',  ( 119.0000000000000284, 31.00000000000000000, -80.00000000000000000 ) ) ;
#669 = CARTESIAN_POINT ( 'NONE',  ( -25.99999999999999645, 0.000000000000000000, 9.999999999999953815 ) ) ;
#670 = VERTEX_POINT ( 'NONE', #6115 ) ;
#671 = ORIENTED_EDGE ( 'NONE', *, *, #6736, .T. ) ;
#672 = FACE_OUTER_BOUND ( 'NONE', #8504, .T. ) ;
#673 = VERTEX_POINT ( 'NONE', #11822 ) ;
#674 = EDGE_CURVE ( 'NONE', #1891, #3883, #8822, .T. ) ;
#675 = DIRECTION ( 'NONE',  ( -1.000000000000000000, 0.000000000000000000, 0.000000000000000000 ) ) ;
#676 = CARTESIAN_POINT ( 'NONE',  ( -64.99999999999995737, 0.000000000000000000, -55.99999999999997868 ) ) ;
#677 = ORIENTED_EDGE ( 'NONE', *, *, #9746, .F. ) ;
#678 = FACE_BOUND ( 'NONE', #351, .T. ) ;
#679 = EDGE_CURVE ( 'NONE', #4431, #2219, #5145, .T. ) ;
#680 = CARTESIAN_POINT ( 'NONE',  ( -2.157371794871795867, -16.10982474737303249, 4.000000000000000000 ) ) ;
#681 = CARTESIAN_POINT ( 'NONE',  ( 20.00000000000000355, -5.772077938642118156, 5.000000000000000000 ) ) ;
#682 = DIRECTION ( 'NONE',  ( -0.000000000000000000, -0.000000000000000000, -1.000000000000000000 ) ) ;
#683 = PLANE ( 'NONE',  #2394 ) ;
#684 = CARTESIAN_POINT ( 'NONE',  ( -25.99999999999999645, 0.000000000000000000, -25.00000000000006395 ) ) ;
#685 = ADVANCED_FACE ( 'NONE', ( #541 ), #889, .F. ) ;
#686 = ORIENTED_EDGE ( 'NONE', *, *, #4849, .T. ) ;
#687 = CARTESIAN_POINT ( 'NONE',  ( -2.154024959294543518, -15.95574390214069282, 4.000000000000000000 ) ) ;
#688 = CARTESIAN_POINT ( 'NONE',  ( 79.00000000000000000, 5.000000000000000000, -100.0000000000000000 ) ) ;
#689 = ORIENTED_EDGE ( 'NONE', *, *, #9994, .F. ) ;
#690 = CARTESIAN_POINT ( 'NONE',  ( -25.99999999999999645, 5.000000000000004441, 9.999999999999953815 ) ) ;
#691 = EDGE_CURVE ( 'NONE', #3167, #9843, #10916, .T. ) ;
#692 = ORIENTED_EDGE ( 'NONE', *, *, #10724, .T. ) ;
#693 = CIRCLE ( 'NONE', #1464, 1.500000000000001332 ) ;
#694 = LINE ( 'NONE', #8067, #10736 ) ;
#695 = CARTESIAN_POINT ( 'NONE',  ( 0.3970017988162010680, -14.64052744876494572, 4.000000000000000888 ) ) ;
#696 = DIRECTION ( 'NONE',  ( 0.000000000000000000, 0.000000000000000000, -1.000000000000000000 ) ) ;
#697 = VECTOR ( 'NONE', #5992, 1000.000000000000000 ) ;
#698 = DIRECTION ( 'NONE',  ( -1.000000000000000000, -0.000000000000000000, -0.000000000000000000 ) ) ;
#699 = DIRECTION ( 'NONE',  ( 0.000000000000000000, 0.000000000000000000, 1.000000000000000000 ) ) ;
#700 = CARTESIAN_POINT ( 'NONE',  ( 4.355448717948715576, -14.53822518807815989, 5.000000000000000000 ) ) ;
#701 = VERTEX_POINT ( 'NONE', #3743 ) ;
#702 = PLANE ( 'NONE',  #7957 ) ;
#703 = VECTOR ( 'NONE', #9625, 999.9999999999998863 ) ;
#704 = CARTESIAN_POINT ( 'NONE',  ( -75.00000000000001421, 5.000000000000000000, -103.0000000000000142 ) ) ;
#705 = VERTEX_POINT ( 'NONE', #10689 ) ;
#706 = EDGE_LOOP ( 'NONE', ( #10608, #11410, #11741, #47 ) ) ;
#707 = EDGE_CURVE ( 'NONE', #7763, #5598, #9514, .T. ) ;
#708 = VECTOR ( 'NONE', #9996, 1000.000000000000000 ) ;
#709 = ORIENTED_EDGE ( 'NONE', *, *, #6310, .F. ) ;
#710 =( REPRESENTATION_RELATIONSHIP ('NONE','NONE', #7244, #4395 ) REPRESENTATION_RELATIONSHIP_WITH_TRANSFORMATION ( #5864 )SHAPE_REPRESENTATION_RELATIONSHIP( ) );
#711 = CARTESIAN_POINT ( 'NONE',  ( 53.50000000000003553, 0.000000000000000000, 104.9999999999999289 ) ) ;
#712 = CARTESIAN_POINT ( 'NONE',  ( -0.4008797502170329818, -17.79406859651345485, 3.999999999999999112 ) ) ;
#713 = CARTESIAN_POINT ( 'NONE',  ( -64.99999999999995737, -5.000000000000000000, -54.44999999999998153 ) ) ;
#714 = DIRECTION ( 'NONE',  ( -0.000000000000000000, 1.000000000000000000, -0.000000000000000000 ) ) ;
#715 = ORIENTED_EDGE ( 'NONE', *, *, #6082, .F. ) ;
#716 = LINE ( 'NONE', #10801, #3266 ) ;
#717 = CARTESIAN_POINT ( 'NONE',  ( -4.317287660256409865, -17.71322518807814816, 4.000000000000000000 ) ) ;
#718 = FACE_OUTER_BOUND ( 'NONE', #10870, .T. ) ;
#719 = EDGE_LOOP ( 'NONE', ( #2984, #3766, #8574, #279 ) ) ;
#720 = ORIENTED_EDGE ( 'NONE', *, *, #7208, .F. ) ;
#721 = EDGE_LOOP ( 'NONE', ( #2233, #1707 ) ) ;
#722 = CARTESIAN_POINT ( 'NONE',  ( -5.999999999999997335, -5.208545504429655360, 10.00000000000000000 ) ) ;
#723 = CARTESIAN_POINT ( 'NONE',  ( -8.799999999999998934, 2.791454495570343752, 10.00000000000000000 ) ) ;
#724 = CARTESIAN_POINT ( 'NONE',  ( 81.00000000000001421, 5.000000000000000000, -73.50000000000000000 ) ) ;
#725 = LINE ( 'NONE', #8042, #7352 ) ;
#726 = CARTESIAN_POINT ( 'NONE',  ( -81.00000000000001421, 10.57660624134121363, -70.75000000000000000 ) ) ;
#727 = ORIENTED_EDGE ( 'NONE', *, *, #3445, .T. ) ;
#728 = ADVANCED_FACE ( 'NONE', ( #8211 ), #2778, .T. ) ;
#729 = ORIENTED_EDGE ( 'NONE', *, *, #4060, .T. ) ;
#730 = DIRECTION ( 'NONE',  ( 0.000000000000000000, 1.000000000000000000, 0.000000000000000000 ) ) ;
#731 = ORIENTED_EDGE ( 'NONE', *, *, #828, .F. ) ;
#732 = CARTESIAN_POINT ( 'NONE',  ( 0.5000000000000006661, 5.000000000000000000, -1.970000000000000417 ) ) ;
#733 = ADVANCED_FACE ( 'NONE', ( #1451 ), #3679, .F. ) ;
#734 = FACE_OUTER_BOUND ( 'NONE', #8442, .T. ) ;
#735 = ORIENTED_EDGE ( 'NONE', *, *, #6659, .T. ) ;
#736 = LINE ( 'NONE', #3530, #9434 ) ;
#737 = CARTESIAN_POINT ( 'NONE',  ( -2.154024959294543518, -15.95574390214069282, 4.000000000000000000 ) ) ;
#738 = ADVANCED_FACE ( 'NONE', ( #947 ), #50, .F. ) ;
#739 = CARTESIAN_POINT ( 'NONE',  ( -0.5296705452097965061, 13.50000000000000178, 0.000000000000000000 ) ) ;
#740 = CARTESIAN_POINT ( 'NONE',  ( 15.86005420924689524, 7.456272356324764594, 5.000000000000000000 ) ) ;
#741 = CARTESIAN_POINT ( 'NONE',  ( -22.72792206135785875, -8.500000000000000000, 5.000000000000000000 ) ) ;
#742 = FACE_OUTER_BOUND ( 'NONE', #11132, .T. ) ;
#743 = ORIENTED_EDGE ( 'NONE', *, *, #363, .T. ) ;
#744 = CARTESIAN_POINT ( 'NONE',  ( 20.00000000000000355, 0.000000000000000000, 75.49999999999992895 ) ) ;
#745 = CARTESIAN_POINT ( 'NONE',  ( -4.157904819556923037, -16.13428924865901593, 4.000000000000000000 ) ) ;
#746 = ORIENTED_EDGE ( 'NONE', *, *, #10702, .F. ) ;
#747 = ADVANCED_FACE ( 'NONE', ( #2648 ), #10009, .T. ) ;
#748 = DIRECTION ( 'NONE',  ( 0.000000000000000000, 0.000000000000000000, 1.000000000000000000 ) ) ;
#749 = ORIENTED_EDGE ( 'NONE', *, *, #7862, .T. ) ;
#750 = LINE ( 'NONE', #568, #11510 ) ;
#751 = CARTESIAN_POINT ( 'NONE',  ( -27.74999999999998934, -19.75000000000000000, 5.000000000000000000 ) ) ;
#752 = ADVANCED_FACE ( 'NONE', ( #1743 ), #1509, .F. ) ;
#753 = PLANE ( 'NONE',  #9193 ) ;
#754 = EDGE_CURVE ( 'NONE', #3525, #3934, #9449, .T. ) ;
#755 = DIRECTION ( 'NONE',  ( -0.000000000000000000, 1.000000000000000000, -0.000000000000000000 ) ) ;
#756 = CARTESIAN_POINT ( 'NONE',  ( -22.72792206135785875, -8.500000000000000000, 0.000000000000000000 ) ) ;
#757 = CARTESIAN_POINT ( 'NONE',  ( -64.99999999999995737, -5.000000000000000000, -55.99999999999997868 ) ) ;
#758 = VERTEX_POINT ( 'NONE', #7977 ) ;
#759 = DIRECTION ( 'NONE',  ( 0.000000000000000000, 0.000000000000000000, -1.000000000000000000 ) ) ;
#760 = EDGE_CURVE ( 'NONE', #8805, #7002, #1539, .T. ) ;
#761 = CARTESIAN_POINT ( 'NONE',  ( -6.999999999999998224, -6.208545504429656248, 6.000000000000000888 ) ) ;
#762 = AXIS2_PLACEMENT_3D ( 'NONE', #2689, #5584, #4683 ) ;
#763 = ORIENTED_EDGE ( 'NONE', *, *, #2605, .T. ) ;
#764 = ORIENTED_EDGE ( 'NONE', *, *, #5719, .T. ) ;
#765 = VERTEX_POINT ( 'NONE', #832 ) ;
#766 = CARTESIAN_POINT ( 'NONE',  ( 74.99999999999998579, 5.000000000000000000, -103.0000000000000142 ) ) ;
#767 = CARTESIAN_POINT ( 'NONE',  ( 119.0000000000000284, 10.57660624134121363, -70.75000000000000000 ) ) ;
#768 = VECTOR ( 'NONE', #10895, 1000.000000000000000 ) ;
#769 = DIRECTION ( 'NONE',  ( -0.000000000000000000, -0.000000000000000000, -1.000000000000000000 ) ) ;
#770 = EDGE_CURVE ( 'NONE', #4417, #7324, #2123, .T. ) ;
#771 = DIRECTION ( 'NONE',  ( 0.000000000000000000, -0.000000000000000000, 1.000000000000000000 ) ) ;
#772 = ORIENTED_EDGE ( 'NONE', *, *, #1708, .F. ) ;
#773 = CARTESIAN_POINT ( 'NONE',  ( 1.550000000000004263, -5.000000000000000000, -100.5000000000000000 ) ) ;
#774 = LINE ( 'NONE', #11832, #4696 ) ;
#775 = ADVANCED_FACE ( 'NONE', ( #7475 ), #7706, .T. ) ;
#776 = CYLINDRICAL_SURFACE ( 'NONE', #10082, 3.366822574594681150 ) ;
#777 = ORIENTED_EDGE ( 'NONE', *, *, #198, .F. ) ;
#778 = VECTOR ( 'NONE', #2566, 1000.000000000000000 ) ;
#779 = VECTOR ( 'NONE', #6545, 1000.000000000000000 ) ;
#780 = EDGE_LOOP ( 'NONE', ( #7959, #4442, #7680, #1093 ) ) ;
#781 = ORIENTED_EDGE ( 'NONE', *, *, #171, .T. ) ;
#782 = AXIS2_PLACEMENT_3D ( 'NONE', #3426, #5962, #8981 ) ;
#783 = CARTESIAN_POINT ( 'NONE',  ( 29.50000000000000711, -15.24999999999999467, 9.000000000000001776 ) ) ;
#784 = DIRECTION ( 'NONE',  ( -1.445602896647339163E-16, -0.000000000000000000, -1.000000000000000000 ) ) ;
#785 = AXIS2_PLACEMENT_3D ( 'NONE', #3762, #1028, #2797 ) ;
#786 = LINE ( 'NONE', #724, #11504 ) ;
#787 = ORIENTED_EDGE ( 'NONE', *, *, #663, .F. ) ;
#788 = CARTESIAN_POINT ( 'NONE',  ( 24.83598345761040704, 20.75790299228751223, 2.500000000000000000 ) ) ;
#789 = PLANE ( 'NONE',  #11000 ) ;
#790 = ORIENTED_EDGE ( 'NONE', *, *, #6329, .T. ) ;
#791 = ORIENTED_EDGE ( 'NONE', *, *, #15, .F. ) ;
#792 = LINE ( 'NONE', #1892, #3322 ) ;
#793 = ORIENTED_EDGE ( 'NONE', *, *, #2722, .T. ) ;
#794 = AXIS2_PLACEMENT_3D ( 'NONE', #8692, #6934, #527 ) ;
#795 = CARTESIAN_POINT ( 'NONE',  ( 7.000000000000003553, -6.208545504429656248, 10.00000000000000000 ) ) ;
#796 = VERTEX_POINT ( 'NONE', #9464 ) ;
#797 = VECTOR ( 'NONE', #7072, 1000.000000000000000 ) ;
#798 = CARTESIAN_POINT ( 'NONE',  ( -80.49704065888481352, 27.63681555399283951, -60.66720691545012301 ) ) ;
#799 = LINE ( 'NONE', #5343, #5030 ) ;
#800 = VECTOR ( 'NONE', #3061, 1000.000000000000000 ) ;
#801 = CIRCLE ( 'NONE', #5254, 5.000000000000000888 ) ;
#802 = LINE ( 'NONE', #4502, #664 ) ;
#803 = DIRECTION ( 'NONE',  ( -0.000000000000000000, 0.000000000000000000, 1.000000000000000000 ) ) ;
#804 = DIRECTION ( 'NONE',  ( -0.000000000000000000, -1.000000000000000000, -0.000000000000000000 ) ) ;
#805 = CARTESIAN_POINT ( 'NONE',  ( -0.1520525117171784013, -14.47682276924449241, 5.000000000000002665 ) ) ;
#806 = ORIENTED_EDGE ( 'NONE', *, *, #1483, .T. ) ;
#807 = CARTESIAN_POINT ( 'NONE',  ( -0.7406686922125101935, -14.47557800615342494, 5.000000000000000888 ) ) ;
#808 = DIRECTION ( 'NONE',  ( -0.000000000000000000, -0.000000000000000000, -1.000000000000000000 ) ) ;
#809 = ORIENTED_EDGE ( 'NONE', *, *, #1634, .F. ) ;
#810 = EDGE_CURVE ( 'NONE', #10695, #9739, #4821, .T. ) ;
#811 = LINE ( 'NONE', #10775, #10864 ) ;
#812 = EDGE_LOOP ( 'NONE', ( #8421, #7190, #6579, #8566 ) ) ;
#813 = VECTOR ( 'NONE', #7853, 1000.000000000000000 ) ;
#814 = CIRCLE ( 'NONE', #10645, 1.000000000000000888 ) ;
#815 = DIRECTION ( 'NONE',  ( 0.000000000000000000, -0.000000000000000000, -1.000000000000000000 ) ) ;
#816 = CARTESIAN_POINT ( 'NONE',  ( 0.3199168669871786386, -14.60691509192431425, 5.000000000000000000 ) ) ;
#817 = EDGE_CURVE ( 'NONE', #11773, #9088, #8306, .T. ) ;
#818 = CARTESIAN_POINT ( 'NONE',  ( -81.00000000000001421, 31.00000000000000000, -73.50000000000000000 ) ) ;
#819 = UNCERTAINTY_MEASURE_WITH_UNIT (LENGTH_MEASURE( 1.000000000000000082E-05 ), #7902, 'distance_accuracy_value', 'NONE');
#820 = AXIS2_PLACEMENT_3D ( 'NONE', #6815, #9537, #4218 ) ;
#821 = CARTESIAN_POINT ( 'NONE',  ( 19.00000000000000355, -89.44271909999159220, -27.00000000000005329 ) ) ;
#822 = DIRECTION ( 'NONE',  ( -0.000000000000000000, -0.000000000000000000, -1.000000000000000000 ) ) ;
#823 = VECTOR ( 'NONE', #7115, 1000.000000000000341 ) ;
#824 = CARTESIAN_POINT ( 'NONE',  ( 20.00000000000006395, -16.20000000000000284, 73.99999999999992895 ) ) ;
#825 = ORIENTED_EDGE ( 'NONE', *, *, #8538, .T. ) ;
#826 = CARTESIAN_POINT ( 'NONE',  ( -40.40000000000001990, -16.20000000000000284, -7.500000000000069278 ) ) ;
#827 = DIRECTION ( 'NONE',  ( 3.154042683594193641E-16, 0.000000000000000000, 1.000000000000000000 ) ) ;
#828 = EDGE_CURVE ( 'NONE', #10486, #1045, #4767, .T. ) ;
#829 = VERTEX_POINT ( 'NONE', #337 ) ;
#830 = VECTOR ( 'NONE', #3927, 1000.000000000000000 ) ;
#831 = ORIENTED_EDGE ( 'NONE', *, *, #6265, .T. ) ;
#832 = CARTESIAN_POINT ( 'NONE',  ( -5.210256410256410398, -15.75937903423199593, 4.000000000000000000 ) ) ;
#833 = ORIENTED_EDGE ( 'NONE', *, *, #1719, .F. ) ;
#834 = EDGE_CURVE ( 'NONE', #10005, #10643, #11273, .T. ) ;
#835 = DIRECTION ( 'NONE',  ( 0.000000000000000000, 0.000000000000000000, 1.000000000000000000 ) ) ;
#836 = DIRECTION ( 'NONE',  ( -0.000000000000000000, 1.000000000000000000, -0.000000000000000000 ) ) ;
#837 = LINE ( 'NONE', #4532, #2747 ) ;
#838 = CYLINDRICAL_SURFACE ( 'NONE', #264, 3.000000000000002665 ) ;
#839 = ORIENTED_EDGE ( 'NONE', *, *, #9032, .F. ) ;
#840 = CARTESIAN_POINT ( 'NONE',  ( -5.999999999999997335, -9.208545504429654471, 10.00000000000000000 ) ) ;
#841 = CARTESIAN_POINT ( 'NONE',  ( -21.73797097907860731, -17.50000000000002132, 2.500000000000000000 ) ) ;
#842 = CARTESIAN_POINT ( 'NONE',  ( -4.397151972544833143, -15.47398797440764895, 5.000000000000000888 ) ) ;
#843 = VERTEX_POINT ( 'NONE', #1070 ) ;
#844 = EDGE_CURVE ( 'NONE', #9213, #9951, #3066, .T. ) ;
#845 = ORIENTED_EDGE ( 'NONE', *, *, #5699, .F. ) ;
#846 = VECTOR ( 'NONE', #8257, 1000.000000000000000 ) ;
#847 = ORIENTED_EDGE ( 'NONE', *, *, #8647, .T. ) ;
#848 = VECTOR ( 'NONE', #415, 1000.000000000000000 ) ;
#849 = LINE ( 'NONE', #4546, #9667 ) ;
#850 = CIRCLE ( 'NONE', #9155, 1.500000000000001332 ) ;
#851 = FACE_OUTER_BOUND ( 'NONE', #2893, .T. ) ;
#852 = CARTESIAN_POINT ( 'NONE',  ( 1.139171525026625886, -16.25528439861938423, 5.000000000000000888 ) ) ;
#853 = ORIENTED_EDGE ( 'NONE', *, *, #8940, .F. ) ;
#854 = DIRECTION ( 'NONE',  ( -0.000000000000000000, -0.000000000000000000, -1.000000000000000000 ) ) ;
#855 = DIRECTION ( 'NONE',  ( -1.000000000000000000, 0.000000000000000000, -0.000000000000000000 ) ) ;
#856 = ORIENTED_EDGE ( 'NONE', *, *, #8660, .T. ) ;
#857 = AXIS2_PLACEMENT_3D ( 'NONE', #1613, #8982, #11750 ) ;
#858 = CARTESIAN_POINT ( 'NONE',  ( 20.00000000000006750, 5.000000000000000000, 96.49999999999991473 ) ) ;
#859 = VERTEX_POINT ( 'NONE', #4710 ) ;
#860 = FACE_BOUND ( 'NONE', #6410, .T. ) ;
#861 = ORIENTED_EDGE ( 'NONE', *, *, #6294, .T. ) ;
#862 = CARTESIAN_POINT ( 'NONE',  ( -79.46401568556910888, 23.97499975049370136, -60.05105897510917146 ) ) ;
#863 = FACE_OUTER_BOUND ( 'NONE', #11143, .T. ) ;
#864 = DIRECTION ( 'NONE',  ( -1.000000000000000000, 0.000000000000000000, 1.084202172485505667E-16 ) ) ;
#865 = DIRECTION ( 'NONE',  ( 0.000000000000000000, 0.000000000000000000, -1.000000000000000000 ) ) ;
#866 = CIRCLE ( 'NONE', #106, 1.500000000000001332 ) ;
#867 = DIRECTION ( 'NONE',  ( -1.000000000000000000, -0.000000000000000000, -0.000000000000000000 ) ) ;
#868 = DIRECTION ( 'NONE',  ( 0.000000000000000000, 1.000000000000000000, -0.000000000000000000 ) ) ;
#869 = ORIENTED_EDGE ( 'NONE', *, *, #7028, .T. ) ;
#870 = DIRECTION ( 'NONE',  ( 0.000000000000000000, -0.000000000000000000, -1.000000000000000000 ) ) ;
#871 = EDGE_LOOP ( 'NONE', ( #8526, #4281 ) ) ;
#872 = DIRECTION ( 'NONE',  ( 0.000000000000000000, 0.000000000000000000, -1.000000000000000000 ) ) ;
#873 = ORIENTED_EDGE ( 'NONE', *, *, #6838, .T. ) ;
#874 = DIRECTION ( 'NONE',  ( -0.000000000000000000, -0.000000000000000000, -1.000000000000000000 ) ) ;
#875 = CARTESIAN_POINT ( 'NONE',  ( 0.3453241295916130160, -14.61799375485804831, 4.999999999999999112 ) ) ;
#876 = LINE ( 'NONE', #9998, #8801 ) ;
#877 = DIRECTION ( 'NONE',  ( 0.000000000000000000, 0.000000000000000000, 1.000000000000000000 ) ) ;
#878 = CARTESIAN_POINT ( 'NONE',  ( -40.40000000000002700, 5.000000000000000000, 34.49999999999993605 ) ) ;
#879 = CARTESIAN_POINT ( 'NONE',  ( 24.99999999999999645, 17.50000000000000000, 5.000000000000000000 ) ) ;
#880 = ORIENTED_EDGE ( 'NONE', *, *, #884, .F. ) ;
#882 = EDGE_CURVE ( 'NONE', #4566, #6230, #219, .T. ) ;
#881 = DIRECTION ( 'NONE',  ( -1.000000000000000000, 0.000000000000000000, 0.000000000000000000 ) ) ;
#883 = CARTESIAN_POINT ( 'NONE',  ( 27.73941848319152115, 19.27099398849403400, 2.500000000000000000 ) ) ;
#884 = EDGE_CURVE ( 'NONE', #8106, #5630, #5728, .T. ) ;
#885 = EDGE_LOOP ( 'NONE', ( #11930, #10150, #944, #11425 ) ) ;
#886 = ORIENTED_EDGE ( 'NONE', *, *, #9108, .T. ) ;
#887 = ADVANCED_FACE ( 'NONE', ( #1185 ), #11150, .F. ) ;
#888 = CIRCLE ( 'NONE', #1080, 1.500000000000004885 ) ;
#889 = PLANE ( 'NONE',  #633 ) ;
#890 = CIRCLE ( 'NONE', #7642, 2.000000000000001776 ) ;
#891 = DIRECTION ( 'NONE',  ( 0.000000000000000000, 0.000000000000000000, -1.000000000000000000 ) ) ;
#892 = CARTESIAN_POINT ( 'NONE',  ( -75.00000000000001421, 45.00000000000000000, -57.99999999999998579 ) ) ;
#893 = LINE ( 'NONE', #4588, #11805 ) ;
#894 = AXIS2_PLACEMENT_3D ( 'NONE', #10532, #497, #8779 ) ;
#895 = CARTESIAN_POINT ( 'NONE',  ( -23.36898548953929833, -20.32500000000001705, 2.500000000000000000 ) ) ;
#896 = COLOUR_RGB ( '',0.7921568627450980005, 0.8196078431372548767, 0.9333333333333333481 ) ;
#897 = EDGE_LOOP ( 'NONE', ( #7210, #1129 ) ) ;
#898 = DIRECTION ( 'NONE',  ( -1.000000000000000000, 0.000000000000000000, 0.000000000000000000 ) ) ;
#899 = CARTESIAN_POINT ( 'NONE',  ( 0.8367242634084657293, -1.416704348598113894, 9.000000000000001776 ) ) ;
#900 = ORIENTED_EDGE ( 'NONE', *, *, #8494, .F. ) ;
#901 = ADVANCED_FACE ( 'NONE', ( #3006 ), #1921, .F. ) ;
#902 = ADVANCED_FACE ( 'NONE', ( #9286 ), #7650, .F. ) ;
#903 = ORIENTED_EDGE ( 'NONE', *, *, #11110, .F. ) ;
#904 = AXIS2_PLACEMENT_3D ( 'NONE', #9226, #4643, #8330 ) ;
#905 = VERTEX_POINT ( 'NONE', #1007 ) ;
#906 = EDGE_CURVE ( 'NONE', #1788, #11836, #9354, .T. ) ;
#907 = VECTOR ( 'NONE', #1054, 1000.000000000000000 ) ;
#908 = PLANE ( 'NONE',  #10270 ) ;
#909 = EDGE_CURVE ( 'NONE', #6528, #3005, #7110, .T. ) ;
#910 = CARTESIAN_POINT ( 'NONE',  ( 1.135291466346152855, -16.08502005987303107, 4.000000000000000000 ) ) ;
#911 = LINE ( 'NONE', #3639, #4188 ) ;
#912 = ORIENTED_EDGE ( 'NONE', *, *, #4465, .F. ) ;
#913 = LINE ( 'NONE', #1580, #11777 ) ;
#914 = PLANE ( 'NONE',  #4256 ) ;
#915 = ORIENTED_EDGE ( 'NONE', *, *, #10281, .F. ) ;
#916 = DIRECTION ( 'NONE',  ( 0.000000000000000000, 0.000000000000000000, 1.000000000000000000 ) ) ;
#917 = ORIENTED_EDGE ( 'NONE', *, *, #7715, .F. ) ;
#918 = ADVANCED_FACE ( 'NONE', ( #1540 ), #5173, .F. ) ;
#919 = CARTESIAN_POINT ( 'NONE',  ( 72.99999999999998579, 0.000000000000000000, -103.0000000000000142 ) ) ;
#920 = ORIENTED_EDGE ( 'NONE', *, *, #8592, .T. ) ;
#921 = CYLINDRICAL_SURFACE ( 'NONE', #8850, 1.750000000000001554 ) ;
#922 = CARTESIAN_POINT ( 'NONE',  ( -4.988286258012820440, -15.75937903423199593, 4.000000000000000000 ) ) ;
#923 = ADVANCED_FACE ( 'NONE', ( #8742 ), #636, .F. ) ;
#924 = CARTESIAN_POINT ( 'NONE',  ( -8.799999999999998934, 2.791454495570343752, 5.000000000000000000 ) ) ;
#925 = DIRECTION ( 'NONE',  ( 1.000000000000000000, 0.000000000000000000, 0.000000000000000000 ) ) ;
#926 = CARTESIAN_POINT ( 'NONE',  ( -29.49999999999999289, -19.75000000000000000, 5.000000000000000000 ) ) ;
#927 = LINE ( 'NONE', #8184, #2317 ) ;
#928 = ORIENTED_EDGE ( 'NONE', *, *, #11362, .F. ) ;
#929 = CARTESIAN_POINT ( 'NONE',  ( -3.882170345808931611, -15.78405234469648377, 4.000000000000000000 ) ) ;
#930 = ORIENTED_EDGE ( 'NONE', *, *, #9181, .F. ) ;
#931 = DIRECTION ( 'NONE',  ( -3.854941057726240562E-16, 0.000000000000000000, 1.000000000000000000 ) ) ;
#932 = ADVANCED_FACE ( 'NONE', ( #4097 ), #571, .F. ) ;
#933 = EDGE_LOOP ( 'NONE', ( #8008, #7628, #5074, #5970 ) ) ;
#934 = CARTESIAN_POINT ( 'NONE',  ( -4.430724944722149061, -15.29095892190899519, 4.000000000000002665 ) ) ;
#935 = DIRECTION ( 'NONE',  ( 0.000000000000000000, 0.000000000000000000, -1.000000000000000000 ) ) ;
#936 = DIRECTION ( 'NONE',  ( -0.000000000000000000, -0.000000000000000000, -1.000000000000000000 ) ) ;
#937 = UNCERTAINTY_MEASURE_WITH_UNIT (LENGTH_MEASURE( 1.000000000000000082E-05 ), #7461, 'distance_accuracy_value', 'NONE');
#938 = CARTESIAN_POINT ( 'NONE',  ( -2.101754536636343040, -16.55393570626073085, 3.999999999999998224 ) ) ;
#939 = CARTESIAN_POINT ( 'NONE',  ( 23.36898548953929833, -20.32500000000001705, 0.000000000000000000 ) ) ;
#940 = CARTESIAN_POINT ( 'NONE',  ( -0.4388521634615394351, -17.79463544448841716, 5.000000000000000000 ) ) ;
#941 = ORIENTED_EDGE ( 'NONE', *, *, #11628, .T. ) ;
#942 = DIRECTION ( 'NONE',  ( 1.000000000000000000, 0.000000000000000000, 1.652117596168387756E-16 ) ) ;
#943 = DIRECTION ( 'NONE',  ( 1.000000000000000000, 0.000000000000000000, 0.000000000000000000 ) ) ;
#944 = ORIENTED_EDGE ( 'NONE', *, *, #2677, .T. ) ;
#945 = VECTOR ( 'NONE', #8030, 1000.000000000000000 ) ;
#946 = VERTEX_POINT ( 'NONE', #2393 ) ;
#947 = FACE_OUTER_BOUND ( 'NONE', #10267, .T. ) ;
#948 = ADVANCED_FACE ( 'NONE', ( #7772 ), #10599, .F. ) ;
#949 = CARTESIAN_POINT ( 'NONE',  ( -77.00000000000001421, 22.50000000000000355, -60.00000000000000711 ) ) ;
#950 = CARTESIAN_POINT ( 'NONE',  ( -10.00000000000000178, 0.000000000000000000, 7.000000000000002665 ) ) ;
#951 = DIRECTION ( 'NONE',  ( 0.000000000000000000, 0.000000000000000000, -1.000000000000000000 ) ) ;
#952 = CARTESIAN_POINT ( 'NONE',  ( -1.407949418413325882, -15.50671075773863450, 5.000000000000000000 ) ) ;
#953 = ORIENTED_EDGE ( 'NONE', *, *, #1421, .T. ) ;
#954 = AXIS2_PLACEMENT_3D ( 'NONE', #8437, #2215, #2943 ) ;
#955 = FACE_OUTER_BOUND ( 'NONE', #1505, .T. ) ;
#956 = CARTESIAN_POINT ( 'NONE',  ( -75.00000000000001421, 10.57660624134118521, -89.24999999999998579 ) ) ;
#957 = ORIENTED_EDGE ( 'NONE', *, *, #8930, .T. ) ;
#958 = EDGE_LOOP ( 'NONE', ( #1487, #11018, #3042, #8573 ) ) ;
#959 = ORIENTED_EDGE ( 'NONE', *, *, #380, .F. ) ;
#960 = AXIS2_PLACEMENT_3D ( 'NONE', #8534, #8366, #255 ) ;
#961 = EDGE_CURVE ( 'NONE', #1905, #10549, #9765, .T. ) ;
#962 = CARTESIAN_POINT ( 'NONE',  ( 20.00000000000000355, -16.20000000000000284, 75.49999999999992895 ) ) ;
#963 = EDGE_CURVE ( 'NONE', #3385, #8685, #1470, .T. ) ;
#964 = CARTESIAN_POINT ( 'NONE',  ( 0.5296705452098016131, 8.500000000000000000, 5.000000000000000000 ) ) ;
#965 = CARTESIAN_POINT ( 'NONE',  ( 140.0000000000000853, 22.50000000000000000, -100.0000000000000000 ) ) ;
#966 = ORIENTED_EDGE ( 'NONE', *, *, #10670, .T. ) ;
#967 = FACE_OUTER_BOUND ( 'NONE', #5914, .T. ) ;
#968 = VERTEX_POINT ( 'NONE', #5120 ) ;
#969 = CIRCLE ( 'NONE', #8690, 1.549999999999995826 ) ;
#970 = DIRECTION ( 'NONE',  ( 0.000000000000000000, -0.000000000000000000, 1.000000000000000000 ) ) ;
#971 = ORIENTED_EDGE ( 'NONE', *, *, #9496, .F. ) ;
#972 = ORIENTED_EDGE ( 'NONE', *, *, #6883, .F. ) ;
#973 = EDGE_CURVE ( 'NONE', #9528, #8370, #10489, .T. ) ;
#974 = CIRCLE ( 'NONE', #2140, 1.500000000000001332 ) ;
#975 = CARTESIAN_POINT ( 'NONE',  ( 0.4522893850970156060, -16.67878537271309014, 4.000000000000000888 ) ) ;
#976 = CARTESIAN_POINT ( 'NONE',  ( -0.4477564102564112192, -16.08502005987303107, 4.000000000000000000 ) ) ;
#977 = EDGE_CURVE ( 'NONE', #7138, #11014, #500, .T. ) ;
#978 = CARTESIAN_POINT ( 'NONE',  ( 23.51198800726059446, 13.13699411993707322, 9.000000000000001776 ) ) ;
#979 = DIRECTION ( 'NONE',  ( 0.000000000000000000, -0.000000000000000000, 1.000000000000000000 ) ) ;
#980 = CARTESIAN_POINT ( 'NONE',  ( -4.466858170621735624, -15.64065829892764548, 4.000000000000000888 ) ) ;
#982 = VECTOR ( 'NONE', #8199, 1000.000000000000000 ) ;
#981 = DIRECTION ( 'NONE',  ( 0.000000000000000000, 0.000000000000000000, -1.000000000000000000 ) ) ;
#983 = ORIENTED_EDGE ( 'NONE', *, *, #6821, .T. ) ;
#984 = ORIENTED_EDGE ( 'NONE', *, *, #8821, .T. ) ;
#985 = MANIFOLD_SOLID_BREP ( 'Cut-Extrude2', #5076 ) ;
#986 = DIRECTION ( 'NONE',  ( -0.000000000000000000, -0.000000000000000000, -1.000000000000000000 ) ) ;
#987 = ORIENTED_EDGE ( 'NONE', *, *, #4829, .T. ) ;
#988 = CARTESIAN_POINT ( 'NONE',  ( -2.727243589743591379, -17.71322518807815882, 4.000000000000000000 ) ) ;
#989 = CIRCLE ( 'NONE', #6974, 1.257139434613111950 ) ;
#990 = ORIENTED_EDGE ( 'NONE', *, *, #7995, .F. ) ;
#991 = DIRECTION ( 'NONE',  ( 0.05028052826558230409, -0.9987351342960424372, 0.000000000000000000 ) ) ;
#992 = VECTOR ( 'NONE', #8293, 1000.000000000000000 ) ;
#993 = CIRCLE ( 'NONE', #8333, 2.599999999999991207 ) ;
#994 = DIRECTION ( 'NONE',  ( 0.000000000000000000, -0.9893452176575513457, -0.1455885994785731941 ) ) ;
#995 = DIRECTION ( 'NONE',  ( 1.000000000000000000, -1.334402673828313093E-16, 0.000000000000000000 ) ) ;
#996 = DIRECTION ( 'NONE',  ( 0.000000000000000000, 0.000000000000000000, -1.000000000000000000 ) ) ;
#997 = DIRECTION ( 'NONE',  ( -1.000000000000000000, 0.000000000000000000, 0.000000000000000000 ) ) ;
#998 = CARTESIAN_POINT ( 'NONE',  ( -4.340546524786211613, -14.62919056945143126, 3.999999999999999112 ) ) ;
#999 = CARTESIAN_POINT ( 'NONE',  ( 0.09160124233538076421, -17.71826953228604751, 5.000000000000000888 ) ) ;
#1000 = ORIENTED_EDGE ( 'NONE', *, *, #10945, .F. ) ;
#1001 = AXIS2_PLACEMENT_3D ( 'NONE', #9011, #4427, #11908 ) ;
#1002 = AXIS2_PLACEMENT_3D ( 'NONE', #8501, #10546, #339 ) ;
#1003 = DIRECTION ( 'NONE',  ( -1.000000000000000000, -0.000000000000000000, -0.000000000000000000 ) ) ;
#1004 = CARTESIAN_POINT ( 'NONE',  ( 119.0000000000000284, 31.00000000000000000, -73.50000000000000000 ) ) ;
#1005 = ORIENTED_EDGE ( 'NONE', *, *, #5932, .T. ) ;
#1006 = ORIENTED_EDGE ( 'NONE', *, *, #2400, .T. ) ;
#1007 = CARTESIAN_POINT ( 'NONE',  ( -23.49999999999999645, 17.50000000000000000, 9.000000000000001776 ) ) ;
#1008 = VECTOR ( 'NONE', #3751, 1000.000000000000000 ) ;
#1009 = AXIS2_PLACEMENT_3D ( 'NONE', #6822, #1261, #10557 ) ;
#1010 = PLANE ( 'NONE',  #3025 ) ;
#1011 = CARTESIAN_POINT ( 'NONE',  ( -9.299999999999998934, 0.000000000000000000, -9.299999999999997158 ) ) ;
#1012 = CARTESIAN_POINT ( 'NONE',  ( -0.6474327424021644184, -14.46515654082228153, 4.000000000000000000 ) ) ;
#1013 = LINE ( 'NONE', #11512, #4721 ) ;
#1014 = VERTEX_POINT ( 'NONE', #514 ) ;
#1015 = DIRECTION ( 'NONE',  ( 0.5000000000000015543, 0.8660254037844377084, 0.000000000000000000 ) ) ;
#1016 = CARTESIAN_POINT ( 'NONE',  ( 55.50000000000003553, 5.000000000000000000, 84.99999999999994316 ) ) ;
#1017 = ORIENTED_EDGE ( 'NONE', *, *, #9624, .F. ) ;
#1018 = AXIS2_PLACEMENT_3D ( 'NONE', #6581, #7656, #2052 ) ;
#1019 = AXIS2_PLACEMENT_3D ( 'NONE', #4279, #7955, #11640 ) ;
#1020 = ORIENTED_EDGE ( 'NONE', *, *, #2144, .T. ) ;
#1021 = ORIENTED_EDGE ( 'NONE', *, *, #7687, .F. ) ;
#1022 = ADVANCED_FACE ( 'NONE', ( #8132 ), #3481, .F. ) ;
#1023 = DIRECTION ( 'NONE',  ( 0.000000000000000000, 0.000000000000000000, 1.000000000000000000 ) ) ;
#1024 = AXIS2_PLACEMENT_3D ( 'NONE', #8620, #9579, #10542 ) ;
#1025 = FACE_OUTER_BOUND ( 'NONE', #3599, .T. ) ;
#1026 = DIRECTION ( 'NONE',  ( 0.000000000000000000, 1.000000000000000000, 0.000000000000000000 ) ) ;
#1027 = ORIENTED_EDGE ( 'NONE', *, *, #6831, .T. ) ;
#1028 = DIRECTION ( 'NONE',  ( 0.8660254037844378194, 0.5000000000000016653, -0.000000000000000000 ) ) ;
#1029 = CARTESIAN_POINT ( 'NONE',  ( 22.72792206135788007, -8.500000000000000000, 0.000000000000000000 ) ) ;
#1030 = CARTESIAN_POINT ( 'NONE',  ( 8.999999999999991118, -8.208545504429656248, 5.000000000000000000 ) ) ;
#1031 = CARTESIAN_POINT ( 'NONE',  ( 22.50000000000000711, -21.49999999999999289, 9.000000000000001776 ) ) ;
#1032 = ORIENTED_EDGE ( 'NONE', *, *, #1267, .T. ) ;
#1033 = EDGE_CURVE ( 'NONE', #11131, #6915, #3547, .T. ) ;
#1034 = EDGE_LOOP ( 'NONE', ( #9478, #6781, #6503, #4662 ) ) ;
#1035 = CIRCLE ( 'NONE', #3171, 19.99999999999998934 ) ;
#1036 = DIRECTION ( 'NONE',  ( -0.000000000000000000, 0.000000000000000000, 1.000000000000000000 ) ) ;
#1037 = EDGE_CURVE ( 'NONE', #645, #2514, #2699, .T. ) ;
#1038 = CARTESIAN_POINT ( 'NONE',  ( -4.215675540487057837, -16.17204377113343838, 4.000000000000000888 ) ) ;
#1039 = CARTESIAN_POINT ( 'NONE',  ( 7.000000000000003553, -6.208545504429656248, 10.00000000000000000 ) ) ;
#1040 = AXIS2_PLACEMENT_3D ( 'NONE', #1428, #6811, #5907 ) ;
#1041 = LINE ( 'NONE', #7622, #9963 ) ;
#1042 = EDGE_CURVE ( 'NONE', #5763, #2660, #876, .T. ) ;
#1043 = DIRECTION ( 'NONE',  ( 0.000000000000000000, 0.000000000000000000, 1.000000000000000000 ) ) ;
#1044 = DIRECTION ( 'NONE',  ( -1.000000000000000000, 0.000000000000000000, 0.000000000000000000 ) ) ;
#1045 = VERTEX_POINT ( 'NONE', #4574 ) ;
#1046 = ORIENTED_EDGE ( 'NONE', *, *, #7131, .T. ) ;
#1047 = CARTESIAN_POINT ( 'NONE',  ( 119.0000000000000284, 31.00000000000000000, -80.00000000000000000 ) ) ;
#1048 = ORIENTED_EDGE ( 'NONE', *, *, #4159, .F. ) ;
#1049 = CIRCLE ( 'NONE', #6067, 1.500000000000001332 ) ;
#1050 = CARTESIAN_POINT ( 'NONE',  ( -1.328654218018920252, -14.67332075672487157, 4.000000000000000000 ) ) ;
#1051 = ORIENTED_EDGE ( 'NONE', *, *, #2438, .T. ) ;
#1052 = EDGE_CURVE ( 'NONE', #7023, #5051, #2057, .T. ) ;
#1053 = DIRECTION ( 'NONE',  ( 1.000000000000000000, 0.000000000000000000, 0.000000000000000000 ) ) ;
#1054 = DIRECTION ( 'NONE',  ( -0.000000000000000000, -0.000000000000000000, -1.000000000000000000 ) ) ;
#1055 = VECTOR ( 'NONE', #8783, 1000.000000000000000 ) ;
#1056 = UNCERTAINTY_MEASURE_WITH_UNIT (LENGTH_MEASURE( 1.000000000000000082E-05 ), #8012, 'distance_accuracy_value', 'NONE');
#1057 = EDGE_CURVE ( 'NONE', #11306, #11448, #4515, .T. ) ;
#1058 = CARTESIAN_POINT ( 'NONE',  ( 10.99999999999999467, 2.000000000000000000, 7.000000000000000000 ) ) ;
#1059 = DIRECTION ( 'NONE',  ( -0.000000000000000000, 0.000000000000000000, 1.000000000000000000 ) ) ;
#1060 = CARTESIAN_POINT ( 'NONE',  ( -81.00000000000001421, 31.21779788708139236, -97.99999999999998579 ) ) ;
#1061 = EDGE_CURVE ( 'NONE', #3990, #7106, #5143, .T. ) ;
#1062 = CARTESIAN_POINT ( 'NONE',  ( -0.1100613420491561578, -17.76800768237140105, 5.000000000000000000 ) ) ;
#1063 = CARTESIAN_POINT ( 'NONE',  ( 119.0000000000000284, 24.00000000000000355, -63.00000000000000000 ) ) ;
#1064 = ORIENTED_EDGE ( 'NONE', *, *, #8086, .T. ) ;
#1065 = DIRECTION ( 'NONE',  ( 1.000000000000000000, 1.903335346464819772E-16, -0.000000000000000000 ) ) ;
#1066 = CARTESIAN_POINT ( 'NONE',  ( -5.999999999999996447, -10.20854550442964204, 5.000000000000000000 ) ) ;
#1067 = VECTOR ( 'NONE', #8285, 1000.000000000000000 ) ;
#1068 = VERTEX_POINT ( 'NONE', #818 ) ;
#1069 = VERTEX_POINT ( 'NONE', #6448 ) ;
#1070 = CARTESIAN_POINT ( 'NONE',  ( -77.00000000000002842, 0.000000000000000000, -60.00000000000000711 ) ) ;
#1071 = DIRECTION ( 'NONE',  ( 0.000000000000000000, 0.000000000000000000, 1.000000000000000000 ) ) ;
#1072 = DIRECTION ( 'NONE',  ( -0.000000000000000000, -1.000000000000000000, -0.000000000000000000 ) ) ;
#1073 = CARTESIAN_POINT ( 'NONE',  ( -0.6978361426892959463, -15.04450368638769397, 5.000000000000001776 ) ) ;
#1074 = ORIENTED_EDGE ( 'NONE', *, *, #4184, .T. ) ;
#1075 = DIRECTION ( 'NONE',  ( 0.000000000000000000, 0.000000000000000000, -1.000000000000000000 ) ) ;
#1076 = CARTESIAN_POINT ( 'NONE',  ( 20.32178339562597458, 18.81176316890941536, 9.000000000000001776 ) ) ;
#1077 = ORIENTED_EDGE ( 'NONE', *, *, #11262, .F. ) ;
#1078 = ADVANCED_FACE ( 'NONE', ( #9216 ), #753, .F. ) ;
#1079 = ORIENTED_EDGE ( 'NONE', *, *, #7687, .T. ) ;
#1080 = AXIS2_PLACEMENT_3D ( 'NONE', #2380, #5345, #6011 ) ;
#1081 = ORIENTED_EDGE ( 'NONE', *, *, #5219, .T. ) ;
#1082 = AXIS2_PLACEMENT_3D ( 'NONE', #6983, #3361, #6146 ) ;
#1083 = CYLINDRICAL_SURFACE ( 'NONE', #9885, 2.000000000000001776 ) ;
#1084 = LINE ( 'NONE', #964, #1847 ) ;
#1085 = DIRECTION ( 'NONE',  ( 1.000000000000000000, 0.000000000000000000, 0.000000000000000000 ) ) ;
#1086 = ORIENTED_EDGE ( 'NONE', *, *, #4628, .T. ) ;
#1087 = AXIS2_PLACEMENT_3D ( 'NONE', #2477, #6173, #1578 ) ;
#1088 = DIRECTION ( 'NONE',  ( 0.000000000000000000, 0.000000000000000000, 1.000000000000000000 ) ) ;
#1089 = LINE ( 'NONE', #3877, #6728 ) ;
#1090 = DIRECTION ( 'NONE',  ( 1.000000000000000000, 0.000000000000000000, 0.000000000000000000 ) ) ;
#1091 = CARTESIAN_POINT ( 'NONE',  ( 119.0000000000000284, 24.00000000000000355, -63.00000000000000000 ) ) ;
#1092 = EDGE_LOOP ( 'NONE', ( #6767, #3812 ) ) ;
#1093 = ORIENTED_EDGE ( 'NONE', *, *, #9928, .F. ) ;
#1094 = CIRCLE ( 'NONE', #513, 1.500000000000001332 ) ;
#1095 = CARTESIAN_POINT ( 'NONE',  ( -0.4274038461538470779, -17.22476364961662298, 4.000000000000000000 ) ) ;
#1096 = CIRCLE ( 'NONE', #3813, 1.257139434613111950 ) ;
#1097 = CARTESIAN_POINT ( 'NONE',  ( -3.834181635593693738, -15.58629100004424828, 4.000000000000001776 ) ) ;
#1098 = EDGE_CURVE ( 'NONE', #9989, #7426, #9097, .T. ) ;
#1099 = CARTESIAN_POINT ( 'NONE',  ( -30.01888746451763623, 17.85109630944759473, 0.000000000000000000 ) ) ;
#1100 = CYLINDRICAL_SURFACE ( 'NONE', #7057, 1.366822574594681150 ) ;
#1101 = CARTESIAN_POINT ( 'NONE',  ( -4.650228869770560713, -15.73142659546231847, 4.000000000000000000 ) ) ;
#1102 = CARTESIAN_POINT ( 'NONE',  ( -0.3372951039804216178, -15.03092100961549527, 4.000000000000001776 ) ) ;
#1103 = VERTEX_POINT ( 'NONE', #7101 ) ;
#1104 = ORIENTED_EDGE ( 'NONE', *, *, #11482, .T. ) ;
#1105 = DIRECTION ( 'NONE',  ( 0.000000000000000000, 0.000000000000000000, 1.000000000000000000 ) ) ;
#1106 = VERTEX_POINT ( 'NONE', #3423 ) ;
#1107 = CARTESIAN_POINT ( 'NONE',  ( -26.00000000000000000, 5.000000000000004441, 44.99999999999992895 ) ) ;
#1108 = ORIENTED_EDGE ( 'NONE', *, *, #8434, .T. ) ;
#1109 = DIRECTION ( 'NONE',  ( 0.000000000000000000, 0.000000000000000000, 1.000000000000000000 ) ) ;
#1110 = PLANE ( 'NONE',  #10353 ) ;
#1111 = CARTESIAN_POINT ( 'NONE',  ( -30.01888746451763268, 17.85109630944759473, 0.000000000000000000 ) ) ;
#1112 = DIRECTION ( 'NONE',  ( 1.000000000000000000, 0.000000000000000000, 0.000000000000000000 ) ) ;
#1113 = CARTESIAN_POINT ( 'NONE',  ( -3.834615409452885704, -15.29991906260031698, 4.000000000000000888 ) ) ;
#1114 = EDGE_CURVE ( 'NONE', #9739, #11785, #10906, .T. ) ;
#1115 = CARTESIAN_POINT ( 'NONE',  ( 1.086619042635373233, -16.63111049234407446, 5.000000000000000888 ) ) ;
#1116 = PLANE ( 'NONE',  #954 ) ;
#1117 = ORIENTED_EDGE ( 'NONE', *, *, #2861, .F. ) ;
#1118 = LINE ( 'NONE', #3060, #10468 ) ;
#1119 = CARTESIAN_POINT ( 'NONE',  ( -5.016907051282050389, -16.32925082910378833, 5.000000000000000000 ) ) ;
#1120 = EDGE_CURVE ( 'NONE', #491, #7373, #9759, .T. ) ;
#1121 = ORIENTED_EDGE ( 'NONE', *, *, #8245, .F. ) ;
#1122 = EDGE_LOOP ( 'NONE', ( #5442, #8983 ) ) ;
#1123 = ADVANCED_FACE ( 'NONE', ( #4627 ), #6387, .T. ) ;
#1124 = CARTESIAN_POINT ( 'NONE',  ( -1.667451938409447720, -17.31997028335685229, 5.000000000000001776 ) ) ;
#1125 = DIRECTION ( 'NONE',  ( 1.000000000000000000, -6.672013369141565463E-17, 0.000000000000000000 ) ) ;
#1126 = DIRECTION ( 'NONE',  ( 0.000000000000000000, 0.000000000000000000, 1.000000000000000000 ) ) ;
#1127 = EDGE_CURVE ( 'NONE', #7138, #2257, #9162, .T. ) ;
#1128 = LINE ( 'NONE', #4825, #10103 ) ;
#1129 = ORIENTED_EDGE ( 'NONE', *, *, #8381, .T. ) ;
#1130 = CARTESIAN_POINT ( 'NONE',  ( 140.0000000000000853, 22.50000000000000711, -60.00000000000001421 ) ) ;
#1131 = CARTESIAN_POINT ( 'NONE',  ( 3.378525641025639903, -16.32925082910379899, 4.000000000000000000 ) ) ;
#1132 = ORIENTED_EDGE ( 'NONE', *, *, #3340, .F. ) ;
#1133 = AXIS2_PLACEMENT_3D ( 'NONE', #8463, #298, #11170 ) ;
#1134 = ORIENTED_EDGE ( 'NONE', *, *, #4159, .T. ) ;
#1135 = EDGE_LOOP ( 'NONE', ( #140, #9066, #599, #8536 ) ) ;
#1136 = VECTOR ( 'NONE', #3463, 1000.000000000000000 ) ;
#1137 = EDGE_CURVE ( 'NONE', #9721, #3617, #8258, .T. ) ;
#1138 = PLANE ( 'NONE',  #6232 ) ;
#1139 = CIRCLE ( 'NONE', #11562, 1.749999999999998002 ) ;
#1140 = DIRECTION ( 'NONE',  ( 0.000000000000000000, 0.000000000000000000, -1.000000000000000000 ) ) ;
#1141 = EDGE_CURVE ( 'NONE', #3514, #2832, #4570, .T. ) ;
#1142 = CARTESIAN_POINT ( 'NONE',  ( 9.800000000000002487, 2.791454495570343752, 5.000000000000000000 ) ) ;
#1143 = VERTEX_POINT ( 'NONE', #2762 ) ;
#1144 = LINE ( 'NONE', #127, #8283 ) ;
#1145 = DIRECTION ( 'NONE',  ( -1.000000000000000000, -0.000000000000000000, -0.000000000000000000 ) ) ;
#1146 = LINE ( 'NONE', #3882, #231 ) ;
#1147 = ORIENTED_EDGE ( 'NONE', *, *, #3800, .T. ) ;
#1148 = ORIENTED_EDGE ( 'NONE', *, *, #3577, .F. ) ;
#1149 = AXIS2_PLACEMENT_3D ( 'NONE', #11918, #868, #3656 ) ;
#1150 = AXIS2_PLACEMENT_3D ( 'NONE', #8846, #9758, #3129 ) ;
#1151 = CARTESIAN_POINT ( 'NONE',  ( -1.400214113048630971, -16.73089921575636296, 5.000000000000000888 ) ) ;
#1152 = CARTESIAN_POINT ( 'NONE',  ( -21.73797097907860731, -17.50000000000002132, 0.000000000000000000 ) ) ;
#1153 = VECTOR ( 'NONE', #506, 1000.000000000000000 ) ;
#1154 = CARTESIAN_POINT ( 'NONE',  ( 5.495192307692304823, -15.10809698294995584, 4.000000000000000000 ) ) ;
#1155 = FACE_OUTER_BOUND ( 'NONE', #2501, .T. ) ;
#1156 = VECTOR ( 'NONE', #1718, 1000.000000000000000 ) ;
#1157 = CARTESIAN_POINT ( 'NONE',  ( -4.650228869770560713, -15.73142659546231847, 4.999999999999992895 ) ) ;
#1158 = FACE_OUTER_BOUND ( 'NONE', #10819, .T. ) ;
#1159 = ORIENTED_EDGE ( 'NONE', *, *, #7342, .F. ) ;
#1160 = EDGE_LOOP ( 'NONE', ( #4787, #743 ) ) ;
#1161 = CARTESIAN_POINT ( 'NONE',  ( -27.73941848319152115, 19.27099398849403400, 2.500000000000000000 ) ) ;
#1162 = ORIENTED_EDGE ( 'NONE', *, *, #6407, .T. ) ;
#1163 = DIRECTION ( 'NONE',  ( -0.000000000000000000, 1.000000000000000000, -0.000000000000000000 ) ) ;
#1164 = ORIENTED_EDGE ( 'NONE', *, *, #2677, .F. ) ;
#1165 = CIRCLE ( 'NONE', #7916, 6.500000000000005329 ) ;
#1166 = AXIS2_PLACEMENT_3D ( 'NONE', #1959, #2019, #7678 ) ;
#1167 = DIRECTION ( 'NONE',  ( 0.000000000000000000, 1.000000000000000000, 0.000000000000000000 ) ) ;
#1168 = CARTESIAN_POINT ( 'NONE',  ( 81.00000000000001421, 31.00000000000000000, -86.50000000000001421 ) ) ;
#1169 = VECTOR ( 'NONE', #5769, 1000.000000000000000 ) ;
#1170 = CARTESIAN_POINT ( 'NONE',  ( -16.74999999999999645, 5.949455682166679971, 0.000000000000000000 ) ) ;
#1171 = CARTESIAN_POINT ( 'NONE',  ( -75.00000000000001421, 37.42339375865881834, -86.25000000000001421 ) ) ;
#1172 = CARTESIAN_POINT ( 'NONE',  ( -1.549999999999994049, 5.000000000000000000, -95.50000000000000000 ) ) ;
#1173 = EDGE_LOOP ( 'NONE', ( #2274, #2914, #9767, #4796 ) ) ;
#1174 = DIRECTION ( 'NONE',  ( 0.7071067811865451302, 8.659560562354903276E-17, -0.7071067811865500152 ) ) ;
#1175 = DIRECTION ( 'NONE',  ( 1.000000000000000000, 0.000000000000000000, 0.000000000000000000 ) ) ;
#1176 = ORIENTED_EDGE ( 'NONE', *, *, #10617, .T. ) ;
#1177 = CARTESIAN_POINT ( 'NONE',  ( 9.000000000000005329, 2.000000000000000000, 10.99999999999999467 ) ) ;
#1178 = LINE ( 'NONE', #1004, #5246 ) ;
#1179 = VECTOR ( 'NONE', #11740, 1000.000000000000000 ) ;
#1180 = EDGE_CURVE ( 'NONE', #7487, #183, #890, .T. ) ;
#1181 = ORIENTED_EDGE ( 'NONE', *, *, #5753, .T. ) ;
#1182 = ADVANCED_FACE ( 'NONE', ( #8978 ), #9397, .T. ) ;
#1183 = ORIENTED_EDGE ( 'NONE', *, *, #4186, .F. ) ;
#1184 = VECTOR ( 'NONE', #5381, 1000.000000000000114 ) ;
#1185 = FACE_OUTER_BOUND ( 'NONE', #8819, .T. ) ;
#1186 = LINE ( 'NONE', #950, #9299 ) ;
#1187 = AXIS2_PLACEMENT_3D ( 'NONE', #9516, #11318, #3052 ) ;
#1188 = AXIS2_PLACEMENT_3D ( 'NONE', #6161, #8992, #7965 ) ;
#1189 = DIRECTION ( 'NONE',  ( 0.000000000000000000, 0.000000000000000000, -1.000000000000000000 ) ) ;
#1190 = CARTESIAN_POINT ( 'NONE',  ( -1.463520126352013673, -15.59651043888651678, 4.999999999999999112 ) ) ;
#1192 = ORIENTED_EDGE ( 'NONE', *, *, #2333, .T. ) ;
#1191 = EDGE_CURVE ( 'NONE', #11184, #10205, #1094, .T. ) ;
#1193 = CARTESIAN_POINT ( 'NONE',  ( 6.065064102564100779, -14.53822518807815989, 4.000000000000000000 ) ) ;
#1194 = LINE ( 'NONE', #3865, #10658 ) ;
#1195 = ORIENTED_EDGE ( 'NONE', *, *, #2375, .F. ) ;
#1196 = ORIENTED_EDGE ( 'NONE', *, *, #2434, .F. ) ;
#1197 = AXIS2_PLACEMENT_3D ( 'NONE', #11543, #4136, #7808 ) ;
#1198 = ORIENTED_EDGE ( 'NONE', *, *, #1726, .F. ) ;
#1199 = EDGE_CURVE ( 'NONE', #1434, #6346, #2031, .T. ) ;
#1200 = CARTESIAN_POINT ( 'NONE',  ( -26.50000000000000000, 17.50000000000000000, 5.000000000000000000 ) ) ;
#1201 = CARTESIAN_POINT ( 'NONE',  ( 79.05805149739022397, 22.68357532822713551, -60.00000000000002842 ) ) ;
#1202 = CARTESIAN_POINT ( 'NONE',  ( 0.4500339802339450301, -17.54444440201391586, 5.000000000000001776 ) ) ;
#1203 = ORIENTED_EDGE ( 'NONE', *, *, #9845, .F. ) ;
#1204 = VECTOR ( 'NONE', #881, 1000.000000000000000 ) ;
#1205 = AXIS2_PLACEMENT_3D ( 'NONE', #2534, #10867, #6291 ) ;
#1206 = DIRECTION ( 'NONE',  ( -1.000000000000000000, 0.000000000000000000, 0.000000000000000000 ) ) ;
#1207 = CARTESIAN_POINT ( 'NONE',  ( -23.36898548953931609, -14.67500000000000782, 2.500000000000000000 ) ) ;
#1208 = AXIS2_PLACEMENT_3D ( 'NONE', #9543, #2345, #5919 ) ;
#1209 = ADVANCED_FACE ( 'NONE', ( #37 ), #2938, .T. ) ;
#1210 = DIRECTION ( 'NONE',  ( 1.445602896647339163E-16, 0.000000000000000000, 1.000000000000000000 ) ) ;
#1211 = CARTESIAN_POINT ( 'NONE',  ( -21.49999999999998934, -14.49566939831962564, 9.000000000000001776 ) ) ;
#1212 = VERTEX_POINT ( 'NONE', #1168 ) ;
#1213 = AXIS2_PLACEMENT_3D ( 'NONE', #11351, #3158, #10627 ) ;
#1214 = VERTEX_POINT ( 'NONE', #10230 ) ;
#1215 = CARTESIAN_POINT ( 'NONE',  ( 27.90343502558110700, 16.01309099620652532, 0.000000000000000000 ) ) ;
#1216 = AXIS2_PLACEMENT_3D ( 'NONE', #45, #9458, #9404 ) ;
#1217 = CARTESIAN_POINT ( 'NONE',  ( -0.5465727156076481963, -17.22193929993222739, 5.000000000000000888 ) ) ;
#1218 = FACE_OUTER_BOUND ( 'NONE', #4492, .T. ) ;
#1219 = CARTESIAN_POINT ( 'NONE',  ( 119.0000000000000284, 31.00000000000000000, -86.50000000000001421 ) ) ;
#1220 = DIRECTION ( 'NONE',  ( 0.000000000000000000, 0.000000000000000000, -1.000000000000000000 ) ) ;
#1221 = LINE ( 'NONE', #10396, #9090 ) ;
#1222 = DIRECTION ( 'NONE',  ( 0.000000000000000000, 0.000000000000000000, -1.000000000000000000 ) ) ;
#1223 = ORIENTED_EDGE ( 'NONE', *, *, #5122, .F. ) ;
#1224 = ORIENTED_EDGE ( 'NONE', *, *, #10702, .T. ) ;
#1225 = MANIFOLD_SOLID_BREP ( 'Cut-Extrude9', #6618 ) ;
#1226 = LINE ( 'NONE', #8603, #5203 ) ;
#1227 = EDGE_CURVE ( 'NONE', #4731, #8805, #148, .T. ) ;
#1228 = EDGE_LOOP ( 'NONE', ( #3164, #4618, #8325, #6095 ) ) ;
#1229 = CARTESIAN_POINT ( 'NONE',  ( -4.492836604515840548, -15.21532536106369093, 4.000000000000000888 ) ) ;
#1230 = ORIENTED_EDGE ( 'NONE', *, *, #11066, .F. ) ;
#1231 = AXIS2_PLACEMENT_3D ( 'NONE', #11870, #9096, #11808 ) ;
#1232 = CARTESIAN_POINT ( 'NONE',  ( 0.4636568509615375810, -16.65489185474482525, 5.000000000000000000 ) ) ;
#1233 = CARTESIAN_POINT ( 'NONE',  ( -43.00000000000000711, 5.000000000000000000, -7.500000000000069278 ) ) ;
#1234 = CARTESIAN_POINT ( 'NONE',  ( 0.000000000000000000, 0.000000000000000000, 9.000000000000001776 ) ) ;
#1235 = VECTOR ( 'NONE', #867, 1000.000000000000000 ) ;
#1236 = DIRECTION ( 'NONE',  ( -0.000000000000000000, -0.000000000000000000, 1.000000000000000000 ) ) ;
#1237 = CARTESIAN_POINT ( 'NONE',  ( -3.904711946923277388, -15.04694803077888210, 4.000000000000000888 ) ) ;
#1238 = EDGE_LOOP ( 'NONE', ( #764, #10928, #6377, #8169, #5908, #4416, #873, #9001 ) ) ;
#1239 = DIRECTION ( 'NONE',  ( 0.4512830391435773136, -0.8923808708064826511, 0.000000000000000000 ) ) ;
#1240 = CARTESIAN_POINT ( 'NONE',  ( 0.4840094150641016668, -15.45599862557816095, 5.000000000000000000 ) ) ;
#1241 = ORIENTED_EDGE ( 'NONE', *, *, #11100, .F. ) ;
#1242 = CARTESIAN_POINT ( 'NONE',  ( -4.458215643467397626, -15.25065689765209065, 4.999999999999998224 ) ) ;
#1243 = CARTESIAN_POINT ( 'NONE',  ( 0.000000000000000000, 0.000000000000000000, 9.000000000000001776 ) ) ;
#1244 = ORIENTED_EDGE ( 'NONE', *, *, #10856, .T. ) ;
#1245 = AXIS2_PLACEMENT_3D ( 'NONE', #5521, #9930, #3533 ) ;
#1246 = LINE ( 'NONE', #9392, #1285 ) ;
#1247 = CARTESIAN_POINT ( 'NONE',  ( -0.9056215674326211218, -17.74168337376050530, 5.000000000000000888 ) ) ;
#1248 = FACE_OUTER_BOUND ( 'NONE', #7112, .T. ) ;
#1249 = EDGE_CURVE ( 'NONE', #6893, #10743, #11193, .T. ) ;
#1250 = CARTESIAN_POINT ( 'NONE',  ( -75.00000000000001421, 45.00000000000000000, -73.50000000000000000 ) ) ;
#1251 = ORIENTED_EDGE ( 'NONE', *, *, #4753, .T. ) ;
#1252 = CIRCLE ( 'NONE', #6478, 1.000000000000000888 ) ;
#1253 = DIRECTION ( 'NONE',  ( -0.000000000000000000, -1.000000000000000000, -0.000000000000000000 ) ) ;
#1254 = ADVANCED_FACE ( 'NONE', ( #5592 ), #1110, .F. ) ;
#1255 = DIRECTION ( 'NONE',  ( 0.000000000000000000, 1.000000000000000000, 0.000000000000000000 ) ) ;
#1256 = ORIENTED_EDGE ( 'NONE', *, *, #5577, .T. ) ;
#1257 = EDGE_CURVE ( 'NONE', #8517, #10567, #265, .T. ) ;
#1258 = ORIENTED_EDGE ( 'NONE', *, *, #10571, .T. ) ;
#1259 = ORIENTED_EDGE ( 'NONE', *, *, #10213, .F. ) ;
#1260 = EDGE_CURVE ( 'NONE', #4591, #3990, #7576, .T. ) ;
#1261 = DIRECTION ( 'NONE',  ( 0.000000000000000000, 0.000000000000000000, 1.000000000000000000 ) ) ;
#1262 = CARTESIAN_POINT ( 'NONE',  ( 0.8695249611224391550, -17.11073436257361635, 3.999999999999999112 ) ) ;
#1263 = CARTESIAN_POINT ( 'NONE',  ( -2.070894298496636754, -16.66061478450120603, 4.000000000000000888 ) ) ;
#1264 = CARTESIAN_POINT ( 'NONE',  ( 0.9748812362655017161, -16.92499946339432171, 5.000000000000000000 ) ) ;
#1265 = ORIENTED_EDGE ( 'NONE', *, *, #6310, .T. ) ;
#1266 = DIRECTION ( 'NONE',  ( -0.000000000000000000, -0.000000000000000000, -1.000000000000000000 ) ) ;
#1267 = EDGE_CURVE ( 'NONE', #6425, #3064, #8811, .T. ) ;
#1268 = DIRECTION ( 'NONE',  ( -1.000000000000000000, 0.000000000000000000, 1.020425574104004985E-16 ) ) ;
#1269 = CARTESIAN_POINT ( 'NONE',  ( -75.00000000000001421, 5.000000000000000000, -103.0000000000000142 ) ) ;
#1270 = AXIS2_PLACEMENT_3D ( 'NONE', #6834, #874, #10517 ) ;
#1271 = VERTEX_POINT ( 'NONE', #10406 ) ;
#1272 = ORIENTED_EDGE ( 'NONE', *, *, #4605, .T. ) ;
#1273 = DIRECTION ( 'NONE',  ( -0.000000000000000000, -1.000000000000000000, -0.000000000000000000 ) ) ;
#1274 = EDGE_CURVE ( 'NONE', #11687, #7487, #2821, .T. ) ;
#1275 = LINE ( 'NONE', #8766, #7962 ) ;
#1276 = EDGE_CURVE ( 'NONE', #11034, #859, #1481, .T. ) ;
#1277 = CARTESIAN_POINT ( 'NONE',  ( -43.00000000000000711, -16.20000000000000284, 34.49999999999993605 ) ) ;
#1278 = CIRCLE ( 'NONE', #8998, 0.9999999999999991118 ) ;
#1279 = CARTESIAN_POINT ( 'NONE',  ( -1.407949418413325882, -15.50671075773863450, 4.000000000000000000 ) ) ;
#1280 = CARTESIAN_POINT ( 'NONE',  ( -81.00000000000001421, 31.21779788708139236, -97.99999999999998579 ) ) ;
#1281 = DIRECTION ( 'NONE',  ( -1.000000000000000000, 0.000000000000000000, 0.000000000000000000 ) ) ;
#1282 = CARTESIAN_POINT ( 'NONE',  ( 77.00000000000002842, 0.000000000000000000, -60.00000000000000711 ) ) ;
#1283 = ORIENTED_EDGE ( 'NONE', *, *, #4376, .T. ) ;
#1284 = EDGE_CURVE ( 'NONE', #7981, #5585, #6508, .T. ) ;
#1285 = VECTOR ( 'NONE', #1109, 1000.000000000000000 ) ;
#1286 = ORIENTED_EDGE ( 'NONE', *, *, #8345, .T. ) ;
#1287 = DIRECTION ( 'NONE',  ( 0.000000000000000000, 0.000000000000000000, -1.000000000000000000 ) ) ;
#1288 = VERTEX_POINT ( 'NONE', #4694 ) ;
#1289 = CARTESIAN_POINT ( 'NONE',  ( 29.50000000000000711, -15.24999999999999467, 0.000000000000000000 ) ) ;
#1290 = ORIENTED_EDGE ( 'NONE', *, *, #6577, .F. ) ;
#1291 = VECTOR ( 'NONE', #8860, 1000.000000000000000 ) ;
#1292 = EDGE_CURVE ( 'NONE', #1877, #3494, #8874, .T. ) ;
#1293 = DIRECTION ( 'NONE',  ( -1.000000000000000000, 0.000000000000000000, 0.000000000000000000 ) ) ;
#1294 = PRODUCT_DEFINITION_SHAPE ( 'NONE', 'NONE',  #9460 ) ;
#1295 = FACE_OUTER_BOUND ( 'NONE', #5944, .T. ) ;
#1296 = EDGE_CURVE ( 'NONE', #11645, #11161, #556, .T. ) ;
#1297 = CARTESIAN_POINT ( 'NONE',  ( -28.26202902092138913, -17.50000000000000711, 2.500000000000000000 ) ) ;
#1298 = CARTESIAN_POINT ( 'NONE',  ( -5.780128205128205465, -14.53822518807814923, 4.000000000000000000 ) ) ;
#1299 = CARTESIAN_POINT ( 'NONE',  ( -80.12265385903759807, 26.17260254424270016, -99.67420347432788219 ) ) ;
#1300 = VERTEX_POINT ( 'NONE', #10706 ) ;
#1301 = EDGE_CURVE ( 'NONE', #7664, #5616, #5949, .T. ) ;
#1302 = DIRECTION ( 'NONE',  ( 0.000000000000000000, 0.000000000000000000, 1.000000000000000000 ) ) ;
#1303 = CARTESIAN_POINT ( 'NONE',  ( 0.04211720701543106293, -15.13220637524109335, 5.000000000000000888 ) ) ;
#1304 = EDGE_LOOP ( 'NONE', ( #10684, #1081, #953, #10028 ) ) ;
#1305 = DIRECTION ( 'NONE',  ( 0.000000000000000000, 0.000000000000000000, 1.000000000000000000 ) ) ;
#1306 = DIRECTION ( 'NONE',  ( -0.000000000000000000, 0.000000000000000000, 1.000000000000000000 ) ) ;
#1307 = VERTEX_POINT ( 'NONE', #10649 ) ;
#1308 = ORIENTED_EDGE ( 'NONE', *, *, #4217, .T. ) ;
#1309 = CARTESIAN_POINT ( 'NONE',  ( -2.126810159812754009, -16.44571100181040535, 5.000000000000002665 ) ) ;
#1310 = CARTESIAN_POINT ( 'NONE',  ( -10.99999999999999289, 2.000000000000000000, -11.99999999999999822 ) ) ;
#1311 = DIRECTION ( 'NONE',  ( -1.000000000000000000, 0.000000000000000000, 0.000000000000000000 ) ) ;
#1312 = ORIENTED_EDGE ( 'NONE', *, *, #11235, .F. ) ;
#1313 = FACE_BOUND ( 'NONE', #3640, .T. ) ;
#1314 = CARTESIAN_POINT ( 'NONE',  ( -5.999999999999997335, -5.208545504429655360, 6.000000000000000888 ) ) ;
#1315 = VERTEX_POINT ( 'NONE', #2377 ) ;
#1316 = ORIENTED_EDGE ( 'NONE', *, *, #4393, .F. ) ;
#1317 = ORIENTED_EDGE ( 'NONE', *, *, #8374, .F. ) ;
#1318 = LINE ( 'NONE', #1200, #4689 ) ;
#1319 = CARTESIAN_POINT ( 'NONE',  ( -5.999999999999997335, -5.208545504429655360, 10.00000000000000000 ) ) ;
#1320 = CARTESIAN_POINT ( 'NONE',  ( -1.811100477711193202, -17.15536548952404061, 4.000000000000001776 ) ) ;
#1321 = CARTESIAN_POINT ( 'NONE',  ( -21.49999999999998934, -14.49566939831962564, 5.000000000000000000 ) ) ;
#1322 = ORIENTED_EDGE ( 'NONE', *, *, #2152, .F. ) ;
#1323 = PRODUCT_CONTEXT ( 'NONE', #5505, 'mechanical' ) ;
#1324 = LINE ( 'NONE', #4965, #5394 ) ;
#1325 = DIRECTION ( 'NONE',  ( -0.000000000000000000, -1.000000000000000000, -0.000000000000000000 ) ) ;
#1326 = CARTESIAN_POINT ( 'NONE',  ( 75.00000000000001421, 37.42339375865881834, -89.25000000000002842 ) ) ;
#1327 = ORIENTED_EDGE ( 'NONE', *, *, #7104, .T. ) ;
#1328 = ORIENTED_EDGE ( 'NONE', *, *, #10275, .F. ) ;
#1329 = CARTESIAN_POINT ( 'NONE',  ( -1.014354110961325661, -17.71213953707530564, 3.999999999999999112 ) ) ;
#1330 = ADVANCED_FACE ( 'NONE', ( #1349 ), #4144, .T. ) ;
#1331 = CIRCLE ( 'NONE', #11350, 5.000000000000004441 ) ;
#1332 = CARTESIAN_POINT ( 'NONE',  ( -1.077298729060606419, -17.04342901149511746, 4.000000000000000000 ) ) ;
#1333 = EDGE_CURVE ( 'NONE', #10606, #1014, #5160, .T. ) ;
#1334 = DIRECTION ( 'NONE',  ( -0.000000000000000000, 1.000000000000000000, -0.000000000000000000 ) ) ;
#1335 = CARTESIAN_POINT ( 'NONE',  ( -1.267982511171485971, -15.34082543296465140, 4.999999999999999112 ) ) ;
#1336 = CYLINDRICAL_SURFACE ( 'NONE', #9391, 1.000000000000000888 ) ;
#1337 = CARTESIAN_POINT ( 'NONE',  ( -3.297115384615386446, -17.71322518807815882, 4.000000000000000000 ) ) ;
#1338 = CARTESIAN_POINT ( 'NONE',  ( 24.99999999999999645, 17.50000000000000000, 2.500000000000000000 ) ) ;
#1339 = EDGE_LOOP ( 'NONE', ( #5667, #9050, #3781, #660 ) ) ;
#1340 = ORIENTED_EDGE ( 'NONE', *, *, #11524, .F. ) ;
#1341 = DIRECTION ( 'NONE',  ( 0.000000000000000000, 1.000000000000000000, 0.000000000000000000 ) ) ;
#1342 = ORIENTED_EDGE ( 'NONE', *, *, #6577, .T. ) ;
#1343 = EDGE_CURVE ( 'NONE', #8624, #2051, #4255, .T. ) ;
#1344 = CARTESIAN_POINT ( 'NONE',  ( -4.659070116532376460, -15.13359051703162805, 5.000000000000000000 ) ) ;
#1345 = ADVANCED_FACE ( 'NONE', ( #1295 ), #9799, .F. ) ;
#1346 = ORIENTED_EDGE ( 'NONE', *, *, #9085, .T. ) ;
#1347 = CARTESIAN_POINT ( 'NONE',  ( 3.378525641025639903, -17.71322518807815882, 4.000000000000000000 ) ) ;
#1348 = EDGE_CURVE ( 'NONE', #6530, #1614, #3881, .T. ) ;
#1349 = FACE_OUTER_BOUND ( 'NONE', #9419, .T. ) ;
#1350 = VECTOR ( 'NONE', #3598, 1000.000000000000000 ) ;
#1351 = LINE ( 'NONE', #11551, #2988 ) ;
#1352 = LINE ( 'NONE', #3175, #9339 ) ;
#1353 = FACE_BOUND ( 'NONE', #5504, .T. ) ;
#1354 = ORIENTED_EDGE ( 'NONE', *, *, #10731, .T. ) ;
#1355 = DIRECTION ( 'NONE',  ( 0.000000000000000000, 0.000000000000000000, 1.000000000000000000 ) ) ;
#1356 = CARTESIAN_POINT ( 'NONE',  ( 0.3096674280982326111, -16.91007872747487539, 4.000000000000001776 ) ) ;
#1357 = VERTEX_POINT ( 'NONE', #7689 ) ;
#1358 = VECTOR ( 'NONE', #6563, 1000.000000000000000 ) ;
#1359 = CARTESIAN_POINT ( 'NONE',  ( -4.492836604515840548, -15.21532536106369093, 5.000000000000000888 ) ) ;
#1360 = EDGE_CURVE ( 'NONE', #9174, #11751, #2264, .T. ) ;
#1361 = VECTOR ( 'NONE', #10472, 1000.000000000000000 ) ;
#1362 = CARTESIAN_POINT ( 'NONE',  ( 27.73941848319152115, 19.27099398849403400, 0.000000000000000000 ) ) ;
#1363 = VECTOR ( 'NONE', #9750, 1000.000000000000000 ) ;
#1364 = DIRECTION ( 'NONE',  ( -0.000000000000000000, 0.000000000000000000, 1.000000000000000000 ) ) ;
#1365 = CARTESIAN_POINT ( 'NONE',  ( -2.157371794871795867, -16.10982474737303249, 5.000000000000000000 ) ) ;
#1366 = CIRCLE ( 'NONE', #5042, 1.750000000000001554 ) ;
#1367 = CARTESIAN_POINT ( 'NONE',  ( -30.26207079035955516, 16.96115051869449175, 0.000000000000000000 ) ) ;
#1368 = CARTESIAN_POINT ( 'NONE',  ( 119.0000000000000284, 17.00000000000000000, -73.50000000000000000 ) ) ;
#1369 = ORIENTED_EDGE ( 'NONE', *, *, #8741, .F. ) ;
#1370 = AXIS2_PLACEMENT_3D ( 'NONE', #7060, #8271, #7116 ) ;
#1371 = CARTESIAN_POINT ( 'NONE',  ( -4.282934162643969422, -14.65432544641275214, 5.000000000000000000 ) ) ;
#1372 = LINE ( 'NONE', #7780, #11429 ) ;
#1373 = VECTOR ( 'NONE', #6171, 1000.000000000000000 ) ;
#1374 = ORIENTED_EDGE ( 'NONE', *, *, #6240, .F. ) ;
#1375 = VERTEX_POINT ( 'NONE', #11614 ) ;
#1376 = AXIS2_PLACEMENT_3D ( 'NONE', #795, #1709, #7270 ) ;
#1377 = AXIS2_PLACEMENT_3D ( 'NONE', #6467, #1874, #5551 ) ;
#1378 = PLANE ( 'NONE',  #9311 ) ;
#1379 = CARTESIAN_POINT ( 'NONE',  ( 1.139171525026625886, -16.25528439861938423, 4.000000000000000000 ) ) ;
#1380 = PLANE ( 'NONE',  #6637 ) ;
#1381 = ORIENTED_EDGE ( 'NONE', *, *, #3480, .T. ) ;
#1382 = SHAPE_DEFINITION_REPRESENTATION ( #7951, #10942 ) ;
#1383 = PLANE ( 'NONE',  #5008 ) ;
#1384 = PLANE ( 'NONE',  #5614 ) ;
#1385 = DIRECTION ( 'NONE',  ( 1.000000000000000000, 0.000000000000000000, 0.000000000000000000 ) ) ;
#1386 = ORIENTED_EDGE ( 'NONE', *, *, #7476, .T. ) ;
#1387 = VECTOR ( 'NONE', #11173, 1000.000000000000000 ) ;
#1388 = VECTOR ( 'NONE', #4352, 1000.000000000000000 ) ;
#1389 = ORIENTED_EDGE ( 'NONE', *, *, #6214, .F. ) ;
#1390 = CARTESIAN_POINT ( 'NONE',  ( -0.6784272671684983269, -17.78257353060750035, 4.999999999999992006 ) ) ;
#1391 = CARTESIAN_POINT ( 'NONE',  ( -1.586620180787939649, -16.14741154042555493, 4.999999999999999112 ) ) ;
#1392 = DIRECTION ( 'NONE',  ( -0.000000000000000000, -1.000000000000000000, -0.000000000000000000 ) ) ;
#1393 = VECTOR ( 'NONE', #11655, 1000.000000000000000 ) ;
#1394 = VECTOR ( 'NONE', #1557, 1000.000000000000000 ) ;
#1395 = CARTESIAN_POINT ( 'NONE',  ( -75.00000000000001421, 24.00000000000000000, -95.50000000000000000 ) ) ;
#1396 = CARTESIAN_POINT ( 'NONE',  ( 30.01888746451763268, 17.85109630944760184, 5.000000000000000000 ) ) ;
#1397 = VECTOR ( 'NONE', #8130, 1000.000000000000000 ) ;
#1398 = CARTESIAN_POINT ( 'NONE',  ( -24.83598345761040704, 20.75790299228751223, 2.500000000000000000 ) ) ;
#1399 = DIRECTION ( 'NONE',  ( 0.7071067811865455743, 0.7071067811865495711, 0.000000000000000000 ) ) ;
#1400 = ORIENTED_EDGE ( 'NONE', *, *, #5440, .F. ) ;
#1401 = EDGE_CURVE ( 'NONE', #2404, #645, #969, .T. ) ;
#1402 = ORIENTED_EDGE ( 'NONE', *, *, #525, .T. ) ;
#1403 = DIRECTION ( 'NONE',  ( -0.000000000000000000, -1.000000000000000000, -0.000000000000000000 ) ) ;
#1404 = ORIENTED_EDGE ( 'NONE', *, *, #8281, .F. ) ;
#1405 = PLANE ( 'NONE',  #6599 ) ;
#1406 = EDGE_LOOP ( 'NONE', ( #11269, #10566, #10699, #4042 ) ) ;
#1407 = CIRCLE ( 'NONE', #8358, 2.599999999999984102 ) ;
#1408 = ADVANCED_FACE ( 'NONE', ( #7031 ), #4933, .F. ) ;
#1409 = CARTESIAN_POINT ( 'NONE',  ( -25.16401654238957875, 14.24209700771249132, 0.000000000000000000 ) ) ;
#1410 = CARTESIAN_POINT ( 'NONE',  ( 24.99999999999999645, -17.50000000000000000, 2.500000000000000000 ) ) ;
#1411 = EDGE_CURVE ( 'NONE', #2536, #6930, #10806, .T. ) ;
#1412 = CARTESIAN_POINT ( 'NONE',  ( 5.746638708345982787E-15, 5.000000000000000000, -95.50000000000000000 ) ) ;
#1413 = DIRECTION ( 'NONE',  ( -1.000000000000000000, 0.000000000000000000, -0.000000000000000000 ) ) ;
#1414 = CARTESIAN_POINT ( 'NONE',  ( 3.378525641025639903, -16.32925082910379899, 4.000000000000000000 ) ) ;
#1415 = CARTESIAN_POINT ( 'NONE',  ( 26.22363875699441493, 20.83582196652956142, 0.000000000000000000 ) ) ;
#1416 = ORIENTED_EDGE ( 'NONE', *, *, #3275, .T. ) ;
#1417 = DIRECTION ( 'NONE',  ( -0.000000000000000000, -0.000000000000000000, 1.000000000000000000 ) ) ;
#1418 = DIRECTION ( 'NONE',  ( 0.000000000000000000, 0.000000000000000000, 1.000000000000000000 ) ) ;
#1419 = ORIENTED_EDGE ( 'NONE', *, *, #1655, .F. ) ;
#1420 = CARTESIAN_POINT ( 'NONE',  ( -20.00000000000001066, 5.000000000000000000, 93.49999999999991473 ) ) ;
#1421 = EDGE_CURVE ( 'NONE', #7002, #8805, #10041, .T. ) ;
#1422 = VECTOR ( 'NONE', #5744, 1000.000000000000000 ) ;
#1423 = VERTEX_POINT ( 'NONE', #6967 ) ;
#1424 = EDGE_CURVE ( 'NONE', #5825, #8840, #2316, .T. ) ;
#1425 = AXIS2_PLACEMENT_3D ( 'NONE', #3842, #11260, #9573 ) ;
#1426 = EDGE_CURVE ( 'NONE', #7151, #1106, #201, .T. ) ;
#1427 = DIRECTION ( 'NONE',  ( 0.000000000000000000, 0.000000000000000000, 1.000000000000000000 ) ) ;
#1428 = CARTESIAN_POINT ( 'NONE',  ( 119.0000000000000284, 10.57660624134121363, -72.24999999999998579 ) ) ;
#1429 = VECTOR ( 'NONE', #576, 1000.000000000000000 ) ;
#1430 = ORIENTED_EDGE ( 'NONE', *, *, #8594, .T. ) ;
#1431 = DIRECTION ( 'NONE',  ( -0.000000000000000000, -0.000000000000000000, -1.000000000000000000 ) ) ;
#1432 = CARTESIAN_POINT ( 'NONE',  ( -8.999999999999994671, 2.000000000000000000, 8.000000000000008882 ) ) ;
#1433 = CIRCLE ( 'NONE', #95, 1.549999999999995826 ) ;
#1434 = VERTEX_POINT ( 'NONE', #378 ) ;
#1435 = VERTEX_POINT ( 'NONE', #10533 ) ;
#1436 = ADVANCED_FACE ( 'NONE', ( #4078 ), #7754, .T. ) ;
#1437 = DIRECTION ( 'NONE',  ( 0.03284611711294562614, -0.9994604207224029313, 0.000000000000000000 ) ) ;
#1438 = DIRECTION ( 'NONE',  ( -1.000000000000000000, 0.000000000000000000, 0.000000000000000000 ) ) ;
#1439 = CARTESIAN_POINT ( 'NONE',  ( -26.63101451046069812, -14.67500000000001492, 0.000000000000000000 ) ) ;
#1440 = DIRECTION ( 'NONE',  ( -0.000000000000000000, -1.000000000000000000, -0.000000000000000000 ) ) ;
#1441 = EDGE_LOOP ( 'NONE', ( #5857, #10623, #7267, #1881 ) ) ;
#1442 = SHAPE_DEFINITION_REPRESENTATION ( #8525, #7244 ) ;
#1443 = LINE ( 'NONE', #7849, #11934 ) ;
#1444 = CARTESIAN_POINT ( 'NONE',  ( 5.495192307692304823, -17.71322518807815882, 4.000000000000000000 ) ) ;
#1445 = EDGE_CURVE ( 'NONE', #1106, #10914, #8781, .T. ) ;
#1446 = LINE ( 'NONE', #5084, #813 ) ;
#1447 = ORIENTED_EDGE ( 'NONE', *, *, #2531, .F. ) ;
#1448 = ORIENTED_EDGE ( 'NONE', *, *, #3924, .T. ) ;
#1449 = CIRCLE ( 'NONE', #8782, 3.000000000000002665 ) ;
#1450 = CARTESIAN_POINT ( 'NONE',  ( -1.874319610407004788, -17.06371774496270888, 4.999999999999991118 ) ) ;
#1451 = FACE_OUTER_BOUND ( 'NONE', #5559, .T. ) ;
#1452 = EDGE_CURVE ( 'NONE', #11489, #3834, #2328, .T. ) ;
#1453 = CARTESIAN_POINT ( 'NONE',  ( -25.16401654238957875, 14.24209700771249132, 2.500000000000000000 ) ) ;
#1454 = CARTESIAN_POINT ( 'NONE',  ( -1.587500000000001021, -16.10918872974482596, 4.999999999999999112 ) ) ;
#1455 = DIRECTION ( 'NONE',  ( -1.000000000000000000, 0.000000000000000000, -0.000000000000000000 ) ) ;
#1456 = LINE ( 'NONE', #5149, #6392 ) ;
#1457 = DIRECTION ( 'NONE',  ( -0.000000000000000000, -1.000000000000000000, -0.000000000000000000 ) ) ;
#1458 = ORIENTED_EDGE ( 'NONE', *, *, #376, .F. ) ;
#1459 = EDGE_LOOP ( 'NONE', ( #3958, #7568 ) ) ;
#1460 = DIRECTION ( 'NONE',  ( -1.445602896647339163E-16, -0.000000000000000000, -1.000000000000000000 ) ) ;
#1461 = ORIENTED_EDGE ( 'NONE', *, *, #3709, .T. ) ;
#1462 = CARTESIAN_POINT ( 'NONE',  ( -4.396153846153845635, -15.43246597333456016, 4.000000000000000000 ) ) ;
#1463 = VERTEX_POINT ( 'NONE', #8114 ) ;
#1464 = AXIS2_PLACEMENT_3D ( 'NONE', #1715, #6372, #9149 ) ;
#1465 = VECTOR ( 'NONE', #9035, 1000.000000000000000 ) ;
#1466 = CARTESIAN_POINT ( 'NONE',  ( 10.99999999999999467, 0.000000000000000000, 7.000000000000000000 ) ) ;
#1467 = ADVANCED_FACE ( 'NONE', ( #2560 ), #2745, .T. ) ;
#1468 = DIRECTION ( 'NONE',  ( 1.000000000000000000, 0.000000000000000000, -3.154042683594193641E-16 ) ) ;
#1469 = CARTESIAN_POINT ( 'NONE',  ( 119.0000000000000284, 24.00000000000000000, -94.00000000000000000 ) ) ;
#1470 = CIRCLE ( 'NONE', #3609, 1.500000000000001332 ) ;
#1471 = FACE_OUTER_BOUND ( 'NONE', #8326, .T. ) ;
#1472 = CARTESIAN_POINT ( 'NONE',  ( -1.586556749207124861, -16.07224460480562911, 4.000000000000000888 ) ) ;
#1473 = LINE ( 'NONE', #1529, #9472 ) ;
#1474 = ORIENTED_EDGE ( 'NONE', *, *, #6789, .F. ) ;
#1475 = LINE ( 'NONE', #9576, #3283 ) ;
#1476 = CARTESIAN_POINT ( 'NONE',  ( -11.00000000000000178, 0.000000000000000000, 6.000000000000002665 ) ) ;
#1477 = ORIENTED_EDGE ( 'NONE', *, *, #11307, .T. ) ;
#1478 = CARTESIAN_POINT ( 'NONE',  ( -4.396153846153846523, -15.43246597333456194, 5.000000000000000888 ) ) ;
#1479 = VERTEX_POINT ( 'NONE', #10950 ) ;
#1480 = EDGE_CURVE ( 'NONE', #9620, #10053, #3464, .T. ) ;
#1481 = CIRCLE ( 'NONE', #6186, 2.599999999999991207 ) ;
#1482 = CARTESIAN_POINT ( 'NONE',  ( 0.5296705452098008360, 13.50000000000000178, 5.000000000000000000 ) ) ;
#1483 = EDGE_CURVE ( 'NONE', #11493, #7138, #3651, .T. ) ;
#1484 = DIRECTION ( 'NONE',  ( -1.000000000000000000, 0.000000000000000000, 0.000000000000000000 ) ) ;
#1485 = PRODUCT ( 'paa5100je_left_centered', 'paa5100je_left_centered', '', ( #1323 ) ) ;
#1486 = CARTESIAN_POINT ( 'NONE',  ( 81.00000000000001421, 22.50000000000000355, -80.00000000000001421 ) ) ;
#1487 = ORIENTED_EDGE ( 'NONE', *, *, #2148, .T. ) ;
#1489 = EDGE_CURVE ( 'NONE', #9382, #670, #9842, .T. ) ;
#1488 = LINE ( 'NONE', #642, #2569 ) ;
#1490 = CARTESIAN_POINT ( 'NONE',  ( 119.0000000000000284, 10.57660624134118521, -86.25000000000001421 ) ) ;
#1491 = EDGE_CURVE ( 'NONE', #9174, #7023, #799, .T. ) ;
#1492 = EDGE_LOOP ( 'NONE', ( #11769, #4016, #990, #8267 ) ) ;
#1493 = ORIENTED_EDGE ( 'NONE', *, *, #10547, .T. ) ;
#1494 = ORIENTED_EDGE ( 'NONE', *, *, #404, .T. ) ;
#1495 = EDGE_CURVE ( 'NONE', #1759, #9940, #4642, .T. ) ;
#1496 = CARTESIAN_POINT ( 'NONE',  ( -4.705277850584707267, -15.74096866693937358, 3.999999999999998224 ) ) ;
#1497 = CYLINDRICAL_SURFACE ( 'NONE', #9290, 5.000000000000000888 ) ;
#1498 = CARTESIAN_POINT ( 'NONE',  ( 0.4522893850970156060, -16.67878537271309014, 5.000000000000000888 ) ) ;
#1499 = LINE ( 'NONE', #10742, #7216 ) ;
#1500 = ORIENTED_EDGE ( 'NONE', *, *, #11072, .T. ) ;
#1501 = CARTESIAN_POINT ( 'NONE',  ( 26.41304266039246329, 72.48877609668411992, 158.9103800626910186 ) ) ;
#1502 = DIRECTION ( 'NONE',  ( 1.000000000000000000, 9.714451465470111840E-15, 0.000000000000000000 ) ) ;
#1503 = DIRECTION ( 'NONE',  ( 0.2516338517649511775, 0.000000000000000000, 0.9678225067882718635 ) ) ;
#1504 = FACE_OUTER_BOUND ( 'NONE', #11294, .T. ) ;
#1505 = EDGE_LOOP ( 'NONE', ( #2796, #1005, #7599, #7056 ) ) ;
#1506 = EDGE_LOOP ( 'NONE', ( #5236, #10098, #1939, #4479 ) ) ;
#1507 = CYLINDRICAL_SURFACE ( 'NONE', #1666, 1.499999999999987566 ) ;
#1508 = EDGE_CURVE ( 'NONE', #7834, #2990, #11380, .T. ) ;
#1509 = CYLINDRICAL_SURFACE ( 'NONE', #2710, 1.500000000000001332 ) ;
#1510 = LINE ( 'NONE', #10809, #1184 ) ;
#1511 = CARTESIAN_POINT ( 'NONE',  ( -0.4547526041666675178, -14.45681493166790510, 4.000000000000000000 ) ) ;
#1512 = DIRECTION ( 'NONE',  ( 0.000000000000000000, 0.000000000000000000, -1.000000000000000000 ) ) ;
#1513 = DIRECTION ( 'NONE',  ( 1.000000000000000000, 0.000000000000000000, 0.000000000000000000 ) ) ;
#1514 = CARTESIAN_POINT ( 'NONE',  ( 4.215830209411790279E-15, 5.000000000000000000, -100.5000000000000000 ) ) ;
#1515 = VERTEX_POINT ( 'NONE', #5223 ) ;
#1516 = ORIENTED_EDGE ( 'NONE', *, *, #11379, .T. ) ;
#1517 = CARTESIAN_POINT ( 'NONE',  ( 0.4721864381732719385, -14.68175389858883761, 4.999999999999998224 ) ) ;
#1518 = ORIENTED_EDGE ( 'NONE', *, *, #3666, .T. ) ;
#1519 = FACE_OUTER_BOUND ( 'NONE', #8718, .T. ) ;
#1520 = ORIENTED_EDGE ( 'NONE', *, *, #2173, .F. ) ;
#1521 = AXIS2_PLACEMENT_3D ( 'NONE', #1029, #4907, #2969 ) ;
#1522 = DIRECTION ( 'NONE',  ( -1.000000000000000000, 0.000000000000000000, 0.000000000000000000 ) ) ;
#1523 = AXIS2_PLACEMENT_3D ( 'NONE', #10705, #11791, #2619 ) ;
#1524 = DIRECTION ( 'NONE',  ( 0.000000000000000000, 0.000000000000000000, -1.000000000000000000 ) ) ;
#1525 = DIRECTION ( 'NONE',  ( -1.000000000000000000, 0.000000000000000000, 0.000000000000000000 ) ) ;
#1526 = DIRECTION ( 'NONE',  ( 1.000000000000000000, 0.000000000000000000, -1.387778780781444413E-14 ) ) ;
#1527 = VECTOR ( 'NONE', #3237, 1000.000000000000000 ) ;
#1528 = DIRECTION ( 'NONE',  ( 0.000000000000000000, 0.000000000000000000, -1.000000000000000000 ) ) ;
#1529 = CARTESIAN_POINT ( 'NONE',  ( 26.50000000000000000, 17.50000000000000000, 5.000000000000000000 ) ) ;
#1530 = EDGE_LOOP ( 'NONE', ( #9142, #2102, #4248, #9661, #9000, #9250 ) ) ;
#1531 = CARTESIAN_POINT ( 'NONE',  ( -0.6474327424021644184, -14.46515654082228153, 5.000000000000000000 ) ) ;
#1532 = CARTESIAN_POINT ( 'NONE',  ( -20.00000000000001776, 5.000000000000000000, 76.99999999999992895 ) ) ;
#1533 = ORIENTED_EDGE ( 'NONE', *, *, #973, .F. ) ;
#1534 = DIRECTION ( 'NONE',  ( 1.000000000000000000, 0.000000000000000000, 0.000000000000000000 ) ) ;
#1535 = ORIENTED_EDGE ( 'NONE', *, *, #1411, .F. ) ;
#1536 = CARTESIAN_POINT ( 'NONE',  ( 22.26058151680846819, 15.72900601150596600, 2.500000000000000000 ) ) ;
#1537 = AXIS2_PLACEMENT_3D ( 'NONE', #11720, #10093, #8102 ) ;
#1538 = CARTESIAN_POINT ( 'NONE',  ( 0.8910475011150382763, -15.01822014923526183, 5.000000000000000000 ) ) ;
#1539 = CIRCLE ( 'NONE', #6748, 1.500000000000001332 ) ;
#1540 = FACE_OUTER_BOUND ( 'NONE', #7973, .T. ) ;
#1541 = ADVANCED_FACE ( 'NONE', ( #9019 ), #9145, .F. ) ;
#1542 = VECTOR ( 'NONE', #1174, 1000.000000000000114 ) ;
#1543 = FACE_OUTER_BOUND ( 'NONE', #3511, .T. ) ;
#1544 = PLANE ( 'NONE',  #782 ) ;
#1545 = VECTOR ( 'NONE', #7085, 1000.000000000000000 ) ;
#1546 = DIRECTION ( 'NONE',  ( -1.000000000000000000, 0.000000000000000000, -0.000000000000000000 ) ) ;
#1547 = EDGE_LOOP ( 'NONE', ( #5387, #7744, #7854, #6718 ) ) ;
#1549 = ADVANCED_FACE ( 'NONE', ( #863 ), #7855, .T. ) ;
#1548 = DIRECTION ( 'NONE',  ( 1.652117596168387756E-16, 0.000000000000000000, -1.000000000000000000 ) ) ;
#1550 = DIRECTION ( 'NONE',  ( 1.000000000000000000, 0.000000000000000000, 0.000000000000000000 ) ) ;
#1551 = EDGE_CURVE ( 'NONE', #1905, #8046, #2621, .T. ) ;
#1552 = ORIENTED_EDGE ( 'NONE', *, *, #8377, .F. ) ;
#1553 = VECTOR ( 'NONE', #2532, 1000.000000000000000 ) ;
#1554 = ORIENTED_EDGE ( 'NONE', *, *, #2693, .T. ) ;
#1555 = AXIS2_PLACEMENT_3D ( 'NONE', #3392, #7017, #2254 ) ;
#1556 = EDGE_LOOP ( 'NONE', ( #831, #10871, #11342, #4992 ) ) ;
#1557 = DIRECTION ( 'NONE',  ( 1.652117596168387756E-16, 0.000000000000000000, 1.000000000000000000 ) ) ;
#1558 = DIRECTION ( 'NONE',  ( -0.5000000000000004441, 0.8660254037844383745, 0.000000000000000000 ) ) ;
#1559 = ADVANCED_FACE ( 'NONE', ( #5396 ), #8055, .F. ) ;
#1560 = VECTOR ( 'NONE', #639, 1000.000000000000000 ) ;
#1561 = CARTESIAN_POINT ( 'NONE',  ( 4.355448717948715576, -15.10809698294995584, 5.000000000000000000 ) ) ;
#1562 = DIRECTION ( 'NONE',  ( -0.7071067811865455743, -0.7071067811865495711, -0.000000000000000000 ) ) ;
#1563 = VERTEX_POINT ( 'NONE', #4791 ) ;
#1564 = LINE ( 'NONE', #3629, #5586 ) ;
#1565 = CARTESIAN_POINT ( 'NONE',  ( -21.49999999999998224, 1.242321824286740395E-14, 9.000000000000001776 ) ) ;
#1566 = VECTOR ( 'NONE', #11716, 1000.000000000000000 ) ;
#1567 = AXIS2_PLACEMENT_3D ( 'NONE', #4176, #352, #417 ) ;
#1568 = DIRECTION ( 'NONE',  ( 0.000000000000000000, 1.000000000000000000, 0.000000000000000000 ) ) ;
#1569 = VERTEX_POINT ( 'NONE', #976 ) ;
#1570 = ADVANCED_FACE ( 'NONE', ( #8469 ), #11613, .T. ) ;
#1571 = ORIENTED_EDGE ( 'NONE', *, *, #4322, .T. ) ;
#1572 = VECTOR ( 'NONE', #11381, 1000.000000000000000 ) ;
#1573 = AXIS2_PLACEMENT_3D ( 'NONE', #7721, #587, #7843 ) ;
#1574 = DIRECTION ( 'NONE',  ( -0.000000000000000000, 1.000000000000000000, -0.000000000000000000 ) ) ;
#1575 = DIRECTION ( 'NONE',  ( -0.000000000000000000, -0.000000000000000000, -1.000000000000000000 ) ) ;
#1576 = EDGE_CURVE ( 'NONE', #10260, #3778, #11178, .T. ) ;
#1577 = CARTESIAN_POINT ( 'NONE',  ( -4.416506410256410220, -16.26437703102686783, 5.000000000000000000 ) ) ;
#1578 = DIRECTION ( 'NONE',  ( 1.000000000000000000, 0.000000000000000000, 0.000000000000000000 ) ) ;
#1579 = VECTOR ( 'NONE', #9857, 1000.000000000000000 ) ;
#1580 = CARTESIAN_POINT ( 'NONE',  ( 81.00000000000001421, 5.000000000000000000, -97.99999999999998579 ) ) ;
#1582 = AXIS2_PLACEMENT_3D ( 'NONE', #10921, #6576, #54 ) ;
#1581 = PLANE ( 'NONE',  #361 ) ;
#1583 = ORIENTED_EDGE ( 'NONE', *, *, #8086, .F. ) ;
#1584 = ORIENTED_EDGE ( 'NONE', *, *, #11778, .T. ) ;
#1585 = DIRECTION ( 'NONE',  ( 0.000000000000000000, 0.000000000000000000, -1.000000000000000000 ) ) ;
#1586 = ORIENTED_EDGE ( 'NONE', *, *, #94, .F. ) ;
#1587 = CARTESIAN_POINT ( 'NONE',  ( -1.586620180787939649, -16.14741154042555493, 3.999999999999999112 ) ) ;
#1588 = FACE_OUTER_BOUND ( 'NONE', #7280, .T. ) ;
#1589 = VERTEX_POINT ( 'NONE', #1956 ) ;
#1590 = AXIS2_PLACEMENT_3D ( 'NONE', #8631, #5966, #6093 ) ;
#1591 = LINE ( 'NONE', #11729, #1136 ) ;
#1592 = CARTESIAN_POINT ( 'NONE',  ( -1.839977854107104127, -15.12876597410665802, 5.000000000000001776 ) ) ;
#1593 = CARTESIAN_POINT ( 'NONE',  ( 81.00000000000001421, 0.000000000000000000, -97.99999999999998579 ) ) ;
#1594 = CARTESIAN_POINT ( 'NONE',  ( -81.00000000000001421, 5.000000000000000000, -97.99999999999998579 ) ) ;
#1595 = EDGE_CURVE ( 'NONE', #4730, #2985, #7561, .T. ) ;
#1596 = DIRECTION ( 'NONE',  ( 0.000000000000000000, 1.000000000000000000, 0.000000000000000000 ) ) ;
#1597 = FACE_BOUND ( 'NONE', #1601, .T. ) ;
#1598 = ORIENTED_EDGE ( 'NONE', *, *, #6145, .F. ) ;
#1599 = LINE ( 'NONE', #10897, #5989 ) ;
#1600 = DIRECTION ( 'NONE',  ( 0.5000000000000004441, -0.8660254037844383745, 0.000000000000000000 ) ) ;
#1601 = EDGE_LOOP ( 'NONE', ( #2867, #3586 ) ) ;
#1602 = AXIS2_PLACEMENT_3D ( 'NONE', #3071, #1253, #1075 ) ;
#1603 = AXIS2_PLACEMENT_3D ( 'NONE', #10317, #169, #7484 ) ;
#1604 = DIRECTION ( 'NONE',  ( 0.9678225067882720856, -0.000000000000000000, 0.2516338517649505668 ) ) ;
#1605 = EDGE_CURVE ( 'NONE', #5778, #6723, #10158, .T. ) ;
#1606 = EDGE_LOOP ( 'NONE', ( #10221, #966 ) ) ;
#1607 = FACE_OUTER_BOUND ( 'NONE', #6943, .T. ) ;
#1608 = CARTESIAN_POINT ( 'NONE',  ( -64.99999999999995737, 0.000000000000000000, -54.44999999999998153 ) ) ;
#1609 = DIRECTION ( 'NONE',  ( 0.000000000000000000, -0.000000000000000000, -1.000000000000000000 ) ) ;
#1610 = AXIS2_PLACEMENT_3D ( 'NONE', #2388, #6081, #10483 ) ;
#1611 = CARTESIAN_POINT ( 'NONE',  ( -1.549999999999994049, -5.000000000000000000, -95.50000000000000000 ) ) ;
#1612 = CARTESIAN_POINT ( 'NONE',  ( -28.51207079035955516, 16.96115051869449175, 5.000000000000000000 ) ) ;
#1613 = CARTESIAN_POINT ( 'NONE',  ( 43.00000000000000711, 5.000000000000000000, 34.49999999999993605 ) ) ;
#1614 = VERTEX_POINT ( 'NONE', #4854 ) ;
#1615 = CARTESIAN_POINT ( 'NONE',  ( 79.23329683243157717, 23.23870726749187199, -99.98720549552022874 ) ) ;
#1616 = FACE_OUTER_BOUND ( 'NONE', #8661, .T. ) ;
#1617 = VERTEX_POINT ( 'NONE', #4613 ) ;
#1618 = ORIENTED_EDGE ( 'NONE', *, *, #1786, .T. ) ;
#1619 = ORIENTED_EDGE ( 'NONE', *, *, #9017, .T. ) ;
#1620 = EDGE_CURVE ( 'NONE', #11470, #1617, #5420, .T. ) ;
#1621 = CIRCLE ( 'NONE', #11646, 3.366822574594681150 ) ;
#1622 = CARTESIAN_POINT ( 'NONE',  ( -4.909185704635593339, -15.75848815063609187, 4.000000000000000000 ) ) ;
#1623 = DIRECTION ( 'NONE',  ( -1.000000000000000000, 0.000000000000000000, 0.000000000000000000 ) ) ;
#1624 = DIRECTION ( 'NONE',  ( 0.000000000000000000, -1.000000000000000000, 0.000000000000000000 ) ) ;
#1625 = EDGE_CURVE ( 'NONE', #4981, #7981, #1757, .T. ) ;
#1626 = CARTESIAN_POINT ( 'NONE',  ( 27.75000000000000355, -19.74999999999999289, 0.000000000000000000 ) ) ;
#1627 = ORIENTED_EDGE ( 'NONE', *, *, #9383, .F. ) ;
#1628 = CARTESIAN_POINT ( 'NONE',  ( -19.19238815542510679, -12.03553390593273242, 5.000000000000000000 ) ) ;
#1629 = DIRECTION ( 'NONE',  ( -0.000000000000000000, -0.000000000000000000, -1.000000000000000000 ) ) ;
#1630 = EDGE_CURVE ( 'NONE', #10662, #10685, #989, .T. ) ;
#1631 = DIRECTION ( 'NONE',  ( 0.000000000000000000, 0.000000000000000000, -1.000000000000000000 ) ) ;
#1632 = ORIENTED_EDGE ( 'NONE', *, *, #3637, .T. ) ;
#1633 = ORIENTED_EDGE ( 'NONE', *, *, #11436, .T. ) ;
#1634 = EDGE_CURVE ( 'NONE', #6592, #8080, #8767, .T. ) ;
#1635 = VERTEX_POINT ( 'NONE', #7859 ) ;
#1636 = CIRCLE ( 'NONE', #3185, 1.500000000000001332 ) ;
#1637 = DIRECTION ( 'NONE',  ( -0.000000000000000000, 1.000000000000000000, -0.000000000000000000 ) ) ;
#1638 = ADVANCED_FACE ( 'NONE', ( #1218 ), #4062, .T. ) ;
#1639 = CARTESIAN_POINT ( 'NONE',  ( 3.750000000000000000, 2.000000000000000000, -6.499999999999998224 ) ) ;
#1640 = CARTESIAN_POINT ( 'NONE',  ( -9.999999999999992895, 0.000000000000000000, 8.000000000000001776 ) ) ;
#1641 = CARTESIAN_POINT ( 'NONE',  ( -3.860145966736817424, -15.16856007411823448, 4.000000000000000000 ) ) ;
#1642 = DIRECTION ( 'NONE',  ( -0.000000000000000000, -1.000000000000000000, -0.000000000000000000 ) ) ;
#1643 = ORIENTED_EDGE ( 'NONE', *, *, #1672, .T. ) ;
#1644 = ORIENTED_EDGE ( 'NONE', *, *, #8503, .F. ) ;
#1645 = CARTESIAN_POINT ( 'NONE',  ( 79.00000000000000000, 5.000000000000000000, -60.00000000000000711 ) ) ;
#1646 = EDGE_LOOP ( 'NONE', ( #11324, #2268, #9592, #230 ) ) ;
#1647 = AXIS2_PLACEMENT_3D ( 'NONE', #5271, #6241, #9913 ) ;
#1648 = DIRECTION ( 'NONE',  ( -1.000000000000000000, -0.000000000000000000, -0.000000000000000000 ) ) ;
#1649 = EDGE_CURVE ( 'NONE', #7659, #1357, #2196, .T. ) ;
#1650 = LINE ( 'NONE', #3123, #6022 ) ;
#1651 = ORIENTED_EDGE ( 'NONE', *, *, #1426, .T. ) ;
#1652 = ADVANCED_FACE ( 'NONE', ( #5027 ), #3215, .F. ) ;
#1653 = CARTESIAN_POINT ( 'NONE',  ( -81.00000000000001421, 30.51492527533766363, -61.65958325724744782 ) ) ;
#1654 = DIRECTION ( 'NONE',  ( 1.000000000000000000, 0.000000000000000000, 0.000000000000000000 ) ) ;
#1655 = EDGE_CURVE ( 'NONE', #701, #7659, #4918, .T. ) ;
#1656 = DIRECTION ( 'NONE',  ( -0.000000000000000000, 1.000000000000000000, -0.000000000000000000 ) ) ;
#1657 = LINE ( 'NONE', #1594, #11688 ) ;
#1658 = CARTESIAN_POINT ( 'NONE',  ( -0.4206072120007994797, -14.45734151234635689, 3.999999999999999112 ) ) ;
#1659 = CARTESIAN_POINT ( 'NONE',  ( 0.5000000000000004441, 5.000000000000000000, -5.770000000000000462 ) ) ;
#1660 = VERTEX_POINT ( 'NONE', #11415 ) ;
#1661 = CARTESIAN_POINT ( 'NONE',  ( -1.613132359156618234, -14.88155069895832305, 5.000000000000000888 ) ) ;
#1662 = CARTESIAN_POINT ( 'NONE',  ( -77.00000000000001421, 22.50000000000000355, -60.00000000000000711 ) ) ;
#1663 = EDGE_LOOP ( 'NONE', ( #2028, #4750, #160, #7469 ) ) ;
#1664 = CARTESIAN_POINT ( 'NONE',  ( -1.996269987160796067, -15.38395414467272815, 4.999999999999999112 ) ) ;
#1665 = ORIENTED_EDGE ( 'NONE', *, *, #2519, .F. ) ;
#1666 = AXIS2_PLACEMENT_3D ( 'NONE', #11593, #7911, #6947 ) ;
#1667 = EDGE_CURVE ( 'NONE', #439, #11756, #8515, .T. ) ;
#1668 = LINE ( 'NONE', #4448, #3228 ) ;
#1669 = FACE_OUTER_BOUND ( 'NONE', #5740, .T. ) ;
#1670 = EDGE_CURVE ( 'NONE', #11921, #3945, #3900, .T. ) ;
#1671 = CARTESIAN_POINT ( 'NONE',  ( 77.00000000000001421, 0.000000000000000000, -58.00000000000000000 ) ) ;
#1672 = EDGE_CURVE ( 'NONE', #9407, #7967, #9558, .T. ) ;
#1673 = CIRCLE ( 'NONE', #2833, 19.99999999999998934 ) ;
#1674 = LINE ( 'NONE', #2577, #88 ) ;
#1675 = CARTESIAN_POINT ( 'NONE',  ( 119.0000000000000284, 17.00000000000000000, -86.50000000000001421 ) ) ;
#1676 = LINE ( 'NONE', #4518, #1836 ) ;
#1677 = ORIENTED_EDGE ( 'NONE', *, *, #6116, .F. ) ;
#1678 = DIRECTION ( 'NONE',  ( 1.000000000000000000, 4.336808689942020201E-16, -0.000000000000000000 ) ) ;
#1679 = DIRECTION ( 'NONE',  ( 0.000000000000000000, 0.000000000000000000, -1.000000000000000000 ) ) ;
#1680 = ORIENTED_EDGE ( 'NONE', *, *, #7316, .F. ) ;
#1681 = ORIENTED_EDGE ( 'NONE', *, *, #11187, .T. ) ;
#1682 = AXIS2_PLACEMENT_3D ( 'NONE', #5410, #815, #7044 ) ;
#1683 = VERTEX_POINT ( 'NONE', #4239 ) ;
#1684 = CARTESIAN_POINT ( 'NONE',  ( -4.397151972544833143, -15.47398797440764895, 4.000000000000000888 ) ) ;
#1685 = CARTESIAN_POINT ( 'NONE',  ( -0.2163348755722027672, -17.78286172488484240, 4.000000000000000000 ) ) ;
#1686 = DIRECTION ( 'NONE',  ( -0.5085404518589196066, -0.8610380995189038655, 0.000000000000000000 ) ) ;
#1687 = CARTESIAN_POINT ( 'NONE',  ( 0.2292313111351064192, -14.57091519142974967, 5.000000000000000888 ) ) ;
#1688 = VERTEX_POINT ( 'NONE', #2362 ) ;
#1689 = DIRECTION ( 'NONE',  ( 0.000000000000000000, 0.7071067811865426878, 0.7071067811865524577 ) ) ;
#1690 = CARTESIAN_POINT ( 'NONE',  ( 22.49999999999999289, -21.49999999999999289, 5.000000000000000000 ) ) ;
#1691 = CARTESIAN_POINT ( 'NONE',  ( 64.99999999999998579, 5.000000000000000000, -56.00000000000000711 ) ) ;
#1692 = VERTEX_POINT ( 'NONE', #6839 ) ;
#1693 = B_SPLINE_CURVE_WITH_KNOTS ( 'NONE', 3,
 ( #8253, #1789, #2692, #6381, #11686, #9993, #1664, #4331, #10052, #7096, #8006 ),
 .UNSPECIFIED., .F., .F.,
 ( 4, 1, 1, 1, 1, 1, 1, 1, 4 ),
 ( 0.000000000000000000, 0.1292556063253775256, 0.2552415007642953593, 0.3789022272349721332, 0.5014238390024330361, 0.6232587093681617452, 0.7464370825446896562, 0.8713701220624815447, 1.000000000000000000 ),
 .UNSPECIFIED. ) ;
#1694 = VERTEX_POINT ( 'NONE', #9497 ) ;
#1695 = VERTEX_POINT ( 'NONE', #10519 ) ;
#1696 = CYLINDRICAL_SURFACE ( 'NONE', #8134, 1.500000000000001332 ) ;
#1697 = EDGE_CURVE ( 'NONE', #5374, #11894, #7915, .T. ) ;
#1698 = FACE_OUTER_BOUND ( 'NONE', #9403, .T. ) ;
#1699 = CARTESIAN_POINT ( 'NONE',  ( 1.086619042635373233, -16.63111049234407446, 4.000000000000000888 ) ) ;
#1700 = ORIENTED_EDGE ( 'NONE', *, *, #4668, .F. ) ;
#1701 = CARTESIAN_POINT ( 'NONE',  ( -4.866102240875034290, -14.54340779600977385, 3.999999999999999112 ) ) ;
#1702 = CARTESIAN_POINT ( 'NONE',  ( 5.495192307692304823, -15.10809698294995584, 4.000000000000000000 ) ) ;
#1703 = ORIENTED_EDGE ( 'NONE', *, *, #4223, .F. ) ;
#1704 = EDGE_LOOP ( 'NONE', ( #3836, #2661 ) ) ;
#1705 = EDGE_CURVE ( 'NONE', #9742, #9820, #7801, .T. ) ;
#1706 = LINE ( 'NONE', #9977, #8912 ) ;
#1707 = ORIENTED_EDGE ( 'NONE', *, *, #5327, .F. ) ;
#1708 = EDGE_CURVE ( 'NONE', #538, #8843, #11483, .T. ) ;
#1709 = DIRECTION ( 'NONE',  ( 0.000000000000000000, 0.000000000000000000, 1.000000000000000000 ) ) ;
#1710 = ORIENTED_EDGE ( 'NONE', *, *, #5122, .T. ) ;
#1711 = ADVANCED_FACE ( 'NONE', ( #5988 ), #4974, .F. ) ;
#1712 = CARTESIAN_POINT ( 'NONE',  ( -80.12265023349661419, 26.17258946771157824, -60.32579401565730137 ) ) ;
#1713 = CARTESIAN_POINT ( 'NONE',  ( -1.740780248397436836, -15.01205832109098104, 4.000000000000000000 ) ) ;
#1714 = CARTESIAN_POINT ( 'NONE',  ( -64.99999999999995737, 0.000000000000000000, -55.99999999999997868 ) ) ;
#1715 = CARTESIAN_POINT ( 'NONE',  ( -75.00000000000001421, 24.00000000000000000, -95.50000000000000000 ) ) ;
#1716 = EDGE_CURVE ( 'NONE', #4312, #2536, #8650, .T. ) ;
#1717 = CARTESIAN_POINT ( 'NONE',  ( 75.00000000000001421, 10.57660624134118521, -86.25000000000001421 ) ) ;
#1718 = DIRECTION ( 'NONE',  ( -1.000000000000000000, -0.000000000000000000, -0.000000000000000000 ) ) ;
#1719 = EDGE_CURVE ( 'NONE', #7967, #2852, #5814, .T. ) ;
#1720 = VERTEX_POINT ( 'NONE', #5146 ) ;
#1721 = CARTESIAN_POINT ( 'NONE',  ( -1.924998605220628267, -15.25382484343543155, 4.000000000000000888 ) ) ;
#1722 = DIRECTION ( 'NONE',  ( -0.5085404518589193845, 0.8610380995189039766, 0.000000000000000000 ) ) ;
#1723 = ORIENTED_EDGE ( 'NONE', *, *, #8715, .F. ) ;
#1724 = CARTESIAN_POINT ( 'NONE',  ( 19.00000000000000355, 0.000000000000000000, 46.99999999999990052 ) ) ;
#1725 = ORIENTED_EDGE ( 'NONE', *, *, #7755, .T. ) ;
#1726 = EDGE_CURVE ( 'NONE', #8772, #1840, #542, .T. ) ;
#1727 = AXIS2_PLACEMENT_3D ( 'NONE', #323, #11495, #1293 ) ;
#1728 = LINE ( 'NONE', #3358, #11125 ) ;
#1729 = CARTESIAN_POINT ( 'NONE',  ( 0.5475547743088348129, -14.72745814986939372, 5.000000000000001776 ) ) ;
#1730 = DIRECTION ( 'NONE',  ( -0.000000000000000000, 1.000000000000000000, -0.000000000000000000 ) ) ;
#1731 = AXIS2_PLACEMENT_3D ( 'NONE', #2879, #11710, #9121 ) ;
#1732 = DIRECTION ( 'NONE',  ( -0.000000000000000000, -1.000000000000000000, -0.000000000000000000 ) ) ;
#1733 = CARTESIAN_POINT ( 'NONE',  ( 7.000000000000003553, -6.208545504429656248, 6.000000000000000888 ) ) ;
#1734 = EDGE_CURVE ( 'NONE', #1979, #6583, #407, .T. ) ;
#1735 = CARTESIAN_POINT ( 'NONE',  ( -12.00000000000000000, 0.000000000000000000, 5.999999999999995559 ) ) ;
#1736 = ORIENTED_EDGE ( 'NONE', *, *, #11913, .F. ) ;
#1737 = DIRECTION ( 'NONE',  ( -0.000000000000000000, -0.000000000000000000, -1.000000000000000000 ) ) ;
#1738 = CARTESIAN_POINT ( 'NONE',  ( -1.542582277911255240, -16.43954842584754061, 5.000000000000002665 ) ) ;
#1739 = B_SPLINE_CURVE_WITH_KNOTS ( 'NONE', 3,
 ( #10894, #1658, #11011, #11917, #3468, #2750, #5346, #10045, #6435, #6496, #7218 ),
 .UNSPECIFIED., .F., .F.,
 ( 4, 1, 1, 1, 1, 1, 1, 1, 4 ),
 ( 0.000000000000000000, 0.1289756962903343684, 0.2566142768832944676, 0.3823748611154015875, 0.5074502079341300931, 0.6312318059159223171, 0.7542207153102945538, 0.8773008482791445628, 1.000000000000000000 ),
 .UNSPECIFIED. ) ;
#1740 = CIRCLE ( 'NONE', #373, 1.500000000000001332 ) ;
#1741 = ORIENTED_EDGE ( 'NONE', *, *, #11674, .T. ) ;
#1742 = ORIENTED_EDGE ( 'NONE', *, *, #6459, .F. ) ;
#1743 = FACE_OUTER_BOUND ( 'NONE', #6995, .T. ) ;
#1744 = ORIENTED_EDGE ( 'NONE', *, *, #6059, .F. ) ;
#1745 = CARTESIAN_POINT ( 'NONE',  ( -8.799999999999998934, 2.791454495570343752, 10.00000000000000000 ) ) ;
#1746 = CARTESIAN_POINT ( 'NONE',  ( -55.49999999999996447, 5.000000000000000000, 84.99999999999991473 ) ) ;
#1747 = VECTOR ( 'NONE', #4923, 1000.000000000000000 ) ;
#1748 = CARTESIAN_POINT ( 'NONE',  ( -0.8314319303410037110, -14.49112657528359982, 3.999999999999999112 ) ) ;
#1749 = CARTESIAN_POINT ( 'NONE',  ( 1.550000000000004263, 5.000000000000000000, -100.5000000000000000 ) ) ;
#1750 = ORIENTED_EDGE ( 'NONE', *, *, #10431, .T. ) ;
#1751 = EDGE_CURVE ( 'NONE', #8048, #11942, #11595, .T. ) ;
#1752 = CARTESIAN_POINT ( 'NONE',  ( -2.249999999999999556, 2.000000000000000000, -0.4999999999999987232 ) ) ;
#1753 = CYLINDRICAL_SURFACE ( 'NONE', #3329, 1.899999999999999689 ) ;
#1754 = CARTESIAN_POINT ( 'NONE',  ( -4.909185704635593339, -15.75848815063609187, 5.000000000000000000 ) ) ;
#1755 = ORIENTED_EDGE ( 'NONE', *, *, #8854, .T. ) ;
#1756 = AXIS2_PLACEMENT_3D ( 'NONE', #3151, #3823, #1090 ) ;
#1757 = CIRCLE ( 'NONE', #8499, 1.000000000000000000 ) ;
#1758 = ORIENTED_EDGE ( 'NONE', *, *, #7163, .F. ) ;
#1759 = VERTEX_POINT ( 'NONE', #783 ) ;
#1760 = AXIS2_PLACEMENT_3D ( 'NONE', #4454, #822, #2578 ) ;
#1761 = CARTESIAN_POINT ( 'NONE',  ( 24.00000000000001421, -89.44271909999159220, 9.999999999999953815 ) ) ;
#1762 = LINE ( 'NONE', #11901, #8776 ) ;
#1763 = CARTESIAN_POINT ( 'NONE',  ( 25.16401654238957875, 14.24209700771249132, 2.500000000000000000 ) ) ;
#1764 = DIRECTION ( 'NONE',  ( 0.000000000000000000, 1.000000000000000000, 0.000000000000000000 ) ) ;
#1765 = ORIENTED_EDGE ( 'NONE', *, *, #1944, .F. ) ;
#1766 = CARTESIAN_POINT ( 'NONE',  ( -4.085078278190096945, -14.79228298569620925, 4.000000000000000000 ) ) ;
#1767 = LINE ( 'NONE', #4551, #9461 ) ;
#1768 = ORIENTED_EDGE ( 'NONE', *, *, #10948, .F. ) ;
#1769 = CARTESIAN_POINT ( 'NONE',  ( 27.73941848319152115, 19.27099398849403400, 2.500000000000000000 ) ) ;
#1770 = ORIENTED_EDGE ( 'NONE', *, *, #9474, .F. ) ;
#1771 = AXIS2_PLACEMENT_3D ( 'NONE', #10821, #5337, #11671 ) ;
#1772 = FACE_BOUND ( 'NONE', #1869, .T. ) ;
#1773 = ORIENTED_EDGE ( 'NONE', *, *, #6531, .F. ) ;
#1774 = EDGE_CURVE ( 'NONE', #1614, #7941, #8942, .T. ) ;
#1775 = AXIS2_PLACEMENT_3D ( 'NONE', #6949, #1392, #3269 ) ;
#1776 = CARTESIAN_POINT ( 'NONE',  ( -80.91755021517252544, 29.80598956343689565, -61.36663934126305975 ) ) ;
#1777 = CARTESIAN_POINT ( 'NONE',  ( -2.101372368549947023, -15.65932615770141645, 4.000000000000000000 ) ) ;
#1778 = AXIS2_PLACEMENT_3D ( 'NONE', #7825, #2555, #9860 ) ;
#1779 = CIRCLE ( 'NONE', #9676, 1.500000000000001332 ) ;
#1780 = ADVANCED_FACE ( 'NONE', ( #11775 ), #5205, .F. ) ;
#1781 = DIRECTION ( 'NONE',  ( 0.000000000000000000, 0.000000000000000000, 1.000000000000000000 ) ) ;
#1782 = FACE_OUTER_BOUND ( 'NONE', #3432, .T. ) ;
#1783 = DIRECTION ( 'NONE',  ( -0.8397897338196442796, 0.5429117819417172974, 0.000000000000000000 ) ) ;
#1784 = DIRECTION ( 'NONE',  ( 0.000000000000000000, 0.000000000000000000, 1.000000000000000000 ) ) ;
#1785 = VERTEX_POINT ( 'NONE', #4483 ) ;
#1786 = EDGE_CURVE ( 'NONE', #6723, #9754, #1510, .T. ) ;
#1787 = CARTESIAN_POINT ( 'NONE',  ( -4.278274748009652129, -16.20625942290764243, 4.000000000000000000 ) ) ;
#1788 = VERTEX_POINT ( 'NONE', #11839 ) ;
#1789 = CARTESIAN_POINT ( 'NONE',  ( -2.156246695998924157, -16.05802770467386154, 5.000000000000000000 ) ) ;
#1790 = ADVANCED_FACE ( 'NONE', ( #665 ), #3578, .T. ) ;
#1791 = ORIENTED_EDGE ( 'NONE', *, *, #152, .F. ) ;
#1792 = MECHANICAL_DESIGN_GEOMETRIC_PRESENTATION_REPRESENTATION (  '', ( #10258 ), #11611 ) ;
#1793 = DIRECTION ( 'NONE',  ( 1.000000000000000000, 0.000000000000000000, 0.000000000000000000 ) ) ;
#1794 = EDGE_CURVE ( 'NONE', #2788, #7941, #1967, .T. ) ;
#1795 = FACE_OUTER_BOUND ( 'NONE', #7174, .T. ) ;
#1796 = CARTESIAN_POINT ( 'NONE',  ( -1.549999999999995604, -5.000000000000000000, -100.5000000000000000 ) ) ;
#1797 = CIRCLE ( 'NONE', #8542, 1.500000000000001332 ) ;
#1798 = CARTESIAN_POINT ( 'NONE',  ( 4.355448717948715576, -14.53822518807815989, 4.000000000000000000 ) ) ;
#1799 = CARTESIAN_POINT ( 'NONE',  ( -22.49999999999999289, -20.50000000000000000, 9.000000000000001776 ) ) ;
#1800 = VECTOR ( 'NONE', #2589, 1000.000000000000000 ) ;
#1801 = EDGE_CURVE ( 'NONE', #8517, #8772, #4361, .T. ) ;
#1802 = DIRECTION ( 'NONE',  ( 0.000000000000000000, 0.000000000000000000, -1.000000000000000000 ) ) ;
#1803 = EDGE_LOOP ( 'NONE', ( #1051, #793, #653, #11638 ) ) ;
#1804 = CARTESIAN_POINT ( 'NONE',  ( 53.50000000000003553, 5.000000000000000000, 104.9999999999999289 ) ) ;
#1805 = VECTOR ( 'NONE', #5547, 1000.000000000000000 ) ;
#1806 = CARTESIAN_POINT ( 'NONE',  ( -5.780128205128205465, -17.71322518807814816, 5.000000000000000000 ) ) ;
#1807 = EDGE_CURVE ( 'NONE', #1435, #2832, #9846, .T. ) ;
#1808 = ORIENTED_EDGE ( 'NONE', *, *, #171, .F. ) ;
#1809 = CIRCLE ( 'NONE', #11624, 1.500000000000001332 ) ;
#1810 = VERTEX_POINT ( 'NONE', #722 ) ;
#1811 = EDGE_CURVE ( 'NONE', #7922, #4647, #10932, .T. ) ;
#1812 = DIRECTION ( 'NONE',  ( -1.000000000000000000, 0.000000000000000000, 0.000000000000000000 ) ) ;
#1813 = DIRECTION ( 'NONE',  ( -0.000000000000000000, 1.000000000000000000, -0.000000000000000000 ) ) ;
#1814 = DIRECTION ( 'NONE',  ( 0.000000000000000000, 1.000000000000000000, -0.000000000000000000 ) ) ;
#1815 = CARTESIAN_POINT ( 'NONE',  ( -1.720051390361294175, -14.98933431933119564, 4.000000000000000888 ) ) ;
#1816 = EDGE_CURVE ( 'NONE', #1515, #5981, #7196, .T. ) ;
#1817 = CARTESIAN_POINT ( 'NONE',  ( 0.04201984716301995770, -14.51428896185825224, 4.000000000000000000 ) ) ;
#1818 = ORIENTED_EDGE ( 'NONE', *, *, #5424, .F. ) ;
#1819 = PLANE ( 'NONE',  #2518 ) ;
#1820 = CARTESIAN_POINT ( 'NONE',  ( -4.413061768836471721, -15.54982462116395681, 5.000000000000000888 ) ) ;
#1821 = ORIENTED_EDGE ( 'NONE', *, *, #2144, .F. ) ;
#1822 = EDGE_LOOP ( 'NONE', ( #8510, #856, #5072, #1400 ) ) ;
#1823 = ADVANCED_FACE ( 'NONE', ( #6238 ), #9130, .F. ) ;
#1824 = AXIS2_PLACEMENT_3D ( 'NONE', #5532, #935, #7407 ) ;
#1825 = ORIENTED_EDGE ( 'NONE', *, *, #6391, .T. ) ;
#1826 = CIRCLE ( 'NONE', #6256, 4.366822574594690920 ) ;
#1827 = LINE ( 'NONE', #7377, #10628 ) ;
#1828 = AXIS2_PLACEMENT_3D ( 'NONE', #3349, #7035, #1528 ) ;
#1829 = CARTESIAN_POINT ( 'NONE',  ( -3.845458413855898705, -15.65526029447563516, 5.000000000000000888 ) ) ;
#1830 = ADVANCED_FACE ( 'NONE', ( #10690 ), #1696, .F. ) ;
#1831 = CARTESIAN_POINT ( 'NONE',  ( 1.019158458657892563, -16.82853070065727152, 4.000000000000000000 ) ) ;
#1832 = ORIENTED_EDGE ( 'NONE', *, *, #7159, .F. ) ;
#1833 = CARTESIAN_POINT ( 'NONE',  ( -3.933806712607696543, -14.98990429835600757, 3.999999999999999112 ) ) ;
#1834 = DIRECTION ( 'NONE',  ( 0.000000000000000000, 0.000000000000000000, -1.000000000000000000 ) ) ;
#1835 = VERTEX_POINT ( 'NONE', #6117 ) ;
#1836 = VECTOR ( 'NONE', #10785, 1000.000000000000000 ) ;
#1837 = DIRECTION ( 'NONE',  ( -0.000000000000000000, -0.000000000000000000, 1.000000000000000000 ) ) ;
#1838 = ORIENTED_EDGE ( 'NONE', *, *, #3897, .F. ) ;
#1839 = DIRECTION ( 'NONE',  ( 0.000000000000000000, -0.000000000000000000, 1.000000000000000000 ) ) ;
#1840 = VERTEX_POINT ( 'NONE', #5447 ) ;
#1841 = CIRCLE ( 'NONE', #4345, 1.000000000000000888 ) ;
#1842 = EDGE_CURVE ( 'NONE', #3808, #2023, #849, .T. ) ;
#1843 = CARTESIAN_POINT ( 'NONE',  ( -0.005594862366429914115, -17.14803323146775682, 4.999999999999999112 ) ) ;
#1844 = CARTESIAN_POINT ( 'NONE',  ( -3.937737432199948096, -15.90019769347522605, 5.000000000000000000 ) ) ;
#1845 = CARTESIAN_POINT ( 'NONE',  ( -10.05713943461311111, 2.791454495570343752, 10.00000000000000000 ) ) ;
#1846 = CARTESIAN_POINT ( 'NONE',  ( -27.74999999999998934, -19.75000000000000000, 9.000000000000001776 ) ) ;
#1847 = VECTOR ( 'NONE', #6480, 1000.000000000000000 ) ;
#1848 = DIRECTION ( 'NONE',  ( 0.5429117819417174085, 0.8397897338196443906, -0.000000000000000000 ) ) ;
#1849 = CARTESIAN_POINT ( 'NONE',  ( 0.2897196025698228761, -14.59492753222951578, 5.000000000000000000 ) ) ;
#1850 = ORIENTED_EDGE ( 'NONE', *, *, #10220, .F. ) ;
#1851 = CARTESIAN_POINT ( 'NONE',  ( 20.00000000000000355, 5.000000000000000000, 75.49999999999992895 ) ) ;
#1852 = VERTEX_POINT ( 'NONE', #7013 ) ;
#1853 = CARTESIAN_POINT ( 'NONE',  ( -0.9203667246047769757, -14.50979851823894151, 4.000000000000001776 ) ) ;
#1854 = ORIENTED_EDGE ( 'NONE', *, *, #6468, .T. ) ;
#1855 = EDGE_CURVE ( 'NONE', #9542, #5630, #8227, .T. ) ;
#1856 = LINE ( 'NONE', #5873, #322 ) ;
#1857 = PLANE ( 'NONE',  #1824 ) ;
#1858 = DIRECTION ( 'NONE',  ( 0.000000000000000000, 0.000000000000000000, 1.000000000000000000 ) ) ;
#1859 = DIRECTION ( 'NONE',  ( -1.000000000000000000, -0.000000000000000000, -0.000000000000000000 ) ) ;
#1860 = DIRECTION ( 'NONE',  ( -1.000000000000000000, 0.000000000000000000, 0.000000000000000000 ) ) ;
#1861 = DIRECTION ( 'NONE',  ( 0.000000000000000000, 0.000000000000000000, 1.000000000000000000 ) ) ;
#1862 = VECTOR ( 'NONE', #2981, 1000.000000000000000 ) ;
#1863 = EDGE_LOOP ( 'NONE', ( #7526, #7019, #7337, #7455 ) ) ;
#1864 = DIRECTION ( 'NONE',  ( 0.000000000000000000, 1.000000000000000000, -0.000000000000000000 ) ) ;
#1865 = DIRECTION ( 'NONE',  ( 0.000000000000000000, 1.000000000000000000, 0.000000000000000000 ) ) ;
#1866 = EDGE_CURVE ( 'NONE', #4861, #9186, #8879, .T. ) ;
#1867 = ORIENTED_EDGE ( 'NONE', *, *, #6314, .F. ) ;
#1868 = EDGE_CURVE ( 'NONE', #118, #1103, #11661, .T. ) ;
#1869 = EDGE_LOOP ( 'NONE', ( #746, #5266 ) ) ;
#1870 = AXIS2_PLACEMENT_3D ( 'NONE', #6242, #1764, #2795 ) ;
#1871 = CARTESIAN_POINT ( 'NONE',  ( 72.99999999999998579, 5.000000000000000000, -103.0000000000000142 ) ) ;
#1872 = DIRECTION ( 'NONE',  ( 0.000000000000000000, 0.000000000000000000, 1.000000000000000000 ) ) ;
#1873 = DIRECTION ( 'NONE',  ( -3.154042683594193641E-16, 0.000000000000000000, -1.000000000000000000 ) ) ;
#1874 = DIRECTION ( 'NONE',  ( 0.000000000000000000, 0.000000000000000000, 1.000000000000000000 ) ) ;
#1875 = AXIS2_PLACEMENT_3D ( 'NONE', #3839, #7513, #10229 ) ;
#1876 = FACE_OUTER_BOUND ( 'NONE', #780, .T. ) ;
#1877 = VERTEX_POINT ( 'NONE', #10752 ) ;
#1878 = EDGE_CURVE ( 'NONE', #1852, #3990, #2474, .T. ) ;
#1879 = DIRECTION ( 'NONE',  ( 0.000000000000000000, -0.000000000000000000, -1.000000000000000000 ) ) ;
#1880 = DIRECTION ( 'NONE',  ( 0.000000000000000000, 1.000000000000000000, 0.000000000000000000 ) ) ;
#1881 = ORIENTED_EDGE ( 'NONE', *, *, #9332, .T. ) ;
#1882 = EDGE_LOOP ( 'NONE', ( #3662, #1402, #8467, #5124 ) ) ;
#1883 = VECTOR ( 'NONE', #8390, 1000.000000000000000 ) ;
#1884 = ORIENTED_EDGE ( 'NONE', *, *, #1292, .F. ) ;
#1885 = EDGE_CURVE ( 'NONE', #3585, #7783, #1827, .T. ) ;
#1886 = DIRECTION ( 'NONE',  ( -0.000000000000000000, 1.000000000000000000, -0.000000000000000000 ) ) ;
#1887 = CARTESIAN_POINT ( 'NONE',  ( 8.000000000000003553, -8.208545504429656248, 10.00000000000000000 ) ) ;
#1888 = CARTESIAN_POINT ( 'NONE',  ( -15.86005420924688991, 7.456272356324761041, 5.000000000000000000 ) ) ;
#1889 = ORIENTED_EDGE ( 'NONE', *, *, #11831, .F. ) ;
#1890 = PLANE ( 'NONE',  #8847 ) ;
#1891 = VERTEX_POINT ( 'NONE', #5621 ) ;
#1892 = CARTESIAN_POINT ( 'NONE',  ( -1.587500000000001021, -16.10918872974482596, 4.000000000000000000 ) ) ;
#1893 = VERTEX_POINT ( 'NONE', #3871 ) ;
#1894 = LINE ( 'NONE', #2147, #4092 ) ;
#1895 = ORIENTED_EDGE ( 'NONE', *, *, #10718, .T. ) ;
#1896 = CARTESIAN_POINT ( 'NONE',  ( -0.1338781851337362272, -17.19163327704407251, 4.000000000000000888 ) ) ;
#1897 = CARTESIAN_POINT ( 'NONE',  ( 9.800000000000002487, 2.791454495570343752, 10.00000000000000000 ) ) ;
#1898 = CARTESIAN_POINT ( 'NONE',  ( 11.16682257459468453, 2.791454495570343752, 10.00000000000000000 ) ) ;
#1899 = FACE_OUTER_BOUND ( 'NONE', #7304, .T. ) ;
#1900 = CARTESIAN_POINT ( 'NONE',  ( 140.0000000000000853, 22.50000000000000711, -60.00000000000001421 ) ) ;
#1901 = CARTESIAN_POINT ( 'NONE',  ( 16.00000000000000000, 0.000000000000000000, -27.00000000000006395 ) ) ;
#1902 = ORIENTED_EDGE ( 'NONE', *, *, #10779, .T. ) ;
#1903 = ORIENTED_EDGE ( 'NONE', *, *, #7257, .F. ) ;
#1904 = CARTESIAN_POINT ( 'NONE',  ( -4.345293898227679641, -16.23779630668430229, 4.000000000000000888 ) ) ;
#1905 = VERTEX_POINT ( 'NONE', #4599 ) ;
#1906 = CARTESIAN_POINT ( 'NONE',  ( -1.403372629974333430, -14.71863784045357981, 5.000000000000000000 ) ) ;
#1907 = VERTEX_POINT ( 'NONE', #2001 ) ;
#1908 = CARTESIAN_POINT ( 'NONE',  ( -4.396153846153846523, -15.43246597333456194, 4.000000000000000888 ) ) ;
#1909 = CARTESIAN_POINT ( 'NONE',  ( 75.00000000000001421, 0.000000000000000000, -57.99999999999998579 ) ) ;
#1910 = LINE ( 'NONE', #1058, #8395 ) ;
#1911 = LINE ( 'NONE', #3732, #5125 ) ;
#1912 = CARTESIAN_POINT ( 'NONE',  ( -5.072235444507663615, -14.53838097365525428, 3.999999999999999112 ) ) ;
#1913 = CARTESIAN_POINT ( 'NONE',  ( 81.00000000000001421, 24.00000000000000355, -64.50000000000000000 ) ) ;
#1914 = ORIENTED_EDGE ( 'NONE', *, *, #162, .F. ) ;
#1915 = DIRECTION ( 'NONE',  ( -0.000000000000000000, -1.000000000000000000, -0.000000000000000000 ) ) ;
#1916 = FACE_OUTER_BOUND ( 'NONE', #5472, .T. ) ;
#1917 = ORIENTED_EDGE ( 'NONE', *, *, #10592, .T. ) ;
#1918 = EDGE_CURVE ( 'NONE', #11131, #5982, #8327, .T. ) ;
#1919 = VECTOR ( 'NONE', #9549, 999.9999999999998863 ) ;
#1920 = ORIENTED_EDGE ( 'NONE', *, *, #4589, .F. ) ;
#1921 = PLANE ( 'NONE',  #5791 ) ;
#1922 = DIRECTION ( 'NONE',  ( -1.000000000000000000, 0.000000000000000000, -0.000000000000000000 ) ) ;
#1923 = PLANE ( 'NONE',  #4100 ) ;
#1924 = CARTESIAN_POINT ( 'NONE',  ( 72.99999999999998579, 5.000000000000000000, -105.0000000000000142 ) ) ;
#1925 = EDGE_CURVE ( 'NONE', #2688, #183, #11227, .T. ) ;
#1926 = CARTESIAN_POINT ( 'NONE',  ( 75.00000000000001421, 10.57660624134118521, -89.24999999999998579 ) ) ;
#1927 = EDGE_LOOP ( 'NONE', ( #11412, #3186, #1838, #7420 ) ) ;
#1928 = ORIENTED_EDGE ( 'NONE', *, *, #2085, .T. ) ;
#1929 = AXIS2_PLACEMENT_3D ( 'NONE', #10049, #11073, #5351 ) ;
#1930 = FACE_OUTER_BOUND ( 'NONE', #5888, .T. ) ;
#1931 = LINE ( 'NONE', #10372, #9308 ) ;
#1932 = ORIENTED_EDGE ( 'NONE', *, *, #8803, .F. ) ;
#1933 = ORIENTED_EDGE ( 'NONE', *, *, #882, .T. ) ;
#1934 = ORIENTED_EDGE ( 'NONE', *, *, #8727, .F. ) ;
#1935 = EDGE_CURVE ( 'NONE', #765, #4730, #5562, .T. ) ;
#1936 = FACE_OUTER_BOUND ( 'NONE', #1160, .T. ) ;
#1937 = CARTESIAN_POINT ( 'NONE',  ( -7.999999999999986677, 0.000000000000000000, 12.00000000000000178 ) ) ;
#1938 = CARTESIAN_POINT ( 'NONE',  ( 0.2784182938776462723, -17.64369639226885411, 5.000000000000003553 ) ) ;
#1939 = ORIENTED_EDGE ( 'NONE', *, *, #9612, .F. ) ;
#1940 = CIRCLE ( 'NONE', #8111, 1.500000000000001332 ) ;
#1941 = CARTESIAN_POINT ( 'NONE',  ( 24.00000000000001421, 0.000000000000000000, -23.50000000000006040 ) ) ;
#1943 = B_SPLINE_CURVE_WITH_KNOTS ( 'NONE', 3,
 ( #9259, #6259, #8118, #6436, #805, #9151, #8059, #9987, #11735, #1849, #9934 ),
 .UNSPECIFIED., .F., .F.,
 ( 4, 1, 1, 1, 1, 1, 1, 1, 4 ),
 ( 0.000000000000000000, 0.1289756962903343684, 0.2566142768832944676, 0.3823748611154015875, 0.5074502079341300931, 0.6312318059159223171, 0.7542207153102945538, 0.8773008482791445628, 1.000000000000000000 ),
 .UNSPECIFIED. ) ;
#1942 = DIRECTION ( 'NONE',  ( 0.000000000000000000, 0.000000000000000000, 1.000000000000000000 ) ) ;
#1944 = EDGE_CURVE ( 'NONE', #10401, #10980, #9303, .T. ) ;
#1945 = CARTESIAN_POINT ( 'NONE',  ( 28.26202902092138913, -17.50000000000000711, 0.000000000000000000 ) ) ;
#1946 = ORIENTED_EDGE ( 'NONE', *, *, #1343, .F. ) ;
#1947 = VECTOR ( 'NONE', #3405, 1000.000000000000000 ) ;
#1948 = DIRECTION ( 'NONE',  ( -0.000000000000000000, -1.000000000000000000, -0.000000000000000000 ) ) ;
#1949 = VERTEX_POINT ( 'NONE', #122 ) ;
#1950 = VERTEX_POINT ( 'NONE', #10142 ) ;
#1951 = ADVANCED_FACE ( 'NONE', ( #1936 ), #1138, .T. ) ;
#1952 = AXIS2_PLACEMENT_3D ( 'NONE', #5083, #4356, #5196 ) ;
#1953 = CARTESIAN_POINT ( 'NONE',  ( 0.4636568509615375810, -16.65489185474482525, 4.000000000000000000 ) ) ;
#1954 = ADVANCED_FACE ( 'NONE', ( #6532 ), #2964, .F. ) ;
#1955 = CIRCLE ( 'NONE', #584, 1.749999999999998002 ) ;
#1956 = CARTESIAN_POINT ( 'NONE',  ( 15.99999999999997868, 0.000000000000000000, -30.00000000000006750 ) ) ;
#1957 = FACE_OUTER_BOUND ( 'NONE', #7376, .T. ) ;
#1958 = DIRECTION ( 'NONE',  ( 0.000000000000000000, 0.000000000000000000, -1.000000000000000000 ) ) ;
#1959 = CARTESIAN_POINT ( 'NONE',  ( 5.746638708345982787E-15, 0.000000000000000000, -95.50000000000000000 ) ) ;
#1961 = CIRCLE ( 'NONE', #8701, 1.899999999999999689 ) ;
#1960 = FACE_OUTER_BOUND ( 'NONE', #3367, .T. ) ;
#1962 = ORIENTED_EDGE ( 'NONE', *, *, #2928, .T. ) ;
#1963 = VERTEX_POINT ( 'NONE', #4722 ) ;
#1964 = DIRECTION ( 'NONE',  ( -0.000000000000000000, -0.000000000000000000, -1.000000000000000000 ) ) ;
#1965 = EDGE_LOOP ( 'NONE', ( #5308, #11062, #1283, #971 ) ) ;
#1966 = CARTESIAN_POINT ( 'NONE',  ( -0.9203667246047769757, -14.50979851823894151, 5.000000000000000888 ) ) ;
#1967 = CIRCLE ( 'NONE', #4476, 3.257139434613112172 ) ;
#1968 = ORIENTED_EDGE ( 'NONE', *, *, #4294, .F. ) ;
#1969 = VECTOR ( 'NONE', #7471, 1000.000000000000227 ) ;
#1970 = AXIS2_PLACEMENT_3D ( 'NONE', #11922, #1604, #3661 ) ;
#1971 = DIRECTION ( 'NONE',  ( 0.8397897338196443906, 0.5429117819417172974, 0.000000000000000000 ) ) ;
#1972 = SURFACE_STYLE_FILL_AREA ( #5657 ) ;
#1973 = CARTESIAN_POINT ( 'NONE',  ( 81.00000000000001421, 10.57660624134118521, -86.25000000000001421 ) ) ;
#1974 = DIRECTION ( 'NONE',  ( -0.000000000000000000, -0.000000000000000000, -1.000000000000000000 ) ) ;
#1975 = DIRECTION ( 'NONE',  ( -0.7071067811865405783, -0.7071067811865545671, 0.000000000000000000 ) ) ;
#1976 = EDGE_CURVE ( 'NONE', #701, #5707, #11164, .T. ) ;
#1977 = LINE ( 'NONE', #9454, #1542 ) ;
#1978 = DIRECTION ( 'NONE',  ( 0.000000000000000000, 0.000000000000000000, 1.000000000000000000 ) ) ;
#1979 = VERTEX_POINT ( 'NONE', #10990 ) ;
#1980 = AXIS2_PLACEMENT_3D ( 'NONE', #8354, #1948, #72 ) ;
#1981 = AXIS2_PLACEMENT_3D ( 'NONE', #5257, #11580, #8929 ) ;
#1982 = DIRECTION ( 'NONE',  ( -0.000000000000000000, -0.000000000000000000, 1.000000000000000000 ) ) ;
#1983 = DIRECTION ( 'NONE',  ( 0.000000000000000000, 1.000000000000000000, 0.000000000000000000 ) ) ;
#1984 = VERTEX_POINT ( 'NONE', #3757 ) ;
#1985 = ORIENTED_EDGE ( 'NONE', *, *, #11155, .T. ) ;
#1986 = DIRECTION ( 'NONE',  ( -0.000000000000000000, -1.000000000000000000, -0.000000000000000000 ) ) ;
#1987 = AXIS2_PLACEMENT_3D ( 'NONE', #11572, #4105, #5070 ) ;
#1988 = VECTOR ( 'NONE', #2523, 1000.000000000000000 ) ;
#1989 = CARTESIAN_POINT ( 'NONE',  ( 81.00000000000001421, 31.21779788708139947, -97.99999999999998579 ) ) ;
#1990 = CYLINDRICAL_SURFACE ( 'NONE', #10259, 1.500000000000001332 ) ;
#1991 = CARTESIAN_POINT ( 'NONE',  ( 11.00000000000000178, 0.000000000000000000, -11.00000000000000000 ) ) ;
#1992 = CARTESIAN_POINT ( 'NONE',  ( 24.00000000000001421, -89.44271909999159220, -26.50000000000006750 ) ) ;
#1993 = ORIENTED_EDGE ( 'NONE', *, *, #2756, .T. ) ;
#1994 = DIRECTION ( 'NONE',  ( 0.5085404518589193845, -0.8610380995189039766, 0.000000000000000000 ) ) ;
#1995 = DIRECTION ( 'NONE',  ( 0.000000000000000000, 0.000000000000000000, 1.000000000000000000 ) ) ;
#1996 = VERTEX_POINT ( 'NONE', #2903 ) ;
#1997 = AXIS2_PLACEMENT_3D ( 'NONE', #10135, #5554, #4648 ) ;
#1998 = ORIENTED_EDGE ( 'NONE', *, *, #2232, .T. ) ;
#1999 = ORIENTED_EDGE ( 'NONE', *, *, #9640, .T. ) ;
#2000 = ADVANCED_FACE ( 'NONE', ( #6589 ), #1083, .T. ) ;
#2001 = CARTESIAN_POINT ( 'NONE',  ( -24.88156655863841848, 12.78449647227708397, 5.000000000000000000 ) ) ;
#2002 = VECTOR ( 'NONE', #1003, 1000.000000000000000 ) ;
#2003 = DIRECTION ( 'NONE',  ( 0.000000000000000000, -0.000000000000000000, -1.000000000000000000 ) ) ;
#2004 = CARTESIAN_POINT ( 'NONE',  ( -0.1100613420491561578, -17.76800768237140105, 5.000000000000000888 ) ) ;
#2005 = ORIENTED_EDGE ( 'NONE', *, *, #3038, .F. ) ;
#2006 = CARTESIAN_POINT ( 'NONE',  ( 5.495192307692304823, -15.10809698294995584, 5.000000000000000000 ) ) ;
#2007 = CARTESIAN_POINT ( 'NONE',  ( 75.00000000000001421, 10.57660624134118521, -87.75000000000000000 ) ) ;
#2008 = DIRECTION ( 'NONE',  ( -0.000000000000000000, 1.000000000000000000, -0.000000000000000000 ) ) ;
#2009 = ORIENTED_EDGE ( 'NONE', *, *, #1057, .T. ) ;
#2010 = PRODUCT_RELATED_PRODUCT_CATEGORY ( 'part', '', ( #8818 ) ) ;
#2011 = VERTEX_POINT ( 'NONE', #10322 ) ;
#2012 = AXIS2_PLACEMENT_3D ( 'NONE', #7900, #7001, #10678 ) ;
#2013 = VECTOR ( 'NONE', #10652, 1000.000000000000000 ) ;
#2014 = CARTESIAN_POINT ( 'NONE',  ( -0.3500770061539407729, -17.22406594292079873, 5.000000000000000888 ) ) ;
#2015 = EDGE_CURVE ( 'NONE', #1635, #2688, #3696, .T. ) ;
#2016 = DIRECTION ( 'NONE',  ( 0.000000000000000000, 0.000000000000000000, 1.000000000000000000 ) ) ;
#2017 = CARTESIAN_POINT ( 'NONE',  ( 25.16401654238957875, 14.24209700771249132, 0.000000000000000000 ) ) ;
#2018 = CARTESIAN_POINT ( 'NONE',  ( 21.49999999999999645, 1.242321824286741657E-14, 9.000000000000001776 ) ) ;
#2019 = DIRECTION ( 'NONE',  ( 0.000000000000000000, 1.000000000000000000, 0.000000000000000000 ) ) ;
#2020 = LINE ( 'NONE', #3100, #4450 ) ;
#2021 = EDGE_LOOP ( 'NONE', ( #6697, #2629, #1448, #11284 ) ) ;
#2022 = ADVANCED_FACE ( 'NONE', ( #2730 ), #2058, .F. ) ;
#2023 = VERTEX_POINT ( 'NONE', #5741 ) ;
#2024 = CARTESIAN_POINT ( 'NONE',  ( 55.50000000000003553, 5.000000000000000000, 102.9999999999999289 ) ) ;
#2025 = ORIENTED_EDGE ( 'NONE', *, *, #9474, .T. ) ;
#2026 = CARTESIAN_POINT ( 'NONE',  ( -5.542860565386886762, 2.791454495570344196, 10.00000000000000000 ) ) ;
#2027 = EDGE_CURVE ( 'NONE', #4021, #11894, #10087, .T. ) ;
#2028 = ORIENTED_EDGE ( 'NONE', *, *, #9245, .F. ) ;
#2029 = CARTESIAN_POINT ( 'NONE',  ( 2.279487179487178050, -15.75937903423200659, 4.000000000000000000 ) ) ;
#2030 = EDGE_CURVE ( 'NONE', #5458, #7649, #9420, .T. ) ;
#2031 = LINE ( 'NONE', #2874, #907 ) ;
#2032 = VECTOR ( 'NONE', #3036, 1000.000000000000114 ) ;
#2033 = PRODUCT_DEFINITION_CONTEXT ( 'detailed design', #11897, 'design' ) ;
#2034 = PLANE ( 'NONE',  #7034 ) ;
#2035 = DIRECTION ( 'NONE',  ( -0.000000000000000000, -1.000000000000000000, -0.000000000000000000 ) ) ;
#2036 = CARTESIAN_POINT ( 'NONE',  ( -4.085078278190096945, -14.79228298569620925, 4.000000000000000000 ) ) ;
#2037 = CARTESIAN_POINT ( 'NONE',  ( 0.6778348423149911373, -17.35301085792416131, 5.000000000000000888 ) ) ;
#2038 = CARTESIAN_POINT ( 'NONE',  ( 10.99999999999999467, 2.000000000000000000, 7.000000000000000000 ) ) ;
#2039 = ORIENTED_EDGE ( 'NONE', *, *, #5170, .T. ) ;
#2040 = LINE ( 'NONE', #10360, #7782 ) ;
#2041 = LINE ( 'NONE', #3001, #6776 ) ;
#2042 = CIRCLE ( 'NONE', #11869, 2.000000000000001776 ) ;
#2043 = ADVANCED_FACE ( 'NONE', ( #9188 ), #908, .F. ) ;
#2044 = ORIENTED_EDGE ( 'NONE', *, *, #5189, .T. ) ;
#2045 = EDGE_LOOP ( 'NONE', ( #1322, #3396, #7823, #2758 ) ) ;
#2046 = ADVANCED_FACE ( 'NONE', ( #5077 ), #10502, .F. ) ;
#2047 = CARTESIAN_POINT ( 'NONE',  ( -1.119743358536410049, -17.67505503352701979, 5.000000000000000000 ) ) ;
#2048 = FACE_BOUND ( 'NONE', #11727, .T. ) ;
#2049 = CARTESIAN_POINT ( 'NONE',  ( 75.00000000000001421, 37.42339375865881124, -72.25000000000000000 ) ) ;
#2050 = CARTESIAN_POINT ( 'NONE',  ( 21.50000000000000000, -14.49566939831962209, 5.000000000000000000 ) ) ;
#2051 = VERTEX_POINT ( 'NONE', #3018 ) ;
#2052 = DIRECTION ( 'NONE',  ( 0.000000000000000000, 0.000000000000000000, 1.000000000000000000 ) ) ;
#2053 = DIRECTION ( 'NONE',  ( 3.854941057726240562E-16, 0.000000000000000000, -1.000000000000000000 ) ) ;
#2054 = ORIENTED_EDGE ( 'NONE', *, *, #1445, .T. ) ;
#2055 = ORIENTED_EDGE ( 'NONE', *, *, #6034, .F. ) ;
#2056 = ORIENTED_EDGE ( 'NONE', *, *, #7330, .T. ) ;
#2057 = CIRCLE ( 'NONE', #10343, 1.750000000000001554 ) ;
#2058 = CYLINDRICAL_SURFACE ( 'NONE', #2559, 1.500000000000001332 ) ;
#2059 = CARTESIAN_POINT ( 'NONE',  ( -23.49999999999999645, 17.50000000000000000, 2.500000000000000000 ) ) ;
#2060 = DIRECTION ( 'NONE',  ( 0.000000000000000000, 0.000000000000000000, 1.000000000000000000 ) ) ;
#2061 = ORIENTED_EDGE ( 'NONE', *, *, #7127, .F. ) ;
#2062 = LINE ( 'NONE', #3022, #9467 ) ;
#2063 = PLANE ( 'NONE',  #9431 ) ;
#2064 = DIRECTION ( 'NONE',  ( 0.000000000000000000, -0.000000000000000000, -1.000000000000000000 ) ) ;
#2065 =( LENGTH_UNIT ( ) NAMED_UNIT ( * ) SI_UNIT ( .MILLI., .METRE. ) );
#2066 = VERTEX_POINT ( 'NONE', #2110 ) ;
#2067 = EDGE_LOOP ( 'NONE', ( #11390, #3523, #2135, #3528 ) ) ;
#2068 = VECTOR ( 'NONE', #93, 1000.000000000000000 ) ;
#2069 = EDGE_CURVE ( 'NONE', #2845, #4552, #1318, .T. ) ;
#2070 = FACE_OUTER_BOUND ( 'NONE', #9476, .T. ) ;
#2071 = CARTESIAN_POINT ( 'NONE',  ( -4.011129872859713785, -16.00390001245806459, 4.000000000000000000 ) ) ;
#2072 = CARTESIAN_POINT ( 'NONE',  ( -27.74999999999998934, -15.25000000000000178, 5.000000000000000000 ) ) ;
#2073 = DIRECTION ( 'NONE',  ( -3.154042683594193641E-16, 0.000000000000000000, -1.000000000000000000 ) ) ;
#2074 = CARTESIAN_POINT ( 'NONE',  ( -24.99999999999999645, -17.50000000000000000, 5.000000000000000000 ) ) ;
#2075 = DIRECTION ( 'NONE',  ( 0.000000000000000000, 0.000000000000000000, -1.000000000000000000 ) ) ;
#2076 = EDGE_LOOP ( 'NONE', ( #9016, #5035, #9534, #7380, #9418, #10414 ) ) ;
#2077 = EDGE_CURVE ( 'NONE', #11014, #3561, #11399, .T. ) ;
#2078 = ORIENTED_EDGE ( 'NONE', *, *, #1670, .T. ) ;
#2079 = DIRECTION ( 'NONE',  ( -1.000000000000000000, -0.000000000000000000, -0.000000000000000000 ) ) ;
#2080 = ORIENTED_EDGE ( 'NONE', *, *, #3227, .F. ) ;
#2081 = CARTESIAN_POINT ( 'NONE',  ( -0.4547526041666675178, -14.45681493166790510, 4.999999999999999112 ) ) ;
#2082 = ORIENTED_EDGE ( 'NONE', *, *, #9591, .T. ) ;
#2083 = CARTESIAN_POINT ( 'NONE',  ( -81.00000000000001421, 10.57660624134118521, -86.25000000000001421 ) ) ;
#2084 = DIRECTION ( 'NONE',  ( 0.000000000000000000, -0.000000000000000000, -1.000000000000000000 ) ) ;
#2085 = EDGE_CURVE ( 'NONE', #5585, #10807, #10660, .T. ) ;
#2086 = CARTESIAN_POINT ( 'NONE',  ( 140.0000000000000853, 5.000000000000000000, -102.0499999999999972 ) ) ;
#2087 = CARTESIAN_POINT ( 'NONE',  ( 24.99999999999999645, 17.50000000000000000, 9.000000000000001776 ) ) ;
#2088 = CARTESIAN_POINT ( 'NONE',  ( 11.00000000000000355, 0.000000000000000000, 6.000000000000000000 ) ) ;
#2089 = FACE_OUTER_BOUND ( 'NONE', #5529, .T. ) ;
#2090 = PLANE ( 'NONE',  #10006 ) ;
#2091 = VERTEX_POINT ( 'NONE', #4960 ) ;
#2092 = CARTESIAN_POINT ( 'NONE',  ( -26.50000000000000000, -17.50000000000000000, 5.000000000000000000 ) ) ;
#2093 = EDGE_CURVE ( 'NONE', #6217, #4133, #5011, .T. ) ;
#2094 = CARTESIAN_POINT ( 'NONE',  ( 75.00000000000001421, 17.00000000000000000, -73.50000000000000000 ) ) ;
#2095 = ORIENTED_EDGE ( 'NONE', *, *, #5637, .T. ) ;
#2096 = ORIENTED_EDGE ( 'NONE', *, *, #8162, .T. ) ;
#2097 = DIRECTION ( 'NONE',  ( 0.000000000000000000, 0.000000000000000000, 1.000000000000000000 ) ) ;
#2098 = ADVANCED_FACE ( 'NONE', ( #7842 ), #2235, .T. ) ;
#2099 = CARTESIAN_POINT ( 'NONE',  ( 4.925320512820510643, -15.10809698294995584, 5.000000000000000000 ) ) ;
#2100 = CARTESIAN_POINT ( 'NONE',  ( 2.279487179487178050, -17.71322518807815882, 5.000000000000000000 ) ) ;
#2101 = CARTESIAN_POINT ( 'NONE',  ( -79.00000000000001421, 5.000000000000000000, -60.00000000000000711 ) ) ;
#2102 = ORIENTED_EDGE ( 'NONE', *, *, #4668, .T. ) ;
#2103 = CARTESIAN_POINT ( 'NONE',  ( 21.73797097907860731, -17.50000000000002132, 2.500000000000000000 ) ) ;
#2104 = DIRECTION ( 'NONE',  ( -0.000000000000000000, 0.000000000000000000, 1.000000000000000000 ) ) ;
#2105 = VERTEX_POINT ( 'NONE', #3252 ) ;
#2106 = VECTOR ( 'NONE', #4119, 1000.000000000000000 ) ;
#2107 = ORIENTED_EDGE ( 'NONE', *, *, #168, .T. ) ;
#2108 = VERTEX_POINT ( 'NONE', #8636 ) ;
#2109 = VECTOR ( 'NONE', #8297, 1000.000000000000000 ) ;
#2110 = CARTESIAN_POINT ( 'NONE',  ( 55.50000000000003553, 0.000000000000000000, 102.9999999999999289 ) ) ;
#2111 = ADVANCED_FACE ( 'NONE', ( #471 ), #1378, .F. ) ;
#2112 = VECTOR ( 'NONE', #7509, 1000.000000000000000 ) ;
#2113 = CARTESIAN_POINT ( 'NONE',  ( -1.933388383669314869, -16.96777936960660682, 4.000000000000000888 ) ) ;
#2114 = CARTESIAN_POINT ( 'NONE',  ( -81.00000000000001421, 37.42339375865881124, -72.25000000000000000 ) ) ;
#2115 = ORIENTED_EDGE ( 'NONE', *, *, #9017, .F. ) ;
#2116 = DIRECTION ( 'NONE',  ( -2.127171113256150401E-15, -1.000000000000000000, 0.000000000000000000 ) ) ;
#2117 = CARTESIAN_POINT ( 'NONE',  ( 4.925320512820510643, -17.71322518807815882, 4.000000000000000000 ) ) ;
#2118 = FACE_OUTER_BOUND ( 'NONE', #6535, .T. ) ;
#2119 = ORIENTED_EDGE ( 'NONE', *, *, #6838, .F. ) ;
#2120 = ORIENTED_EDGE ( 'NONE', *, *, #6131, .F. ) ;
#2121 = VECTOR ( 'NONE', #9324, 1000.000000000000000 ) ;
#2122 = CARTESIAN_POINT ( 'NONE',  ( -76.99999999999998579, 22.50000000000000000, -100.0000000000000000 ) ) ;
#2123 = CIRCLE ( 'NONE', #4252, 2.000000000000001776 ) ;
#2124 = CARTESIAN_POINT ( 'NONE',  ( 119.0000000000000284, 10.57660624134118521, -87.75000000000000000 ) ) ;
#2125 = DIRECTION ( 'NONE',  ( 0.8900702620852275482, 0.4558233523543239185, -0.000000000000000000 ) ) ;
#2126 = CIRCLE ( 'NONE', #4835, 1.000000000000000888 ) ;
#2127 = DIRECTION ( 'NONE',  ( -1.000000000000000000, -0.000000000000000000, -0.000000000000000000 ) ) ;
#2128 = B_SPLINE_CURVE_WITH_KNOTS ( 'NONE', 3,
 ( #3144, #1201, #7949, #2238, #6207, #4273, #4903, #9883, #2180, #4398, #7166, #9816, #4049, #5921, #6148, #349 ),
 .UNSPECIFIED., .F., .F.,
 ( 4, 2, 2, 2, 2, 2, 2, 4 ),
 ( -2.828427709313879757E-05, 0.0005493217819844246636, 0.001126927841061988074, 0.002282139959217102752, 0.004592564195527338612, 0.005747776313682450254, 0.006902988431837561896, 0.009213412668147794721 ),
 .UNSPECIFIED. ) ;
#2129 = VECTOR ( 'NONE', #2209, 1000.000000000000000 ) ;
#2130 = CARTESIAN_POINT ( 'NONE',  ( -73.00000000000001421, 0.000000000000000000, -103.0000000000000142 ) ) ;
#2131 = CIRCLE ( 'NONE', #5797, 1.500000000000001332 ) ;
#2132 = CARTESIAN_POINT ( 'NONE',  ( -53.49999999999996447, 0.000000000000000000, 104.9999999999999289 ) ) ;
#2133 = CARTESIAN_POINT ( 'NONE',  ( 24.00000000000001421, 5.000000000000004441, 11.49999999999995737 ) ) ;
#2134 = EDGE_LOOP ( 'NONE', ( #1048, #3825, #3736, #10857 ) ) ;
#2135 = ORIENTED_EDGE ( 'NONE', *, *, #1301, .T. ) ;
#2136 = CARTESIAN_POINT ( 'NONE',  ( -5.780128205128205465, -17.71322518807814816, 4.000000000000000000 ) ) ;
#2137 = ORIENTED_EDGE ( 'NONE', *, *, #1360, .F. ) ;
#2138 = DIRECTION ( 'NONE',  ( -0.000000000000000000, 0.000000000000000000, -1.000000000000000000 ) ) ;
#2139 = VERTEX_POINT ( 'NONE', #11520 ) ;
#2140 = AXIS2_PLACEMENT_3D ( 'NONE', #7611, #7666, #11344 ) ;
#2141 = CIRCLE ( 'NONE', #11006, 1.500000000000001332 ) ;
#2142 = B_SPLINE_CURVE_WITH_KNOTS ( 'NONE', 3,
 ( #6456, #11031, #4459, #5483, #8017, #2772, #2515, #7294, #7236, #9949, #11698, #4580, #1615, #10911, #11816, #7172 ),
 .UNSPECIFIED., .F., .F.,
 ( 4, 2, 2, 2, 2, 2, 2, 4 ),
 ( 0.000000000000000000, 0.002312349122450213165, 0.003468523683675316712, 0.004624698244900420259, 0.006937047367350655108, 0.008093221928575764293, 0.008671309209188319753, 0.009249396489800875212 ),
 .UNSPECIFIED. ) ;
#2143 = LINE ( 'NONE', #8609, #703 ) ;
#2144 = EDGE_CURVE ( 'NONE', #5553, #705, #8691, .T. ) ;
#2145 = CARTESIAN_POINT ( 'NONE',  ( 77.00000000000002842, 5.000000000000000000, -60.00000000000000711 ) ) ;
#2146 = PRODUCT_DEFINITION_CONTEXT ( 'detailed design', #11276, 'design' ) ;
#2147 = CARTESIAN_POINT ( 'NONE',  ( 55.50000000000003553, 5.000000000000000000, 84.99999999999994316 ) ) ;
#2148 = EDGE_CURVE ( 'NONE', #8046, #8619, #429, .T. ) ;
#2149 = CARTESIAN_POINT ( 'NONE',  ( 4.355448717948715576, -15.10809698294995584, 4.000000000000000000 ) ) ;
#2150 = CARTESIAN_POINT ( 'NONE',  ( -3.933806712607696543, -14.98990429835600757, 3.999999999999999112 ) ) ;
#2151 = EDGE_LOOP ( 'NONE', ( #5310, #7714, #11911, #9373, #1535 ) ) ;
#2152 = EDGE_CURVE ( 'NONE', #6750, #946, #4112, .T. ) ;
#2153 = LINE ( 'NONE', #6078, #3297 ) ;
#2154 = LINE ( 'NONE', #7762, #2700 ) ;
#2155 = ORIENTED_EDGE ( 'NONE', *, *, #11854, .F. ) ;
#2156 = CYLINDRICAL_SURFACE ( 'NONE', #629, 1.500000000000001332 ) ;
#2157 = CARTESIAN_POINT ( 'NONE',  ( -17.99999999999996803, -89.44271909999159220, 49.99999999999993605 ) ) ;
#2158 = AXIS2_PLACEMENT_3D ( 'NONE', #8808, #2288, #6999 ) ;
#2159 = ORIENTED_EDGE ( 'NONE', *, *, #9508, .T. ) ;
#2160 = ORIENTED_EDGE ( 'NONE', *, *, #443, .F. ) ;
#2161 = CARTESIAN_POINT ( 'NONE',  ( -7.999999999999984901, -8.208545504429656248, 5.000000000000000000 ) ) ;
#2162 = EDGE_CURVE ( 'NONE', #1300, #4950, #8543, .T. ) ;
#2163 = EDGE_CURVE ( 'NONE', #193, #10640, #10846, .T. ) ;
#2164 = CIRCLE ( 'NONE', #4669, 1.549999999999995826 ) ;
#2165 = VECTOR ( 'NONE', #8447, 1000.000000000000000 ) ;
#2166 = CYLINDRICAL_SURFACE ( 'NONE', #2356, 6.500000000000005329 ) ;
#2167 = DIRECTION ( 'NONE',  ( -0.000000000000000000, 1.000000000000000000, -0.000000000000000000 ) ) ;
#2168 = ORIENTED_EDGE ( 'NONE', *, *, #3573, .F. ) ;
#2170 = EDGE_CURVE ( 'NONE', #2392, #1683, #10611, .T. ) ;
#2169 = DIRECTION ( 'NONE',  ( -1.000000000000000000, 0.000000000000000000, 0.000000000000000000 ) ) ;
#2171 = FACE_OUTER_BOUND ( 'NONE', #10175, .T. ) ;
#2172 = ORIENTED_EDGE ( 'NONE', *, *, #7053, .T. ) ;
#2173 = EDGE_CURVE ( 'NONE', #6693, #537, #3141, .T. ) ;
#2174 = ORIENTED_EDGE ( 'NONE', *, *, #9899, .T. ) ;
#2175 = VECTOR ( 'NONE', #7441, 1000.000000000000000 ) ;
#2176 = ORIENTED_EDGE ( 'NONE', *, *, #6892, .T. ) ;
#2177 = EDGE_CURVE ( 'NONE', #196, #7498, #4901, .T. ) ;
#2178 = DIRECTION ( 'NONE',  ( 0.000000000000000000, -1.000000000000000000, 0.000000000000000000 ) ) ;
#2179 = CYLINDRICAL_SURFACE ( 'NONE', #794, 5.000000000000000888 ) ;
#2180 = CARTESIAN_POINT ( 'NONE',  ( 80.12265023349662840, 26.17258946771157824, -60.32579401565731558 ) ) ;
#2181 = CARTESIAN_POINT ( 'NONE',  ( 0.3663248407502748827, -17.59733814628219051, 5.000000000000000000 ) ) ;
#2182 = ORIENTED_EDGE ( 'NONE', *, *, #7240, .T. ) ;
#2183 = CIRCLE ( 'NONE', #10664, 1.000000000000000888 ) ;
#2184 = CIRCLE ( 'NONE', #7958, 1.549999999999995826 ) ;
#2185 = CONTEXT_DEPENDENT_SHAPE_REPRESENTATION ( #104, #6029 ) ;
#2186 = CARTESIAN_POINT ( 'NONE',  ( -75.00000000000001421, 45.00000000000000000, -102.0000000000000142 ) ) ;
#2187 = PLANE ( 'NONE',  #5803 ) ;
#2188 = ORIENTED_EDGE ( 'NONE', *, *, #6603, .F. ) ;
#2189 = EDGE_CURVE ( 'NONE', #11823, #5601, #10377, .T. ) ;
#2190 = VECTOR ( 'NONE', #11882, 1000.000000000000000 ) ;
#2191 = EDGE_LOOP ( 'NONE', ( #4311, #809, #2987, #3342, #4797, #547 ) ) ;
#2192 = CARTESIAN_POINT ( 'NONE',  ( 16.00000000000000000, 5.000000000000004441, -27.00000000000006395 ) ) ;
#2193 = CIRCLE ( 'NONE', #1216, 1.249999999999999334 ) ;
#2194 = CARTESIAN_POINT ( 'NONE',  ( -1.331874386065286409, -16.81908500358545311, 5.000000000000000000 ) ) ;
#2195 = EDGE_CURVE ( 'NONE', #10852, #3321, #8577, .T. ) ;
#2196 = LINE ( 'NONE', #11596, #218 ) ;
#2197 = LINE ( 'NONE', #5877, #2408 ) ;
#2198 = FACE_BOUND ( 'NONE', #2429, .T. ) ;
#2199 = CYLINDRICAL_SURFACE ( 'NONE', #10429, 1.500000000000001332 ) ;
#2200 = CARTESIAN_POINT ( 'NONE',  ( 7.000000000000003553, -8.208545504429656248, 10.00000000000000000 ) ) ;
#2201 = ORIENTED_EDGE ( 'NONE', *, *, #9746, .T. ) ;
#2202 = ORIENTED_EDGE ( 'NONE', *, *, #4780, .T. ) ;
#2203 = DIRECTION ( 'NONE',  ( -0.000000000000000000, -0.000000000000000000, 1.000000000000000000 ) ) ;
#2204 = ORIENTED_EDGE ( 'NONE', *, *, #3477, .T. ) ;
#2205 = CARTESIAN_POINT ( 'NONE',  ( -4.734038591572304888, -15.12121523040714521, 4.000000000000002665 ) ) ;
#2206 = ORIENTED_EDGE ( 'NONE', *, *, #3200, .F. ) ;
#2207 = FACE_OUTER_BOUND ( 'NONE', #8640, .T. ) ;
#2208 = CIRCLE ( 'NONE', #3554, 1.500000000000001332 ) ;
#2209 = DIRECTION ( 'NONE',  ( 1.000000000000000000, -0.000000000000000000, 0.000000000000000000 ) ) ;
#2210 = FACE_OUTER_BOUND ( 'NONE', #2927, .T. ) ;
#2211 = DIRECTION ( 'NONE',  ( -0.000000000000000000, -0.000000000000000000, -1.000000000000000000 ) ) ;
#2212 = CARTESIAN_POINT ( 'NONE',  ( -80.49704286343079218, 27.63682491093076621, -99.33279057944668011 ) ) ;
#2213 = ORIENTED_EDGE ( 'NONE', *, *, #10330, .F. ) ;
#2214 = CARTESIAN_POINT ( 'NONE',  ( 4.355448717948715576, -14.53822518807815989, 5.000000000000000000 ) ) ;
#2215 = DIRECTION ( 'NONE',  ( 0.000000000000000000, 0.000000000000000000, 1.000000000000000000 ) ) ;
#2216 = ORIENTED_EDGE ( 'NONE', *, *, #11080, .T. ) ;
#2217 = DIRECTION ( 'NONE',  ( 1.000000000000000000, -0.000000000000000000, 0.000000000000000000 ) ) ;
#2218 = FACE_BOUND ( 'NONE', #4134, .T. ) ;
#2219 = VERTEX_POINT ( 'NONE', #6342 ) ;
#2220 = VECTOR ( 'NONE', #4935, 1000.000000000000000 ) ;
#2221 = CARTESIAN_POINT ( 'NONE',  ( -0.4477564102564112192, -16.65489185474482525, 4.000000000000000000 ) ) ;
#2222 = DIRECTION ( 'NONE',  ( 1.000000000000000000, 0.000000000000000000, 0.000000000000000000 ) ) ;
#2223 = LINE ( 'NONE', #9356, #7375 ) ;
#2224 = DIRECTION ( 'NONE',  ( -0.000000000000000000, 1.000000000000000000, -0.000000000000000000 ) ) ;
#2225 = EDGE_CURVE ( 'NONE', #10306, #5635, #6159, .T. ) ;
#2226 = ORIENTED_EDGE ( 'NONE', *, *, #7053, .F. ) ;
#2227 = VECTOR ( 'NONE', #4698, 1000.000000000000000 ) ;
#2229 = EDGE_CURVE ( 'NONE', #4730, #10364, #2666, .T. ) ;
#2228 = FACE_BOUND ( 'NONE', #7683, .T. ) ;
#2230 = CARTESIAN_POINT ( 'NONE',  ( -0.5296705452097960620, 8.500000000000000000, 0.000000000000000000 ) ) ;
#2231 = ORIENTED_EDGE ( 'NONE', *, *, #691, .F. ) ;
#2232 = EDGE_CURVE ( 'NONE', #7297, #5250, #6429, .T. ) ;
#2233 = ORIENTED_EDGE ( 'NONE', *, *, #3258, .F. ) ;
#2234 = ORIENTED_EDGE ( 'NONE', *, *, #9713, .T. ) ;
#2235 = PLANE ( 'NONE',  #8352 ) ;
#2236 = CARTESIAN_POINT ( 'NONE',  ( 1.086619042635373233, -16.63111049234407446, 4.000000000000000888 ) ) ;
#2237 = EDGE_CURVE ( 'NONE', #859, #11252, #9829, .T. ) ;
#2238 = CARTESIAN_POINT ( 'NONE',  ( 79.23329030668131168, 23.23868654076083828, -60.01279373395539807 ) ) ;
#2239 = LINE ( 'NONE', #11525, #10492 ) ;
#2240 = VERTEX_POINT ( 'NONE', #711 ) ;
#2241 = CYLINDRICAL_SURFACE ( 'NONE', #5767, 1.500000000000001332 ) ;
#2242 = CARTESIAN_POINT ( 'NONE',  ( 7.000000000000003553, -9.208545504429656248, 6.000000000000000888 ) ) ;
#2243 = CARTESIAN_POINT ( 'NONE',  ( -2.727243589743591379, -14.53822518807815989, 4.000000000000000000 ) ) ;
#2244 = EDGE_LOOP ( 'NONE', ( #7901, #7543, #6024, #11105 ) ) ;
#2245 = EDGE_CURVE ( 'NONE', #9552, #6982, #6998, .T. ) ;
#2246 = ORIENTED_EDGE ( 'NONE', *, *, #7187, .F. ) ;
#2247 = FACE_OUTER_BOUND ( 'NONE', #7488, .T. ) ;
#2248 = FACE_OUTER_BOUND ( 'NONE', #3470, .T. ) ;
#2249 = DIRECTION ( 'NONE',  ( -0.000000000000000000, 1.000000000000000000, -0.000000000000000000 ) ) ;
#2250 = CIRCLE ( 'NONE', #1870, 2.599999999999984102 ) ;
#2251 = EDGE_CURVE ( 'NONE', #9528, #8290, #4221, .T. ) ;
#2252 = CARTESIAN_POINT ( 'NONE',  ( -0.08007804665968364100, -15.08486808327615059, 4.000000000000000888 ) ) ;
#2253 = CARTESIAN_POINT ( 'NONE',  ( -75.00000000000000000, 0.000000000000000000, 9.999999999999953815 ) ) ;
#2254 = DIRECTION ( 'NONE',  ( 0.000000000000000000, 0.000000000000000000, -1.000000000000000000 ) ) ;
#2255 = CARTESIAN_POINT ( 'NONE',  ( -45.60000000000000142, -16.20000000000000284, -7.500000000000069278 ) ) ;
#2256 = VERTEX_POINT ( 'NONE', #5370 ) ;
#2257 = VERTEX_POINT ( 'NONE', #3436 ) ;
#2258 = CARTESIAN_POINT ( 'NONE',  ( 0.3970017988162010680, -14.64052744876494572, 5.000000000000000888 ) ) ;
#2259 = VERTEX_POINT ( 'NONE', #9046 ) ;
#2260 = CARTESIAN_POINT ( 'NONE',  ( -4.693809813418641674, -15.12634812296136566, 4.999999999999997335 ) ) ;
#2261 = ORIENTED_EDGE ( 'NONE', *, *, #844, .T. ) ;
#2262 = AXIS2_PLACEMENT_3D ( 'NONE', #2836, #8270, #835 ) ;
#2263 = CARTESIAN_POINT ( 'NONE',  ( 3.948397435897434526, -14.53822518807815989, 4.000000000000000000 ) ) ;
#2264 = LINE ( 'NONE', #7814, #10610 ) ;
#2265 = CARTESIAN_POINT ( 'NONE',  ( 16.46446609406726580, -9.307611844574852356, 5.000000000000000000 ) ) ;
#2266 = PLANE ( 'NONE',  #8189 ) ;
#2267 = LINE ( 'NONE', #5111, #11013 ) ;
#2268 = ORIENTED_EDGE ( 'NONE', *, *, #11349, .T. ) ;
#2269 = DIRECTION ( 'NONE',  ( 0.000000000000000000, -0.000000000000000000, -1.000000000000000000 ) ) ;
#2270 = LINE ( 'NONE', #9455, #7894 ) ;
#2271 = ORIENTED_EDGE ( 'NONE', *, *, #5208, .T. ) ;
#2272 = DIRECTION ( 'NONE',  ( -0.000000000000000000, -1.000000000000000000, -0.000000000000000000 ) ) ;
#2273 = CARTESIAN_POINT ( 'NONE',  ( -0.4477564102564112192, -16.08502005987303107, 4.000000000000000000 ) ) ;
#2274 = ORIENTED_EDGE ( 'NONE', *, *, #4804, .T. ) ;
#2275 = PLANE ( 'NONE',  #4691 ) ;
#2276 = CARTESIAN_POINT ( 'NONE',  ( -2.156531675770218204, -16.14779317042628648, 5.000000000000000000 ) ) ;
#2277 = PLANE ( 'NONE',  #6023 ) ;
#2278 = DIRECTION ( 'NONE',  ( -1.000000000000000000, 0.000000000000000000, 0.000000000000000000 ) ) ;
#2279 = EDGE_LOOP ( 'NONE', ( #2176, #2137, #6406, #10345, #4031, #5487 ) ) ;
#2280 = CARTESIAN_POINT ( 'NONE',  ( -3.933806712607696543, -14.98990429835600757, 4.999999999999999112 ) ) ;
#2281 = DIRECTION ( 'NONE',  ( 3.154042683594193641E-16, -0.000000000000000000, 1.000000000000000000 ) ) ;
#2282 = ADVANCED_FACE ( 'NONE', ( #10795 ), #5255, .T. ) ;
#2283 = ORIENTED_EDGE ( 'NONE', *, *, #9863, .T. ) ;
#2284 = ORIENTED_EDGE ( 'NONE', *, *, #10551, .F. ) ;
#2285 = ORIENTED_EDGE ( 'NONE', *, *, #3418, .T. ) ;
#2286 = EDGE_CURVE ( 'NONE', #4718, #6128, #2364, .T. ) ;
#2287 = DIRECTION ( 'NONE',  ( -1.000000000000000000, 0.000000000000000000, 0.000000000000000000 ) ) ;
#2288 = DIRECTION ( 'NONE',  ( 0.000000000000000000, 1.000000000000000000, 0.000000000000000000 ) ) ;
#2289 = CARTESIAN_POINT ( 'NONE',  ( 21.50000000000000711, -20.49999999999999289, 5.000000000000000000 ) ) ;
#2290 = ORIENTED_EDGE ( 'NONE', *, *, #2163, .F. ) ;
#2291 = APPLICATION_PROTOCOL_DEFINITION ( 'draft international standard', 'automotive_design', 1998, #2808 ) ;
#2292 = CARTESIAN_POINT ( 'NONE',  ( -75.00000000000001421, 37.42339375865881124, -73.75000000000000000 ) ) ;
#2293 = CARTESIAN_POINT ( 'NONE',  ( 119.0000000000000284, 10.57660624134121363, -72.24999999999998579 ) ) ;
#2294 = EDGE_CURVE ( 'NONE', #10807, #7956, #5131, .T. ) ;
#2295 = CARTESIAN_POINT ( 'NONE',  ( -22.49999999999999289, -21.50000000000000000, 9.000000000000001776 ) ) ;
#2296 = ORIENTED_EDGE ( 'NONE', *, *, #9446, .F. ) ;
#2297 = ORIENTED_EDGE ( 'NONE', *, *, #9815, .F. ) ;
#2298 = CARTESIAN_POINT ( 'NONE',  ( -1.811100477711193202, -17.15536548952404061, 4.999999999999994671 ) ) ;
#2299 = CARTESIAN_POINT ( 'NONE',  ( -1.458819483906499626, -16.63863675248896712, 4.000000000000000888 ) ) ;
#2300 = CARTESIAN_POINT ( 'NONE',  ( -26.00000000000000000, 5.000000000000004441, 44.99999999999992895 ) ) ;
#2301 = EDGE_CURVE ( 'NONE', #4832, #4280, #5186, .T. ) ;
#2302 = CARTESIAN_POINT ( 'NONE',  ( -1.098038976398268529, -15.20291703840947406, 4.999999999999998224 ) ) ;
#2303 = DIRECTION ( 'NONE',  ( -0.000000000000000000, -0.000000000000000000, -1.000000000000000000 ) ) ;
#2304 = CARTESIAN_POINT ( 'NONE',  ( 22.26058151680846819, 15.72900601150596600, 2.500000000000000000 ) ) ;
#2305 = CARTESIAN_POINT ( 'NONE',  ( 8.000000000000001776, -6.208545504429656248, 10.00000000000000000 ) ) ;
#2306 = ORIENTED_EDGE ( 'NONE', *, *, #5184, .F. ) ;
#2307 = ORIENTED_EDGE ( 'NONE', *, *, #9101, .T. ) ;
#2308 = CARTESIAN_POINT ( 'NONE',  ( 0.7703133336098925144, -14.90025846607622917, 5.000000000000000000 ) ) ;
#2309 = ORIENTED_EDGE ( 'NONE', *, *, #2681, .T. ) ;
#2310 = VECTOR ( 'NONE', #4758, 1000.000000000000000 ) ;
#2311 = LINE ( 'NONE', #7869, #6779 ) ;
#2312 = EDGE_CURVE ( 'NONE', #7430, #8676, #6283, .T. ) ;
#2313 = ORIENTED_EDGE ( 'NONE', *, *, #5770, .F. ) ;
#2314 = EDGE_CURVE ( 'NONE', #11147, #9542, #4468, .T. ) ;
#2315 = CARTESIAN_POINT ( 'NONE',  ( -78.99999999999995737, 22.50000000000000711, -60.00000000000001421 ) ) ;
#2316 = LINE ( 'NONE', #3172, #1361 ) ;
#2317 = VECTOR ( 'NONE', #3469, 1000.000000000000000 ) ;
#2318 = CARTESIAN_POINT ( 'NONE',  ( -25.99999999999999645, 0.000000000000000000, 9.999999999999953815 ) ) ;
#2319 = DIRECTION ( 'NONE',  ( 0.000000000000000000, 1.000000000000000000, 0.000000000000000000 ) ) ;
#2320 = CARTESIAN_POINT ( 'NONE',  ( -15.86005420924688991, 7.456272356324761041, 5.000000000000000000 ) ) ;
#2321 = FACE_BOUND ( 'NONE', #5037, .T. ) ;
#2322 = ORIENTED_EDGE ( 'NONE', *, *, #9128, .T. ) ;
#2323 = DIRECTION ( 'NONE',  ( 1.000000000000000000, 0.000000000000000000, 0.000000000000000000 ) ) ;
#2324 = DIRECTION ( 'NONE',  ( 1.652117596168387756E-16, 0.000000000000000000, 1.000000000000000000 ) ) ;
#2325 = VERTEX_POINT ( 'NONE', #2650 ) ;
#2326 = AXIS2_PLACEMENT_3D ( 'NONE', #744, #7221, #3352 ) ;
#2327 = DIRECTION ( 'NONE',  ( 0.4512830391435773136, -0.8923808708064826511, 0.000000000000000000 ) ) ;
#2328 = CIRCLE ( 'NONE', #6754, 1.499999999999987566 ) ;
#2329 = VECTOR ( 'NONE', #5302, 1000.000000000000000 ) ;
#2330 = ORIENTED_EDGE ( 'NONE', *, *, #7871, .T. ) ;
#2331 = SURFACE_SIDE_STYLE ('',( #5240 ) ) ;
#2332 = CIRCLE ( 'NONE', #8697, 1.500000000000001332 ) ;
#2333 = EDGE_CURVE ( 'NONE', #3180, #6043, #10011, .T. ) ;
#2334 = DIRECTION ( 'NONE',  ( -0.000000000000000000, 1.000000000000000000, -0.000000000000000000 ) ) ;
#2335 = CARTESIAN_POINT ( 'NONE',  ( 6.065064102564100779, -15.10809698294995584, 5.000000000000000000 ) ) ;
#2336 = ORIENTED_EDGE ( 'NONE', *, *, #10348, .F. ) ;
#2337 = AXIS2_PLACEMENT_3D ( 'NONE', #2524, #4469, #10920 ) ;
#2338 = CARTESIAN_POINT ( 'NONE',  ( -4.085078278190096945, -14.79228298569620925, 5.000000000000000000 ) ) ;
#2339 = LINE ( 'NONE', #1490, #4887 ) ;
#2340 =( GEOMETRIC_REPRESENTATION_CONTEXT ( 3 ) GLOBAL_UNCERTAINTY_ASSIGNED_CONTEXT ( ( #6854 ) ) GLOBAL_UNIT_ASSIGNED_CONTEXT ( ( #11584, #7848, #10509 ) ) REPRESENTATION_CONTEXT ( 'NONE', 'WORKASPACE' ) );
#2341 = ORIENTED_EDGE ( 'NONE', *, *, #11581, .T. ) ;
#2342 = EDGE_LOOP ( 'NONE', ( #4610, #2734 ) ) ;
#2343 = CIRCLE ( 'NONE', #3124, 6.500000000000005329 ) ;
#2344 = AXIS2_PLACEMENT_3D ( 'NONE', #5002, #7652, #10430 ) ;
#2345 = DIRECTION ( 'NONE',  ( 0.000000000000000000, -0.000000000000000000, 1.000000000000000000 ) ) ;
#2346 = CARTESIAN_POINT ( 'NONE',  ( 0.8095053573310251327, -17.19685137241162920, 4.000000000000000000 ) ) ;
#2347 = CARTESIAN_POINT ( 'NONE',  ( 1.865265112314758388E-14, -13.50000000000003197, 9.000000000000001776 ) ) ;
#2348 = CARTESIAN_POINT ( 'NONE',  ( 23.18380419571102280, 13.69266036901632688, 9.000000000000001776 ) ) ;
#2349 = ORIENTED_EDGE ( 'NONE', *, *, #5025, .F. ) ;
#2350 = PRODUCT_CONTEXT ( 'NONE', #7503, 'mechanical' ) ;
#2351 = FACE_OUTER_BOUND ( 'NONE', #5651, .T. ) ;
#2352 = LINE ( 'NONE', #7065, #396 ) ;
#2353 = CARTESIAN_POINT ( 'NONE',  ( -20.00000000000001421, 5.000000000000000000, 76.99999999999992895 ) ) ;
#2354 = EDGE_LOOP ( 'NONE', ( #8401, #1914 ) ) ;
#2355 = VECTOR ( 'NONE', #6541, 1000.000000000000000 ) ;
#2356 = AXIS2_PLACEMENT_3D ( 'NONE', #8627, #7533, #1126 ) ;
#2357 = ADVANCED_FACE ( 'NONE', ( #52 ), #1010, .F. ) ;
#2358 = B_SPLINE_SURFACE_WITH_KNOTS ( 'NONE', 3, 1, ( 
 ( #11873, #7291 ),
 ( #1912, #8318 ),
 ( #10966, #9218 ),
 ( #5596, #6450 ),
 ( #9165, #10119 ),
 ( #9275, #6390 ),
 ( #3733, #4576 ),
 ( #8261, #3790 ),
 ( #11928, #3670 ),
 ( #998, #7351 ),
 ( #6273, #7464 ),
 ( #5536, #8136 ),
 ( #2824, #208 ),
 ( #2996, #10299 ),
 ( #2036, #4874 ),
 ( #7580, #11320 ),
 ( #6730, #3843 ),
 ( #8487, #5718 ),
 ( #2150, #9574 ),
 ( #1237, #4937 ),
 ( #3054, #11261 ),
 ( #9399, #8433 ),
 ( #8550, #10234 ),
 ( #1113, #151 ),
 ( #269, #3908 ),
 ( #10412, #9341 ),
 ( #383, #5661 ) ),
 .UNSPECIFIED., .F., .F., .F.,
 ( 4, 1, 1, 1, 1, 1, 1, 1, 1, 1, 1, 1, 1, 1, 1, 1, 1, 1, 1, 1, 1, 1, 1, 1, 4 ),
 ( 2, 2 ),
 ( 0.000000000000000000, 0.07288902662003830801, 0.1401861299444947251, 0.2022774341249594099, 0.2588951317514626704, 0.3104829424654785841, 0.3570952441313352543, 0.3985135666534657672, 0.4350375108701164395, 0.4692514858292881064, 0.5028050278902749248, 0.5362104463185621839, 0.5693793599392057425, 0.6028014750483932094, 0.6366657983367768336, 0.6709286568940430184, 0.7058030002293130822, 0.7411890612458772454, 0.7763043110764616950, 0.8120043009129355172, 0.8479689758088961860, 0.8845217611964798499, 0.9219741585442051690, 0.9601981758096084230, 0.9999999999999998890 ),
 ( 0.000000000000000000, 1.000000000000000000 ),
 .UNSPECIFIED. ) ;
#2359 = ORIENTED_EDGE ( 'NONE', *, *, #1033, .T. ) ;
#2360 = CARTESIAN_POINT ( 'NONE',  ( -21.49999999999999289, -20.50000000000000000, 9.000000000000001776 ) ) ;
#2361 = CARTESIAN_POINT ( 'NONE',  ( -45.49999999999997868, 0.000000000000000000, 93.44999999999993179 ) ) ;
#2362 = CARTESIAN_POINT ( 'NONE',  ( -7.542860565386886762, 2.791454495570343752, 10.00000000000000000 ) ) ;
#2363 = AXIS2_PLACEMENT_3D ( 'NONE', #7596, #11281, #6696 ) ;
#2364 = CIRCLE ( 'NONE', #242, 1.500000000000001332 ) ;
#2365 = CARTESIAN_POINT ( 'NONE',  ( 0.4840094150641017223, -15.45599862557816273, 4.000000000000000888 ) ) ;
#2366 = CARTESIAN_POINT ( 'NONE',  ( 140.0000000000000853, 22.50000000000000711, -60.00000000000001421 ) ) ;
#2367 = CARTESIAN_POINT ( 'NONE',  ( 12.00000000000000178, 2.000000000000000000, 5.999999999999992895 ) ) ;
#2368 = CARTESIAN_POINT ( 'NONE',  ( -30.01888746451763623, 17.85109630944759473, 5.000000000000000000 ) ) ;
#2369 = VERTEX_POINT ( 'NONE', #1989 ) ;
#2370 = ORIENTED_EDGE ( 'NONE', *, *, #8940, .T. ) ;
#2371 = DIRECTION ( 'NONE',  ( -0.000000000000000000, -0.000000000000000000, 1.000000000000000000 ) ) ;
#2372 = ORIENTED_EDGE ( 'NONE', *, *, #6685, .T. ) ;
#2373 = CARTESIAN_POINT ( 'NONE',  ( -4.396153846153845635, -15.43246597333456016, 4.999999999999999112 ) ) ;
#2374 = EDGE_LOOP ( 'NONE', ( #2306, #5571, #4226, #3540 ) ) ;
#2375 = EDGE_CURVE ( 'NONE', #10463, #1688, #8436, .T. ) ;
#2376 = CARTESIAN_POINT ( 'NONE',  ( 0.6401650156129062852, -14.79379014986422725, 4.000000000000000888 ) ) ;
#2377 = CARTESIAN_POINT ( 'NONE',  ( 81.00000000000001421, 24.00000000000000355, -63.00000000000000000 ) ) ;
#2378 = EDGE_CURVE ( 'NONE', #8263, #4623, #9401, .T. ) ;
#2379 = CARTESIAN_POINT ( 'NONE',  ( 9.299999999999998934, 2.000000000000000000, -9.299999999999997158 ) ) ;
#2380 = CARTESIAN_POINT ( 'NONE',  ( 24.00000000000001421, 5.000000000000004441, -25.00000000000006395 ) ) ;
#2381 = CARTESIAN_POINT ( 'NONE',  ( 140.0000000000000853, 5.000000000000000888, -57.99999999999997868 ) ) ;
#2382 = FACE_OUTER_BOUND ( 'NONE', #4261, .T. ) ;
#2383 = EDGE_CURVE ( 'NONE', #8461, #2066, #2889, .T. ) ;
#2384 = ORIENTED_EDGE ( 'NONE', *, *, #4753, .F. ) ;
#2385 = DIRECTION ( 'NONE',  ( -1.000000000000000000, 0.000000000000000000, 0.000000000000000000 ) ) ;
#2386 = LINE ( 'NONE', #11684, #10789 ) ;
#2387 = EDGE_LOOP ( 'NONE', ( #5896, #5929, #7586, #10757 ) ) ;
#2388 = CARTESIAN_POINT ( 'NONE',  ( -5.999999999999997335, -5.208545504429655360, 6.000000000000000888 ) ) ;
#2389 = VECTOR ( 'NONE', #9215, 1000.000000000000114 ) ;
#2390 = ADVANCED_FACE ( 'NONE', ( #5430 ), #4530, .T. ) ;
#2391 = CIRCLE ( 'NONE', #9148, 1.749999999999998002 ) ;
#2392 = VERTEX_POINT ( 'NONE', #3803 ) ;
#2393 = CARTESIAN_POINT ( 'NONE',  ( 72.99999999999998579, 0.000000000000000000, -105.0000000000000142 ) ) ;
#2394 = AXIS2_PLACEMENT_3D ( 'NONE', #5465, #5523, #4383 ) ;
#2395 = FACE_OUTER_BOUND ( 'NONE', #3205, .T. ) ;
#2396 = LINE ( 'NONE', #2335, #2582 ) ;
#2397 = AXIS2_PLACEMENT_3D ( 'NONE', #6150, #6393, #8015 ) ;
#2398 = ORIENTED_EDGE ( 'NONE', *, *, #10348, .T. ) ;
#2399 = DIRECTION ( 'NONE',  ( -1.000000000000000000, -0.000000000000000000, -0.000000000000000000 ) ) ;
#2400 = EDGE_CURVE ( 'NONE', #4018, #7922, #11314, .T. ) ;
#2401 = CARTESIAN_POINT ( 'NONE',  ( 8.000000000000001776, -6.208545504429656248, 6.000000000000000888 ) ) ;
#2402 = CIRCLE ( 'NONE', #10688, 1.549999999999995826 ) ;
#2403 = ORIENTED_EDGE ( 'NONE', *, *, #5563, .F. ) ;
#2404 = VERTEX_POINT ( 'NONE', #3744 ) ;
#2405 = APPLICATION_CONTEXT ( 'automotive_design' ) ;
#2406 = CARTESIAN_POINT ( 'NONE',  ( -11.00000000000000000, 2.000000000000000000, -11.00000000000000000 ) ) ;
#2407 = CARTESIAN_POINT ( 'NONE',  ( -0.4675222294235520937, -17.22381282794947310, 4.000000000000000000 ) ) ;
#2408 = VECTOR ( 'NONE', #784, 1000.000000000000000 ) ;
#2409 = CARTESIAN_POINT ( 'NONE',  ( -23.18380419571102991, 13.69266036901629313, 9.000000000000001776 ) ) ;
#2410 = DIRECTION ( 'NONE',  ( -9.435651794974676451E-17, -0.7071067811865525687, 0.7071067811865425767 ) ) ;
#2411 = VERTEX_POINT ( 'NONE', #3623 ) ;
#2412 = FACE_BOUND ( 'NONE', #4634, .T. ) ;
#2413 = DIRECTION ( 'NONE',  ( 3.854941057726235139E-16, 0.000000000000000000, -1.000000000000000000 ) ) ;
#2414 = DIRECTION ( 'NONE',  ( -1.000000000000000000, 0.000000000000000000, 0.000000000000000000 ) ) ;
#2415 = ORIENTED_EDGE ( 'NONE', *, *, #1705, .F. ) ;
#2416 = ORIENTED_EDGE ( 'NONE', *, *, #760, .T. ) ;
#2417 = CARTESIAN_POINT ( 'NONE',  ( -0.7937325473817727906, -17.76542137330358528, 4.000000000000000888 ) ) ;
#2418 = CARTESIAN_POINT ( 'NONE',  ( 0.9152293669871784942, -15.04322318487303178, 4.000000000000000000 ) ) ;
#2419 = DIRECTION ( 'NONE',  ( 0.000000000000000000, 0.000000000000000000, 1.000000000000000000 ) ) ;
#2420 = CARTESIAN_POINT ( 'NONE',  ( -1.463520126352013673, -15.59651043888651678, 3.999999999999999112 ) ) ;
#2421 = CARTESIAN_POINT ( 'NONE',  ( 81.00000000000001421, 24.00000000000000000, -95.50000000000000000 ) ) ;
#2422 = DIRECTION ( 'NONE',  ( -1.000000000000000000, 0.000000000000000000, 0.000000000000000000 ) ) ;
#2423 = DIRECTION ( 'NONE',  ( 0.000000000000000000, 0.000000000000000000, -1.000000000000000000 ) ) ;
#2424 = ORIENTED_EDGE ( 'NONE', *, *, #4898, .F. ) ;
#2425 = VERTEX_POINT ( 'NONE', #7300 ) ;
#2426 = CARTESIAN_POINT ( 'NONE',  ( 26.63101451046069101, -20.32500000000000995, 2.500000000000000000 ) ) ;
#2427 = ORIENTED_EDGE ( 'NONE', *, *, #8576, .F. ) ;
#2428 = CARTESIAN_POINT ( 'NONE',  ( 7.000000000000003553, -6.208545504429656248, 10.00000000000000000 ) ) ;
#2429 = EDGE_LOOP ( 'NONE', ( #6672, #900 ) ) ;
#2430 = VECTOR ( 'NONE', #2073, 1000.000000000000000 ) ;
#2431 = VECTOR ( 'NONE', #10780, 1000.000000000000000 ) ;
#2432 = CARTESIAN_POINT ( 'NONE',  ( -24.99999999999999645, -17.50000000000000000, 2.500000000000000000 ) ) ;
#2433 = CARTESIAN_POINT ( 'NONE',  ( -2.250000000000000444, 4.000000000000000000, -6.499999999999999112 ) ) ;
#2434 = EDGE_CURVE ( 'NONE', #2584, #10560, #7422, .T. ) ;
#2435 = CIRCLE ( 'NONE', #4380, 1.750000000000001554 ) ;
#2436 = LINE ( 'NONE', #1469, #5498 ) ;
#2437 = CARTESIAN_POINT ( 'NONE',  ( -2.070894298496636754, -16.66061478450120603, 4.000000000000000888 ) ) ;
#2438 = EDGE_CURVE ( 'NONE', #5061, #1589, #6574, .T. ) ;
#2439 = CARTESIAN_POINT ( 'NONE',  ( 7.999999999999996447, 0.000000000000000000, 12.00000000000000000 ) ) ;
#2440 = LINE ( 'NONE', #9024, #6946 ) ;
#2441 = ORIENTED_EDGE ( 'NONE', *, *, #11307, .F. ) ;
#2442 = CARTESIAN_POINT ( 'NONE',  ( -1.839977854107104127, -15.12876597410665802, 4.000000000000001776 ) ) ;
#2443 = CARTESIAN_POINT ( 'NONE',  ( 0.3520804037182353463, -16.85313485653561472, 3.999999999999998224 ) ) ;
#2444 = ORIENTED_EDGE ( 'NONE', *, *, #11728, .F. ) ;
#2445 = CARTESIAN_POINT ( 'NONE',  ( -5.016271033653846523, -15.10809698294994519, 5.000000000000000000 ) ) ;
#2446 = AXIS2_PLACEMENT_3D ( 'NONE', #5237, #4513, #10777 ) ;
#2447 = DIRECTION ( 'NONE',  ( -0.5000000000000004441, 0.8660254037844383745, 0.000000000000000000 ) ) ;
#2448 = ADVANCED_FACE ( 'NONE', ( #10976 ), #11097, .F. ) ;
#2449 = ORIENTED_EDGE ( 'NONE', *, *, #3434, .F. ) ;
#2450 = CARTESIAN_POINT ( 'NONE',  ( -1.874319610407004788, -17.06371774496270888, 4.999999999999998224 ) ) ;
#2451 = DIRECTION ( 'NONE',  ( -1.000000000000000000, 0.000000000000000000, 9.376883653928692294E-17 ) ) ;
#2452 = CARTESIAN_POINT ( 'NONE',  ( 9.800000000000002487, 2.791454495570343752, 6.000000000000016875 ) ) ;
#2453 = EDGE_CURVE ( 'NONE', #7783, #8443, #7311, .T. ) ;
#2454 = DIRECTION ( 'NONE',  ( -0.000000000000000000, -1.000000000000000000, -0.000000000000000000 ) ) ;
#2455 = ORIENTED_EDGE ( 'NONE', *, *, #11462, .F. ) ;
#2456 = DIRECTION ( 'NONE',  ( -0.9987351342960424372, 0.05028052826558230409, 0.000000000000000000 ) ) ;
#2457 = CARTESIAN_POINT ( 'NONE',  ( -1.568235892687699806, -16.33322781619297714, 4.999999999999999112 ) ) ;
#2458 = ORIENTED_EDGE ( 'NONE', *, *, #3973, .F. ) ;
#2459 = ORIENTED_EDGE ( 'NONE', *, *, #5415, .T. ) ;
#2460 = ADVANCED_FACE ( 'NONE', ( #7477 ), #111, .F. ) ;
#2461 = ORIENTED_EDGE ( 'NONE', *, *, #2375, .T. ) ;
#2462 = CARTESIAN_POINT ( 'NONE',  ( -4.413061768836471721, -15.54982462116395681, 4.000000000000000888 ) ) ;
#2463 = CARTESIAN_POINT ( 'NONE',  ( 24.00000000000002842, 0.000000000000000000, 46.49999999999992895 ) ) ;
#2464 = CARTESIAN_POINT ( 'NONE',  ( -0.005594862366429914115, -17.14803323146775682, 4.999999999999999112 ) ) ;
#2465 = DIRECTION ( 'NONE',  ( 0.5000000000000004441, 0.8660254037844383745, -0.000000000000000000 ) ) ;
#2466 = ORIENTED_EDGE ( 'NONE', *, *, #7483, .F. ) ;
#2467 = DIRECTION ( 'NONE',  ( 0.000000000000000000, 0.000000000000000000, -1.000000000000000000 ) ) ;
#2468 = CARTESIAN_POINT ( 'NONE',  ( -1.549999999999995604, -5.000000000000000000, -100.5000000000000000 ) ) ;
#2469 = DIRECTION ( 'NONE',  ( -0.000000000000000000, 0.000000000000000000, 1.000000000000000000 ) ) ;
#2470 = ORIENTED_EDGE ( 'NONE', *, *, #11214, .T. ) ;
#2471 = ORIENTED_EDGE ( 'NONE', *, *, #9553, .T. ) ;
#2472 = PLANE ( 'NONE',  #4759 ) ;
#2473 = ADVANCED_FACE ( 'NONE', ( #7363 ), #2779, .F. ) ;
#2474 = LINE ( 'NONE', #5686, #9098 ) ;
#2475 = CARTESIAN_POINT ( 'NONE',  ( 1.709615384615383205, -14.53822518807815989, 4.000000000000000000 ) ) ;
#2476 = EDGE_CURVE ( 'NONE', #10685, #10662, #1096, .T. ) ;
#2477 = CARTESIAN_POINT ( 'NONE',  ( 0.000000000000000000, 0.000000000000000000, 2.500000000000000000 ) ) ;
#2478 = CARTESIAN_POINT ( 'NONE',  ( -3.845088002972242069, -15.23314660543094057, 3.999999999999999112 ) ) ;
#2479 = DIRECTION ( 'NONE',  ( 0.000000000000000000, 0.000000000000000000, 1.000000000000000000 ) ) ;
#2480 = ORIENTED_EDGE ( 'NONE', *, *, #4285, .T. ) ;
#2481 = ORIENTED_EDGE ( 'NONE', *, *, #2934, .T. ) ;
#2482 = CARTESIAN_POINT ( 'NONE',  ( 11.00000000000000355, 2.000000000000000000, 6.000000000000000000 ) ) ;
#2483 = ORIENTED_EDGE ( 'NONE', *, *, #2830, .T. ) ;
#2484 = CARTESIAN_POINT ( 'NONE',  ( 119.0000000000000284, 24.00000000000000000, -95.50000000000000000 ) ) ;
#2485 = CARTESIAN_POINT ( 'NONE',  ( 24.00000000000002842, 5.000000000000004441, 43.49999999999992895 ) ) ;
#2486 = ORIENTED_EDGE ( 'NONE', *, *, #11436, .F. ) ;
#2487 = VECTOR ( 'NONE', #7121, 1000.000000000000000 ) ;
#2488 = B_SPLINE_CURVE_WITH_KNOTS ( 'NONE', 3,
 ( #6379, #9210, #7400, #6322, #8122, #3780, #929, #5405, #10898, #2754, #4619, #11920, #7282, #745, #3658, #1787, #1904, #8251, #4444 ),
 .UNSPECIFIED., .F., .F.,
 ( 4, 1, 1, 1, 1, 1, 1, 1, 1, 1, 1, 1, 1, 1, 1, 1, 4 ),
 ( 0.000000000000000000, 0.06874126307936506697, 0.1347890881950343511, 0.1985360495606897369, 0.2603856506059212261, 0.3209615782321951216, 0.3799038495841482455, 0.4385029357752677770, 0.4961543439762697294, 0.5542654832085001093, 0.6127487608156951815, 0.6725134425261790616, 0.7336464018979738100, 0.7967896194814538813, 0.8619356990410240726, 0.9293977347748985096, 0.9999999999999998890 ),
 .UNSPECIFIED. ) ;
#2489 = CARTESIAN_POINT ( 'NONE',  ( -80.73219026709767832, 28.72772142282416397, -60.99051844171966508 ) ) ;
#2490 = CARTESIAN_POINT ( 'NONE',  ( -1.774165953381786176, -15.05133716502196783, 4.000000000000000888 ) ) ;
#2491 = DIRECTION ( 'NONE',  ( 0.000000000000000000, 1.000000000000000000, 0.000000000000000000 ) ) ;
#2492 = CARTESIAN_POINT ( 'NONE',  ( 75.00000000000001421, 0.000000000000000000, -57.99999999999998579 ) ) ;
#2493 = VECTOR ( 'NONE', #808, 1000.000000000000000 ) ;
#2494 = CARTESIAN_POINT ( 'NONE',  ( -0.5857649643722975252, -15.02964070166748733, 3.999999999999999112 ) ) ;
#2495 = DIRECTION ( 'NONE',  ( 1.000000000000000000, 0.000000000000000000, 0.000000000000000000 ) ) ;
#2496 = ORIENTED_EDGE ( 'NONE', *, *, #6814, .F. ) ;
#2497 = FACE_OUTER_BOUND ( 'NONE', #1965, .T. ) ;
#2498 = CARTESIAN_POINT ( 'NONE',  ( 75.00000000000001421, 10.57660624134121363, -72.24999999999998579 ) ) ;
#2499 = EDGE_LOOP ( 'NONE', ( #11121, #11701, #6586, #8020 ) ) ;
#2500 = LINE ( 'NONE', #11017, #9480 ) ;
#2501 = EDGE_LOOP ( 'NONE', ( #10924, #1493, #3767, #6707 ) ) ;
#2502 = EDGE_CURVE ( 'NONE', #421, #11174, #5357, .T. ) ;
#2503 = CYLINDRICAL_SURFACE ( 'NONE', #6119, 1.749999999999998002 ) ;
#2504 = AXIS2_PLACEMENT_3D ( 'NONE', #11540, #3393, #1399 ) ;
#2505 = CARTESIAN_POINT ( 'NONE',  ( 7.000000000000003553, -6.208545504429656248, 5.000000000000000000 ) ) ;
#2506 = ADVANCED_FACE ( 'NONE', ( #1607 ), #634, .T. ) ;
#2507 = EDGE_CURVE ( 'NONE', #8188, #6295, #1728, .T. ) ;
#2508 = VECTOR ( 'NONE', #8902, 1000.000000000000000 ) ;
#2509 = CARTESIAN_POINT ( 'NONE',  ( -20.99999999999999645, -89.44271909999159220, -27.00000000000005329 ) ) ;
#2510 = LINE ( 'NONE', #8914, #1560 ) ;
#2511 = AXIS2_PLACEMENT_3D ( 'NONE', #2682, #4501, #8895 ) ;
#2512 = CARTESIAN_POINT ( 'NONE',  ( 19.00000000000000355, 5.000000000000004441, -27.00000000000005329 ) ) ;
#2514 = VERTEX_POINT ( 'NONE', #7160 ) ;
#2513 = PRODUCT_DEFINITION ( 'UNKNOWN', '', #6772, #2033 ) ;
#2515 = CARTESIAN_POINT ( 'NONE',  ( 80.40743200554562975, 27.26978528882514041, -99.42652107938567951 ) ) ;
#2516 = CARTESIAN_POINT ( 'NONE',  ( -1.331874386065286409, -16.81908500358545311, 5.000000000000000000 ) ) ;
#2517 = VERTEX_POINT ( 'NONE', #9093 ) ;
#2518 = AXIS2_PLACEMENT_3D ( 'NONE', #57, #9122, #8275 ) ;
#2519 = EDGE_CURVE ( 'NONE', #2522, #4330, #2647, .T. ) ;
#2520 = ORIENTED_EDGE ( 'NONE', *, *, #7545, .T. ) ;
#2521 = CIRCLE ( 'NONE', #1166, 1.549999999999995826 ) ;
#2522 = VERTEX_POINT ( 'NONE', #11690 ) ;
#2523 = DIRECTION ( 'NONE',  ( 0.000000000000000000, 0.000000000000000000, -1.000000000000000000 ) ) ;
#2524 = CARTESIAN_POINT ( 'NONE',  ( -16.74999999999999645, 5.949455682166679971, 5.000000000000000000 ) ) ;
#2525 = AXIS2_PLACEMENT_3D ( 'NONE', #7950, #6986, #1427 ) ;
#2526 = CARTESIAN_POINT ( 'NONE',  ( -0.4013083235086211675, -17.22452819423165238, 5.000000000000000888 ) ) ;
#2527 = EDGE_CURVE ( 'NONE', #4900, #6723, #7945, .T. ) ;
#2528 = LINE ( 'NONE', #1749, #5297 ) ;
#2529 = EDGE_LOOP ( 'NONE', ( #5183, #6109, #7809, #238 ) ) ;
#2530 = CARTESIAN_POINT ( 'NONE',  ( -22.26058151680846819, 15.72900601150596600, 2.500000000000000000 ) ) ;
#2531 = EDGE_CURVE ( 'NONE', #7938, #5040, #9810, .T. ) ;
#2532 = DIRECTION ( 'NONE',  ( -0.5085404518589206058, 0.8610380995189033104, 0.000000000000000000 ) ) ;
#2533 = VECTOR ( 'NONE', #7978, 1000.000000000000000 ) ;
#2534 = CARTESIAN_POINT ( 'NONE',  ( -43.00000000000000711, -16.20000000000000284, -7.500000000000069278 ) ) ;
#2535 = VERTEX_POINT ( 'NONE', #5296 ) ;
#2536 = VERTEX_POINT ( 'NONE', #3420 ) ;
#2537 = AXIS2_PLACEMENT_3D ( 'NONE', #11851, #10097, #2742 ) ;
#2538 = VECTOR ( 'NONE', #7629, 1000.000000000000000 ) ;
#2539 = ORIENTED_EDGE ( 'NONE', *, *, #6463, .F. ) ;
#2540 = ADVANCED_FACE ( 'NONE', ( #10720 ), #5473, .F. ) ;
#2541 = CARTESIAN_POINT ( 'NONE',  ( -8.799999999999998934, 2.791454495570343752, 6.000000000000011546 ) ) ;
#2542 = CARTESIAN_POINT ( 'NONE',  ( -3.882170345808931611, -15.78405234469648377, 5.000000000000000000 ) ) ;
#2543 = DIRECTION ( 'NONE',  ( 0.000000000000000000, -1.000000000000000000, 0.000000000000000000 ) ) ;
#2544 = ADVANCED_FACE ( 'NONE', ( #8909 ), #8192, .F. ) ;
#2545 = AXIS2_PLACEMENT_3D ( 'NONE', #9619, #1341, #916 ) ;
#2546 = LINE ( 'NONE', #11904, #6004 ) ;
#2548 = CIRCLE ( 'NONE', #7750, 1.500000000000001332 ) ;
#2547 = DIRECTION ( 'NONE',  ( 0.000000000000000000, 0.000000000000000000, 1.000000000000000000 ) ) ;
#2549 = ORIENTED_EDGE ( 'NONE', *, *, #10292, .F. ) ;
#2550 = ORIENTED_EDGE ( 'NONE', *, *, #10647, .T. ) ;
#2551 = CARTESIAN_POINT ( 'NONE',  ( 0.000000000000000000, 0.000000000000000000, 4.000000000000000000 ) ) ;
#2552 = EDGE_LOOP ( 'NONE', ( #7492, #7308 ) ) ;
#2553 = CARTESIAN_POINT ( 'NONE',  ( -1.584886816495615136, -16.22271571005266466, 3.999999999999999112 ) ) ;
#2554 = EDGE_CURVE ( 'NONE', #8443, #843, #6384, .T. ) ;
#2555 = DIRECTION ( 'NONE',  ( -0.000000000000000000, 0.000000000000000000, -1.000000000000000000 ) ) ;
#2556 = ORIENTED_EDGE ( 'NONE', *, *, #9827, .T. ) ;
#2557 = ADVANCED_FACE ( 'NONE', ( #7098 ), #2503, .F. ) ;
#2558 = CARTESIAN_POINT ( 'NONE',  ( 8.433177425405322225, 2.791454495570343752, 10.00000000000000000 ) ) ;
#2559 = AXIS2_PLACEMENT_3D ( 'NONE', #6415, #8344, #4838 ) ;
#2560 = FACE_OUTER_BOUND ( 'NONE', #9293, .T. ) ;
#2561 = PLANE ( 'NONE',  #3371 ) ;
#2562 = CARTESIAN_POINT ( 'NONE',  ( -2.101754536636343040, -16.55393570626073085, 3.999999999999998224 ) ) ;
#2563 = LINE ( 'NONE', #8303, #7224 ) ;
#2564 = LINE ( 'NONE', #5347, #11762 ) ;
#2565 = ORIENTED_EDGE ( 'NONE', *, *, #977, .T. ) ;
#2566 = DIRECTION ( 'NONE',  ( 0.000000000000000000, 0.000000000000000000, 1.000000000000000000 ) ) ;
#2567 = CARTESIAN_POINT ( 'NONE',  ( 0.05414935262507530878, -17.12029608227393851, 3.999999999999999112 ) ) ;
#2568 = ORIENTED_EDGE ( 'NONE', *, *, #5407, .T. ) ;
#2569 = VECTOR ( 'NONE', #1548, 1000.000000000000000 ) ;
#2570 = AXIS2_PLACEMENT_3D ( 'NONE', #5249, #3555, #3490 ) ;
#2571 = LINE ( 'NONE', #7284, #9330 ) ;
#2572 = ORIENTED_EDGE ( 'NONE', *, *, #5753, .F. ) ;
#2573 = DIRECTION ( 'NONE',  ( -0.000000000000000000, -0.000000000000000000, 1.000000000000000000 ) ) ;
#2574 = DIRECTION ( 'NONE',  ( 0.000000000000000000, 1.000000000000000000, 0.000000000000000000 ) ) ;
#2575 = CARTESIAN_POINT ( 'NONE',  ( -3.297115384615386446, -14.53822518807815989, 4.000000000000000000 ) ) ;
#2576 = VECTOR ( 'NONE', #9875, 1000.000000000000000 ) ;
#2577 = CARTESIAN_POINT ( 'NONE',  ( 22.09656497441888234, 18.98690900379348534, 0.000000000000000000 ) ) ;
#2578 = DIRECTION ( 'NONE',  ( -1.000000000000000000, 0.000000000000000000, 0.000000000000000000 ) ) ;
#2579 = DIRECTION ( 'NONE',  ( 0.5000000000000015543, 0.8660254037844377084, 0.000000000000000000 ) ) ;
#2580 = ORIENTED_EDGE ( 'NONE', *, *, #6726, .T. ) ;
#2581 = CARTESIAN_POINT ( 'NONE',  ( -81.00000000000001421, 37.42339375865881834, -87.75000000000002842 ) ) ;
#2582 = VECTOR ( 'NONE', #2278, 1000.000000000000000 ) ;
#2583 = CARTESIAN_POINT ( 'NONE',  ( 79.00000000000000000, 0.000000000000000000, -100.0000000000000000 ) ) ;
#2584 = VERTEX_POINT ( 'NONE', #10054 ) ;
#2585 = ORIENTED_EDGE ( 'NONE', *, *, #6870, .F. ) ;
#2586 = ORIENTED_EDGE ( 'NONE', *, *, #7310, .F. ) ;
#2587 = VECTOR ( 'NONE', #8797, 1000.000000000000000 ) ;
#2588 = EDGE_CURVE ( 'NONE', #10181, #11489, #694, .T. ) ;
#2589 = DIRECTION ( 'NONE',  ( -0.000000000000000000, -1.000000000000000000, -0.000000000000000000 ) ) ;
#2590 = DIRECTION ( 'NONE',  ( -0.000000000000000000, -0.000000000000000000, 1.000000000000000000 ) ) ;
#2591 = CARTESIAN_POINT ( 'NONE',  ( 22.09656497441888234, 18.98690900379348534, 0.000000000000000000 ) ) ;
#2592 = EDGE_CURVE ( 'NONE', #537, #1143, #750, .T. ) ;
#2593 = DIRECTION ( 'NONE',  ( 1.000000000000000000, 0.000000000000000000, 0.000000000000000000 ) ) ;
#2594 = ORIENTED_EDGE ( 'NONE', *, *, #2173, .T. ) ;
#2595 = VECTOR ( 'NONE', #1236, 1000.000000000000000 ) ;
#2596 = DIRECTION ( 'NONE',  ( -0.000000000000000000, -0.000000000000000000, 1.000000000000000000 ) ) ;
#2597 = EDGE_CURVE ( 'NONE', #10433, #9493, #3476, .T. ) ;
#2598 = FACE_OUTER_BOUND ( 'NONE', #9709, .T. ) ;
#2599 = FACE_OUTER_BOUND ( 'NONE', #8252, .T. ) ;
#2600 = ORIENTED_EDGE ( 'NONE', *, *, #5413, .T. ) ;
#2601 = ORIENTED_EDGE ( 'NONE', *, *, #674, .F. ) ;
#2602 = ORIENTED_EDGE ( 'NONE', *, *, #3716, .T. ) ;
#2603 = EDGE_CURVE ( 'NONE', #2325, #11651, #4200, .T. ) ;
#2604 = CIRCLE ( 'NONE', #8578, 1.500000000000001332 ) ;
#2605 = EDGE_CURVE ( 'NONE', #3064, #5217, #1668, .T. ) ;
#2606 = CARTESIAN_POINT ( 'NONE',  ( -16.74999999999999645, 5.949455682166679971, 5.000000000000000000 ) ) ;
#2607 = CARTESIAN_POINT ( 'NONE',  ( 5.746638708345982787E-15, 5.000000000000000000, -95.50000000000000000 ) ) ;
#2608 = CARTESIAN_POINT ( 'NONE',  ( 1.127581603246356590, -16.42831549469708818, 5.000000000000002665 ) ) ;
#2609 = CARTESIAN_POINT ( 'NONE',  ( -5.999999999999997335, -4.208545504429667794, 5.000000000000000000 ) ) ;
#2610 = FACE_BOUND ( 'NONE', #6177, .T. ) ;
#2611 = ORIENTED_EDGE ( 'NONE', *, *, #9845, .T. ) ;
#2612 = EDGE_CURVE ( 'NONE', #8938, #3514, #3544, .T. ) ;
#2613 = VERTEX_POINT ( 'NONE', #6505 ) ;
#2614 = DIRECTION ( 'NONE',  ( 0.000000000000000000, 0.000000000000000000, -1.000000000000000000 ) ) ;
#2615 = VERTEX_POINT ( 'NONE', #3726 ) ;
#2616 = AXIS2_PLACEMENT_3D ( 'NONE', #2072, #3772, #4855 ) ;
#2617 = DIRECTION ( 'NONE',  ( 0.000000000000000000, 0.000000000000000000, -1.000000000000000000 ) ) ;
#2618 = ORIENTED_EDGE ( 'NONE', *, *, #1655, .T. ) ;
#2619 = DIRECTION ( 'NONE',  ( 0.000000000000000000, 0.000000000000000000, -1.000000000000000000 ) ) ;
#2620 = EDGE_CURVE ( 'NONE', #9213, #7570, #6769, .T. ) ;
#2621 = LINE ( 'NONE', #6313, #5991 ) ;
#2622 = DIRECTION ( 'NONE',  ( 0.000000000000000000, 0.000000000000000000, -1.000000000000000000 ) ) ;
#2623 = FACE_OUTER_BOUND ( 'NONE', #2021, .T. ) ;
#2624 = DIRECTION ( 'NONE',  ( -0.000000000000000000, 1.000000000000000000, -0.000000000000000000 ) ) ;
#2625 = DIRECTION ( 'NONE',  ( -0.000000000000000000, -1.000000000000000000, -0.000000000000000000 ) ) ;
#2626 = ORIENTED_EDGE ( 'NONE', *, *, #9405, .T. ) ;
#2627 = LINE ( 'NONE', #11683, #7717 ) ;
#2628 = LINE ( 'NONE', #9991, #8677 ) ;
#2629 = ORIENTED_EDGE ( 'NONE', *, *, #7330, .F. ) ;
#2630 = FACE_OUTER_BOUND ( 'NONE', #9634, .T. ) ;
#2631 = ORIENTED_EDGE ( 'NONE', *, *, #1976, .F. ) ;
#2632 = AXIS2_PLACEMENT_3D ( 'NONE', #6911, #1413, #7875 ) ;
#2633 = CARTESIAN_POINT ( 'NONE',  ( 0.4636568509615375810, -16.65489185474482525, 4.000000000000000000 ) ) ;
#2634 = DIRECTION ( 'NONE',  ( -1.000000000000000000, 0.000000000000000000, 0.000000000000000000 ) ) ;
#2635 = PRESENTATION_LAYER_ASSIGNMENT (  '', '', ( #3017 ) ) ;
#2636 = CARTESIAN_POINT ( 'NONE',  ( 3.378525641025639903, -16.32925082910379899, 5.000000000000000000 ) ) ;
#2637 = EDGE_CURVE ( 'NONE', #385, #5635, #10169, .T. ) ;
#2638 = VECTOR ( 'NONE', #7861, 1000.000000000000000 ) ;
#2639 = CARTESIAN_POINT ( 'NONE',  ( -2.156531675770218204, -16.14779317042628648, 4.000000000000000000 ) ) ;
#2640 = LINE ( 'NONE', #10908, #4851 ) ;
#2641 = CARTESIAN_POINT ( 'NONE',  ( -81.00000000000001421, 22.50000000000000355, -80.00000000000001421 ) ) ;
#2642 = ORIENTED_EDGE ( 'NONE', *, *, #6154, .F. ) ;
#2643 = PLANE ( 'NONE',  #3730 ) ;
#2644 = CARTESIAN_POINT ( 'NONE',  ( -5.999999999999997335, -6.208545504429656248, 6.000000000000000888 ) ) ;
#2645 = EDGE_LOOP ( 'NONE', ( #6665, #7206, #8949 ) ) ;
#2646 = ORIENTED_EDGE ( 'NONE', *, *, #10124, .T. ) ;
#2647 = CIRCLE ( 'NONE', #1682, 1.500000000000001332 ) ;
#2648 = FACE_OUTER_BOUND ( 'NONE', #9554, .T. ) ;
#2649 = EDGE_LOOP ( 'NONE', ( #3296, #11359, #5739, #3543, #7008, #2711 ) ) ;
#2650 = CARTESIAN_POINT ( 'NONE',  ( -81.00000000000001421, 24.00000000000000355, -66.00000000000000000 ) ) ;
#2651 = CARTESIAN_POINT ( 'NONE',  ( 0.3970017988162010680, -14.64052744876494572, 4.000000000000000888 ) ) ;
#2652 = CARTESIAN_POINT ( 'NONE',  ( 119.0000000000000284, 24.00000000000000000, -95.50000000000000000 ) ) ;
#2653 = CARTESIAN_POINT ( 'NONE',  ( -0.3526704194765992728, -14.45838921454071446, 4.000000000000000888 ) ) ;
#2654 = EDGE_LOOP ( 'NONE', ( #2550, #6364, #2061, #2054 ) ) ;
#2655 = EDGE_CURVE ( 'NONE', #10364, #10486, #76, .T. ) ;
#2656 = ITEM_DEFINED_TRANSFORMATION ( 'NONE', 'NONE', #3118,  #3299 ) ;
#2657 = LINE ( 'NONE', #4537, #2487 ) ;
#2658 = DIRECTION ( 'NONE',  ( -1.000000000000000000, -0.000000000000000000, -0.000000000000000000 ) ) ;
#2659 = DIRECTION ( 'NONE',  ( 0.000000000000000000, 0.000000000000000000, -1.000000000000000000 ) ) ;
#2660 = VERTEX_POINT ( 'NONE', #2122 ) ;
#2661 = ORIENTED_EDGE ( 'NONE', *, *, #4853, .F. ) ;
#2662 = ORIENTED_EDGE ( 'NONE', *, *, #8364, .T. ) ;
#2663 = ADVANCED_FACE ( 'NONE', ( #11295 ), #4571, .F. ) ;
#2664 = EDGE_CURVE ( 'NONE', #7151, #2425, #9214, .T. ) ;
#2665 = CARTESIAN_POINT ( 'NONE',  ( 26.22363875699441493, 20.83582196652956142, 5.000000000000000000 ) ) ;
#2666 = B_SPLINE_CURVE_WITH_KNOTS ( 'NONE', 3,
 ( #3375, #7245, #1622, #5311, #4286, #1496, #8990, #7963, #7059, #3563, #10739, #11577, #4408, #4349, #2462, #8807, #1684, #10675, #8025 ),
 .UNSPECIFIED., .F., .F.,
 ( 4, 1, 1, 1, 1, 1, 1, 1, 1, 1, 1, 1, 1, 1, 1, 1, 4 ),
 ( 0.000000000000000000, 0.1055399964402574386, 0.2020864154635874377, 0.2906848989424213880, 0.3705526096211915754, 0.4426702615663768992, 0.5076749275738737799, 0.5655732034810453390, 0.6164546657486240644, 0.6633313570051044827, 0.7088620244966149508, 0.7534118003496285132, 0.7985150107871087366, 0.8450643214401182268, 0.8938731190084054923, 0.9447078060036530056, 1.000000000000000000 ),
 .UNSPECIFIED. ) ;
#2667 = LINE ( 'NONE', #11662, #9555 ) ;
#2668 = EDGE_CURVE ( 'NONE', #9954, #8476, #33, .T. ) ;
#2669 = CARTESIAN_POINT ( 'NONE',  ( 1.139743589743589025, -16.22049181468072376, 4.000000000000000000 ) ) ;
#2670 = ORIENTED_EDGE ( 'NONE', *, *, #11458, .F. ) ;
#2671 = DIRECTION ( 'NONE',  ( -0.8610380995189033104, -0.5085404518589206058, 0.000000000000000000 ) ) ;
#2672 = CARTESIAN_POINT ( 'NONE',  ( 9.000000000000005329, 2.000000000000000000, 8.000000000000007105 ) ) ;
#2673 = ORIENTED_EDGE ( 'NONE', *, *, #8092, .F. ) ;
#2674 = ORIENTED_EDGE ( 'NONE', *, *, #1057, .F. ) ;
#2675 = CARTESIAN_POINT ( 'NONE',  ( 24.83598345761040704, 20.75790299228751223, 2.500000000000000000 ) ) ;
#2676 = ORIENTED_EDGE ( 'NONE', *, *, #6373, .T. ) ;
#2677 = EDGE_CURVE ( 'NONE', #4103, #7882, #7852, .T. ) ;
#2678 = DIRECTION ( 'NONE',  ( -0.8900702620852276592, 0.4558233523543239740, 0.000000000000000000 ) ) ;
#2679 = ORIENTED_EDGE ( 'NONE', *, *, #3345, .T. ) ;
#2680 = LINE ( 'NONE', #6369, #6737 ) ;
#2681 = EDGE_CURVE ( 'NONE', #8686, #4983, #1856, .T. ) ;
#2682 = CARTESIAN_POINT ( 'NONE',  ( 77.00000000000001421, 5.000000000000000000, -58.00000000000000000 ) ) ;
#2683 = DIRECTION ( 'NONE',  ( -1.000000000000000000, 0.000000000000000000, 0.000000000000000000 ) ) ;
#2684 = DIRECTION ( 'NONE',  ( -0.000000000000000000, 1.000000000000000000, -0.000000000000000000 ) ) ;
#2685 = LINE ( 'NONE', #1900, #11075 ) ;
#2686 = LINE ( 'NONE', #3718, #4249 ) ;
#2687 = EDGE_CURVE ( 'NONE', #4687, #1905, #8646, .T. ) ;
#2688 = VERTEX_POINT ( 'NONE', #11413 ) ;
#2689 = CARTESIAN_POINT ( 'NONE',  ( -5.016907051282050389, -16.32925082910378833, 4.000000000000000000 ) ) ;
#2690 = EDGE_LOOP ( 'NONE', ( #9578, #11440, #11488, #11093 ) ) ;
#2691 = CIRCLE ( 'NONE', #3660, 1.549999999999995826 ) ;
#2692 = CARTESIAN_POINT ( 'NONE',  ( -2.154024959294543518, -15.95574390214069282, 5.000000000000000000 ) ) ;
#2693 = EDGE_CURVE ( 'NONE', #3979, #5458, #10531, .T. ) ;
#2694 = ORIENTED_EDGE ( 'NONE', *, *, #3422, .T. ) ;
#2695 = AXIS2_PLACEMENT_3D ( 'NONE', #11366, #3229, #10584 ) ;
#2696 = DIRECTION ( 'NONE',  ( -0.000000000000000000, -0.000000000000000000, -1.000000000000000000 ) ) ;
#2697 = CARTESIAN_POINT ( 'NONE',  ( 0.5475547743088348129, -14.72745814986939372, 4.000000000000001776 ) ) ;
#2698 = EDGE_CURVE ( 'NONE', #8476, #6759, #11020, .T. ) ;
#2699 = LINE ( 'NONE', #3667, #7272 ) ;
#2700 = VECTOR ( 'NONE', #154, 1000.000000000000000 ) ;
#2701 = CARTESIAN_POINT ( 'NONE',  ( -17.99999999999998934, 0.000000000000000000, 46.99999999999992895 ) ) ;
#2702 = DIRECTION ( 'NONE',  ( 1.000000000000000000, 0.000000000000000000, -3.154042683594193641E-16 ) ) ;
#2703 = DIRECTION ( 'NONE',  ( -0.000000000000000000, 1.000000000000000000, -0.000000000000000000 ) ) ;
#2704 = EDGE_CURVE ( 'NONE', #8633, #6217, #120, .T. ) ;
#2705 = ORIENTED_EDGE ( 'NONE', *, *, #9827, .F. ) ;
#2706 = FACE_OUTER_BOUND ( 'NONE', #4557, .T. ) ;
#2707 = CARTESIAN_POINT ( 'NONE',  ( -0.4675222294235520937, -17.22381282794947310, 5.000000000000000000 ) ) ;
#2708 = AXIS2_PLACEMENT_3D ( 'NONE', #1338, #2423, #6901 ) ;
#2709 = ORIENTED_EDGE ( 'NONE', *, *, #4898, .T. ) ;
#2710 = AXIS2_PLACEMENT_3D ( 'NONE', #7362, #8878, #6464 ) ;
#2711 = ORIENTED_EDGE ( 'NONE', *, *, #9305, .T. ) ;
#2712 = ADVANCED_FACE ( 'NONE', ( #2247 ), #11924, .T. ) ;
#2713 = DIRECTION ( 'NONE',  ( -0.7223872738535663807, -0.6914887031430175801, 0.000000000000000000 ) ) ;
#2714 = VECTOR ( 'NONE', #4054, 1000.000000000000000 ) ;
#2715 = CARTESIAN_POINT ( 'NONE',  ( -75.00000000000001421, 22.20568695965746642, -57.99999999999997868 ) ) ;
#2716 = CARTESIAN_POINT ( 'NONE',  ( 0.5475547743088348129, -14.72745814986939372, 4.000000000000001776 ) ) ;
#2717 = AXIS2_PLACEMENT_3D ( 'NONE', #6359, #6420, #9195 ) ;
#2718 = DIRECTION ( 'NONE',  ( 1.000000000000000000, 0.000000000000000000, 0.000000000000000000 ) ) ;
#2719 = CARTESIAN_POINT ( 'NONE',  ( 0.04201984716301995770, -14.51428896185825224, 5.000000000000000000 ) ) ;
#2720 = ORIENTED_EDGE ( 'NONE', *, *, #770, .T. ) ;
#2721 = DIRECTION ( 'NONE',  ( -0.000000000000000000, -0.000000000000000000, -1.000000000000000000 ) ) ;
#2722 = EDGE_CURVE ( 'NONE', #1589, #7882, #5531, .T. ) ;
#2723 = LINE ( 'NONE', #899, #8160 ) ;
#2724 = ORIENTED_EDGE ( 'NONE', *, *, #8162, .F. ) ;
#2725 = AXIS2_PLACEMENT_3D ( 'NONE', #4475, #7428, #11944 ) ;
#2726 = AXIS2_PLACEMENT_3D ( 'NONE', #4978, #4191, #10575 ) ;
#2727 = ORIENTED_EDGE ( 'NONE', *, *, #7523, .T. ) ;
#2728 = ORIENTED_EDGE ( 'NONE', *, *, #6870, .T. ) ;
#2729 = CIRCLE ( 'NONE', #6397, 1.500000000000001332 ) ;
#2730 = FACE_OUTER_BOUND ( 'NONE', #5393, .T. ) ;
#2731 = DIRECTION ( 'NONE',  ( 0.000000000000000000, 0.000000000000000000, 1.000000000000000000 ) ) ;
#2732 = PRODUCT_DEFINITION_FORMATION_WITH_SPECIFIED_SOURCE ( 'ANY', '', #1485, .NOT_KNOWN. ) ;
#2733 = CARTESIAN_POINT ( 'NONE',  ( 1.056970118288208749, -16.73078866166472523, 5.000000000000002665 ) ) ;
#2734 = ORIENTED_EDGE ( 'NONE', *, *, #4686, .T. ) ;
#2735 = DIRECTION ( 'NONE',  ( -0.8900702620852276592, 0.4558233523543239185, 0.000000000000000000 ) ) ;
#2736 = DIRECTION ( 'NONE',  ( -0.000000000000000000, -0.000000000000000000, -1.000000000000000000 ) ) ;
#2737 = EDGE_CURVE ( 'NONE', #9940, #7535, #8941, .T. ) ;
#2738 = EDGE_LOOP ( 'NONE', ( #8357, #8890, #9297, #2646 ) ) ;
#2739 = DIRECTION ( 'NONE',  ( 1.000000000000000000, -0.000000000000000000, 0.000000000000000000 ) ) ;
#2740 = EDGE_LOOP ( 'NONE', ( #11867, #6477, #11667, #9069 ) ) ;
#2741 = AXIS2_PLACEMENT_3D ( 'NONE', #11492, #11364, #7747 ) ;
#2742 = DIRECTION ( 'NONE',  ( -1.000000000000000000, 0.000000000000000000, 0.000000000000000000 ) ) ;
#2743 = ORIENTED_EDGE ( 'NONE', *, *, #11171, .T. ) ;
#2744 = CARTESIAN_POINT ( 'NONE',  ( -20.00000000000001066, 5.000000000000000000, 96.49999999999991473 ) ) ;
#2745 = CYLINDRICAL_SURFACE ( 'NONE', #8313, 0.9999999999999991118 ) ;
#2746 = VECTOR ( 'NONE', #6337, 1000.000000000000000 ) ;
#2747 = VECTOR ( 'NONE', #2781, 1000.000000000000000 ) ;
#2748 = CYLINDRICAL_SURFACE ( 'NONE', #4929, 1.500000000000001332 ) ;
#2749 = CARTESIAN_POINT ( 'NONE',  ( 0.000000000000000000, 4.000000000000000000, 0.000000000000000000 ) ) ;
#2750 = CARTESIAN_POINT ( 'NONE',  ( -0.05426873046069794621, -14.49359961687093801, 3.999999999999998224 ) ) ;
#2751 = CYLINDRICAL_SURFACE ( 'NONE', #11950, 1.000000000000000000 ) ;
#2752 = ADVANCED_FACE ( 'NONE', ( #5267 ), #1507, .F. ) ;
#2753 = VERTEX_POINT ( 'NONE', #9844 ) ;
#2754 = CARTESIAN_POINT ( 'NONE',  ( -3.972728683737107858, -15.95326243232965346, 4.000000000000000888 ) ) ;
#2755 = VERTEX_POINT ( 'NONE', #3324 ) ;
#2756 = EDGE_CURVE ( 'NONE', #11946, #6699, #661, .T. ) ;
#2757 = CARTESIAN_POINT ( 'NONE',  ( -73.00000000000001421, 0.000000000000000000, 73.99999999999992895 ) ) ;
#2758 = ORIENTED_EDGE ( 'NONE', *, *, #8503, .T. ) ;
#2759 = VECTOR ( 'NONE', #5570, 1000.000000000000000 ) ;
#2760 = CARTESIAN_POINT ( 'NONE',  ( 24.37302610677950199, 13.64553457179599505, 9.000000000000001776 ) ) ;
#2761 = DIRECTION ( 'NONE',  ( 1.000000000000000000, 0.000000000000000000, -0.000000000000000000 ) ) ;
#2762 = CARTESIAN_POINT ( 'NONE',  ( -12.00000000000000000, 0.000000000000000000, -10.99999999999999289 ) ) ;
#2763 = PRODUCT_DEFINITION_CONTEXT ( 'detailed design', #11433, 'design' ) ;
#2764 = ADVANCED_FACE ( 'NONE', ( #6169 ), #2472, .F. ) ;
#2765 = AXIS2_PLACEMENT_3D ( 'NONE', #4403, #8076, #3615 ) ;
#2766 = AXIS2_PLACEMENT_3D ( 'NONE', #287, #9475, #6582 ) ;
#2767 = DIRECTION ( 'NONE',  ( 0.000000000000000000, 0.000000000000000000, 1.000000000000000000 ) ) ;
#2768 = CARTESIAN_POINT ( 'NONE',  ( 75.00000000000000000, 24.00000000000000000, -95.50000000000000000 ) ) ;
#2769 = VECTOR ( 'NONE', #586, 1000.000000000000000 ) ;
#2770 = CARTESIAN_POINT ( 'NONE',  ( -0.3262956696057711103, -17.79295521362713828, 5.000000000000001776 ) ) ;
#2771 = VERTEX_POINT ( 'NONE', #2360 ) ;
#2772 = CARTESIAN_POINT ( 'NONE',  ( 80.49704286343076376, 27.63682491093075910, -99.33279057944666590 ) ) ;
#2773 = EDGE_CURVE ( 'NONE', #11896, #4497, #7011, .T. ) ;
#2774 = DIRECTION ( 'NONE',  ( -1.000000000000000000, 1.334402673828313093E-16, 0.000000000000000000 ) ) ;
#2775 = ORIENTED_EDGE ( 'NONE', *, *, #7086, .T. ) ;
#2776 = B_SPLINE_CURVE_WITH_KNOTS ( 'NONE', 3,
 ( #5433, #1815, #10013, #113, #7366, #7479, #10075, #11826, #11940, #9118, #3625, #11039, #8153, #1748, #5495, #1012, #7424, #9291, #11153 ),
 .UNSPECIFIED., .F., .F.,
 ( 4, 1, 1, 1, 1, 1, 1, 1, 1, 1, 1, 1, 1, 1, 1, 1, 4 ),
 ( 0.000000000000000000, 0.06378691041142130203, 0.1266160577673746956, 0.1883427175688254240, 0.2494790546609666482, 0.3098641696187230954, 0.3706562883855290536, 0.4306751569820279069, 0.4912776807977291549, 0.5518738213688568761, 0.6130654962055201995, 0.6751670177106496862, 0.7377045842895256778, 0.8014732993282047691, 0.8661155991141840094, 0.9322603771672380857, 1.000000000000000000 ),
 .UNSPECIFIED. ) ;
#2777 = ORIENTED_EDGE ( 'NONE', *, *, #7384, .F. ) ;
#2778 = PLANE ( 'NONE',  #4890 ) ;
#2779 = CYLINDRICAL_SURFACE ( 'NONE', #9585, 1.500000000000001332 ) ;
#2780 = CARTESIAN_POINT ( 'NONE',  ( 119.0000000000000284, 17.00000000000000000, -73.50000000000000000 ) ) ;
#2781 = DIRECTION ( 'NONE',  ( 0.000000000000000000, -0.000000000000000000, 1.000000000000000000 ) ) ;
#2782 = ADVANCED_FACE ( 'NONE', ( #7126 ), #7752, .T. ) ;
#2783 = FACE_OUTER_BOUND ( 'NONE', #5182, .T. ) ;
#2784 = ORIENTED_EDGE ( 'NONE', *, *, #5071, .F. ) ;
#2785 = LINE ( 'NONE', #7305, #6760 ) ;
#2786 = CARTESIAN_POINT ( 'NONE',  ( -22.72792206135785875, -13.50000000000000355, 9.000000000000001776 ) ) ;
#2787 = VERTEX_POINT ( 'NONE', #11552 ) ;
#2788 = VERTEX_POINT ( 'NONE', #9801 ) ;
#2789 = VECTOR ( 'NONE', #1971, 1000.000000000000114 ) ;
#2790 = ORIENTED_EDGE ( 'NONE', *, *, #8584, .F. ) ;
#2791 = AXIS2_PLACEMENT_3D ( 'NONE', #4214, #5963, #6988 ) ;
#2792 = DIRECTION ( 'NONE',  ( -2.040851148208011450E-16, 0.000000000000000000, -1.000000000000000000 ) ) ;
#2793 = CIRCLE ( 'NONE', #1425, 2.000000000000001776 ) ;
#2794 = CARTESIAN_POINT ( 'NONE',  ( -0.5296705452097960620, 8.500000000000000000, 5.000000000000000000 ) ) ;
#2795 = DIRECTION ( 'NONE',  ( 0.000000000000000000, 0.000000000000000000, 1.000000000000000000 ) ) ;
#2796 = ORIENTED_EDGE ( 'NONE', *, *, #363, .F. ) ;
#2797 = DIRECTION ( 'NONE',  ( -0.5000000000000015543, 0.8660254037844377084, 0.000000000000000000 ) ) ;
#2798 = CYLINDRICAL_SURFACE ( 'NONE', #10972, 1.000000000000000888 ) ;
#2799 = ORIENTED_EDGE ( 'NONE', *, *, #8069, .F. ) ;
#2800 = DIRECTION ( 'NONE',  ( -0.000000000000000000, -0.000000000000000000, -1.000000000000000000 ) ) ;
#2801 = EDGE_LOOP ( 'NONE', ( #2585, #7360, #3354, #5277, #4219, #3088, #10314, #4464, #8222 ) ) ;
#2802 = FACE_BOUND ( 'NONE', #8021, .T. ) ;
#2803 = ORIENTED_EDGE ( 'NONE', *, *, #5407, .F. ) ;
#2804 = AXIS2_PLACEMENT_3D ( 'NONE', #739, #10767, #9984 ) ;
#2805 = CARTESIAN_POINT ( 'NONE',  ( 0.4636568509615375810, -16.65489185474482525, 5.000000000000000000 ) ) ;
#2806 = CARTESIAN_POINT ( 'NONE',  ( -3.908275352273725023, -15.84352712202670510, 5.000000000000001776 ) ) ;
#2807 = CYLINDRICAL_SURFACE ( 'NONE', #2616, 1.750000000000001554 ) ;
#2808 = APPLICATION_CONTEXT ( 'automotive_design' ) ;
#2809 = CYLINDRICAL_SURFACE ( 'NONE', #6108, 2.000000000000001776 ) ;
#2810 = VECTOR ( 'NONE', #2127, 1000.000000000000000 ) ;
#2811 = CARTESIAN_POINT ( 'NONE',  ( 6.433177425405322225, 2.791454495570343752, 10.00000000000000000 ) ) ;
#2812 = CARTESIAN_POINT ( 'NONE',  ( 4.925320512820510643, -17.71322518807815882, 4.000000000000000000 ) ) ;
#2813 = EDGE_LOOP ( 'NONE', ( #2601, #1903, #2283, #11383 ) ) ;
#2814 = PLANE ( 'NONE',  #762 ) ;
#2815 = ORIENTED_EDGE ( 'NONE', *, *, #6876, .T. ) ;
#2816 = CARTESIAN_POINT ( 'NONE',  ( -0.4547526041666675178, -14.45681493166790510, 4.000000000000000000 ) ) ;
#2817 = ORIENTED_EDGE ( 'NONE', *, *, #5985, .F. ) ;
#2818 = CARTESIAN_POINT ( 'NONE',  ( -4.578263971826562972, -15.15955317017008497, 4.000000000000000888 ) ) ;
#2819 = CARTESIAN_POINT ( 'NONE',  ( 75.00000000000001421, 17.00000000000000000, -80.00000000000000000 ) ) ;
#2820 = ADVANCED_FACE ( 'NONE', ( #1471 ), #10651, .T. ) ;
#2821 = LINE ( 'NONE', #2145, #3618 ) ;
#2822 = EDGE_CURVE ( 'NONE', #5321, #7204, #888, .T. ) ;
#2823 = LINE ( 'NONE', #6389, #10516 ) ;
#2824 = CARTESIAN_POINT ( 'NONE',  ( -4.178253569168950854, -14.71551028023093188, 4.000000000000000888 ) ) ;
#2825 = DIRECTION ( 'NONE',  ( -0.000000000000000000, -1.000000000000000000, -0.000000000000000000 ) ) ;
#2826 = CIRCLE ( 'NONE', #9569, 1.499999999999987566 ) ;
#2827 = ORIENTED_EDGE ( 'NONE', *, *, #4462, .T. ) ;
#2828 = DIRECTION ( 'NONE',  ( 1.000000000000000000, 0.000000000000000000, 0.000000000000000000 ) ) ;
#2829 = LINE ( 'NONE', #9348, #1969 ) ;
#2830 = EDGE_CURVE ( 'NONE', #183, #4124, #4382, .T. ) ;
#2831 = EDGE_LOOP ( 'NONE', ( #9964, #10048, #4608, #6035 ) ) ;
#2832 = VERTEX_POINT ( 'NONE', #9868 ) ;
#2833 = AXIS2_PLACEMENT_3D ( 'NONE', #5937, #6954, #9850 ) ;
#2834 = CYLINDRICAL_SURFACE ( 'NONE', #10471, 1.257139434613111950 ) ;
#2835 = EDGE_CURVE ( 'NONE', #8002, #9213, #3991, .T. ) ;
#2836 = CARTESIAN_POINT ( 'NONE',  ( -9.299999999999998934, 2.000000000000000000, -9.299999999999997158 ) ) ;
#2837 = FACE_OUTER_BOUND ( 'NONE', #2649, .T. ) ;
#2838 = FACE_OUTER_BOUND ( 'NONE', #6111, .T. ) ;
#2839 = CIRCLE ( 'NONE', #8622, 1.899999999999999689 ) ;
#2840 = CARTESIAN_POINT ( 'NONE',  ( -1.509266152412051198, -15.69080805597692496, 5.000000000000000888 ) ) ;
#2841 = EDGE_LOOP ( 'NONE', ( #5128, #1500, #1985, #4215 ) ) ;
#2843 = ADVANCED_FACE ( 'NONE', ( #558 ), #10768, .T. ) ;
#2842 = LINE ( 'NONE', #5678, #6044 ) ;
#2844 = CARTESIAN_POINT ( 'NONE',  ( 0.9152293669871784942, -15.04322318487303178, 4.000000000000000000 ) ) ;
#2845 = VERTEX_POINT ( 'NONE', #11617 ) ;
#2846 = EDGE_CURVE ( 'NONE', #758, #1907, #3348, .T. ) ;
#2847 = ORIENTED_EDGE ( 'NONE', *, *, #11243, .T. ) ;
#2848 = VERTEX_POINT ( 'NONE', #7033 ) ;
#2849 = CARTESIAN_POINT ( 'NONE',  ( 29.40201658111266880, 15.45433384453642134, 5.000000000000000000 ) ) ;
#2850 = PLANE ( 'NONE',  #3774 ) ;
#2851 = LINE ( 'NONE', #10380, #9920 ) ;
#2852 = VERTEX_POINT ( 'NONE', #4258 ) ;
#2853 = CARTESIAN_POINT ( 'NONE',  ( -81.00000000000001421, 10.57660624134121363, -72.24999999999998579 ) ) ;
#2854 = CARTESIAN_POINT ( 'NONE',  ( 119.0000000000000284, 37.42339375865881124, -72.25000000000000000 ) ) ;
#2855 = CARTESIAN_POINT ( 'NONE',  ( 4.925320512820510643, -17.71322518807815882, 5.000000000000000000 ) ) ;
#2856 = ORIENTED_EDGE ( 'NONE', *, *, #8053, .F. ) ;
#2857 = DIRECTION ( 'NONE',  ( 1.000000000000000000, 0.000000000000000000, 0.000000000000000000 ) ) ;
#2858 = ORIENTED_EDGE ( 'NONE', *, *, #404, .F. ) ;
#2859 = ORIENTED_EDGE ( 'NONE', *, *, #6443, .T. ) ;
#2860 = CARTESIAN_POINT ( 'NONE',  ( 0.4300287121940193358, -16.72557555394894280, 4.999999999999999112 ) ) ;
#2861 = EDGE_CURVE ( 'NONE', #3076, #7324, #1657, .T. ) ;
#2862 = CARTESIAN_POINT ( 'NONE',  ( -4.416506410256410220, -16.26437703102686783, 4.000000000000000000 ) ) ;
#2863 = DIRECTION ( 'NONE',  ( -0.8397897338196435024, 0.5429117819417187407, -0.000000000000000000 ) ) ;
#2864 = CARTESIAN_POINT ( 'NONE',  ( 77.00000000000000000, 5.000000000000000000, -102.0000000000000142 ) ) ;
#2865 = CARTESIAN_POINT ( 'NONE',  ( -4.413061768836471721, -15.54982462116395681, 4.999999999999993783 ) ) ;
#2866 = DIRECTION ( 'NONE',  ( 0.000000000000000000, 1.000000000000000000, -0.000000000000000000 ) ) ;
#2867 = ORIENTED_EDGE ( 'NONE', *, *, #1734, .F. ) ;
#2868 = ORIENTED_EDGE ( 'NONE', *, *, #3959, .F. ) ;
#2869 = CARTESIAN_POINT ( 'NONE',  ( 3.378525641025639903, -14.53822518807815989, 4.000000000000000000 ) ) ;
#2870 = VERTEX_POINT ( 'NONE', #5225 ) ;
#2871 = CARTESIAN_POINT ( 'NONE',  ( -1.720051390361294175, -14.98933431933119564, 5.000000000000000000 ) ) ;
#2872 = ORIENTED_EDGE ( 'NONE', *, *, #360, .F. ) ;
#2873 = CARTESIAN_POINT ( 'NONE',  ( -5.999999999999997335, -9.208545504429654471, 6.000000000000000888 ) ) ;
#2874 = CARTESIAN_POINT ( 'NONE',  ( 22.09656497441888234, 18.98690900379348534, 2.500000000000000000 ) ) ;
#2875 = LINE ( 'NONE', #266, #9673 ) ;
#2876 = LINE ( 'NONE', #8667, #4524 ) ;
#2877 = CARTESIAN_POINT ( 'NONE',  ( 20.00000000000007105, 5.000000000000000000, 76.99999999999992895 ) ) ;
#2878 = LINE ( 'NONE', #8382, #1358 ) ;
#2879 = CARTESIAN_POINT ( 'NONE',  ( -73.00000000000001421, 5.000000000000000000, -103.0000000000000142 ) ) ;
#2880 = EDGE_LOOP ( 'NONE', ( #7241, #1518, #4719, #1419 ) ) ;
#2882 = ADVANCED_FACE ( 'NONE', ( #11678 ), #10709, .F. ) ;
#2881 = DIRECTION ( 'NONE',  ( -0.000000000000000000, 1.000000000000000000, -0.000000000000000000 ) ) ;
#2883 = LINE ( 'NONE', #6567, #8907 ) ;
#2884 = ADVANCED_FACE ( 'NONE', ( #281 ), #8964, .F. ) ;
#2885 = EDGE_LOOP ( 'NONE', ( #11532, #5022, #9452, #121 ) ) ;
#2886 = VECTOR ( 'NONE', #9053, 1000.000000000000114 ) ;
#2887 = ORIENTED_EDGE ( 'NONE', *, *, #8045, .T. ) ;
#2888 = DIRECTION ( 'NONE',  ( -0.5429117819417174085, 0.8397897338196443906, 0.000000000000000000 ) ) ;
#2889 = LINE ( 'NONE', #6520, #7074 ) ;
#2890 = DIRECTION ( 'NONE',  ( 1.000000000000000000, 0.000000000000000000, -7.885106708985492732E-17 ) ) ;
#2891 = DIRECTION ( 'NONE',  ( 1.000000000000000000, 0.000000000000000000, 0.000000000000000000 ) ) ;
#2892 = CARTESIAN_POINT ( 'NONE',  ( -1.342709132345139666, -15.42094958386488024, 5.000000000000000000 ) ) ;
#2893 = EDGE_LOOP ( 'NONE', ( #2461, #3676, #11919, #1758 ) ) ;
#2894 = AXIS2_PLACEMENT_3D ( 'NONE', #1476, #5231, #11738 ) ;
#2895 = PLANE ( 'NONE',  #7578 ) ;
#2896 = PLANE ( 'NONE',  #2766 ) ;
#2897 = ORIENTED_EDGE ( 'NONE', *, *, #6945, .F. ) ;
#2898 = ADVANCED_FACE ( 'NONE', ( #11498 ), #3232, .T. ) ;
#2899 = EDGE_LOOP ( 'NONE', ( #9329, #5379, #6540, #10192 ) ) ;
#2900 = EDGE_LOOP ( 'NONE', ( #10189, #7891, #6339, #6958 ) ) ;
#2901 = AXIS2_PLACEMENT_3D ( 'NONE', #8474, #4858, #981 ) ;
#2902 = ADVANCED_FACE ( 'NONE', ( #501 ), #9953, .T. ) ;
#2903 = CARTESIAN_POINT ( 'NONE',  ( 19.19238815542513166, -12.03553390593273242, 0.000000000000000000 ) ) ;
#2904 = EDGE_CURVE ( 'NONE', #10022, #5374, #9256, .T. ) ;
#2905 = CARTESIAN_POINT ( 'NONE',  ( 75.00000000000001421, 5.000000000000000000, -57.99999999999998579 ) ) ;
#2906 = CARTESIAN_POINT ( 'NONE',  ( 40.40000000000001990, -16.20000000000000284, -7.500000000000069278 ) ) ;
#2907 = ORIENTED_EDGE ( 'NONE', *, *, #8563, .T. ) ;
#2908 = VECTOR ( 'NONE', #10480, 1000.000000000000000 ) ;
#2909 = CARTESIAN_POINT ( 'NONE',  ( -20.00000000000001066, 0.000000000000000000, 93.49999999999991473 ) ) ;
#2910 = CARTESIAN_POINT ( 'NONE',  ( 3.948397435897434526, -17.71322518807815882, 4.000000000000000000 ) ) ;
#2911 = CYLINDRICAL_SURFACE ( 'NONE', #5416, 1.500000000000001332 ) ;
#2912 = AXIS2_PLACEMENT_3D ( 'NONE', #10585, #4024, #6852 ) ;
#2913 = DIRECTION ( 'NONE',  ( -1.000000000000000000, 0.000000000000000000, 0.000000000000000000 ) ) ;
#2914 = ORIENTED_EDGE ( 'NONE', *, *, #2245, .T. ) ;
#2915 = ADVANCED_FACE ( 'NONE', ( #1782 ), #8247, .T. ) ;
#2916 = ORIENTED_EDGE ( 'NONE', *, *, #5117, .T. ) ;
#2917 = B_SPLINE_SURFACE_WITH_KNOTS ( 'NONE', 3, 1, ( 
 ( #1095, #10099 ),
 ( #5698, #10279 ),
 ( #11124, #2014 ),
 ( #4790, #6602 ),
 ( #132, #9202 ),
 ( #1896, #3710 ),
 ( #7499, #7392 ),
 ( #7329, #1843 ),
 ( #3650, #9318 ),
 ( #5519, #11177 ),
 ( #5751, #3827 ),
 ( #5575, #185 ),
 ( #11063, #2977 ),
 ( #6658, #6428 ),
 ( #8468, #8243 ),
 ( #9252, #10211 ),
 ( #3886, #2860 ),
 ( #975, #10155 ),
 ( #1953, #2805 ) ),
 .UNSPECIFIED., .F., .F., .F.,
 ( 4, 1, 1, 1, 1, 1, 1, 1, 1, 1, 1, 1, 1, 1, 1, 1, 4 ),
 ( 2, 2 ),
 ( 0.000000000000000000, 0.06934871325595001745, 0.1361469546042712586, 0.2005553513704648738, 0.2627938981591087519, 0.3234215623312625132, 0.3824643489379594419, 0.4409638725178808838, 0.4982922175092558414, 0.5558279989942976895, 0.6142840608122153157, 0.6736809141865964801, 0.7347653641184272999, 0.7975553011576219653, 0.8622761528751506921, 0.9296709880359613765, 1.000000000000000000 ),
 ( 0.000000000000000000, 1.000000000000000000 ),
 .UNSPECIFIED. ) ;
#2918 = AXIS2_PLACEMENT_3D ( 'NONE', #11695, #9884, #7103 ) ;
#2919 = FACE_OUTER_BOUND ( 'NONE', #4905, .T. ) ;
#2920 = CIRCLE ( 'NONE', #9276, 0.9999999999999991118 ) ;
#2921 = CARTESIAN_POINT ( 'NONE',  ( -17.99999999999996803, 0.000000000000000000, 49.99999999999993605 ) ) ;
#2922 = CARTESIAN_POINT ( 'NONE',  ( -74.99999999999995737, 5.000000000000000000, -102.0499999999999972 ) ) ;
#2923 = FACE_BOUND ( 'NONE', #10595, .T. ) ;
#2924 = CARTESIAN_POINT ( 'NONE',  ( -4.427044191299727594, -15.58324274024666600, 4.000000000000000000 ) ) ;
#2926 = VECTOR ( 'NONE', #374, 1000.000000000000000 ) ;
#2925 = CARTESIAN_POINT ( 'NONE',  ( -10.00000000000000178, 2.000000000000000000, 7.000000000000002665 ) ) ;
#2927 = EDGE_LOOP ( 'NONE', ( #781, #9631, #10817, #2662 ) ) ;
#2928 = EDGE_CURVE ( 'NONE', #2517, #8517, #3596, .T. ) ;
#2929 = ORIENTED_EDGE ( 'NONE', *, *, #8077, .F. ) ;
#2930 = CARTESIAN_POINT ( 'NONE',  ( 5.495192307692304823, -15.10809698294995584, 5.000000000000000000 ) ) ;
#2931 = ORIENTED_EDGE ( 'NONE', *, *, #7547, .T. ) ;
#2932 = CARTESIAN_POINT ( 'NONE',  ( -1.251885865057675407, -14.63132709191673264, 5.000000000000000000 ) ) ;
#2933 = AXIS2_PLACEMENT_3D ( 'NONE', #2606, #9968, #3450 ) ;
#2934 = EDGE_CURVE ( 'NONE', #5616, #8843, #7395, .T. ) ;
#2935 = EDGE_LOOP ( 'NONE', ( #4620, #7961, #8292, #4057 ) ) ;
#2936 = CIRCLE ( 'NONE', #3902, 2.000000000000001776 ) ;
#2937 = CARTESIAN_POINT ( 'NONE',  ( 140.0000000000000853, 21.20000000000000284, -51.16586884164576787 ) ) ;
#2938 = CYLINDRICAL_SURFACE ( 'NONE', #6129, 1.000000000000000888 ) ;
#2939 = DIRECTION ( 'NONE',  ( -0.000000000000000000, -0.000000000000000000, 1.000000000000000000 ) ) ;
#2940 = CARTESIAN_POINT ( 'NONE',  ( 26.63101451046069101, -20.32500000000000995, 2.500000000000000000 ) ) ;
#2941 = CARTESIAN_POINT ( 'NONE',  ( 24.88156655863842204, 12.78449647227709107, 5.000000000000000000 ) ) ;
#2942 = DIRECTION ( 'NONE',  ( -0.7223872738535664917, -0.6914887031430175801, 0.000000000000000000 ) ) ;
#2943 = DIRECTION ( 'NONE',  ( 1.000000000000000000, 0.000000000000000000, -0.000000000000000000 ) ) ;
#2944 = ORIENTED_EDGE ( 'NONE', *, *, #7567, .F. ) ;
#2945 = VECTOR ( 'NONE', #355, 1000.000000000000000 ) ;
#2946 = CONICAL_SURFACE ( 'NONE', #9685, 1.000000000000000000, 0.7853981633974411736 ) ;
#2947 = CARTESIAN_POINT ( 'NONE',  ( 5.495192307692304823, -17.71322518807815882, 5.000000000000000000 ) ) ;
#2948 = DIRECTION ( 'NONE',  ( -0.000000000000000000, -0.000000000000000000, 1.000000000000000000 ) ) ;
#2949 = ORIENTED_EDGE ( 'NONE', *, *, #8133, .F. ) ;
#2950 = VERTEX_POINT ( 'NONE', #11068 ) ;
#2951 = CARTESIAN_POINT ( 'NONE',  ( -16.74999999999999645, 5.949455682166679971, 5.000000000000000000 ) ) ;
#2952 = AXIS2_PLACEMENT_3D ( 'NONE', #7253, #2659, #10020 ) ;
#2953 = DIRECTION ( 'NONE',  ( 0.000000000000000000, 0.000000000000000000, 1.000000000000000000 ) ) ;
#2954 = PLANE ( 'NONE',  #2344 ) ;
#2955 = PLANE ( 'NONE',  #8565 ) ;
#2956 = ORIENTED_EDGE ( 'NONE', *, *, #10225, .T. ) ;
#2957 = FACE_OUTER_BOUND ( 'NONE', #10525, .T. ) ;
#2958 = CARTESIAN_POINT ( 'NONE',  ( 75.00000000000000000, 22.50000000000000000, -102.0000000000000142 ) ) ;
#2959 = VERTEX_POINT ( 'NONE', #11128 ) ;
#2960 = VECTOR ( 'NONE', #6276, 1000.000000000000000 ) ;
#2961 = EDGE_LOOP ( 'NONE', ( #2398, #11569, #2206, #8339 ) ) ;
#2962 = ORIENTED_EDGE ( 'NONE', *, *, #4155, .T. ) ;
#2963 = ADVANCED_FACE ( 'NONE', ( #9985, #5522 ), #10044, .T. ) ;
#2964 = CYLINDRICAL_SURFACE ( 'NONE', #10083, 1.500000000000001332 ) ;
#2965 = FACE_OUTER_BOUND ( 'NONE', #3895, .T. ) ;
#2966 = CARTESIAN_POINT ( 'NONE',  ( 0.1867976494829336753, -17.68402191622607589, 4.999999999999999112 ) ) ;
#2967 = ORIENTED_EDGE ( 'NONE', *, *, #8345, .F. ) ;
#2968 =( LENGTH_UNIT ( ) NAMED_UNIT ( * ) SI_UNIT ( .MILLI., .METRE. ) );
#2969 = DIRECTION ( 'NONE',  ( 1.000000000000000000, 0.000000000000000000, 0.000000000000000000 ) ) ;
#2970 = CARTESIAN_POINT ( 'NONE',  ( -20.99999999999999645, 5.000000000000004441, -27.00000000000005329 ) ) ;
#2971 = SURFACE_SIDE_STYLE ('',( #4729 ) ) ;
#2972 = EDGE_LOOP ( 'NONE', ( #1404, #2159, #5869, #7399 ) ) ;
#2973 = EDGE_LOOP ( 'NONE', ( #3415, #917, #2580, #9858 ) ) ;
#2974 = VECTOR ( 'NONE', #11469, 1000.000000000000000 ) ;
#2975 = EDGE_CURVE ( 'NONE', #1963, #1950, #693, .T. ) ;
#2976 = CIRCLE ( 'NONE', #7027, 1.500000000000001332 ) ;
#2977 = CARTESIAN_POINT ( 'NONE',  ( 0.2637568111321476061, -16.96162177422654693, 4.999999999999998224 ) ) ;
#2978 = CARTESIAN_POINT ( 'NONE',  ( -8.799999999999998934, 2.791454495570343752, 5.000000000000000000 ) ) ;
#2979 = EDGE_CURVE ( 'NONE', #7194, #673, #496, .T. ) ;
#2980 = LINE ( 'NONE', #7562, #5118 ) ;
#2981 = DIRECTION ( 'NONE',  ( -0.000000000000000000, -1.000000000000000000, -0.000000000000000000 ) ) ;
#2982 = CARTESIAN_POINT ( 'NONE',  ( -4.909185704635593339, -15.75848815063609187, 4.999999999999992895 ) ) ;
#2983 = CYLINDRICAL_SURFACE ( 'NONE', #5983, 2.000000000000001776 ) ;
#2984 = ORIENTED_EDGE ( 'NONE', *, *, #7009, .F. ) ;
#2985 = VERTEX_POINT ( 'NONE', #6547 ) ;
#2986 = LINE ( 'NONE', #4799, #559 ) ;
#2987 = ORIENTED_EDGE ( 'NONE', *, *, #168, .F. ) ;
#2988 = VECTOR ( 'NONE', #5047, 1000.000000000000000 ) ;
#2989 = DIRECTION ( 'NONE',  ( 0.000000000000000000, 0.000000000000000000, 1.000000000000000000 ) ) ;
#2990 = VERTEX_POINT ( 'NONE', #4677 ) ;
#2991 = EDGE_CURVE ( 'NONE', #6750, #10881, #301, .T. ) ;
#2992 = DIRECTION ( 'NONE',  ( -1.000000000000000000, 0.000000000000000000, 0.000000000000000000 ) ) ;
#2993 = AXIS2_PLACEMENT_3D ( 'NONE', #1039, #7502, #5815 ) ;
#2994 = CARTESIAN_POINT ( 'NONE',  ( -26.50000000000000000, -17.50000000000000000, 9.000000000000001776 ) ) ;
#2995 = DIRECTION ( 'NONE',  ( -0.000000000000000000, 1.000000000000000000, -0.000000000000000000 ) ) ;
#2996 = CARTESIAN_POINT ( 'NONE',  ( -4.130341307679919360, -14.75208866050291512, 4.000000000000000000 ) ) ;
#2997 = CARTESIAN_POINT ( 'NONE',  ( 0.9152293669871784942, -15.04322318487303178, 4.000000000000000000 ) ) ;
#2998 = DIRECTION ( 'NONE',  ( -0.000000000000000000, -0.000000000000000000, -1.000000000000000000 ) ) ;
#2999 = ORIENTED_EDGE ( 'NONE', *, *, #3869, .T. ) ;
#3000 = DIRECTION ( 'NONE',  ( -0.000000000000000000, -0.000000000000000000, -1.000000000000000000 ) ) ;
#3001 = CARTESIAN_POINT ( 'NONE',  ( 23.36898548953931609, -14.67500000000000782, 2.500000000000000000 ) ) ;
#3002 = AXIS2_PLACEMENT_3D ( 'NONE', #8317, #10965, #7410 ) ;
#3003 = ORIENTED_EDGE ( 'NONE', *, *, #9970, .F. ) ;
#3004 = EDGE_CURVE ( 'NONE', #10567, #9407, #8116, .T. ) ;
#3005 = VERTEX_POINT ( 'NONE', #10215 ) ;
#3006 = FACE_OUTER_BOUND ( 'NONE', #9358, .T. ) ;
#3007 = LINE ( 'NONE', #3804, #3903 ) ;
#3008 = CARTESIAN_POINT ( 'NONE',  ( -0.4388521634615394351, -17.79463544448841716, 5.000000000000000000 ) ) ;
#3009 = DIRECTION ( 'NONE',  ( -0.000000000000000000, 1.000000000000000000, -0.000000000000000000 ) ) ;
#3010 = ORIENTED_EDGE ( 'NONE', *, *, #5782, .T. ) ;
#3011 = CYLINDRICAL_SURFACE ( 'NONE', #1602, 1.000000000000000000 ) ;
#3012 = FACE_OUTER_BOUND ( 'NONE', #3866, .T. ) ;
#3013 = VERTEX_POINT ( 'NONE', #10104 ) ;
#3014 = ORIENTED_EDGE ( 'NONE', *, *, #4853, .T. ) ;
#3015 = VECTOR ( 'NONE', #7164, 1000.000000000000000 ) ;
#3016 = ORIENTED_EDGE ( 'NONE', *, *, #6365, .T. ) ;
#3017 = STYLED_ITEM ( 'NONE', ( #4336 ), #985 ) ;
#3018 = CARTESIAN_POINT ( 'NONE',  ( -3.683814102564102466, -17.71322518807814816, 5.000000000000000000 ) ) ;
#3019 = LINE ( 'NONE', #2905, #3576 ) ;
#3020 = CARTESIAN_POINT ( 'NONE',  ( 0.9252717499655226385, -17.01978503214858662, 5.000000000000003553 ) ) ;
#3021 = EDGE_LOOP ( 'NONE', ( #8400, #8173, #6176, #1755 ) ) ;
#3022 = CARTESIAN_POINT ( 'NONE',  ( 28.26202902092138913, -17.50000000000000711, 0.000000000000000000 ) ) ;
#3023 = CARTESIAN_POINT ( 'NONE',  ( 14.16682257459469341, 2.791454495570344196, 5.000000000000000000 ) ) ;
#3024 = LINE ( 'NONE', #5926, #8880 ) ;
#3025 = AXIS2_PLACEMENT_3D ( 'NONE', #11884, #11938, #1922 ) ;
#3026 = DIRECTION ( 'NONE',  ( -1.000000000000000000, 0.000000000000000000, 0.000000000000000000 ) ) ;
#3027 = EDGE_LOOP ( 'NONE', ( #6556, #11136 ) ) ;
#3028 = EDGE_CURVE ( 'NONE', #10917, #11501, #8232, .T. ) ;
#3029 = ORIENTED_EDGE ( 'NONE', *, *, #8448, .F. ) ;
#3030 = CARTESIAN_POINT ( 'NONE',  ( 25.33369296624130840, 22.34263864068764249, 5.000000000000000000 ) ) ;
#3031 = ADVANCED_FACE ( 'NONE', ( #1899 ), #8301, .F. ) ;
#3032 = COLOUR_RGB ( '',0.7921568627450980005, 0.8196078431372548767, 0.9333333333333333481 ) ;
#3033 = FACE_OUTER_BOUND ( 'NONE', #1406, .T. ) ;
#3034 = ADVANCED_FACE ( 'NONE', ( #3715 ), #2809, .F. ) ;
#3035 = DIRECTION ( 'NONE',  ( -1.000000000000000000, 0.000000000000000000, -0.000000000000000000 ) ) ;
#3036 = DIRECTION ( 'NONE',  ( -0.8610380995189043096, -0.5085404518589188294, 0.000000000000000000 ) ) ;
#3037 = FACE_BOUND ( 'NONE', #1092, .T. ) ;
#3038 = EDGE_CURVE ( 'NONE', #2219, #8804, #11300, .T. ) ;
#3039 = CARTESIAN_POINT ( 'NONE',  ( 81.00000000000001421, 24.00000000000000355, -66.00000000000000000 ) ) ;
#3040 = DIRECTION ( 'NONE',  ( -0.000000000000000000, 1.000000000000000000, -0.000000000000000000 ) ) ;
#3041 = ORIENTED_EDGE ( 'NONE', *, *, #9395, .F. ) ;
#3042 = ORIENTED_EDGE ( 'NONE', *, *, #961, .F. ) ;
#3043 = ADVANCED_BREP_SHAPE_REPRESENTATION ( '', ( #8957, #3299 ), #2340 ) ;
#3044 = CARTESIAN_POINT ( 'NONE',  ( -5.999999999999997335, -10.20854550442964204, 5.000000000000000000 ) ) ;
#3045 = EDGE_LOOP ( 'NONE', ( #8917, #11313 ) ) ;
#3046 = CARTESIAN_POINT ( 'NONE',  ( -4.830937889471882407, -15.11224050124815221, 4.000000000000000000 ) ) ;
#3047 = ORIENTED_EDGE ( 'NONE', *, *, #3510, .T. ) ;
#3048 = ADVANCED_FACE ( 'NONE', ( #2623 ), #6316, .T. ) ;
#3049 = DIRECTION ( 'NONE',  ( -0.8610380995189045317, 0.5085404518589184963, -0.000000000000000000 ) ) ;
#3050 = DIRECTION ( 'NONE',  ( 0.000000000000000000, 1.000000000000000000, 0.000000000000000000 ) ) ;
#3051 = EDGE_CURVE ( 'NONE', #511, #9485, #4503, .T. ) ;
#3052 = DIRECTION ( 'NONE',  ( 0.000000000000000000, 0.000000000000000000, -1.000000000000000000 ) ) ;
#3053 = CARTESIAN_POINT ( 'NONE',  ( 140.0000000000000853, 22.50000000000000000, -100.0000000000000000 ) ) ;
#3054 = CARTESIAN_POINT ( 'NONE',  ( -3.881052035110090337, -15.10678822944700350, 3.999999999999997335 ) ) ;
#3055 = EDGE_CURVE ( 'NONE', #7924, #5981, #3098, .T. ) ;
#3056 = ORIENTED_EDGE ( 'NONE', *, *, #3848, .F. ) ;
#3057 = CARTESIAN_POINT ( 'NONE',  ( 5.495192307692304823, -17.71322518807815882, 4.000000000000000000 ) ) ;
#3058 = CARTESIAN_POINT ( 'NONE',  ( -5.210256410256410398, -16.32925082910378833, 5.000000000000000000 ) ) ;
#3059 = ORIENTED_EDGE ( 'NONE', *, *, #3491, .F. ) ;
#3060 = CARTESIAN_POINT ( 'NONE',  ( -20.00000000000001066, -16.20000000000000284, 93.49999999999991473 ) ) ;
#3061 = DIRECTION ( 'NONE',  ( -0.7071067811865464625, 0.7071067811865486830, 0.000000000000000000 ) ) ;
#3062 = EDGE_CURVE ( 'NONE', #6583, #1979, #2826, .T. ) ;
#3063 = ORIENTED_EDGE ( 'NONE', *, *, #8207, .T. ) ;
#3064 = VERTEX_POINT ( 'NONE', #3890 ) ;
#3065 = B_SPLINE_CURVE_WITH_KNOTS ( 'NONE', 3,
 ( #11649, #2526, #3378, #6286, #7117, #8864, #6935, #2464, #7182, #9773, #10614, #7061, #528, #7000, #9832, #11523, #5133, #1498, #4410 ),
 .UNSPECIFIED., .F., .F.,
 ( 4, 1, 1, 1, 1, 1, 1, 1, 1, 1, 1, 1, 1, 1, 1, 1, 4 ),
 ( 0.000000000000000000, 0.06934871325595001745, 0.1361469546042712586, 0.2005553513704648738, 0.2627938981591087519, 0.3234215623312625132, 0.3824643489379594419, 0.4409638725178808838, 0.4982922175092558414, 0.5558279989942976895, 0.6142840608122153157, 0.6736809141865964801, 0.7347653641184272999, 0.7975553011576219653, 0.8622761528751506921, 0.9296709880359613765, 1.000000000000000000 ),
 .UNSPECIFIED. ) ;
#3066 = LINE ( 'NONE', #9529, #570 ) ;
#3067 = EDGE_CURVE ( 'NONE', #7297, #1877, #10459, .T. ) ;
#3068 = CARTESIAN_POINT ( 'NONE',  ( -2.727243589743591379, -17.71322518807815882, 4.000000000000000000 ) ) ;
#3069 = CARTESIAN_POINT ( 'NONE',  ( -1.586556749207124861, -16.07224460480562911, 5.000000000000000888 ) ) ;
#3070 = EDGE_LOOP ( 'NONE', ( #10598, #1494, #10968, #7743 ) ) ;
#3071 = CARTESIAN_POINT ( 'NONE',  ( 10.00000000000000355, 2.000000000000000000, 8.000000000000000000 ) ) ;
#3072 = LINE ( 'NONE', #8507, #4108 ) ;
#3073 = ORIENTED_EDGE ( 'NONE', *, *, #11778, .F. ) ;
#3074 = VECTOR ( 'NONE', #1266, 1000.000000000000000 ) ;
#3075 = ADVANCED_FACE ( 'NONE', ( #5816, #3830, #3037, #4793, #2198, #9379, #4856, #10338, #8472, #7676, #11354, #5878, #8597, #6775, #5755, #2923, #7563 ), #9560, .F. ) ;
#3076 = VERTEX_POINT ( 'NONE', #1280 ) ;
#3077 = ORIENTED_EDGE ( 'NONE', *, *, #10963, .F. ) ;
#3078 = DIRECTION ( 'NONE',  ( 1.000000000000000000, 0.000000000000000000, -1.445602896647339163E-16 ) ) ;
#3079 = AXIS2_PLACEMENT_3D ( 'NONE', #7339, #8187, #86 ) ;
#3080 = EDGE_CURVE ( 'NONE', #10999, #9888, #8652, .T. ) ;
#3081 = DIRECTION ( 'NONE',  ( 0.000000000000000000, 1.000000000000000000, 0.000000000000000000 ) ) ;
#3082 = CARTESIAN_POINT ( 'NONE',  ( 0.8695249611224391550, -17.11073436257361635, 3.999999999999999112 ) ) ;
#3083 = ORIENTED_EDGE ( 'NONE', *, *, #5258, .F. ) ;
#3084 = LINE ( 'NONE', #6045, #7692 ) ;
#3085 = CARTESIAN_POINT ( 'NONE',  ( 20.81324294376706163, 19.67280126842832289, 5.000000000000000000 ) ) ;
#3086 = FILL_AREA_STYLE ('',( #7555 ) ) ;
#3087 = VERTEX_POINT ( 'NONE', #9436 ) ;
#3088 = ORIENTED_EDGE ( 'NONE', *, *, #1495, .T. ) ;
#3089 = VECTOR ( 'NONE', #7264, 1000.000000000000000 ) ;
#3090 = CARTESIAN_POINT ( 'NONE',  ( -4.779786821521716078, -15.11577088418681392, 3.999999999999999112 ) ) ;
#3091 = AXIS2_PLACEMENT_3D ( 'NONE', #8497, #10246, #2097 ) ;
#3092 = CARTESIAN_POINT ( 'NONE',  ( -1.587500000000001021, -16.10918872974482596, 5.000000000000000000 ) ) ;
#3093 = DIRECTION ( 'NONE',  ( 0.000000000000000000, 0.000000000000000000, -1.000000000000000000 ) ) ;
#3094 = VECTOR ( 'NONE', #3735, 1000.000000000000000 ) ;
#3095 = ADVANCED_FACE ( 'NONE', ( #1155 ), #1100, .F. ) ;
#3096 = CARTESIAN_POINT ( 'NONE',  ( -0.4258509072241702942, -15.02810925100230222, 5.000000000000000000 ) ) ;
#3097 = VECTOR ( 'NONE', #6370, 1000.000000000000000 ) ;
#3098 = LINE ( 'NONE', #9500, #2430 ) ;
#3099 = CARTESIAN_POINT ( 'NONE',  ( 6.065064102564100779, -14.53822518807815989, 4.000000000000000000 ) ) ;
#3100 = CARTESIAN_POINT ( 'NONE',  ( 15.99999999999997868, -89.44271909999159220, 49.99999999999993605 ) ) ;
#3101 = ORIENTED_EDGE ( 'NONE', *, *, #2245, .F. ) ;
#3102 = VERTEX_POINT ( 'NONE', #11419 ) ;
#3103 = CARTESIAN_POINT ( 'NONE',  ( 24.00000000000001421, 0.000000000000000000, 9.999999999999953815 ) ) ;
#3104 = ORIENTED_EDGE ( 'NONE', *, *, #4660, .T. ) ;
#3105 = CARTESIAN_POINT ( 'NONE',  ( 140.0000000000000853, 5.000000000000000888, -57.99999999999997868 ) ) ;
#3106 = ORIENTED_EDGE ( 'NONE', *, *, #2822, .F. ) ;
#3107 = CIRCLE ( 'NONE', #10812, 1.500000000000001332 ) ;
#3108 = DIRECTION ( 'NONE',  ( -0.000000000000000000, -0.000000000000000000, -1.000000000000000000 ) ) ;
#3109 = DIRECTION ( 'NONE',  ( 0.000000000000000000, 0.000000000000000000, 1.000000000000000000 ) ) ;
#3110 = CIRCLE ( 'NONE', #7358, 1.549999999999995826 ) ;
#3111 = ADVANCED_FACE ( 'NONE', ( #11180 ), #10283, .F. ) ;
#3112 = CARTESIAN_POINT ( 'NONE',  ( -26.00000000000000000, -89.44271909999159220, 46.49999999999992895 ) ) ;
#3113 = DIRECTION ( 'NONE',  ( -0.000000000000000000, 0.000000000000000000, 1.000000000000000000 ) ) ;
#3114 = CARTESIAN_POINT ( 'NONE',  ( -81.00000000000001421, 30.51492707152537065, -98.34041587281917884 ) ) ;
#3115 = EDGE_CURVE ( 'NONE', #9138, #6750, #3161, .T. ) ;
#3116 = ORIENTED_EDGE ( 'NONE', *, *, #9911, .F. ) ;
#3117 = VECTOR ( 'NONE', #9611, 1000.000000000000114 ) ;
#3118 = AXIS2_PLACEMENT_3D ( 'NONE', #1501, #4227, #7726 ) ;
#3119 = LINE ( 'NONE', #3057, #2908 ) ;
#3120 = CARTESIAN_POINT ( 'NONE',  ( 0.3828798071373376577, -15.35474784654162583, 5.000000000000000000 ) ) ;
#3121 = ORIENTED_EDGE ( 'NONE', *, *, #1137, .F. ) ;
#3122 = DIRECTION ( 'NONE',  ( -0.000000000000000000, 0.000000000000000000, 1.000000000000000000 ) ) ;
#3123 = CARTESIAN_POINT ( 'NONE',  ( 45.60000000000000142, -16.20000000000000284, -7.500000000000069278 ) ) ;
#3124 = AXIS2_PLACEMENT_3D ( 'NONE', #6250, #5960, #4091 ) ;
#3125 = CIRCLE ( 'NONE', #5247, 1.999999999999988676 ) ;
#3126 = EDGE_LOOP ( 'NONE', ( #8602, #11518, #8255, #4764 ) ) ;
#3127 = ORIENTED_EDGE ( 'NONE', *, *, #1935, .T. ) ;
#3128 = EDGE_CURVE ( 'NONE', #1694, #6783, #10521, .T. ) ;
#3129 = DIRECTION ( 'NONE',  ( 0.000000000000000000, 0.000000000000000000, 1.000000000000000000 ) ) ;
#3130 = AXIS2_PLACEMENT_3D ( 'NONE', #11275, #1072, #1189 ) ;
#3131 = DIRECTION ( 'NONE',  ( 0.000000000000000000, 0.000000000000000000, -1.000000000000000000 ) ) ;
#3132 = EDGE_CURVE ( 'NONE', #3764, #2787, #1041, .T. ) ;
#3133 = FACE_OUTER_BOUND ( 'NONE', #8551, .T. ) ;
#3134 = EDGE_LOOP ( 'NONE', ( #7142, #9408, #9948, #101, #1164, #1768, #10776, #5837 ) ) ;
#3135 = CARTESIAN_POINT ( 'NONE',  ( -4.652207563430163617, -14.56002473291711929, 4.999999999999998224 ) ) ;
#3136 = CARTESIAN_POINT ( 'NONE',  ( 21.49999999999999645, 1.242321824286741657E-14, 5.000000000000000000 ) ) ;
#3137 = ORIENTED_EDGE ( 'NONE', *, *, #963, .F. ) ;
#3138 = ORIENTED_EDGE ( 'NONE', *, *, #8962, .F. ) ;
#3139 = AXIS2_PLACEMENT_3D ( 'NONE', #7730, #2414, #420 ) ;
#3140 = ORIENTED_EDGE ( 'NONE', *, *, #2015, .F. ) ;
#3141 = CIRCLE ( 'NONE', #11812, 1.000000000000000888 ) ;
#3142 = DIRECTION ( 'NONE',  ( -0.000000000000000000, -0.000000000000000000, -1.000000000000000000 ) ) ;
#3143 = CARTESIAN_POINT ( 'NONE',  ( 0.4500339802339450301, -17.54444440201391586, 4.000000000000000888 ) ) ;
#3144 = CARTESIAN_POINT ( 'NONE',  ( 79.00000000000001421, 22.50000000000000711, -60.00000000000000711 ) ) ;
#3145 = CYLINDRICAL_SURFACE ( 'NONE', #9533, 3.000000000000002665 ) ;
#3146 = ORIENTED_EDGE ( 'NONE', *, *, #6736, .F. ) ;
#3147 = VECTOR ( 'NONE', #3000, 1000.000000000000000 ) ;
#3148 = AXIS2_PLACEMENT_3D ( 'NONE', #5181, #5006, #8684 ) ;
#3149 =( NAMED_UNIT ( * ) SI_UNIT ( $, .STERADIAN. ) SOLID_ANGLE_UNIT ( ) );
#3150 = DIRECTION ( 'NONE',  ( -2.040851148208009970E-16, 0.000000000000000000, -1.000000000000000000 ) ) ;
#3151 = CARTESIAN_POINT ( 'NONE',  ( 24.37302610677950199, 13.64553457179599505, 9.000000000000001776 ) ) ;
#3152 = LINE ( 'NONE', #3260, #10268 ) ;
#3153 = ORIENTED_EDGE ( 'NONE', *, *, #9301, .F. ) ;
#3154 = VERTEX_POINT ( 'NONE', #311 ) ;
#3155 =( BOUNDED_CURVE ( )  B_SPLINE_CURVE ( 3, ( #11485, #5031, #4130, #9789 ),
 .UNSPECIFIED., .F., .F. ) 
 B_SPLINE_CURVE_WITH_KNOTS ( ( 4, 4 ),
 ( 1.570796326794889897, 3.141592653589813988 ),
 .UNSPECIFIED. ) 
 CURVE ( )  GEOMETRIC_REPRESENTATION_ITEM ( )  RATIONAL_B_SPLINE_CURVE ( ( 1.000000000000000000, 0.8047378541243583872, 0.8047378541243583872, 1.000000000000000000 ) ) 
 REPRESENTATION_ITEM ( '' )  );
#3156 = CARTESIAN_POINT ( 'NONE',  ( -4.396800232592905644, -15.41563927966092074, 3.999999999999999112 ) ) ;
#3157 = VECTOR ( 'NONE', #2272, 1000.000000000000000 ) ;
#3158 = DIRECTION ( 'NONE',  ( -0.7071067811865521247, -3.066586833366769970E-16, 0.7071067811865430208 ) ) ;
#3159 = CARTESIAN_POINT ( 'NONE',  ( 81.00000000000001421, 37.42339375865881834, -87.75000000000002842 ) ) ;
#3160 = CARTESIAN_POINT ( 'NONE',  ( -1.586556749207124861, -16.07224460480562911, 5.000000000000000000 ) ) ;
#3161 = LINE ( 'NONE', #6841, #1862 ) ;
#3162 = DIRECTION ( 'NONE',  ( 0.000000000000000000, 1.000000000000000000, 0.000000000000000000 ) ) ;
#3163 = FACE_OUTER_BOUND ( 'NONE', #5842, .T. ) ;
#3164 = ORIENTED_EDGE ( 'NONE', *, *, #4432, .T. ) ;
#3165 = VERTEX_POINT ( 'NONE', #11303 ) ;
#3166 = CARTESIAN_POINT ( 'NONE',  ( -20.99999999999999645, 0.000000000000000000, -27.00000000000005329 ) ) ;
#3167 = VERTEX_POINT ( 'NONE', #6713 ) ;
#3168 = CARTESIAN_POINT ( 'NONE',  ( -4.398069938970056825, -15.38258635810702657, 4.000000000000000000 ) ) ;
#3169 = EDGE_LOOP ( 'NONE', ( #87, #5339, #9894, #1192 ) ) ;
#3170 = CARTESIAN_POINT ( 'NONE',  ( -77.00000000000001421, 0.000000000000000000, -102.0000000000000142 ) ) ;
#3171 = AXIS2_PLACEMENT_3D ( 'NONE', #1486, #4161, #6924 ) ;
#3172 = CARTESIAN_POINT ( 'NONE',  ( 81.00000000000001421, 5.000000000000000000, -62.00000000000002132 ) ) ;
#3173 = CARTESIAN_POINT ( 'NONE',  ( 22.50000000000000711, -20.49999999999999289, 9.000000000000001776 ) ) ;
#3174 = AXIS2_PLACEMENT_3D ( 'NONE', #8785, #6856, #8966 ) ;
#3175 = CARTESIAN_POINT ( 'NONE',  ( -23.18380419571102991, 13.69266036901629313, 9.000000000000001776 ) ) ;
#3176 = CARTESIAN_POINT ( 'NONE',  ( -8.999999999999994671, 2.000000000000000000, 10.99999999999999467 ) ) ;
#3177 = ORIENTED_EDGE ( 'NONE', *, *, #360, .T. ) ;
#3178 = CYLINDRICAL_SURFACE ( 'NONE', #8688, 1.500000000000001332 ) ;
#3179 = LINE ( 'NONE', #5721, #11165 ) ;
#3180 = VERTEX_POINT ( 'NONE', #4012 ) ;
#3181 = FACE_OUTER_BOUND ( 'NONE', #1882, .T. ) ;
#3182 = CARTESIAN_POINT ( 'NONE',  ( 19.19238815542513166, -12.03553390593273242, 0.000000000000000000 ) ) ;
#3183 = ADVANCED_FACE ( 'NONE', ( #136 ), #6607, .T. ) ;
#3184 = ORIENTED_EDGE ( 'NONE', *, *, #10875, .T. ) ;
#3185 = AXIS2_PLACEMENT_3D ( 'NONE', #5766, #97, #7691 ) ;
#3186 = ORIENTED_EDGE ( 'NONE', *, *, #6223, .T. ) ;
#3187 = DIRECTION ( 'NONE',  ( -0.000000000000000000, 0.000000000000000000, 1.000000000000000000 ) ) ;
#3188 = ADVANCED_FACE ( 'NONE', ( #4363 ), #5272, .F. ) ;
#3189 = DIRECTION ( 'NONE',  ( -0.000000000000000000, -0.000000000000000000, 1.000000000000000000 ) ) ;
#3190 = FACE_OUTER_BOUND ( 'NONE', #6234, .T. ) ;
#3192 = ORIENTED_EDGE ( 'NONE', *, *, #3395, .T. ) ;
#3191 = EDGE_CURVE ( 'NONE', #11687, #2755, #8945, .T. ) ;
#3193 = AXIS2_PLACEMENT_3D ( 'NONE', #6533, #11112, #10199 ) ;
#3194 = CARTESIAN_POINT ( 'NONE',  ( -28.26202902092138913, -17.50000000000000711, 2.500000000000000000 ) ) ;
#3195 = DIRECTION ( 'NONE',  ( -1.000000000000000000, -0.000000000000000000, -0.000000000000000000 ) ) ;
#3196 = B_SPLINE_CURVE_WITH_KNOTS ( 'NONE', 3,
 ( #8000, #6136, #2494, #7818, #10710, #11555, #11679, #4259, #5110, #3290, #7936, #4325, #7090, #503, #10535, #9802, #6971, #1472, #4205 ),
 .UNSPECIFIED., .F., .F.,
 ( 4, 1, 1, 1, 1, 1, 1, 1, 1, 1, 1, 1, 1, 1, 1, 1, 4 ),
 ( 0.000000000000000000, 0.06718757354736738796, 0.1319286902789449656, 0.1951888472476513980, 0.2571283310395818256, 0.3188425934467536416, 0.3804925116413721553, 0.4432187279583991724, 0.5071253041351038160, 0.5707121370126607696, 0.6324819649837610802, 0.6932526949398444271, 0.7531313290707890573, 0.8134576601575654875, 0.8738631107010343957, 0.9361102679396072768, 1.000000000000000000 ),
 .UNSPECIFIED. ) ;
#3197 = ORIENTED_EDGE ( 'NONE', *, *, #11806, .T. ) ;
#3198 = VERTEX_POINT ( 'NONE', #487 ) ;
#3199 = ORIENTED_EDGE ( 'NONE', *, *, #3819, .T. ) ;
#3200 = EDGE_CURVE ( 'NONE', #5525, #6693, #4242, .T. ) ;
#3201 = DIRECTION ( 'NONE',  ( -0.000000000000000000, -0.000000000000000000, 1.000000000000000000 ) ) ;
#3202 = FACE_OUTER_BOUND ( 'NONE', #10445, .T. ) ;
#3203 = EDGE_CURVE ( 'NONE', #11102, #765, #431, .T. ) ;
#3204 = DIRECTION ( 'NONE',  ( 0.000000000000000000, 0.000000000000000000, 1.000000000000000000 ) ) ;
#3205 = EDGE_LOOP ( 'NONE', ( #424, #3073, #6335, #9909 ) ) ;
#3206 = CARTESIAN_POINT ( 'NONE',  ( -21.32178339562597813, 18.81176316890940825, 9.000000000000001776 ) ) ;
#3207 = EDGE_CURVE ( 'NONE', #11493, #2613, #8825, .T. ) ;
#3208 = FACE_OUTER_BOUND ( 'NONE', #11321, .T. ) ;
#3209 = CARTESIAN_POINT ( 'NONE',  ( -53.49999999999996447, 0.000000000000000000, 104.9999999999999289 ) ) ;
#3210 = AXIS2_PLACEMENT_3D ( 'NONE', #3289, #2319, #8837 ) ;
#3211 = ORIENTED_EDGE ( 'NONE', *, *, #10154, .T. ) ;
#3212 = VERTEX_POINT ( 'NONE', #607 ) ;
#3213 = CARTESIAN_POINT ( 'NONE',  ( -0.5596769667581231733, -17.79296603475588157, 4.000000000000000000 ) ) ;
#3214 = DIRECTION ( 'NONE',  ( -0.000000000000000000, -0.000000000000000000, -1.000000000000000000 ) ) ;
#3215 = CYLINDRICAL_SURFACE ( 'NONE', #8705, 2.599999999999984102 ) ;
#3216 = VECTOR ( 'NONE', #4601, 1000.000000000000000 ) ;
#3217 = LINE ( 'NONE', #6898, #5703 ) ;
#3218 = CARTESIAN_POINT ( 'NONE',  ( 4.355448717948715576, -15.10809698294995584, 4.000000000000000000 ) ) ;
#3219 = PLANE ( 'NONE',  #9075 ) ;
#3220 = CARTESIAN_POINT ( 'NONE',  ( 27.75000000000000355, -13.49999999999999467, 0.000000000000000000 ) ) ;
#3221 = ORIENTED_EDGE ( 'NONE', *, *, #5170, .F. ) ;
#3222 = ORIENTED_EDGE ( 'NONE', *, *, #8608, .F. ) ;
#3223 = CARTESIAN_POINT ( 'NONE',  ( 0.3453241295916130160, -14.61799375485804831, 4.999999999999999112 ) ) ;
#3224 = ORIENTED_EDGE ( 'NONE', *, *, #4436, .F. ) ;
#3225 = CARTESIAN_POINT ( 'NONE',  ( -4.578263971826562972, -15.15955317017008497, 4.000000000000000888 ) ) ;
#3226 = ORIENTED_EDGE ( 'NONE', *, *, #2979, .F. ) ;
#3227 = EDGE_CURVE ( 'NONE', #10721, #11782, #8033, .T. ) ;
#3228 = VECTOR ( 'NONE', #11807, 1000.000000000000000 ) ;
#3229 = DIRECTION ( 'NONE',  ( 0.000000000000000000, 1.000000000000000000, 0.000000000000000000 ) ) ;
#3230 = CARTESIAN_POINT ( 'NONE',  ( -3.683814102564102466, -17.71322518807814816, 4.000000000000000000 ) ) ;
#3231 = LINE ( 'NONE', #4323, #8965 ) ;
#3232 = PLANE ( 'NONE',  #2632 ) ;
#3233 = CARTESIAN_POINT ( 'NONE',  ( -79.00000000000001421, 0.000000000000000000, -62.00000000000000711 ) ) ;
#3234 = CARTESIAN_POINT ( 'NONE',  ( -0.4274038461538470779, -17.22476364961662298, 4.000000000000000000 ) ) ;
#3235 = ORIENTED_EDGE ( 'NONE', *, *, #2301, .T. ) ;
#3236 = DIRECTION ( 'NONE',  ( 0.000000000000000000, 0.000000000000000000, 1.000000000000000000 ) ) ;
#3237 = DIRECTION ( 'NONE',  ( -0.000000000000000000, 1.000000000000000000, -0.000000000000000000 ) ) ;
#3238 = ORIENTED_EDGE ( 'NONE', *, *, #2312, .F. ) ;
#3239 = CARTESIAN_POINT ( 'NONE',  ( -4.993586386531498889, -15.10827286525999469, 5.000000000000000888 ) ) ;
#3240 = DIRECTION ( 'NONE',  ( 1.000000000000000000, 0.000000000000000000, 0.000000000000000000 ) ) ;
#3241 = EDGE_LOOP ( 'NONE', ( #9901, #731, #5930, #2471 ) ) ;
#3242 = DIRECTION ( 'NONE',  ( 1.000000000000000000, 0.000000000000000000, 0.000000000000000000 ) ) ;
#3243 = CARTESIAN_POINT ( 'NONE',  ( 10.99999999999999467, 2.000000000000000000, 7.000000000000000000 ) ) ;
#3244 = ADVANCED_FACE ( 'NONE', ( #6055 ), #8041, .F. ) ;
#3245 = FACE_OUTER_BOUND ( 'NONE', #6292, .T. ) ;
#3246 = ORIENTED_EDGE ( 'NONE', *, *, #3928, .F. ) ;
#3247 = CARTESIAN_POINT ( 'NONE',  ( -4.042379089280638382, -14.83613371534582548, 4.999999999999999112 ) ) ;
#3248 = CARTESIAN_POINT ( 'NONE',  ( -27.74999999999998934, -19.75000000000000000, 0.000000000000000000 ) ) ;
#3249 = ORIENTED_EDGE ( 'NONE', *, *, #7715, .T. ) ;
#3250 = EDGE_LOOP ( 'NONE', ( #5112, #6423, #4493, #178, #452, #2600, #1933, #9952 ) ) ;
#3251 = EDGE_CURVE ( 'NONE', #2755, #4564, #1673, .T. ) ;
#3252 = CARTESIAN_POINT ( 'NONE',  ( -5.016907051282050389, -16.32925082910378833, 4.000000000000000000 ) ) ;
#3253 = DIRECTION ( 'NONE',  ( -6.672013369141565463E-17, -1.000000000000000000, 0.000000000000000000 ) ) ;
#3254 = LINE ( 'NONE', #10861, #10840 ) ;
#3255 = DIRECTION ( 'NONE',  ( 3.035766082959409950E-16, -0.000000000000000000, 1.000000000000000000 ) ) ;
#3256 = ORIENTED_EDGE ( 'NONE', *, *, #4217, .F. ) ;
#3257 = DIRECTION ( 'NONE',  ( -0.000000000000000000, -0.000000000000000000, -1.000000000000000000 ) ) ;
#3258 = EDGE_CURVE ( 'NONE', #3496, #1720, #7458, .T. ) ;
#3259 = CARTESIAN_POINT ( 'NONE',  ( 24.00000000000001421, 0.000000000000000000, -25.00000000000006395 ) ) ;
#3260 = CARTESIAN_POINT ( 'NONE',  ( -79.00000000000000000, 0.000000000000000000, -100.0000000000000000 ) ) ;
#3261 = ORIENTED_EDGE ( 'NONE', *, *, #11080, .F. ) ;
#3262 = AXIS2_PLACEMENT_3D ( 'NONE', #2432, #7273, #6185 ) ;
#3263 = ORIENTED_EDGE ( 'NONE', *, *, #6984, .F. ) ;
#3264 = CARTESIAN_POINT ( 'NONE',  ( -1.874319610407004788, -17.06371774496270888, 3.999999999999998224 ) ) ;
#3265 = EDGE_CURVE ( 'NONE', #6043, #4875, #9614, .T. ) ;
#3266 = VECTOR ( 'NONE', #1689, 1000.000000000000000 ) ;
#3267 = LINE ( 'NONE', #6052, #5848 ) ;
#3268 = ADVANCED_FACE ( 'NONE', ( #5148 ), #1336, .T. ) ;
#3269 = DIRECTION ( 'NONE',  ( 0.000000000000000000, 0.000000000000000000, -1.000000000000000000 ) ) ;
#3270 = CARTESIAN_POINT ( 'NONE',  ( -81.00000000000001421, 10.57660624134118521, -89.24999999999998579 ) ) ;
#3271 = DIRECTION ( 'NONE',  ( 1.381677860973891772E-15, -1.000000000000000000, 0.000000000000000000 ) ) ;
#3272 = DIRECTION ( 'NONE',  ( 0.000000000000000000, -1.000000000000000000, 0.000000000000000000 ) ) ;
#3273 = DIRECTION ( 'NONE',  ( -1.000000000000000000, -0.000000000000000000, -0.000000000000000000 ) ) ;
#3274 = EDGE_LOOP ( 'NONE', ( #6352, #6832 ) ) ;
#3275 = EDGE_CURVE ( 'NONE', #5055, #11687, #3155, .T. ) ;
#3276 = VERTEX_POINT ( 'NONE', #7919 ) ;
#3277 = DIRECTION ( 'NONE',  ( -0.000000000000000000, -1.000000000000000000, -0.000000000000000000 ) ) ;
#3278 = ORIENTED_EDGE ( 'NONE', *, *, #3345, .F. ) ;
#3279 = VECTOR ( 'NONE', #9697, 1000.000000000000000 ) ;
#3280 = CARTESIAN_POINT ( 'NONE',  ( -4.993586386531498889, -15.10827286525999469, 5.000000000000000000 ) ) ;
#3281 = ORIENTED_EDGE ( 'NONE', *, *, #289, .F. ) ;
#3282 = AXIS2_PLACEMENT_3D ( 'NONE', #459, #6025, #11565 ) ;
#3283 = VECTOR ( 'NONE', #5956, 1000.000000000000000 ) ;
#3284 = DIRECTION ( 'NONE',  ( 0.000000000000000000, 0.000000000000000000, 1.000000000000000000 ) ) ;
#3285 = CARTESIAN_POINT ( 'NONE',  ( -8.799999999999998934, 2.791454495570343752, 10.00000000000000000 ) ) ;
#3286 = VECTOR ( 'NONE', #3273, 1000.000000000000000 ) ;
#3287 = ADVANCED_FACE ( 'NONE', ( #667 ), #11599, .T. ) ;
#3288 = DIRECTION ( 'NONE',  ( 0.000000000000000000, 1.000000000000000000, -0.000000000000000000 ) ) ;
#3289 = CARTESIAN_POINT ( 'NONE',  ( -5.016271033653846523, -15.10809698294994519, 4.000000000000000000 ) ) ;
#3290 = CARTESIAN_POINT ( 'NONE',  ( -1.267982511171485971, -15.34082543296465140, 4.000000000000000000 ) ) ;
#3291 = CARTESIAN_POINT ( 'NONE',  ( -17.99999999999996803, 5.000000000000000000, 49.99999999999993605 ) ) ;
#3292 = ORIENTED_EDGE ( 'NONE', *, *, #10571, .F. ) ;
#3293 = ADVANCED_FACE ( 'NONE', ( #6120, #5207 ), #8884, .F. ) ;
#3294 = CARTESIAN_POINT ( 'NONE',  ( -43.00000000000000711, 0.000000000000000000, 37.09999999999991616 ) ) ;
#3295 = CARTESIAN_POINT ( 'NONE',  ( -0.4388521634615394351, -17.79463544448841716, 4.000000000000000000 ) ) ;
#3296 = ORIENTED_EDGE ( 'NONE', *, *, #8195, .T. ) ;
#3297 = VECTOR ( 'NONE', #8841, 1000.000000000000000 ) ;
#3298 = FACE_OUTER_BOUND ( 'NONE', #259, .T. ) ;
#3299 = AXIS2_PLACEMENT_3D ( 'NONE', #8462, #9370, #4843 ) ;
#3300 = CIRCLE ( 'NONE', #10047, 0.9999999999999991118 ) ;
#3301 = ORIENTED_EDGE ( 'NONE', *, *, #11887, .F. ) ;
#3302 = CARTESIAN_POINT ( 'NONE',  ( -24.99999999999999645, -17.50000000000000000, 5.000000000000000000 ) ) ;
#3303 = DIRECTION ( 'NONE',  ( 0.000000000000000000, 1.000000000000000000, 0.000000000000000000 ) ) ;
#3304 = CARTESIAN_POINT ( 'NONE',  ( -5.210256410256410398, -16.32925082910378833, 4.000000000000000000 ) ) ;
#3305 = ORIENTED_EDGE ( 'NONE', *, *, #8226, .F. ) ;
#3306 = AXIS2_PLACEMENT_3D ( 'NONE', #2428, #11607, #675 ) ;
#3307 = CARTESIAN_POINT ( 'NONE',  ( -1.740780248397436836, -15.01205832109098104, 5.000000000000000000 ) ) ;
#3308 = DIRECTION ( 'NONE',  ( 0.000000000000000000, -1.000000000000000000, 0.000000000000000000 ) ) ;
#3309 = VERTEX_POINT ( 'NONE', #7803 ) ;
#3310 = ORIENTED_EDGE ( 'NONE', *, *, #8069, .T. ) ;
#3311 = AXIS2_PLACEMENT_3D ( 'NONE', #2644, #4344, #11877 ) ;
#3312 = CIRCLE ( 'NONE', #4869, 1.500000000000001332 ) ;
#3313 = CARTESIAN_POINT ( 'NONE',  ( -25.33369296624130840, 22.34263864068763539, 5.000000000000000000 ) ) ;
#3314 = LINE ( 'NONE', #10442, #6403 ) ;
#3315 = DIRECTION ( 'NONE',  ( -0.000000000000000000, -1.000000000000000000, -0.000000000000000000 ) ) ;
#3316 = LINE ( 'NONE', #7846, #9716 ) ;
#3317 = ORIENTED_EDGE ( 'NONE', *, *, #8077, .T. ) ;
#3318 = DIRECTION ( 'NONE',  ( 0.000000000000000000, 0.000000000000000000, 1.000000000000000000 ) ) ;
#3319 = FACE_OUTER_BOUND ( 'NONE', #933, .T. ) ;
#3320 = CYLINDRICAL_SURFACE ( 'NONE', #8147, 1.500000000000001332 ) ;
#3321 = VERTEX_POINT ( 'NONE', #3218 ) ;
#3322 = VECTOR ( 'NONE', #1837, 1000.000000000000000 ) ;
#3323 = ORIENTED_EDGE ( 'NONE', *, *, #10378, .F. ) ;
#3324 = CARTESIAN_POINT ( 'NONE',  ( 75.00000000000001421, 22.50000000000000711, -60.00000000000001421 ) ) ;
#3325 = EDGE_CURVE ( 'NONE', #11942, #8088, #6899, .T. ) ;
#3326 = EDGE_CURVE ( 'NONE', #7573, #11942, #11842, .T. ) ;
#3327 = DIRECTION ( 'NONE',  ( -1.000000000000000000, 0.000000000000000000, -0.000000000000000000 ) ) ;
#3328 = CARTESIAN_POINT ( 'NONE',  ( -12.05713943461311111, 2.791454495570343752, 10.00000000000000000 ) ) ;
#3329 = AXIS2_PLACEMENT_3D ( 'NONE', #9961, #6472, #5438 ) ;
#3330 = VECTOR ( 'NONE', #7897, 1000.000000000000000 ) ;
#3331 = CARTESIAN_POINT ( 'NONE',  ( -1.568922083063973627, -15.89239129758119873, 4.000000000000000000 ) ) ;
#3332 = DIRECTION ( 'NONE',  ( 5.778241043194148297E-16, -1.000000000000000000, 0.000000000000000000 ) ) ;
#3333 = CARTESIAN_POINT ( 'NONE',  ( 77.00000000000005684, 22.50000000000000711, -60.00000000000001421 ) ) ;
#3334 = DIRECTION ( 'NONE',  ( 0.000000000000000000, 0.000000000000000000, 1.000000000000000000 ) ) ;
#3335 = VERTEX_POINT ( 'NONE', #8286 ) ;
#3336 = VECTOR ( 'NONE', #4585, 1000.000000000000000 ) ;
#3337 = ORIENTED_EDGE ( 'NONE', *, *, #9490, .T. ) ;
#3338 = CARTESIAN_POINT ( 'NONE',  ( -75.00000000000001421, 24.00000000000000355, -66.00000000000000000 ) ) ;
#3339 = ORIENTED_EDGE ( 'NONE', *, *, #5654, .T. ) ;
#3340 = EDGE_CURVE ( 'NONE', #7724, #3567, #911, .T. ) ;
#3341 = DIRECTION ( 'NONE',  ( 0.000000000000000000, 0.000000000000000000, 1.000000000000000000 ) ) ;
#3342 = ORIENTED_EDGE ( 'NONE', *, *, #596, .T. ) ;
#3343 = VECTOR ( 'NONE', #9473, 1000.000000000000000 ) ;
#3344 = FACE_BOUND ( 'NONE', #3798, .T. ) ;
#3345 = EDGE_CURVE ( 'NONE', #8481, #10256, #7379, .T. ) ;
#3346 = DIRECTION ( 'NONE',  ( 0.000000000000000000, 1.000000000000000000, 0.000000000000000000 ) ) ;
#3347 = DIRECTION ( 'NONE',  ( 0.5000000000000004441, -0.8660254037844383745, 0.000000000000000000 ) ) ;
#3348 = LINE ( 'NONE', #3983, #8988 ) ;
#3349 = CARTESIAN_POINT ( 'NONE',  ( 81.00000000000001421, 31.00000000000000000, -80.00000000000000000 ) ) ;
#3350 = CARTESIAN_POINT ( 'NONE',  ( 26.63101451046069101, -20.32500000000000995, 0.000000000000000000 ) ) ;
#3351 = VERTEX_POINT ( 'NONE', #6482 ) ;
#3352 = DIRECTION ( 'NONE',  ( 0.000000000000000000, 0.000000000000000000, 1.000000000000000000 ) ) ;
#3353 = CARTESIAN_POINT ( 'NONE',  ( 20.46074529610707060, 18.30322271705049531, 9.000000000000001776 ) ) ;
#3354 = ORIENTED_EDGE ( 'NONE', *, *, #1137, .T. ) ;
#3355 = CARTESIAN_POINT ( 'NONE',  ( -4.779786821521716078, -15.11577088418681392, 4.999999999999999112 ) ) ;
#3356 = EDGE_CURVE ( 'NONE', #3154, #6080, #9062, .T. ) ;
#3357 = AXIS2_PLACEMENT_3D ( 'NONE', #5764, #1167, #4870 ) ;
#3358 = CARTESIAN_POINT ( 'NONE',  ( -5.210256410256410398, -16.32925082910378833, 5.000000000000000000 ) ) ;
#3359 = VECTOR ( 'NONE', #8755, 1000.000000000000000 ) ;
#3360 = ORIENTED_EDGE ( 'NONE', *, *, #186, .F. ) ;
#3361 = DIRECTION ( 'NONE',  ( -0.000000000000000000, 1.000000000000000000, -0.000000000000000000 ) ) ;
#3362 = VECTOR ( 'NONE', #9150, 1000.000000000000000 ) ;
#3363 = CARTESIAN_POINT ( 'NONE',  ( -0.5596769667581231733, -17.79296603475588157, 4.000000000000000000 ) ) ;
#3364 = FACE_OUTER_BOUND ( 'NONE', #5469, .T. ) ;
#3365 = CARTESIAN_POINT ( 'NONE',  ( -0.5296705452097965061, 13.50000000000000178, 5.000000000000000000 ) ) ;
#3366 = VECTOR ( 'NONE', #10001, 1000.000000000000000 ) ;
#3367 = EDGE_LOOP ( 'NONE', ( #372, #11123, #3029, #4168, #6063, #1086 ) ) ;
#3368 = DIRECTION ( 'NONE',  ( 0.000000000000000000, 1.000000000000000000, -0.000000000000000000 ) ) ;
#3369 = DIRECTION ( 'NONE',  ( 0.000000000000000000, 1.000000000000000000, 0.000000000000000000 ) ) ;
#3370 = EDGE_CURVE ( 'NONE', #11923, #5321, #4486, .T. ) ;
#3371 = AXIS2_PLACEMENT_3D ( 'NONE', #11795, #11008, #864 ) ;
#3372 = EDGE_LOOP ( 'NONE', ( #5749, #6058, #930, #10913 ) ) ;
#3373 = VERTEX_POINT ( 'NONE', #8168 ) ;
#3374 = ORIENTED_EDGE ( 'NONE', *, *, #11689, .F. ) ;
#3375 = CARTESIAN_POINT ( 'NONE',  ( -4.988286258012820440, -15.75937903423199593, 4.000000000001039169 ) ) ;
#3376 = CARTESIAN_POINT ( 'NONE',  ( 0.9252717499655226385, -17.01978503214858662, 4.000000000000002665 ) ) ;
#3377 = CIRCLE ( 'NONE', #6285, 2.000000000000001776 ) ;
#3378 = CARTESIAN_POINT ( 'NONE',  ( -0.3500770061539407729, -17.22406594292079873, 5.000000000000000888 ) ) ;
#3379 = FACE_OUTER_BOUND ( 'NONE', #3372, .T. ) ;
#3380 = VERTEX_POINT ( 'NONE', #10027 ) ;
#3381 = CARTESIAN_POINT ( 'NONE',  ( -25.33369296624130840, 22.34263864068763539, 0.000000000000000000 ) ) ;
#3382 = DIRECTION ( 'NONE',  ( -7.709882115452477180E-16, -1.000000000000000000, 0.000000000000000000 ) ) ;
#3383 = CARTESIAN_POINT ( 'NONE',  ( -26.22363875699441493, 20.83582196652955432, 5.000000000000000000 ) ) ;
#3384 = ORIENTED_EDGE ( 'NONE', *, *, #11553, .T. ) ;
#3385 = VERTEX_POINT ( 'NONE', #3698 ) ;
#3386 = CARTESIAN_POINT ( 'NONE',  ( -2.031757593197101031, -16.76500438032257634, 3.999999999999999112 ) ) ;
#3387 = CARTESIAN_POINT ( 'NONE',  ( -16.46446609406725514, -9.307611844574859461, 5.000000000000000000 ) ) ;
#3388 = CARTESIAN_POINT ( 'NONE',  ( -3.834181635593693738, -15.58629100004424828, 5.000000000000001776 ) ) ;
#3389 = DIRECTION ( 'NONE',  ( -1.000000000000000000, 0.000000000000000000, 0.000000000000000000 ) ) ;
#3390 = VERTEX_POINT ( 'NONE', #6417 ) ;
#3391 = AXIS2_PLACEMENT_3D ( 'NONE', #1846, #9206, #925 ) ;
#3392 = CARTESIAN_POINT ( 'NONE',  ( 81.00000000000001421, 10.57660624134118521, -87.75000000000000000 ) ) ;
#3393 = DIRECTION ( 'NONE',  ( 0.7071067811865495711, -0.7071067811865455743, 0.000000000000000000 ) ) ;
#3394 = VERTEX_POINT ( 'NONE', #5509 ) ;
#3395 = EDGE_CURVE ( 'NONE', #1660, #2584, #2250, .T. ) ;
#3396 = ORIENTED_EDGE ( 'NONE', *, *, #3115, .F. ) ;
#3397 = CARTESIAN_POINT ( 'NONE',  ( -2.250000000000000444, 4.000000000000000000, -6.499999999999999112 ) ) ;
#3398 = ORIENTED_EDGE ( 'NONE', *, *, #8803, .T. ) ;
#3399 = PLANE ( 'NONE',  #6212 ) ;
#3400 = EDGE_CURVE ( 'NONE', #4045, #6245, #786, .T. ) ;
#3401 = VERTEX_POINT ( 'NONE', #10936 ) ;
#3402 = ADVANCED_FACE ( 'NONE', ( #4421 ), #10144, .F. ) ;
#3403 = VECTOR ( 'NONE', #11779, 1000.000000000000000 ) ;
#3404 = FACE_OUTER_BOUND ( 'NONE', #2279, .T. ) ;
#3405 = DIRECTION ( 'NONE',  ( -0.000000000000000000, -1.000000000000000000, -0.000000000000000000 ) ) ;
#3406 = EDGE_CURVE ( 'NONE', #5854, #8633, #7317, .T. ) ;
#3407 = AXIS2_PLACEMENT_3D ( 'NONE', #2819, #6506, #9269 ) ;
#3408 = CARTESIAN_POINT ( 'NONE',  ( 27.73941848319152115, 19.27099398849403400, 2.500000000000000000 ) ) ;
#3409 = CARTESIAN_POINT ( 'NONE',  ( -75.00000000000001421, 5.000000000000000000, -57.99999999999998579 ) ) ;
#3410 = LINE ( 'NONE', #4147, #4140 ) ;
#3411 = DIRECTION ( 'NONE',  ( -0.000000000000000000, -0.000000000000000000, -1.000000000000000000 ) ) ;
#3412 = EDGE_LOOP ( 'NONE', ( #6865, #585, #6199, #612 ) ) ;
#3413 = DIRECTION ( 'NONE',  ( 0.000000000000000000, -0.000000000000000000, -1.000000000000000000 ) ) ;
#3414 = FACE_OUTER_BOUND ( 'NONE', #170, .T. ) ;
#3415 = ORIENTED_EDGE ( 'NONE', *, *, #6963, .F. ) ;
#3416 = ADVANCED_FACE ( 'NONE', ( #9242 ), #4661, .T. ) ;
#3417 = PLANE ( 'NONE',  #1970 ) ;
#3418 = EDGE_CURVE ( 'NONE', #3708, #6915, #3760, .T. ) ;
#3419 = ORIENTED_EDGE ( 'NONE', *, *, #3785, .T. ) ;
#3420 = CARTESIAN_POINT ( 'NONE',  ( -43.00000000000000711, 5.000000000000000000, 37.09999999999991616 ) ) ;
#3421 = CARTESIAN_POINT ( 'NONE',  ( -55.49999999999996447, 5.000000000000000000, 84.99999999999991473 ) ) ;
#3422 = EDGE_CURVE ( 'NONE', #273, #27, #1278, .T. ) ;
#3423 = CARTESIAN_POINT ( 'NONE',  ( -7.999999999999986677, 2.000000000000000000, 12.00000000000000178 ) ) ;
#3424 = ADVANCED_FACE ( 'NONE', ( #8100 ), #517, .T. ) ;
#3425 = DIRECTION ( 'NONE',  ( 0.000000000000000000, 0.000000000000000000, 1.000000000000000000 ) ) ;
#3426 = CARTESIAN_POINT ( 'NONE',  ( 26.63101451046069101, -20.32500000000000995, 2.500000000000000000 ) ) ;
#3427 = FACE_OUTER_BOUND ( 'NONE', #7667, .T. ) ;
#3428 = ORIENTED_EDGE ( 'NONE', *, *, #11524, .T. ) ;
#3429 = CARTESIAN_POINT ( 'NONE',  ( 140.0000000000000853, 5.000000000000000888, -57.99999999999997868 ) ) ;
#3430 = EDGE_CURVE ( 'NONE', #125, #7600, #11114, .T. ) ;
#3431 = CARTESIAN_POINT ( 'NONE',  ( -1.584886816495615136, -16.22271571005266466, 4.999999999999999112 ) ) ;
#3432 = EDGE_LOOP ( 'NONE', ( #9284, #199, #8828, #2887 ) ) ;
#3433 = ORIENTED_EDGE ( 'NONE', *, *, #7316, .T. ) ;
#3434 = EDGE_CURVE ( 'NONE', #9138, #6454, #6702, .T. ) ;
#3435 = ORIENTED_EDGE ( 'NONE', *, *, #882, .F. ) ;
#3436 = CARTESIAN_POINT ( 'NONE',  ( 27.73045543115249600, 21.72576775728267151, 0.000000000000000000 ) ) ;
#3437 = LINE ( 'NONE', #10859, #5634 ) ;
#3438 = FACE_OUTER_BOUND ( 'NONE', #5958, .T. ) ;
#3439 = EDGE_CURVE ( 'NONE', #4647, #11843, #4135, .T. ) ;
#3440 = CARTESIAN_POINT ( 'NONE',  ( 6.065064102564100779, -15.10809698294995584, 4.000000000000000000 ) ) ;
#3441 = ORIENTED_EDGE ( 'NONE', *, *, #11951, .F. ) ;
#3442 = CONTEXT_DEPENDENT_SHAPE_REPRESENTATION ( #4426, #10749 ) ;
#3443 = LINE ( 'NONE', #6164, #9814 ) ;
#3444 = DIRECTION ( 'NONE',  ( 0.000000000000000000, 0.000000000000000000, 1.000000000000000000 ) ) ;
#3445 = EDGE_CURVE ( 'NONE', #5677, #10226, #2851, .T. ) ;
#3446 = DIRECTION ( 'NONE',  ( -0.000000000000000000, -0.000000000000000000, -1.000000000000000000 ) ) ;
#3447 = ORIENTED_EDGE ( 'NONE', *, *, #4455, .F. ) ;
#3448 = ORIENTED_EDGE ( 'NONE', *, *, #8210, .T. ) ;
#3449 = CARTESIAN_POINT ( 'NONE',  ( -1.221573760966716993, -17.63094184391998454, 4.999999999999993783 ) ) ;
#3450 = DIRECTION ( 'NONE',  ( -1.000000000000000000, 0.000000000000000000, 0.000000000000000000 ) ) ;
#3451 = DIRECTION ( 'NONE',  ( 0.7071067811865452413, 8.659560562354904508E-17, -0.7071067811865499042 ) ) ;
#3452 = DIRECTION ( 'NONE',  ( -1.000000000000000000, -0.000000000000000000, -0.000000000000000000 ) ) ;
#3453 = DIRECTION ( 'NONE',  ( -1.000000000000000000, -0.000000000000000000, -0.000000000000000000 ) ) ;
#3454 = CARTESIAN_POINT ( 'NONE',  ( 0.000000000000000000, 0.000000000000000000, 2.500000000000000000 ) ) ;
#3455 = ORIENTED_EDGE ( 'NONE', *, *, #7707, .F. ) ;
#3456 = ORIENTED_EDGE ( 'NONE', *, *, #6307, .F. ) ;
#3457 = CARTESIAN_POINT ( 'NONE',  ( 10.00000000000001243, 0.000000000000000000, 7.000000000000000000 ) ) ;
#3458 = VERTEX_POINT ( 'NONE', #10444 ) ;
#3459 = CARTESIAN_POINT ( 'NONE',  ( -12.00000000000000000, 0.000000000000000000, 5.999999999999995559 ) ) ;
#3460 = CARTESIAN_POINT ( 'NONE',  ( -20.00000000000001066, -16.20000000000000284, 96.49999999999991473 ) ) ;
#3461 = ORIENTED_EDGE ( 'NONE', *, *, #8022, .T. ) ;
#3462 = VECTOR ( 'NONE', #9486, 1000.000000000000000 ) ;
#3463 = DIRECTION ( 'NONE',  ( -0.000000000000000000, 1.000000000000000000, -0.000000000000000000 ) ) ;
#3464 = LINE ( 'NONE', #9983, #1545 ) ;
#3465 = FACE_OUTER_BOUND ( 'NONE', #4818, .T. ) ;
#3466 = DIRECTION ( 'NONE',  ( 0.9987351342960425482, -0.05028052826558215838, 0.000000000000000000 ) ) ;
#3467 = AXIS2_PLACEMENT_3D ( 'NONE', #9087, #258, #4071 ) ;
#3468 = CARTESIAN_POINT ( 'NONE',  ( -0.1520525117171784013, -14.47682276924449241, 4.000000000000002665 ) ) ;
#3469 = DIRECTION ( 'NONE',  ( 0.7071067811865431318, -0.7071067811865520136, 0.000000000000000000 ) ) ;
#3470 = EDGE_LOOP ( 'NONE', ( #4198, #7063, #9172, #4836 ) ) ;
#3471 = DIRECTION ( 'NONE',  ( -1.000000000000000000, -0.000000000000000000, -0.000000000000000000 ) ) ;
#3472 = CARTESIAN_POINT ( 'NONE',  ( -0.4013083235086211675, -17.22452819423165238, 4.000000000000000888 ) ) ;
#3473 = ORIENTED_EDGE ( 'NONE', *, *, #8979, .F. ) ;
#3474 = CARTESIAN_POINT ( 'NONE',  ( -40.40000000000002700, 0.000000000000000000, 34.49999999999993605 ) ) ;
#3475 = EDGE_LOOP ( 'NONE', ( #10145, #1703, #5456, #7256 ) ) ;
#3476 = LINE ( 'NONE', #2633, #4967 ) ;
#3477 = EDGE_CURVE ( 'NONE', #537, #4841, #9306, .T. ) ;
#3478 = CIRCLE ( 'NONE', #2708, 1.500000000000001332 ) ;
#3479 = CARTESIAN_POINT ( 'NONE',  ( 0.3453241295916130160, -14.61799375485804831, 3.999999999999999112 ) ) ;
#3480 = EDGE_CURVE ( 'NONE', #7556, #10823, #9423, .T. ) ;
#3481 = PLANE ( 'NONE',  #7647 ) ;
#3482 = EDGE_CURVE ( 'NONE', #11751, #4107, #4725, .T. ) ;
#3483 = CIRCLE ( 'NONE', #10227, 5.000000000000000888 ) ;
#3484 = CYLINDRICAL_SURFACE ( 'NONE', #11670, 1.499999999999987566 ) ;
#3485 = DIRECTION ( 'NONE',  ( 0.000000000000000000, 0.000000000000000000, -1.000000000000000000 ) ) ;
#3486 = AXIS2_PLACEMENT_3D ( 'NONE', #1410, #4202, #6790 ) ;
#3487 = LINE ( 'NONE', #9102, #7797 ) ;
#3488 = ORIENTED_EDGE ( 'NONE', *, *, #3573, .T. ) ;
#3489 = CARTESIAN_POINT ( 'NONE',  ( -75.00000000000001421, 7.000000000000026645, -102.0499999999999972 ) ) ;
#3490 = DIRECTION ( 'NONE',  ( 0.000000000000000000, 0.000000000000000000, -1.000000000000000000 ) ) ;
#3491 = EDGE_CURVE ( 'NONE', #5598, #7763, #1826, .T. ) ;
#3492 = ADVANCED_FACE ( 'NONE', ( #5134 ), #8810, .T. ) ;
#3493 = ORIENTED_EDGE ( 'NONE', *, *, #4954, .F. ) ;
#3494 = VERTEX_POINT ( 'NONE', #5922 ) ;
#3495 = VECTOR ( 'NONE', #5938, 1000.000000000000000 ) ;
#3496 = VERTEX_POINT ( 'NONE', #10559 ) ;
#3497 = EDGE_CURVE ( 'NONE', #4478, #7418, #4114, .T. ) ;
#3498 = DIRECTION ( 'NONE',  ( -0.000000000000000000, 1.000000000000000000, -0.000000000000000000 ) ) ;
#3499 = DIRECTION ( 'NONE',  ( -1.000000000000000000, -0.000000000000000000, -0.000000000000000000 ) ) ;
#3500 = CIRCLE ( 'NONE', #10241, 6.500000000000005329 ) ;
#3501 = LINE ( 'NONE', #10741, #3713 ) ;
#3502 = CARTESIAN_POINT ( 'NONE',  ( -17.99999999999996803, 0.000000000000000000, 49.99999999999993605 ) ) ;
#3503 = ORIENTED_EDGE ( 'NONE', *, *, #8519, .F. ) ;
#3504 = CARTESIAN_POINT ( 'NONE',  ( -26.00000000000000000, -89.44271909999159220, 43.49999999999992895 ) ) ;
#3505 = DIRECTION ( 'NONE',  ( -0.4511465413988245965, 0.8924498855307666512, 0.000000000000000000 ) ) ;
#3506 = VECTOR ( 'NONE', #4419, 1000.000000000000000 ) ;
#3507 =( GEOMETRIC_REPRESENTATION_CONTEXT ( 3 ) GLOBAL_UNCERTAINTY_ASSIGNED_CONTEXT ( ( #205 ) ) GLOBAL_UNIT_ASSIGNED_CONTEXT ( ( #2968, #4784, #7609 ) ) REPRESENTATION_CONTEXT ( 'NONE', 'WORKASPACE' ) );
#3508 = LINE ( 'NONE', #4540, #11416 ) ;
#3509 = ORIENTED_EDGE ( 'NONE', *, *, #2664, .F. ) ;
#3510 = EDGE_CURVE ( 'NONE', #5389, #8241, #7723, .T. ) ;
#3511 = EDGE_LOOP ( 'NONE', ( #6168, #4004, #5737, #1598 ) ) ;
#3512 = AXIS2_PLACEMENT_3D ( 'NONE', #8955, #11726, #6802 ) ;
#3513 = VECTOR ( 'NONE', #1163, 1000.000000000000000 ) ;
#3514 = VERTEX_POINT ( 'NONE', #1321 ) ;
#3515 = DIRECTION ( 'NONE',  ( -0.000000000000000000, -0.000000000000000000, 1.000000000000000000 ) ) ;
#3516 = DIRECTION ( 'NONE',  ( 1.652117596168387756E-16, -0.000000000000000000, -1.000000000000000000 ) ) ;
#3517 = CARTESIAN_POINT ( 'NONE',  ( 1.139743589743589025, -16.22049181468072376, 5.000000000000000888 ) ) ;
#3518 = VECTOR ( 'NONE', #7386, 1000.000000000000114 ) ;
#3519 = CARTESIAN_POINT ( 'NONE',  ( -3.834615409452885704, -15.29991906260031698, 4.000000000000000888 ) ) ;
#3521 = AXIS2_PLACEMENT_3D ( 'NONE', #6466, #4888, #1873 ) ;
#3520 = LINE ( 'NONE', #9007, #3089 ) ;
#3522 = ORIENTED_EDGE ( 'NONE', *, *, #754, .F. ) ;
#3523 = ORIENTED_EDGE ( 'NONE', *, *, #11854, .T. ) ;
#3524 = DIRECTION ( 'NONE',  ( -1.000000000000000000, 0.000000000000000000, -0.000000000000000000 ) ) ;
#3525 = VERTEX_POINT ( 'NONE', #11403 ) ;
#3526 = LINE ( 'NONE', #732, #6009 ) ;
#3527 = LINE ( 'NONE', #7388, #5826 ) ;
#3528 = ORIENTED_EDGE ( 'NONE', *, *, #3725, .T. ) ;
#3529 = AXIS2_PLACEMENT_3D ( 'NONE', #10565, #5377, #1631 ) ;
#3530 = CARTESIAN_POINT ( 'NONE',  ( 3.948397435897434526, -17.71322518807815882, 5.000000000000000000 ) ) ;
#3531 = VECTOR ( 'NONE', #11111, 1000.000000000000000 ) ;
#3532 = DIRECTION ( 'NONE',  ( -1.000000000000000000, 3.454194652434726471E-16, 0.000000000000000000 ) ) ;
#3533 = DIRECTION ( 'NONE',  ( 0.8397897338196435024, 0.5429117819417186297, 0.000000000000000000 ) ) ;
#3534 = DIRECTION ( 'NONE',  ( 0.000000000000000000, 0.000000000000000000, 1.000000000000000000 ) ) ;
#3535 = CARTESIAN_POINT ( 'NONE',  ( 119.0000000000000284, 37.42339375865881834, -86.25000000000001421 ) ) ;
#3536 = CARTESIAN_POINT ( 'NONE',  ( 20.00000000000000000, -16.20000000000000284, 94.99999999999991473 ) ) ;
#3537 = ORIENTED_EDGE ( 'NONE', *, *, #5572, .F. ) ;
#3538 = CARTESIAN_POINT ( 'NONE',  ( -4.542860565386882321, 2.791454495570344196, 5.000000000000000000 ) ) ;
#3539 = CARTESIAN_POINT ( 'NONE',  ( 0.4636568509615375810, -16.65489185474482525, 4.000000000000000000 ) ) ;
#3540 = ORIENTED_EDGE ( 'NONE', *, *, #10182, .T. ) ;
#3541 = CIRCLE ( 'NONE', #9510, 1.366822574594681150 ) ;
#3542 = CARTESIAN_POINT ( 'NONE',  ( 10.00000000000001243, 2.000000000000000000, 7.000000000000000000 ) ) ;
#3543 = ORIENTED_EDGE ( 'NONE', *, *, #3652, .T. ) ;
#3544 = LINE ( 'NONE', #7227, #708 ) ;
#3545 = LINE ( 'NONE', #11744, #846 ) ;
#3546 = ADVANCED_FACE ( 'NONE', ( #530 ), #3145, .F. ) ;
#3547 = LINE ( 'NONE', #8196, #10923 ) ;
#3548 = DIRECTION ( 'NONE',  ( -1.000000000000000000, 0.000000000000000000, 0.000000000000000000 ) ) ;
#3549 = DIRECTION ( 'NONE',  ( -5.778241043194148297E-16, 1.000000000000000000, 0.000000000000000000 ) ) ;
#3550 = LINE ( 'NONE', #11813, #5684 ) ;
#3551 = ORIENTED_EDGE ( 'NONE', *, *, #3897, .T. ) ;
#3553 = ADVANCED_FACE ( 'NONE', ( #9720 ), #7789, .F. ) ;
#3552 = FACE_OUTER_BOUND ( 'NONE', #6060, .T. ) ;
#3554 = AXIS2_PLACEMENT_3D ( 'NONE', #5259, #7118, #8154 ) ;
#3555 = DIRECTION ( 'NONE',  ( 1.000000000000000000, 0.000000000000000000, 0.000000000000000000 ) ) ;
#3556 = ORIENTED_EDGE ( 'NONE', *, *, #10, .T. ) ;
#3557 = CIRCLE ( 'NONE', #5101, 1.500000000000001332 ) ;
#3558 = ORIENTED_EDGE ( 'NONE', *, *, #8374, .T. ) ;
#3559 = ADVANCED_FACE ( 'NONE', ( #3379 ), #1380, .F. ) ;
#3560 = DIRECTION ( 'NONE',  ( 0.000000000000000000, 0.000000000000000000, -1.000000000000000000 ) ) ;
#3561 = VERTEX_POINT ( 'NONE', #4050 ) ;
#3562 = VECTOR ( 'NONE', #2703, 1000.000000000000000 ) ;
#3563 = CARTESIAN_POINT ( 'NONE',  ( -4.523840512970987326, -15.68489062534015410, 3.999999999999999112 ) ) ;
#3564 = CARTESIAN_POINT ( 'NONE',  ( 10.99999999999999289, 0.000000000000000000, -12.00000000000000000 ) ) ;
#3565 = FACE_OUTER_BOUND ( 'NONE', #6163, .T. ) ;
#3566 = DIRECTION ( 'NONE',  ( 0.000000000000000000, 0.000000000000000000, 1.000000000000000000 ) ) ;
#3567 = VERTEX_POINT ( 'NONE', #2289 ) ;
#3568 = AXIS2_PLACEMENT_3D ( 'NONE', #9147, #1656, #1781 ) ;
#3569 = CARTESIAN_POINT ( 'NONE',  ( 19.19238815542513166, -12.03553390593273242, 5.000000000000000000 ) ) ;
#3570 = FACE_OUTER_BOUND ( 'NONE', #11160, .T. ) ;
#3571 = PLANE ( 'NONE',  #2952 ) ;
#3572 = EDGE_LOOP ( 'NONE', ( #3106, #11396 ) ) ;
#3573 = EDGE_CURVE ( 'NONE', #10549, #1893, #2239, .T. ) ;
#3574 = EDGE_LOOP ( 'NONE', ( #8490, #4245, #3633, #370, #1651, #11759, #1554, #4826, #4392, #1993, #4283, #692, #1750, #4088, #2594, #2204 ) ) ;
#3575 = EDGE_LOOP ( 'NONE', ( #3398, #8094, #5335, #166 ) ) ;
#3576 = VECTOR ( 'NONE', #8346, 1000.000000000000000 ) ;
#3577 = EDGE_CURVE ( 'NONE', #7271, #5759, #8693, .T. ) ;
#3578 = CYLINDRICAL_SURFACE ( 'NONE', #6206, 1.749999999999998002 ) ;
#3579 = EDGE_CURVE ( 'NONE', #8263, #10581, #4225, .T. ) ;
#3580 = CARTESIAN_POINT ( 'NONE',  ( -4.392411679828140514, -16.25538345153673703, 5.000000000000000000 ) ) ;
#3581 = CARTESIAN_POINT ( 'NONE',  ( 12.00000000000000000, 2.000000000000000000, -10.99999999999999289 ) ) ;
#3582 = ORIENTED_EDGE ( 'NONE', *, *, #2225, .T. ) ;
#3583 = FACE_OUTER_BOUND ( 'NONE', #4800, .T. ) ;
#3584 = CARTESIAN_POINT ( 'NONE',  ( -1.587500000000001021, -16.10918872974482596, 4.000000000000000000 ) ) ;
#3585 = VERTEX_POINT ( 'NONE', #5079 ) ;
#3586 = ORIENTED_EDGE ( 'NONE', *, *, #3062, .F. ) ;
#3587 = DIRECTION ( 'NONE',  ( -0.000000000000000000, 1.000000000000000000, -0.000000000000000000 ) ) ;
#3588 = ORIENTED_EDGE ( 'NONE', *, *, #10330, .T. ) ;
#3589 = VECTOR ( 'NONE', #6509, 1000.000000000000000 ) ;
#3590 = PLANE ( 'NONE',  #7557 ) ;
#3591 = ORIENTED_EDGE ( 'NONE', *, *, #5588, .F. ) ;
#3592 = CARTESIAN_POINT ( 'NONE',  ( -75.00000000000001421, 17.00000000000000000, -86.50000000000001421 ) ) ;
#3593 = DIRECTION ( 'NONE',  ( -0.000000000000000000, 0.000000000000000000, 1.000000000000000000 ) ) ;
#3594 = EDGE_CURVE ( 'NONE', #7023, #4107, #6884, .T. ) ;
#3595 = FACE_OUTER_BOUND ( 'NONE', #5467, .T. ) ;
#3596 = LINE ( 'NONE', #10892, #5722 ) ;
#3597 = LINE ( 'NONE', #9207, #460 ) ;
#3598 = DIRECTION ( 'NONE',  ( -0.000000000000000000, -0.000000000000000000, 1.000000000000000000 ) ) ;
#3599 = EDGE_LOOP ( 'NONE', ( #3140, #1074, #11308, #5664 ) ) ;
#3600 = CARTESIAN_POINT ( 'NONE',  ( -0.4477564102564112192, -16.65489185474482525, 4.000000000000000000 ) ) ;
#3601 = CARTESIAN_POINT ( 'NONE',  ( 29.50000000000000711, -15.24999999999999467, 5.000000000000000000 ) ) ;
#3602 = ORIENTED_EDGE ( 'NONE', *, *, #2592, .F. ) ;
#3603 = CARTESIAN_POINT ( 'NONE',  ( -6.999999999999997335, -8.208545504429656248, 10.00000000000000000 ) ) ;
#3604 = EDGE_CURVE ( 'NONE', #6693, #8986, #3316, .T. ) ;
#3605 = ORIENTED_EDGE ( 'NONE', *, *, #11441, .F. ) ;
#3606 = AXIS2_PLACEMENT_3D ( 'NONE', #9494, #305, #7345 ) ;
#3607 = CARTESIAN_POINT ( 'NONE',  ( 26.63101451046069812, -14.67500000000001492, 2.500000000000000000 ) ) ;
#3608 = CARTESIAN_POINT ( 'NONE',  ( 0.6222935443772469322, -14.77931125610864171, 5.000000000000000888 ) ) ;
#3609 = AXIS2_PLACEMENT_3D ( 'NONE', #7828, #4272, #3242 ) ;
#3610 = DIRECTION ( 'NONE',  ( -1.000000000000000000, 0.000000000000000000, 0.000000000000000000 ) ) ;
#3611 = FACE_OUTER_BOUND ( 'NONE', #11631, .T. ) ;
#3612 = DIRECTION ( 'NONE',  ( 0.000000000000000000, 0.000000000000000000, -1.000000000000000000 ) ) ;
#3613 = CARTESIAN_POINT ( 'NONE',  ( 40.40000000000002700, 5.000000000000000000, 34.49999999999993605 ) ) ;
#3614 = ORIENTED_EDGE ( 'NONE', *, *, #11148, .F. ) ;
#3615 = DIRECTION ( 'NONE',  ( 0.000000000000000000, 0.000000000000000000, -1.000000000000000000 ) ) ;
#3616 = CARTESIAN_POINT ( 'NONE',  ( -3.297115384615386002, -17.71322518807815882, 5.000000000000000000 ) ) ;
#3617 = VERTEX_POINT ( 'NONE', #8931 ) ;
#3618 = VECTOR ( 'NONE', #5830, 1000.000000000000000 ) ;
#3619 = EDGE_LOOP ( 'NONE', ( #6921, #5574, #6394, #1104 ) ) ;
#3620 = CARTESIAN_POINT ( 'NONE',  ( -79.00000000000000000, 5.000000000000000000, -60.00000000000000711 ) ) ;
#3621 = ORIENTED_EDGE ( 'NONE', *, *, #6809, .F. ) ;
#3622 = EDGE_CURVE ( 'NONE', #10007, #829, #7062, .T. ) ;
#3623 = CARTESIAN_POINT ( 'NONE',  ( -3.826282051282051455, -15.44009818487302255, 5.000000000000000888 ) ) ;
#3624 = PLANE ( 'NONE',  #1370 ) ;
#3625 = CARTESIAN_POINT ( 'NONE',  ( -1.090818994479551218, -14.56205269406144787, 3.999999999999999112 ) ) ;
#3626 = CARTESIAN_POINT ( 'NONE',  ( -0.4547526041666675178, -14.45681493166790510, 4.000000000000000000 ) ) ;
#3627 = ORIENTED_EDGE ( 'NONE', *, *, #11386, .T. ) ;
#3628 = ADVANCED_BREP_SHAPE_REPRESENTATION ( '', ( #1225, #3299 ), #10040 ) ;
#3629 = CARTESIAN_POINT ( 'NONE',  ( -21.73797097907860731, -17.50000000000002132, 2.500000000000000000 ) ) ;
#3630 = PLANE ( 'NONE',  #249 ) ;
#3631 = CARTESIAN_POINT ( 'NONE',  ( 8.000000000000003553, -8.208545504429656248, 6.000000000000000888 ) ) ;
#3632 = EDGE_LOOP ( 'NONE', ( #9191, #7807, #5626, #10381, #11282, #9770, #9763, #11475, #3177, #344, #6610, #2483, #9374, #5427, #9231, #6613, #7193, #6275, #8632, #10399, #1312, #6631, #3605, #1773, #11656, #2307, #7559, #3224 ) ) ;
#3633 = ORIENTED_EDGE ( 'NONE', *, *, #9014, .T. ) ;
#3634 = ORIENTED_EDGE ( 'NONE', *, *, #9918, .T. ) ;
#3635 = ADVANCED_FACE ( 'NONE', ( #6937 ), #10615, .F. ) ;
#3636 = CARTESIAN_POINT ( 'NONE',  ( -5.210256410256410398, -15.75937903423199593, 4.000000000000000000 ) ) ;
#3637 = EDGE_CURVE ( 'NONE', #11609, #5553, #1499, .T. ) ;
#3638 = DIRECTION ( 'NONE',  ( 0.000000000000000000, 1.000000000000000000, 0.000000000000000000 ) ) ;
#3639 = CARTESIAN_POINT ( 'NONE',  ( 21.50000000000000355, -20.49999999999999289, 9.000000000000001776 ) ) ;
#3640 = EDGE_LOOP ( 'NONE', ( #6141, #257 ) ) ;
#3641 = PLANE ( 'NONE',  #5235 ) ;
#3642 = FACE_OUTER_BOUND ( 'NONE', #1304, .T. ) ;
#3643 = ORIENTED_EDGE ( 'NONE', *, *, #10332, .F. ) ;
#3644 = PLANE ( 'NONE',  #10839 ) ;
#3645 = ORIENTED_EDGE ( 'NONE', *, *, #8800, .T. ) ;
#3646 = EDGE_CURVE ( 'NONE', #118, #7926, #6162, .T. ) ;
#3647 = FACE_OUTER_BOUND ( 'NONE', #8104, .T. ) ;
#3648 = ORIENTED_EDGE ( 'NONE', *, *, #7769, .T. ) ;
#3649 = EDGE_CURVE ( 'NONE', #11909, #4783, #2208, .T. ) ;
#3650 = CARTESIAN_POINT ( 'NONE',  ( 0.05414935262507530878, -17.12029608227393851, 3.999999999999999112 ) ) ;
#3651 = LINE ( 'NONE', #5461, #3097 ) ;
#3652 = EDGE_CURVE ( 'NONE', #5055, #2755, #10076, .T. ) ;
#3653 = DIRECTION ( 'NONE',  ( -0.000000000000000000, -0.000000000000000000, -1.000000000000000000 ) ) ;
#3654 = CARTESIAN_POINT ( 'NONE',  ( -73.00000000000001421, 0.000000000000000000, -103.0000000000000142 ) ) ;
#3655 = DIRECTION ( 'NONE',  ( 0.000000000000000000, 0.000000000000000000, -1.000000000000000000 ) ) ;
#3656 = DIRECTION ( 'NONE',  ( 0.000000000000000000, 0.000000000000000000, -1.000000000000000000 ) ) ;
#3657 = ORIENTED_EDGE ( 'NONE', *, *, #3649, .T. ) ;
#3658 = CARTESIAN_POINT ( 'NONE',  ( -4.215675540487057837, -16.17204377113343838, 4.000000000000000888 ) ) ;
#3659 = ORIENTED_EDGE ( 'NONE', *, *, #6468, .F. ) ;
#3660 = AXIS2_PLACEMENT_3D ( 'NONE', #10203, #5805, #1942 ) ;
#3661 = DIRECTION ( 'NONE',  ( 0.2516338517649505113, 0.000000000000000000, -0.9678225067882719745 ) ) ;
#3662 = ORIENTED_EDGE ( 'NONE', *, *, #7572, .T. ) ;
#3663 = AXIS2_PLACEMENT_3D ( 'NONE', #10764, #4378, #11855 ) ;
#3664 = DIRECTION ( 'NONE',  ( -0.8610380995189043096, -0.5085404518589188294, 0.000000000000000000 ) ) ;
#3665 = CARTESIAN_POINT ( 'NONE',  ( 0.4721864381732719385, -14.68175389858883761, 3.999999999999998224 ) ) ;
#3666 = EDGE_CURVE ( 'NONE', #5707, #1357, #2528, .T. ) ;
#3667 = CARTESIAN_POINT ( 'NONE',  ( -45.49999999999997868, -5.000000000000000000, 93.44999999999993179 ) ) ;
#3668 = VECTOR ( 'NONE', #5822, 1000.000000000000000 ) ;
#3669 = CARTESIAN_POINT ( 'NONE',  ( -27.74999999999998934, -21.50000000000000000, 5.000000000000000000 ) ) ;
#3670 = CARTESIAN_POINT ( 'NONE',  ( -4.404386434994036037, -14.60690757761560121, 4.999999999999996447 ) ) ;
#3671 = CARTESIAN_POINT ( 'NONE',  ( -18.00000000000000000, 0.000000000000000000, -27.00000000000006395 ) ) ;
#3672 = ORIENTED_EDGE ( 'NONE', *, *, #10019, .T. ) ;
#3673 = LINE ( 'NONE', #8264, #6239 ) ;
#3674 = CYLINDRICAL_SURFACE ( 'NONE', #7374, 1.549999999999995826 ) ;
#3675 = VECTOR ( 'NONE', #8599, 1000.000000000000000 ) ;
#3676 = ORIENTED_EDGE ( 'NONE', *, *, #5641, .T. ) ;
#3677 = VECTOR ( 'NONE', #10310, 1000.000000000000000 ) ;
#3678 = ORIENTED_EDGE ( 'NONE', *, *, #8092, .T. ) ;
#3679 = CYLINDRICAL_SURFACE ( 'NONE', #5462, 1.500000000000004885 ) ;
#3680 = CIRCLE ( 'NONE', #9841, 1.500000000000001332 ) ;
#3681 = VECTOR ( 'NONE', #9688, 1000.000000000000000 ) ;
#3682 = DIRECTION ( 'NONE',  ( 0.000000000000000000, 0.000000000000000000, -1.000000000000000000 ) ) ;
#3683 = CARTESIAN_POINT ( 'NONE',  ( 19.19238815542513166, -12.03553390593273242, 5.000000000000000000 ) ) ;
#3684 = VECTOR ( 'NONE', #6175, 1000.000000000000000 ) ;
#3685 = DIRECTION ( 'NONE',  ( -1.000000000000000000, -0.000000000000000000, -0.000000000000000000 ) ) ;
#3686 = DIRECTION ( 'NONE',  ( 1.000000000000000000, 0.000000000000000000, 0.000000000000000000 ) ) ;
#3687 = EDGE_LOOP ( 'NONE', ( #5265, #2777, #1430, #8225 ) ) ;
#3688 = FACE_OUTER_BOUND ( 'NONE', #1034, .T. ) ;
#3689 = CARTESIAN_POINT ( 'NONE',  ( -3.297115384615386446, -17.71322518807815882, 4.000000000000000000 ) ) ;
#3690 = ORIENTED_EDGE ( 'NONE', *, *, #10408, .F. ) ;
#3691 = CIRCLE ( 'NONE', #8316, 1.500000000000004885 ) ;
#3692 = CONICAL_SURFACE ( 'NONE', #5615, 3.366822574594681150, 0.7853981633974450594 ) ;
#3693 = ORIENTED_EDGE ( 'NONE', *, *, #3406, .T. ) ;
#3694 = ORIENTED_EDGE ( 'NONE', *, *, #4762, .F. ) ;
#3695 = CIRCLE ( 'NONE', #8505, 1.000000000000000888 ) ;
#3696 = LINE ( 'NONE', #64, #9512 ) ;
#3697 = DIRECTION ( 'NONE',  ( 1.000000000000000000, -2.127171113256157107E-15, 0.000000000000000000 ) ) ;
#3698 = CARTESIAN_POINT ( 'NONE',  ( -26.50000000000000000, -17.50000000000000000, 2.500000000000000000 ) ) ;
#3699 = ORIENTED_EDGE ( 'NONE', *, *, #5550, .F. ) ;
#3700 = LINE ( 'NONE', #9136, #8319 ) ;
#3701 = FACE_OUTER_BOUND ( 'NONE', #5745, .T. ) ;
#3702 = ORIENTED_EDGE ( 'NONE', *, *, #235, .T. ) ;
#3703 = DIRECTION ( 'NONE',  ( -0.000000000000000000, -1.000000000000000000, -0.000000000000000000 ) ) ;
#3704 = ORIENTED_EDGE ( 'NONE', *, *, #1037, .F. ) ;
#3705 = VECTOR ( 'NONE', #8928, 1000.000000000000000 ) ;
#3706 = ADVANCED_FACE ( 'NONE', ( #9958 ), #10648, .T. ) ;
#3707 = FACE_OUTER_BOUND ( 'NONE', #9140, .T. ) ;
#3708 = VERTEX_POINT ( 'NONE', #9179 ) ;
#3709 = EDGE_CURVE ( 'NONE', #4900, #6632, #7367, .T. ) ;
#3710 = CARTESIAN_POINT ( 'NONE',  ( -0.1338781851337362272, -17.19163327704407251, 5.000000000000000888 ) ) ;
#3711 = CARTESIAN_POINT ( 'NONE',  ( -3.826866216971895440, -15.46512649087890701, 5.000000000000000000 ) ) ;
#3712 = AXIS2_PLACEMENT_3D ( 'NONE', #8205, #643, #1550 ) ;
#3713 = VECTOR ( 'NONE', #3315, 1000.000000000000000 ) ;
#3714 = CARTESIAN_POINT ( 'NONE',  ( -0.9075435334973613877, -15.10372660975241743, 4.000000000000000000 ) ) ;
#3715 = FACE_OUTER_BOUND ( 'NONE', #7283, .T. ) ;
#3716 = EDGE_CURVE ( 'NONE', #6592, #2615, #2391, .T. ) ;
#3717 = DIRECTION ( 'NONE',  ( 0.000000000000000000, 1.000000000000000000, 0.000000000000000000 ) ) ;
#3718 = CARTESIAN_POINT ( 'NONE',  ( -81.00000000000001421, 17.00000000000000000, -86.50000000000001421 ) ) ;
#3719 = ORIENTED_EDGE ( 'NONE', *, *, #1491, .T. ) ;
#3720 = DIRECTION ( 'NONE',  ( 0.000000000000000000, -1.000000000000000000, 0.000000000000000000 ) ) ;
#3721 = VERTEX_POINT ( 'NONE', #5435 ) ;
#3722 = FACE_OUTER_BOUND ( 'NONE', #449, .T. ) ;
#3723 = ORIENTED_EDGE ( 'NONE', *, *, #4762, .T. ) ;
#3724 = CIRCLE ( 'NONE', #1001, 1.499999999999987566 ) ;
#3725 = EDGE_CURVE ( 'NONE', #5616, #8481, #3946, .T. ) ;
#3726 = CARTESIAN_POINT ( 'NONE',  ( -27.73045543115249956, 21.72576775728266796, 9.000000000000001776 ) ) ;
#3727 = B_SPLINE_CURVE_WITH_KNOTS ( 'NONE', 3,
 ( #10783, #8579, #3363, #7722, #6757, #638, #8913, #7662, #11694, #10443, #7102, #8072, #11747, #6824, #9546, #1320, #5175, #2113, #8848, #5800, #1263, #938, #10907, #9945, #9217, #2639, #38 ),
 .UNSPECIFIED., .F., .F.,
 ( 4, 1, 1, 1, 1, 1, 1, 1, 1, 1, 1, 1, 1, 1, 1, 1, 1, 1, 1, 1, 1, 1, 1, 1, 4 ),
 ( 0.000000000000000000, 0.04517287879862715710, 0.08954611918494215228, 0.1328127639003588711, 0.1751020071688613178, 0.2170301830540125598, 0.2583804467431636276, 0.2995763167954480499, 0.3407076851203932888, 0.3815382952685203999, 0.4219415929715217839, 0.4621152714130995487, 0.5024333950072059629, 0.5427515186013123216, 0.5834072057629401398, 0.6246627348097930632, 0.6667924017057109687, 0.7089883561164973536, 0.7506859261210357959, 0.7920551107057923756, 0.8332027837492655964, 0.8744393397510762389, 0.9158733303825465910, 0.9576559381140666849, 1.000000000000000000 ),
 .UNSPECIFIED. ) ;
#3728 = DIRECTION ( 'NONE',  ( -0.000000000000000000, -0.000000000000000000, -1.000000000000000000 ) ) ;
#3729 = DIRECTION ( 'NONE',  ( 0.000000000000000000, 0.000000000000000000, 1.000000000000000000 ) ) ;
#3730 = AXIS2_PLACEMENT_3D ( 'NONE', #7356, #1678, #7107 ) ;
#3731 = CIRCLE ( 'NONE', #3139, 1.499999999999987566 ) ;
#3732 = CARTESIAN_POINT ( 'NONE',  ( 140.0000000000000853, 5.000000000000000000, -102.0499999999999972 ) ) ;
#3733 = CARTESIAN_POINT ( 'NONE',  ( -4.559910687005316987, -14.57333476434996555, 4.000000000000000888 ) ) ;
#3734 = ADVANCED_FACE ( 'NONE', ( #2783 ), #6469, .T. ) ;
#3735 = DIRECTION ( 'NONE',  ( -0.000000000000000000, -0.000000000000000000, -1.000000000000000000 ) ) ;
#3736 = ORIENTED_EDGE ( 'NONE', *, *, #6002, .T. ) ;
#3737 = LINE ( 'NONE', #7584, #2002 ) ;
#3738 = AXIS2_PLACEMENT_3D ( 'NONE', #3620, #10072, #3327 ) ;
#3739 = CARTESIAN_POINT ( 'NONE',  ( 2.279487179487178050, -14.53822518807815989, 5.000000000000000000 ) ) ;
#3740 = VERTEX_POINT ( 'NONE', #10133 ) ;
#3741 = VECTOR ( 'NONE', #11561, 1000.000000000000000 ) ;
#3742 = ORIENTED_EDGE ( 'NONE', *, *, #961, .T. ) ;
#3743 = CARTESIAN_POINT ( 'NONE',  ( 1.550000000000005818, 0.000000000000000000, -95.50000000000000000 ) ) ;
#3744 = CARTESIAN_POINT ( 'NONE',  ( -45.49999999999997868, 0.000000000000000000, 96.54999999999992610 ) ) ;
#3745 = LINE ( 'NONE', #53, #7944 ) ;
#3746 = LINE ( 'NONE', #2100, #8140 ) ;
#3747 = CARTESIAN_POINT ( 'NONE',  ( -1.098038976398268529, -15.20291703840947406, 4.999999999999999112 ) ) ;
#3748 = ORIENTED_EDGE ( 'NONE', *, *, #10264, .F. ) ;
#3749 = ADVANCED_FACE ( 'NONE', ( #1876 ), #838, .F. ) ;
#3750 = CARTESIAN_POINT ( 'NONE',  ( -12.00000000000000000, 2.000000000000000000, 5.999999999999995559 ) ) ;
#3751 = DIRECTION ( 'NONE',  ( -1.000000000000000000, 0.000000000000000000, 0.000000000000000000 ) ) ;
#3752 = ORIENTED_EDGE ( 'NONE', *, *, #10718, .F. ) ;
#3753 = EDGE_CURVE ( 'NONE', #6550, #9843, #7021, .T. ) ;
#3754 = ORIENTED_EDGE ( 'NONE', *, *, #3709, .F. ) ;
#3755 = ORIENTED_EDGE ( 'NONE', *, *, #4098, .F. ) ;
#3756 = AXIS2_PLACEMENT_3D ( 'NONE', #5190, #11650, #3204 ) ;
#3757 = CARTESIAN_POINT ( 'NONE',  ( 12.00000000000000178, 0.000000000000000000, 5.999999999999992895 ) ) ;
#3758 = VECTOR ( 'NONE', #2035, 1000.000000000000000 ) ;
#3759 = CARTESIAN_POINT ( 'NONE',  ( -22.49999999999999289, -20.50000000000000000, 5.000000000000000000 ) ) ;
#3760 = LINE ( 'NONE', #7260, #3403 ) ;
#3761 = ORIENTED_EDGE ( 'NONE', *, *, #8441, .T. ) ;
#3762 = CARTESIAN_POINT ( 'NONE',  ( -21.73797097907860731, -17.50000000000002132, 2.500000000000000000 ) ) ;
#3763 = DIRECTION ( 'NONE',  ( -0.000000000000000000, -0.000000000000000000, 1.000000000000000000 ) ) ;
#3764 = VERTEX_POINT ( 'NONE', #9900 ) ;
#3765 = CARTESIAN_POINT ( 'NONE',  ( 21.32178339562597813, 18.81176316890941536, 9.000000000000001776 ) ) ;
#3766 = ORIENTED_EDGE ( 'NONE', *, *, #11285, .F. ) ;
#3767 = ORIENTED_EDGE ( 'NONE', *, *, #246, .F. ) ;
#3768 = AXIS2_PLACEMENT_3D ( 'NONE', #1412, #5107, #9627 ) ;
#3769 = CARTESIAN_POINT ( 'NONE',  ( -8.799999999999998934, 2.791454495570343752, 10.00000000000000000 ) ) ;
#3770 = CARTESIAN_POINT ( 'NONE',  ( -4.157904819556923037, -16.13428924865901593, 5.000000000000000888 ) ) ;
#3771 = ADVANCED_FACE ( 'NONE', ( #5315 ), #8993, .F. ) ;
#3772 = DIRECTION ( 'NONE',  ( -0.000000000000000000, -0.000000000000000000, -1.000000000000000000 ) ) ;
#3773 = DIRECTION ( 'NONE',  ( -0.000000000000000000, -1.000000000000000000, -0.000000000000000000 ) ) ;
#3774 = AXIS2_PLACEMENT_3D ( 'NONE', #66, #11287, #6648 ) ;
#3775 = CARTESIAN_POINT ( 'NONE',  ( -27.74999999999998934, -15.25000000000000178, 0.000000000000000000 ) ) ;
#3776 = CARTESIAN_POINT ( 'NONE',  ( 0.4498689790132371913, -15.42181728326246670, 4.000000000000000888 ) ) ;
#3777 = VERTEX_POINT ( 'NONE', #8087 ) ;
#3778 = VERTEX_POINT ( 'NONE', #3502 ) ;
#3779 = ADVANCED_FACE ( 'NONE', ( #10432 ), #2955, .T. ) ;
#3780 = CARTESIAN_POINT ( 'NONE',  ( -3.862538735090420783, -15.72090838701138082, 3.999999999999998224 ) ) ;
#3781 = ORIENTED_EDGE ( 'NONE', *, *, #2603, .T. ) ;
#3782 = FACE_OUTER_BOUND ( 'NONE', #9154, .T. ) ;
#3783 = EDGE_CURVE ( 'NONE', #2870, #1835, #7480, .T. ) ;
#3784 = ORIENTED_EDGE ( 'NONE', *, *, #11462, .T. ) ;
#3785 = EDGE_CURVE ( 'NONE', #9471, #3708, #5675, .T. ) ;
#3786 = FACE_OUTER_BOUND ( 'NONE', #1459, .T. ) ;
#3787 = DIRECTION ( 'NONE',  ( -0.000000000000000000, -0.000000000000000000, -1.000000000000000000 ) ) ;
#3788 = CARTESIAN_POINT ( 'NONE',  ( 1.709615384615383205, -14.53822518807815989, 5.000000000000000000 ) ) ;
#3789 = CARTESIAN_POINT ( 'NONE',  ( -5.210256410256410398, -15.10809698294994519, 4.000000000000000000 ) ) ;
#3790 = CARTESIAN_POINT ( 'NONE',  ( -4.477302839344638130, -14.58902508889043581, 4.999999999999995559 ) ) ;
#3791 = EDGE_CURVE ( 'NONE', #7418, #10791, #9705, .T. ) ;
#3792 = DIRECTION ( 'NONE',  ( -1.000000000000000000, -0.000000000000000000, -0.000000000000000000 ) ) ;
#3793 = VECTOR ( 'NONE', #5201, 1000.000000000000000 ) ;
#3794 = EDGE_LOOP ( 'NONE', ( #7124, #3056, #4406, #686 ) ) ;
#3795 = DIRECTION ( 'NONE',  ( 0.000000000000000000, 0.000000000000000000, 1.000000000000000000 ) ) ;
#3796 = CARTESIAN_POINT ( 'NONE',  ( 64.99999999999998579, -5.000000000000000000, -56.00000000000000711 ) ) ;
#3797 = ADVANCED_FACE ( 'NONE', ( #11277 ), #7534, .T. ) ;
#3798 = EDGE_LOOP ( 'NONE', ( #6850, #3799, #4743, #11865 ) ) ;
#3799 = ORIENTED_EDGE ( 'NONE', *, *, #6223, .F. ) ;
#3800 = EDGE_CURVE ( 'NONE', #7405, #7204, #8335, .T. ) ;
#3801 = VECTOR ( 'NONE', #8580, 1000.000000000000000 ) ;
#3802 = CARTESIAN_POINT ( 'NONE',  ( -1.503550947891522771, -17.46191191127223163, 5.000000000000001776 ) ) ;
#3803 = CARTESIAN_POINT ( 'NONE',  ( 1.135291466346152855, -16.08502005987303107, 4.000000000000000000 ) ) ;
#3804 = CARTESIAN_POINT ( 'NONE',  ( 7.000000000000002665, -4.208545504429671347, 5.000000000000000000 ) ) ;
#3805 = DIRECTION ( 'NONE',  ( -1.000000000000000000, 0.000000000000000000, -0.000000000000000000 ) ) ;
#3806 = EDGE_CURVE ( 'NONE', #1307, #4650, #11101, .T. ) ;
#3807 = CARTESIAN_POINT ( 'NONE',  ( -1.587500000000001021, -16.10918872974482596, 5.000000000000000000 ) ) ;
#3808 = VERTEX_POINT ( 'NONE', #8564 ) ;
#3809 = CYLINDRICAL_SURFACE ( 'NONE', #1018, 1.500000000000001332 ) ;
#3810 = LINE ( 'NONE', #4831, #428 ) ;
#3811 = EDGE_LOOP ( 'NONE', ( #1196, #7820, #10544, #7696 ) ) ;
#3812 = ORIENTED_EDGE ( 'NONE', *, *, #3649, .F. ) ;
#3813 = AXIS2_PLACEMENT_3D ( 'NONE', #5548, #8009, #1793 ) ;
#3814 = ADVANCED_FACE ( 'NONE', ( #3985 ), #3859, .F. ) ;
#3815 = ORIENTED_EDGE ( 'NONE', *, *, #8081, .F. ) ;
#3816 = ADVANCED_FACE ( 'NONE', ( #6636 ), #5732, .F. ) ;
#3817 = DIRECTION ( 'NONE',  ( 0.000000000000000000, -0.000000000000000000, 1.000000000000000000 ) ) ;
#3818 = CARTESIAN_POINT ( 'NONE',  ( -0.4477564102564112192, -16.65489185474482525, 4.000000000000000000 ) ) ;
#3819 = EDGE_CURVE ( 'NONE', #8368, #10987, #55, .T. ) ;
#3820 = CARTESIAN_POINT ( 'NONE',  ( -27.74999999999998934, -13.50000000000000178, 0.000000000000000000 ) ) ;
#3821 = ORIENTED_EDGE ( 'NONE', *, *, #6821, .F. ) ;
#3822 = LINE ( 'NONE', #7439, #3852 ) ;
#3823 = DIRECTION ( 'NONE',  ( -0.000000000000000000, 0.000000000000000000, 1.000000000000000000 ) ) ;
#3824 = DIRECTION ( 'NONE',  ( -0.000000000000000000, -0.000000000000000000, -1.000000000000000000 ) ) ;
#3825 = ORIENTED_EDGE ( 'NONE', *, *, #10, .F. ) ;
#3826 = ORIENTED_EDGE ( 'NONE', *, *, #4165, .F. ) ;
#3827 = CARTESIAN_POINT ( 'NONE',  ( 0.1643420549088633331, -17.05045728627539958, 4.999999999999999112 ) ) ;
#3828 = CARTESIAN_POINT ( 'NONE',  ( -3.972728683737107858, -15.95326243232965346, 5.000000000000001776 ) ) ;
#3829 = CARTESIAN_POINT ( 'NONE',  ( 25.33369296624130840, 22.34263864068764249, 0.000000000000000000 ) ) ;
#3830 = FACE_BOUND ( 'NONE', #4418, .T. ) ;
#3831 = CARTESIAN_POINT ( 'NONE',  ( -5.210256410256410398, -15.10809698294994519, 5.000000000000000000 ) ) ;
#3832 = DIRECTION ( 'NONE',  ( -0.000000000000000000, -0.000000000000000000, -1.000000000000000000 ) ) ;
#3833 = VERTEX_POINT ( 'NONE', #2050 ) ;
#3834 = VERTEX_POINT ( 'NONE', #1926 ) ;
#3835 = DIRECTION ( 'NONE',  ( -0.000000000000000000, -1.000000000000000000, -0.000000000000000000 ) ) ;
#3836 = ORIENTED_EDGE ( 'NONE', *, *, #8806, .F. ) ;
#3837 = CARTESIAN_POINT ( 'NONE',  ( -1.720051390361294175, -14.98933431933119564, 4.000000000000000888 ) ) ;
#3838 = ORIENTED_EDGE ( 'NONE', *, *, #6087, .T. ) ;
#3839 = CARTESIAN_POINT ( 'NONE',  ( 9.800000000000002487, 2.791454495570343752, 5.000000000000000000 ) ) ;
#3840 = DIRECTION ( 'NONE',  ( -1.000000000000000000, 0.000000000000000000, 0.000000000000000000 ) ) ;
#3841 = CARTESIAN_POINT ( 'NONE',  ( -22.09656497441888234, 18.98690900379348534, 0.000000000000000000 ) ) ;
#3842 = CARTESIAN_POINT ( 'NONE',  ( -77.00000000000001421, 0.000000000000000000, -58.00000000000000000 ) ) ;
#3843 = CARTESIAN_POINT ( 'NONE',  ( -4.002847120067658970, -14.88401268557848489, 4.999999999999999112 ) ) ;
#3844 = CARTESIAN_POINT ( 'NONE',  ( 1.139743589743589025, -16.22049181468072376, 5.000000000000000000 ) ) ;
#3845 = CARTESIAN_POINT ( 'NONE',  ( -0.08007804665968364100, -15.08486808327615059, 5.000000000000000888 ) ) ;
#3846 = ORIENTED_EDGE ( 'NONE', *, *, #10485, .T. ) ;
#3847 = CARTESIAN_POINT ( 'NONE',  ( -26.00000000000000000, -89.44271909999159220, 44.99999999999992895 ) ) ;
#3848 = EDGE_CURVE ( 'NONE', #11604, #3777, #1128, .T. ) ;
#3849 = CARTESIAN_POINT ( 'NONE',  ( 16.00000000000000000, 5.000000000000004441, 46.99999999999992895 ) ) ;
#3850 = EDGE_CURVE ( 'NONE', #7322, #4650, #11455, .T. ) ;
#3851 = ORIENTED_EDGE ( 'NONE', *, *, #5729, .T. ) ;
#3852 = VECTOR ( 'NONE', #6705, 1000.000000000000000 ) ;
#3853 = EDGE_CURVE ( 'NONE', #10997, #9243, #1013, .T. ) ;
#3854 = ORIENTED_EDGE ( 'NONE', *, *, #828, .T. ) ;
#3855 = CARTESIAN_POINT ( 'NONE',  ( -0.7937325473817727906, -17.76542137330358528, 5.000000000000000888 ) ) ;
#3856 = B_SPLINE_CURVE_WITH_KNOTS ( 'NONE', 3,
 ( #1478, #567, #11445, #8673, #9635, #1242, #1359, #4266, #7942, #8736, #4032, #11626, #453, #3355, #10717, #4153, #7824, #3239, #2445 ),
 .UNSPECIFIED., .F., .F.,
 ( 4, 1, 1, 1, 1, 1, 1, 1, 1, 1, 1, 1, 1, 1, 1, 1, 4 ),
 ( 0.000000000000000000, 0.06376895995773981807, 0.1252623047603745043, 0.1854135826663900755, 0.2468067624960856576, 0.3094223888496974162, 0.3725326822170092478, 0.4377332507368588144, 0.5057495167426344640, 0.5440132631112704065, 0.5883695992066307889, 0.6403890193945120934, 0.6978974005877082165, 0.7632716192950987910, 0.8349786038393127718, 0.9138736558434372714, 1.000000000000000000 ),
 .UNSPECIFIED. ) ;
#3857 = DIRECTION ( 'NONE',  ( 0.7071067811865464625, -0.7071067811865486830, 0.000000000000000000 ) ) ;
#3858 = DIRECTION ( 'NONE',  ( 0.000000000000000000, 0.000000000000000000, 1.000000000000000000 ) ) ;
#3859 = PLANE ( 'NONE',  #455 ) ;
#3861 = ORIENTED_EDGE ( 'NONE', *, *, #8131, .F. ) ;
#3860 = EDGE_CURVE ( 'NONE', #1617, #11470, #1621, .T. ) ;
#3862 = AXIS2_PLACEMENT_3D ( 'NONE', #10400, #1287, #9328 ) ;
#3863 = ADVANCED_FACE ( 'NONE', ( #3190 ), #11454, .T. ) ;
#3864 = PLANE ( 'NONE',  #9706 ) ;
#3865 = CARTESIAN_POINT ( 'NONE',  ( -22.26058151680846819, 15.72900601150596600, 0.000000000000000000 ) ) ;
#3866 = EDGE_LOOP ( 'NONE', ( #8126, #10194, #2470, #155 ) ) ;
#3867 = ORIENTED_EDGE ( 'NONE', *, *, #7707, .T. ) ;
#3868 = ORIENTED_EDGE ( 'NONE', *, *, #5228, .T. ) ;
#3869 = EDGE_CURVE ( 'NONE', #2108, #2959, #4949, .T. ) ;
#3870 = CIRCLE ( 'NONE', #960, 1.749999999999998002 ) ;
#3871 = CARTESIAN_POINT ( 'NONE',  ( -0.5296705452097972833, 8.500000000000000000, 5.000000000000000000 ) ) ;
#3872 = CARTESIAN_POINT ( 'NONE',  ( -1.587500000000001021, -16.10918872974482596, 5.000000000000000000 ) ) ;
#3873 = CARTESIAN_POINT ( 'NONE',  ( 0.8095053573310251327, -17.19685137241162920, 5.000000000000000888 ) ) ;
#3874 = VERTEX_POINT ( 'NONE', #9642 ) ;
#3875 = VECTOR ( 'NONE', #6975, 1000.000000000000000 ) ;
#3876 = FACE_OUTER_BOUND ( 'NONE', #1492, .T. ) ;
#3877 = CARTESIAN_POINT ( 'NONE',  ( -21.49999999999998224, 1.242321824286740395E-14, 5.000000000000000000 ) ) ;
#3878 = EDGE_CURVE ( 'NONE', #5825, #2369, #1035, .T. ) ;
#3879 = CARTESIAN_POINT ( 'NONE',  ( 24.00000000000001421, 5.000000000000004441, 8.499999999999948486 ) ) ;
#3880 = AXIS2_PLACEMENT_3D ( 'NONE', #2853, #240, #1088 ) ;
#3881 = CIRCLE ( 'NONE', #11771, 3.257139434613112172 ) ;
#3882 = CARTESIAN_POINT ( 'NONE',  ( 19.00000000000000355, -89.44271909999159220, 46.99999999999990052 ) ) ;
#3883 = VERTEX_POINT ( 'NONE', #11568 ) ;
#3884 = ORIENTED_EDGE ( 'NONE', *, *, #10051, .F. ) ;
#3885 = VECTOR ( 'NONE', #4160, 1000.000000000000000 ) ;
#3886 = CARTESIAN_POINT ( 'NONE',  ( 0.4300287121940193358, -16.72557555394894280, 3.999999999999999112 ) ) ;
#3887 = VECTOR ( 'NONE', #5704, 1000.000000000000000 ) ;
#3888 = CARTESIAN_POINT ( 'NONE',  ( -4.103814741775677177, -16.09456020973437163, 5.000000000000000000 ) ) ;
#3889 = FACE_OUTER_BOUND ( 'NONE', #3412, .T. ) ;
#3890 = CARTESIAN_POINT ( 'NONE',  ( -53.49999999999996447, 5.000000000000000000, 104.9999999999999289 ) ) ;
#3891 = CARTESIAN_POINT ( 'NONE',  ( -4.396495742537823048, -15.44668884345459503, 4.000000000000000000 ) ) ;
#3893 = VECTOR ( 'NONE', #9355, 1000.000000000000000 ) ;
#3892 = LINE ( 'NONE', #82, #7139 ) ;
#3894 = EDGE_LOOP ( 'NONE', ( #10242, #10359, #9063, #2155 ) ) ;
#3895 = EDGE_LOOP ( 'NONE', ( #1416, #10127, #9541 ) ) ;
#3896 = DIRECTION ( 'NONE',  ( -0.000000000000000000, -1.000000000000000000, -0.000000000000000000 ) ) ;
#3897 = EDGE_CURVE ( 'NONE', #7373, #9804, #10601, .T. ) ;
#3898 = ORIENTED_EDGE ( 'NONE', *, *, #6603, .T. ) ;
#3899 = CARTESIAN_POINT ( 'NONE',  ( -0.7406686922125101935, -14.47557800615342494, 4.000000000000000888 ) ) ;
#3900 = CIRCLE ( 'NONE', #6771, 1.500000000000001332 ) ;
#3901 = ORIENTED_EDGE ( 'NONE', *, *, #5130, .T. ) ;
#3902 = AXIS2_PLACEMENT_3D ( 'NONE', #9272, #7577, #10296 ) ;
#3903 = VECTOR ( 'NONE', #1125, 1000.000000000000000 ) ;
#3904 = CARTESIAN_POINT ( 'NONE',  ( 28.51207079035956227, 16.96115051869449886, 5.000000000000000000 ) ) ;
#3905 = DIRECTION ( 'NONE',  ( 0.8900702620852275482, 0.4558233523543239185, -0.000000000000000000 ) ) ;
#3906 = DIRECTION ( 'NONE',  ( -0.000000000000000000, 0.000000000000000000, 1.000000000000000000 ) ) ;
#3907 = CARTESIAN_POINT ( 'NONE',  ( -79.00000000000000000, 5.000000000000000000, -100.0000000000000000 ) ) ;
#3908 = CARTESIAN_POINT ( 'NONE',  ( -3.826947786166486232, -15.36911249176501748, 4.999999999999997335 ) ) ;
#3909 = CARTESIAN_POINT ( 'NONE',  ( -81.00000000000001421, 37.42339375865881124, -72.25000000000000000 ) ) ;
#3910 = LINE ( 'NONE', #8489, #9251 ) ;
#3911 = EDGE_LOOP ( 'NONE', ( #3867, #3509, #2496, #9588 ) ) ;
#3912 = VECTOR ( 'NONE', #3026, 1000.000000000000000 ) ;
#3913 = AXIS2_PLACEMENT_3D ( 'NONE', #164, #5905, #3858 ) ;
#3914 = CARTESIAN_POINT ( 'NONE',  ( 2.279487179487178050, -14.53822518807815989, 4.000000000000000000 ) ) ;
#3915 = DIRECTION ( 'NONE',  ( -1.000000000000000000, 0.000000000000000000, 0.000000000000000000 ) ) ;
#3916 = ORIENTED_EDGE ( 'NONE', *, *, #11441, .T. ) ;
#3917 = EDGE_CURVE ( 'NONE', #7929, #8522, #2396, .T. ) ;
#3918 = EDGE_LOOP ( 'NONE', ( #671, #8238, #7041, #1020 ) ) ;
#3919 = DIRECTION ( 'NONE',  ( -0.000000000000000000, 0.000000000000000000, -1.000000000000000000 ) ) ;
#3920 = AXIS2_PLACEMENT_3D ( 'NONE', #117, #1880, #1995 ) ;
#3921 = AXIS2_PLACEMENT_3D ( 'NONE', #2406, #8083, #8927 ) ;
#3922 = FACE_OUTER_BOUND ( 'NONE', #8871, .T. ) ;
#3923 = CYLINDRICAL_SURFACE ( 'NONE', #3130, 2.000000000000001776 ) ;
#3924 = EDGE_CURVE ( 'NONE', #9283, #9861, #7832, .T. ) ;
#3925 = DIRECTION ( 'NONE',  ( 0.000000000000000000, 0.000000000000000000, -1.000000000000000000 ) ) ;
#3926 = ORIENTED_EDGE ( 'NONE', *, *, #2077, .T. ) ;
#3927 = DIRECTION ( 'NONE',  ( 0.000000000000000000, -1.000000000000000000, 0.000000000000000000 ) ) ;
#3928 = EDGE_CURVE ( 'NONE', #2845, #905, #9160, .T. ) ;
#3929 = DIRECTION ( 'NONE',  ( 0.000000000000000000, 1.000000000000000000, 0.000000000000000000 ) ) ;
#3930 = ORIENTED_EDGE ( 'NONE', *, *, #4958, .F. ) ;
#3931 = VECTOR ( 'NONE', #9041, 1000.000000000000000 ) ;
#3932 = EDGE_CURVE ( 'NONE', #228, #758, #8745, .T. ) ;
#3933 = EDGE_LOOP ( 'NONE', ( #1917, #11821, #8614, #5152, #10508, #3926 ) ) ;
#3934 = VERTEX_POINT ( 'NONE', #518 ) ;
#3935 = DIRECTION ( 'NONE',  ( 0.000000000000000000, 0.000000000000000000, -1.000000000000000000 ) ) ;
#3936 = LINE ( 'NONE', #4781, #11859 ) ;
#3937 = CARTESIAN_POINT ( 'NONE',  ( -0.1100613420491561578, -17.76800768237140105, 4.000000000000000000 ) ) ;
#3938 = EDGE_LOOP ( 'NONE', ( #5403, #11739, #10096, #3083 ) ) ;
#3939 = FACE_OUTER_BOUND ( 'NONE', #4772, .T. ) ;
#3940 = EDGE_CURVE ( 'NONE', #7373, #6799, #9532, .T. ) ;
#3941 = FACE_OUTER_BOUND ( 'NONE', #5253, .T. ) ;
#3942 = FACE_OUTER_BOUND ( 'NONE', #10034, .T. ) ;
#3943 = VERTEX_POINT ( 'NONE', #4102 ) ;
#3944 = AXIS2_PLACEMENT_3D ( 'NONE', #2937, #994, #7632 ) ;
#3945 = VERTEX_POINT ( 'NONE', #7709 ) ;
#3946 = CIRCLE ( 'NONE', #10674, 1.500000000000001332 ) ;
#3947 = CARTESIAN_POINT ( 'NONE',  ( -4.458215643467397626, -15.25065689765209065, 3.999999999999998224 ) ) ;
#3948 = ADVANCED_FACE ( 'NONE', ( #4275 ), #11637, .F. ) ;
#3949 = VECTOR ( 'NONE', #2211, 1000.000000000000000 ) ;
#3950 = CARTESIAN_POINT ( 'NONE',  ( 20.00000000000006395, 0.000000000000000000, 73.99999999999992895 ) ) ;
#3951 = ADVANCED_FACE ( 'NONE', ( #3245 ), #463, .F. ) ;
#3952 = CARTESIAN_POINT ( 'NONE',  ( -3.908275352273725023, -15.84352712202670510, 4.000000000000000888 ) ) ;
#3953 = CARTESIAN_POINT ( 'NONE',  ( -5.016907051282050389, -16.32925082910378833, 4.000000000000000000 ) ) ;
#3954 = VECTOR ( 'NONE', #10548, 1000.000000000000000 ) ;
#3955 = DIRECTION ( 'NONE',  ( -1.000000000000000000, 0.000000000000000000, 0.000000000000000000 ) ) ;
#3956 = CARTESIAN_POINT ( 'NONE',  ( -4.396495742537823048, -15.44668884345459503, 4.999999999999992895 ) ) ;
#3957 = LINE ( 'NONE', #9438, #3675 ) ;
#3958 = ORIENTED_EDGE ( 'NONE', *, *, #10530, .T. ) ;
#3959 = EDGE_CURVE ( 'NONE', #11501, #3013, #9762, .T. ) ;
#3960 = VERTEX_POINT ( 'NONE', #8628 ) ;
#3961 = CARTESIAN_POINT ( 'NONE',  ( 20.00000000000006750, 0.000000000000000000, 93.49999999999991473 ) ) ;
#3962 = ORIENTED_EDGE ( 'NONE', *, *, #8563, .F. ) ;
#3963 = CIRCLE ( 'NONE', #7999, 1.000000000000000888 ) ;
#3964 = CARTESIAN_POINT ( 'NONE',  ( -0.5519781544576651822, -14.45751834862439011, 5.000000000000000000 ) ) ;
#3965 = VERTEX_POINT ( 'NONE', #6030 ) ;
#3966 = ADVANCED_FACE ( 'NONE', ( #3133 ), #9708, .F. ) ;
#3967 = DIRECTION ( 'NONE',  ( 1.387778780781444413E-14, 1.356238353945529259E-14, 1.000000000000000000 ) ) ;
#3968 =( NAMED_UNIT ( * ) SI_UNIT ( $, .STERADIAN. ) SOLID_ANGLE_UNIT ( ) );
#3969 = CARTESIAN_POINT ( 'NONE',  ( 24.00000000000001421, -89.44271909999159220, 11.49999999999995737 ) ) ;
#3970 = CARTESIAN_POINT ( 'NONE',  ( -29.40201658111266525, 15.45433384453641068, 0.000000000000000000 ) ) ;
#3971 = DIRECTION ( 'NONE',  ( -1.000000000000000000, 0.000000000000000000, 0.000000000000000000 ) ) ;
#3972 = ORIENTED_EDGE ( 'NONE', *, *, #7200, .F. ) ;
#3973 = EDGE_CURVE ( 'NONE', #10010, #10786, #9587, .T. ) ;
#3974 = DIRECTION ( 'NONE',  ( -0.000000000000000000, 0.000000000000000000, 1.000000000000000000 ) ) ;
#3975 = CARTESIAN_POINT ( 'NONE',  ( 1.135291466346152855, -16.08502005987303107, 5.000000000000000000 ) ) ;
#3976 = ORIENTED_EDGE ( 'NONE', *, *, #1052, .T. ) ;
#3977 = LINE ( 'NONE', #8555, #7402 ) ;
#3978 = LINE ( 'NONE', #11326, #11211 ) ;
#3979 = VERTEX_POINT ( 'NONE', #5003 ) ;
#3980 = ORIENTED_EDGE ( 'NONE', *, *, #9073, .T. ) ;
#3981 = ADVANCED_FACE ( 'NONE', ( #8680 ), #10967, .F. ) ;
#3982 = DIRECTION ( 'NONE',  ( 0.7071067811865426878, 0.000000000000000000, -0.7071067811865524577 ) ) ;
#3983 = CARTESIAN_POINT ( 'NONE',  ( -24.88156655863841848, 12.78449647227708397, 9.000000000000001776 ) ) ;
#3984 = DIRECTION ( 'NONE',  ( 0.000000000000000000, 0.000000000000000000, -1.000000000000000000 ) ) ;
#3985 = FACE_OUTER_BOUND ( 'NONE', #10376, .T. ) ;
#3986 = ORIENTED_EDGE ( 'NONE', *, *, #4294, .T. ) ;
#3987 = CARTESIAN_POINT ( 'NONE',  ( 30.01888746451763268, 17.85109630944760184, 5.000000000000000000 ) ) ;
#3988 = PLANE ( 'NONE',  #5652 ) ;
#3989 = VERTEX_POINT ( 'NONE', #5480 ) ;
#3990 = VERTEX_POINT ( 'NONE', #8137 ) ;
#3991 = CIRCLE ( 'NONE', #11494, 1.000000000000000000 ) ;
#3992 = VECTOR ( 'NONE', #3610, 1000.000000000000000 ) ;
#3993 = ORIENTED_EDGE ( 'NONE', *, *, #8144, .T. ) ;
#3994 = EDGE_CURVE ( 'NONE', #196, #7413, #3487, .T. ) ;
#3995 = VECTOR ( 'NONE', #8834, 1000.000000000000000 ) ;
#3996 = CARTESIAN_POINT ( 'NONE',  ( 15.00000000000000533, -5.772077938642122596, 5.000000000000000000 ) ) ;
#3997 = FACE_OUTER_BOUND ( 'NONE', #490, .T. ) ;
#3998 = CARTESIAN_POINT ( 'NONE',  ( 0.5300225163811714824, -17.48634633336101629, 5.000000000000000888 ) ) ;
#3999 = ORIENTED_EDGE ( 'NONE', *, *, #11587, .T. ) ;
#4000 = PLANE ( 'NONE',  #7314 ) ;
#4001 = CARTESIAN_POINT ( 'NONE',  ( -23.36898548953929833, -20.32500000000001705, 2.500000000000000000 ) ) ;
#4002 = VECTOR ( 'NONE', #10961, 1000.000000000000000 ) ;
#4003 = DIRECTION ( 'NONE',  ( 0.000000000000000000, 0.000000000000000000, 1.000000000000000000 ) ) ;
#4004 = ORIENTED_EDGE ( 'NONE', *, *, #6809, .T. ) ;
#4005 = EDGE_LOOP ( 'NONE', ( #10139, #6357, #9057, #5773 ) ) ;
#4006 = CARTESIAN_POINT ( 'NONE',  ( -4.830937889471882407, -15.11224050124815221, 4.000000000000000000 ) ) ;
#4007 = EDGE_CURVE ( 'NONE', #577, #7527, #9166, .T. ) ;
#4008 = CARTESIAN_POINT ( 'NONE',  ( -1.331874386065286409, -16.81908500358545311, 4.000000000000000000 ) ) ;
#4009 = EDGE_CURVE ( 'NONE', #5384, #3276, #11874, .T. ) ;
#4010 = CARTESIAN_POINT ( 'NONE',  ( 81.00000000000001421, 10.57660624134121363, -72.24999999999998579 ) ) ;
#4011 = CARTESIAN_POINT ( 'NONE',  ( -1.342709132345139666, -15.42094958386488024, 4.999999999999999112 ) ) ;
#4012 = CARTESIAN_POINT ( 'NONE',  ( -75.00000000000001421, 0.000000000000000000, -57.99999999999998579 ) ) ;
#4013 = DIRECTION ( 'NONE',  ( 0.000000000000000000, 1.000000000000000000, 0.000000000000000000 ) ) ;
#4014 = CARTESIAN_POINT ( 'NONE',  ( 4.355448717948715576, -14.53822518807815989, 4.000000000000000000 ) ) ;
#4015 = VERTEX_POINT ( 'NONE', #3613 ) ;
#4016 = ORIENTED_EDGE ( 'NONE', *, *, #2527, .F. ) ;
#4017 = DIRECTION ( 'NONE',  ( -0.000000000000000000, 1.000000000000000000, -0.000000000000000000 ) ) ;
#4018 = VERTEX_POINT ( 'NONE', #9886 ) ;
#4019 = CARTESIAN_POINT ( 'NONE',  ( -4.532566888825683371, -15.18418033018469337, 4.999999999999998224 ) ) ;
#4020 = ADVANCED_FACE ( 'NONE', ( #7168 ), #4401, .F. ) ;
#4021 = VERTEX_POINT ( 'NONE', #9818 ) ;
#4022 = DIRECTION ( 'NONE',  ( 0.000000000000000000, -1.000000000000000000, 4.102367371632169393E-13 ) ) ;
#4023 = ADVANCED_FACE ( 'NONE', ( #3427 ), #10063, .F. ) ;
#4024 = DIRECTION ( 'NONE',  ( 0.000000000000000000, 1.000000000000000000, 0.000000000000000000 ) ) ;
#4025 = DIRECTION ( 'NONE',  ( 1.000000000000000000, 0.000000000000000000, -0.000000000000000000 ) ) ;
#4026 = DIRECTION ( 'NONE',  ( 1.000000000000000000, 0.000000000000000000, 0.000000000000000000 ) ) ;
#4027 = CARTESIAN_POINT ( 'NONE',  ( -22.26058151680846819, 15.72900601150596600, 2.500000000000000000 ) ) ;
#4028 = VERTEX_POINT ( 'NONE', #700 ) ;
#4029 = CARTESIAN_POINT ( 'NONE',  ( -79.00000000000000000, 0.000000000000000000, -100.0000000000000000 ) ) ;
#4030 = LINE ( 'NONE', #11375, #3279 ) ;
#4031 = ORIENTED_EDGE ( 'NONE', *, *, #11522, .F. ) ;
#4032 = CARTESIAN_POINT ( 'NONE',  ( -4.659070116532376460, -15.13359051703162805, 5.000000000000000888 ) ) ;
#4033 = FACE_BOUND ( 'NONE', #9157, .T. ) ;
#4034 = ORIENTED_EDGE ( 'NONE', *, *, #6941, .F. ) ;
#4035 = DIRECTION ( 'NONE',  ( -0.000000000000000000, -0.000000000000000000, 1.000000000000000000 ) ) ;
#4036 = DIRECTION ( 'NONE',  ( 0.4512830391435773136, -0.8923808708064826511, 0.000000000000000000 ) ) ;
#4037 = FACE_OUTER_BOUND ( 'NONE', #8798, .T. ) ;
#4038 = DIRECTION ( 'NONE',  ( 1.000000000000000000, 1.903335346464819526E-16, 0.000000000000000000 ) ) ;
#4039 = EDGE_LOOP ( 'NONE', ( #6360, #10816, #4094, #4938 ) ) ;
#4040 = CARTESIAN_POINT ( 'NONE',  ( 0.5000000000000006661, 4.000000000000000000, -1.969999999999999973 ) ) ;
#4041 = DIRECTION ( 'NONE',  ( 1.000000000000000000, 0.000000000000000000, 0.000000000000000000 ) ) ;
#4042 = ORIENTED_EDGE ( 'NONE', *, *, #7025, .T. ) ;
#4043 = AXIS2_PLACEMENT_3D ( 'NONE', #7970, #10237, #2467 ) ;
#4044 = VERTEX_POINT ( 'NONE', #8262 ) ;
#4045 = VERTEX_POINT ( 'NONE', #11929 ) ;
#4046 = DIRECTION ( 'NONE',  ( -0.000000000000000000, -0.000000000000000000, -1.000000000000000000 ) ) ;
#4047 = CARTESIAN_POINT ( 'NONE',  ( 0.6058667180371160033, -17.42255314433825930, 3.999999999999999112 ) ) ;
#4048 = VECTOR ( 'NONE', #5054, 1000.000000000000000 ) ;
#4049 = CARTESIAN_POINT ( 'NONE',  ( 80.73219026709769253, 28.72772142282416752, -60.99051844171967218 ) ) ;
#4050 = CARTESIAN_POINT ( 'NONE',  ( 25.33369296624130840, 22.34263864068764249, 0.000000000000000000 ) ) ;
#4051 = ORIENTED_EDGE ( 'NONE', *, *, #2170, .F. ) ;
#4052 = DIRECTION ( 'NONE',  ( 1.000000000000000000, 0.000000000000000000, 0.000000000000000000 ) ) ;
#4053 = FACE_BOUND ( 'NONE', #1606, .T. ) ;
#4054 = DIRECTION ( 'NONE',  ( -0.000000000000000000, -0.000000000000000000, -1.000000000000000000 ) ) ;
#4055 = CARTESIAN_POINT ( 'NONE',  ( 3.378525641025639903, -16.32925082910379899, 4.000000000000000000 ) ) ;
#4056 = ORIENTED_EDGE ( 'NONE', *, *, #2597, .F. ) ;
#4057 = ORIENTED_EDGE ( 'NONE', *, *, #1866, .T. ) ;
#4058 = CIRCLE ( 'NONE', #5023, 1.500000000000001332 ) ;
#4059 = CARTESIAN_POINT ( 'NONE',  ( 27.73941848319152115, 19.27099398849403400, 0.000000000000000000 ) ) ;
#4060 = EDGE_CURVE ( 'NONE', #9828, #9184, #7030, .T. ) ;
#4061 = CARTESIAN_POINT ( 'NONE',  ( -0.7734404229705829081, -17.18096062898759513, 5.000000000000001776 ) ) ;
#4062 = CYLINDRICAL_SURFACE ( 'NONE', #1775, 1.000000000000000888 ) ;
#4063 = CARTESIAN_POINT ( 'NONE',  ( 0.4498689790132371913, -15.42181728326246670, 5.000000000000000888 ) ) ;
#4064 = AXIS2_PLACEMENT_3D ( 'NONE', #8610, #324, #3109 ) ;
#4065 = DIRECTION ( 'NONE',  ( 0.000000000000000000, 0.000000000000000000, 1.000000000000000000 ) ) ;
#4066 = LINE ( 'NONE', #10755, #10235 ) ;
#4067 = DIRECTION ( 'NONE',  ( -0.000000000000000000, -0.000000000000000000, -1.000000000000000000 ) ) ;
#4068 = ORIENTED_EDGE ( 'NONE', *, *, #5932, .F. ) ;
#4069 = EDGE_CURVE ( 'NONE', #7778, #5061, #4529, .T. ) ;
#4070 = ORIENTED_EDGE ( 'NONE', *, *, #3959, .T. ) ;
#4071 = DIRECTION ( 'NONE',  ( 1.000000000000000000, 0.000000000000000000, 0.000000000000000000 ) ) ;
#4072 = ORIENTED_EDGE ( 'NONE', *, *, #3418, .F. ) ;
#4073 = CARTESIAN_POINT ( 'NONE',  ( -4.734038591572304888, -15.12121523040714521, 5.000000000000001776 ) ) ;
#4074 = ORIENTED_EDGE ( 'NONE', *, *, #10647, .F. ) ;
#4075 = B_SPLINE_CURVE_WITH_KNOTS ( 'NONE', 3,
 ( #7246, #9117, #2651, #11706, #2716, #8084, #6222, #8152, #10012, #5494, #10977 ),
 .UNSPECIFIED., .F., .F.,
 ( 4, 1, 1, 1, 1, 1, 1, 1, 4 ),
 ( 0.000000000000000000, 0.1117990193876810812, 0.2273961124226544228, 0.3456566425208962845, 0.4673998441801986981, 0.5942080136976000126, 0.7246775297613277100, 0.8596471198548495396, 0.9999999999999998890 ),
 .UNSPECIFIED. ) ;
#4076 = VECTOR ( 'NONE', #419, 1000.000000000000000 ) ;
#4077 = CARTESIAN_POINT ( 'NONE',  ( -5.999999999999997335, -5.208545504429655360, 10.00000000000000000 ) ) ;
#4078 = FACE_OUTER_BOUND ( 'NONE', #10763, .T. ) ;
#4079 = EDGE_CURVE ( 'NONE', #3076, #7452, #10882, .T. ) ;
#4080 = AXIS2_PLACEMENT_3D ( 'NONE', #2768, #2702, #9946 ) ;
#4081 = DIRECTION ( 'NONE',  ( 0.000000000000000000, 0.000000000000000000, -1.000000000000000000 ) ) ;
#4082 = DIRECTION ( 'NONE',  ( 0.000000000000000000, -1.000000000000000000, 9.484162102888076320E-13 ) ) ;
#4083 = CARTESIAN_POINT ( 'NONE',  ( 22.50000000000000355, -14.49566939831962209, 5.000000000000000000 ) ) ;
#4084 = EDGE_LOOP ( 'NONE', ( #3305, #10638, #8175, #3146, #42, #1808 ) ) ;
#4085 = VECTOR ( 'NONE', #5935, 1000.000000000000000 ) ;
#4086 = CARTESIAN_POINT ( 'NONE',  ( -4.416506410256410220, -16.26437703102686783, 4.000000000000000000 ) ) ;
#4087 = CARTESIAN_POINT ( 'NONE',  ( -0.3372951039804216178, -15.03092100961549527, 5.000000000000001776 ) ) ;
#4088 = ORIENTED_EDGE ( 'NONE', *, *, #3200, .T. ) ;
#4089 = DIRECTION ( 'NONE',  ( -1.000000000000000000, 0.000000000000000000, -0.000000000000000000 ) ) ;
#4090 = EDGE_CURVE ( 'NONE', #10743, #3309, #3550, .T. ) ;
#4091 = DIRECTION ( 'NONE',  ( 0.000000000000000000, 0.000000000000000000, -1.000000000000000000 ) ) ;
#4092 = VECTOR ( 'NONE', #5594, 1000.000000000000000 ) ;
#4093 = VECTOR ( 'NONE', #6099, 1000.000000000000000 ) ;
#4094 = ORIENTED_EDGE ( 'NONE', *, *, #6237, .F. ) ;
#4095 = DIRECTION ( 'NONE',  ( 0.000000000000000000, 0.000000000000000000, 1.000000000000000000 ) ) ;
#4096 = ADVANCED_FACE ( 'NONE', ( #640 ), #7234, .F. ) ;
#4097 = FACE_OUTER_BOUND ( 'NONE', #10375, .T. ) ;
#4098 = EDGE_CURVE ( 'NONE', #7431, #5290, #1676, .T. ) ;
#4099 = AXIS2_PLACEMENT_3D ( 'NONE', #4553, #2739, #2614 ) ;
#4100 = AXIS2_PLACEMENT_3D ( 'NONE', #3683, #5606, #3857 ) ;
#4101 = LINE ( 'NONE', #6868, #2165 ) ;
#4102 = CARTESIAN_POINT ( 'NONE',  ( -64.99999999999995737, 5.000000000000000000, -57.54999999999997584 ) ) ;
#4103 = VERTEX_POINT ( 'NONE', #2512 ) ;
#4104 = CARTESIAN_POINT ( 'NONE',  ( -27.73941848319152115, 19.27099398849403400, 2.500000000000000000 ) ) ;
#4105 = DIRECTION ( 'NONE',  ( 0.000000000000000000, 1.000000000000000000, 0.000000000000000000 ) ) ;
#4106 = ORIENTED_EDGE ( 'NONE', *, *, #7976, .F. ) ;
#4107 = VERTEX_POINT ( 'NONE', #8200 ) ;
#4108 = VECTOR ( 'NONE', #5612, 1000.000000000000000 ) ;
#4109 = VERTEX_POINT ( 'NONE', #6209 ) ;
#4110 = AXIS2_PLACEMENT_3D ( 'NONE', #6933, #3201, #2287 ) ;
#4111 = VECTOR ( 'NONE', #4035, 1000.000000000000000 ) ;
#4112 = LINE ( 'NONE', #7787, #6038 ) ;
#4113 = FACE_OUTER_BOUND ( 'NONE', #7566, .T. ) ;
#4114 = LINE ( 'NONE', #4290, #9336 ) ;
#4115 = ORIENTED_EDGE ( 'NONE', *, *, #9326, .T. ) ;
#4116 = CIRCLE ( 'NONE', #4886, 2.599999999999984102 ) ;
#4117 = CIRCLE ( 'NONE', #2570, 1.500000000000001332 ) ;
#4118 = APPLICATION_PROTOCOL_DEFINITION ( 'draft international standard', 'automotive_design', 1998, #2405 ) ;
#4119 = DIRECTION ( 'NONE',  ( -0.000000000000000000, -0.000000000000000000, -1.000000000000000000 ) ) ;
#4120 = FACE_OUTER_BOUND ( 'NONE', #8052, .T. ) ;
#4121 = EDGE_CURVE ( 'NONE', #4015, #10560, #11267, .T. ) ;
#4122 = CARTESIAN_POINT ( 'NONE',  ( 3.948397435897434526, -17.71322518807815882, 5.000000000000000000 ) ) ;
#4123 = ORIENTED_EDGE ( 'NONE', *, *, #5541, .F. ) ;
#4124 = VERTEX_POINT ( 'NONE', #5362 ) ;
#4125 = DIRECTION ( 'NONE',  ( 1.000000000000000000, 0.000000000000000000, 1.652117596168387756E-16 ) ) ;
#4126 = VECTOR ( 'NONE', #1915, 1000.000000000000000 ) ;
#4127 = DIRECTION ( 'NONE',  ( -1.000000000000000000, -0.000000000000000000, -0.000000000000000000 ) ) ;
#4128 = DIRECTION ( 'NONE',  ( -0.05028052826558215144, -0.9987351342960424372, -0.000000000000000000 ) ) ;
#4129 = CARTESIAN_POINT ( 'NONE',  ( -72.99999999999995737, 5.000000000000000888, -57.99999999999997868 ) ) ;
#4130 = CARTESIAN_POINT ( 'NONE',  ( 75.82842712474621294, 22.50000000000001066, -60.00000000000003553 ) ) ;
#4131 = DIRECTION ( 'NONE',  ( 0.05028052826558215144, -0.9987351342960424372, 0.000000000000000000 ) ) ;
#4132 = DIRECTION ( 'NONE',  ( 1.000000000000000000, 0.000000000000000000, 0.000000000000000000 ) ) ;
#4133 = VERTEX_POINT ( 'NONE', #9039 ) ;
#4134 = EDGE_LOOP ( 'NONE', ( #847, #9, #3678, #270, #2082, #1265, #303, #11333, #5834, #10085, #1134, #416, #7136, #4358, #11606 ) ) ;
#4135 = CIRCLE ( 'NONE', #7786, 1.500000000000001332 ) ;
#4136 = DIRECTION ( 'NONE',  ( 0.000000000000000000, 1.000000000000000000, -0.000000000000000000 ) ) ;
#4137 = ORIENTED_EDGE ( 'NONE', *, *, #7248, .T. ) ;
#4138 = CARTESIAN_POINT ( 'NONE',  ( -4.620576031928705696, -15.14330935764022890, 4.999999999999998224 ) ) ;
#4139 = ORIENTED_EDGE ( 'NONE', *, *, #11952, .T. ) ;
#4140 = VECTOR ( 'NONE', #6190, 1000.000000000000000 ) ;
#4141 = LINE ( 'NONE', #1466, #3995 ) ;
#4142 = EDGE_CURVE ( 'NONE', #8676, #8658, #10909, .T. ) ;
#4143 = AXIS2_PLACEMENT_3D ( 'NONE', #3365, #10728, #1311 ) ;
#4144 = PLANE ( 'NONE',  #391 ) ;
#4145 = DIRECTION ( 'NONE',  ( -0.05028052826558230409, 0.9987351342960424372, 0.000000000000000000 ) ) ;
#4146 = AXIS2_PLACEMENT_3D ( 'NONE', #8838, #5226, #4082 ) ;
#4147 = CARTESIAN_POINT ( 'NONE',  ( -55.49999999999996447, 0.000000000000000000, 84.99999999999991473 ) ) ;
#4148 = DIRECTION ( 'NONE',  ( 0.000000000000000000, 1.000000000000000000, 0.000000000000000000 ) ) ;
#4149 = ORIENTED_EDGE ( 'NONE', *, *, #11225, .T. ) ;
#4150 = DIRECTION ( 'NONE',  ( 1.000000000000000000, 0.000000000000000000, 0.000000000000000000 ) ) ;
#4151 = DIRECTION ( 'NONE',  ( 0.000000000000000000, 0.000000000000000000, -1.000000000000000000 ) ) ;
#4152 = VERTEX_POINT ( 'NONE', #1735 ) ;
#4153 = CARTESIAN_POINT ( 'NONE',  ( -4.887770599336987765, -15.10966402539352416, 4.999999999999999112 ) ) ;
#4154 = FACE_BOUND ( 'NONE', #3250, .T. ) ;
#4155 = EDGE_CURVE ( 'NONE', #6350, #228, #7601, .T. ) ;
#4156 = VECTOR ( 'NONE', #7634, 1000.000000000000000 ) ;
#4157 = ORIENTED_EDGE ( 'NONE', *, *, #3004, .F. ) ;
#4158 = DIRECTION ( 'NONE',  ( -1.000000000000000000, 0.000000000000000000, 0.000000000000000000 ) ) ;
#4159 = EDGE_CURVE ( 'NONE', #9922, #6528, #8202, .T. ) ;
#4160 = DIRECTION ( 'NONE',  ( -0.000000000000000000, -1.000000000000000000, -0.000000000000000000 ) ) ;
#4161 = DIRECTION ( 'NONE',  ( -1.000000000000000000, -0.000000000000000000, -0.000000000000000000 ) ) ;
#4162 = ORIENTED_EDGE ( 'NONE', *, *, #2383, .T. ) ;
#4163 = VECTOR ( 'NONE', #5642, 1000.000000000000000 ) ;
#4165 = EDGE_CURVE ( 'NONE', #3335, #406, #10357, .T. ) ;
#4164 = CARTESIAN_POINT ( 'NONE',  ( -5.116125801282050745, -14.53822518807814923, 5.000000000000000000 ) ) ;
#4166 = FACE_OUTER_BOUND ( 'NONE', #7109, .T. ) ;
#4167 = ADVANCED_FACE ( 'NONE', ( #2089 ), #5771, .F. ) ;
#4168 = ORIENTED_EDGE ( 'NONE', *, *, #1296, .F. ) ;
#4169 = ORIENTED_EDGE ( 'NONE', *, *, #398, .F. ) ;
#4170 = ADVANCED_FACE ( 'NONE', ( #8488 ), #6453, .F. ) ;
#4171 = CARTESIAN_POINT ( 'NONE',  ( 25.33369296624130840, 22.34263864068764249, 5.000000000000000000 ) ) ;
#4172 = CARTESIAN_POINT ( 'NONE',  ( -0.6624330859149232253, -17.20635806257904221, 4.000000000000000888 ) ) ;
#4173 = DIRECTION ( 'NONE',  ( 1.000000000000000000, 0.000000000000000000, 0.000000000000000000 ) ) ;
#4174 = DIRECTION ( 'NONE',  ( -1.000000000000000000, 1.334402673828313093E-16, 0.000000000000000000 ) ) ;
#4175 = ORIENTED_EDGE ( 'NONE', *, *, #6282, .F. ) ;
#4176 = CARTESIAN_POINT ( 'NONE',  ( 0.000000000000000000, 0.000000000000000000, 0.000000000000000000 ) ) ;
#4177 = DIRECTION ( 'NONE',  ( 0.000000000000000000, 1.000000000000000000, 0.000000000000000000 ) ) ;
#4178 = CARTESIAN_POINT ( 'NONE',  ( -26.00000000000000000, 0.000000000000000000, 46.49999999999992895 ) ) ;
#4179 = DIRECTION ( 'NONE',  ( -0.000000000000000000, -0.000000000000000000, -1.000000000000000000 ) ) ;
#4180 = VECTOR ( 'NONE', #7733, 1000.000000000000000 ) ;
#4181 = ORIENTED_EDGE ( 'NONE', *, *, #1625, .F. ) ;
#4182 = ORIENTED_EDGE ( 'NONE', *, *, #1866, .F. ) ;
#4183 = CARTESIAN_POINT ( 'NONE',  ( -1.503550947891522771, -17.46191191127223163, 4.000000000000001776 ) ) ;
#4184 = EDGE_CURVE ( 'NONE', #1635, #4124, #2878, .T. ) ;
#4185 = CARTESIAN_POINT ( 'NONE',  ( 79.00000000000000000, 0.000000000000000000, -60.00000000000000711 ) ) ;
#4186 = EDGE_CURVE ( 'NONE', #11843, #4647, #1940, .T. ) ;
#4187 = DIRECTION ( 'NONE',  ( -0.000000000000000000, -0.000000000000000000, -1.000000000000000000 ) ) ;
#4188 = VECTOR ( 'NONE', #6299, 1000.000000000000000 ) ;
#4189 = CARTESIAN_POINT ( 'NONE',  ( -1.342709132345139666, -15.42094958386488024, 4.000000000000000000 ) ) ;
#4190 = DIRECTION ( 'NONE',  ( -1.000000000000000000, -0.000000000000000000, 7.885106708985492732E-17 ) ) ;
#4191 = DIRECTION ( 'NONE',  ( -0.000000000000000000, 0.000000000000000000, 1.000000000000000000 ) ) ;
#4192 = CARTESIAN_POINT ( 'NONE',  ( 24.00000000000001421, 0.000000000000000000, -26.50000000000006750 ) ) ;
#4193 = ORIENTED_EDGE ( 'NONE', *, *, #1620, .F. ) ;
#4194 = ORIENTED_EDGE ( 'NONE', *, *, #4804, .F. ) ;
#4195 = CARTESIAN_POINT ( 'NONE',  ( 0.8910475011150382763, -15.01822014923526183, 5.000000000000000000 ) ) ;
#4196 = ORIENTED_EDGE ( 'NONE', *, *, #5276, .F. ) ;
#4197 = CARTESIAN_POINT ( 'NONE',  ( -4.779786821521716078, -15.11577088418681392, 3.999999999999999112 ) ) ;
#4198 = ORIENTED_EDGE ( 'NONE', *, *, #884, .T. ) ;
#4199 = VECTOR ( 'NONE', #8546, 1000.000000000000114 ) ;
#4200 = CIRCLE ( 'NONE', #5927, 1.500000000000001332 ) ;
#4201 = DIRECTION ( 'NONE',  ( 2.130192597415179150E-13, 4.102367371632169393E-13, 1.000000000000000000 ) ) ;
#4202 = DIRECTION ( 'NONE',  ( 0.000000000000000000, 0.000000000000000000, -1.000000000000000000 ) ) ;
#4203 = CARTESIAN_POINT ( 'NONE',  ( 2.279487179487178050, -15.75937903423200659, 4.000000000000000000 ) ) ;
#4204 = CARTESIAN_POINT ( 'NONE',  ( 9.800000000000002487, 2.791454495570343752, 6.000000000000016875 ) ) ;
#4205 = CARTESIAN_POINT ( 'NONE',  ( -1.587500000000001021, -16.10918872974482596, 4.000000000000000000 ) ) ;
#4206 = DIRECTION ( 'NONE',  ( 0.000000000000000000, 0.000000000000000000, 1.000000000000000000 ) ) ;
#4207 = ORIENTED_EDGE ( 'NONE', *, *, #458, .T. ) ;
#4208 = FACE_OUTER_BOUND ( 'NONE', #11106, .T. ) ;
#4209 = LINE ( 'NONE', #8062, #8484 ) ;
#4210 = VERTEX_POINT ( 'NONE', #8320 ) ;
#4211 = FACE_OUTER_BOUND ( 'NONE', #5422, .T. ) ;
#4212 = ORIENTED_EDGE ( 'NONE', *, *, #9078, .F. ) ;
#4213 = DIRECTION ( 'NONE',  ( 0.000000000000000000, -0.000000000000000000, -1.000000000000000000 ) ) ;
#4214 = CARTESIAN_POINT ( 'NONE',  ( 140.0000000000000853, 22.50000000000000355, -80.00000000000001421 ) ) ;
#4215 = ORIENTED_EDGE ( 'NONE', *, *, #11077, .F. ) ;
#4217 = EDGE_CURVE ( 'NONE', #2788, #4549, #1977, .T. ) ;
#4216 = CARTESIAN_POINT ( 'NONE',  ( 43.00000000000000711, 5.000000000000000000, 34.49999999999993605 ) ) ;
#4218 = DIRECTION ( 'NONE',  ( 0.000000000000000000, 0.000000000000000000, 1.000000000000000000 ) ) ;
#4219 = ORIENTED_EDGE ( 'NONE', *, *, #5622, .T. ) ;
#4220 = ORIENTED_EDGE ( 'NONE', *, *, #8761, .T. ) ;
#4221 = LINE ( 'NONE', #3313, #823 ) ;
#4222 = LINE ( 'NONE', #10676, #4093 ) ;
#4223 = EDGE_CURVE ( 'NONE', #7443, #9606, #6626, .T. ) ;
#4224 = DIRECTION ( 'NONE',  ( -7.709882115452478166E-16, 1.000000000000000000, 0.000000000000000000 ) ) ;
#4225 = LINE ( 'NONE', #11582, #2974 ) ;
#4226 = ORIENTED_EDGE ( 'NONE', *, *, #8959, .T. ) ;
#4227 = DIRECTION ( 'NONE',  ( 1.165734175856414367E-15, 1.966600512909261189E-17, -1.000000000000000000 ) ) ;
#4228 = AXIS2_PLACEMENT_3D ( 'NONE', #241, #9371, #9244 ) ;
#4229 = CARTESIAN_POINT ( 'NONE',  ( 15.99999999999997868, 5.000000000000004441, -30.00000000000006750 ) ) ;
#4230 = CYLINDRICAL_SURFACE ( 'NONE', #1952, 2.599999999999991207 ) ;
#4231 = DIRECTION ( 'NONE',  ( 1.000000000000000000, 0.000000000000000000, 0.000000000000000000 ) ) ;
#4232 = ORIENTED_EDGE ( 'NONE', *, *, #2612, .F. ) ;
#4233 = EDGE_CURVE ( 'NONE', #1315, #11603, #7529, .T. ) ;
#4234 = VECTOR ( 'NONE', #6312, 1000.000000000000000 ) ;
#4235 = ORIENTED_EDGE ( 'NONE', *, *, #8045, .F. ) ;
#4236 = CARTESIAN_POINT ( 'NONE',  ( -0.7937325473817727906, -17.76542137330358528, 4.999999999999993783 ) ) ;
#4237 = AXIS2_PLACEMENT_3D ( 'NONE', #11133, #3720, #870 ) ;
#4238 = CARTESIAN_POINT ( 'NONE',  ( -0.4477564102564112192, -16.08502005987303107, 5.000000000000000000 ) ) ;
#4239 = CARTESIAN_POINT ( 'NONE',  ( 1.139743589743589025, -16.22049181468072376, 4.000000000000000000 ) ) ;
#4240 = EDGE_CURVE ( 'NONE', #469, #2753, #40, .T. ) ;
#4241 = FACE_OUTER_BOUND ( 'NONE', #8906, .T. ) ;
#4242 = LINE ( 'NONE', #7132, #11116 ) ;
#4243 = LINE ( 'NONE', #1337, #8883 ) ;
#4244 = PLANE ( 'NONE',  #190 ) ;
#4245 = ORIENTED_EDGE ( 'NONE', *, *, #7312, .T. ) ;
#4246 = EDGE_LOOP ( 'NONE', ( #9045, #3493, #10956, #7716 ) ) ;
#4247 = DIRECTION ( 'NONE',  ( -1.000000000000000000, -0.000000000000000000, -0.000000000000000000 ) ) ;
#4248 = ORIENTED_EDGE ( 'NONE', *, *, #147, .T. ) ;
#4249 = VECTOR ( 'NONE', #2625, 1000.000000000000000 ) ;
#4250 = CARTESIAN_POINT ( 'NONE',  ( -4.693809813418641674, -15.12634812296136566, 3.999999999999998224 ) ) ;
#4251 = ORIENTED_EDGE ( 'NONE', *, *, #5715, .T. ) ;
#4252 = AXIS2_PLACEMENT_3D ( 'NONE', #4527, #7421, #10128 ) ;
#4253 = VECTOR ( 'NONE', #6017, 1000.000000000000000 ) ;
#4254 = CARTESIAN_POINT ( 'NONE',  ( -6.999999999999998224, -6.208545504429656248, 10.00000000000000000 ) ) ;
#4255 = LINE ( 'NONE', #3230, #8113 ) ;
#4256 = AXIS2_PLACEMENT_3D ( 'NONE', #1702, #855, #4366 ) ;
#4257 = DIRECTION ( 'NONE',  ( 5.778241043194146325E-16, 1.000000000000000000, 0.000000000000000000 ) ) ;
#4258 = CARTESIAN_POINT ( 'NONE',  ( -25.16401654238957875, 14.24209700771249132, 2.500000000000000000 ) ) ;
#4259 = CARTESIAN_POINT ( 'NONE',  ( -1.098038976398268529, -15.20291703840947406, 3.999999999999999112 ) ) ;
#4260 = LINE ( 'NONE', #8786, #9282 ) ;
#4261 = EDGE_LOOP ( 'NONE', ( #1791, #9092, #1354, #8812 ) ) ;
#4262 = CARTESIAN_POINT ( 'NONE',  ( -1.774165953381786176, -15.05133716502196783, 4.000000000000000888 ) ) ;
#4263 = CARTESIAN_POINT ( 'NONE',  ( -0.2029560313737959476, -17.20583498013595403, 4.000000000000000888 ) ) ;
#4264 = ORIENTED_EDGE ( 'NONE', *, *, #10505, .F. ) ;
#4265 = VECTOR ( 'NONE', #5499, 1000.000000000000000 ) ;
#4266 = CARTESIAN_POINT ( 'NONE',  ( -4.532566888825683371, -15.18418033018469337, 4.999999999999999112 ) ) ;
#4267 = AXIS2_PLACEMENT_3D ( 'NONE', #788, #4550, #2735 ) ;
#4268 = APPLICATION_CONTEXT ( 'automotive_design' ) ;
#4269 = DIRECTION ( 'NONE',  ( -0.8397897338196435024, 0.5429117819417187407, -0.000000000000000000 ) ) ;
#4270 = VECTOR ( 'NONE', #9870, 1000.000000000000000 ) ;
#4271 = ORIENTED_EDGE ( 'NONE', *, *, #8459, .F. ) ;
#4272 = DIRECTION ( 'NONE',  ( -0.000000000000000000, 0.000000000000000000, 1.000000000000000000 ) ) ;
#4273 = CARTESIAN_POINT ( 'NONE',  ( 79.46401568556912309, 23.97499975049370846, -60.05105897510917856 ) ) ;
#4274 = DIRECTION ( 'NONE',  ( -0.000000000000000000, -0.000000000000000000, -1.000000000000000000 ) ) ;
#4275 = FACE_OUTER_BOUND ( 'NONE', #11361, .T. ) ;
#4276 = ORIENTED_EDGE ( 'NONE', *, *, #3917, .F. ) ;
#4277 = AXIS2_PLACEMENT_3D ( 'NONE', #988, #8372, #10111 ) ;
#4278 = LINE ( 'NONE', #11392, #60 ) ;
#4279 = CARTESIAN_POINT ( 'NONE',  ( 79.00000000000001421, 5.000000000000000000, -62.00000000000000711 ) ) ;
#4280 = VERTEX_POINT ( 'NONE', #7412 ) ;
#4281 = ORIENTED_EDGE ( 'NONE', *, *, #6882, .T. ) ;
#4283 = ORIENTED_EDGE ( 'NONE', *, *, #9171, .T. ) ;
#4282 = AXIS2_PLACEMENT_3D ( 'NONE', #5776, #6514, #943 ) ;
#4284 = AXIS2_PLACEMENT_3D ( 'NONE', #2652, #11886, #6344 ) ;
#4285 = EDGE_CURVE ( 'NONE', #6128, #4718, #8311, .T. ) ;
#4286 = CARTESIAN_POINT ( 'NONE',  ( -4.766584161801686648, -15.74923274492232039, 4.000000000000001776 ) ) ;
#4287 = FACE_OUTER_BOUND ( 'NONE', #1135, .T. ) ;
#4288 = CARTESIAN_POINT ( 'NONE',  ( 75.00000000000000000, 7.000000000000026645, -102.0499999999999972 ) ) ;
#4289 = EDGE_CURVE ( 'NONE', #1014, #4863, #3119, .T. ) ;
#4290 = CARTESIAN_POINT ( 'NONE',  ( -0.4706530448717958781, -15.02668672653969750, 4.000000000000000000 ) ) ;
#4291 = ORIENTED_EDGE ( 'NONE', *, *, #7195, .T. ) ;
#4292 = LINE ( 'NONE', #11343, #3074 ) ;
#4293 = DIRECTION ( 'NONE',  ( -5.778241043194146325E-16, -1.000000000000000000, 0.000000000000000000 ) ) ;
#4294 = EDGE_CURVE ( 'NONE', #8096, #5613, #5053, .T. ) ;
#4295 = PLANE ( 'NONE',  #10469 ) ;
#4296 = ORIENTED_EDGE ( 'NONE', *, *, #10051, .T. ) ;
#4297 = AXIS2_PLACEMENT_3D ( 'NONE', #8889, #4247, #7925 ) ;
#4298 = VERTEX_POINT ( 'NONE', #11442 ) ;
#4299 = CARTESIAN_POINT ( 'NONE',  ( -0.6784272671684983269, -17.78257353060750035, 3.999999999999999112 ) ) ;
#4300 = DIRECTION ( 'NONE',  ( -0.000000000000000000, 1.000000000000000000, -0.000000000000000000 ) ) ;
#4301 = CARTESIAN_POINT ( 'NONE',  ( 119.0000000000000284, 37.42339375865881124, -73.75000000000000000 ) ) ;
#4302 = AXIS2_PLACEMENT_3D ( 'NONE', #8683, #4343, #9589 ) ;
#4303 = CIRCLE ( 'NONE', #5270, 3.257139434613112172 ) ;
#4304 = EDGE_CURVE ( 'NONE', #5141, #3834, #9752, .T. ) ;
#4305 = VECTOR ( 'NONE', #7313, 1000.000000000000000 ) ;
#4306 = EDGE_CURVE ( 'NONE', #905, #10880, #1475, .T. ) ;
#4307 = DIRECTION ( 'NONE',  ( -0.000000000000000000, 1.000000000000000000, -0.000000000000000000 ) ) ;
#4308 = DIRECTION ( 'NONE',  ( 0.000000000000000000, -1.000000000000000000, 0.000000000000000000 ) ) ;
#4309 = DIRECTION ( 'NONE',  ( 0.000000000000000000, 0.000000000000000000, -1.000000000000000000 ) ) ;
#4310 = CARTESIAN_POINT ( 'NONE',  ( -5.780128205128205465, -17.71322518807814816, 4.000000000000000000 ) ) ;
#4311 = ORIENTED_EDGE ( 'NONE', *, *, #304, .T. ) ;
#4312 = VERTEX_POINT ( 'NONE', #3294 ) ;
#4313 = CARTESIAN_POINT ( 'NONE',  ( 24.83598345761040704, 20.75790299228751223, 2.500000000000000000 ) ) ;
#4314 = ORIENTED_EDGE ( 'NONE', *, *, #7086, .F. ) ;
#4315 = LINE ( 'NONE', #4429, #10055 ) ;
#4316 = EDGE_CURVE ( 'NONE', #7856, #2411, #7821, .T. ) ;
#4317 = ORIENTED_EDGE ( 'NONE', *, *, #10779, .F. ) ;
#4318 = AXIS2_PLACEMENT_3D ( 'NONE', #10959, #1534, #872 ) ;
#4319 = EDGE_CURVE ( 'NONE', #4028, #3777, #10415, .T. ) ;
#4320 = DIRECTION ( 'NONE',  ( 0.5000000000000004441, -0.8660254037844383745, 0.000000000000000000 ) ) ;
#4321 = CARTESIAN_POINT ( 'NONE',  ( -1.996269987160796067, -15.38395414467272815, 4.999999999999999112 ) ) ;
#4322 = EDGE_CURVE ( 'NONE', #4682, #4566, #8788, .T. ) ;
#4323 = CARTESIAN_POINT ( 'NONE',  ( -21.49999999999998224, 1.242321824286740395E-14, 9.000000000000001776 ) ) ;
#4324 = CARTESIAN_POINT ( 'NONE',  ( -2.126810159812754009, -16.44571100181040535, 4.999999999999995559 ) ) ;
#4325 = CARTESIAN_POINT ( 'NONE',  ( -1.407949418413325882, -15.50671075773863450, 4.000000000000000000 ) ) ;
#4326 = DIRECTION ( 'NONE',  ( 0.000000000000000000, 0.000000000000000000, -1.000000000000000000 ) ) ;
#4327 = ORIENTED_EDGE ( 'NONE', *, *, #3850, .F. ) ;
#4328 = DIRECTION ( 'NONE',  ( -1.000000000000000000, 6.672013369141565463E-17, -0.000000000000000000 ) ) ;
#4329 = DIRECTION ( 'NONE',  ( 1.000000000000000000, -1.334402673828313093E-16, 0.000000000000000000 ) ) ;
#4330 = VERTEX_POINT ( 'NONE', #8616 ) ;
#4331 = CARTESIAN_POINT ( 'NONE',  ( -1.924998605220628267, -15.25382484343543155, 5.000000000000000888 ) ) ;
#4332 = ORIENTED_EDGE ( 'NONE', *, *, #7933, .F. ) ;
#4333 = ADVANCED_FACE ( 'NONE', ( #4208 ), #3178, .F. ) ;
#4334 = DIRECTION ( 'NONE',  ( 0.000000000000000000, 0.000000000000000000, -1.000000000000000000 ) ) ;
#4335 = FACE_OUTER_BOUND ( 'NONE', #9663, .T. ) ;
#4336 = PRESENTATION_STYLE_ASSIGNMENT (( #8911 ) ) ;
#4337 = AXIS2_PLACEMENT_3D ( 'NONE', #3233, #1596, #5163 ) ;
#4338 = EDGE_CURVE ( 'NONE', #7724, #9721, #10994, .T. ) ;
#4339 = CARTESIAN_POINT ( 'NONE',  ( 0.3199168669871786386, -14.60691509192431425, 4.000000000000000000 ) ) ;
#4340 = FACE_OUTER_BOUND ( 'NONE', #5940, .T. ) ;
#4341 = DIRECTION ( 'NONE',  ( 0.000000000000000000, 1.000000000000000000, -0.000000000000000000 ) ) ;
#4342 = EDGE_LOOP ( 'NONE', ( #3104, #6362, #256, #4445 ) ) ;
#4343 = DIRECTION ( 'NONE',  ( 0.000000000000000000, -1.000000000000000000, 0.000000000000000000 ) ) ;
#4344 = DIRECTION ( 'NONE',  ( 0.000000000000000000, 0.000000000000000000, -1.000000000000000000 ) ) ;
#4345 = AXIS2_PLACEMENT_3D ( 'NONE', #6676, #10352, #9447 ) ;
#4346 = VERTEX_POINT ( 'NONE', #564 ) ;
#4347 = ORIENTED_EDGE ( 'NONE', *, *, #9604, .F. ) ;
#4348 = ORIENTED_EDGE ( 'NONE', *, *, #10782, .T. ) ;
#4349 = CARTESIAN_POINT ( 'NONE',  ( -4.427044191299727594, -15.58324274024666600, 4.000000000000000000 ) ) ;
#4350 = CARTESIAN_POINT ( 'NONE',  ( -0.007416702385228093192, -17.74634512731025282, 4.000000000000000888 ) ) ;
#4351 = VECTOR ( 'NONE', #7548, 1000.000000000000000 ) ;
#4352 = DIRECTION ( 'NONE',  ( -0.000000000000000000, -1.000000000000000000, -0.000000000000000000 ) ) ;
#4353 = CARTESIAN_POINT ( 'NONE',  ( -0.4547526041666675178, -14.45681493166790510, 5.000000000000000000 ) ) ;
#4354 = ORIENTED_EDGE ( 'NONE', *, *, #4376, .F. ) ;
#4355 = LINE ( 'NONE', #4413, #11746 ) ;
#4356 = DIRECTION ( 'NONE',  ( -0.000000000000000000, 1.000000000000000000, -0.000000000000000000 ) ) ;
#4357 = CARTESIAN_POINT ( 'NONE',  ( -4.445018968553859473, -15.61343162840686283, 5.000000000000000000 ) ) ;
#4358 = ORIENTED_EDGE ( 'NONE', *, *, #4538, .T. ) ;
#4359 = VERTEX_POINT ( 'NONE', #7638 ) ;
#4360 = CARTESIAN_POINT ( 'NONE',  ( -0.4388521634615394351, -17.79463544448841716, 4.999999999999992895 ) ) ;
#4361 = LINE ( 'NONE', #5269, #30 ) ;
#4362 = DIRECTION ( 'NONE',  ( -1.020425574104004985E-16, -0.000000000000000000, -1.000000000000000000 ) ) ;
#4363 = FACE_OUTER_BOUND ( 'NONE', #5946, .T. ) ;
#4364 = AXIS2_PLACEMENT_3D ( 'NONE', #9021, #7217, #3534 ) ;
#4365 = CARTESIAN_POINT ( 'NONE',  ( 23.18380419571102280, 13.69266036901632688, 9.000000000000001776 ) ) ;
#4366 = DIRECTION ( 'NONE',  ( -0.000000000000000000, 0.000000000000000000, 1.000000000000000000 ) ) ;
#4367 = ORIENTED_EDGE ( 'NONE', *, *, #5415, .F. ) ;
#4368 = ORIENTED_EDGE ( 'NONE', *, *, #7453, .F. ) ;
#4369 = EDGE_CURVE ( 'NONE', #8843, #10256, #3680, .T. ) ;
#4370 = LINE ( 'NONE', #6125, #6218 ) ;
#4371 = EDGE_LOOP ( 'NONE', ( #6656, #4884 ) ) ;
#4372 = CARTESIAN_POINT ( 'NONE',  ( -1.331874386065286409, -16.81908500358545311, 4.000000000000000000 ) ) ;
#4373 = ADVANCED_FACE ( 'NONE', ( #5166 ), #9521, .T. ) ;
#4374 = DIRECTION ( 'NONE',  ( 0.000000000000000000, 0.000000000000000000, 1.000000000000000000 ) ) ;
#4375 = ORIENTED_EDGE ( 'NONE', *, *, #6992, .F. ) ;
#4376 = EDGE_CURVE ( 'NONE', #10640, #193, #11377, .T. ) ;
#4377 = AXIS2_PLACEMENT_3D ( 'NONE', #7980, #9671, #11538 ) ;
#4378 = DIRECTION ( 'NONE',  ( -0.000000000000000000, -0.000000000000000000, -1.000000000000000000 ) ) ;
#4379 = CARTESIAN_POINT ( 'NONE',  ( -1.740780248397436836, -15.01205832109098104, 5.000000000000000000 ) ) ;
#4380 = AXIS2_PLACEMENT_3D ( 'NONE', #9743, #3284, #6069 ) ;
#4381 = FACE_OUTER_BOUND ( 'NONE', #8756, .T. ) ;
#4382 = LINE ( 'NONE', #2492, #8415 ) ;
#4383 = DIRECTION ( 'NONE',  ( 0.8610380995189044206, 0.5085404518589187184, 0.000000000000000000 ) ) ;
#4384 = DIRECTION ( 'NONE',  ( 1.000000000000000000, 0.000000000000000000, 0.000000000000000000 ) ) ;
#4385 = EDGE_CURVE ( 'NONE', #145, #6483, #2153, .T. ) ;
#4386 = ORIENTED_EDGE ( 'NONE', *, *, #11432, .T. ) ;
#4387 = CARTESIAN_POINT ( 'NONE',  ( -0.9203667246047769757, -14.50979851823894151, 5.000000000000001776 ) ) ;
#4388 = DIRECTION ( 'NONE',  ( -1.000000000000000000, -0.000000000000000000, -0.000000000000000000 ) ) ;
#4389 = ORIENTED_EDGE ( 'NONE', *, *, #1037, .T. ) ;
#4390 = CARTESIAN_POINT ( 'NONE',  ( -7.542860565386886762, 2.791454495570343752, 10.00000000000000000 ) ) ;
#4391 = VECTOR ( 'NONE', #6143, 1000.000000000000000 ) ;
#4392 = ORIENTED_EDGE ( 'NONE', *, *, #10208, .T. ) ;
#4393 = EDGE_CURVE ( 'NONE', #7431, #8624, #386, .T. ) ;
#4394 = CARTESIAN_POINT ( 'NONE',  ( 16.75000000000000355, 5.949455682166684412, 5.000000000000000000 ) ) ;
#4395 = SHAPE_REPRESENTATION ( 'paa5100je_left_centered', ( #3299 ), #3507 ) ;
#4396 = CARTESIAN_POINT ( 'NONE',  ( 0.9152293669871784942, -15.04322318487303178, 4.000000000000000000 ) ) ;
#4397 = CARTESIAN_POINT ( 'NONE',  ( -15.86005420924688991, 7.456272356324761041, 0.000000000000000000 ) ) ;
#4398 = CARTESIAN_POINT ( 'NONE',  ( 80.40742945180706158, 27.26977500397562082, -60.57347637790997652 ) ) ;
#4399 = CARTESIAN_POINT ( 'NONE',  ( -45.49999999999997868, 5.000000000000000000, 94.99999999999992895 ) ) ;
#4400 = ADVANCED_FACE ( 'NONE', ( #11374 ), #4939, .F. ) ;
#4401 = CYLINDRICAL_SURFACE ( 'NONE', #2397, 1.549999999999995826 ) ;
#4402 = EDGE_LOOP ( 'NONE', ( #7795, #7989, #4196, #1583 ) ) ;
#4403 = CARTESIAN_POINT ( 'NONE',  ( 81.00000000000001421, 24.00000000000000000, -95.50000000000000000 ) ) ;
#4404 = CARTESIAN_POINT ( 'NONE',  ( -1.169130803996648593, -16.97777187295596590, 4.999999999999999112 ) ) ;
#4405 = ORIENTED_EDGE ( 'NONE', *, *, #2655, .T. ) ;
#4406 = ORIENTED_EDGE ( 'NONE', *, *, #5021, .T. ) ;
#4407 = ORIENTED_EDGE ( 'NONE', *, *, #5475, .F. ) ;
#4408 = CARTESIAN_POINT ( 'NONE',  ( -4.445018968553859473, -15.61343162840686283, 4.000000000000000000 ) ) ;
#4409 = CARTESIAN_POINT ( 'NONE',  ( -19.19238815542510679, -12.03553390593273242, 5.000000000000000000 ) ) ;
#4410 = CARTESIAN_POINT ( 'NONE',  ( 0.4636568509615375810, -16.65489185474482525, 5.000000000000000000 ) ) ;
#4411 = DIRECTION ( 'NONE',  ( 0.000000000000000000, 0.000000000000000000, 1.000000000000000000 ) ) ;
#4412 = ORIENTED_EDGE ( 'NONE', *, *, #338, .T. ) ;
#4413 = CARTESIAN_POINT ( 'NONE',  ( -75.00000000000001421, 45.00000000000000000, -86.50000000000001421 ) ) ;
#4414 = CARTESIAN_POINT ( 'NONE',  ( 2.279487179487178050, -14.53822518807815989, 4.000000000000000000 ) ) ;
#4415 = DIRECTION ( 'NONE',  ( 0.000000000000000000, 0.000000000000000000, -1.000000000000000000 ) ) ;
#4416 = ORIENTED_EDGE ( 'NONE', *, *, #9812, .T. ) ;
#4417 = VERTEX_POINT ( 'NONE', #4029 ) ;
#4418 = EDGE_LOOP ( 'NONE', ( #11880, #2549 ) ) ;
#4419 = DIRECTION ( 'NONE',  ( -0.000000000000000000, -0.000000000000000000, -1.000000000000000000 ) ) ;
#4420 = DIRECTION ( 'NONE',  ( 1.000000000000000000, 0.000000000000000000, 0.000000000000000000 ) ) ;
#4421 = FACE_OUTER_BOUND ( 'NONE', #225, .T. ) ;
#4422 = CARTESIAN_POINT ( 'NONE',  ( -4.477302839344638130, -14.58902508889043581, 3.999999999999999112 ) ) ;
#4423 = CYLINDRICAL_SURFACE ( 'NONE', #1537, 1.500000000000001332 ) ;
#4424 = ORIENTED_EDGE ( 'NONE', *, *, #1576, .T. ) ;
#4425 = ORIENTED_EDGE ( 'NONE', *, *, #7354, .F. ) ;
#4426 =( REPRESENTATION_RELATIONSHIP ('NONE','NONE', #7244, #6007 ) REPRESENTATION_RELATIONSHIP_WITH_TRANSFORMATION ( #2656 )SHAPE_REPRESENTATION_RELATIONSHIP( ) );
#4427 = DIRECTION ( 'NONE',  ( 1.000000000000000000, 0.000000000000000000, 0.000000000000000000 ) ) ;
#4428 = ORIENTED_EDGE ( 'NONE', *, *, #9540, .T. ) ;
#4429 = CARTESIAN_POINT ( 'NONE',  ( -5.780128205128205465, -14.53822518807814923, 4.000000000000000000 ) ) ;
#4430 = FACE_BOUND ( 'NONE', #8557, .T. ) ;
#4431 = VERTEX_POINT ( 'NONE', #450 ) ;
#4432 = EDGE_CURVE ( 'NONE', #8241, #9387, #2126, .T. ) ;
#4433 = VECTOR ( 'NONE', #2998, 1000.000000000000000 ) ;
#4434 = FACE_OUTER_BOUND ( 'NONE', #7542, .T. ) ;
#4435 = CARTESIAN_POINT ( 'NONE',  ( -1.839977854107104127, -15.12876597410665802, 4.000000000000001776 ) ) ;
#4436 = EDGE_CURVE ( 'NONE', #10881, #11249, #6916, .T. ) ;
#4437 = DIRECTION ( 'NONE',  ( 0.000000000000000000, 0.000000000000000000, 1.000000000000000000 ) ) ;
#4438 = DIRECTION ( 'NONE',  ( 0.000000000000000000, 1.000000000000000000, 0.000000000000000000 ) ) ;
#4439 = CIRCLE ( 'NONE', #1929, 1.500000000000001332 ) ;
#4440 = CARTESIAN_POINT ( 'NONE',  ( 30.01888746451763623, 17.85109630944760184, 9.000000000000001776 ) ) ;
#4441 = DIRECTION ( 'NONE',  ( -0.2516338517649505113, 0.000000000000000000, 0.9678225067882719745 ) ) ;
#4442 = ORIENTED_EDGE ( 'NONE', *, *, #1878, .T. ) ;
#4443 = CARTESIAN_POINT ( 'NONE',  ( -1.328654218018920252, -14.67332075672487157, 5.000000000000000000 ) ) ;
#4444 = CARTESIAN_POINT ( 'NONE',  ( -4.416506410256410220, -16.26437703102686783, 4.000000000000000000 ) ) ;
#4445 = ORIENTED_EDGE ( 'NONE', *, *, #2835, .F. ) ;
#4446 = CARTESIAN_POINT ( 'NONE',  ( 43.00000000000000711, 0.000000000000000000, -7.500000000000069278 ) ) ;
#4447 = ORIENTED_EDGE ( 'NONE', *, *, #9988, .T. ) ;
#4448 = CARTESIAN_POINT ( 'NONE',  ( -53.49999999999996447, 5.000000000000000000, 104.9999999999999289 ) ) ;
#4449 = PRODUCT_RELATED_PRODUCT_CATEGORY ( 'part', '', ( #1485 ) ) ;
#4450 = VECTOR ( 'NONE', #3040, 1000.000000000000000 ) ;
#4451 = CARTESIAN_POINT ( 'NONE',  ( 45.59999999999999432, -16.20000000000000284, 34.49999999999993605 ) ) ;
#4452 = CARTESIAN_POINT ( 'NONE',  ( -75.00000000000001421, 17.00000000000000000, -80.00000000000000000 ) ) ;
#4453 = DIRECTION ( 'NONE',  ( 0.000000000000000000, 0.000000000000000000, 1.000000000000000000 ) ) ;
#4454 = CARTESIAN_POINT ( 'NONE',  ( -5.999999999999997335, -8.208545504429656248, 5.000000000000000000 ) ) ;
#4455 = EDGE_CURVE ( 'NONE', #1563, #9350, #11226, .T. ) ;
#4456 = AXIS2_PLACEMENT_3D ( 'NONE', #7146, #4559, #7214 ) ;
#4457 = DIRECTION ( 'NONE',  ( -1.000000000000000000, 0.000000000000000000, 0.000000000000000000 ) ) ;
#4458 = ORIENTED_EDGE ( 'NONE', *, *, #9508, .F. ) ;
#4459 = CARTESIAN_POINT ( 'NONE',  ( 80.91755062030092915, 29.80599318817504795, -98.63335915904882256 ) ) ;
#4460 = CARTESIAN_POINT ( 'NONE',  ( -5.780128205128205465, -17.71322518807814816, 5.000000000000000000 ) ) ;
#4461 = VECTOR ( 'NONE', #3549, 1000.000000000000000 ) ;
#4462 = EDGE_CURVE ( 'NONE', #10306, #7508, #1599, .T. ) ;
#4463 = EDGE_LOOP ( 'NONE', ( #1850, #9776, #3127, #7092 ) ) ;
#4464 = ORIENTED_EDGE ( 'NONE', *, *, #7829, .T. ) ;
#4465 = EDGE_CURVE ( 'NONE', #10514, #577, #8872, .T. ) ;
#4466 = AXIS2_PLACEMENT_3D ( 'NONE', #6121, #6056, #4309 ) ;
#4467 = ORIENTED_EDGE ( 'NONE', *, *, #15, .T. ) ;
#4468 = LINE ( 'NONE', #8151, #6325 ) ;
#4469 = DIRECTION ( 'NONE',  ( -0.000000000000000000, -0.000000000000000000, -1.000000000000000000 ) ) ;
#4470 = CIRCLE ( 'NONE', #11794, 1.000000000000000888 ) ;
#4471 = FACE_OUTER_BOUND ( 'NONE', #2045, .T. ) ;
#4472 = DIRECTION ( 'NONE',  ( 0.000000000000000000, 1.000000000000000000, 0.000000000000000000 ) ) ;
#4473 = ORIENTED_EDGE ( 'NONE', *, *, #1508, .T. ) ;
#4474 = LINE ( 'NONE', #1752, #945 ) ;
#4475 = CARTESIAN_POINT ( 'NONE',  ( 23.36898548953931609, -14.67500000000000782, 2.500000000000000000 ) ) ;
#4476 = AXIS2_PLACEMENT_3D ( 'NONE', #2541, #3515, #7258 ) ;
#4477 = CARTESIAN_POINT ( 'NONE',  ( -4.961148561772146692, -15.75907339125758710, 5.000000000000000000 ) ) ;
#4478 = VERTEX_POINT ( 'NONE', #9936 ) ;
#4479 = ORIENTED_EDGE ( 'NONE', *, *, #8881, .T. ) ;
#4480 = VECTOR ( 'NONE', #4581, 1000.000000000000000 ) ;
#4481 = VECTOR ( 'NONE', #9048, 1000.000000000000114 ) ;
#4482 = VERTEX_POINT ( 'NONE', #7039 ) ;
#4483 = CARTESIAN_POINT ( 'NONE',  ( -2.250000000000000444, 4.000000000000000000, -6.499999999999999112 ) ) ;
#4484 = CARTESIAN_POINT ( 'NONE',  ( -4.157904819556923037, -16.13428924865901593, 5.000000000000000000 ) ) ;
#4485 = ADVANCED_FACE ( 'NONE', ( #2497 ), #9086, .F. ) ;
#4486 = LINE ( 'NONE', #11054, #308 ) ;
#4487 = EDGE_LOOP ( 'NONE', ( #4543, #5293, #4506, #437 ) ) ;
#4488 = AXIS2_PLACEMENT_3D ( 'NONE', #8643, #8762, #5019 ) ;
#4489 = CARTESIAN_POINT ( 'NONE',  ( -3.826947786166486232, -15.36911249176501748, 4.000000000000000888 ) ) ;
#4491 = CIRCLE ( 'NONE', #6027, 3.366822574594681150 ) ;
#4490 = DIRECTION ( 'NONE',  ( -1.000000000000000000, 0.000000000000000000, -0.000000000000000000 ) ) ;
#4492 = EDGE_LOOP ( 'NONE', ( #9444, #5727, #8145, #6488 ) ) ;
#4493 = ORIENTED_EDGE ( 'NONE', *, *, #11743, .T. ) ;
#4494 = DIRECTION ( 'NONE',  ( 0.000000000000000000, 0.000000000000000000, -1.000000000000000000 ) ) ;
#4495 = ORIENTED_EDGE ( 'NONE', *, *, #9111, .F. ) ;
#4496 = FACE_BOUND ( 'NONE', #11713, .T. ) ;
#4497 = VERTEX_POINT ( 'NONE', #1945 ) ;
#4498 = VECTOR ( 'NONE', #8855, 1000.000000000000000 ) ;
#4499 = DIRECTION ( 'NONE',  ( -0.000000000000000000, -0.000000000000000000, -1.000000000000000000 ) ) ;
#4500 = AXIS2_PLACEMENT_3D ( 'NONE', #9652, #5971, #8753 ) ;
#4501 = DIRECTION ( 'NONE',  ( -0.000000000000000000, -1.000000000000000000, -0.000000000000000000 ) ) ;
#4502 = CARTESIAN_POINT ( 'NONE',  ( 140.0000000000000853, 22.50000000000000000, -100.0000000000000000 ) ) ;
#4503 = LINE ( 'NONE', #8182, #7640 ) ;
#4504 = DIRECTION ( 'NONE',  ( -0.000000000000000000, -0.000000000000000000, -1.000000000000000000 ) ) ;
#4505 = CARTESIAN_POINT ( 'NONE',  ( -0.4477564102564112192, -16.08502005987303107, 4.000000000000000000 ) ) ;
#4506 = ORIENTED_EDGE ( 'NONE', *, *, #10115, .F. ) ;
#4507 = CARTESIAN_POINT ( 'NONE',  ( 119.0000000000000284, 10.57660624134118521, -87.75000000000000000 ) ) ;
#4508 = CARTESIAN_POINT ( 'NONE',  ( -25.99999999999999645, 0.000000000000000000, 11.49999999999995381 ) ) ;
#4509 = ORIENTED_EDGE ( 'NONE', *, *, #6329, .F. ) ;
#4510 = LINE ( 'NONE', #3603, #1179 ) ;
#4511 = ORIENTED_EDGE ( 'NONE', *, *, #8007, .T. ) ;
#4512 = EDGE_CURVE ( 'NONE', #7106, #11444, #2627, .T. ) ;
#4513 = DIRECTION ( 'NONE',  ( -0.000000000000000000, 1.000000000000000000, -0.000000000000000000 ) ) ;
#4514 = CARTESIAN_POINT ( 'NONE',  ( -43.00000000000000711, 0.000000000000000000, -7.500000000000069278 ) ) ;
#4515 = LINE ( 'NONE', #4397, #11889 ) ;
#4516 = CARTESIAN_POINT ( 'NONE',  ( 119.0000000000000284, 10.57660624134118521, -87.75000000000000000 ) ) ;
#4517 = CARTESIAN_POINT ( 'NONE',  ( 22.50000000000000711, -20.49999999999999289, 5.000000000000000000 ) ) ;
#4518 = CARTESIAN_POINT ( 'NONE',  ( -4.416506410256410220, -16.26437703102686783, 4.000000000000000000 ) ) ;
#4519 = ORIENTED_EDGE ( 'NONE', *, *, #6945, .T. ) ;
#4520 = CARTESIAN_POINT ( 'NONE',  ( 45.50000000000003553, -5.000000000000000000, 96.54999999999992610 ) ) ;
#4521 = VECTOR ( 'NONE', #3255, 1000.000000000000000 ) ;
#4522 = CARTESIAN_POINT ( 'NONE',  ( -1.458819483906499626, -16.63863675248896712, 5.000000000000000888 ) ) ;
#4523 = EDGE_LOOP ( 'NONE', ( #4424, #5649, #6643, #2586 ) ) ;
#4524 = VECTOR ( 'NONE', #4755, 1000.000000000000000 ) ;
#4525 = EDGE_CURVE ( 'NONE', #6245, #9715, #6139, .T. ) ;
#4526 = ORIENTED_EDGE ( 'NONE', *, *, #9910, .T. ) ;
#4527 = CARTESIAN_POINT ( 'NONE',  ( -79.00000000000001421, 0.000000000000000000, -98.00000000000000000 ) ) ;
#4528 = ORIENTED_EDGE ( 'NONE', *, *, #9756, .F. ) ;
#4529 = CIRCLE ( 'NONE', #5104, 3.000000000000002665 ) ;
#4530 = CYLINDRICAL_SURFACE ( 'NONE', #8626, 2.000000000000001776 ) ;
#4531 = DIRECTION ( 'NONE',  ( 0.000000000000000000, 0.000000000000000000, -1.000000000000000000 ) ) ;
#4532 = CARTESIAN_POINT ( 'NONE',  ( 19.00000000000000355, 0.000000000000000000, -27.00000000000005329 ) ) ;
#4533 = EDGE_CURVE ( 'NONE', #3808, #1810, #10204, .T. ) ;
#4534 = CARTESIAN_POINT ( 'NONE',  ( 75.00000000000000000, 29.02648106157064234, -104.3506074618691457 ) ) ;
#4535 = ORIENTED_EDGE ( 'NONE', *, *, #8064, .F. ) ;
#4536 = CIRCLE ( 'NONE', #11270, 2.000000000000001776 ) ;
#4537 = CARTESIAN_POINT ( 'NONE',  ( 1.709615384615383205, -17.71322518807815882, 4.000000000000000000 ) ) ;
#4538 = EDGE_CURVE ( 'NONE', #5179, #1375, #6619, .T. ) ;
#4539 = CARTESIAN_POINT ( 'NONE',  ( 6.065064102564100779, -15.10809698294995584, 4.000000000000000000 ) ) ;
#4540 = CARTESIAN_POINT ( 'NONE',  ( 28.26202902092138913, -17.50000000000000711, 2.500000000000000000 ) ) ;
#4541 = EDGE_LOOP ( 'NONE', ( #1825, #1821, #9527, #4924 ) ) ;
#4542 = ORIENTED_EDGE ( 'NONE', *, *, #691, .T. ) ;
#4543 = ORIENTED_EDGE ( 'NONE', *, *, #8299, .T. ) ;
#4544 = EDGE_CURVE ( 'NONE', #4359, #7261, #5404, .T. ) ;
#4545 = VECTOR ( 'NONE', #11537, 1000.000000000000000 ) ;
#4546 = CARTESIAN_POINT ( 'NONE',  ( 7.000000000000003553, -5.208545504429656248, 10.00000000000000000 ) ) ;
#4547 = DIRECTION ( 'NONE',  ( -1.000000000000000000, 0.000000000000000000, 0.000000000000000000 ) ) ;
#4548 = CARTESIAN_POINT ( 'NONE',  ( 1.138028416491992489, -16.32480747610149052, 5.000000000000000000 ) ) ;
#4549 = VERTEX_POINT ( 'NONE', #3538 ) ;
#4550 = DIRECTION ( 'NONE',  ( 0.4558233523543239185, 0.8900702620852276592, -0.000000000000000000 ) ) ;
#4551 = CARTESIAN_POINT ( 'NONE',  ( -10.00000000000000178, 2.000000000000000000, 7.000000000000002665 ) ) ;
#4552 = VERTEX_POINT ( 'NONE', #7281 ) ;
#4553 = CARTESIAN_POINT ( 'NONE',  ( -8.999999999999994671, 2.000000000000000000, 10.99999999999999467 ) ) ;
#4554 = EDGE_LOOP ( 'NONE', ( #8353, #6641, #10637, #4720 ) ) ;
#4555 = AXIS2_PLACEMENT_3D ( 'NONE', #4516, #98, #4630 ) ;
#4556 = CARTESIAN_POINT ( 'NONE',  ( -29.49999999999999289, -15.25000000000000178, 0.000000000000000000 ) ) ;
#4557 = EDGE_LOOP ( 'NONE', ( #5489, #8342, #9751, #8734 ) ) ;
#4558 = CARTESIAN_POINT ( 'NONE',  ( -29.49999999999999289, -15.25000000000000178, 5.000000000000000000 ) ) ;
#4559 = DIRECTION ( 'NONE',  ( 1.000000000000000000, 0.000000000000000000, -3.154042683594193641E-16 ) ) ;
#4560 = LINE ( 'NONE', #5344, #5109 ) ;
#4561 = CARTESIAN_POINT ( 'NONE',  ( 0.5000000000000004441, 5.000000000000000000, -3.870000000000000107 ) ) ;
#4562 = DIRECTION ( 'NONE',  ( 0.000000000000000000, 0.000000000000000000, 1.000000000000000000 ) ) ;
#4563 = LINE ( 'NONE', #10832, #1156 ) ;
#4564 = VERTEX_POINT ( 'NONE', #11119 ) ;
#4565 = LINE ( 'NONE', #11015, #5400 ) ;
#4566 = VERTEX_POINT ( 'NONE', #2855 ) ;
#4567 = CARTESIAN_POINT ( 'NONE',  ( 1.550000000000005818, 5.000000000000000000, -95.50000000000000000 ) ) ;
#4568 = EDGE_LOOP ( 'NONE', ( #2572, #73, #6597, #108 ) ) ;
#4569 = AXIS2_PLACEMENT_3D ( 'NONE', #11733, #3466, #7148 ) ;
#4570 = CIRCLE ( 'NONE', #11301, 1.000000000000000888 ) ;
#4571 = PLANE ( 'NONE',  #5355 ) ;
#4572 = CARTESIAN_POINT ( 'NONE',  ( 0.3970017988162010680, -14.64052744876494572, 5.000000000000000888 ) ) ;
#4573 = VECTOR ( 'NONE', #11632, 1000.000000000000000 ) ;
#4574 = CARTESIAN_POINT ( 'NONE',  ( -5.016271033653846523, -15.10809698294994519, 5.000000000000000000 ) ) ;
#4575 = CARTESIAN_POINT ( 'NONE',  ( -75.00000000000001421, 10.57660624134121363, -72.24999999999998579 ) ) ;
#4576 = CARTESIAN_POINT ( 'NONE',  ( -4.559910687005316987, -14.57333476434996555, 4.999999999999997335 ) ) ;
#4577 = DIRECTION ( 'NONE',  ( -0.000000000000000000, -0.000000000000000000, 1.000000000000000000 ) ) ;
#4578 = VECTOR ( 'NONE', #2696, 1000.000000000000000 ) ;
#4579 = ORIENTED_EDGE ( 'NONE', *, *, #11243, .F. ) ;
#4580 = CARTESIAN_POINT ( 'NONE',  ( 79.29125846016940216, 23.42295467252659336, -99.97954260152707207 ) ) ;
#4581 = DIRECTION ( 'NONE',  ( 0.05028052826558230409, -0.9987351342960424372, 0.000000000000000000 ) ) ;
#4582 = ORIENTED_EDGE ( 'NONE', *, *, #906, .T. ) ;
#4583 = VECTOR ( 'NONE', #3787, 1000.000000000000000 ) ;
#4584 = ORIENTED_EDGE ( 'NONE', *, *, #7776, .T. ) ;
#4585 = DIRECTION ( 'NONE',  ( -0.000000000000000000, -0.000000000000000000, -1.000000000000000000 ) ) ;
#4586 = DIRECTION ( 'NONE',  ( -0.000000000000000000, 1.000000000000000000, -0.000000000000000000 ) ) ;
#4587 = DIRECTION ( 'NONE',  ( -0.000000000000000000, -1.000000000000000000, -0.000000000000000000 ) ) ;
#4588 = CARTESIAN_POINT ( 'NONE',  ( 119.0000000000000284, 10.57660624134121363, -73.74999999999997158 ) ) ;
#4589 = EDGE_CURVE ( 'NONE', #9387, #10986, #10607, .T. ) ;
#4590 = DIRECTION ( 'NONE',  ( -0.5000000000000004441, -0.8660254037844383745, -0.000000000000000000 ) ) ;
#4591 = VERTEX_POINT ( 'NONE', #2970 ) ;
#4592 = ADVANCED_FACE ( 'NONE', ( #3941 ), #9487, .F. ) ;
#4593 = CARTESIAN_POINT ( 'NONE',  ( -5.210256410256410398, -17.71322518807814816, 5.000000000000000000 ) ) ;
#4594 = DIRECTION ( 'NONE',  ( -1.000000000000000000, -0.000000000000000000, -0.000000000000000000 ) ) ;
#4595 = EDGE_LOOP ( 'NONE', ( #3448, #9109, #8155, #6780 ) ) ;
#4596 = ORIENTED_EDGE ( 'NONE', *, *, #1794, .T. ) ;
#4597 = ORIENTED_EDGE ( 'NONE', *, *, #10374, .T. ) ;
#4598 = ADVANCED_FACE ( 'NONE', ( #354 ), #2911, .F. ) ;
#4599 = CARTESIAN_POINT ( 'NONE',  ( 3.072372804504399202, 9.194809502405480117, 5.000000000000000000 ) ) ;
#4600 = DIRECTION ( 'NONE',  ( 1.000000000000000000, -0.000000000000000000, 0.000000000000000000 ) ) ;
#4601 = DIRECTION ( 'NONE',  ( -0.000000000000000000, -1.000000000000000000, -0.000000000000000000 ) ) ;
#4602 = VERTEX_POINT ( 'NONE', #6706 ) ;
#4603 = CARTESIAN_POINT ( 'NONE',  ( -81.00000000000001421, 37.42339375865881124, -70.75000000000000000 ) ) ;
#4604 = CARTESIAN_POINT ( 'NONE',  ( 24.99999999999999645, -17.50000000000000000, 5.000000000000000000 ) ) ;
#4605 = EDGE_CURVE ( 'NONE', #7985, #4731, #3, .T. ) ;
#4606 = ORIENTED_EDGE ( 'NONE', *, *, #834, .F. ) ;
#4607 = CARTESIAN_POINT ( 'NONE',  ( -64.99999999999995737, 5.000000000000000000, -55.99999999999997868 ) ) ;
#4608 = ORIENTED_EDGE ( 'NONE', *, *, #2756, .F. ) ;
#4609 = CARTESIAN_POINT ( 'NONE',  ( 40.40000000000000568, 0.000000000000000000, -103.0000000000000284 ) ) ;
#4610 = ORIENTED_EDGE ( 'NONE', *, *, #11641, .T. ) ;
#4611 = DIRECTION ( 'NONE',  ( -1.000000000000000000, 0.000000000000000000, 0.000000000000000000 ) ) ;
#4612 = EDGE_CURVE ( 'NONE', #4650, #7322, #11566, .T. ) ;
#4613 = CARTESIAN_POINT ( 'NONE',  ( 13.16682257459468453, 2.791454495570344196, 10.00000000000000000 ) ) ;
#4614 = CARTESIAN_POINT ( 'NONE',  ( -81.00000000000001421, 5.000000000000000000, -62.00000000000002132 ) ) ;
#4615 = CARTESIAN_POINT ( 'NONE',  ( -22.09656497441888234, 18.98690900379348534, 2.500000000000000000 ) ) ;
#4616 = LINE ( 'NONE', #926, #5874 ) ;
#4617 = DIRECTION ( 'NONE',  ( -1.000000000000000000, -0.000000000000000000, -0.000000000000000000 ) ) ;
#4618 = ORIENTED_EDGE ( 'NONE', *, *, #8456, .T. ) ;
#4619 = CARTESIAN_POINT ( 'NONE',  ( -4.011129872859713785, -16.00390001245806459, 4.000000000000000000 ) ) ;
#4620 = ORIENTED_EDGE ( 'NONE', *, *, #10275, .T. ) ;
#4621 = AXIS2_PLACEMENT_3D ( 'NONE', #4604, #2736, #8289 ) ;
#4622 = PLANE ( 'NONE',  #5059 ) ;
#4623 = VERTEX_POINT ( 'NONE', #128 ) ;
#4624 = CARTESIAN_POINT ( 'NONE',  ( -4.410669370802089873, -15.33500174084944945, 3.999999999999999112 ) ) ;
#4625 = CARTESIAN_POINT ( 'NONE',  ( -20.00000000000001421, 0.000000000000000000, 73.99999999999992895 ) ) ;
#4626 = ADVANCED_BREP_SHAPE_REPRESENTATION ( '', ( #985, #3299 ), #3507 ) ;
#4627 = FACE_OUTER_BOUND ( 'NONE', #3687, .T. ) ;
#4628 = EDGE_CURVE ( 'NONE', #1288, #5794, #6763, .T. ) ;
#4629 = VECTOR ( 'NONE', #7222, 1000.000000000000000 ) ;
#4630 = DIRECTION ( 'NONE',  ( 0.000000000000000000, 0.000000000000000000, 1.000000000000000000 ) ) ;
#4631 = DIRECTION ( 'NONE',  ( -0.000000000000000000, -0.000000000000000000, 1.000000000000000000 ) ) ;
#4632 = EDGE_CURVE ( 'NONE', #3834, #11489, #7143, .T. ) ;
#4633 = CARTESIAN_POINT ( 'NONE',  ( 119.0000000000000284, 37.42339375865881834, -87.75000000000002842 ) ) ;
#4634 = EDGE_LOOP ( 'NONE', ( #10166, #4955 ) ) ;
#4635 = CARTESIAN_POINT ( 'NONE',  ( -14.99999999999999822, 5.949455682166679971, 0.000000000000000000 ) ) ;
#4636 = LINE ( 'NONE', #9281, #6598 ) ;
#4637 = VECTOR ( 'NONE', #10711, 1000.000000000000000 ) ;
#4638 = ORIENTED_EDGE ( 'NONE', *, *, #2991, .T. ) ;
#4639 = VERTEX_POINT ( 'NONE', #4728 ) ;
#4640 = DIRECTION ( 'NONE',  ( -1.000000000000000000, 0.000000000000000000, 0.000000000000000000 ) ) ;
#4641 = VECTOR ( 'NONE', #8552, 1000.000000000000000 ) ;
#4642 = CIRCLE ( 'NONE', #9651, 1.750000000000001554 ) ;
#4643 = DIRECTION ( 'NONE',  ( -1.000000000000000000, 0.000000000000000000, 0.000000000000000000 ) ) ;
#4644 = CARTESIAN_POINT ( 'NONE',  ( -81.00000000000001421, 24.00000000000000000, -95.50000000000000000 ) ) ;
#4645 = CYLINDRICAL_SURFACE ( 'NONE', #4284, 1.500000000000001332 ) ;
#4646 = CARTESIAN_POINT ( 'NONE',  ( -20.00000000000001066, -16.20000000000000284, 93.49999999999991473 ) ) ;
#4647 = VERTEX_POINT ( 'NONE', #7728 ) ;
#4648 = DIRECTION ( 'NONE',  ( 1.000000000000000000, 0.000000000000000000, 0.000000000000000000 ) ) ;
#4649 = DIRECTION ( 'NONE',  ( -3.154042683594193641E-16, 0.000000000000000000, -1.000000000000000000 ) ) ;
#4650 = VERTEX_POINT ( 'NONE', #3879 ) ;
#4651 = VECTOR ( 'NONE', #10619, 1000.000000000000000 ) ;
#4652 = CIRCLE ( 'NONE', #3880, 1.499999999999987566 ) ;
#4653 = ORIENTED_EDGE ( 'NONE', *, *, #4525, .T. ) ;
#4654 = ORIENTED_EDGE ( 'NONE', *, *, #6882, .F. ) ;
#4655 = EDGE_CURVE ( 'NONE', #5389, #4210, #9457, .T. ) ;
#4656 = VECTOR ( 'NONE', #7233, 1000.000000000000000 ) ;
#4657 = EDGE_CURVE ( 'NONE', #9995, #4133, #3483, .T. ) ;
#4658 = CARTESIAN_POINT ( 'NONE',  ( 1.550000000000005818, -5.000000000000000000, -95.50000000000000000 ) ) ;
#4659 = DIRECTION ( 'NONE',  ( 0.000000000000000000, -0.000000000000000000, -1.000000000000000000 ) ) ;
#4660 = EDGE_CURVE ( 'NONE', #8002, #3874, #5693, .T. ) ;
#4661 = CYLINDRICAL_SURFACE ( 'NONE', #8618, 19.99999999999999645 ) ;
#4662 = ORIENTED_EDGE ( 'NONE', *, *, #1284, .F. ) ;
#4663 = DIRECTION ( 'NONE',  ( 0.000000000000000000, 0.000000000000000000, 1.000000000000000000 ) ) ;
#4664 = FACE_OUTER_BOUND ( 'NONE', #11642, .T. ) ;
#4665 = EDGE_LOOP ( 'NONE', ( #5510, #3884, #3010, #4162 ) ) ;
#4666 = PLANE ( 'NONE',  #5451 ) ;
#4667 = ORIENTED_EDGE ( 'NONE', *, *, #6006, .F. ) ;
#4668 = EDGE_CURVE ( 'NONE', #7938, #1434, #3024, .T. ) ;
#4669 = AXIS2_PLACEMENT_3D ( 'NONE', #676, #5281, #4374 ) ;
#4670 = VERTEX_POINT ( 'NONE', #7495 ) ;
#4671 = PLANE ( 'NONE',  #7321 ) ;
#4672 = EDGE_CURVE ( 'NONE', #5040, #6346, #9427, .T. ) ;
#4673 = CARTESIAN_POINT ( 'NONE',  ( -3.882170345808931611, -15.78405234469648377, 4.000000000000000000 ) ) ;
#4674 = VECTOR ( 'NONE', #8816, 1000.000000000000114 ) ;
#4675 = VECTOR ( 'NONE', #11331, 1000.000000000000000 ) ;
#4676 = PLANE ( 'NONE',  #2993 ) ;
#4677 = CARTESIAN_POINT ( 'NONE',  ( 75.00000000000001421, 10.57660624134121363, -73.74999999999997158 ) ) ;
#4678 = DIRECTION ( 'NONE',  ( -1.000000000000000000, 0.000000000000000000, 0.000000000000000000 ) ) ;
#4679 = DIRECTION ( 'NONE',  ( -0.000000000000000000, -0.000000000000000000, 1.000000000000000000 ) ) ;
#4680 = ORIENTED_EDGE ( 'NONE', *, *, #8456, .F. ) ;
#4681 = ADVANCED_FACE ( 'NONE', ( #5867 ), #9372, .F. ) ;
#4682 = VERTEX_POINT ( 'NONE', #2117 ) ;
#4683 = DIRECTION ( 'NONE',  ( 0.000000000000000000, -0.000000000000000000, 1.000000000000000000 ) ) ;
#4684 = VERTEX_POINT ( 'NONE', #8464 ) ;
#4685 = CARTESIAN_POINT ( 'NONE',  ( -1.090818994479551218, -14.56205269406144787, 4.999999999999998224 ) ) ;
#4686 = EDGE_CURVE ( 'NONE', #8236, #9223, #974, .T. ) ;
#4687 = VERTEX_POINT ( 'NONE', #3085 ) ;
#4688 = AXIS2_PLACEMENT_3D ( 'NONE', #3383, #6166, #6829 ) ;
#4689 = VECTOR ( 'NONE', #3142, 1000.000000000000000 ) ;
#4690 = CARTESIAN_POINT ( 'NONE',  ( 8.000000000000001776, -6.208545504429656248, 6.000000000000000888 ) ) ;
#4691 = AXIS2_PLACEMENT_3D ( 'NONE', #9638, #1364, #7827 ) ;
#4692 = LINE ( 'NONE', #11256, #2789 ) ;
#4693 = ADVANCED_FACE ( 'NONE', ( #10448 ), #2187, .F. ) ;
#4694 = CARTESIAN_POINT ( 'NONE',  ( 22.72792206135787296, -13.50000000000000355, 9.000000000000001776 ) ) ;
#4695 = DIRECTION ( 'NONE',  ( 1.000000000000000000, 0.000000000000000000, 0.000000000000000000 ) ) ;
#4696 = VECTOR ( 'NONE', #1629, 1000.000000000000000 ) ;
#4697 = AXIS2_PLACEMENT_3D ( 'NONE', #6153, #6277, #6396 ) ;
#4698 = DIRECTION ( 'NONE',  ( -0.000000000000000000, 1.000000000000000000, -0.000000000000000000 ) ) ;
#4699 = DIRECTION ( 'NONE',  ( -0.000000000000000000, 0.000000000000000000, 1.000000000000000000 ) ) ;
#4700 = CARTESIAN_POINT ( 'NONE',  ( 1.139171525026625886, -16.25528439861938423, 5.000000000000000000 ) ) ;
#4701 = EDGE_CURVE ( 'NONE', #10679, #9951, #8642, .T. ) ;
#4702 = VERTEX_POINT ( 'NONE', #10512 ) ;
#4703 = LINE ( 'NONE', #2092, #3147 ) ;
#4704 = DIRECTION ( 'NONE',  ( 1.000000000000000000, -2.127171113256157107E-15, 0.000000000000000000 ) ) ;
#4705 = ADVANCED_FACE ( 'NONE', ( #3319 ), #6888, .F. ) ;
#4706 = ORIENTED_EDGE ( 'NONE', *, *, #679, .T. ) ;
#4707 = VECTOR ( 'NONE', #4815, 1000.000000000000000 ) ;
#4708 = ORIENTED_EDGE ( 'NONE', *, *, #8727, .T. ) ;
#4709 = ADVANCED_FACE ( 'NONE', ( #6046 ), #1384, .F. ) ;
#4710 = CARTESIAN_POINT ( 'NONE',  ( -45.60000000000000142, 5.000000000000000000, -7.500000000000062172 ) ) ;
#4711 = DIRECTION ( 'NONE',  ( -0.000000000000000000, -1.000000000000000000, -0.000000000000000000 ) ) ;
#4712 = PLANE ( 'NONE',  #6787 ) ;
#4713 = FACE_OUTER_BOUND ( 'NONE', #11703, .T. ) ;
#4714 = DIRECTION ( 'NONE',  ( -0.4511465413988245965, 0.8924498855307666512, 0.000000000000000000 ) ) ;
#4715 = EDGE_LOOP ( 'NONE', ( #3999, #10616, #11505, #9009 ) ) ;
#4716 = FACE_OUTER_BOUND ( 'NONE', #8581, .T. ) ;
#4717 = FACE_OUTER_BOUND ( 'NONE', #3574, .T. ) ;
#4718 = VERTEX_POINT ( 'NONE', #11711 ) ;
#4719 = ORIENTED_EDGE ( 'NONE', *, *, #1649, .F. ) ;
#4720 = ORIENTED_EDGE ( 'NONE', *, *, #36, .F. ) ;
#4721 = VECTOR ( 'NONE', #2224, 1000.000000000000000 ) ;
#4722 = CARTESIAN_POINT ( 'NONE',  ( -75.00000000000001421, 24.00000000000000000, -94.00000000000000000 ) ) ;
#4723 = CIRCLE ( 'NONE', #6836, 3.000000000000002665 ) ;
#4724 = DIRECTION ( 'NONE',  ( 0.000000000000000000, 0.000000000000000000, 1.000000000000000000 ) ) ;
#4725 = LINE ( 'NONE', #3820, #11838 ) ;
#4726 = EDGE_LOOP ( 'NONE', ( #1000, #531 ) ) ;
#4727 = CYLINDRICAL_SURFACE ( 'NONE', #1133, 1.899999999999999689 ) ;
#4728 = CARTESIAN_POINT ( 'NONE',  ( 3.750000000000000888, 2.000000000000000000, -0.4999999999999987232 ) ) ;
#4729 = SURFACE_STYLE_FILL_AREA ( #3086 ) ;
#4730 = VERTEX_POINT ( 'NONE', #5138 ) ;
#4731 = VERTEX_POINT ( 'NONE', #8869 ) ;
#4732 = AXIS2_PLACEMENT_3D ( 'NONE', #9338, #11370, #6791 ) ;
#4733 = EDGE_CURVE ( 'NONE', #1014, #4682, #5979, .T. ) ;
#4734 = DIRECTION ( 'NONE',  ( 1.000000000000000000, 0.000000000000000000, 0.000000000000000000 ) ) ;
#4735 = CARTESIAN_POINT ( 'NONE',  ( -5.999999999999997335, -8.208545504429656248, 10.00000000000000000 ) ) ;
#4736 = B_SPLINE_CURVE_WITH_KNOTS ( 'NONE', 3,
 ( #4164, #9821, #10730, #7835, #8853, #3135, #6152, #5909, #10668, #10604, #1371, #6813, #7954, #5005, #2338, #3247, #10550, #5248, #2280, #8799, #8918, #5965, #9710, #10495, #403, #8747, #11639 ),
 .UNSPECIFIED., .F., .F.,
 ( 4, 1, 1, 1, 1, 1, 1, 1, 1, 1, 1, 1, 1, 1, 1, 1, 1, 1, 1, 1, 1, 1, 1, 1, 4 ),
 ( 0.000000000000000000, 0.07288902662003830801, 0.1401861299444947251, 0.2022774341249594099, 0.2588951317514626704, 0.3104829424654785841, 0.3570952441313352543, 0.3985135666534657672, 0.4350375108701164395, 0.4692514858292881064, 0.5028050278902749248, 0.5362104463185621839, 0.5693793599392057425, 0.6028014750483932094, 0.6366657983367768336, 0.6709286568940430184, 0.7058030002293130822, 0.7411890612458772454, 0.7763043110764616950, 0.8120043009129355172, 0.8479689758088961860, 0.8845217611964798499, 0.9219741585442051690, 0.9601981758096084230, 0.9999999999999998890 ),
 .UNSPECIFIED. ) ;
#4737 = DIRECTION ( 'NONE',  ( 1.000000000000000000, 0.000000000000000000, 0.000000000000000000 ) ) ;
#4738 = CARTESIAN_POINT ( 'NONE',  ( 81.00000000000001421, 10.57660624134121363, -72.24999999999998579 ) ) ;
#4739 = ADVANCED_FACE ( 'NONE', ( #5018 ), #7851, .T. ) ;
#4740 = VECTOR ( 'NONE', #4307, 1000.000000000000000 ) ;
#4741 = DIRECTION ( 'NONE',  ( 0.000000000000000000, 1.000000000000000000, -0.000000000000000000 ) ) ;
#4742 = DIRECTION ( 'NONE',  ( -1.000000000000000000, 0.000000000000000000, 0.000000000000000000 ) ) ;
#4743 = ORIENTED_EDGE ( 'NONE', *, *, #7240, .F. ) ;
#4744 = EDGE_CURVE ( 'NONE', #11923, #7405, #3691, .T. ) ;
#4745 = EDGE_LOOP ( 'NONE', ( #1006, #11477 ) ) ;
#4746 = DIRECTION ( 'NONE',  ( 0.000000000000000000, 0.000000000000000000, 1.000000000000000000 ) ) ;
#4747 = EDGE_LOOP ( 'NONE', ( #2775, #7781, #388, #9414 ) ) ;
#4748 = ADVANCED_FACE ( 'NONE', ( #3208 ), #7122, .F. ) ;
#4749 = CARTESIAN_POINT ( 'NONE',  ( -1.678904918935926638, -14.94422751762273371, 4.000000000000000000 ) ) ;
#4750 = ORIENTED_EDGE ( 'NONE', *, *, #1595, .F. ) ;
#4751 = CARTESIAN_POINT ( 'NONE',  ( -75.00000000000001421, 7.000000000000026645, -102.0499999999999972 ) ) ;
#4752 = EDGE_CURVE ( 'NONE', #5051, #10917, #10682, .T. ) ;
#4753 = EDGE_CURVE ( 'NONE', #7299, #8096, #8696, .T. ) ;
#4754 = CARTESIAN_POINT ( 'NONE',  ( -73.00000000000001421, 0.000000000000000000, 93.49999999999991473 ) ) ;
#4755 = DIRECTION ( 'NONE',  ( -0.000000000000000000, 1.000000000000000000, -0.000000000000000000 ) ) ;
#4756 = CARTESIAN_POINT ( 'NONE',  ( -80.65940925575259257, 28.36589116862713666, -99.12420148796077513 ) ) ;
#4757 = DIRECTION ( 'NONE',  ( 0.000000000000000000, 0.000000000000000000, 1.000000000000000000 ) ) ;
#4758 = DIRECTION ( 'NONE',  ( -1.000000000000000000, -0.000000000000000000, -0.000000000000000000 ) ) ;
#4759 = AXIS2_PLACEMENT_3D ( 'NONE', #9609, #4125, #10625 ) ;
#4760 = ORIENTED_EDGE ( 'NONE', *, *, #1885, .T. ) ;
#4761 = DIRECTION ( 'NONE',  ( 0.000000000000000000, 0.000000000000000000, 1.000000000000000000 ) ) ;
#4762 = EDGE_CURVE ( 'NONE', #1692, #3458, #11586, .T. ) ;
#4763 = LINE ( 'NONE', #5542, #11793 ) ;
#4764 = ORIENTED_EDGE ( 'NONE', *, *, #6065, .F. ) ;
#4765 = ORIENTED_EDGE ( 'NONE', *, *, #11952, .F. ) ;
#4766 = AXIS2_PLACEMENT_3D ( 'NONE', #8709, #1512, #1455 ) ;
#4767 = LINE ( 'NONE', #280, #8866 ) ;
#4768 = EDGE_CURVE ( 'NONE', #7194, #6470, #9779, .T. ) ;
#4769 = DIRECTION ( 'NONE',  ( 0.000000000000000000, 0.000000000000000000, 1.000000000000000000 ) ) ;
#4770 = DIRECTION ( 'NONE',  ( 0.000000000000000000, 0.000000000000000000, 1.000000000000000000 ) ) ;
#4771 = CARTESIAN_POINT ( 'NONE',  ( -1.568922083063973627, -15.89239129758119873, 5.000000000000000000 ) ) ;
#4772 = EDGE_LOOP ( 'NONE', ( #1998, #11542, #1884, #7457 ) ) ;
#4773 = LINE ( 'NONE', #2103, #8921 ) ;
#4774 = CARTESIAN_POINT ( 'NONE',  ( 3.948397435897434526, -17.71322518807815882, 4.000000000000000000 ) ) ;
#4775 = ORIENTED_EDGE ( 'NONE', *, *, #8429, .T. ) ;
#4776 = ORIENTED_EDGE ( 'NONE', *, *, #6214, .T. ) ;
#4777 = AXIS2_PLACEMENT_3D ( 'NONE', #11630, #10903, #4334 ) ;
#4778 = ORIENTED_EDGE ( 'NONE', *, *, #11312, .T. ) ;
#4779 = DIRECTION ( 'NONE',  ( -0.000000000000000000, -1.000000000000000000, -0.000000000000000000 ) ) ;
#4780 = EDGE_CURVE ( 'NONE', #10735, #6049, #2352, .T. ) ;
#4781 = CARTESIAN_POINT ( 'NONE',  ( 19.00000000000000355, 5.000000000000004441, -27.00000000000005329 ) ) ;
#4782 = CARTESIAN_POINT ( 'NONE',  ( 0.8695249611224391550, -17.11073436257361635, 5.000000000000000000 ) ) ;
#4783 = VERTEX_POINT ( 'NONE', #4178 ) ;
#4784 =( NAMED_UNIT ( * ) PLANE_ANGLE_UNIT ( ) SI_UNIT ( $, .RADIAN. ) );
#4785 = FACE_OUTER_BOUND ( 'NONE', #3918, .T. ) ;
#4786 = DIRECTION ( 'NONE',  ( 0.000000000000000000, -0.7071067811865426878, -0.7071067811865524577 ) ) ;
#4787 = ORIENTED_EDGE ( 'NONE', *, *, #2979, .T. ) ;
#4788 = ORIENTED_EDGE ( 'NONE', *, *, #7878, .F. ) ;
#4789 = B_SPLINE_CURVE_WITH_KNOTS ( 'NONE', 3,
 ( #5213, #3223, #2258, #1517, #6904, #11668, #7080, #2308, #10580, #4195, #10759 ),
 .UNSPECIFIED., .F., .F.,
 ( 4, 1, 1, 1, 1, 1, 1, 1, 4 ),
 ( 0.000000000000000000, 0.1117990193876810812, 0.2273961124226544228, 0.3456566425208962845, 0.4673998441801986981, 0.5942080136976000126, 0.7246775297613277100, 0.8596471198548495396, 0.9999999999999998890 ),
 .UNSPECIFIED. ) ;
#4790 = CARTESIAN_POINT ( 'NONE',  ( -0.2749293940584462415, -17.21656230410016519, 4.000000000000000000 ) ) ;
#4791 = CARTESIAN_POINT ( 'NONE',  ( -2.157371794871795867, -16.10982474737303249, 4.000000000000000000 ) ) ;
#4792 = CARTESIAN_POINT ( 'NONE',  ( -0.5094951284314038764, -15.02768348299414924, 4.000000000000000000 ) ) ;
#4793 = FACE_BOUND ( 'NONE', #8857, .T. ) ;
#4794 = DIRECTION ( 'NONE',  ( 0.000000000000000000, 0.000000000000000000, 1.000000000000000000 ) ) ;
#4795 = CARTESIAN_POINT ( 'NONE',  ( -75.00000000000001421, 17.00000000000000000, -73.50000000000000000 ) ) ;
#4796 = ORIENTED_EDGE ( 'NONE', *, *, #3622, .F. ) ;
#4797 = ORIENTED_EDGE ( 'NONE', *, *, #2251, .F. ) ;
#4798 = ADVANCED_FACE ( 'NONE', ( #4120 ), #4230, .F. ) ;
#4799 = CARTESIAN_POINT ( 'NONE',  ( -20.00000000000001421, -16.20000000000000284, 73.99999999999992895 ) ) ;
#4800 = EDGE_LOOP ( 'NONE', ( #11149, #8558, #9871, #10373 ) ) ;
#4801 = CARTESIAN_POINT ( 'NONE',  ( -1.545691788893651220, -14.82263217056909177, 4.999999999999998224 ) ) ;
#4802 = ORIENTED_EDGE ( 'NONE', *, *, #2163, .T. ) ;
#4803 = FACE_OUTER_BOUND ( 'NONE', #6918, .T. ) ;
#4804 = EDGE_CURVE ( 'NONE', #10007, #9552, #10745, .T. ) ;
#4805 = CARTESIAN_POINT ( 'NONE',  ( -12.00000000000000000, 2.000000000000000000, 5.999999999999995559 ) ) ;
#4806 = DIRECTION ( 'NONE',  ( -0.5085404518589193845, -0.8610380995189039766, -0.000000000000000000 ) ) ;
#4807 = ADVANCED_FACE ( 'NONE', ( #597 ), #9838, .F. ) ;
#4808 = VECTOR ( 'NONE', #7251, 1000.000000000000000 ) ;
#4809 = CARTESIAN_POINT ( 'NONE',  ( -27.90343502558110345, 16.01309099620652532, 0.000000000000000000 ) ) ;
#4810 = DIRECTION ( 'NONE',  ( 1.000000000000000000, 0.000000000000000000, 0.000000000000000000 ) ) ;
#4811 = EDGE_CURVE ( 'NONE', #6799, #3764, #1165, .T. ) ;
#4812 = CARTESIAN_POINT ( 'NONE',  ( 1.056970118288208749, -16.73078866166472523, 5.000000000000001776 ) ) ;
#4813 = CARTESIAN_POINT ( 'NONE',  ( 79.00000000000000000, 5.000000000000000000, -60.00000000000000711 ) ) ;
#4814 = ORIENTED_EDGE ( 'NONE', *, *, #384, .T. ) ;
#4815 = DIRECTION ( 'NONE',  ( 1.000000000000000000, 0.000000000000000000, 0.000000000000000000 ) ) ;
#4816 = DIRECTION ( 'NONE',  ( -1.387778780781444571E-14, 0.000000000000000000, -1.000000000000000000 ) ) ;
#4817 = ADVANCED_FACE ( 'NONE', ( #7793 ), #10564, .F. ) ;
#4818 = EDGE_LOOP ( 'NONE', ( #8120, #1374, #10318, #2416 ) ) ;
#4819 = VECTOR ( 'NONE', #11202, 1000.000000000000000 ) ;
#4820 = EDGE_LOOP ( 'NONE', ( #3694, #8508, #3047, #10848 ) ) ;
#4821 = LINE ( 'NONE', #8559, #5218 ) ;
#4822 = ADVANCED_FACE ( 'NONE', ( #9182 ), #1819, .F. ) ;
#4823 = CARTESIAN_POINT ( 'NONE',  ( -24.99999999999999645, 17.50000000000000000, 5.000000000000000000 ) ) ;
#4824 = CARTESIAN_POINT ( 'NONE',  ( 2.279487179487178050, -17.71322518807815882, 5.000000000000000000 ) ) ;
#4825 = CARTESIAN_POINT ( 'NONE',  ( 6.065064102564100779, -14.53822518807815989, 4.000000000000000000 ) ) ;
#4826 = ORIENTED_EDGE ( 'NONE', *, *, #2030, .T. ) ;
#4827 = AXIS2_PLACEMENT_3D ( 'NONE', #3103, #3896, #1105 ) ;
#4829 = EDGE_CURVE ( 'NONE', #6295, #9606, #7252, .T. ) ;
#4828 = DIRECTION ( 'NONE',  ( -1.000000000000000000, -0.000000000000000000, -0.000000000000000000 ) ) ;
#4830 = AXIS2_PLACEMENT_3D ( 'NONE', #5603, #11384, #4036 ) ;
#4831 = CARTESIAN_POINT ( 'NONE',  ( 20.00000000000007105, -16.20000000000000284, 76.99999999999992895 ) ) ;
#4832 = VERTEX_POINT ( 'NONE', #7188 ) ;
#4833 = ADVANCED_FACE ( 'NONE', ( #3570 ), #9233, .F. ) ;
#4834 = ORIENTED_EDGE ( 'NONE', *, *, #8594, .F. ) ;
#4835 = AXIS2_PLACEMENT_3D ( 'NONE', #10538, #2269, #4150 ) ;
#4836 = ORIENTED_EDGE ( 'NONE', *, *, #7113, .F. ) ;
#4837 = CIRCLE ( 'NONE', #5215, 1.549999999999995826 ) ;
#4838 = DIRECTION ( 'NONE',  ( -1.000000000000000000, 0.000000000000000000, 0.000000000000000000 ) ) ;
#4839 = CARTESIAN_POINT ( 'NONE',  ( 53.50000000000003553, 0.000000000000000000, 102.9999999999999289 ) ) ;
#4840 = CARTESIAN_POINT ( 'NONE',  ( -0.4008797502170329818, -17.79406859651345485, 5.000000000000000000 ) ) ;
#4841 = VERTEX_POINT ( 'NONE', #3750 ) ;
#4842 = VECTOR ( 'NONE', #6165, 1000.000000000000000 ) ;
#4843 = DIRECTION ( 'NONE',  ( 1.000000000000000000, 0.000000000000000000, 0.000000000000000000 ) ) ;
#4844 = CARTESIAN_POINT ( 'NONE',  ( 21.50000000000000355, -20.49999999999999289, 9.000000000000001776 ) ) ;
#4845 = DIRECTION ( 'NONE',  ( 0.8660254037844383745, -0.5000000000000004441, 0.000000000000000000 ) ) ;
#4846 = AXIS2_PLACEMENT_3D ( 'NONE', #7438, #6704, #10382 ) ;
#4847 = DIRECTION ( 'NONE',  ( -0.000000000000000000, -0.000000000000000000, -1.000000000000000000 ) ) ;
#4848 = EDGE_LOOP ( 'NONE', ( #2055, #8831, #1742, #3447, #1230, #6638, #4051, #119, #791, #2949, #2967, #7309, #7637, #4425, #3826 ) ) ;
#4849 = EDGE_CURVE ( 'NONE', #410, #7929, #10078, .T. ) ;
#4850 = ORIENTED_EDGE ( 'NONE', *, *, #8299, .F. ) ;
#4851 = VECTOR ( 'NONE', #39, 1000.000000000000000 ) ;
#4852 = FACE_OUTER_BOUND ( 'NONE', #10319, .T. ) ;
#4853 = EDGE_CURVE ( 'NONE', #3943, #2535, #9465, .T. ) ;
#4854 = CARTESIAN_POINT ( 'NONE',  ( -12.05713943461311111, 2.791454495570343752, 10.00000000000000000 ) ) ;
#4855 = DIRECTION ( 'NONE',  ( -1.000000000000000000, 0.000000000000000000, 0.000000000000000000 ) ) ;
#4856 = FACE_BOUND ( 'NONE', #11620, .T. ) ;
#4857 = LINE ( 'NONE', #2132, #3887 ) ;
#4859 = VECTOR ( 'NONE', #7140, 1000.000000000000000 ) ;
#4858 = DIRECTION ( 'NONE',  ( 1.000000000000000000, -0.000000000000000000, 0.000000000000000000 ) ) ;
#4860 = ORIENTED_EDGE ( 'NONE', *, *, #8962, .T. ) ;
#4861 = VERTEX_POINT ( 'NONE', #10926 ) ;
#4862 = LINE ( 'NONE', #10344, #5780 ) ;
#4863 = VERTEX_POINT ( 'NONE', #5376 ) ;
#4864 = LINE ( 'NONE', #8540, #2538 ) ;
#4865 = EDGE_CURVE ( 'NONE', #2615, #11188, #2785, .T. ) ;
#4866 = VECTOR ( 'NONE', #6773, 999.9999999999998863 ) ;
#4867 = VERTEX_POINT ( 'NONE', #4414 ) ;
#4868 = VECTOR ( 'NONE', #392, 1000.000000000000000 ) ;
#4869 = AXIS2_PLACEMENT_3D ( 'NONE', #6041, #589, #4173 ) ;
#4870 = DIRECTION ( 'NONE',  ( 0.000000000000000000, 0.000000000000000000, 1.000000000000000000 ) ) ;
#4871 = SURFACE_SIDE_STYLE ('',( #1972 ) ) ;
#4872 = DIRECTION ( 'NONE',  ( -0.000000000000000000, -0.000000000000000000, -1.000000000000000000 ) ) ;
#4873 = CARTESIAN_POINT ( 'NONE',  ( -22.49999999999998934, -14.49566939831962564, 9.000000000000001776 ) ) ;
#4874 = CARTESIAN_POINT ( 'NONE',  ( -4.085078278190096945, -14.79228298569620925, 4.999999999999996447 ) ) ;
#4875 = VERTEX_POINT ( 'NONE', #10018 ) ;
#4876 = CARTESIAN_POINT ( 'NONE',  ( -5.780128205128205465, -17.71322518807814816, 4.000000000000000000 ) ) ;
#4877 = CARTESIAN_POINT ( 'NONE',  ( 0.2733273964590465788, -15.26745236530108585, 5.000000000000000000 ) ) ;
#4878 = ORIENTED_EDGE ( 'NONE', *, *, #10951, .T. ) ;
#4879 = AXIS2_PLACEMENT_3D ( 'NONE', #9488, #2913, #4003 ) ;
#4881 = EDGE_CURVE ( 'NONE', #1435, #9174, #6196, .T. ) ;
#4880 = LINE ( 'NONE', #6735, #4707 ) ;
#4882 = FACE_BOUND ( 'NONE', #4084, .T. ) ;
#4883 = ORIENTED_EDGE ( 'NONE', *, *, #6892, .F. ) ;
#4884 = ORIENTED_EDGE ( 'NONE', *, *, #11255, .T. ) ;
#4885 = DIRECTION ( 'NONE',  ( 0.000000000000000000, 0.000000000000000000, 1.000000000000000000 ) ) ;
#4886 = AXIS2_PLACEMENT_3D ( 'NONE', #4216, #3368, #11571 ) ;
#4887 = VECTOR ( 'NONE', #3195, 1000.000000000000000 ) ;
#4888 = DIRECTION ( 'NONE',  ( 1.000000000000000000, 0.000000000000000000, -3.154042683594193641E-16 ) ) ;
#4889 = FACE_OUTER_BOUND ( 'NONE', #6219, .T. ) ;
#4890 = AXIS2_PLACEMENT_3D ( 'NONE', #2418, #5204, #2713 ) ;
#4891 = CARTESIAN_POINT ( 'NONE',  ( 24.00000000000001421, -89.44271909999159220, 8.499999999999948486 ) ) ;
#4892 = ORIENTED_EDGE ( 'NONE', *, *, #2237, .T. ) ;
#4894 = EDGE_CURVE ( 'NONE', #11894, #2613, #9892, .T. ) ;
#4893 = CARTESIAN_POINT ( 'NONE',  ( 2.279487179487178050, -15.75937903423200659, 5.000000000000000000 ) ) ;
#4895 = LINE ( 'NONE', #2230, #4498 ) ;
#4896 = EDGE_LOOP ( 'NONE', ( #2815, #2115, #10331, #5863 ) ) ;
#4897 = AXIS2_PLACEMENT_3D ( 'NONE', #11506, #5959, #332 ) ;
#4898 = EDGE_CURVE ( 'NONE', #6688, #10188, #6228, .T. ) ;
#4899 = ORIENTED_EDGE ( 'NONE', *, *, #3422, .F. ) ;
#4900 = VERTEX_POINT ( 'NONE', #841 ) ;
#4901 = LINE ( 'NONE', #7603, #5653 ) ;
#4902 = ADVANCED_FACE ( 'NONE', ( #3688 ), #3630, .F. ) ;
#4903 = CARTESIAN_POINT ( 'NONE',  ( 79.57770272134631284, 24.34213813685068573, -60.08160259997136876 ) ) ;
#4904 = CARTESIAN_POINT ( 'NONE',  ( 0.3663248407502748827, -17.59733814628219051, 3.999999999999999112 ) ) ;
#4905 = EDGE_LOOP ( 'NONE', ( #8029, #2231, #10929, #10910 ) ) ;
#4906 = CARTESIAN_POINT ( 'NONE',  ( 81.00000000000001421, 37.42339375865881834, -89.25000000000002842 ) ) ;
#4907 = DIRECTION ( 'NONE',  ( -0.000000000000000000, -0.000000000000000000, -1.000000000000000000 ) ) ;
#4908 = CARTESIAN_POINT ( 'NONE',  ( 119.0000000000000284, 37.42339375865881834, -87.75000000000002842 ) ) ;
#4909 = DIRECTION ( 'NONE',  ( 0.000000000000000000, 0.000000000000000000, -1.000000000000000000 ) ) ;
#4910 = ORIENTED_EDGE ( 'NONE', *, *, #2603, .F. ) ;
#4911 = VECTOR ( 'NONE', #9943, 1000.000000000000000 ) ;
#4912 = ADVANCED_FACE ( 'NONE', ( #955 ), #1753, .T. ) ;
#4913 = ORIENTED_EDGE ( 'NONE', *, *, #9809, .F. ) ;
#4914 = AXIS2_PLACEMENT_3D ( 'NONE', #224, #9292, #3925 ) ;
#4915 = DIRECTION ( 'NONE',  ( -0.000000000000000000, -1.000000000000000000, -0.000000000000000000 ) ) ;
#4916 = VECTOR ( 'NONE', #1974, 1000.000000000000000 ) ;
#4917 = CARTESIAN_POINT ( 'NONE',  ( -0.4675222294235520937, -17.22381282794947310, 5.000000000000000000 ) ) ;
#4918 = LINE ( 'NONE', #7736, #4085 ) ;
#4919 = CARTESIAN_POINT ( 'NONE',  ( -0.5857649643722975252, -15.02964070166748733, 3.999999999999999112 ) ) ;
#4920 = VECTOR ( 'NONE', #2942, 1000.000000000000114 ) ;
#4921 = DIRECTION ( 'NONE',  ( -0.000000000000000000, -0.000000000000000000, 1.000000000000000000 ) ) ;
#4922 = CARTESIAN_POINT ( 'NONE',  ( -4.834456291209126455, -15.75577356204661506, 4.000000000000000000 ) ) ;
#4923 = DIRECTION ( 'NONE',  ( 0.000000000000000000, 1.000000000000000000, 0.000000000000000000 ) ) ;
#4924 = ORIENTED_EDGE ( 'NONE', *, *, #11298, .T. ) ;
#4925 = ADVANCED_FACE ( 'NONE', ( #9054, #2598 ), #6290, .T. ) ;
#4926 = ORIENTED_EDGE ( 'NONE', *, *, #707, .T. ) ;
#4927 = DIRECTION ( 'NONE',  ( 0.000000000000000000, 0.000000000000000000, 1.000000000000000000 ) ) ;
#4928 = ORIENTED_EDGE ( 'NONE', *, *, #10578, .F. ) ;
#4929 = AXIS2_PLACEMENT_3D ( 'NONE', #11915, #3653, #8963 ) ;
#4930 = CARTESIAN_POINT ( 'NONE',  ( -4.396800232592905644, -15.41563927966092074, 4.999999999999998224 ) ) ;
#4931 = ORIENTED_EDGE ( 'NONE', *, *, #8343, .F. ) ;
#4932 = PLANE ( 'NONE',  #894 ) ;
#4933 = CYLINDRICAL_SURFACE ( 'NONE', #4064, 1.549999999999995826 ) ;
#4934 = AXIS2_PLACEMENT_3D ( 'NONE', #10726, #4962, #11635 ) ;
#4935 = DIRECTION ( 'NONE',  ( -0.000000000000000000, 1.000000000000000000, -0.000000000000000000 ) ) ;
#4936 = LINE ( 'NONE', #11139, #4916 ) ;
#4937 = CARTESIAN_POINT ( 'NONE',  ( -3.904711946923277388, -15.04694803077888210, 4.999999999999997335 ) ) ;
#4938 = ORIENTED_EDGE ( 'NONE', *, *, #11536, .F. ) ;
#4939 = CYLINDRICAL_SURFACE ( 'NONE', #6950, 1.549999999999995826 ) ;
#4940 = CARTESIAN_POINT ( 'NONE',  ( -25.99999999999999645, 0.000000000000000000, 8.499999999999952038 ) ) ;
#4941 = ORIENTED_EDGE ( 'NONE', *, *, #9481, .T. ) ;
#4942 = CARTESIAN_POINT ( 'NONE',  ( -25.99999999999999645, -89.44271909999159220, 9.999999999999953815 ) ) ;
#4943 = FACE_BOUND ( 'NONE', #5214, .T. ) ;
#4944 = ORIENTED_EDGE ( 'NONE', *, *, #9453, .F. ) ;
#4945 = LINE ( 'NONE', #336, #4111 ) ;
#4946 = CARTESIAN_POINT ( 'NONE',  ( -1.221573760966716993, -17.63094184391998454, 5.000000000000000888 ) ) ;
#4947 = VECTOR ( 'NONE', #1574, 1000.000000000000000 ) ;
#4948 = CARTESIAN_POINT ( 'NONE',  ( -5.542860565386886762, 2.791454495570344196, 10.00000000000000000 ) ) ;
#4949 = LINE ( 'NONE', #400, #7987 ) ;
#4950 = VERTEX_POINT ( 'NONE', #8337 ) ;
#4951 = CARTESIAN_POINT ( 'NONE',  ( -81.00000000000001421, 37.42339375865881834, -89.25000000000002842 ) ) ;
#4952 = FACE_OUTER_BOUND ( 'NONE', #11862, .T. ) ;
#4953 = VERTEX_POINT ( 'NONE', #1690 ) ;
#4954 = EDGE_CURVE ( 'NONE', #8644, #3309, #774, .T. ) ;
#4955 = ORIENTED_EDGE ( 'NONE', *, *, #1489, .T. ) ;
#4956 = VECTOR ( 'NONE', #5328, 1000.000000000000000 ) ;
#4957 = ORIENTED_EDGE ( 'NONE', *, *, #9158, .F. ) ;
#4958 = EDGE_CURVE ( 'NONE', #6565, #2105, #5319, .T. ) ;
#4959 = AXIS2_PLACEMENT_3D ( 'NONE', #3170, #10470, #7813 ) ;
#4960 = CARTESIAN_POINT ( 'NONE',  ( -22.09656497441888234, 18.98690900379348534, 0.000000000000000000 ) ) ;
#4961 = CARTESIAN_POINT ( 'NONE',  ( -19.99999999999999645, -5.772077938642127037, 5.000000000000000000 ) ) ;
#4962 = DIRECTION ( 'NONE',  ( -0.000000000000000000, -1.000000000000000000, -0.000000000000000000 ) ) ;
#4963 = CARTESIAN_POINT ( 'NONE',  ( -0.4388521634615394351, -17.79463544448841716, 4.000000000000000000 ) ) ;
#4964 = ORIENTED_EDGE ( 'NONE', *, *, #2093, .T. ) ;
#4965 = CARTESIAN_POINT ( 'NONE',  ( 9.000000000000005329, 2.000000000000000000, 8.000000000000007105 ) ) ;
#4966 = DIRECTION ( 'NONE',  ( 1.020425574104004985E-16, 0.000000000000000000, 1.000000000000000000 ) ) ;
#4967 = VECTOR ( 'NONE', #2573, 1000.000000000000000 ) ;
#4968 = DIRECTION ( 'NONE',  ( -1.000000000000000000, 0.000000000000000000, 0.000000000000000000 ) ) ;
#4969 = ORIENTED_EDGE ( 'NONE', *, *, #3325, .F. ) ;
#4970 = ORIENTED_EDGE ( 'NONE', *, *, #1708, .T. ) ;
#4971 = EDGE_CURVE ( 'NONE', #8948, #11687, #6747, .T. ) ;
#4972 = CARTESIAN_POINT ( 'NONE',  ( -25.16401654238957875, 14.24209700771249132, 2.500000000000000000 ) ) ;
#4973 = CARTESIAN_POINT ( 'NONE',  ( -53.49999999999996447, 5.000000000000000000, 102.9999999999999289 ) ) ;
#4974 = CYLINDRICAL_SURFACE ( 'NONE', #7549, 1.500000000000001332 ) ;
#4975 = EDGE_CURVE ( 'NONE', #6128, #9184, #9535, .T. ) ;
#4976 = CARTESIAN_POINT ( 'NONE',  ( -1.509266152412051198, -15.69080805597692496, 5.000000000000000000 ) ) ;
#4977 = CARTESIAN_POINT ( 'NONE',  ( 0.3199168669871786386, -14.60691509192431425, 4.000000000000000000 ) ) ;
#4978 = CARTESIAN_POINT ( 'NONE',  ( -21.32178339562597813, 18.81176316890940825, 5.000000000000000000 ) ) ;
#4979 = CARTESIAN_POINT ( 'NONE',  ( -3.297115384615386446, -14.53822518807815989, 5.000000000000000000 ) ) ;
#4980 = EDGE_LOOP ( 'NONE', ( #11541, #7097, #9980, #3556 ) ) ;
#4981 = VERTEX_POINT ( 'NONE', #8506 ) ;
#4982 = DIRECTION ( 'NONE',  ( -0.000000000000000000, -1.000000000000000000, -0.000000000000000000 ) ) ;
#4983 = VERTEX_POINT ( 'NONE', #4951 ) ;
#4984 = CARTESIAN_POINT ( 'NONE',  ( -5.016271033653846523, -15.10809698294994519, 4.999999999999999112 ) ) ;
#4985 = ORIENTED_EDGE ( 'NONE', *, *, #1918, .T. ) ;
#4986 = EDGE_CURVE ( 'NONE', #9682, #8188, #7537, .T. ) ;
#4987 = CARTESIAN_POINT ( 'NONE',  ( 6.065064102564100779, -15.10809698294995584, 4.000000000000000000 ) ) ;
#4988 = DIRECTION ( 'NONE',  ( 0.000000000000000000, 1.000000000000000000, -0.000000000000000000 ) ) ;
#4989 = PLANE ( 'NONE',  #6471 ) ;
#4990 = DIRECTION ( 'NONE',  ( -1.000000000000000000, -2.127171113256150401E-15, 0.000000000000000000 ) ) ;
#4991 = DIRECTION ( 'NONE',  ( 0.000000000000000000, 0.000000000000000000, -1.000000000000000000 ) ) ;
#4992 = ORIENTED_EDGE ( 'NONE', *, *, #3128, .T. ) ;
#4993 = CARTESIAN_POINT ( 'NONE',  ( 22.50000000000000711, -20.49999999999999289, 9.000000000000001776 ) ) ;
#4994 = DIRECTION ( 'NONE',  ( 8.673617379884193244E-16, 0.000000000000000000, -1.000000000000000000 ) ) ;
#4995 = ORIENTED_EDGE ( 'NONE', *, *, #2378, .F. ) ;
#4996 = FACE_OUTER_BOUND ( 'NONE', #9976, .T. ) ;
#4997 = LINE ( 'NONE', #3460, #4868 ) ;
#4998 = ORIENTED_EDGE ( 'NONE', *, *, #2605, .F. ) ;
#4999 = EDGE_CURVE ( 'NONE', #8063, #8644, #4773, .T. ) ;
#5000 = VERTEX_POINT ( 'NONE', #5790 ) ;
#5001 = ADVANCED_FACE ( 'NONE', ( #4716 ), #2895, .F. ) ;
#5002 = CARTESIAN_POINT ( 'NONE',  ( -5.210256410256410398, -17.71322518807814816, 4.000000000000000000 ) ) ;
#5003 = CARTESIAN_POINT ( 'NONE',  ( 7.999999999999996447, 2.000000000000000000, 12.00000000000000000 ) ) ;
#5004 = VERTEX_POINT ( 'NONE', #11218 ) ;
#5005 = CARTESIAN_POINT ( 'NONE',  ( -4.130341307679919360, -14.75208866050291512, 5.000000000000000000 ) ) ;
#5006 = DIRECTION ( 'NONE',  ( 1.000000000000000000, 0.000000000000000000, 0.000000000000000000 ) ) ;
#5007 = EDGE_LOOP ( 'NONE', ( #5964, #6382, #8495, #11230 ) ) ;
#5008 = AXIS2_PLACEMENT_3D ( 'NONE', #5978, #476, #10618 ) ;
#5009 = ORIENTED_EDGE ( 'NONE', *, *, #7833, .T. ) ;
#5010 = ORIENTED_EDGE ( 'NONE', *, *, #5348, .F. ) ;
#5011 = LINE ( 'NONE', #3996, #7766 ) ;
#5012 = PLANE ( 'NONE',  #1573 ) ;
#5013 = VECTOR ( 'NONE', #1964, 1000.000000000000000 ) ;
#5014 = CARTESIAN_POINT ( 'NONE',  ( -18.00000000000000000, -89.44271909999159220, -27.00000000000006395 ) ) ;
#5015 = ORIENTED_EDGE ( 'NONE', *, *, #3445, .F. ) ;
#5016 = DIRECTION ( 'NONE',  ( 1.000000000000000000, -1.151573798572823025E-16, 1.110223024625156540E-16 ) ) ;
#5017 = CYLINDRICAL_SURFACE ( 'NONE', #8089, 1.000000000000004441 ) ;
#5018 = FACE_OUTER_BOUND ( 'NONE', #10064, .T. ) ;
#5019 = DIRECTION ( 'NONE',  ( -1.000000000000000000, 0.000000000000000000, 0.000000000000000000 ) ) ;
#5020 = ORIENTED_EDGE ( 'NONE', *, *, #9994, .T. ) ;
#5021 = EDGE_CURVE ( 'NONE', #11604, #410, #167, .T. ) ;
#5022 = ORIENTED_EDGE ( 'NONE', *, *, #3356, .F. ) ;
#5023 = AXIS2_PLACEMENT_3D ( 'NONE', #669, #5453, #5386 ) ;
#5024 = DIRECTION ( 'NONE',  ( -0.000000000000000000, -0.000000000000000000, -1.000000000000000000 ) ) ;
#5025 = EDGE_CURVE ( 'NONE', #6483, #4482, #226, .T. ) ;
#5026 = CYLINDRICAL_SURFACE ( 'NONE', #6432, 2.000000000000001776 ) ;
#5027 = FACE_OUTER_BOUND ( 'NONE', #6751, .T. ) ;
#5028 = AXIS2_PLACEMENT_3D ( 'NONE', #4633, #3792, #4757 ) ;
#5029 = CARTESIAN_POINT ( 'NONE',  ( -1.407949418413325882, -15.50671075773863450, 4.999999999999999112 ) ) ;
#5030 = VECTOR ( 'NONE', #3532, 1000.000000000000000 ) ;
#5031 = CARTESIAN_POINT ( 'NONE',  ( 75.00000000000000000, 22.37809154710686244, -59.17157287525383680 ) ) ;
#5032 = FACE_OUTER_BOUND ( 'NONE', #11513, .T. ) ;
#5033 = FACE_OUTER_BOUND ( 'NONE', #4595, .T. ) ;
#5034 = EDGE_LOOP ( 'NONE', ( #9992, #6498, #6542, #10386, #3930, #11329, #1316, #6248, #11094, #8398 ) ) ;
#5035 = ORIENTED_EDGE ( 'NONE', *, *, #9525, .T. ) ;
#5036 = LINE ( 'NONE', #3166, #10644 ) ;
#5037 = EDGE_LOOP ( 'NONE', ( #1932, #7372 ) ) ;
#5038 = AXIS2_PLACEMENT_3D ( 'NONE', #1415, #11556, #2495 ) ;
#5039 = CARTESIAN_POINT ( 'NONE',  ( -4.578263971826562972, -15.15955317017008497, 5.000000000000000000 ) ) ;
#5040 = VERTEX_POINT ( 'NONE', #7712 ) ;
#5041 = ADVANCED_FACE ( 'NONE', ( #2957 ), #3011, .F. ) ;
#5042 = AXIS2_PLACEMENT_3D ( 'NONE', #3775, #4794, #7623 ) ;
#5043 = CARTESIAN_POINT ( 'NONE',  ( 79.00000000000001421, 0.000000000000000000, -62.00000000000000711 ) ) ;
#5044 = CARTESIAN_POINT ( 'NONE',  ( -45.49999999999997868, 0.000000000000000000, 94.99999999999992895 ) ) ;
#5045 = CIRCLE ( 'NONE', #5038, 1.749999999999998002 ) ;
#5046 = ADVANCED_FACE ( 'NONE', ( #7482 ), #9360, .T. ) ;
#5047 = DIRECTION ( 'NONE',  ( -1.000000000000000000, -0.000000000000000000, 7.885106708985492732E-17 ) ) ;
#5048 = CARTESIAN_POINT ( 'NONE',  ( -53.49999999999996447, 5.000000000000000000, 104.9999999999999289 ) ) ;
#5049 = FACE_BOUND ( 'NONE', #9680, .T. ) ;
#5050 = EDGE_CURVE ( 'NONE', #1984, #6080, #8451, .T. ) ;
#5051 = VERTEX_POINT ( 'NONE', #11280 ) ;
#5052 = VECTOR ( 'NONE', #10572, 1000.000000000000000 ) ;
#5053 = LINE ( 'NONE', #6797, #6752 ) ;
#5054 = DIRECTION ( 'NONE',  ( -1.000000000000000000, 2.127171113256150401E-15, -0.000000000000000000 ) ) ;
#5055 = VERTEX_POINT ( 'NONE', #6639 ) ;
#5056 = DIRECTION ( 'NONE',  ( -0.000000000000000000, 1.000000000000000000, -0.000000000000000000 ) ) ;
#5057 = PLANE ( 'NONE',  #7739 ) ;
#5058 = AXIS2_PLACEMENT_3D ( 'NONE', #8385, #8323, #9459 ) ;
#5059 = AXIS2_PLACEMENT_3D ( 'NONE', #8719, #2138, #6001 ) ;
#5060 = ADVANCED_FACE ( 'NONE', ( #286 ), #6694, .F. ) ;
#5061 = VERTEX_POINT ( 'NONE', #10371 ) ;
#5062 = CARTESIAN_POINT ( 'NONE',  ( -1.985865553552944585, -16.86759056696600112, 5.000000000000000000 ) ) ;
#5063 = AXIS2_PLACEMENT_3D ( 'NONE', #8291, #10818, #10033 ) ;
#5064 = AXIS2_PLACEMENT_3D ( 'NONE', #7302, #8392, #3805 ) ;
#5065 = CARTESIAN_POINT ( 'NONE',  ( 3.750000000000000000, 4.000000000000000000, -6.499999999999999112 ) ) ;
#5066 = CARTESIAN_POINT ( 'NONE',  ( -24.99999999999999645, 17.50000000000000000, 9.000000000000001776 ) ) ;
#5067 = ORIENTED_EDGE ( 'NONE', *, *, #3940, .F. ) ;
#5068 = PLANE ( 'NONE',  #4302 ) ;
#5069 = ADVANCED_FACE ( 'NONE', ( #9415 ), #3809, .F. ) ;
#5070 = DIRECTION ( 'NONE',  ( 0.000000000000000000, 0.000000000000000000, 1.000000000000000000 ) ) ;
#5071 = EDGE_CURVE ( 'NONE', #10980, #6759, #2842, .T. ) ;
#5072 = ORIENTED_EDGE ( 'NONE', *, *, #3973, .T. ) ;
#5073 = CIRCLE ( 'NONE', #3529, 0.9999999999999991118 ) ;
#5074 = ORIENTED_EDGE ( 'NONE', *, *, #3994, .F. ) ;
#5075 = VECTOR ( 'NONE', #1437, 1000.000000000000000 ) ;
#5076 = CLOSED_SHELL ( 'NONE', ( #6517, #11755, #7826, #3095, #11681, #10737, #11515, #2022, #11597, #10008, #7673, #4167, #9833, #3981, #10425, #9761, #1823, #4705, #5947, #7472, #483, #5917, #10511, #309, #29, #8780, #540, #9819, #470, #3244, #7347, #6233, #10493, #321, #2557, #2043, #292, #5001, #1790, #11517, #5955, #10790, #3951, #4822, #9143, #685, #6717, #3402, #932, #6203, #229, #544, #662, #5786, #8150, #9238, #8356, #901, #5889, #5987, #7465, #5202, #5342, #4902, #7289, #7486, #10556, #4748, #1209, #41, #9608, #6383, #7904, #7043, #4925, #11837, #2712, #8974, #9837, #3183, #10262, #3268, #10129, #3492, #1182, #6674, #9466, #575, #6897, #9622, #5561, #2902, #5999, #8254, #6792, #3559, #2544, #4833, #5102, #7602, #562, #10362, #10307, #11814, #887, #11657, #8743, #7631, #2663, #2884, #11476, #5950, #5106, #3293, #7686, #4681, #11898, #7785, #902, #10321, #534, #7370, #6538, #6671, #3734, #7604, #141, #7183, #11001, #8898, #5518, #5046, #5557, #10276, #11531, #2098, #2898, #7753, #3287, #9022, #4739, #2915, #3188, #103, #728, #10641, #10626, #604, #529, #1436, #10918, #3797, #7702, #3424, #2782, #1549, #5742, #3706, #357, #9173, #1123, #9094, #5738, #4023, #7677, #9344, #6936, #1570, #775, #5913, #3779, #8423, #3048, #6625, #11358, #1330, #2843, #5850, #11610, #8416, #6979 ) ) ;
#5077 = FACE_OUTER_BOUND ( 'NONE', #11834, .T. ) ;
#5078 = CARTESIAN_POINT ( 'NONE',  ( 1.019158458657892563, -16.82853070065727152, 4.000000000000000000 ) ) ;
#5079 = CARTESIAN_POINT ( 'NONE',  ( -74.99999999999995737, 22.50000000000000711, -60.00000000000001421 ) ) ;
#5080 = ORIENTED_EDGE ( 'NONE', *, *, #11949, .F. ) ;
#5081 = VECTOR ( 'NONE', #7470, 1000.000000000000000 ) ;
#5082 = CARTESIAN_POINT ( 'NONE',  ( 21.32178339562597813, 18.81176316890941536, 9.000000000000001776 ) ) ;
#5083 = CARTESIAN_POINT ( 'NONE',  ( 43.00000000000000711, -16.20000000000000284, -7.500000000000069278 ) ) ;
#5084 = CARTESIAN_POINT ( 'NONE',  ( -30.26207079035955516, 16.96115051869449175, 5.000000000000000000 ) ) ;
#5085 = ORIENTED_EDGE ( 'NONE', *, *, #147, .F. ) ;
#5086 = ORIENTED_EDGE ( 'NONE', *, *, #7976, .T. ) ;
#5087 = CARTESIAN_POINT ( 'NONE',  ( -1.741012750254187447, -17.23975135664507619, 3.999999999999999112 ) ) ;
#5088 = PLANE ( 'NONE',  #1213 ) ;
#5089 = DIRECTION ( 'NONE',  ( 0.000000000000000000, 0.000000000000000000, 1.000000000000000000 ) ) ;
#5090 = DIRECTION ( 'NONE',  ( -1.000000000000000000, 0.000000000000000000, 0.000000000000000000 ) ) ;
#5091 = DIRECTION ( 'NONE',  ( 0.2516338517649511775, 0.000000000000000000, 0.9678225067882718635 ) ) ;
#5092 = PLANE ( 'NONE',  #7729 ) ;
#5093 = CYLINDRICAL_SURFACE ( 'NONE', #6385, 0.9999999999999991118 ) ;
#5094 = ORIENTED_EDGE ( 'NONE', *, *, #1249, .T. ) ;
#5095 = ORIENTED_EDGE ( 'NONE', *, *, #2177, .F. ) ;
#5096 = VECTOR ( 'NONE', #1026, 1000.000000000000000 ) ;
#5097 = CARTESIAN_POINT ( 'NONE',  ( -75.00000000000000000, 5.000000000000000000, 9.999999999999953815 ) ) ;
#5098 = VERTEX_POINT ( 'NONE', #4040 ) ;
#5099 = LINE ( 'NONE', #6849, #2926 ) ;
#5100 = ORIENTED_EDGE ( 'NONE', *, *, #5858, .F. ) ;
#5101 = AXIS2_PLACEMENT_3D ( 'NONE', #5478, #997, #8379 ) ;
#5102 = ADVANCED_FACE ( 'NONE', ( #11334 ), #3864, .F. ) ;
#5103 = FACE_OUTER_BOUND ( 'NONE', #10748, .T. ) ;
#5104 = AXIS2_PLACEMENT_3D ( 'NONE', #3671, #2454, #7353 ) ;
#5105 = CARTESIAN_POINT ( 'NONE',  ( 0.4636568509615375810, -16.65489185474482525, 4.000000000000000000 ) ) ;
#5106 = ADVANCED_FACE ( 'NONE', ( #1930 ), #9764, .F. ) ;
#5107 = DIRECTION ( 'NONE',  ( 0.000000000000000000, 1.000000000000000000, 0.000000000000000000 ) ) ;
#5108 = CARTESIAN_POINT ( 'NONE',  ( -2.144737928400898053, -16.33547002649874713, 3.999999999999998224 ) ) ;
#5109 = VECTOR ( 'NONE', #7087, 1000.000000000000000 ) ;
#5110 = CARTESIAN_POINT ( 'NONE',  ( -1.185910729648386841, -15.26743809971057431, 4.000000000000000888 ) ) ;
#5111 = CARTESIAN_POINT ( 'NONE',  ( 75.00000000000001421, 7.000000000000020428, -57.99999999999997868 ) ) ;
#5112 = ORIENTED_EDGE ( 'NONE', *, *, #7336, .T. ) ;
#5113 = DIRECTION ( 'NONE',  ( 0.000000000000000000, 0.000000000000000000, 1.000000000000000000 ) ) ;
#5114 = CARTESIAN_POINT ( 'NONE',  ( -0.005594862366429914115, -17.14803323146775682, 3.999999999999999112 ) ) ;
#5115 = ORIENTED_EDGE ( 'NONE', *, *, #10563, .F. ) ;
#5116 = PLANE ( 'NONE',  #5855 ) ;
#5117 = EDGE_CURVE ( 'NONE', #6632, #9345, #4278, .T. ) ;
#5118 = VECTOR ( 'NONE', #78, 1000.000000000000000 ) ;
#5119 = ORIENTED_EDGE ( 'NONE', *, *, #9809, .T. ) ;
#5120 = CARTESIAN_POINT ( 'NONE',  ( 3.948397435897434526, -17.71322518807815882, 4.000000000000000000 ) ) ;
#5121 = CARTESIAN_POINT ( 'NONE',  ( 45.50000000000003553, 0.000000000000000000, 94.99999999999992895 ) ) ;
#5122 = EDGE_CURVE ( 'NONE', #2959, #2411, #4736, .T. ) ;
#5123 = CARTESIAN_POINT ( 'NONE',  ( 9.299999999999998934, 2.000000000000000000, -10.54999999999999716 ) ) ;
#5124 = ORIENTED_EDGE ( 'NONE', *, *, #3819, .F. ) ;
#5125 = VECTOR ( 'NONE', #1859, 1000.000000000000000 ) ;
#5126 = DIRECTION ( 'NONE',  ( -0.05028052826558230409, -0.9987351342960424372, 0.000000000000000000 ) ) ;
#5127 = DIRECTION ( 'NONE',  ( 0.7071067811865545671, -0.7071067811865405783, -2.230244969721292898E-16 ) ) ;
#5128 = ORIENTED_EDGE ( 'NONE', *, *, #4069, .T. ) ;
#5129 = ORIENTED_EDGE ( 'NONE', *, *, #6928, .T. ) ;
#5130 = EDGE_CURVE ( 'NONE', #6615, #2256, #1488, .T. ) ;
#5131 = LINE ( 'NONE', #9771, #6996 ) ;
#5132 = CARTESIAN_POINT ( 'NONE',  ( 1.056970118288208749, -16.73078866166472523, 4.000000000000001776 ) ) ;
#5133 = CARTESIAN_POINT ( 'NONE',  ( 0.4300287121940193358, -16.72557555394894280, 4.999999999999999112 ) ) ;
#5134 = FACE_OUTER_BOUND ( 'NONE', #10309, .T. ) ;
#5135 = ORIENTED_EDGE ( 'NONE', *, *, #3716, .F. ) ;
#5136 = PRODUCT_CONTEXT ( 'NONE', #4268, 'mechanical' ) ;
#5137 = CARTESIAN_POINT ( 'NONE',  ( 73.00000000000002842, 5.000000000000000000, -57.99999999999997868 ) ) ;
#5138 = CARTESIAN_POINT ( 'NONE',  ( -4.988286258012820440, -15.75937903423199593, 4.000000000001039169 ) ) ;
#5139 = LINE ( 'NONE', #7972, #2945 ) ;
#5140 = ORIENTED_EDGE ( 'NONE', *, *, #2077, .F. ) ;
#5141 = VERTEX_POINT ( 'NONE', #9645 ) ;
#5142 = CARTESIAN_POINT ( 'NONE',  ( -1.933388383669314869, -16.96777936960660682, 4.000000000000000888 ) ) ;
#5143 = CIRCLE ( 'NONE', #6687, 3.000000000000002665 ) ;
#5144 = ADVANCED_FACE ( 'NONE', ( #1313, #11514, #2228 ), #5068, .T. ) ;
#5145 = LINE ( 'NONE', #5490, #8545 ) ;
#5146 = CARTESIAN_POINT ( 'NONE',  ( 81.00000000000001421, 24.00000000000000000, -97.00000000000000000 ) ) ;
#5147 = CARTESIAN_POINT ( 'NONE',  ( -0.2064802702917326593, -15.05100548843820896, 4.999999999999998224 ) ) ;
#5148 = FACE_OUTER_BOUND ( 'NONE', #2973, .T. ) ;
#5149 = CARTESIAN_POINT ( 'NONE',  ( -12.00000000000000000, 2.000000000000000000, 5.999999999999995559 ) ) ;
#5150 = DIRECTION ( 'NONE',  ( -0.000000000000000000, -0.000000000000000000, -1.000000000000000000 ) ) ;
#5151 = ORIENTED_EDGE ( 'NONE', *, *, #10198, .T. ) ;
#5152 = ORIENTED_EDGE ( 'NONE', *, *, #10860, .F. ) ;
#5153 = CARTESIAN_POINT ( 'NONE',  ( -21.49999999999999289, -20.50000000000000000, 5.000000000000000000 ) ) ;
#5154 = ORIENTED_EDGE ( 'NONE', *, *, #2453, .T. ) ;
#5155 = CYLINDRICAL_SURFACE ( 'NONE', #2741, 1.249999999999999334 ) ;
#5156 = ORIENTED_EDGE ( 'NONE', *, *, #1842, .T. ) ;
#5157 = STYLED_ITEM ( 'NONE', ( #10350 ), #1225 ) ;
#5158 = DIRECTION ( 'NONE',  ( 0.000000000000000000, 0.000000000000000000, 1.000000000000000000 ) ) ;
#5159 = B_SPLINE_SURFACE_WITH_KNOTS ( 'NONE', 3, 1, ( 
 ( #8419, #10217 ),
 ( #9437, #11247 ),
 ( #8365, #2982 ),
 ( #4922, #7564 ),
 ( #8598, #9323 ),
 ( #9258, #8533 ),
 ( #1101, #1157 ),
 ( #81, #191 ),
 ( #6663, #7505 ),
 ( #9501, #254 ),
 ( #6777, #137 ),
 ( #980, #7449 ),
 ( #11129, #11182 ),
 ( #2924, #10339 ),
 ( #5756, #2865 ),
 ( #6548, #6608 ),
 ( #10284, #8473 ),
 ( #3891, #3956 ),
 ( #7920, #609 ) ),
 .UNSPECIFIED., .F., .F., .F.,
 ( 4, 1, 1, 1, 1, 1, 1, 1, 1, 1, 1, 1, 1, 1, 1, 1, 4 ),
 ( 2, 2 ),
 ( 0.000000000000000000, 0.1055399964402574386, 0.2020864154635874377, 0.2906848989424213880, 0.3705526096211915754, 0.4426702615663768992, 0.5076749275738737799, 0.5655732034810453390, 0.6164546657486240644, 0.6633313570051044827, 0.7088620244966149508, 0.7534118003496285132, 0.7985150107871087366, 0.8450643214401182268, 0.8938731190084054923, 0.9447078060036530056, 1.000000000000000000 ),
 ( 0.000000000000000000, 1.000000000000000000 ),
 .UNSPECIFIED. ) ;
#5160 = LINE ( 'NONE', #5891, #3681 ) ;
#5161 = CARTESIAN_POINT ( 'NONE',  ( -43.00000000000000711, -16.20000000000000284, 34.49999999999993605 ) ) ;
#5162 = CARTESIAN_POINT ( 'NONE',  ( -2.157371794871795867, -16.10982474737303249, 4.000000000000000000 ) ) ;
#5163 = DIRECTION ( 'NONE',  ( 0.000000000000000000, 0.000000000000000000, 1.000000000000000000 ) ) ;
#5164 = CARTESIAN_POINT ( 'NONE',  ( 26.50000000000000000, -17.50000000000000000, 2.500000000000000000 ) ) ;
#5165 = ORIENTED_EDGE ( 'NONE', *, *, #11949, .T. ) ;
#5166 = FACE_OUTER_BOUND ( 'NONE', #4715, .T. ) ;
#5167 = DIRECTION ( 'NONE',  ( -1.000000000000000000, -0.000000000000000000, -0.000000000000000000 ) ) ;
#5168 = ORIENTED_EDGE ( 'NONE', *, *, #3940, .T. ) ;
#5169 = DIRECTION ( 'NONE',  ( 1.445602896647339163E-16, 0.000000000000000000, 1.000000000000000000 ) ) ;
#5170 = EDGE_CURVE ( 'NONE', #1810, #1214, #9316, .T. ) ;
#5171 = ORIENTED_EDGE ( 'NONE', *, *, #3850, .T. ) ;
#5172 = EDGE_CURVE ( 'NONE', #9345, #11609, #11457, .T. ) ;
#5173 = CYLINDRICAL_SURFACE ( 'NONE', #1150, 1.500000000000001332 ) ;
#5174 = EDGE_CURVE ( 'NONE', #7413, #7699, #6032, .T. ) ;
#5175 = CARTESIAN_POINT ( 'NONE',  ( -1.874319610407004788, -17.06371774496270888, 3.999999999999998224 ) ) ;
#5176 = CARTESIAN_POINT ( 'NONE',  ( -21.73797097907860731, -17.50000000000002132, 0.000000000000000000 ) ) ;
#5177 = DIRECTION ( 'NONE',  ( 0.8610380995189043096, -0.5085404518589188294, 0.000000000000000000 ) ) ;
#5179 = VERTEX_POINT ( 'NONE', #3307 ) ;
#5178 = EDGE_CURVE ( 'NONE', #10560, #9620, #4116, .T. ) ;
#5180 = CARTESIAN_POINT ( 'NONE',  ( 119.0000000000000284, 24.00000000000000355, -66.00000000000000000 ) ) ;
#5181 = CARTESIAN_POINT ( 'NONE',  ( 81.00000000000001421, 37.42339375865881124, -72.25000000000000000 ) ) ;
#5182 = EDGE_LOOP ( 'NONE', ( #4276, #11849, #6993, #10325 ) ) ;
#5183 = ORIENTED_EDGE ( 'NONE', *, *, #1716, .F. ) ;
#5184 = EDGE_CURVE ( 'NONE', #8669, #2325, #6990, .T. ) ;
#5185 = EDGE_LOOP ( 'NONE', ( #7669, #2078, #9695, #8034 ) ) ;
#5186 = LINE ( 'NONE', #7180, #1800 ) ;
#5187 = CARTESIAN_POINT ( 'NONE',  ( 1.110276616292767304, -16.53045069420640090, 3.999999999999999112 ) ) ;
#5188 = LINE ( 'NONE', #713, #8524 ) ;
#5189 = EDGE_CURVE ( 'NONE', #2584, #6615, #1407, .T. ) ;
#5190 = CARTESIAN_POINT ( 'NONE',  ( 119.0000000000000284, 24.00000000000000355, -64.50000000000000000 ) ) ;
#5191 = EDGE_LOOP ( 'NONE', ( #9384, #5609, #4775, #5556 ) ) ;
#5192 = APPLICATION_PROTOCOL_DEFINITION ( 'draft international standard', 'automotive_design', 1998, #11276 ) ;
#5193 = AXIS2_PLACEMENT_3D ( 'NONE', #773, #11830, #9960 ) ;
#5194 = CARTESIAN_POINT ( 'NONE',  ( -25.16401654238957875, 14.24209700771249132, 0.000000000000000000 ) ) ;
#5195 = EDGE_CURVE ( 'NONE', #3721, #4983, #1809, .T. ) ;
#5196 = DIRECTION ( 'NONE',  ( 0.000000000000000000, 0.000000000000000000, 1.000000000000000000 ) ) ;
#5197 = CARTESIAN_POINT ( 'NONE',  ( -73.00000000000001421, 5.000000000000000000, -105.0000000000000142 ) ) ;
#5198 = ORIENTED_EDGE ( 'NONE', *, *, #4975, .T. ) ;
#5199 = CIRCLE ( 'NONE', #3262, 1.500000000000001332 ) ;
#5200 = ORIENTED_EDGE ( 'NONE', *, *, #2507, .T. ) ;
#5201 = DIRECTION ( 'NONE',  ( 1.000000000000000000, -0.000000000000000000, 8.673617379884193244E-16 ) ) ;
#5202 = ADVANCED_FACE ( 'NONE', ( #3552 ), #2643, .F. ) ;
#5203 = VECTOR ( 'NONE', #317, 1000.000000000000000 ) ;
#5204 = DIRECTION ( 'NONE',  ( -0.6914887031430176911, 0.7223872738535664917, 0.000000000000000000 ) ) ;
#5205 = CYLINDRICAL_SURFACE ( 'NONE', #11790, 1.500000000000004885 ) ;
#5206 = DIRECTION ( 'NONE',  ( 0.000000000000000000, 0.000000000000000000, 1.000000000000000000 ) ) ;
#5207 = FACE_OUTER_BOUND ( 'NONE', #8867, .T. ) ;
#5208 = EDGE_CURVE ( 'NONE', #2369, #7573, #2142, .T. ) ;
#5209 = FACE_OUTER_BOUND ( 'NONE', #8406, .T. ) ;
#5210 = CARTESIAN_POINT ( 'NONE',  ( -20.00000000000001421, 0.000000000000000000, 76.99999999999992895 ) ) ;
#5211 = EDGE_LOOP ( 'NONE', ( #331, #9600, #4998, #6077 ) ) ;
#5212 = EDGE_LOOP ( 'NONE', ( #8172, #3374, #10015, #9781 ) ) ;
#5213 = CARTESIAN_POINT ( 'NONE',  ( 0.3199168669871786386, -14.60691509192431425, 5.000000000000000000 ) ) ;
#5214 = EDGE_LOOP ( 'NONE', ( #9856, #4926 ) ) ;
#5215 = AXIS2_PLACEMENT_3D ( 'NONE', #1514, #11601, #3334 ) ;
#5216 = CARTESIAN_POINT ( 'NONE',  ( -1.505032225861515638, -16.54088866463339613, 3.999999999999998224 ) ) ;
#5217 = VERTEX_POINT ( 'NONE', #1804 ) ;
#5218 = VECTOR ( 'NONE', #7528, 1000.000000000000000 ) ;
#5219 = EDGE_CURVE ( 'NONE', #7985, #7002, #3673, .T. ) ;
#5220 = VECTOR ( 'NONE', #3471, 1000.000000000000000 ) ;
#5221 = LINE ( 'NONE', #8054, #5775 ) ;
#5222 = AXIS2_PLACEMENT_3D ( 'NONE', #9571, #4988, #8664 ) ;
#5223 = CARTESIAN_POINT ( 'NONE',  ( 75.00000000000001421, 5.000000000000000000, -102.0499999999999972 ) ) ;
#5224 = DIRECTION ( 'NONE',  ( -1.000000000000000000, -0.000000000000000000, -0.000000000000000000 ) ) ;
#5225 = CARTESIAN_POINT ( 'NONE',  ( -78.99999999999995737, 22.50000000000000711, -60.00000000000001421 ) ) ;
#5226 = DIRECTION ( 'NONE',  ( 2.312834479478206354E-14, 9.484162102888076320E-13, 1.000000000000000000 ) ) ;
#5227 = LINE ( 'NONE', #3234, #4270 ) ;
#5228 = EDGE_CURVE ( 'NONE', #10005, #173, #11931, .T. ) ;
#5229 = ORIENTED_EDGE ( 'NONE', *, *, #7532, .T. ) ;
#5230 = CARTESIAN_POINT ( 'NONE',  ( -1.090818994479551218, -14.56205269406144787, 4.999999999999999112 ) ) ;
#5231 = DIRECTION ( 'NONE',  ( 0.000000000000000000, 1.000000000000000000, -0.000000000000000000 ) ) ;
#5232 = ORIENTED_EDGE ( 'NONE', *, *, #5491, .T. ) ;
#5233 = VECTOR ( 'NONE', #898, 1000.000000000000000 ) ;
#5234 = CARTESIAN_POINT ( 'NONE',  ( 5.433177425405312455, 2.791454495570343752, 5.000000000000000000 ) ) ;
#5235 = AXIS2_PLACEMENT_3D ( 'NONE', #4365, #2671, #6301 ) ;
#5236 = ORIENTED_EDGE ( 'NONE', *, *, #2668, .T. ) ;
#5237 = CARTESIAN_POINT ( 'NONE',  ( 43.00000000000000711, -16.20000000000000284, 34.49999999999993605 ) ) ;
#5238 = AXIS2_PLACEMENT_3D ( 'NONE', #4083, #9519, #4810 ) ;
#5239 = CARTESIAN_POINT ( 'NONE',  ( 0.9152293669871784942, -15.04322318487303178, 5.000000000000000000 ) ) ;
#5240 = SURFACE_STYLE_FILL_AREA ( #5904 ) ;
#5241 = PLANE ( 'NONE',  #473 ) ;
#5242 = CARTESIAN_POINT ( 'NONE',  ( 7.999999999999996447, 2.000000000000000000, 12.00000000000000000 ) ) ;
#5243 = EDGE_CURVE ( 'NONE', #10643, #7508, #10849, .T. ) ;
#5244 = DIRECTION ( 'NONE',  ( 0.000000000000000000, 0.000000000000000000, -1.000000000000000000 ) ) ;
#5245 = VERTEX_POINT ( 'NONE', #9221 ) ;
#5246 = VECTOR ( 'NONE', #5600, 1000.000000000000000 ) ;
#5247 = AXIS2_PLACEMENT_3D ( 'NONE', #6197, #5294, #8972 ) ;
#5248 = CARTESIAN_POINT ( 'NONE',  ( -3.966727154109230380, -14.93561736206180868, 4.999999999999998224 ) ) ;
#5249 = CARTESIAN_POINT ( 'NONE',  ( 81.00000000000001421, 37.42339375865881834, -87.75000000000002842 ) ) ;
#5250 = VERTEX_POINT ( 'NONE', #10122 ) ;
#5251 = EDGE_LOOP ( 'NONE', ( #1389, #8932, #9647, #6655 ) ) ;
#5253 = EDGE_LOOP ( 'NONE', ( #9196, #5670, #8138, #4860 ) ) ;
#5252 = CIRCLE ( 'NONE', #1980, 0.9999999999999991118 ) ;
#5254 = AXIS2_PLACEMENT_3D ( 'NONE', #10978, #769, #2718 ) ;
#5255 = CYLINDRICAL_SURFACE ( 'NONE', #3921, 1.000000000000000888 ) ;
#5256 = CARTESIAN_POINT ( 'NONE',  ( 45.50000000000003553, -5.000000000000000000, 93.44999999999993179 ) ) ;
#5257 = CARTESIAN_POINT ( 'NONE',  ( -25.99999999999999645, 0.000000000000000000, -25.00000000000006395 ) ) ;
#5258 = EDGE_CURVE ( 'NONE', #9220, #4684, #10003, .T. ) ;
#5259 = CARTESIAN_POINT ( 'NONE',  ( -26.00000000000000000, 0.000000000000000000, 44.99999999999992895 ) ) ;
#5260 = VERTEX_POINT ( 'NONE', #10067 ) ;
#5261 = CARTESIAN_POINT ( 'NONE',  ( -75.00000000000001421, 37.42339375865881834, -87.75000000000002842 ) ) ;
#5262 = EDGE_CURVE ( 'NONE', #5553, #1695, #10787, .T. ) ;
#5263 = CARTESIAN_POINT ( 'NONE',  ( 16.00000000000000000, -89.44271909999159220, 46.99999999999992895 ) ) ;
#5264 = CARTESIAN_POINT ( 'NONE',  ( -4.493261334243715766, -15.66418284835249430, 4.999999999999999112 ) ) ;
#5265 = ORIENTED_EDGE ( 'NONE', *, *, #7476, .F. ) ;
#5266 = ORIENTED_EDGE ( 'NONE', *, *, #11634, .F. ) ;
#5267 = FACE_OUTER_BOUND ( 'NONE', #3126, .T. ) ;
#5268 = EDGE_CURVE ( 'NONE', #8986, #1143, #2183, .T. ) ;
#5269 = CARTESIAN_POINT ( 'NONE',  ( -27.73941848319152115, 19.27099398849403400, 2.500000000000000000 ) ) ;
#5270 = AXIS2_PLACEMENT_3D ( 'NONE', #10513, #9839, #4968 ) ;
#5271 = CARTESIAN_POINT ( 'NONE',  ( -24.37302610677949488, 13.64553457179598972, 9.000000000000001776 ) ) ;
#5272 = PLANE ( 'NONE',  #4766 ) ;
#5273 = DIRECTION ( 'NONE',  ( 0.000000000000000000, 1.000000000000000000, 0.000000000000000000 ) ) ;
#5274 = DIRECTION ( 'NONE',  ( 1.000000000000000000, 0.000000000000000000, 0.000000000000000000 ) ) ;
#5275 = ORIENTED_EDGE ( 'NONE', *, *, #7025, .F. ) ;
#5276 = EDGE_CURVE ( 'NONE', #647, #7487, #5423, .T. ) ;
#5277 = ORIENTED_EDGE ( 'NONE', *, *, #9314, .T. ) ;
#5278 = DIRECTION ( 'NONE',  ( -0.000000000000000000, -0.000000000000000000, -1.000000000000000000 ) ) ;
#5279 = ORIENTED_EDGE ( 'NONE', *, *, #6594, .T. ) ;
#5280 = CARTESIAN_POINT ( 'NONE',  ( -1.542582277911255240, -16.43954842584754061, 4.000000000000002665 ) ) ;
#5281 = DIRECTION ( 'NONE',  ( 0.000000000000000000, 1.000000000000000000, 0.000000000000000000 ) ) ;
#5282 = ORIENTED_EDGE ( 'NONE', *, *, #11157, .F. ) ;
#5283 = VECTOR ( 'NONE', #10837, 1000.000000000000000 ) ;
#5284 = CARTESIAN_POINT ( 'NONE',  ( -80.65940772594703390, 28.36588375739260925, -60.87579621969791788 ) ) ;
#5285 = CARTESIAN_POINT ( 'NONE',  ( 27.75000000000000355, -15.24999999999999467, 9.000000000000001776 ) ) ;
#5286 = DIRECTION ( 'NONE',  ( 0.000000000000000000, 0.000000000000000000, 1.000000000000000000 ) ) ;
#5287 = CARTESIAN_POINT ( 'NONE',  ( -2.154862576988714640, -16.22322658044492982, 4.000000000000000000 ) ) ;
#5288 = DIRECTION ( 'NONE',  ( -0.000000000000000000, -1.000000000000000000, -0.000000000000000000 ) ) ;
#5289 = DIRECTION ( 'NONE',  ( 0.000000000000000000, 0.000000000000000000, 1.000000000000000000 ) ) ;
#5290 = VERTEX_POINT ( 'NONE', #5540 ) ;
#5291 = CARTESIAN_POINT ( 'NONE',  ( 119.0000000000000284, 17.00000000000000000, -73.50000000000000000 ) ) ;
#5292 = DIRECTION ( 'NONE',  ( 0.000000000000000000, 0.000000000000000000, 1.000000000000000000 ) ) ;
#5293 = ORIENTED_EDGE ( 'NONE', *, *, #3128, .F. ) ;
#5294 = DIRECTION ( 'NONE',  ( -0.000000000000000000, -0.000000000000000000, -1.000000000000000000 ) ) ;
#5295 = EDGE_LOOP ( 'NONE', ( #9607, #2160, #2455, #4931, #5380, #9891, #11365, #4375 ) ) ;
#5296 = CARTESIAN_POINT ( 'NONE',  ( -64.99999999999995737, 5.000000000000000000, -54.44999999999998153 ) ) ;
#5297 = VECTOR ( 'NONE', #652, 1000.000000000000000 ) ;
#5298 = PLANE ( 'NONE',  #7414 ) ;
#5299 = CARTESIAN_POINT ( 'NONE',  ( 27.73045543115249600, 21.72576775728267151, 5.000000000000000000 ) ) ;
#5300 = VECTOR ( 'NONE', #5894, 1000.000000000000000 ) ;
#5301 = FACE_OUTER_BOUND ( 'NONE', #7870, .T. ) ;
#5302 = DIRECTION ( 'NONE',  ( -0.000000000000000000, -0.000000000000000000, 1.000000000000000000 ) ) ;
#5303 = CARTESIAN_POINT ( 'NONE',  ( 24.00000000000002842, 5.000000000000004441, 44.99999999999992895 ) ) ;
#5304 = ORIENTED_EDGE ( 'NONE', *, *, #7416, .T. ) ;
#5305 = CARTESIAN_POINT ( 'NONE',  ( -75.00000000000001421, 24.00000000000000355, -63.00000000000000000 ) ) ;
#5306 = CARTESIAN_POINT ( 'NONE',  ( 11.16682257459468453, 2.791454495570343752, 5.000000000000000000 ) ) ;
#5307 = VECTOR ( 'NONE', #7934, 1000.000000000000000 ) ;
#5308 = ORIENTED_EDGE ( 'NONE', *, *, #1489, .F. ) ;
#5309 = ORIENTED_EDGE ( 'NONE', *, *, #6965, .T. ) ;
#5310 = ORIENTED_EDGE ( 'NONE', *, *, #9689, .F. ) ;
#5311 = CARTESIAN_POINT ( 'NONE',  ( -4.834456291209126455, -15.75577356204661506, 4.000000000000000000 ) ) ;
#5312 = LINE ( 'NONE', #5256, #11786 ) ;
#5313 = VECTOR ( 'NONE', #2863, 1000.000000000000000 ) ;
#5314 = CARTESIAN_POINT ( 'NONE',  ( 2.279487179487178050, -14.53822518807815989, 4.000000000000000000 ) ) ;
#5315 = FACE_OUTER_BOUND ( 'NONE', #6628, .T. ) ;
#5316 = ORIENTED_EDGE ( 'NONE', *, *, #4986, .T. ) ;
#5317 = EDGE_CURVE ( 'NONE', #5217, #2240, #10969, .T. ) ;
#5318 = CARTESIAN_POINT ( 'NONE',  ( 26.50000000000000000, -17.50000000000000000, 9.000000000000001776 ) ) ;
#5319 = LINE ( 'NONE', #717, #8166 ) ;
#5320 = CARTESIAN_POINT ( 'NONE',  ( -4.705277850584707267, -15.74096866693937358, 4.999999999999998224 ) ) ;
#5321 = VERTEX_POINT ( 'NONE', #8141 ) ;
#5322 = VERTEX_POINT ( 'NONE', #5305 ) ;
#5323 = ORIENTED_EDGE ( 'NONE', *, *, #152, .T. ) ;
#5324 = ADVANCED_FACE ( 'NONE', ( #8203 ), #702, .F. ) ;
#5325 = CARTESIAN_POINT ( 'NONE',  ( -22.53798701022630269, -13.49639116526635618, 9.000000000000001776 ) ) ;
#5326 = LINE ( 'NONE', #2475, #8976 ) ;
#5327 = EDGE_CURVE ( 'NONE', #1720, #3496, #5659, .T. ) ;
#5328 = DIRECTION ( 'NONE',  ( -1.000000000000000000, -0.000000000000000000, -0.000000000000000000 ) ) ;
#5329 = AXIS2_PLACEMENT_3D ( 'NONE', #2760, #6445, #10113 ) ;
#5330 = DIRECTION ( 'NONE',  ( 0.000000000000000000, 0.000000000000000000, 1.000000000000000000 ) ) ;
#5331 = CARTESIAN_POINT ( 'NONE',  ( 24.00000000000001421, 0.000000000000000000, 9.999999999999953815 ) ) ;
#5332 = ORIENTED_EDGE ( 'NONE', *, *, #7310, .T. ) ;
#5333 = ORIENTED_EDGE ( 'NONE', *, *, #5172, .T. ) ;
#5334 = DIRECTION ( 'NONE',  ( 0.000000000000000000, 0.000000000000000000, -1.000000000000000000 ) ) ;
#5335 = ORIENTED_EDGE ( 'NONE', *, *, #1452, .F. ) ;
#5336 = ADVANCED_FACE ( 'NONE', ( #2706 ), #2156, .F. ) ;
#5337 = DIRECTION ( 'NONE',  ( 0.000000000000000000, 1.000000000000000000, 0.000000000000000000 ) ) ;
#5338 = CARTESIAN_POINT ( 'NONE',  ( 15.86005420924689524, 7.456272356324764594, 5.000000000000000000 ) ) ;
#5339 = ORIENTED_EDGE ( 'NONE', *, *, #7888, .T. ) ;
#5340 = VECTOR ( 'NONE', #5091, 1000.000000000000114 ) ;
#5341 = FACE_BOUND ( 'NONE', #7879, .T. ) ;
#5342 = ADVANCED_FACE ( 'NONE', ( #212 ), #6566, .T. ) ;
#5343 = CARTESIAN_POINT ( 'NONE',  ( -4.663162780786884927E-15, -13.50000000000001243, 9.000000000000001776 ) ) ;
#5344 = CARTESIAN_POINT ( 'NONE',  ( 79.00000000000000000, 0.000000000000000000, -100.0000000000000000 ) ) ;
#5345 = DIRECTION ( 'NONE',  ( 0.000000000000000000, 1.000000000000000000, -0.000000000000000000 ) ) ;
#5346 = CARTESIAN_POINT ( 'NONE',  ( 0.04201984716301995770, -14.51428896185825224, 4.000000000000000000 ) ) ;
#5347 = CARTESIAN_POINT ( 'NONE',  ( -10.05713943461311111, 2.791454495570343752, 10.00000000000000000 ) ) ;
#5348 = EDGE_CURVE ( 'NONE', #469, #8689, #3541, .T. ) ;
#5349 = ORIENTED_EDGE ( 'NONE', *, *, #441, .T. ) ;
#5350 = DIRECTION ( 'NONE',  ( -0.000000000000000000, -1.000000000000000000, -0.000000000000000000 ) ) ;
#5351 = DIRECTION ( 'NONE',  ( 0.000000000000000000, 0.000000000000000000, -1.000000000000000000 ) ) ;
#5352 = ORIENTED_EDGE ( 'NONE', *, *, #4090, .F. ) ;
#5353 = DIRECTION ( 'NONE',  ( 0.7071067811865432429, 0.000000000000000000, -0.7071067811865517916 ) ) ;
#5354 = EDGE_CURVE ( 'NONE', #7498, #7699, #156, .T. ) ;
#5355 = AXIS2_PLACEMENT_3D ( 'NONE', #4972, #7617, #5812 ) ;
#5356 = ORIENTED_EDGE ( 'NONE', *, *, #1672, .F. ) ;
#5357 = LINE ( 'NONE', #8127, #10157 ) ;
#5358 = CARTESIAN_POINT ( 'NONE',  ( 0.8910475011150382763, -15.01822014923526183, 4.000000000000000000 ) ) ;
#5359 = CARTESIAN_POINT ( 'NONE',  ( -27.74999999999998934, -15.25000000000000178, 9.000000000000001776 ) ) ;
#5360 = CARTESIAN_POINT ( 'NONE',  ( -18.00000000000000000, 5.000000000000004441, -27.00000000000006395 ) ) ;
#5361 = LINE ( 'NONE', #9100, #6000 ) ;
#5362 = CARTESIAN_POINT ( 'NONE',  ( 75.00000000000002842, 0.000000000000000000, 9.999999999999911182 ) ) ;
#5363 = VERTEX_POINT ( 'NONE', #8439 ) ;
#5364 = DIRECTION ( 'NONE',  ( 0.000000000000000000, 0.000000000000000000, 1.000000000000000000 ) ) ;
#5365 = LINE ( 'NONE', #4460, #8710 ) ;
#5366 = ORIENTED_EDGE ( 'NONE', *, *, #6463, .T. ) ;
#5367 = EDGE_LOOP ( 'NONE', ( #524, #8773, #787, #4181 ) ) ;
#5368 = EDGE_CURVE ( 'NONE', #11933, #5517, #1118, .T. ) ;
#5369 = ORIENTED_EDGE ( 'NONE', *, *, #3055, .F. ) ;
#5370 = CARTESIAN_POINT ( 'NONE',  ( 45.60000000000000142, 0.000000000000000000, -7.500000000000069278 ) ) ;
#5371 = CARTESIAN_POINT ( 'NONE',  ( -25.99999999999999645, 0.000000000000000000, -26.50000000000006395 ) ) ;
#5372 = CARTESIAN_POINT ( 'NONE',  ( 55.50000000000003553, 5.000000000000000000, 84.99999999999994316 ) ) ;
#5373 = CARTESIAN_POINT ( 'NONE',  ( 0.3199168669871786386, -14.60691509192431425, 4.000000000000000000 ) ) ;
#5374 = VERTEX_POINT ( 'NONE', #5599 ) ;
#5375 = LINE ( 'NONE', #11653, #2886 ) ;
#5376 = CARTESIAN_POINT ( 'NONE',  ( 5.495192307692304823, -17.71322518807815882, 5.000000000000000000 ) ) ;
#5377 = DIRECTION ( 'NONE',  ( 0.000000000000000000, 1.000000000000000000, -0.000000000000000000 ) ) ;
#5378 = EDGE_LOOP ( 'NONE', ( #11546, #1317, #10164, #4542 ) ) ;
#5379 = ORIENTED_EDGE ( 'NONE', *, *, #6515, .T. ) ;
#5380 = ORIENTED_EDGE ( 'NONE', *, *, #6685, .F. ) ;
#5381 = DIRECTION ( 'NONE',  ( -0.5000000000000004441, -0.8660254037844383745, -0.000000000000000000 ) ) ;
#5382 = CARTESIAN_POINT ( 'NONE',  ( -3.862538735090420783, -15.72090838701138082, 4.999999999999998224 ) ) ;
#5383 = DIRECTION ( 'NONE',  ( -0.7071067811865464625, 0.7071067811865486830, 0.000000000000000000 ) ) ;
#5384 = VERTEX_POINT ( 'NONE', #6683 ) ;
#5385 = CARTESIAN_POINT ( 'NONE',  ( -4.282934162643969422, -14.65432544641275214, 4.000000000000000000 ) ) ;
#5386 = DIRECTION ( 'NONE',  ( 0.000000000000000000, 0.000000000000000000, 1.000000000000000000 ) ) ;
#5387 = ORIENTED_EDGE ( 'NONE', *, *, #7671, .T. ) ;
#5388 = EDGE_CURVE ( 'NONE', #406, #9485, #10176, .T. ) ;
#5389 = VERTEX_POINT ( 'NONE', #11325 ) ;
#5390 = CARTESIAN_POINT ( 'NONE',  ( 81.00000000000001421, 0.000000000000000000, -62.00000000000002132 ) ) ;
#5391 = ORIENTED_EDGE ( 'NONE', *, *, #3251, .F. ) ;
#5392 = DIRECTION ( 'NONE',  ( -0.000000000000000000, -0.000000000000000000, -1.000000000000000000 ) ) ;
#5393 = EDGE_LOOP ( 'NONE', ( #356, #8792, #11589, #8973 ) ) ;
#5394 = VECTOR ( 'NONE', #7005, 1000.000000000000000 ) ;
#5395 = DIRECTION ( 'NONE',  ( 0.000000000000000000, -1.000000000000000000, 0.000000000000000000 ) ) ;
#5396 = FACE_OUTER_BOUND ( 'NONE', #1803, .T. ) ;
#5397 = ADVANCED_FACE ( 'NONE', ( #11204 ), #5665, .F. ) ;
#5398 = CARTESIAN_POINT ( 'NONE',  ( -5.016271033653846523, -15.10809698294994519, 4.000000000000000000 ) ) ;
#5399 = CARTESIAN_POINT ( 'NONE',  ( -5.210256410256410398, -16.32925082910378833, 4.000000000000000000 ) ) ;
#5400 = VECTOR ( 'NONE', #9262, 1000.000000000000000 ) ;
#5401 = CARTESIAN_POINT ( 'NONE',  ( -25.99999999999999645, -89.44271909999159220, -25.00000000000006395 ) ) ;
#5402 = DIRECTION ( 'NONE',  ( 0.000000000000000000, 0.000000000000000000, 1.000000000000000000 ) ) ;
#5403 = ORIENTED_EDGE ( 'NONE', *, *, #6803, .F. ) ;
#5404 = LINE ( 'NONE', #3600, #2508 ) ;
#5405 = CARTESIAN_POINT ( 'NONE',  ( -3.908275352273725023, -15.84352712202670510, 4.000000000000000888 ) ) ;
#5406 = EDGE_LOOP ( 'NONE', ( #4251, #6437, #11162, #2858 ) ) ;
#5407 = EDGE_CURVE ( 'NONE', #10205, #3385, #4703, .T. ) ;
#5408 = CARTESIAN_POINT ( 'NONE',  ( 20.00000000000007461, 0.000000000000000000, 96.49999999999991473 ) ) ;
#5409 = ORIENTED_EDGE ( 'NONE', *, *, #7771, .F. ) ;
#5410 = CARTESIAN_POINT ( 'NONE',  ( 24.99999999999999645, 17.50000000000000000, 9.000000000000001776 ) ) ;
#5411 = VECTOR ( 'NONE', #4132, 1000.000000000000000 ) ;
#5412 = DIRECTION ( 'NONE',  ( -0.000000000000000000, -0.000000000000000000, -1.000000000000000000 ) ) ;
#5413 = EDGE_CURVE ( 'NONE', #4863, #4566, #5774, .T. ) ;
#5414 = CARTESIAN_POINT ( 'NONE',  ( -17.99999999999998934, 5.000000000000004441, 46.99999999999992895 ) ) ;
#5415 = EDGE_CURVE ( 'NONE', #3934, #7594, #2040, .T. ) ;
#5416 = AXIS2_PLACEMENT_3D ( 'NONE', #4908, #1145, #8409 ) ;
#5417 = DIRECTION ( 'NONE',  ( -0.000000000000000000, -1.000000000000000000, 0.000000000000000000 ) ) ;
#5418 = LINE ( 'NONE', #9037, #982 ) ;
#5419 = AXIS2_PLACEMENT_3D ( 'NONE', #9309, #5804, #5691 ) ;
#5420 = CIRCLE ( 'NONE', #6953, 3.366822574594681150 ) ;
#5421 = CARTESIAN_POINT ( 'NONE',  ( -28.51207079035955516, 16.96115051869449175, 9.000000000000001776 ) ) ;
#5422 = EDGE_LOOP ( 'NONE', ( #677, #8355, #7158, #6155 ) ) ;
#5423 = LINE ( 'NONE', #9889, #1204 ) ;
#5424 = EDGE_CURVE ( 'NONE', #10320, #4953, #8322, .T. ) ;
#5425 = CARTESIAN_POINT ( 'NONE',  ( -1.586620180787939649, -16.14741154042555493, 4.999999999999999112 ) ) ;
#5426 = ORIENTED_EDGE ( 'NONE', *, *, #4385, .F. ) ;
#5427 = ORIENTED_EDGE ( 'NONE', *, *, #8649, .T. ) ;
#5428 = CARTESIAN_POINT ( 'NONE',  ( 24.99999999999999645, -17.50000000000000000, 2.500000000000000000 ) ) ;
#5429 = ORIENTED_EDGE ( 'NONE', *, *, #2502, .F. ) ;
#5430 = FACE_OUTER_BOUND ( 'NONE', #2900, .T. ) ;
#5431 = LINE ( 'NONE', #4409, #3705 ) ;
#5432 = AXIS2_PLACEMENT_3D ( 'NONE', #1011, #11038, #1071 ) ;
#5433 = CARTESIAN_POINT ( 'NONE',  ( -1.740780248397436836, -15.01205832109098104, 4.000000000000000000 ) ) ;
#5434 = EDGE_CURVE ( 'NONE', #10437, #1212, #3977, .T. ) ;
#5435 = CARTESIAN_POINT ( 'NONE',  ( -81.00000000000001421, 37.42339375865881834, -86.25000000000001421 ) ) ;
#5436 = ORIENTED_EDGE ( 'NONE', *, *, #4369, .T. ) ;
#5437 = LINE ( 'NONE', #3504, #10389 ) ;
#5438 = DIRECTION ( 'NONE',  ( 0.000000000000000000, 0.000000000000000000, -1.000000000000000000 ) ) ;
#5439 = AXIS2_PLACEMENT_3D ( 'NONE', #2300, #427, #8707 ) ;
#5440 = EDGE_CURVE ( 'NONE', #4280, #10786, #2193, .T. ) ;
#5441 = CARTESIAN_POINT ( 'NONE',  ( 9.800000000000002487, 2.791454495570343752, 10.00000000000000000 ) ) ;
#5442 = ORIENTED_EDGE ( 'NONE', *, *, #11285, .T. ) ;
#5443 = ORIENTED_EDGE ( 'NONE', *, *, #10068, .T. ) ;
#5444 = AXIS2_PLACEMENT_3D ( 'NONE', #919, #5573, #11788 ) ;
#5445 = VECTOR ( 'NONE', #1624, 1000.000000000000000 ) ;
#5446 = ORIENTED_EDGE ( 'NONE', *, *, #10193, .T. ) ;
#5447 = CARTESIAN_POINT ( 'NONE',  ( -24.83598345761040704, 20.75790299228751223, 0.000000000000000000 ) ) ;
#5448 = LINE ( 'NONE', #10876, #9170 ) ;
#5449 = CARTESIAN_POINT ( 'NONE',  ( 20.00000000000006750, -16.20000000000000284, 93.49999999999991473 ) ) ;
#5450 = ORIENTED_EDGE ( 'NONE', *, *, #10351, .T. ) ;
#5451 = AXIS2_PLACEMENT_3D ( 'NONE', #1645, #11723, #10998 ) ;
#5452 = CYLINDRICAL_SURFACE ( 'NONE', #9849, 6.500000000000005329 ) ;
#5453 = DIRECTION ( 'NONE',  ( -0.000000000000000000, -1.000000000000000000, -0.000000000000000000 ) ) ;
#5454 = ORIENTED_EDGE ( 'NONE', *, *, #4223, .T. ) ;
#5455 = FACE_OUTER_BOUND ( 'NONE', #3911, .T. ) ;
#5456 = ORIENTED_EDGE ( 'NONE', *, *, #8601, .T. ) ;
#5457 = FACE_BOUND ( 'NONE', #8589, .T. ) ;
#5458 = VERTEX_POINT ( 'NONE', #1177 ) ;
#5459 = CARTESIAN_POINT ( 'NONE',  ( -79.57770272134631284, 24.34213813685068217, -60.08160259997137587 ) ) ;
#5460 = B_SPLINE_CURVE_WITH_KNOTS ( 'NONE', 3,
 ( #11817, #5425, #3431, #2457, #1738, #7108, #4522, #7295, #2516, #10788, #4404, #10970, #9107, #10069, #6215, #10004, #10851, #2707, #10912 ),
 .UNSPECIFIED., .F., .F.,
 ( 4, 1, 1, 1, 1, 1, 1, 1, 1, 1, 1, 1, 1, 1, 1, 1, 4 ),
 ( 0.000000000000000000, 0.06387922505487494962, 0.1258508182289635458, 0.1864720878710259822, 0.2464764795622997329, 0.3062584143630093236, 0.3669511756525886681, 0.4288608758525596643, 0.4925686815092669701, 0.5566061100449879451, 0.6190867352860935924, 0.6810492005977589747, 0.7427850667630342407, 0.8048964525180758445, 0.8678490598723974658, 0.9329329606759886317, 1.000000000000000000 ),
 .UNSPECIFIED. ) ;
#5461 = CARTESIAN_POINT ( 'NONE',  ( 30.07210899186226882, 17.76098398388764821, 9.000000000000001776 ) ) ;
#5462 = AXIS2_PLACEMENT_3D ( 'NONE', #7913, #4300, #9225 ) ;
#5463 = DIRECTION ( 'NONE',  ( 0.000000000000000000, -1.000000000000000000, 0.000000000000000000 ) ) ;
#5464 = DIRECTION ( 'NONE',  ( 0.000000000000000000, 1.000000000000000000, 0.000000000000000000 ) ) ;
#5465 = CARTESIAN_POINT ( 'NONE',  ( 25.33369296624130840, 22.34263864068764249, 5.000000000000000000 ) ) ;
#5466 = CARTESIAN_POINT ( 'NONE',  ( 5.746638708345982787E-15, 0.000000000000000000, -93.95000000000000284 ) ) ;
#5467 = EDGE_LOOP ( 'NONE', ( #1148, #7710, #6444, #11049 ) ) ;
#5468 = CYLINDRICAL_SURFACE ( 'NONE', #3079, 1.366822574594681150 ) ;
#5469 = EDGE_LOOP ( 'NONE', ( #1046, #5569, #4579, #9235 ) ) ;
#5470 = AXIS2_PLACEMENT_3D ( 'NONE', #8996, #11103, #8091 ) ;
#5471 = DIRECTION ( 'NONE',  ( -0.000000000000000000, -0.000000000000000000, -1.000000000000000000 ) ) ;
#5472 = EDGE_LOOP ( 'NONE', ( #3456, #7254, #8775, #8694 ) ) ;
#5473 = CYLINDRICAL_SURFACE ( 'NONE', #2446, 2.599999999999984102 ) ;
#5474 = DIRECTION ( 'NONE',  ( -0.000000000000000000, -1.000000000000000000, -0.000000000000000000 ) ) ;
#5475 = EDGE_CURVE ( 'NONE', #1788, #3965, #4880, .T. ) ;
#5476 = DIRECTION ( 'NONE',  ( -1.000000000000000000, -0.000000000000000000, -0.000000000000000000 ) ) ;
#5477 = EDGE_CURVE ( 'NONE', #10758, #3198, #3737, .T. ) ;
#5478 = CARTESIAN_POINT ( 'NONE',  ( -75.00000000000001421, 37.42339375865881124, -72.25000000000000000 ) ) ;
#5479 = CARTESIAN_POINT ( 'NONE',  ( -20.46074529610707060, 18.30322271705048820, 5.000000000000000000 ) ) ;
#5480 = CARTESIAN_POINT ( 'NONE',  ( -19.19238815542510679, -12.03553390593273242, 0.000000000000000000 ) ) ;
#5481 = ORIENTED_EDGE ( 'NONE', *, *, #3062, .T. ) ;
#5482 = CIRCLE ( 'NONE', #10673, 1.500000000000001332 ) ;
#5483 = CARTESIAN_POINT ( 'NONE',  ( 80.73219148559161340, 28.72772787698237806, -99.00947942459758622 ) ) ;
#5484 = AXIS2_PLACEMENT_3D ( 'NONE', #3440, #4472, #771 ) ;
#5485 = FACE_BOUND ( 'NONE', #8367, .T. ) ;
#5486 = EDGE_CURVE ( 'NONE', #7243, #10881, #11089, .T. ) ;
#5487 = ORIENTED_EDGE ( 'NONE', *, *, #6021, .T. ) ;
#5488 = CIRCLE ( 'NONE', #8571, 5.000000000000000888 ) ;
#5489 = ORIENTED_EDGE ( 'NONE', *, *, #96, .T. ) ;
#5490 = CARTESIAN_POINT ( 'NONE',  ( 9.000000000000005329, 0.000000000000000000, 8.000000000000007105 ) ) ;
#5491 = EDGE_CURVE ( 'NONE', #9040, #4312, #8933, .T. ) ;
#5492 = VECTOR ( 'NONE', #4038, 1000.000000000000000 ) ;
#5493 = DIRECTION ( 'NONE',  ( 0.000000000000000000, 0.000000000000000000, 1.000000000000000000 ) ) ;
#5494 = CARTESIAN_POINT ( 'NONE',  ( 0.8910475011150382763, -15.01822014923526183, 4.000000000000000000 ) ) ;
#5495 = CARTESIAN_POINT ( 'NONE',  ( -0.7406686922125101935, -14.47557800615342494, 4.000000000000000888 ) ) ;
#5496 = CARTESIAN_POINT ( 'NONE',  ( 0.2897196025698228761, -14.59492753222951578, 4.000000000000000000 ) ) ;
#5497 = ORIENTED_EDGE ( 'NONE', *, *, #10019, .F. ) ;
#5498 = VECTOR ( 'NONE', #5224, 1000.000000000000000 ) ;
#5499 = DIRECTION ( 'NONE',  ( -0.000000000000000000, -0.000000000000000000, 1.000000000000000000 ) ) ;
#5500 = CARTESIAN_POINT ( 'NONE',  ( 64.99999999999998579, 5.000000000000000000, -54.45000000000000995 ) ) ;
#5501 = ORIENTED_EDGE ( 'NONE', *, *, #11225, .F. ) ;
#5502 = EDGE_CURVE ( 'NONE', #4867, #145, #8491, .T. ) ;
#5503 = ORIENTED_EDGE ( 'NONE', *, *, #10124, .F. ) ;
#5504 = EDGE_LOOP ( 'NONE', ( #7385, #4458 ) ) ;
#5505 = APPLICATION_CONTEXT ( 'automotive_design' ) ;
#5506 = AXIS2_PLACEMENT_3D ( 'NONE', #11857, #7276, #10952 ) ;
#5507 = DIRECTION ( 'NONE',  ( -0.000000000000000000, -0.000000000000000000, -1.000000000000000000 ) ) ;
#5508 = CARTESIAN_POINT ( 'NONE',  ( 13.16682257459468453, 2.791454495570344196, 10.00000000000000000 ) ) ;
#5509 = CARTESIAN_POINT ( 'NONE',  ( -26.63101451046069457, -20.32500000000000995, 0.000000000000000000 ) ) ;
#5510 = ORIENTED_EDGE ( 'NONE', *, *, #8649, .F. ) ;
#5511 = CARTESIAN_POINT ( 'NONE',  ( 2.279487179487178050, -16.32925082910379899, 5.000000000000000000 ) ) ;
#5512 = LINE ( 'NONE', #5, #8302 ) ;
#5513 = ORIENTED_EDGE ( 'NONE', *, *, #9171, .F. ) ;
#5514 = CARTESIAN_POINT ( 'NONE',  ( 23.49999999999999645, -17.50000000000000000, 2.500000000000000000 ) ) ;
#5515 = ORIENTED_EDGE ( 'NONE', *, *, #6082, .T. ) ;
#5516 = CARTESIAN_POINT ( 'NONE',  ( 9.299999999999998934, 2.000000000000000000, -10.54999999999999716 ) ) ;
#5517 = VERTEX_POINT ( 'NONE', #1420 ) ;
#5518 = ADVANCED_FACE ( 'NONE', ( #3298 ), #5116, .T. ) ;
#5519 = CARTESIAN_POINT ( 'NONE',  ( 0.1105153617737233834, -17.08736688799039172, 4.000000000000000888 ) ) ;
#5520 = CARTESIAN_POINT ( 'NONE',  ( -3.828011659420312629, -15.51420243732616733, 5.000000000000000000 ) ) ;
#5521 = CARTESIAN_POINT ( 'NONE',  ( 27.90343502558110700, 16.01309099620652532, 2.500000000000000000 ) ) ;
#5522 = FACE_OUTER_BOUND ( 'NONE', #10500, .T. ) ;
#5523 = DIRECTION ( 'NONE',  ( 0.5085404518589187184, -0.8610380995189044206, 0.000000000000000000 ) ) ;
#5524 = CARTESIAN_POINT ( 'NONE',  ( -25.99999999999999645, 5.000000000000004441, -23.50000000000006395 ) ) ;
#5525 = VERTEX_POINT ( 'NONE', #5900 ) ;
#5526 = DIRECTION ( 'NONE',  ( 0.000000000000000000, 0.000000000000000000, 1.000000000000000000 ) ) ;
#5527 = EDGE_LOOP ( 'NONE', ( #8159, #1369, #11757, #8310 ) ) ;
#5528 = CARTESIAN_POINT ( 'NONE',  ( 55.50000000000003553, 5.000000000000000000, 84.99999999999994316 ) ) ;
#5529 = EDGE_LOOP ( 'NONE', ( #1665, #10863, #9677, #3861 ) ) ;
#5530 = AXIS2_PLACEMENT_3D ( 'NONE', #2130, #7504, #366 ) ;
#5531 = LINE ( 'NONE', #10808, #4947 ) ;
#5532 = CARTESIAN_POINT ( 'NONE',  ( -2.249999999999999556, 4.000000000000000000, -0.4999999999999987232 ) ) ;
#5533 = VECTOR ( 'NONE', #3049, 1000.000000000000341 ) ;
#5534 = CARTESIAN_POINT ( 'NONE',  ( 7.000000000000003553, -8.208545504429656248, 6.000000000000000888 ) ) ;
#5535 = CARTESIAN_POINT ( 'NONE',  ( 77.00000000000000000, 0.000000000000000000, -102.0000000000000142 ) ) ;
#5536 = CARTESIAN_POINT ( 'NONE',  ( -4.229231431474234526, -14.68320588092989887, 3.999999999999999112 ) ) ;
#5537 = CARTESIAN_POINT ( 'NONE',  ( 24.99999999999999645, 17.50000000000000000, 5.000000000000000000 ) ) ;
#5538 = VECTOR ( 'NONE', #4915, 1000.000000000000000 ) ;
#5539 = ORIENTED_EDGE ( 'NONE', *, *, #5777, .F. ) ;
#5541 = EDGE_CURVE ( 'NONE', #645, #2404, #65, .T. ) ;
#5540 = CARTESIAN_POINT ( 'NONE',  ( -4.416506410256410220, -16.26437703102686783, 5.000000000000000000 ) ) ;
#5542 = CARTESIAN_POINT ( 'NONE',  ( 24.83598345761040704, 20.75790299228751223, 0.000000000000000000 ) ) ;
#5543 = EDGE_CURVE ( 'NONE', #10226, #11034, #6919, .T. ) ;
#5544 = ORIENTED_EDGE ( 'NONE', *, *, #2527, .T. ) ;
#5545 = ORIENTED_EDGE ( 'NONE', *, *, #5130, .F. ) ;
#5546 = ADVANCED_FACE ( 'NONE', ( #3181 ), #6862, .F. ) ;
#5547 = DIRECTION ( 'NONE',  ( -0.000000000000000000, -0.000000000000000000, -1.000000000000000000 ) ) ;
#5548 = CARTESIAN_POINT ( 'NONE',  ( -8.799999999999998934, 2.791454495570343752, 5.000000000000000000 ) ) ;
#5549 = CARTESIAN_POINT ( 'NONE',  ( -81.00000000000001421, 17.00000000000000000, -80.00000000000000000 ) ) ;
#5550 = EDGE_CURVE ( 'NONE', #1692, #6957, #6817, .T. ) ;
#5551 = DIRECTION ( 'NONE',  ( 1.000000000000000000, 0.000000000000000000, 0.000000000000000000 ) ) ;
#5552 = DIRECTION ( 'NONE',  ( -0.000000000000000000, 1.000000000000000000, -0.000000000000000000 ) ) ;
#5553 = VERTEX_POINT ( 'NONE', #509 ) ;
#5554 = DIRECTION ( 'NONE',  ( -0.000000000000000000, 0.000000000000000000, 1.000000000000000000 ) ) ;
#5555 = LINE ( 'NONE', #1131, #11047 ) ;
#5556 = ORIENTED_EDGE ( 'NONE', *, *, #4009, .T. ) ;
#5557 = ADVANCED_FACE ( 'NONE', ( #4211 ), #6978, .T. ) ;
#5558 = EDGE_CURVE ( 'NONE', #3198, #11836, #7883, .T. ) ;
#5559 = EDGE_LOOP ( 'NONE', ( #11709, #10524, #7731, #8110 ) ) ;
#5560 = EDGE_LOOP ( 'NONE', ( #7658, #8394, #6795, #3558 ) ) ;
#5561 = ADVANCED_FACE ( 'NONE', ( #4996 ), #8844, .T. ) ;
#5562 = LINE ( 'NONE', #3636, #3531 ) ;
#5563 = EDGE_CURVE ( 'NONE', #2660, #4346, #6020, .T. ) ;
#5564 = LINE ( 'NONE', #9241, #8590 ) ;
#5565 = CARTESIAN_POINT ( 'NONE',  ( 19.19238815542513166, -12.03553390593273242, 5.000000000000000000 ) ) ;
#5566 = ORIENTED_EDGE ( 'NONE', *, *, #1811, .T. ) ;
#5567 = SHAPE_REPRESENTATION_RELATIONSHIP ( 'NONE' , 'NONE' ,  #4395, #4626 ) ;
#5568 = DIRECTION ( 'NONE',  ( 1.000000000000000000, -2.127171113256150401E-15, 0.000000000000000000 ) ) ;
#5569 = ORIENTED_EDGE ( 'NONE', *, *, #7833, .F. ) ;
#5570 = DIRECTION ( 'NONE',  ( 0.000000000000000000, 1.000000000000000000, 0.000000000000000000 ) ) ;
#5571 = ORIENTED_EDGE ( 'NONE', *, *, #7266, .F. ) ;
#5572 = EDGE_CURVE ( 'NONE', #5630, #172, #9902, .T. ) ;
#5573 = DIRECTION ( 'NONE',  ( -0.000000000000000000, -1.000000000000000000, 0.000000000000000000 ) ) ;
#5574 = ORIENTED_EDGE ( 'NONE', *, *, #11171, .F. ) ;
#5575 = CARTESIAN_POINT ( 'NONE',  ( 0.2151256036420169937, -17.00822485306244758, 4.000000000000000888 ) ) ;
#5576 = DIRECTION ( 'NONE',  ( 1.000000000000000000, 0.000000000000000000, 0.000000000000000000 ) ) ;
#5577 = EDGE_CURVE ( 'NONE', #9908, #1045, #3856, .T. ) ;
#5578 = CARTESIAN_POINT ( 'NONE',  ( -0.4706530448717958781, -15.02668672653969750, 4.999999999999999112 ) ) ;
#5579 = DIRECTION ( 'NONE',  ( 0.000000000000000000, -0.000000000000000000, 1.000000000000000000 ) ) ;
#5580 = FACE_OUTER_BOUND ( 'NONE', #6094, .T. ) ;
#5581 = DIRECTION ( 'NONE',  ( -0.000000000000000000, -0.000000000000000000, -1.000000000000000000 ) ) ;
#5582 = ORIENTED_EDGE ( 'NONE', *, *, #4958, .T. ) ;
#5583 = ORIENTED_EDGE ( 'NONE', *, *, #10487, .F. ) ;
#5584 = DIRECTION ( 'NONE',  ( 0.000000000000000000, 1.000000000000000000, 0.000000000000000000 ) ) ;
#5585 = VERTEX_POINT ( 'NONE', #6142 ) ;
#5586 = VECTOR ( 'NONE', #6227, 1000.000000000000114 ) ;
#5587 = CARTESIAN_POINT ( 'NONE',  ( -0.6474327424021644184, -14.46515654082228153, 4.999999999999999112 ) ) ;
#5588 = EDGE_CURVE ( 'NONE', #5290, #2051, #10596, .T. ) ;
#5589 = EDGE_LOOP ( 'NONE', ( #3634, #2213, #8888, #4511 ) ) ;
#5590 = CARTESIAN_POINT ( 'NONE',  ( -5.016271033653846523, -15.10809698294994519, 4.000000000000000000 ) ) ;
#5591 = CARTESIAN_POINT ( 'NONE',  ( -14.99999999999999822, 5.949455682166679971, 5.000000000000000000 ) ) ;
#5592 = FACE_OUTER_BOUND ( 'NONE', #2244, .T. ) ;
#5593 = VECTOR ( 'NONE', #507, 1000.000000000000000 ) ;
#5594 = DIRECTION ( 'NONE',  ( -0.000000000000000000, -1.000000000000000000, -0.000000000000000000 ) ) ;
#5595 = CYLINDRICAL_SURFACE ( 'NONE', #4555, 1.499999999999987566 ) ;
#5596 = CARTESIAN_POINT ( 'NONE',  ( -4.866102240875034290, -14.54340779600977385, 3.999999999999999112 ) ) ;
#5597 = CARTESIAN_POINT ( 'NONE',  ( 24.00000000000002842, 0.000000000000000000, 44.99999999999992895 ) ) ;
#5598 = VERTEX_POINT ( 'NONE', #5234 ) ;
#5599 = CARTESIAN_POINT ( 'NONE',  ( 15.86005420924689524, 7.456272356324764594, 0.000000000000000000 ) ) ;
#5600 = DIRECTION ( 'NONE',  ( -1.000000000000000000, -0.000000000000000000, -0.000000000000000000 ) ) ;
#5601 = VERTEX_POINT ( 'NONE', #7341 ) ;
#5602 = EDGE_LOOP ( 'NONE', ( #7660, #8746, #5582, #9548 ) ) ;
#5603 = CARTESIAN_POINT ( 'NONE',  ( -4.416506410256410220, -16.26437703102686783, 4.000000000000000000 ) ) ;
#5604 = AXIS2_PLACEMENT_3D ( 'NONE', #180, #2064, #10384 ) ;
#5605 = DIRECTION ( 'NONE',  ( -0.000000000000000000, -1.000000000000000000, -0.000000000000000000 ) ) ;
#5606 = DIRECTION ( 'NONE',  ( -0.7071067811865486830, -0.7071067811865464625, 0.000000000000000000 ) ) ;
#5607 = CARTESIAN_POINT ( 'NONE',  ( 64.99999999999998579, 0.000000000000000000, -57.55000000000000426 ) ) ;
#5608 = DIRECTION ( 'NONE',  ( -0.000000000000000000, -0.000000000000000000, 1.000000000000000000 ) ) ;
#5609 = ORIENTED_EDGE ( 'NONE', *, *, #5866, .F. ) ;
#5610 = ORIENTED_EDGE ( 'NONE', *, *, #2453, .F. ) ;
#5611 = CARTESIAN_POINT ( 'NONE',  ( 24.00000000000002842, -89.44271909999159220, 46.49999999999992895 ) ) ;
#5612 = DIRECTION ( 'NONE',  ( -1.000000000000000000, 0.000000000000000000, 0.000000000000000000 ) ) ;
#5613 = VERTEX_POINT ( 'NONE', #9089 ) ;
#5614 = AXIS2_PLACEMENT_3D ( 'NONE', #11654, #9723, #2413 ) ;
#5615 = AXIS2_PLACEMENT_3D ( 'NONE', #9674, #5879, #2422 ) ;
#5616 = VERTEX_POINT ( 'NONE', #5408 ) ;
#5617 = EDGE_LOOP ( 'NONE', ( #11519, #11048, #7125, #8817 ) ) ;
#5618 = EDGE_CURVE ( 'NONE', #11946, #8804, #8065, .T. ) ;
#5619 = CIRCLE ( 'NONE', #7161, 1.500000000000001332 ) ;
#5620 = EDGE_CURVE ( 'NONE', #9538, #27, #6324, .T. ) ;
#5621 = CARTESIAN_POINT ( 'NONE',  ( -0.4477564102564112192, -16.08502005987303107, 5.000000000000000000 ) ) ;
#5622 = EDGE_CURVE ( 'NONE', #3167, #1759, #2571, .T. ) ;
#5624 = AXIS2_PLACEMENT_3D ( 'NONE', #10456, #1637, #8038 ) ;
#5623 = CARTESIAN_POINT ( 'NONE',  ( -29.49999999999999289, -19.75000000000000000, 9.000000000000001776 ) ) ;
#5625 = CARTESIAN_POINT ( 'NONE',  ( -73.00000000000001421, 5.000000000000000000, -105.0000000000000142 ) ) ;
#5626 = ORIENTED_EDGE ( 'NONE', *, *, #9982, .T. ) ;
#5627 = CARTESIAN_POINT ( 'NONE',  ( -5.016271033653846523, -15.10809698294994519, 4.000000000000000000 ) ) ;
#5628 = DIRECTION ( 'NONE',  ( 0.000000000000000000, 0.000000000000000000, -1.000000000000000000 ) ) ;
#5629 = CARTESIAN_POINT ( 'NONE',  ( -1.545691788893651220, -14.82263217056909177, 4.999999999999999112 ) ) ;
#5630 = VERTEX_POINT ( 'NONE', #9808 ) ;
#5631 = LINE ( 'NONE', #1031, #6786 ) ;
#5632 = ORIENTED_EDGE ( 'NONE', *, *, #5729, .F. ) ;
#5633 = VECTOR ( 'NONE', #1679, 1000.000000000000000 ) ;
#5634 = VECTOR ( 'NONE', #2590, 1000.000000000000000 ) ;
#5635 = VERTEX_POINT ( 'NONE', #8124 ) ;
#5636 = EDGE_CURVE ( 'NONE', #5585, #8002, #811, .T. ) ;
#5637 = EDGE_CURVE ( 'NONE', #2256, #125, #7211, .T. ) ;
#5638 = DIRECTION ( 'NONE',  ( 0.8900702620852276592, -0.4558233523543239185, 0.000000000000000000 ) ) ;
#5639 = DIRECTION ( 'NONE',  ( 0.5000000000000015543, -0.8660254037844377084, -0.000000000000000000 ) ) ;
#5640 = CIRCLE ( 'NONE', #1188, 1.549999999999995826 ) ;
#5641 = EDGE_CURVE ( 'NONE', #1688, #10685, #8905, .T. ) ;
#5642 = DIRECTION ( 'NONE',  ( -0.000000000000000000, -0.000000000000000000, -1.000000000000000000 ) ) ;
#5643 = CARTESIAN_POINT ( 'NONE',  ( 119.0000000000000284, 37.42339375865881124, -70.75000000000000000 ) ) ;
#5644 = CARTESIAN_POINT ( 'NONE',  ( -28.26202902092138913, -17.50000000000000711, 2.500000000000000000 ) ) ;
#5645 = CARTESIAN_POINT ( 'NONE',  ( -2.727243589743591379, -14.53822518807815989, 4.000000000000000000 ) ) ;
#5646 = ORIENTED_EDGE ( 'NONE', *, *, #7547, .F. ) ;
#5647 = ORIENTED_EDGE ( 'NONE', *, *, #5782, .F. ) ;
#5648 = LINE ( 'NONE', #11424, #6559 ) ;
#5649 = ORIENTED_EDGE ( 'NONE', *, *, #9928, .T. ) ;
#5650 = CARTESIAN_POINT ( 'NONE',  ( -0.5519781544576651822, -14.45751834862439011, 4.000000000000000888 ) ) ;
#5651 = EDGE_LOOP ( 'NONE', ( #297, #9129, #11491, #10792 ) ) ;
#5652 = AXIS2_PLACEMENT_3D ( 'NONE', #1016, #10255, #2053 ) ;
#5653 = VECTOR ( 'NONE', #11286, 1000.000000000000000 ) ;
#5654 = EDGE_CURVE ( 'NONE', #6245, #10437, #6441, .T. ) ;
#5655 = AXIS2_PLACEMENT_3D ( 'NONE', #8678, #395, #4095 ) ;
#5656 = PLANE ( 'NONE',  #3944 ) ;
#5657 = FILL_AREA_STYLE ('',( #7408 ) ) ;
#5658 = DIRECTION ( 'NONE',  ( 0.000000000000000000, 1.000000000000000000, 0.000000000000000000 ) ) ;
#5659 = CIRCLE ( 'NONE', #2765, 1.500000000000001332 ) ;
#5660 = LINE ( 'NONE', #9340, #9539 ) ;
#5661 = CARTESIAN_POINT ( 'NONE',  ( -3.826282051282051455, -15.44009818487302255, 4.999999999999997335 ) ) ;
#5662 = DIRECTION ( 'NONE',  ( 0.000000000000000000, 0.000000000000000000, -1.000000000000000000 ) ) ;
#5663 = LINE ( 'NONE', #1063, #8666 ) ;
#5664 = ORIENTED_EDGE ( 'NONE', *, *, #1925, .F. ) ;
#5665 = CYLINDRICAL_SURFACE ( 'NONE', #11437, 6.500000000000005329 ) ;
#5666 = CARTESIAN_POINT ( 'NONE',  ( -16.74999999999999645, 5.949455682166679971, 0.000000000000000000 ) ) ;
#5667 = ORIENTED_EDGE ( 'NONE', *, *, #7620, .F. ) ;
#5668 = EDGE_CURVE ( 'NONE', #4981, #5630, #4510, .T. ) ;
#5669 = VECTOR ( 'NONE', #1065, 1000.000000000000000 ) ;
#5670 = ORIENTED_EDGE ( 'NONE', *, *, #11432, .F. ) ;
#5671 = DIRECTION ( 'NONE',  ( -1.000000000000000000, 0.000000000000000000, 0.000000000000000000 ) ) ;
#5672 = CARTESIAN_POINT ( 'NONE',  ( 119.0000000000000284, 17.00000000000000000, -86.50000000000001421 ) ) ;
#5673 = FACE_OUTER_BOUND ( 'NONE', #2961, .T. ) ;
#5674 = DIRECTION ( 'NONE',  ( 0.000000000000000000, 0.000000000000000000, -1.000000000000000000 ) ) ;
#5675 = LINE ( 'NONE', #9413, #6457 ) ;
#5676 = VECTOR ( 'NONE', #11154, 1000.000000000000000 ) ;
#5677 = VERTEX_POINT ( 'NONE', #3474 ) ;
#5678 = CARTESIAN_POINT ( 'NONE',  ( 25.16401654238957875, 14.24209700771249132, 2.500000000000000000 ) ) ;
#5679 = DIRECTION ( 'NONE',  ( -0.000000000000000000, -0.000000000000000000, 1.000000000000000000 ) ) ;
#5680 = EDGE_LOOP ( 'NONE', ( #4314, #11382 ) ) ;
#5681 = AXIS2_PLACEMENT_3D ( 'NONE', #4575, #8260, #4453 ) ;
#5682 = ORIENTED_EDGE ( 'NONE', *, *, #2554, .F. ) ;
#5683 = EDGE_LOOP ( 'NONE', ( #5781, #7847 ) ) ;
#5684 = VECTOR ( 'NONE', #2579, 1000.000000000000114 ) ;
#5685 = EDGE_CURVE ( 'NONE', #577, #245, #11803, .T. ) ;
#5686 = CARTESIAN_POINT ( 'NONE',  ( -20.99999999999998934, -89.44271909999159220, 46.99999999999990052 ) ) ;
#5687 = AXIS2_PLACEMENT_3D ( 'NONE', #2086, #325, #4025 ) ;
#5688 = LINE ( 'NONE', #910, #4351 ) ;
#5689 = CARTESIAN_POINT ( 'NONE',  ( -0.3262956696057711103, -17.79295521362713828, 4.000000000000001776 ) ) ;
#5690 = ORIENTED_EDGE ( 'NONE', *, *, #1120, .T. ) ;
#5691 = DIRECTION ( 'NONE',  ( 1.387778780781444413E-14, 0.000000000000000000, 1.000000000000000000 ) ) ;
#5692 = DIRECTION ( 'NONE',  ( -1.000000000000000000, -0.000000000000000000, -0.000000000000000000 ) ) ;
#5693 = LINE ( 'NONE', #2242, #6572 ) ;
#5694 = EDGE_LOOP ( 'NONE', ( #232, #2284, #3702, #2056 ) ) ;
#5695 = EDGE_CURVE ( 'NONE', #3458, #1463, #4470, .T. ) ;
#5696 = ORIENTED_EDGE ( 'NONE', *, *, #11312, .F. ) ;
#5697 = VECTOR ( 'NONE', #9690, 1000.000000000000000 ) ;
#5698 = CARTESIAN_POINT ( 'NONE',  ( -0.4013083235086211675, -17.22452819423165238, 4.000000000000000888 ) ) ;
#5699 = EDGE_CURVE ( 'NONE', #3005, #5179, #1693, .T. ) ;
#5700 = CARTESIAN_POINT ( 'NONE',  ( -3.845458413855898705, -15.65526029447563516, 4.000000000000000888 ) ) ;
#5701 = LINE ( 'NONE', #978, #9740 ) ;
#5702 = DIRECTION ( 'NONE',  ( -1.000000000000000000, -5.778241043194148297E-16, 0.000000000000000000 ) ) ;
#5703 = VECTOR ( 'NONE', #486, 1000.000000000000000 ) ;
#5704 = DIRECTION ( 'NONE',  ( 1.000000000000000000, 0.000000000000000000, 0.000000000000000000 ) ) ;
#5705 = CARTESIAN_POINT ( 'NONE',  ( 81.00000000000001421, 37.42339375865881124, -70.75000000000000000 ) ) ;
#5706 = ORIENTED_EDGE ( 'NONE', *, *, #6873, .F. ) ;
#5707 = VERTEX_POINT ( 'NONE', #4567 ) ;
#5708 = LINE ( 'NONE', #2136, #3668 ) ;
#5709 = ORIENTED_EDGE ( 'NONE', *, *, #408, .F. ) ;
#5710 = CARTESIAN_POINT ( 'NONE',  ( -74.99999999999995737, 22.50000000000000000, -100.0000000000000000 ) ) ;
#5711 = ORIENTED_EDGE ( 'NONE', *, *, #810, .F. ) ;
#5712 = ADVANCED_FACE ( 'NONE', ( #2630 ), #3417, .T. ) ;
#5713 = LINE ( 'NONE', #202, #7590 ) ;
#5714 = DIRECTION ( 'NONE',  ( -0.000000000000000000, -0.000000000000000000, -1.000000000000000000 ) ) ;
#5715 = EDGE_CURVE ( 'NONE', #7570, #10679, #2500, .T. ) ;
#5716 = LINE ( 'NONE', #1111, #6848 ) ;
#5717 = DIRECTION ( 'NONE',  ( 0.000000000000000000, 0.000000000000000000, 1.000000000000000000 ) ) ;
#5718 = CARTESIAN_POINT ( 'NONE',  ( -3.966727154109230380, -14.93561736206180868, 4.999999999999994671 ) ) ;
#5719 = EDGE_CURVE ( 'NONE', #11147, #11823, #3125, .T. ) ;
#5720 = CARTESIAN_POINT ( 'NONE',  ( 1.019158458657892563, -16.82853070065727152, 5.000000000000000000 ) ) ;
#5721 = CARTESIAN_POINT ( 'NONE',  ( 0.4636568509615375810, -16.65489185474482525, 4.000000000000000000 ) ) ;
#5722 = VECTOR ( 'NONE', #80, 1000.000000000000000 ) ;
#5723 = ORIENTED_EDGE ( 'NONE', *, *, #3132, .T. ) ;
#5724 = DIRECTION ( 'NONE',  ( -0.000000000000000000, 1.000000000000000000, 0.000000000000000000 ) ) ;
#5725 = FACE_OUTER_BOUND ( 'NONE', #7512, .T. ) ;
#5726 = ORIENTED_EDGE ( 'NONE', *, *, #8494, .T. ) ;
#5727 = ORIENTED_EDGE ( 'NONE', *, *, #6932, .F. ) ;
#5728 = LINE ( 'NONE', #2161, #3677 ) ;
#5729 = EDGE_CURVE ( 'NONE', #10987, #3740, #6968, .T. ) ;
#5730 = FACE_BOUND ( 'NONE', #871, .T. ) ;
#5731 = LINE ( 'NONE', #3068, #611 ) ;
#5732 = PLANE ( 'NONE',  #6268 ) ;
#5733 = VERTEX_POINT ( 'NONE', #1724 ) ;
#5734 = CARTESIAN_POINT ( 'NONE',  ( 21.73797097907860731, -17.50000000000002132, 2.500000000000000000 ) ) ;
#5735 = VECTOR ( 'NONE', #3905, 1000.000000000000114 ) ;
#5736 = FACE_BOUND ( 'NONE', #11789, .T. ) ;
#5737 = ORIENTED_EDGE ( 'NONE', *, *, #3579, .T. ) ;
#5738 = ADVANCED_FACE ( 'NONE', ( #6442 ), #8426, .T. ) ;
#5739 = ORIENTED_EDGE ( 'NONE', *, *, #9525, .F. ) ;
#5740 = EDGE_LOOP ( 'NONE', ( #7485, #7119, #10050, #1571 ) ) ;
#5741 = CARTESIAN_POINT ( 'NONE',  ( 7.000000000000003553, -5.208545504429656248, 6.000000000000000888 ) ) ;
#5742 = ADVANCED_FACE ( 'NONE', ( #3782 ), #9687, .T. ) ;
#5743 = CARTESIAN_POINT ( 'NONE',  ( -75.00000000000001421, 0.000000000000000000, -103.0000000000000142 ) ) ;
#5744 = DIRECTION ( 'NONE',  ( -0.000000000000000000, -0.000000000000000000, 1.000000000000000000 ) ) ;
#5745 = EDGE_LOOP ( 'NONE', ( #6279, #7083, #4928, #8454 ) ) ;
#5746 = CARTESIAN_POINT ( 'NONE',  ( 10.00000000000001243, 2.000000000000000000, 7.000000000000000000 ) ) ;
#5747 = DIRECTION ( 'NONE',  ( -2.127171113256157501E-15, 1.000000000000000000, 0.000000000000000000 ) ) ;
#5748 = DIRECTION ( 'NONE',  ( -0.05028052826558215144, 0.9987351342960424372, 0.000000000000000000 ) ) ;
#5749 = ORIENTED_EDGE ( 'NONE', *, *, #11913, .T. ) ;
#5750 = ORIENTED_EDGE ( 'NONE', *, *, #6941, .T. ) ;
#5751 = CARTESIAN_POINT ( 'NONE',  ( 0.1643420549088633331, -17.05045728627539958, 3.999999999999999112 ) ) ;
#5752 = CARTESIAN_POINT ( 'NONE',  ( -4.215675540487057837, -16.17204377113343838, 5.000000000000001776 ) ) ;
#5753 = EDGE_CURVE ( 'NONE', #6530, #2788, #10290, .T. ) ;
#5754 = CARTESIAN_POINT ( 'NONE',  ( -0.8049270185270077649, -15.06933163398801589, 3.999999999999999112 ) ) ;
#5755 = FACE_BOUND ( 'NONE', #9333, .T. ) ;
#5756 = CARTESIAN_POINT ( 'NONE',  ( -4.413061768836471721, -15.54982462116395681, 4.000000000000000888 ) ) ;
#5757 = CARTESIAN_POINT ( 'NONE',  ( -0.08007804665968364100, -15.08486808327615059, 4.000000000000000888 ) ) ;
#5758 = EDGE_LOOP ( 'NONE', ( #1176, #1447, #3003, #9489 ) ) ;
#5759 = VERTEX_POINT ( 'NONE', #9389 ) ;
#5760 = LINE ( 'NONE', #11186, #11176 ) ;
#5761 = ORIENTED_EDGE ( 'NONE', *, *, #5858, .T. ) ;
#5762 = CARTESIAN_POINT ( 'NONE',  ( 15.00000000000000533, 5.949455682166683523, 0.000000000000000000 ) ) ;
#5763 = VERTEX_POINT ( 'NONE', #5710 ) ;
#5764 = CARTESIAN_POINT ( 'NONE',  ( 4.215830209411790279E-15, 0.000000000000000000, -100.5000000000000000 ) ) ;
#5765 = EDGE_CURVE ( 'NONE', #11756, #439, #11206, .T. ) ;
#5766 = CARTESIAN_POINT ( 'NONE',  ( -81.00000000000001421, 24.00000000000000355, -64.50000000000000000 ) ) ;
#5767 = AXIS2_PLACEMENT_3D ( 'NONE', #8759, #595, #11472 ) ;
#5768 = CYLINDRICAL_SURFACE ( 'NONE', #9351, 1.249999999999999334 ) ;
#5769 = DIRECTION ( 'NONE',  ( -0.000000000000000000, -0.000000000000000000, -1.000000000000000000 ) ) ;
#5770 = EDGE_CURVE ( 'NONE', #4133, #8655, #6670, .T. ) ;
#5771 = CYLINDRICAL_SURFACE ( 'NONE', #11191, 1.500000000000001332 ) ;
#5772 = FACE_OUTER_BOUND ( 'NONE', #7746, .T. ) ;
#5773 = ORIENTED_EDGE ( 'NONE', *, *, #1360, .T. ) ;
#5774 = LINE ( 'NONE', #2947, #11052 ) ;
#5775 = VECTOR ( 'NONE', #7144, 1000.000000000000000 ) ;
#5776 = CARTESIAN_POINT ( 'NONE',  ( -19.99999999999999645, -5.772077938642127037, 0.000000000000000000 ) ) ;
#5777 = EDGE_CURVE ( 'NONE', #10852, #6230, #4864, .T. ) ;
#5778 = VERTEX_POINT ( 'NONE', #9212 ) ;
#5779 = B_SPLINE_CURVE_WITH_KNOTS ( 'NONE', 3,
 ( #6419, #6358, #9006, #1701, #10029, #10092, #9194, #4422, #7382, #7319, #5385, #11844, #8101, #8288, #1766, #7133, #7201, #4, #1833, #9064, #10995, #1641, #2478, #3519, #4489, #6174, #9853 ),
 .UNSPECIFIED., .F., .F.,
 ( 4, 1, 1, 1, 1, 1, 1, 1, 1, 1, 1, 1, 1, 1, 1, 1, 1, 1, 1, 1, 1, 1, 1, 1, 4 ),
 ( 0.000000000000000000, 0.07288902662003830801, 0.1401861299444947251, 0.2022774341249594099, 0.2588951317514626704, 0.3104829424654785841, 0.3570952441313352543, 0.3985135666534657672, 0.4350375108701164395, 0.4692514858292881064, 0.5028050278902749248, 0.5362104463185621839, 0.5693793599392057425, 0.6028014750483932094, 0.6366657983367768336, 0.6709286568940430184, 0.7058030002293130822, 0.7411890612458772454, 0.7763043110764616950, 0.8120043009129355172, 0.8479689758088961860, 0.8845217611964798499, 0.9219741585442051690, 0.9601981758096084230, 0.9999999999999998890 ),
 .UNSPECIFIED. ) ;
#5780 = VECTOR ( 'NONE', #2203, 1000.000000000000000 ) ;
#5781 = ORIENTED_EDGE ( 'NONE', *, *, #8053, .T. ) ;
#5782 = EDGE_CURVE ( 'NONE', #6367, #8461, #11311, .T. ) ;
#5783 = DIRECTION ( 'NONE',  ( -0.5000000000000004441, -0.8660254037844383745, 0.000000000000000000 ) ) ;
#5784 = DIRECTION ( 'NONE',  ( 0.000000000000000000, -0.000000000000000000, -1.000000000000000000 ) ) ;
#5785 = CARTESIAN_POINT ( 'NONE',  ( 4.355448717948715576, -14.53822518807815989, 4.000000000000000000 ) ) ;
#5786 = ADVANCED_FACE ( 'NONE', ( #3722 ), #4622, .F. ) ;
#5787 = DIRECTION ( 'NONE',  ( -0.000000000000000000, -0.000000000000000000, -1.000000000000000000 ) ) ;
#5788 = ORIENTED_EDGE ( 'NONE', *, *, #10569, .F. ) ;
#5789 = VECTOR ( 'NONE', #9735, 1000.000000000000000 ) ;
#5790 = CARTESIAN_POINT ( 'NONE',  ( -45.60000000000000142, 0.000000000000000000, -7.500000000000069278 ) ) ;
#5791 = AXIS2_PLACEMENT_3D ( 'NONE', #2951, #3919, #5671 ) ;
#5792 = DIRECTION ( 'NONE',  ( -0.5085404518589194955, -0.8610380995189039766, 0.000000000000000000 ) ) ;
#5793 = ORIENTED_EDGE ( 'NONE', *, *, #5475, .T. ) ;
#5794 = VERTEX_POINT ( 'NONE', #6962 ) ;
#5795 = AXIS2_PLACEMENT_3D ( 'NONE', #4993, #7880, #2323 ) ;
#5796 = ORIENTED_EDGE ( 'NONE', *, *, #9713, .F. ) ;
#5797 = AXIS2_PLACEMENT_3D ( 'NONE', #9065, #6302, #2547 ) ;
#5798 = ADVANCED_FACE ( 'NONE', ( #7684 ), #5155, .F. ) ;
#5799 = CARTESIAN_POINT ( 'NONE',  ( -5.999999999999997335, -4.208545504429667794, 5.000000000000000000 ) ) ;
#5800 = CARTESIAN_POINT ( 'NONE',  ( -2.031757593197101031, -16.76500438032257634, 3.999999999999999112 ) ) ;
#5801 = CARTESIAN_POINT ( 'NONE',  ( 0.1867976494829336753, -17.68402191622607589, 3.999999999999998224 ) ) ;
#5802 = ORIENTED_EDGE ( 'NONE', *, *, #3004, .T. ) ;
#5803 = AXIS2_PLACEMENT_3D ( 'NONE', #11407, #1268, #4966 ) ;
#5804 = DIRECTION ( 'NONE',  ( -0.000000000000000000, -1.000000000000000000, -0.000000000000000000 ) ) ;
#5805 = DIRECTION ( 'NONE',  ( 0.000000000000000000, 1.000000000000000000, 0.000000000000000000 ) ) ;
#5806 = CARTESIAN_POINT ( 'NONE',  ( 22.26058151680846819, 15.72900601150596600, 0.000000000000000000 ) ) ;
#5807 = CIRCLE ( 'NONE', #1555, 1.499999999999987566 ) ;
#5808 = FACE_OUTER_BOUND ( 'NONE', #10738, .T. ) ;
#5809 = ORIENTED_EDGE ( 'NONE', *, *, #5558, .T. ) ;
#5810 = ORIENTED_EDGE ( 'NONE', *, *, #1267, .F. ) ;
#5811 = VECTOR ( 'NONE', #11199, 1000.000000000000000 ) ;
#5812 = DIRECTION ( 'NONE',  ( 0.8900702620852276592, 0.4558233523543239185, 0.000000000000000000 ) ) ;
#5813 = CARTESIAN_POINT ( 'NONE',  ( -0.8793447650014651895, -17.14494028521496816, 4.999999999999998224 ) ) ;
#5814 = LINE ( 'NONE', #1453, #4866 ) ;
#5815 = DIRECTION ( 'NONE',  ( -1.000000000000000000, 0.000000000000000000, 0.000000000000000000 ) ) ;
#5816 = FACE_BOUND ( 'NONE', #5680, .T. ) ;
#5817 = DIRECTION ( 'NONE',  ( -1.000000000000000000, 0.000000000000000000, 0.000000000000000000 ) ) ;
#5819 = CIRCLE ( 'NONE', #2158, 1.549999999999995826 ) ;
#5818 = CARTESIAN_POINT ( 'NONE',  ( -5.210256410256410398, -16.32925082910378833, 4.000000000000000000 ) ) ;
#5820 = ORIENTED_EDGE ( 'NONE', *, *, #9448, .F. ) ;
#5821 = ORIENTED_EDGE ( 'NONE', *, *, #8572, .T. ) ;
#5822 = DIRECTION ( 'NONE',  ( 0.000000000000000000, 1.000000000000000000, 0.000000000000000000 ) ) ;
#5823 = ORIENTED_EDGE ( 'NONE', *, *, #8448, .T. ) ;
#5824 = CARTESIAN_POINT ( 'NONE',  ( -4.410669370802089873, -15.33500174084944945, 4.999999999999998224 ) ) ;
#5825 = VERTEX_POINT ( 'NONE', #11545 ) ;
#5826 = VECTOR ( 'NONE', #2678, 999.9999999999998863 ) ;
#5827 = VECTOR ( 'NONE', #4770, 1000.000000000000000 ) ;
#5828 = DIRECTION ( 'NONE',  ( 0.000000000000000000, 0.000000000000000000, -1.000000000000000000 ) ) ;
#5829 = B_SPLINE_SURFACE_WITH_KNOTS ( 'NONE', 3, 1, ( 
 ( #2365, #365 ),
 ( #10630, #4063 ),
 ( #7917, #11418 ),
 ( #8708, #11598 ),
 ( #7014, #10520 ),
 ( #7802, #6118 ),
 ( #2252, #11484 ),
 ( #7675, #5147 ),
 ( #310, #5990 ),
 ( #5936, #3096 ),
 ( #430, #9788 ) ),
 .UNSPECIFIED., .F., .F., .F.,
 ( 4, 1, 1, 1, 1, 1, 1, 1, 4 ),
 ( 2, 2 ),
 ( 0.000000000000000000, 0.1344469729957881721, 0.2638071572604064330, 0.3892412375756161280, 0.5114964050416203056, 0.6324272219006815687, 0.7534387150183178283, 0.8752597545988095584, 1.000000000000000000 ),
 ( 0.000000000000000000, 1.000000000000000000 ),
 .UNSPECIFIED. ) ;
#5830 = DIRECTION ( 'NONE',  ( -0.000000000000000000, -1.000000000000000000, -0.000000000000000000 ) ) ;
#5831 = CARTESIAN_POINT ( 'NONE',  ( -11.00000000000000178, 2.000000000000000000, 6.000000000000002665 ) ) ;
#5832 = DIRECTION ( 'NONE',  ( -1.000000000000000000, 0.000000000000000000, 0.000000000000000000 ) ) ;
#5833 = LINE ( 'NONE', #8613, #402 ) ;
#5834 = ORIENTED_EDGE ( 'NONE', *, *, #674, .T. ) ;
#5835 = DIRECTION ( 'NONE',  ( -1.000000000000000000, 0.000000000000000000, 0.000000000000000000 ) ) ;
#5836 = CARTESIAN_POINT ( 'NONE',  ( 119.0000000000000284, 37.42339375865881124, -70.75000000000000000 ) ) ;
#5837 = ORIENTED_EDGE ( 'NONE', *, *, #4512, .F. ) ;
#5838 = AXIS2_PLACEMENT_3D ( 'NONE', #2551, #5334, #3524 ) ;
#5839 = DIRECTION ( 'NONE',  ( -0.000000000000000000, -0.000000000000000000, -1.000000000000000000 ) ) ;
#5840 = CARTESIAN_POINT ( 'NONE',  ( -20.00000000000001066, 5.000000000000000000, 93.49999999999991473 ) ) ;
#5841 = ADVANCED_FACE ( 'NONE', ( #10642 ), #1405, .F. ) ;
#5842 = EDGE_LOOP ( 'NONE', ( #10985, #3310, #9824, #3221 ) ) ;
#5843 = VERTEX_POINT ( 'NONE', #1289 ) ;
#5844 = DIRECTION ( 'NONE',  ( -0.8660254037844383745, 0.5000000000000004441, 0.000000000000000000 ) ) ;
#5845 = VECTOR ( 'NONE', #9106, 1000.000000000000000 ) ;
#5846 = VECTOR ( 'NONE', #9780, 1000.000000000000000 ) ;
#5847 = LINE ( 'NONE', #9412, #4675 ) ;
#5848 = VECTOR ( 'NONE', #250, 1000.000000000000000 ) ;
#5849 = CARTESIAN_POINT ( 'NONE',  ( 9.800000000000002487, 2.791454495570343752, 10.00000000000000000 ) ) ;
#5851 = ORIENTED_EDGE ( 'NONE', *, *, #6059, .T. ) ;
#5850 = ADVANCED_FACE ( 'NONE', ( #8605 ), #9782, .T. ) ;
#5852 = DIRECTION ( 'NONE',  ( 1.000000000000000000, 0.000000000000000000, 0.000000000000000000 ) ) ;
#5853 = PLANE ( 'NONE',  #11231 ) ;
#5854 = VERTEX_POINT ( 'NONE', #8659 ) ;
#5855 = AXIS2_PLACEMENT_3D ( 'NONE', #11378, #2217, #8791 ) ;
#5856 = EDGE_LOOP ( 'NONE', ( #8570, #8383, #11238, #8994, #6003, #1677, #7038, #903 ) ) ;
#5857 = ORIENTED_EDGE ( 'NONE', *, *, #1114, .F. ) ;
#5858 = EDGE_CURVE ( 'NONE', #3351, #11448, #5099, .T. ) ;
#5859 = CARTESIAN_POINT ( 'NONE',  ( -2.250000000000000444, 4.000000000000000000, -6.499999999999999112 ) ) ;
#5860 = CARTESIAN_POINT ( 'NONE',  ( -0.7734404229705829081, -17.18096062898759513, 4.000000000000001776 ) ) ;
#5861 = CARTESIAN_POINT ( 'NONE',  ( -40.40000000000001990, 5.000000000000000000, -7.500000000000069278 ) ) ;
#5862 = CARTESIAN_POINT ( 'NONE',  ( 0.8095053573310251327, -17.19685137241162920, 4.000000000000000000 ) ) ;
#5863 = ORIENTED_EDGE ( 'NONE', *, *, #3340, .T. ) ;
#5864 = ITEM_DEFINED_TRANSFORMATION ( 'NONE', 'NONE', #10620,  #3299 ) ;
#5865 = DIRECTION ( 'NONE',  ( 0.000000000000000000, 0.000000000000000000, 1.000000000000000000 ) ) ;
#5866 = EDGE_CURVE ( 'NONE', #10823, #5004, #10528, .T. ) ;
#5867 = FACE_OUTER_BOUND ( 'NONE', #11590, .T. ) ;
#5868 = CARTESIAN_POINT ( 'NONE',  ( 3.750000000000000888, 4.000000000000000000, -0.4999999999999987232 ) ) ;
#5869 = ORIENTED_EDGE ( 'NONE', *, *, #3067, .T. ) ;
#5870 = AXIS2_PLACEMENT_3D ( 'NONE', #11925, #11691, #2634 ) ;
#5871 = ORIENTED_EDGE ( 'NONE', *, *, #3326, .T. ) ;
#5872 = AXIS2_PLACEMENT_3D ( 'NONE', #1626, #6345, #2593 ) ;
#5873 = CARTESIAN_POINT ( 'NONE',  ( 119.0000000000000284, 37.42339375865881834, -89.25000000000002842 ) ) ;
#5874 = VECTOR ( 'NONE', #11069, 1000.000000000000000 ) ;
#5875 = CARTESIAN_POINT ( 'NONE',  ( -0.4274038461538470779, -17.22476364961662298, 5.000000000000000000 ) ) ;
#5876 = DIRECTION ( 'NONE',  ( 1.000000000000000000, 0.000000000000000000, 0.000000000000000000 ) ) ;
#5877 = CARTESIAN_POINT ( 'NONE',  ( 3.750000000000000000, 4.000000000000000000, -6.499999999999999112 ) ) ;
#5878 = FACE_BOUND ( 'NONE', #59, .T. ) ;
#5879 = DIRECTION ( 'NONE',  ( 0.000000000000000000, 0.000000000000000000, -1.000000000000000000 ) ) ;
#5880 = LINE ( 'NONE', #11305, #8863 ) ;
#5881 = EDGE_LOOP ( 'NONE', ( #8425, #6819, #5349, #85 ) ) ;
#5882 = EDGE_LOOP ( 'NONE', ( #6323, #6570, #7796, #2297, #3614, #6785 ) ) ;
#5883 = DIRECTION ( 'NONE',  ( 0.000000000000000000, -0.000000000000000000, -1.000000000000000000 ) ) ;
#5884 = EDGE_CURVE ( 'NONE', #9407, #2091, #2311, .T. ) ;
#5885 = ORIENTED_EDGE ( 'NONE', *, *, #2162, .T. ) ;
#5886 = AXIS2_PLACEMENT_3D ( 'NONE', #924, #19, #2683 ) ;
#5887 = CARTESIAN_POINT ( 'NONE',  ( -4.430724944722149061, -15.29095892190899519, 5.000000000000001776 ) ) ;
#5888 = EDGE_LOOP ( 'NONE', ( #5129, #8924, #9795, #6816 ) ) ;
#5889 = ADVANCED_FACE ( 'NONE', ( #11725 ), #9923, .T. ) ;
#5890 = LINE ( 'NONE', #8724, #5533 ) ;
#5891 = CARTESIAN_POINT ( 'NONE',  ( 5.495192307692304823, -15.10809698294995584, 4.000000000000000000 ) ) ;
#5892 = VECTOR ( 'NONE', #8638, 1000.000000000000000 ) ;
#5893 = PLANE ( 'NONE',  #9163 ) ;
#5894 = DIRECTION ( 'NONE',  ( -0.000000000000000000, -0.000000000000000000, -1.000000000000000000 ) ) ;
#5895 = DIRECTION ( 'NONE',  ( 0.000000000000000000, 1.000000000000000000, -0.000000000000000000 ) ) ;
#5896 = ORIENTED_EDGE ( 'NONE', *, *, #5636, .T. ) ;
#5897 = DIRECTION ( 'NONE',  ( 0.000000000000000000, 1.000000000000000000, 0.000000000000000000 ) ) ;
#5898 = CARTESIAN_POINT ( 'NONE',  ( 0.1598643472696155976, -15.19323394876436950, 4.999999999999999112 ) ) ;
#5899 = EDGE_LOOP ( 'NONE', ( #8509, #6195 ) ) ;
#5900 = CARTESIAN_POINT ( 'NONE',  ( 10.99999999999999289, 2.000000000000000000, -12.00000000000000000 ) ) ;
#5901 = DIRECTION ( 'NONE',  ( -1.000000000000000000, -0.000000000000000000, -0.000000000000000000 ) ) ;
#5902 = EDGE_LOOP ( 'NONE', ( #3077, #4193, #2330, #5885 ) ) ;
#5903 = DIRECTION ( 'NONE',  ( 0.000000000000000000, 1.000000000000000000, 0.000000000000000000 ) ) ;
#5904 = FILL_AREA_STYLE ('',( #11509 ) ) ;
#5905 = DIRECTION ( 'NONE',  ( 1.000000000000000000, -0.000000000000000000, -0.000000000000000000 ) ) ;
#5906 = EDGE_CURVE ( 'NONE', #5245, #2108, #4315, .T. ) ;
#5907 = DIRECTION ( 'NONE',  ( 0.000000000000000000, 0.000000000000000000, 1.000000000000000000 ) ) ;
#5908 = ORIENTED_EDGE ( 'NONE', *, *, #9051, .T. ) ;
#5909 = CARTESIAN_POINT ( 'NONE',  ( -4.477302839344638130, -14.58902508889043581, 4.999999999999999112 ) ) ;
#5910 = ADVANCED_FACE ( 'NONE', ( #1519 ), #8108, .F. ) ;
#5911 = PLANE ( 'NONE',  #7574 ) ;
#5912 = VERTEX_POINT ( 'NONE', #8953 ) ;
#5913 = ADVANCED_FACE ( 'NONE', ( #11787 ), #6181, .T. ) ;
#5914 = EDGE_LOOP ( 'NONE', ( #7223, #6, #7170, #5515 ) ) ;
#5915 = AXIS2_PLACEMENT_3D ( 'NONE', #10692, #3271, #10631 ) ;
#5916 = ORIENTED_EDGE ( 'NONE', *, *, #4752, .T. ) ;
#5917 = ADVANCED_FACE ( 'NONE', ( #8049 ), #3399, .F. ) ;
#5918 = VECTOR ( 'NONE', #7872, 1000.000000000000000 ) ;
#5919 = DIRECTION ( 'NONE',  ( 1.000000000000000000, 0.000000000000000000, -0.000000000000000000 ) ) ;
#5920 = CARTESIAN_POINT ( 'NONE',  ( 1.139743589743589025, -16.22049181468072376, 4.000000000000000000 ) ) ;
#5921 = CARTESIAN_POINT ( 'NONE',  ( 80.91755021517253965, 29.80598956343689920, -61.36663934126306685 ) ) ;
#5922 = CARTESIAN_POINT ( 'NONE',  ( 75.00000000000001421, 37.42339375865881124, -73.75000000000000000 ) ) ;
#5923 = ORIENTED_EDGE ( 'NONE', *, *, #3430, .T. ) ;
#5924 = CARTESIAN_POINT ( 'NONE',  ( 22.72792206135788007, -8.500000000000000000, 9.000000000000001776 ) ) ;
#5925 = EDGE_CURVE ( 'NONE', #1143, #4152, #9013, .T. ) ;
#5926 = CARTESIAN_POINT ( 'NONE',  ( 22.26058151680846819, 15.72900601150596600, 2.500000000000000000 ) ) ;
#5927 = AXIS2_PLACEMENT_3D ( 'NONE', #6327, #6267, #9941 ) ;
#5928 = FACE_OUTER_BOUND ( 'NONE', #2972, .T. ) ;
#5929 = ORIENTED_EDGE ( 'NONE', *, *, #2835, .T. ) ;
#5930 = ORIENTED_EDGE ( 'NONE', *, *, #11951, .T. ) ;
#5931 = CARTESIAN_POINT ( 'NONE',  ( 28.26202902092138913, -17.50000000000000711, 2.500000000000000000 ) ) ;
#5932 = EDGE_CURVE ( 'NONE', #673, #5098, #3526, .T. ) ;
#5933 = CARTESIAN_POINT ( 'NONE',  ( -0.9812202862356684818, -17.10007694947923795, 5.000000000000003553 ) ) ;
#5934 = EDGE_CURVE ( 'NONE', #7646, #2011, #11702, .T. ) ;
#5935 = DIRECTION ( 'NONE',  ( -3.035766082959409950E-16, 0.000000000000000000, -1.000000000000000000 ) ) ;
#5936 = CARTESIAN_POINT ( 'NONE',  ( -0.4258509072241702942, -15.02810925100230222, 4.000000000000000000 ) ) ;
#5937 = CARTESIAN_POINT ( 'NONE',  ( 75.00000000000000000, 22.50000000000000355, -80.00000000000001421 ) ) ;
#5938 = DIRECTION ( 'NONE',  ( -1.000000000000000000, -0.000000000000000000, -0.000000000000000000 ) ) ;
#5939 = DIRECTION ( 'NONE',  ( -0.000000000000000000, 1.000000000000000000, -0.000000000000000000 ) ) ;
#5940 = EDGE_LOOP ( 'NONE', ( #11682, #1203, #2676, #10729 ) ) ;
#5941 = EDGE_CURVE ( 'NONE', #11921, #9103, #3314, .T. ) ;
#5942 = ORIENTED_EDGE ( 'NONE', *, *, #6796, .F. ) ;
#5943 = CARTESIAN_POINT ( 'NONE',  ( -1.740780248397436836, -15.01205832109098104, 4.000000000000000000 ) ) ;
#5944 = EDGE_LOOP ( 'NONE', ( #11338, #1934, #5975, #4386 ) ) ;
#5945 = CARTESIAN_POINT ( 'NONE',  ( -4.830937889471882407, -15.11224050124815221, 4.999999999999999112 ) ) ;
#5946 = EDGE_LOOP ( 'NONE', ( #2670, #2944, #9364, #10417, #1340, #9120, #11829, #6326, #7497, #3292, #8274, #4317 ) ) ;
#5947 = ADVANCED_FACE ( 'NONE', ( #11578 ), #1497, .F. ) ;
#5948 = DIRECTION ( 'NONE',  ( 0.000000000000000000, -1.000000000000000000, 0.000000000000000000 ) ) ;
#5949 = LINE ( 'NONE', #11550, #2129 ) ;
#5950 = ADVANCED_FACE ( 'NONE', ( #4287 ), #5012, .F. ) ;
#5951 = CARTESIAN_POINT ( 'NONE',  ( -5.210256410256410398, -15.75937903423199593, 5.000000000000000000 ) ) ;
#5952 = DIRECTION ( 'NONE',  ( 0.000000000000000000, 0.000000000000000000, -1.000000000000000000 ) ) ;
#5953 = FACE_OUTER_BOUND ( 'NONE', #11265, .T. ) ;
#5954 = VERTEX_POINT ( 'NONE', #11521 ) ;
#5955 = ADVANCED_FACE ( 'NONE', ( #10558 ), #2179, .F. ) ;
#5956 = DIRECTION ( 'NONE',  ( -0.000000000000000000, -0.000000000000000000, -1.000000000000000000 ) ) ;
#5957 = FACE_OUTER_BOUND ( 'NONE', #2831, .T. ) ;
#5958 = EDGE_LOOP ( 'NONE', ( #2285, #401, #9643, #3419 ) ) ;
#5959 = DIRECTION ( 'NONE',  ( -0.000000000000000000, -0.000000000000000000, 1.000000000000000000 ) ) ;
#5960 = DIRECTION ( 'NONE',  ( 1.000000000000000000, 0.000000000000000000, -3.154042683594193641E-16 ) ) ;
#5961 = EDGE_LOOP ( 'NONE', ( #2618, #9840, #9783, #2341, #3648 ) ) ;
#5962 = DIRECTION ( 'NONE',  ( 2.127171113256150401E-15, -1.000000000000000000, 0.000000000000000000 ) ) ;
#5963 = DIRECTION ( 'NONE',  ( -1.000000000000000000, -0.000000000000000000, -0.000000000000000000 ) ) ;
#5964 = ORIENTED_EDGE ( 'NONE', *, *, #9911, .T. ) ;
#5965 = CARTESIAN_POINT ( 'NONE',  ( -3.860145966736817424, -15.16856007411823448, 5.000000000000000000 ) ) ;
#5966 = DIRECTION ( 'NONE',  ( -0.000000000000000000, 1.000000000000000000, -0.000000000000000000 ) ) ;
#5967 = EDGE_LOOP ( 'NONE', ( #10329, #6102, #3993, #9246 ) ) ;
#5968 = AXIS2_PLACEMENT_3D ( 'NONE', #2186, #10562, #5865 ) ;
#5969 = ORIENTED_EDGE ( 'NONE', *, *, #1141, .F. ) ;
#5970 = ORIENTED_EDGE ( 'NONE', *, *, #2177, .T. ) ;
#5971 = DIRECTION ( 'NONE',  ( -1.000000000000000000, 0.000000000000000000, 0.000000000000000000 ) ) ;
#5972 = CARTESIAN_POINT ( 'NONE',  ( -8.799999999999998934, 2.791454495570343752, 6.000000000000011546 ) ) ;
#5973 = VECTOR ( 'NONE', #2324, 1000.000000000000000 ) ;
#5974 = CARTESIAN_POINT ( 'NONE',  ( -27.74999999999998934, -13.50000000000000178, 5.000000000000000000 ) ) ;
#5975 = ORIENTED_EDGE ( 'NONE', *, *, #9091, .F. ) ;
#5976 = APPLICATION_PROTOCOL_DEFINITION ( 'draft international standard', 'automotive_design', 1998, #5505 ) ;
#5977 = EDGE_CURVE ( 'NONE', #4044, #9243, #5819, .T. ) ;
#5978 = CARTESIAN_POINT ( 'NONE',  ( -75.00000000000000000, 5.000000000000000000, 9.999999999999953815 ) ) ;
#5979 = LINE ( 'NONE', #1444, #9847 ) ;
#5980 = CARTESIAN_POINT ( 'NONE',  ( -79.00000000000000000, 0.000000000000000000, -60.00000000000000711 ) ) ;
#5981 = VERTEX_POINT ( 'NONE', #414 ) ;
#5982 = VERTEX_POINT ( 'NONE', #9544 ) ;
#5983 = AXIS2_PLACEMENT_3D ( 'NONE', #6664, #10340, #2075 ) ;
#5984 = CARTESIAN_POINT ( 'NONE',  ( -1.587676718579142721, -17.39342198505761772, 4.000000000000000000 ) ) ;
#5985 = EDGE_CURVE ( 'NONE', #5000, #9040, #4222, .T. ) ;
#5986 = CARTESIAN_POINT ( 'NONE',  ( -0.7734404229705829081, -17.18096062898759513, 4.000000000000001776 ) ) ;
#5987 = ADVANCED_FACE ( 'NONE', ( #4113 ), #7964, .F. ) ;
#5988 = FACE_OUTER_BOUND ( 'NONE', #8645, .T. ) ;
#5989 = VECTOR ( 'NONE', #5350, 1000.000000000000000 ) ;
#5990 = CARTESIAN_POINT ( 'NONE',  ( -0.3372951039804216178, -15.03092100961549527, 5.000000000000001776 ) ) ;
#5991 = VECTOR ( 'NONE', #8961, 1000.000000000000000 ) ;
#5992 = DIRECTION ( 'NONE',  ( -0.000000000000000000, -1.000000000000000000, -0.000000000000000000 ) ) ;
#5993 = DIRECTION ( 'NONE',  ( -0.000000000000000000, -1.000000000000000000, -0.000000000000000000 ) ) ;
#5994 = CARTESIAN_POINT ( 'NONE',  ( 74.99999999999998579, 5.000000000000000000, -103.0000000000000142 ) ) ;
#5995 = ORIENTED_EDGE ( 'NONE', *, *, #8674, .T. ) ;
#5996 = ORIENTED_EDGE ( 'NONE', *, *, #3080, .T. ) ;
#5997 = LINE ( 'NONE', #5097, #11943 ) ;
#5998 = ORIENTED_EDGE ( 'NONE', *, *, #11296, .F. ) ;
#5999 = ADVANCED_FACE ( 'NONE', ( #3202 ), #215, .T. ) ;
#6000 = VECTOR ( 'NONE', #4631, 1000.000000000000000 ) ;
#6001 = DIRECTION ( 'NONE',  ( -1.000000000000000000, 0.000000000000000000, 0.000000000000000000 ) ) ;
#6002 = EDGE_CURVE ( 'NONE', #1683, #8308, #593, .T. ) ;
#6003 = ORIENTED_EDGE ( 'NONE', *, *, #1333, .F. ) ;
#6004 = VECTOR ( 'NONE', #854, 1000.000000000000000 ) ;
#6005 = CARTESIAN_POINT ( 'NONE',  ( -79.05805149739047977, 22.68357532822704314, -60.00000000000002842 ) ) ;
#6006 = EDGE_CURVE ( 'NONE', #520, #8063, #8026, .T. ) ;
#6007 = SHAPE_REPRESENTATION ( 'Pa5100je', ( #3299 ), #2340 ) ;
#6008 = DIRECTION ( 'NONE',  ( -0.000000000000000000, -0.000000000000000000, -1.000000000000000000 ) ) ;
#6009 = VECTOR ( 'NONE', #7024, 1000.000000000000000 ) ;
#6010 = CARTESIAN_POINT ( 'NONE',  ( -22.49999999999999289, -21.50000000000000000, 5.000000000000000000 ) ) ;
#6011 = DIRECTION ( 'NONE',  ( 0.000000000000000000, 0.000000000000000000, -1.000000000000000000 ) ) ;
#6012 = DIRECTION ( 'NONE',  ( 0.8610380995189044206, -0.5085404518589188294, -0.000000000000000000 ) ) ;
#6013 = DIRECTION ( 'NONE',  ( -1.000000000000000000, 0.000000000000000000, 0.000000000000000000 ) ) ;
#6014 = ORIENTED_EDGE ( 'NONE', *, *, #3725, .F. ) ;
#6015 = VECTOR ( 'NONE', #9787, 1000.000000000000000 ) ;
#6016 = PRODUCT_DEFINITION_FORMATION_WITH_SPECIFIED_SOURCE ( 'ANY', '', #9492, .NOT_KNOWN. ) ;
#6017 = DIRECTION ( 'NONE',  ( 1.000000000000000000, 0.000000000000000000, 0.000000000000000000 ) ) ;
#6018 = CARTESIAN_POINT ( 'NONE',  ( -9.299999999999998934, 2.000000000000000000, -10.54999999999999716 ) ) ;
#6019 = VERTEX_POINT ( 'NONE', #5371 ) ;
#6020 = LINE ( 'NONE', #9755, #3157 ) ;
#6021 = EDGE_CURVE ( 'NONE', #7926, #3989, #5431, .T. ) ;
#6022 = VECTOR ( 'NONE', #8556, 1000.000000000000000 ) ;
#6023 = AXIS2_PLACEMENT_3D ( 'NONE', #5785, #11213, #7775 ) ;
#6024 = ORIENTED_EDGE ( 'NONE', *, *, #3477, .F. ) ;
#6025 = DIRECTION ( 'NONE',  ( -1.000000000000000000, 0.000000000000000000, 1.652117596168387756E-16 ) ) ;
#6026 = VECTOR ( 'NONE', #1385, 1000.000000000000000 ) ;
#6027 = AXIS2_PLACEMENT_3D ( 'NONE', #2452, #516, #1484 ) ;
#6028 = DIRECTION ( 'NONE',  ( 0.000000000000000000, 0.000000000000000000, 1.000000000000000000 ) ) ;
#6029 = PRODUCT_DEFINITION_SHAPE ( 'NONE', 'NONE',  #11953 ) ;
#6030 = CARTESIAN_POINT ( 'NONE',  ( 3.750000000000000888, 4.000000000000000000, -0.4999999999999987232 ) ) ;
#6031 = ORIENTED_EDGE ( 'NONE', *, *, #7862, .F. ) ;
#6032 = LINE ( 'NONE', #521, #10088 ) ;
#6033 = LINE ( 'NONE', #11393, #11625 ) ;
#6034 = EDGE_CURVE ( 'NONE', #10999, #3335, #4075, .T. ) ;
#6035 = ORIENTED_EDGE ( 'NONE', *, *, #5618, .T. ) ;
#6036 = AXIS2_PLACEMENT_3D ( 'NONE', #3248, #405, #8802 ) ;
#6037 = EDGE_LOOP ( 'NONE', ( #2694, #10973, #11016, #9737 ) ) ;
#6038 = VECTOR ( 'NONE', #6880, 1000.000000000000000 ) ;
#6039 = CARTESIAN_POINT ( 'NONE',  ( 3.378525641025639903, -14.53822518807815989, 4.000000000000000000 ) ) ;
#6040 = CARTESIAN_POINT ( 'NONE',  ( 0.3663248407502748827, -17.59733814628219051, 3.999999999999999112 ) ) ;
#6041 = CARTESIAN_POINT ( 'NONE',  ( -24.99999999999999645, -17.50000000000000000, 9.000000000000001776 ) ) ;
#6042 = CARTESIAN_POINT ( 'NONE',  ( 5.746638708345982787E-15, -5.000000000000000000, -93.95000000000000284 ) ) ;
#6043 = VERTEX_POINT ( 'NONE', #11761 ) ;
#6044 = VECTOR ( 'NONE', #9294, 1000.000000000000000 ) ;
#6045 = CARTESIAN_POINT ( 'NONE',  ( -75.00000000000001421, 5.000000000000000888, -57.99999999999998579 ) ) ;
#6046 = FACE_OUTER_BOUND ( 'NONE', #3021, .T. ) ;
#6047 = LINE ( 'NONE', #2353, #6026 ) ;
#6048 = ORIENTED_EDGE ( 'NONE', *, *, #5368, .F. ) ;
#6049 = VERTEX_POINT ( 'NONE', #1746 ) ;
#6050 = CARTESIAN_POINT ( 'NONE',  ( -0.4388521634615394351, -17.79463544448841716, 4.000000000000000000 ) ) ;
#6051 = EDGE_CURVE ( 'NONE', #4602, #11078, #5312, .T. ) ;
#6052 = CARTESIAN_POINT ( 'NONE',  ( 2.279487179487178050, -17.71322518807815882, 4.000000000000000000 ) ) ;
#6053 = CARTESIAN_POINT ( 'NONE',  ( -43.00000000000000711, -16.20000000000000284, 37.09999999999991616 ) ) ;
#6054 = CARTESIAN_POINT ( 'NONE',  ( 75.00000000000000000, 17.00000000000000000, -86.50000000000001421 ) ) ;
#6055 = FACE_OUTER_BOUND ( 'NONE', #7079, .T. ) ;
#6056 = DIRECTION ( 'NONE',  ( 1.000000000000000000, 0.000000000000000000, -3.154042683594193641E-16 ) ) ;
#6057 = DIRECTION ( 'NONE',  ( -0.000000000000000000, 1.000000000000000000, -0.000000000000000000 ) ) ;
#6058 = ORIENTED_EDGE ( 'NONE', *, *, #8223, .F. ) ;
#6059 = EDGE_CURVE ( 'NONE', #10053, #7600, #993, .T. ) ;
#6060 = EDGE_LOOP ( 'NONE', ( #4814, #8386, #8066, #3962 ) ) ;
#6061 = VECTOR ( 'NONE', #9599, 1000.000000000000000 ) ;
#6062 = CARTESIAN_POINT ( 'NONE',  ( -75.00000000000001421, 37.42339375865881834, -89.25000000000002842 ) ) ;
#6063 = ORIENTED_EDGE ( 'NONE', *, *, #7829, .F. ) ;
#6064 = DIRECTION ( 'NONE',  ( 0.000000000000000000, 0.000000000000000000, -1.000000000000000000 ) ) ;
#6065 = EDGE_CURVE ( 'NONE', #1979, #7834, #8991, .T. ) ;
#6066 = VERTEX_POINT ( 'NONE', #3564 ) ;
#6067 = AXIS2_PLACEMENT_3D ( 'NONE', #8612, #3113, #4026 ) ;
#6068 = EDGE_CURVE ( 'NONE', #1963, #3212, #8214, .T. ) ;
#6069 = DIRECTION ( 'NONE',  ( 1.000000000000000000, 0.000000000000000000, 0.000000000000000000 ) ) ;
#6070 = AXIS2_PLACEMENT_3D ( 'NONE', #879, #10847, #4457 ) ;
#6071 = CARTESIAN_POINT ( 'NONE',  ( -5.210256410256410398, -15.10809698294994519, 4.000000000000000000 ) ) ;
#6072 = FACE_OUTER_BOUND ( 'NONE', #2529, .T. ) ;
#6073 = DIRECTION ( 'NONE',  ( 2.040851148208011450E-16, 0.000000000000000000, 1.000000000000000000 ) ) ;
#6074 = VECTOR ( 'NONE', #10891, 1000.000000000000000 ) ;
#6075 = CARTESIAN_POINT ( 'NONE',  ( 15.99999999999997868, 5.000000000000004441, 49.99999999999993605 ) ) ;
#6076 = DIRECTION ( 'NONE',  ( -4.336808689942020201E-16, 1.000000000000000000, 0.000000000000000000 ) ) ;
#6077 = ORIENTED_EDGE ( 'NONE', *, *, #6314, .T. ) ;
#6078 = CARTESIAN_POINT ( 'NONE',  ( 2.279487179487178050, -15.75937903423200659, 4.000000000000000000 ) ) ;
#6079 = LINE ( 'NONE', #8970, #7515 ) ;
#6080 = VERTEX_POINT ( 'NONE', #7181 ) ;
#6081 = DIRECTION ( 'NONE',  ( 4.717825897487341307E-17, 0.7071067811865530128, 0.7071067811865420216 ) ) ;
#6082 = EDGE_CURVE ( 'NONE', #358, #10695, #3437, .T. ) ;
#6083 = AXIS2_PLACEMENT_3D ( 'NONE', #2607, #3638, #2731 ) ;
#6084 = ORIENTED_EDGE ( 'NONE', *, *, #5243, .F. ) ;
#6085 = EDGE_CURVE ( 'NONE', #7783, #10306, #6284, .T. ) ;
#6086 = CARTESIAN_POINT ( 'NONE',  ( -2.144737928400898053, -16.33547002649874713, 4.999999999999998224 ) ) ;
#6087 = EDGE_CURVE ( 'NONE', #5912, #9682, #9897, .T. ) ;
#6088 = DIRECTION ( 'NONE',  ( 1.000000000000000000, 2.127171113256157107E-15, -0.000000000000000000 ) ) ;
#6089 = CARTESIAN_POINT ( 'NONE',  ( 4.092170994899361277E-15, -21.49999999999999645, 9.000000000000001776 ) ) ;
#6090 = ORIENTED_EDGE ( 'NONE', *, *, #4655, .F. ) ;
#6091 = CARTESIAN_POINT ( 'NONE',  ( 43.00000000000000711, 0.000000000000000000, 34.49999999999993605 ) ) ;
#6092 = ADVANCED_FACE ( 'NONE', ( #650 ), #3624, .F. ) ;
#6093 = DIRECTION ( 'NONE',  ( 0.000000000000000000, 0.000000000000000000, 1.000000000000000000 ) ) ;
#6094 = EDGE_LOOP ( 'NONE', ( #5151, #6475, #4157, #941 ) ) ;
#6095 = ORIENTED_EDGE ( 'NONE', *, *, #7409, .F. ) ;
#6096 = EDGE_CURVE ( 'NONE', #3373, #11875, #11939, .T. ) ;
#6097 = ORIENTED_EDGE ( 'NONE', *, *, #10746, .F. ) ;
#6098 = CARTESIAN_POINT ( 'NONE',  ( 24.00000000000002842, 0.000000000000000000, 44.99999999999992895 ) ) ;
#6099 = DIRECTION ( 'NONE',  ( 1.652117596168387756E-16, -0.000000000000000000, 1.000000000000000000 ) ) ;
#6100 = LINE ( 'NONE', #1439, #4481 ) ;
#6101 = DIRECTION ( 'NONE',  ( 0.8660254037844380415, -0.5000000000000011102, 0.000000000000000000 ) ) ;
#6102 = ORIENTED_EDGE ( 'NONE', *, *, #2400, .F. ) ;
#6103 = APPLICATION_PROTOCOL_DEFINITION ( 'draft international standard', 'automotive_design', 1998, #4268 ) ;
#6104 = FACE_BOUND ( 'NONE', #3274, .T. ) ;
#6105 = DIRECTION ( 'NONE',  ( -0.000000000000000000, 0.000000000000000000, 1.000000000000000000 ) ) ;
#6106 = EDGE_CURVE ( 'NONE', #3351, #196, #9664, .T. ) ;
#6107 = LINE ( 'NONE', #5980, #5846 ) ;
#6108 = AXIS2_PLACEMENT_3D ( 'NONE', #2864, #11796, #1958 ) ;
#6109 = ORIENTED_EDGE ( 'NONE', *, *, #5491, .F. ) ;
#6110 = AXIS2_PLACEMENT_3D ( 'NONE', #4452, #7348, #9881 ) ;
#6111 = EDGE_LOOP ( 'NONE', ( #2174, #4970, #8348, #10537 ) ) ;
#6112 = CARTESIAN_POINT ( 'NONE',  ( -0.9056215674326211218, -17.74168337376050530, 4.999999999999993783 ) ) ;
#6113 = AXIS2_PLACEMENT_3D ( 'NONE', #8662, #6966, #6908 ) ;
#6114 =( GEOMETRIC_REPRESENTATION_CONTEXT ( 3 ) GLOBAL_UNCERTAINTY_ASSIGNED_CONTEXT ( ( #1056 ) ) GLOBAL_UNIT_ASSIGNED_CONTEXT ( ( #8012, #7885, #6866 ) ) REPRESENTATION_CONTEXT ( 'NONE', 'WORKASPACE' ) );
#6115 = CARTESIAN_POINT ( 'NONE',  ( -75.00000000000001421, 10.57660624134118521, -86.25000000000001421 ) ) ;
#6116 = EDGE_CURVE ( 'NONE', #410, #10606, #10740, .T. ) ;
#6117 = CARTESIAN_POINT ( 'NONE',  ( -79.00000000000001421, 0.000000000000000000, -60.00000000000000711 ) ) ;
#6118 = CARTESIAN_POINT ( 'NONE',  ( 0.04211720701543106293, -15.13220637524109335, 5.000000000000000888 ) ) ;
#6119 = AXIS2_PLACEMENT_3D ( 'NONE', #4394, #9879, #8975 ) ;
#6120 = FACE_BOUND ( 'NONE', #4371, .T. ) ;
#6121 = CARTESIAN_POINT ( 'NONE',  ( 75.00000000000001421, 24.00000000000000355, -64.50000000000000000 ) ) ;
#6122 = CARTESIAN_POINT ( 'NONE',  ( 20.46074529610707060, 18.30322271705049531, 9.000000000000001776 ) ) ;
#6123 = ORIENTED_EDGE ( 'NONE', *, *, #11482, .F. ) ;
#6124 = EDGE_LOOP ( 'NONE', ( #9236, #11948, #10091, #5545 ) ) ;
#6125 = CARTESIAN_POINT ( 'NONE',  ( -27.90343502558110700, 16.01309099620652532, 2.500000000000000000 ) ) ;
#6126 = ORIENTED_EDGE ( 'NONE', *, *, #2693, .F. ) ;
#6127 = CARTESIAN_POINT ( 'NONE',  ( -1.169130803996648593, -16.97777187295596590, 3.999999999999999112 ) ) ;
#6128 = VERTEX_POINT ( 'NONE', #2463 ) ;
#6129 = AXIS2_PLACEMENT_3D ( 'NONE', #10295, #5714, #6558 ) ;
#6130 = CARTESIAN_POINT ( 'NONE',  ( 27.75000000000000355, -15.24999999999999467, 5.000000000000000000 ) ) ;
#6131 = EDGE_CURVE ( 'NONE', #9820, #9648, #9468, .T. ) ;
#6132 = PRODUCT_DEFINITION_SHAPE ( 'NONE', 'NONE',  #11954 ) ;
#6133 = DIRECTION ( 'NONE',  ( 0.000000000000000000, 0.000000000000000000, 1.000000000000000000 ) ) ;
#6134 = CARTESIAN_POINT ( 'NONE',  ( 24.88156655863842204, 12.78449647227708930, 9.000000000000001776 ) ) ;
#6135 = CARTESIAN_POINT ( 'NONE',  ( -2.156531675770218204, -16.14779317042628648, 4.999999999999992895 ) ) ;
#6136 = CARTESIAN_POINT ( 'NONE',  ( -0.5094951284314038764, -15.02768348299414924, 4.000000000000000000 ) ) ;
#6137 = CARTESIAN_POINT ( 'NONE',  ( -79.23329683243157717, 23.23870726749186488, -99.98720549552022874 ) ) ;
#6138 = ORIENTED_EDGE ( 'NONE', *, *, #10850, .F. ) ;
#6139 = LINE ( 'NONE', #5291, #5220 ) ;
#6140 = CARTESIAN_POINT ( 'NONE',  ( 0.3923545424545350491, -16.79183658148754432, 4.000000000000001776 ) ) ;
#6141 = ORIENTED_EDGE ( 'NONE', *, *, #9388, .T. ) ;
#6142 = CARTESIAN_POINT ( 'NONE',  ( 7.000000000000003553, -9.208545504429656248, 10.00000000000000000 ) ) ;
#6143 = DIRECTION ( 'NONE',  ( -0.000000000000000000, -0.000000000000000000, -1.000000000000000000 ) ) ;
#6144 = CARTESIAN_POINT ( 'NONE',  ( 0.7703133336098925144, -14.90025846607622917, 4.000000000000000000 ) ) ;
#6145 = EDGE_CURVE ( 'NONE', #11422, #10581, #10624, .T. ) ;
#6146 = DIRECTION ( 'NONE',  ( 0.000000000000000000, 0.000000000000000000, 1.000000000000000000 ) ) ;
#6147 = ADVANCED_FACE ( 'NONE', ( #9227, #8560, #163, #2048, #8500, #5730, #220, #2837 ), #8391, .F. ) ;
#6148 = CARTESIAN_POINT ( 'NONE',  ( 81.00000000000000000, 30.51492527533766363, -61.65958325724744782 ) ) ;
#6149 = CARTESIAN_POINT ( 'NONE',  ( 25.16401654238957875, 14.24209700771249132, 0.000000000000000000 ) ) ;
#6150 = CARTESIAN_POINT ( 'NONE',  ( 64.99999999999998579, -5.000000000000000000, -56.00000000000000711 ) ) ;
#6151 = EDGE_LOOP ( 'NONE', ( #3752, #10836, #3980, #625 ) ) ;
#6152 = CARTESIAN_POINT ( 'NONE',  ( -4.559910687005316987, -14.57333476434996555, 5.000000000000000888 ) ) ;
#6153 = CARTESIAN_POINT ( 'NONE',  ( 53.50000000000003553, 5.000000000000000000, 102.9999999999999289 ) ) ;
#6154 = EDGE_CURVE ( 'NONE', #11823, #3102, #3007, .T. ) ;
#6155 = ORIENTED_EDGE ( 'NONE', *, *, #4385, .T. ) ;
#6156 = ORIENTED_EDGE ( 'NONE', *, *, #8741, .T. ) ;
#6157 = ORIENTED_EDGE ( 'NONE', *, *, #4999, .T. ) ;
#6158 = ADVANCED_FACE ( 'NONE', ( #3922 ), #4712, .F. ) ;
#6159 = LINE ( 'NONE', #6221, #1988 ) ;
#6160 = CARTESIAN_POINT ( 'NONE',  ( -0.4388521634615394351, -17.79463544448841716, 4.000000000000000000 ) ) ;
#6161 = CARTESIAN_POINT ( 'NONE',  ( 64.99999999999998579, 0.000000000000000000, -56.00000000000000711 ) ) ;
#6162 = LINE ( 'NONE', #9834, #7593 ) ;
#6163 = EDGE_LOOP ( 'NONE', ( #1017, #9362, #10529, #9509 ) ) ;
#6164 = CARTESIAN_POINT ( 'NONE',  ( -9.299999999999998934, 2.000000000000000000, -8.049999999999998934 ) ) ;
#6165 = DIRECTION ( 'NONE',  ( -0.000000000000000000, 1.000000000000000000, -0.000000000000000000 ) ) ;
#6166 = DIRECTION ( 'NONE',  ( -0.000000000000000000, -0.000000000000000000, -1.000000000000000000 ) ) ;
#6167 = ORIENTED_EDGE ( 'NONE', *, *, #11042, .T. ) ;
#6168 = ORIENTED_EDGE ( 'NONE', *, *, #8022, .F. ) ;
#6169 = FACE_OUTER_BOUND ( 'NONE', #6124, .T. ) ;
#6170 = VECTOR ( 'NONE', #6860, 1000.000000000000000 ) ;
#6171 = DIRECTION ( 'NONE',  ( -1.000000000000000000, -0.000000000000000000, -0.000000000000000000 ) ) ;
#6172 = DIRECTION ( 'NONE',  ( -0.000000000000000000, -0.000000000000000000, 1.000000000000000000 ) ) ;
#6173 = DIRECTION ( 'NONE',  ( -0.000000000000000000, 0.000000000000000000, 1.000000000000000000 ) ) ;
#6174 = CARTESIAN_POINT ( 'NONE',  ( -3.826506934484840805, -15.41611943538644880, 4.000000000000000888 ) ) ;
#6175 = DIRECTION ( 'NONE',  ( -0.000000000000000000, 1.000000000000000000, -0.000000000000000000 ) ) ;
#6176 = ORIENTED_EDGE ( 'NONE', *, *, #89, .F. ) ;
#6177 = EDGE_LOOP ( 'NONE', ( #7896, #7135 ) ) ;
#6178 = CARTESIAN_POINT ( 'NONE',  ( -23.49999999999999645, -17.50000000000000000, 2.500000000000000000 ) ) ;
#6179 = ORIENTED_EDGE ( 'NONE', *, *, #11522, .T. ) ;
#6180 = AXIS2_PLACEMENT_3D ( 'NONE', #7624, #2866, #1222 ) ;
#6181 = PLANE ( 'NONE',  #1771 ) ;
#6182 = FACE_BOUND ( 'NONE', #7250, .T. ) ;
#6183 = ORIENTED_EDGE ( 'NONE', *, *, #3860, .T. ) ;
#6184 = AXIS2_PLACEMENT_3D ( 'NONE', #1913, #6511, #5662 ) ;
#6185 = DIRECTION ( 'NONE',  ( 1.000000000000000000, 0.000000000000000000, 0.000000000000000000 ) ) ;
#6186 = AXIS2_PLACEMENT_3D ( 'NONE', #1233, #8315, #3729 ) ;
#6187 = CARTESIAN_POINT ( 'NONE',  ( -1.924998605220628267, -15.25382484343543155, 5.000000000000000888 ) ) ;
#6188 = FACE_OUTER_BOUND ( 'NONE', #2654, .T. ) ;
#6189 = CARTESIAN_POINT ( 'NONE',  ( 7.000000000000003553, -8.208545504429656248, 6.000000000000000888 ) ) ;
#6190 = DIRECTION ( 'NONE',  ( -3.854941057726234153E-16, 0.000000000000000000, 1.000000000000000000 ) ) ;
#6191 = CARTESIAN_POINT ( 'NONE',  ( 7.999999999999996447, 2.000000000000000000, 12.00000000000000000 ) ) ;
#6192 = EDGE_LOOP ( 'NONE', ( #2120, #1290, #3986, #9520 ) ) ;
#6193 = CARTESIAN_POINT ( 'NONE',  ( -1.475649145367523118, -14.76872126294798271, 5.000000000000000000 ) ) ;
#6194 = LINE ( 'NONE', #688, #5593 ) ;
#6195 = ORIENTED_EDGE ( 'NONE', *, *, #10378, .T. ) ;
#6196 = CIRCLE ( 'NONE', #7725, 5.000000000000000888 ) ;
#6197 = CARTESIAN_POINT ( 'NONE',  ( -5.999999999999997335, -6.208545504429656248, 5.000000000000000000 ) ) ;
#6198 = VECTOR ( 'NONE', #11486, 1000.000000000000000 ) ;
#6199 = ORIENTED_EDGE ( 'NONE', *, *, #1052, .F. ) ;
#6200 = CARTESIAN_POINT ( 'NONE',  ( -77.00000000000002842, 5.000000000000000000, -60.00000000000000711 ) ) ;
#6201 = AXIS2_PLACEMENT_3D ( 'NONE', #1733, #3612, #6510 ) ;
#6202 = CARTESIAN_POINT ( 'NONE',  ( 40.40000000000001990, 0.000000000000000000, -7.500000000000069278 ) ) ;
#6203 = ADVANCED_FACE ( 'NONE', ( #9411 ), #1990, .F. ) ;
#6204 = CARTESIAN_POINT ( 'NONE',  ( -29.49999999999999645, -19.75000000000000000, 0.000000000000000000 ) ) ;
#6205 = ADVANCED_FACE ( 'NONE', ( #5673 ), #10131, .F. ) ;
#6206 = AXIS2_PLACEMENT_3D ( 'NONE', #2665, #8098, #6296 ) ;
#6207 = CARTESIAN_POINT ( 'NONE',  ( 79.29125210528397361, 23.42293443487183069, -60.02045645920408390 ) ) ;
#6208 = CARTESIAN_POINT ( 'NONE',  ( -8.999999999999994671, 2.000000000000000000, 10.99999999999999467 ) ) ;
#6209 = CARTESIAN_POINT ( 'NONE',  ( 75.00000000000001421, 7.000000000000026645, -57.99999999999997868 ) ) ;
#6210 = ORIENTED_EDGE ( 'NONE', *, *, #2189, .F. ) ;
#6211 = CIRCLE ( 'NONE', #10249, 1.500000000000001332 ) ;
#6212 = AXIS2_PLACEMENT_3D ( 'NONE', #8892, #10761, #7082 ) ;
#6214 = EDGE_CURVE ( 'NONE', #11603, #8236, #3745, .T. ) ;
#6213 = DIRECTION ( 'NONE',  ( 1.000000000000000000, 2.127171113256157107E-15, -0.000000000000000000 ) ) ;
#6215 = CARTESIAN_POINT ( 'NONE',  ( -0.7734404229705829081, -17.18096062898759513, 5.000000000000001776 ) ) ;
#6216 = ORIENTED_EDGE ( 'NONE', *, *, #84, .F. ) ;
#6217 = VERTEX_POINT ( 'NONE', #7423 ) ;
#6219 = EDGE_LOOP ( 'NONE', ( #8148, #6263, #8060, #5454 ) ) ;
#6218 = VECTOR ( 'NONE', #5278, 1000.000000000000000 ) ;
#6220 = CONICAL_SURFACE ( 'NONE', #11212, 3.257139434613112172, 0.7853981633974447263 ) ;
#6221 = CARTESIAN_POINT ( 'NONE',  ( -75.00000000000001421, 7.000000000000026645, -102.0000000000000142 ) ) ;
#6222 = CARTESIAN_POINT ( 'NONE',  ( 0.6962888675300780150, -14.83721622788495154, 4.000000000000000888 ) ) ;
#6223 = EDGE_CURVE ( 'NONE', #3401, #9804, #9491, .T. ) ;
#6224 = LINE ( 'NONE', #9898, #5445 ) ;
#6225 = CARTESIAN_POINT ( 'NONE',  ( 0.2897196025698228761, -14.59492753222951578, 5.000000000000000000 ) ) ;
#6226 = ORIENTED_EDGE ( 'NONE', *, *, #11820, .F. ) ;
#6227 = DIRECTION ( 'NONE',  ( 0.5000000000000015543, -0.8660254037844377084, -0.000000000000000000 ) ) ;
#6228 = LINE ( 'NONE', #8157, #10081 ) ;
#6229 = DIRECTION ( 'NONE',  ( 0.8610380995189041986, 0.5085404518589189404, 0.000000000000000000 ) ) ;
#6230 = VERTEX_POINT ( 'NONE', #2099 ) ;
#6231 = AXIS2_PLACEMENT_3D ( 'NONE', #9183, #4594, #8997 ) ;
#6232 = AXIS2_PLACEMENT_3D ( 'NONE', #7434, #7546, #3817 ) ;
#6233 = ADVANCED_FACE ( 'NONE', ( #6634 ), #1923, .F. ) ;
#6234 = EDGE_LOOP ( 'NONE', ( #6167, #7790, #2271, #5871, #5229, #5391, #6877, #9263 ) ) ;
#6235 = AXIS2_PLACEMENT_3D ( 'NONE', #751, #5412, #7229 ) ;
#6236 = ORIENTED_EDGE ( 'NONE', *, *, #2286, .F. ) ;
#6237 = EDGE_CURVE ( 'NONE', #8901, #9103, #8908, .T. ) ;
#6238 = FACE_OUTER_BOUND ( 'NONE', #6977, .T. ) ;
#6239 = VECTOR ( 'NONE', #1737, 1000.000000000000000 ) ;
#6240 = EDGE_CURVE ( 'NONE', #4731, #7985, #2548, .T. ) ;
#6241 = DIRECTION ( 'NONE',  ( 0.000000000000000000, -0.000000000000000000, -1.000000000000000000 ) ) ;
#6242 = CARTESIAN_POINT ( 'NONE',  ( 43.00000000000000711, 0.000000000000000000, 34.49999999999993605 ) ) ;
#6243 = DIRECTION ( 'NONE',  ( -0.000000000000000000, -0.000000000000000000, 1.000000000000000000 ) ) ;
#6244 = DIRECTION ( 'NONE',  ( -0.000000000000000000, -1.000000000000000000, -0.000000000000000000 ) ) ;
#6245 = VERTEX_POINT ( 'NONE', #6521 ) ;
#6246 = ORIENTED_EDGE ( 'NONE', *, *, #8821, .F. ) ;
#6247 = CYLINDRICAL_SURFACE ( 'NONE', #11036, 2.000000000000001776 ) ;
#6248 = ORIENTED_EDGE ( 'NONE', *, *, #8399, .F. ) ;
#6249 = CARTESIAN_POINT ( 'NONE',  ( -1.400214113048630971, -16.73089921575636296, 4.000000000000000888 ) ) ;
#6250 = CARTESIAN_POINT ( 'NONE',  ( 75.00000000000001421, 31.00000000000000000, -80.00000000000000000 ) ) ;
#6251 = ORIENTED_EDGE ( 'NONE', *, *, #3028, .T. ) ;
#6252 = VECTOR ( 'NONE', #2327, 1000.000000000000227 ) ;
#6253 = CARTESIAN_POINT ( 'NONE',  ( -81.00000000000001421, 31.21779788708132486, -62.00000000000000711 ) ) ;
#6254 = CARTESIAN_POINT ( 'NONE',  ( -2.154024959294543518, -15.95574390214069282, 5.000000000000000000 ) ) ;
#6255 = DIRECTION ( 'NONE',  ( -1.000000000000000000, 0.000000000000000000, 0.000000000000000000 ) ) ;
#6256 = AXIS2_PLACEMENT_3D ( 'NONE', #1142, #6591, #9368 ) ;
#6257 = CARTESIAN_POINT ( 'NONE',  ( -2.156531675770218204, -16.14779317042628648, 4.000000000000000000 ) ) ;
#6258 = CARTESIAN_POINT ( 'NONE',  ( 19.00000000000000355, 0.000000000000000000, -27.00000000000005329 ) ) ;
#6259 = CARTESIAN_POINT ( 'NONE',  ( -0.4206072120007994797, -14.45734151234635689, 4.999999999999999112 ) ) ;
#6260 = ORIENTED_EDGE ( 'NONE', *, *, #8399, .T. ) ;
#6261 = CARTESIAN_POINT ( 'NONE',  ( -1.740780248397436836, -15.01205832109098104, 4.000000000000000000 ) ) ;
#6262 = CARTESIAN_POINT ( 'NONE',  ( 0.1643420549088633331, -17.05045728627539958, 3.999999999999999112 ) ) ;
#6263 = ORIENTED_EDGE ( 'NONE', *, *, #10765, .F. ) ;
#6264 = DIRECTION ( 'NONE',  ( 0.000000000000000000, 0.000000000000000000, 1.000000000000000000 ) ) ;
#6265 = EDGE_CURVE ( 'NONE', #6783, #273, #1186, .T. ) ;
#6266 = VERTEX_POINT ( 'NONE', #7531 ) ;
#6267 = DIRECTION ( 'NONE',  ( -1.000000000000000000, 0.000000000000000000, 0.000000000000000000 ) ) ;
#6268 = AXIS2_PLACEMENT_3D ( 'NONE', #4646, #6745, #10313 ) ;
#6269 = DIRECTION ( 'NONE',  ( -1.000000000000000000, 0.000000000000000000, 0.000000000000000000 ) ) ;
#6270 = CARTESIAN_POINT ( 'NONE',  ( 4.092170994899361277E-15, -21.49999999999999645, 9.000000000000001776 ) ) ;
#6271 = CIRCLE ( 'NONE', #5681, 1.499999999999987566 ) ;
#6272 = DIRECTION ( 'NONE',  ( 0.000000000000000000, 1.000000000000000000, 0.000000000000000000 ) ) ;
#6273 = CARTESIAN_POINT ( 'NONE',  ( -4.282934162643969422, -14.65432544641275214, 4.000000000000000000 ) ) ;
#6274 = DIRECTION ( 'NONE',  ( -0.000000000000000000, 1.000000000000000000, -0.000000000000000000 ) ) ;
#6275 = ORIENTED_EDGE ( 'NONE', *, *, #11408, .F. ) ;
#6276 = DIRECTION ( 'NONE',  ( -1.000000000000000000, -0.000000000000000000, -0.000000000000000000 ) ) ;
#6277 = DIRECTION ( 'NONE',  ( 0.000000000000000000, 1.000000000000000000, 0.000000000000000000 ) ) ;
#6278 = AXIS2_PLACEMENT_3D ( 'NONE', #3173, #7874, #557 ) ;
#6279 = ORIENTED_EDGE ( 'NONE', *, *, #2502, .T. ) ;
#6280 = ORIENTED_EDGE ( 'NONE', *, *, #5327, .T. ) ;
#6281 = ORIENTED_EDGE ( 'NONE', *, *, #11728, .T. ) ;
#6282 = EDGE_CURVE ( 'NONE', #3212, #1069, #1779, .T. ) ;
#6283 = LINE ( 'NONE', #766, #3330 ) ;
#6284 = LINE ( 'NONE', #892, #8713 ) ;
#6285 = AXIS2_PLACEMENT_3D ( 'NONE', #4839, #236, #4724 ) ;
#6286 = CARTESIAN_POINT ( 'NONE',  ( -0.2749293940584462415, -17.21656230410016519, 5.000000000000000000 ) ) ;
#6287 = CARTESIAN_POINT ( 'NONE',  ( -0.05426873046069794621, -14.49359961687093801, 3.999999999999998224 ) ) ;
#6288 = ORIENTED_EDGE ( 'NONE', *, *, #2698, .T. ) ;
#6289 = DIRECTION ( 'NONE',  ( 0.000000000000000000, -1.000000000000000000, 0.000000000000000000 ) ) ;
#6290 = PLANE ( 'NONE',  #1997 ) ;
#6291 = DIRECTION ( 'NONE',  ( 0.000000000000000000, 0.000000000000000000, 1.000000000000000000 ) ) ;
#6292 = EDGE_LOOP ( 'NONE', ( #375, #1533, #10902, #3063 ) ) ;
#6293 = VERTEX_POINT ( 'NONE', #10311 ) ;
#6294 = EDGE_CURVE ( 'NONE', #8987, #8658, #3501, .T. ) ;
#6295 = VERTEX_POINT ( 'NONE', #651 ) ;
#6296 = DIRECTION ( 'NONE',  ( -1.000000000000000000, 0.000000000000000000, 0.000000000000000000 ) ) ;
#6297 = EDGE_CURVE ( 'NONE', #9843, #5843, #3254, .T. ) ;
#6298 = DIRECTION ( 'NONE',  ( -0.000000000000000000, -0.000000000000000000, 1.000000000000000000 ) ) ;
#6299 = DIRECTION ( 'NONE',  ( -0.000000000000000000, -0.000000000000000000, -1.000000000000000000 ) ) ;
#6300 = AXIS2_PLACEMENT_3D ( 'NONE', #10830, #1526, #9931 ) ;
#6301 = DIRECTION ( 'NONE',  ( 0.5085404518589206058, -0.8610380995189033104, 0.000000000000000000 ) ) ;
#6302 = DIRECTION ( 'NONE',  ( -1.000000000000000000, 0.000000000000000000, 0.000000000000000000 ) ) ;
#6303 = ORIENTED_EDGE ( 'NONE', *, *, #4155, .F. ) ;
#6304 = ORIENTED_EDGE ( 'NONE', *, *, #4632, .F. ) ;
#6305 = LINE ( 'NONE', #7323, #2759 ) ;
#6306 = ORIENTED_EDGE ( 'NONE', *, *, #2148, .F. ) ;
#6307 = EDGE_CURVE ( 'NONE', #6512, #10997, #5640, .T. ) ;
#6308 = FACE_BOUND ( 'NONE', #566, .T. ) ;
#6309 = VERTEX_POINT ( 'NONE', #4288 ) ;
#6310 = EDGE_CURVE ( 'NONE', #8095, #9493, #3065, .T. ) ;
#6311 = VECTOR ( 'NONE', #4308, 1000.000000000000000 ) ;
#6312 = DIRECTION ( 'NONE',  ( -0.000000000000000000, -0.000000000000000000, 1.000000000000000000 ) ) ;
#6313 = CARTESIAN_POINT ( 'NONE',  ( 3.072372804504399202, 9.194809502405480117, 5.000000000000000000 ) ) ;
#6314 = EDGE_CURVE ( 'NONE', #3064, #9088, #8809, .T. ) ;
#6315 = DIRECTION ( 'NONE',  ( 0.000000000000000000, 1.000000000000000000, -0.000000000000000000 ) ) ;
#6316 = PLANE ( 'NONE',  #6493 ) ;
#6317 = PLANE ( 'NONE',  #9926 ) ;
#6318 = DIRECTION ( 'NONE',  ( -0.000000000000000000, -1.000000000000000000, -0.000000000000000000 ) ) ;
#6319 = VERTEX_POINT ( 'NONE', #1561 ) ;
#6320 = CARTESIAN_POINT ( 'NONE',  ( -2.156246695998924157, -16.05802770467386154, 4.000000000000000000 ) ) ;
#6321 = AXIS2_PLACEMENT_3D ( 'NONE', #5534, #11745, #3840 ) ;
#6322 = CARTESIAN_POINT ( 'NONE',  ( -3.834181635593693738, -15.58629100004424828, 4.000000000000001776 ) ) ;
#6323 = ORIENTED_EDGE ( 'NONE', *, *, #10617, .F. ) ;
#6324 = LINE ( 'NONE', #11866, #2576 ) ;
#6325 = VECTOR ( 'NONE', #11824, 999.9999999999998863 ) ;
#6326 = ORIENTED_EDGE ( 'NONE', *, *, #8429, .F. ) ;
#6327 = CARTESIAN_POINT ( 'NONE',  ( -81.00000000000001421, 24.00000000000000355, -64.50000000000000000 ) ) ;
#6328 = CARTESIAN_POINT ( 'NONE',  ( -26.00000000000000000, 0.000000000000000000, 44.99999999999992895 ) ) ;
#6329 = EDGE_CURVE ( 'NONE', #11785, #6667, #6224, .T. ) ;
#6330 = DIRECTION ( 'NONE',  ( 0.8610380995189044206, -0.5085404518589188294, -0.000000000000000000 ) ) ;
#6331 = EDGE_CURVE ( 'NONE', #6019, #9874, #7179, .T. ) ;
#6332 = DIRECTION ( 'NONE',  ( -0.000000000000000000, 1.000000000000000000, -0.000000000000000000 ) ) ;
#6333 = DIRECTION ( 'NONE',  ( 0.000000000000000000, -0.000000000000000000, -1.000000000000000000 ) ) ;
#6334 = CARTESIAN_POINT ( 'NONE',  ( 74.99999999999998579, 0.000000000000000000, -103.0000000000000142 ) ) ;
#6335 = ORIENTED_EDGE ( 'NONE', *, *, #7483, .T. ) ;
#6336 = DIRECTION ( 'NONE',  ( -0.7071067811865431318, 0.7071067811865520136, 0.000000000000000000 ) ) ;
#6337 = DIRECTION ( 'NONE',  ( -1.000000000000000000, -0.000000000000000000, -0.000000000000000000 ) ) ;
#6338 = ORIENTED_EDGE ( 'NONE', *, *, #458, .F. ) ;
#6339 = ORIENTED_EDGE ( 'NONE', *, *, #10057, .F. ) ;
#6340 = CARTESIAN_POINT ( 'NONE',  ( -8.799999999999998934, 2.791454495570343752, 10.00000000000000000 ) ) ;
#6341 = ORIENTED_EDGE ( 'NONE', *, *, #448, .T. ) ;
#6342 = CARTESIAN_POINT ( 'NONE',  ( 9.000000000000005329, 0.000000000000000000, 8.000000000000007105 ) ) ;
#6343 = CARTESIAN_POINT ( 'NONE',  ( 6.065064102564100779, -15.10809698294995584, 4.000000000000000000 ) ) ;
#6344 = DIRECTION ( 'NONE',  ( 0.000000000000000000, 0.000000000000000000, 1.000000000000000000 ) ) ;
#6345 = DIRECTION ( 'NONE',  ( 0.000000000000000000, 0.000000000000000000, 1.000000000000000000 ) ) ;
#6346 = VERTEX_POINT ( 'NONE', #2591 ) ;
#6347 = DIRECTION ( 'NONE',  ( -1.000000000000000000, 0.000000000000000000, 0.000000000000000000 ) ) ;
#6348 = CARTESIAN_POINT ( 'NONE',  ( -64.99999999999995737, 5.000000000000000000, -55.99999999999997868 ) ) ;
#6349 = DIRECTION ( 'NONE',  ( -0.5000000000000011102, -0.8660254037844379305, 0.000000000000000000 ) ) ;
#6350 = VERTEX_POINT ( 'NONE', #8027 ) ;
#6351 = EDGE_LOOP ( 'NONE', ( #8277, #5690, #5168, #464 ) ) ;
#6352 = ORIENTED_EDGE ( 'NONE', *, *, #11157, .T. ) ;
#6353 = CARTESIAN_POINT ( 'NONE',  ( 119.0000000000000284, 37.42339375865881834, -87.75000000000002842 ) ) ;
#6354 = VECTOR ( 'NONE', #9310, 1000.000000000000000 ) ;
#6355 = DIRECTION ( 'NONE',  ( -1.000000000000000000, -0.000000000000000000, -0.000000000000000000 ) ) ;
#6356 = CARTESIAN_POINT ( 'NONE',  ( 1.139171525026625886, -16.25528439861938423, 4.000000000000000000 ) ) ;
#6357 = ORIENTED_EDGE ( 'NONE', *, *, #3594, .F. ) ;
#6358 = CARTESIAN_POINT ( 'NONE',  ( -5.072235444507663615, -14.53838097365525428, 3.999999999999999112 ) ) ;
#6359 = CARTESIAN_POINT ( 'NONE',  ( -27.90343502558110700, 16.01309099620652532, 2.500000000000000000 ) ) ;
#6360 = ORIENTED_EDGE ( 'NONE', *, *, #9545, .T. ) ;
#6361 = AXIS2_PLACEMENT_3D ( 'NONE', #6130, #4499, #1522 ) ;
#6362 = ORIENTED_EDGE ( 'NONE', *, *, #9051, .F. ) ;
#6363 = LINE ( 'NONE', #1769, #11411 ) ;
#6364 = ORIENTED_EDGE ( 'NONE', *, *, #6743, .F. ) ;
#6365 = EDGE_CURVE ( 'NONE', #4867, #2950, #11707, .T. ) ;
#6366 = CARTESIAN_POINT ( 'NONE',  ( -81.00000000000001421, 10.57660624134121363, -73.74999999999997158 ) ) ;
#6367 = VERTEX_POINT ( 'NONE', #5372 ) ;
#6368 = VECTOR ( 'NONE', #986, 1000.000000000000000 ) ;
#6369 = CARTESIAN_POINT ( 'NONE',  ( 75.00000000000000000, 5.000000000000000000, -102.0499999999999972 ) ) ;
#6370 = DIRECTION ( 'NONE',  ( -0.5085404518589194955, 0.8610380995189039766, 0.000000000000000000 ) ) ;
#6371 = CARTESIAN_POINT ( 'NONE',  ( 81.00000000000001421, 17.00000000000000000, -86.50000000000001421 ) ) ;
#6372 = DIRECTION ( 'NONE',  ( -1.000000000000000000, 0.000000000000000000, 0.000000000000000000 ) ) ;
#6373 = EDGE_CURVE ( 'NONE', #130, #2535, #5188, .T. ) ;
#6374 = CIRCLE ( 'NONE', #7328, 1.000000000000000888 ) ;
#6375 = CYLINDRICAL_SURFACE ( 'NONE', #8757, 1.500000000000001332 ) ;
#6376 = LINE ( 'NONE', #4505, #1350 ) ;
#6377 = ORIENTED_EDGE ( 'NONE', *, *, #110, .T. ) ;
#6378 = VECTOR ( 'NONE', #4885, 1000.000000000000000 ) ;
#6379 = CARTESIAN_POINT ( 'NONE',  ( -3.826282051282051455, -15.44009818487302255, 4.000000000000000888 ) ) ;
#6380 = EDGE_LOOP ( 'NONE', ( #4428, #10703, #409, #1256, #10577 ) ) ;
#6381 = CARTESIAN_POINT ( 'NONE',  ( -2.133448305808136158, -15.80507921218605993, 5.000000000000001776 ) ) ;
#6382 = ORIENTED_EDGE ( 'NONE', *, *, #294, .T. ) ;
#6383 = ADVANCED_FACE ( 'NONE', ( #3438 ), #9957, .F. ) ;
#6384 = LINE ( 'NONE', #6200, #4002 ) ;
#6385 = AXIS2_PLACEMENT_3D ( 'NONE', #11487, #1457, #7741 ) ;
#6386 = CARTESIAN_POINT ( 'NONE',  ( 0.6962888675300780150, -14.83721622788495154, 4.000000000000000888 ) ) ;
#6387 = PLANE ( 'NONE',  #8233 ) ;
#6388 = AXIS2_PLACEMENT_3D ( 'NONE', #5263, #8935, #657 ) ;
#6389 = CARTESIAN_POINT ( 'NONE',  ( -20.99999999999999645, -89.44271909999159220, -27.00000000000005329 ) ) ;
#6390 = CARTESIAN_POINT ( 'NONE',  ( -4.652207563430163617, -14.56002473291711929, 4.999999999999994671 ) ) ;
#6391 = EDGE_CURVE ( 'NONE', #3960, #705, #6100, .T. ) ;
#6392 = VECTOR ( 'NONE', #5993, 1000.000000000000000 ) ;
#6393 = DIRECTION ( 'NONE',  ( -0.000000000000000000, 1.000000000000000000, -0.000000000000000000 ) ) ;
#6394 = ORIENTED_EDGE ( 'NONE', *, *, #3028, .F. ) ;
#6395 = CARTESIAN_POINT ( 'NONE',  ( 53.50000000000003553, 5.000000000000000000, 104.9999999999999289 ) ) ;
#6396 = DIRECTION ( 'NONE',  ( 0.000000000000000000, 0.000000000000000000, 1.000000000000000000 ) ) ;
#6397 = AXIS2_PLACEMENT_3D ( 'NONE', #7694, #5895, #11372 ) ;
#6398 = ORIENTED_EDGE ( 'NONE', *, *, #3579, .F. ) ;
#6399 = ORIENTED_EDGE ( 'NONE', *, *, #1343, .T. ) ;
#6400 = LINE ( 'NONE', #9730, #1805 ) ;
#6401 = DIRECTION ( 'NONE',  ( -1.000000000000000000, 0.000000000000000000, -0.000000000000000000 ) ) ;
#6402 = CARTESIAN_POINT ( 'NONE',  ( -0.1100613420491561578, -17.76800768237140105, 4.000000000000000000 ) ) ;
#6403 = VECTOR ( 'NONE', #11467, 1000.000000000000000 ) ;
#6404 = DIRECTION ( 'NONE',  ( -0.000000000000000000, 0.000000000000000000, 1.000000000000000000 ) ) ;
#6405 = CARTESIAN_POINT ( 'NONE',  ( 0.1363148084311956998, -14.54079713354843584, 4.000000000000000000 ) ) ;
#6406 = ORIENTED_EDGE ( 'NONE', *, *, #4881, .F. ) ;
#6407 = EDGE_CURVE ( 'NONE', #10205, #11184, #3312, .T. ) ;
#6408 = DIRECTION ( 'NONE',  ( 0.000000000000000000, 0.000000000000000000, 1.000000000000000000 ) ) ;
#6409 = CARTESIAN_POINT ( 'NONE',  ( -4.834456291209126455, -15.75577356204661506, 5.000000000000000000 ) ) ;
#6410 = EDGE_LOOP ( 'NONE', ( #10424, #10583 ) ) ;
#6411 = ORIENTED_EDGE ( 'NONE', *, *, #1191, .T. ) ;
#6412 = VECTOR ( 'NONE', #10123, 1000.000000000000000 ) ;
#6413 = VECTOR ( 'NONE', #9178, 1000.000000000000000 ) ;
#6414 = ORIENTED_EDGE ( 'NONE', *, *, #6789, .T. ) ;
#6415 = CARTESIAN_POINT ( 'NONE',  ( -24.99999999999999645, 17.50000000000000000, 5.000000000000000000 ) ) ;
#6416 = CARTESIAN_POINT ( 'NONE',  ( -5.210256410256410398, -17.71322518807814816, 4.000000000000000000 ) ) ;
#6417 = CARTESIAN_POINT ( 'NONE',  ( -5.116125801282050745, -14.53822518807814923, 4.000000000000000000 ) ) ;
#6418 = ORIENTED_EDGE ( 'NONE', *, *, #8143, .F. ) ;
#6419 = CARTESIAN_POINT ( 'NONE',  ( -5.116125801282050745, -14.53822518807814923, 4.000000000000000000 ) ) ;
#6420 = DIRECTION ( 'NONE',  ( -0.5429117819417186297, -0.8397897338196435024, 0.000000000000000000 ) ) ;
#6421 = ORIENTED_EDGE ( 'NONE', *, *, #11458, .T. ) ;
#6422 = LINE ( 'NONE', #10449, #2355 ) ;
#6423 = ORIENTED_EDGE ( 'NONE', *, *, #4319, .T. ) ;
#6424 = PLANE ( 'NONE',  #8139 ) ;
#6425 = VERTEX_POINT ( 'NONE', #11763 ) ;
#6426 = VECTOR ( 'NONE', #6336, 1000.000000000000000 ) ;
#6427 = CIRCLE ( 'NONE', #820, 1.499999999999987566 ) ;
#6428 = CARTESIAN_POINT ( 'NONE',  ( 0.3096674280982326111, -16.91007872747487539, 5.000000000000001776 ) ) ;
#6429 = CIRCLE ( 'NONE', #6617, 1.500000000000001332 ) ;
#6430 = DIRECTION ( 'NONE',  ( -0.000000000000000000, -1.000000000000000000, -0.000000000000000000 ) ) ;
#6431 = EDGE_CURVE ( 'NONE', #9940, #1288, #7844, .T. ) ;
#6432 = AXIS2_PLACEMENT_3D ( 'NONE', #4973, #8648, #6837 ) ;
#6433 = LINE ( 'NONE', #4614, #6074 ) ;
#6434 = CARTESIAN_POINT ( 'NONE',  ( 20.00000000000006750, -16.20000000000000284, 96.49999999999991473 ) ) ;
#6435 = CARTESIAN_POINT ( 'NONE',  ( 0.2292313111351064192, -14.57091519142974967, 4.000000000000000888 ) ) ;
#6436 = CARTESIAN_POINT ( 'NONE',  ( -0.2516596594728344738, -14.46563862997375338, 4.999999999999997335 ) ) ;
#6437 = ORIENTED_EDGE ( 'NONE', *, *, #110, .F. ) ;
#6438 = EDGE_CURVE ( 'NONE', #6080, #6066, #9105, .T. ) ;
#6439 = DIRECTION ( 'NONE',  ( -0.000000000000000000, -0.000000000000000000, -1.000000000000000000 ) ) ;
#6440 = ORIENTED_EDGE ( 'NONE', *, *, #3604, .T. ) ;
#6441 = CIRCLE ( 'NONE', #4318, 6.500000000000005329 ) ;
#6442 = FACE_OUTER_BOUND ( 'NONE', #6192, .T. ) ;
#6443 = EDGE_CURVE ( 'NONE', #1893, #9528, #801, .T. ) ;
#6444 = ORIENTED_EDGE ( 'NONE', *, *, #11026, .T. ) ;
#6445 = DIRECTION ( 'NONE',  ( -0.000000000000000000, -0.000000000000000000, -1.000000000000000000 ) ) ;
#6446 = PRODUCT_RELATED_PRODUCT_CATEGORY ( 'part', '', ( #6987 ) ) ;
#6447 = FACE_OUTER_BOUND ( 'NONE', #9209, .T. ) ;
#6448 = CARTESIAN_POINT ( 'NONE',  ( -81.00000000000001421, 24.00000000000000000, -97.00000000000000000 ) ) ;
#6449 = PLANE ( 'NONE',  #9745 ) ;
#6450 = CARTESIAN_POINT ( 'NONE',  ( -4.866102240875034290, -14.54340779600977385, 4.999999999999995559 ) ) ;
#6451 = ADVANCED_FACE ( 'NONE', ( #2838 ), #8272, .F. ) ;
#6452 = ADVANCED_FACE ( 'NONE', ( #4471 ), #10186, .T. ) ;
#6453 = CYLINDRICAL_SURFACE ( 'NONE', #5028, 1.500000000000001332 ) ;
#6454 = VERTEX_POINT ( 'NONE', #1924 ) ;
#6455 = CIRCLE ( 'NONE', #8561, 2.599999999999991207 ) ;
#6456 = CARTESIAN_POINT ( 'NONE',  ( 81.00000000000001421, 31.21779788708139947, -97.99999999999998579 ) ) ;
#6457 = VECTOR ( 'NONE', #5787, 1000.000000000000000 ) ;
#6458 = CARTESIAN_POINT ( 'NONE',  ( 22.50000000000000711, -21.49999999999999289, 9.000000000000001776 ) ) ;
#6459 = EDGE_CURVE ( 'NONE', #9350, #5954, #2776, .T. ) ;
#6460 = ORIENTED_EDGE ( 'NONE', *, *, #11689, .T. ) ;
#6461 = AXIS2_PLACEMENT_3D ( 'NONE', #11797, #10105, #3655 ) ;
#6462 = EDGE_LOOP ( 'NONE', ( #9768, #8103 ) ) ;
#6463 = EDGE_CURVE ( 'NONE', #11557, #5733, #837, .T. ) ;
#6464 = DIRECTION ( 'NONE',  ( 0.000000000000000000, 0.000000000000000000, 1.000000000000000000 ) ) ;
#6465 = CARTESIAN_POINT ( 'NONE',  ( -20.00000000000001421, -16.20000000000000284, 75.49999999999992895 ) ) ;
#6466 = CARTESIAN_POINT ( 'NONE',  ( 75.00000000000000000, 45.00000000000000000, -102.0000000000000142 ) ) ;
#6467 = CARTESIAN_POINT ( 'NONE',  ( 9.800000000000002487, 2.791454495570343752, 10.00000000000000000 ) ) ;
#6468 = EDGE_CURVE ( 'NONE', #4312, #5677, #10636, .T. ) ;
#6469 = PLANE ( 'NONE',  #5484 ) ;
#6470 = VERTEX_POINT ( 'NONE', #11099 ) ;
#6471 = AXIS2_PLACEMENT_3D ( 'NONE', #3408, #6969, #4145 ) ;
#6472 = DIRECTION ( 'NONE',  ( -0.000000000000000000, -1.000000000000000000, -0.000000000000000000 ) ) ;
#6473 = FACE_OUTER_BOUND ( 'NONE', #11847, .T. ) ;
#6474 = ORIENTED_EDGE ( 'NONE', *, *, #7690, .F. ) ;
#6475 = ORIENTED_EDGE ( 'NONE', *, *, #5884, .F. ) ;
#6476 = EDGE_CURVE ( 'NONE', #2259, #10188, #6522, .T. ) ;
#6477 = ORIENTED_EDGE ( 'NONE', *, *, #7361, .F. ) ;
#6478 = AXIS2_PLACEMENT_3D ( 'NONE', #3759, #4659, #10323 ) ;
#6479 = CARTESIAN_POINT ( 'NONE',  ( 15.86005420924689524, 7.456272356324764594, 5.000000000000000000 ) ) ;
#6480 = DIRECTION ( 'NONE',  ( -0.000000000000000000, -0.000000000000000000, -1.000000000000000000 ) ) ;
#6481 = EDGE_CURVE ( 'NONE', #6583, #2990, #893, .T. ) ;
#6482 = CARTESIAN_POINT ( 'NONE',  ( -15.86005420924688991, 7.456272356324761041, 5.000000000000000000 ) ) ;
#6483 = VERTEX_POINT ( 'NONE', #10251 ) ;
#6484 =( NAMED_UNIT ( * ) PLANE_ANGLE_UNIT ( ) SI_UNIT ( $, .RADIAN. ) );
#6485 = DIRECTION ( 'NONE',  ( 5.778241043194146325E-16, 1.000000000000000000, 0.000000000000000000 ) ) ;
#6486 = EDGE_LOOP ( 'NONE', ( #709, #5275, #1286, #569 ) ) ;
#6487 = FACE_OUTER_BOUND ( 'NONE', #11802, .T. ) ;
#6488 = ORIENTED_EDGE ( 'NONE', *, *, #3356, .T. ) ;
#6489 = FACE_BOUND ( 'NONE', #7203, .T. ) ;
#6490 = ORIENTED_EDGE ( 'NONE', *, *, #5388, .F. ) ;
#6491 = FACE_OUTER_BOUND ( 'NONE', #4568, .T. ) ;
#6492 = CARTESIAN_POINT ( 'NONE',  ( -4.345293898227679641, -16.23779630668430229, 5.000000000000001776 ) ) ;
#6493 = AXIS2_PLACEMENT_3D ( 'NONE', #5399, #9080, #803 ) ;
#6494 = LINE ( 'NONE', #1219, #2810 ) ;
#6495 = DIRECTION ( 'NONE',  ( -1.000000000000000000, 0.000000000000000000, 0.000000000000000000 ) ) ;
#6496 = CARTESIAN_POINT ( 'NONE',  ( 0.2897196025698228761, -14.59492753222951578, 4.000000000000000000 ) ) ;
#6497 = CARTESIAN_POINT ( 'NONE',  ( -0.4477564102564112192, -16.65489185474482525, 5.000000000000000000 ) ) ;
#6498 = ORIENTED_EDGE ( 'NONE', *, *, #11827, .F. ) ;
#6499 = ORIENTED_EDGE ( 'NONE', *, *, #10292, .T. ) ;
#6500 = DIRECTION ( 'NONE',  ( 1.000000000000000000, 0.000000000000000000, 0.000000000000000000 ) ) ;
#6501 = ORIENTED_EDGE ( 'NONE', *, *, #8538, .F. ) ;
#6502 = CARTESIAN_POINT ( 'NONE',  ( -0.8314319303410037110, -14.49112657528359982, 4.999999999999998224 ) ) ;
#6503 = ORIENTED_EDGE ( 'NONE', *, *, #5636, .F. ) ;
#6504 = ADVANCED_FACE ( 'NONE', ( #3565 ), #4645, .F. ) ;
#6505 = CARTESIAN_POINT ( 'NONE',  ( 30.01888746451763268, 17.85109630944760184, 0.000000000000000000 ) ) ;
#6506 = DIRECTION ( 'NONE',  ( 1.000000000000000000, 0.000000000000000000, -3.154042683594193641E-16 ) ) ;
#6507 = CIRCLE ( 'NONE', #1875, 1.366822574594681150 ) ;
#6508 = LINE ( 'NONE', #9270, #7 ) ;
#6509 = DIRECTION ( 'NONE',  ( 1.000000000000000000, 0.000000000000000000, 0.000000000000000000 ) ) ;
#6510 = DIRECTION ( 'NONE',  ( -1.000000000000000000, 0.000000000000000000, 0.000000000000000000 ) ) ;
#6511 = DIRECTION ( 'NONE',  ( 1.000000000000000000, 0.000000000000000000, 0.000000000000000000 ) ) ;
#6512 = VERTEX_POINT ( 'NONE', #5607 ) ;
#6513 = CARTESIAN_POINT ( 'NONE',  ( -75.00000000000001421, 5.000000000000000000, -103.0000000000000142 ) ) ;
#6514 = DIRECTION ( 'NONE',  ( -0.000000000000000000, -0.000000000000000000, -1.000000000000000000 ) ) ;
#6515 = EDGE_CURVE ( 'NONE', #8689, #469, #8149, .T. ) ;
#6516 = ORIENTED_EDGE ( 'NONE', *, *, #9703, .T. ) ;
#6517 = ADVANCED_FACE ( 'NONE', ( #4713 ), #6220, .T. ) ;
#6518 = ORIENTED_EDGE ( 'NONE', *, *, #10860, .T. ) ;
#6519 = CARTESIAN_POINT ( 'NONE',  ( 4.925320512820510643, -17.71322518807815882, 5.000000000000000000 ) ) ;
#6520 = CARTESIAN_POINT ( 'NONE',  ( 55.50000000000003553, 5.000000000000000000, 102.9999999999999289 ) ) ;
#6521 = CARTESIAN_POINT ( 'NONE',  ( 81.00000000000001421, 17.00000000000000000, -73.50000000000000000 ) ) ;
#6522 = LINE ( 'NONE', #8216, #6413 ) ;
#6523 = CARTESIAN_POINT ( 'NONE',  ( -25.99999999999999645, -89.44271909999159220, 11.49999999999995381 ) ) ;
#6524 = ORIENTED_EDGE ( 'NONE', *, *, #7028, .F. ) ;
#6525 = EDGE_CURVE ( 'NONE', #6667, #6688, #3746, .T. ) ;
#6526 = DIRECTION ( 'NONE',  ( -0.8660254037844378194, 0.5000000000000016653, 0.000000000000000000 ) ) ;
#6527 = LINE ( 'NONE', #2958, #6994 ) ;
#6528 = VERTEX_POINT ( 'NONE', #3008 ) ;
#6529 = ORIENTED_EDGE ( 'NONE', *, *, #2093, .F. ) ;
#6530 = VERTEX_POINT ( 'NONE', #4948 ) ;
#6531 = EDGE_CURVE ( 'NONE', #7324, #7058, #9531, .T. ) ;
#6532 = FACE_OUTER_BOUND ( 'NONE', #9479, .T. ) ;
#6533 = CARTESIAN_POINT ( 'NONE',  ( 75.00000000000001421, 5.000000000000000000, -57.99999999999998579 ) ) ;
#6534 = DIRECTION ( 'NONE',  ( 1.652117596168387756E-16, 0.000000000000000000, -1.000000000000000000 ) ) ;
#6535 = EDGE_LOOP ( 'NONE', ( #6875, #3898, #1999, #10553, #25, #11041 ) ) ;
#6536 = LINE ( 'NONE', #5627, #10609 ) ;
#6537 = PLANE ( 'NONE',  #4228 ) ;
#6538 = ADVANCED_FACE ( 'NONE', ( #10312 ), #2277, .T. ) ;
#6539 = DIRECTION ( 'NONE',  ( 1.000000000000000000, 0.000000000000000000, 0.000000000000000000 ) ) ;
#6540 = ORIENTED_EDGE ( 'NONE', *, *, #4240, .T. ) ;
#6541 = DIRECTION ( 'NONE',  ( -0.000000000000000000, 1.000000000000000000, -0.000000000000000000 ) ) ;
#6542 = ORIENTED_EDGE ( 'NONE', *, *, #3924, .F. ) ;
#6543 = ORIENTED_EDGE ( 'NONE', *, *, #10485, .F. ) ;
#6544 = DIRECTION ( 'NONE',  ( -0.4558233523543239185, -0.8900702620852276592, 0.000000000000000000 ) ) ;
#6545 = DIRECTION ( 'NONE',  ( -1.000000000000000000, 0.000000000000000000, -0.000000000000000000 ) ) ;
#6546 = FACE_OUTER_BOUND ( 'NONE', #8208, .T. ) ;
#6547 = CARTESIAN_POINT ( 'NONE',  ( -4.988286258012819552, -15.75937903423199593, 5.000000000000000000 ) ) ;
#6548 = CARTESIAN_POINT ( 'NONE',  ( -4.402855671620519828, -15.51354412638552027, 4.000000000000000000 ) ) ;
#6549 = CARTESIAN_POINT ( 'NONE',  ( 4.925320512820510643, -17.71322518807815882, 4.000000000000000000 ) ) ;
#6550 = VERTEX_POINT ( 'NONE', #8679 ) ;
#6551 = ORIENTED_EDGE ( 'NONE', *, *, #7460, .F. ) ;
#6552 = DIRECTION ( 'NONE',  ( -1.000000000000000000, 0.000000000000000000, 0.000000000000000000 ) ) ;
#6553 = VERTEX_POINT ( 'NONE', #11388 ) ;
#6554 = CIRCLE ( 'NONE', #8479, 1.500000000000001332 ) ;
#6555 = CARTESIAN_POINT ( 'NONE',  ( -1.172468870887187320, -14.59480120161664907, 4.000000000000000888 ) ) ;
#6556 = ORIENTED_EDGE ( 'NONE', *, *, #1452, .T. ) ;
#6557 = CARTESIAN_POINT ( 'NONE',  ( -5.016907051282050389, -16.32925082910378833, 4.000000000000000000 ) ) ;
#6558 = DIRECTION ( 'NONE',  ( -1.000000000000000000, 0.000000000000000000, 0.000000000000000000 ) ) ;
#6559 = VECTOR ( 'NONE', #4982, 1000.000000000000000 ) ;
#6560 = FACE_BOUND ( 'NONE', #7401, .T. ) ;
#6561 = CARTESIAN_POINT ( 'NONE',  ( -9.299999999999998934, 2.000000000000000000, -9.299999999999997158 ) ) ;
#6562 = FACE_OUTER_BOUND ( 'NONE', #6380, .T. ) ;
#6563 = DIRECTION ( 'NONE',  ( -0.000000000000000000, -1.000000000000000000, -0.000000000000000000 ) ) ;
#6564 = CARTESIAN_POINT ( 'NONE',  ( 7.000000000000003553, -9.208545504429656248, 6.000000000000000888 ) ) ;
#6565 = VERTEX_POINT ( 'NONE', #11453 ) ;
#6566 = CYLINDRICAL_SURFACE ( 'NONE', #10277, 1.000000000000000000 ) ;
#6567 = CARTESIAN_POINT ( 'NONE',  ( 74.99999999999998579, 5.000000000000000000, -103.0000000000000142 ) ) ;
#6568 = AXIS2_PLACEMENT_3D ( 'NONE', #2812, #22, #10106 ) ;
#6569 = ORIENTED_EDGE ( 'NONE', *, *, #10156, .F. ) ;
#6570 = ORIENTED_EDGE ( 'NONE', *, *, #2698, .F. ) ;
#6571 = CARTESIAN_POINT ( 'NONE',  ( -0.4793661538925714227, -17.79407567159341497, 5.000000000000000000 ) ) ;
#6572 = VECTOR ( 'NONE', #4786, 1000.000000000000000 ) ;
#6573 = AXIS2_PLACEMENT_3D ( 'NONE', #2433, #9626, #7931 ) ;
#6574 = LINE ( 'NONE', #10184, #1883 ) ;
#6575 = CARTESIAN_POINT ( 'NONE',  ( 24.99999999999999645, -17.50000000000000000, 9.000000000000001776 ) ) ;
#6576 = DIRECTION ( 'NONE',  ( 0.000000000000000000, 1.000000000000000000, 0.000000000000000000 ) ) ;
#6577 = EDGE_CURVE ( 'NONE', #8096, #9820, #5731, .T. ) ;
#6578 = DIRECTION ( 'NONE',  ( 0.000000000000000000, -0.000000000000000000, -1.000000000000000000 ) ) ;
#6579 = ORIENTED_EDGE ( 'NONE', *, *, #8434, .F. ) ;
#6580 = AXIS2_PLACEMENT_3D ( 'NONE', #8796, #2334, #6028 ) ;
#6581 = CARTESIAN_POINT ( 'NONE',  ( 119.0000000000000284, 37.42339375865881124, -72.25000000000000000 ) ) ;
#6582 = DIRECTION ( 'NONE',  ( 0.000000000000000000, -0.000000000000000000, -1.000000000000000000 ) ) ;
#6583 = VERTEX_POINT ( 'NONE', #6691 ) ;
#6584 = CIRCLE ( 'NONE', #2726, 1.000000000000004441 ) ;
#6585 = ORIENTED_EDGE ( 'NONE', *, *, #512, .T. ) ;
#6586 = ORIENTED_EDGE ( 'NONE', *, *, #11447, .F. ) ;
#6587 = PRODUCT_DEFINITION ( 'UNKNOWN', '', #2732, #11196 ) ;
#6588 = VECTOR ( 'NONE', #9047, 1000.000000000000227 ) ;
#6589 = FACE_OUTER_BOUND ( 'NONE', #194, .T. ) ;
#6590 = DIRECTION ( 'NONE',  ( 0.000000000000000000, 1.000000000000000000, 0.000000000000000000 ) ) ;
#6591 = DIRECTION ( 'NONE',  ( -0.000000000000000000, -0.000000000000000000, -1.000000000000000000 ) ) ;
#6592 = VERTEX_POINT ( 'NONE', #7591 ) ;
#6593 = LINE ( 'NONE', #2006, #3462 ) ;
#6594 = EDGE_CURVE ( 'NONE', #9804, #1068, #2223, .T. ) ;
#6595 = DIRECTION ( 'NONE',  ( 0.000000000000000000, 1.000000000000000000, -0.000000000000000000 ) ) ;
#6596 =( NAMED_UNIT ( * ) PLANE_ANGLE_UNIT ( ) SI_UNIT ( $, .RADIAN. ) );
#6597 = ORIENTED_EDGE ( 'NONE', *, *, #1774, .T. ) ;
#6598 = VECTOR ( 'NONE', #11268, 1000.000000000000000 ) ;
#6599 = AXIS2_PLACEMENT_3D ( 'NONE', #3105, #6064, #438 ) ;
#6600 = ORIENTED_EDGE ( 'NONE', *, *, #2687, .T. ) ;
#6601 = ADVANCED_FACE ( 'NONE', ( #1248 ), #3923, .F. ) ;
#6602 = CARTESIAN_POINT ( 'NONE',  ( -0.2749293940584462415, -17.21656230410016519, 5.000000000000000000 ) ) ;
#6603 = EDGE_CURVE ( 'NONE', #173, #10579, #4101, .T. ) ;
#6604 = DIRECTION ( 'NONE',  ( 0.000000000000000000, 0.000000000000000000, 1.000000000000000000 ) ) ;
#6605 = VECTOR ( 'NONE', #8047, 1000.000000000000000 ) ;
#6606 = CARTESIAN_POINT ( 'NONE',  ( -24.83598345761040704, 20.75790299228751223, 2.500000000000000000 ) ) ;
#6607 = PLANE ( 'NONE',  #8428 ) ;
#6608 = CARTESIAN_POINT ( 'NONE',  ( -4.402855671620519828, -15.51354412638552027, 4.999999999999992895 ) ) ;
#6609 = CARTESIAN_POINT ( 'NONE',  ( 0.1598643472696155976, -15.19323394876436950, 3.999999999999999112 ) ) ;
#6610 = ORIENTED_EDGE ( 'NONE', *, *, #1180, .T. ) ;
#6611 = ORIENTED_EDGE ( 'NONE', *, *, #6297, .F. ) ;
#6612 = LINE ( 'NONE', #10288, #2112 ) ;
#6613 = ORIENTED_EDGE ( 'NONE', *, *, #11591, .F. ) ;
#6614 = CARTESIAN_POINT ( 'NONE',  ( -0.4874174720973487029, -14.45705125866131979, 4.000000000000000000 ) ) ;
#6615 = VERTEX_POINT ( 'NONE', #9469 ) ;
#6616 = VECTOR ( 'NONE', #9361, 1000.000000000000000 ) ;
#6617 = AXIS2_PLACEMENT_3D ( 'NONE', #11647, #10919, #9896 ) ;
#6618 = CLOSED_SHELL ( 'NONE', ( #11240, #5546, #5336, #4333, #733, #6835, #4485, #3966, #3553, #3948, #4598, #752, #590, #2752, #1711, #7759, #7558, #5910, #4400, #4096, #9477, #9694, #2460, #1652, #9825, #456, #7037, #10031, #2506, #9010, #6601, #9967, #7398, #7648, #738, #8794, #2882, #7923, #4709, #613, #11400, #2000, #9349, #5712, #10901, #1541, #8873, #9536, #2390, #2046, #3034, #2820, #747, #6452, #3075, #4798, #2764, #2540, #923, #9199, #5324, #10356, #11758, #2473, #2357, #1954, #24, #7845, #3816, #7169, #6451, #16, #4020, #3635, #7990, #10366, #1078, #6756, #1408, #7912, #6147, #6158, #8511, #9253, #5397, #3111, #1830, #9025, #7850, #8703, #11004, #6666, #2448, #11879, #9271, #6504, #4170, #5069, #9187, #4817, #11095, #11272, #10869, #3863, #3416, #213, #3814, #6092, #9410, #5841, #10179, #8585, #49, #3749, #11019, #3546, #1559, #948, #11092, #4807, #5060, #11113, #1780, #8296, #918, #3771, #11452 ) ) ;
#6619 = B_SPLINE_CURVE_WITH_KNOTS ( 'NONE', 3,
 ( #11863, #9805, #7152, #1661, #5629, #6193, #10834, #4443, #9312, #10772, #5230, #8969, #4387, #8121, #807, #1531, #8061, #9990, #11800 ),
 .UNSPECIFIED., .F., .F.,
 ( 4, 1, 1, 1, 1, 1, 1, 1, 1, 1, 1, 1, 1, 1, 1, 1, 4 ),
 ( 0.000000000000000000, 0.06378691041142130203, 0.1266160577673746956, 0.1883427175688254240, 0.2494790546609666482, 0.3098641696187230954, 0.3706562883855290536, 0.4306751569820279069, 0.4912776807977291549, 0.5518738213688568761, 0.6130654962055201995, 0.6751670177106496862, 0.7377045842895256778, 0.8014732993282047691, 0.8661155991141840094, 0.9322603771672380857, 1.000000000000000000 ),
 .UNSPECIFIED. ) ;
#6620 = DIRECTION ( 'NONE',  ( -1.000000000000000000, 0.000000000000000000, 0.000000000000000000 ) ) ;
#6621 = CARTESIAN_POINT ( 'NONE',  ( 23.36898548953929833, -20.32500000000001705, 0.000000000000000000 ) ) ;
#6622 = CARTESIAN_POINT ( 'NONE',  ( 55.50000000000003553, 0.000000000000000000, 84.99999999999994316 ) ) ;
#6623 = CARTESIAN_POINT ( 'NONE',  ( -75.00000000000001421, 0.000000000000000000, -102.0000000000000142 ) ) ;
#6624 = LINE ( 'NONE', #4027, #1169 ) ;
#6625 = ADVANCED_FACE ( 'NONE', ( #4889 ), #2954, .T. ) ;
#6626 = LINE ( 'NONE', #4876, #4641 ) ;
#6627 = LINE ( 'NONE', #5836, #2310 ) ;
#6628 = EDGE_LOOP ( 'NONE', ( #8656, #6499, #3199, #3851 ) ) ;
#6629 = CARTESIAN_POINT ( 'NONE',  ( -5.999999999999997335, -8.208545504429656248, 10.00000000000000000 ) ) ;
#6630 = CARTESIAN_POINT ( 'NONE',  ( -2.727243589743591379, -17.71322518807815882, 5.000000000000000000 ) ) ;
#6631 = ORIENTED_EDGE ( 'NONE', *, *, #9128, .F. ) ;
#6632 = VERTEX_POINT ( 'NONE', #8562 ) ;
#6633 = CARTESIAN_POINT ( 'NONE',  ( -1.014354110961325661, -17.71213953707530564, 4.999999999999999112 ) ) ;
#6634 = FACE_OUTER_BOUND ( 'NONE', #5589, .T. ) ;
#6635 = FACE_OUTER_BOUND ( 'NONE', #3794, .T. ) ;
#6636 = FACE_OUTER_BOUND ( 'NONE', #11783, .T. ) ;
#6637 = AXIS2_PLACEMENT_3D ( 'NONE', #10507, #6101, #8865 ) ;
#6638 = ORIENTED_EDGE ( 'NONE', *, *, #6002, .F. ) ;
#6639 = CARTESIAN_POINT ( 'NONE',  ( 75.00000000000001421, 22.20568695965746286, -57.99999999999998579 ) ) ;
#6640 = DIRECTION ( 'NONE',  ( -0.000000000000000000, 1.000000000000000000, -0.000000000000000000 ) ) ;
#6641 = ORIENTED_EDGE ( 'NONE', *, *, #2434, .T. ) ;
#6642 = AXIS2_PLACEMENT_3D ( 'NONE', #6677, #9450, #5832 ) ;
#6643 = ORIENTED_EDGE ( 'NONE', *, *, #4512, .T. ) ;
#6644 = ORIENTED_EDGE ( 'NONE', *, *, #7325, .T. ) ;
#6645 = EDGE_CURVE ( 'NONE', #3494, #1877, #9878, .T. ) ;
#6646 = AXIS2_PLACEMENT_3D ( 'NONE', #757, #6274, #7105 ) ;
#6647 = CARTESIAN_POINT ( 'NONE',  ( 53.50000000000003553, 5.000000000000000000, 102.9999999999999289 ) ) ;
#6648 = DIRECTION ( 'NONE',  ( 0.000000000000000000, 0.1455885994785731941, -0.9893452176575513457 ) ) ;
#6649 = CARTESIAN_POINT ( 'NONE',  ( -0.007416702385228093192, -17.74634512731025282, 5.000000000000001776 ) ) ;
#6650 = ORIENTED_EDGE ( 'NONE', *, *, #8930, .F. ) ;
#6651 = CARTESIAN_POINT ( 'NONE',  ( 19.00000000000000355, -89.44271909999159220, -27.00000000000005329 ) ) ;
#6652 = DIRECTION ( 'NONE',  ( 0.000000000000000000, 1.000000000000000000, 0.000000000000000000 ) ) ;
#6653 = DIRECTION ( 'NONE',  ( 0.000000000000000000, 0.000000000000000000, -1.000000000000000000 ) ) ;
#6654 = CARTESIAN_POINT ( 'NONE',  ( 15.00000000000000711, 5.949455682166683523, 5.000000000000000000 ) ) ;
#6655 = ORIENTED_EDGE ( 'NONE', *, *, #4686, .F. ) ;
#6656 = ORIENTED_EDGE ( 'NONE', *, *, #11615, .T. ) ;
#6657 = VECTOR ( 'NONE', #8458, 1000.000000000000000 ) ;
#6658 = CARTESIAN_POINT ( 'NONE',  ( 0.3096674280982326111, -16.91007872747487539, 4.000000000000001776 ) ) ;
#6659 = EDGE_CURVE ( 'NONE', #9874, #7178, #5847, .T. ) ;
#6660 = CARTESIAN_POINT ( 'NONE',  ( -3.862538735090420783, -15.72090838701138082, 4.999999999999999112 ) ) ;
#6661 = CARTESIAN_POINT ( 'NONE',  ( -0.5857649643722975252, -15.02964070166748733, 4.999999999999998224 ) ) ;
#6662 = DIRECTION ( 'NONE',  ( -1.000000000000000000, -0.000000000000000000, -0.000000000000000000 ) ) ;
#6663 = CARTESIAN_POINT ( 'NONE',  ( -4.559631712782970858, -15.70309979647688969, 4.000000000000000888 ) ) ;
#6664 = CARTESIAN_POINT ( 'NONE',  ( -79.00000000000001421, 5.000000000000000000, -98.00000000000000000 ) ) ;
#6665 = ORIENTED_EDGE ( 'NONE', *, *, #9305, .F. ) ;
#6666 = ADVANCED_FACE ( 'NONE', ( #6744 ), #2166, .F. ) ;
#6667 = VERTEX_POINT ( 'NONE', #4824 ) ;
#6668 = DIRECTION ( 'NONE',  ( 4.336808689942019708E-16, -1.000000000000000000, 0.000000000000000000 ) ) ;
#6669 = ORIENTED_EDGE ( 'NONE', *, *, #89, .T. ) ;
#6670 = LINE ( 'NONE', #5762, #3513 ) ;
#6671 = ADVANCED_FACE ( 'NONE', ( #6635 ), #223, .T. ) ;
#6672 = ORIENTED_EDGE ( 'NONE', *, *, #7615, .F. ) ;
#6673 = DIRECTION ( 'NONE',  ( 0.000000000000000000, -0.000000000000000000, -1.000000000000000000 ) ) ;
#6674 = ADVANCED_FACE ( 'NONE', ( #4037 ), #2946, .T. ) ;
#6675 = DIRECTION ( 'NONE',  ( 1.000000000000000000, -0.000000000000000000, 0.000000000000000000 ) ) ;
#6676 = CARTESIAN_POINT ( 'NONE',  ( 10.00000000000000355, 2.000000000000000000, 8.000000000000000000 ) ) ;
#6677 = CARTESIAN_POINT ( 'NONE',  ( -28.51207079035955516, 16.96115051869449175, 0.000000000000000000 ) ) ;
#6678 = PLANE ( 'NONE',  #23 ) ;
#6679 = CARTESIAN_POINT ( 'NONE',  ( -0.007416702385228093192, -17.74634512731025282, 5.000000000000000888 ) ) ;
#6680 = CARTESIAN_POINT ( 'NONE',  ( 77.00000000000001421, 0.000000000000000000, -100.0000000000000000 ) ) ;
#6681 = VECTOR ( 'NONE', #5024, 1000.000000000000000 ) ;
#6682 = EDGE_LOOP ( 'NONE', ( #2427, #7437, #735, #1224 ) ) ;
#6683 = CARTESIAN_POINT ( 'NONE',  ( 3.948397435897434526, -14.53822518807815989, 4.000000000000000000 ) ) ;
#6684 = CARTESIAN_POINT ( 'NONE',  ( 29.50000000000000711, -19.74999999999999289, 5.000000000000000000 ) ) ;
#6685 = EDGE_CURVE ( 'NONE', #5763, #3585, #9115, .T. ) ;
#6686 = ORIENTED_EDGE ( 'NONE', *, *, #1625, .T. ) ;
#6687 = AXIS2_PLACEMENT_3D ( 'NONE', #5414, #10843, #9944 ) ;
#6688 = VERTEX_POINT ( 'NONE', #9586 ) ;
#6689 = CARTESIAN_POINT ( 'NONE',  ( -73.00000000000001421, 5.000000000000000000, -103.0000000000000142 ) ) ;
#6690 = DIRECTION ( 'NONE',  ( -1.000000000000000000, -0.000000000000000000, -0.000000000000000000 ) ) ;
#6691 = CARTESIAN_POINT ( 'NONE',  ( 81.00000000000001421, 10.57660624134121363, -73.74999999999997158 ) ) ;
#6692 = CARTESIAN_POINT ( 'NONE',  ( -0.5094951284314038764, -15.02768348299414924, 5.000000000000000000 ) ) ;
#6693 = VERTEX_POINT ( 'NONE', #1310 ) ;
#6694 = PLANE ( 'NONE',  #7390 ) ;
#6695 =( GEOMETRIC_REPRESENTATION_CONTEXT ( 3 ) GLOBAL_UNCERTAINTY_ASSIGNED_CONTEXT ( ( #937 ) ) GLOBAL_UNIT_ASSIGNED_CONTEXT ( ( #7461, #9393, #3968 ) ) REPRESENTATION_CONTEXT ( 'NONE', 'WORKASPACE' ) );
#6696 = DIRECTION ( 'NONE',  ( 0.000000000000000000, -0.000000000000000000, -1.000000000000000000 ) ) ;
#6697 = ORIENTED_EDGE ( 'NONE', *, *, #2507, .F. ) ;
#6698 = ORIENTED_EDGE ( 'NONE', *, *, #4525, .F. ) ;
#6699 = VERTEX_POINT ( 'NONE', #3243 ) ;
#6700 = CARTESIAN_POINT ( 'NONE',  ( 1.135291466346152855, -16.08502005987303107, 4.000000000000000000 ) ) ;
#6701 = DIRECTION ( 'NONE',  ( -0.000000000000000000, -0.000000000000000000, -1.000000000000000000 ) ) ;
#6702 = LINE ( 'NONE', #5625, #10540 ) ;
#6703 = ORIENTED_EDGE ( 'NONE', *, *, #8245, .T. ) ;
#6704 = DIRECTION ( 'NONE',  ( -0.000000000000000000, -1.000000000000000000, -0.000000000000000000 ) ) ;
#6705 = DIRECTION ( 'NONE',  ( -0.000000000000000000, -0.000000000000000000, -1.000000000000000000 ) ) ;
#6706 = CARTESIAN_POINT ( 'NONE',  ( 45.50000000000003553, 0.000000000000000000, 93.44999999999993179 ) ) ;
#6707 = ORIENTED_EDGE ( 'NONE', *, *, #4240, .F. ) ;
#6708 = VERTEX_POINT ( 'NONE', #5065 ) ;
#6709 = CARTESIAN_POINT ( 'NONE',  ( -4.398069938970056825, -15.38258635810702657, 4.000000000000000000 ) ) ;
#6710 = CARTESIAN_POINT ( 'NONE',  ( -1.169130803996648593, -16.97777187295596590, 4.999999999999999112 ) ) ;
#6711 = CARTESIAN_POINT ( 'NONE',  ( -22.26058151680846819, 15.72900601150596600, 2.500000000000000000 ) ) ;
#6712 = DIRECTION ( 'NONE',  ( -0.8900702620852276592, 0.4558233523543239740, 0.000000000000000000 ) ) ;
#6713 = CARTESIAN_POINT ( 'NONE',  ( 29.50000000000000711, -19.74999999999999289, 9.000000000000001776 ) ) ;
#6714 = CARTESIAN_POINT ( 'NONE',  ( -25.99999999999999645, 5.000000000000004441, 9.999999999999953815 ) ) ;
#6715 = CYLINDRICAL_SURFACE ( 'NONE', #10407, 5.000000000000004441 ) ;
#6716 = ORIENTED_EDGE ( 'NONE', *, *, #3510, .F. ) ;
#6717 = ADVANCED_FACE ( 'NONE', ( #2395 ), #11511, .T. ) ;
#6718 = ORIENTED_EDGE ( 'NONE', *, *, #7755, .F. ) ;
#6719 = DIRECTION ( 'NONE',  ( 1.000000000000000000, -6.938893903907222067E-15, 0.000000000000000000 ) ) ;
#6720 = ORIENTED_EDGE ( 'NONE', *, *, #7871, .F. ) ;
#6721 = EDGE_CURVE ( 'NONE', #4950, #1300, #4491, .T. ) ;
#6722 = DIRECTION ( 'NONE',  ( -0.000000000000000000, -0.000000000000000000, 1.000000000000000000 ) ) ;
#6723 = VERTEX_POINT ( 'NONE', #5176 ) ;
#6724 = PLANE ( 'NONE',  #6113 ) ;
#6725 = DIRECTION ( 'NONE',  ( 0.000000000000000000, 0.000000000000000000, 1.000000000000000000 ) ) ;
#6726 = EDGE_CURVE ( 'NONE', #9352, #11645, #814, .T. ) ;
#6727 = DIRECTION ( 'NONE',  ( 0.000000000000000000, 0.000000000000000000, 1.000000000000000000 ) ) ;
#6728 = VECTOR ( 'NONE', #6485, 1000.000000000000000 ) ;
#6729 = LINE ( 'NONE', #2149, #2595 ) ;
#6730 = CARTESIAN_POINT ( 'NONE',  ( -4.002847120067658970, -14.88401268557848489, 4.000000000000002665 ) ) ;
#6731 = ORIENTED_EDGE ( 'NONE', *, *, #1401, .F. ) ;
#6732 = CARTESIAN_POINT ( 'NONE',  ( -3.826282051282051455, -15.44009818487302255, 4.000000000000000888 ) ) ;
#6733 = DIRECTION ( 'NONE',  ( -1.000000000000000000, 0.000000000000000000, -8.673617379884193244E-16 ) ) ;
#6734 = ORIENTED_EDGE ( 'NONE', *, *, #1292, .T. ) ;
#6735 = CARTESIAN_POINT ( 'NONE',  ( -2.249999999999999556, 4.000000000000000000, -0.4999999999999987232 ) ) ;
#6736 = EDGE_CURVE ( 'NONE', #705, #5778, #11636, .T. ) ;
#6737 = VECTOR ( 'NONE', #5395, 1000.000000000000000 ) ;
#6738 = CARTESIAN_POINT ( 'NONE',  ( 1.139743589743589025, -16.22049181468072376, 5.000000000000000000 ) ) ;
#6739 = ORIENTED_EDGE ( 'NONE', *, *, #9904, .F. ) ;
#6740 = AXIS2_PLACEMENT_3D ( 'NONE', #11503, #8842, #1418 ) ;
#6741 = EDGE_LOOP ( 'NONE', ( #7389, #11283, #7081, #3719, #3976, #5916, #6251, #4070, #972 ) ) ;
#6742 = CARTESIAN_POINT ( 'NONE',  ( -0.5596769667581231733, -17.79296603475588157, 5.000000000000000000 ) ) ;
#6743 = EDGE_CURVE ( 'NONE', #3979, #11394, #7887, .T. ) ;
#6744 = FACE_OUTER_BOUND ( 'NONE', #1927, .T. ) ;
#6745 = DIRECTION ( 'NONE',  ( 0.000000000000000000, 0.000000000000000000, -1.000000000000000000 ) ) ;
#6746 = ORIENTED_EDGE ( 'NONE', *, *, #7361, .T. ) ;
#6747 = LINE ( 'NONE', #1130, #7197 ) ;
#6748 = AXIS2_PLACEMENT_3D ( 'NONE', #5428, #3560, #1812 ) ;
#6749 = LINE ( 'NONE', #10496, #7391 ) ;
#6750 = VERTEX_POINT ( 'NONE', #11567 ) ;
#6751 = EDGE_LOOP ( 'NONE', ( #3659, #8373, #9417, #1021 ) ) ;
#6752 = VECTOR ( 'NONE', #5835, 1000.000000000000000 ) ;
#6753 = VERTEX_POINT ( 'NONE', #1367 ) ;
#6754 = AXIS2_PLACEMENT_3D ( 'NONE', #7275, #8180, #1524 ) ;
#6755 = CARTESIAN_POINT ( 'NONE',  ( -26.63101451046069812, -14.67500000000001492, 2.500000000000000000 ) ) ;
#6756 = ADVANCED_FACE ( 'NONE', ( #4340 ), #10727, .F. ) ;
#6757 = CARTESIAN_POINT ( 'NONE',  ( -0.7937325473817727906, -17.76542137330358528, 4.000000000000000888 ) ) ;
#6758 = CARTESIAN_POINT ( 'NONE',  ( -0.2163348755722027672, -17.78286172488484240, 5.000000000000000888 ) ) ;
#6759 = VERTEX_POINT ( 'NONE', #6149 ) ;
#6760 = VECTOR ( 'NONE', #2721, 1000.000000000000000 ) ;
#6761 = APPLICATION_PROTOCOL_DEFINITION ( 'draft international standard', 'automotive_design', 1998, #11897 ) ;
#6762 = FACE_BOUND ( 'NONE', #4745, .T. ) ;
#6763 = LINE ( 'NONE', #8586, #2714 ) ;
#6764 = AXIS2_PLACEMENT_3D ( 'NONE', #9561, #6900, #1281 ) ;
#6765 = LINE ( 'NONE', #7612, #3912 ) ;
#6766 = EDGE_LOOP ( 'NONE', ( #5723, #2182, #5706, #10941 ) ) ;
#6767 = ORIENTED_EDGE ( 'NONE', *, *, #96, .F. ) ;
#6768 = AXIS2_PLACEMENT_3D ( 'NONE', #7091, #624, #4326 ) ;
#6769 = LINE ( 'NONE', #4690, #9004 ) ;
#6770 = CARTESIAN_POINT ( 'NONE',  ( -1.505032225861515638, -16.54088866463339613, 3.999999999999998224 ) ) ;
#6771 = AXIS2_PLACEMENT_3D ( 'NONE', #3159, #10629, #11535 ) ;
#6772 = PRODUCT_DEFINITION_FORMATION_WITH_SPECIFIED_SOURCE ( 'ANY', '', #8818, .NOT_KNOWN. ) ;
#6773 = DIRECTION ( 'NONE',  ( -0.8900702620852276592, -0.4558233523543239740, -0.000000000000000000 ) ) ;
#6774 = CARTESIAN_POINT ( 'NONE',  ( -7.542860565386886762, 2.791454495570343752, 5.000000000000000000 ) ) ;
#6775 = FACE_BOUND ( 'NONE', #11404, .T. ) ;
#6776 = VECTOR ( 'NONE', #4704, 1000.000000000000000 ) ;
#6777 = CARTESIAN_POINT ( 'NONE',  ( -4.493261334243715766, -15.66418284835249430, 3.999999999999999112 ) ) ;
#6779 = VECTOR ( 'NONE', #617, 1000.000000000000000 ) ;
#6778 = LINE ( 'NONE', #2925, #2121 ) ;
#6780 = ORIENTED_EDGE ( 'NONE', *, *, #1868, .T. ) ;
#6781 = ORIENTED_EDGE ( 'NONE', *, *, #8284, .T. ) ;
#6782 = CYLINDRICAL_SURFACE ( 'NONE', #9059, 6.500000000000005329 ) ;
#6783 = VERTEX_POINT ( 'NONE', #8744 ) ;
#6784 = CARTESIAN_POINT ( 'NONE',  ( -4.950121727997546905, -15.10860986254749960, 4.999999999999999112 ) ) ;
#6785 = ORIENTED_EDGE ( 'NONE', *, *, #4672, .F. ) ;
#6786 = VECTOR ( 'NONE', #3824, 1000.000000000000000 ) ;
#6787 = AXIS2_PLACEMENT_3D ( 'NONE', #2780, #4769, #112 ) ;
#6788 = CARTESIAN_POINT ( 'NONE',  ( -26.00000000000000000, 5.000000000000004441, 46.49999999999992895 ) ) ;
#6789 = EDGE_CURVE ( 'NONE', #10437, #10671, #9817, .T. ) ;
#6790 = DIRECTION ( 'NONE',  ( -1.000000000000000000, 0.000000000000000000, 0.000000000000000000 ) ) ;
#6791 = DIRECTION ( 'NONE',  ( 0.000000000000000000, 0.000000000000000000, -1.000000000000000000 ) ) ;
#6792 = ADVANCED_FACE ( 'NONE', ( #3364 ), #1544, .F. ) ;
#6793 = DIRECTION ( 'NONE',  ( 0.000000000000000000, -0.000000000000000000, -1.000000000000000000 ) ) ;
#6794 = CARTESIAN_POINT ( 'NONE',  ( -80.91755062030091494, 29.80599318817504084, -98.63335915904880835 ) ) ;
#6795 = ORIENTED_EDGE ( 'NONE', *, *, #1495, .F. ) ;
#6796 = EDGE_CURVE ( 'NONE', #8634, #4702, #2510, .T. ) ;
#6797 = CARTESIAN_POINT ( 'NONE',  ( -2.727243589743591379, -17.71322518807815882, 4.000000000000000000 ) ) ;
#6798 = CARTESIAN_POINT ( 'NONE',  ( 23.49999999999999645, 17.50000000000000000, 5.000000000000000000 ) ) ;
#6799 = VERTEX_POINT ( 'NONE', #7831 ) ;
#6800 = CIRCLE ( 'NONE', #6036, 1.750000000000001554 ) ;
#6801 = CARTESIAN_POINT ( 'NONE',  ( -2.250000000000000444, 2.000000000000000000, -6.499999999999999112 ) ) ;
#6802 = DIRECTION ( 'NONE',  ( 0.000000000000000000, 0.000000000000000000, 1.000000000000000000 ) ) ;
#6803 = EDGE_CURVE ( 'NONE', #4602, #9220, #3110, .T. ) ;
#6804 = ORIENTED_EDGE ( 'NONE', *, *, #4589, .T. ) ;
#6805 = EDGE_LOOP ( 'NONE', ( #5409, #5115, #10274, #11208 ) ) ;
#6806 = CARTESIAN_POINT ( 'NONE',  ( -2.031757593197101031, -16.76500438032257634, 4.999999999999999112 ) ) ;
#6807 = VECTOR ( 'NONE', #6872, 1000.000000000000114 ) ;
#6808 = AXIS2_PLACEMENT_3D ( 'NONE', #3689, #11945, #4415 ) ;
#6809 = EDGE_CURVE ( 'NONE', #4623, #8263, #8324, .T. ) ;
#6810 = DIRECTION ( 'NONE',  ( -1.000000000000000000, 0.000000000000000000, 0.000000000000000000 ) ) ;
#6811 = DIRECTION ( 'NONE',  ( -1.000000000000000000, -0.000000000000000000, -0.000000000000000000 ) ) ;
#6812 = EDGE_LOOP ( 'NONE', ( #7442, #3461, #7265, #6398 ) ) ;
#6814 = EDGE_CURVE ( 'NONE', #9538, #7151, #10784, .T. ) ;
#6813 = CARTESIAN_POINT ( 'NONE',  ( -4.229231431474234526, -14.68320588092989887, 4.999999999999999112 ) ) ;
#6815 = CARTESIAN_POINT ( 'NONE',  ( -81.00000000000001421, 10.57660624134121363, -72.24999999999998579 ) ) ;
#6816 = ORIENTED_EDGE ( 'NONE', *, *, #8721, .T. ) ;
#6817 = CIRCLE ( 'NONE', #1024, 1.000000000000000888 ) ;
#6818 = EDGE_CURVE ( 'NONE', #1688, #10463, #7927, .T. ) ;
#6819 = ORIENTED_EDGE ( 'NONE', *, *, #4009, .F. ) ;
#6820 = ORIENTED_EDGE ( 'NONE', *, *, #8144, .F. ) ;
#6821 = EDGE_CURVE ( 'NONE', #2514, #3380, #588, .T. ) ;
#6822 = CARTESIAN_POINT ( 'NONE',  ( 7.000000000000003553, -8.208545504429656248, 10.00000000000000000 ) ) ;
#6823 = CARTESIAN_POINT ( 'NONE',  ( 0.2784182938776462723, -17.64369639226885411, 4.000000000000002665 ) ) ;
#6824 = CARTESIAN_POINT ( 'NONE',  ( -1.667451938409447720, -17.31997028335685229, 4.000000000000001776 ) ) ;
#6825 = DIRECTION ( 'NONE',  ( 0.000000000000000000, 0.000000000000000000, 1.000000000000000000 ) ) ;
#6826 = EDGE_LOOP ( 'NONE', ( #7614, #10291, #8209, #2631 ) ) ;
#6827 = CARTESIAN_POINT ( 'NONE',  ( 23.36898548953929833, -20.32500000000001705, 2.500000000000000000 ) ) ;
#6828 = DIRECTION ( 'NONE',  ( 0.000000000000000000, -1.000000000000000000, 0.000000000000000000 ) ) ;
#6829 = DIRECTION ( 'NONE',  ( -1.000000000000000000, 0.000000000000000000, 0.000000000000000000 ) ) ;
#6830 = ORIENTED_EDGE ( 'NONE', *, *, #10351, .F. ) ;
#6831 = EDGE_CURVE ( 'NONE', #10401, #8476, #7167, .T. ) ;
#6832 = ORIENTED_EDGE ( 'NONE', *, *, #754, .T. ) ;
#6833 = VECTOR ( 'NONE', #10187, 1000.000000000000000 ) ;
#6834 = CARTESIAN_POINT ( 'NONE',  ( 20.00000000000000355, -5.772077938642118156, 5.000000000000000000 ) ) ;
#6835 = ADVANCED_FACE ( 'NONE', ( #461 ), #10600, .F. ) ;
#6836 = AXIS2_PLACEMENT_3D ( 'NONE', #5360, #6272, #877 ) ;
#6837 = DIRECTION ( 'NONE',  ( 0.000000000000000000, 0.000000000000000000, -1.000000000000000000 ) ) ;
#6838 = EDGE_CURVE ( 'NONE', #8541, #8106, #204, .T. ) ;
#6839 = CARTESIAN_POINT ( 'NONE',  ( 23.51198800726058735, 13.13699411993707500, 5.000000000000000000 ) ) ;
#6840 = CARTESIAN_POINT ( 'NONE',  ( -1.544073903569161965, -15.78945888066755465, 4.999999999999999112 ) ) ;
#6841 = CARTESIAN_POINT ( 'NONE',  ( -73.00000000000001421, 5.000000000000000000, -105.0000000000000142 ) ) ;
#6842 = FACE_OUTER_BOUND ( 'NONE', #641, .T. ) ;
#6843 = FACE_OUTER_BOUND ( 'NONE', #8280, .T. ) ;
#6844 = VERTEX_POINT ( 'NONE', #10062 ) ;
#6845 = ORIENTED_EDGE ( 'NONE', *, *, #5985, .T. ) ;
#6846 = DIRECTION ( 'NONE',  ( -9.376883653928692294E-17, 0.000000000000000000, -1.000000000000000000 ) ) ;
#6847 = EDGE_LOOP ( 'NONE', ( #5429, #6031, #1627, #10884, #1198, #6938 ) ) ;
#6848 = VECTOR ( 'NONE', #4806, 1000.000000000000114 ) ;
#6849 = CARTESIAN_POINT ( 'NONE',  ( -15.86005420924688991, 7.456272356324761041, 5.000000000000000000 ) ) ;
#6850 = ORIENTED_EDGE ( 'NONE', *, *, #6594, .F. ) ;
#6851 = LINE ( 'NONE', #2263, #555 ) ;
#6852 = DIRECTION ( 'NONE',  ( 0.000000000000000000, 0.000000000000000000, 1.000000000000000000 ) ) ;
#6853 = CIRCLE ( 'NONE', #11279, 1.500000000000001332 ) ;
#6854 = UNCERTAINTY_MEASURE_WITH_UNIT (LENGTH_MEASURE( 1.000000000000000082E-05 ), #11584, 'distance_accuracy_value', 'NONE');
#6855 = FACE_OUTER_BOUND ( 'NONE', #11058, .T. ) ;
#6856 = DIRECTION ( 'NONE',  ( 0.000000000000000000, 1.000000000000000000, 0.000000000000000000 ) ) ;
#6857 = CARTESIAN_POINT ( 'NONE',  ( -79.29125846016940216, 23.42295467252659336, -99.97954260152705785 ) ) ;
#6858 = ORIENTED_EDGE ( 'NONE', *, *, #2612, .T. ) ;
#6859 = DIRECTION ( 'NONE',  ( 0.000000000000000000, 0.000000000000000000, 1.000000000000000000 ) ) ;
#6860 = DIRECTION ( 'NONE',  ( -0.000000000000000000, -1.000000000000000000, -0.000000000000000000 ) ) ;
#6861 = ORIENTED_EDGE ( 'NONE', *, *, #8259, .T. ) ;
#6862 = CYLINDRICAL_SURFACE ( 'NONE', #10476, 1.500000000000001332 ) ;
#6863 = FACE_BOUND ( 'NONE', #7703, .T. ) ;
#6864 = ORIENTED_EDGE ( 'NONE', *, *, #8364, .F. ) ;
#6865 = ORIENTED_EDGE ( 'NONE', *, *, #11576, .T. ) ;
#6866 =( NAMED_UNIT ( * ) SI_UNIT ( $, .STERADIAN. ) SOLID_ANGLE_UNIT ( ) );
#6867 = VECTOR ( 'NONE', #7857, 1000.000000000000000 ) ;
#6868 = CARTESIAN_POINT ( 'NONE',  ( -75.00000000000001421, 5.000000000000000000, -102.0499999999999972 ) ) ;
#6869 = DIRECTION ( 'NONE',  ( -1.000000000000000000, -0.000000000000000000, -0.000000000000000000 ) ) ;
#6870 = EDGE_CURVE ( 'NONE', #7724, #9352, #11811, .T. ) ;
#6871 = ORIENTED_EDGE ( 'NONE', *, *, #443, .T. ) ;
#6873 = EDGE_CURVE ( 'NONE', #491, #3401, #8380, .T. ) ;
#6872 = DIRECTION ( 'NONE',  ( -0.5000000000000011102, 0.8660254037844379305, -0.000000000000000000 ) ) ;
#6874 = DIRECTION ( 'NONE',  ( -0.000000000000000000, -1.000000000000000000, -0.000000000000000000 ) ) ;
#6875 = ORIENTED_EDGE ( 'NONE', *, *, #10332, .T. ) ;
#6876 = EDGE_CURVE ( 'NONE', #3567, #4953, #3695, .T. ) ;
#6877 = ORIENTED_EDGE ( 'NONE', *, *, #3191, .F. ) ;
#6878 = VECTOR ( 'NONE', #9005, 1000.000000000000000 ) ;
#6879 = ORIENTED_EDGE ( 'NONE', *, *, #3370, .F. ) ;
#6880 = DIRECTION ( 'NONE',  ( 1.000000000000000000, 0.000000000000000000, 0.000000000000000000 ) ) ;
#6881 = CARTESIAN_POINT ( 'NONE',  ( -0.5465727156076481963, -17.22193929993222739, 4.000000000000000888 ) ) ;
#6882 = EDGE_CURVE ( 'NONE', #10930, #6266, #11195, .T. ) ;
#6883 = EDGE_CURVE ( 'NONE', #2771, #3013, #9083, .T. ) ;
#6884 = LINE ( 'NONE', #5974, #3359 ) ;
#6885 = ORIENTED_EDGE ( 'NONE', *, *, #9756, .T. ) ;
#6886 = SHAPE_DEFINITION_REPRESENTATION ( #7653, #4395 ) ;
#6887 = FACE_BOUND ( 'NONE', #3045, .T. ) ;
#6888 = PLANE ( 'NONE',  #7349 ) ;
#6889 = VECTOR ( 'NONE', #991, 1000.000000000000000 ) ;
#6890 = DIRECTION ( 'NONE',  ( -1.000000000000000000, 0.000000000000000000, 0.000000000000000000 ) ) ;
#6891 = ORIENTED_EDGE ( 'NONE', *, *, #3055, .T. ) ;
#6892 = EDGE_CURVE ( 'NONE', #3989, #11751, #10613, .T. ) ;
#6893 = VERTEX_POINT ( 'NONE', #939 ) ;
#6894 = CARTESIAN_POINT ( 'NONE',  ( -1.320150252343086139, -17.58096810228651918, 4.999999999999994671 ) ) ;
#6895 = CARTESIAN_POINT ( 'NONE',  ( -1.458819483906499626, -16.63863675248896712, 5.000000000000000888 ) ) ;
#6896 = DIRECTION ( 'NONE',  ( 0.000000000000000000, 0.000000000000000000, 1.000000000000000000 ) ) ;
#6897 = ADVANCED_FACE ( 'NONE', ( #10000 ), #6961, .T. ) ;
#6898 = CARTESIAN_POINT ( 'NONE',  ( 7.999999999999996447, 0.000000000000000000, 12.00000000000000000 ) ) ;
#6899 = LINE ( 'NONE', #10574, #697 ) ;
#6900 = DIRECTION ( 'NONE',  ( -0.000000000000000000, -0.000000000000000000, -1.000000000000000000 ) ) ;
#6901 = DIRECTION ( 'NONE',  ( -1.000000000000000000, 0.000000000000000000, 0.000000000000000000 ) ) ;
#6902 = ORIENTED_EDGE ( 'NONE', *, *, #1098, .T. ) ;
#6903 = ORIENTED_EDGE ( 'NONE', *, *, #289, .T. ) ;
#6904 = CARTESIAN_POINT ( 'NONE',  ( 0.5475547743088348129, -14.72745814986939372, 5.000000000000001776 ) ) ;
#6905 = ORIENTED_EDGE ( 'NONE', *, *, #963, .T. ) ;
#6906 = CARTESIAN_POINT ( 'NONE',  ( -4.458215643467397626, -15.25065689765209065, 3.999999999999998224 ) ) ;
#6907 = ORIENTED_EDGE ( 'NONE', *, *, #6912, .T. ) ;
#6908 = DIRECTION ( 'NONE',  ( 7.709882115452478166E-16, 1.000000000000000000, 0.000000000000000000 ) ) ;
#6909 = DIRECTION ( 'NONE',  ( -0.000000000000000000, -0.000000000000000000, 1.000000000000000000 ) ) ;
#6910 = CARTESIAN_POINT ( 'NONE',  ( 26.63101451046069812, -14.67500000000001492, 0.000000000000000000 ) ) ;
#6911 = CARTESIAN_POINT ( 'NONE',  ( 3.948397435897434526, -14.53822518807815989, 4.000000000000000000 ) ) ;
#6912 = EDGE_CURVE ( 'NONE', #6565, #5912, #5361, .T. ) ;
#6913 = LINE ( 'NONE', #2320, #7419 ) ;
#6914 = FACE_BOUND ( 'NONE', #721, .T. ) ;
#6915 = VERTEX_POINT ( 'NONE', #5479 ) ;
#6916 = LINE ( 'NONE', #10593, #778 ) ;
#6917 = DIRECTION ( 'NONE',  ( -1.000000000000000000, 0.000000000000000000, 0.000000000000000000 ) ) ;
#6918 = EDGE_LOOP ( 'NONE', ( #8294, #8146, #9008, #10141 ) ) ;
#6919 = LINE ( 'NONE', #390, #3741 ) ;
#6920 = PLANE ( 'NONE',  #1778 ) ;
#6921 = ORIENTED_EDGE ( 'NONE', *, *, #9446, .T. ) ;
#6922 = CARTESIAN_POINT ( 'NONE',  ( -2.070894298496636754, -16.66061478450120603, 5.000000000000000888 ) ) ;
#6923 = DIRECTION ( 'NONE',  ( 1.000000000000000000, 0.000000000000000000, 0.000000000000000000 ) ) ;
#6924 = DIRECTION ( 'NONE',  ( 0.000000000000000000, 0.000000000000000000, -1.000000000000000000 ) ) ;
#6925 = EDGE_LOOP ( 'NONE', ( #2611, #3846 ) ) ;
#6926 = DIRECTION ( 'NONE',  ( 1.000000000000000000, 0.000000000000000000, 0.000000000000000000 ) ) ;
#6927 = LINE ( 'NONE', #1314, #8349 ) ;
#6928 = EDGE_CURVE ( 'NONE', #11174, #8772, #2640, .T. ) ;
#6929 = AXIS2_PLACEMENT_3D ( 'NONE', #2854, #5692, #11290 ) ;
#6930 = VERTEX_POINT ( 'NONE', #878 ) ;
#6931 = ORIENTED_EDGE ( 'NONE', *, *, #9181, .T. ) ;
#6932 = EDGE_CURVE ( 'NONE', #5525, #6066, #5418, .T. ) ;
#6933 = CARTESIAN_POINT ( 'NONE',  ( 9.800000000000002487, 2.791454495570343752, 6.000000000000016875 ) ) ;
#6934 = DIRECTION ( 'NONE',  ( -0.000000000000000000, -0.000000000000000000, -1.000000000000000000 ) ) ;
#6935 = CARTESIAN_POINT ( 'NONE',  ( -0.06839335624488418475, -17.17153531876744310, 4.999999999999999112 ) ) ;
#6936 = ADVANCED_FACE ( 'NONE', ( #10173 ), #2358, .T. ) ;
#6937 = FACE_OUTER_BOUND ( 'NONE', #7587, .T. ) ;
#6938 = ORIENTED_EDGE ( 'NONE', *, *, #6928, .F. ) ;
#6939 = CARTESIAN_POINT ( 'NONE',  ( 27.75000000000000355, -21.50000000000000000, 5.000000000000000000 ) ) ;
#6940 = CARTESIAN_POINT ( 'NONE',  ( 23.18380419571102280, 13.69266036901632688, 5.000000000000000000 ) ) ;
#6941 = EDGE_CURVE ( 'NONE', #1271, #1984, #3300, .T. ) ;
#6942 = CARTESIAN_POINT ( 'NONE',  ( -45.59999999999999432, 0.000000000000000000, 34.49999999999992184 ) ) ;
#6943 = EDGE_LOOP ( 'NONE', ( #11895, #7718, #8681, #4638 ) ) ;
#6944 = EDGE_LOOP ( 'NONE', ( #345, #11045, #4405, #3854 ) ) ;
#6945 = EDGE_CURVE ( 'NONE', #6309, #5981, #5833, .T. ) ;
#6946 = VECTOR ( 'NONE', #4617, 1000.000000000000000 ) ;
#6947 = DIRECTION ( 'NONE',  ( 0.000000000000000000, 0.000000000000000000, 1.000000000000000000 ) ) ;
#6948 = CARTESIAN_POINT ( 'NONE',  ( -0.4675222294235520937, -17.22381282794947310, 4.000000000000000000 ) ) ;
#6949 = CARTESIAN_POINT ( 'NONE',  ( 11.00000000000000178, 2.000000000000000000, -11.00000000000000000 ) ) ;
#6950 = AXIS2_PLACEMENT_3D ( 'NONE', #7761, #329, #6859 ) ;
#6951 = EDGE_CURVE ( 'NONE', #7956, #7570, #7518, .T. ) ;
#6952 = LINE ( 'NONE', #1511, #4545 ) ;
#6953 = AXIS2_PLACEMENT_3D ( 'NONE', #1897, #8298, #5576 ) ;
#6954 = DIRECTION ( 'NONE',  ( -1.000000000000000000, -0.000000000000000000, 3.154042683594193641E-16 ) ) ;
#6955 = CARTESIAN_POINT ( 'NONE',  ( -55.49999999999997158, 0.000000000000000000, 102.9999999999999289 ) ) ;
#6956 = CARTESIAN_POINT ( 'NONE',  ( -19.99999999999999645, -5.772077938642127037, 5.000000000000000000 ) ) ;
#6957 = VERTEX_POINT ( 'NONE', #2941 ) ;
#6958 = ORIENTED_EDGE ( 'NONE', *, *, #8228, .F. ) ;
#6959 = LINE ( 'NONE', #9679, #1579 ) ;
#6960 = ORIENTED_EDGE ( 'NONE', *, *, #2438, .F. ) ;
#6961 = CONICAL_SURFACE ( 'NONE', #6201, 0.9999999999999991118, 0.7853981633974415066 ) ;
#6962 = CARTESIAN_POINT ( 'NONE',  ( 22.72792206135787296, -13.50000000000000355, 0.000000000000000000 ) ) ;
#6963 = EDGE_CURVE ( 'NONE', #3833, #11161, #8119, .T. ) ;
#6964 = ORIENTED_EDGE ( 'NONE', *, *, #9785, .F. ) ;
#6965 = EDGE_CURVE ( 'NONE', #7967, #8600, #6624, .T. ) ;
#6966 = DIRECTION ( 'NONE',  ( 1.000000000000000000, -7.709882115452478166E-16, 0.000000000000000000 ) ) ;
#6967 = CARTESIAN_POINT ( 'NONE',  ( -27.74999999999998934, -21.50000000000000000, 0.000000000000000000 ) ) ;
#6968 = CIRCLE ( 'NONE', #11592, 1.500000000000001332 ) ;
#6969 = DIRECTION ( 'NONE',  ( 0.9987351342960424372, 0.05028052826558230409, -0.000000000000000000 ) ) ;
#6970 = CARTESIAN_POINT ( 'NONE',  ( -2.070894298496636754, -16.66061478450120603, 4.999999999999993783 ) ) ;
#6971 = CARTESIAN_POINT ( 'NONE',  ( -1.584694498153548015, -15.99930617092241647, 4.000000000000000888 ) ) ;
#6972 = DIRECTION ( 'NONE',  ( 0.7071067811865405783, 0.7071067811865545671, 0.000000000000000000 ) ) ;
#6973 = ORIENTED_EDGE ( 'NONE', *, *, #3326, .F. ) ;
#6974 = AXIS2_PLACEMENT_3D ( 'NONE', #2978, #2016, #5876 ) ;
#6975 = DIRECTION ( 'NONE',  ( -0.000000000000000000, -0.000000000000000000, 1.000000000000000000 ) ) ;
#6976 = CYLINDRICAL_SURFACE ( 'NONE', #6740, 1.500000000000001332 ) ;
#6977 = EDGE_LOOP ( 'NONE', ( #10937, #5095, #8411, #5761 ) ) ;
#6978 = PLANE ( 'NONE',  #9517 ) ;
#6979 = ADVANCED_FACE ( 'NONE', ( #6562 ), #6678, .F. ) ;
#6980 = CIRCLE ( 'NONE', #5058, 1.549999999999995826 ) ;
#6981 = AXIS2_PLACEMENT_3D ( 'NONE', #5549, #10367, #11098 ) ;
#6982 = VERTEX_POINT ( 'NONE', #1172 ) ;
#6983 = CARTESIAN_POINT ( 'NONE',  ( 16.00000000000000000, -89.44271909999159220, -27.00000000000006395 ) ) ;
#6984 = EDGE_CURVE ( 'NONE', #9184, #9828, #2729, .T. ) ;
#6985 = COLOUR_RGB ( '',0.7921568627450980005, 0.8196078431372548767, 0.9333333333333333481 ) ;
#6986 = DIRECTION ( 'NONE',  ( -0.000000000000000000, 1.000000000000000000, -0.000000000000000000 ) ) ;
#6987 = PRODUCT ( 'Pa5100je', 'Pa5100je', '', ( #5136 ) ) ;
#6988 = DIRECTION ( 'NONE',  ( 0.000000000000000000, 0.000000000000000000, 1.000000000000000000 ) ) ;
#6989 = VERTEX_POINT ( 'NONE', #2877 ) ;
#6990 = LINE ( 'NONE', #5180, #11046 ) ;
#6991 = CARTESIAN_POINT ( 'NONE',  ( -23.51198800726058380, 13.13699411993706789, 9.000000000000001776 ) ) ;
#6992 = EDGE_CURVE ( 'NONE', #3076, #9566, #7111, .T. ) ;
#6993 = ORIENTED_EDGE ( 'NONE', *, *, #6116, .T. ) ;
#6994 = VECTOR ( 'NONE', #4649, 1000.000000000000000 ) ;
#6995 = EDGE_LOOP ( 'NONE', ( #7432, #8185, #12, #11217 ) ) ;
#6996 = VECTOR ( 'NONE', #3498, 1000.000000000000000 ) ;
#6997 = AXIS2_PLACEMENT_3D ( 'NONE', #2124, #4127, #10390 ) ;
#6998 = LINE ( 'NONE', #11705, #8161 ) ;
#6999 = DIRECTION ( 'NONE',  ( 0.000000000000000000, 0.000000000000000000, 1.000000000000000000 ) ) ;
#7000 = CARTESIAN_POINT ( 'NONE',  ( 0.3096674280982326111, -16.91007872747487539, 5.000000000000001776 ) ) ;
#7001 = DIRECTION ( 'NONE',  ( -0.000000000000000000, 1.000000000000000000, -0.000000000000000000 ) ) ;
#7002 = VERTEX_POINT ( 'NONE', #5164 ) ;
#7003 = AXIS2_PLACEMENT_3D ( 'NONE', #7892, #7779, #6926 ) ;
#7004 =( NAMED_UNIT ( * ) PLANE_ANGLE_UNIT ( ) SI_UNIT ( $, .RADIAN. ) );
#7005 = DIRECTION ( 'NONE',  ( -0.000000000000000000, -1.000000000000000000, -0.000000000000000000 ) ) ;
#7006 = CARTESIAN_POINT ( 'NONE',  ( -14.99999999999999822, 5.949455682166679971, 5.000000000000000000 ) ) ;
#7007 = CARTESIAN_POINT ( 'NONE',  ( -2.250000000000000444, 4.000000000000000000, -6.499999999999999112 ) ) ;
#7008 = ORIENTED_EDGE ( 'NONE', *, *, #3251, .T. ) ;
#7009 = EDGE_CURVE ( 'NONE', #2522, #11782, #1473, .T. ) ;
#7010 = ORIENTED_EDGE ( 'NONE', *, *, #11255, .F. ) ;
#7011 = LINE ( 'NONE', #5931, #6867 ) ;
#7012 = CARTESIAN_POINT ( 'NONE',  ( -30.01888746451763268, 17.85109630944759473, 5.000000000000000000 ) ) ;
#7013 = CARTESIAN_POINT ( 'NONE',  ( -20.99999999999998934, 0.000000000000000000, 46.99999999999990052 ) ) ;
#7014 = CARTESIAN_POINT ( 'NONE',  ( 0.1598643472696155976, -15.19323394876436950, 3.999999999999999112 ) ) ;
#7015 = DIRECTION ( 'NONE',  ( 0.000000000000000000, 0.000000000000000000, -1.000000000000000000 ) ) ;
#7016 = AXIS2_PLACEMENT_3D ( 'NONE', #92, #10114, #2761 ) ;
#7017 = DIRECTION ( 'NONE',  ( 1.000000000000000000, 0.000000000000000000, 0.000000000000000000 ) ) ;
#7018 = CYLINDRICAL_SURFACE ( 'NONE', #10988, 1.000000000000000888 ) ;
#7019 = ORIENTED_EDGE ( 'NONE', *, *, #7212, .F. ) ;
#7020 = ORIENTED_EDGE ( 'NONE', *, *, #5558, .F. ) ;
#7021 = CIRCLE ( 'NONE', #5872, 1.750000000000001554 ) ;
#7022 = CARTESIAN_POINT ( 'NONE',  ( 74.99999999999998579, 0.000000000000000000, -103.0000000000000142 ) ) ;
#7023 = VERTEX_POINT ( 'NONE', #9630 ) ;
#7024 = DIRECTION ( 'NONE',  ( -0.000000000000000000, -1.000000000000000000, -0.000000000000000000 ) ) ;
#7025 = EDGE_CURVE ( 'NONE', #2011, #8095, #5227, .T. ) ;
#7026 = ORIENTED_EDGE ( 'NONE', *, *, #5354, .F. ) ;
#7027 = AXIS2_PLACEMENT_3D ( 'NONE', #2087, #6793, #9518 ) ;
#7028 = EDGE_CURVE ( 'NONE', #7924, #4109, #2267, .T. ) ;
#7029 = CARTESIAN_POINT ( 'NONE',  ( -79.29125210528397361, 23.42293443487182358, -60.02045645920408390 ) ) ;
#7030 = CIRCLE ( 'NONE', #9727, 1.500000000000001332 ) ;
#7031 = FACE_OUTER_BOUND ( 'NONE', #10289, .T. ) ;
#7032 = LINE ( 'NONE', #5951, #1055 ) ;
#7033 = CARTESIAN_POINT ( 'NONE',  ( 26.63101451046069101, -20.32500000000000995, 0.000000000000000000 ) ) ;
#7034 = AXIS2_PLACEMENT_3D ( 'NONE', #1234, #3906, #4695 ) ;
#7035 = DIRECTION ( 'NONE',  ( 1.000000000000000000, 0.000000000000000000, 0.000000000000000000 ) ) ;
#7036 = CARTESIAN_POINT ( 'NONE',  ( 27.73045543115249600, 21.72576775728267151, 9.000000000000001776 ) ) ;
#7037 = ADVANCED_FACE ( 'NONE', ( #8730, #6914, #5049, #1353, #8967, #1597, #2321, #5953 ), #10590, .T. ) ;
#7038 = ORIENTED_EDGE ( 'NONE', *, *, #5021, .F. ) ;
#7039 = CARTESIAN_POINT ( 'NONE',  ( 3.378525641025639903, -15.75937903423200659, 5.000000000000000000 ) ) ;
#7040 = CARTESIAN_POINT ( 'NONE',  ( -0.3500770061539407729, -17.22406594292079873, 4.000000000000000888 ) ) ;
#7041 = ORIENTED_EDGE ( 'NONE', *, *, #5262, .F. ) ;
#7042 = DIRECTION ( 'NONE',  ( 0.000000000000000000, 1.000000000000000000, 0.000000000000000000 ) ) ;
#7043 = ADVANCED_FACE ( 'NONE', ( #2382 ), #8839, .T. ) ;
#7044 = DIRECTION ( 'NONE',  ( 1.000000000000000000, 0.000000000000000000, 0.000000000000000000 ) ) ;
#7045 = VECTOR ( 'NONE', #3697, 1000.000000000000000 ) ;
#7046 = EDGE_LOOP ( 'NONE', ( #3815, #9429, #1902, #3016 ) ) ;
#7047 = CARTESIAN_POINT ( 'NONE',  ( -3.072372804504389432, 9.194809502405480117, 5.000000000000000000 ) ) ;
#7048 = CARTESIAN_POINT ( 'NONE',  ( 119.0000000000000284, 10.57660624134118521, -87.75000000000000000 ) ) ;
#7049 = DIRECTION ( 'NONE',  ( -1.000000000000000000, 0.000000000000000000, 0.000000000000000000 ) ) ;
#7050 = DIRECTION ( 'NONE',  ( -1.000000000000000000, -0.000000000000000000, -0.000000000000000000 ) ) ;
#7051 = ORIENTED_EDGE ( 'NONE', *, *, #5618, .F. ) ;
#7052 = DIRECTION ( 'NONE',  ( 0.000000000000000000, 1.000000000000000000, 0.000000000000000000 ) ) ;
#7053 = EDGE_CURVE ( 'NONE', #11289, #3721, #4260, .T. ) ;
#7054 = CARTESIAN_POINT ( 'NONE',  ( -5.210256410256410398, -15.75937903423199593, 4.000000000000000000 ) ) ;
#7055 = EDGE_LOOP ( 'NONE', ( #4327, #11658 ) ) ;
#7056 = ORIENTED_EDGE ( 'NONE', *, *, #4768, .F. ) ;
#7057 = AXIS2_PLACEMENT_3D ( 'NONE', #11246, #10395, #3955 ) ;
#7058 = VERTEX_POINT ( 'NONE', #8001 ) ;
#7059 = CARTESIAN_POINT ( 'NONE',  ( -4.559631712782970858, -15.70309979647688969, 4.000000000000000888 ) ) ;
#7060 = CARTESIAN_POINT ( 'NONE',  ( -75.00000000000001421, 7.000000000000026645, -102.0000000000000142 ) ) ;
#7061 = CARTESIAN_POINT ( 'NONE',  ( 0.2151256036420169937, -17.00822485306244758, 5.000000000000000888 ) ) ;
#7062 = LINE ( 'NONE', #474, #4521 ) ;
#7063 = ORIENTED_EDGE ( 'NONE', *, *, #1855, .F. ) ;
#7064 = LINE ( 'NONE', #10744, #9628 ) ;
#7065 = CARTESIAN_POINT ( 'NONE',  ( -75.00000000000000000, 5.000000000000000000, 9.999999999999953815 ) ) ;
#7066 = DIRECTION ( 'NONE',  ( -1.000000000000000000, -0.000000000000000000, -0.000000000000000000 ) ) ;
#7067 = VECTOR ( 'NONE', #3452, 1000.000000000000000 ) ;
#7068 = ORIENTED_EDGE ( 'NONE', *, *, #9229, .F. ) ;
#7069 = ORIENTED_EDGE ( 'NONE', *, *, #6096, .T. ) ;
#7070 = CARTESIAN_POINT ( 'NONE',  ( -1.667451938409447720, -17.31997028335685229, 4.999999999999994671 ) ) ;
#7071 = CIRCLE ( 'NONE', #4959, 2.000000000000001776 ) ;
#7072 = DIRECTION ( 'NONE',  ( -0.000000000000000000, -0.000000000000000000, -1.000000000000000000 ) ) ;
#7073 = CARTESIAN_POINT ( 'NONE',  ( -3.826282051282051455, -15.44009818487302255, 5.000000000000000888 ) ) ;
#7074 = VECTOR ( 'NONE', #4711, 1000.000000000000000 ) ;
#7075 = CARTESIAN_POINT ( 'NONE',  ( 3.378525641025639903, -17.71322518807815882, 4.000000000000000000 ) ) ;
#7076 = CARTESIAN_POINT ( 'NONE',  ( -17.99999999999997513, 5.000000000000004441, -30.00000000000006750 ) ) ;
#7077 = CARTESIAN_POINT ( 'NONE',  ( -14.99999999999999822, 5.949455682166679971, 0.000000000000000000 ) ) ;
#7078 = ORIENTED_EDGE ( 'NONE', *, *, #6645, .T. ) ;
#7079 = EDGE_LOOP ( 'NONE', ( #3433, #9124, #11373, #8412 ) ) ;
#7080 = CARTESIAN_POINT ( 'NONE',  ( 0.6962888675300780150, -14.83721622788495154, 5.000000000000000888 ) ) ;
#7081 = ORIENTED_EDGE ( 'NONE', *, *, #4881, .T. ) ;
#7082 = DIRECTION ( 'NONE',  ( 1.000000000000000000, -3.454194652434726964E-16, 0.000000000000000000 ) ) ;
#7083 = ORIENTED_EDGE ( 'NONE', *, *, #8721, .F. ) ;
#7084 = CYLINDRICAL_SURFACE ( 'NONE', #3663, 5.000000000000000888 ) ;
#7085 = DIRECTION ( 'NONE',  ( 1.652117596168387756E-16, -0.000000000000000000, -1.000000000000000000 ) ) ;
#7086 = EDGE_CURVE ( 'NONE', #9874, #6019, #5619, .T. ) ;
#7087 = DIRECTION ( 'NONE',  ( -1.000000000000000000, 0.000000000000000000, 0.000000000000000000 ) ) ;
#7088 = DIRECTION ( 'NONE',  ( 1.000000000000000000, 0.000000000000000000, -2.040851148208009970E-16 ) ) ;
#7089 = EDGE_CURVE ( 'NONE', #5098, #6470, #1961, .T. ) ;
#7090 = CARTESIAN_POINT ( 'NONE',  ( -1.463520126352013673, -15.59651043888651678, 3.999999999999999112 ) ) ;
#7091 = CARTESIAN_POINT ( 'NONE',  ( 81.00000000000001421, 5.000000000000000000, -97.99999999999998579 ) ) ;
#7092 = ORIENTED_EDGE ( 'NONE', *, *, #1595, .T. ) ;
#7093 = DIRECTION ( 'NONE',  ( 1.000000000000000000, -6.938893903907222067E-15, 0.000000000000000000 ) ) ;
#7094 = LINE ( 'NONE', #10773, #1527 ) ;
#7095 = ORIENTED_EDGE ( 'NONE', *, *, #4393, .T. ) ;
#7096 = CARTESIAN_POINT ( 'NONE',  ( -1.774165953381786176, -15.05133716502196783, 5.000000000000000888 ) ) ;
#7097 = ORIENTED_EDGE ( 'NONE', *, *, #10794, .F. ) ;
#7098 = FACE_OUTER_BOUND ( 'NONE', #812, .T. ) ;
#7099 = EDGE_CURVE ( 'NONE', #1068, #2787, #3500, .T. ) ;
#7100 = CARTESIAN_POINT ( 'NONE',  ( 0.6222935443772469322, -14.77931125610864171, 4.000000000000000888 ) ) ;
#7101 = CARTESIAN_POINT ( 'NONE',  ( -16.46446609406725514, -9.307611844574859461, 0.000000000000000000 ) ) ;
#7102 = CARTESIAN_POINT ( 'NONE',  ( -1.414212917856179086, -17.52429352639051885, 3.999999999999998224 ) ) ;
#7103 = DIRECTION ( 'NONE',  ( 0.000000000000000000, 0.000000000000000000, 1.000000000000000000 ) ) ;
#7104 = EDGE_CURVE ( 'NONE', #2257, #3561, #5045, .T. ) ;
#7105 = DIRECTION ( 'NONE',  ( 0.000000000000000000, 0.000000000000000000, 1.000000000000000000 ) ) ;
#7106 = VERTEX_POINT ( 'NONE', #3291 ) ;
#7107 = DIRECTION ( 'NONE',  ( -4.336808689942020201E-16, 1.000000000000000000, 0.000000000000000000 ) ) ;
#7108 = CARTESIAN_POINT ( 'NONE',  ( -1.505032225861515638, -16.54088866463339613, 4.999999999999998224 ) ) ;
#7109 = EDGE_LOOP ( 'NONE', ( #10112, #1064, #2872, #8790 ) ) ;
#7110 = B_SPLINE_CURVE_WITH_KNOTS ( 'NONE', 3,
 ( #8625, #6571, #6742, #10427, #3855, #1247, #6633, #2047, #4946, #8389, #109, #3802, #9409, #1124, #7588, #9584, #2450, #9639, #5062, #6806, #6922, #10663, #1309, #6086, #8793, #2276, #1365 ),
 .UNSPECIFIED., .F., .F.,
 ( 4, 1, 1, 1, 1, 1, 1, 1, 1, 1, 1, 1, 1, 1, 1, 1, 1, 1, 1, 1, 1, 1, 1, 1, 4 ),
 ( 0.000000000000000000, 0.04517287879862715710, 0.08954611918494215228, 0.1328127639003588711, 0.1751020071688613178, 0.2170301830540125598, 0.2583804467431636276, 0.2995763167954480499, 0.3407076851203932888, 0.3815382952685203999, 0.4219415929715217839, 0.4621152714130995487, 0.5024333950072059629, 0.5427515186013123216, 0.5834072057629401398, 0.6246627348097930632, 0.6667924017057109687, 0.7089883561164973536, 0.7506859261210357959, 0.7920551107057923756, 0.8332027837492655964, 0.8744393397510762389, 0.9158733303825465910, 0.9576559381140666849, 1.000000000000000000 ),
 .UNSPECIFIED. ) ;
#7111 = B_SPLINE_CURVE_WITH_KNOTS ( 'NONE', 3,
 ( #1060, #3114, #6794, #10478, #4756, #2212, #11140, #1299, #8668, #9803, #7819, #6857, #6137, #11500, #8900, #11680 ),
 .UNSPECIFIED., .F., .F.,
 ( 4, 2, 2, 2, 2, 2, 2, 4 ),
 ( 6.938893903907228378E-18, 0.002312349122450233115, 0.003468523683675338396, 0.004624698244900442810, 0.006937047367350671588, 0.008093221928575776436, 0.008671309209188326692, 0.009249396489800875212 ),
 .UNSPECIFIED. ) ;
#7112 = EDGE_LOOP ( 'NONE', ( #143, #11222, #920, #4169, #2403 ) ) ;
#7113 = EDGE_CURVE ( 'NONE', #8106, #11147, #7937, .T. ) ;
#7114 = ORIENTED_EDGE ( 'NONE', *, *, #3080, .F. ) ;
#7115 = DIRECTION ( 'NONE',  ( -0.8610380995189045317, 0.5085404518589184963, -0.000000000000000000 ) ) ;
#7116 = DIRECTION ( 'NONE',  ( 0.000000000000000000, 0.000000000000000000, -1.000000000000000000 ) ) ;
#7117 = CARTESIAN_POINT ( 'NONE',  ( -0.2029560313737959476, -17.20583498013595403, 5.000000000000000888 ) ) ;
#7118 = DIRECTION ( 'NONE',  ( -0.000000000000000000, -1.000000000000000000, -0.000000000000000000 ) ) ;
#7119 = ORIENTED_EDGE ( 'NONE', *, *, #4289, .F. ) ;
#7120 = CIRCLE ( 'NONE', #1521, 5.000000000000004441 ) ;
#7121 = DIRECTION ( 'NONE',  ( -0.000000000000000000, -0.000000000000000000, 1.000000000000000000 ) ) ;
#7122 = PLANE ( 'NONE',  #7155 ) ;
#7123 = CARTESIAN_POINT ( 'NONE',  ( -4.402855671620519828, -15.51354412638552027, 5.000000000000000000 ) ) ;
#7124 = ORIENTED_EDGE ( 'NONE', *, *, #11743, .F. ) ;
#7125 = ORIENTED_EDGE ( 'NONE', *, *, #4165, .T. ) ;
#7126 = FACE_OUTER_BOUND ( 'NONE', #1863, .T. ) ;
#7127 = EDGE_CURVE ( 'NONE', #1106, #3979, #11439, .T. ) ;
#7128 = CIRCLE ( 'NONE', #9823, 1.500000000000001332 ) ;
#7129 = DIRECTION ( 'NONE',  ( -1.000000000000000000, -0.000000000000000000, -0.000000000000000000 ) ) ;
#7130 = DIRECTION ( 'NONE',  ( 0.000000000000000000, 1.000000000000000000, 0.000000000000000000 ) ) ;
#7131 = EDGE_CURVE ( 'NONE', #2848, #6893, #561, .T. ) ;
#7132 = CARTESIAN_POINT ( 'NONE',  ( -10.99999999999999289, 2.000000000000000000, -11.99999999999999822 ) ) ;
#7133 = CARTESIAN_POINT ( 'NONE',  ( -4.042379089280638382, -14.83613371534582548, 3.999999999999999112 ) ) ;
#7134 = FACE_OUTER_BOUND ( 'NONE', #6805, .T. ) ;
#7135 = ORIENTED_EDGE ( 'NONE', *, *, #1421, .F. ) ;
#7136 = ORIENTED_EDGE ( 'NONE', *, *, #5699, .T. ) ;
#7137 = FACE_OUTER_BOUND ( 'NONE', #5856, .T. ) ;
#7138 = VERTEX_POINT ( 'NONE', #7036 ) ;
#7139 = VECTOR ( 'NONE', #4679, 1000.000000000000000 ) ;
#7140 = DIRECTION ( 'NONE',  ( -0.000000000000000000, -0.000000000000000000, 1.000000000000000000 ) ) ;
#7141 = DIRECTION ( 'NONE',  ( 1.000000000000000000, 0.000000000000000000, 0.000000000000000000 ) ) ;
#7142 = ORIENTED_EDGE ( 'NONE', *, *, #1061, .F. ) ;
#7143 = CIRCLE ( 'NONE', #200, 1.499999999999987566 ) ;
#7144 = DIRECTION ( 'NONE',  ( -0.000000000000000000, -0.000000000000000000, -1.000000000000000000 ) ) ;
#7145 = AXIS2_PLACEMENT_3D ( 'NONE', #5105, #442, #11496 ) ;
#7146 = CARTESIAN_POINT ( 'NONE',  ( 75.00000000000001421, 10.57660624134121363, -72.24999999999998579 ) ) ;
#7147 = CYLINDRICAL_SURFACE ( 'NONE', #7427, 5.000000000000000888 ) ;
#7148 = DIRECTION ( 'NONE',  ( 0.05028052826558215144, 0.9987351342960424372, 0.000000000000000000 ) ) ;
#7149 = DIRECTION ( 'NONE',  ( -1.000000000000000000, 0.000000000000000000, 0.000000000000000000 ) ) ;
#7150 = LINE ( 'NONE', #7397, #9831 ) ;
#7151 = VERTEX_POINT ( 'NONE', #3176 ) ;
#7152 = CARTESIAN_POINT ( 'NONE',  ( -1.678904918935926638, -14.94422751762273371, 5.000000000000000000 ) ) ;
#7153 = LINE ( 'NONE', #7822, #5973 ) ;
#7154 = ORIENTED_EDGE ( 'NONE', *, *, #1935, .F. ) ;
#7155 = AXIS2_PLACEMENT_3D ( 'NONE', #1565, #9658, #4293 ) ;
#7156 = DIRECTION ( 'NONE',  ( -1.000000000000000000, 0.000000000000000000, 0.000000000000000000 ) ) ;
#7157 = CIRCLE ( 'NONE', #4466, 1.500000000000001332 ) ;
#7158 = ORIENTED_EDGE ( 'NONE', *, *, #5502, .T. ) ;
#7159 = EDGE_CURVE ( 'NONE', #1720, #10930, #2440, .T. ) ;
#7160 = CARTESIAN_POINT ( 'NONE',  ( -45.49999999999997868, 5.000000000000000000, 93.44999999999993179 ) ) ;
#7161 = AXIS2_PLACEMENT_3D ( 'NONE', #684, #447, #7758 ) ;
#7162 = CARTESIAN_POINT ( 'NONE',  ( 0.8436112743699052396, -14.96917307924897500, 5.000000000000000888 ) ) ;
#7163 = EDGE_CURVE ( 'NONE', #10463, #10662, #2564, .T. ) ;
#7164 = DIRECTION ( 'NONE',  ( -0.000000000000000000, -0.000000000000000000, -1.000000000000000000 ) ) ;
#7165 = VECTOR ( 'NONE', #9002, 1000.000000000000000 ) ;
#7166 = CARTESIAN_POINT ( 'NONE',  ( 80.49704065888479931, 27.63681555399283241, -60.66720691545009458 ) ) ;
#7167 = LINE ( 'NONE', #10845, #11579 ) ;
#7168 = FACE_OUTER_BOUND ( 'NONE', #5527, .T. ) ;
#7170 = ORIENTED_EDGE ( 'NONE', *, *, #9277, .T. ) ;
#7169 = ADVANCED_FACE ( 'NONE', ( #742 ), #8304, .F. ) ;
#7171 = CIRCLE ( 'NONE', #221, 3.000000000000002665 ) ;
#7172 = CARTESIAN_POINT ( 'NONE',  ( 79.00000000000001421, 22.50000000000000000, -100.0000000000000000 ) ) ;
#7173 = LINE ( 'NONE', #883, #4480 ) ;
#7174 = EDGE_LOOP ( 'NONE', ( #8535, #2216, #2188 ) ) ;
#7175 = EDGE_CURVE ( 'NONE', #1375, #9888, #1943, .T. ) ;
#7176 = ORIENTED_EDGE ( 'NONE', *, *, #5440, .T. ) ;
#7178 = VERTEX_POINT ( 'NONE', #5524 ) ;
#7177 = VECTOR ( 'NONE', #4179, 1000.000000000000000 ) ;
#7179 = CIRCLE ( 'NONE', #1981, 1.500000000000001332 ) ;
#7180 = CARTESIAN_POINT ( 'NONE',  ( 9.299999999999998934, 2.000000000000000000, -8.049999999999998934 ) ) ;
#7181 = CARTESIAN_POINT ( 'NONE',  ( 12.00000000000000000, 0.000000000000000000, -10.99999999999999289 ) ) ;
#7182 = CARTESIAN_POINT ( 'NONE',  ( 0.05414935262507530878, -17.12029608227393851, 4.999999999999999112 ) ) ;
#7183 = ADVANCED_FACE ( 'NONE', ( #9208 ), #7335, .T. ) ;
#7184 = DIRECTION ( 'NONE',  ( 0.000000000000000000, 0.000000000000000000, 1.000000000000000000 ) ) ;
#7185 = ORIENTED_EDGE ( 'NONE', *, *, #6963, .T. ) ;
#7186 = CARTESIAN_POINT ( 'NONE',  ( 3.072372804504399202, 9.194809502405480117, 0.000000000000000000 ) ) ;
#7187 = EDGE_CURVE ( 'NONE', #3525, #9965, #4563, .T. ) ;
#7188 = CARTESIAN_POINT ( 'NONE',  ( 9.299999999999998934, 2.000000000000000000, -8.049999999999998934 ) ) ;
#7189 = CYLINDRICAL_SURFACE ( 'NONE', #1205, 2.599999999999991207 ) ;
#7190 = ORIENTED_EDGE ( 'NONE', *, *, #2904, .F. ) ;
#7191 = AXIS2_PLACEMENT_3D ( 'NONE', #10136, #3929, #11219 ) ;
#7192 = VECTOR ( 'NONE', #10263, 1000.000000000000000 ) ;
#7193 = ORIENTED_EDGE ( 'NONE', *, *, #817, .F. ) ;
#7194 = VERTEX_POINT ( 'NONE', #1659 ) ;
#7195 = EDGE_CURVE ( 'NONE', #10306, #10643, #927, .T. ) ;
#7196 = LINE ( 'NONE', #10874, #1566 ) ;
#7197 = VECTOR ( 'NONE', #4828, 1000.000000000000000 ) ;
#7198 = CARTESIAN_POINT ( 'NONE',  ( 9.299999999999998934, 0.000000000000000000, -10.54999999999999716 ) ) ;
#7199 = CARTESIAN_POINT ( 'NONE',  ( 1.138028416491992489, -16.32480747610149052, 3.999999999999999112 ) ) ;
#7200 = EDGE_CURVE ( 'NONE', #1589, #11557, #8682, .T. ) ;
#7201 = CARTESIAN_POINT ( 'NONE',  ( -4.002847120067658970, -14.88401268557848489, 4.000000000000002665 ) ) ;
#7202 = CARTESIAN_POINT ( 'NONE',  ( 40.40000000000001990, 5.000000000000000000, -7.500000000000062172 ) ) ;
#7203 = EDGE_LOOP ( 'NONE', ( #5503, #3153 ) ) ;
#7204 = VERTEX_POINT ( 'NONE', #11861 ) ;
#7205 = CARTESIAN_POINT ( 'NONE',  ( 75.00000000000001421, 37.42339375865881834, -86.25000000000001421 ) ) ;
#7206 = ORIENTED_EDGE ( 'NONE', *, *, #7532, .F. ) ;
#7207 = CARTESIAN_POINT ( 'NONE',  ( -1.568235892687699806, -16.33322781619297714, 3.999999999999999112 ) ) ;
#7208 = EDGE_CURVE ( 'NONE', #4124, #10201, #7150, .T. ) ;
#7209 = CYLINDRICAL_SURFACE ( 'NONE', #2537, 1.749999999999998002 ) ;
#7210 = ORIENTED_EDGE ( 'NONE', *, *, #6237, .T. ) ;
#7211 = CIRCLE ( 'NONE', #11633, 2.599999999999991207 ) ;
#7212 = EDGE_CURVE ( 'NONE', #8308, #6528, #7219, .T. ) ;
#7213 = CARTESIAN_POINT ( 'NONE',  ( -4.396153846153846523, -15.43246597333456194, 4.000000000000000888 ) ) ;
#7214 = DIRECTION ( 'NONE',  ( 0.000000000000000000, 0.000000000000000000, -1.000000000000000000 ) ) ;
#7215 = DIRECTION ( 'NONE',  ( 0.000000000000000000, 0.000000000000000000, 1.000000000000000000 ) ) ;
#7216 = VECTOR ( 'NONE', #2465, 1000.000000000000114 ) ;
#7217 = DIRECTION ( 'NONE',  ( -0.000000000000000000, -1.000000000000000000, -0.000000000000000000 ) ) ;
#7218 = CARTESIAN_POINT ( 'NONE',  ( 0.3199168669871786386, -14.60691509192431425, 4.000000000000000000 ) ) ;
#7219 = LINE ( 'NONE', #8249, #768 ) ;
#7220 = ORIENTED_EDGE ( 'NONE', *, *, #9229, .T. ) ;
#7221 = DIRECTION ( 'NONE',  ( 0.000000000000000000, 1.000000000000000000, 0.000000000000000000 ) ) ;
#7222 = DIRECTION ( 'NONE',  ( 1.000000000000000000, 0.000000000000000000, 0.000000000000000000 ) ) ;
#7223 = ORIENTED_EDGE ( 'NONE', *, *, #448, .F. ) ;
#7224 = VECTOR ( 'NONE', #804, 1000.000000000000000 ) ;
#7225 = DIRECTION ( 'NONE',  ( 0.000000000000000000, 1.000000000000000000, 0.000000000000000000 ) ) ;
#7226 = ORIENTED_EDGE ( 'NONE', *, *, #8936, .F. ) ;
#7227 = CARTESIAN_POINT ( 'NONE',  ( -21.49999999999998934, -14.49566939831962564, 9.000000000000001776 ) ) ;
#7228 = AXIS2_PLACEMENT_3D ( 'NONE', #5066, #7952, #10491 ) ;
#7229 = DIRECTION ( 'NONE',  ( -1.000000000000000000, 0.000000000000000000, 0.000000000000000000 ) ) ;
#7230 = DIRECTION ( 'NONE',  ( -1.000000000000000000, 0.000000000000000000, 3.035766082959409950E-16 ) ) ;
#7231 = AXIS2_PLACEMENT_3D ( 'NONE', #1297, #10650, #10534 ) ;
#7232 = LINE ( 'NONE', #3669, #5300 ) ;
#7233 = DIRECTION ( 'NONE',  ( -1.000000000000000000, -0.000000000000000000, -0.000000000000000000 ) ) ;
#7234 = CYLINDRICAL_SURFACE ( 'NONE', #6646, 1.549999999999995826 ) ;
#7235 = ORIENTED_EDGE ( 'NONE', *, *, #2620, .F. ) ;
#7236 = CARTESIAN_POINT ( 'NONE',  ( 79.91082916792198887, 25.44184406954964572, -99.79620323048516184 ) ) ;
#7237 = CARTESIAN_POINT ( 'NONE',  ( -79.00000000000001421, 22.50000000000000000, -100.0000000000000000 ) ) ;
#7238 = VECTOR ( 'NONE', #6712, 999.9999999999998863 ) ;
#7239 = EDGE_LOOP ( 'NONE', ( #3339, #6414, #548, #6698 ) ) ;
#7240 = EDGE_CURVE ( 'NONE', #2787, #3401, #2686, .T. ) ;
#7241 = ORIENTED_EDGE ( 'NONE', *, *, #1976, .T. ) ;
#7242 = DIRECTION ( 'NONE',  ( -0.000000000000000000, -0.000000000000000000, -1.000000000000000000 ) ) ;
#7243 = VERTEX_POINT ( 'NONE', #11070 ) ;
#7244 = SHAPE_REPRESENTATION ( 'paa5100je_assembly3', ( #31, #7550, #10620, #3118 ), #9668 ) ;
#7245 = CARTESIAN_POINT ( 'NONE',  ( -4.961148561772146692, -15.75907339125758710, 4.000000000000000000 ) ) ;
#7246 = CARTESIAN_POINT ( 'NONE',  ( 0.3199168669871786386, -14.60691509192431425, 4.000000000000000000 ) ) ;
#7247 = DIRECTION ( 'NONE',  ( 0.000000000000000000, 1.000000000000000000, -0.000000000000000000 ) ) ;
#7248 = EDGE_CURVE ( 'NONE', #4021, #11493, #11570, .T. ) ;
#7249 = DIRECTION ( 'NONE',  ( -3.120437045301704800E-16, 0.1455885994785731941, -0.9893452176575513457 ) ) ;
#7250 = EDGE_LOOP ( 'NONE', ( #984, #1386, #7868, #11310 ) ) ;
#7251 = DIRECTION ( 'NONE',  ( -0.000000000000000000, -0.000000000000000000, -1.000000000000000000 ) ) ;
#7252 = LINE ( 'NONE', #4593, #5233 ) ;
#7253 = CARTESIAN_POINT ( 'NONE',  ( 119.0000000000000284, 17.00000000000000000, -86.50000000000001421 ) ) ;
#7254 = ORIENTED_EDGE ( 'NONE', *, *, #10704, .T. ) ;
#7255 = ORIENTED_EDGE ( 'NONE', *, *, #2294, .T. ) ;
#7256 = ORIENTED_EDGE ( 'NONE', *, *, #5906, .T. ) ;
#7257 = EDGE_CURVE ( 'NONE', #1569, #1891, #6376, .T. ) ;
#7258 = DIRECTION ( 'NONE',  ( -1.000000000000000000, 0.000000000000000000, 0.000000000000000000 ) ) ;
#7259 = CARTESIAN_POINT ( 'NONE',  ( -3.908275352273725023, -15.84352712202670510, 5.000000000000000888 ) ) ;
#7260 = CARTESIAN_POINT ( 'NONE',  ( -23.18380419571102991, 13.69266036901629313, 5.000000000000000000 ) ) ;
#7261 = VERTEX_POINT ( 'NONE', #6497 ) ;
#7262 = AXIS2_PLACEMENT_3D ( 'NONE', #3654, #8363, #7333 ) ;
#7263 = CARTESIAN_POINT ( 'NONE',  ( 26.50000000000000000, 17.50000000000000000, 2.500000000000000000 ) ) ;
#7264 = DIRECTION ( 'NONE',  ( -1.000000000000000000, 0.000000000000000000, 0.000000000000000000 ) ) ;
#7265 = ORIENTED_EDGE ( 'NONE', *, *, #9388, .F. ) ;
#7266 = EDGE_CURVE ( 'NONE', #5322, #8669, #7525, .T. ) ;
#7267 = ORIENTED_EDGE ( 'NONE', *, *, #9319, .T. ) ;
#7268 = CARTESIAN_POINT ( 'NONE',  ( -77.00000000000001421, 5.000000000000000000, -58.00000000000000000 ) ) ;
#7269 = ORIENTED_EDGE ( 'NONE', *, *, #6803, .T. ) ;
#7270 = DIRECTION ( 'NONE',  ( -1.000000000000000000, 0.000000000000000000, 0.000000000000000000 ) ) ;
#7271 = VERTEX_POINT ( 'NONE', #5466 ) ;
#7272 = VECTOR ( 'NONE', #1730, 1000.000000000000000 ) ;
#7273 = DIRECTION ( 'NONE',  ( -0.000000000000000000, 0.000000000000000000, 1.000000000000000000 ) ) ;
#7274 = EDGE_CURVE ( 'NONE', #7204, #5321, #8107, .T. ) ;
#7275 = CARTESIAN_POINT ( 'NONE',  ( 75.00000000000001421, 10.57660624134118521, -87.75000000000000000 ) ) ;
#7276 = DIRECTION ( 'NONE',  ( 1.000000000000000000, 0.000000000000000000, -3.154042683594193641E-16 ) ) ;
#7277 = DIRECTION ( 'NONE',  ( -0.000000000000000000, -0.000000000000000000, -1.000000000000000000 ) ) ;
#7278 = CARTESIAN_POINT ( 'NONE',  ( 3.378525641025639903, -17.71322518807815882, 4.000000000000000000 ) ) ;
#7279 = DIRECTION ( 'NONE',  ( 0.000000000000000000, 0.000000000000000000, 1.000000000000000000 ) ) ;
#7280 = EDGE_LOOP ( 'NONE', ( #6716, #9726, #7220, #4137, #806, #2565, #6585, #1920, #11060 ) ) ;
#7281 = CARTESIAN_POINT ( 'NONE',  ( -26.50000000000000000, 17.50000000000000000, 2.500000000000000000 ) ) ;
#7282 = CARTESIAN_POINT ( 'NONE',  ( -4.103814741775677177, -16.09456020973437163, 3.999999999999999112 ) ) ;
#7283 = EDGE_LOOP ( 'NONE', ( #10398, #7840, #9026, #9430, #8035 ) ) ;
#7284 = CARTESIAN_POINT ( 'NONE',  ( 29.49999999999999645, 2.274415224058480448E-14, 9.000000000000001776 ) ) ;
#7285 = ORIENTED_EDGE ( 'NONE', *, *, #5543, .F. ) ;
#7286 = DIRECTION ( 'NONE',  ( 0.8660254037844383745, 0.5000000000000004441, -0.000000000000000000 ) ) ;
#7287 = FACE_OUTER_BOUND ( 'NONE', #5212, .T. ) ;
#7288 = CARTESIAN_POINT ( 'NONE',  ( -10.00000000000000178, 2.000000000000000000, 7.000000000000002665 ) ) ;
#7289 = ADVANCED_FACE ( 'NONE', ( #11012 ), #2751, .T. ) ;
#7290 = DIRECTION ( 'NONE',  ( 1.000000000000000000, 0.000000000000000000, -0.000000000000000000 ) ) ;
#7291 = CARTESIAN_POINT ( 'NONE',  ( -5.116125801282050745, -14.53822518807814923, 4.999999999999996447 ) ) ;
#7292 = CARTESIAN_POINT ( 'NONE',  ( 0.000000000000000000, 0.000000000000000000, 4.000000000000000000 ) ) ;
#7293 = ORIENTED_EDGE ( 'NONE', *, *, #9595, .F. ) ;
#7294 = CARTESIAN_POINT ( 'NONE',  ( 80.12265385903762649, 26.17260254424272148, -99.67420347432789640 ) ) ;
#7295 = CARTESIAN_POINT ( 'NONE',  ( -1.400214113048630971, -16.73089921575636296, 5.000000000000000888 ) ) ;
#7296 = ORIENTED_EDGE ( 'NONE', *, *, #3932, .F. ) ;
#7297 = VERTEX_POINT ( 'NONE', #5705 ) ;
#7298 = DIRECTION ( 'NONE',  ( -0.000000000000000000, -0.000000000000000000, -1.000000000000000000 ) ) ;
#7299 = VERTEX_POINT ( 'NONE', #5645 ) ;
#7300 = CARTESIAN_POINT ( 'NONE',  ( -8.999999999999994671, 0.000000000000000000, 10.99999999999999467 ) ) ;
#7301 = CARTESIAN_POINT ( 'NONE',  ( 2.279487179487178050, -16.32925082910379899, 4.000000000000000000 ) ) ;
#7302 = CARTESIAN_POINT ( 'NONE',  ( -73.00000000000001421, 5.000000000000000000, -105.0000000000000142 ) ) ;
#7303 = CARTESIAN_POINT ( 'NONE',  ( -0.2516596594728344738, -14.46563862997375338, 4.999999999999997335 ) ) ;
#7304 = EDGE_LOOP ( 'NONE', ( #5450, #3235, #493, #2458 ) ) ;
#7305 = CARTESIAN_POINT ( 'NONE',  ( -27.73045543115249600, 21.72576775728266441, 5.000000000000000000 ) ) ;
#7306 = DIRECTION ( 'NONE',  ( 0.000000000000000000, 0.000000000000000000, 1.000000000000000000 ) ) ;
#7307 = ORIENTED_EDGE ( 'NONE', *, *, #5637, .F. ) ;
#7308 = ORIENTED_EDGE ( 'NONE', *, *, #11906, .F. ) ;
#7309 = ORIENTED_EDGE ( 'NONE', *, *, #5934, .F. ) ;
#7310 = EDGE_CURVE ( 'NONE', #10260, #11444, #2020, .T. ) ;
#7311 =( BOUNDED_CURVE ( )  B_SPLINE_CURVE ( 3, ( #2715, #11037, #9116, #949 ),
 .UNSPECIFIED., .F., .F. ) 
 B_SPLINE_CURVE_WITH_KNOTS ( ( 4, 4 ),
 ( 1.570796326794886122, 3.141592653589793116 ),
 .UNSPECIFIED. ) 
 CURVE ( )  GEOMETRIC_REPRESENTATION_ITEM ( )  RATIONAL_B_SPLINE_CURVE ( ( 1.000000000000000000, 0.8047378541243626060, 0.8047378541243626060, 1.000000000000000000 ) ) 
 REPRESENTATION_ITEM ( '' )  );
#7312 = EDGE_CURVE ( 'NONE', #1694, #5260, #6778, .T. ) ;
#7313 = DIRECTION ( 'NONE',  ( -0.8397897338196435024, -0.5429117819417187407, 0.000000000000000000 ) ) ;
#7314 = AXIS2_PLACEMENT_3D ( 'NONE', #2910, #6652, #8518 ) ;
#7315 = CARTESIAN_POINT ( 'NONE',  ( 21.73797097907860376, -17.50000000000002132, 0.000000000000000000 ) ) ;
#7316 = EDGE_CURVE ( 'NONE', #7535, #5794, #5880, .T. ) ;
#7317 = LINE ( 'NONE', #5565, #11693 ) ;
#7318 = ORIENTED_EDGE ( 'NONE', *, *, #3497, .T. ) ;
#7319 = CARTESIAN_POINT ( 'NONE',  ( -4.340546524786211613, -14.62919056945143126, 3.999999999999999112 ) ) ;
#7320 = CARTESIAN_POINT ( 'NONE',  ( 1.550000000000004263, 0.000000000000000000, -100.5000000000000000 ) ) ;
#7321 = AXIS2_PLACEMENT_3D ( 'NONE', #11242, #1036, #4734 ) ;
#7322 = VERTEX_POINT ( 'NONE', #2133 ) ;
#7323 = CARTESIAN_POINT ( 'NONE',  ( -3.297115384615386446, -17.71322518807815882, 5.000000000000000000 ) ) ;
#7324 = VERTEX_POINT ( 'NONE', #10397 ) ;
#7325 = EDGE_CURVE ( 'NONE', #4682, #10852, #11183, .T. ) ;
#7326 = FACE_BOUND ( 'NONE', #1704, .T. ) ;
#7327 = ORIENTED_EDGE ( 'NONE', *, *, #9769, .T. ) ;
#7328 = AXIS2_PLACEMENT_3D ( 'NONE', #9505, #5883, #6719 ) ;
#7329 = CARTESIAN_POINT ( 'NONE',  ( -0.005594862366429914115, -17.14803323146775682, 3.999999999999999112 ) ) ;
#7330 = EDGE_CURVE ( 'NONE', #9283, #8188, #11356, .T. ) ;
#7331 = CARTESIAN_POINT ( 'NONE',  ( -1.996269987160796067, -15.38395414467272815, 3.999999999999999112 ) ) ;
#7332 = CARTESIAN_POINT ( 'NONE',  ( 11.00000000000000178, 2.000000000000000000, -11.00000000000000000 ) ) ;
#7333 = DIRECTION ( 'NONE',  ( 0.000000000000000000, 0.000000000000000000, 1.000000000000000000 ) ) ;
#7334 = DIRECTION ( 'NONE',  ( 0.000000000000000000, 0.000000000000000000, 1.000000000000000000 ) ) ;
#7335 = PLANE ( 'NONE',  #6568 ) ;
#7336 = EDGE_CURVE ( 'NONE', #6319, #4028, #3957, .T. ) ;
#7337 = ORIENTED_EDGE ( 'NONE', *, *, #11066, .T. ) ;
#7338 = VECTOR ( 'NONE', #1986, 1000.000000000000000 ) ;
#7339 = CARTESIAN_POINT ( 'NONE',  ( 9.800000000000002487, 2.791454495570343752, 10.00000000000000000 ) ) ;
#7340 = ORIENTED_EDGE ( 'NONE', *, *, #9918, .F. ) ;
#7341 = CARTESIAN_POINT ( 'NONE',  ( -5.999999999999997335, -5.208545504429655360, 6.000000000000000888 ) ) ;
#7342 = EDGE_CURVE ( 'NONE', #11394, #4431, #379, .T. ) ;
#7343 = ORIENTED_EDGE ( 'NONE', *, *, #9421, .T. ) ;
#7344 = VECTOR ( 'NONE', #4328, 1000.000000000000000 ) ;
#7345 = DIRECTION ( 'NONE',  ( 0.000000000000000000, 0.000000000000000000, -1.000000000000000000 ) ) ;
#7346 = LINE ( 'NONE', #3421, #4911 ) ;
#7347 = ADVANCED_FACE ( 'NONE', ( #1960 ), #6715, .F. ) ;
#7348 = DIRECTION ( 'NONE',  ( -1.000000000000000000, 0.000000000000000000, 0.000000000000000000 ) ) ;
#7349 = AXIS2_PLACEMENT_3D ( 'NONE', #7006, #477, #7971 ) ;
#7350 = CARTESIAN_POINT ( 'NONE',  ( -75.00000000000001421, 37.42339375865881834, -87.75000000000002842 ) ) ;
#7351 = CARTESIAN_POINT ( 'NONE',  ( -4.340546524786211613, -14.62919056945143126, 4.999999999999995559 ) ) ;
#7352 = VECTOR ( 'NONE', #8234, 1000.000000000000000 ) ;
#7353 = DIRECTION ( 'NONE',  ( 0.000000000000000000, 0.000000000000000000, 1.000000000000000000 ) ) ;
#7354 = EDGE_CURVE ( 'NONE', #406, #4478, #8278, .T. ) ;
#7355 = ORIENTED_EDGE ( 'NONE', *, *, #1260, .T. ) ;
#7356 = CARTESIAN_POINT ( 'NONE',  ( -6.999999999999998224, -6.208545504429656248, 10.00000000000000000 ) ) ;
#7357 = CARTESIAN_POINT ( 'NONE',  ( -2.727243589743591379, -14.53822518807815989, 5.000000000000000000 ) ) ;
#7358 = AXIS2_PLACEMENT_3D ( 'NONE', #5121, #3303, #8014 ) ;
#7359 = ORIENTED_EDGE ( 'NONE', *, *, #9383, .T. ) ;
#7360 = ORIENTED_EDGE ( 'NONE', *, *, #4338, .T. ) ;
#7361 = EDGE_CURVE ( 'NONE', #5363, #4028, #313, .T. ) ;
#7362 = CARTESIAN_POINT ( 'NONE',  ( 119.0000000000000284, 24.00000000000000000, -95.50000000000000000 ) ) ;
#7363 = FACE_OUTER_BOUND ( 'NONE', #1646, .T. ) ;
#7364 = DIRECTION ( 'NONE',  ( 0.000000000000000000, 0.000000000000000000, -1.000000000000000000 ) ) ;
#7365 = AXIS2_PLACEMENT_3D ( 'NONE', #5972, #10612, #1438 ) ;
#7366 = CARTESIAN_POINT ( 'NONE',  ( -1.545691788893651220, -14.82263217056909177, 3.999999999999999112 ) ) ;
#7367 = LINE ( 'NONE', #895, #10294 ) ;
#7368 = ORIENTED_EDGE ( 'NONE', *, *, #7163, .T. ) ;
#7369 = CARTESIAN_POINT ( 'NONE',  ( -5.999999999999997335, -9.208545504429654471, 10.00000000000000000 ) ) ;
#7370 = ADVANCED_FACE ( 'NONE', ( #1158 ), #7506, .T. ) ;
#7371 = CARTESIAN_POINT ( 'NONE',  ( -4.601928236847449227, -15.71775222769595715, 5.000000000000000888 ) ) ;
#7372 = ORIENTED_EDGE ( 'NONE', *, *, #11674, .F. ) ;
#7373 = VERTEX_POINT ( 'NONE', #4795 ) ;
#7374 = AXIS2_PLACEMENT_3D ( 'NONE', #3796, #46, #7585 ) ;
#7375 = VECTOR ( 'NONE', #10368, 1000.000000000000000 ) ;
#7376 = EDGE_LOOP ( 'NONE', ( #4447, #9895, #2039, #2907, #6686, #11852, #1928, #7255 ) ) ;
#7377 = CARTESIAN_POINT ( 'NONE',  ( -75.00000000000001421, 29.02648106157064589, -104.3506074618691599 ) ) ;
#7378 = CARTESIAN_POINT ( 'NONE',  ( 20.81324294376706163, 19.67280126842832289, 9.000000000000001776 ) ) ;
#7379 = LINE ( 'NONE', #5449, #6878 ) ;
#7380 = ORIENTED_EDGE ( 'NONE', *, *, #1925, .T. ) ;
#7381 = AXIS2_PLACEMENT_3D ( 'NONE', #3765, #4847, #181 ) ;
#7382 = CARTESIAN_POINT ( 'NONE',  ( -4.404386434994036037, -14.60690757761560121, 4.000000000000000000 ) ) ;
#7383 = CYLINDRICAL_SURFACE ( 'NONE', #8876, 1.999999999999994893 ) ;
#7384 = EDGE_CURVE ( 'NONE', #10071, #6293, #3892, .T. ) ;
#7385 = ORIENTED_EDGE ( 'NONE', *, *, #2232, .F. ) ;
#7386 = DIRECTION ( 'NONE',  ( 0.8900702620852275482, -0.4558233523543239185, 0.000000000000000000 ) ) ;
#7387 = ORIENTED_EDGE ( 'NONE', *, *, #11480, .T. ) ;
#7388 = CARTESIAN_POINT ( 'NONE',  ( 25.16401654238957875, 14.24209700771249132, 2.500000000000000000 ) ) ;
#7389 = ORIENTED_EDGE ( 'NONE', *, *, #10264, .T. ) ;
#7390 = AXIS2_PLACEMENT_3D ( 'NONE', #11158, #10316, #342 ) ;
#7391 = VECTOR ( 'NONE', #1255, 1000.000000000000000 ) ;
#7392 = CARTESIAN_POINT ( 'NONE',  ( -0.06839335624488418475, -17.17153531876744310, 4.999999999999999112 ) ) ;
#7393 = CARTESIAN_POINT ( 'NONE',  ( -3.826866216971895440, -15.46512649087890701, 3.999999999999999112 ) ) ;
#7394 = CARTESIAN_POINT ( 'NONE',  ( -1.005059178219957383, -15.14848534415029313, 4.999999999999998224 ) ) ;
#7395 = LINE ( 'NONE', #6434, #8795 ) ;
#7396 = DIRECTION ( 'NONE',  ( 0.000000000000000000, 1.000000000000000000, 0.000000000000000000 ) ) ;
#7397 = CARTESIAN_POINT ( 'NONE',  ( 75.00000000000002842, 0.000000000000000000, 9.999999999999911182 ) ) ;
#7398 = ADVANCED_FACE ( 'NONE', ( #7450 ), #2983, .T. ) ;
#7399 = ORIENTED_EDGE ( 'NONE', *, *, #6645, .F. ) ;
#7400 = CARTESIAN_POINT ( 'NONE',  ( -3.828011659420312629, -15.51420243732616733, 3.999999999999999112 ) ) ;
#7401 = EDGE_LOOP ( 'NONE', ( #8971, #1272 ) ) ;
#7402 = VECTOR ( 'NONE', #5724, 1000.000000000000000 ) ;
#7403 = EDGE_CURVE ( 'NONE', #8655, #5374, #3870, .T. ) ;
#7404 = DIRECTION ( 'NONE',  ( -0.000000000000000000, -0.000000000000000000, -1.000000000000000000 ) ) ;
#7405 = VERTEX_POINT ( 'NONE', #4192 ) ;
#7406 = CARTESIAN_POINT ( 'NONE',  ( -4.950121727997546905, -15.10860986254749960, 4.000000000000000000 ) ) ;
#7407 = DIRECTION ( 'NONE',  ( -1.000000000000000000, 0.000000000000000000, -0.000000000000000000 ) ) ;
#7408 = FILL_AREA_STYLE_COLOUR ( '', #3032 ) ;
#7409 = EDGE_CURVE ( 'NONE', #8241, #3458, #8712, .T. ) ;
#7410 = DIRECTION ( 'NONE',  ( 1.000000000000000000, 0.000000000000000000, 0.000000000000000000 ) ) ;
#7411 = CARTESIAN_POINT ( 'NONE',  ( 21.49999999999999645, 1.242321824286741657E-14, 9.000000000000001776 ) ) ;
#7412 = CARTESIAN_POINT ( 'NONE',  ( 9.299999999999998934, 0.000000000000000000, -8.049999999999998934 ) ) ;
#7413 = VERTEX_POINT ( 'NONE', #8886 ) ;
#7414 = AXIS2_PLACEMENT_3D ( 'NONE', #8977, #9034, #10293 ) ;
#7415 = CARTESIAN_POINT ( 'NONE',  ( 9.800000000000002487, 2.791454495570343752, 10.00000000000000000 ) ) ;
#7416 = EDGE_CURVE ( 'NONE', #1357, #9552, #4837, .T. ) ;
#7417 = DIRECTION ( 'NONE',  ( 0.000000000000000000, 0.000000000000000000, 1.000000000000000000 ) ) ;
#7418 = VERTEX_POINT ( 'NONE', #11665 ) ;
#7419 = VECTOR ( 'NONE', #6012, 1000.000000000000227 ) ;
#7420 = ORIENTED_EDGE ( 'NONE', *, *, #1120, .F. ) ;
#7421 = DIRECTION ( 'NONE',  ( 0.000000000000000000, 1.000000000000000000, 0.000000000000000000 ) ) ;
#7422 = LINE ( 'NONE', #9176, #7651 ) ;
#7423 = CARTESIAN_POINT ( 'NONE',  ( 15.00000000000000533, -5.772077938642122596, 5.000000000000000000 ) ) ;
#7424 = CARTESIAN_POINT ( 'NONE',  ( -0.5519781544576651822, -14.45751834862439011, 4.000000000000000888 ) ) ;
#7425 = CARTESIAN_POINT ( 'NONE',  ( -0.4477564102564112192, -16.08502005987303107, 4.000000000000000000 ) ) ;
#7426 = VERTEX_POINT ( 'NONE', #10756 ) ;
#7427 = AXIS2_PLACEMENT_3D ( 'NONE', #681, #10043, #6255 ) ;
#7428 = DIRECTION ( 'NONE',  ( 2.127171113256157501E-15, 1.000000000000000000, -0.000000000000000000 ) ) ;
#7429 = CARTESIAN_POINT ( 'NONE',  ( -26.63101451046069101, -20.32500000000000995, 2.500000000000000000 ) ) ;
#7430 = VERTEX_POINT ( 'NONE', #5994 ) ;
#7431 = VERTEX_POINT ( 'NONE', #8654 ) ;
#7432 = ORIENTED_EDGE ( 'NONE', *, *, #10670, .F. ) ;
#7433 = VECTOR ( 'NONE', #4362, 1000.000000000000000 ) ;
#7434 = CARTESIAN_POINT ( 'NONE',  ( 0.5000000000000004441, 5.000000000000000000, -3.870000000000000107 ) ) ;
#7435 = PLANE ( 'NONE',  #3193 ) ;
#7436 = CARTESIAN_POINT ( 'NONE',  ( -0.3262956696057711103, -17.79295521362713828, 5.000000000000002665 ) ) ;
#7437 = ORIENTED_EDGE ( 'NONE', *, *, #6331, .T. ) ;
#7438 = CARTESIAN_POINT ( 'NONE',  ( 24.00000000000001421, 0.000000000000000000, -25.00000000000006395 ) ) ;
#7439 = CARTESIAN_POINT ( 'NONE',  ( 21.50000000000000000, -14.49566939831962209, 9.000000000000001776 ) ) ;
#7440 = EDGE_LOOP ( 'NONE', ( #1770, #1132, #2728, #3249 ) ) ;
#7441 = DIRECTION ( 'NONE',  ( -0.000000000000000000, -0.000000000000000000, -1.000000000000000000 ) ) ;
#7442 = ORIENTED_EDGE ( 'NONE', *, *, #2378, .T. ) ;
#7443 = VERTEX_POINT ( 'NONE', #4310 ) ;
#7444 = CARTESIAN_POINT ( 'NONE',  ( 25.16401654238957875, 14.24209700771249132, 2.500000000000000000 ) ) ;
#7445 = CARTESIAN_POINT ( 'NONE',  ( -4.278274748009652129, -16.20625942290764243, 4.000000000000000000 ) ) ;
#7446 = VECTOR ( 'NONE', #6662, 1000.000000000000000 ) ;
#7447 = CARTESIAN_POINT ( 'NONE',  ( 20.00000000000007461, 0.000000000000000000, 76.99999999999992895 ) ) ;
#7448 = DIRECTION ( 'NONE',  ( 0.000000000000000000, 0.000000000000000000, -1.000000000000000000 ) ) ;
#7449 = CARTESIAN_POINT ( 'NONE',  ( -4.466858170621735624, -15.64065829892764548, 4.999999999999993783 ) ) ;
#7450 = FACE_OUTER_BOUND ( 'NONE', #9966, .T. ) ;
#7451 = VERTEX_POINT ( 'NONE', #5210 ) ;
#7452 = VERTEX_POINT ( 'NONE', #10635 ) ;
#7453 = EDGE_CURVE ( 'NONE', #1660, #4015, #9562, .T. ) ;
#7454 = CARTESIAN_POINT ( 'NONE',  ( -26.63101451046069101, -20.32500000000000995, 2.500000000000000000 ) ) ;
#7455 = ORIENTED_EDGE ( 'NONE', *, *, #11831, .T. ) ;
#7456 = CARTESIAN_POINT ( 'NONE',  ( -1.740780248397436836, -15.01205832109098104, 4.999999999999999112 ) ) ;
#7457 = ORIENTED_EDGE ( 'NONE', *, *, #3067, .F. ) ;
#7458 = CIRCLE ( 'NONE', #7839, 1.500000000000001332 ) ;
#7459 = LINE ( 'NONE', #6557, #11122 ) ;
#7460 = EDGE_CURVE ( 'NONE', #11782, #10721, #3478, .T. ) ;
#7461 =( LENGTH_UNIT ( ) NAMED_UNIT ( * ) SI_UNIT ( .MILLI., .METRE. ) );
#7462 = DIRECTION ( 'NONE',  ( -0.000000000000000000, -1.000000000000000000, -0.000000000000000000 ) ) ;
#7463 = PLANE ( 'NONE',  #7993 ) ;
#7464 = CARTESIAN_POINT ( 'NONE',  ( -4.282934162643969422, -14.65432544641275214, 4.999999999999996447 ) ) ;
#7465 = ADVANCED_FACE ( 'NONE', ( #3163 ), #7018, .T. ) ;
#7466 = CARTESIAN_POINT ( 'NONE',  ( -0.4008797502170329818, -17.79406859651345485, 4.999999999999999112 ) ) ;
#7467 = AXIS2_PLACEMENT_3D ( 'NONE', #10247, #1813, #5493 ) ;
#7468 = CYLINDRICAL_SURFACE ( 'NONE', #4043, 1.000000000000000000 ) ;
#7469 = ORIENTED_EDGE ( 'NONE', *, *, #462, .T. ) ;
#7470 = DIRECTION ( 'NONE',  ( 1.479945826284383173E-16, -1.000000000000000000, 0.000000000000000000 ) ) ;
#7471 = DIRECTION ( 'NONE',  ( -0.2516338517649505113, 0.000000000000000000, 0.9678225067882719745 ) ) ;
#7472 = ADVANCED_FACE ( 'NONE', ( #5033 ), #10694, .F. ) ;
#7473 = ORIENTED_EDGE ( 'NONE', *, *, #6876, .F. ) ;
#7474 = EDGE_LOOP ( 'NONE', ( #1223, #10219, #8904, #8952 ) ) ;
#7475 = FACE_OUTER_BOUND ( 'NONE', #10148, .T. ) ;
#7476 = EDGE_CURVE ( 'NONE', #6293, #9742, #433, .T. ) ;
#7477 = FACE_OUTER_BOUND ( 'NONE', #3938, .T. ) ;
#7478 = DIRECTION ( 'NONE',  ( 1.000000000000000000, 0.000000000000000000, -3.154042683594193641E-16 ) ) ;
#7479 = CARTESIAN_POINT ( 'NONE',  ( -1.475649145367523118, -14.76872126294798271, 4.000000000000000000 ) ) ;
#7480 = LINE ( 'NONE', #2101, #5676 ) ;
#7481 = ORIENTED_EDGE ( 'NONE', *, *, #3400, .T. ) ;
#7483 = EDGE_CURVE ( 'NONE', #2139, #10555, #10523, .T. ) ;
#7482 = FACE_OUTER_BOUND ( 'NONE', #7046, .T. ) ;
#7484 = DIRECTION ( 'NONE',  ( 1.000000000000000000, 0.000000000000000000, -0.000000000000000000 ) ) ;
#7485 = ORIENTED_EDGE ( 'NONE', *, *, #5413, .F. ) ;
#7486 = ADVANCED_FACE ( 'NONE', ( #6843 ), #4244, .F. ) ;
#7487 = VERTEX_POINT ( 'NONE', #1282 ) ;
#7488 = EDGE_LOOP ( 'NONE', ( #9593, #659, #6090, #9807 ) ) ;
#7489 = CARTESIAN_POINT ( 'NONE',  ( 75.00000000000001421, 5.000000000000000000, -57.99999999999998579 ) ) ;
#7490 = DIRECTION ( 'NONE',  ( 0.000000000000000000, 0.000000000000000000, 1.000000000000000000 ) ) ;
#7491 = DIRECTION ( 'NONE',  ( -1.000000000000000000, 3.454194652434726964E-16, -0.000000000000000000 ) ) ;
#7492 = ORIENTED_EDGE ( 'NONE', *, *, #4744, .F. ) ;
#7493 =( NAMED_UNIT ( * ) SI_UNIT ( $, .STERADIAN. ) SOLID_ANGLE_UNIT ( ) );
#7494 = DIRECTION ( 'NONE',  ( 1.000000000000000000, -0.000000000000000000, 0.000000000000000000 ) ) ;
#7495 = CARTESIAN_POINT ( 'NONE',  ( 24.00000000000001421, 0.000000000000000000, 11.49999999999995737 ) ) ;
#7496 = FACE_OUTER_BOUND ( 'NONE', #1441, .T. ) ;
#7497 = ORIENTED_EDGE ( 'NONE', *, *, #3480, .F. ) ;
#7498 = VERTEX_POINT ( 'NONE', #7077 ) ;
#7499 = CARTESIAN_POINT ( 'NONE',  ( -0.06839335624488418475, -17.17153531876744310, 3.999999999999999112 ) ) ;
#7500 = ADVANCED_FACE ( 'NONE', ( #9675 ), #5093, .F. ) ;
#7501 = CARTESIAN_POINT ( 'NONE',  ( -4.416506410256410220, -16.26437703102686783, 5.000000000000000888 ) ) ;
#7502 = DIRECTION ( 'NONE',  ( -0.000000000000000000, 0.000000000000000000, -1.000000000000000000 ) ) ;
#7503 = APPLICATION_CONTEXT ( 'automotive_design' ) ;
#7504 = DIRECTION ( 'NONE',  ( 0.000000000000000000, 1.000000000000000000, 0.000000000000000000 ) ) ;
#7505 = CARTESIAN_POINT ( 'NONE',  ( -4.559631712782970858, -15.70309979647688969, 4.999999999999993783 ) ) ;
#7506 = PLANE ( 'NONE',  #2901 ) ;
#7507 = ORIENTED_EDGE ( 'NONE', *, *, #906, .F. ) ;
#7508 = VERTEX_POINT ( 'NONE', #7864 ) ;
#7509 = DIRECTION ( 'NONE',  ( 1.000000000000000000, 0.000000000000000000, 0.000000000000000000 ) ) ;
#7510 = ORIENTED_EDGE ( 'NONE', *, *, #2637, .F. ) ;
#7511 = CARTESIAN_POINT ( 'NONE',  ( -1.251885865057675407, -14.63132709191673264, 4.000000000000000888 ) ) ;
#7512 = EDGE_LOOP ( 'NONE', ( #1259, #2674, #11799, #1077, #7597, #915, #71, #8606, #3041, #6306, #10734, #552, #10439, #10286, #11736, #8588, #2313, #475, #7340, #6474, #1680, #1458, #6611, #10195, #5646, #2296, #8266, #302, #10975, #4883, #11071, #8778, #7026 ) ) ;
#7513 = DIRECTION ( 'NONE',  ( 0.000000000000000000, 0.000000000000000000, 1.000000000000000000 ) ) ;
#7514 = CARTESIAN_POINT ( 'NONE',  ( 23.49999999999999645, -17.50000000000000000, 5.000000000000000000 ) ) ;
#7515 = VECTOR ( 'NONE', #4388, 1000.000000000000000 ) ;
#7516 = DIRECTION ( 'NONE',  ( 0.8397897338196443906, -0.5429117819417172974, -0.000000000000000000 ) ) ;
#7517 = DIRECTION ( 'NONE',  ( 0.000000000000000000, 0.000000000000000000, -1.000000000000000000 ) ) ;
#7518 = LINE ( 'NONE', #327, #5811 ) ;
#7519 = CARTESIAN_POINT ( 'NONE',  ( 0.4500339802339450301, -17.54444440201391586, 5.000000000000000888 ) ) ;
#7520 = CARTESIAN_POINT ( 'NONE',  ( -0.4258509072241702942, -15.02810925100230222, 5.000000000000000000 ) ) ;
#7521 = ORIENTED_EDGE ( 'NONE', *, *, #2531, .T. ) ;
#7523 = EDGE_CURVE ( 'NONE', #5000, #859, #489, .T. ) ;
#7522 = DIRECTION ( 'NONE',  ( -0.000000000000000000, 1.000000000000000000, -0.000000000000000000 ) ) ;
#7524 = PLANE ( 'NONE',  #608 ) ;
#7525 = CIRCLE ( 'NONE', #9070, 1.500000000000001332 ) ;
#7526 = ORIENTED_EDGE ( 'NONE', *, *, #909, .F. ) ;
#7527 = VERTEX_POINT ( 'NONE', #8771 ) ;
#7528 = DIRECTION ( 'NONE',  ( 0.000000000000000000, 1.000000000000000000, 0.000000000000000000 ) ) ;
#7529 = CIRCLE ( 'NONE', #6184, 1.500000000000001332 ) ;
#7530 = VECTOR ( 'NONE', #5639, 1000.000000000000114 ) ;
#7531 = CARTESIAN_POINT ( 'NONE',  ( 75.00000000000000000, 24.00000000000000000, -94.00000000000000000 ) ) ;
#7532 = EDGE_CURVE ( 'NONE', #11942, #4564, #9616, .T. ) ;
#7533 = DIRECTION ( 'NONE',  ( -1.000000000000000000, -0.000000000000000000, -0.000000000000000000 ) ) ;
#7534 = PLANE ( 'NONE',  #648 ) ;
#7535 = VERTEX_POINT ( 'NONE', #3220 ) ;
#7536 = VECTOR ( 'NONE', #6088, 1000.000000000000000 ) ;
#7537 = LINE ( 'NONE', #8396, #7773 ) ;
#7538 = DIRECTION ( 'NONE',  ( -0.05028052826558215144, -0.9987351342960424372, -0.000000000000000000 ) ) ;
#7539 = ORIENTED_EDGE ( 'NONE', *, *, #5719, .F. ) ;
#7540 = EDGE_CURVE ( 'NONE', #6632, #9754, #10576, .T. ) ;
#7541 = CIRCLE ( 'NONE', #4846, 1.500000000000004885 ) ;
#7542 = EDGE_LOOP ( 'NONE', ( #3690, #9935, #9058, #10771 ) ) ;
#7543 = ORIENTED_EDGE ( 'NONE', *, *, #11749, .F. ) ;
#7544 = VECTOR ( 'NONE', #7404, 1000.000000000000000 ) ;
#7545 = EDGE_CURVE ( 'NONE', #7413, #118, #11181, .T. ) ;
#7546 = DIRECTION ( 'NONE',  ( 0.000000000000000000, 1.000000000000000000, 0.000000000000000000 ) ) ;
#7547 = EDGE_CURVE ( 'NONE', #1423, #6550, #5512, .T. ) ;
#7549 = AXIS2_PLACEMENT_3D ( 'NONE', #364, #9669, #5089 ) ;
#7548 = DIRECTION ( 'NONE',  ( -0.000000000000000000, -0.000000000000000000, 1.000000000000000000 ) ) ;
#7550 = AXIS2_PLACEMENT_3D ( 'NONE', #8813, #11471, #4052 ) ;
#7551 = CARTESIAN_POINT ( 'NONE',  ( 0.7460685591314266674, -17.27798701181589536, 5.000000000000000888 ) ) ;
#7552 = ORIENTED_EDGE ( 'NONE', *, *, #4538, .F. ) ;
#7553 = CARTESIAN_POINT ( 'NONE',  ( -75.00000000000001421, 22.20568695965746642, -57.99999999999997868 ) ) ;
#7554 = CARTESIAN_POINT ( 'NONE',  ( 3.750000000000000000, 4.000000000000000000, -6.499999999999999112 ) ) ;
#7555 = FILL_AREA_STYLE_COLOUR ( '', #6985 ) ;
#7556 = VERTEX_POINT ( 'NONE', #8947 ) ;
#7557 = AXIS2_PLACEMENT_3D ( 'NONE', #10886, #2617, #9071 ) ;
#7558 = ADVANCED_FACE ( 'NONE', ( #9137 ), #4423, .F. ) ;
#7559 = ORIENTED_EDGE ( 'NONE', *, *, #398, .T. ) ;
#7560 = FACE_BOUND ( 'NONE', #10137, .T. ) ;
#7561 = LINE ( 'NONE', #922, #9076 ) ;
#7562 = CARTESIAN_POINT ( 'NONE',  ( 5.495192307692304823, -15.10809698294995584, 4.000000000000000000 ) ) ;
#7563 = FACE_OUTER_BOUND ( 'NONE', #3632, .T. ) ;
#7564 = CARTESIAN_POINT ( 'NONE',  ( -4.834456291209126455, -15.75577356204661506, 4.999999999999992895 ) ) ;
#7565 = CARTESIAN_POINT ( 'NONE',  ( 0.4840094150641016668, -15.45599862557816095, 4.000000000000000000 ) ) ;
#7566 = EDGE_LOOP ( 'NONE', ( #5156, #4941, #10940, #7681 ) ) ;
#7567 = EDGE_CURVE ( 'NONE', #11875, #1949, #3520, .T. ) ;
#7568 = ORIENTED_EDGE ( 'NONE', *, *, #1348, .T. ) ;
#7569 = CARTESIAN_POINT ( 'NONE',  ( -2.250000000000000444, 4.000000000000000000, -6.499999999999999112 ) ) ;
#7570 = VERTEX_POINT ( 'NONE', #11781 ) ;
#7571 = CARTESIAN_POINT ( 'NONE',  ( -0.4874174720973487029, -14.45705125866131979, 4.999999999999999112 ) ) ;
#7572 = EDGE_CURVE ( 'NONE', #8368, #8177, #4058, .T. ) ;
#7573 = VERTEX_POINT ( 'NONE', #10815 ) ;
#7574 = AXIS2_PLACEMENT_3D ( 'NONE', #2401, #7893, #3308 ) ;
#7575 = CARTESIAN_POINT ( 'NONE',  ( 3.231599351462889125, 5.471600447553132796, 9.000000000000001776 ) ) ;
#7576 = LINE ( 'NONE', #10171, #2068 ) ;
#7577 = DIRECTION ( 'NONE',  ( -0.000000000000000000, -1.000000000000000000, 0.000000000000000000 ) ) ;
#7578 = AXIS2_PLACEMENT_3D ( 'NONE', #3987, #10435, #1994 ) ;
#7579 = FACE_OUTER_BOUND ( 'NONE', #6812, .T. ) ;
#7580 = CARTESIAN_POINT ( 'NONE',  ( -4.042379089280638382, -14.83613371534582548, 3.999999999999999112 ) ) ;
#7581 = CARTESIAN_POINT ( 'NONE',  ( 0.3663248407502748827, -17.59733814628219051, 4.999999999999999112 ) ) ;
#7582 = CARTESIAN_POINT ( 'NONE',  ( -0.4706530448717958781, -15.02668672653969750, 5.000000000000000000 ) ) ;
#7583 = ORIENTED_EDGE ( 'NONE', *, *, #11148, .T. ) ;
#7584 = CARTESIAN_POINT ( 'NONE',  ( -2.250000000000000444, 2.000000000000000000, -6.499999999999999112 ) ) ;
#7585 = DIRECTION ( 'NONE',  ( 0.000000000000000000, 0.000000000000000000, 1.000000000000000000 ) ) ;
#7586 = ORIENTED_EDGE ( 'NONE', *, *, #11806, .F. ) ;
#7587 = EDGE_LOOP ( 'NONE', ( #11666, #5304, #4194, #777 ) ) ;
#7588 = CARTESIAN_POINT ( 'NONE',  ( -1.741012750254187447, -17.23975135664507619, 4.999999999999999112 ) ) ;
#7589 = DIRECTION ( 'NONE',  ( -0.000000000000000000, -0.000000000000000000, -1.000000000000000000 ) ) ;
#7590 = VECTOR ( 'NONE', #3967, 1000.000000000000000 ) ;
#7591 = CARTESIAN_POINT ( 'NONE',  ( -25.33369296624130840, 22.34263864068763539, 9.000000000000001776 ) ) ;
#7592 = DIRECTION ( 'NONE',  ( 0.8924498855307667622, 0.4511465413988246520, 0.000000000000000000 ) ) ;
#7593 = VECTOR ( 'NONE', #1562, 1000.000000000000114 ) ;
#7594 = VERTEX_POINT ( 'NONE', #726 ) ;
#7595 = DIRECTION ( 'NONE',  ( -1.020425574104004985E-16, -0.000000000000000000, -1.000000000000000000 ) ) ;
#7596 = CARTESIAN_POINT ( 'NONE',  ( -11.00000000000000178, 2.000000000000000000, 6.000000000000002665 ) ) ;
#7597 = ORIENTED_EDGE ( 'NONE', *, *, #10177, .F. ) ;
#7598 = AXIS2_PLACEMENT_3D ( 'NONE', #9023, #4504, #10161 ) ;
#7599 = ORIENTED_EDGE ( 'NONE', *, *, #7089, .T. ) ;
#7600 = VERTEX_POINT ( 'NONE', #7202 ) ;
#7601 = CIRCLE ( 'NONE', #275, 1.749999999999998002 ) ;
#7602 = ADVANCED_FACE ( 'NONE', ( #2610, #11845 ), #789, .T. ) ;
#7603 = CARTESIAN_POINT ( 'NONE',  ( -14.99999999999999822, 5.949455682166679971, 5.000000000000000000 ) ) ;
#7604 = ADVANCED_FACE ( 'NONE', ( #7134 ), #914, .T. ) ;
#7605 = CIRCLE ( 'NONE', #2804, 5.000000000000000888 ) ;
#7606 = PLANE ( 'NONE',  #7616 ) ;
#7607 = CARTESIAN_POINT ( 'NONE',  ( -0.2163348755722027672, -17.78286172488484240, 4.000000000000000000 ) ) ;
#7608 = ORIENTED_EDGE ( 'NONE', *, *, #7336, .F. ) ;
#7609 =( NAMED_UNIT ( * ) SI_UNIT ( $, .STERADIAN. ) SOLID_ANGLE_UNIT ( ) );
#7610 = CARTESIAN_POINT ( 'NONE',  ( -40.40000000000002700, -16.20000000000000284, 34.49999999999993605 ) ) ;
#7611 = CARTESIAN_POINT ( 'NONE',  ( 75.00000000000001421, 24.00000000000000355, -64.50000000000000000 ) ) ;
#7612 = CARTESIAN_POINT ( 'NONE',  ( 4.925320512820510643, -15.10809698294995584, 5.000000000000000000 ) ) ;
#7613 = EDGE_LOOP ( 'NONE', ( #5711, #715, #3428, #320 ) ) ;
#7614 = ORIENTED_EDGE ( 'NONE', *, *, #7769, .F. ) ;
#7615 = EDGE_CURVE ( 'NONE', #4670, #1307, #10422, .T. ) ;
#7616 = AXIS2_PLACEMENT_3D ( 'NONE', #2794, #10143, #2003 ) ;
#7617 = DIRECTION ( 'NONE',  ( 0.4558233523543239185, -0.8900702620852276592, 0.000000000000000000 ) ) ;
#7618 = CARTESIAN_POINT ( 'NONE',  ( -0.6624330859149232253, -17.20635806257904221, 4.000000000000000888 ) ) ;
#7619 = CARTESIAN_POINT ( 'NONE',  ( -4.278274748009652129, -16.20625942290764243, 5.000000000000000888 ) ) ;
#7620 = EDGE_CURVE ( 'NONE', #8669, #5322, #2131, .T. ) ;
#7621 = DIRECTION ( 'NONE',  ( -0.000000000000000000, -0.000000000000000000, 1.000000000000000000 ) ) ;
#7622 = CARTESIAN_POINT ( 'NONE',  ( 119.0000000000000284, 31.00000000000000000, -86.50000000000001421 ) ) ;
#7623 = DIRECTION ( 'NONE',  ( -1.000000000000000000, 0.000000000000000000, 0.000000000000000000 ) ) ;
#7624 = CARTESIAN_POINT ( 'NONE',  ( 8.000000000000003553, 0.000000000000000000, 11.00000000000000178 ) ) ;
#7625 = VERTEX_POINT ( 'NONE', #10939 ) ;
#7626 = ORIENTED_EDGE ( 'NONE', *, *, #9982, .F. ) ;
#7627 = FACE_OUTER_BOUND ( 'NONE', #9127, .T. ) ;
#7628 = ORIENTED_EDGE ( 'NONE', *, *, #5174, .F. ) ;
#7629 = DIRECTION ( 'NONE',  ( -0.000000000000000000, -0.000000000000000000, 1.000000000000000000 ) ) ;
#7630 = ORIENTED_EDGE ( 'NONE', *, *, #9672, .T. ) ;
#7631 = ADVANCED_FACE ( 'NONE', ( #3701 ), #8171, .F. ) ;
#7632 = DIRECTION ( 'NONE',  ( 0.000000000000000000, 0.1455885994785731941, -0.9893452176575513457 ) ) ;
#7633 = CARTESIAN_POINT ( 'NONE',  ( -53.49999999999996447, 5.000000000000000000, 102.9999999999999289 ) ) ;
#7634 = DIRECTION ( 'NONE',  ( -1.000000000000000000, 0.000000000000000000, 0.000000000000000000 ) ) ;
#7635 = DIRECTION ( 'NONE',  ( 0.000000000000000000, 1.000000000000000000, 0.000000000000000000 ) ) ;
#7636 = DIRECTION ( 'NONE',  ( 0.000000000000000000, 1.000000000000000000, -0.000000000000000000 ) ) ;
#7637 = ORIENTED_EDGE ( 'NONE', *, *, #11386, .F. ) ;
#7638 = CARTESIAN_POINT ( 'NONE',  ( -0.4477564102564112192, -16.65489185474482525, 4.000000000000000000 ) ) ;
#7639 = LINE ( 'NONE', #6798, #4433 ) ;
#7640 = VECTOR ( 'NONE', #11858, 1000.000000000000114 ) ;
#7641 = ORIENTED_EDGE ( 'NONE', *, *, #4142, .F. ) ;
#7642 = AXIS2_PLACEMENT_3D ( 'NONE', #1671, #10116, #1858 ) ;
#7643 = DIRECTION ( 'NONE',  ( -1.000000000000000000, 0.000000000000000000, 0.000000000000000000 ) ) ;
#7644 = FACE_OUTER_BOUND ( 'NONE', #8920, .T. ) ;
#7645 = AXIS2_PLACEMENT_3D ( 'NONE', #5043, #7751, #5828 ) ;
#7646 = VERTEX_POINT ( 'NONE', #3584 ) ;
#7647 = AXIS2_PLACEMENT_3D ( 'NONE', #7288, #696, #11692 ) ;
#7648 = ADVANCED_FACE ( 'NONE', ( #9916 ), #7383, .T. ) ;
#7649 = VERTEX_POINT ( 'NONE', #2672 ) ;
#7650 = PLANE ( 'NONE',  #10410 ) ;
#7651 = VECTOR ( 'NONE', #4586, 1000.000000000000000 ) ;
#7652 = DIRECTION ( 'NONE',  ( 0.000000000000000000, 1.000000000000000000, 0.000000000000000000 ) ) ;
#7653 = PRODUCT_DEFINITION_SHAPE ( 'NONE', 'NONE',  #6587 ) ;
#7654 = CARTESIAN_POINT ( 'NONE',  ( 140.0000000000000853, 22.50000000000000000, -100.0000000000000000 ) ) ;
#7655 = ORIENTED_EDGE ( 'NONE', *, *, #7540, .F. ) ;
#7656 = DIRECTION ( 'NONE',  ( -1.000000000000000000, -0.000000000000000000, -0.000000000000000000 ) ) ;
#7657 = FACE_BOUND ( 'NONE', #74, .T. ) ;
#7658 = ORIENTED_EDGE ( 'NONE', *, *, #376, .T. ) ;
#7659 = VERTEX_POINT ( 'NONE', #7320 ) ;
#7660 = ORIENTED_EDGE ( 'NONE', *, *, #6087, .F. ) ;
#7661 = DIRECTION ( 'NONE',  ( -0.000000000000000000, -0.000000000000000000, -1.000000000000000000 ) ) ;
#7662 = CARTESIAN_POINT ( 'NONE',  ( -1.119743358536410049, -17.67505503352701979, 4.000000000000000000 ) ) ;
#7663 = CARTESIAN_POINT ( 'NONE',  ( 0.2784182938776462723, -17.64369639226885411, 4.000000000000002665 ) ) ;
#7664 = VERTEX_POINT ( 'NONE', #10030 ) ;
#7665 = FACE_OUTER_BOUND ( 'NONE', #1228, .T. ) ;
#7666 = DIRECTION ( 'NONE',  ( 1.000000000000000000, 0.000000000000000000, -3.154042683594193641E-16 ) ) ;
#7667 = EDGE_LOOP ( 'NONE', ( #2441, #1968, #2384, #4834 ) ) ;
#7668 = EDGE_CURVE ( 'NONE', #5260, #273, #1767, .T. ) ;
#7669 = ORIENTED_EDGE ( 'NONE', *, *, #5941, .F. ) ;
#7670 = CARTESIAN_POINT ( 'NONE',  ( -4.620576031928705696, -15.14330935764022890, 3.999999999999999112 ) ) ;
#7671 = EDGE_CURVE ( 'NONE', #7451, #8279, #8043, .T. ) ;
#7672 = CARTESIAN_POINT ( 'NONE',  ( -1.584886816495615136, -16.22271571005266466, 3.999999999999999112 ) ) ;
#7673 = ADVANCED_FACE ( 'NONE', ( #3642 ), #10996, .F. ) ;
#7674 = CARTESIAN_POINT ( 'NONE',  ( 15.86005420924689524, 7.456272356324764594, 0.000000000000000000 ) ) ;
#7675 = CARTESIAN_POINT ( 'NONE',  ( -0.2064802702917326593, -15.05100548843820896, 3.999999999999998224 ) ) ;
#7676 = FACE_BOUND ( 'NONE', #5961, .T. ) ;
#7677 = ADVANCED_FACE ( 'NONE', ( #9854 ), #1581, .T. ) ;
#7678 = DIRECTION ( 'NONE',  ( 0.000000000000000000, 0.000000000000000000, 1.000000000000000000 ) ) ;
#7679 = CARTESIAN_POINT ( 'NONE',  ( -0.4706530448717958781, -15.02668672653969750, 4.000000000000000000 ) ) ;
#7680 = ORIENTED_EDGE ( 'NONE', *, *, #1061, .T. ) ;
#7681 = ORIENTED_EDGE ( 'NONE', *, *, #4533, .F. ) ;
#7682 = LINE ( 'NONE', #8657, #184 ) ;
#7683 = EDGE_LOOP ( 'NONE', ( #5446, #7176 ) ) ;
#7684 = FACE_OUTER_BOUND ( 'NONE', #1822, .T. ) ;
#7685 = EDGE_LOOP ( 'NONE', ( #749, #9072, #833, #5309 ) ) ;
#7686 = ADVANCED_FACE ( 'NONE', ( #4664 ), #1890, .F. ) ;
#7687 = EDGE_CURVE ( 'NONE', #5677, #6930, #11233, .T. ) ;
#7688 = CARTESIAN_POINT ( 'NONE',  ( 0.4840094150641016668, -15.45599862557816095, 4.000000000000000000 ) ) ;
#7689 = CARTESIAN_POINT ( 'NONE',  ( 1.550000000000004263, 5.000000000000000000, -100.5000000000000000 ) ) ;
#7690 = EDGE_CURVE ( 'NONE', #5794, #1996, #7120, .T. ) ;
#7691 = DIRECTION ( 'NONE',  ( 0.000000000000000000, 0.000000000000000000, 1.000000000000000000 ) ) ;
#7692 = VECTOR ( 'NONE', #3150, 1000.000000000000000 ) ;
#7693 = FACE_OUTER_BOUND ( 'NONE', #4747, .T. ) ;
#7694 = CARTESIAN_POINT ( 'NONE',  ( 24.00000000000002842, 5.000000000000004441, 44.99999999999992895 ) ) ;
#7695 = ADVANCED_FACE ( 'NONE', ( #70 ), #4727, .T. ) ;
#7696 = ORIENTED_EDGE ( 'NONE', *, *, #4121, .T. ) ;
#7697 = CARTESIAN_POINT ( 'NONE',  ( 24.00000000000002842, -89.44271909999159220, 44.99999999999992895 ) ) ;
#7698 = CARTESIAN_POINT ( 'NONE',  ( 75.00000000000000000, 45.00000000000000000, -102.0000000000000142 ) ) ;
#7699 = VERTEX_POINT ( 'NONE', #8408 ) ;
#7700 = CARTESIAN_POINT ( 'NONE',  ( -4.416506410256410220, -16.26437703102686783, 5.000000000000000000 ) ) ;
#7701 = CARTESIAN_POINT ( 'NONE',  ( 27.75000000000000355, -13.49999999999999467, 9.000000000000001776 ) ) ;
#7702 = ADVANCED_FACE ( 'NONE', ( #10383 ), #6537, .T. ) ;
#7703 = EDGE_LOOP ( 'NONE', ( #290, #2999, #1710, #7838, #217, #2096, #3838, #5316, #5200, #987 ) ) ;
#7704 = CIRCLE ( 'NONE', #10597, 1.499999999999987566 ) ;
#7705 = ORIENTED_EDGE ( 'NONE', *, *, #2476, .T. ) ;
#7706 = PLANE ( 'NONE',  #4830 ) ;
#7707 = EDGE_CURVE ( 'NONE', #27, #2425, #1144, .T. ) ;
#7708 = CARTESIAN_POINT ( 'NONE',  ( -5.999999999999997335, -8.208545504429656248, 6.000000000000000888 ) ) ;
#7709 = CARTESIAN_POINT ( 'NONE',  ( 81.00000000000001421, 37.42339375865881834, -86.25000000000001421 ) ) ;
#7710 = ORIENTED_EDGE ( 'NONE', *, *, #11581, .F. ) ;
#7711 = VECTOR ( 'NONE', #6057, 1000.000000000000000 ) ;
#7712 = CARTESIAN_POINT ( 'NONE',  ( 22.26058151680846819, 15.72900601150596600, 0.000000000000000000 ) ) ;
#7713 = LINE ( 'NONE', #3136, #8922 ) ;
#7714 = ORIENTED_EDGE ( 'NONE', *, *, #2237, .F. ) ;
#7715 = EDGE_CURVE ( 'NONE', #9352, #3833, #3822, .T. ) ;
#7716 = ORIENTED_EDGE ( 'NONE', *, *, #8459, .T. ) ;
#7717 = VECTOR ( 'NONE', #6539, 1000.000000000000000 ) ;
#7718 = ORIENTED_EDGE ( 'NONE', *, *, #7969, .T. ) ;
#7719 = VECTOR ( 'NONE', #6008, 1000.000000000000000 ) ;
#7720 = DIRECTION ( 'NONE',  ( -0.5085404518589190515, 0.8610380995189043096, 0.000000000000000000 ) ) ;
#7721 = CARTESIAN_POINT ( 'NONE',  ( -24.83598345761040704, 20.75790299228751223, 2.500000000000000000 ) ) ;
#7722 = CARTESIAN_POINT ( 'NONE',  ( -0.6784272671684983269, -17.78257353060750035, 3.999999999999999112 ) ) ;
#7723 = LINE ( 'NONE', #2348, #6061 ) ;
#7724 = VERTEX_POINT ( 'NONE', #4844 ) ;
#7725 = AXIS2_PLACEMENT_3D ( 'NONE', #11767, #1879, #8220 ) ;
#7726 = DIRECTION ( 'NONE',  ( 1.000000000000000222, -2.053158500404229181E-16, 1.221245327087672194E-15 ) ) ;
#7727 = LINE ( 'NONE', #6939, #2106 ) ;
#7728 = CARTESIAN_POINT ( 'NONE',  ( -81.00000000000001421, 37.42339375865881124, -73.75000000000000000 ) ) ;
#7729 = AXIS2_PLACEMENT_3D ( 'NONE', #7740, #11420, #8770 ) ;
#7730 = CARTESIAN_POINT ( 'NONE',  ( -75.00000000000001421, 10.57660624134118521, -87.75000000000000000 ) ) ;
#7731 = ORIENTED_EDGE ( 'NONE', *, *, #4612, .T. ) ;
#7732 = ORIENTED_EDGE ( 'NONE', *, *, #3439, .F. ) ;
#7733 = DIRECTION ( 'NONE',  ( -0.8397897338196435024, -0.5429117819417187407, 0.000000000000000000 ) ) ;
#7734 = CARTESIAN_POINT ( 'NONE',  ( -1.542582277911255240, -16.43954842584754061, 4.000000000000002665 ) ) ;
#7735 = VECTOR ( 'NONE', #4187, 1000.000000000000000 ) ;
#7736 = CARTESIAN_POINT ( 'NONE',  ( 1.550000000000009592, 0.000000000000000000, -103.0000000000000426 ) ) ;
#7737 = CARTESIAN_POINT ( 'NONE',  ( -1.568922083063973627, -15.89239129758119873, 4.999999999999999112 ) ) ;
#7738 = DIRECTION ( 'NONE',  ( 1.000000000000000000, 0.000000000000000000, 0.000000000000000000 ) ) ;
#7739 = AXIS2_PLACEMENT_3D ( 'NONE', #1243, #1306, #7141 ) ;
#7740 = CARTESIAN_POINT ( 'NONE',  ( -45.60000000000000142, -16.20000000000000284, -7.500000000000069278 ) ) ;
#7742 = VECTOR ( 'NONE', #3499, 1000.000000000000000 ) ;
#7741 = DIRECTION ( 'NONE',  ( 0.000000000000000000, 0.000000000000000000, -1.000000000000000000 ) ) ;
#7743 = ORIENTED_EDGE ( 'NONE', *, *, #9988, .F. ) ;
#7744 = ORIENTED_EDGE ( 'NONE', *, *, #9078, .T. ) ;
#7745 = CARTESIAN_POINT ( 'NONE',  ( 20.32178339562597458, 18.81176316890941536, 9.000000000000001776 ) ) ;
#7746 = EDGE_LOOP ( 'NONE', ( #8201, #6183 ) ) ;
#7747 = DIRECTION ( 'NONE',  ( 0.000000000000000000, 0.000000000000000000, -1.000000000000000000 ) ) ;
#7748 = ORIENTED_EDGE ( 'NONE', *, *, #1634, .T. ) ;
#7749 = CIRCLE ( 'NONE', #1197, 1.249999999999999334 ) ;
#7750 = AXIS2_PLACEMENT_3D ( 'NONE', #6575, #5784, #8446 ) ;
#7751 = DIRECTION ( 'NONE',  ( -0.000000000000000000, -1.000000000000000000, 0.000000000000000000 ) ) ;
#7752 = B_SPLINE_SURFACE_WITH_KNOTS ( 'NONE', 3, 1, ( 
 ( #6050, #4360 ),
 ( #425, #9728 ),
 ( #3213, #10687 ),
 ( #4299, #1390 ),
 ( #2417, #4236 ),
 ( #8036, #6112 ),
 ( #1329, #11715 ),
 ( #9784, #8702 ),
 ( #7798, #3449 ),
 ( #482, #6894 ),
 ( #11533, #8877 ),
 ( #4183, #602 ),
 ( #5984, #11479 ),
 ( #9665, #7070 ),
 ( #5087, #8765 ),
 ( #10568, #2298 ),
 ( #3264, #1450 ),
 ( #5142, #7975 ),
 ( #8820, #11659 ),
 ( #3386, #10588 ),
 ( #2437, #6970 ),
 ( #2562, #8897 ),
 ( #622, #4324 ),
 ( #5108, #7935 ),
 ( #5287, #9748 ),
 ( #6257, #6135 ),
 ( #5162, #7817 ) ),
 .UNSPECIFIED., .F., .F., .F.,
 ( 4, 1, 1, 1, 1, 1, 1, 1, 1, 1, 1, 1, 1, 1, 1, 1, 1, 1, 1, 1, 1, 1, 1, 1, 4 ),
 ( 2, 2 ),
 ( 0.000000000000000000, 0.04517287879862715710, 0.08954611918494215228, 0.1328127639003588711, 0.1751020071688613178, 0.2170301830540125598, 0.2583804467431636276, 0.2995763167954480499, 0.3407076851203932888, 0.3815382952685203999, 0.4219415929715217839, 0.4621152714130995487, 0.5024333950072059629, 0.5427515186013123216, 0.5834072057629401398, 0.6246627348097930632, 0.6667924017057109687, 0.7089883561164973536, 0.7506859261210357959, 0.7920551107057923756, 0.8332027837492655964, 0.8744393397510762389, 0.9158733303825465910, 0.9576559381140666849, 1.000000000000000000 ),
 ( 0.000000000000000000, 1.000000000000000000 ),
 .UNSPECIFIED. ) ;
#7753 = ADVANCED_FACE ( 'NONE', ( #967 ), #4000, .T. ) ;
#7754 = PLANE ( 'NONE',  #7145 ) ;
#7755 = EDGE_CURVE ( 'NONE', #7451, #10514, #8583, .T. ) ;
#7756 = LINE ( 'NONE', #6134, #5307 ) ;
#7757 = CARTESIAN_POINT ( 'NONE',  ( 15.86005420924689524, 7.456272356324764594, 5.000000000000000000 ) ) ;
#7758 = DIRECTION ( 'NONE',  ( 0.000000000000000000, 0.000000000000000000, 1.000000000000000000 ) ) ;
#7759 = ADVANCED_FACE ( 'NONE', ( #3939 ), #10326, .F. ) ;
#7760 = ORIENTED_EDGE ( 'NONE', *, *, #6085, .T. ) ;
#7761 = CARTESIAN_POINT ( 'NONE',  ( -45.49999999999997868, -5.000000000000000000, 94.99999999999992895 ) ) ;
#7762 = CARTESIAN_POINT ( 'NONE',  ( 3.948397435897434526, -14.53822518807815989, 5.000000000000000000 ) ) ;
#7763 = VERTEX_POINT ( 'NONE', #3023 ) ;
#7764 = CIRCLE ( 'NONE', #9511, 4.257139434613116613 ) ;
#7766 = VECTOR ( 'NONE', #7661, 1000.000000000000000 ) ;
#7765 = DIRECTION ( 'NONE',  ( 0.000000000000000000, 0.000000000000000000, 1.000000000000000000 ) ) ;
#7767 = DIRECTION ( 'NONE',  ( 0.000000000000000000, -1.000000000000000000, 0.000000000000000000 ) ) ;
#7768 = EDGE_LOOP ( 'NONE', ( #5709, #2705, #8044, #772 ) ) ;
#7769 = EDGE_CURVE ( 'NONE', #7271, #701, #2691, .T. ) ;
#7770 = EDGE_LOOP ( 'NONE', ( #10450, #886, #6739, #5788 ) ) ;
#7771 = EDGE_CURVE ( 'NONE', #8522, #4863, #6593, .T. ) ;
#7772 = FACE_OUTER_BOUND ( 'NONE', #885, .T. ) ;
#7773 = VECTOR ( 'NONE', #2169, 1000.000000000000000 ) ;
#7774 = VECTOR ( 'NONE', #9712, 1000.000000000000000 ) ;
#7775 = DIRECTION ( 'NONE',  ( 0.000000000000000000, -0.000000000000000000, -1.000000000000000000 ) ) ;
#7776 = EDGE_CURVE ( 'NONE', #8700, #3514, #1089, .T. ) ;
#7777 = CARTESIAN_POINT ( 'NONE',  ( 119.0000000000000284, 37.42339375865881124, -72.25000000000000000 ) ) ;
#7778 = VERTEX_POINT ( 'NONE', #10147 ) ;
#7779 = DIRECTION ( 'NONE',  ( 0.000000000000000000, 0.000000000000000000, 1.000000000000000000 ) ) ;
#7780 = CARTESIAN_POINT ( 'NONE',  ( 75.00000000000001421, 45.00000000000000000, -57.99999999999998579 ) ) ;
#7781 = ORIENTED_EDGE ( 'NONE', *, *, #8576, .T. ) ;
#7782 = VECTOR ( 'NONE', #9346, 1000.000000000000000 ) ;
#7783 = VERTEX_POINT ( 'NONE', #7553 ) ;
#7784 = ORIENTED_EDGE ( 'NONE', *, *, #7416, .F. ) ;
#7785 = ADVANCED_FACE ( 'NONE', ( #4785 ), #2063, .F. ) ;
#7786 = AXIS2_PLACEMENT_3D ( 'NONE', #2114, #11167, #2060 ) ;
#7787 = CARTESIAN_POINT ( 'NONE',  ( -73.00000000000001421, 0.000000000000000000, -105.0000000000000142 ) ) ;
#7788 = CARTESIAN_POINT ( 'NONE',  ( -0.8793447650014651895, -17.14494028521496816, 3.999999999999998224 ) ) ;
#7789 = CYLINDRICAL_SURFACE ( 'NONE', #3756, 1.500000000000001332 ) ;
#7790 = ORIENTED_EDGE ( 'NONE', *, *, #3878, .T. ) ;
#7791 = SHAPE_REPRESENTATION_RELATIONSHIP ( 'NONE' , 'NONE' ,  #6007, #3043 ) ;
#7792 = DIRECTION ( 'NONE',  ( -1.000000000000000000, 0.000000000000000000, 0.000000000000000000 ) ) ;
#7793 = FACE_OUTER_BOUND ( 'NONE', #10002, .T. ) ;
#7794 = DIRECTION ( 'NONE',  ( -0.000000000000000000, -0.000000000000000000, -1.000000000000000000 ) ) ;
#7795 = ORIENTED_EDGE ( 'NONE', *, *, #4971, .T. ) ;
#7796 = ORIENTED_EDGE ( 'NONE', *, *, #2668, .F. ) ;
#7797 = VECTOR ( 'NONE', #11696, 1000.000000000000000 ) ;
#7798 = CARTESIAN_POINT ( 'NONE',  ( -1.221573760966716993, -17.63094184391998454, 4.000000000000000888 ) ) ;
#7799 = CIRCLE ( 'NONE', #10110, 1.000000000000000888 ) ;
#7800 = CARTESIAN_POINT ( 'NONE',  ( -1.400214113048630971, -16.73089921575636296, 4.000000000000000888 ) ) ;
#7801 = LINE ( 'NONE', #8823, #11395 ) ;
#7802 = CARTESIAN_POINT ( 'NONE',  ( 0.04211720701543106293, -15.13220637524109335, 4.000000000000000888 ) ) ;
#7803 = CARTESIAN_POINT ( 'NONE',  ( 23.36898548953931609, -14.67500000000000782, 0.000000000000000000 ) ) ;
#7804 = DIRECTION ( 'NONE',  ( 1.000000000000000000, 0.000000000000000000, 0.000000000000000000 ) ) ;
#7805 = CARTESIAN_POINT ( 'NONE',  ( 140.0000000000000853, 22.50000000000000000, -100.0000000000000000 ) ) ;
#7806 = ORIENTED_EDGE ( 'NONE', *, *, #8239, .F. ) ;
#7807 = ORIENTED_EDGE ( 'NONE', *, *, #2152, .T. ) ;
#7808 = DIRECTION ( 'NONE',  ( 0.000000000000000000, 0.000000000000000000, -1.000000000000000000 ) ) ;
#7809 = ORIENTED_EDGE ( 'NONE', *, *, #8608, .T. ) ;
#7810 = CIRCLE ( 'NONE', #10893, 1.749999999999998002 ) ;
#7811 = CARTESIAN_POINT ( 'NONE',  ( -5.016271033653846523, -15.10809698294994519, 4.000000000000000000 ) ) ;
#7812 = ORIENTED_EDGE ( 'NONE', *, *, #9448, .T. ) ;
#7813 = DIRECTION ( 'NONE',  ( 0.000000000000000000, 0.000000000000000000, 1.000000000000000000 ) ) ;
#7814 = CARTESIAN_POINT ( 'NONE',  ( -22.72792206135785875, -13.50000000000000355, 5.000000000000000000 ) ) ;
#7815 = AXIS2_PLACEMENT_3D ( 'NONE', #9483, #3081, #11402 ) ;
#7816 = CARTESIAN_POINT ( 'NONE',  ( 15.99999999999998579, 0.000000000000000000, 49.99999999999993605 ) ) ;
#7817 = CARTESIAN_POINT ( 'NONE',  ( -2.157371794871795867, -16.10982474737303249, 4.999999999999992895 ) ) ;
#7818 = CARTESIAN_POINT ( 'NONE',  ( -0.6978361426892959463, -15.04450368638769397, 4.000000000000001776 ) ) ;
#7819 = CARTESIAN_POINT ( 'NONE',  ( -79.46402151864764107, 23.97501852879570450, -99.94893961880681843 ) ) ;
#7820 = ORIENTED_EDGE ( 'NONE', *, *, #3395, .F. ) ;
#7821 = LINE ( 'NONE', #6732, #3875 ) ;
#7822 = CARTESIAN_POINT ( 'NONE',  ( 40.40000000000001990, 5.000000000000000000, -7.500000000000069278 ) ) ;
#7823 = ORIENTED_EDGE ( 'NONE', *, *, #3434, .T. ) ;
#7824 = CARTESIAN_POINT ( 'NONE',  ( -4.950121727997546905, -15.10860986254749960, 5.000000000000000000 ) ) ;
#7825 = CARTESIAN_POINT ( 'NONE',  ( -16.74999999999999645, 5.949455682166679971, 5.000000000000000000 ) ) ;
#7826 = ADVANCED_FACE ( 'NONE', ( #7665 ), #2798, .T. ) ;
#7827 = DIRECTION ( 'NONE',  ( 1.000000000000000000, 0.000000000000000000, 0.000000000000000000 ) ) ;
#7828 = CARTESIAN_POINT ( 'NONE',  ( -24.99999999999999645, -17.50000000000000000, 2.500000000000000000 ) ) ;
#7829 = EDGE_CURVE ( 'NONE', #1288, #11645, #1331, .T. ) ;
#7830 = AXIS2_PLACEMENT_3D ( 'NONE', #2749, #5464, #979 ) ;
#7831 = CARTESIAN_POINT ( 'NONE',  ( -75.00000000000001421, 31.00000000000000000, -73.50000000000000000 ) ) ;
#7832 = LINE ( 'NONE', #3304, #3954 ) ;
#7834 = VERTEX_POINT ( 'NONE', #418 ) ;
#7833 = EDGE_CURVE ( 'NONE', #520, #6893, #7903, .T. ) ;
#7835 = CARTESIAN_POINT ( 'NONE',  ( -4.866102240875034290, -14.54340779600977385, 4.999999999999999112 ) ) ;
#7836 = AXIS2_PLACEMENT_3D ( 'NONE', #1482, #11451, #10723 ) ;
#7837 = CYLINDRICAL_SURFACE ( 'NONE', #1019, 1.999999999999994893 ) ;
#7838 = ORIENTED_EDGE ( 'NONE', *, *, #10707, .T. ) ;
#7839 = AXIS2_PLACEMENT_3D ( 'NONE', #2421, #11718, #8769 ) ;
#7840 = ORIENTED_EDGE ( 'NONE', *, *, #1751, .T. ) ;
#7841 = EDGE_CURVE ( 'NONE', #10671, #3087, #1443, .T. ) ;
#7842 = FACE_OUTER_BOUND ( 'NONE', #5191, .T. ) ;
#7843 = DIRECTION ( 'NONE',  ( -0.8900702620852276592, -0.4558233523543239185, 0.000000000000000000 ) ) ;
#7844 = LINE ( 'NONE', #2347, #10452 ) ;
#7845 = ADVANCED_FACE ( 'NONE', ( #10681 ), #9722, .F. ) ;
#7846 = CARTESIAN_POINT ( 'NONE',  ( -10.99999999999999289, 2.000000000000000000, -11.99999999999999822 ) ) ;
#7847 = ORIENTED_EDGE ( 'NONE', *, *, #11163, .T. ) ;
#7848 =( NAMED_UNIT ( * ) PLANE_ANGLE_UNIT ( ) SI_UNIT ( $, .RADIAN. ) );
#7849 = CARTESIAN_POINT ( 'NONE',  ( 75.00000000000000000, 45.00000000000000000, -86.50000000000001421 ) ) ;
#7850 = ADVANCED_FACE ( 'NONE', ( #11527 ), #2241, .F. ) ;
#7851 = PLANE ( 'NONE',  #9273 ) ;
#7852 = CIRCLE ( 'NONE', #10935, 3.000000000000002665 ) ;
#7853 = DIRECTION ( 'NONE',  ( -0.000000000000000000, -0.000000000000000000, -1.000000000000000000 ) ) ;
#7854 = ORIENTED_EDGE ( 'NONE', *, *, #9353, .F. ) ;
#7855 = B_SPLINE_SURFACE_WITH_KNOTS ( 'NONE', 3, 1, ( 
 ( #680, #11730 ),
 ( #10826, #7996 ),
 ( #737, #6254 ),
 ( #10042, #10766 ),
 ( #1777, #8244 ),
 ( #10890, #11914 ),
 ( #7331, #4321 ),
 ( #11856, #6187 ),
 ( #4435, #1592 ),
 ( #2490, #11676 ),
 ( #1713, #4379 ) ),
 .UNSPECIFIED., .F., .F., .F.,
 ( 4, 1, 1, 1, 1, 1, 1, 1, 4 ),
 ( 2, 2 ),
 ( 0.000000000000000000, 0.1292556063253775256, 0.2552415007642953593, 0.3789022272349721332, 0.5014238390024330361, 0.6232587093681617452, 0.7464370825446896562, 0.8713701220624815447, 1.000000000000000000 ),
 ( 0.000000000000000000, 1.000000000000000000 ),
 .UNSPECIFIED. ) ;
#7856 = VERTEX_POINT ( 'NONE', #9602 ) ;
#7857 = DIRECTION ( 'NONE',  ( -0.000000000000000000, -0.000000000000000000, -1.000000000000000000 ) ) ;
#7858 = CARTESIAN_POINT ( 'NONE',  ( -0.6624330859149232253, -17.20635806257904221, 5.000000000000000888 ) ) ;
#7859 = CARTESIAN_POINT ( 'NONE',  ( 75.00000000000002842, 5.000000000000000888, 9.999999999999911182 ) ) ;
#7860 = CARTESIAN_POINT ( 'NONE',  ( -1.587500000000001021, -16.10918872974482596, 4.000000000000000000 ) ) ;
#7861 = DIRECTION ( 'NONE',  ( -0.000000000000000000, -0.000000000000000000, -1.000000000000000000 ) ) ;
#7862 = EDGE_CURVE ( 'NONE', #8600, #421, #8814, .T. ) ;
#7863 = LINE ( 'NONE', #1398, #6198 ) ;
#7864 = CARTESIAN_POINT ( 'NONE',  ( -74.99999999999995737, 5.000000000000000888, -57.99999999999997868 ) ) ;
#7865 = EDGE_LOOP ( 'NONE', ( #4473, #11714 ) ) ;
#7866 = ORIENTED_EDGE ( 'NONE', *, *, #6525, .T. ) ;
#7867 = CARTESIAN_POINT ( 'NONE',  ( 23.36898548953931609, -14.67500000000000782, 2.500000000000000000 ) ) ;
#7868 = ORIENTED_EDGE ( 'NONE', *, *, #1705, .T. ) ;
#7869 = CARTESIAN_POINT ( 'NONE',  ( -22.09656497441888234, 18.98690900379348534, 2.500000000000000000 ) ) ;
#7870 = EDGE_LOOP ( 'NONE', ( #10342, #1741, #8305, #6304 ) ) ;
#7871 = EDGE_CURVE ( 'NONE', #11470, #1300, #4292, .T. ) ;
#7872 = DIRECTION ( 'NONE',  ( -0.000000000000000000, -0.000000000000000000, -1.000000000000000000 ) ) ;
#7873 = DIRECTION ( 'NONE',  ( -0.000000000000000000, 0.000000000000000000, 1.000000000000000000 ) ) ;
#7874 = DIRECTION ( 'NONE',  ( -0.000000000000000000, -0.000000000000000000, -1.000000000000000000 ) ) ;
#7875 = DIRECTION ( 'NONE',  ( -0.000000000000000000, 0.000000000000000000, 1.000000000000000000 ) ) ;
#7876 = CARTESIAN_POINT ( 'NONE',  ( -9.299999999999998934, 0.000000000000000000, -8.049999999999998934 ) ) ;
#7877 = CARTESIAN_POINT ( 'NONE',  ( -81.00000000000001421, 31.00000000000000000, -80.00000000000000000 ) ) ;
#7878 = EDGE_CURVE ( 'NONE', #7649, #2219, #1324, .T. ) ;
#7879 = EDGE_LOOP ( 'NONE', ( #2290, #4354 ) ) ;
#7880 = DIRECTION ( 'NONE',  ( -0.000000000000000000, 0.000000000000000000, 1.000000000000000000 ) ) ;
#7881 = CARTESIAN_POINT ( 'NONE',  ( -26.63101451046069101, -20.32500000000000995, 0.000000000000000000 ) ) ;
#7882 = VERTEX_POINT ( 'NONE', #4229 ) ;
#7883 = LINE ( 'NONE', #6801, #637 ) ;
#7884 = EDGE_LOOP ( 'NONE', ( #600, #2856, #2172, #9325 ) ) ;
#7885 =( NAMED_UNIT ( * ) PLANE_ANGLE_UNIT ( ) SI_UNIT ( $, .RADIAN. ) );
#7886 = VECTOR ( 'NONE', #7494, 1000.000000000000000 ) ;
#7887 = LINE ( 'NONE', #5242, #3885 ) ;
#7888 = EDGE_CURVE ( 'NONE', #10735, #7508, #3084, .T. ) ;
#7889 = CIRCLE ( 'NONE', #1727, 0.9999999999999991118 ) ;
#7890 = DIRECTION ( 'NONE',  ( 1.000000000000000000, 0.000000000000000000, 0.000000000000000000 ) ) ;
#7891 = ORIENTED_EDGE ( 'NONE', *, *, #11820, .T. ) ;
#7892 = CARTESIAN_POINT ( 'NONE',  ( -5.999999999999997335, -6.208545504429656248, 10.00000000000000000 ) ) ;
#7893 = DIRECTION ( 'NONE',  ( 0.7071067811865517916, 0.000000000000000000, 0.7071067811865432429 ) ) ;
#7894 = VECTOR ( 'NONE', #10416, 1000.000000000000000 ) ;
#7895 = ORIENTED_EDGE ( 'NONE', *, *, #10208, .F. ) ;
#7896 = ORIENTED_EDGE ( 'NONE', *, *, #760, .F. ) ;
#7897 = DIRECTION ( 'NONE',  ( -0.000000000000000000, -1.000000000000000000, -0.000000000000000000 ) ) ;
#7898 = CARTESIAN_POINT ( 'NONE',  ( 1.127581603246356590, -16.42831549469708818, 4.000000000000001776 ) ) ;
#7899 = CARTESIAN_POINT ( 'NONE',  ( -53.49999999999996447, 5.000000000000000000, 104.9999999999999289 ) ) ;
#7900 = CARTESIAN_POINT ( 'NONE',  ( 4.215830209411790279E-15, -5.000000000000000000, -100.5000000000000000 ) ) ;
#7901 = ORIENTED_EDGE ( 'NONE', *, *, #5925, .T. ) ;
#7902 =( LENGTH_UNIT ( ) NAMED_UNIT ( * ) SI_UNIT ( .MILLI., .METRE. ) );
#7903 = LINE ( 'NONE', #6827, #175 ) ;
#7904 = ADVANCED_FACE ( 'NONE', ( #353 ), #5017, .T. ) ;
#7905 = DIRECTION ( 'NONE',  ( -1.000000000000000000, 0.000000000000000000, 0.000000000000000000 ) ) ;
#7906 = DIRECTION ( 'NONE',  ( 0.000000000000000000, 1.000000000000000000, 0.000000000000000000 ) ) ;
#7907 = ORIENTED_EDGE ( 'NONE', *, *, #10933, .T. ) ;
#7908 = VECTOR ( 'NONE', #1417, 1000.000000000000000 ) ;
#7909 = ORIENTED_EDGE ( 'NONE', *, *, #2655, .F. ) ;
#7910 = AXIS2_PLACEMENT_3D ( 'NONE', #1901, #6318, #7279 ) ;
#7911 = DIRECTION ( 'NONE',  ( -1.000000000000000000, -0.000000000000000000, -0.000000000000000000 ) ) ;
#7912 = ADVANCED_FACE ( 'NONE', ( #2412, #6104, #6887, #6762, #8695, #4053, #10510, #9778 ), #10447, .F. ) ;
#7913 = CARTESIAN_POINT ( 'NONE',  ( 24.00000000000001421, -89.44271909999159220, 9.999999999999953815 ) ) ;
#7914 = EDGE_CURVE ( 'NONE', #3617, #6550, #7727, .T. ) ;
#7915 = LINE ( 'NONE', #7674, #3117 ) ;
#7916 = AXIS2_PLACEMENT_3D ( 'NONE', #11473, #8031, #3444 ) ;
#7917 = CARTESIAN_POINT ( 'NONE',  ( 0.3828798071373376577, -15.35474784654162583, 4.000000000000000000 ) ) ;
#7918 = VECTOR ( 'NONE', #8407, 1000.000000000000000 ) ;
#7919 = CARTESIAN_POINT ( 'NONE',  ( 3.948397435897434526, -14.53822518807815989, 5.000000000000000000 ) ) ;
#7920 = CARTESIAN_POINT ( 'NONE',  ( -4.396153846153846523, -15.43246597333456194, 4.000000000000000888 ) ) ;
#7921 = CARTESIAN_POINT ( 'NONE',  ( -23.36898548953929833, -20.32500000000001705, 2.500000000000000000 ) ) ;
#7922 = VERTEX_POINT ( 'NONE', #2292 ) ;
#7923 = ADVANCED_FACE ( 'NONE', ( #2351 ), #1383, .F. ) ;
#7924 = VERTEX_POINT ( 'NONE', #5137 ) ;
#7925 = DIRECTION ( 'NONE',  ( 0.000000000000000000, 0.000000000000000000, 1.000000000000000000 ) ) ;
#7926 = VERTEX_POINT ( 'NONE', #1628 ) ;
#7927 = CIRCLE ( 'NONE', #10231, 1.257139434613111950 ) ;
#7928 = CARTESIAN_POINT ( 'NONE',  ( -4.779786821521716078, -15.11577088418681392, 4.999999999999998224 ) ) ;
#7929 = VERTEX_POINT ( 'NONE', #9343 ) ;
#7930 = FACE_BOUND ( 'NONE', #9110, .T. ) ;
#7931 = DIRECTION ( 'NONE',  ( 1.000000000000000000, 0.000000000000000000, -0.000000000000000000 ) ) ;
#7932 = VECTOR ( 'NONE', #7156, 1000.000000000000000 ) ;
#7933 = EDGE_CURVE ( 'NONE', #11909, #11756, #5437, .T. ) ;
#7934 = DIRECTION ( 'NONE',  ( -0.000000000000000000, -0.000000000000000000, -1.000000000000000000 ) ) ;
#7935 = CARTESIAN_POINT ( 'NONE',  ( -2.144737928400898053, -16.33547002649874713, 4.999999999999991118 ) ) ;
#7936 = CARTESIAN_POINT ( 'NONE',  ( -1.342709132345139666, -15.42094958386488024, 4.000000000000000000 ) ) ;
#7937 = LINE ( 'NONE', #10653, #11774 ) ;
#7938 = VERTEX_POINT ( 'NONE', #10017 ) ;
#7939 = CARTESIAN_POINT ( 'NONE',  ( -2.101372368549947023, -15.65932615770141645, 4.000000000000000000 ) ) ;
#7940 = CARTESIAN_POINT ( 'NONE',  ( -81.00000000000001421, 24.00000000000000000, -95.50000000000000000 ) ) ;
#7941 = VERTEX_POINT ( 'NONE', #8219 ) ;
#7942 = CARTESIAN_POINT ( 'NONE',  ( -4.578263971826562972, -15.15955317017008497, 5.000000000000000888 ) ) ;
#7943 = CIRCLE ( 'NONE', #467, 1.000000000000000000 ) ;
#7944 = VECTOR ( 'NONE', #6690, 1000.000000000000000 ) ;
#7945 = LINE ( 'NONE', #10841, #4391 ) ;
#7946 = ORIENTED_EDGE ( 'NONE', *, *, #2620, .T. ) ;
#7947 = DIRECTION ( 'NONE',  ( -0.000000000000000000, -0.000000000000000000, -1.000000000000000000 ) ) ;
#7948 = VECTOR ( 'NONE', #11490, 1000.000000000000000 ) ;
#7949 = CARTESIAN_POINT ( 'NONE',  ( 79.11689526124925465, 22.86965555254185745, -60.00256449193075525 ) ) ;
#7950 = CARTESIAN_POINT ( 'NONE',  ( -64.99999999999995737, -5.000000000000000000, -55.99999999999997868 ) ) ;
#7951 = PRODUCT_DEFINITION_SHAPE ( 'NONE', 'NONE',  #519 ) ;
#7952 = DIRECTION ( 'NONE',  ( 0.000000000000000000, -0.000000000000000000, -1.000000000000000000 ) ) ;
#7953 = ORIENTED_EDGE ( 'NONE', *, *, #7175, .F. ) ;
#7954 = CARTESIAN_POINT ( 'NONE',  ( -4.178253569168950854, -14.71551028023093188, 5.000000000000000888 ) ) ;
#7955 = DIRECTION ( 'NONE',  ( -0.000000000000000000, -1.000000000000000000, -0.000000000000000000 ) ) ;
#7956 = VERTEX_POINT ( 'NONE', #8156 ) ;
#7957 = AXIS2_PLACEMENT_3D ( 'NONE', #826, #942, #11876 ) ;
#7958 = AXIS2_PLACEMENT_3D ( 'NONE', #1691, #1568, #7306 ) ;
#7959 = ORIENTED_EDGE ( 'NONE', *, *, #11100, .T. ) ;
#7960 = VECTOR ( 'NONE', #4046, 1000.000000000000000 ) ;
#7961 = ORIENTED_EDGE ( 'NONE', *, *, #2773, .F. ) ;
#7962 = VECTOR ( 'NONE', #3214, 1000.000000000000000 ) ;
#7963 = CARTESIAN_POINT ( 'NONE',  ( -4.601928236847449227, -15.71775222769595715, 4.000000000000000888 ) ) ;
#7964 = PLANE ( 'NONE',  #601 ) ;
#7965 = DIRECTION ( 'NONE',  ( 0.000000000000000000, 0.000000000000000000, 1.000000000000000000 ) ) ;
#7966 = DIRECTION ( 'NONE',  ( -0.000000000000000000, -0.000000000000000000, 1.000000000000000000 ) ) ;
#7967 = VERTEX_POINT ( 'NONE', #2530 ) ;
#7968 = VECTOR ( 'NONE', #11266, 1000.000000000000000 ) ;
#7969 = EDGE_CURVE ( 'NONE', #7243, #9138, #10781, .T. ) ;
#7970 = CARTESIAN_POINT ( 'NONE',  ( -11.00000000000000178, 2.000000000000000000, 6.000000000000002665 ) ) ;
#7971 = DIRECTION ( 'NONE',  ( -1.479945826284383173E-16, 1.000000000000000000, 0.000000000000000000 ) ) ;
#7972 = CARTESIAN_POINT ( 'NONE',  ( -55.49999999999997158, 5.000000000000000000, 102.9999999999999289 ) ) ;
#7973 = EDGE_LOOP ( 'NONE', ( #4332, #3657, #3211, #10302 ) ) ;
#7974 = ORIENTED_EDGE ( 'NONE', *, *, #8064, .T. ) ;
#7975 = CARTESIAN_POINT ( 'NONE',  ( -1.933388383669314869, -16.96777936960660682, 4.999999999999993783 ) ) ;
#7976 = EDGE_CURVE ( 'NONE', #11836, #4639, #4474, .T. ) ;
#7977 = CARTESIAN_POINT ( 'NONE',  ( -24.88156655863841848, 12.78449647227708397, 9.000000000000001776 ) ) ;
#7978 = DIRECTION ( 'NONE',  ( -0.000000000000000000, -0.000000000000000000, -1.000000000000000000 ) ) ;
#7979 = CARTESIAN_POINT ( 'NONE',  ( -4.278274748009652129, -16.20625942290764243, 5.000000000000000000 ) ) ;
#7980 = CARTESIAN_POINT ( 'NONE',  ( 24.99999999999999645, 17.50000000000000000, 2.500000000000000000 ) ) ;
#7981 = VERTEX_POINT ( 'NONE', #840 ) ;
#7982 = AXIS2_PLACEMENT_3D ( 'NONE', #6328, #5474, #8194 ) ;
#7983 = CARTESIAN_POINT ( 'NONE',  ( -25.99999999999999645, 5.000000000000004441, -25.00000000000006395 ) ) ;
#7984 = CARTESIAN_POINT ( 'NONE',  ( -5.999999999999997335, -6.208545504429656248, 10.00000000000000000 ) ) ;
#7985 = VERTEX_POINT ( 'NONE', #5318 ) ;
#7986 = ORIENTED_EDGE ( 'NONE', *, *, #5770, .T. ) ;
#7987 = VECTOR ( 'NONE', #7890, 1000.000000000000000 ) ;
#7988 = CARTESIAN_POINT ( 'NONE',  ( 3.750000000000000000, 2.000000000000000000, -6.499999999999999112 ) ) ;
#7989 = ORIENTED_EDGE ( 'NONE', *, *, #1274, .T. ) ;
#7990 = ADVANCED_FACE ( 'NONE', ( #8934 ), #656, .F. ) ;
#7991 = DIRECTION ( 'NONE',  ( -0.000000000000000000, -0.000000000000000000, 1.000000000000000000 ) ) ;
#7992 = ORIENTED_EDGE ( 'NONE', *, *, #7969, .F. ) ;
#7993 = AXIS2_PLACEMENT_3D ( 'NONE', #3053, #9398, #10354 ) ;
#7994 = LINE ( 'NONE', #7213, #4234 ) ;
#7995 = EDGE_CURVE ( 'NONE', #1695, #4900, #1564, .T. ) ;
#7996 = CARTESIAN_POINT ( 'NONE',  ( -2.156246695998924157, -16.05802770467386154, 5.000000000000000000 ) ) ;
#7997 = CARTESIAN_POINT ( 'NONE',  ( -75.00000000000001421, 7.000000000000026645, -57.99999999999997868 ) ) ;
#7998 = DIRECTION ( 'NONE',  ( -0.000000000000000000, -0.000000000000000000, 1.000000000000000000 ) ) ;
#7999 = AXIS2_PLACEMENT_3D ( 'NONE', #7332, #6315, #10102 ) ;
#8000 = CARTESIAN_POINT ( 'NONE',  ( -0.4706530448717958781, -15.02668672653969750, 4.000000000000000000 ) ) ;
#8001 = CARTESIAN_POINT ( 'NONE',  ( -81.00000000000001421, 0.000000000000000000, -62.00000000000002132 ) ) ;
#8002 = VERTEX_POINT ( 'NONE', #6564 ) ;
#8003 = CARTESIAN_POINT ( 'NONE',  ( -2.157371794871795867, -16.10982474737303249, 4.000000000000000000 ) ) ;
#8004 = CARTESIAN_POINT ( 'NONE',  ( 0.4300287121940193358, -16.72557555394894280, 3.999999999999999112 ) ) ;
#8005 = ORIENTED_EDGE ( 'NONE', *, *, #9353, .T. ) ;
#8006 = CARTESIAN_POINT ( 'NONE',  ( -1.740780248397436836, -15.01205832109098104, 5.000000000000000000 ) ) ;
#8007 = EDGE_CURVE ( 'NONE', #5854, #1996, #9903, .T. ) ;
#8008 = ORIENTED_EDGE ( 'NONE', *, *, #5354, .T. ) ;
#8009 = DIRECTION ( 'NONE',  ( 0.000000000000000000, 0.000000000000000000, 1.000000000000000000 ) ) ;
#8010 = VECTOR ( 'NONE', #6172, 1000.000000000000000 ) ;
#8011 = CARTESIAN_POINT ( 'NONE',  ( 0.4721864381732719385, -14.68175389858883761, 4.999999999999998224 ) ) ;
#8012 =( LENGTH_UNIT ( ) NAMED_UNIT ( * ) SI_UNIT ( .MILLI., .METRE. ) );
#8013 = LINE ( 'NONE', #1611, #5892 ) ;
#8014 = DIRECTION ( 'NONE',  ( 0.000000000000000000, 0.000000000000000000, 1.000000000000000000 ) ) ;
#8015 = DIRECTION ( 'NONE',  ( 0.000000000000000000, 0.000000000000000000, 1.000000000000000000 ) ) ;
#8016 = ORIENTED_EDGE ( 'NONE', *, *, #11163, .F. ) ;
#8017 = CARTESIAN_POINT ( 'NONE',  ( 80.65940925575260678, 28.36589116862714377, -99.12420148796080355 ) ) ;
#8018 = CARTESIAN_POINT ( 'NONE',  ( -17.99999999999997513, 5.000000000000004441, -30.00000000000006750 ) ) ;
#8019 = EDGE_CURVE ( 'NONE', #3764, #491, #4355, .T. ) ;
#8020 = ORIENTED_EDGE ( 'NONE', *, *, #5434, .F. ) ;
#8021 = EDGE_LOOP ( 'NONE', ( #3101, #7784, #10462, #10121, #6097 ) ) ;
#8022 = EDGE_CURVE ( 'NONE', #4623, #11422, #3443, .T. ) ;
#8023 = VECTOR ( 'NONE', #11009, 1000.000000000000114 ) ;
#8024 = ORIENTED_EDGE ( 'NONE', *, *, #1885, .F. ) ;
#8025 = CARTESIAN_POINT ( 'NONE',  ( -4.396153846153846523, -15.43246597333456194, 4.000000000000000888 ) ) ;
#8026 = LINE ( 'NONE', #11825, #34 ) ;
#8027 = CARTESIAN_POINT ( 'NONE',  ( -30.26207079035955516, 16.96115051869449175, 9.000000000000001776 ) ) ;
#8028 = CARTESIAN_POINT ( 'NONE',  ( -0.3526704194765992728, -14.45838921454071446, 5.000000000000000888 ) ) ;
#8029 = ORIENTED_EDGE ( 'NONE', *, *, #3753, .T. ) ;
#8030 = DIRECTION ( 'NONE',  ( 1.000000000000000000, 0.000000000000000000, 0.000000000000000000 ) ) ;
#8031 = DIRECTION ( 'NONE',  ( -1.000000000000000000, 0.000000000000000000, 0.000000000000000000 ) ) ;
#8032 = CARTESIAN_POINT ( 'NONE',  ( -4.396153846153846523, -15.43246597333456194, 5.000000000000000888 ) ) ;
#8033 = CIRCLE ( 'NONE', #4377, 1.500000000000001332 ) ;
#8034 = ORIENTED_EDGE ( 'NONE', *, *, #8381, .F. ) ;
#8035 = ORIENTED_EDGE ( 'NONE', *, *, #6294, .F. ) ;
#8036 = CARTESIAN_POINT ( 'NONE',  ( -0.9056215674326211218, -17.74168337376050530, 4.000000000000000888 ) ) ;
#8037 = CIRCLE ( 'NONE', #7645, 1.999999999999994893 ) ;
#8038 = DIRECTION ( 'NONE',  ( 0.000000000000000000, 0.000000000000000000, -1.000000000000000000 ) ) ;
#8039 = DIRECTION ( 'NONE',  ( -0.000000000000000000, -0.000000000000000000, -1.000000000000000000 ) ) ;
#8040 = AXIS2_PLACEMENT_3D ( 'NONE', #1745, #11151, #8213 ) ;
#8041 = PLANE ( 'NONE',  #5915 ) ;
#8042 = CARTESIAN_POINT ( 'NONE',  ( -5.210256410256410398, -17.71322518807814816, 4.000000000000000000 ) ) ;
#8043 = LINE ( 'NONE', #11905, #3684 ) ;
#8044 = ORIENTED_EDGE ( 'NONE', *, *, #4369, .F. ) ;
#8045 = EDGE_CURVE ( 'NONE', #1949, #6688, #2657, .T. ) ;
#8046 = VERTEX_POINT ( 'NONE', #7186 ) ;
#8047 = DIRECTION ( 'NONE',  ( -0.000000000000000000, -1.000000000000000000, -0.000000000000000000 ) ) ;
#8048 = VERTEX_POINT ( 'NONE', #11891 ) ;
#8049 = FACE_OUTER_BOUND ( 'NONE', #4005, .T. ) ;
#8050 = ADVANCED_FACE ( 'NONE', ( #9836 ), #7468, .T. ) ;
#8051 = CARTESIAN_POINT ( 'NONE',  ( 81.00000000000001421, 24.00000000000000355, -64.50000000000000000 ) ) ;
#8052 = EDGE_LOOP ( 'NONE', ( #4526, #5851, #91, #7307 ) ) ;
#8053 = EDGE_CURVE ( 'NONE', #11289, #8686, #6554, .T. ) ;
#8054 = CARTESIAN_POINT ( 'NONE',  ( -23.36898548953931609, -14.67500000000000782, 2.500000000000000000 ) ) ;
#8055 = PLANE ( 'NONE',  #10420 ) ;
#8056 = CARTESIAN_POINT ( 'NONE',  ( 27.90343502558110700, 16.01309099620652532, 2.500000000000000000 ) ) ;
#8057 = DIRECTION ( 'NONE',  ( -2.040851148208009970E-16, 0.000000000000000000, -1.000000000000000000 ) ) ;
#8058 = DIRECTION ( 'NONE',  ( -1.000000000000000000, -0.000000000000000000, -0.000000000000000000 ) ) ;
#8059 = CARTESIAN_POINT ( 'NONE',  ( 0.04201984716301995770, -14.51428896185825224, 5.000000000000000000 ) ) ;
#8060 = ORIENTED_EDGE ( 'NONE', *, *, #11827, .T. ) ;
#8061 = CARTESIAN_POINT ( 'NONE',  ( -0.5519781544576651822, -14.45751834862439011, 5.000000000000000888 ) ) ;
#8062 = CARTESIAN_POINT ( 'NONE',  ( 7.000000000000003553, -9.208545504429656248, 6.000000000000000888 ) ) ;
#8063 = VERTEX_POINT ( 'NONE', #8995 ) ;
#8064 = EDGE_CURVE ( 'NONE', #8541, #172, #716, .T. ) ;
#8065 = LINE ( 'NONE', #3542, #5283 ) ;
#8066 = ORIENTED_EDGE ( 'NONE', *, *, #5668, .F. ) ;
#8067 = CARTESIAN_POINT ( 'NONE',  ( 119.0000000000000284, 10.57660624134118521, -86.25000000000001421 ) ) ;
#8068 = CARTESIAN_POINT ( 'NONE',  ( -8.999999999999994671, 0.000000000000000000, 8.000000000000008882 ) ) ;
#8069 = EDGE_CURVE ( 'NONE', #5601, #9542, #10016, .T. ) ;
#8070 = DIRECTION ( 'NONE',  ( -0.000000000000000000, 0.000000000000000000, 1.000000000000000000 ) ) ;
#8071 = EDGE_CURVE ( 'NONE', #1315, #9223, #5663, .T. ) ;
#8072 = CARTESIAN_POINT ( 'NONE',  ( -1.503550947891522771, -17.46191191127223163, 4.000000000000001776 ) ) ;
#8073 = DIRECTION ( 'NONE',  ( 0.000000000000000000, 1.000000000000000000, -0.000000000000000000 ) ) ;
#8074 = DIRECTION ( 'NONE',  ( 0.000000000000000000, 0.000000000000000000, -1.000000000000000000 ) ) ;
#8075 = ORIENTED_EDGE ( 'NONE', *, *, #2704, .T. ) ;
#8076 = DIRECTION ( 'NONE',  ( 1.000000000000000000, 0.000000000000000000, 0.000000000000000000 ) ) ;
#8077 = EDGE_CURVE ( 'NONE', #7941, #182, #5375, .T. ) ;
#8078 = CARTESIAN_POINT ( 'NONE',  ( 119.0000000000000284, 24.00000000000000000, -97.00000000000000000 ) ) ;
#8079 = ORIENTED_EDGE ( 'NONE', *, *, #510, .T. ) ;
#8080 = VERTEX_POINT ( 'NONE', #3381 ) ;
#8081 = EDGE_CURVE ( 'NONE', #10188, #2950, #7064, .T. ) ;
#8082 = ORIENTED_EDGE ( 'NONE', *, *, #8343, .T. ) ;
#8083 = DIRECTION ( 'NONE',  ( -0.000000000000000000, -1.000000000000000000, -0.000000000000000000 ) ) ;
#8084 = CARTESIAN_POINT ( 'NONE',  ( 0.6222935443772469322, -14.77931125610864171, 4.000000000000000888 ) ) ;
#8085 = DIRECTION ( 'NONE',  ( -0.8610380995189038655, 0.5085404518589196066, 0.000000000000000000 ) ) ;
#8086 = EDGE_CURVE ( 'NONE', #8948, #647, #9577, .T. ) ;
#8087 = CARTESIAN_POINT ( 'NONE',  ( 6.065064102564100779, -14.53822518807815989, 5.000000000000000000 ) ) ;
#8088 = VERTEX_POINT ( 'NONE', #6680 ) ;
#8089 = AXIS2_PLACEMENT_3D ( 'NONE', #3206, #3257, #11585 ) ;
#8090 = CARTESIAN_POINT ( 'NONE',  ( -5.999999999999997335, -6.208545504429656248, 6.000000000000000888 ) ) ;
#8091 = DIRECTION ( 'NONE',  ( 1.000000000000000000, 0.000000000000000000, 0.000000000000000000 ) ) ;
#8092 = EDGE_CURVE ( 'NONE', #9485, #7418, #10278, .T. ) ;
#8093 = CARTESIAN_POINT ( 'NONE',  ( 24.00000000000002842, 5.000000000000004441, 46.49999999999992895 ) ) ;
#8094 = ORIENTED_EDGE ( 'NONE', *, *, #4304, .T. ) ;
#8095 = VERTEX_POINT ( 'NONE', #10539 ) ;
#8096 = VERTEX_POINT ( 'NONE', #11264 ) ;
#8097 = AXIS2_PLACEMENT_3D ( 'NONE', #11559, #10835, #1600 ) ;
#8098 = DIRECTION ( 'NONE',  ( -0.000000000000000000, -0.000000000000000000, -1.000000000000000000 ) ) ;
#8099 = LINE ( 'NONE', #11776, #8402 ) ;
#8100 = FACE_OUTER_BOUND ( 'NONE', #2134, .T. ) ;
#8101 = CARTESIAN_POINT ( 'NONE',  ( -4.178253569168950854, -14.71551028023093188, 4.000000000000000888 ) ) ;
#8102 = DIRECTION ( 'NONE',  ( 0.000000000000000000, 0.000000000000000000, 1.000000000000000000 ) ) ;
#8103 = ORIENTED_EDGE ( 'NONE', *, *, #5977, .F. ) ;
#8104 = EDGE_LOOP ( 'NONE', ( #2202, #6669, #1032, #763, #434, #5647, #6964, #10070, #1633, #6891, #11890, #5119, #5443, #2449, #7992, #10238, #3261, #9440, #10134, #10672 ) ) ;
#8105 = DIRECTION ( 'NONE',  ( 0.000000000000000000, 1.000000000000000000, -0.000000000000000000 ) ) ;
#8106 = VERTEX_POINT ( 'NONE', #8553 ) ;
#8107 = CIRCLE ( 'NONE', #1149, 1.500000000000004885 ) ;
#8108 = CYLINDRICAL_SURFACE ( 'NONE', #11021, 1.500000000000001332 ) ;
#8109 = FACE_BOUND ( 'NONE', #7768, .T. ) ;
#8110 = ORIENTED_EDGE ( 'NONE', *, *, #10138, .F. ) ;
#8111 = AXIS2_PLACEMENT_3D ( 'NONE', #3909, #11087, #1861 ) ;
#8112 = CARTESIAN_POINT ( 'NONE',  ( -80.40742945180706158, 27.26977500397562437, -60.57347637790997652 ) ) ;
#8113 = VECTOR ( 'NONE', #6909, 1000.000000000000000 ) ;
#8114 = CARTESIAN_POINT ( 'NONE',  ( 20.32178339562597458, 18.81176316890941536, 5.000000000000000000 ) ) ;
#8115 = CYLINDRICAL_SURFACE ( 'NONE', #3568, 1.549999999999995826 ) ;
#8116 = LINE ( 'NONE', #4615, #8023 ) ;
#8117 = LINE ( 'NONE', #7278, #3362 ) ;
#8119 = CIRCLE ( 'NONE', #5238, 1.000000000000000888 ) ;
#8118 = CARTESIAN_POINT ( 'NONE',  ( -0.3526704194765992728, -14.45838921454071446, 5.000000000000000888 ) ) ;
#8120 = ORIENTED_EDGE ( 'NONE', *, *, #5219, .F. ) ;
#8121 = CARTESIAN_POINT ( 'NONE',  ( -0.8314319303410037110, -14.49112657528359982, 4.999999999999999112 ) ) ;
#8122 = CARTESIAN_POINT ( 'NONE',  ( -3.845458413855898705, -15.65526029447563516, 4.000000000000000888 ) ) ;
#8123 = ORIENTED_EDGE ( 'NONE', *, *, #9540, .F. ) ;
#8124 = CARTESIAN_POINT ( 'NONE',  ( -75.00000000000001421, 7.000000000000026645, -102.0000000000000142 ) ) ;
#8125 = CIRCLE ( 'NONE', #397, 1.500000000000001332 ) ;
#8126 = ORIENTED_EDGE ( 'NONE', *, *, #3869, .F. ) ;
#8127 = CARTESIAN_POINT ( 'NONE',  ( -27.90343502558110700, 16.01309099620652532, 0.000000000000000000 ) ) ;
#8128 = ADVANCED_FACE ( 'NONE', ( #5957 ), #2090, .F. ) ;
#8129 = VECTOR ( 'NONE', #10796, 1000.000000000000000 ) ;
#8130 = DIRECTION ( 'NONE',  ( -0.000000000000000000, 1.000000000000000000, -0.000000000000000000 ) ) ;
#8131 = EDGE_CURVE ( 'NONE', #4330, #10721, #7639, .T. ) ;
#8132 = FACE_OUTER_BOUND ( 'NONE', #1556, .T. ) ;
#8133 = EDGE_CURVE ( 'NONE', #10433, #4359, #3179, .T. ) ;
#8134 = AXIS2_PLACEMENT_3D ( 'NONE', #6353, #7129, #10025 ) ;
#8135 = DIRECTION ( 'NONE',  ( 0.000000000000000000, 0.000000000000000000, -1.000000000000000000 ) ) ;
#8136 = CARTESIAN_POINT ( 'NONE',  ( -4.229231431474234526, -14.68320588092989887, 4.999999999999995559 ) ) ;
#8137 = CARTESIAN_POINT ( 'NONE',  ( -20.99999999999998934, 5.000000000000004441, 46.99999999999990052 ) ) ;
#8138 = ORIENTED_EDGE ( 'NONE', *, *, #10696, .F. ) ;
#8139 = AXIS2_PLACEMENT_3D ( 'NONE', #10152, #9979, #1839 ) ;
#8140 = VECTOR ( 'NONE', #10490, 1000.000000000000000 ) ;
#8141 = CARTESIAN_POINT ( 'NONE',  ( 24.00000000000001421, 5.000000000000004441, -23.50000000000006040 ) ) ;
#8142 = LINE ( 'NONE', #7054, #10827 ) ;
#8143 = EDGE_CURVE ( 'NONE', #7508, #3180, #8671, .T. ) ;
#8144 = EDGE_CURVE ( 'NONE', #4018, #11843, #6627, .T. ) ;
#8145 = ORIENTED_EDGE ( 'NONE', *, *, #10431, .F. ) ;
#8146 = ORIENTED_EDGE ( 'NONE', *, *, #3207, .F. ) ;
#8148 = ORIENTED_EDGE ( 'NONE', *, *, #4829, .F. ) ;
#8147 = AXIS2_PLACEMENT_3D ( 'NONE', #478, #7066, #11588 ) ;
#8149 = CIRCLE ( 'NONE', #1377, 1.366822574594681150 ) ;
#8150 = ADVANCED_FACE ( 'NONE', ( #5772, #9633 ), #1116, .T. ) ;
#8151 = CARTESIAN_POINT ( 'NONE',  ( -7.999999999999986677, -6.208545504429656248, 5.000000000000000000 ) ) ;
#8152 = CARTESIAN_POINT ( 'NONE',  ( 0.7703133336098925144, -14.90025846607622917, 4.000000000000000000 ) ) ;
#8153 = CARTESIAN_POINT ( 'NONE',  ( -0.9203667246047769757, -14.50979851823894151, 4.000000000000001776 ) ) ;
#8154 = DIRECTION ( 'NONE',  ( 0.000000000000000000, 0.000000000000000000, 1.000000000000000000 ) ) ;
#8155 = ORIENTED_EDGE ( 'NONE', *, *, #3646, .F. ) ;
#8156 = CARTESIAN_POINT ( 'NONE',  ( 8.000000000000001776, -6.208545504429656248, 10.00000000000000000 ) ) ;
#8157 = CARTESIAN_POINT ( 'NONE',  ( 1.709615384615383205, -17.71322518807815882, 5.000000000000000000 ) ) ;
#8158 = CARTESIAN_POINT ( 'NONE',  ( -4.523840512970987326, -15.68489062534015410, 4.999999999999999112 ) ) ;
#8159 = ORIENTED_EDGE ( 'NONE', *, *, #10704, .F. ) ;
#8160 = VECTOR ( 'NONE', #6229, 1000.000000000000114 ) ;
#8161 = VECTOR ( 'NONE', #9955, 1000.000000000000000 ) ;
#8162 = EDGE_CURVE ( 'NONE', #2051, #5912, #2270, .T. ) ;
#8163 = ORIENTED_EDGE ( 'NONE', *, *, #6951, .F. ) ;
#8164 = ORIENTED_EDGE ( 'NONE', *, *, #6307, .T. ) ;
#8165 = DIRECTION ( 'NONE',  ( -0.000000000000000000, 1.000000000000000000, -0.000000000000000000 ) ) ;
#8166 = VECTOR ( 'NONE', #3505, 1000.000000000000227 ) ;
#8167 = CARTESIAN_POINT ( 'NONE',  ( -4.215675540487057837, -16.17204377113343838, 5.000000000000000888 ) ) ;
#8168 = CARTESIAN_POINT ( 'NONE',  ( 2.279487179487178050, -16.32925082910379899, 4.000000000000000000 ) ) ;
#8169 = ORIENTED_EDGE ( 'NONE', *, *, #4701, .T. ) ;
#8170 = DIRECTION ( 'NONE',  ( 0.000000000000000000, 0.000000000000000000, 1.000000000000000000 ) ) ;
#8171 = PLANE ( 'NONE',  #2717 ) ;
#8172 = ORIENTED_EDGE ( 'NONE', *, *, #10875, .F. ) ;
#8173 = ORIENTED_EDGE ( 'NONE', *, *, #9038, .F. ) ;
#8174 = FACE_OUTER_BOUND ( 'NONE', #1530, .T. ) ;
#8175 = ORIENTED_EDGE ( 'NONE', *, *, #1605, .F. ) ;
#8176 = LINE ( 'NONE', #4609, #992 ) ;
#8177 = VERTEX_POINT ( 'NONE', #4940 ) ;
#8178 = EDGE_CURVE ( 'NONE', #3883, #9922, #272, .T. ) ;
#8179 = LINE ( 'NONE', #10039, #8470 ) ;
#8180 = DIRECTION ( 'NONE',  ( 1.000000000000000000, 0.000000000000000000, -3.154042683594193641E-16 ) ) ;
#8181 = DIRECTION ( 'NONE',  ( -1.000000000000000000, -0.000000000000000000, -0.000000000000000000 ) ) ;
#8182 = CARTESIAN_POINT ( 'NONE',  ( 0.9152293669871784942, -15.04322318487303178, 5.000000000000000000 ) ) ;
#8183 = CARTESIAN_POINT ( 'NONE',  ( -27.74999999999998224, -21.50000000000000000, 9.000000000000001776 ) ) ;
#8184 = CARTESIAN_POINT ( 'NONE',  ( -75.00000000000001421, 7.000000000000026645, -57.99999999999997868 ) ) ;
#8185 = ORIENTED_EDGE ( 'NONE', *, *, #9624, .T. ) ;
#8186 = CARTESIAN_POINT ( 'NONE',  ( -5.999999999999997335, -5.208545504429655360, 10.00000000000000000 ) ) ;
#8187 = DIRECTION ( 'NONE',  ( -0.000000000000000000, -0.000000000000000000, -1.000000000000000000 ) ) ;
#8188 = VERTEX_POINT ( 'NONE', #3058 ) ;
#8189 = AXIS2_PLACEMENT_3D ( 'NONE', #5048, #5952, #9629 ) ;
#8190 = DIRECTION ( 'NONE',  ( -0.000000000000000000, -0.000000000000000000, -1.000000000000000000 ) ) ;
#8191 = ORIENTED_EDGE ( 'NONE', *, *, #3646, .T. ) ;
#8192 = PLANE ( 'NONE',  #9203 ) ;
#8193 = VECTOR ( 'NONE', #5177, 1000.000000000000000 ) ;
#8194 = DIRECTION ( 'NONE',  ( 0.000000000000000000, 0.000000000000000000, 1.000000000000000000 ) ) ;
#8195 = EDGE_CURVE ( 'NONE', #8048, #8987, #387, .T. ) ;
#8196 = CARTESIAN_POINT ( 'NONE',  ( -20.46074529610706705, 18.30322271705048820, 9.000000000000001776 ) ) ;
#8197 = CIRCLE ( 'NONE', #3768, 1.549999999999995826 ) ;
#8198 = LINE ( 'NONE', #10118, #2227 ) ;
#8199 = DIRECTION ( 'NONE',  ( -0.000000000000000000, -1.000000000000000000, -0.000000000000000000 ) ) ;
#8200 = CARTESIAN_POINT ( 'NONE',  ( -27.74999999999998934, -13.50000000000000178, 0.000000000000000000 ) ) ;
#8201 = ORIENTED_EDGE ( 'NONE', *, *, #1620, .T. ) ;
#8202 = B_SPLINE_CURVE_WITH_KNOTS ( 'NONE', 3,
 ( #3844, #4700, #9400, #11141, #209, #1115, #4812, #5720, #11027, #9278, #10174, #100, #8435, #2037, #9219, #11263, #7519, #7581, #10120, #9342, #999, #6679, #1062, #11201, #2770, #7466, #940 ),
 .UNSPECIFIED., .F., .F.,
 ( 4, 1, 1, 1, 1, 1, 1, 1, 1, 1, 1, 1, 1, 1, 1, 1, 1, 1, 1, 1, 1, 1, 1, 1, 4 ),
 ( 0.000000000000000000, 0.04195372266421871360, 0.08383257525769682861, 0.1253224468957348514, 0.1668154700621970465, 0.2084751830704548725, 0.2506434167191428641, 0.2930936687606691682, 0.3364423456538537804, 0.3795937467411215627, 0.4216564160417499707, 0.4629884048755588677, 0.5037180680597168614, 0.5438632444771041019, 0.5836082316923879576, 0.6231429243126040962, 0.6630127359613448013, 0.7029317129670360487, 0.7428875242888828279, 0.7836516854457782344, 0.8248505851518200815, 0.8669256875343537283, 0.9100657235186396798, 0.9542124608440872846, 0.9999999999999998890 ),
 .UNSPECIFIED. ) ;
#8204 = EDGE_CURVE ( 'NONE', #3276, #9167, #2154, .T. ) ;
#8203 = FACE_OUTER_BOUND ( 'NONE', #10896, .T. ) ;
#8205 = CARTESIAN_POINT ( 'NONE',  ( 0.000000000000000000, 0.000000000000000000, 9.000000000000001776 ) ) ;
#8206 = CIRCLE ( 'NONE', #5506, 1.500000000000001332 ) ;
#8207 = EDGE_CURVE ( 'NONE', #1893, #4298, #3910, .T. ) ;
#8208 = EDGE_LOOP ( 'NONE', ( #8833, #11456, #3627, #4220 ) ) ;
#8209 = ORIENTED_EDGE ( 'NONE', *, *, #10334, .T. ) ;
#8210 = EDGE_CURVE ( 'NONE', #1103, #3989, #210, .T. ) ;
#8211 = FACE_OUTER_BOUND ( 'NONE', #5617, .T. ) ;
#8212 = EDGE_LOOP ( 'NONE', ( #4606, #3868, #3643, #10273, #4291 ) ) ;
#8213 = DIRECTION ( 'NONE',  ( 1.000000000000000000, 0.000000000000000000, 0.000000000000000000 ) ) ;
#8214 = LINE ( 'NONE', #9830, #10828 ) ;
#8215 = CIRCLE ( 'NONE', #3002, 1.366822574594681150 ) ;
#8216 = CARTESIAN_POINT ( 'NONE',  ( 1.709615384615383205, -14.53822518807815989, 4.000000000000000000 ) ) ;
#8217 = CARTESIAN_POINT ( 'NONE',  ( -0.4206072120007994797, -14.45734151234635689, 4.999999999999999112 ) ) ;
#8218 = ORIENTED_EDGE ( 'NONE', *, *, #1199, .T. ) ;
#8219 = CARTESIAN_POINT ( 'NONE',  ( -12.05713943461311111, 2.791454495570343752, 6.000000000000011546 ) ) ;
#8220 = DIRECTION ( 'NONE',  ( 1.000000000000000000, 0.000000000000000000, 0.000000000000000000 ) ) ;
#8221 = FACE_OUTER_BOUND ( 'NONE', #8740, .T. ) ;
#8222 = ORIENTED_EDGE ( 'NONE', *, *, #6726, .F. ) ;
#8223 = EDGE_CURVE ( 'NONE', #8716, #2848, #4030, .T. ) ;
#8224 = ORIENTED_EDGE ( 'NONE', *, *, #8954, .F. ) ;
#8225 = ORIENTED_EDGE ( 'NONE', *, *, #9453, .T. ) ;
#8226 = EDGE_CURVE ( 'NONE', #9754, #3394, #9753, .T. ) ;
#8227 = LINE ( 'NONE', #9912, #6015 ) ;
#8228 = EDGE_CURVE ( 'NONE', #7573, #9594, #6194, .T. ) ;
#8229 = DIRECTION ( 'NONE',  ( 0.000000000000000000, 0.000000000000000000, 1.000000000000000000 ) ) ;
#8230 = CARTESIAN_POINT ( 'NONE',  ( 1.110276616292767304, -16.53045069420640090, 5.000000000000000000 ) ) ;
#8231 = ORIENTED_EDGE ( 'NONE', *, *, #11641, .F. ) ;
#8232 = CIRCLE ( 'NONE', #3391, 1.750000000000001554 ) ;
#8233 = AXIS2_PLACEMENT_3D ( 'NONE', #2575, #10964, #1609 ) ;
#8234 = DIRECTION ( 'NONE',  ( -1.000000000000000000, 0.000000000000000000, 0.000000000000000000 ) ) ;
#8235 = DIRECTION ( 'NONE',  ( -0.000000000000000000, -1.000000000000000000, -0.000000000000000000 ) ) ;
#8236 = VERTEX_POINT ( 'NONE', #451 ) ;
#8237 = PLANE ( 'NONE',  #5063 ) ;
#8238 = ORIENTED_EDGE ( 'NONE', *, *, #502, .F. ) ;
#8239 = EDGE_CURVE ( 'NONE', #2990, #7834, #7704, .T. ) ;
#8240 = FACE_BOUND ( 'NONE', #3572, .T. ) ;
#8241 = VERTEX_POINT ( 'NONE', #3353 ) ;
#8242 = AXIS2_PLACEMENT_3D ( 'NONE', #9813, #3187, #2222 ) ;
#8243 = CARTESIAN_POINT ( 'NONE',  ( 0.3520804037182353463, -16.85313485653561472, 4.999999999999998224 ) ) ;
#8244 = CARTESIAN_POINT ( 'NONE',  ( -2.101372368549947023, -15.65932615770141645, 5.000000000000000000 ) ) ;
#8245 = EDGE_CURVE ( 'NONE', #7600, #4015, #7153, .T. ) ;
#8246 = DIRECTION ( 'NONE',  ( -0.000000000000000000, 1.000000000000000000, -0.000000000000000000 ) ) ;
#8247 = PLANE ( 'NONE',  #9192 ) ;
#8248 = CARTESIAN_POINT ( 'NONE',  ( -20.00000000000001421, 0.000000000000000000, 75.49999999999992895 ) ) ;
#8249 = CARTESIAN_POINT ( 'NONE',  ( -0.4388521634615394351, -17.79463544448841716, 4.000000000000000000 ) ) ;
#8250 = ORIENTED_EDGE ( 'NONE', *, *, #9852, .F. ) ;
#8251 = CARTESIAN_POINT ( 'NONE',  ( -4.392411679828140514, -16.25538345153673703, 4.000000000000000000 ) ) ;
#8252 = EDGE_LOOP ( 'NONE', ( #6246, #614, #1477, #10855 ) ) ;
#8253 = CARTESIAN_POINT ( 'NONE',  ( -2.157371794871795867, -16.10982474737303249, 5.000000000000000000 ) ) ;
#8254 = ADVANCED_FACE ( 'NONE', ( #3414 ), #10656, .F. ) ;
#8255 = ORIENTED_EDGE ( 'NONE', *, *, #1508, .F. ) ;
#8256 = DIRECTION ( 'NONE',  ( 0.000000000000000000, 0.000000000000000000, -1.000000000000000000 ) ) ;
#8257 = DIRECTION ( 'NONE',  ( 0.000000000000000000, 1.000000000000000000, 0.000000000000000000 ) ) ;
#8258 = LINE ( 'NONE', #6270, #2431 ) ;
#8259 = EDGE_CURVE ( 'NONE', #6217, #10404, #7094, .T. ) ;
#8260 = DIRECTION ( 'NONE',  ( -1.000000000000000000, 0.000000000000000000, 0.000000000000000000 ) ) ;
#8261 = CARTESIAN_POINT ( 'NONE',  ( -4.477302839344638130, -14.58902508889043581, 3.999999999999999112 ) ) ;
#8262 = CARTESIAN_POINT ( 'NONE',  ( 64.99999999999998579, 5.000000000000000000, -57.55000000000000426 ) ) ;
#8263 = VERTEX_POINT ( 'NONE', #6018 ) ;
#8264 = CARTESIAN_POINT ( 'NONE',  ( 26.50000000000000000, -17.50000000000000000, 5.000000000000000000 ) ) ;
#8265 = CARTESIAN_POINT ( 'NONE',  ( 45.59999999999999432, 5.000000000000000000, 34.49999999999993605 ) ) ;
#8266 = ORIENTED_EDGE ( 'NONE', *, *, #1098, .F. ) ;
#8267 = ORIENTED_EDGE ( 'NONE', *, *, #502, .T. ) ;
#8268 = CARTESIAN_POINT ( 'NONE',  ( 29.50000000000000711, -19.74999999999999289, 5.000000000000000000 ) ) ;
#8269 = EDGE_CURVE ( 'NONE', #1069, #3212, #1740, .T. ) ;
#8270 = DIRECTION ( 'NONE',  ( 0.000000000000000000, 1.000000000000000000, 0.000000000000000000 ) ) ;
#8271 = DIRECTION ( 'NONE',  ( -0.7071067811865519026, -0.7071067811865431318, -0.000000000000000000 ) ) ;
#8272 = PLANE ( 'NONE',  #10066 ) ;
#8273 = CARTESIAN_POINT ( 'NONE',  ( -0.4206072120007994797, -14.45734151234635689, 3.999999999999999112 ) ) ;
#8274 = ORIENTED_EDGE ( 'NONE', *, *, #5502, .F. ) ;
#8275 = DIRECTION ( 'NONE',  ( 0.8610380995189045317, -0.5085404518589184963, 0.000000000000000000 ) ) ;
#8276 = CARTESIAN_POINT ( 'NONE',  ( -4.650228869770560713, -15.73142659546231847, 5.000000000000000000 ) ) ;
#8277 = ORIENTED_EDGE ( 'NONE', *, *, #8019, .T. ) ;
#8278 = B_SPLINE_CURVE_WITH_KNOTS ( 'NONE', 3,
 ( #7565, #3776, #192, #8420, #6609, #10285, #5757, #11248, #1102, #138, #7679 ),
 .UNSPECIFIED., .F., .F.,
 ( 4, 1, 1, 1, 1, 1, 1, 1, 4 ),
 ( 0.000000000000000000, 0.1344469729957881721, 0.2638071572604064330, 0.3892412375756161280, 0.5114964050416203056, 0.6324272219006815687, 0.7534387150183178283, 0.8752597545988095584, 1.000000000000000000 ),
 .UNSPECIFIED. ) ;
#8279 = VERTEX_POINT ( 'NONE', #1532 ) ;
#8280 = EDGE_LOOP ( 'NONE', ( #3197, #7946, #8163, #11903 ) ) ;
#8281 = EDGE_CURVE ( 'NONE', #5250, #3494, #6079, .T. ) ;
#8282 = DIRECTION ( 'NONE',  ( -0.000000000000000000, -1.000000000000000000, -0.000000000000000000 ) ) ;
#8283 = VECTOR ( 'NONE', #3763, 1000.000000000000000 ) ;
#8284 = EDGE_CURVE ( 'NONE', #172, #8002, #4209, .T. ) ;
#8285 = DIRECTION ( 'NONE',  ( -0.000000000000000000, -0.000000000000000000, -1.000000000000000000 ) ) ;
#8286 = CARTESIAN_POINT ( 'NONE',  ( 0.9152293669871784942, -15.04322318487303178, 4.000000000000000000 ) ) ;
#8287 = ORIENTED_EDGE ( 'NONE', *, *, #9703, .F. ) ;
#8288 = CARTESIAN_POINT ( 'NONE',  ( -4.130341307679919360, -14.75208866050291512, 4.000000000000000000 ) ) ;
#8289 = DIRECTION ( 'NONE',  ( -1.000000000000000000, 0.000000000000000000, 0.000000000000000000 ) ) ;
#8290 = VERTEX_POINT ( 'NONE', #627 ) ;
#8291 = CARTESIAN_POINT ( 'NONE',  ( 0.000000000000000000, 0.000000000000000000, 2.500000000000000000 ) ) ;
#8292 = ORIENTED_EDGE ( 'NONE', *, *, #515, .F. ) ;
#8293 = DIRECTION ( 'NONE',  ( 1.652117596168387756E-16, -0.000000000000000000, 1.000000000000000000 ) ) ;
#8294 = ORIENTED_EDGE ( 'NONE', *, *, #4894, .T. ) ;
#8295 = CIRCLE ( 'NONE', #2894, 1.000000000000000000 ) ;
#8296 = ADVANCED_FACE ( 'NONE', ( #8733 ), #6976, .F. ) ;
#8297 = DIRECTION ( 'NONE',  ( -0.000000000000000000, -0.000000000000000000, -1.000000000000000000 ) ) ;
#8298 = DIRECTION ( 'NONE',  ( 0.000000000000000000, 0.000000000000000000, 1.000000000000000000 ) ) ;
#8299 = EDGE_CURVE ( 'NONE', #4152, #6783, #8295, .T. ) ;
#8300 = CARTESIAN_POINT ( 'NONE',  ( -4.396153846153846523, -15.43246597333456194, 4.000000000000000888 ) ) ;
#8301 = CYLINDRICAL_SURFACE ( 'NONE', #10725, 1.249999999999999334 ) ;
#8302 = VECTOR ( 'NONE', #5274, 1000.000000000000000 ) ;
#8303 = CARTESIAN_POINT ( 'NONE',  ( 9.000000000000005329, 2.000000000000000000, 10.99999999999999467 ) ) ;
#8304 = CYLINDRICAL_SURFACE ( 'NONE', #10797, 1.500000000000001332 ) ;
#8305 = ORIENTED_EDGE ( 'NONE', *, *, #2588, .T. ) ;
#8306 = CIRCLE ( 'NONE', #3091, 2.000000000000001776 ) ;
#8307 = FACE_OUTER_BOUND ( 'NONE', #2899, .T. ) ;
#8308 = VERTEX_POINT ( 'NONE', #3295 ) ;
#8309 = CARTESIAN_POINT ( 'NONE',  ( -1.006574621379063839, -14.53434285204345855, 5.000000000000000000 ) ) ;
#8310 = ORIENTED_EDGE ( 'NONE', *, *, #9232, .T. ) ;
#8311 = CIRCLE ( 'NONE', #11770, 1.500000000000001332 ) ;
#8312 = CARTESIAN_POINT ( 'NONE',  ( -4.993586386531498889, -15.10827286525999469, 4.000000000000000888 ) ) ;
#8313 = AXIS2_PLACEMENT_3D ( 'NONE', #620, #6430, #11007 ) ;
#8314 = CARTESIAN_POINT ( 'NONE',  ( -10.00000000000000178, 0.000000000000000000, 7.000000000000002665 ) ) ;
#8315 = DIRECTION ( 'NONE',  ( 0.000000000000000000, 1.000000000000000000, 0.000000000000000000 ) ) ;
#8316 = AXIS2_PLACEMENT_3D ( 'NONE', #3259, #1325, #8815 ) ;
#8317 = CARTESIAN_POINT ( 'NONE',  ( 9.800000000000002487, 2.791454495570343752, 5.000000000000000000 ) ) ;
#8318 = CARTESIAN_POINT ( 'NONE',  ( -5.072235444507663615, -14.53838097365525428, 4.999999999999995559 ) ) ;
#8319 = VECTOR ( 'NONE', #6243, 1000.000000000000000 ) ;
#8320 = CARTESIAN_POINT ( 'NONE',  ( 24.88156655863842204, 12.78449647227708930, 9.000000000000001776 ) ) ;
#8321 = ORIENTED_EDGE ( 'NONE', *, *, #5641, .F. ) ;
#8322 = LINE ( 'NONE', #9280, #5669 ) ;
#8323 = DIRECTION ( 'NONE',  ( 0.000000000000000000, 1.000000000000000000, -0.000000000000000000 ) ) ;
#8324 = CIRCLE ( 'NONE', #2918, 1.249999999999999334 ) ;
#8325 = ORIENTED_EDGE ( 'NONE', *, *, #5695, .F. ) ;
#8326 = EDGE_LOOP ( 'NONE', ( #10180, #10370, #861, #7641, #3238, #4913 ) ) ;
#8327 = CIRCLE ( 'NONE', #9285, 1.000000000000004441 ) ;
#8328 = DIRECTION ( 'NONE',  ( 1.000000000000000000, 0.000000000000000000, 0.000000000000000000 ) ) ;
#8329 = DIRECTION ( 'NONE',  ( -1.000000000000000000, 0.000000000000000000, 0.000000000000000000 ) ) ;
#8330 = DIRECTION ( 'NONE',  ( 0.000000000000000000, 0.000000000000000000, 1.000000000000000000 ) ) ;
#8331 = DIRECTION ( 'NONE',  ( -1.000000000000000000, 0.000000000000000000, 0.000000000000000000 ) ) ;
#8332 = CIRCLE ( 'NONE', #10451, 2.599999999999984102 ) ;
#8333 = AXIS2_PLACEMENT_3D ( 'NONE', #9177, #1814, #4531 ) ;
#8334 = DIRECTION ( 'NONE',  ( -1.000000000000000000, 0.000000000000000000, 0.000000000000000000 ) ) ;
#8335 = LINE ( 'NONE', #1992, #8752 ) ;
#8336 = ORIENTED_EDGE ( 'NONE', *, *, #1199, .F. ) ;
#8337 = CARTESIAN_POINT ( 'NONE',  ( 13.16682257459468453, 2.791454495570344196, 6.000000000000016875 ) ) ;
#8338 = LINE ( 'NONE', #11159, #6616 ) ;
#8339 = ORIENTED_EDGE ( 'NONE', *, *, #6932, .T. ) ;
#8340 = ORIENTED_EDGE ( 'NONE', *, *, #4069, .F. ) ;
#8341 = AXIS2_PLACEMENT_3D ( 'NONE', #4055, #7906, #11474 ) ;
#8342 = ORIENTED_EDGE ( 'NONE', *, *, #7933, .T. ) ;
#8343 = EDGE_CURVE ( 'NONE', #3585, #8443, #2386, .T. ) ;
#8344 = DIRECTION ( 'NONE',  ( -0.000000000000000000, -0.000000000000000000, -1.000000000000000000 ) ) ;
#8345 = EDGE_CURVE ( 'NONE', #2011, #10433, #11430, .T. ) ;
#8346 = DIRECTION ( 'NONE',  ( -0.000000000000000000, -1.000000000000000000, -0.000000000000000000 ) ) ;
#8347 = CARTESIAN_POINT ( 'NONE',  ( 140.0000000000000853, 22.50000000000000355, -80.00000000000001421 ) ) ;
#8348 = ORIENTED_EDGE ( 'NONE', *, *, #2934, .F. ) ;
#8349 = VECTOR ( 'NONE', #11459, 1000.000000000000000 ) ;
#8350 = CARTESIAN_POINT ( 'NONE',  ( 29.40201658111266880, 15.45433384453642134, 0.000000000000000000 ) ) ;
#8351 = CARTESIAN_POINT ( 'NONE',  ( -26.63101451046069101, -20.32500000000000995, 2.500000000000000000 ) ) ;
#8352 = AXIS2_PLACEMENT_3D ( 'NONE', #6039, #2178, #9596 ) ;
#8353 = ORIENTED_EDGE ( 'NONE', *, *, #5189, .F. ) ;
#8354 = CARTESIAN_POINT ( 'NONE',  ( -9.999999999999992895, 2.000000000000000000, 8.000000000000001776 ) ) ;
#8355 = ORIENTED_EDGE ( 'NONE', *, *, #6365, .F. ) ;
#8356 = ADVANCED_FACE ( 'NONE', ( #8307 ), #5468, .F. ) ;
#8357 = ORIENTED_EDGE ( 'NONE', *, *, #6051, .F. ) ;
#8358 = AXIS2_PLACEMENT_3D ( 'NONE', #6091, #7052, #579 ) ;
#8359 = CIRCLE ( 'NONE', #3148, 1.500000000000001332 ) ;
#8360 = DIRECTION ( 'NONE',  ( -0.000000000000000000, -0.000000000000000000, -1.000000000000000000 ) ) ;
#8361 = CARTESIAN_POINT ( 'NONE',  ( -4.103814741775677177, -16.09456020973437163, 3.999999999999999112 ) ) ;
#8362 = DIRECTION ( 'NONE',  ( 0.000000000000000000, 0.000000000000000000, 1.000000000000000000 ) ) ;
#8363 = DIRECTION ( 'NONE',  ( 0.000000000000000000, 1.000000000000000000, 0.000000000000000000 ) ) ;
#8364 = EDGE_CURVE ( 'NONE', #9345, #3394, #9153, .T. ) ;
#8365 = CARTESIAN_POINT ( 'NONE',  ( -4.909185704635593339, -15.75848815063609187, 4.000000000000000000 ) ) ;
#8366 = DIRECTION ( 'NONE',  ( -0.000000000000000000, -0.000000000000000000, -1.000000000000000000 ) ) ;
#8367 = EDGE_LOOP ( 'NONE', ( #1162, #6411 ) ) ;
#8368 = VERTEX_POINT ( 'NONE', #4508 ) ;
#8369 = CARTESIAN_POINT ( 'NONE',  ( -3.072372804504389432, 9.194809502405480117, 0.000000000000000000 ) ) ;
#8370 = VERTEX_POINT ( 'NONE', #8369 ) ;
#8371 = AXIS2_PLACEMENT_3D ( 'NONE', #8384, #102, #4761 ) ;
#8372 = DIRECTION ( 'NONE',  ( 0.000000000000000000, 1.000000000000000000, 0.000000000000000000 ) ) ;
#8373 = ORIENTED_EDGE ( 'NONE', *, *, #1716, .T. ) ;
#8374 = EDGE_CURVE ( 'NONE', #1759, #5843, #10108, .T. ) ;
#8375 = CARTESIAN_POINT ( 'NONE',  ( -81.00000000000001421, 37.42339375865881834, -87.75000000000002842 ) ) ;
#8376 = CARTESIAN_POINT ( 'NONE',  ( 75.00000000000001421, 37.42339375865881124, -72.25000000000000000 ) ) ;
#8377 = EDGE_CURVE ( 'NONE', #6989, #7527, #7128, .T. ) ;
#8378 = DIRECTION ( 'NONE',  ( -0.000000000000000000, 1.000000000000000000, -0.000000000000000000 ) ) ;
#8379 = DIRECTION ( 'NONE',  ( 0.000000000000000000, 0.000000000000000000, 1.000000000000000000 ) ) ;
#8380 = LINE ( 'NONE', #1675, #4656 ) ;
#8381 = EDGE_CURVE ( 'NONE', #9103, #8901, #4439, .T. ) ;
#8382 = CARTESIAN_POINT ( 'NONE',  ( 75.00000000000002842, 5.000000000000000000, 9.999999999999911182 ) ) ;
#8383 = ORIENTED_EDGE ( 'NONE', *, *, #2195, .F. ) ;
#8384 = CARTESIAN_POINT ( 'NONE',  ( -43.00000000000000711, 0.000000000000000000, 34.49999999999993605 ) ) ;
#8385 = CARTESIAN_POINT ( 'NONE',  ( -45.49999999999997868, 5.000000000000000000, 94.99999999999992895 ) ) ;
#8386 = ORIENTED_EDGE ( 'NONE', *, *, #1855, .T. ) ;
#8387 = CIRCLE ( 'NONE', #6642, 1.749999999999998002 ) ;
#8388 = ORIENTED_EDGE ( 'NONE', *, *, #8284, .F. ) ;
#8389 = CARTESIAN_POINT ( 'NONE',  ( -1.320150252343086139, -17.58096810228651918, 5.000000000000001776 ) ) ;
#8390 = DIRECTION ( 'NONE',  ( 1.000000000000000000, -0.000000000000000000, 0.000000000000000000 ) ) ;
#8391 = PLANE ( 'NONE',  #3521 ) ;
#8392 = DIRECTION ( 'NONE',  ( 0.000000000000000000, 0.000000000000000000, -1.000000000000000000 ) ) ;
#8393 = CARTESIAN_POINT ( 'NONE',  ( -1.584694498153548015, -15.99930617092241647, 5.000000000000000888 ) ) ;
#8394 = ORIENTED_EDGE ( 'NONE', *, *, #2737, .F. ) ;
#8395 = VECTOR ( 'NONE', #7462, 1000.000000000000000 ) ;
#8396 = CARTESIAN_POINT ( 'NONE',  ( -5.016907051282050389, -16.32925082910378833, 5.000000000000000000 ) ) ;
#8397 = CARTESIAN_POINT ( 'NONE',  ( -5.210256410256410398, -16.32925082910378833, 4.000000000000000000 ) ) ;
#8398 = ORIENTED_EDGE ( 'NONE', *, *, #11214, .F. ) ;
#8399 = EDGE_CURVE ( 'NONE', #7856, #7431, #2488, .T. ) ;
#8400 = ORIENTED_EDGE ( 'NONE', *, *, #11408, .T. ) ;
#8401 = ORIENTED_EDGE ( 'NONE', *, *, #5195, .F. ) ;
#8402 = VECTOR ( 'NONE', #3516, 1000.000000000000000 ) ;
#8403 = CARTESIAN_POINT ( 'NONE',  ( -21.32178339562597813, 18.81176316890940825, 9.000000000000001776 ) ) ;
#8404 = FACE_OUTER_BOUND ( 'NONE', #11185, .T. ) ;
#8405 = CARTESIAN_POINT ( 'NONE',  ( 0.6058667180371160033, -17.42255314433825930, 3.999999999999999112 ) ) ;
#8406 = EDGE_LOOP ( 'NONE', ( #8989, #11028, #8923, #6720 ) ) ;
#8407 = DIRECTION ( 'NONE',  ( -0.000000000000000000, 1.000000000000000000, -0.000000000000000000 ) ) ;
#8408 = CARTESIAN_POINT ( 'NONE',  ( -14.99999999999999645, -5.772077938642127037, 0.000000000000000000 ) ) ;
#8409 = DIRECTION ( 'NONE',  ( 0.000000000000000000, 0.000000000000000000, 1.000000000000000000 ) ) ;
#8410 = CARTESIAN_POINT ( 'NONE',  ( -29.40201658111266525, 15.45433384453641068, 5.000000000000000000 ) ) ;
#8411 = ORIENTED_EDGE ( 'NONE', *, *, #6106, .F. ) ;
#8412 = ORIENTED_EDGE ( 'NONE', *, *, #2737, .T. ) ;
#8413 = DIRECTION ( 'NONE',  ( -0.000000000000000000, -0.000000000000000000, -1.000000000000000000 ) ) ;
#8414 = CARTESIAN_POINT ( 'NONE',  ( -4.011129872859713785, -16.00390001245806459, 5.000000000000000888 ) ) ;
#8415 = VECTOR ( 'NONE', #6073, 1000.000000000000000 ) ;
#8416 = ADVANCED_FACE ( 'NONE', ( #11864 ), #10957, .T. ) ;
#8417 = DIRECTION ( 'NONE',  ( -0.000000000000000000, -0.000000000000000000, -1.000000000000000000 ) ) ;
#8418 = DIRECTION ( 'NONE',  ( -1.000000000000000000, -0.000000000000000000, -0.000000000000000000 ) ) ;
#8419 = CARTESIAN_POINT ( 'NONE',  ( -4.988286258012820440, -15.75937903423199593, 4.000000000000000000 ) ) ;
#8420 = CARTESIAN_POINT ( 'NONE',  ( 0.2733273964590465788, -15.26745236530108585, 4.000000000000000000 ) ) ;
#8421 = ORIENTED_EDGE ( 'NONE', *, *, #7403, .T. ) ;
#8422 = EDGE_LOOP ( 'NONE', ( #8751, #4106, #7020, #10163 ) ) ;
#8423 = ADVANCED_FACE ( 'NONE', ( #9937 ), #2814, .T. ) ;
#8424 = LINE ( 'NONE', #9441, #11754 ) ;
#8425 = ORIENTED_EDGE ( 'NONE', *, *, #8204, .F. ) ;
#8426 = PLANE ( 'NONE',  #4277 ) ;
#8427 = EDGE_LOOP ( 'NONE', ( #2080, #6551 ) ) ;
#8428 = AXIS2_PLACEMENT_3D ( 'NONE', #2018, #5702, #3332 ) ;
#8429 = EDGE_CURVE ( 'NONE', #10823, #5384, #11801, .T. ) ;
#8430 = PLANE ( 'NONE',  #7016 ) ;
#8431 = LINE ( 'NONE', #3841, #10504 ) ;
#8432 = LINE ( 'NONE', #2940, #11840 ) ;
#8433 = CARTESIAN_POINT ( 'NONE',  ( -3.860145966736817424, -15.16856007411823448, 4.999999999999996447 ) ) ;
#8434 = EDGE_CURVE ( 'NONE', #10404, #10022, #10982, .T. ) ;
#8435 = CARTESIAN_POINT ( 'NONE',  ( 0.7460685591314266674, -17.27798701181589536, 5.000000000000000000 ) ) ;
#8436 = CIRCLE ( 'NONE', #8040, 1.257139434613111950 ) ;
#8437 = CARTESIAN_POINT ( 'NONE',  ( 9.800000000000002487, 2.791454495570343752, 10.00000000000000000 ) ) ;
#8438 = ORIENTED_EDGE ( 'NONE', *, *, #10261, .T. ) ;
#8439 = CARTESIAN_POINT ( 'NONE',  ( 4.355448717948715576, -14.53822518807815989, 4.000000000000000000 ) ) ;
#8440 = DIRECTION ( 'NONE',  ( 0.8900702620852275482, -0.4558233523543239185, 0.000000000000000000 ) ) ;
#8441 = EDGE_CURVE ( 'NONE', #3321, #5363, #4565, .T. ) ;
#8442 = EDGE_LOOP ( 'NONE', ( #6303, #1346, #5821, #8224 ) ) ;
#8443 = VERTEX_POINT ( 'NONE', #1662 ) ;
#8444 = EDGE_CURVE ( 'NONE', #2613, #2257, #2628, .T. ) ;
#8445 = DIRECTION ( 'NONE',  ( -0.000000000000000000, -0.000000000000000000, 1.000000000000000000 ) ) ;
#8446 = DIRECTION ( 'NONE',  ( 1.000000000000000000, 0.000000000000000000, 0.000000000000000000 ) ) ;
#8447 = DIRECTION ( 'NONE',  ( 0.000000000000000000, -1.000000000000000000, 0.000000000000000000 ) ) ;
#8448 = EDGE_CURVE ( 'NONE', #11161, #5854, #10024, .T. ) ;
#8449 = CARTESIAN_POINT ( 'NONE',  ( -1.267982511171485971, -15.34082543296465140, 5.000000000000000000 ) ) ;
#8450 = ORIENTED_EDGE ( 'NONE', *, *, #5884, .T. ) ;
#8451 = LINE ( 'NONE', #116, #9131 ) ;
#8452 = LINE ( 'NONE', #4774, #1008 ) ;
#8453 = ORIENTED_EDGE ( 'NONE', *, *, #4975, .F. ) ;
#8454 = ORIENTED_EDGE ( 'NONE', *, *, #11316, .T. ) ;
#8455 = EDGE_LOOP ( 'NONE', ( #8478, #5481, #291, #7806 ) ) ;
#8456 = EDGE_CURVE ( 'NONE', #9387, #1463, #8537, .T. ) ;
#8457 = DIRECTION ( 'NONE',  ( 0.000000000000000000, -0.1455885994785731941, 0.9893452176575513457 ) ) ;
#8458 = DIRECTION ( 'NONE',  ( 1.000000000000000000, 0.000000000000000000, 0.000000000000000000 ) ) ;
#8459 = EDGE_CURVE ( 'NONE', #8063, #10743, #8424, .T. ) ;
#8460 = CARTESIAN_POINT ( 'NONE',  ( 0.6058667180371160033, -17.42255314433825930, 5.000000000000000000 ) ) ;
#8461 = VERTEX_POINT ( 'NONE', #2024 ) ;
#8462 = CARTESIAN_POINT ( 'NONE',  ( 0.000000000000000000, 0.000000000000000000, 0.000000000000000000 ) ) ;
#8463 = CARTESIAN_POINT ( 'NONE',  ( 0.5000000000000004441, 5.000000000000000000, -3.870000000000000107 ) ) ;
#8464 = CARTESIAN_POINT ( 'NONE',  ( 45.50000000000003553, 5.000000000000000000, 96.54999999999992610 ) ) ;
#8465 = CYLINDRICAL_SURFACE ( 'NONE', #7381, 1.000000000000000888 ) ;
#8466 = ORIENTED_EDGE ( 'NONE', *, *, #10177, .T. ) ;
#8467 = ORIENTED_EDGE ( 'NONE', *, *, #11608, .T. ) ;
#8468 = CARTESIAN_POINT ( 'NONE',  ( 0.3520804037182353463, -16.85313485653561472, 3.999999999999998224 ) ) ;
#8469 = FACE_OUTER_BOUND ( 'NONE', #8875, .T. ) ;
#8470 = VECTOR ( 'NONE', #8894, 1000.000000000000227 ) ;
#8471 = CARTESIAN_POINT ( 'NONE',  ( 2.279487179487178050, -15.75937903423200659, 4.000000000000000000 ) ) ;
#8472 = FACE_BOUND ( 'NONE', #6925, .T. ) ;
#8473 = CARTESIAN_POINT ( 'NONE',  ( -4.397151972544833143, -15.47398797440764895, 4.999999999999993783 ) ) ;
#8474 = CARTESIAN_POINT ( 'NONE',  ( 4.355448717948715576, -15.10809698294995584, 4.000000000000000000 ) ) ;
#8475 = ORIENTED_EDGE ( 'NONE', *, *, #162, .T. ) ;
#8476 = VERTEX_POINT ( 'NONE', #195 ) ;
#8477 = LINE ( 'NONE', #7569, #9637 ) ;
#8478 = ORIENTED_EDGE ( 'NONE', *, *, #6481, .F. ) ;
#8479 = AXIS2_PLACEMENT_3D ( 'NONE', #5261, #10865, #1978 ) ;
#8480 = CARTESIAN_POINT ( 'NONE',  ( -1.678904918935926638, -14.94422751762273371, 4.999999999999999112 ) ) ;
#8481 = VERTEX_POINT ( 'NONE', #3961 ) ;
#8482 = CYLINDRICAL_SURFACE ( 'NONE', #10732, 1.749999999999994671 ) ;
#8483 = DIRECTION ( 'NONE',  ( 1.000000000000000000, 0.000000000000000000, 0.000000000000000000 ) ) ;
#8484 = VECTOR ( 'NONE', #4329, 1000.000000000000000 ) ;
#8485 = PLANE ( 'NONE',  #5687 ) ;
#8486 = CARTESIAN_POINT ( 'NONE',  ( -23.49999999999999645, -17.50000000000000000, 9.000000000000001776 ) ) ;
#8487 = CARTESIAN_POINT ( 'NONE',  ( -3.966727154109230380, -14.93561736206180868, 3.999999999999998224 ) ) ;
#8488 = FACE_OUTER_BOUND ( 'NONE', #7884, .T. ) ;
#8489 = CARTESIAN_POINT ( 'NONE',  ( -0.5296705452097972833, 8.500000000000000000, 5.000000000000000000 ) ) ;
#8490 = ORIENTED_EDGE ( 'NONE', *, *, #10115, .T. ) ;
#8491 = LINE ( 'NONE', #3914, #7968 ) ;
#8492 = LINE ( 'NONE', #1066, #10440 ) ;
#8493 = VECTOR ( 'NONE', #5939, 1000.000000000000000 ) ;
#8494 = EDGE_CURVE ( 'NONE', #1307, #4670, #10402, .T. ) ;
#8495 = ORIENTED_EDGE ( 'NONE', *, *, #7841, .T. ) ;
#8496 = ORIENTED_EDGE ( 'NONE', *, *, #10281, .T. ) ;
#8497 = CARTESIAN_POINT ( 'NONE',  ( -53.49999999999996447, 0.000000000000000000, 102.9999999999999289 ) ) ;
#8498 = AXIS2_PLACEMENT_3D ( 'NONE', #11322, #8732, #8670 ) ;
#8499 = AXIS2_PLACEMENT_3D ( 'NONE', #4735, #6604, #10280 ) ;
#8500 = FACE_BOUND ( 'NONE', #897, .T. ) ;
#8501 = CARTESIAN_POINT ( 'NONE',  ( 6.065064102564100779, -14.53822518807815989, 4.000000000000000000 ) ) ;
#8502 = CARTESIAN_POINT ( 'NONE',  ( -1.185910729648386841, -15.26743809971057431, 5.000000000000000888 ) ) ;
#8504 = EDGE_LOOP ( 'NONE', ( #5750, #48, #5513, #480 ) ) ;
#8503 = EDGE_CURVE ( 'NONE', #6454, #946, #5648, .T. ) ;
#8505 = AXIS2_PLACEMENT_3D ( 'NONE', #4517, #4699, #11025 ) ;
#8506 = CARTESIAN_POINT ( 'NONE',  ( -6.999999999999997335, -8.208545504429656248, 10.00000000000000000 ) ) ;
#8507 = CARTESIAN_POINT ( 'NONE',  ( -5.016271033653846523, -15.10809698294994519, 5.000000000000000000 ) ) ;
#8508 = ORIENTED_EDGE ( 'NONE', *, *, #10586, .F. ) ;
#8509 = ORIENTED_EDGE ( 'NONE', *, *, #9133, .T. ) ;
#8510 = ORIENTED_EDGE ( 'NONE', *, *, #2301, .F. ) ;
#8511 = ADVANCED_FACE ( 'NONE', ( #9386 ), #6782, .F. ) ;
#8512 = AXIS2_PLACEMENT_3D ( 'NONE', #1107, #11253, #2989 ) ;
#8513 = CARTESIAN_POINT ( 'NONE',  ( -11.00000000000000000, 2.000000000000000000, -11.00000000000000000 ) ) ;
#8515 = CIRCLE ( 'NONE', #5439, 1.500000000000001332 ) ;
#8514 = CARTESIAN_POINT ( 'NONE',  ( 23.36898548953931609, -14.67500000000000782, 0.000000000000000000 ) ) ;
#8516 = CARTESIAN_POINT ( 'NONE',  ( 0.5300225163811714824, -17.48634633336101629, 4.000000000000000000 ) ) ;
#8517 = VERTEX_POINT ( 'NONE', #1161 ) ;
#8518 = DIRECTION ( 'NONE',  ( 0.000000000000000000, -0.000000000000000000, 1.000000000000000000 ) ) ;
#8519 = EDGE_CURVE ( 'NONE', #245, #7625, #2986, .T. ) ;
#8520 = DIRECTION ( 'NONE',  ( -1.000000000000000000, 0.000000000000000000, 1.445602896647339163E-16 ) ) ;
#8521 = LINE ( 'NONE', #1091, #43 ) ;
#8522 = VERTEX_POINT ( 'NONE', #2930 ) ;
#8523 = CONICAL_SURFACE ( 'NONE', #3311, 1.000000000000000888, 0.7853981633974418397 ) ;
#8524 = VECTOR ( 'NONE', #10798, 1000.000000000000000 ) ;
#8525 = PRODUCT_DEFINITION_SHAPE ( 'NONE', 'NONE',  #2513 ) ;
#8526 = ORIENTED_EDGE ( 'NONE', *, *, #10505, .T. ) ;
#8527 = CARTESIAN_POINT ( 'NONE',  ( -75.00000000000001421, 45.00000000000000000, -102.0000000000000142 ) ) ;
#8528 = CARTESIAN_POINT ( 'NONE',  ( -1.077298729060606419, -17.04342901149511746, 5.000000000000000000 ) ) ;
#8529 = CARTESIAN_POINT ( 'NONE',  ( -3.882170345808931611, -15.78405234469648377, 5.000000000000000888 ) ) ;
#8530 = AXIS2_PLACEMENT_3D ( 'NONE', #2482, #3277, #1585 ) ;
#8531 = CARTESIAN_POINT ( 'NONE',  ( -8.799999999999998934, 2.791454495570343752, 10.00000000000000000 ) ) ;
#8532 = CARTESIAN_POINT ( 'NONE',  ( 119.0000000000000284, 24.00000000000000000, -95.50000000000000000 ) ) ;
#8533 = CARTESIAN_POINT ( 'NONE',  ( -4.705277850584707267, -15.74096866693937358, 4.999999999999991118 ) ) ;
#8534 = CARTESIAN_POINT ( 'NONE',  ( 16.75000000000000355, 5.949455682166684412, 0.000000000000000000 ) ) ;
#8535 = ORIENTED_EDGE ( 'NONE', *, *, #5228, .F. ) ;
#8536 = ORIENTED_EDGE ( 'NONE', *, *, #1801, .T. ) ;
#8537 = LINE ( 'NONE', #7745, #5013 ) ;
#8538 = EDGE_CURVE ( 'NONE', #1785, #1788, #8477, .T. ) ;
#8539 = ORIENTED_EDGE ( 'NONE', *, *, #4544, .F. ) ;
#8540 = CARTESIAN_POINT ( 'NONE',  ( 4.925320512820510643, -15.10809698294995584, 4.000000000000000000 ) ) ;
#8541 = VERTEX_POINT ( 'NONE', #3044 ) ;
#8542 = AXIS2_PLACEMENT_3D ( 'NONE', #343, #9766, #4041 ) ;
#8543 = CIRCLE ( 'NONE', #4110, 3.366822574594681150 ) ;
#8544 = FACE_BOUND ( 'NONE', #11278, .T. ) ;
#8545 = VECTOR ( 'NONE', #7242, 1000.000000000000000 ) ;
#8546 = DIRECTION ( 'NONE',  ( -0.5000000000000004441, 0.8660254037844383745, 0.000000000000000000 ) ) ;
#8547 = DIRECTION ( 'NONE',  ( -1.000000000000000000, 0.000000000000000000, 0.000000000000000000 ) ) ;
#8548 = AXIS2_PLACEMENT_3D ( 'NONE', #4104, #2456, #5126 ) ;
#8549 = LINE ( 'NONE', #268, #10680 ) ;
#8550 = CARTESIAN_POINT ( 'NONE',  ( -3.845088002972242069, -15.23314660543094057, 3.999999999999999112 ) ) ;
#8551 = EDGE_LOOP ( 'NONE', ( #3522, #10482, #7812, #4367 ) ) ;
#8552 = DIRECTION ( 'NONE',  ( -0.000000000000000000, -0.000000000000000000, 1.000000000000000000 ) ) ;
#8553 = CARTESIAN_POINT ( 'NONE',  ( -7.999999999999984901, -8.208545504429656248, 5.000000000000000000 ) ) ;
#8554 = EDGE_LOOP ( 'NONE', ( #5080, #5820 ) ) ;
#8555 = CARTESIAN_POINT ( 'NONE',  ( 81.00000000000001421, 5.000000000000000000, -86.50000000000001421 ) ) ;
#8556 = DIRECTION ( 'NONE',  ( -0.000000000000000000, 1.000000000000000000, -0.000000000000000000 ) ) ;
#8557 = EDGE_LOOP ( 'NONE', ( #4528, #3821 ) ) ;
#8558 = ORIENTED_EDGE ( 'NONE', *, *, #7099, .T. ) ;
#8559 = CARTESIAN_POINT ( 'NONE',  ( 3.378525641025639903, -17.71322518807815882, 5.000000000000000000 ) ) ;
#8560 = FACE_BOUND ( 'NONE', #7865, .T. ) ;
#8561 = AXIS2_PLACEMENT_3D ( 'NONE', #4514, #2574, #10842 ) ;
#8562 = CARTESIAN_POINT ( 'NONE',  ( -23.36898548953929833, -20.32500000000001705, 2.500000000000000000 ) ) ;
#8563 = EDGE_CURVE ( 'NONE', #1214, #4981, #7682, .T. ) ;
#8564 = CARTESIAN_POINT ( 'NONE',  ( 7.000000000000003553, -5.208545504429656248, 10.00000000000000000 ) ) ;
#8565 = AXIS2_PLACEMENT_3D ( 'NONE', #114, #7592, #4714 ) ;
#8566 = ORIENTED_EDGE ( 'NONE', *, *, #8936, .T. ) ;
#8567 = DIRECTION ( 'NONE',  ( 0.000000000000000000, -1.000000000000000000, 0.000000000000000000 ) ) ;
#8568 = EDGE_CURVE ( 'NONE', #3390, #2959, #4862, .T. ) ;
#8569 = CARTESIAN_POINT ( 'NONE',  ( 27.75000000000000355, -19.74999999999999289, 9.000000000000001776 ) ) ;
#8570 = ORIENTED_EDGE ( 'NONE', *, *, #8441, .F. ) ;
#8571 = AXIS2_PLACEMENT_3D ( 'NONE', #741, #9081, #7149 ) ;
#8572 = EDGE_CURVE ( 'NONE', #6753, #11306, #1139, .T. ) ;
#8573 = ORIENTED_EDGE ( 'NONE', *, *, #1551, .T. ) ;
#8574 = ORIENTED_EDGE ( 'NONE', *, *, #8131, .T. ) ;
#8575 = AXIS2_PLACEMENT_3D ( 'NONE', #2641, #8916, #5244 ) ;
#8576 = EDGE_CURVE ( 'NONE', #6019, #314, #5760, .T. ) ;
#8577 = LINE ( 'NONE', #293, #2769 ) ;
#8578 = AXIS2_PLACEMENT_3D ( 'NONE', #2318, #8896, #10474 ) ;
#8579 = CARTESIAN_POINT ( 'NONE',  ( -0.4793661538925714227, -17.79407567159341497, 4.000000000000000000 ) ) ;
#8580 = DIRECTION ( 'NONE',  ( -0.000000000000000000, 1.000000000000000000, -0.000000000000000000 ) ) ;
#8581 = EDGE_LOOP ( 'NONE', ( #563, #9678, #9315, #8629 ) ) ;
#8582 = CARTESIAN_POINT ( 'NONE',  ( 0.000000000000000000, 0.000000000000000000, 0.000000000000000000 ) ) ;
#8583 = LINE ( 'NONE', #179, #7886 ) ;
#8584 = EDGE_CURVE ( 'NONE', #1463, #4687, #6374, .T. ) ;
#8585 = ADVANCED_FACE ( 'NONE', ( #7627 ), #9565, .F. ) ;
#8586 = CARTESIAN_POINT ( 'NONE',  ( 22.72792206135787296, -13.50000000000000355, 5.000000000000000000 ) ) ;
#8587 = LINE ( 'NONE', #8410, #2175 ) ;
#8588 = ORIENTED_EDGE ( 'NONE', *, *, #7403, .F. ) ;
#8589 = EDGE_LOOP ( 'NONE', ( #5632, #8939 ) ) ;
#8590 = VECTOR ( 'NONE', #11228, 1000.000000000000000 ) ;
#8591 = CARTESIAN_POINT ( 'NONE',  ( -4.492836604515840548, -15.21532536106369093, 4.000000000000000888 ) ) ;
#8592 = EDGE_CURVE ( 'NONE', #5635, #11249, #10222, .T. ) ;
#8593 = CARTESIAN_POINT ( 'NONE',  ( -1.568235892687699806, -16.33322781619297714, 4.999999999999999112 ) ) ;
#8594 = EDGE_CURVE ( 'NONE', #10071, #7299, #6612, .T. ) ;
#8595 = DIRECTION ( 'NONE',  ( 0.000000000000000000, -1.000000000000000000, 0.000000000000000000 ) ) ;
#8596 = CARTESIAN_POINT ( 'NONE',  ( -0.6978361426892959463, -15.04450368638769397, 5.000000000000000888 ) ) ;
#8597 = FACE_BOUND ( 'NONE', #2067, .T. ) ;
#8598 = CARTESIAN_POINT ( 'NONE',  ( -4.766584161801686648, -15.74923274492232039, 4.000000000000001776 ) ) ;
#8599 = DIRECTION ( 'NONE',  ( 0.000000000000000000, 1.000000000000000000, 0.000000000000000000 ) ) ;
#8600 = VERTEX_POINT ( 'NONE', #11309 ) ;
#8601 = EDGE_CURVE ( 'NONE', #7443, #5245, #5708, .T. ) ;
#8602 = ORIENTED_EDGE ( 'NONE', *, *, #1734, .T. ) ;
#8603 = CARTESIAN_POINT ( 'NONE',  ( -45.59999999999999432, -16.20000000000000284, 34.49999999999993605 ) ) ;
#8604 = ORIENTED_EDGE ( 'NONE', *, *, #1816, .T. ) ;
#8605 = FACE_OUTER_BOUND ( 'NONE', #6944, .T. ) ;
#8606 = ORIENTED_EDGE ( 'NONE', *, *, #10475, .F. ) ;
#8607 = AXIS2_PLACEMENT_3D ( 'NONE', #8532, #189, #4065 ) ;
#8608 = EDGE_CURVE ( 'NONE', #9040, #11252, #1226, .T. ) ;
#8609 = CARTESIAN_POINT ( 'NONE',  ( 7.000000000000003553, -5.208545504429657136, 6.000000000000000888 ) ) ;
#8610 = CARTESIAN_POINT ( 'NONE',  ( -45.49999999999997868, -5.000000000000000000, 94.99999999999992895 ) ) ;
#8611 = FACE_OUTER_BOUND ( 'NONE', #11673, .T. ) ;
#8612 = CARTESIAN_POINT ( 'NONE',  ( -24.99999999999999645, 17.50000000000000000, 2.500000000000000000 ) ) ;
#8613 = CARTESIAN_POINT ( 'NONE',  ( 75.00000000000000000, 7.000000000000026645, -102.0499999999999972 ) ) ;
#8614 = ORIENTED_EDGE ( 'NONE', *, *, #2687, .F. ) ;
#8615 = EDGE_CURVE ( 'NONE', #10735, #6043, #5997, .T. ) ;
#8616 = CARTESIAN_POINT ( 'NONE',  ( 23.49999999999999645, 17.50000000000000000, 9.000000000000001776 ) ) ;
#8617 = CARTESIAN_POINT ( 'NONE',  ( -19.19238815542511034, -12.03553390593273242, 0.000000000000000000 ) ) ;
#8618 = AXIS2_PLACEMENT_3D ( 'NONE', #8347, #9914, #67 ) ;
#8619 = VERTEX_POINT ( 'NONE', #9794 ) ;
#8620 = CARTESIAN_POINT ( 'NONE',  ( 24.37302610677950199, 13.64553457179599505, 5.000000000000000000 ) ) ;
#8621 = CARTESIAN_POINT ( 'NONE',  ( -5.210256410256410398, -17.71322518807814816, 4.000000000000000000 ) ) ;
#8622 = AXIS2_PLACEMENT_3D ( 'NONE', #440, #11431, #5158 ) ;
#8623 = ORIENTED_EDGE ( 'NONE', *, *, #6459, .T. ) ;
#8624 = VERTEX_POINT ( 'NONE', #8774 ) ;
#8625 = CARTESIAN_POINT ( 'NONE',  ( -0.4388521634615394351, -17.79463544448841716, 5.000000000000000000 ) ) ;
#8626 = AXIS2_PLACEMENT_3D ( 'NONE', #9287, #5605, #891 ) ;
#8627 = CARTESIAN_POINT ( 'NONE',  ( 119.0000000000000284, 17.00000000000000000, -80.00000000000000000 ) ) ;
#8628 = CARTESIAN_POINT ( 'NONE',  ( -28.26202902092138913, -17.50000000000000711, 0.000000000000000000 ) ) ;
#8629 = ORIENTED_EDGE ( 'NONE', *, *, #3207, .T. ) ;
#8630 = CARTESIAN_POINT ( 'NONE',  ( 1.709615384615383205, -14.53822518807815989, 4.000000000000000000 ) ) ;
#8631 = CARTESIAN_POINT ( 'NONE',  ( 5.746638708345982787E-15, -5.000000000000000000, -95.50000000000000000 ) ) ;
#8632 = ORIENTED_EDGE ( 'NONE', *, *, #3265, .F. ) ;
#8633 = VERTEX_POINT ( 'NONE', #11605 ) ;
#8634 = VERTEX_POINT ( 'NONE', #4313 ) ;
#8635 = EDGE_CURVE ( 'NONE', #4639, #10758, #436, .T. ) ;
#8636 = CARTESIAN_POINT ( 'NONE',  ( -5.780128205128205465, -14.53822518807814923, 5.000000000000000000 ) ) ;
#8637 = CARTESIAN_POINT ( 'NONE',  ( 0.7460685591314266674, -17.27798701181589536, 4.000000000000000000 ) ) ;
#8638 = DIRECTION ( 'NONE',  ( -0.000000000000000000, 1.000000000000000000, -0.000000000000000000 ) ) ;
#8639 = CARTESIAN_POINT ( 'NONE',  ( -0.007416702385228093192, -17.74634512731025282, 4.000000000000000888 ) ) ;
#8640 = EDGE_LOOP ( 'NONE', ( #7986, #7226, #9698, #4964 ) ) ;
#8641 = DIRECTION ( 'NONE',  ( 0.000000000000000000, -0.000000000000000000, -1.000000000000000000 ) ) ;
#8642 = LINE ( 'NONE', #1030, #582 ) ;
#8643 = CARTESIAN_POINT ( 'NONE',  ( 7.000000000000003553, -8.208545504429656248, 5.000000000000000000 ) ) ;
#8644 = VERTEX_POINT ( 'NONE', #7867 ) ;
#8645 = EDGE_LOOP ( 'NONE', ( #10453, #4776, #8231, #10654 ) ) ;
#8646 = LINE ( 'NONE', #3030, #10336 ) ;
#8647 = EDGE_CURVE ( 'NONE', #9888, #511, #4789, .T. ) ;
#8648 = DIRECTION ( 'NONE',  ( -0.000000000000000000, -1.000000000000000000, -0.000000000000000000 ) ) ;
#8649 = EDGE_CURVE ( 'NONE', #10201, #2066, #6959, .T. ) ;
#8650 = LINE ( 'NONE', #6053, #9862 ) ;
#8651 = CARTESIAN_POINT ( 'NONE',  ( -1.584694498153548015, -15.99930617092241647, 4.000000000000000888 ) ) ;
#8652 = LINE ( 'NONE', #4977, #10719 ) ;
#8653 = LINE ( 'NONE', #7076, #3495 ) ;
#8654 = CARTESIAN_POINT ( 'NONE',  ( -4.416506410256410220, -16.26437703102686783, 4.000000000000000000 ) ) ;
#8655 = VERTEX_POINT ( 'NONE', #492 ) ;
#8656 = ORIENTED_EDGE ( 'NONE', *, *, #525, .F. ) ;
#8657 = CARTESIAN_POINT ( 'NONE',  ( -6.999999999999998224, -6.208545504429656248, 10.00000000000000000 ) ) ;
#8658 = VERTEX_POINT ( 'NONE', #549 ) ;
#8659 = CARTESIAN_POINT ( 'NONE',  ( 19.19238815542513166, -12.03553390593273242, 5.000000000000000000 ) ) ;
#8660 = EDGE_CURVE ( 'NONE', #4832, #10010, #7749, .T. ) ;
#8661 = EDGE_LOOP ( 'NONE', ( #8845, #2799, #6210, #7539 ) ) ;
#8662 = CARTESIAN_POINT ( 'NONE',  ( -29.49999999999999645, -19.75000000000000000, 5.000000000000000000 ) ) ;
#8663 = ADVANCED_FACE ( 'NONE', ( #672 ), #10526, .T. ) ;
#8664 = DIRECTION ( 'NONE',  ( 0.000000000000000000, 0.000000000000000000, -1.000000000000000000 ) ) ;
#8665 = FACE_OUTER_BOUND ( 'NONE', #4896, .T. ) ;
#8666 = VECTOR ( 'NONE', #11766, 1000.000000000000000 ) ;
#8667 = CARTESIAN_POINT ( 'NONE',  ( -64.99999999999995737, -5.000000000000000000, -57.54999999999997584 ) ) ;
#8668 = CARTESIAN_POINT ( 'NONE',  ( -79.91082916792198887, 25.44184406954964928, -99.79620323048514763 ) ) ;
#8669 = VERTEX_POINT ( 'NONE', #3338 ) ;
#8670 = DIRECTION ( 'NONE',  ( 0.000000000000000000, 0.000000000000000000, -1.000000000000000000 ) ) ;
#8671 = LINE ( 'NONE', #11443, #11547 ) ;
#8672 = ORIENTED_EDGE ( 'NONE', *, *, #1807, .F. ) ;
#8673 = CARTESIAN_POINT ( 'NONE',  ( -4.410669370802089873, -15.33500174084944945, 4.999999999999999112 ) ) ;
#8674 = EDGE_CURVE ( 'NONE', #9350, #5179, #10639, .T. ) ;
#8675 = DIRECTION ( 'NONE',  ( 0.000000000000000000, 0.000000000000000000, -1.000000000000000000 ) ) ;
#8676 = VERTEX_POINT ( 'NONE', #7022 ) ;
#8677 = VECTOR ( 'NONE', #1722, 1000.000000000000114 ) ;
#8678 = CARTESIAN_POINT ( 'NONE',  ( 45.50000000000003553, -5.000000000000000000, 94.99999999999992895 ) ) ;
#8679 = CARTESIAN_POINT ( 'NONE',  ( 27.75000000000000355, -21.50000000000000000, 0.000000000000000000 ) ) ;
#8680 = FACE_OUTER_BOUND ( 'NONE', #719, .T. ) ;
#8681 = ORIENTED_EDGE ( 'NONE', *, *, #3115, .T. ) ;
#8682 = CIRCLE ( 'NONE', #7910, 3.000000000000002665 ) ;
#8683 = CARTESIAN_POINT ( 'NONE',  ( -11.00000000000000178, 0.000000000000000000, 6.000000000000002665 ) ) ;
#8684 = DIRECTION ( 'NONE',  ( 0.000000000000000000, 0.000000000000000000, -1.000000000000000000 ) ) ;
#8685 = VERTEX_POINT ( 'NONE', #6178 ) ;
#8686 = VERTEX_POINT ( 'NONE', #6062 ) ;
#8687 = B_SPLINE_CURVE_WITH_KNOTS ( 'NONE', 3,
 ( #11044, #4477, #1754, #6409, #9123, #5320, #8276, #7371, #10803, #8158, #5264, #8937, #4357, #10079, #1820, #7123, #842, #11833, #8032 ),
 .UNSPECIFIED., .F., .F.,
 ( 4, 1, 1, 1, 1, 1, 1, 1, 1, 1, 1, 1, 1, 1, 1, 1, 4 ),
 ( 0.000000000000000000, 0.1055399964402574386, 0.2020864154635874377, 0.2906848989424213880, 0.3705526096211915754, 0.4426702615663768992, 0.5076749275738737799, 0.5655732034810453390, 0.6164546657486240644, 0.6633313570051044827, 0.7088620244966149508, 0.7534118003496285132, 0.7985150107871087366, 0.8450643214401182268, 0.8938731190084054923, 0.9447078060036530056, 1.000000000000000000 ),
 .UNSPECIFIED. ) ;
#8688 = AXIS2_PLACEMENT_3D ( 'NONE', #7697, #10655, #5113 ) ;
#8689 = VERTEX_POINT ( 'NONE', #9738 ) ;
#8690 = AXIS2_PLACEMENT_3D ( 'NONE', #5044, #3346, #11367 ) ;
#8691 = LINE ( 'NONE', #6755, #7960 ) ;
#8692 = CARTESIAN_POINT ( 'NONE',  ( 0.5296705452098008360, 13.50000000000000178, 5.000000000000000000 ) ) ;
#8693 = LINE ( 'NONE', #6042, #848 ) ;
#8694 = ORIENTED_EDGE ( 'NONE', *, *, #3853, .F. ) ;
#8695 = FACE_BOUND ( 'NONE', #5683, .T. ) ;
#8696 = LINE ( 'NONE', #10802, #4076 ) ;
#8697 = AXIS2_PLACEMENT_3D ( 'NONE', #8711, #11539, #7804 ) ;
#8698 = FACE_OUTER_BOUND ( 'NONE', #11250, .T. ) ;
#8699 = EDGE_LOOP ( 'NONE', ( #10793, #1181, #4596, #11055 ) ) ;
#8700 = VERTEX_POINT ( 'NONE', #5153 ) ;
#8701 = AXIS2_PLACEMENT_3D ( 'NONE', #10770, #4148, #4206 ) ;
#8702 = CARTESIAN_POINT ( 'NONE',  ( -1.119743358536410049, -17.67505503352701979, 4.999999999999992895 ) ) ;
#8703 = ADVANCED_FACE ( 'NONE', ( #8717 ), #8830, .F. ) ;
#8704 = CARTESIAN_POINT ( 'NONE',  ( -1.587500000000001021, -16.10918872974482596, 4.000000000000000000 ) ) ;
#8705 = AXIS2_PLACEMENT_3D ( 'NONE', #1277, #2249, #6896 ) ;
#8706 = AXIS2_PLACEMENT_3D ( 'NONE', #603, #11035, #9112 ) ;
#8707 = DIRECTION ( 'NONE',  ( 0.000000000000000000, 0.000000000000000000, 1.000000000000000000 ) ) ;
#8708 = CARTESIAN_POINT ( 'NONE',  ( 0.2733273964590465788, -15.26745236530108585, 4.000000000000000000 ) ) ;
#8709 = CARTESIAN_POINT ( 'NONE',  ( 0.000000000000000000, 0.000000000000000000, 4.000000000000000000 ) ) ;
#8710 = VECTOR ( 'NONE', #3369, 1000.000000000000000 ) ;
#8711 = CARTESIAN_POINT ( 'NONE',  ( -24.99999999999999645, 17.50000000000000000, 2.500000000000000000 ) ) ;
#8713 = VECTOR ( 'NONE', #4587, 1000.000000000000000 ) ;
#8712 = LINE ( 'NONE', #6122, #10035 ) ;
#8714 = ORIENTED_EDGE ( 'NONE', *, *, #3878, .F. ) ;
#8715 = EDGE_CURVE ( 'NONE', #7556, #4482, #10698, .T. ) ;
#8716 = VERTEX_POINT ( 'NONE', #2426 ) ;
#8717 = FACE_OUTER_BOUND ( 'NONE', #8455, .T. ) ;
#8718 = EDGE_LOOP ( 'NONE', ( #8999, #9463, #4264, #9582 ) ) ;
#8719 = CARTESIAN_POINT ( 'NONE',  ( -16.74999999999999645, 5.949455682166679971, 5.000000000000000000 ) ) ;
#8720 = ORIENTED_EDGE ( 'NONE', *, *, #4544, .T. ) ;
#8721 = EDGE_CURVE ( 'NONE', #2517, #11174, #4370, .T. ) ;
#8722 = AXIS2_PLACEMENT_3D ( 'NONE', #4607, #8105, #4494 ) ;
#8723 = VECTOR ( 'NONE', #10677, 1000.000000000000000 ) ;
#8724 = CARTESIAN_POINT ( 'NONE',  ( -25.33369296624130840, 22.34263864068763539, 0.000000000000000000 ) ) ;
#8725 = B_SPLINE_SURFACE_WITH_KNOTS ( 'NONE', 3, 1, ( 
 ( #252, #5578 ),
 ( #4792, #188 ),
 ( #4919, #6661 ),
 ( #10337, #8596 ),
 ( #5754, #10394 ),
 ( #3714, #10159 ),
 ( #9435, #7394 ),
 ( #9255, #2302 ),
 ( #9613, #10573 ),
 ( #543, #1335 ),
 ( #4189, #4011 ),
 ( #1279, #5029 ),
 ( #2420, #9559 ),
 ( #8768, #4976 ),
 ( #9732, #6840 ),
 ( #3331, #7737 ),
 ( #8651, #11353 ),
 ( #10691, #3160 ),
 ( #7860, #1454 ) ),
 .UNSPECIFIED., .F., .F., .F.,
 ( 4, 1, 1, 1, 1, 1, 1, 1, 1, 1, 1, 1, 1, 1, 1, 1, 4 ),
 ( 2, 2 ),
 ( 0.000000000000000000, 0.06718757354736738796, 0.1319286902789449656, 0.1951888472476513980, 0.2571283310395818256, 0.3188425934467536416, 0.3804925116413721553, 0.4432187279583991724, 0.5071253041351038160, 0.5707121370126607696, 0.6324819649837610802, 0.6932526949398444271, 0.7531313290707890573, 0.8134576601575654875, 0.8738631107010343957, 0.9361102679396072768, 1.000000000000000000 ),
 ( 0.000000000000000000, 1.000000000000000000 ),
 .UNSPECIFIED. ) ;
#8726 = DIRECTION ( 'NONE',  ( 0.000000000000000000, 0.000000000000000000, -1.000000000000000000 ) ) ;
#8727 = EDGE_CURVE ( 'NONE', #1785, #3198, #615, .T. ) ;
#8728 = PLANE ( 'NONE',  #7231 ) ;
#8729 = CARTESIAN_POINT ( 'NONE',  ( 3.750000000000000000, 4.000000000000000000, -6.499999999999999112 ) ) ;
#8730 = FACE_BOUND ( 'NONE', #2499, .T. ) ;
#8731 = ORIENTED_EDGE ( 'NONE', *, *, #2312, .T. ) ;
#8732 = DIRECTION ( 'NONE',  ( -0.000000000000000000, -1.000000000000000000, -0.000000000000000000 ) ) ;
#8733 = FACE_OUTER_BOUND ( 'NONE', #9307, .T. ) ;
#8734 = ORIENTED_EDGE ( 'NONE', *, *, #10154, .F. ) ;
#8735 = CIRCLE ( 'NONE', #3920, 1.549999999999995826 ) ;
#8737 = VECTOR ( 'NONE', #5507, 1000.000000000000000 ) ;
#8736 = CARTESIAN_POINT ( 'NONE',  ( -4.620576031928705696, -15.14330935764022890, 4.999999999999999112 ) ) ;
#8738 = EDGE_CURVE ( 'NONE', #1852, #7778, #5036, .T. ) ;
#8739 = CYLINDRICAL_SURFACE ( 'NONE', #3512, 2.599999999999984102 ) ;
#8740 = EDGE_LOOP ( 'NONE', ( #3551, #5279, #8956, #5067 ) ) ;
#8741 = EDGE_CURVE ( 'NONE', #10997, #6512, #9298, .T. ) ;
#8742 = FACE_OUTER_BOUND ( 'NONE', #10554, .T. ) ;
#8743 = ADVANCED_FACE ( 'NONE', ( #9247, #8174 ), #8237, .T. ) ;
#8744 = CARTESIAN_POINT ( 'NONE',  ( -10.99999999999999289, 0.000000000000000000, 7.000000000000002665 ) ) ;
#8745 = LINE ( 'NONE', #11389, #8193 ) ;
#8746 = ORIENTED_EDGE ( 'NONE', *, *, #6912, .F. ) ;
#8747 = CARTESIAN_POINT ( 'NONE',  ( -3.826506934484840805, -15.41611943538644880, 5.000000000000000888 ) ) ;
#8748 = CARTESIAN_POINT ( 'NONE',  ( 0.4840094150641016668, -15.45599862557816095, 5.000000000000000000 ) ) ;
#8749 = VECTOR ( 'NONE', #8190, 1000.000000000000000 ) ;
#8750 = ORIENTED_EDGE ( 'NONE', *, *, #10707, .F. ) ;
#8751 = ORIENTED_EDGE ( 'NONE', *, *, #8635, .F. ) ;
#8752 = VECTOR ( 'NONE', #3009, 1000.000000000000000 ) ;
#8753 = DIRECTION ( 'NONE',  ( 0.000000000000000000, 0.000000000000000000, 1.000000000000000000 ) ) ;
#8754 = CARTESIAN_POINT ( 'NONE',  ( -0.4274038461538470779, -17.22476364961662298, 4.000000000000000000 ) ) ;
#8755 = DIRECTION ( 'NONE',  ( -0.000000000000000000, -0.000000000000000000, -1.000000000000000000 ) ) ;
#8756 = EDGE_LOOP ( 'NONE', ( #6288, #2784, #1765, #1027 ) ) ;
#8757 = AXIS2_PLACEMENT_3D ( 'NONE', #5401, #2624, #4562 ) ;
#8758 = ITEM_DEFINED_TRANSFORMATION ( 'NONE', 'NONE', #7550,  #3299 ) ;
#8759 = CARTESIAN_POINT ( 'NONE',  ( 119.0000000000000284, 24.00000000000000355, -64.50000000000000000 ) ) ;
#8760 = CARTESIAN_POINT ( 'NONE',  ( -29.49999999999998224, 2.274415224058479501E-14, 9.000000000000001776 ) ) ;
#8761 = EDGE_CURVE ( 'NONE', #7646, #10791, #792, .T. ) ;
#8762 = DIRECTION ( 'NONE',  ( -0.000000000000000000, -0.000000000000000000, -1.000000000000000000 ) ) ;
#8763 = VERTEX_POINT ( 'NONE', #10149 ) ;
#8764 = ORIENTED_EDGE ( 'NONE', *, *, #2195, .T. ) ;
#8765 = CARTESIAN_POINT ( 'NONE',  ( -1.741012750254187447, -17.23975135664507619, 4.999999999999992006 ) ) ;
#8766 = CARTESIAN_POINT ( 'NONE',  ( -20.81324294376707229, 19.67280126842831933, 9.000000000000001776 ) ) ;
#8767 = LINE ( 'NONE', #485, #7735 ) ;
#8768 = CARTESIAN_POINT ( 'NONE',  ( -1.509266152412051198, -15.69080805597692496, 4.000000000000000888 ) ) ;
#8769 = DIRECTION ( 'NONE',  ( 0.000000000000000000, 0.000000000000000000, -1.000000000000000000 ) ) ;
#8770 = DIRECTION ( 'NONE',  ( 1.652117596168387756E-16, 0.000000000000000000, 1.000000000000000000 ) ) ;
#8771 = CARTESIAN_POINT ( 'NONE',  ( 20.00000000000006395, 5.000000000000000000, 73.99999999999992895 ) ) ;
#8772 = VERTEX_POINT ( 'NONE', #9068 ) ;
#8773 = ORIENTED_EDGE ( 'NONE', *, *, #5572, .T. ) ;
#8774 = CARTESIAN_POINT ( 'NONE',  ( -3.683814102564102466, -17.71322518807814816, 4.000000000000000000 ) ) ;
#8775 = ORIENTED_EDGE ( 'NONE', *, *, #5977, .T. ) ;
#8776 = VECTOR ( 'NONE', #3451, 1000.000000000000114 ) ;
#8777 = CARTESIAN_POINT ( 'NONE',  ( -4.396800232592905644, -15.41563927966092074, 3.999999999999999112 ) ) ;
#8778 = ORIENTED_EDGE ( 'NONE', *, *, #9683, .F. ) ;
#8779 = DIRECTION ( 'NONE',  ( 0.000000000000000000, 0.000000000000000000, 1.000000000000000000 ) ) ;
#8780 = ADVANCED_FACE ( 'NONE', ( #9139 ), #3644, .F. ) ;
#8781 = LINE ( 'NONE', #11792, #1947 ) ;
#8782 = AXIS2_PLACEMENT_3D ( 'NONE', #2701, #1732, #11084 ) ;
#8783 = DIRECTION ( 'NONE',  ( 1.000000000000000000, 0.000000000000000000, 0.000000000000000000 ) ) ;
#8784 = DIRECTION ( 'NONE',  ( -1.000000000000000000, 0.000000000000000000, 0.000000000000000000 ) ) ;
#8785 = CARTESIAN_POINT ( 'NONE',  ( -20.00000000000001421, 5.000000000000000000, 75.49999999999992895 ) ) ;
#8786 = CARTESIAN_POINT ( 'NONE',  ( 119.0000000000000284, 37.42339375865881834, -86.25000000000001421 ) ) ;
#8787 = EDGE_LOOP ( 'NONE', ( #10958, #3602, #1520, #6440 ) ) ;
#8788 = LINE ( 'NONE', #9632, #7908 ) ;
#8789 = CARTESIAN_POINT ( 'NONE',  ( -0.4274038461538470779, -17.22476364961662298, 4.000000000000000000 ) ) ;
#8790 = ORIENTED_EDGE ( 'NONE', *, *, #1424, .F. ) ;
#8791 = DIRECTION ( 'NONE',  ( 0.000000000000000000, 0.000000000000000000, -1.000000000000000000 ) ) ;
#8792 = ORIENTED_EDGE ( 'NONE', *, *, #4306, .T. ) ;
#8793 = CARTESIAN_POINT ( 'NONE',  ( -2.154862576988714640, -16.22322658044492982, 5.000000000000000000 ) ) ;
#8794 = ADVANCED_FACE ( 'NONE', ( #6487 ), #6247, .F. ) ;
#8795 = VECTOR ( 'NONE', #2684, 1000.000000000000000 ) ;
#8796 = CARTESIAN_POINT ( 'NONE',  ( 24.00000000000001421, -89.44271909999159220, -25.00000000000006395 ) ) ;
#8797 = DIRECTION ( 'NONE',  ( -0.000000000000000000, -1.000000000000000000, -0.000000000000000000 ) ) ;
#8798 = EDGE_LOOP ( 'NONE', ( #7974, #3537, #880, #2119 ) ) ;
#8800 = EDGE_CURVE ( 'NONE', #4718, #9828, #1706, .T. ) ;
#8799 = CARTESIAN_POINT ( 'NONE',  ( -3.904711946923277388, -15.04694803077888210, 5.000000000000000888 ) ) ;
#8801 = VECTOR ( 'NONE', #5476, 1000.000000000000000 ) ;
#8802 = DIRECTION ( 'NONE',  ( -1.000000000000000000, 0.000000000000000000, 0.000000000000000000 ) ) ;
#8803 = EDGE_CURVE ( 'NONE', #10181, #5141, #3724, .T. ) ;
#8804 = VERTEX_POINT ( 'NONE', #3457 ) ;
#8805 = VERTEX_POINT ( 'NONE', #5514 ) ;
#8806 = EDGE_CURVE ( 'NONE', #2535, #3943, #10457, .T. ) ;
#8807 = CARTESIAN_POINT ( 'NONE',  ( -4.402855671620519828, -15.51354412638552027, 4.000000000000000000 ) ) ;
#8808 = CARTESIAN_POINT ( 'NONE',  ( 64.99999999999998579, 5.000000000000000000, -56.00000000000000711 ) ) ;
#8809 = LINE ( 'NONE', #7899, #1388 ) ;
#8810 = PLANE ( 'NONE',  #11257 ) ;
#8812 = ORIENTED_EDGE ( 'NONE', *, *, #2846, .T. ) ;
#8811 = CIRCLE ( 'NONE', #11899, 2.000000000000001776 ) ;
#8813 = CARTESIAN_POINT ( 'NONE',  ( 26.91304266039244553, 68.48877609668410571, 137.9189255671207093 ) ) ;
#8814 = LINE ( 'NONE', #5194, #1919 ) ;
#8815 = DIRECTION ( 'NONE',  ( 0.000000000000000000, 0.000000000000000000, 1.000000000000000000 ) ) ;
#8816 = DIRECTION ( 'NONE',  ( -0.7071067811865452413, 0.000000000000000000, -0.7071067811865499042 ) ) ;
#8817 = ORIENTED_EDGE ( 'NONE', *, *, #5388, .T. ) ;
#8818 = PRODUCT ( 'paa5100je_assembly3', 'paa5100je_assembly3', '', ( #2350 ) ) ;
#8819 = EDGE_LOOP ( 'NONE', ( #7583, #5942, #5085, #8218 ) ) ;
#8820 = CARTESIAN_POINT ( 'NONE',  ( -1.985865553552944585, -16.86759056696600112, 4.000000000000000000 ) ) ;
#8821 = EDGE_CURVE ( 'NONE', #9648, #6293, #6305, .T. ) ;
#8822 = LINE ( 'NONE', #4238, #2190 ) ;
#8823 = CARTESIAN_POINT ( 'NONE',  ( -2.727243589743591379, -14.53822518807815989, 5.000000000000000000 ) ) ;
#8824 = CARTESIAN_POINT ( 'NONE',  ( 8.999999999999991118, -6.208545504429656248, 5.000000000000000000 ) ) ;
#8825 = LINE ( 'NONE', #1396, #2638 ) ;
#8826 = CARTESIAN_POINT ( 'NONE',  ( -26.00000000000000000, 5.000000000000004441, 43.49999999999992895 ) ) ;
#8827 = DIRECTION ( 'NONE',  ( 1.000000000000000000, 0.000000000000000000, 0.000000000000000000 ) ) ;
#8828 = ORIENTED_EDGE ( 'NONE', *, *, #7567, .T. ) ;
#8829 = ORIENTED_EDGE ( 'NONE', *, *, #2229, .F. ) ;
#8830 = CYLINDRICAL_SURFACE ( 'NONE', #4297, 1.499999999999987566 ) ;
#8831 = ORIENTED_EDGE ( 'NONE', *, *, #11465, .F. ) ;
#8832 = CARTESIAN_POINT ( 'NONE',  ( -4.430724944722149061, -15.29095892190899519, 4.000000000000002665 ) ) ;
#8833 = ORIENTED_EDGE ( 'NONE', *, *, #3791, .F. ) ;
#8834 = DIRECTION ( 'NONE',  ( 1.000000000000000000, -0.000000000000000000, 8.673617379884193244E-16 ) ) ;
#8835 = CARTESIAN_POINT ( 'NONE',  ( 22.53798701022631334, -13.49639116526635085, 9.000000000000001776 ) ) ;
#8836 = CYLINDRICAL_SURFACE ( 'NONE', #6278, 1.000000000000000888 ) ;
#8837 = DIRECTION ( 'NONE',  ( 0.000000000000000000, -0.000000000000000000, 1.000000000000000000 ) ) ;
#8838 = CARTESIAN_POINT ( 'NONE',  ( -4.233900207719239361, -14.68132749645695689, 3.999999999999999112 ) ) ;
#8839 = CYLINDRICAL_SURFACE ( 'NONE', #10820, 1.000000000000004441 ) ;
#8840 = VERTEX_POINT ( 'NONE', #5390 ) ;
#8841 = DIRECTION ( 'NONE',  ( -0.000000000000000000, -0.000000000000000000, 1.000000000000000000 ) ) ;
#8842 = DIRECTION ( 'NONE',  ( -0.000000000000000000, 1.000000000000000000, -0.000000000000000000 ) ) ;
#8843 = VERTEX_POINT ( 'NONE', #858 ) ;
#8844 = PLANE ( 'NONE',  #1610 ) ;
#8845 = ORIENTED_EDGE ( 'NONE', *, *, #2314, .T. ) ;
#8846 = CARTESIAN_POINT ( 'NONE',  ( -26.00000000000000000, -89.44271909999159220, 44.99999999999992895 ) ) ;
#8847 = AXIS2_PLACEMENT_3D ( 'NONE', #8351, #2116, #5568 ) ;
#8848 = CARTESIAN_POINT ( 'NONE',  ( -1.985865553552944585, -16.86759056696600112, 4.000000000000000000 ) ) ;
#8849 = CARTESIAN_POINT ( 'NONE',  ( -23.36898548953931609, -14.67500000000000782, 0.000000000000000000 ) ) ;
#8850 = AXIS2_PLACEMENT_3D ( 'NONE', #11005, #8413, #10333 ) ;
#8851 = DIRECTION ( 'NONE',  ( 0.000000000000000000, 0.000000000000000000, 1.000000000000000000 ) ) ;
#8852 = ORIENTED_EDGE ( 'NONE', *, *, #679, .F. ) ;
#8854 = EDGE_CURVE ( 'NONE', #6049, #4875, #9197, .T. ) ;
#8853 = CARTESIAN_POINT ( 'NONE',  ( -4.754285971661861510, -14.54998608670966931, 5.000000000000000888 ) ) ;
#8855 = DIRECTION ( 'NONE',  ( -1.000000000000000000, -0.000000000000000000, -0.000000000000000000 ) ) ;
#8856 = VECTOR ( 'NONE', #11323, 1000.000000000000000 ) ;
#8857 = EDGE_LOOP ( 'NONE', ( #10804, #6236 ) ) ;
#8858 = EDGE_LOOP ( 'NONE', ( #9185, #5726, #32, #5171 ) ) ;
#8859 = EDGE_LOOP ( 'NONE', ( #11722, #4495, #11574, #4802 ) ) ;
#8860 = DIRECTION ( 'NONE',  ( 2.040851148208009970E-16, 0.000000000000000000, 1.000000000000000000 ) ) ;
#8861 = CARTESIAN_POINT ( 'NONE',  ( 0.9748812362655017161, -16.92499946339432171, 3.999999999999999112 ) ) ;
#8862 = EDGE_CURVE ( 'NONE', #8634, #796, #11848, .T. ) ;
#8863 = VECTOR ( 'NONE', #10218, 1000.000000000000000 ) ;
#8864 = CARTESIAN_POINT ( 'NONE',  ( -0.1338781851337362272, -17.19163327704407251, 5.000000000000000888 ) ) ;
#8865 = DIRECTION ( 'NONE',  ( 0.5000000000000011102, 0.8660254037844380415, 0.000000000000000000 ) ) ;
#8866 = VECTOR ( 'NONE', #8445, 1000.000000000000000 ) ;
#8867 = EDGE_LOOP ( 'NONE', ( #10541, #1962, #10467, #5802, #1643, #11560 ) ) ;
#8868 = DIRECTION ( 'NONE',  ( -0.000000000000000000, -0.000000000000000000, -1.000000000000000000 ) ) ;
#8869 = CARTESIAN_POINT ( 'NONE',  ( 23.49999999999999645, -17.50000000000000000, 9.000000000000001776 ) ) ;
#8870 = LINE ( 'NONE', #7007, #1393 ) ;
#8871 = EDGE_LOOP ( 'NONE', ( #7481, #4653, #3116, #11669 ) ) ;
#8872 = CIRCLE ( 'NONE', #2326, 1.500000000000001332 ) ;
#8873 = ADVANCED_FACE ( 'NONE', ( #11059 ), #4666, .T. ) ;
#8874 = CIRCLE ( 'NONE', #9268, 1.500000000000001332 ) ;
#8875 = EDGE_LOOP ( 'NONE', ( #8750, #10715, #6260, #11168 ) ) ;
#8876 = AXIS2_PLACEMENT_3D ( 'NONE', #9974, #6244, #11057 ) ;
#8877 = CARTESIAN_POINT ( 'NONE',  ( -1.414212917856179086, -17.52429352639051885, 4.999999999999991118 ) ) ;
#8878 = DIRECTION ( 'NONE',  ( -1.000000000000000000, -0.000000000000000000, -0.000000000000000000 ) ) ;
#8879 = LINE ( 'NONE', #605, #2533 ) ;
#8880 = VECTOR ( 'NONE', #5748, 1000.000000000000227 ) ;
#8881 = EDGE_CURVE ( 'NONE', #796, #9954, #6363, .T. ) ;
#8882 = CARTESIAN_POINT ( 'NONE',  ( -4.011129872859713785, -16.00390001245806459, 5.000000000000000000 ) ) ;
#8883 = VECTOR ( 'NONE', #11664, 1000.000000000000000 ) ;
#8884 = PLANE ( 'NONE',  #1087 ) ;
#8885 = CARTESIAN_POINT ( 'NONE',  ( -81.00000000000001421, 24.00000000000000355, -63.00000000000000000 ) ) ;
#8886 = CARTESIAN_POINT ( 'NONE',  ( -14.99999999999999645, -5.772077938642127037, 5.000000000000000000 ) ) ;
#8887 = EDGE_LOOP ( 'NONE', ( #7760, #3582, #7510, #6903, #2372, #4760 ) ) ;
#8888 = ORIENTED_EDGE ( 'NONE', *, *, #3406, .F. ) ;
#8889 = CARTESIAN_POINT ( 'NONE',  ( 119.0000000000000284, 10.57660624134121363, -72.24999999999998579 ) ) ;
#8890 = ORIENTED_EDGE ( 'NONE', *, *, #9405, .F. ) ;
#8891 = VECTOR ( 'NONE', #574, 1000.000000000000000 ) ;
#8892 = CARTESIAN_POINT ( 'NONE',  ( -27.74999999999998934, -13.50000000000000178, 5.000000000000000000 ) ) ;
#8893 = ORIENTED_EDGE ( 'NONE', *, *, #7274, .T. ) ;
#8894 = DIRECTION ( 'NONE',  ( -0.8610380995189044206, -0.5085404518589187184, 0.000000000000000000 ) ) ;
#8895 = DIRECTION ( 'NONE',  ( 0.000000000000000000, 0.000000000000000000, -1.000000000000000000 ) ) ;
#8896 = DIRECTION ( 'NONE',  ( -0.000000000000000000, -1.000000000000000000, -0.000000000000000000 ) ) ;
#8897 = CARTESIAN_POINT ( 'NONE',  ( -2.101754536636343040, -16.55393570626073085, 4.999999999999991118 ) ) ;
#8898 = ADVANCED_FACE ( 'NONE', ( #7137 ), #11784, .F. ) ;
#8899 = CARTESIAN_POINT ( 'NONE',  ( -15.86005420924688991, 7.456272356324761041, 0.000000000000000000 ) ) ;
#8900 = CARTESIAN_POINT ( 'NONE',  ( -79.05809986186207539, 22.68372827054094287, -100.0000000000000000 ) ) ;
#8901 = VERTEX_POINT ( 'NONE', #7205 ) ;
#8902 = DIRECTION ( 'NONE',  ( -0.000000000000000000, -0.000000000000000000, 1.000000000000000000 ) ) ;
#8903 = CARTESIAN_POINT ( 'NONE',  ( -0.1338781851337362272, -17.19163327704407251, 4.000000000000000888 ) ) ;
#8904 = ORIENTED_EDGE ( 'NONE', *, *, #11850, .T. ) ;
#8905 = LINE ( 'NONE', #4390, #8749 ) ;
#8906 = EDGE_LOOP ( 'NONE', ( #2673, #6490, #11643, #7318 ) ) ;
#8907 = VECTOR ( 'NONE', #4816, 1000.000000000000000 ) ;
#8908 = CIRCLE ( 'NONE', #11030, 1.500000000000001332 ) ;
#8909 = FACE_OUTER_BOUND ( 'NONE', #2935, .T. ) ;
#8910 = DIRECTION ( 'NONE',  ( -0.000000000000000000, -0.000000000000000000, -1.000000000000000000 ) ) ;
#8911 = SURFACE_STYLE_USAGE ( .BOTH. , #2331 ) ;
#8912 = VECTOR ( 'NONE', #3587, 1000.000000000000000 ) ;
#8913 = CARTESIAN_POINT ( 'NONE',  ( -1.014354110961325661, -17.71213953707530564, 3.999999999999999112 ) ) ;
#8914 = CARTESIAN_POINT ( 'NONE',  ( 24.83598345761040704, 20.75790299228751223, 2.500000000000000000 ) ) ;
#8915 = B_SPLINE_SURFACE_WITH_KNOTS ( 'NONE', 3, 1, ( 
 ( #8704, #3092 ),
 ( #362, #1391 ),
 ( #7672, #11534 ),
 ( #10518, #8593 ),
 ( #7734, #426 ),
 ( #6770, #11481 ),
 ( #2299, #6895 ),
 ( #7800, #1151 ),
 ( #4008, #2194 ),
 ( #10570, #11297 ),
 ( #9610, #6710 ),
 ( #1332, #8528 ),
 ( #11414, #5933 ),
 ( #9557, #5813 ),
 ( #5986, #4061 ),
 ( #7618, #7858 ),
 ( #9495, #1217 ),
 ( #6948, #4917 ),
 ( #10455, #5875 ) ),
 .UNSPECIFIED., .F., .F., .F.,
 ( 4, 1, 1, 1, 1, 1, 1, 1, 1, 1, 1, 1, 1, 1, 1, 1, 4 ),
 ( 2, 2 ),
 ( 0.000000000000000000, 0.06387922505487494962, 0.1258508182289635458, 0.1864720878710259822, 0.2464764795622997329, 0.3062584143630093236, 0.3669511756525886681, 0.4288608758525596643, 0.4925686815092669701, 0.5566061100449879451, 0.6190867352860935924, 0.6810492005977589747, 0.7427850667630342407, 0.8048964525180758445, 0.8678490598723974658, 0.9329329606759886317, 1.000000000000000000 ),
 ( 0.000000000000000000, 1.000000000000000000 ),
 .UNSPECIFIED. ) ;
#8916 = DIRECTION ( 'NONE',  ( 1.000000000000000000, -0.000000000000000000, -0.000000000000000000 ) ) ;
#8917 = ORIENTED_EDGE ( 'NONE', *, *, #7266, .T. ) ;
#8918 = CARTESIAN_POINT ( 'NONE',  ( -3.881052035110090337, -15.10678822944700350, 4.999999999999997335 ) ) ;
#8919 = LINE ( 'NONE', #9042, #9317 ) ;
#8920 = EDGE_LOOP ( 'NONE', ( #7473, #2025, #7185, #5823, #3693, #8075, #6861, #1108, #11175, #3699, #3723, #10126, #505, #6600, #3742, #3488, #2859, #11357, #2444, #4072, #5323, #341, #11721, #9907, #2520, #8191, #6179, #5969, #10697, #3184, #10423 ) ) ;
#8921 = VECTOR ( 'NONE', #1015, 1000.000000000000114 ) ;
#8922 = VECTOR ( 'NONE', #10552, 1000.000000000000000 ) ;
#8923 = ORIENTED_EDGE ( 'NONE', *, *, #6721, .T. ) ;
#8924 = ORIENTED_EDGE ( 'NONE', *, *, #1801, .F. ) ;
#8925 = ADVANCED_FACE ( 'NONE', ( #5455 ), #10883, .F. ) ;
#8926 = AXIS2_PLACEMENT_3D ( 'NONE', #11936, #7298, #4640 ) ;
#8927 = DIRECTION ( 'NONE',  ( 0.000000000000000000, 0.000000000000000000, -1.000000000000000000 ) ) ;
#8928 = DIRECTION ( 'NONE',  ( -0.000000000000000000, -0.000000000000000000, -1.000000000000000000 ) ) ;
#8929 = DIRECTION ( 'NONE',  ( 0.000000000000000000, 0.000000000000000000, 1.000000000000000000 ) ) ;
#8930 = EDGE_CURVE ( 'NONE', #2404, #3380, #6422, .T. ) ;
#8931 = CARTESIAN_POINT ( 'NONE',  ( 27.75000000000000355, -21.50000000000000000, 9.000000000000001776 ) ) ;
#8932 = ORIENTED_EDGE ( 'NONE', *, *, #9852, .T. ) ;
#8933 = CIRCLE ( 'NONE', #8371, 2.599999999999984102 ) ;
#8934 = FACE_OUTER_BOUND ( 'NONE', #2880, .T. ) ;
#8935 = DIRECTION ( 'NONE',  ( -0.000000000000000000, 1.000000000000000000, -0.000000000000000000 ) ) ;
#8936 = EDGE_CURVE ( 'NONE', #10404, #8655, #300, .T. ) ;
#8937 = CARTESIAN_POINT ( 'NONE',  ( -4.466858170621735624, -15.64065829892764548, 5.000000000000000888 ) ) ;
#8938 = VERTEX_POINT ( 'NONE', #1211 ) ;
#8939 = ORIENTED_EDGE ( 'NONE', *, *, #11608, .F. ) ;
#8940 = EDGE_CURVE ( 'NONE', #5733, #6844, #1146, .T. ) ;
#8941 = LINE ( 'NONE', #539, #6681 ) ;
#8942 = LINE ( 'NONE', #3328, #7165 ) ;
#8943 = ADVANCED_FACE ( 'NONE', ( #5808 ), #11237, .F. ) ;
#8944 = CARTESIAN_POINT ( 'NONE',  ( -25.99999999999999645, 5.000000000000004441, -25.00000000000006395 ) ) ;
#8945 = LINE ( 'NONE', #2366, #7067 ) ;
#8946 = CARTESIAN_POINT ( 'NONE',  ( 2.279487179487178050, -17.71322518807815882, 4.000000000000000000 ) ) ;
#8947 = CARTESIAN_POINT ( 'NONE',  ( 3.378525641025639903, -15.75937903423200659, 4.000000000000000000 ) ) ;
#8948 = VERTEX_POINT ( 'NONE', #244 ) ;
#8949 = ORIENTED_EDGE ( 'NONE', *, *, #1751, .F. ) ;
#8950 = VECTOR ( 'NONE', #7249, 1000.000000000000114 ) ;
#8951 = CARTESIAN_POINT ( 'NONE',  ( 3.378525641025639903, -15.75937903423200659, 4.000000000000000000 ) ) ;
#8952 = ORIENTED_EDGE ( 'NONE', *, *, #4316, .T. ) ;
#8953 = CARTESIAN_POINT ( 'NONE',  ( -4.317287660256409865, -17.71322518807814816, 5.000000000000000000 ) ) ;
#8954 = EDGE_CURVE ( 'NONE', #228, #11306, #8587, .T. ) ;
#8955 = CARTESIAN_POINT ( 'NONE',  ( 43.00000000000000711, -16.20000000000000284, 34.49999999999993605 ) ) ;
#8956 = ORIENTED_EDGE ( 'NONE', *, *, #9711, .F. ) ;
#8957 = MANIFOLD_SOLID_BREP ( 'Lens', #9702 ) ;
#8958 = VECTOR ( 'NONE', #150, 1000.000000000000000 ) ;
#8959 = EDGE_CURVE ( 'NONE', #5322, #11651, #8521, .T. ) ;
#8960 = CARTESIAN_POINT ( 'NONE',  ( -79.91082479059113552, 25.44182911671558500, -60.20379447846447363 ) ) ;
#8961 = DIRECTION ( 'NONE',  ( -0.000000000000000000, -0.000000000000000000, -1.000000000000000000 ) ) ;
#8962 = EDGE_CURVE ( 'NONE', #3965, #4639, #9428, .T. ) ;
#8963 = DIRECTION ( 'NONE',  ( -1.000000000000000000, 0.000000000000000000, 0.000000000000000000 ) ) ;
#8964 = PLANE ( 'NONE',  #4569 ) ;
#8965 = VECTOR ( 'NONE', #4257, 1000.000000000000000 ) ;
#8966 = DIRECTION ( 'NONE',  ( 0.000000000000000000, 0.000000000000000000, 1.000000000000000000 ) ) ;
#8967 = FACE_BOUND ( 'NONE', #131, .T. ) ;
#8968 = ORIENTED_EDGE ( 'NONE', *, *, #7540, .T. ) ;
#8969 = CARTESIAN_POINT ( 'NONE',  ( -1.006574621379063839, -14.53434285204345855, 5.000000000000000888 ) ) ;
#8970 = CARTESIAN_POINT ( 'NONE',  ( 119.0000000000000284, 37.42339375865881124, -73.75000000000000000 ) ) ;
#8971 = ORIENTED_EDGE ( 'NONE', *, *, #6240, .T. ) ;
#8972 = DIRECTION ( 'NONE',  ( -1.000000000000000000, 0.000000000000000000, 0.000000000000000000 ) ) ;
#8973 = ORIENTED_EDGE ( 'NONE', *, *, #2069, .F. ) ;
#8974 = ADVANCED_FACE ( 'NONE', ( #3942 ), #8465, .T. ) ;
#8975 = DIRECTION ( 'NONE',  ( -1.000000000000000000, 0.000000000000000000, 0.000000000000000000 ) ) ;
#8976 = VECTOR ( 'NONE', #4420, 1000.000000000000000 ) ;
#8977 = CARTESIAN_POINT ( 'NONE',  ( 5.495192307692304823, -17.71322518807815882, 4.000000000000000000 ) ) ;
#8978 = FACE_OUTER_BOUND ( 'NONE', #4342, .T. ) ;
#8979 = EDGE_CURVE ( 'NONE', #6230, #6319, #6765, .T. ) ;
#8980 = DIRECTION ( 'NONE',  ( 9.376883653928692294E-17, 0.000000000000000000, 1.000000000000000000 ) ) ;
#8981 = DIRECTION ( 'NONE',  ( 1.000000000000000000, 2.127171113256150401E-15, 0.000000000000000000 ) ) ;
#8982 = DIRECTION ( 'NONE',  ( 0.000000000000000000, 1.000000000000000000, -0.000000000000000000 ) ) ;
#8983 = ORIENTED_EDGE ( 'NONE', *, *, #2519, .T. ) ;
#8984 = DIRECTION ( 'NONE',  ( -1.000000000000000000, 0.000000000000000000, 0.000000000000000000 ) ) ;
#8985 = DIRECTION ( 'NONE',  ( -0.000000000000000000, -0.000000000000000000, 1.000000000000000000 ) ) ;
#8986 = VERTEX_POINT ( 'NONE', #10385 ) ;
#8987 = VERTEX_POINT ( 'NONE', #9551 ) ;
#8988 = VECTOR ( 'NONE', #682, 1000.000000000000000 ) ;
#8989 = ORIENTED_EDGE ( 'NONE', *, *, #3860, .F. ) ;
#8990 = CARTESIAN_POINT ( 'NONE',  ( -4.650228869770560713, -15.73142659546231847, 4.000000000000000000 ) ) ;
#8991 = LINE ( 'NONE', #767, #7742 ) ;
#8992 = DIRECTION ( 'NONE',  ( 0.000000000000000000, 1.000000000000000000, 0.000000000000000000 ) ) ;
#8993 = CYLINDRICAL_SURFACE ( 'NONE', #10872, 1.500000000000001332 ) ;
#8994 = ORIENTED_EDGE ( 'NONE', *, *, #4733, .F. ) ;
#8995 = CARTESIAN_POINT ( 'NONE',  ( 21.73797097907860731, -17.50000000000002132, 2.500000000000000000 ) ) ;
#8996 = CARTESIAN_POINT ( 'NONE',  ( 28.51207079035956227, 16.96115051869449886, 0.000000000000000000 ) ) ;
#8997 = DIRECTION ( 'NONE',  ( 0.000000000000000000, 0.000000000000000000, 1.000000000000000000 ) ) ;
#8998 = AXIS2_PLACEMENT_3D ( 'NONE', #1640, #9972, #9134 ) ;
#8999 = ORIENTED_EDGE ( 'NONE', *, *, #3258, .T. ) ;
#9000 = ORIENTED_EDGE ( 'NONE', *, *, #9612, .T. ) ;
#9001 = ORIENTED_EDGE ( 'NONE', *, *, #7113, .T. ) ;
#9002 = DIRECTION ( 'NONE',  ( -0.000000000000000000, -0.000000000000000000, -1.000000000000000000 ) ) ;
#9003 = CARTESIAN_POINT ( 'NONE',  ( -3.937737432199948096, -15.90019769347522605, 4.999999999999999112 ) ) ;
#9004 = VECTOR ( 'NONE', #359, 1000.000000000000000 ) ;
#9005 = DIRECTION ( 'NONE',  ( -0.000000000000000000, 1.000000000000000000, -0.000000000000000000 ) ) ;
#9006 = CARTESIAN_POINT ( 'NONE',  ( -4.987821925170131010, -14.53868059320250694, 3.999999999999998224 ) ) ;
#9007 = CARTESIAN_POINT ( 'NONE',  ( 2.279487179487178050, -17.71322518807815882, 4.000000000000000000 ) ) ;
#9008 = ORIENTED_EDGE ( 'NONE', *, *, #7248, .F. ) ;
#9009 = ORIENTED_EDGE ( 'NONE', *, *, #2664, .T. ) ;
#9010 = ADVANCED_FACE ( 'NONE', ( #2118 ), #129, .F. ) ;
#9011 = CARTESIAN_POINT ( 'NONE',  ( 81.00000000000001421, 10.57660624134118521, -87.75000000000000000 ) ) ;
#9012 = EDGE_LOOP ( 'NONE', ( #277, #1867, #5810, #316 ) ) ;
#9013 = LINE ( 'NONE', #3459, #4859 ) ;
#9014 = EDGE_CURVE ( 'NONE', #5260, #9538, #5252, .T. ) ;
#9015 = FACE_BOUND ( 'NONE', #3134, .T. ) ;
#9016 = ORIENTED_EDGE ( 'NONE', *, *, #3275, .F. ) ;
#9017 = EDGE_CURVE ( 'NONE', #9721, #4953, #5631, .T. ) ;
#9018 = FACE_BOUND ( 'NONE', #2354, .T. ) ;
#9019 = FACE_OUTER_BOUND ( 'NONE', #2076, .T. ) ;
#9020 = CARTESIAN_POINT ( 'NONE',  ( 0.4636568509615375810, -16.65489185474482525, 4.000000000000000000 ) ) ;
#9021 = CARTESIAN_POINT ( 'NONE',  ( 10.00000000000000355, 0.000000000000000000, 8.000000000000000000 ) ) ;
#9022 = ADVANCED_FACE ( 'NONE', ( #7496 ), #10621, .T. ) ;
#9023 = CARTESIAN_POINT ( 'NONE',  ( -8.799999999999998934, 2.791454495570343752, 10.00000000000000000 ) ) ;
#9024 = CARTESIAN_POINT ( 'NONE',  ( 119.0000000000000284, 24.00000000000000000, -97.00000000000000000 ) ) ;
#9025 = ADVANCED_FACE ( 'NONE', ( #5928 ), #3320, .F. ) ;
#9026 = ORIENTED_EDGE ( 'NONE', *, *, #3325, .T. ) ;
#9027 = CARTESIAN_POINT ( 'NONE',  ( -2.133448305808136158, -15.80507921218605993, 4.000000000000001776 ) ) ;
#9028 = CARTESIAN_POINT ( 'NONE',  ( 0.4522893850970156060, -16.67878537271309014, 4.000000000000000888 ) ) ;
#9029 = ORIENTED_EDGE ( 'NONE', *, *, #1249, .F. ) ;
#9030 = DIRECTION ( 'NONE',  ( 0.000000000000000000, 1.000000000000000000, 0.000000000000000000 ) ) ;
#9031 = ORIENTED_EDGE ( 'NONE', *, *, #10661, .F. ) ;
#9032 = EDGE_CURVE ( 'NONE', #3013, #10320, #11409, .T. ) ;
#9033 = DIRECTION ( 'NONE',  ( -1.000000000000000000, -0.000000000000000000, -0.000000000000000000 ) ) ;
#9034 = DIRECTION ( 'NONE',  ( 0.000000000000000000, 1.000000000000000000, 0.000000000000000000 ) ) ;
#9035 = DIRECTION ( 'NONE',  ( -7.709882115452478166E-16, -1.000000000000000000, -0.000000000000000000 ) ) ;
#9036 = LINE ( 'NONE', #1798, #3589 ) ;
#9037 = CARTESIAN_POINT ( 'NONE',  ( 10.99999999999999289, 2.000000000000000000, -12.00000000000000000 ) ) ;
#9038 = EDGE_CURVE ( 'NONE', #6425, #11773, #5139, .T. ) ;
#9039 = CARTESIAN_POINT ( 'NONE',  ( 15.00000000000000533, -5.772077938642122596, 0.000000000000000000 ) ) ;
#9040 = VERTEX_POINT ( 'NONE', #6942 ) ;
#9041 = DIRECTION ( 'NONE',  ( -0.000000000000000000, 1.000000000000000000, -0.000000000000000000 ) ) ;
#9042 = CARTESIAN_POINT ( 'NONE',  ( -5.210256410256410398, -15.10809698294994519, 4.000000000000000000 ) ) ;
#9043 = ORIENTED_EDGE ( 'NONE', *, *, #5866, .T. ) ;
#9044 = EDGE_LOOP ( 'NONE', ( #1327, #5140, #10657, #10363 ) ) ;
#9045 = ORIENTED_EDGE ( 'NONE', *, *, #4090, .T. ) ;
#9046 = CARTESIAN_POINT ( 'NONE',  ( 1.709615384615383205, -14.53822518807815989, 4.000000000000000000 ) ) ;
#9047 = DIRECTION ( 'NONE',  ( -0.4511465413988245965, 0.8924498855307666512, 0.000000000000000000 ) ) ;
#9048 = DIRECTION ( 'NONE',  ( 0.5000000000000004441, 0.8660254037844383745, -0.000000000000000000 ) ) ;
#9049 = CARTESIAN_POINT ( 'NONE',  ( -26.22363875699441493, 20.83582196652955432, 9.000000000000001776 ) ) ;
#9050 = ORIENTED_EDGE ( 'NONE', *, *, #5184, .T. ) ;
#9051 = EDGE_CURVE ( 'NONE', #9951, #3874, #9684, .T. ) ;
#9052 = AXIS2_PLACEMENT_3D ( 'NONE', #11406, #533, #3318 ) ;
#9053 = DIRECTION ( 'NONE',  ( -0.7071067811865451302, 0.000000000000000000, -0.7071067811865500152 ) ) ;
#9054 = FACE_BOUND ( 'NONE', #11220, .T. ) ;
#9055 = CARTESIAN_POINT ( 'NONE',  ( 26.63101451046069812, -14.67500000000001492, 0.000000000000000000 ) ) ;
#9056 = ORIENTED_EDGE ( 'NONE', *, *, #7841, .F. ) ;
#9057 = ORIENTED_EDGE ( 'NONE', *, *, #1491, .F. ) ;
#9058 = ORIENTED_EDGE ( 'NONE', *, *, #2861, .T. ) ;
#9059 = AXIS2_PLACEMENT_3D ( 'NONE', #1047, #2079, #4927 ) ;
#9060 = DIRECTION ( 'NONE',  ( -0.000000000000000000, -0.000000000000000000, -1.000000000000000000 ) ) ;
#9061 = CARTESIAN_POINT ( 'NONE',  ( 64.99999999999998579, -5.000000000000000000, -57.55000000000000426 ) ) ;
#9062 = LINE ( 'NONE', #3581, #3216 ) ;
#9063 = ORIENTED_EDGE ( 'NONE', *, *, #9899, .F. ) ;
#9064 = CARTESIAN_POINT ( 'NONE',  ( -3.904711946923277388, -15.04694803077888210, 4.000000000000000888 ) ) ;
#9065 = CARTESIAN_POINT ( 'NONE',  ( -75.00000000000001421, 24.00000000000000355, -64.50000000000000000 ) ) ;
#9066 = ORIENTED_EDGE ( 'NONE', *, *, #11628, .F. ) ;
#9067 = ORIENTED_EDGE ( 'NONE', *, *, #4322, .F. ) ;
#9068 = CARTESIAN_POINT ( 'NONE',  ( -27.73941848319152115, 19.27099398849403400, 0.000000000000000000 ) ) ;
#9069 = ORIENTED_EDGE ( 'NONE', *, *, #3848, .T. ) ;
#9070 = AXIS2_PLACEMENT_3D ( 'NONE', #10955, #10162, #1784 ) ;
#9071 = DIRECTION ( 'NONE',  ( -1.000000000000000000, 0.000000000000000000, -0.000000000000000000 ) ) ;
#9072 = ORIENTED_EDGE ( 'NONE', *, *, #11316, .F. ) ;
#9073 = EDGE_CURVE ( 'NONE', #1300, #5598, #9660, .T. ) ;
#9074 = CARTESIAN_POINT ( 'NONE',  ( 0.9152293669871784942, -15.04322318487303178, 5.000000000000000000 ) ) ;
#9075 = AXIS2_PLACEMENT_3D ( 'NONE', #2304, #9734, #4131 ) ;
#9076 = VECTOR ( 'NONE', #11244, 1000.000000000000000 ) ;
#9077 = DIRECTION ( 'NONE',  ( -1.000000000000000000, 0.000000000000000000, 0.000000000000000000 ) ) ;
#9078 = EDGE_CURVE ( 'NONE', #8279, #6989, #6047, .T. ) ;
#9079 = FACE_OUTER_BOUND ( 'NONE', #107, .T. ) ;
#9080 = DIRECTION ( 'NONE',  ( -1.000000000000000000, 0.000000000000000000, -0.000000000000000000 ) ) ;
#9081 = DIRECTION ( 'NONE',  ( -0.000000000000000000, -0.000000000000000000, -1.000000000000000000 ) ) ;
#9083 = CIRCLE ( 'NONE', #11391, 1.000000000000000888 ) ;
#9082 = CARTESIAN_POINT ( 'NONE',  ( 28.51207079035956227, 16.96115051869449886, 9.000000000000001776 ) ) ;
#9084 = ORIENTED_EDGE ( 'NONE', *, *, #9553, .F. ) ;
#9085 = EDGE_CURVE ( 'NONE', #6350, #6753, #1446, .T. ) ;
#9086 = CYLINDRICAL_SURFACE ( 'NONE', #572, 1.499999999999987566 ) ;
#9087 = CARTESIAN_POINT ( 'NONE',  ( 22.72792206135788007, -8.500000000000000000, 5.000000000000000000 ) ) ;
#9088 = VERTEX_POINT ( 'NONE', #3209 ) ;
#9089 = CARTESIAN_POINT ( 'NONE',  ( -3.297115384615386446, -17.71322518807815882, 4.000000000000000000 ) ) ;
#9090 = VECTOR ( 'NONE', #4678, 1000.000000000000000 ) ;
#9091 = EDGE_CURVE ( 'NONE', #6708, #1785, #8870, .T. ) ;
#9092 = ORIENTED_EDGE ( 'NONE', *, *, #3785, .F. ) ;
#9093 = CARTESIAN_POINT ( 'NONE',  ( -27.90343502558110700, 16.01309099620652532, 2.500000000000000000 ) ) ;
#9094 = ADVANCED_FACE ( 'NONE', ( #8698 ), #4295, .T. ) ;
#9095 = VECTOR ( 'NONE', #1623, 1000.000000000000000 ) ;
#9096 = DIRECTION ( 'NONE',  ( 0.000000000000000000, 0.000000000000000000, 1.000000000000000000 ) ) ;
#9097 = LINE ( 'NONE', #6204, #1465 ) ;
#9098 = VECTOR ( 'NONE', #1886, 1000.000000000000000 ) ;
#9099 = FACE_OUTER_BOUND ( 'NONE', #8859, .T. ) ;
#9100 = CARTESIAN_POINT ( 'NONE',  ( -4.317287660256409865, -17.71322518807814816, 4.000000000000000000 ) ) ;
#9101 = EDGE_CURVE ( 'NONE', #4417, #4346, #3152, .T. ) ;
#9102 = CARTESIAN_POINT ( 'NONE',  ( -14.99999999999999822, 5.949455682166679971, 5.000000000000000000 ) ) ;
#9103 = VERTEX_POINT ( 'NONE', #1326 ) ;
#9104 = CIRCLE ( 'NONE', #5444, 2.000000000000001776 ) ;
#9105 = CIRCLE ( 'NONE', #44, 1.000000000000000888 ) ;
#9106 = DIRECTION ( 'NONE',  ( -0.000000000000000000, -1.000000000000000000, -0.000000000000000000 ) ) ;
#9107 = CARTESIAN_POINT ( 'NONE',  ( -0.9812202862356684818, -17.10007694947923795, 5.000000000000003553 ) ) ;
#9108 = EDGE_CURVE ( 'NONE', #4045, #3165, #9724, .T. ) ;
#9109 = ORIENTED_EDGE ( 'NONE', *, *, #6021, .F. ) ;
#9110 = EDGE_LOOP ( 'NONE', ( #1183, #7732 ) ) ;
#9111 = EDGE_CURVE ( 'NONE', #670, #9382, #3731, .T. ) ;
#9112 = DIRECTION ( 'NONE',  ( 0.000000000000000000, 0.000000000000000000, 1.000000000000000000 ) ) ;
#9114 = ORIENTED_EDGE ( 'NONE', *, *, #7914, .F. ) ;
#9113 = VECTOR ( 'NONE', #10328, 1000.000000000000000 ) ;
#9115 = CIRCLE ( 'NONE', #3913, 19.99999999999999645 ) ;
#9116 = CARTESIAN_POINT ( 'NONE',  ( -75.82842712474618452, 22.50000000000000000, -60.00000000000001421 ) ) ;
#9117 = CARTESIAN_POINT ( 'NONE',  ( 0.3453241295916130160, -14.61799375485804831, 3.999999999999999112 ) ) ;
#9118 = CARTESIAN_POINT ( 'NONE',  ( -1.172468870887187320, -14.59480120161664907, 4.000000000000000888 ) ) ;
#9119 = DIRECTION ( 'NONE',  ( 0.000000000000000000, 1.000000000000000000, 0.000000000000000000 ) ) ;
#9120 = ORIENTED_EDGE ( 'NONE', *, *, #9277, .F. ) ;
#9121 = DIRECTION ( 'NONE',  ( 0.000000000000000000, 0.000000000000000000, -1.000000000000000000 ) ) ;
#9122 = DIRECTION ( 'NONE',  ( -0.5085404518589186074, -0.8610380995189046427, 0.000000000000000000 ) ) ;
#9123 = CARTESIAN_POINT ( 'NONE',  ( -4.766584161801686648, -15.74923274492232039, 5.000000000000001776 ) ) ;
#9124 = ORIENTED_EDGE ( 'NONE', *, *, #4628, .F. ) ;
#9125 = CIRCLE ( 'NONE', #1987, 1.549999999999995826 ) ;
#9126 = VECTOR ( 'NONE', #347, 1000.000000000000000 ) ;
#9127 = EDGE_LOOP ( 'NONE', ( #6084, #11883, #2827 ) ) ;
#9128 = EDGE_CURVE ( 'NONE', #1835, #843, #6107, .T. ) ;
#9129 = ORIENTED_EDGE ( 'NONE', *, *, #8615, .T. ) ;
#9130 = CYLINDRICAL_SURFACE ( 'NONE', #2933, 1.749999999999998002 ) ;
#9131 = VECTOR ( 'NONE', #7595, 1000.000000000000000 ) ;
#9132 = CARTESIAN_POINT ( 'NONE',  ( -4.103814741775677177, -16.09456020973437163, 4.999999999999999112 ) ) ;
#9133 = EDGE_CURVE ( 'NONE', #182, #4549, #7764, .T. ) ;
#9134 = DIRECTION ( 'NONE',  ( 0.000000000000000000, 0.000000000000000000, 1.000000000000000000 ) ) ;
#9135 = ORIENTED_EDGE ( 'NONE', *, *, #5541, .T. ) ;
#9136 = CARTESIAN_POINT ( 'NONE',  ( -2.157371794871795867, -16.10982474737303249, 4.000000000000000000 ) ) ;
#9137 = FACE_OUTER_BOUND ( 'NONE', #4039, .T. ) ;
#9138 = VERTEX_POINT ( 'NONE', #5197 ) ;
#9139 = FACE_OUTER_BOUND ( 'NONE', #10479, .T. ) ;
#9140 = EDGE_LOOP ( 'NONE', ( #10800, #10077, #9725, #5501 ) ) ;
#9141 = FACE_BOUND ( 'NONE', #11337, .T. ) ;
#9142 = ORIENTED_EDGE ( 'NONE', *, *, #9970, .T. ) ;
#9143 = ADVANCED_FACE ( 'NONE', ( #1504 ), #598, .T. ) ;
#9144 = CARTESIAN_POINT ( 'NONE',  ( -79.23329030668129747, 23.23868654076083828, -60.01279373395539096 ) ) ;
#9145 = CYLINDRICAL_SURFACE ( 'NONE', #2511, 2.000000000000001776 ) ;
#9146 = CIRCLE ( 'NONE', #3357, 1.549999999999995826 ) ;
#9147 = CARTESIAN_POINT ( 'NONE',  ( 5.746638708345982787E-15, -5.000000000000000000, -95.50000000000000000 ) ) ;
#9148 = AXIS2_PLACEMENT_3D ( 'NONE', #9049, #10014, #3686 ) ;
#9149 = DIRECTION ( 'NONE',  ( 0.000000000000000000, 0.000000000000000000, 1.000000000000000000 ) ) ;
#9150 = DIRECTION ( 'NONE',  ( 0.000000000000000000, 1.000000000000000000, 0.000000000000000000 ) ) ;
#9151 = CARTESIAN_POINT ( 'NONE',  ( -0.05426873046069794621, -14.49359961687093801, 4.999999999999998224 ) ) ;
#9152 = ORIENTED_EDGE ( 'NONE', *, *, #7257, .T. ) ;
#9153 = LINE ( 'NONE', #7454, #2493 ) ;
#9154 = EDGE_LOOP ( 'NONE', ( #7552, #11239, #8623, #10387 ) ) ;
#9155 = AXIS2_PLACEMENT_3D ( 'NONE', #7350, #3548, #11927 ) ;
#9156 = DIRECTION ( 'NONE',  ( -7.709882115452477180E-16, 1.000000000000000000, 0.000000000000000000 ) ) ;
#9157 = EDGE_LOOP ( 'NONE', ( #2709, #9523, #2201, #11772, #7343, #4878, #11464, #6341, #618, #11460, #790, #7866 ) ) ;
#9158 = EDGE_CURVE ( 'NONE', #7941, #2788, #4303, .T. ) ;
#9159 = CARTESIAN_POINT ( 'NONE',  ( -4.887770599336987765, -15.10966402539352416, 3.999999999999999112 ) ) ;
#9160 = CIRCLE ( 'NONE', #7228, 1.500000000000001332 ) ;
#9161 = FACE_OUTER_BOUND ( 'NONE', #3619, .T. ) ;
#9162 = LINE ( 'NONE', #5299, #3015 ) ;
#9163 = AXIS2_PLACEMENT_3D ( 'NONE', #4203, #10587, #9800 ) ;
#9164 = DIRECTION ( 'NONE',  ( 0.8397897338196443906, 0.5429117819417172974, 0.000000000000000000 ) ) ;
#9165 = CARTESIAN_POINT ( 'NONE',  ( -4.754285971661861510, -14.54998608670966931, 4.000000000000000888 ) ) ;
#9166 = LINE ( 'NONE', #824, #3562 ) ;
#9167 = VERTEX_POINT ( 'NONE', #4122 ) ;
#9168 = CARTESIAN_POINT ( 'NONE',  ( -11.00000000000000000, 0.000000000000000000, -11.00000000000000000 ) ) ;
#9169 = FACE_OUTER_BOUND ( 'NONE', #6741, .T. ) ;
#9170 = VECTOR ( 'NONE', #6298, 1000.000000000000000 ) ;
#9171 = EDGE_CURVE ( 'NONE', #6699, #11724, #5073, .T. ) ;
#9172 = ORIENTED_EDGE ( 'NONE', *, *, #2314, .F. ) ;
#9173 = ADVANCED_FACE ( 'NONE', ( #2599 ), #658, .T. ) ;
#9174 = VERTEX_POINT ( 'NONE', #2786 ) ;
#9175 = DIRECTION ( 'NONE',  ( 0.5085404518589193845, 0.8610380995189039766, 0.000000000000000000 ) ) ;
#9176 = CARTESIAN_POINT ( 'NONE',  ( 43.00000000000000711, -16.20000000000000284, 37.09999999999991616 ) ) ;
#9177 = CARTESIAN_POINT ( 'NONE',  ( 43.00000000000000711, 5.000000000000000000, -7.500000000000069278 ) ) ;
#9178 = DIRECTION ( 'NONE',  ( -0.000000000000000000, -0.000000000000000000, 1.000000000000000000 ) ) ;
#9179 = CARTESIAN_POINT ( 'NONE',  ( -23.51198800726058380, 13.13699411993706967, 5.000000000000000000 ) ) ;
#9180 = ORIENTED_EDGE ( 'NONE', *, *, #8660, .F. ) ;
#9181 = EDGE_CURVE ( 'NONE', #11896, #8716, #3508, .T. ) ;
#9182 = FACE_OUTER_BOUND ( 'NONE', #2191, .T. ) ;
#9183 = CARTESIAN_POINT ( 'NONE',  ( 119.0000000000000284, 24.00000000000000355, -64.50000000000000000 ) ) ;
#9184 = VERTEX_POINT ( 'NONE', #8093 ) ;
#9185 = ORIENTED_EDGE ( 'NONE', *, *, #3806, .F. ) ;
#9186 = VERTEX_POINT ( 'NONE', #9055 ) ;
#9187 = ADVANCED_FACE ( 'NONE', ( #10984 ), #11768, .F. ) ;
#9188 = FACE_OUTER_BOUND ( 'NONE', #9917, .T. ) ;
#9189 = LINE ( 'NONE', #8514, #7045 ) ;
#9190 = DIRECTION ( 'NONE',  ( 0.5085404518589188294, 0.8610380995189044206, -0.000000000000000000 ) ) ;
#9191 = ORIENTED_EDGE ( 'NONE', *, *, #2991, .F. ) ;
#9192 = AXIS2_PLACEMENT_3D ( 'NONE', #10953, #4438, #5579 ) ;
#9193 = AXIS2_PLACEMENT_3D ( 'NONE', #1796, #7230, #11871 ) ;
#9194 = CARTESIAN_POINT ( 'NONE',  ( -4.559910687005316987, -14.57333476434996555, 4.000000000000000888 ) ) ;
#9195 = DIRECTION ( 'NONE',  ( 0.8397897338196435024, -0.5429117819417186297, 0.000000000000000000 ) ) ;
#9196 = ORIENTED_EDGE ( 'NONE', *, *, #8635, .T. ) ;
#9197 = LINE ( 'NONE', #8, #9498 ) ;
#9198 = ORIENTED_EDGE ( 'NONE', *, *, #1670, .F. ) ;
#9199 = ADVANCED_FACE ( 'NONE', ( #6473 ), #7189, .F. ) ;
#9200 = LINE ( 'NONE', #10946, #9289 ) ;
#9201 = ORIENTED_EDGE ( 'NONE', *, *, #8800, .F. ) ;
#9202 = CARTESIAN_POINT ( 'NONE',  ( -0.2029560313737959476, -17.20583498013595403, 5.000000000000000888 ) ) ;
#9203 = AXIS2_PLACEMENT_3D ( 'NONE', #3607, #7286, #2447 ) ;
#9204 = CARTESIAN_POINT ( 'NONE',  ( -4.392411679828140514, -16.25538345153673703, 5.000000000000000888 ) ) ;
#9205 = PLANE ( 'NONE',  #1245 ) ;
#9206 = DIRECTION ( 'NONE',  ( -0.000000000000000000, 0.000000000000000000, 1.000000000000000000 ) ) ;
#9207 = CARTESIAN_POINT ( 'NONE',  ( 1.709615384615383205, -17.71322518807815882, 4.000000000000000000 ) ) ;
#9208 = FACE_OUTER_BOUND ( 'NONE', #10207, .T. ) ;
#9209 = EDGE_LOOP ( 'NONE', ( #8024, #8082, #5610 ) ) ;
#9210 = CARTESIAN_POINT ( 'NONE',  ( -3.826866216971895440, -15.46512649087890701, 3.999999999999999112 ) ) ;
#9211 = ORIENTED_EDGE ( 'NONE', *, *, #10948, .T. ) ;
#9212 = CARTESIAN_POINT ( 'NONE',  ( -23.36898548953931609, -14.67500000000000782, 0.000000000000000000 ) ) ;
#9213 = VERTEX_POINT ( 'NONE', #3631 ) ;
#9214 = LINE ( 'NONE', #9556, #133 ) ;
#9215 = DIRECTION ( 'NONE',  ( -0.5000000000000011102, 0.8660254037844379305, -0.000000000000000000 ) ) ;
#9216 = FACE_OUTER_BOUND ( 'NONE', #1173, .T. ) ;
#9217 = CARTESIAN_POINT ( 'NONE',  ( -2.154862576988714640, -16.22322658044492982, 4.000000000000000000 ) ) ;
#9218 = CARTESIAN_POINT ( 'NONE',  ( -4.987821925170131010, -14.53868059320250694, 4.999999999999994671 ) ) ;
#9219 = CARTESIAN_POINT ( 'NONE',  ( 0.6058667180371160033, -17.42255314433825930, 4.999999999999999112 ) ) ;
#9220 = VERTEX_POINT ( 'NONE', #11712 ) ;
#9221 = CARTESIAN_POINT ( 'NONE',  ( -5.780128205128205465, -14.53822518807814923, 4.000000000000000000 ) ) ;
#9222 = CARTESIAN_POINT ( 'NONE',  ( -23.36898548953929833, -20.32500000000001705, 0.000000000000000000 ) ) ;
#9223 = VERTEX_POINT ( 'NONE', #9962 ) ;
#9224 = ORIENTED_EDGE ( 'NONE', *, *, #94, .T. ) ;
#9225 = DIRECTION ( 'NONE',  ( 0.000000000000000000, 0.000000000000000000, 1.000000000000000000 ) ) ;
#9226 = CARTESIAN_POINT ( 'NONE',  ( -75.00000000000001421, 37.42339375865881124, -72.25000000000000000 ) ) ;
#9227 = FACE_BOUND ( 'NONE', #3027, .T. ) ;
#9228 = CARTESIAN_POINT ( 'NONE',  ( -8.799999999999998934, 2.791454495570343752, 6.000000000000011546 ) ) ;
#9229 = EDGE_CURVE ( 'NONE', #4210, #4021, #2723, .T. ) ;
#9230 = CARTESIAN_POINT ( 'NONE',  ( -0.9075435334973613877, -15.10372660975241743, 5.000000000000000000 ) ) ;
#9231 = ORIENTED_EDGE ( 'NONE', *, *, #10933, .F. ) ;
#9232 = EDGE_CURVE ( 'NONE', #9243, #4044, #2184, .T. ) ;
#9233 = PLANE ( 'NONE',  #2725 ) ;
#9234 = CARTESIAN_POINT ( 'NONE',  ( 21.50000000000000000, -14.49566939831962209, 9.000000000000001776 ) ) ;
#9235 = ORIENTED_EDGE ( 'NONE', *, *, #8223, .T. ) ;
#9236 = ORIENTED_EDGE ( 'NONE', *, *, #36, .T. ) ;
#9237 = ORIENTED_EDGE ( 'NONE', *, *, #2704, .F. ) ;
#9238 = ADVANCED_FACE ( 'NONE', ( #10927 ), #776, .T. ) ;
#9239 = CARTESIAN_POINT ( 'NONE',  ( 27.90343502558110700, 16.01309099620652532, 2.500000000000000000 ) ) ;
#9240 = AXIS2_PLACEMENT_3D ( 'NONE', #8090, #2596, #6347 ) ;
#9241 = CARTESIAN_POINT ( 'NONE',  ( 20.81324294376706163, 19.67280126842832289, 9.000000000000001776 ) ) ;
#9242 = FACE_OUTER_BOUND ( 'NONE', #5295, .T. ) ;
#9243 = VERTEX_POINT ( 'NONE', #5500 ) ;
#9244 = DIRECTION ( 'NONE',  ( 0.03284611711294563308, -0.9994604207224029313, 0.000000000000000000 ) ) ;
#9245 = EDGE_CURVE ( 'NONE', #2985, #9908, #8687, .T. ) ;
#9246 = ORIENTED_EDGE ( 'NONE', *, *, #4186, .T. ) ;
#9247 = FACE_BOUND ( 'NONE', #8427, .T. ) ;
#9248 = ORIENTED_EDGE ( 'NONE', *, *, #553, .T. ) ;
#9249 = CARTESIAN_POINT ( 'NONE',  ( 16.46446609406726580, -9.307611844574852356, 0.000000000000000000 ) ) ;
#9250 = ORIENTED_EDGE ( 'NONE', *, *, #1944, .T. ) ;
#9251 = VECTOR ( 'NONE', #9522, 1000.000000000000000 ) ;
#9252 = CARTESIAN_POINT ( 'NONE',  ( 0.3923545424545350491, -16.79183658148754432, 4.000000000000001776 ) ) ;
#9253 = ADVANCED_FACE ( 'NONE', ( #718 ), #3571, .F. ) ;
#9254 = CARTESIAN_POINT ( 'NONE',  ( -3.826282051282051011, -15.44009818487302077, 4.000000000000000000 ) ) ;
#9255 = CARTESIAN_POINT ( 'NONE',  ( -1.098038976398268529, -15.20291703840947406, 3.999999999999999112 ) ) ;
#9256 = LINE ( 'NONE', #740, #11881 ) ;
#9257 = VECTOR ( 'NONE', #9381, 1000.000000000000000 ) ;
#9258 = CARTESIAN_POINT ( 'NONE',  ( -4.705277850584707267, -15.74096866693937358, 3.999999999999998224 ) ) ;
#9259 = CARTESIAN_POINT ( 'NONE',  ( -0.4547526041666675178, -14.45681493166790510, 5.000000000000000000 ) ) ;
#9260 = ORIENTED_EDGE ( 'NONE', *, *, #3932, .T. ) ;
#9261 = ORIENTED_EDGE ( 'NONE', *, *, #8954, .T. ) ;
#9262 = DIRECTION ( 'NONE',  ( 0.000000000000000000, 1.000000000000000000, 0.000000000000000000 ) ) ;
#9263 = ORIENTED_EDGE ( 'NONE', *, *, #4971, .F. ) ;
#9264 = CARTESIAN_POINT ( 'NONE',  ( -1.545691788893651220, -14.82263217056909177, 3.999999999999999112 ) ) ;
#9265 = ORIENTED_EDGE ( 'NONE', *, *, #2554, .T. ) ;
#9266 = AXIS2_PLACEMENT_3D ( 'NONE', #626, #3413, #7093 ) ;
#9267 = CARTESIAN_POINT ( 'NONE',  ( -4.659070116532376460, -15.13359051703162805, 4.000000000000000888 ) ) ;
#9268 = AXIS2_PLACEMENT_3D ( 'NONE', #8376, #1468, #8726 ) ;
#9269 = DIRECTION ( 'NONE',  ( 0.000000000000000000, 0.000000000000000000, -1.000000000000000000 ) ) ;
#9270 = CARTESIAN_POINT ( 'NONE',  ( -5.999999999999997335, -9.208545504429654471, 10.00000000000000000 ) ) ;
#9271 = ADVANCED_FACE ( 'NONE', ( #8221 ), #11893, .F. ) ;
#9272 = CARTESIAN_POINT ( 'NONE',  ( 79.00000000000001421, 0.000000000000000000, -98.00000000000000000 ) ) ;
#9273 = AXIS2_PLACEMENT_3D ( 'NONE', #9603, #11528, #6105 ) ;
#9274 = CARTESIAN_POINT ( 'NONE',  ( 24.00000000000001421, -89.44271909999159220, -25.00000000000006395 ) ) ;
#9275 = CARTESIAN_POINT ( 'NONE',  ( -4.652207563430163617, -14.56002473291711929, 3.999999999999998224 ) ) ;
#9276 = AXIS2_PLACEMENT_3D ( 'NONE', #312, #4741, #10460 ) ;
#9277 = EDGE_CURVE ( 'NONE', #968, #358, #8452, .T. ) ;
#9278 = CARTESIAN_POINT ( 'NONE',  ( 0.9252717499655226385, -17.01978503214858662, 5.000000000000002665 ) ) ;
#9279 = ORIENTED_EDGE ( 'NONE', *, *, #11077, .T. ) ;
#9280 = CARTESIAN_POINT ( 'NONE',  ( -9.521751581256390651, -21.50000000000000000, 5.000000000000000000 ) ) ;
#9281 = CARTESIAN_POINT ( 'NONE',  ( -20.00000000000001421, 5.000000000000000000, 73.99999999999992895 ) ) ;
#9282 = VECTOR ( 'NONE', #10536, 1000.000000000000000 ) ;
#9283 = VERTEX_POINT ( 'NONE', #8397 ) ;
#9284 = ORIENTED_EDGE ( 'NONE', *, *, #6525, .F. ) ;
#9285 = AXIS2_PLACEMENT_3D ( 'NONE', #8403, #9366, #8328 ) ;
#9286 = FACE_OUTER_BOUND ( 'NONE', #4541, .T. ) ;
#9287 = CARTESIAN_POINT ( 'NONE',  ( 79.00000000000001421, 5.000000000000000000, -98.00000000000000000 ) ) ;
#9288 = CARTESIAN_POINT ( 'NONE',  ( -2.727243589743591379, -17.71322518807815882, 5.000000000000000000 ) ) ;
#9289 = VECTOR ( 'NONE', #5392, 1000.000000000000000 ) ;
#9290 = AXIS2_PLACEMENT_3D ( 'NONE', #4961, #9718, #9653 ) ;
#9291 = CARTESIAN_POINT ( 'NONE',  ( -0.4874174720973487029, -14.45705125866131979, 4.000000000000000000 ) ) ;
#9292 = DIRECTION ( 'NONE',  ( 0.000000000000000000, 1.000000000000000000, -0.000000000000000000 ) ) ;
#9293 = EDGE_LOOP ( 'NONE', ( #328, #10868, #6126, #10960 ) ) ;
#9294 = DIRECTION ( 'NONE',  ( -0.000000000000000000, -0.000000000000000000, -1.000000000000000000 ) ) ;
#9295 = FACE_OUTER_BOUND ( 'NONE', #4665, .T. ) ;
#9296 = ORIENTED_EDGE ( 'NONE', *, *, #6407, .F. ) ;
#9297 = ORIENTED_EDGE ( 'NONE', *, *, #5258, .T. ) ;
#9298 = CIRCLE ( 'NONE', #2545, 1.549999999999995826 ) ;
#9299 = VECTOR ( 'NONE', #10248, 1000.000000000000000 ) ;
#9300 = ORIENTED_EDGE ( 'NONE', *, *, #11108, .T. ) ;
#9301 = EDGE_CURVE ( 'NONE', #11078, #4684, #8735, .T. ) ;
#9302 = EDGE_CURVE ( 'NONE', #3335, #511, #11104, .T. ) ;
#9303 = LINE ( 'NONE', #9239, #4305 ) ;
#9304 = CARTESIAN_POINT ( 'NONE',  ( 75.00000000000000000, 24.00000000000000000, -97.00000000000000000 ) ) ;
#9305 = EDGE_CURVE ( 'NONE', #4564, #8048, #6527, .T. ) ;
#9306 = LINE ( 'NONE', #11229, #1422 ) ;
#9307 = EDGE_LOOP ( 'NONE', ( #9201, #10037, #5198, #9506 ) ) ;
#9308 = VECTOR ( 'NONE', #5792, 1000.000000000000000 ) ;
#9309 = CARTESIAN_POINT ( 'NONE',  ( 16.00000000000000000, 0.000000000000000000, 46.99999999999992895 ) ) ;
#9310 = DIRECTION ( 'NONE',  ( -0.000000000000000000, 1.000000000000000000, -0.000000000000000000 ) ) ;
#9311 = AXIS2_PLACEMENT_3D ( 'NONE', #5859, #3078, #9717 ) ;
#9312 = CARTESIAN_POINT ( 'NONE',  ( -1.251885865057675407, -14.63132709191673264, 5.000000000000000888 ) ) ;
#9313 = EDGE_LOOP ( 'NONE', ( #4139, #5332, #7327, #853 ) ) ;
#9314 = EDGE_CURVE ( 'NONE', #3617, #3167, #9882, .T. ) ;
#9315 = ORIENTED_EDGE ( 'NONE', *, *, #1483, .F. ) ;
#9316 = CIRCLE ( 'NONE', #7003, 1.000000000000000888 ) ;
#9317 = VECTOR ( 'NONE', #8985, 1000.000000000000000 ) ;
#9318 = CARTESIAN_POINT ( 'NONE',  ( 0.05414935262507530878, -17.12029608227393851, 4.999999999999999112 ) ) ;
#9319 = EDGE_CURVE ( 'NONE', #11376, #3373, #5555, .T. ) ;
#9320 = CARTESIAN_POINT ( 'NONE',  ( -3.862538735090420783, -15.72090838701138082, 3.999999999999998224 ) ) ;
#9321 = DIRECTION ( 'NONE',  ( 1.000000000000000000, 0.000000000000000000, 0.000000000000000000 ) ) ;
#9322 = DIRECTION ( 'NONE',  ( -0.000000000000000000, -1.000000000000000000, -0.000000000000000000 ) ) ;
#9323 = CARTESIAN_POINT ( 'NONE',  ( -4.766584161801686648, -15.74923274492232039, 4.999999999999994671 ) ) ;
#9324 = DIRECTION ( 'NONE',  ( 1.000000000000000000, -0.000000000000000000, -0.000000000000000000 ) ) ;
#9325 = ORIENTED_EDGE ( 'NONE', *, *, #5195, .T. ) ;
#9326 = EDGE_CURVE ( 'NONE', #2615, #2139, #1931, .T. ) ;
#9327 = ORIENTED_EDGE ( 'NONE', *, *, #10945, .T. ) ;
#9328 = DIRECTION ( 'NONE',  ( -1.000000000000000000, 0.000000000000000000, -0.000000000000000000 ) ) ;
#9329 = ORIENTED_EDGE ( 'NONE', *, *, #10547, .F. ) ;
#9330 = VECTOR ( 'NONE', #9156, 1000.000000000000000 ) ;
#9331 = CARTESIAN_POINT ( 'NONE',  ( -1.172468870887187320, -14.59480120161664907, 5.000000000000000000 ) ) ;
#9332 = EDGE_CURVE ( 'NONE', #3373, #11785, #8338, .T. ) ;
#9333 = EDGE_LOOP ( 'NONE', ( #727, #9224, #6845, #5232, #1854 ) ) ;
#9334 = LINE ( 'NONE', #9445, #2389 ) ;
#9335 = EDGE_CURVE ( 'NONE', #1045, #11583, #3072, .T. ) ;
#9336 = VECTOR ( 'NONE', #7966, 1000.000000000000000 ) ;
#9337 = CARTESIAN_POINT ( 'NONE',  ( -24.99999999999999645, -17.50000000000000000, 9.000000000000001776 ) ) ;
#9338 = CARTESIAN_POINT ( 'NONE',  ( 9.299999999999998934, 0.000000000000000000, -9.299999999999997158 ) ) ;
#9339 = VECTOR ( 'NONE', #9749, 1000.000000000000000 ) ;
#9340 = CARTESIAN_POINT ( 'NONE',  ( 12.00000000000000178, 2.000000000000000000, 5.999999999999992895 ) ) ;
#9341 = CARTESIAN_POINT ( 'NONE',  ( -3.826506934484840805, -15.41611943538644880, 4.999999999999997335 ) ) ;
#9342 = CARTESIAN_POINT ( 'NONE',  ( 0.1867976494829336753, -17.68402191622607589, 4.999999999999998224 ) ) ;
#9343 = CARTESIAN_POINT ( 'NONE',  ( 6.065064102564100779, -15.10809698294995584, 5.000000000000000000 ) ) ;
#9344 = ADVANCED_FACE ( 'NONE', ( #3012 ), #2896, .T. ) ;
#9345 = VERTEX_POINT ( 'NONE', #7429 ) ;
#9346 = DIRECTION ( 'NONE',  ( -1.000000000000000000, -0.000000000000000000, -0.000000000000000000 ) ) ;
#9347 = AXIS2_PLACEMENT_3D ( 'NONE', #7292, #1802, #1546 ) ;
#9348 = CARTESIAN_POINT ( 'NONE',  ( 75.00000000000002842, 5.000000000000000000, 9.999999999999911182 ) ) ;
#9349 = ADVANCED_FACE ( 'NONE', ( #9295 ), #3988, .T. ) ;
#9350 = VERTEX_POINT ( 'NONE', #11335 ) ;
#9351 = AXIS2_PLACEMENT_3D ( 'NONE', #6561, #11371, #7517 ) ;
#9352 = VERTEX_POINT ( 'NONE', #9234 ) ;
#9353 = EDGE_CURVE ( 'NONE', #10514, #6989, #3810, .T. ) ;
#9354 = LINE ( 'NONE', #11209, #7338 ) ;
#9355 = DIRECTION ( 'NONE',  ( -1.000000000000000000, 0.000000000000000000, 0.000000000000000000 ) ) ;
#9356 = CARTESIAN_POINT ( 'NONE',  ( -81.00000000000001421, 17.00000000000000000, -73.50000000000000000 ) ) ;
#9357 = CARTESIAN_POINT ( 'NONE',  ( -0.4706530448717958781, -15.02668672653969750, 5.000000000000000000 ) ) ;
#9358 = EDGE_LOOP ( 'NONE', ( #11947, #9300 ) ) ;
#9359 = VECTOR ( 'NONE', #8378, 1000.000000000000000 ) ;
#9360 = PLANE ( 'NONE',  #10853 ) ;
#9361 = DIRECTION ( 'NONE',  ( -0.000000000000000000, -0.000000000000000000, 1.000000000000000000 ) ) ;
#9362 = ORIENTED_EDGE ( 'NONE', *, *, #2975, .F. ) ;
#9363 = ORIENTED_EDGE ( 'NONE', *, *, #1697, .T. ) ;
#9364 = ORIENTED_EDGE ( 'NONE', *, *, #6096, .F. ) ;
#9365 = VECTOR ( 'NONE', #9321, 1000.000000000000000 ) ;
#9366 = DIRECTION ( 'NONE',  ( -0.000000000000000000, 0.000000000000000000, 1.000000000000000000 ) ) ;
#9367 = CARTESIAN_POINT ( 'NONE',  ( 4.925320512820510643, -15.10809698294995584, 4.000000000000000000 ) ) ;
#9368 = DIRECTION ( 'NONE',  ( -1.000000000000000000, 0.000000000000000000, 0.000000000000000000 ) ) ;
#9369 = ORIENTED_EDGE ( 'NONE', *, *, #6373, .F. ) ;
#9370 = DIRECTION ( 'NONE',  ( 0.000000000000000000, 0.000000000000000000, 1.000000000000000000 ) ) ;
#9371 = DIRECTION ( 'NONE',  ( -0.9994604207224029313, -0.03284611711294563308, 0.000000000000000000 ) ) ;
#9372 = PLANE ( 'NONE',  #10810 ) ;
#9373 = ORIENTED_EDGE ( 'NONE', *, *, #10782, .F. ) ;
#9374 = ORIENTED_EDGE ( 'NONE', *, *, #7208, .T. ) ;
#9375 = CYLINDRICAL_SURFACE ( 'NONE', #11937, 3.257139434613112172 ) ;
#9376 = CARTESIAN_POINT ( 'NONE',  ( -4.157904819556923037, -16.13428924865901593, 4.000000000000000000 ) ) ;
#9377 = AXIS2_PLACEMENT_3D ( 'NONE', #3409, #7088, #8057 ) ;
#9378 = LINE ( 'NONE', #1898, #4163 ) ;
#9379 = FACE_BOUND ( 'NONE', #2552, .T. ) ;
#9380 = FACE_OUTER_BOUND ( 'NONE', #1663, .T. ) ;
#9381 = DIRECTION ( 'NONE',  ( -0.000000000000000000, -0.000000000000000000, 1.000000000000000000 ) ) ;
#9382 = VERTEX_POINT ( 'NONE', #956 ) ;
#9383 = EDGE_CURVE ( 'NONE', #2091, #8600, #1194, .T. ) ;
#9384 = ORIENTED_EDGE ( 'NONE', *, *, #10951, .F. ) ;
#9385 = MECHANICAL_DESIGN_GEOMETRIC_PRESENTATION_REPRESENTATION (  '', ( #3017 ), #6114 ) ;
#9386 = FACE_OUTER_BOUND ( 'NONE', #7770, .T. ) ;
#9387 = VERTEX_POINT ( 'NONE', #1076 ) ;
#9388 = EDGE_CURVE ( 'NONE', #10581, #11422, #9699, .T. ) ;
#9389 = CARTESIAN_POINT ( 'NONE',  ( 5.746638708345982787E-15, 5.000000000000000000, -93.95000000000000284 ) ) ;
#9390 = EDGE_LOOP ( 'NONE', ( #7953, #9031, #10243, #5996 ) ) ;
#9391 = AXIS2_PLACEMENT_3D ( 'NONE', #11663, #2303, #3389 ) ;
#9392 = CARTESIAN_POINT ( 'NONE',  ( -75.00000000000001421, 22.50000000000000000, -102.0000000000000142 ) ) ;
#9393 =( NAMED_UNIT ( * ) PLANE_ANGLE_UNIT ( ) SI_UNIT ( $, .RADIAN. ) );
#9394 = ADVANCED_FACE ( 'NONE', ( #7657, #5736, #4717, #58 ), #9416, .F. ) ;
#9395 = EDGE_CURVE ( 'NONE', #8619, #4298, #4895, .T. ) ;
#9396 = CARTESIAN_POINT ( 'NONE',  ( 45.50000000000003553, 5.000000000000000000, 94.99999999999992895 ) ) ;
#9397 = CONICAL_SURFACE ( 'NONE', #6321, 1.000000000000000000, 0.7853981633974416177 ) ;
#9398 = DIRECTION ( 'NONE',  ( 0.000000000000000000, -1.000000000000000000, 0.000000000000000000 ) ) ;
#9399 = CARTESIAN_POINT ( 'NONE',  ( -3.860145966736817424, -15.16856007411823448, 4.000000000000000000 ) ) ;
#9400 = CARTESIAN_POINT ( 'NONE',  ( 1.138028416491992489, -16.32480747610149052, 4.999999999999999112 ) ) ;
#9401 = CIRCLE ( 'NONE', #2262, 1.249999999999999334 ) ;
#9402 = DIRECTION ( 'NONE',  ( -0.000000000000000000, -1.000000000000000000, -0.000000000000000000 ) ) ;
#9403 = EDGE_LOOP ( 'NONE', ( #11544, #2, #2168, #1244 ) ) ;
#9404 = DIRECTION ( 'NONE',  ( 0.000000000000000000, 0.000000000000000000, -1.000000000000000000 ) ) ;
#9405 = EDGE_CURVE ( 'NONE', #9220, #4602, #9125, .T. ) ;
#9406 = DIRECTION ( 'NONE',  ( -0.000000000000000000, 0.000000000000000000, -1.000000000000000000 ) ) ;
#9407 = VERTEX_POINT ( 'NONE', #522 ) ;
#9408 = ORIENTED_EDGE ( 'NONE', *, *, #1260, .F. ) ;
#9409 = CARTESIAN_POINT ( 'NONE',  ( -1.587676718579142721, -17.39342198505761772, 5.000000000000000000 ) ) ;
#9410 = ADVANCED_FACE ( 'NONE', ( #2171 ), #5853, .F. ) ;
#9411 = FACE_OUTER_BOUND ( 'NONE', #10209, .T. ) ;
#9412 = CARTESIAN_POINT ( 'NONE',  ( -25.99999999999999645, -89.44271909999159220, -23.50000000000006395 ) ) ;
#9413 = CARTESIAN_POINT ( 'NONE',  ( -23.51198800726058380, 13.13699411993706789, 9.000000000000001776 ) ) ;
#9414 = ORIENTED_EDGE ( 'NONE', *, *, #6659, .F. ) ;
#9415 = FACE_OUTER_BOUND ( 'NONE', #5967, .T. ) ;
#9416 = PLANE ( 'NONE',  #2363 ) ;
#9417 = ORIENTED_EDGE ( 'NONE', *, *, #1411, .T. ) ;
#9418 = ORIENTED_EDGE ( 'NONE', *, *, #1180, .F. ) ;
#9419 = EDGE_LOOP ( 'NONE', ( #8123, #9084, #11088, #7630 ) ) ;
#9420 = LINE ( 'NONE', #11900, #8737 ) ;
#9421 = EDGE_CURVE ( 'NONE', #4482, #5004, #6749, .T. ) ;
#9422 = PLANE ( 'NONE',  #9942 ) ;
#9423 = LINE ( 'NONE', #10200, #5096 ) ;
#9424 = ORIENTED_EDGE ( 'NONE', *, *, #3928, .T. ) ;
#9425 = PLANE ( 'NONE',  #785 ) ;
#9426 = DIRECTION ( 'NONE',  ( -1.000000000000000000, -2.127171113256157501E-15, 0.000000000000000000 ) ) ;
#9427 = LINE ( 'NONE', #5806, #10038 ) ;
#9428 = LINE ( 'NONE', #5868, #1387 ) ;
#9429 = ORIENTED_EDGE ( 'NONE', *, *, #6476, .F. ) ;
#9430 = ORIENTED_EDGE ( 'NONE', *, *, #11086, .T. ) ;
#9431 = AXIS2_PLACEMENT_3D ( 'NONE', #1207, #5747, #9426 ) ;
#9432 = LINE ( 'NONE', #4558, #2109 ) ;
#9433 = CARTESIAN_POINT ( 'NONE',  ( -4.392411679828140514, -16.25538345153673703, 4.000000000000000000 ) ) ;
#9434 = VECTOR ( 'NONE', #11612, 1000.000000000000000 ) ;
#9435 = CARTESIAN_POINT ( 'NONE',  ( -1.005059178219957383, -15.14848534415029313, 3.999999999999999112 ) ) ;
#9436 = CARTESIAN_POINT ( 'NONE',  ( 75.00000000000001421, 31.00000000000000000, -86.50000000000001421 ) ) ;
#9437 = CARTESIAN_POINT ( 'NONE',  ( -4.961148561772146692, -15.75907339125758710, 4.000000000000000000 ) ) ;
#9438 = CARTESIAN_POINT ( 'NONE',  ( 4.355448717948715576, -15.10809698294995584, 5.000000000000000000 ) ) ;
#9439 = EDGE_LOOP ( 'NONE', ( #7359, #318, #5356, #8450 ) ) ;
#9440 = ORIENTED_EDGE ( 'NONE', *, *, #834, .T. ) ;
#9441 = CARTESIAN_POINT ( 'NONE',  ( 21.73797097907860731, -17.50000000000002132, 2.500000000000000000 ) ) ;
#9442 = ORIENTED_EDGE ( 'NONE', *, *, #9302, .T. ) ;
#9443 = CARTESIAN_POINT ( 'NONE',  ( -1.613132359156618234, -14.88155069895832305, 5.000000000000000000 ) ) ;
#9444 = ORIENTED_EDGE ( 'NONE', *, *, #6438, .T. ) ;
#9445 = CARTESIAN_POINT ( 'NONE',  ( -28.26202902092138913, -17.50000000000000711, 0.000000000000000000 ) ) ;
#9446 = EDGE_CURVE ( 'NONE', #7426, #1423, #6800, .T. ) ;
#9447 = DIRECTION ( 'NONE',  ( 0.000000000000000000, 0.000000000000000000, 1.000000000000000000 ) ) ;
#9448 = EDGE_CURVE ( 'NONE', #9965, #7594, #6427, .T. ) ;
#9449 = CIRCLE ( 'NONE', #8706, 1.499999999999987566 ) ;
#9450 = DIRECTION ( 'NONE',  ( 0.000000000000000000, 0.000000000000000000, 1.000000000000000000 ) ) ;
#9451 = DIRECTION ( 'NONE',  ( -0.000000000000000000, 0.000000000000000000, -1.000000000000000000 ) ) ;
#9452 = ORIENTED_EDGE ( 'NONE', *, *, #10724, .F. ) ;
#9453 = EDGE_CURVE ( 'NONE', #7299, #9742, #6033, .T. ) ;
#9454 = CARTESIAN_POINT ( 'NONE',  ( -5.542860565386886762, 2.791454495570344196, 6.000000000000011546 ) ) ;
#9455 = CARTESIAN_POINT ( 'NONE',  ( -3.683814102564102466, -17.71322518807814816, 5.000000000000000000 ) ) ;
#9456 = ORIENTED_EDGE ( 'NONE', *, *, #8738, .F. ) ;
#9457 = CIRCLE ( 'NONE', #1756, 1.000000000000000888 ) ;
#9458 = DIRECTION ( 'NONE',  ( 0.000000000000000000, 1.000000000000000000, -0.000000000000000000 ) ) ;
#9459 = DIRECTION ( 'NONE',  ( 0.000000000000000000, 0.000000000000000000, -1.000000000000000000 ) ) ;
#9460 = PRODUCT_DEFINITION ( 'UNKNOWN', '', #10245, #2146 ) ;
#9461 = VECTOR ( 'NONE', #8235, 1000.000000000000000 ) ;
#9462 = ORIENTED_EDGE ( 'NONE', *, *, #4672, .T. ) ;
#9463 = ORIENTED_EDGE ( 'NONE', *, *, #7159, .T. ) ;
#9464 = CARTESIAN_POINT ( 'NONE',  ( 27.73941848319152115, 19.27099398849403400, 2.500000000000000000 ) ) ;
#9465 = CIRCLE ( 'NONE', #13, 1.549999999999995826 ) ;
#9466 = ADVANCED_FACE ( 'NONE', ( #4952 ), #5911, .T. ) ;
#9467 = VECTOR ( 'NONE', #11232, 1000.000000000000114 ) ;
#9468 = LINE ( 'NONE', #9288, #3893 ) ;
#9469 = CARTESIAN_POINT ( 'NONE',  ( 45.59999999999999432, 0.000000000000000000, 34.49999999999993605 ) ) ;
#9470 = CARTESIAN_POINT ( 'NONE',  ( -0.5857649643722975252, -15.02964070166748733, 4.999999999999999112 ) ) ;
#9471 = VERTEX_POINT ( 'NONE', #6991 ) ;
#9472 = VECTOR ( 'NONE', #3411, 1000.000000000000000 ) ;
#9474 = EDGE_CURVE ( 'NONE', #3567, #3833, #7713, .T. ) ;
#9473 = DIRECTION ( 'NONE',  ( -0.000000000000000000, 1.000000000000000000, -0.000000000000000000 ) ) ;
#9475 = DIRECTION ( 'NONE',  ( 0.000000000000000000, -1.000000000000000000, 0.000000000000000000 ) ) ;
#9476 = EDGE_LOOP ( 'NONE', ( #2916, #5333, #1632, #468, #10257, #1461 ) ) ;
#9477 = ADVANCED_FACE ( 'NONE', ( #580 ), #10669, .F. ) ;
#9478 = ORIENTED_EDGE ( 'NONE', *, *, #663, .T. ) ;
#9479 = EDGE_LOOP ( 'NONE', ( #8005, #10465, #9975, #912 ) ) ;
#9480 = VECTOR ( 'NONE', #5353, 1000.000000000000000 ) ;
#9481 = EDGE_CURVE ( 'NONE', #2023, #5601, #6927, .T. ) ;
#9482 = DIRECTION ( 'NONE',  ( 0.000000000000000000, -0.7071067811865430208, 0.7071067811865521247 ) ) ;
#9483 = CARTESIAN_POINT ( 'NONE',  ( 4.925320512820510643, -15.10809698294995584, 4.000000000000000000 ) ) ;
#9484 = CARTESIAN_POINT ( 'NONE',  ( 0.9252717499655226385, -17.01978503214858662, 4.000000000000002665 ) ) ;
#9485 = VERTEX_POINT ( 'NONE', #8748 ) ;
#9486 = DIRECTION ( 'NONE',  ( 0.000000000000000000, -1.000000000000000000, 0.000000000000000000 ) ) ;
#9487 = PLANE ( 'NONE',  #10805 ) ;
#9488 = CARTESIAN_POINT ( 'NONE',  ( 9.000000000000005329, 2.000000000000000000, 8.000000000000007105 ) ) ;
#9489 = ORIENTED_EDGE ( 'NONE', *, *, #5071, .T. ) ;
#9490 = EDGE_CURVE ( 'NONE', #905, #2845, #1797, .T. ) ;
#9491 = CIRCLE ( 'NONE', #6981, 6.500000000000005329 ) ;
#9492 = PRODUCT ( 'X3_plus_bottom_plate_modified', 'X3_plus_bottom_plate_modified', '', ( #10561 ) ) ;
#9493 = VERTEX_POINT ( 'NONE', #466 ) ;
#9494 = CARTESIAN_POINT ( 'NONE',  ( 8.000000000000003553, 2.000000000000000000, 11.00000000000000178 ) ) ;
#9495 = CARTESIAN_POINT ( 'NONE',  ( -0.5465727156076481963, -17.22193929993222739, 4.000000000000000888 ) ) ;
#9496 = EDGE_CURVE ( 'NONE', #670, #193, #2339, .T. ) ;
#9497 = CARTESIAN_POINT ( 'NONE',  ( -10.99999999999999289, 2.000000000000000000, 7.000000000000002665 ) ) ;
#9498 = VECTOR ( 'NONE', #3703, 1000.000000000000000 ) ;
#9499 = LINE ( 'NONE', #3829, #2032 ) ;
#9500 = CARTESIAN_POINT ( 'NONE',  ( 73.00000000000001421, 5.000000000000000000, -103.0000000000000568 ) ) ;
#9501 = CARTESIAN_POINT ( 'NONE',  ( -4.523840512970987326, -15.68489062534015410, 3.999999999999999112 ) ) ;
#9502 = CARTESIAN_POINT ( 'NONE',  ( 22.72792206135788007, -8.500000000000000000, 5.000000000000000000 ) ) ;
#9503 = ORIENTED_EDGE ( 'NONE', *, *, #2030, .F. ) ;
#9504 = EDGE_LOOP ( 'NONE', ( #10622, #1147, #8893, #6879 ) ) ;
#9505 = CARTESIAN_POINT ( 'NONE',  ( 21.32178339562597813, 18.81176316890941536, 5.000000000000000000 ) ) ;
#9506 = ORIENTED_EDGE ( 'NONE', *, *, #6984, .T. ) ;
#9507 = CARTESIAN_POINT ( 'NONE',  ( -4.620576031928705696, -15.14330935764022890, 3.999999999999999112 ) ) ;
#9508 = EDGE_CURVE ( 'NONE', #5250, #7297, #8359, .T. ) ;
#9509 = ORIENTED_EDGE ( 'NONE', *, *, #6282, .T. ) ;
#9510 = AXIS2_PLACEMENT_3D ( 'NONE', #7415, #9524, #2828 ) ;
#9511 = AXIS2_PLACEMENT_3D ( 'NONE', #9605, #7794, #6890 ) ;
#9512 = VECTOR ( 'NONE', #2792, 1000.000000000000000 ) ;
#9513 = LINE ( 'NONE', #1232, #315 ) ;
#9514 = CIRCLE ( 'NONE', #8926, 4.366822574594690920 ) ;
#9515 = UNCERTAINTY_MEASURE_WITH_UNIT (LENGTH_MEASURE( 1.000000000000000082E-05 ), #2065, 'distance_accuracy_value', 'NONE');
#9516 = CARTESIAN_POINT ( 'NONE',  ( 72.99999999999998579, 5.000000000000000000, -103.0000000000000142 ) ) ;
#9517 = AXIS2_PLACEMENT_3D ( 'NONE', #10659, #4089, #3122 ) ;
#9518 = DIRECTION ( 'NONE',  ( 1.000000000000000000, 0.000000000000000000, 0.000000000000000000 ) ) ;
#9519 = DIRECTION ( 'NONE',  ( 0.000000000000000000, -0.000000000000000000, -1.000000000000000000 ) ) ;
#9520 = ORIENTED_EDGE ( 'NONE', *, *, #11672, .T. ) ;
#9521 = CYLINDRICAL_SURFACE ( 'NONE', #8498, 0.9999999999999991118 ) ;
#9522 = DIRECTION ( 'NONE',  ( -0.000000000000000000, -0.000000000000000000, -1.000000000000000000 ) ) ;
#9523 = ORIENTED_EDGE ( 'NONE', *, *, #8081, .T. ) ;
#9525 = EDGE_CURVE ( 'NONE', #5055, #4109, #1372, .T. ) ;
#9524 = DIRECTION ( 'NONE',  ( 0.000000000000000000, 0.000000000000000000, 1.000000000000000000 ) ) ;
#9526 = CARTESIAN_POINT ( 'NONE',  ( 29.50000000000000711, -19.74999999999999289, 0.000000000000000000 ) ) ;
#9527 = ORIENTED_EDGE ( 'NONE', *, *, #3637, .F. ) ;
#9528 = VERTEX_POINT ( 'NONE', #9646 ) ;
#9529 = CARTESIAN_POINT ( 'NONE',  ( 8.000000000000003553, -8.208545504429656248, 6.000000000000000888 ) ) ;
#9530 = AXIS2_PLACEMENT_3D ( 'NONE', #11137, #6673, #1053 ) ;
#9531 = LINE ( 'NONE', #399, #5827 ) ;
#9532 = LINE ( 'NONE', #1250, #1429 ) ;
#9533 = AXIS2_PLACEMENT_3D ( 'NONE', #5014, #591, #6825 ) ;
#9534 = ORIENTED_EDGE ( 'NONE', *, *, #10873, .T. ) ;
#9536 = ADVANCED_FACE ( 'NONE', ( #4166 ), #7837, .T. ) ;
#9535 = LINE ( 'NONE', #5611, #3343 ) ;
#9537 = DIRECTION ( 'NONE',  ( -1.000000000000000000, 0.000000000000000000, 0.000000000000000000 ) ) ;
#9538 = VERTEX_POINT ( 'NONE', #1432 ) ;
#9539 = VECTOR ( 'NONE', #5288, 1000.000000000000000 ) ;
#9540 = EDGE_CURVE ( 'NONE', #11583, #6553, #11516, .T. ) ;
#9541 = ORIENTED_EDGE ( 'NONE', *, *, #3652, .F. ) ;
#9542 = VERTEX_POINT ( 'NONE', #761 ) ;
#9543 = CARTESIAN_POINT ( 'NONE',  ( 79.00000000000000000, 5.000000000000000000, -100.0000000000000000 ) ) ;
#9544 = CARTESIAN_POINT ( 'NONE',  ( -20.81324294376707229, 19.67280126842831933, 9.000000000000001776 ) ) ;
#9545 = EDGE_CURVE ( 'NONE', #3945, #11921, #4117, .T. ) ;
#9546 = CARTESIAN_POINT ( 'NONE',  ( -1.741012750254187447, -17.23975135664507619, 3.999999999999999112 ) ) ;
#9547 = CARTESIAN_POINT ( 'NONE',  ( 0.6778348423149911373, -17.35301085792416131, 4.000000000000000888 ) ) ;
#9548 = ORIENTED_EDGE ( 'NONE', *, *, #10551, .T. ) ;
#9549 = DIRECTION ( 'NONE',  ( -0.8900702620852276592, -0.4558233523543239740, -0.000000000000000000 ) ) ;
#9550 = CARTESIAN_POINT ( 'NONE',  ( 24.00000000000001421, 5.000000000000004441, 9.999999999999953815 ) ) ;
#9551 = CARTESIAN_POINT ( 'NONE',  ( 75.00000000000000000, 7.000000000000026645, -102.0000000000000142 ) ) ;
#9552 = VERTEX_POINT ( 'NONE', #10733 ) ;
#9553 = EDGE_CURVE ( 'NONE', #11102, #11583, #8919, .T. ) ;
#9554 = EDGE_LOOP ( 'NONE', ( #9826, #8731, #7626, #1644 ) ) ;
#9555 = VECTOR ( 'NONE', #6355, 1000.000000000000000 ) ;
#9556 = CARTESIAN_POINT ( 'NONE',  ( -8.999999999999994671, 2.000000000000000000, 10.99999999999999467 ) ) ;
#9557 = CARTESIAN_POINT ( 'NONE',  ( -0.8793447650014651895, -17.14494028521496816, 3.999999999999998224 ) ) ;
#9558 = LINE ( 'NONE', #6711, #10060 ) ;
#9559 = CARTESIAN_POINT ( 'NONE',  ( -1.463520126352013673, -15.59651043888651678, 4.999999999999998224 ) ) ;
#9560 = PLANE ( 'NONE',  #5530 ) ;
#9561 = CARTESIAN_POINT ( 'NONE',  ( 9.800000000000002487, 2.791454495570343752, 10.00000000000000000 ) ) ;
#9562 = LINE ( 'NONE', #11421, #7711 ) ;
#9563 = ORIENTED_EDGE ( 'NONE', *, *, #1794, .F. ) ;
#9564 = EDGE_LOOP ( 'NONE', ( #6543, #1681, #3014, #9369 ) ) ;
#9565 = PLANE ( 'NONE',  #3862 ) ;
#9566 = VERTEX_POINT ( 'NONE', #7237 ) ;
#9567 = CARTESIAN_POINT ( 'NONE',  ( -4.887770599336987765, -15.10966402539352416, 3.999999999999999112 ) ) ;
#9568 = ORIENTED_EDGE ( 'NONE', *, *, #4701, .F. ) ;
#9569 = AXIS2_PLACEMENT_3D ( 'NONE', #4738, #7738, #1220 ) ;
#9570 = DIRECTION ( 'NONE',  ( -1.000000000000000000, 0.000000000000000000, 0.000000000000000000 ) ) ;
#9571 = CARTESIAN_POINT ( 'NONE',  ( -7.999999999999994671, 2.000000000000000000, 11.00000000000000355 ) ) ;
#9572 = CARTESIAN_POINT ( 'NONE',  ( -26.22363875699441493, 20.83582196652955432, 0.000000000000000000 ) ) ;
#9573 = DIRECTION ( 'NONE',  ( 0.000000000000000000, 0.000000000000000000, -1.000000000000000000 ) ) ;
#9574 = CARTESIAN_POINT ( 'NONE',  ( -3.933806712607696543, -14.98990429835600757, 4.999999999999995559 ) ) ;
#9575 = VERTEX_POINT ( 'NONE', #8018 ) ;
#9576 = CARTESIAN_POINT ( 'NONE',  ( -23.49999999999999645, 17.50000000000000000, 5.000000000000000000 ) ) ;
#9577 = LINE ( 'NONE', #4813, #4819 ) ;
#9578 = ORIENTED_EDGE ( 'NONE', *, *, #9815, .T. ) ;
#9579 = DIRECTION ( 'NONE',  ( -0.000000000000000000, 0.000000000000000000, 1.000000000000000000 ) ) ;
#9580 = CARTESIAN_POINT ( 'NONE',  ( -25.99999999999999645, 0.000000000000000000, -23.50000000000006395 ) ) ;
#9581 = CIRCLE ( 'NONE', #3407, 6.500000000000005329 ) ;
#9582 = ORIENTED_EDGE ( 'NONE', *, *, #10225, .F. ) ;
#9583 = CYLINDRICAL_SURFACE ( 'NONE', #5655, 1.549999999999995826 ) ;
#9584 = CARTESIAN_POINT ( 'NONE',  ( -1.811100477711193202, -17.15536548952404061, 5.000000000000001776 ) ) ;
#9585 = AXIS2_PLACEMENT_3D ( 'NONE', #6465, #10130, #1872 ) ;
#9586 = CARTESIAN_POINT ( 'NONE',  ( 1.709615384615385869, -17.71322518807815882, 5.000000000000000000 ) ) ;
#9587 = LINE ( 'NONE', #5123, #2587 ) ;
#9588 = ORIENTED_EDGE ( 'NONE', *, *, #5620, .T. ) ;
#9589 = DIRECTION ( 'NONE',  ( 0.000000000000000000, -0.000000000000000000, -1.000000000000000000 ) ) ;
#9590 = CARTESIAN_POINT ( 'NONE',  ( 75.00000000000000000, 7.000000000000026645, -102.0000000000000142 ) ) ;
#9591 = EDGE_CURVE ( 'NONE', #10791, #8095, #5460, .T. ) ;
#9592 = ORIENTED_EDGE ( 'NONE', *, *, #7671, .F. ) ;
#9593 = ORIENTED_EDGE ( 'NONE', *, *, #5550, .T. ) ;
#9594 = VERTEX_POINT ( 'NONE', #2583 ) ;
#9595 = EDGE_CURVE ( 'NONE', #8987, #4109, #11753, .T. ) ;
#9596 = DIRECTION ( 'NONE',  ( 0.000000000000000000, -0.000000000000000000, -1.000000000000000000 ) ) ;
#9597 = CARTESIAN_POINT ( 'NONE',  ( 0.09160124233538076421, -17.71826953228604751, 4.000000000000000888 ) ) ;
#9598 = FACE_OUTER_BOUND ( 'NONE', #10515, .T. ) ;
#9599 = DIRECTION ( 'NONE',  ( -0.5085404518589206058, 0.8610380995189033104, 0.000000000000000000 ) ) ;
#9600 = ORIENTED_EDGE ( 'NONE', *, *, #5317, .F. ) ;
#9601 = APPLICATION_PROTOCOL_DEFINITION ( 'draft international standard', 'automotive_design', 1998, #7503 ) ;
#9602 = CARTESIAN_POINT ( 'NONE',  ( -3.826282051282051455, -15.44009818487302255, 4.000000000000000888 ) ) ;
#9603 = CARTESIAN_POINT ( 'NONE',  ( 2.279487179487178050, -16.32925082910379899, 4.000000000000000000 ) ) ;
#9604 = EDGE_CURVE ( 'NONE', #5217, #8461, #9893, .T. ) ;
#9605 = CARTESIAN_POINT ( 'NONE',  ( -8.799999999999998934, 2.791454495570343752, 5.000000000000000000 ) ) ;
#9606 = VERTEX_POINT ( 'NONE', #1806 ) ;
#9607 = ORIENTED_EDGE ( 'NONE', *, *, #4079, .T. ) ;
#9608 = ADVANCED_FACE ( 'NONE', ( #5485, #9169 ), #9822, .T. ) ;
#9609 = CARTESIAN_POINT ( 'NONE',  ( 45.60000000000000142, -16.20000000000000284, -7.500000000000069278 ) ) ;
#9610 = CARTESIAN_POINT ( 'NONE',  ( -1.169130803996648593, -16.97777187295596590, 3.999999999999999112 ) ) ;
#9611 = DIRECTION ( 'NONE',  ( 0.8610380995189041986, 0.5085404518589189404, 0.000000000000000000 ) ) ;
#9612 = EDGE_CURVE ( 'NONE', #796, #10401, #7173, .T. ) ;
#9613 = CARTESIAN_POINT ( 'NONE',  ( -1.185910729648386841, -15.26743809971057431, 4.000000000000000888 ) ) ;
#9614 = LINE ( 'NONE', #2253, #5340 ) ;
#9615 = CARTESIAN_POINT ( 'NONE',  ( -22.72792206135785875, -13.50000000000000355, 0.000000000000000000 ) ) ;
#9616 = LINE ( 'NONE', #7805, #3286 ) ;
#9617 = ORIENTED_EDGE ( 'NONE', *, *, #3203, .F. ) ;
#9618 = ORIENTED_EDGE ( 'NONE', *, *, #10408, .T. ) ;
#9619 = CARTESIAN_POINT ( 'NONE',  ( 64.99999999999998579, 0.000000000000000000, -56.00000000000000711 ) ) ;
#9620 = VERTEX_POINT ( 'NONE', #8265 ) ;
#9621 = CARTESIAN_POINT ( 'NONE',  ( 3.378525641025639903, -14.53822518807815989, 4.000000000000000000 ) ) ;
#9622 = ADVANCED_FACE ( 'NONE', ( #1616 ), #8523, .T. ) ;
#9623 = ORIENTED_EDGE ( 'NONE', *, *, #4121, .F. ) ;
#9624 = EDGE_CURVE ( 'NONE', #1950, #1069, #9950, .T. ) ;
#9625 = DIRECTION ( 'NONE',  ( 0.000000000000000000, 0.7071067811865430208, -0.7071067811865521247 ) ) ;
#9626 = DIRECTION ( 'NONE',  ( 0.000000000000000000, 0.000000000000000000, 1.000000000000000000 ) ) ;
#9627 = DIRECTION ( 'NONE',  ( 0.000000000000000000, 0.000000000000000000, 1.000000000000000000 ) ) ;
#9628 = VECTOR ( 'NONE', #1175, 1000.000000000000000 ) ;
#9629 = DIRECTION ( 'NONE',  ( -1.000000000000000000, 0.000000000000000000, -0.000000000000000000 ) ) ;
#9630 = CARTESIAN_POINT ( 'NONE',  ( -27.74999999999998934, -13.50000000000000178, 9.000000000000001776 ) ) ;
#9631 = ORIENTED_EDGE ( 'NONE', *, *, #11298, .F. ) ;
#9632 = CARTESIAN_POINT ( 'NONE',  ( 4.925320512820510643, -17.71322518807815882, 4.000000000000000000 ) ) ;
#9633 = FACE_BOUND ( 'NONE', #616, .T. ) ;
#9634 = EDGE_LOOP ( 'NONE', ( #9855, #11804, #4296, #720 ) ) ;
#9635 = CARTESIAN_POINT ( 'NONE',  ( -4.430724944722149061, -15.29095892190899519, 5.000000000000002665 ) ) ;
#9636 = CARTESIAN_POINT ( 'NONE',  ( 8.999999999999991118, -8.208545504429656248, 5.000000000000000000 ) ) ;
#9637 = VECTOR ( 'NONE', #11251, 1000.000000000000000 ) ;
#9638 = CARTESIAN_POINT ( 'NONE',  ( -20.00000000000001421, -16.20000000000000284, 76.99999999999992895 ) ) ;
#9639 = CARTESIAN_POINT ( 'NONE',  ( -1.933388383669314869, -16.96777936960660682, 5.000000000000000888 ) ) ;
#9640 = EDGE_CURVE ( 'NONE', #10579, #7243, #11700, .T. ) ;
#9641 = DIRECTION ( 'NONE',  ( -0.000000000000000000, -0.000000000000000000, -1.000000000000000000 ) ) ;
#9642 = CARTESIAN_POINT ( 'NONE',  ( 7.000000000000003553, -10.20854550442964381, 5.000000000000000000 ) ) ;
#9643 = ORIENTED_EDGE ( 'NONE', *, *, #11379, .F. ) ;
#9644 = VECTOR ( 'NONE', #4067, 1000.000000000000000 ) ;
#9645 = CARTESIAN_POINT ( 'NONE',  ( 81.00000000000001421, 10.57660624134118521, -89.24999999999998579 ) ) ;
#9646 = CARTESIAN_POINT ( 'NONE',  ( -3.072372804504389432, 9.194809502405480117, 5.000000000000000000 ) ) ;
#9647 = ORIENTED_EDGE ( 'NONE', *, *, #8071, .T. ) ;
#9648 = VERTEX_POINT ( 'NONE', #3616 ) ;
#9649 = VECTOR ( 'NONE', #1239, 1000.000000000000227 ) ;
#9650 = ORIENTED_EDGE ( 'NONE', *, *, #5715, .F. ) ;
#9651 = AXIS2_PLACEMENT_3D ( 'NONE', #5285, #3593, #1654 ) ;
#9652 = CARTESIAN_POINT ( 'NONE',  ( -81.00000000000001421, 10.57660624134118521, -87.75000000000000000 ) ) ;
#9653 = DIRECTION ( 'NONE',  ( -1.000000000000000000, 0.000000000000000000, 0.000000000000000000 ) ) ;
#9654 = AXIS2_PLACEMENT_3D ( 'NONE', #4399, #8073, #3485 ) ;
#9655 = CARTESIAN_POINT ( 'NONE',  ( -5.999999999999997335, -9.208545504429654471, 6.000000000000000888 ) ) ;
#9656 = VERTEX_POINT ( 'NONE', #5306 ) ;
#9657 = DIRECTION ( 'NONE',  ( -0.000000000000000000, -0.000000000000000000, -1.000000000000000000 ) ) ;
#9658 = DIRECTION ( 'NONE',  ( -1.000000000000000000, 5.778241043194146325E-16, 0.000000000000000000 ) ) ;
#9659 = AXIS2_PLACEMENT_3D ( 'NONE', #7983, #3162, #10522 ) ;
#9660 = LINE ( 'NONE', #10747, #4674 ) ;
#9661 = ORIENTED_EDGE ( 'NONE', *, *, #8862, .T. ) ;
#9662 = EDGE_CURVE ( 'NONE', #9606, #2108, #5365, .T. ) ;
#9663 = EDGE_LOOP ( 'NONE', ( #216, #7114, #11336, #9442 ) ) ;
#9664 = CIRCLE ( 'NONE', #2337, 1.749999999999998002 ) ;
#9665 = CARTESIAN_POINT ( 'NONE',  ( -1.667451938409447720, -17.31997028335685229, 4.000000000000001776 ) ) ;
#9666 = CYLINDRICAL_SURFACE ( 'NONE', #6997, 1.499999999999987566 ) ;
#9667 = VECTOR ( 'NONE', #1575, 1000.000000000000000 ) ;
#9668 =( GEOMETRIC_REPRESENTATION_CONTEXT ( 3 ) GLOBAL_UNCERTAINTY_ASSIGNED_CONTEXT ( ( #819 ) ) GLOBAL_UNIT_ASSIGNED_CONTEXT ( ( #7902, #7004, #3149 ) ) REPRESENTATION_CONTEXT ( 'NONE', 'WORKASPACE' ) );
#9669 = DIRECTION ( 'NONE',  ( -1.000000000000000000, -0.000000000000000000, -0.000000000000000000 ) ) ;
#9670 = CARTESIAN_POINT ( 'NONE',  ( -10.05713943461311111, 2.791454495570343752, 5.000000000000000000 ) ) ;
#9671 = DIRECTION ( 'NONE',  ( 0.000000000000000000, 0.000000000000000000, -1.000000000000000000 ) ) ;
#9672 = EDGE_CURVE ( 'NONE', #765, #6553, #8142, .T. ) ;
#9673 = VECTOR ( 'NONE', #2939, 1000.000000000000000 ) ;
#9674 = CARTESIAN_POINT ( 'NONE',  ( 9.800000000000002487, 2.791454495570343752, 6.000000000000016875 ) ) ;
#9676 = AXIS2_PLACEMENT_3D ( 'NONE', #4644, #11210, #2953 ) ;
#9675 = FACE_OUTER_BOUND ( 'NONE', #6037, .T. ) ;
#9677 = ORIENTED_EDGE ( 'NONE', *, *, #7460, .T. ) ;
#9678 = ORIENTED_EDGE ( 'NONE', *, *, #1127, .F. ) ;
#9679 = CARTESIAN_POINT ( 'NONE',  ( 55.50000000000003553, 0.000000000000000000, 84.99999999999994316 ) ) ;
#9680 = EDGE_LOOP ( 'NONE', ( #9757, #9198 ) ) ;
#9681 = CARTESIAN_POINT ( 'NONE',  ( -4.950121727997546905, -15.10860986254749960, 4.000000000000000000 ) ) ;
#9682 = VERTEX_POINT ( 'NONE', #1119 ) ;
#9683 = EDGE_CURVE ( 'NONE', #7699, #1103, #10065, .T. ) ;
#9684 = CIRCLE ( 'NONE', #4488, 1.999999999999988010 ) ;
#9685 = AXIS2_PLACEMENT_3D ( 'NONE', #7708, #3131, #6810 ) ;
#9686 = CARTESIAN_POINT ( 'NONE',  ( -79.11689526124925465, 22.86965555254185389, -60.00256449193075525 ) ) ;
#9687 = B_SPLINE_SURFACE_WITH_KNOTS ( 'NONE', 3, 1, ( 
 ( #144, #7456 ),
 ( #3837, #2871 ),
 ( #4749, #8480 ),
 ( #11076, #9443 ),
 ( #9264, #4801 ),
 ( #90, #11189 ),
 ( #11135, #1906 ),
 ( #1050, #28 ),
 ( #7511, #2932 ),
 ( #6555, #9331 ),
 ( #260, #4685 ),
 ( #10224, #8309 ),
 ( #1853, #1966 ),
 ( #197, #6502 ),
 ( #3899, #10167 ),
 ( #10346, #5587 ),
 ( #5650, #3964 ),
 ( #6614, #7571 ),
 ( #2816, #2081 ) ),
 .UNSPECIFIED., .F., .F., .F.,
 ( 4, 1, 1, 1, 1, 1, 1, 1, 1, 1, 1, 1, 1, 1, 1, 1, 4 ),
 ( 2, 2 ),
 ( 0.000000000000000000, 0.06378691041142130203, 0.1266160577673746956, 0.1883427175688254240, 0.2494790546609666482, 0.3098641696187230954, 0.3706562883855290536, 0.4306751569820279069, 0.4912776807977291549, 0.5518738213688568761, 0.6130654962055201995, 0.6751670177106496862, 0.7377045842895256778, 0.8014732993282047691, 0.8661155991141840094, 0.9322603771672380857, 1.000000000000000000 ),
 ( 0.000000000000000000, 1.000000000000000000 ),
 .UNSPECIFIED. ) ;
#9688 = DIRECTION ( 'NONE',  ( 0.000000000000000000, -1.000000000000000000, 0.000000000000000000 ) ) ;
#9689 = EDGE_CURVE ( 'NONE', #11252, #2536, #8332, .T. ) ;
#9690 = DIRECTION ( 'NONE',  ( -0.000000000000000000, -0.000000000000000000, -1.000000000000000000 ) ) ;
#9691 = DIRECTION ( 'NONE',  ( -0.000000000000000000, -1.000000000000000000, -0.000000000000000000 ) ) ;
#9692 = LINE ( 'NONE', #7757, #267 ) ;
#9693 = DIRECTION ( 'NONE',  ( -0.000000000000000000, -0.000000000000000000, -1.000000000000000000 ) ) ;
#9694 = ADVANCED_FACE ( 'NONE', ( #1916 ), #3674, .F. ) ;
#9695 = ORIENTED_EDGE ( 'NONE', *, *, #11536, .T. ) ;
#9696 = CARTESIAN_POINT ( 'NONE',  ( 20.00000000000000000, 5.000000000000000000, 94.99999999999991473 ) ) ;
#9697 = DIRECTION ( 'NONE',  ( -0.000000000000000000, -0.000000000000000000, -1.000000000000000000 ) ) ;
#9698 = ORIENTED_EDGE ( 'NONE', *, *, #8259, .F. ) ;
#9699 = CIRCLE ( 'NONE', #7191, 1.249999999999999334 ) ;
#9701 = VECTOR ( 'NONE', #9482, 999.9999999999998863 ) ;
#9700 = CARTESIAN_POINT ( 'NONE',  ( -45.49999999999997868, 0.000000000000000000, 94.99999999999992895 ) ) ;
#9702 = CLOSED_SHELL ( 'NONE', ( #4912, #3031, #11221, #9394, #5144, #8050, #1022, #7500, #8925, #4373, #10413, #1467, #8943, #5041, #8128, #8663, #4693, #1638, #6205, #2282, #1254, #11010, #5798, #4592, #1345, #2111, #233, #2963, #7695, #1951 ) ) ;
#9703 = EDGE_CURVE ( 'NONE', #7527, #7625, #4636, .T. ) ;
#9704 = ORIENTED_EDGE ( 'NONE', *, *, #9812, .F. ) ;
#9705 = B_SPLINE_CURVE_WITH_KNOTS ( 'NONE', 3,
 ( #9357, #6692, #9470, #1073, #10369, #9230, #283, #3747, #8502, #8449, #2892, #952, #1190, #2840, #165, #4771, #8393, #3069, #3807 ),
 .UNSPECIFIED., .F., .F.,
 ( 4, 1, 1, 1, 1, 1, 1, 1, 1, 1, 1, 1, 1, 1, 1, 1, 4 ),
 ( 0.000000000000000000, 0.06718757354736738796, 0.1319286902789449656, 0.1951888472476513980, 0.2571283310395818256, 0.3188425934467536416, 0.3804925116413721553, 0.4432187279583991724, 0.5071253041351038160, 0.5707121370126607696, 0.6324819649837610802, 0.6932526949398444271, 0.7531313290707890573, 0.8134576601575654875, 0.8738631107010343957, 0.9361102679396072768, 1.000000000000000000 ),
 .UNSPECIFIED. ) ;
#9706 = AXIS2_PLACEMENT_3D ( 'NONE', #5734, #6526, #10190 ) ;
#9707 = CARTESIAN_POINT ( 'NONE',  ( -8.799999999999998934, 2.791454495570343752, 10.00000000000000000 ) ) ;
#9708 = CYLINDRICAL_SURFACE ( 'NONE', #1040, 1.499999999999987566 ) ;
#9709 = EDGE_LOOP ( 'NONE', ( #1516, #4985, #2107, #2602, #4115, #1584, #2962, #9260, #11120 ) ) ;
#9710 = CARTESIAN_POINT ( 'NONE',  ( -3.845088002972242069, -15.23314660543094057, 4.999999999999999112 ) ) ;
#9711 = EDGE_CURVE ( 'NONE', #6799, #1068, #1178, .T. ) ;
#9712 = DIRECTION ( 'NONE',  ( 0.000000000000000000, -1.000000000000000000, 0.000000000000000000 ) ) ;
#9713 = EDGE_CURVE ( 'NONE', #8644, #4861, #2041, .T. ) ;
#9714 = EDGE_LOOP ( 'NONE', ( #550, #6871, #9618, #3916 ) ) ;
#9715 = VERTEX_POINT ( 'NONE', #2094 ) ;
#9716 = VECTOR ( 'NONE', #1440, 1000.000000000000000 ) ;
#9717 = DIRECTION ( 'NONE',  ( -1.445602896647339163E-16, 0.000000000000000000, -1.000000000000000000 ) ) ;
#9718 = DIRECTION ( 'NONE',  ( -0.000000000000000000, -0.000000000000000000, -1.000000000000000000 ) ) ;
#9719 = DIRECTION ( 'NONE',  ( -1.000000000000000000, -1.381677860973891772E-15, 0.000000000000000000 ) ) ;
#9720 = FACE_OUTER_BOUND ( 'NONE', #1339, .T. ) ;
#9721 = VERTEX_POINT ( 'NONE', #6458 ) ;
#9722 = CYLINDRICAL_SURFACE ( 'NONE', #9052, 1.500000000000001332 ) ;
#9723 = DIRECTION ( 'NONE',  ( 1.000000000000000000, -0.000000000000000000, 3.854941057726235139E-16 ) ) ;
#9724 = LINE ( 'NONE', #536, #61 ) ;
#9725 = ORIENTED_EDGE ( 'NONE', *, *, #9101, .F. ) ;
#9726 = ORIENTED_EDGE ( 'NONE', *, *, #4655, .T. ) ;
#9727 = AXIS2_PLACEMENT_3D ( 'NONE', #5303, #4341, #8074 ) ;
#9728 = CARTESIAN_POINT ( 'NONE',  ( -0.4793661538925714227, -17.79407567159341497, 4.999999999999992895 ) ) ;
#9729 = CIRCLE ( 'NONE', #5886, 4.257139434613116613 ) ;
#9730 = CARTESIAN_POINT ( 'NONE',  ( -5.999999999999997335, -9.208545504429654471, 10.00000000000000000 ) ) ;
#9731 = DIRECTION ( 'NONE',  ( -0.000000000000000000, 1.000000000000000000, -0.000000000000000000 ) ) ;
#9732 = CARTESIAN_POINT ( 'NONE',  ( -1.544073903569161965, -15.78945888066755465, 4.000000000000000000 ) ) ;
#9733 = CARTESIAN_POINT ( 'NONE',  ( -5.210256410256410398, -15.10809698294994519, 4.000000000000000000 ) ) ;
#9734 = DIRECTION ( 'NONE',  ( -0.9987351342960425482, -0.05028052826558215838, 0.000000000000000000 ) ) ;
#9735 = DIRECTION ( 'NONE',  ( -0.000000000000000000, -0.000000000000000000, -1.000000000000000000 ) ) ;
#9736 = ORIENTED_EDGE ( 'NONE', *, *, #10850, .T. ) ;
#9737 = ORIENTED_EDGE ( 'NONE', *, *, #7668, .T. ) ;
#9738 = CARTESIAN_POINT ( 'NONE',  ( 11.16682257459468453, 2.791454495570343752, 10.00000000000000000 ) ) ;
#9739 = VERTEX_POINT ( 'NONE', #214 ) ;
#9740 = VECTOR ( 'NONE', #8417, 1000.000000000000000 ) ;
#9741 = CARTESIAN_POINT ( 'NONE',  ( -4.659070116532376460, -15.13359051703162805, 4.000000000000000888 ) ) ;
#9742 = VERTEX_POINT ( 'NONE', #7357 ) ;
#9743 = CARTESIAN_POINT ( 'NONE',  ( 27.75000000000000355, -15.24999999999999467, 0.000000000000000000 ) ) ;
#9744 = DIRECTION ( 'NONE',  ( -1.000000000000000000, 0.000000000000000000, -0.000000000000000000 ) ) ;
#9745 = AXIS2_PLACEMENT_3D ( 'NONE', #821, #7290, #11024 ) ;
#9746 = EDGE_CURVE ( 'NONE', #2950, #6483, #11032, .T. ) ;
#9747 = CYLINDRICAL_SURFACE ( 'NONE', #278, 2.599999999999984102 ) ;
#9748 = CARTESIAN_POINT ( 'NONE',  ( -2.154862576988714640, -16.22322658044492982, 4.999999999999992895 ) ) ;
#9749 = DIRECTION ( 'NONE',  ( 0.5085404518589196066, 0.8610380995189038655, 0.000000000000000000 ) ) ;
#9750 = DIRECTION ( 'NONE',  ( 1.000000000000000000, -0.000000000000000000, -1.084202172485505543E-16 ) ) ;
#9751 = ORIENTED_EDGE ( 'NONE', *, *, #5765, .T. ) ;
#9752 = LINE ( 'NONE', #11558, #1153 ) ;
#9753 = LINE ( 'NONE', #7881, #4048 ) ;
#9754 = VERTEX_POINT ( 'NONE', #9222 ) ;
#9755 = CARTESIAN_POINT ( 'NONE',  ( -77.00000000000002842, 5.000000000000000000, -100.0000000000000000 ) ) ;
#9756 = EDGE_CURVE ( 'NONE', #3380, #2514, #6980, .T. ) ;
#9757 = ORIENTED_EDGE ( 'NONE', *, *, #9545, .F. ) ;
#9758 = DIRECTION ( 'NONE',  ( -0.000000000000000000, 1.000000000000000000, -0.000000000000000000 ) ) ;
#9759 = CIRCLE ( 'NONE', #6110, 6.500000000000005329 ) ;
#9760 = CARTESIAN_POINT ( 'NONE',  ( 119.0000000000000284, 17.00000000000000000, -86.50000000000001421 ) ) ;
#9761 = ADVANCED_FACE ( 'NONE', ( #10361, #4882, #10305, #10240, #5725 ), #105, .T. ) ;
#9762 = LINE ( 'NONE', #6089, #5492 ) ;
#9763 = ORIENTED_EDGE ( 'NONE', *, *, #10057, .T. ) ;
#9764 = PLANE ( 'NONE',  #8548 ) ;
#9765 = CIRCLE ( 'NONE', #7836, 5.000000000000000888 ) ;
#9766 = DIRECTION ( 'NONE',  ( 0.000000000000000000, -0.000000000000000000, -1.000000000000000000 ) ) ;
#9767 = ORIENTED_EDGE ( 'NONE', *, *, #11026, .F. ) ;
#9768 = ORIENTED_EDGE ( 'NONE', *, *, #9232, .F. ) ;
#9769 = EDGE_CURVE ( 'NONE', #11444, #6844, #7171, .T. ) ;
#9770 = ORIENTED_EDGE ( 'NONE', *, *, #10374, .F. ) ;
#9771 = CARTESIAN_POINT ( 'NONE',  ( 8.000000000000001776, -6.208545504429656248, 10.00000000000000000 ) ) ;
#9772 = CARTESIAN_POINT ( 'NONE',  ( 1.138028416491992489, -16.32480747610149052, 3.999999999999999112 ) ) ;
#9773 = CARTESIAN_POINT ( 'NONE',  ( 0.1105153617737233834, -17.08736688799039172, 5.000000000000000888 ) ) ;
#9774 = DIRECTION ( 'NONE',  ( -1.000000000000000000, -0.000000000000000000, -0.000000000000000000 ) ) ;
#9776 = ORIENTED_EDGE ( 'NONE', *, *, #9672, .F. ) ;
#9775 = PRESENTATION_LAYER_ASSIGNMENT (  '', '', ( #5157 ) ) ;
#9777 = DIRECTION ( 'NONE',  ( 1.000000000000000000, 0.000000000000000000, 0.000000000000000000 ) ) ;
#9778 = FACE_OUTER_BOUND ( 'NONE', #8887, .T. ) ;
#9779 = LINE ( 'NONE', #535, #4651 ) ;
#9780 = DIRECTION ( 'NONE',  ( 1.000000000000000000, 0.000000000000000000, 0.000000000000000000 ) ) ;
#9781 = ORIENTED_EDGE ( 'NONE', *, *, #9032, .T. ) ;
#9782 = B_SPLINE_SURFACE_WITH_KNOTS ( 'NONE', 3, 1, ( 
 ( #1462, #2373 ),
 ( #8777, #4930 ),
 ( #3168, #10403 ),
 ( #319, #5824 ),
 ( #8832, #5887 ),
 ( #6906, #494 ),
 ( #1229, #551 ),
 ( #10466, #4019 ),
 ( #3225, #5039 ),
 ( #9507, #4138 ),
 ( #9741, #1344 ),
 ( #4250, #2260 ),
 ( #2205, #4073 ),
 ( #4197, #7928 ),
 ( #3046, #5945 ),
 ( #9567, #11426 ),
 ( #9681, #6784 ),
 ( #10582, #3280 ),
 ( #7811, #4984 ) ),
 .UNSPECIFIED., .F., .F., .F.,
 ( 4, 1, 1, 1, 1, 1, 1, 1, 1, 1, 1, 1, 1, 1, 1, 1, 4 ),
 ( 2, 2 ),
 ( 0.000000000000000000, 0.06376895995773981807, 0.1252623047603745043, 0.1854135826663900755, 0.2468067624960856576, 0.3094223888496974162, 0.3725326822170092478, 0.4377332507368588144, 0.5057495167426344640, 0.5440132631112704065, 0.5883695992066307889, 0.6403890193945120934, 0.6978974005877082165, 0.7632716192950987910, 0.8349786038393127718, 0.9138736558434372714, 1.000000000000000000 ),
 ( 0.000000000000000000, 1.000000000000000000 ),
 .UNSPECIFIED. ) ;
#9783 = ORIENTED_EDGE ( 'NONE', *, *, #3622, .T. ) ;
#9784 = CARTESIAN_POINT ( 'NONE',  ( -1.119743358536410049, -17.67505503352701979, 4.000000000000000000 ) ) ;
#9785 = EDGE_CURVE ( 'NONE', #1635, #6367, #2829, .T. ) ;
#9786 = DIRECTION ( 'NONE',  ( 0.000000000000000000, 0.000000000000000000, -1.000000000000000000 ) ) ;
#9787 = DIRECTION ( 'NONE',  ( 4.336808689942020201E-16, -1.000000000000000000, 0.000000000000000000 ) ) ;
#9788 = CARTESIAN_POINT ( 'NONE',  ( -0.4706530448717958781, -15.02668672653969750, 5.000000000000000000 ) ) ;
#9789 = CARTESIAN_POINT ( 'NONE',  ( 77.00000000000005684, 22.50000000000000711, -60.00000000000001421 ) ) ;
#9790 = DIRECTION ( 'NONE',  ( -0.000000000000000000, 0.000000000000000000, 1.000000000000000000 ) ) ;
#9791 = DIRECTION ( 'NONE',  ( -0.000000000000000000, -0.000000000000000000, -1.000000000000000000 ) ) ;
#9792 = ORIENTED_EDGE ( 'NONE', *, *, #5777, .T. ) ;
#9793 = ORIENTED_EDGE ( 'NONE', *, *, #2846, .F. ) ;
#9794 = CARTESIAN_POINT ( 'NONE',  ( 0.5296705452098016131, 8.500000000000000000, 0.000000000000000000 ) ) ;
#9795 = ORIENTED_EDGE ( 'NONE', *, *, #2928, .F. ) ;
#9796 = CARTESIAN_POINT ( 'NONE',  ( -1.077298729060606419, -17.04342901149511746, 4.000000000000000000 ) ) ;
#9797 = EDGE_LOOP ( 'NONE', ( #3441, #7909, #8829, #7154, #9617 ) ) ;
#9798 = CYLINDRICAL_SURFACE ( 'NONE', #6361, 1.750000000000001554 ) ;
#9799 = PLANE ( 'NONE',  #6573 ) ;
#9800 = DIRECTION ( 'NONE',  ( 0.000000000000000000, -0.000000000000000000, -1.000000000000000000 ) ) ;
#9801 = CARTESIAN_POINT ( 'NONE',  ( -5.542860565386886762, 2.791454495570344196, 6.000000000000011546 ) ) ;
#9802 = CARTESIAN_POINT ( 'NONE',  ( -1.568922083063973627, -15.89239129758119873, 4.000000000000000000 ) ) ;
#9803 = CARTESIAN_POINT ( 'NONE',  ( -79.57770819430501774, 24.34215595272945620, -99.91839573519607143 ) ) ;
#9804 = VERTEX_POINT ( 'NONE', #11145 ) ;
#9805 = CARTESIAN_POINT ( 'NONE',  ( -1.720051390361294175, -14.98933431933119564, 5.000000000000000888 ) ) ;
#9806 = CARTESIAN_POINT ( 'NONE',  ( 0.2151256036420169937, -17.00822485306244758, 4.000000000000000888 ) ) ;
#9807 = ORIENTED_EDGE ( 'NONE', *, *, #10586, .T. ) ;
#9808 = CARTESIAN_POINT ( 'NONE',  ( -6.999999999999997335, -8.208545504429656248, 6.000000000000000888 ) ) ;
#9809 = EDGE_CURVE ( 'NONE', #1515, #7430, #2883, .T. ) ;
#9810 = LINE ( 'NONE', #1536, #4578 ) ;
#9811 = CARTESIAN_POINT ( 'NONE',  ( 0.8436112743699052396, -14.96917307924897500, 4.000000000000000888 ) ) ;
#9812 = EDGE_CURVE ( 'NONE', #3874, #8541, #8492, .T. ) ;
#9813 = CARTESIAN_POINT ( 'NONE',  ( 26.22363875699441493, 20.83582196652956142, 9.000000000000001776 ) ) ;
#9814 = VECTOR ( 'NONE', #10925, 1000.000000000000000 ) ;
#9815 = EDGE_CURVE ( 'NONE', #4702, #9954, #4763, .T. ) ;
#9816 = CARTESIAN_POINT ( 'NONE',  ( 80.65940772594703390, 28.36588375739261636, -60.87579621969791788 ) ) ;
#9817 = LINE ( 'NONE', #9760, #8891 ) ;
#9818 = CARTESIAN_POINT ( 'NONE',  ( 29.40201658111266880, 15.45433384453642134, 9.000000000000001776 ) ) ;
#9820 = VERTEX_POINT ( 'NONE', #6630 ) ;
#9819 = ADVANCED_FACE ( 'NONE', ( #157 ), #7524, .F. ) ;
#9821 = CARTESIAN_POINT ( 'NONE',  ( -5.072235444507663615, -14.53838097365525428, 4.999999999999999112 ) ) ;
#9822 = PLANE ( 'NONE',  #3712 ) ;
#9823 = AXIS2_PLACEMENT_3D ( 'NONE', #1851, #26, #5526 ) ;
#9824 = ORIENTED_EDGE ( 'NONE', *, *, #384, .F. ) ;
#9825 = ADVANCED_FACE ( 'NONE', ( #10762 ), #8739, .F. ) ;
#9826 = ORIENTED_EDGE ( 'NONE', *, *, #10068, .F. ) ;
#9827 = EDGE_CURVE ( 'NONE', #10256, #5517, #10543, .T. ) ;
#9828 = VERTEX_POINT ( 'NONE', #2485 ) ;
#9829 = LINE ( 'NONE', #10858, #1394 ) ;
#9830 = CARTESIAN_POINT ( 'NONE',  ( 119.0000000000000284, 24.00000000000000000, -94.00000000000000000 ) ) ;
#9831 = VECTOR ( 'NONE', #4441, 1000.000000000000227 ) ;
#9832 = CARTESIAN_POINT ( 'NONE',  ( 0.3520804037182353463, -16.85313485653561472, 4.999999999999998224 ) ) ;
#9833 = ADVANCED_FACE ( 'NONE', ( #6182, #4033, #7644, #11507, #4943, #454, #4154, #2218, #6863 ), #6920, .F. ) ;
#9834 = CARTESIAN_POINT ( 'NONE',  ( -19.19238815542511034, -12.03553390593273242, 5.000000000000000000 ) ) ;
#9835 = ORIENTED_EDGE ( 'NONE', *, *, #9326, .F. ) ;
#9836 = FACE_OUTER_BOUND ( 'NONE', #4487, .T. ) ;
#9837 = ADVANCED_FACE ( 'NONE', ( #10484, #1588 ), #5057, .T. ) ;
#9838 = CYLINDRICAL_SURFACE ( 'NONE', #6388, 3.000000000000002665 ) ;
#9839 = DIRECTION ( 'NONE',  ( -0.000000000000000000, -0.000000000000000000, 1.000000000000000000 ) ) ;
#9840 = ORIENTED_EDGE ( 'NONE', *, *, #198, .T. ) ;
#9841 = AXIS2_PLACEMENT_3D ( 'NONE', #9696, #5897, #1302 ) ;
#9842 = CIRCLE ( 'NONE', #10228, 1.499999999999987566 ) ;
#9843 = VERTEX_POINT ( 'NONE', #9526 ) ;
#9844 = CARTESIAN_POINT ( 'NONE',  ( 8.433177425405322225, 2.791454495570343752, 5.000000000000000000 ) ) ;
#9845 = EDGE_CURVE ( 'NONE', #130, #8763, #2164, .T. ) ;
#9846 = LINE ( 'NONE', #5325, #3506 ) ;
#9847 = VECTOR ( 'NONE', #7905, 1000.000000000000000 ) ;
#9848 = CARTESIAN_POINT ( 'NONE',  ( -3.826866216971895440, -15.46512649087890701, 4.999999999999999112 ) ) ;
#9849 = AXIS2_PLACEMENT_3D ( 'NONE', #668, #3453, #5330 ) ;
#9850 = DIRECTION ( 'NONE',  ( 0.000000000000000000, 0.000000000000000000, -1.000000000000000000 ) ) ;
#9851 = ORIENTED_EDGE ( 'NONE', *, *, #4752, .F. ) ;
#9852 = EDGE_CURVE ( 'NONE', #11603, #1315, #6211, .T. ) ;
#9853 = CARTESIAN_POINT ( 'NONE',  ( -3.826282051282051455, -15.44009818487302255, 4.000000000000000888 ) ) ;
#9854 = FACE_OUTER_BOUND ( 'NONE', #3475, .T. ) ;
#9855 = ORIENTED_EDGE ( 'NONE', *, *, #4184, .F. ) ;
#9856 = ORIENTED_EDGE ( 'NONE', *, *, #3491, .T. ) ;
#9857 = DIRECTION ( 'NONE',  ( -3.854941057726240562E-16, 0.000000000000000000, 1.000000000000000000 ) ) ;
#9858 = ORIENTED_EDGE ( 'NONE', *, *, #1296, .T. ) ;
#9859 = CARTESIAN_POINT ( 'NONE',  ( -1.587500000000001021, -16.10918872974482596, 4.000000000000000000 ) ) ;
#9860 = DIRECTION ( 'NONE',  ( -1.000000000000000000, 0.000000000000000000, 0.000000000000000000 ) ) ;
#9861 = VERTEX_POINT ( 'NONE', #8621 ) ;
#9862 = VECTOR ( 'NONE', #9731, 1000.000000000000000 ) ;
#9863 = EDGE_CURVE ( 'NONE', #1569, #2392, #10822, .T. ) ;
#9864 = LINE ( 'NONE', #619, #10393 ) ;
#9865 = DIRECTION ( 'NONE',  ( 0.000000000000000000, 0.000000000000000000, 1.000000000000000000 ) ) ;
#9866 = CIRCLE ( 'NONE', #1376, 0.9999999999999991118 ) ;
#9867 = LINE ( 'NONE', #1593, #11660 ) ;
#9868 = CARTESIAN_POINT ( 'NONE',  ( -22.53798701022630269, -13.49639116526635618, 5.000000000000000000 ) ) ;
#9869 = LINE ( 'NONE', #2381, #10297 ) ;
#9870 = DIRECTION ( 'NONE',  ( -0.000000000000000000, -0.000000000000000000, 1.000000000000000000 ) ) ;
#9871 = ORIENTED_EDGE ( 'NONE', *, *, #3132, .F. ) ;
#9872 = CARTESIAN_POINT ( 'NONE',  ( -2.055340169111314896, -15.51901556170120244, 4.000000000000000888 ) ) ;
#9873 = DIRECTION ( 'NONE',  ( 1.000000000000000000, 0.000000000000000000, -3.154042683594193641E-16 ) ) ;
#9874 = VERTEX_POINT ( 'NONE', #9580 ) ;
#9875 = DIRECTION ( 'NONE',  ( -0.000000000000000000, -1.000000000000000000, -0.000000000000000000 ) ) ;
#9876 = ORIENTED_EDGE ( 'NONE', *, *, #4954, .T. ) ;
#9877 = PRESENTATION_LAYER_ASSIGNMENT (  '', '', ( #10258 ) ) ;
#9878 = CIRCLE ( 'NONE', #222, 1.500000000000001332 ) ;
#9879 = DIRECTION ( 'NONE',  ( -0.000000000000000000, -0.000000000000000000, -1.000000000000000000 ) ) ;
#9880 = CYLINDRICAL_SURFACE ( 'NONE', #6235, 1.750000000000001554 ) ;
#9881 = DIRECTION ( 'NONE',  ( 0.000000000000000000, 0.000000000000000000, 1.000000000000000000 ) ) ;
#9882 = CIRCLE ( 'NONE', #239, 1.750000000000001554 ) ;
#9883 = CARTESIAN_POINT ( 'NONE',  ( 79.91082479059114974, 25.44182911671558500, -60.20379447846448784 ) ) ;
#9884 = DIRECTION ( 'NONE',  ( 0.000000000000000000, 1.000000000000000000, 0.000000000000000000 ) ) ;
#9885 = AXIS2_PLACEMENT_3D ( 'NONE', #6647, #4779, #174 ) ;
#9886 = CARTESIAN_POINT ( 'NONE',  ( -75.00000000000001421, 37.42339375865881124, -70.75000000000000000 ) ) ;
#9887 = VECTOR ( 'NONE', #5903, 1000.000000000000000 ) ;
#9888 = VERTEX_POINT ( 'NONE', #276 ) ;
#9889 = CARTESIAN_POINT ( 'NONE',  ( 79.00000000000000000, 0.000000000000000000, -60.00000000000000711 ) ) ;
#9890 = CARTESIAN_POINT ( 'NONE',  ( 75.00000000000000000, 7.000000000000026645, -102.0000000000000142 ) ) ;
#9891 = ORIENTED_EDGE ( 'NONE', *, *, #1042, .T. ) ;
#9892 = CIRCLE ( 'NONE', #5470, 1.749999999999994671 ) ;
#9893 = CIRCLE ( 'NONE', #4697, 2.000000000000001776 ) ;
#9894 = ORIENTED_EDGE ( 'NONE', *, *, #8143, .T. ) ;
#9895 = ORIENTED_EDGE ( 'NONE', *, *, #4533, .T. ) ;
#9896 = DIRECTION ( 'NONE',  ( 0.000000000000000000, 0.000000000000000000, -1.000000000000000000 ) ) ;
#9897 = LINE ( 'NONE', #9956, #6588 ) ;
#9898 = CARTESIAN_POINT ( 'NONE',  ( 2.279487179487178050, -16.32925082910379899, 5.000000000000000000 ) ) ;
#9899 = EDGE_CURVE ( 'NONE', #7664, #538, #4997, .T. ) ;
#9900 = CARTESIAN_POINT ( 'NONE',  ( -75.00000000000001421, 31.00000000000000000, -86.50000000000001421 ) ) ;
#9901 = ORIENTED_EDGE ( 'NONE', *, *, #9335, .F. ) ;
#9902 = CIRCLE ( 'NONE', #4897, 1.000000000000000000 ) ;
#9903 = LINE ( 'NONE', #3569, #4808 ) ;
#9904 = EDGE_CURVE ( 'NONE', #3087, #3165, #2343, .T. ) ;
#9905 = DIRECTION ( 'NONE',  ( 0.000000000000000000, 0.000000000000000000, -1.000000000000000000 ) ) ;
#9906 = DIRECTION ( 'NONE',  ( -1.000000000000000000, 0.000000000000000000, 0.000000000000000000 ) ) ;
#9907 = ORIENTED_EDGE ( 'NONE', *, *, #3994, .T. ) ;
#9908 = VERTEX_POINT ( 'NONE', #9924 ) ;
#9909 = ORIENTED_EDGE ( 'NONE', *, *, #11262, .T. ) ;
#9910 = EDGE_CURVE ( 'NONE', #2256, #10053, #1650, .T. ) ;
#9911 = EDGE_CURVE ( 'NONE', #3165, #9715, #3978, .T. ) ;
#9912 = CARTESIAN_POINT ( 'NONE',  ( -6.999999999999997335, -8.208545504429656248, 6.000000000000000888 ) ) ;
#9913 = DIRECTION ( 'NONE',  ( 1.000000000000000000, 1.734723475976799403E-15, 0.000000000000000000 ) ) ;
#9914 = DIRECTION ( 'NONE',  ( -1.000000000000000000, -0.000000000000000000, -0.000000000000000000 ) ) ;
#9915 = FACE_OUTER_BOUND ( 'NONE', #4820, .T. ) ;
#9916 = FACE_OUTER_BOUND ( 'NONE', #9714, .T. ) ;
#9917 = EDGE_LOOP ( 'NONE', ( #9363, #11685, #7068, #8438, #10760, #68 ) ) ;
#9918 = EDGE_CURVE ( 'NONE', #1996, #9995, #11446, .T. ) ;
#9919 = ORIENTED_EDGE ( 'NONE', *, *, #1401, .T. ) ;
#9920 = VECTOR ( 'NONE', #6534, 1000.000000000000000 ) ;
#9921 = CARTESIAN_POINT ( 'NONE',  ( 9.521751581256404862, -21.49999999999999645, 5.000000000000000000 ) ) ;
#9922 = VERTEX_POINT ( 'NONE', #6738 ) ;
#9923 = CYLINDRICAL_SURFACE ( 'NONE', #3306, 0.9999999999999991118 ) ;
#9924 = CARTESIAN_POINT ( 'NONE',  ( -4.396153846153846523, -15.43246597333456194, 5.000000000000000888 ) ) ;
#9925 = EDGE_LOOP ( 'NONE', ( #5086, #3138, #4407, #4582 ) ) ;
#9926 = AXIS2_PLACEMENT_3D ( 'NONE', #9933, #1848, #1783 ) ;
#9927 = FACE_OUTER_BOUND ( 'NONE', #6486, .T. ) ;
#9928 = EDGE_CURVE ( 'NONE', #3778, #7106, #10421, .T. ) ;
#9929 = CARTESIAN_POINT ( 'NONE',  ( -75.00000000000001421, 10.57660624134118521, -87.75000000000000000 ) ) ;
#9930 = DIRECTION ( 'NONE',  ( 0.5429117819417186297, -0.8397897338196435024, 0.000000000000000000 ) ) ;
#9931 = DIRECTION ( 'NONE',  ( -1.387778780781444413E-14, 0.000000000000000000, -1.000000000000000000 ) ) ;
#9932 = CIRCLE ( 'NONE', #4732, 1.249999999999999334 ) ;
#9933 = CARTESIAN_POINT ( 'NONE',  ( -22.09656497441888234, 18.98690900379348534, 2.500000000000000000 ) ) ;
#9934 = CARTESIAN_POINT ( 'NONE',  ( 0.3199168669871786386, -14.60691509192431425, 5.000000000000000000 ) ) ;
#9935 = ORIENTED_EDGE ( 'NONE', *, *, #4079, .F. ) ;
#9936 = CARTESIAN_POINT ( 'NONE',  ( -0.4706530448717958781, -15.02668672653969750, 4.000000000000000000 ) ) ;
#9937 = FACE_OUTER_BOUND ( 'NONE', #5694, .T. ) ;
#9938 = ORIENTED_EDGE ( 'NONE', *, *, #1042, .F. ) ;
#9939 = DIRECTION ( 'NONE',  ( 1.000000000000000000, 0.000000000000000000, 0.000000000000000000 ) ) ;
#9940 = VERTEX_POINT ( 'NONE', #7701 ) ;
#9941 = DIRECTION ( 'NONE',  ( 0.000000000000000000, 0.000000000000000000, 1.000000000000000000 ) ) ;
#9942 = AXIS2_PLACEMENT_3D ( 'NONE', #3818, #4600, #1140 ) ;
#9943 = DIRECTION ( 'NONE',  ( -3.854941057726234153E-16, 0.000000000000000000, 1.000000000000000000 ) ) ;
#9944 = DIRECTION ( 'NONE',  ( 0.000000000000000000, 0.000000000000000000, 1.000000000000000000 ) ) ;
#9945 = CARTESIAN_POINT ( 'NONE',  ( -2.144737928400898053, -16.33547002649874713, 3.999999999999998224 ) ) ;
#9946 = DIRECTION ( 'NONE',  ( 0.000000000000000000, 0.000000000000000000, -1.000000000000000000 ) ) ;
#9947 = CARTESIAN_POINT ( 'NONE',  ( 3.948397435897434526, -14.53822518807815989, 4.000000000000000000 ) ) ;
#9948 = ORIENTED_EDGE ( 'NONE', *, *, #11155, .F. ) ;
#9949 = CARTESIAN_POINT ( 'NONE',  ( 79.57770819430503195, 24.34215595272945976, -99.91839573519608564 ) ) ;
#9950 = LINE ( 'NONE', #8078, #2746 ) ;
#9951 = VERTEX_POINT ( 'NONE', #9636 ) ;
#9952 = ORIENTED_EDGE ( 'NONE', *, *, #8979, .T. ) ;
#9953 = CONICAL_SURFACE ( 'NONE', #10915, 3.366822574594681150, 0.7853981633974450594 ) ;
#9954 = VERTEX_POINT ( 'NONE', #1362 ) ;
#9955 = DIRECTION ( 'NONE',  ( 3.035766082959409950E-16, 0.000000000000000000, 1.000000000000000000 ) ) ;
#9956 = CARTESIAN_POINT ( 'NONE',  ( -4.317287660256409865, -17.71322518807814816, 5.000000000000000000 ) ) ;
#9957 = PLANE ( 'NONE',  #11602 ) ;
#9958 = FACE_OUTER_BOUND ( 'NONE', #9390, .T. ) ;
#9959 = ORIENTED_EDGE ( 'NONE', *, *, #1141, .T. ) ;
#9960 = DIRECTION ( 'NONE',  ( -3.035766082959409950E-16, 0.000000000000000000, -1.000000000000000000 ) ) ;
#9961 = CARTESIAN_POINT ( 'NONE',  ( 0.5000000000000004441, 5.000000000000000000, -3.870000000000000107 ) ) ;
#9962 = CARTESIAN_POINT ( 'NONE',  ( 75.00000000000001421, 24.00000000000000355, -63.00000000000000000 ) ) ;
#9963 = VECTOR ( 'NONE', #8418, 1000.000000000000000 ) ;
#9964 = ORIENTED_EDGE ( 'NONE', *, *, #380, .T. ) ;
#9965 = VERTEX_POINT ( 'NONE', #6366 ) ;
#9966 = EDGE_LOOP ( 'NONE', ( #1117, #10438, #4149, #2720 ) ) ;
#9967 = ADVANCED_FACE ( 'NONE', ( #3707 ), #3590, .T. ) ;
#9968 = DIRECTION ( 'NONE',  ( -0.000000000000000000, -0.000000000000000000, -1.000000000000000000 ) ) ;
#9969 = CYLINDRICAL_SURFACE ( 'NONE', #11478, 1.257139434613111950 ) ;
#9970 = EDGE_CURVE ( 'NONE', #10980, #7938, #3527, .T. ) ;
#9971 = AXIS2_PLACEMENT_3D ( 'NONE', #5672, #3682, #6401 ) ;
#9972 = DIRECTION ( 'NONE',  ( -0.000000000000000000, -1.000000000000000000, -0.000000000000000000 ) ) ;
#9973 = CARTESIAN_POINT ( 'NONE',  ( -2.250000000000000444, 2.000000000000000000, -0.4999999999999987232 ) ) ;
#9974 = CARTESIAN_POINT ( 'NONE',  ( -79.00000000000001421, 5.000000000000000000, -62.00000000000000711 ) ) ;
#9975 = ORIENTED_EDGE ( 'NONE', *, *, #4007, .F. ) ;
#9976 = EDGE_LOOP ( 'NONE', ( #4412, #2642, #261, #10084 ) ) ;
#9977 = CARTESIAN_POINT ( 'NONE',  ( 24.00000000000002842, -89.44271909999159220, 43.49999999999992895 ) ) ;
#9978 = ORIENTED_EDGE ( 'NONE', *, *, #8715, .T. ) ;
#9979 = DIRECTION ( 'NONE',  ( 0.000000000000000000, 1.000000000000000000, 0.000000000000000000 ) ) ;
#9980 = ORIENTED_EDGE ( 'NONE', *, *, #2170, .T. ) ;
#9981 = FACE_OUTER_BOUND ( 'NONE', #5560, .T. ) ;
#9982 = EDGE_CURVE ( 'NONE', #946, #8676, #9104, .T. ) ;
#9983 = CARTESIAN_POINT ( 'NONE',  ( 45.60000000000000142, 5.000000000000000000, -7.500000000000069278 ) ) ;
#9984 = DIRECTION ( 'NONE',  ( 1.000000000000000000, 0.000000000000000000, 0.000000000000000000 ) ) ;
#9985 = FACE_BOUND ( 'NONE', #4726, .T. ) ;
#9986 = PLANE ( 'NONE',  #6461 ) ;
#9987 = CARTESIAN_POINT ( 'NONE',  ( 0.1363148084311956998, -14.54079713354843584, 5.000000000000000000 ) ) ;
#9988 = EDGE_CURVE ( 'NONE', #7956, #3808, #9866, .T. ) ;
#9989 = VERTEX_POINT ( 'NONE', #4556 ) ;
#9990 = CARTESIAN_POINT ( 'NONE',  ( -0.4874174720973487029, -14.45705125866131979, 5.000000000000000000 ) ) ;
#9991 = CARTESIAN_POINT ( 'NONE',  ( 30.01888746451763268, 17.85109630944760184, 0.000000000000000000 ) ) ;
#9992 = ORIENTED_EDGE ( 'NONE', *, *, #8601, .F. ) ;
#9993 = CARTESIAN_POINT ( 'NONE',  ( -2.055340169111314896, -15.51901556170120244, 5.000000000000000888 ) ) ;
#9994 = EDGE_CURVE ( 'NONE', #125, #1660, #8176, .T. ) ;
#9995 = VERTEX_POINT ( 'NONE', #9249 ) ;
#9996 = DIRECTION ( 'NONE',  ( -0.000000000000000000, -0.000000000000000000, -1.000000000000000000 ) ) ;
#9997 = CARTESIAN_POINT ( 'NONE',  ( 0.3199168669871786386, -14.60691509192431425, 4.000000000000000000 ) ) ;
#9998 = CARTESIAN_POINT ( 'NONE',  ( 140.0000000000000853, 22.50000000000000000, -100.0000000000000000 ) ) ;
#9999 = FACE_OUTER_BOUND ( 'NONE', #11134, .T. ) ;
#10000 = FACE_OUTER_BOUND ( 'NONE', #5406, .T. ) ;
#10001 = DIRECTION ( 'NONE',  ( 1.387778780781444413E-14, 0.000000000000000000, 1.000000000000000000 ) ) ;
#10002 = EDGE_LOOP ( 'NONE', ( #2246, #5282, #2459, #5165 ) ) ;
#10003 = LINE ( 'NONE', #4520, #3931 ) ;
#10004 = CARTESIAN_POINT ( 'NONE',  ( -0.6624330859149232253, -17.20635806257904221, 5.000000000000000888 ) ) ;
#10005 = VERTEX_POINT ( 'NONE', #11 ) ;
#10006 = AXIS2_PLACEMENT_3D ( 'NONE', #2038, #4994, #6733 ) ;
#10007 = VERTEX_POINT ( 'NONE', #10036 ) ;
#10008 = ADVANCED_FACE ( 'NONE', ( #734 ), #7209, .T. ) ;
#10009 = CYLINDRICAL_SURFACE ( 'NONE', #11629, 2.000000000000001776 ) ;
#10010 = VERTEX_POINT ( 'NONE', #5516 ) ;
#10011 = LINE ( 'NONE', #526, #1291 ) ;
#10012 = CARTESIAN_POINT ( 'NONE',  ( 0.8436112743699052396, -14.96917307924897500, 4.000000000000000888 ) ) ;
#10013 = CARTESIAN_POINT ( 'NONE',  ( -1.678904918935926638, -14.94422751762273371, 4.000000000000000000 ) ) ;
#10014 = DIRECTION ( 'NONE',  ( -0.000000000000000000, 0.000000000000000000, 1.000000000000000000 ) ) ;
#10015 = ORIENTED_EDGE ( 'NONE', *, *, #6883, .T. ) ;
#10016 = CIRCLE ( 'NONE', #9240, 1.000000000000000888 ) ;
#10017 = CARTESIAN_POINT ( 'NONE',  ( 22.26058151680846819, 15.72900601150596600, 2.500000000000000000 ) ) ;
#10018 = CARTESIAN_POINT ( 'NONE',  ( -55.49999999999996447, 0.000000000000000000, 84.99999999999991473 ) ) ;
#10019 = EDGE_CURVE ( 'NONE', #11184, #8685, #9200, .T. ) ;
#10020 = DIRECTION ( 'NONE',  ( -1.000000000000000000, 0.000000000000000000, -0.000000000000000000 ) ) ;
#10021 = ORIENTED_EDGE ( 'NONE', *, *, #5268, .F. ) ;
#10022 = VERTEX_POINT ( 'NONE', #5338 ) ;
#10023 = EDGE_LOOP ( 'NONE', ( #9919, #9135 ) ) ;
#10024 = CIRCLE ( 'NONE', #3467, 5.000000000000004441 ) ;
#10025 = DIRECTION ( 'NONE',  ( 0.000000000000000000, 0.000000000000000000, 1.000000000000000000 ) ) ;
#10026 = CARTESIAN_POINT ( 'NONE',  ( -3.972728683737107858, -15.95326243232965346, 5.000000000000000888 ) ) ;
#10027 = CARTESIAN_POINT ( 'NONE',  ( -45.49999999999997868, 5.000000000000000000, 96.54999999999992610 ) ) ;
#10028 = ORIENTED_EDGE ( 'NONE', *, *, #1227, .F. ) ;
#10029 = CARTESIAN_POINT ( 'NONE',  ( -4.754285971661861510, -14.54998608670966931, 4.000000000000000888 ) ) ;
#10030 = CARTESIAN_POINT ( 'NONE',  ( -20.00000000000001066, 0.000000000000000000, 96.49999999999991473 ) ) ;
#10031 = ADVANCED_FACE ( 'NONE', ( #1772, #5457, #860, #9141, #11061, #8240, #9015, #2802, #11910, #6308, #3647, #4430, #6489, #8109, #4496, #7326, #11002 ), #6424, .T. ) ;
#10032 = ORIENTED_EDGE ( 'NONE', *, *, #4865, .F. ) ;
#10033 = DIRECTION ( 'NONE',  ( -1.000000000000000000, 0.000000000000000000, -0.000000000000000000 ) ) ;
#10034 = EDGE_LOOP ( 'NONE', ( #4680, #6804, #6518, #2790 ) ) ;
#10035 = VECTOR ( 'NONE', #546, 1000.000000000000000 ) ;
#10036 = CARTESIAN_POINT ( 'NONE',  ( -1.549999999999995604, 0.000000000000000000, -100.5000000000000000 ) ) ;
#10037 = ORIENTED_EDGE ( 'NONE', *, *, #2286, .T. ) ;
#10038 = VECTOR ( 'NONE', #299, 1000.000000000000227 ) ;
#10039 = CARTESIAN_POINT ( 'NONE',  ( -3.231599351462890457, 5.471600447553131019, 9.000000000000001776 ) ) ;
#10040 =( GEOMETRIC_REPRESENTATION_CONTEXT ( 3 ) GLOBAL_UNCERTAINTY_ASSIGNED_CONTEXT ( ( #10473 ) ) GLOBAL_UNIT_ASSIGNED_CONTEXT ( ( #11056, #6484, #7493 ) ) REPRESENTATION_CONTEXT ( 'NONE', 'WORKASPACE' ) );
#10041 = CIRCLE ( 'NONE', #3486, 1.500000000000001332 ) ;
#10042 = CARTESIAN_POINT ( 'NONE',  ( -2.133448305808136158, -15.80507921218605993, 4.000000000000001776 ) ) ;
#10043 = DIRECTION ( 'NONE',  ( -0.000000000000000000, -0.000000000000000000, -1.000000000000000000 ) ) ;
#10044 = PLANE ( 'NONE',  #7830 ) ;
#10045 = CARTESIAN_POINT ( 'NONE',  ( 0.1363148084311956998, -14.54079713354843584, 4.000000000000000000 ) ) ;
#10047 = AXIS2_PLACEMENT_3D ( 'NONE', #2088, #7636, #4991 ) ;
#10046 = DIRECTION ( 'NONE',  ( -0.000000000000000000, 0.000000000000000000, 1.000000000000000000 ) ) ;
#10048 = ORIENTED_EDGE ( 'NONE', *, *, #10196, .F. ) ;
#10049 = CARTESIAN_POINT ( 'NONE',  ( 75.00000000000001421, 37.42339375865881834, -87.75000000000002842 ) ) ;
#10050 = ORIENTED_EDGE ( 'NONE', *, *, #4733, .T. ) ;
#10051 = EDGE_CURVE ( 'NONE', #6367, #10201, #1894, .T. ) ;
#10052 = CARTESIAN_POINT ( 'NONE',  ( -1.839977854107104127, -15.12876597410665802, 5.000000000000001776 ) ) ;
#10053 = VERTEX_POINT ( 'NONE', #11138 ) ;
#10054 = CARTESIAN_POINT ( 'NONE',  ( 43.00000000000000711, 0.000000000000000000, 37.09999999999991616 ) ) ;
#10055 = VECTOR ( 'NONE', #7991, 1000.000000000000000 ) ;
#10056 = LINE ( 'NONE', #4451, #1397 ) ;
#10057 = EDGE_CURVE ( 'NONE', #9594, #1479, #2936, .T. ) ;
#10058 = DIRECTION ( 'NONE',  ( -0.000000000000000000, 0.000000000000000000, 1.000000000000000000 ) ) ;
#10059 = EDGE_CURVE ( 'NONE', #11376, #9739, #2875, .T. ) ;
#10060 = VECTOR ( 'NONE', #4128, 1000.000000000000227 ) ;
#10061 = CARTESIAN_POINT ( 'NONE',  ( 45.50000000000003553, 5.000000000000000000, 93.44999999999993179 ) ) ;
#10062 = CARTESIAN_POINT ( 'NONE',  ( 19.00000000000000355, 5.000000000000004441, 46.99999999999990052 ) ) ;
#10063 = PLANE ( 'NONE',  #9347 ) ;
#10064 = EDGE_LOOP ( 'NONE', ( #4509, #10833, #7069, #83 ) ) ;
#10065 = CIRCLE ( 'NONE', #4282, 5.000000000000000888 ) ;
#10066 = AXIS2_PLACEMENT_3D ( 'NONE', #10132, #6404, #2891 ) ;
#10067 = CARTESIAN_POINT ( 'NONE',  ( -10.00000000000000178, 2.000000000000000000, 7.000000000000002665 ) ) ;
#10068 = EDGE_CURVE ( 'NONE', #7430, #6454, #10633, .T. ) ;
#10069 = CARTESIAN_POINT ( 'NONE',  ( -0.8793447650014651895, -17.14494028521496816, 4.999999999999998224 ) ) ;
#10070 = ORIENTED_EDGE ( 'NONE', *, *, #2015, .T. ) ;
#10071 = VERTEX_POINT ( 'NONE', #206 ) ;
#10072 = DIRECTION ( 'NONE',  ( 0.000000000000000000, 0.000000000000000000, -1.000000000000000000 ) ) ;
#10073 = VECTOR ( 'NONE', #2371, 1000.000000000000000 ) ;
#10074 = CARTESIAN_POINT ( 'NONE',  ( -0.3262956696057711103, -17.79295521362713828, 4.000000000000001776 ) ) ;
#10075 = CARTESIAN_POINT ( 'NONE',  ( -1.403372629974333430, -14.71863784045357981, 4.000000000000000888 ) ) ;
#10076 = LINE ( 'NONE', #4534, #8950 ) ;
#10077 = ORIENTED_EDGE ( 'NONE', *, *, #5563, .T. ) ;
#10078 = LINE ( 'NONE', #4539, #4265 ) ;
#10079 = CARTESIAN_POINT ( 'NONE',  ( -4.427044191299727594, -15.58324274024666600, 5.000000000000000000 ) ) ;
#10080 = ORIENTED_EDGE ( 'NONE', *, *, #5543, .T. ) ;
#10081 = VECTOR ( 'NONE', #11892, 1000.000000000000000 ) ;
#10082 = AXIS2_PLACEMENT_3D ( 'NONE', #5441, #3446, #9906 ) ;
#10083 = AXIS2_PLACEMENT_3D ( 'NONE', #962, #11051, #1023 ) ;
#10084 = ORIENTED_EDGE ( 'NONE', *, *, #9481, .F. ) ;
#10085 = ORIENTED_EDGE ( 'NONE', *, *, #8178, .T. ) ;
#10086 = AXIS2_PLACEMENT_3D ( 'NONE', #3302, #7947, #4158 ) ;
#10087 = LINE ( 'NONE', #2849, #7192 ) ;
#10088 = VECTOR ( 'NONE', #1431, 1000.000000000000000 ) ;
#10089 = CARTESIAN_POINT ( 'NONE',  ( -3.828011659420312629, -15.51420243732616733, 4.999999999999999112 ) ) ;
#10090 = CARTESIAN_POINT ( 'NONE',  ( 1.110276616292767304, -16.53045069420640090, 3.999999999999999112 ) ) ;
#10091 = ORIENTED_EDGE ( 'NONE', *, *, #9910, .F. ) ;
#10092 = CARTESIAN_POINT ( 'NONE',  ( -4.652207563430163617, -14.56002473291711929, 3.999999999999998224 ) ) ;
#10093 = DIRECTION ( 'NONE',  ( -1.000000000000000000, -0.000000000000000000, -0.000000000000000000 ) ) ;
#10094 = ORIENTED_EDGE ( 'NONE', *, *, #4233, .F. ) ;
#10095 = DIRECTION ( 'NONE',  ( -0.000000000000000000, -1.000000000000000000, -0.000000000000000000 ) ) ;
#10096 = ORIENTED_EDGE ( 'NONE', *, *, #9301, .T. ) ;
#10097 = DIRECTION ( 'NONE',  ( -0.000000000000000000, -0.000000000000000000, -1.000000000000000000 ) ) ;
#10098 = ORIENTED_EDGE ( 'NONE', *, *, #6831, .F. ) ;
#10099 = CARTESIAN_POINT ( 'NONE',  ( -0.4274038461538470779, -17.22476364961662298, 5.000000000000000000 ) ) ;
#10100 = CARTESIAN_POINT ( 'NONE',  ( -4.055789648018072846, -16.05017032030975699, 5.000000000000002665 ) ) ;
#10101 = VECTOR ( 'NONE', #263, 1000.000000000000000 ) ;
#10102 = DIRECTION ( 'NONE',  ( 0.000000000000000000, 0.000000000000000000, -1.000000000000000000 ) ) ;
#10103 = VECTOR ( 'NONE', #5608, 1000.000000000000000 ) ;
#10104 = CARTESIAN_POINT ( 'NONE',  ( -22.49999999999999289, -21.50000000000000000, 9.000000000000001776 ) ) ;
#10105 = DIRECTION ( 'NONE',  ( 1.000000000000000000, -0.000000000000000000, 0.000000000000000000 ) ) ;
#10106 = DIRECTION ( 'NONE',  ( 0.000000000000000000, 0.000000000000000000, -1.000000000000000000 ) ) ;
#10107 = ORIENTED_EDGE ( 'NONE', *, *, #6006, .T. ) ;
#10108 = LINE ( 'NONE', #3601, #6368 ) ;
#10109 = ORIENTED_EDGE ( 'NONE', *, *, #4060, .F. ) ;
#10110 = AXIS2_PLACEMENT_3D ( 'NONE', #4873, #1059, #1112 ) ;
#10111 = DIRECTION ( 'NONE',  ( 0.000000000000000000, -0.000000000000000000, 1.000000000000000000 ) ) ;
#10112 = ORIENTED_EDGE ( 'NONE', *, *, #11042, .F. ) ;
#10113 = DIRECTION ( 'NONE',  ( -1.000000000000000000, 0.000000000000000000, 0.000000000000000000 ) ) ;
#10114 = DIRECTION ( 'NONE',  ( 0.000000000000000000, 0.000000000000000000, 1.000000000000000000 ) ) ;
#10115 = EDGE_CURVE ( 'NONE', #4841, #1694, #7943, .T. ) ;
#10116 = DIRECTION ( 'NONE',  ( 0.000000000000000000, 1.000000000000000000, 0.000000000000000000 ) ) ;
#10117 = AXIS2_PLACEMENT_3D ( 'NONE', #1170, #4872, #8547 ) ;
#10118 = CARTESIAN_POINT ( 'NONE',  ( -17.99999999999997513, -89.44271909999159220, -30.00000000000006750 ) ) ;
#10119 = CARTESIAN_POINT ( 'NONE',  ( -4.754285971661861510, -14.54998608670966931, 4.999999999999997335 ) ) ;
#10120 = CARTESIAN_POINT ( 'NONE',  ( 0.2784182938776462723, -17.64369639226885411, 5.000000000000002665 ) ) ;
#10121 = ORIENTED_EDGE ( 'NONE', *, *, #10334, .F. ) ;
#10122 = CARTESIAN_POINT ( 'NONE',  ( 81.00000000000001421, 37.42339375865881124, -73.75000000000000000 ) ) ;
#10123 = DIRECTION ( 'NONE',  ( 0.000000000000000000, -1.000000000000000000, 0.000000000000000000 ) ) ;
#10124 = EDGE_CURVE ( 'NONE', #4684, #11078, #1433, .T. ) ;
#10125 = CIRCLE ( 'NONE', #11091, 1.899999999999999689 ) ;
#10126 = ORIENTED_EDGE ( 'NONE', *, *, #5695, .T. ) ;
#10127 = ORIENTED_EDGE ( 'NONE', *, *, #3191, .T. ) ;
#10128 = DIRECTION ( 'NONE',  ( 0.000000000000000000, 0.000000000000000000, 1.000000000000000000 ) ) ;
#10129 = ADVANCED_FACE ( 'NONE', ( #6560, #10232 ), #2034, .T. ) ;
#10130 = DIRECTION ( 'NONE',  ( -0.000000000000000000, 1.000000000000000000, -0.000000000000000000 ) ) ;
#10131 = PLANE ( 'NONE',  #423 ) ;
#10132 = CARTESIAN_POINT ( 'NONE',  ( -20.00000000000001066, -16.20000000000000284, 96.49999999999991473 ) ) ;
#10133 = CARTESIAN_POINT ( 'NONE',  ( -25.99999999999999645, 5.000000000000004441, 8.499999999999952038 ) ) ;
#10134 = ORIENTED_EDGE ( 'NONE', *, *, #5243, .T. ) ;
#10135 = CARTESIAN_POINT ( 'NONE',  ( 0.000000000000000000, 0.000000000000000000, 9.000000000000001776 ) ) ;
#10136 = CARTESIAN_POINT ( 'NONE',  ( -9.299999999999998934, 0.000000000000000000, -9.299999999999997158 ) ) ;
#10137 = EDGE_LOOP ( 'NONE', ( #6905, #4207 ) ) ;
#10138 = EDGE_CURVE ( 'NONE', #4670, #7322, #149, .T. ) ;
#10139 = ORIENTED_EDGE ( 'NONE', *, *, #3482, .T. ) ;
#10140 = VECTOR ( 'NONE', #9322, 1000.000000000000000 ) ;
#10141 = ORIENTED_EDGE ( 'NONE', *, *, #2027, .T. ) ;
#10142 = CARTESIAN_POINT ( 'NONE',  ( -75.00000000000001421, 24.00000000000000000, -97.00000000000000000 ) ) ;
#10143 = DIRECTION ( 'NONE',  ( 0.000000000000000000, -1.000000000000000000, 0.000000000000000000 ) ) ;
#10144 = PLANE ( 'NONE',  #10146 ) ;
#10145 = ORIENTED_EDGE ( 'NONE', *, *, #9662, .F. ) ;
#10146 = AXIS2_PLACEMENT_3D ( 'NONE', #1888, #9190, #10813 ) ;
#10147 = CARTESIAN_POINT ( 'NONE',  ( -21.00000000000000000, 0.000000000000000000, -27.00000000000005329 ) ) ;
#10148 = EDGE_LOOP ( 'NONE', ( #3591, #3755, #7095, #6399 ) ) ;
#10149 = CARTESIAN_POINT ( 'NONE',  ( -64.99999999999995737, 0.000000000000000000, -57.54999999999997584 ) ) ;
#10150 = ORIENTED_EDGE ( 'NONE', *, *, #11887, .T. ) ;
#10151 = VECTOR ( 'NONE', #3108, 1000.000000000000000 ) ;
#10152 = CARTESIAN_POINT ( 'NONE',  ( -73.00000000000001421, 5.000000000000000000, -103.0000000000000142 ) ) ;
#10153 = ORIENTED_EDGE ( 'NONE', *, *, #11349, .F. ) ;
#10154 = EDGE_CURVE ( 'NONE', #4783, #439, #11258, .T. ) ;
#10155 = CARTESIAN_POINT ( 'NONE',  ( 0.4522893850970156060, -16.67878537271309014, 5.000000000000000888 ) ) ;
#10156 = EDGE_CURVE ( 'NONE', #8481, #11933, #11197, .T. ) ;
#10157 = VECTOR ( 'NONE', #4269, 1000.000000000000000 ) ;
#10158 = LINE ( 'NONE', #1152, #7530 ) ;
#10159 = CARTESIAN_POINT ( 'NONE',  ( -0.9075435334973613877, -15.10372660975241743, 4.999999999999999112 ) ) ;
#10160 = DIRECTION ( 'NONE',  ( 0.000000000000000000, 0.000000000000000000, 1.000000000000000000 ) ) ;
#10161 = DIRECTION ( 'NONE',  ( -1.000000000000000000, 0.000000000000000000, 0.000000000000000000 ) ) ;
#10162 = DIRECTION ( 'NONE',  ( -1.000000000000000000, 0.000000000000000000, 0.000000000000000000 ) ) ;
#10163 = ORIENTED_EDGE ( 'NONE', *, *, #5477, .F. ) ;
#10164 = ORIENTED_EDGE ( 'NONE', *, *, #5622, .F. ) ;
#10165 = CARTESIAN_POINT ( 'NONE',  ( 16.75000000000000355, 5.949455682166684412, 5.000000000000000000 ) ) ;
#10166 = ORIENTED_EDGE ( 'NONE', *, *, #9111, .T. ) ;
#10167 = CARTESIAN_POINT ( 'NONE',  ( -0.7406686922125101935, -14.47557800615342494, 5.000000000000000000 ) ) ;
#10168 = ORIENTED_EDGE ( 'NONE', *, *, #5925, .F. ) ;
#10169 = LINE ( 'NONE', #8527, #5538 ) ;
#10170 = CARTESIAN_POINT ( 'NONE',  ( -29.40201658111266880, 15.45433384453641246, 9.000000000000001776 ) ) ;
#10171 = CARTESIAN_POINT ( 'NONE',  ( -20.99999999999999645, 5.000000000000004441, -27.00000000000005329 ) ) ;
#10172 = CYLINDRICAL_SURFACE ( 'NONE', #10498, 1.500000000000004885 ) ;
#10173 = FACE_OUTER_BOUND ( 'NONE', #7474, .T. ) ;
#10174 = CARTESIAN_POINT ( 'NONE',  ( 0.8695249611224391550, -17.11073436257361635, 4.999999999999999112 ) ) ;
#10175 = EDGE_LOOP ( 'NONE', ( #3360, #4519, #5369, #869, #7293 ) ) ;
#10177 = EDGE_CURVE ( 'NONE', #11188, #10555, #5716, .T. ) ;
#10176 = LINE ( 'NONE', #274, #11819 ) ;
#10178 = DIRECTION ( 'NONE',  ( 0.000000000000000000, 0.000000000000000000, 1.000000000000000000 ) ) ;
#10179 = ADVANCED_FACE ( 'NONE', ( #8611 ), #8485, .F. ) ;
#10180 = ORIENTED_EDGE ( 'NONE', *, *, #510, .F. ) ;
#10181 = VERTEX_POINT ( 'NONE', #1973 ) ;
#10182 = EDGE_CURVE ( 'NONE', #11651, #2325, #1636, .T. ) ;
#10183 = CARTESIAN_POINT ( 'NONE',  ( 22.09656497441888234, 18.98690900379348534, 2.500000000000000000 ) ) ;
#10184 = CARTESIAN_POINT ( 'NONE',  ( -17.99999999999997513, 0.000000000000000000, -30.00000000000006750 ) ) ;
#10185 = CARTESIAN_POINT ( 'NONE',  ( 75.00000000000001421, 37.42339375865881834, -87.75000000000002842 ) ) ;
#10186 = PLANE ( 'NONE',  #5064 ) ;
#10187 = DIRECTION ( 'NONE',  ( -0.000000000000000000, 1.000000000000000000, -0.000000000000000000 ) ) ;
#10188 = VERTEX_POINT ( 'NONE', #3788 ) ;
#10189 = ORIENTED_EDGE ( 'NONE', *, *, #5208, .F. ) ;
#10190 = DIRECTION ( 'NONE',  ( -0.5000000000000015543, -0.8660254037844377084, 0.000000000000000000 ) ) ;
#10191 = DIRECTION ( 'NONE',  ( -1.000000000000000000, 0.000000000000000000, 0.000000000000000000 ) ) ;
#10192 = ORIENTED_EDGE ( 'NONE', *, *, #11108, .F. ) ;
#10193 = EDGE_CURVE ( 'NONE', #10786, #4280, #9932, .T. ) ;
#10194 = ORIENTED_EDGE ( 'NONE', *, *, #5906, .F. ) ;
#10195 = ORIENTED_EDGE ( 'NONE', *, *, #3753, .F. ) ;
#10196 = EDGE_CURVE ( 'NONE', #6699, #1271, #1910, .T. ) ;
#10197 = DIRECTION ( 'NONE',  ( -0.000000000000000000, 1.000000000000000000, -0.000000000000000000 ) ) ;
#10198 = EDGE_CURVE ( 'NONE', #1840, #2091, #8431, .T. ) ;
#10199 = DIRECTION ( 'NONE',  ( -2.040851148208011450E-16, 0.000000000000000000, -1.000000000000000000 ) ) ;
#10200 = CARTESIAN_POINT ( 'NONE',  ( 3.378525641025639903, -15.75937903423200659, 4.000000000000000000 ) ) ;
#10201 = VERTEX_POINT ( 'NONE', #6622 ) ;
#10202 = CARTESIAN_POINT ( 'NONE',  ( 77.00000000000000000, 22.50000000000000000, -100.0000000000000000 ) ) ;
#10203 = CARTESIAN_POINT ( 'NONE',  ( 5.746638708345982787E-15, 0.000000000000000000, -95.50000000000000000 ) ) ;
#10204 = LINE ( 'NONE', #8186, #7344 ) ;
#10205 = VERTEX_POINT ( 'NONE', #2994 ) ;
#10206 =( NAMED_UNIT ( * ) SI_UNIT ( $, .STERADIAN. ) SOLID_ANGLE_UNIT ( ) );
#10207 = EDGE_LOOP ( 'NONE', ( #3435, #9067, #6644, #9792 ) ) ;
#10208 = EDGE_CURVE ( 'NONE', #7649, #11946, #1841, .T. ) ;
#10209 = EDGE_LOOP ( 'NONE', ( #11878, #3246, #10712, #7010 ) ) ;
#10210 = AXIS2_PLACEMENT_3D ( 'NONE', #10165, #6439, #6500 ) ;
#10211 = CARTESIAN_POINT ( 'NONE',  ( 0.3923545424545350491, -16.79183658148754432, 5.000000000000001776 ) ) ;
#10212 = CARTESIAN_POINT ( 'NONE',  ( -3.828011659420312629, -15.51420243732616733, 3.999999999999999112 ) ) ;
#10213 = EDGE_CURVE ( 'NONE', #11448, #7498, #11468, .T. ) ;
#10214 = CARTESIAN_POINT ( 'NONE',  ( 0.5296705452098016131, 8.500000000000000000, 5.000000000000000000 ) ) ;
#10215 = CARTESIAN_POINT ( 'NONE',  ( -2.157371794871795867, -16.10982474737303249, 5.000000000000000000 ) ) ;
#10216 = AXIS2_PLACEMENT_3D ( 'NONE', #6956, #5150, #8827 ) ;
#10217 = CARTESIAN_POINT ( 'NONE',  ( -4.988286258012820440, -15.75937903423199593, 4.999999999999992895 ) ) ;
#10218 = DIRECTION ( 'NONE',  ( -1.000000000000000000, -1.381677860973891772E-15, 0.000000000000000000 ) ) ;
#10219 = ORIENTED_EDGE ( 'NONE', *, *, #8568, .F. ) ;
#10220 = EDGE_CURVE ( 'NONE', #6553, #2985, #7032, .T. ) ;
#10221 = ORIENTED_EDGE ( 'NONE', *, *, #2975, .T. ) ;
#10222 = LINE ( 'NONE', #142, #11554 ) ;
#10223 = EDGE_LOOP ( 'NONE', ( #5809, #7507, #6501, #4708 ) ) ;
#10224 = CARTESIAN_POINT ( 'NONE',  ( -1.006574621379063839, -14.53434285204345855, 4.000000000000000888 ) ) ;
#10225 = EDGE_CURVE ( 'NONE', #3496, #6266, #2436, .T. ) ;
#10226 = VERTEX_POINT ( 'NONE', #621 ) ;
#10227 = AXIS2_PLACEMENT_3D ( 'NONE', #11291, #11236, #10271 ) ;
#10228 = AXIS2_PLACEMENT_3D ( 'NONE', #9929, #9077, #9865 ) ;
#10229 = DIRECTION ( 'NONE',  ( 1.000000000000000000, 0.000000000000000000, 0.000000000000000000 ) ) ;
#10230 = CARTESIAN_POINT ( 'NONE',  ( -6.999999999999998224, -6.208545504429656248, 10.00000000000000000 ) ) ;
#10231 = AXIS2_PLACEMENT_3D ( 'NONE', #9707, #699, #10665 ) ;
#10232 = FACE_OUTER_BOUND ( 'NONE', #2801, .T. ) ;
#10233 = LINE ( 'NONE', #1298, #8958 ) ;
#10234 = CARTESIAN_POINT ( 'NONE',  ( -3.845088002972242069, -15.23314660543094057, 4.999999999999995559 ) ) ;
#10235 = VECTOR ( 'NONE', #3272, 1000.000000000000000 ) ;
#10236 = DIRECTION ( 'NONE',  ( -1.000000000000000000, 0.000000000000000000, 0.000000000000000000 ) ) ;
#10237 = DIRECTION ( 'NONE',  ( -0.000000000000000000, -1.000000000000000000, -0.000000000000000000 ) ) ;
#10238 = ORIENTED_EDGE ( 'NONE', *, *, #9640, .F. ) ;
#10239 = DIRECTION ( 'NONE',  ( -1.000000000000000000, 0.000000000000000000, 0.000000000000000000 ) ) ;
#10240 = FACE_BOUND ( 'NONE', #5882, .T. ) ;
#10241 = AXIS2_PLACEMENT_3D ( 'NONE', #7877, #6013, #5289 ) ;
#10242 = ORIENTED_EDGE ( 'NONE', *, *, #5368, .T. ) ;
#10243 = ORIENTED_EDGE ( 'NONE', *, *, #11465, .T. ) ;
#10244 = AXIS2_PLACEMENT_3D ( 'NONE', #4010, #11352, #3093 ) ;
#10245 = PRODUCT_DEFINITION_FORMATION_WITH_SPECIFIED_SOURCE ( 'ANY', '', #6987, .NOT_KNOWN. ) ;
#10246 = DIRECTION ( 'NONE',  ( 0.000000000000000000, 1.000000000000000000, 0.000000000000000000 ) ) ;
#10247 = CARTESIAN_POINT ( 'NONE',  ( 45.50000000000003553, -5.000000000000000000, 94.99999999999992895 ) ) ;
#10248 = DIRECTION ( 'NONE',  ( 1.000000000000000000, -0.000000000000000000, -0.000000000000000000 ) ) ;
#10249 = AXIS2_PLACEMENT_3D ( 'NONE', #8051, #3240, #8675 ) ;
#10250 = VECTOR ( 'NONE', #931, 1000.000000000000000 ) ;
#10251 = CARTESIAN_POINT ( 'NONE',  ( 2.279487179487178050, -15.75937903423200659, 5.000000000000000000 ) ) ;
#10252 = DIRECTION ( 'NONE',  ( 0.000000000000000000, -1.000000000000000000, 0.000000000000000000 ) ) ;
#10253 = ORIENTED_EDGE ( 'NONE', *, *, #1576, .F. ) ;
#10254 = DIRECTION ( 'NONE',  ( 0.000000000000000000, -0.000000000000000000, -1.000000000000000000 ) ) ;
#10255 = DIRECTION ( 'NONE',  ( 1.000000000000000000, -0.000000000000000000, 3.854941057726240562E-16 ) ) ;
#10256 = VERTEX_POINT ( 'NONE', #11497 ) ;
#10257 = ORIENTED_EDGE ( 'NONE', *, *, #7995, .T. ) ;
#10258 = STYLED_ITEM ( 'NONE', ( #11292 ), #8957 ) ;
#10259 = AXIS2_PLACEMENT_3D ( 'NONE', #4823, #7589, #8331 ) ;
#10260 = VERTEX_POINT ( 'NONE', #7816 ) ;
#10261 = EDGE_CURVE ( 'NONE', #4210, #6957, #7756, .T. ) ;
#10262 = ADVANCED_FACE ( 'NONE', ( #8665 ), #8836, .T. ) ;
#10263 = DIRECTION ( 'NONE',  ( -0.000000000000000000, -0.000000000000000000, -1.000000000000000000 ) ) ;
#10264 = EDGE_CURVE ( 'NONE', #2771, #8938, #3231, .T. ) ;
#10265 = LINE ( 'NONE', #10379, #6657 ) ;
#10266 = CARTESIAN_POINT ( 'NONE',  ( 1.019158458657892563, -16.82853070065727152, 5.000000000000000888 ) ) ;
#10267 = EDGE_LOOP ( 'NONE', ( #5682, #3784, #11846, #2322 ) ) ;
#10268 = VECTOR ( 'NONE', #4231, 1000.000000000000000 ) ;
#10269 = CARTESIAN_POINT ( 'NONE',  ( -5.780128205128205465, -17.71322518807814816, 4.000000000000000000 ) ) ;
#10270 = AXIS2_PLACEMENT_3D ( 'NONE', #6479, #7720, #10441 ) ;
#10271 = DIRECTION ( 'NONE',  ( -1.000000000000000000, 0.000000000000000000, 0.000000000000000000 ) ) ;
#10272 = SURFACE_STYLE_USAGE ( .BOTH. , #2971 ) ;
#10273 = ORIENTED_EDGE ( 'NONE', *, *, #2225, .F. ) ;
#10274 = ORIENTED_EDGE ( 'NONE', *, *, #1333, .T. ) ;
#10275 = EDGE_CURVE ( 'NONE', #9186, #4497, #11616, .T. ) ;
#10276 = ADVANCED_FACE ( 'NONE', ( #6855 ), #5893, .T. ) ;
#10277 = AXIS2_PLACEMENT_3D ( 'NONE', #6629, #5839, #10239 ) ;
#10278 = B_SPLINE_CURVE_WITH_KNOTS ( 'NONE', 3,
 ( #1240, #10358, #3120, #4877, #5898, #1303, #3845, #10301, #4087, #7520, #7582 ),
 .UNSPECIFIED., .F., .F.,
 ( 4, 1, 1, 1, 1, 1, 1, 1, 4 ),
 ( 0.000000000000000000, 0.1344469729957881721, 0.2638071572604064330, 0.3892412375756161280, 0.5114964050416203056, 0.6324272219006815687, 0.7534387150183178283, 0.8752597545988095584, 1.000000000000000000 ),
 .UNSPECIFIED. ) ;
#10279 = CARTESIAN_POINT ( 'NONE',  ( -0.4013083235086211675, -17.22452819423165238, 5.000000000000000888 ) ) ;
#10280 = DIRECTION ( 'NONE',  ( 1.000000000000000000, 0.000000000000000000, 0.000000000000000000 ) ) ;
#10281 = EDGE_CURVE ( 'NONE', #8080, #11188, #7810, .T. ) ;
#10282 = CARTESIAN_POINT ( 'NONE',  ( -9.299999999999998934, 0.000000000000000000, -10.54999999999999716 ) ) ;
#10283 = CYLINDRICAL_SURFACE ( 'NONE', #8607, 1.500000000000001332 ) ;
#10284 = CARTESIAN_POINT ( 'NONE',  ( -4.397151972544833143, -15.47398797440764895, 4.000000000000000888 ) ) ;
#10285 = CARTESIAN_POINT ( 'NONE',  ( 0.04211720701543106293, -15.13220637524109335, 4.000000000000000888 ) ) ;
#10286 = ORIENTED_EDGE ( 'NONE', *, *, #4894, .F. ) ;
#10287 = ORIENTED_EDGE ( 'NONE', *, *, #1480, .F. ) ;
#10288 = CARTESIAN_POINT ( 'NONE',  ( -3.297115384615386446, -14.53822518807815989, 4.000000000000000000 ) ) ;
#10289 = EDGE_LOOP ( 'NONE', ( #3704, #6731, #957, #6885 ) ) ;
#10290 = LINE ( 'NONE', #2026, #7544 ) ;
#10291 = ORIENTED_EDGE ( 'NONE', *, *, #3577, .T. ) ;
#10292 = EDGE_CURVE ( 'NONE', #8177, #8368, #2604, .T. ) ;
#10293 = DIRECTION ( 'NONE',  ( 0.000000000000000000, -0.000000000000000000, 1.000000000000000000 ) ) ;
#10294 = VECTOR ( 'NONE', #4590, 1000.000000000000114 ) ;
#10295 = CARTESIAN_POINT ( 'NONE',  ( -22.49999999999998934, -14.49566939831962564, 9.000000000000001776 ) ) ;
#10296 = DIRECTION ( 'NONE',  ( 0.000000000000000000, 0.000000000000000000, -1.000000000000000000 ) ) ;
#10297 = VECTOR ( 'NONE', #446, 1000.000000000000000 ) ;
#10298 = LINE ( 'NONE', #3907, #3758 ) ;
#10299 = CARTESIAN_POINT ( 'NONE',  ( -4.130341307679919360, -14.75208866050291512, 4.999999999999996447 ) ) ;
#10300 = DIRECTION ( 'NONE',  ( -0.000000000000000000, -0.000000000000000000, -1.000000000000000000 ) ) ;
#10301 = CARTESIAN_POINT ( 'NONE',  ( -0.2064802702917326593, -15.05100548843820896, 4.999999999999998224 ) ) ;
#10302 = ORIENTED_EDGE ( 'NONE', *, *, #1667, .T. ) ;
#10303 = DIRECTION ( 'NONE',  ( 0.000000000000000000, 0.000000000000000000, 1.000000000000000000 ) ) ;
#10304 = VECTOR ( 'NONE', #4577, 1000.000000000000000 ) ;
#10305 = FACE_BOUND ( 'NONE', #10944, .T. ) ;
#10306 = VERTEX_POINT ( 'NONE', #7997 ) ;
#10307 = ADVANCED_FACE ( 'NONE', ( #11677 ), #4989, .F. ) ;
#10308 = CIRCLE ( 'NONE', #10888, 1.249999999999999334 ) ;
#10309 = EDGE_LOOP ( 'NONE', ( #4535, #9704, #10497, #8388 ) ) ;
#10310 = DIRECTION ( 'NONE',  ( 0.7071067811865426878, 0.000000000000000000, 0.7071067811865524577 ) ) ;
#10311 = CARTESIAN_POINT ( 'NONE',  ( -3.297115384615386446, -14.53822518807815989, 5.000000000000000000 ) ) ;
#10312 = FACE_OUTER_BOUND ( 'NONE', #2740, .T. ) ;
#10313 = DIRECTION ( 'NONE',  ( -1.000000000000000000, 0.000000000000000000, -0.000000000000000000 ) ) ;
#10314 = ORIENTED_EDGE ( 'NONE', *, *, #6431, .T. ) ;
#10315 = VECTOR ( 'NONE', #7621, 1000.000000000000000 ) ;
#10316 = DIRECTION ( 'NONE',  ( -0.000000000000000000, 0.000000000000000000, 1.000000000000000000 ) ) ;
#10317 = CARTESIAN_POINT ( 'NONE',  ( 119.0000000000000284, 17.00000000000000000, -73.50000000000000000 ) ) ;
#10318 = ORIENTED_EDGE ( 'NONE', *, *, #1227, .T. ) ;
#10319 = EDGE_LOOP ( 'NONE', ( #8321, #644, #7368, #495 ) ) ;
#10320 = VERTEX_POINT ( 'NONE', #6010 ) ;
#10321 = ADVANCED_FACE ( 'NONE', ( #2210 ), #8728, .F. ) ;
#10322 = CARTESIAN_POINT ( 'NONE',  ( -0.4274038461538470779, -17.22476364961662298, 4.000000000000000000 ) ) ;
#10323 = DIRECTION ( 'NONE',  ( 1.000000000000000000, 0.000000000000000000, 0.000000000000000000 ) ) ;
#10324 = CARTESIAN_POINT ( 'NONE',  ( -0.4008797502170329818, -17.79406859651345485, 3.999999999999999112 ) ) ;
#10325 = ORIENTED_EDGE ( 'NONE', *, *, #10563, .T. ) ;
#10326 = CYLINDRICAL_SURFACE ( 'NONE', #6929, 1.500000000000001332 ) ;
#10327 = DIRECTION ( 'NONE',  ( 1.000000000000000000, 0.000000000000000000, -3.154042683594193641E-16 ) ) ;
#10328 = DIRECTION ( 'NONE',  ( -0.000000000000000000, -0.000000000000000000, -1.000000000000000000 ) ) ;
#10329 = ORIENTED_EDGE ( 'NONE', *, *, #1811, .F. ) ;
#10330 = EDGE_CURVE ( 'NONE', #8633, #9995, #11435, .T. ) ;
#10331 = ORIENTED_EDGE ( 'NONE', *, *, #4338, .F. ) ;
#10332 = EDGE_CURVE ( 'NONE', #5635, #173, #499, .T. ) ;
#10333 = DIRECTION ( 'NONE',  ( -1.000000000000000000, 0.000000000000000000, 0.000000000000000000 ) ) ;
#10334 = EDGE_CURVE ( 'NONE', #5759, #5707, #8197, .T. ) ;
#10335 = CARTESIAN_POINT ( 'NONE',  ( -3.937737432199948096, -15.90019769347522605, 3.999999999999999112 ) ) ;
#10336 = VECTOR ( 'NONE', #3664, 1000.000000000000114 ) ;
#10337 = CARTESIAN_POINT ( 'NONE',  ( -0.6978361426892959463, -15.04450368638769397, 4.000000000000001776 ) ) ;
#10338 = FACE_BOUND ( 'NONE', #10023, .T. ) ;
#10339 = CARTESIAN_POINT ( 'NONE',  ( -4.427044191299727594, -15.58324274024666600, 4.999999999999992895 ) ) ;
#10340 = DIRECTION ( 'NONE',  ( -0.000000000000000000, -1.000000000000000000, -0.000000000000000000 ) ) ;
#10341 = ORIENTED_EDGE ( 'NONE', *, *, #596, .F. ) ;
#10342 = ORIENTED_EDGE ( 'NONE', *, *, #4304, .F. ) ;
#10343 = AXIS2_PLACEMENT_3D ( 'NONE', #5359, #10058, #11809 ) ;
#10344 = CARTESIAN_POINT ( 'NONE',  ( -5.116125801282050745, -14.53822518807814923, 4.000000000000000000 ) ) ;
#10345 = ORIENTED_EDGE ( 'NONE', *, *, #1807, .T. ) ;
#10346 = CARTESIAN_POINT ( 'NONE',  ( -0.6474327424021644184, -14.46515654082228153, 4.000000000000000000 ) ) ;
#10347 = ORIENTED_EDGE ( 'NONE', *, *, #5117, .F. ) ;
#10348 = EDGE_CURVE ( 'NONE', #6066, #8986, #1351, .T. ) ;
#10349 = DIRECTION ( 'NONE',  ( 0.000000000000000000, 0.000000000000000000, 1.000000000000000000 ) ) ;
#10350 = PRESENTATION_STYLE_ASSIGNMENT (( #11317 ) ) ;
#10351 = EDGE_CURVE ( 'NONE', #10010, #4832, #10308, .T. ) ;
#10352 = DIRECTION ( 'NONE',  ( -0.000000000000000000, -1.000000000000000000, -0.000000000000000000 ) ) ;
#10353 = AXIS2_PLACEMENT_3D ( 'NONE', #4805, #6675, #203 ) ;
#10354 = DIRECTION ( 'NONE',  ( 0.000000000000000000, -0.000000000000000000, -1.000000000000000000 ) ) ;
#10355 = CARTESIAN_POINT ( 'NONE',  ( -16.74999999999999645, 5.949455682166679971, 5.000000000000000000 ) ) ;
#10356 = ADVANCED_FACE ( 'NONE', ( #6072 ), #9747, .F. ) ;
#10357 = LINE ( 'NONE', #2997, #4920 ) ;
#10358 = CARTESIAN_POINT ( 'NONE',  ( 0.4498689790132371913, -15.42181728326246670, 5.000000000000000888 ) ) ;
#10359 = ORIENTED_EDGE ( 'NONE', *, *, #408, .T. ) ;
#10360 = CARTESIAN_POINT ( 'NONE',  ( 119.0000000000000284, 10.57660624134121363, -70.75000000000000000 ) ) ;
#10361 = FACE_BOUND ( 'NONE', #6847, .T. ) ;
#10362 = ADVANCED_FACE ( 'NONE', ( #4381 ), #9205, .F. ) ;
#10363 = ORIENTED_EDGE ( 'NONE', *, *, #1127, .T. ) ;
#10364 = VERTEX_POINT ( 'NONE', #8300 ) ;
#10365 = DIRECTION ( 'NONE',  ( -0.8397897338196442796, -0.5429117819417172974, 0.000000000000000000 ) ) ;
#10366 = ADVANCED_FACE ( 'NONE', ( #3595 ), #8115, .F. ) ;
#10367 = DIRECTION ( 'NONE',  ( -1.000000000000000000, 0.000000000000000000, 0.000000000000000000 ) ) ;
#10368 = DIRECTION ( 'NONE',  ( 0.000000000000000000, 1.000000000000000000, 0.000000000000000000 ) ) ;
#10369 = CARTESIAN_POINT ( 'NONE',  ( -0.8049270185270077649, -15.06933163398801589, 4.999999999999999112 ) ) ;
#10370 = ORIENTED_EDGE ( 'NONE', *, *, #186, .T. ) ;
#10371 = CARTESIAN_POINT ( 'NONE',  ( -17.99999999999997513, 0.000000000000000000, -30.00000000000006750 ) ) ;
#10372 = CARTESIAN_POINT ( 'NONE',  ( -30.07210899186226882, 17.76098398388764821, 9.000000000000001776 ) ) ;
#10373 = ORIENTED_EDGE ( 'NONE', *, *, #4811, .F. ) ;
#10374 = EDGE_CURVE ( 'NONE', #9594, #8088, #4560, .T. ) ;
#10375 = EDGE_LOOP ( 'NONE', ( #5497, #9296, #2568, #6338 ) ) ;
#10376 = EDGE_LOOP ( 'NONE', ( #11463, #9938, #3281 ) ) ;
#10377 = LINE ( 'NONE', #5799, #9701 ) ;
#10378 = EDGE_CURVE ( 'NONE', #4549, #182, #9729, .T. ) ;
#10379 = CARTESIAN_POINT ( 'NONE',  ( 3.378525641025639903, -14.53822518807815989, 5.000000000000000000 ) ) ;
#10380 = CARTESIAN_POINT ( 'NONE',  ( -40.40000000000000568, 0.000000000000000000, -103.0000000000000142 ) ) ;
#10381 = ORIENTED_EDGE ( 'NONE', *, *, #4142, .T. ) ;
#10382 = DIRECTION ( 'NONE',  ( 0.000000000000000000, 0.000000000000000000, 1.000000000000000000 ) ) ;
#10383 = FACE_OUTER_BOUND ( 'NONE', #4980, .T. ) ;
#10384 = DIRECTION ( 'NONE',  ( 1.000000000000000000, 0.000000000000000000, 0.000000000000000000 ) ) ;
#10385 = CARTESIAN_POINT ( 'NONE',  ( -10.99999999999999289, 0.000000000000000000, -11.99999999999999822 ) ) ;
#10386 = ORIENTED_EDGE ( 'NONE', *, *, #235, .F. ) ;
#10387 = ORIENTED_EDGE ( 'NONE', *, *, #10661, .T. ) ;
#10388 = CARTESIAN_POINT ( 'NONE',  ( -4.532566888825683371, -15.18418033018469337, 3.999999999999999112 ) ) ;
#10389 = VECTOR ( 'NONE', #11142, 1000.000000000000000 ) ;
#10390 = DIRECTION ( 'NONE',  ( 0.000000000000000000, 0.000000000000000000, 1.000000000000000000 ) ) ;
#10391 = CARTESIAN_POINT ( 'NONE',  ( -24.83598345761040704, 20.75790299228751223, 0.000000000000000000 ) ) ;
#10392 = EDGE_CURVE ( 'NONE', #385, #2660, #4536, .T. ) ;
#10393 = VECTOR ( 'NONE', #4320, 1000.000000000000114 ) ;
#10394 = CARTESIAN_POINT ( 'NONE',  ( -0.8049270185270077649, -15.06933163398801589, 4.999999999999998224 ) ) ;
#10395 = DIRECTION ( 'NONE',  ( -0.000000000000000000, -0.000000000000000000, -1.000000000000000000 ) ) ;
#10396 = CARTESIAN_POINT ( 'NONE',  ( -3.683814102564102466, -17.71322518807814816, 4.000000000000000000 ) ) ;
#10397 = CARTESIAN_POINT ( 'NONE',  ( -81.00000000000001421, 0.000000000000000000, -97.99999999999998579 ) ) ;
#10398 = ORIENTED_EDGE ( 'NONE', *, *, #8195, .F. ) ;
#10399 = ORIENTED_EDGE ( 'NONE', *, *, #2333, .F. ) ;
#10400 = CARTESIAN_POINT ( 'NONE',  ( 140.0000000000000853, 5.000000000000000888, -57.99999999999997868 ) ) ;
#10401 = VERTEX_POINT ( 'NONE', #8056 ) ;
#10402 = CIRCLE ( 'NONE', #4827, 1.500000000000004885 ) ;
#10403 = CARTESIAN_POINT ( 'NONE',  ( -4.398069938970056825, -15.38258635810702657, 4.999999999999999112 ) ) ;
#10404 = VERTEX_POINT ( 'NONE', #11732 ) ;
#10405 = LINE ( 'NONE', #4077, #5918 ) ;
#10406 = CARTESIAN_POINT ( 'NONE',  ( 10.99999999999999467, 0.000000000000000000, 7.000000000000000000 ) ) ;
#10407 = AXIS2_PLACEMENT_3D ( 'NONE', #9502, #3832, #1044 ) ;
#10408 = EDGE_CURVE ( 'NONE', #7452, #7058, #6433, .T. ) ;
#10409 = DIRECTION ( 'NONE',  ( 0.000000000000000000, 1.000000000000000000, -0.000000000000000000 ) ) ;
#10410 = AXIS2_PLACEMENT_3D ( 'NONE', #11330, #5844, #5783 ) ;
#10411 = CARTESIAN_POINT ( 'NONE',  ( -28.26202902092138913, -17.50000000000000711, 2.500000000000000000 ) ) ;
#10412 = CARTESIAN_POINT ( 'NONE',  ( -3.826506934484840805, -15.41611943538644880, 4.000000000000000888 ) ) ;
#10413 = ADVANCED_FACE ( 'NONE', ( #6188 ), #2561, .F. ) ;
#10414 = ORIENTED_EDGE ( 'NONE', *, *, #1274, .F. ) ;
#10415 = LINE ( 'NONE', #2214, #4253 ) ;
#10416 = DIRECTION ( 'NONE',  ( -1.000000000000000000, 0.000000000000000000, 0.000000000000000000 ) ) ;
#10417 = ORIENTED_EDGE ( 'NONE', *, *, #9319, .F. ) ;
#10418 = AXIS2_PLACEMENT_3D ( 'NONE', #11502, #2385, #3236 ) ;
#10419 = DIRECTION ( 'NONE',  ( -1.000000000000000000, -0.000000000000000000, -0.000000000000000000 ) ) ;
#10420 = AXIS2_PLACEMENT_3D ( 'NONE', #251, #18, #3035 ) ;
#10421 = LINE ( 'NONE', #2157, #11029 ) ;
#10422 = CIRCLE ( 'NONE', #578, 1.500000000000004885 ) ;
#10423 = ORIENTED_EDGE ( 'NONE', *, *, #5424, .T. ) ;
#10424 = ORIENTED_EDGE ( 'NONE', *, *, #1667, .F. ) ;
#10425 = ADVANCED_FACE ( 'NONE', ( #3465 ), #2748, .F. ) ;
#10426 = B_SPLINE_CURVE_WITH_KNOTS ( 'NONE', 3,
 ( #2315, #6005, #9686, #9144, #7029, #862, #5459, #8960, #1712, #8112, #798, #5284, #2489, #1776, #1653, #6253 ),
 .UNSPECIFIED., .F., .F.,
 ( 4, 2, 2, 2, 2, 2, 2, 4 ),
 ( -2.828427709313811655E-05, 0.0005493217819844286752, 0.001126927841061995447, 0.002282139959217116196, 0.004592564195527346418, 0.005747776313682457193, 0.006902988431837567967, 0.009213412668147798190 ),
 .UNSPECIFIED. ) ;
#10427 = CARTESIAN_POINT ( 'NONE',  ( -0.6784272671684983269, -17.78257353060750035, 4.999999999999999112 ) ) ;
#10428 = VECTOR ( 'NONE', #3382, 1000.000000000000000 ) ;
#10429 = AXIS2_PLACEMENT_3D ( 'NONE', #2074, #11355, #5817 ) ;
#10430 = DIRECTION ( 'NONE',  ( 0.000000000000000000, -0.000000000000000000, 1.000000000000000000 ) ) ;
#10431 = EDGE_CURVE ( 'NONE', #3154, #5525, #3963, .T. ) ;
#10432 = FACE_OUTER_BOUND ( 'NONE', #5602, .T. ) ;
#10433 = VERTEX_POINT ( 'NONE', #9020 ) ;
#10434 = AXIS2_PLACEMENT_3D ( 'NONE', #756, #99, #1860 ) ;
#10435 = DIRECTION ( 'NONE',  ( -0.8610380995189039766, -0.5085404518589193845, 0.000000000000000000 ) ) ;
#10436 = DIRECTION ( 'NONE',  ( -0.000000000000000000, -0.000000000000000000, 1.000000000000000000 ) ) ;
#10437 = VERTEX_POINT ( 'NONE', #6371 ) ;
#10438 = ORIENTED_EDGE ( 'NONE', *, *, #6992, .T. ) ;
#10439 = ORIENTED_EDGE ( 'NONE', *, *, #8444, .F. ) ;
#10440 = VECTOR ( 'NONE', #2774, 1000.000000000000000 ) ;
#10441 = DIRECTION ( 'NONE',  ( -0.8610380995189041986, -0.5085404518589189404, 0.000000000000000000 ) ) ;
#10442 = CARTESIAN_POINT ( 'NONE',  ( 119.0000000000000284, 37.42339375865881834, -89.25000000000002842 ) ) ;
#10443 = CARTESIAN_POINT ( 'NONE',  ( -1.320150252343086139, -17.58096810228651918, 4.000000000000001776 ) ) ;
#10444 = CARTESIAN_POINT ( 'NONE',  ( 20.46074529610707060, 18.30322271705049531, 5.000000000000000000 ) ) ;
#10445 = EDGE_LOOP ( 'NONE', ( #3256, #4957, #3317, #3323 ) ) ;
#10446 = SHAPE_DEFINITION_REPRESENTATION ( #1294, #6007 ) ;
#10447 = PLANE ( 'NONE',  #5968 ) ;
#10448 = FACE_OUTER_BOUND ( 'NONE', #2885, .T. ) ;
#10449 = CARTESIAN_POINT ( 'NONE',  ( -45.49999999999997868, -5.000000000000000000, 96.54999999999992610 ) ) ;
#10450 = ORIENTED_EDGE ( 'NONE', *, *, #11447, .T. ) ;
#10451 = AXIS2_PLACEMENT_3D ( 'NONE', #11932, #1983, #10178 ) ;
#10452 = VECTOR ( 'NONE', #9719, 1000.000000000000000 ) ;
#10453 = ORIENTED_EDGE ( 'NONE', *, *, #4233, .T. ) ;
#10454 = CARTESIAN_POINT ( 'NONE',  ( -4.693809813418641674, -15.12634812296136566, 3.999999999999998224 ) ) ;
#10455 = CARTESIAN_POINT ( 'NONE',  ( -0.4274038461538470779, -17.22476364961662298, 4.000000000000000000 ) ) ;
#10456 = CARTESIAN_POINT ( 'NONE',  ( 77.00000000000000000, 22.50000000000000000, -102.0000000000000142 ) ) ;
#10457 = CIRCLE ( 'NONE', #8722, 1.549999999999995826 ) ;
#10458 = CARTESIAN_POINT ( 'NONE',  ( 3.378525641025639903, -17.71322518807815882, 5.000000000000000000 ) ) ;
#10459 = LINE ( 'NONE', #5643, #7446 ) ;
#10460 = DIRECTION ( 'NONE',  ( 0.000000000000000000, 0.000000000000000000, -1.000000000000000000 ) ) ;
#10461 = DIRECTION ( 'NONE',  ( -0.000000000000000000, -0.000000000000000000, 1.000000000000000000 ) ) ;
#10462 = ORIENTED_EDGE ( 'NONE', *, *, #3666, .F. ) ;
#10463 = VERTEX_POINT ( 'NONE', #1845 ) ;
#10464 = CARTESIAN_POINT ( 'NONE',  ( -28.51207079035955516, 16.96115051869449175, 0.000000000000000000 ) ) ;
#10465 = ORIENTED_EDGE ( 'NONE', *, *, #8377, .T. ) ;
#10466 = CARTESIAN_POINT ( 'NONE',  ( -4.532566888825683371, -15.18418033018469337, 3.999999999999999112 ) ) ;
#10467 = ORIENTED_EDGE ( 'NONE', *, *, #1257, .T. ) ;
#10468 = VECTOR ( 'NONE', #7522, 1000.000000000000000 ) ;
#10469 = AXIS2_PLACEMENT_3D ( 'NONE', #2243, #11529, #2469 ) ;
#10470 = DIRECTION ( 'NONE',  ( 0.000000000000000000, 1.000000000000000000, 0.000000000000000000 ) ) ;
#10471 = AXIS2_PLACEMENT_3D ( 'NONE', #6340, #11594, #8329 ) ;
#10472 = DIRECTION ( 'NONE',  ( -0.000000000000000000, -1.000000000000000000, -0.000000000000000000 ) ) ;
#10473 = UNCERTAINTY_MEASURE_WITH_UNIT (LENGTH_MEASURE( 1.000000000000000082E-05 ), #11056, 'distance_accuracy_value', 'NONE');
#10474 = DIRECTION ( 'NONE',  ( 0.000000000000000000, 0.000000000000000000, 1.000000000000000000 ) ) ;
#10475 = EDGE_CURVE ( 'NONE', #4298, #8370, #7605, .T. ) ;
#10476 = AXIS2_PLACEMENT_3D ( 'NONE', #4942, #5056, #1305 ) ;
#10477 = LINE ( 'NONE', #10411, #3949 ) ;
#10478 = CARTESIAN_POINT ( 'NONE',  ( -80.73219148559158498, 28.72772787698237806, -99.00947942459758622 ) ) ;
#10479 = EDGE_LOOP ( 'NONE', ( #2931, #9114, #3121, #1619, #1818, #839, #2868, #2743 ) ) ;
#10480 = DIRECTION ( 'NONE',  ( -0.000000000000000000, -0.000000000000000000, 1.000000000000000000 ) ) ;
#10481 = DIRECTION ( 'NONE',  ( -1.000000000000000000, 0.000000000000000000, 0.000000000000000000 ) ) ;
#10482 = ORIENTED_EDGE ( 'NONE', *, *, #7187, .T. ) ;
#10483 = DIRECTION ( 'NONE',  ( 1.000000000000000000, -6.672013369141565463E-17, 0.000000000000000000 ) ) ;
#10484 = FACE_BOUND ( 'NONE', #1122, .T. ) ;
#10485 = EDGE_CURVE ( 'NONE', #8763, #130, #2402, .T. ) ;
#10486 = VERTEX_POINT ( 'NONE', #5398 ) ;
#10487 = EDGE_CURVE ( 'NONE', #1479, #8840, #9867, .T. ) ;
#10488 = LINE ( 'NONE', #2221, #9887 ) ;
#10489 = LINE ( 'NONE', #7047, #4573 ) ;
#10490 = DIRECTION ( 'NONE',  ( -1.000000000000000000, 0.000000000000000000, 0.000000000000000000 ) ) ;
#10491 = DIRECTION ( 'NONE',  ( 1.000000000000000000, 0.000000000000000000, 0.000000000000000000 ) ) ;
#10492 = VECTOR ( 'NONE', #9774, 1000.000000000000000 ) ;
#10494 = ORIENTED_EDGE ( 'NONE', *, *, #6438, .F. ) ;
#10493 = ADVANCED_FACE ( 'NONE', ( #9079 ), #7147, .F. ) ;
#10495 = CARTESIAN_POINT ( 'NONE',  ( -3.834615409452885704, -15.29991906260031698, 5.000000000000000888 ) ) ;
#10496 = CARTESIAN_POINT ( 'NONE',  ( 3.378525641025639903, -15.75937903423200659, 5.000000000000000000 ) ) ;
#10497 = ORIENTED_EDGE ( 'NONE', *, *, #4660, .F. ) ;
#10498 = AXIS2_PLACEMENT_3D ( 'NONE', #9274, #755, #2767 ) ;
#10499 = ORIENTED_EDGE ( 'NONE', *, *, #4865, .T. ) ;
#10500 = EDGE_LOOP ( 'NONE', ( #11254, #11907, #825, #5793 ) ) ;
#10501 = EDGE_CURVE ( 'NONE', #2660, #9566, #802, .T. ) ;
#10502 = PLANE ( 'NONE',  #1208 ) ;
#10503 = CARTESIAN_POINT ( 'NONE',  ( 0.1867976494829336753, -17.68402191622607589, 3.999999999999998224 ) ) ;
#10504 = VECTOR ( 'NONE', #7516, 1000.000000000000114 ) ;
#10505 = EDGE_CURVE ( 'NONE', #6266, #10930, #8206, .T. ) ;
#10506 = CYLINDRICAL_SURFACE ( 'NONE', #4934, 1.249999999999999334 ) ;
#10507 = CARTESIAN_POINT ( 'NONE',  ( 28.26202902092138913, -17.50000000000000711, 2.500000000000000000 ) ) ;
#10508 = ORIENTED_EDGE ( 'NONE', *, *, #512, .F. ) ;
#10509 =( NAMED_UNIT ( * ) SI_UNIT ( $, .STERADIAN. ) SOLID_ANGLE_UNIT ( ) );
#10510 = FACE_BOUND ( 'NONE', #6351, .T. ) ;
#10511 = ADVANCED_FACE ( 'NONE', ( #3889 ), #2807, .T. ) ;
#10512 = CARTESIAN_POINT ( 'NONE',  ( 24.83598345761040704, 20.75790299228751223, 0.000000000000000000 ) ) ;
#10513 = CARTESIAN_POINT ( 'NONE',  ( -8.799999999999998934, 2.791454495570343752, 6.000000000000011546 ) ) ;
#10514 = VERTEX_POINT ( 'NONE', #7447 ) ;
#10515 = EDGE_LOOP ( 'NONE', ( #3473, #5539, #8764, #4778 ) ) ;
#10516 = VECTOR ( 'NONE', #6332, 1000.000000000000000 ) ;
#10517 = DIRECTION ( 'NONE',  ( -1.000000000000000000, 0.000000000000000000, 0.000000000000000000 ) ) ;
#10518 = CARTESIAN_POINT ( 'NONE',  ( -1.568235892687699806, -16.33322781619297714, 3.999999999999999112 ) ) ;
#10519 = CARTESIAN_POINT ( 'NONE',  ( -23.36898548953931609, -14.67500000000000782, 2.500000000000000000 ) ) ;
#10520 = CARTESIAN_POINT ( 'NONE',  ( 0.1598643472696155976, -15.19323394876436950, 4.999999999999999112 ) ) ;
#10521 = LINE ( 'NONE', #253, #10140 ) ;
#10522 = DIRECTION ( 'NONE',  ( 0.000000000000000000, 0.000000000000000000, 1.000000000000000000 ) ) ;
#10523 = LINE ( 'NONE', #2368, #9644 ) ;
#10524 = ORIENTED_EDGE ( 'NONE', *, *, #3806, .T. ) ;
#10525 = EDGE_LOOP ( 'NONE', ( #11935, #7051, #7895, #11347 ) ) ;
#10526 = CYLINDRICAL_SURFACE ( 'NONE', #8530, 0.9999999999999991118 ) ;
#10527 = ORIENTED_EDGE ( 'NONE', *, *, #5317, .T. ) ;
#10528 = LINE ( 'NONE', #9621, #412 ) ;
#10529 = ORIENTED_EDGE ( 'NONE', *, *, #6068, .T. ) ;
#10530 = EDGE_CURVE ( 'NONE', #1614, #6530, #10904, .T. ) ;
#10531 = CIRCLE ( 'NONE', #3606, 0.9999999999999991118 ) ;
#10532 = CARTESIAN_POINT ( 'NONE',  ( 15.00000000000000533, 5.949455682166683523, 5.000000000000000000 ) ) ;
#10533 = CARTESIAN_POINT ( 'NONE',  ( -22.53798701022630269, -13.49639116526635618, 9.000000000000001776 ) ) ;
#10534 = DIRECTION ( 'NONE',  ( 0.5000000000000011102, -0.8660254037844380415, 0.000000000000000000 ) ) ;
#10535 = CARTESIAN_POINT ( 'NONE',  ( -1.544073903569161965, -15.78945888066755465, 4.000000000000000000 ) ) ;
#10536 = DIRECTION ( 'NONE',  ( -1.000000000000000000, -0.000000000000000000, -0.000000000000000000 ) ) ;
#10537 = ORIENTED_EDGE ( 'NONE', *, *, #1301, .F. ) ;
#10538 = CARTESIAN_POINT ( 'NONE',  ( 21.32178339562597813, 18.81176316890941536, 9.000000000000001776 ) ) ;
#10539 = CARTESIAN_POINT ( 'NONE',  ( -0.4274038461538470779, -17.22476364961662298, 5.000000000000000000 ) ) ;
#10540 = VECTOR ( 'NONE', #1085, 1000.000000000000000 ) ;
#10541 = ORIENTED_EDGE ( 'NONE', *, *, #10578, .T. ) ;
#10542 = DIRECTION ( 'NONE',  ( 1.000000000000000000, 0.000000000000000000, 0.000000000000000000 ) ) ;
#10543 = LINE ( 'NONE', #5840, #11398 ) ;
#10544 = ORIENTED_EDGE ( 'NONE', *, *, #7453, .T. ) ;
#10545 = FACE_OUTER_BOUND ( 'NONE', #2738, .T. ) ;
#10546 = DIRECTION ( 'NONE',  ( -1.000000000000000000, 0.000000000000000000, -0.000000000000000000 ) ) ;
#10547 = EDGE_CURVE ( 'NONE', #8689, #9656, #9378, .T. ) ;
#10548 = DIRECTION ( 'NONE',  ( 0.000000000000000000, -1.000000000000000000, 0.000000000000000000 ) ) ;
#10549 = VERTEX_POINT ( 'NONE', #10214 ) ;
#10550 = CARTESIAN_POINT ( 'NONE',  ( -4.002847120067658970, -14.88401268557848489, 5.000000000000002665 ) ) ;
#10551 = EDGE_CURVE ( 'NONE', #2105, #9682, #11127, .T. ) ;
#10552 = DIRECTION ( 'NONE',  ( -5.778241043194148297E-16, 1.000000000000000000, 0.000000000000000000 ) ) ;
#10553 = ORIENTED_EDGE ( 'NONE', *, *, #5486, .T. ) ;
#10554 = EDGE_LOOP ( 'NONE', ( #5923, #6703, #4368, #689 ) ) ;
#10555 = VERTEX_POINT ( 'NONE', #1099 ) ;
#10556 = ADVANCED_FACE ( 'NONE', ( #1957 ), #4676, .F. ) ;
#10557 = DIRECTION ( 'NONE',  ( 1.000000000000000000, 0.000000000000000000, 0.000000000000000000 ) ) ;
#10558 = FACE_OUTER_BOUND ( 'NONE', #958, .T. ) ;
#10559 = CARTESIAN_POINT ( 'NONE',  ( 81.00000000000001421, 24.00000000000000000, -94.00000000000000000 ) ) ;
#10560 = VERTEX_POINT ( 'NONE', #11067 ) ;
#10561 = PRODUCT_CONTEXT ( 'NONE', #2808, 'mechanical' ) ;
#10562 = DIRECTION ( 'NONE',  ( -1.000000000000000000, 0.000000000000000000, 0.000000000000000000 ) ) ;
#10563 = EDGE_CURVE ( 'NONE', #10606, #8522, #2980, .T. ) ;
#10564 = CYLINDRICAL_SURFACE ( 'NONE', #11385, 1.499999999999987566 ) ;
#10565 = CARTESIAN_POINT ( 'NONE',  ( 11.00000000000000355, 2.000000000000000000, 6.000000000000000000 ) ) ;
#10566 = ORIENTED_EDGE ( 'NONE', *, *, #8761, .F. ) ;
#10567 = VERTEX_POINT ( 'NONE', #6606 ) ;
#10568 = CARTESIAN_POINT ( 'NONE',  ( -1.811100477711193202, -17.15536548952404061, 4.000000000000001776 ) ) ;
#10569 = EDGE_CURVE ( 'NONE', #1212, #3087, #6494, .T. ) ;
#10570 = CARTESIAN_POINT ( 'NONE',  ( -1.253922416403186357, -16.90165875060094791, 3.999999999999999112 ) ) ;
#10571 = EDGE_CURVE ( 'NONE', #145, #7556, #135, .T. ) ;
#10572 = DIRECTION ( 'NONE',  ( 1.000000000000000000, 0.000000000000000000, 0.000000000000000000 ) ) ;
#10573 = CARTESIAN_POINT ( 'NONE',  ( -1.185910729648386841, -15.26743809971057431, 5.000000000000000000 ) ) ;
#10574 = CARTESIAN_POINT ( 'NONE',  ( 77.00000000000001421, 5.000000000000000000, -100.0000000000000000 ) ) ;
#10575 = DIRECTION ( 'NONE',  ( 1.000000000000000000, 0.000000000000000000, 0.000000000000000000 ) ) ;
#10576 = LINE ( 'NONE', #7921, #5789 ) ;
#10577 = ORIENTED_EDGE ( 'NONE', *, *, #9335, .T. ) ;
#10578 = EDGE_CURVE ( 'NONE', #2852, #2517, #11302, .T. ) ;
#10579 = VERTEX_POINT ( 'NONE', #2922 ) ;
#10580 = CARTESIAN_POINT ( 'NONE',  ( 0.8436112743699052396, -14.96917307924897500, 5.000000000000000888 ) ) ;
#10581 = VERTEX_POINT ( 'NONE', #10282 ) ;
#10582 = CARTESIAN_POINT ( 'NONE',  ( -4.993586386531498889, -15.10827286525999469, 4.000000000000000888 ) ) ;
#10583 = ORIENTED_EDGE ( 'NONE', *, *, #5765, .F. ) ;
#10584 = DIRECTION ( 'NONE',  ( 0.000000000000000000, 0.000000000000000000, 1.000000000000000000 ) ) ;
#10585 = CARTESIAN_POINT ( 'NONE',  ( -43.00000000000000711, 5.000000000000000000, 34.49999999999993605 ) ) ;
#10586 = EDGE_CURVE ( 'NONE', #5389, #1692, #5701, .T. ) ;
#10587 = DIRECTION ( 'NONE',  ( 0.000000000000000000, -1.000000000000000000, 0.000000000000000000 ) ) ;
#10588 = CARTESIAN_POINT ( 'NONE',  ( -2.031757593197101031, -16.76500438032257634, 4.999999999999992006 ) ) ;
#10589 = FACE_BOUND ( 'NONE', #9797, .T. ) ;
#10590 = PLANE ( 'NONE',  #6768 ) ;
#10591 = EDGE_LOOP ( 'NONE', ( #8016, #2309, #8475, #2226 ) ) ;
#10592 = EDGE_CURVE ( 'NONE', #3561, #8046, #9499, .T. ) ;
#10593 = CARTESIAN_POINT ( 'NONE',  ( -75.00000000000001421, 0.000000000000000000, -103.0000000000000142 ) ) ;
#10594 = CARTESIAN_POINT ( 'NONE',  ( -0.06839335624488418475, -17.17153531876744310, 3.999999999999999112 ) ) ;
#10595 = EDGE_LOOP ( 'NONE', ( #3901, #2095, #5020, #3192, #2044 ) ) ;
#10596 = LINE ( 'NONE', #7700, #6252 ) ;
#10597 = AXIS2_PLACEMENT_3D ( 'NONE', #2498, #9873, #4151 ) ;
#10598 = ORIENTED_EDGE ( 'NONE', *, *, #6951, .T. ) ;
#10599 = CYLINDRICAL_SURFACE ( 'NONE', #1082, 3.000000000000002665 ) ;
#10600 = CYLINDRICAL_SURFACE ( 'NONE', #6580, 1.500000000000004885 ) ;
#10601 = LINE ( 'NONE', #1368, #11449 ) ;
#10602 = ORIENTED_EDGE ( 'NONE', *, *, #8226, .T. ) ;
#10603 = VECTOR ( 'NONE', #10461, 1000.000000000000000 ) ;
#10604 = CARTESIAN_POINT ( 'NONE',  ( -4.340546524786211613, -14.62919056945143126, 4.999999999999999112 ) ) ;
#10605 = CARTESIAN_POINT ( 'NONE',  ( -5.210256410256410398, -15.10809698294994519, 5.000000000000000000 ) ) ;
#10606 = VERTEX_POINT ( 'NONE', #1154 ) ;
#10607 = CIRCLE ( 'NONE', #9266, 1.000000000000000888 ) ;
#10608 = ORIENTED_EDGE ( 'NONE', *, *, #9683, .T. ) ;
#10609 = VECTOR ( 'NONE', #1206, 1000.000000000000000 ) ;
#10610 = VECTOR ( 'NONE', #498, 1000.000000000000000 ) ;
#10611 = LINE ( 'NONE', #6700, #5075 ) ;
#10612 = DIRECTION ( 'NONE',  ( 0.000000000000000000, 0.000000000000000000, -1.000000000000000000 ) ) ;
#10613 = CIRCLE ( 'NONE', #10434, 5.000000000000000888 ) ;
#10614 = CARTESIAN_POINT ( 'NONE',  ( 0.1643420549088633331, -17.05045728627539958, 4.999999999999999112 ) ) ;
#10615 = CYLINDRICAL_SURFACE ( 'NONE', #2012, 1.549999999999995826 ) ;
#10616 = ORIENTED_EDGE ( 'NONE', *, *, #1445, .F. ) ;
#10617 = EDGE_CURVE ( 'NONE', #6759, #5040, #11245, .T. ) ;
#10618 = DIRECTION ( 'NONE',  ( -0.2516338517649512330, 0.000000000000000000, -0.9678225067882718635 ) ) ;
#10619 = DIRECTION ( 'NONE',  ( -0.000000000000000000, -1.000000000000000000, -0.000000000000000000 ) ) ;
#10620 = AXIS2_PLACEMENT_3D ( 'NONE', #11405, #532, #5016 ) ;
#10621 = PLANE ( 'NONE',  #8341 ) ;
#10622 = ORIENTED_EDGE ( 'NONE', *, *, #4744, .T. ) ;
#10623 = ORIENTED_EDGE ( 'NONE', *, *, #10059, .F. ) ;
#10624 = CIRCLE ( 'NONE', #5432, 1.249999999999999334 ) ;
#10625 = DIRECTION ( 'NONE',  ( 1.652117596168387756E-16, 0.000000000000000000, -1.000000000000000000 ) ) ;
#10626 = ADVANCED_FACE ( 'NONE', ( #6546 ), #8725, .T. ) ;
#10627 = DIRECTION ( 'NONE',  ( -4.336808689942020201E-16, 1.000000000000000000, 0.000000000000000000 ) ) ;
#10628 = VECTOR ( 'NONE', #8457, 1000.000000000000114 ) ;
#10629 = DIRECTION ( 'NONE',  ( 1.000000000000000000, 0.000000000000000000, 0.000000000000000000 ) ) ;
#10630 = CARTESIAN_POINT ( 'NONE',  ( 0.4498689790132371913, -15.42181728326246670, 4.000000000000000888 ) ) ;
#10631 = DIRECTION ( 'NONE',  ( 1.000000000000000000, 1.381677860973891772E-15, 0.000000000000000000 ) ) ;
#10632 = EDGE_LOOP ( 'NONE', ( #1832, #6280, #2956, #4654 ) ) ;
#10633 = CIRCLE ( 'NONE', #1187, 2.000000000000001776 ) ;
#10634 = CYLINDRICAL_SURFACE ( 'NONE', #6764, 3.366822574594681150 ) ;
#10636 = CIRCLE ( 'NONE', #1582, 2.599999999999984102 ) ;
#10635 = CARTESIAN_POINT ( 'NONE',  ( -81.00000000000001421, 31.21779788708132486, -62.00000000000000711 ) ) ;
#10637 = ORIENTED_EDGE ( 'NONE', *, *, #5178, .T. ) ;
#10638 = ORIENTED_EDGE ( 'NONE', *, *, #1786, .F. ) ;
#10639 = LINE ( 'NONE', #5943, #10073 ) ;
#10640 = VERTEX_POINT ( 'NONE', #3270 ) ;
#10641 = ADVANCED_FACE ( 'NONE', ( #4241 ), #5829, .T. ) ;
#10642 = FACE_OUTER_BOUND ( 'NONE', #632, .T. ) ;
#10643 = VERTEX_POINT ( 'NONE', #4129 ) ;
#10644 = VECTOR ( 'NONE', #6846, 1000.000000000000000 ) ;
#10645 = AXIS2_PLACEMENT_3D ( 'NONE', #11748, #4213, #6923 ) ;
#10646 = FACE_OUTER_BOUND ( 'NONE', #4848, .T. ) ;
#10647 = EDGE_CURVE ( 'NONE', #10914, #11394, #3217, .T. ) ;
#10648 = B_SPLINE_SURFACE_WITH_KNOTS ( 'NONE', 3, 1, ( 
 ( #3626, #4353 ),
 ( #8273, #8217 ),
 ( #2653, #8028 ),
 ( #10799, #7303 ),
 ( #10922, #11888 ),
 ( #6287, #10979 ),
 ( #1817, #2719 ),
 ( #6405, #11708 ),
 ( #11764, #1687 ),
 ( #5496, #6225 ),
 ( #5373, #11941 ) ),
 .UNSPECIFIED., .F., .F., .F.,
 ( 4, 1, 1, 1, 1, 1, 1, 1, 4 ),
 ( 2, 2 ),
 ( 0.000000000000000000, 0.1289756962903343684, 0.2566142768832944676, 0.3823748611154015875, 0.5074502079341300931, 0.6312318059159223171, 0.7542207153102945538, 0.8773008482791445628, 1.000000000000000000 ),
 ( 0.000000000000000000, 1.000000000000000000 ),
 .UNSPECIFIED. ) ;
#10649 = CARTESIAN_POINT ( 'NONE',  ( 24.00000000000001421, 0.000000000000000000, 8.499999999999948486 ) ) ;
#10650 = DIRECTION ( 'NONE',  ( -0.8660254037844380415, -0.5000000000000011102, 0.000000000000000000 ) ) ;
#10651 = PLANE ( 'NONE',  #6300 ) ;
#10652 = DIRECTION ( 'NONE',  ( -0.000000000000000000, -1.000000000000000000, -0.000000000000000000 ) ) ;
#10653 = CARTESIAN_POINT ( 'NONE',  ( -7.999999999999986677, -6.208545504429656248, 5.000000000000000000 ) ) ;
#10654 = ORIENTED_EDGE ( 'NONE', *, *, #8071, .F. ) ;
#10655 = DIRECTION ( 'NONE',  ( -0.000000000000000000, 1.000000000000000000, -0.000000000000000000 ) ) ;
#10656 = PLANE ( 'NONE',  #8097 ) ;
#10657 = ORIENTED_EDGE ( 'NONE', *, *, #977, .F. ) ;
#10658 = VECTOR ( 'NONE', #7538, 1000.000000000000227 ) ;
#10660 = CIRCLE ( 'NONE', #1009, 1.000000000000000000 ) ;
#10659 = CARTESIAN_POINT ( 'NONE',  ( 2.279487179487178050, -14.53822518807815989, 4.000000000000000000 ) ) ;
#10661 = EDGE_CURVE ( 'NONE', #5954, #1375, #6952, .T. ) ;
#10662 = VERTEX_POINT ( 'NONE', #9670 ) ;
#10663 = CARTESIAN_POINT ( 'NONE',  ( -2.101754536636343040, -16.55393570626073085, 4.999999999999998224 ) ) ;
#10664 = AXIS2_PLACEMENT_3D ( 'NONE', #9168, #1864, #759 ) ;
#10665 = DIRECTION ( 'NONE',  ( 1.000000000000000000, 0.000000000000000000, 0.000000000000000000 ) ) ;
#10666 = DIRECTION ( 'NONE',  ( 0.000000000000000000, 0.000000000000000000, 1.000000000000000000 ) ) ;
#10667 = ORIENTED_EDGE ( 'NONE', *, *, #11573, .T. ) ;
#10668 = CARTESIAN_POINT ( 'NONE',  ( -4.404386434994036037, -14.60690757761560121, 5.000000000000000000 ) ) ;
#10669 = CYLINDRICAL_SURFACE ( 'NONE', #1590, 1.549999999999995826 ) ;
#10670 = EDGE_CURVE ( 'NONE', #1950, #1963, #866, .T. ) ;
#10671 = VERTEX_POINT ( 'NONE', #6054 ) ;
#10672 = ORIENTED_EDGE ( 'NONE', *, *, #7888, .F. ) ;
#10673 = AXIS2_PLACEMENT_3D ( 'NONE', #8375, #2992, #10349 ) ;
#10674 = AXIS2_PLACEMENT_3D ( 'NONE', #11040, #9119, #7184 ) ;
#10675 = CARTESIAN_POINT ( 'NONE',  ( -4.396495742537823048, -15.44668884345459503, 4.000000000000000000 ) ) ;
#10676 = CARTESIAN_POINT ( 'NONE',  ( -45.60000000000001563, 0.000000000000000000, -103.0000000000000142 ) ) ;
#10677 = DIRECTION ( 'NONE',  ( -0.000000000000000000, -0.000000000000000000, 1.000000000000000000 ) ) ;
#10678 = DIRECTION ( 'NONE',  ( 0.000000000000000000, 0.000000000000000000, 1.000000000000000000 ) ) ;
#10679 = VERTEX_POINT ( 'NONE', #8824 ) ;
#10680 = VECTOR ( 'NONE', #7635, 1000.000000000000000 ) ;
#10681 = FACE_OUTER_BOUND ( 'NONE', #3894, .T. ) ;
#10682 = LINE ( 'NONE', #8760, #10428 ) ;
#10683 = DIRECTION ( 'NONE',  ( -1.000000000000000000, -0.000000000000000000, -0.000000000000000000 ) ) ;
#10684 = ORIENTED_EDGE ( 'NONE', *, *, #4605, .F. ) ;
#10685 = VERTEX_POINT ( 'NONE', #6774 ) ;
#10686 = AXIS2_PLACEMENT_3D ( 'NONE', #7777, #7050, #10666 ) ;
#10687 = CARTESIAN_POINT ( 'NONE',  ( -0.5596769667581231733, -17.79296603475588157, 4.999999999999992895 ) ) ;
#10688 = AXIS2_PLACEMENT_3D ( 'NONE', #1714, #2491, #4437 ) ;
#10689 = CARTESIAN_POINT ( 'NONE',  ( -26.63101451046069812, -14.67500000000001492, 0.000000000000000000 ) ) ;
#10690 = FACE_OUTER_BOUND ( 'NONE', #5185, .T. ) ;
#10691 = CARTESIAN_POINT ( 'NONE',  ( -1.586556749207124861, -16.07224460480562911, 4.000000000000000888 ) ) ;
#10692 = CARTESIAN_POINT ( 'NONE',  ( 27.75000000000000355, -13.49999999999999467, 5.000000000000000000 ) ) ;
#10693 = CARTESIAN_POINT ( 'NONE',  ( -21.49999999999999289, -20.50000000000000000, 9.000000000000001776 ) ) ;
#10694 = PLANE ( 'NONE',  #2504 ) ;
#10695 = VERTEX_POINT ( 'NONE', #10458 ) ;
#10696 = EDGE_CURVE ( 'NONE', #3965, #6708, #2197, .T. ) ;
#10697 = ORIENTED_EDGE ( 'NONE', *, *, #7776, .F. ) ;
#10698 = LINE ( 'NONE', #8951, #7948 ) ;
#10699 = ORIENTED_EDGE ( 'NONE', *, *, #5934, .T. ) ;
#10700 = AXIS2_PLACEMENT_3D ( 'NONE', #8531, #8362, #4737 ) ;
#10701 = CARTESIAN_POINT ( 'NONE',  ( -1.253922416403186357, -16.90165875060094791, 3.999999999999999112 ) ) ;
#10702 = EDGE_CURVE ( 'NONE', #7178, #314, #6853, .T. ) ;
#10703 = ORIENTED_EDGE ( 'NONE', *, *, #10220, .T. ) ;
#10704 = EDGE_CURVE ( 'NONE', #6512, #4044, #606, .T. ) ;
#10705 = CARTESIAN_POINT ( 'NONE',  ( -81.00000000000001421, 5.000000000000000000, -97.99999999999998579 ) ) ;
#10706 = CARTESIAN_POINT ( 'NONE',  ( 6.433177425405322225, 2.791454495570343752, 6.000000000000016875 ) ) ;
#10707 = EDGE_CURVE ( 'NONE', #2411, #5290, #11215, .T. ) ;
#10708 = DIRECTION ( 'NONE',  ( 0.000000000000000000, 0.000000000000000000, 1.000000000000000000 ) ) ;
#10709 = PLANE ( 'NONE',  #9377 ) ;
#10710 = CARTESIAN_POINT ( 'NONE',  ( -0.8049270185270077649, -15.06933163398801589, 3.999999999999999112 ) ) ;
#10711 = DIRECTION ( 'NONE',  ( -1.000000000000000000, -2.127171113256150401E-15, 0.000000000000000000 ) ) ;
#10712 = ORIENTED_EDGE ( 'NONE', *, *, #2069, .T. ) ;
#10713 = DIRECTION ( 'NONE',  ( -1.000000000000000000, -0.000000000000000000, -0.000000000000000000 ) ) ;
#10714 = CARTESIAN_POINT ( 'NONE',  ( 0.2637568111321476061, -16.96162177422654693, 3.999999999999998224 ) ) ;
#10715 = ORIENTED_EDGE ( 'NONE', *, *, #4316, .F. ) ;
#10716 = EDGE_CURVE ( 'NONE', #9382, #10640, #2667, .T. ) ;
#10717 = CARTESIAN_POINT ( 'NONE',  ( -4.830937889471882407, -15.11224050124815221, 5.000000000000000000 ) ) ;
#10718 = EDGE_CURVE ( 'NONE', #4950, #7763, #1762, .T. ) ;
#10719 = VECTOR ( 'NONE', #4921, 1000.000000000000000 ) ;
#10720 = FACE_OUTER_BOUND ( 'NONE', #3811, .T. ) ;
#10721 = VERTEX_POINT ( 'NONE', #10753 ) ;
#10722 = EDGE_CURVE ( 'NONE', #968, #9167, #5448, .T. ) ;
#10723 = DIRECTION ( 'NONE',  ( -1.000000000000000000, 0.000000000000000000, 0.000000000000000000 ) ) ;
#10724 = EDGE_CURVE ( 'NONE', #11724, #3154, #10991, .T. ) ;
#10725 = AXIS2_PLACEMENT_3D ( 'NONE', #20, #3773, #7448 ) ;
#10726 = CARTESIAN_POINT ( 'NONE',  ( -9.299999999999998934, 2.000000000000000000, -9.299999999999997158 ) ) ;
#10727 = CYLINDRICAL_SURFACE ( 'NONE', #2525, 1.549999999999995826 ) ;
#10728 = DIRECTION ( 'NONE',  ( -0.000000000000000000, -0.000000000000000000, -1.000000000000000000 ) ) ;
#10729 = ORIENTED_EDGE ( 'NONE', *, *, #8806, .T. ) ;
#10730 = CARTESIAN_POINT ( 'NONE',  ( -4.987821925170131010, -14.53868059320250694, 4.999999999999998224 ) ) ;
#10731 = EDGE_CURVE ( 'NONE', #9471, #758, #285, .T. ) ;
#10732 = AXIS2_PLACEMENT_3D ( 'NONE', #3904, #3728, #11081 ) ;
#10733 = CARTESIAN_POINT ( 'NONE',  ( -1.549999999999994937, 5.000000000000000000, -100.5000000000000000 ) ) ;
#10734 = ORIENTED_EDGE ( 'NONE', *, *, #10592, .F. ) ;
#10735 = VERTEX_POINT ( 'NONE', #666 ) ;
#10736 = VECTOR ( 'NONE', #9033, 1000.000000000000000 ) ;
#10737 = ADVANCED_FACE ( 'NONE', ( #851 ), #9969, .F. ) ;
#10738 = EDGE_LOOP ( 'NONE', ( #4706, #4788, #9503, #7387 ) ) ;
#10739 = CARTESIAN_POINT ( 'NONE',  ( -4.493261334243715766, -15.66418284835249430, 3.999999999999999112 ) ) ;
#10740 = LINE ( 'NONE', #6343, #9095 ) ;
#10741 = CARTESIAN_POINT ( 'NONE',  ( 75.00000000000000000, 5.000000000000000000, -102.0000000000000142 ) ) ;
#10742 = CARTESIAN_POINT ( 'NONE',  ( -26.63101451046069812, -14.67500000000001492, 2.500000000000000000 ) ) ;
#10743 = VERTEX_POINT ( 'NONE', #7315 ) ;
#10744 = CARTESIAN_POINT ( 'NONE',  ( 1.709615384615383205, -14.53822518807815989, 5.000000000000000000 ) ) ;
#10745 = LINE ( 'NONE', #2468, #4842 ) ;
#10746 = EDGE_CURVE ( 'NONE', #6982, #5759, #481, .T. ) ;
#10747 = CARTESIAN_POINT ( 'NONE',  ( 6.433177425405322225, 2.791454495570343752, 6.000000000000016875 ) ) ;
#10748 = EDGE_LOOP ( 'NONE', ( #6902, #6123, #9851, #9248 ) ) ;
#10749 = PRODUCT_DEFINITION_SHAPE ( 'NONE', 'NONE',  #11955 ) ;
#10750 = EDGE_LOOP ( 'NONE', ( #583, #6516, #3503, #11207 ) ) ;
#10751 = CARTESIAN_POINT ( 'NONE',  ( 10.99999999999999467, 2.000000000000000000, 7.000000000000000000 ) ) ;
#10752 = CARTESIAN_POINT ( 'NONE',  ( 75.00000000000001421, 37.42339375865881124, -70.75000000000000000 ) ) ;
#10753 = CARTESIAN_POINT ( 'NONE',  ( 23.49999999999999645, 17.50000000000000000, 2.500000000000000000 ) ) ;
#10754 = DIRECTION ( 'NONE',  ( 1.000000000000000000, -0.000000000000000000, 0.000000000000000000 ) ) ;
#10755 = CARTESIAN_POINT ( 'NONE',  ( 6.065064102564100779, -14.53822518807815989, 5.000000000000000000 ) ) ;
#10756 = CARTESIAN_POINT ( 'NONE',  ( -29.49999999999999289, -19.75000000000000000, 0.000000000000000000 ) ) ;
#10757 = ORIENTED_EDGE ( 'NONE', *, *, #2085, .F. ) ;
#10758 = VERTEX_POINT ( 'NONE', #1639 ) ;
#10759 = CARTESIAN_POINT ( 'NONE',  ( 0.9152293669871784942, -15.04322318487303178, 5.000000000000000000 ) ) ;
#10760 = ORIENTED_EDGE ( 'NONE', *, *, #11368, .F. ) ;
#10761 = DIRECTION ( 'NONE',  ( -3.454194652434726964E-16, -1.000000000000000000, 0.000000000000000000 ) ) ;
#10762 = FACE_OUTER_BOUND ( 'NONE', #4554, .T. ) ;
#10763 = EDGE_LOOP ( 'NONE', ( #11815, #4056, #11575, #8720 ) ) ;
#10764 = CARTESIAN_POINT ( 'NONE',  ( -22.72792206135785875, -8.500000000000000000, 5.000000000000000000 ) ) ;
#10765 = EDGE_CURVE ( 'NONE', #9861, #6295, #11717, .T. ) ;
#10766 = CARTESIAN_POINT ( 'NONE',  ( -2.133448305808136158, -15.80507921218605993, 5.000000000000001776 ) ) ;
#10767 = DIRECTION ( 'NONE',  ( -0.000000000000000000, -0.000000000000000000, -1.000000000000000000 ) ) ;
#10768 = PLANE ( 'NONE',  #3210 ) ;
#10769 = PLANE ( 'NONE',  #4146 ) ;
#10770 = CARTESIAN_POINT ( 'NONE',  ( 0.5000000000000004441, 4.000000000000000000, -3.870000000000000107 ) ) ;
#10771 = ORIENTED_EDGE ( 'NONE', *, *, #6531, .T. ) ;
#10772 = CARTESIAN_POINT ( 'NONE',  ( -1.172468870887187320, -14.59480120161664907, 5.000000000000000888 ) ) ;
#10773 = CARTESIAN_POINT ( 'NONE',  ( 15.00000000000000533, 5.949455682166683523, 5.000000000000000000 ) ) ;
#10774 = ORIENTED_EDGE ( 'NONE', *, *, #6265, .F. ) ;
#10775 = CARTESIAN_POINT ( 'NONE',  ( 7.000000000000003553, -9.208545504429656248, 10.00000000000000000 ) ) ;
#10776 = ORIENTED_EDGE ( 'NONE', *, *, #9769, .F. ) ;
#10777 = DIRECTION ( 'NONE',  ( 0.000000000000000000, 0.000000000000000000, 1.000000000000000000 ) ) ;
#10778 = CARTESIAN_POINT ( 'NONE',  ( 0.7703133336098925144, -14.90025846607622917, 5.000000000000000000 ) ) ;
#10779 = EDGE_CURVE ( 'NONE', #2259, #4867, #5326, .T. ) ;
#10780 = DIRECTION ( 'NONE',  ( 1.000000000000000000, 1.903335346464819526E-16, 0.000000000000000000 ) ) ;
#10781 = CIRCLE ( 'NONE', #1731, 2.000000000000001776 ) ;
#10782 = EDGE_CURVE ( 'NONE', #6930, #11034, #8099, .T. ) ;
#10783 = CARTESIAN_POINT ( 'NONE',  ( -0.4388521634615394351, -17.79463544448841716, 4.000000000000000000 ) ) ;
#10784 = LINE ( 'NONE', #6208, #2329 ) ;
#10785 = DIRECTION ( 'NONE',  ( -0.000000000000000000, -0.000000000000000000, 1.000000000000000000 ) ) ;
#10786 = VERTEX_POINT ( 'NONE', #7198 ) ;
#10787 = LINE ( 'NONE', #11752, #11241 ) ;
#10788 = CARTESIAN_POINT ( 'NONE',  ( -1.253922416403186357, -16.90165875060094791, 4.999999999999999112 ) ) ;
#10789 = VECTOR ( 'NONE', #5167, 1000.000000000000000 ) ;
#10790 = ADVANCED_FACE ( 'NONE', ( #1698 ), #7606, .F. ) ;
#10791 = VERTEX_POINT ( 'NONE', #3872 ) ;
#10792 = ORIENTED_EDGE ( 'NONE', *, *, #8854, .F. ) ;
#10793 = ORIENTED_EDGE ( 'NONE', *, *, #1348, .F. ) ;
#10794 = EDGE_CURVE ( 'NONE', #2392, #3883, #5688, .T. ) ;
#10795 = FACE_OUTER_BOUND ( 'NONE', #8787, .T. ) ;
#10796 = DIRECTION ( 'NONE',  ( 0.000000000000000000, -1.000000000000000000, 0.000000000000000000 ) ) ;
#10797 = AXIS2_PLACEMENT_3D ( 'NONE', #3536, #11798, #5402 ) ;
#10798 = DIRECTION ( 'NONE',  ( -0.000000000000000000, 1.000000000000000000, -0.000000000000000000 ) ) ;
#10799 = CARTESIAN_POINT ( 'NONE',  ( -0.2516596594728344738, -14.46563862997375338, 3.999999999999997335 ) ) ;
#10800 = ORIENTED_EDGE ( 'NONE', *, *, #10501, .F. ) ;
#10801 = CARTESIAN_POINT ( 'NONE',  ( -5.999999999999997335, -10.20854550442964204, 5.000000000000000000 ) ) ;
#10802 = CARTESIAN_POINT ( 'NONE',  ( -2.727243589743591379, -14.53822518807815989, 4.000000000000000000 ) ) ;
#10803 = CARTESIAN_POINT ( 'NONE',  ( -4.559631712782970858, -15.70309979647688969, 5.000000000000000888 ) ) ;
#10804 = ORIENTED_EDGE ( 'NONE', *, *, #4285, .F. ) ;
#10805 = AXIS2_PLACEMENT_3D ( 'NONE', #7554, #8520, #1210 ) ;
#10806 = CIRCLE ( 'NONE', #2912, 2.599999999999984102 ) ;
#10807 = VERTEX_POINT ( 'NONE', #1887 ) ;
#10808 = CARTESIAN_POINT ( 'NONE',  ( 15.99999999999997868, -89.44271909999159220, -30.00000000000006750 ) ) ;
#10809 = CARTESIAN_POINT ( 'NONE',  ( -23.36898548953929833, -20.32500000000001705, 0.000000000000000000 ) ) ;
#10810 = AXIS2_PLACEMENT_3D ( 'NONE', #4001, #4845, #11172 ) ;
#10811 = CARTESIAN_POINT ( 'NONE',  ( 12.00000000000000000, 2.000000000000000000, -10.99999999999999289 ) ) ;
#10812 = AXIS2_PLACEMENT_3D ( 'NONE', #11719, #5273, #8170 ) ;
#10813 = DIRECTION ( 'NONE',  ( -0.8610380995189044206, 0.5085404518589188294, 0.000000000000000000 ) ) ;
#10814 = LINE ( 'NONE', #6651, #7918 ) ;
#10815 = CARTESIAN_POINT ( 'NONE',  ( 79.00000000000001421, 22.50000000000000000, -100.0000000000000000 ) ) ;
#10816 = ORIENTED_EDGE ( 'NONE', *, *, #5941, .T. ) ;
#10817 = ORIENTED_EDGE ( 'NONE', *, *, #5172, .F. ) ;
#10818 = DIRECTION ( 'NONE',  ( 0.000000000000000000, 0.000000000000000000, -1.000000000000000000 ) ) ;
#10819 = EDGE_LOOP ( 'NONE', ( #7608, #5696, #3761, #6746 ) ) ;
#10820 = AXIS2_PLACEMENT_3D ( 'NONE', #504, #9693, #11619 ) ;
#10821 = CARTESIAN_POINT ( 'NONE',  ( -3.683814102564102466, -17.71322518807814816, 4.000000000000000000 ) ) ;
#10822 = LINE ( 'NONE', #2273, #1572 ) ;
#10823 = VERTEX_POINT ( 'NONE', #11166 ) ;
#10824 = VECTOR ( 'NONE', #2125, 1000.000000000000114 ) ;
#10825 = FACE_BOUND ( 'NONE', #284, .T. ) ;
#10826 = CARTESIAN_POINT ( 'NONE',  ( -2.156246695998924157, -16.05802770467386154, 4.000000000000000000 ) ) ;
#10827 = VECTOR ( 'NONE', #2948, 1000.000000000000000 ) ;
#10828 = VECTOR ( 'NONE', #11885, 1000.000000000000000 ) ;
#10829 = CARTESIAN_POINT ( 'NONE',  ( -77.00000000000001421, 22.50000000000000000, -102.0000000000000142 ) ) ;
#10830 = CARTESIAN_POINT ( 'NONE',  ( 74.99999999999998579, 5.000000000000000000, -103.0000000000000142 ) ) ;
#10831 = FACE_OUTER_BOUND ( 'NONE', #11765, .T. ) ;
#10832 = CARTESIAN_POINT ( 'NONE',  ( 119.0000000000000284, 10.57660624134121363, -73.74999999999997158 ) ) ;
#10833 = ORIENTED_EDGE ( 'NONE', *, *, #9332, .F. ) ;
#10834 = CARTESIAN_POINT ( 'NONE',  ( -1.403372629974333430, -14.71863784045357981, 5.000000000000000888 ) ) ;
#10835 = DIRECTION ( 'NONE',  ( -0.8660254037844383745, -0.5000000000000004441, 0.000000000000000000 ) ) ;
#10836 = ORIENTED_EDGE ( 'NONE', *, *, #2162, .F. ) ;
#10837 = DIRECTION ( 'NONE',  ( -0.000000000000000000, -1.000000000000000000, -0.000000000000000000 ) ) ;
#10838 = ORIENTED_EDGE ( 'NONE', *, *, #4768, .T. ) ;
#10839 = AXIS2_PLACEMENT_3D ( 'NONE', #9921, #730, #970 ) ;
#10840 = VECTOR ( 'NONE', #4224, 1000.000000000000000 ) ;
#10841 = CARTESIAN_POINT ( 'NONE',  ( -21.73797097907860731, -17.50000000000002132, 2.500000000000000000 ) ) ;
#10842 = DIRECTION ( 'NONE',  ( 0.000000000000000000, 0.000000000000000000, 1.000000000000000000 ) ) ;
#10843 = DIRECTION ( 'NONE',  ( 0.000000000000000000, 1.000000000000000000, 0.000000000000000000 ) ) ;
#10844 = CARTESIAN_POINT ( 'NONE',  ( -7.999999999999986677, -6.208545504429656248, 5.000000000000000000 ) ) ;
#10845 = CARTESIAN_POINT ( 'NONE',  ( 27.90343502558110700, 16.01309099620652532, 2.500000000000000000 ) ) ;
#10846 = CIRCLE ( 'NONE', #4500, 1.499999999999987566 ) ;
#10847 = DIRECTION ( 'NONE',  ( -0.000000000000000000, -0.000000000000000000, -1.000000000000000000 ) ) ;
#10848 = ORIENTED_EDGE ( 'NONE', *, *, #7409, .T. ) ;
#10850 = EDGE_CURVE ( 'NONE', #3309, #9186, #9189, .T. ) ;
#10849 = LINE ( 'NONE', #3429, #2960 ) ;
#10851 = CARTESIAN_POINT ( 'NONE',  ( -0.5465727156076481963, -17.22193929993222739, 5.000000000000000888 ) ) ;
#10852 = VERTEX_POINT ( 'NONE', #9367 ) ;
#10853 = AXIS2_PLACEMENT_3D ( 'NONE', #8630, #8567, #10254 ) ;
#10854 = VECTOR ( 'NONE', #827, 1000.000000000000000 ) ;
#10855 = ORIENTED_EDGE ( 'NONE', *, *, #7384, .T. ) ;
#10856 = EDGE_CURVE ( 'NONE', #10549, #8619, #1084, .T. ) ;
#10857 = ORIENTED_EDGE ( 'NONE', *, *, #7212, .T. ) ;
#10858 = CARTESIAN_POINT ( 'NONE',  ( -45.60000000000000142, 5.000000000000000000, -7.500000000000069278 ) ) ;
#10859 = CARTESIAN_POINT ( 'NONE',  ( 3.378525641025639903, -17.71322518807815882, 4.000000000000000000 ) ) ;
#10860 = EDGE_CURVE ( 'NONE', #10986, #4687, #5564, .T. ) ;
#10861 = CARTESIAN_POINT ( 'NONE',  ( 29.50000000000000711, -19.74999999999999289, 0.000000000000000000 ) ) ;
#10862 = CARTESIAN_POINT ( 'NONE',  ( -25.99999999999999645, -89.44271909999159220, 9.999999999999953815 ) ) ;
#10863 = ORIENTED_EDGE ( 'NONE', *, *, #7009, .T. ) ;
#10864 = VECTOR ( 'NONE', #5471, 1000.000000000000000 ) ;
#10865 = DIRECTION ( 'NONE',  ( -1.000000000000000000, 0.000000000000000000, 0.000000000000000000 ) ) ;
#10866 = DIRECTION ( 'NONE',  ( -1.000000000000000000, 1.334402673828313093E-16, 0.000000000000000000 ) ) ;
#10867 = DIRECTION ( 'NONE',  ( -0.000000000000000000, 1.000000000000000000, -0.000000000000000000 ) ) ;
#10868 = ORIENTED_EDGE ( 'NONE', *, *, #11480, .F. ) ;
#10869 = ADVANCED_FACE ( 'NONE', ( #2965 ), #2850, .F. ) ;
#10870 = EDGE_LOOP ( 'NONE', ( #247, #159, #9056, #1474 ) ) ;
#10871 = ORIENTED_EDGE ( 'NONE', *, *, #7668, .F. ) ;
#10872 = AXIS2_PLACEMENT_3D ( 'NONE', #10862, #714, #4411 ) ;
#10873 = EDGE_CURVE ( 'NONE', #4109, #2688, #3019, .T. ) ;
#10874 = CARTESIAN_POINT ( 'NONE',  ( 140.0000000000000853, 5.000000000000000000, -102.0499999999999972 ) ) ;
#10875 = EDGE_CURVE ( 'NONE', #8700, #10320, #1252, .T. ) ;
#10876 = CARTESIAN_POINT ( 'NONE',  ( 3.948397435897434526, -17.71322518807815882, 4.000000000000000000 ) ) ;
#10877 = CARTESIAN_POINT ( 'NONE',  ( 1.127581603246356590, -16.42831549469708818, 4.000000000000001776 ) ) ;
#10878 = DIRECTION ( 'NONE',  ( -0.000000000000000000, -1.000000000000000000, -0.000000000000000000 ) ) ;
#10879 = DIRECTION ( 'NONE',  ( 0.000000000000000000, 0.000000000000000000, 1.000000000000000000 ) ) ;
#10880 = VERTEX_POINT ( 'NONE', #2059 ) ;
#10881 = VERTEX_POINT ( 'NONE', #5743 ) ;
#10882 = CIRCLE ( 'NONE', #8575, 19.99999999999998934 ) ;
#10883 = PLANE ( 'NONE',  #4099 ) ;
#10884 = ORIENTED_EDGE ( 'NONE', *, *, #10198, .F. ) ;
#10885 = CARTESIAN_POINT ( 'NONE',  ( -1.458819483906499626, -16.63863675248896712, 4.000000000000000888 ) ) ;
#10886 = CARTESIAN_POINT ( 'NONE',  ( -79.00000000000000000, 5.000000000000000000, -100.0000000000000000 ) ) ;
#10887 = ORIENTED_EDGE ( 'NONE', *, *, #8228, .T. ) ;
#10888 = AXIS2_PLACEMENT_3D ( 'NONE', #2379, #3288, #444 ) ;
#10889 = FACE_BOUND ( 'NONE', #8554, .T. ) ;
#10890 = CARTESIAN_POINT ( 'NONE',  ( -2.055340169111314896, -15.51901556170120244, 4.000000000000000888 ) ) ;
#10891 = DIRECTION ( 'NONE',  ( -0.000000000000000000, -1.000000000000000000, -0.000000000000000000 ) ) ;
#10892 = CARTESIAN_POINT ( 'NONE',  ( -27.73941848319152115, 19.27099398849403400, 2.500000000000000000 ) ) ;
#10893 = AXIS2_PLACEMENT_3D ( 'NONE', #9572, #10708, #1525 ) ;
#10894 = CARTESIAN_POINT ( 'NONE',  ( -0.4547526041666675178, -14.45681493166790510, 4.000000000000000000 ) ) ;
#10895 = DIRECTION ( 'NONE',  ( -0.000000000000000000, -0.000000000000000000, 1.000000000000000000 ) ) ;
#10896 = EDGE_LOOP ( 'NONE', ( #1079, #4348, #7285, #5015 ) ) ;
#10897 = CARTESIAN_POINT ( 'NONE',  ( -75.00000000000001421, 5.000000000000000000, -57.99999999999998579 ) ) ;
#10898 = CARTESIAN_POINT ( 'NONE',  ( -3.937737432199948096, -15.90019769347522605, 3.999999999999999112 ) ) ;
#10899 = ORIENTED_EDGE ( 'NONE', *, *, #8738, .T. ) ;
#10900 = DIRECTION ( 'NONE',  ( 0.000000000000000000, -0.000000000000000000, -1.000000000000000000 ) ) ;
#10901 = ADVANCED_FACE ( 'NONE', ( #1025 ), #7435, .T. ) ;
#10902 = ORIENTED_EDGE ( 'NONE', *, *, #6443, .F. ) ;
#10903 = DIRECTION ( 'NONE',  ( -0.000000000000000000, -1.000000000000000000, -0.000000000000000000 ) ) ;
#10904 = CIRCLE ( 'NONE', #10700, 3.257139434613112172 ) ;
#10905 = CYLINDRICAL_SURFACE ( 'NONE', #5870, 1.000000000000000888 ) ;
#10906 = LINE ( 'NONE', #2636, #3992 ) ;
#10907 = CARTESIAN_POINT ( 'NONE',  ( -2.126810159812754009, -16.44571100181040535, 4.000000000000002665 ) ) ;
#10908 = CARTESIAN_POINT ( 'NONE',  ( -27.73941848319152115, 19.27099398849403400, 0.000000000000000000 ) ) ;
#10909 = LINE ( 'NONE', #6334, #3366 ) ;
#10910 = ORIENTED_EDGE ( 'NONE', *, *, #7914, .T. ) ;
#10911 = CARTESIAN_POINT ( 'NONE',  ( 79.11690212061127170, 22.86967726337213236, -99.99743510223612475 ) ) ;
#10912 = CARTESIAN_POINT ( 'NONE',  ( -0.4274038461538470779, -17.22476364961662298, 5.000000000000000000 ) ) ;
#10913 = ORIENTED_EDGE ( 'NONE', *, *, #2773, .T. ) ;
#10914 = VERTEX_POINT ( 'NONE', #1937 ) ;
#10915 = AXIS2_PLACEMENT_3D ( 'NONE', #4204, #865, #6495 ) ;
#10916 = LINE ( 'NONE', #8268, #3336 ) ;
#10917 = VERTEX_POINT ( 'NONE', #5623 ) ;
#10918 = ADVANCED_FACE ( 'NONE', ( #8404 ), #9422, .T. ) ;
#10919 = DIRECTION ( 'NONE',  ( 1.000000000000000000, 0.000000000000000000, 0.000000000000000000 ) ) ;
#10920 = DIRECTION ( 'NONE',  ( -1.000000000000000000, 0.000000000000000000, 0.000000000000000000 ) ) ;
#10921 = CARTESIAN_POINT ( 'NONE',  ( -43.00000000000000711, 0.000000000000000000, 34.49999999999993605 ) ) ;
#10922 = CARTESIAN_POINT ( 'NONE',  ( -0.1520525117171784013, -14.47682276924449241, 4.000000000000002665 ) ) ;
#10923 = VECTOR ( 'NONE', #936, 1000.000000000000000 ) ;
#10924 = ORIENTED_EDGE ( 'NONE', *, *, #5348, .T. ) ;
#10925 = DIRECTION ( 'NONE',  ( -0.000000000000000000, -1.000000000000000000, -0.000000000000000000 ) ) ;
#10926 = CARTESIAN_POINT ( 'NONE',  ( 26.63101451046069812, -14.67500000000001492, 2.500000000000000000 ) ) ;
#10927 = FACE_OUTER_BOUND ( 'NONE', #5902, .T. ) ;
#10928 = ORIENTED_EDGE ( 'NONE', *, *, #6154, .T. ) ;
#10929 = ORIENTED_EDGE ( 'NONE', *, *, #9314, .F. ) ;
#10930 = VERTEX_POINT ( 'NONE', #9304 ) ;
#10931 = MECHANICAL_DESIGN_GEOMETRIC_PRESENTATION_REPRESENTATION (  '', ( #5157 ), #6695 ) ;
#10932 = LINE ( 'NONE', #4301, #1373 ) ;
#10933 = EDGE_CURVE ( 'NONE', #2240, #2066, #3377, .T. ) ;
#10934 = CARTESIAN_POINT ( 'NONE',  ( -4.345293898227679641, -16.23779630668430229, 5.000000000000000888 ) ) ;
#10935 = AXIS2_PLACEMENT_3D ( 'NONE', #2192, #11079, #8256 ) ;
#10936 = CARTESIAN_POINT ( 'NONE',  ( -81.00000000000001421, 17.00000000000000000, -86.50000000000001421 ) ) ;
#10937 = ORIENTED_EDGE ( 'NONE', *, *, #10213, .T. ) ;
#10938 = FACE_OUTER_BOUND ( 'NONE', #2690, .T. ) ;
#10939 = CARTESIAN_POINT ( 'NONE',  ( -20.00000000000001421, 5.000000000000000000, 73.99999999999992895 ) ) ;
#10940 = ORIENTED_EDGE ( 'NONE', *, *, #335, .F. ) ;
#10941 = ORIENTED_EDGE ( 'NONE', *, *, #8019, .F. ) ;
#10942 = SHAPE_REPRESENTATION ( 'X3_plus_bottom_plate_modified', ( #3299 ), #10040 ) ;
#10943 = DIRECTION ( 'NONE',  ( 0.000000000000000000, 0.000000000000000000, -1.000000000000000000 ) ) ;
#10944 = EDGE_LOOP ( 'NONE', ( #9029, #11508, #1736, #1328, #6138, #5352 ) ) ;
#10945 = EDGE_CURVE ( 'NONE', #6470, #5098, #10125, .T. ) ;
#10946 = CARTESIAN_POINT ( 'NONE',  ( -23.49999999999999645, -17.50000000000000000, 5.000000000000000000 ) ) ;
#10947 = EDGE_LOOP ( 'NONE', ( #11346, #1895, #3059, #11563 ) ) ;
#10948 = EDGE_CURVE ( 'NONE', #6844, #4103, #3936, .T. ) ;
#10949 = PLANE ( 'NONE',  #1523 ) ;
#10950 = CARTESIAN_POINT ( 'NONE',  ( 81.00000000000001421, 0.000000000000000000, -97.99999999999998579 ) ) ;
#10951 = EDGE_CURVE ( 'NONE', #5004, #3276, #10265, .T. ) ;
#10952 = DIRECTION ( 'NONE',  ( 0.000000000000000000, 0.000000000000000000, -1.000000000000000000 ) ) ;
#10953 = CARTESIAN_POINT ( 'NONE',  ( 2.279487179487178050, -17.71322518807815882, 4.000000000000000000 ) ) ;
#10954 = LINE ( 'NONE', #3535, #1235 ) ;
#10955 = CARTESIAN_POINT ( 'NONE',  ( -75.00000000000001421, 24.00000000000000355, -64.50000000000000000 ) ) ;
#10956 = ORIENTED_EDGE ( 'NONE', *, *, #4999, .F. ) ;
#10957 = PLANE ( 'NONE',  #4237 ) ;
#10958 = ORIENTED_EDGE ( 'NONE', *, *, #5268, .T. ) ;
#10959 = CARTESIAN_POINT ( 'NONE',  ( 81.00000000000001421, 17.00000000000000000, -80.00000000000000000 ) ) ;
#10960 = ORIENTED_EDGE ( 'NONE', *, *, #6743, .T. ) ;
#10961 = DIRECTION ( 'NONE',  ( -0.000000000000000000, -1.000000000000000000, -0.000000000000000000 ) ) ;
#10962 = PLANE ( 'NONE',  #1231 ) ;
#10963 = EDGE_CURVE ( 'NONE', #1617, #4950, #176, .T. ) ;
#10964 = DIRECTION ( 'NONE',  ( 0.000000000000000000, -1.000000000000000000, 0.000000000000000000 ) ) ;
#10965 = DIRECTION ( 'NONE',  ( 0.000000000000000000, 0.000000000000000000, 1.000000000000000000 ) ) ;
#10966 = CARTESIAN_POINT ( 'NONE',  ( -4.987821925170131010, -14.53868059320250694, 3.999999999999998224 ) ) ;
#10967 = CYLINDRICAL_SURFACE ( 'NONE', #6070, 1.500000000000001332 ) ;
#10968 = ORIENTED_EDGE ( 'NONE', *, *, #1842, .F. ) ;
#10969 = LINE ( 'NONE', #6395, #5845 ) ;
#10970 = CARTESIAN_POINT ( 'NONE',  ( -1.077298729060606419, -17.04342901149511746, 5.000000000000000000 ) ) ;
#10971 = ORIENTED_EDGE ( 'NONE', *, *, #9133, .F. ) ;
#10972 = AXIS2_PLACEMENT_3D ( 'NONE', #5082, #8868, #7792 ) ;
#10973 = ORIENTED_EDGE ( 'NONE', *, *, #5620, .F. ) ;
#10974 = DIRECTION ( 'NONE',  ( -0.000000000000000000, -1.000000000000000000, -0.000000000000000000 ) ) ;
#10975 = ORIENTED_EDGE ( 'NONE', *, *, #3482, .F. ) ;
#10976 = FACE_OUTER_BOUND ( 'NONE', #6766, .T. ) ;
#10977 = CARTESIAN_POINT ( 'NONE',  ( 0.9152293669871784942, -15.04322318487303178, 4.000000000000000000 ) ) ;
#10978 = CARTESIAN_POINT ( 'NONE',  ( -0.5296705452097965061, 13.50000000000000178, 5.000000000000000000 ) ) ;
#10979 = CARTESIAN_POINT ( 'NONE',  ( -0.05426873046069794621, -14.49359961687093801, 4.999999999999998224 ) ) ;
#10980 = VERTEX_POINT ( 'NONE', #1763 ) ;
#10981 = CONTEXT_DEPENDENT_SHAPE_REPRESENTATION ( #710, #6132 ) ;
#10982 = CIRCLE ( 'NONE', #10210, 1.749999999999998002 ) ;
#10983 = DIRECTION ( 'NONE',  ( 0.000000000000000000, 1.000000000000000000, -0.000000000000000000 ) ) ;
#10984 = FACE_OUTER_BOUND ( 'NONE', #2374, .T. ) ;
#10985 = ORIENTED_EDGE ( 'NONE', *, *, #335, .T. ) ;
#10986 = VERTEX_POINT ( 'NONE', #7378 ) ;
#10987 = VERTEX_POINT ( 'NONE', #11053 ) ;
#10988 = AXIS2_PLACEMENT_3D ( 'NONE', #7984, #9791, #610 ) ;
#10989 = VECTOR ( 'NONE', #161, 1000.000000000000000 ) ;
#10990 = CARTESIAN_POINT ( 'NONE',  ( 81.00000000000001421, 10.57660624134121363, -70.75000000000000000 ) ) ;
#10991 = LINE ( 'NONE', #10811, #7433 ) ;
#10992 = CARTESIAN_POINT ( 'NONE',  ( 1.056970118288208749, -16.73078866166472523, 4.000000000000001776 ) ) ;
#10993 = ORIENTED_EDGE ( 'NONE', *, *, #4462, .F. ) ;
#10994 = CIRCLE ( 'NONE', #5795, 1.000000000000000888 ) ;
#10995 = CARTESIAN_POINT ( 'NONE',  ( -3.881052035110090337, -15.10678822944700350, 3.999999999999997335 ) ) ;
#10996 = CYLINDRICAL_SURFACE ( 'NONE', #4621, 1.500000000000001332 ) ;
#10997 = VERTEX_POINT ( 'NONE', #295 ) ;
#10998 = DIRECTION ( 'NONE',  ( 1.000000000000000000, 0.000000000000000000, -0.000000000000000000 ) ) ;
#10999 = VERTEX_POINT ( 'NONE', #4339 ) ;
#11000 = AXIS2_PLACEMENT_3D ( 'NONE', #3454, #1834, #4490 ) ;
#11001 = ADVANCED_FACE ( 'NONE', ( #9598 ), #573, .T. ) ;
#11002 = FACE_BOUND ( 'NONE', #6462, .T. ) ;
#11003 = ORIENTED_EDGE ( 'NONE', *, *, #3439, .T. ) ;
#11004 = ADVANCED_FACE ( 'NONE', ( #5301 ), #3484, .F. ) ;
#11005 = CARTESIAN_POINT ( 'NONE',  ( 27.75000000000000355, -19.74999999999999289, 5.000000000000000000 ) ) ;
#11006 = AXIS2_PLACEMENT_3D ( 'NONE', #8248, #3717, #7334 ) ;
#11007 = DIRECTION ( 'NONE',  ( 0.000000000000000000, 0.000000000000000000, -1.000000000000000000 ) ) ;
#11008 = DIRECTION ( 'NONE',  ( -1.084202172485505667E-16, 0.000000000000000000, -1.000000000000000000 ) ) ;
#11009 = DIRECTION ( 'NONE',  ( 0.8397897338196443906, -0.5429117819417172974, -0.000000000000000000 ) ) ;
#11010 = ADVANCED_FACE ( 'NONE', ( #1543 ), #10506, .F. ) ;
#11011 = CARTESIAN_POINT ( 'NONE',  ( -0.3526704194765992728, -14.45838921454071446, 4.000000000000000888 ) ) ;
#11013 = VECTOR ( 'NONE', #6972, 1000.000000000000114 ) ;
#11012 = FACE_OUTER_BOUND ( 'NONE', #2387, .T. ) ;
#11014 = VERTEX_POINT ( 'NONE', #11340 ) ;
#11015 = CARTESIAN_POINT ( 'NONE',  ( 4.355448717948715576, -15.10809698294995584, 4.000000000000000000 ) ) ;
#11016 = ORIENTED_EDGE ( 'NONE', *, *, #9014, .F. ) ;
#11017 = CARTESIAN_POINT ( 'NONE',  ( 8.000000000000001776, -6.208545504429656248, 6.000000000000000888 ) ) ;
#11018 = ORIENTED_EDGE ( 'NONE', *, *, #10856, .F. ) ;
#11019 = ADVANCED_FACE ( 'NONE', ( #3997 ), #5241, .F. ) ;
#11020 = LINE ( 'NONE', #1215, #4180 ) ;
#11021 = AXIS2_PLACEMENT_3D ( 'NONE', #2484, #1648, #3341 ) ;
#11022 = CARTESIAN_POINT ( 'NONE',  ( 0.6962888675300780150, -14.83721622788495154, 5.000000000000000888 ) ) ;
#11023 = DIRECTION ( 'NONE',  ( 1.000000000000000000, 0.000000000000000000, 0.000000000000000000 ) ) ;
#11024 = DIRECTION ( 'NONE',  ( -0.000000000000000000, 0.000000000000000000, -1.000000000000000000 ) ) ;
#11025 = DIRECTION ( 'NONE',  ( 1.000000000000000000, 0.000000000000000000, 0.000000000000000000 ) ) ;
#11026 = EDGE_CURVE ( 'NONE', #829, #6982, #8013, .T. ) ;
#11027 = CARTESIAN_POINT ( 'NONE',  ( 0.9748812362655017161, -16.92499946339432171, 4.999999999999999112 ) ) ;
#11028 = ORIENTED_EDGE ( 'NONE', *, *, #10963, .T. ) ;
#11029 = VECTOR ( 'NONE', #333, 1000.000000000000000 ) ;
#11030 = AXIS2_PLACEMENT_3D ( 'NONE', #10185, #7478, #7364 ) ;
#11031 = CARTESIAN_POINT ( 'NONE',  ( 81.00000000000000000, 30.51492707152537065, -98.34041587281916463 ) ) ;
#11032 = LINE ( 'NONE', #3739, #6412 ) ;
#11033 = ORIENTED_EDGE ( 'NONE', *, *, #4465, .T. ) ;
#11034 = VERTEX_POINT ( 'NONE', #5861 ) ;
#11035 = DIRECTION ( 'NONE',  ( -1.000000000000000000, 0.000000000000000000, 0.000000000000000000 ) ) ;
#11036 = AXIS2_PLACEMENT_3D ( 'NONE', #7268, #10095, #10943 ) ;
#11037 = CARTESIAN_POINT ( 'NONE',  ( -74.99999999999998579, 22.37809154710686599, -59.17157287525379417 ) ) ;
#11038 = DIRECTION ( 'NONE',  ( 0.000000000000000000, 1.000000000000000000, 0.000000000000000000 ) ) ;
#11039 = CARTESIAN_POINT ( 'NONE',  ( -1.006574621379063839, -14.53434285204345855, 4.000000000000000888 ) ) ;
#11040 = CARTESIAN_POINT ( 'NONE',  ( 20.00000000000000000, 0.000000000000000000, 94.99999999999991473 ) ) ;
#11041 = ORIENTED_EDGE ( 'NONE', *, *, #8592, .F. ) ;
#11042 = EDGE_CURVE ( 'NONE', #8948, #5825, #2128, .T. ) ;
#11043 = DIRECTION ( 'NONE',  ( 1.334402673828313093E-16, 1.000000000000000000, -0.000000000000000000 ) ) ;
#11044 = CARTESIAN_POINT ( 'NONE',  ( -4.988286258012819552, -15.75937903423199593, 5.000000000000000000 ) ) ;
#11045 = ORIENTED_EDGE ( 'NONE', *, *, #462, .F. ) ;
#11046 = VECTOR ( 'NONE', #2399, 1000.000000000000000 ) ;
#11047 = VECTOR ( 'NONE', #10191, 1000.000000000000000 ) ;
#11048 = ORIENTED_EDGE ( 'NONE', *, *, #9302, .F. ) ;
#11049 = ORIENTED_EDGE ( 'NONE', *, *, #10746, .T. ) ;
#11050 = AXIS2_PLACEMENT_3D ( 'NONE', #7444, #6544, #5638 ) ;
#11051 = DIRECTION ( 'NONE',  ( -0.000000000000000000, 1.000000000000000000, -0.000000000000000000 ) ) ;
#11052 = VECTOR ( 'NONE', #7643, 1000.000000000000000 ) ;
#11053 = CARTESIAN_POINT ( 'NONE',  ( -25.99999999999999645, 5.000000000000004441, 11.49999999999995381 ) ) ;
#11054 = CARTESIAN_POINT ( 'NONE',  ( 24.00000000000001421, -89.44271909999159220, -23.50000000000006040 ) ) ;
#11055 = ORIENTED_EDGE ( 'NONE', *, *, #1774, .F. ) ;
#11056 =( LENGTH_UNIT ( ) NAMED_UNIT ( * ) SI_UNIT ( .MILLI., .METRE. ) );
#11057 = DIRECTION ( 'NONE',  ( 0.000000000000000000, 0.000000000000000000, -1.000000000000000000 ) ) ;
#11058 = EDGE_LOOP ( 'NONE', ( #2349, #5426, #1258, #9978 ) ) ;
#11059 = FACE_OUTER_BOUND ( 'NONE', #4402, .T. ) ;
#11060 = ORIENTED_EDGE ( 'NONE', *, *, #4432, .F. ) ;
#11061 = FACE_BOUND ( 'NONE', #7055, .T. ) ;
#11062 = ORIENTED_EDGE ( 'NONE', *, *, #10716, .T. ) ;
#11063 = CARTESIAN_POINT ( 'NONE',  ( 0.2637568111321476061, -16.96162177422654693, 3.999999999999998224 ) ) ;
#11064 = CARTESIAN_POINT ( 'NONE',  ( -3.834181635593693738, -15.58629100004424828, 5.000000000000002665 ) ) ;
#11065 = CIRCLE ( 'NONE', #646, 1.999999999999987121 ) ;
#11066 = EDGE_CURVE ( 'NONE', #8308, #1563, #3727, .T. ) ;
#11067 = CARTESIAN_POINT ( 'NONE',  ( 43.00000000000000711, 5.000000000000000000, 37.09999999999991616 ) ) ;
#11068 = CARTESIAN_POINT ( 'NONE',  ( 2.279487179487178050, -14.53822518807815989, 5.000000000000000000 ) ) ;
#11069 = DIRECTION ( 'NONE',  ( -0.000000000000000000, -0.000000000000000000, -1.000000000000000000 ) ) ;
#11070 = CARTESIAN_POINT ( 'NONE',  ( -75.00000000000001421, 5.000000000000000000, -103.0000000000000142 ) ) ;
#11071 = ORIENTED_EDGE ( 'NONE', *, *, #8210, .F. ) ;
#11072 = EDGE_CURVE ( 'NONE', #5061, #9575, #8198, .T. ) ;
#11073 = DIRECTION ( 'NONE',  ( 1.000000000000000000, 0.000000000000000000, -3.154042683594193641E-16 ) ) ;
#11074 = ORIENTED_EDGE ( 'NONE', *, *, #8269, .F. ) ;
#11075 = VECTOR ( 'NONE', #8058, 1000.000000000000000 ) ;
#11076 = CARTESIAN_POINT ( 'NONE',  ( -1.613132359156618234, -14.88155069895832305, 4.000000000000000888 ) ) ;
#11077 = EDGE_CURVE ( 'NONE', #7778, #4591, #2823, .T. ) ;
#11078 = VERTEX_POINT ( 'NONE', #10061 ) ;
#11079 = DIRECTION ( 'NONE',  ( 0.000000000000000000, 1.000000000000000000, -0.000000000000000000 ) ) ;
#11080 = EDGE_CURVE ( 'NONE', #10005, #10579, #1911, .T. ) ;
#11081 = DIRECTION ( 'NONE',  ( -1.000000000000000000, 0.000000000000000000, 0.000000000000000000 ) ) ;
#11082 = CARTESIAN_POINT ( 'NONE',  ( -24.83598345761040704, 20.75790299228751223, 2.500000000000000000 ) ) ;
#11083 = VECTOR ( 'NONE', #4081, 1000.000000000000000 ) ;
#11084 = DIRECTION ( 'NONE',  ( 0.000000000000000000, 0.000000000000000000, 1.000000000000000000 ) ) ;
#11085 = DIRECTION ( 'NONE',  ( 1.000000000000000000, 0.000000000000000000, 0.000000000000000000 ) ) ;
#11086 = EDGE_CURVE ( 'NONE', #8088, #8658, #2042, .T. ) ;
#11087 = DIRECTION ( 'NONE',  ( -1.000000000000000000, 0.000000000000000000, 0.000000000000000000 ) ) ;
#11088 = ORIENTED_EDGE ( 'NONE', *, *, #3203, .T. ) ;
#11089 = LINE ( 'NONE', #6513, #4126 ) ;
#11090 = DIRECTION ( 'NONE',  ( 7.709882115452478166E-16, -1.000000000000000000, 0.000000000000000000 ) ) ;
#11091 = AXIS2_PLACEMENT_3D ( 'NONE', #123, #6590, #7490 ) ;
#11092 = ADVANCED_FACE ( 'NONE', ( #9999 ), #6449, .F. ) ;
#11093 = ORIENTED_EDGE ( 'NONE', *, *, #6796, .T. ) ;
#11094 = ORIENTED_EDGE ( 'NONE', *, *, #11850, .F. ) ;
#11095 = ADVANCED_FACE ( 'NONE', ( #9099 ), #5595, .F. ) ;
#11096 = DIRECTION ( 'NONE',  ( 0.8610380995189039766, -0.5085404518589193845, 0.000000000000000000 ) ) ;
#11097 = PLANE ( 'NONE',  #9971 ) ;
#11098 = DIRECTION ( 'NONE',  ( 0.000000000000000000, 0.000000000000000000, 1.000000000000000000 ) ) ;
#11099 = CARTESIAN_POINT ( 'NONE',  ( 0.5000000000000004441, 4.000000000000000000, -5.770000000000000462 ) ) ;
#11100 = EDGE_CURVE ( 'NONE', #3778, #1852, #1449, .T. ) ;
#11101 = LINE ( 'NONE', #4891, #79 ) ;
#11102 = VERTEX_POINT ( 'NONE', #3789 ) ;
#11103 = DIRECTION ( 'NONE',  ( 0.000000000000000000, 0.000000000000000000, 1.000000000000000000 ) ) ;
#11104 = LINE ( 'NONE', #2844, #630 ) ;
#11105 = ORIENTED_EDGE ( 'NONE', *, *, #2592, .T. ) ;
#11106 = EDGE_LOOP ( 'NONE', ( #2480, #3645, #729, #8453 ) ) ;
#11107 = AXIS2_PLACEMENT_3D ( 'NONE', #4561, #11916, #10160 ) ;
#11108 = EDGE_CURVE ( 'NONE', #9656, #2753, #8215, .T. ) ;
#11109 = EDGE_LOOP ( 'NONE', ( #6281, #10341, #11190, #2359 ) ) ;
#11110 = EDGE_CURVE ( 'NONE', #5363, #11604, #9036, .T. ) ;
#11111 = DIRECTION ( 'NONE',  ( 1.000000000000000000, 0.000000000000000000, 0.000000000000000000 ) ) ;
#11112 = DIRECTION ( 'NONE',  ( 1.000000000000000000, 0.000000000000000000, -2.040851148208011450E-16 ) ) ;
#11113 = ADVANCED_FACE ( 'NONE', ( #3611 ), #10172, .F. ) ;
#11114 = LINE ( 'NONE', #2906, #3801 ) ;
#11115 = ORIENTED_EDGE ( 'NONE', *, *, #1191, .F. ) ;
#11116 = VECTOR ( 'NONE', #4190, 1000.000000000000000 ) ;
#11117 = CARTESIAN_POINT ( 'NONE',  ( -26.00000000000000000, 0.000000000000000000, 43.49999999999992895 ) ) ;
#11118 = DIRECTION ( 'NONE',  ( 1.000000000000000000, -0.000000000000000000, 0.000000000000000000 ) ) ;
#11119 = CARTESIAN_POINT ( 'NONE',  ( 75.00000000000002842, 22.50000000000000000, -100.0000000000000000 ) ) ;
#11120 = ORIENTED_EDGE ( 'NONE', *, *, #10731, .F. ) ;
#11121 = ORIENTED_EDGE ( 'NONE', *, *, #5654, .F. ) ;
#11122 = VECTOR ( 'NONE', #6620, 1000.000000000000000 ) ;
#11123 = ORIENTED_EDGE ( 'NONE', *, *, #8007, .F. ) ;
#11124 = CARTESIAN_POINT ( 'NONE',  ( -0.3500770061539407729, -17.22406594292079873, 4.000000000000000888 ) ) ;
#11125 = VECTOR ( 'NONE', #11868, 1000.000000000000000 ) ;
#11126 = CARTESIAN_POINT ( 'NONE',  ( -3.972728683737107858, -15.95326243232965346, 4.000000000000000888 ) ) ;
#11127 = LINE ( 'NONE', #3953, #10315 ) ;
#11128 = CARTESIAN_POINT ( 'NONE',  ( -5.116125801282050745, -14.53822518807814923, 5.000000000000000000 ) ) ;
#11129 = CARTESIAN_POINT ( 'NONE',  ( -4.445018968553859473, -15.61343162840686283, 4.000000000000000000 ) ) ;
#11130 = DIRECTION ( 'NONE',  ( -0.000000000000000000, -0.000000000000000000, -1.000000000000000000 ) ) ;
#11131 = VERTEX_POINT ( 'NONE', #11872 ) ;
#11132 = EDGE_LOOP ( 'NONE', ( #2481, #5436, #3278, #6014 ) ) ;
#11133 = CARTESIAN_POINT ( 'NONE',  ( -5.210256410256410398, -15.75937903423199593, 4.000000000000000000 ) ) ;
#11134 = EDGE_LOOP ( 'NONE', ( #5366, #2370, #9211, #3301 ) ) ;
#11135 = CARTESIAN_POINT ( 'NONE',  ( -1.403372629974333430, -14.71863784045357981, 4.000000000000000888 ) ) ;
#11136 = ORIENTED_EDGE ( 'NONE', *, *, #4632, .T. ) ;
#11137 = CARTESIAN_POINT ( 'NONE',  ( -24.37302610677949488, 13.64553457179598972, 5.000000000000000000 ) ) ;
#11138 = CARTESIAN_POINT ( 'NONE',  ( 45.60000000000000142, 5.000000000000000000, -7.500000000000069278 ) ) ;
#11139 = CARTESIAN_POINT ( 'NONE',  ( -25.16401654238957875, 14.24209700771249132, 2.500000000000000000 ) ) ;
#11140 = CARTESIAN_POINT ( 'NONE',  ( -80.40743200554564396, 27.26978528882513686, -99.42652107938566530 ) ) ;
#11141 = CARTESIAN_POINT ( 'NONE',  ( 1.127581603246356590, -16.42831549469708818, 5.000000000000001776 ) ) ;
#11142 = DIRECTION ( 'NONE',  ( -0.000000000000000000, 1.000000000000000000, -0.000000000000000000 ) ) ;
#11143 = EDGE_LOOP ( 'NONE', ( #845, #1889, #11203, #5995 ) ) ;
#11144 = CARTESIAN_POINT ( 'NONE',  ( 119.0000000000000284, 17.00000000000000000, -80.00000000000000000 ) ) ;
#11145 = CARTESIAN_POINT ( 'NONE',  ( -81.00000000000001421, 16.99999999999999645, -73.50000000000000000 ) ) ;
#11146 = EDGE_CURVE ( 'NONE', #7922, #4018, #3557, .T. ) ;
#11147 = VERTEX_POINT ( 'NONE', #10844 ) ;
#11148 = EDGE_CURVE ( 'NONE', #6346, #4702, #1674, .T. ) ;
#11149 = ORIENTED_EDGE ( 'NONE', *, *, #9711, .T. ) ;
#11150 = PLANE ( 'NONE',  #11564 ) ;
#11151 = DIRECTION ( 'NONE',  ( 0.000000000000000000, 0.000000000000000000, 1.000000000000000000 ) ) ;
#11152 = CARTESIAN_POINT ( 'NONE',  ( -10.99999999999999289, 2.000000000000000000, -11.99999999999999822 ) ) ;
#11153 = CARTESIAN_POINT ( 'NONE',  ( -0.4547526041666675178, -14.45681493166790510, 4.000000000000000000 ) ) ;
#11154 = DIRECTION ( 'NONE',  ( -0.000000000000000000, -1.000000000000000000, -0.000000000000000000 ) ) ;
#11156 = ORIENTED_EDGE ( 'NONE', *, *, #7523, .F. ) ;
#11155 = EDGE_CURVE ( 'NONE', #9575, #4591, #4723, .T. ) ;
#11157 = EDGE_CURVE ( 'NONE', #3934, #3525, #6271, .T. ) ;
#11158 = CARTESIAN_POINT ( 'NONE',  ( -17.99999999999996803, -89.44271909999159220, 49.99999999999993605 ) ) ;
#11159 = CARTESIAN_POINT ( 'NONE',  ( 2.279487179487178050, -16.32925082910379899, 4.000000000000000000 ) ) ;
#11160 = EDGE_LOOP ( 'NONE', ( #9736, #4182, #5796, #9876 ) ) ;
#11161 = VERTEX_POINT ( 'NONE', #11810 ) ;
#11162 = ORIENTED_EDGE ( 'NONE', *, *, #338, .F. ) ;
#11163 = EDGE_CURVE ( 'NONE', #8686, #11289, #850, .T. ) ;
#11164 = LINE ( 'NONE', #4658, #11234 ) ;
#11165 = VECTOR ( 'NONE', #10481, 1000.000000000000000 ) ;
#11166 = CARTESIAN_POINT ( 'NONE',  ( 3.378525641025639903, -14.53822518807815989, 4.000000000000000000 ) ) ;
#11167 = DIRECTION ( 'NONE',  ( -1.000000000000000000, 0.000000000000000000, 0.000000000000000000 ) ) ;
#11168 = ORIENTED_EDGE ( 'NONE', *, *, #4098, .T. ) ;
#11169 = SHAPE_REPRESENTATION_RELATIONSHIP ( 'NONE' , 'NONE' ,  #10942, #3628 ) ;
#11170 = DIRECTION ( 'NONE',  ( 0.000000000000000000, 0.000000000000000000, -1.000000000000000000 ) ) ;
#11171 = EDGE_CURVE ( 'NONE', #11501, #1423, #7232, .T. ) ;
#11172 = DIRECTION ( 'NONE',  ( 0.5000000000000004441, 0.8660254037844383745, 0.000000000000000000 ) ) ;
#11173 = DIRECTION ( 'NONE',  ( -0.000000000000000000, -1.000000000000000000, -0.000000000000000000 ) ) ;
#11174 = VERTEX_POINT ( 'NONE', #4809 ) ;
#11175 = ORIENTED_EDGE ( 'NONE', *, *, #11368, .T. ) ;
#11176 = VECTOR ( 'NONE', #371, 1000.000000000000000 ) ;
#11177 = CARTESIAN_POINT ( 'NONE',  ( 0.1105153617737233834, -17.08736688799039172, 5.000000000000000888 ) ) ;
#11178 = LINE ( 'NONE', #2921, #779 ) ;
#11179 = CARTESIAN_POINT ( 'NONE',  ( -27.90343502558110700, 16.01309099620652532, 2.500000000000000000 ) ) ;
#11180 = FACE_OUTER_BOUND ( 'NONE', #10632, .T. ) ;
#11181 = CIRCLE ( 'NONE', #10216, 5.000000000000000888 ) ;
#11182 = CARTESIAN_POINT ( 'NONE',  ( -4.445018968553859473, -15.61343162840686283, 4.999999999999992895 ) ) ;
#11183 = LINE ( 'NONE', #6549, #1747 ) ;
#11184 = VERTEX_POINT ( 'NONE', #8486 ) ;
#11185 = EDGE_LOOP ( 'NONE', ( #6216, #8539, #4467, #9152 ) ) ;
#11186 = CARTESIAN_POINT ( 'NONE',  ( -25.99999999999999645, -89.44271909999159220, -26.50000000000006395 ) ) ;
#11187 = EDGE_CURVE ( 'NONE', #8763, #3943, #2876, .T. ) ;
#11188 = VERTEX_POINT ( 'NONE', #207 ) ;
#11189 = CARTESIAN_POINT ( 'NONE',  ( -1.475649145367523118, -14.76872126294798271, 4.999999999999999112 ) ) ;
#11190 = ORIENTED_EDGE ( 'NONE', *, *, #1918, .F. ) ;
#11191 = AXIS2_PLACEMENT_3D ( 'NONE', #5537, #10300, #10236 ) ;
#11192 = LINE ( 'NONE', #7575, #10101 ) ;
#11193 = LINE ( 'NONE', #6621, #4199 ) ;
#11194 = B_SPLINE_SURFACE_WITH_KNOTS ( 'NONE', 3, 1, ( 
 ( #9997, #816 ),
 ( #3479, #875 ),
 ( #695, #4572 ),
 ( #3665, #8011 ),
 ( #2697, #1729 ),
 ( #7100, #3608 ),
 ( #6386, #11022 ),
 ( #6144, #10778 ),
 ( #9811, #7162 ),
 ( #5358, #1538 ),
 ( #4396, #5239 ) ),
 .UNSPECIFIED., .F., .F., .F.,
 ( 4, 1, 1, 1, 1, 1, 1, 1, 4 ),
 ( 2, 2 ),
 ( 0.000000000000000000, 0.1117990193876810812, 0.2273961124226544228, 0.3456566425208962845, 0.4673998441801986981, 0.5942080136976000126, 0.7246775297613277100, 0.8596471198548495396, 0.9999999999999998890 ),
 ( 0.000000000000000000, 1.000000000000000000 ),
 .UNSPECIFIED. ) ;
#11195 = CIRCLE ( 'NONE', #4080, 1.500000000000001332 ) ;
#11196 = PRODUCT_DEFINITION_CONTEXT ( 'detailed design', #2405, 'design' ) ;
#11197 = LINE ( 'NONE', #4754, #4156 ) ;
#11198 = CYLINDRICAL_SURFACE ( 'NONE', #11461, 1.500000000000001332 ) ;
#11199 = DIRECTION ( 'NONE',  ( -0.000000000000000000, -0.000000000000000000, -1.000000000000000000 ) ) ;
#11200 = VECTOR ( 'NONE', #488, 1000.000000000000000 ) ;
#11201 = CARTESIAN_POINT ( 'NONE',  ( -0.2163348755722027672, -17.78286172488484240, 5.000000000000000000 ) ) ;
#11202 = DIRECTION ( 'NONE',  ( -0.000000000000000000, -1.000000000000000000, -0.000000000000000000 ) ) ;
#11203 = ORIENTED_EDGE ( 'NONE', *, *, #4455, .T. ) ;
#11204 = FACE_OUTER_BOUND ( 'NONE', #7239, .T. ) ;
#11205 = DIRECTION ( 'NONE',  ( -1.000000000000000000, -7.709882115452478166E-16, 0.000000000000000000 ) ) ;
#11206 = CIRCLE ( 'NONE', #8512, 1.500000000000001332 ) ;
#11207 = ORIENTED_EDGE ( 'NONE', *, *, #5685, .F. ) ;
#11208 = ORIENTED_EDGE ( 'NONE', *, *, #4289, .T. ) ;
#11209 = CARTESIAN_POINT ( 'NONE',  ( -2.249999999999999556, 4.000000000000000000, -0.4999999999999987232 ) ) ;
#11210 = DIRECTION ( 'NONE',  ( -1.000000000000000000, 0.000000000000000000, 0.000000000000000000 ) ) ;
#11211 = VECTOR ( 'NONE', #7767, 1000.000000000000000 ) ;
#11212 = AXIS2_PLACEMENT_3D ( 'NONE', #9228, #951, #8334 ) ;
#11213 = DIRECTION ( 'NONE',  ( 0.000000000000000000, -1.000000000000000000, 0.000000000000000000 ) ) ;
#11214 = EDGE_CURVE ( 'NONE', #5245, #3390, #10233, .T. ) ;
#11215 = B_SPLINE_CURVE_WITH_KNOTS ( 'NONE', 3,
 ( #7073, #9848, #10089, #3388, #1829, #5382, #2542, #7259, #9003, #10026, #8882, #11841, #9132, #4484, #8167, #7979, #10934, #3580, #1577 ),
 .UNSPECIFIED., .F., .F.,
 ( 4, 1, 1, 1, 1, 1, 1, 1, 1, 1, 1, 1, 1, 1, 1, 1, 4 ),
 ( 0.000000000000000000, 0.06874126307936506697, 0.1347890881950343511, 0.1985360495606897369, 0.2603856506059212261, 0.3209615782321951216, 0.3799038495841482455, 0.4385029357752677770, 0.4961543439762697294, 0.5542654832085001093, 0.6127487608156951815, 0.6725134425261790616, 0.7336464018979738100, 0.7967896194814538813, 0.8619356990410240726, 0.9293977347748985096, 0.9999999999999998890 ),
 .UNSPECIFIED. ) ;
#11216 = DIRECTION ( 'NONE',  ( 0.000000000000000000, -0.000000000000000000, -1.000000000000000000 ) ) ;
#11217 = ORIENTED_EDGE ( 'NONE', *, *, #6068, .F. ) ;
#11218 = CARTESIAN_POINT ( 'NONE',  ( 3.378525641025639903, -14.53822518807815989, 5.000000000000000000 ) ) ;
#11219 = DIRECTION ( 'NONE',  ( 0.000000000000000000, 0.000000000000000000, 1.000000000000000000 ) ) ;
#11220 = EDGE_LOOP ( 'NONE', ( #9424, #3337 ) ) ;
#11221 = ADVANCED_FACE ( 'NONE', ( #7579 ), #5768, .F. ) ;
#11222 = ORIENTED_EDGE ( 'NONE', *, *, #2637, .T. ) ;
#11223 = AXIS2_PLACEMENT_3D ( 'NONE', #1612, #4274, #7049 ) ;
#11224 = ORIENTED_EDGE ( 'NONE', *, *, #1630, .T. ) ;
#11225 = EDGE_CURVE ( 'NONE', #9566, #4417, #10298, .T. ) ;
#11226 = B_SPLINE_CURVE_WITH_KNOTS ( 'NONE', 3,
 ( #8003, #6320, #687, #9027, #7939, #9872, #11621, #1721, #2442, #4262, #6261 ),
 .UNSPECIFIED., .F., .F.,
 ( 4, 1, 1, 1, 1, 1, 1, 1, 4 ),
 ( 0.000000000000000000, 0.1292556063253775256, 0.2552415007642953593, 0.3789022272349721332, 0.5014238390024330361, 0.6232587093681617452, 0.7464370825446896562, 0.8713701220624815447, 1.000000000000000000 ),
 .UNSPECIFIED. ) ;
#11227 = LINE ( 'NONE', #7489, #11417 ) ;
#11228 = DIRECTION ( 'NONE',  ( -0.000000000000000000, -0.000000000000000000, -1.000000000000000000 ) ) ;
#11229 = CARTESIAN_POINT ( 'NONE',  ( -12.00000000000000000, 2.000000000000000000, 5.999999999999995559 ) ) ;
#11230 = ORIENTED_EDGE ( 'NONE', *, *, #9904, .T. ) ;
#11231 = AXIS2_PLACEMENT_3D ( 'NONE', #9590, #5127, #2281 ) ;
#11232 = DIRECTION ( 'NONE',  ( -0.5000000000000011102, -0.8660254037844379305, 0.000000000000000000 ) ) ;
#11233 = LINE ( 'NONE', #7610, #6354 ) ;
#11234 = VECTOR ( 'NONE', #10197, 1000.000000000000000 ) ;
#11235 = EDGE_CURVE ( 'NONE', #843, #3180, #2793, .T. ) ;
#11236 = DIRECTION ( 'NONE',  ( -0.000000000000000000, -0.000000000000000000, -1.000000000000000000 ) ) ;
#11237 = PLANE ( 'NONE',  #4879 ) ;
#11238 = ORIENTED_EDGE ( 'NONE', *, *, #7325, .F. ) ;
#11239 = ORIENTED_EDGE ( 'NONE', *, *, #8674, .F. ) ;
#11240 = ADVANCED_FACE ( 'NONE', ( #7693 ), #11198, .F. ) ;
#11241 = VECTOR ( 'NONE', #6213, 1000.000000000000000 ) ;
#11242 = CARTESIAN_POINT ( 'NONE',  ( 0.000000000000000000, 0.000000000000000000, 2.500000000000000000 ) ) ;
#11243 = EDGE_CURVE ( 'NONE', #8716, #520, #8432, .T. ) ;
#11244 = DIRECTION ( 'NONE',  ( -0.000000000000000000, -0.000000000000000000, 1.000000000000000000 ) ) ;
#11245 = LINE ( 'NONE', #2017, #7238 ) ;
#11246 = CARTESIAN_POINT ( 'NONE',  ( 9.800000000000002487, 2.791454495570343752, 10.00000000000000000 ) ) ;
#11247 = CARTESIAN_POINT ( 'NONE',  ( -4.961148561772146692, -15.75907339125758710, 4.999999999999992895 ) ) ;
#11248 = CARTESIAN_POINT ( 'NONE',  ( -0.2064802702917326593, -15.05100548843820896, 3.999999999999998224 ) ) ;
#11249 = VERTEX_POINT ( 'NONE', #6623 ) ;
#11250 = EDGE_LOOP ( 'NONE', ( #2415, #4944, #1251, #1342 ) ) ;
#11251 = DIRECTION ( 'NONE',  ( 1.445602896647339163E-16, 0.000000000000000000, 1.000000000000000000 ) ) ;
#11252 = VERTEX_POINT ( 'NONE', #11319 ) ;
#11253 = DIRECTION ( 'NONE',  ( 0.000000000000000000, 1.000000000000000000, 0.000000000000000000 ) ) ;
#11254 = ORIENTED_EDGE ( 'NONE', *, *, #10696, .T. ) ;
#11255 = EDGE_CURVE ( 'NONE', #10880, #4552, #1049, .T. ) ;
#11256 = CARTESIAN_POINT ( 'NONE',  ( 22.09656497441888234, 18.98690900379348534, 2.500000000000000000 ) ) ;
#11257 = AXIS2_PLACEMENT_3D ( 'NONE', #9655, #2410, #4174 ) ;
#11258 = LINE ( 'NONE', #3112, #2220 ) ;
#11259 = CIRCLE ( 'NONE', #4337, 2.000000000000001776 ) ;
#11260 = DIRECTION ( 'NONE',  ( -0.000000000000000000, -1.000000000000000000, 0.000000000000000000 ) ) ;
#11261 = CARTESIAN_POINT ( 'NONE',  ( -3.881052035110090337, -15.10678822944700350, 4.999999999999993783 ) ) ;
#11262 = EDGE_CURVE ( 'NONE', #10555, #6753, #8387, .T. ) ;
#11263 = CARTESIAN_POINT ( 'NONE',  ( 0.5300225163811714824, -17.48634633336101629, 5.000000000000000000 ) ) ;
#11264 = CARTESIAN_POINT ( 'NONE',  ( -2.727243589743591379, -17.71322518807815882, 4.000000000000000000 ) ) ;
#11265 = EDGE_LOOP ( 'NONE', ( #8714, #581, #5583, #6226 ) ) ;
#11266 = DIRECTION ( 'NONE',  ( 0.000000000000000000, -1.000000000000000000, 0.000000000000000000 ) ) ;
#11267 = CIRCLE ( 'NONE', #857, 2.599999999999984102 ) ;
#11268 = DIRECTION ( 'NONE',  ( -1.000000000000000000, -0.000000000000000000, -0.000000000000000000 ) ) ;
#11269 = ORIENTED_EDGE ( 'NONE', *, *, #9591, .F. ) ;
#11270 = AXIS2_PLACEMENT_3D ( 'NONE', #10829, #5463, #2622 ) ;
#11271 = ORIENTED_EDGE ( 'NONE', *, *, #9421, .F. ) ;
#11272 = ADVANCED_FACE ( 'NONE', ( #382 ), #7463, .F. ) ;
#11273 = LINE ( 'NONE', #6689, #6378 ) ;
#11274 = DIRECTION ( 'NONE',  ( 7.885106708985492732E-17, -0.000000000000000000, 1.000000000000000000 ) ) ;
#11275 = CARTESIAN_POINT ( 'NONE',  ( -77.00000000000001421, 5.000000000000000000, -102.0000000000000142 ) ) ;
#11276 = APPLICATION_CONTEXT ( 'automotive_design' ) ;
#11277 = FACE_OUTER_BOUND ( 'NONE', #2813, .T. ) ;
#11278 = EDGE_LOOP ( 'NONE', ( #1195, #11293 ) ) ;
#11279 = AXIS2_PLACEMENT_3D ( 'NONE', #8944, #7130, #8229 ) ;
#11280 = CARTESIAN_POINT ( 'NONE',  ( -29.49999999999999289, -15.25000000000000178, 9.000000000000001776 ) ) ;
#11281 = DIRECTION ( 'NONE',  ( 0.000000000000000000, -1.000000000000000000, 0.000000000000000000 ) ) ;
#11282 = ORIENTED_EDGE ( 'NONE', *, *, #11086, .F. ) ;
#11283 = ORIENTED_EDGE ( 'NONE', *, *, #11296, .T. ) ;
#11284 = ORIENTED_EDGE ( 'NONE', *, *, #10765, .T. ) ;
#11285 = EDGE_CURVE ( 'NONE', #4330, #2522, #2976, .T. ) ;
#11286 = DIRECTION ( 'NONE',  ( -0.000000000000000000, -0.000000000000000000, -1.000000000000000000 ) ) ;
#11287 = DIRECTION ( 'NONE',  ( 0.000000000000000000, -0.9893452176575513457, -0.1455885994785731941 ) ) ;
#11288 = CARTESIAN_POINT ( 'NONE',  ( -0.4388521634615394351, -17.79463544448841716, 5.000000000000000888 ) ) ;
#11289 = VERTEX_POINT ( 'NONE', #1171 ) ;
#11290 = DIRECTION ( 'NONE',  ( 0.000000000000000000, 0.000000000000000000, 1.000000000000000000 ) ) ;
#11291 = CARTESIAN_POINT ( 'NONE',  ( 20.00000000000000355, -5.772077938642118156, 0.000000000000000000 ) ) ;
#11292 = PRESENTATION_STYLE_ASSIGNMENT (( #10272 ) ) ;
#11293 = ORIENTED_EDGE ( 'NONE', *, *, #6818, .F. ) ;
#11294 = EDGE_LOOP ( 'NONE', ( #8496, #10032, #5135, #7748 ) ) ;
#11295 = FACE_OUTER_BOUND ( 'NONE', #7685, .T. ) ;
#11296 = EDGE_CURVE ( 'NONE', #8938, #1435, #7799, .T. ) ;
#11297 = CARTESIAN_POINT ( 'NONE',  ( -1.253922416403186357, -16.90165875060094791, 4.999999999999999112 ) ) ;
#11298 = EDGE_CURVE ( 'NONE', #11609, #3960, #10477, .T. ) ;
#11299 = CARTESIAN_POINT ( 'NONE',  ( -4.345293898227679641, -16.23779630668430229, 4.000000000000000888 ) ) ;
#11300 = CIRCLE ( 'NONE', #4364, 1.000000000000000888 ) ;
#11301 = AXIS2_PLACEMENT_3D ( 'NONE', #11926, #8070, #11023 ) ;
#11302 = LINE ( 'NONE', #11179, #5313 ) ;
#11303 = CARTESIAN_POINT ( 'NONE',  ( 75.00000000000001421, 31.00000000000000000, -73.50000000000000000 ) ) ;
#11304 = FACE_OUTER_BOUND ( 'NONE', #288, .T. ) ;
#11305 = CARTESIAN_POINT ( 'NONE',  ( 27.75000000000000355, -13.49999999999999467, 0.000000000000000000 ) ) ;
#11306 = VERTEX_POINT ( 'NONE', #3970 ) ;
#11307 = EDGE_CURVE ( 'NONE', #5613, #10071, #8549, .T. ) ;
#11308 = ORIENTED_EDGE ( 'NONE', *, *, #2830, .F. ) ;
#11309 = CARTESIAN_POINT ( 'NONE',  ( -22.26058151680846819, 15.72900601150596600, 0.000000000000000000 ) ) ;
#11310 = ORIENTED_EDGE ( 'NONE', *, *, #6131, .T. ) ;
#11311 = LINE ( 'NONE', #5528, #10250 ) ;
#11312 = EDGE_CURVE ( 'NONE', #3321, #6319, #6729, .T. ) ;
#11313 = ORIENTED_EDGE ( 'NONE', *, *, #7620, .T. ) ;
#11314 = CIRCLE ( 'NONE', #904, 1.500000000000001332 ) ;
#11315 = CARTESIAN_POINT ( 'NONE',  ( -75.00000000000001421, 22.50000000000000000, -102.0000000000000142 ) ) ;
#11316 = EDGE_CURVE ( 'NONE', #2852, #421, #4936, .T. ) ;
#11317 = SURFACE_STYLE_USAGE ( .BOTH. , #4871 ) ;
#11318 = DIRECTION ( 'NONE',  ( -0.000000000000000000, 1.000000000000000000, -0.000000000000000000 ) ) ;
#11319 = CARTESIAN_POINT ( 'NONE',  ( -45.59999999999999432, 5.000000000000000000, 34.49999999999993605 ) ) ;
#11320 = CARTESIAN_POINT ( 'NONE',  ( -4.042379089280638382, -14.83613371534582548, 4.999999999999995559 ) ) ;
#11321 = EDGE_LOOP ( 'NONE', ( #4584, #4232, #3748, #6460 ) ) ;
#11322 = CARTESIAN_POINT ( 'NONE',  ( -7.999999999999994671, 2.000000000000000000, 11.00000000000000355 ) ) ;
#11323 = DIRECTION ( 'NONE',  ( 0.03284611711294562614, -0.9994604207224029313, 0.000000000000000000 ) ) ;
#11324 = ORIENTED_EDGE ( 'NONE', *, *, #8519, .T. ) ;
#11325 = CARTESIAN_POINT ( 'NONE',  ( 23.51198800726059446, 13.13699411993707322, 9.000000000000001776 ) ) ;
#11326 = CARTESIAN_POINT ( 'NONE',  ( 75.00000000000001421, 45.00000000000000000, -73.50000000000000000 ) ) ;
#11327 = EDGE_CURVE ( 'NONE', #11724, #1984, #5660, .T. ) ;
#11328 = EDGE_LOOP ( 'NONE', ( #4123, #4389, #983, #6650 ) ) ;
#11329 = ORIENTED_EDGE ( 'NONE', *, *, #11573, .F. ) ;
#11330 = CARTESIAN_POINT ( 'NONE',  ( -26.63101451046069812, -14.67500000000001492, 2.500000000000000000 ) ) ;
#11331 = DIRECTION ( 'NONE',  ( -0.000000000000000000, 1.000000000000000000, -0.000000000000000000 ) ) ;
#11332 = DIRECTION ( 'NONE',  ( 0.000000000000000000, -1.000000000000000000, 0.000000000000000000 ) ) ;
#11333 = ORIENTED_EDGE ( 'NONE', *, *, #84, .T. ) ;
#11334 = FACE_OUTER_BOUND ( 'NONE', #4246, .T. ) ;
#11335 = CARTESIAN_POINT ( 'NONE',  ( -1.740780248397436836, -15.01205832109098104, 4.000000000000000000 ) ) ;
#11336 = ORIENTED_EDGE ( 'NONE', *, *, #6034, .T. ) ;
#11337 = EDGE_LOOP ( 'NONE', ( #3263, #10109 ) ) ;
#11338 = ORIENTED_EDGE ( 'NONE', *, *, #5477, .T. ) ;
#11339 = DIRECTION ( 'NONE',  ( -1.000000000000000000, 0.000000000000000000, 0.000000000000000000 ) ) ;
#11340 = CARTESIAN_POINT ( 'NONE',  ( 25.33369296624130840, 22.34263864068764249, 9.000000000000001776 ) ) ;
#11341 = CARTESIAN_POINT ( 'NONE',  ( 0.09160124233538076421, -17.71826953228604751, 5.000000000000001776 ) ) ;
#11342 = ORIENTED_EDGE ( 'NONE', *, *, #7312, .F. ) ;
#11343 = CARTESIAN_POINT ( 'NONE',  ( 6.433177425405322225, 2.791454495570343752, 10.00000000000000000 ) ) ;
#11344 = DIRECTION ( 'NONE',  ( 0.000000000000000000, 0.000000000000000000, -1.000000000000000000 ) ) ;
#11345 = DIRECTION ( 'NONE',  ( -1.000000000000000000, -0.000000000000000000, -0.000000000000000000 ) ) ;
#11346 = ORIENTED_EDGE ( 'NONE', *, *, #6721, .F. ) ;
#11347 = ORIENTED_EDGE ( 'NONE', *, *, #7878, .T. ) ;
#11348 = CARTESIAN_POINT ( 'NONE',  ( -4.734038591572304888, -15.12121523040714521, 4.000000000000002665 ) ) ;
#11349 = EDGE_CURVE ( 'NONE', #7625, #8279, #655, .T. ) ;
#11350 = AXIS2_PLACEMENT_3D ( 'NONE', #5924, #8641, #1502 ) ;
#11351 = CARTESIAN_POINT ( 'NONE',  ( -6.999999999999998224, -6.208545504429656248, 6.000000000000000888 ) ) ;
#11352 = DIRECTION ( 'NONE',  ( 1.000000000000000000, 0.000000000000000000, 0.000000000000000000 ) ) ;
#11353 = CARTESIAN_POINT ( 'NONE',  ( -1.584694498153548015, -15.99930617092241647, 5.000000000000000000 ) ) ;
#11354 = FACE_BOUND ( 'NONE', #139, .T. ) ;
#11355 = DIRECTION ( 'NONE',  ( -0.000000000000000000, -0.000000000000000000, -1.000000000000000000 ) ) ;
#11356 = LINE ( 'NONE', #5818, #9257 ) ;
#11357 = ORIENTED_EDGE ( 'NONE', *, *, #2251, .T. ) ;
#11358 = ADVANCED_FACE ( 'NONE', ( #10589, #11438 ), #10769, .T. ) ;
#11359 = ORIENTED_EDGE ( 'NONE', *, *, #9595, .T. ) ;
#11360 = DIRECTION ( 'NONE',  ( -0.000000000000000000, -0.000000000000000000, -1.000000000000000000 ) ) ;
#11361 = EDGE_LOOP ( 'NONE', ( #435, #5566, #11003, #6820 ) ) ;
#11362 = EDGE_CURVE ( 'NONE', #1907, #3351, #6913, .T. ) ;
#11363 = VECTOR ( 'NONE', #330, 1000.000000000000114 ) ;
#11364 = DIRECTION ( 'NONE',  ( -0.000000000000000000, -1.000000000000000000, -0.000000000000000000 ) ) ;
#11365 = ORIENTED_EDGE ( 'NONE', *, *, #10501, .T. ) ;
#11366 = CARTESIAN_POINT ( 'NONE',  ( -20.00000000000001066, 5.000000000000000000, 94.99999999999991473 ) ) ;
#11367 = DIRECTION ( 'NONE',  ( 0.000000000000000000, 0.000000000000000000, 1.000000000000000000 ) ) ;
#11368 = EDGE_CURVE ( 'NONE', #10022, #6957, #9692, .T. ) ;
#11369 = AXIS2_PLACEMENT_3D ( 'NONE', #9082, #10046, #4384 ) ;
#11370 = DIRECTION ( 'NONE',  ( 0.000000000000000000, 1.000000000000000000, -0.000000000000000000 ) ) ;
#11371 = DIRECTION ( 'NONE',  ( -0.000000000000000000, -1.000000000000000000, -0.000000000000000000 ) ) ;
#11372 = DIRECTION ( 'NONE',  ( 0.000000000000000000, 0.000000000000000000, -1.000000000000000000 ) ) ;
#11373 = ORIENTED_EDGE ( 'NONE', *, *, #6431, .F. ) ;
#11374 = FACE_OUTER_BOUND ( 'NONE', #11328, .T. ) ;
#11375 = CARTESIAN_POINT ( 'NONE',  ( 26.63101451046069101, -20.32500000000000995, 2.500000000000000000 ) ) ;
#11376 = VERTEX_POINT ( 'NONE', #1414 ) ;
#11377 = CIRCLE ( 'NONE', #10418, 1.499999999999987566 ) ;
#11378 = CARTESIAN_POINT ( 'NONE',  ( 1.709615384615383205, -17.71322518807815882, 4.000000000000000000 ) ) ;
#11379 = EDGE_CURVE ( 'NONE', #9471, #11131, #1352, .T. ) ;
#11380 = CIRCLE ( 'NONE', #4456, 1.499999999999987566 ) ;
#11381 = DIRECTION ( 'NONE',  ( 1.000000000000000000, 0.000000000000000000, 0.000000000000000000 ) ) ;
#11382 = ORIENTED_EDGE ( 'NONE', *, *, #6331, .F. ) ;
#11383 = ORIENTED_EDGE ( 'NONE', *, *, #10794, .T. ) ;
#11384 = DIRECTION ( 'NONE',  ( -0.8923808708064827622, -0.4512830391435773691, 0.000000000000000000 ) ) ;
#11385 = AXIS2_PLACEMENT_3D ( 'NONE', #2293, #2658, #6408 ) ;
#11386 = EDGE_CURVE ( 'NONE', #4478, #7646, #3196, .T. ) ;
#11387 = CIRCLE ( 'NONE', #5419, 3.000000000000002665 ) ;
#11388 = CARTESIAN_POINT ( 'NONE',  ( -5.210256410256410398, -15.75937903423199593, 5.000000000001044498 ) ) ;
#11389 = CARTESIAN_POINT ( 'NONE',  ( -0.8367242634084636199, -1.416704348598111007, 9.000000000000001776 ) ) ;
#11390 = ORIENTED_EDGE ( 'NONE', *, *, #10156, .T. ) ;
#11391 = AXIS2_PLACEMENT_3D ( 'NONE', #1799, #6333, #11085 ) ;
#11392 = CARTESIAN_POINT ( 'NONE',  ( -26.63101451046069101, -20.32500000000000995, 2.500000000000000000 ) ) ;
#11393 = CARTESIAN_POINT ( 'NONE',  ( -2.727243589743591379, -14.53822518807815989, 4.000000000000000000 ) ) ;
#11394 = VERTEX_POINT ( 'NONE', #2439 ) ;
#11395 = VECTOR ( 'NONE', #8595, 1000.000000000000000 ) ;
#11396 = ORIENTED_EDGE ( 'NONE', *, *, #7274, .F. ) ;
#11397 = ORIENTED_EDGE ( 'NONE', *, *, #5685, .T. ) ;
#11398 = VECTOR ( 'NONE', #5901, 1000.000000000000000 ) ;
#11399 = LINE ( 'NONE', #4171, #9126 ) ;
#11400 = ADVANCED_FACE ( 'NONE', ( #11618 ), #2266, .F. ) ;
#11401 = CARTESIAN_POINT ( 'NONE',  ( 0.5300225163811714824, -17.48634633336101629, 4.000000000000000000 ) ) ;
#11402 = DIRECTION ( 'NONE',  ( 0.000000000000000000, -0.000000000000000000, 1.000000000000000000 ) ) ;
#11403 = CARTESIAN_POINT ( 'NONE',  ( -75.00000000000001421, 10.57660624134121363, -73.74999999999997158 ) ) ;
#11404 = EDGE_LOOP ( 'NONE', ( #11397, #3384, #1725, #11033 ) ) ;
#11405 = CARTESIAN_POINT ( 'NONE',  ( 25.91304266039244908, 82.48877609668410571, 165.4189255671206524 ) ) ;
#11406 = CARTESIAN_POINT ( 'NONE',  ( -20.00000000000001066, -16.20000000000000284, 94.99999999999991473 ) ) ;
#11407 = CARTESIAN_POINT ( 'NONE',  ( 12.00000000000000000, 2.000000000000000000, -10.99999999999999289 ) ) ;
#11408 = EDGE_CURVE ( 'NONE', #4875, #11773, #3410, .T. ) ;
#11409 = LINE ( 'NONE', #2295, #7177 ) ;
#11410 = ORIENTED_EDGE ( 'NONE', *, *, #1868, .F. ) ;
#11411 = VECTOR ( 'NONE', #2800, 1000.000000000000000 ) ;
#11412 = ORIENTED_EDGE ( 'NONE', *, *, #6873, .T. ) ;
#11413 = CARTESIAN_POINT ( 'NONE',  ( 75.00000000000001421, 5.000000000000000888, -57.99999999999997868 ) ) ;
#11414 = CARTESIAN_POINT ( 'NONE',  ( -0.9812202862356684818, -17.10007694947923795, 4.000000000000003553 ) ) ;
#11415 = CARTESIAN_POINT ( 'NONE',  ( 40.40000000000002700, 0.000000000000000000, 34.49999999999993605 ) ) ;
#11416 = VECTOR ( 'NONE', #6349, 1000.000000000000114 ) ;
#11417 = VECTOR ( 'NONE', #8282, 1000.000000000000000 ) ;
#11418 = CARTESIAN_POINT ( 'NONE',  ( 0.3828798071373376577, -15.35474784654162583, 5.000000000000000000 ) ) ;
#11419 = CARTESIAN_POINT ( 'NONE',  ( 7.000000000000003553, -4.208545504429669570, 5.000000000000000000 ) ) ;
#11420 = DIRECTION ( 'NONE',  ( -1.000000000000000000, 0.000000000000000000, 1.652117596168387756E-16 ) ) ;
#11421 = CARTESIAN_POINT ( 'NONE',  ( 40.40000000000002700, -16.20000000000000284, 34.49999999999993605 ) ) ;
#11422 = VERTEX_POINT ( 'NONE', #7876 ) ;
#11423 = EDGE_LOOP ( 'NONE', ( #4068, #3226, #10838, #9327 ) ) ;
#11424 = CARTESIAN_POINT ( 'NONE',  ( 72.99999999999998579, 5.000000000000000000, -105.0000000000000142 ) ) ;
#11425 = ORIENTED_EDGE ( 'NONE', *, *, #2722, .F. ) ;
#11426 = CARTESIAN_POINT ( 'NONE',  ( -4.887770599336987765, -15.10966402539352416, 4.999999999999998224 ) ) ;
#11427 = ORIENTED_EDGE ( 'NONE', *, *, #11587, .F. ) ;
#11428 = VECTOR ( 'NONE', #5852, 1000.000000000000000 ) ;
#11429 = VECTOR ( 'NONE', #6874, 1000.000000000000000 ) ;
#11430 = B_SPLINE_CURVE_WITH_KNOTS ( 'NONE', 3,
 ( #8789, #3472, #7040, #565, #4263, #8903, #10594, #5114, #2567, #11622, #6262, #9806, #10714, #1356, #2443, #6140, #8004, #9028, #3539 ),
 .UNSPECIFIED., .F., .F.,
 ( 4, 1, 1, 1, 1, 1, 1, 1, 1, 1, 1, 1, 1, 1, 1, 1, 4 ),
 ( 0.000000000000000000, 0.06934871325595001745, 0.1361469546042712586, 0.2005553513704648738, 0.2627938981591087519, 0.3234215623312625132, 0.3824643489379594419, 0.4409638725178808838, 0.4982922175092558414, 0.5558279989942976895, 0.6142840608122153157, 0.6736809141865964801, 0.7347653641184272999, 0.7975553011576219653, 0.8622761528751506921, 0.9296709880359613765, 1.000000000000000000 ),
 .UNSPECIFIED. ) ;
#11431 = DIRECTION ( 'NONE',  ( 0.000000000000000000, 1.000000000000000000, 0.000000000000000000 ) ) ;
#11432 = EDGE_CURVE ( 'NONE', #6708, #10758, #11499, .T. ) ;
#11433 = APPLICATION_CONTEXT ( 'automotive_design' ) ;
#11434 = DIRECTION ( 'NONE',  ( 1.000000000000000000, 0.000000000000000000, 0.000000000000000000 ) ) ;
#11435 = LINE ( 'NONE', #2265, #5697 ) ;
#11436 = EDGE_CURVE ( 'NONE', #2688, #7924, #9869, .T. ) ;
#11437 = AXIS2_PLACEMENT_3D ( 'NONE', #11144, #10419, #10303 ) ;
#11438 = FACE_OUTER_BOUND ( 'NONE', #5034, .T. ) ;
#11439 = LINE ( 'NONE', #6191, #1363 ) ;
#11440 = ORIENTED_EDGE ( 'NONE', *, *, #8881, .F. ) ;
#11441 = EDGE_CURVE ( 'NONE', #7058, #1835, #11259, .T. ) ;
#11442 = CARTESIAN_POINT ( 'NONE',  ( -0.5296705452097972833, 8.500000000000000000, 0.000000000000000000 ) ) ;
#11443 = CARTESIAN_POINT ( 'NONE',  ( -75.00000000000001421, 5.000000000000000000, -57.99999999999998579 ) ) ;
#11444 = VERTEX_POINT ( 'NONE', #6075 ) ;
#11445 = CARTESIAN_POINT ( 'NONE',  ( -4.398069938970056825, -15.38258635810702657, 5.000000000000000000 ) ) ;
#11446 = LINE ( 'NONE', #3182, #800 ) ;
#11447 = EDGE_CURVE ( 'NONE', #1212, #4045, #11652, .T. ) ;
#11448 = VERTEX_POINT ( 'NONE', #8899 ) ;
#11449 = VECTOR ( 'NONE', #6869, 1000.000000000000000 ) ;
#11450 = FACE_OUTER_BOUND ( 'NONE', #1547, .T. ) ;
#11451 = DIRECTION ( 'NONE',  ( -0.000000000000000000, -0.000000000000000000, -1.000000000000000000 ) ) ;
#11452 = ADVANCED_FACE ( 'NONE', ( #623 ), #6375, .F. ) ;
#11453 = CARTESIAN_POINT ( 'NONE',  ( -4.317287660256409865, -17.71322518807814816, 4.000000000000000000 ) ) ;
#11454 = CYLINDRICAL_SURFACE ( 'NONE', #2791, 19.99999999999999645 ) ;
#11455 = CIRCLE ( 'NONE', #4914, 1.500000000000004885 ) ;
#11456 = ORIENTED_EDGE ( 'NONE', *, *, #3497, .F. ) ;
#11458 = EDGE_CURVE ( 'NONE', #1949, #2259, #3597, .T. ) ;
#11457 = LINE ( 'NONE', #3194, #6807 ) ;
#11459 = DIRECTION ( 'NONE',  ( -1.000000000000000000, 6.672013369141565463E-17, 0.000000000000000000 ) ) ;
#11460 = ORIENTED_EDGE ( 'NONE', *, *, #1114, .T. ) ;
#11461 = AXIS2_PLACEMENT_3D ( 'NONE', #326, #2995, #5717 ) ;
#11462 = EDGE_CURVE ( 'NONE', #8443, #2870, #2685, .T. ) ;
#11463 = ORIENTED_EDGE ( 'NONE', *, *, #10392, .T. ) ;
#11464 = ORIENTED_EDGE ( 'NONE', *, *, #8204, .T. ) ;
#11465 = EDGE_CURVE ( 'NONE', #5954, #10999, #1739, .T. ) ;
#11466 = DIRECTION ( 'NONE',  ( -0.000000000000000000, -0.000000000000000000, -1.000000000000000000 ) ) ;
#11467 = DIRECTION ( 'NONE',  ( -1.000000000000000000, -0.000000000000000000, -0.000000000000000000 ) ) ;
#11468 = CIRCLE ( 'NONE', #10117, 1.749999999999998002 ) ;
#11469 = DIRECTION ( 'NONE',  ( -0.000000000000000000, -1.000000000000000000, -0.000000000000000000 ) ) ;
#11470 = VERTEX_POINT ( 'NONE', #2811 ) ;
#11471 = DIRECTION ( 'NONE',  ( 0.000000000000000000, 0.000000000000000000, 1.000000000000000000 ) ) ;
#11472 = DIRECTION ( 'NONE',  ( 0.000000000000000000, 0.000000000000000000, 1.000000000000000000 ) ) ;
#11473 = CARTESIAN_POINT ( 'NONE',  ( -75.00000000000001421, 31.00000000000000000, -80.00000000000000000 ) ) ;
#11474 = DIRECTION ( 'NONE',  ( 0.000000000000000000, -0.000000000000000000, 1.000000000000000000 ) ) ;
#11475 = ORIENTED_EDGE ( 'NONE', *, *, #10487, .T. ) ;
#11476 = ADVANCED_FACE ( 'NONE', ( #5580 ), #6317, .F. ) ;
#11477 = ORIENTED_EDGE ( 'NONE', *, *, #11146, .T. ) ;
#11478 = AXIS2_PLACEMENT_3D ( 'NONE', #723, #8039, #4547 ) ;
#11479 = CARTESIAN_POINT ( 'NONE',  ( -1.587676718579142721, -17.39342198505761772, 4.999999999999992895 ) ) ;
#11480 = EDGE_CURVE ( 'NONE', #5458, #4431, #2563, .T. ) ;
#11481 = CARTESIAN_POINT ( 'NONE',  ( -1.505032225861515638, -16.54088866463339613, 4.999999999999998224 ) ) ;
#11482 = EDGE_CURVE ( 'NONE', #10917, #7426, #4616, .T. ) ;
#11483 = LINE ( 'NONE', #307, #5052 ) ;
#11484 = CARTESIAN_POINT ( 'NONE',  ( -0.08007804665968364100, -15.08486808327615059, 5.000000000000000888 ) ) ;
#11485 = CARTESIAN_POINT ( 'NONE',  ( 75.00000000000001421, 22.20568695965746286, -57.99999999999998579 ) ) ;
#11486 = DIRECTION ( 'NONE',  ( -0.000000000000000000, -0.000000000000000000, -1.000000000000000000 ) ) ;
#11487 = CARTESIAN_POINT ( 'NONE',  ( -9.999999999999992895, 2.000000000000000000, 8.000000000000001776 ) ) ;
#11488 = ORIENTED_EDGE ( 'NONE', *, *, #8862, .F. ) ;
#11489 = VERTEX_POINT ( 'NONE', #1717 ) ;
#11490 = DIRECTION ( 'NONE',  ( -0.000000000000000000, -0.000000000000000000, 1.000000000000000000 ) ) ;
#11491 = ORIENTED_EDGE ( 'NONE', *, *, #3265, .T. ) ;
#11492 = CARTESIAN_POINT ( 'NONE',  ( 9.299999999999998934, 2.000000000000000000, -9.299999999999997158 ) ) ;
#11493 = VERTEX_POINT ( 'NONE', #4440 ) ;
#11494 = AXIS2_PLACEMENT_3D ( 'NONE', #6189, #7998, #8784 ) ;
#11495 = DIRECTION ( 'NONE',  ( -0.000000000000000000, -0.000000000000000000, 1.000000000000000000 ) ) ;
#11496 = DIRECTION ( 'NONE',  ( 0.000000000000000000, -0.000000000000000000, 1.000000000000000000 ) ) ;
#11497 = CARTESIAN_POINT ( 'NONE',  ( 20.00000000000006750, 5.000000000000000000, 93.49999999999991473 ) ) ;
#11498 = FACE_OUTER_BOUND ( 'NONE', #5881, .T. ) ;
#11499 = LINE ( 'NONE', #8729, #2013 ) ;
#11500 = CARTESIAN_POINT ( 'NONE',  ( -79.11690212061128591, 22.86967726337212881, -99.99743510223611054 ) ) ;
#11501 = VERTEX_POINT ( 'NONE', #8183 ) ;
#11502 = CARTESIAN_POINT ( 'NONE',  ( -81.00000000000001421, 10.57660624134118521, -87.75000000000000000 ) ) ;
#11503 = CARTESIAN_POINT ( 'NONE',  ( 24.00000000000002842, -89.44271909999159220, 44.99999999999992895 ) ) ;
#11504 = VECTOR ( 'NONE', #2543, 1000.000000000000000 ) ;
#11505 = ORIENTED_EDGE ( 'NONE', *, *, #1426, .F. ) ;
#11506 = CARTESIAN_POINT ( 'NONE',  ( -5.999999999999997335, -8.208545504429656248, 6.000000000000000888 ) ) ;
#11507 = FACE_BOUND ( 'NONE', #5899, .T. ) ;
#11508 = ORIENTED_EDGE ( 'NONE', *, *, #7131, .F. ) ;
#11509 = FILL_AREA_STYLE_COLOUR ( '', #896 ) ;
#11510 = VECTOR ( 'NONE', #11742, 1000.000000000000000 ) ;
#11511 = CYLINDRICAL_SURFACE ( 'NONE', #11223, 1.749999999999998002 ) ;
#11512 = CARTESIAN_POINT ( 'NONE',  ( 64.99999999999998579, -5.000000000000000000, -54.45000000000000995 ) ) ;
#11513 = EDGE_LOOP ( 'NONE', ( #2727, #4892, #3222, #2817 ) ) ;
#11515 = ADVANCED_FACE ( 'NONE', ( #11860 ), #21, .T. ) ;
#11514 = FACE_OUTER_BOUND ( 'NONE', #479, .T. ) ;
#11516 = LINE ( 'NONE', #10605, #7774 ) ;
#11517 = ADVANCED_FACE ( 'NONE', ( #11734 ), #683, .F. ) ;
#11518 = ORIENTED_EDGE ( 'NONE', *, *, #6481, .T. ) ;
#11519 = ORIENTED_EDGE ( 'NONE', *, *, #3051, .F. ) ;
#11520 = CARTESIAN_POINT ( 'NONE',  ( -30.01888746451763623, 17.85109630944759473, 9.000000000000001776 ) ) ;
#11521 = CARTESIAN_POINT ( 'NONE',  ( -0.4547526041666675178, -14.45681493166790510, 4.000000000000000000 ) ) ;
#11522 = EDGE_CURVE ( 'NONE', #7926, #2832, #5488, .T. ) ;
#11523 = CARTESIAN_POINT ( 'NONE',  ( 0.3923545424545350491, -16.79183658148754432, 5.000000000000001776 ) ) ;
#11524 = EDGE_CURVE ( 'NONE', #358, #11376, #8117, .T. ) ;
#11525 = CARTESIAN_POINT ( 'NONE',  ( -0.5296705452097960620, 8.500000000000000000, 5.000000000000000000 ) ) ;
#11526 = EDGE_LOOP ( 'NONE', ( #9959, #8672, #5998, #6858 ) ) ;
#11527 = FACE_OUTER_BOUND ( 'NONE', #5251, .T. ) ;
#11528 = DIRECTION ( 'NONE',  ( -1.000000000000000000, 0.000000000000000000, -0.000000000000000000 ) ) ;
#11529 = DIRECTION ( 'NONE',  ( -1.000000000000000000, 0.000000000000000000, -0.000000000000000000 ) ) ;
#11530 = ORIENTED_EDGE ( 'NONE', *, *, #3800, .F. ) ;
#11531 = ADVANCED_FACE ( 'NONE', ( #10831 ), #9986, .T. ) ;
#11532 = ORIENTED_EDGE ( 'NONE', *, *, #5050, .T. ) ;
#11533 = CARTESIAN_POINT ( 'NONE',  ( -1.414212917856179086, -17.52429352639051885, 3.999999999999998224 ) ) ;
#11534 = CARTESIAN_POINT ( 'NONE',  ( -1.584886816495615136, -16.22271571005266466, 4.999999999999999112 ) ) ;
#11535 = DIRECTION ( 'NONE',  ( 0.000000000000000000, 0.000000000000000000, -1.000000000000000000 ) ) ;
#11536 = EDGE_CURVE ( 'NONE', #3945, #8901, #10954, .T. ) ;
#11537 = DIRECTION ( 'NONE',  ( -0.000000000000000000, -0.000000000000000000, 1.000000000000000000 ) ) ;
#11538 = DIRECTION ( 'NONE',  ( -1.000000000000000000, 0.000000000000000000, 0.000000000000000000 ) ) ;
#11539 = DIRECTION ( 'NONE',  ( -0.000000000000000000, 0.000000000000000000, 1.000000000000000000 ) ) ;
#11540 = CARTESIAN_POINT ( 'NONE',  ( -19.19238815542511034, -12.03553390593273242, 5.000000000000000000 ) ) ;
#11541 = ORIENTED_EDGE ( 'NONE', *, *, #8178, .F. ) ;
#11542 = ORIENTED_EDGE ( 'NONE', *, *, #8281, .T. ) ;
#11543 = CARTESIAN_POINT ( 'NONE',  ( 9.299999999999998934, 2.000000000000000000, -9.299999999999997158 ) ) ;
#11544 = ORIENTED_EDGE ( 'NONE', *, *, #9395, .T. ) ;
#11545 = CARTESIAN_POINT ( 'NONE',  ( 81.00000000000001421, 31.21779788708134973, -62.00000000000002132 ) ) ;
#11546 = ORIENTED_EDGE ( 'NONE', *, *, #6297, .T. ) ;
#11547 = VECTOR ( 'NONE', #9402, 1000.000000000000000 ) ;
#11548 = PLANE ( 'NONE',  #11699 ) ;
#11549 = CIRCLE ( 'NONE', #2695, 1.500000000000001332 ) ;
#11550 = CARTESIAN_POINT ( 'NONE',  ( -73.00000000000001421, 0.000000000000000000, 96.49999999999991473 ) ) ;
#11551 = CARTESIAN_POINT ( 'NONE',  ( -10.99999999999999289, 0.000000000000000000, -11.99999999999999822 ) ) ;
#11552 = CARTESIAN_POINT ( 'NONE',  ( -81.00000000000001421, 31.00000000000000000, -86.50000000000001421 ) ) ;
#11553 = EDGE_CURVE ( 'NONE', #245, #7451, #2141, .T. ) ;
#11554 = VECTOR ( 'NONE', #3835, 1000.000000000000000 ) ;
#11555 = CARTESIAN_POINT ( 'NONE',  ( -0.9075435334973613877, -15.10372660975241743, 4.000000000000000000 ) ) ;
#11556 = DIRECTION ( 'NONE',  ( 0.000000000000000000, 0.000000000000000000, 1.000000000000000000 ) ) ;
#11557 = VERTEX_POINT ( 'NONE', #6258 ) ;
#11558 = CARTESIAN_POINT ( 'NONE',  ( 119.0000000000000284, 10.57660624134118521, -89.24999999999998579 ) ) ;
#11559 = CARTESIAN_POINT ( 'NONE',  ( 23.36898548953929833, -20.32500000000001705, 2.500000000000000000 ) ) ;
#11560 = ORIENTED_EDGE ( 'NONE', *, *, #1719, .T. ) ;
#11561 = DIRECTION ( 'NONE',  ( -0.000000000000000000, 1.000000000000000000, -0.000000000000000000 ) ) ;
#11562 = AXIS2_PLACEMENT_3D ( 'NONE', #10464, #4746, #6552 ) ;
#11563 = ORIENTED_EDGE ( 'NONE', *, *, #9073, .F. ) ;
#11564 = AXIS2_PLACEMENT_3D ( 'NONE', #10183, #2888, #10365 ) ;
#11565 = DIRECTION ( 'NONE',  ( 1.652117596168387756E-16, 0.000000000000000000, 1.000000000000000000 ) ) ;
#11566 = CIRCLE ( 'NONE', #389, 1.500000000000004885 ) ;
#11567 = CARTESIAN_POINT ( 'NONE',  ( -73.00000000000001421, 0.000000000000000000, -105.0000000000000142 ) ) ;
#11568 = CARTESIAN_POINT ( 'NONE',  ( 1.135291466346152855, -16.08502005987303107, 5.000000000000000000 ) ) ;
#11569 = ORIENTED_EDGE ( 'NONE', *, *, #3604, .F. ) ;
#11570 = CIRCLE ( 'NONE', #11369, 1.749999999999994671 ) ;
#11571 = DIRECTION ( 'NONE',  ( 0.000000000000000000, 0.000000000000000000, -1.000000000000000000 ) ) ;
#11572 = CARTESIAN_POINT ( 'NONE',  ( 45.50000000000003553, 0.000000000000000000, 94.99999999999992895 ) ) ;
#11573 = EDGE_CURVE ( 'NONE', #8624, #6565, #1221, .T. ) ;
#11574 = ORIENTED_EDGE ( 'NONE', *, *, #9496, .T. ) ;
#11575 = ORIENTED_EDGE ( 'NONE', *, *, #8133, .T. ) ;
#11576 = EDGE_CURVE ( 'NONE', #4107, #9989, #1366, .T. ) ;
#11577 = CARTESIAN_POINT ( 'NONE',  ( -4.466858170621735624, -15.64065829892764548, 4.000000000000000888 ) ) ;
#11578 = FACE_OUTER_BOUND ( 'NONE', #706, .T. ) ;
#11579 = VECTOR ( 'NONE', #9641, 1000.000000000000000 ) ;
#11580 = DIRECTION ( 'NONE',  ( -0.000000000000000000, -1.000000000000000000, -0.000000000000000000 ) ) ;
#11581 = EDGE_CURVE ( 'NONE', #829, #7271, #2521, .T. ) ;
#11582 = CARTESIAN_POINT ( 'NONE',  ( -9.299999999999998934, 2.000000000000000000, -10.54999999999999716 ) ) ;
#11583 = VERTEX_POINT ( 'NONE', #3831 ) ;
#11584 =( LENGTH_UNIT ( ) NAMED_UNIT ( * ) SI_UNIT ( .MILLI., .METRE. ) );
#11585 = DIRECTION ( 'NONE',  ( -1.000000000000000000, 0.000000000000000000, 0.000000000000000000 ) ) ;
#11586 = LINE ( 'NONE', #6940, #1553 ) ;
#11587 = EDGE_CURVE ( 'NONE', #2425, #10914, #2920, .T. ) ;
#11588 = DIRECTION ( 'NONE',  ( 0.000000000000000000, 0.000000000000000000, 1.000000000000000000 ) ) ;
#11589 = ORIENTED_EDGE ( 'NONE', *, *, #11615, .F. ) ;
#11590 = EDGE_LOOP ( 'NONE', ( #1618, #7655, #3754, #5544 ) ) ;
#11591 = EDGE_CURVE ( 'NONE', #9088, #2240, #4857, .T. ) ;
#11592 = AXIS2_PLACEMENT_3D ( 'NONE', #690, #9030, #748 ) ;
#11593 = CARTESIAN_POINT ( 'NONE',  ( 119.0000000000000284, 10.57660624134121363, -72.24999999999998579 ) ) ;
#11594 = DIRECTION ( 'NONE',  ( -0.000000000000000000, -0.000000000000000000, -1.000000000000000000 ) ) ;
#11595 = CIRCLE ( 'NONE', #5624, 2.000000000000001776 ) ;
#11596 = CARTESIAN_POINT ( 'NONE',  ( 1.550000000000004263, -5.000000000000000000, -100.5000000000000000 ) ) ;
#11597 = ADVANCED_FACE ( 'NONE', ( #11304 ), #2199, .F. ) ;
#11598 = CARTESIAN_POINT ( 'NONE',  ( 0.2733273964590465788, -15.26745236530108585, 5.000000000000000000 ) ) ;
#11599 = PLANE ( 'NONE',  #126 ) ;
#11600 = CARTESIAN_POINT ( 'NONE',  ( 22.53798701022631334, -13.49639116526635085, 9.000000000000001776 ) ) ;
#11602 = AXIS2_PLACEMENT_3D ( 'NONE', #2409, #8085, #1686 ) ;
#11601 = DIRECTION ( 'NONE',  ( 0.000000000000000000, 1.000000000000000000, 0.000000000000000000 ) ) ;
#11603 = VERTEX_POINT ( 'NONE', #3039 ) ;
#11604 = VERTEX_POINT ( 'NONE', #3099 ) ;
#11605 = CARTESIAN_POINT ( 'NONE',  ( 16.46446609406726580, -9.307611844574852356, 5.000000000000000000 ) ) ;
#11606 = ORIENTED_EDGE ( 'NONE', *, *, #7175, .T. ) ;
#11607 = DIRECTION ( 'NONE',  ( -0.000000000000000000, -0.000000000000000000, -1.000000000000000000 ) ) ;
#11608 = EDGE_CURVE ( 'NONE', #3740, #10987, #8125, .T. ) ;
#11609 = VERTEX_POINT ( 'NONE', #5644 ) ;
#11610 = ADVANCED_FACE ( 'NONE', ( #9380 ), #5159, .T. ) ;
#11611 =( GEOMETRIC_REPRESENTATION_CONTEXT ( 3 ) GLOBAL_UNCERTAINTY_ASSIGNED_CONTEXT ( ( #9515 ) ) GLOBAL_UNIT_ASSIGNED_CONTEXT ( ( #2065, #6596, #10206 ) ) REPRESENTATION_CONTEXT ( 'NONE', 'WORKASPACE' ) );
#11612 = DIRECTION ( 'NONE',  ( -1.000000000000000000, 0.000000000000000000, 0.000000000000000000 ) ) ;
#11613 = B_SPLINE_SURFACE_WITH_KNOTS ( 'NONE', 3, 1, ( 
 ( #9254, #134 ),
 ( #7393, #3711 ),
 ( #10212, #5520 ),
 ( #1097, #11064 ),
 ( #5700, #77 ),
 ( #9320, #6660 ),
 ( #4673, #8529 ),
 ( #3952, #2806 ),
 ( #10335, #1844 ),
 ( #11126, #3828 ),
 ( #2071, #8414 ),
 ( #187, #10100 ),
 ( #8361, #3888 ),
 ( #9376, #3770 ),
 ( #1038, #5752 ),
 ( #7445, #7619 ),
 ( #11299, #6492 ),
 ( #9433, #9204 ),
 ( #2862, #7501 ) ),
 .UNSPECIFIED., .F., .F., .F.,
 ( 4, 1, 1, 1, 1, 1, 1, 1, 1, 1, 1, 1, 1, 1, 1, 1, 4 ),
 ( 2, 2 ),
 ( 0.000000000000000000, 0.06874126307936506697, 0.1347890881950343511, 0.1985360495606897369, 0.2603856506059212261, 0.3209615782321951216, 0.3799038495841482455, 0.4385029357752677770, 0.4961543439762697294, 0.5542654832085001093, 0.6127487608156951815, 0.6725134425261790616, 0.7336464018979738100, 0.7967896194814538813, 0.8619356990410240726, 0.9293977347748985096, 0.9999999999999998890 ),
 ( 0.000000000000000000, 1.000000000000000000 ),
 .UNSPECIFIED. ) ;
#11614 = CARTESIAN_POINT ( 'NONE',  ( -0.4547526041666675178, -14.45681493166790510, 5.000000000000000000 ) ) ;
#11615 = EDGE_CURVE ( 'NONE', #4552, #10880, #2332, .T. ) ;
#11616 = LINE ( 'NONE', #6910, #11853 ) ;
#11617 = CARTESIAN_POINT ( 'NONE',  ( -26.50000000000000000, 17.50000000000000000, 9.000000000000001776 ) ) ;
#11618 = FACE_OUTER_BOUND ( 'NONE', #5211, .T. ) ;
#11619 = DIRECTION ( 'NONE',  ( -1.000000000000000000, 0.000000000000000000, 0.000000000000000000 ) ) ;
#11620 = EDGE_LOOP ( 'NONE', ( #9456, #1241, #10253, #4765, #2539, #3972, #6960, #8340 ) ) ;
#11621 = CARTESIAN_POINT ( 'NONE',  ( -1.996269987160796067, -15.38395414467272815, 3.999999999999999112 ) ) ;
#11622 = CARTESIAN_POINT ( 'NONE',  ( 0.1105153617737233834, -17.08736688799039172, 4.000000000000000888 ) ) ;
#11623 = EDGE_LOOP ( 'NONE', ( #8466, #2466, #9835, #10499 ) ) ;
#11624 = AXIS2_PLACEMENT_3D ( 'NONE', #2581, #8984, #5364 ) ;
#11625 = VECTOR ( 'NONE', #10436, 1000.000000000000000 ) ;
#11627 = AXIS2_PLACEMENT_3D ( 'NONE', #413, #11466, #11339 ) ;
#11626 = CARTESIAN_POINT ( 'NONE',  ( -4.693809813418641674, -15.12634812296136566, 4.999999999999998224 ) ) ;
#11628 = EDGE_CURVE ( 'NONE', #10567, #1840, #7863, .T. ) ;
#11629 = AXIS2_PLACEMENT_3D ( 'NONE', #1871, #10974, #9786 ) ;
#11630 = CARTESIAN_POINT ( 'NONE',  ( -73.00000000000001421, 5.000000000000000000, -103.0000000000000142 ) ) ;
#11631 = EDGE_LOOP ( 'NONE', ( #11530, #369, #56, #11835 ) ) ;
#11632 = DIRECTION ( 'NONE',  ( -0.000000000000000000, -0.000000000000000000, -1.000000000000000000 ) ) ;
#11633 = AXIS2_PLACEMENT_3D ( 'NONE', #4446, #7225, #6264 ) ;
#11634 = EDGE_CURVE ( 'NONE', #314, #7178, #17, .T. ) ;
#11635 = DIRECTION ( 'NONE',  ( 0.000000000000000000, 0.000000000000000000, -1.000000000000000000 ) ) ;
#11636 = LINE ( 'NONE', #8849, #7536 ) ;
#11637 = CYLINDRICAL_SURFACE ( 'NONE', #10686, 1.500000000000001332 ) ;
#11638 = ORIENTED_EDGE ( 'NONE', *, *, #11072, .F. ) ;
#11639 = CARTESIAN_POINT ( 'NONE',  ( -3.826282051282051455, -15.44009818487302255, 5.000000000000000888 ) ) ;
#11640 = DIRECTION ( 'NONE',  ( 0.000000000000000000, 0.000000000000000000, -1.000000000000000000 ) ) ;
#11641 = EDGE_CURVE ( 'NONE', #9223, #8236, #7157, .T. ) ;
#11642 = EDGE_LOOP ( 'NONE', ( #10602, #6864, #10347, #8968 ) ) ;
#11643 = ORIENTED_EDGE ( 'NONE', *, *, #7354, .T. ) ;
#11644 = CIRCLE ( 'NONE', #9530, 1.000000000000004441 ) ;
#11645 = VERTEX_POINT ( 'NONE', #11600 ) ;
#11646 = AXIS2_PLACEMENT_3D ( 'NONE', #5849, #8851, #340 ) ;
#11647 = CARTESIAN_POINT ( 'NONE',  ( 81.00000000000001421, 37.42339375865881124, -72.25000000000000000 ) ) ;
#11648 = DIRECTION ( 'NONE',  ( 1.000000000000000000, -6.672013369141565463E-17, 0.000000000000000000 ) ) ;
#11649 = CARTESIAN_POINT ( 'NONE',  ( -0.4274038461538470779, -17.22476364961662298, 5.000000000000000000 ) ) ;
#11650 = DIRECTION ( 'NONE',  ( -1.000000000000000000, -0.000000000000000000, -0.000000000000000000 ) ) ;
#11651 = VERTEX_POINT ( 'NONE', #8885 ) ;
#11652 = CIRCLE ( 'NONE', #1828, 6.500000000000005329 ) ;
#11653 = CARTESIAN_POINT ( 'NONE',  ( -12.05713943461311111, 2.791454495570343752, 6.000000000000011546 ) ) ;
#11654 = CARTESIAN_POINT ( 'NONE',  ( -55.49999999999996447, 5.000000000000000000, 84.99999999999991473 ) ) ;
#11655 = DIRECTION ( 'NONE',  ( -1.000000000000000000, -0.000000000000000000, -0.000000000000000000 ) ) ;
#11656 = ORIENTED_EDGE ( 'NONE', *, *, #770, .F. ) ;
#11657 = ADVANCED_FACE ( 'NONE', ( #6842 ), #3219, .F. ) ;
#11658 = ORIENTED_EDGE ( 'NONE', *, *, #4612, .F. ) ;
#11659 = CARTESIAN_POINT ( 'NONE',  ( -1.985865553552944585, -16.86759056696600112, 4.999999999999992895 ) ) ;
#11660 = VECTOR ( 'NONE', #5286, 1000.000000000000000 ) ;
#11661 = LINE ( 'NONE', #3387, #797 ) ;
#11662 = CARTESIAN_POINT ( 'NONE',  ( 119.0000000000000284, 10.57660624134118521, -89.24999999999998579 ) ) ;
#11663 = CARTESIAN_POINT ( 'NONE',  ( 22.50000000000000355, -14.49566939831962209, 9.000000000000001776 ) ) ;
#11664 = DIRECTION ( 'NONE',  ( -0.000000000000000000, -0.000000000000000000, 1.000000000000000000 ) ) ;
#11665 = CARTESIAN_POINT ( 'NONE',  ( -0.4706530448717958781, -15.02668672653969750, 5.000000000000000000 ) ) ;
#11666 = ORIENTED_EDGE ( 'NONE', *, *, #1649, .T. ) ;
#11667 = ORIENTED_EDGE ( 'NONE', *, *, #11110, .T. ) ;
#11668 = CARTESIAN_POINT ( 'NONE',  ( 0.6222935443772469322, -14.77931125610864171, 5.000000000000000888 ) ) ;
#11669 = ORIENTED_EDGE ( 'NONE', *, *, #9108, .F. ) ;
#11670 = AXIS2_PLACEMENT_3D ( 'NONE', #7048, #698, #3425 ) ;
#11671 = DIRECTION ( 'NONE',  ( 0.000000000000000000, -0.000000000000000000, 1.000000000000000000 ) ) ;
#11672 = EDGE_CURVE ( 'NONE', #5613, #9648, #4243, .T. ) ;
#11673 = EDGE_LOOP ( 'NONE', ( #8079, #8604, #2897 ) ) ;
#11674 = EDGE_CURVE ( 'NONE', #5141, #10181, #5807, .T. ) ;
#11675 = CARTESIAN_POINT ( 'NONE',  ( 23.36898548953929833, -20.32500000000001705, 2.500000000000000000 ) ) ;
#11676 = CARTESIAN_POINT ( 'NONE',  ( -1.774165953381786176, -15.05133716502196783, 5.000000000000000888 ) ) ;
#11677 = FACE_OUTER_BOUND ( 'NONE', #1506, .T. ) ;
#11678 = FACE_OUTER_BOUND ( 'NONE', #3169, .T. ) ;
#11679 = CARTESIAN_POINT ( 'NONE',  ( -1.005059178219957383, -15.14848534415029313, 3.999999999999999112 ) ) ;
#11680 = CARTESIAN_POINT ( 'NONE',  ( -79.00000000000001421, 22.50000000000000000, -100.0000000000000000 ) ) ;
#11681 = ADVANCED_FACE ( 'NONE', ( #5209 ), #10634, .T. ) ;
#11682 = ORIENTED_EDGE ( 'NONE', *, *, #11187, .F. ) ;
#11683 = CARTESIAN_POINT ( 'NONE',  ( -17.99999999999996803, 5.000000000000004441, 49.99999999999993605 ) ) ;
#11684 = CARTESIAN_POINT ( 'NONE',  ( 140.0000000000000853, 22.50000000000000711, -60.00000000000001421 ) ) ;
#11685 = ORIENTED_EDGE ( 'NONE', *, *, #2027, .F. ) ;
#11686 = CARTESIAN_POINT ( 'NONE',  ( -2.101372368549947023, -15.65932615770141645, 5.000000000000000000 ) ) ;
#11687 = VERTEX_POINT ( 'NONE', #3333 ) ;
#11688 = VECTOR ( 'NONE', #9691, 1000.000000000000000 ) ;
#11689 = EDGE_CURVE ( 'NONE', #2771, #8700, #432, .T. ) ;
#11690 = CARTESIAN_POINT ( 'NONE',  ( 26.50000000000000000, 17.50000000000000000, 9.000000000000001776 ) ) ;
#11691 = DIRECTION ( 'NONE',  ( -0.000000000000000000, -0.000000000000000000, -1.000000000000000000 ) ) ;
#11692 = DIRECTION ( 'NONE',  ( -1.000000000000000000, 0.000000000000000000, -0.000000000000000000 ) ) ;
#11693 = VECTOR ( 'NONE', #5383, 1000.000000000000000 ) ;
#11694 = CARTESIAN_POINT ( 'NONE',  ( -1.221573760966716993, -17.63094184391998454, 4.000000000000000888 ) ) ;
#11695 = CARTESIAN_POINT ( 'NONE',  ( -9.299999999999998934, 2.000000000000000000, -9.299999999999997158 ) ) ;
#11696 = DIRECTION ( 'NONE',  ( 1.479945826284383173E-16, -1.000000000000000000, 0.000000000000000000 ) ) ;
#11697 = ORIENTED_EDGE ( 'NONE', *, *, #10182, .F. ) ;
#11698 = CARTESIAN_POINT ( 'NONE',  ( 79.46402151864761265, 23.97501852879570450, -99.94893961880677580 ) ) ;
#11699 = AXIS2_PLACEMENT_3D ( 'NONE', #2376, #4201, #4022 ) ;
#11700 = LINE ( 'NONE', #704, #5633 ) ;
#11701 = ORIENTED_EDGE ( 'NONE', *, *, #3400, .F. ) ;
#11702 = B_SPLINE_CURVE_WITH_KNOTS ( 'NONE', 3,
 ( #9859, #1587, #2553, #7207, #5280, #5216, #10885, #6249, #4372, #10701, #6127, #9796, #472, #7788, #5860, #4172, #6881, #2407, #8754 ),
 .UNSPECIFIED., .F., .F.,
 ( 4, 1, 1, 1, 1, 1, 1, 1, 1, 1, 1, 1, 1, 1, 1, 1, 4 ),
 ( 0.000000000000000000, 0.06387922505487494962, 0.1258508182289635458, 0.1864720878710259822, 0.2464764795622997329, 0.3062584143630093236, 0.3669511756525886681, 0.4288608758525596643, 0.4925686815092669701, 0.5566061100449879451, 0.6190867352860935924, 0.6810492005977589747, 0.7427850667630342407, 0.8048964525180758445, 0.8678490598723974658, 0.9329329606759886317, 1.000000000000000000 ),
 .UNSPECIFIED. ) ;
#11703 = EDGE_LOOP ( 'NONE', ( #9563, #1308, #10971, #2929 ) ) ;
#11704 = ORIENTED_EDGE ( 'NONE', *, *, #6515, .F. ) ;
#11705 = CARTESIAN_POINT ( 'NONE',  ( -1.549999999999995604, 5.000000000000000000, -100.5000000000000000 ) ) ;
#11706 = CARTESIAN_POINT ( 'NONE',  ( 0.4721864381732719385, -14.68175389858883761, 3.999999999999998224 ) ) ;
#11707 = LINE ( 'NONE', #5314, #8723 ) ;
#11708 = CARTESIAN_POINT ( 'NONE',  ( 0.1363148084311956998, -14.54079713354843584, 5.000000000000000000 ) ) ;
#11709 = ORIENTED_EDGE ( 'NONE', *, *, #7615, .T. ) ;
#11710 = DIRECTION ( 'NONE',  ( 0.000000000000000000, -1.000000000000000000, 0.000000000000000000 ) ) ;
#11711 = CARTESIAN_POINT ( 'NONE',  ( 24.00000000000002842, 0.000000000000000000, 43.49999999999992895 ) ) ;
#11712 = CARTESIAN_POINT ( 'NONE',  ( 45.50000000000003553, 0.000000000000000000, 96.54999999999992610 ) ) ;
#11713 = EDGE_LOOP ( 'NONE', ( #10153, #8287, #1552, #4212 ) ) ;
#11714 = ORIENTED_EDGE ( 'NONE', *, *, #8239, .T. ) ;
#11715 = CARTESIAN_POINT ( 'NONE',  ( -1.014354110961325661, -17.71213953707530564, 4.999999999999992006 ) ) ;
#11716 = DIRECTION ( 'NONE',  ( -1.000000000000000000, -0.000000000000000000, -0.000000000000000000 ) ) ;
#11717 = LINE ( 'NONE', #6416, #8010 ) ;
#11718 = DIRECTION ( 'NONE',  ( 1.000000000000000000, 0.000000000000000000, 0.000000000000000000 ) ) ;
#11719 = CARTESIAN_POINT ( 'NONE',  ( -20.00000000000001066, 0.000000000000000000, 94.99999999999991473 ) ) ;
#11720 = CARTESIAN_POINT ( 'NONE',  ( 119.0000000000000284, 37.42339375865881834, -87.75000000000002842 ) ) ;
#11721 = ORIENTED_EDGE ( 'NONE', *, *, #6106, .T. ) ;
#11722 = ORIENTED_EDGE ( 'NONE', *, *, #10716, .F. ) ;
#11723 = DIRECTION ( 'NONE',  ( 0.000000000000000000, -0.000000000000000000, 1.000000000000000000 ) ) ;
#11724 = VERTEX_POINT ( 'NONE', #2367 ) ;
#11725 = FACE_OUTER_BOUND ( 'NONE', #3070, .T. ) ;
#11726 = DIRECTION ( 'NONE',  ( -0.000000000000000000, 1.000000000000000000, -0.000000000000000000 ) ) ;
#11727 = EDGE_LOOP ( 'NONE', ( #6734, #7078 ) ) ;
#11728 = EDGE_CURVE ( 'NONE', #6915, #8290, #6584, .T. ) ;
#11729 = CARTESIAN_POINT ( 'NONE',  ( -25.99999999999999645, -89.44271909999159220, 8.499999999999952038 ) ) ;
#11730 = CARTESIAN_POINT ( 'NONE',  ( -2.157371794871795867, -16.10982474737303249, 5.000000000000000000 ) ) ;
#11731 = EDGE_CURVE ( 'NONE', #7882, #9575, #8653, .T. ) ;
#11732 = CARTESIAN_POINT ( 'NONE',  ( 15.00000000000000711, 5.949455682166683523, 5.000000000000000000 ) ) ;
#11733 = CARTESIAN_POINT ( 'NONE',  ( -22.26058151680846819, 15.72900601150596600, 2.500000000000000000 ) ) ;
#11734 = FACE_OUTER_BOUND ( 'NONE', #3933, .T. ) ;
#11735 = CARTESIAN_POINT ( 'NONE',  ( 0.2292313111351064192, -14.57091519142974967, 5.000000000000000888 ) ) ;
#11736 = ORIENTED_EDGE ( 'NONE', *, *, #1697, .F. ) ;
#11737 = DIRECTION ( 'NONE',  ( 0.000000000000000000, 0.000000000000000000, 1.000000000000000000 ) ) ;
#11738 = DIRECTION ( 'NONE',  ( 0.000000000000000000, 0.000000000000000000, -1.000000000000000000 ) ) ;
#11739 = ORIENTED_EDGE ( 'NONE', *, *, #6051, .T. ) ;
#11740 = DIRECTION ( 'NONE',  ( -0.000000000000000000, -0.000000000000000000, -1.000000000000000000 ) ) ;
#11741 = ORIENTED_EDGE ( 'NONE', *, *, #7545, .F. ) ;
#11742 = DIRECTION ( 'NONE',  ( -0.000000000000000000, -1.000000000000000000, -0.000000000000000000 ) ) ;
#11743 = EDGE_CURVE ( 'NONE', #3777, #7929, #4066, .T. ) ;
#11744 = CARTESIAN_POINT ( 'NONE',  ( -0.4477564102564112192, -16.65489185474482525, 5.000000000000000000 ) ) ;
#11745 = DIRECTION ( 'NONE',  ( 0.000000000000000000, 0.000000000000000000, -1.000000000000000000 ) ) ;
#11746 = VECTOR ( 'NONE', #6289, 1000.000000000000000 ) ;
#11747 = CARTESIAN_POINT ( 'NONE',  ( -1.587676718579142721, -17.39342198505761772, 4.000000000000000000 ) ) ;
#11748 = CARTESIAN_POINT ( 'NONE',  ( 22.50000000000000355, -14.49566939831962209, 9.000000000000001776 ) ) ;
#11749 = EDGE_CURVE ( 'NONE', #4841, #4152, #1456, .T. ) ;
#11750 = DIRECTION ( 'NONE',  ( 0.000000000000000000, 0.000000000000000000, -1.000000000000000000 ) ) ;
#11751 = VERTEX_POINT ( 'NONE', #9615 ) ;
#11752 = CARTESIAN_POINT ( 'NONE',  ( -23.36898548953931609, -14.67500000000000782, 2.500000000000000000 ) ) ;
#11753 = LINE ( 'NONE', #9890, #10854 ) ;
#11754 = VECTOR ( 'NONE', #11360, 1000.000000000000000 ) ;
#11755 = ADVANCED_FACE ( 'NONE', ( #367 ), #3692, .T. ) ;
#11756 = VERTEX_POINT ( 'NONE', #8826 ) ;
#11757 = ORIENTED_EDGE ( 'NONE', *, *, #3853, .T. ) ;
#11758 = ADVANCED_FACE ( 'NONE', ( #5032 ), #5092, .F. ) ;
#11759 = ORIENTED_EDGE ( 'NONE', *, *, #7127, .T. ) ;
#11760 = DIRECTION ( 'NONE',  ( 0.000000000000000000, 0.000000000000000000, 1.000000000000000000 ) ) ;
#11761 = CARTESIAN_POINT ( 'NONE',  ( -75.00000000000000000, 0.000000000000000000, 9.999999999999953815 ) ) ;
#11762 = VECTOR ( 'NONE', #5581, 1000.000000000000000 ) ;
#11763 = CARTESIAN_POINT ( 'NONE',  ( -55.49999999999997158, 5.000000000000000000, 102.9999999999999289 ) ) ;
#11764 = CARTESIAN_POINT ( 'NONE',  ( 0.2292313111351064192, -14.57091519142974967, 4.000000000000000888 ) ) ;
#11765 = EDGE_LOOP ( 'NONE', ( #11271, #1723, #1381, #9043 ) ) ;
#11766 = DIRECTION ( 'NONE',  ( -1.000000000000000000, -0.000000000000000000, -0.000000000000000000 ) ) ;
#11767 = CARTESIAN_POINT ( 'NONE',  ( -22.72792206135785875, -8.500000000000000000, 9.000000000000001776 ) ) ;
#11768 = CYLINDRICAL_SURFACE ( 'NONE', #6231, 1.500000000000001332 ) ;
#11769 = ORIENTED_EDGE ( 'NONE', *, *, #1605, .T. ) ;
#11770 = AXIS2_PLACEMENT_3D ( 'NONE', #5597, #2825, #1355 ) ;
#11771 = AXIS2_PLACEMENT_3D ( 'NONE', #3285, #6133, #11434 ) ;
#11772 = ORIENTED_EDGE ( 'NONE', *, *, #5025, .T. ) ;
#11773 = VERTEX_POINT ( 'NONE', #6955 ) ;
#11774 = VECTOR ( 'NONE', #6076, 1000.000000000000000 ) ;
#11775 = FACE_OUTER_BOUND ( 'NONE', #8858, .T. ) ;
#11776 = CARTESIAN_POINT ( 'NONE',  ( -40.40000000000001990, 5.000000000000000000, -7.500000000000069278 ) ) ;
#11777 = VECTOR ( 'NONE', #10878, 1000.000000000000000 ) ;
#11778 = EDGE_CURVE ( 'NONE', #2139, #6350, #1955, .T. ) ;
#11779 = DIRECTION ( 'NONE',  ( 0.5085404518589196066, 0.8610380995189038655, 0.000000000000000000 ) ) ;
#11780 = PLANE ( 'NONE',  #4267 ) ;
#11781 = CARTESIAN_POINT ( 'NONE',  ( 8.000000000000001776, -6.208545504429656248, 6.000000000000000888 ) ) ;
#11782 = VERTEX_POINT ( 'NONE', #7263 ) ;
#11783 = EDGE_LOOP ( 'NONE', ( #2679, #2556, #6048, #6569 ) ) ;
#11784 = PLANE ( 'NONE',  #5838 ) ;
#11785 = VERTEX_POINT ( 'NONE', #5511 ) ;
#11786 = VECTOR ( 'NONE', #836, 1000.000000000000000 ) ;
#11787 = FACE_OUTER_BOUND ( 'NONE', #592, .T. ) ;
#11788 = DIRECTION ( 'NONE',  ( 0.000000000000000000, 0.000000000000000000, -1.000000000000000000 ) ) ;
#11789 = EDGE_LOOP ( 'NONE', ( #4995, #3621 ) ) ;
#11790 = AXIS2_PLACEMENT_3D ( 'NONE', #1761, #8165, #2419 ) ;
#11791 = DIRECTION ( 'NONE',  ( 1.000000000000000000, 0.000000000000000000, 0.000000000000000000 ) ) ;
#11792 = CARTESIAN_POINT ( 'NONE',  ( -7.999999999999986677, 2.000000000000000000, 12.00000000000000178 ) ) ;
#11793 = VECTOR ( 'NONE', #8440, 1000.000000000000114 ) ;
#11794 = AXIS2_PLACEMENT_3D ( 'NONE', #631, #10900, #9939 ) ;
#11795 = CARTESIAN_POINT ( 'NONE',  ( 7.999999999999996447, 2.000000000000000000, 12.00000000000000000 ) ) ;
#11796 = DIRECTION ( 'NONE',  ( -0.000000000000000000, -1.000000000000000000, -0.000000000000000000 ) ) ;
#11797 = CARTESIAN_POINT ( 'NONE',  ( 3.378525641025639903, -15.75937903423200659, 4.000000000000000000 ) ) ;
#11798 = DIRECTION ( 'NONE',  ( -0.000000000000000000, 1.000000000000000000, -0.000000000000000000 ) ) ;
#11799 = ORIENTED_EDGE ( 'NONE', *, *, #8572, .F. ) ;
#11800 = CARTESIAN_POINT ( 'NONE',  ( -0.4547526041666675178, -14.45681493166790510, 5.000000000000000000 ) ) ;
#11801 = LINE ( 'NONE', #2869, #4629 ) ;
#11802 = EDGE_LOOP ( 'NONE', ( #334, #5154, #9265, #628, #6418, #10993 ) ) ;
#11803 = LINE ( 'NONE', #2757, #7932 ) ;
#11804 = ORIENTED_EDGE ( 'NONE', *, *, #9785, .T. ) ;
#11805 = VECTOR ( 'NONE', #3685, 1000.000000000000000 ) ;
#11806 = EDGE_CURVE ( 'NONE', #10807, #9213, #2546, .T. ) ;
#11807 = DIRECTION ( 'NONE',  ( 1.000000000000000000, 0.000000000000000000, 0.000000000000000000 ) ) ;
#11808 = DIRECTION ( 'NONE',  ( 1.000000000000000000, 0.000000000000000000, -0.000000000000000000 ) ) ;
#11809 = DIRECTION ( 'NONE',  ( 1.000000000000000000, 0.000000000000000000, 0.000000000000000000 ) ) ;
#11810 = CARTESIAN_POINT ( 'NONE',  ( 22.53798701022631334, -13.49639116526635085, 5.000000000000000000 ) ) ;
#11811 = LINE ( 'NONE', #7411, #4461 ) ;
#11812 = AXIS2_PLACEMENT_3D ( 'NONE', #8513, #234, #3935 ) ;
#11813 = CARTESIAN_POINT ( 'NONE',  ( 21.73797097907860731, -17.50000000000002132, 0.000000000000000000 ) ) ;
#11815 = ORIENTED_EDGE ( 'NONE', *, *, #393, .F. ) ;
#11814 = ADVANCED_FACE ( 'NONE', ( #10938 ), #11780, .F. ) ;
#11816 = CARTESIAN_POINT ( 'NONE',  ( 79.05809986186199012, 22.68372827054097840, -100.0000000000000284 ) ) ;
#11817 = CARTESIAN_POINT ( 'NONE',  ( -1.587500000000001021, -16.10918872974482596, 5.000000000000000000 ) ) ;
#11818 = ORIENTED_EDGE ( 'NONE', *, *, #10873, .F. ) ;
#11819 = VECTOR ( 'NONE', #1982, 1000.000000000000000 ) ;
#11820 = EDGE_CURVE ( 'NONE', #2369, #1479, #913, .T. ) ;
#11821 = ORIENTED_EDGE ( 'NONE', *, *, #1551, .F. ) ;
#11822 = CARTESIAN_POINT ( 'NONE',  ( 0.5000000000000006661, 5.000000000000000000, -1.969999999999999973 ) ) ;
#11823 = VERTEX_POINT ( 'NONE', #2609 ) ;
#11824 = DIRECTION ( 'NONE',  ( 0.7071067811865430208, 0.000000000000000000, 0.7071067811865521247 ) ) ;
#11825 = CARTESIAN_POINT ( 'NONE',  ( 23.36898548953929833, -20.32500000000001705, 2.500000000000000000 ) ) ;
#11826 = CARTESIAN_POINT ( 'NONE',  ( -1.328654218018920252, -14.67332075672487157, 4.000000000000000000 ) ) ;
#11827 = EDGE_CURVE ( 'NONE', #9861, #7443, #725, .T. ) ;
#11828 = CARTESIAN_POINT ( 'NONE',  ( -17.99999999999998934, -89.44271909999159220, 46.99999999999992895 ) ) ;
#11829 = ORIENTED_EDGE ( 'NONE', *, *, #441, .F. ) ;
#11830 = DIRECTION ( 'NONE',  ( 1.000000000000000000, 0.000000000000000000, -3.035766082959409950E-16 ) ) ;
#11831 = EDGE_CURVE ( 'NONE', #1563, #3005, #3700, .T. ) ;
#11832 = CARTESIAN_POINT ( 'NONE',  ( 23.36898548953931609, -14.67500000000000782, 2.500000000000000000 ) ) ;
#11833 = CARTESIAN_POINT ( 'NONE',  ( -4.396495742537823048, -15.44668884345459503, 5.000000000000000000 ) ) ;
#11834 = EDGE_LOOP ( 'NONE', ( #4969, #6973, #10887, #4597 ) ) ;
#11835 = ORIENTED_EDGE ( 'NONE', *, *, #2822, .T. ) ;
#11836 = VERTEX_POINT ( 'NONE', #9973 ) ;
#11837 = ADVANCED_FACE ( 'NONE', ( #9915 ), #3641, .T. ) ;
#11838 = VECTOR ( 'NONE', #7491, 1000.000000000000000 ) ;
#11839 = CARTESIAN_POINT ( 'NONE',  ( -2.249999999999999556, 4.000000000000000000, -0.4999999999999987232 ) ) ;
#11840 = VECTOR ( 'NONE', #4990, 1000.000000000000000 ) ;
#11841 = CARTESIAN_POINT ( 'NONE',  ( -4.055789648018072846, -16.05017032030975699, 5.000000000000001776 ) ) ;
#11842 = LINE ( 'NONE', #965, #4956 ) ;
#11843 = VERTEX_POINT ( 'NONE', #4603 ) ;
#11844 = CARTESIAN_POINT ( 'NONE',  ( -4.229231431474234526, -14.68320588092989887, 3.999999999999999112 ) ) ;
#11845 = FACE_OUTER_BOUND ( 'NONE', #63, .T. ) ;
#11846 = ORIENTED_EDGE ( 'NONE', *, *, #3783, .T. ) ;
#11847 = EDGE_LOOP ( 'NONE', ( #10080, #394, #11156, #1586 ) ) ;
#11848 = LINE ( 'NONE', #2675, #3518 ) ;
#11849 = ORIENTED_EDGE ( 'NONE', *, *, #4849, .F. ) ;
#11850 = EDGE_CURVE ( 'NONE', #3390, #7856, #5779, .T. ) ;
#11851 = CARTESIAN_POINT ( 'NONE',  ( -28.51207079035955516, 16.96115051869449175, 5.000000000000000000 ) ) ;
#11852 = ORIENTED_EDGE ( 'NONE', *, *, #1284, .T. ) ;
#11853 = VECTOR ( 'NONE', #3347, 1000.000000000000114 ) ;
#11854 = EDGE_CURVE ( 'NONE', #11933, #7664, #3107, .T. ) ;
#11855 = DIRECTION ( 'NONE',  ( -1.000000000000000000, 0.000000000000000000, 0.000000000000000000 ) ) ;
#11856 = CARTESIAN_POINT ( 'NONE',  ( -1.924998605220628267, -15.25382484343543155, 4.000000000000000888 ) ) ;
#11857 = CARTESIAN_POINT ( 'NONE',  ( 75.00000000000000000, 24.00000000000000000, -95.50000000000000000 ) ) ;
#11858 = DIRECTION ( 'NONE',  ( -0.7223872738535664917, -0.6914887031430175801, 0.000000000000000000 ) ) ;
#11859 = VECTOR ( 'NONE', #6701, 1000.000000000000000 ) ;
#11860 = FACE_OUTER_BOUND ( 'NONE', #8699, .T. ) ;
#11861 = CARTESIAN_POINT ( 'NONE',  ( 24.00000000000001421, 5.000000000000004441, -26.50000000000006750 ) ) ;
#11862 = EDGE_LOOP ( 'NONE', ( #2261, #9568, #9650, #7235 ) ) ;
#11863 = CARTESIAN_POINT ( 'NONE',  ( -1.740780248397436836, -15.01205832109098104, 5.000000000000000000 ) ) ;
#11864 = FACE_OUTER_BOUND ( 'NONE', #4463, .T. ) ;
#11865 = ORIENTED_EDGE ( 'NONE', *, *, #7099, .F. ) ;
#11866 = CARTESIAN_POINT ( 'NONE',  ( -8.999999999999994671, 2.000000000000000000, 8.000000000000008882 ) ) ;
#11867 = ORIENTED_EDGE ( 'NONE', *, *, #4319, .F. ) ;
#11868 = DIRECTION ( 'NONE',  ( 0.000000000000000000, -1.000000000000000000, 0.000000000000000000 ) ) ;
#11869 = AXIS2_PLACEMENT_3D ( 'NONE', #5535, #5417, #8135 ) ;
#11870 = CARTESIAN_POINT ( 'NONE',  ( 140.0000000000000853, 5.000000000000000000, -102.0499999999999972 ) ) ;
#11871 = DIRECTION ( 'NONE',  ( 3.035766082959409950E-16, 0.000000000000000000, 1.000000000000000000 ) ) ;
#11872 = CARTESIAN_POINT ( 'NONE',  ( -20.46074529610706705, 18.30322271705048820, 9.000000000000001776 ) ) ;
#11873 = CARTESIAN_POINT ( 'NONE',  ( -5.116125801282050745, -14.53822518807814923, 4.000000000000000000 ) ) ;
#11874 = LINE ( 'NONE', #9947, #10304 ) ;
#11875 = VERTEX_POINT ( 'NONE', #8946 ) ;
#11876 = DIRECTION ( 'NONE',  ( 1.652117596168387756E-16, 0.000000000000000000, -1.000000000000000000 ) ) ;
#11877 = DIRECTION ( 'NONE',  ( -1.000000000000000000, 0.000000000000000000, 0.000000000000000000 ) ) ;
#11878 = ORIENTED_EDGE ( 'NONE', *, *, #4306, .F. ) ;
#11879 = ADVANCED_FACE ( 'NONE', ( #3583 ), #5452, .F. ) ;
#11880 = ORIENTED_EDGE ( 'NONE', *, *, #7572, .F. ) ;
#11881 = VECTOR ( 'NONE', #7277, 1000.000000000000000 ) ;
#11882 = DIRECTION ( 'NONE',  ( 1.000000000000000000, 0.000000000000000000, 0.000000000000000000 ) ) ;
#11883 = ORIENTED_EDGE ( 'NONE', *, *, #7195, .F. ) ;
#11884 = CARTESIAN_POINT ( 'NONE',  ( -20.00000000000001421, -16.20000000000000284, 73.99999999999992895 ) ) ;
#11885 = DIRECTION ( 'NONE',  ( -1.000000000000000000, -0.000000000000000000, -0.000000000000000000 ) ) ;
#11886 = DIRECTION ( 'NONE',  ( -1.000000000000000000, -0.000000000000000000, -0.000000000000000000 ) ) ;
#11887 = EDGE_CURVE ( 'NONE', #11557, #4103, #10814, .T. ) ;
#11888 = CARTESIAN_POINT ( 'NONE',  ( -0.1520525117171784013, -14.47682276924449241, 5.000000000000002665 ) ) ;
#11889 = VECTOR ( 'NONE', #6330, 1000.000000000000227 ) ;
#11890 = ORIENTED_EDGE ( 'NONE', *, *, #1816, .F. ) ;
#11891 = CARTESIAN_POINT ( 'NONE',  ( 75.00000000000000000, 22.50000000000000000, -102.0000000000000142 ) ) ;
#11892 = DIRECTION ( 'NONE',  ( 0.000000000000000000, 1.000000000000000000, 0.000000000000000000 ) ) ;
#11893 = PLANE ( 'NONE',  #1603 ) ;
#11894 = VERTEX_POINT ( 'NONE', #8350 ) ;
#11895 = ORIENTED_EDGE ( 'NONE', *, *, #5486, .F. ) ;
#11896 = VERTEX_POINT ( 'NONE', #69 ) ;
#11897 = APPLICATION_CONTEXT ( 'automotive_design' ) ;
#11898 = ADVANCED_FACE ( 'NONE', ( #3876 ), #9425, .F. ) ;
#11899 = AXIS2_PLACEMENT_3D ( 'NONE', #7633, #3050, #6725 ) ;
#11900 = CARTESIAN_POINT ( 'NONE',  ( 9.000000000000005329, 2.000000000000000000, 8.000000000000007105 ) ) ;
#11901 = CARTESIAN_POINT ( 'NONE',  ( 13.16682257459468453, 2.791454495570344196, 6.000000000000016875 ) ) ;
#11902 = CARTESIAN_POINT ( 'NONE',  ( 1.086619042635373233, -16.63111049234407446, 5.000000000000001776 ) ) ;
#11903 = ORIENTED_EDGE ( 'NONE', *, *, #2294, .F. ) ;
#11904 = CARTESIAN_POINT ( 'NONE',  ( 8.000000000000003553, -8.208545504429656248, 10.00000000000000000 ) ) ;
#11905 = CARTESIAN_POINT ( 'NONE',  ( -20.00000000000001421, -16.20000000000000284, 76.99999999999992895 ) ) ;
#11906 = EDGE_CURVE ( 'NONE', #7405, #11923, #7541, .T. ) ;
#11907 = ORIENTED_EDGE ( 'NONE', *, *, #9091, .T. ) ;
#11908 = DIRECTION ( 'NONE',  ( 0.000000000000000000, 0.000000000000000000, -1.000000000000000000 ) ) ;
#11909 = VERTEX_POINT ( 'NONE', #11117 ) ;
#11910 = FACE_BOUND ( 'NONE', #2151, .T. ) ;
#11911 = ORIENTED_EDGE ( 'NONE', *, *, #1276, .F. ) ;
#11912 = CARTESIAN_POINT ( 'NONE',  ( -12.00000000000000000, 2.000000000000000000, -10.99999999999999289 ) ) ;
#11913 = EDGE_CURVE ( 'NONE', #4497, #2848, #2062, .T. ) ;
#11914 = CARTESIAN_POINT ( 'NONE',  ( -2.055340169111314896, -15.51901556170120244, 5.000000000000000888 ) ) ;
#11915 = CARTESIAN_POINT ( 'NONE',  ( 24.99999999999999645, -17.50000000000000000, 5.000000000000000000 ) ) ;
#11916 = DIRECTION ( 'NONE',  ( 0.000000000000000000, 1.000000000000000000, 0.000000000000000000 ) ) ;
#11917 = CARTESIAN_POINT ( 'NONE',  ( -0.2516596594728344738, -14.46563862997375338, 3.999999999999997335 ) ) ;
#11918 = CARTESIAN_POINT ( 'NONE',  ( 24.00000000000001421, 5.000000000000004441, -25.00000000000006395 ) ) ;
#11919 = ORIENTED_EDGE ( 'NONE', *, *, #1630, .F. ) ;
#11920 = CARTESIAN_POINT ( 'NONE',  ( -4.055789648018072846, -16.05017032030975699, 4.000000000000001776 ) ) ;
#11921 = VERTEX_POINT ( 'NONE', #4906 ) ;
#11922 = CARTESIAN_POINT ( 'NONE',  ( 75.00000000000002842, 5.000000000000000000, 9.999999999999911182 ) ) ;
#11923 = VERTEX_POINT ( 'NONE', #1941 ) ;
#11924 = CYLINDRICAL_SURFACE ( 'NONE', #5329, 1.000000000000000888 ) ;
#11925 = CARTESIAN_POINT ( 'NONE',  ( -22.49999999999999289, -20.50000000000000000, 9.000000000000001776 ) ) ;
#11926 = CARTESIAN_POINT ( 'NONE',  ( -22.49999999999998934, -14.49566939831962564, 5.000000000000000000 ) ) ;
#11927 = DIRECTION ( 'NONE',  ( 0.000000000000000000, 0.000000000000000000, 1.000000000000000000 ) ) ;
#11928 = CARTESIAN_POINT ( 'NONE',  ( -4.404386434994036037, -14.60690757761560121, 4.000000000000000000 ) ) ;
#11929 = CARTESIAN_POINT ( 'NONE',  ( 81.00000000000001421, 31.00000000000000000, -73.50000000000000000 ) ) ;
#11930 = ORIENTED_EDGE ( 'NONE', *, *, #7200, .T. ) ;
#11931 = LINE ( 'NONE', #3489, #6426 ) ;
#11932 = CARTESIAN_POINT ( 'NONE',  ( -43.00000000000000711, 5.000000000000000000, 34.49999999999993605 ) ) ;
#11933 = VERTEX_POINT ( 'NONE', #2909 ) ;
#11934 = VECTOR ( 'NONE', #4177, 1000.000000000000000 ) ;
#11935 = ORIENTED_EDGE ( 'NONE', *, *, #3038, .T. ) ;
#11936 = CARTESIAN_POINT ( 'NONE',  ( 9.800000000000002487, 2.791454495570343752, 5.000000000000000000 ) ) ;
#11937 = AXIS2_PLACEMENT_3D ( 'NONE', #3769, #8360, #4611 ) ;
#11938 = DIRECTION ( 'NONE',  ( 0.000000000000000000, 0.000000000000000000, -1.000000000000000000 ) ) ;
#11939 = LINE ( 'NONE', #7301, #8129 ) ;
#11940 = CARTESIAN_POINT ( 'NONE',  ( -1.251885865057675407, -14.63132709191673264, 4.000000000000000888 ) ) ;
#11941 = CARTESIAN_POINT ( 'NONE',  ( 0.3199168669871786386, -14.60691509192431425, 5.000000000000000000 ) ) ;
#11942 = VERTEX_POINT ( 'NONE', #10202 ) ;
#11943 = VECTOR ( 'NONE', #1403, 1000.000000000000000 ) ;
#11944 = DIRECTION ( 'NONE',  ( -1.000000000000000000, 2.127171113256157501E-15, 0.000000000000000000 ) ) ;
#11945 = DIRECTION ( 'NONE',  ( 1.000000000000000000, -0.000000000000000000, 0.000000000000000000 ) ) ;
#11946 = VERTEX_POINT ( 'NONE', #5746 ) ;
#11947 = ORIENTED_EDGE ( 'NONE', *, *, #246, .T. ) ;
#11948 = ORIENTED_EDGE ( 'NONE', *, *, #1480, .T. ) ;
#11949 = EDGE_CURVE ( 'NONE', #7594, #9965, #4652, .T. ) ;
#11950 = AXIS2_PLACEMENT_3D ( 'NONE', #2200, #11130, #4742 ) ;
#11951 = EDGE_CURVE ( 'NONE', #10486, #11102, #6536, .T. ) ;
#11952 = EDGE_CURVE ( 'NONE', #5733, #10260, #11387, .T. ) ;
#11953 = NEXT_ASSEMBLY_USAGE_OCCURRENCE ( 'NAUO1', ' ', ' ', #2513, #519, $ ) ;
#11954 = NEXT_ASSEMBLY_USAGE_OCCURRENCE ( 'NAUO2', ' ', ' ', #2513, #6587, $ ) ;
#11955 = NEXT_ASSEMBLY_USAGE_OCCURRENCE ( 'NAUO3', ' ', ' ', #2513, #9460, $ ) ;
ENDSEC;
END-ISO-10303-21;
