ISO-10303-21;
HEADER;
FILE_DESCRIPTION (( 'STEP AP214' ),
    '1' );
FILE_NAME ('paa5100je_bottom_mount.STEP',
    '2026-09-14T06:16:30',
    ( '' ),
    ( '' ),
    'SwSTEP 2.0',
    'SolidWorks 2024',
    '' );
FILE_SCHEMA (( 'AUTOMOTIVE_DESIGN' ));
ENDSEC;

DATA;
#1 = DIRECTION ( 'NONE',  ( -0.4947203262777917221, 0.000000000000000000, -0.8690522416791727212 ) ) ;
#2 = CIRCLE ( 'NONE', #3542, 1.500000000000001332 ) ;
#3 = EDGE_CURVE ( 'NONE', #775, #719, #1199, .T. ) ;
#4 = EDGE_CURVE ( 'NONE', #3806, #2071, #2844, .T. ) ;
#5 = LINE ( 'NONE', #689, #2387 ) ;
#6 = VERTEX_POINT ( 'NONE', #1213 ) ;
#7 = DIRECTION ( 'NONE',  ( 0.000000000000000000, -1.000000000000000000, 0.000000000000000000 ) ) ;
#8 = LINE ( 'NONE', #2537, #244 ) ;
#9 = ORIENTED_EDGE ( 'NONE', *, *, #3074, .F. ) ;
#10 = ORIENTED_EDGE ( 'NONE', *, *, #2727, .F. ) ;
#11 = VECTOR ( 'NONE', #1713, 1000.000000000000000 ) ;
#12 = ORIENTED_EDGE ( 'NONE', *, *, #4646, .T. ) ;
#13 = AXIS2_PLACEMENT_3D ( 'NONE', #1997, #1230, #4497 ) ;
#14 = DIRECTION ( 'NONE',  ( -0.2576626505603324402, 0.000000000000000000, 0.9662349396012461789 ) ) ;
#15 = DIRECTION ( 'NONE',  ( 0.000000000000000000, 0.000000000000000000, -1.000000000000000000 ) ) ;
#16 = CARTESIAN_POINT ( 'NONE',  ( 78.40593060247839219, 0.000000000000000000, 13.06606616216203776 ) ) ;
#17 = AXIS2_PLACEMENT_3D ( 'NONE', #4312, #2811, #3957 ) ;
#18 = VERTEX_POINT ( 'NONE', #2641 ) ;
#19 = CARTESIAN_POINT ( 'NONE',  ( 61.00000000000000000, 2.000000000000001776, 96.90598270084817045 ) ) ;
#20 = LINE ( 'NONE', #43, #3077 ) ;
#21 = FACE_OUTER_BOUND ( 'NONE', #3012, .T. ) ;
#22 = CARTESIAN_POINT ( 'NONE',  ( 75.79703977165694084, 3.000000000000000000, 17.56425342292120462 ) ) ;
#23 = ORIENTED_EDGE ( 'NONE', *, *, #3738, .T. ) ;
#24 = DIRECTION ( 'NONE',  ( 0.2576626505603324402, 0.000000000000000000, -0.9662349396012461789 ) ) ;
#25 = DIRECTION ( 'NONE',  ( 8.659560562354932858E-17, 0.7071067811865474617, -0.7071067811865474617 ) ) ;
#26 = EDGE_CURVE ( 'NONE', #226, #574, #3706, .T. ) ;
#27 = ORIENTED_EDGE ( 'NONE', *, *, #2151, .F. ) ;
#28 = DIRECTION ( 'NONE',  ( -0.000000000000000000, -1.000000000000000000, -0.000000000000000000 ) ) ;
#29 = DIRECTION ( 'NONE',  ( -0.8660254037844381525, 0.000000000000000000, -0.5000000000000008882 ) ) ;
#30 = ORIENTED_EDGE ( 'NONE', *, *, #4566, .T. ) ;
#31 = CARTESIAN_POINT ( 'NONE',  ( 0.000000000000000000, 3.000000000000000000, 0.000000000000000000 ) ) ;
#32 = DIRECTION ( 'NONE',  ( 0.000000000000000000, 1.000000000000000000, 0.000000000000000000 ) ) ;
#33 = ORIENTED_EDGE ( 'NONE', *, *, #1553, .F. ) ;
#34 = ADVANCED_FACE ( 'NONE', ( #4084 ), #506, .F. ) ;
#35 = LINE ( 'NONE', #1595, #3086 ) ;
#36 = LINE ( 'NONE', #3604, #2872 ) ;
#37 = ORIENTED_EDGE ( 'NONE', *, *, #960, .T. ) ;
#38 = DIRECTION ( 'NONE',  ( 0.000000000000000000, 0.000000000000000000, 1.000000000000000000 ) ) ;
#39 = VECTOR ( 'NONE', #3711, 1000.000000000000000 ) ;
#40 = EDGE_CURVE ( 'NONE', #1758, #2229, #767, .T. ) ;
#41 = ORIENTED_EDGE ( 'NONE', *, *, #3038, .F. ) ;
#42 = FACE_BOUND ( 'NONE', #2680, .T. ) ;
#43 = CARTESIAN_POINT ( 'NONE',  ( -10.29999999999999893, 0.000000000000000000, 28.92555455687870847 ) ) ;
#44 = LINE ( 'NONE', #815, #1971 ) ;
#45 = DIRECTION ( 'NONE',  ( 2.673639354406769807E-16, 0.000000000000000000, 1.000000000000000000 ) ) ;
#46 = AXIS2_PLACEMENT_3D ( 'NONE', #2474, #3228, #3257 ) ;
#47 = VERTEX_POINT ( 'NONE', #412 ) ;
#48 = CARTESIAN_POINT ( 'NONE',  ( -75.80105615545083708, 0.000000000000000000, 14.56534317385470878 ) ) ;
#49 = CARTESIAN_POINT ( 'NONE',  ( 76.00000000000001421, 10.00000000000000000, 21.25076433052315039 ) ) ;
#50 = ORIENTED_EDGE ( 'NONE', *, *, #3373, .T. ) ;
#51 = DIRECTION ( 'NONE',  ( 0.4947203262777915556, 0.000000000000000000, 0.8690522416791729432 ) ) ;
#52 = PLANE ( 'NONE',  #446 ) ;
#53 = ORIENTED_EDGE ( 'NONE', *, *, #3572, .T. ) ;
#54 = EDGE_CURVE ( 'NONE', #2438, #3519, #2702, .T. ) ;
#55 = AXIS2_PLACEMENT_3D ( 'NONE', #1824, #97, #2897 ) ;
#56 = DIRECTION ( 'NONE',  ( 0.000000000000000000, 0.000000000000000000, -1.000000000000000000 ) ) ;
#57 = EDGE_CURVE ( 'NONE', #1989, #4479, #140, .T. ) ;
#58 = CARTESIAN_POINT ( 'NONE',  ( -81.00000000000000000, 2.000000000000001776, 21.90598270084804966 ) ) ;
#59 = EDGE_LOOP ( 'NONE', ( #1076, #1741, #1778, #1118 ) ) ;
#60 = VERTEX_POINT ( 'NONE', #608 ) ;
#61 = AXIS2_PLACEMENT_3D ( 'NONE', #3749, #1920, #3374 ) ;
#62 = ORIENTED_EDGE ( 'NONE', *, *, #4250, .T. ) ;
#63 = DIRECTION ( 'NONE',  ( -0.8660254037844382635, 0.000000000000000000, -0.5000000000000006661 ) ) ;
#64 = LINE ( 'NONE', #3654, #4178 ) ;
#65 = ORIENTED_EDGE ( 'NONE', *, *, #555, .F. ) ;
#66 = CARTESIAN_POINT ( 'NONE',  ( 9.300000000000030909, -6.000000000000000000, 21.85598270084804895 ) ) ;
#67 = CARTESIAN_POINT ( 'NONE',  ( -11.96893163944603700, 2.200000000000000178, 86.98883784741830993 ) ) ;
#68 = FACE_OUTER_BOUND ( 'NONE', #486, .T. ) ;
#69 = ORIENTED_EDGE ( 'NONE', *, *, #1641, .F. ) ;
#70 = PLANE ( 'NONE',  #3344 ) ;
#71 = CARTESIAN_POINT ( 'NONE',  ( 76.00000000000001421, 5.000000000000000000, 21.25076433052315039 ) ) ;
#72 = CIRCLE ( 'NONE', #372, 2.649999999999999467 ) ;
#73 = ORIENTED_EDGE ( 'NONE', *, *, #1333, .F. ) ;
#74 = CARTESIAN_POINT ( 'NONE',  ( 9.300000000000030909, -6.000000000000000000, 20.60598270084804895 ) ) ;
#75 = DIRECTION ( 'NONE',  ( -1.000000000000000000, -0.000000000000000000, -0.000000000000000000 ) ) ;
#76 = ORIENTED_EDGE ( 'NONE', *, *, #2646, .F. ) ;
#77 = CARTESIAN_POINT ( 'NONE',  ( -47.00000000000000000, 2.500000000000000000, 101.0000000000000000 ) ) ;
#78 = LINE ( 'NONE', #1856, #3261 ) ;
#79 = VERTEX_POINT ( 'NONE', #1236 ) ;
#80 = CIRCLE ( 'NONE', #2185, 1.250000000000001110 ) ;
#81 = EDGE_CURVE ( 'NONE', #4202, #2512, #4066, .T. ) ;
#82 = EDGE_CURVE ( 'NONE', #977, #1162, #1322, .T. ) ;
#83 = VECTOR ( 'NONE', #648, 1000.000000000000000 ) ;
#84 = ORIENTED_EDGE ( 'NONE', *, *, #2585, .F. ) ;
#85 = EDGE_CURVE ( 'NONE', #2655, #577, #3392, .T. ) ;
#86 = VECTOR ( 'NONE', #14, 1000.000000000000114 ) ;
#87 = PLANE ( 'NONE',  #3089 ) ;
#88 = DIRECTION ( 'NONE',  ( 0.000000000000000000, 0.000000000000000000, 1.000000000000000000 ) ) ;
#89 = DIRECTION ( 'NONE',  ( 0.000000000000000000, 0.000000000000000000, 1.000000000000000000 ) ) ;
#90 = EDGE_CURVE ( 'NONE', #3942, #1957, #970, .T. ) ;
#91 = PLANE ( 'NONE',  #4143 ) ;
#92 = EDGE_CURVE ( 'NONE', #4027, #3753, #459, .T. ) ;
#93 = DIRECTION ( 'NONE',  ( 0.000000000000000000, -0.000000000000000000, 1.000000000000000000 ) ) ;
#94 = AXIS2_PLACEMENT_3D ( 'NONE', #879, #2660, #3743 ) ;
#95 = EDGE_LOOP ( 'NONE', ( #3495, #1651, #548, #2730 ) ) ;
#96 = DIRECTION ( 'NONE',  ( -0.7071067811865450192, 0.000000000000000000, -0.7071067811865500152 ) ) ;
#97 = DIRECTION ( 'NONE',  ( -0.000000000000000000, 1.000000000000000000, -0.000000000000000000 ) ) ;
#98 = AXIS2_PLACEMENT_3D ( 'NONE', #2180, #3621, #104 ) ;
#99 = ORIENTED_EDGE ( 'NONE', *, *, #1206, .F. ) ;
#100 = DIRECTION ( 'NONE',  ( 0.000000000000000000, 0.000000000000000000, -1.000000000000000000 ) ) ;
#101 = FACE_OUTER_BOUND ( 'NONE', #3945, .T. ) ;
#102 = EDGE_LOOP ( 'NONE', ( #3273, #2336, #1656, #3498 ) ) ;
#103 = DIRECTION ( 'NONE',  ( 0.000000000000000000, 0.000000000000000000, -1.000000000000000000 ) ) ;
#104 = DIRECTION ( 'NONE',  ( 0.000000000000000000, 0.000000000000000000, -1.000000000000000000 ) ) ;
#105 = ORIENTED_EDGE ( 'NONE', *, *, #2695, .T. ) ;
#106 = ORIENTED_EDGE ( 'NONE', *, *, #3546, .F. ) ;
#107 = CIRCLE ( 'NONE', #3042, 1.249999999999997558 ) ;
#108 = DIRECTION ( 'NONE',  ( 0.000000000000000000, -0.000000000000000000, 1.000000000000000000 ) ) ;
#109 = VECTOR ( 'NONE', #4032, 1000.000000000000114 ) ;
#110 = ADVANCED_FACE ( 'NONE', ( #1648 ), #522, .F. ) ;
#111 = EDGE_CURVE ( 'NONE', #2359, #2365, #3831, .T. ) ;
#112 = LINE ( 'NONE', #2891, #2772 ) ;
#113 = DIRECTION ( 'NONE',  ( 0.000000000000000000, 1.000000000000000000, 0.000000000000000000 ) ) ;
#114 = VECTOR ( 'NONE', #1023, 999.9999999999998863 ) ;
#115 = DIRECTION ( 'NONE',  ( -0.000000000000000000, 1.000000000000000000, -0.000000000000000000 ) ) ;
#116 = ORIENTED_EDGE ( 'NONE', *, *, #2898, .T. ) ;
#117 = ADVANCED_FACE ( 'NONE', ( #1630 ), #884, .F. ) ;
#118 = CARTESIAN_POINT ( 'NONE',  ( 40.74999999999976552, 10.00000000000000000, 45.50000000000012079 ) ) ;
#119 = CARTESIAN_POINT ( 'NONE',  ( -10.81690585313565833, 2.500000000000000000, 23.19679916792093266 ) ) ;
#120 = ORIENTED_EDGE ( 'NONE', *, *, #3488, .T. ) ;
#121 = CARTESIAN_POINT ( 'NONE',  ( 76.00000000000000000, 10.00000000000000000, -24.99999999999999645 ) ) ;
#122 = DIRECTION ( 'NONE',  ( 0.4999999999999992784, 0.000000000000000000, -0.8660254037844390407 ) ) ;
#123 = EDGE_LOOP ( 'NONE', ( #4635, #2908, #3820, #785 ) ) ;
#124 = FACE_OUTER_BOUND ( 'NONE', #2158, .T. ) ;
#125 = CARTESIAN_POINT ( 'NONE',  ( 79.00000000000004263, 5.000000000000000000, -30.00000000000000000 ) ) ;
#126 = ORIENTED_EDGE ( 'NONE', *, *, #4126, .T. ) ;
#127 = CARTESIAN_POINT ( 'NONE',  ( -18.03106836055345141, 2.200000000000000178, 87.01116215258194586 ) ) ;
#128 = VECTOR ( 'NONE', #414, 1000.000000000000000 ) ;
#129 = ORIENTED_EDGE ( 'NONE', *, *, #865, .T. ) ;
#130 = DIRECTION ( 'NONE',  ( 0.000000000000000000, 1.000000000000000000, 0.000000000000000000 ) ) ;
#131 = EDGE_CURVE ( 'NONE', #3849, #1387, #72, .T. ) ;
#132 = DIRECTION ( 'NONE',  ( 0.000000000000000000, 0.000000000000000000, -1.000000000000000000 ) ) ;
#133 = DIRECTION ( 'NONE',  ( -5.299285731321464636E-16, 0.000000000000000000, 1.000000000000000000 ) ) ;
#134 = EDGE_CURVE ( 'NONE', #1825, #1363, #901, .T. ) ;
#135 = EDGE_CURVE ( 'NONE', #3213, #3852, #567, .T. ) ;
#136 = DIRECTION ( 'NONE',  ( 0.4947203262777915000, 0.000000000000000000, 0.8690522416791728322 ) ) ;
#137 = EDGE_LOOP ( 'NONE', ( #1054, #4316, #4195, #569 ) ) ;
#138 = CARTESIAN_POINT ( 'NONE',  ( -40.74999999999979394, 0.000000000000000000, 45.50000000000012079 ) ) ;
#139 = ORIENTED_EDGE ( 'NONE', *, *, #1300, .T. ) ;
#140 = LINE ( 'NONE', #3765, #1348 ) ;
#141 = CARTESIAN_POINT ( 'NONE',  ( 15.00000000000025402, 2.200000000000000622, 88.25000000000012790 ) ) ;
#142 = LINE ( 'NONE', #508, #3897 ) ;
#143 = ORIENTED_EDGE ( 'NONE', *, *, #504, .T. ) ;
#144 = CARTESIAN_POINT ( 'NONE',  ( 75.79703977165694084, 0.000000000000000000, 17.56425342292120462 ) ) ;
#145 = VECTOR ( 'NONE', #207, 1000.000000000000114 ) ;
#146 = ORIENTED_EDGE ( 'NONE', *, *, #1752, .F. ) ;
#147 = CARTESIAN_POINT ( 'NONE',  ( 40.74999999999977263, 5.000000000000000000, 6.896583575224837079E-15 ) ) ;
#148 = EDGE_CURVE ( 'NONE', #1048, #2987, #1585, .T. ) ;
#149 = EDGE_LOOP ( 'NONE', ( #12, #3087, #2762, #938 ) ) ;
#150 = AXIS2_PLACEMENT_3D ( 'NONE', #1692, #677, #3935 ) ;
#151 = ORIENTED_EDGE ( 'NONE', *, *, #4512, .T. ) ;
#152 = ADVANCED_BREP_SHAPE_REPRESENTATION ( 'paa5100je_bottom_mount', ( #1289, #4349 ), #3736 ) ;
#153 = CIRCLE ( 'NONE', #3159, 1.250000000000001110 ) ;
#154 = LINE ( 'NONE', #4099, #3655 ) ;
#155 = CARTESIAN_POINT ( 'NONE',  ( 42.99999999999977973, 10.00000000000000000, 45.50000000000012079 ) ) ;
#156 = AXIS2_PLACEMENT_3D ( 'NONE', #1807, #2672, #368 ) ;
#157 = DIRECTION ( 'NONE',  ( 0.8660254037844389297, 0.000000000000000000, 0.4999999999999994449 ) ) ;
#158 = CARTESIAN_POINT ( 'NONE',  ( 42.99999999999978684, 0.000000000000000000, 4.500000000000170530 ) ) ;
#159 = VECTOR ( 'NONE', #1934, 1000.000000000000114 ) ;
#160 = VERTEX_POINT ( 'NONE', #232 ) ;
#161 = DIRECTION ( 'NONE',  ( 0.5773502691896272854, -0.5773502691896250649, 0.5773502691896250649 ) ) ;
#162 = ORIENTED_EDGE ( 'NONE', *, *, #852, .T. ) ;
#163 = DIRECTION ( 'NONE',  ( -0.000000000000000000, -1.000000000000000000, -0.000000000000000000 ) ) ;
#164 = AXIS2_PLACEMENT_3D ( 'NONE', #1272, #2697, #3437 ) ;
#165 = DIRECTION ( 'NONE',  ( -0.000000000000000000, 1.000000000000000000, -0.000000000000000000 ) ) ;
#166 = FACE_OUTER_BOUND ( 'NONE', #4491, .T. ) ;
#167 = ORIENTED_EDGE ( 'NONE', *, *, #4091, .T. ) ;
#168 = LINE ( 'NONE', #828, #1114 ) ;
#169 = AXIS2_PLACEMENT_3D ( 'NONE', #3081, #3771, #4525 ) ;
#170 = EDGE_CURVE ( 'NONE', #2177, #1195, #4519, .T. ) ;
#171 = LINE ( 'NONE', #3105, #4610 ) ;
#172 = EDGE_LOOP ( 'NONE', ( #1151, #1488, #2551, #162 ) ) ;
#173 = DIRECTION ( 'NONE',  ( 0.000000000000000000, 1.000000000000000000, 0.000000000000000000 ) ) ;
#174 = ORIENTED_EDGE ( 'NONE', *, *, #1505, .T. ) ;
#175 = EDGE_CURVE ( 'NONE', #652, #519, #1299, .T. ) ;
#176 = VERTEX_POINT ( 'NONE', #3747 ) ;
#177 = CARTESIAN_POINT ( 'NONE',  ( 75.80297037413535577, 0.000000000000000000, 14.56203788081107398 ) ) ;
#178 = VECTOR ( 'NONE', #4209, 999.9999999999998863 ) ;
#179 = LINE ( 'NONE', #1623, #2937 ) ;
#180 = LINE ( 'NONE', #1952, #1745 ) ;
#181 = ORIENTED_EDGE ( 'NONE', *, *, #2458, .F. ) ;
#182 = VECTOR ( 'NONE', #4667, 1000.000000000000000 ) ;
#183 = ORIENTED_EDGE ( 'NONE', *, *, #3948, .F. ) ;
#184 = CARTESIAN_POINT ( 'NONE',  ( -80.99894384454913165, 3.000000000000000000, 17.57122023468964045 ) ) ;
#185 = ORIENTED_EDGE ( 'NONE', *, *, #4574, .T. ) ;
#186 = AXIS2_PLACEMENT_3D ( 'NONE', #4466, #4048, #4112 ) ;
#187 = DIRECTION ( 'NONE',  ( -0.000000000000000000, -1.000000000000000000, -0.000000000000000000 ) ) ;
#188 = PLANE ( 'NONE',  #2037 ) ;
#189 = CARTESIAN_POINT ( 'NONE',  ( 9.300000000000030909, -1.000000000000014655, 20.60598270084804895 ) ) ;
#190 = VERTEX_POINT ( 'NONE', #948 ) ;
#191 = AXIS2_PLACEMENT_3D ( 'NONE', #2725, #1711, #4191 ) ;
#192 = DIRECTION ( 'NONE',  ( 0.000000000000000000, 1.000000000000000000, 0.000000000000000000 ) ) ;
#193 = DIRECTION ( 'NONE',  ( 0.2576626505603321626, -0.000000000000000000, 0.9662349396012462899 ) ) ;
#194 = ORIENTED_EDGE ( 'NONE', *, *, #1913, .T. ) ;
#195 = CARTESIAN_POINT ( 'NONE',  ( 0.000000000000000000, 2.200000000000000178, 0.000000000000000000 ) ) ;
#196 = EDGE_CURVE ( 'NONE', #1726, #3661, #2377, .T. ) ;
#197 = ORIENTED_EDGE ( 'NONE', *, *, #1244, .T. ) ;
#198 = EDGE_CURVE ( 'NONE', #1590, #3695, #2023, .T. ) ;
#199 = AXIS2_PLACEMENT_3D ( 'NONE', #1171, #3303, #3722 ) ;
#200 = ORIENTED_EDGE ( 'NONE', *, *, #3690, .F. ) ;
#201 = LINE ( 'NONE', #914, #1476 ) ;
#202 = DIRECTION ( 'NONE',  ( 0.000000000000000000, 0.000000000000000000, -1.000000000000000000 ) ) ;
#203 = CARTESIAN_POINT ( 'NONE',  ( 79.00000000000001421, 0.000000000000000000, -24.98948490156884716 ) ) ;
#204 = EDGE_LOOP ( 'NONE', ( #3665, #4017, #268, #3638 ) ) ;
#205 = DIRECTION ( 'NONE',  ( -0.000000000000000000, -1.000000000000000000, -0.000000000000000000 ) ) ;
#206 = CONICAL_SURFACE ( 'NONE', #2836, 1.500000000000001332, 0.7853981633974487231 ) ;
#207 = DIRECTION ( 'NONE',  ( 0.8663767669259548887, 0.000000000000000000, 0.4993909267607188340 ) ) ;
#208 = CYLINDRICAL_SURFACE ( 'NONE', #1420, 1.250000000000001110 ) ;
#209 = ORIENTED_EDGE ( 'NONE', *, *, #1173, .T. ) ;
#210 = FACE_OUTER_BOUND ( 'NONE', #4434, .T. ) ;
#211 = CARTESIAN_POINT ( 'NONE',  ( -13.47479911202610481, 0.000000000000000000, 89.61940112455596363 ) ) ;
#212 = VECTOR ( 'NONE', #2622, 1000.000000000000000 ) ;
#213 = VERTEX_POINT ( 'NONE', #4542 ) ;
#214 = DIRECTION ( 'NONE',  ( 0.000000000000000000, 0.000000000000000000, 1.000000000000000000 ) ) ;
#215 = ADVANCED_FACE ( 'NONE', ( #1737 ), #4647, .T. ) ;
#216 = AXIS2_PLACEMENT_3D ( 'NONE', #2397, #187, #3028 ) ;
#217 = EDGE_LOOP ( 'NONE', ( #3841, #3064 ) ) ;
#218 = CARTESIAN_POINT ( 'NONE',  ( -10.78525995046028996, 2.500000000000000000, 17.99689546334679591 ) ) ;
#219 = EDGE_CURVE ( 'NONE', #2101, #3525, #80, .T. ) ;
#220 = ORIENTED_EDGE ( 'NONE', *, *, #435, .F. ) ;
#221 = ADVANCED_FACE ( 'NONE', ( #1444 ), #276, .F. ) ;
#222 = ADVANCED_FACE ( 'NONE', ( #2764 ), #4264, .F. ) ;
#223 = CARTESIAN_POINT ( 'NONE',  ( 78.40593060247839219, 3.000000000000000000, 13.06606616216203776 ) ) ;
#224 = VECTOR ( 'NONE', #631, 1000.000000000000000 ) ;
#225 = CARTESIAN_POINT ( 'NONE',  ( -78.39999999999999147, 3.000000000000000888, 16.06828170427217728 ) ) ;
#226 = VERTEX_POINT ( 'NONE', #350 ) ;
#227 = DIRECTION ( 'NONE',  ( -1.000000000000000000, 0.000000000000000000, 0.000000000000000000 ) ) ;
#228 = VERTEX_POINT ( 'NONE', #2447 ) ;
#229 = DIRECTION ( 'NONE',  ( -0.000000000000000000, -1.000000000000000000, -0.000000000000000000 ) ) ;
#230 = CIRCLE ( 'NONE', #1965, 1.250000000000001110 ) ;
#231 = EDGE_CURVE ( 'NONE', #1033, #79, #1588, .T. ) ;
#232 = CARTESIAN_POINT ( 'NONE',  ( -40.74999999999978684, 5.000000000000000000, 4.500000000000142997 ) ) ;
#233 =( NAMED_UNIT ( * ) PLANE_ANGLE_UNIT ( ) SI_UNIT ( $, .RADIAN. ) );
#234 = AXIS2_PLACEMENT_3D ( 'NONE', #3643, #1522, #1940 ) ;
#235 = CARTESIAN_POINT ( 'NONE',  ( -7.799999999999968736, -6.000000000000000000, 31.92555455687869781 ) ) ;
#236 = VERTEX_POINT ( 'NONE', #3146 ) ;
#237 = CARTESIAN_POINT ( 'NONE',  ( -80.99999999999990052, 3.000000000000000000, 16.06919580542166059 ) ) ;
#238 = DIRECTION ( 'NONE',  ( 0.000000000000000000, -0.000000000000000000, -1.000000000000000000 ) ) ;
#239 = EDGE_LOOP ( 'NONE', ( #366, #4083 ) ) ;
#240 = DIRECTION ( 'NONE',  ( 0.000000000000000000, -1.000000000000000000, 0.000000000000000000 ) ) ;
#241 = VECTOR ( 'NONE', #3824, 1000.000000000000000 ) ;
#242 = ORIENTED_EDGE ( 'NONE', *, *, #2220, .F. ) ;
#243 = CARTESIAN_POINT ( 'NONE',  ( -80.99999999999998579, 3.000000000000000000, -23.83897132671138053 ) ) ;
#244 = VECTOR ( 'NONE', #3975, 999.9999999999998863 ) ;
#245 = EDGE_CURVE ( 'NONE', #213, #3213, #1366, .T. ) ;
#246 = CARTESIAN_POINT ( 'NONE',  ( 13.48445554337749819, 0.000000000000000000, 84.37500000000012790 ) ) ;
#247 = CARTESIAN_POINT ( 'NONE',  ( -81.00000000000000000, 5.000000000000000000, 16.06919580517689283 ) ) ;
#248 = ORIENTED_EDGE ( 'NONE', *, *, #4051, .F. ) ;
#249 = DIRECTION ( 'NONE',  ( 0.000000000000000000, -1.000000000000000000, 0.000000000000000000 ) ) ;
#250 = EDGE_CURVE ( 'NONE', #4096, #726, #3883, .T. ) ;
#251 = ORIENTED_EDGE ( 'NONE', *, *, #4500, .T. ) ;
#252 = CARTESIAN_POINT ( 'NONE',  ( 75.80297037413535577, 3.000000000000000000, 14.56203788081107398 ) ) ;
#253 = ADVANCED_FACE ( 'NONE', ( #3123, #3504 ), #3226, .T. ) ;
#254 = DIRECTION ( 'NONE',  ( 0.000000000000000000, 0.000000000000000000, 1.000000000000000000 ) ) ;
#255 = CARTESIAN_POINT ( 'NONE',  ( -47.00000000000000000, 3.999999999999988898, 101.0000000000000000 ) ) ;
#256 = AXIS2_PLACEMENT_3D ( 'NONE', #3318, #3247, #88 ) ;
#257 = CARTESIAN_POINT ( 'NONE',  ( -75.99999999999998579, 5.000000000000000000, 21.25076433052313618 ) ) ;
#258 = ORIENTED_EDGE ( 'NONE', *, *, #1510, .F. ) ;
#259 = DIRECTION ( 'NONE',  ( -0.000000000000000000, -1.000000000000000000, -0.000000000000000000 ) ) ;
#260 = DIRECTION ( 'NONE',  ( 0.000000000000000000, 0.000000000000000000, -1.000000000000000000 ) ) ;
#261 = ORIENTED_EDGE ( 'NONE', *, *, #1505, .F. ) ;
#262 = FACE_OUTER_BOUND ( 'NONE', #3744, .T. ) ;
#263 = VECTOR ( 'NONE', #1611, 1000.000000000000000 ) ;
#264 = EDGE_CURVE ( 'NONE', #2229, #2655, #4565, .T. ) ;
#265 = EDGE_LOOP ( 'NONE', ( #3443, #1084, #3183, #4644 ) ) ;
#266 = EDGE_LOOP ( 'NONE', ( #836, #4073, #4249, #3402 ) ) ;
#267 = VERTEX_POINT ( 'NONE', #4673 ) ;
#268 = ORIENTED_EDGE ( 'NONE', *, *, #1681, .F. ) ;
#269 = CARTESIAN_POINT ( 'NONE',  ( 10.80111069989306216, 5.000000000000000000, 23.20598270084804682 ) ) ;
#270 = DIRECTION ( 'NONE',  ( -0.000000000000000000, 1.000000000000000000, -0.000000000000000000 ) ) ;
#271 = EDGE_CURVE ( 'NONE', #4202, #2990, #4211, .T. ) ;
#272 = LINE ( 'NONE', #319, #3574 ) ;
#273 = EDGE_LOOP ( 'NONE', ( #2858, #1719, #2094, #4341 ) ) ;
#274 = DIRECTION ( 'NONE',  ( -0.000000000000000000, 1.000000000000000000, -0.000000000000000000 ) ) ;
#275 = ADVANCED_FACE ( 'NONE', ( #993 ), #3173, .F. ) ;
#276 = CYLINDRICAL_SURFACE ( 'NONE', #1810, 1.250000000000001110 ) ;
#277 = DIRECTION ( 'NONE',  ( 0.000000000000000000, 0.000000000000000000, 1.000000000000000000 ) ) ;
#278 = EDGE_CURVE ( 'NONE', #2365, #2706, #2522, .T. ) ;
#279 = DIRECTION ( 'NONE',  ( 0.000000000000000000, 1.000000000000000000, 0.000000000000000000 ) ) ;
#280 = ORIENTED_EDGE ( 'NONE', *, *, #3068, .F. ) ;
#281 = PLANE ( 'NONE',  #3497 ) ;
#282 = CARTESIAN_POINT ( 'NONE',  ( 50.00000000000000000, 2.500000000000000000, 110.0000000000000000 ) ) ;
#283 = EDGE_LOOP ( 'NONE', ( #4183, #3050, #2240, #2674 ) ) ;
#284 = DIRECTION ( 'NONE',  ( 0.2576626505603321626, 0.000000000000000000, 0.9662349396012462899 ) ) ;
#285 = VERTEX_POINT ( 'NONE', #1559 ) ;
#286 = LINE ( 'NONE', #4603, #422 ) ;
#287 = CYLINDRICAL_SURFACE ( 'NONE', #1676, 1.249999999999997558 ) ;
#288 = ORIENTED_EDGE ( 'NONE', *, *, #4051, .T. ) ;
#289 = EDGE_CURVE ( 'NONE', #4047, #989, #2592, .T. ) ;
#290 = ORIENTED_EDGE ( 'NONE', *, *, #4138, .F. ) ;
#291 = ORIENTED_EDGE ( 'NONE', *, *, #3254, .T. ) ;
#292 = CARTESIAN_POINT ( 'NONE',  ( 42.99999999999978684, 0.000000000000000000, 2.250000000000168754 ) ) ;
#293 = DIRECTION ( 'NONE',  ( 0.000000000000000000, 0.000000000000000000, -1.000000000000000000 ) ) ;
#294 = CARTESIAN_POINT ( 'NONE',  ( -78.99999999999998579, 0.000000000000000000, 21.64389535271808640 ) ) ;
#295 = ORIENTED_EDGE ( 'NONE', *, *, #622, .T. ) ;
#296 = CARTESIAN_POINT ( 'NONE',  ( -75.79894513005741885, 3.000000000000000000, 17.56756383145217981 ) ) ;
#297 = FACE_OUTER_BOUND ( 'NONE', #1306, .T. ) ;
#298 = VECTOR ( 'NONE', #1229, 1000.000000000000114 ) ;
#299 = LINE ( 'NONE', #1740, #3372 ) ;
#300 = ORIENTED_EDGE ( 'NONE', *, *, #1009, .T. ) ;
#301 = CARTESIAN_POINT ( 'NONE',  ( 76.00000000000001421, 10.00000000000000000, 21.25076433052315039 ) ) ;
#302 = FACE_BOUND ( 'NONE', #521, .T. ) ;
#303 = ORIENTED_EDGE ( 'NONE', *, *, #2319, .F. ) ;
#304 = CIRCLE ( 'NONE', #1290, 1.500000000000001332 ) ;
#305 = DIRECTION ( 'NONE',  ( -0.000000000000000000, 1.000000000000000000, -0.000000000000000000 ) ) ;
#306 = CARTESIAN_POINT ( 'NONE',  ( 50.00000000000000000, 2.500000000000000000, 110.0000000000000000 ) ) ;
#307 = ORIENTED_EDGE ( 'NONE', *, *, #696, .T. ) ;
#308 = CIRCLE ( 'NONE', #4011, 2.500000000000030198 ) ;
#309 = PLANE ( 'NONE',  #4533 ) ;
#310 = ORIENTED_EDGE ( 'NONE', *, *, #3401, .F. ) ;
#311 = CIRCLE ( 'NONE', #4529, 1.249999999999997558 ) ;
#312 = ORIENTED_EDGE ( 'NONE', *, *, #4581, .T. ) ;
#313 = EDGE_CURVE ( 'NONE', #1639, #652, #3609, .T. ) ;
#314 = AXIS2_PLACEMENT_3D ( 'NONE', #1963, #2007, #3445 ) ;
#315 = ORIENTED_EDGE ( 'NONE', *, *, #1742, .F. ) ;
#316 = CARTESIAN_POINT ( 'NONE',  ( 81.00000000000001421, 2.000000000000001776, 21.90598270084813493 ) ) ;
#317 = CARTESIAN_POINT ( 'NONE',  ( -59.00000000000001421, 0.000000000000000000, 96.64389535271806153 ) ) ;
#318 = VERTEX_POINT ( 'NONE', #476 ) ;
#319 = CARTESIAN_POINT ( 'NONE',  ( -55.00000000000002132, 5.000000000000000000, 110.0000000000000000 ) ) ;
#320 = VERTEX_POINT ( 'NONE', #733 ) ;
#321 = PLANE ( 'NONE',  #1552 ) ;
#322 = DIRECTION ( 'NONE',  ( -0.000000000000000000, -1.000000000000000000, -0.000000000000000000 ) ) ;
#323 = DIRECTION ( 'NONE',  ( 0.000000000000000000, 1.000000000000000000, 0.000000000000000000 ) ) ;
#324 = ORIENTED_EDGE ( 'NONE', *, *, #1557, .T. ) ;
#325 = CARTESIAN_POINT ( 'NONE',  ( 13.48445554337749819, 2.200000000000000178, 84.37500000000012790 ) ) ;
#326 = AXIS2_PLACEMENT_3D ( 'NONE', #1771, #1372, #3204 ) ;
#327 = DIRECTION ( 'NONE',  ( 0.003682555313065100002, -0.000000000000000000, 0.9999932193701946970 ) ) ;
#328 = VECTOR ( 'NONE', #1870, 1000.000000000000000 ) ;
#329 = ORIENTED_EDGE ( 'NONE', *, *, #4593, .T. ) ;
#330 = FACE_OUTER_BOUND ( 'NONE', #172, .T. ) ;
#331 = EDGE_CURVE ( 'NONE', #1148, #3864, #376, .T. ) ;
#332 = LINE ( 'NONE', #4330, #356 ) ;
#333 = VECTOR ( 'NONE', #2588, 1000.000000000000227 ) ;
#334 = ORIENTED_EDGE ( 'NONE', *, *, #3254, .F. ) ;
#335 = FACE_OUTER_BOUND ( 'NONE', #526, .T. ) ;
#336 = DIRECTION ( 'NONE',  ( -0.8675199422708557151, 0.000000000000000000, 0.4974024022482914642 ) ) ;
#337 = EDGE_LOOP ( 'NONE', ( #3710, #3040, #4004, #4449 ) ) ;
#338 = EDGE_CURVE ( 'NONE', #3327, #3817, #3634, .T. ) ;
#339 = VECTOR ( 'NONE', #1879, 1000.000000000000000 ) ;
#340 = VERTEX_POINT ( 'NONE', #403 ) ;
#341 = EDGE_CURVE ( 'NONE', #3835, #3315, #112, .T. ) ;
#342 = ORIENTED_EDGE ( 'NONE', *, *, #2903, .F. ) ;
#343 = DIRECTION ( 'NONE',  ( 0.5052611553710814052, 0.000000000000000000, -0.8629664911646801606 ) ) ;
#344 = CARTESIAN_POINT ( 'NONE',  ( 81.00000000000001421, 1.999999999999998224, 16.07084973297153851 ) ) ;
#345 = CIRCLE ( 'NONE', #3289, 1.250000000000001110 ) ;
#346 = CARTESIAN_POINT ( 'NONE',  ( 56.00000000000000000, 5.000000000000000000, 110.0000000000000142 ) ) ;
#347 = VERTEX_POINT ( 'NONE', #3657 ) ;
#348 = CYLINDRICAL_SURFACE ( 'NONE', #4477, 1.250000000000001110 ) ;
#349 = EDGE_CURVE ( 'NONE', #2490, #1064, #2934, .T. ) ;
#350 = CARTESIAN_POINT ( 'NONE',  ( 46.99999999999997158, 5.000000000000000000, 96.99999999999997158 ) ) ;
#351 = EDGE_CURVE ( 'NONE', #471, #4650, #20, .T. ) ;
#352 = CARTESIAN_POINT ( 'NONE',  ( -9.299999999999968736, -6.000000000000000000, 20.60598270084804895 ) ) ;
#353 = DIRECTION ( 'NONE',  ( 1.000000000000000000, 0.000000000000000000, 0.000000000000000000 ) ) ;
#354 = ORIENTED_EDGE ( 'NONE', *, *, #4512, .F. ) ;
#355 = DIRECTION ( 'NONE',  ( 1.000000000000000000, 0.000000000000000000, -3.000553181919163031E-16 ) ) ;
#356 = VECTOR ( 'NONE', #2534, 1000.000000000000000 ) ;
#357 = CARTESIAN_POINT ( 'NONE',  ( -10.81690585313565833, 2.500000000000000000, 23.19679916792093266 ) ) ;
#358 = VERTEX_POINT ( 'NONE', #2263 ) ;
#359 = CARTESIAN_POINT ( 'NONE',  ( -78.40211102539342392, 3.000000000000000000, 13.06606104667467250 ) ) ;
#360 = LINE ( 'NONE', #3645, #3978 ) ;
#361 = ORIENTED_EDGE ( 'NONE', *, *, #3067, .T. ) ;
#362 = DIRECTION ( 'NONE',  ( -0.6540040068579852095, 0.6540040068579827670, -0.3802072040708910361 ) ) ;
#363 = EDGE_CURVE ( 'NONE', #1484, #1733, #1495, .T. ) ;
#364 = DIRECTION ( 'NONE',  ( -0.000000000000000000, 1.000000000000000000, -0.000000000000000000 ) ) ;
#365 = ORIENTED_EDGE ( 'NONE', *, *, #313, .F. ) ;
#366 = ORIENTED_EDGE ( 'NONE', *, *, #3454, .T. ) ;
#367 = EDGE_LOOP ( 'NONE', ( #2160, #531, #1799, #4231, #3299, #1668, #4469, #3723, #1841, #2146, #4110, #3630 ) ) ;
#368 = DIRECTION ( 'NONE',  ( 0.000000000000000000, 0.000000000000000000, 1.000000000000000000 ) ) ;
#369 = CARTESIAN_POINT ( 'NONE',  ( -78.65372625720931410, 10.00000000000000000, -20.93718474039629740 ) ) ;
#370 = ORIENTED_EDGE ( 'NONE', *, *, #3373, .F. ) ;
#371 = LINE ( 'NONE', #1811, #1107 ) ;
#372 = AXIS2_PLACEMENT_3D ( 'NONE', #4501, #3370, #2001 ) ;
#373 = PRODUCT_DEFINITION ( 'UNKNOWN', '', #3876, #4164 ) ;
#374 = VERTEX_POINT ( 'NONE', #2615 ) ;
#375 = CARTESIAN_POINT ( 'NONE',  ( 81.00296022834304210, 3.000000000000000000, 14.57230998562313040 ) ) ;
#376 = LINE ( 'NONE', #1866, #382 ) ;
#377 = ORIENTED_EDGE ( 'NONE', *, *, #2960, .T. ) ;
#378 = LINE ( 'NONE', #680, #3225 ) ;
#379 = EDGE_LOOP ( 'NONE', ( #307, #3171, #1851, #532 ) ) ;
#380 = ADVANCED_FACE ( 'NONE', ( #2547 ), #4346, .F. ) ;
#381 = CARTESIAN_POINT ( 'NONE',  ( -13.49413252741967639, 2.200000000000000178, 84.36943672286245999 ) ) ;
#382 = VECTOR ( 'NONE', #1469, 1000.000000000000114 ) ;
#383 = DIRECTION ( 'NONE',  ( 0.9999814816488731273, 0.000000000000000000, 0.006085750514492285594 ) ) ;
#384 = ORIENTED_EDGE ( 'NONE', *, *, #821, .T. ) ;
#385 = DIRECTION ( 'NONE',  ( -0.8660254037844385966, 0.000000000000000000, 0.4999999999999999445 ) ) ;
#386 = VECTOR ( 'NONE', #4187, 1000.000000000000000 ) ;
#387 = CARTESIAN_POINT ( 'NONE',  ( 7.798889300107008538, 2.500000000000000000, 23.20598270084804682 ) ) ;
#388 = ORIENTED_EDGE ( 'NONE', *, *, #2319, .T. ) ;
#389 = LINE ( 'NONE', #4380, #3582 ) ;
#390 = DIRECTION ( 'NONE',  ( 0.000000000000000000, 0.000000000000000000, 1.000000000000000000 ) ) ;
#391 = VECTOR ( 'NONE', #3592, 1000.000000000000114 ) ;
#392 = ORIENTED_EDGE ( 'NONE', *, *, #3041, .T. ) ;
#393 = AXIS2_PLACEMENT_3D ( 'NONE', #1046, #3227, #1393 ) ;
#394 = EDGE_LOOP ( 'NONE', ( #2936, #1000, #4430, #288 ) ) ;
#395 = AXIS2_PLACEMENT_3D ( 'NONE', #2613, #3297, #1837 ) ;
#396 = DIRECTION ( 'NONE',  ( -0.2576626505603323292, -0.000000000000000000, -0.9662349396012462899 ) ) ;
#397 = DIRECTION ( 'NONE',  ( 0.000000000000000000, 0.000000000000000000, -1.000000000000000000 ) ) ;
#398 = EDGE_LOOP ( 'NONE', ( #2174, #1436, #200, #1802 ) ) ;
#399 = LINE ( 'NONE', #16, #2524 ) ;
#400 = VECTOR ( 'NONE', #2670, 1000.000000000000000 ) ;
#401 = EDGE_LOOP ( 'NONE', ( #4516, #3192, #3672, #185 ) ) ;
#402 = CARTESIAN_POINT ( 'NONE',  ( 45.24999999999977263, 10.00000000000000000, 45.50000000000012079 ) ) ;
#403 = CARTESIAN_POINT ( 'NONE',  ( -51.00000000000003553, 5.000000000000000000, 110.0000000000000000 ) ) ;
#404 = CARTESIAN_POINT ( 'NONE',  ( 9.300000000000030909, -6.000000000000000000, 17.95598270084804682 ) ) ;
#405 = ADVANCED_FACE ( 'NONE', ( #1122 ), #91, .T. ) ;
#406 = ORIENTED_EDGE ( 'NONE', *, *, #1909, .T. ) ;
#407 = EDGE_CURVE ( 'NONE', #2054, #3449, #2981, .T. ) ;
#408 = DIRECTION ( 'NONE',  ( 0.000000000000000000, 0.000000000000000000, 1.000000000000000000 ) ) ;
#409 = ORIENTED_EDGE ( 'NONE', *, *, #92, .T. ) ;
#410 = DIRECTION ( 'NONE',  ( 0.000000000000000000, 0.000000000000000000, -1.000000000000000000 ) ) ;
#411 = LINE ( 'NONE', #3968, #4357 ) ;
#412 = CARTESIAN_POINT ( 'NONE',  ( -56.00000000000002132, 5.000000000000000000, 96.25076433052301184 ) ) ;
#413 = DIRECTION ( 'NONE',  ( 0.4999999999999995559, 0.000000000000000000, -0.8660254037844389297 ) ) ;
#414 = DIRECTION ( 'NONE',  ( -2.673639354406769807E-16, 0.000000000000000000, -1.000000000000000000 ) ) ;
#415 = VERTEX_POINT ( 'NONE', #66 ) ;
#416 = CARTESIAN_POINT ( 'NONE',  ( -9.299999999999968736, -6.000000000000000000, 31.92555455687869070 ) ) ;
#417 = CIRCLE ( 'NONE', #3663, 2.250000000000001776 ) ;
#418 = LINE ( 'NONE', #4072, #2876 ) ;
#419 = ORIENTED_EDGE ( 'NONE', *, *, #3135, .T. ) ;
#420 = EDGE_CURVE ( 'NONE', #1155, #2724, #1513, .T. ) ;
#421 = ORIENTED_EDGE ( 'NONE', *, *, #1752, .T. ) ;
#422 = VECTOR ( 'NONE', #1134, 1000.000000000000000 ) ;
#423 = ORIENTED_EDGE ( 'NONE', *, *, #3915, .T. ) ;
#424 = CARTESIAN_POINT ( 'NONE',  ( -81.24921597076824753, 3.000000000000000000, -23.69608052213312277 ) ) ;
#425 = CARTESIAN_POINT ( 'NONE',  ( -51.00000000000003553, 5.000000000000000000, 101.0000000000000142 ) ) ;
#426 = VECTOR ( 'NONE', #3266, 1000.000000000000000 ) ;
#427 = ORIENTED_EDGE ( 'NONE', *, *, #491, .F. ) ;
#428 = FACE_OUTER_BOUND ( 'NONE', #3571, .T. ) ;
#429 = ADVANCED_FACE ( 'NONE', ( #428 ), #4392, .F. ) ;
#430 = FACE_OUTER_BOUND ( 'NONE', #890, .T. ) ;
#431 = CARTESIAN_POINT ( 'NONE',  ( 16.51554445662301873, 2.200000000000000178, 89.62500000000012790 ) ) ;
#432 = VECTOR ( 'NONE', #45, 1000.000000000000000 ) ;
#433 = ORIENTED_EDGE ( 'NONE', *, *, #620, .T. ) ;
#434 = CARTESIAN_POINT ( 'NONE',  ( 54.50000000000029132, 10.00000000000000000, -54.49999999999990763 ) ) ;
#435 = EDGE_CURVE ( 'NONE', #2071, #2951, #4035, .T. ) ;
#436 = DIRECTION ( 'NONE',  ( 2.775557561562875574E-15, 0.000000000000000000, -1.000000000000000000 ) ) ;
#437 = ORIENTED_EDGE ( 'NONE', *, *, #3977, .F. ) ;
#438 = EDGE_CURVE ( 'NONE', #1457, #3449, #1538, .T. ) ;
#439 = CARTESIAN_POINT ( 'NONE',  ( -50.00000000000000000, 2.500000000000000000, 101.0000000000000142 ) ) ;
#440 = CARTESIAN_POINT ( 'NONE',  ( 75.80297037413535577, 0.000000000000000000, 14.56203788081107398 ) ) ;
#441 = ORIENTED_EDGE ( 'NONE', *, *, #1587, .T. ) ;
#442 = LINE ( 'NONE', #720, #1691 ) ;
#443 = EDGE_CURVE ( 'NONE', #685, #1680, #1190, .T. ) ;
#444 = LINE ( 'NONE', #1832, #2284 ) ;
#445 = ORIENTED_EDGE ( 'NONE', *, *, #3801, .F. ) ;
#446 = AXIS2_PLACEMENT_3D ( 'NONE', #3972, #770, #3207 ) ;
#447 = CONICAL_SURFACE ( 'NONE', #1130, 2.649999999999999467, 0.7853981633974482790 ) ;
#448 = EDGE_CURVE ( 'NONE', #2291, #2706, #2634, .T. ) ;
#449 = ADVANCED_FACE ( 'NONE', ( #2677 ), #4495, .F. ) ;
#450 = ORIENTED_EDGE ( 'NONE', *, *, #3424, .T. ) ;
#451 = FACE_OUTER_BOUND ( 'NONE', #1423, .T. ) ;
#452 = FACE_OUTER_BOUND ( 'NONE', #3136, .T. ) ;
#453 = CARTESIAN_POINT ( 'NONE',  ( 16.51554445662303294, 2.200000000000000178, 84.37500000000012790 ) ) ;
#454 = DIRECTION ( 'NONE',  ( -2.673639354406774245E-16, 0.000000000000000000, 1.000000000000000000 ) ) ;
#455 = DIRECTION ( 'NONE',  ( 2.673639354406769807E-16, 0.000000000000000000, 1.000000000000000000 ) ) ;
#456 = ORIENTED_EDGE ( 'NONE', *, *, #1734, .F. ) ;
#457 = CARTESIAN_POINT ( 'NONE',  ( 81.00000000000001421, 2.000000000000001776, 21.90598270084813493 ) ) ;
#458 = CARTESIAN_POINT ( 'NONE',  ( 7.800000000000019362, -6.000000000000000000, 33.42555455687870136 ) ) ;
#459 = CIRCLE ( 'NONE', #3615, 1.250000000000001110 ) ;
#460 = ORIENTED_EDGE ( 'NONE', *, *, #1905, .T. ) ;
#461 = DIRECTION ( 'NONE',  ( 0.000000000000000000, 0.000000000000000000, -1.000000000000000000 ) ) ;
#462 = CARTESIAN_POINT ( 'NONE',  ( -78.65372625720931410, -13.20000000000000462, -22.18718474039629385 ) ) ;
#463 = ORIENTED_EDGE ( 'NONE', *, *, #4413, .F. ) ;
#464 = CARTESIAN_POINT ( 'NONE',  ( 42.99999999999977973, 5.000000000000000000, 45.50000000000012079 ) ) ;
#465 = DIRECTION ( 'NONE',  ( -0.000000000000000000, 1.000000000000000000, -0.000000000000000000 ) ) ;
#466 = ORIENTED_EDGE ( 'NONE', *, *, #4553, .T. ) ;
#467 = VECTOR ( 'NONE', #2215, 1000.000000000000000 ) ;
#468 = EDGE_CURVE ( 'NONE', #3406, #726, #1312, .T. ) ;
#469 = EDGE_CURVE ( 'NONE', #79, #1033, #153, .T. ) ;
#470 = AXIS2_PLACEMENT_3D ( 'NONE', #581, #560, #202 ) ;
#471 = VERTEX_POINT ( 'NONE', #3000 ) ;
#472 = AXIS2_PLACEMENT_3D ( 'NONE', #3865, #553, #639 ) ;
#473 = EDGE_CURVE ( 'NONE', #4522, #1835, #3069, .T. ) ;
#474 = LINE ( 'NONE', #496, #4033 ) ;
#475 = VECTOR ( 'NONE', #2091, 1000.000000000000114 ) ;
#476 = CARTESIAN_POINT ( 'NONE',  ( -7.799999999999958078, -1.000000000000028644, 27.42555455687869781 ) ) ;
#477 = FACE_OUTER_BOUND ( 'NONE', #273, .T. ) ;
#478 = ORIENTED_EDGE ( 'NONE', *, *, #2751, .T. ) ;
#479 = VECTOR ( 'NONE', #943, 1000.000000000000114 ) ;
#480 = ORIENTED_EDGE ( 'NONE', *, *, #1640, .F. ) ;
#481 = DIRECTION ( 'NONE',  ( -2.673639354406769807E-16, 0.000000000000000000, -1.000000000000000000 ) ) ;
#482 = DIRECTION ( 'NONE',  ( -0.006085750514492285594, 0.000000000000000000, 0.9999814816488731273 ) ) ;
#483 = ORIENTED_EDGE ( 'NONE', *, *, #4065, .T. ) ;
#484 = DIRECTION ( 'NONE',  ( 0.000000000000000000, 1.000000000000000000, -0.000000000000000000 ) ) ;
#485 = PLANE ( 'NONE',  #61 ) ;
#486 = EDGE_LOOP ( 'NONE', ( #2532, #2797, #1179, #2973 ) ) ;
#487 = DIRECTION ( 'NONE',  ( -0.000000000000000000, -1.000000000000000000, -0.000000000000000000 ) ) ;
#488 = CARTESIAN_POINT ( 'NONE',  ( -75.80105615545083708, 3.000000000000000000, 14.56534317385470878 ) ) ;
#489 = VERTEX_POINT ( 'NONE', #4475 ) ;
#490 = DIRECTION ( 'NONE',  ( 0.4968074232331486373, 0.000000000000000000, -0.8678608092433020005 ) ) ;
#491 = EDGE_CURVE ( 'NONE', #4218, #1758, #3699, .T. ) ;
#492 = ADVANCED_FACE ( 'NONE', ( #854, #942 ), #3718, .T. ) ;
#493 = ORIENTED_EDGE ( 'NONE', *, *, #1486, .F. ) ;
#494 = VECTOR ( 'NONE', #2022, 1000.000000000000114 ) ;
#495 = EDGE_CURVE ( 'NONE', #3052, #3976, #913, .T. ) ;
#496 = CARTESIAN_POINT ( 'NONE',  ( 13.48445554337748398, 2.200000000000000178, 89.62500000000012790 ) ) ;
#497 = VECTOR ( 'NONE', #2239, 1000.000000000000000 ) ;
#498 = CARTESIAN_POINT ( 'NONE',  ( 0.000000000000000000, 2.200000000000000178, 0.000000000000000000 ) ) ;
#499 = LINE ( 'NONE', #67, #3016 ) ;
#500 = VECTOR ( 'NONE', #4000, 1000.000000000000000 ) ;
#501 = CARTESIAN_POINT ( 'NONE',  ( -12.30216580359597778, 2.500000000000000000, 20.58771193041968317 ) ) ;
#502 = ORIENTED_EDGE ( 'NONE', *, *, #331, .F. ) ;
#503 = CARTESIAN_POINT ( 'NONE',  ( -78.65372625720931410, 3.000000000000000888, -22.18718474039629385 ) ) ;
#504 = EDGE_CURVE ( 'NONE', #415, #873, #4213, .T. ) ;
#505 = VERTEX_POINT ( 'NONE', #223 ) ;
#506 = PLANE ( 'NONE',  #3451 ) ;
#507 = CARTESIAN_POINT ( 'NONE',  ( -12.30216580359597778, 2.500000000000000000, 20.58771193041968317 ) ) ;
#508 = CARTESIAN_POINT ( 'NONE',  ( -16.52520088797338715, 0.000000000000000000, 84.38059887544430637 ) ) ;
#509 = EDGE_LOOP ( 'NONE', ( #3619, #961, #1285, #1507, #615 ) ) ;
#510 = DIRECTION ( 'NONE',  ( -0.000000000000000000, 0.000000000000000000, 1.000000000000000000 ) ) ;
#511 = ORIENTED_EDGE ( 'NONE', *, *, #2707, .F. ) ;
#512 = LINE ( 'NONE', #4470, #3006 ) ;
#513 = EDGE_CURVE ( 'NONE', #4633, #859, #4163, .T. ) ;
#514 =( NAMED_UNIT ( * ) SI_UNIT ( $, .STERADIAN. ) SOLID_ANGLE_UNIT ( ) );
#515 = VECTOR ( 'NONE', #2605, 1000.000000000000114 ) ;
#516 = CARTESIAN_POINT ( 'NONE',  ( 9.300000000000030909, -1.000000000000014655, 20.60598270084804895 ) ) ;
#517 = CARTESIAN_POINT ( 'NONE',  ( -47.00000000000000000, 2.500000000000000000, 101.0000000000000000 ) ) ;
#518 = EDGE_CURVE ( 'NONE', #3268, #830, #2326, .T. ) ;
#519 = VERTEX_POINT ( 'NONE', #3756 ) ;
#520 = DIRECTION ( 'NONE',  ( 2.673639354406774245E-16, 0.000000000000000000, -1.000000000000000000 ) ) ;
#521 = EDGE_LOOP ( 'NONE', ( #1819, #441 ) ) ;
#522 = CYLINDRICAL_SURFACE ( 'NONE', #216, 2.250000000000008882 ) ;
#523 = VECTOR ( 'NONE', #4107, 1000.000000000000114 ) ;
#524 = EDGE_CURVE ( 'NONE', #2655, #2752, #3763, .T. ) ;
#525 = CARTESIAN_POINT ( 'NONE',  ( -9.299999999999968736, -6.000000000000000000, 20.60598270084804895 ) ) ;
#526 = EDGE_LOOP ( 'NONE', ( #2222, #1265, #105, #406, #53, #1936 ) ) ;
#527 = CARTESIAN_POINT ( 'NONE',  ( 76.05372625720931978, 3.000000000000000000, -23.68829544028932688 ) ) ;
#528 = DIRECTION ( 'NONE',  ( 0.000000000000000000, 0.000000000000000000, -1.000000000000000000 ) ) ;
#529 = EDGE_LOOP ( 'NONE', ( #4670, #2188 ) ) ;
#530 = CYLINDRICAL_SURFACE ( 'NONE', #156, 2.649999999999999467 ) ;
#531 = ORIENTED_EDGE ( 'NONE', *, *, #175, .T. ) ;
#532 = ORIENTED_EDGE ( 'NONE', *, *, #2873, .T. ) ;
#533 = AXIS2_PLACEMENT_3D ( 'NONE', #1271, #3384, #2370 ) ;
#534 = CARTESIAN_POINT ( 'NONE',  ( -9.299999999999968736, -6.000000000000000000, 20.60598270084804895 ) ) ;
#535 = VECTOR ( 'NONE', #2252, 1000.000000000000114 ) ;
#536 = CARTESIAN_POINT ( 'NONE',  ( -42.99999999999980105, 0.000000000000000000, 4.500000000000142997 ) ) ;
#537 = CARTESIAN_POINT ( 'NONE',  ( 13.48445554337749819, 2.200000000000000178, 84.37500000000012790 ) ) ;
#538 = AXIS2_PLACEMENT_3D ( 'NONE', #255, #1256, #3832 ) ;
#539 = ORIENTED_EDGE ( 'NONE', *, *, #4097, .T. ) ;
#540 = DIRECTION ( 'NONE',  ( -1.692413147294449175E-16, 0.000000000000000000, 1.000000000000000000 ) ) ;
#541 = ORIENTED_EDGE ( 'NONE', *, *, #1627, .T. ) ;
#542 = EDGE_CURVE ( 'NONE', #3873, #1596, #1730, .T. ) ;
#543 = DIRECTION ( 'NONE',  ( 0.000000000000000000, 0.000000000000000000, 1.000000000000000000 ) ) ;
#544 = AXIS2_PLACEMENT_3D ( 'NONE', #2308, #3024, #4515 ) ;
#545 = PLANE ( 'NONE',  #1082 ) ;
#546 = EDGE_CURVE ( 'NONE', #4283, #4047, #3742, .T. ) ;
#547 = DIRECTION ( 'NONE',  ( 0.000000000000000000, 0.000000000000000000, 1.000000000000000000 ) ) ;
#548 = ORIENTED_EDGE ( 'NONE', *, *, #495, .T. ) ;
#549 = FACE_OUTER_BOUND ( 'NONE', #1857, .T. ) ;
#550 = AXIS2_PLACEMENT_3D ( 'NONE', #4001, #4405, #829 ) ;
#551 = CARTESIAN_POINT ( 'NONE',  ( 92.31790464744089775, 13.31790464744092439, -17.30038906832709245 ) ) ;
#552 = ORIENTED_EDGE ( 'NONE', *, *, #3979, .F. ) ;
#553 = DIRECTION ( 'NONE',  ( -0.5006088260261515321, 0.000000000000000000, -0.8656736124572114166 ) ) ;
#554 = ORIENTED_EDGE ( 'NONE', *, *, #4467, .F. ) ;
#555 = EDGE_CURVE ( 'NONE', #1869, #2298, #1951, .T. ) ;
#556 = ORIENTED_EDGE ( 'NONE', *, *, #2999, .T. ) ;
#557 = EDGE_CURVE ( 'NONE', #3280, #3150, #2348, .T. ) ;
#558 = FACE_OUTER_BOUND ( 'NONE', #2639, .T. ) ;
#559 = VECTOR ( 'NONE', #481, 1000.000000000000000 ) ;
#560 = DIRECTION ( 'NONE',  ( 0.000000000000000000, -1.000000000000000000, 0.000000000000000000 ) ) ;
#561 = CARTESIAN_POINT ( 'NONE',  ( 78.65372625720931410, 3.000000000000000000, -19.18496334061024200 ) ) ;
#562 = VECTOR ( 'NONE', #2186, 1000.000000000000000 ) ;
#563 = ORIENTED_EDGE ( 'NONE', *, *, #2822, .T. ) ;
#564 = LINE ( 'NONE', #2763, #3431 ) ;
#565 = EDGE_CURVE ( 'NONE', #3132, #1726, #179, .T. ) ;
#566 = AXIS2_PLACEMENT_3D ( 'NONE', #3792, #3531, #4505 ) ;
#567 = LINE ( 'NONE', #3440, #145 ) ;
#568 = FACE_OUTER_BOUND ( 'NONE', #4373, .T. ) ;
#569 = ORIENTED_EDGE ( 'NONE', *, *, #40, .F. ) ;
#570 = EDGE_CURVE ( 'NONE', #4218, #4650, #1996, .T. ) ;
#571 = DIRECTION ( 'NONE',  ( -0.000000000000000000, 1.000000000000000000, -0.000000000000000000 ) ) ;
#572 = EDGE_CURVE ( 'NONE', #4050, #340, #1291, .T. ) ;
#573 = CARTESIAN_POINT ( 'NONE',  ( -7.814740049539647515, 2.500000000000000000, 23.21506993834929844 ) ) ;
#574 = VERTEX_POINT ( 'NONE', #2414 ) ;
#575 = CYLINDRICAL_SURFACE ( 'NONE', #1454, 2.649999999999999467 ) ;
#576 = EDGE_CURVE ( 'NONE', #347, #989, #4665, .T. ) ;
#577 = VERTEX_POINT ( 'NONE', #1729 ) ;
#578 = DIRECTION ( 'NONE',  ( -3.466879843239611994E-15, 0.000000000000000000, -1.000000000000000000 ) ) ;
#579 = EDGE_LOOP ( 'NONE', ( #1865, #1493 ) ) ;
#580 = EDGE_CURVE ( 'NONE', #3242, #1596, #3166, .T. ) ;
#581 = CARTESIAN_POINT ( 'NONE',  ( 9.300000000000030909, -6.000000000000000000, 20.60598270084804895 ) ) ;
#582 = PLANE ( 'NONE',  #164 ) ;
#583 = AXIS2_PLACEMENT_3D ( 'NONE', #525, #3396, #1898 ) ;
#584 = ORIENTED_EDGE ( 'NONE', *, *, #4062, .F. ) ;
#585 = LINE ( 'NONE', #2745, #1616 ) ;
#586 = DIRECTION ( 'NONE',  ( -0.4999999999999995004, 0.000000000000000000, 0.8660254037844389297 ) ) ;
#587 = LINE ( 'NONE', #2024, #2783 ) ;
#588 = CARTESIAN_POINT ( 'NONE',  ( 61.00000000000000000, 2.000000000000001776, 96.90598270084817045 ) ) ;
#589 = EDGE_LOOP ( 'NONE', ( #872, #1572 ) ) ;
#590 = LINE ( 'NONE', #2027, #3114 ) ;
#591 = FACE_BOUND ( 'NONE', #217, .T. ) ;
#592 = VERTEX_POINT ( 'NONE', #2759 ) ;
#593 = CARTESIAN_POINT ( 'NONE',  ( 78.65372625720931410, 0.000000000000000000, -19.18496334061024200 ) ) ;
#594 = EDGE_LOOP ( 'NONE', ( #421, #2830, #2667, #3438 ) ) ;
#595 = DIRECTION ( 'NONE',  ( 0.000000000000000000, 0.000000000000000000, 1.000000000000000000 ) ) ;
#596 = ORIENTED_EDGE ( 'NONE', *, *, #4386, .F. ) ;
#597 = VECTOR ( 'NONE', #4170, 1000.000000000000000 ) ;
#598 = EDGE_CURVE ( 'NONE', #3258, #4202, #1037, .T. ) ;
#599 = EDGE_CURVE ( 'NONE', #3525, #2101, #230, .T. ) ;
#600 = DIRECTION ( 'NONE',  ( 0.000000000000000000, 0.000000000000000000, -1.000000000000000000 ) ) ;
#601 = CIRCLE ( 'NONE', #4148, 1.249999999999997558 ) ;
#602 = DIRECTION ( 'NONE',  ( -0.002996854885004050697, 0.000000000000000000, 0.9999955094203164530 ) ) ;
#603 = ORIENTED_EDGE ( 'NONE', *, *, #4623, .T. ) ;
#604 = PLANE ( 'NONE',  #3726 ) ;
#605 = EDGE_LOOP ( 'NONE', ( #3110, #1318, #4081, #2008, #3138, #2485 ) ) ;
#606 = DIRECTION ( 'NONE',  ( 0.000000000000000000, 0.000000000000000000, 1.000000000000000000 ) ) ;
#607 = VECTOR ( 'NONE', #3107, 999.9999999999998863 ) ;
#608 = CARTESIAN_POINT ( 'NONE',  ( -81.00000000000000000, 2.000000000000001776, 21.90598270084804966 ) ) ;
#609 = VECTOR ( 'NONE', #2264, 1000.000000000000000 ) ;
#610 = PLANE ( 'NONE',  #3605 ) ;
#611 = ORIENTED_EDGE ( 'NONE', *, *, #2695, .F. ) ;
#612 = CARTESIAN_POINT ( 'NONE',  ( 61.00000000000000000, 10.00000000000000000, 96.90598270084817045 ) ) ;
#613 = CARTESIAN_POINT ( 'NONE',  ( -78.65372625720931410, 10.00000000000000000, -23.43718474039629385 ) ) ;
#614 = VECTOR ( 'NONE', #2742, 1000.000000000000000 ) ;
#615 = ORIENTED_EDGE ( 'NONE', *, *, #4250, .F. ) ;
#616 = DIRECTION ( 'NONE',  ( 0.4999999999999991673, 0.000000000000000000, 0.8660254037844390407 ) ) ;
#617 = VECTOR ( 'NONE', #3670, 1000.000000000000000 ) ;
#618 = EDGE_LOOP ( 'NONE', ( #4104, #4608, #621, #2055 ) ) ;
#619 = VERTEX_POINT ( 'NONE', #985 ) ;
#620 = EDGE_CURVE ( 'NONE', #1259, #4050, #3193, .T. ) ;
#621 = ORIENTED_EDGE ( 'NONE', *, *, #2159, .T. ) ;
#622 = EDGE_CURVE ( 'NONE', #1015, #3066, #3850, .T. ) ;
#623 = VERTEX_POINT ( 'NONE', #962 ) ;
#624 = EDGE_CURVE ( 'NONE', #2245, #4096, #2, .T. ) ;
#625 = DIRECTION ( 'NONE',  ( 2.673639354406774245E-16, 0.000000000000000000, -1.000000000000000000 ) ) ;
#626 = CARTESIAN_POINT ( 'NONE',  ( -16.52520088797338715, 2.200000000000000178, 84.38059887544430637 ) ) ;
#627 = FACE_OUTER_BOUND ( 'NONE', #1701, .T. ) ;
#628 = VECTOR ( 'NONE', #4541, 1000.000000000000227 ) ;
#629 = ORIENTED_EDGE ( 'NONE', *, *, #196, .F. ) ;
#630 = DIRECTION ( 'NONE',  ( -0.000000000000000000, 1.000000000000000000, -0.000000000000000000 ) ) ;
#631 = DIRECTION ( 'NONE',  ( -0.000000000000000000, 1.000000000000000000, -0.000000000000000000 ) ) ;
#632 = CARTESIAN_POINT ( 'NONE',  ( 7.800000000000019362, -1.000000000000028644, 27.42555455687869781 ) ) ;
#633 = CARTESIAN_POINT ( 'NONE',  ( 78.39999999999999147, 10.00000000000000000, 14.81828170427217728 ) ) ;
#634 = ORIENTED_EDGE ( 'NONE', *, *, #3760, .F. ) ;
#635 = ADVANCED_FACE ( 'NONE', ( #2810 ), #3477, .F. ) ;
#636 = PLANE ( 'NONE',  #1928 ) ;
#637 = FACE_BOUND ( 'NONE', #3867, .T. ) ;
#638 = ORIENTED_EDGE ( 'NONE', *, *, #3716, .T. ) ;
#639 = DIRECTION ( 'NONE',  ( -0.8656736124572114166, 0.000000000000000000, 0.5006088260261515321 ) ) ;
#640 = VECTOR ( 'NONE', #1591, 1000.000000000000000 ) ;
#641 = ORIENTED_EDGE ( 'NONE', *, *, #513, .F. ) ;
#642 = CARTESIAN_POINT ( 'NONE',  ( -81.00000000000000000, 2.000000000000001776, 21.90598270084804966 ) ) ;
#643 = PLANE ( 'NONE',  #2127 ) ;
#644 = AXIS2_PLACEMENT_3D ( 'NONE', #1227, #2305, #1972 ) ;
#645 = ORIENTED_EDGE ( 'NONE', *, *, #2105, .F. ) ;
#646 = VERTEX_POINT ( 'NONE', #2038 ) ;
#647 = VECTOR ( 'NONE', #4348, 1000.000000000000000 ) ;
#648 = DIRECTION ( 'NONE',  ( -2.673639354406769807E-16, 0.000000000000000000, -1.000000000000000000 ) ) ;
#649 = CARTESIAN_POINT ( 'NONE',  ( 9.300000000000030909, -6.000000000000000000, 28.92555455687870847 ) ) ;
#650 = VERTEX_POINT ( 'NONE', #246 ) ;
#651 = PLANE ( 'NONE',  #944 ) ;
#652 = VERTEX_POINT ( 'NONE', #1707 ) ;
#653 = CARTESIAN_POINT ( 'NONE',  ( 9.300000000000030909, -6.000000000000000000, 31.92555455687869070 ) ) ;
#654 = VECTOR ( 'NONE', #2920, 1000.000000000000000 ) ;
#655 = DIRECTION ( 'NONE',  ( 0.000000000000000000, -0.000000000000000000, -1.000000000000000000 ) ) ;
#656 = FACE_OUTER_BOUND ( 'NONE', #4350, .T. ) ;
#657 = CARTESIAN_POINT ( 'NONE',  ( 9.300000000000030909, -1.000000000000014655, 17.95598270084804682 ) ) ;
#658 = ORIENTED_EDGE ( 'NONE', *, *, #2247, .T. ) ;
#659 = DIRECTION ( 'NONE',  ( 1.692413147294446709E-16, 0.000000000000000000, -1.000000000000000000 ) ) ;
#660 = FACE_BOUND ( 'NONE', #1355, .T. ) ;
#661 = VERTEX_POINT ( 'NONE', #292 ) ;
#662 = DIRECTION ( 'NONE',  ( 0.4993909267607188340, 0.000000000000000000, -0.8663767669259548887 ) ) ;
#663 = EDGE_CURVE ( 'NONE', #592, #3822, #1685, .T. ) ;
#664 = ORIENTED_EDGE ( 'NONE', *, *, #1251, .F. ) ;
#665 = DIRECTION ( 'NONE',  ( -0.000000000000000000, 1.000000000000000000, -0.000000000000000000 ) ) ;
#666 = VECTOR ( 'NONE', #3556, 1000.000000000000000 ) ;
#667 = DIRECTION ( 'NONE',  ( -0.000000000000000000, 1.000000000000000000, -0.000000000000000000 ) ) ;
#668 = ORIENTED_EDGE ( 'NONE', *, *, #2391, .T. ) ;
#669 = ADVANCED_FACE ( 'NONE', ( #3115, #4257 ), #4559, .T. ) ;
#670 = ORIENTED_EDGE ( 'NONE', *, *, #844, .F. ) ;
#671 = EDGE_LOOP ( 'NONE', ( #1562, #4199, #2881, #126 ) ) ;
#672 = DIRECTION ( 'NONE',  ( 0.000000000000000000, 1.000000000000000000, -0.000000000000000000 ) ) ;
#673 = CARTESIAN_POINT ( 'NONE',  ( -14.99999999999974598, 22.50000000000000000, 87.00000000000012790 ) ) ;
#674 = CARTESIAN_POINT ( 'NONE',  ( 9.300000000000030909, -6.000000000000000000, 17.95598270084804682 ) ) ;
#675 = ORIENTED_EDGE ( 'NONE', *, *, #750, .T. ) ;
#676 = CARTESIAN_POINT ( 'NONE',  ( 0.000000000000000000, 10.00000000000000000, 0.000000000000000000 ) ) ;
#677 = DIRECTION ( 'NONE',  ( -0.000000000000000000, 1.000000000000000000, -0.000000000000000000 ) ) ;
#678 = LINE ( 'NONE', #1019, #2279 ) ;
#679 = AXIS2_PLACEMENT_3D ( 'NONE', #3409, #4142, #4101 ) ;
#680 = CARTESIAN_POINT ( 'NONE',  ( 56.00000000000000000, 5.000000000000000000, 105.0000000000000000 ) ) ;
#681 = ORIENTED_EDGE ( 'NONE', *, *, #4500, .F. ) ;
#682 = CARTESIAN_POINT ( 'NONE',  ( 15.00000000000025402, 5.000000000000000888, 85.75000000000012790 ) ) ;
#683 = EDGE_CURVE ( 'NONE', #1484, #3188, #4232, .T. ) ;
#684 = FACE_BOUND ( 'NONE', #2671, .T. ) ;
#685 = VERTEX_POINT ( 'NONE', #3576 ) ;
#686 = EDGE_CURVE ( 'NONE', #2883, #2951, #601, .T. ) ;
#687 = AXIS2_PLACEMENT_3D ( 'NONE', #3666, #2665, #2922 ) ;
#688 = CARTESIAN_POINT ( 'NONE',  ( -6.297834196403959695, 2.500000000000000000, 20.62425347127641118 ) ) ;
#689 = CARTESIAN_POINT ( 'NONE',  ( 9.300000000000030909, -6.000000000000000000, 21.85598270084804895 ) ) ;
#690 = ORIENTED_EDGE ( 'NONE', *, *, #2301, .T. ) ;
#691 = DIRECTION ( 'NONE',  ( -0.8675199422708572694, 0.000000000000000000, 0.4974024022482887997 ) ) ;
#692 = LINE ( 'NONE', #4224, #1973 ) ;
#693 = ORIENTED_EDGE ( 'NONE', *, *, #624, .F. ) ;
#694 = AXIS2_PLACEMENT_3D ( 'NONE', #626, #3902, #1386 ) ;
#695 = ORIENTED_EDGE ( 'NONE', *, *, #3988, .F. ) ;
#696 = EDGE_CURVE ( 'NONE', #741, #973, #2109, .T. ) ;
#697 = AXIS2_PLACEMENT_3D ( 'NONE', #4297, #2769, #260 ) ;
#698 = CARTESIAN_POINT ( 'NONE',  ( 55.00000000000000000, 0.000000000000000000, 110.0000000000000000 ) ) ;
#699 = EDGE_CURVE ( 'NONE', #2269, #3562, #3874, .T. ) ;
#700 = DIRECTION ( 'NONE',  ( 0.4999999999999999445, 0.000000000000000000, 0.8660254037844387076 ) ) ;
#701 = ORIENTED_EDGE ( 'NONE', *, *, #1009, .F. ) ;
#702 = LINE ( 'NONE', #3628, #3423 ) ;
#703 = ORIENTED_EDGE ( 'NONE', *, *, #3564, .T. ) ;
#704 = FACE_OUTER_BOUND ( 'NONE', #1961, .T. ) ;
#705 = CARTESIAN_POINT ( 'NONE',  ( 15.00000000000025402, 2.200000000000000622, 87.00000000000012790 ) ) ;
#706 = CARTESIAN_POINT ( 'NONE',  ( 9.300000000000030909, 0.000000000000000000, 24.25598270084806174 ) ) ;
#707 = ADVANCED_FACE ( 'NONE', ( #3548 ), #1412, .F. ) ;
#708 = CARTESIAN_POINT ( 'NONE',  ( 9.300000000000030909, -1.000000000000028644, 31.92555455687869070 ) ) ;
#709 = ORIENTED_EDGE ( 'NONE', *, *, #1324, .F. ) ;
#710 = PLANE ( 'NONE',  #1181 ) ;
#711 = EDGE_CURVE ( 'NONE', #4479, #47, #1060, .T. ) ;
#712 = CARTESIAN_POINT ( 'NONE',  ( -7.783094146864282692, 2.500000000000000000, 18.01516623377516169 ) ) ;
#713 = AXIS2_PLACEMENT_3D ( 'NONE', #764, #4019, #738 ) ;
#714 = EDGE_LOOP ( 'NONE', ( #2098, #4123, #1400, #2814, #563, #1838 ) ) ;
#715 = LINE ( 'NONE', #1827, #391 ) ;
#716 = EDGE_CURVE ( 'NONE', #4479, #4334, #1222, .T. ) ;
#717 = PLANE ( 'NONE',  #4652 ) ;
#718 = AXIS2_PLACEMENT_3D ( 'NONE', #676, #4645, #3934 ) ;
#719 = VERTEX_POINT ( 'NONE', #3735 ) ;
#720 = CARTESIAN_POINT ( 'NONE',  ( 9.300000000000030909, -1.000000000000028644, 31.92555455687869070 ) ) ;
#721 = DIRECTION ( 'NONE',  ( 0.000000000000000000, 0.000000000000000000, 1.000000000000000000 ) ) ;
#722 = ORIENTED_EDGE ( 'NONE', *, *, #753, .F. ) ;
#723 = AXIS2_PLACEMENT_3D ( 'NONE', #2952, #103, #2627 ) ;
#724 = ORIENTED_EDGE ( 'NONE', *, *, #3454, .F. ) ;
#725 = ADVANCED_FACE ( 'NONE', ( #4311 ), #1090, .F. ) ;
#726 = VERTEX_POINT ( 'NONE', #1966 ) ;
#727 = CARTESIAN_POINT ( 'NONE',  ( -10.78525995046028996, 5.000000000000000000, 17.99689546334679591 ) ) ;
#728 = LINE ( 'NONE', #2162, #2579 ) ;
#729 = ADVANCED_FACE ( 'NONE', ( #3652 ), #891, .F. ) ;
#730 = LINE ( 'NONE', #1142, #1020 ) ;
#731 = ORIENTED_EDGE ( 'NONE', *, *, #557, .T. ) ;
#732 = DIRECTION ( 'NONE',  ( 2.673639354406769807E-16, 0.000000000000000000, 1.000000000000000000 ) ) ;
#733 = CARTESIAN_POINT ( 'NONE',  ( 7.800000000000019362, 0.000000000000000000, 34.42555455687872978 ) ) ;
#734 = CARTESIAN_POINT ( 'NONE',  ( 15.00000000000025402, 22.50000000000000000, 85.75000000000012790 ) ) ;
#735 = EDGE_CURVE ( 'NONE', #4139, #4390, #512, .T. ) ;
#736 = LINE ( 'NONE', #2170, #647 ) ;
#737 = ORIENTED_EDGE ( 'NONE', *, *, #4438, .F. ) ;
#738 = DIRECTION ( 'NONE',  ( 0.000000000000000000, 0.000000000000000000, -1.000000000000000000 ) ) ;
#739 = VECTOR ( 'NONE', #3326, 1000.000000000000114 ) ;
#740 = CARTESIAN_POINT ( 'NONE',  ( 16.51554445662303294, 2.200000000000000178, 84.37500000000012790 ) ) ;
#741 = VERTEX_POINT ( 'NONE', #752 ) ;
#742 = LINE ( 'NONE', #2850, #3545 ) ;
#743 = AXIS2_PLACEMENT_3D ( 'NONE', #462, #3011, #1238 ) ;
#744 = FACE_OUTER_BOUND ( 'NONE', #266, .T. ) ;
#745 = ORIENTED_EDGE ( 'NONE', *, *, #2564, .T. ) ;
#746 = FACE_OUTER_BOUND ( 'NONE', #3939, .T. ) ;
#747 = PLANE ( 'NONE',  #3404 ) ;
#748 = ORIENTED_EDGE ( 'NONE', *, *, #4127, .T. ) ;
#749 = EDGE_CURVE ( 'NONE', #1658, #1503, #1464, .T. ) ;
#750 = EDGE_CURVE ( 'NONE', #3686, #2291, #2516, .T. ) ;
#751 = ORIENTED_EDGE ( 'NONE', *, *, #2648, .T. ) ;
#752 = CARTESIAN_POINT ( 'NONE',  ( -7.814740049539647515, 5.000000000000000000, 23.21506993834929844 ) ) ;
#753 = EDGE_CURVE ( 'NONE', #2406, #2724, #4005, .T. ) ;
#754 = CARTESIAN_POINT ( 'NONE',  ( 56.00000000000000000, 10.00000000000000000, 105.0000000000000000 ) ) ;
#755 = EDGE_LOOP ( 'NONE', ( #3607, #3369, #2560, #1751 ) ) ;
#756 = CARTESIAN_POINT ( 'NONE',  ( 6.297778600213984390, 2.500000000000000000, 20.60598270084805250 ) ) ;
#757 = VECTOR ( 'NONE', #1670, 1000.000000000000000 ) ;
#758 = ORIENTED_EDGE ( 'NONE', *, *, #3971, .F. ) ;
#759 = DIRECTION ( 'NONE',  ( 1.692413147294447942E-16, 0.000000000000000000, -1.000000000000000000 ) ) ;
#760 = CARTESIAN_POINT ( 'NONE',  ( 7.800000000000030909, -6.000000000000000000, 28.92555455687869781 ) ) ;
#761 = CARTESIAN_POINT ( 'NONE',  ( -56.00000000000002132, 10.00000000000000000, 110.0000000000000142 ) ) ;
#762 = DIRECTION ( 'NONE',  ( 0.000000000000000000, 0.000000000000000000, 1.000000000000000000 ) ) ;
#763 = ORIENTED_EDGE ( 'NONE', *, *, #2304, .F. ) ;
#764 = CARTESIAN_POINT ( 'NONE',  ( 7.800000000000030909, -6.000000000000000000, 28.92555455687869781 ) ) ;
#765 = EDGE_CURVE ( 'NONE', #2497, #6, #1926, .T. ) ;
#766 = FACE_OUTER_BOUND ( 'NONE', #4235, .T. ) ;
#767 = LINE ( 'NONE', #2200, #3380 ) ;
#768 = PLANE ( 'NONE',  #2494 ) ;
#769 = VECTOR ( 'NONE', #490, 1000.000000000000114 ) ;
#770 = DIRECTION ( 'NONE',  ( 0.000000000000000000, 0.7071067811865475727, 0.7071067811865475727 ) ) ;
#771 = VERTEX_POINT ( 'NONE', #3625 ) ;
#772 = DIRECTION ( 'NONE',  ( -0.9999814816488731273, 0.000000000000000000, -0.006085750514491136340 ) ) ;
#773 = DIRECTION ( 'NONE',  ( 1.692413147294447942E-16, 0.000000000000000000, -1.000000000000000000 ) ) ;
#774 = VECTOR ( 'NONE', #1116, 1000.000000000000114 ) ;
#775 = VERTEX_POINT ( 'NONE', #1946 ) ;
#776 = VECTOR ( 'NONE', #3253, 1000.000000000000000 ) ;
#777 = ADVANCED_FACE ( 'NONE', ( #2563 ), #1573, .F. ) ;
#778 = EDGE_LOOP ( 'NONE', ( #4406, #4551 ) ) ;
#779 = VECTOR ( 'NONE', #3002, 1000.000000000000000 ) ;
#780 = DIRECTION ( 'NONE',  ( -1.692413147294449175E-16, 0.000000000000000000, 1.000000000000000000 ) ) ;
#781 = CARTESIAN_POINT ( 'NONE',  ( -78.66272347907712970, 3.000000000000000000, -19.18497682232466417 ) ) ;
#782 = LINE ( 'NONE', #756, #182 ) ;
#783 = EDGE_CURVE ( 'NONE', #2303, #3327, #2299, .T. ) ;
#784 = AXIS2_PLACEMENT_3D ( 'NONE', #1182, #1901, #2609 ) ;
#785 = ORIENTED_EDGE ( 'NONE', *, *, #2333, .F. ) ;
#786 = ADVANCED_FACE ( 'NONE', ( #3754 ), #530, .T. ) ;
#787 = CARTESIAN_POINT ( 'NONE',  ( -12.30216580359597778, 2.500000000000000000, 20.58771193041968317 ) ) ;
#788 = CARTESIAN_POINT ( 'NONE',  ( -81.00000000000000000, 2.000000000000001776, 21.90598270084804966 ) ) ;
#789 = DIRECTION ( 'NONE',  ( 0.000000000000000000, 0.000000000000000000, -1.000000000000000000 ) ) ;
#790 = EDGE_LOOP ( 'NONE', ( #4106, #2651, #2544, #1617 ) ) ;
#791 = FACE_OUTER_BOUND ( 'NONE', #283, .T. ) ;
#792 = CARTESIAN_POINT ( 'NONE',  ( 7.800000000000019362, -6.000000000000000000, 33.42555455687870136 ) ) ;
#793 = ORIENTED_EDGE ( 'NONE', *, *, #1612, .T. ) ;
#794 = DIRECTION ( 'NONE',  ( -0.000000000000000000, 1.000000000000000000, -0.000000000000000000 ) ) ;
#795 = EDGE_CURVE ( 'NONE', #1512, #2515, #3379, .T. ) ;
#796 = EDGE_CURVE ( 'NONE', #267, #2408, #35, .T. ) ;
#797 = DIRECTION ( 'NONE',  ( 0.000000000000000000, 0.000000000000000000, 1.000000000000000000 ) ) ;
#798 = ORIENTED_EDGE ( 'NONE', *, *, #2604, .T. ) ;
#799 = CARTESIAN_POINT ( 'NONE',  ( -14.99999999999974598, 22.50000000000000000, 88.25000000000012790 ) ) ;
#800 = VECTOR ( 'NONE', #3962, 1000.000000000000114 ) ;
#801 = LINE ( 'NONE', #1527, #3780 ) ;
#802 = ORIENTED_EDGE ( 'NONE', *, *, #2694, .T. ) ;
#803 = AXIS2_PLACEMENT_3D ( 'NONE', #3524, #249, #2019 ) ;
#804 = EDGE_CURVE ( 'NONE', #1148, #3430, #3018, .T. ) ;
#805 = AXIS2_PLACEMENT_3D ( 'NONE', #2904, #1055, #3647 ) ;
#806 = VERTEX_POINT ( 'NONE', #2909 ) ;
#807 = EDGE_CURVE ( 'NONE', #3822, #3521, #2885, .T. ) ;
#808 = DIRECTION ( 'NONE',  ( -0.6546536707079761985, -0.6546536707079785300, 0.3779644730092261984 ) ) ;
#809 = DIRECTION ( 'NONE',  ( 0.8650360116844533209, 0.000000000000000000, 0.5017097751579635556 ) ) ;
#810 = CIRCLE ( 'NONE', #2219, 1.249999999999997558 ) ;
#811 = ORIENTED_EDGE ( 'NONE', *, *, #1990, .F. ) ;
#812 = FACE_OUTER_BOUND ( 'NONE', #940, .T. ) ;
#813 = AXIS2_PLACEMENT_3D ( 'NONE', #2346, #4472, #4450 ) ;
#814 = DIRECTION ( 'NONE',  ( -0.000000000000000000, 1.000000000000000000, -0.000000000000000000 ) ) ;
#815 = CARTESIAN_POINT ( 'NONE',  ( 61.00000000000000000, 10.00000000000000000, 110.0000000000000000 ) ) ;
#816 = VECTOR ( 'NONE', #2738, 1000.000000000000114 ) ;
#817 = ORIENTED_EDGE ( 'NONE', *, *, #3360, .T. ) ;
#818 = LINE ( 'NONE', #4435, #4545 ) ;
#819 = ADVANCED_FACE ( 'NONE', ( #4363, #2540 ), #3982, .T. ) ;
#820 = CARTESIAN_POINT ( 'NONE',  ( 78.65372625720931410, 3.000000000000000888, -23.43718474039629385 ) ) ;
#821 = EDGE_CURVE ( 'NONE', #2739, #1387, #4181, .T. ) ;
#822 = ADVANCED_FACE ( 'NONE', ( #4220 ), #3083, .F. ) ;
#823 = ORIENTED_EDGE ( 'NONE', *, *, #468, .T. ) ;
#824 = CARTESIAN_POINT ( 'NONE',  ( 78.39999999999999147, 10.00000000000000000, 16.06828170427217728 ) ) ;
#825 = CARTESIAN_POINT ( 'NONE',  ( -9.299999999999968736, -6.000000000000000000, 17.95598270084804682 ) ) ;
#826 = ORIENTED_EDGE ( 'NONE', *, *, #1612, .F. ) ;
#827 = VECTOR ( 'NONE', #2100, 1000.000000000000000 ) ;
#828 = CARTESIAN_POINT ( 'NONE',  ( 11.96891108675472637, 0.000000000000000000, 87.00000000000012790 ) ) ;
#829 = DIRECTION ( 'NONE',  ( 0.000000000000000000, 0.000000000000000000, 1.000000000000000000 ) ) ;
#830 = VERTEX_POINT ( 'NONE', #1679 ) ;
#831 = EDGE_CURVE ( 'NONE', #1404, #3239, #3447, .T. ) ;
#832 = ORIENTED_EDGE ( 'NONE', *, *, #915, .T. ) ;
#833 = DIRECTION ( 'NONE',  ( 0.000000000000000000, 1.000000000000000000, 0.000000000000000000 ) ) ;
#834 = DIRECTION ( 'NONE',  ( 0.000000000000000000, 0.000000000000000000, -1.000000000000000000 ) ) ;
#835 = CARTESIAN_POINT ( 'NONE',  ( 13.48445554337749819, 2.200000000000000178, 84.37500000000012790 ) ) ;
#836 = ORIENTED_EDGE ( 'NONE', *, *, #1424, .T. ) ;
#837 = DIRECTION ( 'NONE',  ( -0.8641782539302436117, 0.000000000000000000, 0.5031857961370486132 ) ) ;
#838 = LINE ( 'NONE', #3614, #2462 ) ;
#839 = ADVANCED_FACE ( 'NONE', ( #2076 ), #575, .T. ) ;
#840 = ORIENTED_EDGE ( 'NONE', *, *, #196, .T. ) ;
#841 = LINE ( 'NONE', #3728, #850 ) ;
#842 = DIRECTION ( 'NONE',  ( 0.000000000000000000, 0.000000000000000000, 1.000000000000000000 ) ) ;
#843 = ORIENTED_EDGE ( 'NONE', *, *, #518, .F. ) ;
#844 = EDGE_CURVE ( 'NONE', #160, #3242, #1969, .T. ) ;
#845 = CARTESIAN_POINT ( 'NONE',  ( -14.99999999999974598, 2.200000000000000622, 85.75000000000012790 ) ) ;
#846 = ADVANCED_FACE ( 'NONE', ( #3492 ), #3427, .F. ) ;
#847 = CARTESIAN_POINT ( 'NONE',  ( -7.799999999999958078, -6.000000000000000000, 33.42555455687870136 ) ) ;
#848 = ORIENTED_EDGE ( 'NONE', *, *, #2251, .T. ) ;
#849 = VECTOR ( 'NONE', #1011, 1000.000000000000000 ) ;
#850 = VECTOR ( 'NONE', #3371, 1000.000000000000000 ) ;
#851 = PRODUCT_CONTEXT ( 'NONE', #4321, 'mechanical' ) ;
#852 = EDGE_CURVE ( 'NONE', #2034, #830, #2051, .T. ) ;
#853 = COLOUR_RGB ( '',0.7921568627450980005, 0.8196078431372548767, 0.9333333333333333481 ) ;
#854 = FACE_OUTER_BOUND ( 'NONE', #3472, .T. ) ;
#855 = DIRECTION ( 'NONE',  ( -0.000000000000000000, -1.000000000000000000, -0.000000000000000000 ) ) ;
#856 = VECTOR ( 'NONE', #3929, 1000.000000000000000 ) ;
#857 = ADVANCED_FACE ( 'NONE', ( #262 ), #1330, .F. ) ;
#858 = CARTESIAN_POINT ( 'NONE',  ( 9.300000000000030909, -6.000000000000000000, 20.60598270084804895 ) ) ;
#859 = VERTEX_POINT ( 'NONE', #2754 ) ;
#860 = CARTESIAN_POINT ( 'NONE',  ( 15.00000000000025402, 22.50000000000000000, 88.25000000000012790 ) ) ;
#861 = ORIENTED_EDGE ( 'NONE', *, *, #795, .T. ) ;
#862 = VECTOR ( 'NONE', #773, 1000.000000000000000 ) ;
#863 = ORIENTED_EDGE ( 'NONE', *, *, #1224, .F. ) ;
#864 = CARTESIAN_POINT ( 'NONE',  ( 79.00000000000004263, 10.00000000000000000, -30.00000000000000000 ) ) ;
#865 = EDGE_CURVE ( 'NONE', #2408, #646, #4508, .T. ) ;
#866 = LINE ( 'NONE', #4068, #2546 ) ;
#867 = ORIENTED_EDGE ( 'NONE', *, *, #2063, .T. ) ;
#868 = CARTESIAN_POINT ( 'NONE',  ( -16.50586747257980846, 0.000000000000000000, 89.63056327713781002 ) ) ;
#869 = CARTESIAN_POINT ( 'NONE',  ( 80.98847331796228843, 1.988473317962265563, 21.90593716103388289 ) ) ;
#870 = ORIENTED_EDGE ( 'NONE', *, *, #4639, .F. ) ;
#871 = DIRECTION ( 'NONE',  ( -0.000000000000000000, -1.000000000000000000, -0.000000000000000000 ) ) ;
#872 = ORIENTED_EDGE ( 'NONE', *, *, #1111, .F. ) ;
#873 = VERTEX_POINT ( 'NONE', #2734 ) ;
#874 = VECTOR ( 'NONE', #4368, 1000.000000000000000 ) ;
#875 = CARTESIAN_POINT ( 'NONE',  ( -76.04923932178259349, 3.000000000000000000, -23.68049687673109105 ) ) ;
#876 = DIRECTION ( 'NONE',  ( 0.000000000000000000, 0.000000000000000000, -1.000000000000000000 ) ) ;
#877 = DIRECTION ( 'NONE',  ( -0.000000000000000000, -1.000000000000000000, -0.000000000000000000 ) ) ;
#878 = EDGE_CURVE ( 'NONE', #285, #3177, #1699, .T. ) ;
#879 = CARTESIAN_POINT ( 'NONE',  ( 7.800000000000030909, -1.000000000000028644, 31.92555455687869781 ) ) ;
#880 = VECTOR ( 'NONE', #4196, 1000.000000000000114 ) ;
#881 = EDGE_LOOP ( 'NONE', ( #3310, #2782, #2711, #731, #2525, #174, #1978, #2809, #1125 ) ) ;
#882 = CARTESIAN_POINT ( 'NONE',  ( 45.24999999999977263, 0.000000000000000000, 45.50000000000012079 ) ) ;
#883 = ORIENTED_EDGE ( 'NONE', *, *, #4097, .F. ) ;
#884 = PLANE ( 'NONE',  #3147 ) ;
#885 = CYLINDRICAL_SURFACE ( 'NONE', #2867, 2.250000000000001776 ) ;
#886 = DIRECTION ( 'NONE',  ( 0.0007031544687453807237, 0.000000000000000000, 0.9999997527868660363 ) ) ;
#887 = EDGE_LOOP ( 'NONE', ( #1334, #4569, #2324, #3791 ) ) ;
#888 = CARTESIAN_POINT ( 'NONE',  ( 42.99999999999978684, 0.000000000000000000, 4.500000000000170530 ) ) ;
#889 = PLANE ( 'NONE',  #3407 ) ;
#890 = EDGE_LOOP ( 'NONE', ( #1008, #4040, #3598, #3622 ) ) ;
#891 = CYLINDRICAL_SURFACE ( 'NONE', #986, 2.250000000000008882 ) ;
#892 = VERTEX_POINT ( 'NONE', #2363 ) ;
#893 = DIRECTION ( 'NONE',  ( -0.000000000000000000, -0.000000000000000000, -1.000000000000000000 ) ) ;
#894 = ADVANCED_FACE ( 'NONE', ( #1350 ), #1655, .T. ) ;
#895 = EDGE_CURVE ( 'NONE', #1503, #3268, #1307, .T. ) ;
#896 = DIRECTION ( 'NONE',  ( 0.000000000000000000, 0.000000000000000000, -1.000000000000000000 ) ) ;
#897 = CARTESIAN_POINT ( 'NONE',  ( -75.79894513005741885, 0.000000000000000000, 17.56756383145217981 ) ) ;
#898 = ORIENTED_EDGE ( 'NONE', *, *, #620, .F. ) ;
#899 = CARTESIAN_POINT ( 'NONE',  ( 9.300000000000030909, 2.500000000000000444, 21.85598270084804895 ) ) ;
#900 = ORIENTED_EDGE ( 'NONE', *, *, #565, .T. ) ;
#901 = LINE ( 'NONE', #1255, #4204 ) ;
#902 = CLOSED_SHELL ( 'NONE', ( #2010, #2753, #4268, #839, #110, #1218, #3675, #221, #2931, #1487, #846, #429, #3021, #222, #725, #2932, #2130, #1661, #2786, #3256, #2056, #4336, #3230, #1757, #2723, #4300, #2405, #2383, #3473, #1447, #2066, #3217, #4009, #635, #1320, #2603, #4411, #997, #3187, #2947, #3878, #275, #1883, #4293, #4325, #4291, #1145, #3903, #729, #3719, #449, #777, #4397, #3338, #3848, #1895, #2708, #1644, #2439, #1193, #3578, #1383, #215, #4600, #707, #894, #1075, #2983, #3629, #2505, #4424, #405, #2354, #786, #2411, #1131, #2966, #2089, #1017, #2157, #2923, #4361, #3946, #1584, #4523, #3632, #3514, #3532, #3881, #1298, #3222, #1761, #4672, #1276, #2561, #3190, #117, #4662, #979, #669, #2282, #921, #1351, #4281, #2366, #3644, #819, #2621, #1815, #3429, #3893, #2388, #988, #492, #380, #2589, #1932, #822, #1579, #1411, #34, #1069, #3348, #1025, #2242, #2839, #4254, #1662, #1994, #4018, #4058, #2495, #4417, #919, #2939, #253, #4385, #1264, #2043, #953, #3339, #2985, #4337, #2434, #857, #975, #2612, #4256, #3065 ) ) ;
#903 = CARTESIAN_POINT ( 'NONE',  ( 42.99999999999978684, 10.00000000000000000, 4.500000000000170530 ) ) ;
#904 = VECTOR ( 'NONE', #353, 1000.000000000000000 ) ;
#905 = FACE_OUTER_BOUND ( 'NONE', #1093, .T. ) ;
#906 = ORIENTED_EDGE ( 'NONE', *, *, #4065, .F. ) ;
#907 = DIRECTION ( 'NONE',  ( 0.000000000000000000, 0.000000000000000000, 1.000000000000000000 ) ) ;
#908 = CARTESIAN_POINT ( 'NONE',  ( 10.80111069989304262, 2.500000000000000000, 18.00598270084806174 ) ) ;
#909 = EDGE_LOOP ( 'NONE', ( #3755, #1614, #2686, #1113 ) ) ;
#910 = DIRECTION ( 'NONE',  ( 0.000000000000000000, 0.000000000000000000, 1.000000000000000000 ) ) ;
#911 = ORIENTED_EDGE ( 'NONE', *, *, #716, .F. ) ;
#912 = ORIENTED_EDGE ( 'NONE', *, *, #1531, .F. ) ;
#913 = CIRCLE ( 'NONE', #1153, 2.649999999999999467 ) ;
#914 = CARTESIAN_POINT ( 'NONE',  ( -56.00000000000002132, 10.00000000000000000, 110.0000000000000142 ) ) ;
#915 = EDGE_CURVE ( 'NONE', #3186, #2177, #1284, .T. ) ;
#916 = AXIS2_PLACEMENT_3D ( 'NONE', #2801, #2875, #1375 ) ;
#917 = CARTESIAN_POINT ( 'NONE',  ( 7.800000000000030909, -1.000000000000028644, 28.92555455687869781 ) ) ;
#918 = CARTESIAN_POINT ( 'NONE',  ( -10.78525995046028996, 2.500000000000000000, 17.99689546334679591 ) ) ;
#919 = ADVANCED_FACE ( 'NONE', ( #3840 ), #1001, .F. ) ;
#920 = EDGE_LOOP ( 'NONE', ( #2636, #2698, #2403, #4288, #258, #3899 ) ) ;
#921 = ADVANCED_FACE ( 'NONE', ( #3774 ), #1637, .F. ) ;
#922 = AXIS2_PLACEMENT_3D ( 'NONE', #1514, #93, #2962 ) ;
#923 = ORIENTED_EDGE ( 'NONE', *, *, #1742, .T. ) ;
#924 = LINE ( 'NONE', #2000, #2436 ) ;
#925 = VERTEX_POINT ( 'NONE', #4299 ) ;
#926 = DIRECTION ( 'NONE',  ( -0.9999932193701946970, 0.000000000000000000, 0.003682555313065099568 ) ) ;
#927 = VECTOR ( 'NONE', #2111, 1000.000000000000114 ) ;
#928 = EDGE_CURVE ( 'NONE', #226, #2943, #2715, .T. ) ;
#929 = FACE_OUTER_BOUND ( 'NONE', #3999, .T. ) ;
#930 = DIRECTION ( 'NONE',  ( 0.0007031544687453771458, 0.000000000000000000, 0.9999997527868660363 ) ) ;
#931 = ORIENTED_EDGE ( 'NONE', *, *, #231, .F. ) ;
#932 = LINE ( 'NONE', #2452, #2446 ) ;
#933 = VECTOR ( 'NONE', #1635, 1000.000000000000000 ) ;
#934 = CARTESIAN_POINT ( 'NONE',  ( 45.24999999999977263, 10.00000000000000000, 45.50000000000012079 ) ) ;
#935 = ORIENTED_EDGE ( 'NONE', *, *, #1967, .F. ) ;
#936 = CARTESIAN_POINT ( 'NONE',  ( -42.99999999999980105, 5.000000000000000000, 4.500000000000142997 ) ) ;
#937 = EDGE_CURVE ( 'NONE', #2724, #3519, #715, .T. ) ;
#938 = ORIENTED_EDGE ( 'NONE', *, *, #3300, .F. ) ;
#939 = FACE_OUTER_BOUND ( 'NONE', #1884, .T. ) ;
#940 = EDGE_LOOP ( 'NONE', ( #4331, #2925, #1547, #493 ) ) ;
#941 = VECTOR ( 'NONE', #630, 1000.000000000000000 ) ;
#942 = FACE_BOUND ( 'NONE', #579, .T. ) ;
#943 = DIRECTION ( 'NONE',  ( 0.9999814816488730163, 0.000000000000000000, 0.006085750514492286461 ) ) ;
#944 = AXIS2_PLACEMENT_3D ( 'NONE', #1415, #1709, #2491 ) ;
#945 = ORIENTED_EDGE ( 'NONE', *, *, #4465, .F. ) ;
#946 = DIRECTION ( 'NONE',  ( 0.000000000000000000, 0.000000000000000000, 1.000000000000000000 ) ) ;
#947 = VECTOR ( 'NONE', #2407, 1000.000000000000000 ) ;
#948 = CARTESIAN_POINT ( 'NONE',  ( 79.00000000000001421, 0.000000000000000000, 13.41061878174422262 ) ) ;
#949 = LINE ( 'NONE', #2332, #1736 ) ;
#950 = DIRECTION ( 'NONE',  ( 0.000000000000000000, 0.000000000000000000, 1.000000000000000000 ) ) ;
#951 = ORIENTED_EDGE ( 'NONE', *, *, #1781, .T. ) ;
#952 = DIRECTION ( 'NONE',  ( 1.000000000000000000, -0.000000000000000000, 1.692413147294446709E-16 ) ) ;
#953 = ADVANCED_FACE ( 'NONE', ( #4655 ), #3997, .F. ) ;
#954 = DIRECTION ( 'NONE',  ( 0.8675199422708572694, 0.000000000000000000, -0.4974024022482887997 ) ) ;
#955 = VERTEX_POINT ( 'NONE', #3154 ) ;
#956 = EDGE_CURVE ( 'NONE', #771, #3761, #3536, .T. ) ;
#957 = DIRECTION ( 'NONE',  ( 0.002996854885004050697, 0.000000000000000000, -0.9999955094203164530 ) ) ;
#958 = EDGE_LOOP ( 'NONE', ( #1768, #3799, #4157, #4481 ) ) ;
#959 = FACE_OUTER_BOUND ( 'NONE', #3304, .T. ) ;
#960 = EDGE_CURVE ( 'NONE', #60, #4024, #1028, .T. ) ;
#961 = ORIENTED_EDGE ( 'NONE', *, *, #795, .F. ) ;
#962 = CARTESIAN_POINT ( 'NONE',  ( -7.799999999999958078, 0.000000000000000000, 34.42555455687872978 ) ) ;
#963 = UNCERTAINTY_MEASURE_WITH_UNIT (LENGTH_MEASURE( 1.000000000000000082E-05 ), #2002, 'distance_accuracy_value', 'NONE');
#964 = LINE ( 'NONE', #2393, #3255 ) ;
#965 = CIRCLE ( 'NONE', #3599, 3.650000000000014566 ) ;
#966 = ORIENTED_EDGE ( 'NONE', *, *, #765, .F. ) ;
#967 = DIRECTION ( 'NONE',  ( -0.000000000000000000, 1.000000000000000000, -0.000000000000000000 ) ) ;
#968 = ORIENTED_EDGE ( 'NONE', *, *, #3741, .F. ) ;
#969 = CARTESIAN_POINT ( 'NONE',  ( -78.39788897460657324, 3.000000000000000000, 19.07050236186967140 ) ) ;
#970 = LINE ( 'NONE', #1607, #523 ) ;
#971 = CIRCLE ( 'NONE', #2927, 1.249999999999997558 ) ;
#972 = CARTESIAN_POINT ( 'NONE',  ( 61.00000000000000000, 5.000000000000000000, 110.0000000000000000 ) ) ;
#973 = VERTEX_POINT ( 'NONE', #3263 ) ;
#974 = CARTESIAN_POINT ( 'NONE',  ( -78.39999999999999147, -13.20000000000000462, 17.31828170427217373 ) ) ;
#975 = ADVANCED_FACE ( 'NONE', ( #1747 ), #3181, .F. ) ;
#976 = FACE_OUTER_BOUND ( 'NONE', #3981, .T. ) ;
#977 = VERTEX_POINT ( 'NONE', #1129 ) ;
#978 = DIRECTION ( 'NONE',  ( 0.4968074232331486373, 0.000000000000000000, -0.8678608092433020005 ) ) ;
#979 = ADVANCED_FACE ( 'NONE', ( #3917 ), #4274, .F. ) ;
#980 = ORIENTED_EDGE ( 'NONE', *, *, #3560, .T. ) ;
#981 = EDGE_CURVE ( 'NONE', #489, #592, #1479, .T. ) ;
#982 = DIRECTION ( 'NONE',  ( -0.000000000000000000, -1.000000000000000000, -0.000000000000000000 ) ) ;
#983 = ORIENTED_EDGE ( 'NONE', *, *, #749, .F. ) ;
#984 = AXIS2_PLACEMENT_3D ( 'NONE', #453, #2915, #1144 ) ;
#985 = CARTESIAN_POINT ( 'NONE',  ( 61.00000000000000000, 2.000000000000001776, 110.0000000000000000 ) ) ;
#986 = AXIS2_PLACEMENT_3D ( 'NONE', #1836, #2161, #3271 ) ;
#987 = CARTESIAN_POINT ( 'NONE',  ( 46.99999999999997868, 2.500000000000000000, 98.00000000000000000 ) ) ;
#988 = ADVANCED_FACE ( 'NONE', ( #4599 ), #1455, .F. ) ;
#989 = VERTEX_POINT ( 'NONE', #4329 ) ;
#990 = CARTESIAN_POINT ( 'NONE',  ( -76.04923932178259349, 3.000000000000000000, -23.68049687673109105 ) ) ;
#991 = ORIENTED_EDGE ( 'NONE', *, *, #565, .F. ) ;
#992 = DIRECTION ( 'NONE',  ( -0.001975404771559554577, 0.000000000000000000, 0.9999980488860907846 ) ) ;
#993 = FACE_OUTER_BOUND ( 'NONE', #671, .T. ) ;
#994 = DIRECTION ( 'NONE',  ( -0.7071067811865486830, 0.7071067811865463515, 1.890548517948253046E-16 ) ) ;
#995 = ORIENTED_EDGE ( 'NONE', *, *, #3248, .F. ) ;
#996 = CARTESIAN_POINT ( 'NONE',  ( -78.64472903534151271, 3.000000000000000000, -25.18939265846792352 ) ) ;
#997 = ADVANCED_FACE ( 'NONE', ( #2555 ), #768, .F. ) ;
#998 = PLANE ( 'NONE',  #326 ) ;
#999 = VECTOR ( 'NONE', #1862, 1000.000000000000227 ) ;
#1000 = ORIENTED_EDGE ( 'NONE', *, *, #420, .F. ) ;
#1001 = PLANE ( 'NONE',  #472 ) ;
#1002 = CIRCLE ( 'NONE', #1603, 1.249999999999997558 ) ;
#1003 = ORIENTED_EDGE ( 'NONE', *, *, #2903, .T. ) ;
#1004 = CARTESIAN_POINT ( 'NONE',  ( 15.00000000000025402, 22.50000000000000000, 87.00000000000012790 ) ) ;
#1005 = LINE ( 'NONE', #4605, #1536 ) ;
#1006 = ORIENTED_EDGE ( 'NONE', *, *, #2381, .T. ) ;
#1007 = EDGE_CURVE ( 'NONE', #4625, #3873, #742, .T. ) ;
#1008 = ORIENTED_EDGE ( 'NONE', *, *, #1683, .T. ) ;
#1009 = EDGE_CURVE ( 'NONE', #4650, #318, #304, .T. ) ;
#1010 = ORIENTED_EDGE ( 'NONE', *, *, #3421, .F. ) ;
#1011 = DIRECTION ( 'NONE',  ( 1.000000000000000000, 0.000000000000000000, 0.000000000000000000 ) ) ;
#1012 = CARTESIAN_POINT ( 'NONE',  ( -9.299999999999968736, 2.500000000000000444, 19.35598270084804540 ) ) ;
#1013 = DIRECTION ( 'NONE',  ( -0.4993909267607220537, 0.000000000000000000, 0.8663767669259531123 ) ) ;
#1014 = AXIS2_PLACEMENT_3D ( 'NONE', #1563, #4124, #4082 ) ;
#1015 = VERTEX_POINT ( 'NONE', #2099 ) ;
#1016 = LINE ( 'NONE', #3608, #2806 ) ;
#1017 = ADVANCED_FACE ( 'NONE', ( #3563 ), #4354, .T. ) ;
#1018 = DIRECTION ( 'NONE',  ( 0.8656736124572114166, 0.000000000000000000, -0.5006088260261515321 ) ) ;
#1019 = CARTESIAN_POINT ( 'NONE',  ( -16.52520088797338715, 2.200000000000000178, 84.38059887544430637 ) ) ;
#1020 = VECTOR ( 'NONE', #2566, 1000.000000000000114 ) ;
#1021 = DIRECTION ( 'NONE',  ( 0.7071067811865474617, 0.7071067811865474617, -4.906538933386656825E-15 ) ) ;
#1022 = ORIENTED_EDGE ( 'NONE', *, *, #4095, .T. ) ;
#1023 = DIRECTION ( 'NONE',  ( 0.8645230873858525955, 0.000000000000000000, 0.5025931071720280974 ) ) ;
#1024 = VECTOR ( 'NONE', #362, 1000.000000000000000 ) ;
#1025 = ADVANCED_FACE ( 'NONE', ( #330 ), #1773, .F. ) ;
#1026 = DIRECTION ( 'NONE',  ( 0.000000000000000000, 0.000000000000000000, -1.000000000000000000 ) ) ;
#1027 = ORIENTED_EDGE ( 'NONE', *, *, #4169, .T. ) ;
#1028 = LINE ( 'NONE', #3943, #4219 ) ;
#1029 = VECTOR ( 'NONE', #540, 1000.000000000000000 ) ;
#1030 = EDGE_LOOP ( 'NONE', ( #3515, #106, #3871, #1267 ) ) ;
#1031 = DIRECTION ( 'NONE',  ( -1.000000000000000000, 0.000000000000000000, 3.466879843239611994E-15 ) ) ;
#1032 = DIRECTION ( 'NONE',  ( 0.000000000000000000, 0.000000000000000000, 1.000000000000000000 ) ) ;
#1033 = VERTEX_POINT ( 'NONE', #141 ) ;
#1034 = ORIENTED_EDGE ( 'NONE', *, *, #1533, .F. ) ;
#1035 = AXIS2_PLACEMENT_3D ( 'NONE', #2265, #1232, #455 ) ;
#1036 = VERTEX_POINT ( 'NONE', #2971 ) ;
#1037 = LINE ( 'NONE', #2488, #2340 ) ;
#1038 = DIRECTION ( 'NONE',  ( -0.000000000000000000, -1.000000000000000000, -0.000000000000000000 ) ) ;
#1039 = PLANE ( 'NONE',  #3350 ) ;
#1040 = EDGE_CURVE ( 'NONE', #652, #3280, #3708, .T. ) ;
#1041 = EDGE_LOOP ( 'NONE', ( #2779, #906, #911, #1463 ) ) ;
#1042 = CARTESIAN_POINT ( 'NONE',  ( -81.00000000000000000, 2.000000000000001776, 21.90598270084804966 ) ) ;
#1043 = EDGE_CURVE ( 'NONE', #873, #415, #3395, .T. ) ;
#1044 = AXIS2_PLACEMENT_3D ( 'NONE', #2203, #2152, #1801 ) ;
#1045 = DIRECTION ( 'NONE',  ( -0.7071067811865389130, 0.7071067811865561215, 0.000000000000000000 ) ) ;
#1046 = CARTESIAN_POINT ( 'NONE',  ( 18.03108891324579233, 2.200000000000000178, 87.00000000000009948 ) ) ;
#1047 = FACE_OUTER_BOUND ( 'NONE', #1929, .T. ) ;
#1048 = VERTEX_POINT ( 'NONE', #439 ) ;
#1049 = VECTOR ( 'NONE', #1201, 999.9999999999998863 ) ;
#1050 = CARTESIAN_POINT ( 'NONE',  ( 81.00000000000001421, 2.000000000000001776, 21.90598270084813493 ) ) ;
#1051 = PLANE ( 'NONE',  #3570 ) ;
#1052 = ORIENTED_EDGE ( 'NONE', *, *, #570, .T. ) ;
#1053 = DIRECTION ( 'NONE',  ( 0.2576626505603324402, 0.000000000000000000, -0.9662349396012461789 ) ) ;
#1054 = ORIENTED_EDGE ( 'NONE', *, *, #2528, .T. ) ;
#1055 = DIRECTION ( 'NONE',  ( 0.000000000000000000, 1.000000000000000000, 0.000000000000000000 ) ) ;
#1056 = LINE ( 'NONE', #2460, #1376 ) ;
#1057 = ORIENTED_EDGE ( 'NONE', *, *, #1109, .T. ) ;
#1058 = VERTEX_POINT ( 'NONE', #2202 ) ;
#1059 = AXIS2_PLACEMENT_3D ( 'NONE', #3529, #2526, #3587 ) ;
#1060 = LINE ( 'NONE', #2998, #3833 ) ;
#1061 = DIRECTION ( 'NONE',  ( 0.000000000000000000, 0.000000000000000000, 1.000000000000000000 ) ) ;
#1062 = EDGE_LOOP ( 'NONE', ( #3324, #2082, #4457, #3900 ) ) ;
#1063 = LINE ( 'NONE', #990, #2969 ) ;
#1064 = VERTEX_POINT ( 'NONE', #2292 ) ;
#1065 = DIRECTION ( 'NONE',  ( 0.000000000000000000, 0.000000000000000000, 1.000000000000000000 ) ) ;
#1066 = EDGE_CURVE ( 'NONE', #1155, #2438, #4108, .T. ) ;
#1067 = DIRECTION ( 'NONE',  ( 0.000000000000000000, 0.000000000000000000, 1.000000000000000000 ) ) ;
#1069 = ADVANCED_FACE ( 'NONE', ( #2227 ), #4377, .F. ) ;
#1068 = ORIENTED_EDGE ( 'NONE', *, *, #2357, .T. ) ;
#1070 = VECTOR ( 'NONE', #3436, 1000.000000000000227 ) ;
#1071 = DIRECTION ( 'NONE',  ( 0.000000000000000000, 0.000000000000000000, 1.000000000000000000 ) ) ;
#1072 = ORIENTED_EDGE ( 'NONE', *, *, #1446, .F. ) ;
#1073 = FACE_OUTER_BOUND ( 'NONE', #1414, .T. ) ;
#1074 = DIRECTION ( 'NONE',  ( 0.000000000000000000, -0.000000000000000000, -1.000000000000000000 ) ) ;
#1075 = ADVANCED_FACE ( 'NONE', ( #1852 ), #4440, .F. ) ;
#1076 = ORIENTED_EDGE ( 'NONE', *, *, #3505, .T. ) ;
#1077 = AXIS2_PLACEMENT_3D ( 'NONE', #359, #662, #2479 ) ;
#1078 = DIRECTION ( 'NONE',  ( -0.8645230873858524845, 0.000000000000000000, -0.5025931071720279864 ) ) ;
#1079 = CARTESIAN_POINT ( 'NONE',  ( -78.66272347907712970, 0.000000000000000000, -19.18497682232466417 ) ) ;
#1080 = EDGE_LOOP ( 'NONE', ( #2464, #1326, #3683, #2226 ) ) ;
#1081 = DIRECTION ( 'NONE',  ( 0.000000000000000000, 0.000000000000000000, 1.000000000000000000 ) ) ;
#1082 = AXIS2_PLACEMENT_3D ( 'NONE', #4483, #4130, #4502 ) ;
#1083 = FACE_OUTER_BOUND ( 'NONE', #1235, .T. ) ;
#1084 = ORIENTED_EDGE ( 'NONE', *, *, #1381, .F. ) ;
#1085 = EDGE_CURVE ( 'NONE', #2303, #285, #841, .T. ) ;
#1086 = AXIS2_PLACEMENT_3D ( 'NONE', #517, #3410, #1975 ) ;
#1087 = ORIENTED_EDGE ( 'NONE', *, *, #796, .T. ) ;
#1088 = CONICAL_SURFACE ( 'NONE', #2582, 2.649999999999999467, 0.7853981633974482790 ) ;
#1089 = EDGE_LOOP ( 'NONE', ( #2946, #817, #151, #3656, #2849 ) ) ;
#1090 = PLANE ( 'NONE',  #1816 ) ;
#1091 = CARTESIAN_POINT ( 'NONE',  ( 18.03108891324579233, 2.200000000000000178, 87.00000000000009948 ) ) ;
#1092 = LINE ( 'NONE', #1440, #3113 ) ;
#1093 = EDGE_LOOP ( 'NONE', ( #2078, #2469, #1273, #1689 ) ) ;
#1094 = LINE ( 'NONE', #296, #3793 ) ;
#1095 = DIRECTION ( 'NONE',  ( 0.2576626505603324402, 0.000000000000000000, -0.9662349396012461789 ) ) ;
#1096 = DIRECTION ( 'NONE',  ( -0.4999999999999997224, 0.000000000000000000, 0.8660254037844387076 ) ) ;
#1097 = DIRECTION ( 'NONE',  ( -0.000000000000000000, -1.000000000000000000, -0.000000000000000000 ) ) ;
#1098 = ORIENTED_EDGE ( 'NONE', *, *, #580, .F. ) ;
#1099 = CARTESIAN_POINT ( 'NONE',  ( -9.299999999999968736, -6.000000000000000000, 23.25598270084804753 ) ) ;
#1100 = AXIS2_PLACEMENT_3D ( 'NONE', #4272, #3862, #1074 ) ;
#1101 = DIRECTION ( 'NONE',  ( -0.8645230873858534837, 0.000000000000000000, -0.5025931071720262100 ) ) ;
#1102 = EDGE_CURVE ( 'NONE', #1728, #3156, #1501, .T. ) ;
#1103 = AXIS2_PLACEMENT_3D ( 'NONE', #3305, #2246, #2065 ) ;
#1104 = EDGE_LOOP ( 'NONE', ( #2029, #701, #4044, #1813 ) ) ;
#1105 = CARTESIAN_POINT ( 'NONE',  ( -75.99999999999998579, 10.00000000000000000, 21.25076433052313618 ) ) ;
#1106 = CARTESIAN_POINT ( 'NONE',  ( -61.00000000000001421, 5.000000000000000000, 96.90598270084805677 ) ) ;
#1107 = VECTOR ( 'NONE', #2959, 1000.000000000000000 ) ;
#1108 = ORIENTED_EDGE ( 'NONE', *, *, #3971, .T. ) ;
#1109 = EDGE_CURVE ( 'NONE', #619, #4261, #1214, .T. ) ;
#1110 = DIRECTION ( 'NONE',  ( -0.4968074232331486373, 0.000000000000000000, 0.8678608092433020005 ) ) ;
#1111 = EDGE_CURVE ( 'NONE', #1302, #3846, #1528, .T. ) ;
#1112 = CARTESIAN_POINT ( 'NONE',  ( 56.00000000000000000, 5.000000000000000000, 96.25076433052315394 ) ) ;
#1113 = ORIENTED_EDGE ( 'NONE', *, *, #131, .T. ) ;
#1114 = VECTOR ( 'NONE', #3691, 1000.000000000000114 ) ;
#1115 = EDGE_LOOP ( 'NONE', ( #552, #4601, #968, #310, #242 ) ) ;
#1116 = DIRECTION ( 'NONE',  ( -0.5000000000000018874, 0.000000000000000000, -0.8660254037844374864 ) ) ;
#1117 = CARTESIAN_POINT ( 'NONE',  ( 70.49744571176178454, -8.502554288238252767, -14.47593257211002360 ) ) ;
#1118 = ORIENTED_EDGE ( 'NONE', *, *, #3815, .F. ) ;
#1119 = DIRECTION ( 'NONE',  ( 0.000000000000000000, 0.000000000000000000, -1.000000000000000000 ) ) ;
#1120 = EDGE_LOOP ( 'NONE', ( #511, #3168, #4167, #1882 ) ) ;
#1121 = CARTESIAN_POINT ( 'NONE',  ( 42.99999999999978684, 5.000000000000000000, 4.500000000000170530 ) ) ;
#1122 = FACE_OUTER_BOUND ( 'NONE', #2050, .T. ) ;
#1123 = LINE ( 'NONE', #2616, #1826 ) ;
#1124 = LINE ( 'NONE', #22, #1409 ) ;
#1125 = ORIENTED_EDGE ( 'NONE', *, *, #1734, .T. ) ;
#1126 = LINE ( 'NONE', #381, #4042 ) ;
#1127 = PLANE ( 'NONE',  #3053 ) ;
#1128 = DIRECTION ( 'NONE',  ( 0.4999999999999995559, -0.000000000000000000, 0.8660254037844389297 ) ) ;
#1129 = CARTESIAN_POINT ( 'NONE',  ( -80.99894384454913165, 3.000000000000000000, 17.57122023468964045 ) ) ;
#1130 = AXIS2_PLACEMENT_3D ( 'NONE', #2228, #1546, #842 ) ;
#1131 = ADVANCED_FACE ( 'NONE', ( #1152 ), #2575, .T. ) ;
#1132 = LINE ( 'NONE', #3998, #3365 ) ;
#1133 = EDGE_LOOP ( 'NONE', ( #4379, #554, #69, #3160 ) ) ;
#1134 = DIRECTION ( 'NONE',  ( -0.7071067811865561215, -0.7071067811865389130, 0.000000000000000000 ) ) ;
#1135 = LINE ( 'NONE', #869, #3480 ) ;
#1136 = VERTEX_POINT ( 'NONE', #864 ) ;
#1137 = EDGE_CURVE ( 'NONE', #3020, #3479, #2602, .T. ) ;
#1138 = EDGE_CURVE ( 'NONE', #2951, #2883, #3162, .T. ) ;
#1139 = ORIENTED_EDGE ( 'NONE', *, *, #3300, .T. ) ;
#1140 = CARTESIAN_POINT ( 'NONE',  ( -11.96893163944603700, 0.000000000000000000, 86.98883784741830993 ) ) ;
#1141 = CARTESIAN_POINT ( 'NONE',  ( -81.00000000000000000, 2.000000000000001776, 21.90598270084804966 ) ) ;
#1142 = CARTESIAN_POINT ( 'NONE',  ( 75.79703977165694084, 0.000000000000000000, 17.56425342292120462 ) ) ;
#1143 = ORIENTED_EDGE ( 'NONE', *, *, #1007, .T. ) ;
#1144 = DIRECTION ( 'NONE',  ( -0.5000000000000011102, 0.000000000000000000, -0.8660254037844379305 ) ) ;
#1145 = ADVANCED_FACE ( 'NONE', ( #1896 ), #1200, .F. ) ;
#1146 = LINE ( 'NONE', #2916, #3843 ) ;
#1147 = ORIENTED_EDGE ( 'NONE', *, *, #807, .T. ) ;
#1148 = VERTEX_POINT ( 'NONE', #1545 ) ;
#1149 = DIRECTION ( 'NONE',  ( -1.000000000000000000, 0.000000000000000000, -0.000000000000000000 ) ) ;
#1150 = CARTESIAN_POINT ( 'NONE',  ( 13.48445554337749819, 2.200000000000000178, 84.37500000000012790 ) ) ;
#1151 = ORIENTED_EDGE ( 'NONE', *, *, #4543, .T. ) ;
#1152 = FACE_OUTER_BOUND ( 'NONE', #1604, .T. ) ;
#1153 = AXIS2_PLACEMENT_3D ( 'NONE', #516, #1248, #4121 ) ;
#1154 = LINE ( 'NONE', #4656, #128 ) ;
#1155 = VERTEX_POINT ( 'NONE', #4423 ) ;
#1156 = PLANE ( 'NONE',  #1554 ) ;
#1157 = DIRECTION ( 'NONE',  ( 0.000000000000000000, 0.000000000000000000, 1.000000000000000000 ) ) ;
#1158 = AXIS2_PLACEMENT_3D ( 'NONE', #824, #484, #461 ) ;
#1159 = ORIENTED_EDGE ( 'NONE', *, *, #1878, .T. ) ;
#1160 = VECTOR ( 'NONE', #3279, 1000.000000000000000 ) ;
#1161 = ORIENTED_EDGE ( 'NONE', *, *, #2930, .F. ) ;
#1162 = VERTEX_POINT ( 'NONE', #2623 ) ;
#1163 = CIRCLE ( 'NONE', #395, 1.250000000000001110 ) ;
#1164 = CARTESIAN_POINT ( 'NONE',  ( -81.00000000000000000, 3.000000000000000000, 21.90598270084804966 ) ) ;
#1165 = LINE ( 'NONE', #425, #1927 ) ;
#1166 = AXIS2_PLACEMENT_3D ( 'NONE', #2207, #32, #3648 ) ;
#1167 = EDGE_CURVE ( 'NONE', #2943, #989, #4067, .T. ) ;
#1168 = ORIENTED_EDGE ( 'NONE', *, *, #2280, .F. ) ;
#1169 = CARTESIAN_POINT ( 'NONE',  ( 78.39999999999999147, -13.20000000000000462, 16.06828170427217728 ) ) ;
#1170 = CARTESIAN_POINT ( 'NONE',  ( -76.04923932178259349, 0.000000000000000000, -23.68049687673109105 ) ) ;
#1171 = CARTESIAN_POINT ( 'NONE',  ( -75.99999999999998579, 10.00000000000000000, -24.99999999999997158 ) ) ;
#1172 = ORIENTED_EDGE ( 'NONE', *, *, #2187, .T. ) ;
#1173 = EDGE_CURVE ( 'NONE', #2129, #2570, #3352, .T. ) ;
#1174 = CARTESIAN_POINT ( 'NONE',  ( -74.99999999999998579, 5.000000000000000000, -30.00000000000000000 ) ) ;
#1175 = FACE_OUTER_BOUND ( 'NONE', #1805, .T. ) ;
#1176 = ORIENTED_EDGE ( 'NONE', *, *, #1887, .F. ) ;
#1177 = CARTESIAN_POINT ( 'NONE',  ( 61.00000000000000000, 2.000000000000001776, 96.90598270084817045 ) ) ;
#1178 = CARTESIAN_POINT ( 'NONE',  ( 10.80111069989306216, 2.500000000000000000, 23.20598270084804682 ) ) ;
#1179 = ORIENTED_EDGE ( 'NONE', *, *, #1066, .F. ) ;
#1180 = CARTESIAN_POINT ( 'NONE',  ( -78.40211102539342392, 3.000000000000000000, 13.06606104667467250 ) ) ;
#1181 = AXIS2_PLACEMENT_3D ( 'NONE', #2147, #837, #2662 ) ;
#1182 = CARTESIAN_POINT ( 'NONE',  ( -42.99999999999980105, 0.000000000000000000, 4.500000000000142997 ) ) ;
#1183 = ORIENTED_EDGE ( 'NONE', *, *, #3794, .T. ) ;
#1184 = VECTOR ( 'NONE', #3481, 1000.000000000000000 ) ;
#1185 = AXIS2_PLACEMENT_3D ( 'NONE', #77, #2926, #1081 ) ;
#1186 = ORIENTED_EDGE ( 'NONE', *, *, #111, .T. ) ;
#1187 = CARTESIAN_POINT ( 'NONE',  ( 9.300000000000030909, 0.000000000000000000, 20.60598270084804895 ) ) ;
#1188 = CARTESIAN_POINT ( 'NONE',  ( -7.799999999999968736, -1.000000000000028644, 31.92555455687869781 ) ) ;
#1189 = CYLINDRICAL_SURFACE ( 'NONE', #2600, 1.249999999999997558 ) ;
#1190 = LINE ( 'NONE', #4057, #1443 ) ;
#1191 = LINE ( 'NONE', #788, #1598 ) ;
#1192 = EDGE_CURVE ( 'NONE', #1698, #1861, #2991, .T. ) ;
#1193 = ADVANCED_FACE ( 'NONE', ( #929 ), #1906, .F. ) ;
#1194 = DIRECTION ( 'NONE',  ( -0.8690522416791729432, 0.000000000000000000, 0.4947203262777915556 ) ) ;
#1195 = VERTEX_POINT ( 'NONE', #4172 ) ;
#1196 = FACE_OUTER_BOUND ( 'NONE', #4579, .T. ) ;
#1197 = DIRECTION ( 'NONE',  ( -0.000000000000000000, -1.000000000000000000, -0.000000000000000000 ) ) ;
#1198 = VECTOR ( 'NONE', #25, 1000.000000000000114 ) ;
#1199 = LINE ( 'NONE', #4353, #212 ) ;
#1200 = CYLINDRICAL_SURFACE ( 'NONE', #3839, 2.250000000000001776 ) ;
#1201 = DIRECTION ( 'NONE',  ( 0.8670114164560018821, 0.000000000000000000, -0.4982882737281275620 ) ) ;
#1202 = ORIENTED_EDGE ( 'NONE', *, *, #2135, .F. ) ;
#1203 = DIRECTION ( 'NONE',  ( 0.000000000000000000, 1.000000000000000000, 0.000000000000000000 ) ) ;
#1204 = DIRECTION ( 'NONE',  ( 0.000000000000000000, -1.000000000000000000, 0.000000000000000000 ) ) ;
#1205 = ORIENTED_EDGE ( 'NONE', *, *, #4328, .T. ) ;
#1206 = EDGE_CURVE ( 'NONE', #2689, #1252, #949, .T. ) ;
#1207 =( NAMED_UNIT ( * ) PLANE_ANGLE_UNIT ( ) SI_UNIT ( $, .RADIAN. ) );
#1208 = CARTESIAN_POINT ( 'NONE',  ( -58.99999999999996447, 0.000000000000000000, -3.126578581479661700E-14 ) ) ;
#1209 = CARTESIAN_POINT ( 'NONE',  ( 78.65372625720931410, -13.20000000000000462, -20.93718474039629740 ) ) ;
#1210 = ORIENTED_EDGE ( 'NONE', *, *, #4511, .F. ) ;
#1211 = LINE ( 'NONE', #860, #4243 ) ;
#1212 = ORIENTED_EDGE ( 'NONE', *, *, #90, .T. ) ;
#1213 = CARTESIAN_POINT ( 'NONE',  ( 75.80297037413535577, 3.000000000000000000, 14.56203788081107398 ) ) ;
#1214 = LINE ( 'NONE', #1177, #4452 ) ;
#1215 = CARTESIAN_POINT ( 'NONE',  ( 45.24999999999977263, 5.000000000000000000, 45.50000000000012079 ) ) ;
#1216 = ORIENTED_EDGE ( 'NONE', *, *, #3414, .F. ) ;
#1217 = FACE_OUTER_BOUND ( 'NONE', #401, .T. ) ;
#1218 = ADVANCED_FACE ( 'NONE', ( #2728 ), #885, .F. ) ;
#1219 = CARTESIAN_POINT ( 'NONE',  ( -97.63532756694938541, 18.63532756694933212, -11.36467243305059505 ) ) ;
#1220 = ORIENTED_EDGE ( 'NONE', *, *, #468, .F. ) ;
#1221 = VECTOR ( 'NONE', #1601, 1000.000000000000000 ) ;
#1222 = LINE ( 'NONE', #2211, #3241 ) ;
#1223 = VECTOR ( 'NONE', #1919, 1000.000000000000000 ) ;
#1224 = EDGE_CURVE ( 'NONE', #2165, #2390, #2378, .T. ) ;
#1225 = ORIENTED_EDGE ( 'NONE', *, *, #1700, .T. ) ;
#1226 = AXIS2_PLACEMENT_3D ( 'NONE', #2548, #2287, #3302 ) ;
#1227 = CARTESIAN_POINT ( 'NONE',  ( -7.783094146864282692, 2.500000000000000000, 18.01516623377516169 ) ) ;
#1228 = VECTOR ( 'NONE', #4642, 1000.000000000000000 ) ;
#1229 = DIRECTION ( 'NONE',  ( 0.7071067811865474617, -0.7071067811865474617, 4.906538933386656825E-15 ) ) ;
#1230 = DIRECTION ( 'NONE',  ( 0.7071067811865462405, 0.7071067811865489050, 1.890548517948249595E-16 ) ) ;
#1231 = VECTOR ( 'NONE', #3795, 1000.000000000000000 ) ;
#1232 = DIRECTION ( 'NONE',  ( -1.000000000000000000, 0.000000000000000000, 2.673639354406769807E-16 ) ) ;
#1233 = ORIENTED_EDGE ( 'NONE', *, *, #1659, .F. ) ;
#1234 = CARTESIAN_POINT ( 'NONE',  ( -51.00000000000003553, 5.000000000000000000, 101.0000000000000142 ) ) ;
#1235 = EDGE_LOOP ( 'NONE', ( #220, #1517, #4093, #3993 ) ) ;
#1236 = CARTESIAN_POINT ( 'NONE',  ( 15.00000000000025402, 2.200000000000000622, 85.75000000000012790 ) ) ;
#1237 = DIRECTION ( 'NONE',  ( 0.000000000000000000, 0.000000000000000000, -1.000000000000000000 ) ) ;
#1238 = DIRECTION ( 'NONE',  ( 0.000000000000000000, 0.000000000000000000, 1.000000000000000000 ) ) ;
#1239 = ORIENTED_EDGE ( 'NONE', *, *, #2017, .F. ) ;
#1240 = CARTESIAN_POINT ( 'NONE',  ( 10.80111069989304262, 5.000000000000000000, 18.00598270084806174 ) ) ;
#1241 = CARTESIAN_POINT ( 'NONE',  ( 78.65372625720931410, 10.00000000000000000, -22.18718474039629385 ) ) ;
#1242 = ORIENTED_EDGE ( 'NONE', *, *, #3296, .F. ) ;
#1243 = DIRECTION ( 'NONE',  ( -0.7071067811865486830, 0.7071067811865463515, 1.890548517948253046E-16 ) ) ;
#1244 = EDGE_CURVE ( 'NONE', #925, #2085, #3393, .T. ) ;
#1245 = VECTOR ( 'NONE', #3613, 1000.000000000000000 ) ;
#1246 = AXIS2_PLACEMENT_3D ( 'NONE', #3319, #2306, #89 ) ;
#1247 = CARTESIAN_POINT ( 'NONE',  ( -56.00000000000002132, 5.000000000000000000, 96.25076433052301184 ) ) ;
#1248 = DIRECTION ( 'NONE',  ( -0.000000000000000000, -1.000000000000000000, -0.000000000000000000 ) ) ;
#1249 = FACE_OUTER_BOUND ( 'NONE', #1062, .T. ) ;
#1250 = AXIS2_PLACEMENT_3D ( 'NONE', #2255, #510, #2647 ) ;
#1251 = EDGE_CURVE ( 'NONE', #1733, #4395, #1982, .T. ) ;
#1252 = VERTEX_POINT ( 'NONE', #3417 ) ;
#1253 = CARTESIAN_POINT ( 'NONE',  ( -9.299999999999968736, 2.500000000000000444, 21.85598270084804895 ) ) ;
#1254 = EDGE_LOOP ( 'NONE', ( #3161, #9 ) ) ;
#1255 = CARTESIAN_POINT ( 'NONE',  ( -46.99999999999997868, 5.000000000000000000, 96.99999999999995737 ) ) ;
#1256 = DIRECTION ( 'NONE',  ( 0.000000000000000000, 1.000000000000000000, 0.000000000000000000 ) ) ;
#1257 = VECTOR ( 'NONE', #4418, 1000.000000000000000 ) ;
#1258 = LINE ( 'NONE', #4463, #3063 ) ;
#1259 = VERTEX_POINT ( 'NONE', #4193 ) ;
#1260 = CARTESIAN_POINT ( 'NONE',  ( -46.99999999999997868, 3.999999999999988898, 98.00000000000000000 ) ) ;
#1261 = LINE ( 'NONE', #908, #933 ) ;
#1262 = ORIENTED_EDGE ( 'NONE', *, *, #3287, .T. ) ;
#1263 = DIRECTION ( 'NONE',  ( -0.000000000000000000, 1.000000000000000000, -0.000000000000000000 ) ) ;
#1264 = ADVANCED_FACE ( 'NONE', ( #3124 ), #188, .F. ) ;
#1265 = ORIENTED_EDGE ( 'NONE', *, *, #1531, .T. ) ;
#1266 = EDGE_CURVE ( 'NONE', #1833, #4522, #3076, .T. ) ;
#1267 = ORIENTED_EDGE ( 'NONE', *, *, #576, .F. ) ;
#1268 = EDGE_CURVE ( 'NONE', #4369, #3976, #587, .T. ) ;
#1269 = VECTOR ( 'NONE', #3056, 1000.000000000000000 ) ;
#1270 = EDGE_CURVE ( 'NONE', #505, #771, #2765, .T. ) ;
#1271 = CARTESIAN_POINT ( 'NONE',  ( -42.99999999999980105, 10.00000000000000000, 4.500000000000142997 ) ) ;
#1272 = CARTESIAN_POINT ( 'NONE',  ( 78.40593060247839219, 3.000000000000000000, 13.06606616216203776 ) ) ;
#1273 = ORIENTED_EDGE ( 'NONE', *, *, #2217, .T. ) ;
#1274 = ORIENTED_EDGE ( 'NONE', *, *, #1621, .T. ) ;
#1275 = CARTESIAN_POINT ( 'NONE',  ( -45.24999999999980105, 5.000000000000000000, -7.658169491507349549E-15 ) ) ;
#1276 = ADVANCED_FACE ( 'NONE', ( #3055 ), #545, .F. ) ;
#1277 = DIRECTION ( 'NONE',  ( 0.000000000000000000, -0.7071067811865364705, 0.7071067811865584529 ) ) ;
#1278 = SURFACE_STYLE_FILL_AREA ( #2356 ) ;
#1279 = PLANE ( 'NONE',  #2259 ) ;
#1280 = ORIENTED_EDGE ( 'NONE', *, *, #852, .F. ) ;
#1281 = DIRECTION ( 'NONE',  ( 0.000000000000000000, 0.000000000000000000, 1.000000000000000000 ) ) ;
#1282 = CARTESIAN_POINT ( 'NONE',  ( -78.99999999999998579, 0.000000000000000000, -2.112175089981351599E-14 ) ) ;
#1283 = ORIENTED_EDGE ( 'NONE', *, *, #504, .F. ) ;
#1284 = LINE ( 'NONE', #2030, #4387 ) ;
#1285 = ORIENTED_EDGE ( 'NONE', *, *, #1356, .F. ) ;
#1286 = EDGE_LOOP ( 'NONE', ( #445, #4446 ) ) ;
#1287 = VECTOR ( 'NONE', #3956, 1000.000000000000000 ) ;
#1288 = APPLICATION_PROTOCOL_DEFINITION ( 'draft international standard', 'automotive_design', 1998, #4321 ) ;
#1289 = MANIFOLD_SOLID_BREP ( 'Chamfer5', #902 ) ;
#1290 = AXIS2_PLACEMENT_3D ( 'NONE', #2826, #28, #1428 ) ;
#1291 = LINE ( 'NONE', #2718, #4003 ) ;
#1292 = FACE_OUTER_BOUND ( 'NONE', #1089, .T. ) ;
#1293 = ORIENTED_EDGE ( 'NONE', *, *, #4074, .T. ) ;
#1294 = EDGE_CURVE ( 'NONE', #4439, #592, #3748, .T. ) ;
#1295 =( GEOMETRIC_REPRESENTATION_CONTEXT ( 3 ) GLOBAL_UNCERTAINTY_ASSIGNED_CONTEXT ( ( #963 ) ) GLOBAL_UNIT_ASSIGNED_CONTEXT ( ( #2002, #233, #2398 ) ) REPRESENTATION_CONTEXT ( 'NONE', 'WORKASPACE' ) );
#1296 = ORIENTED_EDGE ( 'NONE', *, *, #2501, .T. ) ;
#1297 = CARTESIAN_POINT ( 'NONE',  ( 15.00000000000025402, 5.000000000000000888, 87.00000000000012790 ) ) ;
#1298 = ADVANCED_FACE ( 'NONE', ( #656 ), #1818, .F. ) ;
#1299 = LINE ( 'NONE', #2726, #597 ) ;
#1300 = EDGE_CURVE ( 'NONE', #3785, #79, #1367, .T. ) ;
#1301 = CARTESIAN_POINT ( 'NONE',  ( 51.00000000000004263, 5.000000000000000000, 110.0000000000000000 ) ) ;
#1302 = VERTEX_POINT ( 'NONE', #2472 ) ;
#1303 = CARTESIAN_POINT ( 'NONE',  ( 7.798889300107008538, 2.500000000000000000, 23.20598270084804682 ) ) ;
#1304 = AXIS2_PLACEMENT_3D ( 'NONE', #2453, #3889, #3561 ) ;
#1305 = DIRECTION ( 'NONE',  ( 0.000000000000000000, 1.000000000000000000, -0.000000000000000000 ) ) ;
#1306 = EDGE_LOOP ( 'NONE', ( #1636, #4313, #1968, #4586 ) ) ;
#1307 = LINE ( 'NONE', #593, #4308 ) ;
#1308 = EDGE_LOOP ( 'NONE', ( #4302, #2385, #1606, #2513 ) ) ;
#1309 = LINE ( 'NONE', #2431, #816 ) ;
#1310 = ORIENTED_EDGE ( 'NONE', *, *, #1043, .F. ) ;
#1311 = VECTOR ( 'NONE', #161, 999.9999999999998863 ) ;
#1312 = LINE ( 'NONE', #3090, #298 ) ;
#1313 = DIRECTION ( 'NONE',  ( 0.000000000000000000, 0.000000000000000000, 1.000000000000000000 ) ) ;
#1314 = ORIENTED_EDGE ( 'NONE', *, *, #2980, .T. ) ;
#1315 = EDGE_CURVE ( 'NONE', #1195, #4069, #3909, .T. ) ;
#1316 = DIRECTION ( 'NONE',  ( 0.7071067811865475727, -0.7071067811865475727, 0.000000000000000000 ) ) ;
#1317 = VECTOR ( 'NONE', #4585, 1000.000000000000000 ) ;
#1318 = ORIENTED_EDGE ( 'NONE', *, *, #1424, .F. ) ;
#1319 = CARTESIAN_POINT ( 'NONE',  ( 78.39999999999999147, 3.000000000000000888, 16.06828170427217728 ) ) ;
#1320 = ADVANCED_FACE ( 'NONE', ( #2169 ), #2423, .F. ) ;
#1321 = CIRCLE ( 'NONE', #2896, 1.249999999999997558 ) ;
#1322 = LINE ( 'NONE', #2746, #4664 ) ;
#1323 = CARTESIAN_POINT ( 'NONE',  ( -75.79894513005741885, 3.000000000000000000, 17.56756383145217981 ) ) ;
#1324 = EDGE_CURVE ( 'NONE', #318, #2655, #3148, .T. ) ;
#1325 = CARTESIAN_POINT ( 'NONE',  ( -14.99999999999974598, 22.50000000000000000, 87.00000000000012790 ) ) ;
#1326 = ORIENTED_EDGE ( 'NONE', *, *, #711, .F. ) ;
#1327 = CARTESIAN_POINT ( 'NONE',  ( 97.63532756694939962, 18.63532756694944581, -11.36467243305050445 ) ) ;
#1328 = DIRECTION ( 'NONE',  ( 0.6546536707079764206, 0.6546536707079784190, 0.3779644730092263649 ) ) ;
#1329 = ORIENTED_EDGE ( 'NONE', *, *, #2842, .F. ) ;
#1330 = PLANE ( 'NONE',  #3926 ) ;
#1331 = VERTEX_POINT ( 'NONE', #706 ) ;
#1332 = LINE ( 'NONE', #4201, #1485 ) ;
#1333 = EDGE_CURVE ( 'NONE', #2153, #4527, #3506, .T. ) ;
#1334 = ORIENTED_EDGE ( 'NONE', *, *, #2584, .T. ) ;
#1335 = VECTOR ( 'NONE', #29, 1000.000000000000000 ) ;
#1336 = CARTESIAN_POINT ( 'NONE',  ( 50.00000000000000000, 3.999999999999988898, 101.0000000000000142 ) ) ;
#1337 = LINE ( 'NONE', #2760, #4461 ) ;
#1338 = EDGE_LOOP ( 'NONE', ( #27, #2277, #798, #409 ) ) ;
#1339 = LINE ( 'NONE', #4287, #1317 ) ;
#1340 = ORIENTED_EDGE ( 'NONE', *, *, #2159, .F. ) ;
#1341 = DIRECTION ( 'NONE',  ( -0.000000000000000000, 1.000000000000000000, -0.000000000000000000 ) ) ;
#1342 = CARTESIAN_POINT ( 'NONE',  ( 50.00000000000000000, 3.999999999999988898, 110.0000000000000000 ) ) ;
#1343 = SURFACE_STYLE_USAGE ( .BOTH. , #2703 ) ;
#1344 = FACE_OUTER_BOUND ( 'NONE', #2629, .T. ) ;
#1345 = ORIENTED_EDGE ( 'NONE', *, *, #134, .F. ) ;
#1346 = CARTESIAN_POINT ( 'NONE',  ( 9.300000000000030909, -6.000000000000000000, 20.60598270084804895 ) ) ;
#1347 = FACE_BOUND ( 'NONE', #605, .T. ) ;
#1348 = VECTOR ( 'NONE', #4460, 1000.000000000000000 ) ;
#1349 = ORIENTED_EDGE ( 'NONE', *, *, #3450, .F. ) ;
#1350 = FACE_OUTER_BOUND ( 'NONE', #1308, .T. ) ;
#1351 = ADVANCED_FACE ( 'NONE', ( #21 ), #3528, .F. ) ;
#1352 = ORIENTED_EDGE ( 'NONE', *, *, #250, .F. ) ;
#1353 = DIRECTION ( 'NONE',  ( 0.000000000000000000, 0.000000000000000000, -1.000000000000000000 ) ) ;
#1354 = ORIENTED_EDGE ( 'NONE', *, *, #2114, .F. ) ;
#1355 = EDGE_LOOP ( 'NONE', ( #1467, #3591, #324, #478, #2590, #4327, #2509, #1172 ) ) ;
#1356 = EDGE_CURVE ( 'NONE', #358, #1512, #4310, .T. ) ;
#1357 = VECTOR ( 'NONE', #3342, 1000.000000000000000 ) ;
#1358 = ORIENTED_EDGE ( 'NONE', *, *, #2807, .T. ) ;
#1359 = DIRECTION ( 'NONE',  ( 0.000000000000000000, -0.000000000000000000, 1.000000000000000000 ) ) ;
#1360 = FACE_OUTER_BOUND ( 'NONE', #3919, .T. ) ;
#1361 = ORIENTED_EDGE ( 'NONE', *, *, #1137, .T. ) ;
#1362 = FACE_OUTER_BOUND ( 'NONE', #2856, .T. ) ;
#1363 = VERTEX_POINT ( 'NONE', #3884 ) ;
#1364 = LINE ( 'NONE', #252, #178 ) ;
#1365 = AXIS2_PLACEMENT_3D ( 'NONE', #3009, #3308, #4022 ) ;
#1366 = LINE ( 'NONE', #4237, #3757 ) ;
#1367 = LINE ( 'NONE', #734, #4079 ) ;
#1368 = VECTOR ( 'NONE', #3100, 1000.000000000000000 ) ;
#1369 = DIRECTION ( 'NONE',  ( 0.000000000000000000, 0.000000000000000000, 1.000000000000000000 ) ) ;
#1370 = EDGE_LOOP ( 'NONE', ( #4140, #3773 ) ) ;
#1371 = LINE ( 'NONE', #1303, #3960 ) ;
#1372 = DIRECTION ( 'NONE',  ( 0.000000000000000000, 1.000000000000000000, 0.000000000000000000 ) ) ;
#1373 = CONICAL_SURFACE ( 'NONE', #4015, 2.649999999999999467, 0.7853981633974482790 ) ;
#1374 = VERTEX_POINT ( 'NONE', #2069 ) ;
#1375 = DIRECTION ( 'NONE',  ( 0.4968074232331490814, 0.000000000000000000, -0.8678608092433017784 ) ) ;
#1376 = VECTOR ( 'NONE', #667, 1000.000000000000000 ) ;
#1377 = EDGE_LOOP ( 'NONE', ( #65, #980, #1847, #1068, #3405 ) ) ;
#1378 = LINE ( 'NONE', #4556, #1398 ) ;
#1379 = CARTESIAN_POINT ( 'NONE',  ( -56.00000000000002132, 10.00000000000000000, 110.0000000000000142 ) ) ;
#1380 = ORIENTED_EDGE ( 'NONE', *, *, #4037, .F. ) ;
#1381 = EDGE_CURVE ( 'NONE', #3327, #3177, #678, .T. ) ;
#1382 = ORIENTED_EDGE ( 'NONE', *, *, #4534, .F. ) ;
#1383 = ADVANCED_FACE ( 'NONE', ( #297 ), #2650, .F. ) ;
#1384 = ORIENTED_EDGE ( 'NONE', *, *, #2604, .F. ) ;
#1385 = CARTESIAN_POINT ( 'NONE',  ( 45.24999999999978684, 10.00000000000000000, 4.500000000000170530 ) ) ;
#1386 = DIRECTION ( 'NONE',  ( -0.9999932193701946970, 0.000000000000000000, 0.003682555313065093063 ) ) ;
#1387 = VERTEX_POINT ( 'NONE', #2523 ) ;
#1388 = DIRECTION ( 'NONE',  ( 1.000000000000000000, 0.000000000000000000, 0.000000000000000000 ) ) ;
#1389 = AXIS2_PLACEMENT_3D ( 'NONE', #1174, #3026, #2289 ) ;
#1390 = ORIENTED_EDGE ( 'NONE', *, *, #4473, .T. ) ;
#1391 = CARTESIAN_POINT ( 'NONE',  ( 76.05372625720931978, 3.000000000000000000, -20.68607404050326437 ) ) ;
#1392 = EDGE_CURVE ( 'NONE', #1302, #3525, #2144, .T. ) ;
#1393 = DIRECTION ( 'NONE',  ( 0.4999999999999995004, 0.000000000000000000, -0.8660254037844389297 ) ) ;
#1394 = CONICAL_SURFACE ( 'NONE', #3034, 1.500000000000001332, 0.7853981633974479459 ) ;
#1395 = CARTESIAN_POINT ( 'NONE',  ( 81.00000000000001421, 3.000000000000000000, 21.90598270084813493 ) ) ;
#1396 = EDGE_LOOP ( 'NONE', ( #1382, #3890, #1380, #1340, #2957 ) ) ;
#1397 = DIRECTION ( 'NONE',  ( 0.000000000000000000, 1.000000000000000000, 0.000000000000000000 ) ) ;
#1398 = VECTOR ( 'NONE', #2102, 1000.000000000000114 ) ;
#1399 = DIRECTION ( 'NONE',  ( 0.000000000000000000, 0.000000000000000000, 1.000000000000000000 ) ) ;
#1400 = ORIENTED_EDGE ( 'NONE', *, *, #3690, .T. ) ;
#1401 = DIRECTION ( 'NONE',  ( -1.000000000000000000, 0.000000000000000000, -0.000000000000000000 ) ) ;
#1402 = AXIS2_PLACEMENT_3D ( 'NONE', #1669, #1647, #992 ) ;
#1403 = DIRECTION ( 'NONE',  ( 0.000000000000000000, 0.000000000000000000, -1.000000000000000000 ) ) ;
#1404 = VERTEX_POINT ( 'NONE', #4589 ) ;
#1405 = CARTESIAN_POINT ( 'NONE',  ( 7.800000000000019362, 0.000000000000000000, 34.42555455687872978 ) ) ;
#1406 = CARTESIAN_POINT ( 'NONE',  ( 81.00000000000000000, 10.00000000000000000, -28.00000000000002487 ) ) ;
#1407 = ORIENTED_EDGE ( 'NONE', *, *, #622, .F. ) ;
#1408 = ORIENTED_EDGE ( 'NONE', *, *, #4074, .F. ) ;
#1409 = VECTOR ( 'NONE', #2449, 1000.000000000000000 ) ;
#1410 = EDGE_CURVE ( 'NONE', #1441, #2739, #1739, .T. ) ;
#1411 = ADVANCED_FACE ( 'NONE', ( #3586 ), #4265, .F. ) ;
#1412 = PLANE ( 'NONE',  #3320 ) ;
#1413 = CARTESIAN_POINT ( 'NONE',  ( -75.99999999999997158, 10.00000000000000000, -30.00000000000000000 ) ) ;
#1414 = EDGE_LOOP ( 'NONE', ( #3432, #3180, #3886, #3958 ) ) ;
#1415 = CARTESIAN_POINT ( 'NONE',  ( 80.99702962586462718, 3.000000000000000000, 17.57452552773328236 ) ) ;
#1416 = AXIS2_PLACEMENT_3D ( 'NONE', #119, #482, #383 ) ;
#1417 = PRODUCT_RELATED_PRODUCT_CATEGORY ( 'part', '', ( #1703 ) ) ;
#1418 = ORIENTED_EDGE ( 'NONE', *, *, #2151, .T. ) ;
#1419 = PLANE ( 'NONE',  #3721 ) ;
#1420 = AXIS2_PLACEMENT_3D ( 'NONE', #1325, #2766, #2729 ) ;
#1421 = CARTESIAN_POINT ( 'NONE',  ( 7.798889300106999656, 2.500000000000000000, 18.00598270084807240 ) ) ;
#1422 = CARTESIAN_POINT ( 'NONE',  ( -75.80105615545083708, 3.000000000000000000, 14.56534317385470878 ) ) ;
#1423 = EDGE_LOOP ( 'NONE', ( #2352, #690, #342, #935 ) ) ;
#1424 = EDGE_CURVE ( 'NONE', #3750, #3686, #4674, .T. ) ;
#1425 = DIRECTION ( 'NONE',  ( -0.8660254037844387076, 0.000000000000000000, 0.4999999999999999445 ) ) ;
#1426 = LINE ( 'NONE', #282, #1911 ) ;
#1427 = ORIENTED_EDGE ( 'NONE', *, *, #572, .T. ) ;
#1428 = DIRECTION ( 'NONE',  ( 0.000000000000000000, 0.000000000000000000, 1.000000000000000000 ) ) ;
#1429 = DIRECTION ( 'NONE',  ( 0.8641782539302441668, 0.000000000000000000, -0.5031857961370477250 ) ) ;
#1430 = ORIENTED_EDGE ( 'NONE', *, *, #3137, .F. ) ;
#1431 = CARTESIAN_POINT ( 'NONE',  ( -81.24921597076824753, 3.000000000000000000, -23.69608052213312277 ) ) ;
#1432 = VECTOR ( 'NONE', #4192, 1000.000000000000000 ) ;
#1433 = DIRECTION ( 'NONE',  ( 0.000000000000000000, 0.000000000000000000, -1.000000000000000000 ) ) ;
#1434 = ORIENTED_EDGE ( 'NONE', *, *, #683, .T. ) ;
#1435 = ORIENTED_EDGE ( 'NONE', *, *, #1244, .F. ) ;
#1436 = ORIENTED_EDGE ( 'NONE', *, *, #4441, .F. ) ;
#1437 = DIRECTION ( 'NONE',  ( 0.6552985349123225944, -0.6552985349123200409, -0.3757228503611808046 ) ) ;
#1438 = DIRECTION ( 'NONE',  ( -0.000000000000000000, -1.000000000000000000, -0.000000000000000000 ) ) ;
#1439 = AXIS2_PLACEMENT_3D ( 'NONE', #4621, #2044, #655 ) ;
#1440 = CARTESIAN_POINT ( 'NONE',  ( -46.99999999999997868, 3.999999999999988898, 98.00000000000000000 ) ) ;
#1441 = VERTEX_POINT ( 'NONE', #2866 ) ;
#1442 = DIRECTION ( 'NONE',  ( 0.000000000000000000, -1.000000000000000000, 0.000000000000000000 ) ) ;
#1443 = VECTOR ( 'NONE', #4432, 1000.000000000000000 ) ;
#1444 = FACE_OUTER_BOUND ( 'NONE', #149, .T. ) ;
#1445 = CARTESIAN_POINT ( 'NONE',  ( -13.49413252741967639, 0.000000000000000000, 84.36943672286245999 ) ) ;
#1446 = EDGE_CURVE ( 'NONE', #1064, #2425, #4320, .T. ) ;
#1447 = ADVANCED_FACE ( 'NONE', ( #1914 ), #3990, .F. ) ;
#1448 = AXIS2_PLACEMENT_3D ( 'NONE', #195, #240, #4158 ) ;
#1449 = DIRECTION ( 'NONE',  ( -0.000000000000000000, 1.000000000000000000, -0.000000000000000000 ) ) ;
#1450 = ORIENTED_EDGE ( 'NONE', *, *, #4413, .T. ) ;
#1451 = LINE ( 'NONE', #4677, #3109 ) ;
#1452 = DIRECTION ( 'NONE',  ( 0.7071067811865389130, 0.7071067811865561215, 0.000000000000000000 ) ) ;
#1453 = ORIENTED_EDGE ( 'NONE', *, *, #4152, .T. ) ;
#1454 = AXIS2_PLACEMENT_3D ( 'NONE', #4528, #3818, #214 ) ;
#1455 = PLANE ( 'NONE',  #916 ) ;
#1456 = DIRECTION ( 'NONE',  ( 0.5773502691896257311, 0.5773502691896257311, -0.5773502691896257311 ) ) ;
#1457 = VERTEX_POINT ( 'NONE', #1170 ) ;
#1458 = CARTESIAN_POINT ( 'NONE',  ( -10.29999999999999716, 0.000000000000000000, 31.92555455687868360 ) ) ;
#1459 = AXIS2_PLACEMENT_3D ( 'NONE', #3937, #3964, #277 ) ;
#1460 = DIRECTION ( 'NONE',  ( 0.000000000000000000, 1.000000000000000000, -0.000000000000000000 ) ) ;
#1461 = ORIENTED_EDGE ( 'NONE', *, *, #4639, .T. ) ;
#1462 = VECTOR ( 'NONE', #4365, 1000.000000000000000 ) ;
#1463 = ORIENTED_EDGE ( 'NONE', *, *, #711, .T. ) ;
#1464 = LINE ( 'NONE', #2859, #3623 ) ;
#1465 = LINE ( 'NONE', #4031, #4090 ) ;
#1466 = DIRECTION ( 'NONE',  ( -0.000000000000000000, -1.000000000000000000, -0.000000000000000000 ) ) ;
#1467 = ORIENTED_EDGE ( 'NONE', *, *, #3421, .T. ) ;
#1468 = DIRECTION ( 'NONE',  ( 0.7071067811865475727, 0.000000000000000000, 0.7071067811865475727 ) ) ;
#1469 = DIRECTION ( 'NONE',  ( 0.7040905031817138449, 0.7040905031817160653, 0.09226660641119835415 ) ) ;
#1470 = CARTESIAN_POINT ( 'NONE',  ( 7.798889300107008538, 5.000000000000000000, 23.20598270084804682 ) ) ;
#1471 = LINE ( 'NONE', #3938, #666 ) ;
#1472 = ORIENTED_EDGE ( 'NONE', *, *, #1791, .T. ) ;
#1473 = DIRECTION ( 'NONE',  ( 0.000000000000000000, 0.000000000000000000, 1.000000000000000000 ) ) ;
#1474 = EDGE_CURVE ( 'NONE', #4323, #3686, #4347, .T. ) ;
#1475 = CYLINDRICAL_SURFACE ( 'NONE', #55, 1.500000000000001332 ) ;
#1476 = VECTOR ( 'NONE', #2693, 1000.000000000000000 ) ;
#1477 = VERTEX_POINT ( 'NONE', #2635 ) ;
#1478 = EDGE_CURVE ( 'NONE', #2570, #3469, #1146, .T. ) ;
#1479 = LINE ( 'NONE', #2900, #1663 ) ;
#1480 = CARTESIAN_POINT ( 'NONE',  ( -13.49413252741967639, 2.200000000000000178, 84.36943672286245999 ) ) ;
#1481 = ORIENTED_EDGE ( 'NONE', *, *, #1381, .T. ) ;
#1482 = LINE ( 'NONE', #3620, #2067 ) ;
#1483 = LINE ( 'NONE', #125, #2956 ) ;
#1484 = VERTEX_POINT ( 'NONE', #4433 ) ;
#1485 = VECTOR ( 'NONE', #982, 1000.000000000000000 ) ;
#1486 = EDGE_CURVE ( 'NONE', #2515, #3916, #1123, .T. ) ;
#1487 = ADVANCED_FACE ( 'NONE', ( #477 ), #2569, .F. ) ;
#1488 = ORIENTED_EDGE ( 'NONE', *, *, #3560, .F. ) ;
#1489 = DIRECTION ( 'NONE',  ( 0.001975404771559555010, 0.000000000000000000, -0.9999980488860907846 ) ) ;
#1490 = LINE ( 'NONE', #1141, #3019 ) ;
#1491 = VECTOR ( 'NONE', #2756, 1000.000000000000000 ) ;
#1492 = LINE ( 'NONE', #2862, #109 ) ;
#1493 = ORIENTED_EDGE ( 'NONE', *, *, #231, .T. ) ;
#1494 = FACE_BOUND ( 'NONE', #778, .T. ) ;
#1495 = LINE ( 'NONE', #1208, #1519 ) ;
#1496 = CARTESIAN_POINT ( 'NONE',  ( 81.25372625720933684, 3.000000000000000000, -20.68607404050327503 ) ) ;
#1497 = EDGE_LOOP ( 'NONE', ( #900, #2058, #3779, #329 ) ) ;
#1498 = CARTESIAN_POINT ( 'NONE',  ( 78.39406939752160497, 3.000000000000000000, 19.07049724638230259 ) ) ;
#1499 = LINE ( 'NONE', #4437, #2248 ) ;
#1500 = VERTEX_POINT ( 'NONE', #2192 ) ;
#1501 = LINE ( 'NONE', #4462, #3471 ) ;
#1502 = DIRECTION ( 'NONE',  ( 8.659560562354932858E-17, 0.7071067811865474617, -0.7071067811865474617 ) ) ;
#1503 = VERTEX_POINT ( 'NONE', #3364 ) ;
#1504 = CARTESIAN_POINT ( 'NONE',  ( 59.00000000000000000, 0.000000000000000000, 96.64389535271820364 ) ) ;
#1505 = EDGE_CURVE ( 'NONE', #775, #1989, #2593, .T. ) ;
#1506 = DIRECTION ( 'NONE',  ( -0.0007031542949164430430, 0.0007031542949167076968, -0.9999995055739152594 ) ) ;
#1507 = ORIENTED_EDGE ( 'NONE', *, *, #4186, .F. ) ;
#1508 = AXIS2_PLACEMENT_3D ( 'NONE', #235, #2358, #547 ) ;
#1509 = PLANE ( 'NONE',  #3551 ) ;
#1510 = EDGE_CURVE ( 'NONE', #3521, #3246, #1867, .T. ) ;
#1511 = DIRECTION ( 'NONE',  ( -0.000000000000000000, -1.000000000000000000, -0.000000000000000000 ) ) ;
#1512 = VERTEX_POINT ( 'NONE', #3635 ) ;
#1513 = LINE ( 'NONE', #787, #467 ) ;
#1514 = CARTESIAN_POINT ( 'NONE',  ( 16.51554445662301873, 2.200000000000000178, 89.62500000000012790 ) ) ;
#1515 = EDGE_CURVE ( 'NONE', #4323, #2359, #499, .T. ) ;
#1516 = DIRECTION ( 'NONE',  ( -0.4999999999999997224, 0.000000000000000000, 0.8660254037844387076 ) ) ;
#1517 = ORIENTED_EDGE ( 'NONE', *, *, #4, .F. ) ;
#1518 = CARTESIAN_POINT ( 'NONE',  ( 40.74999999999976552, 0.000000000000000000, 45.50000000000012079 ) ) ;
#1519 = VECTOR ( 'NONE', #3301, 1000.000000000000000 ) ;
#1520 = DIRECTION ( 'NONE',  ( 3.000553181919163031E-16, -0.000000000000000000, 1.000000000000000000 ) ) ;
#1521 = ORIENTED_EDGE ( 'NONE', *, *, #3424, .F. ) ;
#1522 = DIRECTION ( 'NONE',  ( 0.000000000000000000, -1.000000000000000000, 0.000000000000000000 ) ) ;
#1523 = AXIS2_PLACEMENT_3D ( 'NONE', #3141, #4583, #1359 ) ;
#1524 = LINE ( 'NONE', #2625, #515 ) ;
#1525 = ORIENTED_EDGE ( 'NONE', *, *, #1007, .F. ) ;
#1526 = CARTESIAN_POINT ( 'NONE',  ( 56.00000000000000000, 10.00000000000000000, 96.25076433052315394 ) ) ;
#1527 = CARTESIAN_POINT ( 'NONE',  ( 12.30222139978607743, 2.500000000000000000, 20.60598270084806316 ) ) ;
#1528 = CIRCLE ( 'NONE', #687, 1.250000000000001110 ) ;
#1529 = VERTEX_POINT ( 'NONE', #404 ) ;
#1530 = CIRCLE ( 'NONE', #544, 3.650000000000014566 ) ;
#1531 = EDGE_CURVE ( 'NONE', #3315, #1658, #4393, .T. ) ;
#1532 = CIRCLE ( 'NONE', #3712, 1.249999999999997558 ) ;
#1533 = EDGE_CURVE ( 'NONE', #4024, #719, #4059, .T. ) ;
#1534 = DIRECTION ( 'NONE',  ( 1.000000000000000000, 0.000000000000000000, 0.000000000000000000 ) ) ;
#1535 = CARTESIAN_POINT ( 'NONE',  ( 80.99999999999998579, 3.000000000000000000, 16.07084973300741382 ) ) ;
#1536 = VECTOR ( 'NONE', #2432, 1000.000000000000000 ) ;
#1537 = CARTESIAN_POINT ( 'NONE',  ( -75.99999999999998579, 10.00000000000000000, 21.25076433052313618 ) ) ;
#1538 = LINE ( 'NONE', #2961, #1657 ) ;
#1539 = CARTESIAN_POINT ( 'NONE',  ( -61.00000000000001421, 2.000000000000001776, 96.90598270084805677 ) ) ;
#1540 = DIRECTION ( 'NONE',  ( 0.000000000000000000, 0.000000000000000000, -1.000000000000000000 ) ) ;
#1541 = ORIENTED_EDGE ( 'NONE', *, *, #1681, .T. ) ;
#1542 = LINE ( 'NONE', #138, #328 ) ;
#1543 = DIRECTION ( 'NONE',  ( 0.000000000000000000, 0.000000000000000000, -1.000000000000000000 ) ) ;
#1544 = ORIENTED_EDGE ( 'NONE', *, *, #4095, .F. ) ;
#1545 = CARTESIAN_POINT ( 'NONE',  ( 79.00000000000001421, 0.000000000000000000, 21.64389535271817877 ) ) ;
#1546 = DIRECTION ( 'NONE',  ( 0.000000000000000000, 1.000000000000000000, 0.000000000000000000 ) ) ;
#1547 = ORIENTED_EDGE ( 'NONE', *, *, #2480, .T. ) ;
#1548 = LINE ( 'NONE', #2295, #3197 ) ;
#1549 = CIRCLE ( 'NONE', #2817, 1.249999999999997558 ) ;
#1550 = LINE ( 'NONE', #2976, #2209 ) ;
#1551 = ORIENTED_EDGE ( 'NONE', *, *, #4226, .T. ) ;
#1552 = AXIS2_PLACEMENT_3D ( 'NONE', #375, #2841, #2521 ) ;
#1553 = EDGE_CURVE ( 'NONE', #3849, #3860, #1844, .T. ) ;
#1554 = AXIS2_PLACEMENT_3D ( 'NONE', #31, #7, #1776 ) ;
#1555 = ORIENTED_EDGE ( 'NONE', *, *, #696, .F. ) ;
#1556 = CARTESIAN_POINT ( 'NONE',  ( -42.99999999999980815, 0.000000000000000000, 45.50000000000012079 ) ) ;
#1557 = EDGE_CURVE ( 'NONE', #320, #3117, #308, .T. ) ;
#1558 = VECTOR ( 'NONE', #893, 1000.000000000000000 ) ;
#1559 = CARTESIAN_POINT ( 'NONE',  ( -18.03106836055345141, 0.000000000000000000, 87.01116215258194586 ) ) ;
#1560 = LINE ( 'NONE', #835, #1160 ) ;
#1561 = EDGE_CURVE ( 'NONE', #374, #1374, #1191, .T. ) ;
#1562 = ORIENTED_EDGE ( 'NONE', *, *, #1839, .T. ) ;
#1563 = CARTESIAN_POINT ( 'NONE',  ( -9.299999999999968736, -1.000000000000028644, 31.92555455687869070 ) ) ;
#1564 = CARTESIAN_POINT ( 'NONE',  ( -16.50586747257980846, 2.200000000000000178, 89.63056327713781002 ) ) ;
#1565 = VERTEX_POINT ( 'NONE', #3322 ) ;
#1566 = DIRECTION ( 'NONE',  ( -0.000000000000000000, -0.000000000000000000, 1.000000000000000000 ) ) ;
#1567 = EDGE_CURVE ( 'NONE', #3805, #650, #1560, .T. ) ;
#1568 = LINE ( 'NONE', #440, #1049 ) ;
#1569 = EDGE_LOOP ( 'NONE', ( #3597, #898, #3778, #2133 ) ) ;
#1570 = LINE ( 'NONE', #3013, #1770 ) ;
#1571 = DIRECTION ( 'NONE',  ( -0.8670114164560026593, 0.000000000000000000, 0.4982882737281260077 ) ) ;
#1572 = ORIENTED_EDGE ( 'NONE', *, *, #4328, .F. ) ;
#1573 = PLANE ( 'NONE',  #1897 ) ;
#1574 = EDGE_CURVE ( 'NONE', #859, #3730, #44, .T. ) ;
#1575 =( LENGTH_UNIT ( ) NAMED_UNIT ( * ) SI_UNIT ( .MILLI., .METRE. ) );
#1576 = AXIS2_PLACEMENT_3D ( 'NONE', #4064, #3286, #3727 ) ;
#1577 = CARTESIAN_POINT ( 'NONE',  ( 50.00000000000000000, 2.500000000000000000, 110.0000000000000000 ) ) ;
#1578 = LINE ( 'NONE', #537, #779 ) ;
#1579 = ADVANCED_FACE ( 'NONE', ( #430 ), #4415, .F. ) ;
#1580 = LINE ( 'NONE', #2596, #3882 ) ;
#1581 = ORIENTED_EDGE ( 'NONE', *, *, #1878, .F. ) ;
#1582 = DIRECTION ( 'NONE',  ( 0.000000000000000000, 0.000000000000000000, -1.000000000000000000 ) ) ;
#1583 = ORIENTED_EDGE ( 'NONE', *, *, #865, .F. ) ;
#1584 = ADVANCED_FACE ( 'NONE', ( #1249 ), #2281, .T. ) ;
#1585 = LINE ( 'NONE', #3008, #757 ) ;
#1586 = DIRECTION ( 'NONE',  ( -2.673639354406774245E-16, 0.000000000000000000, 1.000000000000000000 ) ) ;
#1587 = EDGE_CURVE ( 'NONE', #3446, #1331, #1530, .T. ) ;
#1588 = CIRCLE ( 'NONE', #3537, 1.250000000000001110 ) ;
#1589 = DIRECTION ( 'NONE',  ( 0.9999932193701946970, 0.000000000000000000, -0.003682555313065093063 ) ) ;
#1590 = VERTEX_POINT ( 'NONE', #897 ) ;
#1591 = DIRECTION ( 'NONE',  ( -0.000000000000000000, -1.000000000000000000, -0.000000000000000000 ) ) ;
#1592 = CARTESIAN_POINT ( 'NONE',  ( 76.00000000000000000, 10.00000000000000000, -30.00000000000000000 ) ) ;
#1593 = ORIENTED_EDGE ( 'NONE', *, *, #3488, .F. ) ;
#1594 = VECTOR ( 'NONE', #157, 1000.000000000000114 ) ;
#1595 = CARTESIAN_POINT ( 'NONE',  ( -92.26289410482485209, 13.26289410482481301, -17.38126319686315924 ) ) ;
#1596 = VERTEX_POINT ( 'NONE', #3784 ) ;
#1597 = VECTOR ( 'NONE', #51, 1000.000000000000114 ) ;
#1598 = VECTOR ( 'NONE', #454, 1000.000000000000000 ) ;
#1599 = CARTESIAN_POINT ( 'NONE',  ( -9.299999999999968736, -1.000000000000028644, 28.92555455687870847 ) ) ;
#1600 = VECTOR ( 'NONE', #3627, 1000.000000000000000 ) ;
#1601 = DIRECTION ( 'NONE',  ( 0.000000000000000000, 0.000000000000000000, -1.000000000000000000 ) ) ;
#1602 = FACE_OUTER_BOUND ( 'NONE', #4286, .T. ) ;
#1603 = AXIS2_PLACEMENT_3D ( 'NONE', #3399, #1305, #4488 ) ;
#1604 = EDGE_LOOP ( 'NONE', ( #596, #724, #2266, #3412 ) ) ;
#1605 = LINE ( 'NONE', #457, #559 ) ;
#1606 = ORIENTED_EDGE ( 'NONE', *, *, #2584, .F. ) ;
#1607 = CARTESIAN_POINT ( 'NONE',  ( -75.79894513005741885, 3.000000000000000000, 17.56756383145217981 ) ) ;
#1608 = CARTESIAN_POINT ( 'NONE',  ( -78.99999999999998579, 0.000000000000000000, 18.72343767308426266 ) ) ;
#1609 = ORIENTED_EDGE ( 'NONE', *, *, #4467, .T. ) ;
#1610 = EDGE_CURVE ( 'NONE', #973, #2691, #2039, .T. ) ;
#1611 = DIRECTION ( 'NONE',  ( -0.000000000000000000, -1.000000000000000000, -0.000000000000000000 ) ) ;
#1612 = EDGE_CURVE ( 'NONE', #3216, #661, #2717, .T. ) ;
#1613 = CARTESIAN_POINT ( 'NONE',  ( -81.00000000000000000, 2.000000000000001776, 21.90598270084804966 ) ) ;
#1614 = ORIENTED_EDGE ( 'NONE', *, *, #1410, .F. ) ;
#1615 = CARTESIAN_POINT ( 'NONE',  ( 76.05372625720931978, 3.000000000000000000, -23.68829544028932688 ) ) ;
#1616 = VECTOR ( 'NONE', #229, 1000.000000000000000 ) ;
#1617 = ORIENTED_EDGE ( 'NONE', *, *, #981, .T. ) ;
#1618 = ORIENTED_EDGE ( 'NONE', *, *, #4071, .T. ) ;
#1619 = VECTOR ( 'NONE', #3143, 1000.000000000000000 ) ;
#1620 = LINE ( 'NONE', #3383, #2368 ) ;
#1621 = EDGE_CURVE ( 'NONE', #3805, #2520, #1578, .T. ) ;
#1622 = VECTOR ( 'NONE', #3595, 1000.000000000000000 ) ;
#1623 = CARTESIAN_POINT ( 'NONE',  ( 16.51554445662303294, 0.000000000000000000, 84.37500000000012790 ) ) ;
#1624 = DIRECTION ( 'NONE',  ( 0.000000000000000000, 0.7071067811865474617, 0.7071067811865474617 ) ) ;
#1625 = AXIS2_PLACEMENT_3D ( 'NONE', #4396, #1937, #3368 ) ;
#1626 = ORIENTED_EDGE ( 'NONE', *, *, #219, .T. ) ;
#1627 = EDGE_CURVE ( 'NONE', #3239, #1155, #4476, .T. ) ;
#1628 = EDGE_LOOP ( 'NONE', ( #4128, #3346 ) ) ;
#1629 = CARTESIAN_POINT ( 'NONE',  ( -80.99999999999998579, 5.000000000000000000, -20.54375958487979759 ) ) ;
#1630 = FACE_OUTER_BOUND ( 'NONE', #394, .T. ) ;
#1631 = CARTESIAN_POINT ( 'NONE',  ( 81.00000000000001421, 5.000000000000000000, 16.07084973296978347 ) ) ;
#1632 = CARTESIAN_POINT ( 'NONE',  ( -75.80105615545083708, 3.000000000000000000, 14.56534317385470878 ) ) ;
#1633 = ORIENTED_EDGE ( 'NONE', *, *, #407, .T. ) ;
#1634 = CARTESIAN_POINT ( 'NONE',  ( -78.39788897460657324, 0.000000000000000000, 19.07050236186967140 ) ) ;
#1635 = DIRECTION ( 'NONE',  ( -0.000000000000000000, 1.000000000000000000, -0.000000000000000000 ) ) ;
#1636 = ORIENTED_EDGE ( 'NONE', *, *, #26, .T. ) ;
#1637 = PLANE ( 'NONE',  #2343 ) ;
#1638 = ORIENTED_EDGE ( 'NONE', *, *, #1683, .F. ) ;
#1639 = VERTEX_POINT ( 'NONE', #2349 ) ;
#1640 = EDGE_CURVE ( 'NONE', #3806, #2883, #2679, .T. ) ;
#1641 = EDGE_CURVE ( 'NONE', #2330, #2153, #4122, .T. ) ;
#1642 = VECTOR ( 'NONE', #2644, 1000.000000000000000 ) ;
#1643 = CARTESIAN_POINT ( 'NONE',  ( -9.299999999999968736, -6.000000000000000000, 28.92555455687870847 ) ) ;
#1644 = ADVANCED_FACE ( 'NONE', ( #1602 ), #3758, .F. ) ;
#1645 = DIRECTION ( 'NONE',  ( -0.5052611553710814052, 0.000000000000000000, 0.8629664911646801606 ) ) ;
#1646 = EDGE_LOOP ( 'NONE', ( #3236, #3367, #4132, #1633 ) ) ;
#1647 = DIRECTION ( 'NONE',  ( -0.9999980488860908956, 0.000000000000000000, -0.001975404771559555010 ) ) ;
#1648 = FACE_OUTER_BOUND ( 'NONE', #618, .T. ) ;
#1649 = DIRECTION ( 'NONE',  ( -0.000000000000000000, 1.000000000000000000, -0.000000000000000000 ) ) ;
#1650 = CARTESIAN_POINT ( 'NONE',  ( -7.799999999999968736, -1.000000000000028644, 28.92555455687869781 ) ) ;
#1651 = ORIENTED_EDGE ( 'NONE', *, *, #4386, .T. ) ;
#1652 = DIRECTION ( 'NONE',  ( 0.7071067811865480168, 0.7071067811865470176, 3.747160876062522840E-16 ) ) ;
#1653 = LINE ( 'NONE', #573, #2351 ) ;
#1654 = ORIENTED_EDGE ( 'NONE', *, *, #1780, .F. ) ;
#1655 = CYLINDRICAL_SURFACE ( 'NONE', #2781, 1.500000000000001332 ) ;
#1656 = ORIENTED_EDGE ( 'NONE', *, *, #1446, .T. ) ;
#1657 = VECTOR ( 'NONE', #4414, 1000.000000000000000 ) ;
#1658 = VERTEX_POINT ( 'NONE', #561 ) ;
#1659 = EDGE_CURVE ( 'NONE', #3976, #1331, #180, .T. ) ;
#1660 = AXIS2_PLACEMENT_3D ( 'NONE', #536, #2286, #132 ) ;
#1661 = ADVANCED_FACE ( 'NONE', ( #4102 ), #3047, .F. ) ;
#1662 = ADVANCED_FACE ( 'NONE', ( #1292 ), #582, .F. ) ;
#1663 = VECTOR ( 'NONE', #305, 1000.000000000000000 ) ;
#1664 = CARTESIAN_POINT ( 'NONE',  ( 76.05372625720931978, 0.000000000000000000, -20.68607404050326437 ) ) ;
#1665 = DIRECTION ( 'NONE',  ( -0.000000000000000000, 1.000000000000000000, -0.000000000000000000 ) ) ;
#1666 = DIRECTION ( 'NONE',  ( 0.000000000000000000, 0.000000000000000000, 1.000000000000000000 ) ) ;
#1667 = AXIS2_PLACEMENT_3D ( 'NONE', #3175, #4622, #2795 ) ;
#1668 = ORIENTED_EDGE ( 'NONE', *, *, #4138, .T. ) ;
#1669 = CARTESIAN_POINT ( 'NONE',  ( 75.79703977165694084, 3.000000000000000000, 17.56425342292120462 ) ) ;
#1670 = DIRECTION ( 'NONE',  ( -0.000000000000000000, -0.000000000000000000, 1.000000000000000000 ) ) ;
#1671 = DIRECTION ( 'NONE',  ( 0.8656736124572120827, 0.000000000000000000, -0.5006088260261505329 ) ) ;
#1672 = DIRECTION ( 'NONE',  ( 0.000000000000000000, 1.000000000000000000, 0.000000000000000000 ) ) ;
#1673 = ORIENTED_EDGE ( 'NONE', *, *, #4571, .F. ) ;
#1674 = EDGE_CURVE ( 'NONE', #3186, #3661, #4144, .T. ) ;
#1675 = FACE_OUTER_BOUND ( 'NONE', #3569, .T. ) ;
#1676 = AXIS2_PLACEMENT_3D ( 'NONE', #3238, #364, #1032 ) ;
#1677 = LINE ( 'NONE', #551, #4230 ) ;
#1678 = ORIENTED_EDGE ( 'NONE', *, *, #4119, .T. ) ;
#1679 = CARTESIAN_POINT ( 'NONE',  ( 76.05372625720931978, 0.000000000000000000, -23.68829544028932688 ) ) ;
#1680 = VERTEX_POINT ( 'NONE', #203 ) ;
#1681 = EDGE_CURVE ( 'NONE', #2438, #1500, #2719, .T. ) ;
#1682 = ORIENTED_EDGE ( 'NONE', *, *, #4571, .T. ) ;
#1683 = EDGE_CURVE ( 'NONE', #3661, #1195, #2016, .T. ) ;
#1684 = AXIS2_PLACEMENT_3D ( 'NONE', #1042, #2189, #1765 ) ;
#1685 = LINE ( 'NONE', #269, #2860 ) ;
#1686 = LINE ( 'NONE', #1091, #4159 ) ;
#1687 = PLANE ( 'NONE',  #3275 ) ;
#1688 = AXIS2_PLACEMENT_3D ( 'NONE', #1735, #1468, #1442 ) ;
#1689 = ORIENTED_EDGE ( 'NONE', *, *, #1720, .F. ) ;
#1690 = DIRECTION ( 'NONE',  ( 0.000000000000000000, 1.000000000000000000, 0.000000000000000000 ) ) ;
#1691 = VECTOR ( 'NONE', #2578, 1000.000000000000000 ) ;
#1692 = CARTESIAN_POINT ( 'NONE',  ( -78.65372625720931410, -13.20000000000000462, -22.18718474039629385 ) ) ;
#1693 = DIRECTION ( 'NONE',  ( -0.000000000000000000, -1.000000000000000000, -0.000000000000000000 ) ) ;
#1694 = CARTESIAN_POINT ( 'NONE',  ( 46.99999999999997868, 2.500000000000000000, 98.00000000000000000 ) ) ;
#1695 = ORIENTED_EDGE ( 'NONE', *, *, #599, .T. ) ;
#1696 = CARTESIAN_POINT ( 'NONE',  ( -9.299999999999968736, -6.000000000000000000, 31.92555455687869070 ) ) ;
#1697 = CARTESIAN_POINT ( 'NONE',  ( -13.47479911202610481, 2.200000000000000178, 89.61940112455596363 ) ) ;
#1698 = VERTEX_POINT ( 'NONE', #3804 ) ;
#1699 = LINE ( 'NONE', #4198, #4076 ) ;
#1700 = EDGE_CURVE ( 'NONE', #4629, #2689, #311, .T. ) ;
#1701 = EDGE_LOOP ( 'NONE', ( #4547, #2645, #3650, #1216 ) ) ;
#1702 = CARTESIAN_POINT ( 'NONE',  ( 81.00000000000000000, 3.000000000000000000, -20.53958511760299643 ) ) ;
#1703 = PRODUCT ( 'paa5100je_bottom_mount', 'paa5100je_bottom_mount', '', ( #851 ) ) ;
#1704 = EDGE_LOOP ( 'NONE', ( #1052, #300, #2400, #427 ) ) ;
#1705 = ORIENTED_EDGE ( 'NONE', *, *, #4118, .F. ) ;
#1706 = ORIENTED_EDGE ( 'NONE', *, *, #2077, .F. ) ;
#1707 = CARTESIAN_POINT ( 'NONE',  ( -80.99999999999998579, 10.00000000000000000, -27.99999999999999645 ) ) ;
#1708 = CARTESIAN_POINT ( 'NONE',  ( -75.99999999999998579, 10.00000000000000000, -24.99999999999997158 ) ) ;
#1709 = DIRECTION ( 'NONE',  ( 0.4982882737281260632, -0.000000000000000000, 0.8670114164560027703 ) ) ;
#1710 = ORIENTED_EDGE ( 'NONE', *, *, #2278, .T. ) ;
#1711 = DIRECTION ( 'NONE',  ( -0.000000000000000000, 1.000000000000000000, -0.000000000000000000 ) ) ;
#1712 = DIRECTION ( 'NONE',  ( 0.9662349396012462899, -0.000000000000000000, 0.2576626505603324957 ) ) ;
#1713 = DIRECTION ( 'NONE',  ( -0.000000000000000000, -1.000000000000000000, -0.000000000000000000 ) ) ;
#1714 = FACE_OUTER_BOUND ( 'NONE', #1120, .T. ) ;
#1715 = ORIENTED_EDGE ( 'NONE', *, *, #2376, .F. ) ;
#1716 = CARTESIAN_POINT ( 'NONE',  ( 16.51554445662301873, 0.000000000000000000, 89.62500000000012790 ) ) ;
#1717 = EDGE_CURVE ( 'NONE', #4619, #2054, #964, .T. ) ;
#1718 = PLANE ( 'NONE',  #3936 ) ;
#1719 = ORIENTED_EDGE ( 'NONE', *, *, #3977, .T. ) ;
#1720 = EDGE_CURVE ( 'NONE', #3616, #1945, #3167, .T. ) ;
#1721 = DIRECTION ( 'NONE',  ( -0.9662349396012462899, 0.000000000000000000, 0.2576626505603322737 ) ) ;
#1722 = ORIENTED_EDGE ( 'NONE', *, *, #2235, .F. ) ;
#1723 = LINE ( 'NONE', #642, #947 ) ;
#1724 = FACE_OUTER_BOUND ( 'NONE', #2831, .T. ) ;
#1725 = ORIENTED_EDGE ( 'NONE', *, *, #148, .F. ) ;
#1726 = VERTEX_POINT ( 'NONE', #3577 ) ;
#1727 = VECTOR ( 'NONE', #1792, 1000.000000000000000 ) ;
#1728 = VERTEX_POINT ( 'NONE', #1413 ) ;
#1729 = CARTESIAN_POINT ( 'NONE',  ( 7.800000000000011369, 0.000000000000000000, 26.42555455687866939 ) ) ;
#1730 = CIRCLE ( 'NONE', #1660, 2.250000000000008882 ) ;
#1731 = LINE ( 'NONE', #4584, #856 ) ;
#1732 = CARTESIAN_POINT ( 'NONE',  ( 56.00000000000000000, 10.00000000000000000, 105.0000000000000000 ) ) ;
#1733 = VERTEX_POINT ( 'NONE', #317 ) ;
#1734 = EDGE_CURVE ( 'NONE', #4334, #1728, #4666, .T. ) ;
#1735 = CARTESIAN_POINT ( 'NONE',  ( -80.99999999999998579, 5.000000000000000000, -27.99999999999999645 ) ) ;
#1736 = VECTOR ( 'NONE', #1649, 1000.000000000000000 ) ;
#1737 = FACE_OUTER_BOUND ( 'NONE', #1030, .T. ) ;
#1738 = DIRECTION ( 'NONE',  ( 0.000000000000000000, 0.000000000000000000, -1.000000000000000000 ) ) ;
#1739 = CIRCLE ( 'NONE', #3251, 2.649999999999999467 ) ;
#1740 = CARTESIAN_POINT ( 'NONE',  ( -78.64472903534151271, 0.000000000000000000, -25.18939265846792352 ) ) ;
#1741 = ORIENTED_EDGE ( 'NONE', *, *, #2727, .T. ) ;
#1742 = EDGE_CURVE ( 'NONE', #4298, #3186, #1686, .T. ) ;
#1743 = CARTESIAN_POINT ( 'NONE',  ( 61.00000000000000000, 10.00000000000000000, 96.90598270084817045 ) ) ;
#1744 = CARTESIAN_POINT ( 'NONE',  ( 9.300000000000030909, -1.000000000000014655, 20.60598270084804895 ) ) ;
#1745 = VECTOR ( 'NONE', #1624, 1000.000000000000114 ) ;
#1746 = ORIENTED_EDGE ( 'NONE', *, *, #3452, .T. ) ;
#1747 = FACE_OUTER_BOUND ( 'NONE', #398, .T. ) ;
#1748 = EDGE_CURVE ( 'NONE', #519, #267, #3194, .T. ) ;
#1749 = VECTOR ( 'NONE', #2402, 1000.000000000000000 ) ;
#1750 = CARTESIAN_POINT ( 'NONE',  ( -9.299999999999968736, -1.000000000000013101, 20.60598270084804895 ) ) ;
#1751 = ORIENTED_EDGE ( 'NONE', *, *, #3014, .T. ) ;
#1752 = EDGE_CURVE ( 'NONE', #3258, #2752, #2489, .T. ) ;
#1753 = CARTESIAN_POINT ( 'NONE',  ( -9.299999999999968736, -6.000000000000000000, 21.85598270084804895 ) ) ;
#1754 = CARTESIAN_POINT ( 'NONE',  ( 81.00000000000001421, 5.000000000000000000, 21.90598270084813493 ) ) ;
#1755 = VERTEX_POINT ( 'NONE', #3142 ) ;
#1756 = ORIENTED_EDGE ( 'NONE', *, *, #2458, .T. ) ;
#1757 = ADVANCED_FACE ( 'NONE', ( #3219 ), #2517, .F. ) ;
#1758 = VERTEX_POINT ( 'NONE', #2861 ) ;
#1759 = CARTESIAN_POINT ( 'NONE',  ( -7.814740049539647515, 5.000000000000000000, 23.21506993834929844 ) ) ;
#1760 = CARTESIAN_POINT ( 'NONE',  ( -7.799999999999958078, -1.000000000000028644, 33.42555455687870136 ) ) ;
#1761 = ADVANCED_FACE ( 'NONE', ( #1360 ), #4233, .F. ) ;
#1762 = DIRECTION ( 'NONE',  ( 0.8663767669259530013, 0.000000000000000000, 0.4993909267607219982 ) ) ;
#1763 = AXIS2_PLACEMENT_3D ( 'NONE', #503, #2619, #1582 ) ;
#1764 = EDGE_LOOP ( 'NONE', ( #2410, #3933, #146, #1789 ) ) ;
#1765 = DIRECTION ( 'NONE',  ( -2.673639354406774245E-16, 0.000000000000000000, 1.000000000000000000 ) ) ;
#1766 = AXIS2_PLACEMENT_3D ( 'NONE', #155, #3678, #876 ) ;
#1767 = CARTESIAN_POINT ( 'NONE',  ( 78.39406939752160497, 0.000000000000000000, 19.07049724638230259 ) ) ;
#1768 = ORIENTED_EDGE ( 'NONE', *, *, #1315, .T. ) ;
#1769 = PLANE ( 'NONE',  #4628 ) ;
#1770 = VECTOR ( 'NONE', #4070, 1000.000000000000000 ) ;
#1771 = CARTESIAN_POINT ( 'NONE',  ( 0.000000000000000000, 0.000000000000000000, 0.000000000000000000 ) ) ;
#1772 = VERTEX_POINT ( 'NONE', #1760 ) ;
#1773 = PLANE ( 'NONE',  #2276 ) ;
#1774 = PLANE ( 'NONE',  #1788 ) ;
#1775 = EDGE_LOOP ( 'NONE', ( #1283, #1310 ) ) ;
#1776 = DIRECTION ( 'NONE',  ( 0.000000000000000000, -0.000000000000000000, -1.000000000000000000 ) ) ;
#1777 = DIRECTION ( 'NONE',  ( -0.4947203262777916666, 0.000000000000000000, -0.8690522416791727212 ) ) ;
#1778 = ORIENTED_EDGE ( 'NONE', *, *, #1781, .F. ) ;
#1779 = ORIENTED_EDGE ( 'NONE', *, *, #2905, .T. ) ;
#1780 = EDGE_CURVE ( 'NONE', #1728, #1639, #1731, .T. ) ;
#1781 = EDGE_CURVE ( 'NONE', #925, #3864, #4613, .T. ) ;
#1782 = ORIENTED_EDGE ( 'NONE', *, *, #3067, .F. ) ;
#1783 = DIRECTION ( 'NONE',  ( -0.000000000000000000, 0.000000000000000000, 1.000000000000000000 ) ) ;
#1784 = EDGE_CURVE ( 'NONE', #3150, #775, #728, .T. ) ;
#1785 = LINE ( 'NONE', #4053, #2418 ) ;
#1786 = EDGE_LOOP ( 'NONE', ( #419, #1551, #3233, #3331, #2372 ) ) ;
#1787 = DIRECTION ( 'NONE',  ( -1.000000000000000000, -0.000000000000000000, -0.000000000000000000 ) ) ;
#1788 = AXIS2_PLACEMENT_3D ( 'NONE', #1106, #2556, #2481 ) ;
#1789 = ORIENTED_EDGE ( 'NONE', *, *, #3821, .F. ) ;
#1790 = CARTESIAN_POINT ( 'NONE',  ( 9.300000000000030909, -6.000000000000000000, 20.60598270084804895 ) ) ;
#1791 = EDGE_CURVE ( 'NONE', #1907, #2663, #1337, .T. ) ;
#1792 = DIRECTION ( 'NONE',  ( -0.000000000000000000, 1.000000000000000000, -0.000000000000000000 ) ) ;
#1793 = CARTESIAN_POINT ( 'NONE',  ( -14.99999999999974598, 22.50000000000000000, 85.75000000000012790 ) ) ;
#1794 = ORIENTED_EDGE ( 'NONE', *, *, #2640, .F. ) ;
#1795 = LINE ( 'NONE', #1422, #2473 ) ;
#1796 = ORIENTED_EDGE ( 'NONE', *, *, #1717, .F. ) ;
#1797 = DIRECTION ( 'NONE',  ( -0.000000000000000000, 1.000000000000000000, -0.000000000000000000 ) ) ;
#1798 = FACE_OUTER_BOUND ( 'NONE', #1569, .T. ) ;
#1799 = ORIENTED_EDGE ( 'NONE', *, *, #1748, .T. ) ;
#1800 = DIRECTION ( 'NONE',  ( 0.000000000000000000, 0.000000000000000000, 1.000000000000000000 ) ) ;
#1801 = DIRECTION ( 'NONE',  ( 0.000000000000000000, 0.000000000000000000, 1.000000000000000000 ) ) ;
#1802 = ORIENTED_EDGE ( 'NONE', *, *, #735, .T. ) ;
#1803 = LINE ( 'NONE', #2131, #3731 ) ;
#1804 = DIRECTION ( 'NONE',  ( 0.000000000000000000, 0.000000000000000000, 1.000000000000000000 ) ) ;
#1805 = EDGE_LOOP ( 'NONE', ( #1899, #2344, #2339, #3354 ) ) ;
#1806 = VERTEX_POINT ( 'NONE', #987 ) ;
#1807 = CARTESIAN_POINT ( 'NONE',  ( -9.299999999999968736, -6.000000000000000000, 20.60598270084804895 ) ) ;
#1808 = DIRECTION ( 'NONE',  ( 0.8656736124572114166, 0.000000000000000000, -0.5006088260261515321 ) ) ;
#1809 = ORIENTED_EDGE ( 'NONE', *, *, #4623, .F. ) ;
#1810 = AXIS2_PLACEMENT_3D ( 'NONE', #3484, #2793, #254 ) ;
#1811 = CARTESIAN_POINT ( 'NONE',  ( 7.798889300107008538, 2.500000000000000000, 23.20598270084804682 ) ) ;
#1812 = EDGE_CURVE ( 'NONE', #18, #4439, #2138, .T. ) ;
#1813 = ORIENTED_EDGE ( 'NONE', *, *, #3819, .F. ) ;
#1814 = CARTESIAN_POINT ( 'NONE',  ( 80.99702962586462718, 0.000000000000000000, 17.57452552773328236 ) ) ;
#1815 = ADVANCED_FACE ( 'NONE', ( #2415 ), #3851, .F. ) ;
#1816 = AXIS2_PLACEMENT_3D ( 'NONE', #2652, #1243, #4115 ) ;
#1817 = DIRECTION ( 'NONE',  ( 0.9999932193701946970, 0.000000000000000000, -0.003682555313065093063 ) ) ;
#1818 = PLANE ( 'NONE',  #4085 ) ;
#1819 = ORIENTED_EDGE ( 'NONE', *, *, #1954, .T. ) ;
#1820 = AXIS2_PLACEMENT_3D ( 'NONE', #688, #3234, #1 ) ;
#1821 = DIRECTION ( 'NONE',  ( -0.000000000000000000, -1.000000000000000000, -0.000000000000000000 ) ) ;
#1822 = VERTEX_POINT ( 'NONE', #2060 ) ;
#1823 = LINE ( 'NONE', #1498, #1245 ) ;
#1824 = CARTESIAN_POINT ( 'NONE',  ( -7.799999999999968736, -6.000000000000000000, 28.92555455687869781 ) ) ;
#1825 = VERTEX_POINT ( 'NONE', #2785 ) ;
#1826 = VECTOR ( 'NONE', #1889, 1000.000000000000000 ) ;
#1827 = CARTESIAN_POINT ( 'NONE',  ( -12.30216580359597778, 5.000000000000000000, 20.58771193041968317 ) ) ;
#1828 = LINE ( 'NONE', #2877, #827 ) ;
#1829 = VERTEX_POINT ( 'NONE', #1012 ) ;
#1830 = CARTESIAN_POINT ( 'NONE',  ( -40.74999999999979394, 10.00000000000000000, 45.50000000000012079 ) ) ;
#1831 = VECTOR ( 'NONE', #1645, 1000.000000000000000 ) ;
#1832 = CARTESIAN_POINT ( 'NONE',  ( 9.300000000000030909, -6.000000000000000000, 19.35598270084804540 ) ) ;
#1833 = VERTEX_POINT ( 'NONE', #344 ) ;
#1834 = AXIS2_PLACEMENT_3D ( 'NONE', #1241, #3377, #528 ) ;
#1835 = VERTEX_POINT ( 'NONE', #2441 ) ;
#1836 = CARTESIAN_POINT ( 'NONE',  ( -42.99999999999980815, 10.00000000000000000, 45.50000000000012079 ) ) ;
#1837 = DIRECTION ( 'NONE',  ( 0.000000000000000000, 0.000000000000000000, 1.000000000000000000 ) ) ;
#1839 = EDGE_CURVE ( 'NONE', #3079, #2041, #2084, .T. ) ;
#1838 = ORIENTED_EDGE ( 'NONE', *, *, #2451, .T. ) ;
#1840 = DIRECTION ( 'NONE',  ( -1.000000000000000000, 0.000000000000000000, 0.000000000000000000 ) ) ;
#1841 = ORIENTED_EDGE ( 'NONE', *, *, #1905, .F. ) ;
#1842 = DIRECTION ( 'NONE',  ( 1.000000000000000000, -0.000000000000000000, 1.692413147294447942E-16 ) ) ;
#1843 = CARTESIAN_POINT ( 'NONE',  ( -16.52520088797338715, 2.200000000000000178, 84.38059887544430637 ) ) ;
#1844 = LINE ( 'NONE', #3658, #3165 ) ;
#1845 = VECTOR ( 'NONE', #3051, 1000.000000000000114 ) ;
#1846 = LINE ( 'NONE', #4624, #3671 ) ;
#1847 = ORIENTED_EDGE ( 'NONE', *, *, #4615, .T. ) ;
#1848 = CARTESIAN_POINT ( 'NONE',  ( -9.299999999999968736, -1.000000000000013101, 23.25598270084804753 ) ) ;
#1849 = LINE ( 'NONE', #1564, #739 ) ;
#1850 = EDGE_CURVE ( 'NONE', #3242, #4625, #2124, .T. ) ;
#1851 = ORIENTED_EDGE ( 'NONE', *, *, #2278, .F. ) ;
#1852 = FACE_OUTER_BOUND ( 'NONE', #887, .T. ) ;
#1853 = CARTESIAN_POINT ( 'NONE',  ( 7.800000000000019362, -1.000000000000028644, 27.42555455687869781 ) ) ;
#1854 = ORIENTED_EDGE ( 'NONE', *, *, #3098, .F. ) ;
#1855 = PLANE ( 'NONE',  #2740 ) ;
#1856 = CARTESIAN_POINT ( 'NONE',  ( -10.29999999999999716, 0.000000000000000000, 31.92555455687869070 ) ) ;
#1857 = EDGE_LOOP ( 'NONE', ( #2997, #1673, #2504, #2699 ) ) ;
#1858 = EDGE_CURVE ( 'NONE', #685, #3130, #1785, .T. ) ;
#1859 = AXIS2_PLACEMENT_3D ( 'NONE', #888, #3770, #4427 ) ;
#1860 = EDGE_LOOP ( 'NONE', ( #129, #3557, #3482, #4426, #3714, #843, #2921, #84, #1108, #354, #2912, #4419, #3973, #1873, #3307, #3825, #3007, #1915, #2581, #2350, #4606, #4280, #2682, #1329, #4459, #3291, #2171, #3027, #3764, #2597, #280, #303 ) ) ;
#1861 = VERTEX_POINT ( 'NONE', #369 ) ;
#1862 = DIRECTION ( 'NONE',  ( 0.8675199422708572694, 0.000000000000000000, -0.4974024022482887997 ) ) ;
#1863 = CIRCLE ( 'NONE', #2455, 2.649999999999999467 ) ;
#1864 = CARTESIAN_POINT ( 'NONE',  ( 7.798889300106999656, 2.500000000000000000, 18.00598270084807240 ) ) ;
#1865 = ORIENTED_EDGE ( 'NONE', *, *, #469, .T. ) ;
#1866 = CARTESIAN_POINT ( 'NONE',  ( 81.00000000000001421, 2.000000000000001776, 21.90598270084813493 ) ) ;
#1867 = LINE ( 'NONE', #3701, #2413 ) ;
#1868 = DIRECTION ( 'NONE',  ( -0.6550792765434980680, -0.6550792765435002885, 0.3764867632287904331 ) ) ;
#1869 = VERTEX_POINT ( 'NONE', #3676 ) ;
#1870 = DIRECTION ( 'NONE',  ( -1.692413147294446709E-16, -0.000000000000000000, 1.000000000000000000 ) ) ;
#1871 = VECTOR ( 'NONE', #3235, 1000.000000000000000 ) ;
#1872 = DIRECTION ( 'NONE',  ( -0.000000000000000000, 1.000000000000000000, -0.000000000000000000 ) ) ;
#1873 = ORIENTED_EDGE ( 'NONE', *, *, #4226, .F. ) ;
#1874 = DIRECTION ( 'NONE',  ( -0.000000000000000000, -1.000000000000000000, -0.000000000000000000 ) ) ;
#1875 = VECTOR ( 'NONE', #2399, 1000.000000000000000 ) ;
#1876 = FACE_OUTER_BOUND ( 'NONE', #2610, .T. ) ;
#1877 = ORIENTED_EDGE ( 'NONE', *, *, #349, .T. ) ;
#1878 = EDGE_CURVE ( 'NONE', #3835, #1036, #4340, .T. ) ;
#1879 = DIRECTION ( 'NONE',  ( -0.000000000000000000, -1.000000000000000000, -0.000000000000000000 ) ) ;
#1880 = EDGE_CURVE ( 'NONE', #3694, #1565, #1465, .T. ) ;
#1881 = FACE_OUTER_BOUND ( 'NONE', #3282, .T. ) ;
#1882 = ORIENTED_EDGE ( 'NONE', *, *, #1587, .F. ) ;
#1883 = ADVANCED_FACE ( 'NONE', ( #2237 ), #1509, .F. ) ;
#1884 = EDGE_LOOP ( 'NONE', ( #437, #194, #139, #931 ) ) ;
#1885 = CYLINDRICAL_SURFACE ( 'NONE', #1908, 3.000000000000002665 ) ;
#1886 = LINE ( 'NONE', #4314, #874 ) ;
#1887 = EDGE_CURVE ( 'NONE', #650, #3132, #36, .T. ) ;
#1888 = DIRECTION ( 'NONE',  ( 0.000000000000000000, -0.000000000000000000, -1.000000000000000000 ) ) ;
#1889 = DIRECTION ( 'NONE',  ( -0.000000000000000000, -1.000000000000000000, -0.000000000000000000 ) ) ;
#1890 = CARTESIAN_POINT ( 'NONE',  ( 7.798889300106999656, 5.000000000000000000, 18.00598270084807240 ) ) ;
#1891 = ORIENTED_EDGE ( 'NONE', *, *, #4134, .T. ) ;
#1892 = PLANE ( 'NONE',  #1389 ) ;
#1893 = LINE ( 'NONE', #2553, #4271 ) ;
#1894 = ORIENTED_EDGE ( 'NONE', *, *, #4609, .T. ) ;
#1895 = ADVANCED_FACE ( 'NONE', ( #451 ), #1885, .F. ) ;
#1896 = FACE_OUTER_BOUND ( 'NONE', #4307, .T. ) ;
#1897 = AXIS2_PLACEMENT_3D ( 'NONE', #3602, #4094, #780 ) ;
#1898 = DIRECTION ( 'NONE',  ( 0.000000000000000000, 0.000000000000000000, 1.000000000000000000 ) ) ;
#1899 = ORIENTED_EDGE ( 'NONE', *, *, #4229, .T. ) ;
#1900 = LINE ( 'NONE', #868, #3285 ) ;
#1901 = DIRECTION ( 'NONE',  ( 0.000000000000000000, -1.000000000000000000, 0.000000000000000000 ) ) ;
#1902 = AXIS2_PLACEMENT_3D ( 'NONE', #3513, #2150, #1800 ) ;
#1903 = VERTEX_POINT ( 'NONE', #2184 ) ;
#1904 = EDGE_CURVE ( 'NONE', #267, #3276, #3696, .T. ) ;
#1905 = EDGE_CURVE ( 'NONE', #3616, #3694, #3983, .T. ) ;
#1906 = CONICAL_SURFACE ( 'NONE', #538, 3.000000000000002665, 0.7853981633974604915 ) ;
#1907 = VERTEX_POINT ( 'NONE', #781 ) ;
#1908 = AXIS2_PLACEMENT_3D ( 'NONE', #2886, #2541, #4388 ) ;
#1909 = EDGE_CURVE ( 'NONE', #4276, #2034, #2212, .T. ) ;
#1910 = DIRECTION ( 'NONE',  ( 0.8660254037844389297, 0.000000000000000000, 0.4999999999999994449 ) ) ;
#1911 = VECTOR ( 'NONE', #3152, 1000.000000000000000 ) ;
#1912 = DIRECTION ( 'NONE',  ( 0.000000000000000000, 0.000000000000000000, 1.000000000000000000 ) ) ;
#1913 = EDGE_CURVE ( 'NONE', #1058, #3785, #1163, .T. ) ;
#1914 = FACE_OUTER_BOUND ( 'NONE', #2064, .T. ) ;
#1915 = ORIENTED_EDGE ( 'NONE', *, *, #683, .F. ) ;
#1916 = CARTESIAN_POINT ( 'NONE',  ( 76.00000000000000000, 10.00000000000000000, -30.00000000000000000 ) ) ;
#1917 = LINE ( 'NONE', #792, #654 ) ;
#1918 = ORIENTED_EDGE ( 'NONE', *, *, #131, .F. ) ;
#1919 = DIRECTION ( 'NONE',  ( -0.7071067811865536790, -0.7071067811865414665, 0.000000000000000000 ) ) ;
#1920 = DIRECTION ( 'NONE',  ( -0.5000000000000008882, 0.000000000000000000, 0.8660254037844381525 ) ) ;
#1921 = EDGE_LOOP ( 'NONE', ( #3466, #3004, #4530, #1072 ) ) ;
#1922 = LINE ( 'NONE', #2668, #263 ) ;
#1923 = VECTOR ( 'NONE', #1341, 1000.000000000000000 ) ;
#1924 = LINE ( 'NONE', #2628, #862 ) ;
#1925 = VERTEX_POINT ( 'NONE', #3272 ) ;
#1926 = LINE ( 'NONE', #2183, #2190 ) ;
#1927 = VECTOR ( 'NONE', #3298, 1000.000000000000000 ) ;
#1928 = AXIS2_PLACEMENT_3D ( 'NONE', #4177, #952, #659 ) ;
#1929 = EDGE_LOOP ( 'NONE', ( #811, #2108, #2993, #3802 ) ) ;
#1930 = DIRECTION ( 'NONE',  ( 0.000000000000000000, 0.000000000000000000, -1.000000000000000000 ) ) ;
#1931 = EDGE_CURVE ( 'NONE', #60, #4395, #1490, .T. ) ;
#1932 = ADVANCED_FACE ( 'NONE', ( #2565 ), #87, .F. ) ;
#1933 = DIRECTION ( 'NONE',  ( 0.000000000000000000, -1.000000000000000000, 0.000000000000000000 ) ) ;
#1934 = DIRECTION ( 'NONE',  ( -0.8660254037844389297, 0.000000000000000000, 0.4999999999999994449 ) ) ;
#1935 = CARTESIAN_POINT ( 'NONE',  ( -61.00000000000001421, 10.00000000000000000, 96.90598270084805677 ) ) ;
#1936 = ORIENTED_EDGE ( 'NONE', *, *, #555, .T. ) ;
#1937 = DIRECTION ( 'NONE',  ( -0.4982882737281273955, 0.000000000000000000, -0.8670114164560018821 ) ) ;
#1938 = ORIENTED_EDGE ( 'NONE', *, *, #1486, .T. ) ;
#1939 = CARTESIAN_POINT ( 'NONE',  ( 81.25372625720933684, 3.000000000000000000, -20.68607404050327503 ) ) ;
#1940 = DIRECTION ( 'NONE',  ( 0.000000000000000000, 0.000000000000000000, -1.000000000000000000 ) ) ;
#1941 = LINE ( 'NONE', #3330, #2757 ) ;
#1942 = ORIENTED_EDGE ( 'NONE', *, *, #960, .F. ) ;
#1943 = CARTESIAN_POINT ( 'NONE',  ( 51.00000000000003553, 5.000000000000000000, 110.0000000000000000 ) ) ;
#1944 = CARTESIAN_POINT ( 'NONE',  ( -18.03106836055345141, 2.200000000000000178, 87.01116215258194586 ) ) ;
#1945 = VERTEX_POINT ( 'NONE', #2933 ) ;
#1946 = CARTESIAN_POINT ( 'NONE',  ( -61.00000000000002132, 10.00000000000000000, 110.0000000000000000 ) ) ;
#1947 = VERTEX_POINT ( 'NONE', #2958 ) ;
#1948 = CONICAL_SURFACE ( 'NONE', #2021, 2.649999999999999467, 0.7853981633974482790 ) ;
#1949 = DIRECTION ( 'NONE',  ( 0.000000000000000000, -1.000000000000000000, 0.000000000000000000 ) ) ;
#1950 = VECTOR ( 'NONE', #2664, 1000.000000000000114 ) ;
#1951 = LINE ( 'NONE', #4453, #1594 ) ;
#1952 = CARTESIAN_POINT ( 'NONE',  ( 9.300000000000030909, -1.000000000000014655, 23.25598270084804753 ) ) ;
#1953 = EDGE_CURVE ( 'NONE', #3276, #4139, #4409, .T. ) ;
#1954 = EDGE_CURVE ( 'NONE', #1331, #3446, #2953, .T. ) ;
#1955 = ORIENTED_EDGE ( 'NONE', *, *, #1567, .F. ) ;
#1956 = FACE_OUTER_BOUND ( 'NONE', #2791, .T. ) ;
#1957 = VERTEX_POINT ( 'NONE', #2155 ) ;
#1958 = CARTESIAN_POINT ( 'NONE',  ( 13.48445554337748398, 2.200000000000000178, 89.62500000000012790 ) ) ;
#1959 = DIRECTION ( 'NONE',  ( -2.673639354406769807E-16, 0.000000000000000000, -1.000000000000000000 ) ) ;
#1960 = DIRECTION ( 'NONE',  ( 0.000000000000000000, 1.000000000000000000, 0.000000000000000000 ) ) ;
#1961 = EDGE_LOOP ( 'NONE', ( #62, #295, #3659, #4582 ) ) ;
#1962 = PLANE ( 'NONE',  #2369 ) ;
#1963 = CARTESIAN_POINT ( 'NONE',  ( 81.00000000000001421, 2.000000000000001776, 21.90598270084813493 ) ) ;
#1964 = ORIENTED_EDGE ( 'NONE', *, *, #81, .T. ) ;
#1965 = AXIS2_PLACEMENT_3D ( 'NONE', #3928, #3522, #2083 ) ;
#1966 = CARTESIAN_POINT ( 'NONE',  ( -9.299999999999968736, -1.000000000000028644, 31.92555455687869070 ) ) ;
#1967 = EDGE_CURVE ( 'NONE', #4047, #1806, #2656, .T. ) ;
#1968 = ORIENTED_EDGE ( 'NONE', *, *, #1167, .F. ) ;
#1969 = CIRCLE ( 'NONE', #2194, 2.250000000000008882 ) ;
#1970 = ORIENTED_EDGE ( 'NONE', *, *, #1953, .F. ) ;
#1971 = VECTOR ( 'NONE', #2216, 1000.000000000000000 ) ;
#1972 = DIRECTION ( 'NONE',  ( -0.9999814816488731273, 0.000000000000000000, -0.006085750514491136340 ) ) ;
#1973 = VECTOR ( 'NONE', #3896, 1000.000000000000114 ) ;
#1974 = CARTESIAN_POINT ( 'NONE',  ( -81.00000000000000000, 10.00000000000000000, 21.90598270084804966 ) ) ;
#1975 = DIRECTION ( 'NONE',  ( 0.000000000000000000, -0.000000000000000000, -1.000000000000000000 ) ) ;
#1976 = VERTEX_POINT ( 'NONE', #2484 ) ;
#1977 = VECTOR ( 'NONE', #1506, 1000.000000000000227 ) ;
#1978 = ORIENTED_EDGE ( 'NONE', *, *, #57, .T. ) ;
#1979 = LINE ( 'NONE', #2374, #494 ) ;
#1980 = ORIENTED_EDGE ( 'NONE', *, *, #2251, .F. ) ;
#1981 = DIRECTION ( 'NONE',  ( 0.000000000000000000, 1.000000000000000000, 0.000000000000000000 ) ) ;
#1982 = LINE ( 'NONE', #3810, #2119 ) ;
#1983 = FACE_OUTER_BOUND ( 'NONE', #1104, .T. ) ;
#1984 = EDGE_LOOP ( 'NONE', ( #392, #4400, #463, #3986 ) ) ;
#1985 = DIRECTION ( 'NONE',  ( 0.000000000000000000, 0.000000000000000000, 1.000000000000000000 ) ) ;
#1986 = ORIENTED_EDGE ( 'NONE', *, *, #2092, .F. ) ;
#1987 = CARTESIAN_POINT ( 'NONE',  ( -7.783094146864282692, 2.500000000000000000, 18.01516623377516169 ) ) ;
#1988 = VECTOR ( 'NONE', #4317, 1000.000000000000000 ) ;
#1989 = VERTEX_POINT ( 'NONE', #1379 ) ;
#1990 = EDGE_CURVE ( 'NONE', #2689, #4629, #1532, .T. ) ;
#1991 = ORIENTED_EDGE ( 'NONE', *, *, #3738, .F. ) ;
#1992 = AXIS2_PLACEMENT_3D ( 'NONE', #3581, #3274, #38 ) ;
#1993 = DIRECTION ( 'NONE',  ( 0.000000000000000000, 0.000000000000000000, -1.000000000000000000 ) ) ;
#1994 = ADVANCED_FACE ( 'NONE', ( #2511, #1724 ), #747, .T. ) ;
#1995 = VECTOR ( 'NONE', #2337, 1000.000000000000227 ) ;
#1996 = LINE ( 'NONE', #1643, #4384 ) ;
#1997 = CARTESIAN_POINT ( 'NONE',  ( -81.00000000000000000, 2.000000000000001776, 21.90598270084804966 ) ) ;
#1998 = CIRCLE ( 'NONE', #1763, 1.249999999999997558 ) ;
#1999 = ORIENTED_EDGE ( 'NONE', *, *, #3698, .T. ) ;
#2000 = CARTESIAN_POINT ( 'NONE',  ( 56.00000000000000000, 10.00000000000000000, 110.0000000000000142 ) ) ;
#2001 = DIRECTION ( 'NONE',  ( 0.000000000000000000, 0.000000000000000000, 1.000000000000000000 ) ) ;
#2002 =( LENGTH_UNIT ( ) NAMED_UNIT ( * ) SI_UNIT ( .MILLI., .METRE. ) );
#2003 = PRODUCT_DEFINITION_SHAPE ( 'NONE', 'NONE',  #373 ) ;
#2004 = DIRECTION ( 'NONE',  ( 0.000000000000000000, -0.000000000000000000, 1.000000000000000000 ) ) ;
#2005 = ORIENTED_EDGE ( 'NONE', *, *, #1674, .F. ) ;
#2006 = LINE ( 'NONE', #974, #4416 ) ;
#2007 = DIRECTION ( 'NONE',  ( -0.7071067811865486830, 0.7071067811865463515, 1.890548517948253046E-16 ) ) ;
#2008 = ORIENTED_EDGE ( 'NONE', *, *, #878, .F. ) ;
#2009 = CARTESIAN_POINT ( 'NONE',  ( -9.299999999999968736, -6.000000000000000000, 17.95598270084804682 ) ) ;
#2010 = ADVANCED_FACE ( 'NONE', ( #3921 ), #1373, .T. ) ;
#2011 = AXIS2_PLACEMENT_3D ( 'NONE', #1750, #4378, #3290 ) ;
#2012 = ORIENTED_EDGE ( 'NONE', *, *, #1392, .F. ) ;
#2013 = EDGE_CURVE ( 'NONE', #3449, #2663, #3541, .T. ) ;
#2014 = ORIENTED_EDGE ( 'NONE', *, *, #3505, .F. ) ;
#2015 = DIRECTION ( 'NONE',  ( -0.000000000000000000, 1.000000000000000000, -0.000000000000000000 ) ) ;
#2016 = LINE ( 'NONE', #2371, #3636 ) ;
#2017 = EDGE_CURVE ( 'NONE', #623, #1772, #692, .T. ) ;
#2018 = EDGE_LOOP ( 'NONE', ( #3082, #848, #3624, #1583, #4200 ) ) ;
#2019 = DIRECTION ( 'NONE',  ( 0.000000000000000000, -0.000000000000000000, -1.000000000000000000 ) ) ;
#2020 = ORIENTED_EDGE ( 'NONE', *, *, #1392, .T. ) ;
#2021 = AXIS2_PLACEMENT_3D ( 'NONE', #189, #1672, #950 ) ;
#2022 = DIRECTION ( 'NONE',  ( 0.000000000000000000, 0.7071067811865474617, 0.7071067811865474617 ) ) ;
#2023 = LINE ( 'NONE', #3459, #3830 ) ;
#2024 = CARTESIAN_POINT ( 'NONE',  ( 9.300000000000030909, -6.000000000000000000, 23.25598270084804753 ) ) ;
#2025 = FACE_OUTER_BOUND ( 'NONE', #881, .T. ) ;
#2026 = ORIENTED_EDGE ( 'NONE', *, *, #4152, .F. ) ;
#2027 = CARTESIAN_POINT ( 'NONE',  ( -82.81768854292809579, 3.817688542928089124, 15.61953737478645543 ) ) ;
#2028 = CARTESIAN_POINT ( 'NONE',  ( 81.00000000000001421, 2.000000000000000000, -23.83478436318960192 ) ) ;
#2029 = ORIENTED_EDGE ( 'NONE', *, *, #3284, .T. ) ;
#2030 = CARTESIAN_POINT ( 'NONE',  ( 16.51554445662301873, 2.200000000000000178, 89.62500000000012790 ) ) ;
#2031 = VECTOR ( 'NONE', #3989, 1000.000000000000114 ) ;
#2032 = ORIENTED_EDGE ( 'NONE', *, *, #4071, .F. ) ;
#2033 = CARTESIAN_POINT ( 'NONE',  ( -78.39999999999999147, -13.20000000000000462, 16.06828170427217728 ) ) ;
#2034 = VERTEX_POINT ( 'NONE', #3158 ) ;
#2035 = VECTOR ( 'NONE', #1586, 1000.000000000000000 ) ;
#2036 = EDGE_CURVE ( 'NONE', #4298, #1726, #1005, .T. ) ;
#2037 = AXIS2_PLACEMENT_3D ( 'NONE', #1323, #3441, #1671 ) ;
#2038 = CARTESIAN_POINT ( 'NONE',  ( -78.99999999999997158, 0.000000000000000000, -27.99999999999999645 ) ) ;
#2039 = LINE ( 'NONE', #4537, #2347 ) ;
#2040 = FACE_OUTER_BOUND ( 'NONE', #3265, .T. ) ;
#2041 = VERTEX_POINT ( 'NONE', #1112 ) ;
#2042 = DIRECTION ( 'NONE',  ( -0.000000000000000000, 1.000000000000000000, -0.000000000000000000 ) ) ;
#2043 = ADVANCED_FACE ( 'NONE', ( #4248 ), #643, .F. ) ;
#2044 = DIRECTION ( 'NONE',  ( 0.000000000000000000, -1.000000000000000000, 0.000000000000000000 ) ) ;
#2045 = AXIS2_PLACEMENT_3D ( 'NONE', #1187, #833, #390 ) ;
#2046 = DIRECTION ( 'NONE',  ( 0.000000000000000000, 1.000000000000000000, 0.000000000000000000 ) ) ;
#2047 = ORIENTED_EDGE ( 'NONE', *, *, #278, .F. ) ;
#2048 = LINE ( 'NONE', #3489, #3651 ) ;
#2049 = FACE_BOUND ( 'NONE', #509, .T. ) ;
#2050 = EDGE_LOOP ( 'NONE', ( #2435, #3668, #1964, #3214, #4185, #2573, #4282, #3448 ) ) ;
#2051 = LINE ( 'NONE', #1615, #3626 ) ;
#2052 = ORIENTED_EDGE ( 'NONE', *, *, #2451, .F. ) ;
#2053 = DIRECTION ( 'NONE',  ( -0.000000000000000000, -1.000000000000000000, -0.000000000000000000 ) ) ;
#2054 = VERTEX_POINT ( 'NONE', #4304 ) ;
#2055 = ORIENTED_EDGE ( 'NONE', *, *, #2514, .F. ) ;
#2056 = ADVANCED_FACE ( 'NONE', ( #1083 ), #287, .F. ) ;
#2057 = CIRCLE ( 'NONE', #4632, 2.250000000000008882 ) ;
#2058 = ORIENTED_EDGE ( 'NONE', *, *, #2036, .F. ) ;
#2059 = CARTESIAN_POINT ( 'NONE',  ( -42.99999999999980105, 10.00000000000000000, 2.250000000000133671 ) ) ;
#2060 = CARTESIAN_POINT ( 'NONE',  ( 79.00000000000004263, 2.000000000000001776, -30.00000000000000000 ) ) ;
#2061 = ORIENTED_EDGE ( 'NONE', *, *, #289, .F. ) ;
#2062 = CARTESIAN_POINT ( 'NONE',  ( 9.300000000000030909, -6.000000000000000000, 23.25598270084804753 ) ) ;
#2063 = EDGE_CURVE ( 'NONE', #3071, #3822, #1056, .T. ) ;
#2064 = EDGE_LOOP ( 'NONE', ( #1779, #1057, #2014, #4498 ) ) ;
#2065 = DIRECTION ( 'NONE',  ( 0.000000000000000000, 0.000000000000000000, 1.000000000000000000 ) ) ;
#2066 = ADVANCED_FACE ( 'NONE', ( #2103 ), #309, .F. ) ;
#2067 = VECTOR ( 'NONE', #2879, 1000.000000000000000 ) ;
#2068 = DIRECTION ( 'NONE',  ( -0.000000000000000000, 1.000000000000000000, -0.000000000000000000 ) ) ;
#2069 = CARTESIAN_POINT ( 'NONE',  ( -81.00000000000000000, 2.000000000000001776, 14.56838955826294146 ) ) ;
#2070 = DIRECTION ( 'NONE',  ( 0.000000000000000000, 1.000000000000000000, 0.000000000000000000 ) ) ;
#2071 = VERTEX_POINT ( 'NONE', #2880 ) ;
#2072 = PLANE ( 'NONE',  #566 ) ;
#2073 = FACE_OUTER_BOUND ( 'NONE', #1646, .T. ) ;
#2074 = ORIENTED_EDGE ( 'NONE', *, *, #4581, .F. ) ;
#2075 = CIRCLE ( 'NONE', #3045, 2.649999999999999467 ) ;
#2076 = FACE_OUTER_BOUND ( 'NONE', #3295, .T. ) ;
#2077 = EDGE_CURVE ( 'NONE', #3961, #1404, #3568, .T. ) ;
#2078 = ORIENTED_EDGE ( 'NONE', *, *, #4169, .F. ) ;
#2079 = CARTESIAN_POINT ( 'NONE',  ( -75.80105615545083708, 3.000000000000000000, 14.56534317385470878 ) ) ;
#2080 = ORIENTED_EDGE ( 'NONE', *, *, #2675, .T. ) ;
#2081 = EDGE_LOOP ( 'NONE', ( #2052, #1472, #3786, #2389, #290 ) ) ;
#2082 = ORIENTED_EDGE ( 'NONE', *, *, #1557, .F. ) ;
#2083 = DIRECTION ( 'NONE',  ( 0.000000000000000000, 0.000000000000000000, -1.000000000000000000 ) ) ;
#2084 = LINE ( 'NONE', #3523, #927 ) ;
#2085 = VERTEX_POINT ( 'NONE', #1406 ) ;
#2086 = DIRECTION ( 'NONE',  ( -0.000000000000000000, 0.000000000000000000, 1.000000000000000000 ) ) ;
#2087 = ORIENTED_EDGE ( 'NONE', *, *, #2105, .T. ) ;
#2088 = LINE ( 'NONE', #3880, #2888 ) ;
#2089 = ADVANCED_FACE ( 'NONE', ( #3212 ), #1088, .T. ) ;
#2090 = CARTESIAN_POINT ( 'NONE',  ( 7.800000000000019362, -6.000000000000000000, 27.42555455687869781 ) ) ;
#2091 = DIRECTION ( 'NONE',  ( -0.4999999999999991673, 0.000000000000000000, -0.8660254037844390407 ) ) ;
#2092 = EDGE_CURVE ( 'NONE', #2752, #1755, #8, .T. ) ;
#2093 = FACE_OUTER_BOUND ( 'NONE', #1115, .T. ) ;
#2094 = ORIENTED_EDGE ( 'NONE', *, *, #469, .F. ) ;
#2095 = DIRECTION ( 'NONE',  ( -0.000000000000000000, 1.000000000000000000, -0.000000000000000000 ) ) ;
#2096 = FACE_OUTER_BOUND ( 'NONE', #1860, .T. ) ;
#2097 = EDGE_CURVE ( 'NONE', #3411, #1048, #2422, .T. ) ;
#2098 = ORIENTED_EDGE ( 'NONE', *, *, #3155, .T. ) ;
#2099 = CARTESIAN_POINT ( 'NONE',  ( 45.24999999999978684, 5.000000000000000000, 4.500000000000170530 ) ) ;
#2100 = DIRECTION ( 'NONE',  ( -1.000000000000000000, 0.000000000000000000, 0.000000000000000000 ) ) ;
#2101 = VERTEX_POINT ( 'NONE', #2232 ) ;
#2102 = DIRECTION ( 'NONE',  ( -4.906538933386656825E-15, -0.7071067811865474617, 0.7071067811865474617 ) ) ;
#2103 = FACE_OUTER_BOUND ( 'NONE', #59, .T. ) ;
#2104 = ORIENTED_EDGE ( 'NONE', *, *, #1858, .F. ) ;
#2105 = EDGE_CURVE ( 'NONE', #3071, #2330, #801, .T. ) ;
#2106 = EDGE_LOOP ( 'NONE', ( #695, #751, #370, #2478, #2104, #737 ) ) ;
#2107 = VECTOR ( 'NONE', #3321, 1000.000000000000000 ) ;
#2108 = ORIENTED_EDGE ( 'NONE', *, *, #1206, .T. ) ;
#2109 = LINE ( 'NONE', #1759, #2110 ) ;
#2110 = VECTOR ( 'NONE', #343, 1000.000000000000000 ) ;
#2111 = DIRECTION ( 'NONE',  ( -0.2576626505603324402, -0.000000000000000000, 0.9662349396012461789 ) ) ;
#2112 = ORIENTED_EDGE ( 'NONE', *, *, #4203, .T. ) ;
#2113 = DIRECTION ( 'NONE',  ( -1.000000000000000000, 0.000000000000000000, 0.000000000000000000 ) ) ;
#2114 = EDGE_CURVE ( 'NONE', #4276, #3268, #3733, .T. ) ;
#2115 = ORIENTED_EDGE ( 'NONE', *, *, #3775, .T. ) ;
#2116 = DIRECTION ( 'NONE',  ( 0.000000000000000000, -1.000000000000000000, 0.000000000000000000 ) ) ;
#2117 = VECTOR ( 'NONE', #3468, 1000.000000000000000 ) ;
#2118 = DIRECTION ( 'NONE',  ( 0.5031857961370476140, 0.000000000000000000, 0.8641782539302440558 ) ) ;
#2119 = VECTOR ( 'NONE', #3767, 1000.000000000000000 ) ;
#2120 = DIRECTION ( 'NONE',  ( 0.000000000000000000, 0.000000000000000000, 1.000000000000000000 ) ) ;
#2121 = ORIENTED_EDGE ( 'NONE', *, *, #435, .T. ) ;
#2122 = FACE_OUTER_BOUND ( 'NONE', #3520, .T. ) ;
#2123 = FACE_OUTER_BOUND ( 'NONE', #2149, .T. ) ;
#2124 = CIRCLE ( 'NONE', #2503, 2.250000000000008882 ) ;
#2125 = EDGE_LOOP ( 'NONE', ( #4485, #10, #3487, #3575 ) ) ;
#2126 = DIRECTION ( 'NONE',  ( -0.000000000000000000, -1.000000000000000000, -0.000000000000000000 ) ) ;
#2127 = AXIS2_PLACEMENT_3D ( 'NONE', #2079, #3517, #2854 ) ;
#2128 = DIRECTION ( 'NONE',  ( -0.8645230873858534837, 0.000000000000000000, -0.5025931071720262100 ) ) ;
#2129 = VERTEX_POINT ( 'NONE', #2257 ) ;
#2130 = ADVANCED_FACE ( 'NONE', ( #2954 ), #4049, .F. ) ;
#2131 = CARTESIAN_POINT ( 'NONE',  ( -7.783094146864282692, 5.000000000000000000, 18.01516623377516169 ) ) ;
#2132 = CARTESIAN_POINT ( 'NONE',  ( -9.299999999999968736, -1.000000000000013101, 20.60598270084804895 ) ) ;
#2133 = ORIENTED_EDGE ( 'NONE', *, *, #3953, .F. ) ;
#2134 = ORIENTED_EDGE ( 'NONE', *, *, #3760, .T. ) ;
#2135 = EDGE_CURVE ( 'NONE', #1755, #577, #3715, .T. ) ;
#2136 = ORIENTED_EDGE ( 'NONE', *, *, #438, .T. ) ;
#2137 = DIRECTION ( 'NONE',  ( 0.000000000000000000, 0.000000000000000000, -1.000000000000000000 ) ) ;
#2138 = LINE ( 'NONE', #3875, #3333 ) ;
#2139 = CYLINDRICAL_SURFACE ( 'NONE', #1992, 1.500000000000001332 ) ;
#2140 = VECTOR ( 'NONE', #2870, 1000.000000000000000 ) ;
#2141 = ORIENTED_EDGE ( 'NONE', *, *, #135, .T. ) ;
#2142 = DIRECTION ( 'NONE',  ( -0.000000000000000000, 1.000000000000000000, -0.000000000000000000 ) ) ;
#2143 = DIRECTION ( 'NONE',  ( 0.000000000000000000, 0.000000000000000000, -1.000000000000000000 ) ) ;
#2144 = LINE ( 'NONE', #1793, #11 ) ;
#2145 = CARTESIAN_POINT ( 'NONE',  ( -50.00000000000000711, 2.500000000000000000, 110.0000000000000000 ) ) ;
#2146 = ORIENTED_EDGE ( 'NONE', *, *, #1720, .T. ) ;
#2147 = CARTESIAN_POINT ( 'NONE',  ( -16.50586747257980846, 2.200000000000000178, 89.63056327713781002 ) ) ;
#2148 = FACE_BOUND ( 'NONE', #920, .T. ) ;
#2149 = EDGE_LOOP ( 'NONE', ( #4616, #2852, #2661, #2380, #2182, #2744, #1022, #181, #1161, #3084, #3223, #2737, #312, #4464 ) ) ;
#2150 = DIRECTION ( 'NONE',  ( -0.000000000000000000, -1.000000000000000000, -0.000000000000000000 ) ) ;
#2151 = EDGE_CURVE ( 'NONE', #873, #3753, #444, .T. ) ;
#2152 = DIRECTION ( 'NONE',  ( 0.000000000000000000, 1.000000000000000000, 0.000000000000000000 ) ) ;
#2153 = VERTEX_POINT ( 'NONE', #4026 ) ;
#2154 = CARTESIAN_POINT ( 'NONE',  ( -18.03106836055345141, 2.200000000000000178, 87.01116215258194586 ) ) ;
#2155 = CARTESIAN_POINT ( 'NONE',  ( -78.39788897460657324, 3.000000000000000000, 19.07050236186967140 ) ) ;
#2156 = ORIENTED_EDGE ( 'NONE', *, *, #363, .F. ) ;
#2157 = ADVANCED_FACE ( 'NONE', ( #1881 ), #2507, .T. ) ;
#2158 = EDGE_LOOP ( 'NONE', ( #1434, #3112, #2290, #641, #2714, #2800, #3583, #3746, #1782, #539, #1427, #2467, #2802, #261, #3463, #2115 ) ) ;
#2159 = EDGE_CURVE ( 'NONE', #1596, #236, #2722, .T. ) ;
#2160 = ORIENTED_EDGE ( 'NONE', *, *, #1040, .F. ) ;
#2161 = DIRECTION ( 'NONE',  ( -0.000000000000000000, -1.000000000000000000, -0.000000000000000000 ) ) ;
#2162 = CARTESIAN_POINT ( 'NONE',  ( -61.00000000000001421, 10.00000000000000000, 96.90598270084805677 ) ) ;
#2163 = DIRECTION ( 'NONE',  ( 0.000000000000000000, 0.000000000000000000, 1.000000000000000000 ) ) ;
#2164 = VECTOR ( 'NONE', #2128, 1000.000000000000114 ) ;
#2165 = VERTEX_POINT ( 'NONE', #3312 ) ;
#2166 = CARTESIAN_POINT ( 'NONE',  ( -9.299999999999968736, -6.000000000000000000, 21.85598270084804895 ) ) ;
#2167 = DIRECTION ( 'NONE',  ( -0.000000000000000000, -1.000000000000000000, -0.000000000000000000 ) ) ;
#2168 = EDGE_CURVE ( 'NONE', #1477, #340, #418, .T. ) ;
#2169 = FACE_OUTER_BOUND ( 'NONE', #2758, .T. ) ;
#2170 = CARTESIAN_POINT ( 'NONE',  ( 81.00000000000000000, 5.000000000000000000, -28.00000000000002487 ) ) ;
#2171 = ORIENTED_EDGE ( 'NONE', *, *, #2333, .T. ) ;
#2172 = LINE ( 'NONE', #3967, #2234 ) ;
#2173 = PLANE ( 'NONE',  #1416 ) ;
#2174 = ORIENTED_EDGE ( 'NONE', *, *, #3068, .T. ) ;
#2175 = DIRECTION ( 'NONE',  ( 0.5025931071720279864, 0.000000000000000000, -0.8645230873858524845 ) ) ;
#2176 = CARTESIAN_POINT ( 'NONE',  ( -13.47479911202610481, 2.200000000000000178, 89.61940112455596363 ) ) ;
#2177 = VERTEX_POINT ( 'NONE', #2649 ) ;
#2178 = CARTESIAN_POINT ( 'NONE',  ( -76.05823654365040909, 0.000000000000000000, -20.67828895865947558 ) ) ;
#2179 = VECTOR ( 'NONE', #3996, 1000.000000000000000 ) ;
#2180 = CARTESIAN_POINT ( 'NONE',  ( -47.00000000000000000, 2.500000000000000000, 101.0000000000000000 ) ) ;
#2181 = ORIENTED_EDGE ( 'NONE', *, *, #2630, .T. ) ;
#2182 = ORIENTED_EDGE ( 'NONE', *, *, #1839, .F. ) ;
#2183 = CARTESIAN_POINT ( 'NONE',  ( 75.79703977165694084, 3.000000000000000000, 17.56425342292120462 ) ) ;
#2184 = CARTESIAN_POINT ( 'NONE',  ( -40.74999999999979394, 0.000000000000000000, 45.50000000000012079 ) ) ;
#2185 = AXIS2_PLACEMENT_3D ( 'NONE', #3963, #2068, #2143 ) ;
#2186 = DIRECTION ( 'NONE',  ( -0.000000000000000000, -1.000000000000000000, -0.000000000000000000 ) ) ;
#2187 = EDGE_CURVE ( 'NONE', #471, #3406, #78, .T. ) ;
#2188 = ORIENTED_EDGE ( 'NONE', *, *, #3137, .T. ) ;
#2189 = DIRECTION ( 'NONE',  ( 0.7071067811865462405, 0.7071067811865489050, 1.890548517948249595E-16 ) ) ;
#2190 = VECTOR ( 'NONE', #1489, 1000.000000000000114 ) ;
#2191 = CARTESIAN_POINT ( 'NONE',  ( -76.05823654365040909, 3.000000000000000000, -20.67828895865947558 ) ) ;
#2192 = CARTESIAN_POINT ( 'NONE',  ( -7.814740049539647515, 2.500000000000000000, 23.21506993834929844 ) ) ;
#2193 = ORIENTED_EDGE ( 'NONE', *, *, #2898, .F. ) ;
#2194 = AXIS2_PLACEMENT_3D ( 'NONE', #936, #173, #4552 ) ;
#2195 = CARTESIAN_POINT ( 'NONE',  ( 12.30222139978607743, 2.500000000000000000, 20.60598270084806316 ) ) ;
#2196 = ORIENTED_EDGE ( 'NONE', *, *, #3476, .F. ) ;
#2197 = EDGE_CURVE ( 'NONE', #1835, #3049, #1550, .T. ) ;
#2198 = CARTESIAN_POINT ( 'NONE',  ( -14.99999999999974598, 5.000000000000000888, 88.25000000000012790 ) ) ;
#2199 = CARTESIAN_POINT ( 'NONE',  ( -9.299999999999968736, -1.000000000000013101, 17.95598270084804682 ) ) ;
#2200 = CARTESIAN_POINT ( 'NONE',  ( -7.799999999999958078, -6.000000000000000000, 27.42555455687869781 ) ) ;
#2201 = AXIS2_PLACEMENT_3D ( 'NONE', #3555, #4290, #1067 ) ;
#2202 = CARTESIAN_POINT ( 'NONE',  ( 15.00000000000025402, 5.000000000000000888, 88.25000000000012790 ) ) ;
#2203 = CARTESIAN_POINT ( 'NONE',  ( 9.300000000000030909, 2.500000000000000444, 20.60598270084804895 ) ) ;
#2204 = ORIENTED_EDGE ( 'NONE', *, *, #2220, .T. ) ;
#2205 = CARTESIAN_POINT ( 'NONE',  ( 27.66666666666718655, 53.33333333333322912, -81.33333333333322912 ) ) ;
#2206 = VECTOR ( 'NONE', #4258, 1000.000000000000000 ) ;
#2207 = CARTESIAN_POINT ( 'NONE',  ( 7.800000000000030909, -1.000000000000028644, 28.92555455687869781 ) ) ;
#2208 = ORIENTED_EDGE ( 'NONE', *, *, #542, .T. ) ;
#2209 = VECTOR ( 'NONE', #1571, 1000.000000000000114 ) ;
#2210 = ORIENTED_EDGE ( 'NONE', *, *, #956, .T. ) ;
#2211 = CARTESIAN_POINT ( 'NONE',  ( -75.99999999999998579, 10.00000000000000000, 21.25076433052313618 ) ) ;
#2212 = LINE ( 'NONE', #2910, #3475 ) ;
#2213 = CARTESIAN_POINT ( 'NONE',  ( 42.99999999999978684, 10.00000000000000000, 2.250000000000168754 ) ) ;
#2214 = EDGE_LOOP ( 'NONE', ( #4597, #945, #4532, #709 ) ) ;
#2215 = DIRECTION ( 'NONE',  ( -0.000000000000000000, 1.000000000000000000, -0.000000000000000000 ) ) ;
#2216 = DIRECTION ( 'NONE',  ( 0.000000000000000000, 0.000000000000000000, -1.000000000000000000 ) ) ;
#2217 = EDGE_CURVE ( 'NONE', #1162, #1945, #3293, .T. ) ;
#2218 = ORIENTED_EDGE ( 'NONE', *, *, #3317, .F. ) ;
#2219 = AXIS2_PLACEMENT_3D ( 'NONE', #3829, #4518, #606 ) ;
#2220 = EDGE_CURVE ( 'NONE', #1136, #1822, #1483, .T. ) ;
#2221 = CARTESIAN_POINT ( 'NONE',  ( -16.52520088797338715, 0.000000000000000000, 84.38059887544430637 ) ) ;
#2222 = ORIENTED_EDGE ( 'NONE', *, *, #3125, .T. ) ;
#2223 = PLANE ( 'NONE',  #2611 ) ;
#2224 = LINE ( 'NONE', #3664, #3808 ) ;
#2225 = CIRCLE ( 'NONE', #1246, 1.250000000000001110 ) ;
#2226 = ORIENTED_EDGE ( 'NONE', *, *, #4602, .T. ) ;
#2227 = FACE_OUTER_BOUND ( 'NONE', #1377, .T. ) ;
#2228 = CARTESIAN_POINT ( 'NONE',  ( 9.300000000000030909, -1.000000000000014655, 20.60598270084804895 ) ) ;
#2229 = VERTEX_POINT ( 'NONE', #2559 ) ;
#2230 = CIRCLE ( 'NONE', #2302, 2.250000000000001776 ) ;
#2231 = CARTESIAN_POINT ( 'NONE',  ( 9.300000000000030909, -6.000000000000000000, 20.60598270084804895 ) ) ;
#2232 = CARTESIAN_POINT ( 'NONE',  ( -14.99999999999974598, 2.200000000000000622, 88.25000000000012790 ) ) ;
#2233 = ORIENTED_EDGE ( 'NONE', *, *, #749, .T. ) ;
#2234 = VECTOR ( 'NONE', #4351, 1000.000000000000114 ) ;
#2235 = EDGE_CURVE ( 'NONE', #3916, #3216, #1924, .T. ) ;
#2236 = ORIENTED_EDGE ( 'NONE', *, *, #1610, .T. ) ;
#2237 = FACE_OUTER_BOUND ( 'NONE', #1984, .T. ) ;
#2238 = AXIS2_PLACEMENT_3D ( 'NONE', #501, #1194, #136 ) ;
#2239 = DIRECTION ( 'NONE',  ( 1.692413147294446709E-16, 0.000000000000000000, -1.000000000000000000 ) ) ;
#2240 = ORIENTED_EDGE ( 'NONE', *, *, #1173, .F. ) ;
#2241 = CARTESIAN_POINT ( 'NONE',  ( 78.39999999999999147, -13.20000000000000462, 14.81828170427217728 ) ) ;
#2242 = ADVANCED_FACE ( 'NONE', ( #2275 ), #2580, .F. ) ;
#2243 = DIRECTION ( 'NONE',  ( -0.2576626505603324402, -0.000000000000000000, 0.9662349396012461789 ) ) ;
#2244 = PLANE ( 'NONE',  #2238 ) ;
#2245 = VERTEX_POINT ( 'NONE', #847 ) ;
#2246 = DIRECTION ( 'NONE',  ( -0.000000000000000000, -1.000000000000000000, -0.000000000000000000 ) ) ;
#2247 = EDGE_CURVE ( 'NONE', #2977, #3942, #3713, .T. ) ;
#2248 = VECTOR ( 'NONE', #4375, 1000.000000000000114 ) ;
#2249 = CARTESIAN_POINT ( 'NONE',  ( -7.799999999999958078, -6.000000000000000000, 27.42555455687869781 ) ) ;
#2250 = ORIENTED_EDGE ( 'NONE', *, *, #2437, .F. ) ;
#2251 = EDGE_CURVE ( 'NONE', #519, #892, #4445, .T. ) ;
#2252 = DIRECTION ( 'NONE',  ( -0.8650360116844535430, 0.000000000000000000, -0.5017097751579632225 ) ) ;
#2253 = DIRECTION ( 'NONE',  ( 0.2576626505603324402, 0.000000000000000000, -0.9662349396012461789 ) ) ;
#2254 = ORIENTED_EDGE ( 'NONE', *, *, #198, .T. ) ;
#2255 = CARTESIAN_POINT ( 'NONE',  ( 7.798889300107008538, 2.500000000000000000, 23.20598270084804682 ) ) ;
#2256 = EDGE_CURVE ( 'NONE', #1833, #3127, #1135, .T. ) ;
#2257 = CARTESIAN_POINT ( 'NONE',  ( 76.00000000000000000, 10.00000000000000000, -30.00000000000000000 ) ) ;
#2258 = ORIENTED_EDGE ( 'NONE', *, *, #831, .F. ) ;
#2259 = AXIS2_PLACEMENT_3D ( 'NONE', #3790, #2705, #4546 ) ;
#2260 = EDGE_CURVE ( 'NONE', #2539, #1639, #3752, .T. ) ;
#2261 = CARTESIAN_POINT ( 'NONE',  ( -80.99999999999998579, 5.000000000000000000, -23.83897132671138053 ) ) ;
#2262 = CARTESIAN_POINT ( 'NONE',  ( -45.24999999999980105, 5.000000000000000000, 4.500000000000171418 ) ) ;
#2263 = CARTESIAN_POINT ( 'NONE',  ( 42.99999999999978684, 5.000000000000000000, 2.250000000000168754 ) ) ;
#2264 = DIRECTION ( 'NONE',  ( -0.000000000000000000, 1.000000000000000000, -0.000000000000000000 ) ) ;
#2265 = CARTESIAN_POINT ( 'NONE',  ( 81.00000000000001421, 5.000000000000000000, 21.90598270084813493 ) ) ;
#2266 = ORIENTED_EDGE ( 'NONE', *, *, #1268, .T. ) ;
#2267 = DIRECTION ( 'NONE',  ( 2.673639354406769807E-16, 0.000000000000000000, 1.000000000000000000 ) ) ;
#2268 = DIRECTION ( 'NONE',  ( 1.000000000000000000, 0.000000000000000000, 0.000000000000000000 ) ) ;
#2269 = VERTEX_POINT ( 'NONE', #2028 ) ;
#2270 = CARTESIAN_POINT ( 'NONE',  ( 51.00000000000002842, 5.000000000000000000, 101.0000000000000142 ) ) ;
#2271 = VECTOR ( 'NONE', #600, 1000.000000000000000 ) ;
#2272 = CARTESIAN_POINT ( 'NONE',  ( -47.00000000000000000, 3.999999999999988898, 101.0000000000000000 ) ) ;
#2273 = ORIENTED_EDGE ( 'NONE', *, *, #82, .F. ) ;
#2274 = PLANE ( 'NONE',  #1250 ) ;
#2275 = FACE_OUTER_BOUND ( 'NONE', #4660, .T. ) ;
#2276 = AXIS2_PLACEMENT_3D ( 'NONE', #3617, #3206, #385 ) ;
#2277 = ORIENTED_EDGE ( 'NONE', *, *, #1043, .T. ) ;
#2278 = EDGE_CURVE ( 'NONE', #1500, #3961, #1653, .T. ) ;
#2279 = VECTOR ( 'NONE', #2818, 1000.000000000000000 ) ;
#2280 = EDGE_CURVE ( 'NONE', #2425, #3547, #3847, .T. ) ;
#2281 = CONICAL_SURFACE ( 'NONE', #94, 1.500000000000001332, 0.7853981633974487231 ) ;
#2282 = ADVANCED_FACE ( 'NONE', ( #2710 ), #2361, .F. ) ;
#2283 = FACE_BOUND ( 'NONE', #2601, .T. ) ;
#2284 = VECTOR ( 'NONE', #465, 1000.000000000000000 ) ;
#2285 = DIRECTION ( 'NONE',  ( 0.000000000000000000, 0.000000000000000000, 1.000000000000000000 ) ) ;
#2286 = DIRECTION ( 'NONE',  ( 0.000000000000000000, -1.000000000000000000, 0.000000000000000000 ) ) ;
#2287 = DIRECTION ( 'NONE',  ( -1.000000000000000000, 0.000000000000000000, 0.000000000000000000 ) ) ;
#2288 = ORIENTED_EDGE ( 'NONE', *, *, #2658, .F. ) ;
#2289 = DIRECTION ( 'NONE',  ( 1.000000000000000000, 0.000000000000000000, -0.000000000000000000 ) ) ;
#2290 = ORIENTED_EDGE ( 'NONE', *, *, #2905, .F. ) ;
#2291 = VERTEX_POINT ( 'NONE', #211 ) ;
#2292 = CARTESIAN_POINT ( 'NONE',  ( 78.65372625720931410, 3.000000000000000888, -20.93718474039629740 ) ) ;
#2293 = CARTESIAN_POINT ( 'NONE',  ( -80.99999999999998579, 3.000000000000000000, -20.54375958487979048 ) ) ;
#2294 = ORIENTED_EDGE ( 'NONE', *, *, #1931, .F. ) ;
#2295 = CARTESIAN_POINT ( 'NONE',  ( 78.65372625720931410, 3.000000000000000000, -25.18940614018234925 ) ) ;
#2296 = AXIS2_PLACEMENT_3D ( 'NONE', #3172, #2142, #1065 ) ;
#2297 = DIRECTION ( 'NONE',  ( -0.001975400917334855198, -0.001975400917335128851, 0.9999960977836022114 ) ) ;
#2298 = VERTEX_POINT ( 'NONE', #4156 ) ;
#2299 = LINE ( 'NONE', #127, #769 ) ;
#2300 = EDGE_CURVE ( 'NONE', #2863, #2902, #4468, .T. ) ;
#2301 = EDGE_CURVE ( 'NONE', #989, #574, #3022, .T. ) ;
#2302 = AXIS2_PLACEMENT_3D ( 'NONE', #464, #192, #907 ) ;
#2303 = VERTEX_POINT ( 'NONE', #1944 ) ;
#2304 = EDGE_CURVE ( 'NONE', #3547, #2425, #1002, .T. ) ;
#2305 = DIRECTION ( 'NONE',  ( 0.006085750514491136340, 0.000000000000000000, -0.9999814816488731273 ) ) ;
#2306 = DIRECTION ( 'NONE',  ( 0.000000000000000000, 1.000000000000000000, 0.000000000000000000 ) ) ;
#2307 = DIRECTION ( 'NONE',  ( 0.2576626505603322181, 0.000000000000000000, 0.9662349396012462899 ) ) ;
#2308 = CARTESIAN_POINT ( 'NONE',  ( 9.300000000000030909, 0.000000000000000000, 20.60598270084804895 ) ) ;
#2309 = ORIENTED_EDGE ( 'NONE', *, *, #341, .T. ) ;
#2310 = LINE ( 'NONE', #1234, #4408 ) ;
#2311 = EDGE_CURVE ( 'NONE', #2129, #4088, #2688, .T. ) ;
#2312 = EDGE_CURVE ( 'NONE', #3430, #3188, #4135, .T. ) ;
#2313 = ORIENTED_EDGE ( 'NONE', *, *, #3907, .F. ) ;
#2314 = DIRECTION ( 'NONE',  ( -0.000000000000000000, -1.000000000000000000, -0.000000000000000000 ) ) ;
#2315 = DIRECTION ( 'NONE',  ( 0.000000000000000000, 0.000000000000000000, -1.000000000000000000 ) ) ;
#2316 = DIRECTION ( 'NONE',  ( 0.000000000000000000, 1.000000000000000000, 0.000000000000000000 ) ) ;
#2317 = ORIENTED_EDGE ( 'NONE', *, *, #1192, .T. ) ;
#2318 = DIRECTION ( 'NONE',  ( 0.000000000000000000, 0.000000000000000000, 1.000000000000000000 ) ) ;
#2319 = EDGE_CURVE ( 'NONE', #2408, #4390, #171, .T. ) ;
#2320 = CARTESIAN_POINT ( 'NONE',  ( -13.47479911202610481, 2.200000000000000178, 89.61940112455596363 ) ) ;
#2321 = ORIENTED_EDGE ( 'NONE', *, *, #495, .F. ) ;
#2322 = DIRECTION ( 'NONE',  ( -0.5052611553710814052, 0.000000000000000000, 0.8629664911646801606 ) ) ;
#2323 = VECTOR ( 'NONE', #4484, 1000.000000000000000 ) ;
#2324 = ORIENTED_EDGE ( 'NONE', *, *, #2775, .F. ) ;
#2325 = AXIS2_PLACEMENT_3D ( 'NONE', #3859, #279, #2004 ) ;
#2326 = LINE ( 'NONE', #1664, #1221 ) ;
#2327 = DIRECTION ( 'NONE',  ( -0.000000000000000000, 1.000000000000000000, -0.000000000000000000 ) ) ;
#2328 = ORIENTED_EDGE ( 'NONE', *, *, #1553, .T. ) ;
#2329 = CARTESIAN_POINT ( 'NONE',  ( 78.40593060247839219, 0.000000000000000000, 13.06606616216203776 ) ) ;
#2330 = VERTEX_POINT ( 'NONE', #4506 ) ;
#2331 = DIRECTION ( 'NONE',  ( 0.000000000000000000, -1.000000000000000000, 0.000000000000000000 ) ) ;
#2332 = CARTESIAN_POINT ( 'NONE',  ( -78.39999999999999147, -13.20000000000000462, 14.81828170427217728 ) ) ;
#2333 = EDGE_CURVE ( 'NONE', #213, #955, #2384, .T. ) ;
#2334 = AXIS2_PLACEMENT_3D ( 'NONE', #3857, #1712, #1095 ) ;
#2335 = DIRECTION ( 'NONE',  ( -0.9999997527868660363, 0.000000000000000000, 0.0007031544687453771458 ) ) ;
#2336 = ORIENTED_EDGE ( 'NONE', *, *, #3698, .F. ) ;
#2337 = DIRECTION ( 'NONE',  ( 0.8660254037844385966, 0.000000000000000000, -0.4999999999999998890 ) ) ;
#2338 = DIRECTION ( 'NONE',  ( 0.5052611553710814052, 0.000000000000000000, -0.8629664911646801606 ) ) ;
#2339 = ORIENTED_EDGE ( 'NONE', *, *, #3, .F. ) ;
#2340 = VECTOR ( 'NONE', #4612, 1000.000000000000000 ) ;
#2341 = DIRECTION ( 'NONE',  ( -0.8660254037844381525, 0.000000000000000000, -0.5000000000000008882 ) ) ;
#2342 = ORIENTED_EDGE ( 'NONE', *, *, #2514, .T. ) ;
#2343 = AXIS2_PLACEMENT_3D ( 'NONE', #3062, #2456, #1053 ) ;
#2344 = ORIENTED_EDGE ( 'NONE', *, *, #1533, .T. ) ;
#2345 = VECTOR ( 'NONE', #2118, 1000.000000000000114 ) ;
#2346 = CARTESIAN_POINT ( 'NONE',  ( -9.299999999999968736, 0.000000000000000000, 20.60598270084804895 ) ) ;
#2347 = VECTOR ( 'NONE', #3385, 1000.000000000000227 ) ;
#2348 = LINE ( 'NONE', #1974, #3389 ) ;
#2349 = CARTESIAN_POINT ( 'NONE',  ( -78.99999999999998579, 10.00000000000000000, -30.00000000000000000 ) ) ;
#2350 = ORIENTED_EDGE ( 'NONE', *, *, #1251, .T. ) ;
#2351 = VECTOR ( 'NONE', #2338, 1000.000000000000000 ) ;
#2352 = ORIENTED_EDGE ( 'NONE', *, *, #289, .T. ) ;
#2353 = CARTESIAN_POINT ( 'NONE',  ( -10.78525995046028996, 2.500000000000000000, 17.99689546334679591 ) ) ;
#2354 = ADVANCED_FACE ( 'NONE', ( #3816, #591 ), #3035, .T. ) ;
#2355 = CARTESIAN_POINT ( 'NONE',  ( -10.78525995046028996, 2.500000000000000000, 17.99689546334679591 ) ) ;
#2356 = FILL_AREA_STYLE ('',( #4567 ) ) ;
#2357 = EDGE_CURVE ( 'NONE', #1680, #2269, #1677, .T. ) ;
#2358 = DIRECTION ( 'NONE',  ( -0.000000000000000000, 1.000000000000000000, -0.000000000000000000 ) ) ;
#2359 = VERTEX_POINT ( 'NONE', #2320 ) ;
#2360 = CARTESIAN_POINT ( 'NONE',  ( -78.39788897460657324, 0.000000000000000000, 19.07050236186967140 ) ) ;
#2361 = PLANE ( 'NONE',  #314 ) ;
#2362 = ORIENTED_EDGE ( 'NONE', *, *, #2017, .T. ) ;
#2363 = CARTESIAN_POINT ( 'NONE',  ( -79.99999999999998579, 1.000000000000000888, -29.00000000000000000 ) ) ;
#2364 = CIRCLE ( 'NONE', #713, 1.500000000000001332 ) ;
#2365 = VERTEX_POINT ( 'NONE', #4113 ) ;
#2366 = ADVANCED_FACE ( 'NONE', ( #976 ), #889, .F. ) ;
#2367 = EDGE_LOOP ( 'NONE', ( #3927, #3512, #2527, #2444 ) ) ;
#2368 = VECTOR ( 'NONE', #2657, 1000.000000000000000 ) ;
#2369 = AXIS2_PLACEMENT_3D ( 'NONE', #1260, #3398, #2687 ) ;
#2370 = DIRECTION ( 'NONE',  ( 0.000000000000000000, 0.000000000000000000, -1.000000000000000000 ) ) ;
#2371 = CARTESIAN_POINT ( 'NONE',  ( 16.51554445662301873, 0.000000000000000000, 89.62500000000012790 ) ) ;
#2372 = ORIENTED_EDGE ( 'NONE', *, *, #4478, .T. ) ;
#2373 = ORIENTED_EDGE ( 'NONE', *, *, #2882, .T. ) ;
#2374 = CARTESIAN_POINT ( 'NONE',  ( 7.800000000000019362, -1.000000000000028644, 33.42555455687870136 ) ) ;
#2375 = CIRCLE ( 'NONE', #813, 3.650000000000014566 ) ;
#2376 = EDGE_CURVE ( 'NONE', #2330, #3521, #1261, .T. ) ;
#2377 = LINE ( 'NONE', #3809, #3826 ) ;
#2378 = LINE ( 'NONE', #4150, #4604 ) ;
#2379 = LINE ( 'NONE', #588, #3220 ) ;
#2380 = ORIENTED_EDGE ( 'NONE', *, *, #3041, .F. ) ;
#2381 = EDGE_CURVE ( 'NONE', #1976, #4208, #3554, .T. ) ;
#2382 = LINE ( 'NONE', #2798, #2530 ) ;
#2383 = ADVANCED_FACE ( 'NONE', ( #4572, #3837, #4678, #2148, #2123, #684, #2049 ), #4653, .T. ) ;
#2384 = LINE ( 'NONE', #1282, #4399 ) ;
#2385 = ORIENTED_EDGE ( 'NONE', *, *, #3600, .T. ) ;
#2386 = DIRECTION ( 'NONE',  ( -0.000000000000000000, 1.000000000000000000, -0.000000000000000000 ) ) ;
#2387 = VECTOR ( 'NONE', #3182, 1000.000000000000000 ) ;
#2388 = ADVANCED_FACE ( 'NONE', ( #3179 ), #1718, .F. ) ;
#2389 = ORIENTED_EDGE ( 'NONE', *, *, #3434, .T. ) ;
#2390 = VERTEX_POINT ( 'NONE', #613 ) ;
#2391 = EDGE_CURVE ( 'NONE', #4283, #347, #1426, .T. ) ;
#2392 = DIRECTION ( 'NONE',  ( 0.000000000000000000, -1.000000000000000000, 0.000000000000000000 ) ) ;
#2393 = CARTESIAN_POINT ( 'NONE',  ( -76.04923932178259349, 3.000000000000000000, -23.68049687673109105 ) ) ;
#2394 = FACE_OUTER_BOUND ( 'NONE', #1080, .T. ) ;
#2395 = ORIENTED_EDGE ( 'NONE', *, *, #513, .T. ) ;
#2396 = CARTESIAN_POINT ( 'NONE',  ( 76.00000000000000000, 5.000000000000000000, -30.00000000000000000 ) ) ;
#2397 = CARTESIAN_POINT ( 'NONE',  ( -42.99999999999980105, 10.00000000000000000, 4.500000000000142997 ) ) ;
#2398 =( NAMED_UNIT ( * ) SI_UNIT ( $, .STERADIAN. ) SOLID_ANGLE_UNIT ( ) );
#2399 = DIRECTION ( 'NONE',  ( -0.000000000000000000, -1.000000000000000000, -0.000000000000000000 ) ) ;
#2400 = ORIENTED_EDGE ( 'NONE', *, *, #2528, .F. ) ;
#2401 = CARTESIAN_POINT ( 'NONE',  ( -13.49413252741967639, 0.000000000000000000, 84.36943672286245999 ) ) ;
#2402 = DIRECTION ( 'NONE',  ( -0.000000000000000000, -1.000000000000000000, -0.000000000000000000 ) ) ;
#2403 = ORIENTED_EDGE ( 'NONE', *, *, #1812, .F. ) ;
#2404 = DIRECTION ( 'NONE',  ( -1.000000000000000000, 0.000000000000000000, 0.000000000000000000 ) ) ;
#2405 = ADVANCED_FACE ( 'NONE', ( #1347, #2427, #302, #637, #660, #2096, #3129, #3533 ), #998, .F. ) ;
#2406 = VERTEX_POINT ( 'NONE', #3590 ) ;
#2407 = DIRECTION ( 'NONE',  ( -2.673639354406774245E-16, 0.000000000000000000, 1.000000000000000000 ) ) ;
#2408 = VERTEX_POINT ( 'NONE', #2848 ) ;
#2409 = EDGE_CURVE ( 'NONE', #3976, #3052, #3108, .T. ) ;
#2410 = ORIENTED_EDGE ( 'NONE', *, *, #264, .T. ) ;
#2411 = ADVANCED_FACE ( 'NONE', ( #4217, #2823 ), #4596, .T. ) ;
#2412 = VECTOR ( 'NONE', #1566, 1000.000000000000000 ) ;
#2413 = VECTOR ( 'NONE', #3343, 1000.000000000000000 ) ;
#2414 = CARTESIAN_POINT ( 'NONE',  ( 46.99999999999997868, 3.999999999999988898, 98.00000000000000000 ) ) ;
#2415 = FACE_OUTER_BOUND ( 'NONE', #3812, .T. ) ;
#2416 = EDGE_LOOP ( 'NONE', ( #50, #2917, #1654, #4493, #1544, #2755, #4197, #2204 ) ) ;
#2417 = DIRECTION ( 'NONE',  ( -0.000000000000000000, -1.000000000000000000, -0.000000000000000000 ) ) ;
#2418 = VECTOR ( 'NONE', #2587, 1000.000000000000227 ) ;
#2419 = ORIENTED_EDGE ( 'NONE', *, *, #245, .T. ) ;
#2420 = CARTESIAN_POINT ( 'NONE',  ( 11.96891108675472637, 0.000000000000000000, 87.00000000000012790 ) ) ;
#2421 = CARTESIAN_POINT ( 'NONE',  ( -16.50586747257980846, 2.200000000000000178, 89.63056327713781002 ) ) ;
#2422 = CIRCLE ( 'NONE', #98, 3.000000000000002665 ) ;
#2423 = PLANE ( 'NONE',  #3707 ) ;
#2424 = CARTESIAN_POINT ( 'NONE',  ( -80.99894384454913165, 3.000000000000000000, 17.57122023468964045 ) ) ;
#2425 = VERTEX_POINT ( 'NONE', #2799 ) ;
#2426 = DIRECTION ( 'NONE',  ( -0.000000000000000000, 1.000000000000000000, -0.000000000000000000 ) ) ;
#2427 = FACE_BOUND ( 'NONE', #4367, .T. ) ;
#2428 = ORIENTED_EDGE ( 'NONE', *, *, #3924, .T. ) ;
#2429 = DIRECTION ( 'NONE',  ( 2.673639354406774245E-16, 0.000000000000000000, -1.000000000000000000 ) ) ;
#2430 = ORIENTED_EDGE ( 'NONE', *, *, #3740, .T. ) ;
#2431 = CARTESIAN_POINT ( 'NONE',  ( -10.81690585313565833, 5.000000000000000000, 23.19679916792093266 ) ) ;
#2432 = DIRECTION ( 'NONE',  ( -0.000000000000000000, -1.000000000000000000, -0.000000000000000000 ) ) ;
#2433 = ORIENTED_EDGE ( 'NONE', *, *, #3579, .T. ) ;
#2434 = ADVANCED_FACE ( 'NONE', ( #2073 ), #1051, .F. ) ;
#2435 = ORIENTED_EDGE ( 'NONE', *, *, #3821, .T. ) ;
#2436 = VECTOR ( 'NONE', #205, 1000.000000000000000 ) ;
#2437 = EDGE_CURVE ( 'NONE', #1404, #2691, #3941, .T. ) ;
#2438 = VERTEX_POINT ( 'NONE', #357 ) ;
#2439 = ADVANCED_FACE ( 'NONE', ( #1798 ), #2477, .T. ) ;
#2440 = DIRECTION ( 'NONE',  ( 0.000000000000000000, 0.000000000000000000, -1.000000000000000000 ) ) ;
#2441 = CARTESIAN_POINT ( 'NONE',  ( 80.99702962586462718, 3.000000000000000000, 17.57452552773328236 ) ) ;
#2442 = CARTESIAN_POINT ( 'NONE',  ( -56.00000000000002132, 10.00000000000000000, 96.25076433052301184 ) ) ;
#2443 = VECTOR ( 'NONE', #4222, 1000.000000000000000 ) ;
#2444 = ORIENTED_EDGE ( 'NONE', *, *, #3391, .F. ) ;
#2445 = DIRECTION ( 'NONE',  ( 0.000000000000000000, 0.000000000000000000, 1.000000000000000000 ) ) ;
#2446 = VECTOR ( 'NONE', #3887, 1000.000000000000114 ) ;
#2447 = CARTESIAN_POINT ( 'NONE',  ( 11.96891108675472637, 2.200000000000000178, 87.00000000000012790 ) ) ;
#2448 = DIRECTION ( 'NONE',  ( 0.000000000000000000, -1.000000000000000000, 0.000000000000000000 ) ) ;
#2449 = DIRECTION ( 'NONE',  ( -0.000000000000000000, -1.000000000000000000, -0.000000000000000000 ) ) ;
#2450 = EDGE_LOOP ( 'NONE', ( #4228, #1205, #2020, #3646 ) ) ;
#2451 = EDGE_CURVE ( 'NONE', #1907, #2837, #2871, .T. ) ;
#2452 = CARTESIAN_POINT ( 'NONE',  ( 16.51554445662303294, 2.200000000000000178, 84.37500000000012790 ) ) ;
#2453 = CARTESIAN_POINT ( 'NONE',  ( 0.000000000000000000, 5.000000000000000000, 0.000000000000000000 ) ) ;
#2454 = ORIENTED_EDGE ( 'NONE', *, *, #1066, .T. ) ;
#2455 = AXIS2_PLACEMENT_3D ( 'NONE', #858, #4394, #789 ) ;
#2456 = DIRECTION ( 'NONE',  ( -0.6832312780114180306, 0.7071067811865449082, -0.1821950074697115673 ) ) ;
#2457 = ORIENTED_EDGE ( 'NONE', *, *, #3101, .T. ) ;
#2458 = EDGE_CURVE ( 'NONE', #806, #3156, #411, .T. ) ;
#2459 = CARTESIAN_POINT ( 'NONE',  ( 75.80297037413535577, 3.000000000000000000, 14.56203788081107398 ) ) ;
#2460 = CARTESIAN_POINT ( 'NONE',  ( 12.30222139978607743, 2.500000000000000000, 20.60598270084806316 ) ) ;
#2461 = ORIENTED_EDGE ( 'NONE', *, *, #3579, .F. ) ;
#2462 = VECTOR ( 'NONE', #1197, 1000.000000000000000 ) ;
#2463 = ORIENTED_EDGE ( 'NONE', *, *, #407, .F. ) ;
#2464 = ORIENTED_EDGE ( 'NONE', *, *, #4668, .T. ) ;
#2465 = DIRECTION ( 'NONE',  ( -0.7071067811865561215, 0.7071067811865389130, 0.000000000000000000 ) ) ;
#2466 = DIRECTION ( 'NONE',  ( -0.4999999999999995004, 0.000000000000000000, 0.8660254037844389297 ) ) ;
#2467 = ORIENTED_EDGE ( 'NONE', *, *, #2168, .F. ) ;
#2468 = DIRECTION ( 'NONE',  ( 1.000000000000000000, -0.000000000000000000, -0.000000000000000000 ) ) ;
#2469 = ORIENTED_EDGE ( 'NONE', *, *, #82, .T. ) ;
#2470 = FACE_OUTER_BOUND ( 'NONE', #3530, .T. ) ;
#2471 = AXIS2_PLACEMENT_3D ( 'NONE', #3462, #2070, #3507 ) ;
#2472 = CARTESIAN_POINT ( 'NONE',  ( -14.99999999999974598, 5.000000000000000888, 85.75000000000012790 ) ) ;
#2473 = VECTOR ( 'NONE', #1097, 1000.000000000000000 ) ;
#2474 = CARTESIAN_POINT ( 'NONE',  ( -9.299999999999968736, 2.500000000000000444, 20.60598270084804895 ) ) ;
#2475 = ORIENTED_EDGE ( 'NONE', *, *, #4038, .T. ) ;
#2476 = CARTESIAN_POINT ( 'NONE',  ( 81.00000000000000000, 2.000000000000001776, 14.57059309120910306 ) ) ;
#2477 = PLANE ( 'NONE',  #3510 ) ;
#2478 = ORIENTED_EDGE ( 'NONE', *, *, #3401, .T. ) ;
#2479 = DIRECTION ( 'NONE',  ( -0.8663767669259548887, 0.000000000000000000, -0.4993909267607188340 ) ) ;
#2480 = EDGE_CURVE ( 'NONE', #2902, #3916, #3888, .T. ) ;
#2481 = DIRECTION ( 'NONE',  ( 5.299285731321464636E-16, 0.000000000000000000, -1.000000000000000000 ) ) ;
#2482 = EDGE_LOOP ( 'NONE', ( #2430, #2419, #4344, #2583, #2196 ) ) ;
#2483 = FACE_OUTER_BOUND ( 'NONE', #265, .T. ) ;
#2484 = CARTESIAN_POINT ( 'NONE',  ( -9.299999999999968736, -6.000000000000000000, 19.35598270084804540 ) ) ;
#2485 = ORIENTED_EDGE ( 'NONE', *, *, #448, .F. ) ;
#2486 = ORIENTED_EDGE ( 'NONE', *, *, #3125, .F. ) ;
#2487 = VECTOR ( 'NONE', #1817, 1000.000000000000114 ) ;
#2488 = CARTESIAN_POINT ( 'NONE',  ( 9.300000000000030909, -6.000000000000000000, 31.92555455687869070 ) ) ;
#2489 = LINE ( 'NONE', #649, #3777 ) ;
#2490 = VERTEX_POINT ( 'NONE', #820 ) ;
#2491 = DIRECTION ( 'NONE',  ( 0.8670114164560026593, 0.000000000000000000, -0.4982882737281260077 ) ) ;
#2492 = ORIENTED_EDGE ( 'NONE', *, *, #2480, .F. ) ;
#2493 = FACE_OUTER_BOUND ( 'NONE', #4562, .T. ) ;
#2494 = AXIS2_PLACEMENT_3D ( 'NONE', #1105, #1721, #3970 ) ;
#2495 = ADVANCED_FACE ( 'NONE', ( #766 ), #1127, .F. ) ;
#2496 = DIRECTION ( 'NONE',  ( 0.9662349396012464009, 0.000000000000000000, -0.2576626505603322181 ) ) ;
#2497 = VERTEX_POINT ( 'NONE', #4063 ) ;
#2498 = LINE ( 'NONE', #3201, #904 ) ;
#2499 = EDGE_LOOP ( 'NONE', ( #2805, #2475, #1352, #693 ) ) ;
#2500 = CARTESIAN_POINT ( 'NONE',  ( -45.24999999999980815, 0.000000000000000000, 4.500000000000171418 ) ) ;
#2501 = EDGE_CURVE ( 'NONE', #1387, #1947, #2620, .T. ) ;
#2502 = DIRECTION ( 'NONE',  ( 0.8675199422708557151, 0.000000000000000000, -0.4974024022482914087 ) ) ;
#2503 = AXIS2_PLACEMENT_3D ( 'NONE', #3549, #4285, #1061 ) ;
#2504 = ORIENTED_EDGE ( 'NONE', *, *, #26, .F. ) ;
#2505 = ADVANCED_FACE ( 'NONE', ( #3995 ), #1475, .T. ) ;
#2506 = CARTESIAN_POINT ( 'NONE',  ( 81.00000000000001421, 5.000000000000000000, 14.57059309120910306 ) ) ;
#2507 = CONICAL_SURFACE ( 'NONE', #1166, 1.500000000000001332, 0.7853981633974479459 ) ;
#2508 = LINE ( 'NONE', #3944, #1335 ) ;
#2509 = ORIENTED_EDGE ( 'NONE', *, *, #3819, .T. ) ;
#2510 = FACE_BOUND ( 'NONE', #3043, .T. ) ;
#2511 = FACE_BOUND ( 'NONE', #1628, .T. ) ;
#2512 = VERTEX_POINT ( 'NONE', #458 ) ;
#2513 = ORIENTED_EDGE ( 'NONE', *, *, #81, .F. ) ;
#2514 = EDGE_CURVE ( 'NONE', #160, #236, #838, .T. ) ;
#2515 = VERTEX_POINT ( 'NONE', #4352 ) ;
#2516 = LINE ( 'NONE', #1140, #1287 ) ;
#2517 = CYLINDRICAL_SURFACE ( 'NONE', #2653, 1.250000000000001110 ) ;
#2518 = LINE ( 'NONE', #2911, #497 ) ;
#2519 = CIRCLE ( 'NONE', #191, 1.249999999999997558 ) ;
#2520 = VERTEX_POINT ( 'NONE', #740 ) ;
#2521 = DIRECTION ( 'NONE',  ( 0.001975404771559541132, 0.000000000000000000, -0.9999980488860907846 ) ) ;
#2522 = LINE ( 'NONE', #2421, #4514 ) ;
#2523 = CARTESIAN_POINT ( 'NONE',  ( -9.299999999999968736, -1.000000000000013101, 17.95598270084804682 ) ) ;
#2524 = VECTOR ( 'NONE', #809, 1000.000000000000114 ) ;
#2525 = ORIENTED_EDGE ( 'NONE', *, *, #1784, .T. ) ;
#2526 = DIRECTION ( 'NONE',  ( -0.7071067811865500152, 0.000000000000000000, 0.7071067811865450192 ) ) ;
#2527 = ORIENTED_EDGE ( 'NONE', *, *, #570, .F. ) ;
#2528 = EDGE_CURVE ( 'NONE', #1758, #318, #2599, .T. ) ;
#2529 = DIRECTION ( 'NONE',  ( 0.000000000000000000, 0.000000000000000000, 1.000000000000000000 ) ) ;
#2530 = VECTOR ( 'NONE', #2095, 1000.000000000000000 ) ;
#2531 = CARTESIAN_POINT ( 'NONE',  ( -78.99999999999998579, 2.000000000000001776, -30.00000000000000000 ) ) ;
#2532 = ORIENTED_EDGE ( 'NONE', *, *, #937, .T. ) ;
#2533 = CARTESIAN_POINT ( 'NONE',  ( -78.64472903534151271, 3.000000000000000000, -25.18939265846792352 ) ) ;
#2534 = DIRECTION ( 'NONE',  ( 2.673639354406769807E-16, 0.000000000000000000, 1.000000000000000000 ) ) ;
#2535 = VERTEX_POINT ( 'NONE', #2945 ) ;
#2536 = LINE ( 'NONE', #1830, #426 ) ;
#2537 = CARTESIAN_POINT ( 'NONE',  ( 9.300000000000030909, -1.000000000000028644, 28.92555455687870847 ) ) ;
#2538 = EDGE_LOOP ( 'NONE', ( #1618, #2855 ) ) ;
#2539 = VERTEX_POINT ( 'NONE', #2531 ) ;
#2540 = FACE_BOUND ( 'NONE', #3612, .T. ) ;
#2541 = DIRECTION ( 'NONE',  ( -0.000000000000000000, 1.000000000000000000, -0.000000000000000000 ) ) ;
#2542 = EDGE_CURVE ( 'NONE', #1825, #226, #1893, .T. ) ;
#2543 = FACE_OUTER_BOUND ( 'NONE', #1764, .T. ) ;
#2544 = ORIENTED_EDGE ( 'NONE', *, *, #2787, .F. ) ;
#2545 = FACE_OUTER_BOUND ( 'NONE', #95, .T. ) ;
#2546 = VECTOR ( 'NONE', #75, 1000.000000000000000 ) ;
#2547 = FACE_OUTER_BOUND ( 'NONE', #1497, .T. ) ;
#2548 = CARTESIAN_POINT ( 'NONE',  ( 61.00000000000000000, 5.000000000000000000, 96.90598270084817045 ) ) ;
#2549 = VERTEX_POINT ( 'NONE', #3640 ) ;
#2550 = CARTESIAN_POINT ( 'NONE',  ( -78.39999999999999147, 10.00000000000000000, 16.06828170427217728 ) ) ;
#2551 = ORIENTED_EDGE ( 'NONE', *, *, #3572, .F. ) ;
#2552 = DIRECTION ( 'NONE',  ( 0.000000000000000000, 1.000000000000000000, 0.000000000000000000 ) ) ;
#2553 = CARTESIAN_POINT ( 'NONE',  ( 46.99999999999997868, 5.000000000000000000, 96.99999999999997158 ) ) ;
#2554 = DIRECTION ( 'NONE',  ( 0.8660254037844389297, 0.000000000000000000, -0.4999999999999995559 ) ) ;
#2555 = FACE_OUTER_BOUND ( 'NONE', #1041, .T. ) ;
#2556 = DIRECTION ( 'NONE',  ( 1.000000000000000000, -0.000000000000000000, 5.299285731321464636E-16 ) ) ;
#2557 = ORIENTED_EDGE ( 'NONE', *, *, #2256, .F. ) ;
#2558 = LINE ( 'NONE', #3947, #500 ) ;
#2559 = CARTESIAN_POINT ( 'NONE',  ( 7.800000000000019362, -6.000000000000000000, 27.42555455687869781 ) ) ;
#2560 = ORIENTED_EDGE ( 'NONE', *, *, #2247, .F. ) ;
#2561 = ADVANCED_FACE ( 'NONE', ( #3705 ), #2173, .F. ) ;
#2562 = ORIENTED_EDGE ( 'NONE', *, *, #2501, .F. ) ;
#2563 = FACE_OUTER_BOUND ( 'NONE', #3120, .T. ) ;
#2564 = EDGE_CURVE ( 'NONE', #2365, #2303, #1849, .T. ) ;
#2565 = FACE_OUTER_BOUND ( 'NONE', #3543, .T. ) ;
#2566 = DIRECTION ( 'NONE',  ( 0.001975404771559555010, 0.000000000000000000, -0.9999980488860907846 ) ) ;
#2567 = ORIENTED_EDGE ( 'NONE', *, *, #3048, .T. ) ;
#2568 = DIRECTION ( 'NONE',  ( 0.000000000000000000, -1.000000000000000000, 0.000000000000000000 ) ) ;
#2569 = CYLINDRICAL_SURFACE ( 'NONE', #2948, 1.250000000000001110 ) ;
#2570 = VERTEX_POINT ( 'NONE', #49 ) ;
#2571 = CARTESIAN_POINT ( 'NONE',  ( -9.299999999999968736, 0.000000000000000000, 24.25598270084806174 ) ) ;
#2572 = PLANE ( 'NONE',  #2984 ) ;
#2573 = ORIENTED_EDGE ( 'NONE', *, *, #3391, .T. ) ;
#2574 = MECHANICAL_DESIGN_GEOMETRIC_PRESENTATION_REPRESENTATION (  '', ( #4391 ), #1295 ) ;
#2575 = CYLINDRICAL_SURFACE ( 'NONE', #4520, 2.649999999999999467 ) ;
#2576 = FACE_OUTER_BOUND ( 'NONE', #3796, .T. ) ;
#2577 = ORIENTED_EDGE ( 'NONE', *, *, #2197, .T. ) ;
#2578 = DIRECTION ( 'NONE',  ( 0.000000000000000000, 0.000000000000000000, 1.000000000000000000 ) ) ;
#2579 = VECTOR ( 'NONE', #3116, 1000.000000000000000 ) ;
#2580 = PLANE ( 'NONE',  #3336 ) ;
#2581 = ORIENTED_EDGE ( 'NONE', *, *, #363, .T. ) ;
#2582 = AXIS2_PLACEMENT_3D ( 'NONE', #4659, #3949, #1804 ) ;
#2583 = ORIENTED_EDGE ( 'NONE', *, *, #1880, .F. ) ;
#2584 = EDGE_CURVE ( 'NONE', #2512, #4640, #1917, .T. ) ;
#2585 = EDGE_CURVE ( 'NONE', #1036, #1503, #1499, .T. ) ;
#2586 = EDGE_LOOP ( 'NONE', ( #4247, #30, #4510, #1407 ) ) ;
#2587 = DIRECTION ( 'NONE',  ( 0.5773502691896245098, 0.5773502691896263972, -0.5773502691896263972 ) ) ;
#2588 = DIRECTION ( 'NONE',  ( 0.8660254037844385966, 0.000000000000000000, -0.4999999999999998890 ) ) ;
#2589 = ADVANCED_FACE ( 'NONE', ( #2989 ), #2572, .F. ) ;
#2590 = ORIENTED_EDGE ( 'NONE', *, *, #2135, .T. ) ;
#2591 = EDGE_CURVE ( 'NONE', #2490, #3547, #2224, .T. ) ;
#2592 = LINE ( 'NONE', #3700, #4448 ) ;
#2593 = LINE ( 'NONE', #761, #4455 ) ;
#2594 = EDGE_CURVE ( 'NONE', #4088, #3079, #3306, .T. ) ;
#2595 = VECTOR ( 'NONE', #1797, 1000.000000000000000 ) ;
#2596 = CARTESIAN_POINT ( 'NONE',  ( -6.297834196403959695, 2.500000000000000000, 20.62425347127641118 ) ) ;
#2597 = ORIENTED_EDGE ( 'NONE', *, *, #438, .F. ) ;
#2598 = DIRECTION ( 'NONE',  ( 0.000000000000000000, 0.000000000000000000, -1.000000000000000000 ) ) ;
#2599 = LINE ( 'NONE', #2249, #3674 ) ;
#2600 = AXIS2_PLACEMENT_3D ( 'NONE', #3341, #3717, #1666 ) ;
#2601 = EDGE_LOOP ( 'NONE', ( #3703, #1794 ) ) ;
#2602 = LINE ( 'NONE', #4045, #535 ) ;
#2603 = ADVANCED_FACE ( 'NONE', ( #1175 ), #1774, .F. ) ;
#2604 = EDGE_CURVE ( 'NONE', #415, #4027, #5, .T. ) ;
#2605 = DIRECTION ( 'NONE',  ( -0.8675199422708557151, 0.000000000000000000, 0.4974024022482914642 ) ) ;
#2606 = VERTEX_POINT ( 'NONE', #387 ) ;
#2607 = AXIS2_PLACEMENT_3D ( 'NONE', #1696, #4155, #3128 ) ;
#2608 = DIRECTION ( 'NONE',  ( -0.000000000000000000, -1.000000000000000000, -0.000000000000000000 ) ) ;
#2609 = DIRECTION ( 'NONE',  ( 0.000000000000000000, 0.000000000000000000, -1.000000000000000000 ) ) ;
#2610 = EDGE_LOOP ( 'NONE', ( #41, #1006, #1139, #377 ) ) ;
#2611 = AXIS2_PLACEMENT_3D ( 'NONE', #301, #355, #3178 ) ;
#2612 = ADVANCED_FACE ( 'NONE', ( #4355 ), #52, .F. ) ;
#2613 = CARTESIAN_POINT ( 'NONE',  ( 15.00000000000025402, 5.000000000000000888, 87.00000000000012790 ) ) ;
#2614 = LINE ( 'NONE', #4342, #562 ) ;
#2615 = CARTESIAN_POINT ( 'NONE',  ( -80.99999999999998579, 2.000000000000000000, -20.54375958487979048 ) ) ;
#2616 = CARTESIAN_POINT ( 'NONE',  ( 40.74999999999976552, 10.00000000000000000, 45.50000000000012079 ) ) ;
#2617 = LINE ( 'NONE', #4016, #1257 ) ;
#2618 = ORIENTED_EDGE ( 'NONE', *, *, #3856, .T. ) ;
#2619 = DIRECTION ( 'NONE',  ( -0.000000000000000000, 1.000000000000000000, -0.000000000000000000 ) ) ;
#2620 = LINE ( 'NONE', #2199, #1198 ) ;
#2621 = ADVANCED_FACE ( 'NONE', ( #744 ), #717, .F. ) ;
#2622 = DIRECTION ( 'NONE',  ( -0.000000000000000000, -1.000000000000000000, -0.000000000000000000 ) ) ;
#2623 = CARTESIAN_POINT ( 'NONE',  ( -80.99894384454913165, 1.998943844549124549, 17.57122023468964045 ) ) ;
#2624 = EDGE_CURVE ( 'NONE', #2663, #955, #2851, .T. ) ;
#2625 = CARTESIAN_POINT ( 'NONE',  ( -76.05823654365040909, 3.000000000000000000, -20.67828895865947558 ) ) ;
#2626 = ORIENTED_EDGE ( 'NONE', *, *, #4511, .T. ) ;
#2627 = DIRECTION ( 'NONE',  ( -1.000000000000000000, 0.000000000000000000, -0.000000000000000000 ) ) ;
#2628 = CARTESIAN_POINT ( 'NONE',  ( 40.74999999999976552, 0.000000000000000000, 45.50000000000012079 ) ) ;
#2629 = EDGE_LOOP ( 'NONE', ( #4573, #2557, #3335, #502, #3925 ) ) ;
#2630 = EDGE_CURVE ( 'NONE', #2359, #2291, #4301, .T. ) ;
#2631 = VECTOR ( 'NONE', #1449, 1000.000000000000000 ) ;
#2632 = ORIENTED_EDGE ( 'NONE', *, *, #1641, .T. ) ;
#2633 = CARTESIAN_POINT ( 'NONE',  ( 56.00000000000000000, 10.00000000000000000, 110.0000000000000142 ) ) ;
#2634 = LINE ( 'NONE', #3046, #2857 ) ;
#2635 = CARTESIAN_POINT ( 'NONE',  ( -56.00000000000002132, 5.000000000000000000, 110.0000000000000000 ) ) ;
#2636 = ORIENTED_EDGE ( 'NONE', *, *, #663, .F. ) ;
#2637 = CARTESIAN_POINT ( 'NONE',  ( -75.79894513005741885, 3.000000000000000000, 17.56756383145217981 ) ) ;
#2638 = AXIS2_PLACEMENT_3D ( 'NONE', #3218, #3499, #625 ) ;
#2639 = EDGE_LOOP ( 'NONE', ( #3202, #248, #2258, #3689 ) ) ;
#2640 = EDGE_CURVE ( 'NONE', #3753, #4027, #3058, .T. ) ;
#2641 = CARTESIAN_POINT ( 'NONE',  ( 6.297778600213984390, 5.000000000000000000, 20.60598270084805250 ) ) ;
#2642 = DIRECTION ( 'NONE',  ( -0.000000000000000000, -1.000000000000000000, -0.000000000000000000 ) ) ;
#2643 = AXIS2_PLACEMENT_3D ( 'NONE', #2533, #2175, #1078 ) ;
#2644 = DIRECTION ( 'NONE',  ( -0.000000000000000000, 1.000000000000000000, -0.000000000000000000 ) ) ;
#2645 = ORIENTED_EDGE ( 'NONE', *, *, #2751, .F. ) ;
#2646 = EDGE_CURVE ( 'NONE', #190, #3761, #2924, .T. ) ;
#2647 = DIRECTION ( 'NONE',  ( 1.000000000000000000, 0.000000000000000000, 0.000000000000000000 ) ) ;
#2648 = EDGE_CURVE ( 'NONE', #892, #2539, #1132, .T. ) ;
#2649 = CARTESIAN_POINT ( 'NONE',  ( 13.48445554337748398, 2.200000000000000178, 89.62500000000012790 ) ) ;
#2650 = CONICAL_SURFACE ( 'NONE', #1459, 3.000000000000002665, 0.7853981633974569387 ) ;
#2651 = ORIENTED_EDGE ( 'NONE', *, *, #2063, .F. ) ;
#2652 = CARTESIAN_POINT ( 'NONE',  ( 81.00000000000001421, 2.000000000000001776, 21.90598270084813493 ) ) ;
#2653 = AXIS2_PLACEMENT_3D ( 'NONE', #673, #1438, #293 ) ;
#2654 = ORIENTED_EDGE ( 'NONE', *, *, #2235, .T. ) ;
#2655 = VERTEX_POINT ( 'NONE', #1853 ) ;
#2656 = CIRCLE ( 'NONE', #2790, 3.000000000000002665 ) ;
#2657 = DIRECTION ( 'NONE',  ( -0.000000000000000000, 1.000000000000000000, -0.000000000000000000 ) ) ;
#2658 = EDGE_CURVE ( 'NONE', #4640, #1772, #1828, .T. ) ;
#2659 = CARTESIAN_POINT ( 'NONE',  ( 15.00000000000025402, 2.200000000000000622, 87.00000000000012790 ) ) ;
#2660 = DIRECTION ( 'NONE',  ( 0.000000000000000000, 1.000000000000000000, 0.000000000000000000 ) ) ;
#2661 = ORIENTED_EDGE ( 'NONE', *, *, #4366, .T. ) ;
#2662 = DIRECTION ( 'NONE',  ( 0.5031857961370486132, 0.000000000000000000, 0.8641782539302436117 ) ) ;
#2663 = VERTEX_POINT ( 'NONE', #3593 ) ;
#2664 = DIRECTION ( 'NONE',  ( -5.519856300059987744E-15, 0.7071067811865474617, -0.7071067811865474617 ) ) ;
#2665 = DIRECTION ( 'NONE',  ( 0.000000000000000000, 1.000000000000000000, 0.000000000000000000 ) ) ;
#2666 = CARTESIAN_POINT ( 'NONE',  ( -7.814740049539647515, 2.500000000000000000, 23.21506993834929844 ) ) ;
#2667 = ORIENTED_EDGE ( 'NONE', *, *, #271, .F. ) ;
#2668 = CARTESIAN_POINT ( 'NONE',  ( -78.39788897460657324, 3.000000000000000000, 19.07050236186967140 ) ) ;
#2669 = AXIS2_PLACEMENT_3D ( 'NONE', #4617, #4561, #1388 ) ;
#2670 = DIRECTION ( 'NONE',  ( -0.000000000000000000, -1.000000000000000000, -0.000000000000000000 ) ) ;
#2671 = EDGE_LOOP ( 'NONE', ( #2461, #2026, #4654, #670, #681 ) ) ;
#2672 = DIRECTION ( 'NONE',  ( -0.000000000000000000, 1.000000000000000000, -0.000000000000000000 ) ) ;
#2673 = VECTOR ( 'NONE', #3184, 1000.000000000000000 ) ;
#2674 = ORIENTED_EDGE ( 'NONE', *, *, #2311, .T. ) ;
#2675 = EDGE_CURVE ( 'NONE', #771, #4522, #332, .T. ) ;
#2676 = VECTOR ( 'NONE', #1516, 1000.000000000000114 ) ;
#2677 = FACE_OUTER_BOUND ( 'NONE', #4637, .T. ) ;
#2678 = EDGE_CURVE ( 'NONE', #1387, #3849, #4052, .T. ) ;
#2679 = LINE ( 'NONE', #3478, #4607 ) ;
#2680 = EDGE_LOOP ( 'NONE', ( #1168, #763 ) ) ;
#2681 = CARTESIAN_POINT ( 'NONE',  ( -61.00000000000001421, 2.000000000000001776, 96.90598270084805677 ) ) ;
#2682 = ORIENTED_EDGE ( 'NONE', *, *, #198, .F. ) ;
#2683 = DIRECTION ( 'NONE',  ( -0.5052611553710814052, 0.000000000000000000, 0.8629664911646801606 ) ) ;
#2684 = DIRECTION ( 'NONE',  ( -0.000000000000000000, 1.000000000000000000, -0.000000000000000000 ) ) ;
#2685 = CARTESIAN_POINT ( 'NONE',  ( -75.80105615545083708, 0.000000000000000000, 14.56534317385470878 ) ) ;
#2686 = ORIENTED_EDGE ( 'NONE', *, *, #3781, .T. ) ;
#2687 = DIRECTION ( 'NONE',  ( 1.000000000000000000, -0.000000000000000000, 0.000000000000000000 ) ) ;
#2688 = LINE ( 'NONE', #1592, #1749 ) ;
#2689 = VERTEX_POINT ( 'NONE', #3538 ) ;
#2690 = CARTESIAN_POINT ( 'NONE',  ( -78.99999999999998579, 0.000000000000000000, -2.112175089981351599E-14 ) ) ;
#2691 = VERTEX_POINT ( 'NONE', #3264 ) ;
#2692 = EDGE_LOOP ( 'NONE', ( #2433, #3025, #3534, #1854 ) ) ;
#2693 = DIRECTION ( 'NONE',  ( -0.000000000000000000, -1.000000000000000000, -0.000000000000000000 ) ) ;
#2694 = EDGE_CURVE ( 'NONE', #3761, #3835, #1154, .T. ) ;
#2695 = EDGE_CURVE ( 'NONE', #1658, #4276, #2508, .T. ) ;
#2696 = CARTESIAN_POINT ( 'NONE',  ( 56.00000000000000000, 10.00000000000000000, 110.0000000000000142 ) ) ;
#2697 = DIRECTION ( 'NONE',  ( 0.5017097751579635556, 0.000000000000000000, -0.8650360116844534319 ) ) ;
#2698 = ORIENTED_EDGE ( 'NONE', *, *, #1294, .F. ) ;
#2699 = ORIENTED_EDGE ( 'NONE', *, *, #2542, .F. ) ;
#2700 = CARTESIAN_POINT ( 'NONE',  ( -50.00000000000000000, 3.999999999999988898, 110.0000000000000000 ) ) ;
#2701 = ORIENTED_EDGE ( 'NONE', *, *, #1192, .F. ) ;
#2702 = LINE ( 'NONE', #4149, #1432 ) ;
#2703 = SURFACE_SIDE_STYLE ('',( #1278 ) ) ;
#2704 = AXIS2_PLACEMENT_3D ( 'NONE', #1169, #2938, #1912 ) ;
#2705 = DIRECTION ( 'NONE',  ( -0.5025931071720263210, 0.000000000000000000, 0.8645230873858535947 ) ) ;
#2706 = VERTEX_POINT ( 'NONE', #4275 ) ;
#2707 = EDGE_CURVE ( 'NONE', #3052, #3446, #360, .T. ) ;
#2708 = ADVANCED_FACE ( 'NONE', ( #2576 ), #4023, .F. ) ;
#2709 = FACE_OUTER_BOUND ( 'NONE', #4540, .T. ) ;
#2710 = FACE_OUTER_BOUND ( 'NONE', #4014, .T. ) ;
#2711 = ORIENTED_EDGE ( 'NONE', *, *, #1040, .T. ) ;
#2712 = AXIS2_PLACEMENT_3D ( 'NONE', #917, #877, #3363 ) ;
#2713 = DIRECTION ( 'NONE',  ( -0.8660254037844391517, 0.000000000000000000, 0.4999999999999992228 ) ) ;
#2714 = ORIENTED_EDGE ( 'NONE', *, *, #4174, .T. ) ;
#2715 = CIRCLE ( 'NONE', #1902, 4.000000000000031086 ) ;
#2716 = ORIENTED_EDGE ( 'NONE', *, *, #2630, .F. ) ;
#2717 = CIRCLE ( 'NONE', #4227, 2.250000000000001776 ) ;
#2718 = CARTESIAN_POINT ( 'NONE',  ( -50.00000000000000000, 3.999999999999988898, 110.0000000000000000 ) ) ;
#2719 = LINE ( 'NONE', #4165, #479 ) ;
#2720 = EDGE_CURVE ( 'NONE', #1947, #3860, #965, .T. ) ;
#2721 = ORIENTED_EDGE ( 'NONE', *, *, #1967, .T. ) ;
#2722 = CIRCLE ( 'NONE', #784, 2.250000000000008882 ) ;
#2723 = ADVANCED_FACE ( 'NONE', ( #1876 ), #3729, .F. ) ;
#2724 = VERTEX_POINT ( 'NONE', #3667 ) ;
#2725 = CARTESIAN_POINT ( 'NONE',  ( -78.65372625720931410, 3.000000000000000888, -22.18718474039629385 ) ) ;
#2726 = CARTESIAN_POINT ( 'NONE',  ( -80.99999999999998579, 5.000000000000000000, -27.99999999999999645 ) ) ;
#2727 = EDGE_CURVE ( 'NONE', #4261, #3864, #1258, .T. ) ;
#2728 = FACE_OUTER_BOUND ( 'NONE', #2586, .T. ) ;
#2729 = DIRECTION ( 'NONE',  ( 0.000000000000000000, 0.000000000000000000, -1.000000000000000000 ) ) ;
#2730 = ORIENTED_EDGE ( 'NONE', *, *, #1268, .F. ) ;
#2731 = DIRECTION ( 'NONE',  ( 1.000000000000000000, 0.000000000000000000, 0.000000000000000000 ) ) ;
#2732 = CARTESIAN_POINT ( 'NONE',  ( -78.99999999999998579, 5.000000000000000000, -30.00000000000000000 ) ) ;
#2733 = ORIENTED_EDGE ( 'NONE', *, *, #1909, .F. ) ;
#2734 = CARTESIAN_POINT ( 'NONE',  ( 9.300000000000030909, -6.000000000000000000, 19.35598270084804540 ) ) ;
#2735 = EDGE_CURVE ( 'NONE', #3177, #3750, #142, .T. ) ;
#2736 = AXIS2_PLACEMENT_3D ( 'NONE', #3231, #2552, #2529 ) ;
#2737 = ORIENTED_EDGE ( 'NONE', *, *, #3953, .T. ) ;
#2738 = DIRECTION ( 'NONE',  ( 0.9999814816488730163, 0.000000000000000000, 0.006085750514492286461 ) ) ;
#2739 = VERTEX_POINT ( 'NONE', #825 ) ;
#2740 = AXIS2_PLACEMENT_3D ( 'NONE', #2154, #3920, #1110 ) ;
#2741 = CARTESIAN_POINT ( 'NONE',  ( -50.00000000000000000, 3.999999999999988898, 110.0000000000000000 ) ) ;
#2742 = DIRECTION ( 'NONE',  ( -0.000000000000000000, -1.000000000000000000, -0.000000000000000000 ) ) ;
#2743 = PLANE ( 'NONE',  #4549 ) ;
#2744 = ORIENTED_EDGE ( 'NONE', *, *, #2594, .F. ) ;
#2745 = CARTESIAN_POINT ( 'NONE',  ( -75.99999999999998579, 10.00000000000000000, 21.25076433052313618 ) ) ;
#2746 = CARTESIAN_POINT ( 'NONE',  ( -80.99894384454913165, 3.000000000000000000, 17.57122023468964045 ) ) ;
#2747 = PRESENTATION_STYLE_ASSIGNMENT (( #1343 ) ) ;
#2748 = FACE_BOUND ( 'NONE', #1370, .T. ) ;
#2749 = EDGE_LOOP ( 'NONE', ( #1159, #4356, #983, #912, #3375 ) ) ;
#2750 = LINE ( 'NONE', #1634, #4182 ) ;
#2751 = EDGE_CURVE ( 'NONE', #3117, #1755, #1941, .T. ) ;
#2752 = VERTEX_POINT ( 'NONE', #3688 ) ;
#2753 = ADVANCED_FACE ( 'NONE', ( #166 ), #447, .T. ) ;
#2754 = CARTESIAN_POINT ( 'NONE',  ( 61.00000000000000000, 10.00000000000000000, 110.0000000000000000 ) ) ;
#2755 = ORIENTED_EDGE ( 'NONE', *, *, #2311, .F. ) ;
#2756 = DIRECTION ( 'NONE',  ( -0.000000000000000000, -1.000000000000000000, -0.000000000000000000 ) ) ;
#2757 = VECTOR ( 'NONE', #2992, 1000.000000000000000 ) ;
#2758 = EDGE_LOOP ( 'NONE', ( #556, #37, #3734, #2780 ) ) ;
#2759 = CARTESIAN_POINT ( 'NONE',  ( 10.80111069989306216, 5.000000000000000000, 23.20598270084804682 ) ) ;
#2760 = CARTESIAN_POINT ( 'NONE',  ( -78.66272347907712970, 3.000000000000000000, -19.18497682232466417 ) ) ;
#2761 = CARTESIAN_POINT ( 'NONE',  ( 7.798889300107008538, 5.000000000000000000, 23.20598270084804682 ) ) ;
#2762 = ORIENTED_EDGE ( 'NONE', *, *, #3074, .T. ) ;
#2763 = CARTESIAN_POINT ( 'NONE',  ( -50.00000000000000000, 2.500000000000000000, 110.0000000000000000 ) ) ;
#2764 = FACE_OUTER_BOUND ( 'NONE', #4215, .T. ) ;
#2765 = LINE ( 'NONE', #3485, #4223 ) ;
#2766 = DIRECTION ( 'NONE',  ( -0.000000000000000000, -1.000000000000000000, -0.000000000000000000 ) ) ;
#2767 = VERTEX_POINT ( 'NONE', #1608 ) ;
#2768 = DIRECTION ( 'NONE',  ( -5.299285731321464636E-16, 0.000000000000000000, 1.000000000000000000 ) ) ;
#2769 = DIRECTION ( 'NONE',  ( 0.000000000000000000, -1.000000000000000000, 0.000000000000000000 ) ) ;
#2770 = ORIENTED_EDGE ( 'NONE', *, *, #765, .T. ) ;
#2771 = CARTESIAN_POINT ( 'NONE',  ( 7.800000000000030909, -6.000000000000000000, 31.92555455687869781 ) ) ;
#2772 = VECTOR ( 'NONE', #3278, 1000.000000000000000 ) ;
#2773 = EDGE_CURVE ( 'NONE', #1363, #1259, #4125, .T. ) ;
#2774 = VERTEX_POINT ( 'NONE', #2950 ) ;
#2775 = EDGE_CURVE ( 'NONE', #2245, #1772, #4109, .T. ) ;
#2776 = LINE ( 'NONE', #1405, #2443 ) ;
#2777 = CARTESIAN_POINT ( 'NONE',  ( -78.39999999999999147, 3.000000000000000888, 16.06828170427217728 ) ) ;
#2778 = VECTOR ( 'NONE', #4077, 1000.000000000000000 ) ;
#2779 = ORIENTED_EDGE ( 'NONE', *, *, #2930, .T. ) ;
#2780 = ORIENTED_EDGE ( 'NONE', *, *, #557, .F. ) ;
#2781 = AXIS2_PLACEMENT_3D ( 'NONE', #2771, #2386, #910 ) ;
#2782 = ORIENTED_EDGE ( 'NONE', *, *, #313, .T. ) ;
#2783 = VECTOR ( 'NONE', #3460, 1000.000000000000000 ) ;
#2784 = DIRECTION ( 'NONE',  ( -0.000000000000000000, -1.000000000000000000, -0.000000000000000000 ) ) ;
#2785 = CARTESIAN_POINT ( 'NONE',  ( -46.99999999999997868, 5.000000000000000000, 96.99999999999995737 ) ) ;
#2786 = ADVANCED_FACE ( 'NONE', ( #4425 ), #3709, .F. ) ;
#2787 = EDGE_CURVE ( 'NONE', #489, #3071, #3309, .T. ) ;
#2788 = ORIENTED_EDGE ( 'NONE', *, *, #3910, .F. ) ;
#2789 = LINE ( 'NONE', #674, #4246 ) ;
#2790 = AXIS2_PLACEMENT_3D ( 'NONE', #3869, #1460, #1353 ) ;
#2791 = EDGE_LOOP ( 'NONE', ( #4576, #4557, #1220, #3269 ) ) ;
#2792 = LINE ( 'NONE', #1629, #3863 ) ;
#2793 = DIRECTION ( 'NONE',  ( -0.000000000000000000, 1.000000000000000000, -0.000000000000000000 ) ) ;
#2794 = AXIS2_PLACEMENT_3D ( 'NONE', #3465, #3060, #238 ) ;
#2795 = DIRECTION ( 'NONE',  ( 0.000000000000000000, 0.000000000000000000, -1.000000000000000000 ) ) ;
#2796 = CARTESIAN_POINT ( 'NONE',  ( -78.65372625720931410, 10.00000000000000000, -22.18718474039629385 ) ) ;
#2797 = ORIENTED_EDGE ( 'NONE', *, *, #54, .F. ) ;
#2798 = CARTESIAN_POINT ( 'NONE',  ( 6.297778600213984390, 2.500000000000000000, 20.60598270084805250 ) ) ;
#2799 = CARTESIAN_POINT ( 'NONE',  ( 78.65372625720931410, 10.00000000000000000, -20.93718474039629740 ) ) ;
#2800 = ORIENTED_EDGE ( 'NONE', *, *, #4366, .F. ) ;
#2801 = CARTESIAN_POINT ( 'NONE',  ( -11.96893163944603700, 2.200000000000000178, 86.98883784741830993 ) ) ;
#2802 = ORIENTED_EDGE ( 'NONE', *, *, #4602, .F. ) ;
#2803 = DIRECTION ( 'NONE',  ( 0.000000000000000000, -0.000000000000000000, -1.000000000000000000 ) ) ;
#2804 = ORIENTED_EDGE ( 'NONE', *, *, #3360, .F. ) ;
#2805 = ORIENTED_EDGE ( 'NONE', *, *, #2775, .T. ) ;
#2806 = VECTOR ( 'NONE', #2116, 1000.000000000000000 ) ;
#2807 = EDGE_CURVE ( 'NONE', #4679, #4146, #1568, .T. ) ;
#2808 = VECTOR ( 'NONE', #1466, 1000.000000000000000 ) ;
#2809 = ORIENTED_EDGE ( 'NONE', *, *, #716, .T. ) ;
#2810 = FACE_OUTER_BOUND ( 'NONE', #367, .T. ) ;
#2811 = DIRECTION ( 'NONE',  ( 0.8660254037844375974, 0.000000000000000000, -0.5000000000000019984 ) ) ;
#2812 = CARTESIAN_POINT ( 'NONE',  ( -13.49413252741967639, 2.200000000000000178, 84.36943672286245999 ) ) ;
#2813 = CIRCLE ( 'NONE', #1859, 2.250000000000001776 ) ;
#2814 = ORIENTED_EDGE ( 'NONE', *, *, #1717, .T. ) ;
#2815 = FACE_OUTER_BOUND ( 'NONE', #337, .T. ) ;
#2816 = EDGE_CURVE ( 'NONE', #2512, #2245, #866, .T. ) ;
#2817 = AXIS2_PLACEMENT_3D ( 'NONE', #1319, #274, #3097 ) ;
#2818 = DIRECTION ( 'NONE',  ( -0.000000000000000000, -1.000000000000000000, -0.000000000000000000 ) ) ;
#2819 = CARTESIAN_POINT ( 'NONE',  ( 80.00000000000002842, 1.000000000000021760, -29.00000000000001421 ) ) ;
#2820 = ORIENTED_EDGE ( 'NONE', *, *, #1574, .T. ) ;
#2821 = LINE ( 'NONE', #1099, #2595 ) ;
#2822 = EDGE_CURVE ( 'NONE', #2054, #1907, #1524, .T. ) ;
#2823 = FACE_BOUND ( 'NONE', #1775, .T. ) ;
#2824 = ORIENTED_EDGE ( 'NONE', *, *, #937, .F. ) ;
#2825 = AXIS2_PLACEMENT_3D ( 'NONE', #3085, #578, #1031 ) ;
#2826 = CARTESIAN_POINT ( 'NONE',  ( -7.799999999999968736, -1.000000000000028644, 28.92555455687869781 ) ) ;
#2827 = CARTESIAN_POINT ( 'NONE',  ( -9.299999999999968736, 0.000000000000000000, 20.60598270084804895 ) ) ;
#2828 = EDGE_LOOP ( 'NONE', ( #1705, #3594 ) ) ;
#2829 = CARTESIAN_POINT ( 'NONE',  ( -6.297834196403959695, 2.500000000000000000, 20.62425347127641118 ) ) ;
#2830 = ORIENTED_EDGE ( 'NONE', *, *, #3414, .T. ) ;
#2831 = EDGE_LOOP ( 'NONE', ( #2080, #3262, #2577, #2134, #2770, #748, #2970 ) ) ;
#2832 = VECTOR ( 'NONE', #3918, 1000.000000000000227 ) ;
#2833 = EDGE_LOOP ( 'NONE', ( #3894, #4429, #2313, #2294, #1242 ) ) ;
#2834 = CARTESIAN_POINT ( 'NONE',  ( 9.300000000000030909, -6.000000000000000000, 31.92555455687869070 ) ) ;
#2835 = CARTESIAN_POINT ( 'NONE',  ( 81.00000000000001421, 5.000000000000000000, 21.90598270084813493 ) ) ;
#2836 = AXIS2_PLACEMENT_3D ( 'NONE', #1650, #2046, #1369 ) ;
#2837 = VERTEX_POINT ( 'NONE', #2293 ) ;
#2838 = LINE ( 'NONE', #2812, #1619 ) ;
#2839 = ADVANCED_FACE ( 'NONE', ( #101 ), #485, .F. ) ;
#2840 = EDGE_LOOP ( 'NONE', ( #2846, #334, #966, #2457 ) ) ;
#2841 = DIRECTION ( 'NONE',  ( 0.9999980488860908956, -0.000000000000000000, 0.001975404771559541566 ) ) ;
#2842 = EDGE_CURVE ( 'NONE', #3852, #1590, #3353, .T. ) ;
#2843 = CARTESIAN_POINT ( 'NONE',  ( -81.00000000000000000, 5.000000000000000000, 21.90598270084804966 ) ) ;
#2844 = CIRCLE ( 'NONE', #1576, 1.249999999999997558 ) ;
#2845 = CYLINDRICAL_SURFACE ( 'NONE', #2996, 1.249999999999997558 ) ;
#2846 = ORIENTED_EDGE ( 'NONE', *, *, #4535, .T. ) ;
#2847 = DIRECTION ( 'NONE',  ( 0.4999999999999998890, 0.000000000000000000, 0.8660254037844385966 ) ) ;
#2848 = CARTESIAN_POINT ( 'NONE',  ( -78.99999999999997158, 0.000000000000000000, -24.98569401978578597 ) ) ;
#2849 = ORIENTED_EDGE ( 'NONE', *, *, #956, .F. ) ;
#2850 = CARTESIAN_POINT ( 'NONE',  ( -45.24999999999980815, 10.00000000000000000, 4.500000000000171418 ) ) ;
#2851 = LINE ( 'NONE', #1079, #2164 ) ;
#2852 = ORIENTED_EDGE ( 'NONE', *, *, #3546, .T. ) ;
#2853 = CARTESIAN_POINT ( 'NONE',  ( 9.300000000000030909, 0.000000000000000000, 16.95598270084803261 ) ) ;
#2854 = DIRECTION ( 'NONE',  ( -0.0007031544687453806152, 0.000000000000000000, -0.9999997527868660363 ) ) ;
#2855 = ORIENTED_EDGE ( 'NONE', *, *, #3948, .T. ) ;
#2856 = EDGE_LOOP ( 'NONE', ( #3017, #2273, #1408, #703, #4306 ) ) ;
#2857 = VECTOR ( 'NONE', #3023, 1000.000000000000114 ) ;
#2858 = ORIENTED_EDGE ( 'NONE', *, *, #4118, .T. ) ;
#2859 = CARTESIAN_POINT ( 'NONE',  ( 78.65372625720931410, 3.000000000000000000, -19.18496334061024200 ) ) ;
#2860 = VECTOR ( 'NONE', #4641, 1000.000000000000000 ) ;
#2861 = CARTESIAN_POINT ( 'NONE',  ( -7.799999999999958078, -6.000000000000000000, 27.42555455687869781 ) ) ;
#2862 = CARTESIAN_POINT ( 'NONE',  ( 61.00000000000000000, 2.000000000000001776, 110.0000000000000000 ) ) ;
#2863 = VERTEX_POINT ( 'NONE', #1215 ) ;
#2864 = DIRECTION ( 'NONE',  ( 0.000000000000000000, 1.000000000000000000, 0.000000000000000000 ) ) ;
#2865 = DIRECTION ( 'NONE',  ( -0.000000000000000000, 1.000000000000000000, -0.000000000000000000 ) ) ;
#2866 = CARTESIAN_POINT ( 'NONE',  ( -9.299999999999968736, -6.000000000000000000, 23.25598270084804753 ) ) ;
#2867 = AXIS2_PLACEMENT_3D ( 'NONE', #903, #1693, #2315 ) ;
#2868 = PLANE ( 'NONE',  #1059 ) ;
#2869 = EDGE_LOOP ( 'NONE', ( #4507, #3420, #1435, #951, #423, #3415, #3828, #2210, #802, #2309, #2486, #2112 ) ) ;
#2870 = DIRECTION ( 'NONE',  ( -0.6548054057393110083, 0.6548054057393085658, -0.3774384204465091597 ) ) ;
#2871 = LINE ( 'NONE', #4326, #3209 ) ;
#2872 = VECTOR ( 'NONE', #3245, 1000.000000000000000 ) ;
#2873 = EDGE_CURVE ( 'NONE', #1500, #741, #4046, .T. ) ;
#2874 = ORIENTED_EDGE ( 'NONE', *, *, #3741, .T. ) ;
#2875 = DIRECTION ( 'NONE',  ( 0.8678608092433018895, -0.000000000000000000, 0.4968074232331491369 ) ) ;
#2876 = VECTOR ( 'NONE', #3334, 1000.000000000000000 ) ;
#2877 = CARTESIAN_POINT ( 'NONE',  ( -7.799999999999968736, -1.000000000000028644, 33.42555455687870136 ) ) ;
#2878 = ORIENTED_EDGE ( 'NONE', *, *, #1356, .T. ) ;
#2879 = DIRECTION ( 'NONE',  ( -1.000000000000000000, 0.000000000000000000, 0.000000000000000000 ) ) ;
#2880 = CARTESIAN_POINT ( 'NONE',  ( 78.39999999999999147, 3.000000000000000888, 14.81828170427217728 ) ) ;
#2881 = ORIENTED_EDGE ( 'NONE', *, *, #1478, .F. ) ;
#2882 = EDGE_CURVE ( 'NONE', #4024, #1733, #3031, .T. ) ;
#2883 = VERTEX_POINT ( 'NONE', #4153 ) ;
#2884 = ORIENTED_EDGE ( 'NONE', *, *, #831, .T. ) ;
#2885 = LINE ( 'NONE', #4339, #774 ) ;
#2886 = CARTESIAN_POINT ( 'NONE',  ( 47.00000000000000000, 2.500000000000000000, 101.0000000000000000 ) ) ;
#2887 = DIRECTION ( 'NONE',  ( -0.000000000000000000, 1.000000000000000000, -0.000000000000000000 ) ) ;
#2888 = VECTOR ( 'NONE', #759, 1000.000000000000000 ) ;
#2889 = ORIENTED_EDGE ( 'NONE', *, *, #2787, .T. ) ;
#2890 = CARTESIAN_POINT ( 'NONE',  ( 79.00000000000001421, 0.000000000000000000, -2.112175089981348759E-14 ) ) ;
#2891 = CARTESIAN_POINT ( 'NONE',  ( 81.00000000000000000, 5.000000000000000000, -20.53958511760300354 ) ) ;
#2892 = DIRECTION ( 'NONE',  ( 1.000000000000000000, -0.000000000000000000, 2.775557561562892929E-15 ) ) ;
#2893 = DIRECTION ( 'NONE',  ( 0.8645230873858525955, 0.000000000000000000, 0.5025931071720280974 ) ) ;
#2894 = EDGE_LOOP ( 'NONE', ( #603, #3951, #2907, #4060 ) ) ;
#2895 = CARTESIAN_POINT ( 'NONE',  ( 81.00000000000000000, 2.000000000000001776, -20.53958511760301064 ) ) ;
#2896 = AXIS2_PLACEMENT_3D ( 'NONE', #4594, #571, #4524 ) ;
#2897 = DIRECTION ( 'NONE',  ( 0.000000000000000000, 0.000000000000000000, 1.000000000000000000 ) ) ;
#2898 = EDGE_CURVE ( 'NONE', #228, #3805, #3486, .T. ) ;
#2899 = ORIENTED_EDGE ( 'NONE', *, *, #1621, .F. ) ;
#2900 = CARTESIAN_POINT ( 'NONE',  ( 10.80111069989306216, 2.500000000000000000, 23.20598270084804682 ) ) ;
#2901 = DIRECTION ( 'NONE',  ( -0.5031857961370476140, 0.000000000000000000, -0.8641782539302440558 ) ) ;
#2902 = VERTEX_POINT ( 'NONE', #4214 ) ;
#2903 = EDGE_CURVE ( 'NONE', #1806, #574, #3102, .T. ) ;
#2904 = CARTESIAN_POINT ( 'NONE',  ( -7.799999999999968736, 0.000000000000000000, 31.92555455687869781 ) ) ;
#2905 = EDGE_CURVE ( 'NONE', #859, #619, #4194, .T. ) ;
#2906 = DIRECTION ( 'NONE',  ( -1.000000000000000000, 0.000000000000000000, 0.000000000000000000 ) ) ;
#2907 = ORIENTED_EDGE ( 'NONE', *, *, #4134, .F. ) ;
#2908 = ORIENTED_EDGE ( 'NONE', *, *, #1561, .F. ) ;
#2909 = CARTESIAN_POINT ( 'NONE',  ( -75.99999999999998579, 5.000000000000000000, 21.25076433052313618 ) ) ;
#2910 = CARTESIAN_POINT ( 'NONE',  ( 76.05372625720931978, 3.000000000000000000, -20.68607404050326437 ) ) ;
#2911 = CARTESIAN_POINT ( 'NONE',  ( -40.74999999999978684, 5.000000000000000000, -6.896583575224833924E-15 ) ) ;
#2912 = ORIENTED_EDGE ( 'NONE', *, *, #2807, .F. ) ;
#2913 = PLANE ( 'NONE',  #1688 ) ;
#2914 = VECTOR ( 'NONE', #3442, 1000.000000000000114 ) ;
#2915 = DIRECTION ( 'NONE',  ( 0.8660254037844380415, 0.000000000000000000, -0.5000000000000012212 ) ) ;
#2916 = CARTESIAN_POINT ( 'NONE',  ( 56.00000000000000000, 10.00000000000000000, 96.25076433052315394 ) ) ;
#2917 = ORIENTED_EDGE ( 'NONE', *, *, #2260, .T. ) ;
#2918 = CIRCLE ( 'NONE', #2471, 1.250000000000001110 ) ;
#2919 = LINE ( 'NONE', #4374, #4474 ) ;
#2920 = DIRECTION ( 'NONE',  ( -0.000000000000000000, 1.000000000000000000, -0.000000000000000000 ) ) ;
#2921 = ORIENTED_EDGE ( 'NONE', *, *, #895, .F. ) ;
#2922 = DIRECTION ( 'NONE',  ( 0.000000000000000000, 0.000000000000000000, 1.000000000000000000 ) ) ;
#2923 = ADVANCED_FACE ( 'NONE', ( #1983 ), #206, .T. ) ;
#2924 = LINE ( 'NONE', #3618, #2832 ) ;
#2925 = ORIENTED_EDGE ( 'NONE', *, *, #2300, .T. ) ;
#2926 = DIRECTION ( 'NONE',  ( -0.000000000000000000, 1.000000000000000000, -0.000000000000000000 ) ) ;
#2927 = AXIS2_PLACEMENT_3D ( 'NONE', #2796, #323, #1071 ) ;
#2928 = CARTESIAN_POINT ( 'NONE',  ( 76.05372625720931978, 3.000000000000000000, -20.68607404050326437 ) ) ;
#2929 = ORIENTED_EDGE ( 'NONE', *, *, #3101, .F. ) ;
#2930 = EDGE_CURVE ( 'NONE', #47, #806, #3126, .T. ) ;
#2931 = ADVANCED_FACE ( 'NONE', ( #568 ), #208, .F. ) ;
#2932 = ADVANCED_FACE ( 'NONE', ( #1344 ), #3834, .F. ) ;
#2933 = CARTESIAN_POINT ( 'NONE',  ( -81.00000000000000000, 2.000000000000001776, 16.06919580517704560 ) ) ;
#2934 = CIRCLE ( 'NONE', #3001, 1.249999999999997558 ) ;
#2935 = CARTESIAN_POINT ( 'NONE',  ( -56.00000000000002132, 10.00000000000000000, 96.25076433052301184 ) ) ;
#2936 = ORIENTED_EDGE ( 'NONE', *, *, #753, .T. ) ;
#2937 = VECTOR ( 'NONE', #3783, 1000.000000000000114 ) ;
#2938 = DIRECTION ( 'NONE',  ( -0.000000000000000000, 1.000000000000000000, -0.000000000000000000 ) ) ;
#2939 = ADVANCED_FACE ( 'NONE', ( #905 ), #610, .F. ) ;
#2940 = CARTESIAN_POINT ( 'NONE',  ( -11.96893163944603700, 2.200000000000000178, 86.98883784741830993 ) ) ;
#2941 = AXIS2_PLACEMENT_3D ( 'NONE', #2949, #413, #4401 ) ;
#2942 = CARTESIAN_POINT ( 'NONE',  ( -78.40211102539342392, 0.000000000000000000, 13.06606104667467250 ) ) ;
#2943 = VERTEX_POINT ( 'NONE', #4521 ) ;
#2944 = FACE_OUTER_BOUND ( 'NONE', #2416, .T. ) ;
#2945 = CARTESIAN_POINT ( 'NONE',  ( -7.799999999999950973, 0.000000000000000000, 26.42555455687866939 ) ) ;
#2946 = ORIENTED_EDGE ( 'NONE', *, *, #1270, .F. ) ;
#2947 = ADVANCED_FACE ( 'NONE', ( #3419, #2748, #2025 ), #4175, .T. ) ;
#2948 = AXIS2_PLACEMENT_3D ( 'NONE', #3681, #4371, #3720 ) ;
#2949 = CARTESIAN_POINT ( 'NONE',  ( 78.65372625720931410, 3.000000000000000000, -25.18940614018234925 ) ) ;
#2950 = CARTESIAN_POINT ( 'NONE',  ( -78.39999999999999147, 10.00000000000000000, 17.31828170427217373 ) ) ;
#2951 = VERTEX_POINT ( 'NONE', #633 ) ;
#2952 = CARTESIAN_POINT ( 'NONE',  ( 55.00000000000000000, 5.000000000000000000, 110.0000000000000000 ) ) ;
#2953 = CIRCLE ( 'NONE', #2045, 3.650000000000014566 ) ;
#2954 = FACE_OUTER_BOUND ( 'NONE', #123, .T. ) ;
#2955 = VERTEX_POINT ( 'NONE', #1301 ) ;
#2956 = VECTOR ( 'NONE', #1204, 1000.000000000000000 ) ;
#2957 = ORIENTED_EDGE ( 'NONE', *, *, #542, .F. ) ;
#2958 = CARTESIAN_POINT ( 'NONE',  ( -9.299999999999968736, 0.000000000000000000, 16.95598270084803261 ) ) ;
#2959 = DIRECTION ( 'NONE',  ( -0.000000000000000000, 1.000000000000000000, -0.000000000000000000 ) ) ;
#2960 = EDGE_CURVE ( 'NONE', #4021, #1829, #2918, .T. ) ;
#2961 = CARTESIAN_POINT ( 'NONE',  ( -76.04923932178259349, 0.000000000000000000, -23.68049687673109105 ) ) ;
#2962 = DIRECTION ( 'NONE',  ( 1.000000000000000000, 0.000000000000000000, -0.000000000000000000 ) ) ;
#2963 = AXIS2_PLACEMENT_3D ( 'NONE', #1744, #3914, #1399 ) ;
#2964 = CIRCLE ( 'NONE', #1103, 1.500000000000001332 ) ;
#2965 = ORIENTED_EDGE ( 'NONE', *, *, #4038, .F. ) ;
#2966 = ADVANCED_FACE ( 'NONE', ( #1714 ), #1948, .T. ) ;
#2967 = DIRECTION ( 'NONE',  ( -0.000000000000000000, -1.000000000000000000, -0.000000000000000000 ) ) ;
#2968 = DIRECTION ( 'NONE',  ( 0.8650360116844535430, 0.000000000000000000, 0.5017097751579632225 ) ) ;
#2969 = VECTOR ( 'NONE', #2417, 1000.000000000000000 ) ;
#2970 = ORIENTED_EDGE ( 'NONE', *, *, #1270, .T. ) ;
#2971 = CARTESIAN_POINT ( 'NONE',  ( 79.00000000000000000, 0.000000000000000000, -19.38488457922374408 ) ) ;
#2972 = DIRECTION ( 'NONE',  ( 0.000000000000000000, 0.000000000000000000, 1.000000000000000000 ) ) ;
#2973 = ORIENTED_EDGE ( 'NONE', *, *, #420, .T. ) ;
#2974 = AXIS2_PLACEMENT_3D ( 'NONE', #1431, #3567, #691 ) ;
#2975 = LINE ( 'NONE', #1943, #4343 ) ;
#2976 = CARTESIAN_POINT ( 'NONE',  ( 80.99702962586462718, 3.000000000000000000, 17.57452552773328236 ) ) ;
#2977 = VERTEX_POINT ( 'NONE', #1632 ) ;
#2978 = ORIENTED_EDGE ( 'NONE', *, *, #3564, .F. ) ;
#2979 = DIRECTION ( 'NONE',  ( 0.000000000000000000, 0.000000000000000000, 1.000000000000000000 ) ) ;
#2980 = EDGE_CURVE ( 'NONE', #3430, #4261, #2379, .T. ) ;
#2981 = LINE ( 'NONE', #2191, #1357 ) ;
#2982 = DIRECTION ( 'NONE',  ( -0.4968074232331490814, 0.000000000000000000, 0.8678608092433017784 ) ) ;
#2983 = ADVANCED_FACE ( 'NONE', ( #3768 ), #4591, .T. ) ;
#2984 = AXIS2_PLACEMENT_3D ( 'NONE', #1150, #1543, #4020 ) ;
#2985 = ADVANCED_FACE ( 'NONE', ( #4503 ), #1279, .F. ) ;
#2986 = CARTESIAN_POINT ( 'NONE',  ( -9.299999999999968736, -6.000000000000000000, 20.60598270084804895 ) ) ;
#2987 = VERTEX_POINT ( 'NONE', #2145 ) ;
#2988 = LINE ( 'NONE', #434, #4173 ) ;
#2989 = FACE_OUTER_BOUND ( 'NONE', #3544, .T. ) ;
#2990 = VERTEX_POINT ( 'NONE', #708 ) ;
#2991 = LINE ( 'NONE', #4086, #3010 ) ;
#2992 = DIRECTION ( 'NONE',  ( 0.000000000000000000, 0.000000000000000000, -1.000000000000000000 ) ) ;
#2993 = ORIENTED_EDGE ( 'NONE', *, *, #3118, .T. ) ;
#2994 = FACE_OUTER_BOUND ( 'NONE', #790, .T. ) ;
#2995 = CARTESIAN_POINT ( 'NONE',  ( 76.05372625720931978, 3.000000000000000000, -20.68607404050326437 ) ) ;
#2996 = AXIS2_PLACEMENT_3D ( 'NONE', #4322, #3911, #762 ) ;
#2997 = ORIENTED_EDGE ( 'NONE', *, *, #134, .T. ) ;
#2998 = CARTESIAN_POINT ( 'NONE',  ( -56.00000000000002132, 10.00000000000000000, 96.25076433052301184 ) ) ;
#2999 = EDGE_CURVE ( 'NONE', #3280, #60, #1471, .T. ) ;
#3000 = CARTESIAN_POINT ( 'NONE',  ( -10.29999999999999893, 0.000000000000000000, 28.92555455687870847 ) ) ;
#3001 = AXIS2_PLACEMENT_3D ( 'NONE', #4012, #3252, #834 ) ;
#3002 = DIRECTION ( 'NONE',  ( 1.000000000000000000, 0.000000000000000000, 0.000000000000000000 ) ) ;
#3003 = LINE ( 'NONE', #1890, #2676 ) ;
#3004 = ORIENTED_EDGE ( 'NONE', *, *, #2591, .T. ) ;
#3005 = PLANE ( 'NONE',  #1014 ) ;
#3006 = VECTOR ( 'NONE', #871, 1000.000000000000000 ) ;
#3007 = ORIENTED_EDGE ( 'NONE', *, *, #2312, .T. ) ;
#3008 = CARTESIAN_POINT ( 'NONE',  ( -50.00000000000000000, 2.500000000000000000, 110.0000000000000000 ) ) ;
#3009 = CARTESIAN_POINT ( 'NONE',  ( -7.799999999999958078, -6.000000000000000000, 33.42555455687870136 ) ) ;
#3010 = VECTOR ( 'NONE', #2684, 1000.000000000000000 ) ;
#3011 = DIRECTION ( 'NONE',  ( -0.000000000000000000, 1.000000000000000000, -0.000000000000000000 ) ) ;
#3012 = EDGE_LOOP ( 'NONE', ( #4010, #3092, #1314, #4098 ) ) ;
#3013 = CARTESIAN_POINT ( 'NONE',  ( -81.00000000000000000, 5.000000000000000000, 14.56838955826294324 ) ) ;
#3014 = EDGE_CURVE ( 'NONE', #2977, #3852, #1795, .T. ) ;
#3015 = CARTESIAN_POINT ( 'NONE',  ( 59.00000000000000000, 0.000000000000000000, 0.000000000000000000 ) ) ;
#3016 = VECTOR ( 'NONE', #2982, 1000.000000000000000 ) ;
#3017 = ORIENTED_EDGE ( 'NONE', *, *, #3766, .T. ) ;
#3018 = LINE ( 'NONE', #3243, #86 ) ;
#3019 = VECTOR ( 'NONE', #3316, 1000.000000000000114 ) ;
#3020 = VERTEX_POINT ( 'NONE', #1767 ) ;
#3021 = ADVANCED_FACE ( 'NONE', ( #1047 ), #2845, .F. ) ;
#3022 = CIRCLE ( 'NONE', #169, 3.000000000000002665 ) ;
#3023 = DIRECTION ( 'NONE',  ( -0.9999932193701946970, 0.000000000000000000, 0.003682555313065099568 ) ) ;
#3024 = DIRECTION ( 'NONE',  ( 0.000000000000000000, 1.000000000000000000, 0.000000000000000000 ) ) ;
#3025 = ORIENTED_EDGE ( 'NONE', *, *, #3450, .T. ) ;
#3026 = DIRECTION ( 'NONE',  ( 0.000000000000000000, -0.000000000000000000, 1.000000000000000000 ) ) ;
#3027 = ORIENTED_EDGE ( 'NONE', *, *, #2624, .F. ) ;
#3028 = DIRECTION ( 'NONE',  ( 0.000000000000000000, 0.000000000000000000, -1.000000000000000000 ) ) ;
#3029 = DIRECTION ( 'NONE',  ( 0.8650360116844533209, 0.000000000000000000, 0.5017097751579635556 ) ) ;
#3030 = CIRCLE ( 'NONE', #2736, 2.500000000000033307 ) ;
#3031 = LINE ( 'NONE', #4087, #2323 ) ;
#3032 = ORIENTED_EDGE ( 'NONE', *, *, #1102, .F. ) ;
#3033 = PLANE ( 'NONE',  #186 ) ;
#3034 = AXIS2_PLACEMENT_3D ( 'NONE', #1188, #3677, #2163 ) ;
#3035 = PLANE ( 'NONE',  #2794 ) ;
#3036 = ORIENTED_EDGE ( 'NONE', *, *, #448, .T. ) ;
#3037 = DIRECTION ( 'NONE',  ( -0.000000000000000000, -1.000000000000000000, -0.000000000000000000 ) ) ;
#3038 = EDGE_CURVE ( 'NONE', #1976, #1829, #4675, .T. ) ;
#3039 = VECTOR ( 'NONE', #56, 1000.000000000000000 ) ;
#3040 = ORIENTED_EDGE ( 'NONE', *, *, #4478, .F. ) ;
#3041 = EDGE_CURVE ( 'NONE', #2041, #4489, #378, .T. ) ;
#3042 = AXIS2_PLACEMENT_3D ( 'NONE', #3259, #1397, #1473 ) ;
#3043 = EDGE_LOOP ( 'NONE', ( #1999, #1877 ) ) ;
#3044 = PLANE ( 'NONE',  #4558 ) ;
#3045 = AXIS2_PLACEMENT_3D ( 'NONE', #2986, #4080, #1540 ) ;
#3046 = CARTESIAN_POINT ( 'NONE',  ( -13.47479911202610481, 0.000000000000000000, 89.61940112455596363 ) ) ;
#3047 = PLANE ( 'NONE',  #13 ) ;
#3048 = EDGE_CURVE ( 'NONE', #1861, #2390, #971, .T. ) ;
#3049 = VERTEX_POINT ( 'NONE', #3885 ) ;
#3050 = ORIENTED_EDGE ( 'NONE', *, *, #4126, .F. ) ;
#3051 = DIRECTION ( 'NONE',  ( -0.0007031544687453770374, 0.000000000000000000, -0.9999997527868660363 ) ) ;
#3052 = VERTEX_POINT ( 'NONE', #657 ) ;
#3053 = AXIS2_PLACEMENT_3D ( 'NONE', #4043, #4398, #2968 ) ;
#3054 = DIRECTION ( 'NONE',  ( 0.000000000000000000, 0.000000000000000000, 1.000000000000000000 ) ) ;
#3055 = FACE_OUTER_BOUND ( 'NONE', #379, .T. ) ;
#3056 = DIRECTION ( 'NONE',  ( -0.000000000000000000, 1.000000000000000000, -0.000000000000000000 ) ) ;
#3057 = ORIENTED_EDGE ( 'NONE', *, *, #3535, .T. ) ;
#3058 = CIRCLE ( 'NONE', #1044, 1.250000000000001110 ) ;
#3059 = PLANE ( 'NONE',  #2607 ) ;
#3060 = DIRECTION ( 'NONE',  ( 0.000000000000000000, -1.000000000000000000, 0.000000000000000000 ) ) ;
#3061 = ORIENTED_EDGE ( 'NONE', *, *, #1954, .F. ) ;
#3062 = CARTESIAN_POINT ( 'NONE',  ( 81.00000000000001421, 2.000000000000001776, 21.90598270084813493 ) ) ;
#3063 = VECTOR ( 'NONE', #2253, 1000.000000000000114 ) ;
#3064 = ORIENTED_EDGE ( 'NONE', *, *, #2381, .F. ) ;
#3065 = ADVANCED_FACE ( 'NONE', ( #2093 ), #2868, .F. ) ;
#3066 = VERTEX_POINT ( 'NONE', #3965 ) ;
#3067 = EDGE_CURVE ( 'NONE', #2987, #4283, #2498, .T. ) ;
#3068 = EDGE_CURVE ( 'NONE', #4390, #1457, #299, .T. ) ;
#3069 = LINE ( 'NONE', #3803, #1070 ) ;
#3070 = DIRECTION ( 'NONE',  ( 0.000000000000000000, -1.000000000000000000, 0.000000000000000000 ) ) ;
#3071 = VERTEX_POINT ( 'NONE', #2195 ) ;
#3072 = ORIENTED_EDGE ( 'NONE', *, *, #4260, .T. ) ;
#3073 = LINE ( 'NONE', #4147, #4030 ) ;
#3074 = EDGE_CURVE ( 'NONE', #1829, #4021, #3139, .T. ) ;
#3075 = CARTESIAN_POINT ( 'NONE',  ( -13.47479911202610481, 2.200000000000000178, 89.61940112455596363 ) ) ;
#3076 = LINE ( 'NONE', #1631, #1368 ) ;
#3077 = VECTOR ( 'NONE', #3680, 999.9999999999998863 ) ;
#3078 = CARTESIAN_POINT ( 'NONE',  ( 81.00000000000001421, 2.000000000000001776, 21.90598270084813493 ) ) ;
#3079 = VERTEX_POINT ( 'NONE', #4649 ) ;
#3080 = FACE_OUTER_BOUND ( 'NONE', #4443, .T. ) ;
#3081 = CARTESIAN_POINT ( 'NONE',  ( 47.00000000000000000, 3.999999999999988898, 101.0000000000000000 ) ) ;
#3082 = ORIENTED_EDGE ( 'NONE', *, *, #1748, .F. ) ;
#3083 = PLANE ( 'NONE',  #3467 ) ;
#3084 = ORIENTED_EDGE ( 'NONE', *, *, #4668, .F. ) ;
#3085 = CARTESIAN_POINT ( 'NONE',  ( 10.80111069989304262, 2.500000000000000000, 18.00598270084806174 ) ) ;
#3086 = VECTOR ( 'NONE', #1437, 1000.000000000000227 ) ;
#3087 = ORIENTED_EDGE ( 'NONE', *, *, #3038, .T. ) ;
#3088 = VECTOR ( 'NONE', #1959, 1000.000000000000000 ) ;
#3089 = AXIS2_PLACEMENT_3D ( 'NONE', #4007, #63, #3653 ) ;
#3090 = CARTESIAN_POINT ( 'NONE',  ( -10.29999999999999716, 0.000000000000000000, 31.92555455687868360 ) ) ;
#3091 = DIRECTION ( 'NONE',  ( 0.000000000000000000, 0.000000000000000000, -1.000000000000000000 ) ) ;
#3092 = ORIENTED_EDGE ( 'NONE', *, *, #2312, .F. ) ;
#3093 = VECTOR ( 'NONE', #1777, 1000.000000000000227 ) ;
#3094 = CARTESIAN_POINT ( 'NONE',  ( -45.24999999999980815, 0.000000000000000000, 45.50000000000009948 ) ) ;
#3095 = EDGE_CURVE ( 'NONE', #3562, #2085, #736, .T. ) ;
#3096 = EDGE_LOOP ( 'NONE', ( #2236, #2250, #1706, #3358 ) ) ;
#3097 = DIRECTION ( 'NONE',  ( 0.000000000000000000, 0.000000000000000000, -1.000000000000000000 ) ) ;
#3098 = EDGE_CURVE ( 'NONE', #176, #4403, #3611, .T. ) ;
#3099 = DIRECTION ( 'NONE',  ( -0.8656736124572120827, 0.000000000000000000, 0.5006088260261506440 ) ) ;
#3100 = DIRECTION ( 'NONE',  ( 0.000000000000000000, 1.000000000000000000, 0.000000000000000000 ) ) ;
#3101 = EDGE_CURVE ( 'NONE', #2497, #3479, #1124, .T. ) ;
#3102 = LINE ( 'NONE', #1694, #1269 ) ;
#3103 = ORIENTED_EDGE ( 'NONE', *, *, #175, .F. ) ;
#3104 = LINE ( 'NONE', #1327, #880 ) ;
#3105 = CARTESIAN_POINT ( 'NONE',  ( -81.24921597076824753, 0.000000000000000000, -23.69608052213312277 ) ) ;
#3106 = EDGE_LOOP ( 'NONE', ( #1358, #2804, #4240, #291 ) ) ;
#3107 = DIRECTION ( 'NONE',  ( -0.9999814816488731273, 0.000000000000000000, -0.006085750514491136340 ) ) ;
#3108 = CIRCLE ( 'NONE', #2963, 2.649999999999999467 ) ;
#3109 = VECTOR ( 'NONE', #3994, 1000.000000000000114 ) ;
#3110 = ORIENTED_EDGE ( 'NONE', *, *, #750, .F. ) ;
#3111 = CARTESIAN_POINT ( 'NONE',  ( 76.05372625720931978, 0.000000000000000000, -20.68607404050326437 ) ) ;
#3112 = ORIENTED_EDGE ( 'NONE', *, *, #4496, .T. ) ;
#3113 = VECTOR ( 'NONE', #1840, 1000.000000000000000 ) ;
#3114 = VECTOR ( 'NONE', #3464, 1000.000000000000114 ) ;
#3115 = FACE_BOUND ( 'NONE', #1254, .T. ) ;
#3116 = DIRECTION ( 'NONE',  ( -5.299285731321464636E-16, 0.000000000000000000, 1.000000000000000000 ) ) ;
#3117 = VERTEX_POINT ( 'NONE', #3176 ) ;
#3118 = EDGE_CURVE ( 'NONE', #1252, #2774, #4117, .T. ) ;
#3119 = FACE_OUTER_BOUND ( 'NONE', #137, .T. ) ;
#3120 = EDGE_LOOP ( 'NONE', ( #1453, #4382, #3508, #1525 ) ) ;
#3121 = LINE ( 'NONE', #4563, #1923 ) ;
#3122 = EDGE_CURVE ( 'NONE', #2990, #3117, #1846, .T. ) ;
#3123 = FACE_BOUND ( 'NONE', #4160, .T. ) ;
#3124 = FACE_OUTER_BOUND ( 'NONE', #3955, .T. ) ;
#3125 = EDGE_CURVE ( 'NONE', #2298, #3315, #3281, .T. ) ;
#3126 = LINE ( 'NONE', #257, #4279 ) ;
#3127 = VERTEX_POINT ( 'NONE', #4239 ) ;
#3128 = DIRECTION ( 'NONE',  ( 0.000000000000000000, 0.000000000000000000, -1.000000000000000000 ) ) ;
#3129 = FACE_BOUND ( 'NONE', #4509, .T. ) ;
#3130 = VERTEX_POINT ( 'NONE', #2819 ) ;
#3131 = CARTESIAN_POINT ( 'NONE',  ( -76.04923932178259349, 3.000000000000000000, -23.68049687673109105 ) ) ;
#3132 = VERTEX_POINT ( 'NONE', #4266 ) ;
#3133 = FACE_OUTER_BOUND ( 'NONE', #1133, .T. ) ;
#3134 = DIRECTION ( 'NONE',  ( -0.000000000000000000, 1.000000000000000000, -0.000000000000000000 ) ) ;
#3135 = EDGE_CURVE ( 'NONE', #3127, #3240, #3323, .T. ) ;
#3136 = EDGE_LOOP ( 'NONE', ( #823, #2965, #1239, #1010 ) ) ;
#3137 = EDGE_CURVE ( 'NONE', #2739, #1441, #2075, .T. ) ;
#3138 = ORIENTED_EDGE ( 'NONE', *, *, #3558, .F. ) ;
#3139 = CIRCLE ( 'NONE', #46, 1.250000000000001110 ) ;
#3140 = ORIENTED_EDGE ( 'NONE', *, *, #443, .F. ) ;
#3141 = CARTESIAN_POINT ( 'NONE',  ( 0.000000000000000000, 2.500000000000000000, 0.000000000000000000 ) ) ;
#3142 = CARTESIAN_POINT ( 'NONE',  ( 10.30000000000006111, 0.000000000000000000, 28.92555455687870847 ) ) ;
#3143 = DIRECTION ( 'NONE',  ( -0.000000000000000000, -1.000000000000000000, -0.000000000000000000 ) ) ;
#3144 = ORIENTED_EDGE ( 'NONE', *, *, #2735, .T. ) ;
#3145 = LINE ( 'NONE', #2353, #941 ) ;
#3146 = CARTESIAN_POINT ( 'NONE',  ( -40.74999999999978684, 0.000000000000000000, 4.500000000000142997 ) ) ;
#3147 = AXIS2_PLACEMENT_3D ( 'NONE', #2355, #3788, #2683 ) ;
#3148 = LINE ( 'NONE', #632, #776 ) ;
#3149 = DIRECTION ( 'NONE',  ( 0.7040905031817153992, 0.7040905031817153992, 0.09226660641119033279 ) ) ;
#3150 = VERTEX_POINT ( 'NONE', #1935 ) ;
#3151 = CYLINDRICAL_SURFACE ( 'NONE', #3355, 1.250000000000001110 ) ;
#3152 = DIRECTION ( 'NONE',  ( -0.000000000000000000, 1.000000000000000000, -0.000000000000000000 ) ) ;
#3153 = ORIENTED_EDGE ( 'NONE', *, *, #546, .F. ) ;
#3154 = CARTESIAN_POINT ( 'NONE',  ( -78.99999999999998579, 0.000000000000000000, -19.38105354612779152 ) ) ;
#3155 = EDGE_CURVE ( 'NONE', #2837, #3276, #2617, .T. ) ;
#3156 = VERTEX_POINT ( 'NONE', #3386 ) ;
#3157 = PLANE ( 'NONE',  #2825 ) ;
#3158 = CARTESIAN_POINT ( 'NONE',  ( 76.05372625720931978, 3.000000000000000000, -23.68829544028932688 ) ) ;
#3159 = AXIS2_PLACEMENT_3D ( 'NONE', #2659, #2015, #896 ) ;
#3160 = ORIENTED_EDGE ( 'NONE', *, *, #2376, .T. ) ;
#3161 = ORIENTED_EDGE ( 'NONE', *, *, #2960, .F. ) ;
#3162 = CIRCLE ( 'NONE', #1158, 1.249999999999997558 ) ;
#3163 = EDGE_CURVE ( 'NONE', #1529, #4369, #1863, .T. ) ;
#3164 = ORIENTED_EDGE ( 'NONE', *, *, #546, .T. ) ;
#3165 = VECTOR ( 'NONE', #4013, 1000.000000000000114 ) ;
#3166 = LINE ( 'NONE', #2059, #3461 ) ;
#3167 = LINE ( 'NONE', #247, #3170 ) ;
#3168 = ORIENTED_EDGE ( 'NONE', *, *, #2409, .F. ) ;
#3169 = PLANE ( 'NONE',  #2669 ) ;
#3170 = VECTOR ( 'NONE', #3500, 1000.000000000000000 ) ;
#3171 = ORIENTED_EDGE ( 'NONE', *, *, #3211, .F. ) ;
#3172 = CARTESIAN_POINT ( 'NONE',  ( 9.300000000000030909, -6.000000000000000000, 20.60598270084804895 ) ) ;
#3173 = PLANE ( 'NONE',  #2334 ) ;
#3174 = VECTOR ( 'NONE', #3357, 1000.000000000000000 ) ;
#3175 = CARTESIAN_POINT ( 'NONE',  ( 61.00000000000000000, 2.000000000000001776, 96.90598270084817045 ) ) ;
#3176 = CARTESIAN_POINT ( 'NONE',  ( 10.30000000000005933, 0.000000000000000000, 31.92555455687868360 ) ) ;
#3177 = VERTEX_POINT ( 'NONE', #2221 ) ;
#3178 = DIRECTION ( 'NONE',  ( -3.000553181919163031E-16, 0.000000000000000000, -1.000000000000000000 ) ) ;
#3179 = FACE_OUTER_BOUND ( 'NONE', #3838, .T. ) ;
#3180 = ORIENTED_EDGE ( 'NONE', *, *, #1085, .F. ) ;
#3181 = PLANE ( 'NONE',  #2643 ) ;
#3182 = DIRECTION ( 'NONE',  ( -0.000000000000000000, 1.000000000000000000, -0.000000000000000000 ) ) ;
#3183 = ORIENTED_EDGE ( 'NONE', *, *, #783, .F. ) ;
#3184 = DIRECTION ( 'NONE',  ( -0.000000000000000000, 1.000000000000000000, -0.000000000000000000 ) ) ;
#3185 = DIRECTION ( 'NONE',  ( -0.9662349396012462899, 0.000000000000000000, -0.2576626505603324957 ) ) ;
#3186 = VERTEX_POINT ( 'NONE', #431 ) ;
#3187 = ADVANCED_FACE ( 'NONE', ( #3660 ), #3345, .F. ) ;
#3188 = VERTEX_POINT ( 'NONE', #3366 ) ;
#3189 = VECTOR ( 'NONE', #24, 1000.000000000000114 ) ;
#3190 = ADVANCED_FACE ( 'NONE', ( #68 ), #2244, .F. ) ;
#3191 = CIRCLE ( 'NONE', #256, 4.000000000000045297 ) ;
#3192 = ORIENTED_EDGE ( 'NONE', *, *, #981, .F. ) ;
#3193 = LINE ( 'NONE', #2741, #386 ) ;
#3194 = LINE ( 'NONE', #4560, #1228 ) ;
#3195 = ORIENTED_EDGE ( 'NONE', *, *, #1138, .T. ) ;
#3196 = LINE ( 'NONE', #1732, #1184 ) ;
#3197 = VECTOR ( 'NONE', #487, 1000.000000000000000 ) ;
#3198 = ORIENTED_EDGE ( 'NONE', *, *, #2640, .T. ) ;
#3199 = LINE ( 'NONE', #3631, #1988 ) ;
#3200 = CARTESIAN_POINT ( 'NONE',  ( 7.798889300106999656, 2.500000000000000000, 18.00598270084807240 ) ) ;
#3201 = CARTESIAN_POINT ( 'NONE',  ( -50.00000000000000000, 2.500000000000000000, 110.0000000000000000 ) ) ;
#3202 = ORIENTED_EDGE ( 'NONE', *, *, #3394, .T. ) ;
#3203 = CARTESIAN_POINT ( 'NONE',  ( 78.39999999999999147, 3.000000000000000888, 17.31828170427217373 ) ) ;
#3204 = DIRECTION ( 'NONE',  ( 0.000000000000000000, -0.000000000000000000, 1.000000000000000000 ) ) ;
#3205 = ORIENTED_EDGE ( 'NONE', *, *, #338, .F. ) ;
#3206 = DIRECTION ( 'NONE',  ( -0.5000000000000000000, 0.000000000000000000, -0.8660254037844387076 ) ) ;
#3207 = DIRECTION ( 'NONE',  ( -1.000000000000000000, 0.000000000000000000, 0.000000000000000000 ) ) ;
#3208 = EDGE_LOOP ( 'NONE', ( #1581, #4225, #76, #758 ) ) ;
#3209 = VECTOR ( 'NONE', #1101, 1000.000000000000114 ) ;
#3210 = DIRECTION ( 'NONE',  ( -0.000000000000000000, -1.000000000000000000, -0.000000000000000000 ) ) ;
#3211 = EDGE_CURVE ( 'NONE', #3961, #973, #1580, .T. ) ;
#3212 = FACE_OUTER_BOUND ( 'NONE', #4267, .T. ) ;
#3213 = VERTEX_POINT ( 'NONE', #2942 ) ;
#3214 = ORIENTED_EDGE ( 'NONE', *, *, #2816, .T. ) ;
#3215 = EDGE_CURVE ( 'NONE', #3246, #18, #3003, .T. ) ;
#3216 = VERTEX_POINT ( 'NONE', #4039 ) ;
#3217 = ADVANCED_FACE ( 'NONE', ( #3682 ), #4456, .F. ) ;
#3218 = CARTESIAN_POINT ( 'NONE',  ( -81.00000000000000000, 5.000000000000000000, 21.90598270084804966 ) ) ;
#3219 = FACE_OUTER_BOUND ( 'NONE', #2450, .T. ) ;
#3220 = VECTOR ( 'NONE', #3149, 1000.000000000000114 ) ;
#3221 = CARTESIAN_POINT ( 'NONE',  ( 6.297778600213984390, 2.500000000000000000, 20.60598270084805250 ) ) ;
#3222 = ADVANCED_FACE ( 'NONE', ( #3133 ), #3157, .F. ) ;
#3223 = ORIENTED_EDGE ( 'NONE', *, *, #2168, .T. ) ;
#3224 = DIRECTION ( 'NONE',  ( -0.000000000000000000, 1.000000000000000000, -0.000000000000000000 ) ) ;
#3225 = VECTOR ( 'NONE', #2120, 1000.000000000000000 ) ;
#3226 = PLANE ( 'NONE',  #1439 ) ;
#3227 = DIRECTION ( 'NONE',  ( 0.8660254037844389297, -0.000000000000000000, 0.4999999999999995004 ) ) ;
#3228 = DIRECTION ( 'NONE',  ( 0.000000000000000000, 1.000000000000000000, 0.000000000000000000 ) ) ;
#3229 = EDGE_LOOP ( 'NONE', ( #863, #2032, #2317, #2567 ) ) ;
#3230 = ADVANCED_FACE ( 'NONE', ( #939 ), #3842, .F. ) ;
#3231 = CARTESIAN_POINT ( 'NONE',  ( -7.799999999999968736, 0.000000000000000000, 28.92555455687869781 ) ) ;
#3232 = CARTESIAN_POINT ( 'NONE',  ( -50.00000000000000000, 3.999999999999988898, 110.0000000000000000 ) ) ;
#3233 = ORIENTED_EDGE ( 'NONE', *, *, #3794, .F. ) ;
#3234 = DIRECTION ( 'NONE',  ( 0.8690522416791728322, 0.000000000000000000, -0.4947203262777917776 ) ) ;
#3235 = DIRECTION ( 'NONE',  ( -0.000000000000000000, -1.000000000000000000, -0.000000000000000000 ) ) ;
#3236 = ORIENTED_EDGE ( 'NONE', *, *, #2013, .T. ) ;
#3237 = LINE ( 'NONE', #416, #3039 ) ;
#3238 = CARTESIAN_POINT ( 'NONE',  ( 78.39999999999999147, -13.20000000000000462, 16.06828170427217728 ) ) ;
#3239 = VERTEX_POINT ( 'NONE', #218 ) ;
#3240 = VERTEX_POINT ( 'NONE', #4531 ) ;
#3241 = VECTOR ( 'NONE', #396, 1000.000000000000114 ) ;
#3242 = VERTEX_POINT ( 'NONE', #3895 ) ;
#3243 = CARTESIAN_POINT ( 'NONE',  ( 79.14370838656884644, 0.000000000000000000, 21.10498890308503661 ) ) ;
#3244 = AXIS2_PLACEMENT_3D ( 'NONE', #4245, #4630, #1401 ) ;
#3245 = DIRECTION ( 'NONE',  ( 1.000000000000000000, 0.000000000000000000, 0.000000000000000000 ) ) ;
#3246 = VERTEX_POINT ( 'NONE', #3868 ) ;
#3247 = DIRECTION ( 'NONE',  ( -0.000000000000000000, -1.000000000000000000, -0.000000000000000000 ) ) ;
#3248 = EDGE_CURVE ( 'NONE', #3519, #741, #1309, .T. ) ;
#3249 = ORIENTED_EDGE ( 'NONE', *, *, #895, .T. ) ;
#3250 = LINE ( 'NONE', #2890, #4103 ) ;
#3251 = AXIS2_PLACEMENT_3D ( 'NONE', #352, #2448, #1738 ) ;
#3252 = DIRECTION ( 'NONE',  ( -0.000000000000000000, 1.000000000000000000, -0.000000000000000000 ) ) ;
#3253 = DIRECTION ( 'NONE',  ( 1.000000000000000000, 0.000000000000000000, 0.000000000000000000 ) ) ;
#3254 = EDGE_CURVE ( 'NONE', #6, #4679, #4184, .T. ) ;
#3255 = VECTOR ( 'NONE', #602, 1000.000000000000000 ) ;
#3256 = ADVANCED_FACE ( 'NONE', ( #959 ), #3540, .F. ) ;
#3257 = DIRECTION ( 'NONE',  ( 0.000000000000000000, 0.000000000000000000, 1.000000000000000000 ) ) ;
#3258 = VERTEX_POINT ( 'NONE', #4577 ) ;
#3259 = CARTESIAN_POINT ( 'NONE',  ( -78.39999999999999147, 10.00000000000000000, 16.06828170427217728 ) ) ;
#3260 = DIRECTION ( 'NONE',  ( 0.000000000000000000, 0.000000000000000000, 1.000000000000000000 ) ) ;
#3261 = VECTOR ( 'NONE', #1157, 1000.000000000000000 ) ;
#3262 = ORIENTED_EDGE ( 'NONE', *, *, #473, .T. ) ;
#3263 = CARTESIAN_POINT ( 'NONE',  ( -6.297834196403957030, 5.000000000000000000, 20.62425347127641473 ) ) ;
#3264 = CARTESIAN_POINT ( 'NONE',  ( -7.783094146864282692, 5.000000000000000000, 18.01516623377516169 ) ) ;
#3265 = EDGE_LOOP ( 'NONE', ( #1891, #433, #883, #1725 ) ) ;
#3266 = DIRECTION ( 'NONE',  ( -0.000000000000000000, -1.000000000000000000, -0.000000000000000000 ) ) ;
#3267 = DIRECTION ( 'NONE',  ( -2.673639354406774245E-16, 0.000000000000000000, 1.000000000000000000 ) ) ;
#3268 = VERTEX_POINT ( 'NONE', #3111 ) ;
#3269 = ORIENTED_EDGE ( 'NONE', *, *, #2187, .F. ) ;
#3270 = VECTOR ( 'NONE', #4499, 1000.000000000000000 ) ;
#3271 = DIRECTION ( 'NONE',  ( 0.000000000000000000, 0.000000000000000000, -1.000000000000000000 ) ) ;
#3272 = CARTESIAN_POINT ( 'NONE',  ( 78.65372625720931410, 0.000000000000000000, -25.18940614018234925 ) ) ;
#3273 = ORIENTED_EDGE ( 'NONE', *, *, #2591, .F. ) ;
#3274 = DIRECTION ( 'NONE',  ( -0.000000000000000000, 1.000000000000000000, -0.000000000000000000 ) ) ;
#3275 = AXIS2_PLACEMENT_3D ( 'NONE', #4643, #4234, #2086 ) ;
#3276 = VERTEX_POINT ( 'NONE', #243 ) ;
#3277 = DIRECTION ( 'NONE',  ( 1.692413147294447942E-16, 0.000000000000000000, -1.000000000000000000 ) ) ;
#3278 = DIRECTION ( 'NONE',  ( 0.000000000000000000, 1.000000000000000000, 0.000000000000000000 ) ) ;
#3279 = DIRECTION ( 'NONE',  ( -0.000000000000000000, -1.000000000000000000, -0.000000000000000000 ) ) ;
#3280 = VERTEX_POINT ( 'NONE', #3470 ) ;
#3281 = LINE ( 'NONE', #1395, #432 ) ;
#3282 = EDGE_LOOP ( 'NONE', ( #3984, #1202, #1986, #3601 ) ) ;
#3283 = LINE ( 'NONE', #1743, #3189 ) ;
#3284 = EDGE_CURVE ( 'NONE', #2535, #318, #1378, .T. ) ;
#3285 = VECTOR ( 'NONE', #4487, 1000.000000000000114 ) ;
#3286 = DIRECTION ( 'NONE',  ( -0.000000000000000000, 1.000000000000000000, -0.000000000000000000 ) ) ;
#3287 = EDGE_CURVE ( 'NONE', #228, #4069, #1332, .T. ) ;
#3288 = CARTESIAN_POINT ( 'NONE',  ( -80.99999999999998579, 10.00000000000000000, -30.00000000000000000 ) ) ;
#3289 = AXIS2_PLACEMENT_3D ( 'NONE', #534, #3782, #1993 ) ;
#3290 = DIRECTION ( 'NONE',  ( 0.000000000000000000, 0.000000000000000000, 1.000000000000000000 ) ) ;
#3291 = ORIENTED_EDGE ( 'NONE', *, *, #245, .F. ) ;
#3292 = CARTESIAN_POINT ( 'NONE',  ( -70.44457295101973671, -8.555427048980217108, -14.40733019915203172 ) ) ;
#3293 = LINE ( 'NONE', #4428, #1977 ) ;
#3294 = VECTOR ( 'NONE', #1821, 1000.000000000000000 ) ;
#3295 = EDGE_LOOP ( 'NONE', ( #1430, #384, #3969, #4190 ) ) ;
#3296 = EDGE_CURVE ( 'NONE', #1945, #60, #1723, .T. ) ;
#3297 = DIRECTION ( 'NONE',  ( 0.000000000000000000, 1.000000000000000000, 0.000000000000000000 ) ) ;
#3298 = DIRECTION ( 'NONE',  ( 0.7071067811865561215, -0.7071067811865389130, 0.000000000000000000 ) ) ;
#3299 = ORIENTED_EDGE ( 'NONE', *, *, #3155, .F. ) ;
#3300 = EDGE_CURVE ( 'NONE', #4208, #4021, #3494, .T. ) ;
#3301 = DIRECTION ( 'NONE',  ( 5.299285731321464636E-16, 0.000000000000000000, -1.000000000000000000 ) ) ;
#3302 = DIRECTION ( 'NONE',  ( 0.000000000000000000, 0.000000000000000000, 1.000000000000000000 ) ) ;
#3303 = DIRECTION ( 'NONE',  ( -1.000000000000000000, 0.000000000000000000, -2.775557561562875574E-15 ) ) ;
#3304 = EDGE_LOOP ( 'NONE', ( #99, #3426, #4292, #3361 ) ) ;
#3305 = CARTESIAN_POINT ( 'NONE',  ( -7.799999999999968736, -1.000000000000028644, 31.92555455687869781 ) ) ;
#3306 = LINE ( 'NONE', #71, #3892 ) ;
#3307 = ORIENTED_EDGE ( 'NONE', *, *, #4269, .T. ) ;
#3308 = DIRECTION ( 'NONE',  ( 0.000000000000000000, 0.000000000000000000, -1.000000000000000000 ) ) ;
#3309 = LINE ( 'NONE', #1178, #3980 ) ;
#3310 = ORIENTED_EDGE ( 'NONE', *, *, #1780, .T. ) ;
#3311 = DIRECTION ( 'NONE',  ( 0.000000000000000000, 0.000000000000000000, -1.000000000000000000 ) ) ;
#3312 = CARTESIAN_POINT ( 'NONE',  ( -78.65372625720931410, 3.000000000000000888, -23.43718474039629385 ) ) ;
#3313 = ORIENTED_EDGE ( 'NONE', *, *, #2114, .T. ) ;
#3314 = VECTOR ( 'NONE', #2314, 1000.000000000000000 ) ;
#3315 = VERTEX_POINT ( 'NONE', #1702 ) ;
#3316 = DIRECTION ( 'NONE',  ( 0.7040905031817162874, -0.7040905031817135118, -0.09226660641119817374 ) ) ;
#3317 = EDGE_CURVE ( 'NONE', #623, #320, #2776, .T. ) ;
#3318 = CARTESIAN_POINT ( 'NONE',  ( -47.00000000000000000, 5.000000000000000000, 101.0000000000000000 ) ) ;
#3319 = CARTESIAN_POINT ( 'NONE',  ( -14.99999999999974598, 5.000000000000000888, 87.00000000000012790 ) ) ;
#3320 = AXIS2_PLACEMENT_3D ( 'NONE', #2834, #4284, #1783 ) ;
#3321 = DIRECTION ( 'NONE',  ( -0.000000000000000000, 1.000000000000000000, -0.000000000000000000 ) ) ;
#3322 = CARTESIAN_POINT ( 'NONE',  ( -78.40211102539342392, 3.000000000000000000, 13.06606104667467250 ) ) ;
#3323 = LINE ( 'NONE', #4372, #4492 ) ;
#3324 = ORIENTED_EDGE ( 'NONE', *, *, #3122, .T. ) ;
#3325 = DIRECTION ( 'NONE',  ( -1.692413147294447942E-16, 0.000000000000000000, 1.000000000000000000 ) ) ;
#3326 = DIRECTION ( 'NONE',  ( -0.5031857961370485022, 0.000000000000000000, -0.8641782539302436117 ) ) ;
#3327 = VERTEX_POINT ( 'NONE', #3516 ) ;
#3328 = VECTOR ( 'NONE', #3858, 1000.000000000000000 ) ;
#3329 = CARTESIAN_POINT ( 'NONE',  ( 42.99999999999978684, 10.00000000000000000, 4.500000000000170530 ) ) ;
#3330 = CARTESIAN_POINT ( 'NONE',  ( 10.30000000000005933, 0.000000000000000000, 28.92555455687870847 ) ) ;
#3331 = ORIENTED_EDGE ( 'NONE', *, *, #2197, .F. ) ;
#3332 = PLANE ( 'NONE',  #723 ) ;
#3333 = VECTOR ( 'NONE', #700, 1000.000000000000000 ) ;
#3334 = DIRECTION ( 'NONE',  ( 1.000000000000000000, -0.000000000000000000, -0.000000000000000000 ) ) ;
#3335 = ORIENTED_EDGE ( 'NONE', *, *, #3915, .F. ) ;
#3336 = AXIS2_PLACEMENT_3D ( 'NONE', #2995, #2906, #4359 ) ;
#3337 = EDGE_CURVE ( 'NONE', #2955, #347, #286, .T. ) ;
#3338 = ADVANCED_FACE ( 'NONE', ( #4332 ), #3974, .F. ) ;
#3339 = ADVANCED_FACE ( 'NONE', ( #746 ), #4358, .F. ) ;
#3340 = CARTESIAN_POINT ( 'NONE',  ( 7.800000000000019362, -1.000000000000028644, 33.42555455687870136 ) ) ;
#3341 = CARTESIAN_POINT ( 'NONE',  ( 78.65372625720931410, -13.20000000000000462, -22.18718474039629385 ) ) ;
#3342 = DIRECTION ( 'NONE',  ( -0.000000000000000000, -1.000000000000000000, -0.000000000000000000 ) ) ;
#3343 = DIRECTION ( 'NONE',  ( -1.000000000000000000, 0.000000000000000000, 3.466879843239611994E-15 ) ) ;
#3344 = AXIS2_PLACEMENT_3D ( 'NONE', #118, #3704, #3325 ) ;
#3345 = PLANE ( 'NONE',  #199 ) ;
#3346 = ORIENTED_EDGE ( 'NONE', *, *, #4062, .T. ) ;
#3347 = CARTESIAN_POINT ( 'NONE',  ( 9.300000000000030909, -1.000000000000014655, 23.25598270084804753 ) ) ;
#3348 = ADVANCED_FACE ( 'NONE', ( #2510, #335 ), #1156, .T. ) ;
#3349 = DIRECTION ( 'NONE',  ( 0.000000000000000000, -1.000000000000000000, 0.000000000000000000 ) ) ;
#3350 = AXIS2_PLACEMENT_3D ( 'NONE', #4189, #1316, #4259 ) ;
#3351 = CARTESIAN_POINT ( 'NONE',  ( 46.99999999999997158, 5.000000000000000000, 96.99999999999997158 ) ) ;
#3352 = LINE ( 'NONE', #121, #2412 ) ;
#3353 = LINE ( 'NONE', #2685, #3679 ) ;
#3354 = ORIENTED_EDGE ( 'NONE', *, *, #1784, .F. ) ;
#3355 = AXIS2_PLACEMENT_3D ( 'NONE', #1346, #2426, #1281 ) ;
#3356 = LINE ( 'NONE', #1180, #640 ) ;
#3357 = DIRECTION ( 'NONE',  ( 0.0007031544687453807237, 0.000000000000000000, 0.9999997527868660363 ) ) ;
#3358 = ORIENTED_EDGE ( 'NONE', *, *, #3211, .T. ) ;
#3359 = DIRECTION ( 'NONE',  ( -0.000000000000000000, -1.000000000000000000, -0.000000000000000000 ) ) ;
#3360 = EDGE_CURVE ( 'NONE', #505, #4146, #2558, .T. ) ;
#3361 = ORIENTED_EDGE ( 'NONE', *, *, #3801, .T. ) ;
#3362 = PLANE ( 'NONE',  #644 ) ;
#3363 = DIRECTION ( 'NONE',  ( 0.000000000000000000, 0.000000000000000000, 1.000000000000000000 ) ) ;
#3364 = CARTESIAN_POINT ( 'NONE',  ( 78.65372625720931410, 0.000000000000000000, -19.18496334061024200 ) ) ;
#3365 = VECTOR ( 'NONE', #1456, 999.9999999999998863 ) ;
#3366 = CARTESIAN_POINT ( 'NONE',  ( 59.00000000000000000, 0.000000000000000000, 110.0000000000000000 ) ) ;
#3367 = ORIENTED_EDGE ( 'NONE', *, *, #1791, .F. ) ;
#3368 = DIRECTION ( 'NONE',  ( -0.8670114164560018821, 0.000000000000000000, 0.4982882737281273955 ) ) ;
#3369 = ORIENTED_EDGE ( 'NONE', *, *, #4260, .F. ) ;
#3370 = DIRECTION ( 'NONE',  ( -0.000000000000000000, -1.000000000000000000, -0.000000000000000000 ) ) ;
#3371 = DIRECTION ( 'NONE',  ( -0.000000000000000000, -1.000000000000000000, -0.000000000000000000 ) ) ;
#3372 = VECTOR ( 'NONE', #2893, 999.9999999999998863 ) ;
#3373 = EDGE_CURVE ( 'NONE', #1822, #2539, #1482, .T. ) ;
#3374 = DIRECTION ( 'NONE',  ( 0.8660254037844381525, 0.000000000000000000, 0.5000000000000008882 ) ) ;
#3375 = ORIENTED_EDGE ( 'NONE', *, *, #341, .F. ) ;
#3376 = CARTESIAN_POINT ( 'NONE',  ( 81.00000000000000000, 2.000000000000001776, -28.00000000000002487 ) ) ;
#3377 = DIRECTION ( 'NONE',  ( 0.000000000000000000, 1.000000000000000000, -0.000000000000000000 ) ) ;
#3378 = ORIENTED_EDGE ( 'NONE', *, *, #3566, .F. ) ;
#3379 = LINE ( 'NONE', #147, #4151 ) ;
#3380 = VECTOR ( 'NONE', #3642, 1000.000000000000000 ) ;
#3381 = ORIENTED_EDGE ( 'NONE', *, *, #1880, .T. ) ;
#3382 = ORIENTED_EDGE ( 'NONE', *, *, #4037, .T. ) ;
#3383 = CARTESIAN_POINT ( 'NONE',  ( -46.99999999999997868, 2.500000000000000000, 98.00000000000000000 ) ) ;
#3384 = DIRECTION ( 'NONE',  ( -0.000000000000000000, -1.000000000000000000, -0.000000000000000000 ) ) ;
#3385 = DIRECTION ( 'NONE',  ( -0.4947203262777916666, 0.000000000000000000, -0.8690522416791727212 ) ) ;
#3386 = CARTESIAN_POINT ( 'NONE',  ( -75.99999999999997158, 5.000000000000000000, -30.00000000000000000 ) ) ;
#3387 = EDGE_LOOP ( 'NONE', ( #3870, #1296, #870, #33 ) ) ;
#3388 = CARTESIAN_POINT ( 'NONE',  ( -63.69800576638395739, -15.30199423361596978, -12.69800576638403022 ) ) ;
#3389 = VECTOR ( 'NONE', #2307, 1000.000000000000114 ) ;
#3390 = ORIENTED_EDGE ( 'NONE', *, *, #3979, .T. ) ;
#3391 = EDGE_CURVE ( 'NONE', #4096, #4218, #3237, .T. ) ;
#3392 = LINE ( 'NONE', #4129, #1950 ) ;
#3393 = LINE ( 'NONE', #4544, #3088 ) ;
#3394 = EDGE_CURVE ( 'NONE', #2691, #2406, #1803, .T. ) ;
#3395 = CIRCLE ( 'NONE', #234, 1.250000000000001110 ) ;
#3396 = DIRECTION ( 'NONE',  ( -0.000000000000000000, 1.000000000000000000, -0.000000000000000000 ) ) ;
#3397 = EDGE_LOOP ( 'NONE', ( #4580, #3905, #1186, #745, #4028, #4471 ) ) ;
#3398 = DIRECTION ( 'NONE',  ( 0.000000000000000000, 0.7071067811865536790, 0.7071067811865414665 ) ) ;
#3399 = CARTESIAN_POINT ( 'NONE',  ( 78.65372625720931410, 10.00000000000000000, -22.18718474039629385 ) ) ;
#3400 = VECTOR ( 'NONE', #855, 1000.000000000000000 ) ;
#3401 = EDGE_CURVE ( 'NONE', #1822, #3130, #4303, .T. ) ;
#3402 = ORIENTED_EDGE ( 'NONE', *, *, #4436, .T. ) ;
#3403 = DIRECTION ( 'NONE',  ( -1.692413147294447942E-16, 0.000000000000000000, 1.000000000000000000 ) ) ;
#3404 = AXIS2_PLACEMENT_3D ( 'NONE', #3596, #4333, #2803 ) ;
#3405 = ORIENTED_EDGE ( 'NONE', *, *, #4203, .F. ) ;
#3406 = VERTEX_POINT ( 'NONE', #1458 ) ;
#3407 = AXIS2_PLACEMENT_3D ( 'NONE', #1613, #3425, #193 ) ;
#3408 = LINE ( 'NONE', #1247, #1558 ) ;
#3409 = CARTESIAN_POINT ( 'NONE',  ( -7.799999999999968736, -6.000000000000000000, 28.92555455687869781 ) ) ;
#3410 = DIRECTION ( 'NONE',  ( 0.000000000000000000, -1.000000000000000000, 0.000000000000000000 ) ) ;
#3411 = VERTEX_POINT ( 'NONE', #4277 ) ;
#3412 = ORIENTED_EDGE ( 'NONE', *, *, #2409, .T. ) ;
#3413 = LINE ( 'NONE', #184, #1845 ) ;
#3414 = EDGE_CURVE ( 'NONE', #2752, #2990, #442, .T. ) ;
#3415 = ORIENTED_EDGE ( 'NONE', *, *, #1266, .T. ) ;
#3416 = CARTESIAN_POINT ( 'NONE',  ( 9.300000000000030909, 2.500000000000000444, 20.60598270084804895 ) ) ;
#3417 = CARTESIAN_POINT ( 'NONE',  ( -78.39999999999999147, 10.00000000000000000, 14.81828170427217728 ) ) ;
#3418 = VECTOR ( 'NONE', #3662, 1000.000000000000000 ) ;
#3419 = FACE_BOUND ( 'NONE', #1286, .T. ) ;
#3420 = ORIENTED_EDGE ( 'NONE', *, *, #3095, .T. ) ;
#3421 = EDGE_CURVE ( 'NONE', #3406, #623, #4111, .T. ) ;
#3422 = CARTESIAN_POINT ( 'NONE',  ( 7.800000000000030909, -1.000000000000028644, 31.92555455687869781 ) ) ;
#3423 = VECTOR ( 'NONE', #1119, 1000.000000000000000 ) ;
#3424 = EDGE_CURVE ( 'NONE', #1512, #3216, #389, .T. ) ;
#3425 = DIRECTION ( 'NONE',  ( 0.6832312780114156991, 0.7071067811865472397, -0.1821950074697107347 ) ) ;
#3426 = ORIENTED_EDGE ( 'NONE', *, *, #1700, .F. ) ;
#3427 = CYLINDRICAL_SURFACE ( 'NONE', #4598, 1.249999999999997558 ) ;
#3428 = AXIS2_PLACEMENT_3D ( 'NONE', #3422, #2608, #3509 ) ;
#3429 = ADVANCED_FACE ( 'NONE', ( #2483 ), #1855, .F. ) ;
#3430 = VERTEX_POINT ( 'NONE', #1504 ) ;
#3431 = VECTOR ( 'NONE', #2042, 1000.000000000000000 ) ;
#3432 = ORIENTED_EDGE ( 'NONE', *, *, #3558, .T. ) ;
#3433 = CARTESIAN_POINT ( 'NONE',  ( 0.000000000000000000, 2.500000000000000000, 0.000000000000000000 ) ) ;
#3434 = EDGE_CURVE ( 'NONE', #955, #374, #4658, .T. ) ;
#3435 = AXIS2_PLACEMENT_3D ( 'NONE', #1004, #2053, #3800 ) ;
#3436 = DIRECTION ( 'NONE',  ( -0.001975404771559541132, 0.000000000000000000, 0.9999980488860907846 ) ) ;
#3437 = DIRECTION ( 'NONE',  ( -0.8650360116844534319, 0.000000000000000000, -0.5017097751579635556 ) ) ;
#3438 = ORIENTED_EDGE ( 'NONE', *, *, #598, .F. ) ;
#3439 = DIRECTION ( 'NONE',  ( 0.000000000000000000, -1.000000000000000000, 0.000000000000000000 ) ) ;
#3440 = CARTESIAN_POINT ( 'NONE',  ( -78.40211102539342392, 0.000000000000000000, 13.06606104667467250 ) ) ;
#3441 = DIRECTION ( 'NONE',  ( 0.5006088260261505329, -0.000000000000000000, 0.8656736124572120827 ) ) ;
#3442 = DIRECTION ( 'NONE',  ( 0.5000000000000006661, 0.000000000000000000, -0.8660254037844382635 ) ) ;
#3443 = ORIENTED_EDGE ( 'NONE', *, *, #878, .T. ) ;
#3444 = DIRECTION ( 'NONE',  ( -0.000000000000000000, 1.000000000000000000, -0.000000000000000000 ) ) ;
#3445 = DIRECTION ( 'NONE',  ( -2.673639354406769807E-16, 0.000000000000000000, -1.000000000000000000 ) ) ;
#3446 = VERTEX_POINT ( 'NONE', #2853 ) ;
#3447 = LINE ( 'NONE', #1987, #607 ) ;
#3448 = ORIENTED_EDGE ( 'NONE', *, *, #40, .T. ) ;
#3449 = VERTEX_POINT ( 'NONE', #2178 ) ;
#3450 = EDGE_CURVE ( 'NONE', #2549, #1903, #2536, .T. ) ;
#3451 = AXIS2_PLACEMENT_3D ( 'NONE', #1939, #1128, #2554 ) ;
#3452 = EDGE_CURVE ( 'NONE', #3846, #2101, #4025, .T. ) ;
#3453 = DIRECTION ( 'NONE',  ( 0.000000000000000000, -0.000000000000000000, -1.000000000000000000 ) ) ;
#3454 = EDGE_CURVE ( 'NONE', #4369, #1529, #3872, .T. ) ;
#3455 = DIRECTION ( 'NONE',  ( -1.000000000000000000, 0.000000000000000000, 0.000000000000000000 ) ) ;
#3456 = CARTESIAN_POINT ( 'NONE',  ( -7.799999999999958078, 0.000000000000000000, 26.42555455687866939 ) ) ;
#3457 = ORIENTED_EDGE ( 'NONE', *, *, #3775, .F. ) ;
#3458 = CARTESIAN_POINT ( 'NONE',  ( 76.00000000000001421, 10.00000000000000000, 21.25076433052315039 ) ) ;
#3459 = CARTESIAN_POINT ( 'NONE',  ( -75.79894513005741885, 0.000000000000000000, 17.56756383145217981 ) ) ;
#3460 = DIRECTION ( 'NONE',  ( -0.000000000000000000, 1.000000000000000000, -0.000000000000000000 ) ) ;
#3461 = VECTOR ( 'NONE', #2784, 1000.000000000000000 ) ;
#3462 = CARTESIAN_POINT ( 'NONE',  ( -9.299999999999968736, 2.500000000000000444, 20.60598270084804895 ) ) ;
#3463 = ORIENTED_EDGE ( 'NONE', *, *, #3, .T. ) ;
#3464 = DIRECTION ( 'NONE',  ( 0.6545016714496864063, -0.6545016714496835197, -0.3784905865925033974 ) ) ;
#3465 = CARTESIAN_POINT ( 'NONE',  ( -9.299999999999968736, -6.000000000000000000, 20.60598270084804895 ) ) ;
#3466 = ORIENTED_EDGE ( 'NONE', *, *, #349, .F. ) ;
#3467 = AXIS2_PLACEMENT_3D ( 'NONE', #3797, #2713, #616 ) ;
#3468 = DIRECTION ( 'NONE',  ( -0.000000000000000000, 1.000000000000000000, -0.000000000000000000 ) ) ;
#3469 = VERTEX_POINT ( 'NONE', #1526 ) ;
#3470 = CARTESIAN_POINT ( 'NONE',  ( -81.00000000000000000, 10.00000000000000000, 21.90598270084804966 ) ) ;
#3471 = VECTOR ( 'NONE', #1874, 1000.000000000000000 ) ;
#3472 = EDGE_LOOP ( 'NONE', ( #3966, #923, #832, #1894, #116, #1274 ) ) ;
#3473 = ADVANCED_FACE ( 'NONE', ( #124 ), #3332, .F. ) ;
#3474 = EDGE_CURVE ( 'NONE', #2515, #2863, #2230, .T. ) ;
#3475 = VECTOR ( 'NONE', #397, 1000.000000000000000 ) ;
#3476 = EDGE_CURVE ( 'NONE', #1374, #3694, #1570, .T. ) ;
#3477 = PLANE ( 'NONE',  #2638 ) ;
#3478 = CARTESIAN_POINT ( 'NONE',  ( 78.39999999999999147, -13.20000000000000462, 17.31828170427217373 ) ) ;
#3479 = VERTEX_POINT ( 'NONE', #144 ) ;
#3480 = VECTOR ( 'NONE', #2297, 1000.000000000000000 ) ;
#3481 = DIRECTION ( 'NONE',  ( -0.000000000000000000, -0.000000000000000000, 1.000000000000000000 ) ) ;
#3482 = ORIENTED_EDGE ( 'NONE', *, *, #443, .T. ) ;
#3483 = LINE ( 'NONE', #3458, #3270 ) ;
#3484 = CARTESIAN_POINT ( 'NONE',  ( -9.299999999999968736, -6.000000000000000000, 20.60598270084804895 ) ) ;
#3485 = CARTESIAN_POINT ( 'NONE',  ( 78.40593060247839219, 3.000000000000000000, 13.06606616216203776 ) ) ;
#3486 = LINE ( 'NONE', #4568, #2914 ) ;
#3487 = ORIENTED_EDGE ( 'NONE', *, *, #2980, .F. ) ;
#3488 = EDGE_CURVE ( 'NONE', #4069, #650, #168, .T. ) ;
#3489 = CARTESIAN_POINT ( 'NONE',  ( 56.00000000000000000, 10.00000000000000000, 96.25076433052315394 ) ) ;
#3490 = DIRECTION ( 'NONE',  ( -0.000000000000000000, 1.000000000000000000, -0.000000000000000000 ) ) ;
#3491 = ORIENTED_EDGE ( 'NONE', *, *, #1887, .T. ) ;
#3492 = FACE_OUTER_BOUND ( 'NONE', #1921, .T. ) ;
#3493 = ORIENTED_EDGE ( 'NONE', *, *, #1515, .F. ) ;
#3494 = LINE ( 'NONE', #1753, #2673 ) ;
#3495 = ORIENTED_EDGE ( 'NONE', *, *, #3163, .F. ) ;
#3496 = ORIENTED_EDGE ( 'NONE', *, *, #2882, .F. ) ;
#3497 = AXIS2_PLACEMENT_3D ( 'NONE', #4570, #1652, #2768 ) ;
#3498 = ORIENTED_EDGE ( 'NONE', *, *, #2280, .T. ) ;
#3499 = DIRECTION ( 'NONE',  ( 1.000000000000000000, -0.000000000000000000, 2.673639354406774245E-16 ) ) ;
#3500 = DIRECTION ( 'NONE',  ( 0.000000000000000000, -1.000000000000000000, 0.000000000000000000 ) ) ;
#3501 = CARTESIAN_POINT ( 'NONE',  ( -78.64472903534151271, 0.000000000000000000, -25.18939265846792352 ) ) ;
#3502 = ORIENTED_EDGE ( 'NONE', *, *, #1333, .T. ) ;
#3503 = FACE_OUTER_BOUND ( 'NONE', #2840, .T. ) ;
#3504 = FACE_OUTER_BOUND ( 'NONE', #3649, .T. ) ;
#3505 = EDGE_CURVE ( 'NONE', #3730, #4261, #3732, .T. ) ;
#3506 = LINE ( 'NONE', #3200, #3772 ) ;
#3507 = DIRECTION ( 'NONE',  ( 0.000000000000000000, 0.000000000000000000, 1.000000000000000000 ) ) ;
#3508 = ORIENTED_EDGE ( 'NONE', *, *, #4534, .T. ) ;
#3509 = DIRECTION ( 'NONE',  ( 2.197316402903953654E-14, 0.000000000000000000, 1.000000000000000000 ) ) ;
#3510 = AXIS2_PLACEMENT_3D ( 'NONE', #3232, #1452, #1026 ) ;
#3511 = CARTESIAN_POINT ( 'NONE',  ( -76.05823654365040909, 3.000000000000000000, -20.67828895865947558 ) ) ;
#3512 = ORIENTED_EDGE ( 'NONE', *, *, #4595, .T. ) ;
#3513 = CARTESIAN_POINT ( 'NONE',  ( 47.00000000000000000, 5.000000000000000000, 101.0000000000000000 ) ) ;
#3514 = ADVANCED_FACE ( 'NONE', ( #2994 ), #3033, .F. ) ;
#3515 = ORIENTED_EDGE ( 'NONE', *, *, #3337, .F. ) ;
#3516 = CARTESIAN_POINT ( 'NONE',  ( -16.52520088797338715, 2.200000000000000178, 84.38059887544430637 ) ) ;
#3517 = DIRECTION ( 'NONE',  ( 0.9999997527868660363, 0.000000000000000000, -0.0007031544687453806152 ) ) ;
#3518 = AXIS2_PLACEMENT_3D ( 'NONE', #2272, #1960, #2972 ) ;
#3519 = VERTEX_POINT ( 'NONE', #4444 ) ;
#3520 = EDGE_LOOP ( 'NONE', ( #3539, #4221, #4034, #23 ) ) ;
#3521 = VERTEX_POINT ( 'NONE', #1240 ) ;
#3522 = DIRECTION ( 'NONE',  ( -0.000000000000000000, 1.000000000000000000, -0.000000000000000000 ) ) ;
#3523 = CARTESIAN_POINT ( 'NONE',  ( 56.00000000000000000, 5.000000000000000000, 96.25076433052315394 ) ) ;
#3524 = CARTESIAN_POINT ( 'NONE',  ( 0.000000000000000000, 3.000000000000000000, 0.000000000000000000 ) ) ;
#3525 = VERTEX_POINT ( 'NONE', #845 ) ;
#3526 = LINE ( 'NONE', #1814, #800 ) ;
#3527 = CARTESIAN_POINT ( 'NONE',  ( 9.300000000000030909, -6.000000000000000000, 31.92555455687869070 ) ) ;
#3528 = PLANE ( 'NONE',  #1667 ) ;
#3529 = CARTESIAN_POINT ( 'NONE',  ( 79.00000000000004263, 5.000000000000000000, -30.00000000000000000 ) ) ;
#3530 = EDGE_LOOP ( 'NONE', ( #197, #3390, #2428, #209, #4166, #1450, #2395, #2820, #4538 ) ) ;
#3531 = DIRECTION ( 'NONE',  ( -0.000000000000000000, -0.7071067811865475727, 0.7071067811865475727 ) ) ;
#3532 = ADVANCED_FACE ( 'NONE', ( #1217 ), #2274, .F. ) ;
#3533 = FACE_BOUND ( 'NONE', #1396, .T. ) ;
#3534 = ORIENTED_EDGE ( 'NONE', *, *, #4614, .T. ) ;
#3535 = EDGE_CURVE ( 'NONE', #1565, #3213, #3356, .T. ) ;
#3536 = LINE ( 'NONE', #2506, #4006 ) ;
#3537 = AXIS2_PLACEMENT_3D ( 'NONE', #705, #4318, #4588 ) ;
#3538 = CARTESIAN_POINT ( 'NONE',  ( -78.39999999999999147, 3.000000000000000888, 14.81828170427217728 ) ) ;
#3539 = ORIENTED_EDGE ( 'NONE', *, *, #1812, .T. ) ;
#3540 = CYLINDRICAL_SURFACE ( 'NONE', #4636, 1.249999999999997558 ) ;
#3541 = LINE ( 'NONE', #4578, #4315 ) ;
#3542 = AXIS2_PLACEMENT_3D ( 'NONE', #3823, #2392, #2137 ) ;
#3543 = EDGE_LOOP ( 'NONE', ( #120, #1955, #2193, #1262 ) ) ;
#3544 = EDGE_LOOP ( 'NONE', ( #3491, #4362, #2899, #3725 ) ) ;
#3545 = VECTOR ( 'NONE', #2126, 1000.000000000000000 ) ;
#3546 = EDGE_CURVE ( 'NONE', #2943, #2955, #2975, .T. ) ;
#3547 = VERTEX_POINT ( 'NONE', #4089 ) ;
#3548 = FACE_OUTER_BOUND ( 'NONE', #594, .T. ) ;
#3549 = CARTESIAN_POINT ( 'NONE',  ( -42.99999999999980105, 5.000000000000000000, 4.500000000000142997 ) ) ;
#3550 = DIRECTION ( 'NONE',  ( 0.000000000000000000, 0.000000000000000000, 1.000000000000000000 ) ) ;
#3551 = AXIS2_PLACEMENT_3D ( 'NONE', #754, #1534, #15 ) ;
#3552 = ORIENTED_EDGE ( 'NONE', *, *, #3014, .F. ) ;
#3553 = CARTESIAN_POINT ( 'NONE',  ( 18.03108891324579233, 2.200000000000000178, 87.00000000000009948 ) ) ;
#3554 = CIRCLE ( 'NONE', #697, 1.250000000000001110 ) ;
#3555 = CARTESIAN_POINT ( 'NONE',  ( 42.99999999999978684, 5.000000000000000000, 4.500000000000170530 ) ) ;
#3556 = DIRECTION ( 'NONE',  ( -0.000000000000000000, -1.000000000000000000, -0.000000000000000000 ) ) ;
#3557 = ORIENTED_EDGE ( 'NONE', *, *, #4438, .T. ) ;
#3558 = EDGE_CURVE ( 'NONE', #2706, #285, #1900, .T. ) ;
#3559 = PLANE ( 'NONE',  #4255 ) ;
#3560 = EDGE_CURVE ( 'NONE', #1869, #1925, #1548, .T. ) ;
#3561 = DIRECTION ( 'NONE',  ( 0.000000000000000000, -0.000000000000000000, 1.000000000000000000 ) ) ;
#3562 = VERTEX_POINT ( 'NONE', #3376 ) ;
#3563 = FACE_OUTER_BOUND ( 'NONE', #2214, .T. ) ;
#3564 = EDGE_CURVE ( 'NONE', #1957, #3695, #1922, .T. ) ;
#3565 = EDGE_LOOP ( 'NONE', ( #1555, #995, #2824, #722, #3844, #4663 ) ) ;
#3566 = EDGE_CURVE ( 'NONE', #661, #3066, #2813, .T. ) ;
#3567 = DIRECTION ( 'NONE',  ( -0.4974024022482887997, 0.000000000000000000, -0.8675199422708572694 ) ) ;
#3568 = LINE ( 'NONE', #2829, #3093 ) ;
#3569 = EDGE_LOOP ( 'NONE', ( #251, #2342, #3382, #1349 ) ) ;
#3570 = AXIS2_PLACEMENT_3D ( 'NONE', #3511, #4242, #2502 ) ;
#3571 = EDGE_LOOP ( 'NONE', ( #584, #2121, #3195, #480 ) ) ;
#3572 = EDGE_CURVE ( 'NONE', #2034, #1869, #3751, .T. ) ;
#3573 = CIRCLE ( 'NONE', #3952, 1.250000000000001110 ) ;
#3574 = VECTOR ( 'NONE', #2468, 1000.000000000000000 ) ;
#3575 = ORIENTED_EDGE ( 'NONE', *, *, #804, .F. ) ;
#3576 = CARTESIAN_POINT ( 'NONE',  ( 79.00000000000000000, 0.000000000000000000, -27.99999999999999645 ) ) ;
#3577 = CARTESIAN_POINT ( 'NONE',  ( 18.03108891324579943, 0.000000000000000000, 87.00000000000009948 ) ) ;
#3578 = ADVANCED_FACE ( 'NONE', ( #549 ), #1962, .T. ) ;
#3579 = EDGE_CURVE ( 'NONE', #176, #2549, #4486, .T. ) ;
#3580 = ORIENTED_EDGE ( 'NONE', *, *, #2260, .F. ) ;
#3581 = CARTESIAN_POINT ( 'NONE',  ( 7.800000000000030909, -6.000000000000000000, 28.92555455687869781 ) ) ;
#3582 = VECTOR ( 'NONE', #3210, 1000.000000000000000 ) ;
#3583 = ORIENTED_EDGE ( 'NONE', *, *, #3337, .T. ) ;
#3584 = FACE_OUTER_BOUND ( 'NONE', #1338, .T. ) ;
#3585 = CARTESIAN_POINT ( 'NONE',  ( -9.299999999999968736, -6.000000000000000000, 31.92555455687869070 ) ) ;
#3586 = FACE_OUTER_BOUND ( 'NONE', #4295, .T. ) ;
#3587 = DIRECTION ( 'NONE',  ( 0.000000000000000000, -1.000000000000000000, 0.000000000000000000 ) ) ;
#3588 = ORIENTED_EDGE ( 'NONE', *, *, #2720, .T. ) ;
#3589 = DIRECTION ( 'NONE',  ( 0.5031857961370476140, 0.000000000000000000, 0.8641782539302440558 ) ) ;
#3590 = CARTESIAN_POINT ( 'NONE',  ( -10.78525995046028996, 5.000000000000000000, 17.99689546334679591 ) ) ;
#3591 = ORIENTED_EDGE ( 'NONE', *, *, #3317, .T. ) ;
#3592 = DIRECTION ( 'NONE',  ( 0.4947203262777915556, 0.000000000000000000, 0.8690522416791729432 ) ) ;
#3593 = CARTESIAN_POINT ( 'NONE',  ( -78.66272347907712970, 0.000000000000000000, -19.18497682232466417 ) ) ;
#3594 = ORIENTED_EDGE ( 'NONE', *, *, #1913, .F. ) ;
#3595 = DIRECTION ( 'NONE',  ( 0.5773502691896230665, -0.5773502691896271743, 0.5773502691896271743 ) ) ;
#3596 = CARTESIAN_POINT ( 'NONE',  ( 0.000000000000000000, 3.000000000000000000, 0.000000000000000000 ) ) ;
#3597 = ORIENTED_EDGE ( 'NONE', *, *, #572, .F. ) ;
#3598 = ORIENTED_EDGE ( 'NONE', *, *, #915, .F. ) ;
#3599 = AXIS2_PLACEMENT_3D ( 'NONE', #2827, #2316, #797 ) ;
#3600 = EDGE_CURVE ( 'NONE', #2990, #4640, #3798, .T. ) ;
#3601 = ORIENTED_EDGE ( 'NONE', *, *, #524, .F. ) ;
#3602 = CARTESIAN_POINT ( 'NONE',  ( -45.24999999999980815, 10.00000000000000000, 45.50000000000009948 ) ) ;
#3603 = EDGE_CURVE ( 'NONE', #4629, #2774, #2006, .T. ) ;
#3604 = CARTESIAN_POINT ( 'NONE',  ( 13.48445554337749819, 0.000000000000000000, 84.37500000000012790 ) ) ;
#3605 = AXIS2_PLACEMENT_3D ( 'NONE', #2424, #2335, #930 ) ;
#3606 = CARTESIAN_POINT ( 'NONE',  ( 76.05372625720931978, 0.000000000000000000, -23.68829544028932688 ) ) ;
#3607 = ORIENTED_EDGE ( 'NONE', *, *, #2842, .T. ) ;
#3608 = CARTESIAN_POINT ( 'NONE',  ( 81.00000000000000000, 5.000000000000000000, -23.83478436318959481 ) ) ;
#3609 = LINE ( 'NONE', #4370, #2031 ) ;
#3610 = DIRECTION ( 'NONE',  ( -0.2576626505603321626, 0.000000000000000000, -0.9662349396012462899 ) ) ;
#3611 = LINE ( 'NONE', #3637, #3294 ) ;
#3612 = EDGE_LOOP ( 'NONE', ( #1695, #1626 ) ) ;
#3613 = DIRECTION ( 'NONE',  ( -0.000000000000000000, -1.000000000000000000, -0.000000000000000000 ) ) ;
#3614 = CARTESIAN_POINT ( 'NONE',  ( -40.74999999999978684, 10.00000000000000000, 4.500000000000142997 ) ) ;
#3615 = AXIS2_PLACEMENT_3D ( 'NONE', #3416, #1981, #3054 ) ;
#3616 = VERTEX_POINT ( 'NONE', #237 ) ;
#3617 = CARTESIAN_POINT ( 'NONE',  ( 76.05372625720931978, 3.000000000000000000, -23.68829544028932688 ) ) ;
#3618 = CARTESIAN_POINT ( 'NONE',  ( 82.82094627686906563, 3.820946276869061187, 15.62671854125101412 ) ) ;
#3619 = ORIENTED_EDGE ( 'NONE', *, *, #3474, .F. ) ;
#3620 = CARTESIAN_POINT ( 'NONE',  ( -74.99999999999998579, 2.000000000000001776, -30.00000000000000000 ) ) ;
#3621 = DIRECTION ( 'NONE',  ( 0.000000000000000000, 1.000000000000000000, -0.000000000000000000 ) ) ;
#3622 = ORIENTED_EDGE ( 'NONE', *, *, #1674, .T. ) ;
#3623 = VECTOR ( 'NONE', #3359, 1000.000000000000000 ) ;
#3624 = ORIENTED_EDGE ( 'NONE', *, *, #3988, .T. ) ;
#3625 = CARTESIAN_POINT ( 'NONE',  ( 81.00000000000001421, 3.000000000000000000, 14.57059309120910306 ) ) ;
#3626 = VECTOR ( 'NONE', #3037, 1000.000000000000000 ) ;
#3627 = DIRECTION ( 'NONE',  ( 2.673639354406774245E-16, 0.000000000000000000, -1.000000000000000000 ) ) ;
#3628 = CARTESIAN_POINT ( 'NONE',  ( -9.299999999999968736, -1.000000000000028644, 28.92555455687870847 ) ) ;
#3629 = ADVANCED_FACE ( 'NONE', ( #4241 ), #3059, .F. ) ;
#3630 = ORIENTED_EDGE ( 'NONE', *, *, #2999, .F. ) ;
#3631 = CARTESIAN_POINT ( 'NONE',  ( -61.00000000000001421, 5.000000000000000000, 96.90598270084805677 ) ) ;
#3632 = ADVANCED_FACE ( 'NONE', ( #3080 ), #2072, .T. ) ;
#3633 = VECTOR ( 'NONE', #133, 1000.000000000000000 ) ;
#3634 = LINE ( 'NONE', #1843, #2487 ) ;
#3635 = CARTESIAN_POINT ( 'NONE',  ( 40.74999999999977263, 5.000000000000000000, 4.500000000000170530 ) ) ;
#3636 = VECTOR ( 'NONE', #3455, 1000.000000000000000 ) ;
#3637 = CARTESIAN_POINT ( 'NONE',  ( -45.24999999999980815, 10.00000000000000000, 45.50000000000009948 ) ) ;
#3638 = ORIENTED_EDGE ( 'NONE', *, *, #54, .T. ) ;
#3639 = FACE_OUTER_BOUND ( 'NONE', #3950, .T. ) ;
#3640 = CARTESIAN_POINT ( 'NONE',  ( -40.74999999999979394, 5.000000000000000000, 45.50000000000012079 ) ) ;
#3641 = VECTOR ( 'NONE', #4179, 1000.000000000000000 ) ;
#3642 = DIRECTION ( 'NONE',  ( 1.000000000000000000, 0.000000000000000000, 0.000000000000000000 ) ) ;
#3643 = CARTESIAN_POINT ( 'NONE',  ( 9.300000000000030909, -6.000000000000000000, 20.60598270084804895 ) ) ;
#3644 = ADVANCED_FACE ( 'NONE', ( #2709 ), #281, .F. ) ;
#3645 = CARTESIAN_POINT ( 'NONE',  ( 9.300000000000030909, -1.000000000000014655, 17.95598270084804682 ) ) ;
#3646 = ORIENTED_EDGE ( 'NONE', *, *, #219, .F. ) ;
#3647 = DIRECTION ( 'NONE',  ( 0.000000000000000000, 0.000000000000000000, 1.000000000000000000 ) ) ;
#3648 = DIRECTION ( 'NONE',  ( 0.000000000000000000, 0.000000000000000000, 1.000000000000000000 ) ) ;
#3649 = EDGE_LOOP ( 'NONE', ( #460, #3381, #2618, #658, #1212, #1293, #1027 ) ) ;
#3650 = ORIENTED_EDGE ( 'NONE', *, *, #3122, .F. ) ;
#3651 = VECTOR ( 'NONE', #259, 1000.000000000000000 ) ;
#3652 = FACE_OUTER_BOUND ( 'NONE', #2692, .T. ) ;
#3653 = DIRECTION ( 'NONE',  ( -0.5000000000000006661, 0.000000000000000000, 0.8660254037844382635 ) ) ;
#3654 = CARTESIAN_POINT ( 'NONE',  ( 80.99702962586462718, 3.000000000000000000, 17.57452552773328236 ) ) ;
#3655 = VECTOR ( 'NONE', #1910, 1000.000000000000114 ) ;
#3656 = ORIENTED_EDGE ( 'NONE', *, *, #2646, .T. ) ;
#3657 = CARTESIAN_POINT ( 'NONE',  ( 50.00000000000000000, 3.999999999999988898, 110.0000000000000000 ) ) ;
#3658 = CARTESIAN_POINT ( 'NONE',  ( -9.299999999999968736, -1.000000000000013101, 23.25598270084804753 ) ) ;
#3659 = ORIENTED_EDGE ( 'NONE', *, *, #3910, .T. ) ;
#3660 = FACE_OUTER_BOUND ( 'NONE', #3923, .T. ) ;
#3661 = VERTEX_POINT ( 'NONE', #1716 ) ;
#3662 = DIRECTION ( 'NONE',  ( -1.000000000000000000, -0.000000000000000000, -0.000000000000000000 ) ) ;
#3663 = AXIS2_PLACEMENT_3D ( 'NONE', #1121, #2864, #2445 ) ;
#3664 = CARTESIAN_POINT ( 'NONE',  ( 78.65372625720931410, -13.20000000000000462, -23.43718474039629385 ) ) ;
#3665 = ORIENTED_EDGE ( 'NONE', *, *, #3248, .T. ) ;
#3666 = CARTESIAN_POINT ( 'NONE',  ( -14.99999999999974598, 5.000000000000000888, 87.00000000000012790 ) ) ;
#3667 = CARTESIAN_POINT ( 'NONE',  ( -12.30216580359597778, 5.000000000000000000, 20.58771193041968317 ) ) ;
#3668 = ORIENTED_EDGE ( 'NONE', *, *, #598, .T. ) ;
#3669 = DIRECTION ( 'NONE',  ( 0.000000000000000000, -1.000000000000000000, 0.000000000000000000 ) ) ;
#3670 = DIRECTION ( 'NONE',  ( -0.000000000000000000, -1.000000000000000000, -0.000000000000000000 ) ) ;
#3671 = VECTOR ( 'NONE', #1021, 1000.000000000000114 ) ;
#3672 = ORIENTED_EDGE ( 'NONE', *, *, #3716, .F. ) ;
#3673 = EDGE_CURVE ( 'NONE', #3695, #2767, #2750, .T. ) ;
#3674 = VECTOR ( 'NONE', #3685, 1000.000000000000000 ) ;
#3675 = ADVANCED_FACE ( 'NONE', ( #210 ), #3151, .F. ) ;
#3676 = CARTESIAN_POINT ( 'NONE',  ( 78.65372625720931410, 3.000000000000000000, -25.18940614018234925 ) ) ;
#3677 = DIRECTION ( 'NONE',  ( 0.000000000000000000, 1.000000000000000000, 0.000000000000000000 ) ) ;
#3678 = DIRECTION ( 'NONE',  ( -0.000000000000000000, -1.000000000000000000, -0.000000000000000000 ) ) ;
#3679 = VECTOR ( 'NONE', #886, 1000.000000000000000 ) ;
#3680 = DIRECTION ( 'NONE',  ( 0.7071067811865482389, -0.7071067811865469066, 0.000000000000000000 ) ) ;
#3681 = CARTESIAN_POINT ( 'NONE',  ( 15.00000000000025402, 22.50000000000000000, 87.00000000000012790 ) ) ;
#3682 = FACE_OUTER_BOUND ( 'NONE', #2869, .T. ) ;
#3683 = ORIENTED_EDGE ( 'NONE', *, *, #57, .F. ) ;
#3684 = DIRECTION ( 'NONE',  ( -1.692413147294447942E-16, -0.000000000000000000, 1.000000000000000000 ) ) ;
#3685 = DIRECTION ( 'NONE',  ( -0.000000000000000000, 1.000000000000000000, -0.000000000000000000 ) ) ;
#3686 = VERTEX_POINT ( 'NONE', #3814 ) ;
#3687 = DIRECTION ( 'NONE',  ( 0.000000000000000000, 0.000000000000000000, 1.000000000000000000 ) ) ;
#3688 = CARTESIAN_POINT ( 'NONE',  ( 9.300000000000030909, -1.000000000000028644, 28.92555455687870847 ) ) ;
#3689 = ORIENTED_EDGE ( 'NONE', *, *, #2437, .T. ) ;
#3690 = EDGE_CURVE ( 'NONE', #4139, #4619, #4216, .T. ) ;
#3691 = DIRECTION ( 'NONE',  ( 0.5000000000000006661, 0.000000000000000000, -0.8660254037844382635 ) ) ;
#3692 = EDGE_CURVE ( 'NONE', #2520, #4298, #932, .T. ) ;
#3693 = DIRECTION ( 'NONE',  ( 0.7071067811865462405, 0.7071067811865489050, 1.890548517948249595E-16 ) ) ;
#3694 = VERTEX_POINT ( 'NONE', #3861 ) ;
#3695 = VERTEX_POINT ( 'NONE', #2360 ) ;
#3696 = LINE ( 'NONE', #2261, #1462 ) ;
#3697 = CARTESIAN_POINT ( 'NONE',  ( 0.000000000000000000, 0.000000000000000000, 0.000000000000000000 ) ) ;
#3698 = EDGE_CURVE ( 'NONE', #1064, #2490, #1321, .T. ) ;
#3699 = CIRCLE ( 'NONE', #679, 1.500000000000001332 ) ;
#3700 = CARTESIAN_POINT ( 'NONE',  ( 50.00000000000000000, 2.500000000000000000, 101.0000000000000142 ) ) ;
#3701 = CARTESIAN_POINT ( 'NONE',  ( 10.80111069989304262, 5.000000000000000000, 18.00598270084806174 ) ) ;
#3702 = VECTOR ( 'NONE', #2429, 1000.000000000000000 ) ;
#3703 = ORIENTED_EDGE ( 'NONE', *, *, #92, .F. ) ;
#3704 = DIRECTION ( 'NONE',  ( -1.000000000000000000, 0.000000000000000000, -1.692413147294447942E-16 ) ) ;
#3705 = FACE_OUTER_BOUND ( 'NONE', #204, .T. ) ;
#3706 = LINE ( 'NONE', #3351, #2179 ) ;
#3707 = AXIS2_PLACEMENT_3D ( 'NONE', #2843, #2496, #3610 ) ;
#3708 = LINE ( 'NONE', #3288, #2035 ) ;
#3709 = CYLINDRICAL_SURFACE ( 'NONE', #743, 1.249999999999997558 ) ;
#3710 = ORIENTED_EDGE ( 'NONE', *, *, #2256, .T. ) ;
#3711 = DIRECTION ( 'NONE',  ( -0.000000000000000000, -1.000000000000000000, -0.000000000000000000 ) ) ;
#3712 = AXIS2_PLACEMENT_3D ( 'NONE', #2777, #3134, #1433 ) ;
#3713 = LINE ( 'NONE', #488, #3174 ) ;
#3714 = ORIENTED_EDGE ( 'NONE', *, *, #4543, .F. ) ;
#3715 = CIRCLE ( 'NONE', #550, 2.500000000000033307 ) ;
#3716 = EDGE_CURVE ( 'NONE', #2606, #489, #1371, .T. ) ;
#3717 = DIRECTION ( 'NONE',  ( -0.000000000000000000, 1.000000000000000000, -0.000000000000000000 ) ) ;
#3718 = PLANE ( 'NONE',  #4590 ) ;
#3719 = ADVANCED_FACE ( 'NONE', ( #1675 ), #636, .F. ) ;
#3720 = DIRECTION ( 'NONE',  ( 0.000000000000000000, 0.000000000000000000, -1.000000000000000000 ) ) ;
#3721 = AXIS2_PLACEMENT_3D ( 'NONE', #402, #1842, #3277 ) ;
#3722 = DIRECTION ( 'NONE',  ( -2.775557561562875574E-15, 0.000000000000000000, 1.000000000000000000 ) ) ;
#3723 = ORIENTED_EDGE ( 'NONE', *, *, #3476, .T. ) ;
#3724 = CARTESIAN_POINT ( 'NONE',  ( 79.00000000000001421, 0.000000000000000000, -2.112175089981348759E-14 ) ) ;
#3725 = ORIENTED_EDGE ( 'NONE', *, *, #1567, .T. ) ;
#3726 = AXIS2_PLACEMENT_3D ( 'NONE', #2442, #2113, #3550 ) ;
#3727 = DIRECTION ( 'NONE',  ( 0.000000000000000000, 0.000000000000000000, -1.000000000000000000 ) ) ;
#3728 = CARTESIAN_POINT ( 'NONE',  ( -18.03106836055345141, 2.200000000000000178, 87.01116215258194586 ) ) ;
#3729 = CYLINDRICAL_SURFACE ( 'NONE', #583, 1.250000000000001110 ) ;
#3730 = VERTEX_POINT ( 'NONE', #612 ) ;
#3731 = VECTOR ( 'NONE', #772, 999.9999999999998863 ) ;
#3732 = LINE ( 'NONE', #4404, #39 ) ;
#3733 = LINE ( 'NONE', #2928, #617 ) ;
#3734 = ORIENTED_EDGE ( 'NONE', *, *, #4229, .F. ) ;
#3735 = CARTESIAN_POINT ( 'NONE',  ( -61.00000000000002132, 2.000000000000001776, 110.0000000000000000 ) ) ;
#3736 =( GEOMETRIC_REPRESENTATION_CONTEXT ( 3 ) GLOBAL_UNCERTAINTY_ASSIGNED_CONTEXT ( ( #4364 ) ) GLOBAL_UNIT_ASSIGNED_CONTEXT ( ( #1575, #1207, #514 ) ) REPRESENTATION_CONTEXT ( 'NONE', 'WORKASPACE' ) );
#3737 = ORIENTED_EDGE ( 'NONE', *, *, #576, .T. ) ;
#3738 = EDGE_CURVE ( 'NONE', #4527, #18, #2382, .T. ) ;
#3739 = FACE_OUTER_BOUND ( 'NONE', #4176, .T. ) ;
#3740 = EDGE_CURVE ( 'NONE', #1374, #213, #590, .T. ) ;
#3741 = EDGE_CURVE ( 'NONE', #3130, #3562, #3104, .T. ) ;
#3742 = LINE ( 'NONE', #1577, #4305 ) ;
#3743 = DIRECTION ( 'NONE',  ( 0.000000000000000000, 0.000000000000000000, 1.000000000000000000 ) ) ;
#3744 = EDGE_LOOP ( 'NONE', ( #2136, #2463, #1796, #4335 ) ) ;
#3745 = LINE ( 'NONE', #3724, #4638 ) ;
#3746 = ORIENTED_EDGE ( 'NONE', *, *, #2391, .F. ) ;
#3747 = CARTESIAN_POINT ( 'NONE',  ( -45.24999999999980815, 5.000000000000000000, 45.50000000000009948 ) ) ;
#3748 = LINE ( 'NONE', #1470, #3328 ) ;
#3749 = CARTESIAN_POINT ( 'NONE',  ( 78.65372625720931410, 3.000000000000000000, -19.18496334061024200 ) ) ;
#3750 = VERTEX_POINT ( 'NONE', #2401 ) ;
#3751 = LINE ( 'NONE', #527, #1995 ) ;
#3752 = LINE ( 'NONE', #2732, #1231 ) ;
#3753 = VERTEX_POINT ( 'NONE', #3836 ) ;
#3754 = FACE_OUTER_BOUND ( 'NONE', #909, .T. ) ;
#3755 = ORIENTED_EDGE ( 'NONE', *, *, #821, .F. ) ;
#3756 = CARTESIAN_POINT ( 'NONE',  ( -80.99999999999998579, 2.000000000000001776, -27.99999999999999645 ) ) ;
#3757 = VECTOR ( 'NONE', #1018, 1000.000000000000114 ) ;
#3758 = PLANE ( 'NONE',  #1086 ) ;
#3759 = EDGE_CURVE ( 'NONE', #3469, #2041, #2048, .T. ) ;
#3760 = EDGE_CURVE ( 'NONE', #3049, #2497, #1451, .T. ) ;
#3761 = VERTEX_POINT ( 'NONE', #2476 ) ;
#3762 = LINE ( 'NONE', #1275, #1029 ) ;
#3763 = CIRCLE ( 'NONE', #2712, 1.500000000000001332 ) ;
#3764 = ORIENTED_EDGE ( 'NONE', *, *, #2013, .F. ) ;
#3765 = CARTESIAN_POINT ( 'NONE',  ( -56.00000000000002132, 10.00000000000000000, 105.0000000000000142 ) ) ;
#3766 = EDGE_CURVE ( 'NONE', #2767, #1162, #3913, .T. ) ;
#3767 = DIRECTION ( 'NONE',  ( -0.2576626505603321626, 0.000000000000000000, -0.9662349396012462899 ) ) ;
#3768 = FACE_OUTER_BOUND ( 'NONE', #2499, .T. ) ;
#3769 = ORIENTED_EDGE ( 'NONE', *, *, #3215, .T. ) ;
#3770 = DIRECTION ( 'NONE',  ( 0.000000000000000000, -1.000000000000000000, 0.000000000000000000 ) ) ;
#3771 = DIRECTION ( 'NONE',  ( 0.000000000000000000, 1.000000000000000000, 0.000000000000000000 ) ) ;
#3772 = VECTOR ( 'NONE', #4648, 1000.000000000000114 ) ;
#3773 = ORIENTED_EDGE ( 'NONE', *, *, #4091, .F. ) ;
#3774 = FACE_OUTER_BOUND ( 'NONE', #2125, .T. ) ;
#3775 = EDGE_CURVE ( 'NONE', #719, #1484, #2172, .T. ) ;
#3776 = EDGE_CURVE ( 'NONE', #3817, #4323, #1126, .T. ) ;
#3777 = VECTOR ( 'NONE', #270, 1000.000000000000000 ) ;
#3778 = ORIENTED_EDGE ( 'NONE', *, *, #4473, .F. ) ;
#3779 = ORIENTED_EDGE ( 'NONE', *, *, #3692, .F. ) ;
#3780 = VECTOR ( 'NONE', #4381, 1000.000000000000114 ) ;
#3781 = EDGE_CURVE ( 'NONE', #1441, #3849, #2821, .T. ) ;
#3782 = DIRECTION ( 'NONE',  ( 0.000000000000000000, -1.000000000000000000, 0.000000000000000000 ) ) ;
#3783 = DIRECTION ( 'NONE',  ( 0.5000000000000011102, 0.000000000000000000, 0.8660254037844379305 ) ) ;
#3784 = CARTESIAN_POINT ( 'NONE',  ( -42.99999999999980105, 0.000000000000000000, 2.250000000000133671 ) ) ;
#3785 = VERTEX_POINT ( 'NONE', #682 ) ;
#3786 = ORIENTED_EDGE ( 'NONE', *, *, #2624, .T. ) ;
#3787 = LINE ( 'NONE', #969, #628 ) ;
#3788 = DIRECTION ( 'NONE',  ( -0.8629664911646801606, 0.000000000000000000, -0.5052611553710814052 ) ) ;
#3789 = VECTOR ( 'NONE', #3684, 1000.000000000000000 ) ;
#3790 = CARTESIAN_POINT ( 'NONE',  ( -78.66272347907712970, 3.000000000000000000, -19.18497682232466417 ) ) ;
#3791 = ORIENTED_EDGE ( 'NONE', *, *, #2816, .F. ) ;
#3792 = CARTESIAN_POINT ( 'NONE',  ( -7.799999999999958078, -1.000000000000028644, 33.42555455687870136 ) ) ;
#3793 = VECTOR ( 'NONE', #4289, 1000.000000000000000 ) ;
#3794 = EDGE_CURVE ( 'NONE', #3049, #3020, #1823, .T. ) ;
#3795 = DIRECTION ( 'NONE',  ( 0.000000000000000000, 1.000000000000000000, 0.000000000000000000 ) ) ;
#3796 = EDGE_LOOP ( 'NONE', ( #668, #3737, #2061, #3153 ) ) ;
#3797 = CARTESIAN_POINT ( 'NONE',  ( 13.48445554337748398, 2.200000000000000178, 89.62500000000012790 ) ) ;
#3798 = CIRCLE ( 'NONE', #3428, 1.500000000000001332 ) ;
#3799 = ORIENTED_EDGE ( 'NONE', *, *, #3287, .F. ) ;
#3800 = DIRECTION ( 'NONE',  ( 0.000000000000000000, 0.000000000000000000, -1.000000000000000000 ) ) ;
#3801 = EDGE_CURVE ( 'NONE', #2774, #1252, #107, .T. ) ;
#3802 = ORIENTED_EDGE ( 'NONE', *, *, #3603, .F. ) ;
#3803 = CARTESIAN_POINT ( 'NONE',  ( 81.00296022834304210, 3.000000000000000000, 14.57230998562313040 ) ) ;
#3804 = CARTESIAN_POINT ( 'NONE',  ( -78.65372625720931410, 3.000000000000000888, -20.93718474039629740 ) ) ;
#3805 = VERTEX_POINT ( 'NONE', #325 ) ;
#3806 = VERTEX_POINT ( 'NONE', #3203 ) ;
#3807 = PLANE ( 'NONE',  #1402 ) ;
#3808 = VECTOR ( 'NONE', #1872, 1000.000000000000000 ) ;
#3809 = CARTESIAN_POINT ( 'NONE',  ( 18.03108891324579233, 0.000000000000000000, 87.00000000000009948 ) ) ;
#3810 = CARTESIAN_POINT ( 'NONE',  ( -79.14370838656881801, 0.000000000000000000, 21.10498890308500108 ) ) ;
#3811 = DIRECTION ( 'NONE',  ( -0.2576626505603323292, -0.000000000000000000, -0.9662349396012462899 ) ) ;
#3812 = EDGE_LOOP ( 'NONE', ( #3144, #4517, #3205, #1481 ) ) ;
#3813 = VECTOR ( 'NONE', #4442, 1000.000000000000000 ) ;
#3814 = CARTESIAN_POINT ( 'NONE',  ( -11.96893163944603344, 0.000000000000000000, 86.98883784741830993 ) ) ;
#3815 = EDGE_CURVE ( 'NONE', #3730, #925, #3283, .T. ) ;
#3816 = FACE_OUTER_BOUND ( 'NONE', #529, .T. ) ;
#3817 = VERTEX_POINT ( 'NONE', #4324 ) ;
#3818 = DIRECTION ( 'NONE',  ( -0.000000000000000000, 1.000000000000000000, -0.000000000000000000 ) ) ;
#3819 = EDGE_CURVE ( 'NONE', #2535, #471, #3030, .T. ) ;
#3820 = ORIENTED_EDGE ( 'NONE', *, *, #3434, .F. ) ;
#3821 = EDGE_CURVE ( 'NONE', #2229, #3258, #2364, .T. ) ;
#3822 = VERTEX_POINT ( 'NONE', #4296 ) ;
#3823 = CARTESIAN_POINT ( 'NONE',  ( -7.799999999999968736, -6.000000000000000000, 31.92555455687869781 ) ) ;
#3824 = DIRECTION ( 'NONE',  ( -1.000000000000000000, 0.000000000000000000, 3.466879843239611994E-15 ) ) ;
#3825 = ORIENTED_EDGE ( 'NONE', *, *, #804, .T. ) ;
#3826 = VECTOR ( 'NONE', #586, 1000.000000000000000 ) ;
#3827 = FACE_BOUND ( 'NONE', #2538, .T. ) ;
#3828 = ORIENTED_EDGE ( 'NONE', *, *, #2675, .F. ) ;
#3829 = CARTESIAN_POINT ( 'NONE',  ( -78.65372625720931410, 10.00000000000000000, -22.18718474039629385 ) ) ;
#3830 = VECTOR ( 'NONE', #3099, 1000.000000000000114 ) ;
#3831 = LINE ( 'NONE', #3075, #4669 ) ;
#3832 = DIRECTION ( 'NONE',  ( 0.000000000000000000, 0.000000000000000000, 1.000000000000000000 ) ) ;
#3833 = VECTOR ( 'NONE', #4447, 1000.000000000000000 ) ;
#3834 = PLANE ( 'NONE',  #4056 ) ;
#3835 = VERTEX_POINT ( 'NONE', #2895 ) ;
#3836 = CARTESIAN_POINT ( 'NONE',  ( 9.300000000000030909, 2.500000000000000444, 19.35598270084804540 ) ) ;
#3837 = FACE_BOUND ( 'NONE', #2828, .T. ) ;
#3838 = EDGE_LOOP ( 'NONE', ( #3036, #2047, #4661, #2181 ) ) ;
#3839 = AXIS2_PLACEMENT_3D ( 'NONE', #3329, #2642, #100 ) ;
#3840 = FACE_OUTER_BOUND ( 'NONE', #2482, .T. ) ;
#3841 = ORIENTED_EDGE ( 'NONE', *, *, #4646, .F. ) ;
#3842 = CYLINDRICAL_SURFACE ( 'NONE', #3435, 1.250000000000001110 ) ;
#3843 = VECTOR ( 'NONE', #2243, 1000.000000000000114 ) ;
#3844 = ORIENTED_EDGE ( 'NONE', *, *, #3394, .F. ) ;
#3845 = VECTOR ( 'NONE', #1038, 1000.000000000000000 ) ;
#3846 = VERTEX_POINT ( 'NONE', #2198 ) ;
#3847 = CIRCLE ( 'NONE', #1834, 1.249999999999997558 ) ;
#3848 = ADVANCED_FACE ( 'NONE', ( #3639 ), #1769, .F. ) ;
#3849 = VERTEX_POINT ( 'NONE', #1848 ) ;
#3850 = LINE ( 'NONE', #1385, #4075 ) ;
#3851 = PLANE ( 'NONE',  #694 ) ;
#3852 = VERTEX_POINT ( 'NONE', #48 ) ;
#3853 = PLANE ( 'NONE',  #803 ) ;
#3854 = ORIENTED_EDGE ( 'NONE', *, *, #1850, .T. ) ;
#3855 = DIRECTION ( 'NONE',  ( -1.000000000000000000, -0.000000000000000000, -0.000000000000000000 ) ) ;
#3856 = EDGE_CURVE ( 'NONE', #1565, #2977, #2919, .T. ) ;
#3857 = CARTESIAN_POINT ( 'NONE',  ( 56.00000000000000000, 10.00000000000000000, 96.25076433052315394 ) ) ;
#3858 = DIRECTION ( 'NONE',  ( 1.000000000000000000, 0.000000000000000000, 0.000000000000000000 ) ) ;
#3859 = CARTESIAN_POINT ( 'NONE',  ( 0.000000000000000000, 10.00000000000000000, 0.000000000000000000 ) ) ;
#3860 = VERTEX_POINT ( 'NONE', #2571 ) ;
#3861 = CARTESIAN_POINT ( 'NONE',  ( -81.00000000000000000, 3.000000000000000000, 14.56838955826294324 ) ) ;
#3862 = DIRECTION ( 'NONE',  ( 0.000000000000000000, -1.000000000000000000, 0.000000000000000000 ) ) ;
#3863 = VECTOR ( 'NONE', #3439, 1000.000000000000000 ) ;
#3864 = VERTEX_POINT ( 'NONE', #1050 ) ;
#3865 = CARTESIAN_POINT ( 'NONE',  ( -81.00105486994254989, 3.000000000000000000, 14.56899957709215521 ) ) ;
#3866 = VECTOR ( 'NONE', #227, 1000.000000000000000 ) ;
#3867 = EDGE_LOOP ( 'NONE', ( #1461, #3588 ) ) ;
#3868 = CARTESIAN_POINT ( 'NONE',  ( 7.798889300106999656, 5.000000000000000000, 18.00598270084807240 ) ) ;
#3869 = CARTESIAN_POINT ( 'NONE',  ( 47.00000000000000000, 2.500000000000000000, 101.0000000000000000 ) ) ;
#3870 = ORIENTED_EDGE ( 'NONE', *, *, #2678, .F. ) ;
#3871 = ORIENTED_EDGE ( 'NONE', *, *, #1167, .T. ) ;
#3872 = CIRCLE ( 'NONE', #4251, 2.649999999999999467 ) ;
#3873 = VERTEX_POINT ( 'NONE', #2500 ) ;
#3874 = LINE ( 'NONE', #316, #83 ) ;
#3875 = CARTESIAN_POINT ( 'NONE',  ( 6.297778600213984390, 5.000000000000000000, 20.60598270084805250 ) ) ;
#3876 = PRODUCT_DEFINITION_FORMATION_WITH_SPECIFIED_SOURCE ( 'ANY', '', #1703, .NOT_KNOWN. ) ;
#3877 = FACE_OUTER_BOUND ( 'NONE', #1786, .T. ) ;
#3878 = ADVANCED_FACE ( 'NONE', ( #791 ), #2223, .F. ) ;
#3879 = ORIENTED_EDGE ( 'NONE', *, *, #2648, .F. ) ;
#3880 = CARTESIAN_POINT ( 'NONE',  ( 45.24999999999977973, 5.000000000000000000, 7.658169491507338505E-15 ) ) ;
#3881 = ADVANCED_FACE ( 'NONE', ( #2122 ), #3559, .F. ) ;
#3882 = VECTOR ( 'NONE', #115, 1000.000000000000000 ) ;
#3883 = LINE ( 'NONE', #3585, #1727 ) ;
#3884 = CARTESIAN_POINT ( 'NONE',  ( -46.99999999999997868, 3.999999999999988898, 98.00000000000000000 ) ) ;
#3885 = CARTESIAN_POINT ( 'NONE',  ( 78.39406939752160497, 3.000000000000000000, 19.07049724638230259 ) ) ;
#3886 = ORIENTED_EDGE ( 'NONE', *, *, #2564, .F. ) ;
#3887 = DIRECTION ( 'NONE',  ( 0.5000000000000011102, 0.000000000000000000, 0.8660254037844379305 ) ) ;
#3888 = CIRCLE ( 'NONE', #4494, 2.250000000000001776 ) ;
#3889 = DIRECTION ( 'NONE',  ( 0.000000000000000000, 1.000000000000000000, 0.000000000000000000 ) ) ;
#3890 = ORIENTED_EDGE ( 'NONE', *, *, #4614, .F. ) ;
#3891 = DIRECTION ( 'NONE',  ( 0.000000000000000000, -1.000000000000000000, 0.000000000000000000 ) ) ;
#3892 = VECTOR ( 'NONE', #1520, 1000.000000000000000 ) ;
#3893 = ADVANCED_FACE ( 'NONE', ( #1073 ), #710, .F. ) ;
#3894 = ORIENTED_EDGE ( 'NONE', *, *, #2217, .F. ) ;
#3895 = CARTESIAN_POINT ( 'NONE',  ( -42.99999999999980105, 5.000000000000000000, 2.250000000000133671 ) ) ;
#3896 = DIRECTION ( 'NONE',  ( 0.000000000000000000, -0.7071067811865474617, -0.7071067811865474617 ) ) ;
#3897 = VECTOR ( 'NONE', #1589, 1000.000000000000114 ) ;
#3898 = ORIENTED_EDGE ( 'NONE', *, *, #3856, .F. ) ;
#3899 = ORIENTED_EDGE ( 'NONE', *, *, #807, .F. ) ;
#3900 = ORIENTED_EDGE ( 'NONE', *, *, #3600, .F. ) ;
#3901 = CARTESIAN_POINT ( 'NONE',  ( 78.39999999999999147, 10.00000000000000000, 16.06828170427217728 ) ) ;
#3902 = DIRECTION ( 'NONE',  ( -0.003682555313065093063, 0.000000000000000000, -0.9999932193701946970 ) ) ;
#3903 = ADVANCED_FACE ( 'NONE', ( #1196 ), #70, .F. ) ;
#3904 = CARTESIAN_POINT ( 'NONE',  ( -78.39788897460657324, 3.000000000000000000, 19.07050236186967140 ) ) ;
#3905 = ORIENTED_EDGE ( 'NONE', *, *, #1515, .T. ) ;
#3906 = PLANE ( 'NONE',  #718 ) ;
#3907 = EDGE_CURVE ( 'NONE', #4395, #2767, #818, .T. ) ;
#3908 = DIRECTION ( 'NONE',  ( 0.000000000000000000, 0.000000000000000000, 1.000000000000000000 ) ) ;
#3909 = LINE ( 'NONE', #4212, #475 ) ;
#3910 = EDGE_CURVE ( 'NONE', #3066, #2902, #4458, .T. ) ;
#3911 = DIRECTION ( 'NONE',  ( -0.000000000000000000, 1.000000000000000000, -0.000000000000000000 ) ) ;
#3912 = ORIENTED_EDGE ( 'NONE', *, *, #2357, .F. ) ;
#3913 = LINE ( 'NONE', #4626, #2140 ) ;
#3914 = DIRECTION ( 'NONE',  ( -0.000000000000000000, -1.000000000000000000, -0.000000000000000000 ) ) ;
#3915 = EDGE_CURVE ( 'NONE', #3864, #1833, #1605, .T. ) ;
#3916 = VERTEX_POINT ( 'NONE', #1518 ) ;
#3917 = FACE_OUTER_BOUND ( 'NONE', #3096, .T. ) ;
#3918 = DIRECTION ( 'NONE',  ( 0.6542259794757450120, 0.6542259794757467883, 0.3794426643881807504 ) ) ;
#3919 = EDGE_LOOP ( 'NONE', ( #1147, #1715, #645, #867 ) ) ;
#3920 = DIRECTION ( 'NONE',  ( -0.8678608092433021115, 0.000000000000000000, -0.4968074232331486928 ) ) ;
#3921 = FACE_OUTER_BOUND ( 'NONE', #3387, .T. ) ;
#3922 = VECTOR ( 'NONE', #2322, 1000.000000000000000 ) ;
#3923 = EDGE_LOOP ( 'NONE', ( #1756, #3032, #456, #483 ) ) ;
#3924 = EDGE_CURVE ( 'NONE', #1136, #2129, #4105, .T. ) ;
#3925 = ORIENTED_EDGE ( 'NONE', *, *, #4269, .F. ) ;
#3926 = AXIS2_PLACEMENT_3D ( 'NONE', #3131, #4575, #957 ) ;
#3927 = ORIENTED_EDGE ( 'NONE', *, *, #250, .T. ) ;
#3928 = CARTESIAN_POINT ( 'NONE',  ( -14.99999999999974598, 2.200000000000000622, 87.00000000000012790 ) ) ;
#3929 = DIRECTION ( 'NONE',  ( -1.000000000000000000, 0.000000000000000000, 0.000000000000000000 ) ) ;
#3930 = ORIENTED_EDGE ( 'NONE', *, *, #1858, .T. ) ;
#3931 = LINE ( 'NONE', #3456, #3866 ) ;
#3932 = VECTOR ( 'NONE', #808, 1000.000000000000114 ) ;
#3933 = ORIENTED_EDGE ( 'NONE', *, *, #524, .T. ) ;
#3934 = DIRECTION ( 'NONE',  ( 0.000000000000000000, -0.000000000000000000, 1.000000000000000000 ) ) ;
#3935 = DIRECTION ( 'NONE',  ( 0.000000000000000000, 0.000000000000000000, 1.000000000000000000 ) ) ;
#3936 = AXIS2_PLACEMENT_3D ( 'NONE', #1697, #327, #4627 ) ;
#3937 = CARTESIAN_POINT ( 'NONE',  ( 47.00000000000000000, 3.999999999999988898, 101.0000000000000000 ) ) ;
#3938 = CARTESIAN_POINT ( 'NONE',  ( -81.00000000000000000, 5.000000000000000000, 21.90598270084804966 ) ) ;
#3939 = EDGE_LOOP ( 'NONE', ( #1087, #388, #4114, #1970, #4161 ) ) ;
#3940 = DIRECTION ( 'NONE',  ( 0.8663767669259548887, 0.000000000000000000, 0.4993909267607188340 ) ) ;
#3941 = LINE ( 'NONE', #712, #4171 ) ;
#3942 = VERTEX_POINT ( 'NONE', #2637 ) ;
#3943 = CARTESIAN_POINT ( 'NONE',  ( -81.00000000000000000, 2.000000000000001776, 21.90598270084804966 ) ) ;
#3944 = CARTESIAN_POINT ( 'NONE',  ( 78.65372625720931410, 3.000000000000000000, -19.18496334061024200 ) ) ;
#3945 = EDGE_LOOP ( 'NONE', ( #3249, #1354, #611, #2233 ) ) ;
#3946 = ADVANCED_FACE ( 'NONE', ( #1956 ), #3005, .T. ) ;
#3947 = CARTESIAN_POINT ( 'NONE',  ( 78.40593060247839219, 3.000000000000000000, 13.06606616216203776 ) ) ;
#3948 = EDGE_CURVE ( 'NONE', #2165, #1698, #1998, .T. ) ;
#3949 = DIRECTION ( 'NONE',  ( 0.000000000000000000, 1.000000000000000000, 0.000000000000000000 ) ) ;
#3950 = EDGE_LOOP ( 'NONE', ( #1003, #1682, #1809, #1210 ) ) ;
#3951 = ORIENTED_EDGE ( 'NONE', *, *, #2773, .T. ) ;
#3952 = AXIS2_PLACEMENT_3D ( 'NONE', #1297, #1690, #946 ) ;
#3953 = EDGE_CURVE ( 'NONE', #340, #4592, #2310, .T. ) ;
#3954 = VECTOR ( 'NONE', #2887, 1000.000000000000000 ) ;
#3955 = EDGE_LOOP ( 'NONE', ( #2254, #2978, #4676, #3072 ) ) ;
#3956 = DIRECTION ( 'NONE',  ( -0.4968074232331490814, 0.000000000000000000, 0.8678608092433017784 ) ) ;
#3957 = DIRECTION ( 'NONE',  ( -0.5000000000000018874, 0.000000000000000000, -0.8660254037844374864 ) ) ;
#3958 = ORIENTED_EDGE ( 'NONE', *, *, #278, .T. ) ;
#3959 = LINE ( 'NONE', #3985, #4412 ) ;
#3960 = VECTOR ( 'NONE', #2731, 1000.000000000000000 ) ;
#3961 = VERTEX_POINT ( 'NONE', #4061 ) ;
#3962 = DIRECTION ( 'NONE',  ( -0.8670114164560026593, 0.000000000000000000, 0.4982882737281260077 ) ) ;
#3963 = CARTESIAN_POINT ( 'NONE',  ( -14.99999999999974598, 2.200000000000000622, 87.00000000000012790 ) ) ;
#3964 = DIRECTION ( 'NONE',  ( 0.000000000000000000, 1.000000000000000000, 0.000000000000000000 ) ) ;
#3965 = CARTESIAN_POINT ( 'NONE',  ( 45.24999999999978684, 0.000000000000000000, 4.500000000000170530 ) ) ;
#3966 = ORIENTED_EDGE ( 'NONE', *, *, #3692, .T. ) ;
#3967 = CARTESIAN_POINT ( 'NONE',  ( -61.00000000000002132, 1.999999999999998224, 110.0000000000000000 ) ) ;
#3968 = CARTESIAN_POINT ( 'NONE',  ( -75.99999999999998579, 5.000000000000000000, -24.99999999999997158 ) ) ;
#3969 = ORIENTED_EDGE ( 'NONE', *, *, #2678, .T. ) ;
#3970 = DIRECTION ( 'NONE',  ( 0.2576626505603322737, 0.000000000000000000, 0.9662349396012462899 ) ) ;
#3971 = EDGE_CURVE ( 'NONE', #1036, #190, #3745, .T. ) ;
#3972 = CARTESIAN_POINT ( 'NONE',  ( -74.99999999999998579, 2.000000000000001776, -30.00000000000000000 ) ) ;
#3973 = ORIENTED_EDGE ( 'NONE', *, *, #1137, .F. ) ;
#3974 = CYLINDRICAL_SURFACE ( 'NONE', #1185, 3.000000000000002665 ) ;
#3975 = DIRECTION ( 'NONE',  ( 0.7071067811865482389, 0.7071067811865469066, 0.000000000000000000 ) ) ;
#3976 = VERTEX_POINT ( 'NONE', #3347 ) ;
#3977 = EDGE_CURVE ( 'NONE', #1058, #1033, #1211, .T. ) ;
#3978 = VECTOR ( 'NONE', #1502, 1000.000000000000114 ) ;
#3979 = EDGE_CURVE ( 'NONE', #2085, #1136, #2988, .T. ) ;
#3980 = VECTOR ( 'NONE', #122, 1000.000000000000000 ) ;
#3981 = EDGE_LOOP ( 'NONE', ( #4555, #664, #3496, #1942 ) ) ;
#3982 = PLANE ( 'NONE',  #1448 ) ;
#3983 = LINE ( 'NONE', #1164, #1600 ) ;
#3984 = ORIENTED_EDGE ( 'NONE', *, *, #85, .T. ) ;
#3985 = CARTESIAN_POINT ( 'NONE',  ( -46.99999999999997868, 2.500000000000000000, 98.00000000000000000 ) ) ;
#3986 = ORIENTED_EDGE ( 'NONE', *, *, #3759, .T. ) ;
#3987 = PLANE ( 'NONE',  #1684 ) ;
#3988 = EDGE_CURVE ( 'NONE', #892, #646, #4480, .T. ) ;
#3989 = DIRECTION ( 'NONE',  ( -0.7071067811865474617, -0.000000000000000000, 0.7071067811865474617 ) ) ;
#3990 = PLANE ( 'NONE',  #1226 ) ;
#3991 = AXIS2_PLACEMENT_3D ( 'NONE', #4482, #2331, #543 ) ;
#3992 = DIRECTION ( 'NONE',  ( 0.000000000000000000, 1.000000000000000000, 0.000000000000000000 ) ) ;
#3993 = ORIENTED_EDGE ( 'NONE', *, *, #686, .T. ) ;
#3994 = DIRECTION ( 'NONE',  ( -0.8650360116844535430, 0.000000000000000000, -0.5017097751579632225 ) ) ;
#3995 = FACE_OUTER_BOUND ( 'NONE', #1704, .T. ) ;
#3996 = DIRECTION ( 'NONE',  ( 4.906538933386699423E-15, -0.7071067811865414665, 0.7071067811865536790 ) ) ;
#3997 = PLANE ( 'NONE',  #1077 ) ;
#3998 = CARTESIAN_POINT ( 'NONE',  ( -77.66666666666664298, 3.333333333333336590, -31.33333333333333215 ) ) ;
#3999 = EDGE_LOOP ( 'NONE', ( #1390, #4657, #1345, #2074 ) ) ;
#4000 = DIRECTION ( 'NONE',  ( -0.000000000000000000, -1.000000000000000000, -0.000000000000000000 ) ) ;
#4001 = CARTESIAN_POINT ( 'NONE',  ( 7.800000000000030909, 0.000000000000000000, 28.92555455687869781 ) ) ;
#4002 = ORIENTED_EDGE ( 'NONE', *, *, #518, .T. ) ;
#4003 = VECTOR ( 'NONE', #2465, 1000.000000000000000 ) ;
#4004 = ORIENTED_EDGE ( 'NONE', *, *, #473, .F. ) ;
#4005 = LINE ( 'NONE', #727, #3922 ) ;
#4006 = VECTOR ( 'NONE', #3891, 1000.000000000000000 ) ;
#4007 = CARTESIAN_POINT ( 'NONE',  ( 11.96891108675472637, 2.200000000000000178, 87.00000000000012790 ) ) ;
#4008 = LINE ( 'NONE', #2213, #2808 ) ;
#4009 = ADVANCED_FACE ( 'NONE', ( #2944 ), #1892, .F. ) ;
#4010 = ORIENTED_EDGE ( 'NONE', *, *, #4496, .F. ) ;
#4011 = AXIS2_PLACEMENT_3D ( 'NONE', #4078, #113, #4036 ) ;
#4012 = CARTESIAN_POINT ( 'NONE',  ( 78.65372625720931410, 3.000000000000000888, -22.18718474039629385 ) ) ;
#4013 = DIRECTION ( 'NONE',  ( 0.000000000000000000, 0.7071067811865474617, 0.7071067811865474617 ) ) ;
#4014 = EDGE_LOOP ( 'NONE', ( #3930, #2874, #4180, #3912, #3140 ) ) ;
#4015 = AXIS2_PLACEMENT_3D ( 'NONE', #2132, #4278, #721 ) ;
#4016 = CARTESIAN_POINT ( 'NONE',  ( -81.00000000000000000, 3.000000000000000000, 21.90598270084804966 ) ) ;
#4017 = ORIENTED_EDGE ( 'NONE', *, *, #2873, .F. ) ;
#4018 = ADVANCED_FACE ( 'NONE', ( #4420 ), #4041, .F. ) ;
#4019 = DIRECTION ( 'NONE',  ( 0.000000000000000000, -1.000000000000000000, 0.000000000000000000 ) ) ;
#4020 = DIRECTION ( 'NONE',  ( -1.000000000000000000, 0.000000000000000000, -0.000000000000000000 ) ) ;
#4021 = VERTEX_POINT ( 'NONE', #1253 ) ;
#4022 = DIRECTION ( 'NONE',  ( -1.000000000000000000, 0.000000000000000000, -0.000000000000000000 ) ) ;
#4023 = PLANE ( 'NONE',  #4564 ) ;
#4024 = VERTEX_POINT ( 'NONE', #2681 ) ;
#4025 = LINE ( 'NONE', #799, #339 ) ;
#4026 = CARTESIAN_POINT ( 'NONE',  ( 7.798889300106999656, 2.500000000000000000, 18.00598270084807240 ) ) ;
#4027 = VERTEX_POINT ( 'NONE', #899 ) ;
#4028 = ORIENTED_EDGE ( 'NONE', *, *, #783, .T. ) ;
#4029 = ORIENTED_EDGE ( 'NONE', *, *, #1315, .F. ) ;
#4030 = VECTOR ( 'NONE', #3855, 1000.000000000000000 ) ;
#4031 = CARTESIAN_POINT ( 'NONE',  ( -81.00105486994254989, 3.000000000000000000, 14.56899957709215521 ) ) ;
#4032 = DIRECTION ( 'NONE',  ( 0.7071067811865474617, 0.7071067811865474617, -0.000000000000000000 ) ) ;
#4033 = VECTOR ( 'NONE', #4120, 1000.000000000000114 ) ;
#4034 = ORIENTED_EDGE ( 'NONE', *, *, #4553, .F. ) ;
#4035 = LINE ( 'NONE', #2241, #2107 ) ;
#4036 = DIRECTION ( 'NONE',  ( 0.000000000000000000, 0.000000000000000000, 1.000000000000000000 ) ) ;
#4037 = EDGE_CURVE ( 'NONE', #236, #1903, #1542, .T. ) ;
#4038 = EDGE_CURVE ( 'NONE', #1772, #726, #2964, .T. ) ;
#4039 = CARTESIAN_POINT ( 'NONE',  ( 40.74999999999977263, 0.000000000000000000, 4.500000000000170530 ) ) ;
#4040 = ORIENTED_EDGE ( 'NONE', *, *, #170, .F. ) ;
#4041 = PLANE ( 'NONE',  #1625 ) ;
#4042 = VECTOR ( 'NONE', #3589, 1000.000000000000114 ) ;
#4043 = CARTESIAN_POINT ( 'NONE',  ( 78.39406939752160497, 3.000000000000000000, 19.07049724638230259 ) ) ;
#4044 = ORIENTED_EDGE ( 'NONE', *, *, #351, .F. ) ;
#4045 = CARTESIAN_POINT ( 'NONE',  ( 78.39406939752160497, 0.000000000000000000, 19.07049724638230259 ) ) ;
#4046 = LINE ( 'NONE', #2666, #1642 ) ;
#4047 = VERTEX_POINT ( 'NONE', #4168 ) ;
#4048 = DIRECTION ( 'NONE',  ( 0.8660254037844390407, 0.000000000000000000, 0.4999999999999993339 ) ) ;
#4049 = PLANE ( 'NONE',  #4319 ) ;
#4050 = VERTEX_POINT ( 'NONE', #2700 ) ;
#4051 = EDGE_CURVE ( 'NONE', #3239, #2406, #3145, .T. ) ;
#4052 = CIRCLE ( 'NONE', #2011, 2.649999999999999467 ) ;
#4053 = CARTESIAN_POINT ( 'NONE',  ( 63.69800576638398582, -15.30199423361607458, -12.69800576638392009 ) ) ;
#4054 = APPLICATION_PROTOCOL_DEFINITION ( 'draft international standard', 'automotive_design', 1998, #4618 ) ;
#4055 = FACE_OUTER_BOUND ( 'NONE', #102, .T. ) ;
#4056 = AXIS2_PLACEMENT_3D ( 'NONE', #3078, #994, #4131 ) ;
#4057 = CARTESIAN_POINT ( 'NONE',  ( 79.00000000000001421, 0.000000000000000000, -2.112175089981348759E-14 ) ) ;
#4058 = ADVANCED_FACE ( 'NONE', ( #3503 ), #3807, .F. ) ;
#4059 = LINE ( 'NONE', #1539, #3633 ) ;
#4060 = ORIENTED_EDGE ( 'NONE', *, *, #2097, .F. ) ;
#4061 = CARTESIAN_POINT ( 'NONE',  ( -6.297834196403959695, 2.500000000000000000, 20.62425347127641118 ) ) ;
#4062 = EDGE_CURVE ( 'NONE', #2071, #3806, #1549, .T. ) ;
#4063 = CARTESIAN_POINT ( 'NONE',  ( 75.79703977165694084, 3.000000000000000000, 17.56425342292120462 ) ) ;
#4064 = CARTESIAN_POINT ( 'NONE',  ( 78.39999999999999147, 3.000000000000000888, 16.06828170427217728 ) ) ;
#4065 = EDGE_CURVE ( 'NONE', #4334, #806, #585, .T. ) ;
#4066 = CIRCLE ( 'NONE', #3991, 1.500000000000001332 ) ;
#4067 = LINE ( 'NONE', #2270, #1223 ) ;
#4068 = CARTESIAN_POINT ( 'NONE',  ( -7.799999999999958078, -6.000000000000000000, 33.42555455687870136 ) ) ;
#4069 = VERTEX_POINT ( 'NONE', #2420 ) ;
#4070 = DIRECTION ( 'NONE',  ( 0.000000000000000000, 1.000000000000000000, 0.000000000000000000 ) ) ;
#4071 = EDGE_CURVE ( 'NONE', #1698, #2165, #2519, .T. ) ;
#4072 = CARTESIAN_POINT ( 'NONE',  ( -55.00000000000002132, 5.000000000000000000, 110.0000000000000000 ) ) ;
#4073 = ORIENTED_EDGE ( 'NONE', *, *, #1474, .F. ) ;
#4074 = EDGE_CURVE ( 'NONE', #1957, #977, #3787, .T. ) ;
#4075 = VECTOR ( 'NONE', #4205, 1000.000000000000000 ) ;
#4076 = VECTOR ( 'NONE', #978, 1000.000000000000114 ) ;
#4077 = DIRECTION ( 'NONE',  ( 1.000000000000000000, 0.000000000000000000, -2.775557561562892929E-15 ) ) ;
#4078 = CARTESIAN_POINT ( 'NONE',  ( 7.800000000000030909, 0.000000000000000000, 31.92555455687869781 ) ) ;
#4079 = VECTOR ( 'NONE', #322, 1000.000000000000000 ) ;
#4080 = DIRECTION ( 'NONE',  ( 0.000000000000000000, -1.000000000000000000, 0.000000000000000000 ) ) ;
#4081 = ORIENTED_EDGE ( 'NONE', *, *, #2735, .F. ) ;
#4082 = DIRECTION ( 'NONE',  ( 0.000000000000000000, 0.000000000000000000, 1.000000000000000000 ) ) ;
#4083 = ORIENTED_EDGE ( 'NONE', *, *, #3163, .T. ) ;
#4084 = FACE_OUTER_BOUND ( 'NONE', #2749, .T. ) ;
#4085 = AXIS2_PLACEMENT_3D ( 'NONE', #1421, #4238, #1096 ) ;
#4086 = CARTESIAN_POINT ( 'NONE',  ( -78.65372625720931410, -13.20000000000000462, -20.93718474039629740 ) ) ;
#4087 = CARTESIAN_POINT ( 'NONE',  ( -61.00000000000001421, 2.000000000000001776, 96.90598270084805677 ) ) ;
#4088 = VERTEX_POINT ( 'NONE', #2396 ) ;
#4089 = CARTESIAN_POINT ( 'NONE',  ( 78.65372625720931410, 10.00000000000000000, -23.43718474039629385 ) ) ;
#4090 = VECTOR ( 'NONE', #1808, 1000.000000000000114 ) ;
#4091 = EDGE_CURVE ( 'NONE', #2390, #1861, #810, .T. ) ;
#4092 = DIRECTION ( 'NONE',  ( 0.5773502691896265082, -0.5773502691896241767, -0.5773502691896265082 ) ) ;
#4093 = ORIENTED_EDGE ( 'NONE', *, *, #1640, .T. ) ;
#4094 = DIRECTION ( 'NONE',  ( -1.000000000000000000, 0.000000000000000000, -1.692413147294449175E-16 ) ) ;
#4095 = EDGE_CURVE ( 'NONE', #4088, #3156, #3073, .T. ) ;
#4096 = VERTEX_POINT ( 'NONE', #4587 ) ;
#4097 = EDGE_CURVE ( 'NONE', #2987, #4050, #564, .T. ) ;
#4098 = ORIENTED_EDGE ( 'NONE', *, *, #1109, .F. ) ;
#4099 = CARTESIAN_POINT ( 'NONE',  ( 78.65372625720931410, 0.000000000000000000, -25.18940614018234925 ) ) ;
#4100 = CYLINDRICAL_SURFACE ( 'NONE', #1766, 2.250000000000001776 ) ;
#4101 = DIRECTION ( 'NONE',  ( 0.000000000000000000, 0.000000000000000000, -1.000000000000000000 ) ) ;
#4102 = FACE_OUTER_BOUND ( 'NONE', #2018, .T. ) ;
#4103 = VECTOR ( 'NONE', #732, 1000.000000000000000 ) ;
#4104 = ORIENTED_EDGE ( 'NONE', *, *, #844, .T. ) ;
#4105 = LINE ( 'NONE', #1916, #3418 ) ;
#4106 = ORIENTED_EDGE ( 'NONE', *, *, #663, .T. ) ;
#4107 = DIRECTION ( 'NONE',  ( -0.8656736124572120827, 0.000000000000000000, 0.5006088260261506440 ) ) ;
#4108 = LINE ( 'NONE', #507, #1597 ) ;
#4109 = LINE ( 'NONE', #4402, #3813 ) ;
#4110 = ORIENTED_EDGE ( 'NONE', *, *, #3296, .T. ) ;
#4111 = CIRCLE ( 'NONE', #805, 2.500000000000030198 ) ;
#4112 = DIRECTION ( 'NONE',  ( 0.4999999999999993339, 0.000000000000000000, -0.8660254037844390407 ) ) ;
#4113 = CARTESIAN_POINT ( 'NONE',  ( -16.50586747257980846, 2.200000000000000178, 89.63056327713781002 ) ) ;
#4114 = ORIENTED_EDGE ( 'NONE', *, *, #735, .F. ) ;
#4115 = DIRECTION ( 'NONE',  ( -2.673639354406769807E-16, 0.000000000000000000, -1.000000000000000000 ) ) ;
#4116 = ORIENTED_EDGE ( 'NONE', *, *, #1111, .T. ) ;
#4117 = CIRCLE ( 'NONE', #4263, 1.249999999999997558 ) ;
#4118 = EDGE_CURVE ( 'NONE', #3785, #1058, #3573, .T. ) ;
#4119 = EDGE_CURVE ( 'NONE', #4640, #320, #1979, .T. ) ;
#4120 = DIRECTION ( 'NONE',  ( -0.4999999999999991673, 0.000000000000000000, -0.8660254037844390407 ) ) ;
#4121 = DIRECTION ( 'NONE',  ( 0.000000000000000000, 0.000000000000000000, 1.000000000000000000 ) ) ;
#4122 = LINE ( 'NONE', #4454, #241 ) ;
#4123 = ORIENTED_EDGE ( 'NONE', *, *, #1953, .T. ) ;
#4124 = DIRECTION ( 'NONE',  ( -0.7071067811865475727, -0.7071067811865475727, 0.000000000000000000 ) ) ;
#4125 = CIRCLE ( 'NONE', #3518, 3.000000000000002665 ) ;
#4126 = EDGE_CURVE ( 'NONE', #2570, #3079, #3483, .T. ) ;
#4127 = EDGE_CURVE ( 'NONE', #6, #505, #1364, .T. ) ;
#4128 = ORIENTED_EDGE ( 'NONE', *, *, #4, .T. ) ;
#4129 = CARTESIAN_POINT ( 'NONE',  ( 7.800000000000019362, -1.000000000000028644, 27.42555455687869781 ) ) ;
#4130 = DIRECTION ( 'NONE',  ( 0.8629664911646801606, 0.000000000000000000, 0.5052611553710814052 ) ) ;
#4131 = DIRECTION ( 'NONE',  ( -2.673639354406769807E-16, 0.000000000000000000, -1.000000000000000000 ) ) ;
#4132 = ORIENTED_EDGE ( 'NONE', *, *, #2822, .F. ) ;
#4133 = CARTESIAN_POINT ( 'NONE',  ( -42.99999999999980815, 5.000000000000000000, 45.50000000000012079 ) ) ;
#4134 = EDGE_CURVE ( 'NONE', #1048, #1259, #3121, .T. ) ;
#4135 = LINE ( 'NONE', #3015, #3641 ) ;
#4136 = EDGE_LOOP ( 'NONE', ( #2141, #3552, #3898, #3057 ) ) ;
#4137 = CARTESIAN_POINT ( 'NONE',  ( 78.65372625720931410, -13.20000000000000462, -22.18718474039629385 ) ) ;
#4138 = EDGE_CURVE ( 'NONE', #2837, #374, #2792, .T. ) ;
#4139 = VERTEX_POINT ( 'NONE', #4236 ) ;
#4140 = ORIENTED_EDGE ( 'NONE', *, *, #3048, .F. ) ;
#4141 = CARTESIAN_POINT ( 'NONE',  ( -78.39999999999999147, 3.000000000000000888, 17.31828170427217373 ) ) ;
#4142 = DIRECTION ( 'NONE',  ( 0.000000000000000000, -1.000000000000000000, 0.000000000000000000 ) ) ;
#4143 = AXIS2_PLACEMENT_3D ( 'NONE', #760, #2568, #1888 ) ;
#4144 = LINE ( 'NONE', #4188, #614 ) ;
#4145 = ORIENTED_EDGE ( 'NONE', *, *, #2707, .T. ) ;
#4146 = VERTEX_POINT ( 'NONE', #2329 ) ;
#4147 = CARTESIAN_POINT ( 'NONE',  ( 75.00000000000000000, 5.000000000000000000, -30.00000000000000000 ) ) ;
#4148 = AXIS2_PLACEMENT_3D ( 'NONE', #3901, #672, #2440 ) ;
#4149 = CARTESIAN_POINT ( 'NONE',  ( -10.81690585313565833, 2.500000000000000000, 23.19679916792093266 ) ) ;
#4150 = CARTESIAN_POINT ( 'NONE',  ( -78.65372625720931410, -13.20000000000000462, -23.43718474039629385 ) ) ;
#4151 = VECTOR ( 'NONE', #3403, 1000.000000000000000 ) ;
#4152 = EDGE_CURVE ( 'NONE', #4625, #176, #3762, .T. ) ;
#4153 = CARTESIAN_POINT ( 'NONE',  ( 78.39999999999999147, 10.00000000000000000, 17.31828170427217373 ) ) ;
#4154 = ORIENTED_EDGE ( 'NONE', *, *, #2036, .T. ) ;
#4155 = DIRECTION ( 'NONE',  ( 1.000000000000000000, 0.000000000000000000, 0.000000000000000000 ) ) ;
#4156 = CARTESIAN_POINT ( 'NONE',  ( 81.00000000000000000, 3.000000000000000000, -23.83478436318960192 ) ) ;
#4157 = ORIENTED_EDGE ( 'NONE', *, *, #4609, .F. ) ;
#4158 = DIRECTION ( 'NONE',  ( 0.000000000000000000, -0.000000000000000000, -1.000000000000000000 ) ) ;
#4159 = VECTOR ( 'NONE', #2466, 1000.000000000000000 ) ;
#4160 = EDGE_LOOP ( 'NONE', ( #1225, #4407 ) ) ;
#4161 = ORIENTED_EDGE ( 'NONE', *, *, #1904, .F. ) ;
#4162 = VECTOR ( 'NONE', #4092, 1000.000000000000227 ) ;
#4163 = LINE ( 'NONE', #2696, #2778 ) ;
#4164 = PRODUCT_DEFINITION_CONTEXT ( 'detailed design', #4618, 'design' ) ;
#4165 = CARTESIAN_POINT ( 'NONE',  ( -10.81690585313565833, 2.500000000000000000, 23.19679916792093266 ) ) ;
#4166 = ORIENTED_EDGE ( 'NONE', *, *, #1478, .T. ) ;
#4167 = ORIENTED_EDGE ( 'NONE', *, *, #1659, .T. ) ;
#4168 = CARTESIAN_POINT ( 'NONE',  ( 50.00000000000000000, 2.500000000000000000, 101.0000000000000142 ) ) ;
#4169 = EDGE_CURVE ( 'NONE', #977, #3616, #3413, .T. ) ;
#4170 = DIRECTION ( 'NONE',  ( 0.000000000000000000, -1.000000000000000000, -0.000000000000000000 ) ) ;
#4171 = VECTOR ( 'NONE', #3490, 1000.000000000000000 ) ;
#4172 = CARTESIAN_POINT ( 'NONE',  ( 13.48445554337748398, 0.000000000000000000, 89.62500000000012790 ) ) ;
#4173 = VECTOR ( 'NONE', #96, 1000.000000000000000 ) ;
#4174 = EDGE_CURVE ( 'NONE', #4633, #4489, #924, .T. ) ;
#4175 = PLANE ( 'NONE',  #2325 ) ;
#4176 = EDGE_LOOP ( 'NONE', ( #2889, #2087, #2632, #3502, #466, #638 ) ) ;
#4177 = CARTESIAN_POINT ( 'NONE',  ( -40.74999999999979394, 10.00000000000000000, 45.50000000000012079 ) ) ;
#4178 = VECTOR ( 'NONE', #1511, 1000.000000000000000 ) ;
#4179 = DIRECTION ( 'NONE',  ( 0.000000000000000000, 0.000000000000000000, 1.000000000000000000 ) ) ;
#4180 = ORIENTED_EDGE ( 'NONE', *, *, #699, .F. ) ;
#4181 = LINE ( 'NONE', #2009, #2117 ) ;
#4182 = VECTOR ( 'NONE', #4548, 1000.000000000000227 ) ;
#4183 = ORIENTED_EDGE ( 'NONE', *, *, #2594, .T. ) ;
#4184 = LINE ( 'NONE', #2459, #1491 ) ;
#4185 = ORIENTED_EDGE ( 'NONE', *, *, #624, .T. ) ;
#4186 = EDGE_CURVE ( 'NONE', #1015, #358, #417, .T. ) ;
#4187 = DIRECTION ( 'NONE',  ( 0.000000000000000000, 0.000000000000000000, 1.000000000000000000 ) ) ;
#4188 = CARTESIAN_POINT ( 'NONE',  ( 16.51554445662301873, 2.200000000000000178, 89.62500000000012790 ) ) ;
#4189 = CARTESIAN_POINT ( 'NONE',  ( 9.300000000000030909, -1.000000000000028644, 31.92555455687869070 ) ) ;
#4190 = ORIENTED_EDGE ( 'NONE', *, *, #3781, .F. ) ;
#4191 = DIRECTION ( 'NONE',  ( 0.000000000000000000, 0.000000000000000000, -1.000000000000000000 ) ) ;
#4192 = DIRECTION ( 'NONE',  ( -0.000000000000000000, 1.000000000000000000, -0.000000000000000000 ) ) ;
#4193 = CARTESIAN_POINT ( 'NONE',  ( -50.00000000000000000, 3.999999999999988898, 101.0000000000000142 ) ) ;
#4194 = LINE ( 'NONE', #972, #1875 ) ;
#4195 = ORIENTED_EDGE ( 'NONE', *, *, #264, .F. ) ;
#4196 = DIRECTION ( 'NONE',  ( 0.5773502691896238437, 0.5773502691896255090, 0.5773502691896279515 ) ) ;
#4197 = ORIENTED_EDGE ( 'NONE', *, *, #3924, .F. ) ;
#4198 = CARTESIAN_POINT ( 'NONE',  ( -18.03106836055345141, 0.000000000000000000, 87.01116215258194586 ) ) ;
#4199 = ORIENTED_EDGE ( 'NONE', *, *, #3759, .F. ) ;
#4200 = ORIENTED_EDGE ( 'NONE', *, *, #796, .F. ) ;
#4201 = CARTESIAN_POINT ( 'NONE',  ( 11.96891108675472637, 2.200000000000000178, 87.00000000000012790 ) ) ;
#4202 = VERTEX_POINT ( 'NONE', #653 ) ;
#4203 = EDGE_CURVE ( 'NONE', #2298, #2269, #1016, .T. ) ;
#4204 = VECTOR ( 'NONE', #1277, 1000.000000000000114 ) ;
#4205 = DIRECTION ( 'NONE',  ( -0.000000000000000000, -1.000000000000000000, -0.000000000000000000 ) ) ;
#4206 = DIRECTION ( 'NONE',  ( -0.000000000000000000, -1.000000000000000000, -0.000000000000000000 ) ) ;
#4207 = FACE_OUTER_BOUND ( 'NONE', #714, .T. ) ;
#4208 = VERTEX_POINT ( 'NONE', #2166 ) ;
#4209 = DIRECTION ( 'NONE',  ( 0.8670114164560018821, 0.000000000000000000, -0.4982882737281275620 ) ) ;
#4210 = VECTOR ( 'NONE', #2865, 1000.000000000000000 ) ;
#4211 = LINE ( 'NONE', #3527, #4210 ) ;
#4212 = CARTESIAN_POINT ( 'NONE',  ( 13.48445554337748398, 0.000000000000000000, 89.62500000000012790 ) ) ;
#4213 = CIRCLE ( 'NONE', #470, 1.250000000000001110 ) ;
#4214 = CARTESIAN_POINT ( 'NONE',  ( 45.24999999999977263, 0.000000000000000000, 45.50000000000012079 ) ) ;
#4215 = EDGE_LOOP ( 'NONE', ( #183, #4504, #167, #2701 ) ) ;
#4216 = LINE ( 'NONE', #996, #114 ) ;
#4217 = FACE_OUTER_BOUND ( 'NONE', #239, .T. ) ;
#4218 = VERTEX_POINT ( 'NONE', #4671 ) ;
#4219 = VECTOR ( 'NONE', #284, 1000.000000000000227 ) ;
#4220 = FACE_OUTER_BOUND ( 'NONE', #958, .T. ) ;
#4221 = ORIENTED_EDGE ( 'NONE', *, *, #4574, .F. ) ;
#4222 = DIRECTION ( 'NONE',  ( 1.000000000000000000, 0.000000000000000000, 0.000000000000000000 ) ) ;
#4223 = VECTOR ( 'NONE', #3029, 1000.000000000000114 ) ;
#4224 = CARTESIAN_POINT ( 'NONE',  ( -7.799999999999958078, 0.000000000000000000, 34.42555455687872978 ) ) ;
#4225 = ORIENTED_EDGE ( 'NONE', *, *, #2694, .F. ) ;
#4226 = EDGE_CURVE ( 'NONE', #3240, #3020, #3526, .T. ) ;
#4227 = AXIS2_PLACEMENT_3D ( 'NONE', #158, #3070, #1313 ) ;
#4228 = ORIENTED_EDGE ( 'NONE', *, *, #3452, .F. ) ;
#4229 = EDGE_CURVE ( 'NONE', #3150, #4024, #3199, .T. ) ;
#4230 = VECTOR ( 'NONE', #1328, 1000.000000000000000 ) ;
#4231 = ORIENTED_EDGE ( 'NONE', *, *, #1904, .T. ) ;
#4232 = LINE ( 'NONE', #698, #849 ) ;
#4233 = PLANE ( 'NONE',  #17 ) ;
#4234 = DIRECTION ( 'NONE',  ( -1.000000000000000000, 0.000000000000000000, -0.000000000000000000 ) ) ;
#4235 = EDGE_LOOP ( 'NONE', ( #1361, #2929, #634, #1183 ) ) ;
#4236 = CARTESIAN_POINT ( 'NONE',  ( -78.64472903534151271, 3.000000000000000000, -25.18939265846792352 ) ) ;
#4237 = CARTESIAN_POINT ( 'NONE',  ( -81.00105486994254989, 0.000000000000000000, 14.56899957709215521 ) ) ;
#4238 = DIRECTION ( 'NONE',  ( -0.8660254037844388186, 0.000000000000000000, -0.4999999999999997780 ) ) ;
#4239 = CARTESIAN_POINT ( 'NONE',  ( 80.99702962586462718, 1.997029625864608304, 17.57452552773328236 ) ) ;
#4240 = ORIENTED_EDGE ( 'NONE', *, *, #4127, .F. ) ;
#4241 = FACE_OUTER_BOUND ( 'NONE', #2367, .T. ) ;
#4242 = DIRECTION ( 'NONE',  ( 0.4974024022482914642, -0.000000000000000000, 0.8675199422708558261 ) ) ;
#4243 = VECTOR ( 'NONE', #2967, 1000.000000000000000 ) ;
#4244 = EDGE_LOOP ( 'NONE', ( #675, #2716, #3493, #4273 ) ) ;
#4245 = CARTESIAN_POINT ( 'NONE',  ( -7.799999999999958078, -1.000000000000028644, 27.42555455687869781 ) ) ;
#4246 = VECTOR ( 'NONE', #967, 1000.000000000000000 ) ;
#4247 = ORIENTED_EDGE ( 'NONE', *, *, #4186, .T. ) ;
#4248 = FACE_OUTER_BOUND ( 'NONE', #755, .T. ) ;
#4249 = ORIENTED_EDGE ( 'NONE', *, *, #3776, .F. ) ;
#4250 = EDGE_CURVE ( 'NONE', #2863, #1015, #2088, .T. ) ;
#4251 = AXIS2_PLACEMENT_3D ( 'NONE', #2231, #3669, #3311 ) ;
#4252 = ORIENTED_EDGE ( 'NONE', *, *, #148, .T. ) ;
#4253 = SHAPE_DEFINITION_REPRESENTATION ( #2003, #152 ) ;
#4254 = ADVANCED_FACE ( 'NONE', ( #2815 ), #321, .F. ) ;
#4255 = AXIS2_PLACEMENT_3D ( 'NONE', #4651, #1425, #2847 ) ;
#4256 = ADVANCED_FACE ( 'NONE', ( #2493 ), #2913, .F. ) ;
#4257 = FACE_OUTER_BOUND ( 'NONE', #4338, .T. ) ;
#4258 = DIRECTION ( 'NONE',  ( -0.000000000000000000, -0.000000000000000000, -1.000000000000000000 ) ) ;
#4259 = DIRECTION ( 'NONE',  ( 0.000000000000000000, 0.000000000000000000, -1.000000000000000000 ) ) ;
#4260 = EDGE_CURVE ( 'NONE', #3942, #1590, #1094, .T. ) ;
#4261 = VERTEX_POINT ( 'NONE', #19 ) ;
#4262 = CARTESIAN_POINT ( 'NONE',  ( 50.00000000000000000, 2.500000000000000000, 110.0000000000000000 ) ) ;
#4263 = AXIS2_PLACEMENT_3D ( 'NONE', #2550, #3992, #408 ) ;
#4264 = CYLINDRICAL_SURFACE ( 'NONE', #150, 1.249999999999997558 ) ;
#4265 = PLANE ( 'NONE',  #393 ) ;
#4266 = CARTESIAN_POINT ( 'NONE',  ( 16.51554445662303294, 0.000000000000000000, 84.37500000000012790 ) ) ;
#4267 = EDGE_LOOP ( 'NONE', ( #2562, #1918, #2328, #4360 ) ) ;
#4268 = ADVANCED_FACE ( 'NONE', ( #2545 ), #4620, .T. ) ;
#4269 = EDGE_CURVE ( 'NONE', #3240, #1148, #3250, .T. ) ;
#4270 = CARTESIAN_POINT ( 'NONE',  ( -46.99999999999997868, 2.500000000000000000, 98.00000000000000000 ) ) ;
#4271 = VECTOR ( 'NONE', #2268, 1000.000000000000000 ) ;
#4272 = CARTESIAN_POINT ( 'NONE',  ( 9.300000000000030909, -6.000000000000000000, 20.60598270084804895 ) ) ;
#4273 = ORIENTED_EDGE ( 'NONE', *, *, #1474, .T. ) ;
#4274 = PLANE ( 'NONE',  #1820 ) ;
#4275 = CARTESIAN_POINT ( 'NONE',  ( -16.50586747257980846, 0.000000000000000000, 89.63056327713781002 ) ) ;
#4276 = VERTEX_POINT ( 'NONE', #1391 ) ;
#4277 = CARTESIAN_POINT ( 'NONE',  ( -46.99999999999997868, 2.500000000000000000, 98.00000000000000000 ) ) ;
#4278 = DIRECTION ( 'NONE',  ( 0.000000000000000000, 1.000000000000000000, 0.000000000000000000 ) ) ;
#4279 = VECTOR ( 'NONE', #3811, 1000.000000000000114 ) ;
#4280 = ORIENTED_EDGE ( 'NONE', *, *, #3673, .F. ) ;
#4281 = ADVANCED_FACE ( 'NONE', ( #4345 ), #3987, .F. ) ;
#4282 = ORIENTED_EDGE ( 'NONE', *, *, #491, .T. ) ;
#4283 = VERTEX_POINT ( 'NONE', #4262 ) ;
#4284 = DIRECTION ( 'NONE',  ( -1.000000000000000000, 0.000000000000000000, -0.000000000000000000 ) ) ;
#4285 = DIRECTION ( 'NONE',  ( 0.000000000000000000, 1.000000000000000000, 0.000000000000000000 ) ) ;
#4286 = EDGE_LOOP ( 'NONE', ( #4252, #361, #3164, #2721, #2626, #4309 ) ) ;
#4287 = CARTESIAN_POINT ( 'NONE',  ( 0.000000000000000000, 0.000000000000000000, -27.99999999999999645 ) ) ;
#4288 = ORIENTED_EDGE ( 'NONE', *, *, #3215, .F. ) ;
#4289 = DIRECTION ( 'NONE',  ( -0.000000000000000000, -1.000000000000000000, -0.000000000000000000 ) ) ;
#4290 = DIRECTION ( 'NONE',  ( 0.000000000000000000, 1.000000000000000000, 0.000000000000000000 ) ) ;
#4291 = ADVANCED_FACE ( 'NONE', ( #704 ), #1419, .F. ) ;
#4292 = ORIENTED_EDGE ( 'NONE', *, *, #3603, .T. ) ;
#4293 = ADVANCED_FACE ( 'NONE', ( #42, #1494, #2470 ), #3906, .T. ) ;
#4294 = CARTESIAN_POINT ( 'NONE',  ( -9.299999999999968736, -6.000000000000000000, 19.35598270084804540 ) ) ;
#4295 = EDGE_LOOP ( 'NONE', ( #840, #2005, #315, #4154 ) ) ;
#4296 = CARTESIAN_POINT ( 'NONE',  ( 12.30222139978607920, 5.000000000000000000, 20.60598270084806671 ) ) ;
#4297 = CARTESIAN_POINT ( 'NONE',  ( -9.299999999999968736, -6.000000000000000000, 20.60598270084804895 ) ) ;
#4298 = VERTEX_POINT ( 'NONE', #3553 ) ;
#4299 = CARTESIAN_POINT ( 'NONE',  ( 81.00000000000001421, 10.00000000000000000, 21.90598270084813493 ) ) ;
#4300 = ADVANCED_FACE ( 'NONE', ( #3584 ), #348, .F. ) ;
#4301 = LINE ( 'NONE', #2176, #1871 ) ;
#4302 = ORIENTED_EDGE ( 'NONE', *, *, #271, .T. ) ;
#4303 = LINE ( 'NONE', #2205, #1622 ) ;
#4304 = CARTESIAN_POINT ( 'NONE',  ( -76.05823654365040909, 3.000000000000000000, -20.67828895865947558 ) ) ;
#4305 = VECTOR ( 'NONE', #4536, 1000.000000000000000 ) ;
#4306 = ORIENTED_EDGE ( 'NONE', *, *, #3673, .T. ) ;
#4307 = EDGE_LOOP ( 'NONE', ( #4376, #2878, #450, #793 ) ) ;
#4308 = VECTOR ( 'NONE', #2341, 1000.000000000000000 ) ;
#4309 = ORIENTED_EDGE ( 'NONE', *, *, #2097, .T. ) ;
#4310 = CIRCLE ( 'NONE', #2201, 2.250000000000001776 ) ;
#4311 = FACE_OUTER_BOUND ( 'NONE', #3208, .T. ) ;
#4312 = CARTESIAN_POINT ( 'NONE',  ( 12.30222139978607743, 2.500000000000000000, 20.60598270084806316 ) ) ;
#4313 = ORIENTED_EDGE ( 'NONE', *, *, #2301, .F. ) ;
#4314 = CARTESIAN_POINT ( 'NONE',  ( -45.24999999999980815, 0.000000000000000000, 45.50000000000009948 ) ) ;
#4315 = VECTOR ( 'NONE', #336, 1000.000000000000114 ) ;
#4316 = ORIENTED_EDGE ( 'NONE', *, *, #1324, .T. ) ;
#4317 = DIRECTION ( 'NONE',  ( -0.000000000000000000, -1.000000000000000000, -0.000000000000000000 ) ) ;
#4318 = DIRECTION ( 'NONE',  ( -0.000000000000000000, 1.000000000000000000, -0.000000000000000000 ) ) ;
#4319 = AXIS2_PLACEMENT_3D ( 'NONE', #58, #3693, #3267 ) ;
#4320 = LINE ( 'NONE', #1209, #609 ) ;
#4321 = APPLICATION_CONTEXT ( 'automotive_design' ) ;
#4322 = CARTESIAN_POINT ( 'NONE',  ( -78.39999999999999147, -13.20000000000000462, 16.06828170427217728 ) ) ;
#4323 = VERTEX_POINT ( 'NONE', #4451 ) ;
#4324 = CARTESIAN_POINT ( 'NONE',  ( -13.49413252741967639, 2.200000000000000178, 84.36943672286245999 ) ) ;
#4325 = ADVANCED_FACE ( 'NONE', ( #812 ), #4100, .F. ) ;
#4326 = CARTESIAN_POINT ( 'NONE',  ( -78.66272347907712970, 3.000000000000000000, -19.18497682232466417 ) ) ;
#4327 = ORIENTED_EDGE ( 'NONE', *, *, #4465, .T. ) ;
#4328 = EDGE_CURVE ( 'NONE', #3846, #1302, #2225, .T. ) ;
#4329 = CARTESIAN_POINT ( 'NONE',  ( 50.00000000000000000, 3.999999999999988898, 101.0000000000000142 ) ) ;
#4330 = CARTESIAN_POINT ( 'NONE',  ( 81.00000000000001421, 3.000000000000000000, 21.90598270084813493 ) ) ;
#4331 = ORIENTED_EDGE ( 'NONE', *, *, #3474, .T. ) ;
#4332 = FACE_OUTER_BOUND ( 'NONE', #2894, .T. ) ;
#4333 = DIRECTION ( 'NONE',  ( 0.000000000000000000, -1.000000000000000000, 0.000000000000000000 ) ) ;
#4334 = VERTEX_POINT ( 'NONE', #1537 ) ;
#4335 = ORIENTED_EDGE ( 'NONE', *, *, #4441, .T. ) ;
#4336 = ADVANCED_FACE ( 'NONE', ( #4055 ), #1189, .F. ) ;
#4337 = ADVANCED_FACE ( 'NONE', ( #3827, #4207 ), #3853, .T. ) ;
#4338 = EDGE_LOOP ( 'NONE', ( #1710, #4422, #2884, #541, #2454, #1541 ) ) ;
#4339 = CARTESIAN_POINT ( 'NONE',  ( 12.30222139978607743, 5.000000000000000000, 20.60598270084806316 ) ) ;
#4340 = LINE ( 'NONE', #1117, #3932 ) ;
#4341 = ORIENTED_EDGE ( 'NONE', *, *, #1300, .F. ) ;
#4342 = CARTESIAN_POINT ( 'NONE',  ( 16.51554445662303294, 2.200000000000000178, 84.37500000000012790 ) ) ;
#4343 = VECTOR ( 'NONE', #2318, 1000.000000000000000 ) ;
#4344 = ORIENTED_EDGE ( 'NONE', *, *, #3535, .F. ) ;
#4345 = FACE_OUTER_BOUND ( 'NONE', #2833, .T. ) ;
#4346 = PLANE ( 'NONE',  #984 ) ;
#4347 = LINE ( 'NONE', #2940, #3400 ) ;
#4348 = DIRECTION ( 'NONE',  ( 0.000000000000000000, 1.000000000000000000, 0.000000000000000000 ) ) ;
#4349 = AXIS2_PLACEMENT_3D ( 'NONE', #3697, #2979, #4431 ) ;
#4350 = EDGE_LOOP ( 'NONE', ( #3769, #1991, #73, #1609 ) ) ;
#4351 = DIRECTION ( 'NONE',  ( 0.7071067811865470176, -0.7071067811865479058, -0.000000000000000000 ) ) ;
#4352 = CARTESIAN_POINT ( 'NONE',  ( 40.74999999999976552, 5.000000000000000000, 45.50000000000012079 ) ) ;
#4353 = CARTESIAN_POINT ( 'NONE',  ( -61.00000000000002132, 5.000000000000000000, 110.0000000000000000 ) ) ;
#4354 = PLANE ( 'NONE',  #3244 ) ;
#4355 = FACE_OUTER_BOUND ( 'NONE', #2106, .T. ) ;
#4356 = ORIENTED_EDGE ( 'NONE', *, *, #2585, .T. ) ;
#4357 = VECTOR ( 'NONE', #436, 1000.000000000000000 ) ;
#4358 = PLANE ( 'NONE',  #2974 ) ;
#4359 = DIRECTION ( 'NONE',  ( 0.000000000000000000, 0.000000000000000000, 1.000000000000000000 ) ) ;
#4360 = ORIENTED_EDGE ( 'NONE', *, *, #2720, .F. ) ;
#4361 = ADVANCED_FACE ( 'NONE', ( #627 ), #1039, .T. ) ;
#4362 = ORIENTED_EDGE ( 'NONE', *, *, #4593, .F. ) ;
#4363 = FACE_OUTER_BOUND ( 'NONE', #3397, .T. ) ;
#4364 = UNCERTAINTY_MEASURE_WITH_UNIT (LENGTH_MEASURE( 1.000000000000000082E-05 ), #1575, 'distance_accuracy_value', 'NONE');
#4365 = DIRECTION ( 'NONE',  ( 0.000000000000000000, 1.000000000000000000, 0.000000000000000000 ) ) ;
#4366 = EDGE_CURVE ( 'NONE', #2955, #4489, #272, .T. ) ;
#4367 = EDGE_LOOP ( 'NONE', ( #629, #991, #1176, #1593, #4029, #1638 ) ) ;
#4368 = DIRECTION ( 'NONE',  ( 1.692413147294449421E-16, 0.000000000000000000, -1.000000000000000000 ) ) ;
#4369 = VERTEX_POINT ( 'NONE', #2062 ) ;
#4370 = CARTESIAN_POINT ( 'NONE',  ( -54.49999999999998579, 10.00000000000000000, -54.49999999999998579 ) ) ;
#4371 = DIRECTION ( 'NONE',  ( -0.000000000000000000, -1.000000000000000000, -0.000000000000000000 ) ) ;
#4372 = CARTESIAN_POINT ( 'NONE',  ( 79.93131742253608252, 0.9313174225360598690, 18.18701099679229927 ) ) ;
#4373 = EDGE_LOOP ( 'NONE', ( #4116, #1746, #4611, #2012 ) ) ;
#4374 = CARTESIAN_POINT ( 'NONE',  ( -78.40211102539342392, 3.000000000000000000, 13.06606104667467250 ) ) ;
#4375 = DIRECTION ( 'NONE',  ( -0.8660254037844389297, 0.000000000000000000, 0.4999999999999994449 ) ) ;
#4376 = ORIENTED_EDGE ( 'NONE', *, *, #4566, .F. ) ;
#4377 = PLANE ( 'NONE',  #2941 ) ;
#4378 = DIRECTION ( 'NONE',  ( -0.000000000000000000, -1.000000000000000000, -0.000000000000000000 ) ) ;
#4379 = ORIENTED_EDGE ( 'NONE', *, *, #1510, .T. ) ;
#4380 = CARTESIAN_POINT ( 'NONE',  ( 40.74999999999977263, 10.00000000000000000, 4.500000000000170530 ) ) ;
#4381 = DIRECTION ( 'NONE',  ( -0.5000000000000018874, 0.000000000000000000, -0.8660254037844374864 ) ) ;
#4382 = ORIENTED_EDGE ( 'NONE', *, *, #3098, .T. ) ;
#4383 = AXIS2_PLACEMENT_3D ( 'NONE', #1342, #1045, #3908 ) ;
#4384 = VECTOR ( 'NONE', #4513, 1000.000000000000000 ) ;
#4385 = ADVANCED_FACE ( 'NONE', ( #1362 ), #2743, .F. ) ;
#4386 = EDGE_CURVE ( 'NONE', #1529, #3052, #2789, .T. ) ;
#4387 = VECTOR ( 'NONE', #2404, 1000.000000000000000 ) ;
#4388 = DIRECTION ( 'NONE',  ( 0.000000000000000000, 0.000000000000000000, 1.000000000000000000 ) ) ;
#4389 = LINE ( 'NONE', #3606, #333 ) ;
#4390 = VERTEX_POINT ( 'NONE', #3501 ) ;
#4391 = STYLED_ITEM ( 'NONE', ( #2747 ), #1289 ) ;
#4392 = CYLINDRICAL_SURFACE ( 'NONE', #2704, 1.249999999999997558 ) ;
#4393 = LINE ( 'NONE', #1496, #159 ) ;
#4394 = DIRECTION ( 'NONE',  ( 0.000000000000000000, -1.000000000000000000, 0.000000000000000000 ) ) ;
#4395 = VERTEX_POINT ( 'NONE', #294 ) ;
#4396 = CARTESIAN_POINT ( 'NONE',  ( 75.80297037413535577, 3.000000000000000000, 14.56203788081107398 ) ) ;
#4397 = ADVANCED_FACE ( 'NONE', ( #2040 ), #1687, .F. ) ;
#4398 = DIRECTION ( 'NONE',  ( -0.5017097751579632225, 0.000000000000000000, 0.8650360116844535430 ) ) ;
#4399 = VECTOR ( 'NONE', #4550, 1000.000000000000000 ) ;
#4400 = ORIENTED_EDGE ( 'NONE', *, *, #4174, .F. ) ;
#4401 = DIRECTION ( 'NONE',  ( -0.8660254037844389297, 0.000000000000000000, -0.4999999999999995559 ) ) ;
#4402 = CARTESIAN_POINT ( 'NONE',  ( -7.799999999999958078, -6.000000000000000000, 33.42555455687870136 ) ) ;
#4403 = VERTEX_POINT ( 'NONE', #3094 ) ;
#4404 = CARTESIAN_POINT ( 'NONE',  ( 61.00000000000000000, 5.000000000000000000, 96.90598270084817045 ) ) ;
#4405 = DIRECTION ( 'NONE',  ( 0.000000000000000000, 1.000000000000000000, 0.000000000000000000 ) ) ;
#4406 = ORIENTED_EDGE ( 'NONE', *, *, #686, .F. ) ;
#4407 = ORIENTED_EDGE ( 'NONE', *, *, #1990, .T. ) ;
#4408 = VECTOR ( 'NONE', #2598, 1000.000000000000000 ) ;
#4409 = LINE ( 'NONE', #424, #999 ) ;
#4410 = CARTESIAN_POINT ( 'NONE',  ( -51.00000000000004263, 5.000000000000000000, 101.0000000000000142 ) ) ;
#4411 = ADVANCED_FACE ( 'NONE', ( #2394 ), #604, .F. ) ;
#4412 = VECTOR ( 'NONE', #1787, 1000.000000000000000 ) ;
#4413 = EDGE_CURVE ( 'NONE', #3469, #4633, #3196, .T. ) ;
#4414 = DIRECTION ( 'NONE',  ( -0.002996854885004050697, 0.000000000000000000, 0.9999955094203164530 ) ) ;
#4415 = PLANE ( 'NONE',  #922 ) ;
#4416 = VECTOR ( 'NONE', #3444, 1000.000000000000000 ) ;
#4417 = ADVANCED_FACE ( 'NONE', ( #3877 ), #651, .F. ) ;
#4418 = DIRECTION ( 'NONE',  ( 2.673639354406774245E-16, 0.000000000000000000, -1.000000000000000000 ) ) ;
#4419 = ORIENTED_EDGE ( 'NONE', *, *, #4535, .F. ) ;
#4420 = FACE_OUTER_BOUND ( 'NONE', #3106, .T. ) ;
#4421 = CARTESIAN_POINT ( 'NONE',  ( 42.99999999999977973, 0.000000000000000000, 45.50000000000012079 ) ) ;
#4422 = ORIENTED_EDGE ( 'NONE', *, *, #2077, .T. ) ;
#4423 = CARTESIAN_POINT ( 'NONE',  ( -12.30216580359597778, 2.500000000000000000, 20.58771193041968317 ) ) ;
#4424 = ADVANCED_FACE ( 'NONE', ( #3119 ), #3169, .F. ) ;
#4425 = FACE_OUTER_BOUND ( 'NONE', #3229, .T. ) ;
#4426 = ORIENTED_EDGE ( 'NONE', *, *, #4615, .F. ) ;
#4427 = DIRECTION ( 'NONE',  ( 0.000000000000000000, 0.000000000000000000, 1.000000000000000000 ) ) ;
#4428 = CARTESIAN_POINT ( 'NONE',  ( -80.99589584025500244, 1.995895840255001552, 21.90597692913009453 ) ) ;
#4429 = ORIENTED_EDGE ( 'NONE', *, *, #3766, .F. ) ;
#4430 = ORIENTED_EDGE ( 'NONE', *, *, #1627, .F. ) ;
#4431 = DIRECTION ( 'NONE',  ( 1.000000000000000000, 0.000000000000000000, 0.000000000000000000 ) ) ;
#4432 = DIRECTION ( 'NONE',  ( 2.673639354406769807E-16, 0.000000000000000000, 1.000000000000000000 ) ) ;
#4433 = CARTESIAN_POINT ( 'NONE',  ( -59.00000000000001421, 0.000000000000000000, 110.0000000000000000 ) ) ;
#4434 = EDGE_LOOP ( 'NONE', ( #143, #1418, #3198, #1384 ) ) ;
#4435 = CARTESIAN_POINT ( 'NONE',  ( -78.99999999999998579, 0.000000000000000000, -2.112175089981351599E-14 ) ) ;
#4436 = EDGE_CURVE ( 'NONE', #3817, #3750, #2838, .T. ) ;
#4437 = CARTESIAN_POINT ( 'NONE',  ( 81.25372625720933684, 0.000000000000000000, -20.68607404050327503 ) ) ;
#4438 = EDGE_CURVE ( 'NONE', #646, #685, #1339, .T. ) ;
#4439 = VERTEX_POINT ( 'NONE', #2761 ) ;
#4440 = PLANE ( 'NONE',  #1365 ) ;
#4441 = EDGE_CURVE ( 'NONE', #4619, #1457, #1063, .T. ) ;
#4442 = DIRECTION ( 'NONE',  ( -0.000000000000000000, 1.000000000000000000, -0.000000000000000000 ) ) ;
#4443 = EDGE_LOOP ( 'NONE', ( #1678, #2218, #2362, #2288 ) ) ;
#4444 = CARTESIAN_POINT ( 'NONE',  ( -10.81690585313565833, 5.000000000000000000, 23.19679916792093266 ) ) ;
#4445 = LINE ( 'NONE', #1219, #4162 ) ;
#4446 = ORIENTED_EDGE ( 'NONE', *, *, #3118, .F. ) ;
#4447 = DIRECTION ( 'NONE',  ( -0.000000000000000000, -1.000000000000000000, -0.000000000000000000 ) ) ;
#4448 = VECTOR ( 'NONE', #814, 1000.000000000000000 ) ;
#4449 = ORIENTED_EDGE ( 'NONE', *, *, #1266, .F. ) ;
#4450 = DIRECTION ( 'NONE',  ( 0.000000000000000000, 0.000000000000000000, 1.000000000000000000 ) ) ;
#4451 = CARTESIAN_POINT ( 'NONE',  ( -11.96893163944603700, 2.200000000000000178, 86.98883784741830993 ) ) ;
#4452 = VECTOR ( 'NONE', #1237, 1000.000000000000000 ) ;
#4453 = CARTESIAN_POINT ( 'NONE',  ( 78.65372625720931410, 3.000000000000000000, -25.18940614018234925 ) ) ;
#4454 = CARTESIAN_POINT ( 'NONE',  ( 10.80111069989304262, 2.500000000000000000, 18.00598270084806174 ) ) ;
#4455 = VECTOR ( 'NONE', #2892, 1000.000000000000000 ) ;
#4456 = PLANE ( 'NONE',  #1035 ) ;
#4457 = ORIENTED_EDGE ( 'NONE', *, *, #4119, .F. ) ;
#4458 = LINE ( 'NONE', #882, #3789 ) ;
#4459 = ORIENTED_EDGE ( 'NONE', *, *, #135, .F. ) ;
#4460 = DIRECTION ( 'NONE',  ( -0.000000000000000000, -0.000000000000000000, -1.000000000000000000 ) ) ;
#4461 = VECTOR ( 'NONE', #4206, 1000.000000000000000 ) ;
#4462 = CARTESIAN_POINT ( 'NONE',  ( -75.99999999999997158, 10.00000000000000000, -30.00000000000000000 ) ) ;
#4463 = CARTESIAN_POINT ( 'NONE',  ( 81.00000000000001421, 2.000000000000001776, 21.90598270084813493 ) ) ;
#4464 = ORIENTED_EDGE ( 'NONE', *, *, #2542, .T. ) ;
#4465 = EDGE_CURVE ( 'NONE', #577, #2535, #3931, .T. ) ;
#4466 = CARTESIAN_POINT ( 'NONE',  ( 10.80111069989306216, 2.500000000000000000, 23.20598270084804682 ) ) ;
#4467 = EDGE_CURVE ( 'NONE', #2153, #3246, #4539, .T. ) ;
#4468 = LINE ( 'NONE', #934, #400 ) ;
#4469 = ORIENTED_EDGE ( 'NONE', *, *, #1561, .T. ) ;
#4470 = CARTESIAN_POINT ( 'NONE',  ( -78.64472903534151271, 3.000000000000000000, -25.18939265846792352 ) ) ;
#4471 = ORIENTED_EDGE ( 'NONE', *, *, #338, .T. ) ;
#4472 = DIRECTION ( 'NONE',  ( 0.000000000000000000, 1.000000000000000000, 0.000000000000000000 ) ) ;
#4473 = EDGE_CURVE ( 'NONE', #4592, #1259, #1165, .T. ) ;
#4474 = VECTOR ( 'NONE', #3940, 1000.000000000000114 ) ;
#4475 = CARTESIAN_POINT ( 'NONE',  ( 10.80111069989306216, 2.500000000000000000, 23.20598270084804682 ) ) ;
#4476 = LINE ( 'NONE', #918, #1831 ) ;
#4477 = AXIS2_PLACEMENT_3D ( 'NONE', #1790, #3224, #2285 ) ;
#4478 = EDGE_CURVE ( 'NONE', #1835, #3127, #64, .T. ) ;
#4479 = VERTEX_POINT ( 'NONE', #2935 ) ;
#4480 = LINE ( 'NONE', #3388, #1311 ) ;
#4481 = ORIENTED_EDGE ( 'NONE', *, *, #170, .T. ) ;
#4482 = CARTESIAN_POINT ( 'NONE',  ( 7.800000000000030909, -6.000000000000000000, 31.92555455687869781 ) ) ;
#4483 = CARTESIAN_POINT ( 'NONE',  ( -7.814740049539647515, 2.500000000000000000, 23.21506993834929844 ) ) ;
#4484 = DIRECTION ( 'NONE',  ( 0.7040905031817136228, -0.7040905031817144000, -0.09226660641121191275 ) ) ;
#4485 = ORIENTED_EDGE ( 'NONE', *, *, #331, .T. ) ;
#4486 = CIRCLE ( 'NONE', #4554, 2.250000000000008882 ) ;
#4487 = DIRECTION ( 'NONE',  ( -0.5031857961370485022, 0.000000000000000000, -0.8641782539302436117 ) ) ;
#4488 = DIRECTION ( 'NONE',  ( 0.000000000000000000, 0.000000000000000000, -1.000000000000000000 ) ) ;
#4489 = VERTEX_POINT ( 'NONE', #346 ) ;
#4490 = DIRECTION ( 'NONE',  ( 0.000000000000000000, 0.000000000000000000, 1.000000000000000000 ) ) ;
#4491 = EDGE_LOOP ( 'NONE', ( #2321, #4145, #3061, #1233 ) ) ;
#4492 = VECTOR ( 'NONE', #1868, 1000.000000000000114 ) ;
#4493 = ORIENTED_EDGE ( 'NONE', *, *, #1102, .T. ) ;
#4494 = AXIS2_PLACEMENT_3D ( 'NONE', #4421, #3349, #3260 ) ;
#4495 = CYLINDRICAL_SURFACE ( 'NONE', #533, 2.250000000000008882 ) ;
#4496 = EDGE_CURVE ( 'NONE', #3188, #619, #1492, .T. ) ;
#4497 = DIRECTION ( 'NONE',  ( -2.673639354406774245E-16, 0.000000000000000000, 1.000000000000000000 ) ) ;
#4498 = ORIENTED_EDGE ( 'NONE', *, *, #1574, .F. ) ;
#4499 = DIRECTION ( 'NONE',  ( -0.000000000000000000, -1.000000000000000000, -0.000000000000000000 ) ) ;
#4500 = EDGE_CURVE ( 'NONE', #2549, #160, #2518, .T. ) ;
#4501 = CARTESIAN_POINT ( 'NONE',  ( -9.299999999999968736, -1.000000000000013101, 20.60598270084804895 ) ) ;
#4502 = DIRECTION ( 'NONE',  ( 0.5052611553710814052, 0.000000000000000000, -0.8629664911646801606 ) ) ;
#4503 = FACE_OUTER_BOUND ( 'NONE', #2081, .T. ) ;
#4504 = ORIENTED_EDGE ( 'NONE', *, *, #1224, .T. ) ;
#4505 = DIRECTION ( 'NONE',  ( 1.000000000000000000, -0.000000000000000000, 0.000000000000000000 ) ) ;
#4506 = CARTESIAN_POINT ( 'NONE',  ( 10.80111069989304262, 2.500000000000000000, 18.00598270084806174 ) ) ;
#4507 = ORIENTED_EDGE ( 'NONE', *, *, #699, .T. ) ;
#4508 = LINE ( 'NONE', #2690, #3702 ) ;
#4509 = EDGE_LOOP ( 'NONE', ( #1722, #2492, #2788, #3378, #826 ) ) ;
#4510 = ORIENTED_EDGE ( 'NONE', *, *, #3566, .T. ) ;
#4511 = EDGE_CURVE ( 'NONE', #1806, #3411, #3959, .T. ) ;
#4512 = EDGE_CURVE ( 'NONE', #4146, #190, #399, .T. ) ;
#4513 = DIRECTION ( 'NONE',  ( -0.000000000000000000, 1.000000000000000000, -0.000000000000000000 ) ) ;
#4514 = VECTOR ( 'NONE', #2167, 1000.000000000000000 ) ;
#4515 = DIRECTION ( 'NONE',  ( 0.000000000000000000, 0.000000000000000000, 1.000000000000000000 ) ) ;
#4516 = ORIENTED_EDGE ( 'NONE', *, *, #1294, .T. ) ;
#4517 = ORIENTED_EDGE ( 'NONE', *, *, #4436, .F. ) ;
#4518 = DIRECTION ( 'NONE',  ( 0.000000000000000000, 1.000000000000000000, 0.000000000000000000 ) ) ;
#4519 = LINE ( 'NONE', #1958, #3314 ) ;
#4520 = AXIS2_PLACEMENT_3D ( 'NONE', #74, #794, #3687 ) ;
#4521 = CARTESIAN_POINT ( 'NONE',  ( 51.00000000000002842, 5.000000000000000000, 101.0000000000000142 ) ) ;
#4522 = VERTEX_POINT ( 'NONE', #1535 ) ;
#4523 = ADVANCED_FACE ( 'NONE', ( #452 ), #1394, .T. ) ;
#4524 = DIRECTION ( 'NONE',  ( 0.000000000000000000, 0.000000000000000000, -1.000000000000000000 ) ) ;
#4525 = DIRECTION ( 'NONE',  ( 0.000000000000000000, 0.000000000000000000, 1.000000000000000000 ) ) ;
#4526 = PRESENTATION_LAYER_ASSIGNMENT (  '', '', ( #4391 ) ) ;
#4527 = VERTEX_POINT ( 'NONE', #3221 ) ;
#4528 = CARTESIAN_POINT ( 'NONE',  ( -9.299999999999968736, -6.000000000000000000, 20.60598270084804895 ) ) ;
#4529 = AXIS2_PLACEMENT_3D ( 'NONE', #225, #1665, #3091 ) ;
#4530 = ORIENTED_EDGE ( 'NONE', *, *, #2304, .T. ) ;
#4531 = CARTESIAN_POINT ( 'NONE',  ( 79.00000000000001421, 0.000000000000000000, 18.72225717920744259 ) ) ;
#4532 = ORIENTED_EDGE ( 'NONE', *, *, #85, .F. ) ;
#4533 = AXIS2_PLACEMENT_3D ( 'NONE', #1754, #3185, #4634 ) ;
#4534 = EDGE_CURVE ( 'NONE', #4403, #3873, #1886, .T. ) ;
#4535 = EDGE_CURVE ( 'NONE', #3479, #4679, #730, .T. ) ;
#4536 = DIRECTION ( 'NONE',  ( 0.000000000000000000, 0.000000000000000000, -1.000000000000000000 ) ) ;
#4537 = CARTESIAN_POINT ( 'NONE',  ( -6.297834196403959695, 5.000000000000000000, 20.62425347127641118 ) ) ;
#4538 = ORIENTED_EDGE ( 'NONE', *, *, #3815, .T. ) ;
#4539 = LINE ( 'NONE', #1864, #3954 ) ;
#4540 = EDGE_LOOP ( 'NONE', ( #2373, #2156, #3457, #1034 ) ) ;
#4541 = DIRECTION ( 'NONE',  ( -0.8663767669259530013, 0.000000000000000000, -0.4993909267607219982 ) ) ;
#4542 = CARTESIAN_POINT ( 'NONE',  ( -78.99999999999998579, 0.000000000000000000, 13.41181317930834105 ) ) ;
#4543 = EDGE_CURVE ( 'NONE', #830, #1925, #4389, .T. ) ;
#4544 = CARTESIAN_POINT ( 'NONE',  ( 81.00000000000001421, 10.00000000000000000, 21.90598270084813493 ) ) ;
#4545 = VECTOR ( 'NONE', #520, 1000.000000000000000 ) ;
#4546 = DIRECTION ( 'NONE',  ( 0.8645230873858534837, 0.000000000000000000, 0.5025931071720262100 ) ) ;
#4547 = ORIENTED_EDGE ( 'NONE', *, *, #2092, .T. ) ;
#4548 = DIRECTION ( 'NONE',  ( -0.8663767669259530013, 0.000000000000000000, -0.4993909267607219982 ) ) ;
#4549 = AXIS2_PLACEMENT_3D ( 'NONE', #3904, #1013, #1762 ) ;
#4550 = DIRECTION ( 'NONE',  ( 2.673639354406774245E-16, 0.000000000000000000, -1.000000000000000000 ) ) ;
#4551 = ORIENTED_EDGE ( 'NONE', *, *, #1138, .F. ) ;
#4552 = DIRECTION ( 'NONE',  ( 0.000000000000000000, 0.000000000000000000, 1.000000000000000000 ) ) ;
#4553 = EDGE_CURVE ( 'NONE', #4527, #2606, #782, .T. ) ;
#4554 = AXIS2_PLACEMENT_3D ( 'NONE', #4133, #1203, #1985 ) ;
#4555 = ORIENTED_EDGE ( 'NONE', *, *, #1931, .T. ) ;
#4556 = CARTESIAN_POINT ( 'NONE',  ( -7.799999999999950973, 0.000000000000000000, 26.42555455687866939 ) ) ;
#4557 = ORIENTED_EDGE ( 'NONE', *, *, #4595, .F. ) ;
#4558 = AXIS2_PLACEMENT_3D ( 'NONE', #3433, #130, #108 ) ;
#4559 = PLANE ( 'NONE',  #1523 ) ;
#4560 = CARTESIAN_POINT ( 'NONE',  ( -81.00000000000000000, 2.000000000000001776, 21.90598270084804966 ) ) ;
#4561 = DIRECTION ( 'NONE',  ( -0.000000000000000000, 0.000000000000000000, 1.000000000000000000 ) ) ;
#4562 = EDGE_LOOP ( 'NONE', ( #365, #3580, #3879, #1980, #3103 ) ) ;
#4563 = CARTESIAN_POINT ( 'NONE',  ( -50.00000000000000000, 2.500000000000000000, 101.0000000000000142 ) ) ;
#4564 = AXIS2_PLACEMENT_3D ( 'NONE', #306, #4631, #1403 ) ;
#4565 = LINE ( 'NONE', #2090, #224 ) ;
#4566 = EDGE_CURVE ( 'NONE', #358, #661, #4008, .T. ) ;
#4567 = FILL_AREA_STYLE_COLOUR ( '', #853 ) ;
#4568 = CARTESIAN_POINT ( 'NONE',  ( 11.96891108675472637, 2.200000000000000178, 87.00000000000012790 ) ) ;
#4569 = ORIENTED_EDGE ( 'NONE', *, *, #2658, .T. ) ;
#4570 = CARTESIAN_POINT ( 'NONE',  ( -61.00000000000001421, 2.000000000000001776, 96.90598270084805677 ) ) ;
#4571 = EDGE_CURVE ( 'NONE', #574, #1363, #1092, .T. ) ;
#4572 = FACE_BOUND ( 'NONE', #589, .T. ) ;
#4573 = ORIENTED_EDGE ( 'NONE', *, *, #3135, .F. ) ;
#4574 = EDGE_CURVE ( 'NONE', #2606, #4439, #371, .T. ) ;
#4575 = DIRECTION ( 'NONE',  ( 0.9999955094203164530, -0.000000000000000000, 0.002996854885004050697 ) ) ;
#4576 = ORIENTED_EDGE ( 'NONE', *, *, #351, .T. ) ;
#4577 = CARTESIAN_POINT ( 'NONE',  ( 9.300000000000030909, -6.000000000000000000, 28.92555455687870847 ) ) ;
#4578 = CARTESIAN_POINT ( 'NONE',  ( -76.05823654365040909, 0.000000000000000000, -20.67828895865947558 ) ) ;
#4579 = EDGE_LOOP ( 'NONE', ( #861, #1938, #2654, #1521 ) ) ;
#4580 = ORIENTED_EDGE ( 'NONE', *, *, #3776, .T. ) ;
#4581 = EDGE_CURVE ( 'NONE', #4592, #1825, #3191, .T. ) ;
#4582 = ORIENTED_EDGE ( 'NONE', *, *, #2300, .F. ) ;
#4583 = DIRECTION ( 'NONE',  ( 0.000000000000000000, 1.000000000000000000, 0.000000000000000000 ) ) ;
#4584 = CARTESIAN_POINT ( 'NONE',  ( -75.99999999999997158, 10.00000000000000000, -30.00000000000000000 ) ) ;
#4585 = DIRECTION ( 'NONE',  ( 1.000000000000000000, 0.000000000000000000, -0.000000000000000000 ) ) ;
#4586 = ORIENTED_EDGE ( 'NONE', *, *, #928, .F. ) ;
#4587 = CARTESIAN_POINT ( 'NONE',  ( -9.299999999999968736, -6.000000000000000000, 31.92555455687869070 ) ) ;
#4588 = DIRECTION ( 'NONE',  ( 0.000000000000000000, 0.000000000000000000, -1.000000000000000000 ) ) ;
#4589 = CARTESIAN_POINT ( 'NONE',  ( -7.783094146864282692, 2.500000000000000000, 18.01516623377516169 ) ) ;
#4590 = AXIS2_PLACEMENT_3D ( 'NONE', #498, #1933, #3453 ) ;
#4591 = CYLINDRICAL_SURFACE ( 'NONE', #1508, 1.500000000000001332 ) ;
#4592 = VERTEX_POINT ( 'NONE', #4410 ) ;
#4593 = EDGE_CURVE ( 'NONE', #2520, #3132, #2614, .T. ) ;
#4594 = CARTESIAN_POINT ( 'NONE',  ( 78.65372625720931410, 3.000000000000000888, -22.18718474039629385 ) ) ;
#4595 = EDGE_CURVE ( 'NONE', #726, #4650, #702, .T. ) ;
#4596 = PLANE ( 'NONE',  #1100 ) ;
#4597 = ORIENTED_EDGE ( 'NONE', *, *, #3284, .F. ) ;
#4598 = AXIS2_PLACEMENT_3D ( 'NONE', #4137, #1263, #4490 ) ;
#4599 = FACE_OUTER_BOUND ( 'NONE', #4244, .T. ) ;
#4600 = ADVANCED_FACE ( 'NONE', ( #2543 ), #2139, .T. ) ;
#4601 = ORIENTED_EDGE ( 'NONE', *, *, #3095, .F. ) ;
#4602 = EDGE_CURVE ( 'NONE', #1989, #1477, #201, .T. ) ;
#4603 = CARTESIAN_POINT ( 'NONE',  ( 50.00000000000000000, 3.999999999999988898, 110.0000000000000000 ) ) ;
#4604 = VECTOR ( 'NONE', #165, 1000.000000000000000 ) ;
#4605 = CARTESIAN_POINT ( 'NONE',  ( 18.03108891324579233, 2.200000000000000178, 87.00000000000009948 ) ) ;
#4606 = ORIENTED_EDGE ( 'NONE', *, *, #3907, .T. ) ;
#4607 = VECTOR ( 'NONE', #2327, 1000.000000000000000 ) ;
#4608 = ORIENTED_EDGE ( 'NONE', *, *, #580, .T. ) ;
#4609 = EDGE_CURVE ( 'NONE', #2177, #228, #474, .T. ) ;
#4610 = VECTOR ( 'NONE', #954, 1000.000000000000227 ) ;
#4611 = ORIENTED_EDGE ( 'NONE', *, *, #599, .F. ) ;
#4612 = DIRECTION ( 'NONE',  ( -0.000000000000000000, -0.000000000000000000, 1.000000000000000000 ) ) ;
#4613 = LINE ( 'NONE', #2835, #3845 ) ;
#4614 = EDGE_CURVE ( 'NONE', #1903, #4403, #2057, .T. ) ;
#4615 = EDGE_CURVE ( 'NONE', #1925, #1680, #154, .T. ) ;
#4616 = ORIENTED_EDGE ( 'NONE', *, *, #928, .T. ) ;
#4617 = CARTESIAN_POINT ( 'NONE',  ( -7.799999999999958078, -6.000000000000000000, 27.42555455687869781 ) ) ;
#4618 = APPLICATION_CONTEXT ( 'automotive_design' ) ;
#4619 = VERTEX_POINT ( 'NONE', #875 ) ;
#4620 = CYLINDRICAL_SURFACE ( 'NONE', #2296, 2.649999999999999467 ) ;
#4621 = CARTESIAN_POINT ( 'NONE',  ( 0.000000000000000000, 3.000000000000000000, 0.000000000000000000 ) ) ;
#4622 = DIRECTION ( 'NONE',  ( -0.7071067811865475727, 0.7071067811865475727, 0.000000000000000000 ) ) ;
#4623 = EDGE_CURVE ( 'NONE', #3411, #1363, #1620, .T. ) ;
#4624 = CARTESIAN_POINT ( 'NONE',  ( 9.300000000000030909, -1.000000000000028644, 31.92555455687869070 ) ) ;
#4625 = VERTEX_POINT ( 'NONE', #2262 ) ;
#4626 = CARTESIAN_POINT ( 'NONE',  ( -79.92851855381867665, 0.9285185538186735421, 18.18822740567220109 ) ) ;
#4627 = DIRECTION ( 'NONE',  ( 0.9999932193701946970, 0.000000000000000000, -0.003682555313065100002 ) ) ;
#4628 = AXIS2_PLACEMENT_3D ( 'NONE', #4270, #410, #1149 ) ;
#4629 = VERTEX_POINT ( 'NONE', #4141 ) ;
#4630 = DIRECTION ( 'NONE',  ( 0.000000000000000000, -0.7071067811865475727, -0.7071067811865475727 ) ) ;
#4631 = DIRECTION ( 'NONE',  ( 1.000000000000000000, 0.000000000000000000, 0.000000000000000000 ) ) ;
#4632 = AXIS2_PLACEMENT_3D ( 'NONE', #1556, #1949, #1930 ) ;
#4633 = VERTEX_POINT ( 'NONE', #2633 ) ;
#4634 = DIRECTION ( 'NONE',  ( -0.2576626505603324402, 0.000000000000000000, 0.9662349396012461789 ) ) ;
#4635 = ORIENTED_EDGE ( 'NONE', *, *, #3740, .F. ) ;
#4636 = AXIS2_PLACEMENT_3D ( 'NONE', #2033, #665, #595 ) ;
#4637 = EDGE_LOOP ( 'NONE', ( #1098, #3854, #1143, #2208 ) ) ;
#4638 = VECTOR ( 'NONE', #2267, 1000.000000000000000 ) ;
#4639 = EDGE_CURVE ( 'NONE', #3860, #1947, #2375, .T. ) ;
#4640 = VERTEX_POINT ( 'NONE', #3340 ) ;
#4641 = DIRECTION ( 'NONE',  ( 0.4999999999999992784, 0.000000000000000000, -0.8660254037844390407 ) ) ;
#4642 = DIRECTION ( 'NONE',  ( -2.673639354406774245E-16, 0.000000000000000000, 1.000000000000000000 ) ) ;
#4643 = CARTESIAN_POINT ( 'NONE',  ( -50.00000000000000000, 2.500000000000000000, 110.0000000000000000 ) ) ;
#4644 = ORIENTED_EDGE ( 'NONE', *, *, #1085, .T. ) ;
#4645 = DIRECTION ( 'NONE',  ( 0.000000000000000000, 1.000000000000000000, 0.000000000000000000 ) ) ;
#4646 = EDGE_CURVE ( 'NONE', #4208, #1976, #345, .T. ) ;
#4647 = PLANE ( 'NONE',  #4383 ) ;
#4648 = DIRECTION ( 'NONE',  ( -0.4999999999999997224, 0.000000000000000000, 0.8660254037844387076 ) ) ;
#4649 = CARTESIAN_POINT ( 'NONE',  ( 76.00000000000001421, 5.000000000000000000, 21.25076433052315039 ) ) ;
#4650 = VERTEX_POINT ( 'NONE', #1599 ) ;
#4651 = CARTESIAN_POINT ( 'NONE',  ( 6.297778600213984390, 2.500000000000000000, 20.60598270084805250 ) ) ;
#4652 = AXIS2_PLACEMENT_3D ( 'NONE', #1480, #1429, #2901 ) ;
#4653 = PLANE ( 'NONE',  #1304 ) ;
#4654 = ORIENTED_EDGE ( 'NONE', *, *, #1850, .F. ) ;
#4655 = FACE_OUTER_BOUND ( 'NONE', #4136, .T. ) ;
#4656 = CARTESIAN_POINT ( 'NONE',  ( 81.00000000000001421, 2.000000000000001776, 21.90598270084813493 ) ) ;
#4657 = ORIENTED_EDGE ( 'NONE', *, *, #2773, .F. ) ;
#4658 = LINE ( 'NONE', #3292, #1024 ) ;
#4659 = CARTESIAN_POINT ( 'NONE',  ( -9.299999999999968736, -1.000000000000013101, 20.60598270084804895 ) ) ;
#4660 = EDGE_LOOP ( 'NONE', ( #4002, #1280, #2733, #3313 ) ) ;
#4661 = ORIENTED_EDGE ( 'NONE', *, *, #111, .F. ) ;
#4662 = ADVANCED_FACE ( 'NONE', ( #558 ), #3362, .F. ) ;
#4663 = ORIENTED_EDGE ( 'NONE', *, *, #1610, .F. ) ;
#4664 = VECTOR ( 'NONE', #163, 1000.000000000000000 ) ;
#4665 = LINE ( 'NONE', #1336, #2271 ) ;
#4666 = LINE ( 'NONE', #1708, #2206 ) ;
#4667 = DIRECTION ( 'NONE',  ( 0.4999999999999999445, 0.000000000000000000, 0.8660254037844387076 ) ) ;
#4668 = EDGE_CURVE ( 'NONE', #1477, #47, #3408, .T. ) ;
#4669 = VECTOR ( 'NONE', #926, 1000.000000000000114 ) ;
#4670 = ORIENTED_EDGE ( 'NONE', *, *, #1410, .T. ) ;
#4671 = CARTESIAN_POINT ( 'NONE',  ( -9.299999999999968736, -6.000000000000000000, 28.92555455687870847 ) ) ;
#4672 = ADVANCED_FACE ( 'NONE', ( #2283, #3739 ), #3044, .T. ) ;
#4673 = CARTESIAN_POINT ( 'NONE',  ( -81.00000000000000000, 2.000000000000001776, -23.83897132671138053 ) ) ;
#4674 = LINE ( 'NONE', #1445, #2345 ) ;
#4675 = LINE ( 'NONE', #4294, #2631 ) ;
#4676 = ORIENTED_EDGE ( 'NONE', *, *, #90, .F. ) ;
#4677 = CARTESIAN_POINT ( 'NONE',  ( 78.39406939752160497, 3.000000000000000000, 19.07049724638230259 ) ) ;
#4678 = FACE_BOUND ( 'NONE', #3565, .T. ) ;
#4679 = VERTEX_POINT ( 'NONE', #177 ) ;
ENDSEC;
END-ISO-10303-21;
