ISO-10303-21;
HEADER;
FILE_DESCRIPTION (( 'STEP AP214' ),
    '1' );
FILE_NAME ('X3_plus_bottom_plate_modified.STEP',
    '2026-09-16T22:20:16',
    ( '' ),
    ( '' ),
    'SwSTEP 2.0',
    'SolidWorks 2024',
    '' );
FILE_SCHEMA (( 'AUTOMOTIVE_DESIGN' ));
ENDSEC;

DATA;
#1 = CARTESIAN_POINT ( 'NONE',  ( 75.00000000000001421, 10.57660624134118521, -86.25000000000001421 ) ) ;
#2 = DIRECTION ( 'NONE',  ( -0.000000000000000000, 1.000000000000000000, -0.000000000000000000 ) ) ;
#3 = EDGE_LOOP ( 'NONE', ( #362, #2516, #880, #2528, #3252 ) ) ;
#4 = ORIENTED_EDGE ( 'NONE', *, *, #2517, .F. ) ;
#5 = DIRECTION ( 'NONE',  ( -1.000000000000000000, -0.000000000000000000, -0.000000000000000000 ) ) ;
#6 = VERTEX_POINT ( 'NONE', #195 ) ;
#7 = CYLINDRICAL_SURFACE ( 'NONE', #3135, 1.549999999999995826 ) ;
#8 = EDGE_LOOP ( 'NONE', ( #3888, #3382, #3433, #3151 ) ) ;
#9 = DIRECTION ( 'NONE',  ( -0.000000000000000000, -1.000000000000000000, -0.000000000000000000 ) ) ;
#10 = FACE_BOUND ( 'NONE', #2877, .T. ) ;
#11 = CARTESIAN_POINT ( 'NONE',  ( -81.00000000000001421, 10.57660624134121363, -72.24999999999998579 ) ) ;
#12 = ORIENTED_EDGE ( 'NONE', *, *, #2885, .T. ) ;
#13 = EDGE_CURVE ( 'NONE', #4047, #3831, #2623, .T. ) ;
#14 = LINE ( 'NONE', #2391, #1657 ) ;
#15 = CARTESIAN_POINT ( 'NONE',  ( -25.99999999999999645, 5.000000000000004441, -23.50000000000006395 ) ) ;
#16 = DIRECTION ( 'NONE',  ( 1.000000000000000000, 0.000000000000000000, 0.000000000000000000 ) ) ;
#17 = FACE_OUTER_BOUND ( 'NONE', #2865, .T. ) ;
#18 = VECTOR ( 'NONE', #2043, 1000.000000000000000 ) ;
#19 = EDGE_LOOP ( 'NONE', ( #3616, #3919, #2837, #996 ) ) ;
#20 = CARTESIAN_POINT ( 'NONE',  ( 20.00000000000006750, 5.000000000000000000, 96.49999999999991473 ) ) ;
#21 = CARTESIAN_POINT ( 'NONE',  ( -81.00000000000001421, 37.42339375865881834, -89.25000000000002842 ) ) ;
#22 = ORIENTED_EDGE ( 'NONE', *, *, #4283, .T. ) ;
#23 = ORIENTED_EDGE ( 'NONE', *, *, #167, .F. ) ;
#24 = EDGE_CURVE ( 'NONE', #2243, #3845, #576, .T. ) ;
#25 = EDGE_CURVE ( 'NONE', #3831, #4047, #1278, .T. ) ;
#26 = EDGE_CURVE ( 'NONE', #2453, #1469, #290, .T. ) ;
#27 = CIRCLE ( 'NONE', #3805, 2.599999999999984102 ) ;
#28 = LINE ( 'NONE', #663, #3408 ) ;
#29 = VERTEX_POINT ( 'NONE', #550 ) ;
#30 = DIRECTION ( 'NONE',  ( -0.000000000000000000, 1.000000000000000000, -0.000000000000000000 ) ) ;
#31 = ORIENTED_EDGE ( 'NONE', *, *, #1952, .F. ) ;
#32 = DIRECTION ( 'NONE',  ( 0.000000000000000000, 0.000000000000000000, -1.000000000000000000 ) ) ;
#33 = CARTESIAN_POINT ( 'NONE',  ( -55.49999999999996447, 5.000000000000000000, 84.99999999999991473 ) ) ;
#34 = CARTESIAN_POINT ( 'NONE',  ( 119.0000000000000284, 37.42339375865881124, -73.75000000000000000 ) ) ;
#35 = ORIENTED_EDGE ( 'NONE', *, *, #4141, .F. ) ;
#36 = CARTESIAN_POINT ( 'NONE',  ( 119.0000000000000284, 31.00000000000000000, -86.50000000000001421 ) ) ;
#37 = DIRECTION ( 'NONE',  ( 0.000000000000000000, 0.000000000000000000, -1.000000000000000000 ) ) ;
#38 = CARTESIAN_POINT ( 'NONE',  ( 79.46401568556912309, 23.97499975049370846, -60.05105897510917856 ) ) ;
#39 = PLANE ( 'NONE',  #3691 ) ;
#40 = VERTEX_POINT ( 'NONE', #3265 ) ;
#41 = DIRECTION ( 'NONE',  ( 0.000000000000000000, 0.000000000000000000, -1.000000000000000000 ) ) ;
#42 = LINE ( 'NONE', #1104, #18 ) ;
#43 = ORIENTED_EDGE ( 'NONE', *, *, #2417, .T. ) ;
#44 = EDGE_CURVE ( 'NONE', #1930, #410, #1257, .T. ) ;
#45 = EDGE_CURVE ( 'NONE', #2720, #2977, #3992, .T. ) ;
#46 = EDGE_CURVE ( 'NONE', #854, #2022, #2637, .T. ) ;
#47 = DIRECTION ( 'NONE',  ( 0.000000000000000000, 1.000000000000000000, -0.000000000000000000 ) ) ;
#48 = LINE ( 'NONE', #1083, #2209 ) ;
#49 = ORIENTED_EDGE ( 'NONE', *, *, #946, .F. ) ;
#50 = DIRECTION ( 'NONE',  ( 0.000000000000000000, -0.000000000000000000, 1.000000000000000000 ) ) ;
#51 = ORIENTED_EDGE ( 'NONE', *, *, #1725, .T. ) ;
#52 = DIRECTION ( 'NONE',  ( -0.000000000000000000, 1.000000000000000000, -0.000000000000000000 ) ) ;
#53 = VECTOR ( 'NONE', #3072, 1000.000000000000000 ) ;
#54 = FACE_OUTER_BOUND ( 'NONE', #1376, .T. ) ;
#55 = DIRECTION ( 'NONE',  ( -1.000000000000000000, -0.000000000000000000, -0.000000000000000000 ) ) ;
#56 = VERTEX_POINT ( 'NONE', #4006 ) ;
#57 = ORIENTED_EDGE ( 'NONE', *, *, #2168, .T. ) ;
#58 = ORIENTED_EDGE ( 'NONE', *, *, #3134, .T. ) ;
#59 = AXIS2_PLACEMENT_3D ( 'NONE', #3918, #843, #2544 ) ;
#60 = FACE_BOUND ( 'NONE', #908, .T. ) ;
#61 = DIRECTION ( 'NONE',  ( -0.000000000000000000, -1.000000000000000000, -0.000000000000000000 ) ) ;
#62 = CARTESIAN_POINT ( 'NONE',  ( -20.00000000000001421, 5.000000000000000000, 76.99999999999992895 ) ) ;
#63 = DIRECTION ( 'NONE',  ( 0.000000000000000000, 0.000000000000000000, 1.000000000000000000 ) ) ;
#64 = AXIS2_PLACEMENT_3D ( 'NONE', #3889, #2901, #3867 ) ;
#65 = VECTOR ( 'NONE', #3457, 1000.000000000000000 ) ;
#66 = ORIENTED_EDGE ( 'NONE', *, *, #735, .F. ) ;
#67 = DIRECTION ( 'NONE',  ( -0.000000000000000000, -1.000000000000000000, -0.000000000000000000 ) ) ;
#68 = LINE ( 'NONE', #3440, #89 ) ;
#69 = CIRCLE ( 'NONE', #3491, 1.549999999999995826 ) ;
#70 = VERTEX_POINT ( 'NONE', #952 ) ;
#71 = EDGE_CURVE ( 'NONE', #1529, #3462, #2771, .T. ) ;
#72 = CARTESIAN_POINT ( 'NONE',  ( 119.0000000000000284, 37.42339375865881834, -87.75000000000002842 ) ) ;
#73 = ORIENTED_EDGE ( 'NONE', *, *, #4390, .F. ) ;
#74 = CARTESIAN_POINT ( 'NONE',  ( 81.00000000000001421, 10.57660624134118521, -87.75000000000000000 ) ) ;
#75 = EDGE_LOOP ( 'NONE', ( #3111, #184, #1519, #762 ) ) ;
#76 = CARTESIAN_POINT ( 'NONE',  ( 72.99999999999998579, 5.000000000000000000, -103.0000000000000142 ) ) ;
#77 = DIRECTION ( 'NONE',  ( 1.000000000000000000, 0.000000000000000000, -3.154042683594193641E-16 ) ) ;
#78 = CARTESIAN_POINT ( 'NONE',  ( -73.00000000000001421, 5.000000000000000000, -102.0499999999999972 ) ) ;
#79 = ORIENTED_EDGE ( 'NONE', *, *, #1500, .T. ) ;
#80 = ORIENTED_EDGE ( 'NONE', *, *, #2665, .F. ) ;
#81 = EDGE_LOOP ( 'NONE', ( #3786, #599, #4167, #1814, #1491, #3141, #2797, #73 ) ) ;
#82 = DIRECTION ( 'NONE',  ( 0.000000000000000000, 0.000000000000000000, 1.000000000000000000 ) ) ;
#83 = LINE ( 'NONE', #4171, #1633 ) ;
#84 = CARTESIAN_POINT ( 'NONE',  ( -75.00000000000000000, 5.000000000000000888, 9.999999999999953815 ) ) ;
#85 = LINE ( 'NONE', #3816, #1903 ) ;
#86 = ORIENTED_EDGE ( 'NONE', *, *, #2707, .T. ) ;
#87 = DIRECTION ( 'NONE',  ( 0.000000000000000000, 0.000000000000000000, 1.000000000000000000 ) ) ;
#88 = DIRECTION ( 'NONE',  ( -1.000000000000000000, -0.000000000000000000, -0.000000000000000000 ) ) ;
#89 = VECTOR ( 'NONE', #1050, 1000.000000000000000 ) ;
#90 = ORIENTED_EDGE ( 'NONE', *, *, #3791, .F. ) ;
#91 = CIRCLE ( 'NONE', #1800, 1.500000000000001332 ) ;
#92 = CARTESIAN_POINT ( 'NONE',  ( -20.00000000000001066, 5.000000000000000000, 93.49999999999991473 ) ) ;
#93 = AXIS2_PLACEMENT_3D ( 'NONE', #1702, #2680, #3428 ) ;
#94 = ORIENTED_EDGE ( 'NONE', *, *, #3215, .F. ) ;
#95 = LINE ( 'NONE', #732, #1570 ) ;
#96 = ORIENTED_EDGE ( 'NONE', *, *, #1900, .F. ) ;
#97 = DIRECTION ( 'NONE',  ( 0.000000000000000000, 0.000000000000000000, -1.000000000000000000 ) ) ;
#98 = DIRECTION ( 'NONE',  ( 0.000000000000000000, 0.000000000000000000, -1.000000000000000000 ) ) ;
#99 = VERTEX_POINT ( 'NONE', #3361 ) ;
#100 = EDGE_CURVE ( 'NONE', #4410, #1668, #617, .T. ) ;
#101 = EDGE_LOOP ( 'NONE', ( #690, #587, #432, #3289, #3125, #3447 ) ) ;
#102 = ORIENTED_EDGE ( 'NONE', *, *, #248, .F. ) ;
#103 = CARTESIAN_POINT ( 'NONE',  ( -81.00000000000001421, 5.000000000000000000, -97.99999999999998579 ) ) ;
#104 = ADVANCED_FACE ( 'NONE', ( #4402 ), #4046, .F. ) ;
#105 = LINE ( 'NONE', #4124, #3269 ) ;
#106 = CARTESIAN_POINT ( 'NONE',  ( 64.99999999999998579, 0.000000000000000000, -54.45000000000000995 ) ) ;
#107 = ADVANCED_FACE ( 'NONE', ( #1659 ), #665, .F. ) ;
#108 = ADVANCED_FACE ( 'NONE', ( #1325 ), #7, .F. ) ;
#109 = LINE ( 'NONE', #1200, #1687 ) ;
#110 = EDGE_CURVE ( 'NONE', #1576, #3598, #3381, .T. ) ;
#111 = ORIENTED_EDGE ( 'NONE', *, *, #188, .T. ) ;
#112 = DIRECTION ( 'NONE',  ( -0.000000000000000000, 1.000000000000000000, -0.000000000000000000 ) ) ;
#113 = CYLINDRICAL_SURFACE ( 'NONE', #741, 3.000000000000002665 ) ;
#114 = VERTEX_POINT ( 'NONE', #685 ) ;
#115 = ORIENTED_EDGE ( 'NONE', *, *, #2227, .T. ) ;
#116 = CARTESIAN_POINT ( 'NONE',  ( 20.00000000000000000, 0.000000000000000000, 94.99999999999991473 ) ) ;
#117 = DIRECTION ( 'NONE',  ( -1.000000000000000000, 0.000000000000000000, 0.000000000000000000 ) ) ;
#118 = DIRECTION ( 'NONE',  ( 0.000000000000000000, 0.000000000000000000, 1.000000000000000000 ) ) ;
#119 = LINE ( 'NONE', #1789, #143 ) ;
#120 = ORIENTED_EDGE ( 'NONE', *, *, #2066, .F. ) ;
#121 = DIRECTION ( 'NONE',  ( 1.000000000000000000, 0.000000000000000000, 0.000000000000000000 ) ) ;
#122 = DIRECTION ( 'NONE',  ( 0.000000000000000000, 0.000000000000000000, 1.000000000000000000 ) ) ;
#123 = ORIENTED_EDGE ( 'NONE', *, *, #597, .F. ) ;
#124 = ORIENTED_EDGE ( 'NONE', *, *, #2288, .F. ) ;
#125 = ORIENTED_EDGE ( 'NONE', *, *, #1364, .F. ) ;
#126 = VECTOR ( 'NONE', #4357, 1000.000000000000000 ) ;
#127 = LINE ( 'NONE', #4214, #1942 ) ;
#128 = DIRECTION ( 'NONE',  ( 0.000000000000000000, 0.000000000000000000, 1.000000000000000000 ) ) ;
#129 = EDGE_CURVE ( 'NONE', #4153, #2536, #2506, .T. ) ;
#130 = CARTESIAN_POINT ( 'NONE',  ( -45.59999999999999432, 0.000000000000000000, 34.49999999999992184 ) ) ;
#131 = AXIS2_PLACEMENT_3D ( 'NONE', #911, #2292, #3656 ) ;
#132 = VERTEX_POINT ( 'NONE', #4383 ) ;
#133 = DIRECTION ( 'NONE',  ( -1.000000000000000000, -0.000000000000000000, -0.000000000000000000 ) ) ;
#134 = AXIS2_PLACEMENT_3D ( 'NONE', #2001, #3371, #3478 ) ;
#135 = DIRECTION ( 'NONE',  ( 0.000000000000000000, 0.000000000000000000, -1.000000000000000000 ) ) ;
#136 = VECTOR ( 'NONE', #1096, 1000.000000000000000 ) ;
#137 = EDGE_LOOP ( 'NONE', ( #1674, #3688, #2385, #1366 ) ) ;
#138 = ORIENTED_EDGE ( 'NONE', *, *, #845, .F. ) ;
#139 = CLOSED_SHELL ( 'NONE', ( #4276, #3398, #3622, #1538, #1499, #1461, #1032, #4223, #2233, #2244, #2963, #2606, #1972, #3685, #2605, #1417, #2688, #3076, #3602, #1100, #1141, #1229, #3259, #1651, #2338, #3540, #827, #265, #1880, #307, #1882, #2006, #1357, #166, #2251, #2904, #3776, #2943, #519, #3657, #629, #2547, #2666, #2941, #578, #620, #2010, #3023, #658, #2211, #3537, #3492, #1518, #1152, #2470, #440, #2065, #2378, #3915, #3658, #1080, #2938, #3403, #4164, #4113, #3604, #3952, #462, #1280, #1343, #2600, #2189, #2358, #108, #1605, #1899, #4375, #1498, #3235, #577, #4200, #325, #1550, #4067, #1925, #1123, #1632, #758, #439, #2761, #3267, #1677, #1606, #662, #1596, #441, #2207, #1307, #1956, #776, #3157, #1867, #2571, #2170, #1082, #4252, #3980, #1741, #3296, #2410, #712, #2416, #3562, #1761, #1548, #569, #1997, #3571, #104, #1819, #3956, #3233, #2092, #1190, #107, #2554, #3432 ) ) ;
#140 = CARTESIAN_POINT ( 'NONE',  ( -20.00000000000001421, -16.20000000000000284, 75.49999999999992895 ) ) ;
#141 = AXIS2_PLACEMENT_3D ( 'NONE', #4194, #2206, #2181 ) ;
#142 = LINE ( 'NONE', #1169, #2980 ) ;
#143 = VECTOR ( 'NONE', #4161, 1000.000000000000000 ) ;
#144 = VECTOR ( 'NONE', #3493, 1000.000000000000000 ) ;
#145 = DIRECTION ( 'NONE',  ( 1.000000000000000000, 0.000000000000000000, 0.000000000000000000 ) ) ;
#146 = CARTESIAN_POINT ( 'NONE',  ( 140.0000000000000853, 21.20000000000000284, -51.16586884164576787 ) ) ;
#147 = DIRECTION ( 'NONE',  ( -1.000000000000000000, 0.000000000000000000, 1.652117596168387756E-16 ) ) ;
#148 = ORIENTED_EDGE ( 'NONE', *, *, #581, .F. ) ;
#149 = ORIENTED_EDGE ( 'NONE', *, *, #1439, .F. ) ;
#150 = ORIENTED_EDGE ( 'NONE', *, *, #1881, .T. ) ;
#151 = EDGE_CURVE ( 'NONE', #978, #575, #3021, .T. ) ;
#152 = FACE_OUTER_BOUND ( 'NONE', #4298, .T. ) ;
#153 = DIRECTION ( 'NONE',  ( 0.000000000000000000, 0.000000000000000000, 1.000000000000000000 ) ) ;
#154 = DIRECTION ( 'NONE',  ( 0.000000000000000000, 0.000000000000000000, 1.000000000000000000 ) ) ;
#155 = EDGE_CURVE ( 'NONE', #1917, #3609, #3752, .T. ) ;
#156 = ORIENTED_EDGE ( 'NONE', *, *, #2737, .T. ) ;
#157 = DIRECTION ( 'NONE',  ( -0.000000000000000000, -1.000000000000000000, -0.000000000000000000 ) ) ;
#158 = DIRECTION ( 'NONE',  ( -0.000000000000000000, -1.000000000000000000, -0.000000000000000000 ) ) ;
#159 = ORIENTED_EDGE ( 'NONE', *, *, #3731, .T. ) ;
#160 = ORIENTED_EDGE ( 'NONE', *, *, #3022, .T. ) ;
#161 = CARTESIAN_POINT ( 'NONE',  ( -81.00000000000001421, 22.50000000000000355, -80.00000000000001421 ) ) ;
#162 = LINE ( 'NONE', #564, #1944 ) ;
#163 = AXIS2_PLACEMENT_3D ( 'NONE', #1455, #3078, #3796 ) ;
#164 = DIRECTION ( 'NONE',  ( -1.000000000000000000, -0.000000000000000000, -0.000000000000000000 ) ) ;
#165 = EDGE_CURVE ( 'NONE', #4168, #4305, #929, .T. ) ;
#166 = ADVANCED_FACE ( 'NONE', ( #2700 ), #4072, .T. ) ;
#167 = EDGE_CURVE ( 'NONE', #1472, #2437, #2366, .T. ) ;
#168 = CARTESIAN_POINT ( 'NONE',  ( -75.00000000000001421, 10.57660624134118521, -87.75000000000000000 ) ) ;
#169 = AXIS2_PLACEMENT_3D ( 'NONE', #1685, #2441, #2062 ) ;
#170 = CARTESIAN_POINT ( 'NONE',  ( 53.50000000000003553, 5.000000000000000000, 104.9999999999999289 ) ) ;
#171 = AXIS2_PLACEMENT_3D ( 'NONE', #4029, #1552, #2265 ) ;
#172 = LINE ( 'NONE', #2503, #3406 ) ;
#173 = EDGE_LOOP ( 'NONE', ( #3846, #3920 ) ) ;
#174 = EDGE_LOOP ( 'NONE', ( #3951, #1223, #1801, #1042 ) ) ;
#175 = ORIENTED_EDGE ( 'NONE', *, *, #1262, .F. ) ;
#176 = CIRCLE ( 'NONE', #2657, 1.500000000000001332 ) ;
#177 = FACE_OUTER_BOUND ( 'NONE', #4401, .T. ) ;
#178 = CARTESIAN_POINT ( 'NONE',  ( 81.00000000000001421, 37.42339375865881834, -87.75000000000002842 ) ) ;
#179 = FACE_OUTER_BOUND ( 'NONE', #101, .T. ) ;
#180 = ORIENTED_EDGE ( 'NONE', *, *, #1820, .F. ) ;
#181 = DIRECTION ( 'NONE',  ( 1.000000000000000000, 0.000000000000000000, 0.000000000000000000 ) ) ;
#182 = CARTESIAN_POINT ( 'NONE',  ( 5.746638708345982787E-15, -5.000000000000000000, -95.50000000000000000 ) ) ;
#183 = VERTEX_POINT ( 'NONE', #2030 ) ;
#184 = ORIENTED_EDGE ( 'NONE', *, *, #1842, .T. ) ;
#185 = DIRECTION ( 'NONE',  ( -0.000000000000000000, -1.000000000000000000, -0.000000000000000000 ) ) ;
#186 = DIRECTION ( 'NONE',  ( -1.000000000000000000, 0.000000000000000000, 0.000000000000000000 ) ) ;
#187 = DIRECTION ( 'NONE',  ( -0.000000000000000000, 1.000000000000000000, -0.000000000000000000 ) ) ;
#188 = EDGE_CURVE ( 'NONE', #482, #1691, #369, .T. ) ;
#189 = EDGE_CURVE ( 'NONE', #3182, #4182, #1494, .T. ) ;
#190 = EDGE_CURVE ( 'NONE', #4182, #3182, #2487, .T. ) ;
#191 = DIRECTION ( 'NONE',  ( -0.2516338517649505113, 0.000000000000000000, 0.9678225067882719745 ) ) ;
#192 = LINE ( 'NONE', #3519, #782 ) ;
#193 = ORIENTED_EDGE ( 'NONE', *, *, #2881, .F. ) ;
#194 = ORIENTED_EDGE ( 'NONE', *, *, #1515, .T. ) ;
#195 = CARTESIAN_POINT ( 'NONE',  ( 77.00000000000002842, 0.000000000000000000, -60.00000000000000711 ) ) ;
#196 = VERTEX_POINT ( 'NONE', #704 ) ;
#197 = CARTESIAN_POINT ( 'NONE',  ( 119.0000000000000284, 24.00000000000000000, -95.50000000000000000 ) ) ;
#198 = CARTESIAN_POINT ( 'NONE',  ( 79.00000000000000000, 5.000000000000000000, -100.0000000000000000 ) ) ;
#199 = DIRECTION ( 'NONE',  ( 0.000000000000000000, 1.000000000000000000, 0.000000000000000000 ) ) ;
#200 = ORIENTED_EDGE ( 'NONE', *, *, #3790, .F. ) ;
#201 = VECTOR ( 'NONE', #1047, 1000.000000000000000 ) ;
#202 = CARTESIAN_POINT ( 'NONE',  ( -25.99999999999999645, 5.000000000000004441, -26.50000000000006395 ) ) ;
#203 = CARTESIAN_POINT ( 'NONE',  ( -17.99999999999996803, 0.000000000000000000, 49.99999999999993605 ) ) ;
#204 = CIRCLE ( 'NONE', #4121, 3.000000000000002665 ) ;
#205 = ORIENTED_EDGE ( 'NONE', *, *, #1759, .T. ) ;
#206 = ORIENTED_EDGE ( 'NONE', *, *, #2027, .F. ) ;
#207 = AXIS2_PLACEMENT_3D ( 'NONE', #1150, #185, #3599 ) ;
#208 = CARTESIAN_POINT ( 'NONE',  ( -75.00000000000001421, 22.20568695965746642, -57.99999999999997868 ) ) ;
#209 = LINE ( 'NONE', #2216, #2722 ) ;
#210 = VECTOR ( 'NONE', #242, 1000.000000000000000 ) ;
#211 = LINE ( 'NONE', #232, #2609 ) ;
#212 = EDGE_CURVE ( 'NONE', #3015, #2317, #1717, .T. ) ;
#213 = AXIS2_PLACEMENT_3D ( 'NONE', #2352, #3090, #3065 ) ;
#214 = CIRCLE ( 'NONE', #1844, 1.500000000000001332 ) ;
#215 = AXIS2_PLACEMENT_3D ( 'NONE', #1241, #1594, #1194 ) ;
#216 = CARTESIAN_POINT ( 'NONE',  ( 79.00000000000000000, 5.000000000000000000, -60.00000000000000711 ) ) ;
#217 = CARTESIAN_POINT ( 'NONE',  ( -40.40000000000002700, 0.000000000000000000, 34.49999999999993605 ) ) ;
#218 = VERTEX_POINT ( 'NONE', #1060 ) ;
#219 = CARTESIAN_POINT ( 'NONE',  ( 79.00000000000000000, 5.000000000000000000, -100.0000000000000000 ) ) ;
#220 = VECTOR ( 'NONE', #3214, 1000.000000000000000 ) ;
#221 = ORIENTED_EDGE ( 'NONE', *, *, #1738, .T. ) ;
#222 = LINE ( 'NONE', #261, #1523 ) ;
#223 = CARTESIAN_POINT ( 'NONE',  ( 75.00000000000001421, 5.000000000000000888, -57.99999999999998579 ) ) ;
#224 = DIRECTION ( 'NONE',  ( 1.000000000000000000, 0.000000000000000000, 0.000000000000000000 ) ) ;
#225 = ORIENTED_EDGE ( 'NONE', *, *, #2735, .T. ) ;
#226 = DIRECTION ( 'NONE',  ( 1.000000000000000000, 0.000000000000000000, -0.000000000000000000 ) ) ;
#227 = CARTESIAN_POINT ( 'NONE',  ( 140.0000000000000853, 5.000000000000000000, -102.0499999999999972 ) ) ;
#228 = ORIENTED_EDGE ( 'NONE', *, *, #4284, .T. ) ;
#229 = ORIENTED_EDGE ( 'NONE', *, *, #110, .F. ) ;
#230 = FACE_BOUND ( 'NONE', #2967, .T. ) ;
#231 = DIRECTION ( 'NONE',  ( 0.000000000000000000, 0.000000000000000000, 1.000000000000000000 ) ) ;
#232 = CARTESIAN_POINT ( 'NONE',  ( 20.00000000000007105, -16.20000000000000284, 76.99999999999992895 ) ) ;
#233 = EDGE_CURVE ( 'NONE', #383, #2923, #95, .T. ) ;
#234 = DIRECTION ( 'NONE',  ( 0.000000000000000000, 0.000000000000000000, -1.000000000000000000 ) ) ;
#235 = LINE ( 'NONE', #1902, #562 ) ;
#236 = VECTOR ( 'NONE', #430, 1000.000000000000000 ) ;
#237 = ORIENTED_EDGE ( 'NONE', *, *, #2473, .F. ) ;
#238 = ORIENTED_EDGE ( 'NONE', *, *, #2526, .F. ) ;
#239 = EDGE_LOOP ( 'NONE', ( #315, #461 ) ) ;
#240 = CARTESIAN_POINT ( 'NONE',  ( -81.00000000000001421, 10.57660624134121363, -70.75000000000000000 ) ) ;
#241 = VECTOR ( 'NONE', #1751, 1000.000000000000000 ) ;
#242 = DIRECTION ( 'NONE',  ( -1.000000000000000000, -0.000000000000000000, -0.000000000000000000 ) ) ;
#243 = CARTESIAN_POINT ( 'NONE',  ( 20.00000000000007461, 0.000000000000000000, 96.49999999999991473 ) ) ;
#244 = EDGE_CURVE ( 'NONE', #1134, #978, #2627, .T. ) ;
#245 = AXIS2_PLACEMENT_3D ( 'NONE', #2387, #3383, #3399 ) ;
#246 = ORIENTED_EDGE ( 'NONE', *, *, #249, .F. ) ;
#247 = CARTESIAN_POINT ( 'NONE',  ( 24.00000000000001421, 0.000000000000000000, -23.50000000000006040 ) ) ;
#248 = EDGE_CURVE ( 'NONE', #780, #3577, #1808, .T. ) ;
#249 = EDGE_CURVE ( 'NONE', #2990, #1324, #803, .T. ) ;
#250 = DIRECTION ( 'NONE',  ( -0.000000000000000000, 1.000000000000000000, -0.000000000000000000 ) ) ;
#251 = EDGE_CURVE ( 'NONE', #3710, #2956, #119, .T. ) ;
#252 = ORIENTED_EDGE ( 'NONE', *, *, #2088, .F. ) ;
#253 = VERTEX_POINT ( 'NONE', #3448 ) ;
#254 = CARTESIAN_POINT ( 'NONE',  ( -25.99999999999999645, 5.000000000000004441, 11.49999999999995381 ) ) ;
#255 = DIRECTION ( 'NONE',  ( -3.035766082959409950E-16, 0.000000000000000000, -1.000000000000000000 ) ) ;
#256 = CYLINDRICAL_SURFACE ( 'NONE', #3195, 1.499999999999987566 ) ;
#257 = CARTESIAN_POINT ( 'NONE',  ( -78.99999999999995737, 22.50000000000000711, -60.00000000000001421 ) ) ;
#258 = VERTEX_POINT ( 'NONE', #3802 ) ;
#259 = EDGE_LOOP ( 'NONE', ( #2968, #3226, #1473 ) ) ;
#260 = ORIENTED_EDGE ( 'NONE', *, *, #1547, .T. ) ;
#261 = CARTESIAN_POINT ( 'NONE',  ( -17.99999999999997513, -89.44271909999159220, -30.00000000000006750 ) ) ;
#262 = CARTESIAN_POINT ( 'NONE',  ( 19.00000000000000355, 5.000000000000004441, 46.99999999999990052 ) ) ;
#263 = FACE_BOUND ( 'NONE', #3370, .T. ) ;
#264 = EDGE_LOOP ( 'NONE', ( #644, #896, #1464, #4212 ) ) ;
#265 = ADVANCED_FACE ( 'NONE', ( #2146, #3870, #1085, #392, #1437, #2836, #1503, #4181, #2501, #2814, #2076, #3515, #4226, #1744, #3198, #3105, #1129 ), #3131, .T. ) ;
#266 = EDGE_CURVE ( 'NONE', #1507, #3782, #721, .T. ) ;
#267 = CARTESIAN_POINT ( 'NONE',  ( 119.0000000000000284, 37.42339375865881124, -72.25000000000000000 ) ) ;
#268 = CARTESIAN_POINT ( 'NONE',  ( -40.40000000000001990, -16.20000000000000284, -7.500000000000069278 ) ) ;
#269 = ORIENTED_EDGE ( 'NONE', *, *, #4063, .T. ) ;
#270 = EDGE_LOOP ( 'NONE', ( #3386, #3290, #509, #3639 ) ) ;
#271 = DIRECTION ( 'NONE',  ( 0.000000000000000000, 0.000000000000000000, 1.000000000000000000 ) ) ;
#272 = AXIS2_PLACEMENT_3D ( 'NONE', #3315, #1645, #2982 ) ;
#273 = CARTESIAN_POINT ( 'NONE',  ( -75.00000000000001421, 10.57660624134118521, -86.25000000000001421 ) ) ;
#274 = LINE ( 'NONE', #883, #639 ) ;
#275 = AXIS2_PLACEMENT_3D ( 'NONE', #480, #2908, #3180 ) ;
#276 = VECTOR ( 'NONE', #4331, 1000.000000000000000 ) ;
#277 = AXIS2_PLACEMENT_3D ( 'NONE', #1252, #610, #271 ) ;
#278 = CARTESIAN_POINT ( 'NONE',  ( -43.00000000000000711, 5.000000000000000000, 34.49999999999993605 ) ) ;
#279 = CARTESIAN_POINT ( 'NONE',  ( -80.65940772594703390, 28.36588375739260925, -60.87579621969791788 ) ) ;
#280 = AXIS2_PLACEMENT_3D ( 'NONE', #532, #386, #2424 ) ;
#281 = VECTOR ( 'NONE', #2622, 1000.000000000000000 ) ;
#282 = EDGE_LOOP ( 'NONE', ( #2733, #3132, #4102, #4403 ) ) ;
#283 = DIRECTION ( 'NONE',  ( 0.000000000000000000, 0.000000000000000000, -1.000000000000000000 ) ) ;
#284 = VERTEX_POINT ( 'NONE', #411 ) ;
#285 = AXIS2_PLACEMENT_3D ( 'NONE', #146, #2481, #3874 ) ;
#286 = DIRECTION ( 'NONE',  ( -1.000000000000000000, 0.000000000000000000, -0.000000000000000000 ) ) ;
#287 = CIRCLE ( 'NONE', #1918, 1.500000000000001332 ) ;
#288 = FACE_OUTER_BOUND ( 'NONE', #137, .T. ) ;
#289 = FACE_BOUND ( 'NONE', #324, .T. ) ;
#290 = CIRCLE ( 'NONE', #433, 1.500000000000004885 ) ;
#291 = AXIS2_PLACEMENT_3D ( 'NONE', #1151, #3152, #3823 ) ;
#292 = ORIENTED_EDGE ( 'NONE', *, *, #1881, .F. ) ;
#293 = EDGE_CURVE ( 'NONE', #4111, #2025, #2478, .T. ) ;
#294 = CARTESIAN_POINT ( 'NONE',  ( -20.00000000000001066, 5.000000000000000000, 94.99999999999991473 ) ) ;
#295 = CARTESIAN_POINT ( 'NONE',  ( -20.00000000000001066, 5.000000000000000000, 96.49999999999991473 ) ) ;
#296 = EDGE_CURVE ( 'NONE', #1617, #3586, #822, .T. ) ;
#297 = ORIENTED_EDGE ( 'NONE', *, *, #898, .T. ) ;
#298 = LINE ( 'NONE', #1650, #2833 ) ;
#299 = PLANE ( 'NONE',  #2508 ) ;
#300 = VERTEX_POINT ( 'NONE', #755 ) ;
#301 = CARTESIAN_POINT ( 'NONE',  ( 40.40000000000002700, 5.000000000000000000, 34.49999999999993605 ) ) ;
#302 = ORIENTED_EDGE ( 'NONE', *, *, #2944, .T. ) ;
#303 = EDGE_CURVE ( 'NONE', #1166, #3316, #1830, .T. ) ;
#304 = EDGE_CURVE ( 'NONE', #330, #4250, #1282, .T. ) ;
#305 = EDGE_CURVE ( 'NONE', #2214, #2107, #3468, .T. ) ;
#306 = CARTESIAN_POINT ( 'NONE',  ( 1.550000000000004263, 5.000000000000000000, -100.5000000000000000 ) ) ;
#307 = ADVANCED_FACE ( 'NONE', ( #2169 ), #3781, .F. ) ;
#308 = ORIENTED_EDGE ( 'NONE', *, *, #1285, .T. ) ;
#309 = DIRECTION ( 'NONE',  ( -0.000000000000000000, 0.000000000000000000, -1.000000000000000000 ) ) ;
#310 = ORIENTED_EDGE ( 'NONE', *, *, #1389, .T. ) ;
#311 = DIRECTION ( 'NONE',  ( -1.000000000000000000, -0.000000000000000000, -0.000000000000000000 ) ) ;
#312 = CARTESIAN_POINT ( 'NONE',  ( 140.0000000000000853, 5.000000000000000888, -57.99999999999997868 ) ) ;
#313 = VECTOR ( 'NONE', #1319, 1000.000000000000000 ) ;
#314 = FACE_BOUND ( 'NONE', #3475, .T. ) ;
#315 = ORIENTED_EDGE ( 'NONE', *, *, #3931, .F. ) ;
#316 = VECTOR ( 'NONE', #2085, 1000.000000000000000 ) ;
#317 = LINE ( 'NONE', #765, #2011 ) ;
#318 = CARTESIAN_POINT ( 'NONE',  ( -75.00000000000001421, 37.42339375865881834, -86.25000000000001421 ) ) ;
#319 = VECTOR ( 'NONE', #3965, 1000.000000000000000 ) ;
#320 = EDGE_LOOP ( 'NONE', ( #3102, #761, #2376, #3153, #3473, #365, #2040, #3209 ) ) ;
#321 = DIRECTION ( 'NONE',  ( -0.000000000000000000, -1.000000000000000000, -0.000000000000000000 ) ) ;
#322 = CARTESIAN_POINT ( 'NONE',  ( -53.49999999999996447, 0.000000000000000000, 104.9999999999999289 ) ) ;
#323 = ORIENTED_EDGE ( 'NONE', *, *, #1786, .F. ) ;
#324 = EDGE_LOOP ( 'NONE', ( #3003, #2912 ) ) ;
#325 = ADVANCED_FACE ( 'NONE', ( #477 ), #2520, .F. ) ;
#326 = DIRECTION ( 'NONE',  ( 0.000000000000000000, 0.000000000000000000, 1.000000000000000000 ) ) ;
#327 = ORIENTED_EDGE ( 'NONE', *, *, #3682, .T. ) ;
#328 = DIRECTION ( 'NONE',  ( -1.000000000000000000, -0.000000000000000000, -0.000000000000000000 ) ) ;
#329 = EDGE_CURVE ( 'NONE', #4290, #1029, #4135, .T. ) ;
#330 = VERTEX_POINT ( 'NONE', #2190 ) ;
#331 = CARTESIAN_POINT ( 'NONE',  ( 74.99999999999998579, 0.000000000000000000, -103.0000000000000142 ) ) ;
#332 = PLANE ( 'NONE',  #356 ) ;
#333 = DIRECTION ( 'NONE',  ( 0.000000000000000000, 1.000000000000000000, 0.000000000000000000 ) ) ;
#334 = VERTEX_POINT ( 'NONE', #1856 ) ;
#335 = DIRECTION ( 'NONE',  ( 0.000000000000000000, 0.000000000000000000, -1.000000000000000000 ) ) ;
#336 = CARTESIAN_POINT ( 'NONE',  ( -53.49999999999996447, 5.000000000000000000, 104.9999999999999289 ) ) ;
#337 = ORIENTED_EDGE ( 'NONE', *, *, #981, .T. ) ;
#338 = DIRECTION ( 'NONE',  ( 3.154042683594193641E-16, 0.000000000000000000, 1.000000000000000000 ) ) ;
#339 = CARTESIAN_POINT ( 'NONE',  ( 75.00000000000000000, 22.50000000000000000, -102.0000000000000142 ) ) ;
#340 = EDGE_CURVE ( 'NONE', #1835, #1573, #3850, .T. ) ;
#341 = EDGE_LOOP ( 'NONE', ( #374, #2343, #3957, #2451 ) ) ;
#342 = AXIS2_PLACEMENT_3D ( 'NONE', #1292, #3637, #2641 ) ;
#343 = CARTESIAN_POINT ( 'NONE',  ( 45.50000000000003553, -5.000000000000000000, 96.54999999999992610 ) ) ;
#344 =( BOUNDED_CURVE ( )  B_SPLINE_CURVE ( 3, ( #3528, #1892, #3841, #4261 ),
 .UNSPECIFIED., .F., .T. ) 
 B_SPLINE_CURVE_WITH_KNOTS ( ( 4, 4 ),
 ( 1.570796326794889897, 3.141592653589813988 ),
 .UNSPECIFIED. ) 
 CURVE ( )  GEOMETRIC_REPRESENTATION_ITEM ( )  RATIONAL_B_SPLINE_CURVE ( ( 1.000000000000000000, 0.8047378541243583872, 0.8047378541243583872, 1.000000000000000000 ) ) 
 REPRESENTATION_ITEM ( '' )  );
#345 = EDGE_CURVE ( 'NONE', #2096, #388, #1348, .T. ) ;
#346 = AXIS2_PLACEMENT_3D ( 'NONE', #1911, #3027, #2937 ) ;
#347 = ORIENTED_EDGE ( 'NONE', *, *, #901, .T. ) ;
#348 = DIRECTION ( 'NONE',  ( 1.000000000000000000, -0.000000000000000000, 0.000000000000000000 ) ) ;
#349 = VERTEX_POINT ( 'NONE', #2581 ) ;
#350 = VECTOR ( 'NONE', #2629, 1000.000000000000000 ) ;
#351 = CARTESIAN_POINT ( 'NONE',  ( 119.0000000000000284, 37.42339375865881834, -86.25000000000001421 ) ) ;
#352 = CARTESIAN_POINT ( 'NONE',  ( -79.00000000000001421, 5.000000000000000000, -60.00000000000000711 ) ) ;
#353 = CARTESIAN_POINT ( 'NONE',  ( -25.99999999999999645, 5.000000000000004441, 9.999999999999953815 ) ) ;
#354 = VECTOR ( 'NONE', #1427, 1000.000000000000000 ) ;
#355 = VERTEX_POINT ( 'NONE', #2899 ) ;
#356 = AXIS2_PLACEMENT_3D ( 'NONE', #1679, #1351, #3430 ) ;
#357 = CARTESIAN_POINT ( 'NONE',  ( -25.99999999999999645, -89.44271909999159220, -23.50000000000006395 ) ) ;
#358 = CARTESIAN_POINT ( 'NONE',  ( 81.00000000000001421, 31.00000000000000000, -80.00000000000000000 ) ) ;
#359 = CARTESIAN_POINT ( 'NONE',  ( 45.60000000000000142, -16.20000000000000284, -7.500000000000069278 ) ) ;
#360 = EDGE_CURVE ( 'NONE', #2706, #3884, #3935, .T. ) ;
#361 =( GEOMETRIC_REPRESENTATION_CONTEXT ( 3 ) GLOBAL_UNCERTAINTY_ASSIGNED_CONTEXT ( ( #2882 ) ) GLOBAL_UNIT_ASSIGNED_CONTEXT ( ( #3306, #1588, #4312 ) ) REPRESENTATION_CONTEXT ( 'NONE', 'WORKASPACE' ) );
#362 = ORIENTED_EDGE ( 'NONE', *, *, #1444, .F. ) ;
#363 = CARTESIAN_POINT ( 'NONE',  ( 75.00000000000000000, 7.000000000000026645, -102.0000000000000142 ) ) ;
#364 = LINE ( 'NONE', #2095, #947 ) ;
#365 = ORIENTED_EDGE ( 'NONE', *, *, #655, .F. ) ;
#366 = AXIS2_PLACEMENT_3D ( 'NONE', #1493, #2853, #3547 ) ;
#367 = FACE_OUTER_BOUND ( 'NONE', #1692, .T. ) ;
#368 = ORIENTED_EDGE ( 'NONE', *, *, #2851, .F. ) ;
#369 = LINE ( 'NONE', #3714, #3707 ) ;
#370 = ORIENTED_EDGE ( 'NONE', *, *, #443, .T. ) ;
#371 = CARTESIAN_POINT ( 'NONE',  ( 72.99999999999998579, 5.000000000000000000, -105.0000000000000142 ) ) ;
#372 = LINE ( 'NONE', #688, #2482 ) ;
#373 = LINE ( 'NONE', #2415, #701 ) ;
#374 = ORIENTED_EDGE ( 'NONE', *, *, #4409, .T. ) ;
#375 = DIRECTION ( 'NONE',  ( -1.000000000000000000, -0.000000000000000000, -0.000000000000000000 ) ) ;
#376 = AXIS2_PLACEMENT_3D ( 'NONE', #1849, #1560, #1495 ) ;
#377 = FACE_OUTER_BOUND ( 'NONE', #2919, .T. ) ;
#378 = CARTESIAN_POINT ( 'NONE',  ( 79.23329030668131168, 23.23868654076083828, -60.01279373395539807 ) ) ;
#379 = EDGE_CURVE ( 'NONE', #1795, #2642, #837, .T. ) ;
#380 = DIRECTION ( 'NONE',  ( 0.000000000000000000, 0.000000000000000000, 1.000000000000000000 ) ) ;
#381 = DIRECTION ( 'NONE',  ( 0.000000000000000000, 1.000000000000000000, 0.000000000000000000 ) ) ;
#382 = CIRCLE ( 'NONE', #1301, 1.500000000000001332 ) ;
#383 = VERTEX_POINT ( 'NONE', #918 ) ;
#384 = EDGE_CURVE ( 'NONE', #3482, #3955, #3058, .T. ) ;
#385 = EDGE_CURVE ( 'NONE', #2214, #1383, #4346, .T. ) ;
#386 = DIRECTION ( 'NONE',  ( -1.000000000000000000, -0.000000000000000000, -0.000000000000000000 ) ) ;
#387 = CARTESIAN_POINT ( 'NONE',  ( -80.12265385903759807, 26.17260254424270016, -99.67420347432788219 ) ) ;
#388 = VERTEX_POINT ( 'NONE', #2167 ) ;
#389 = AXIS2_PLACEMENT_3D ( 'NONE', #2222, #4280, #1220 ) ;
#390 = CARTESIAN_POINT ( 'NONE',  ( -77.00000000000001421, 5.000000000000000000, -58.00000000000000000 ) ) ;
#391 = VERTEX_POINT ( 'NONE', #2834 ) ;
#392 = FACE_BOUND ( 'NONE', #2078, .T. ) ;
#393 = ORIENTED_EDGE ( 'NONE', *, *, #2858, .F. ) ;
#394 = CARTESIAN_POINT ( 'NONE',  ( 81.00000000000001421, 22.50000000000000355, -80.00000000000001421 ) ) ;
#395 = DIRECTION ( 'NONE',  ( 1.000000000000000000, 0.000000000000000000, 0.000000000000000000 ) ) ;
#396 = CARTESIAN_POINT ( 'NONE',  ( -55.49999999999996447, 0.000000000000000000, 84.99999999999991473 ) ) ;
#397 = ORIENTED_EDGE ( 'NONE', *, *, #1228, .T. ) ;
#398 = ORIENTED_EDGE ( 'NONE', *, *, #3568, .F. ) ;
#399 = CARTESIAN_POINT ( 'NONE',  ( -64.99999999999995737, 5.000000000000000000, -55.99999999999997868 ) ) ;
#400 = DIRECTION ( 'NONE',  ( -0.000000000000000000, -1.000000000000000000, -0.000000000000000000 ) ) ;
#401 = CARTESIAN_POINT ( 'NONE',  ( 80.40742945180706158, 27.26977500397562082, -60.57347637790997652 ) ) ;
#402 = DIRECTION ( 'NONE',  ( 0.000000000000000000, 0.000000000000000000, 1.000000000000000000 ) ) ;
#403 = EDGE_CURVE ( 'NONE', #2407, #2957, #48, .T. ) ;
#404 = ORIENTED_EDGE ( 'NONE', *, *, #1862, .F. ) ;
#405 = CARTESIAN_POINT ( 'NONE',  ( -75.00000000000001421, 7.000000000000026645, -102.0000000000000142 ) ) ;
#406 = CARTESIAN_POINT ( 'NONE',  ( 119.0000000000000284, 24.00000000000000000, -97.00000000000000000 ) ) ;
#407 = ORIENTED_EDGE ( 'NONE', *, *, #476, .F. ) ;
#408 = CARTESIAN_POINT ( 'NONE',  ( -55.49999999999996447, 0.000000000000000000, 84.99999999999991473 ) ) ;
#409 = CIRCLE ( 'NONE', #847, 1.549999999999995826 ) ;
#410 = VERTEX_POINT ( 'NONE', #4207 ) ;
#411 = CARTESIAN_POINT ( 'NONE',  ( 75.00000000000001421, 31.00000000000000000, -86.50000000000001421 ) ) ;
#412 = VERTEX_POINT ( 'NONE', #3466 ) ;
#413 = CARTESIAN_POINT ( 'NONE',  ( 24.00000000000002842, -89.44271909999159220, 44.99999999999992895 ) ) ;
#414 = AXIS2_PLACEMENT_3D ( 'NONE', #2247, #2492, #3526 ) ;
#415 = CARTESIAN_POINT ( 'NONE',  ( 81.00000000000001421, 31.21779788708139947, -97.99999999999998579 ) ) ;
#416 = CARTESIAN_POINT ( 'NONE',  ( -81.00000000000001421, 10.57660624134118521, -86.25000000000001421 ) ) ;
#417 = ORIENTED_EDGE ( 'NONE', *, *, #2417, .F. ) ;
#418 = ORIENTED_EDGE ( 'NONE', *, *, #1725, .F. ) ;
#419 = CIRCLE ( 'NONE', #638, 1.499999999999987566 ) ;
#420 = CARTESIAN_POINT ( 'NONE',  ( 1.550000000000005818, 5.000000000000000000, -95.50000000000000000 ) ) ;
#421 = CARTESIAN_POINT ( 'NONE',  ( -81.00000000000001421, 37.42339375865881834, -87.75000000000002842 ) ) ;
#422 = CARTESIAN_POINT ( 'NONE',  ( 45.50000000000003553, 0.000000000000000000, 94.99999999999992895 ) ) ;
#423 = CARTESIAN_POINT ( 'NONE',  ( -26.00000000000000000, 0.000000000000000000, 44.99999999999992895 ) ) ;
#424 = AXIS2_PLACEMENT_3D ( 'NONE', #1572, #1239, #2588 ) ;
#425 = ORIENTED_EDGE ( 'NONE', *, *, #1705, .T. ) ;
#426 = PRODUCT_DEFINITION_FORMATION_WITH_SPECIFIED_SOURCE ( 'ANY', '', #1043, .NOT_KNOWN. ) ;
#427 = EDGE_CURVE ( 'NONE', #2073, #1424, #2346, .T. ) ;
#428 = DIRECTION ( 'NONE',  ( -1.000000000000000000, -0.000000000000000000, -0.000000000000000000 ) ) ;
#429 = EDGE_CURVE ( 'NONE', #1134, #114, #1764, .T. ) ;
#430 = DIRECTION ( 'NONE',  ( -0.000000000000000000, 1.000000000000000000, -0.000000000000000000 ) ) ;
#431 = AXIS2_PLACEMENT_3D ( 'NONE', #1571, #1215, #234 ) ;
#432 = ORIENTED_EDGE ( 'NONE', *, *, #44, .T. ) ;
#433 = AXIS2_PLACEMENT_3D ( 'NONE', #1288, #3608, #1929 ) ;
#434 = ORIENTED_EDGE ( 'NONE', *, *, #427, .T. ) ;
#435 = LINE ( 'NONE', #3868, #917 ) ;
#436 = EDGE_LOOP ( 'NONE', ( #3613, #3287, #796, #2275 ) ) ;
#437 = CARTESIAN_POINT ( 'NONE',  ( -73.00000000000001421, 5.000000000000000000, -103.0000000000000142 ) ) ;
#438 = VERTEX_POINT ( 'NONE', #1031 ) ;
#439 = ADVANCED_FACE ( 'NONE', ( #3029 ), #2668, .F. ) ;
#440 = ADVANCED_FACE ( 'NONE', ( #2377 ), #1756, .F. ) ;
#441 = ADVANCED_FACE ( 'NONE', ( #1077 ), #1049, .F. ) ;
#442 = DIRECTION ( 'NONE',  ( 1.000000000000000000, 0.000000000000000000, -3.154042683594193641E-16 ) ) ;
#443 = EDGE_CURVE ( 'NONE', #1314, #410, #1432, .T. ) ;
#444 = CARTESIAN_POINT ( 'NONE',  ( -75.00000000000001421, 10.57660624134121363, -72.24999999999998579 ) ) ;
#445 = ORIENTED_EDGE ( 'NONE', *, *, #3603, .F. ) ;
#446 = VERTEX_POINT ( 'NONE', #3769 ) ;
#447 = LINE ( 'NONE', #103, #1377 ) ;
#448 = CARTESIAN_POINT ( 'NONE',  ( -25.99999999999999645, 5.000000000000004441, 8.499999999999952038 ) ) ;
#449 = CARTESIAN_POINT ( 'NONE',  ( -75.00000000000001421, 24.00000000000000000, -95.50000000000000000 ) ) ;
#450 = CARTESIAN_POINT ( 'NONE',  ( 55.50000000000003553, 5.000000000000000000, 84.99999999999994316 ) ) ;
#451 = ORIENTED_EDGE ( 'NONE', *, *, #1682, .F. ) ;
#452 = CARTESIAN_POINT ( 'NONE',  ( 77.00000000000001421, 5.000000000000000000, -58.00000000000000000 ) ) ;
#453 = CARTESIAN_POINT ( 'NONE',  ( -75.00000000000001421, 5.000000000000000000, -103.0000000000000142 ) ) ;
#454 = AXIS2_PLACEMENT_3D ( 'NONE', #3668, #4376, #4355 ) ;
#455 = ORIENTED_EDGE ( 'NONE', *, *, #4025, .F. ) ;
#456 = CARTESIAN_POINT ( 'NONE',  ( -81.00000000000001421, 31.21779788708132486, -62.00000000000000711 ) ) ;
#457 = AXIS2_PLACEMENT_3D ( 'NONE', #1378, #691, #4123 ) ;
#458 = DIRECTION ( 'NONE',  ( 0.000000000000000000, 0.000000000000000000, 1.000000000000000000 ) ) ;
#459 = CIRCLE ( 'NONE', #1591, 19.99999999999999645 ) ;
#460 = DIRECTION ( 'NONE',  ( 0.000000000000000000, 1.000000000000000000, 0.000000000000000000 ) ) ;
#461 = ORIENTED_EDGE ( 'NONE', *, *, #3099, .F. ) ;
#462 = ADVANCED_FACE ( 'NONE', ( #1711 ), #1008, .F. ) ;
#463 = CARTESIAN_POINT ( 'NONE',  ( -81.00000000000001421, 31.21779788708139236, -97.99999999999998579 ) ) ;
#464 = CARTESIAN_POINT ( 'NONE',  ( -75.00000000000001421, 10.57660624134121363, -73.74999999999997158 ) ) ;
#465 = ORIENTED_EDGE ( 'NONE', *, *, #2068, .T. ) ;
#466 = EDGE_LOOP ( 'NONE', ( #1258, #1176, #3617, #2512 ) ) ;
#467 = DIRECTION ( 'NONE',  ( -1.000000000000000000, -0.000000000000000000, -0.000000000000000000 ) ) ;
#468 = DIRECTION ( 'NONE',  ( 0.000000000000000000, 1.000000000000000000, 0.000000000000000000 ) ) ;
#469 = CARTESIAN_POINT ( 'NONE',  ( -25.99999999999999645, -89.44271909999159220, 9.999999999999953815 ) ) ;
#470 = VERTEX_POINT ( 'NONE', #3077 ) ;
#471 = CARTESIAN_POINT ( 'NONE',  ( -53.49999999999996447, 5.000000000000000000, 104.9999999999999289 ) ) ;
#472 = DIRECTION ( 'NONE',  ( 0.000000000000000000, 0.000000000000000000, 1.000000000000000000 ) ) ;
#473 = ORIENTED_EDGE ( 'NONE', *, *, #2050, .F. ) ;
#474 = LINE ( 'NONE', #2186, #1416 ) ;
#475 = DIRECTION ( 'NONE',  ( 0.000000000000000000, 0.000000000000000000, -1.000000000000000000 ) ) ;
#476 = EDGE_CURVE ( 'NONE', #1424, #2221, #1735, .T. ) ;
#477 = FACE_OUTER_BOUND ( 'NONE', #3879, .T. ) ;
#478 = EDGE_CURVE ( 'NONE', #1324, #3453, #3419, .T. ) ;
#479 = CARTESIAN_POINT ( 'NONE',  ( 79.91082916792198887, 25.44184406954964572, -99.79620323048516184 ) ) ;
#480 = CARTESIAN_POINT ( 'NONE',  ( -45.49999999999997868, 0.000000000000000000, 94.99999999999992895 ) ) ;
#481 = VERTEX_POINT ( 'NONE', #20 ) ;
#482 = VERTEX_POINT ( 'NONE', #2041 ) ;
#483 = VERTEX_POINT ( 'NONE', #1362 ) ;
#484 = VECTOR ( 'NONE', #4259, 1000.000000000000000 ) ;
#485 = CARTESIAN_POINT ( 'NONE',  ( 81.00000000000001421, 10.57660624134118521, -86.25000000000001421 ) ) ;
#486 = FACE_OUTER_BOUND ( 'NONE', #3169, .T. ) ;
#487 = CARTESIAN_POINT ( 'NONE',  ( 77.00000000000000000, 5.000000000000000000, -102.0000000000000142 ) ) ;
#488 = AXIS2_PLACEMENT_3D ( 'NONE', #1505, #4211, #98 ) ;
#489 = ORIENTED_EDGE ( 'NONE', *, *, #3732, .F. ) ;
#490 = CARTESIAN_POINT ( 'NONE',  ( 24.00000000000001421, 0.000000000000000000, -26.50000000000006750 ) ) ;
#491 = EDGE_CURVE ( 'NONE', #2895, #2285, #4083, .T. ) ;
#492 = EDGE_CURVE ( 'NONE', #470, #778, #3345, .T. ) ;
#493 = CIRCLE ( 'NONE', #207, 1.500000000000004885 ) ;
#494 = DIRECTION ( 'NONE',  ( 0.000000000000000000, -1.000000000000000000, 0.000000000000000000 ) ) ;
#495 = CIRCLE ( 'NONE', #1628, 1.500000000000001332 ) ;
#496 = EDGE_LOOP ( 'NONE', ( #3024, #1815, #3803, #2667 ) ) ;
#497 = AXIS2_PLACEMENT_3D ( 'NONE', #312, #4282, #1221 ) ;
#498 = CARTESIAN_POINT ( 'NONE',  ( 15.99999999999997868, 5.000000000000004441, 49.99999999999993605 ) ) ;
#499 = AXIS2_PLACEMENT_3D ( 'NONE', #3100, #3390, #41 ) ;
#500 = CARTESIAN_POINT ( 'NONE',  ( -17.99999999999996803, 5.000000000000004441, 49.99999999999993605 ) ) ;
#501 = DIRECTION ( 'NONE',  ( 0.000000000000000000, 1.000000000000000000, 0.000000000000000000 ) ) ;
#502 = VECTOR ( 'NONE', #2948, 1000.000000000000000 ) ;
#503 = AXIS2_PLACEMENT_3D ( 'NONE', #1081, #1342, #2698 ) ;
#504 = DIRECTION ( 'NONE',  ( 0.000000000000000000, 0.000000000000000000, 1.000000000000000000 ) ) ;
#505 = CARTESIAN_POINT ( 'NONE',  ( 79.11690212061127170, 22.86967726337213236, -99.99743510223612475 ) ) ;
#506 = DIRECTION ( 'NONE',  ( 0.000000000000000000, 0.000000000000000000, 1.000000000000000000 ) ) ;
#507 = ORIENTED_EDGE ( 'NONE', *, *, #3512, .T. ) ;
#508 = ORIENTED_EDGE ( 'NONE', *, *, #619, .F. ) ;
#509 = ORIENTED_EDGE ( 'NONE', *, *, #4255, .T. ) ;
#510 = CARTESIAN_POINT ( 'NONE',  ( 24.00000000000002842, 0.000000000000000000, 44.99999999999992895 ) ) ;
#511 = CARTESIAN_POINT ( 'NONE',  ( -81.00000000000001421, 16.99999999999999645, -73.50000000000000000 ) ) ;
#512 = DIRECTION ( 'NONE',  ( -1.000000000000000000, 0.000000000000000000, 0.000000000000000000 ) ) ;
#513 = ORIENTED_EDGE ( 'NONE', *, *, #2177, .F. ) ;
#514 = EDGE_CURVE ( 'NONE', #3607, #4107, #3416, .T. ) ;
#515 = DIRECTION ( 'NONE',  ( -0.000000000000000000, -1.000000000000000000, -0.000000000000000000 ) ) ;
#516 = FACE_OUTER_BOUND ( 'NONE', #3397, .T. ) ;
#517 = VERTEX_POINT ( 'NONE', #725 ) ;
#518 = EDGE_CURVE ( 'NONE', #3653, #1642, #4103, .T. ) ;
#519 = ADVANCED_FACE ( 'NONE', ( #1454 ), #3795, .F. ) ;
#520 = VERTEX_POINT ( 'NONE', #405 ) ;
#521 = CARTESIAN_POINT ( 'NONE',  ( -20.00000000000001421, 0.000000000000000000, 73.99999999999992895 ) ) ;
#522 = CARTESIAN_POINT ( 'NONE',  ( 119.0000000000000284, 37.42339375865881124, -72.25000000000000000 ) ) ;
#523 = AXIS2_PLACEMENT_3D ( 'NONE', #2854, #2229, #472 ) ;
#524 = DIRECTION ( 'NONE',  ( 0.000000000000000000, 0.000000000000000000, -1.000000000000000000 ) ) ;
#525 = AXIS2_PLACEMENT_3D ( 'NONE', #2228, #3595, #1294 ) ;
#526 = DIRECTION ( 'NONE',  ( 0.000000000000000000, -1.000000000000000000, 0.000000000000000000 ) ) ;
#527 = AXIS2_PLACEMENT_3D ( 'NONE', #1394, #3042, #2773 ) ;
#528 = CARTESIAN_POINT ( 'NONE',  ( -79.00000000000000000, 0.000000000000000000, -60.00000000000000711 ) ) ;
#529 = ORIENTED_EDGE ( 'NONE', *, *, #1414, .F. ) ;
#530 = DIRECTION ( 'NONE',  ( -0.000000000000000000, -1.000000000000000000, -0.000000000000000000 ) ) ;
#531 = ORIENTED_EDGE ( 'NONE', *, *, #2803, .T. ) ;
#532 = CARTESIAN_POINT ( 'NONE',  ( 119.0000000000000284, 24.00000000000000355, -64.50000000000000000 ) ) ;
#533 = VECTOR ( 'NONE', #1233, 1000.000000000000000 ) ;
#534 = LINE ( 'NONE', #1643, #319 ) ;
#535 =( NAMED_UNIT ( * ) SI_UNIT ( $, .STERADIAN. ) SOLID_ANGLE_UNIT ( ) );
#536 = CARTESIAN_POINT ( 'NONE',  ( 140.0000000000000853, 22.50000000000000355, -80.00000000000001421 ) ) ;
#537 = DIRECTION ( 'NONE',  ( 0.000000000000000000, 1.000000000000000000, -0.000000000000000000 ) ) ;
#538 = ORIENTED_EDGE ( 'NONE', *, *, #25, .F. ) ;
#539 = FACE_BOUND ( 'NONE', #4277, .T. ) ;
#540 = CARTESIAN_POINT ( 'NONE',  ( -73.00000000000001421, 5.000000000000000000, -103.0000000000000142 ) ) ;
#541 = EDGE_CURVE ( 'NONE', #2957, #1612, #3120, .T. ) ;
#542 = ORIENTED_EDGE ( 'NONE', *, *, #1492, .T. ) ;
#543 = ORIENTED_EDGE ( 'NONE', *, *, #1098, .F. ) ;
#544 = DIRECTION ( 'NONE',  ( 0.000000000000000000, 1.000000000000000000, 0.000000000000000000 ) ) ;
#545 = DIRECTION ( 'NONE',  ( 0.000000000000000000, 1.000000000000000000, 0.000000000000000000 ) ) ;
#546 = DIRECTION ( 'NONE',  ( 1.652117596168387756E-16, 0.000000000000000000, 1.000000000000000000 ) ) ;
#547 = CARTESIAN_POINT ( 'NONE',  ( 119.0000000000000284, 37.42339375865881834, -87.75000000000002842 ) ) ;
#548 = CARTESIAN_POINT ( 'NONE',  ( -79.05805149739047977, 22.68357532822704314, -60.00000000000002842 ) ) ;
#549 = EDGE_LOOP ( 'NONE', ( #1219, #4109, #123, #2575 ) ) ;
#550 = CARTESIAN_POINT ( 'NONE',  ( 81.00000000000001421, 31.21779788708134973, -62.00000000000002132 ) ) ;
#551 = ORIENTED_EDGE ( 'NONE', *, *, #1574, .F. ) ;
#552 = CARTESIAN_POINT ( 'NONE',  ( -75.00000000000001421, 24.00000000000000355, -63.00000000000000000 ) ) ;
#553 = CARTESIAN_POINT ( 'NONE',  ( 43.00000000000000711, -16.20000000000000284, 34.49999999999993605 ) ) ;
#554 = DIRECTION ( 'NONE',  ( -1.387778780781444413E-14, 0.000000000000000000, -1.000000000000000000 ) ) ;
#555 = ORIENTED_EDGE ( 'NONE', *, *, #1624, .F. ) ;
#556 = VECTOR ( 'NONE', #1569, 1000.000000000000000 ) ;
#557 = DIRECTION ( 'NONE',  ( 0.000000000000000000, 0.000000000000000000, 1.000000000000000000 ) ) ;
#558 = DIRECTION ( 'NONE',  ( -1.000000000000000000, -0.000000000000000000, -0.000000000000000000 ) ) ;
#559 = CIRCLE ( 'NONE', #2755, 1.549999999999995826 ) ;
#560 = ORIENTED_EDGE ( 'NONE', *, *, #1226, .F. ) ;
#561 = VERTEX_POINT ( 'NONE', #4154 ) ;
#562 = VECTOR ( 'NONE', #4296, 1000.000000000000000 ) ;
#563 = CARTESIAN_POINT ( 'NONE',  ( -75.00000000000001421, 5.000000000000000000, -102.0000000000000142 ) ) ;
#564 = CARTESIAN_POINT ( 'NONE',  ( 79.00000000000000000, 0.000000000000000000, -60.00000000000000711 ) ) ;
#565 = VECTOR ( 'NONE', #250, 1000.000000000000000 ) ;
#566 = DIRECTION ( 'NONE',  ( -0.000000000000000000, -1.000000000000000000, 0.000000000000000000 ) ) ;
#567 = AXIS2_PLACEMENT_3D ( 'NONE', #2258, #904, #2954 ) ;
#568 = AXIS2_PLACEMENT_3D ( 'NONE', #770, #1403, #4130 ) ;
#569 = ADVANCED_FACE ( 'NONE', ( #1103 ), #2114, .F. ) ;
#570 = AXIS2_PLACEMENT_3D ( 'NONE', #2099, #2791, #3154 ) ;
#571 = DIRECTION ( 'NONE',  ( 0.000000000000000000, 1.000000000000000000, 0.000000000000000000 ) ) ;
#572 = AXIS2_PLACEMENT_3D ( 'NONE', #1807, #2500, #475 ) ;
#573 = CARTESIAN_POINT ( 'NONE',  ( -20.99999999999999645, -89.44271909999159220, -27.00000000000005329 ) ) ;
#574 = EDGE_CURVE ( 'NONE', #1930, #2407, #3724, .T. ) ;
#575 = VERTEX_POINT ( 'NONE', #1 ) ;
#576 = LINE ( 'NONE', #219, #714 ) ;
#577 = ADVANCED_FACE ( 'NONE', ( #2712, #2826, #3863, #2896, #539, #3885, #4219, #813 ), #1183, .F. ) ;
#578 = ADVANCED_FACE ( 'NONE', ( #2808 ), #3574, .T. ) ;
#579 = ORIENTED_EDGE ( 'NONE', *, *, #2232, .T. ) ;
#580 = PLANE ( 'NONE',  #1732 ) ;
#581 = EDGE_CURVE ( 'NONE', #4213, #218, #344, .T. ) ;
#582 = FACE_OUTER_BOUND ( 'NONE', #2590, .T. ) ;
#583 = DIRECTION ( 'NONE',  ( 0.000000000000000000, 0.000000000000000000, 1.000000000000000000 ) ) ;
#584 = ORIENTED_EDGE ( 'NONE', *, *, #1838, .F. ) ;
#585 = DIRECTION ( 'NONE',  ( 0.000000000000000000, 1.000000000000000000, 0.000000000000000000 ) ) ;
#586 = DIRECTION ( 'NONE',  ( -1.000000000000000000, 0.000000000000000000, -0.000000000000000000 ) ) ;
#587 = ORIENTED_EDGE ( 'NONE', *, *, #3488, .T. ) ;
#588 = ORIENTED_EDGE ( 'NONE', *, *, #903, .T. ) ;
#589 = DIRECTION ( 'NONE',  ( -0.000000000000000000, 1.000000000000000000, -0.000000000000000000 ) ) ;
#590 = CARTESIAN_POINT ( 'NONE',  ( -20.00000000000001066, 0.000000000000000000, 96.49999999999991473 ) ) ;
#591 = DIRECTION ( 'NONE',  ( -0.000000000000000000, 1.000000000000000000, -0.000000000000000000 ) ) ;
#592 = DIRECTION ( 'NONE',  ( -1.000000000000000000, 0.000000000000000000, 0.000000000000000000 ) ) ;
#593 = DIRECTION ( 'NONE',  ( 0.000000000000000000, 0.000000000000000000, 1.000000000000000000 ) ) ;
#594 = EDGE_CURVE ( 'NONE', #4092, #3405, #4175, .T. ) ;
#595 = AXIS2_PLACEMENT_3D ( 'NONE', #3746, #2448, #1405 ) ;
#596 = ORIENTED_EDGE ( 'NONE', *, *, #212, .F. ) ;
#597 = EDGE_CURVE ( 'NONE', #2498, #1795, #1163, .T. ) ;
#598 = ORIENTED_EDGE ( 'NONE', *, *, #1574, .T. ) ;
#599 = ORIENTED_EDGE ( 'NONE', *, *, #4114, .F. ) ;
#600 = DIRECTION ( 'NONE',  ( 0.000000000000000000, 0.000000000000000000, 1.000000000000000000 ) ) ;
#601 = VECTOR ( 'NONE', #3953, 1000.000000000000000 ) ;
#602 = DIRECTION ( 'NONE',  ( 0.000000000000000000, 1.000000000000000000, -0.000000000000000000 ) ) ;
#603 = CARTESIAN_POINT ( 'NONE',  ( -75.00000000000001421, 37.42339375865881124, -72.25000000000000000 ) ) ;
#604 = AXIS2_PLACEMENT_3D ( 'NONE', #3737, #3450, #4385 ) ;
#605 = ORIENTED_EDGE ( 'NONE', *, *, #3544, .F. ) ;
#606 = CARTESIAN_POINT ( 'NONE',  ( 75.00000000000001421, 5.000000000000000000, -102.0499999999999972 ) ) ;
#607 = CARTESIAN_POINT ( 'NONE',  ( 79.00000000000000000, 5.000000000000000000, -60.00000000000000711 ) ) ;
#608 = ORIENTED_EDGE ( 'NONE', *, *, #817, .F. ) ;
#609 = ORIENTED_EDGE ( 'NONE', *, *, #1955, .T. ) ;
#610 = DIRECTION ( 'NONE',  ( -1.000000000000000000, 0.000000000000000000, 0.000000000000000000 ) ) ;
#611 = FACE_OUTER_BOUND ( 'NONE', #3679, .T. ) ;
#612 = CARTESIAN_POINT ( 'NONE',  ( -26.00000000000000000, 5.000000000000004441, 44.99999999999992895 ) ) ;
#613 = CARTESIAN_POINT ( 'NONE',  ( -43.00000000000000711, -16.20000000000000284, 37.09999999999991616 ) ) ;
#614 = CARTESIAN_POINT ( 'NONE',  ( -80.73219026709767832, 28.72772142282416397, -60.99051844171966508 ) ) ;
#615 = EDGE_CURVE ( 'NONE', #1423, #3862, #287, .T. ) ;
#616 = ORIENTED_EDGE ( 'NONE', *, *, #1419, .F. ) ;
#617 = LINE ( 'NONE', #1990, #1920 ) ;
#618 = ORIENTED_EDGE ( 'NONE', *, *, #2604, .F. ) ;
#619 = EDGE_CURVE ( 'NONE', #2486, #2185, #1124, .T. ) ;
#620 = ADVANCED_FACE ( 'NONE', ( #2513 ), #2558, .F. ) ;
#621 = CARTESIAN_POINT ( 'NONE',  ( 81.00000000000001421, 10.57660624134118521, -89.24999999999998579 ) ) ;
#622 = LINE ( 'NONE', #1615, #4132 ) ;
#623 = CARTESIAN_POINT ( 'NONE',  ( 75.00000000000001421, 10.57660624134121363, -72.24999999999998579 ) ) ;
#624 = VERTEX_POINT ( 'NONE', #1802 ) ;
#625 = DIRECTION ( 'NONE',  ( -1.000000000000000000, -0.000000000000000000, -0.000000000000000000 ) ) ;
#626 = CARTESIAN_POINT ( 'NONE',  ( -79.00000000000000000, 5.000000000000000000, -100.0000000000000000 ) ) ;
#627 = EDGE_CURVE ( 'NONE', #1672, #1165, #2466, .T. ) ;
#628 = VERTEX_POINT ( 'NONE', #202 ) ;
#629 = ADVANCED_FACE ( 'NONE', ( #1513 ), #3904, .F. ) ;
#630 = EDGE_CURVE ( 'NONE', #4182, #2225, #2494, .T. ) ;
#631 = EDGE_CURVE ( 'NONE', #2485, #1025, #3143, .T. ) ;
#632 = CARTESIAN_POINT ( 'NONE',  ( 75.00000000000000000, 45.00000000000000000, -102.0000000000000142 ) ) ;
#633 = VECTOR ( 'NONE', #2556, 1000.000000000000000 ) ;
#634 = CARTESIAN_POINT ( 'NONE',  ( -25.99999999999999645, 0.000000000000000000, 9.999999999999953815 ) ) ;
#635 = VERTEX_POINT ( 'NONE', #490 ) ;
#636 = CARTESIAN_POINT ( 'NONE',  ( 81.00000000000001421, 37.42339375865881834, -87.75000000000002842 ) ) ;
#637 = VERTEX_POINT ( 'NONE', #3929 ) ;
#638 = AXIS2_PLACEMENT_3D ( 'NONE', #1019, #1680, #4095 ) ;
#639 = VECTOR ( 'NONE', #2971, 1000.000000000000000 ) ;
#640 = AXIS2_PLACEMENT_3D ( 'NONE', #1399, #3410, #2063 ) ;
#641 = DIRECTION ( 'NONE',  ( 0.000000000000000000, 0.000000000000000000, -1.000000000000000000 ) ) ;
#642 = ORIENTED_EDGE ( 'NONE', *, *, #3039, .T. ) ;
#643 = CARTESIAN_POINT ( 'NONE',  ( -77.00000000000001421, 22.50000000000000355, -60.00000000000000711 ) ) ;
#644 = ORIENTED_EDGE ( 'NONE', *, *, #1226, .T. ) ;
#645 = VECTOR ( 'NONE', #2282, 1000.000000000000000 ) ;
#646 = DIRECTION ( 'NONE',  ( -0.000000000000000000, -1.000000000000000000, -0.000000000000000000 ) ) ;
#647 = CARTESIAN_POINT ( 'NONE',  ( -45.60000000000000142, 5.000000000000000000, -7.500000000000069278 ) ) ;
#648 = FACE_OUTER_BOUND ( 'NONE', #4138, .T. ) ;
#649 = VECTOR ( 'NONE', #2611, 1000.000000000000000 ) ;
#650 = ORIENTED_EDGE ( 'NONE', *, *, #518, .T. ) ;
#651 = CYLINDRICAL_SURFACE ( 'NONE', #3726, 1.499999999999987566 ) ;
#652 = CARTESIAN_POINT ( 'NONE',  ( -17.99999999999997513, -89.44271909999159220, -30.00000000000006750 ) ) ;
#653 = CARTESIAN_POINT ( 'NONE',  ( 64.99999999999998579, 0.000000000000000000, -56.00000000000000711 ) ) ;
#654 = VERTEX_POINT ( 'NONE', #4239 ) ;
#655 = EDGE_CURVE ( 'NONE', #2317, #1324, #1847, .T. ) ;
#656 = CYLINDRICAL_SURFACE ( 'NONE', #134, 1.500000000000001332 ) ;
#657 = CYLINDRICAL_SURFACE ( 'NONE', #1941, 2.599999999999984102 ) ;
#658 = ADVANCED_FACE ( 'NONE', ( #1534 ), #1870, .T. ) ;
#659 = VECTOR ( 'NONE', #856, 1000.000000000000000 ) ;
#660 = EDGE_CURVE ( 'NONE', #355, #860, #2511, .T. ) ;
#661 = ORIENTED_EDGE ( 'NONE', *, *, #946, .T. ) ;
#662 = ADVANCED_FACE ( 'NONE', ( #3995 ), #1265, .F. ) ;
#663 = CARTESIAN_POINT ( 'NONE',  ( 119.0000000000000284, 10.57660624134121363, -73.74999999999997158 ) ) ;
#664 = ORIENTED_EDGE ( 'NONE', *, *, #713, .F. ) ;
#665 = CYLINDRICAL_SURFACE ( 'NONE', #2921, 1.500000000000001332 ) ;
#666 = ORIENTED_EDGE ( 'NONE', *, *, #429, .F. ) ;
#667 = DIRECTION ( 'NONE',  ( 1.000000000000000000, 0.000000000000000000, -3.154042683594193641E-16 ) ) ;
#668 = CARTESIAN_POINT ( 'NONE',  ( 80.73219148559161340, 28.72772787698237806, -99.00947942459758622 ) ) ;
#669 = VECTOR ( 'NONE', #3212, 1000.000000000000000 ) ;
#670 = DIRECTION ( 'NONE',  ( -3.854941057726234153E-16, 0.000000000000000000, 1.000000000000000000 ) ) ;
#671 = EDGE_LOOP ( 'NONE', ( #1079, #938 ) ) ;
#672 = EDGE_CURVE ( 'NONE', #2900, #1917, #939, .T. ) ;
#673 = AXIS2_PLACEMENT_3D ( 'NONE', #4016, #3342, #894 ) ;
#674 = CARTESIAN_POINT ( 'NONE',  ( 140.0000000000000853, 22.50000000000000000, -100.0000000000000000 ) ) ;
#675 = DIRECTION ( 'NONE',  ( -1.000000000000000000, 0.000000000000000000, 0.000000000000000000 ) ) ;
#676 = AXIS2_PLACEMENT_3D ( 'NONE', #522, #1877, #2539 ) ;
#677 = ORIENTED_EDGE ( 'NONE', *, *, #4199, .F. ) ;
#678 = CARTESIAN_POINT ( 'NONE',  ( -18.00000000000000000, -89.44271909999159220, -27.00000000000006395 ) ) ;
#679 = EDGE_CURVE ( 'NONE', #2829, #1182, #3008, .T. ) ;
#680 = CYLINDRICAL_SURFACE ( 'NONE', #2430, 6.500000000000005329 ) ;
#681 = ORIENTED_EDGE ( 'NONE', *, *, #3404, .T. ) ;
#682 = VERTEX_POINT ( 'NONE', #3277 ) ;
#683 = CARTESIAN_POINT ( 'NONE',  ( 81.00000000000001421, 24.00000000000000000, -94.00000000000000000 ) ) ;
#684 = EDGE_LOOP ( 'NONE', ( #846, #1497 ) ) ;
#685 = CARTESIAN_POINT ( 'NONE',  ( 75.00000000000001421, 10.57660624134118521, -89.24999999999998579 ) ) ;
#686 = ORIENTED_EDGE ( 'NONE', *, *, #3134, .F. ) ;
#687 = FACE_OUTER_BOUND ( 'NONE', #2660, .T. ) ;
#688 = CARTESIAN_POINT ( 'NONE',  ( 43.00000000000000711, -16.20000000000000284, 37.09999999999991616 ) ) ;
#689 = DIRECTION ( 'NONE',  ( -2.040851148208009970E-16, 0.000000000000000000, -1.000000000000000000 ) ) ;
#690 = ORIENTED_EDGE ( 'NONE', *, *, #2684, .F. ) ;
#691 = DIRECTION ( 'NONE',  ( -1.000000000000000000, 0.000000000000000000, 0.000000000000000000 ) ) ;
#692 = CARTESIAN_POINT ( 'NONE',  ( 73.00000000000001421, 5.000000000000000000, -103.0000000000000568 ) ) ;
#693 = CARTESIAN_POINT ( 'NONE',  ( -43.00000000000000711, 0.000000000000000000, 37.09999999999991616 ) ) ;
#694 = EDGE_LOOP ( 'NONE', ( #124, #994 ) ) ;
#695 = CARTESIAN_POINT ( 'NONE',  ( 119.0000000000000284, 17.00000000000000000, -73.50000000000000000 ) ) ;
#696 = DIRECTION ( 'NONE',  ( -0.7071067811865519026, -0.7071067811865431318, -0.000000000000000000 ) ) ;
#697 = EDGE_LOOP ( 'NONE', ( #3311, #1536, #4264, #3811, #451 ) ) ;
#698 = ORIENTED_EDGE ( 'NONE', *, *, #3216, .T. ) ;
#699 = VECTOR ( 'NONE', #591, 1000.000000000000000 ) ;
#700 = DIRECTION ( 'NONE',  ( -0.000000000000000000, 1.000000000000000000, -0.000000000000000000 ) ) ;
#701 = VECTOR ( 'NONE', #1723, 1000.000000000000000 ) ;
#702 = VECTOR ( 'NONE', #4295, 1000.000000000000000 ) ;
#703 = VERTEX_POINT ( 'NONE', #1315 ) ;
#704 = CARTESIAN_POINT ( 'NONE',  ( -78.99999999999995737, 22.50000000000000711, -60.00000000000001421 ) ) ;
#705 = ORIENTED_EDGE ( 'NONE', *, *, #630, .F. ) ;
#706 = EDGE_CURVE ( 'NONE', #1155, #3503, #2081, .T. ) ;
#707 = CIRCLE ( 'NONE', #3339, 1.500000000000001332 ) ;
#708 = DIRECTION ( 'NONE',  ( 0.000000000000000000, 0.000000000000000000, 1.000000000000000000 ) ) ;
#709 = LINE ( 'NONE', #2059, #1916 ) ;
#710 = AXIS2_PLACEMENT_3D ( 'NONE', #536, #831, #1119 ) ;
#711 = DIRECTION ( 'NONE',  ( 0.000000000000000000, 0.000000000000000000, 1.000000000000000000 ) ) ;
#712 = ADVANCED_FACE ( 'NONE', ( #1996 ), #1581, .F. ) ;
#713 = EDGE_CURVE ( 'NONE', #388, #1564, #3640, .T. ) ;
#714 = VECTOR ( 'NONE', #530, 1000.000000000000000 ) ;
#715 = ORIENTED_EDGE ( 'NONE', *, *, #3592, .F. ) ;
#716 = VECTOR ( 'NONE', #2774, 1000.000000000000000 ) ;
#717 = VECTOR ( 'NONE', #2140, 1000.000000000000000 ) ;
#718 = DIRECTION ( 'NONE',  ( 0.000000000000000000, 0.000000000000000000, -1.000000000000000000 ) ) ;
#719 = CARTESIAN_POINT ( 'NONE',  ( 77.00000000000000000, 22.50000000000000000, -100.0000000000000000 ) ) ;
#720 = LINE ( 'NONE', #62, #3844 ) ;
#721 = CIRCLE ( 'NONE', #4278, 1.499999999999987566 ) ;
#722 = DIRECTION ( 'NONE',  ( -0.000000000000000000, 1.000000000000000000, -0.000000000000000000 ) ) ;
#723 = AXIS2_PLACEMENT_3D ( 'NONE', #278, #571, #3982 ) ;
#724 = EDGE_LOOP ( 'NONE', ( #302, #22 ) ) ;
#725 = CARTESIAN_POINT ( 'NONE',  ( 45.50000000000003553, 5.000000000000000000, 96.54999999999992610 ) ) ;
#726 = CARTESIAN_POINT ( 'NONE',  ( -1.549999999999994937, 5.000000000000000000, -100.5000000000000000 ) ) ;
#727 = ORIENTED_EDGE ( 'NONE', *, *, #2665, .T. ) ;
#728 = EDGE_LOOP ( 'NONE', ( #2947, #1438, #260, #1737 ) ) ;
#729 = LINE ( 'NONE', #1034, #4060 ) ;
#730 = PRODUCT_DEFINITION_SHAPE ( 'NONE', 'NONE',  #2396 ) ;
#731 = VERTEX_POINT ( 'NONE', #606 ) ;
#732 = CARTESIAN_POINT ( 'NONE',  ( 24.00000000000002842, -89.44271909999159220, 43.49999999999992895 ) ) ;
#733 = ORIENTED_EDGE ( 'NONE', *, *, #2805, .T. ) ;
#734 = CARTESIAN_POINT ( 'NONE',  ( -79.00000000000001421, 5.000000000000000000, -98.00000000000000000 ) ) ;
#735 = EDGE_CURVE ( 'NONE', #2426, #1660, #3798, .T. ) ;
#736 = DIRECTION ( 'NONE',  ( -0.000000000000000000, 1.000000000000000000, -0.000000000000000000 ) ) ;
#737 = DIRECTION ( 'NONE',  ( -0.000000000000000000, -1.000000000000000000, -0.000000000000000000 ) ) ;
#738 = EDGE_CURVE ( 'NONE', #1782, #1937, #3014, .T. ) ;
#739 = EDGE_LOOP ( 'NONE', ( #3181, #3794, #1287, #984 ) ) ;
#740 = DIRECTION ( 'NONE',  ( 0.000000000000000000, 0.000000000000000000, 1.000000000000000000 ) ) ;
#741 = AXIS2_PLACEMENT_3D ( 'NONE', #1824, #878, #1893 ) ;
#742 = DIRECTION ( 'NONE',  ( 1.000000000000000000, 0.000000000000000000, -3.154042683594193641E-16 ) ) ;
#743 = CARTESIAN_POINT ( 'NONE',  ( 79.00000000000001421, 22.50000000000000711, -60.00000000000000711 ) ) ;
#744 = DIRECTION ( 'NONE',  ( 0.000000000000000000, 1.000000000000000000, -0.000000000000000000 ) ) ;
#745 = AXIS2_PLACEMENT_3D ( 'NONE', #809, #3206, #3899 ) ;
#746 = VERTEX_POINT ( 'NONE', #3680 ) ;
#747 = DIRECTION ( 'NONE',  ( 1.387778780781444413E-14, 0.000000000000000000, 1.000000000000000000 ) ) ;
#748 = CARTESIAN_POINT ( 'NONE',  ( -45.59999999999999432, -16.20000000000000284, 34.49999999999993605 ) ) ;
#749 = CIRCLE ( 'NONE', #2162, 1.499999999999987566 ) ;
#750 = VERTEX_POINT ( 'NONE', #247 ) ;
#751 = AXIS2_PLACEMENT_3D ( 'NONE', #4267, #3283, #3937 ) ;
#752 = DIRECTION ( 'NONE',  ( 0.000000000000000000, -0.000000000000000000, 1.000000000000000000 ) ) ;
#753 = DIRECTION ( 'NONE',  ( 0.000000000000000000, 0.000000000000000000, 1.000000000000000000 ) ) ;
#754 = ORIENTED_EDGE ( 'NONE', *, *, #3376, .F. ) ;
#755 = CARTESIAN_POINT ( 'NONE',  ( 81.00000000000001421, 24.00000000000000000, -97.00000000000000000 ) ) ;
#756 = VERTEX_POINT ( 'NONE', #4033 ) ;
#757 = DIRECTION ( 'NONE',  ( -0.000000000000000000, 1.000000000000000000, -0.000000000000000000 ) ) ;
#758 = ADVANCED_FACE ( 'NONE', ( #2965 ), #1601, .F. ) ;
#759 = LINE ( 'NONE', #2704, #3917 ) ;
#760 = CARTESIAN_POINT ( 'NONE',  ( 16.00000000000000000, 0.000000000000000000, 46.99999999999992895 ) ) ;
#761 = ORIENTED_EDGE ( 'NONE', *, *, #898, .F. ) ;
#762 = ORIENTED_EDGE ( 'NONE', *, *, #2803, .F. ) ;
#763 = ORIENTED_EDGE ( 'NONE', *, *, #3348, .T. ) ;
#764 = EDGE_CURVE ( 'NONE', #1795, #4410, #4369, .T. ) ;
#765 = CARTESIAN_POINT ( 'NONE',  ( 1.550000000000009592, 0.000000000000000000, -103.0000000000000426 ) ) ;
#766 = DIRECTION ( 'NONE',  ( -0.000000000000000000, -1.000000000000000000, 0.000000000000000000 ) ) ;
#767 = FACE_OUTER_BOUND ( 'NONE', #1688, .T. ) ;
#768 = LINE ( 'NONE', #2111, #1618 ) ;
#769 = ORIENTED_EDGE ( 'NONE', *, *, #660, .F. ) ;
#770 = CARTESIAN_POINT ( 'NONE',  ( 16.00000000000000000, 5.000000000000004441, -27.00000000000006395 ) ) ;
#771 = CARTESIAN_POINT ( 'NONE',  ( 24.00000000000001421, 5.000000000000004441, -26.50000000000006750 ) ) ;
#772 = EDGE_LOOP ( 'NONE', ( #1947, #2730, #3699, #2365 ) ) ;
#773 = EDGE_CURVE ( 'NONE', #2298, #2770, #1619, .T. ) ;
#774 = EDGE_CURVE ( 'NONE', #1338, #2618, #2620, .T. ) ;
#775 = EDGE_CURVE ( 'NONE', #2121, #637, #1021, .T. ) ;
#776 = ADVANCED_FACE ( 'NONE', ( #3702 ), #651, .F. ) ;
#777 = DIRECTION ( 'NONE',  ( -0.000000000000000000, -1.000000000000000000, -0.000000000000000000 ) ) ;
#778 = VERTEX_POINT ( 'NONE', #4306 ) ;
#779 = CARTESIAN_POINT ( 'NONE',  ( 19.00000000000000355, -89.44271909999159220, -27.00000000000005329 ) ) ;
#780 = VERTEX_POINT ( 'NONE', #1248 ) ;
#781 = CARTESIAN_POINT ( 'NONE',  ( -81.00000000000001421, 31.21779788708132486, -62.00000000000000711 ) ) ;
#782 = VECTOR ( 'NONE', #1811, 1000.000000000000000 ) ;
#783 = DIRECTION ( 'NONE',  ( -0.000000000000000000, 1.000000000000000000, -0.000000000000000000 ) ) ;
#784 = DIRECTION ( 'NONE',  ( 0.000000000000000000, 1.000000000000000000, 0.000000000000000000 ) ) ;
#785 = VERTEX_POINT ( 'NONE', #2596 ) ;
#786 = VERTEX_POINT ( 'NONE', #3969 ) ;
#787 = VECTOR ( 'NONE', #1520, 1000.000000000000000 ) ;
#788 = DIRECTION ( 'NONE',  ( -0.000000000000000000, 1.000000000000000000, -0.000000000000000000 ) ) ;
#789 = DIRECTION ( 'NONE',  ( 0.000000000000000000, 0.000000000000000000, 1.000000000000000000 ) ) ;
#790 = DIRECTION ( 'NONE',  ( 1.000000000000000000, 0.000000000000000000, 0.000000000000000000 ) ) ;
#791 = AXIS2_PLACEMENT_3D ( 'NONE', #2502, #783, #3581 ) ;
#792 = ORIENTED_EDGE ( 'NONE', *, *, #2284, .T. ) ;
#793 = DIRECTION ( 'NONE',  ( 0.000000000000000000, 0.000000000000000000, 1.000000000000000000 ) ) ;
#794 = DIRECTION ( 'NONE',  ( -0.000000000000000000, 1.000000000000000000, -0.000000000000000000 ) ) ;
#795 = CIRCLE ( 'NONE', #2277, 1.500000000000001332 ) ;
#796 = ORIENTED_EDGE ( 'NONE', *, *, #4002, .F. ) ;
#797 = ORIENTED_EDGE ( 'NONE', *, *, #2707, .F. ) ;
#798 = EDGE_CURVE ( 'NONE', #1622, #1658, #1168, .T. ) ;
#799 = VECTOR ( 'NONE', #3495, 1000.000000000000000 ) ;
#800 = ORIENTED_EDGE ( 'NONE', *, *, #2112, .F. ) ;
#801 = PLANE ( 'NONE',  #3059 ) ;
#802 = ORIENTED_EDGE ( 'NONE', *, *, #3073, .F. ) ;
#803 = LINE ( 'NONE', #779, #2136 ) ;
#804 = EDGE_LOOP ( 'NONE', ( #941, #4297, #2262, #2612 ) ) ;
#805 = CARTESIAN_POINT ( 'NONE',  ( 75.00000000000000000, 24.00000000000000000, -95.50000000000000000 ) ) ;
#806 = CARTESIAN_POINT ( 'NONE',  ( -18.00000000000000000, 5.000000000000004441, -27.00000000000006395 ) ) ;
#807 = VERTEX_POINT ( 'NONE', #2687 ) ;
#808 = ORIENTED_EDGE ( 'NONE', *, *, #3454, .F. ) ;
#809 = CARTESIAN_POINT ( 'NONE',  ( -40.40000000000001990, -16.20000000000000284, -7.500000000000069278 ) ) ;
#810 = CYLINDRICAL_SURFACE ( 'NONE', #2198, 1.500000000000001332 ) ;
#811 = PLANE ( 'NONE',  #1196 ) ;
#812 = EDGE_LOOP ( 'NONE', ( #934, #800 ) ) ;
#813 = FACE_OUTER_BOUND ( 'NONE', #1646, .T. ) ;
#814 = CARTESIAN_POINT ( 'NONE',  ( 75.00000000000001421, 45.00000000000000000, -73.50000000000000000 ) ) ;
#815 = ORIENTED_EDGE ( 'NONE', *, *, #958, .T. ) ;
#816 = ORIENTED_EDGE ( 'NONE', *, *, #129, .F. ) ;
#817 = EDGE_CURVE ( 'NONE', #1177, #2004, #2435, .T. ) ;
#818 = DIRECTION ( 'NONE',  ( 0.000000000000000000, 1.000000000000000000, 0.000000000000000000 ) ) ;
#819 = CIRCLE ( 'NONE', #457, 6.500000000000005329 ) ;
#820 = FACE_OUTER_BOUND ( 'NONE', #3594, .T. ) ;
#821 = CIRCLE ( 'NONE', #3304, 3.000000000000002665 ) ;
#822 = LINE ( 'NONE', #2408, #2411 ) ;
#823 = DIRECTION ( 'NONE',  ( 0.000000000000000000, 1.000000000000000000, 0.000000000000000000 ) ) ;
#824 = DIRECTION ( 'NONE',  ( 0.000000000000000000, 1.000000000000000000, 0.000000000000000000 ) ) ;
#825 = ORIENTED_EDGE ( 'NONE', *, *, #672, .F. ) ;
#826 = EDGE_CURVE ( 'NONE', #2479, #2025, #1589, .T. ) ;
#827 = ADVANCED_FACE ( 'NONE', ( #60, #2726, #4097, #4393, #3068, #2108, #3048, #4057 ), #1426, .T. ) ;
#828 = ORIENTED_EDGE ( 'NONE', *, *, #2997, .T. ) ;
#829 = EDGE_CURVE ( 'NONE', #1593, #785, #1101, .T. ) ;
#830 = LINE ( 'NONE', #2530, #955 ) ;
#831 = DIRECTION ( 'NONE',  ( -1.000000000000000000, -0.000000000000000000, -0.000000000000000000 ) ) ;
#832 = CARTESIAN_POINT ( 'NONE',  ( 75.00000000000002842, 5.000000000000000888, 9.999999999999911182 ) ) ;
#833 = ORIENTED_EDGE ( 'NONE', *, *, #266, .F. ) ;
#834 = CARTESIAN_POINT ( 'NONE',  ( -55.49999999999996447, 5.000000000000000000, 84.99999999999991473 ) ) ;
#835 = FACE_OUTER_BOUND ( 'NONE', #1809, .T. ) ;
#836 = ORIENTED_EDGE ( 'NONE', *, *, #3891, .F. ) ;
#837 = LINE ( 'NONE', #3237, #220 ) ;
#838 = ORIENTED_EDGE ( 'NONE', *, *, #1760, .T. ) ;
#839 = LINE ( 'NONE', #2583, #787 ) ;
#840 = DIRECTION ( 'NONE',  ( 0.9678225067882718635, 0.000000000000000000, -0.2516338517649512330 ) ) ;
#841 = CARTESIAN_POINT ( 'NONE',  ( 20.00000000000000355, 0.000000000000000000, 75.49999999999992895 ) ) ;
#842 = FACE_OUTER_BOUND ( 'NONE', #2100, .T. ) ;
#843 = DIRECTION ( 'NONE',  ( 1.000000000000000000, 0.000000000000000000, -3.154042683594193641E-16 ) ) ;
#844 = ORIENTED_EDGE ( 'NONE', *, *, #1302, .T. ) ;
#845 = EDGE_CURVE ( 'NONE', #1453, #349, #2020, .T. ) ;
#846 = ORIENTED_EDGE ( 'NONE', *, *, #977, .F. ) ;
#847 = AXIS2_PLACEMENT_3D ( 'NONE', #3590, #892, #3168 ) ;
#848 = DIRECTION ( 'NONE',  ( -1.000000000000000000, -0.000000000000000000, -0.000000000000000000 ) ) ;
#849 = DIRECTION ( 'NONE',  ( 0.000000000000000000, 1.000000000000000000, 0.000000000000000000 ) ) ;
#850 = EDGE_CURVE ( 'NONE', #3453, #786, #14, .T. ) ;
#851 = EDGE_CURVE ( 'NONE', #4040, #3653, #2778, .T. ) ;
#852 = DIRECTION ( 'NONE',  ( 0.000000000000000000, 0.000000000000000000, 1.000000000000000000 ) ) ;
#853 = AXIS2_PLACEMENT_3D ( 'NONE', #3365, #3718, #1579 ) ;
#854 = VERTEX_POINT ( 'NONE', #3761 ) ;
#855 = AXIS2_PLACEMENT_3D ( 'NONE', #924, #566, #524 ) ;
#856 = DIRECTION ( 'NONE',  ( -0.000000000000000000, -0.000000000000000000, -1.000000000000000000 ) ) ;
#857 = AXIS2_PLACEMENT_3D ( 'NONE', #4353, #2693, #4396 ) ;
#858 = DIRECTION ( 'NONE',  ( 0.000000000000000000, 0.000000000000000000, -1.000000000000000000 ) ) ;
#859 = AXIS2_PLACEMENT_3D ( 'NONE', #1578, #2936, #2593 ) ;
#860 = VERTEX_POINT ( 'NONE', #3093 ) ;
#861 = ORIENTED_EDGE ( 'NONE', *, *, #25, .T. ) ;
#862 = VECTOR ( 'NONE', #3471, 1000.000000000000000 ) ;
#863 = DIRECTION ( 'NONE',  ( 0.000000000000000000, 0.000000000000000000, -1.000000000000000000 ) ) ;
#864 = CARTESIAN_POINT ( 'NONE',  ( 24.00000000000001421, -89.44271909999159220, 9.999999999999953815 ) ) ;
#865 = DIRECTION ( 'NONE',  ( -0.000000000000000000, -1.000000000000000000, -0.000000000000000000 ) ) ;
#866 = AXIS2_PLACEMENT_3D ( 'NONE', #2325, #3693, #309 ) ;
#867 = PLANE ( 'NONE',  #2766 ) ;
#868 = CARTESIAN_POINT ( 'NONE',  ( -75.00000000000000000, 0.000000000000000000, 9.999999999999953815 ) ) ;
#869 = ORIENTED_EDGE ( 'NONE', *, *, #129, .T. ) ;
#870 = EDGE_LOOP ( 'NONE', ( #2537, #221, #907, #715 ) ) ;
#871 = ORIENTED_EDGE ( 'NONE', *, *, #2604, .T. ) ;
#872 = EDGE_CURVE ( 'NONE', #2243, #4325, #2373, .T. ) ;
#873 = DIRECTION ( 'NONE',  ( -0.000000000000000000, -1.000000000000000000, -0.000000000000000000 ) ) ;
#874 = DIRECTION ( 'NONE',  ( 0.000000000000000000, 0.000000000000000000, 1.000000000000000000 ) ) ;
#875 = CARTESIAN_POINT ( 'NONE',  ( 55.50000000000003553, 5.000000000000000000, 102.9999999999999289 ) ) ;
#876 = ORIENTED_EDGE ( 'NONE', *, *, #427, .F. ) ;
#877 = CARTESIAN_POINT ( 'NONE',  ( 19.00000000000000355, 5.000000000000004441, -27.00000000000005329 ) ) ;
#878 = DIRECTION ( 'NONE',  ( -0.000000000000000000, 1.000000000000000000, -0.000000000000000000 ) ) ;
#879 = VERTEX_POINT ( 'NONE', #3113 ) ;
#880 = ORIENTED_EDGE ( 'NONE', *, *, #4300, .F. ) ;
#881 = DIRECTION ( 'NONE',  ( -0.000000000000000000, 1.000000000000000000, -0.000000000000000000 ) ) ;
#882 = DIRECTION ( 'NONE',  ( -0.000000000000000000, 1.000000000000000000, -0.000000000000000000 ) ) ;
#883 = CARTESIAN_POINT ( 'NONE',  ( 15.99999999999997868, -89.44271909999159220, 49.99999999999993605 ) ) ;
#884 = VECTOR ( 'NONE', #375, 1000.000000000000000 ) ;
#885 = CARTESIAN_POINT ( 'NONE',  ( 81.00000000000001421, 37.42339375865881834, -89.25000000000002842 ) ) ;
#886 = PLANE ( 'NONE',  #424 ) ;
#887 = ORIENTED_EDGE ( 'NONE', *, *, #2208, .T. ) ;
#888 = VERTEX_POINT ( 'NONE', #3741 ) ;
#889 = ORIENTED_EDGE ( 'NONE', *, *, #1308, .F. ) ;
#890 = CARTESIAN_POINT ( 'NONE',  ( 75.00000000000000000, 29.02648106157064234, -104.3506074618691457 ) ) ;
#891 = DIRECTION ( 'NONE',  ( 0.000000000000000000, 0.000000000000000000, 1.000000000000000000 ) ) ;
#892 = DIRECTION ( 'NONE',  ( 0.000000000000000000, 1.000000000000000000, 0.000000000000000000 ) ) ;
#893 = EDGE_LOOP ( 'NONE', ( #1339, #2428, #297, #2710 ) ) ;
#894 = DIRECTION ( 'NONE',  ( 0.000000000000000000, 0.000000000000000000, 1.000000000000000000 ) ) ;
#895 = DIRECTION ( 'NONE',  ( -0.000000000000000000, 1.000000000000000000, -0.000000000000000000 ) ) ;
#896 = ORIENTED_EDGE ( 'NONE', *, *, #660, .T. ) ;
#897 = ORIENTED_EDGE ( 'NONE', *, *, #2944, .F. ) ;
#898 = EDGE_CURVE ( 'NONE', #2739, #2646, #1666, .T. ) ;
#899 = FACE_BOUND ( 'NONE', #2380, .T. ) ;
#900 = DIRECTION ( 'NONE',  ( -0.000000000000000000, -1.000000000000000000, -0.000000000000000000 ) ) ;
#901 = EDGE_CURVE ( 'NONE', #1891, #2221, #819, .T. ) ;
#902 = EDGE_CURVE ( 'NONE', #183, #2746, #3434, .T. ) ;
#903 = EDGE_CURVE ( 'NONE', #1743, #860, #3455, .T. ) ;
#904 = DIRECTION ( 'NONE',  ( 0.000000000000000000, 1.000000000000000000, 0.000000000000000000 ) ) ;
#905 = DIRECTION ( 'NONE',  ( -0.000000000000000000, 0.000000000000000000, 1.000000000000000000 ) ) ;
#906 = ORIENTED_EDGE ( 'NONE', *, *, #2047, .F. ) ;
#907 = ORIENTED_EDGE ( 'NONE', *, *, #1720, .T. ) ;
#908 = EDGE_LOOP ( 'NONE', ( #2675, #2163, #3824, #2423 ) ) ;
#909 = DIRECTION ( 'NONE',  ( -0.000000000000000000, 1.000000000000000000, -0.000000000000000000 ) ) ;
#910 = DIRECTION ( 'NONE',  ( 0.000000000000000000, 1.000000000000000000, 0.000000000000000000 ) ) ;
#911 = CARTESIAN_POINT ( 'NONE',  ( 81.00000000000001421, 37.42339375865881124, -72.25000000000000000 ) ) ;
#912 = ORIENTED_EDGE ( 'NONE', *, *, #3210, .T. ) ;
#913 = DIRECTION ( 'NONE',  ( 0.000000000000000000, 0.000000000000000000, 1.000000000000000000 ) ) ;
#914 = CARTESIAN_POINT ( 'NONE',  ( 75.00000000000000000, 7.000000000000026645, -102.0000000000000142 ) ) ;
#915 = AXIS2_PLACEMENT_3D ( 'NONE', #2523, #784, #1463 ) ;
#916 = ORIENTED_EDGE ( 'NONE', *, *, #384, .T. ) ;
#917 = VECTOR ( 'NONE', #3219, 1000.000000000000000 ) ;
#918 = CARTESIAN_POINT ( 'NONE',  ( 24.00000000000002842, 0.000000000000000000, 43.49999999999992895 ) ) ;
#919 = ORIENTED_EDGE ( 'NONE', *, *, #2306, .F. ) ;
#920 = VECTOR ( 'NONE', #2259, 1000.000000000000000 ) ;
#921 = CARTESIAN_POINT ( 'NONE',  ( 119.0000000000000284, 10.57660624134118521, -89.24999999999998579 ) ) ;
#922 = CARTESIAN_POINT ( 'NONE',  ( 119.0000000000000284, 17.00000000000000000, -86.50000000000001421 ) ) ;
#923 = VECTOR ( 'NONE', #3411, 1000.000000000000000 ) ;
#924 = CARTESIAN_POINT ( 'NONE',  ( 79.00000000000001421, 0.000000000000000000, -62.00000000000000711 ) ) ;
#925 = EDGE_CURVE ( 'NONE', #3862, #4382, #3409, .T. ) ;
#926 = AXIS2_PLACEMENT_3D ( 'NONE', #3145, #400, #1797 ) ;
#927 = AXIS2_PLACEMENT_3D ( 'NONE', #1112, #2455, #3828 ) ;
#928 = VECTOR ( 'NONE', #747, 1000.000000000000000 ) ;
#929 = CIRCLE ( 'NONE', #3274, 1.500000000000001332 ) ;
#930 = FACE_OUTER_BOUND ( 'NONE', #2106, .T. ) ;
#931 = DIRECTION ( 'NONE',  ( 1.000000000000000000, 0.000000000000000000, 0.000000000000000000 ) ) ;
#932 = ORIENTED_EDGE ( 'NONE', *, *, #902, .T. ) ;
#933 = CARTESIAN_POINT ( 'NONE',  ( -75.00000000000001421, 37.42339375865881124, -72.25000000000000000 ) ) ;
#934 = ORIENTED_EDGE ( 'NONE', *, *, #3648, .F. ) ;
#935 = LINE ( 'NONE', #3634, #4088 ) ;
#936 = DIRECTION ( 'NONE',  ( -0.000000000000000000, 1.000000000000000000, -0.000000000000000000 ) ) ;
#937 = CARTESIAN_POINT ( 'NONE',  ( 81.00000000000001421, 0.000000000000000000, -62.00000000000002132 ) ) ;
#938 = ORIENTED_EDGE ( 'NONE', *, *, #3097, .T. ) ;
#939 = LINE ( 'NONE', #1954, #4158 ) ;
#940 = DIRECTION ( 'NONE',  ( 0.000000000000000000, 1.000000000000000000, 0.000000000000000000 ) ) ;
#941 = ORIENTED_EDGE ( 'NONE', *, *, #2337, .T. ) ;
#942 = EDGE_LOOP ( 'NONE', ( #3414, #2815, #2476, #3020 ) ) ;
#943 = FACE_BOUND ( 'NONE', #3858, .T. ) ;
#944 = FACE_OUTER_BOUND ( 'NONE', #1623, .T. ) ;
#945 = SURFACE_SIDE_STYLE ('',( #2953 ) ) ;
#946 = EDGE_CURVE ( 'NONE', #3516, #1472, #1398, .T. ) ;
#947 = VECTOR ( 'NONE', #88, 1000.000000000000000 ) ;
#948 = DIRECTION ( 'NONE',  ( -0.000000000000000000, -1.000000000000000000, -0.000000000000000000 ) ) ;
#949 = FACE_OUTER_BOUND ( 'NONE', #4253, .T. ) ;
#950 = AXIS2_PLACEMENT_3D ( 'NONE', #4349, #585, #2643 ) ;
#951 = EDGE_LOOP ( 'NONE', ( #1246, #4326 ) ) ;
#952 = CARTESIAN_POINT ( 'NONE',  ( 1.550000000000004263, 5.000000000000000000, -100.5000000000000000 ) ) ;
#953 = EDGE_LOOP ( 'NONE', ( #4077, #3001, #2053, #1309, #2819, #1230 ) ) ;
#954 = FACE_OUTER_BOUND ( 'NONE', #4045, .T. ) ;
#955 = VECTOR ( 'NONE', #1138, 1000.000000000000000 ) ;
#956 = CARTESIAN_POINT ( 'NONE',  ( 75.00000000000001421, 7.000000000000026645, -57.99999999999997868 ) ) ;
#957 = DIRECTION ( 'NONE',  ( 0.000000000000000000, 0.000000000000000000, -1.000000000000000000 ) ) ;
#958 = EDGE_CURVE ( 'NONE', #218, #6, #3812, .T. ) ;
#959 = EDGE_CURVE ( 'NONE', #2843, #4233, #317, .T. ) ;
#960 = EDGE_CURVE ( 'NONE', #1029, #4250, #4235, .T. ) ;
#961 = CIRCLE ( 'NONE', #4372, 1.549999999999995826 ) ;
#962 = VERTEX_POINT ( 'NONE', #3569 ) ;
#963 = DIRECTION ( 'NONE',  ( -1.000000000000000000, -0.000000000000000000, -0.000000000000000000 ) ) ;
#964 = CARTESIAN_POINT ( 'NONE',  ( 119.0000000000000284, 10.57660624134118521, -87.75000000000000000 ) ) ;
#965 = VERTEX_POINT ( 'NONE', #1197 ) ;
#966 = CARTESIAN_POINT ( 'NONE',  ( 140.0000000000000853, 21.20000000000000284, -51.16586884164576787 ) ) ;
#967 = LINE ( 'NONE', #2300, #313 ) ;
#968 = ORIENTED_EDGE ( 'NONE', *, *, #3288, .T. ) ;
#969 = FACE_OUTER_BOUND ( 'NONE', #270, .T. ) ;
#970 = CARTESIAN_POINT ( 'NONE',  ( -81.00000000000001421, 24.00000000000000000, -95.50000000000000000 ) ) ;
#971 = EDGE_LOOP ( 'NONE', ( #2131, #3494 ) ) ;
#972 = DIRECTION ( 'NONE',  ( -0.000000000000000000, -1.000000000000000000, -0.000000000000000000 ) ) ;
#973 = ORIENTED_EDGE ( 'NONE', *, *, #305, .T. ) ;
#974 = LINE ( 'NONE', #2368, #3017 ) ;
#975 = LINE ( 'NONE', #647, #1142 ) ;
#976 = CYLINDRICAL_SURFACE ( 'NONE', #853, 1.549999999999995826 ) ;
#977 = EDGE_CURVE ( 'NONE', #183, #383, #91, .T. ) ;
#978 = VERTEX_POINT ( 'NONE', #485 ) ;
#979 = DIRECTION ( 'NONE',  ( 0.000000000000000000, 0.000000000000000000, 1.000000000000000000 ) ) ;
#980 = EDGE_CURVE ( 'NONE', #3862, #1423, #2946, .T. ) ;
#981 = EDGE_CURVE ( 'NONE', #2073, #1891, #1159, .T. ) ;
#982 = CARTESIAN_POINT ( 'NONE',  ( -64.99999999999995737, 5.000000000000000000, -54.44999999999998153 ) ) ;
#983 = AXIS2_PLACEMENT_3D ( 'NONE', #3006, #224, #957 ) ;
#984 = ORIENTED_EDGE ( 'NONE', *, *, #165, .T. ) ;
#985 = CARTESIAN_POINT ( 'NONE',  ( -79.00000000000001421, 22.50000000000000000, -100.0000000000000000 ) ) ;
#986 = AXIS2_PLACEMENT_3D ( 'NONE', #3895, #147, #3561 ) ;
#987 = DIRECTION ( 'NONE',  ( 1.000000000000000000, 0.000000000000000000, 0.000000000000000000 ) ) ;
#988 = ORIENTED_EDGE ( 'NONE', *, *, #3352, .T. ) ;
#989 = ORIENTED_EDGE ( 'NONE', *, *, #672, .T. ) ;
#990 = AXIS2_PLACEMENT_3D ( 'NONE', #3877, #824, #1884 ) ;
#991 = AXIS2_PLACEMENT_3D ( 'NONE', #3901, #1818, #2531 ) ;
#992 = AXIS2_PLACEMENT_3D ( 'NONE', #116, #3909, #2856 ) ;
#993 = CARTESIAN_POINT ( 'NONE',  ( 77.00000000000001421, 0.000000000000000000, -58.00000000000000000 ) ) ;
#994 = ORIENTED_EDGE ( 'NONE', *, *, #826, .F. ) ;
#995 = CARTESIAN_POINT ( 'NONE',  ( 75.00000000000002842, 0.000000000000000000, 9.999999999999911182 ) ) ;
#996 = ORIENTED_EDGE ( 'NONE', *, *, #2471, .F. ) ;
#997 = CIRCLE ( 'NONE', #1565, 6.500000000000005329 ) ;
#998 = VECTOR ( 'NONE', #526, 1000.000000000000000 ) ;
#999 = CARTESIAN_POINT ( 'NONE',  ( -64.99999999999995737, 0.000000000000000000, -55.99999999999997868 ) ) ;
#1000 = FACE_BOUND ( 'NONE', #1846, .T. ) ;
#1001 = DIRECTION ( 'NONE',  ( 0.000000000000000000, 0.000000000000000000, -1.000000000000000000 ) ) ;
#1002 = AXIS2_PLACEMENT_3D ( 'NONE', #74, #1459, #2861 ) ;
#1003 = EDGE_LOOP ( 'NONE', ( #2113, #3173 ) ) ;
#1004 = EDGE_CURVE ( 'NONE', #1812, #2407, #2868, .T. ) ;
#1005 = CARTESIAN_POINT ( 'NONE',  ( -20.99999999999999645, 5.000000000000004441, -27.00000000000005329 ) ) ;
#1006 = CYLINDRICAL_SURFACE ( 'NONE', #2477, 1.500000000000001332 ) ;
#1007 = ORIENTED_EDGE ( 'NONE', *, *, #4104, .F. ) ;
#1008 = CYLINDRICAL_SURFACE ( 'NONE', #2841, 1.500000000000001332 ) ;
#1009 = CARTESIAN_POINT ( 'NONE',  ( 119.0000000000000284, 17.00000000000000000, -80.00000000000000000 ) ) ;
#1010 = ORIENTED_EDGE ( 'NONE', *, *, #1360, .T. ) ;
#1011 = ORIENTED_EDGE ( 'NONE', *, *, #4287, .T. ) ;
#1012 = LINE ( 'NONE', #306, #1284 ) ;
#1013 = ORIENTED_EDGE ( 'NONE', *, *, #980, .F. ) ;
#1014 = CARTESIAN_POINT ( 'NONE',  ( -26.00000000000000000, -89.44271909999159220, 44.99999999999992895 ) ) ;
#1015 = EDGE_LOOP ( 'NONE', ( #1446, #3520, #2293, #2504, #1231 ) ) ;
#1016 = DIRECTION ( 'NONE',  ( 0.000000000000000000, 0.000000000000000000, -1.000000000000000000 ) ) ;
#1017 = FACE_BOUND ( 'NONE', #2105, .T. ) ;
#1018 = VECTOR ( 'NONE', #1998, 1000.000000000000000 ) ;
#1019 = CARTESIAN_POINT ( 'NONE',  ( -81.00000000000001421, 10.57660624134118521, -87.75000000000000000 ) ) ;
#1020 = ORIENTED_EDGE ( 'NONE', *, *, #2047, .T. ) ;
#1021 = CIRCLE ( 'NONE', #673, 1.500000000000001332 ) ;
#1022 = CARTESIAN_POINT ( 'NONE',  ( 45.59999999999999432, -16.20000000000000284, 34.49999999999993605 ) ) ;
#1023 = CYLINDRICAL_SURFACE ( 'NONE', #3486, 1.500000000000004885 ) ;
#1024 = AXIS2_PLACEMENT_3D ( 'NONE', #197, #1259, #2935 ) ;
#1025 = VERTEX_POINT ( 'NONE', #420 ) ;
#1026 = DIRECTION ( 'NONE',  ( -1.000000000000000000, -0.000000000000000000, -0.000000000000000000 ) ) ;
#1027 = DIRECTION ( 'NONE',  ( -0.000000000000000000, 1.000000000000000000, -0.000000000000000000 ) ) ;
#1028 = ORIENTED_EDGE ( 'NONE', *, *, #3931, .T. ) ;
#1029 = VERTEX_POINT ( 'NONE', #2154 ) ;
#1030 = EDGE_CURVE ( 'NONE', #1573, #1835, #2158, .T. ) ;
#1031 = CARTESIAN_POINT ( 'NONE',  ( -1.549999999999995604, 0.000000000000000000, -100.5000000000000000 ) ) ;
#1032 = ADVANCED_FACE ( 'NONE', ( #177 ), #3504, .F. ) ;
#1033 = EDGE_CURVE ( 'NONE', #2610, #624, #447, .T. ) ;
#1034 = CARTESIAN_POINT ( 'NONE',  ( 140.0000000000000853, 22.50000000000000000, -100.0000000000000000 ) ) ;
#1035 = EDGE_CURVE ( 'NONE', #2636, #1794, #127, .T. ) ;
#1036 = ORIENTED_EDGE ( 'NONE', *, *, #1382, .F. ) ;
#1037 = DIRECTION ( 'NONE',  ( 0.000000000000000000, 0.000000000000000000, -1.000000000000000000 ) ) ;
#1038 = ORIENTED_EDGE ( 'NONE', *, *, #4101, .F. ) ;
#1039 = DIRECTION ( 'NONE',  ( 0.000000000000000000, 0.000000000000000000, -1.000000000000000000 ) ) ;
#1040 = FACE_BOUND ( 'NONE', #4071, .T. ) ;
#1041 = CARTESIAN_POINT ( 'NONE',  ( -75.00000000000001421, 0.000000000000000000, -103.0000000000000142 ) ) ;
#1042 = ORIENTED_EDGE ( 'NONE', *, *, #2253, .T. ) ;
#1043 = PRODUCT ( 'X3_plus_bottom_plate_modified', 'X3_plus_bottom_plate_modified', '', ( #4215 ) ) ;
#1044 = CARTESIAN_POINT ( 'NONE',  ( -81.00000000000001421, 5.000000000000000000, -62.00000000000002132 ) ) ;
#1045 = DIRECTION ( 'NONE',  ( 0.000000000000000000, 1.000000000000000000, 0.000000000000000000 ) ) ;
#1046 = DIRECTION ( 'NONE',  ( 0.000000000000000000, 0.000000000000000000, 1.000000000000000000 ) ) ;
#1047 = DIRECTION ( 'NONE',  ( -0.000000000000000000, -1.000000000000000000, -0.000000000000000000 ) ) ;
#1048 = ORIENTED_EDGE ( 'NONE', *, *, #615, .F. ) ;
#1049 = CYLINDRICAL_SURFACE ( 'NONE', #3772, 1.500000000000001332 ) ;
#1050 = DIRECTION ( 'NONE',  ( 0.000000000000000000, -1.000000000000000000, 0.000000000000000000 ) ) ;
#1051 = ORIENTED_EDGE ( 'NONE', *, *, #4146, .T. ) ;
#1052 = EDGE_LOOP ( 'NONE', ( #1885, #1092, #1371, #3320 ) ) ;
#1053 = EDGE_CURVE ( 'NONE', #1334, #561, #2303, .T. ) ;
#1054 = CIRCLE ( 'NONE', #3549, 1.500000000000004885 ) ;
#1055 = EDGE_CURVE ( 'NONE', #2546, #4305, #830, .T. ) ;
#1056 = DIRECTION ( 'NONE',  ( 0.000000000000000000, 1.000000000000000000, 0.000000000000000000 ) ) ;
#1057 = VECTOR ( 'NONE', #1089, 1000.000000000000000 ) ;
#1058 = PRESENTATION_LAYER_ASSIGNMENT (  '', '', ( #4334 ) ) ;
#1059 = ORIENTED_EDGE ( 'NONE', *, *, #2148, .F. ) ;
#1060 = CARTESIAN_POINT ( 'NONE',  ( 77.00000000000005684, 22.50000000000000711, -60.00000000000001421 ) ) ;
#1061 = EDGE_LOOP ( 'NONE', ( #4317, #2354, #1604, #3420 ) ) ;
#1062 = AXIS2_PLACEMENT_3D ( 'NONE', #4337, #2955, #3626 ) ;
#1063 = CARTESIAN_POINT ( 'NONE',  ( 16.00000000000000000, 0.000000000000000000, -27.00000000000006395 ) ) ;
#1064 = DIRECTION ( 'NONE',  ( -0.000000000000000000, -1.000000000000000000, -0.000000000000000000 ) ) ;
#1065 = CIRCLE ( 'NONE', #2270, 1.499999999999987566 ) ;
#1066 = CARTESIAN_POINT ( 'NONE',  ( 119.0000000000000284, 10.57660624134121363, -72.24999999999998579 ) ) ;
#1067 = EDGE_LOOP ( 'NONE', ( #4028, #1989, #3740, #2091 ) ) ;
#1068 = ORIENTED_EDGE ( 'NONE', *, *, #1228, .F. ) ;
#1069 = CIRCLE ( 'NONE', #1209, 6.500000000000005329 ) ;
#1070 = DIRECTION ( 'NONE',  ( -0.000000000000000000, -1.000000000000000000, -0.000000000000000000 ) ) ;
#1071 = CARTESIAN_POINT ( 'NONE',  ( 79.00000000000001421, 0.000000000000000000, -98.00000000000000000 ) ) ;
#1072 = CARTESIAN_POINT ( 'NONE',  ( -81.00000000000001421, 10.57660624134118521, -87.75000000000000000 ) ) ;
#1073 = AXIS2_PLACEMENT_3D ( 'NONE', #168, #1171, #1524 ) ;
#1074 = DIRECTION ( 'NONE',  ( 0.000000000000000000, 0.000000000000000000, 1.000000000000000000 ) ) ;
#1075 = CIRCLE ( 'NONE', #1482, 2.000000000000001776 ) ;
#1076 = EDGE_LOOP ( 'NONE', ( #2361, #897, #4361, #1158 ) ) ;
#1077 = FACE_OUTER_BOUND ( 'NONE', #1583, .T. ) ;
#1078 = CARTESIAN_POINT ( 'NONE',  ( -75.00000000000001421, 7.000000000000026645, -102.0000000000000142 ) ) ;
#1079 = ORIENTED_EDGE ( 'NONE', *, *, #1838, .T. ) ;
#1080 = ADVANCED_FACE ( 'NONE', ( #2176 ), #1840, .F. ) ;
#1081 = CARTESIAN_POINT ( 'NONE',  ( 75.00000000000002842, 5.000000000000000000, 9.999999999999911182 ) ) ;
#1082 = ADVANCED_FACE ( 'NONE', ( #152 ), #4188, .T. ) ;
#1083 = CARTESIAN_POINT ( 'NONE',  ( 75.00000000000001421, 5.000000000000000000, -57.99999999999998579 ) ) ;
#1084 = ORIENTED_EDGE ( 'NONE', *, *, #248, .T. ) ;
#1085 = FACE_BOUND ( 'NONE', #239, .T. ) ;
#1086 = ORIENTED_EDGE ( 'NONE', *, *, #476, .T. ) ;
#1087 = FACE_OUTER_BOUND ( 'NONE', #1305, .T. ) ;
#1088 = PLANE ( 'NONE',  #2202 ) ;
#1089 = DIRECTION ( 'NONE',  ( -0.000000000000000000, 1.000000000000000000, -0.000000000000000000 ) ) ;
#1090 = ORIENTED_EDGE ( 'NONE', *, *, #4243, .F. ) ;
#1091 = ORIENTED_EDGE ( 'NONE', *, *, #189, .F. ) ;
#1092 = ORIENTED_EDGE ( 'NONE', *, *, #4048, .T. ) ;
#1093 = DIRECTION ( 'NONE',  ( 1.000000000000000000, 0.000000000000000000, 0.000000000000000000 ) ) ;
#1094 = VECTOR ( 'NONE', #1608, 1000.000000000000000 ) ;
#1095 = DIRECTION ( 'NONE',  ( -0.000000000000000000, 1.000000000000000000, -0.000000000000000000 ) ) ;
#1096 = DIRECTION ( 'NONE',  ( -1.000000000000000000, 0.000000000000000000, 0.000000000000000000 ) ) ;
#1097 = EDGE_CURVE ( 'NONE', #446, #682, #4256, .T. ) ;
#1098 = EDGE_CURVE ( 'NONE', #483, #410, #1311, .T. ) ;
#1099 = DIRECTION ( 'NONE',  ( -1.000000000000000000, -0.000000000000000000, -0.000000000000000000 ) ) ;
#1100 = ADVANCED_FACE ( 'NONE', ( #1448 ), #2799, .F. ) ;
#1101 = CIRCLE ( 'NONE', #3588, 2.599999999999984102 ) ;
#1102 = ORIENTED_EDGE ( 'NONE', *, *, #4104, .T. ) ;
#1103 = FACE_OUTER_BOUND ( 'NONE', #2035, .T. ) ;
#1104 = CARTESIAN_POINT ( 'NONE',  ( 75.00000000000000000, 45.00000000000000000, -86.50000000000001421 ) ) ;
#1105 = AXIS2_PLACEMENT_3D ( 'NONE', #2290, #4364, #2979 ) ;
#1106 = ORIENTED_EDGE ( 'NONE', *, *, #2988, .F. ) ;
#1107 = DIRECTION ( 'NONE',  ( -1.000000000000000000, -0.000000000000000000, -0.000000000000000000 ) ) ;
#1108 = ORIENTED_EDGE ( 'NONE', *, *, #4193, .F. ) ;
#1109 = DIRECTION ( 'NONE',  ( -1.000000000000000000, 0.000000000000000000, 0.000000000000000000 ) ) ;
#1110 = EDGE_LOOP ( 'NONE', ( #86, #3084, #404, #1533 ) ) ;
#1111 = DIRECTION ( 'NONE',  ( 0.000000000000000000, 0.000000000000000000, 1.000000000000000000 ) ) ;
#1112 = CARTESIAN_POINT ( 'NONE',  ( 119.0000000000000284, 24.00000000000000000, -95.50000000000000000 ) ) ;
#1113 = CARTESIAN_POINT ( 'NONE',  ( -45.49999999999997868, -5.000000000000000000, 93.44999999999993179 ) ) ;
#1114 = ORIENTED_EDGE ( 'NONE', *, *, #3568, .T. ) ;
#1115 = ORIENTED_EDGE ( 'NONE', *, *, #829, .T. ) ;
#1116 = VERTEX_POINT ( 'NONE', #2460 ) ;
#1117 = DIRECTION ( 'NONE',  ( 0.000000000000000000, 0.000000000000000000, 1.000000000000000000 ) ) ;
#1118 = DIRECTION ( 'NONE',  ( 1.000000000000000000, 0.000000000000000000, 0.000000000000000000 ) ) ;
#1119 = DIRECTION ( 'NONE',  ( 0.000000000000000000, 0.000000000000000000, 1.000000000000000000 ) ) ;
#1120 = EDGE_CURVE ( 'NONE', #3751, #2679, #459, .T. ) ;
#1121 = LINE ( 'NONE', #2463, #53 ) ;
#1122 = ORIENTED_EDGE ( 'NONE', *, *, #3873, .F. ) ;
#1123 = ADVANCED_FACE ( 'NONE', ( #3335 ), #3610, .F. ) ;
#1124 = LINE ( 'NONE', #3250, #3358 ) ;
#1125 = CARTESIAN_POINT ( 'NONE',  ( 15.99999999999997868, 0.000000000000000000, -30.00000000000006750 ) ) ;
#1126 = EDGE_LOOP ( 'NONE', ( #3642, #4185 ) ) ;
#1127 = CARTESIAN_POINT ( 'NONE',  ( -75.00000000000000000, 5.000000000000000000, 9.999999999999953815 ) ) ;
#1128 = ORIENTED_EDGE ( 'NONE', *, *, #492, .T. ) ;
#1129 = FACE_BOUND ( 'NONE', #3162, .T. ) ;
#1130 = ORIENTED_EDGE ( 'NONE', *, *, #3933, .T. ) ;
#1131 = AXIS2_PLACEMENT_3D ( 'NONE', #806, #3160, #122 ) ;
#1132 = CARTESIAN_POINT ( 'NONE',  ( -1.549999999999994049, 5.000000000000000000, -95.50000000000000000 ) ) ;
#1133 = CARTESIAN_POINT ( 'NONE',  ( 79.00000000000000000, 0.000000000000000000, -100.0000000000000000 ) ) ;
#1134 = VERTEX_POINT ( 'NONE', #621 ) ;
#1135 = ORIENTED_EDGE ( 'NONE', *, *, #46, .T. ) ;
#1136 = AXIS2_PLACEMENT_3D ( 'NONE', #1474, #1826, #3936 ) ;
#1137 = CIRCLE ( 'NONE', #991, 6.500000000000005329 ) ;
#1138 = DIRECTION ( 'NONE',  ( -0.000000000000000000, 1.000000000000000000, -0.000000000000000000 ) ) ;
#1139 = CARTESIAN_POINT ( 'NONE',  ( 119.0000000000000284, 37.42339375865881124, -72.25000000000000000 ) ) ;
#1140 = CARTESIAN_POINT ( 'NONE',  ( -81.00000000000001421, 10.57660624134121363, -73.74999999999997158 ) ) ;
#1141 = ADVANCED_FACE ( 'NONE', ( #2661 ), #2613, .F. ) ;
#1142 = VECTOR ( 'NONE', #3611, 1000.000000000000000 ) ;
#1143 = ORIENTED_EDGE ( 'NONE', *, *, #3133, .T. ) ;
#1144 = DIRECTION ( 'NONE',  ( -3.854941057726234153E-16, 0.000000000000000000, 1.000000000000000000 ) ) ;
#1145 = AXIS2_PLACEMENT_3D ( 'NONE', #1828, #1153, #753 ) ;
#1146 = DIRECTION ( 'NONE',  ( 0.000000000000000000, -1.000000000000000000, 0.000000000000000000 ) ) ;
#1147 = VECTOR ( 'NONE', #1787, 1000.000000000000000 ) ;
#1148 = ORIENTED_EDGE ( 'NONE', *, *, #4008, .F. ) ;
#1149 = DIRECTION ( 'NONE',  ( -1.000000000000000000, -0.000000000000000000, -0.000000000000000000 ) ) ;
#1150 = CARTESIAN_POINT ( 'NONE',  ( 24.00000000000001421, 0.000000000000000000, -25.00000000000006395 ) ) ;
#1151 = CARTESIAN_POINT ( 'NONE',  ( 79.00000000000001421, 5.000000000000000000, -62.00000000000000711 ) ) ;
#1152 = ADVANCED_FACE ( 'NONE', ( #3587 ), #580, .T. ) ;
#1153 = DIRECTION ( 'NONE',  ( -1.000000000000000000, 0.000000000000000000, 0.000000000000000000 ) ) ;
#1154 = DIRECTION ( 'NONE',  ( -1.000000000000000000, -0.000000000000000000, -0.000000000000000000 ) ) ;
#1155 = VERTEX_POINT ( 'NONE', #240 ) ;
#1156 = CARTESIAN_POINT ( 'NONE',  ( 79.23329683243157717, 23.23870726749187199, -99.98720549552022874 ) ) ;
#1157 = DIRECTION ( 'NONE',  ( 1.000000000000000000, 0.000000000000000000, 0.000000000000000000 ) ) ;
#1158 = ORIENTED_EDGE ( 'NONE', *, *, #1308, .T. ) ;
#1159 = LINE ( 'NONE', #1776, #3663 ) ;
#1160 = FACE_OUTER_BOUND ( 'NONE', #1269, .T. ) ;
#1161 = DIRECTION ( 'NONE',  ( -1.000000000000000000, -0.000000000000000000, -0.000000000000000000 ) ) ;
#1162 = ORIENTED_EDGE ( 'NONE', *, *, #2737, .F. ) ;
#1163 = LINE ( 'NONE', #834, #2203 ) ;
#1164 = CARTESIAN_POINT ( 'NONE',  ( 119.0000000000000284, 31.00000000000000000, -86.50000000000001421 ) ) ;
#1165 = VERTEX_POINT ( 'NONE', #1243 ) ;
#1166 = VERTEX_POINT ( 'NONE', #552 ) ;
#1167 = CARTESIAN_POINT ( 'NONE',  ( -81.00000000000001421, 30.51492527533766363, -61.65958325724744782 ) ) ;
#1168 = CIRCLE ( 'NONE', #3444, 1.500000000000001332 ) ;
#1169 = CARTESIAN_POINT ( 'NONE',  ( 5.746638708345982787E-15, -5.000000000000000000, -93.95000000000000284 ) ) ;
#1170 = EDGE_CURVE ( 'NONE', #3467, #99, #935, .T. ) ;
#1171 = DIRECTION ( 'NONE',  ( -1.000000000000000000, 0.000000000000000000, 0.000000000000000000 ) ) ;
#1172 = EDGE_CURVE ( 'NONE', #2004, #3854, #1888, .T. ) ;
#1173 = EDGE_CURVE ( 'NONE', #482, #786, #222, .T. ) ;
#1174 = CARTESIAN_POINT ( 'NONE',  ( 79.29125846016940216, 23.42295467252659336, -99.97954260152707207 ) ) ;
#1175 = CARTESIAN_POINT ( 'NONE',  ( 24.00000000000001421, 5.000000000000004441, 11.49999999999995737 ) ) ;
#1176 = ORIENTED_EDGE ( 'NONE', *, *, #3628, .T. ) ;
#1177 = VERTEX_POINT ( 'NONE', #3945 ) ;
#1178 = ORIENTED_EDGE ( 'NONE', *, *, #3348, .F. ) ;
#1179 = CARTESIAN_POINT ( 'NONE',  ( -25.99999999999999645, 0.000000000000000000, -25.00000000000006395 ) ) ;
#1180 = DIRECTION ( 'NONE',  ( 0.000000000000000000, -0.000000000000000000, 1.000000000000000000 ) ) ;
#1181 = LINE ( 'NONE', #2510, #2828 ) ;
#1182 = VERTEX_POINT ( 'NONE', #3675 ) ;
#1183 = PLANE ( 'NONE',  #4204 ) ;
#1184 = CARTESIAN_POINT ( 'NONE',  ( 81.00000000000001421, 10.57660624134121363, -72.24999999999998579 ) ) ;
#1185 = ORIENTED_EDGE ( 'NONE', *, *, #1361, .T. ) ;
#1186 = ORIENTED_EDGE ( 'NONE', *, *, #2205, .T. ) ;
#1187 = DIRECTION ( 'NONE',  ( -0.000000000000000000, -1.000000000000000000, -0.000000000000000000 ) ) ;
#1188 = FACE_OUTER_BOUND ( 'NONE', #3110, .T. ) ;
#1189 = CYLINDRICAL_SURFACE ( 'NONE', #1544, 1.499999999999987566 ) ;
#1190 = ADVANCED_FACE ( 'NONE', ( #3246 ), #1949, .F. ) ;
#1191 = DIRECTION ( 'NONE',  ( 0.000000000000000000, 0.000000000000000000, -1.000000000000000000 ) ) ;
#1192 = LINE ( 'NONE', #528, #2335 ) ;
#1193 = ORIENTED_EDGE ( 'NONE', *, *, #2630, .F. ) ;
#1194 = DIRECTION ( 'NONE',  ( 0.000000000000000000, 0.000000000000000000, -1.000000000000000000 ) ) ;
#1195 = ORIENTED_EDGE ( 'NONE', *, *, #2050, .T. ) ;
#1196 = AXIS2_PLACEMENT_3D ( 'NONE', #1821, #3926, #1488 ) ;
#1197 = CARTESIAN_POINT ( 'NONE',  ( -81.00000000000001421, 24.00000000000000355, -66.00000000000000000 ) ) ;
#1198 = DIRECTION ( 'NONE',  ( 1.000000000000000000, 0.000000000000000000, 0.000000000000000000 ) ) ;
#1199 = CYLINDRICAL_SURFACE ( 'NONE', #3341, 1.500000000000001332 ) ;
#1200 = CARTESIAN_POINT ( 'NONE',  ( 75.00000000000000000, 7.000000000000026645, -102.0000000000000142 ) ) ;
#1201 = AXIS2_PLACEMENT_3D ( 'NONE', #3991, #2353, #583 ) ;
#1202 = ORIENTED_EDGE ( 'NONE', *, *, #3190, .F. ) ;
#1203 = DIRECTION ( 'NONE',  ( 0.000000000000000000, 0.000000000000000000, 1.000000000000000000 ) ) ;
#1204 = VECTOR ( 'NONE', #2499, 1000.000000000000000 ) ;
#1205 = CARTESIAN_POINT ( 'NONE',  ( -79.23329683243157717, 23.23870726749186488, -99.98720549552022874 ) ) ;
#1206 = CIRCLE ( 'NONE', #1341, 1.549999999999995826 ) ;
#1207 = ORIENTED_EDGE ( 'NONE', *, *, #3875, .F. ) ;
#1208 = EDGE_LOOP ( 'NONE', ( #3028, #3508, #3063, #2753 ) ) ;
#1209 = AXIS2_PLACEMENT_3D ( 'NONE', #3138, #442, #97 ) ;
#1210 = CARTESIAN_POINT ( 'NONE',  ( 24.00000000000001421, 5.000000000000004441, 8.499999999999948486 ) ) ;
#1211 = DIRECTION ( 'NONE',  ( 0.000000000000000000, 0.000000000000000000, 1.000000000000000000 ) ) ;
#1212 = CARTESIAN_POINT ( 'NONE',  ( -17.99999999999996803, 5.000000000000000000, 49.99999999999993605 ) ) ;
#1213 = VECTOR ( 'NONE', #328, 1000.000000000000000 ) ;
#1214 = EDGE_CURVE ( 'NONE', #888, #3607, #749, .T. ) ;
#1215 = DIRECTION ( 'NONE',  ( 1.000000000000000000, 0.000000000000000000, 0.000000000000000000 ) ) ;
#1216 = CARTESIAN_POINT ( 'NONE',  ( 64.99999999999998579, 5.000000000000000000, -56.00000000000000711 ) ) ;
#1217 = EDGE_LOOP ( 'NONE', ( #2000, #2776, #4198, #1790, #1195, #2855 ) ) ;
#1218 = ORIENTED_EDGE ( 'NONE', *, *, #925, .F. ) ;
#1219 = ORIENTED_EDGE ( 'NONE', *, *, #3681, .T. ) ;
#1220 = DIRECTION ( 'NONE',  ( 0.000000000000000000, 0.000000000000000000, -1.000000000000000000 ) ) ;
#1221 = DIRECTION ( 'NONE',  ( -1.000000000000000000, 0.000000000000000000, -0.000000000000000000 ) ) ;
#1222 = FACE_OUTER_BOUND ( 'NONE', #1067, .T. ) ;
#1223 = ORIENTED_EDGE ( 'NONE', *, *, #3512, .F. ) ;
#1224 = DIRECTION ( 'NONE',  ( 0.000000000000000000, 0.000000000000000000, 1.000000000000000000 ) ) ;
#1225 = EDGE_CURVE ( 'NONE', #3845, #483, #1968, .T. ) ;
#1226 = EDGE_CURVE ( 'NONE', #4378, #355, #534, .T. ) ;
#1227 = CARTESIAN_POINT ( 'NONE',  ( -79.05809986186207539, 22.68372827054094287, -100.0000000000000000 ) ) ;
#1228 = EDGE_CURVE ( 'NONE', #114, #575, #3446, .T. ) ;
#1229 = ADVANCED_FACE ( 'NONE', ( #2915 ), #3291, .F. ) ;
#1230 = ORIENTED_EDGE ( 'NONE', *, *, #4221, .F. ) ;
#1231 = ORIENTED_EDGE ( 'NONE', *, *, #1097, .T. ) ;
#1232 = DIRECTION ( 'NONE',  ( 1.000000000000000000, -0.000000000000000000, -0.000000000000000000 ) ) ;
#1233 = DIRECTION ( 'NONE',  ( 1.652117596168387756E-16, -0.000000000000000000, 1.000000000000000000 ) ) ;
#1234 = VECTOR ( 'NONE', #558, 1000.000000000000000 ) ;
#1235 = CARTESIAN_POINT ( 'NONE',  ( 24.00000000000001421, -89.44271909999159220, 11.49999999999995737 ) ) ;
#1236 = VECTOR ( 'NONE', #2986, 1000.000000000000000 ) ;
#1237 = CARTESIAN_POINT ( 'NONE',  ( 79.00000000000001421, 22.50000000000000711, -60.00000000000000711 ) ) ;
#1238 = VECTOR ( 'NONE', #3579, 1000.000000000000000 ) ;
#1239 = DIRECTION ( 'NONE',  ( -0.000000000000000000, 0.000000000000000000, 1.000000000000000000 ) ) ;
#1240 = EDGE_LOOP ( 'NONE', ( #3192, #3706, #2400, #2139 ) ) ;
#1241 = CARTESIAN_POINT ( 'NONE',  ( 24.00000000000001421, 5.000000000000004441, 9.999999999999953815 ) ) ;
#1242 = ORIENTED_EDGE ( 'NONE', *, *, #2805, .F. ) ;
#1243 = CARTESIAN_POINT ( 'NONE',  ( 72.99999999999998579, 0.000000000000000000, -105.0000000000000142 ) ) ;
#1244 = DIRECTION ( 'NONE',  ( 0.000000000000000000, 0.000000000000000000, -1.000000000000000000 ) ) ;
#1245 = DIRECTION ( 'NONE',  ( -0.000000000000000000, 1.000000000000000000, -0.000000000000000000 ) ) ;
#1246 = ORIENTED_EDGE ( 'NONE', *, *, #3543, .T. ) ;
#1247 = EDGE_CURVE ( 'NONE', #2225, #412, #4234, .T. ) ;
#1248 = CARTESIAN_POINT ( 'NONE',  ( 81.00000000000001421, 17.00000000000000000, -73.50000000000000000 ) ) ;
#1249 = CYLINDRICAL_SURFACE ( 'NONE', #3295, 6.500000000000005329 ) ;
#1250 = ORIENTED_EDGE ( 'NONE', *, *, #4082, .F. ) ;
#1251 = EDGE_LOOP ( 'NONE', ( #148, #1967, #3758, #1317, #1242, #3973 ) ) ;
#1252 = CARTESIAN_POINT ( 'NONE',  ( -81.00000000000001421, 24.00000000000000355, -64.50000000000000000 ) ) ;
#1253 = DIRECTION ( 'NONE',  ( 0.000000000000000000, 0.000000000000000000, 1.000000000000000000 ) ) ;
#1254 = CARTESIAN_POINT ( 'NONE',  ( -20.00000000000001066, 0.000000000000000000, 93.49999999999991473 ) ) ;
#1255 = FACE_OUTER_BOUND ( 'NONE', #728, .T. ) ;
#1256 = ORIENTED_EDGE ( 'NONE', *, *, #4059, .F. ) ;
#1257 = LINE ( 'NONE', #1575, #649 ) ;
#1258 = ORIENTED_EDGE ( 'NONE', *, *, #1684, .F. ) ;
#1259 = DIRECTION ( 'NONE',  ( -1.000000000000000000, -0.000000000000000000, -0.000000000000000000 ) ) ;
#1260 = CARTESIAN_POINT ( 'NONE',  ( -64.99999999999995737, 5.000000000000000000, -55.99999999999997868 ) ) ;
#1261 = CARTESIAN_POINT ( 'NONE',  ( 75.00000000000001421, 17.00000000000000000, -73.50000000000000000 ) ) ;
#1262 = EDGE_CURVE ( 'NONE', #470, #3751, #1290, .T. ) ;
#1263 = ORIENTED_EDGE ( 'NONE', *, *, #981, .F. ) ;
#1264 = VECTOR ( 'NONE', #1554, 1000.000000000000000 ) ;
#1265 = CYLINDRICAL_SURFACE ( 'NONE', #2717, 6.500000000000005329 ) ;
#1266 = DIRECTION ( 'NONE',  ( -1.000000000000000000, 0.000000000000000000, -0.000000000000000000 ) ) ;
#1267 = EDGE_CURVE ( 'NONE', #4213, #1928, #2639, .T. ) ;
#1268 = CIRCLE ( 'NONE', #2264, 2.000000000000001776 ) ;
#1269 = EDGE_LOOP ( 'NONE', ( #1971, #3232, #1887, #4368 ) ) ;
#1270 = AXIS2_PLACEMENT_3D ( 'NONE', #993, #3394, #1367 ) ;
#1271 = ORIENTED_EDGE ( 'NONE', *, *, #3971, .T. ) ;
#1272 = AXIS2_PLACEMENT_3D ( 'NONE', #3254, #818, #2165 ) ;
#1273 = DIRECTION ( 'NONE',  ( 0.000000000000000000, 0.000000000000000000, 1.000000000000000000 ) ) ;
#1274 = PLANE ( 'NONE',  #454 ) ;
#1275 = VECTOR ( 'NONE', #2870, 1000.000000000000000 ) ;
#1276 = FACE_OUTER_BOUND ( 'NONE', #772, .T. ) ;
#1277 = AXIS2_PLACEMENT_3D ( 'NONE', #1449, #1095, #3456 ) ;
#1278 = CIRCLE ( 'NONE', #3638, 1.500000000000004885 ) ;
#1279 = VECTOR ( 'NONE', #948, 1000.000000000000000 ) ;
#1280 = ADVANCED_FACE ( 'NONE', ( #954 ), #2328, .F. ) ;
#1281 = EDGE_CURVE ( 'NONE', #1691, #2990, #821, .T. ) ;
#1282 = CIRCLE ( 'NONE', #570, 1.500000000000001332 ) ;
#1283 = DIRECTION ( 'NONE',  ( -1.000000000000000000, -0.000000000000000000, -0.000000000000000000 ) ) ;
#1284 = VECTOR ( 'NONE', #1390, 1000.000000000000000 ) ;
#1285 = EDGE_CURVE ( 'NONE', #1564, #1165, #2351, .T. ) ;
#1286 = CARTESIAN_POINT ( 'NONE',  ( -79.46401568556910888, 23.97499975049370136, -60.05105897510917146 ) ) ;
#1287 = ORIENTED_EDGE ( 'NONE', *, *, #4062, .T. ) ;
#1288 = CARTESIAN_POINT ( 'NONE',  ( 24.00000000000001421, 0.000000000000000000, 9.999999999999953815 ) ) ;
#1289 = VERTEX_POINT ( 'NONE', #1746 ) ;
#1290 = LINE ( 'NONE', #2572, #2584 ) ;
#1291 = CARTESIAN_POINT ( 'NONE',  ( 43.00000000000000711, 0.000000000000000000, 34.49999999999993605 ) ) ;
#1292 = CARTESIAN_POINT ( 'NONE',  ( 75.00000000000001421, 10.57660624134118521, -87.75000000000000000 ) ) ;
#1293 = ORIENTED_EDGE ( 'NONE', *, *, #3071, .F. ) ;
#1294 = DIRECTION ( 'NONE',  ( 0.000000000000000000, 0.000000000000000000, -1.000000000000000000 ) ) ;
#1295 = FACE_OUTER_BOUND ( 'NONE', #2296, .T. ) ;
#1296 = ORIENTED_EDGE ( 'NONE', *, *, #3357, .F. ) ;
#1297 = DIRECTION ( 'NONE',  ( -1.000000000000000000, -0.000000000000000000, -0.000000000000000000 ) ) ;
#1298 = FACE_OUTER_BOUND ( 'NONE', #893, .T. ) ;
#1299 = ORIENTED_EDGE ( 'NONE', *, *, #2802, .F. ) ;
#1300 = CARTESIAN_POINT ( 'NONE',  ( -81.00000000000001421, 24.00000000000000355, -63.00000000000000000 ) ) ;
#1301 = AXIS2_PLACEMENT_3D ( 'NONE', #3123, #1363, #2425 ) ;
#1302 = EDGE_CURVE ( 'NONE', #1937, #1289, #2413, .T. ) ;
#1303 = CARTESIAN_POINT ( 'NONE',  ( -73.00000000000001421, 5.000000000000000000, -103.0000000000000142 ) ) ;
#1304 = AXIS2_PLACEMENT_3D ( 'NONE', #3297, #3367, #913 ) ;
#1305 = EDGE_LOOP ( 'NONE', ( #2045, #919, #3268, #2931 ) ) ;
#1306 = CARTESIAN_POINT ( 'NONE',  ( -75.00000000000001421, 22.20568695965746642, -57.99999999999997868 ) ) ;
#1307 = ADVANCED_FACE ( 'NONE', ( #1418 ), #2079, .F. ) ;
#1308 = EDGE_CURVE ( 'NONE', #3316, #965, #3800, .T. ) ;
#1309 = ORIENTED_EDGE ( 'NONE', *, *, #3118, .T. ) ;
#1310 = CARTESIAN_POINT ( 'NONE',  ( 64.99999999999998579, -5.000000000000000000, -56.00000000000000711 ) ) ;
#1311 = CIRCLE ( 'NONE', #2951, 2.000000000000001776 ) ;
#1312 = LINE ( 'NONE', #223, #2127 ) ;
#1313 = CARTESIAN_POINT ( 'NONE',  ( -17.99999999999996803, -89.44271909999159220, 49.99999999999993605 ) ) ;
#1314 = VERTEX_POINT ( 'NONE', #331 ) ;
#1315 = CARTESIAN_POINT ( 'NONE',  ( -45.49999999999997868, 0.000000000000000000, 96.54999999999992610 ) ) ;
#1316 = DIRECTION ( 'NONE',  ( 0.000000000000000000, -0.000000000000000000, 1.000000000000000000 ) ) ;
#1317 = ORIENTED_EDGE ( 'NONE', *, *, #541, .T. ) ;
#1318 = CARTESIAN_POINT ( 'NONE',  ( 20.00000000000006395, 5.000000000000000000, 73.99999999999992895 ) ) ;
#1319 = DIRECTION ( 'NONE',  ( -0.000000000000000000, -1.000000000000000000, -0.000000000000000000 ) ) ;
#1320 = EDGE_LOOP ( 'NONE', ( #2813, #1758, #3130, #2314 ) ) ;
#1321 = ORIENTED_EDGE ( 'NONE', *, *, #3407, .F. ) ;
#1322 = CARTESIAN_POINT ( 'NONE',  ( 24.00000000000002842, 5.000000000000004441, 43.49999999999992895 ) ) ;
#1323 = EDGE_CURVE ( 'NONE', #1182, #334, #3378, .T. ) ;
#1324 = VERTEX_POINT ( 'NONE', #3064 ) ;
#1325 = FACE_OUTER_BOUND ( 'NONE', #2431, .T. ) ;
#1326 = ORIENTED_EDGE ( 'NONE', *, *, #3732, .T. ) ;
#1327 = FACE_OUTER_BOUND ( 'NONE', #1208, .T. ) ;
#1328 = CARTESIAN_POINT ( 'NONE',  ( 80.91755062030092915, 29.80599318817504795, -98.63335915904882256 ) ) ;
#1329 = FACE_BOUND ( 'NONE', #2580, .T. ) ;
#1330 = ORIENTED_EDGE ( 'NONE', *, *, #1515, .F. ) ;
#1331 = CARTESIAN_POINT ( 'NONE',  ( 43.00000000000000711, 0.000000000000000000, 34.49999999999993605 ) ) ;
#1332 = DIRECTION ( 'NONE',  ( 1.000000000000000000, -0.000000000000000000, 0.000000000000000000 ) ) ;
#1333 = VECTOR ( 'NONE', #1161, 1000.000000000000000 ) ;
#1334 = VERTEX_POINT ( 'NONE', #1372 ) ;
#1335 = LINE ( 'NONE', #921, #4054 ) ;
#1336 = AXIS2_PLACEMENT_3D ( 'NONE', #11, #2724, #711 ) ;
#1337 = DIRECTION ( 'NONE',  ( 1.000000000000000000, 0.000000000000000000, -3.035766082959409950E-16 ) ) ;
#1338 = VERTEX_POINT ( 'NONE', #2721 ) ;
#1339 = ORIENTED_EDGE ( 'NONE', *, *, #491, .T. ) ;
#1340 = AXIS2_PLACEMENT_3D ( 'NONE', #1626, #2994, #1273 ) ;
#1341 = AXIS2_PLACEMENT_3D ( 'NONE', #3996, #940, #1648 ) ;
#1342 = DIRECTION ( 'NONE',  ( 0.9678225067882720856, -0.000000000000000000, 0.2516338517649505668 ) ) ;
#1343 = ADVANCED_FACE ( 'NONE', ( #687 ), #3363, .F. ) ;
#1344 = CIRCLE ( 'NONE', #1561, 1.500000000000001332 ) ;
#1345 = EDGE_LOOP ( 'NONE', ( #4260, #1859 ) ) ;
#1346 = DIRECTION ( 'NONE',  ( 0.000000000000000000, 0.000000000000000000, 1.000000000000000000 ) ) ;
#1347 = ORIENTED_EDGE ( 'NONE', *, *, #3188, .F. ) ;
#1348 = CIRCLE ( 'NONE', #2559, 2.000000000000001776 ) ;
#1349 = VECTOR ( 'NONE', #777, 1000.000000000000000 ) ;
#1350 = LINE ( 'NONE', #2702, #3950 ) ;
#1351 = DIRECTION ( 'NONE',  ( 0.000000000000000000, 0.000000000000000000, -1.000000000000000000 ) ) ;
#1352 = DIRECTION ( 'NONE',  ( 1.000000000000000000, 0.000000000000000000, -2.040851148208009970E-16 ) ) ;
#1353 = AXIS2_PLACEMENT_3D ( 'NONE', #1698, #3062, #4091 ) ;
#1354 = ORIENTED_EDGE ( 'NONE', *, *, #2736, .T. ) ;
#1355 = DIRECTION ( 'NONE',  ( -0.000000000000000000, -1.000000000000000000, -0.000000000000000000 ) ) ;
#1356 = DIRECTION ( 'NONE',  ( 0.000000000000000000, 0.000000000000000000, 1.000000000000000000 ) ) ;
#1357 = ADVANCED_FACE ( 'NONE', ( #1327 ), #4404, .T. ) ;
#1358 = VECTOR ( 'NONE', #181, 1000.000000000000000 ) ;
#1359 = EDGE_LOOP ( 'NONE', ( #3964, #1326, #4032, #1347 ) ) ;
#1360 = EDGE_CURVE ( 'NONE', #2957, #1812, #3716, .T. ) ;
#1361 = EDGE_CURVE ( 'NONE', #962, #4111, #961, .T. ) ;
#1362 = CARTESIAN_POINT ( 'NONE',  ( 77.00000000000001421, 0.000000000000000000, -100.0000000000000000 ) ) ;
#1363 = DIRECTION ( 'NONE',  ( 0.000000000000000000, 1.000000000000000000, -0.000000000000000000 ) ) ;
#1364 = EDGE_CURVE ( 'NONE', #29, #2900, #2369, .T. ) ;
#1365 = EDGE_LOOP ( 'NONE', ( #2674, #1460, #3074, #618 ) ) ;
#1366 = ORIENTED_EDGE ( 'NONE', *, *, #851, .F. ) ;
#1367 = DIRECTION ( 'NONE',  ( 0.000000000000000000, 0.000000000000000000, 1.000000000000000000 ) ) ;
#1368 = PRODUCT_DEFINITION_CONTEXT ( 'detailed design', #4408, 'design' ) ;
#1369 = ORIENTED_EDGE ( 'NONE', *, *, #872, .T. ) ;
#1370 = CARTESIAN_POINT ( 'NONE',  ( 81.00000000000001421, 24.00000000000000355, -64.50000000000000000 ) ) ;
#1371 = ORIENTED_EDGE ( 'NONE', *, *, #1681, .T. ) ;
#1372 = CARTESIAN_POINT ( 'NONE',  ( -1.549999999999993383, 0.000000000000000000, -95.50000000000000000 ) ) ;
#1373 = CARTESIAN_POINT ( 'NONE',  ( 55.50000000000003553, 0.000000000000000000, 84.99999999999994316 ) ) ;
#1374 = CIRCLE ( 'NONE', #376, 1.500000000000001332 ) ;
#1375 = DIRECTION ( 'NONE',  ( 0.000000000000000000, 0.000000000000000000, 1.000000000000000000 ) ) ;
#1376 = EDGE_LOOP ( 'NONE', ( #2402, #1537, #4356, #370, #543, #2488, #228, #4134, #58, #3438, #733, #2626, #3469, #1020, #1250, #3302, #2254, #3747, #2818, #2651, #608, #1207, #2975, #3380, #3427, #1135, #1905, #149 ) ) ;
#1377 = VECTOR ( 'NONE', #1530, 1000.000000000000000 ) ;
#1378 = CARTESIAN_POINT ( 'NONE',  ( -81.00000000000001421, 17.00000000000000000, -80.00000000000000000 ) ) ;
#1379 = DIRECTION ( 'NONE',  ( -0.000000000000000000, -1.000000000000000000, -0.000000000000000000 ) ) ;
#1380 = CARTESIAN_POINT ( 'NONE',  ( -43.00000000000000711, 0.000000000000000000, 34.49999999999993605 ) ) ;
#1381 = CARTESIAN_POINT ( 'NONE',  ( 53.50000000000003553, 5.000000000000000000, 104.9999999999999289 ) ) ;
#1382 = EDGE_CURVE ( 'NONE', #2746, #2923, #2440, .T. ) ;
#1383 = VERTEX_POINT ( 'NONE', #4074 ) ;
#1384 = EDGE_CURVE ( 'NONE', #446, #520, #1350, .T. ) ;
#1385 = CARTESIAN_POINT ( 'NONE',  ( 119.0000000000000284, 10.57660624134121363, -73.74999999999997158 ) ) ;
#1386 = LINE ( 'NONE', #1736, #236 ) ;
#1387 = ORIENTED_EDGE ( 'NONE', *, *, #2088, .T. ) ;
#1388 = ORIENTED_EDGE ( 'NONE', *, *, #2497, .F. ) ;
#1389 = EDGE_CURVE ( 'NONE', #3586, #481, #3107, .T. ) ;
#1390 = DIRECTION ( 'NONE',  ( -3.035766082959409950E-16, -0.000000000000000000, -1.000000000000000000 ) ) ;
#1391 = ORIENTED_EDGE ( 'NONE', *, *, #655, .T. ) ;
#1392 = DIRECTION ( 'NONE',  ( -0.000000000000000000, 1.000000000000000000, -0.000000000000000000 ) ) ;
#1393 = ORIENTED_EDGE ( 'NONE', *, *, #2138, .T. ) ;
#1394 = CARTESIAN_POINT ( 'NONE',  ( 24.00000000000002842, 5.000000000000004441, 44.99999999999992895 ) ) ;
#1395 = CARTESIAN_POINT ( 'NONE',  ( -64.99999999999995737, 5.000000000000000000, -57.54999999999997584 ) ) ;
#1396 = FACE_OUTER_BOUND ( 'NONE', #4231, .T. ) ;
#1397 = EDGE_LOOP ( 'NONE', ( #555, #4218 ) ) ;
#1398 = LINE ( 'NONE', #2747, #3946 ) ;
#1399 = CARTESIAN_POINT ( 'NONE',  ( -75.00000000000001421, 24.00000000000000355, -64.50000000000000000 ) ) ;
#1400 = CARTESIAN_POINT ( 'NONE',  ( 79.57770272134631284, 24.34213813685068573, -60.08160259997136876 ) ) ;
#1401 = DIRECTION ( 'NONE',  ( 3.154042683594193641E-16, -0.000000000000000000, 1.000000000000000000 ) ) ;
#1402 = EDGE_LOOP ( 'NONE', ( #2524, #4055, #1387, #2174 ) ) ;
#1403 = DIRECTION ( 'NONE',  ( 0.000000000000000000, 1.000000000000000000, -0.000000000000000000 ) ) ;
#1404 = EDGE_CURVE ( 'NONE', #4096, #1983, #974, .T. ) ;
#1405 = DIRECTION ( 'NONE',  ( 0.000000000000000000, 0.000000000000000000, 1.000000000000000000 ) ) ;
#1406 = ORIENTED_EDGE ( 'NONE', *, *, #4379, .T. ) ;
#1407 = CIRCLE ( 'NONE', #4187, 1.499999999999987566 ) ;
#1408 = CARTESIAN_POINT ( 'NONE',  ( -20.99999999999998934, 0.000000000000000000, 46.99999999999990052 ) ) ;
#1409 = CIRCLE ( 'NONE', #3908, 1.500000000000001332 ) ;
#1410 = AXIS2_PLACEMENT_3D ( 'NONE', #4246, #2257, #3669 ) ;
#1411 = ORIENTED_EDGE ( 'NONE', *, *, #3018, .F. ) ;
#1412 = CARTESIAN_POINT ( 'NONE',  ( -64.99999999999995737, -5.000000000000000000, -54.44999999999998153 ) ) ;
#1413 = ORIENTED_EDGE ( 'NONE', *, *, #2227, .F. ) ;
#1414 = EDGE_CURVE ( 'NONE', #3942, #2825, #3696, .T. ) ;
#1415 = EDGE_CURVE ( 'NONE', #29, #3609, #209, .T. ) ;
#1416 = VECTOR ( 'NONE', #881, 1000.000000000000000 ) ;
#1417 = ADVANCED_FACE ( 'NONE', ( #1188 ), #3804, .F. ) ;
#1418 = FACE_OUTER_BOUND ( 'NONE', #3204, .T. ) ;
#1419 = EDGE_CURVE ( 'NONE', #1612, #1472, #3959, .T. ) ;
#1420 = CARTESIAN_POINT ( 'NONE',  ( -20.00000000000001776, 5.000000000000000000, 76.99999999999992895 ) ) ;
#1421 = AXIS2_PLACEMENT_3D ( 'NONE', #1139, #2156, #3525 ) ;
#1422 = DIRECTION ( 'NONE',  ( -0.000000000000000000, -1.000000000000000000, -0.000000000000000000 ) ) ;
#1423 = VERTEX_POINT ( 'NONE', #2237 ) ;
#1424 = VERTEX_POINT ( 'NONE', #3239 ) ;
#1425 = ORIENTED_EDGE ( 'NONE', *, *, #190, .F. ) ;
#1426 = PLANE ( 'NONE',  #169 ) ;
#1427 = DIRECTION ( 'NONE',  ( -1.000000000000000000, -0.000000000000000000, -0.000000000000000000 ) ) ;
#1428 = CARTESIAN_POINT ( 'NONE',  ( 81.00000000000001421, 17.00000000000000000, -86.50000000000001421 ) ) ;
#1429 = AXIS2_PLACEMENT_3D ( 'NONE', #3220, #3556, #3892 ) ;
#1430 = DIRECTION ( 'NONE',  ( 3.035766082959409950E-16, -0.000000000000000000, 1.000000000000000000 ) ) ;
#1431 = ORIENTED_EDGE ( 'NONE', *, *, #3497, .F. ) ;
#1432 = LINE ( 'NONE', #2783, #928 ) ;
#1433 = FACE_OUTER_BOUND ( 'NONE', #870, .T. ) ;
#1434 = ORIENTED_EDGE ( 'NONE', *, *, #151, .F. ) ;
#1435 = CYLINDRICAL_SURFACE ( 'NONE', #3760, 1.500000000000001332 ) ;
#1436 = EDGE_LOOP ( 'NONE', ( #2175, #3441, #1671, #2098 ) ) ;
#1437 = FACE_BOUND ( 'NONE', #3767, .T. ) ;
#1438 = ORIENTED_EDGE ( 'NONE', *, *, #3592, .T. ) ;
#1439 = EDGE_CURVE ( 'NONE', #3715, #2367, #3620, .T. ) ;
#1440 = CARTESIAN_POINT ( 'NONE',  ( -75.00000000000001421, 0.000000000000000000, -103.0000000000000142 ) ) ;
#1441 = PLANE ( 'NONE',  #285 ) ;
#1442 = DIRECTION ( 'NONE',  ( -0.000000000000000000, -1.000000000000000000, 0.000000000000000000 ) ) ;
#1443 = EDGE_CURVE ( 'NONE', #1906, #6, #162, .T. ) ;
#1444 = EDGE_CURVE ( 'NONE', #3366, #654, #27, .T. ) ;
#1445 = ORIENTED_EDGE ( 'NONE', *, *, #3777, .F. ) ;
#1446 = ORIENTED_EDGE ( 'NONE', *, *, #2654, .F. ) ;
#1447 = ORIENTED_EDGE ( 'NONE', *, *, #3407, .T. ) ;
#1448 = FACE_OUTER_BOUND ( 'NONE', #1580, .T. ) ;
#1449 = CARTESIAN_POINT ( 'NONE',  ( 72.99999999999998579, 5.000000000000000000, -103.0000000000000142 ) ) ;
#1450 = CARTESIAN_POINT ( 'NONE',  ( 80.65940772594703390, 28.36588375739261636, -60.87579621969791788 ) ) ;
#1451 = DIRECTION ( 'NONE',  ( 0.000000000000000000, 0.000000000000000000, 1.000000000000000000 ) ) ;
#1452 = AXIS2_PLACEMENT_3D ( 'NONE', #2315, #2669, #2333 ) ;
#1453 = VERTEX_POINT ( 'NONE', #781 ) ;
#1454 = FACE_OUTER_BOUND ( 'NONE', #549, .T. ) ;
#1455 = CARTESIAN_POINT ( 'NONE',  ( -17.99999999999998934, 5.000000000000004441, 46.99999999999992895 ) ) ;
#1456 = ORIENTED_EDGE ( 'NONE', *, *, #3818, .T. ) ;
#1457 = CARTESIAN_POINT ( 'NONE',  ( -53.49999999999996447, 0.000000000000000000, 102.9999999999999289 ) ) ;
#1458 = ORIENTED_EDGE ( 'NONE', *, *, #2138, .F. ) ;
#1459 = DIRECTION ( 'NONE',  ( 1.000000000000000000, 0.000000000000000000, 0.000000000000000000 ) ) ;
#1460 = ORIENTED_EDGE ( 'NONE', *, *, #3790, .T. ) ;
#1461 = ADVANCED_FACE ( 'NONE', ( #2564 ), #2902, .F. ) ;
#1462 = CARTESIAN_POINT ( 'NONE',  ( 80.49704286343076376, 27.63682491093075910, -99.33279057944666590 ) ) ;
#1463 = DIRECTION ( 'NONE',  ( 0.000000000000000000, 0.000000000000000000, 1.000000000000000000 ) ) ;
#1464 = ORIENTED_EDGE ( 'NONE', *, *, #903, .F. ) ;
#1465 = CARTESIAN_POINT ( 'NONE',  ( -75.00000000000001421, 10.57660624134118521, -87.75000000000000000 ) ) ;
#1466 = CARTESIAN_POINT ( 'NONE',  ( 140.0000000000000853, 22.50000000000000000, -100.0000000000000000 ) ) ;
#1467 = DIRECTION ( 'NONE',  ( 0.000000000000000000, 0.000000000000000000, -1.000000000000000000 ) ) ;
#1468 = CARTESIAN_POINT ( 'NONE',  ( -75.00000000000001421, 45.00000000000000000, -73.50000000000000000 ) ) ;
#1469 = VERTEX_POINT ( 'NONE', #1923 ) ;
#1470 = DIRECTION ( 'NONE',  ( 0.000000000000000000, 0.000000000000000000, -1.000000000000000000 ) ) ;
#1471 = CARTESIAN_POINT ( 'NONE',  ( -55.49999999999997158, 5.000000000000000000, 102.9999999999999289 ) ) ;
#1472 = VERTEX_POINT ( 'NONE', #3911 ) ;
#1473 = ORIENTED_EDGE ( 'NONE', *, *, #3591, .F. ) ;
#1474 = CARTESIAN_POINT ( 'NONE',  ( 53.50000000000003553, 0.000000000000000000, 102.9999999999999289 ) ) ;
#1475 = DIRECTION ( 'NONE',  ( -1.000000000000000000, -0.000000000000000000, -0.000000000000000000 ) ) ;
#1476 = CIRCLE ( 'NONE', #3191, 1.500000000000004885 ) ;
#1477 = DIRECTION ( 'NONE',  ( 1.000000000000000000, -0.000000000000000000, 0.000000000000000000 ) ) ;
#1478 = ORIENTED_EDGE ( 'NONE', *, *, #1820, .T. ) ;
#1479 = CIRCLE ( 'NONE', #2542, 6.500000000000005329 ) ;
#1480 = FACE_OUTER_BOUND ( 'NONE', #3585, .T. ) ;
#1481 = DIRECTION ( 'NONE',  ( -0.000000000000000000, 1.000000000000000000, -0.000000000000000000 ) ) ;
#1482 = AXIS2_PLACEMENT_3D ( 'NONE', #3424, #1056, #326 ) ;
#1483 = EDGE_LOOP ( 'NONE', ( #507, #2124 ) ) ;
#1484 = VECTOR ( 'NONE', #321, 1000.000000000000000 ) ;
#1485 = AXIS2_PLACEMENT_3D ( 'NONE', #652, #4307, #586 ) ;
#1486 = DIRECTION ( 'NONE',  ( -1.000000000000000000, 0.000000000000000000, -0.000000000000000000 ) ) ;
#1487 = DIRECTION ( 'NONE',  ( -0.000000000000000000, 1.000000000000000000, -0.000000000000000000 ) ) ;
#1488 = DIRECTION ( 'NONE',  ( 1.652117596168387756E-16, 0.000000000000000000, 1.000000000000000000 ) ) ;
#1489 =( GEOMETRIC_REPRESENTATION_CONTEXT ( 3 ) GLOBAL_UNCERTAINTY_ASSIGNED_CONTEXT ( ( #1855 ) ) GLOBAL_UNIT_ASSIGNED_CONTEXT ( ( #2821, #4257, #535 ) ) REPRESENTATION_CONTEXT ( 'NONE', 'WORKASPACE' ) );
#1490 = AXIS2_PLACEMENT_3D ( 'NONE', #2193, #2126, #3500 ) ;
#1491 = ORIENTED_EDGE ( 'NONE', *, *, #2964, .F. ) ;
#1492 = EDGE_CURVE ( 'NONE', #628, #4382, #176, .T. ) ;
#1493 = CARTESIAN_POINT ( 'NONE',  ( 5.746638708345982787E-15, 5.000000000000000000, -95.50000000000000000 ) ) ;
#1494 = CIRCLE ( 'NONE', #1353, 1.500000000000001332 ) ;
#1495 = DIRECTION ( 'NONE',  ( 0.000000000000000000, 0.000000000000000000, -1.000000000000000000 ) ) ;
#1496 = CIRCLE ( 'NONE', #4206, 2.599999999999984102 ) ;
#1497 = ORIENTED_EDGE ( 'NONE', *, *, #2191, .F. ) ;
#1498 = ADVANCED_FACE ( 'NONE', ( #1087 ), #1586, .F. ) ;
#1499 = ADVANCED_FACE ( 'NONE', ( #2585 ), #1568, .F. ) ;
#1500 = EDGE_CURVE ( 'NONE', #2486, #1593, #2432, .T. ) ;
#1501 = LINE ( 'NONE', #3238, #3050 ) ;
#1502 = CARTESIAN_POINT ( 'NONE',  ( 19.00000000000000355, 0.000000000000000000, 46.99999999999990052 ) ) ;
#1503 = FACE_BOUND ( 'NONE', #320, .T. ) ;
#1504 = FACE_OUTER_BOUND ( 'NONE', #1320, .T. ) ;
#1505 = CARTESIAN_POINT ( 'NONE',  ( 75.00000000000001421, 37.42339375865881834, -87.75000000000002842 ) ) ;
#1506 = ORIENTED_EDGE ( 'NONE', *, *, #1404, .F. ) ;
#1507 = VERTEX_POINT ( 'NONE', #2125 ) ;
#1508 = CARTESIAN_POINT ( 'NONE',  ( 140.0000000000000853, 22.50000000000000355, -80.00000000000001421 ) ) ;
#1509 = CARTESIAN_POINT ( 'NONE',  ( 119.0000000000000284, 37.42339375865881834, -87.75000000000002842 ) ) ;
#1510 = LINE ( 'NONE', #2917, #2332 ) ;
#1511 = ORIENTED_EDGE ( 'NONE', *, *, #574, .F. ) ;
#1512 = AXIS2_PLACEMENT_3D ( 'NONE', #634, #1940, #3305 ) ;
#1513 = FACE_OUTER_BOUND ( 'NONE', #341, .T. ) ;
#1514 = DIRECTION ( 'NONE',  ( 0.000000000000000000, 0.000000000000000000, -1.000000000000000000 ) ) ;
#1515 = EDGE_CURVE ( 'NONE', #3751, #778, #4245, .T. ) ;
#1516 = AXIS2_PLACEMENT_3D ( 'NONE', #267, #625, #979 ) ;
#1517 = ORIENTED_EDGE ( 'NONE', *, *, #3355, .F. ) ;
#1518 = ADVANCED_FACE ( 'NONE', ( #3256 ), #2793, .T. ) ;
#1519 = ORIENTED_EDGE ( 'NONE', *, *, #1705, .F. ) ;
#1520 = DIRECTION ( 'NONE',  ( -0.000000000000000000, 1.000000000000000000, -0.000000000000000000 ) ) ;
#1521 = CARTESIAN_POINT ( 'NONE',  ( 43.00000000000000711, 5.000000000000000000, 34.49999999999993605 ) ) ;
#1522 = DIRECTION ( 'NONE',  ( 0.000000000000000000, 0.000000000000000000, 1.000000000000000000 ) ) ;
#1523 = VECTOR ( 'NONE', #1577, 1000.000000000000000 ) ;
#1524 = DIRECTION ( 'NONE',  ( 0.000000000000000000, 0.000000000000000000, 1.000000000000000000 ) ) ;
#1525 = CARTESIAN_POINT ( 'NONE',  ( 64.99999999999998579, 5.000000000000000000, -57.55000000000000426 ) ) ;
#1526 = CARTESIAN_POINT ( 'NONE',  ( 81.00000000000001421, 17.00000000000000000, -80.00000000000000000 ) ) ;
#1527 = ORIENTED_EDGE ( 'NONE', *, *, #3791, .T. ) ;
#1528 = EDGE_LOOP ( 'NONE', ( #2075, #912, #1007, #3092 ) ) ;
#1529 = VERTEX_POINT ( 'NONE', #2256 ) ;
#1530 = DIRECTION ( 'NONE',  ( -0.000000000000000000, -1.000000000000000000, -0.000000000000000000 ) ) ;
#1531 = FACE_OUTER_BOUND ( 'NONE', #2241, .T. ) ;
#1532 = FACE_OUTER_BOUND ( 'NONE', #1710, .T. ) ;
#1533 = ORIENTED_EDGE ( 'NONE', *, *, #959, .F. ) ;
#1534 = FACE_OUTER_BOUND ( 'NONE', #2898, .T. ) ;
#1535 = DIRECTION ( 'NONE',  ( 0.000000000000000000, 0.000000000000000000, 1.000000000000000000 ) ) ;
#1536 = ORIENTED_EDGE ( 'NONE', *, *, #2323, .F. ) ;
#1537 = ORIENTED_EDGE ( 'NONE', *, *, #627, .T. ) ;
#1538 = ADVANCED_FACE ( 'NONE', ( #2101 ), #3470, .F. ) ;
#1539 = CARTESIAN_POINT ( 'NONE',  ( -1.549999999999995604, 5.000000000000000000, -100.5000000000000000 ) ) ;
#1540 = DIRECTION ( 'NONE',  ( 0.000000000000000000, 1.000000000000000000, -0.000000000000000000 ) ) ;
#1541 = DIRECTION ( 'NONE',  ( -0.7071067811865431318, 0.7071067811865520136, 0.000000000000000000 ) ) ;
#1542 = CARTESIAN_POINT ( 'NONE',  ( -20.99999999999998934, 5.000000000000004441, 46.99999999999990052 ) ) ;
#1543 = DIRECTION ( 'NONE',  ( 1.652117596168387756E-16, -0.000000000000000000, 1.000000000000000000 ) ) ;
#1544 = AXIS2_PLACEMENT_3D ( 'NONE', #2238, #4001, #2302 ) ;
#1545 = VERTEX_POINT ( 'NONE', #4163 ) ;
#1546 = DIRECTION ( 'NONE',  ( 0.000000000000000000, 0.000000000000000000, -1.000000000000000000 ) ) ;
#1547 = EDGE_CURVE ( 'NONE', #3172, #4068, #3499, .T. ) ;
#1548 = ADVANCED_FACE ( 'NONE', ( #1298 ), #1274, .F. ) ;
#1549 = ORIENTED_EDGE ( 'NONE', *, *, #1033, .T. ) ;
#1550 = ADVANCED_FACE ( 'NONE', ( #611 ), #3709, .F. ) ;
#1551 = VECTOR ( 'NONE', #1858, 1000.000000000000000 ) ;
#1552 = DIRECTION ( 'NONE',  ( -0.000000000000000000, 1.000000000000000000, -0.000000000000000000 ) ) ;
#1553 = DIRECTION ( 'NONE',  ( 0.000000000000000000, 0.000000000000000000, -1.000000000000000000 ) ) ;
#1554 = DIRECTION ( 'NONE',  ( -1.000000000000000000, -0.000000000000000000, -0.000000000000000000 ) ) ;
#1555 = CIRCLE ( 'NONE', #2983, 1.500000000000001332 ) ;
#1556 = ORIENTED_EDGE ( 'NONE', *, *, #3933, .F. ) ;
#1557 = AXIS2_PLACEMENT_3D ( 'NONE', #2334, #3703, #1046 ) ;
#1558 = DIRECTION ( 'NONE',  ( -0.000000000000000000, -1.000000000000000000, -0.000000000000000000 ) ) ;
#1559 = AXIS2_PLACEMENT_3D ( 'NONE', #2878, #4244, #3513 ) ;
#1560 = DIRECTION ( 'NONE',  ( 1.000000000000000000, 0.000000000000000000, -3.154042683594193641E-16 ) ) ;
#1561 = AXIS2_PLACEMENT_3D ( 'NONE', #3108, #395, #2102 ) ;
#1562 = ORIENTED_EDGE ( 'NONE', *, *, #2517, .T. ) ;
#1563 = DIRECTION ( 'NONE',  ( 0.000000000000000000, -1.000000000000000000, 0.000000000000000000 ) ) ;
#1564 = VERTEX_POINT ( 'NONE', #4311 ) ;
#1565 = AXIS2_PLACEMENT_3D ( 'NONE', #358, #2779, #3094 ) ;
#1566 = CIRCLE ( 'NONE', #2489, 2.599999999999984102 ) ;
#1567 = CARTESIAN_POINT ( 'NONE',  ( 45.60000000000001563, 0.000000000000000000, -103.0000000000000000 ) ) ;
#1568 = CYLINDRICAL_SURFACE ( 'NONE', #2445, 1.500000000000004885 ) ;
#1569 = DIRECTION ( 'NONE',  ( -0.000000000000000000, 1.000000000000000000, -0.000000000000000000 ) ) ;
#1570 = VECTOR ( 'NONE', #3825, 1000.000000000000000 ) ;
#1571 = CARTESIAN_POINT ( 'NONE',  ( 81.00000000000001421, 10.57660624134118521, -87.75000000000000000 ) ) ;
#1572 = CARTESIAN_POINT ( 'NONE',  ( -20.00000000000001421, -16.20000000000000284, 76.99999999999992895 ) ) ;
#1573 = VERTEX_POINT ( 'NONE', #273 ) ;
#1574 = EDGE_CURVE ( 'NONE', #3405, #756, #967, .T. ) ;
#1575 = CARTESIAN_POINT ( 'NONE',  ( 75.00000000000000000, 5.000000000000000000, -102.0000000000000142 ) ) ;
#1576 = VERTEX_POINT ( 'NONE', #3687 ) ;
#1577 = DIRECTION ( 'NONE',  ( -0.000000000000000000, 1.000000000000000000, -0.000000000000000000 ) ) ;
#1578 = CARTESIAN_POINT ( 'NONE',  ( -79.00000000000000000, 5.000000000000000000, -60.00000000000000711 ) ) ;
#1579 = DIRECTION ( 'NONE',  ( 0.000000000000000000, 0.000000000000000000, 1.000000000000000000 ) ) ;
#1580 = EDGE_LOOP ( 'NONE', ( #2183, #3485, #3425, #3994 ) ) ;
#1581 = PLANE ( 'NONE',  #3374 ) ;
#1582 = FACE_OUTER_BOUND ( 'NONE', #1919, .T. ) ;
#1583 = EDGE_LOOP ( 'NONE', ( #418, #1603, #988, #1354 ) ) ;
#1584 = ORIENTED_EDGE ( 'NONE', *, *, #305, .F. ) ;
#1585 = CARTESIAN_POINT ( 'NONE',  ( 20.00000000000000000, 5.000000000000000000, 94.99999999999991473 ) ) ;
#1586 = CYLINDRICAL_SURFACE ( 'NONE', #751, 1.549999999999995826 ) ;
#1587 = VECTOR ( 'NONE', #1027, 1000.000000000000000 ) ;
#1588 =( NAMED_UNIT ( * ) PLANE_ANGLE_UNIT ( ) SI_UNIT ( $, .RADIAN. ) );
#1589 = CIRCLE ( 'NONE', #4015, 1.549999999999995826 ) ;
#1590 = DIRECTION ( 'NONE',  ( 0.000000000000000000, 0.000000000000000000, 1.000000000000000000 ) ) ;
#1591 = AXIS2_PLACEMENT_3D ( 'NONE', #3834, #2959, #4319 ) ;
#1592 = PLANE ( 'NONE',  #3842 ) ;
#1593 = VERTEX_POINT ( 'NONE', #2602 ) ;
#1594 = DIRECTION ( 'NONE',  ( 0.000000000000000000, 1.000000000000000000, -0.000000000000000000 ) ) ;
#1595 = ORIENTED_EDGE ( 'NONE', *, *, #3815, .F. ) ;
#1596 = ADVANCED_FACE ( 'NONE', ( #2631 ), #1961, .F. ) ;
#1597 = DIRECTION ( 'NONE',  ( 0.000000000000000000, 0.000000000000000000, -1.000000000000000000 ) ) ;
#1598 = DIRECTION ( 'NONE',  ( -2.040851148208011450E-16, 0.000000000000000000, -1.000000000000000000 ) ) ;
#1599 = FACE_OUTER_BOUND ( 'NONE', #3852, .T. ) ;
#1600 = VERTEX_POINT ( 'NONE', #339 ) ;
#1601 = CYLINDRICAL_SURFACE ( 'NONE', #1516, 1.500000000000001332 ) ;
#1602 = CARTESIAN_POINT ( 'NONE',  ( -75.00000000000001421, 0.000000000000000000, -57.99999999999998579 ) ) ;
#1603 = ORIENTED_EDGE ( 'NONE', *, *, #3464, .F. ) ;
#1604 = ORIENTED_EDGE ( 'NONE', *, *, #845, .T. ) ;
#1605 = ADVANCED_FACE ( 'NONE', ( #2279 ), #299, .F. ) ;
#1606 = ADVANCED_FACE ( 'NONE', ( #2952 ), #2673, .F. ) ;
#1607 = DIRECTION ( 'NONE',  ( -3.154042683594193641E-16, 0.000000000000000000, -1.000000000000000000 ) ) ;
#1608 = DIRECTION ( 'NONE',  ( -0.000000000000000000, 1.000000000000000000, 0.000000000000000000 ) ) ;
#1609 = CARTESIAN_POINT ( 'NONE',  ( -55.49999999999997158, 0.000000000000000000, 102.9999999999999289 ) ) ;
#1610 = CARTESIAN_POINT ( 'NONE',  ( -79.29125210528397361, 23.42293443487182358, -60.02045645920408390 ) ) ;
#1611 = ORIENTED_EDGE ( 'NONE', *, *, #631, .F. ) ;
#1612 = VERTEX_POINT ( 'NONE', #2649 ) ;
#1613 = ORIENTED_EDGE ( 'NONE', *, *, #3372, .F. ) ;
#1614 = CARTESIAN_POINT ( 'NONE',  ( 79.00000000000000000, 0.000000000000000000, -100.0000000000000000 ) ) ;
#1615 = CARTESIAN_POINT ( 'NONE',  ( -20.00000000000001421, -16.20000000000000284, 76.99999999999992895 ) ) ;
#1616 = DIRECTION ( 'NONE',  ( 1.000000000000000000, 0.000000000000000000, -3.154042683594193641E-16 ) ) ;
#1617 = VERTEX_POINT ( 'NONE', #590 ) ;
#1618 = VECTOR ( 'NONE', #3480, 1000.000000000000000 ) ;
#1619 = LINE ( 'NONE', #2577, #601 ) ;
#1620 = CARTESIAN_POINT ( 'NONE',  ( 75.00000000000001421, 37.42339375865881834, -86.25000000000001421 ) ) ;
#1621 = CIRCLE ( 'NONE', #915, 1.500000000000001332 ) ;
#1622 = VERTEX_POINT ( 'NONE', #4330 ) ;
#1623 = EDGE_LOOP ( 'NONE', ( #337, #347, #407, #876 ) ) ;
#1624 = EDGE_CURVE ( 'NONE', #3353, #2546, #1722, .T. ) ;
#1625 = VECTOR ( 'NONE', #2563, 1000.000000000000000 ) ;
#1626 = CARTESIAN_POINT ( 'NONE',  ( 119.0000000000000284, 10.57660624134121363, -72.24999999999998579 ) ) ;
#1627 = CARTESIAN_POINT ( 'NONE',  ( 119.0000000000000284, 17.00000000000000000, -73.50000000000000000 ) ) ;
#1628 = AXIS2_PLACEMENT_3D ( 'NONE', #178, #4258, #1553 ) ;
#1629 = EDGE_LOOP ( 'NONE', ( #3830, #3213 ) ) ;
#1630 = DIRECTION ( 'NONE',  ( -0.000000000000000000, 1.000000000000000000, -0.000000000000000000 ) ) ;
#1631 = EDGE_CURVE ( 'NONE', #2069, #1861, #4066, .T. ) ;
#1632 = ADVANCED_FACE ( 'NONE', ( #4038 ), #2970, .F. ) ;
#1633 = VECTOR ( 'NONE', #1118, 1000.000000000000000 ) ;
#1634 = AXIS2_PLACEMENT_3D ( 'NONE', #2960, #2246, #2266 ) ;
#1635 = VECTOR ( 'NONE', #2070, 1000.000000000000000 ) ;
#1636 = VECTOR ( 'NONE', #3853, 1000.000000000000000 ) ;
#1637 = LINE ( 'NONE', #2566, #645 ) ;
#1638 = AXIS2_PLACEMENT_3D ( 'NONE', #390, #1715, #3038 ) ;
#1639 = CARTESIAN_POINT ( 'NONE',  ( -80.12265023349661419, 26.17258946771157824, -60.32579401565730137 ) ) ;
#1640 = ORIENTED_EDGE ( 'NONE', *, *, #1173, .F. ) ;
#1641 = DIRECTION ( 'NONE',  ( -0.000000000000000000, -1.000000000000000000, -0.000000000000000000 ) ) ;
#1642 = VERTEX_POINT ( 'NONE', #1652 ) ;
#1643 = CARTESIAN_POINT ( 'NONE',  ( 119.0000000000000284, 31.00000000000000000, -73.50000000000000000 ) ) ;
#1644 = DIRECTION ( 'NONE',  ( 0.000000000000000000, 0.000000000000000000, 1.000000000000000000 ) ) ;
#1645 = DIRECTION ( 'NONE',  ( 0.000000000000000000, 0.000000000000000000, 1.000000000000000000 ) ) ;
#1646 = EDGE_LOOP ( 'NONE', ( #2595, #2792, #677, #3865, #2324, #3719 ) ) ;
#1647 = DIRECTION ( 'NONE',  ( 0.000000000000000000, 0.000000000000000000, 1.000000000000000000 ) ) ;
#1648 = DIRECTION ( 'NONE',  ( 0.000000000000000000, 0.000000000000000000, 1.000000000000000000 ) ) ;
#1649 = VERTEX_POINT ( 'NONE', #4397 ) ;
#1650 = CARTESIAN_POINT ( 'NONE',  ( 24.00000000000001421, -89.44271909999159220, -23.50000000000006040 ) ) ;
#1651 = ADVANCED_FACE ( 'NONE', ( #2341 ), #657, .F. ) ;
#1652 = CARTESIAN_POINT ( 'NONE',  ( 45.60000000000000142, 5.000000000000000000, -7.500000000000069278 ) ) ;
#1653 = ORIENTED_EDGE ( 'NONE', *, *, #385, .F. ) ;
#1654 = FACE_OUTER_BOUND ( 'NONE', #3177, .T. ) ;
#1655 = ORIENTED_EDGE ( 'NONE', *, *, #2998, .T. ) ;
#1656 = DIRECTION ( 'NONE',  ( 0.000000000000000000, 0.000000000000000000, -1.000000000000000000 ) ) ;
#1657 = VECTOR ( 'NONE', #4078, 1000.000000000000000 ) ;
#1658 = VERTEX_POINT ( 'NONE', #4000 ) ;
#1659 = FACE_OUTER_BOUND ( 'NONE', #2350, .T. ) ;
#1660 = VERTEX_POINT ( 'NONE', #3373 ) ;
#1661 = CARTESIAN_POINT ( 'NONE',  ( -40.40000000000000568, 0.000000000000000000, -103.0000000000000142 ) ) ;
#1662 = VECTOR ( 'NONE', #3025, 1000.000000000000000 ) ;
#1663 = CYLINDRICAL_SURFACE ( 'NONE', #3848, 2.599999999999984102 ) ;
#1664 = DIRECTION ( 'NONE',  ( -1.000000000000000000, 0.000000000000000000, 0.000000000000000000 ) ) ;
#1665 = EDGE_LOOP ( 'NONE', ( #2173, #661, #616, #1860 ) ) ;
#1666 = LINE ( 'NONE', #1005, #2650 ) ;
#1667 = CARTESIAN_POINT ( 'NONE',  ( 119.0000000000000284, 31.00000000000000000, -73.50000000000000000 ) ) ;
#1668 = VERTEX_POINT ( 'NONE', #322 ) ;
#1669 = CARTESIAN_POINT ( 'NONE',  ( 20.00000000000006750, -16.20000000000000284, 93.49999999999991473 ) ) ;
#1670 = CARTESIAN_POINT ( 'NONE',  ( 119.0000000000000284, 31.00000000000000000, -80.00000000000000000 ) ) ;
#1671 = ORIENTED_EDGE ( 'NONE', *, *, #13, .T. ) ;
#1672 = VERTEX_POINT ( 'NONE', #2694 ) ;
#1673 = LINE ( 'NONE', #2364, #2412 ) ;
#1674 = ORIENTED_EDGE ( 'NONE', *, *, #2386, .F. ) ;
#1675 = DIRECTION ( 'NONE',  ( 0.000000000000000000, 1.000000000000000000, -0.000000000000000000 ) ) ;
#1676 = ORIENTED_EDGE ( 'NONE', *, *, #3099, .T. ) ;
#1677 = ADVANCED_FACE ( 'NONE', ( #944 ), #680, .F. ) ;
#1678 = DIRECTION ( 'NONE',  ( -0.000000000000000000, 1.000000000000000000, -0.000000000000000000 ) ) ;
#1679 = CARTESIAN_POINT ( 'NONE',  ( 140.0000000000000853, 5.000000000000000888, -57.99999999999997868 ) ) ;
#1680 = DIRECTION ( 'NONE',  ( -1.000000000000000000, 0.000000000000000000, 0.000000000000000000 ) ) ;
#1681 = EDGE_CURVE ( 'NONE', #3854, #2984, #3150, .T. ) ;
#1682 = EDGE_CURVE ( 'NONE', #2029, #2706, #4012, .T. ) ;
#1683 = EDGE_LOOP ( 'NONE', ( #2269, #3734 ) ) ;
#1684 = EDGE_CURVE ( 'NONE', #1658, #132, #364, .T. ) ;
#1685 = CARTESIAN_POINT ( 'NONE',  ( 81.00000000000001421, 5.000000000000000000, -97.99999999999998579 ) ) ;
#1686 = DIRECTION ( 'NONE',  ( 1.000000000000000000, 0.000000000000000000, 0.000000000000000000 ) ) ;
#1687 = VECTOR ( 'NONE', #3883, 1000.000000000000000 ) ;
#1688 = EDGE_LOOP ( 'NONE', ( #4291, #650, #3225, #4339 ) ) ;
#1689 = CARTESIAN_POINT ( 'NONE',  ( -20.00000000000001066, -16.20000000000000284, 94.99999999999991473 ) ) ;
#1690 = PLANE ( 'NONE',  #2077 ) ;
#1691 = VERTEX_POINT ( 'NONE', #1125 ) ;
#1692 = EDGE_LOOP ( 'NONE', ( #836, #869, #2061, #2496, #1873, #1938 ) ) ;
#1693 = VECTOR ( 'NONE', #3174, 1000.000000000000000 ) ;
#1694 = AXIS2_PLACEMENT_3D ( 'NONE', #4216, #1487, #3542 ) ;
#1695 = DIRECTION ( 'NONE',  ( 0.000000000000000000, -0.1455885994785731941, 0.9893452176575513457 ) ) ;
#1696 = VECTOR ( 'NONE', #2447, 1000.000000000000000 ) ;
#1697 = VERTEX_POINT ( 'NONE', #726 ) ;
#1698 = CARTESIAN_POINT ( 'NONE',  ( 81.00000000000001421, 24.00000000000000355, -64.50000000000000000 ) ) ;
#1699 = ORIENTED_EDGE ( 'NONE', *, *, #2465, .T. ) ;
#1700 = AXIS2_PLACEMENT_3D ( 'NONE', #933, #3963, #2286 ) ;
#1701 = VECTOR ( 'NONE', #2929, 1000.000000000000000 ) ;
#1702 = CARTESIAN_POINT ( 'NONE',  ( 119.0000000000000284, 37.42339375865881124, -72.25000000000000000 ) ) ;
#1703 = CARTESIAN_POINT ( 'NONE',  ( 40.40000000000001990, 0.000000000000000000, -7.500000000000069278 ) ) ;
#1704 = DIRECTION ( 'NONE',  ( 0.000000000000000000, 1.000000000000000000, 0.000000000000000000 ) ) ;
#1705 = EDGE_CURVE ( 'NONE', #3104, #284, #42, .T. ) ;
#1706 = ORIENTED_EDGE ( 'NONE', *, *, #3603, .T. ) ;
#1707 = DIRECTION ( 'NONE',  ( 0.000000000000000000, 1.000000000000000000, -0.000000000000000000 ) ) ;
#1708 = CARTESIAN_POINT ( 'NONE',  ( -75.00000000000001421, 31.00000000000000000, -73.50000000000000000 ) ) ;
#1709 = DIRECTION ( 'NONE',  ( -0.000000000000000000, 1.000000000000000000, -0.000000000000000000 ) ) ;
#1710 = EDGE_LOOP ( 'NONE', ( #2685, #2939, #4177, #2014 ) ) ;
#1711 = FACE_OUTER_BOUND ( 'NONE', #436, .T. ) ;
#1712 = CYLINDRICAL_SURFACE ( 'NONE', #2940, 3.000000000000002665 ) ;
#1713 = EDGE_LOOP ( 'NONE', ( #1086, #2798, #560, #1321 ) ) ;
#1714 = ORIENTED_EDGE ( 'NONE', *, *, #1323, .F. ) ;
#1715 = DIRECTION ( 'NONE',  ( -0.000000000000000000, -1.000000000000000000, -0.000000000000000000 ) ) ;
#1716 = VERTEX_POINT ( 'NONE', #21 ) ;
#1717 = LINE ( 'NONE', #3085, #3349 ) ;
#1718 = ORIENTED_EDGE ( 'NONE', *, *, #249, .T. ) ;
#1719 = CARTESIAN_POINT ( 'NONE',  ( 140.0000000000000853, 5.000000000000000888, -57.99999999999997868 ) ) ;
#1720 = EDGE_CURVE ( 'NONE', #2646, #3172, #3369, .T. ) ;
#1721 = FACE_BOUND ( 'NONE', #3202, .T. ) ;
#1722 = CIRCLE ( 'NONE', #1512, 1.500000000000001332 ) ;
#1723 = DIRECTION ( 'NONE',  ( -1.000000000000000000, -0.000000000000000000, -0.000000000000000000 ) ) ;
#1724 = VERTEX_POINT ( 'NONE', #2467 ) ;
#1725 = EDGE_CURVE ( 'NONE', #3061, #3482, #3101, .T. ) ;
#1726 = VECTOR ( 'NONE', #1355, 1000.000000000000000 ) ;
#1727 = DIRECTION ( 'NONE',  ( 0.000000000000000000, 0.000000000000000000, -1.000000000000000000 ) ) ;
#1728 = PLANE ( 'NONE',  #2480 ) ;
#1729 = CARTESIAN_POINT ( 'NONE',  ( -75.00000000000001421, 5.000000000000000000, -103.0000000000000142 ) ) ;
#1730 = CARTESIAN_POINT ( 'NONE',  ( -79.00000000000001421, 0.000000000000000000, -98.00000000000000000 ) ) ;
#1731 = ADVANCED_BREP_SHAPE_REPRESENTATION ( 'X3_plus_bottom_plate_modified', ( #3087, #3847 ), #1489 ) ;
#1732 = AXIS2_PLACEMENT_3D ( 'NONE', #3004, #1909, #286 ) ;
#1733 = EDGE_CURVE ( 'NONE', #1334, #2533, #1386, .T. ) ;
#1734 = ORIENTED_EDGE ( 'NONE', *, *, #151, .T. ) ;
#1735 = LINE ( 'NONE', #695, #4343 ) ;
#1736 = CARTESIAN_POINT ( 'NONE',  ( -1.549999999999994049, -5.000000000000000000, -95.50000000000000000 ) ) ;
#1737 = ORIENTED_EDGE ( 'NONE', *, *, #3133, .F. ) ;
#1738 = EDGE_CURVE ( 'NONE', #2895, #2646, #2071, .T. ) ;
#1739 = EDGE_CURVE ( 'NONE', #3496, #3878, #2141, .T. ) ;
#1740 = EDGE_CURVE ( 'NONE', #1743, #2073, #4176, .T. ) ;
#1741 = ADVANCED_FACE ( 'NONE', ( #3461 ), #1690, .F. ) ;
#1742 = CARTESIAN_POINT ( 'NONE',  ( -43.00000000000000711, -16.20000000000000284, 34.49999999999993605 ) ) ;
#1743 = VERTEX_POINT ( 'NONE', #1757 ) ;
#1744 = FACE_BOUND ( 'NONE', #3474, .T. ) ;
#1745 = ORIENTED_EDGE ( 'NONE', *, *, #2789, .F. ) ;
#1746 = CARTESIAN_POINT ( 'NONE',  ( -81.00000000000001421, 37.42339375865881834, -86.25000000000001421 ) ) ;
#1747 = DIRECTION ( 'NONE',  ( 0.000000000000000000, -0.000000000000000000, 1.000000000000000000 ) ) ;
#1748 = CARTESIAN_POINT ( 'NONE',  ( 45.59999999999999432, 5.000000000000000000, 34.49999999999993605 ) ) ;
#1749 = EDGE_LOOP ( 'NONE', ( #2117, #887, #642, #2949 ) ) ;
#1750 = VERTEX_POINT ( 'NONE', #771 ) ;
#1751 = DIRECTION ( 'NONE',  ( -0.000000000000000000, -1.000000000000000000, -0.000000000000000000 ) ) ;
#1752 = DIRECTION ( 'NONE',  ( 0.000000000000000000, 0.000000000000000000, -1.000000000000000000 ) ) ;
#1753 = CARTESIAN_POINT ( 'NONE',  ( 79.91082479059114974, 25.44182911671558500, -60.20379447846448784 ) ) ;
#1754 = DIRECTION ( 'NONE',  ( -1.000000000000000000, -0.000000000000000000, -0.000000000000000000 ) ) ;
#1755 = EDGE_LOOP ( 'NONE', ( #3163, #3245, #816 ) ) ;
#1756 = CYLINDRICAL_SURFACE ( 'NONE', #2052, 2.599999999999991207 ) ;
#1757 = CARTESIAN_POINT ( 'NONE',  ( -75.00000000000001421, 31.00000000000000000, -86.50000000000001421 ) ) ;
#1758 = ORIENTED_EDGE ( 'NONE', *, *, #2007, .T. ) ;
#1759 = EDGE_CURVE ( 'NONE', #2923, #2746, #382, .T. ) ;
#1760 = EDGE_CURVE ( 'NONE', #3511, #780, #68, .T. ) ;
#1761 = ADVANCED_FACE ( 'NONE', ( #1433 ), #1712, .F. ) ;
#1762 = CYLINDRICAL_SURFACE ( 'NONE', #291, 1.999999999999994893 ) ;
#1763 = CIRCLE ( 'NONE', #346, 1.500000000000001332 ) ;
#1764 = LINE ( 'NONE', #2759, #3498 ) ;
#1765 = ORIENTED_EDGE ( 'NONE', *, *, #2555, .T. ) ;
#1766 = DIRECTION ( 'NONE',  ( 0.000000000000000000, 0.000000000000000000, -1.000000000000000000 ) ) ;
#1767 = ORIENTED_EDGE ( 'NONE', *, *, #1999, .F. ) ;
#1768 = AXIS2_PLACEMENT_3D ( 'NONE', #2037, #742, #1752 ) ;
#1769 = DIRECTION ( 'NONE',  ( -0.000000000000000000, 1.000000000000000000, -0.000000000000000000 ) ) ;
#1770 = CYLINDRICAL_SURFACE ( 'NONE', #1775, 1.500000000000001332 ) ;
#1771 = AXIS2_PLACEMENT_3D ( 'NONE', #2509, #468, #2849 ) ;
#1772 = LINE ( 'NONE', #2060, #4191 ) ;
#1773 = ORIENTED_EDGE ( 'NONE', *, *, #2860, .T. ) ;
#1774 = EDGE_LOOP ( 'NONE', ( #3651, #4035 ) ) ;
#1775 = AXIS2_PLACEMENT_3D ( 'NONE', #2794, #3894, #2839 ) ;
#1776 = CARTESIAN_POINT ( 'NONE',  ( 119.0000000000000284, 17.00000000000000000, -86.50000000000001421 ) ) ;
#1777 = CARTESIAN_POINT ( 'NONE',  ( 20.00000000000007461, 0.000000000000000000, 76.99999999999992895 ) ) ;
#1778 = LINE ( 'NONE', #2356, #923 ) ;
#1779 = AXIS2_PLACEMENT_3D ( 'NONE', #437, #460, #50 ) ;
#1780 = DIRECTION ( 'NONE',  ( -0.000000000000000000, -1.000000000000000000, -0.000000000000000000 ) ) ;
#1781 = EDGE_CURVE ( 'NONE', #2610, #4275, #4313, .T. ) ;
#1782 = VERTEX_POINT ( 'NONE', #3932 ) ;
#1783 = DIRECTION ( 'NONE',  ( -0.000000000000000000, 1.000000000000000000, -0.000000000000000000 ) ) ;
#1784 = DIRECTION ( 'NONE',  ( 0.2516338517649511775, 0.000000000000000000, 0.9678225067882718635 ) ) ;
#1785 = ORIENTED_EDGE ( 'NONE', *, *, #3869, .T. ) ;
#1786 = EDGE_CURVE ( 'NONE', #253, #3577, #2250, .T. ) ;
#1787 = DIRECTION ( 'NONE',  ( -0.000000000000000000, 1.000000000000000000, -0.000000000000000000 ) ) ;
#1788 = ORIENTED_EDGE ( 'NONE', *, *, #3355, .T. ) ;
#1789 = CARTESIAN_POINT ( 'NONE',  ( 140.0000000000000853, 5.000000000000000000, -102.0499999999999972 ) ) ;
#1790 = ORIENTED_EDGE ( 'NONE', *, *, #1267, .T. ) ;
#1791 = CARTESIAN_POINT ( 'NONE',  ( 79.46402151864761265, 23.97501852879570450, -99.94893961880677580 ) ) ;
#1792 = DIRECTION ( 'NONE',  ( -1.000000000000000000, -0.000000000000000000, -0.000000000000000000 ) ) ;
#1793 = ORIENTED_EDGE ( 'NONE', *, *, #1120, .F. ) ;
#1794 = VERTEX_POINT ( 'NONE', #203 ) ;
#1795 = VERTEX_POINT ( 'NONE', #1471 ) ;
#1796 = CARTESIAN_POINT ( 'NONE',  ( 119.0000000000000284, 10.57660624134118521, -87.75000000000000000 ) ) ;
#1797 = DIRECTION ( 'NONE',  ( 0.000000000000000000, 0.000000000000000000, 1.000000000000000000 ) ) ;
#1798 = DIRECTION ( 'NONE',  ( 1.000000000000000000, 0.000000000000000000, -3.154042683594193641E-16 ) ) ;
#1799 = DIRECTION ( 'NONE',  ( -0.000000000000000000, 1.000000000000000000, -0.000000000000000000 ) ) ;
#1800 = AXIS2_PLACEMENT_3D ( 'NONE', #510, #3923, #1816 ) ;
#1801 = ORIENTED_EDGE ( 'NONE', *, *, #2881, .T. ) ;
#1802 = CARTESIAN_POINT ( 'NONE',  ( -81.00000000000001421, 0.000000000000000000, -97.99999999999998579 ) ) ;
#1803 = LINE ( 'NONE', #4289, #3583 ) ;
#1804 = AXIS2_PLACEMENT_3D ( 'NONE', #3313, #3988, #600 ) ;
#1805 = ORIENTED_EDGE ( 'NONE', *, *, #2007, .F. ) ;
#1806 = CARTESIAN_POINT ( 'NONE',  ( 45.59999999999999432, 0.000000000000000000, 34.49999999999993605 ) ) ;
#1807 = CARTESIAN_POINT ( 'NONE',  ( 81.00000000000001421, 24.00000000000000000, -95.50000000000000000 ) ) ;
#1808 = LINE ( 'NONE', #3176, #1636 ) ;
#1809 = EDGE_LOOP ( 'NONE', ( #2873, #4373, #1562, #1785 ) ) ;
#1810 = CARTESIAN_POINT ( 'NONE',  ( -45.60000000000000142, 5.000000000000000000, -7.500000000000062172 ) ) ;
#1811 = DIRECTION ( 'NONE',  ( -1.000000000000000000, -0.000000000000000000, -0.000000000000000000 ) ) ;
#1812 = VERTEX_POINT ( 'NONE', #4220 ) ;
#1813 = EDGE_CURVE ( 'NONE', #3607, #888, #4080, .T. ) ;
#1814 = ORIENTED_EDGE ( 'NONE', *, *, #3749, .F. ) ;
#1815 = ORIENTED_EDGE ( 'NONE', *, *, #2823, .F. ) ;
#1816 = DIRECTION ( 'NONE',  ( 0.000000000000000000, 0.000000000000000000, 1.000000000000000000 ) ) ;
#1817 = EDGE_CURVE ( 'NONE', #2956, #2096, #3189, .T. ) ;
#1818 = DIRECTION ( 'NONE',  ( -1.000000000000000000, 0.000000000000000000, 0.000000000000000000 ) ) ;
#1819 = ADVANCED_FACE ( 'NONE', ( #2827 ), #113, .F. ) ;
#1820 = EDGE_CURVE ( 'NONE', #2003, #2486, #1869, .T. ) ;
#1821 = CARTESIAN_POINT ( 'NONE',  ( -45.60000000000000142, -16.20000000000000284, -7.500000000000069278 ) ) ;
#1822 = ORIENTED_EDGE ( 'NONE', *, *, #706, .F. ) ;
#1823 = DIRECTION ( 'NONE',  ( 0.000000000000000000, 0.000000000000000000, -1.000000000000000000 ) ) ;
#1824 = CARTESIAN_POINT ( 'NONE',  ( 16.00000000000000000, -89.44271909999159220, 46.99999999999992895 ) ) ;
#1825 = ORIENTED_EDGE ( 'NONE', *, *, #1170, .T. ) ;
#1826 = DIRECTION ( 'NONE',  ( 0.000000000000000000, 1.000000000000000000, 0.000000000000000000 ) ) ;
#1827 = DIRECTION ( 'NONE',  ( 0.000000000000000000, 0.000000000000000000, 1.000000000000000000 ) ) ;
#1828 = CARTESIAN_POINT ( 'NONE',  ( -75.00000000000001421, 17.00000000000000000, -80.00000000000000000 ) ) ;
#1829 = AXIS2_PLACEMENT_3D ( 'NONE', #3354, #1799, #402 ) ;
#1830 = LINE ( 'NONE', #2429, #3921 ) ;
#1831 = AXIS2_PLACEMENT_3D ( 'NONE', #444, #3582, #4248 ) ;
#1832 = FACE_OUTER_BOUND ( 'NONE', #739, .T. ) ;
#1833 = DIRECTION ( 'NONE',  ( 0.000000000000000000, 1.000000000000000000, 0.000000000000000000 ) ) ;
#1834 = VECTOR ( 'NONE', #752, 1000.000000000000000 ) ;
#1835 = VERTEX_POINT ( 'NONE', #3251 ) ;
#1836 = ORIENTED_EDGE ( 'NONE', *, *, #4101, .T. ) ;
#1837 = CIRCLE ( 'NONE', #4335, 2.000000000000001776 ) ;
#1838 = EDGE_CURVE ( 'NONE', #3660, #132, #1374, .T. ) ;
#1839 = CIRCLE ( 'NONE', #3555, 1.549999999999995826 ) ;
#1840 = PLANE ( 'NONE',  #745 ) ;
#1841 = DIRECTION ( 'NONE',  ( 0.000000000000000000, 1.000000000000000000, 0.000000000000000000 ) ) ;
#1842 = EDGE_CURVE ( 'NONE', #1861, #284, #2560, .T. ) ;
#1843 = DIRECTION ( 'NONE',  ( -0.000000000000000000, -1.000000000000000000, -0.000000000000000000 ) ) ;
#1844 = AXIS2_PLACEMENT_3D ( 'NONE', #421, #3505, #3069 ) ;
#1845 = CIRCLE ( 'NONE', #1634, 1.549999999999995826 ) ;
#1846 = EDGE_LOOP ( 'NONE', ( #1013, #1048 ) ) ;
#1847 = LINE ( 'NONE', #877, #659 ) ;
#1848 = AXIS2_PLACEMENT_3D ( 'NONE', #2184, #3346, #3705 ) ;
#1849 = CARTESIAN_POINT ( 'NONE',  ( 75.00000000000001421, 37.42339375865881124, -72.25000000000000000 ) ) ;
#1850 = CIRCLE ( 'NONE', #1270, 2.000000000000001776 ) ;
#1851 = ORIENTED_EDGE ( 'NONE', *, *, #3317, .F. ) ;
#1852 = PLANE ( 'NONE',  #64 ) ;
#1853 = DIRECTION ( 'NONE',  ( 0.000000000000000000, 0.000000000000000000, 1.000000000000000000 ) ) ;
#1854 = DIRECTION ( 'NONE',  ( -0.2516338517649512330, 0.000000000000000000, -0.9678225067882718635 ) ) ;
#1855 = UNCERTAINTY_MEASURE_WITH_UNIT (LENGTH_MEASURE( 1.000000000000000082E-05 ), #2821, 'distance_accuracy_value', 'NONE');
#1856 = CARTESIAN_POINT ( 'NONE',  ( 75.00000000000000000, 24.00000000000000000, -97.00000000000000000 ) ) ;
#1857 = CARTESIAN_POINT ( 'NONE',  ( -25.99999999999999645, 0.000000000000000000, 8.499999999999952038 ) ) ;
#1858 = DIRECTION ( 'NONE',  ( -0.000000000000000000, -1.000000000000000000, -0.000000000000000000 ) ) ;
#1859 = ORIENTED_EDGE ( 'NONE', *, *, #1813, .F. ) ;
#1860 = ORIENTED_EDGE ( 'NONE', *, *, #541, .F. ) ;
#1861 = VERTEX_POINT ( 'NONE', #2514 ) ;
#1862 = EDGE_CURVE ( 'NONE', #4233, #70, #1803, .T. ) ;
#1863 = CARTESIAN_POINT ( 'NONE',  ( 75.00000000000001421, 7.000000000000020428, -57.99999999999997868 ) ) ;
#1864 = CARTESIAN_POINT ( 'NONE',  ( 0.000000000000000000, 0.000000000000000000, 0.000000000000000000 ) ) ;
#1865 = DIRECTION ( 'NONE',  ( 0.000000000000000000, 0.000000000000000000, 1.000000000000000000 ) ) ;
#1866 = CARTESIAN_POINT ( 'NONE',  ( 119.0000000000000284, 24.00000000000000355, -66.00000000000000000 ) ) ;
#1867 = ADVANCED_FACE ( 'NONE', ( #3529 ), #4196, .F. ) ;
#1868 = ORIENTED_EDGE ( 'NONE', *, *, #3075, .F. ) ;
#1869 = CIRCLE ( 'NONE', #523, 2.599999999999991207 ) ;
#1870 = CYLINDRICAL_SURFACE ( 'NONE', #525, 2.000000000000001776 ) ;
#1871 = LINE ( 'NONE', #2495, #669 ) ;
#1872 = VECTOR ( 'NONE', #4370, 1000.000000000000000 ) ;
#1873 = ORIENTED_EDGE ( 'NONE', *, *, #3121, .F. ) ;
#1874 = ORIENTED_EDGE ( 'NONE', *, *, #627, .F. ) ;
#1875 = CARTESIAN_POINT ( 'NONE',  ( 75.00000000000001421, 10.57660624134121363, -73.74999999999997158 ) ) ;
#1876 = AXIS2_PLACEMENT_3D ( 'NONE', #1310, #909, #4342 ) ;
#1877 = DIRECTION ( 'NONE',  ( -1.000000000000000000, -0.000000000000000000, -0.000000000000000000 ) ) ;
#1878 = EDGE_CURVE ( 'NONE', #2003, #1642, #1871, .T. ) ;
#1879 = DIRECTION ( 'NONE',  ( -1.000000000000000000, -0.000000000000000000, -0.000000000000000000 ) ) ;
#1880 = ADVANCED_FACE ( 'NONE', ( #835 ), #3548, .T. ) ;
#1881 = EDGE_CURVE ( 'NONE', #3942, #2706, #3864, .T. ) ;
#1882 = ADVANCED_FACE ( 'NONE', ( #2578 ), #4240, .F. ) ;
#1883 = CARTESIAN_POINT ( 'NONE',  ( 75.00000000000002842, 5.000000000000000000, 9.999999999999911182 ) ) ;
#1884 = DIRECTION ( 'NONE',  ( 0.000000000000000000, 0.000000000000000000, 1.000000000000000000 ) ) ;
#1885 = ORIENTED_EDGE ( 'NONE', *, *, #2885, .F. ) ;
#1886 = ORIENTED_EDGE ( 'NONE', *, *, #773, .F. ) ;
#1887 = ORIENTED_EDGE ( 'NONE', *, *, #24, .T. ) ;
#1888 = LINE ( 'NONE', #3271, #2236 ) ;
#1889 = CYLINDRICAL_SURFACE ( 'NONE', #710, 19.99999999999999645 ) ;
#1890 = LINE ( 'NONE', #3185, #484 ) ;
#1891 = VERTEX_POINT ( 'NONE', #2210 ) ;
#1892 = CARTESIAN_POINT ( 'NONE',  ( 75.00000000000000000, 22.37809154710686244, -59.17157287525383680 ) ) ;
#1893 = DIRECTION ( 'NONE',  ( 0.000000000000000000, 0.000000000000000000, 1.000000000000000000 ) ) ;
#1894 = ORIENTED_EDGE ( 'NONE', *, *, #2103, .F. ) ;
#1895 = ORIENTED_EDGE ( 'NONE', *, *, #1733, .T. ) ;
#1896 = DIRECTION ( 'NONE',  ( -1.000000000000000000, 0.000000000000000000, -0.000000000000000000 ) ) ;
#1897 = DIRECTION ( 'NONE',  ( -1.000000000000000000, -0.000000000000000000, -0.000000000000000000 ) ) ;
#1898 = LINE ( 'NONE', #3257, #556 ) ;
#1899 = ADVANCED_FACE ( 'NONE', ( #516 ), #3954, .F. ) ;
#1900 = EDGE_CURVE ( 'NONE', #731, #391, #2897, .T. ) ;
#1901 = PLANE ( 'NONE',  #2918 ) ;
#1902 = CARTESIAN_POINT ( 'NONE',  ( 140.0000000000000853, 5.000000000000000888, -57.99999999999997868 ) ) ;
#1903 = VECTOR ( 'NONE', #1430, 1000.000000000000000 ) ;
#1904 = EDGE_CURVE ( 'NONE', #4213, #2407, #1957, .T. ) ;
#1905 = ORIENTED_EDGE ( 'NONE', *, *, #2630, .T. ) ;
#1906 = VERTEX_POINT ( 'NONE', #3368 ) ;
#1907 = VERTEX_POINT ( 'NONE', #3298 ) ;
#1908 = AXIS2_PLACEMENT_3D ( 'NONE', #3472, #1352, #689 ) ;
#1909 = DIRECTION ( 'NONE',  ( 0.000000000000000000, 0.000000000000000000, -1.000000000000000000 ) ) ;
#1910 = FACE_OUTER_BOUND ( 'NONE', #2204, .T. ) ;
#1911 = CARTESIAN_POINT ( 'NONE',  ( -75.00000000000001421, 37.42339375865881834, -87.75000000000002842 ) ) ;
#1912 = VECTOR ( 'NONE', #2567, 1000.000000000000000 ) ;
#1913 = ORIENTED_EDGE ( 'NONE', *, *, #1053, .T. ) ;
#1914 = DIRECTION ( 'NONE',  ( -0.000000000000000000, 1.000000000000000000, -0.000000000000000000 ) ) ;
#1915 = DIRECTION ( 'NONE',  ( 0.000000000000000000, 0.000000000000000000, 1.000000000000000000 ) ) ;
#1916 = VECTOR ( 'NONE', #3738, 1000.000000000000000 ) ;
#1917 = VERTEX_POINT ( 'NONE', #3970 ) ;
#1918 = AXIS2_PLACEMENT_3D ( 'NONE', #2160, #157, #1203 ) ;
#1919 = EDGE_LOOP ( 'NONE', ( #2777, #531, #1090, #102 ) ) ;
#1920 = VECTOR ( 'NONE', #1641, 1000.000000000000000 ) ;
#1921 = CIRCLE ( 'NONE', #572, 1.500000000000001332 ) ;
#1922 = CYLINDRICAL_SURFACE ( 'NONE', #1340, 1.499999999999987566 ) ;
#1923 = CARTESIAN_POINT ( 'NONE',  ( 24.00000000000001421, 0.000000000000000000, 8.499999999999948486 ) ) ;
#1924 = LINE ( 'NONE', #3284, #3336 ) ;
#1925 = ADVANCED_FACE ( 'NONE', ( #1582 ), #1249, .F. ) ;
#1926 = CARTESIAN_POINT ( 'NONE',  ( 24.00000000000002842, 5.000000000000004441, 46.49999999999992895 ) ) ;
#1927 = CARTESIAN_POINT ( 'NONE',  ( -79.11689526124925465, 22.86965555254185389, -60.00256449193075525 ) ) ;
#1928 = VERTEX_POINT ( 'NONE', #3343 ) ;
#1929 = DIRECTION ( 'NONE',  ( 0.000000000000000000, 0.000000000000000000, 1.000000000000000000 ) ) ;
#1930 = VERTEX_POINT ( 'NONE', #914 ) ;
#1931 = DIRECTION ( 'NONE',  ( -0.000000000000000000, 1.000000000000000000, -0.000000000000000000 ) ) ;
#1932 = CYLINDRICAL_SURFACE ( 'NONE', #3129, 1.549999999999995826 ) ;
#1933 = LINE ( 'NONE', #1313, #3695 ) ;
#1934 = VERTEX_POINT ( 'NONE', #1620 ) ;
#1935 = CARTESIAN_POINT ( 'NONE',  ( -73.00000000000001421, 5.000000000000000000, -105.0000000000000142 ) ) ;
#1936 = DIRECTION ( 'NONE',  ( 0.000000000000000000, 0.000000000000000000, 1.000000000000000000 ) ) ;
#1937 = VERTEX_POINT ( 'NONE', #318 ) ;
#1938 = ORIENTED_EDGE ( 'NONE', *, *, #3928, .F. ) ;
#1939 = DIRECTION ( 'NONE',  ( 1.000000000000000000, 0.000000000000000000, -3.154042683594193641E-16 ) ) ;
#1940 = DIRECTION ( 'NONE',  ( -0.000000000000000000, -1.000000000000000000, -0.000000000000000000 ) ) ;
#1941 = AXIS2_PLACEMENT_3D ( 'NONE', #2002, #3351, #3013 ) ;
#1942 = VECTOR ( 'NONE', #1486, 1000.000000000000000 ) ;
#1943 = LINE ( 'NONE', #3285, #4056 ) ;
#1944 = VECTOR ( 'NONE', #186, 1000.000000000000000 ) ;
#1945 = LINE ( 'NONE', #573, #1912 ) ;
#1946 = ORIENTED_EDGE ( 'NONE', *, *, #3971, .F. ) ;
#1947 = ORIENTED_EDGE ( 'NONE', *, *, #4251, .F. ) ;
#1948 = ORIENTED_EDGE ( 'NONE', *, *, #3875, .T. ) ;
#1949 = CYLINDRICAL_SURFACE ( 'NONE', #171, 1.500000000000001332 ) ;
#1950 = LINE ( 'NONE', #3005, #210 ) ;
#1951 = CYLINDRICAL_SURFACE ( 'NONE', #1201, 3.000000000000002665 ) ;
#1952 = EDGE_CURVE ( 'NONE', #3511, #253, #1975, .T. ) ;
#1953 = ORIENTED_EDGE ( 'NONE', *, *, #3323, .T. ) ;
#1954 = CARTESIAN_POINT ( 'NONE',  ( 81.00000000000001421, 5.000000000000000000, -97.99999999999998579 ) ) ;
#1955 = EDGE_CURVE ( 'NONE', #1724, #4290, #4058, .T. ) ;
#1956 = ADVANCED_FACE ( 'NONE', ( #3031 ), #1006, .F. ) ;
#1957 = LINE ( 'NONE', #3641, #1018 ) ;
#1958 = ORIENTED_EDGE ( 'NONE', *, *, #3729, .F. ) ;
#1959 = ORIENTED_EDGE ( 'NONE', *, *, #2327, .T. ) ;
#1960 = FACE_OUTER_BOUND ( 'NONE', #19, .T. ) ;
#1961 = PLANE ( 'NONE',  #3223 ) ;
#1962 = LINE ( 'NONE', #3327, #2757 ) ;
#1963 = DIRECTION ( 'NONE',  ( 1.000000000000000000, -0.000000000000000000, 3.854941057726240562E-16 ) ) ;
#1964 = DIRECTION ( 'NONE',  ( 0.000000000000000000, 1.000000000000000000, 0.000000000000000000 ) ) ;
#1965 = ORIENTED_EDGE ( 'NONE', *, *, #190, .T. ) ;
#1966 = DIRECTION ( 'NONE',  ( -0.000000000000000000, 1.000000000000000000, -0.000000000000000000 ) ) ;
#1967 = ORIENTED_EDGE ( 'NONE', *, *, #1904, .T. ) ;
#1968 = LINE ( 'NONE', #1614, #3231 ) ;
#1969 = PLANE ( 'NONE',  #859 ) ;
#1970 = CARTESIAN_POINT ( 'NONE',  ( 75.00000000000000000, 7.000000000000026645, -102.0499999999999972 ) ) ;
#1971 = ORIENTED_EDGE ( 'NONE', *, *, #4389, .F. ) ;
#1972 = ADVANCED_FACE ( 'NONE', ( #2987 ), #3615, .F. ) ;
#1973 = AXIS2_PLACEMENT_3D ( 'NONE', #2781, #4126, #3096 ) ;
#1974 = CARTESIAN_POINT ( 'NONE',  ( -45.60000000000000142, -16.20000000000000284, -7.500000000000069278 ) ) ;
#1975 = LINE ( 'NONE', #1667, #2005 ) ;
#1976 = CIRCLE ( 'NONE', #59, 1.500000000000001332 ) ;
#1977 = AXIS2_PLACEMENT_3D ( 'NONE', #612, #2603, #3621 ) ;
#1978 = ORIENTED_EDGE ( 'NONE', *, *, #4082, .T. ) ;
#1979 = AXIS2_PLACEMENT_3D ( 'NONE', #966, #1980, #3282 ) ;
#1980 = DIRECTION ( 'NONE',  ( 0.000000000000000000, -0.9893452176575513457, -0.1455885994785731941 ) ) ;
#1981 = DIRECTION ( 'NONE',  ( 0.000000000000000000, 0.000000000000000000, 1.000000000000000000 ) ) ;
#1982 = AXIS2_PLACEMENT_3D ( 'NONE', #3272, #4365, #1644 ) ;
#1983 = VERTEX_POINT ( 'NONE', #3278 ) ;
#1984 = CARTESIAN_POINT ( 'NONE',  ( 119.0000000000000284, 24.00000000000000355, -63.00000000000000000 ) ) ;
#1985 = ORIENTED_EDGE ( 'NONE', *, *, #4354, .T. ) ;
#1986 = VECTOR ( 'NONE', #1064, 1000.000000000000000 ) ;
#1987 = AXIS2_PLACEMENT_3D ( 'NONE', #841, #2884, #504 ) ;
#1988 = CYLINDRICAL_SURFACE ( 'NONE', #1638, 2.000000000000001776 ) ;
#1989 = ORIENTED_EDGE ( 'NONE', *, *, #1055, .T. ) ;
#1990 = CARTESIAN_POINT ( 'NONE',  ( -53.49999999999996447, 5.000000000000000000, 104.9999999999999289 ) ) ;
#1991 = ORIENTED_EDGE ( 'NONE', *, *, #2009, .T. ) ;
#1992 = CARTESIAN_POINT ( 'NONE',  ( 75.00000000000000000, 24.00000000000000000, -95.50000000000000000 ) ) ;
#1993 = CARTESIAN_POINT ( 'NONE',  ( 64.99999999999998579, -5.000000000000000000, -56.00000000000000711 ) ) ;
#1994 = PLANE ( 'NONE',  #272 ) ;
#1995 = EDGE_LOOP ( 'NONE', ( #1091, #1425 ) ) ;
#1996 = FACE_OUTER_BOUND ( 'NONE', #259, .T. ) ;
#1997 = ADVANCED_FACE ( 'NONE', ( #1295 ), #2644, .F. ) ;
#1998 = DIRECTION ( 'NONE',  ( -0.000000000000000000, -1.000000000000000000, -0.000000000000000000 ) ) ;
#1999 = EDGE_CURVE ( 'NONE', #2825, #3884, #2316, .T. ) ;
#2000 = ORIENTED_EDGE ( 'NONE', *, *, #3035, .T. ) ;
#2001 = CARTESIAN_POINT ( 'NONE',  ( -25.99999999999999645, -89.44271909999159220, -25.00000000000006395 ) ) ;
#2002 = CARTESIAN_POINT ( 'NONE',  ( -43.00000000000000711, -16.20000000000000284, 34.49999999999993605 ) ) ;
#2003 = VERTEX_POINT ( 'NONE', #2597 ) ;
#2004 = VERTEX_POINT ( 'NONE', #1602 ) ;
#2005 = VECTOR ( 'NONE', #2945, 1000.000000000000000 ) ;
#2006 = ADVANCED_FACE ( 'NONE', ( #3683 ), #2966, .T. ) ;
#2007 = EDGE_CURVE ( 'NONE', #1660, #481, #4371, .T. ) ;
#2008 = DIRECTION ( 'NONE',  ( -1.000000000000000000, -0.000000000000000000, -0.000000000000000000 ) ) ;
#2009 = EDGE_CURVE ( 'NONE', #70, #1697, #1206, .T. ) ;
#2010 = ADVANCED_FACE ( 'NONE', ( #2295 ), #3662, .T. ) ;
#2011 = VECTOR ( 'NONE', #3541, 1000.000000000000000 ) ;
#2012 = ORIENTED_EDGE ( 'NONE', *, *, #679, .T. ) ;
#2013 = CARTESIAN_POINT ( 'NONE',  ( -45.49999999999997868, 5.000000000000000000, 94.99999999999992895 ) ) ;
#2014 = ORIENTED_EDGE ( 'NONE', *, *, #3819, .F. ) ;
#2015 = DIRECTION ( 'NONE',  ( 0.000000000000000000, 1.000000000000000000, 0.000000000000000000 ) ) ;
#2016 = VECTOR ( 'NONE', #52, 1000.000000000000000 ) ;
#2017 = CARTESIAN_POINT ( 'NONE',  ( -20.00000000000001066, 5.000000000000000000, 93.49999999999991473 ) ) ;
#2018 = DIRECTION ( 'NONE',  ( -1.000000000000000000, -0.000000000000000000, -0.000000000000000000 ) ) ;
#2019 = ORIENTED_EDGE ( 'NONE', *, *, #2386, .T. ) ;
#2020 = LINE ( 'NONE', #1044, #1726 ) ;
#2021 = DIRECTION ( 'NONE',  ( 0.000000000000000000, 0.000000000000000000, 1.000000000000000000 ) ) ;
#2022 = VERTEX_POINT ( 'NONE', #4034 ) ;
#2023 = DIRECTION ( 'NONE',  ( 1.000000000000000000, -0.000000000000000000, 3.854941057726235139E-16 ) ) ;
#2024 = DIRECTION ( 'NONE',  ( 0.000000000000000000, 0.000000000000000000, 1.000000000000000000 ) ) ;
#2025 = VERTEX_POINT ( 'NONE', #982 ) ;
#2026 = EDGE_LOOP ( 'NONE', ( #1059, #1699, #3998, #193 ) ) ;
#2027 = EDGE_CURVE ( 'NONE', #3934, #517, #2835, .T. ) ;
#2028 = DIRECTION ( 'NONE',  ( -3.154042683594193641E-16, 0.000000000000000000, -1.000000000000000000 ) ) ;
#2029 = VERTEX_POINT ( 'NONE', #4079 ) ;
#2030 = CARTESIAN_POINT ( 'NONE',  ( 24.00000000000002842, 0.000000000000000000, 46.49999999999992895 ) ) ;
#2031 = EDGE_LOOP ( 'NONE', ( #1299, #833, #2692, #2890 ) ) ;
#2032 = CARTESIAN_POINT ( 'NONE',  ( 20.00000000000006750, -16.20000000000000284, 96.49999999999991473 ) ) ;
#2033 = FACE_BOUND ( 'NONE', #3224, .T. ) ;
#2034 = FACE_OUTER_BOUND ( 'NONE', #1240, .T. ) ;
#2035 = EDGE_LOOP ( 'NONE', ( #2741, #2153, #2469, #1148 ) ) ;
#2036 = CARTESIAN_POINT ( 'NONE',  ( 24.00000000000002842, -89.44271909999159220, 46.49999999999992895 ) ) ;
#2037 = CARTESIAN_POINT ( 'NONE',  ( 75.00000000000001421, 10.57660624134121363, -72.24999999999998579 ) ) ;
#2038 = CARTESIAN_POINT ( 'NONE',  ( 24.00000000000001421, -89.44271909999159220, 9.999999999999953815 ) ) ;
#2039 = CIRCLE ( 'NONE', #4329, 1.500000000000001332 ) ;
#2040 = ORIENTED_EDGE ( 'NONE', *, *, #4332, .F. ) ;
#2041 = CARTESIAN_POINT ( 'NONE',  ( -17.99999999999997513, 0.000000000000000000, -30.00000000000006750 ) ) ;
#2042 = CIRCLE ( 'NONE', #1831, 1.499999999999987566 ) ;
#2043 = DIRECTION ( 'NONE',  ( 0.000000000000000000, 1.000000000000000000, 0.000000000000000000 ) ) ;
#2044 = ORIENTED_EDGE ( 'NONE', *, *, #3700, .F. ) ;
#2045 = ORIENTED_EDGE ( 'NONE', *, *, #2653, .F. ) ;
#2046 = CIRCLE ( 'NONE', #1768, 1.499999999999987566 ) ;
#2047 = EDGE_CURVE ( 'NONE', #2437, #756, #1778, .T. ) ;
#2048 = CIRCLE ( 'NONE', #3701, 1.549999999999995826 ) ;
#2049 = DIRECTION ( 'NONE',  ( -1.000000000000000000, -0.000000000000000000, -0.000000000000000000 ) ) ;
#2050 = EDGE_CURVE ( 'NONE', #1928, #807, #2122, .T. ) ;
#2051 = CIRCLE ( 'NONE', #567, 1.500000000000001332 ) ;
#2052 = AXIS2_PLACEMENT_3D ( 'NONE', #2754, #3820, #3149 ) ;
#2053 = ORIENTED_EDGE ( 'NONE', *, *, #1817, .T. ) ;
#2054 = DIRECTION ( 'NONE',  ( 0.000000000000000000, 0.000000000000000000, 1.000000000000000000 ) ) ;
#2055 = VERTEX_POINT ( 'NONE', #693 ) ;
#2056 = VECTOR ( 'NONE', #3652, 1000.000000000000000 ) ;
#2057 = VECTOR ( 'NONE', #700, 1000.000000000000000 ) ;
#2058 = DIRECTION ( 'NONE',  ( -1.000000000000000000, -0.000000000000000000, -0.000000000000000000 ) ) ;
#2059 = CARTESIAN_POINT ( 'NONE',  ( 119.0000000000000284, 10.57660624134121363, -70.75000000000000000 ) ) ;
#2060 = CARTESIAN_POINT ( 'NONE',  ( 119.0000000000000284, 10.57660624134118521, -86.25000000000001421 ) ) ;
#2061 = ORIENTED_EDGE ( 'NONE', *, *, #3429, .T. ) ;
#2062 = DIRECTION ( 'NONE',  ( 0.000000000000000000, 0.000000000000000000, -1.000000000000000000 ) ) ;
#2063 = DIRECTION ( 'NONE',  ( 0.000000000000000000, 0.000000000000000000, 1.000000000000000000 ) ) ;
#2064 = DIRECTION ( 'NONE',  ( 0.000000000000000000, 0.000000000000000000, -1.000000000000000000 ) ) ;
#2065 = ADVANCED_FACE ( 'NONE', ( #767 ), #3146, .F. ) ;
#2066 = EDGE_CURVE ( 'NONE', #2446, #330, #720, .T. ) ;
#2067 = CARTESIAN_POINT ( 'NONE',  ( 119.0000000000000284, 10.57660624134118521, -87.75000000000000000 ) ) ;
#2068 = EDGE_CURVE ( 'NONE', #4410, #2568, #2087, .T. ) ;
#2069 = VERTEX_POINT ( 'NONE', #1428 ) ;
#2070 = DIRECTION ( 'NONE',  ( 1.652117596168387756E-16, -0.000000000000000000, -1.000000000000000000 ) ) ;
#2071 = LINE ( 'NONE', #2809, #4227 ) ;
#2072 = VERTEX_POINT ( 'NONE', #84 ) ;
#2073 = VERTEX_POINT ( 'NONE', #3049 ) ;
#2074 = CARTESIAN_POINT ( 'NONE',  ( 75.00000000000001421, 37.42339375865881834, -89.25000000000002842 ) ) ;
#2075 = ORIENTED_EDGE ( 'NONE', *, *, #619, .T. ) ;
#2076 = FACE_OUTER_BOUND ( 'NONE', #2289, .T. ) ;
#2077 = AXIS2_PLACEMENT_3D ( 'NONE', #1078, #696, #3055 ) ;
#2078 = EDGE_LOOP ( 'NONE', ( #1036, #2932 ) ) ;
#2079 = CYLINDRICAL_SURFACE ( 'NONE', #93, 1.500000000000001332 ) ;
#2080 = LINE ( 'NONE', #3451, #862 ) ;
#2081 = CIRCLE ( 'NONE', #3518, 1.499999999999987566 ) ;
#2082 = LINE ( 'NONE', #1113, #1057 ) ;
#2083 = ORIENTED_EDGE ( 'NONE', *, *, #233, .T. ) ;
#2084 = AXIS2_PLACEMENT_3D ( 'NONE', #1508, #848, #2892 ) ;
#2085 = DIRECTION ( 'NONE',  ( -1.000000000000000000, -0.000000000000000000, -0.000000000000000000 ) ) ;
#2086 = DIRECTION ( 'NONE',  ( 0.000000000000000000, 1.000000000000000000, -0.000000000000000000 ) ) ;
#2087 = LINE ( 'NONE', #336, #3263 ) ;
#2088 = EDGE_CURVE ( 'NONE', #888, #3244, #3070, .T. ) ;
#2089 = CYLINDRICAL_SURFACE ( 'NONE', #2468, 1.549999999999995826 ) ;
#2090 = VECTOR ( 'NONE', #1897, 1000.000000000000000 ) ;
#2091 = ORIENTED_EDGE ( 'NONE', *, *, #4062, .F. ) ;
#2092 = ADVANCED_FACE ( 'NONE', ( #2749 ), #1023, .F. ) ;
#2093 = EDGE_CURVE ( 'NONE', #561, #2843, #2048, .T. ) ;
#2094 = DIRECTION ( 'NONE',  ( -9.376883653928692294E-17, 0.000000000000000000, -1.000000000000000000 ) ) ;
#2095 = CARTESIAN_POINT ( 'NONE',  ( 119.0000000000000284, 37.42339375865881124, -73.75000000000000000 ) ) ;
#2096 = VERTEX_POINT ( 'NONE', #1729 ) ;
#2097 = CARTESIAN_POINT ( 'NONE',  ( 19.00000000000000355, 0.000000000000000000, -27.00000000000005329 ) ) ;
#2098 = ORIENTED_EDGE ( 'NONE', *, *, #3216, .F. ) ;
#2099 = CARTESIAN_POINT ( 'NONE',  ( 20.00000000000000355, 5.000000000000000000, 75.49999999999992895 ) ) ;
#2100 = EDGE_LOOP ( 'NONE', ( #513, #51, #916, #2372 ) ) ;
#2101 = FACE_OUTER_BOUND ( 'NONE', #3539, .T. ) ;
#2102 = DIRECTION ( 'NONE',  ( 0.000000000000000000, 0.000000000000000000, -1.000000000000000000 ) ) ;
#2103 = EDGE_CURVE ( 'NONE', #1029, #4096, #4125, .T. ) ;
#2104 = PLANE ( 'NONE',  #1908 ) ;
#2105 = EDGE_LOOP ( 'NONE', ( #2263, #3832, #1953, #1913, #4129 ) ) ;
#2106 = EDGE_LOOP ( 'NONE', ( #906, #1296, #3817, #598 ) ) ;
#2107 = VERTEX_POINT ( 'NONE', #2375 ) ;
#2108 = FACE_BOUND ( 'NONE', #1345, .T. ) ;
#2109 = CARTESIAN_POINT ( 'NONE',  ( 16.00000000000000000, 5.000000000000004441, 46.99999999999992895 ) ) ;
#2110 = CARTESIAN_POINT ( 'NONE',  ( 81.00000000000000000, 30.51492527533766363, -61.65958325724744782 ) ) ;
#2111 = CARTESIAN_POINT ( 'NONE',  ( 15.99999999999997868, -89.44271909999159220, -30.00000000000006750 ) ) ;
#2112 = EDGE_CURVE ( 'NONE', #4120, #3728, #1065, .T. ) ;
#2113 = ORIENTED_EDGE ( 'NONE', *, *, #385, .T. ) ;
#2114 = CYLINDRICAL_SURFACE ( 'NONE', #3989, 3.000000000000002665 ) ;
#2115 = CARTESIAN_POINT ( 'NONE',  ( -80.91755062030091494, 29.80599318817504084, -98.63335915904880835 ) ) ;
#2116 = AXIS2_PLACEMENT_3D ( 'NONE', #1730, #2422, #380 ) ;
#2117 = ORIENTED_EDGE ( 'NONE', *, *, #738, .F. ) ;
#2118 = CIRCLE ( 'NONE', #131, 1.500000000000001332 ) ;
#2119 = LINE ( 'NONE', #4179, #144 ) ;
#2120 = VECTOR ( 'NONE', #589, 1000.000000000000000 ) ;
#2121 = VERTEX_POINT ( 'NONE', #3743 ) ;
#2122 = CIRCLE ( 'NONE', #3127, 19.99999999999998934 ) ;
#2123 = CARTESIAN_POINT ( 'NONE',  ( -75.00000000000001421, 10.57660624134121363, -72.24999999999998579 ) ) ;
#2124 = ORIENTED_EDGE ( 'NONE', *, *, #2148, .T. ) ;
#2125 = CARTESIAN_POINT ( 'NONE',  ( -75.00000000000001421, 10.57660624134121363, -70.75000000000000000 ) ) ;
#2126 = DIRECTION ( 'NONE',  ( 0.000000000000000000, 1.000000000000000000, 0.000000000000000000 ) ) ;
#2127 = VECTOR ( 'NONE', #1598, 1000.000000000000000 ) ;
#2128 = FACE_OUTER_BOUND ( 'NONE', #1528, .T. ) ;
#2129 = CIRCLE ( 'NONE', #3768, 3.000000000000002665 ) ;
#2130 = ORIENTED_EDGE ( 'NONE', *, *, #1053, .F. ) ;
#2131 = ORIENTED_EDGE ( 'NONE', *, *, #3312, .F. ) ;
#2132 = VECTOR ( 'NONE', #191, 1000.000000000000227 ) ;
#2133 = DIRECTION ( 'NONE',  ( 0.000000000000000000, 0.000000000000000000, 1.000000000000000000 ) ) ;
#2134 = DIRECTION ( 'NONE',  ( 0.000000000000000000, 1.000000000000000000, 0.000000000000000000 ) ) ;
#2135 = CARTESIAN_POINT ( 'NONE',  ( -45.49999999999997868, 0.000000000000000000, 94.99999999999992895 ) ) ;
#2136 = VECTOR ( 'NONE', #4139, 1000.000000000000000 ) ;
#2137 = DIRECTION ( 'NONE',  ( 0.000000000000000000, 0.000000000000000000, -1.000000000000000000 ) ) ;
#2138 = EDGE_CURVE ( 'NONE', #2055, #3942, #2909, .T. ) ;
#2139 = ORIENTED_EDGE ( 'NONE', *, *, #2232, .F. ) ;
#2140 = DIRECTION ( 'NONE',  ( -3.854941057726240562E-16, 0.000000000000000000, 1.000000000000000000 ) ) ;
#2141 = LINE ( 'NONE', #748, #1587 ) ;
#2142 = ORIENTED_EDGE ( 'NONE', *, *, #304, .T. ) ;
#2143 = CYLINDRICAL_SURFACE ( 'NONE', #3260, 1.500000000000001332 ) ;
#2144 = CARTESIAN_POINT ( 'NONE',  ( -77.00000000000002842, 5.000000000000000000, -100.0000000000000000 ) ) ;
#2145 = EDGE_CURVE ( 'NONE', #2658, #29, #3944, .T. ) ;
#2146 = FACE_BOUND ( 'NONE', #3530, .T. ) ;
#2147 = EDGE_LOOP ( 'NONE', ( #4039, #2561 ) ) ;
#2148 = EDGE_CURVE ( 'NONE', #3674, #56, #2691, .T. ) ;
#2149 = EDGE_CURVE ( 'NONE', #3884, #2618, #2619, .T. ) ;
#2150 = CARTESIAN_POINT ( 'NONE',  ( -20.00000000000001421, 0.000000000000000000, 75.49999999999992895 ) ) ;
#2151 = DIRECTION ( 'NONE',  ( -1.000000000000000000, -0.000000000000000000, -0.000000000000000000 ) ) ;
#2152 = ORIENTED_EDGE ( 'NONE', *, *, #1360, .F. ) ;
#2153 = ORIENTED_EDGE ( 'NONE', *, *, #1173, .T. ) ;
#2154 = CARTESIAN_POINT ( 'NONE',  ( 20.00000000000006395, 0.000000000000000000, 73.99999999999992895 ) ) ;
#2155 = AXIS2_PLACEMENT_3D ( 'NONE', #1670, #3725, #1253 ) ;
#2156 = DIRECTION ( 'NONE',  ( -1.000000000000000000, -0.000000000000000000, -0.000000000000000000 ) ) ;
#2157 = LINE ( 'NONE', #1468, #3755 ) ;
#2158 = CIRCLE ( 'NONE', #2869, 1.499999999999987566 ) ;
#2159 = EDGE_LOOP ( 'NONE', ( #2714, #1445 ) ) ;
#2160 = CARTESIAN_POINT ( 'NONE',  ( -25.99999999999999645, 0.000000000000000000, -25.00000000000006395 ) ) ;
#2161 = DIRECTION ( 'NONE',  ( -0.000000000000000000, 1.000000000000000000, -0.000000000000000000 ) ) ;
#2162 = AXIS2_PLACEMENT_3D ( 'NONE', #3654, #4301, #1597 ) ;
#2163 = ORIENTED_EDGE ( 'NONE', *, *, #1760, .F. ) ;
#2164 = ORIENTED_EDGE ( 'NONE', *, *, #100, .F. ) ;
#2165 = DIRECTION ( 'NONE',  ( 0.000000000000000000, 0.000000000000000000, 1.000000000000000000 ) ) ;
#2166 = CARTESIAN_POINT ( 'NONE',  ( -81.00000000000001421, 37.42339375865881834, -87.75000000000002842 ) ) ;
#2167 = CARTESIAN_POINT ( 'NONE',  ( -73.00000000000001421, 5.000000000000000000, -105.0000000000000142 ) ) ;
#2168 = EDGE_CURVE ( 'NONE', #4378, #1743, #1137, .T. ) ;
#2169 = FACE_OUTER_BOUND ( 'NONE', #953, .T. ) ;
#2170 = ADVANCED_FACE ( 'NONE', ( #1531 ), #1889, .T. ) ;
#2171 = CARTESIAN_POINT ( 'NONE',  ( 79.00000000000001421, 22.50000000000000000, -100.0000000000000000 ) ) ;
#2172 = CARTESIAN_POINT ( 'NONE',  ( -75.00000000000001421, 45.00000000000000000, -57.99999999999998579 ) ) ;
#2173 = ORIENTED_EDGE ( 'NONE', *, *, #2287, .F. ) ;
#2174 = ORIENTED_EDGE ( 'NONE', *, *, #4287, .F. ) ;
#2175 = ORIENTED_EDGE ( 'NONE', *, *, #26, .T. ) ;
#2176 = FACE_OUTER_BOUND ( 'NONE', #3898, .T. ) ;
#2177 = EDGE_CURVE ( 'NONE', #3061, #3744, #2342, .T. ) ;
#2178 = FACE_OUTER_BOUND ( 'NONE', #3253, .T. ) ;
#2179 = FACE_OUTER_BOUND ( 'NONE', #3573, .T. ) ;
#2180 = EDGE_LOOP ( 'NONE', ( #80, #3907 ) ) ;
#2181 = DIRECTION ( 'NONE',  ( -2.040851148208011450E-16, 0.000000000000000000, -1.000000000000000000 ) ) ;
#2182 = CARTESIAN_POINT ( 'NONE',  ( 140.0000000000000853, 22.50000000000000000, -100.0000000000000000 ) ) ;
#2183 = ORIENTED_EDGE ( 'NONE', *, *, #1361, .F. ) ;
#2184 = CARTESIAN_POINT ( 'NONE',  ( -81.00000000000001421, 24.00000000000000000, -95.50000000000000000 ) ) ;
#2185 = VERTEX_POINT ( 'NONE', #3247 ) ;
#2186 = CARTESIAN_POINT ( 'NONE',  ( -25.99999999999999645, -89.44271909999159220, 11.49999999999995381 ) ) ;
#2187 = CARTESIAN_POINT ( 'NONE',  ( -81.00000000000001421, 17.00000000000000000, -86.50000000000001421 ) ) ;
#2188 = CIRCLE ( 'NONE', #4399, 1.500000000000001332 ) ;
#2189 = ADVANCED_FACE ( 'NONE', ( #3835 ), #3184, .F. ) ;
#2190 = CARTESIAN_POINT ( 'NONE',  ( 20.00000000000007105, 5.000000000000000000, 76.99999999999992895 ) ) ;
#2191 = EDGE_CURVE ( 'NONE', #383, #183, #2551, .T. ) ;
#2192 = CIRCLE ( 'NONE', #275, 1.549999999999995826 ) ;
#2193 = CARTESIAN_POINT ( 'NONE',  ( -77.00000000000001421, 0.000000000000000000, -102.0000000000000142 ) ) ;
#2194 = CARTESIAN_POINT ( 'NONE',  ( -75.00000000000001421, 5.000000000000000000, -57.99999999999998579 ) ) ;
#2195 = ORIENTED_EDGE ( 'NONE', *, *, #2860, .F. ) ;
#2196 = ORIENTED_EDGE ( 'NONE', *, *, #1097, .F. ) ;
#2197 = AXIS2_PLACEMENT_3D ( 'NONE', #4203, #1187, #2235 ) ;
#2198 = AXIS2_PLACEMENT_3D ( 'NONE', #1509, #3506, #128 ) ;
#2199 = CARTESIAN_POINT ( 'NONE',  ( 20.00000000000006395, -16.20000000000000284, 73.99999999999992895 ) ) ;
#2200 = CARTESIAN_POINT ( 'NONE',  ( 75.00000000000001421, 24.00000000000000355, -64.50000000000000000 ) ) ;
#2201 = CARTESIAN_POINT ( 'NONE',  ( -45.49999999999997868, 5.000000000000000000, 96.54999999999992610 ) ) ;
#2202 = AXIS2_PLACEMENT_3D ( 'NONE', #2370, #2434, #1747 ) ;
#2203 = VECTOR ( 'NONE', #1144, 1000.000000000000000 ) ;
#2204 = EDGE_LOOP ( 'NONE', ( #237, #2307, #1102, #4309 ) ) ;
#2205 = EDGE_CURVE ( 'NONE', #3080, #703, #1839, .T. ) ;
#2206 = DIRECTION ( 'NONE',  ( 1.000000000000000000, 0.000000000000000000, -2.040851148208011450E-16 ) ) ;
#2207 = ADVANCED_FACE ( 'NONE', ( #2178 ), #810, .F. ) ;
#2208 = EDGE_CURVE ( 'NONE', #1782, #1716, #4189, .T. ) ;
#2209 = VECTOR ( 'NONE', #2767, 1000.000000000000000 ) ;
#2210 = CARTESIAN_POINT ( 'NONE',  ( -81.00000000000001421, 17.00000000000000000, -86.50000000000001421 ) ) ;
#2211 = ADVANCED_FACE ( 'NONE', ( #1160 ), #2916, .F. ) ;
#2212 = EDGE_CURVE ( 'NONE', #412, #2225, #2914, .T. ) ;
#2213 = EDGE_LOOP ( 'NONE', ( #49, #156, #3443, #23 ) ) ;
#2214 = VERTEX_POINT ( 'NONE', #106 ) ;
#2215 = PLANE ( 'NONE',  #2550 ) ;
#2216 = CARTESIAN_POINT ( 'NONE',  ( 81.00000000000001421, 5.000000000000000000, -62.00000000000002132 ) ) ;
#2217 = FACE_OUTER_BOUND ( 'NONE', #4106, .T. ) ;
#2218 = CARTESIAN_POINT ( 'NONE',  ( -20.00000000000001421, 5.000000000000000000, 73.99999999999992895 ) ) ;
#2219 = ORIENTED_EDGE ( 'NONE', *, *, #2527, .T. ) ;
#2220 = ORIENTED_EDGE ( 'NONE', *, *, #3930, .F. ) ;
#2221 = VERTEX_POINT ( 'NONE', #511 ) ;
#2222 = CARTESIAN_POINT ( 'NONE',  ( 75.00000000000001421, 24.00000000000000355, -64.50000000000000000 ) ) ;
#2223 = CARTESIAN_POINT ( 'NONE',  ( 79.00000000000001421, 22.50000000000000000, -100.0000000000000000 ) ) ;
#2224 = DIRECTION ( 'NONE',  ( 1.000000000000000000, 0.000000000000000000, -1.387778780781444413E-14 ) ) ;
#2225 = VERTEX_POINT ( 'NONE', #2822 ) ;
#2226 = AXIS2_PLACEMENT_3D ( 'NONE', #540, #158, #1514 ) ;
#2227 = EDGE_CURVE ( 'NONE', #1907, #2671, #495, .T. ) ;
#2228 = CARTESIAN_POINT ( 'NONE',  ( 79.00000000000001421, 5.000000000000000000, -98.00000000000000000 ) ) ;
#2229 = DIRECTION ( 'NONE',  ( 0.000000000000000000, 1.000000000000000000, 0.000000000000000000 ) ) ;
#2230 = VECTOR ( 'NONE', #3720, 1000.000000000000000 ) ;
#2231 = EDGE_LOOP ( 'NONE', ( #269, #1478, #79, #1115, #2019 ) ) ;
#2232 = EDGE_CURVE ( 'NONE', #2825, #1338, #4128, .T. ) ;
#2233 = ADVANCED_FACE ( 'NONE', ( #4236 ), #1199, .F. ) ;
#2234 = EDGE_LOOP ( 'NONE', ( #1456, #815, #2438, #3736 ) ) ;
#2235 = DIRECTION ( 'NONE',  ( 0.000000000000000000, 0.000000000000000000, 1.000000000000000000 ) ) ;
#2236 = VECTOR ( 'NONE', #2592, 1000.000000000000000 ) ;
#2237 = CARTESIAN_POINT ( 'NONE',  ( -25.99999999999999645, 0.000000000000000000, -26.50000000000006395 ) ) ;
#2238 = CARTESIAN_POINT ( 'NONE',  ( 119.0000000000000284, 10.57660624134118521, -87.75000000000000000 ) ) ;
#2239 = CARTESIAN_POINT ( 'NONE',  ( -74.99999999999995737, 22.50000000000000711, -60.00000000000001421 ) ) ;
#2240 = LINE ( 'NONE', #2305, #2617 ) ;
#2241 = EDGE_LOOP ( 'NONE', ( #2464, #3156, #2219, #1369, #2701, #473, #2044, #3106 ) ) ;
#2242 = ORIENTED_EDGE ( 'NONE', *, *, #2648, .F. ) ;
#2243 = VERTEX_POINT ( 'NONE', #2223 ) ;
#2244 = ADVANCED_FACE ( 'NONE', ( #2462 ), #3589, .F. ) ;
#2245 = DIRECTION ( 'NONE',  ( 0.000000000000000000, 0.000000000000000000, 1.000000000000000000 ) ) ;
#2246 = DIRECTION ( 'NONE',  ( 0.000000000000000000, 1.000000000000000000, -0.000000000000000000 ) ) ;
#2247 = CARTESIAN_POINT ( 'NONE',  ( -25.99999999999999645, -89.44271909999159220, -25.00000000000006395 ) ) ;
#2248 = ORIENTED_EDGE ( 'NONE', *, *, #4389, .T. ) ;
#2249 = CARTESIAN_POINT ( 'NONE',  ( 119.0000000000000284, 10.57660624134121363, -72.24999999999998579 ) ) ;
#2250 = LINE ( 'NONE', #814, #4366 ) ;
#2251 = ADVANCED_FACE ( 'NONE', ( #486 ), #1969, .F. ) ;
#2252 = EDGE_LOOP ( 'NONE', ( #1874, #4, #3360, #308 ) ) ;
#2253 = EDGE_CURVE ( 'NONE', #517, #3934, #4270, .T. ) ;
#2254 = ORIENTED_EDGE ( 'NONE', *, *, #3022, .F. ) ;
#2255 = FACE_BOUND ( 'NONE', #3584, .T. ) ;
#2256 = CARTESIAN_POINT ( 'NONE',  ( -45.49999999999997868, 5.000000000000000000, 93.44999999999993179 ) ) ;
#2257 = DIRECTION ( 'NONE',  ( 1.000000000000000000, 0.000000000000000000, -3.154042683594193641E-16 ) ) ;
#2258 = CARTESIAN_POINT ( 'NONE',  ( -25.99999999999999645, 5.000000000000004441, -25.00000000000006395 ) ) ;
#2259 = DIRECTION ( 'NONE',  ( -0.000000000000000000, 1.000000000000000000, -0.000000000000000000 ) ) ;
#2260 = AXIS2_PLACEMENT_3D ( 'NONE', #3572, #512, #154 ) ;
#2261 = ORIENTED_EDGE ( 'NONE', *, *, #4007, .F. ) ;
#2262 = ORIENTED_EDGE ( 'NONE', *, *, #3178, .F. ) ;
#2263 = ORIENTED_EDGE ( 'NONE', *, *, #959, .T. ) ;
#2264 = AXIS2_PLACEMENT_3D ( 'NONE', #3091, #1442, #4166 ) ;
#2265 = DIRECTION ( 'NONE',  ( 0.000000000000000000, 0.000000000000000000, 1.000000000000000000 ) ) ;
#2266 = DIRECTION ( 'NONE',  ( 0.000000000000000000, 0.000000000000000000, -1.000000000000000000 ) ) ;
#2267 = FACE_BOUND ( 'NONE', #3672, .T. ) ;
#2268 = CIRCLE ( 'NONE', #2197, 3.000000000000002665 ) ;
#2269 = ORIENTED_EDGE ( 'NONE', *, *, #3464, .T. ) ;
#2270 = AXIS2_PLACEMENT_3D ( 'NONE', #1072, #675, #2709 ) ;
#2271 = DIRECTION ( 'NONE',  ( -1.000000000000000000, 0.000000000000000000, 0.000000000000000000 ) ) ;
#2272 = CARTESIAN_POINT ( 'NONE',  ( 119.0000000000000284, 17.00000000000000000, -80.00000000000000000 ) ) ;
#2273 = AXIS2_PLACEMENT_3D ( 'NONE', #3966, #910, #891 ) ;
#2274 = VERTEX_POINT ( 'NONE', #3292 ) ;
#2275 = ORIENTED_EDGE ( 'NONE', *, *, #3913, .F. ) ;
#2276 = VECTOR ( 'NONE', #4362, 1000.000000000000000 ) ;
#2277 = AXIS2_PLACEMENT_3D ( 'NONE', #2812, #117, #1827 ) ;
#2278 = CARTESIAN_POINT ( 'NONE',  ( 75.00000000000001421, 22.20568695965746286, -57.99999999999998579 ) ) ;
#2279 = FACE_OUTER_BOUND ( 'NONE', #1110, .T. ) ;
#2280 = CARTESIAN_POINT ( 'NONE',  ( 81.00000000000001421, 24.00000000000000355, -63.00000000000000000 ) ) ;
#2281 = EDGE_CURVE ( 'NONE', #2072, #1545, #2615, .T. ) ;
#2282 = DIRECTION ( 'NONE',  ( -0.000000000000000000, 1.000000000000000000, -0.000000000000000000 ) ) ;
#2283 = DIRECTION ( 'NONE',  ( -0.000000000000000000, 1.000000000000000000, -0.000000000000000000 ) ) ;
#2284 = EDGE_CURVE ( 'NONE', #300, #334, #1950, .T. ) ;
#2285 = VERTEX_POINT ( 'NONE', #3337 ) ;
#2286 = DIRECTION ( 'NONE',  ( 0.000000000000000000, 0.000000000000000000, 1.000000000000000000 ) ) ;
#2287 = EDGE_CURVE ( 'NONE', #3516, #2957, #1312, .T. ) ;
#2288 = EDGE_CURVE ( 'NONE', #2025, #2479, #69, .T. ) ;
#2289 = EDGE_LOOP ( 'NONE', ( #12, #2758, #3773, #465, #1051, #3903, #1162, #3395, #1010, #3546, #96, #3692, #2310, #664, #3389, #3011, #3727, #4348, #1130, #3392 ) ) ;
#2290 = CARTESIAN_POINT ( 'NONE',  ( 75.00000000000001421, 10.57660624134118521, -87.75000000000000000 ) ) ;
#2291 = DIRECTION ( 'NONE',  ( 0.000000000000000000, 1.000000000000000000, 0.000000000000000000 ) ) ;
#2292 = DIRECTION ( 'NONE',  ( 1.000000000000000000, 0.000000000000000000, 0.000000000000000000 ) ) ;
#2293 = ORIENTED_EDGE ( 'NONE', *, *, #3463, .F. ) ;
#2294 = CARTESIAN_POINT ( 'NONE',  ( 119.0000000000000284, 24.00000000000000000, -94.00000000000000000 ) ) ;
#2295 = FACE_OUTER_BOUND ( 'NONE', #2234, .T. ) ;
#2296 = EDGE_LOOP ( 'NONE', ( #111, #3186, #4160, #1640 ) ) ;
#2297 = AXIS2_PLACEMENT_3D ( 'NONE', #2182, #1146, #2922 ) ;
#2298 = VERTEX_POINT ( 'NONE', #4030 ) ;
#2299 = LINE ( 'NONE', #3325, #350 ) ;
#2300 = CARTESIAN_POINT ( 'NONE',  ( 55.50000000000003553, 5.000000000000000000, 102.9999999999999289 ) ) ;
#2301 = VECTOR ( 'NONE', #135, 1000.000000000000000 ) ;
#2302 = DIRECTION ( 'NONE',  ( 0.000000000000000000, 0.000000000000000000, 1.000000000000000000 ) ) ;
#2303 = CIRCLE ( 'NONE', #2872, 1.549999999999995826 ) ;
#2304 = CARTESIAN_POINT ( 'NONE',  ( 55.50000000000003553, 5.000000000000000000, 84.99999999999994316 ) ) ;
#2305 = CARTESIAN_POINT ( 'NONE',  ( -20.00000000000001066, -16.20000000000000284, 96.49999999999991473 ) ) ;
#2306 = EDGE_CURVE ( 'NONE', #4111, #962, #4411, .T. ) ;
#2307 = ORIENTED_EDGE ( 'NONE', *, *, #829, .F. ) ;
#2308 = EDGE_CURVE ( 'NONE', #3462, #1529, #1845, .T. ) ;
#2309 = CARTESIAN_POINT ( 'NONE',  ( -79.00000000000000000, 0.000000000000000000, -100.0000000000000000 ) ) ;
#2310 = ORIENTED_EDGE ( 'NONE', *, *, #4333, .T. ) ;
#2311 = DIRECTION ( 'NONE',  ( -1.000000000000000000, 0.000000000000000000, 0.000000000000000000 ) ) ;
#2312 = PLANE ( 'NONE',  #497 ) ;
#2313 = LINE ( 'NONE', #1970, #3400 ) ;
#2314 = ORIENTED_EDGE ( 'NONE', *, *, #296, .F. ) ;
#2315 = CARTESIAN_POINT ( 'NONE',  ( -75.00000000000001421, 37.42339375865881834, -87.75000000000002842 ) ) ;
#2316 = LINE ( 'NONE', #268, #565 ) ;
#2317 = VERTEX_POINT ( 'NONE', #262 ) ;
#2318 = CARTESIAN_POINT ( 'NONE',  ( 81.00000000000001421, 24.00000000000000355, -66.00000000000000000 ) ) ;
#2319 = DIRECTION ( 'NONE',  ( 1.000000000000000000, 0.000000000000000000, -0.000000000000000000 ) ) ;
#2320 = EDGE_LOOP ( 'NONE', ( #1745, #3362, #2195 ) ) ;
#2321 = DIRECTION ( 'NONE',  ( 0.7071067811865545671, -0.7071067811865405783, -2.230244969721292898E-16 ) ) ;
#2322 = LINE ( 'NONE', #1883, #2132 ) ;
#2323 = EDGE_CURVE ( 'NONE', #2618, #3878, #975, .T. ) ;
#2324 = ORIENTED_EDGE ( 'NONE', *, *, #1120, .T. ) ;
#2325 = CARTESIAN_POINT ( 'NONE',  ( 19.00000000000000355, -89.44271909999159220, -27.00000000000005329 ) ) ;
#2326 = EDGE_LOOP ( 'NONE', ( #4241, #4279, #2012, #4147 ) ) ;
#2327 = EDGE_CURVE ( 'NONE', #1750, #746, #2406, .T. ) ;
#2328 = PLANE ( 'NONE',  #245 ) ;
#2329 = DIRECTION ( 'NONE',  ( 0.000000000000000000, 0.000000000000000000, 1.000000000000000000 ) ) ;
#2330 = DIRECTION ( 'NONE',  ( 0.000000000000000000, 0.000000000000000000, 1.000000000000000000 ) ) ;
#2331 = ORIENTED_EDGE ( 'NONE', *, *, #581, .T. ) ;
#2332 = VECTOR ( 'NONE', #2850, 1000.000000000000000 ) ;
#2333 = DIRECTION ( 'NONE',  ( 0.000000000000000000, 0.000000000000000000, 1.000000000000000000 ) ) ;
#2334 = CARTESIAN_POINT ( 'NONE',  ( 45.50000000000003553, 5.000000000000000000, 94.99999999999992895 ) ) ;
#2335 = VECTOR ( 'NONE', #1157, 1000.000000000000000 ) ;
#2336 = ORIENTED_EDGE ( 'NONE', *, *, #1323, .T. ) ;
#2337 = EDGE_CURVE ( 'NONE', #1724, #2446, #622, .T. ) ;
#2338 = ADVANCED_FACE ( 'NONE', ( #288 ), #1663, .F. ) ;
#2339 = AXIS2_PLACEMENT_3D ( 'NONE', #2727, #2086, #3114 ) ;
#2340 = FACE_OUTER_BOUND ( 'NONE', #3276, .T. ) ;
#2341 = FACE_OUTER_BOUND ( 'NONE', #3748, .T. ) ;
#2342 = CIRCLE ( 'NONE', #3627, 1.500000000000001332 ) ;
#2343 = ORIENTED_EDGE ( 'NONE', *, *, #3288, .F. ) ;
#2344 = VECTOR ( 'NONE', #3166, 1000.000000000000000 ) ;
#2345 = CIRCLE ( 'NONE', #431, 1.499999999999987566 ) ;
#2346 = CIRCLE ( 'NONE', #1145, 6.500000000000005329 ) ;
#2347 = DIRECTION ( 'NONE',  ( 0.000000000000000000, 0.000000000000000000, 1.000000000000000000 ) ) ;
#2348 = ORIENTED_EDGE ( 'NONE', *, *, #189, .T. ) ;
#2349 = DIRECTION ( 'NONE',  ( -0.2516338517649505113, 0.000000000000000000, 0.9678225067882719745 ) ) ;
#2350 = EDGE_LOOP ( 'NONE', ( #2910, #763, #3810, #1028 ) ) ;
#2351 = LINE ( 'NONE', #371, #3593 ) ;
#2352 = CARTESIAN_POINT ( 'NONE',  ( -26.00000000000000000, 0.000000000000000000, 44.99999999999992895 ) ) ;
#2353 = DIRECTION ( 'NONE',  ( -0.000000000000000000, 1.000000000000000000, -0.000000000000000000 ) ) ;
#2354 = ORIENTED_EDGE ( 'NONE', *, *, #4025, .T. ) ;
#2355 = DIRECTION ( 'NONE',  ( 9.376883653928692294E-17, 0.000000000000000000, 1.000000000000000000 ) ) ;
#2356 = CARTESIAN_POINT ( 'NONE',  ( 55.50000000000003553, 0.000000000000000000, 84.99999999999994316 ) ) ;
#2357 = ORIENTED_EDGE ( 'NONE', *, *, #2529, .F. ) ;
#2358 = ADVANCED_FACE ( 'NONE', ( #582 ), #1932, .F. ) ;
#2359 = DIRECTION ( 'NONE',  ( -0.000000000000000000, 1.000000000000000000, -0.000000000000000000 ) ) ;
#2360 = DIRECTION ( 'NONE',  ( -1.000000000000000000, -0.000000000000000000, -0.000000000000000000 ) ) ;
#2361 = ORIENTED_EDGE ( 'NONE', *, *, #3404, .F. ) ;
#2362 = ORIENTED_EDGE ( 'NONE', *, *, #3893, .T. ) ;
#2363 = VECTOR ( 'NONE', #3417, 1000.000000000000000 ) ;
#2364 = CARTESIAN_POINT ( 'NONE',  ( 119.0000000000000284, 37.42339375865881834, -89.25000000000002842 ) ) ;
#2365 = ORIENTED_EDGE ( 'NONE', *, *, #3648, .T. ) ;
#2366 = LINE ( 'NONE', #995, #3422 ) ;
#2367 = VERTEX_POINT ( 'NONE', #3697 ) ;
#2368 = CARTESIAN_POINT ( 'NONE',  ( -20.00000000000001421, -16.20000000000000284, 73.99999999999992895 ) ) ;
#2369 = CIRCLE ( 'NONE', #3089, 19.99999999999998934 ) ;
#2370 = CARTESIAN_POINT ( 'NONE',  ( -73.00000000000001421, 0.000000000000000000, -103.0000000000000142 ) ) ;
#2371 = DIRECTION ( 'NONE',  ( -1.000000000000000000, -0.000000000000000000, -0.000000000000000000 ) ) ;
#2372 = ORIENTED_EDGE ( 'NONE', *, *, #3352, .F. ) ;
#2373 = LINE ( 'NONE', #674, #316 ) ;
#2374 = DIRECTION ( 'NONE',  ( 0.000000000000000000, 0.000000000000000000, 1.000000000000000000 ) ) ;
#2375 = CARTESIAN_POINT ( 'NONE',  ( 64.99999999999998579, 5.000000000000000000, -54.45000000000000995 ) ) ;
#2376 = ORIENTED_EDGE ( 'NONE', *, *, #3807, .F. ) ;
#2377 = FACE_OUTER_BOUND ( 'NONE', #3449, .T. ) ;
#2378 = ADVANCED_FACE ( 'NONE', ( #1910 ), #3990, .F. ) ;
#2379 = CARTESIAN_POINT ( 'NONE',  ( -80.73219148559158498, 28.72772787698237806, -99.00947942459758622 ) ) ;
#2380 = EDGE_LOOP ( 'NONE', ( #2962, #3801, #425, #2582 ) ) ;
#2381 = ORIENTED_EDGE ( 'NONE', *, *, #212, .T. ) ;
#2382 = CARTESIAN_POINT ( 'NONE',  ( -40.40000000000001990, 0.000000000000000000, -7.500000000000069278 ) ) ;
#2383 = ORIENTED_EDGE ( 'NONE', *, *, #46, .F. ) ;
#2384 = CARTESIAN_POINT ( 'NONE',  ( 4.215830209411790279E-15, -5.000000000000000000, -100.5000000000000000 ) ) ;
#2385 = ORIENTED_EDGE ( 'NONE', *, *, #2859, .T. ) ;
#2386 = EDGE_CURVE ( 'NONE', #785, #4040, #2695, .T. ) ;
#2387 = CARTESIAN_POINT ( 'NONE',  ( -20.00000000000001066, -16.20000000000000284, 93.49999999999991473 ) ) ;
#2388 = FACE_BOUND ( 'NONE', #2889, .T. ) ;
#2389 = FACE_OUTER_BOUND ( 'NONE', #3839, .T. ) ;
#2390 = ORIENTED_EDGE ( 'NONE', *, *, #4202, .F. ) ;
#2391 = CARTESIAN_POINT ( 'NONE',  ( -17.99999999999997513, 5.000000000000004441, -30.00000000000006750 ) ) ;
#2392 = DIRECTION ( 'NONE',  ( -1.000000000000000000, 0.000000000000000000, 3.035766082959409950E-16 ) ) ;
#2393 = DIRECTION ( 'NONE',  ( 0.000000000000000000, 0.000000000000000000, 1.000000000000000000 ) ) ;
#2394 = CARTESIAN_POINT ( 'NONE',  ( 75.00000000000000000, 7.000000000000026645, -102.0000000000000142 ) ) ;
#2395 = ORIENTED_EDGE ( 'NONE', *, *, #630, .T. ) ;
#2396 = PRODUCT_DEFINITION ( 'UNKNOWN', '', #426, #1368 ) ;
#2397 = CARTESIAN_POINT ( 'NONE',  ( 119.0000000000000284, 24.00000000000000000, -95.50000000000000000 ) ) ;
#2398 = AXIS2_PLACEMENT_3D ( 'NONE', #2796, #737, #2775 ) ;
#2399 = CARTESIAN_POINT ( 'NONE',  ( -80.65940925575259257, 28.36589116862713666, -99.12420148796077513 ) ) ;
#2400 = ORIENTED_EDGE ( 'NONE', *, *, #774, .F. ) ;
#2401 = MECHANICAL_DESIGN_GEOMETRIC_PRESENTATION_REPRESENTATION (  '', ( #4334 ), #361 ) ;
#2402 = ORIENTED_EDGE ( 'NONE', *, *, #3869, .F. ) ;
#2403 = AXIS2_PLACEMENT_3D ( 'NONE', #3939, #1964, #4315 ) ;
#2404 = AXIS2_PLACEMENT_3D ( 'NONE', #198, #1180, #3229 ) ;
#2405 = DIRECTION ( 'NONE',  ( -0.000000000000000000, 1.000000000000000000, -0.000000000000000000 ) ) ;
#2406 = CIRCLE ( 'NONE', #3559, 1.500000000000004885 ) ;
#2407 = VERTEX_POINT ( 'NONE', #956 ) ;
#2408 = CARTESIAN_POINT ( 'NONE',  ( -73.00000000000001421, 0.000000000000000000, 96.49999999999991473 ) ) ;
#2409 = ORIENTED_EDGE ( 'NONE', *, *, #775, .T. ) ;
#2410 = ADVANCED_FACE ( 'NONE', ( #3364 ), #2312, .F. ) ;
#2411 = VECTOR ( 'NONE', #1477, 1000.000000000000000 ) ;
#2412 = VECTOR ( 'NONE', #2049, 1000.000000000000000 ) ;
#2413 = LINE ( 'NONE', #351, #2515 ) ;
#2414 = LINE ( 'NONE', #3784, #2989 ) ;
#2415 = CARTESIAN_POINT ( 'NONE',  ( 140.0000000000000853, 22.50000000000000711, -60.00000000000001421 ) ) ;
#2416 = ADVANCED_FACE ( 'NONE', ( #2573 ), #332, .F. ) ;
#2417 = EDGE_CURVE ( 'NONE', #2829, #300, #1344, .T. ) ;
#2418 = ORIENTED_EDGE ( 'NONE', *, *, #3793, .T. ) ;
#2419 = CARTESIAN_POINT ( 'NONE',  ( 77.00000000000002842, 5.000000000000000000, -60.00000000000000711 ) ) ;
#2420 = DIRECTION ( 'NONE',  ( 0.000000000000000000, 0.000000000000000000, 1.000000000000000000 ) ) ;
#2421 = CARTESIAN_POINT ( 'NONE',  ( 79.05805149739022397, 22.68357532822713551, -60.00000000000002842 ) ) ;
#2422 = DIRECTION ( 'NONE',  ( 0.000000000000000000, 1.000000000000000000, 0.000000000000000000 ) ) ;
#2423 = ORIENTED_EDGE ( 'NONE', *, *, #1631, .F. ) ;
#2424 = DIRECTION ( 'NONE',  ( 0.000000000000000000, 0.000000000000000000, 1.000000000000000000 ) ) ;
#2425 = DIRECTION ( 'NONE',  ( 0.000000000000000000, 0.000000000000000000, -1.000000000000000000 ) ) ;
#2426 = VERTEX_POINT ( 'NONE', #2017 ) ;
#2427 = DIRECTION ( 'NONE',  ( -1.000000000000000000, 0.000000000000000000, 0.000000000000000000 ) ) ;
#2428 = ORIENTED_EDGE ( 'NONE', *, *, #4008, .T. ) ;
#2429 = CARTESIAN_POINT ( 'NONE',  ( 119.0000000000000284, 24.00000000000000355, -63.00000000000000000 ) ) ;
#2430 = AXIS2_PLACEMENT_3D ( 'NONE', #1009, #2360, #2024 ) ;
#2431 = EDGE_LOOP ( 'NONE', ( #3664, #1991, #1946, #3962 ) ) ;
#2432 = LINE ( 'NONE', #4293, #533 ) ;
#2433 = EDGE_CURVE ( 'NONE', #196, #1649, #4051, .T. ) ;
#2434 = DIRECTION ( 'NONE',  ( 0.000000000000000000, 1.000000000000000000, 0.000000000000000000 ) ) ;
#2435 = CIRCLE ( 'NONE', #3228, 2.000000000000001776 ) ;
#2436 = DIRECTION ( 'NONE',  ( -0.000000000000000000, -1.000000000000000000, -0.000000000000000000 ) ) ;
#2437 = VERTEX_POINT ( 'NONE', #1373 ) ;
#2438 = ORIENTED_EDGE ( 'NONE', *, *, #1443, .F. ) ;
#2439 = ORIENTED_EDGE ( 'NONE', *, *, #2998, .F. ) ;
#2440 = CIRCLE ( 'NONE', #527, 1.500000000000001332 ) ;
#2441 = DIRECTION ( 'NONE',  ( 1.000000000000000000, 0.000000000000000000, 0.000000000000000000 ) ) ;
#2442 = LINE ( 'NONE', #692, #2344 ) ;
#2443 = CARTESIAN_POINT ( 'NONE',  ( 80.49704065888479931, 27.63681555399283241, -60.66720691545009458 ) ) ;
#2444 = DIRECTION ( 'NONE',  ( -0.000000000000000000, -1.000000000000000000, -0.000000000000000000 ) ) ;
#2445 = AXIS2_PLACEMENT_3D ( 'NONE', #864, #882, #231 ) ;
#2446 = VERTEX_POINT ( 'NONE', #1420 ) ;
#2447 = DIRECTION ( 'NONE',  ( -1.000000000000000000, -0.000000000000000000, -0.000000000000000000 ) ) ;
#2448 = DIRECTION ( 'NONE',  ( 0.000000000000000000, 1.000000000000000000, 0.000000000000000000 ) ) ;
#2449 = ORIENTED_EDGE ( 'NONE', *, *, #3659, .F. ) ;
#2450 = DIRECTION ( 'NONE',  ( -0.000000000000000000, 1.000000000000000000, -0.000000000000000000 ) ) ;
#2451 = ORIENTED_EDGE ( 'NONE', *, *, #100, .T. ) ;
#2452 = CARTESIAN_POINT ( 'NONE',  ( 64.99999999999998579, -5.000000000000000000, -54.45000000000000995 ) ) ;
#2453 = VERTEX_POINT ( 'NONE', #2723 ) ;
#2454 = CARTESIAN_POINT ( 'NONE',  ( 24.00000000000001421, -89.44271909999159220, -25.00000000000006395 ) ) ;
#2455 = DIRECTION ( 'NONE',  ( -1.000000000000000000, -0.000000000000000000, -0.000000000000000000 ) ) ;
#2456 = CYLINDRICAL_SURFACE ( 'NONE', #2398, 2.000000000000001776 ) ;
#2457 = ORIENTED_EDGE ( 'NONE', *, *, #925, .T. ) ;
#2458 = ORIENTED_EDGE ( 'NONE', *, *, #4201, .F. ) ;
#2459 = ORIENTED_EDGE ( 'NONE', *, *, #615, .T. ) ;
#2460 = CARTESIAN_POINT ( 'NONE',  ( 74.99999999999998579, 5.000000000000000000, -103.0000000000000142 ) ) ;
#2461 = CARTESIAN_POINT ( 'NONE',  ( -53.49999999999996447, 5.000000000000000000, 104.9999999999999289 ) ) ;
#2462 = FACE_OUTER_BOUND ( 'NONE', #1359, .T. ) ;
#2463 = CARTESIAN_POINT ( 'NONE',  ( 119.0000000000000284, 24.00000000000000000, -94.00000000000000000 ) ) ;
#2464 = ORIENTED_EDGE ( 'NONE', *, *, #2145, .T. ) ;
#2465 = EDGE_CURVE ( 'NONE', #3674, #3934, #759, .T. ) ;
#2466 = LINE ( 'NONE', #3170, #1358 ) ;
#2467 = CARTESIAN_POINT ( 'NONE',  ( -20.00000000000001421, 0.000000000000000000, 76.99999999999992895 ) ) ;
#2468 = AXIS2_PLACEMENT_3D ( 'NONE', #4023, #722, #1074 ) ;
#2469 = ORIENTED_EDGE ( 'NONE', *, *, #3807, .T. ) ;
#2470 = ADVANCED_FACE ( 'NONE', ( #1000, #3384, #2033, #4075, #3044, #2388, #3756, #1721, #10, #1017, #3026, #4094, #2743, #4405, #1040, #4143, #54 ), #1088, .F. ) ;
#2471 = EDGE_CURVE ( 'NONE', #1507, #1155, #709, .T. ) ;
#2472 = CIRCLE ( 'NONE', #1336, 1.499999999999987566 ) ;
#2473 = EDGE_CURVE ( 'NONE', #785, #654, #372, .T. ) ;
#2474 = CARTESIAN_POINT ( 'NONE',  ( -75.00000000000001421, 24.00000000000000000, -97.00000000000000000 ) ) ;
#2475 = CIRCLE ( 'NONE', #1559, 1.500000000000004885 ) ;
#2476 = ORIENTED_EDGE ( 'NONE', *, *, #296, .T. ) ;
#2477 = AXIS2_PLACEMENT_3D ( 'NONE', #4017, #2689, #4350 ) ;
#2478 = LINE ( 'NONE', #1412, #3203 ) ;
#2479 = VERTEX_POINT ( 'NONE', #1395 ) ;
#2480 = AXIS2_PLACEMENT_3D ( 'NONE', #2800, #2392, #4150 ) ;
#2481 = DIRECTION ( 'NONE',  ( 0.000000000000000000, -0.9893452176575513457, -0.1455885994785731941 ) ) ;
#2482 = VECTOR ( 'NONE', #2682, 1000.000000000000000 ) ;
#2483 = AXIS2_PLACEMENT_3D ( 'NONE', #4065, #2023, #3460 ) ;
#2484 = LINE ( 'NONE', #2218, #4044 ) ;
#2485 = VERTEX_POINT ( 'NONE', #3401 ) ;
#2486 = VERTEX_POINT ( 'NONE', #1703 ) ;
#2487 = CIRCLE ( 'NONE', #3565, 1.500000000000001332 ) ;
#2488 = ORIENTED_EDGE ( 'NONE', *, *, #1225, .F. ) ;
#2489 = AXIS2_PLACEMENT_3D ( 'NONE', #2716, #47, #641 ) ;
#2490 = CARTESIAN_POINT ( 'NONE',  ( -75.00000000000001421, 7.000000000000026645, -57.99999999999997868 ) ) ;
#2491 = DIRECTION ( 'NONE',  ( 0.000000000000000000, 0.000000000000000000, 1.000000000000000000 ) ) ;
#2492 = DIRECTION ( 'NONE',  ( -0.000000000000000000, 1.000000000000000000, -0.000000000000000000 ) ) ;
#2493 = ORIENTED_EDGE ( 'NONE', *, *, #44, .F. ) ;
#2494 = LINE ( 'NONE', #3187, #2703 ) ;
#2495 = CARTESIAN_POINT ( 'NONE',  ( 45.60000000000000142, -16.20000000000000284, -7.500000000000069278 ) ) ;
#2496 = ORIENTED_EDGE ( 'NONE', *, *, #817, .T. ) ;
#2497 = EDGE_CURVE ( 'NONE', #1576, #3467, #3633, .T. ) ;
#2498 = VERTEX_POINT ( 'NONE', #33 ) ;
#2499 = DIRECTION ( 'NONE',  ( 1.652117596168387756E-16, 0.000000000000000000, -1.000000000000000000 ) ) ;
#2500 = DIRECTION ( 'NONE',  ( 1.000000000000000000, 0.000000000000000000, 0.000000000000000000 ) ) ;
#2501 = FACE_BOUND ( 'NONE', #697, .T. ) ;
#2502 = CARTESIAN_POINT ( 'NONE',  ( -25.99999999999999645, -89.44271909999159220, 9.999999999999953815 ) ) ;
#2503 = CARTESIAN_POINT ( 'NONE',  ( -45.60000000000001563, 0.000000000000000000, -103.0000000000000142 ) ) ;
#2504 = ORIENTED_EDGE ( 'NONE', *, *, #1384, .F. ) ;
#2505 = ORIENTED_EDGE ( 'NONE', *, *, #1878, .T. ) ;
#2506 =( BOUNDED_CURVE ( )  B_SPLINE_CURVE ( 3, ( #1306, #3002, #2659, #643 ),
 .UNSPECIFIED., .F., .T. ) 
 B_SPLINE_CURVE_WITH_KNOTS ( ( 4, 4 ),
 ( 1.570796326794886122, 3.141592653589793116 ),
 .UNSPECIFIED. ) 
 CURVE ( )  GEOMETRIC_REPRESENTATION_ITEM ( )  RATIONAL_B_SPLINE_CURVE ( ( 1.000000000000000000, 0.8047378541243626060, 0.8047378541243626060, 1.000000000000000000 ) ) 
 REPRESENTATION_ITEM ( '' )  );
#2507 = DIRECTION ( 'NONE',  ( 0.000000000000000000, 1.000000000000000000, 0.000000000000000000 ) ) ;
#2508 = AXIS2_PLACEMENT_3D ( 'NONE', #3976, #1337, #255 ) ;
#2509 = CARTESIAN_POINT ( 'NONE',  ( -43.00000000000000711, 5.000000000000000000, -7.500000000000069278 ) ) ;
#2510 = CARTESIAN_POINT ( 'NONE',  ( -77.00000000000002842, 5.000000000000000000, -60.00000000000000711 ) ) ;
#2511 = CIRCLE ( 'NONE', #1304, 6.500000000000005329 ) ;
#2512 = ORIENTED_EDGE ( 'NONE', *, *, #3097, .F. ) ;
#2513 = FACE_OUTER_BOUND ( 'NONE', #1251, .T. ) ;
#2514 = CARTESIAN_POINT ( 'NONE',  ( 81.00000000000001421, 31.00000000000000000, -86.50000000000001421 ) ) ;
#2515 = VECTOR ( 'NONE', #2058, 1000.000000000000000 ) ;
#2516 = ORIENTED_EDGE ( 'NONE', *, *, #3210, .F. ) ;
#2517 = EDGE_CURVE ( 'NONE', #388, #1672, #3717, .T. ) ;
#2518 = FACE_OUTER_BOUND ( 'NONE', #75, .T. ) ;
#2519 = CARTESIAN_POINT ( 'NONE',  ( -74.99999999999995737, 5.000000000000000000, -102.0499999999999972 ) ) ;
#2520 = PLANE ( 'NONE',  #1429 ) ;
#2521 = EDGE_CURVE ( 'NONE', #731, #1116, #2414, .T. ) ;
#2522 = CARTESIAN_POINT ( 'NONE',  ( 79.57770819430503195, 24.34215595272945976, -99.91839573519608564 ) ) ;
#2523 = CARTESIAN_POINT ( 'NONE',  ( -20.00000000000001421, 5.000000000000000000, 75.49999999999992895 ) ) ;
#2524 = ORIENTED_EDGE ( 'NONE', *, *, #514, .F. ) ;
#2525 = ORIENTED_EDGE ( 'NONE', *, *, #3930, .T. ) ;
#2526 = EDGE_CURVE ( 'NONE', #1622, #3660, #2080, .T. ) ;
#2527 = EDGE_CURVE ( 'NONE', #2900, #2243, #2751, .T. ) ;
#2528 = ORIENTED_EDGE ( 'NONE', *, *, #518, .F. ) ;
#2529 = EDGE_CURVE ( 'NONE', #284, #253, #1069, .T. ) ;
#2530 = CARTESIAN_POINT ( 'NONE',  ( -25.99999999999999645, -89.44271909999159220, 8.499999999999952038 ) ) ;
#2531 = DIRECTION ( 'NONE',  ( 0.000000000000000000, 0.000000000000000000, 1.000000000000000000 ) ) ;
#2532 = CYLINDRICAL_SURFACE ( 'NONE', #3117, 1.500000000000001332 ) ;
#2533 = VERTEX_POINT ( 'NONE', #1132 ) ;
#2534 = DIRECTION ( 'NONE',  ( -1.000000000000000000, 0.000000000000000000, 0.000000000000000000 ) ) ;
#2535 = CARTESIAN_POINT ( 'NONE',  ( -77.00000000000001421, 5.000000000000000000, -102.0000000000000142 ) ) ;
#2536 = VERTEX_POINT ( 'NONE', #3158 ) ;
#2537 = ORIENTED_EDGE ( 'NONE', *, *, #4114, .T. ) ;
#2538 = LINE ( 'NONE', #4292, #1625 ) ;
#2539 = DIRECTION ( 'NONE',  ( 0.000000000000000000, 0.000000000000000000, 1.000000000000000000 ) ) ;
#2540 = SURFACE_STYLE_USAGE ( .BOTH. , #945 ) ;
#2541 = CIRCLE ( 'NONE', #3255, 1.500000000000001332 ) ;
#2542 = AXIS2_PLACEMENT_3D ( 'NONE', #1526, #4184, #2817 ) ;
#2543 = CARTESIAN_POINT ( 'NONE',  ( 80.65940925575260678, 28.36589116862714377, -99.12420148796080355 ) ) ;
#2544 = DIRECTION ( 'NONE',  ( 0.000000000000000000, 0.000000000000000000, -1.000000000000000000 ) ) ;
#2545 = CIRCLE ( 'NONE', #1977, 1.500000000000001332 ) ;
#2546 = VERTEX_POINT ( 'NONE', #1857 ) ;
#2547 = ADVANCED_FACE ( 'NONE', ( #2217 ), #3199, .T. ) ;
#2548 = ORIENTED_EDGE ( 'NONE', *, *, #902, .F. ) ;
#2549 = EDGE_LOOP ( 'NONE', ( #3564, #2381, #1391, #246 ) ) ;
#2550 = AXIS2_PLACEMENT_3D ( 'NONE', #4266, #863, #1896 ) ;
#2551 = CIRCLE ( 'NONE', #4197, 1.500000000000001332 ) ;
#2552 = DIRECTION ( 'NONE',  ( 0.7071067811865431318, -0.7071067811865520136, 0.000000000000000000 ) ) ;
#2553 = CARTESIAN_POINT ( 'NONE',  ( 119.0000000000000284, 24.00000000000000355, -64.50000000000000000 ) ) ;
#2554 = ADVANCED_FACE ( 'NONE', ( #1832 ), #3916, .F. ) ;
#2555 = EDGE_CURVE ( 'NONE', #334, #1182, #3200, .T. ) ;
#2556 = DIRECTION ( 'NONE',  ( -1.000000000000000000, -0.000000000000000000, -0.000000000000000000 ) ) ;
#2557 = ORIENTED_EDGE ( 'NONE', *, *, #764, .F. ) ;
#2558 = CYLINDRICAL_SURFACE ( 'NONE', #3711, 2.000000000000001776 ) ;
#2559 = AXIS2_PLACEMENT_3D ( 'NONE', #3301, #1563, #3280 ) ;
#2560 = LINE ( 'NONE', #1164, #2715 ) ;
#2561 = ORIENTED_EDGE ( 'NONE', *, *, #71, .F. ) ;
#2562 = ORIENTED_EDGE ( 'NONE', *, *, #3215, .T. ) ;
#2563 = DIRECTION ( 'NONE',  ( -0.000000000000000000, -1.000000000000000000, -0.000000000000000000 ) ) ;
#2564 = FACE_OUTER_BOUND ( 'NONE', #3968, .T. ) ;
#2565 = CARTESIAN_POINT ( 'NONE',  ( 40.40000000000001990, 5.000000000000000000, -7.500000000000069278 ) ) ;
#2566 = CARTESIAN_POINT ( 'NONE',  ( -64.99999999999995737, -5.000000000000000000, -57.54999999999997584 ) ) ;
#2567 = DIRECTION ( 'NONE',  ( -0.000000000000000000, 1.000000000000000000, -0.000000000000000000 ) ) ;
#2568 = VERTEX_POINT ( 'NONE', #170 ) ;
#2569 = ORIENTED_EDGE ( 'NONE', *, *, #3178, .T. ) ;
#2570 = ORIENTED_EDGE ( 'NONE', *, *, #4145, .F. ) ;
#2571 = ADVANCED_FACE ( 'NONE', ( #1480 ), #1441, .F. ) ;
#2572 = CARTESIAN_POINT ( 'NONE',  ( -75.00000000000001421, 22.50000000000000000, -102.0000000000000142 ) ) ;
#2573 = FACE_OUTER_BOUND ( 'NONE', #3997, .T. ) ;
#2574 = CYLINDRICAL_SURFACE ( 'NONE', #414, 1.500000000000001332 ) ;
#2575 = ORIENTED_EDGE ( 'NONE', *, *, #4242, .T. ) ;
#2576 = AXIS2_PLACEMENT_3D ( 'NONE', #3034, #3391, #1981 ) ;
#2577 = CARTESIAN_POINT ( 'NONE',  ( -73.00000000000001421, 0.000000000000000000, 93.49999999999991473 ) ) ;
#2578 = FACE_OUTER_BOUND ( 'NONE', #3576, .T. ) ;
#2579 = VECTOR ( 'NONE', #4149, 1000.000000000000000 ) ;
#2580 = EDGE_LOOP ( 'NONE', ( #1822, #3684 ) ) ;
#2581 = CARTESIAN_POINT ( 'NONE',  ( -81.00000000000001421, 0.000000000000000000, -62.00000000000002132 ) ) ;
#2582 = ORIENTED_EDGE ( 'NONE', *, *, #2529, .T. ) ;
#2583 = CARTESIAN_POINT ( 'NONE',  ( 40.40000000000002700, -16.20000000000000284, 34.49999999999993605 ) ) ;
#2584 = VECTOR ( 'NONE', #2245, 1000.000000000000000 ) ;
#2585 = FACE_OUTER_BOUND ( 'NONE', #1436, .T. ) ;
#2586 = FILL_AREA_STYLE_COLOUR ( '', #2614 ) ;
#2587 = LINE ( 'NONE', #4359, #998 ) ;
#2588 = DIRECTION ( 'NONE',  ( 1.000000000000000000, 0.000000000000000000, 0.000000000000000000 ) ) ;
#2589 = ORIENTED_EDGE ( 'NONE', *, *, #2988, .T. ) ;
#2590 = EDGE_LOOP ( 'NONE', ( #94, #1653, #973, #2786 ) ) ;
#2591 = ORIENTED_EDGE ( 'NONE', *, *, #3840, .T. ) ;
#2592 = DIRECTION ( 'NONE',  ( 2.040851148208009970E-16, 0.000000000000000000, 1.000000000000000000 ) ) ;
#2593 = DIRECTION ( 'NONE',  ( -1.000000000000000000, 0.000000000000000000, -0.000000000000000000 ) ) ;
#2594 = DIRECTION ( 'NONE',  ( 0.000000000000000000, 0.000000000000000000, 1.000000000000000000 ) ) ;
#2595 = ORIENTED_EDGE ( 'NONE', *, *, #3891, .T. ) ;
#2596 = CARTESIAN_POINT ( 'NONE',  ( 43.00000000000000711, 0.000000000000000000, 37.09999999999991616 ) ) ;
#2597 = CARTESIAN_POINT ( 'NONE',  ( 45.60000000000000142, 0.000000000000000000, -7.500000000000069278 ) ) ;
#2598 = EDGE_LOOP ( 'NONE', ( #4174, #1788, #4140, #1122 ) ) ;
#2599 = VERTEX_POINT ( 'NONE', #1525 ) ;
#2600 = ADVANCED_FACE ( 'NONE', ( #1504 ), #867, .F. ) ;
#2601 = PLANE ( 'NONE',  #3981 ) ;
#2602 = CARTESIAN_POINT ( 'NONE',  ( 40.40000000000002700, 0.000000000000000000, 34.49999999999993605 ) ) ;
#2603 = DIRECTION ( 'NONE',  ( 0.000000000000000000, 1.000000000000000000, 0.000000000000000000 ) ) ;
#2604 = EDGE_CURVE ( 'NONE', #4096, #1724, #3418, .T. ) ;
#2605 = ADVANCED_FACE ( 'NONE', ( #4228 ), #1770, .F. ) ;
#2606 = ADVANCED_FACE ( 'NONE', ( #842 ), #4165, .F. ) ;
#2607 = CARTESIAN_POINT ( 'NONE',  ( -75.00000000000001421, 37.42339375865881124, -73.75000000000000000 ) ) ;
#2608 = LINE ( 'NONE', #3308, #920 ) ;
#2609 = VECTOR ( 'NONE', #1630, 1000.000000000000000 ) ;
#2610 = VERTEX_POINT ( 'NONE', #463 ) ;
#2611 = DIRECTION ( 'NONE',  ( -0.000000000000000000, -1.000000000000000000, -0.000000000000000000 ) ) ;
#2612 = ORIENTED_EDGE ( 'NONE', *, *, #1955, .F. ) ;
#2613 = CYLINDRICAL_SURFACE ( 'NONE', #1804, 1.549999999999995826 ) ;
#2614 = COLOUR_RGB ( '',0.7921568627450980005, 0.8196078431372548767, 0.9333333333333333481 ) ;
#2615 = LINE ( 'NONE', #3676, #4052 ) ;
#2616 = CARTESIAN_POINT ( 'NONE',  ( 81.00000000000001421, 10.57660624134121363, -73.74999999999997158 ) ) ;
#2617 = VECTOR ( 'NONE', #2283, 1000.000000000000000 ) ;
#2618 = VERTEX_POINT ( 'NONE', #1810 ) ;
#2619 = CIRCLE ( 'NONE', #1771, 2.599999999999991207 ) ;
#2620 = LINE ( 'NONE', #1974, #3083 ) ;
#2621 = AXIS2_PLACEMENT_3D ( 'NONE', #3813, #1379, #2420 ) ;
#2622 = DIRECTION ( 'NONE',  ( 1.000000000000000000, 0.000000000000000000, 0.000000000000000000 ) ) ;
#2623 = CIRCLE ( 'NONE', #215, 1.500000000000004885 ) ;
#2624 = CIRCLE ( 'NONE', #1490, 2.000000000000001776 ) ;
#2625 = ORIENTED_EDGE ( 'NONE', *, *, #3840, .F. ) ;
#2626 = ORIENTED_EDGE ( 'NONE', *, *, #1419, .T. ) ;
#2627 = CIRCLE ( 'NONE', #1002, 1.499999999999987566 ) ;
#2628 = VECTOR ( 'NONE', #5, 1000.000000000000000 ) ;
#2629 = DIRECTION ( 'NONE',  ( -0.000000000000000000, -1.000000000000000000, -0.000000000000000000 ) ) ;
#2630 = EDGE_CURVE ( 'NONE', #2022, #2367, #2624, .T. ) ;
#2631 = FACE_OUTER_BOUND ( 'NONE', #1713, .T. ) ;
#2632 = FILL_AREA_STYLE ('',( #2586 ) ) ;
#2633 = EDGE_CURVE ( 'NONE', #624, #349, #3558, .T. ) ;
#2634 = CARTESIAN_POINT ( 'NONE',  ( -40.40000000000002700, 5.000000000000000000, 34.49999999999993605 ) ) ;
#2635 = CARTESIAN_POINT ( 'NONE',  ( -80.49704065888481352, 27.63681555399283951, -60.66720691545012301 ) ) ;
#2636 = VERTEX_POINT ( 'NONE', #3307 ) ;
#2637 = LINE ( 'NONE', #2309, #2056 ) ;
#2638 = ORIENTED_EDGE ( 'NONE', *, *, #244, .T. ) ;
#2639 = LINE ( 'NONE', #890, #4304 ) ;
#2640 = DIRECTION ( 'NONE',  ( 0.000000000000000000, 0.000000000000000000, 1.000000000000000000 ) ) ;
#2641 = DIRECTION ( 'NONE',  ( 0.000000000000000000, 0.000000000000000000, -1.000000000000000000 ) ) ;
#2642 = VERTEX_POINT ( 'NONE', #1609 ) ;
#2643 = DIRECTION ( 'NONE',  ( 0.000000000000000000, 0.000000000000000000, 1.000000000000000000 ) ) ;
#2644 = PLANE ( 'NONE',  #1485 ) ;
#2645 = AXIS2_PLACEMENT_3D ( 'NONE', #1184, #3234, #3575 ) ;
#2646 = VERTEX_POINT ( 'NONE', #1542 ) ;
#2647 = FACE_OUTER_BOUND ( 'NONE', #1755, .T. ) ;
#2648 = EDGE_CURVE ( 'NONE', #4275, #854, #2907, .T. ) ;
#2649 = CARTESIAN_POINT ( 'NONE',  ( 75.00000000000001421, 0.000000000000000000, -57.99999999999998579 ) ) ;
#2650 = VECTOR ( 'NONE', #2355, 1000.000000000000000 ) ;
#2651 = ORIENTED_EDGE ( 'NONE', *, *, #1172, .F. ) ;
#2652 = LINE ( 'NONE', #1984, #633 ) ;
#2653 = EDGE_CURVE ( 'NONE', #962, #2479, #1637, .T. ) ;
#2654 = EDGE_CURVE ( 'NONE', #3710, #682, #3241, .T. ) ;
#2655 = VECTOR ( 'NONE', #2552, 1000.000000000000000 ) ;
#2656 = DIRECTION ( 'NONE',  ( 0.000000000000000000, 0.000000000000000000, 1.000000000000000000 ) ) ;
#2657 = AXIS2_PLACEMENT_3D ( 'NONE', #3827, #545, #2927 ) ;
#2658 = VERTEX_POINT ( 'NONE', #1237 ) ;
#2659 = CARTESIAN_POINT ( 'NONE',  ( -75.82842712474618452, 22.50000000000000000, -60.00000000000001421 ) ) ;
#2660 = EDGE_LOOP ( 'NONE', ( #310, #3067, #1108, #1256 ) ) ;
#2661 = FACE_OUTER_BOUND ( 'NONE', #4178, .T. ) ;
#2662 = DIRECTION ( 'NONE',  ( 0.000000000000000000, 1.000000000000000000, -0.000000000000000000 ) ) ;
#2663 = EDGE_CURVE ( 'NONE', #4382, #628, #2051, .T. ) ;
#2664 = DIRECTION ( 'NONE',  ( -0.000000000000000000, 1.000000000000000000, -0.000000000000000000 ) ) ;
#2665 = EDGE_CURVE ( 'NONE', #978, #1134, #2345, .T. ) ;
#2666 = ADVANCED_FACE ( 'NONE', ( #930 ), #1901, .T. ) ;
#2667 = ORIENTED_EDGE ( 'NONE', *, *, #2787, .T. ) ;
#2668 = CYLINDRICAL_SURFACE ( 'NONE', #280, 1.500000000000001332 ) ;
#2669 = DIRECTION ( 'NONE',  ( -1.000000000000000000, 0.000000000000000000, 0.000000000000000000 ) ) ;
#2670 = DIRECTION ( 'NONE',  ( 1.000000000000000000, 0.000000000000000000, -0.000000000000000000 ) ) ;
#2671 = VERTEX_POINT ( 'NONE', #885 ) ;
#2672 = PLANE ( 'NONE',  #1979 ) ;
#2673 = PLANE ( 'NONE',  #3442 ) ;
#2674 = ORIENTED_EDGE ( 'NONE', *, *, #1404, .T. ) ;
#2675 = ORIENTED_EDGE ( 'NONE', *, *, #3837, .F. ) ;
#2676 = CARTESIAN_POINT ( 'NONE',  ( 20.00000000000006750, 5.000000000000000000, 93.49999999999991473 ) ) ;
#2677 = EDGE_LOOP ( 'NONE', ( #3098, #681, #4340, #2790 ) ) ;
#2678 = CARTESIAN_POINT ( 'NONE',  ( -25.99999999999999645, 5.000000000000004441, 9.999999999999953815 ) ) ;
#2679 = VERTEX_POINT ( 'NONE', #2239 ) ;
#2680 = DIRECTION ( 'NONE',  ( -1.000000000000000000, -0.000000000000000000, -0.000000000000000000 ) ) ;
#2681 = CIRCLE ( 'NONE', #3833, 1.549999999999995826 ) ;
#2682 = DIRECTION ( 'NONE',  ( -0.000000000000000000, 1.000000000000000000, -0.000000000000000000 ) ) ;
#2683 = FACE_BOUND ( 'NONE', #1774, .T. ) ;
#2684 = EDGE_CURVE ( 'NONE', #879, #731, #2587, .T. ) ;
#2685 = ORIENTED_EDGE ( 'NONE', *, *, #774, .T. ) ;
#2686 = AXIS2_PLACEMENT_3D ( 'NONE', #1066, #55, #3785 ) ;
#2687 = CARTESIAN_POINT ( 'NONE',  ( 75.00000000000002842, 22.50000000000000000, -100.0000000000000000 ) ) ;
#2688 = ADVANCED_FACE ( 'NONE', ( #4024 ), #3605, .F. ) ;
#2689 = DIRECTION ( 'NONE',  ( -1.000000000000000000, -0.000000000000000000, -0.000000000000000000 ) ) ;
#2690 = CIRCLE ( 'NONE', #3624, 1.549999999999995826 ) ;
#2691 = CIRCLE ( 'NONE', #4338, 1.549999999999995826 ) ;
#2692 = ORIENTED_EDGE ( 'NONE', *, *, #2471, .T. ) ;
#2693 = DIRECTION ( 'NONE',  ( 1.000000000000000000, 0.000000000000000000, -3.154042683594193641E-16 ) ) ;
#2694 = CARTESIAN_POINT ( 'NONE',  ( -73.00000000000001421, 0.000000000000000000, -105.0000000000000142 ) ) ;
#2695 = CIRCLE ( 'NONE', #3771, 2.599999999999984102 ) ;
#2696 = ORIENTED_EDGE ( 'NONE', *, *, #3749, .T. ) ;
#2697 = CIRCLE ( 'NONE', #3775, 2.000000000000001776 ) ;
#2698 = DIRECTION ( 'NONE',  ( 0.2516338517649505113, 0.000000000000000000, -0.9678225067882719745 ) ) ;
#2699 = ORIENTED_EDGE ( 'NONE', *, *, #1842, .F. ) ;
#2700 = FACE_OUTER_BOUND ( 'NONE', #1061, .T. ) ;
#2701 = ORIENTED_EDGE ( 'NONE', *, *, #4391, .T. ) ;
#2702 = CARTESIAN_POINT ( 'NONE',  ( -75.00000000000001421, 7.000000000000026645, -102.0000000000000142 ) ) ;
#2703 = VECTOR ( 'NONE', #133, 1000.000000000000000 ) ;
#2704 = CARTESIAN_POINT ( 'NONE',  ( 45.50000000000003553, -5.000000000000000000, 93.44999999999993179 ) ) ;
#2705 = CARTESIAN_POINT ( 'NONE',  ( 45.50000000000003553, 0.000000000000000000, 93.44999999999993179 ) ) ;
#2706 = VERTEX_POINT ( 'NONE', #2634 ) ;
#2707 = EDGE_CURVE ( 'NONE', #2843, #1025, #1943, .T. ) ;
#2708 = CARTESIAN_POINT ( 'NONE',  ( -77.00000000000001421, 0.000000000000000000, -58.00000000000000000 ) ) ;
#2709 = DIRECTION ( 'NONE',  ( 0.000000000000000000, 0.000000000000000000, 1.000000000000000000 ) ) ;
#2710 = ORIENTED_EDGE ( 'NONE', *, *, #1738, .F. ) ;
#2711 = VECTOR ( 'NONE', #1332, 1000.000000000000000 ) ;
#2712 = FACE_BOUND ( 'NONE', #1126, .T. ) ;
#2713 = DIRECTION ( 'NONE',  ( 0.000000000000000000, 0.000000000000000000, 1.000000000000000000 ) ) ;
#2714 = ORIENTED_EDGE ( 'NONE', *, *, #165, .F. ) ;
#2715 = VECTOR ( 'NONE', #4262, 1000.000000000000000 ) ;
#2716 = CARTESIAN_POINT ( 'NONE',  ( 43.00000000000000711, 5.000000000000000000, 34.49999999999993605 ) ) ;
#2717 = AXIS2_PLACEMENT_3D ( 'NONE', #2942, #963, #1647 ) ;
#2718 = ORIENTED_EDGE ( 'NONE', *, *, #1382, .T. ) ;
#2719 = DIRECTION ( 'NONE',  ( 1.000000000000000000, 0.000000000000000000, 0.000000000000000000 ) ) ;
#2720 = VERTEX_POINT ( 'NONE', #2607 ) ;
#2721 = CARTESIAN_POINT ( 'NONE',  ( -45.60000000000000142, 0.000000000000000000, -7.500000000000069278 ) ) ;
#2722 = VECTOR ( 'NONE', #3136, 1000.000000000000000 ) ;
#2723 = CARTESIAN_POINT ( 'NONE',  ( 24.00000000000001421, 0.000000000000000000, 11.49999999999995737 ) ) ;
#2724 = DIRECTION ( 'NONE',  ( -1.000000000000000000, 0.000000000000000000, 0.000000000000000000 ) ) ;
#2725 = ORIENTED_EDGE ( 'NONE', *, *, #2205, .F. ) ;
#2726 = FACE_BOUND ( 'NONE', #3631, .T. ) ;
#2727 = CARTESIAN_POINT ( 'NONE',  ( 43.00000000000000711, 5.000000000000000000, -7.500000000000069278 ) ) ;
#2728 = DIRECTION ( 'NONE',  ( 0.000000000000000000, 1.000000000000000000, 0.000000000000000000 ) ) ;
#2729 = LINE ( 'NONE', #1381, #201 ) ;
#2730 = ORIENTED_EDGE ( 'NONE', *, *, #1030, .F. ) ;
#2731 = CARTESIAN_POINT ( 'NONE',  ( -20.99999999999999645, 0.000000000000000000, -27.00000000000005329 ) ) ;
#2732 = CARTESIAN_POINT ( 'NONE',  ( -17.99999999999998934, -89.44271909999159220, 46.99999999999992895 ) ) ;
#2733 = ORIENTED_EDGE ( 'NONE', *, *, #4048, .F. ) ;
#2734 = ORIENTED_EDGE ( 'NONE', *, *, #1285, .F. ) ;
#2735 = EDGE_CURVE ( 'NONE', #2658, #1906, #3649, .T. ) ;
#2736 = EDGE_CURVE ( 'NONE', #3955, #3482, #4122, .T. ) ;
#2737 = EDGE_CURVE ( 'NONE', #3516, #4092, #2322, .T. ) ;
#2738 = LINE ( 'NONE', #343, #2057 ) ;
#2739 = VERTEX_POINT ( 'NONE', #4336 ) ;
#2740 = CARTESIAN_POINT ( 'NONE',  ( -26.00000000000000000, -89.44271909999159220, 46.49999999999992895 ) ) ;
#2741 = ORIENTED_EDGE ( 'NONE', *, *, #4390, .T. ) ;
#2742 = DIRECTION ( 'NONE',  ( -0.000000000000000000, 1.000000000000000000, -0.000000000000000000 ) ) ;
#2743 = FACE_BOUND ( 'NONE', #942, .T. ) ;
#2744 = CYLINDRICAL_SURFACE ( 'NONE', #3551, 2.599999999999991207 ) ;
#2745 = ORIENTED_EDGE ( 'NONE', *, *, #1281, .T. ) ;
#2746 = VERTEX_POINT ( 'NONE', #1926 ) ;
#2747 = CARTESIAN_POINT ( 'NONE',  ( 75.00000000000002842, 5.000000000000000000, 9.999999999999911182 ) ) ;
#2748 = DIRECTION ( 'NONE',  ( 0.000000000000000000, 0.000000000000000000, 1.000000000000000000 ) ) ;
#2749 = FACE_OUTER_BOUND ( 'NONE', #4014, .T. ) ;
#2751 = B_SPLINE_CURVE_WITH_KNOTS ( 'NONE', 3,
 ( #415, #4386, #1328, #668, #2543, #1462, #2887, #3534, #479, #2522, #1791, #1174, #1156, #505, #4247, #2171 ),
 .UNSPECIFIED., .F., .F.,
 ( 4, 2, 2, 2, 2, 2, 2, 4 ),
 ( 0.000000000000000000, 0.002312349122450213165, 0.003468523683675316712, 0.004624698244900420259, 0.006937047367350655108, 0.008093221928575764293, 0.008671309209188319753, 0.009249396489800875212 ),
 .UNSPECIFIED. ) ;
#2750 = DIRECTION ( 'NONE',  ( 0.000000000000000000, 0.000000000000000000, 1.000000000000000000 ) ) ;
#2752 = CIRCLE ( 'NONE', #342, 1.499999999999987566 ) ;
#2753 = ORIENTED_EDGE ( 'NONE', *, *, #3266, .T. ) ;
#2754 = CARTESIAN_POINT ( 'NONE',  ( 43.00000000000000711, -16.20000000000000284, -7.500000000000069278 ) ) ;
#2755 = AXIS2_PLACEMENT_3D ( 'NONE', #4118, #333, #1375 ) ;
#2756 = CARTESIAN_POINT ( 'NONE',  ( -79.57770819430501774, 24.34215595272945620, -99.91839573519607143 ) ) ;
#2757 = VECTOR ( 'NONE', #865, 1000.000000000000000 ) ;
#2758 = ORIENTED_EDGE ( 'NONE', *, *, #597, .T. ) ;
#2759 = CARTESIAN_POINT ( 'NONE',  ( 119.0000000000000284, 10.57660624134118521, -89.24999999999998579 ) ) ;
#2760 = CIRCLE ( 'NONE', #857, 6.500000000000005329 ) ;
#2761 = ADVANCED_FACE ( 'NONE', ( #3328 ), #256, .F. ) ;
#2762 = AXIS2_PLACEMENT_3D ( 'NONE', #3882, #849, #2893 ) ;
#2763 = EDGE_CURVE ( 'NONE', #2055, #2029, #4314, .T. ) ;
#2764 = AXIS2_PLACEMENT_3D ( 'NONE', #4098, #3762, #2748 ) ;
#2765 = CARTESIAN_POINT ( 'NONE',  ( 81.00000000000001421, 31.21779788708139947, -97.99999999999998579 ) ) ;
#2766 = AXIS2_PLACEMENT_3D ( 'NONE', #3179, #2862, #121 ) ;
#2767 = DIRECTION ( 'NONE',  ( -0.000000000000000000, -1.000000000000000000, -0.000000000000000000 ) ) ;
#2768 = ORIENTED_EDGE ( 'NONE', *, *, #4043, .F. ) ;
#2769 = DIRECTION ( 'NONE',  ( -0.000000000000000000, 1.000000000000000000, -0.000000000000000000 ) ) ;
#2770 = VERTEX_POINT ( 'NONE', #1254 ) ;
#2771 = CIRCLE ( 'NONE', #4064, 1.549999999999995826 ) ;
#2772 = CIRCLE ( 'NONE', #4415, 1.500000000000001332 ) ;
#2773 = DIRECTION ( 'NONE',  ( 0.000000000000000000, 0.000000000000000000, -1.000000000000000000 ) ) ;
#2774 = DIRECTION ( 'NONE',  ( -0.000000000000000000, -1.000000000000000000, -0.000000000000000000 ) ) ;
#2775 = DIRECTION ( 'NONE',  ( 0.000000000000000000, 0.000000000000000000, -1.000000000000000000 ) ) ;
#2776 = ORIENTED_EDGE ( 'NONE', *, *, #574, .T. ) ;
#2777 = ORIENTED_EDGE ( 'NONE', *, *, #3837, .T. ) ;
#2778 = LINE ( 'NONE', #1022, #2230 ) ;
#2779 = DIRECTION ( 'NONE',  ( 1.000000000000000000, 0.000000000000000000, 0.000000000000000000 ) ) ;
#2780 = CARTESIAN_POINT ( 'NONE',  ( 119.0000000000000284, 10.57660624134121363, -70.75000000000000000 ) ) ;
#2781 = CARTESIAN_POINT ( 'NONE',  ( 24.00000000000001421, -89.44271909999159220, -25.00000000000006395 ) ) ;
#2782 = ORIENTED_EDGE ( 'NONE', *, *, #4251, .T. ) ;
#2783 = CARTESIAN_POINT ( 'NONE',  ( 74.99999999999998579, 0.000000000000000000, -103.0000000000000142 ) ) ;
#2784 = CARTESIAN_POINT ( 'NONE',  ( -75.00000000000000000, 0.000000000000000000, 9.999999999999953815 ) ) ;
#2785 = ORIENTED_EDGE ( 'NONE', *, *, #4333, .F. ) ;
#2786 = ORIENTED_EDGE ( 'NONE', *, *, #3497, .T. ) ;
#2787 = EDGE_CURVE ( 'NONE', #3878, #2029, #3567, .T. ) ;
#2788 = CARTESIAN_POINT ( 'NONE',  ( 119.0000000000000284, 24.00000000000000000, -95.50000000000000000 ) ) ;
#2789 = EDGE_CURVE ( 'NONE', #807, #1600, #2972, .T. ) ;
#2790 = ORIENTED_EDGE ( 'NONE', *, *, #303, .F. ) ;
#2791 = DIRECTION ( 'NONE',  ( 0.000000000000000000, 1.000000000000000000, 0.000000000000000000 ) ) ;
#2792 = ORIENTED_EDGE ( 'NONE', *, *, #1384, .T. ) ;
#2793 = CYLINDRICAL_SURFACE ( 'NONE', #3722, 2.000000000000001776 ) ;
#2794 = CARTESIAN_POINT ( 'NONE',  ( 119.0000000000000284, 24.00000000000000355, -64.50000000000000000 ) ) ;
#2795 = VECTOR ( 'NONE', #3030, 1000.000000000000000 ) ;
#2796 = CARTESIAN_POINT ( 'NONE',  ( -53.49999999999996447, 5.000000000000000000, 102.9999999999999289 ) ) ;
#2797 = ORIENTED_EDGE ( 'NONE', *, *, #188, .F. ) ;
#2798 = ORIENTED_EDGE ( 'NONE', *, *, #4141, .T. ) ;
#2799 = CYLINDRICAL_SURFACE ( 'NONE', #3667, 1.549999999999995826 ) ;
#2800 = CARTESIAN_POINT ( 'NONE',  ( -1.549999999999995604, -5.000000000000000000, -100.5000000000000000 ) ) ;
#2801 = CARTESIAN_POINT ( 'NONE',  ( 80.73219026709769253, 28.72772142282416752, -60.99051844171967218 ) ) ;
#2802 = EDGE_CURVE ( 'NONE', #3782, #3503, #28, .T. ) ;
#2803 = EDGE_CURVE ( 'NONE', #2069, #3104, #3359, .T. ) ;
#2804 = CARTESIAN_POINT ( 'NONE',  ( 140.0000000000000853, 22.50000000000000711, -60.00000000000001421 ) ) ;
#2805 = EDGE_CURVE ( 'NONE', #6, #1612, #1850, .T. ) ;
#2806 = EDGE_CURVE ( 'NONE', #2679, #4153, #3712, .T. ) ;
#2807 = ORIENTED_EDGE ( 'NONE', *, *, #1952, .T. ) ;
#2808 = FACE_OUTER_BOUND ( 'NONE', #1665, .T. ) ;
#2809 = CARTESIAN_POINT ( 'NONE',  ( -20.99999999999998934, -89.44271909999159220, 46.99999999999990052 ) ) ;
#2810 = ORIENTED_EDGE ( 'NONE', *, *, #901, .F. ) ;
#2811 = ORIENTED_EDGE ( 'NONE', *, *, #1004, .F. ) ;
#2812 = CARTESIAN_POINT ( 'NONE',  ( -75.00000000000001421, 24.00000000000000355, -64.50000000000000000 ) ) ;
#2813 = ORIENTED_EDGE ( 'NONE', *, *, #4002, .T. ) ;
#2814 = FACE_BOUND ( 'NONE', #3, .T. ) ;
#2815 = ORIENTED_EDGE ( 'NONE', *, *, #3913, .T. ) ;
#2816 = CARTESIAN_POINT ( 'NONE',  ( -81.00000000000001421, 0.000000000000000000, -97.99999999999998579 ) ) ;
#2817 = DIRECTION ( 'NONE',  ( 0.000000000000000000, 0.000000000000000000, -1.000000000000000000 ) ) ;
#2818 = ORIENTED_EDGE ( 'NONE', *, *, #1681, .F. ) ;
#2819 = ORIENTED_EDGE ( 'NONE', *, *, #1439, .T. ) ;
#2820 = CARTESIAN_POINT ( 'NONE',  ( 5.746638708345982787E-15, 0.000000000000000000, -95.50000000000000000 ) ) ;
#2821 =( LENGTH_UNIT ( ) NAMED_UNIT ( * ) SI_UNIT ( .MILLI., .METRE. ) );
#2822 = CARTESIAN_POINT ( 'NONE',  ( 75.00000000000001421, 24.00000000000000355, -66.00000000000000000 ) ) ;
#2823 = EDGE_CURVE ( 'NONE', #3496, #2055, #1496, .T. ) ;
#2824 = CARTESIAN_POINT ( 'NONE',  ( -26.00000000000000000, 0.000000000000000000, 43.49999999999992895 ) ) ;
#2825 = VERTEX_POINT ( 'NONE', #2382 ) ;
#2826 = FACE_BOUND ( 'NONE', #173, .T. ) ;
#2827 = FACE_OUTER_BOUND ( 'NONE', #3630, .T. ) ;
#2828 = VECTOR ( 'NONE', #2894, 1000.000000000000000 ) ;
#2829 = VERTEX_POINT ( 'NONE', #683 ) ;
#2830 = EDGE_LOOP ( 'NONE', ( #727, #3281, #398, #1434 ) ) ;
#2831 = FACE_OUTER_BOUND ( 'NONE', #3007, .T. ) ;
#2832 = DIRECTION ( 'NONE',  ( 0.000000000000000000, 0.000000000000000000, 1.000000000000000000 ) ) ;
#2833 = VECTOR ( 'NONE', #3012, 1000.000000000000000 ) ;
#2834 = CARTESIAN_POINT ( 'NONE',  ( 73.00000000000004263, 5.000000000000000000, -102.0499999999999972 ) ) ;
#2835 = CIRCLE ( 'NONE', #1557, 1.549999999999995826 ) ;
#2836 = FACE_BOUND ( 'NONE', #971, .T. ) ;
#2837 = ORIENTED_EDGE ( 'NONE', *, *, #3779, .T. ) ;
#2838 = CIRCLE ( 'NONE', #2764, 1.549999999999995826 ) ;
#2839 = DIRECTION ( 'NONE',  ( 0.000000000000000000, 0.000000000000000000, 1.000000000000000000 ) ) ;
#2840 = AXIS2_PLACEMENT_3D ( 'NONE', #4183, #4210, #3221 ) ;
#2841 = AXIS2_PLACEMENT_3D ( 'NONE', #1689, #2359, #3054 ) ;
#2842 = CARTESIAN_POINT ( 'NONE',  ( -73.00000000000001421, 0.000000000000000000, -103.0000000000000142 ) ) ;
#2843 = VERTEX_POINT ( 'NONE', #3103 ) ;
#2844 = AXIS2_PLACEMENT_3D ( 'NONE', #3426, #972, #3673 ) ;
#2845 = VERTEX_POINT ( 'NONE', #2074 ) ;
#2846 = VECTOR ( 'NONE', #2028, 1000.000000000000000 ) ;
#2847 = PRODUCT_RELATED_PRODUCT_CATEGORY ( 'part', '', ( #1043 ) ) ;
#2848 = DIRECTION ( 'NONE',  ( -0.000000000000000000, -1.000000000000000000, 0.000000000000000000 ) ) ;
#2849 = DIRECTION ( 'NONE',  ( 0.000000000000000000, 0.000000000000000000, 1.000000000000000000 ) ) ;
#2850 = DIRECTION ( 'NONE',  ( 0.000000000000000000, -1.000000000000000000, 0.000000000000000000 ) ) ;
#2851 = EDGE_CURVE ( 'NONE', #778, #4275, #729, .T. ) ;
#2852 = ORIENTED_EDGE ( 'NONE', *, *, #2103, .T. ) ;
#2853 = DIRECTION ( 'NONE',  ( 0.000000000000000000, 1.000000000000000000, 0.000000000000000000 ) ) ;
#2854 = CARTESIAN_POINT ( 'NONE',  ( 43.00000000000000711, 0.000000000000000000, -7.500000000000069278 ) ) ;
#2855 = ORIENTED_EDGE ( 'NONE', *, *, #2789, .T. ) ;
#2856 = DIRECTION ( 'NONE',  ( 0.000000000000000000, 0.000000000000000000, 1.000000000000000000 ) ) ;
#2857 = LINE ( 'NONE', #92, #3979 ) ;
#2858 = EDGE_CURVE ( 'NONE', #1025, #70, #1012, .T. ) ;
#2859 = EDGE_CURVE ( 'NONE', #654, #3653, #1566, .T. ) ;
#2860 = EDGE_CURVE ( 'NONE', #1600, #4325, #2697, .T. ) ;
#2861 = DIRECTION ( 'NONE',  ( 0.000000000000000000, 0.000000000000000000, -1.000000000000000000 ) ) ;
#2862 = DIRECTION ( 'NONE',  ( -0.000000000000000000, 0.000000000000000000, 1.000000000000000000 ) ) ;
#2863 = LINE ( 'NONE', #2194, #1551 ) ;
#2864 = VECTOR ( 'NONE', #1784, 1000.000000000000114 ) ;
#2865 = EDGE_LOOP ( 'NONE', ( #3333, #3487, #3340, #4069, #1511 ) ) ;
#2866 = ORIENTED_EDGE ( 'NONE', *, *, #2145, .F. ) ;
#2867 = ORIENTED_EDGE ( 'NONE', *, *, #24, .F. ) ;
#2868 = LINE ( 'NONE', #1863, #4085 ) ;
#2869 = AXIS2_PLACEMENT_3D ( 'NONE', #1465, #3144, #3183 ) ;
#2870 = DIRECTION ( 'NONE',  ( -1.000000000000000000, -0.000000000000000000, -0.000000000000000000 ) ) ;
#2871 = DIRECTION ( 'NONE',  ( -0.000000000000000000, 1.000000000000000000, -0.000000000000000000 ) ) ;
#2872 = AXIS2_PLACEMENT_3D ( 'NONE', #2820, #2507, #82 ) ;
#2873 = ORIENTED_EDGE ( 'NONE', *, *, #3118, .F. ) ;
#2874 = DIRECTION ( 'NONE',  ( -1.000000000000000000, 0.000000000000000000, -0.000000000000000000 ) ) ;
#2875 = CARTESIAN_POINT ( 'NONE',  ( -40.40000000000002700, -16.20000000000000284, 34.49999999999993605 ) ) ;
#2876 = VECTOR ( 'NONE', #3088, 1000.000000000000000 ) ;
#2877 = EDGE_LOOP ( 'NONE', ( #3036, #1185 ) ) ;
#2878 = CARTESIAN_POINT ( 'NONE',  ( 24.00000000000001421, 0.000000000000000000, 9.999999999999953815 ) ) ;
#2879 = DIRECTION ( 'NONE',  ( 0.000000000000000000, 0.000000000000000000, -1.000000000000000000 ) ) ;
#2880 = CARTESIAN_POINT ( 'NONE',  ( -45.49999999999997868, 0.000000000000000000, 93.44999999999993179 ) ) ;
#2881 = EDGE_CURVE ( 'NONE', #56, #517, #2738, .T. ) ;
#2882 = UNCERTAINTY_MEASURE_WITH_UNIT (LENGTH_MEASURE( 1.000000000000000082E-05 ), #3306, 'distance_accuracy_value', 'NONE');
#2883 = EDGE_CURVE ( 'NONE', #2671, #2845, #1673, .T. ) ;
#2884 = DIRECTION ( 'NONE',  ( 0.000000000000000000, 1.000000000000000000, 0.000000000000000000 ) ) ;
#2885 = EDGE_CURVE ( 'NONE', #2072, #2498, #3019, .T. ) ;
#2886 = EDGE_CURVE ( 'NONE', #349, #1649, #1075, .T. ) ;
#2887 = CARTESIAN_POINT ( 'NONE',  ( 80.40743200554562975, 27.26978528882514041, -99.42652107938567951 ) ) ;
#2888 = LINE ( 'NONE', #3222, #4265 ) ;
#2889 = EDGE_LOOP ( 'NONE', ( #2570, #3032 ) ) ;
#2890 = ORIENTED_EDGE ( 'NONE', *, *, #706, .T. ) ;
#2891 = ORIENTED_EDGE ( 'NONE', *, *, #2009, .F. ) ;
#2892 = DIRECTION ( 'NONE',  ( 0.000000000000000000, 0.000000000000000000, 1.000000000000000000 ) ) ;
#2893 = DIRECTION ( 'NONE',  ( 0.000000000000000000, 0.000000000000000000, 1.000000000000000000 ) ) ;
#2894 = DIRECTION ( 'NONE',  ( -0.000000000000000000, -1.000000000000000000, -0.000000000000000000 ) ) ;
#2895 = VERTEX_POINT ( 'NONE', #1408 ) ;
#2896 = FACE_BOUND ( 'NONE', #951, .T. ) ;
#2897 = LINE ( 'NONE', #227, #1234 ) ;
#2898 = EDGE_LOOP ( 'NONE', ( #3941, #989, #3943, #2867 ) ) ;
#2899 = CARTESIAN_POINT ( 'NONE',  ( -81.00000000000001421, 31.00000000000000000, -73.50000000000000000 ) ) ;
#2900 = VERTEX_POINT ( 'NONE', #2765 ) ;
#2901 = DIRECTION ( 'NONE',  ( 0.000000000000000000, 0.000000000000000000, -1.000000000000000000 ) ) ;
#2902 = CYLINDRICAL_SURFACE ( 'NONE', #4020, 1.500000000000004885 ) ;
#2903 = LINE ( 'NONE', #2565, #3043 ) ;
#2904 = ADVANCED_FACE ( 'NONE', ( #367 ), #1988, .F. ) ;
#2905 = CIRCLE ( 'NONE', #2260, 1.500000000000001332 ) ;
#2906 = CIRCLE ( 'NONE', #990, 1.500000000000001332 ) ;
#2907 = LINE ( 'NONE', #4272, #1279 ) ;
#2908 = DIRECTION ( 'NONE',  ( 0.000000000000000000, 1.000000000000000000, 0.000000000000000000 ) ) ;
#2909 = CIRCLE ( 'NONE', #3051, 2.599999999999984102 ) ;
#2910 = ORIENTED_EDGE ( 'NONE', *, *, #1170, .F. ) ;
#2911 = CARTESIAN_POINT ( 'NONE',  ( 24.00000000000001421, 5.000000000000004441, 9.999999999999953815 ) ) ;
#2912 = ORIENTED_EDGE ( 'NONE', *, *, #384, .F. ) ;
#2913 = CIRCLE ( 'NONE', #992, 1.500000000000001332 ) ;
#2914 = CIRCLE ( 'NONE', #3766, 1.500000000000001332 ) ;
#2915 = FACE_OUTER_BOUND ( 'NONE', #4232, .T. ) ;
#2916 = PLANE ( 'NONE',  #2404 ) ;
#2917 = CARTESIAN_POINT ( 'NONE',  ( -75.00000000000001421, 5.000000000000000000, -102.0499999999999972 ) ) ;
#2918 = AXIS2_PLACEMENT_3D ( 'NONE', #2304, #1963, #3938 ) ;
#2919 = EDGE_LOOP ( 'NONE', ( #1271, #2934, #3694, #4299 ) ) ;
#2920 = DIRECTION ( 'NONE',  ( 0.000000000000000000, 0.000000000000000000, 1.000000000000000000 ) ) ;
#2921 = AXIS2_PLACEMENT_3D ( 'NONE', #1014, #1966, #2054 ) ;
#2922 = DIRECTION ( 'NONE',  ( 0.000000000000000000, -0.000000000000000000, -1.000000000000000000 ) ) ;
#2923 = VERTEX_POINT ( 'NONE', #1322 ) ;
#2924 = CARTESIAN_POINT ( 'NONE',  ( -40.40000000000001990, 5.000000000000000000, -7.500000000000069278 ) ) ;
#2925 = VERTEX_POINT ( 'NONE', #2676 ) ;
#2926 = CARTESIAN_POINT ( 'NONE',  ( 55.50000000000003553, 5.000000000000000000, 84.99999999999994316 ) ) ;
#2927 = DIRECTION ( 'NONE',  ( 0.000000000000000000, 0.000000000000000000, 1.000000000000000000 ) ) ;
#2928 = LINE ( 'NONE', #3601, #4041 ) ;
#2929 = DIRECTION ( 'NONE',  ( -0.000000000000000000, -1.000000000000000000, -0.000000000000000000 ) ) ;
#2930 = DIRECTION ( 'NONE',  ( -1.000000000000000000, 0.000000000000000000, 0.000000000000000000 ) ) ;
#2931 = ORIENTED_EDGE ( 'NONE', *, *, #2288, .T. ) ;
#2932 = ORIENTED_EDGE ( 'NONE', *, *, #1759, .F. ) ;
#2933 = ORIENTED_EDGE ( 'NONE', *, *, #980, .T. ) ;
#2934 = ORIENTED_EDGE ( 'NONE', *, *, #4043, .T. ) ;
#2935 = DIRECTION ( 'NONE',  ( 0.000000000000000000, 0.000000000000000000, 1.000000000000000000 ) ) ;
#2936 = DIRECTION ( 'NONE',  ( 0.000000000000000000, 0.000000000000000000, -1.000000000000000000 ) ) ;
#2937 = DIRECTION ( 'NONE',  ( 0.000000000000000000, 0.000000000000000000, 1.000000000000000000 ) ) ;
#2938 = ADVANCED_FACE ( 'NONE', ( #3690 ), #4400, .F. ) ;
#2939 = ORIENTED_EDGE ( 'NONE', *, *, #2323, .T. ) ;
#2940 = AXIS2_PLACEMENT_3D ( 'NONE', #2732, #2, #2713 ) ;
#2941 = ADVANCED_FACE ( 'NONE', ( #4042 ), #4137, .T. ) ;
#2942 = CARTESIAN_POINT ( 'NONE',  ( 119.0000000000000284, 31.00000000000000000, -80.00000000000000000 ) ) ;
#2943 = ADVANCED_FACE ( 'NONE', ( #3733 ), #801, .F. ) ;
#2944 = EDGE_CURVE ( 'NONE', #1166, #258, #795, .T. ) ;
#2945 = DIRECTION ( 'NONE',  ( -1.000000000000000000, -0.000000000000000000, -0.000000000000000000 ) ) ;
#2946 = CIRCLE ( 'NONE', #3299, 1.500000000000001332 ) ;
#2947 = ORIENTED_EDGE ( 'NONE', *, *, #1035, .T. ) ;
#2948 = DIRECTION ( 'NONE',  ( 1.652117596168387756E-16, -0.000000000000000000, -1.000000000000000000 ) ) ;
#2949 = ORIENTED_EDGE ( 'NONE', *, *, #1302, .F. ) ;
#2950 = LINE ( 'NONE', #4037, #3765 ) ;
#2951 = AXIS2_PLACEMENT_3D ( 'NONE', #3477, #2848, #3859 ) ;
#2952 = FACE_OUTER_BOUND ( 'NONE', #4392, .T. ) ;
#2953 = SURFACE_STYLE_FILL_AREA ( #2632 ) ;
#2954 = DIRECTION ( 'NONE',  ( 0.000000000000000000, 0.000000000000000000, 1.000000000000000000 ) ) ;
#2955 = DIRECTION ( 'NONE',  ( 0.000000000000000000, -1.000000000000000000, 0.000000000000000000 ) ) ;
#2956 = VERTEX_POINT ( 'NONE', #2519 ) ;
#2957 = VERTEX_POINT ( 'NONE', #4159 ) ;
#2958 = ORIENTED_EDGE ( 'NONE', *, *, #13, .F. ) ;
#2959 = DIRECTION ( 'NONE',  ( 1.000000000000000000, -0.000000000000000000, -0.000000000000000000 ) ) ;
#2960 = CARTESIAN_POINT ( 'NONE',  ( -45.49999999999997868, 5.000000000000000000, 94.99999999999992895 ) ) ;
#2961 = CYLINDRICAL_SURFACE ( 'NONE', #3193, 1.500000000000001332 ) ;
#2962 = ORIENTED_EDGE ( 'NONE', *, *, #1786, .T. ) ;
#2963 = ADVANCED_FACE ( 'NONE', ( #4205 ), #3799, .F. ) ;
#2964 = EDGE_CURVE ( 'NONE', #2990, #3015, #3849, .T. ) ;
#2965 = FACE_OUTER_BOUND ( 'NONE', #466, .T. ) ;
#2966 = PLANE ( 'NONE',  #2985 ) ;
#2967 = EDGE_LOOP ( 'NONE', ( #1114, #397 ) ) ;
#2968 = ORIENTED_EDGE ( 'NONE', *, *, #2684, .T. ) ;
#2969 = FACE_BOUND ( 'NONE', #4086, .T. ) ;
#2970 = CYLINDRICAL_SURFACE ( 'NONE', #2576, 1.500000000000001332 ) ;
#2971 = DIRECTION ( 'NONE',  ( -0.000000000000000000, 1.000000000000000000, -0.000000000000000000 ) ) ;
#2972 = LINE ( 'NONE', #2999, #2846 ) ;
#2973 = DIRECTION ( 'NONE',  ( 0.000000000000000000, 1.000000000000000000, 0.000000000000000000 ) ) ;
#2974 = AXIS2_PLACEMENT_3D ( 'NONE', #2067, #1099, #2750 ) ;
#2975 = ORIENTED_EDGE ( 'NONE', *, *, #2886, .F. ) ;
#2976 = ORIENTED_EDGE ( 'NONE', *, *, #492, .F. ) ;
#2977 = VERTEX_POINT ( 'NONE', #3465 ) ;
#2978 = VECTOR ( 'NONE', #3535, 1000.000000000000000 ) ;
#2979 = DIRECTION ( 'NONE',  ( 0.000000000000000000, 0.000000000000000000, -1.000000000000000000 ) ) ;
#2980 = VECTOR ( 'NONE', #2450, 1000.000000000000000 ) ;
#2981 = DIRECTION ( 'NONE',  ( -0.000000000000000000, 1.000000000000000000, -0.000000000000000000 ) ) ;
#2982 = DIRECTION ( 'NONE',  ( 1.000000000000000000, 0.000000000000000000, -0.000000000000000000 ) ) ;
#2983 = AXIS2_PLACEMENT_3D ( 'NONE', #1585, #3303, #3350 ) ;
#2984 = VERTEX_POINT ( 'NONE', #408 ) ;
#2985 = AXIS2_PLACEMENT_3D ( 'NONE', #626, #4324, #1266 ) ;
#2986 = DIRECTION ( 'NONE',  ( -1.000000000000000000, -0.000000000000000000, -0.000000000000000000 ) ) ;
#2987 = FACE_OUTER_BOUND ( 'NONE', #2830, .T. ) ;
#2988 = EDGE_CURVE ( 'NONE', #561, #2485, #142, .T. ) ;
#2989 = VECTOR ( 'NONE', #3806, 1000.000000000000000 ) ;
#2990 = VERTEX_POINT ( 'NONE', #2097 ) ;
#2991 = ORIENTED_EDGE ( 'NONE', *, *, #478, .T. ) ;
#2992 = AXIS2_PLACEMENT_3D ( 'NONE', #653, #381, #118 ) ;
#2993 = AXIS2_PLACEMENT_3D ( 'NONE', #970, #592, #4003 ) ;
#2994 = DIRECTION ( 'NONE',  ( -1.000000000000000000, -0.000000000000000000, -0.000000000000000000 ) ) ;
#2995 = DIRECTION ( 'NONE',  ( -1.000000000000000000, 0.000000000000000000, -0.000000000000000000 ) ) ;
#2996 = EDGE_LOOP ( 'NONE', ( #802, #2459, #2457, #3140 ) ) ;
#2997 = EDGE_CURVE ( 'NONE', #778, #2022, #3553, .T. ) ;
#2998 = EDGE_CURVE ( 'NONE', #2925, #2426, #2857, .T. ) ;
#2999 = CARTESIAN_POINT ( 'NONE',  ( 75.00000000000000000, 22.50000000000000000, -102.0000000000000142 ) ) ;
#3000 = DIRECTION ( 'NONE',  ( 0.000000000000000000, 0.000000000000000000, 1.000000000000000000 ) ) ;
#3001 = ORIENTED_EDGE ( 'NONE', *, *, #3376, .T. ) ;
#3002 = CARTESIAN_POINT ( 'NONE',  ( -74.99999999999998579, 22.37809154710686599, -59.17157287525379417 ) ) ;
#3003 = ORIENTED_EDGE ( 'NONE', *, *, #2736, .F. ) ;
#3004 = CARTESIAN_POINT ( 'NONE',  ( -73.00000000000001421, 5.000000000000000000, -105.0000000000000142 ) ) ;
#3005 = CARTESIAN_POINT ( 'NONE',  ( 119.0000000000000284, 24.00000000000000000, -97.00000000000000000 ) ) ;
#3006 = CARTESIAN_POINT ( 'NONE',  ( -81.00000000000001421, 5.000000000000000000, -97.99999999999998579 ) ) ;
#3007 = EDGE_LOOP ( 'NONE', ( #4157, #1527, #1506, #1894 ) ) ;
#3008 = LINE ( 'NONE', #2294, #1236 ) ;
#3009 = DIRECTION ( 'NONE',  ( -1.000000000000000000, -0.000000000000000000, -0.000000000000000000 ) ) ;
#3010 = VECTOR ( 'NONE', #987, 1000.000000000000000 ) ;
#3011 = ORIENTED_EDGE ( 'NONE', *, *, #1817, .F. ) ;
#3012 = DIRECTION ( 'NONE',  ( -0.000000000000000000, 1.000000000000000000, -0.000000000000000000 ) ) ;
#3013 = DIRECTION ( 'NONE',  ( 0.000000000000000000, 0.000000000000000000, 1.000000000000000000 ) ) ;
#3014 = CIRCLE ( 'NONE', #1452, 1.500000000000001332 ) ;
#3015 = VERTEX_POINT ( 'NONE', #1502 ) ;
#3016 = ORIENTED_EDGE ( 'NONE', *, *, #3793, .F. ) ;
#3017 = VECTOR ( 'NONE', #2742, 1000.000000000000000 ) ;
#3018 = EDGE_CURVE ( 'NONE', #860, #1891, #4225, .T. ) ;
#3019 = LINE ( 'NONE', #4381, #4347 ) ;
#3020 = ORIENTED_EDGE ( 'NONE', *, *, #4059, .T. ) ;
#3021 = LINE ( 'NONE', #3735, #1213 ) ;
#3022 = EDGE_CURVE ( 'NONE', #2642, #1668, #3851, .T. ) ;
#3023 = ADVANCED_FACE ( 'NONE', ( #3514 ), #1762, .T. ) ;
#3024 = ORIENTED_EDGE ( 'NONE', *, *, #2763, .F. ) ;
#3025 = DIRECTION ( 'NONE',  ( 1.652117596168387756E-16, 0.000000000000000000, -1.000000000000000000 ) ) ;
#3026 = FACE_BOUND ( 'NONE', #1003, .T. ) ;
#3027 = DIRECTION ( 'NONE',  ( -1.000000000000000000, 0.000000000000000000, 0.000000000000000000 ) ) ;
#3028 = ORIENTED_EDGE ( 'NONE', *, *, #1033, .F. ) ;
#3029 = FACE_OUTER_BOUND ( 'NONE', #3309, .T. ) ;
#3030 = DIRECTION ( 'NONE',  ( -0.000000000000000000, 1.000000000000000000, -0.000000000000000000 ) ) ;
#3031 = FACE_OUTER_BOUND ( 'NONE', #1076, .T. ) ;
#3032 = ORIENTED_EDGE ( 'NONE', *, *, #3322, .F. ) ;
#3033 = DIRECTION ( 'NONE',  ( -0.000000000000000000, 1.000000000000000000, -0.000000000000000000 ) ) ;
#3034 = CARTESIAN_POINT ( 'NONE',  ( 119.0000000000000284, 37.42339375865881834, -87.75000000000002842 ) ) ;
#3035 = EDGE_CURVE ( 'NONE', #1600, #1930, #2119, .T. ) ;
#3036 = ORIENTED_EDGE ( 'NONE', *, *, #2306, .T. ) ;
#3037 = ORIENTED_EDGE ( 'NONE', *, *, #4193, .T. ) ;
#3038 = DIRECTION ( 'NONE',  ( 0.000000000000000000, 0.000000000000000000, -1.000000000000000000 ) ) ;
#3039 = EDGE_CURVE ( 'NONE', #1716, #1289, #2772, .T. ) ;
#3040 = ORIENTED_EDGE ( 'NONE', *, *, #4112, .T. ) ;
#3041 = ORIENTED_EDGE ( 'NONE', *, *, #4199, .T. ) ;
#3042 = DIRECTION ( 'NONE',  ( 0.000000000000000000, 1.000000000000000000, -0.000000000000000000 ) ) ;
#3043 = VECTOR ( 'NONE', #546, 1000.000000000000000 ) ;
#3044 = FACE_BOUND ( 'NONE', #1629, .T. ) ;
#3045 = LINE ( 'NONE', #3402, #3334 ) ;
#3046 = ORIENTED_EDGE ( 'NONE', *, *, #2663, .F. ) ;
#3047 = VECTOR ( 'NONE', #670, 1000.000000000000000 ) ;
#3048 = FACE_BOUND ( 'NONE', #2180, .T. ) ;
#3049 = CARTESIAN_POINT ( 'NONE',  ( -75.00000000000001421, 17.00000000000000000, -86.50000000000001421 ) ) ;
#3050 = VECTOR ( 'NONE', #544, 1000.000000000000000 ) ;
#3051 = AXIS2_PLACEMENT_3D ( 'NONE', #1380, #2728, #2393 ) ;
#3052 = ORIENTED_EDGE ( 'NONE', *, *, #4300, .T. ) ;
#3053 = CIRCLE ( 'NONE', #1277, 2.000000000000001776 ) ;
#3054 = DIRECTION ( 'NONE',  ( 0.000000000000000000, 0.000000000000000000, 1.000000000000000000 ) ) ;
#3055 = DIRECTION ( 'NONE',  ( 0.000000000000000000, 0.000000000000000000, -1.000000000000000000 ) ) ;
#3056 = AXIS2_PLACEMENT_3D ( 'NONE', #4344, #936, #4011 ) ;
#3057 = ORIENTED_EDGE ( 'NONE', *, *, #329, .F. ) ;
#3058 = CIRCLE ( 'NONE', #1848, 1.500000000000001332 ) ;
#3059 = AXIS2_PLACEMENT_3D ( 'NONE', #1127, #840, #1854 ) ;
#3060 = CARTESIAN_POINT ( 'NONE',  ( -43.00000000000000711, 0.000000000000000000, 34.49999999999993605 ) ) ;
#3061 = VERTEX_POINT ( 'NONE', #2474 ) ;
#3062 = DIRECTION ( 'NONE',  ( 1.000000000000000000, 0.000000000000000000, 0.000000000000000000 ) ) ;
#3063 = ORIENTED_EDGE ( 'NONE', *, *, #2648, .T. ) ;
#3064 = CARTESIAN_POINT ( 'NONE',  ( 19.00000000000000355, 5.000000000000004441, -27.00000000000005329 ) ) ;
#3065 = DIRECTION ( 'NONE',  ( 0.000000000000000000, 0.000000000000000000, 1.000000000000000000 ) ) ;
#3066 = DIRECTION ( 'NONE',  ( 0.000000000000000000, 0.000000000000000000, 1.000000000000000000 ) ) ;
#3067 = ORIENTED_EDGE ( 'NONE', *, *, #4254, .T. ) ;
#3068 = FACE_BOUND ( 'NONE', #1995, .T. ) ;
#3069 = DIRECTION ( 'NONE',  ( 0.000000000000000000, 0.000000000000000000, 1.000000000000000000 ) ) ;
#3070 = LINE ( 'NONE', #2780, #65 ) ;
#3071 = EDGE_CURVE ( 'NONE', #300, #2829, #1921, .T. ) ;
#3072 = DIRECTION ( 'NONE',  ( -1.000000000000000000, -0.000000000000000000, -0.000000000000000000 ) ) ;
#3073 = EDGE_CURVE ( 'NONE', #1423, #628, #435, .T. ) ;
#3074 = ORIENTED_EDGE ( 'NONE', *, *, #2337, .F. ) ;
#3075 = EDGE_CURVE ( 'NONE', #2770, #2426, #3128, .T. ) ;
#3076 = ADVANCED_FACE ( 'NONE', ( #820 ), #1435, .F. ) ;
#3077 = CARTESIAN_POINT ( 'NONE',  ( -75.00000000000001421, 22.50000000000000000, -102.0000000000000142 ) ) ;
#3078 = DIRECTION ( 'NONE',  ( 0.000000000000000000, 1.000000000000000000, 0.000000000000000000 ) ) ;
#3079 = ORIENTED_EDGE ( 'NONE', *, *, #4145, .T. ) ;
#3080 = VERTEX_POINT ( 'NONE', #2880 ) ;
#3081 = VECTOR ( 'NONE', #3843, 1000.000000000000000 ) ;
#3082 = DIRECTION ( 'NONE',  ( -1.000000000000000000, -0.000000000000000000, -0.000000000000000000 ) ) ;
#3083 = VECTOR ( 'NONE', #1914, 1000.000000000000000 ) ;
#3084 = ORIENTED_EDGE ( 'NONE', *, *, #2858, .T. ) ;
#3085 = CARTESIAN_POINT ( 'NONE',  ( 19.00000000000000355, -89.44271909999159220, 46.99999999999990052 ) ) ;
#3086 = EDGE_LOOP ( 'NONE', ( #3119, #206 ) ) ;
#3087 = MANIFOLD_SOLID_BREP ( 'Cut-Extrude9', #139 ) ;
#3088 = DIRECTION ( 'NONE',  ( -1.000000000000000000, -0.000000000000000000, -0.000000000000000000 ) ) ;
#3089 = AXIS2_PLACEMENT_3D ( 'NONE', #394, #311, #32 ) ;
#3090 = DIRECTION ( 'NONE',  ( -0.000000000000000000, -1.000000000000000000, -0.000000000000000000 ) ) ;
#3091 = CARTESIAN_POINT ( 'NONE',  ( 72.99999999999998579, 0.000000000000000000, -103.0000000000000142 ) ) ;
#3092 = ORIENTED_EDGE ( 'NONE', *, *, #1500, .F. ) ;
#3093 = CARTESIAN_POINT ( 'NONE',  ( -81.00000000000001421, 31.00000000000000000, -86.50000000000001421 ) ) ;
#3094 = DIRECTION ( 'NONE',  ( 0.000000000000000000, 0.000000000000000000, -1.000000000000000000 ) ) ;
#3095 = CARTESIAN_POINT ( 'NONE',  ( 79.29125210528397361, 23.42293443487183069, -60.02045645920408390 ) ) ;
#3096 = DIRECTION ( 'NONE',  ( 0.000000000000000000, 0.000000000000000000, 1.000000000000000000 ) ) ;
#3097 = EDGE_CURVE ( 'NONE', #132, #3660, #3910, .T. ) ;
#3098 = ORIENTED_EDGE ( 'NONE', *, *, #4283, .F. ) ;
#3099 = EDGE_CURVE ( 'NONE', #99, #3598, #2545, .T. ) ;
#3100 = CARTESIAN_POINT ( 'NONE',  ( -77.00000000000001421, 22.50000000000000000, -102.0000000000000142 ) ) ;
#3101 = LINE ( 'NONE', #406, #3081 ) ;
#3102 = ORIENTED_EDGE ( 'NONE', *, *, #1720, .F. ) ;
#3103 = CARTESIAN_POINT ( 'NONE',  ( 1.550000000000005818, 0.000000000000000000, -95.50000000000000000 ) ) ;
#3104 = VERTEX_POINT ( 'NONE', #3977 ) ;
#3105 = FACE_BOUND ( 'NONE', #694, .T. ) ;
#3106 = ORIENTED_EDGE ( 'NONE', *, *, #3818, .F. ) ;
#3107 = LINE ( 'NONE', #2032, #2016 ) ;
#3108 = CARTESIAN_POINT ( 'NONE',  ( 81.00000000000001421, 24.00000000000000000, -95.50000000000000000 ) ) ;
#3109 = CYLINDRICAL_SURFACE ( 'NONE', #2686, 1.499999999999987566 ) ;
#3110 = EDGE_LOOP ( 'NONE', ( #4238, #4209, #584, #238 ) ) ;
#3111 = ORIENTED_EDGE ( 'NONE', *, *, #1631, .T. ) ;
#3112 = ORIENTED_EDGE ( 'NONE', *, *, #1740, .T. ) ;
#3113 = CARTESIAN_POINT ( 'NONE',  ( 75.00000000000000000, 7.000000000000026645, -102.0499999999999972 ) ) ;
#3114 = DIRECTION ( 'NONE',  ( 0.000000000000000000, 0.000000000000000000, -1.000000000000000000 ) ) ;
#3115 = DIRECTION ( 'NONE',  ( -1.000000000000000000, -0.000000000000000000, 3.154042683594193641E-16 ) ) ;
#3116 = CARTESIAN_POINT ( 'NONE',  ( 24.00000000000001421, 0.000000000000000000, -25.00000000000006395 ) ) ;
#3117 = AXIS2_PLACEMENT_3D ( 'NONE', #469, #2871, #852 ) ;
#3118 = EDGE_CURVE ( 'NONE', #2096, #3715, #1962, .T. ) ;
#3119 = ORIENTED_EDGE ( 'NONE', *, *, #2253, .F. ) ;
#3120 = LINE ( 'NONE', #3483, #3635 ) ;
#3121 = EDGE_CURVE ( 'NONE', #1545, #2004, #3580, .T. ) ;
#3122 = AXIS2_PLACEMENT_3D ( 'NONE', #3273, #1245, #2594 ) ;
#3123 = CARTESIAN_POINT ( 'NONE',  ( 24.00000000000002842, 5.000000000000004441, 44.99999999999992895 ) ) ;
#3124 = CIRCLE ( 'NONE', #855, 1.999999999999994893 ) ;
#3125 = ORIENTED_EDGE ( 'NONE', *, *, #3682, .F. ) ;
#3126 = CIRCLE ( 'NONE', #277, 1.500000000000001332 ) ;
#3127 = AXIS2_PLACEMENT_3D ( 'NONE', #4413, #3115, #2064 ) ;
#3128 = LINE ( 'NONE', #3175, #1147 ) ;
#3129 = AXIS2_PLACEMENT_3D ( 'NONE', #1993, #2981, #3655 ) ;
#3130 = ORIENTED_EDGE ( 'NONE', *, *, #1389, .F. ) ;
#3131 = PLANE ( 'NONE',  #1779 ) ;
#3132 = ORIENTED_EDGE ( 'NONE', *, *, #2281, .T. ) ;
#3133 = EDGE_CURVE ( 'NONE', #2636, #4068, #274, .T. ) ;
#3134 = EDGE_CURVE ( 'NONE', #3609, #1906, #3124, .T. ) ;
#3135 = AXIS2_PLACEMENT_3D ( 'NONE', #2384, #30, #3332 ) ;
#3136 = DIRECTION ( 'NONE',  ( -0.000000000000000000, -1.000000000000000000, -0.000000000000000000 ) ) ;
#3137 = EDGE_CURVE ( 'NONE', #635, #1750, #1924, .T. ) ;
#3138 = CARTESIAN_POINT ( 'NONE',  ( 75.00000000000001421, 31.00000000000000000, -80.00000000000000000 ) ) ;
#3139 = DIRECTION ( 'NONE',  ( -0.000000000000000000, 1.000000000000000000, -0.000000000000000000 ) ) ;
#3140 = ORIENTED_EDGE ( 'NONE', *, *, #2663, .T. ) ;
#3141 = ORIENTED_EDGE ( 'NONE', *, *, #1281, .F. ) ;
#3142 = EDGE_LOOP ( 'NONE', ( #2866, #225, #686, #3984 ) ) ;
#3143 = CIRCLE ( 'NONE', #366, 1.549999999999995826 ) ;
#3144 = DIRECTION ( 'NONE',  ( -1.000000000000000000, 0.000000000000000000, 0.000000000000000000 ) ) ;
#3145 = CARTESIAN_POINT ( 'NONE',  ( -25.99999999999999645, 0.000000000000000000, 9.999999999999953815 ) ) ;
#3146 = PLANE ( 'NONE',  #3413 ) ;
#3147 = CYLINDRICAL_SURFACE ( 'NONE', #1973, 1.500000000000004885 ) ;
#3148 = ORIENTED_EDGE ( 'NONE', *, *, #2763, .T. ) ;
#3149 = DIRECTION ( 'NONE',  ( 0.000000000000000000, 0.000000000000000000, 1.000000000000000000 ) ) ;
#3150 = LINE ( 'NONE', #2784, #2864 ) ;
#3151 = ORIENTED_EDGE ( 'NONE', *, *, #2308, .T. ) ;
#3152 = DIRECTION ( 'NONE',  ( -0.000000000000000000, -1.000000000000000000, -0.000000000000000000 ) ) ;
#3153 = ORIENTED_EDGE ( 'NONE', *, *, #850, .F. ) ;
#3154 = DIRECTION ( 'NONE',  ( 0.000000000000000000, 0.000000000000000000, 1.000000000000000000 ) ) ;
#3155 = AXIS2_PLACEMENT_3D ( 'NONE', #182, #895, #1535 ) ;
#3156 = ORIENTED_EDGE ( 'NONE', *, *, #1364, .T. ) ;
#3157 = ADVANCED_FACE ( 'NONE', ( #1276 ), #1189, .F. ) ;
#3158 = CARTESIAN_POINT ( 'NONE',  ( -77.00000000000001421, 22.50000000000000355, -60.00000000000000711 ) ) ;
#3159 = AXIS2_PLACEMENT_3D ( 'NONE', #294, #4288, #4323 ) ;
#3160 = DIRECTION ( 'NONE',  ( 0.000000000000000000, 1.000000000000000000, 0.000000000000000000 ) ) ;
#3161 = ORIENTED_EDGE ( 'NONE', *, *, #2883, .T. ) ;
#3162 = EDGE_LOOP ( 'NONE', ( #1431, #2220 ) ) ;
#3163 = ORIENTED_EDGE ( 'NONE', *, *, #2806, .F. ) ;
#3164 = AXIS2_PLACEMENT_3D ( 'NONE', #734, #9, #1039 ) ;
#3165 = DIRECTION ( 'NONE',  ( 0.000000000000000000, 0.000000000000000000, 1.000000000000000000 ) ) ;
#3166 = DIRECTION ( 'NONE',  ( -3.154042683594193641E-16, 0.000000000000000000, -1.000000000000000000 ) ) ;
#3167 = DIRECTION ( 'NONE',  ( -1.000000000000000000, 0.000000000000000000, 0.000000000000000000 ) ) ;
#3168 = DIRECTION ( 'NONE',  ( 0.000000000000000000, 0.000000000000000000, 1.000000000000000000 ) ) ;
#3169 = EDGE_LOOP ( 'NONE', ( #3563, #2418, #4384, #1948 ) ) ;
#3170 = CARTESIAN_POINT ( 'NONE',  ( -73.00000000000001421, 0.000000000000000000, -105.0000000000000142 ) ) ;
#3171 = CARTESIAN_POINT ( 'NONE',  ( -79.00000000000001421, 22.50000000000000000, -100.0000000000000000 ) ) ;
#3172 = VERTEX_POINT ( 'NONE', #1212 ) ;
#3173 = ORIENTED_EDGE ( 'NONE', *, *, #4380, .T. ) ;
#3174 = DIRECTION ( 'NONE',  ( 3.035766082959409950E-16, 0.000000000000000000, 1.000000000000000000 ) ) ;
#3175 = CARTESIAN_POINT ( 'NONE',  ( -20.00000000000001066, -16.20000000000000284, 93.49999999999991473 ) ) ;
#3176 = CARTESIAN_POINT ( 'NONE',  ( 119.0000000000000284, 17.00000000000000000, -73.50000000000000000 ) ) ;
#3177 = EDGE_LOOP ( 'NONE', ( #666, #2638, #1734, #1068 ) ) ;
#3178 = EDGE_CURVE ( 'NONE', #4290, #330, #211, .T. ) ;
#3179 = CARTESIAN_POINT ( 'NONE',  ( -20.00000000000001066, -16.20000000000000284, 96.49999999999991473 ) ) ;
#3180 = DIRECTION ( 'NONE',  ( 0.000000000000000000, 0.000000000000000000, 1.000000000000000000 ) ) ;
#3181 = ORIENTED_EDGE ( 'NONE', *, *, #1055, .F. ) ;
#3182 = VERTEX_POINT ( 'NONE', #2280 ) ;
#3183 = DIRECTION ( 'NONE',  ( 0.000000000000000000, 0.000000000000000000, 1.000000000000000000 ) ) ;
#3184 = CYLINDRICAL_SURFACE ( 'NONE', #1694, 1.549999999999995826 ) ;
#3185 = CARTESIAN_POINT ( 'NONE',  ( -75.00000000000001421, 7.000000000000026645, -103.0000000000000142 ) ) ;
#3186 = ORIENTED_EDGE ( 'NONE', *, *, #3324, .T. ) ;
#3187 = CARTESIAN_POINT ( 'NONE',  ( 119.0000000000000284, 24.00000000000000355, -66.00000000000000000 ) ) ;
#3188 = EDGE_CURVE ( 'NONE', #2977, #2121, #2928, .T. ) ;
#3189 = LINE ( 'NONE', #453, #2301 ) ;
#3190 = EDGE_CURVE ( 'NONE', #3710, #2274, #3240, .T. ) ;
#3191 = AXIS2_PLACEMENT_3D ( 'NONE', #3764, #744, #3458 ) ;
#3192 = ORIENTED_EDGE ( 'NONE', *, *, #1999, .T. ) ;
#3193 = AXIS2_PLACEMENT_3D ( 'NONE', #3967, #4321, #2330 ) ;
#3194 = DIRECTION ( 'NONE',  ( 0.000000000000000000, 0.000000000000000000, -1.000000000000000000 ) ) ;
#3195 = AXIS2_PLACEMENT_3D ( 'NONE', #3670, #3625, #3960 ) ;
#3196 = DIRECTION ( 'NONE',  ( 0.000000000000000000, 0.000000000000000000, 1.000000000000000000 ) ) ;
#3197 = CIRCLE ( 'NONE', #3554, 19.99999999999998934 ) ;
#3198 = FACE_BOUND ( 'NONE', #3375, .T. ) ;
#3199 = CYLINDRICAL_SURFACE ( 'NONE', #2840, 2.000000000000001776 ) ;
#3200 = CIRCLE ( 'NONE', #3704, 1.500000000000001332 ) ;
#3201 = PLANE ( 'NONE',  #986 ) ;
#3202 = EDGE_LOOP ( 'NONE', ( #2362, #1186 ) ) ;
#3203 = VECTOR ( 'NONE', #2769, 1000.000000000000000 ) ;
#3204 = EDGE_LOOP ( 'NONE', ( #489, #4352, #4308, #2409 ) ) ;
#3205 = VECTOR ( 'NONE', #1695, 1000.000000000000114 ) ;
#3206 = DIRECTION ( 'NONE',  ( 1.000000000000000000, 0.000000000000000000, 1.652117596168387756E-16 ) ) ;
#3207 = DIRECTION ( 'NONE',  ( -0.000000000000000000, -1.000000000000000000, -0.000000000000000000 ) ) ;
#3208 = CARTESIAN_POINT ( 'NONE',  ( 74.99999999999998579, 5.000000000000000000, -103.0000000000000142 ) ) ;
#3209 = ORIENTED_EDGE ( 'NONE', *, *, #1547, .F. ) ;
#3210 = EDGE_CURVE ( 'NONE', #2185, #3366, #2903, .T. ) ;
#3211 = CARTESIAN_POINT ( 'NONE',  ( -75.00000000000001421, 45.00000000000000000, -102.0000000000000142 ) ) ;
#3212 = DIRECTION ( 'NONE',  ( -0.000000000000000000, 1.000000000000000000, -0.000000000000000000 ) ) ;
#3213 = ORIENTED_EDGE ( 'NONE', *, *, #4112, .F. ) ;
#3214 = DIRECTION ( 'NONE',  ( -0.000000000000000000, -1.000000000000000000, -0.000000000000000000 ) ) ;
#3215 = EDGE_CURVE ( 'NONE', #1383, #2599, #1898, .T. ) ;
#3216 = EDGE_CURVE ( 'NONE', #2453, #3831, #4294, .T. ) ;
#3217 = CARTESIAN_POINT ( 'NONE',  ( -80.91755021517252544, 29.80598956343689565, -61.36663934126305975 ) ) ;
#3218 = CARTESIAN_POINT ( 'NONE',  ( 75.00000000000001421, 0.000000000000000000, -57.99999999999998579 ) ) ;
#3219 = DIRECTION ( 'NONE',  ( -0.000000000000000000, 1.000000000000000000, -0.000000000000000000 ) ) ;
#3220 = CARTESIAN_POINT ( 'NONE',  ( 119.0000000000000284, 17.00000000000000000, -73.50000000000000000 ) ) ;
#3221 = DIRECTION ( 'NONE',  ( 0.000000000000000000, 0.000000000000000000, -1.000000000000000000 ) ) ;
#3222 = CARTESIAN_POINT ( 'NONE',  ( -45.49999999999997868, -5.000000000000000000, 96.54999999999992610 ) ) ;
#3223 = AXIS2_PLACEMENT_3D ( 'NONE', #1627, #3326, #2319 ) ;
#3224 = EDGE_LOOP ( 'NONE', ( #1388, #1178 ) ) ;
#3225 = ORIENTED_EDGE ( 'NONE', *, *, #1878, .F. ) ;
#3226 = ORIENTED_EDGE ( 'NONE', *, *, #1900, .T. ) ;
#3227 = DIRECTION ( 'NONE',  ( 0.7071067811865405783, 0.7071067811865545671, 0.000000000000000000 ) ) ;
#3228 = AXIS2_PLACEMENT_3D ( 'NONE', #2708, #3787, #335 ) ;
#3229 = DIRECTION ( 'NONE',  ( 1.000000000000000000, 0.000000000000000000, -0.000000000000000000 ) ) ;
#3230 = CARTESIAN_POINT ( 'NONE',  ( -81.00000000000001421, 24.00000000000000000, -97.00000000000000000 ) ) ;
#3231 = VECTOR ( 'NONE', #2311, 1000.000000000000000 ) ;
#3232 = ORIENTED_EDGE ( 'NONE', *, *, #872, .F. ) ;
#3233 = ADVANCED_FACE ( 'NONE', ( #969 ), #3147, .F. ) ;
#3234 = DIRECTION ( 'NONE',  ( 1.000000000000000000, 0.000000000000000000, 0.000000000000000000 ) ) ;
#3235 = ADVANCED_FACE ( 'NONE', ( #4173 ), #3792, .F. ) ;
#3236 = EDGE_LOOP ( 'NONE', ( #4377, #2811, #2152 ) ) ;
#3237 = CARTESIAN_POINT ( 'NONE',  ( -55.49999999999997158, 5.000000000000000000, 102.9999999999999289 ) ) ;
#3238 = CARTESIAN_POINT ( 'NONE',  ( -81.00000000000001421, 17.00000000000000000, -73.50000000000000000 ) ) ;
#3239 = CARTESIAN_POINT ( 'NONE',  ( -75.00000000000001421, 17.00000000000000000, -73.50000000000000000 ) ) ;
#3240 = LINE ( 'NONE', #3647, #3975 ) ;
#3241 = LINE ( 'NONE', #1303, #4273 ) ;
#3242 = CARTESIAN_POINT ( 'NONE',  ( 140.0000000000000853, 22.50000000000000711, -60.00000000000001421 ) ) ;
#3243 = ORIENTED_EDGE ( 'NONE', *, *, #3073, .T. ) ;
#3244 = VERTEX_POINT ( 'NONE', #4100 ) ;
#3245 = ORIENTED_EDGE ( 'NONE', *, *, #3317, .T. ) ;
#3246 = FACE_OUTER_BOUND ( 'NONE', #3264, .T. ) ;
#3247 = CARTESIAN_POINT ( 'NONE',  ( 40.40000000000001990, 5.000000000000000000, -7.500000000000062172 ) ) ;
#3248 = CARTESIAN_POINT ( 'NONE',  ( 81.00000000000001421, 31.00000000000000000, -73.50000000000000000 ) ) ;
#3249 = ORIENTED_EDGE ( 'NONE', *, *, #775, .F. ) ;
#3250 = CARTESIAN_POINT ( 'NONE',  ( 40.40000000000001990, -16.20000000000000284, -7.500000000000069278 ) ) ;
#3251 = CARTESIAN_POINT ( 'NONE',  ( -75.00000000000001421, 10.57660624134118521, -89.24999999999998579 ) ) ;
#3252 = ORIENTED_EDGE ( 'NONE', *, *, #2859, .F. ) ;
#3253 = EDGE_LOOP ( 'NONE', ( #3300, #445, #844, #1406 ) ) ;
#3254 = CARTESIAN_POINT ( 'NONE',  ( 53.50000000000003553, 5.000000000000000000, 102.9999999999999289 ) ) ;
#3255 = AXIS2_PLACEMENT_3D ( 'NONE', #636, #790, #2137 ) ;
#3256 = FACE_OUTER_BOUND ( 'NONE', #4087, .T. ) ;
#3257 = CARTESIAN_POINT ( 'NONE',  ( 64.99999999999998579, -5.000000000000000000, -57.55000000000000426 ) ) ;
#3258 = CIRCLE ( 'NONE', #3978, 2.000000000000001776 ) ;
#3259 = ADVANCED_FACE ( 'NONE', ( #3437 ), #2089, .F. ) ;
#3260 = AXIS2_PLACEMENT_3D ( 'NONE', #140, #4374, #3999 ) ;
#3261 = DIRECTION ( 'NONE',  ( -0.000000000000000000, 1.000000000000000000, -0.000000000000000000 ) ) ;
#3262 = PLANE ( 'NONE',  #1062 ) ;
#3263 = VECTOR ( 'NONE', #1686, 1000.000000000000000 ) ;
#3264 = EDGE_LOOP ( 'NONE', ( #4318, #3279, #932, #2718 ) ) ;
#3265 = CARTESIAN_POINT ( 'NONE',  ( 53.50000000000003553, 0.000000000000000000, 104.9999999999999289 ) ) ;
#3266 = EDGE_CURVE ( 'NONE', #854, #624, #3476, .T. ) ;
#3267 = ADVANCED_FACE ( 'NONE', ( #1654 ), #4152, .F. ) ;
#3268 = ORIENTED_EDGE ( 'NONE', *, *, #293, .T. ) ;
#3269 = VECTOR ( 'NONE', #61, 1000.000000000000000 ) ;
#3270 = AXIS2_PLACEMENT_3D ( 'NONE', #547, #1283, #1590 ) ;
#3271 = CARTESIAN_POINT ( 'NONE',  ( -75.00000000000001421, 0.000000000000000000, -57.99999999999998579 ) ) ;
#3272 = CARTESIAN_POINT ( 'NONE',  ( 45.50000000000003553, 5.000000000000000000, 94.99999999999992895 ) ) ;
#3273 = CARTESIAN_POINT ( 'NONE',  ( -26.00000000000000000, -89.44271909999159220, 44.99999999999992895 ) ) ;
#3274 = AXIS2_PLACEMENT_3D ( 'NONE', #2678, #4027, #1346 ) ;
#3275 = AXIS2_PLACEMENT_3D ( 'NONE', #1742, #2405, #3445 ) ;
#3276 = EDGE_LOOP ( 'NONE', ( #2933, #3243, #542, #1218 ) ) ;
#3277 = CARTESIAN_POINT ( 'NONE',  ( -72.99999999999995737, 5.000000000000000888, -57.99999999999997868 ) ) ;
#3278 = CARTESIAN_POINT ( 'NONE',  ( -20.00000000000001421, 5.000000000000000000, 73.99999999999992895 ) ) ;
#3279 = ORIENTED_EDGE ( 'NONE', *, *, #2191, .T. ) ;
#3280 = DIRECTION ( 'NONE',  ( 0.000000000000000000, 0.000000000000000000, -1.000000000000000000 ) ) ;
#3281 = ORIENTED_EDGE ( 'NONE', *, *, #429, .T. ) ;
#3282 = DIRECTION ( 'NONE',  ( 0.000000000000000000, 0.1455885994785731941, -0.9893452176575513457 ) ) ;
#3283 = DIRECTION ( 'NONE',  ( -0.000000000000000000, 1.000000000000000000, -0.000000000000000000 ) ) ;
#3284 = CARTESIAN_POINT ( 'NONE',  ( 24.00000000000001421, -89.44271909999159220, -26.50000000000006750 ) ) ;
#3285 = CARTESIAN_POINT ( 'NONE',  ( 1.550000000000005818, -5.000000000000000000, -95.50000000000000000 ) ) ;
#3286 = CARTESIAN_POINT ( 'NONE',  ( -79.23329030668129747, 23.23868654076083828, -60.01279373395539096 ) ) ;
#3287 = ORIENTED_EDGE ( 'NONE', *, *, #735, .T. ) ;
#3288 = EDGE_CURVE ( 'NONE', #2568, #40, #2729, .T. ) ;
#3289 = ORIENTED_EDGE ( 'NONE', *, *, #443, .F. ) ;
#3290 = ORIENTED_EDGE ( 'NONE', *, *, #3322, .T. ) ;
#3291 = CYLINDRICAL_SURFACE ( 'NONE', #1876, 1.549999999999995826 ) ;
#3292 = CARTESIAN_POINT ( 'NONE',  ( -75.00000000000001421, 7.000000000000026645, -102.0499999999999972 ) ) ;
#3293 = FACE_OUTER_BOUND ( 'NONE', #3822, .T. ) ;
#3294 = ORIENTED_EDGE ( 'NONE', *, *, #2112, .T. ) ;
#3295 = AXIS2_PLACEMENT_3D ( 'NONE', #2272, #3009, #1936 ) ;
#3296 = ADVANCED_FACE ( 'NONE', ( #17 ), #39, .F. ) ;
#3297 = CARTESIAN_POINT ( 'NONE',  ( -81.00000000000001421, 31.00000000000000000, -80.00000000000000000 ) ) ;
#3298 = CARTESIAN_POINT ( 'NONE',  ( 81.00000000000001421, 37.42339375865881834, -86.25000000000001421 ) ) ;
#3299 = AXIS2_PLACEMENT_3D ( 'NONE', #1179, #873, #2133 ) ;
#3300 = ORIENTED_EDGE ( 'NONE', *, *, #2208, .F. ) ;
#3301 = CARTESIAN_POINT ( 'NONE',  ( -73.00000000000001421, 5.000000000000000000, -103.0000000000000142 ) ) ;
#3302 = ORIENTED_EDGE ( 'NONE', *, *, #4409, .F. ) ;
#3303 = DIRECTION ( 'NONE',  ( 0.000000000000000000, 1.000000000000000000, 0.000000000000000000 ) ) ;
#3304 = AXIS2_PLACEMENT_3D ( 'NONE', #1063, #3754, #708 ) ;
#3305 = DIRECTION ( 'NONE',  ( 0.000000000000000000, 0.000000000000000000, 1.000000000000000000 ) ) ;
#3306 =( LENGTH_UNIT ( ) NAMED_UNIT ( * ) SI_UNIT ( .MILLI., .METRE. ) );
#3307 = CARTESIAN_POINT ( 'NONE',  ( 15.99999999999998579, 0.000000000000000000, 49.99999999999993605 ) ) ;
#3308 = CARTESIAN_POINT ( 'NONE',  ( -1.549999999999995604, -5.000000000000000000, -100.5000000000000000 ) ) ;
#3309 = EDGE_LOOP ( 'NONE', ( #705, #1965, #3629, #4081 ) ) ;
#3310 = ORIENTED_EDGE ( 'NONE', *, *, #514, .T. ) ;
#3311 = ORIENTED_EDGE ( 'NONE', *, *, #2787, .F. ) ;
#3312 = EDGE_CURVE ( 'NONE', #746, #1750, #1476, .T. ) ;
#3313 = CARTESIAN_POINT ( 'NONE',  ( 5.746638708345982787E-15, -5.000000000000000000, -95.50000000000000000 ) ) ;
#3314 = DIRECTION ( 'NONE',  ( 0.000000000000000000, 0.000000000000000000, -1.000000000000000000 ) ) ;
#3315 = CARTESIAN_POINT ( 'NONE',  ( 140.0000000000000853, 5.000000000000000000, -102.0499999999999972 ) ) ;
#3316 = VERTEX_POINT ( 'NONE', #1300 ) ;
#3317 = EDGE_CURVE ( 'NONE', #2679, #2536, #3689, .T. ) ;
#3318 = CARTESIAN_POINT ( 'NONE',  ( 140.0000000000000853, 5.000000000000000000, -102.0499999999999972 ) ) ;
#3319 = DIRECTION ( 'NONE',  ( -1.000000000000000000, -0.000000000000000000, -0.000000000000000000 ) ) ;
#3320 = ORIENTED_EDGE ( 'NONE', *, *, #4242, .F. ) ;
#3321 = ORIENTED_EDGE ( 'NONE', *, *, #1267, .F. ) ;
#3322 = EDGE_CURVE ( 'NONE', #635, #750, #1054, .T. ) ;
#3323 = EDGE_CURVE ( 'NONE', #438, #1334, #85, .T. ) ;
#3324 = EDGE_CURVE ( 'NONE', #1691, #3453, #768, .T. ) ;
#3325 = CARTESIAN_POINT ( 'NONE',  ( -75.00000000000001421, 45.00000000000000000, -102.0000000000000142 ) ) ;
#3326 = DIRECTION ( 'NONE',  ( 0.000000000000000000, 0.000000000000000000, 1.000000000000000000 ) ) ;
#3327 = CARTESIAN_POINT ( 'NONE',  ( -75.00000000000001421, 5.000000000000000000, -103.0000000000000142 ) ) ;
#3328 = FACE_OUTER_BOUND ( 'NONE', #1402, .T. ) ;
#3329 = CARTESIAN_POINT ( 'NONE',  ( -79.57770272134631284, 24.34213813685068217, -60.08160259997137587 ) ) ;
#3330 = VECTOR ( 'NONE', #1754, 1000.000000000000000 ) ;
#3331 = ORIENTED_EDGE ( 'NONE', *, *, #679, .F. ) ;
#3332 = DIRECTION ( 'NONE',  ( 0.000000000000000000, 0.000000000000000000, 1.000000000000000000 ) ) ;
#3333 = ORIENTED_EDGE ( 'NONE', *, *, #3488, .F. ) ;
#3334 = VECTOR ( 'NONE', #1422, 1000.000000000000000 ) ;
#3335 = FACE_OUTER_BOUND ( 'NONE', #2326, .T. ) ;
#3336 = VECTOR ( 'NONE', #187, 1000.000000000000000 ) ;
#3337 = CARTESIAN_POINT ( 'NONE',  ( -21.00000000000000000, 0.000000000000000000, -27.00000000000005329 ) ) ;
#3338 = FACE_OUTER_BOUND ( 'NONE', #4322, .T. ) ;
#3339 = AXIS2_PLACEMENT_3D ( 'NONE', #3650, #2930, #593 ) ;
#3340 = ORIENTED_EDGE ( 'NONE', *, *, #4358, .F. ) ;
#3341 = AXIS2_PLACEMENT_3D ( 'NONE', #2553, #3570, #874 ) ;
#3342 = DIRECTION ( 'NONE',  ( -1.000000000000000000, 0.000000000000000000, 0.000000000000000000 ) ) ;
#3343 = CARTESIAN_POINT ( 'NONE',  ( 75.00000000000001421, 22.50000000000000711, -60.00000000000001421 ) ) ;
#3344 = AXIS2_PLACEMENT_3D ( 'NONE', #2150, #823, #3517 ) ;
#3345 = CIRCLE ( 'NONE', #499, 2.000000000000001776 ) ;
#3346 = DIRECTION ( 'NONE',  ( -1.000000000000000000, 0.000000000000000000, 0.000000000000000000 ) ) ;
#3347 = EDGE_LOOP ( 'NONE', ( #3377, #3356 ) ) ;
#3348 = EDGE_CURVE ( 'NONE', #3467, #1576, #2039, .T. ) ;
#3349 = VECTOR ( 'NONE', #1392, 1000.000000000000000 ) ;
#3350 = DIRECTION ( 'NONE',  ( 0.000000000000000000, 0.000000000000000000, 1.000000000000000000 ) ) ;
#3351 = DIRECTION ( 'NONE',  ( -0.000000000000000000, 1.000000000000000000, -0.000000000000000000 ) ) ;
#3352 = EDGE_CURVE ( 'NONE', #3744, #3955, #1121, .T. ) ;
#3353 = VERTEX_POINT ( 'NONE', #3836 ) ;
#3354 = CARTESIAN_POINT ( 'NONE',  ( -45.49999999999997868, -5.000000000000000000, 94.99999999999992895 ) ) ;
#3355 = EDGE_CURVE ( 'NONE', #2671, #1907, #2541, .T. ) ;
#3356 = ORIENTED_EDGE ( 'NONE', *, *, #1247, .T. ) ;
#3357 = EDGE_CURVE ( 'NONE', #4092, #2437, #3507, .T. ) ;
#3358 = VECTOR ( 'NONE', #112, 1000.000000000000000 ) ;
#3359 = LINE ( 'NONE', #3778, #2628 ) ;
#3360 = ORIENTED_EDGE ( 'NONE', *, *, #713, .T. ) ;
#3361 = CARTESIAN_POINT ( 'NONE',  ( -26.00000000000000000, 5.000000000000004441, 43.49999999999992895 ) ) ;
#3362 = ORIENTED_EDGE ( 'NONE', *, *, #4391, .F. ) ;
#3363 = CYLINDRICAL_SURFACE ( 'NONE', #3730, 1.500000000000001332 ) ;
#3364 = FACE_OUTER_BOUND ( 'NONE', #3236, .T. ) ;
#3365 = CARTESIAN_POINT ( 'NONE',  ( -45.49999999999997868, -5.000000000000000000, 94.99999999999992895 ) ) ;
#3366 = VERTEX_POINT ( 'NONE', #301 ) ;
#3367 = DIRECTION ( 'NONE',  ( -1.000000000000000000, 0.000000000000000000, 0.000000000000000000 ) ) ;
#3368 = CARTESIAN_POINT ( 'NONE',  ( 79.00000000000000000, 0.000000000000000000, -60.00000000000000711 ) ) ;
#3369 = CIRCLE ( 'NONE', #163, 3.000000000000002665 ) ;
#3370 = EDGE_LOOP ( 'NONE', ( #35, #2810, #1411, #769 ) ) ;
#3371 = DIRECTION ( 'NONE',  ( -0.000000000000000000, 1.000000000000000000, -0.000000000000000000 ) ) ;
#3372 = EDGE_CURVE ( 'NONE', #3182, #412, #2652, .T. ) ;
#3373 = CARTESIAN_POINT ( 'NONE',  ( -20.00000000000001066, 5.000000000000000000, 96.49999999999991473 ) ) ;
#3374 = AXIS2_PLACEMENT_3D ( 'NONE', #3318, #2920, #226 ) ;
#3375 = EDGE_LOOP ( 'NONE', ( #200, #90, #3421, #120 ) ) ;
#3376 = EDGE_CURVE ( 'NONE', #2274, #2956, #1510, .T. ) ;
#3377 = ORIENTED_EDGE ( 'NONE', *, *, #2212, .T. ) ;
#3378 = CIRCLE ( 'NONE', #3523, 1.500000000000001332 ) ;
#3379 = DIRECTION ( 'NONE',  ( -0.000000000000000000, 1.000000000000000000, -0.000000000000000000 ) ) ;
#3380 = ORIENTED_EDGE ( 'NONE', *, *, #2633, .F. ) ;
#3381 = LINE ( 'NONE', #2740, #4414 ) ;
#3382 = ORIENTED_EDGE ( 'NONE', *, *, #3893, .F. ) ;
#3383 = DIRECTION ( 'NONE',  ( 0.000000000000000000, 0.000000000000000000, -1.000000000000000000 ) ) ;
#3384 = FACE_BOUND ( 'NONE', #1397, .T. ) ;
#3385 = CARTESIAN_POINT ( 'NONE',  ( -75.00000000000001421, 24.00000000000000000, -94.00000000000000000 ) ) ;
#3386 = ORIENTED_EDGE ( 'NONE', *, *, #3137, .F. ) ;
#3387 = CARTESIAN_POINT ( 'NONE',  ( 81.00000000000001421, 37.42339375865881124, -72.25000000000000000 ) ) ;
#3388 = DIRECTION ( 'NONE',  ( 1.000000000000000000, 0.000000000000000000, 1.652117596168387756E-16 ) ) ;
#3389 = ORIENTED_EDGE ( 'NONE', *, *, #345, .F. ) ;
#3390 = DIRECTION ( 'NONE',  ( 0.000000000000000000, -1.000000000000000000, 0.000000000000000000 ) ) ;
#3391 = DIRECTION ( 'NONE',  ( -1.000000000000000000, -0.000000000000000000, -0.000000000000000000 ) ) ;
#3392 = ORIENTED_EDGE ( 'NONE', *, *, #2281, .F. ) ;
#3393 = ORIENTED_EDGE ( 'NONE', *, *, #4255, .F. ) ;
#3394 = DIRECTION ( 'NONE',  ( 0.000000000000000000, 1.000000000000000000, 0.000000000000000000 ) ) ;
#3395 = ORIENTED_EDGE ( 'NONE', *, *, #2287, .T. ) ;
#3396 = DIRECTION ( 'NONE',  ( -0.000000000000000000, 1.000000000000000000, -0.000000000000000000 ) ) ;
#3397 = EDGE_LOOP ( 'NONE', ( #1106, #2130, #1895, #4186 ) ) ;
#3398 = ADVANCED_FACE ( 'NONE', ( #1222 ), #2532, .F. ) ;
#3399 = DIRECTION ( 'NONE',  ( -1.000000000000000000, 0.000000000000000000, -0.000000000000000000 ) ) ;
#3400 = VECTOR ( 'NONE', #4367, 1000.000000000000114 ) ;
#3401 = CARTESIAN_POINT ( 'NONE',  ( 5.746638708345982787E-15, 5.000000000000000000, -93.95000000000000284 ) ) ;
#3402 = CARTESIAN_POINT ( 'NONE',  ( 74.99999999999998579, 5.000000000000000000, -103.0000000000000142 ) ) ;
#3403 = ADVANCED_FACE ( 'NONE', ( #1532 ), #811, .F. ) ;
#3404 = EDGE_CURVE ( 'NONE', #258, #965, #4285, .T. ) ;
#3405 = VERTEX_POINT ( 'NONE', #875 ) ;
#3406 = VECTOR ( 'NONE', #1543, 1000.000000000000000 ) ;
#3407 = EDGE_CURVE ( 'NONE', #1424, #4378, #2157, .T. ) ;
#3408 = VECTOR ( 'NONE', #3082, 1000.000000000000000 ) ;
#3409 = LINE ( 'NONE', #357, #2579 ) ;
#3410 = DIRECTION ( 'NONE',  ( -1.000000000000000000, 0.000000000000000000, 0.000000000000000000 ) ) ;
#3411 = DIRECTION ( 'NONE',  ( -3.854941057726240562E-16, 0.000000000000000000, 1.000000000000000000 ) ) ;
#3412 = CIRCLE ( 'NONE', #2403, 1.500000000000001332 ) ;
#3413 = AXIS2_PLACEMENT_3D ( 'NONE', #359, #3388, #3436 ) ;
#3414 = ORIENTED_EDGE ( 'NONE', *, *, #773, .T. ) ;
#3415 = CIRCLE ( 'NONE', #926, 1.500000000000001332 ) ;
#3416 = LINE ( 'NONE', #1385, #1696 ) ;
#3417 = DIRECTION ( 'NONE',  ( 0.000000000000000000, -1.000000000000000000, 0.000000000000000000 ) ) ;
#3418 = CIRCLE ( 'NONE', #3344, 1.500000000000001332 ) ;
#3419 = CIRCLE ( 'NONE', #568, 3.000000000000002665 ) ;
#3420 = ORIENTED_EDGE ( 'NONE', *, *, #2886, .T. ) ;
#3421 = ORIENTED_EDGE ( 'NONE', *, *, #304, .F. ) ;
#3422 = VECTOR ( 'NONE', #2349, 1000.000000000000227 ) ;
#3423 = VECTOR ( 'NONE', #3532, 1000.000000000000000 ) ;
#3424 = CARTESIAN_POINT ( 'NONE',  ( -79.00000000000001421, 0.000000000000000000, -62.00000000000000711 ) ) ;
#3425 = ORIENTED_EDGE ( 'NONE', *, *, #826, .T. ) ;
#3426 = CARTESIAN_POINT ( 'NONE',  ( -79.00000000000001421, 5.000000000000000000, -62.00000000000000711 ) ) ;
#3427 = ORIENTED_EDGE ( 'NONE', *, *, #3266, .F. ) ;
#3428 = DIRECTION ( 'NONE',  ( 0.000000000000000000, 0.000000000000000000, 1.000000000000000000 ) ) ;
#3429 = EDGE_CURVE ( 'NONE', #2536, #1177, #1181, .T. ) ;
#3430 = DIRECTION ( 'NONE',  ( -1.000000000000000000, 0.000000000000000000, -0.000000000000000000 ) ) ;
#3431 = CARTESIAN_POINT ( 'NONE',  ( -43.00000000000000711, -16.20000000000000284, -7.500000000000069278 ) ) ;
#3432 = ADVANCED_FACE ( 'NONE', ( #4237 ), #2574, .F. ) ;
#3433 = ORIENTED_EDGE ( 'NONE', *, *, #3815, .T. ) ;
#3434 = LINE ( 'NONE', #2036, #2795 ) ;
#3435 = DIRECTION ( 'NONE',  ( 0.000000000000000000, 0.000000000000000000, 1.000000000000000000 ) ) ;
#3436 = DIRECTION ( 'NONE',  ( 1.652117596168387756E-16, 0.000000000000000000, -1.000000000000000000 ) ) ;
#3437 = FACE_OUTER_BOUND ( 'NONE', #2026, .T. ) ;
#3438 = ORIENTED_EDGE ( 'NONE', *, *, #1443, .T. ) ;
#3439 = CARTESIAN_POINT ( 'NONE',  ( 45.60000000000000142, 5.000000000000000000, -7.500000000000069278 ) ) ;
#3440 = CARTESIAN_POINT ( 'NONE',  ( 81.00000000000001421, 5.000000000000000000, -73.50000000000000000 ) ) ;
#3441 = ORIENTED_EDGE ( 'NONE', *, *, #4201, .T. ) ;
#3442 = AXIS2_PLACEMENT_3D ( 'NONE', #922, #3646, #2995 ) ;
#3443 = ORIENTED_EDGE ( 'NONE', *, *, #3357, .T. ) ;
#3444 = AXIS2_PLACEMENT_3D ( 'NONE', #3387, #1093, #718 ) ;
#3445 = DIRECTION ( 'NONE',  ( 0.000000000000000000, 0.000000000000000000, 1.000000000000000000 ) ) ;
#3446 = CIRCLE ( 'NONE', #1105, 1.499999999999987566 ) ;
#3447 = ORIENTED_EDGE ( 'NONE', *, *, #2521, .F. ) ;
#3448 = CARTESIAN_POINT ( 'NONE',  ( 75.00000000000001421, 31.00000000000000000, -73.50000000000000000 ) ) ;
#3449 = EDGE_LOOP ( 'NONE', ( #2505, #3052, #508, #180 ) ) ;
#3450 = DIRECTION ( 'NONE',  ( -1.000000000000000000, 0.000000000000000000, 0.000000000000000000 ) ) ;
#3451 = CARTESIAN_POINT ( 'NONE',  ( 119.0000000000000284, 37.42339375865881124, -70.75000000000000000 ) ) ;
#3452 = LINE ( 'NONE', #396, #3047 ) ;
#3453 = VERTEX_POINT ( 'NONE', #3612 ) ;
#3454 = EDGE_CURVE ( 'NONE', #1907, #1934, #3902, .T. ) ;
#3455 = LINE ( 'NONE', #36, #884 ) ;
#3456 = DIRECTION ( 'NONE',  ( 0.000000000000000000, 0.000000000000000000, -1.000000000000000000 ) ) ;
#3457 = DIRECTION ( 'NONE',  ( -1.000000000000000000, -0.000000000000000000, -0.000000000000000000 ) ) ;
#3458 = DIRECTION ( 'NONE',  ( 0.000000000000000000, 0.000000000000000000, -1.000000000000000000 ) ) ;
#3459 = ORIENTED_EDGE ( 'NONE', *, *, #3324, .F. ) ;
#3460 = DIRECTION ( 'NONE',  ( 3.854941057726235139E-16, 0.000000000000000000, -1.000000000000000000 ) ) ;
#3461 = FACE_OUTER_BOUND ( 'NONE', #1015, .T. ) ;
#3462 = VERTEX_POINT ( 'NONE', #2201 ) ;
#3463 = EDGE_CURVE ( 'NONE', #520, #2274, #1890, .T. ) ;
#3464 = EDGE_CURVE ( 'NONE', #3744, #3061, #2905, .T. ) ;
#3465 = CARTESIAN_POINT ( 'NONE',  ( -75.00000000000001421, 37.42339375865881124, -70.75000000000000000 ) ) ;
#3466 = CARTESIAN_POINT ( 'NONE',  ( 75.00000000000001421, 24.00000000000000355, -63.00000000000000000 ) ) ;
#3467 = VERTEX_POINT ( 'NONE', #2824 ) ;
#3468 = LINE ( 'NONE', #2452, #799 ) ;
#3469 = ORIENTED_EDGE ( 'NONE', *, *, #167, .T. ) ;
#3470 = CYLINDRICAL_SURFACE ( 'NONE', #3871, 1.500000000000001332 ) ;
#3471 = DIRECTION ( 'NONE',  ( -1.000000000000000000, -0.000000000000000000, -0.000000000000000000 ) ) ;
#3472 = CARTESIAN_POINT ( 'NONE',  ( -75.00000000000001421, 5.000000000000000000, -57.99999999999998579 ) ) ;
#3473 = ORIENTED_EDGE ( 'NONE', *, *, #478, .F. ) ;
#3474 = EDGE_LOOP ( 'NONE', ( #66, #2439, #3927, #1805 ) ) ;
#3475 = EDGE_LOOP ( 'NONE', ( #889, #2390 ) ) ;
#3476 = CIRCLE ( 'NONE', #2116, 2.000000000000001776 ) ;
#3477 = CARTESIAN_POINT ( 'NONE',  ( 77.00000000000000000, 0.000000000000000000, -102.0000000000000142 ) ) ;
#3478 = DIRECTION ( 'NONE',  ( 0.000000000000000000, 0.000000000000000000, 1.000000000000000000 ) ) ;
#3479 = CARTESIAN_POINT ( 'NONE',  ( 81.00000000000001421, 31.21779788708134973, -62.00000000000002132 ) ) ;
#3480 = DIRECTION ( 'NONE',  ( -0.000000000000000000, 1.000000000000000000, -0.000000000000000000 ) ) ;
#3481 = CIRCLE ( 'NONE', #1131, 3.000000000000002665 ) ;
#3482 = VERTEX_POINT ( 'NONE', #3230 ) ;
#3483 = CARTESIAN_POINT ( 'NONE',  ( 75.00000000000001421, 5.000000000000000000, -57.99999999999998579 ) ) ;
#3484 = CARTESIAN_POINT ( 'NONE',  ( -80.40743200554564396, 27.26978528882513686, -99.42652107938566530 ) ) ;
#3485 = ORIENTED_EDGE ( 'NONE', *, *, #2653, .T. ) ;
#3486 = AXIS2_PLACEMENT_3D ( 'NONE', #2038, #1709, #2021 ) ;
#3487 = ORIENTED_EDGE ( 'NONE', *, *, #3591, .T. ) ;
#3488 = EDGE_CURVE ( 'NONE', #879, #1930, #109, .T. ) ;
#3489 = EDGE_LOOP ( 'NONE', ( #2348, #2395, #4018, #1613 ) ) ;
#3490 = VECTOR ( 'NONE', #3033, 1000.000000000000000 ) ;
#3491 = AXIS2_PLACEMENT_3D ( 'NONE', #1260, #2662, #1244 ) ;
#3492 = ADVANCED_FACE ( 'NONE', ( #179 ), #4190, .T. ) ;
#3493 = DIRECTION ( 'NONE',  ( -0.000000000000000000, -1.000000000000000000, -0.000000000000000000 ) ) ;
#3494 = ORIENTED_EDGE ( 'NONE', *, *, #2327, .F. ) ;
#3495 = DIRECTION ( 'NONE',  ( -0.000000000000000000, 1.000000000000000000, -0.000000000000000000 ) ) ;
#3496 = VERTEX_POINT ( 'NONE', #130 ) ;
#3497 = EDGE_CURVE ( 'NONE', #2107, #2599, #409, .T. ) ;
#3498 = VECTOR ( 'NONE', #1149, 1000.000000000000000 ) ;
#3499 = LINE ( 'NONE', #500, #3010 ) ;
#3500 = DIRECTION ( 'NONE',  ( 0.000000000000000000, 0.000000000000000000, 1.000000000000000000 ) ) ;
#3501 = CARTESIAN_POINT ( 'NONE',  ( -45.59999999999999432, 5.000000000000000000, 34.49999999999993605 ) ) ;
#3502 = ORIENTED_EDGE ( 'NONE', *, *, #2823, .T. ) ;
#3503 = VERTEX_POINT ( 'NONE', #1140 ) ;
#3504 = CYLINDRICAL_SURFACE ( 'NONE', #3876, 1.499999999999987566 ) ;
#3505 = DIRECTION ( 'NONE',  ( -1.000000000000000000, 0.000000000000000000, 0.000000000000000000 ) ) ;
#3506 = DIRECTION ( 'NONE',  ( -1.000000000000000000, -0.000000000000000000, -0.000000000000000000 ) ) ;
#3507 = LINE ( 'NONE', #450, #126 ) ;
#3508 = ORIENTED_EDGE ( 'NONE', *, *, #1781, .T. ) ;
#3509 = CARTESIAN_POINT ( 'NONE',  ( 55.50000000000003553, 5.000000000000000000, 84.99999999999994316 ) ) ;
#3510 = CARTESIAN_POINT ( 'NONE',  ( -75.00000000000001421, 45.00000000000000000, -86.50000000000001421 ) ) ;
#3511 = VERTEX_POINT ( 'NONE', #3248 ) ;
#3512 = EDGE_CURVE ( 'NONE', #56, #3674, #2681, .T. ) ;
#3513 = DIRECTION ( 'NONE',  ( 0.000000000000000000, 0.000000000000000000, 1.000000000000000000 ) ) ;
#3514 = FACE_OUTER_BOUND ( 'NONE', #3142, .T. ) ;
#3515 = FACE_BOUND ( 'NONE', #2147, .T. ) ;
#3516 = VERTEX_POINT ( 'NONE', #832 ) ;
#3517 = DIRECTION ( 'NONE',  ( 0.000000000000000000, 0.000000000000000000, 1.000000000000000000 ) ) ;
#3518 = AXIS2_PLACEMENT_3D ( 'NONE', #3661, #2271, #1224 ) ;
#3519 = CARTESIAN_POINT ( 'NONE',  ( 140.0000000000000853, 22.50000000000000711, -60.00000000000001421 ) ) ;
#3520 = ORIENTED_EDGE ( 'NONE', *, *, #3190, .T. ) ;
#3521 = ORIENTED_EDGE ( 'NONE', *, *, #4380, .F. ) ;
#3522 = ORIENTED_EDGE ( 'NONE', *, *, #1740, .F. ) ;
#3523 = AXIS2_PLACEMENT_3D ( 'NONE', #1992, #667, #4115 ) ;
#3524 = CARTESIAN_POINT ( 'NONE',  ( -64.99999999999995737, -5.000000000000000000, -55.99999999999997868 ) ) ;
#3525 = DIRECTION ( 'NONE',  ( 0.000000000000000000, 0.000000000000000000, 1.000000000000000000 ) ) ;
#3526 = DIRECTION ( 'NONE',  ( 0.000000000000000000, 0.000000000000000000, 1.000000000000000000 ) ) ;
#3527 = ORIENTED_EDGE ( 'NONE', *, *, #379, .T. ) ;
#3528 = CARTESIAN_POINT ( 'NONE',  ( 75.00000000000001421, 22.20568695965746286, -57.99999999999998579 ) ) ;
#3529 = FACE_OUTER_BOUND ( 'NONE', #2320, .T. ) ;
#3530 = EDGE_LOOP ( 'NONE', ( #3046, #3665 ) ) ;
#3531 = LINE ( 'NONE', #1539, #1693 ) ;
#3532 = DIRECTION ( 'NONE',  ( -0.000000000000000000, -1.000000000000000000, -0.000000000000000000 ) ) ;
#3533 = CARTESIAN_POINT ( 'NONE',  ( -75.00000000000001421, 5.000000000000000000, -103.0000000000000142 ) ) ;
#3534 = CARTESIAN_POINT ( 'NONE',  ( 80.12265385903762649, 26.17260254424272148, -99.67420347432789640 ) ) ;
#3535 = DIRECTION ( 'NONE',  ( -0.000000000000000000, -1.000000000000000000, -0.000000000000000000 ) ) ;
#3536 = ORIENTED_EDGE ( 'NONE', *, *, #2633, .T. ) ;
#3537 = ADVANCED_FACE ( 'NONE', ( #2179 ), #3545, .F. ) ;
#3538 = ORIENTED_EDGE ( 'NONE', *, *, #4327, .F. ) ;
#3539 = EDGE_LOOP ( 'NONE', ( #3826, #2083, #205, #2548 ) ) ;
#3540 = ADVANCED_FACE ( 'NONE', ( #4013, #1329, #314, #2267, #2683, #289, #263, #648 ), #4345, .F. ) ;
#3541 = DIRECTION ( 'NONE',  ( -3.035766082959409950E-16, 0.000000000000000000, -1.000000000000000000 ) ) ;
#3542 = DIRECTION ( 'NONE',  ( 0.000000000000000000, 0.000000000000000000, 1.000000000000000000 ) ) ;
#3543 = EDGE_CURVE ( 'NONE', #2977, #2720, #2188, .T. ) ;
#3544 = EDGE_CURVE ( 'NONE', #3244, #4107, #1407, .T. ) ;
#3545 = CYLINDRICAL_SURFACE ( 'NONE', #4116, 2.000000000000001776 ) ;
#3546 = ORIENTED_EDGE ( 'NONE', *, *, #4358, .T. ) ;
#3547 = DIRECTION ( 'NONE',  ( 0.000000000000000000, 0.000000000000000000, 1.000000000000000000 ) ) ;
#3548 = CYLINDRICAL_SURFACE ( 'NONE', #2226, 2.000000000000001776 ) ;
#3549 = AXIS2_PLACEMENT_3D ( 'NONE', #3116, #2444, #63 ) ;
#3550 = EDGE_LOOP ( 'NONE', ( #2569, #2142, #3986, #3057 ) ) ;
#3551 = AXIS2_PLACEMENT_3D ( 'NONE', #3431, #3139, #4076 ) ;
#3552 = CARTESIAN_POINT ( 'NONE',  ( -64.99999999999995737, 0.000000000000000000, -54.44999999999998153 ) ) ;
#3553 = LINE ( 'NONE', #2144, #1349 ) ;
#3554 = AXIS2_PLACEMENT_3D ( 'NONE', #161, #1232, #3194 ) ;
#3555 = AXIS2_PLACEMENT_3D ( 'NONE', #2135, #1841, #153 ) ;
#3556 = DIRECTION ( 'NONE',  ( 0.000000000000000000, 0.000000000000000000, 1.000000000000000000 ) ) ;
#3557 = CIRCLE ( 'NONE', #4271, 1.549999999999995826 ) ;
#3558 = LINE ( 'NONE', #2816, #3987 ) ;
#3559 = AXIS2_PLACEMENT_3D ( 'NONE', #3948, #602, #3314 ) ;
#3560 = VECTOR ( 'NONE', #2094, 1000.000000000000000 ) ;
#3561 = DIRECTION ( 'NONE',  ( 1.652117596168387756E-16, 0.000000000000000000, 1.000000000000000000 ) ) ;
#3562 = ADVANCED_FACE ( 'NONE', ( #3338 ), #1994, .F. ) ;
#3563 = ORIENTED_EDGE ( 'NONE', *, *, #3429, .F. ) ;
#3564 = ORIENTED_EDGE ( 'NONE', *, *, #2964, .T. ) ;
#3565 = AXIS2_PLACEMENT_3D ( 'NONE', #1370, #2719, #1037 ) ;
#3566 = ORIENTED_EDGE ( 'NONE', *, *, #155, .F. ) ;
#3567 = CIRCLE ( 'NONE', #723, 2.599999999999984102 ) ;
#3568 = EDGE_CURVE ( 'NONE', #575, #114, #2752, .T. ) ;
#3569 = CARTESIAN_POINT ( 'NONE',  ( -64.99999999999995737, 0.000000000000000000, -57.54999999999997584 ) ) ;
#3570 = DIRECTION ( 'NONE',  ( -1.000000000000000000, -0.000000000000000000, -0.000000000000000000 ) ) ;
#3571 = ADVANCED_FACE ( 'NONE', ( #3293 ), #1951, .F. ) ;
#3572 = CARTESIAN_POINT ( 'NONE',  ( -75.00000000000001421, 24.00000000000000000, -95.50000000000000000 ) ) ;
#3573 = EDGE_LOOP ( 'NONE', ( #4222, #1773, #2248, #4180, #2493 ) ) ;
#3574 = PLANE ( 'NONE',  #141 ) ;
#3575 = DIRECTION ( 'NONE',  ( 0.000000000000000000, 0.000000000000000000, -1.000000000000000000 ) ) ;
#3576 = EDGE_LOOP ( 'NONE', ( #2976, #3041, #3597, #1193, #4162 ) ) ;
#3577 = VERTEX_POINT ( 'NONE', #1261 ) ;
#3578 = CARTESIAN_POINT ( 'NONE',  ( -81.00000000000001421, 10.57660624134118521, -89.24999999999998579 ) ) ;
#3579 = DIRECTION ( 'NONE',  ( 2.040851148208011450E-16, 0.000000000000000000, 1.000000000000000000 ) ) ;
#3580 = LINE ( 'NONE', #3912, #276 ) ;
#3581 = DIRECTION ( 'NONE',  ( 0.000000000000000000, 0.000000000000000000, 1.000000000000000000 ) ) ;
#3582 = DIRECTION ( 'NONE',  ( -1.000000000000000000, 0.000000000000000000, 0.000000000000000000 ) ) ;
#3583 = VECTOR ( 'NONE', #3886, 1000.000000000000000 ) ;
#3584 = EDGE_LOOP ( 'NONE', ( #3897, #1011 ) ) ;
#3585 = EDGE_LOOP ( 'NONE', ( #2331, #3887, #3321 ) ) ;
#3586 = VERTEX_POINT ( 'NONE', #243 ) ;
#3587 = FACE_OUTER_BOUND ( 'NONE', #2252, .T. ) ;
#3588 = AXIS2_PLACEMENT_3D ( 'NONE', #1331, #4412, #740 ) ;
#3589 = CYLINDRICAL_SURFACE ( 'NONE', #1421, 1.500000000000001332 ) ;
#3590 = CARTESIAN_POINT ( 'NONE',  ( 64.99999999999998579, 5.000000000000000000, -56.00000000000000711 ) ) ;
#3591 = EDGE_CURVE ( 'NONE', #879, #391, #2313, .T. ) ;
#3592 = EDGE_CURVE ( 'NONE', #1794, #3172, #1933, .T. ) ;
#3593 = VECTOR ( 'NONE', #646, 1000.000000000000000 ) ;
#3594 = EDGE_LOOP ( 'NONE', ( #43, #792, #1714, #3331 ) ) ;
#3595 = DIRECTION ( 'NONE',  ( -0.000000000000000000, -1.000000000000000000, -0.000000000000000000 ) ) ;
#3596 = CARTESIAN_POINT ( 'NONE',  ( -79.11690212061128591, 22.86967726337212881, -99.99743510223611054 ) ) ;
#3597 = ORIENTED_EDGE ( 'NONE', *, *, #4221, .T. ) ;
#3598 = VERTEX_POINT ( 'NONE', #4031 ) ;
#3599 = DIRECTION ( 'NONE',  ( 0.000000000000000000, 0.000000000000000000, 1.000000000000000000 ) ) ;
#3600 = CARTESIAN_POINT ( 'NONE',  ( 140.0000000000000853, 22.50000000000000000, -100.0000000000000000 ) ) ;
#3601 = CARTESIAN_POINT ( 'NONE',  ( 119.0000000000000284, 37.42339375865881124, -70.75000000000000000 ) ) ;
#3602 = ADVANCED_FACE ( 'NONE', ( #1599 ), #976, .F. ) ;
#3603 = EDGE_CURVE ( 'NONE', #1937, #1782, #1763, .T. ) ;
#3604 = ADVANCED_FACE ( 'NONE', ( #4303 ), #2961, .F. ) ;
#3605 = CYLINDRICAL_SURFACE ( 'NONE', #3270, 1.500000000000001332 ) ;
#3606 = CARTESIAN_POINT ( 'NONE',  ( -80.40742945180706158, 27.26977500397562437, -60.57347637790997652 ) ) ;
#3607 = VERTEX_POINT ( 'NONE', #2616 ) ;
#3608 = DIRECTION ( 'NONE',  ( -0.000000000000000000, -1.000000000000000000, -0.000000000000000000 ) ) ;
#3609 = VERTEX_POINT ( 'NONE', #937 ) ;
#3610 = CYLINDRICAL_SURFACE ( 'NONE', #1024, 1.500000000000001332 ) ;
#3611 = DIRECTION ( 'NONE',  ( 1.652117596168387756E-16, 0.000000000000000000, 1.000000000000000000 ) ) ;
#3612 = CARTESIAN_POINT ( 'NONE',  ( 15.99999999999997868, 5.000000000000004441, -30.00000000000006750 ) ) ;
#3613 = ORIENTED_EDGE ( 'NONE', *, *, #3075, .T. ) ;
#3614 = DIRECTION ( 'NONE',  ( -1.000000000000000000, -0.000000000000000000, -0.000000000000000000 ) ) ;
#3615 = CYLINDRICAL_SURFACE ( 'NONE', #4406, 1.499999999999987566 ) ;
#3616 = ORIENTED_EDGE ( 'NONE', *, *, #3872, .F. ) ;
#3617 = ORIENTED_EDGE ( 'NONE', *, *, #2526, .T. ) ;
#3618 = LINE ( 'NONE', #1669, #3490 ) ;
#3619 = AXIS2_PLACEMENT_3D ( 'NONE', #3208, #2224, #554 ) ;
#3620 = LINE ( 'NONE', #1440, #3880 ) ;
#3621 = DIRECTION ( 'NONE',  ( 0.000000000000000000, 0.000000000000000000, 1.000000000000000000 ) ) ;
#3622 = ADVANCED_FACE ( 'NONE', ( #3698 ), #4388, .F. ) ;
#3623 = VECTOR ( 'NONE', #1792, 1000.000000000000000 ) ;
#3624 = AXIS2_PLACEMENT_3D ( 'NONE', #1216, #2973, #3000 ) ;
#3625 = DIRECTION ( 'NONE',  ( -1.000000000000000000, -0.000000000000000000, -0.000000000000000000 ) ) ;
#3626 = DIRECTION ( 'NONE',  ( 0.000000000000000000, -0.000000000000000000, -1.000000000000000000 ) ) ;
#3627 = AXIS2_PLACEMENT_3D ( 'NONE', #449, #3167, #1865 ) ;
#3628 = EDGE_CURVE ( 'NONE', #1658, #1622, #2118, .T. ) ;
#3629 = ORIENTED_EDGE ( 'NONE', *, *, #3372, .T. ) ;
#3630 = EDGE_LOOP ( 'NONE', ( #2696, #1143, #4363, #596 ) ) ;
#3631 = EDGE_LOOP ( 'NONE', ( #417, #1293 ) ) ;
#3632 = CIRCLE ( 'NONE', #2621, 3.000000000000002665 ) ;
#3633 = CIRCLE ( 'NONE', #213, 1.500000000000001332 ) ;
#3634 = CARTESIAN_POINT ( 'NONE',  ( -26.00000000000000000, -89.44271909999159220, 43.49999999999992895 ) ) ;
#3635 = VECTOR ( 'NONE', #67, 1000.000000000000000 ) ;
#3636 = DIRECTION ( 'NONE',  ( -0.000000000000000000, 1.000000000000000000, -0.000000000000000000 ) ) ;
#3637 = DIRECTION ( 'NONE',  ( 1.000000000000000000, 0.000000000000000000, -3.154042683594193641E-16 ) ) ;
#3638 = AXIS2_PLACEMENT_3D ( 'NONE', #2911, #3985, #1546 ) ;
#3639 = ORIENTED_EDGE ( 'NONE', *, *, #3312, .T. ) ;
#3640 = LINE ( 'NONE', #1935, #1872 ) ;
#3641 = CARTESIAN_POINT ( 'NONE',  ( 75.00000000000001421, 45.00000000000000000, -57.99999999999998579 ) ) ;
#3642 = ORIENTED_EDGE ( 'NONE', *, *, #1030, .T. ) ;
#3643 = EDGE_LOOP ( 'NONE', ( #3723, #3922 ) ) ;
#3644 = CARTESIAN_POINT ( 'NONE',  ( 1.550000000000004263, 0.000000000000000000, -100.5000000000000000 ) ) ;
#3645 = AXIS2_PLACEMENT_3D ( 'NONE', #471, #1823, #2874 ) ;
#3646 = DIRECTION ( 'NONE',  ( 0.000000000000000000, 0.000000000000000000, -1.000000000000000000 ) ) ;
#3647 = CARTESIAN_POINT ( 'NONE',  ( -75.00000000000001421, 7.000000000000026645, -102.0499999999999972 ) ) ;
#3648 = EDGE_CURVE ( 'NONE', #3728, #4120, #419, .T. ) ;
#3649 = LINE ( 'NONE', #216, #1701 ) ;
#3650 = CARTESIAN_POINT ( 'NONE',  ( -81.00000000000001421, 37.42339375865881124, -72.25000000000000000 ) ) ;
#3651 = ORIENTED_EDGE ( 'NONE', *, *, #4379, .F. ) ;
#3652 = DIRECTION ( 'NONE',  ( 1.000000000000000000, 0.000000000000000000, 0.000000000000000000 ) ) ;
#3653 = VERTEX_POINT ( 'NONE', #1748 ) ;
#3654 = CARTESIAN_POINT ( 'NONE',  ( 81.00000000000001421, 10.57660624134121363, -72.24999999999998579 ) ) ;
#3655 = DIRECTION ( 'NONE',  ( 0.000000000000000000, 0.000000000000000000, 1.000000000000000000 ) ) ;
#3656 = DIRECTION ( 'NONE',  ( 0.000000000000000000, 0.000000000000000000, -1.000000000000000000 ) ) ;
#3657 = ADVANCED_FACE ( 'NONE', ( #1396 ), #2456, .T. ) ;
#3658 = ADVANCED_FACE ( 'NONE', ( #2034 ), #2744, .F. ) ;
#3659 = EDGE_CURVE ( 'NONE', #1573, #3728, #1772, .T. ) ;
#3660 = VERTEX_POINT ( 'NONE', #3739 ) ;
#3661 = CARTESIAN_POINT ( 'NONE',  ( -81.00000000000001421, 10.57660624134121363, -72.24999999999998579 ) ) ;
#3662 = PLANE ( 'NONE',  #3914 ) ;
#3663 = VECTOR ( 'NONE', #467, 1000.000000000000000 ) ;
#3664 = ORIENTED_EDGE ( 'NONE', *, *, #1862, .T. ) ;
#3665 = ORIENTED_EDGE ( 'NONE', *, *, #1492, .F. ) ;
#3666 = FACE_BOUND ( 'NONE', #671, .T. ) ;
#3667 = AXIS2_PLACEMENT_3D ( 'NONE', #3524, #4170, #1117 ) ;
#3668 = CARTESIAN_POINT ( 'NONE',  ( -20.99999999999999645, -89.44271909999159220, -27.00000000000005329 ) ) ;
#3669 = DIRECTION ( 'NONE',  ( 0.000000000000000000, 0.000000000000000000, -1.000000000000000000 ) ) ;
#3670 = CARTESIAN_POINT ( 'NONE',  ( 119.0000000000000284, 10.57660624134121363, -72.24999999999998579 ) ) ;
#3671 = CARTESIAN_POINT ( 'NONE',  ( -17.99999999999996803, -89.44271909999159220, 49.99999999999993605 ) ) ;
#3672 = EDGE_LOOP ( 'NONE', ( #3249, #2261 ) ) ;
#3673 = DIRECTION ( 'NONE',  ( 0.000000000000000000, 0.000000000000000000, -1.000000000000000000 ) ) ;
#3674 = VERTEX_POINT ( 'NONE', #2705 ) ;
#3675 = CARTESIAN_POINT ( 'NONE',  ( 75.00000000000000000, 24.00000000000000000, -94.00000000000000000 ) ) ;
#3676 = CARTESIAN_POINT ( 'NONE',  ( -75.00000000000001421, 5.000000000000000888, -57.99999999999998579 ) ) ;
#3677 = DIRECTION ( 'NONE',  ( 0.000000000000000000, 0.000000000000000000, -1.000000000000000000 ) ) ;
#3678 = EDGE_CURVE ( 'NONE', #4233, #438, #559, .T. ) ;
#3679 = EDGE_LOOP ( 'NONE', ( #1985, #2807, #2357, #2699 ) ) ;
#3680 = CARTESIAN_POINT ( 'NONE',  ( 24.00000000000001421, 5.000000000000004441, -23.50000000000006040 ) ) ;
#3681 = EDGE_CURVE ( 'NONE', #2984, #2642, #3452, .T. ) ;
#3682 = EDGE_CURVE ( 'NONE', #1116, #1314, #3045, .T. ) ;
#3683 = FACE_OUTER_BOUND ( 'NONE', #4148, .T. ) ;
#3684 = ORIENTED_EDGE ( 'NONE', *, *, #3779, .F. ) ;
#3685 = ADVANCED_FACE ( 'NONE', ( #2389 ), #3109, .F. ) ;
#3686 = FACE_OUTER_BOUND ( 'NONE', #1217, .T. ) ;
#3687 = CARTESIAN_POINT ( 'NONE',  ( -26.00000000000000000, 0.000000000000000000, 46.49999999999992895 ) ) ;
#3688 = ORIENTED_EDGE ( 'NONE', *, *, #2473, .T. ) ;
#3689 = LINE ( 'NONE', #2804, #3330 ) ;
#3690 = FACE_OUTER_BOUND ( 'NONE', #496, .T. ) ;
#3691 = AXIS2_PLACEMENT_3D ( 'NONE', #2394, #2321, #1401 ) ;
#3692 = ORIENTED_EDGE ( 'NONE', *, *, #2521, .T. ) ;
#3693 = DIRECTION ( 'NONE',  ( 1.000000000000000000, 0.000000000000000000, -0.000000000000000000 ) ) ;
#3694 = ORIENTED_EDGE ( 'NONE', *, *, #1733, .F. ) ;
#3695 = VECTOR ( 'NONE', #2664, 1000.000000000000000 ) ;
#3696 = LINE ( 'NONE', #1661, #1662 ) ;
#3697 = CARTESIAN_POINT ( 'NONE',  ( -75.00000000000001421, 0.000000000000000000, -102.0000000000000142 ) ) ;
#3698 = FACE_OUTER_BOUND ( 'NONE', #4119, .T. ) ;
#3699 = ORIENTED_EDGE ( 'NONE', *, *, #3659, .T. ) ;
#3700 = EDGE_CURVE ( 'NONE', #218, #1928, #373, .T. ) ;
#3701 = AXIS2_PLACEMENT_3D ( 'NONE', #3721, #4099, #1356 ) ;
#3702 = FACE_OUTER_BOUND ( 'NONE', #2031, .T. ) ;
#3703 = DIRECTION ( 'NONE',  ( 0.000000000000000000, 1.000000000000000000, 0.000000000000000000 ) ) ;
#3704 = AXIS2_PLACEMENT_3D ( 'NONE', #805, #77, #1191 ) ;
#3705 = DIRECTION ( 'NONE',  ( 0.000000000000000000, 0.000000000000000000, 1.000000000000000000 ) ) ;
#3706 = ORIENTED_EDGE ( 'NONE', *, *, #2149, .T. ) ;
#3707 = VECTOR ( 'NONE', #348, 1000.000000000000000 ) ;
#3708 = FACE_BOUND ( 'NONE', #3347, .T. ) ;
#3709 = CYLINDRICAL_SURFACE ( 'NONE', #2155, 6.500000000000005329 ) ;
#3710 = VERTEX_POINT ( 'NONE', #78 ) ;
#3711 = AXIS2_PLACEMENT_3D ( 'NONE', #452, #515, #1470 ) ;
#3712 = LINE ( 'NONE', #4089, #3205 ) ;
#3713 = EDGE_LOOP ( 'NONE', ( #115, #3161, #2625, #808 ) ) ;
#3714 = CARTESIAN_POINT ( 'NONE',  ( -17.99999999999997513, 0.000000000000000000, -30.00000000000006750 ) ) ;
#3715 = VERTEX_POINT ( 'NONE', #1041 ) ;
#3716 = LINE ( 'NONE', #1719, #2876 ) ;
#3717 = LINE ( 'NONE', #4117, #1986 ) ;
#3718 = DIRECTION ( 'NONE',  ( -0.000000000000000000, 1.000000000000000000, -0.000000000000000000 ) ) ;
#3719 = ORIENTED_EDGE ( 'NONE', *, *, #2806, .T. ) ;
#3720 = DIRECTION ( 'NONE',  ( -0.000000000000000000, 1.000000000000000000, -0.000000000000000000 ) ) ;
#3721 = CARTESIAN_POINT ( 'NONE',  ( 5.746638708345982787E-15, 0.000000000000000000, -95.50000000000000000 ) ) ;
#3722 = AXIS2_PLACEMENT_3D ( 'NONE', #76, #900, #4142 ) ;
#3723 = ORIENTED_EDGE ( 'NONE', *, *, #798, .F. ) ;
#3724 = LINE ( 'NONE', #363, #4133 ) ;
#3725 = DIRECTION ( 'NONE',  ( -1.000000000000000000, -0.000000000000000000, -0.000000000000000000 ) ) ;
#3726 = AXIS2_PLACEMENT_3D ( 'NONE', #2249, #3614, #557 ) ;
#3727 = ORIENTED_EDGE ( 'NONE', *, *, #251, .F. ) ;
#3728 = VERTEX_POINT ( 'NONE', #416 ) ;
#3729 = EDGE_CURVE ( 'NONE', #1165, #1314, #1268, .T. ) ;
#3730 = AXIS2_PLACEMENT_3D ( 'NONE', #4093, #1678, #4050 ) ;
#3731 = EDGE_CURVE ( 'NONE', #3080, #1529, #2082, .T. ) ;
#3732 = EDGE_CURVE ( 'NONE', #2720, #637, #4144, .T. ) ;
#3733 = FACE_OUTER_BOUND ( 'NONE', #1052, .T. ) ;
#3734 = ORIENTED_EDGE ( 'NONE', *, *, #2177, .T. ) ;
#3735 = CARTESIAN_POINT ( 'NONE',  ( 119.0000000000000284, 10.57660624134118521, -86.25000000000001421 ) ) ;
#3736 = ORIENTED_EDGE ( 'NONE', *, *, #2735, .F. ) ;
#3737 = CARTESIAN_POINT ( 'NONE',  ( -81.00000000000001421, 24.00000000000000355, -64.50000000000000000 ) ) ;
#3738 = DIRECTION ( 'NONE',  ( -1.000000000000000000, -0.000000000000000000, -0.000000000000000000 ) ) ;
#3739 = CARTESIAN_POINT ( 'NONE',  ( 75.00000000000001421, 37.42339375865881124, -70.75000000000000000 ) ) ;
#3740 = ORIENTED_EDGE ( 'NONE', *, *, #3777, .T. ) ;
#3741 = CARTESIAN_POINT ( 'NONE',  ( 81.00000000000001421, 10.57660624134121363, -70.75000000000000000 ) ) ;
#3742 = CARTESIAN_POINT ( 'NONE',  ( 5.746638708345982787E-15, 5.000000000000000000, -95.50000000000000000 ) ) ;
#3743 = CARTESIAN_POINT ( 'NONE',  ( -81.00000000000001421, 37.42339375865881124, -70.75000000000000000 ) ) ;
#3744 = VERTEX_POINT ( 'NONE', #3385 ) ;
#3745 = DIRECTION ( 'NONE',  ( 0.000000000000000000, 0.000000000000000000, 1.000000000000000000 ) ) ;
#3746 = CARTESIAN_POINT ( 'NONE',  ( -43.00000000000000711, 5.000000000000000000, 34.49999999999993605 ) ) ;
#3747 = ORIENTED_EDGE ( 'NONE', *, *, #3681, .F. ) ;
#3748 = EDGE_LOOP ( 'NONE', ( #1458, #3148, #4192, #292 ) ) ;
#3749 = EDGE_CURVE ( 'NONE', #3015, #2636, #204, .T. ) ;
#3750 = CARTESIAN_POINT ( 'NONE',  ( 77.00000000000000000, 22.50000000000000000, -102.0000000000000142 ) ) ;
#3751 = VERTEX_POINT ( 'NONE', #3757 ) ;
#3752 = LINE ( 'NONE', #4110, #2276 ) ;
#3753 = ORIENTED_EDGE ( 'NONE', *, *, #3928, .T. ) ;
#3754 = DIRECTION ( 'NONE',  ( -0.000000000000000000, -1.000000000000000000, -0.000000000000000000 ) ) ;
#3755 = VECTOR ( 'NONE', #537, 1000.000000000000000 ) ;
#3756 = FACE_BOUND ( 'NONE', #81, .T. ) ;
#3757 = CARTESIAN_POINT ( 'NONE',  ( -74.99999999999995737, 22.50000000000000000, -100.0000000000000000 ) ) ;
#3758 = ORIENTED_EDGE ( 'NONE', *, *, #403, .T. ) ;
#3759 = VECTOR ( 'NONE', #2018, 1000.000000000000000 ) ;
#3760 = AXIS2_PLACEMENT_3D ( 'NONE', #2788, #164, #1522 ) ;
#3761 = CARTESIAN_POINT ( 'NONE',  ( -79.00000000000000000, 0.000000000000000000, -100.0000000000000000 ) ) ;
#3762 = DIRECTION ( 'NONE',  ( 0.000000000000000000, 1.000000000000000000, 0.000000000000000000 ) ) ;
#3763 = CARTESIAN_POINT ( 'NONE',  ( 79.11689526124925465, 22.86965555254185745, -60.00256449193075525 ) ) ;
#3764 = CARTESIAN_POINT ( 'NONE',  ( 24.00000000000001421, 5.000000000000004441, -25.00000000000006395 ) ) ;
#3765 = VECTOR ( 'NONE', #4310, 1000.000000000000000 ) ;
#3766 = AXIS2_PLACEMENT_3D ( 'NONE', #2200, #1798, #1467 ) ;
#3767 = EDGE_LOOP ( 'NONE', ( #538, #2958 ) ) ;
#3768 = AXIS2_PLACEMENT_3D ( 'NONE', #2109, #2134, #2374 ) ;
#3769 = CARTESIAN_POINT ( 'NONE',  ( -75.00000000000001421, 7.000000000000026645, -57.99999999999997868 ) ) ;
#3770 = CARTESIAN_POINT ( 'NONE',  ( -80.49704286343079218, 27.63682491093076621, -99.33279057944668011 ) ) ;
#3771 = AXIS2_PLACEMENT_3D ( 'NONE', #1291, #2291, #2640 ) ;
#3772 = AXIS2_PLACEMENT_3D ( 'NONE', #2397, #428, #3745 ) ;
#3773 = ORIENTED_EDGE ( 'NONE', *, *, #764, .T. ) ;
#3774 = AXIS2_PLACEMENT_3D ( 'NONE', #3533, #145, #1766 ) ;
#3775 = AXIS2_PLACEMENT_3D ( 'NONE', #3750, #3379, #1656 ) ;
#3776 = ADVANCED_FACE ( 'NONE', ( #3808 ), #2104, .F. ) ;
#3777 = EDGE_CURVE ( 'NONE', #4305, #4168, #1409, .T. ) ;
#3778 = CARTESIAN_POINT ( 'NONE',  ( 119.0000000000000284, 17.00000000000000000, -86.50000000000001421 ) ) ;
#3779 = EDGE_CURVE ( 'NONE', #3503, #1155, #2472, .T. ) ;
#3780 = ORIENTED_EDGE ( 'NONE', *, *, #1414, .T. ) ;
#3781 = PLANE ( 'NONE',  #3774 ) ;
#3782 = VERTEX_POINT ( 'NONE', #464 ) ;
#3783 = DIRECTION ( 'NONE',  ( 0.000000000000000000, 0.000000000000000000, 1.000000000000000000 ) ) ;
#3784 = CARTESIAN_POINT ( 'NONE',  ( 74.99999999999998579, 5.000000000000000000, -103.0000000000000142 ) ) ;
#3785 = DIRECTION ( 'NONE',  ( 0.000000000000000000, 0.000000000000000000, 1.000000000000000000 ) ) ;
#3786 = ORIENTED_EDGE ( 'NONE', *, *, #491, .F. ) ;
#3787 = DIRECTION ( 'NONE',  ( -0.000000000000000000, -1.000000000000000000, 0.000000000000000000 ) ) ;
#3788 = LINE ( 'NONE', #1466, #354 ) ;
#3789 = CARTESIAN_POINT ( 'NONE',  ( 80.12265023349662840, 26.17258946771157824, -60.32579401565731558 ) ) ;
#3790 = EDGE_CURVE ( 'NONE', #1983, #2446, #1621, .T. ) ;
#3791 = EDGE_CURVE ( 'NONE', #4250, #1983, #2484, .T. ) ;
#3792 = CYLINDRICAL_SURFACE ( 'NONE', #1829, 1.549999999999995826 ) ;
#3793 = EDGE_CURVE ( 'NONE', #2536, #196, #3829, .T. ) ;
#3794 = ORIENTED_EDGE ( 'NONE', *, *, #4387, .T. ) ;
#3795 = PLANE ( 'NONE',  #2483 ) ;
#3796 = DIRECTION ( 'NONE',  ( 0.000000000000000000, 0.000000000000000000, 1.000000000000000000 ) ) ;
#3797 = ORIENTED_EDGE ( 'NONE', *, *, #1415, .T. ) ;
#3798 = CIRCLE ( 'NONE', #3159, 1.500000000000001332 ) ;
#3799 = CYLINDRICAL_SURFACE ( 'NONE', #4136, 1.500000000000001332 ) ;
#3800 = CIRCLE ( 'NONE', #604, 1.500000000000001332 ) ;
#3801 = ORIENTED_EDGE ( 'NONE', *, *, #4243, .T. ) ;
#3802 = CARTESIAN_POINT ( 'NONE',  ( -75.00000000000001421, 24.00000000000000355, -66.00000000000000000 ) ) ;
#3803 = ORIENTED_EDGE ( 'NONE', *, *, #1739, .T. ) ;
#3804 = CYLINDRICAL_SURFACE ( 'NONE', #676, 1.500000000000001332 ) ;
#3805 = AXIS2_PLACEMENT_3D ( 'NONE', #1521, #1540, #2879 ) ;
#3806 = DIRECTION ( 'NONE',  ( -1.387778780781444571E-14, 0.000000000000000000, -1.000000000000000000 ) ) ;
#3807 = EDGE_CURVE ( 'NONE', #786, #2739, #3481, .T. ) ;
#3808 = FACE_OUTER_BOUND ( 'NONE', #282, .T. ) ;
#3809 = ORIENTED_EDGE ( 'NONE', *, *, #3819, .T. ) ;
#3810 = ORIENTED_EDGE ( 'NONE', *, *, #110, .T. ) ;
#3811 = ORIENTED_EDGE ( 'NONE', *, *, #360, .F. ) ;
#3812 = LINE ( 'NONE', #2419, #241 ) ;
#3813 = CARTESIAN_POINT ( 'NONE',  ( -18.00000000000000000, 0.000000000000000000, -27.00000000000006395 ) ) ;
#3814 = CARTESIAN_POINT ( 'NONE',  ( 80.91755021517253965, 29.80598956343689920, -61.36663934126306685 ) ) ;
#3815 = EDGE_CURVE ( 'NONE', #703, #3462, #2888, .T. ) ;
#3816 = CARTESIAN_POINT ( 'NONE',  ( -1.549999999999995826, 0.000000000000000000, -103.0000000000000426 ) ) ;
#3817 = ORIENTED_EDGE ( 'NONE', *, *, #594, .T. ) ;
#3818 = EDGE_CURVE ( 'NONE', #2658, #218, #192, .T. ) ;
#3819 = EDGE_CURVE ( 'NONE', #1338, #3496, #172, .T. ) ;
#3820 = DIRECTION ( 'NONE',  ( -0.000000000000000000, 1.000000000000000000, -0.000000000000000000 ) ) ;
#3821 = CARTESIAN_POINT ( 'NONE',  ( -79.29125846016940216, 23.42295467252659336, -99.97954260152705785 ) ) ;
#3822 = EDGE_LOOP ( 'NONE', ( #2745, #1718, #2991, #3459 ) ) ;
#3823 = DIRECTION ( 'NONE',  ( 0.000000000000000000, 0.000000000000000000, -1.000000000000000000 ) ) ;
#3824 = ORIENTED_EDGE ( 'NONE', *, *, #4354, .F. ) ;
#3825 = DIRECTION ( 'NONE',  ( -0.000000000000000000, 1.000000000000000000, -0.000000000000000000 ) ) ;
#3826 = ORIENTED_EDGE ( 'NONE', *, *, #977, .T. ) ;
#3827 = CARTESIAN_POINT ( 'NONE',  ( -25.99999999999999645, 5.000000000000004441, -25.00000000000006395 ) ) ;
#3828 = DIRECTION ( 'NONE',  ( 0.000000000000000000, 0.000000000000000000, 1.000000000000000000 ) ) ;
#3829 = LINE ( 'NONE', #3242, #3623 ) ;
#3830 = ORIENTED_EDGE ( 'NONE', *, *, #26, .F. ) ;
#3831 = VERTEX_POINT ( 'NONE', #1175 ) ;
#3832 = ORIENTED_EDGE ( 'NONE', *, *, #3678, .T. ) ;
#3833 = AXIS2_PLACEMENT_3D ( 'NONE', #3861, #199, #4217 ) ;
#3834 = CARTESIAN_POINT ( 'NONE',  ( -75.00000000000001421, 22.50000000000000355, -80.00000000000001421 ) ) ;
#3835 = FACE_OUTER_BOUND ( 'NONE', #174, .T. ) ;
#3836 = CARTESIAN_POINT ( 'NONE',  ( -25.99999999999999645, 0.000000000000000000, 11.49999999999995381 ) ) ;
#3837 = EDGE_CURVE ( 'NONE', #780, #2069, #1479, .T. ) ;
#3838 = CIRCLE ( 'NONE', #488, 1.500000000000001332 ) ;
#3839 = EDGE_LOOP ( 'NONE', ( #4286, #3310, #605, #252 ) ) ;
#3840 = EDGE_CURVE ( 'NONE', #1934, #2845, #1976, .T. ) ;
#3841 = CARTESIAN_POINT ( 'NONE',  ( 75.82842712474621294, 22.50000000000001066, -60.00000000000003553 ) ) ;
#3842 = AXIS2_PLACEMENT_3D ( 'NONE', #3671, #905, #931 ) ;
#3843 = DIRECTION ( 'NONE',  ( -1.000000000000000000, -0.000000000000000000, -0.000000000000000000 ) ) ;
#3844 = VECTOR ( 'NONE', #16, 1000.000000000000000 ) ;
#3845 = VERTEX_POINT ( 'NONE', #1133 ) ;
#3846 = ORIENTED_EDGE ( 'NONE', *, *, #266, .T. ) ;
#3847 = AXIS2_PLACEMENT_3D ( 'NONE', #1864, #3924, #1198 ) ;
#3848 = AXIS2_PLACEMENT_3D ( 'NONE', #553, #4320, #2329 ) ;
#3849 = LINE ( 'NONE', #3890, #1834 ) ;
#3850 = CIRCLE ( 'NONE', #1073, 1.499999999999987566 ) ;
#3851 = CIRCLE ( 'NONE', #3993, 2.000000000000001776 ) ;
#3852 = EDGE_LOOP ( 'NONE', ( #2725, #159, #3857, #1595 ) ) ;
#3853 = DIRECTION ( 'NONE',  ( -1.000000000000000000, -0.000000000000000000, -0.000000000000000000 ) ) ;
#3854 = VERTEX_POINT ( 'NONE', #868 ) ;
#3855 = DIRECTION ( 'NONE',  ( 0.000000000000000000, 0.000000000000000000, 1.000000000000000000 ) ) ;
#3856 = LINE ( 'NONE', #2172, #2978 ) ;
#3857 = ORIENTED_EDGE ( 'NONE', *, *, #71, .T. ) ;
#3858 = EDGE_LOOP ( 'NONE', ( #2591, #4263 ) ) ;
#3859 = DIRECTION ( 'NONE',  ( 0.000000000000000000, 0.000000000000000000, -1.000000000000000000 ) ) ;
#3860 = CARTESIAN_POINT ( 'NONE',  ( 24.00000000000002842, 0.000000000000000000, 44.99999999999992895 ) ) ;
#3861 = CARTESIAN_POINT ( 'NONE',  ( 45.50000000000003553, 0.000000000000000000, 94.99999999999992895 ) ) ;
#3862 = VERTEX_POINT ( 'NONE', #4230 ) ;
#3863 = FACE_BOUND ( 'NONE', #724, .T. ) ;
#3864 = LINE ( 'NONE', #2875, #4156 ) ;
#3865 = ORIENTED_EDGE ( 'NONE', *, *, #1262, .T. ) ;
#3866 = B_SPLINE_CURVE_WITH_KNOTS ( 'NONE', 3,
 ( #257, #548, #1927, #3286, #1610, #1286, #3329, #4004, #1639, #3606, #2635, #279, #614, #3217, #1167, #456 ),
 .UNSPECIFIED., .F., .F.,
 ( 4, 2, 2, 2, 2, 2, 2, 4 ),
 ( -2.828427709313811655E-05, 0.0005493217819844286752, 0.001126927841061995447, 0.002282139959217116196, 0.004592564195527346418, 0.005747776313682457193, 0.006902988431837567967, 0.009213412668147798190 ),
 .UNSPECIFIED. ) ;
#3867 = DIRECTION ( 'NONE',  ( -1.000000000000000000, 0.000000000000000000, -0.000000000000000000 ) ) ;
#3868 = CARTESIAN_POINT ( 'NONE',  ( -25.99999999999999645, -89.44271909999159220, -26.50000000000006395 ) ) ;
#3869 = EDGE_CURVE ( 'NONE', #1672, #3715, #3258, .T. ) ;
#3870 = FACE_BOUND ( 'NONE', #2159, .T. ) ;
#3871 = AXIS2_PLACEMENT_3D ( 'NONE', #413, #1769, #1853 ) ;
#3872 = EDGE_CURVE ( 'NONE', #3782, #1507, #2042, .T. ) ;
#3873 = EDGE_CURVE ( 'NONE', #2845, #1934, #3838, .T. ) ;
#3874 = DIRECTION ( 'NONE',  ( 0.000000000000000000, 0.1455885994785731941, -0.9893452176575513457 ) ) ;
#3875 = EDGE_CURVE ( 'NONE', #1649, #1177, #1192, .T. ) ;
#3876 = AXIS2_PLACEMENT_3D ( 'NONE', #1796, #3881, #3165 ) ;
#3877 = CARTESIAN_POINT ( 'NONE',  ( -20.00000000000001066, 0.000000000000000000, 94.99999999999991473 ) ) ;
#3878 = VERTEX_POINT ( 'NONE', #3501 ) ;
#3879 = EDGE_LOOP ( 'NONE', ( #838, #1084, #323, #31 ) ) ;
#3880 = VECTOR ( 'NONE', #1211, 1000.000000000000000 ) ;
#3881 = DIRECTION ( 'NONE',  ( -1.000000000000000000, -0.000000000000000000, -0.000000000000000000 ) ) ;
#3882 = CARTESIAN_POINT ( 'NONE',  ( -43.00000000000000711, 0.000000000000000000, -7.500000000000069278 ) ) ;
#3883 = DIRECTION ( 'NONE',  ( 1.387778780781444413E-14, 1.356238353945529259E-14, 1.000000000000000000 ) ) ;
#3884 = VERTEX_POINT ( 'NONE', #4274 ) ;
#3885 = FACE_BOUND ( 'NONE', #1683, .T. ) ;
#3886 = DIRECTION ( 'NONE',  ( -0.000000000000000000, 1.000000000000000000, -0.000000000000000000 ) ) ;
#3887 = ORIENTED_EDGE ( 'NONE', *, *, #3700, .T. ) ;
#3888 = ORIENTED_EDGE ( 'NONE', *, *, #3731, .F. ) ;
#3889 = CARTESIAN_POINT ( 'NONE',  ( 119.0000000000000284, 17.00000000000000000, -86.50000000000001421 ) ) ;
#3890 = CARTESIAN_POINT ( 'NONE',  ( 19.00000000000000355, 0.000000000000000000, -27.00000000000005329 ) ) ;
#3891 = EDGE_CURVE ( 'NONE', #4153, #446, #3856, .T. ) ;
#3892 = DIRECTION ( 'NONE',  ( 1.000000000000000000, 0.000000000000000000, -0.000000000000000000 ) ) ;
#3893 = EDGE_CURVE ( 'NONE', #703, #3080, #2192, .T. ) ;
#3894 = DIRECTION ( 'NONE',  ( -1.000000000000000000, -0.000000000000000000, -0.000000000000000000 ) ) ;
#3895 = CARTESIAN_POINT ( 'NONE',  ( 40.40000000000001990, -16.20000000000000284, -7.500000000000069278 ) ) ;
#3896 = ORIENTED_EDGE ( 'NONE', *, *, #3137, .T. ) ;
#3897 = ORIENTED_EDGE ( 'NONE', *, *, #3544, .T. ) ;
#3898 = EDGE_LOOP ( 'NONE', ( #150, #4009, #1767, #529 ) ) ;
#3899 = DIRECTION ( 'NONE',  ( 1.652117596168387756E-16, 0.000000000000000000, -1.000000000000000000 ) ) ;
#3900 = SHAPE_DEFINITION_REPRESENTATION ( #730, #1731 ) ;
#3901 = CARTESIAN_POINT ( 'NONE',  ( -75.00000000000001421, 31.00000000000000000, -80.00000000000000000 ) ) ;
#3902 = LINE ( 'NONE', #3949, #1333 ) ;
#3903 = ORIENTED_EDGE ( 'NONE', *, *, #594, .F. ) ;
#3904 = PLANE ( 'NONE',  #3645 ) ;
#3905 = DIRECTION ( 'NONE',  ( -0.000000000000000000, -1.000000000000000000, -0.000000000000000000 ) ) ;
#3906 = ORIENTED_EDGE ( 'NONE', *, *, #1781, .F. ) ;
#3907 = ORIENTED_EDGE ( 'NONE', *, *, #244, .F. ) ;
#3908 = AXIS2_PLACEMENT_3D ( 'NONE', #353, #1704, #3066 ) ;
#3909 = DIRECTION ( 'NONE',  ( 0.000000000000000000, 1.000000000000000000, 0.000000000000000000 ) ) ;
#3910 = CIRCLE ( 'NONE', #1410, 1.500000000000001332 ) ;
#3911 = CARTESIAN_POINT ( 'NONE',  ( 75.00000000000002842, 0.000000000000000000, 9.999999999999911182 ) ) ;
#3912 = CARTESIAN_POINT ( 'NONE',  ( -75.00000000000001421, 5.000000000000000000, -57.99999999999998579 ) ) ;
#3913 = EDGE_CURVE ( 'NONE', #2770, #1617, #2906, .T. ) ;
#3914 = AXIS2_PLACEMENT_3D ( 'NONE', #607, #1316, #2670 ) ;
#3915 = ADVANCED_FACE ( 'NONE', ( #2128 ), #3201, .F. ) ;
#3916 = CYLINDRICAL_SURFACE ( 'NONE', #791, 1.500000000000001332 ) ;
#3917 = VECTOR ( 'NONE', #736, 1000.000000000000000 ) ;
#3918 = CARTESIAN_POINT ( 'NONE',  ( 75.00000000000001421, 37.42339375865881834, -87.75000000000002842 ) ) ;
#3919 = ORIENTED_EDGE ( 'NONE', *, *, #2802, .T. ) ;
#3920 = ORIENTED_EDGE ( 'NONE', *, *, #3872, .T. ) ;
#3921 = VECTOR ( 'NONE', #1154, 1000.000000000000000 ) ;
#3922 = ORIENTED_EDGE ( 'NONE', *, *, #3628, .F. ) ;
#3923 = DIRECTION ( 'NONE',  ( -0.000000000000000000, -1.000000000000000000, -0.000000000000000000 ) ) ;
#3924 = DIRECTION ( 'NONE',  ( 0.000000000000000000, 0.000000000000000000, 1.000000000000000000 ) ) ;
#3925 = CARTESIAN_POINT ( 'NONE',  ( 119.0000000000000284, 37.42339375865881834, -89.25000000000002842 ) ) ;
#3926 = DIRECTION ( 'NONE',  ( -1.000000000000000000, 0.000000000000000000, 1.652117596168387756E-16 ) ) ;
#3927 = ORIENTED_EDGE ( 'NONE', *, *, #4254, .F. ) ;
#3928 = EDGE_CURVE ( 'NONE', #446, #1545, #2863, .T. ) ;
#3929 = CARTESIAN_POINT ( 'NONE',  ( -81.00000000000001421, 37.42339375865881124, -73.75000000000000000 ) ) ;
#3930 = EDGE_CURVE ( 'NONE', #2599, #2107, #2690, .T. ) ;
#3931 = EDGE_CURVE ( 'NONE', #3598, #99, #3412, .T. ) ;
#3932 = CARTESIAN_POINT ( 'NONE',  ( -75.00000000000001421, 37.42339375865881834, -89.25000000000002842 ) ) ;
#3933 = EDGE_CURVE ( 'NONE', #682, #1545, #235, .T. ) ;
#3934 = VERTEX_POINT ( 'NONE', #3961 ) ;
#3935 = LINE ( 'NONE', #2924, #502 ) ;
#3936 = DIRECTION ( 'NONE',  ( 0.000000000000000000, 0.000000000000000000, 1.000000000000000000 ) ) ;
#3937 = DIRECTION ( 'NONE',  ( 0.000000000000000000, 0.000000000000000000, 1.000000000000000000 ) ) ;
#3938 = DIRECTION ( 'NONE',  ( 3.854941057726240562E-16, 0.000000000000000000, -1.000000000000000000 ) ) ;
#3939 = CARTESIAN_POINT ( 'NONE',  ( -26.00000000000000000, 5.000000000000004441, 44.99999999999992895 ) ) ;
#3940 = AXIS2_PLACEMENT_3D ( 'NONE', #2535, #3905, #858 ) ;
#3941 = ORIENTED_EDGE ( 'NONE', *, *, #2527, .F. ) ;
#3942 = VERTEX_POINT ( 'NONE', #217 ) ;
#3943 = ORIENTED_EDGE ( 'NONE', *, *, #4284, .F. ) ;
#3944 = B_SPLINE_CURVE_WITH_KNOTS ( 'NONE', 3,
 ( #743, #2421, #3763, #378, #3095, #38, #1400, #1753, #3789, #401, #2443, #1450, #2801, #3814, #2110, #3479 ),
 .UNSPECIFIED., .F., .F.,
 ( 4, 2, 2, 2, 2, 2, 2, 4 ),
 ( -2.828427709313879757E-05, 0.0005493217819844246636, 0.001126927841061988074, 0.002282139959217102752, 0.004592564195527338612, 0.005747776313682450254, 0.006902988431837561896, 0.009213412668147794721 ),
 .UNSPECIFIED. ) ;
#3945 = CARTESIAN_POINT ( 'NONE',  ( -77.00000000000002842, 0.000000000000000000, -60.00000000000000711 ) ) ;
#3946 = VECTOR ( 'NONE', #1070, 1000.000000000000000 ) ;
#3947 = APPLICATION_PROTOCOL_DEFINITION ( 'draft international standard', 'automotive_design', 1998, #4036 ) ;
#3948 = CARTESIAN_POINT ( 'NONE',  ( 24.00000000000001421, 5.000000000000004441, -25.00000000000006395 ) ) ;
#3949 = CARTESIAN_POINT ( 'NONE',  ( 119.0000000000000284, 37.42339375865881834, -86.25000000000001421 ) ) ;
#3950 = VECTOR ( 'NONE', #1016, 1000.000000000000000 ) ;
#3951 = ORIENTED_EDGE ( 'NONE', *, *, #2465, .F. ) ;
#3952 = ADVANCED_FACE ( 'NONE', ( #4360 ), #886, .F. ) ;
#3953 = DIRECTION ( 'NONE',  ( -1.000000000000000000, 0.000000000000000000, 0.000000000000000000 ) ) ;
#3954 = CYLINDRICAL_SURFACE ( 'NONE', #3155, 1.549999999999995826 ) ;
#3955 = VERTEX_POINT ( 'NONE', #3983 ) ;
#3956 = ADVANCED_FACE ( 'NONE', ( #1255 ), #1592, .F. ) ;
#3957 = ORIENTED_EDGE ( 'NONE', *, *, #2068, .F. ) ;
#3958 = FACE_OUTER_BOUND ( 'NONE', #1365, .T. ) ;
#3959 = LINE ( 'NONE', #3218, #1238 ) ;
#3960 = DIRECTION ( 'NONE',  ( 0.000000000000000000, 0.000000000000000000, 1.000000000000000000 ) ) ;
#3961 = CARTESIAN_POINT ( 'NONE',  ( 45.50000000000003553, 5.000000000000000000, 93.44999999999993179 ) ) ;
#3962 = ORIENTED_EDGE ( 'NONE', *, *, #3678, .F. ) ;
#3963 = DIRECTION ( 'NONE',  ( -1.000000000000000000, 0.000000000000000000, 0.000000000000000000 ) ) ;
#3964 = ORIENTED_EDGE ( 'NONE', *, *, #45, .F. ) ;
#3965 = DIRECTION ( 'NONE',  ( -1.000000000000000000, -0.000000000000000000, -0.000000000000000000 ) ) ;
#3966 = CARTESIAN_POINT ( 'NONE',  ( -64.99999999999995737, 0.000000000000000000, -55.99999999999997868 ) ) ;
#3967 = CARTESIAN_POINT ( 'NONE',  ( 20.00000000000000355, -16.20000000000000284, 75.49999999999992895 ) ) ;
#3968 = EDGE_LOOP ( 'NONE', ( #3079, #3896, #1959, #3393 ) ) ;
#3969 = CARTESIAN_POINT ( 'NONE',  ( -17.99999999999997513, 5.000000000000004441, -30.00000000000006750 ) ) ;
#3970 = CARTESIAN_POINT ( 'NONE',  ( 81.00000000000001421, 0.000000000000000000, -97.99999999999998579 ) ) ;
#3971 = EDGE_CURVE ( 'NONE', #438, #1697, #2608, .T. ) ;
#3972 = ORIENTED_EDGE ( 'NONE', *, *, #251, .T. ) ;
#3973 = ORIENTED_EDGE ( 'NONE', *, *, #958, .F. ) ;
#3974 = LINE ( 'NONE', #563, #1484 ) ;
#3975 = VECTOR ( 'NONE', #1541, 1000.000000000000000 ) ;
#3976 = CARTESIAN_POINT ( 'NONE',  ( 1.550000000000004263, -5.000000000000000000, -100.5000000000000000 ) ) ;
#3977 = CARTESIAN_POINT ( 'NONE',  ( 75.00000000000000000, 17.00000000000000000, -86.50000000000001421 ) ) ;
#3978 = AXIS2_PLACEMENT_3D ( 'NONE', #2842, #1833, #506 ) ;
#3979 = VECTOR ( 'NONE', #1475, 1000.000000000000000 ) ;
#3980 = ADVANCED_FACE ( 'NONE', ( #949 ), #3262, .F. ) ;
#3981 = AXIS2_PLACEMENT_3D ( 'NONE', #632, #1939, #1607 ) ;
#3982 = DIRECTION ( 'NONE',  ( 0.000000000000000000, 0.000000000000000000, 1.000000000000000000 ) ) ;
#3983 = CARTESIAN_POINT ( 'NONE',  ( -81.00000000000001421, 24.00000000000000000, -94.00000000000000000 ) ) ;
#3984 = ORIENTED_EDGE ( 'NONE', *, *, #1415, .F. ) ;
#3985 = DIRECTION ( 'NONE',  ( 0.000000000000000000, 1.000000000000000000, -0.000000000000000000 ) ) ;
#3986 = ORIENTED_EDGE ( 'NONE', *, *, #960, .F. ) ;
#3987 = VECTOR ( 'NONE', #3855, 1000.000000000000000 ) ;
#3988 = DIRECTION ( 'NONE',  ( -0.000000000000000000, 1.000000000000000000, -0.000000000000000000 ) ) ;
#3989 = AXIS2_PLACEMENT_3D ( 'NONE', #678, #1783, #87 ) ;
#3990 = CYLINDRICAL_SURFACE ( 'NONE', #3056, 2.599999999999984102 ) ;
#3991 = CARTESIAN_POINT ( 'NONE',  ( 16.00000000000000000, -89.44271909999159220, -27.00000000000006395 ) ) ;
#3992 = CIRCLE ( 'NONE', #1700, 1.500000000000001332 ) ;
#3993 = AXIS2_PLACEMENT_3D ( 'NONE', #1457, #501, #2832 ) ;
#3994 = ORIENTED_EDGE ( 'NONE', *, *, #293, .F. ) ;
#3995 = FACE_OUTER_BOUND ( 'NONE', #264, .T. ) ;
#3996 = CARTESIAN_POINT ( 'NONE',  ( 4.215830209411790279E-15, 5.000000000000000000, -100.5000000000000000 ) ) ;
#3997 = EDGE_LOOP ( 'NONE', ( #1556, #2196, #3753 ) ) ;
#3998 = ORIENTED_EDGE ( 'NONE', *, *, #2027, .T. ) ;
#3999 = DIRECTION ( 'NONE',  ( 0.000000000000000000, 0.000000000000000000, 1.000000000000000000 ) ) ;
#4000 = CARTESIAN_POINT ( 'NONE',  ( 81.00000000000001421, 37.42339375865881124, -73.75000000000000000 ) ) ;
#4001 = DIRECTION ( 'NONE',  ( -1.000000000000000000, -0.000000000000000000, -0.000000000000000000 ) ) ;
#4002 = EDGE_CURVE ( 'NONE', #1617, #1660, #2240, .T. ) ;
#4003 = DIRECTION ( 'NONE',  ( 0.000000000000000000, 0.000000000000000000, 1.000000000000000000 ) ) ;
#4004 = CARTESIAN_POINT ( 'NONE',  ( -79.91082479059113552, 25.44182911671558500, -60.20379447846447363 ) ) ;
#4005 = ORIENTED_EDGE ( 'NONE', *, *, #3018, .T. ) ;
#4006 = CARTESIAN_POINT ( 'NONE',  ( 45.50000000000003553, 0.000000000000000000, 96.54999999999992610 ) ) ;
#4007 = EDGE_CURVE ( 'NONE', #637, #2121, #707, .T. ) ;
#4008 = EDGE_CURVE ( 'NONE', #2285, #2739, #1945, .T. ) ;
#4009 = ORIENTED_EDGE ( 'NONE', *, *, #360, .T. ) ;
#4010 = DIRECTION ( 'NONE',  ( -3.120437045301704800E-16, 0.1455885994785731941, -0.9893452176575513457 ) ) ;
#4011 = DIRECTION ( 'NONE',  ( 0.000000000000000000, 0.000000000000000000, 1.000000000000000000 ) ) ;
#4012 = CIRCLE ( 'NONE', #595, 2.599999999999984102 ) ;
#4013 = FACE_BOUND ( 'NONE', #812, .T. ) ;
#4014 = EDGE_LOOP ( 'NONE', ( #2458, #3040, #698, #861 ) ) ;
#4015 = AXIS2_PLACEMENT_3D ( 'NONE', #399, #1707, #1727 ) ;
#4016 = CARTESIAN_POINT ( 'NONE',  ( -81.00000000000001421, 37.42339375865881124, -72.25000000000000000 ) ) ;
#4017 = CARTESIAN_POINT ( 'NONE',  ( 119.0000000000000284, 24.00000000000000355, -64.50000000000000000 ) ) ;
#4018 = ORIENTED_EDGE ( 'NONE', *, *, #2212, .F. ) ;
#4019 = CARTESIAN_POINT ( 'NONE',  ( 24.00000000000001421, -89.44271909999159220, 8.499999999999948486 ) ) ;
#4020 = AXIS2_PLACEMENT_3D ( 'NONE', #2454, #757, #1111 ) ;
#4021 = CARTESIAN_POINT ( 'NONE',  ( 81.00000000000001421, 5.000000000000000000, -86.50000000000001421 ) ) ;
#4022 = ORIENTED_EDGE ( 'NONE', *, *, #738, .T. ) ;
#4023 = CARTESIAN_POINT ( 'NONE',  ( 45.50000000000003553, -5.000000000000000000, 94.99999999999992895 ) ) ;
#4024 = FACE_OUTER_BOUND ( 'NONE', #3713, .T. ) ;
#4025 = EDGE_CURVE ( 'NONE', #196, #1453, #3866, .T. ) ;
#4026 = ORIENTED_EDGE ( 'NONE', *, *, #2851, .T. ) ;
#4027 = DIRECTION ( 'NONE',  ( 0.000000000000000000, 1.000000000000000000, 0.000000000000000000 ) ) ;
#4028 = ORIENTED_EDGE ( 'NONE', *, *, #1624, .T. ) ;
#4029 = CARTESIAN_POINT ( 'NONE',  ( 24.00000000000002842, -89.44271909999159220, 44.99999999999992895 ) ) ;
#4030 = CARTESIAN_POINT ( 'NONE',  ( 20.00000000000006750, 0.000000000000000000, 93.49999999999991473 ) ) ;
#4031 = CARTESIAN_POINT ( 'NONE',  ( -26.00000000000000000, 5.000000000000004441, 46.49999999999992895 ) ) ;
#4032 = ORIENTED_EDGE ( 'NONE', *, *, #4007, .T. ) ;
#4033 = CARTESIAN_POINT ( 'NONE',  ( 55.50000000000003553, 0.000000000000000000, 102.9999999999999289 ) ) ;
#4034 = CARTESIAN_POINT ( 'NONE',  ( -77.00000000000002842, 0.000000000000000000, -100.0000000000000000 ) ) ;
#4035 = ORIENTED_EDGE ( 'NONE', *, *, #3039, .F. ) ;
#4036 = APPLICATION_CONTEXT ( 'automotive_design' ) ;
#4037 = CARTESIAN_POINT ( 'NONE',  ( -55.49999999999996447, 5.000000000000000000, 84.99999999999991473 ) ) ;
#4038 = FACE_OUTER_BOUND ( 'NONE', #2598, .T. ) ;
#4039 = ORIENTED_EDGE ( 'NONE', *, *, #2308, .F. ) ;
#4040 = VERTEX_POINT ( 'NONE', #1806 ) ;
#4041 = VECTOR ( 'NONE', #1879, 1000.000000000000000 ) ;
#4042 = FACE_OUTER_BOUND ( 'NONE', #2213, .T. ) ;
#4043 = EDGE_CURVE ( 'NONE', #1697, #2533, #3531, .T. ) ;
#4044 = VECTOR ( 'NONE', #2151, 1000.000000000000000 ) ;
#4045 = EDGE_LOOP ( 'NONE', ( #3037, #1655, #1868, #1886 ) ) ;
#4046 = PLANE ( 'NONE',  #866 ) ;
#4047 = VERTEX_POINT ( 'NONE', #1210 ) ;
#4048 = EDGE_CURVE ( 'NONE', #2072, #3854, #2538, .T. ) ;
#4049 = CIRCLE ( 'NONE', #1272, 2.000000000000001776 ) ;
#4050 = DIRECTION ( 'NONE',  ( 0.000000000000000000, 0.000000000000000000, 1.000000000000000000 ) ) ;
#4051 = LINE ( 'NONE', #352, #716 ) ;
#4052 = VECTOR ( 'NONE', #4302, 1000.000000000000000 ) ;
#4053 = DIRECTION ( 'NONE',  ( 0.000000000000000000, 0.000000000000000000, 1.000000000000000000 ) ) ;
#4054 = VECTOR ( 'NONE', #1297, 1000.000000000000000 ) ;
#4055 = ORIENTED_EDGE ( 'NONE', *, *, #1813, .T. ) ;
#4056 = VECTOR ( 'NONE', #3261, 1000.000000000000000 ) ;
#4057 = FACE_OUTER_BOUND ( 'NONE', #4395, .T. ) ;
#4058 = LINE ( 'NONE', #4394, #2711 ) ;
#4059 = EDGE_CURVE ( 'NONE', #3586, #2298, #2913, .T. ) ;
#4060 = VECTOR ( 'NONE', #2008, 1000.000000000000000 ) ;
#4061 = ORIENTED_EDGE ( 'NONE', *, *, #2497, .T. ) ;
#4062 = EDGE_CURVE ( 'NONE', #3353, #4168, #474, .T. ) ;
#4063 = EDGE_CURVE ( 'NONE', #4040, #2003, #4224, .T. ) ;
#4064 = AXIS2_PLACEMENT_3D ( 'NONE', #2013, #1675, #283 ) ;
#4065 = CARTESIAN_POINT ( 'NONE',  ( -55.49999999999996447, 5.000000000000000000, 84.99999999999991473 ) ) ;
#4066 = LINE ( 'NONE', #4021, #1094 ) ;
#4067 = ADVANCED_FACE ( 'NONE', ( #2518 ), #1852, .F. ) ;
#4068 = VERTEX_POINT ( 'NONE', #498 ) ;
#4069 = ORIENTED_EDGE ( 'NONE', *, *, #1004, .T. ) ;
#4070 = DIRECTION ( 'NONE',  ( 0.000000000000000000, 1.000000000000000000, 0.000000000000000000 ) ) ;
#4071 = EDGE_LOOP ( 'NONE', ( #3780, #579, #3809, #3502, #1393 ) ) ;
#4072 = CYLINDRICAL_SURFACE ( 'NONE', #2844, 1.999999999999994893 ) ;
#4073 = ORIENTED_EDGE ( 'NONE', *, *, #2093, .F. ) ;
#4074 = CARTESIAN_POINT ( 'NONE',  ( 64.99999999999998579, 0.000000000000000000, -57.55000000000000426 ) ) ;
#4075 = FACE_BOUND ( 'NONE', #684, .T. ) ;
#4076 = DIRECTION ( 'NONE',  ( 0.000000000000000000, 0.000000000000000000, 1.000000000000000000 ) ) ;
#4077 = ORIENTED_EDGE ( 'NONE', *, *, #3463, .T. ) ;
#4078 = DIRECTION ( 'NONE',  ( -1.000000000000000000, -0.000000000000000000, -0.000000000000000000 ) ) ;
#4079 = CARTESIAN_POINT ( 'NONE',  ( -43.00000000000000711, 5.000000000000000000, 37.09999999999991616 ) ) ;
#4080 = CIRCLE ( 'NONE', #2645, 1.499999999999987566 ) ;
#4081 = ORIENTED_EDGE ( 'NONE', *, *, #1247, .F. ) ;
#4082 = EDGE_CURVE ( 'NONE', #40, #756, #4195, .T. ) ;
#4083 = LINE ( 'NONE', #2731, #3560 ) ;
#4084 = CARTESIAN_POINT ( 'NONE',  ( -81.00000000000001421, 31.21779788708139236, -97.99999999999998579 ) ) ;
#4085 = VECTOR ( 'NONE', #3227, 1000.000000000000114 ) ;
#4086 = EDGE_LOOP ( 'NONE', ( #2336, #1765 ) ) ;
#4087 = EDGE_LOOP ( 'NONE', ( #2785, #327, #1958, #2734 ) ) ;
#4088 = VECTOR ( 'NONE', #1931, 1000.000000000000000 ) ;
#4089 = CARTESIAN_POINT ( 'NONE',  ( -75.00000000000001421, 29.02648106157064589, -104.3506074618691599 ) ) ;
#4090 = EDGE_LOOP ( 'NONE', ( #1413, #1517 ) ) ;
#4091 = DIRECTION ( 'NONE',  ( 0.000000000000000000, 0.000000000000000000, -1.000000000000000000 ) ) ;
#4092 = VERTEX_POINT ( 'NONE', #2926 ) ;
#4093 = CARTESIAN_POINT ( 'NONE',  ( 20.00000000000000000, -16.20000000000000284, 94.99999999999991473 ) ) ;
#4094 = FACE_BOUND ( 'NONE', #1483, .T. ) ;
#4095 = DIRECTION ( 'NONE',  ( 0.000000000000000000, 0.000000000000000000, 1.000000000000000000 ) ) ;
#4096 = VERTEX_POINT ( 'NONE', #521 ) ;
#4097 = FACE_BOUND ( 'NONE', #4090, .T. ) ;
#4098 = CARTESIAN_POINT ( 'NONE',  ( 64.99999999999998579, 0.000000000000000000, -56.00000000000000711 ) ) ;
#4099 = DIRECTION ( 'NONE',  ( 0.000000000000000000, 1.000000000000000000, 0.000000000000000000 ) ) ;
#4100 = CARTESIAN_POINT ( 'NONE',  ( 75.00000000000001421, 10.57660624134121363, -70.75000000000000000 ) ) ;
#4101 = EDGE_CURVE ( 'NONE', #2610, #1453, #3197, .T. ) ;
#4102 = ORIENTED_EDGE ( 'NONE', *, *, #3121, .T. ) ;
#4103 = LINE ( 'NONE', #3439, #1635 ) ;
#4104 = EDGE_CURVE ( 'NONE', #1593, #3366, #839, .T. ) ;
#4105 = CARTESIAN_POINT ( 'NONE',  ( -81.00000000000001421, 30.51492707152537065, -98.34041587281917884 ) ) ;
#4106 = EDGE_LOOP ( 'NONE', ( #1978, #551, #4351, #968 ) ) ;
#4107 = VERTEX_POINT ( 'NONE', #1875 ) ;
#4108 = DIRECTION ( 'NONE',  ( 0.2516338517649511775, 0.000000000000000000, 0.9678225067882718635 ) ) ;
#4109 = ORIENTED_EDGE ( 'NONE', *, *, #379, .F. ) ;
#4110 = CARTESIAN_POINT ( 'NONE',  ( 81.00000000000001421, 0.000000000000000000, -97.99999999999998579 ) ) ;
#4111 = VERTEX_POINT ( 'NONE', #3552 ) ;
#4112 = EDGE_CURVE ( 'NONE', #1469, #2453, #2475, .T. ) ;
#4113 = ADVANCED_FACE ( 'NONE', ( #2831 ), #2215, .F. ) ;
#4114 = EDGE_CURVE ( 'NONE', #1794, #2895, #2268, .T. ) ;
#4115 = DIRECTION ( 'NONE',  ( 0.000000000000000000, 0.000000000000000000, -1.000000000000000000 ) ) ;
#4116 = AXIS2_PLACEMENT_3D ( 'NONE', #487, #1843, #3677 ) ;
#4117 = CARTESIAN_POINT ( 'NONE',  ( -73.00000000000001421, 5.000000000000000000, -105.0000000000000142 ) ) ;
#4118 = CARTESIAN_POINT ( 'NONE',  ( 4.215830209411790279E-15, 0.000000000000000000, -100.5000000000000000 ) ) ;
#4119 = EDGE_LOOP ( 'NONE', ( #4061, #1825, #1676, #229 ) ) ;
#4120 = VERTEX_POINT ( 'NONE', #3578 ) ;
#4121 = AXIS2_PLACEMENT_3D ( 'NONE', #760, #2436, #4407 ) ;
#4122 = CIRCLE ( 'NONE', #2993, 1.500000000000001332 ) ;
#4123 = DIRECTION ( 'NONE',  ( 0.000000000000000000, 0.000000000000000000, 1.000000000000000000 ) ) ;
#4124 = CARTESIAN_POINT ( 'NONE',  ( 77.00000000000001421, 5.000000000000000000, -100.0000000000000000 ) ) ;
#4125 = LINE ( 'NONE', #4151, #136 ) ;
#4126 = DIRECTION ( 'NONE',  ( -0.000000000000000000, 1.000000000000000000, -0.000000000000000000 ) ) ;
#4127 = CIRCLE ( 'NONE', #640, 1.500000000000001332 ) ;
#4128 = CIRCLE ( 'NONE', #2762, 2.599999999999991207 ) ;
#4129 = ORIENTED_EDGE ( 'NONE', *, *, #2093, .T. ) ;
#4130 = DIRECTION ( 'NONE',  ( 0.000000000000000000, 0.000000000000000000, -1.000000000000000000 ) ) ;
#4131 = CARTESIAN_POINT ( 'NONE',  ( -79.46402151864764107, 23.97501852879570450, -99.94893961880681843 ) ) ;
#4132 = VECTOR ( 'NONE', #3636, 1000.000000000000000 ) ;
#4133 = VECTOR ( 'NONE', #338, 1000.000000000000000 ) ;
#4134 = ORIENTED_EDGE ( 'NONE', *, *, #155, .T. ) ;
#4135 = CIRCLE ( 'NONE', #1987, 1.500000000000001332 ) ;
#4136 = AXIS2_PLACEMENT_3D ( 'NONE', #72, #1107, #3196 ) ;
#4137 = PLANE ( 'NONE',  #503 ) ;
#4138 = EDGE_LOOP ( 'NONE', ( #138, #1038, #1549, #3536 ) ) ;
#4139 = DIRECTION ( 'NONE',  ( -0.000000000000000000, 1.000000000000000000, -0.000000000000000000 ) ) ;
#4140 = ORIENTED_EDGE ( 'NONE', *, *, #3454, .T. ) ;
#4141 = EDGE_CURVE ( 'NONE', #2221, #355, #1501, .T. ) ;
#4142 = DIRECTION ( 'NONE',  ( 0.000000000000000000, 0.000000000000000000, -1.000000000000000000 ) ) ;
#4143 = FACE_BOUND ( 'NONE', #2231, .T. ) ;
#4144 = LINE ( 'NONE', #34, #3759 ) ;
#4145 = EDGE_CURVE ( 'NONE', #750, #635, #493, .T. ) ;
#4146 = EDGE_CURVE ( 'NONE', #2568, #3405, #4049, .T. ) ;
#4147 = ORIENTED_EDGE ( 'NONE', *, *, #2555, .F. ) ;
#4148 = EDGE_LOOP ( 'NONE', ( #368, #828, #2383, #2242 ) ) ;
#4149 = DIRECTION ( 'NONE',  ( -0.000000000000000000, 1.000000000000000000, -0.000000000000000000 ) ) ;
#4150 = DIRECTION ( 'NONE',  ( 3.035766082959409950E-16, 0.000000000000000000, 1.000000000000000000 ) ) ;
#4151 = CARTESIAN_POINT ( 'NONE',  ( -73.00000000000001421, 0.000000000000000000, 73.99999999999992895 ) ) ;
#4152 = CYLINDRICAL_SURFACE ( 'NONE', #2974, 1.499999999999987566 ) ;
#4153 = VERTEX_POINT ( 'NONE', #208 ) ;
#4154 = CARTESIAN_POINT ( 'NONE',  ( 5.746638708345982787E-15, 0.000000000000000000, -93.95000000000000284 ) ) ;
#4155 = CARTESIAN_POINT ( 'NONE',  ( -79.91082916792198887, 25.44184406954964928, -99.79620323048514763 ) ) ;
#4156 = VECTOR ( 'NONE', #2161, 1000.000000000000000 ) ;
#4157 = ORIENTED_EDGE ( 'NONE', *, *, #960, .T. ) ;
#4158 = VECTOR ( 'NONE', #1558, 1000.000000000000000 ) ;
#4159 = CARTESIAN_POINT ( 'NONE',  ( 75.00000000000001421, 5.000000000000000888, -57.99999999999997868 ) ) ;
#4160 = ORIENTED_EDGE ( 'NONE', *, *, #850, .T. ) ;
#4161 = DIRECTION ( 'NONE',  ( -1.000000000000000000, -0.000000000000000000, -0.000000000000000000 ) ) ;
#4162 = ORIENTED_EDGE ( 'NONE', *, *, #2997, .F. ) ;
#4163 = CARTESIAN_POINT ( 'NONE',  ( -74.99999999999995737, 5.000000000000000888, -57.99999999999997868 ) ) ;
#4164 = ADVANCED_FACE ( 'NONE', ( #3958 ), #2143, .F. ) ;
#4165 = CYLINDRICAL_SURFACE ( 'NONE', #927, 1.500000000000001332 ) ;
#4166 = DIRECTION ( 'NONE',  ( 0.000000000000000000, 0.000000000000000000, -1.000000000000000000 ) ) ;
#4167 = ORIENTED_EDGE ( 'NONE', *, *, #1035, .F. ) ;
#4168 = VERTEX_POINT ( 'NONE', #254 ) ;
#4169 = ORIENTED_EDGE ( 'NONE', *, *, #329, .T. ) ;
#4170 = DIRECTION ( 'NONE',  ( -0.000000000000000000, 1.000000000000000000, -0.000000000000000000 ) ) ;
#4171 = CARTESIAN_POINT ( 'NONE',  ( -53.49999999999996447, 0.000000000000000000, 104.9999999999999289 ) ) ;
#4172 = DIRECTION ( 'NONE',  ( 0.000000000000000000, 1.000000000000000000, 0.000000000000000000 ) ) ;
#4173 = FACE_OUTER_BOUND ( 'NONE', #8, .T. ) ;
#4174 = ORIENTED_EDGE ( 'NONE', *, *, #2883, .F. ) ;
#4175 = LINE ( 'NONE', #3509, #717 ) ;
#4176 = LINE ( 'NONE', #3510, #2363 ) ;
#4177 = ORIENTED_EDGE ( 'NONE', *, *, #1739, .F. ) ;
#4178 = EDGE_LOOP ( 'NONE', ( #4073, #2589, #4398, #797 ) ) ;
#4179 = CARTESIAN_POINT ( 'NONE',  ( 75.00000000000000000, 45.00000000000000000, -102.0000000000000142 ) ) ;
#4180 = ORIENTED_EDGE ( 'NONE', *, *, #1098, .T. ) ;
#4181 = FACE_BOUND ( 'NONE', #4341, .T. ) ;
#4182 = VERTEX_POINT ( 'NONE', #2318 ) ;
#4183 = CARTESIAN_POINT ( 'NONE',  ( 53.50000000000003553, 5.000000000000000000, 102.9999999999999289 ) ) ;
#4184 = DIRECTION ( 'NONE',  ( 1.000000000000000000, 0.000000000000000000, 0.000000000000000000 ) ) ;
#4185 = ORIENTED_EDGE ( 'NONE', *, *, #340, .T. ) ;
#4186 = ORIENTED_EDGE ( 'NONE', *, *, #4327, .T. ) ;
#4187 = AXIS2_PLACEMENT_3D ( 'NONE', #623, #1616, #1001 ) ;
#4188 = CYLINDRICAL_SURFACE ( 'NONE', #2084, 19.99999999999999645 ) ;
#4189 = LINE ( 'NONE', #3925, #1275 ) ;
#4190 = PLANE ( 'NONE',  #3619 ) ;
#4191 = VECTOR ( 'NONE', #2371, 1000.000000000000000 ) ;
#4192 = ORIENTED_EDGE ( 'NONE', *, *, #1682, .T. ) ;
#4193 = EDGE_CURVE ( 'NONE', #2298, #2925, #3618, .T. ) ;
#4194 = CARTESIAN_POINT ( 'NONE',  ( 75.00000000000001421, 5.000000000000000000, -57.99999999999998579 ) ) ;
#4195 = CIRCLE ( 'NONE', #1136, 2.000000000000001776 ) ;
#4196 = PLANE ( 'NONE',  #2297 ) ;
#4197 = AXIS2_PLACEMENT_3D ( 'NONE', #3860, #3207, #789 ) ;
#4198 = ORIENTED_EDGE ( 'NONE', *, *, #1904, .F. ) ;
#4199 = EDGE_CURVE ( 'NONE', #470, #520, #2299, .T. ) ;
#4200 = ADVANCED_FACE ( 'NONE', ( #230, #2255, #3708, #3666, #943, #2969, #899, #3686 ), #2601, .F. ) ;
#4201 = EDGE_CURVE ( 'NONE', #1469, #4047, #4328, .T. ) ;
#4202 = EDGE_CURVE ( 'NONE', #965, #3316, #3126, .T. ) ;
#4203 = CARTESIAN_POINT ( 'NONE',  ( -17.99999999999998934, 0.000000000000000000, 46.99999999999992895 ) ) ;
#4204 = AXIS2_PLACEMENT_3D ( 'NONE', #3211, #2534, #793 ) ;
#4205 = FACE_OUTER_BOUND ( 'NONE', #1749, .T. ) ;
#4206 = AXIS2_PLACEMENT_3D ( 'NONE', #3060, #4070, #2347 ) ;
#4207 = CARTESIAN_POINT ( 'NONE',  ( 75.00000000000000000, 0.000000000000000000, -102.0000000000000142 ) ) ;
#4208 = DIRECTION ( 'NONE',  ( 0.000000000000000000, 0.000000000000000000, 1.000000000000000000 ) ) ;
#4209 = ORIENTED_EDGE ( 'NONE', *, *, #1684, .T. ) ;
#4210 = DIRECTION ( 'NONE',  ( -0.000000000000000000, -1.000000000000000000, -0.000000000000000000 ) ) ;
#4211 = DIRECTION ( 'NONE',  ( 1.000000000000000000, 0.000000000000000000, -3.154042683594193641E-16 ) ) ;
#4212 = ORIENTED_EDGE ( 'NONE', *, *, #2168, .F. ) ;
#4213 = VERTEX_POINT ( 'NONE', #2278 ) ;
#4214 = CARTESIAN_POINT ( 'NONE',  ( -17.99999999999996803, 0.000000000000000000, 49.99999999999993605 ) ) ;
#4215 = PRODUCT_CONTEXT ( 'NONE', #4036, 'mechanical' ) ;
#4216 = CARTESIAN_POINT ( 'NONE',  ( 45.50000000000003553, -5.000000000000000000, 94.99999999999992895 ) ) ;
#4217 = DIRECTION ( 'NONE',  ( 0.000000000000000000, 0.000000000000000000, 1.000000000000000000 ) ) ;
#4218 = ORIENTED_EDGE ( 'NONE', *, *, #4387, .F. ) ;
#4219 = FACE_BOUND ( 'NONE', #4316, .T. ) ;
#4220 = CARTESIAN_POINT ( 'NONE',  ( 73.00000000000002842, 5.000000000000000000, -57.99999999999997868 ) ) ;
#4221 = EDGE_CURVE ( 'NONE', #520, #2367, #3974, .T. ) ;
#4222 = ORIENTED_EDGE ( 'NONE', *, *, #3035, .F. ) ;
#4223 = ADVANCED_FACE ( 'NONE', ( #1960 ), #1922, .F. ) ;
#4224 = LINE ( 'NONE', #1567, #1204 ) ;
#4225 = LINE ( 'NONE', #2187, #3423 ) ;
#4226 = FACE_BOUND ( 'NONE', #3086, .T. ) ;
#4227 = VECTOR ( 'NONE', #794, 1000.000000000000000 ) ;
#4228 = FACE_OUTER_BOUND ( 'NONE', #3489, .T. ) ;
#4229 = VECTOR ( 'NONE', #788, 1000.000000000000000 ) ;
#4230 = CARTESIAN_POINT ( 'NONE',  ( -25.99999999999999645, 0.000000000000000000, -23.50000000000006395 ) ) ;
#4231 = EDGE_LOOP ( 'NONE', ( #160, #2164, #2557, #3527 ) ) ;
#4232 = EDGE_LOOP ( 'NONE', ( #3521, #2562, #2525, #1584 ) ) ;
#4233 = VERTEX_POINT ( 'NONE', #3644 ) ;
#4234 = CIRCLE ( 'NONE', #389, 1.500000000000001332 ) ;
#4235 = LINE ( 'NONE', #2199, #4229 ) ;
#4236 = FACE_OUTER_BOUND ( 'NONE', #2677, .T. ) ;
#4237 = FACE_OUTER_BOUND ( 'NONE', #2996, .T. ) ;
#4238 = ORIENTED_EDGE ( 'NONE', *, *, #798, .T. ) ;
#4239 = CARTESIAN_POINT ( 'NONE',  ( 43.00000000000000711, 5.000000000000000000, 37.09999999999991616 ) ) ;
#4240 = CYLINDRICAL_SURFACE ( 'NONE', #3940, 2.000000000000001776 ) ;
#4241 = ORIENTED_EDGE ( 'NONE', *, *, #2284, .F. ) ;
#4242 = EDGE_CURVE ( 'NONE', #2498, #2984, #2950, .T. ) ;
#4243 = EDGE_CURVE ( 'NONE', #3577, #3104, #2760, .T. ) ;
#4244 = DIRECTION ( 'NONE',  ( -0.000000000000000000, -1.000000000000000000, -0.000000000000000000 ) ) ;
#4245 = LINE ( 'NONE', #3600, #2090 ) ;
#4246 = CARTESIAN_POINT ( 'NONE',  ( 75.00000000000001421, 37.42339375865881124, -72.25000000000000000 ) ) ;
#4247 = CARTESIAN_POINT ( 'NONE',  ( 79.05809986186199012, 22.68372827054097840, -100.0000000000000284 ) ) ;
#4248 = DIRECTION ( 'NONE',  ( 0.000000000000000000, 0.000000000000000000, 1.000000000000000000 ) ) ;
#4249 = ORIENTED_EDGE ( 'NONE', *, *, #340, .F. ) ;
#4250 = VERTEX_POINT ( 'NONE', #1318 ) ;
#4251 = EDGE_CURVE ( 'NONE', #1835, #4120, #1335, .T. ) ;
#4252 = ADVANCED_FACE ( 'NONE', ( #2647 ), #2672, .F. ) ;
#4253 = EDGE_LOOP ( 'NONE', ( #1128, #1330, #175 ) ) ;
#4254 = EDGE_CURVE ( 'NONE', #481, #2925, #1555, .T. ) ;
#4255 = EDGE_CURVE ( 'NONE', #750, #746, #298, .T. ) ;
#4256 = LINE ( 'NONE', #2490, #2655 ) ;
#4257 =( NAMED_UNIT ( * ) PLANE_ANGLE_UNIT ( ) SI_UNIT ( $, .RADIAN. ) );
#4258 = DIRECTION ( 'NONE',  ( 1.000000000000000000, 0.000000000000000000, 0.000000000000000000 ) ) ;
#4259 = DIRECTION ( 'NONE',  ( 0.000000000000000000, 0.000000000000000000, -1.000000000000000000 ) ) ;
#4260 = ORIENTED_EDGE ( 'NONE', *, *, #1214, .F. ) ;
#4261 = CARTESIAN_POINT ( 'NONE',  ( 77.00000000000005684, 22.50000000000000711, -60.00000000000001421 ) ) ;
#4262 = DIRECTION ( 'NONE',  ( -1.000000000000000000, -0.000000000000000000, -0.000000000000000000 ) ) ;
#4263 = ORIENTED_EDGE ( 'NONE', *, *, #3873, .T. ) ;
#4264 = ORIENTED_EDGE ( 'NONE', *, *, #2149, .F. ) ;
#4265 = VECTOR ( 'NONE', #1481, 1000.000000000000000 ) ;
#4266 = CARTESIAN_POINT ( 'NONE',  ( -20.00000000000001421, -16.20000000000000284, 73.99999999999992895 ) ) ;
#4267 = CARTESIAN_POINT ( 'NONE',  ( -64.99999999999995737, -5.000000000000000000, -55.99999999999997868 ) ) ;
#4268 = PRESENTATION_STYLE_ASSIGNMENT (( #2540 ) ) ;
#4269 = CIRCLE ( 'NONE', #2339, 2.599999999999991207 ) ;
#4270 = CIRCLE ( 'NONE', #1982, 1.549999999999995826 ) ;
#4271 = AXIS2_PLACEMENT_3D ( 'NONE', #3742, #1045, #3435 ) ;
#4272 = CARTESIAN_POINT ( 'NONE',  ( -79.00000000000000000, 5.000000000000000000, -100.0000000000000000 ) ) ;
#4273 = VECTOR ( 'NONE', #2656, 1000.000000000000000 ) ;
#4274 = CARTESIAN_POINT ( 'NONE',  ( -40.40000000000001990, 5.000000000000000000, -7.500000000000069278 ) ) ;
#4275 = VERTEX_POINT ( 'NONE', #985 ) ;
#4276 = ADVANCED_FACE ( 'NONE', ( #2340 ), #656, .F. ) ;
#4277 = EDGE_LOOP ( 'NONE', ( #1706, #4022 ) ) ;
#4278 = AXIS2_PLACEMENT_3D ( 'NONE', #2123, #1109, #4208 ) ;
#4279 = ORIENTED_EDGE ( 'NONE', *, *, #3071, .T. ) ;
#4280 = DIRECTION ( 'NONE',  ( 1.000000000000000000, 0.000000000000000000, -3.154042683594193641E-16 ) ) ;
#4281 = APPLICATION_PROTOCOL_DEFINITION ( 'draft international standard', 'automotive_design', 1998, #4408 ) ;
#4282 = DIRECTION ( 'NONE',  ( 0.000000000000000000, 0.000000000000000000, -1.000000000000000000 ) ) ;
#4283 = EDGE_CURVE ( 'NONE', #258, #1166, #4127, .T. ) ;
#4284 = EDGE_CURVE ( 'NONE', #3845, #1917, #1837, .T. ) ;
#4285 = LINE ( 'NONE', #1866, #1264 ) ;
#4286 = ORIENTED_EDGE ( 'NONE', *, *, #1214, .T. ) ;
#4287 = EDGE_CURVE ( 'NONE', #4107, #3244, #2046, .T. ) ;
#4288 = DIRECTION ( 'NONE',  ( 0.000000000000000000, 1.000000000000000000, 0.000000000000000000 ) ) ;
#4289 = CARTESIAN_POINT ( 'NONE',  ( 1.550000000000004263, -5.000000000000000000, -100.5000000000000000 ) ) ;
#4290 = VERTEX_POINT ( 'NONE', #1777 ) ;
#4291 = ORIENTED_EDGE ( 'NONE', *, *, #851, .T. ) ;
#4292 = CARTESIAN_POINT ( 'NONE',  ( -75.00000000000000000, 5.000000000000000000, 9.999999999999953815 ) ) ;
#4293 = CARTESIAN_POINT ( 'NONE',  ( 40.40000000000000568, 0.000000000000000000, -103.0000000000000284 ) ) ;
#4294 = LINE ( 'NONE', #1235, #699 ) ;
#4295 = DIRECTION ( 'NONE',  ( -0.000000000000000000, 1.000000000000000000, -0.000000000000000000 ) ) ;
#4296 = DIRECTION ( 'NONE',  ( -1.000000000000000000, -0.000000000000000000, -0.000000000000000000 ) ) ;
#4297 = ORIENTED_EDGE ( 'NONE', *, *, #2066, .T. ) ;
#4298 = EDGE_LOOP ( 'NONE', ( #1836, #455, #3016, #1851, #1793, #194, #4026, #3906 ) ) ;
#4299 = ORIENTED_EDGE ( 'NONE', *, *, #3323, .F. ) ;
#4300 = EDGE_CURVE ( 'NONE', #1642, #2185, #4269, .T. ) ;
#4301 = DIRECTION ( 'NONE',  ( 1.000000000000000000, 0.000000000000000000, 0.000000000000000000 ) ) ;
#4302 = DIRECTION ( 'NONE',  ( -2.040851148208009970E-16, 0.000000000000000000, -1.000000000000000000 ) ) ;
#4303 = FACE_OUTER_BOUND ( 'NONE', #3550, .T. ) ;
#4304 = VECTOR ( 'NONE', #4010, 1000.000000000000114 ) ;
#4305 = VERTEX_POINT ( 'NONE', #448 ) ;
#4306 = CARTESIAN_POINT ( 'NONE',  ( -76.99999999999998579, 22.50000000000000000, -100.0000000000000000 ) ) ;
#4307 = DIRECTION ( 'NONE',  ( 0.000000000000000000, 0.000000000000000000, -1.000000000000000000 ) ) ;
#4308 = ORIENTED_EDGE ( 'NONE', *, *, #3188, .T. ) ;
#4309 = ORIENTED_EDGE ( 'NONE', *, *, #1444, .T. ) ;
#4310 = DIRECTION ( 'NONE',  ( -0.000000000000000000, -1.000000000000000000, -0.000000000000000000 ) ) ;
#4311 = CARTESIAN_POINT ( 'NONE',  ( 72.99999999999998579, 5.000000000000000000, -105.0000000000000142 ) ) ;
#4312 =( NAMED_UNIT ( * ) SI_UNIT ( $, .STERADIAN. ) SOLID_ANGLE_UNIT ( ) );
#4313 = B_SPLINE_CURVE_WITH_KNOTS ( 'NONE', 3,
 ( #4084, #4105, #2115, #2379, #2399, #3770, #3484, #387, #4155, #2756, #4131, #3821, #1205, #3596, #1227, #3171 ),
 .UNSPECIFIED., .F., .F.,
 ( 4, 2, 2, 2, 2, 2, 2, 4 ),
 ( 6.938893903907228378E-18, 0.002312349122450233115, 0.003468523683675338396, 0.004624698244900442810, 0.006937047367350671588, 0.008093221928575776436, 0.008671309209188326692, 0.009249396489800875212 ),
 .UNSPECIFIED. ) ;
#4314 = LINE ( 'NONE', #613, #702 ) ;
#4315 = DIRECTION ( 'NONE',  ( 0.000000000000000000, 0.000000000000000000, 1.000000000000000000 ) ) ;
#4316 = EDGE_LOOP ( 'NONE', ( #3112, #434, #1447, #57 ) ) ;
#4317 = ORIENTED_EDGE ( 'NONE', *, *, #2433, .F. ) ;
#4318 = ORIENTED_EDGE ( 'NONE', *, *, #233, .F. ) ;
#4319 = DIRECTION ( 'NONE',  ( 0.000000000000000000, 0.000000000000000000, 1.000000000000000000 ) ) ;
#4320 = DIRECTION ( 'NONE',  ( -0.000000000000000000, 1.000000000000000000, -0.000000000000000000 ) ) ;
#4321 = DIRECTION ( 'NONE',  ( -0.000000000000000000, 1.000000000000000000, -0.000000000000000000 ) ) ;
#4322 = EDGE_LOOP ( 'NONE', ( #1202, #3972, #754 ) ) ;
#4323 = DIRECTION ( 'NONE',  ( 0.000000000000000000, 0.000000000000000000, 1.000000000000000000 ) ) ;
#4324 = DIRECTION ( 'NONE',  ( 0.000000000000000000, 0.000000000000000000, -1.000000000000000000 ) ) ;
#4325 = VERTEX_POINT ( 'NONE', #719 ) ;
#4326 = ORIENTED_EDGE ( 'NONE', *, *, #45, .T. ) ;
#4327 = EDGE_CURVE ( 'NONE', #2533, #2485, #3557, .T. ) ;
#4328 = LINE ( 'NONE', #4019, #2120 ) ;
#4329 = AXIS2_PLACEMENT_3D ( 'NONE', #423, #1780, #1451 ) ;
#4330 = CARTESIAN_POINT ( 'NONE',  ( 81.00000000000001421, 37.42339375865881124, -70.75000000000000000 ) ) ;
#4331 = DIRECTION ( 'NONE',  ( -0.000000000000000000, -1.000000000000000000, -0.000000000000000000 ) ) ;
#4332 = EDGE_CURVE ( 'NONE', #4068, #2317, #2129, .T. ) ;
#4333 = EDGE_CURVE ( 'NONE', #1116, #1564, #3053, .T. ) ;
#4334 = STYLED_ITEM ( 'NONE', ( #4268 ), #3087 ) ;
#4335 = AXIS2_PLACEMENT_3D ( 'NONE', #1071, #766, #37 ) ;
#4336 = CARTESIAN_POINT ( 'NONE',  ( -20.99999999999999645, 5.000000000000004441, -27.00000000000005329 ) ) ;
#4337 = CARTESIAN_POINT ( 'NONE',  ( 140.0000000000000853, 22.50000000000000000, -100.0000000000000000 ) ) ;
#4338 = AXIS2_PLACEMENT_3D ( 'NONE', #422, #4172, #2491 ) ;
#4339 = ORIENTED_EDGE ( 'NONE', *, *, #4063, .F. ) ;
#4340 = ORIENTED_EDGE ( 'NONE', *, *, #4202, .T. ) ;
#4341 = EDGE_LOOP ( 'NONE', ( #2768, #2891, #393, #1611, #3538 ) ) ;
#4342 = DIRECTION ( 'NONE',  ( 0.000000000000000000, 0.000000000000000000, 1.000000000000000000 ) ) ;
#4343 = VECTOR ( 'NONE', #1026, 1000.000000000000000 ) ;
#4344 = CARTESIAN_POINT ( 'NONE',  ( 43.00000000000000711, -16.20000000000000284, 34.49999999999993605 ) ) ;
#4345 = PLANE ( 'NONE',  #983 ) ;
#4346 = CIRCLE ( 'NONE', #2992, 1.549999999999995826 ) ;
#4347 = VECTOR ( 'NONE', #4108, 1000.000000000000114 ) ;
#4348 = ORIENTED_EDGE ( 'NONE', *, *, #2654, .T. ) ;
#4349 = CARTESIAN_POINT ( 'NONE',  ( -53.49999999999996447, 5.000000000000000000, 102.9999999999999289 ) ) ;
#4350 = DIRECTION ( 'NONE',  ( 0.000000000000000000, 0.000000000000000000, 1.000000000000000000 ) ) ;
#4351 = ORIENTED_EDGE ( 'NONE', *, *, #4146, .F. ) ;
#4352 = ORIENTED_EDGE ( 'NONE', *, *, #3543, .F. ) ;
#4353 = CARTESIAN_POINT ( 'NONE',  ( 75.00000000000001421, 17.00000000000000000, -80.00000000000000000 ) ) ;
#4354 = EDGE_CURVE ( 'NONE', #1861, #3511, #997, .T. ) ;
#4355 = DIRECTION ( 'NONE',  ( 9.376883653928692294E-17, 0.000000000000000000, 1.000000000000000000 ) ) ;
#4356 = ORIENTED_EDGE ( 'NONE', *, *, #3729, .T. ) ;
#4357 = DIRECTION ( 'NONE',  ( -0.000000000000000000, -1.000000000000000000, -0.000000000000000000 ) ) ;
#4358 = EDGE_CURVE ( 'NONE', #1812, #391, #2442, .T. ) ;
#4359 = CARTESIAN_POINT ( 'NONE',  ( 75.00000000000000000, 5.000000000000000000, -102.0499999999999972 ) ) ;
#4360 = FACE_OUTER_BOUND ( 'NONE', #804, .T. ) ;
#4361 = ORIENTED_EDGE ( 'NONE', *, *, #303, .T. ) ;
#4362 = DIRECTION ( 'NONE',  ( 0.000000000000000000, 0.000000000000000000, 1.000000000000000000 ) ) ;
#4363 = ORIENTED_EDGE ( 'NONE', *, *, #4332, .T. ) ;
#4364 = DIRECTION ( 'NONE',  ( 1.000000000000000000, 0.000000000000000000, -3.154042683594193641E-16 ) ) ;
#4365 = DIRECTION ( 'NONE',  ( 0.000000000000000000, 1.000000000000000000, 0.000000000000000000 ) ) ;
#4366 = VECTOR ( 'NONE', #494, 1000.000000000000000 ) ;
#4367 = DIRECTION ( 'NONE',  ( -0.7071067811865405783, -0.7071067811865545671, 0.000000000000000000 ) ) ;
#4368 = ORIENTED_EDGE ( 'NONE', *, *, #1225, .T. ) ;
#4369 = CIRCLE ( 'NONE', #950, 2.000000000000001776 ) ;
#4370 = DIRECTION ( 'NONE',  ( 1.000000000000000000, 0.000000000000000000, 0.000000000000000000 ) ) ;
#4371 = LINE ( 'NONE', #295, #281 ) ;
#4372 = AXIS2_PLACEMENT_3D ( 'NONE', #999, #2015, #3783 ) ;
#4373 = ORIENTED_EDGE ( 'NONE', *, *, #345, .T. ) ;
#4374 = DIRECTION ( 'NONE',  ( -0.000000000000000000, 1.000000000000000000, -0.000000000000000000 ) ) ;
#4375 = ADVANCED_FACE ( 'NONE', ( #377 ), #1728, .F. ) ;
#4376 = DIRECTION ( 'NONE',  ( -1.000000000000000000, 0.000000000000000000, 9.376883653928692294E-17 ) ) ;
#4377 = ORIENTED_EDGE ( 'NONE', *, *, #403, .F. ) ;
#4378 = VERTEX_POINT ( 'NONE', #1708 ) ;
#4379 = EDGE_CURVE ( 'NONE', #1289, #1716, #214, .T. ) ;
#4380 = EDGE_CURVE ( 'NONE', #1383, #2214, #2838, .T. ) ;
#4381 = CARTESIAN_POINT ( 'NONE',  ( -75.00000000000000000, 5.000000000000000000, 9.999999999999953815 ) ) ;
#4382 = VERTEX_POINT ( 'NONE', #15 ) ;
#4383 = CARTESIAN_POINT ( 'NONE',  ( 75.00000000000001421, 37.42339375865881124, -73.75000000000000000 ) ) ;
#4384 = ORIENTED_EDGE ( 'NONE', *, *, #2433, .T. ) ;
#4385 = DIRECTION ( 'NONE',  ( 0.000000000000000000, 0.000000000000000000, 1.000000000000000000 ) ) ;
#4386 = CARTESIAN_POINT ( 'NONE',  ( 81.00000000000000000, 30.51492707152537065, -98.34041587281916463 ) ) ;
#4387 = EDGE_CURVE ( 'NONE', #2546, #3353, #3415, .T. ) ;
#4388 = CYLINDRICAL_SURFACE ( 'NONE', #3122, 1.500000000000001332 ) ;
#4389 = EDGE_CURVE ( 'NONE', #4325, #483, #105, .T. ) ;
#4390 = EDGE_CURVE ( 'NONE', #2285, #482, #3632, .T. ) ;
#4391 = EDGE_CURVE ( 'NONE', #4325, #807, #3788, .T. ) ;
#4392 = EDGE_LOOP ( 'NONE', ( #588, #4005, #1263, #3522 ) ) ;
#4393 = FACE_BOUND ( 'NONE', #3643, .T. ) ;
#4394 = CARTESIAN_POINT ( 'NONE',  ( -73.00000000000001421, 0.000000000000000000, 76.99999999999992895 ) ) ;
#4395 = EDGE_LOOP ( 'NONE', ( #125, #3797, #3566, #825 ) ) ;
#4396 = DIRECTION ( 'NONE',  ( 0.000000000000000000, 0.000000000000000000, -1.000000000000000000 ) ) ;
#4397 = CARTESIAN_POINT ( 'NONE',  ( -79.00000000000001421, 0.000000000000000000, -60.00000000000000711 ) ) ;
#4398 = ORIENTED_EDGE ( 'NONE', *, *, #631, .T. ) ;
#4399 = AXIS2_PLACEMENT_3D ( 'NONE', #603, #1664, #4053 ) ;
#4400 = CYLINDRICAL_SURFACE ( 'NONE', #3275, 2.599999999999984102 ) ;
#4401 = EDGE_LOOP ( 'NONE', ( #4249, #2782, #3294, #2449 ) ) ;
#4402 = FACE_OUTER_BOUND ( 'NONE', #2549, .T. ) ;
#4403 = ORIENTED_EDGE ( 'NONE', *, *, #1172, .T. ) ;
#4404 = CYLINDRICAL_SURFACE ( 'NONE', #3164, 2.000000000000001776 ) ;
#4405 = FACE_BOUND ( 'NONE', #4416, .T. ) ;
#4406 = AXIS2_PLACEMENT_3D ( 'NONE', #964, #3319, #1915 ) ;
#4407 = DIRECTION ( 'NONE',  ( 1.387778780781444413E-14, 0.000000000000000000, 1.000000000000000000 ) ) ;
#4408 = APPLICATION_CONTEXT ( 'automotive_design' ) ;
#4409 = EDGE_CURVE ( 'NONE', #1668, #40, #83, .T. ) ;
#4410 = VERTEX_POINT ( 'NONE', #2461 ) ;
#4411 = CIRCLE ( 'NONE', #2273, 1.549999999999995826 ) ;
#4412 = DIRECTION ( 'NONE',  ( 0.000000000000000000, 1.000000000000000000, 0.000000000000000000 ) ) ;
#4413 = CARTESIAN_POINT ( 'NONE',  ( 75.00000000000000000, 22.50000000000000355, -80.00000000000001421 ) ) ;
#4414 = VECTOR ( 'NONE', #3396, 1000.000000000000000 ) ;
#4415 = AXIS2_PLACEMENT_3D ( 'NONE', #2166, #2427, #458 ) ;
#4416 = EDGE_LOOP ( 'NONE', ( #2852, #871, #609, #4169 ) ) ;
ENDSEC;
END-ISO-10303-21;
